type,name
rawfile,#techsets_mp_frontendc3s5
keyvaluepairs,#techsets_mp_frontendc3s5
vertexshader,#0abe6170a9213de1c8f17903b9ba644b
vertexshader,#12b5eebd1b97e4bb8316abfee8075808
vertexshader,#16d6549125455857bee81f4f6a163b6f
vertexshader,#17b3602d20a189a304c557ae4b1107d5
vertexshader,#259b78b64093617e3a053b4cdfe28b21
vertexshader,#3831f12ecf09fe5c1a0c965b1baada9c
vertexshader,#3d5abe4031660c416105dbcef73de73b
vertexshader,#409df0ee8e6a052fb36504518171287c
vertexshader,#4a05b9a792dc4ff7755c0dfb0726b2e5
vertexshader,#4cc8601fac7c5b3d23d33929708d4ebd
vertexshader,#51cab97a8d6050cbabda8da095220ac0
vertexshader,#53f3808a491a592e425616c399dcb657
vertexshader,#541732da2da8489b344a8561e17a90eb
vertexshader,#597fce7114cf03652619ea52504216b1
vertexshader,#5b29c76f0c2a63dc9e83b793d4d89207
vertexshader,#5f343d33f8b4215e87aaf08cd2f9c708
vertexshader,#675b5b5b32778c65efc142db7a5a6b15
vertexshader,#6b28c7d9c3ad7a9ba300c0f867b3484d
vertexshader,#7431e062ee64e23c260cb36c26eee2bf
vertexshader,#87b68b07c20d0103daa91b4ff4fd97a8
vertexshader,#8b072d17feb5473a4c3e4e747bfa5ccd
vertexshader,#941dc6816f1f9ebb2a969933f8674f87
vertexshader,#96e8ebea990ced5d4240e1f66900c2e4
vertexshader,#9c75970fabb61497dbf5410f3a71c4f7
vertexshader,#a08078e5826a86b200bac6d22de91920
vertexshader,#a20bff354f2d8fe68f30bf59dcfbd89a
vertexshader,#a3d228512c3f5b9d13ca8f8dd3cdf8ea
vertexshader,#a464624592df31752457ee3444dae0cd
vertexshader,#a77c20f5cc33b26a18d7ab644911b3a0
vertexshader,#a9c775f066c9454575407714d0340cea
vertexshader,#aa36fa0b6d8ce117efe05d7b7b205db1
vertexshader,#aa4f5ed0b122661462ab822c37cbee65
vertexshader,#b7dcf4731f9ec1ad4f34d5c1ef38cab9
vertexshader,#be18973b09484a7b08f5eaf7f8403fe8
vertexshader,#ccf488578784d382becf5ae40a2797f2
vertexshader,#ccf50b18f32e428ece8d27005dd8c9c8
vertexshader,#dd5cc1663c423cae7daed895e95e522f
vertexshader,#e4db2f20a55fe6dc0cb6cc6e9fc42c76
vertexshader,#e73d690a5391b5f9b581af1820254f0d
vertexshader,#eaa3149a68c2ef21adf774f845741461
vertexshader,#eddd7717ce3ce3dd2fec53e980d39ead
vertexshader,#f3231bb607ff4bde4e2b8be2ac543d1b
vertexshader,#fbbbef362c8de1fef61d6e76bdea52ae
vertexshader,#fc372c81e2b569c02a1048f8310fac0f
domainshader,#9ffc13df6c6081d5c9a4f72836cd4292
pixelshader,#00f748822de0c70771401dfb3aa7f7be
pixelshader,#0188d8a0523bbfdca28b8030a277cfe8
pixelshader,#01b14e6f6be8efcde6a76055bbf557d6
pixelshader,#02c6d6e5b366409898a5f9bf9b44328d
pixelshader,#03b93a3a5b476a7b1cace0395f43220e
pixelshader,#041fbc55c2d04ee674963edb452d7260
pixelshader,#05eb115b05f1737cece2b31fa42d97aa
pixelshader,#0bc7eb5bc942b5d6134f83613168eea9
pixelshader,#10575a6014fa94473213b5f00e8f3051
pixelshader,#11a1faf2f2192824f38facdf2e44db02
pixelshader,#13770d179c0ce84dfbbf9908d081e1b4
pixelshader,#146f9b56cd359222c6957df3c0d515b7
pixelshader,#14d7a563fe93cdbe5bceac849a0738a6
pixelshader,#152af40c8c0ade38f10b14ccabde0665
pixelshader,#17bfb6b52f305e605c7f6af411d9f266
pixelshader,#19012ec1417aea578cbd2aad3ecbc4e7
pixelshader,#196015daae7a77e67ca9dbb698b1ce1e
pixelshader,#1d47a81bb49183af387fba067c037e8c
pixelshader,#1f0c713210d95661ffe850523af900b6
pixelshader,#210513f6fad05dc5047948d2463eb71c
pixelshader,#210513f6fad05dc5049303c759c84661
pixelshader,#210513f6fad05dc5ecc7ef73e5e72337
pixelshader,#23af752e92b56079e6850e9c4ce90c51
pixelshader,#2be4a7806469b956ec8a38051deec40b
pixelshader,#305a07db5f454f9be01d32890a8065ef
pixelshader,#306f3c9adc0b773f8105b902d82ce69f
pixelshader,#30e30aa8035b4f41ce52f045582ed854
pixelshader,#313c5b7e78bf387b5f24b01d52dd02ac
pixelshader,#35be8642e25cb5df9f2282c7d4014732
pixelshader,#39b41fa34391481abaa771cf02c1b7b6
pixelshader,#3c6ef434c7cd92d01256baec18672cba
pixelshader,#3ce71b02323ac2c966d2f93bc831ed6b
pixelshader,#3fcf34ed376739ce1833b9370c2d80d5
pixelshader,#40e7d80780c783749d54831674f5723c
pixelshader,#45db9bb0ad098a2b2704b3d4a635ffb0
pixelshader,#482840e8783d91c2dc6d9f387b26a028
pixelshader,#4975ffd8d0052a6eb22f536de032d44e
pixelshader,#4a9f43d0e42abb9c8ae8de27f25b2a72
pixelshader,#4c04202c3b22aab5a5142016a9de69ec
pixelshader,#4cc853bc0098c659c7e008c29e42a9e6
pixelshader,#5496cba0625a4ecdc4abc90b8cdf51b5
pixelshader,#5504253aeca5841442e213947519d238
pixelshader,#55b04470e74e4f2a746d7bb9c1e51e8a
pixelshader,#5bf8edc43830be76cd908cc135e48083
pixelshader,#5d4d35f0bf09aadcb95c097384c4371b
pixelshader,#5da44a83b40d95e7aca45af1c6278e85
pixelshader,#5e2e112517d4dc86f362e4bb6ba6858d
pixelshader,#5f513e2a68706292eeeff70124d0f096
pixelshader,#605f772fb550a5cdf0e59773cfd85a76
pixelshader,#60e4911b7991a7e162d85eb72147a2c2
pixelshader,#6159959fcaed72cc22882ae9764e3d88
pixelshader,#63516b5b40c6c4f3c139468c7b0723ad
pixelshader,#63c4edb21a160143e0d677bf5db93761
pixelshader,#653cac8de0f258c280236157085cd2d7
pixelshader,#6818b1cfdfb60d11e07dec70f109b104
pixelshader,#69c47ecf526f29346aadc7481c5e3572
pixelshader,#6d196d09966d7e9274963edb452d7260
pixelshader,#6d50c635d34fe8116d942d44f517b86a
pixelshader,#6de898f091f9cadcfe432aedd38f77fa
pixelshader,#6ebd2c000f21e4ac511eda26a9f2ce70
pixelshader,#71d28d07791a4e4a38079ef89a7fecf0
pixelshader,#75c3b020e837c0049840a998bc2fc293
pixelshader,#7a2b527e97460772898c36c6fa9b2464
pixelshader,#7d913a4ca083ea516d49fb963d6fd031
pixelshader,#82f41a0898268106a98c53731d66ca62
pixelshader,#84aa109a20250a80f2193ec404130e89
pixelshader,#8797856c1c3c753c2af456bf89b5bef7
pixelshader,#90b212c142ae68191af7109e598d17a8
pixelshader,#94fdfb9e976ed2ff60c0c93ef6bcb23d
pixelshader,#95b19b36c96f95e1b15590cc6890a4d9
pixelshader,#984df621078965ecbdbd1103043b407a
pixelshader,#9f69c9d70286b96beb940e5beafaafe0
pixelshader,#a0ecfdff7591246c255f8596e0f9c1f3
pixelshader,#a1491ac9b2d0082f8ce7ecebdbfdf533
pixelshader,#a2a602300cc2a6bffe44b8b985212aba
pixelshader,#a8e16c24c91ce5cd1eeb836f11ea72cd
pixelshader,#aaf2f1742b2cd186903f87232efbf071
pixelshader,#ab564e495e4f94302d007c292bebe37c
pixelshader,#abedd3872cf6b791fe44b8b985212aba
pixelshader,#ac116237a36e170651f2f97654e8cf34
pixelshader,#ac136f40077f7ba5e0050d4f9a144a39
pixelshader,#ae7c06c8a74a12c15e71ec7a7d219390
pixelshader,#b2148b0a7c90f399bee5e77ffd41900b
pixelshader,#b3118571b72d12e36191803e94618c32
pixelshader,#b43293e38ccdd0c01c70db2a30616647
pixelshader,#b4b5a0e9c13790a1af44c4602b74fdac
pixelshader,#b71f62ee88a69ee057cdcbadfa1f586a
pixelshader,#b7db039f57c5d8423303ab01f621d499
pixelshader,#b95ff8a12b94a9c88ef213bec7cdc894
pixelshader,#bf47620332948385d436cfa5673cd422
pixelshader,#c0d0c695d59b8fca8d3af68c3560f5d1
pixelshader,#c1221aa0da17505270b50718f1510acc
pixelshader,#c49504ad026c437e72d58dbb2a6fe3cd
pixelshader,#c6acfa1b0e95b6a97ba060663dd48d83
pixelshader,#cecdf1ada80db4edaf007a9484f3eeef
pixelshader,#cf0eda13cf5209a467f09981b36c23dd
pixelshader,#cf2156dceb3080a7c17c942c0b5ed582
pixelshader,#d0c89bef9800c95ea751ea9cf3643bce
pixelshader,#d166b6c1bda99d040c6616ac4916fc89
pixelshader,#d1a27e1393468dd14a7dcf7bd64bce86
pixelshader,#d56dc438db8bfc67a72e4f0470a8b03b
pixelshader,#d64f3f32bd297e1536afc75894cd4508
pixelshader,#dbd981f7ef8de302e23dc3c099085792
pixelshader,#df213fe4723edd614a7dcf7bd64bce86
pixelshader,#df65c2c218f0e704fb9780cd6de1283c
pixelshader,#e00f9fb87b4c090a010dd4478e5b7fff
pixelshader,#e1ecda4640724e484a44809e1c7c4dfe
pixelshader,#e32a0d9f50c40c2cf283b6be7dc66f50
pixelshader,#e340f54d3f513ac8d1c845d361726f1f
pixelshader,#e4062ec2414bf9f356035cf6a50bb049
pixelshader,#e4c9ebd12382587af3666cb892ad7f07
pixelshader,#e503d0064182353fe2b2d35f31715b73
pixelshader,#e5cc1e1ea25222d3772aabe71699ff43
pixelshader,#e6279faf1a3e1038ea13d02bbda5519b
pixelshader,#e66416b95dcb0bfbea07941624e69e4c
pixelshader,#e6ae5129e12f8fce5b19103dcc9a29ac
pixelshader,#e6db8ccd3c08267f5a937c109bb08232
pixelshader,#e70eccd69b405b1fd84bf4c8159925e8
pixelshader,#ea2dbc687801945fa931c7039933576d
pixelshader,#eb39ea235ea5c3312704b3d4a635ffb0
pixelshader,#eb548da4b9b5068beaac716474317786
pixelshader,#eb60b4d9b3bcf85c451c524ce1fb31be
pixelshader,#ec0fcabee196fa58e38dc695bb34462f
pixelshader,#ef4f96cb12694532a6a07cfb126d0b99
pixelshader,#f0aba1d024c40bc0746d7bb9c1e51e8a
pixelshader,#f1d48df5d2746172e9871db8c02f06b7
pixelshader,#f24acf136196751423374af453eef70a
pixelshader,#f3af96f3b817a9dedab2e92cf30749d8
pixelshader,#f3e090111990d86a2780a30a8c025e7c
pixelshader,#f5f6c8ea3e2182ff9623d6e6f4d233e9
pixelshader,#f82fc5cb1163b0e9a28b8030a277cfe8
pixelshader,#fc2aeb58ad1815ff8fe89036f25b95d5
techset,#ecf/unlit_6_effect_bad_ta0_200000000000802_4_0_1_0_0_0_100020023_0_0_2_0_0
techset,#ecf/unlit_6_effect_bad_ta0_200000000000802_80004_0_1_0_0_0_100020023_0_0_2_0_0
vertexshader,#70c4c1e13b93223e13999a9198a48f3b
pixelshader,#b5f7fb5d2710edea5e673dee4e5ada13
vertexshader,#dba706299d89c3c4cd71179b36839be7
techset,#elc/unlit_6_effect_bad_tca_200000000000802_1004_0_1_0_0_0_10004020b_0_0_3_0_0
vertexshader,#f262f9ca1b7cf13aa9d37e39c80cc44e
techset,#elcq/dist_10_distortion_rpl_ta0_0_10_0_0_0
techset,#elcq/dist_10_distortion_rpl_ta0_0_6_0_0_0
pixelshader,#b75961e02239de5337e7caf2d90309ed
techset,#elcq/dist_10_distortion_rpl_ta1_0_12_0_0_0
vertexshader,#99df01726a82041ece144ab3de661288
pixelshader,#e5e5b9171ff3183c7ef69b16bcc14603
vertexshader,#b37e994bcc49c35d4ea2d71b4eca0ccf
pixelshader,#6e4c4ec269490fbce5a645ed97dd0e62
techset,#elcq/unlit_6_effect_bad_ta0_200000000000802_1002_0_1_0_0_0_10000005b_0_0_2_0_0
pixelshader,#594f2c8315b90f990979b61bda930b4a
vertexshader,#09cdef0181e303ec11b08e6f991f4afa
pixelshader,#8a283f48da0c42b9e83416581fcc96fc
techset,#elcq/unlit_6_effect_bad_ta0_200000000000802_1004_0_1_0_0_0_100020023_0_0_2_0_0
vertexshader,#35a93c398eea9dab9aa7bed8e55a5f7d
pixelshader,#39f640131e00b927d82745bcbaf2203f
techset,#elcq/unlit_6_effect_bad_ta0_200000000000802_1006_0_1_0_0_0_10000021b_0_0_2_0_0
vertexshader,#1aea9506a73e88199c04e07d9af0d384
vertexshader,#51ffac410cf5749cf071f3fa8b6d4f92
pixelshader,#a415cf642141620af04c3f6c1cf694f4
techset,#elcq/unlit_6_effect_bad_ta0_200000000000802_24_0_1_0_0_0_100020023_0_0_2_0_0
vertexshader,#52638e629387f7bceb7d1a427bce683d
pixelshader,#9fb7a6f8952aadc51ee79ee31d9e5187
vertexshader,#411db30c4eb03363afdcfb2ae07d73e8
techset,#elcq/unlit_6_effect_bad_ta0_200000000000802_3004_0_1_0_0_0_10002022b_0_0_2_0_0
vertexshader,#92fde52d3958d821902d8b0404269c8f
vertexshader,#474f1c8f740116cbd38feed5eb37c81e
techset,#elcq/unlit_6_effect_bad_ta0_200000000000802_3004_0_1_0_0_0_10004020b_0_0_2_0_0
vertexshader,#e0017da2adf3c5f31849adebd350dc31
techset,#elcq/unlit_6_effect_bad_tca_200000000000802_10004_0_1_0_0_0_10004020b_0_0_3_0_0
techset,#elcq/unlit_6_effect_bad_tca_200000000000802_1004_0_1_0_0_0_100040023_0_0_3_0_0
vertexshader,#60ff8cde6aea032ce7cae0582b1657b3
pixelshader,#38c18eae8c24b40e46aca9a13f38511a
techset,#elcq/unlit_6_effect_bad_tca_200000000000802_1024_0_1_0_0_0_10004020b_0_0_3_0_0
vertexshader,#e6940f1860860821c5aeffad74decc86
pixelshader,#94865b6eb11c9002bc5c8b9ccb00c447
vertexshader,#e8f1f08cc96536214f3f8b25e3bfc3c9
techset,#elcq/unlit_6_effect_bad_tca_200000000000802_3004_0_1_0_0_0_100040023_0_0_3_0_0
pixelshader,#8643326fe88eb3541256baec18672cba
techset,#elcq/unlit_6_effect_bad_tca_200000000000802_3024_0_1_0_0_0_10006022b_0_0_3_0_0
pixelshader,#a0fcd181f433eefb2d007c292bebe37c
techset,#elcq/unlit_6_effect_bad_tca_200000000000802_b024_0_1_0_0_0_100060023_0_0_3_0_0
vertexshader,#8038b5dedb2d4d6be5444406bcb780f9
pixelshader,#10bcfde531d592e741cab44eb5bc0613
vertexshader,#4291e924ba893944bded34f6e47cae5b
pixelshader,#9e7555fda8ebbfe7fb4bcea45ede1107
vertexshader,#5ba205b352613b164b16f2983449ee55
vertexshader,#52c79f423a32f389f1fad8559e75242f
pixelshader,#null.hlsl
vertexshader,#214b211934540e59d3643a3a04b43d84
vertexshader,#aacac813b5cb415b6c2e1dc1677567b8
pixelshader,#4c7b8d0ac2005035ee231c431edb1b1d
pixelshader,#84bce0670af11fc19984fdd21b03c6ff
vertexshader,#e74e25a4ec6bb10df1fad8559e75242f
vertexshader,#78e977dfc4159582562f1bf5ef9f5ac2
techset,#m2co/lit_3_lit_rpl_ta1_200000040800000_1002000000000010_0_3_1_0_0_13810015b_0_0_1_0_0_0_0_38100157_3_1_2_0_0_0_0_3818015f_0_1_2_0_0
techset,#m2co/lit_3_lit_rpl_ta1_200000040800000_3002000000000010_0_3_1_0_0_13810015b_0_0_1_0_0_0_0_3810015b_0_0_2_0_0_0_0_3818017b_0_1_2_0_0
vertexshader,#b1c29c0123d2f1096b630807c263efa8
pixelshader,#60b39a401c925c89db0c09b2f1e78edc
techset,#m2co/lit_3_lit_rpl_ta1_200000040800800_1002000000000010_0_1_1_0_0_13810015b_0_0_1_0_0
techset,#m2co/lit_3_lit_rpl_ta1_200000040800800_1002000000000010_0_3_1_0_0_13810015b_0_0_1_0_0_0_0_3810015f_0_0_2_0_0_0_0_3818015f_0_0_2_0_0
vertexshader,#c472cd395fe5c0412ecfc0d0fecb5499
techset,#m2o/lit_3_lit_bad_ta1_200000040000802_1042000000001010_0_1_1_0_0_13810035b_0_0_1_0_0
vertexshader,#7259e81bf5fee9ebdd66c58c75ef6144
techset,#m2o/lit_3_lit_bad_tca_200000040810002_1002000000000010_0_1_1_0_0_13810015b_0_0_3_0_0
vertexshader,#86247b3b286c61e760c94cbe3c728f7b
techset,#m2o/lit_3_lit_bad_tca_200000040a98804_1042000000000010_0_1_1_0_0_13814417b_0_0_3_0_0
techset,#m2o/lit_3_lit_bar_ta1_200000040000802_1042000000081010_0_1_1_0_0_13810075b_0_0_1_0_0
techset,#m2o/lit_3_lit_rpl_ta1_200000040800000_1002000000000010_0_2_1_0_0_13810015b_0_0_1_0_0_0_0_3810015f_0_1_2_0_0
vertexshader,#088afcd65d9865343a69c67f57ff6439
techset,#m2o/lit_3_lit_rpl_ta1_200000040800000_1002000000000010_0_3_1_0_0_13810015b_0_0_1_0_0_0_0_38100157_3_1_2_0_0_0_0_3818015f_0_1_2_0_0
techset,#m2o/lit_3_lit_rpl_ta1_200000040800000_3002000000000010_0_3_1_0_0_13810015b_0_0_1_0_0_0_0_3810015b_0_0_2_0_0_0_0_3818017b_0_1_2_0_0
techset,#m2o/lit_3_lit_rpl_ta1_200000040800000_3002000000000010_0_3_1_0_0_13810015b_0_0_1_0_0_0_0_3810015b_0_2_2_0_0_0_0_3818015b_0_0_2_0_0
techset,#m2o/lit_3_lit_rpl_ta1_200000040800000_3002000000000010_0_4_1_0_0_13810015b_0_0_1_0_0_0_0_3810015b_0_0_2_0_0_0_0_3810015b_0_1_2_0_0_0_0_3810015b_0_1_2_0_0
techset,#m2o/lit_3_lit_rpl_ta1_200000040800000_3002000000000010_0_4_1_0_0_13810015b_0_0_1_0_0_0_0_3810015b_0_0_2_0_0_0_0_3810015b_0_2_2_0_0_0_0_3818015b_0_0_2_0_0
pixelshader,#e7ac3f3582db13f6f3e2390e04aa9598
pixelshader,#7c5177ff3fc40dd3a2b020acd339d9f4
pixelshader,#cf9508c8b4c48634f68ff7f10a023dc4
pixelshader,#ae8f002545ce7677771771c21c0cbb54
vertexshader,#be5ac50d5e9e2a1abb6d3c9fc7886ee9
techset,#m2o/lit_3_lit_rpl_ta1_200000040800040_1042000000000030_0_3_1_0_0_13814014b_0_0_1_0_0_0_0_7818015f_0_1_2_0_0_0_0_b818015f_0_1_2_0_0
techset,#m2o/lit_3_lit_rpl_ta1_200000040800080_3002000000000010_0_3_1_0_0_13810015b_0_0_1_0_0_0_0_3810015b_0_0_2_0_0_0_0_3810015b_0_0_2_0_0
techset,#m2o/lit_3_lit_rpl_ta1_200000040800080_3002000000000010_0_4_1_0_0_13810015b_0_0_1_0_0_0_0_3810015b_0_0_2_0_0_0_0_3810015b_0_0_2_0_0_0_0_3810015b_0_0_2_0_0
pixelshader,#8a7b870c6590ebc5a931c7039933576d
techset,#m2o/lit_3_lit_rpl_ta1_200000040800800_1002000000000010_0_1_1_0_0_13810015b_0_0_1_0_0
techset,#m2o/lit_3_lit_rpl_ta1_200000040800800_1002000000000010_0_2_1_0_0_13810015b_0_0_1_0_0_0_0_3810015f_0_0_2_0_0
techset,#m2o/lit_3_lit_rpl_ta1_200000040800800_1002000000000010_0_2_1_0_0_13810015b_0_0_1_0_0_0_0_3818014f_0_1_2_0_0
techset,#m2o/lit_3_lit_rpl_ta1_200000040800800_1002000000000010_0_2_1_0_0_13810015b_0_0_1_0_0_0_0_3818015f_0_0_2_0_0
techset,#m2o/lit_3_lit_rpl_ta1_200000040800800_1002000000000010_0_3_1_0_0_13810015b_0_0_1_0_0_0_0_3810015f_0_1_2_0_0_0_0_3818014f_0_0_2_0_0
techset,#m2o/lit_3_lit_rpl_ta1_200000040800800_184a000010000010_0_1_1_0_0_13812017b_0_0_1_0_0
techset,#m2o/lit_3_lit_rpl_ta1_200000040800800_3002000000000010_0_2_1_0_0_13810015b_0_0_1_0_0_0_0_3818015b_0_1_2_0_0
pixelshader,#9317db17474781f0233857ceedd7435c
techset,#m2o/lit_3_lit_rpl_ta1_200000040804000_1042000010000010_0_1_1_0_0_13810015b_0_0_1_0_0
pixelshader,#29730e0be8ebe9c54d610ff92ec90bdd
techset,#m2o/lit_3_lit_rpl_ta1_200000040804000_1042000010000010_0_1_1_0_0_13810017b_0_0_1_0_0
techset,#mco/lit_3_lit_bad_tca_200000040810002_1002000000000010_0_1_1_0_0_13810015b_0_0_3_0_0
techset,#mco/lit_3_lit_bad_tca_200000040810802_1002000000000010_0_2_1_0_0_13810015b_0_0_3_0_0_0_0_3810015f_0_0_2_0_0
techset,#mco/lit_3_lit_rpl_ta1_200000040800000_1002000000000010_0_3_1_0_0_13810015b_0_0_1_0_0_0_0_410005f_0_0_2_0_0_0_0_3810015f_0_2_2_0_0
techset,#mco/lit_3_lit_rpl_ta1_200000040800000_3002000000000010_0_3_1_0_0_13810015b_0_0_1_0_0_0_0_3810015b_0_0_2_0_0_0_0_3810015b_0_0_2_0_0
techset,#mco/lit_3_lit_rpl_ta1_200000040800040_1002000000000010_0_1_1_0_0_17814415b_0_0_1_0_0
techset,#mco/lit_3_lit_rpl_ta1_2000000408000c0_1002000000000010_0_1_1_0_0_17814415b_0_0_1_0_0
techset,#mco/lit_3_lit_rpl_ta1_200000040800800_1002000000000010_0_1_1_0_0_13810015b_0_0_1_0_0
techset,#mco/lit_3_lit_rpl_ta1_200000040800800_1002000000000010_0_2_1_0_0_13810015b_0_0_1_0_0_0_0_3810015f_0_0_2_0_0
techset,#mco/lit_3_lit_rpl_ta1_200000040800800_1002000006000010_0_1_1_0_0_13810015b_0_0_1_0_0
techset,#mco/lit_3_lit_rpl_ta1_200000040802000_1002000000000010_0_2_1_0_0_13810015b_0_0_1_0_0_0_0_3810015f_0_0_2_0_0
vertexshader,#ef4d9e982ba359e8459f629df0ab8f51
pixelshader,#ba02f1698b3db3b759496ba44d26ff85
vertexshader,#a7a2558b59e898504d34b5f8341bd9bb
pixelshader,#0b0687428b273e146dfd714512309221
vertexshader,#1f986667a25e651fdd9ec17f511bda4f
vertexshader,#a3da5532d404405ee449fdfab3be7efb
pixelshader,#51ba99c5528c3069253aecb9cd8787a8
vertexshader,#6dfef0d11d1920464b8c0547e8d7a900
pixelshader,#8415758d0f664d47d1091c500797dccb
vertexshader,#0cec893498c7d13a67a670dabc0b9d71
vertexshader,#e4a0caa2c8379f45e449fdfab3be7efb
techset,#mo/lit_3_lit_alt_ta1_200000040800800_184a000016000010_0_1_1_0_0_13830015b_0_0_1_0_0
pixelshader,#c2f691bcf7c582ffa8cd70d45d8222db
pixelshader,#b12fa0b4d4f76c44b2348da45ed47f1e
pixelshader,#259b1127a436c8516b0b45415a7a145a
pixelshader,#a5b75ce466c0491ec05e8ebb1ea9b334
pixelshader,#690facb3aee388fa6900500bbf6cb09d
pixelshader,#bd978fcbcc4c963060b11dda6a2a5bbb
techset,#mo/lit_3_lit_alt_ta1_200000040801000_1002000000000010_0_1_1_0_0_13830015b_0_0_1_0_0
techset,#mo/lit_3_lit_alt_ta1_200000040804000_1002000000000010_0_1_1_0_0_13870015b_0_0_1_0_0
techset,#mo/lit_3_lit_alt_ta1_200000040804000_1002000000000010_0_1_1_0_0_138f0015b_0_0_1_0_0
pixelshader,#e9022fbfd88cf6336524f3d20b71c89f
pixelshader,#783f2b72fe1945b9f7a4802c15736e47
pixelshader,#97a315c8a8f90b638a35be5ea39c06bd
pixelshader,#3a2c12bfd46d530f11874e4d8df46650
techset,#mo/lit_3_lit_alt_ta1_200000040808804_1002000000080010_0_1_1_0_0_13832016b_0_0_1_0_0
techset,#mo/lit_3_lit_alt_ta1_200000040808a00_1002000000000010_0_1_1_0_0_13830097b_0_0_1_0_0
techset,#mo/lit_3_lit_alt_ta1_200000040809000_1002000000000030_0_1_1_0_0_13830035b_0_0_1_0_0
pixelshader,#7b5848fe8608c93abee5e77ffd41900b
techset,#mo/lit_3_lit_alt_ta1_20000004080a404_1002000000000010_0_1_1_0_0_13870015b_0_0_1_0_0
techset,#mo/lit_3_lit_bad_ta1_200000040000002_1002000000000010_0_2_1_0_0_13810035b_0_0_1_0_0_0_0_3810035f_3_0_2_0_0
techset,#mo/lit_3_lit_bad_ta1_200000040000802_1002000000000010_0_1_1_0_0_13810015b_0_0_1_0_0
vertexshader,#be81c7be9e360bef70806df75d88ecb4
pixelshader,#bd1a544170995df6974d6a9ccf5ce39b
techset,#mo/lit_3_lit_bad_ta1_200000040000802_1042000000001011_0_1_1_0_0_13810035b_0_0_1_0_0
techset,#mo/lit_3_lit_bad_ta1_200000040008002_1002000000000010_0_1_1_0_0_13810015b_0_0_1_0_0
vertexshader,#9fafe0d3cce45a74c1903bb78435fdf7
techset,#mo/lit_3_lit_bad_ta1_200000040008404_1002000000080012_0_1_1_0_0_113810017b_0_0_1_0_0
techset,#mo/lit_3_lit_bad_tca_200000040000042_2000000000010_0_1_1_0_0_13874415b_0_0_3_0_0
techset,#mo/lit_3_lit_bad_tca_200000040000802_1042000010000015_0_1_1_0_0_13810035b_0_0_3_0_0
techset,#mo/lit_3_lit_bad_tca_200000040008802_1002001000000010_0_2_1_0_0_13810015b_0_0_3_6_0_0_1_10015b_0_0_2_0_0
techset,#mo/lit_3_lit_bad_tca_200000040008802_1002001000000010_0_2_1_0_0_13810015b_0_0_3_7_0_0_1_10015b_0_0_2_0_0
techset,#mo/lit_3_lit_bad_tca_200000040008802_1002001000000010_0_2_1_0_0_13810015b_0_0_3_8_0_0_1_10015b_0_0_2_0_0
techset,#mo/lit_3_lit_bad_tca_200000040008806_1002000000000010_0_1_1_0_0_13812016b_0_0_3_0_0
techset,#mo/lit_3_lit_bad_tca_200000040008806_1002000000080010_0_1_1_0_0_13812016b_0_0_3_0_0
pixelshader,#5d587a83de223a9fce52f045582ed854
techset,#mo/lit_3_lit_bad_tca_200000040802002_1002000000000010_0_1_1_0_0_13810015b_0_0_3_0_0
techset,#mo/lit_3_lit_bad_tca_200000040810002_1002000000000010_0_1_1_0_0_13810015b_0_0_3_0_0
techset,#mo/lit_3_lit_bad_tca_200000040810002_1002000000000010_0_1_1_0_0_13810017b_0_0_3_0_0
techset,#mo/lit_3_lit_bar_ta1_200000040000142_1002000000080013_0_1_1_0_0_113816437b_0_0_1_0_0
techset,#mo/lit_3_lit_bar_ta1_200000040000802_1042000000000010_0_1_1_0_0_13810075b_0_0_1_0_0
techset,#mo/lit_3_lit_bar_ta1_200000040000802_1042000000000011_0_1_1_0_0_13810035b_0_0_1_0_0
techset,#mo/lit_3_lit_rpl_ta1_200000040800000_1002000000000010_0_2_1_0_0_13810015b_0_0_1_0_0_0_0_3810015f_0_1_2_0_0
techset,#mo/lit_3_lit_rpl_ta1_200000040800000_1002000000000010_0_3_1_0_0_13810015b_0_0_1_0_0_0_0_3810015f_3_0_2_0_0_0_0_410005f_0_0_2_0_0
techset,#mo/lit_3_lit_rpl_ta1_200000040800000_1002000000000010_0_3_1_0_0_13810015b_0_0_1_0_0_0_0_410005f_0_0_2_0_0_0_0_3810015f_0_2_2_0_0
techset,#mo/lit_3_lit_rpl_ta1_200000040800000_1002000000080010_0_1_1_0_0_13810015b_0_0_1_0_0
techset,#mo/lit_3_lit_rpl_ta1_200000040800000_3002000000000010_0_3_1_0_0_13810015b_0_0_1_0_0_0_0_3810015b_0_0_2_0_0_0_0_3810015b_0_0_2_0_0
techset,#mo/lit_3_lit_rpl_ta1_200000040800040_1002000000000010_0_1_1_0_0_13814414b_0_0_1_0_0
techset,#mo/lit_3_lit_rpl_ta1_200000040800040_1002000000000010_0_1_1_0_0_17814415b_0_0_1_0_0
techset,#mo/lit_3_lit_rpl_ta1_200000040800040_1002000000000010_0_1_1_0_0_1b814415b_0_0_1_0_0
techset,#mo/lit_3_lit_rpl_ta1_200000040800400_1002000000000010_0_1_1_0_0_13810015b_0_0_1_0_0
techset,#mo/lit_3_lit_rpl_ta1_200000040800400_1002000000080010_0_1_1_0_0_13810015b_0_0_1_0_0
techset,#mo/lit_3_lit_rpl_ta1_200000040800800_1002000000000010_0_2_1_0_0_13810015b_0_0_1_0_0_0_0_3810015f_0_0_2_0_0
techset,#mo/lit_3_lit_rpl_ta1_200000040800800_1002000000000010_0_2_1_0_0_13810015b_0_0_1_0_0_0_0_3810015f_0_1_2_0_0
techset,#mo/lit_3_lit_rpl_ta1_200000040800800_1002000000080010_0_1_1_0_0_13810015b_0_0_1_0_0
techset,#mo/lit_3_lit_rpl_ta1_200000040800800_1002000006000010_0_1_1_0_0_13810015b_0_0_1_0_0
vertexshader,#8584302ed8d5f06dc212628ddbb7dfa9
pixelshader,#befc371a58fb5402afa73755c7eed66a
techset,#mo/lit_3_lit_rpl_ta1_200000040800800_1042000002000030_0_1_1_0_0_13810015b_0_0_1_0_0
techset,#mo/lit_3_lit_rpl_ta1_200000040800800_1042000006000010_0_1_1_0_0_13810015b_0_0_1_0_0
techset,#mo/lit_3_lit_rpl_ta1_200000040800800_180a000016000010_0_1_1_0_0_13810015b_0_0_1_0_0
pixelshader,#e42bef8d91c69cd82c03012395d4a030
techset,#mo/lit_3_lit_rpl_ta1_200000040800800_184a000010000010_0_1_1_0_0_13810015b_0_0_1_0_0
techset,#mo/lit_3_lit_rpl_ta1_200000040800800_3002000000000010_0_2_1_0_0_13810015b_0_0_1_0_0_0_0_3810015b_0_1_2_0_0
techset,#mo/lit_3_lit_rpl_ta1_200000040800800_3002000000000010_0_2_1_0_0_13810015b_0_0_1_0_0_0_0_3818015b_0_1_2_0_0
techset,#mo/lit_3_lit_rpl_ta1_200000040800800_3002000000000010_0_3_1_0_0_13810015b_0_0_1_0_0_0_0_3810015b_1_1_2_0_0_0_0_3810015b_0_1_2_0_0
techset,#mo/lit_3_lit_rpl_ta1_200000040800800_3002000000000010_0_4_1_0_0_13810015b_0_0_1_0_0_0_0_3810015b_1_1_2_0_0_0_0_3810015b_1_1_2_0_0_0_0_3810015b_1_1_2_0_0
techset,#mo/lit_3_lit_rpl_ta1_200000040800804_1002000000080010_0_1_1_0_0_13810015b_0_0_1_0_0
techset,#mo/lit_3_lit_rpl_ta1_200000040800804_1002000000080010_0_1_1_0_0_13812016b_0_0_1_0_0
techset,#mo/lit_3_lit_rpl_ta1_200000040800804_1002000000080010_0_1_1_0_0_13812017b_0_0_1_0_0
techset,#mo/lit_3_lit_rpl_ta1_200000040800840_1002000000000010_0_1_1_0_0_13814015b_0_0_1_0_0
techset,#mo/lit_3_lit_rpl_ta1_200000040800840_184a000016002010_0_1_1_0_0_1381441db_0_0_1_0_0
pixelshader,#08b2398ec5be00f82abeca86e64cfd47
techset,#mo/lit_3_lit_rpl_ta1_200000040800844_1042000000000010_0_1_1_0_0_13814414b_0_0_1_0_0
techset,#mo/lit_3_lit_rpl_ta1_200000040801000_1002000000000010_0_1_1_0_0_13810015b_0_0_1_0_0
techset,#mo/lit_3_lit_rpl_ta1_200000040801000_1042000010000010_0_1_1_0_0_13810075b_0_0_1_0_0
vertexshader,#bf605569b0f22654160c2c776b1345eb
pixelshader,#306525195d837707a0bb739a91d2ea54
techset,#mo/lit_3_lit_rpl_ta1_200000040801000_1042000011000010_0_1_1_0_0_13810035b_0_0_1_0_0
techset,#mo/lit_3_lit_rpl_ta1_200000040801000_184a000010000010_0_1_1_0_0_13810037b_0_0_1_0_0
pixelshader,#a681a732c9604b4a1be92a71aff24895
techset,#mo/lit_3_lit_rpl_ta1_200000040801000_184a000010000010_0_1_1_0_0_13814415b_0_0_1_0_0
techset,#mo/lit_3_lit_rpl_ta1_200000040801200_1002000000000010_0_1_1_0_0_13810015b_0_0_1_0_0
techset,#mo/lit_3_lit_rpl_ta1_200000040801400_1002000000000010_0_1_1_0_0_13810015b_0_0_1_0_0
techset,#mo/lit_3_lit_rpl_ta1_200000040802840_1002000000000010_0_1_1_0_0_13814015b_0_0_1_0_0
techset,#mo/lit_3_lit_rpl_ta1_200000040804000_1002000000000010_0_1_1_0_0_13810016b_0_0_1_0_0
techset,#mo/lit_3_lit_rpl_ta1_200000040804400_1002000000000010_0_1_1_0_0_13810015b_0_0_1_0_0
techset,#mo/lit_3_lit_rpl_ta1_200000040804400_3002000000000010_0_3_1_0_0_138100158_0_0_1_0_0_0_0_3810015b_0_1_2_0_0_0_0_3810015b_0_1_2_0_0
techset,#mo/lit_3_lit_rpl_ta1_200000040804400_3002000000000010_0_4_1_0_0_138100150_0_0_1_0_0_0_0_3810015b_0_1_2_0_0_0_0_38100158_0_1_2_0_0_0_0_38100158_0_1_2_0_0
techset,#mo/lit_3_lit_rpl_ta1_200000040804804_1002000000080010_0_1_1_0_0_13816417b_0_0_1_0_0
pixelshader,#ac6095165ae75a5576477bdf5bdc19cc
techset,#mo/lit_3_lit_rpl_ta1_200000040805000_1002000000000010_0_1_1_0_0_13810017b_0_0_1_0_0
pixelshader,#4d421a3042cd06d53d8bda4a6fb94647
pixelshader,#9d7d80fd607085b55ff2dc6d36392912
techset,#mo/lit_3_lit_rpl_ta1_200000040808800_1042000010000010_0_1_1_0_0_13810035b_0_0_1_0_0
techset,#mo/lit_3_lit_rpl_ta1_200000040808800_184a000010000010_0_1_1_0_0_13810015b_0_0_1_0_0
pixelshader,#403283c283c6b4b7486ca810680304fa
pixelshader,#ab059296035fcd920f89190c1e7549ef
pixelshader,#af2659ccc29457683837d686bc0eb85c
pixelshader,#3edcb548aac67f4a00678d86ebadd79f
techset,#mo/lit_3_lit_rpl_ta1_200000040808804_1002000000080010_0_1_1_0_0_13812016b_0_0_1_0_0
techset,#mo/lit_3_lit_rpl_tca_200000040809000_1002000000000010_0_1_1_0_0_13814015b_0_0_3_0_0
vertexshader,#cebefd8b2e9a0629b924049d6023382e
pixelshader,#3322ef9675f23b6819f1585c2add2f1a
techset,#mo/unlit_6_effect_bad_ta0_200000000004102_64_0_1_0_0_0_100000023_0_0_2_0_0
vertexshader,#fa0c6fef7f7c6d9893768df212066de9
vertexshader,#ce693409ec284c520597c9ae938e56ed
vertexshader,#592f4d8b8ec1eb03db5b1a2c6a92b045
vertexshader,#541080df6fde40b91f05caa502774e00
vertexshader,#0e4cbd1abbbd97feb5eb8956ed2c4958
vertexshader,#6c73eec4fa722d25d6bd4bdaae6ee258
vertexshader,#99d5042a217aeffc9bf1718c7575dcb7
hullshader,#f97c9bd5f0c601fda938ee5d4bd6be06
domainshader,#1c3ae6e9680cf8e217ef33a727504fdb
vertexshader,#99d5042a217aeffced4bb902ec8260d4
domainshader,#f2bf1e3106f3d656e38f27e61958da0a
vertexshader,#7c72676fb2715eb8c537af346646f28c
hullshader,#73e097b5d68b1ea07a947bac7b7f472f
domainshader,#68bc5da894fdbd11d8bd9ec60888c542
domainshader,#8df098acea8a3e3fc97aac829a0b96c3
domainshader,#e5ccd5e191b38278c590b615fdbf5ce7
domainshader,#e57afbb24c2e1d91abcdd5517d8e2def
vertexshader,#4d21e66de59bd56bbf6e17db297445b8
hullshader,#a9c02ae93447dd7b549aa0d268b7bcb8
techset,#msco/lit_3_lit_rpl_ta1_200000040802000_1002000000000010_0_1_1_0_0_13810015b_0_0_1_0_0
vertexshader,#724529c16710484aef1ced857780478a
vertexshader,#14c860c8cc5482eaf86b1223c45b5bfd
hullshader,#b5601f10093a4185e1be6b18f987c527
domainshader,#f602d2510c1182518fc5420e5d50b188
techset,#mso/lit_3_lit_rpl_ta1_200000040800800_1002000000000010_0_1_1_0_0_13810015b_0_0_1_0_0
vertexshader,#b428b28188527ccfb4523798da91fb1a
vertexshader,#ae91a69b80633b8c99b9251f39bf394e
techset,#tm2o/lit_3_lit_rpl_ta1_200000040800840_1042000010001030_0_3_1_0_0_13814415b_0_0_1_0_0_0_0_7818015f_0_1_2_0_0_0_0_b818015f_0_1_2_0_0
techset,#tml/lit_3_lit_rpl_ta1_200000040800800_100a000010000010_0_1_1_0_0_13810015b_0_0_1_0_0
techset,#tmo/lit_3_lit_alt_ta1_200000040808804_1002000000080010_0_1_1_0_0_13832016b_0_0_1_0_0
techset,#tmo/lit_3_lit_bad_tca_200000040008806_1002000000080010_0_1_1_0_0_13812016b_0_0_3_0_0
techset,#tmo/lit_3_lit_bar_tca_200000040000842_1042000010000011_0_1_1_0_0_13814435b_0_0_3_0_0
techset,#tmo/lit_3_lit_rpl_ta1_200000040800800_1002000000000010_0_1_1_0_0_13810015b_0_0_1_0_0
techset,#tmo/lit_3_lit_rpl_ta1_200000040800800_100a000010000010_0_2_1_0_0_13810015b_0_0_1_0_0_0_0_38100157_0_0_2_0_0
techset,#tmo/lit_3_lit_rpl_ta1_200000040800800_3002000001000010_0_3_1_0_0_13810015b_0_0_1_0_0_0_0_3810015b_0_1_2_0_0_0_0_3810015b_2_1_2_0_0
techset,#tmo/lit_3_lit_rpl_ta1_200000040800800_3002000012000030_0_2_1_0_0_13810015b_0_0_1_0_0_0_0_410005b_0_0_2_0_0
techset,#tmo/lit_3_lit_rpl_ta1_200000040800804_1002000000080010_0_1_1_0_0_13810015b_0_0_1_0_0
techset,#tmo/lit_3_lit_rpl_ta1_200000040800840_1042000010001030_0_3_1_0_0_13814415b_0_0_1_0_0_0_0_7818015f_0_1_2_0_0_0_0_b818015f_0_1_2_0_0
techset,#tmo/lit_3_lit_rpl_ta1_200000040800840_184a000010000010_0_1_1_0_0_13814415b_0_0_1_0_0
techset,#tmo/lit_3_lit_rpl_ta1_200000040800840_184a000010000030_0_3_1_0_0_13814415b_0_0_1_0_0_0_0_7818015f_0_1_2_0_0_0_0_b818015f_0_1_2_0_0
techset,#tmo/lit_3_lit_rpl_ta1_200000040800a00_1002000001000011_0_1_1_0_0_13810077b_0_0_1_0_0
techset,#tmo/lit_3_lit_rpl_ta1_200000040802000_1002000000000010_0_1_1_0_0_13810015b_0_0_1_0_0
techset,#tmo/lit_3_lit_rpl_ta1_200000040802800_1002000010000010_0_1_1_0_0_13814015b_0_0_1_0_0
techset,#tmo/lit_3_lit_rpl_ta1_200000040804000_1002000000000010_0_1_1_0_0_13810015b_0_0_1_0_0
techset,#tmo/lit_3_lit_rpl_ta1_200000040808804_1002000000080010_0_1_1_0_0_13812016b_0_0_1_0_0
techset,#tw/lit_3_lit_rpl_ta1_200000040801400_1002000000000012_0_1_1_0_0_113810015b_0_0_1_0_0
vertexshader,#c8fa16028f3bd3192f610cecaa3a9eb6
pixelshader,#d868df717f91cbfd1c6d78b236390f48
techset,#tw/lit_3_lit_rpl_ta1_200000040802000_1002000000000010_0_1_1_0_0_13810015b_0_0_1_0_0
techset,#tw/lit_3_lit_rpl_ta1_200000040802000_1002000000000010_0_2_1_0_0_13810014b_0_0_1_0_0_0_0_410005f_0_0_2_0_0
techset,#tw/lit_3_lit_rpl_ta1_200000040802400_1002000000000010_0_1_1_0_0_13810015b_0_0_1_0_0
techset,#tw/lit_3_lit_rpl_ta1_200000040804000_1002000000000010_0_1_1_0_0_13810014b_0_0_1_0_0
techset,#tw/lit_3_lit_rpl_ta1_200000040804000_1002000000000010_0_1_1_0_0_13810015b_0_0_1_0_0
techset,#tw/lit_3_lit_rpl_ta1_200000040804400_1002000000000010_0_1_1_0_0_13810015b_0_0_1_0_0
techset,#tw/sky_3_sky_rpl_ta1_0_16_0_0_0
techset,#tw/sky_3_sky_rpl_ta1_0_2_0_0_0
techset,#twc/lit_3_lit_bad_tca_200000040812002_1002000000000010_0_1_1_0_0_13810015b_0_0_3_0_0
techset,#twc/lit_3_lit_bad_tca_200000040814002_1002000000000010_0_1_1_0_0_13810015b_0_0_3_0_0
techset,#twc4/lit_3_lit_rpl_ta1_200000040801400_1002000000000012_0_2_2_0_0_113810015b_0_0_1_0_0_1_0_13810015b_0_0_3_0_0
techset,#twc4/lit_3_lit_rpl_ta1_200000040801400_1002000000000012_0_3_3_0_0_113810015b_0_0_1_0_0_1_0_13810015b_0_0_3_0_0_2_0_13810014b_0_0_3_0_0
techset,#twc4/lit_3_lit_rpl_ta1_200000040804400_1002000000000010_0_2_2_0_0_13810015b_0_0_1_0_0_1_0_13810015b_0_1_3_0_0
techset,#w/lit_3_lit_alt_ta1_200000040804000_1002000000000010_0_1_1_0_0_13830015b_0_0_1_0_0
techset,#w/lit_3_lit_bad_tca_200000040000007_1002000000080010_0_1_1_0_0_13812016b_0_0_3_0_0
techset,#w/lit_3_lit_bad_tca_200000040814002_1002000000000010_0_1_1_0_0_13810014b_0_0_3_0_0
vertexshader,#ef9988ef8e250025e5f07b5c8836a31a
vertexshader,#3e7980e156b216c71b761ca7e3e4c8da
pixelshader,#7efee39b8db7c7e289ed2126355f9e06
techset,#w/lit_3_lit_rpl_ta1_200000040800000_1002000000000010_0_1_1_0_0_13810015b_0_0_1_0_0
techset,#w/lit_3_lit_rpl_ta1_200000040800800_1002000000000010_0_1_1_0_0_13810015b_0_0_1_0_0
techset,#w/lit_3_lit_rpl_ta1_200000040800800_1002000000000010_0_1_1_0_0_138f0015b_0_0_1_0_0
techset,#w/lit_3_lit_rpl_ta1_200000040800800_1002000000000012_0_1_1_0_0_113810015b_0_0_1_0_0
techset,#w/lit_3_lit_rpl_ta1_200000040801400_1002000000000012_0_1_1_0_0_113810015b_0_0_1_0_0
techset,#w/lit_3_lit_rpl_ta1_200000040801400_1002000010000012_0_1_1_0_0_113810015b_0_0_1_0_0
techset,#w/lit_3_lit_rpl_ta1_200000040802000_1002000000000010_0_1_1_0_0_13810015b_0_0_1_0_0
techset,#w/lit_3_lit_rpl_ta1_200000040802400_1002000000000010_0_1_1_0_0_13810015b_0_0_1_0_0
techset,#w/lit_3_lit_rpl_ta1_200000040803400_1002000010000012_0_1_1_0_0_113810015b_0_0_1_0_0
techset,#w/lit_3_lit_rpl_ta1_200000040804000_1002000000000000_0_1_1_0_0_13810015b_0_0_1_0_0
techset,#w/lit_3_lit_rpl_ta1_200000040804000_1002000000000010_0_1_1_0_0_13810015b_0_0_1_0_0
techset,#w/lit_3_lit_rpl_ta1_200000040804400_1002000000000010_0_1_1_0_0_13810015b_0_0_1_0_0
techset,#w4/lit_3_lit_rpl_ta1_200000040800800_1002000000000010_0_2_2_0_0_13810015b_0_0_1_0_0_1_0_13810015b_0_0_3_0_0
techset,#wc/lit_3_lit_bad_tca_200000040810002_1002004000000010_0_1_1_0_0_93810015b_0_0_3_0_0
techset,#wc/lit_3_lit_bad_tca_200000040810002_1002004000000010_0_1_1_0_0_93810017b_0_0_3_0_0
techset,#wc/lit_3_lit_bad_tca_200000040812002_1002000000000010_0_1_1_0_0_13810015b_0_0_3_0_0
techset,#wc/lit_3_lit_bad_tca_200000040814002_1002000000000010_0_1_1_0_0_13810014b_0_0_3_0_0
techset,#wc/lit_3_lit_bad_tca_200000040814002_1002000000000010_0_1_1_0_0_13810015b_0_0_3_0_0
techset,#wc/lit_3_lit_rpl_ta1_200000040800000_1002004000000010_0_1_1_0_0_93810017b_0_0_1_0_0
techset,#wc/lit_3_lit_rpl_ta1_200000040802800_1002000000000010_0_1_1_0_0_13810015b_0_0_1_0_0
techset,#wc/lit_3_lit_rpl_ta1_200000040804000_1002000000000000_0_1_1_0_0_13810015b_0_0_1_0_0
techset,#wc/lit_3_lit_rpl_ta1_200000040804000_1002000000000010_0_1_1_0_0_13810014b_0_0_1_0_0
techset,#wc4/lit_3_lit_rpl_ta1_200000040800000_1002000000000010_0_2_2_0_0_13810015b_0_0_1_0_0_1_0_13810015b_0_0_3_0_0
techset,#wc4/lit_3_lit_rpl_ta1_200000040801000_1002000000000012_0_2_2_0_0_13810015b_0_0_1_0_0_1_0_113810015b_0_0_3_0_0
techset,#wc4/lit_3_lit_rpl_ta1_200000040802000_1002000000000010_0_2_2_0_0_13810015b_0_0_1_0_0_1_0_13810015b_1_0_3_0_0
techset,#wc4/lit_3_lit_rpl_ta1_200000040802000_1002000000000010_0_3_3_0_0_13810015b_0_0_1_0_0_1_0_13810015b_0_0_3_0_0_2_0_13810015b_1_0_3_0_0
techset,#wc4/lit_3_lit_rpl_ta1_200000040802000_1002000000000012_0_3_3_0_0_13810015b_0_0_1_0_0_1_0_113810015b_0_0_3_0_0_2_0_13810015b_0_0_3_0_0
techset,#wc4/lit_3_lit_rpl_ta1_200000040802400_1002000000000010_0_2_2_0_0_13810015b_0_0_1_0_0_1_0_13810015b_1_0_2_0_0
techset,#wc4/lit_3_lit_rpl_ta1_200000040802400_1002000000000010_0_2_2_0_0_13810015b_0_0_1_0_0_1_0_13810015b_1_0_3_0_0
techset,#wc4/lit_3_lit_rpl_ta1_200000040804400_1002000000000010_0_2_2_0_0_13810015b_0_0_1_0_0_1_0_13810015b_0_0_3_0_0
techset,#wc4/lit_3_lit_rpl_ta1_200000040804400_1002000000000010_0_2_2_0_0_13810015b_0_0_1_0_0_1_0_13810015b_1_0_3_0_0
techset,#wc4/lit_3_lit_rpl_ta1_200000040804400_1002000000000010_0_3_3_0_0_13810015b_0_0_1_0_0_1_0_13810015b_0_0_3_0_0_2_0_13810015b_1_0_3_0_0
techset,#wc4/lit_3_lit_rpl_ta1_200000040804400_1002000000000012_0_3_3_0_0_13810015b_0_0_1_0_0_1_0_113810015b_0_0_3_0_0_2_0_13810015b_0_0_3_0_0
image,#decal_dirt_cave_ground_01_oil_c&defaultspec~15499058163525780690
image,#decal_dirt_cave_ground_01_n&decal_dirt_cave_ground_01_oil_g~10880637291691577255
decalvolumematerial,#i/decal_dirt_cave_ground_01_oil
image,#decal_dirt_rocky_pebbles_01_wet_c&defaultspec~17007187379148500591
image,#decal_dirt_rocky_pebbles_01_wet_n&decal_dirt_rocky_pebbles_01_wet_g~6782651545294898035
decalvolumematerial,#i/decal_dirt_rocky_pebbles_01_wet
image,#decal_sand_dusty_01_c&defaultspec~8397563874910854159
image,#decal_sand_dusty_01_n&decal_sand_dusty_01_o&decal_sand_dusty_01_g~2850746231125659140
decalvolumematerial,#i/decal_sand_dusty_01
image,#decal_wetness_01_c&defaultspec~6432367273771975140
image,#decal_wetness_01_n&decal_wetness_01_g~11677231758257808849
image,#decal_wetness_01_c~240569726151223981
decalvolumematerial,#i/decal_wetness_01
decalvolumematerial,#i/decal_wetness_01_ssr
image,#vfx_postfx_screen_grime_1_e~693175774312432875
image,#vfx_postfx_glow_round_3_e
material,#ecf/vfx_postfx_dirty_lens_main_1
image,#vfx_postfx_flare_anamorphic_3_c~15381918669351910426
material,#ecf/vfx_postfx_flare_anamorphic_3
image,#vfx_postfx_flare_rainbow_1_c~7297150198297067636
material,#ecf/vfx_postfx_flare_rainbow_1
image,#vfx_postfx_flare_streak_1_e~1762003691874641387
material,#ecf/vfx_postfx_flare_streak_1
image,#vfx_postfx_glow_streak_1_e~6011826228786319260
material,#ecf/vfx_postfx_glow_streak_1
image,#vfx_postfx_chroma_bracket_2_e~2820476886119066727
material,#ecf/vfx_postfx_rainbow_streaks_1
image,#vfx_vol_wtr_rain_drop_sheet_c~11692055120144668087
image,#vfx_vol_wtr_rain_drop_sheet_c~13452345420575822307
material,#elc/vfx_vol_weather_rain_drop_sheet_1
image,#vfx_animal_bird_feathers_sheet_1_c~7218455574379828654
image,#vfx_animal_bird_feathers_sheet_1_n~1136859374379927451
image,#vfx_animal_bird_feathers_sheet_1_c~7643544940958494056
material,#elcq/vfx_animal_bird_feathers_sheet_1
techset,#elcq/unlit_6_effect_alt_tca_200000000004000_1002_0_1_0_0_0_10024005b_0_0_3_0_0
image,#vfx_debris_metal_shrapnel_sheet_1_c&vfx_gray_c~3408454228775923166
image,#vfx_debris_metal_shrapnel_1_n&vfx_gray_c~18113514791252678638
image,#vfx_debris_metal_shrapnel_sheet_1_c~7940590758869075809
material,#elcq/vfx_debris_metal_shrapnel_sheet_1
techset,#elcq/unlit_6_effect_bad_tca_200000000000802_1000_0_1_0_0_0_10004024b_0_0_3_0_0
image,#vfx_debris_rocks_atlas&defaultspec~17159405189339693970
image,#vfx_debris_rocks_atlas~4791870877805269175
image,#vfx_debris_rocks_atlas~2131743856505443568
material,#elcq/vfx_debris_rocks_atlas
image,#vfx_dist_heat_loop_1_c
material,#elcq/vfx_dist_heat_loop_heavy_2
image,#vfx_dist_heat_shimmer_blast_1_c
material,#elcq/vfx_dist_heat_shimmer_blast_1
image,#vfx_dist_ripple_1_c
material,#elcq/vfx_dist_ripple_1
image,#vfx_white_c&vfx_fluid_common_water_1_s~8095166484100263679
image,#identitynormalmap&vfx_fluid_common_water_1_g~4270705091214497714
image,#vfx_fluid_ripple_ring_sheet_1_c~11727744298070758917
material,#elcq/vfx_fluid_water_ripple_ring_sheet_1_nn
techset,#elcq/unlit_6_effect_bad_ta0_200000000000802_3004_0_1_0_0_0_10000020b_0_0_2_0_0
image,#vfx_particulate_ash_loop_2_c~18024702664002692614
image,#vfx_particulate_ash_loop_2_c~8913855973242622341
material,#elcq/vfx_particulate_ash_loop_2
image,#vfx_particulate_ash_loop_3_c~5058705965503246114
image,#vfx_particulate_ash_loop_3_c~15632566038927418854
material,#elcq/vfx_particulate_ash_loop_3
image,#vfx_misc_ash_emis_loop_1_e~2079230398350103668
material,#elcq/vfx_particulate_ash_loop_emis_3
techset,#elcq/unlit_6_effect_bad_ta0_200000000000802_1004_0_1_0_0_0_10000020b_0_0_2_0_0
image,#vfx_postfx_bokeh_sharp_sheet_1_c~2982143633814753353
image,#vfx_postfx_bokeh_sharp_sheet_1_c~12152473381305564999
material,#elcq/vfx_particulate_bokeh_sharp_sheet_1
image,#vfx_postfx_bokeh_sharp_sheet_1_c~1691985699234689216
material,#elcq/vfx_postfx_bokeh_sharp_sheet_1_ec
techset,#elcq/unlit_6_effect_bad_ta0_200000000000802_4_0_1_0_0_0_100020023_0_0_2_0_0
material,#elcq/vfx_postfx_flare_streak_1
image,#vfx_postfx_glow_round_3_e~12708262794183131935
material,#elcq/vfx_postfx_glow_1_nonflare
material,#elcq/vfx_postfx_glow_round_3
techset,#elcq/unlit_6_effect_bad_tca_200000000000802_3004_0_1_0_0_0_100060023_0_0_3_0_0
image,#vfx_pyro_fire_base_anim_1_c~9337017162883715360
material,#elcq/vfx_pyro_fire_base_anim_1
material,#elcq/vfx_pyro_fire_base_anim_1_eo
image,#vfx_pyro_fire_base_med_loop_1_c~10719314443061871719
material,#elcq/vfx_pyro_fire_base_med_loop_1
image,#vfx_pyro_fire_burst_ball_anim_2_c~17393340505892036836
material,#elcq/vfx_pyro_fire_burst_ball_anim_2
image,#vfx_pyro_fire_burst_rise_anim_1_c~18273923565596097002
material,#elcq/vfx_pyro_fire_burst_rise_anim_1
image,#vfx_pyro_fire_fuel_cling_01_c~15567402058900630712
material,#elcq/vfx_pyro_fire_fuel_cling_02
image,#vfx_pyro_fire_fuel_lick_med_2_c~9062111669872271386
material,#elcq/vfx_pyro_fire_fuel_lick_med_2
image,#vfx_pyro_fire_fuel_licks_sml_loop_2_c~861852754773570705
material,#elcq/vfx_pyro_fire_fuel_lick_sml_loop_2_eo_z1
image,#vfx_pyro_fire_fuel_tall_lrg_loop_1_c~50825486437284340
material,#elcq/vfx_pyro_fire_fuel_tall_lrg_loop_1
image,#vfx_pyro_fireball_g_smoke_2k~11738411210870887481
image,#vfx_pyro_fireball_g_fire_2k~2235750129086067549
image,#vfx_pyro_fireball_g_smoke_2k~3462444323383402412
material,#elcq/vfx_pyro_fireball_a
image,#vfx_pyro_fireball_expl_fxelem_anim_3_c~5871755992199229823
material,#elcq/vfx_pyro_fireball_expl_fxelem_3_noec
material,#elcq/vfx_pyro_fireball_expl_fxelem_anim_3
image,#vfx_pyro_fireball_roll_anim_large_1_c~7300375291684657849
material,#elcq/vfx_pyro_fireball_roll_anim_large_1
image,#vfx_pyro_fireball_roll_anim_large_2_c~6847537685144423739
material,#elcq/vfx_pyro_fireball_roll_anim_large_2
techset,#elcq/unlit_6_effect_bad_tca_200000000000802_1004_0_1_0_0_0_100060023_0_0_3_0_0
image,#vfx_pyro_spark_streak_wiggle_sheet_1_c~12584118078897952827
material,#elcq/vfx_pyro_spark_streak_wiggle_sheet_1
image,#vfx_square_rounded_1_c~2463202200682395805
material,#elcq/vfx_ui_square_rounded_1
techset,#elcq/unlit_6_effect_bad_tca_200000000000802_1004_0_1_0_0_0_10004020b_0_0_3_0_0
image,#vfx_vol_dust_fibers_sheet_1_c~5552805822101396958
image,#vfx_vol_dust_fibers_sheet_1_c~256179977188790458
material,#elcq/vfx_vol_dust_fibers_sheet_1b
techset,#elcq/unlit_6_effect_bad_tca_200000000000802_3004_0_1_0_0_0_10004020b_0_0_3_0_0
image,#vfx_vol_dust_turbulent_corner_anim_1_c~6934233945814158093
image,#vfx_vol_dust_turbulent_corner_anim_1_t~13668529047066800717
material,#elcq/vfx_vol_dust_turbulent_corner_anim_1
techset,#elcq/unlit_6_effect_bad_tca_200000000000802_3024_0_1_0_0_0_10004020b_0_0_3_0_0
image,#vfx_smk_billow_whisp_anim~6885358372988559284
image,#vfx_smk_billow_whisp_anim~16701467704726364862
material,#elcq/vfx_vol_smk_billow_whisp_anim
image,#vfx_vol_smoke_white_rolling_loop_1_c~9792012071753640296
image,#vfx_vol_smoke_white_rolling_loop_1_c~12315366267693375324
material,#elcq/vfx_vol_smk_rolling_loop
image,#vfx_vol_smoke_wispy_swirl_loop_1_c~1070075168581051504
image,#vfx_vol_smoke_wispy_swirl_loop_1_t~9926425746726623171
material,#elcq/vfx_vol_smk_wispy_swirl_b
image,#vfx_vol_smoke_billow_loop_1_c~16405606721041721991
image,#vfx_vol_smoke_billow_loop_1_c~17368539241660060840
material,#elcq/vfx_vol_smoke_billow_loop_1_smoke_gren
image,#vfx_vol_smoke_burst_anim_2_c~13584264363601323346
image,#vfx_vol_smoke_burst_anim_2_c~5344176380707712513
material,#elcq/vfx_vol_smoke_burst_anim_2
image,#vfx_vol_smoke_dark_billow_loop_1_c~11768369765822399333
image,#vfx_vol_smoke_dark_billow_loop_1_c~137893973729885561
material,#elcq/vfx_vol_smoke_dark_billow_loop_1
image,#vfx_vol_smoke_wispy_anim_1_c~14220907872652635671
image,#vfx_vol_smoke_wispy_anim_1_c~17453888575181545996
material,#elcq/vfx_vol_smoke_wispy_anim_1
image,#vfx_vol_smk_cigarette_loop_lowres~9395021221533279635
image,#vfx_vol_smk_cigarette_loop_lowres~3926748077711337228
material,#elcq/vfx_vol_smoke_wispy_loop_2
material,#elcq/vfx_vol_smoke_wispy_swirl_loop_1
image,#vfx_vol_tendril_thick_fork_anim_1_c~15743208598421296170
image,#vfx_vol_tendril_thick_fork_anim_1_t~15473061621464589030
material,#elcq/vfx_vol_tendril_thick_fork_anim_1
image,#vfx_vol_tendril_thin_fork_anim_1_c~7660627182135140531
image,#vfx_vol_tendril_thin_fork_anim_1_t~18070260541003199994
material,#elcq/vfx_vol_tendril_thin_fork_anim_1
image,#vfx_vol_weather_cloud_misty_sheet_unlit_1_c~13259220980221612009
material,#elcq/vfx_vol_weather_cloud_misty_sheet_1_unlit
image,#vfx_vol_weather_sandstorm_vista_1_c~3493759816910095656
image,#vfx_vol_weather_sandstorm_vista_1_f
image,#vfx_vol_weather_sandstorm_vista_1_p
image,#vfx_vol_weather_sandstorm_vista_1_c~15677281581622244818
material,#elcq/vfx_vol_weather_frontend_smoke_wall_1
material,#elcq/vfx_vol_weather_rain_drop_sheet_1
techset,#null
material,#i/decal_dirt_cave_ground_01_oil
material,#i/decal_dirt_rocky_pebbles_01_wet
material,#i/decal_sand_dusty_01
material,#i/decal_wetness_01
material,#i/decal_wetness_01_ssr
image,#machinery_railroad_track_set_01_c&machinery_railroad_track_set_01_s~5099972479954863761
image,#machinery_railroad_track_set_01_tracks_c&machinery_railroad_track_set_01_tracks_s~10592561131866595541
image,#decals_rust_spots_leaking_scratches_01_c&defaultspec~6005891870505973938
image,#machinery_railroad_track_set_01_n&machinery_railroad_track_set_01_g~3123148673499469601
image,#machinery_railroad_track_set_01_tracks_n&machinery_railroad_track_set_01_tracks_g~7032248653544741471
image,#decals_rust_spots_leaking_scratches_01_n&decals_rust_spots_leaking_scratches_01_g~4500955309805372837
image,#$white
image,#decals_rust_spots_leaking_scratches_01_c~13009832175803024296
image,#$black
material,#m2co/machinery_railroad_track_set_01_tracks_ssurf_optimize
image,#oil_drum_01_c&defaultspec~4330797273970808891
image,#oil_drum_01_n&oil_drum_01_g~17980139089378755105
material,#m2co/me_tool_harvest_oil_drum
image,#military_loot_crate_doom_s5_c&military_loot_crate_doom_s5_s~17953421053805707609
image,#military_loot_crate_doom_s5_trim_c&military_loot_crate_doom_s5_trim_s~5374610161341412421
image,#military_loot_crate_doom_s5_n&military_loot_crate_doom_s5_g~12225113952945699537
image,#macro_metal_paint_04_n&macro_metal_paint_04_g~15111399573095054413
image,#military_loot_crate_doom_s5_trim_n&military_loot_crate_doom_s5_trim_g~945980676902897561
image,#military_loot_crate_doom_s5_trim_c~13591739271214909485
material,#m2co/military_loot_crate_doom_s5
image,#x2_buy_station_tile_c&x2_buy_station_tile_s~14821828778917387621
image,#micro_dirt_ground_dust_01_c&defaultspec~10802255358445723064
image,#military_loot_crate_regular_ch3_trim_c&military_loot_crate_regular_ch3_trim_s~6993389101212426559
image,#x2_buy_station_tile_n&x2_buy_station_tile_g~7098808111578724417
image,#micro_dirt_ground_dust_01_n&micro_dirt_ground_dust_01_g~13662667854916686701
image,#military_loot_crate_regular_ch3_trim_n&military_loot_crate_regular_ch3_trim_g~7730769955826650171
image,#military_loot_crate_regular_ch3_trim_e~10205440217730467760
image,#military_loot_crate_regular_ch3_trim_c~17851525222850650274
image,#military_lootcrate_ch3_m&white~12858765901770054532
material,#m2co/military_loot_crate_regular_ch3
image,#door_industrial_metal_c&door_industrial_metal_s~4152199956743911863
image,#door_industrial_metal_n&door_industrial_metal_g~12509761376336045163
image,#door_industrial_metal_m~13065591142783510426
material,#m2o/door_industrial_metal_set_01_grey
material,#m2o/door_industrial_metal_set_01_grey_lod
image,#macro_metal_painted_generic_c&defaultspec~3931592619795367268
image,#macro_metal_bare_iron_01_c&macro_metal_bare_iron_01_s~763203038368560443
image,#metal_rust_02_c&defaultspec~8282941488467295930
image,#dirt_dust_brown_01_c&defaultspec~15553031039181461787
image,#macro_metal_painted_generic_n&macro_metal_painted_generic_g~3866528958974876284
image,#macro_metal_bare_iron_01_n&macro_metal_bare_iron_01_g~10244121721442960347
image,#metal_rust_02_n&metal_rust_02_g~13548935639815668660
image,#dirt_dust_brown_01_n&dirt_dust_brown_01_g~18304667264677422746
image,#pulley_system_metal_m&pulley_system_rust_m&pulley_system_dirt_m~7199801182115819797
material,#m2o/machinery_gondola_pulley_system_base
image,#military_carepackage_01_c&military_carepackage_01_s~17556028957881571064
image,#military_carepackage_01_c&defaultspec~3068500314746422917
image,#military_carepackage_01_n&military_carepackage_01_g~7074942108743394948
image,#military_carepackage_01_mask~18158314970202526803
image,#military_carepackage_01_r~11961682382053767573
material,#m2o/military_carepackage_01
image,#military_carepackage_01_store_inverse_r&military_carepackage_01_store_r~6708671247250439211
material,#m2o/military_carepackage_01_common
image,#military_carepackage_01_store_r&military_carepackage_01_store_rare_inverse2_r&military_carepackage_01_store_~8462188222075233641
material,#m2o/military_carepackage_01_epic
techset,#m2o/lit_3_lit_rpl_ta1_200000040800000_1002000000000010_0_1_1_0_0_13810015b_0_0_1_0_0
image,#military_carepackage_01_store_legendary&military_carepackage_01_store_legendary_s~15067475906623154139
image,#military_carepackage_01_store_legendary_n&military_carepackage_01_store_legendary_g~16232889692523684251
material,#m2o/military_carepackage_01_legendary
image,#military_carepackage_01_store_r&military_carepackage_01_store_rare_inverse2_r&military_carepackage_01_store_~2633816018083239894
material,#m2o/military_carepackage_01_rare
material,#m2o/military_carepackage_01_uncommon
material,#m2o/military_loot_crate_doom_s5
material,#m2o/military_loot_crate_regular_ch3
techset,#m2o/lit_3_lit_rpl_ta1_200000040800000_1002000000000010_0_1_1_0_0_13810017b_0_0_1_0_0
image,#misc_carepackage_01_store_legendary_d&misc_carepackage_friendly_01_legendary_s~5163464998528346514
image,#misc_carepackage_friendly_n&misc_carepackage_friendly_g~5697871145932377838
image,#misc_carepackage_friendly_e~3505487494820477627
material,#m2o/misc_carepackage_01_legendary
image,#misc_carepackage_emp_c&misc_carepackage_emp_s~9866434411785765147
image,#misc_carepackage_emp_n&misc_carepackage_emp_g~16587111863978398632
image,#misc_carepackage_emp_e~7416582487022297155
material,#m2o/misc_carepackage_emp
image,#misc_carepackage_friendly_decals_c&misc_carepackage_friendly_decals_s~7582958231776622380
image,#misc_carepackage_friendly_decals_n&misc_carepackage_friendly_decals_g~8567179970700557910
image,#misc_carepackage_friendly_decals_e~12132572762098710108
image,#misc_carepackage_friendly_a~15535606873935061787
image,#misc_carepackage_friendly_decals_thermalmap
material,#m2o/misc_carepackage_friendly_decals
image,#misc_carepackage_emp_server_c&misc_carepackage_emp_server_s~6996113305720402754
image,#misc_carepackage_emp_server_n&misc_carepackage_emp_server_g~14951745281237842674
image,#misc_carepackage_emp_server_e~9802107808803553374
material,#m2o/misc_carepackage_friendly_server
image,#macro_wood_plywood_01_c&defaultspec~5822323353659596578
image,#macro_wood_plywood_01_n&macro_wood_plywood_01_g~5473633887256974288
material,#m2o/misc_carepackage_friendly_wood
image,#mout_catwalk_detail_c&mout_catwalk_detail_s~10058254191659882915
image,#mout_catwalk_detail_n&mout_catwalk_detail_g~15453675928796358925
material,#m2o/mout_catwalk_detail
image,#un_metal_galvanized_bare_01_c&un_metal_galvanized_bare_01_s~14420425880339935308
image,#macro_metal_industrial_01_c&defaultspec~1253050304202691108
image,#mout_catwalk_detail_n&un_metal_galvanized_bare_01_g~2087868984954333459
image,#macro_metal_industrial_01_n&macro_metal_industrial_01_g~9317068355631277858
material,#m2o/mout_catwalk_detail_painted_yellow
image,#un_metal_galvanized_bare_02_mask&defaultspec~8660782287949822775
image,#un_metal_galvanized_bare_01_n&un_metal_galvanized_bare_01_g~6008960232474882511
image,#un_metal_galvanized_bare_02_mask~16804132880879933718
material,#m2o/un_metal_galvanized_bare_01_painted_yellow
material,#m2o/un_metal_galvanized_bare_01_rusted
image,#macro_rust_plain_01_c&defaultspec~3659958595489591559
image,#un_metal_galvanized_bare_01_mask&defaultspec~3228869509805533755
image,#macro_rust_plain_01_n&macro_rust_plain_01_g~10429772601033675007
image,#white&macro_rust_plain_01_r~16514035258326679083
image,#un_metal_galvanized_bare_01_mask~14685491382004793809
material,#m2o/un_metal_galvanized_bare_01_worn
material,#m2o/un_metal_galvanized_bare_01_worn_lod
techset,#m2o/lit_3_lit_bad_ta1_200000040000802_1042000000001011_0_1_1_0_0_13810035b_0_0_1_0_0
image,#weapon_vm_riotshield_v2_glass_c&weapon_vm_riotshield_v2_glass_s~2097206452939062570
image,#weapon_vm_riotshield_v2_glass_n&weapon_vm_riotshield_v2_glass_g~3510544789423031769
image,#weapon_vm_riotshield_v2_glass_t
image,#default_thin_film_lut
image,#weapon_vm_riotshield_v2_glass_tr~5528906903049418621
material,#m2o/weapon_vm_riotshield_v2_glass_ext_sort
material,#m2o/weapon_vm_riotshield_v2_glass_ext_sort_optimized
techset,#m2o/lit_3_lit_bar_ta1_200000040000802_1042000000081015_0_1_1_0_0_13810075b_0_0_1_0_0
material,#m2o/weapon_vm_riotshield_v2_glass_int_sort
material,#m2o/weapon_vm_riotshield_v2_glass_int_sort_optimized
image,#weapon_vm_riotshield_v8_glass_c&weapon_vm_riotshield_v8_glass_s~11375080436754706912
image,#weapon_vm_riotshield_v8_glass_n&weapon_vm_riotshield_v8_glass_g~14382772766527930791
material,#m2o/weapon_vm_riotshield_v8_glass_ext_sort
material,#m2o/weapon_vm_riotshield_v8_glass_int_sort
image,#weapon_wm_riotshield_v3_sorting_lod1_mat_c&defaultspec~10596655068470207745
image,#loot_albedo_255_c&loot_spec_56_s~5675690868327036099
image,#loot_normal_flat_n&loot_gloss_plastic_semi_clean_01_g~9038792928925010442
image,#loot_opacity_0_a~9440971554242690592
image,#weapon_wm_riotshield_v3_sorting_lod1_mat_camoblend
material,#m2o/weapon_wm_riotshield_v3_sorting_lod1_mat
image,#x2_assault_painted_dirt_decals_c&x2_assault_painted_dirt_decals_s~15880864130311242917
image,#x2_assault_painted_dirt_decals_n&x2_assault_painted_dirt_decals_g~3099968926774383441
image,#x2_assault_painted_dirt_decals_c~13870164141329794733
material,#m2o/x2_assault_painted_dirt_decal
image,#x2_assault_painted_metal_tile_c&defaultspec~1201792755082346261
image,#x2_assault_painted_metal_trim_c&x2_assault_painted_metal_trim_s~16907616388670951755
image,#x2_assault_painted_metal_tile_n&x2_assault_painted_metal_tile_g~18171443251278721261
image,#x2_assault_painted_metal_trim_n&x2_assault_painted_metal_trim_g~5841344065045544350
image,#x2_assault_painted_metal_trim_c~10672124132705985576
image,#x2_assault_painted_metal_tile_m&white&white~4589510192104036733
material,#m2o/x2_assault_painted_metal
image,#x2_assault_painted_metal_black_tile_c&defaultspec~5159359307365764458
image,#x2_assault_painted_metal_tile_m&white~10950771553008052366
material,#m2o/x2_assault_painted_metal_black
image,#metal_chipped_painted_c&defaultspec~17599497727804480536
image,#metal_chipped_painted_n&metal_chipped_painted_g~16042061857929198979
image,#white&x2_assault_painted_metal_tile_m&white~18443996541643604876
material,#m2o/x2_assault_painted_metal_damage
material,#m2o/x2_assault_painted_metal_tint
image,#accessory_ui_perk_patch_01_battle_hardened_c&defaultspec~2799595316788740844
image,#accessory_ui_perk_patch_01_battle_hardened_n&accessory_ui_perk_patch_01_battle_hardened_g~4284692358875863841
material,#mco/accessory_ui_perk_patch_01
image,#accessory_ui_perk_patch_01_guerrilla_c&defaultspec~4920600312530681052
image,#accessory_ui_perk_patch_01_guerrilla_n&accessory_ui_perk_patch_01_guerrilla_g~18415183038731209855
image,#accessory_ui_perk_patch_01_guerrilla_sheen
material,#mco/accessory_ui_perk_patch_01_guerrilla
image,#accessory_ui_perk_patch_01_hardline_c&defaultspec~5805236272903730645
image,#accessory_ui_perk_patch_01_hardline_n&accessory_ui_perk_patch_01_hardline_g~13601709580510926931
image,#accessory_ui_perk_patch_01_battle_hardened_sheen
material,#mco/accessory_ui_perk_patch_01_hardline
image,#accessory_ui_perk_patch_01_high_alert_c&defaultspec~5911857107952745077
image,#accessory_ui_perk_patch_01_high_alert_n&accessory_ui_perk_patch_01_high_alert_g~4766059822090988139
image,#accessory_ui_perk_patch_01_high_alert_sheen
material,#mco/accessory_ui_perk_patch_01_high_alert
image,#accessory_ui_perk_patch_01_hunter_c&defaultspec~9518101926877672620
image,#accessory_ui_perk_patch_01_hunter_n&accessory_ui_perk_patch_01_hunter_g~15291201064452679691
image,#accessory_ui_perk_patch_01_hunter_sheen
material,#mco/accessory_ui_perk_patch_01_hunter
image,#accessory_ui_perk_patch_01_munitions_c&defaultspec~6127432102593924385
image,#accessory_ui_perk_patch_01_munitions_n&accessory_ui_perk_patch_01_munitions_g~9010649819984297166
image,#accessory_ui_perk_patch_01_munitions_sheen
material,#mco/accessory_ui_perk_patch_01_munitions
image,#accessory_ui_perk_patch_01_point_man_c&defaultspec~1552378542968525983
image,#accessory_ui_perk_patch_01_point_man_n&accessory_ui_perk_patch_01_point_man_g~17998695841584016090
image,#accessory_ui_perk_patch_01_point_man_sheen
material,#mco/accessory_ui_perk_patch_01_point_man
image,#accessory_ui_perk_patch_01_restock_c&defaultspec~15678303035076108650
image,#accessory_ui_perk_patch_01_restock_n&accessory_ui_perk_patch_01_restock_g~17922597443072820652
image,#accessory_ui_perk_patch_01_restock_sheen
material,#mco/accessory_ui_perk_patch_01_restock
image,#accessory_ui_perk_patch_01_reinforced_c&defaultspec~9834058938936988140
image,#accessory_ui_perk_patch_01_reinforced_n&accessory_ui_perk_patch_01_reinforced_o&accessory_ui_perk_patch_01_~15571711584448170439
image,#accessory_ui_perk_patch_01_reinforced_sheen
material,#mco/accessory_ui_perk_patch_reinforced
image,#metal_dirty_02_c&metal_dirty_02_s~3139496556847896910
image,#metal_paint_03_c&defaultspec~5572527048614324861
image,#metal_rust_peeling_03_c&defaultspec~13845517455969852926
image,#metal_dirty_02_n&metal_dirty_02_g~15017466680105294729
image,#metal_paint_04_n&metal_paint_03_g~3172480201629933854
image,#metal_rust_peeling_03_n&metal_rust_peeling_03_g~673707511631261475
image,#white&metal_rust_peeling_03_r~4640716568363337229
image,#white&mask_top_rust~13328413461988543606
material,#mco/construction_crane_01_top
techset,#mco/lit_3_lit_rpl_ta1_200000040800000_1002000000000010_0_1_1_0_0_13810015b_0_0_1_0_0
material,#mco/construction_crane_01_top_lod
image,#ee_sign_street_02_ch3_c&defaultspec~17139999975490618140
image,#building_awning_destroyed_storefront_c&building_awning_destroyed_storefront_s~15704647328927445835
image,#ee_sign_street_02_n&ee_sign_street_02_g~8327404349122901532
image,#building_awning_destroyed_storefront_n&building_awning_destroyed_storefront_g~4775642079886008917
image,#building_awning_destroyed_storefront_c~11861674345127465277
image,#building_awning_destroyed_storefront_t~2881676555393608126
material,#mco/ee_sign_street_02_ch3
image,#ee_sign_train_car_set_01_c&defaultspec~8613909200548168326
image,#cp_disco_metal_rusted_01_c&defaultspec~2314723057290344262
image,#ee_sign_train_car_set_01_n&ee_sign_train_car_set_01_g~10162807008902699847
image,#cp_disco_metal_rusted_01_n&cp_disco_metal_rusted_01_g~8156926359223213831
material,#mco/ee_sign_train_car_set_01
image,#machinery_chemical_filling_canister_c&machinery_chemical_filling_canister_s~1548060345933055052
image,#machinery_chemical_filling_canister_n&machinery_chemical_filling_canister_o&machinery_chemical_filling_cani~18255017082819908095
material,#mco/machinery_chemical_filling_canister
image,#military_loot_crate_regular_ch3_decals_c&military_loot_crate_regular_ch3_decals_s~2026584371214658507
image,#military_loot_crate_regular_ch3_decals_n&military_loot_crate_regular_ch3_decals_g~17620511164192344518
image,#military_loot_crate_regular_ch3_decals_c~4992092849480560098
material,#mco/military_loot_crate_regular_ch3_decal
image,#p9_urgentfury_dummy_pants_01_c_c&defaultspec~8515094911604008528
image,#c_t9_usa_urgentfury_pants_01_b_n&c_t9_usa_urgentfury_pants_01_b_o&p9_urgentfury_dummy_pants_01_c_g~12797729442061643764
material,#mco/mtl_p9_urgentfury_dummy_pants_01
image,#mtl_veh_s4_mil_lnd_turret_quad_aa_01_c&mtl_veh_s4_mil_lnd_turret_quad_aa_01_s~12011768236308272083
image,#mtl_veh_s4_mil_lnd_turret_quad_aa_01_n&mtl_veh_s4_mil_lnd_turret_quad_aa_01_o&mtl_veh_s4_mil_lnd_turret_qua~16846108607663719712
image,#mtl_veh_s4_mil_lnd_turret_quad_aa_01_thermal
material,#mco/mtl_veh_s4_mil_lnd_turret_quad_aa_01
image,#mtl_veh_s4_mil_lnd_turret_quad_aa_02_c&mtl_veh_s4_mil_lnd_turret_quad_aa_02_s~13541557822519905260
image,#mtl_veh_s4_mil_lnd_turret_quad_aa_02_n&mtl_veh_s4_mil_lnd_turret_quad_aa_02_o&mtl_veh_s4_mil_lnd_turret_quad~3071049414103710462
image,#mtl_veh_s4_mil_lnd_turret_quad_aa_02_thermal
material,#mco/mtl_veh_s4_mil_lnd_turret_quad_aa_02
image,#tex_veh_s4_mil_lnd_turret_quad_aa_gun_base_c&tex_veh_s4_mil_lnd_turret_quad_aa_gun_base_s~18323157167593911221
image,#tex_veh_s4_mil_lnd_turret_quad_aa_gun_base_n&tex_veh_s4_mil_lnd_turret_quad_aa_gun_base_g~14521025761553752992
image,#mtl_veh_s4_mil_lnd_turret_quad_aa_gun_base_thermal
material,#mco/mtl_veh_s4_mil_lnd_turret_quad_aa_gun_base
image,#rock_craggy_01_c&defaultspec~5109286425106475414
image,#micro_stone_sandstone_01_c~2470978407529652980
image,#lm_rocky_gravel_dark_04_c&defaultspec~551706328730172120
image,#rock_craggy_01_n&rock_craggy_01_g~11971583732671002815
image,#micro_stone_sandstone_01_n&white~10963172375263186409
image,#lm_rocky_gravel_dark_04_n&lm_rocky_gravel_dark_04_g~12172508231460022497
material,#mco/rock_fissure_01_dirt_dark
material,#mco/rock_fissure_top_blend_dirt_dark
techset,#mo/lit_3_lit_rpl_ta1_200000040800000_1002000000000010_0_1_1_0_0_13810015b_0_0_1_0_0
image,#accessory_perch_raven_01_c&defaultspec~9689752492249229037
image,#accessory_perch_raven_01_n&accessory_perch_raven_01_g~3528385524054103064
material,#mo/accessory_perch_raven_01
techset,#mo/lit_3_lit_rpl_ta1_200000040800800_1002000000000010_0_1_1_0_0_13810015b_0_0_1_0_0
material,#mo/accessory_ui_perk_patch_01
image,#accessory_ui_perk_patch_01_advanced_scouting_c&defaultspec~1094389667356263950
image,#accessory_ui_perk_patch_01_advanced_scouting_n&accessory_ui_perk_patch_01_advanced_scouting_o&accessory_ui_~11836531117343629496
image,#accessory_ui_perk_patch_01_advanced_scouting_sheen
material,#mo/accessory_ui_perk_patch_01_advanced_scouting
image,#special_mesh_accessory_ui_perk_patch_advanced_scouting_special_c&defaultspec~10578318059882083143
image,#special_mesh_accessory_ui_perk_patch_advanced_scouting_special_n&special_mesh_accessory_ui_perk_patch_advan~14042355000032913836
image,#special_mesh_accessory_ui_perk_patch_advanced_scouting_special_sheen
material,#mo/accessory_ui_perk_patch_01_advanced_scouting_special
image,#accessory_ui_perk_patch_01_amped_special_c&defaultspec~6395379701806854473
image,#accessory_ui_perk_patch_01_amped_special_n&accessory_ui_perk_patch_01_amped_special_g~11729475108691310368
material,#mo/accessory_ui_perk_patch_01_amped_special
material,#mo/accessory_ui_perk_patch_01_battle_hardened
image,#accessory_ui_perk_patch_01_battle_hardened_special_c&defaultspec~13947908892338792382
image,#accessory_ui_perk_patch_01_battle_hardened_special_n&accessory_ui_perk_patch_01_battle_hardened_special_g~17378524103491559802
image,#accessory_ui_perk_patch_01_battle_hardened_special_sheen
material,#mo/accessory_ui_perk_patch_01_battle_hardened_special
image,#accessory_ui_perk_patch_01_covert_ops_c&defaultspec~13723274307904657864
image,#accessory_ui_perk_patch_01_covert_ops_n&accessory_ui_perk_patch_01_covert_ops_g~6339570138032792141
image,#accessory_ui_perk_patch_01_covert_ops_sheen
material,#mo/accessory_ui_perk_patch_01_covert_ops
image,#accessory_ui_perk_patch_01_covert_ops_special_c&defaultspec~11700088091842167869
image,#accessory_ui_perk_patch_01_covert_ops_special_n&accessory_ui_perk_patch_01_covert_ops_special_g~8168307039633658170
image,#accessory_ui_perk_patch_01_covert_ops_special_sheen
material,#mo/accessory_ui_perk_patch_01_covert_ops_special
image,#accessory_ui_perk_patch_01_eod_c&defaultspec~15776283176998794757
image,#accessory_ui_perk_patch_01_eod_n&accessory_ui_perk_patch_01_eod_sheen~12988396173192829090
image,#accessory_ui_perk_patch_01_eod_sheen
material,#mo/accessory_ui_perk_patch_01_eod
image,#accessory_ui_perk_patch_01_eod_special_c&defaultspec~6347978420192319229
image,#accessory_ui_perk_patch_01_eod_special_n&accessory_ui_perk_patch_01_eod_special_g~17437387045361885964
image,#accessory_ui_perk_patch_01_eod_special_sheen
material,#mo/accessory_ui_perk_patch_01_eod_special
image,#accessory_ui_perk_patch_01_graverobber_special_c&defaultspec~13894074155681254293
image,#accessory_ui_perk_patch_01_graverobber_special_n&accessory_ui_perk_patch_01_graverobber_special_g~4880625910248477118
image,#accessory_ui_perk_patch_01_graverobber_special_sheen
material,#mo/accessory_ui_perk_patch_01_graverobber_special
image,#accessory_ui_perk_patch_01_guerrilla_special_c&defaultspec~7864592267377402455
image,#accessory_ui_perk_patch_01_guerrilla_special_n&accessory_ui_perk_patch_01_guerrilla_special_g~15241671665381597469
image,#accessory_ui_perk_patch_01_guerrilla_special_sheen
material,#mo/accessory_ui_perk_patch_01_guerrilla_special
image,#accessory_ui_perk_patch_01_hardline_special_c&defaultspec~11474083207118314197
image,#accessory_ui_perk_patch_01_hardline_special_n&accessory_ui_perk_patch_01_hardline_special_g~849502701359659195
image,#accessory_ui_perk_patch_01_hardline_special_sheen
material,#mo/accessory_ui_perk_patch_01_hardline_special
image,#accessory_ui_perk_patch_01_heavy_metal_c&defaultspec~11165169825995882126
image,#accessory_ui_perk_patch_01_heavy_metal_n&accessory_ui_perk_patch_01_heavy_metal_g~10197090852451980467
image,#accessory_ui_perk_patch_01_heavy_metal_sheen
material,#mo/accessory_ui_perk_patch_01_heavy_metal
image,#accessory_ui_perk_patch_01_heavy_metal_special_c&defaultspec~16472768487979027518
image,#accessory_ui_perk_patch_01_heavy_metal_special_n&accessory_ui_perk_patch_01_heavy_metal_special_g~611295947107252401
image,#accessory_ui_perk_patch_01_heavy_metal_special_sheen
material,#mo/accessory_ui_perk_patch_01_heavy_metal_special
image,#accessory_ui_perk_patch_01_high_alert_special_c&defaultspec~6601369973349265534
image,#accessory_ui_perk_patch_01_high_alert_special_n&accessory_ui_perk_patch_01_high_alert_special_g~17322945017844189543
image,#accessory_ui_perk_patch_01_high_alert_special_sheen
material,#mo/accessory_ui_perk_patch_01_high_alert_special
material,#mo/accessory_ui_perk_patch_01_hunter
image,#accessory_ui_perk_patch_01_hunter_special_c&defaultspec~13012310945567522136
image,#accessory_ui_perk_patch_01_hunter_special_n&accessory_ui_perk_patch_01_hunter_special_g~8491765228860129517
image,#accessory_ui_perk_patch_01_hunter_special_sheen
material,#mo/accessory_ui_perk_patch_01_hunter_special
image,#accessory_ui_perk_patch_01_hustle_c&defaultspec~15216115164827540201
image,#accessory_ui_perk_patch_01_hustle_n&accessory_ui_perk_patch_01_hustle_g~16225819367805633741
image,#accessory_ui_perk_patch_01_hustle_sheen
material,#mo/accessory_ui_perk_patch_01_hustle
image,#accessory_ui_perk_patch_01_hustle_special_c&defaultspec~1583313799114363960
image,#accessory_ui_perk_patch_01_hustle_special_n&accessory_ui_perk_patch_01_hustle_special_g~16016415573531504598
image,#accessory_ui_perk_patch_01_hustle_special_sheen
material,#mo/accessory_ui_perk_patch_01_hustle_special
image,#accessory_ui_perk_patch_01_munitions_special_c&defaultspec~10958504751185007693
image,#accessory_ui_perk_patch_01_munitions_special_n&accessory_ui_perk_patch_01_munitions_special_g~16577156033471372402
image,#accessory_ui_perk_patch_01_munitions_special_sheen
material,#mo/accessory_ui_perk_patch_01_munitions_special
image,#accessory_ui_perk_patch_01_point_man_special_c&defaultspec~9369984102087325243
image,#accessory_ui_perk_patch_01_point_man_special_n&accessory_ui_perk_patch_01_point_man_special_g~3981380429533923147
image,#accessory_ui_perk_patch_01_point_man_special_sheen
material,#mo/accessory_ui_perk_patch_01_point_man_special
image,#accessory_ui_perk_patch_01_quick_fix_c&defaultspec~13168572948321310695
image,#accessory_ui_perk_patch_01_quick_fix_n&accessory_ui_perk_patch_01_quick_fix_g~6940663664100053637
image,#accessory_ui_perk_patch_01_quick_fix_sheen
material,#mo/accessory_ui_perk_patch_01_quick_fix
image,#accessory_ui_perk_patch_01_quick_fix_special_c&defaultspec~9778238842086178593
image,#accessory_ui_perk_patch_01_quick_fix_special_n&accessory_ui_perk_patch_01_quick_fix_special_g~7194042444920616606
image,#accessory_ui_perk_patch_01_quick_fix_special_sheen
material,#mo/accessory_ui_perk_patch_01_quick_fix_special
image,#accessory_ui_perk_patch_01_restock_special_c&defaultspec~14104970623939059066
image,#accessory_ui_perk_patch_01_restock_special_n&accessory_ui_perk_patch_01_restock_special_g~4070999931296224228
image,#accessory_ui_perk_patch_01_restock_special_sheen
material,#mo/accessory_ui_perk_patch_01_restock_special
image,#accessory_ui_perk_patch_01_scavenger_c&defaultspec~13805683374943788489
image,#accessory_ui_perk_patch_01_scavenger_n&accessory_ui_perk_patch_01_scavenger_g~12530314466558635888
image,#accessory_ui_perk_patch_01_scavenger_sheen
material,#mo/accessory_ui_perk_patch_01_scavenger
image,#accessory_ui_perk_patch_01_scavenger_special_c&defaultspec~11834241979051097873
image,#accessory_ui_perk_patch_01_scavenger_special_n&accessory_ui_perk_patch_01_scavenger_special_g~4605226696732315461
image,#accessory_ui_perk_patch_01_scavenger_special_sheen
material,#mo/accessory_ui_perk_patch_01_scavenger_special
image,#accessory_ui_perk_patch_01_serpentine_c&defaultspec~18079569185959197826
image,#accessory_ui_perk_patch_01_serpentine_n&accessory_ui_perk_patch_01_serpentine_g~5347924073097293539
image,#accessory_ui_perk_patch_01_serpentine_sheen
material,#mo/accessory_ui_perk_patch_01_serpentine
image,#accessory_ui_perk_patch_01_serpentine_special_c&defaultspec~548490801844180273
image,#accessory_ui_perk_patch_01_serpentine_special_n&accessory_ui_perk_patch_01_serpentine_special_g~7883782903575149764
material,#mo/accessory_ui_perk_patch_01_serpentine_special
image,#accessory_ui_perk_patch_01_shrapnel_c&defaultspec~9541807383251830284
image,#accessory_ui_perk_patch_01_shrapnel_n&accessory_ui_perk_patch_01_shrapnel_g~6520071144152904714
image,#accessory_ui_perk_patch_01_shrapnel_sheen
material,#mo/accessory_ui_perk_patch_01_shrapnel
image,#accessory_ui_perk_patch_01_shrapnel_special_c&defaultspec~8097977934280467028
image,#accessory_ui_perk_patch_01_shrapnel_special_n&accessory_ui_perk_patch_01_shrapnel_special_g~18319271121961710400
image,#accessory_ui_perk_patch_01_shrapnel_special_sheen
material,#mo/accessory_ui_perk_patch_01_shrapnel_special
image,#accessory_ui_perk_patch_01_tactical_recon_c&defaultspec~12247627051743917994
image,#accessory_ui_perk_patch_01_tactical_recon_n&accessory_ui_perk_patch_01_tactical_recon_g~11726317427253205796
image,#accessory_ui_perk_patch_01_tactical_recon_sheen
material,#mo/accessory_ui_perk_patch_01_tactical_recon
image,#accessory_ui_perk_patch_01_tactical_recon_special_c&defaultspec~11621989372035973138
image,#accessory_ui_perk_patch_01_tactical_recon_special_n&accessory_ui_perk_patch_01_tactical_recon_special_g~12742640045664831110
image,#accessory_ui_perk_patch_01_tactical_recon_special_sheen
material,#mo/accessory_ui_perk_patch_01_tactical_recon_special
image,#accessory_ui_perk_patch_01_tune_up_c&defaultspec~6505503632818228351
image,#accessory_ui_perk_patch_01_tune_up_n&accessory_ui_perk_patch_01_tune_up_g~4002376471964921423
image,#accessory_ui_perk_patch_01_tune_up_sheen
material,#mo/accessory_ui_perk_patch_01_tune_up
image,#accessory_ui_perk_patch_01_tune_up_special_c&defaultspec~16809039601197907384
image,#accessory_ui_perk_patch_01_tune_up_special_n&accessory_ui_perk_patch_01_tune_up_special_g~12533302677201916450
image,#accessory_ui_perk_patch_01_tune_up_special_sheen
material,#mo/accessory_ui_perk_patch_01_tune_up_special
image,#accessory_ui_perk_patch_01_amped_c&defaultspec~3279034267106787326
image,#accessory_ui_perk_patch_01_amped_n&accessory_ui_perk_patch_01_amped_g~9634132292387397522
image,#accessory_ui_perk_patch_01_warhead_sheen
material,#mo/accessory_ui_perk_patch_01_warhead
image,#accessory_ui_perk_patch_01_warzone_c&accessory_ui_perk_patch_01_warzone_s~7064799966468486672
image,#accessory_ui_perk_patch_01_warzone_n&accessory_ui_perk_patch_01_warzone_o&accessory_ui_perk_patch_01_warzone~9312280526075364288
material,#mo/accessory_ui_perk_patch_01_warzone
image,#special_mesh_accessory_ui_perk_patch_01_reinforced_special_c&defaultspec~16105621792764178340
image,#special_mesh_accessory_ui_perk_patch_reinforced_special_n&special_mesh_accessory_ui_perk_patch_reinforced_s~16029797034894014039
image,#special_mesh_accessory_ui_perk_patch_01_reinforced_special_sheen
material,#mo/accessory_ui_perk_patch_reinforced_special
image,#accessory_ui_perk_pouch_02_c&accessory_ui_perk_pouch_02_s~5765444577347074465
image,#accessory_ui_perk_pouch_02_n&accessory_ui_perk_pouch_02_g~335989283245521980
image,#accessory_ui_perk_pouch_02_sheen
material,#mo/accessory_ui_perk_pouch_02
image,#accessory_ui_perk_pouch_03_c&accessory_ui_perk_pouch_03_s~4847239902074877075
image,#accessory_ui_perk_pouch_03_n&accessory_ui_perk_pouch_03_g~16429788541732810581
image,#accessory_ui_perk_pouch_03_sheen
material,#mo/accessory_ui_perk_pouch_03
image,#accessory_ui_perk_pouch_04_c&accessory_ui_perk_pouch_04_s~1996307046260053598
image,#accessory_ui_perk_pouch_04_n&accessory_ui_perk_pouch_04_g~3467972713666620743
image,#accessory_ui_perk_pouch_04_sheen
material,#mo/accessory_ui_perk_pouch_04
techset,#mo/lit_3_lit_rpl_ta1_200000040802000_1002000000000010_0_1_1_0_0_13810015b_0_0_1_0_0
image,#building_wire_end_01_c&building_wire_end_01_s~7690017937607885823
image,#building_wire_end_01_n&building_wire_end_01_g~17427361209151576013
material,#mo/building_wire_end_01
image,#construction_doors_metal_02_grey_c&construction_doors_metal_02_s~17367953774687108651
image,#construction_doors_metal_02_n&construction_doors_metal_02_g~793590150330159399
image,#construction_doors_metal_02_grey_c~5661260918154536633
image,#construction_doors_metal_02_tint~7650370027987931790
material,#mo/construction_doors_metal_02_grey
material,#mo/construction_doors_metal_glass
image,#nb_concrete_edge_cracked_01_col&defaultspec~16651048258331617983
image,#nb_concrete_edge_cracked_01_nml&nb_concrete_edge_cracked_01_cos~5447342033901680701
image,#nb_concrete_edge_cracked_01_col~350711071197562447
material,#mo/decal_rock_fissure_01_edge_cracked_01_dirt_dark
image,#ee_plumbing_pipe_c&ee_plumbing_pipe_s~18171173883762373698
image,#ee_plumbing_pipe_paint_c&defaultspec~14416289888491966491
image,#ee_plumbing_pipe_rust_c&defaultspec~14207729606496450250
image,#ee_plumbing_pipe_n&ee_plumbing_pipe_g~8854971905261909058
image,#ee_plumbing_pipe_paint_n&white~12211519506206680091
image,#ee_plumbing_pipe_rust_n&ee_plumbing_pipe_rust_g~12350288491498214635
image,#ee_plumbing_pipe_m~4535673940589646882
image,#ee_plumbing_pipe_paint_r&ee_plumbing_pipe_rust_r~1554461646997613294
material,#mo/ee_plumbing_pipe
image,#ee_plumbing_pipe_rust_r~8324663290941691057
material,#mo/ee_plumbing_pipe_lod
material,#mo/ee_plumbing_pipe_lod_02
image,#ee_rock_cliff_pg_02_c&defaultspec~1896973431105965597
image,#ee_rock_cliff_pg_02_sm_n&ee_rock_cliff_pg_02_sm_g~7304734451133897321
material,#mo/ee_rock_cliff_pg_lava_02
image,#ee_rock_riverbed_clusters_02_lg_01_wet_c&defaultspec~17072093747653433748
image,#me_riverbed_rock_clusters_02_lg_01_n&me_riverbed_rock_clusters_02_lg_01_wet_g~15763012988538864310
material,#mo/ee_rock_riverbed_cluster_02_lg_01_lava
image,#ee_rock_riverbed_clusters_02_lg_02_c&defaultspec~4344527207556780286
image,#me_riverbed_rock_clusters_02_lg_02_n&me_riverbed_rock_clusters_02_lg_02_g~2091183934076108709
material,#mo/ee_rock_riverbed_cluster_02_lg_02_lava
image,#ee_sign_frame_c&ee_sign_frame_s~1301677027775053141
image,#ee_sign_frame_n&ee_sign_corporate_01_elevator_directory_g~18348419926008151516
image,#ee_sign_frame_r~5705266344203527381
material,#mo/ee_sign_frame_black
image,#electrical_conduit_pipes_white_c&defaultspec~6484160143352364966
image,#electrical_conduit_pipes_n&electrical_conduit_pipes_white_g~14502243678573798189
material,#mo/electrical_conduit_pipes_black
image,#electronics_fan_box_01_c&electronics_fan_box_01_s~16691506259387442563
image,#electronics_fan_box_01_n&electronics_fan_box_01_g~12214312756582582623
material,#mo/electronics_fan_box_01
image,#electronics_fan_box_lg_01_c&electronics_fan_box_lg_01_s~5220815979175490034
image,#electronics_fan_box_lg_01_n&electronics_fan_box_lg_01_g~14766929179003648056
material,#mo/electronics_fan_box_lg_01
image,#equipment_mp_nanoshot_c&equipment_mp_nanoshot_s~17532798155738612341
image,#equipment_mp_nanoshot_n&equipment_mp_nanoshot_o&equipment_mp_nanoshot_g~8844292003550851950
material,#mo/equipment_mp_nanoshot
image,#equipment_mp_nanoshot_rubber_c&equipment_mp_nanoshot_rubber_g~4487558271607745356
image,#equipment_mp_nanoshot_rubber_n&equipment_mp_nanoshot_rubber_g~14626631000584391041
image,#equipment_mp_nanoshot_rubber_e~12989572006590934420
image,#equipment_mp_nanoshot_rubber_c~162147872022888052
material,#mo/equipment_mp_nanoshot_rubber
image,#18percentgrey_c&defaultspec~9137353087990019317
image,#identitynormalmap&18percentgrey_g~7372709004374062745
material,#mo/lambert1_plastic
techset,#mo/lit_3_lit_rpl_ta1_200000040804000_1002000000000010_0_1_1_0_0_13810015b_0_0_1_0_0
image,#liquid_heroin_tar_01_c&defaultspec~12077116632360270374
image,#liquid_heroin_tar_01_nofootprints_n&liquid_heroin_tar_01_g~17079303267805753220
material,#mo/liquid_heroin_tar_01
image,#macro_metal_gold_clean_01_c&macro_metal_gold_clean_01_s~11213505142788155338
image,#macro_metal_gold_clean_01_n&macro_metal_gold_clean_01_g~16033525000922009318
material,#mo/lm_accessory_gold_01
image,#uk_industrial_light_01_clean_ch2_c&uk_industrial_light_01_clean_ch2_s~6246922659472460205
image,#uk_industrial_light_01_n&uk_industrial_light_01_g~4064644119368486864
image,#uk_industrial_light_01_e~4477568307056425540
image,#uk_industrial_light_01_e
material,#mo/lm_light_uk_industrial_02_glass_lit_on_cool
image,#lm_mtl_aac_crate_24x24_col&defaultspec~17660647945261986571
image,#lm_mtl_aac_crate_24x24_nml&lm_mtl_aac_crate_24x24_cos~7692586092034537913
material,#mo/lm_mtl_aac_crate_24x24
image,#lm_mtl_bsh_dolly_01_col&lm_mtl_bsh_dolly_01_spc~7432299039982921132
image,#lm_mtl_bsh_dolly_01_nml&lm_mtl_bsh_dolly_01_cos~14003712347441693698
material,#mo/lm_mtl_bsh_dolly_01
image,#lm_mtl_dun_oil_drum_01_col&defaultspec~8210585443026123252
image,#lm_mtl_dun_oil_drum_01_nml&lm_mtl_dun_oil_drum_01_cos~17322362157794084304
material,#mo/lm_mtl_dun_oil_drum_01
image,#lm_mtl_dun_wood_palette_01_col&defaultspec~15464292138530845195
image,#lm_mtl_dun_wood_palette_01_nml&lm_mtl_dun_wood_palette_01_cos~14349727095473996717
material,#mo/lm_mtl_dun_wood_palette_01
image,#lm_mtl_gib_hoist_chain_01_col&lm_mtl_gib_hoist_chain_01_spc~2008936097440383118
image,#lm_mtl_gib_hoist_chain_01_nml&lm_mtl_gib_hoist_chain_01_cos~10639303442074559795
material,#mo/lm_mtl_gib_hoist_chain_01
techset,#mo/lit_3_lit_rpl_ta1_200000040800000_1002000000000010_0_1_1_0_0_13870015b_0_0_1_0_0
image,#lm_mtl_gib_hoist_chain_01_chain_col&lm_mtl_gib_hoist_chain_01_chain_spc~8308070825124345351
image,#lm_mtl_gib_hoist_chain_01_chain_nml&lm_mtl_gib_hoist_chain_01_chain_cos~18330230851866219794
material,#mo/lm_mtl_gib_hoist_chain_01_chain
image,#lm_lava_rock_formation_ms_tetebdvda_c&defaultspec~5196799765440218066
image,#lm_lava_rock_formation_ms_tetebdvda_n&lm_lava_rock_formation_ms_tetebdvda_g~2722269085620293152
material,#mo/lm_mtl_lava_rock_formation_ms_tetebdvda
image,#lm_mtl_lon_create_set_02_col&defaultspec~2504931915483403396
image,#lm_mtl_lon_create_set_02_nml&lm_mtl_lon_create_set_02_cos~16222923449165744090
material,#mo/lm_mtl_lon_create_set_02
image,#lm_mtl_lon_create_set_04_col&defaultspec~3962707787164991985
image,#lm_mtl_lon_create_set_04_nml&lm_mtl_lon_create_set_04_cos~17827297199487137191
material,#mo/lm_mtl_lon_create_set_04
image,#lm_mtl_lon_create_set_05_col&defaultspec~11586113745538996804
image,#lm_mtl_lon_create_set_05_nml&lm_mtl_lon_create_set_05_cos~11364572794879234419
material,#mo/lm_mtl_lon_create_set_05
image,#lm_mtl_lon_create_set_07_col&defaultspec~9065943777743186895
image,#lm_mtl_lon_create_set_07_nml&lm_mtl_lon_create_set_07_cos~14160656683055792429
material,#mo/lm_mtl_lon_create_set_07
image,#lm_mtl_lon_dock_dolly_02_col&lm_mtl_lon_dock_dolly_02_spc~8686228306910238732
image,#lm_mtl_lon_dock_dolly_02_nml&lm_mtl_lon_dock_dolly_02_cos~9699954350697933662
material,#mo/lm_mtl_lon_dock_dolly_02
image,#mtl_ch3_volcano_rock_craggy_c&defaultspec~13237849048875953505
image,#rock_craggy_01_n&mtl_ch3_volcano_rock_craggy_g~12080794555724267156
material,#mo/lm_mtl_mkg_cliff_rock_lava_01_fullburnt
material,#mo/lm_mtl_mkg_cliff_rock_lava_02_fullburnt
image,#mtl_p8_geo_basalt_rock_pillar_rough_blend_c&defaultspec~8522869508755944964
image,#t8_geo_rock_base_02_c&defaultspec~5571396532972715
image,#mtl_p8_spa_cliff_rock_lrg_01_detail_c&defaultspec~18226686530818152715
image,#p8_geo_basalt_wall_01_n&white~14774149456379071693
image,#mtl_p8_geo_basalt_rock_pillar_rough_blend_n&mtl_p8_geo_basalt_rock_pillar_rough_blend_g~4526990093679172501
image,#t8_geo_rock_base_02_n&t8_geo_rock_base_02_g~16145585600052987302
image,#mtl_p8_spa_cliff_rock_lrg_01_detail_rough_n&t7_rock_sand_crumbled_medium_g~9941041066639626844
image,#white&p8_geo_basalt_wall_01_multi_m&p8_geo_basalt_wall_01_multi_m2~15507738501823226864
material,#mo/lm_mtl_p8_geo_basalt_wall_01
image,#lm_cone_traffic_01_c&defaultspec~15089254103767471374
image,#lm_cone_traffic_01_n&lm_cone_traffic_01_g~8757151335587400077
material,#mo/lm_street_cone_traffic_01
image,#rubber_01_c&defaultspec~5819963001573301288
image,#metal_steel_scratched_01_c&metal_steel_scratched_01_s~1346519792972582035
image,#rubber_01_n&rubber_01_g~9784921386660981622
image,#identitynormalmap&metal_steel_scratched_01_g~13999849544011837288
image,#pulley_system_rope_m&pulley_system_steel_m~13332625224368563309
material,#mo/machinery_gondola_pulley_system_extra
image,#pistol_mag_pouch01_c&defaultspec~11154261259168054968
image,#pistol_mag_pouch01_n&pistol_mag_pouch01_n~4421036680169455879
material,#mo/mag_pouch_pistol01
image,#me_construction_crane_01_c&me_construction_crane_01_s~6080845759563493569
image,#metal_paint_dirty_c&defaultspec~8582030466358923669
image,#metal_paint_roughcast_c&defaultspec~10027218017540481273
image,#me_construction_crane_01_n&me_construction_crane_01_g~15986133402515149357
image,#metal_paint_dirty_n&metal_paint_dirty_g~3293577408576097218
image,#metal_paint_roughcast_n&metal_paint_roughcast_g~12666611095438716075
image,#me_construction_crane_01_mask&me_construction_crane_01_mask&me_construction_crane_01_mask~10098327742442211188
material,#mo/me_construction_crane_01
image,#me_light_ceiling_fluorescent_tube_c&defaultspec~11381304258451407473
image,#me_light_ceiling_fluorescent_tube_n&me_light_ceiling_fluorescent_tube_g~15225120180961081132
image,#me_light_ceiling_fluorescent_tube_e~5021066466664261332
material,#mo/me_light_fluorescent_tube_on_wz_warm
material,#mo/me_light_fluorescent_tube_wz
image,#metal_chains_01_c&metal_chains_01_s~1134456335267314468
image,#metal_chains_01_n&metal_chains_01_g~9940697003771686407
material,#mo/metal_chains_01
image,#metal_retaining_wall_mesh_01_c&metal_retaining_wall_mesh_01_s~1794506326574463751
image,#metal_retaining_wall_mesh_01_n&metal_retaining_wall_mesh_01_g~12984475481426308240
image,#metal_retaining_wall_mesh_01_opacity&metal_retaining_wall_mesh_01_r~2125618063543917246
material,#mo/metal_retaining_wall_mesh_01
image,#military_carepackage_01_c&military_carepackage_01_s~7775337636443354133
image,#military_carepackage_01_n&military_carepackage_01_g~5372528100551657299
material,#mo/military_carepackage_01_straps
image,#black&defaultspec~2120802481558147274
image,#military_frontend_east_a_c~11068387971896878267
material,#mo/military_frontend_east_a_01
image,#military_frontend_east_a_c_02&defaultspec~1037219941807428256
image,#military_frontend_east_a_e_02~991742720929411168
image,#military_frontend_east_a_c_02~17723166686391224298
material,#mo/military_frontend_east_a_02
image,#military_frontend_east_a_c_04~13198850367337021440
image,#military_frontend_east_a_alpha~14689835824457628022
material,#mo/military_frontend_east_a_03
material,#mo/military_frontend_east_a_04
image,#military_frontend_gunrange_01_holder_c&military_frontend_gunrange_01_holder_s~8481084731102152484
image,#military_frontend_gunrange_01_holder_n&military_frontend_gunrange_01_holder_g~16547715456360477
material,#mo/military_frontend_gunrange_01_holder
image,#loot_card_border_common_c&loot_card_border_common_s~5436850437520505241
image,#military_shooting_targets_01_n&white~379186081545301846
image,#loot_card_border_common_n&loot_card_border_common_g~11106533760967321184
image,#loot_card_border_alpha~9855520061932780156
material,#mo/military_frontend_gunrange_paper_1_common
image,#loot_card_border_epic_c&loot_card_border_epic_s~12486166676088060925
image,#loot_card_border_epic_n&loot_card_border_epic_g~416251966161802285
material,#mo/military_frontend_gunrange_paper_1_epic
image,#loot_card_border_legendary_c&loot_card_border_legendary_s~7820131263114018893
image,#loot_card_border_legendary_n&loot_card_border_legendary_g~12787336134301979568
material,#mo/military_frontend_gunrange_paper_1_legendary
image,#loot_card_border_rare_c&loot_card_border_rare_s~14896566034802087047
image,#loot_card_border_rare_n&loot_card_border_rare_g~5737358054199305024
material,#mo/military_frontend_gunrange_paper_1_rare
material,#mo/military_frontend_gunrange_paper_2_common
material,#mo/military_frontend_gunrange_paper_2_epic
material,#mo/military_frontend_gunrange_paper_2_legendary
material,#mo/military_frontend_gunrange_paper_2_rare
material,#mo/military_frontend_gunrange_paper_3_common
material,#mo/military_frontend_gunrange_paper_3_epic
material,#mo/military_frontend_gunrange_paper_3_legendary
material,#mo/military_frontend_gunrange_paper_3_rare
image,#fs_west_set_b_alpha2&defaultspec~16339725735700241949
image,#fs_west_set_b~3505192601002828082
image,#fs_west_set_b_alpha2~9222454166499774184
material,#mo/military_frontend_west_set_b_02
image,#fs_west_set_b_back1~14934849051036365828
image,#fs_west_set_b_alphaback~4708469448328420569
material,#mo/military_frontend_west_set_b_02_back
material,#mo/military_frontend_west_set_b_02_back_noalpha
image,#military_gunsmith_a_c&defaultspec~13394156650631843781
image,#military_gunsmith_a_c~2245961120317190941
material,#mo/military_gunsmith_a
image,#military_loot_crate_rogue_ch3_decals_c&military_loot_crate_rogue_ch3_decals_s~16470994797697675248
image,#military_loot_crate_rogue_ch3_decals_n&military_loot_crate_rogue_ch3_decals_g~17543188745450988171
image,#military_loot_crate_rogue_ch3_decals_c~15949442469204767048
material,#mo/military_loot_crate_doom_s5_decals
image,#glass_dust_01_c&glass_dust_01_s~12059730262797458123
image,#identitynormalmap&glass_01_g~1347689930978975123
image,#identitynormalmap&glass_dust_01_g~12942746586806576694
image,#glass_dust_01_c~589099889217789898
image,#white~7962098772596417753
image,#glass_dust_01_c~476321170343850744
material,#mo/military_loot_crate_doom_s5_glass
image,#military_loot_crate_doom_s5_piston_c&military_loot_crate_doom_s5_piston_s~8471419179857811048
image,#icbm_silo_support_frame_01_n&icbm_silo_support_frame_01_o&icbm_silo_support_frame_01_g~17307286573722143564
material,#mo/military_loot_crate_doom_s5_piston
material,#mo/military_loot_crate_regular_ch3_decal
material,#mo/mout_catwalk_detail
material,#mo/mout_catwalk_detail_painted_yellow
material,#mo/mout_catwalk_detail_worn
image,#black&mout_catwalk_lodx_s~9661854766458946683
image,#mout_catwalk_lodx_n&mout_catwalk_lodx_g~11880185749317224377
image,#mout_catwalk_lodx_a~13629768860044988152
material,#mo/mout_catwalk_metal_lodx
image,#mout_catwalk_lodx_c&defaultspec~452520667541217682
material,#mo/mout_catwalk_metal_lodx_worn
image,#c_t9_usa_pl_navyseal_grunge_fray_bloody_c&defaultspec~17296216241561297864
image,#c_t9_usa_pl_navyseal_grunge_fray_n&white~12247513574509994886
image,#c_t9_usa_pl_navyseal_grunge_fray_bloody_c~11999911450363198775
material,#mo/mtl_c_t9_usa_pl_navyseal_grunge_fray_bloody
image,#c_t9_zmb_dlc4_battle_klaus_arm_c&c_t9_zmb_dlc4_battle_klaus_arm_s~6501331373132265247
image,#c_t9_zmb_dlc4_battle_klaus_arm_n&c_t9_zmb_dlc4_battle_klaus_arm_o&c_t9_zmb_dlc4_battle_klaus_arm_g~14189435906146605181
material,#mo/mtl_c_t9_zmb_dlc4_battle_klaus_arm
image,#c_t9_zmb_dlc4_battle_klaus_armor_c&c_t9_zmb_dlc4_battle_klaus_armor_s~3918042512147722624
image,#c_t9_zmb_dlc4_battle_klaus_armor_n&c_t9_zmb_dlc4_battle_klaus_armor_o&c_t9_zmb_dlc4_battle_klaus_armor_g~6771962032951224974
material,#mo/mtl_c_t9_zmb_dlc4_battle_klaus_armor
image,#c_t9_usa_urgentfury_harness_belt2_dirty_c&c_t9_usa_urgentfury_harness_belt_s~3148704764674492095
image,#c_t9_usa_urgentfury_harness_belt_n&c_t9_usa_urgentfury_harness_belt_o&c_t9_usa_urgentfury_harness_belt2_dir~17387352023172606899
material,#mo/mtl_c_t9_zmb_dlc4_battle_klaus_belt_dirty
techset,#mo/lit_3_lit_rpl_ta1_200000040800000_1002000000000010_0_1_1_0_0_13810017b_0_0_1_0_0
image,#c_t9_zmb_dlc4_battle_klaus_head_open_c&defaultspec~1287873551622593249
image,#c_t9_zmb_dlc4_battle_klaus_head_open_n&white~16551609033857352540
image,#c_t9_zmb_dlc4_battle_klaus_head_open_no_eyes_e~16965921151346761883
material,#mo/mtl_c_t9_zmb_dlc4_battle_klaus_head_open
image,#c_t9_zmb_dlc4_battle_klaus_kneepad_c&c_t9_zmb_dlc4_battle_klaus_kneepad_s~11760134212600277525
image,#c_t9_zmb_dlc4_battle_klaus_kneepad_n&c_t9_zmb_dlc4_battle_klaus_kneepad_g~10631199897503154095
material,#mo/mtl_c_t9_zmb_dlc4_battle_klaus_kneepad
image,#c_t9_zmb_dlc4_battle_klaus_kneepad_l_c&c_t9_zmb_dlc4_battle_klaus_kneepad_l_s~994858370808663811
image,#c_t9_zmb_dlc4_battle_klaus_kneepad_l_n&c_t9_zmb_dlc4_battle_klaus_kneepad_l_g~16453899464012154677
material,#mo/mtl_c_t9_zmb_dlc4_battle_klaus_kneepad_l
image,#c_t9_zmb_med_tactical_vest_01_c&defaultspec~14352202407356238153
image,#c_t9_zmb_med_tactical_vest_01_n&c_t9_zmb_med_tactical_vest_01_o&c_t9_zmb_med_tactical_vest_01_g~4485156251284291967
material,#mo/mtl_c_t9_zmb_med_tactical_vest_01
image,#c_t9_zmb_med_tactical_vest_pocket_01_c&c_t9_zmb_med_tactical_vest_pocket_01_s~2732524190482055925
image,#c_t9_zmb_med_tactical_vest_pocket_01_n&c_t9_zmb_med_tactical_vest_pocket_01_o&c_t9_zmb_med_tactical_vest_po~12267331907480690567
material,#mo/mtl_c_t9_zmb_med_tactical_vest_01_pocket
image,#c_t9_zmb_spetsnaz_boot_left_01_sand_c&c_t9_zmb_spetsnaz_boot_left_01_s~12196009040602796071
image,#c_t9_zmb_spetsnaz_boot_left_01_n&c_t9_zmb_spetsnaz_boot_left_01_o&c_t9_zmb_spetsnaz_boot_left_01_sand_g~16226902195177557974
material,#mo/mtl_c_t9_zmb_spetsnaz_boot_left_01_sand
image,#flk_dome_light_01_c&flk_dome_light_01_s~471846044898298851
image,#flk_dome_light_01_n&flk_dome_light_01_g~11718868585762629637
material,#mo/mtl_flk_dome_light_01
image,#flk_dome_light_glass_01_c&flk_dome_light_glass_01_s~4365549373137979748
image,#flk_dome_light_glass_01_n&flk_dome_light_glass_01_g~1481928008279580725
image,#flk_dome_light_glass_01_e~6163013444105080474
image,#flk_dome_light_glass_01_c~2306491608494630353
material,#mo/mtl_flk_dome_light_glass_01_on_cool
image,#flk_dome_light_glass_01_e_yellow~7621778613903075397
material,#mo/mtl_flk_dome_light_glass_01_on_warm
image,#mtl_p8_geo_basalt_rock_column_03_c&defaultspec~207043537714587434
image,#mtl_p8_geo_basalt_rock_pillar_rough_blend_lt_c&defaultspec~15879152630189600702
image,#mtl_p8_geo_basalt_rock_column_03_n&white~1902729932468154701
image,#mtl_p8_geo_basalt_rock_column_03_m&mtl_p8_geo_basalt_rock_column_03_m2~917674997183574669
material,#mo/mtl_lm_p8_geo_basalt_rock_column_03
image,#mtl_p8_geo_basalt_rock_column_01_c&defaultspec~7377447468253402230
image,#mtl_p8_geo_basalt_rock_column_01_n&white~10960524959542526611
image,#mtl_p8_geo_basalt_rock_column_01_m&mtl_p8_geo_basalt_rock_column_01_m2~17566423603568192411
material,#mo/mtl_lm_p8_geo_basalt_rock_columns_01
material,#mo/mtl_lm_p8_geo_basalt_rock_columns_rough_blend_01
image,#mtl_p8_geo_basalt_rock_pillar_columns_01_c&defaultspec~3534155025711913125
image,#mtl_p8_geo_basalt_rock_pillar_columns_01_n&white~7205548496875329212
image,#mtl_lm_p8_geo_basalt_rock_pillar_columns_01_m&mtl_lm_p8_geo_basalt_rock_pillar_columns_01_m2~364059403412904974
material,#mo/mtl_lm_p8_geo_basalt_rock_pillar_columns_01
image,#t8_geo_rock_basalt_ground_01_c&defaultspec~2990212926918649882
image,#t8_geo_rock_basalt_ground_01_n&t8_geo_rock_basalt_ground_01_g~5104964045384574408
material,#mo/mtl_lm_p8_geo_rock_basalt_ground_01
material,#mo/mtl_rock_fissure_dirt_01_dark
image,#c_t9_zmb_dlc4_dummy_protector_arm_c&c_t9_zmb_dlc4_dummy_protector_arm_s~17065050376428896722
image,#c_t9_zmb_dlc4_dummy_protector_arm_n&c_t9_zmb_dlc4_dummy_protector_arm_o&c_t9_zmb_dlc4_dummy_protector_arm_g~2684647830213366723
material,#mo/mtl_t9_zmb_dlc4_dummy_protector_arm
image,#default_black_0&defaultspec~10705415365039460964
image,#c_t9_zmb_dlc4_dummy_protector_eye_n&c_t9_zmb_dlc4_dummy_protector_eye_o&white~5920182560037462486
image,#c_t9_zmb_dlc4_dummy_protector_eye_e~6426522067900562000
material,#mo/mtl_t9_zmb_dlc4_dummy_protector_eye
image,#c_t9_zmb_dlc4_dummy_protector_hand_c&c_t9_zmb_dlc4_dummy_protector_hand_s~13625727498935992087
image,#c_t9_zmb_dlc4_dummy_protector_hand_n&c_t9_zmb_dlc4_dummy_protector_hand_o&c_t9_zmb_dlc4_dummy_protector_han~15005782656643294893
material,#mo/mtl_t9_zmb_dlc4_dummy_protector_hand
image,#mtl_veh_s4_air_plane_dalpha_wz_dynents_c&mtl_veh_s4_air_plane_dalpha_wz_dynents_s~2295194851794373865
image,#mtl_veh_s4_air_plane_dalpha_wz_dynents_n&mtl_veh_s4_air_plane_dalpha_wz_dynents_g~16347036803551423801
material,#mo/mtl_veh_s4_air_plane_dalpha_wz_dynents
material,#mo/mtl_veh_s4_mil_lnd_turret_quad_aa_01
material,#mo/mtl_veh_s4_mil_lnd_turret_quad_aa_02
image,#mtl_s4_veh_mil_lnd_turret_quad_aa_bullet_c&mtl_s4_veh_mil_lnd_turret_quad_aa_bullet_s~389561968911328900
image,#mtl_s4_veh_mil_lnd_turret_quad_aa_bullet_n&mtl_s4_veh_mil_lnd_turret_quad_aa_bullet_o&mtl_s4_veh_mil_lnd_tu~17891374097919598677
image,#mtl_veh_s4_mil_lnd_turret_quad_aa_bullet_thermal
material,#mo/mtl_veh_s4_mil_lnd_turret_quad_aa_bullet
image,#veh_s4_mil_lnd_turret_quad_aa_wz_gun_c&veh_s4_mil_lnd_turret_quad_aa_wz_gun_s~1653129789137198475
image,#veh_s4_mil_lnd_turret_quad_aa_wz_gun_n&veh_s4_mil_lnd_turret_quad_aa_wz_gun_g~78613399751522790
image,#mtl_veh_s4_mil_lnd_turret_quad_aa_gun_thermal
material,#mo/mtl_veh_s4_mil_lnd_turret_quad_aa_gun
image,#mtl_t9_veh_civ_ger_forklift_body_c&mtl_t9_veh_civ_ger_forklift_body_s~15069338938601789559
image,#mtl_t9_veh_civ_ger_forklift_body_n&mtl_t9_veh_civ_ger_forklift_body_g~14569693438254632139
material,#mo/mtl_veh_t9_civ_ger_forklift_body
image,#mtl_t9_veh_civ_ger_forklift_combined_parts_c&mtl_t9_veh_civ_ger_forklift_combined_parts_s~9037413854369921952
image,#mtl_t9_veh_civ_ger_forklift_combined_parts_n&mtl_t9_veh_civ_ger_forklift_combined_parts_g~4824436552742612350
material,#mo/mtl_veh_t9_civ_ger_forklift_combined_parts
techset,#mo/lit_3_lit_alt_ta1_200000040800000_1002000000000010_0_1_1_0_0_13830015b_0_0_1_0_0
image,#mtl_t9_veh_civ_ger_forklift_combined_parts_a~11181049923300888264
material,#mo/mtl_veh_t9_civ_ger_forklift_combined_parts_alpha
image,#veh_t9_drone_rcxd_antenna_c&veh_t9_drone_rcxd_antenna_s~9568521661132976771
image,#veh_t9_drone_rcxd_antenna_n&veh_t9_drone_rcxd_antenna_g~10583174094299547181
material,#mo/mtl_veh_t9_drone_rcxd_antenna
image,#veh_t9_drone_rcxd_body_c&veh_t9_drone_rcxd_body_s~12798302655996993733
image,#veh_t9_drone_rcxd_body_n&veh_t9_drone_rcxd_body_g~1068276995670103176
material,#mo/mtl_veh_t9_drone_rcxd_body
image,#veh_t9_drone_rcxd_bottom_c&veh_t9_drone_rcxd_bottom_s~3563713990124439293
image,#veh_t9_drone_rcxd_bottom_n&veh_t9_drone_rcxd_bottom_g~12507237809686449488
material,#mo/mtl_veh_t9_drone_rcxd_bottom
image,#mtl_veh_t9_drone_rcxd_c4_c&mtl_veh_t9_drone_rcxd_c4_s~16659388145087704085
image,#mtl_veh_t9_drone_rcxd_c4_n&mtl_veh_t9_drone_rcxd_c4_g~2643698946909136825
material,#mo/mtl_veh_t9_drone_rcxd_c4
image,#veh_t9_drone_rcxd_cables_c&veh_t9_drone_rcxd_cables_s~12751734026249028157
image,#veh_t9_drone_rcxd_cables_n&veh_t9_drone_rcxd_cables_g~10405105469184014046
material,#mo/mtl_veh_t9_drone_rcxd_cables
image,#veh_t9_drone_rcxd_circuitboard_c&veh_t9_drone_rcxd_circuitboard_s~2688641157275564573
image,#veh_t9_drone_rcxd_circuitboard_n&veh_t9_drone_rcxd_circuitboard_g~17139749410353828698
material,#mo/mtl_veh_t9_drone_rcxd_circuitboard
image,#white&defaultspec~3185927163104134690
image,#identitynormalmap&white~790563055638872367
material,#mo/mtl_veh_t9_drone_rcxd_emissive
image,#mtl_veh_t9_drone_rcxd_flashlight_c&mtl_veh_t9_drone_rcxd_flashlight_s~11503010424300954187
image,#mtl_veh_t9_drone_rcxd_flashlight_n&mtl_veh_t9_drone_rcxd_flashlight_g~5340708303829019636
material,#mo/mtl_veh_t9_drone_rcxd_flashlight
image,#mtl_veh_t9_drone_rcxd_flashlight_glass_c&defaultspec~16803958731984113144
image,#mtl_veh_t9_drone_rcxd_flashlight_glass_n&white~8733281982777162415
image,#gray~1222774384324996236
material,#mo/mtl_veh_t9_drone_rcxd_flashlight_glass
image,#mtl_veh_t9_drone_rcxd_parts_c&mtl_veh_t9_drone_rcxd_parts_s~1125947825077719263
image,#mtl_veh_t9_drone_rcxd_parts_n&mtl_veh_t9_drone_rcxd_parts_g~11672722265564515138
material,#mo/mtl_veh_t9_drone_rcxd_parts
image,#mtl_veh_t9_drone_rcxd_truck_c&mtl_veh_t9_drone_rcxd_truck_s~11187476497101727801
image,#mtl_veh_t9_drone_rcxd_truck_n&mtl_veh_t9_drone_rcxd_truck_g~1029280071621410684
material,#mo/mtl_veh_t9_drone_rcxd_truck
image,#mtl_veh_t9_drone_rcxd_truck_acc_c&mtl_veh_t9_drone_rcxd_truck_acc_s~10179310414678828948
image,#mtl_veh_t9_drone_rcxd_truck_acc_n&mtl_veh_t9_drone_rcxd_truck_acc_g~9634440733680654296
material,#mo/mtl_veh_t9_drone_rcxd_truck_acc
image,#mtl_veh_t9_drone_rcxd_truck_extras_c&mtl_veh_t9_drone_rcxd_truck_extras_s~10959004218077568392
image,#mtl_veh_t9_drone_rcxd_truck_extras_n&mtl_veh_t9_drone_rcxd_truck_extras_g~900477559146996334
material,#mo/mtl_veh_t9_drone_rcxd_truck_extras
image,#mtl_veh_t9_drone_rcxd_truck_headlights_c&mtl_veh_t9_drone_rcxd_truck_headlights_s~3391675991942327056
image,#mtl_veh_t9_drone_rcxd_truck_headlights_n&mtl_veh_t9_drone_rcxd_truck_headlights_g~592717980080935873
material,#mo/mtl_veh_t9_drone_rcxd_truck_headlights
image,#mtl_veh_t9_drone_rcxd_truck_hulagirl_c&mtl_veh_t9_drone_rcxd_truck_hulagirl_s~5332832553513382226
image,#mtl_veh_t9_drone_rcxd_truck_hulagirl_n&mtl_veh_t9_drone_rcxd_truck_hulagirl_g~11028933058512471000
material,#mo/mtl_veh_t9_drone_rcxd_truck_hulagirl
image,#mtl_veh_t9_drone_rcxd_truck_interior_c&mtl_veh_t9_drone_rcxd_truck_interior_s~15254597912989167027
image,#mtl_veh_t9_drone_rcxd_truck_interior_n&mtl_veh_t9_drone_rcxd_truck_interior_g~12763197668962476422
material,#mo/mtl_veh_t9_drone_rcxd_truck_interior
image,#veh_t9_drone_rcxd_truck_rear_c&veh_t9_drone_rcxd_truck_rear_s~18063788307549887437
image,#veh_t9_drone_rcxd_truck_rear_n&veh_t9_drone_rcxd_truck_rear_g~16255989931505731580
material,#mo/mtl_veh_t9_drone_rcxd_truck_rear
image,#veh_t9_drone_rcxd_wheel_c&veh_t9_drone_rcxd_wheel_s~10073516577761563697
image,#veh_t9_drone_rcxd_wheel_n&veh_t9_drone_rcxd_wheel_g~3724410957466478710
material,#mo/mtl_veh_t9_drone_rcxd_wheel
image,#mtl_veh_t9_mil_lnd_motorcycle_wz_body_c&mtl_veh_t9_mil_lnd_motorcycle_wz_body_s~5213428147086557728
image,#mtl_veh_t9_mil_lnd_motorcycle_wz_body_n&mtl_veh_t9_mil_lnd_motorcycle_wz_body_g~4789790052799434974
image,#mtl_veh_t9_mil_lnd_motorcycle_wz_body_thermal
material,#mo/mtl_veh_t9_mil_lnd_motorcycle_wz_body
image,#mtl_veh_t9_mil_lnd_motorcycle_wz_chain_c&defaultspec~5358681680332311419
image,#mtl_veh_t9_mil_lnd_motorcycle_wz_chain_n&mtl_veh_t9_mil_lnd_motorcycle_wz_chain_o&mtl_veh_t9_mil_lnd_motorcy~6480383313843283921
image,#mtl_veh_t9_mil_lnd_motorcycle_wz_chain_a&mtl_veh_t9_mil_lnd_motorcycle_wz_chain_a~12584207563384187487
image,#mtl_veh_t9_mil_lnd_motorcycle_wz_chain_thermal
material,#mo/mtl_veh_t9_mil_lnd_motorcycle_wz_chain
image,#mtl_veh_t9_motorcycle_gauges_c&defaultspec~12456327330138276117
image,#mtl_veh_t9_mil_lnd_motorcycle_wz_gauges_thermal
material,#mo/mtl_veh_t9_mil_lnd_motorcycle_wz_gauges
image,#mtl_veh_t9_mil_lnd_motorcycle_wz_light_c&defaultspec~6942116865420096620
image,#mtl_veh_t9_mil_lnd_motorcycle_wz_light_n&mtl_veh_t9_mil_lnd_motorcycle_wz_light_g~12625091608997747805
image,#mtl_veh_t9_mil_lnd_motorcycle_wz_light_e~1574964684174600940
image,#mtl_veh_t9_mil_lnd_motorcycle_wz_light_thermal
image,#mtl_veh_t9_mil_lnd_motorcycle_wz_light_t~11720884246975868150
material,#mo/mtl_veh_t9_mil_lnd_motorcycle_wz_light
image,#mtl_veh_t9_mil_lnd_motorcycle_wz_parts_c&mtl_veh_t9_mil_lnd_motorcycle_wz_parts_s~2521427076634588643
image,#mtl_veh_t9_mil_lnd_motorcycle_wz_parts_n&mtl_veh_t9_mil_lnd_motorcycle_wz_parts_g~18303153925865404921
image,#mtl_veh_t9_mil_lnd_motorcycle_wz_parts_thermal
material,#mo/mtl_veh_t9_mil_lnd_motorcycle_wz_parts
image,#nodraw&defaultspec~5265339210633480938
material,#mo/nodraw
techset,#mo/lit_3_lit_rpl_ta1_200000040801000_184a000010000010_0_1_1_0_0_13810015b_0_0_1_0_0
image,#offhand_grenade_smoke_c&offhand_grenade_smoke_s~5083380544565378003
image,#offhand_grenade_smoke_n&offhand_grenade_smoke_g~4735173543742098540
material,#mo/offhand_grenade_smoke
image,#offhand_vm_at_mine_c&offhand_vm_at_mine_s~2297041943303359148
image,#offhand_vm_at_mine_n&offhand_vm_at_mine_g~12589639615707429754
material,#mo/offhand_vm_at_mine_body
image,#offhand_vm_c4_c&offhand_vm_c4_s~16677539376183609735
image,#offhand_vm_c4_n&offhand_vm_c4_g~8820350658836780679
image,#offhand_vm_c4_c~1490888731354599754
image,#offhand_vm_c4_cl&
material,#mo/offhand_vm_c4
material,#mo/offhand_vm_c4_alpha
image,#offhand_vm_claymore_c&offhand_vm_claymore_s~9904272945596976955
image,#offhand_vm_claymore_n&offhand_vm_claymore_g~8296621151405723624
material,#mo/offhand_vm_claymore
image,#offhand_vm_deployable_cover_body_c&offhand_vm_deployable_cover_body_s~5215589135685654789
image,#offhand_vm_deployable_cover_body_n&offhand_vm_deployable_cover_body_g~7578010360524520547
material,#mo/offhand_vm_deployable_cover_body
techset,#mo/lit_3_lit_bad_tca_200000040000802_1042000000000010_0_1_1_0_0_13810015b_0_0_3_0_0
image,#offhand_vm_deployable_cover_decals_c&defaultspec~9514016912071118250
image,#offhand_vm_deployable_cover_decals_n&offhand_vm_deployable_cover_decals_g~17009603158806563053
material,#mo/offhand_vm_deployable_cover_decals
image,#offhand_vm_grenade_decoy_body_c&offhand_vm_grenade_decoy_body_s~17853267124319647598
image,#offhand_vm_grenade_decoy_body_n&offhand_vm_grenade_decoy_body_g~9133847939997804059
material,#mo/offhand_vm_grenade_decoy_body
image,#offhand_vm_grenade_decoy_glass_c&offhand_vm_grenade_decoy_glass_s~16182532159756574679
image,#offhand_vm_grenade_decoy_glass_n&offhand_vm_grenade_decoy_glass_g~1471868470292044923
material,#mo/offhand_vm_grenade_decoy_glass_frontend
techset,#mo/lit_3_lit_rpl_ta1_200000040800800_184a000010000010_0_1_1_0_0_13814415b_0_0_1_0_0
image,#offhand_vm_grenade_mike67_c&offhand_vm_grenade_mike67_s~13486805948718333020
image,#offhand_vm_grenade_mike67_n&offhand_vm_grenade_mike67_g~17606037529601019869
image,#offhand_vm_grenade_mike67_thermalmap
material,#mo/offhand_vm_grenade_mike67
image,#offhand_vm_grenade_semtex_c&offhand_vm_grenade_semtex_s~4476291598260643999
image,#offhand_vm_grenade_semtex_n&offhand_vm_grenade_semtex_g~15519556175265460041
material,#mo/offhand_vm_grenade_semtex
image,#offhand_vm_grenade_snapshot_body_c&offhand_vm_grenade_snapshot_body_s~2841394228145178403
image,#offhand_vm_grenade_snapshot_body_n&offhand_vm_grenade_snapshot_body_g~12684948076823785191
material,#mo/offhand_vm_grenade_snapshot_body
image,#offhand_vm_grenade_snapshot_glass_c&defaultspec~3318784292858307968
image,#offhand_vm_grenade_snapshot_glass_n&offhand_vm_grenade_snapshot_glass_g~11480820309120990665
image,#offhand_vm_grenade_snapshot_glass_c~9195156259584772623
image,#offhand_vm_grenade_snapshot_glass_c~1288871265455448180
material,#mo/offhand_vm_grenade_snapshot_glass
image,#offhand_vm_grenade_teargas_c&offhand_vm_grenade_teargas_s~7119141496959046906
image,#offhand_vm_grenade_teargas_n&offhand_vm_grenade_teargas_g~17100709992088442800
material,#mo/offhand_vm_grenade_teargas
image,#offhand_vm_grenade_thermite_c&offhand_vm_grenade_thermite_s~14781434768950203929
image,#offhand_vm_grenade_thermite_n&offhand_vm_grenade_thermite_g~7699867899762318426
material,#mo/offhand_vm_grenade_thermite
image,#offhand_vm_molotov_bottle_c&offhand_vm_molotov_bottle_s~10805244238567619200
image,#offhand_vm_molotov_bottle_n&offhand_vm_molotov_bottle_g~8493161042361162776
material,#mo/offhand_vm_molotov_bottle_opaque
image,#offhand_vm_molotov_wick_c&offhand_vm_molotov_wick_s~11337815611039364698
image,#offhand_vm_molotov_wick_n&offhand_vm_molotov_wick_g~14643877161262014631
image,#offhand_vm_molotov_wick_thermalmap
image,#offhand_vm_molotov_wick_sheen~3367200286376654212
image,#offhand_vm_molotov_wick_sheen
material,#mo/offhand_vm_molotov_wick
techset,#mo/lit_3_lit_rpl_ta1_200000040801000_1042000010000012_0_1_1_0_0_113810015b_0_0_1_0_0
image,#offhand_vm_poprocket_launcher_c&offhand_vm_poprocket_launcher_s~7319080870012708765
image,#offhand_vm_poprocket_launcher_n&offhand_vm_poprocket_launcher_g~6384025740527569550
material,#mo/offhand_vm_poprocket_launcher
image,#offhand_vm_poprocket_projectile_c&offhand_vm_poprocket_projectile_s~13697617606788186086
image,#offhand_vm_poprocket_projectile_n&offhand_vm_poprocket_projectile_g~10672807021283243878
material,#mo/offhand_vm_poprocket_projectile
image,#offhand_vm_stim_glass_body_c&offhand_vm_stim_glass_body_s~819033746067579963
image,#offhand_vm_stim_glass_body_n&offhand_vm_stim_glass_body_g~15402870195466416233
image,#offhand_vm_stim_glass_body_a~12342763864236741001
material,#mo/offhand_vm_stim_body_glass_frontend
techset,#mo/lit_3_lit_bad_ta1_200000040000802_1042000000000010_0_1_1_0_0_13810035b_0_0_1_0_0
image,#offhand_vm_stim_glass_chamber_c&offhand_vm_stim_glass_chamber_s~15320576219462741674
image,#offhand_vm_stim_glass_chamber_n&offhand_vm_stim_glass_chamber_g~11605273496583581929
image,#offhand_vm_stim_glass_chamber_a~17064697097758887839
material,#mo/offhand_vm_stim_chamber_glass_frontend
image,#offhand_vm_stim_liquid_c&offhand_vm_stim_liquid_s~16037680207409364420
image,#offhand_vm_stim_liquid_n&offhand_vm_stim_liquid_g~9306700015278215338
material,#mo/offhand_vm_stim_liquid_frontend
techset,#mo/lit_3_lit_rpl_ta1_200000040800840_184a000010000010_0_1_1_0_0_13814415b_0_0_1_0_0
image,#offhand_vm_tablet_c&offhand_vm_tablet_s~4573518659272446005
image,#offhand_vm_tablet_n&offhand_vm_tablet_g~13321338095540291086
image,#offhand_vm_tablet_body_thermalmap
material,#mo/offhand_vm_tablet_body
image,#offhand_vm_tablet_screen_c&offhand_vm_tablet_screen_s~13077821038597646421
image,#offhand_vm_tablet_screen_n&offhand_vm_tablet_screen_g~12323244296324035831
image,#offhand_vm_tablet_screen_c~3581778417762654752
material,#mo/offhand_vm_tablet_screen_frontend
techset,#mo/lit_3_lit_rpl_ta1_200000040800800_1042000000000010_0_1_1_0_0_13810015b_0_0_1_0_0
image,#offhand_vm_trophy_system_body_c&offhand_vm_trophy_system_body_s~4467211921674833021
image,#offhand_vm_trophy_system_body_n&offhand_vm_trophy_system_body_g~7027780584490447360
material,#mo/offhand_vm_trophy_system_body
image,#offhand_vm_trophy_system_body_2_c&offhand_vm_trophy_system_body_2_s~2669005562161739232
image,#offhand_vm_trophy_system_body_2_n&offhand_vm_trophy_system_body_2_g~8484625460449518470
material,#mo/offhand_vm_trophy_system_body_2
image,#storage_oil_drum_01_c&defaultspec~3970264942178759239
image,#storage_oil_drum_01_n&storage_oil_drum_01_g~15562328284520437821
material,#mo/oil_drum_01
material,#mo/oil_drum_01_yellow
image,#perk_patch_assault_c&emblem_patch_textured_specular~10081576724648914745
image,#perk_patch_assault_n&perk_patch_assault_g~11016789488561142371
image,#pouch_perk_patch_assault_sheen
material,#mo/pouch_perk_patch_assault
image,#perk_patch_engineer_c&emblem_patch_textured_specular~15547186011154507360
image,#perk_patch_engineer_n&perk_patch_engineer_g~4610333781215876175
image,#pouch_perk_patch_engineer_sheen
material,#mo/pouch_perk_patch_engineer
image,#perk_patch_medic_c&emblem_patch_textured_specular~219002681879457982
image,#perk_patch_medic_n&perk_patch_medic_g~3972047914607351547
image,#pouch_perk_patch_medic_sheen
material,#mo/pouch_perk_patch_medic
image,#perk_patch_titan_c&emblem_patch_textured_specular~18346007953164735658
image,#perk_patch_titan_n&perk_patch_titan_g~6897970523731175704
image,#pouch_perk_patch_titan_sheen
material,#mo/pouch_perk_patch_titan
image,#perk_patch_vanguard_c&emblem_patch_textured_specular~10299084329454628134
image,#perk_patch_vanguard_n&perk_patch_vanguard_g~16216171199402450789
image,#pouch_perk_patch_vanguard_sheen
material,#mo/pouch_perk_patch_vanguard
material,#mo/rock_fissure_01_dirt_dark
image,#sign_emergency_exit_light_01_c&sign_emergency_exit_light_01_s~7920805511878956133
image,#sign_emergency_exit_light_01_n&sign_emergency_exit_light_01_g~1341423000256569974
image,#sign_emergency_exit_light_01_e~12354959431913979364
material,#mo/sign_emergency_exit_light_01_on
image,#glass_plastic_01_e&defaultspec~1431858466072265798
image,#glass_plastic_01_e~15854677741624160009
material,#mo/sign_emergency_exit_lightglass_01_on
image,#uk_house_gutter_set_01_c&defaultspec~5419461338696821903
image,#uk_house_gutter_set_01_n&uk_house_gutter_set_01_g~17313349117436366813
material,#mo/uk_house_gutter_set_01
image,#uk_industrial_light_01_clean_ch2_n&uk_industrial_light_01_clean_ch2_g~10228886141069146271
material,#mo/uk_industrial_light_01_clean_ch2
image,#uk_metal_frame_warehouse_01_c&uk_metal_frame_warehouse_01_s~8105972211838297109
image,#uk_metal_frame_warehouse_01_n&uk_metal_frame_warehouse_01_g~15586404953216272331
material,#mo/uk_metal_frame_warehouse_01
image,#uk_storage_wall_light_01_c&uk_storage_wall_light_01_s~9136507857436240431
image,#uk_storage_wall_light_01_n&uk_storage_wall_light_01_g~14271301704458785165
material,#mo/uk_storage_wall_light_01
material,#mo/uk_storage_wall_light_01_glass
image,#vent_industrial_exhaust_01_c&vent_industrial_exhaust_01_s~12887667907591187095
image,#vent_industrial_exhaust_01_n&vent_industrial_exhaust_01_g~6272666246270355556
material,#mo/vent_industrial_exhaust_01
image,#vent_industrial_exhaust_01_alpha_c&defaultspec~3995153117775774578
image,#vent_industrial_exhaust_01_alpha_n&vent_industrial_exhaust_01_alpha_g~1862223015859964305
image,#vent_industrial_exhaust_01_alpha_sdf~119187499519768273
material,#mo/vent_industrial_exhaust_01_alpha
image,#vfx_debris_metal_a_c&defaultspec~1949967883216740321
image,#vfx_debris_metal_a_n&vfx_debris_metal_a_o&white~8399095670646759220
material,#mo/vfx_debris_metal_a
image,#vfx_test_burning_plate_1~3883406283155484019
material,#mo/vfx_test_burning_plate_1
techset,#mo/lit_3_lit_rpl_ta1_200000040801840_1042000011000030_0_3_1_0_0_13814415b_0_0_1_0_0_0_0_7818015f_0_1_2_0_0_0_0_b818015f_0_1_2_0_0
image,#weapon_vm_ar_t9standard_barrel_c&weapon_vm_ar_t9standard_barrel_s~5371020314654062539
image,#weapon_vm_ar_t9standard_barrel_n&weapon_vm_ar_t9standard_barrel_g~4171717109069315581
image,#weapon_vm_ar_t9standard_barre_thermal
image,#weapon_vm_ar_t9standard_barrel_cm
material,#mo/weapon_vm_ar_t9standard_barrel
techset,#mo/lit_3_lit_rpl_ta1_200000040801840_1042000011000030_0_1_1_0_0_13814415b_0_0_1_0_0
image,#weapon_vm_ar_t9standard_bullet_c&weapon_vm_ar_t9standard_bullet_s~2678916145935728050
image,#weapon_vm_ar_t9standard_bullet_n&weapon_vm_ar_t9standard_bullet_g~5907517685742038365
image,#weapon_vm_ar_t9standard_bullet_thermal
material,#mo/weapon_vm_ar_t9standard_bullet
image,#weapon_vm_ar_t9standard_handguard_grip_c&weapon_vm_ar_t9standard_handguard_grip_s~14108704167235477710
image,#weapon_vm_ar_t9standard_handguard_grip_n&weapon_vm_ar_t9standard_handguard_grip_g~4977435941374376848
image,#weapon_vm_ar_t9standard_handguard_grip_thermal
image,#weapon_vm_ar_t9standard_handguard_grip_cm
material,#mo/weapon_vm_ar_t9standard_handguard_grip
image,#weapon_vm_ar_t9standard_mag_c&weapon_vm_ar_t9standard_mag_s~12901332298005217236
image,#weapon_vm_ar_t9standard_mag_n&weapon_vm_ar_t9standard_mag_g~4742641968289020994
image,#weapon_vm_ar_t9standard_mag_thermal
image,#weapon_vm_ar_t9standard_mag_cm
material,#mo/weapon_vm_ar_t9standard_mag
image,#weapon_vm_ar_t9standard_patch_tape_c&weapon_vm_ar_t9standard_patch_tape_s~17416006985410278499
image,#weapon_vm_ar_t9standard_patch_tape_n&weapon_vm_ar_t9standard_patch_tape_g~7143063183756158091
image,#weapon_vm_ar_t9standard_patch_tape_thermal
image,#weapon_vm_ar_t9standard_patch_tape_cm
material,#mo/weapon_vm_ar_t9standard_patch_tape
image,#weapon_vm_ar_t9standard_receiver_lower_c&weapon_vm_ar_t9standard_receiver_lower_s~12276529889260788253
image,#weapon_vm_ar_t9standard_receiver_lower_n&weapon_vm_ar_t9standard_receiver_lower_g~3677155156355666936
image,#weapon_vm_ar_t9standard_receiver_lower_thermal
image,#weapon_vm_ar_t9standard_receiver_lower_cm
material,#mo/weapon_vm_ar_t9standard_receiver_lower
image,#weapon_vm_ar_t9standard_receiver_upper_c&weapon_vm_ar_t9standard_receiver_upper_s~3424313133869863055
image,#weapon_vm_ar_t9standard_receiver_upper_n&weapon_vm_ar_t9standard_receiver_upper_g~7385072292759654218
image,#weapon_vm_ar_t9standard_receiver_upper_thermal
image,#weapon_vm_ar_t9standard_receiver_upper_cm
material,#mo/weapon_vm_ar_t9standard_receiver_upper
image,#weapon_vm_ar_t9standard_sight_front_off_c&weapon_vm_ar_t9standard_sight_front_off_s~13593056398987387464
image,#weapon_vm_ar_t9standard_sight_front_off_n&weapon_vm_ar_t9standard_sight_front_off_g~3663934211801791339
image,#weapon_vm_ar_t9standard_sight_front_off_thermal
image,#weapon_vm_ar_t9standard_sight_front_off_cm
material,#mo/weapon_vm_ar_t9standard_sight_front_off
image,#weapon_vm_ar_t9standard_sight_rear_c&weapon_vm_ar_t9standard_sight_rear_s~12943456537637783546
image,#weapon_vm_ar_t9standard_sight_rear_n&weapon_vm_ar_t9standard_sight_rear_g~14985544264253301281
image,#weapon_vm_ar_t9standard_sight_rear_thermal
image,#weapon_vm_ar_t9standard_sight_rear_cm
material,#mo/weapon_vm_ar_t9standard_sight_rear
image,#weapon_vm_ar_t9standard_strap_bo1_c&weapon_vm_ar_t9standard_strap_bo1_s~7845843119701303078
image,#weapon_vm_ar_t9standard_strap_bo1_n&weapon_vm_ar_t9standard_strap_bo1_g~6243125284089083310
image,#weapon_vm_ar_t9standard_strap_bo1_thermal
image,#weapon_vm_ar_t9standard_strap_bo1_cm
material,#mo/weapon_vm_ar_t9standard_strap_bo1
techset,#mo/lit_3_lit_alt_ta1_200000040821800_1042000011000030_0_1_1_0_0_13830015b_0_0_1_0_0
image,#weapon_vm_ar_t9standard_strap_decals_c&defaultspec~10548879961333321620
image,#weapon_vm_ar_t9standard_strap_decals_n&white~15694026244721141363
image,#weapon_vm_ar_t9standard_strap_decals_c~149750403690315986
material,#mo/weapon_vm_ar_t9standard_strap_decals
techset,#mo/lit_3_lit_rpl_ta1_200000040800000_1042000010000010_0_3_1_0_0_13810015b_0_0_1_0_0_0_0_7818015f_0_1_2_0_0_0_0_b818015f_0_1_2_0_0
image,#weapon_vm_me_drill_knife_c&weapon_vm_me_drill_knife_s~11334771074764046466
image,#weapon_vm_me_drill_knife_n&weapon_vm_me_drill_knife_g~11528972690698969381
image,#weapon_vm_me_drill_knife_cm
material,#mo/weapon_vm_me_drill_knife
techset,#mo/lit_3_lit_rpl_ta1_200000040800800_184a000010000010_0_3_1_0_0_13810015b_0_0_1_0_0_0_0_7818015f_0_1_2_0_0_0_0_b818015f_0_1_2_0_0
image,#weapon_vm_me_tactical_knife_v12_c&weapon_vm_me_tactical_knife_v12_s~14028423142989320704
image,#weapon_vm_me_tactical_knife_v12_n&weapon_vm_me_tactical_knife_v12_g~858872862510306420
image,#weapon_vm_me_tactical_knife_v12_cm
material,#mo/weapon_vm_me_tactical_knife_v12
image,#weapon_vm_me_tactical_knife_v42_c&weapon_vm_me_tactical_knife_v42_s~7510054938373591780
image,#weapon_vm_me_tactical_knife_v42_n&weapon_vm_me_tactical_knife_v42_g~3663408177783341525
image,#weapon_vm_me_tactical_knife_v42_cm
material,#mo/weapon_vm_me_tactical_knife_v42
image,#weapon_vm_me_tactical_knife_v66_c&weapon_vm_me_tactical_knife_v66_s~16110438821426139452
image,#weapon_vm_me_tactical_knife_v66_n&weapon_vm_me_tactical_knife_v66_g~5080358520619672379
image,#weapon_vm_me_tactical_knife_v66_cm
material,#mo/weapon_vm_me_tactical_knife_v66
techset,#mo/lit_3_lit_bad_ta1_200000040000802_1042000000001015_0_1_1_0_0_13810035b_0_0_1_0_0
image,#weapon_vm_riotshield_glass_c&weapon_vm_riotshield_glass_s~4713268244175718945
image,#weapon_vm_riotshield_glass_n&weapon_vm_riotshield_glass_g~17019153176862766600
image,#weapon_vm_riotshield_glass_t
image,#weapon_vm_riotshield_glass_tr~18249276565563711580
material,#mo/weapon_vm_riotshield_glass_ext_sorting
techset,#mo/lit_3_lit_bar_ta1_200000040000802_1042000000081015_0_1_1_0_0_13810075b_0_0_1_0_0
material,#mo/weapon_vm_riotshield_glass_in_sorting
image,#weapon_vm_riotshield_v2_body_ext_c&weapon_vm_riotshield_v2_body_ext_s~14554935774151509806
image,#weapon_vm_riotshield_v2_body_ext_n&weapon_vm_riotshield_v2_body_ext_g~13051079382253429015
image,#weapon_vm_riotshield_v2_body_ext_cm
material,#mo/weapon_vm_riotshield_v2_body_ext
image,#weapon_vm_riotshield_v2_body_int_c&weapon_vm_riotshield_v2_body_int_s~15456064945328617824
image,#weapon_vm_riotshield_v2_body_int_n&weapon_vm_riotshield_v2_body_int_g~9651116447819671177
image,#weapon_vm_riotshield_v2_body_int_cm
material,#mo/weapon_vm_riotshield_v2_body_int
material,#mo/weapon_vm_riotshield_v2_glass_ext
material,#mo/weapon_vm_riotshield_v2_glass_int
image,#weapon_vm_riotshield_v3_body_ext_c&weapon_vm_riotshield_v3_body_ext_s~3203947314884402069
image,#weapon_vm_riotshield_v3_body_ext_n&weapon_vm_riotshield_v3_body_ext_g~8182264258250587644
image,#weapon_vm_riotshield_v3_body_ext_cm
material,#mo/weapon_vm_riotshield_v3_body_ext
image,#weapon_vm_riotshield_v3_body_int_c&weapon_vm_riotshield_v3_body_int_s~5014107782935243895
image,#weapon_vm_riotshield_v3_body_int_n&weapon_vm_riotshield_v3_body_int_g~12083171281393770978
image,#weapon_vm_riotshield_v3_body_int_cm
material,#mo/weapon_vm_riotshield_v3_body_int
image,#weapon_vm_riotshield_v6_body_ext_c&weapon_vm_riotshield_v6_body_ext_s~4893042340740505668
image,#weapon_vm_riotshield_v6_body_ext_n&weapon_vm_riotshield_v6_body_ext_g~14636597720537328325
image,#weapon_vm_riotshield_v6_body_ext_cm
material,#mo/weapon_vm_riotshield_v6_body_ext
image,#weapon_vm_riotshield_v6_body_int_c&weapon_vm_riotshield_v6_body_int_s~18320757211588659906
image,#weapon_vm_riotshield_v6_body_int_n&weapon_vm_riotshield_v6_body_int_g~16409488329717943225
image,#weapon_vm_riotshield_v6_body_int_cm
material,#mo/weapon_vm_riotshield_v6_body_int
image,#weapon_vm_riotshield_v8_body_ext_c&weapon_vm_riotshield_v8_body_ext_s~5573482167909559585
image,#weapon_vm_riotshield_v8_body_ext_n&weapon_vm_riotshield_v8_body_ext_g~14373965104956641523
image,#weapon_vm_riotshield_v8_body_ext_cm
material,#mo/weapon_vm_riotshield_v8_body_ext
image,#weapon_vm_riotshield_v8_body_int_c&weapon_vm_riotshield_v8_body_int_s~14009294791855388752
image,#weapon_vm_riotshield_v8_body_int_n&weapon_vm_riotshield_v8_body_int_g~15461439135204929200
image,#weapon_vm_riotshield_v8_body_int_cm
material,#mo/weapon_vm_riotshield_v8_body_int
material,#mo/weapon_vm_riotshield_v8_glass_ext
material,#mo/weapon_vm_riotshield_v8_glass_int
material,#mo/x2_assault_painted_dirt_decal
image,#x2_assault_painted_metal_decals_c&x2_assault_painted_metal_decals_s~735141388403376277
image,#x2_assault_painted_metal_decals_n&x2_assault_painted_metal_decals_g~4081511339937517997
image,#black~16520115593714739830
image,#x2_assault_painted_metal_decals_c~691613506848392515
material,#mo/x2_assault_painted_metal_decal
image,#x2_assault_painted_metal_decals_e~2799224125138238996
material,#mo/x2_assault_painted_metal_light
material,#msco/building_wire_end_01
material,#mso/metal_chains_01
image,#weapon_vm_ar_falima_mag_ext2_c&weapon_vm_ar_falima_mag_ext2_s~15556365786079564515
image,#weapon_vm_ar_falima_mag_ext2_n&weapon_vm_ar_falima_mag_ext2_g~13556947244577213674
image,#weapon_vm_ar_falima_mag_ext2_thermalmap
image,#weapon_vm_ar_falima_mag_ext2_t
image,#weapon_shared_black_cm
material,#tm2o/weapon_vm_ar_falima_mag_ext2
image,#military_workbench_02_c&military_workbench_02_s~7532683964384309036
image,#military_workbench_02_n&military_workbench_02_o&military_workbench_02_g~7309406576177735517
material,#tml/test_gunsmith_workbench_2
image,#military_workbench_03_c&defaultspec~10469715737804874293
image,#military_workbench_03_n&military_workbench_03_g~6637128417449117204
material,#tml/test_gunsmith_workbench_3
image,#military_workbench_03_c2&defaultspec~11864774773018580340
material,#tml/test_gunsmith_workbench_4
image,#accessory_gun_cleaning_kit_c&accessory_gun_cleaning_kit_s~15544178545944082446
image,#accessory_gun_cleaning_kit_n&accessory_gun_cleaning_kit_g~2434784460851064637
material,#tmo/accessory_gun_cleaning_kit
image,#accessory_watch_stand_frontend_01_c&accessory_watch_stand_frontend_01_s~10740143869892523841
image,#accessory_watch_stand_frontend_01_n&accessory_watch_stand_frontend_01_g~14485262214647187749
material,#tmo/accessory_watch_stand_frontend_01
image,#attachment_vm_mpapa_mag_c&attachment_vm_mpapa_mag_s~14588354260883490603
image,#attachment_vm_mpapa_mag_n&attachment_vm_mpapa_mag_g~7316947034164507023
image,#attachment_vm_mpapa_mag_thermalmap
image,#attachment_vm_mpapa_mag_cm
material,#tmo/attachment_vm_mpapa_mag
image,#attachment_vm_mpapa_mag_glass_thermalmap
image,#attachment_vm_mpapa_mag_c~7716948275809056614
material,#tmo/attachment_vm_mpapa_mag_glass
image,#decor_gunsmith_sandbag_flat_c&defaultspec~10038896096761679398
image,#micro_fabric_carbon_fiber_01_256ppi_c~1600107347297704094
image,#decor_gunsmith_sandbag_flat_n&decor_gunsmith_sandbag_flat_g~5609286331221351541
image,#micro_fabric_carbon_fiber_01_256ppi_n&white~9874705016749495676
image,#decor_gunsmith_sandbag_flat_msk~16792633559387079577
material,#tmo/decor_gunsmith_sandbag_flat
image,#decor_gunsmith_sandbag_folded_c&defaultspec~4289656510553592539
image,#decor_gunsmith_sandbag_folded_n&decor_gunsmith_sandbag_folded_g~6210571071859783256
image,#decor_gunsmith_sandbag_folded_msk~8235822114713407524
material,#tmo/decor_gunsmith_sandbag_folded
image,#do_back_plate_set_a_layer_a&defaultspec~15667228933390771764
image,#do_back_plate_set_a_layer_a~6132532020684562911
material,#tmo/do_back_plate_set_a_layer_a
image,#do_back_plate_set_a_layer_b&defaultspec~9053012203718749487
image,#do_back_plate_set_a_layer_b~7058735665967346973
image,#do_back_plate_set_a_layer_b_alpha~4005637221238493448
material,#tmo/do_back_plate_set_a_layer_b
image,#do_back_plate_set_a_layer_c&defaultspec~1250555913100190260
image,#do_back_plate_set_a_layer_c~7667095051703000994
image,#do_back_plate_set_a_layer_c_alpha~14968803859327020716
material,#tmo/do_back_plate_set_a_layer_c
image,#black&military_bullet_44_mag_s~10012772392605962803
image,#military_bullet_44_mag_n&military_bullet_44_mag_g~18062911251163404299
material,#tmo/military_bullet_44_mag
image,#black&military_bullet_50_cal_s~1797664284951494230
image,#military_bullet_50_cal_n&military_bullet_50_cal_g~4020491260120324051
material,#tmo/military_bullet_50_cal
image,#qm_back_plate_set_a&defaultspec~13846681291927086519
image,#qm_back_plate_set_a~10351276726654191021
material,#tmo/military_frontend_gunrange_01
image,#qm_back_plate_set_a_alpha~3282617800516991830
material,#tmo/military_frontend_gunrange_01_alpha
material,#tmo/military_frontend_gunrange_01_holder
image,#mtl_zmb_fe_theater_marquee_letters_c&defaultspec~11898101045502118353
image,#identitynormalmap&mtl_zmb_fe_theater_marquee_letters_g~14573436504168051100
image,#mtl_zmb_fe_theater_marquee_letters_c~2527330012301544632
image,#mtl_zmb_fe_theater_marquee_letters_t~11309724761628813526
image,#mtl_zmb_fe_theater_marquee_letters_t~15217932732518299128
material,#tmo/mtl_zmb_fe_theater_marquee_letters
image,#macro_concrete_damaged_01_c&defaultspec~18246076183585376594
image,#macro_concrete_damaged_02_c&defaultspec~5110306788833060872
image,#rubble_pile_large_01_softblend&defaultspec~18075873714815470158
image,#macro_concrete_damaged_01_n&macro_concrete_damaged_01_g~245709341239023770
image,#macro_concrete_damaged_02_n&macro_concrete_damaged_02_g~13461989250130438833
image,#rubble_pile_large_01_n&rubble_pile_large_01_g~6996774667061903278
image,#rubble_pile_large_01_blend_m&white~6703447292267713707
material,#tmo/rubble_pile_large_01
image,#military_workbench_frame_c&military_workbench_frame_s~12683048263717171851
image,#military_workbench_frame_n&military_workbench_frame_g~14251790099459646114
image,#micro_metal_painted_01_n&micro_metal_painted_01_g~6457692711984485659
material,#tmo/test_gunsmith_workbench_frame
image,#vfx_shell_ar_c&vfx_shell_ar_s~16162137995211521845
image,#vfx_shell_ar_n&vfx_shell_ar_g~14024512242467858403
material,#tmo/vfx_shell_ar_viewmodel_frontend
material,#tmo/weapon_vm_ar_falima_mag_ext2
image,#weapon_vm_sh_charlie725_shell_c&weapon_vm_sh_charlie725_shell_s~16442316969811937382
image,#weapon_vm_sh_charlie725_shell_n&weapon_vm_sh_charlie725_shell_g~121297942451643232
image,#weapon_vm_sh_charlie725_shell_thermalmap
material,#tmo/weapon_vm_sh_charlie725_shell
image,#black&black~12413820644349288313
material,#tw/black_solid
image,#brick_worn_modern_01_c&defaultspec~5950447884764743819
image,#brick_worn_modern_01_n&brick_worn_modern_01_o&brick_worn_modern_01_g~13486823278704759128
material,#tw/brick_worn_modern_01
image,#concrete_floor_polished_02_c&defaultspec~17607938740195194904
image,#concrete_floor_polished_02_n&concrete_floor_polished_02_o&concrete_floor_polished_02_g~4017006528059518787
material,#tw/concrete_floor_polished_02
image,#concrete_polished_01_c&defaultspec~3041754408412664563
image,#concrete_polished_01_n&concrete_polished_01_g~15897948887359962087
material,#tw/concrete_polished_01_ssr_dark_frontend_2
image,#drywall_wallpaper_02_c&defaultspec~10672410872707432024
image,#drywall_wallpaper_01_n&drywall_wallpaper_01_g~5958174964304338945
material,#tw/drywall_wallpaper_02_tan
image,#linoleum_tile_dirty_01_c&defaultspec~16561776388065371067
image,#linoleum_tile_dirty_01_n&linoleum_tile_dirty_01_g~2071745607373416328
material,#tw/linoleum_tile_dirty_01
image,#gray&defaultspec~660163353341828846
image,#micro_wood_maple_01_c~11172398352703844810
image,#micro_wood_maple_01_n&white~8342103508260379351
material,#tw/micro_wood_maple_01
image,#rp_wood_base_01_c&defaultspec~5580774427860533746
image,#rp_wood_base_01_n&rp_wood_base_01_g~15079255779943389325
material,#tw/rp_wood_wall_01
image,#rubber_trim_black_baseboard_01_c&defaultspec~18276478902936742479
image,#rubber_trim_black_baseboard_01_n&rubber_trim_black_baseboard_01_g~11248426518452466799
material,#tw/rubber_trim_black_baseboard_01
image,#sky_dev_frontend_east_a
material,#tw/sky_dev_frontend_east_a
image,#sky_dev_frontend_gunbench
material,#tw/sky_dev_frontend_gunbench
image,#sky_dev_frontend_quartermaster
material,#tw/sky_dev_frontend_quartermaster
image,#sky_dev_frontend_west_a
material,#tw/sky_dev_frontend_west_a
image,#sky_mp_iw8_frontend_aviation
image,#sky_dev_thermal
material,#tw/sky_mp_iw8_frontend_aviation
image,#sky_mp_wz_island_s5
material,#tw/sky_mp_wz_island_s5
image,#concrete_brushed_spotty_01_c&defaultspec~3167123666998981598
image,#concrete_brushed_spotty_01_n&concrete_brushed_spotty_01_g~9528016251422581793
material,#twc/concrete_brushed_spotty_01_dec
image,#concrete_edge_corner_01_dec_c&defaultspec~3777558372420620701
image,#identitynormalmap&concrete_edge_corner_01_dec_g~18105818251199008024
image,#concrete_edge_corner_01_dec_c~5691036886913561859
material,#twc/concrete_edge_corner_01_dec
image,#concrete_stain_01_dec_c&defaultspec~8346632449607698820
image,#concrete_stain_01_dec_n&white~13042221798740764111
image,#concrete_stain_01_dec_c~10085461391376665495
material,#twc4/11n_19n
image,#dirt_scuff_marks_01_dec_c&defaultspec~7411664359973350618
image,#dirt_scuff_marks_01_dec_c~12321156121170088453
material,#twc4/11n_19n_23
material,#twc4/28n_29n
image,#identitynormalmap&black~244349160804753144
material,#w/black_solid_nogloss
image,#concrete_horizontal_striped_01_c&defaultspec~1101819172728702646
image,#concrete_horizontal_striped_01_n&concrete_horizontal_striped_01_g~8842928412982621502
material,#w/concrete_horizontal_striped_01
material,#w/concrete_polished_01
image,#concrete_polished_01_c_frontend&defaultspec~17173070861673296609
image,#concrete_polished_01_n&concrete_polished_01_frontend_g~17132105271436276071
material,#w/concrete_polished_01_frontend
material,#w/concrete_polished_01_ssr_dark_frontend
material,#w/concrete_polished_01_ssr_dark_frontend_store
image,#plaster_painted_white_02_c&defaultspec~12589240972894416292
image,#plaster_painted_white_02_n&plaster_painted_white_02_g~15597937019187775082
material,#w/concrete_rough_ridges_01_tan
image,#concrete_slabs_01_c&defaultspec~9718245066978213279
image,#concrete_slabs_01_n&concrete_slabs_01_g~10991049956746746897
material,#w/concrete_slabs_01_stained
image,#icon_rarity_1_lg~6110786142515172088
image,#icon_rarity_1_lg_a~14955561011001133062
material,#w/frontend_rarity_1
image,#icon_rarity_2_lg~3540641740622795981
image,#icon_rarity_2_lg_a~6244873007939877039
material,#w/frontend_rarity_2
image,#icon_rarity_3_lg~10589578877323431596
image,#icon_rarity_3_lg_a~8817575725903589048
material,#w/frontend_rarity_3
image,#icon_rarity_4_lg~2988468621344669631
image,#icon_rarity_4_lg_a~7245978436146543804
material,#w/frontend_rarity_4
image,#icon_rarity_5_lg~14865796237714059907
image,#icon_rarity_5_lg_a~13381025875290759235
material,#w/frontend_rarity_5
image,#lm_jpn_rock_lava_01_c&defaultspec~11146900788111061297
image,#lm_jpn_rock_lava_01_n&lm_jpn_rock_lava_01_g~17729958531079381077
material,#w/lm_jpn_rock_lava_01
image,#metal_grating_catwalk_sdf_01_c&metal_grating_catwalk_sdf_01_s~10386917618439424508
image,#metal_grating_catwalk_sdf_01_n&metal_grating_catwalk_sdf_01_o&metal_grating_catwalk_sdf_01_g~3938858395123001385
image,#metal_grating_catwalk_sdf_01_c~13631441036778233798
material,#w/metal_grating_catwalk_sdf_01
image,#metal_painted_nova_ship_trims_01_c&metal_painted_nova_ship_trims_01_s~14961089424243648590
image,#metal_painted_nova_ship_trims_01_n&metal_painted_nova_ship_trims_01_g~4233288675151464834
material,#w/metal_painted_nova_ship_trims_01
material,#w/metal_painted_nova_ship_trims_01_nossr
image,#metal_rusty_corrugated_01_c&defaultspec~3011427426045280354
image,#metal_rusty_corrugated_01_n&metal_rusty_corrugated_01_o&metal_rusty_corrugated_01_g~7008422705095126692
material,#w/metal_rusty_corrugated_01
image,#me_wiring_mp_faridah_01_c&defaultspec~7301793576185457804
image,#me_wiring_mp_faridah_01_n&me_wiring_mp_faridah_01_g~3778744568679542156
material,#w/plastic_pvc_wire_cable_sheet_01
image,#underground_ao_01_c&defaultspec~10010594974930803075
image,#underground_ao_01_c~16309841667183131580
material,#w/underground_ao_c
image,#sov_floor_line_caution_col&defaultspec~17490147445955345786
image,#sov_floor_line_white_nml&sov_floor_line_white_spc~13541691724945764720
image,#sov_floor_line_caution_col&sov_floor_line_white_rvl~10934954379992405024
material,#w4/2n_3n
material,#wc/black_solid
material,#wc/black_solid_nogloss
material,#wc/concrete_horizontal_striped_01_tan
material,#wc/concrete_stain_01_dec_wet
image,#dirt_dust_01_c&defaultspec~2124036605860243305
image,#dirt_dust_01_n&dirt_dust_01_g~16781822157900910172
image,#white&dirt_dust_01_r~261775814512967907
material,#wc/dirt_dust_mid_01_rvl
material,#wc/dirt_scuff_marks_01
image,#lm_mtl_ch3_volcano_lava_buildup_c&defaultspec~8576341754313962032
image,#lm_mtl_ch3_volcano_lava_buildup_n&lm_mtl_ch3_volcano_lava_buildup_g~4889757028140287564
image,#white&lm_rock_lava_flow_ms_tdfkdajr_02_rvl~17507448128837713316
material,#wc/lm_mtl_ch3_volcano_lava_buildup
image,#lm_mtl_ch3_volcano_lava_folds_c&defaultspec~15435879053198841294
image,#lm_mtl_ch3_volcano_lava_folds_n&lm_mtl_ch3_volcano_lava_folds_g~298727682004624687
image,#white&lm_mtl_ch3_volcano_lava_folds_r~9818691046725820792
image,#lm_mtl_ch3_volcano_lava_flow
material,#wc/lm_mtl_ch3_volcano_lava_folds
image,#lm_mtl_ch3_volcano_lava_molten_c&defaultspec~3494373112442682486
image,#lm_mtl_ch3_volcano_lava_molten_n&lm_mtl_ch3_volcano_lava_molten_g~7537495909633507568
image,#lm_mtl_ch3_volcano_lava_molten_e~373948301299787804
material,#wc/lm_mtl_ch3_volcano_lava_molten_frontend
image,#white&lm_mtl_ch3_volcano_lava_hardened_g~15779216934450525431
material,#wc/lm_mtl_ch3_volcano_lava_molten_yellow_rvl_interior
image,#white&concrete_paint_patches_clean_01_r~15710986854214640169
material,#wc4/13n_14n
image,#concrete_painted_01_c&defaultspec~14090157994660180490
image,#concrete_painted_01_n&concrete_painted_01_g~2486157507813008495
image,#white&concrete_painted_01_white_ch2_r~8227110997297736751
material,#wc4/13n_17n_14n
image,#concrete_edge_crease_seam_02_col&defaultspec~8138686614768814522
image,#concrete_edge_crease_seam_02_nml&concrete_edge_crease_seam_01_cos~7125174338232665643
image,#concrete_edge_crease_seam_02_col~816030420991292092
material,#wc4/13n_21n
material,#wc4/50n_17n_14n
material,#wc4/50n_21n
image,#metal_painted_wall_grunge_04_c&defaultspec~14724805708003610983
image,#concrete_brushed_spotty_01_n&concrete_brushed_spotty_01_g_wet~643427757414857617
image,#metal_painted_wall_grunge_04_n&metal_painted_wall_grunge_04_c~2565035095581102525
image,#metal_painted_wall_grunge_04_c~12971398702603803317
material,#wc4/53n_69n_70n
material,#wc4/57n_21n
image,#concrete_edge_wear_bevel_01_c&defaultspec~10732243077083745963
image,#concrete_edge_wear_bevel_01_n&white~1994984436108403536
material,#wc4/57n_58n
image,#concrete_base_wall_01_dirty_c&defaultspec~3181230029406275639
image,#plaster_painted_cracked_01_c&defaultspec~14035548650587715035
image,#concrete_base_wall_01_dirty_n&concrete_base_wall_01_dirty_g~16277791692957427787
image,#plaster_painted_cracked_01_n&plaster_painted_cracked_01_g~16914992399531439583
image,#plaster_painted_cracked_01_c&plaster_painted_cracked_01_r~1997813216013591970
material,#wc4/63n_64n
image,#concrete_floor_01_c&defaultspec~5311274925293168894
image,#concrete_floor_01_n&concrete_floor_01_g~8456750507236179555
material,#wc4/68n_69n_70n
image,#metal_bare_diamond_plate_04_c&metal_bare_diamond_plate_04_s~14683955158749067561
image,#liquid_oil_pool_01_c&liquid_oil_pool_01_s~4917166965094566665
image,#metal_bare_diamond_plate_04_n&metal_bare_diamond_plate_04_g~8027657005798027757
image,#liquid_oil_pool_01_n&liquid_oil_pool_01_g~13249517389716820361
image,#liquid_oil_pool_01_c&water_puddle_tiling_01_rvl_r~8888706544573406267
material,#wc4/8n_9n