type,name
netconststrings,#ncs_hnt_eng_common_cp
netconststrings,#ncs_loc_eng_common_cp
rawfile,#eng_common_cp
keyvaluepairs,#eng_common_cp
image,#hud_icon_perk_overkill
image,#waypoint_bomb
localize,#coop_game_play/abandon_mission
localize,#coop_game_play/already_have_weap
localize,#coop_game_play/ammo_max
localize,#coop_game_play/ammo_max_red
localize,#coop_game_play/armor_max
localize,#coop_game_play/bag_pickup
localize,#coop_game_play/bag_remove
localize,#coop_game_play/bomb_defusal_discard
localize,#coop_game_play/bomb_defusal_helper
localize,#coop_game_play/buy_ammo
localize,#coop_game_play/buy_equipment
localize,#coop_game_play/buy_killstreaks
localize,#coop_game_play/buy_weapons
localize,#coop_game_play/cache_use_hint
localize,#coop_game_play/cellphone_transferring
localize,#coop_game_play/change_loadout
localize,#coop_game_play/computer_down
localize,#coop_game_play/computer_exit
localize,#coop_game_play/computer_exit_kbm
localize,#coop_game_play/computer_left
localize,#coop_game_play/computer_right
localize,#coop_game_play/computer_screen_date
localize,#coop_game_play/computer_screen_name
localize,#coop_game_play/computer_screen_no_results
localize,#coop_game_play/computer_screen_searching
localize,#coop_game_play/computer_screen_size
localize,#coop_game_play/computer_select
localize,#coop_game_play/computer_up
localize,#coop_game_play/cost_survival
localize,#coop_game_play/currency
localize,#coop_game_play/currency_reward
localize,#coop_game_play/currency_survival
localize,#coop_game_play/drop_core
localize,#coop_game_play/duplicate_attachment
localize,#coop_game_play/enemies_left
localize,#coop_game_play/equip_weapon
localize,#coop_game_play/execute
localize,#coop_game_play/exfil
localize,#coop_game_play/exit_humvee
localize,#coop_game_play/fire_missile
localize,#coop_game_play/fire_mortar_hint
localize,#coop_game_play/gas_mask_filter
localize,#coop_game_play/give_up
localize,#coop_game_play/grenade_max
localize,#coop_game_play/hack_radio_tower
localize,#coop_game_play/ied_identified
localize,#coop_game_play/invalid_attachment
localize,#coop_game_play/kick_for_inactivity
localize,#coop_game_play/light_switch
localize,#coop_game_play/losing_connection
localize,#coop_game_play/mission_fail
localize,#coop_game_play/mission_fail_fail
localize,#coop_game_play/mission_fail_host_end
localize,#coop_game_play/mission_fail_killed_in_action
localize,#coop_game_play/mission_win
localize,#coop_game_play/mission_win_all_escape
localize,#coop_game_play/mission_win_casualty
localize,#coop_game_play/money_max
localize,#coop_game_play/need_reviving
localize,#coop_game_play/newref
localize,#coop_game_play/newref2
localize,#coop_game_play/no_gasmask_filter
localize,#coop_game_play/no_money
localize,#coop_game_play/not_used
localize,#coop_game_play/pick_grenade
localize,#coop_game_play/player_revived
localize,#coop_game_play/rcd_ascend
localize,#coop_game_play/rcd_descend
localize,#coop_game_play/reaper_missile
localize,#coop_game_play/reinforcements_deployed
localize,#coop_game_play/reinforcements_deployed_desc
localize,#coop_game_play/respawn_allies_hint
localize,#coop_game_play/respawn_countdown
localize,#coop_game_play/respawn_hint
localize,#coop_game_play/respawn_reinforcements
localize,#coop_game_play/respawn_wave_running
localize,#coop_game_play/restricted
localize,#coop_game_play/revive_ready
localize,#coop_game_play/revive_ready_desc
localize,#coop_game_play/revive_use
localize,#coop_game_play/satellite_camera
localize,#coop_game_play/satellite_exit
localize,#coop_game_play/satellite_left_stick
localize,#coop_game_play/satellite_mark
localize,#coop_game_play/satellite_move_camera
localize,#coop_game_play/satellite_zoom_in
localize,#coop_game_play/satellite_zoom_out
localize,#coop_game_play/scanner_command
localize,#coop_game_play/scanner_confirmed
localize,#coop_game_play/scanner_incomplete
localize,#coop_game_play/scanner_progress
localize,#coop_game_play/scanner_scan
localize,#coop_game_play/scanner_scan_exe
localize,#coop_game_play/scanner_title
localize,#coop_game_play/scanner_unconfirmed
localize,#coop_game_play/self_revive_hint
localize,#coop_game_play/smartphone_calling
localize,#coop_game_play/smartphone_copying
localize,#coop_game_play/smartphone_downloaded
localize,#coop_game_play/smartphone_downloading
localize,#coop_game_play/smartphone_sync_complete
localize,#coop_game_play/super_button_keys
localize,#coop_game_play/super_button_keys_kbm
localize,#coop_game_play/super_ready
localize,#coop_game_play/tab
localize,#coop_game_play/tactical_full
localize,#coop_game_play/timer_hours
localize,#coop_game_play/timer_minutes
localize,#coop_game_play/toss_ammo_nag
localize,#coop_game_play/trap_offline
localize,#coop_game_play/turn_back
localize,#coop_game_play/use_turret
localize,#coop_game_play/used_revive_team
localize,#coop_game_play/vote_desc
localize,#coop_game_play/vote_retry
localize,#coop_game_play/wave_ended
localize,#coop_game_play/wave_name
localize,#coop_game_play/wave_number
localize,#coop_game_play/wave_started
localize,#coop_game_play/whos_there
localize,#coop_interactions/already_have
localize,#coop_interactions/bball_helper
localize,#coop_interactions/cannot_buy
localize,#coop_interactions/cannot_buy_self_revive
localize,#coop_interactions/cards_active
localize,#coop_interactions/cooldown
localize,#coop_interactions/cryptid_helper
localize,#coop_interactions/cryptid_teeth
localize,#coop_interactions/equipment_full
localize,#coop_interactions/explo_max
localize,#coop_interactions/fnf
localize,#coop_interactions/fnf_used_2
localize,#coop_interactions/fnf_while_active
localize,#coop_interactions/generator_on
localize,#coop_interactions/must_be_standing
localize,#coop_interactions/need_money
localize,#coop_interactions/no_more_cards_owned
localize,#coop_interactions/not_enough_space
localize,#coop_interactions/play_game
localize,#coop_interactions/purchase_ammo
localize,#coop_interactions/requires_power
localize,#coop_interactions/skeeball_force
localize,#coop_interactions/spin_wheel_fire_sale
localize,#coop_interactions/upgrade_maxed
localize,#coop_interactions/use_all_cards
localize,#cp_br/airdrop
localize,#cp_br/already_have_this
localize,#cp_br/armor_crate
localize,#cp_br/c4_launcher
localize,#cp_br/cluster_strike
localize,#cp_br/cruise_missile
localize,#cp_br/drone_strike
localize,#cp_br/gren_launcher
localize,#cp_br/grenade_crate
localize,#cp_br/intel_drop
localize,#cp_br/juggernaut
localize,#cp_br/man_turret
localize,#cp_br/mun_slots_full
localize,#cp_br/prec_airstrike
localize,#cp_br/rpg_pickup
localize,#cp_br/thermite_launcher
localize,#cp_br/trophy
localize,#cp_br/uav
localize,#cp_br/white_phos
localize,#cp_chyrons/armsdealer_a_line1
localize,#cp_chyrons/armsdealer_a_line2
localize,#cp_chyrons/armsdealer_a_line3
localize,#cp_chyrons/armsdealer_b_line1
localize,#cp_chyrons/armsdealer_b_line2
localize,#cp_chyrons/armsdealer_b_line3
localize,#cp_chyrons/banker_a_line1
localize,#cp_chyrons/banker_a_line2
localize,#cp_chyrons/banker_a_line3
localize,#cp_chyrons/banker_b_line1
localize,#cp_chyrons/banker_b_line2
localize,#cp_chyrons/banker_b_line3
localize,#cp_chyrons/landlord_a_line1
localize,#cp_chyrons/landlord_a_line2
localize,#cp_chyrons/landlord_a_line3
localize,#cp_chyrons/landlord_b_line1
localize,#cp_chyrons/landlord_b_line2
localize,#cp_chyrons/landlord_b_line3
localize,#cp_chyrons/mapname_missionname_location
localize,#cp_chyrons/mapname_missionname_misc
localize,#cp_chyrons/mapname_missionname_squad
localize,#cp_chyrons/mapname_missionname_time
localize,#cp_chyrons/mapname_missionname_title
localize,#cp_chyrons/mapname_missionname_who
localize,#cp_chyrons/smuggler_a_line1
localize,#cp_chyrons/smuggler_a_line2
localize,#cp_chyrons/smuggler_a_line3
localize,#cp_chyrons/smuggler_b_line1
localize,#cp_chyrons/smuggler_b_line2
localize,#cp_chyrons/smuggler_b_line3
localize,#cp_cpu_hacking/date_1
localize,#cp_cpu_hacking/date_10
localize,#cp_cpu_hacking/date_2
localize,#cp_cpu_hacking/date_3
localize,#cp_cpu_hacking/date_4
localize,#cp_cpu_hacking/date_5
localize,#cp_cpu_hacking/date_6
localize,#cp_cpu_hacking/date_7
localize,#cp_cpu_hacking/date_8
localize,#cp_cpu_hacking/date_9
localize,#cp_cpu_hacking/files_copied
localize,#cp_cpu_hacking/folder_1
localize,#cp_cpu_hacking/folder_10
localize,#cp_cpu_hacking/folder_2
localize,#cp_cpu_hacking/folder_3
localize,#cp_cpu_hacking/folder_4
localize,#cp_cpu_hacking/folder_5
localize,#cp_cpu_hacking/folder_6
localize,#cp_cpu_hacking/folder_7
localize,#cp_cpu_hacking/folder_8
localize,#cp_cpu_hacking/folder_9
localize,#cp_cpu_hacking/found_hacking_intel
localize,#cp_cpu_hacking/found_hacking_intel_desc
localize,#cp_cpu_hacking/manifest
localize,#cp_cpu_hacking/paused
localize,#cp_cpu_hacking/speed
localize,#cp_cpu_hacking/time
localize,#cp_loot_weapons/ar_akilo47
localize,#cp_loot_weapons/ar_falpha
localize,#cp_loot_weapons/ar_mike4
localize,#cp_loot_weapons/lm_kilo121
localize,#cp_loot_weapons/lm_pkilo
localize,#cp_loot_weapons/pi_golf21
localize,#cp_loot_weapons/pi_magnum
localize,#cp_loot_weapons/pickup_hint
localize,#cp_loot_weapons/sm_augolf
localize,#cp_loot_weapons/sm_mpapa5
localize,#cp_loot_weapons/sm_papa90
localize,#cp_loot_weapons/sn_alpha50
localize,#cp_loot_weapons/sn_kilo98
localize,#cp_loot_weapons/sn_mike14
localize,#cp_skill_tree/aggr_1_desc
localize,#cp_skill_tree/aggr_1_name
localize,#cp_skill_tree/aggr_2_desc
localize,#cp_skill_tree/aggr_2_name
localize,#cp_skill_tree/aggr_3_desc
localize,#cp_skill_tree/aggr_3_name
localize,#cp_skill_tree/aggr_4_desc
localize,#cp_skill_tree/aggr_4_name
localize,#cp_skill_tree/aggression
localize,#cp_skill_tree/aggro_1_desc
localize,#cp_skill_tree/aggro_1_name
localize,#cp_skill_tree/aggro_2_desc
localize,#cp_skill_tree/aggro_2_name
localize,#cp_skill_tree/aggro_3_desc
localize,#cp_skill_tree/aggro_3_name
localize,#cp_skill_tree/aggro_4_desc
localize,#cp_skill_tree/aggro_4_name
localize,#cp_skill_tree/button_keys
localize,#cp_skill_tree/dex_1_desc
localize,#cp_skill_tree/dex_1_name
localize,#cp_skill_tree/dex_2_desc
localize,#cp_skill_tree/dex_2_name
localize,#cp_skill_tree/dex_3_desc
localize,#cp_skill_tree/dex_3_name
localize,#cp_skill_tree/dex_4_desc
localize,#cp_skill_tree/dex_4_name
localize,#cp_skill_tree/dexterity
localize,#cp_skill_tree/hint_use_point
localize,#cp_skill_tree/hunter_2_1_desc
localize,#cp_skill_tree/hunter_2_1_name
localize,#cp_skill_tree/hunter_2_2_desc
localize,#cp_skill_tree/hunter_2_2_name
localize,#cp_skill_tree/hunter_2_3_desc
localize,#cp_skill_tree/hunter_2_3_name
localize,#cp_skill_tree/hunter_2_4_desc
localize,#cp_skill_tree/hunter_2_4_name
localize,#cp_skill_tree/hunter_3_1_desc
localize,#cp_skill_tree/hunter_3_1_name
localize,#cp_skill_tree/hunter_3_2_desc
localize,#cp_skill_tree/hunter_3_2_name
localize,#cp_skill_tree/hunter_3_3_desc
localize,#cp_skill_tree/hunter_3_3_name
localize,#cp_skill_tree/hunter_3_4_desc
localize,#cp_skill_tree/hunter_3_4_name
localize,#cp_skill_tree/hunter_4_1_desc
localize,#cp_skill_tree/hunter_4_1_name
localize,#cp_skill_tree/hunter_4_2_desc
localize,#cp_skill_tree/hunter_4_2_name
localize,#cp_skill_tree/hunter_4_3_desc
localize,#cp_skill_tree/hunter_4_3_name
localize,#cp_skill_tree/hunter_4_4_desc
localize,#cp_skill_tree/hunter_4_4_name
localize,#cp_skill_tree/imp_1_desc
localize,#cp_skill_tree/imp_1_name
localize,#cp_skill_tree/imp_2_desc
localize,#cp_skill_tree/imp_2_name
localize,#cp_skill_tree/imp_3_desc
localize,#cp_skill_tree/imp_3_name
localize,#cp_skill_tree/imp_4_desc
localize,#cp_skill_tree/imp_4_name
localize,#cp_skill_tree/impact
localize,#cp_skill_tree/mel_1_desc
localize,#cp_skill_tree/mel_1_name
localize,#cp_skill_tree/mel_2_desc
localize,#cp_skill_tree/mel_2_name
localize,#cp_skill_tree/mel_3_desc
localize,#cp_skill_tree/mel_3_name
localize,#cp_skill_tree/mel_4_desc
localize,#cp_skill_tree/mel_4_name
localize,#cp_skill_tree/melee
localize,#cp_skill_tree/menu_header
localize,#cp_skill_tree/prec_1_desc
localize,#cp_skill_tree/prec_1_name
localize,#cp_skill_tree/prec_2_desc
localize,#cp_skill_tree/prec_2_name
localize,#cp_skill_tree/prec_3_desc
localize,#cp_skill_tree/prec_3_name
localize,#cp_skill_tree/prec_4_desc
localize,#cp_skill_tree/prec_4_name
localize,#cp_skill_tree/precision
localize,#cp_skill_tree/res_1_desc
localize,#cp_skill_tree/res_1_name
localize,#cp_skill_tree/res_2_desc
localize,#cp_skill_tree/res_2_name
localize,#cp_skill_tree/res_3_desc
localize,#cp_skill_tree/res_3_name
localize,#cp_skill_tree/res_4_desc
localize,#cp_skill_tree/res_4_name
localize,#cp_skill_tree/resilience
localize,#cp_skill_tree/rev_1_desc
localize,#cp_skill_tree/rev_1_name
localize,#cp_skill_tree/rev_2_desc
localize,#cp_skill_tree/rev_2_name
localize,#cp_skill_tree/rev_3_desc
localize,#cp_skill_tree/rev_3_name
localize,#cp_skill_tree/rev_4_desc
localize,#cp_skill_tree/rev_4_name
localize,#cp_skill_tree/revive
localize,#cp_skill_tree/scav_1_desc
localize,#cp_skill_tree/scav_1_name
localize,#cp_skill_tree/scav_2_desc
localize,#cp_skill_tree/scav_2_name
localize,#cp_skill_tree/scav_3_desc
localize,#cp_skill_tree/scav_3_name
localize,#cp_skill_tree/scav_4_desc
localize,#cp_skill_tree/scav_4_name
localize,#cp_skill_tree/scavenging
localize,#cp_skill_tree/scoreboard_header
localize,#cp_skill_tree/skill_point_gained
localize,#cp_skill_tree/stal_1_desc
localize,#cp_skill_tree/stal_1_name
localize,#cp_skill_tree/stal_2_desc
localize,#cp_skill_tree/stal_2_name
localize,#cp_skill_tree/stal_3_desc
localize,#cp_skill_tree/stal_3_name
localize,#cp_skill_tree/stal_4_desc
localize,#cp_skill_tree/stal_4_name
localize,#cp_skill_tree/stalwart
localize,#cp_skill_tree/stam_1_desc
localize,#cp_skill_tree/stam_1_name
localize,#cp_skill_tree/stam_2_desc
localize,#cp_skill_tree/stam_2_name
localize,#cp_skill_tree/stam_3_desc
localize,#cp_skill_tree/stam_3_name
localize,#cp_skill_tree/stam_4_desc
localize,#cp_skill_tree/stam_4_name
localize,#cp_skill_tree/stamina
localize,#cp_skill_tree/stealth
localize,#cp_skill_tree/stealth_1_desc
localize,#cp_skill_tree/stealth_1_name
localize,#cp_skill_tree/stealth_2_desc
localize,#cp_skill_tree/stealth_2_name
localize,#cp_skill_tree/stealth_3_desc
localize,#cp_skill_tree/stealth_3_name
localize,#cp_skill_tree/stealth_4_desc
localize,#cp_skill_tree/stealth_4_name
localize,#cp_skill_tree/super_ready
localize,#cp_skill_tree/tank_4_1_desc
localize,#cp_skill_tree/tank_4_1_name
localize,#cp_skill_tree/tank_4_2_desc
localize,#cp_skill_tree/tank_4_2_name
localize,#cp_skill_tree/tank_4_3_desc
localize,#cp_skill_tree/tank_4_3_name
localize,#cp_skill_tree/tank_4_4_desc
localize,#cp_skill_tree/tank_4_4_name
localize,#cp_splashes/aether_orb_progress
localize,#cp_splashes/aether_shroud_finisher
localize,#cp_splashes/bonus_points_powerup
localize,#cp_splashes/brain_rot_turned_killingblow
localize,#cp_splashes/c4_killingblow
localize,#cp_splashes/carpenter_powerup
localize,#cp_splashes/crit_finisher_multikill
localize,#cp_splashes/crit_finisher_multikill_desc
localize,#cp_splashes/cryo_freeze_slow_assist
localize,#cp_splashes/cryo_freeze_slow_finisher
localize,#cp_splashes/decoy_assist
localize,#cp_splashes/decoy_finisher
localize,#cp_splashes/domination_capture_complete
localize,#cp_splashes/domination_fully_capture_point
localize,#cp_splashes/energy_mine_killingblow
localize,#cp_splashes/energy_mine_killingblow_trickster
localize,#cp_splashes/energy_mine_stun_assist
localize,#cp_splashes/energy_mine_stun_finisher
localize,#cp_splashes/energy_mine_stunned_enemy
localize,#cp_splashes/essence_chest
localize,#cp_splashes/essence_crystal
localize,#cp_splashes/essence_pickup
localize,#cp_splashes/explosive_mg_killingblow
localize,#cp_splashes/flamethrower_killingblow
localize,#cp_splashes/frag_killingblow
localize,#cp_splashes/frost_blast_frozen_assist
localize,#cp_splashes/frost_blast_frozen_finisher
localize,#cp_splashes/frost_blast_killingblow
localize,#cp_splashes/gammon_killingblow
localize,#cp_splashes/headshot_killingblow
localize,#cp_splashes/healing_aura_heal
localize,#cp_splashes/healing_aura_revive
localize,#cp_splashes/heart_collected
localize,#cp_splashes/juggernaut_backpack_destroyed
localize,#cp_splashes/juggernaut_kia
localize,#cp_splashes/killstreak_without_getting_hit
localize,#cp_splashes/killstreak_without_getting_hit_desc
localize,#cp_splashes/loose_change
localize,#cp_splashes/melee_killingblow
localize,#cp_splashes/melee_weapon_multikill
localize,#cp_splashes/melee_weapon_multikill_desc
localize,#cp_splashes/molotov_assist
localize,#cp_splashes/molotov_killingblow
localize,#cp_splashes/monkey_bomb_killingblow
localize,#cp_splashes/multikillstreak_10
localize,#cp_splashes/multikillstreak_10_desc
localize,#cp_splashes/multikillstreak_15
localize,#cp_splashes/multikillstreak_15_desc
localize,#cp_splashes/multikillstreak_20
localize,#cp_splashes/multikillstreak_20_desc
localize,#cp_splashes/multikillstreak_25
localize,#cp_splashes/multikillstreak_25_desc
localize,#cp_splashes/multikillstreak_5
localize,#cp_splashes/multikillstreak_5_desc
localize,#cp_splashes/nuke_powerup
localize,#cp_splashes/objective_assault_syphoncore_defend
localize,#cp_splashes/objective_completed
localize,#cp_splashes/objective_forever_blitz_perseverance
localize,#cp_splashes/objective_soul_capture_soul_delivered
localize,#cp_splashes/objective_soul_capture_soul_pickup
localize,#cp_splashes/oneshot_explosive_multikill
localize,#cp_splashes/oneshot_explosive_multikill_desc
localize,#cp_splashes/oneshot_multikill
localize,#cp_splashes/oneshot_multikill_desc
localize,#cp_splashes/revived_teammate
localize,#cp_splashes/ring_of_fire_assist
localize,#cp_splashes/ring_of_fire_burn_killingblow
localize,#cp_splashes/ring_of_fire_finisher
localize,#cp_splashes/s2_mq_charge_shield
localize,#cp_splashes/s2_mq_complete
localize,#cp_splashes/scrap_milestone_reward
localize,#cp_splashes/screamer_kia
localize,#cp_splashes/stun_grenade_assist
localize,#cp_splashes/stun_grenade_finisher
localize,#cp_splashes/stun_grenade_stunned_enemy
localize,#cp_splashes/stun_mine_assist
localize,#cp_splashes/stun_mine_finisher
localize,#cp_splashes/stun_mine_stunned_enemy
localize,#cp_splashes/thermite_assist
localize,#cp_splashes/thermite_killingblow
localize,#cp_splashes/throwing_knife_killingblow
localize,#cp_splashes/trickster_kia
localize,#cp_splashes/war_machine_killingblow
localize,#cp_splashes/ww_decimator_killingblow
localize,#cp_splashes/zombie_kia
localize,#cp_strike/activate_suicide_vest
localize,#cp_strike/airfield_a_tut
localize,#cp_strike/airfield_b_tut
localize,#cp_strike/airfield_c_tut
localize,#cp_strike/aitype_ar
localize,#cp_strike/aitype_bomber
localize,#cp_strike/aitype_boss
localize,#cp_strike/aitype_jugg
localize,#cp_strike/aitype_lmg
localize,#cp_strike/aitype_riotshield
localize,#cp_strike/aitype_shotgun
localize,#cp_strike/aitype_smg
localize,#cp_strike/aitype_sniper
localize,#cp_strike/beacons_remaining
localize,#cp_strike/blocked_chassis_world
localize,#cp_strike/breach_armory
localize,#cp_strike/call_elevator
localize,#cp_strike/call_exfil
localize,#cp_strike/clear_lz
localize,#cp_strike/collect_data
localize,#cp_strike/defeat
localize,#cp_strike/defend_chassis_world
localize,#cp_strike/defend_lz
localize,#cp_strike/defuse
localize,#cp_strike/detonate_ieds
localize,#cp_strike/detonate_suicide_vest
localize,#cp_strike/door_close
localize,#cp_strike/door_locked
localize,#cp_strike/door_open
localize,#cp_strike/edit_loadout
localize,#cp_strike/escape
localize,#cp_strike/exfil_hostage
localize,#cp_strike/exit_drone
localize,#cp_strike/hack_terminal
localize,#cp_strike/hint_recorder
localize,#cp_strike/lbl_place_beacons
localize,#cp_strike/manual_revive
localize,#cp_strike/milbase_hangar
localize,#cp_strike/milbase_warehouse
localize,#cp_strike/minigun_cannot_be_picked_up
localize,#cp_strike/nvg_tutorial
localize,#cp_strike/obj_detonate
localize,#cp_strike/obj_escape
localize,#cp_strike/obj_informant_drop
localize,#cp_strike/obj_lbl_detonate
localize,#cp_strike/obj_lbl_escape
localize,#cp_strike/obj_plant_loc_a
localize,#cp_strike/obj_plant_loc_b
localize,#cp_strike/obj_plant_loc_c
localize,#cp_strike/obj_recorder
localize,#cp_strike/obj_scan_loc_a
localize,#cp_strike/obj_scan_loc_b
localize,#cp_strike/obj_scan_loc_c
localize,#cp_strike/open_hangar
localize,#cp_strike/optional_event
localize,#cp_strike/pickup_sniper
localize,#cp_strike/place_beacon
localize,#cp_strike/plant_explosive
localize,#cp_strike/recorder_found
localize,#cp_strike/rejoin
localize,#cp_strike/requires_all
localize,#cp_strike/rescue_hostage
localize,#cp_strike/respawn_cooldown
localize,#cp_strike/respawn_hint
localize,#cp_strike/respawn_select
localize,#cp_strike/retrieve_intel
localize,#cp_strike/retrieve_laptop
localize,#cp_strike/retry_vote
localize,#cp_strike/safehouse_regroup
localize,#cp_strike/safehouse_regroup_desc
localize,#cp_strike/scan_area
localize,#cp_strike/search_tower_use
localize,#cp_strike/self_destruct
localize,#cp_strike/start_disguise
localize,#cp_strike/steal_tank
localize,#cp_strike/switching_side
localize,#cp_strike/take_rpg
localize,#cp_strike/tie
localize,#cp_strike/turn_off_alarm
localize,#cp_strike/turn_on_alarm
localize,#cp_strike/victory
localize,#cp_vehicle_travel/change_loadout
localize,#cp_vehicle_travel/driver
localize,#cp_vehicle_travel/enter
localize,#cp_vehicle_travel/grenadier
localize,#cp_vehicle_travel/gunner
localize,#cp_vehicle_travel/mine_drone
localize,#cp_vehicle_travel/missile_defense
localize,#cp_vehicle_travel/overwatch
localize,#cp_vehicle_travel/refill_ammo
localize,#cp_vehicle_travel/repair
localize,#cp_vehicle_travel/repair_first
localize,#cp_vehicle_travel/retrieve_hostage
localize,#cp_zmb_interactions/activate_magicbox
localize,#cp_zmb_interactions/activate_magicbox_need_money
localize,#cp_zmb_interactions/already_equipped
localize,#cp_zmb_interactions/already_ridden
localize,#cp_zmb_interactions/ammo_full
localize,#cp_zmb_interactions/ammo_invalid_weapon
localize,#cp_zmb_interactions/ammo_need_money
localize,#cp_zmb_interactions/ammo_purchase
localize,#cp_zmb_interactions/atm_deposit
localize,#cp_zmb_interactions/atm_insufficient_funds
localize,#cp_zmb_interactions/atm_withdrawal
localize,#cp_zmb_interactions/attach_head
localize,#cp_zmb_interactions/audio_log_hint
localize,#cp_zmb_interactions/beamtrap
localize,#cp_zmb_interactions/buy_weapon
localize,#cp_zmb_interactions/coaster_hint
localize,#cp_zmb_interactions/disabled_by_fast_travel
localize,#cp_zmb_interactions/dj_not_here
localize,#cp_zmb_interactions/end_forever_blitz
localize,#cp_zmb_interactions/enter_portal
localize,#cp_zmb_interactions/enter_this_area
localize,#cp_zmb_interactions/equip_white_ark
localize,#cp_zmb_interactions/exfil
localize,#cp_zmb_interactions/exit_portal
localize,#cp_zmb_interactions/forever_blitz_start
localize,#cp_zmb_interactions/generic_weapon
localize,#cp_zmb_interactions/hidden_leave
localize,#cp_zmb_interactions/hidden_teleport
localize,#cp_zmb_interactions/hint_armageddon
localize,#cp_zmb_interactions/hint_chargemode
localize,#cp_zmb_interactions/hint_kineticpulse
localize,#cp_zmb_interactions/hint_microturret
localize,#cp_zmb_interactions/hint_phaseshift
localize,#cp_zmb_interactions/hint_rewind
localize,#cp_zmb_interactions/hint_siegemode
localize,#cp_zmb_interactions/hint_transponder
localize,#cp_zmb_interactions/load_battery
localize,#cp_zmb_interactions/load_floppy
localize,#cp_zmb_interactions/loot_ammo
localize,#cp_zmb_interactions/loot_armor
localize,#cp_zmb_interactions/loot_armor_shard
localize,#cp_zmb_interactions/loot_c4
localize,#cp_zmb_interactions/loot_decoy
localize,#cp_zmb_interactions/loot_frag
localize,#cp_zmb_interactions/loot_gammon
localize,#cp_zmb_interactions/loot_gas
localize,#cp_zmb_interactions/loot_molotov
localize,#cp_zmb_interactions/loot_monkey_bomb
localize,#cp_zmb_interactions/loot_salvage
localize,#cp_zmb_interactions/loot_self_revive
localize,#cp_zmb_interactions/loot_stim
localize,#cp_zmb_interactions/loot_stun_grenade
localize,#cp_zmb_interactions/loot_stun_mine
localize,#cp_zmb_interactions/loot_thermite
localize,#cp_zmb_interactions/loot_throwing_knife
localize,#cp_zmb_interactions/machine_out_of_order
localize,#cp_zmb_interactions/missing_battery
localize,#cp_zmb_interactions/missing_floppy
localize,#cp_zmb_interactions/missing_head
localize,#cp_zmb_interactions/need_tickets
localize,#cp_zmb_interactions/neil_head_pickup
localize,#cp_zmb_interactions/open_covenant_store
localize,#cp_zmb_interactions/open_loot_cache
localize,#cp_zmb_interactions/open_tome_of_rituals
localize,#cp_zmb_interactions/pap_upgrade
localize,#cp_zmb_interactions/pause_challenges
localize,#cp_zmb_interactions/purchase_area
localize,#cp_zmb_interactions/repar_neil
localize,#cp_zmb_interactions/ride_coaster
localize,#cp_zmb_interactions/rocket_trap
localize,#cp_zmb_interactions/scrambler
localize,#cp_zmb_interactions/secure_window
localize,#cp_zmb_interactions/soul_capture_demonic_idol
localize,#cp_zmb_interactions/soul_capture_demonic_idol_deposit
localize,#cp_zmb_interactions/soul_capture_need_more_runestones
localize,#cp_zmb_interactions/start_exfil
localize,#cp_zmb_interactions/start_exfil_description
localize,#cp_zmb_interactions/talk_to_dj
localize,#cp_zmb_interactions/team_door_switch
localize,#cp_zmb_interactions/tooth_game
localize,#cp_zmb_interactions/turn_on_tutorials
localize,#cp_zmb_interactions/upgrade_weapon
localize,#cp_zmb_interactions/upgrade_weapon_fail
localize,#cp_zmb_interactions/upgrade_weapon_generic
localize,#cp_zmb_interactions/use_blackhole_trap
localize,#cp_zmb_interactions/use_disco_trap
localize,#cp_zmb_interactions/use_kevin
localize,#cp_zmb_interactions/wall_buy_disabled
localize,#cp_zmb_interactions_tugolf/activate_magicbox_fire_sale
localize,#cp_zmb_interactions_tugolf/activate_magicbox_fire_sale_need_money
localize,#cp_zmb_interactions_tugolf/debribuy_hint
localize,#cp_zmb_interactions_tugolf/debribuy_hint_need_money
localize,#cp_zmb_interactions_tugolf/doorbuy_hint
localize,#cp_zmb_interactions_tugolf/doorbuy_hint_need_money
localize,#cp_zmb_interactions_tugolf/doorbuy_power_hint
localize,#cp_zmb_interactions_tugolf/lethal_equipment_full
localize,#cp_zmb_interactions_tugolf/rampage_activate
localize,#cp_zmb_interactions_tugolf/rampage_deactivate
localize,#cp_zmb_interactions_tugolf/tactical_equipment_full
localize,#cp_zmb_interactions_tugolf/wall_buy_grenade_ammo_full
localize,#cp_zmb_interactions_tugolf/wall_buy_weapon
localize,#cp_zmb_interactions_tugolf/wall_buy_weapon_need_money
localize,#cp_zmb_interactions_tuindia/loot_crystal_shard
localize,#cp_zmb_interactions_tuindia/loot_electric_heart
localize,#cp_zmb_tuindia/crystal_shard
localize,#cp_zmb_tuindia/crystal_shard_desc
localize,#cp_zmb_tuindia/electric_heart
localize,#cp_zmb_tuindia/electric_heart_desc
localize,#equipment_hints/ammo_box_use
localize,#equipment_hints/ammo_resupply_box_use
localize,#equipment_hints/equipment_resupply_box_use
localize,#equipment_hints/pickup_at_mine
localize,#equipment_hints/pickup_c4
localize,#equipment_hints/pickup_claymore
localize,#equipment_hints/pickup_gas_grenade
localize,#equipment_hints/pickup_trophy
localize,#equipment_hints/preserve_killstreak_box_use
localize,#equipment_hints/steel_bib_crate_use
localize,#equipment_hints/support_box_use
localize,#killstreaks_hints/armsrace_crate_pickup
localize,#killstreaks_hints/bradley_capture
localize,#killstreaks_hints/bradley_driver_enter
localize,#killstreaks_hints/bradley_missile
localize,#killstreaks_hints/bradley_smoke
localize,#killstreaks_hints/button_accelerate
localize,#killstreaks_hints/button_reverse
localize,#killstreaks_hints/chopper_gunner_pickup
localize,#killstreaks_hints/counter_uav_pickup
localize,#killstreaks_hints/counter_uav_reroll
localize,#killstreaks_hints/crate_pickup
localize,#killstreaks_hints/cruise_predator_pickup
localize,#killstreaks_hints/cruise_predator_pickup_gl
localize,#killstreaks_hints/directional_uav_pickup
localize,#killstreaks_hints/directional_uav_reroll
localize,#killstreaks_hints/emp_pickup
localize,#killstreaks_hints/exit_tank
localize,#killstreaks_hints/flamethrower_crate_pickup
localize,#killstreaks_hints/flare_cooldown
localize,#killstreaks_hints/frag
localize,#killstreaks_hints/fuel_airstrike_pickup
localize,#killstreaks_hints/generic_pickup
localize,#killstreaks_hints/getting_supplies
localize,#killstreaks_hints/guard_dog_protect
localize,#killstreaks_hints/guard_dog_return
localize,#killstreaks_hints/gunner_aim
localize,#killstreaks_hints/gunner_fire
localize,#killstreaks_hints/hover_jet_guard
localize,#killstreaks_hints/instruction_accelerate
localize,#killstreaks_hints/instruction_aim
localize,#killstreaks_hints/instruction_aim_button_text_gamepad
localize,#killstreaks_hints/instruction_ascend
localize,#killstreaks_hints/instruction_boost
localize,#killstreaks_hints/instruction_change_view
localize,#killstreaks_hints/instruction_change_weapon
localize,#killstreaks_hints/instruction_decelerate
localize,#killstreaks_hints/instruction_descend
localize,#killstreaks_hints/instruction_detonate
localize,#killstreaks_hints/instruction_exit
localize,#killstreaks_hints/instruction_fire
localize,#killstreaks_hints/instruction_flare
localize,#killstreaks_hints/instruction_fwback
localize,#killstreaks_hints/instruction_handbrake
localize,#killstreaks_hints/instruction_horn
localize,#killstreaks_hints/instruction_lean_backward
localize,#killstreaks_hints/instruction_lean_forward
localize,#killstreaks_hints/instruction_look_steer
localize,#killstreaks_hints/instruction_lr
localize,#killstreaks_hints/instruction_missiles
localize,#killstreaks_hints/instruction_move
localize,#killstreaks_hints/instruction_move_turn
localize,#killstreaks_hints/instruction_reset_camera
localize,#killstreaks_hints/instruction_reverse
localize,#killstreaks_hints/instruction_steer
localize,#killstreaks_hints/instruction_switch_seats
localize,#killstreaks_hints/instruction_thermal
localize,#killstreaks_hints/instruction_toggle_music
localize,#killstreaks_hints/instruction_zoom
localize,#killstreaks_hints/jugg_crate_pickup
localize,#killstreaks_hints/juggernaut_pickup
localize,#killstreaks_hints/juggernaut_pickup_gl
localize,#killstreaks_hints/look_around
localize,#killstreaks_hints/manual_turret_pickup
localize,#killstreaks_hints/move_button_text_gamepad
localize,#killstreaks_hints/multi_airstrike_pickup
localize,#killstreaks_hints/pac_sentry_mount
localize,#killstreaks_hints/pac_sentry_pickup
localize,#killstreaks_hints/precision_airstrike_pickup
localize,#killstreaks_hints/precision_airstrike_reroll
localize,#killstreaks_hints/press_for_use
localize,#killstreaks_hints/radar_drone_escort_pickup
localize,#killstreaks_hints/radar_drone_recon_pickup
localize,#killstreaks_hints/rcd_manual
localize,#killstreaks_hints/rcd_radar
localize,#killstreaks_hints/recon
localize,#killstreaks_hints/recon_no_mark
localize,#killstreaks_hints/recon_out_of_range
localize,#killstreaks_hints/recon_search
localize,#killstreaks_hints/rsd_follow
localize,#killstreaks_hints/rsd_guard
localize,#killstreaks_hints/scrambler_drone_pickup
localize,#killstreaks_hints/sentry_dismantle
localize,#killstreaks_hints/sentry_gun_place
localize,#killstreaks_hints/sentry_other_use
localize,#killstreaks_hints/sentry_owner_use
localize,#killstreaks_hints/sentry_place
localize,#killstreaks_hints/sentry_use
localize,#killstreaks_hints/sentry_use_gl
localize,#killstreaks_hints/smoke
localize,#killstreaks_hints/splash_hint_gamepad
localize,#killstreaks_hints/splash_hint_keyboard
localize,#killstreaks_hints/steer_button_text_gamepad
localize,#killstreaks_hints/tank_reload
localize,#killstreaks_hints/toma_strike_pickup
localize,#killstreaks_hints/turret_cannot_place
localize,#killstreaks_hints/turret_place
localize,#killstreaks_hints/uav_pickup
localize,#killstreaks_hints/uav_pickup_gl
localize,#killstreaks_hints/uav_reroll
localize,#medals_mp/30_streak_desc
localize,#medals_mp/air_kill
localize,#medals_mp/air_kill_desc
localize,#medals_mp/air_to_air_kill
localize,#medals_mp/air_to_air_kill_desc
localize,#medals_mp/assisted_suicide
localize,#medals_mp/assisted_suicide_desc
localize,#medals_mp/avenger
localize,#medals_mp/avenger_desc
localize,#medals_mp/backfire
localize,#medals_mp/backfire_desc
localize,#medals_mp/backstab
localize,#medals_mp/backstab_desc
localize,#medals_mp/buzkill_desc
localize,#medals_mp/buzzkill
localize,#medals_mp/comeback
localize,#medals_mp/comeback_desc
localize,#medals_mp/cruise_predator_kill
localize,#medals_mp/double_kill
localize,#medals_mp/double_kill_desc
localize,#medals_mp/eight_kill
localize,#medals_mp/eight_kill_desc
localize,#medals_mp/explosive_stick
localize,#medals_mp/explosive_stick_desc
localize,#medals_mp/first_place_kill
localize,#medals_mp/first_place_kill_desc
localize,#medals_mp/firstblood
localize,#medals_mp/firstblood_desc
localize,#medals_mp/fist_kill
localize,#medals_mp/fist_kill_desc
localize,#medals_mp/five_kill
localize,#medals_mp/five_kill_desc
localize,#medals_mp/four_kill
localize,#medals_mp/four_kill_desc
localize,#medals_mp/grenade_double
localize,#medals_mp/grenade_double_desc
localize,#medals_mp/gun_butt
localize,#medals_mp/gun_butt_desc
localize,#medals_mp/hack_package_kill
localize,#medals_mp/hack_package_kill_desc
localize,#medals_mp/headshot
localize,#medals_mp/headshot_desc
localize,#medals_mp/item_impact
localize,#medals_mp/item_impact_desc
localize,#medals_mp/kill_apc_rus
localize,#medals_mp/kill_apc_rus_desc
localize,#medals_mp/kill_jumper
localize,#medals_mp/kill_jumper_desc
localize,#medals_mp/kill_ss_ac130
localize,#medals_mp/kill_ss_ac130_desc
localize,#medals_mp/kill_ss_bradley
localize,#medals_mp/kill_ss_bradley_desc
localize,#medals_mp/kill_ss_chopper_gunner
localize,#medals_mp/kill_ss_chopper_gunner_desc
localize,#medals_mp/kill_ss_chopper_support
localize,#medals_mp/kill_ss_chopper_support_desc
localize,#medals_mp/kill_ss_counter_uav
localize,#medals_mp/kill_ss_counter_uav_desc
localize,#medals_mp/kill_ss_cruise_predator
localize,#medals_mp/kill_ss_cruise_predator_desc
localize,#medals_mp/kill_ss_directional_uav
localize,#medals_mp/kill_ss_directional_uav_desc
localize,#medals_mp/kill_ss_dronedrop
localize,#medals_mp/kill_ss_dronedrop_desc
localize,#medals_mp/kill_ss_flash_turret
localize,#medals_mp/kill_ss_flash_turret_desc
localize,#medals_mp/kill_ss_fuel_airstrike
localize,#medals_mp/kill_ss_fuel_airstrike_desc
localize,#medals_mp/kill_ss_hover_jet
localize,#medals_mp/kill_ss_hover_jet_desc
localize,#medals_mp/kill_ss_jackal
localize,#medals_mp/kill_ss_jackal_desc
localize,#medals_mp/kill_ss_manual_turret
localize,#medals_mp/kill_ss_manual_turret_desc
localize,#medals_mp/kill_ss_multi_airstrike
localize,#medals_mp/kill_ss_multi_airstrike_desc
localize,#medals_mp/kill_ss_pac_sentry
localize,#medals_mp/kill_ss_pac_sentry_desc
localize,#medals_mp/kill_ss_radar_drone
localize,#medals_mp/kill_ss_radar_drone_desc
localize,#medals_mp/kill_ss_recon_drone
localize,#medals_mp/kill_ss_recon_drone_desc
localize,#medals_mp/kill_ss_scrambler_drone
localize,#medals_mp/kill_ss_scrambler_drone_desc
localize,#medals_mp/kill_ss_sentry_gun
localize,#medals_mp/kill_ss_sentry_gun_desc
localize,#medals_mp/kill_ss_support_box
localize,#medals_mp/kill_ss_support_box_desc
localize,#medals_mp/kill_ss_toma_strike
localize,#medals_mp/kill_ss_toma_strike_desc
localize,#medals_mp/kill_ss_trinity
localize,#medals_mp/kill_ss_trinity_desc
localize,#medals_mp/kill_ss_uav
localize,#medals_mp/kill_ss_uav_desc
localize,#medals_mp/kill_ss_venom
localize,#medals_mp/kill_ss_venom_desc
localize,#medals_mp/kill_wallrunner
localize,#medals_mp/kill_wallrunner_desc
localize,#medals_mp/knife_bounce
localize,#medals_mp/knife_bounce_desc
localize,#medals_mp/launcher_direct_hit
localize,#medals_mp/launcher_direct_hit_desc
localize,#medals_mp/longshot
localize,#medals_mp/longshot_desc
localize,#medals_mp/low_health_kill
localize,#medals_mp/low_health_kill_desc
localize,#medals_mp/mantle_kill
localize,#medals_mp/mantle_kill_desc
localize,#medals_mp/match_complete
localize,#medals_mp/match_complete_desc
localize,#medals_mp/match_complete_win
localize,#medals_mp/match_complete_win_desc
localize,#medals_mp/medals_mp_kill_ss_emp_drone
localize,#medals_mp/medals_mp_kill_ss_emp_drone_desc
localize,#medals_mp/mo_money
localize,#medals_mp/mo_money_desc
localize,#medals_mp/mode_control_assault
localize,#medals_mp/mode_control_assault_desc
localize,#medals_mp/mode_control_secure
localize,#medals_mp/mode_control_secure_assist
localize,#medals_mp/mode_control_secure_assist_desc
localize,#medals_mp/mode_control_secure_desc
localize,#medals_mp/mode_ctf_cap
localize,#medals_mp/mode_ctf_cap_desc
localize,#medals_mp/mode_ctf_kill_carrier
localize,#medals_mp/mode_ctf_kill_carrier_desc
localize,#medals_mp/mode_ctf_kill_with_flag
localize,#medals_mp/mode_ctf_kill_with_flag_desc
localize,#medals_mp/mode_ctf_nope
localize,#medals_mp/mode_ctf_nope_desc
localize,#medals_mp/mode_cyber_kill_carrier
localize,#medals_mp/mode_cyber_kill_carrier_desc
localize,#medals_mp/mode_cyber_kill_with_emp
localize,#medals_mp/mode_cyber_kill_with_emp_desc
localize,#medals_mp/mode_dom_assault
localize,#medals_mp/mode_dom_assault_desc
localize,#medals_mp/mode_dom_neutralized
localize,#medals_mp/mode_dom_neutralized_cap
localize,#medals_mp/mode_dom_neutralized_cap_desc
localize,#medals_mp/mode_dom_neutralized_desc
localize,#medals_mp/mode_dom_secure
localize,#medals_mp/mode_dom_secure_b
localize,#medals_mp/mode_dom_secure_b_desc
localize,#medals_mp/mode_dom_secure_desc
localize,#medals_mp/mode_dom_secure_neutral
localize,#medals_mp/mode_dom_secure_neutral_desc
localize,#medals_mp/mode_gun_melee
localize,#medals_mp/mode_gun_melee_1st_place
localize,#medals_mp/mode_gun_melee_1st_place_desc
localize,#medals_mp/mode_gun_melee_desc
localize,#medals_mp/mode_gun_quick_kill
localize,#medals_mp/mode_gun_quick_kill_desc
localize,#medals_mp/mode_hp_assault
localize,#medals_mp/mode_hp_assault_desc
localize,#medals_mp/mode_hp_quick_cap
localize,#medals_mp/mode_hp_quick_cap_desc
localize,#medals_mp/mode_hp_secure
localize,#medals_mp/mode_hp_secure_desc
localize,#medals_mp/mode_kc_3_tags
localize,#medals_mp/mode_kc_3_tags_desc
localize,#medals_mp/mode_kc_own_tags
localize,#medals_mp/mode_kc_own_tags_desc
localize,#medals_mp/mode_sd_defuse
localize,#medals_mp/mode_sd_defuse_desc
localize,#medals_mp/mode_sd_defuse_save
localize,#medals_mp/mode_sd_defuse_save_desc
localize,#medals_mp/mode_sd_detonate
localize,#medals_mp/mode_sd_detonate_desc
localize,#medals_mp/mode_sd_last_defuse
localize,#medals_mp/mode_sd_last_defuse_desc
localize,#medals_mp/mode_sd_plant_save
localize,#medals_mp/mode_sd_plant_save_desc
localize,#medals_mp/mode_siege_secure
localize,#medals_mp/mode_siege_secure_desc
localize,#medals_mp/mode_x_assault
localize,#medals_mp/mode_x_assault_desc
localize,#medals_mp/mode_x_clear
localize,#medals_mp/mode_x_clear_desc
localize,#medals_mp/mode_x_defend
localize,#medals_mp/mode_x_defend_desc
localize,#medals_mp/mode_x_eliminate
localize,#medals_mp/mode_x_eliminate_desc
localize,#medals_mp/mode_x_last_alive
localize,#medals_mp/mode_x_last_alive_desc
localize,#medals_mp/mode_x_wipeout
localize,#medals_mp/mode_x_wipeout_desc
localize,#medals_mp/multi_kill
localize,#medals_mp/multi_kill_desc
localize,#medals_mp/one_shot_kill
localize,#medals_mp/one_shot_kill_desc
localize,#medals_mp/one_shot_two_kills
localize,#medals_mp/one_shot_two_kills_desc
localize,#medals_mp/pointblank
localize,#medals_mp/pointblank_desc
localize,#medals_mp/posthumous
localize,#medals_mp/posthumous_desc
localize,#medals_mp/quad_feed
localize,#medals_mp/quad_feed_desc
localize,#medals_mp/revenge
localize,#medals_mp/revenge_desc
localize,#medals_mp/rock_paper_scissors_win
localize,#medals_mp/rock_paper_scissors_win_desc
localize,#medals_mp/save_teammate
localize,#medals_mp/save_teammate_desc
localize,#medals_mp/savior
localize,#medals_mp/savior_desc
localize,#medals_mp/seven_kill
localize,#medals_mp/seven_kill_desc
localize,#medals_mp/simultaneous_kill
localize,#medals_mp/simultaneous_kill_desc
localize,#medals_mp/six_kill
localize,#medals_mp/six_kill_desc
localize,#medals_mp/six_plus_kills
localize,#medals_mp/slide_kill
localize,#medals_mp/slide_kill_desc
localize,#medals_mp/ss_kill_ac130
localize,#medals_mp/ss_kill_ac130_desc
localize,#medals_mp/ss_kill_attack_dogs
localize,#medals_mp/ss_kill_attack_dogs_desc
localize,#medals_mp/ss_kill_ball_drone_backup
localize,#medals_mp/ss_kill_ball_drone_backup_desc
localize,#medals_mp/ss_kill_bombardment
localize,#medals_mp/ss_kill_bombardment_desc
localize,#medals_mp/ss_kill_btg
localize,#medals_mp/ss_kill_btg_desc
localize,#medals_mp/ss_kill_chopper_gunner
localize,#medals_mp/ss_kill_chopper_gunner_desc
localize,#medals_mp/ss_kill_chopper_support
localize,#medals_mp/ss_kill_chopper_support_desc
localize,#medals_mp/ss_kill_cruise_predator
localize,#medals_mp/ss_kill_cruise_predator_desc
localize,#medals_mp/ss_kill_death_switch
localize,#medals_mp/ss_kill_death_switch_desc
localize,#medals_mp/ss_kill_flash_turret
localize,#medals_mp/ss_kill_flash_turret_desc
localize,#medals_mp/ss_kill_fuel_airstrike
localize,#medals_mp/ss_kill_fuel_airstrike_desc
localize,#medals_mp/ss_kill_glide_bomb
localize,#medals_mp/ss_kill_glide_bomb_desc
localize,#medals_mp/ss_kill_guard_dog
localize,#medals_mp/ss_kill_guard_dog_desc
localize,#medals_mp/ss_kill_hover_jet
localize,#medals_mp/ss_kill_hover_jet_desc
localize,#medals_mp/ss_kill_jackal
localize,#medals_mp/ss_kill_jackal_desc
localize,#medals_mp/ss_kill_juggernaut
localize,#medals_mp/ss_kill_juggernaut_desc
localize,#medals_mp/ss_kill_light_tank
localize,#medals_mp/ss_kill_light_tank_desc
localize,#medals_mp/ss_kill_lmg_streak
localize,#medals_mp/ss_kill_lmg_streak_desc
localize,#medals_mp/ss_kill_manual_turret
localize,#medals_mp/ss_kill_manual_turret_desc
localize,#medals_mp/ss_kill_minijackal
localize,#medals_mp/ss_kill_minijackal_desc
localize,#medals_mp/ss_kill_mortar_barrage
localize,#medals_mp/ss_kill_mortar_barrage_desc
localize,#medals_mp/ss_kill_multi_airstrike
localize,#medals_mp/ss_kill_multi_airstrike_desc
localize,#medals_mp/ss_kill_pac_sentry
localize,#medals_mp/ss_kill_pac_sentry_desc
localize,#medals_mp/ss_kill_precision_airstrike
localize,#medals_mp/ss_kill_precision_airstrike_desc
localize,#medals_mp/ss_kill_sentry_gun
localize,#medals_mp/ss_kill_sentry_gun_desc
localize,#medals_mp/ss_kill_thor
localize,#medals_mp/ss_kill_thor_desc
localize,#medals_mp/ss_kill_toma_strike
localize,#medals_mp/ss_kill_toma_strike_desc
localize,#medals_mp/ss_kill_trinity
localize,#medals_mp/ss_kill_trinity_desc
localize,#medals_mp/ss_kill_venom
localize,#medals_mp/ss_kill_venom_desc
localize,#medals_mp/ss_kill_warmachine
localize,#medals_mp/ss_kill_warmachine_desc
localize,#medals_mp/ss_kill_white_phosphorus
localize,#medals_mp/ss_kill_white_phosphorus_desc
localize,#medals_mp/ss_use_dronedrop
localize,#medals_mp/ss_use_dronedrop_desc
localize,#medals_mp/ss_use_enemy_dronedrop
localize,#medals_mp/ss_use_enemy_dronedrop_desc
localize,#medals_mp/streak_10
localize,#medals_mp/streak_10_desc
localize,#medals_mp/streak_15
localize,#medals_mp/streak_15_desc
localize,#medals_mp/streak_20
localize,#medals_mp/streak_20_desc
localize,#medals_mp/streak_25
localize,#medals_mp/streak_25_desc
localize,#medals_mp/streak_30
localize,#medals_mp/streak_5
localize,#medals_mp/streak_5_desc
localize,#medals_mp/streak_max
localize,#medals_mp/streak_max_desc
localize,#medals_mp/stunned_kill
localize,#medals_mp/stunned_kill_desc
localize,#medals_mp/super_kill_amplify
localize,#medals_mp/super_kill_amplify_desc
localize,#medals_mp/super_kill_armmgs
localize,#medals_mp/super_kill_armmgs_desc
localize,#medals_mp/super_kill_armorup
localize,#medals_mp/super_kill_armorup_desc
localize,#medals_mp/super_kill_atomizer
localize,#medals_mp/super_kill_atomizer_desc
localize,#medals_mp/super_kill_blackholegun
localize,#medals_mp/super_kill_blackholegun_desc
localize,#medals_mp/super_kill_bull_charge
localize,#medals_mp/super_kill_bull_charge_desc
localize,#medals_mp/super_kill_claw
localize,#medals_mp/super_kill_claw_desc
localize,#medals_mp/super_kill_invisible
localize,#medals_mp/super_kill_invisible_desc
localize,#medals_mp/super_kill_microturret
localize,#medals_mp/super_kill_microturret_desc
localize,#medals_mp/super_kill_overdrive
localize,#medals_mp/super_kill_overdrive_desc
localize,#medals_mp/super_kill_penetrationrailgun
localize,#medals_mp/super_kill_penetrationrailgun_desc
localize,#medals_mp/super_kill_phaseshift
localize,#medals_mp/super_kill_phaseshift_desc
localize,#medals_mp/super_kill_reaper
localize,#medals_mp/super_kill_reaper_desc
localize,#medals_mp/super_kill_rewind
localize,#medals_mp/super_kill_rewind_desc
localize,#medals_mp/super_kill_steeldragon
localize,#medals_mp/super_kill_steeldragon_desc
localize,#medals_mp/super_kill_supertrophy
localize,#medals_mp/super_kill_supertrophy_desc
localize,#medals_mp/super_kill_teleport
localize,#medals_mp/super_kill_teleport_desc
localize,#medals_mp/super_kill_visionpulse
localize,#medals_mp/super_kill_visionpulse_desc
localize,#medals_mp/super_shutdown_amplify
localize,#medals_mp/super_shutdown_amplify_desc
localize,#medals_mp/super_shutdown_armmgs
localize,#medals_mp/super_shutdown_armmgs_desc
localize,#medals_mp/super_shutdown_armorup
localize,#medals_mp/super_shutdown_armorup_desc
localize,#medals_mp/super_shutdown_atomizer
localize,#medals_mp/super_shutdown_atomizer_desc
localize,#medals_mp/super_shutdown_blackholegun
localize,#medals_mp/super_shutdown_blackholegun_desc
localize,#medals_mp/super_shutdown_bull_charge
localize,#medals_mp/super_shutdown_bull_charge_desc
localize,#medals_mp/super_shutdown_claw
localize,#medals_mp/super_shutdown_claw_desc
localize,#medals_mp/super_shutdown_invisible
localize,#medals_mp/super_shutdown_invisible_desc
localize,#medals_mp/super_shutdown_microturret
localize,#medals_mp/super_shutdown_microturret_desc
localize,#medals_mp/super_shutdown_overdrive
localize,#medals_mp/super_shutdown_overdrive_desc
localize,#medals_mp/super_shutdown_penetrationrailgun
localize,#medals_mp/super_shutdown_penetrationrailgun_desc
localize,#medals_mp/super_shutdown_phaseshift
localize,#medals_mp/super_shutdown_phaseshift_desc
localize,#medals_mp/super_shutdown_reaper
localize,#medals_mp/super_shutdown_reaper_desc
localize,#medals_mp/super_shutdown_rewind
localize,#medals_mp/super_shutdown_rewind_desc
localize,#medals_mp/super_shutdown_steeldragon
localize,#medals_mp/super_shutdown_steeldragon_desc
localize,#medals_mp/super_shutdown_supertrophy
localize,#medals_mp/super_shutdown_supertrophy_desc
localize,#medals_mp/super_shutdown_teleport
localize,#medals_mp/super_shutdown_teleport_desc
localize,#medals_mp/super_shutdown_visionpulse
localize,#medals_mp/super_shutdown_visionpulse_desc
localize,#medals_mp/throwback_kill
localize,#medals_mp/throwback_kill_desc
localize,#medals_mp/throwingknife_kill
localize,#medals_mp/throwingknife_kill_desc
localize,#medals_mp/triple_kill
localize,#medals_mp/triple_kill_desc
localize,#medals_mp/wallrun_kill
localize,#medals_mp/wallrun_kill_desc
localize,#mp/activate_mover
localize,#mp/adrenaline_active
localize,#mp/adrenaline_active_desc
localize,#mp/adrenaline_iced
localize,#mp/adrenaline_iced_desc
localize,#mp/adrenaline_mood_killer
localize,#mp/adrenaline_mood_killer_desc
localize,#mp/ads_killcam
localize,#mp/ammo_12g
localize,#mp/ammo_50cal
localize,#mp/ammo_556
localize,#mp/ammo_762
localize,#mp/ammo_9mm
localize,#mp/anonymousplayer
localize,#mp/arena_overtime_loss
localize,#mp/arena_overtime_win
localize,#mp/arena_time_health_loss
localize,#mp/arena_time_health_win
localize,#mp/arena_time_lives_loss
localize,#mp/arena_time_lives_win
localize,#mp/arena_tournament_tie_loss
localize,#mp/arena_tournament_tie_win
localize,#mp/armsrace_crate_pickup
localize,#mp/ascender_blocked
localize,#mp/ascender_blocked_jugg
localize,#mp/ascender_blocked_laststand
localize,#mp/assassination_hud_hunterteam
localize,#mp/assassination_hud_targetplayer_name
localize,#mp/assassination_hud_targetteam
localize,#mp/assassination_hunter_eliminated_ally
localize,#mp/assassination_hunter_eliminated_enemy
localize,#mp/assassination_hunter_team_eliminated
localize,#mp/assassination_hunter_team_vanished
localize,#mp/assassination_start_hunter_notify
localize,#mp/assassination_start_target_notify
localize,#mp/assassination_target_eliminated_ally
localize,#mp/assassination_target_eliminated_enemy
localize,#mp/assassination_target_target_player_vanished
localize,#mp/assassination_target_team_eliminated
localize,#mp/assassination_target_team_vanished
localize,#mp/attackers
localize,#mp/autobalance_next_round
localize,#mp/autobalance_seconds
localize,#mp/banking_plunder_label
localize,#mp/base_item_type_super
localize,#mp/base_item_type_vehicle
localize,#mp/base_kiosk_armor_bundle
localize,#mp/base_kiosk_equipment
localize,#mp/base_kiosk_field_upgrades
localize,#mp/base_kiosk_loadouts
localize,#mp/base_kiosk_menu_title
localize,#mp/base_kiosk_perks
localize,#mp/base_kiosk_redeploy
localize,#mp/base_kiosk_support
localize,#mp/base_kiosk_vehicles
localize,#mp/base_kiosk_weapons
localize,#mp/blink_knife_failed
localize,#mp/bomb_a_colon_n_n
localize,#mp/bomb_a_timer
localize,#mp/bomb_b_colon_n_n
localize,#mp/bomb_b_timer
localize,#mp/bomb_briefcase_detonate
localize,#mp/bomb_briefcase_initiating
localize,#mp/bomb_defused
localize,#mp/bomb_n_n
localize,#mp/bomb_plant_a
localize,#mp/bomb_plant_b
localize,#mp/bomb_site
localize,#mp/bombsite_in_use
localize,#mp/br_12g
localize,#mp/br_50
localize,#mp/br_556
localize,#mp/br_762
localize,#mp/br_919
localize,#mp/br_activate_killstreak
localize,#mp/br_activate_mobile_armory
localize,#mp/br_activate_satellite_truck
localize,#mp/br_adrenaline
localize,#mp/br_advanced_supply_drop_grenade
localize,#mp/br_all_deny_jugg
localize,#mp/br_already_holding_weapon
localize,#mp/br_ammo_ar_lmg
localize,#mp/br_ammo_ar_lmg_desc
localize,#mp/br_ammo_cache
localize,#mp/br_ammo_deny_no_room
localize,#mp/br_ammo_generic
localize,#mp/br_ammo_launcher
localize,#mp/br_ammo_pistol_smg
localize,#mp/br_ammo_pistol_smg_desc
localize,#mp/br_ammo_rocket
localize,#mp/br_ammo_rocket_desc
localize,#mp/br_ammo_shotgun
localize,#mp/br_ammo_shotgun_desc
localize,#mp/br_ammo_sniper
localize,#mp/br_ammo_sniper_desc
localize,#mp/br_armor_deny_armor_full
localize,#mp/br_armor_deny_not_better
localize,#mp/br_armor_plate
localize,#mp/br_atmine
localize,#mp/br_attach_acog_scope
localize,#mp/br_attach_bipod
localize,#mp/br_attach_deny_incompatible
localize,#mp/br_attach_deny_no_room
localize,#mp/br_attach_foregrip
localize,#mp/br_attach_holo_scope
localize,#mp/br_attach_laser
localize,#mp/br_attach_long_barrel
localize,#mp/br_attach_long_suppressor
localize,#mp/br_attach_reflex_scope
localize,#mp/br_attach_short_suppressor
localize,#mp/br_attach_sniper_scope
localize,#mp/br_attach_stock
localize,#mp/br_attach_underbarrel
localize,#mp/br_attach_xmags
localize,#mp/br_bandages
localize,#mp/br_c4
localize,#mp/br_circle_closing_0
localize,#mp/br_circle_closing_1
localize,#mp/br_circle_closing_2
localize,#mp/br_circle_closing_3
localize,#mp/br_circle_closing_now
localize,#mp/br_claymore
localize,#mp/br_concussion
localize,#mp/br_control
localize,#mp/br_crate
localize,#mp/br_crate_loadout
localize,#mp/br_danger
localize,#mp/br_decoy
localize,#mp/br_eliminated
localize,#mp/br_empdrone
localize,#mp/br_equip_deny_no_room
localize,#mp/br_equipment_generic
localize,#mp/br_extraction_cancelled
localize,#mp/br_extraction_in_progress
localize,#mp/br_extraction_not_in_zone
localize,#mp/br_fc_rock
localize,#mp/br_final_circle
localize,#mp/br_firstaid
localize,#mp/br_flash
localize,#mp/br_frag
localize,#mp/br_gas
localize,#mp/br_gasmask
localize,#mp/br_gasmask_desc
localize,#mp/br_gulag_bet_ammount
localize,#mp/br_gulag_bet_ammount_lost
localize,#mp/br_gulag_bet_ammount_won
localize,#mp/br_gulag_bet_available
localize,#mp/br_gulag_bet_fighter_name_0
localize,#mp/br_gulag_bet_fighter_name_1
localize,#mp/br_gulag_bet_fighter_name_loser
localize,#mp/br_gulag_bet_fighter_name_winner
localize,#mp/br_gulag_fight_ticket_message
localize,#mp/br_gulag_focus_bet
localize,#mp/br_gulag_focus_bet_change
localize,#mp/br_gulag_focus_bet_clear
localize,#mp/br_gulag_focus_bet_increase
localize,#mp/br_gulag_jailbreak
localize,#mp/br_gulag_jailbreak_in
localize,#mp/br_gulag_next_up
localize,#mp/br_gulag_opp
localize,#mp/br_gulag_queue
localize,#mp/br_gulag_timer
localize,#mp/br_gulag_travel
localize,#mp/br_heartbeatsensor
localize,#mp/br_helmet_l1
localize,#mp/br_helmet_l1_desc
localize,#mp/br_helmet_l2
localize,#mp/br_helmet_l2_desc
localize,#mp/br_helmet_l3
localize,#mp/br_helmet_l3_desc
localize,#mp/br_hold_to_take_killstreak
localize,#mp/br_invalid_extract
localize,#mp/br_killstreak_deny_already_have
localize,#mp/br_loot_cache
localize,#mp/br_loot_cache_desc
localize,#mp/br_mission_tablet
localize,#mp/br_mission_tablet_desc
localize,#mp/br_mobile_armory_already_used
localize,#mp/br_molotov
localize,#mp/br_new_circle
localize,#mp/br_not_enough_plunder
localize,#mp/br_perk_point_pickup
localize,#mp/br_pickup_deny_parachuting
localize,#mp/br_pickup_player
localize,#mp/br_pickup_undefined
localize,#mp/br_plunder_banked
localize,#mp/br_plunder_blank
localize,#mp/br_plunder_cash
localize,#mp/br_plunder_cash_desc
localize,#mp/br_plunder_cash_hud
localize,#mp/br_plunder_cash_hud_in_thousand
localize,#mp/br_plunder_extract
localize,#mp/br_plunder_extraction
localize,#mp/br_plunder_gone
localize,#mp/br_plunder_heli_call_in
localize,#mp/br_plunder_heli_deposit
localize,#mp/br_plunder_helipad
localize,#mp/br_plunder_leader
localize,#mp/br_plunder_stole
localize,#mp/br_press_to_deploy
localize,#mp/br_press_to_select_infil
localize,#mp/br_quantity_dollar_prefix
localize,#mp/br_quantity_x_prefix
localize,#mp/br_radardrone
localize,#mp/br_recondrone
localize,#mp/br_respawn_body
localize,#mp/br_respawn_charging
localize,#mp/br_respawn_death_countdown
localize,#mp/br_respawn_drop_body
localize,#mp/br_respawn_take
localize,#mp/br_revive_or_respawn
localize,#mp/br_safety
localize,#mp/br_scramblerdrone
localize,#mp/br_semtex
localize,#mp/br_shieldturret
localize,#mp/br_smoke
localize,#mp/br_snapshot
localize,#mp/br_take_ak
localize,#mp/br_take_as50
localize,#mp/br_take_aug
localize,#mp/br_take_carlg
localize,#mp/br_take_citori
localize,#mp/br_take_control
localize,#mp/br_take_deagle
localize,#mp/br_take_defibrillator
localize,#mp/br_take_dp12
localize,#mp/br_take_dragunov
localize,#mp/br_take_famas
localize,#mp/br_take_g21
localize,#mp/br_take_hk121
localize,#mp/br_take_kar98
localize,#mp/br_take_knife
localize,#mp/br_take_m14
localize,#mp/br_take_m32a1
localize,#mp/br_take_m4
localize,#mp/br_take_marlin
localize,#mp/br_take_mcx
localize,#mp/br_take_mg34
localize,#mp/br_take_model870
localize,#mp/br_take_mp5
localize,#mp/br_take_mp7
localize,#mp/br_take_p320
localize,#mp/br_take_p90
localize,#mp/br_take_pkm
localize,#mp/br_take_python
localize,#mp/br_take_scarh
localize,#mp/br_take_unknown
localize,#mp/br_take_uzi
localize,#mp/br_thermite
localize,#mp/br_throwing_knife
localize,#mp/br_trophysystem
localize,#mp/br_type_ar
localize,#mp/br_type_ar_3burst
localize,#mp/br_type_ar_heavy
localize,#mp/br_type_ar_scoped
localize,#mp/br_type_ar_sil
localize,#mp/br_type_ar_supp_ther
localize,#mp/br_type_generic_ar
localize,#mp/br_type_generic_dm
localize,#mp/br_type_generic_kn
localize,#mp/br_type_generic_la
localize,#mp/br_type_generic_lm
localize,#mp/br_type_generic_me
localize,#mp/br_type_generic_pi
localize,#mp/br_type_generic_sh
localize,#mp/br_type_generic_sm
localize,#mp/br_type_generic_sn
localize,#mp/br_type_la_bazooka
localize,#mp/br_type_la_launcher
localize,#mp/br_type_la_rpg
localize,#mp/br_type_lm
localize,#mp/br_type_lm_sil
localize,#mp/br_type_me_riotshield
localize,#mp/br_type_pi
localize,#mp/br_type_pi_handcannon
localize,#mp/br_type_pi_magnum
localize,#mp/br_type_pi_sil
localize,#mp/br_type_sh_break
localize,#mp/br_type_sh_combat
localize,#mp/br_type_sh_pump
localize,#mp/br_type_sh_sil
localize,#mp/br_type_sh_slug
localize,#mp/br_type_sm
localize,#mp/br_type_sm_range
localize,#mp/br_type_sm_sil_ther
localize,#mp/br_type_sm_silenced
localize,#mp/br_type_sn_50cal
localize,#mp/br_type_sn_bolt
localize,#mp/br_type_sn_bolt_rifle
localize,#mp/br_type_sn_cb
localize,#mp/br_type_sn_cb_thermite
localize,#mp/br_type_sn_lever
localize,#mp/br_type_sn_semi
localize,#mp/br_type_sn_semi_rifle
localize,#mp/br_type_sn_sil
localize,#mp/br_use_exfil_chopper
localize,#mp/br_use_mobile_armory
localize,#mp/br_use_plunder_cache
localize,#mp/br_use_plunder_cache_enemy
localize,#mp/br_use_satellite_truck
localize,#mp/br_vest
localize,#mp/br_vest_l1
localize,#mp/br_vest_l1_desc
localize,#mp/br_vest_l2
localize,#mp/br_vest_l2_desc
localize,#mp/br_vest_l3
localize,#mp/br_vest_l3_desc
localize,#mp/br_warning_danger
localize,#mp/br_weapon_deny_already_have
localize,#mp/breach
localize,#mp/breach_defuse
localize,#mp/breaching
localize,#mp/buddy_err_combat
localize,#mp/buddy_err_point
localize,#mp/buddy_incoming
localize,#mp/buddy_press_to_respawn
localize,#mp/buddy_spawned_on_you
localize,#mp/buddy_time_until_spawn
localize,#mp/buddy_waiting_combat
localize,#mp/buddy_waiting_point
localize,#mp/call_nuke
localize,#mp/cannot_deposit_cash
localize,#mp/cannot_deposit_cash_balloon_full
localize,#mp/cannot_deposit_cash_balloon_leaving
localize,#mp/cannot_deposit_cash_heli_full
localize,#mp/cannot_deposit_cash_heli_leaving
localize,#mp/cannot_deposit_cash_vehicle
localize,#mp/cannot_deposit_ls
localize,#mp/cannot_deposit_no_cash
localize,#mp/cannot_place_domeshield
localize,#mp/cannot_use_cannot_extract_in_use
localize,#mp/cant_plant_without_bomb
localize,#mp/capturing
localize,#mp/capturing_flag
localize,#mp/cash_balloon_blocked
localize,#mp/cash_balloon_cannot_place
localize,#mp/cash_balloon_leaving_in_n
localize,#mp/cash_balloon_too_many
localize,#mp/cash_heli_leaving_in_n
localize,#mp/caused_defcon
localize,#mp/challenge_completed
localize,#mp/challenges_completed
localize,#mp/change_class_next_round
localize,#mp/change_class_next_spawn
localize,#mp/clantag_notallowed
localize,#mp/cmd_obj_activation
localize,#mp/cmd_obj_bomb_capture
localize,#mp/cmd_obj_bomb_defend
localize,#mp/cmd_obj_capture
localize,#mp/cmd_obj_defend
localize,#mp/connected
localize,#mp/control_all_zones_loss
localize,#mp/control_all_zones_win
localize,#mp/cowards_way_out
localize,#mp/cranked
localize,#mp/cut_parachute_hint
localize,#mp/cyber_tie
localize,#mp/dead_drop_no_points_to_store
localize,#mp/dead_drop_points_already_stored
localize,#mp/defeat
localize,#mp/defusing_explosive
localize,#mp/deploy_parachute_not_shared_hint
localize,#mp/deploy_parachute_shared_hint
localize,#mp/dev_available_spawns
localize,#mp/dev_available_spawns_score
localize,#mp/dm_new_target
localize,#mp/dmz_loot_crate_capture
localize,#mp/dmz_plunder_crate_capture
localize,#mp/dmz_plunder_loss
localize,#mp/dmz_plunder_win
localize,#mp/dom_enemy_flag_captured
localize,#mp/dom_neutral_flag_captured
localize,#mp/dom_your_flag_was_captured
localize,#mp/door_use_alarm
localize,#mp/door_use_breach
localize,#mp/door_use_close
localize,#mp/door_use_lock
localize,#mp/door_use_locked
localize,#mp/door_use_open
localize,#mp/door_use_open_double
localize,#mp/door_use_remove_alarm
localize,#mp/draw
localize,#mp/drone_reset_timer
localize,#mp/drone_resetting
localize,#mp/elevator_use
localize,#mp/emp_pickup_use
localize,#mp/ended_game
localize,#mp/enemies_eliminated
localize,#mp/enemy_flag_captured_by
localize,#mp/enemy_flag_dropped_by
localize,#mp/enemy_flag_returned
localize,#mp/enemy_flag_taken_by
localize,#mp/enemy_forfeit
localize,#mp/esc_cache_use_hint
localize,#mp/esc_extract
localize,#mp/esc_extract_soon
localize,#mp/esc_loot_cache
localize,#mp/esc_wait_to_kick
localize,#mp/escape_generic_time
localize,#mp/escape_intro_bel
localize,#mp/escape_loadout_lost
localize,#mp/escape_location_fallout
localize,#mp/escape_location_faridah
localize,#mp/escape_location_layover
localize,#mp/escape_location_transit
localize,#mp/escape_location_unknown
localize,#mp/escape_weapons_message
localize,#mp/escape_you_died
localize,#mp/escape_you_escaped
localize,#mp/exfil_eliminated
localize,#mp/explosives_defused_by
localize,#mp/explosives_dropped_by
localize,#mp/explosives_planted_by
localize,#mp/explosives_recovered_by
localize,#mp/extracting_plunder_label
localize,#mp/faction_eight_eliminated
localize,#mp/faction_eight_forfeited
localize,#mp/faction_enemies_forfeited
localize,#mp/faction_five_eliminated
localize,#mp/faction_five_forfeited
localize,#mp/faction_four_eliminated
localize,#mp/faction_four_forfeited
localize,#mp/faction_one_eliminated
localize,#mp/faction_one_forfeited
localize,#mp/faction_sdf_eliminated
localize,#mp/faction_sdf_forfeited
localize,#mp/faction_sdf_long
localize,#mp/faction_seven_eliminated
localize,#mp/faction_seven_forfeited
localize,#mp/faction_six_eliminated
localize,#mp/faction_six_forfeited
localize,#mp/faction_three_eliminated
localize,#mp/faction_three_forfeited
localize,#mp/faction_two_eliminated
localize,#mp/faction_two_forfeited
localize,#mp/faction_unsa_eliminated
localize,#mp/faction_unsa_forfeited
localize,#mp/faction_unsa_long
localize,#mp/ffa_last_stand_respawn
localize,#mp/field_upgrade_cannot_use
localize,#mp/final_killcam
localize,#mp/final_round
localize,#mp/first_blood
localize,#mp/first_kill
localize,#mp/first_place
localize,#mp/first_place_fem
localize,#mp/firstplace_name
localize,#mp/flag_returned
localize,#mp/flag_taken_by
localize,#mp/fourth_kill
localize,#mp/fourth_place
localize,#mp/fourth_place_fem
localize,#mp/friendlies_eliminated
localize,#mp/friendly_fire_kick_warning
localize,#mp/friendly_fire_punish_switch
localize,#mp/friendly_fire_will_not
localize,#mp/friendly_flag_captured_by
localize,#mp/front_bounty
localize,#mp/front_danger
localize,#mp/front_revealed
localize,#mp/front_warning
localize,#mp/get_killstreak
localize,#mp/get_random
localize,#mp/gl_impact_killcam
localize,#mp/gl_killcam
localize,#mp/grabbed_flag_first
localize,#mp/grabbing_flag
localize,#mp/gulag_time_low
localize,#mp/gw_apc_respawn
localize,#mp/gw_iav_respawn
localize,#mp/hacking_explosive
localize,#mp/halftime
localize,#mp/headshot_killcam
localize,#mp/heroes_return
localize,#mp/high_five
localize,#mp/high_five_returned
localize,#mp/hipfire_killcam
localize,#mp/hits
localize,#mp/hold_sync_delayed
localize,#mp/hold_sync_detonate
localize,#mp/hold_to_defuse_emp
localize,#mp/hold_to_defuse_explosives
localize,#mp/hold_to_drop
localize,#mp/hold_to_drop_hostage
localize,#mp/hold_to_drop_vip
localize,#mp/hold_to_equip_gas_gear
localize,#mp/hold_to_equip_tacops_artillery
localize,#mp/hold_to_equip_tacops_bomber
localize,#mp/hold_to_equip_tacops_copter
localize,#mp/hold_to_equip_tacops_gas
localize,#mp/hold_to_equip_tacops_jugg
localize,#mp/hold_to_equip_tacops_medic
localize,#mp/hold_to_equip_tacops_spawner
localize,#mp/hold_to_equip_tacops_spotter
localize,#mp/hold_to_equip_tacops_stealth
localize,#mp/hold_to_equip_tacops_turret
localize,#mp/hold_to_escort_vip
localize,#mp/hold_to_get_off_chopper
localize,#mp/hold_to_get_on_chopper
localize,#mp/hold_to_pickup_hostage
localize,#mp/hold_to_pickup_vip
localize,#mp/hold_to_plant_emp
localize,#mp/hold_to_plant_explosives
localize,#mp/horde_bleed_out
localize,#mp/horde_next_air_drop
localize,#mp/horde_round_num
localize,#mp/horde_round_start_timer
localize,#mp/horde_special_round_time
localize,#mp/horde_weapon_level
localize,#mp/host_changing_settings
localize,#mp/host_ended_game
localize,#mp/host_endgame_response
localize,#mp/hvt_follow
localize,#mp/hvt_grab
localize,#mp/hvt_revive_use
localize,#mp/hvt_wait
localize,#mp/infil_selection_jump
localize,#mp/infil_selection_left
localize,#mp/infil_selection_right
localize,#mp/infil_selection_top
localize,#mp/intermission
localize,#mp/iwnotallowed
localize,#mp/killed_by
localize,#mp/killstreak
localize,#mp/laststand_revive_use
localize,#mp/layover
localize,#mp/lethals_unavailable_for_n
localize,#mp/light_switch
localize,#mp/loadout_default_name
localize,#mp/loadoutrestricted
localize,#mp/losing_flag
localize,#mp/mapdiffersfromserver
localize,#mp/mapdiffersfromserverdev
localize,#mp/marking_equipment
localize,#mp/match_bonus
localize,#mp/match_bonus_is
localize,#mp/match_in_progress
localize,#mp/match_point
localize,#mp/match_resuming_in
localize,#mp/match_starting
localize,#mp/match_starting_in
localize,#mp/match_tie
localize,#mp/matchedplayer
localize,#mp/melee_killcam
localize,#mp/mercy_loss
localize,#mp/mercy_win
localize,#mp/mission_pickup
localize,#mp/more
localize,#mp/muted
localize,#mp/neutral_flag_captured_by
localize,#mp/neutral_flag_dropped_by
localize,#mp/next_drop_zone_in
localize,#mp/next_hardpoint_in
localize,#mp/next_team_spawn
localize,#mp/no_respawn
localize,#mp/no_respawns_remaining
localize,#mp/nogoodhost
localize,#mp/nuke_deployed
localize,#mp/nuke_end
localize,#mp/nuke_radiation_hurt
localize,#mp/nuke_radiation_warning
localize,#mp/nuke_select_launch_detected
localize,#mp/obituary_enemy
localize,#mp/obituary_friendly
localize,#mp/obituary_neutral
localize,#mp/offhand_provider_refill
localize,#mp/opponent_forfeiting_in
localize,#mp/original_maps
localize,#mp/outpost_defended
localize,#mp/overtime
localize,#mp/parachuting_control_cut_shared_hints
localize,#mp/parachuting_control_freelook_shared_hints
localize,#mp/parachuting_control_not_shared_hints
localize,#mp/parachuting_control_shared_hints
localize,#mp/peek_door
localize,#mp/pickup_rpg7
localize,#mp/pillage_cache_hint
localize,#mp/place_ladder
localize,#mp/placeholder_cannot_deposit_full
localize,#mp/placeholder_cannot_deposit_leaving
localize,#mp/placeholder_leaving_in_n
localize,#mp/planting_explosive
localize,#mp/player_already_being_revived
localize,#mp/players_forfeited
localize,#mp/plunder_xp_colon
localize,#mp/plus
localize,#mp/practice_round_over
localize,#mp/press_to_respawn
localize,#mp/press_to_skip
localize,#mp/press_to_spawn
localize,#mp/press_to_teamspawn
localize,#mp/press_to_use_nvg
localize,#mp/press_to_use_nvg_kb
localize,#mp/quest_pickup
localize,#mp/quest_sonar_start
localize,#mp/quest_stash_found
localize,#mp/rally_point_respawn
localize,#mp/respawning_all_players
localize,#mp/returning_flag
localize,#mp/revive
localize,#mp/revive_or_respawn
localize,#mp/reviving_self
localize,#mp/rewind_failed
localize,#mp/round_draw
localize,#mp/round_end_killcam
localize,#mp/round_killcam
localize,#mp/round_limit_reached
localize,#mp/round_losing
localize,#mp/round_loss
localize,#mp/round_tied
localize,#mp/round_win
localize,#mp/round_winning
localize,#mp/roundend
localize,#mp/scav_hud_itemcount
localize,#mp/scav_pickup_prompt
localize,#mp/scav_splash_complete_subtitle
localize,#mp/scav_splash_complete_title
localize,#mp/scav_splash_start_subtitle
localize,#mp/scav_splash_start_title
localize,#mp/score_limit_reached
localize,#mp/score_to_beat
localize,#mp/score_xp_colon
localize,#mp/scorelimit_killcam
localize,#mp/second_kill
localize,#mp/second_place
localize,#mp/second_place_fem
localize,#mp/secondplace_name
localize,#mp/securing_position
localize,#mp/select_loadout_await_c130
localize,#mp/select_spawn
localize,#mp/set_trap
localize,#mp/setting_trap
localize,#mp/siege_all_flags_loss
localize,#mp/siege_all_flags_win
localize,#mp/siege_time_flag_loss
localize,#mp/siege_time_flag_win
localize,#mp/sm_dflt_name
localize,#mp/snatch_1
localize,#mp/snatch_2
localize,#mp/snatch_3
localize,#mp/snatch_arsenal_discovered
localize,#mp/snatch_arsenal_taken
localize,#mp/snatch_arsenal_taken_friend
localize,#mp/snatch_arsenal_taken_self
localize,#mp/snatch_breach_done
localize,#mp/snatch_breach_started
localize,#mp/snatch_breach_started_friend
localize,#mp/snatch_exfil_begin
localize,#mp/snatch_exfil_enemy_escaping
localize,#mp/snatch_exfil_friend
localize,#mp/snatch_exfil_point
localize,#mp/snatch_fight
localize,#mp/snatch_generic_time
localize,#mp/snatch_intel_discovered
localize,#mp/snatch_intel_discovered_self
localize,#mp/snatch_intro
localize,#mp/snatch_location_syrk
localize,#mp/snatch_set_charge
localize,#mp/snatch_take_grab_box
localize,#mp/snatch_take_intel
localize,#mp/snatch_take_jugg
localize,#mp/snatch_take_loadout
localize,#mp/snatch_time_low
localize,#mp/snatch_time_low_arsenal
localize,#mp/snatch_time_out
localize,#mp/sotf_crate_multiple
localize,#mp/sotf_crate_single
localize,#mp/spawn_eliminated
localize,#mp/spawn_flag_wait
localize,#mp/spawn_next_round
localize,#mp/spawn_point_capture_wait
localize,#mp/spawn_rally_point_destroyed
localize,#mp/spawn_revive_remote
localize,#mp/spawn_revive_wait
localize,#mp/spawn_revive_wait_bleedout
localize,#mp/spawn_revive_wait_bleedout_esc
localize,#mp/spawn_tag_wait
localize,#mp/squad_leader_spawn_selection
localize,#mp/squad_mate_in_rally_point
localize,#mp/squad_mate_in_rally_point_full
localize,#mp/squad_mate_in_vehicle
localize,#mp/squad_mate_in_vehicle_cant_spawn
localize,#mp/squad_mate_in_vehicle_full
localize,#mp/squad_spawn_instructions
localize,#mp/squad_spawn_selection
localize,#mp/start_game
localize,#mp/sudden_death
localize,#mp/suicide_delay
localize,#mp/super_self_revive_or_respawn
localize,#mp/supers_unavailable
localize,#mp/supers_unavailable_arb_up
localize,#mp/supers_unavailable_for_n
localize,#mp/support_box_incompat
localize,#mp/survivors_elmiminated
localize,#mp/switching_sides
localize,#mp/tac_cover_cannot_place
localize,#mp/tac_cover_door_too_close
localize,#mp/tac_cover_place_in_doorway
localize,#mp/tac_cover_prone_blocks_use
localize,#mp/target_destroyed
localize,#mp/tdef_drone_data
localize,#mp/tdef_drone_data_prog
localize,#mp/team_0_name
localize,#mp/team_1_name
localize,#mp/team_2_name
localize,#mp/team_3_name
localize,#mp/team_4_name
localize,#mp/team_5_name
localize,#mp/team_6_name
localize,#mp/team_7_name
localize,#mp/team_8_name
localize,#mp/team_losing
localize,#mp/team_tied
localize,#mp/team_winning
localize,#mp/teleport_failed
localize,#mp/third_kill
localize,#mp/third_place
localize,#mp/third_place_fem
localize,#mp/thirdplace_name
localize,#mp/time_limit_reached
localize,#mp/time_till_spawn
localize,#mp/time_to_beat
localize,#mp/time_to_beat_ctf_loss
localize,#mp/time_to_beat_ctf_win
localize,#mp/time_to_beat_uplink_loss
localize,#mp/time_to_beat_uplink_win
localize,#mp/timelimit_killcam
localize,#mp/to_hstg_allies_extract
localize,#mp/to_hstg_axis_extract
localize,#mp/to_hstg_locate
localize,#mp/too_close_nofire
localize,#mp/too_close_nolock
localize,#mp/total_xp_colon
localize,#mp/traversal_assist_boost
localize,#mp/traversal_assist_pre_boost
localize,#mp/traversal_assist_pre_pull_up
localize,#mp/traversal_assist_pull_up
localize,#mp/traversal_mantle
localize,#mp/trial_timer_start_weapon
localize,#mp/unknown_player
localize,#mp/upcoming_matches
localize,#mp/uplink_practice
localize,#mp/use_auto_ascender
localize,#mp/use_auto_descender
localize,#mp/use_ladder
localize,#mp/use_rocketbox
localize,#mp/vehicle_purchase_failed
localize,#mp/victory
localize,#mp/waiting_for_c130
localize,#mp/waiting_for_hq
localize,#mp/waiting_for_more_players
localize,#mp/waiting_for_players
localize,#mp/waiting_for_teams
localize,#mp/waiting_to_spawn
localize,#mp/waitingforpartyhost
localize,#mp/warning_too_close
localize,#mp/weapon_drop_incompat
localize,#mp/weapon_drop_too_many_attachments
localize,#mp/winner
localize,#mp/you_are_being_revived
localize,#mp/you_killed
localize,#mp/your_team_has_been_eliminated
localize,#mp/zipline_use
localize,#mp_ingame_only/all_optic_reticle_splash
localize,#mp_ingame_only/all_weapon_camo_earned
localize,#mp_ingame_only/ammo_restock_stock_full
localize,#mp_ingame_only/awaiting_orders
localize,#mp_ingame_only/body_earned
localize,#mp_ingame_only/broshot_confirmed
localize,#mp_ingame_only/broshot_instructions
localize,#mp_ingame_only/broshot_key_taunt
localize,#mp_ingame_only/broshot_option_a
localize,#mp_ingame_only/broshot_option_a_btn
localize,#mp_ingame_only/broshot_option_b
localize,#mp_ingame_only/broshot_option_b_btn
localize,#mp_ingame_only/broshot_taunt
localize,#mp_ingame_only/broshot_title
localize,#mp_ingame_only/camo_splash_title
localize,#mp_ingame_only/capture_vip
localize,#mp_ingame_only/chopper_leaving_soon
localize,#mp_ingame_only/danger_cluster_strike
localize,#mp_ingame_only/danger_precision_airstrike
localize,#mp_ingame_only/death_detail_enemy_health_label
localize,#mp_ingame_only/death_details_overflow
localize,#mp_ingame_only/default_class_name_1
localize,#mp_ingame_only/default_class_name_10
localize,#mp_ingame_only/default_class_name_10_dev
localize,#mp_ingame_only/default_class_name_11_dev
localize,#mp_ingame_only/default_class_name_1_dev
localize,#mp_ingame_only/default_class_name_2
localize,#mp_ingame_only/default_class_name_2_dev
localize,#mp_ingame_only/default_class_name_3
localize,#mp_ingame_only/default_class_name_3_dev
localize,#mp_ingame_only/default_class_name_4
localize,#mp_ingame_only/default_class_name_4_dev
localize,#mp_ingame_only/default_class_name_5
localize,#mp_ingame_only/default_class_name_5_dev
localize,#mp_ingame_only/default_class_name_6
localize,#mp_ingame_only/default_class_name_6_dev
localize,#mp_ingame_only/default_class_name_7
localize,#mp_ingame_only/default_class_name_7_dev
localize,#mp_ingame_only/default_class_name_8
localize,#mp_ingame_only/default_class_name_8_dev
localize,#mp_ingame_only/default_class_name_9
localize,#mp_ingame_only/default_class_name_9_dev
localize,#mp_ingame_only/default_class_prefix
localize,#mp_ingame_only/defcon_caps
localize,#mp_ingame_only/defcon_points_feed
localize,#mp_ingame_only/defcon_pts_10
localize,#mp_ingame_only/defcon_pts_100
localize,#mp_ingame_only/defcon_pts_110
localize,#mp_ingame_only/defcon_pts_120
localize,#mp_ingame_only/defcon_pts_130
localize,#mp_ingame_only/defcon_pts_140
localize,#mp_ingame_only/defcon_pts_150
localize,#mp_ingame_only/defcon_pts_160
localize,#mp_ingame_only/defcon_pts_170
localize,#mp_ingame_only/defcon_pts_180
localize,#mp_ingame_only/defcon_pts_190
localize,#mp_ingame_only/defcon_pts_20
localize,#mp_ingame_only/defcon_pts_200
localize,#mp_ingame_only/defcon_pts_30
localize,#mp_ingame_only/defcon_pts_40
localize,#mp_ingame_only/defcon_pts_50
localize,#mp_ingame_only/defcon_pts_60
localize,#mp_ingame_only/defcon_pts_70
localize,#mp_ingame_only/defcon_pts_80
localize,#mp_ingame_only/defcon_pts_90
localize,#mp_ingame_only/drop_bag_caps
localize,#mp_ingame_only/dz_available_in
localize,#mp_ingame_only/dz_capture
localize,#mp_ingame_only/dz_next_in
localize,#mp_ingame_only/dz_time_remaining
localize,#mp_ingame_only/equipment_maxed
localize,#mp_ingame_only/escape_timer_text
localize,#mp_ingame_only/field_upgrade_used
localize,#mp_ingame_only/flag_available_in
localize,#mp_ingame_only/flag_despawn_in
localize,#mp_ingame_only/game_force_started
localize,#mp_ingame_only/get_on_chopper
localize,#mp_ingame_only/hack_command
localize,#mp_ingame_only/hack_target
localize,#mp_ingame_only/hackexe
localize,#mp_ingame_only/hackterminal
localize,#mp_ingame_only/head_earned
localize,#mp_ingame_only/hold_to_start_game
localize,#mp_ingame_only/hp_current
localize,#mp_ingame_only/hp_next_in
localize,#mp_ingame_only/hp_time_remaining
localize,#mp_ingame_only/hp_unlocks_in
localize,#mp_ingame_only/hq_available_in
localize,#mp_ingame_only/hq_capture
localize,#mp_ingame_only/hq_despawn_in
localize,#mp_ingame_only/hq_next_in
localize,#mp_ingame_only/hq_no_respawn
localize,#mp_ingame_only/hq_reinforcements_in
localize,#mp_ingame_only/hq_time_remaining
localize,#mp_ingame_only/incoming_obj_caps
localize,#mp_ingame_only/jugg_killed_jugg
localize,#mp_ingame_only/juggernaut_kill
localize,#mp_ingame_only/killed_juggernaut
localize,#mp_ingame_only/koth_overtime_warning
localize,#mp_ingame_only/loadout_tab_custom
localize,#mp_ingame_only/loadout_tab_default
localize,#mp_ingame_only/low_battery
localize,#mp_ingame_only/missing_string
localize,#mp_ingame_only/neutralizing_a
localize,#mp_ingame_only/neutralizing_b
localize,#mp_ingame_only/neutralizing_c
localize,#mp_ingame_only/next_obj_in
localize,#mp_ingame_only/nuke_crate_incoming
localize,#mp_ingame_only/nvg_tutorial
localize,#mp_ingame_only/obj_advance_caps
localize,#mp_ingame_only/obj_attack_caps
localize,#mp_ingame_only/obj_bank_caps
localize,#mp_ingame_only/obj_block_exfil_caps
localize,#mp_ingame_only/obj_blocked_caps
localize,#mp_ingame_only/obj_blocking_caps
localize,#mp_ingame_only/obj_bomb_caps
localize,#mp_ingame_only/obj_calling_exfil_caps
localize,#mp_ingame_only/obj_capture_caps
localize,#mp_ingame_only/obj_capturing_caps
localize,#mp_ingame_only/obj_clearing_caps
localize,#mp_ingame_only/obj_contest_caps
localize,#mp_ingame_only/obj_contested_caps
localize,#mp_ingame_only/obj_defend_caps
localize,#mp_ingame_only/obj_defend_caps_n
localize,#mp_ingame_only/obj_defending_caps
localize,#mp_ingame_only/obj_defending_caps_n
localize,#mp_ingame_only/obj_defuse_caps
localize,#mp_ingame_only/obj_defusing_caps
localize,#mp_ingame_only/obj_defusing_target_a_caps
localize,#mp_ingame_only/obj_defusing_target_b_caps
localize,#mp_ingame_only/obj_destroy_caps
localize,#mp_ingame_only/obj_destroying_caps
localize,#mp_ingame_only/obj_destroying_caps_n
localize,#mp_ingame_only/obj_emp_caps
localize,#mp_ingame_only/obj_enemy_caps
localize,#mp_ingame_only/obj_escort_caps
localize,#mp_ingame_only/obj_exfil_active_caps
localize,#mp_ingame_only/obj_exfil_notactive_caps
localize,#mp_ingame_only/obj_extract_caps
localize,#mp_ingame_only/obj_hvt_caps
localize,#mp_ingame_only/obj_hvt_caps_1
localize,#mp_ingame_only/obj_hvt_caps_10
localize,#mp_ingame_only/obj_hvt_caps_11
localize,#mp_ingame_only/obj_hvt_caps_12
localize,#mp_ingame_only/obj_hvt_caps_13
localize,#mp_ingame_only/obj_hvt_caps_14
localize,#mp_ingame_only/obj_hvt_caps_15
localize,#mp_ingame_only/obj_hvt_caps_16
localize,#mp_ingame_only/obj_hvt_caps_17
localize,#mp_ingame_only/obj_hvt_caps_19
localize,#mp_ingame_only/obj_hvt_caps_2
localize,#mp_ingame_only/obj_hvt_caps_20
localize,#mp_ingame_only/obj_hvt_caps_21
localize,#mp_ingame_only/obj_hvt_caps_22
localize,#mp_ingame_only/obj_hvt_caps_23
localize,#mp_ingame_only/obj_hvt_caps_24
localize,#mp_ingame_only/obj_hvt_caps_25
localize,#mp_ingame_only/obj_hvt_caps_26
localize,#mp_ingame_only/obj_hvt_caps_27
localize,#mp_ingame_only/obj_hvt_caps_28
localize,#mp_ingame_only/obj_hvt_caps_29
localize,#mp_ingame_only/obj_hvt_caps_3
localize,#mp_ingame_only/obj_hvt_caps_30
localize,#mp_ingame_only/obj_hvt_caps_31
localize,#mp_ingame_only/obj_hvt_caps_32
localize,#mp_ingame_only/obj_hvt_caps_33
localize,#mp_ingame_only/obj_hvt_caps_34
localize,#mp_ingame_only/obj_hvt_caps_35
localize,#mp_ingame_only/obj_hvt_caps_36
localize,#mp_ingame_only/obj_hvt_caps_37
localize,#mp_ingame_only/obj_hvt_caps_38
localize,#mp_ingame_only/obj_hvt_caps_39
localize,#mp_ingame_only/obj_hvt_caps_4
localize,#mp_ingame_only/obj_hvt_caps_40
localize,#mp_ingame_only/obj_hvt_caps_41
localize,#mp_ingame_only/obj_hvt_caps_42
localize,#mp_ingame_only/obj_hvt_caps_43
localize,#mp_ingame_only/obj_hvt_caps_44
localize,#mp_ingame_only/obj_hvt_caps_45
localize,#mp_ingame_only/obj_hvt_caps_46
localize,#mp_ingame_only/obj_hvt_caps_47
localize,#mp_ingame_only/obj_hvt_caps_48
localize,#mp_ingame_only/obj_hvt_caps_49
localize,#mp_ingame_only/obj_hvt_caps_5
localize,#mp_ingame_only/obj_hvt_caps_50
localize,#mp_ingame_only/obj_hvt_caps_6
localize,#mp_ingame_only/obj_hvt_caps_7
localize,#mp_ingame_only/obj_hvt_caps_8
localize,#mp_ingame_only/obj_hvt_caps_9
localize,#mp_ingame_only/obj_hvt_friend_caps
localize,#mp_ingame_only/obj_kill_caps
localize,#mp_ingame_only/obj_locked_caps
localize,#mp_ingame_only/obj_losing_caps
localize,#mp_ingame_only/obj_losing_caps_n
localize,#mp_ingame_only/obj_nemesis_caps
localize,#mp_ingame_only/obj_neutralizing_caps_n
localize,#mp_ingame_only/obj_next_caps
localize,#mp_ingame_only/obj_otflagloc_caps
localize,#mp_ingame_only/obj_pickup_caps
localize,#mp_ingame_only/obj_pickup_defend_caps
localize,#mp_ingame_only/obj_plant_caps
localize,#mp_ingame_only/obj_planting_caps
localize,#mp_ingame_only/obj_planting_target_a_caps
localize,#mp_ingame_only/obj_planting_target_b_caps
localize,#mp_ingame_only/obj_recover_caps
localize,#mp_ingame_only/obj_reset_caps
localize,#mp_ingame_only/obj_resetting_caps
localize,#mp_ingame_only/obj_retreat_caps
localize,#mp_ingame_only/obj_returning_caps
localize,#mp_ingame_only/obj_scoring_caps
localize,#mp_ingame_only/obj_securing_caps
localize,#mp_ingame_only/obj_securing_caps_n
localize,#mp_ingame_only/obj_stopping_exfil_caps
localize,#mp_ingame_only/obj_take_caps
localize,#mp_ingame_only/obj_taking_caps
localize,#mp_ingame_only/obj_target_caps
localize,#mp_ingame_only/obj_timeout
localize,#mp_ingame_only/obj_unlocks_in
localize,#mp_ingame_only/objective_points
localize,#mp_ingame_only/overtime_flag_spawned
localize,#mp_ingame_only/pickup_atmine
localize,#mp_ingame_only/pickup_c4
localize,#mp_ingame_only/pickup_claymore
localize,#mp_ingame_only/pickup_decoy
localize,#mp_ingame_only/pickup_flash
localize,#mp_ingame_only/pickup_frag
localize,#mp_ingame_only/pickup_molotov
localize,#mp_ingame_only/pickup_pball
localize,#mp_ingame_only/pickup_semtex
localize,#mp_ingame_only/pickup_smoke
localize,#mp_ingame_only/pickup_snapshot
localize,#mp_ingame_only/pickup_snowball
localize,#mp_ingame_only/pickup_sticky_grenade
localize,#mp_ingame_only/pickup_stim
localize,#mp_ingame_only/pickup_stun
localize,#mp_ingame_only/pickup_thermite
localize,#mp_ingame_only/pickup_tknife
localize,#mp_ingame_only/pickup_trophy_system
localize,#mp_ingame_only/pillage_depot_closing
localize,#mp_ingame_only/pillage_depot_open
localize,#mp_ingame_only/players_required
localize,#mp_ingame_only/practice_round
localize,#mp_ingame_only/refill_ammo
localize,#mp_ingame_only/report_player_killcam
localize,#mp_ingame_only/report_player_killcam_kbm
localize,#mp_ingame_only/reticle_splash_title
localize,#mp_ingame_only/rps_draw
localize,#mp_ingame_only/rps_lose
localize,#mp_ingame_only/rps_start
localize,#mp_ingame_only/rps_too_late
localize,#mp_ingame_only/rps_win
localize,#mp_ingame_only/safe
localize,#mp_ingame_only/searching_body
localize,#mp_ingame_only/select_loadout_to_spawn
localize,#mp_ingame_only/snatch_arsenal_breach
localize,#mp_ingame_only/snatch_clues
localize,#mp_ingame_only/snatch_grab_box_escort
localize,#mp_ingame_only/snatch_grab_box_pick_up
localize,#mp_ingame_only/snatch_grab_box_steal
localize,#mp_ingame_only/snatch_hunt_text
localize,#mp_ingame_only/snatch_max_clues
localize,#mp_ingame_only/snowball_fight
localize,#mp_ingame_only/spawn_beacon
localize,#mp_ingame_only/splashes_beta_max_rank
localize,#mp_ingame_only/splashes_beta_max_rank_desc
localize,#mp_ingame_only/super_points_feed
localize,#mp_ingame_only/system_reboot
localize,#mp_ingame_only/target_hacked
localize,#mp_ingame_only/teamscore_notify_1
localize,#mp_ingame_only/teamscore_notify_10
localize,#mp_ingame_only/teamscore_notify_15
localize,#mp_ingame_only/teamscore_notify_2
localize,#mp_ingame_only/teamscore_notify_20
localize,#mp_ingame_only/teamscore_notify_25
localize,#mp_ingame_only/teamscore_notify_3
localize,#mp_ingame_only/teamscore_notify_4
localize,#mp_ingame_only/teamscore_notify_5
localize,#mp_ingame_only/teamscore_notify_6
localize,#mp_ingame_only/teamscore_notify_7
localize,#mp_ingame_only/teamscore_notify_8
localize,#mp_ingame_only/teamscore_notify_9
localize,#mp_ingame_only/testjumptext
localize,#mp_ingame_only/testjumptext2
localize,#mp_ingame_only/uplink_ball
localize,#mp_ingame_only/use_mortar
localize,#mp_ingame_only/vs
localize,#mp_ingame_only/weapon_splash_title
localize,#mvp_highlights/example
localize,#mvp_highlights/fatality_01
localize,#mvp_highlights/fatality_02
localize,#mvp_highlights/fatality_03
localize,#mvp_highlights/fatality_04
localize,#mvp_highlights/fatality_05
localize,#mvp_highlights/fatality_06
localize,#mvp_highlights/fatality_07
localize,#mvp_highlights/fatality_08
localize,#mvp_highlights/fatality_09
localize,#mvp_highlights/fatality_10
localize,#mvp_highlights/fatality_11
localize,#mvp_highlights/fatality_12
localize,#mvp_highlights/fatality_13
localize,#mvp_highlights/fatality_14
localize,#mvp_highlights/fatality_15
localize,#mvp_highlights/fatality_16
localize,#mvp_highlights/fatality_17
localize,#mvp_highlights/fatality_18
localize,#mvp_highlights/fatality_19
localize,#mvp_highlights/fatality_20
localize,#mvp_highlights/fatality_21
localize,#mvp_highlights/fatality_22
localize,#mvp_highlights/fatality_23
localize,#mvp_highlights/fatality_24
localize,#mvp_highlights/fatality_25
localize,#mvp_highlights/fatality_26
localize,#mvp_highlights/fatality_27
localize,#mvp_highlights/fatality_28
localize,#mvp_highlights/fatality_29
localize,#mvp_highlights/fatality_30
localize,#mvp_highlights/fatality_anna_01
localize,#mvp_highlights/fatality_anna_02
localize,#mvp_highlights/fatality_arizona_01
localize,#mvp_highlights/fatality_battlepass_01
localize,#mvp_highlights/fatality_callum_02
localize,#mvp_highlights/fatality_constanze_02
localize,#mvp_highlights/fatality_death_01
localize,#mvp_highlights/fatality_fatality_mateo_01
localize,#mvp_highlights/fatality_florence_01
localize,#mvp_highlights/fatality_florence_02
localize,#mvp_highlights/fatality_francis_01
localize,#mvp_highlights/fatality_generic_aot_titan_01
localize,#mvp_highlights/fatality_generic_assault_01
localize,#mvp_highlights/fatality_generic_axeandshield_01
localize,#mvp_highlights/fatality_generic_cupid_01
localize,#mvp_highlights/fatality_generic_explosive_01
localize,#mvp_highlights/fatality_generic_firecracker_01
localize,#mvp_highlights/fatality_generic_glaive_01
localize,#mvp_highlights/fatality_generic_gunfu_01
localize,#mvp_highlights/fatality_generic_gunfu_02
localize,#mvp_highlights/fatality_generic_leprichaun_01
localize,#mvp_highlights/fatality_generic_shotgun_01
localize,#mvp_highlights/fatality_generic_shuriken_01
localize,#mvp_highlights/fatality_generic_smg_01
localize,#mvp_highlights/fatality_generic_spearandshield_01
localize,#mvp_highlights/fatality_generic_terminator_01
localize,#mvp_highlights/fatality_generic_tiger_01
localize,#mvp_highlights/fatality_generic_woodaxe_01
localize,#mvp_highlights/fatality_generic_zweihander_02
localize,#mvp_highlights/fatality_green_bay_01
localize,#mvp_highlights/fatality_gustavo_01
localize,#mvp_highlights/fatality_gustavo_02
localize,#mvp_highlights/fatality_halima_02
localize,#mvp_highlights/fatality_lion_01
localize,#mvp_highlights/fatality_lucas_02
localize,#mvp_highlights/fatality_mateo_01
localize,#mvp_highlights/fatality_mateo_02
localize,#mvp_highlights/fatality_muskegon_01
localize,#mvp_highlights/fatality_padmavati_02
localize,#mvp_highlights/fatality_pestilence_01
localize,#mvp_highlights/fatality_polina_02
localize,#mvp_highlights/fatality_shigenori_02
localize,#mvp_highlights/fatality_taeyoung_01
localize,#mvp_highlights/fatality_taeyoung_02
localize,#mvp_highlights/fatality_thomas_01
localize,#mvp_highlights/fatality_thomas_02
localize,#mvp_highlights/fatality_wellington_01
localize,#mvp_highlights/highlight_intro_01
localize,#mvp_highlights/highlight_intro_02
localize,#mvp_highlights/highlight_intro_03
localize,#mvp_highlights/highlight_intro_04
localize,#mvp_highlights/highlight_intro_05
localize,#mvp_highlights/highlight_intro_06
localize,#mvp_highlights/highlight_intro_07
localize,#mvp_highlights/highlight_intro_08
localize,#mvp_highlights/highlight_intro_09
localize,#mvp_highlights/highlight_intro_10
localize,#mvp_highlights/highlight_intro_11
localize,#mvp_highlights/highlight_intro_12
localize,#mvp_highlights/highlight_intro_13
localize,#mvp_highlights/highlight_intro_14
localize,#mvp_highlights/highlight_intro_15
localize,#mvp_highlights/highlight_intro_16
localize,#mvp_highlights/highlight_intro_17
localize,#mvp_highlights/highlight_intro_18
localize,#mvp_highlights/highlight_intro_19
localize,#mvp_highlights/highlight_intro_20
localize,#mvp_highlights/highlight_intro_21
localize,#mvp_highlights/highlight_intro_22
localize,#mvp_highlights/highlight_intro_23
localize,#mvp_highlights/highlight_intro_24
localize,#mvp_highlights/highlight_intro_25
localize,#mvp_highlights/highlight_intro_26
localize,#mvp_highlights/highlight_intro_27
localize,#mvp_highlights/highlight_intro_28
localize,#mvp_highlights/highlight_intro_29
localize,#mvp_highlights/highlight_intro_30
localize,#mvp_highlights/highlight_intro_31
localize,#mvp_highlights/highlight_intro_32
localize,#mvp_highlights/highlight_intro_33
localize,#mvp_highlights/highlight_intro_34
localize,#mvp_highlights/highlight_intro_35
localize,#mvp_highlights/no_second_chances
localize,#mvp_highlights/pom_anna_01
localize,#mvp_highlights/pom_anna_02
localize,#mvp_highlights/pom_arizona_01
localize,#mvp_highlights/pom_battlepass_01
localize,#mvp_highlights/pom_butcher_02
localize,#mvp_highlights/pom_callum_03
localize,#mvp_highlights/pom_daniel_02
localize,#mvp_highlights/pom_doggett_02
localize,#mvp_highlights/pom_famine_01
localize,#mvp_highlights/pom_florence_01
localize,#mvp_highlights/pom_florence_02
localize,#mvp_highlights/pom_generic_aot_titan_01
localize,#mvp_highlights/pom_generic_assault_01
localize,#mvp_highlights/pom_generic_axeandshield_01
localize,#mvp_highlights/pom_generic_coldone_01
localize,#mvp_highlights/pom_generic_cupid_01
localize,#mvp_highlights/pom_generic_firecracker_01
localize,#mvp_highlights/pom_generic_glaive_01
localize,#mvp_highlights/pom_generic_goliath_01
localize,#mvp_highlights/pom_generic_gunfu_01
localize,#mvp_highlights/pom_generic_gunfu_02
localize,#mvp_highlights/pom_generic_leprichaun_01
localize,#mvp_highlights/pom_generic_riotshield_01
localize,#mvp_highlights/pom_generic_shotgun_01
localize,#mvp_highlights/pom_generic_shuriken_01
localize,#mvp_highlights/pom_generic_spearandshield_01
localize,#mvp_highlights/pom_generic_terminator_01
localize,#mvp_highlights/pom_generic_tiger_01
localize,#mvp_highlights/pom_gustavo_01
localize,#mvp_highlights/pom_gustavo_02
localize,#mvp_highlights/pom_halima_02
localize,#mvp_highlights/pom_kenosha_01
localize,#mvp_highlights/pom_lion_01
localize,#mvp_highlights/pom_mateo_01
localize,#mvp_highlights/pom_mateo_02
localize,#mvp_highlights/pom_muskegon_01
localize,#mvp_highlights/pom_padmavati_02
localize,#mvp_highlights/pom_polina_02
localize,#mvp_highlights/pom_rocketlaunchers_01
localize,#mvp_highlights/pom_roland_02
localize,#mvp_highlights/pom_solange_02
localize,#mvp_highlights/pom_taeyoung_01
localize,#mvp_highlights/pom_taeyoung_02
localize,#mvp_highlights/pom_thomas_01
localize,#mvp_highlights/pom_thomas_02
localize,#mvp_highlights/pom_wade_03
localize,#mvp_highlights/pom_wellington_01
localize,#playlist/10v10_ship_name
localize,#playlist/10v10_shipment
localize,#playlist/1v1_shipment_desc
localize,#playlist/1v1_shipment_mic_desc
localize,#playlist/1v1_shipment_name
localize,#playlist/247_hotel_name
localize,#playlist/247_nest_name
localize,#playlist/accuracy_by_volume_name
localize,#playlist/aliens_name
localize,#playlist/all_day_assault_name
localize,#playlist/all_out_assault_name
localize,#playlist/all_out_blitz_desc
localize,#playlist/all_out_bliz_name
localize,#playlist/alt_game_desc
localize,#playlist/aniyah_48_moshpit
localize,#playlist/aniyah_48_tdm
localize,#playlist/aniyahtac247_name
localize,#playlist/aon_abbrv
localize,#playlist/aon_desc
localize,#playlist/aon_name
localize,#playlist/apr1_boys_name
localize,#playlist/apr1_boys_name2
localize,#playlist/april_fools_conf_name
localize,#playlist/april_fools_dom_name
localize,#playlist/april_fools_ffa_name
localize,#playlist/april_fools_fl_tdm_name
localize,#playlist/april_fools_ground_war_name
localize,#playlist/april_fools_gun_name
localize,#playlist/april_fools_hardpoint_name
localize,#playlist/april_fools_infect_name
localize,#playlist/april_fools_r_and_r_moshpit
localize,#playlist/april_fools_sd_name
localize,#playlist/april_fools_tdef_name
localize,#playlist/april_fools_tdm_name
localize,#playlist/arena3v3_knives
localize,#playlist/arena3v3_snipers
localize,#playlist/arena_1v1_name
localize,#playlist/arena_1v1_sniper
localize,#playlist/arena_1v1_vlntn
localize,#playlist/arena_3v3_name
localize,#playlist/arena_3v3_osp
localize,#playlist/arena_3v3_sniper
localize,#playlist/arena_3v3_vlntn
localize,#playlist/arena_3v3_vlntn2
localize,#playlist/arena_abbrv
localize,#playlist/arena_custom_name
localize,#playlist/arena_knives
localize,#playlist/arena_name
localize,#playlist/arena_regen_name
localize,#playlist/arena_snipers
localize,#playlist/arena_snow_name
localize,#playlist/arena_vlntn_name
localize,#playlist/arena_vlntn_name2
localize,#playlist/arhill_duo_desc
localize,#playlist/arhill_duos_name
localize,#playlist/arhill_solo_name
localize,#playlist/arhill_trio_name
localize,#playlist/arm_valntn_name
localize,#playlist/arms_race_desc
localize,#playlist/arms_race_name
localize,#playlist/assault_conf_name
localize,#playlist/assault_control_name
localize,#playlist/assault_dom_name
localize,#playlist/assault_koth_name
localize,#playlist/assault_moshpit_desc
localize,#playlist/assault_moshpit_name
localize,#playlist/assault_patrol_name
localize,#playlist/assault_sd_name
localize,#playlist/assault_tdm_name
localize,#playlist/atviqa_name
localize,#playlist/backlot247_name
localize,#playlist/barebones_moshpit_ar_only_desc
localize,#playlist/barebones_moshpit_ar_only_name
localize,#playlist/barebones_moshpit_desc
localize,#playlist/barebones_moshpit_name
localize,#playlist/barebones_moshpit_ship_haus_247_name
localize,#playlist/barebones_moshpit_smg_only_desc
localize,#playlist/barebones_moshpit_smg_only_name
localize,#playlist/barebones_name
localize,#playlist/barebones_sdd_name
localize,#playlist/barebones_ship_haus_247_desc
localize,#playlist/barebones_tdm_blitz_desc
localize,#playlist/barebones_tdm_blitz_name
localize,#playlist/barebones_tdm_desc
localize,#playlist/barebones_tdm_name
localize,#playlist/base_building_desc
localize,#playlist/base_building_name
localize,#playlist/base_war_abbrv
localize,#playlist/base_war_name
localize,#playlist/battle_royale
localize,#playlist/beefy_shipment_name
localize,#playlist/beheaded_247_desc
localize,#playlist/beheaded_247_name
localize,#playlist/berlin_247_name
localize,#playlist/big_infect_alt
localize,#playlist/big_infect_alt2
localize,#playlist/big_infect_alt3
localize,#playlist/big_infect_name
localize,#playlist/big_map_assault_desc
localize,#playlist/big_map_assault_name
localize,#playlist/big_map_blitz_desc
localize,#playlist/big_map_blitz_dom_desc
localize,#playlist/big_map_blitz_dom_name
localize,#playlist/big_map_blitz_hardpoint
localize,#playlist/big_map_blitz_hardpoint_desc
localize,#playlist/big_map_blitz_name
localize,#playlist/big_map_moshpit_alt_desc
localize,#playlist/big_map_moshpit_desc
localize,#playlist/big_map_moshpit_name
localize,#playlist/big_map_tactical_desc
localize,#playlist/big_map_tactical_name
localize,#playlist/big_moshpit
localize,#playlist/bldmny_name
localize,#playlist/blitz_247_name
localize,#playlist/blitz_abbrv
localize,#playlist/blitz_conf_name
localize,#playlist/blitz_control_name
localize,#playlist/blitz_dom_name
localize,#playlist/blitz_koth_name
localize,#playlist/blitz_moshpit_desc
localize,#playlist/blitz_moshpit_name
localize,#playlist/blitz_name
localize,#playlist/blitz_patrol_name
localize,#playlist/blitz_tdm_name
localize,#playlist/blitzeddad_desc
localize,#playlist/blitzeddad_name
localize,#playlist/bloodbath_blitz_name
localize,#playlist/bloodbath_name
localize,#playlist/bloodletting_name
localize,#playlist/bloodmoney_name
localize,#playlist/bloodshed_blitz_desc
localize,#playlist/bloodshed_blitz_name
localize,#playlist/bloodshed_name
localize,#playlist/bocage_247_name
localize,#playlist/bots_dev_desc
localize,#playlist/bots_dev_name
localize,#playlist/br_abbrv
localize,#playlist/br_cheese_name
localize,#playlist/br_cont_name
localize,#playlist/br_duos
localize,#playlist/br_fast3
localize,#playlist/br_fast_name
localize,#playlist/br_hi_desc
localize,#playlist/br_name
localize,#playlist/br_onesht_name
localize,#playlist/br_qa_name
localize,#playlist/br_quads
localize,#playlist/br_rags_name
localize,#playlist/br_real_name
localize,#playlist/br_solos
localize,#playlist/br_trios
localize,#playlist/brduos_name
localize,#playlist/brfast_name2
localize,#playlist/brhi_name2
localize,#playlist/brhired_name
localize,#playlist/broneshot_desc
localize,#playlist/brquads_name
localize,#playlist/brsolo_name
localize,#playlist/brtrios_name
localize,#playlist/brtroopers_name
localize,#playlist/cagematch_name
localize,#playlist/carnage_name
localize,#playlist/casablanca_247_name
localize,#playlist/cashhill_duo_desc
localize,#playlist/cashhill_duo_name
localize,#playlist/cashhill_solo_name
localize,#playlist/cashhill_trio_name
localize,#playlist/castle_247_name
localize,#playlist/cdl_control
localize,#playlist/cdl_dom_name
localize,#playlist/cdl_koth_name
localize,#playlist/cdl_sd_name
localize,#playlist/ch_desc
localize,#playlist/ch_desc_solos
localize,#playlist/ch_doubles_part_1
localize,#playlist/ch_doubles_part_1_bots
localize,#playlist/ch_doubles_part_2
localize,#playlist/ch_doubles_part_3
localize,#playlist/ch_duos_desc
localize,#playlist/ch_full
localize,#playlist/ch_singles_part_1
localize,#playlist/ch_singles_part_2
localize,#playlist/ch_singles_part_3
localize,#playlist/ch_solos_desc
localize,#playlist/ch_trios_desc
localize,#playlist/ch_trios_part_1
localize,#playlist/ch_trios_part_2
localize,#playlist/ch_trios_part_3
localize,#playlist/champion_hill_couples_name
localize,#playlist/champion_hill_single_mingle_name
localize,#playlist/champion_hill_third_wheel_name
localize,#playlist/chaos_moshpit
localize,#playlist/chaos_moshpit_desc
localize,#playlist/clan_objectives_desc
localize,#playlist/clan_objectives_name
localize,#playlist/class_so_highway_desc
localize,#playlist/class_so_highway_name
localize,#playlist/classic_so
localize,#playlist/classic_so_desc
localize,#playlist/cntrct_clr_name
localize,#playlist/co_op_desc
localize,#playlist/co_op_name
localize,#playlist/cod_summer_name
localize,#playlist/codmas_247_name
localize,#playlist/competition
localize,#playlist/competition_moshpit
localize,#playlist/competition_moshpit_desc
localize,#playlist/conf_247_name
localize,#playlist/conf_abbrv
localize,#playlist/conf_desc
localize,#playlist/conf_name
localize,#playlist/conf_test_missions_desc
localize,#playlist/conf_test_missions_name
localize,#playlist/conkill_name
localize,#playlist/conquest_desc
localize,#playlist/conquest_name
localize,#playlist/control
localize,#playlist/control_247_name
localize,#playlist/cp_ai_check_name
localize,#playlist/cp_apmaint_name
localize,#playlist/cp_arms_dealer_name
localize,#playlist/cp_armsrace_name
localize,#playlist/cp_blockade_name
localize,#playlist/cp_bomb_test_name
localize,#playlist/cp_br_syrk_name
localize,#playlist/cp_chase_name
localize,#playlist/cp_desc
localize,#playlist/cp_disco_qa_name
localize,#playlist/cp_donetsk_name
localize,#playlist/cp_dwn_twn_2_name
localize,#playlist/cp_dwn_twn_name
localize,#playlist/cp_firingrange_name
localize,#playlist/cp_gulag_name
localize,#playlist/cp_jorgetest_name
localize,#playlist/cp_lab_name
localize,#playlist/cp_landlord_2_name
localize,#playlist/cp_landlord_name
localize,#playlist/cp_layover_name
localize,#playlist/cp_milbase_name
localize,#playlist/cp_name
localize,#playlist/cp_piccadilly_name
localize,#playlist/cp_prison
localize,#playlist/cp_proto
localize,#playlist/cp_proto_desc
localize,#playlist/cp_pvpve_farm_name
localize,#playlist/cp_pvpve_mode
localize,#playlist/cp_pvpvz_desc
localize,#playlist/cp_quarry2_name
localize,#playlist/cp_raid_phase1_name
localize,#playlist/cp_raid_pt_1_name
localize,#playlist/cp_raid_pt_2_name
localize,#playlist/cp_rave_qa_name
localize,#playlist/cp_recording_desc
localize,#playlist/cp_rion_strike_name
localize,#playlist/cp_scaletest_name
localize,#playlist/cp_ship_assault_desc
localize,#playlist/cp_ship_assault_name
localize,#playlist/cp_smuggler_name
localize,#playlist/cp_sos_map_name
localize,#playlist/cp_stk_desc
localize,#playlist/cp_stk_embassy_name
localize,#playlist/cp_stk_faridah_name
localize,#playlist/cp_stk_hackney_name
localize,#playlist/cp_strike_mode
localize,#playlist/cp_suburbs09_a_name
localize,#playlist/cp_survival_mode
localize,#playlist/cp_survive_desc
localize,#playlist/cp_sv_aniyah_desc
localize,#playlist/cp_sv_aniyah_name
localize,#playlist/cp_sv_cave_pm
localize,#playlist/cp_sv_cave_pm_name
localize,#playlist/cp_sv_crash_desc
localize,#playlist/cp_sv_petrograd_desc
localize,#playlist/cp_sv_petrograd_name
localize,#playlist/cp_sv_piccadilly_desc
localize,#playlist/cp_sv_raid_desc
localize,#playlist/cp_sv_raid_name
localize,#playlist/cp_sv_speed_desc
localize,#playlist/cp_sv_speed_name
localize,#playlist/cp_titan_desc
localize,#playlist/cp_titan_name
localize,#playlist/cp_torez_name
localize,#playlist/cp_trainyard_name
localize,#playlist/cp_tvstation_name
localize,#playlist/cp_zmb_devs_desc
localize,#playlist/cp_zmb_qa_desc
localize,#playlist/cqb_name
localize,#playlist/cr_kc_name
localize,#playlist/cranked_abbrv
localize,#playlist/cranked_big_name
localize,#playlist/cranked_desc
localize,#playlist/cranked_dom_name
localize,#playlist/cranked_hq_name
localize,#playlist/cranked_infected_name
localize,#playlist/cranked_kc_name
localize,#playlist/cranked_koth_name
localize,#playlist/cranked_name
localize,#playlist/crankgrind_name
localize,#playlist/crash_24_7
localize,#playlist/crashhouse_247
localize,#playlist/crawl
localize,#playlist/crnkgrnd_name
localize,#playlist/crnkgrnd_name2
localize,#playlist/cshadv_name
localize,#playlist/ctdm_test_missions_desc
localize,#playlist/ctdm_test_missions_name
localize,#playlist/ctf_abbrv
localize,#playlist/ctf_name
localize,#playlist/cyber_big_name
localize,#playlist/cyber_hc_desc
localize,#playlist/cyber_name
localize,#playlist/cyber_pro_name
localize,#playlist/cyber_vlntn2
localize,#playlist/cyber_vlntn_name
localize,#playlist/das_all_day_name
localize,#playlist/das_decoy_dome_name
localize,#playlist/das_shipment_247_name
localize,#playlist/dasdome_desc
localize,#playlist/dasdome_name
localize,#playlist/dashaus_247_name
localize,#playlist/dealer2_desc
localize,#playlist/dealer2_name
localize,#playlist/dealer_desc
localize,#playlist/dealer_name
localize,#playlist/dec_gl_desc
localize,#playlist/dec_gl_name
localize,#playlist/decoy_247_name
localize,#playlist/demo_abbrv
localize,#playlist/demo_name
localize,#playlist/demyansk_247_name
localize,#playlist/desertsiege_247_name
localize,#playlist/desolation_247_desc
localize,#playlist/desolation_247_name
localize,#playlist/destruction_name
localize,#playlist/dev_24_man_2p_start_desc
localize,#playlist/dev_24_man_2p_start_name
localize,#playlist/dev_24_man_desc
localize,#playlist/dev_24_man_name
localize,#playlist/dev_desc
localize,#playlist/dev_name
localize,#playlist/dev_quad_xp_desc
localize,#playlist/dev_quad_xp_name
localize,#playlist/dlc
localize,#playlist/dlc1_moshpit
localize,#playlist/dlc1_moshpit_desc
localize,#playlist/dlc1_moshpit_hc_desc
localize,#playlist/dlc1_moshpit_hc_name
localize,#playlist/dlc1_tdm_desc
localize,#playlist/dlc1_tdm_name
localize,#playlist/dlc2_moshpit
localize,#playlist/dlc2_moshpit_desc
localize,#playlist/dlc2_moshpit_hc_desc
localize,#playlist/dlc2_moshpit_hc_name
localize,#playlist/dlc2_tdm_desc
localize,#playlist/dlc2_tdm_name
localize,#playlist/dmz_name
localize,#playlist/dom_247_name
localize,#playlist/dom_abbrv
localize,#playlist/dom_big_name
localize,#playlist/dom_mix
localize,#playlist/dom_name
localize,#playlist/dom_test_missions_desc
localize,#playlist/dom_test_missions_name
localize,#playlist/dom_vlntn2
localize,#playlist/dom_vlntn3
localize,#playlist/dom_vlntn_name
localize,#playlist/dome_18_man_bots_desc
localize,#playlist/dome_18_man_bots_name
localize,#playlist/dome_247_name
localize,#playlist/dome_2_man_desc
localize,#playlist/dome_2_man_name
localize,#playlist/dome_dusk_247_name
localize,#playlist/domination_desc
localize,#playlist/domtdm_name
localize,#playlist/door_buster_blitz_desc
localize,#playlist/door_buster_blitz_name
localize,#playlist/duo_desc
localize,#playlist/duos_name
localize,#playlist/eagle_eye_name
localize,#playlist/eaglenest_247_name
localize,#playlist/eastern_front_desc
localize,#playlist/eastern_front_name
localize,#playlist/econstim_name
localize,#playlist/elf_team_six_name
localize,#playlist/emporium_247_name
localize,#playlist/emporium_247_name2
localize,#playlist/emporium_247_name3
localize,#playlist/empspd_name
localize,#playlist/experimental_desc
localize,#playlist/experimental_name
localize,#playlist/exposed_alt_desc
localize,#playlist/exposed_desc
localize,#playlist/exposed_name
localize,#playlist/exposed_w_streaks_desc
localize,#playlist/face_off_name
localize,#playlist/faceoff_grind
localize,#playlist/faceoff_kc
localize,#playlist/faceoff_tdm
localize,#playlist/featured
localize,#playlist/festive_fervor_name
localize,#playlist/ffa_abbrv
localize,#playlist/ffa_bots_desc
localize,#playlist/ffa_bots_name
localize,#playlist/ffa_desc
localize,#playlist/ffa_name
localize,#playlist/ffa_vlntn_name
localize,#playlist/ffa_vlntn_name2
localize,#playlist/fiesta_test_missions_desc
localize,#playlist/fiesta_test_missions_name
localize,#playlist/filtered_name
localize,#playlist/firefight_name
localize,#playlist/firesale_desc
localize,#playlist/fl_tdm_abbrv
localize,#playlist/fl_tdm_name
localize,#playlist/floor_is_lava_desc
localize,#playlist/floor_is_lava_name
localize,#playlist/fnf_casual_desc
localize,#playlist/fnf_casual_name
localize,#playlist/fnf_veteran_desc
localize,#playlist/fnf_veteran_name
localize,#playlist/fortress_247_desc
localize,#playlist/fortress_247_name
localize,#playlist/free_kills_desc
localize,#playlist/free_kills_name
localize,#playlist/freneticfri_name
localize,#playlist/frontier_dom_desc
localize,#playlist/frontier_dom_name
localize,#playlist/frontier_tdm_desc
localize,#playlist/frontier_tdm_name
localize,#playlist/gavutu_247_name
localize,#playlist/gf_osp_1v1_sniper
localize,#playlist/gf_osp_3v3_sniper
localize,#playlist/gondoblanca_247_name
localize,#playlist/gondoblanca_moshpit_desc
localize,#playlist/gondoblanca_moshpit_name
localize,#playlist/gondola_247_name
localize,#playlist/grind_2v2
localize,#playlist/grind_abbrv
localize,#playlist/grind_big_name
localize,#playlist/grind_name
localize,#playlist/grind_time_name
localize,#playlist/grindcore_description
localize,#playlist/grindcore_name
localize,#playlist/grnd_abbrv
localize,#playlist/grnd_big_name
localize,#playlist/grnd_name
localize,#playlist/grnd_name_variant
localize,#playlist/grnd_variant_desc
localize,#playlist/ground_war_desc
localize,#playlist/ground_war_name
localize,#playlist/gun_abbrv
localize,#playlist/gun_game_alt_desc
localize,#playlist/gun_game_desc
localize,#playlist/gun_name
localize,#playlist/gun_name_epic
localize,#playlist/gun_name_s4_bp
localize,#playlist/gun_name_v2
localize,#playlist/gunfight_basedefend
localize,#playlist/gunfight_osp_1v1
localize,#playlist/gunfight_osp_3v3
localize,#playlist/gunfight_osp_desc
localize,#playlist/gunfight_osp_name
localize,#playlist/gunfight_osp_snipers
localize,#playlist/gunfight_pro_name
localize,#playlist/gunslinger_desc
localize,#playlist/gunslinger_name
localize,#playlist/gw_aniyah_name
localize,#playlist/gw_botg_name
localize,#playlist/gw_downtown_name
localize,#playlist/gw_downtown_name1
localize,#playlist/gw_farms2_name
localize,#playlist/gw_infantry_name
localize,#playlist/gw_mix
localize,#playlist/gw_notanks_name
localize,#playlist/gw_quarry_name
localize,#playlist/gw_realism_name
localize,#playlist/gw_realism_name2
localize,#playlist/gw_siege_name
localize,#playlist/gw_tdm_desc
localize,#playlist/gw_tdm_name
localize,#playlist/hardcore_carnage_name
localize,#playlist/hardcore_desc
localize,#playlist/hardcore_name
localize,#playlist/hardpoint_abbrv
localize,#playlist/hardpoint_big_name
localize,#playlist/hardpoint_desc
localize,#playlist/hardpoint_name
localize,#playlist/hardpoint_test_missions_desc
localize,#playlist/hardpoint_test_missions_name
localize,#playlist/hc_10v10_moshpit
localize,#playlist/hc_acc_by_volume_name
localize,#playlist/hc_all_out_assault_name
localize,#playlist/hc_arena_desc
localize,#playlist/hc_big_map_assault_name
localize,#playlist/hc_big_map_blitz_name
localize,#playlist/hc_big_map_tactical_name
localize,#playlist/hc_bloodbath_blitz_name
localize,#playlist/hc_bloodbath_name
localize,#playlist/hc_bloodletting_name
localize,#playlist/hc_bloodshed_name
localize,#playlist/hc_br_name
localize,#playlist/hc_carnage_name
localize,#playlist/hc_codmas_247_name
localize,#playlist/hc_conf_tdm_abbrv
localize,#playlist/hc_conf_tdm_desc
localize,#playlist/hc_conf_tdm_name
localize,#playlist/hc_cranked_name
localize,#playlist/hc_crash_24_7
localize,#playlist/hc_ctf_desc
localize,#playlist/hc_ctf_name
localize,#playlist/hc_cyber_name
localize,#playlist/hc_das_all_day_name
localize,#playlist/hc_das_decoy_dome_name
localize,#playlist/hc_das_shipment_247_name
localize,#playlist/hc_demo_name
localize,#playlist/hc_destruction_name
localize,#playlist/hc_dom_abbrv
localize,#playlist/hc_dom_desc
localize,#playlist/hc_dom_name
localize,#playlist/hc_elf_team_six_name
localize,#playlist/hc_emporium_name
localize,#playlist/hc_festive_fervor_name
localize,#playlist/hc_ffa_desc
localize,#playlist/hc_ffa_name
localize,#playlist/hc_firefight_name
localize,#playlist/hc_free_kills_name
localize,#playlist/hc_frenetic_friday_name
localize,#playlist/hc_grind_time_name
localize,#playlist/hc_gw_name
localize,#playlist/hc_gw_name2
localize,#playlist/hc_hardpoint_desc
localize,#playlist/hc_hardpoint_name
localize,#playlist/hc_hq_abbrv
localize,#playlist/hc_hq_desc
localize,#playlist/hc_hq_name
localize,#playlist/hc_kill_box_name
localize,#playlist/hc_killer_krampus_name
localize,#playlist/hc_krampus_name
localize,#playlist/hc_liberated_name
localize,#playlist/hc_mayhem_name
localize,#playlist/hc_medium_map_assault_name
localize,#playlist/hc_medium_map_blitz_name
localize,#playlist/hc_medium_map_tactical_name
localize,#playlist/hc_merc_name
localize,#playlist/hc_mon_mayhem_name
localize,#playlist/hc_moshpit_name
localize,#playlist/hc_name
localize,#playlist/hc_nvg_mosh
localize,#playlist/hc_open_fire_name
localize,#playlist/hc_osp_desc
localize,#playlist/hc_paradise_247_name
localize,#playlist/hc_patrol_abbrv
localize,#playlist/hc_patrol_desc
localize,#playlist/hc_patrol_name
localize,#playlist/hc_pitched_battle_name
localize,#playlist/hc_plnd_name
localize,#playlist/hc_radar_247_name
localize,#playlist/hc_radar_dome_name
localize,#playlist/hc_rise_and_grind_name
localize,#playlist/hc_sab_name
localize,#playlist/hc_sat_slam_down_name
localize,#playlist/hc_scorched_earth_name
localize,#playlist/hc_sd_desc
localize,#playlist/hc_sd_name
localize,#playlist/hc_season2_mosh
localize,#playlist/hc_season3_mosh
localize,#playlist/hc_season4_mosh
localize,#playlist/hc_season5_mosh
localize,#playlist/hc_season6_mosh
localize,#playlist/hc_season7_mosh
localize,#playlist/hc_seasonone_name
localize,#playlist/hc_ship_das_dome_name
localize,#playlist/hc_ship_haus_247_name
localize,#playlist/hc_ship_haus_name
localize,#playlist/hc_shipmas_247_name
localize,#playlist/hc_shipmas_haus_247_name
localize,#playlist/hc_shipmas_name
localize,#playlist/hc_shootship_247
localize,#playlist/hc_shootship_name
localize,#playlist/hc_shpmnt_247
localize,#playlist/hc_skirmish_name
localize,#playlist/hc_small_map_assault_name
localize,#playlist/hc_small_map_blitz_name
localize,#playlist/hc_small_map_tactical_name
localize,#playlist/hc_sp_sh_ru_name
localize,#playlist/hc_speed_247
localize,#playlist/hc_speedhide_desc
localize,#playlist/hc_sr_abbrv
localize,#playlist/hc_sr_desc
localize,#playlist/hc_sr_name
localize,#playlist/hc_ssdd_alt_name
localize,#playlist/hc_ssdd_name
localize,#playlist/hc_streakless_ship_haus_247_name
localize,#playlist/hc_summer_name
localize,#playlist/hc_sun_crutch_name
localize,#playlist/hc_sun_showdown_name
localize,#playlist/hc_target_practice_name
localize,#playlist/hc_tdm_abbrv
localize,#playlist/hc_tdm_desc
localize,#playlist/hc_tdm_name
localize,#playlist/hc_teamtac_name
localize,#playlist/hc_throwback_thurs_name
localize,#playlist/hc_trial_playlist_name
localize,#playlist/hc_unchained_name
localize,#playlist/hc_vacant_24_7
localize,#playlist/hc_vacship247_name
localize,#playlist/hc_winter_wonderland_name
localize,#playlist/hchideout_name
localize,#playlist/hcstocked_name
localize,#playlist/headquarters_name
localize,#playlist/headshots_only_desc
localize,#playlist/headshots_only_name
localize,#playlist/hi_br_desc
localize,#playlist/hideout_247_name
localize,#playlist/highbr_desc2
localize,#playlist/hired_name
localize,#playlist/hitman_name
localize,#playlist/horde_abbrv
localize,#playlist/horde_name
localize,#playlist/hotel_haus_desc
localize,#playlist/hotel_haus_name
localize,#playlist/hotel_sphere_desc
localize,#playlist/hotel_sphere_name
localize,#playlist/hotelroyal_247_name
localize,#playlist/hp_vlntn_name
localize,#playlist/hq_big_name
localize,#playlist/hq_mix
localize,#playlist/hstle_tkovr_name
localize,#playlist/infect_abbrv
localize,#playlist/infect_ar_abbrv
localize,#playlist/infect_name
localize,#playlist/infect_pistol_abbrv
localize,#playlist/infect_shotgun_abbrv
localize,#playlist/infect_smg_abbrv
localize,#playlist/infect_sniper_abbrv
localize,#playlist/infect_supers_abbrv
localize,#playlist/infrev_br_name
localize,#playlist/int_alpha_name
localize,#playlist/iw_summer_name
localize,#playlist/kc_and_frontline
localize,#playlist/kc_and_frontline_desc
localize,#playlist/kc_big_name
localize,#playlist/kc_test_missions_desc
localize,#playlist/kc_test_missions_name
localize,#playlist/kc_vlntn_name
localize,#playlist/kill_box_name
localize,#playlist/killbox_desc
localize,#playlist/killer_krampus_name
localize,#playlist/knives_name
localize,#playlist/koth_247_name
localize,#playlist/koth_and_tdef
localize,#playlist/koth_and_tdef_desc
localize,#playlist/koth_vlntn_alt_desc
localize,#playlist/koth_vlntn_desc
localize,#playlist/koth_vlntn_name
localize,#playlist/krampus_name
localize,#playlist/kspoint_desc
localize,#playlist/kspoint_name
localize,#playlist/landlord2_desc
localize,#playlist/landlord2_name
localize,#playlist/landlord_desc
localize,#playlist/landlord_name
localize,#playlist/launder_desc
localize,#playlist/launder_name
localize,#playlist/launderer_2_desc
localize,#playlist/launderer_2_name
localize,#playlist/league_dom_name
localize,#playlist/league_play_name
localize,#playlist/legacy_levels_desc
localize,#playlist/legacy_levels_name
localize,#playlist/liberated_name
localize,#playlist/lny_2020_name
localize,#playlist/lny_kc_name
localize,#playlist/lny_kc_name2
localize,#playlist/lny_name
localize,#playlist/lovers_lane_desc
localize,#playlist/lovers_lane_name
localize,#playlist/mapname_petrograd
localize,#playlist/mayhem
localize,#playlist/mayhem_abbrv
localize,#playlist/mayhem_desc
localize,#playlist/mayhem_map_desc
localize,#playlist/mayhem_map_name
localize,#playlist/mayhem_mosh_name
localize,#playlist/mayhem_name
localize,#playlist/mayhemisphere_alt_desc
localize,#playlist/mayhemisphere_desc
localize,#playlist/mayhemisphere_name
localize,#playlist/medium_map_assault_desc
localize,#playlist/medium_map_assault_name
localize,#playlist/medium_map_blitz_desc
localize,#playlist/medium_map_blitz_name
localize,#playlist/medium_map_moshpit_alt_desc
localize,#playlist/medium_map_moshpit_desc
localize,#playlist/medium_map_moshpit_name
localize,#playlist/medium_map_tactical_desc
localize,#playlist/medium_map_tactical_name
localize,#playlist/merc_mosh_name
localize,#playlist/merc_obj_name
localize,#playlist/merc_tdm_name
localize,#playlist/midmayhem_name
localize,#playlist/mines
localize,#playlist/mlg_ball_abbrv
localize,#playlist/mlg_ball_name
localize,#playlist/mlg_blitz_abbrv
localize,#playlist/mlg_blitz_name
localize,#playlist/mlg_ctf_abbrv
localize,#playlist/mlg_ctf_name
localize,#playlist/mlg_dom_abbrv
localize,#playlist/mlg_dom_name
localize,#playlist/mlg_hardpoint_abbrv
localize,#playlist/mlg_koth_name
localize,#playlist/mlg_sd_abbrv
localize,#playlist/mlg_sd_name
localize,#playlist/mlg_sr_abbrv
localize,#playlist/mlg_sr_name
localize,#playlist/mlg_tdef_abbrv
localize,#playlist/mlg_tdef_name
localize,#playlist/mlg_tdm_abbrv
localize,#playlist/mlg_tdm_name
localize,#playlist/mm_test
localize,#playlist/mm_test_desc
localize,#playlist/moar_shipment_name
localize,#playlist/monkey_see_monkey_pew_name
localize,#playlist/monkey_see_monkey_shoot_name
localize,#playlist/mosh_pit_desc
localize,#playlist/mosh_pit_name
localize,#playlist/mosh_vlntn_name
localize,#playlist/mosh_vlntn_name2
localize,#playlist/mrktcrash_name
localize,#playlist/multiplayer_name
localize,#playlist/mw_summer_name
localize,#playlist/new_player_eval_1_desc
localize,#playlist/new_player_eval_1_name
localize,#playlist/new_player_eval_2_desc
localize,#playlist/new_player_eval_2_name
localize,#playlist/night_cyber_name
localize,#playlist/night_desc
localize,#playlist/night_dom_name
localize,#playlist/night_dom_name1
localize,#playlist/night_hcmosh_name
localize,#playlist/night_hq_name
localize,#playlist/night_koth_name
localize,#playlist/night_name
localize,#playlist/night_obj_desc
localize,#playlist/night_obj_name
localize,#playlist/night_realism_desc
localize,#playlist/night_sd_name
localize,#playlist/night_siege_name
localize,#playlist/night_tdm_desc
localize,#playlist/night_tdm_name
localize,#playlist/no_limit_mayhem_alt_desc
localize,#playlist/no_limit_mayhem_desc
localize,#playlist/no_limit_mayhem_name
localize,#playlist/no_limit_shipment_alt_desc
localize,#playlist/no_limit_shipment_desc
localize,#playlist/no_limit_shipment_name
localize,#playlist/north_africa_desc
localize,#playlist/north_africa_name
localize,#playlist/numanuma_247_name
localize,#playlist/nvg_infect_name
localize,#playlist/nvg_infect_name2
localize,#playlist/nvginf5_name
localize,#playlist/nvginfctd_name1
localize,#playlist/nvginfctd_name2
localize,#playlist/nvginfctd_name3
localize,#playlist/nvginfctd_name4
localize,#playlist/nvginfctd_name5
localize,#playlist/oasis_247_name
localize,#playlist/obj_mosh_name
localize,#playlist/objective_modes_desc
localize,#playlist/oic_name
localize,#playlist/oldies_but_goodies_desc
localize,#playlist/oldies_but_goodies_name
localize,#playlist/oneshot_desc
localize,#playlist/only_objectives_247
localize,#playlist/only_objectives_desc
localize,#playlist/open_fire_name
localize,#playlist/osp_snow_name
localize,#playlist/overclocked_assault_desc
localize,#playlist/overclocked_assault_name
localize,#playlist/overclocked_barebones_desc
localize,#playlist/overclocked_barebones_name
localize,#playlist/overclocked_basic_desc
localize,#playlist/overclocked_blitz_alt_desc
localize,#playlist/overclocked_blitz_desc
localize,#playlist/overclocked_blitz_name
localize,#playlist/overclocked_exposed_alt_desc
localize,#playlist/overclocked_exposed_desc
localize,#playlist/overclocked_exposed_name
localize,#playlist/overclocked_moshpit_desc
localize,#playlist/overclocked_moshpit_name
localize,#playlist/overclocked_sdd_desc
localize,#playlist/overclocked_sdd_name
localize,#playlist/overclocked_shiphaus_basic_desc
localize,#playlist/overclocked_shiphaus_desc
localize,#playlist/overclocked_shiphaus_name
localize,#playlist/overclocked_tactical_desc
localize,#playlist/overclocked_tactical_name
localize,#playlist/pacific_party_desc
localize,#playlist/pacific_party_name
localize,#playlist/paradise_247_name
localize,#playlist/patrol
localize,#playlist/patrol_247_name
localize,#playlist/patrol_desc
localize,#playlist/patrol_name
localize,#playlist/pipeline_tdm_desc
localize,#playlist/pipeline_tdm_name
localize,#playlist/pistols_only_name
localize,#playlist/pitched_battle_name
localize,#playlist/plated_desc
localize,#playlist/plated_name
localize,#playlist/play
localize,#playlist/play_desc
localize,#playlist/player_match_name
localize,#playlist/playtest_11_desc
localize,#playlist/playtest_11_name
localize,#playlist/playtest_3_30_desc
localize,#playlist/playtest_3_30_name
localize,#playlist/playtest_4_30_desc
localize,#playlist/playtest_4_30_name
localize,#playlist/playtest_desc
localize,#playlist/playtest_name
localize,#playlist/plnasn_name
localize,#playlist/plnbld_name
localize,#playlist/plncontract_name
localize,#playlist/plncrim_name
localize,#playlist/plnd_cntrct_name
localize,#playlist/plnd_real_name
localize,#playlist/plndsolo_name
localize,#playlist/plndstc_name
localize,#playlist/plnduo_name
localize,#playlist/plnhired_name
localize,#playlist/plnhit_name
localize,#playlist/plnrob_name
localize,#playlist/plunquad_name
localize,#playlist/pybck_name
localize,#playlist/qa_name
localize,#playlist/qa_parkour_desc
localize,#playlist/qa_parkour_name
localize,#playlist/qamapstesting_name
localize,#playlist/quads_name
localize,#playlist/r_and_r_moshpit
localize,#playlist/r_and_r_moshpit_desc
localize,#playlist/radar_247_name
localize,#playlist/radar_dome_name
localize,#playlist/ratrace_name
localize,#playlist/rave_devs_desc
localize,#playlist/realism_10v10_name
localize,#playlist/realism_ctf
localize,#playlist/realism_cyber
localize,#playlist/realism_demolition
localize,#playlist/realism_desc
localize,#playlist/realism_dom
localize,#playlist/realism_ffa
localize,#playlist/realism_gw
localize,#playlist/realism_hardpoint
localize,#playlist/realism_hq
localize,#playlist/realism_kc
localize,#playlist/realism_moshpit_10v10
localize,#playlist/realism_moshpit_desc
localize,#playlist/realism_moshpit_name
localize,#playlist/realism_name
localize,#playlist/realism_obj_desc
localize,#playlist/realism_obj_name
localize,#playlist/realism_reinforce
localize,#playlist/realism_sabotage
localize,#playlist/realism_sd
localize,#playlist/realism_sr
localize,#playlist/realism_tdm
localize,#playlist/redstar_247_name
localize,#playlist/respawn_modes_desc
localize,#playlist/riot_conf_desc
localize,#playlist/riot_conf_name
localize,#playlist/riot_dom_desc
localize,#playlist/riot_dom_name
localize,#playlist/riot_tdm_desc
localize,#playlist/riot_tdm_name
localize,#playlist/rise_and_grind_name
localize,#playlist/rockethill_duo_desc
localize,#playlist/rockethill_duo_name
localize,#playlist/rockethill_solo_name
localize,#playlist/rockethill_trio_name
localize,#playlist/rugby_name1
localize,#playlist/rugby_name2
localize,#playlist/rugby_name3
localize,#playlist/rugby_name4
localize,#playlist/rugby_name5
localize,#playlist/rust_1v1
localize,#playlist/rust_247
localize,#playlist/rust_247_b
localize,#playlist/rust_apr1_name
localize,#playlist/rust_emporium_247
localize,#playlist/rustship_247_name
localize,#playlist/rustship_247_name2
localize,#playlist/satslamdown_name
localize,#playlist/scorched_earth_name
localize,#playlist/sd_abbrv
localize,#playlist/sd_big_name
localize,#playlist/sd_caps
localize,#playlist/sd_desc
localize,#playlist/sd_hc_desc
localize,#playlist/sd_name
localize,#playlist/sd_test_missions_desc
localize,#playlist/sd_test_missions_name
localize,#playlist/sd_vlntn_name
localize,#playlist/sdd
localize,#playlist/seas1_desc
localize,#playlist/season_five_moshpit
localize,#playlist/season_four_moshpit
localize,#playlist/season_one_moshpit
localize,#playlist/season_six_moshpit
localize,#playlist/season_three_moshpit
localize,#playlist/season_two_moshpit
localize,#playlist/seasonal_drops_desc
localize,#playlist/seasonal_drops_name
localize,#playlist/shidehout
localize,#playlist/ship_assault_desc
localize,#playlist/ship_assault_name
localize,#playlist/ship_das_dome_desc
localize,#playlist/ship_das_dome_name
localize,#playlist/ship_haus_247_name
localize,#playlist/ship_haus_delux_name
localize,#playlist/ship_haus_deluxe_desc
localize,#playlist/ship_haus_may_247_desc
localize,#playlist/ship_haus_may_247_name
localize,#playlist/ship_haus_name
localize,#playlist/ship_name
localize,#playlist/shipmas_247_name
localize,#playlist/shipmas_haus_247_name
localize,#playlist/shipmas_name
localize,#playlist/shipment_247_desc
localize,#playlist/shipment_247_name
localize,#playlist/shipment_24_7
localize,#playlist/shipment_das_haus_dome_desc
localize,#playlist/shipment_deluxe_desc
localize,#playlist/shipment_deluxe_name
localize,#playlist/shipment_ext_name
localize,#playlist/shootship_247_name
localize,#playlist/shootship_name
localize,#playlist/shout_and_destroy_desc
localize,#playlist/shout_and_destroy_name
localize,#playlist/shoutout_moshpit_desc
localize,#playlist/shoutout_moshpit_name
localize,#playlist/shsnp_name2
localize,#playlist/shsnp_name3
localize,#playlist/shsnp_name4
localize,#playlist/shsnp_name5
localize,#playlist/siege_10v10_name
localize,#playlist/siege_abbrv
localize,#playlist/siege_desc
localize,#playlist/siege_name
localize,#playlist/skirmish_name
localize,#playlist/skyway247_desc
localize,#playlist/skyway247_name
localize,#playlist/slice_and_dice_das_haus_desc
localize,#playlist/slice_and_dice_das_haus_name
localize,#playlist/slice_and_dice_desc
localize,#playlist/slice_and_dice_name
localize,#playlist/slice_and_dice_ship_haus_desc
localize,#playlist/slice_and_dice_ship_haus_name
localize,#playlist/slice_and_dice_shipment_desc
localize,#playlist/slice_and_dice_shipment_name
localize,#playlist/small_map_assault_desc
localize,#playlist/small_map_assault_name
localize,#playlist/small_map_blitz_desc
localize,#playlist/small_map_blitz_name
localize,#playlist/small_map_mayhem_desc
localize,#playlist/small_map_mayhem_name
localize,#playlist/small_map_tactical_desc
localize,#playlist/small_map_tactical_name
localize,#playlist/smuggler_2_desc
localize,#playlist/smuggler_2_name
localize,#playlist/smuggler_desc
localize,#playlist/smuggler_name
localize,#playlist/sniperhill_duo_desc
localize,#playlist/sniperhill_duo_name
localize,#playlist/sniperhill_solo_name
localize,#playlist/sniperhill_trio_name
localize,#playlist/snowfight_name
localize,#playlist/solos_name
localize,#playlist/sotf_abbrv
localize,#playlist/sotf_ffa_abbrv
localize,#playlist/sotf_ffa_name
localize,#playlist/sotf_name
localize,#playlist/sp_dtng_name
localize,#playlist/sp_sh_ru_name
localize,#playlist/sp_sh_ru_name2
localize,#playlist/sp_sh_ru_name3
localize,#playlist/spd_house_rust_name
localize,#playlist/specops_desc
localize,#playlist/specops_name
localize,#playlist/speed_24_7
localize,#playlist/speedhideout_247
localize,#playlist/sphere_247_desc
localize,#playlist/sphere_247_name
localize,#playlist/sphere_haus_247_name
localize,#playlist/sphere_haus_desc
localize,#playlist/sr_abbrv
localize,#playlist/sr_name
localize,#playlist/ssdd_alt_name
localize,#playlist/ssdd_name
localize,#playlist/standard_desc
localize,#playlist/standard_name
localize,#playlist/stdnt_ln_name
localize,#playlist/sticks_name
localize,#playlist/storage_tdm_desc
localize,#playlist/storage_tdm_name
localize,#playlist/stpat_name
localize,#playlist/stpat_name2
localize,#playlist/streakless_desc
localize,#playlist/streakless_ship_haus_247_name
localize,#playlist/subpens_247_name
localize,#playlist/sun_crutch_name
localize,#playlist/sun_showdown_name
localize,#playlist/super_shipment_name
localize,#playlist/survival_desc
localize,#playlist/tac_moshpit
localize,#playlist/tac_moshpit_desc
localize,#playlist/tactical_247_name
localize,#playlist/tactical_conf_name
localize,#playlist/tactical_control_name
localize,#playlist/tactical_dom_name
localize,#playlist/tactical_koth_name
localize,#playlist/tactical_patrol_name
localize,#playlist/tactical_sd_name
localize,#playlist/tactical_tdm_name
localize,#playlist/tactical_tues_desc
localize,#playlist/tactical_tues_name
localize,#playlist/tacticians_toolkit_desc
localize,#playlist/tacticians_toolkit_name
localize,#playlist/target_practice_name
localize,#playlist/tdef_abbrv
localize,#playlist/tdef_hc_desc
localize,#playlist/tdef_name
localize,#playlist/tdm_247_name
localize,#playlist/tdm_abbrv
localize,#playlist/tdm_big_name
localize,#playlist/tdm_hyper_abbrv
localize,#playlist/tdm_hyper_desc
localize,#playlist/tdm_hyper_name
localize,#playlist/tdm_mix
localize,#playlist/tdm_name
localize,#playlist/tdm_tac
localize,#playlist/tdm_tac_desc_1
localize,#playlist/tdm_tac_desc_2
localize,#playlist/tdm_tac_desc_3
localize,#playlist/tdm_tac_desc_4
localize,#playlist/tdm_tac_desc_5
localize,#playlist/tdm_tac_desc_6
localize,#playlist/tdm_tac_desc_7
localize,#playlist/tdm_tac_desc_8
localize,#playlist/tdm_test_missions_desc
localize,#playlist/tdm_test_missions_name
localize,#playlist/teamtac_name
localize,#playlist/the_pacific_desc
localize,#playlist/the_pacific_name
localize,#playlist/therock_tdm_desc
localize,#playlist/therock_tdm_name
localize,#playlist/throwback_thurs_desc
localize,#playlist/throwback_thurs_name
localize,#playlist/tiny_tactical_desc
localize,#playlist/tiny_tactical_name
localize,#playlist/tmbuildex_name
localize,#playlist/trial_playlist_name
localize,#playlist/trifecta_dom_desc
localize,#playlist/trifecta_dom_name
localize,#playlist/trifecta_moshpit_desc
localize,#playlist/trifecta_moshpit_name
localize,#playlist/trifecta_tdm_desc
localize,#playlist/trifecta_tdm_name
localize,#playlist/trios_name
localize,#playlist/tryptophan_tactical_desc
localize,#playlist/tryptophan_tactical_name
localize,#playlist/tug_of_war_desc
localize,#playlist/tug_of_war_name
localize,#playlist/turkey_shoot_name
localize,#playlist/tuscan_247_name
localize,#playlist/unchained_name
localize,#playlist/up_close_and_personal_desc
localize,#playlist/up_close_and_personal_name
localize,#playlist/uplink_abbrv
localize,#playlist/uplink_name
localize,#playlist/uss_texas_247_name
localize,#playlist/uss_texas_desc
localize,#playlist/vacant_24_7
localize,#playlist/vacship_247_name
localize,#playlist/village247_name
localize,#playlist/village2_name
localize,#playlist/village3_name
localize,#playlist/vip_abbrv
localize,#playlist/vip_name
localize,#playlist/war_desc
localize,#playlist/warzone_desc
localize,#playlist/warzone_name
localize,#playlist/western_front_desc
localize,#playlist/western_front_name
localize,#playlist/wfh_name1
localize,#playlist/wfh_name2
localize,#playlist/wfh_name3
localize,#playlist/winter_arena_name
localize,#playlist/winter_osp_name
localize,#playlist/winter_wonderland_name
localize,#playlist/wrkfrmhm_desc
localize,#playlist/yotr_name
localize,#playlist/zm_beige_private
localize,#playlist/zm_beige_private_desc
localize,#playlist/zm_beige_private_listen
localize,#playlist/zm_beige_public
localize,#playlist/zm_beige_public_desc
localize,#playlist/zm_beige_public_listen
localize,#playlist/zm_beige_solo
localize,#playlist/zm_beige_solo_desc
localize,#playlist/zm_green_desc
localize,#playlist/zm_green_dev
localize,#playlist/zm_green_listen
localize,#playlist/zm_green_private
localize,#playlist/zm_green_private_desc
localize,#playlist/zm_green_private_listen
localize,#playlist/zm_green_solo
localize,#playlist/zm_green_solo_desc
localize,#playlist/zm_private
localize,#playlist/zm_private_name
localize,#playlist/zm_private_name_listen_only
localize,#playlist/zm_private_solo_name
localize,#playlist/zm_private_solo_name_listen_only
localize,#playlist/zm_public_3_obj_name
localize,#playlist/zm_public_endless_name
localize,#playlist/zm_skorpion_info
localize,#playlist/zm_skorpion_name
localize,#playlist/zm_skorpion_name_dev
localize,#playlist/zm_skorpion_private
localize,#playlist/zm_skorpion_private_desc
localize,#playlist/zm_skorpion_private_dev
localize,#playlist/zm_skorpion_solo
localize,#playlist/zm_skorpion_solo_desc
localize,#playlist/zm_skorpion_solo_dev
localize,#playlist/zm_solo
localize,#playlist/zm_zod_info
localize,#playlist/zm_zod_info_locales
localize,#playlist/zm_zod_info_locales_title
localize,#playlist/zm_zod_info_players
localize,#playlist/zm_zod_info_title
localize,#playlist/zm_zod_name
localize,#playlist/zm_zod_name_dedi_only
localize,#playlist/zm_zod_name_listen_only
localize,#playlist/zm_zod_private_name_listen_only
localize,#playlist/zm_zod_solo_name_listen_only
localize,#playlist/zmbfnf_name
localize,#playlist/zone_blitz_desc
localize,#playlist/zone_blitz_large_desc
localize,#playlist/zone_blitz_large_name
localize,#playlist/zone_blitz_name
localize,#playlist/zone_blitz_small_desc
localize,#playlist/zone_blitz_small_name
localize,#splashes/activates_next_match
localize,#splashes/aether_orb_multikill_outside_dome
localize,#splashes/aether_orb_progress
localize,#splashes/aether_shroud_finisher
localize,#splashes/aether_shroud_multifinisher
localize,#splashes/aether_shroud_revive
localize,#splashes/arc_grenade_stuck
localize,#splashes/arm_killstreak_incoming
localize,#splashes/assault
localize,#splashes/assault_desc
localize,#splashes/assault_perfect_defense
localize,#splashes/assist
localize,#splashes/assist_cranked
localize,#splashes/assist_decoy
localize,#splashes/assist_ffa
localize,#splashes/assist_hardline
localize,#splashes/assist_marked
localize,#splashes/assist_ping
localize,#splashes/assist_secured_position
localize,#splashes/assistedsuicide
localize,#splashes/assistedsuicide_desc
localize,#splashes/avenger
localize,#splashes/avenger_desc
localize,#splashes/baited_kill
localize,#splashes/ball_carrier_kill
localize,#splashes/banked_tag
localize,#splashes/banked_tag_desc
localize,#splashes/banked_ten_tags
localize,#splashes/base_kill
localize,#splashes/beacon_bonus
localize,#splashes/blackhat_hack
localize,#splashes/blank
localize,#splashes/blitz_score_enemy
localize,#splashes/blitz_score_enemy_desc
localize,#splashes/blitz_score_team
localize,#splashes/blitz_score_team_desc
localize,#splashes/bm_extract_heli_start
localize,#splashes/bm_extract_heli_start_desc
localize,#splashes/bm_first_to_50_them
localize,#splashes/bm_first_to_50_them_desc
localize,#splashes/bm_first_to_50_us
localize,#splashes/bm_first_to_50_us_desc
localize,#splashes/bm_first_to_75_them
localize,#splashes/bm_first_to_75_them_desc
localize,#splashes/bm_first_to_75_us
localize,#splashes/bm_first_to_75_us_desc
localize,#splashes/bm_first_to_90_them
localize,#splashes/bm_first_to_90_them_desc
localize,#splashes/bm_first_to_90_us
localize,#splashes/bm_first_to_90_us_desc
localize,#splashes/bm_out_of_top_10
localize,#splashes/bm_out_of_top_10_desc
localize,#splashes/bm_overtime_double_cash
localize,#splashes/bm_overtime_double_cash_2x
localize,#splashes/bm_overtime_double_cash_desc
localize,#splashes/bm_overtime_double_cash_num
localize,#splashes/bm_overtime_double_cash_perc
localize,#splashes/bm_overtime_start_them
localize,#splashes/bm_overtime_start_them_desc
localize,#splashes/bm_overtime_start_us
localize,#splashes/bm_overtime_start_us_desc
localize,#splashes/bm_player_marked
localize,#splashes/bm_player_marked_desc
localize,#splashes/bm_player_unmarked
localize,#splashes/bm_player_unmarked_desc
localize,#splashes/bm_top_10
localize,#splashes/bm_top_10_desc
localize,#splashes/bm_top_5
localize,#splashes/bm_top_5_desc
localize,#splashes/bm_top_team
localize,#splashes/bm_top_team_desc
localize,#splashes/bm_top_team_lost
localize,#splashes/bm_top_team_lost_desc
localize,#splashes/bm_top_team_regained
localize,#splashes/bm_top_team_regained_desc
localize,#splashes/bm_vips_marked
localize,#splashes/bm_your_squad_wiped
localize,#splashes/bm_your_squad_wiped_desc
localize,#splashes/bomb_defused
localize,#splashes/bomb_dropped
localize,#splashes/bomb_pickup
localize,#splashes/bomb_pickup_desc
localize,#splashes/bomb_planted
localize,#splashes/bomb_taken
localize,#splashes/bombsite_detonate
localize,#splashes/bonus
localize,#splashes/bonus_points_powerup
localize,#splashes/bounty_collected
localize,#splashes/bounty_increased
localize,#splashes/bounty_kill
localize,#splashes/bounty_new
localize,#splashes/br_airdrop_incoming
localize,#splashes/br_airdrop_landed
localize,#splashes/br_balloon_full
localize,#splashes/br_balloon_shot_down
localize,#splashes/br_balloon_successfully_away
localize,#splashes/br_bank_alarm_active
localize,#splashes/br_c130airdrop_incoming
localize,#splashes/br_enemy_downed
localize,#splashes/br_enemy_eliminated
localize,#splashes/br_extract_heli_destroyed
localize,#splashes/br_field_upgrade_purchased
localize,#splashes/br_fulton_device_placed
localize,#splashes/br_gulag_done
localize,#splashes/br_gulag_done_desc
localize,#splashes/br_gulag_start
localize,#splashes/br_gulag_start_desc
localize,#splashes/br_gulag_team_in
localize,#splashes/br_gulag_team_out
localize,#splashes/br_gulag_welcome
localize,#splashes/br_gulag_welcome_desc
localize,#splashes/br_gulag_winner
localize,#splashes/br_investigate_extract_heli
localize,#splashes/br_investigate_extract_heli_alt
localize,#splashes/br_killstreak_purchased
localize,#splashes/br_killstreak_purchased_desc
localize,#splashes/br_kiosks_disabled
localize,#splashes/br_loadout_purchased
localize,#splashes/br_loadout_purchased_desc
localize,#splashes/br_lootchopper_down
localize,#splashes/br_lootchopper_down_assist
localize,#splashes/br_lootchopper_incoming
localize,#splashes/br_lootchopper_incoming_nearby
localize,#splashes/br_lootchopper_takedown
localize,#splashes/br_mission_all_targets_have_been_eliminated
localize,#splashes/br_mission_all_targets_have_been_eliminated_noplunder
localize,#splashes/br_mission_assassin_mission_accepted
localize,#splashes/br_mission_assassin_mission_in_progress
localize,#splashes/br_mission_assassination_1_complete
localize,#splashes/br_mission_assassination_2_complete
localize,#splashes/br_mission_assassination_3_complete
localize,#splashes/br_mission_assassination_4_complete
localize,#splashes/br_mission_assassination_averted
localize,#splashes/br_mission_assassination_complete
localize,#splashes/br_mission_assassination_expired
localize,#splashes/br_mission_assassination_remaining_1
localize,#splashes/br_mission_assassination_remaining_x
localize,#splashes/br_mission_assassination_target_vanished
localize,#splashes/br_mission_capture_the_objective
localize,#splashes/br_mission_capture_the_objective_noplunder
localize,#splashes/br_mission_domination_alert
localize,#splashes/br_mission_domination_complete
localize,#splashes/br_mission_domination_expired
localize,#splashes/br_mission_domination_mission_accepted
localize,#splashes/br_mission_domination_mission_in_progress
localize,#splashes/br_mission_domination_point_captured
localize,#splashes/br_mission_domination_point_captured_noplunder
localize,#splashes/br_mission_domination_point_lost
localize,#splashes/br_mission_domination_point_lost_to_circle
localize,#splashes/br_mission_domination_reward1
localize,#splashes/br_mission_eliminate_vip
localize,#splashes/br_mission_eliminate_vip_noplunder
localize,#splashes/br_mission_hunters_are_tracking
localize,#splashes/br_mission_hunters_have_been_eliminated
localize,#splashes/br_mission_hunters_have_been_eliminated_noplunder
localize,#splashes/br_mission_hunters_have_lost_your_signal
localize,#splashes/br_mission_locate_and_eliminate
localize,#splashes/br_mission_locate_and_eliminate_noplunder
localize,#splashes/br_mission_mission_complete
localize,#splashes/br_mission_mission_failed
localize,#splashes/br_mission_new_target_acquired
localize,#splashes/br_mission_objective_located
localize,#splashes/br_mission_proceed_to_next_location
localize,#splashes/br_mission_protect_the_vip
localize,#splashes/br_mission_protect_the_vip_noplunder
localize,#splashes/br_mission_protect_yourself
localize,#splashes/br_mission_protect_yourself_noplunder
localize,#splashes/br_mission_reward_tier_up
localize,#splashes/br_mission_reward_tier_up_no_num
localize,#splashes/br_mission_scavenger_boxes_collected
localize,#splashes/br_mission_scavenger_boxes_collected_noplunder
localize,#splashes/br_mission_scavenger_complete
localize,#splashes/br_mission_scavenger_expired
localize,#splashes/br_mission_scavenger_mission_accepted
localize,#splashes/br_mission_scavenger_mission_in_progress
localize,#splashes/br_mission_scavenger_point_lost_to_circle
localize,#splashes/br_mission_survive_or_eliminate_your_hunters
localize,#splashes/br_mission_the_targets_have_escaped
localize,#splashes/br_mission_the_vip_survived
localize,#splashes/br_mission_the_vip_survived_noplunder
localize,#splashes/br_mission_timedrun_complete
localize,#splashes/br_mission_timedrun_expired
localize,#splashes/br_mission_timedrun_in_progress
localize,#splashes/br_mission_timedrun_mission_accepted
localize,#splashes/br_mission_timedrun_point_lost_to_circle
localize,#splashes/br_mission_timedrun_sale_available
localize,#splashes/br_mission_timedrun_sale_reached
localize,#splashes/br_mission_timer_expired
localize,#splashes/br_mission_vip_complete
localize,#splashes/br_mission_vip_eliminated
localize,#splashes/br_mission_vip_in_your_area
localize,#splashes/br_mission_vip_is_dead
localize,#splashes/br_mission_vip_lost
localize,#splashes/br_mission_vip_mission_accepted
localize,#splashes/br_mission_vip_mission_complete
localize,#splashes/br_mission_vip_mission_in_progress
localize,#splashes/br_mission_vip_taken_out
localize,#splashes/br_mission_vip_taken_out_noplunder
localize,#splashes/br_mission_you_are_being_tracked
localize,#splashes/br_mission_your_squad_is_being_hunted
localize,#splashes/br_mobile_armory_active
localize,#splashes/br_plunder_banked
localize,#splashes/br_plunder_extraction_failed
localize,#splashes/br_plunder_extraction_failed_alt
localize,#splashes/br_plunder_extraction_started
localize,#splashes/br_plunder_extraction_started_alt
localize,#splashes/br_plunder_extraction_started_them
localize,#splashes/br_plunder_first_pickup
localize,#splashes/br_prematch_welcome_splash_desc
localize,#splashes/br_prematch_welcome_splash_dmz_desc
localize,#splashes/br_prematch_welcome_splash_title
localize,#splashes/br_ready_jump_c130
localize,#splashes/br_redeployment_done
localize,#splashes/br_redeployment_done_desc
localize,#splashes/br_respawn_start
localize,#splashes/br_respawn_token_disabled
localize,#splashes/br_respawn_token_disabled_desc
localize,#splashes/br_respawn_token_pickup
localize,#splashes/br_sales_event
localize,#splashes/br_sales_event_all_desc
localize,#splashes/br_sales_event_selective_desc
localize,#splashes/br_satellite_truck_active
localize,#splashes/br_score_cacheopen
localize,#splashes/br_second_wind
localize,#splashes/br_self_revive_token_pickup
localize,#splashes/br_spawn_match
localize,#splashes/br_special_item_purchased
localize,#splashes/br_squadmate_redeployed
localize,#splashes/br_teammate_dead
localize,#splashes/br_teammate_down
localize,#splashes/br_teammate_revived
localize,#splashes/br_vehicle_purchased
localize,#splashes/br_wait_for_extract_heli
localize,#splashes/br_welcome_splash_desc
localize,#splashes/br_welcome_splash_title
localize,#splashes/brain_rot_turned_killingblow
localize,#splashes/breach
localize,#splashes/breaker
localize,#splashes/buddy_boost
localize,#splashes/buzzkill
localize,#splashes/buzzkill_desc
localize,#splashes/c4_killingblow
localize,#splashes/c4_multikill
localize,#splashes/capture
localize,#splashes/capture_desc
localize,#splashes/capture_kill
localize,#splashes/capture_neutral
localize,#splashes/capture_neutral_b
localize,#splashes/captured_hq
localize,#splashes/captured_nuke
localize,#splashes/carpenter_powerup
localize,#splashes/carrier_kill
localize,#splashes/cash_banked
localize,#splashes/chainkill
localize,#splashes/chainkill_desc
localize,#splashes/civilian_killed
localize,#splashes/collected_bounty
localize,#splashes/comeback
localize,#splashes/comeback_desc
localize,#splashes/contract_complete
localize,#splashes/contract_complete_joint_ops_desc
localize,#splashes/contract_complete_team_0_desc
localize,#splashes/contract_complete_team_1_desc
localize,#splashes/contract_complete_team_2_desc
localize,#splashes/contract_complete_team_3_desc
localize,#splashes/contract_end
localize,#splashes/contract_start
localize,#splashes/cop_activate
localize,#splashes/cop_attack
localize,#splashes/cop_captured_enemy
localize,#splashes/cop_captured_friendly
localize,#splashes/cop_defend
localize,#splashes/cop_defused
localize,#splashes/cop_hold_enemy
localize,#splashes/cop_hold_friendly
localize,#splashes/cop_planted
localize,#splashes/cop_target
localize,#splashes/copied
localize,#splashes/counter_uav_assist
localize,#splashes/cranked
localize,#splashes/crit_multikill
localize,#splashes/cryo_freeze_slow_assist
localize,#splashes/cryo_freeze_slow_finisher
localize,#splashes/decoy_assist
localize,#splashes/decoy_finisher
localize,#splashes/decoy_multifinisher
localize,#splashes/defcon
localize,#splashes/defcon_four
localize,#splashes/defcon_one
localize,#splashes/defcon_points
localize,#splashes/defcon_three
localize,#splashes/defcon_two
localize,#splashes/defend
localize,#splashes/defend_desc
localize,#splashes/defender
localize,#splashes/defender_desc
localize,#splashes/defuse
localize,#splashes/defuse_desc
localize,#splashes/denied
localize,#splashes/denied_desc
localize,#splashes/denied_kill
localize,#splashes/desc_captured_nuke
localize,#splashes/deserted
localize,#splashes/destroyed_ac130
localize,#splashes/destroyed_adog
localize,#splashes/destroyed_airdrop
localize,#splashes/destroyed_bradley
localize,#splashes/destroyed_chopper_gunner
localize,#splashes/destroyed_chopper_support
localize,#splashes/destroyed_counter_uav
localize,#splashes/destroyed_cruise_predator
localize,#splashes/destroyed_cyberbombsite
localize,#splashes/destroyed_directional_uav
localize,#splashes/destroyed_emp
localize,#splashes/destroyed_equipment
localize,#splashes/destroyed_fuel_airstrike
localize,#splashes/destroyed_gdog
localize,#splashes/destroyed_hover_jet
localize,#splashes/destroyed_hq
localize,#splashes/destroyed_insertion
localize,#splashes/destroyed_jackal
localize,#splashes/destroyed_juggernaut
localize,#splashes/destroyed_manual_turret
localize,#splashes/destroyed_multi_airstrike
localize,#splashes/destroyed_objective
localize,#splashes/destroyed_pac_sentry
localize,#splashes/destroyed_pulse_dart
localize,#splashes/destroyed_radar_drone
localize,#splashes/destroyed_scrambler_drone
localize,#splashes/destroyed_sentry_gun
localize,#splashes/destroyed_squad_mate
localize,#splashes/destroyed_support_box
localize,#splashes/destroyed_tac_insert
localize,#splashes/destroyed_toma_strike
localize,#splashes/destroyed_uav
localize,#splashes/destroyed_uplink
localize,#splashes/destroyed_vehicle_heavy
localize,#splashes/destroyed_vehicle_light
localize,#splashes/destroyed_vehicle_medium
localize,#splashes/direct_hit
localize,#splashes/direct_hit_launcher
localize,#splashes/directional_uav_assist
localize,#splashes/disabled_vehicle_heavy
localize,#splashes/disabled_vehicle_light
localize,#splashes/disabled_vehicle_medium
localize,#splashes/domination_fully_capture_point
localize,#splashes/double_battle_xp
localize,#splashes/double_clan_xp
localize,#splashes/double_keys
localize,#splashes/double_kill_short
localize,#splashes/double_mission_xp
localize,#splashes/double_operator_xp
localize,#splashes/double_weapon_xp
localize,#splashes/double_xp
localize,#splashes/doublekill
localize,#splashes/doublekill_desc
localize,#splashes/downed_player
localize,#splashes/dropped_enemy_gun_rank
localize,#splashes/dropped_gun_rank
localize,#splashes/dropped_juggernaut
localize,#splashes/dz_secured
localize,#splashes/earned_unlock
localize,#splashes/earned_unlock_desc
localize,#splashes/eight_kill_short
localize,#splashes/eliminated
localize,#splashes/emp_defused
localize,#splashes/emp_defused_desc
localize,#splashes/emp_defused_enemy
localize,#splashes/emp_defused_enemy_desc
localize,#splashes/emp_grab
localize,#splashes/emp_pickup
localize,#splashes/emp_pickup_desc
localize,#splashes/emp_pickup_enemy
localize,#splashes/emp_pickup_enemy_desc
localize,#splashes/emp_planted
localize,#splashes/emp_planted_desc
localize,#splashes/emp_planted_enemy
localize,#splashes/emp_planted_enemy_desc
localize,#splashes/emped_killstreak
localize,#splashes/emped_player
localize,#splashes/emped_vehicle
localize,#splashes/en_defcon
localize,#splashes/energy_mine_killingblow
localize,#splashes/energy_mine_multikill
localize,#splashes/energy_mine_stun_assist
localize,#splashes/energy_mine_stun_finisher
localize,#splashes/energy_mine_stunned_enemy
localize,#splashes/esc_challenge_complete
localize,#splashes/essence_pickup_small
localize,#splashes/execution
localize,#splashes/exfil
localize,#splashes/exfil_arm_start_losers
localize,#splashes/exfil_arm_start_winners
localize,#splashes/exfil_bmo_start_winners
localize,#splashes/exfil_enter_rift_shortly_it_opens
localize,#splashes/exfil_start_losers
localize,#splashes/exfil_start_winners
localize,#splashes/exfil_success
localize,#splashes/explosive_mg_killingblow
localize,#splashes/explosive_mg_multikill
localize,#splashes/extra_points_loot
localize,#splashes/field_upgrade_purchased_desc
localize,#splashes/final_survivor
localize,#splashes/first_infected
localize,#splashes/first_infected_desc
localize,#splashes/first_survivor
localize,#splashes/first_survivor_desc
localize,#splashes/firstblood
localize,#splashes/firstblood_desc
localize,#splashes/five_kill_short
localize,#splashes/flag_capture
localize,#splashes/flag_captured_desc
localize,#splashes/flag_grab
localize,#splashes/flagpickup
localize,#splashes/flagpickup_desc
localize,#splashes/flagreturn
localize,#splashes/flagreturn_desc
localize,#splashes/flamethrower_killingblow
localize,#splashes/flamethrower_multikill
localize,#splashes/flare_gun_attacker_stuck_desc
localize,#splashes/flare_gun_victim_stuck_desc
localize,#splashes/fr_defcon
localize,#splashes/frag_killingblow
localize,#splashes/frag_multikill
localize,#splashes/frenzied_guard_assist
localize,#splashes/frenzied_guard_killingblow
localize,#splashes/frenzied_guard_multikill
localize,#splashes/frenzykill
localize,#splashes/frenzykill_desc
localize,#splashes/frost_blast_frozen_assist
localize,#splashes/frost_blast_frozen_finisher
localize,#splashes/frost_blast_killingblow
localize,#splashes/frost_blast_multifinisher
localize,#splashes/furykill
localize,#splashes/furykill_desc
localize,#splashes/gained_gun_rank
localize,#splashes/gammon_killingblow
localize,#splashes/gammon_multikill
localize,#splashes/generic_perk_upgrade
localize,#splashes/generic_perk_upgrade_desc
localize,#splashes/giveaway_airdrop
localize,#splashes/giveaway_juggernaut
localize,#splashes/giveaway_maniac
localize,#splashes/giveaway_sentry
localize,#splashes/got_infected
localize,#splashes/grabbed_the_flag
localize,#splashes/gtnw_overtime
localize,#splashes/gtnw_overtime_desc
localize,#splashes/headshot
localize,#splashes/headshot_desc
localize,#splashes/heroic
localize,#splashes/heroic_desc
localize,#splashes/hijacked_airdrop
localize,#splashes/hijacked_emergency_airdrop
localize,#splashes/hijacked_juggernaut
localize,#splashes/hijacked_maniac
localize,#splashes/hijacked_remote_tank
localize,#splashes/hijacked_sentry
localize,#splashes/hijacker
localize,#splashes/hijacker_desc
localize,#splashes/hitman_kill
localize,#splashes/hitman_kill_all_desc
localize,#splashes/hitman_kill_desc
localize,#splashes/hitman_kill_single_desc
localize,#splashes/holdout_barricade_kill
localize,#splashes/holdout_perfect_defense
localize,#splashes/hq_capture
localize,#splashes/hq_captured
localize,#splashes/hq_captured_desc
localize,#splashes/hq_destroy
localize,#splashes/hq_destroyed
localize,#splashes/hq_new
localize,#splashes/hq_secured
localize,#splashes/hvt
localize,#splashes/hvt_captured
localize,#splashes/hvt_demoted
localize,#splashes/hvt_kill
localize,#splashes/hvt_killed
localize,#splashes/hvt_rank_demotion
localize,#splashes/hvt_rank_up_1
localize,#splashes/hvt_rank_up_2
localize,#splashes/hvt_rank_up_3
localize,#splashes/hvt_rank_up_4
localize,#splashes/hvt_rank_up_5
localize,#splashes/hvt_rank_up_6
localize,#splashes/hvt_saved
localize,#splashes/hvt_status
localize,#splashes/hvt_status_1
localize,#splashes/hvt_status_2
localize,#splashes/hvt_status_3
localize,#splashes/hvt_status_4
localize,#splashes/hvt_status_5
localize,#splashes/hvt_status_6
localize,#splashes/infect_all
localize,#splashes/infected
localize,#splashes/infected_starts_in
localize,#splashes/infected_survivor
localize,#splashes/item_purchased
localize,#splashes/juggernaut_backpack_destroyed
localize,#splashes/juggernaut_backpack_multikill
localize,#splashes/juggernaut_kia
localize,#splashes/key_pickup
localize,#splashes/kill
localize,#splashes/kill_confirmed
localize,#splashes/kill_cranked
localize,#splashes/kill_denied
localize,#splashes/kill_juggernaut
localize,#splashes/kill_screamer
localize,#splashes/kill_streaking
localize,#splashes/killed_carrier
localize,#splashes/killed_emp_carrier
localize,#splashes/killed_flag_carrier
localize,#splashes/killed_flag_carrier_desc
localize,#splashes/killed_the_hunter
localize,#splashes/killed_the_hunter_desc
localize,#splashes/killinair
localize,#splashes/killonwall
localize,#splashes/killstreak_assist
localize,#splashes/killstreak_giveaway
localize,#splashes/killstreak_kill
localize,#splashes/killstreak_use
localize,#splashes/killstreak_without_getting_hit
localize,#splashes/kiosk_purchase
localize,#splashes/lap_1
localize,#splashes/lap_2
localize,#splashes/lap_3
localize,#splashes/lap_4
localize,#splashes/lap_5
localize,#splashes/lap_final
localize,#splashes/last_enemy_alive
localize,#splashes/last_enemy_alive_desc
localize,#splashes/last_man_kill
localize,#splashes/last_stand_kill
localize,#splashes/last_team_member_alive
localize,#splashes/last_team_member_alive_desc
localize,#splashes/leader_kill
localize,#splashes/longshot
localize,#splashes/longshot_desc
localize,#splashes/looted
localize,#splashes/manual_flare_missile_redirect
localize,#splashes/max_xp
localize,#splashes/max_xp_desc
localize,#splashes/megakill
localize,#splashes/megakill_desc
localize,#splashes/melee_kill
localize,#splashes/mo_money_kill
localize,#splashes/mo_money_kill_desc
localize,#splashes/mode_switch_kill
localize,#splashes/molotov_assist
localize,#splashes/molotov_killingblow
localize,#splashes/molotov_multikill
localize,#splashes/molotov_stuck_desc
localize,#splashes/monkey_bomb_killingblow
localize,#splashes/monkey_bomb_multikill
localize,#splashes/mugged
localize,#splashes/mugged_desc
localize,#splashes/mugger
localize,#splashes/mugger_airdrop
localize,#splashes/mugger_desc
localize,#splashes/mugger_jackpot
localize,#splashes/mugger_jackpot_desc
localize,#splashes/mugger_megadrop
localize,#splashes/mugger_suicide
localize,#splashes/muggernaut
localize,#splashes/muggernaut_desc
localize,#splashes/muggernaut_old_desc
localize,#splashes/multikill
localize,#splashes/multikill_10
localize,#splashes/multikill_15
localize,#splashes/multikill_20
localize,#splashes/multikill_25
localize,#splashes/multikill_5
localize,#splashes/multikill_desc
localize,#splashes/munitions_box_teammate_used
localize,#splashes/new_juggernaut
localize,#splashes/next_bonus_level
localize,#splashes/next_bonus_level_short
localize,#splashes/next_crate_located
localize,#splashes/nine_kill_short
localize,#splashes/ninja_defuse
localize,#splashes/ninja_defuse_desc
localize,#splashes/nuke_kill
localize,#splashes/nuke_kill_desc
localize,#splashes/nuke_kill_single_desc
localize,#splashes/nuke_landed
localize,#splashes/nuke_powerup
localize,#splashes/objective_assault_syphoncore_defend
localize,#splashes/objective_completed
localize,#splashes/objective_new
localize,#splashes/objective_soul_capture_soul_delivered
localize,#splashes/objective_soul_capture_soul_delivered_multiple
localize,#splashes/objective_soul_capture_soul_pickup
localize,#splashes/objective_update
localize,#splashes/package_pickup
localize,#splashes/patrol_secured
localize,#splashes/penetration_kill
localize,#splashes/perk_breacher_upgrade
localize,#splashes/perk_demolitions_upgrade
localize,#splashes/perk_destroyed_target
localize,#splashes/perk_healer_upgrade
localize,#splashes/perk_hunter_upgrade
localize,#splashes/perk_marked_target
localize,#splashes/perk_munitions_upgrade
localize,#splashes/perk_spotter_upgrade
localize,#splashes/perk_stealth_upgrade
localize,#splashes/perk_support_upgrade
localize,#splashes/perk_survivor_upgrade
localize,#splashes/perk_tank_upgrade
localize,#splashes/phaser_resource
localize,#splashes/plant
localize,#splashes/plant_desc
localize,#splashes/plunder_cash
localize,#splashes/pointblank
localize,#splashes/pointblank_desc
localize,#splashes/posthumous
localize,#splashes/posthumous_desc
localize,#splashes/proximityassist
localize,#splashes/proximitykill
localize,#splashes/pulse_grenade_stuck
localize,#splashes/quad_kill_short
localize,#splashes/ranked_up
localize,#splashes/ranked_up_desc
localize,#splashes/recon_agent
localize,#splashes/recon_assist
localize,#splashes/recon_enemy_marked
localize,#splashes/recon_equipment_marked
localize,#splashes/recon_killstreak_marked
localize,#splashes/redeploy_token_converted_desc
localize,#splashes/redeploy_token_converted_title
localize,#splashes/refresh_kill
localize,#splashes/refresh_kill_desc
localize,#splashes/refresh_kill_single_desc
localize,#splashes/resource_collected
localize,#splashes/rested
localize,#splashes/rested_desc
localize,#splashes/rested_done
localize,#splashes/rested_done_desc
localize,#splashes/revenge
localize,#splashes/revenge_desc
localize,#splashes/revived
localize,#splashes/reviver
localize,#splashes/reviver_desc
localize,#splashes/ring_of_fire_assist
localize,#splashes/ring_of_fire_burn_killingblow
localize,#splashes/ring_of_fire_defense
localize,#splashes/ring_of_fire_finisher
localize,#splashes/ring_of_fire_multifinisher
localize,#splashes/saved_objective
localize,#splashes/savior
localize,#splashes/scorestreak_pack
localize,#splashes/scrambler_assist
localize,#splashes/scrap_assist
localize,#splashes/screamer_kia
localize,#splashes/secured_position
localize,#splashes/secured_position_a
localize,#splashes/secured_position_b
localize,#splashes/secured_position_c
localize,#splashes/secured_position_d
localize,#splashes/secured_position_e
localize,#splashes/secured_position_f
localize,#splashes/secured_position_g
localize,#splashes/segment_captured
localize,#splashes/semtex_stuck
localize,#splashes/seven_kill_short
localize,#splashes/shard_ball_stuck
localize,#splashes/sharepackage
localize,#splashes/sharepackage_desc
localize,#splashes/shieldassist
localize,#splashes/shieldassist_desc
localize,#splashes/six_kill_short
localize,#splashes/slidekill
localize,#splashes/snowball_kill
localize,#splashes/specialty_quickdraw
localize,#splashes/specialty_quickdraw_desc
localize,#splashes/specialty_scavenger
localize,#splashes/specialty_scavenger_desc
localize,#splashes/specialty_specialist
localize,#splashes/specialty_specialist_desc
localize,#splashes/specialty_steadyaim
localize,#splashes/specialty_steadyaim_desc
localize,#splashes/spider_grenade_stuck
localize,#splashes/spider_grenade_stuck_desc
localize,#splashes/squad_spawn
localize,#splashes/squad_spawn_self
localize,#splashes/sr_ally_down
localize,#splashes/sr_ally_eliminated
localize,#splashes/sr_ally_respawned
localize,#splashes/sr_down
localize,#splashes/sr_eliminated
localize,#splashes/sr_enemy_down
localize,#splashes/sr_enemy_eliminated
localize,#splashes/sr_enemy_respawned
localize,#splashes/sr_respawned
localize,#splashes/stickglprox_stuck
localize,#splashes/stim_shot_multikill
localize,#splashes/stopping_power_loaded
localize,#splashes/stuck_arc_grenade_desc
localize,#splashes/stuck_pulse_grenade_desc
localize,#splashes/stuck_semtex
localize,#splashes/stuck_semtex_desc
localize,#splashes/stuck_shard_ball_desc
localize,#splashes/stuck_spider_grenade_desc
localize,#splashes/stuck_stickglprox_desc
localize,#splashes/stuck_sticky_desc
localize,#splashes/stun_grenade_assist
localize,#splashes/stun_grenade_finisher
localize,#splashes/stun_grenade_multifinisher
localize,#splashes/stun_grenade_stunned_enemy
localize,#splashes/stun_mine_assist
localize,#splashes/stun_mine_finisher
localize,#splashes/stun_mine_multifinisher
localize,#splashes/stun_mine_stunned_enemy
localize,#splashes/super_active_camo_kill
localize,#splashes/super_arm2_kill
localize,#splashes/super_blackholegun_kill
localize,#splashes/super_bull_charge_kill
localize,#splashes/super_claw_kill
localize,#splashes/super_combat_focus_kill
localize,#splashes/super_eraser_kill
localize,#splashes/super_kill
localize,#splashes/super_kinetic_pulse_kill
localize,#splashes/super_micro_turret_kill
localize,#splashes/super_overdrive_kill
localize,#splashes/super_pack
localize,#splashes/super_phase_shift_kill
localize,#splashes/super_railgun_kill
localize,#splashes/super_reactive_armor_kill
localize,#splashes/super_reaper_kill
localize,#splashes/super_rewind_kill
localize,#splashes/super_shutdown
localize,#splashes/super_steeldragon_kill
localize,#splashes/super_teleport_kill
localize,#splashes/super_trophy_kill
localize,#splashes/super_wallhack_kill
localize,#splashes/superkill
localize,#splashes/superkill_desc
localize,#splashes/suppressing_fire
localize,#splashes/survivor
localize,#splashes/tac_insert_fail_br_too_far
localize,#splashes/tac_insert_success_br
localize,#splashes/tag_collected
localize,#splashes/tag_denied
localize,#splashes/tags_banked
localize,#splashes/tags_retrieved
localize,#splashes/target_eliminated
localize,#splashes/team_collected
localize,#splashes/team_confirmed
localize,#splashes/team_wiped
localize,#splashes/teamkill
localize,#splashes/thermite_assist
localize,#splashes/thermite_attacker_stuck_desc
localize,#splashes/thermite_killingblow
localize,#splashes/thermite_multikill
localize,#splashes/thermite_victim_stuck_desc
localize,#splashes/throwing_knife_killingblow
localize,#splashes/throwing_knife_multikill
localize,#splashes/time_added
localize,#splashes/time_added_desc
localize,#splashes/timeadded
localize,#splashes/top_gun_rank
localize,#splashes/tr_ally_revived
localize,#splashes/tr_enemy_revived
localize,#splashes/tr_revived
localize,#splashes/trial_collateral
localize,#splashes/trial_collateral_quad
localize,#splashes/trial_collateral_triple
localize,#splashes/triggered_alarm
localize,#splashes/triple_kill_short
localize,#splashes/triplekill
localize,#splashes/triplekill_desc
localize,#splashes/trophy_blocked_throwable
localize,#splashes/trophy_defense
localize,#splashes/uav_assist
localize,#splashes/ultrakill
localize,#splashes/ultrakill_desc
localize,#splashes/vehicle_critical_damage
localize,#splashes/wallkill
localize,#splashes/war_machine_killingblow
localize,#splashes/war_machine_multikill
localize,#splashes/warning
localize,#splashes/weapon_box_teammate_used
localize,#splashes/weapon_ranked_up
localize,#splashes/weapon_ranked_up_desc
localize,#splashes/white_phosphorus_assist
localize,#splashes/zombie_kia
localize,#subtitle_zm_c2dm_o2dm/krafft
localize,#subtitle_zm_c2dm_o2dm/norticus
localize,#subtitle_zm_c2dm_o2dm/zm_c2dm_o2dm_dnrt_d2ab_1
localize,#subtitle_zm_c2dm_o2dm/zm_c2dm_o2dm_dnrt_d2ab_2
localize,#subtitle_zm_c2dm_o2dm/zm_c2dm_o2dm_dnrt_d2ab_3
localize,#subtitle_zm_c2dm_o2dm/zm_c2dm_o2dm_dnrt_d2ab_4
localize,#subtitle_zm_c2dm_o2dm/zm_c2dm_o2dm_krft_d2aa_1
localize,#subtitle_zm_c2dm_o2dm/zm_c2dm_o2dm_krft_d2aa_2
localize,#subtitle_zm_c2dm_o2dm/zm_c2dm_o2dm_krft_d2aa_3
localize,#subtitle_zm_c2dm_o2dm/zm_c2dm_o2dm_krft_d2aa_4
localize,#subtitle_zm_c2dm_o2dm/zm_c2dm_o2dm_krft_d2aa_5
localize,#subtitle_zm_c2dm_o2dm/zm_c2dm_o2dm_krft_d2aa_6
localize,#subtitle_zm_c2dm_o2dm/zm_c2dm_o2dm_krft_d2aa_7
localize,#subtitle_zm_c2dm_o2dm/zm_c2dm_o2dm_krft_d2aa_8
localize,#subtitle_zm_c2dm_o2dm/zm_c2dm_o2dm_krft_d2ba_1
localize,#subtitle_zm_c2dm_o2dm/zm_c2dm_o2dm_krft_d2ba_2
localize,#subtitle_zm_c2dm_o2dm/zm_c2dm_o2dm_krft_d2ba_3
localize,#subtitle_zm_c2dm_o2dm/zm_c2dm_o2dm_krft_d2ba_4
localize,#subtitle_zm_c2of_o2of/bellekar
localize,#subtitle_zm_c2of_o2of/kortifex
localize,#subtitle_zm_c2of_o2of/krafft
localize,#subtitle_zm_c2of_o2of/zm_c2of_o2of_blkr_o2ab_1
localize,#subtitle_zm_c2of_o2of/zm_c2of_o2of_blkr_o2ab_2
localize,#subtitle_zm_c2of_o2of/zm_c2of_o2of_blkr_o2ab_3
localize,#subtitle_zm_c2of_o2of/zm_c2of_o2of_blkr_o2ab_4
localize,#subtitle_zm_c2of_o2of/zm_c2of_o2of_blkr_o2fa_1
localize,#subtitle_zm_c2of_o2of/zm_c2of_o2of_blkr_o2fa_2
localize,#subtitle_zm_c2of_o2of/zm_c2of_o2of_blkr_o2fa_3
localize,#subtitle_zm_c2of_o2of/zm_c2of_o2of_blkr_o2fa_4
localize,#subtitle_zm_c2of_o2of/zm_c2of_o2of_krft_o2aa_1
localize,#subtitle_zm_c2of_o2of/zm_c2of_o2of_krft_o2aa_2
localize,#subtitle_zm_c2of_o2of/zm_c2of_o2of_krft_o2aa_3
localize,#subtitle_zm_c2of_o2of/zm_c2of_o2of_krft_o2aa_4
localize,#subtitle_zm_c2of_o2of/zm_c2of_o2of_krft_o2ea_1
localize,#subtitle_zm_c2of_o2of/zm_c2of_o2of_krft_o2ea_2
localize,#subtitle_zm_c2of_o2of/zm_c2of_o2of_krft_o2ea_3
localize,#subtitle_zm_c2of_o2of/zm_c2of_o2of_krft_o2ea_4
localize,#subtitle_zm_c2of_o2of/zm_c2of_o2of_krft_o2fb_1
localize,#subtitle_zm_c2of_o2of/zm_c2of_o2of_krft_o2fb_2
localize,#subtitle_zm_c2of_o2of/zm_c2of_o2of_krft_o2fb_3
localize,#subtitle_zm_c2of_o2of/zm_c2of_o2of_krft_o2fb_4
localize,#subtitle_zm_c2of_o2of/zm_c2of_o2of_krtx_o2ba_1
localize,#subtitle_zm_c2of_o2of/zm_c2of_o2of_krtx_o2ba_2
localize,#subtitle_zm_c2of_o2of/zm_c2of_o2of_krtx_o2ba_3
localize,#subtitle_zm_c2of_o2of/zm_c2of_o2of_krtx_o2ba_4
localize,#subtitle_zm_c2of_o2of/zm_c2of_o2of_krtx_o2ca_1
localize,#subtitle_zm_c2of_o2of/zm_c2of_o2of_krtx_o2ca_2
localize,#subtitle_zm_c2of_o2of/zm_c2of_o2of_krtx_o2ca_3
localize,#subtitle_zm_c2of_o2of/zm_c2of_o2of_krtx_o2ca_4
localize,#subtitle_zm_c2of_o2of/zm_c2of_o2of_krtx_o2da_1
localize,#subtitle_zm_c2of_o2of/zm_c2of_o2of_krtx_o2da_2
localize,#subtitle_zm_c2of_o2of/zm_c2of_o2of_krtx_o2da_3
localize,#subtitle_zm_c2of_o2of/zm_c2of_o2of_krtx_o2da_4
localize,#subtitle_zm_caiz_eaiz/bellekar
localize,#subtitle_zm_caiz_eaiz/inviktor
localize,#subtitle_zm_caiz_eaiz/krafft
localize,#subtitle_zm_caiz_eaiz/norticus
localize,#subtitle_zm_caiz_eaiz/saraxis
localize,#subtitle_zm_caiz_eaiz/vercanna
localize,#subtitle_zm_caiz_eaiz/zaballa
localize,#subtitle_zm_caiz_eaiz/zm_caiz_eaiz_blkr_ezaf_1
localize,#subtitle_zm_caiz_eaiz/zm_caiz_eaiz_blkr_ezaf_2
localize,#subtitle_zm_caiz_eaiz/zm_caiz_eaiz_blkr_ezaf_3
localize,#subtitle_zm_caiz_eaiz/zm_caiz_eaiz_blkr_ezaf_4
localize,#subtitle_zm_caiz_eaiz/zm_caiz_eaiz_blkr_ezeb_1
localize,#subtitle_zm_caiz_eaiz/zm_caiz_eaiz_blkr_ezeb_2
localize,#subtitle_zm_caiz_eaiz/zm_caiz_eaiz_blkr_ezeb_3
localize,#subtitle_zm_caiz_eaiz/zm_caiz_eaiz_blkr_ezeb_4
localize,#subtitle_zm_caiz_eaiz/zm_caiz_eaiz_dnrt_ezaf_1
localize,#subtitle_zm_caiz_eaiz/zm_caiz_eaiz_dnrt_ezaf_2
localize,#subtitle_zm_caiz_eaiz/zm_caiz_eaiz_dnrt_ezaf_3
localize,#subtitle_zm_caiz_eaiz/zm_caiz_eaiz_dnrt_ezaf_4
localize,#subtitle_zm_caiz_eaiz/zm_caiz_eaiz_dnrt_ezeb_1
localize,#subtitle_zm_caiz_eaiz/zm_caiz_eaiz_dnrt_ezeb_2
localize,#subtitle_zm_caiz_eaiz/zm_caiz_eaiz_dnrt_ezeb_3
localize,#subtitle_zm_caiz_eaiz/zm_caiz_eaiz_dnrt_ezeb_4
localize,#subtitle_zm_caiz_eaiz/zm_caiz_eaiz_dnvk_ezaf_1
localize,#subtitle_zm_caiz_eaiz/zm_caiz_eaiz_dnvk_ezaf_2
localize,#subtitle_zm_caiz_eaiz/zm_caiz_eaiz_dnvk_ezaf_3
localize,#subtitle_zm_caiz_eaiz/zm_caiz_eaiz_dnvk_ezaf_4
localize,#subtitle_zm_caiz_eaiz/zm_caiz_eaiz_dnvk_ezeb_1
localize,#subtitle_zm_caiz_eaiz/zm_caiz_eaiz_dnvk_ezeb_2
localize,#subtitle_zm_caiz_eaiz/zm_caiz_eaiz_dnvk_ezeb_3
localize,#subtitle_zm_caiz_eaiz/zm_caiz_eaiz_dnvk_ezeb_4
localize,#subtitle_zm_caiz_eaiz/zm_caiz_eaiz_dsrx_ezaf_1
localize,#subtitle_zm_caiz_eaiz/zm_caiz_eaiz_dsrx_ezaf_2
localize,#subtitle_zm_caiz_eaiz/zm_caiz_eaiz_dsrx_ezaf_3
localize,#subtitle_zm_caiz_eaiz/zm_caiz_eaiz_dsrx_ezaf_4
localize,#subtitle_zm_caiz_eaiz/zm_caiz_eaiz_dsrx_ezeb_1
localize,#subtitle_zm_caiz_eaiz/zm_caiz_eaiz_dsrx_ezeb_2
localize,#subtitle_zm_caiz_eaiz/zm_caiz_eaiz_dsrx_ezeb_3
localize,#subtitle_zm_caiz_eaiz/zm_caiz_eaiz_dsrx_ezeb_4
localize,#subtitle_zm_caiz_eaiz/zm_caiz_eaiz_krft_ezba_1
localize,#subtitle_zm_caiz_eaiz/zm_caiz_eaiz_krft_ezba_2
localize,#subtitle_zm_caiz_eaiz/zm_caiz_eaiz_krft_ezba_3
localize,#subtitle_zm_caiz_eaiz/zm_caiz_eaiz_krft_ezba_4
localize,#subtitle_zm_caiz_eaiz/zm_caiz_eaiz_krft_ezda_1
localize,#subtitle_zm_caiz_eaiz/zm_caiz_eaiz_krft_ezda_2
localize,#subtitle_zm_caiz_eaiz/zm_caiz_eaiz_krft_ezda_3
localize,#subtitle_zm_caiz_eaiz/zm_caiz_eaiz_krft_ezda_4
localize,#subtitle_zm_caiz_eaiz/zm_caiz_eaiz_krft_ezda_5
localize,#subtitle_zm_caiz_eaiz/zm_caiz_eaiz_krft_ezda_6
localize,#subtitle_zm_caiz_eaiz/zm_caiz_eaiz_krft_ezda_7
localize,#subtitle_zm_caiz_eaiz/zm_caiz_eaiz_krft_ezda_8
localize,#subtitle_zm_caiz_eaiz/zm_caiz_eaiz_vrcn_ezaf_1
localize,#subtitle_zm_caiz_eaiz/zm_caiz_eaiz_vrcn_ezaf_2
localize,#subtitle_zm_caiz_eaiz/zm_caiz_eaiz_vrcn_ezaf_3
localize,#subtitle_zm_caiz_eaiz/zm_caiz_eaiz_vrcn_ezaf_4
localize,#subtitle_zm_caiz_eaiz/zm_caiz_eaiz_vrcn_ezeb_1
localize,#subtitle_zm_caiz_eaiz/zm_caiz_eaiz_vrcn_ezeb_2
localize,#subtitle_zm_caiz_eaiz/zm_caiz_eaiz_vrcn_ezeb_3
localize,#subtitle_zm_caiz_eaiz/zm_caiz_eaiz_vrcn_ezeb_4
localize,#subtitle_zm_caiz_eaiz/zm_caiz_eaiz_zbla_ezaa_1
localize,#subtitle_zm_caiz_eaiz/zm_caiz_eaiz_zbla_ezaa_2
localize,#subtitle_zm_caiz_eaiz/zm_caiz_eaiz_zbla_ezaa_3
localize,#subtitle_zm_caiz_eaiz/zm_caiz_eaiz_zbla_ezaa_4
localize,#subtitle_zm_caiz_eaiz/zm_caiz_eaiz_zbla_ezaa_5
localize,#subtitle_zm_caiz_eaiz/zm_caiz_eaiz_zbla_ezaa_6
localize,#subtitle_zm_caiz_eaiz/zm_caiz_eaiz_zbla_ezaa_7
localize,#subtitle_zm_caiz_eaiz/zm_caiz_eaiz_zbla_ezaa_8
localize,#subtitle_zm_caiz_eaiz/zm_caiz_eaiz_zbla_ezab_1
localize,#subtitle_zm_caiz_eaiz/zm_caiz_eaiz_zbla_ezab_2
localize,#subtitle_zm_caiz_eaiz/zm_caiz_eaiz_zbla_ezab_3
localize,#subtitle_zm_caiz_eaiz/zm_caiz_eaiz_zbla_ezab_4
localize,#subtitle_zm_caiz_eaiz/zm_caiz_eaiz_zbla_ezab_5
localize,#subtitle_zm_caiz_eaiz/zm_caiz_eaiz_zbla_ezab_6
localize,#subtitle_zm_caiz_eaiz/zm_caiz_eaiz_zbla_ezab_7
localize,#subtitle_zm_caiz_eaiz/zm_caiz_eaiz_zbla_ezab_8
localize,#subtitle_zm_caiz_eaiz/zm_caiz_eaiz_zbla_ezac_1
localize,#subtitle_zm_caiz_eaiz/zm_caiz_eaiz_zbla_ezac_2
localize,#subtitle_zm_caiz_eaiz/zm_caiz_eaiz_zbla_ezac_3
localize,#subtitle_zm_caiz_eaiz/zm_caiz_eaiz_zbla_ezac_4
localize,#subtitle_zm_caiz_eaiz/zm_caiz_eaiz_zbla_ezac_5
localize,#subtitle_zm_caiz_eaiz/zm_caiz_eaiz_zbla_ezac_6
localize,#subtitle_zm_caiz_eaiz/zm_caiz_eaiz_zbla_ezac_7
localize,#subtitle_zm_caiz_eaiz/zm_caiz_eaiz_zbla_ezac_8
localize,#subtitle_zm_caiz_eaiz/zm_caiz_eaiz_zbla_ezad_1
localize,#subtitle_zm_caiz_eaiz/zm_caiz_eaiz_zbla_ezad_2
localize,#subtitle_zm_caiz_eaiz/zm_caiz_eaiz_zbla_ezad_3
localize,#subtitle_zm_caiz_eaiz/zm_caiz_eaiz_zbla_ezad_4
localize,#subtitle_zm_caiz_eaiz/zm_caiz_eaiz_zbla_ezad_5
localize,#subtitle_zm_caiz_eaiz/zm_caiz_eaiz_zbla_ezad_6
localize,#subtitle_zm_caiz_eaiz/zm_caiz_eaiz_zbla_ezad_7
localize,#subtitle_zm_caiz_eaiz/zm_caiz_eaiz_zbla_ezad_8
localize,#subtitle_zm_caiz_eaiz/zm_caiz_eaiz_zbla_ezae_1
localize,#subtitle_zm_caiz_eaiz/zm_caiz_eaiz_zbla_ezae_2
localize,#subtitle_zm_caiz_eaiz/zm_caiz_eaiz_zbla_ezae_3
localize,#subtitle_zm_caiz_eaiz/zm_caiz_eaiz_zbla_ezae_4
localize,#subtitle_zm_caiz_eaiz/zm_caiz_eaiz_zbla_ezae_5
localize,#subtitle_zm_caiz_eaiz/zm_caiz_eaiz_zbla_ezae_6
localize,#subtitle_zm_caiz_eaiz/zm_caiz_eaiz_zbla_ezae_7
localize,#subtitle_zm_caiz_eaiz/zm_caiz_eaiz_zbla_ezae_8
localize,#subtitle_zm_caiz_eaiz/zm_caiz_eaiz_zbla_ezcb_1
localize,#subtitle_zm_caiz_eaiz/zm_caiz_eaiz_zbla_ezcb_2
localize,#subtitle_zm_caiz_eaiz/zm_caiz_eaiz_zbla_ezcb_3
localize,#subtitle_zm_caiz_eaiz/zm_caiz_eaiz_zbla_ezcb_4
localize,#subtitle_zm_caiz_eaiz/zm_caiz_eaiz_zbla_ezcb_5
localize,#subtitle_zm_caiz_eaiz/zm_caiz_eaiz_zbla_ezcb_6
localize,#subtitle_zm_caiz_eaiz/zm_caiz_eaiz_zbla_ezcb_7
localize,#subtitle_zm_caiz_eaiz/zm_caiz_eaiz_zbla_ezcb_8
localize,#subtitle_zm_caiz_eaiz/zm_caiz_eaiz_zbla_ezea_1
localize,#subtitle_zm_caiz_eaiz/zm_caiz_eaiz_zbla_ezea_2
localize,#subtitle_zm_caiz_eaiz/zm_caiz_eaiz_zbla_ezea_3
localize,#subtitle_zm_caiz_eaiz/zm_caiz_eaiz_zbla_ezea_4
localize,#subtitle_zm_caiz_eaiz/zm_caiz_eaiz_zbla_ezea_5
localize,#subtitle_zm_caiz_eaiz/zm_caiz_eaiz_zbla_ezea_6
localize,#subtitle_zm_caiz_eaiz/zm_caiz_eaiz_zbla_ezea_7
localize,#subtitle_zm_caiz_eaiz/zm_caiz_eaiz_zbla_ezea_8
localize,#subtitle_zm_caiz_eaiz/zm_caiz_eaiz_zbla_ezfa_1
localize,#subtitle_zm_caiz_eaiz/zm_caiz_eaiz_zbla_ezfa_2
localize,#subtitle_zm_caiz_eaiz/zm_caiz_eaiz_zbla_ezfa_3
localize,#subtitle_zm_caiz_eaiz/zm_caiz_eaiz_zbla_ezfa_4
localize,#subtitle_zm_caiz_eaiz/zm_caiz_eaiz_zbla_ezfa_5
localize,#subtitle_zm_caiz_eaiz/zm_caiz_eaiz_zbla_ezfa_6
localize,#subtitle_zm_caiz_eaiz/zm_caiz_eaiz_zbla_ezfa_7
localize,#subtitle_zm_caiz_eaiz/zm_caiz_eaiz_zbla_ezfa_8
localize,#subtitle_zm_caiz_eaiz/zm_caiz_eaiz_zbla_ezfb_1
localize,#subtitle_zm_caiz_eaiz/zm_caiz_eaiz_zbla_ezfb_2
localize,#subtitle_zm_caiz_eaiz/zm_caiz_eaiz_zbla_ezfb_3
localize,#subtitle_zm_caiz_eaiz/zm_caiz_eaiz_zbla_ezfb_4
localize,#subtitle_zm_caiz_eaiz/zm_caiz_eaiz_zbla_ezfb_5
localize,#subtitle_zm_caiz_eaiz/zm_caiz_eaiz_zbla_ezfb_6
localize,#subtitle_zm_caiz_eaiz/zm_caiz_eaiz_zbla_ezfb_7
localize,#subtitle_zm_caiz_eaiz/zm_caiz_eaiz_zbla_ezfb_8
localize,#subtitle_zm_cdvc_dvcn/vercanna
localize,#subtitle_zm_cdvc_dvcn/zm_cdvc_dvcn_vrcn_asrn_1
localize,#subtitle_zm_cdvc_dvcn/zm_cdvc_dvcn_vrcn_asrn_10
localize,#subtitle_zm_cdvc_dvcn/zm_cdvc_dvcn_vrcn_asrn_2
localize,#subtitle_zm_cdvc_dvcn/zm_cdvc_dvcn_vrcn_asrn_3
localize,#subtitle_zm_cdvc_dvcn/zm_cdvc_dvcn_vrcn_asrn_4
localize,#subtitle_zm_cdvc_dvcn/zm_cdvc_dvcn_vrcn_asrn_5
localize,#subtitle_zm_cdvc_dvcn/zm_cdvc_dvcn_vrcn_asrn_6
localize,#subtitle_zm_cdvc_dvcn/zm_cdvc_dvcn_vrcn_asrn_7
localize,#subtitle_zm_cdvc_dvcn/zm_cdvc_dvcn_vrcn_asrn_8
localize,#subtitle_zm_cdvc_dvcn/zm_cdvc_dvcn_vrcn_asrn_9
localize,#subtitle_zm_cdvc_dvcn/zm_cdvc_dvcn_vrcn_dmha_1
localize,#subtitle_zm_cdvc_dvcn/zm_cdvc_dvcn_vrcn_dmha_10
localize,#subtitle_zm_cdvc_dvcn/zm_cdvc_dvcn_vrcn_dmha_2
localize,#subtitle_zm_cdvc_dvcn/zm_cdvc_dvcn_vrcn_dmha_3
localize,#subtitle_zm_cdvc_dvcn/zm_cdvc_dvcn_vrcn_dmha_4
localize,#subtitle_zm_cdvc_dvcn/zm_cdvc_dvcn_vrcn_dmha_5
localize,#subtitle_zm_cdvc_dvcn/zm_cdvc_dvcn_vrcn_dmha_6
localize,#subtitle_zm_cdvc_dvcn/zm_cdvc_dvcn_vrcn_dmha_7
localize,#subtitle_zm_cdvc_dvcn/zm_cdvc_dvcn_vrcn_dmha_8
localize,#subtitle_zm_cdvc_dvcn/zm_cdvc_dvcn_vrcn_dmha_9
localize,#subtitle_zm_cdvc_dvcn/zm_cdvc_dvcn_vrcn_dmns_1
localize,#subtitle_zm_cdvc_dvcn/zm_cdvc_dvcn_vrcn_dmns_2
localize,#subtitle_zm_cdvc_dvcn/zm_cdvc_dvcn_vrcn_dmns_3
localize,#subtitle_zm_cdvc_dvcn/zm_cdvc_dvcn_vrcn_dmns_4
localize,#subtitle_zm_cdvc_dvcn/zm_cdvc_dvcn_vrcn_drha_1
localize,#subtitle_zm_cdvc_dvcn/zm_cdvc_dvcn_vrcn_drha_10
localize,#subtitle_zm_cdvc_dvcn/zm_cdvc_dvcn_vrcn_drha_2
localize,#subtitle_zm_cdvc_dvcn/zm_cdvc_dvcn_vrcn_drha_3
localize,#subtitle_zm_cdvc_dvcn/zm_cdvc_dvcn_vrcn_drha_4
localize,#subtitle_zm_cdvc_dvcn/zm_cdvc_dvcn_vrcn_drha_5
localize,#subtitle_zm_cdvc_dvcn/zm_cdvc_dvcn_vrcn_drha_6
localize,#subtitle_zm_cdvc_dvcn/zm_cdvc_dvcn_vrcn_drha_7
localize,#subtitle_zm_cdvc_dvcn/zm_cdvc_dvcn_vrcn_drha_8
localize,#subtitle_zm_cdvc_dvcn/zm_cdvc_dvcn_vrcn_drha_9
localize,#subtitle_zm_cdvc_dvcn/zm_cdvc_dvcn_vrcn_duha_1
localize,#subtitle_zm_cdvc_dvcn/zm_cdvc_dvcn_vrcn_duha_10
localize,#subtitle_zm_cdvc_dvcn/zm_cdvc_dvcn_vrcn_duha_2
localize,#subtitle_zm_cdvc_dvcn/zm_cdvc_dvcn_vrcn_duha_3
localize,#subtitle_zm_cdvc_dvcn/zm_cdvc_dvcn_vrcn_duha_4
localize,#subtitle_zm_cdvc_dvcn/zm_cdvc_dvcn_vrcn_duha_5
localize,#subtitle_zm_cdvc_dvcn/zm_cdvc_dvcn_vrcn_duha_6
localize,#subtitle_zm_cdvc_dvcn/zm_cdvc_dvcn_vrcn_duha_7
localize,#subtitle_zm_cdvc_dvcn/zm_cdvc_dvcn_vrcn_duha_8
localize,#subtitle_zm_cdvc_dvcn/zm_cdvc_dvcn_vrcn_duha_9
localize,#subtitle_zm_cdvc_dvcn/zm_cdvc_dvcn_vrcn_gmvr_1
localize,#subtitle_zm_cdvc_dvcn/zm_cdvc_dvcn_vrcn_gmvr_2
localize,#subtitle_zm_cdvc_dvcn/zm_cdvc_dvcn_vrcn_gmvr_3
localize,#subtitle_zm_cdvc_dvcn/zm_cdvc_dvcn_vrcn_gmvr_4
localize,#subtitle_zm_cdvc_dvcn/zm_cdvc_dvcn_vrcn_gstr_1
localize,#subtitle_zm_cdvc_dvcn/zm_cdvc_dvcn_vrcn_gstr_2
localize,#subtitle_zm_cdvc_dvcn/zm_cdvc_dvcn_vrcn_gstr_3
localize,#subtitle_zm_cdvc_dvcn/zm_cdvc_dvcn_vrcn_gstr_4
localize,#subtitle_zm_cdvc_dvcn/zm_cdvc_dvcn_vrcn_hsoa_1
localize,#subtitle_zm_cdvc_dvcn/zm_cdvc_dvcn_vrcn_hsoa_2
localize,#subtitle_zm_cdvc_dvcn/zm_cdvc_dvcn_vrcn_hsoa_3
localize,#subtitle_zm_cdvc_dvcn/zm_cdvc_dvcn_vrcn_hspa_1
localize,#subtitle_zm_cdvc_dvcn/zm_cdvc_dvcn_vrcn_hspa_2
localize,#subtitle_zm_cdvc_dvcn/zm_cdvc_dvcn_vrcn_hspa_3
localize,#subtitle_zm_cdvc_dvcn/zm_cdvc_dvcn_vrcn_hsqa_1
localize,#subtitle_zm_cdvc_dvcn/zm_cdvc_dvcn_vrcn_hsqa_2
localize,#subtitle_zm_cdvc_dvcn/zm_cdvc_dvcn_vrcn_hsqa_3
localize,#subtitle_zm_cdvc_dvcn/zm_cdvc_dvcn_vrcn_hsra_1
localize,#subtitle_zm_cdvc_dvcn/zm_cdvc_dvcn_vrcn_hsra_2
localize,#subtitle_zm_cdvc_dvcn/zm_cdvc_dvcn_vrcn_hsra_3
localize,#subtitle_zm_cdvc_dvcn/zm_cdvc_dvcn_vrcn_hssa_1
localize,#subtitle_zm_cdvc_dvcn/zm_cdvc_dvcn_vrcn_hssa_2
localize,#subtitle_zm_cdvc_dvcn/zm_cdvc_dvcn_vrcn_hssa_3
localize,#subtitle_zm_cdvc_dvcn/zm_cdvc_dvcn_vrcn_nmny_1
localize,#subtitle_zm_cdvc_dvcn/zm_cdvc_dvcn_vrcn_nmny_2
localize,#subtitle_zm_cdvc_dvcn/zm_cdvc_dvcn_vrcn_nmny_3
localize,#subtitle_zm_cdvc_dvcn/zm_cdvc_dvcn_vrcn_nmny_4
localize,#subtitle_zm_cdvc_dvcn/zm_cdvc_dvcn_vrcn_nmny_5
localize,#subtitle_zm_cdvc_dvcn/zm_cdvc_dvcn_vrcn_puww_1
localize,#subtitle_zm_cdvc_dvcn/zm_cdvc_dvcn_vrcn_puww_2
localize,#subtitle_zm_cdvc_dvcn/zm_cdvc_dvcn_vrcn_puww_3
localize,#subtitle_zm_cdvc_dvcn/zm_cdvc_dvcn_vrcn_puww_4
localize,#subtitle_zm_cdvc_dvcn/zm_cdvc_dvcn_vrcn_puww_5
localize,#subtitle_zm_cdvc_dvcn/zm_cdvc_dvcn_vrcn_puww_6
localize,#subtitle_zm_cdvc_dvcn/zm_cdvc_dvcn_vrcn_puww_7
localize,#subtitle_zm_cdvc_dvcn/zm_cdvc_dvcn_vrcn_puww_8
localize,#subtitle_zm_cdvc_dvcn/zm_cdvc_dvcn_vrcn_puww_9
localize,#subtitle_zm_cdvc_dvcn/zm_cdvc_dvcn_vrcn_rcva_1
localize,#subtitle_zm_cdvc_dvcn/zm_cdvc_dvcn_vrcn_rcva_10
localize,#subtitle_zm_cdvc_dvcn/zm_cdvc_dvcn_vrcn_rcva_2
localize,#subtitle_zm_cdvc_dvcn/zm_cdvc_dvcn_vrcn_rcva_3
localize,#subtitle_zm_cdvc_dvcn/zm_cdvc_dvcn_vrcn_rcva_4
localize,#subtitle_zm_cdvc_dvcn/zm_cdvc_dvcn_vrcn_rcva_5
localize,#subtitle_zm_cdvc_dvcn/zm_cdvc_dvcn_vrcn_rcva_6
localize,#subtitle_zm_cdvc_dvcn/zm_cdvc_dvcn_vrcn_rcva_7
localize,#subtitle_zm_cdvc_dvcn/zm_cdvc_dvcn_vrcn_rcva_8
localize,#subtitle_zm_cdvc_dvcn/zm_cdvc_dvcn_vrcn_rcva_9
localize,#subtitle_zm_cdvc_dvcn/zm_cdvc_dvcn_vrcn_rmys_1
localize,#subtitle_zm_cdvc_dvcn/zm_cdvc_dvcn_vrcn_rmys_10
localize,#subtitle_zm_cdvc_dvcn/zm_cdvc_dvcn_vrcn_rmys_2
localize,#subtitle_zm_cdvc_dvcn/zm_cdvc_dvcn_vrcn_rmys_3
localize,#subtitle_zm_cdvc_dvcn/zm_cdvc_dvcn_vrcn_rmys_4
localize,#subtitle_zm_cdvc_dvcn/zm_cdvc_dvcn_vrcn_rmys_5
localize,#subtitle_zm_cdvc_dvcn/zm_cdvc_dvcn_vrcn_rmys_6
localize,#subtitle_zm_cdvc_dvcn/zm_cdvc_dvcn_vrcn_rmys_7
localize,#subtitle_zm_cdvc_dvcn/zm_cdvc_dvcn_vrcn_rmys_8
localize,#subtitle_zm_cdvc_dvcn/zm_cdvc_dvcn_vrcn_rmys_9
localize,#subtitle_zm_cdvc_dvcn/zm_cdvc_dvcn_vrcn_rp2x_1
localize,#subtitle_zm_cdvc_dvcn/zm_cdvc_dvcn_vrcn_rp2x_2
localize,#subtitle_zm_cdvc_dvcn/zm_cdvc_dvcn_vrcn_rp2x_3
localize,#subtitle_zm_cdvc_dvcn/zm_cdvc_dvcn_vrcn_rp2x_4
localize,#subtitle_zm_cdvc_dvcn/zm_cdvc_dvcn_vrcn_rp2x_5
localize,#subtitle_zm_cdvc_dvcn/zm_cdvc_dvcn_vrcn_rpaf_1
localize,#subtitle_zm_cdvc_dvcn/zm_cdvc_dvcn_vrcn_rpaf_2
localize,#subtitle_zm_cdvc_dvcn/zm_cdvc_dvcn_vrcn_rpaf_3
localize,#subtitle_zm_cdvc_dvcn/zm_cdvc_dvcn_vrcn_rpaf_4
localize,#subtitle_zm_cdvc_dvcn/zm_cdvc_dvcn_vrcn_rpaf_5
localize,#subtitle_zm_cdvc_dvcn/zm_cdvc_dvcn_vrcn_rpap_1
localize,#subtitle_zm_cdvc_dvcn/zm_cdvc_dvcn_vrcn_rpap_10
localize,#subtitle_zm_cdvc_dvcn/zm_cdvc_dvcn_vrcn_rpap_2
localize,#subtitle_zm_cdvc_dvcn/zm_cdvc_dvcn_vrcn_rpap_3
localize,#subtitle_zm_cdvc_dvcn/zm_cdvc_dvcn_vrcn_rpap_4
localize,#subtitle_zm_cdvc_dvcn/zm_cdvc_dvcn_vrcn_rpap_5
localize,#subtitle_zm_cdvc_dvcn/zm_cdvc_dvcn_vrcn_rpap_6
localize,#subtitle_zm_cdvc_dvcn/zm_cdvc_dvcn_vrcn_rpap_7
localize,#subtitle_zm_cdvc_dvcn/zm_cdvc_dvcn_vrcn_rpap_8
localize,#subtitle_zm_cdvc_dvcn/zm_cdvc_dvcn_vrcn_rpap_9
localize,#subtitle_zm_cdvc_dvcn/zm_cdvc_dvcn_vrcn_rpbp_1
localize,#subtitle_zm_cdvc_dvcn/zm_cdvc_dvcn_vrcn_rpbp_2
localize,#subtitle_zm_cdvc_dvcn/zm_cdvc_dvcn_vrcn_rpbp_3
localize,#subtitle_zm_cdvc_dvcn/zm_cdvc_dvcn_vrcn_rpbp_4
localize,#subtitle_zm_cdvc_dvcn/zm_cdvc_dvcn_vrcn_rpbp_5
localize,#subtitle_zm_cdvc_dvcn/zm_cdvc_dvcn_vrcn_rpfs_1
localize,#subtitle_zm_cdvc_dvcn/zm_cdvc_dvcn_vrcn_rpfs_2
localize,#subtitle_zm_cdvc_dvcn/zm_cdvc_dvcn_vrcn_rpfs_3
localize,#subtitle_zm_cdvc_dvcn/zm_cdvc_dvcn_vrcn_rpfs_4
localize,#subtitle_zm_cdvc_dvcn/zm_cdvc_dvcn_vrcn_rpfs_5
localize,#subtitle_zm_cdvc_dvcn/zm_cdvc_dvcn_vrcn_rpik_1
localize,#subtitle_zm_cdvc_dvcn/zm_cdvc_dvcn_vrcn_rpik_2
localize,#subtitle_zm_cdvc_dvcn/zm_cdvc_dvcn_vrcn_rpik_3
localize,#subtitle_zm_cdvc_dvcn/zm_cdvc_dvcn_vrcn_rpik_4
localize,#subtitle_zm_cdvc_dvcn/zm_cdvc_dvcn_vrcn_rpik_5
localize,#subtitle_zm_cdvc_dvcn/zm_cdvc_dvcn_vrcn_rpkf_1
localize,#subtitle_zm_cdvc_dvcn/zm_cdvc_dvcn_vrcn_rpkf_10
localize,#subtitle_zm_cdvc_dvcn/zm_cdvc_dvcn_vrcn_rpkf_2
localize,#subtitle_zm_cdvc_dvcn/zm_cdvc_dvcn_vrcn_rpkf_3
localize,#subtitle_zm_cdvc_dvcn/zm_cdvc_dvcn_vrcn_rpkf_4
localize,#subtitle_zm_cdvc_dvcn/zm_cdvc_dvcn_vrcn_rpkf_5
localize,#subtitle_zm_cdvc_dvcn/zm_cdvc_dvcn_vrcn_rpkf_6
localize,#subtitle_zm_cdvc_dvcn/zm_cdvc_dvcn_vrcn_rpkf_7
localize,#subtitle_zm_cdvc_dvcn/zm_cdvc_dvcn_vrcn_rpkf_8
localize,#subtitle_zm_cdvc_dvcn/zm_cdvc_dvcn_vrcn_rpkf_9
localize,#subtitle_zm_cdvc_dvcn/zm_cdvc_dvcn_vrcn_rpma_1
localize,#subtitle_zm_cdvc_dvcn/zm_cdvc_dvcn_vrcn_rpma_2
localize,#subtitle_zm_cdvc_dvcn/zm_cdvc_dvcn_vrcn_rpma_3
localize,#subtitle_zm_cdvc_dvcn/zm_cdvc_dvcn_vrcn_rpma_4
localize,#subtitle_zm_cdvc_dvcn/zm_cdvc_dvcn_vrcn_rpma_5
localize,#subtitle_zm_cdvc_dvcn/zm_cdvc_dvcn_vrcn_rpnk_1
localize,#subtitle_zm_cdvc_dvcn/zm_cdvc_dvcn_vrcn_rpnk_2
localize,#subtitle_zm_cdvc_dvcn/zm_cdvc_dvcn_vrcn_rpnk_3
localize,#subtitle_zm_cdvc_dvcn/zm_cdvc_dvcn_vrcn_rpnk_4
localize,#subtitle_zm_cdvc_dvcn/zm_cdvc_dvcn_vrcn_rpnk_5
localize,#subtitle_zm_cdvc_dvcn/zm_cdvc_dvcn_vrcn_rtom_1
localize,#subtitle_zm_cdvc_dvcn/zm_cdvc_dvcn_vrcn_rtom_10
localize,#subtitle_zm_cdvc_dvcn/zm_cdvc_dvcn_vrcn_rtom_2
localize,#subtitle_zm_cdvc_dvcn/zm_cdvc_dvcn_vrcn_rtom_3
localize,#subtitle_zm_cdvc_dvcn/zm_cdvc_dvcn_vrcn_rtom_4
localize,#subtitle_zm_cdvc_dvcn/zm_cdvc_dvcn_vrcn_rtom_5
localize,#subtitle_zm_cdvc_dvcn/zm_cdvc_dvcn_vrcn_rtom_6
localize,#subtitle_zm_cdvc_dvcn/zm_cdvc_dvcn_vrcn_rtom_7
localize,#subtitle_zm_cdvc_dvcn/zm_cdvc_dvcn_vrcn_rtom_8
localize,#subtitle_zm_cdvc_dvcn/zm_cdvc_dvcn_vrcn_rtom_9
localize,#subtitle_zm_cdvc_dvcn/zm_cdvc_dvcn_vrcn_ssrn_1
localize,#subtitle_zm_cdvc_dvcn/zm_cdvc_dvcn_vrcn_ssrn_10
localize,#subtitle_zm_cdvc_dvcn/zm_cdvc_dvcn_vrcn_ssrn_2
localize,#subtitle_zm_cdvc_dvcn/zm_cdvc_dvcn_vrcn_ssrn_3
localize,#subtitle_zm_cdvc_dvcn/zm_cdvc_dvcn_vrcn_ssrn_4
localize,#subtitle_zm_cdvc_dvcn/zm_cdvc_dvcn_vrcn_ssrn_5
localize,#subtitle_zm_cdvc_dvcn/zm_cdvc_dvcn_vrcn_ssrn_6
localize,#subtitle_zm_cdvc_dvcn/zm_cdvc_dvcn_vrcn_ssrn_7
localize,#subtitle_zm_cdvc_dvcn/zm_cdvc_dvcn_vrcn_ssrn_8
localize,#subtitle_zm_cdvc_dvcn/zm_cdvc_dvcn_vrcn_ssrn_9
localize,#subtitle_zm_cmcp_cann/kortifex
localize,#subtitle_zm_cmcp_cann/zm_cmcp_cann_krtx_ahtn_1
localize,#subtitle_zm_cmcp_cann/zm_cmcp_cann_krtx_ahtn_2
localize,#subtitle_zm_cmcp_cann/zm_cmcp_cann_krtx_ahtn_3
localize,#subtitle_zm_cmcp_cann/zm_cmcp_cann_krtx_ahtn_4
localize,#subtitle_zm_cmcp_cann/zm_cmcp_cann_krtx_ahtn_5
localize,#subtitle_zm_cmcp_cann/zm_cmcp_cann_krtx_ahtn_6
localize,#subtitle_zm_cmcp_cann/zm_cmcp_cann_krtx_ahtn_7
localize,#subtitle_zm_cmcp_cann/zm_cmcp_cann_krtx_ahtn_8
localize,#subtitle_zm_cmcp_cann/zm_cmcp_cann_zann_ahst_1
localize,#subtitle_zm_cmcp_cann/zm_cmcp_cann_zann_ahst_2
localize,#subtitle_zm_cmcp_cann/zm_cmcp_cann_zann_ahst_3
localize,#subtitle_zm_cmcp_cbea/beatrice_mercier
localize,#subtitle_zm_cmcp_cbea/zm_cmcp_cbea_beat_arpl_1
localize,#subtitle_zm_cmcp_cbea/zm_cmcp_cbea_beat_arpl_10
localize,#subtitle_zm_cmcp_cbea/zm_cmcp_cbea_beat_arpl_2
localize,#subtitle_zm_cmcp_cbea/zm_cmcp_cbea_beat_arpl_3
localize,#subtitle_zm_cmcp_cbea/zm_cmcp_cbea_beat_arpl_4
localize,#subtitle_zm_cmcp_cbea/zm_cmcp_cbea_beat_arpl_5
localize,#subtitle_zm_cmcp_cbea/zm_cmcp_cbea_beat_arpl_6
localize,#subtitle_zm_cmcp_cbea/zm_cmcp_cbea_beat_arpl_7
localize,#subtitle_zm_cmcp_cbea/zm_cmcp_cbea_beat_arpl_8
localize,#subtitle_zm_cmcp_cbea/zm_cmcp_cbea_beat_arpl_9
localize,#subtitle_zm_cmcp_cbea/zm_cmcp_cbea_beat_atkz_1
localize,#subtitle_zm_cmcp_cbea/zm_cmcp_cbea_beat_atkz_10
localize,#subtitle_zm_cmcp_cbea/zm_cmcp_cbea_beat_atkz_2
localize,#subtitle_zm_cmcp_cbea/zm_cmcp_cbea_beat_atkz_3
localize,#subtitle_zm_cmcp_cbea/zm_cmcp_cbea_beat_atkz_4
localize,#subtitle_zm_cmcp_cbea/zm_cmcp_cbea_beat_atkz_5
localize,#subtitle_zm_cmcp_cbea/zm_cmcp_cbea_beat_atkz_6
localize,#subtitle_zm_cmcp_cbea/zm_cmcp_cbea_beat_atkz_7
localize,#subtitle_zm_cmcp_cbea/zm_cmcp_cbea_beat_atkz_8
localize,#subtitle_zm_cmcp_cbea/zm_cmcp_cbea_beat_atkz_9
localize,#subtitle_zm_cmcp_cbea/zm_cmcp_cbea_beat_kmnk_1
localize,#subtitle_zm_cmcp_cbea/zm_cmcp_cbea_beat_kmnk_2
localize,#subtitle_zm_cmcp_cbea/zm_cmcp_cbea_beat_kmnk_3
localize,#subtitle_zm_cmcp_cbea/zm_cmcp_cbea_beat_kmnk_4
localize,#subtitle_zm_cmcp_cbea/zm_cmcp_cbea_beat_kmnk_5
localize,#subtitle_zm_cmcp_cbea/zm_cmcp_cbea_beat_kmnk_6
localize,#subtitle_zm_cmcp_cbea/zm_cmcp_cbea_beat_kzcl_1
localize,#subtitle_zm_cmcp_cbea/zm_cmcp_cbea_beat_kzcl_10
localize,#subtitle_zm_cmcp_cbea/zm_cmcp_cbea_beat_kzcl_2
localize,#subtitle_zm_cmcp_cbea/zm_cmcp_cbea_beat_kzcl_3
localize,#subtitle_zm_cmcp_cbea/zm_cmcp_cbea_beat_kzcl_4
localize,#subtitle_zm_cmcp_cbea/zm_cmcp_cbea_beat_kzcl_5
localize,#subtitle_zm_cmcp_cbea/zm_cmcp_cbea_beat_kzcl_6
localize,#subtitle_zm_cmcp_cbea/zm_cmcp_cbea_beat_kzcl_7
localize,#subtitle_zm_cmcp_cbea/zm_cmcp_cbea_beat_kzcl_8
localize,#subtitle_zm_cmcp_cbea/zm_cmcp_cbea_beat_kzcl_9
localize,#subtitle_zm_cmcp_cbea/zm_cmcp_cbea_beat_kzhs_1
localize,#subtitle_zm_cmcp_cbea/zm_cmcp_cbea_beat_kzhs_10
localize,#subtitle_zm_cmcp_cbea/zm_cmcp_cbea_beat_kzhs_2
localize,#subtitle_zm_cmcp_cbea/zm_cmcp_cbea_beat_kzhs_3
localize,#subtitle_zm_cmcp_cbea/zm_cmcp_cbea_beat_kzhs_4
localize,#subtitle_zm_cmcp_cbea/zm_cmcp_cbea_beat_kzhs_5
localize,#subtitle_zm_cmcp_cbea/zm_cmcp_cbea_beat_kzhs_6
localize,#subtitle_zm_cmcp_cbea/zm_cmcp_cbea_beat_kzhs_7
localize,#subtitle_zm_cmcp_cbea/zm_cmcp_cbea_beat_kzhs_8
localize,#subtitle_zm_cmcp_cbea/zm_cmcp_cbea_beat_kzhs_9
localize,#subtitle_zm_cmcp_cbea/zm_cmcp_cbea_beat_kzjg_1
localize,#subtitle_zm_cmcp_cbea/zm_cmcp_cbea_beat_kzjg_10
localize,#subtitle_zm_cmcp_cbea/zm_cmcp_cbea_beat_kzjg_2
localize,#subtitle_zm_cmcp_cbea/zm_cmcp_cbea_beat_kzjg_3
localize,#subtitle_zm_cmcp_cbea/zm_cmcp_cbea_beat_kzjg_4
localize,#subtitle_zm_cmcp_cbea/zm_cmcp_cbea_beat_kzjg_5
localize,#subtitle_zm_cmcp_cbea/zm_cmcp_cbea_beat_kzjg_6
localize,#subtitle_zm_cmcp_cbea/zm_cmcp_cbea_beat_kzjg_7
localize,#subtitle_zm_cmcp_cbea/zm_cmcp_cbea_beat_kzjg_8
localize,#subtitle_zm_cmcp_cbea/zm_cmcp_cbea_beat_kzjg_9
localize,#subtitle_zm_cmcp_cbea/zm_cmcp_cbea_beat_kzks_1
localize,#subtitle_zm_cmcp_cbea/zm_cmcp_cbea_beat_kzks_10
localize,#subtitle_zm_cmcp_cbea/zm_cmcp_cbea_beat_kzks_2
localize,#subtitle_zm_cmcp_cbea/zm_cmcp_cbea_beat_kzks_3
localize,#subtitle_zm_cmcp_cbea/zm_cmcp_cbea_beat_kzks_4
localize,#subtitle_zm_cmcp_cbea/zm_cmcp_cbea_beat_kzks_5
localize,#subtitle_zm_cmcp_cbea/zm_cmcp_cbea_beat_kzks_6
localize,#subtitle_zm_cmcp_cbea/zm_cmcp_cbea_beat_kzks_7
localize,#subtitle_zm_cmcp_cbea/zm_cmcp_cbea_beat_kzks_8
localize,#subtitle_zm_cmcp_cbea/zm_cmcp_cbea_beat_kzks_9
localize,#subtitle_zm_cmcp_cbea/zm_cmcp_cbea_beat_kzrv_1
localize,#subtitle_zm_cmcp_cbea/zm_cmcp_cbea_beat_kzrv_10
localize,#subtitle_zm_cmcp_cbea/zm_cmcp_cbea_beat_kzrv_2
localize,#subtitle_zm_cmcp_cbea/zm_cmcp_cbea_beat_kzrv_3
localize,#subtitle_zm_cmcp_cbea/zm_cmcp_cbea_beat_kzrv_4
localize,#subtitle_zm_cmcp_cbea/zm_cmcp_cbea_beat_kzrv_5
localize,#subtitle_zm_cmcp_cbea/zm_cmcp_cbea_beat_kzrv_6
localize,#subtitle_zm_cmcp_cbea/zm_cmcp_cbea_beat_kzrv_7
localize,#subtitle_zm_cmcp_cbea/zm_cmcp_cbea_beat_kzrv_8
localize,#subtitle_zm_cmcp_cbea/zm_cmcp_cbea_beat_kzrv_9
localize,#subtitle_zm_cmcp_cbea/zm_cmcp_cbea_beat_kzsu_1
localize,#subtitle_zm_cmcp_cbea/zm_cmcp_cbea_beat_kzsu_10
localize,#subtitle_zm_cmcp_cbea/zm_cmcp_cbea_beat_kzsu_2
localize,#subtitle_zm_cmcp_cbea/zm_cmcp_cbea_beat_kzsu_3
localize,#subtitle_zm_cmcp_cbea/zm_cmcp_cbea_beat_kzsu_4
localize,#subtitle_zm_cmcp_cbea/zm_cmcp_cbea_beat_kzsu_5
localize,#subtitle_zm_cmcp_cbea/zm_cmcp_cbea_beat_kzsu_6
localize,#subtitle_zm_cmcp_cbea/zm_cmcp_cbea_beat_kzsu_7
localize,#subtitle_zm_cmcp_cbea/zm_cmcp_cbea_beat_kzsu_8
localize,#subtitle_zm_cmcp_cbea/zm_cmcp_cbea_beat_kzsu_9
localize,#subtitle_zm_cmcp_cbea/zm_cmcp_cbea_beat_pitm_1
localize,#subtitle_zm_cmcp_cbea/zm_cmcp_cbea_beat_pitm_10
localize,#subtitle_zm_cmcp_cbea/zm_cmcp_cbea_beat_pitm_2
localize,#subtitle_zm_cmcp_cbea/zm_cmcp_cbea_beat_pitm_3
localize,#subtitle_zm_cmcp_cbea/zm_cmcp_cbea_beat_pitm_4
localize,#subtitle_zm_cmcp_cbea/zm_cmcp_cbea_beat_pitm_5
localize,#subtitle_zm_cmcp_cbea/zm_cmcp_cbea_beat_pitm_6
localize,#subtitle_zm_cmcp_cbea/zm_cmcp_cbea_beat_pitm_7
localize,#subtitle_zm_cmcp_cbea/zm_cmcp_cbea_beat_pitm_8
localize,#subtitle_zm_cmcp_cbea/zm_cmcp_cbea_beat_pitm_9
localize,#subtitle_zm_cmcp_cbea/zm_cmcp_cbea_beat_plmg_1
localize,#subtitle_zm_cmcp_cbea/zm_cmcp_cbea_beat_plmg_2
localize,#subtitle_zm_cmcp_cbea/zm_cmcp_cbea_beat_plmg_3
localize,#subtitle_zm_cmcp_cbea/zm_cmcp_cbea_beat_plmg_4
localize,#subtitle_zm_cmcp_cbea/zm_cmcp_cbea_beat_plmg_5
localize,#subtitle_zm_cmcp_cbea/zm_cmcp_cbea_beat_pmel_1
localize,#subtitle_zm_cmcp_cbea/zm_cmcp_cbea_beat_pmel_2
localize,#subtitle_zm_cmcp_cbea/zm_cmcp_cbea_beat_pmel_3
localize,#subtitle_zm_cmcp_cbea/zm_cmcp_cbea_beat_pmel_4
localize,#subtitle_zm_cmcp_cbea/zm_cmcp_cbea_beat_pmel_5
localize,#subtitle_zm_cmcp_cbea/zm_cmcp_cbea_beat_pmrk_1
localize,#subtitle_zm_cmcp_cbea/zm_cmcp_cbea_beat_pmrk_2
localize,#subtitle_zm_cmcp_cbea/zm_cmcp_cbea_beat_pmrk_3
localize,#subtitle_zm_cmcp_cbea/zm_cmcp_cbea_beat_pmrk_4
localize,#subtitle_zm_cmcp_cbea/zm_cmcp_cbea_beat_pmrk_5
localize,#subtitle_zm_cmcp_cbea/zm_cmcp_cbea_beat_psht_1
localize,#subtitle_zm_cmcp_cbea/zm_cmcp_cbea_beat_psht_2
localize,#subtitle_zm_cmcp_cbea/zm_cmcp_cbea_beat_psht_3
localize,#subtitle_zm_cmcp_cbea/zm_cmcp_cbea_beat_psht_4
localize,#subtitle_zm_cmcp_cbea/zm_cmcp_cbea_beat_psht_5
localize,#subtitle_zm_cmcp_cbea/zm_cmcp_cbea_beat_psmg_1
localize,#subtitle_zm_cmcp_cbea/zm_cmcp_cbea_beat_psmg_2
localize,#subtitle_zm_cmcp_cbea/zm_cmcp_cbea_beat_psmg_3
localize,#subtitle_zm_cmcp_cbea/zm_cmcp_cbea_beat_psmg_4
localize,#subtitle_zm_cmcp_cbea/zm_cmcp_cbea_beat_psmg_5
localize,#subtitle_zm_cmcp_cbea/zm_cmcp_cbea_beat_psnp_1
localize,#subtitle_zm_cmcp_cbea/zm_cmcp_cbea_beat_psnp_2
localize,#subtitle_zm_cmcp_cbea/zm_cmcp_cbea_beat_psnp_3
localize,#subtitle_zm_cmcp_cbea/zm_cmcp_cbea_beat_psnp_4
localize,#subtitle_zm_cmcp_cbea/zm_cmcp_cbea_beat_psnp_5
localize,#subtitle_zm_cmcp_cbea/zm_cmcp_cbea_beat_pwar_1
localize,#subtitle_zm_cmcp_cbea/zm_cmcp_cbea_beat_pwar_2
localize,#subtitle_zm_cmcp_cbea/zm_cmcp_cbea_beat_pwar_3
localize,#subtitle_zm_cmcp_cbea/zm_cmcp_cbea_beat_pwar_4
localize,#subtitle_zm_cmcp_cbea/zm_cmcp_cbea_beat_pwar_5
localize,#subtitle_zm_cmcp_cbea/zm_cmcp_cbea_beat_pwpn_1
localize,#subtitle_zm_cmcp_cbea/zm_cmcp_cbea_beat_pwpn_2
localize,#subtitle_zm_cmcp_cbea/zm_cmcp_cbea_beat_pwpn_3
localize,#subtitle_zm_cmcp_cbea/zm_cmcp_cbea_beat_pwpn_4
localize,#subtitle_zm_cmcp_cbea/zm_cmcp_cbea_beat_pwpn_5
localize,#subtitle_zm_cmcp_cbea/zm_cmcp_cbea_beat_raup_1
localize,#subtitle_zm_cmcp_cbea/zm_cmcp_cbea_beat_raup_10
localize,#subtitle_zm_cmcp_cbea/zm_cmcp_cbea_beat_raup_2
localize,#subtitle_zm_cmcp_cbea/zm_cmcp_cbea_beat_raup_3
localize,#subtitle_zm_cmcp_cbea/zm_cmcp_cbea_beat_raup_4
localize,#subtitle_zm_cmcp_cbea/zm_cmcp_cbea_beat_raup_5
localize,#subtitle_zm_cmcp_cbea/zm_cmcp_cbea_beat_raup_6
localize,#subtitle_zm_cmcp_cbea/zm_cmcp_cbea_beat_raup_7
localize,#subtitle_zm_cmcp_cbea/zm_cmcp_cbea_beat_raup_8
localize,#subtitle_zm_cmcp_cbea/zm_cmcp_cbea_beat_raup_9
localize,#subtitle_zm_cmcp_cbea/zm_cmcp_cbea_beat_rcvn_1
localize,#subtitle_zm_cmcp_cbea/zm_cmcp_cbea_beat_rcvn_10
localize,#subtitle_zm_cmcp_cbea/zm_cmcp_cbea_beat_rcvn_2
localize,#subtitle_zm_cmcp_cbea/zm_cmcp_cbea_beat_rcvn_3
localize,#subtitle_zm_cmcp_cbea/zm_cmcp_cbea_beat_rcvn_4
localize,#subtitle_zm_cmcp_cbea/zm_cmcp_cbea_beat_rcvn_5
localize,#subtitle_zm_cmcp_cbea/zm_cmcp_cbea_beat_rcvn_6
localize,#subtitle_zm_cmcp_cbea/zm_cmcp_cbea_beat_rcvn_7
localize,#subtitle_zm_cmcp_cbea/zm_cmcp_cbea_beat_rcvn_8
localize,#subtitle_zm_cmcp_cbea/zm_cmcp_cbea_beat_rcvn_9
localize,#subtitle_zm_cmcp_cbea/zm_cmcp_cbea_beat_rdwn_1
localize,#subtitle_zm_cmcp_cbea/zm_cmcp_cbea_beat_rdwn_2
localize,#subtitle_zm_cmcp_cbea/zm_cmcp_cbea_beat_rdwn_3
localize,#subtitle_zm_cmcp_cbea/zm_cmcp_cbea_beat_rdwn_4
localize,#subtitle_zm_cmcp_cbea/zm_cmcp_cbea_beat_rdwn_5
localize,#subtitle_zm_cmcp_cbea/zm_cmcp_cbea_beat_rdwn_6
localize,#subtitle_zm_cmcp_cbea/zm_cmcp_cbea_beat_rdwn_7
localize,#subtitle_zm_cmcp_cbea/zm_cmcp_cbea_beat_rdwn_8
localize,#subtitle_zm_cmcp_cbea/zm_cmcp_cbea_beat_rplr_1
localize,#subtitle_zm_cmcp_cbea/zm_cmcp_cbea_beat_rplr_10
localize,#subtitle_zm_cmcp_cbea/zm_cmcp_cbea_beat_rplr_2
localize,#subtitle_zm_cmcp_cbea/zm_cmcp_cbea_beat_rplr_3
localize,#subtitle_zm_cmcp_cbea/zm_cmcp_cbea_beat_rplr_4
localize,#subtitle_zm_cmcp_cbea/zm_cmcp_cbea_beat_rplr_5
localize,#subtitle_zm_cmcp_cbea/zm_cmcp_cbea_beat_rplr_6
localize,#subtitle_zm_cmcp_cbea/zm_cmcp_cbea_beat_rplr_7
localize,#subtitle_zm_cmcp_cbea/zm_cmcp_cbea_beat_rplr_8
localize,#subtitle_zm_cmcp_cbea/zm_cmcp_cbea_beat_rplr_9
localize,#subtitle_zm_cmcp_cbea/zm_cmcp_cbea_beat_rprk_1
localize,#subtitle_zm_cmcp_cbea/zm_cmcp_cbea_beat_rprk_10
localize,#subtitle_zm_cmcp_cbea/zm_cmcp_cbea_beat_rprk_2
localize,#subtitle_zm_cmcp_cbea/zm_cmcp_cbea_beat_rprk_3
localize,#subtitle_zm_cmcp_cbea/zm_cmcp_cbea_beat_rprk_4
localize,#subtitle_zm_cmcp_cbea/zm_cmcp_cbea_beat_rprk_5
localize,#subtitle_zm_cmcp_cbea/zm_cmcp_cbea_beat_rprk_6
localize,#subtitle_zm_cmcp_cbea/zm_cmcp_cbea_beat_rprk_7
localize,#subtitle_zm_cmcp_cbea/zm_cmcp_cbea_beat_rprk_8
localize,#subtitle_zm_cmcp_cbea/zm_cmcp_cbea_beat_rprk_9
localize,#subtitle_zm_cmcp_cbea/zm_cmcp_cbea_beat_rrev_1
localize,#subtitle_zm_cmcp_cbea/zm_cmcp_cbea_beat_rrev_2
localize,#subtitle_zm_cmcp_cbea/zm_cmcp_cbea_beat_rrev_3
localize,#subtitle_zm_cmcp_cbea/zm_cmcp_cbea_beat_rrev_4
localize,#subtitle_zm_cmcp_cbea/zm_cmcp_cbea_beat_rrev_5
localize,#subtitle_zm_cmcp_cbea/zm_cmcp_cbea_beat_rrev_6
localize,#subtitle_zm_cmcp_cbea/zm_cmcp_cbea_beat_rrev_7
localize,#subtitle_zm_cmcp_cbea/zm_cmcp_cbea_beat_rrev_8
localize,#subtitle_zm_cmcp_cbea/zm_cmcp_cbea_beat_rrvr_1
localize,#subtitle_zm_cmcp_cbea/zm_cmcp_cbea_beat_rrvr_2
localize,#subtitle_zm_cmcp_cbea/zm_cmcp_cbea_beat_rrvr_3
localize,#subtitle_zm_cmcp_cbea/zm_cmcp_cbea_beat_rrvr_4
localize,#subtitle_zm_cmcp_cbea/zm_cmcp_cbea_beat_rrvr_5
localize,#subtitle_zm_cmcp_cbea/zm_cmcp_cbea_beat_rrvr_6
localize,#subtitle_zm_cmcp_cbea/zm_cmcp_cbea_beat_rrvr_7
localize,#subtitle_zm_cmcp_cbea/zm_cmcp_cbea_beat_rrvr_8
localize,#subtitle_zm_cmcp_cbea/zm_cmcp_cbea_beat_wcir_1
localize,#subtitle_zm_cmcp_cbea/zm_cmcp_cbea_beat_wcir_2
localize,#subtitle_zm_cmcp_cbea/zm_cmcp_cbea_beat_wcir_3
localize,#subtitle_zm_cmcp_cbea/zm_cmcp_cbea_beat_wcir_4
localize,#subtitle_zm_cmcp_cblk/bellekar
localize,#subtitle_zm_cmcp_cblk/zm_cmcp_cblk_blkr_asrn_1
localize,#subtitle_zm_cmcp_cblk/zm_cmcp_cblk_blkr_asrn_10
localize,#subtitle_zm_cmcp_cblk/zm_cmcp_cblk_blkr_asrn_2
localize,#subtitle_zm_cmcp_cblk/zm_cmcp_cblk_blkr_asrn_3
localize,#subtitle_zm_cmcp_cblk/zm_cmcp_cblk_blkr_asrn_4
localize,#subtitle_zm_cmcp_cblk/zm_cmcp_cblk_blkr_asrn_5
localize,#subtitle_zm_cmcp_cblk/zm_cmcp_cblk_blkr_asrn_6
localize,#subtitle_zm_cmcp_cblk/zm_cmcp_cblk_blkr_asrn_7
localize,#subtitle_zm_cmcp_cblk/zm_cmcp_cblk_blkr_asrn_8
localize,#subtitle_zm_cmcp_cblk/zm_cmcp_cblk_blkr_asrn_9
localize,#subtitle_zm_cmcp_cblk/zm_cmcp_cblk_blkr_dmas_1
localize,#subtitle_zm_cmcp_cblk/zm_cmcp_cblk_blkr_dmas_10
localize,#subtitle_zm_cmcp_cblk/zm_cmcp_cblk_blkr_dmas_2
localize,#subtitle_zm_cmcp_cblk/zm_cmcp_cblk_blkr_dmas_3
localize,#subtitle_zm_cmcp_cblk/zm_cmcp_cblk_blkr_dmas_4
localize,#subtitle_zm_cmcp_cblk/zm_cmcp_cblk_blkr_dmas_5
localize,#subtitle_zm_cmcp_cblk/zm_cmcp_cblk_blkr_dmas_6
localize,#subtitle_zm_cmcp_cblk/zm_cmcp_cblk_blkr_dmas_7
localize,#subtitle_zm_cmcp_cblk/zm_cmcp_cblk_blkr_dmas_8
localize,#subtitle_zm_cmcp_cblk/zm_cmcp_cblk_blkr_dmas_9
localize,#subtitle_zm_cmcp_cblk/zm_cmcp_cblk_blkr_dmns_1
localize,#subtitle_zm_cmcp_cblk/zm_cmcp_cblk_blkr_dmns_2
localize,#subtitle_zm_cmcp_cblk/zm_cmcp_cblk_blkr_dmns_3
localize,#subtitle_zm_cmcp_cblk/zm_cmcp_cblk_blkr_dmns_4
localize,#subtitle_zm_cmcp_cblk/zm_cmcp_cblk_blkr_dras_1
localize,#subtitle_zm_cmcp_cblk/zm_cmcp_cblk_blkr_dras_10
localize,#subtitle_zm_cmcp_cblk/zm_cmcp_cblk_blkr_dras_2
localize,#subtitle_zm_cmcp_cblk/zm_cmcp_cblk_blkr_dras_3
localize,#subtitle_zm_cmcp_cblk/zm_cmcp_cblk_blkr_dras_4
localize,#subtitle_zm_cmcp_cblk/zm_cmcp_cblk_blkr_dras_5
localize,#subtitle_zm_cmcp_cblk/zm_cmcp_cblk_blkr_dras_6
localize,#subtitle_zm_cmcp_cblk/zm_cmcp_cblk_blkr_dras_7
localize,#subtitle_zm_cmcp_cblk/zm_cmcp_cblk_blkr_dras_8
localize,#subtitle_zm_cmcp_cblk/zm_cmcp_cblk_blkr_dras_9
localize,#subtitle_zm_cmcp_cblk/zm_cmcp_cblk_blkr_duas_1
localize,#subtitle_zm_cmcp_cblk/zm_cmcp_cblk_blkr_duas_10
localize,#subtitle_zm_cmcp_cblk/zm_cmcp_cblk_blkr_duas_2
localize,#subtitle_zm_cmcp_cblk/zm_cmcp_cblk_blkr_duas_3
localize,#subtitle_zm_cmcp_cblk/zm_cmcp_cblk_blkr_duas_4
localize,#subtitle_zm_cmcp_cblk/zm_cmcp_cblk_blkr_duas_5
localize,#subtitle_zm_cmcp_cblk/zm_cmcp_cblk_blkr_duas_6
localize,#subtitle_zm_cmcp_cblk/zm_cmcp_cblk_blkr_duas_7
localize,#subtitle_zm_cmcp_cblk/zm_cmcp_cblk_blkr_duas_8
localize,#subtitle_zm_cmcp_cblk/zm_cmcp_cblk_blkr_duas_9
localize,#subtitle_zm_cmcp_cblk/zm_cmcp_cblk_blkr_gmvr_1
localize,#subtitle_zm_cmcp_cblk/zm_cmcp_cblk_blkr_gmvr_2
localize,#subtitle_zm_cmcp_cblk/zm_cmcp_cblk_blkr_gmvr_3
localize,#subtitle_zm_cmcp_cblk/zm_cmcp_cblk_blkr_gmvr_4
localize,#subtitle_zm_cmcp_cblk/zm_cmcp_cblk_blkr_gmvr_5
localize,#subtitle_zm_cmcp_cblk/zm_cmcp_cblk_blkr_gmvr_6
localize,#subtitle_zm_cmcp_cblk/zm_cmcp_cblk_blkr_gmvr_7
localize,#subtitle_zm_cmcp_cblk/zm_cmcp_cblk_blkr_gmvr_8
localize,#subtitle_zm_cmcp_cblk/zm_cmcp_cblk_blkr_nmny_1
localize,#subtitle_zm_cmcp_cblk/zm_cmcp_cblk_blkr_nmny_2
localize,#subtitle_zm_cmcp_cblk/zm_cmcp_cblk_blkr_nmny_3
localize,#subtitle_zm_cmcp_cblk/zm_cmcp_cblk_blkr_nmny_4
localize,#subtitle_zm_cmcp_cblk/zm_cmcp_cblk_blkr_nmny_5
localize,#subtitle_zm_cmcp_cblk/zm_cmcp_cblk_blkr_puww_1
localize,#subtitle_zm_cmcp_cblk/zm_cmcp_cblk_blkr_puww_2
localize,#subtitle_zm_cmcp_cblk/zm_cmcp_cblk_blkr_puww_3
localize,#subtitle_zm_cmcp_cblk/zm_cmcp_cblk_blkr_puww_4
localize,#subtitle_zm_cmcp_cblk/zm_cmcp_cblk_blkr_puww_5
localize,#subtitle_zm_cmcp_cblk/zm_cmcp_cblk_blkr_puww_6
localize,#subtitle_zm_cmcp_cblk/zm_cmcp_cblk_blkr_puww_7
localize,#subtitle_zm_cmcp_cblk/zm_cmcp_cblk_blkr_puww_8
localize,#subtitle_zm_cmcp_cblk/zm_cmcp_cblk_blkr_puww_9
localize,#subtitle_zm_cmcp_cblk/zm_cmcp_cblk_blkr_rcva_1
localize,#subtitle_zm_cmcp_cblk/zm_cmcp_cblk_blkr_rcva_10
localize,#subtitle_zm_cmcp_cblk/zm_cmcp_cblk_blkr_rcva_2
localize,#subtitle_zm_cmcp_cblk/zm_cmcp_cblk_blkr_rcva_3
localize,#subtitle_zm_cmcp_cblk/zm_cmcp_cblk_blkr_rcva_4
localize,#subtitle_zm_cmcp_cblk/zm_cmcp_cblk_blkr_rcva_5
localize,#subtitle_zm_cmcp_cblk/zm_cmcp_cblk_blkr_rcva_6
localize,#subtitle_zm_cmcp_cblk/zm_cmcp_cblk_blkr_rcva_7
localize,#subtitle_zm_cmcp_cblk/zm_cmcp_cblk_blkr_rcva_8
localize,#subtitle_zm_cmcp_cblk/zm_cmcp_cblk_blkr_rcva_9
localize,#subtitle_zm_cmcp_cblk/zm_cmcp_cblk_blkr_rmys_1
localize,#subtitle_zm_cmcp_cblk/zm_cmcp_cblk_blkr_rmys_10
localize,#subtitle_zm_cmcp_cblk/zm_cmcp_cblk_blkr_rmys_2
localize,#subtitle_zm_cmcp_cblk/zm_cmcp_cblk_blkr_rmys_3
localize,#subtitle_zm_cmcp_cblk/zm_cmcp_cblk_blkr_rmys_4
localize,#subtitle_zm_cmcp_cblk/zm_cmcp_cblk_blkr_rmys_5
localize,#subtitle_zm_cmcp_cblk/zm_cmcp_cblk_blkr_rmys_6
localize,#subtitle_zm_cmcp_cblk/zm_cmcp_cblk_blkr_rmys_7
localize,#subtitle_zm_cmcp_cblk/zm_cmcp_cblk_blkr_rmys_8
localize,#subtitle_zm_cmcp_cblk/zm_cmcp_cblk_blkr_rmys_9
localize,#subtitle_zm_cmcp_cblk/zm_cmcp_cblk_blkr_rp2x_1
localize,#subtitle_zm_cmcp_cblk/zm_cmcp_cblk_blkr_rp2x_2
localize,#subtitle_zm_cmcp_cblk/zm_cmcp_cblk_blkr_rp2x_3
localize,#subtitle_zm_cmcp_cblk/zm_cmcp_cblk_blkr_rp2x_4
localize,#subtitle_zm_cmcp_cblk/zm_cmcp_cblk_blkr_rp2x_5
localize,#subtitle_zm_cmcp_cblk/zm_cmcp_cblk_blkr_rpaf_1
localize,#subtitle_zm_cmcp_cblk/zm_cmcp_cblk_blkr_rpaf_2
localize,#subtitle_zm_cmcp_cblk/zm_cmcp_cblk_blkr_rpaf_3
localize,#subtitle_zm_cmcp_cblk/zm_cmcp_cblk_blkr_rpaf_4
localize,#subtitle_zm_cmcp_cblk/zm_cmcp_cblk_blkr_rpaf_5
localize,#subtitle_zm_cmcp_cblk/zm_cmcp_cblk_blkr_rpap_1
localize,#subtitle_zm_cmcp_cblk/zm_cmcp_cblk_blkr_rpap_10
localize,#subtitle_zm_cmcp_cblk/zm_cmcp_cblk_blkr_rpap_2
localize,#subtitle_zm_cmcp_cblk/zm_cmcp_cblk_blkr_rpap_3
localize,#subtitle_zm_cmcp_cblk/zm_cmcp_cblk_blkr_rpap_4
localize,#subtitle_zm_cmcp_cblk/zm_cmcp_cblk_blkr_rpap_5
localize,#subtitle_zm_cmcp_cblk/zm_cmcp_cblk_blkr_rpap_6
localize,#subtitle_zm_cmcp_cblk/zm_cmcp_cblk_blkr_rpap_7
localize,#subtitle_zm_cmcp_cblk/zm_cmcp_cblk_blkr_rpap_8
localize,#subtitle_zm_cmcp_cblk/zm_cmcp_cblk_blkr_rpap_9
localize,#subtitle_zm_cmcp_cblk/zm_cmcp_cblk_blkr_rpbp_1
localize,#subtitle_zm_cmcp_cblk/zm_cmcp_cblk_blkr_rpbp_2
localize,#subtitle_zm_cmcp_cblk/zm_cmcp_cblk_blkr_rpbp_3
localize,#subtitle_zm_cmcp_cblk/zm_cmcp_cblk_blkr_rpbp_4
localize,#subtitle_zm_cmcp_cblk/zm_cmcp_cblk_blkr_rpbp_5
localize,#subtitle_zm_cmcp_cblk/zm_cmcp_cblk_blkr_rpfs_1
localize,#subtitle_zm_cmcp_cblk/zm_cmcp_cblk_blkr_rpfs_2
localize,#subtitle_zm_cmcp_cblk/zm_cmcp_cblk_blkr_rpfs_3
localize,#subtitle_zm_cmcp_cblk/zm_cmcp_cblk_blkr_rpfs_4
localize,#subtitle_zm_cmcp_cblk/zm_cmcp_cblk_blkr_rpfs_5
localize,#subtitle_zm_cmcp_cblk/zm_cmcp_cblk_blkr_rpik_1
localize,#subtitle_zm_cmcp_cblk/zm_cmcp_cblk_blkr_rpik_2
localize,#subtitle_zm_cmcp_cblk/zm_cmcp_cblk_blkr_rpik_3
localize,#subtitle_zm_cmcp_cblk/zm_cmcp_cblk_blkr_rpik_4
localize,#subtitle_zm_cmcp_cblk/zm_cmcp_cblk_blkr_rpik_5
localize,#subtitle_zm_cmcp_cblk/zm_cmcp_cblk_blkr_rpkf_1
localize,#subtitle_zm_cmcp_cblk/zm_cmcp_cblk_blkr_rpkf_10
localize,#subtitle_zm_cmcp_cblk/zm_cmcp_cblk_blkr_rpkf_2
localize,#subtitle_zm_cmcp_cblk/zm_cmcp_cblk_blkr_rpkf_3
localize,#subtitle_zm_cmcp_cblk/zm_cmcp_cblk_blkr_rpkf_4
localize,#subtitle_zm_cmcp_cblk/zm_cmcp_cblk_blkr_rpkf_5
localize,#subtitle_zm_cmcp_cblk/zm_cmcp_cblk_blkr_rpkf_6
localize,#subtitle_zm_cmcp_cblk/zm_cmcp_cblk_blkr_rpkf_7
localize,#subtitle_zm_cmcp_cblk/zm_cmcp_cblk_blkr_rpkf_8
localize,#subtitle_zm_cmcp_cblk/zm_cmcp_cblk_blkr_rpkf_9
localize,#subtitle_zm_cmcp_cblk/zm_cmcp_cblk_blkr_rpma_1
localize,#subtitle_zm_cmcp_cblk/zm_cmcp_cblk_blkr_rpma_2
localize,#subtitle_zm_cmcp_cblk/zm_cmcp_cblk_blkr_rpma_3
localize,#subtitle_zm_cmcp_cblk/zm_cmcp_cblk_blkr_rpma_4
localize,#subtitle_zm_cmcp_cblk/zm_cmcp_cblk_blkr_rpma_5
localize,#subtitle_zm_cmcp_cblk/zm_cmcp_cblk_blkr_rpnk_1
localize,#subtitle_zm_cmcp_cblk/zm_cmcp_cblk_blkr_rpnk_2
localize,#subtitle_zm_cmcp_cblk/zm_cmcp_cblk_blkr_rpnk_3
localize,#subtitle_zm_cmcp_cblk/zm_cmcp_cblk_blkr_rpnk_4
localize,#subtitle_zm_cmcp_cblk/zm_cmcp_cblk_blkr_rpnk_5
localize,#subtitle_zm_cmcp_cblk/zm_cmcp_cblk_blkr_rtom_1
localize,#subtitle_zm_cmcp_cblk/zm_cmcp_cblk_blkr_rtom_10
localize,#subtitle_zm_cmcp_cblk/zm_cmcp_cblk_blkr_rtom_2
localize,#subtitle_zm_cmcp_cblk/zm_cmcp_cblk_blkr_rtom_3
localize,#subtitle_zm_cmcp_cblk/zm_cmcp_cblk_blkr_rtom_4
localize,#subtitle_zm_cmcp_cblk/zm_cmcp_cblk_blkr_rtom_5
localize,#subtitle_zm_cmcp_cblk/zm_cmcp_cblk_blkr_rtom_6
localize,#subtitle_zm_cmcp_cblk/zm_cmcp_cblk_blkr_rtom_7
localize,#subtitle_zm_cmcp_cblk/zm_cmcp_cblk_blkr_rtom_8
localize,#subtitle_zm_cmcp_cblk/zm_cmcp_cblk_blkr_rtom_9
localize,#subtitle_zm_cmcp_cblk/zm_cmcp_cblk_blkr_ssrn_1
localize,#subtitle_zm_cmcp_cblk/zm_cmcp_cblk_blkr_ssrn_10
localize,#subtitle_zm_cmcp_cblk/zm_cmcp_cblk_blkr_ssrn_2
localize,#subtitle_zm_cmcp_cblk/zm_cmcp_cblk_blkr_ssrn_3
localize,#subtitle_zm_cmcp_cblk/zm_cmcp_cblk_blkr_ssrn_4
localize,#subtitle_zm_cmcp_cblk/zm_cmcp_cblk_blkr_ssrn_5
localize,#subtitle_zm_cmcp_cblk/zm_cmcp_cblk_blkr_ssrn_6
localize,#subtitle_zm_cmcp_cblk/zm_cmcp_cblk_blkr_ssrn_7
localize,#subtitle_zm_cmcp_cblk/zm_cmcp_cblk_blkr_ssrn_8
localize,#subtitle_zm_cmcp_cblk/zm_cmcp_cblk_blkr_ssrn_9
localize,#subtitle_zm_cmcp_ccns/constanze_muller
localize,#subtitle_zm_cmcp_ccns/zm_cmcp_ccns_cons_arpl_1
localize,#subtitle_zm_cmcp_ccns/zm_cmcp_ccns_cons_arpl_10
localize,#subtitle_zm_cmcp_ccns/zm_cmcp_ccns_cons_arpl_2
localize,#subtitle_zm_cmcp_ccns/zm_cmcp_ccns_cons_arpl_3
localize,#subtitle_zm_cmcp_ccns/zm_cmcp_ccns_cons_arpl_4
localize,#subtitle_zm_cmcp_ccns/zm_cmcp_ccns_cons_arpl_5
localize,#subtitle_zm_cmcp_ccns/zm_cmcp_ccns_cons_arpl_6
localize,#subtitle_zm_cmcp_ccns/zm_cmcp_ccns_cons_arpl_7
localize,#subtitle_zm_cmcp_ccns/zm_cmcp_ccns_cons_arpl_8
localize,#subtitle_zm_cmcp_ccns/zm_cmcp_ccns_cons_arpl_9
localize,#subtitle_zm_cmcp_ccns/zm_cmcp_ccns_cons_atkz_1
localize,#subtitle_zm_cmcp_ccns/zm_cmcp_ccns_cons_atkz_2
localize,#subtitle_zm_cmcp_ccns/zm_cmcp_ccns_cons_atkz_3
localize,#subtitle_zm_cmcp_ccns/zm_cmcp_ccns_cons_atkz_4
localize,#subtitle_zm_cmcp_ccns/zm_cmcp_ccns_cons_atkz_5
localize,#subtitle_zm_cmcp_ccns/zm_cmcp_ccns_cons_atkz_6
localize,#subtitle_zm_cmcp_ccns/zm_cmcp_ccns_cons_atkz_7
localize,#subtitle_zm_cmcp_ccns/zm_cmcp_ccns_cons_atkz_8
localize,#subtitle_zm_cmcp_ccns/zm_cmcp_ccns_cons_kmnk_1
localize,#subtitle_zm_cmcp_ccns/zm_cmcp_ccns_cons_kmnk_2
localize,#subtitle_zm_cmcp_ccns/zm_cmcp_ccns_cons_kmnk_3
localize,#subtitle_zm_cmcp_ccns/zm_cmcp_ccns_cons_kmnk_4
localize,#subtitle_zm_cmcp_ccns/zm_cmcp_ccns_cons_kmnk_5
localize,#subtitle_zm_cmcp_ccns/zm_cmcp_ccns_cons_kmnk_6
localize,#subtitle_zm_cmcp_ccns/zm_cmcp_ccns_cons_kzcl_1
localize,#subtitle_zm_cmcp_ccns/zm_cmcp_ccns_cons_kzcl_10
localize,#subtitle_zm_cmcp_ccns/zm_cmcp_ccns_cons_kzcl_2
localize,#subtitle_zm_cmcp_ccns/zm_cmcp_ccns_cons_kzcl_3
localize,#subtitle_zm_cmcp_ccns/zm_cmcp_ccns_cons_kzcl_4
localize,#subtitle_zm_cmcp_ccns/zm_cmcp_ccns_cons_kzcl_5
localize,#subtitle_zm_cmcp_ccns/zm_cmcp_ccns_cons_kzcl_6
localize,#subtitle_zm_cmcp_ccns/zm_cmcp_ccns_cons_kzcl_7
localize,#subtitle_zm_cmcp_ccns/zm_cmcp_ccns_cons_kzcl_8
localize,#subtitle_zm_cmcp_ccns/zm_cmcp_ccns_cons_kzcl_9
localize,#subtitle_zm_cmcp_ccns/zm_cmcp_ccns_cons_kzhs_1
localize,#subtitle_zm_cmcp_ccns/zm_cmcp_ccns_cons_kzhs_10
localize,#subtitle_zm_cmcp_ccns/zm_cmcp_ccns_cons_kzhs_2
localize,#subtitle_zm_cmcp_ccns/zm_cmcp_ccns_cons_kzhs_3
localize,#subtitle_zm_cmcp_ccns/zm_cmcp_ccns_cons_kzhs_4
localize,#subtitle_zm_cmcp_ccns/zm_cmcp_ccns_cons_kzhs_5
localize,#subtitle_zm_cmcp_ccns/zm_cmcp_ccns_cons_kzhs_6
localize,#subtitle_zm_cmcp_ccns/zm_cmcp_ccns_cons_kzhs_7
localize,#subtitle_zm_cmcp_ccns/zm_cmcp_ccns_cons_kzhs_8
localize,#subtitle_zm_cmcp_ccns/zm_cmcp_ccns_cons_kzhs_9
localize,#subtitle_zm_cmcp_ccns/zm_cmcp_ccns_cons_kzjg_1
localize,#subtitle_zm_cmcp_ccns/zm_cmcp_ccns_cons_kzjg_10
localize,#subtitle_zm_cmcp_ccns/zm_cmcp_ccns_cons_kzjg_2
localize,#subtitle_zm_cmcp_ccns/zm_cmcp_ccns_cons_kzjg_3
localize,#subtitle_zm_cmcp_ccns/zm_cmcp_ccns_cons_kzjg_4
localize,#subtitle_zm_cmcp_ccns/zm_cmcp_ccns_cons_kzjg_5
localize,#subtitle_zm_cmcp_ccns/zm_cmcp_ccns_cons_kzjg_6
localize,#subtitle_zm_cmcp_ccns/zm_cmcp_ccns_cons_kzjg_7
localize,#subtitle_zm_cmcp_ccns/zm_cmcp_ccns_cons_kzjg_8
localize,#subtitle_zm_cmcp_ccns/zm_cmcp_ccns_cons_kzjg_9
localize,#subtitle_zm_cmcp_ccns/zm_cmcp_ccns_cons_kzks_1
localize,#subtitle_zm_cmcp_ccns/zm_cmcp_ccns_cons_kzks_10
localize,#subtitle_zm_cmcp_ccns/zm_cmcp_ccns_cons_kzks_2
localize,#subtitle_zm_cmcp_ccns/zm_cmcp_ccns_cons_kzks_3
localize,#subtitle_zm_cmcp_ccns/zm_cmcp_ccns_cons_kzks_4
localize,#subtitle_zm_cmcp_ccns/zm_cmcp_ccns_cons_kzks_5
localize,#subtitle_zm_cmcp_ccns/zm_cmcp_ccns_cons_kzks_6
localize,#subtitle_zm_cmcp_ccns/zm_cmcp_ccns_cons_kzks_7
localize,#subtitle_zm_cmcp_ccns/zm_cmcp_ccns_cons_kzks_8
localize,#subtitle_zm_cmcp_ccns/zm_cmcp_ccns_cons_kzks_9
localize,#subtitle_zm_cmcp_ccns/zm_cmcp_ccns_cons_kzrv_1
localize,#subtitle_zm_cmcp_ccns/zm_cmcp_ccns_cons_kzrv_10
localize,#subtitle_zm_cmcp_ccns/zm_cmcp_ccns_cons_kzrv_2
localize,#subtitle_zm_cmcp_ccns/zm_cmcp_ccns_cons_kzrv_3
localize,#subtitle_zm_cmcp_ccns/zm_cmcp_ccns_cons_kzrv_4
localize,#subtitle_zm_cmcp_ccns/zm_cmcp_ccns_cons_kzrv_5
localize,#subtitle_zm_cmcp_ccns/zm_cmcp_ccns_cons_kzrv_6
localize,#subtitle_zm_cmcp_ccns/zm_cmcp_ccns_cons_kzrv_7
localize,#subtitle_zm_cmcp_ccns/zm_cmcp_ccns_cons_kzrv_8
localize,#subtitle_zm_cmcp_ccns/zm_cmcp_ccns_cons_kzrv_9
localize,#subtitle_zm_cmcp_ccns/zm_cmcp_ccns_cons_kzsu_1
localize,#subtitle_zm_cmcp_ccns/zm_cmcp_ccns_cons_kzsu_10
localize,#subtitle_zm_cmcp_ccns/zm_cmcp_ccns_cons_kzsu_2
localize,#subtitle_zm_cmcp_ccns/zm_cmcp_ccns_cons_kzsu_3
localize,#subtitle_zm_cmcp_ccns/zm_cmcp_ccns_cons_kzsu_4
localize,#subtitle_zm_cmcp_ccns/zm_cmcp_ccns_cons_kzsu_5
localize,#subtitle_zm_cmcp_ccns/zm_cmcp_ccns_cons_kzsu_6
localize,#subtitle_zm_cmcp_ccns/zm_cmcp_ccns_cons_kzsu_7
localize,#subtitle_zm_cmcp_ccns/zm_cmcp_ccns_cons_kzsu_8
localize,#subtitle_zm_cmcp_ccns/zm_cmcp_ccns_cons_kzsu_9
localize,#subtitle_zm_cmcp_ccns/zm_cmcp_ccns_cons_pitm_1
localize,#subtitle_zm_cmcp_ccns/zm_cmcp_ccns_cons_pitm_10
localize,#subtitle_zm_cmcp_ccns/zm_cmcp_ccns_cons_pitm_2
localize,#subtitle_zm_cmcp_ccns/zm_cmcp_ccns_cons_pitm_3
localize,#subtitle_zm_cmcp_ccns/zm_cmcp_ccns_cons_pitm_4
localize,#subtitle_zm_cmcp_ccns/zm_cmcp_ccns_cons_pitm_5
localize,#subtitle_zm_cmcp_ccns/zm_cmcp_ccns_cons_pitm_6
localize,#subtitle_zm_cmcp_ccns/zm_cmcp_ccns_cons_pitm_7
localize,#subtitle_zm_cmcp_ccns/zm_cmcp_ccns_cons_pitm_8
localize,#subtitle_zm_cmcp_ccns/zm_cmcp_ccns_cons_pitm_9
localize,#subtitle_zm_cmcp_ccns/zm_cmcp_ccns_cons_plmg_1
localize,#subtitle_zm_cmcp_ccns/zm_cmcp_ccns_cons_plmg_2
localize,#subtitle_zm_cmcp_ccns/zm_cmcp_ccns_cons_plmg_3
localize,#subtitle_zm_cmcp_ccns/zm_cmcp_ccns_cons_plmg_4
localize,#subtitle_zm_cmcp_ccns/zm_cmcp_ccns_cons_plmg_5
localize,#subtitle_zm_cmcp_ccns/zm_cmcp_ccns_cons_pmel_1
localize,#subtitle_zm_cmcp_ccns/zm_cmcp_ccns_cons_pmel_2
localize,#subtitle_zm_cmcp_ccns/zm_cmcp_ccns_cons_pmel_3
localize,#subtitle_zm_cmcp_ccns/zm_cmcp_ccns_cons_pmel_4
localize,#subtitle_zm_cmcp_ccns/zm_cmcp_ccns_cons_pmel_5
localize,#subtitle_zm_cmcp_ccns/zm_cmcp_ccns_cons_pmrk_1
localize,#subtitle_zm_cmcp_ccns/zm_cmcp_ccns_cons_pmrk_2
localize,#subtitle_zm_cmcp_ccns/zm_cmcp_ccns_cons_pmrk_3
localize,#subtitle_zm_cmcp_ccns/zm_cmcp_ccns_cons_pmrk_4
localize,#subtitle_zm_cmcp_ccns/zm_cmcp_ccns_cons_pmrk_5
localize,#subtitle_zm_cmcp_ccns/zm_cmcp_ccns_cons_psht_1
localize,#subtitle_zm_cmcp_ccns/zm_cmcp_ccns_cons_psht_2
localize,#subtitle_zm_cmcp_ccns/zm_cmcp_ccns_cons_psht_3
localize,#subtitle_zm_cmcp_ccns/zm_cmcp_ccns_cons_psht_4
localize,#subtitle_zm_cmcp_ccns/zm_cmcp_ccns_cons_psht_5
localize,#subtitle_zm_cmcp_ccns/zm_cmcp_ccns_cons_psmg_1
localize,#subtitle_zm_cmcp_ccns/zm_cmcp_ccns_cons_psmg_2
localize,#subtitle_zm_cmcp_ccns/zm_cmcp_ccns_cons_psmg_3
localize,#subtitle_zm_cmcp_ccns/zm_cmcp_ccns_cons_psmg_4
localize,#subtitle_zm_cmcp_ccns/zm_cmcp_ccns_cons_psmg_5
localize,#subtitle_zm_cmcp_ccns/zm_cmcp_ccns_cons_psnp_1
localize,#subtitle_zm_cmcp_ccns/zm_cmcp_ccns_cons_psnp_2
localize,#subtitle_zm_cmcp_ccns/zm_cmcp_ccns_cons_psnp_3
localize,#subtitle_zm_cmcp_ccns/zm_cmcp_ccns_cons_psnp_4
localize,#subtitle_zm_cmcp_ccns/zm_cmcp_ccns_cons_psnp_5
localize,#subtitle_zm_cmcp_ccns/zm_cmcp_ccns_cons_pwar_1
localize,#subtitle_zm_cmcp_ccns/zm_cmcp_ccns_cons_pwar_2
localize,#subtitle_zm_cmcp_ccns/zm_cmcp_ccns_cons_pwar_3
localize,#subtitle_zm_cmcp_ccns/zm_cmcp_ccns_cons_pwar_4
localize,#subtitle_zm_cmcp_ccns/zm_cmcp_ccns_cons_pwar_5
localize,#subtitle_zm_cmcp_ccns/zm_cmcp_ccns_cons_pwpn_1
localize,#subtitle_zm_cmcp_ccns/zm_cmcp_ccns_cons_pwpn_2
localize,#subtitle_zm_cmcp_ccns/zm_cmcp_ccns_cons_pwpn_3
localize,#subtitle_zm_cmcp_ccns/zm_cmcp_ccns_cons_pwpn_4
localize,#subtitle_zm_cmcp_ccns/zm_cmcp_ccns_cons_pwpn_5
localize,#subtitle_zm_cmcp_ccns/zm_cmcp_ccns_cons_raup_1
localize,#subtitle_zm_cmcp_ccns/zm_cmcp_ccns_cons_raup_10
localize,#subtitle_zm_cmcp_ccns/zm_cmcp_ccns_cons_raup_2
localize,#subtitle_zm_cmcp_ccns/zm_cmcp_ccns_cons_raup_3
localize,#subtitle_zm_cmcp_ccns/zm_cmcp_ccns_cons_raup_4
localize,#subtitle_zm_cmcp_ccns/zm_cmcp_ccns_cons_raup_5
localize,#subtitle_zm_cmcp_ccns/zm_cmcp_ccns_cons_raup_6
localize,#subtitle_zm_cmcp_ccns/zm_cmcp_ccns_cons_raup_7
localize,#subtitle_zm_cmcp_ccns/zm_cmcp_ccns_cons_raup_8
localize,#subtitle_zm_cmcp_ccns/zm_cmcp_ccns_cons_raup_9
localize,#subtitle_zm_cmcp_ccns/zm_cmcp_ccns_cons_rcvn_1
localize,#subtitle_zm_cmcp_ccns/zm_cmcp_ccns_cons_rcvn_10
localize,#subtitle_zm_cmcp_ccns/zm_cmcp_ccns_cons_rcvn_2
localize,#subtitle_zm_cmcp_ccns/zm_cmcp_ccns_cons_rcvn_3
localize,#subtitle_zm_cmcp_ccns/zm_cmcp_ccns_cons_rcvn_4
localize,#subtitle_zm_cmcp_ccns/zm_cmcp_ccns_cons_rcvn_5
localize,#subtitle_zm_cmcp_ccns/zm_cmcp_ccns_cons_rcvn_6
localize,#subtitle_zm_cmcp_ccns/zm_cmcp_ccns_cons_rcvn_7
localize,#subtitle_zm_cmcp_ccns/zm_cmcp_ccns_cons_rcvn_8
localize,#subtitle_zm_cmcp_ccns/zm_cmcp_ccns_cons_rcvn_9
localize,#subtitle_zm_cmcp_ccns/zm_cmcp_ccns_cons_rdwn_1
localize,#subtitle_zm_cmcp_ccns/zm_cmcp_ccns_cons_rdwn_2
localize,#subtitle_zm_cmcp_ccns/zm_cmcp_ccns_cons_rdwn_3
localize,#subtitle_zm_cmcp_ccns/zm_cmcp_ccns_cons_rdwn_4
localize,#subtitle_zm_cmcp_ccns/zm_cmcp_ccns_cons_rdwn_5
localize,#subtitle_zm_cmcp_ccns/zm_cmcp_ccns_cons_rdwn_6
localize,#subtitle_zm_cmcp_ccns/zm_cmcp_ccns_cons_rdwn_7
localize,#subtitle_zm_cmcp_ccns/zm_cmcp_ccns_cons_rdwn_8
localize,#subtitle_zm_cmcp_ccns/zm_cmcp_ccns_cons_rplr_1
localize,#subtitle_zm_cmcp_ccns/zm_cmcp_ccns_cons_rplr_10
localize,#subtitle_zm_cmcp_ccns/zm_cmcp_ccns_cons_rplr_2
localize,#subtitle_zm_cmcp_ccns/zm_cmcp_ccns_cons_rplr_3
localize,#subtitle_zm_cmcp_ccns/zm_cmcp_ccns_cons_rplr_4
localize,#subtitle_zm_cmcp_ccns/zm_cmcp_ccns_cons_rplr_5
localize,#subtitle_zm_cmcp_ccns/zm_cmcp_ccns_cons_rplr_6
localize,#subtitle_zm_cmcp_ccns/zm_cmcp_ccns_cons_rplr_7
localize,#subtitle_zm_cmcp_ccns/zm_cmcp_ccns_cons_rplr_8
localize,#subtitle_zm_cmcp_ccns/zm_cmcp_ccns_cons_rplr_9
localize,#subtitle_zm_cmcp_ccns/zm_cmcp_ccns_cons_rprk_1
localize,#subtitle_zm_cmcp_ccns/zm_cmcp_ccns_cons_rprk_2
localize,#subtitle_zm_cmcp_ccns/zm_cmcp_ccns_cons_rprk_3
localize,#subtitle_zm_cmcp_ccns/zm_cmcp_ccns_cons_rprk_4
localize,#subtitle_zm_cmcp_ccns/zm_cmcp_ccns_cons_rprk_5
localize,#subtitle_zm_cmcp_ccns/zm_cmcp_ccns_cons_rprk_6
localize,#subtitle_zm_cmcp_ccns/zm_cmcp_ccns_cons_rprk_7
localize,#subtitle_zm_cmcp_ccns/zm_cmcp_ccns_cons_rprk_8
localize,#subtitle_zm_cmcp_ccns/zm_cmcp_ccns_cons_rprk_9
localize,#subtitle_zm_cmcp_ccns/zm_cmcp_ccns_cons_rrev_1
localize,#subtitle_zm_cmcp_ccns/zm_cmcp_ccns_cons_rrev_2
localize,#subtitle_zm_cmcp_ccns/zm_cmcp_ccns_cons_rrev_3
localize,#subtitle_zm_cmcp_ccns/zm_cmcp_ccns_cons_rrev_4
localize,#subtitle_zm_cmcp_ccns/zm_cmcp_ccns_cons_rrev_5
localize,#subtitle_zm_cmcp_ccns/zm_cmcp_ccns_cons_rrev_6
localize,#subtitle_zm_cmcp_ccns/zm_cmcp_ccns_cons_rrev_7
localize,#subtitle_zm_cmcp_ccns/zm_cmcp_ccns_cons_rrev_8
localize,#subtitle_zm_cmcp_ccns/zm_cmcp_ccns_cons_rrvr_1
localize,#subtitle_zm_cmcp_ccns/zm_cmcp_ccns_cons_rrvr_2
localize,#subtitle_zm_cmcp_ccns/zm_cmcp_ccns_cons_rrvr_3
localize,#subtitle_zm_cmcp_ccns/zm_cmcp_ccns_cons_rrvr_4
localize,#subtitle_zm_cmcp_ccns/zm_cmcp_ccns_cons_rrvr_5
localize,#subtitle_zm_cmcp_ccns/zm_cmcp_ccns_cons_rrvr_6
localize,#subtitle_zm_cmcp_ccns/zm_cmcp_ccns_cons_rrvr_7
localize,#subtitle_zm_cmcp_ccns/zm_cmcp_ccns_cons_rrvr_8
localize,#subtitle_zm_cmcp_ccns/zm_cmcp_ccns_cons_wcir_1
localize,#subtitle_zm_cmcp_ccns/zm_cmcp_ccns_cons_wcir_2
localize,#subtitle_zm_cmcp_ccns/zm_cmcp_ccns_cons_wcir_3
localize,#subtitle_zm_cmcp_ccns/zm_cmcp_ccns_cons_wcir_4
localize,#subtitle_zm_cmcp_cdnl/daniel_yatsu
localize,#subtitle_zm_cmcp_cdnl/zm_cmcp_cdnl_danl_arpl_1
localize,#subtitle_zm_cmcp_cdnl/zm_cmcp_cdnl_danl_arpl_10
localize,#subtitle_zm_cmcp_cdnl/zm_cmcp_cdnl_danl_arpl_2
localize,#subtitle_zm_cmcp_cdnl/zm_cmcp_cdnl_danl_arpl_3
localize,#subtitle_zm_cmcp_cdnl/zm_cmcp_cdnl_danl_arpl_4
localize,#subtitle_zm_cmcp_cdnl/zm_cmcp_cdnl_danl_arpl_5
localize,#subtitle_zm_cmcp_cdnl/zm_cmcp_cdnl_danl_arpl_6
localize,#subtitle_zm_cmcp_cdnl/zm_cmcp_cdnl_danl_arpl_7
localize,#subtitle_zm_cmcp_cdnl/zm_cmcp_cdnl_danl_arpl_8
localize,#subtitle_zm_cmcp_cdnl/zm_cmcp_cdnl_danl_arpl_9
localize,#subtitle_zm_cmcp_cdnl/zm_cmcp_cdnl_danl_atkz_1
localize,#subtitle_zm_cmcp_cdnl/zm_cmcp_cdnl_danl_atkz_10
localize,#subtitle_zm_cmcp_cdnl/zm_cmcp_cdnl_danl_atkz_2
localize,#subtitle_zm_cmcp_cdnl/zm_cmcp_cdnl_danl_atkz_3
localize,#subtitle_zm_cmcp_cdnl/zm_cmcp_cdnl_danl_atkz_4
localize,#subtitle_zm_cmcp_cdnl/zm_cmcp_cdnl_danl_atkz_5
localize,#subtitle_zm_cmcp_cdnl/zm_cmcp_cdnl_danl_atkz_6
localize,#subtitle_zm_cmcp_cdnl/zm_cmcp_cdnl_danl_atkz_7
localize,#subtitle_zm_cmcp_cdnl/zm_cmcp_cdnl_danl_atkz_8
localize,#subtitle_zm_cmcp_cdnl/zm_cmcp_cdnl_danl_atkz_9
localize,#subtitle_zm_cmcp_cdnl/zm_cmcp_cdnl_danl_kmnk_1
localize,#subtitle_zm_cmcp_cdnl/zm_cmcp_cdnl_danl_kmnk_2
localize,#subtitle_zm_cmcp_cdnl/zm_cmcp_cdnl_danl_kmnk_3
localize,#subtitle_zm_cmcp_cdnl/zm_cmcp_cdnl_danl_kmnk_4
localize,#subtitle_zm_cmcp_cdnl/zm_cmcp_cdnl_danl_kmnk_5
localize,#subtitle_zm_cmcp_cdnl/zm_cmcp_cdnl_danl_kmnk_6
localize,#subtitle_zm_cmcp_cdnl/zm_cmcp_cdnl_danl_kzcl_1
localize,#subtitle_zm_cmcp_cdnl/zm_cmcp_cdnl_danl_kzcl_10
localize,#subtitle_zm_cmcp_cdnl/zm_cmcp_cdnl_danl_kzcl_2
localize,#subtitle_zm_cmcp_cdnl/zm_cmcp_cdnl_danl_kzcl_3
localize,#subtitle_zm_cmcp_cdnl/zm_cmcp_cdnl_danl_kzcl_4
localize,#subtitle_zm_cmcp_cdnl/zm_cmcp_cdnl_danl_kzcl_5
localize,#subtitle_zm_cmcp_cdnl/zm_cmcp_cdnl_danl_kzcl_6
localize,#subtitle_zm_cmcp_cdnl/zm_cmcp_cdnl_danl_kzcl_7
localize,#subtitle_zm_cmcp_cdnl/zm_cmcp_cdnl_danl_kzcl_8
localize,#subtitle_zm_cmcp_cdnl/zm_cmcp_cdnl_danl_kzcl_9
localize,#subtitle_zm_cmcp_cdnl/zm_cmcp_cdnl_danl_kzhs_1
localize,#subtitle_zm_cmcp_cdnl/zm_cmcp_cdnl_danl_kzhs_10
localize,#subtitle_zm_cmcp_cdnl/zm_cmcp_cdnl_danl_kzhs_2
localize,#subtitle_zm_cmcp_cdnl/zm_cmcp_cdnl_danl_kzhs_3
localize,#subtitle_zm_cmcp_cdnl/zm_cmcp_cdnl_danl_kzhs_4
localize,#subtitle_zm_cmcp_cdnl/zm_cmcp_cdnl_danl_kzhs_5
localize,#subtitle_zm_cmcp_cdnl/zm_cmcp_cdnl_danl_kzhs_6
localize,#subtitle_zm_cmcp_cdnl/zm_cmcp_cdnl_danl_kzhs_7
localize,#subtitle_zm_cmcp_cdnl/zm_cmcp_cdnl_danl_kzhs_8
localize,#subtitle_zm_cmcp_cdnl/zm_cmcp_cdnl_danl_kzhs_9
localize,#subtitle_zm_cmcp_cdnl/zm_cmcp_cdnl_danl_kzjg_1
localize,#subtitle_zm_cmcp_cdnl/zm_cmcp_cdnl_danl_kzjg_10
localize,#subtitle_zm_cmcp_cdnl/zm_cmcp_cdnl_danl_kzjg_2
localize,#subtitle_zm_cmcp_cdnl/zm_cmcp_cdnl_danl_kzjg_3
localize,#subtitle_zm_cmcp_cdnl/zm_cmcp_cdnl_danl_kzjg_4
localize,#subtitle_zm_cmcp_cdnl/zm_cmcp_cdnl_danl_kzjg_5
localize,#subtitle_zm_cmcp_cdnl/zm_cmcp_cdnl_danl_kzjg_6
localize,#subtitle_zm_cmcp_cdnl/zm_cmcp_cdnl_danl_kzjg_7
localize,#subtitle_zm_cmcp_cdnl/zm_cmcp_cdnl_danl_kzjg_8
localize,#subtitle_zm_cmcp_cdnl/zm_cmcp_cdnl_danl_kzjg_9
localize,#subtitle_zm_cmcp_cdnl/zm_cmcp_cdnl_danl_kzks_1
localize,#subtitle_zm_cmcp_cdnl/zm_cmcp_cdnl_danl_kzks_10
localize,#subtitle_zm_cmcp_cdnl/zm_cmcp_cdnl_danl_kzks_2
localize,#subtitle_zm_cmcp_cdnl/zm_cmcp_cdnl_danl_kzks_3
localize,#subtitle_zm_cmcp_cdnl/zm_cmcp_cdnl_danl_kzks_4
localize,#subtitle_zm_cmcp_cdnl/zm_cmcp_cdnl_danl_kzks_5
localize,#subtitle_zm_cmcp_cdnl/zm_cmcp_cdnl_danl_kzks_6
localize,#subtitle_zm_cmcp_cdnl/zm_cmcp_cdnl_danl_kzks_7
localize,#subtitle_zm_cmcp_cdnl/zm_cmcp_cdnl_danl_kzks_8
localize,#subtitle_zm_cmcp_cdnl/zm_cmcp_cdnl_danl_kzks_9
localize,#subtitle_zm_cmcp_cdnl/zm_cmcp_cdnl_danl_kzrv_1
localize,#subtitle_zm_cmcp_cdnl/zm_cmcp_cdnl_danl_kzrv_10
localize,#subtitle_zm_cmcp_cdnl/zm_cmcp_cdnl_danl_kzrv_2
localize,#subtitle_zm_cmcp_cdnl/zm_cmcp_cdnl_danl_kzrv_3
localize,#subtitle_zm_cmcp_cdnl/zm_cmcp_cdnl_danl_kzrv_4
localize,#subtitle_zm_cmcp_cdnl/zm_cmcp_cdnl_danl_kzrv_5
localize,#subtitle_zm_cmcp_cdnl/zm_cmcp_cdnl_danl_kzrv_6
localize,#subtitle_zm_cmcp_cdnl/zm_cmcp_cdnl_danl_kzrv_7
localize,#subtitle_zm_cmcp_cdnl/zm_cmcp_cdnl_danl_kzrv_8
localize,#subtitle_zm_cmcp_cdnl/zm_cmcp_cdnl_danl_kzrv_9
localize,#subtitle_zm_cmcp_cdnl/zm_cmcp_cdnl_danl_kzsu_1
localize,#subtitle_zm_cmcp_cdnl/zm_cmcp_cdnl_danl_kzsu_10
localize,#subtitle_zm_cmcp_cdnl/zm_cmcp_cdnl_danl_kzsu_2
localize,#subtitle_zm_cmcp_cdnl/zm_cmcp_cdnl_danl_kzsu_3
localize,#subtitle_zm_cmcp_cdnl/zm_cmcp_cdnl_danl_kzsu_4
localize,#subtitle_zm_cmcp_cdnl/zm_cmcp_cdnl_danl_kzsu_5
localize,#subtitle_zm_cmcp_cdnl/zm_cmcp_cdnl_danl_kzsu_6
localize,#subtitle_zm_cmcp_cdnl/zm_cmcp_cdnl_danl_kzsu_7
localize,#subtitle_zm_cmcp_cdnl/zm_cmcp_cdnl_danl_kzsu_8
localize,#subtitle_zm_cmcp_cdnl/zm_cmcp_cdnl_danl_kzsu_9
localize,#subtitle_zm_cmcp_cdnl/zm_cmcp_cdnl_danl_pitm_1
localize,#subtitle_zm_cmcp_cdnl/zm_cmcp_cdnl_danl_pitm_10
localize,#subtitle_zm_cmcp_cdnl/zm_cmcp_cdnl_danl_pitm_2
localize,#subtitle_zm_cmcp_cdnl/zm_cmcp_cdnl_danl_pitm_3
localize,#subtitle_zm_cmcp_cdnl/zm_cmcp_cdnl_danl_pitm_4
localize,#subtitle_zm_cmcp_cdnl/zm_cmcp_cdnl_danl_pitm_5
localize,#subtitle_zm_cmcp_cdnl/zm_cmcp_cdnl_danl_pitm_6
localize,#subtitle_zm_cmcp_cdnl/zm_cmcp_cdnl_danl_pitm_7
localize,#subtitle_zm_cmcp_cdnl/zm_cmcp_cdnl_danl_pitm_8
localize,#subtitle_zm_cmcp_cdnl/zm_cmcp_cdnl_danl_pitm_9
localize,#subtitle_zm_cmcp_cdnl/zm_cmcp_cdnl_danl_plmg_1
localize,#subtitle_zm_cmcp_cdnl/zm_cmcp_cdnl_danl_plmg_2
localize,#subtitle_zm_cmcp_cdnl/zm_cmcp_cdnl_danl_plmg_3
localize,#subtitle_zm_cmcp_cdnl/zm_cmcp_cdnl_danl_plmg_4
localize,#subtitle_zm_cmcp_cdnl/zm_cmcp_cdnl_danl_plmg_5
localize,#subtitle_zm_cmcp_cdnl/zm_cmcp_cdnl_danl_pmel_1
localize,#subtitle_zm_cmcp_cdnl/zm_cmcp_cdnl_danl_pmel_2
localize,#subtitle_zm_cmcp_cdnl/zm_cmcp_cdnl_danl_pmel_3
localize,#subtitle_zm_cmcp_cdnl/zm_cmcp_cdnl_danl_pmel_4
localize,#subtitle_zm_cmcp_cdnl/zm_cmcp_cdnl_danl_pmel_5
localize,#subtitle_zm_cmcp_cdnl/zm_cmcp_cdnl_danl_pmrk_1
localize,#subtitle_zm_cmcp_cdnl/zm_cmcp_cdnl_danl_pmrk_2
localize,#subtitle_zm_cmcp_cdnl/zm_cmcp_cdnl_danl_pmrk_3
localize,#subtitle_zm_cmcp_cdnl/zm_cmcp_cdnl_danl_pmrk_4
localize,#subtitle_zm_cmcp_cdnl/zm_cmcp_cdnl_danl_pmrk_5
localize,#subtitle_zm_cmcp_cdnl/zm_cmcp_cdnl_danl_psht_1
localize,#subtitle_zm_cmcp_cdnl/zm_cmcp_cdnl_danl_psht_2
localize,#subtitle_zm_cmcp_cdnl/zm_cmcp_cdnl_danl_psht_3
localize,#subtitle_zm_cmcp_cdnl/zm_cmcp_cdnl_danl_psht_4
localize,#subtitle_zm_cmcp_cdnl/zm_cmcp_cdnl_danl_psht_5
localize,#subtitle_zm_cmcp_cdnl/zm_cmcp_cdnl_danl_psmg_1
localize,#subtitle_zm_cmcp_cdnl/zm_cmcp_cdnl_danl_psmg_2
localize,#subtitle_zm_cmcp_cdnl/zm_cmcp_cdnl_danl_psmg_3
localize,#subtitle_zm_cmcp_cdnl/zm_cmcp_cdnl_danl_psmg_4
localize,#subtitle_zm_cmcp_cdnl/zm_cmcp_cdnl_danl_psmg_5
localize,#subtitle_zm_cmcp_cdnl/zm_cmcp_cdnl_danl_psnp_1
localize,#subtitle_zm_cmcp_cdnl/zm_cmcp_cdnl_danl_psnp_2
localize,#subtitle_zm_cmcp_cdnl/zm_cmcp_cdnl_danl_psnp_3
localize,#subtitle_zm_cmcp_cdnl/zm_cmcp_cdnl_danl_psnp_4
localize,#subtitle_zm_cmcp_cdnl/zm_cmcp_cdnl_danl_psnp_5
localize,#subtitle_zm_cmcp_cdnl/zm_cmcp_cdnl_danl_pwar_1
localize,#subtitle_zm_cmcp_cdnl/zm_cmcp_cdnl_danl_pwar_2
localize,#subtitle_zm_cmcp_cdnl/zm_cmcp_cdnl_danl_pwar_3
localize,#subtitle_zm_cmcp_cdnl/zm_cmcp_cdnl_danl_pwar_4
localize,#subtitle_zm_cmcp_cdnl/zm_cmcp_cdnl_danl_pwar_5
localize,#subtitle_zm_cmcp_cdnl/zm_cmcp_cdnl_danl_pwpn_1
localize,#subtitle_zm_cmcp_cdnl/zm_cmcp_cdnl_danl_pwpn_2
localize,#subtitle_zm_cmcp_cdnl/zm_cmcp_cdnl_danl_pwpn_3
localize,#subtitle_zm_cmcp_cdnl/zm_cmcp_cdnl_danl_pwpn_4
localize,#subtitle_zm_cmcp_cdnl/zm_cmcp_cdnl_danl_pwpn_5
localize,#subtitle_zm_cmcp_cdnl/zm_cmcp_cdnl_danl_raup_1
localize,#subtitle_zm_cmcp_cdnl/zm_cmcp_cdnl_danl_raup_10
localize,#subtitle_zm_cmcp_cdnl/zm_cmcp_cdnl_danl_raup_2
localize,#subtitle_zm_cmcp_cdnl/zm_cmcp_cdnl_danl_raup_3
localize,#subtitle_zm_cmcp_cdnl/zm_cmcp_cdnl_danl_raup_4
localize,#subtitle_zm_cmcp_cdnl/zm_cmcp_cdnl_danl_raup_5
localize,#subtitle_zm_cmcp_cdnl/zm_cmcp_cdnl_danl_raup_6
localize,#subtitle_zm_cmcp_cdnl/zm_cmcp_cdnl_danl_raup_7
localize,#subtitle_zm_cmcp_cdnl/zm_cmcp_cdnl_danl_raup_8
localize,#subtitle_zm_cmcp_cdnl/zm_cmcp_cdnl_danl_raup_9
localize,#subtitle_zm_cmcp_cdnl/zm_cmcp_cdnl_danl_rcvn_1
localize,#subtitle_zm_cmcp_cdnl/zm_cmcp_cdnl_danl_rcvn_10
localize,#subtitle_zm_cmcp_cdnl/zm_cmcp_cdnl_danl_rcvn_2
localize,#subtitle_zm_cmcp_cdnl/zm_cmcp_cdnl_danl_rcvn_3
localize,#subtitle_zm_cmcp_cdnl/zm_cmcp_cdnl_danl_rcvn_4
localize,#subtitle_zm_cmcp_cdnl/zm_cmcp_cdnl_danl_rcvn_5
localize,#subtitle_zm_cmcp_cdnl/zm_cmcp_cdnl_danl_rcvn_6
localize,#subtitle_zm_cmcp_cdnl/zm_cmcp_cdnl_danl_rcvn_7
localize,#subtitle_zm_cmcp_cdnl/zm_cmcp_cdnl_danl_rcvn_8
localize,#subtitle_zm_cmcp_cdnl/zm_cmcp_cdnl_danl_rcvn_9
localize,#subtitle_zm_cmcp_cdnl/zm_cmcp_cdnl_danl_rdwn_1
localize,#subtitle_zm_cmcp_cdnl/zm_cmcp_cdnl_danl_rdwn_2
localize,#subtitle_zm_cmcp_cdnl/zm_cmcp_cdnl_danl_rdwn_3
localize,#subtitle_zm_cmcp_cdnl/zm_cmcp_cdnl_danl_rdwn_4
localize,#subtitle_zm_cmcp_cdnl/zm_cmcp_cdnl_danl_rdwn_5
localize,#subtitle_zm_cmcp_cdnl/zm_cmcp_cdnl_danl_rdwn_6
localize,#subtitle_zm_cmcp_cdnl/zm_cmcp_cdnl_danl_rdwn_7
localize,#subtitle_zm_cmcp_cdnl/zm_cmcp_cdnl_danl_rdwn_8
localize,#subtitle_zm_cmcp_cdnl/zm_cmcp_cdnl_danl_rplr_1
localize,#subtitle_zm_cmcp_cdnl/zm_cmcp_cdnl_danl_rplr_10
localize,#subtitle_zm_cmcp_cdnl/zm_cmcp_cdnl_danl_rplr_2
localize,#subtitle_zm_cmcp_cdnl/zm_cmcp_cdnl_danl_rplr_3
localize,#subtitle_zm_cmcp_cdnl/zm_cmcp_cdnl_danl_rplr_4
localize,#subtitle_zm_cmcp_cdnl/zm_cmcp_cdnl_danl_rplr_5
localize,#subtitle_zm_cmcp_cdnl/zm_cmcp_cdnl_danl_rplr_6
localize,#subtitle_zm_cmcp_cdnl/zm_cmcp_cdnl_danl_rplr_7
localize,#subtitle_zm_cmcp_cdnl/zm_cmcp_cdnl_danl_rplr_8
localize,#subtitle_zm_cmcp_cdnl/zm_cmcp_cdnl_danl_rplr_9
localize,#subtitle_zm_cmcp_cdnl/zm_cmcp_cdnl_danl_rprk_1
localize,#subtitle_zm_cmcp_cdnl/zm_cmcp_cdnl_danl_rprk_10
localize,#subtitle_zm_cmcp_cdnl/zm_cmcp_cdnl_danl_rprk_2
localize,#subtitle_zm_cmcp_cdnl/zm_cmcp_cdnl_danl_rprk_3
localize,#subtitle_zm_cmcp_cdnl/zm_cmcp_cdnl_danl_rprk_4
localize,#subtitle_zm_cmcp_cdnl/zm_cmcp_cdnl_danl_rprk_5
localize,#subtitle_zm_cmcp_cdnl/zm_cmcp_cdnl_danl_rprk_6
localize,#subtitle_zm_cmcp_cdnl/zm_cmcp_cdnl_danl_rprk_7
localize,#subtitle_zm_cmcp_cdnl/zm_cmcp_cdnl_danl_rprk_8
localize,#subtitle_zm_cmcp_cdnl/zm_cmcp_cdnl_danl_rprk_9
localize,#subtitle_zm_cmcp_cdnl/zm_cmcp_cdnl_danl_rrev_1
localize,#subtitle_zm_cmcp_cdnl/zm_cmcp_cdnl_danl_rrev_2
localize,#subtitle_zm_cmcp_cdnl/zm_cmcp_cdnl_danl_rrev_3
localize,#subtitle_zm_cmcp_cdnl/zm_cmcp_cdnl_danl_rrev_4
localize,#subtitle_zm_cmcp_cdnl/zm_cmcp_cdnl_danl_rrev_5
localize,#subtitle_zm_cmcp_cdnl/zm_cmcp_cdnl_danl_rrev_6
localize,#subtitle_zm_cmcp_cdnl/zm_cmcp_cdnl_danl_rrev_7
localize,#subtitle_zm_cmcp_cdnl/zm_cmcp_cdnl_danl_rrev_8
localize,#subtitle_zm_cmcp_cdnl/zm_cmcp_cdnl_danl_rrvr_1
localize,#subtitle_zm_cmcp_cdnl/zm_cmcp_cdnl_danl_rrvr_2
localize,#subtitle_zm_cmcp_cdnl/zm_cmcp_cdnl_danl_rrvr_3
localize,#subtitle_zm_cmcp_cdnl/zm_cmcp_cdnl_danl_rrvr_4
localize,#subtitle_zm_cmcp_cdnl/zm_cmcp_cdnl_danl_rrvr_5
localize,#subtitle_zm_cmcp_cdnl/zm_cmcp_cdnl_danl_rrvr_6
localize,#subtitle_zm_cmcp_cdnl/zm_cmcp_cdnl_danl_rrvr_7
localize,#subtitle_zm_cmcp_cdnl/zm_cmcp_cdnl_danl_rrvr_8
localize,#subtitle_zm_cmcp_cdnl/zm_cmcp_cdnl_danl_wcir_1
localize,#subtitle_zm_cmcp_cdnl/zm_cmcp_cdnl_danl_wcir_2
localize,#subtitle_zm_cmcp_cdnl/zm_cmcp_cdnl_danl_wcir_3
localize,#subtitle_zm_cmcp_cdnl/zm_cmcp_cdnl_danl_wcir_4
localize,#subtitle_zm_cmcp_chlm/halima_zambardi
localize,#subtitle_zm_cmcp_chlm/zm_cmcp_chlm_hali_arpl_1
localize,#subtitle_zm_cmcp_chlm/zm_cmcp_chlm_hali_arpl_10
localize,#subtitle_zm_cmcp_chlm/zm_cmcp_chlm_hali_arpl_2
localize,#subtitle_zm_cmcp_chlm/zm_cmcp_chlm_hali_arpl_3
localize,#subtitle_zm_cmcp_chlm/zm_cmcp_chlm_hali_arpl_4
localize,#subtitle_zm_cmcp_chlm/zm_cmcp_chlm_hali_arpl_5
localize,#subtitle_zm_cmcp_chlm/zm_cmcp_chlm_hali_arpl_6
localize,#subtitle_zm_cmcp_chlm/zm_cmcp_chlm_hali_arpl_7
localize,#subtitle_zm_cmcp_chlm/zm_cmcp_chlm_hali_arpl_8
localize,#subtitle_zm_cmcp_chlm/zm_cmcp_chlm_hali_arpl_9
localize,#subtitle_zm_cmcp_chlm/zm_cmcp_chlm_hali_atkz_1
localize,#subtitle_zm_cmcp_chlm/zm_cmcp_chlm_hali_atkz_10
localize,#subtitle_zm_cmcp_chlm/zm_cmcp_chlm_hali_atkz_2
localize,#subtitle_zm_cmcp_chlm/zm_cmcp_chlm_hali_atkz_3
localize,#subtitle_zm_cmcp_chlm/zm_cmcp_chlm_hali_atkz_4
localize,#subtitle_zm_cmcp_chlm/zm_cmcp_chlm_hali_atkz_5
localize,#subtitle_zm_cmcp_chlm/zm_cmcp_chlm_hali_atkz_6
localize,#subtitle_zm_cmcp_chlm/zm_cmcp_chlm_hali_atkz_7
localize,#subtitle_zm_cmcp_chlm/zm_cmcp_chlm_hali_atkz_8
localize,#subtitle_zm_cmcp_chlm/zm_cmcp_chlm_hali_atkz_9
localize,#subtitle_zm_cmcp_chlm/zm_cmcp_chlm_hali_kmnk_1
localize,#subtitle_zm_cmcp_chlm/zm_cmcp_chlm_hali_kmnk_2
localize,#subtitle_zm_cmcp_chlm/zm_cmcp_chlm_hali_kmnk_3
localize,#subtitle_zm_cmcp_chlm/zm_cmcp_chlm_hali_kmnk_4
localize,#subtitle_zm_cmcp_chlm/zm_cmcp_chlm_hali_kmnk_5
localize,#subtitle_zm_cmcp_chlm/zm_cmcp_chlm_hali_kmnk_6
localize,#subtitle_zm_cmcp_chlm/zm_cmcp_chlm_hali_kzcl_1
localize,#subtitle_zm_cmcp_chlm/zm_cmcp_chlm_hali_kzcl_10
localize,#subtitle_zm_cmcp_chlm/zm_cmcp_chlm_hali_kzcl_2
localize,#subtitle_zm_cmcp_chlm/zm_cmcp_chlm_hali_kzcl_3
localize,#subtitle_zm_cmcp_chlm/zm_cmcp_chlm_hali_kzcl_4
localize,#subtitle_zm_cmcp_chlm/zm_cmcp_chlm_hali_kzcl_5
localize,#subtitle_zm_cmcp_chlm/zm_cmcp_chlm_hali_kzcl_6
localize,#subtitle_zm_cmcp_chlm/zm_cmcp_chlm_hali_kzcl_7
localize,#subtitle_zm_cmcp_chlm/zm_cmcp_chlm_hali_kzcl_8
localize,#subtitle_zm_cmcp_chlm/zm_cmcp_chlm_hali_kzcl_9
localize,#subtitle_zm_cmcp_chlm/zm_cmcp_chlm_hali_kzhs_1
localize,#subtitle_zm_cmcp_chlm/zm_cmcp_chlm_hali_kzhs_10
localize,#subtitle_zm_cmcp_chlm/zm_cmcp_chlm_hali_kzhs_2
localize,#subtitle_zm_cmcp_chlm/zm_cmcp_chlm_hali_kzhs_3
localize,#subtitle_zm_cmcp_chlm/zm_cmcp_chlm_hali_kzhs_4
localize,#subtitle_zm_cmcp_chlm/zm_cmcp_chlm_hali_kzhs_5
localize,#subtitle_zm_cmcp_chlm/zm_cmcp_chlm_hali_kzhs_6
localize,#subtitle_zm_cmcp_chlm/zm_cmcp_chlm_hali_kzhs_7
localize,#subtitle_zm_cmcp_chlm/zm_cmcp_chlm_hali_kzhs_8
localize,#subtitle_zm_cmcp_chlm/zm_cmcp_chlm_hali_kzhs_9
localize,#subtitle_zm_cmcp_chlm/zm_cmcp_chlm_hali_kzjg_1
localize,#subtitle_zm_cmcp_chlm/zm_cmcp_chlm_hali_kzjg_10
localize,#subtitle_zm_cmcp_chlm/zm_cmcp_chlm_hali_kzjg_2
localize,#subtitle_zm_cmcp_chlm/zm_cmcp_chlm_hali_kzjg_3
localize,#subtitle_zm_cmcp_chlm/zm_cmcp_chlm_hali_kzjg_4
localize,#subtitle_zm_cmcp_chlm/zm_cmcp_chlm_hali_kzjg_5
localize,#subtitle_zm_cmcp_chlm/zm_cmcp_chlm_hali_kzjg_6
localize,#subtitle_zm_cmcp_chlm/zm_cmcp_chlm_hali_kzjg_7
localize,#subtitle_zm_cmcp_chlm/zm_cmcp_chlm_hali_kzjg_8
localize,#subtitle_zm_cmcp_chlm/zm_cmcp_chlm_hali_kzjg_9
localize,#subtitle_zm_cmcp_chlm/zm_cmcp_chlm_hali_kzks_1
localize,#subtitle_zm_cmcp_chlm/zm_cmcp_chlm_hali_kzks_10
localize,#subtitle_zm_cmcp_chlm/zm_cmcp_chlm_hali_kzks_2
localize,#subtitle_zm_cmcp_chlm/zm_cmcp_chlm_hali_kzks_3
localize,#subtitle_zm_cmcp_chlm/zm_cmcp_chlm_hali_kzks_4
localize,#subtitle_zm_cmcp_chlm/zm_cmcp_chlm_hali_kzks_5
localize,#subtitle_zm_cmcp_chlm/zm_cmcp_chlm_hali_kzks_6
localize,#subtitle_zm_cmcp_chlm/zm_cmcp_chlm_hali_kzks_7
localize,#subtitle_zm_cmcp_chlm/zm_cmcp_chlm_hali_kzks_8
localize,#subtitle_zm_cmcp_chlm/zm_cmcp_chlm_hali_kzks_9
localize,#subtitle_zm_cmcp_chlm/zm_cmcp_chlm_hali_kzrv_1
localize,#subtitle_zm_cmcp_chlm/zm_cmcp_chlm_hali_kzrv_10
localize,#subtitle_zm_cmcp_chlm/zm_cmcp_chlm_hali_kzrv_2
localize,#subtitle_zm_cmcp_chlm/zm_cmcp_chlm_hali_kzrv_3
localize,#subtitle_zm_cmcp_chlm/zm_cmcp_chlm_hali_kzrv_4
localize,#subtitle_zm_cmcp_chlm/zm_cmcp_chlm_hali_kzrv_5
localize,#subtitle_zm_cmcp_chlm/zm_cmcp_chlm_hali_kzrv_6
localize,#subtitle_zm_cmcp_chlm/zm_cmcp_chlm_hali_kzrv_7
localize,#subtitle_zm_cmcp_chlm/zm_cmcp_chlm_hali_kzrv_8
localize,#subtitle_zm_cmcp_chlm/zm_cmcp_chlm_hali_kzrv_9
localize,#subtitle_zm_cmcp_chlm/zm_cmcp_chlm_hali_kzsu_1
localize,#subtitle_zm_cmcp_chlm/zm_cmcp_chlm_hali_kzsu_10
localize,#subtitle_zm_cmcp_chlm/zm_cmcp_chlm_hali_kzsu_2
localize,#subtitle_zm_cmcp_chlm/zm_cmcp_chlm_hali_kzsu_3
localize,#subtitle_zm_cmcp_chlm/zm_cmcp_chlm_hali_kzsu_4
localize,#subtitle_zm_cmcp_chlm/zm_cmcp_chlm_hali_kzsu_5
localize,#subtitle_zm_cmcp_chlm/zm_cmcp_chlm_hali_kzsu_6
localize,#subtitle_zm_cmcp_chlm/zm_cmcp_chlm_hali_kzsu_7
localize,#subtitle_zm_cmcp_chlm/zm_cmcp_chlm_hali_kzsu_8
localize,#subtitle_zm_cmcp_chlm/zm_cmcp_chlm_hali_kzsu_9
localize,#subtitle_zm_cmcp_chlm/zm_cmcp_chlm_hali_pitm_1
localize,#subtitle_zm_cmcp_chlm/zm_cmcp_chlm_hali_pitm_10
localize,#subtitle_zm_cmcp_chlm/zm_cmcp_chlm_hali_pitm_2
localize,#subtitle_zm_cmcp_chlm/zm_cmcp_chlm_hali_pitm_3
localize,#subtitle_zm_cmcp_chlm/zm_cmcp_chlm_hali_pitm_4
localize,#subtitle_zm_cmcp_chlm/zm_cmcp_chlm_hali_pitm_5
localize,#subtitle_zm_cmcp_chlm/zm_cmcp_chlm_hali_pitm_6
localize,#subtitle_zm_cmcp_chlm/zm_cmcp_chlm_hali_pitm_7
localize,#subtitle_zm_cmcp_chlm/zm_cmcp_chlm_hali_pitm_8
localize,#subtitle_zm_cmcp_chlm/zm_cmcp_chlm_hali_pitm_9
localize,#subtitle_zm_cmcp_chlm/zm_cmcp_chlm_hali_plmg_1
localize,#subtitle_zm_cmcp_chlm/zm_cmcp_chlm_hali_plmg_2
localize,#subtitle_zm_cmcp_chlm/zm_cmcp_chlm_hali_plmg_3
localize,#subtitle_zm_cmcp_chlm/zm_cmcp_chlm_hali_plmg_4
localize,#subtitle_zm_cmcp_chlm/zm_cmcp_chlm_hali_plmg_5
localize,#subtitle_zm_cmcp_chlm/zm_cmcp_chlm_hali_pmel_1
localize,#subtitle_zm_cmcp_chlm/zm_cmcp_chlm_hali_pmel_2
localize,#subtitle_zm_cmcp_chlm/zm_cmcp_chlm_hali_pmel_3
localize,#subtitle_zm_cmcp_chlm/zm_cmcp_chlm_hali_pmel_4
localize,#subtitle_zm_cmcp_chlm/zm_cmcp_chlm_hali_pmel_5
localize,#subtitle_zm_cmcp_chlm/zm_cmcp_chlm_hali_pmrk_1
localize,#subtitle_zm_cmcp_chlm/zm_cmcp_chlm_hali_pmrk_2
localize,#subtitle_zm_cmcp_chlm/zm_cmcp_chlm_hali_pmrk_3
localize,#subtitle_zm_cmcp_chlm/zm_cmcp_chlm_hali_pmrk_4
localize,#subtitle_zm_cmcp_chlm/zm_cmcp_chlm_hali_pmrk_5
localize,#subtitle_zm_cmcp_chlm/zm_cmcp_chlm_hali_psht_1
localize,#subtitle_zm_cmcp_chlm/zm_cmcp_chlm_hali_psht_2
localize,#subtitle_zm_cmcp_chlm/zm_cmcp_chlm_hali_psht_3
localize,#subtitle_zm_cmcp_chlm/zm_cmcp_chlm_hali_psht_4
localize,#subtitle_zm_cmcp_chlm/zm_cmcp_chlm_hali_psht_5
localize,#subtitle_zm_cmcp_chlm/zm_cmcp_chlm_hali_psmg_1
localize,#subtitle_zm_cmcp_chlm/zm_cmcp_chlm_hali_psmg_2
localize,#subtitle_zm_cmcp_chlm/zm_cmcp_chlm_hali_psmg_3
localize,#subtitle_zm_cmcp_chlm/zm_cmcp_chlm_hali_psmg_4
localize,#subtitle_zm_cmcp_chlm/zm_cmcp_chlm_hali_psmg_5
localize,#subtitle_zm_cmcp_chlm/zm_cmcp_chlm_hali_psnp_1
localize,#subtitle_zm_cmcp_chlm/zm_cmcp_chlm_hali_psnp_2
localize,#subtitle_zm_cmcp_chlm/zm_cmcp_chlm_hali_psnp_3
localize,#subtitle_zm_cmcp_chlm/zm_cmcp_chlm_hali_psnp_4
localize,#subtitle_zm_cmcp_chlm/zm_cmcp_chlm_hali_psnp_5
localize,#subtitle_zm_cmcp_chlm/zm_cmcp_chlm_hali_pwar_1
localize,#subtitle_zm_cmcp_chlm/zm_cmcp_chlm_hali_pwar_2
localize,#subtitle_zm_cmcp_chlm/zm_cmcp_chlm_hali_pwar_3
localize,#subtitle_zm_cmcp_chlm/zm_cmcp_chlm_hali_pwar_4
localize,#subtitle_zm_cmcp_chlm/zm_cmcp_chlm_hali_pwar_5
localize,#subtitle_zm_cmcp_chlm/zm_cmcp_chlm_hali_pwpn_1
localize,#subtitle_zm_cmcp_chlm/zm_cmcp_chlm_hali_pwpn_2
localize,#subtitle_zm_cmcp_chlm/zm_cmcp_chlm_hali_pwpn_3
localize,#subtitle_zm_cmcp_chlm/zm_cmcp_chlm_hali_pwpn_4
localize,#subtitle_zm_cmcp_chlm/zm_cmcp_chlm_hali_pwpn_5
localize,#subtitle_zm_cmcp_chlm/zm_cmcp_chlm_hali_raup_1
localize,#subtitle_zm_cmcp_chlm/zm_cmcp_chlm_hali_raup_10
localize,#subtitle_zm_cmcp_chlm/zm_cmcp_chlm_hali_raup_2
localize,#subtitle_zm_cmcp_chlm/zm_cmcp_chlm_hali_raup_3
localize,#subtitle_zm_cmcp_chlm/zm_cmcp_chlm_hali_raup_4
localize,#subtitle_zm_cmcp_chlm/zm_cmcp_chlm_hali_raup_5
localize,#subtitle_zm_cmcp_chlm/zm_cmcp_chlm_hali_raup_6
localize,#subtitle_zm_cmcp_chlm/zm_cmcp_chlm_hali_raup_7
localize,#subtitle_zm_cmcp_chlm/zm_cmcp_chlm_hali_raup_8
localize,#subtitle_zm_cmcp_chlm/zm_cmcp_chlm_hali_raup_9
localize,#subtitle_zm_cmcp_chlm/zm_cmcp_chlm_hali_rcvn_1
localize,#subtitle_zm_cmcp_chlm/zm_cmcp_chlm_hali_rcvn_10
localize,#subtitle_zm_cmcp_chlm/zm_cmcp_chlm_hali_rcvn_2
localize,#subtitle_zm_cmcp_chlm/zm_cmcp_chlm_hali_rcvn_3
localize,#subtitle_zm_cmcp_chlm/zm_cmcp_chlm_hali_rcvn_4
localize,#subtitle_zm_cmcp_chlm/zm_cmcp_chlm_hali_rcvn_5
localize,#subtitle_zm_cmcp_chlm/zm_cmcp_chlm_hali_rcvn_6
localize,#subtitle_zm_cmcp_chlm/zm_cmcp_chlm_hali_rcvn_7
localize,#subtitle_zm_cmcp_chlm/zm_cmcp_chlm_hali_rcvn_8
localize,#subtitle_zm_cmcp_chlm/zm_cmcp_chlm_hali_rcvn_9
localize,#subtitle_zm_cmcp_chlm/zm_cmcp_chlm_hali_rdwn_1
localize,#subtitle_zm_cmcp_chlm/zm_cmcp_chlm_hali_rdwn_2
localize,#subtitle_zm_cmcp_chlm/zm_cmcp_chlm_hali_rdwn_3
localize,#subtitle_zm_cmcp_chlm/zm_cmcp_chlm_hali_rdwn_4
localize,#subtitle_zm_cmcp_chlm/zm_cmcp_chlm_hali_rdwn_5
localize,#subtitle_zm_cmcp_chlm/zm_cmcp_chlm_hali_rdwn_6
localize,#subtitle_zm_cmcp_chlm/zm_cmcp_chlm_hali_rdwn_7
localize,#subtitle_zm_cmcp_chlm/zm_cmcp_chlm_hali_rdwn_8
localize,#subtitle_zm_cmcp_chlm/zm_cmcp_chlm_hali_rplr_1
localize,#subtitle_zm_cmcp_chlm/zm_cmcp_chlm_hali_rplr_10
localize,#subtitle_zm_cmcp_chlm/zm_cmcp_chlm_hali_rplr_2
localize,#subtitle_zm_cmcp_chlm/zm_cmcp_chlm_hali_rplr_3
localize,#subtitle_zm_cmcp_chlm/zm_cmcp_chlm_hali_rplr_4
localize,#subtitle_zm_cmcp_chlm/zm_cmcp_chlm_hali_rplr_5
localize,#subtitle_zm_cmcp_chlm/zm_cmcp_chlm_hali_rplr_6
localize,#subtitle_zm_cmcp_chlm/zm_cmcp_chlm_hali_rplr_7
localize,#subtitle_zm_cmcp_chlm/zm_cmcp_chlm_hali_rplr_8
localize,#subtitle_zm_cmcp_chlm/zm_cmcp_chlm_hali_rplr_9
localize,#subtitle_zm_cmcp_chlm/zm_cmcp_chlm_hali_rprk_1
localize,#subtitle_zm_cmcp_chlm/zm_cmcp_chlm_hali_rprk_10
localize,#subtitle_zm_cmcp_chlm/zm_cmcp_chlm_hali_rprk_2
localize,#subtitle_zm_cmcp_chlm/zm_cmcp_chlm_hali_rprk_3
localize,#subtitle_zm_cmcp_chlm/zm_cmcp_chlm_hali_rprk_4
localize,#subtitle_zm_cmcp_chlm/zm_cmcp_chlm_hali_rprk_5
localize,#subtitle_zm_cmcp_chlm/zm_cmcp_chlm_hali_rprk_6
localize,#subtitle_zm_cmcp_chlm/zm_cmcp_chlm_hali_rprk_7
localize,#subtitle_zm_cmcp_chlm/zm_cmcp_chlm_hali_rprk_8
localize,#subtitle_zm_cmcp_chlm/zm_cmcp_chlm_hali_rprk_9
localize,#subtitle_zm_cmcp_chlm/zm_cmcp_chlm_hali_rrev_1
localize,#subtitle_zm_cmcp_chlm/zm_cmcp_chlm_hali_rrev_2
localize,#subtitle_zm_cmcp_chlm/zm_cmcp_chlm_hali_rrev_3
localize,#subtitle_zm_cmcp_chlm/zm_cmcp_chlm_hali_rrev_4
localize,#subtitle_zm_cmcp_chlm/zm_cmcp_chlm_hali_rrev_5
localize,#subtitle_zm_cmcp_chlm/zm_cmcp_chlm_hali_rrev_6
localize,#subtitle_zm_cmcp_chlm/zm_cmcp_chlm_hali_rrev_7
localize,#subtitle_zm_cmcp_chlm/zm_cmcp_chlm_hali_rrev_8
localize,#subtitle_zm_cmcp_chlm/zm_cmcp_chlm_hali_rrvr_1
localize,#subtitle_zm_cmcp_chlm/zm_cmcp_chlm_hali_rrvr_2
localize,#subtitle_zm_cmcp_chlm/zm_cmcp_chlm_hali_rrvr_3
localize,#subtitle_zm_cmcp_chlm/zm_cmcp_chlm_hali_rrvr_4
localize,#subtitle_zm_cmcp_chlm/zm_cmcp_chlm_hali_rrvr_5
localize,#subtitle_zm_cmcp_chlm/zm_cmcp_chlm_hali_rrvr_6
localize,#subtitle_zm_cmcp_chlm/zm_cmcp_chlm_hali_rrvr_7
localize,#subtitle_zm_cmcp_chlm/zm_cmcp_chlm_hali_rrvr_8
localize,#subtitle_zm_cmcp_chlm/zm_cmcp_chlm_hali_wcir_1
localize,#subtitle_zm_cmcp_chlm/zm_cmcp_chlm_hali_wcir_2
localize,#subtitle_zm_cmcp_chlm/zm_cmcp_chlm_hali_wcir_3
localize,#subtitle_zm_cmcp_chlm/zm_cmcp_chlm_hali_wcir_4
localize,#subtitle_zm_cmcp_cinv/inviktor
localize,#subtitle_zm_cmcp_cinv/zm_cmcp_cinv_dnvk_asrn_1
localize,#subtitle_zm_cmcp_cinv/zm_cmcp_cinv_dnvk_asrn_10
localize,#subtitle_zm_cmcp_cinv/zm_cmcp_cinv_dnvk_asrn_2
localize,#subtitle_zm_cmcp_cinv/zm_cmcp_cinv_dnvk_asrn_3
localize,#subtitle_zm_cmcp_cinv/zm_cmcp_cinv_dnvk_asrn_4
localize,#subtitle_zm_cmcp_cinv/zm_cmcp_cinv_dnvk_asrn_5
localize,#subtitle_zm_cmcp_cinv/zm_cmcp_cinv_dnvk_asrn_6
localize,#subtitle_zm_cmcp_cinv/zm_cmcp_cinv_dnvk_asrn_7
localize,#subtitle_zm_cmcp_cinv/zm_cmcp_cinv_dnvk_asrn_8
localize,#subtitle_zm_cmcp_cinv/zm_cmcp_cinv_dnvk_asrn_9
localize,#subtitle_zm_cmcp_cinv/zm_cmcp_cinv_dnvk_dmns_1
localize,#subtitle_zm_cmcp_cinv/zm_cmcp_cinv_dnvk_dmns_2
localize,#subtitle_zm_cmcp_cinv/zm_cmcp_cinv_dnvk_dmns_3
localize,#subtitle_zm_cmcp_cinv/zm_cmcp_cinv_dnvk_dmrf_1
localize,#subtitle_zm_cmcp_cinv/zm_cmcp_cinv_dnvk_dmrf_10
localize,#subtitle_zm_cmcp_cinv/zm_cmcp_cinv_dnvk_dmrf_2
localize,#subtitle_zm_cmcp_cinv/zm_cmcp_cinv_dnvk_dmrf_3
localize,#subtitle_zm_cmcp_cinv/zm_cmcp_cinv_dnvk_dmrf_4
localize,#subtitle_zm_cmcp_cinv/zm_cmcp_cinv_dnvk_dmrf_5
localize,#subtitle_zm_cmcp_cinv/zm_cmcp_cinv_dnvk_dmrf_6
localize,#subtitle_zm_cmcp_cinv/zm_cmcp_cinv_dnvk_dmrf_7
localize,#subtitle_zm_cmcp_cinv/zm_cmcp_cinv_dnvk_dmrf_8
localize,#subtitle_zm_cmcp_cinv/zm_cmcp_cinv_dnvk_dmrf_9
localize,#subtitle_zm_cmcp_cinv/zm_cmcp_cinv_dnvk_drrf_1
localize,#subtitle_zm_cmcp_cinv/zm_cmcp_cinv_dnvk_drrf_10
localize,#subtitle_zm_cmcp_cinv/zm_cmcp_cinv_dnvk_drrf_2
localize,#subtitle_zm_cmcp_cinv/zm_cmcp_cinv_dnvk_drrf_3
localize,#subtitle_zm_cmcp_cinv/zm_cmcp_cinv_dnvk_drrf_4
localize,#subtitle_zm_cmcp_cinv/zm_cmcp_cinv_dnvk_drrf_5
localize,#subtitle_zm_cmcp_cinv/zm_cmcp_cinv_dnvk_drrf_6
localize,#subtitle_zm_cmcp_cinv/zm_cmcp_cinv_dnvk_drrf_7
localize,#subtitle_zm_cmcp_cinv/zm_cmcp_cinv_dnvk_drrf_8
localize,#subtitle_zm_cmcp_cinv/zm_cmcp_cinv_dnvk_drrf_9
localize,#subtitle_zm_cmcp_cinv/zm_cmcp_cinv_dnvk_durf_1
localize,#subtitle_zm_cmcp_cinv/zm_cmcp_cinv_dnvk_durf_10
localize,#subtitle_zm_cmcp_cinv/zm_cmcp_cinv_dnvk_durf_2
localize,#subtitle_zm_cmcp_cinv/zm_cmcp_cinv_dnvk_durf_3
localize,#subtitle_zm_cmcp_cinv/zm_cmcp_cinv_dnvk_durf_4
localize,#subtitle_zm_cmcp_cinv/zm_cmcp_cinv_dnvk_durf_5
localize,#subtitle_zm_cmcp_cinv/zm_cmcp_cinv_dnvk_durf_6
localize,#subtitle_zm_cmcp_cinv/zm_cmcp_cinv_dnvk_durf_7
localize,#subtitle_zm_cmcp_cinv/zm_cmcp_cinv_dnvk_durf_8
localize,#subtitle_zm_cmcp_cinv/zm_cmcp_cinv_dnvk_durf_9
localize,#subtitle_zm_cmcp_cinv/zm_cmcp_cinv_dnvk_gmvr_1
localize,#subtitle_zm_cmcp_cinv/zm_cmcp_cinv_dnvk_gmvr_2
localize,#subtitle_zm_cmcp_cinv/zm_cmcp_cinv_dnvk_gmvr_3
localize,#subtitle_zm_cmcp_cinv/zm_cmcp_cinv_dnvk_gmvr_4
localize,#subtitle_zm_cmcp_cinv/zm_cmcp_cinv_dnvk_gstr_1
localize,#subtitle_zm_cmcp_cinv/zm_cmcp_cinv_dnvk_gstr_2
localize,#subtitle_zm_cmcp_cinv/zm_cmcp_cinv_dnvk_gstr_3
localize,#subtitle_zm_cmcp_cinv/zm_cmcp_cinv_dnvk_gstr_4
localize,#subtitle_zm_cmcp_cinv/zm_cmcp_cinv_dnvk_nmny_1
localize,#subtitle_zm_cmcp_cinv/zm_cmcp_cinv_dnvk_nmny_2
localize,#subtitle_zm_cmcp_cinv/zm_cmcp_cinv_dnvk_nmny_3
localize,#subtitle_zm_cmcp_cinv/zm_cmcp_cinv_dnvk_nmny_4
localize,#subtitle_zm_cmcp_cinv/zm_cmcp_cinv_dnvk_nmny_5
localize,#subtitle_zm_cmcp_cinv/zm_cmcp_cinv_dnvk_puww_1
localize,#subtitle_zm_cmcp_cinv/zm_cmcp_cinv_dnvk_puww_2
localize,#subtitle_zm_cmcp_cinv/zm_cmcp_cinv_dnvk_puww_3
localize,#subtitle_zm_cmcp_cinv/zm_cmcp_cinv_dnvk_puww_4
localize,#subtitle_zm_cmcp_cinv/zm_cmcp_cinv_dnvk_puww_5
localize,#subtitle_zm_cmcp_cinv/zm_cmcp_cinv_dnvk_puww_6
localize,#subtitle_zm_cmcp_cinv/zm_cmcp_cinv_dnvk_puww_7
localize,#subtitle_zm_cmcp_cinv/zm_cmcp_cinv_dnvk_puww_8
localize,#subtitle_zm_cmcp_cinv/zm_cmcp_cinv_dnvk_puww_9
localize,#subtitle_zm_cmcp_cinv/zm_cmcp_cinv_dnvk_rcva_1
localize,#subtitle_zm_cmcp_cinv/zm_cmcp_cinv_dnvk_rcva_10
localize,#subtitle_zm_cmcp_cinv/zm_cmcp_cinv_dnvk_rcva_2
localize,#subtitle_zm_cmcp_cinv/zm_cmcp_cinv_dnvk_rcva_3
localize,#subtitle_zm_cmcp_cinv/zm_cmcp_cinv_dnvk_rcva_4
localize,#subtitle_zm_cmcp_cinv/zm_cmcp_cinv_dnvk_rcva_5
localize,#subtitle_zm_cmcp_cinv/zm_cmcp_cinv_dnvk_rcva_6
localize,#subtitle_zm_cmcp_cinv/zm_cmcp_cinv_dnvk_rcva_7
localize,#subtitle_zm_cmcp_cinv/zm_cmcp_cinv_dnvk_rcva_8
localize,#subtitle_zm_cmcp_cinv/zm_cmcp_cinv_dnvk_rcva_9
localize,#subtitle_zm_cmcp_cinv/zm_cmcp_cinv_dnvk_rmys_1
localize,#subtitle_zm_cmcp_cinv/zm_cmcp_cinv_dnvk_rmys_10
localize,#subtitle_zm_cmcp_cinv/zm_cmcp_cinv_dnvk_rmys_2
localize,#subtitle_zm_cmcp_cinv/zm_cmcp_cinv_dnvk_rmys_3
localize,#subtitle_zm_cmcp_cinv/zm_cmcp_cinv_dnvk_rmys_4
localize,#subtitle_zm_cmcp_cinv/zm_cmcp_cinv_dnvk_rmys_5
localize,#subtitle_zm_cmcp_cinv/zm_cmcp_cinv_dnvk_rmys_6
localize,#subtitle_zm_cmcp_cinv/zm_cmcp_cinv_dnvk_rmys_7
localize,#subtitle_zm_cmcp_cinv/zm_cmcp_cinv_dnvk_rmys_8
localize,#subtitle_zm_cmcp_cinv/zm_cmcp_cinv_dnvk_rmys_9
localize,#subtitle_zm_cmcp_cinv/zm_cmcp_cinv_dnvk_rp2x_1
localize,#subtitle_zm_cmcp_cinv/zm_cmcp_cinv_dnvk_rp2x_2
localize,#subtitle_zm_cmcp_cinv/zm_cmcp_cinv_dnvk_rp2x_3
localize,#subtitle_zm_cmcp_cinv/zm_cmcp_cinv_dnvk_rp2x_4
localize,#subtitle_zm_cmcp_cinv/zm_cmcp_cinv_dnvk_rp2x_5
localize,#subtitle_zm_cmcp_cinv/zm_cmcp_cinv_dnvk_rpaf_1
localize,#subtitle_zm_cmcp_cinv/zm_cmcp_cinv_dnvk_rpaf_2
localize,#subtitle_zm_cmcp_cinv/zm_cmcp_cinv_dnvk_rpaf_3
localize,#subtitle_zm_cmcp_cinv/zm_cmcp_cinv_dnvk_rpaf_4
localize,#subtitle_zm_cmcp_cinv/zm_cmcp_cinv_dnvk_rpaf_5
localize,#subtitle_zm_cmcp_cinv/zm_cmcp_cinv_dnvk_rpap_1
localize,#subtitle_zm_cmcp_cinv/zm_cmcp_cinv_dnvk_rpap_10
localize,#subtitle_zm_cmcp_cinv/zm_cmcp_cinv_dnvk_rpap_2
localize,#subtitle_zm_cmcp_cinv/zm_cmcp_cinv_dnvk_rpap_3
localize,#subtitle_zm_cmcp_cinv/zm_cmcp_cinv_dnvk_rpap_4
localize,#subtitle_zm_cmcp_cinv/zm_cmcp_cinv_dnvk_rpap_5
localize,#subtitle_zm_cmcp_cinv/zm_cmcp_cinv_dnvk_rpap_6
localize,#subtitle_zm_cmcp_cinv/zm_cmcp_cinv_dnvk_rpap_7
localize,#subtitle_zm_cmcp_cinv/zm_cmcp_cinv_dnvk_rpap_8
localize,#subtitle_zm_cmcp_cinv/zm_cmcp_cinv_dnvk_rpap_9
localize,#subtitle_zm_cmcp_cinv/zm_cmcp_cinv_dnvk_rpbp_1
localize,#subtitle_zm_cmcp_cinv/zm_cmcp_cinv_dnvk_rpbp_2
localize,#subtitle_zm_cmcp_cinv/zm_cmcp_cinv_dnvk_rpbp_3
localize,#subtitle_zm_cmcp_cinv/zm_cmcp_cinv_dnvk_rpbp_4
localize,#subtitle_zm_cmcp_cinv/zm_cmcp_cinv_dnvk_rpbp_5
localize,#subtitle_zm_cmcp_cinv/zm_cmcp_cinv_dnvk_rpfs_1
localize,#subtitle_zm_cmcp_cinv/zm_cmcp_cinv_dnvk_rpfs_2
localize,#subtitle_zm_cmcp_cinv/zm_cmcp_cinv_dnvk_rpfs_3
localize,#subtitle_zm_cmcp_cinv/zm_cmcp_cinv_dnvk_rpfs_4
localize,#subtitle_zm_cmcp_cinv/zm_cmcp_cinv_dnvk_rpfs_5
localize,#subtitle_zm_cmcp_cinv/zm_cmcp_cinv_dnvk_rpik_1
localize,#subtitle_zm_cmcp_cinv/zm_cmcp_cinv_dnvk_rpik_2
localize,#subtitle_zm_cmcp_cinv/zm_cmcp_cinv_dnvk_rpik_3
localize,#subtitle_zm_cmcp_cinv/zm_cmcp_cinv_dnvk_rpik_4
localize,#subtitle_zm_cmcp_cinv/zm_cmcp_cinv_dnvk_rpik_5
localize,#subtitle_zm_cmcp_cinv/zm_cmcp_cinv_dnvk_rpkf_1
localize,#subtitle_zm_cmcp_cinv/zm_cmcp_cinv_dnvk_rpkf_10
localize,#subtitle_zm_cmcp_cinv/zm_cmcp_cinv_dnvk_rpkf_2
localize,#subtitle_zm_cmcp_cinv/zm_cmcp_cinv_dnvk_rpkf_3
localize,#subtitle_zm_cmcp_cinv/zm_cmcp_cinv_dnvk_rpkf_4
localize,#subtitle_zm_cmcp_cinv/zm_cmcp_cinv_dnvk_rpkf_5
localize,#subtitle_zm_cmcp_cinv/zm_cmcp_cinv_dnvk_rpkf_6
localize,#subtitle_zm_cmcp_cinv/zm_cmcp_cinv_dnvk_rpkf_7
localize,#subtitle_zm_cmcp_cinv/zm_cmcp_cinv_dnvk_rpkf_8
localize,#subtitle_zm_cmcp_cinv/zm_cmcp_cinv_dnvk_rpkf_9
localize,#subtitle_zm_cmcp_cinv/zm_cmcp_cinv_dnvk_rpma_1
localize,#subtitle_zm_cmcp_cinv/zm_cmcp_cinv_dnvk_rpma_2
localize,#subtitle_zm_cmcp_cinv/zm_cmcp_cinv_dnvk_rpma_3
localize,#subtitle_zm_cmcp_cinv/zm_cmcp_cinv_dnvk_rpma_4
localize,#subtitle_zm_cmcp_cinv/zm_cmcp_cinv_dnvk_rpma_5
localize,#subtitle_zm_cmcp_cinv/zm_cmcp_cinv_dnvk_rpnk_1
localize,#subtitle_zm_cmcp_cinv/zm_cmcp_cinv_dnvk_rpnk_2
localize,#subtitle_zm_cmcp_cinv/zm_cmcp_cinv_dnvk_rpnk_3
localize,#subtitle_zm_cmcp_cinv/zm_cmcp_cinv_dnvk_rpnk_4
localize,#subtitle_zm_cmcp_cinv/zm_cmcp_cinv_dnvk_rpnk_5
localize,#subtitle_zm_cmcp_cinv/zm_cmcp_cinv_dnvk_rtom_1
localize,#subtitle_zm_cmcp_cinv/zm_cmcp_cinv_dnvk_rtom_10
localize,#subtitle_zm_cmcp_cinv/zm_cmcp_cinv_dnvk_rtom_2
localize,#subtitle_zm_cmcp_cinv/zm_cmcp_cinv_dnvk_rtom_3
localize,#subtitle_zm_cmcp_cinv/zm_cmcp_cinv_dnvk_rtom_4
localize,#subtitle_zm_cmcp_cinv/zm_cmcp_cinv_dnvk_rtom_5
localize,#subtitle_zm_cmcp_cinv/zm_cmcp_cinv_dnvk_rtom_6
localize,#subtitle_zm_cmcp_cinv/zm_cmcp_cinv_dnvk_rtom_7
localize,#subtitle_zm_cmcp_cinv/zm_cmcp_cinv_dnvk_rtom_8
localize,#subtitle_zm_cmcp_cinv/zm_cmcp_cinv_dnvk_rtom_9
localize,#subtitle_zm_cmcp_cinv/zm_cmcp_cinv_dnvk_ssrn_1
localize,#subtitle_zm_cmcp_cinv/zm_cmcp_cinv_dnvk_ssrn_10
localize,#subtitle_zm_cmcp_cinv/zm_cmcp_cinv_dnvk_ssrn_2
localize,#subtitle_zm_cmcp_cinv/zm_cmcp_cinv_dnvk_ssrn_3
localize,#subtitle_zm_cmcp_cinv/zm_cmcp_cinv_dnvk_ssrn_4
localize,#subtitle_zm_cmcp_cinv/zm_cmcp_cinv_dnvk_ssrn_5
localize,#subtitle_zm_cmcp_cinv/zm_cmcp_cinv_dnvk_ssrn_6
localize,#subtitle_zm_cmcp_cinv/zm_cmcp_cinv_dnvk_ssrn_7
localize,#subtitle_zm_cmcp_cinv/zm_cmcp_cinv_dnvk_ssrn_8
localize,#subtitle_zm_cmcp_cinv/zm_cmcp_cinv_dnvk_ssrn_9
localize,#subtitle_zm_cmcp_ckng/arthur_kingsley
localize,#subtitle_zm_cmcp_ckng/zm_cmcp_ckng_arth_arpl_1
localize,#subtitle_zm_cmcp_ckng/zm_cmcp_ckng_arth_arpl_10
localize,#subtitle_zm_cmcp_ckng/zm_cmcp_ckng_arth_arpl_2
localize,#subtitle_zm_cmcp_ckng/zm_cmcp_ckng_arth_arpl_3
localize,#subtitle_zm_cmcp_ckng/zm_cmcp_ckng_arth_arpl_4
localize,#subtitle_zm_cmcp_ckng/zm_cmcp_ckng_arth_arpl_5
localize,#subtitle_zm_cmcp_ckng/zm_cmcp_ckng_arth_arpl_6
localize,#subtitle_zm_cmcp_ckng/zm_cmcp_ckng_arth_arpl_7
localize,#subtitle_zm_cmcp_ckng/zm_cmcp_ckng_arth_arpl_8
localize,#subtitle_zm_cmcp_ckng/zm_cmcp_ckng_arth_arpl_9
localize,#subtitle_zm_cmcp_ckng/zm_cmcp_ckng_arth_atkz_1
localize,#subtitle_zm_cmcp_ckng/zm_cmcp_ckng_arth_atkz_10
localize,#subtitle_zm_cmcp_ckng/zm_cmcp_ckng_arth_atkz_2
localize,#subtitle_zm_cmcp_ckng/zm_cmcp_ckng_arth_atkz_3
localize,#subtitle_zm_cmcp_ckng/zm_cmcp_ckng_arth_atkz_4
localize,#subtitle_zm_cmcp_ckng/zm_cmcp_ckng_arth_atkz_5
localize,#subtitle_zm_cmcp_ckng/zm_cmcp_ckng_arth_atkz_6
localize,#subtitle_zm_cmcp_ckng/zm_cmcp_ckng_arth_atkz_7
localize,#subtitle_zm_cmcp_ckng/zm_cmcp_ckng_arth_atkz_8
localize,#subtitle_zm_cmcp_ckng/zm_cmcp_ckng_arth_atkz_9
localize,#subtitle_zm_cmcp_ckng/zm_cmcp_ckng_arth_kmnk_1
localize,#subtitle_zm_cmcp_ckng/zm_cmcp_ckng_arth_kmnk_2
localize,#subtitle_zm_cmcp_ckng/zm_cmcp_ckng_arth_kmnk_3
localize,#subtitle_zm_cmcp_ckng/zm_cmcp_ckng_arth_kmnk_4
localize,#subtitle_zm_cmcp_ckng/zm_cmcp_ckng_arth_kmnk_5
localize,#subtitle_zm_cmcp_ckng/zm_cmcp_ckng_arth_kmnk_6
localize,#subtitle_zm_cmcp_ckng/zm_cmcp_ckng_arth_kzcl_1
localize,#subtitle_zm_cmcp_ckng/zm_cmcp_ckng_arth_kzcl_10
localize,#subtitle_zm_cmcp_ckng/zm_cmcp_ckng_arth_kzcl_2
localize,#subtitle_zm_cmcp_ckng/zm_cmcp_ckng_arth_kzcl_3
localize,#subtitle_zm_cmcp_ckng/zm_cmcp_ckng_arth_kzcl_4
localize,#subtitle_zm_cmcp_ckng/zm_cmcp_ckng_arth_kzcl_5
localize,#subtitle_zm_cmcp_ckng/zm_cmcp_ckng_arth_kzcl_6
localize,#subtitle_zm_cmcp_ckng/zm_cmcp_ckng_arth_kzcl_7
localize,#subtitle_zm_cmcp_ckng/zm_cmcp_ckng_arth_kzcl_8
localize,#subtitle_zm_cmcp_ckng/zm_cmcp_ckng_arth_kzcl_9
localize,#subtitle_zm_cmcp_ckng/zm_cmcp_ckng_arth_kzhs_1
localize,#subtitle_zm_cmcp_ckng/zm_cmcp_ckng_arth_kzhs_10
localize,#subtitle_zm_cmcp_ckng/zm_cmcp_ckng_arth_kzhs_2
localize,#subtitle_zm_cmcp_ckng/zm_cmcp_ckng_arth_kzhs_3
localize,#subtitle_zm_cmcp_ckng/zm_cmcp_ckng_arth_kzhs_4
localize,#subtitle_zm_cmcp_ckng/zm_cmcp_ckng_arth_kzhs_5
localize,#subtitle_zm_cmcp_ckng/zm_cmcp_ckng_arth_kzhs_6
localize,#subtitle_zm_cmcp_ckng/zm_cmcp_ckng_arth_kzhs_7
localize,#subtitle_zm_cmcp_ckng/zm_cmcp_ckng_arth_kzhs_8
localize,#subtitle_zm_cmcp_ckng/zm_cmcp_ckng_arth_kzhs_9
localize,#subtitle_zm_cmcp_ckng/zm_cmcp_ckng_arth_kzjg_1
localize,#subtitle_zm_cmcp_ckng/zm_cmcp_ckng_arth_kzjg_10
localize,#subtitle_zm_cmcp_ckng/zm_cmcp_ckng_arth_kzjg_2
localize,#subtitle_zm_cmcp_ckng/zm_cmcp_ckng_arth_kzjg_3
localize,#subtitle_zm_cmcp_ckng/zm_cmcp_ckng_arth_kzjg_4
localize,#subtitle_zm_cmcp_ckng/zm_cmcp_ckng_arth_kzjg_5
localize,#subtitle_zm_cmcp_ckng/zm_cmcp_ckng_arth_kzjg_6
localize,#subtitle_zm_cmcp_ckng/zm_cmcp_ckng_arth_kzjg_7
localize,#subtitle_zm_cmcp_ckng/zm_cmcp_ckng_arth_kzjg_8
localize,#subtitle_zm_cmcp_ckng/zm_cmcp_ckng_arth_kzjg_9
localize,#subtitle_zm_cmcp_ckng/zm_cmcp_ckng_arth_kzks_1
localize,#subtitle_zm_cmcp_ckng/zm_cmcp_ckng_arth_kzks_10
localize,#subtitle_zm_cmcp_ckng/zm_cmcp_ckng_arth_kzks_2
localize,#subtitle_zm_cmcp_ckng/zm_cmcp_ckng_arth_kzks_3
localize,#subtitle_zm_cmcp_ckng/zm_cmcp_ckng_arth_kzks_4
localize,#subtitle_zm_cmcp_ckng/zm_cmcp_ckng_arth_kzks_5
localize,#subtitle_zm_cmcp_ckng/zm_cmcp_ckng_arth_kzks_6
localize,#subtitle_zm_cmcp_ckng/zm_cmcp_ckng_arth_kzks_7
localize,#subtitle_zm_cmcp_ckng/zm_cmcp_ckng_arth_kzks_8
localize,#subtitle_zm_cmcp_ckng/zm_cmcp_ckng_arth_kzks_9
localize,#subtitle_zm_cmcp_ckng/zm_cmcp_ckng_arth_kzrv_1
localize,#subtitle_zm_cmcp_ckng/zm_cmcp_ckng_arth_kzrv_10
localize,#subtitle_zm_cmcp_ckng/zm_cmcp_ckng_arth_kzrv_2
localize,#subtitle_zm_cmcp_ckng/zm_cmcp_ckng_arth_kzrv_3
localize,#subtitle_zm_cmcp_ckng/zm_cmcp_ckng_arth_kzrv_4
localize,#subtitle_zm_cmcp_ckng/zm_cmcp_ckng_arth_kzrv_5
localize,#subtitle_zm_cmcp_ckng/zm_cmcp_ckng_arth_kzrv_6
localize,#subtitle_zm_cmcp_ckng/zm_cmcp_ckng_arth_kzrv_7
localize,#subtitle_zm_cmcp_ckng/zm_cmcp_ckng_arth_kzrv_8
localize,#subtitle_zm_cmcp_ckng/zm_cmcp_ckng_arth_kzrv_9
localize,#subtitle_zm_cmcp_ckng/zm_cmcp_ckng_arth_kzsu_1
localize,#subtitle_zm_cmcp_ckng/zm_cmcp_ckng_arth_kzsu_10
localize,#subtitle_zm_cmcp_ckng/zm_cmcp_ckng_arth_kzsu_2
localize,#subtitle_zm_cmcp_ckng/zm_cmcp_ckng_arth_kzsu_3
localize,#subtitle_zm_cmcp_ckng/zm_cmcp_ckng_arth_kzsu_4
localize,#subtitle_zm_cmcp_ckng/zm_cmcp_ckng_arth_kzsu_5
localize,#subtitle_zm_cmcp_ckng/zm_cmcp_ckng_arth_kzsu_6
localize,#subtitle_zm_cmcp_ckng/zm_cmcp_ckng_arth_kzsu_7
localize,#subtitle_zm_cmcp_ckng/zm_cmcp_ckng_arth_kzsu_8
localize,#subtitle_zm_cmcp_ckng/zm_cmcp_ckng_arth_kzsu_9
localize,#subtitle_zm_cmcp_ckng/zm_cmcp_ckng_arth_pitm_1
localize,#subtitle_zm_cmcp_ckng/zm_cmcp_ckng_arth_pitm_10
localize,#subtitle_zm_cmcp_ckng/zm_cmcp_ckng_arth_pitm_2
localize,#subtitle_zm_cmcp_ckng/zm_cmcp_ckng_arth_pitm_3
localize,#subtitle_zm_cmcp_ckng/zm_cmcp_ckng_arth_pitm_4
localize,#subtitle_zm_cmcp_ckng/zm_cmcp_ckng_arth_pitm_5
localize,#subtitle_zm_cmcp_ckng/zm_cmcp_ckng_arth_pitm_6
localize,#subtitle_zm_cmcp_ckng/zm_cmcp_ckng_arth_pitm_7
localize,#subtitle_zm_cmcp_ckng/zm_cmcp_ckng_arth_pitm_8
localize,#subtitle_zm_cmcp_ckng/zm_cmcp_ckng_arth_pitm_9
localize,#subtitle_zm_cmcp_ckng/zm_cmcp_ckng_arth_plmg_1
localize,#subtitle_zm_cmcp_ckng/zm_cmcp_ckng_arth_plmg_2
localize,#subtitle_zm_cmcp_ckng/zm_cmcp_ckng_arth_plmg_3
localize,#subtitle_zm_cmcp_ckng/zm_cmcp_ckng_arth_plmg_4
localize,#subtitle_zm_cmcp_ckng/zm_cmcp_ckng_arth_plmg_5
localize,#subtitle_zm_cmcp_ckng/zm_cmcp_ckng_arth_pmel_1
localize,#subtitle_zm_cmcp_ckng/zm_cmcp_ckng_arth_pmel_2
localize,#subtitle_zm_cmcp_ckng/zm_cmcp_ckng_arth_pmel_3
localize,#subtitle_zm_cmcp_ckng/zm_cmcp_ckng_arth_pmel_4
localize,#subtitle_zm_cmcp_ckng/zm_cmcp_ckng_arth_pmel_5
localize,#subtitle_zm_cmcp_ckng/zm_cmcp_ckng_arth_pmrk_1
localize,#subtitle_zm_cmcp_ckng/zm_cmcp_ckng_arth_pmrk_2
localize,#subtitle_zm_cmcp_ckng/zm_cmcp_ckng_arth_pmrk_3
localize,#subtitle_zm_cmcp_ckng/zm_cmcp_ckng_arth_pmrk_4
localize,#subtitle_zm_cmcp_ckng/zm_cmcp_ckng_arth_pmrk_5
localize,#subtitle_zm_cmcp_ckng/zm_cmcp_ckng_arth_psht_1
localize,#subtitle_zm_cmcp_ckng/zm_cmcp_ckng_arth_psht_2
localize,#subtitle_zm_cmcp_ckng/zm_cmcp_ckng_arth_psht_3
localize,#subtitle_zm_cmcp_ckng/zm_cmcp_ckng_arth_psht_4
localize,#subtitle_zm_cmcp_ckng/zm_cmcp_ckng_arth_psht_5
localize,#subtitle_zm_cmcp_ckng/zm_cmcp_ckng_arth_psmg_1
localize,#subtitle_zm_cmcp_ckng/zm_cmcp_ckng_arth_psmg_2
localize,#subtitle_zm_cmcp_ckng/zm_cmcp_ckng_arth_psmg_3
localize,#subtitle_zm_cmcp_ckng/zm_cmcp_ckng_arth_psmg_4
localize,#subtitle_zm_cmcp_ckng/zm_cmcp_ckng_arth_psmg_5
localize,#subtitle_zm_cmcp_ckng/zm_cmcp_ckng_arth_psnp_1
localize,#subtitle_zm_cmcp_ckng/zm_cmcp_ckng_arth_psnp_2
localize,#subtitle_zm_cmcp_ckng/zm_cmcp_ckng_arth_psnp_3
localize,#subtitle_zm_cmcp_ckng/zm_cmcp_ckng_arth_psnp_4
localize,#subtitle_zm_cmcp_ckng/zm_cmcp_ckng_arth_psnp_5
localize,#subtitle_zm_cmcp_ckng/zm_cmcp_ckng_arth_pwar_1
localize,#subtitle_zm_cmcp_ckng/zm_cmcp_ckng_arth_pwar_2
localize,#subtitle_zm_cmcp_ckng/zm_cmcp_ckng_arth_pwar_3
localize,#subtitle_zm_cmcp_ckng/zm_cmcp_ckng_arth_pwar_4
localize,#subtitle_zm_cmcp_ckng/zm_cmcp_ckng_arth_pwar_5
localize,#subtitle_zm_cmcp_ckng/zm_cmcp_ckng_arth_pwpn_1
localize,#subtitle_zm_cmcp_ckng/zm_cmcp_ckng_arth_pwpn_2
localize,#subtitle_zm_cmcp_ckng/zm_cmcp_ckng_arth_pwpn_3
localize,#subtitle_zm_cmcp_ckng/zm_cmcp_ckng_arth_pwpn_4
localize,#subtitle_zm_cmcp_ckng/zm_cmcp_ckng_arth_pwpn_5
localize,#subtitle_zm_cmcp_ckng/zm_cmcp_ckng_arth_raup_1
localize,#subtitle_zm_cmcp_ckng/zm_cmcp_ckng_arth_raup_10
localize,#subtitle_zm_cmcp_ckng/zm_cmcp_ckng_arth_raup_2
localize,#subtitle_zm_cmcp_ckng/zm_cmcp_ckng_arth_raup_3
localize,#subtitle_zm_cmcp_ckng/zm_cmcp_ckng_arth_raup_4
localize,#subtitle_zm_cmcp_ckng/zm_cmcp_ckng_arth_raup_5
localize,#subtitle_zm_cmcp_ckng/zm_cmcp_ckng_arth_raup_6
localize,#subtitle_zm_cmcp_ckng/zm_cmcp_ckng_arth_raup_7
localize,#subtitle_zm_cmcp_ckng/zm_cmcp_ckng_arth_raup_8
localize,#subtitle_zm_cmcp_ckng/zm_cmcp_ckng_arth_raup_9
localize,#subtitle_zm_cmcp_ckng/zm_cmcp_ckng_arth_rcvn_1
localize,#subtitle_zm_cmcp_ckng/zm_cmcp_ckng_arth_rcvn_10
localize,#subtitle_zm_cmcp_ckng/zm_cmcp_ckng_arth_rcvn_2
localize,#subtitle_zm_cmcp_ckng/zm_cmcp_ckng_arth_rcvn_3
localize,#subtitle_zm_cmcp_ckng/zm_cmcp_ckng_arth_rcvn_4
localize,#subtitle_zm_cmcp_ckng/zm_cmcp_ckng_arth_rcvn_5
localize,#subtitle_zm_cmcp_ckng/zm_cmcp_ckng_arth_rcvn_6
localize,#subtitle_zm_cmcp_ckng/zm_cmcp_ckng_arth_rcvn_7
localize,#subtitle_zm_cmcp_ckng/zm_cmcp_ckng_arth_rcvn_8
localize,#subtitle_zm_cmcp_ckng/zm_cmcp_ckng_arth_rcvn_9
localize,#subtitle_zm_cmcp_ckng/zm_cmcp_ckng_arth_rdwn_1
localize,#subtitle_zm_cmcp_ckng/zm_cmcp_ckng_arth_rdwn_2
localize,#subtitle_zm_cmcp_ckng/zm_cmcp_ckng_arth_rdwn_3
localize,#subtitle_zm_cmcp_ckng/zm_cmcp_ckng_arth_rdwn_4
localize,#subtitle_zm_cmcp_ckng/zm_cmcp_ckng_arth_rdwn_5
localize,#subtitle_zm_cmcp_ckng/zm_cmcp_ckng_arth_rdwn_6
localize,#subtitle_zm_cmcp_ckng/zm_cmcp_ckng_arth_rdwn_7
localize,#subtitle_zm_cmcp_ckng/zm_cmcp_ckng_arth_rdwn_8
localize,#subtitle_zm_cmcp_ckng/zm_cmcp_ckng_arth_rplr_1
localize,#subtitle_zm_cmcp_ckng/zm_cmcp_ckng_arth_rplr_10
localize,#subtitle_zm_cmcp_ckng/zm_cmcp_ckng_arth_rplr_2
localize,#subtitle_zm_cmcp_ckng/zm_cmcp_ckng_arth_rplr_3
localize,#subtitle_zm_cmcp_ckng/zm_cmcp_ckng_arth_rplr_4
localize,#subtitle_zm_cmcp_ckng/zm_cmcp_ckng_arth_rplr_5
localize,#subtitle_zm_cmcp_ckng/zm_cmcp_ckng_arth_rplr_6
localize,#subtitle_zm_cmcp_ckng/zm_cmcp_ckng_arth_rplr_7
localize,#subtitle_zm_cmcp_ckng/zm_cmcp_ckng_arth_rplr_8
localize,#subtitle_zm_cmcp_ckng/zm_cmcp_ckng_arth_rplr_9
localize,#subtitle_zm_cmcp_ckng/zm_cmcp_ckng_arth_rprk_1
localize,#subtitle_zm_cmcp_ckng/zm_cmcp_ckng_arth_rprk_10
localize,#subtitle_zm_cmcp_ckng/zm_cmcp_ckng_arth_rprk_2
localize,#subtitle_zm_cmcp_ckng/zm_cmcp_ckng_arth_rprk_3
localize,#subtitle_zm_cmcp_ckng/zm_cmcp_ckng_arth_rprk_4
localize,#subtitle_zm_cmcp_ckng/zm_cmcp_ckng_arth_rprk_5
localize,#subtitle_zm_cmcp_ckng/zm_cmcp_ckng_arth_rprk_6
localize,#subtitle_zm_cmcp_ckng/zm_cmcp_ckng_arth_rprk_7
localize,#subtitle_zm_cmcp_ckng/zm_cmcp_ckng_arth_rprk_8
localize,#subtitle_zm_cmcp_ckng/zm_cmcp_ckng_arth_rprk_9
localize,#subtitle_zm_cmcp_ckng/zm_cmcp_ckng_arth_rrev_1
localize,#subtitle_zm_cmcp_ckng/zm_cmcp_ckng_arth_rrev_2
localize,#subtitle_zm_cmcp_ckng/zm_cmcp_ckng_arth_rrev_3
localize,#subtitle_zm_cmcp_ckng/zm_cmcp_ckng_arth_rrev_4
localize,#subtitle_zm_cmcp_ckng/zm_cmcp_ckng_arth_rrev_5
localize,#subtitle_zm_cmcp_ckng/zm_cmcp_ckng_arth_rrev_6
localize,#subtitle_zm_cmcp_ckng/zm_cmcp_ckng_arth_rrev_7
localize,#subtitle_zm_cmcp_ckng/zm_cmcp_ckng_arth_rrev_8
localize,#subtitle_zm_cmcp_ckng/zm_cmcp_ckng_arth_rrvr_1
localize,#subtitle_zm_cmcp_ckng/zm_cmcp_ckng_arth_rrvr_2
localize,#subtitle_zm_cmcp_ckng/zm_cmcp_ckng_arth_rrvr_3
localize,#subtitle_zm_cmcp_ckng/zm_cmcp_ckng_arth_rrvr_4
localize,#subtitle_zm_cmcp_ckng/zm_cmcp_ckng_arth_rrvr_5
localize,#subtitle_zm_cmcp_ckng/zm_cmcp_ckng_arth_rrvr_6
localize,#subtitle_zm_cmcp_ckng/zm_cmcp_ckng_arth_rrvr_7
localize,#subtitle_zm_cmcp_ckng/zm_cmcp_ckng_arth_rrvr_8
localize,#subtitle_zm_cmcp_ckng/zm_cmcp_ckng_arth_wcir_1
localize,#subtitle_zm_cmcp_ckng/zm_cmcp_ckng_arth_wcir_2
localize,#subtitle_zm_cmcp_ckng/zm_cmcp_ckng_arth_wcir_3
localize,#subtitle_zm_cmcp_ckng/zm_cmcp_ckng_arth_wcir_4
localize,#subtitle_zm_cmcp_clcs/lucas_riggs
localize,#subtitle_zm_cmcp_clcs/zm_cmcp_clcs_luca_arpl_1
localize,#subtitle_zm_cmcp_clcs/zm_cmcp_clcs_luca_arpl_10
localize,#subtitle_zm_cmcp_clcs/zm_cmcp_clcs_luca_arpl_2
localize,#subtitle_zm_cmcp_clcs/zm_cmcp_clcs_luca_arpl_3
localize,#subtitle_zm_cmcp_clcs/zm_cmcp_clcs_luca_arpl_4
localize,#subtitle_zm_cmcp_clcs/zm_cmcp_clcs_luca_arpl_5
localize,#subtitle_zm_cmcp_clcs/zm_cmcp_clcs_luca_arpl_6
localize,#subtitle_zm_cmcp_clcs/zm_cmcp_clcs_luca_arpl_7
localize,#subtitle_zm_cmcp_clcs/zm_cmcp_clcs_luca_arpl_8
localize,#subtitle_zm_cmcp_clcs/zm_cmcp_clcs_luca_arpl_9
localize,#subtitle_zm_cmcp_clcs/zm_cmcp_clcs_luca_atkz_1
localize,#subtitle_zm_cmcp_clcs/zm_cmcp_clcs_luca_atkz_10
localize,#subtitle_zm_cmcp_clcs/zm_cmcp_clcs_luca_atkz_2
localize,#subtitle_zm_cmcp_clcs/zm_cmcp_clcs_luca_atkz_3
localize,#subtitle_zm_cmcp_clcs/zm_cmcp_clcs_luca_atkz_4
localize,#subtitle_zm_cmcp_clcs/zm_cmcp_clcs_luca_atkz_5
localize,#subtitle_zm_cmcp_clcs/zm_cmcp_clcs_luca_atkz_6
localize,#subtitle_zm_cmcp_clcs/zm_cmcp_clcs_luca_atkz_7
localize,#subtitle_zm_cmcp_clcs/zm_cmcp_clcs_luca_atkz_8
localize,#subtitle_zm_cmcp_clcs/zm_cmcp_clcs_luca_atkz_9
localize,#subtitle_zm_cmcp_clcs/zm_cmcp_clcs_luca_kmnk_1
localize,#subtitle_zm_cmcp_clcs/zm_cmcp_clcs_luca_kmnk_2
localize,#subtitle_zm_cmcp_clcs/zm_cmcp_clcs_luca_kmnk_3
localize,#subtitle_zm_cmcp_clcs/zm_cmcp_clcs_luca_kmnk_4
localize,#subtitle_zm_cmcp_clcs/zm_cmcp_clcs_luca_kmnk_5
localize,#subtitle_zm_cmcp_clcs/zm_cmcp_clcs_luca_kmnk_6
localize,#subtitle_zm_cmcp_clcs/zm_cmcp_clcs_luca_kzcl_1
localize,#subtitle_zm_cmcp_clcs/zm_cmcp_clcs_luca_kzcl_10
localize,#subtitle_zm_cmcp_clcs/zm_cmcp_clcs_luca_kzcl_2
localize,#subtitle_zm_cmcp_clcs/zm_cmcp_clcs_luca_kzcl_3
localize,#subtitle_zm_cmcp_clcs/zm_cmcp_clcs_luca_kzcl_4
localize,#subtitle_zm_cmcp_clcs/zm_cmcp_clcs_luca_kzcl_5
localize,#subtitle_zm_cmcp_clcs/zm_cmcp_clcs_luca_kzcl_6
localize,#subtitle_zm_cmcp_clcs/zm_cmcp_clcs_luca_kzcl_7
localize,#subtitle_zm_cmcp_clcs/zm_cmcp_clcs_luca_kzcl_8
localize,#subtitle_zm_cmcp_clcs/zm_cmcp_clcs_luca_kzcl_9
localize,#subtitle_zm_cmcp_clcs/zm_cmcp_clcs_luca_kzhs_1
localize,#subtitle_zm_cmcp_clcs/zm_cmcp_clcs_luca_kzhs_10
localize,#subtitle_zm_cmcp_clcs/zm_cmcp_clcs_luca_kzhs_2
localize,#subtitle_zm_cmcp_clcs/zm_cmcp_clcs_luca_kzhs_3
localize,#subtitle_zm_cmcp_clcs/zm_cmcp_clcs_luca_kzhs_4
localize,#subtitle_zm_cmcp_clcs/zm_cmcp_clcs_luca_kzhs_5
localize,#subtitle_zm_cmcp_clcs/zm_cmcp_clcs_luca_kzhs_6
localize,#subtitle_zm_cmcp_clcs/zm_cmcp_clcs_luca_kzhs_7
localize,#subtitle_zm_cmcp_clcs/zm_cmcp_clcs_luca_kzhs_8
localize,#subtitle_zm_cmcp_clcs/zm_cmcp_clcs_luca_kzhs_9
localize,#subtitle_zm_cmcp_clcs/zm_cmcp_clcs_luca_kzjg_1
localize,#subtitle_zm_cmcp_clcs/zm_cmcp_clcs_luca_kzjg_10
localize,#subtitle_zm_cmcp_clcs/zm_cmcp_clcs_luca_kzjg_2
localize,#subtitle_zm_cmcp_clcs/zm_cmcp_clcs_luca_kzjg_3
localize,#subtitle_zm_cmcp_clcs/zm_cmcp_clcs_luca_kzjg_4
localize,#subtitle_zm_cmcp_clcs/zm_cmcp_clcs_luca_kzjg_5
localize,#subtitle_zm_cmcp_clcs/zm_cmcp_clcs_luca_kzjg_6
localize,#subtitle_zm_cmcp_clcs/zm_cmcp_clcs_luca_kzjg_7
localize,#subtitle_zm_cmcp_clcs/zm_cmcp_clcs_luca_kzjg_8
localize,#subtitle_zm_cmcp_clcs/zm_cmcp_clcs_luca_kzjg_9
localize,#subtitle_zm_cmcp_clcs/zm_cmcp_clcs_luca_kzks_1
localize,#subtitle_zm_cmcp_clcs/zm_cmcp_clcs_luca_kzks_10
localize,#subtitle_zm_cmcp_clcs/zm_cmcp_clcs_luca_kzks_2
localize,#subtitle_zm_cmcp_clcs/zm_cmcp_clcs_luca_kzks_3
localize,#subtitle_zm_cmcp_clcs/zm_cmcp_clcs_luca_kzks_4
localize,#subtitle_zm_cmcp_clcs/zm_cmcp_clcs_luca_kzks_5
localize,#subtitle_zm_cmcp_clcs/zm_cmcp_clcs_luca_kzks_6
localize,#subtitle_zm_cmcp_clcs/zm_cmcp_clcs_luca_kzks_7
localize,#subtitle_zm_cmcp_clcs/zm_cmcp_clcs_luca_kzks_8
localize,#subtitle_zm_cmcp_clcs/zm_cmcp_clcs_luca_kzks_9
localize,#subtitle_zm_cmcp_clcs/zm_cmcp_clcs_luca_kzrv_1
localize,#subtitle_zm_cmcp_clcs/zm_cmcp_clcs_luca_kzrv_10
localize,#subtitle_zm_cmcp_clcs/zm_cmcp_clcs_luca_kzrv_2
localize,#subtitle_zm_cmcp_clcs/zm_cmcp_clcs_luca_kzrv_3
localize,#subtitle_zm_cmcp_clcs/zm_cmcp_clcs_luca_kzrv_4
localize,#subtitle_zm_cmcp_clcs/zm_cmcp_clcs_luca_kzrv_5
localize,#subtitle_zm_cmcp_clcs/zm_cmcp_clcs_luca_kzrv_6
localize,#subtitle_zm_cmcp_clcs/zm_cmcp_clcs_luca_kzrv_7
localize,#subtitle_zm_cmcp_clcs/zm_cmcp_clcs_luca_kzrv_8
localize,#subtitle_zm_cmcp_clcs/zm_cmcp_clcs_luca_kzrv_9
localize,#subtitle_zm_cmcp_clcs/zm_cmcp_clcs_luca_kzsu_1
localize,#subtitle_zm_cmcp_clcs/zm_cmcp_clcs_luca_kzsu_10
localize,#subtitle_zm_cmcp_clcs/zm_cmcp_clcs_luca_kzsu_2
localize,#subtitle_zm_cmcp_clcs/zm_cmcp_clcs_luca_kzsu_3
localize,#subtitle_zm_cmcp_clcs/zm_cmcp_clcs_luca_kzsu_4
localize,#subtitle_zm_cmcp_clcs/zm_cmcp_clcs_luca_kzsu_5
localize,#subtitle_zm_cmcp_clcs/zm_cmcp_clcs_luca_kzsu_6
localize,#subtitle_zm_cmcp_clcs/zm_cmcp_clcs_luca_kzsu_7
localize,#subtitle_zm_cmcp_clcs/zm_cmcp_clcs_luca_kzsu_8
localize,#subtitle_zm_cmcp_clcs/zm_cmcp_clcs_luca_kzsu_9
localize,#subtitle_zm_cmcp_clcs/zm_cmcp_clcs_luca_pitm_1
localize,#subtitle_zm_cmcp_clcs/zm_cmcp_clcs_luca_pitm_10
localize,#subtitle_zm_cmcp_clcs/zm_cmcp_clcs_luca_pitm_2
localize,#subtitle_zm_cmcp_clcs/zm_cmcp_clcs_luca_pitm_3
localize,#subtitle_zm_cmcp_clcs/zm_cmcp_clcs_luca_pitm_4
localize,#subtitle_zm_cmcp_clcs/zm_cmcp_clcs_luca_pitm_5
localize,#subtitle_zm_cmcp_clcs/zm_cmcp_clcs_luca_pitm_6
localize,#subtitle_zm_cmcp_clcs/zm_cmcp_clcs_luca_pitm_7
localize,#subtitle_zm_cmcp_clcs/zm_cmcp_clcs_luca_pitm_8
localize,#subtitle_zm_cmcp_clcs/zm_cmcp_clcs_luca_pitm_9
localize,#subtitle_zm_cmcp_clcs/zm_cmcp_clcs_luca_plmg_1
localize,#subtitle_zm_cmcp_clcs/zm_cmcp_clcs_luca_plmg_2
localize,#subtitle_zm_cmcp_clcs/zm_cmcp_clcs_luca_plmg_3
localize,#subtitle_zm_cmcp_clcs/zm_cmcp_clcs_luca_plmg_4
localize,#subtitle_zm_cmcp_clcs/zm_cmcp_clcs_luca_plmg_5
localize,#subtitle_zm_cmcp_clcs/zm_cmcp_clcs_luca_pmel_1
localize,#subtitle_zm_cmcp_clcs/zm_cmcp_clcs_luca_pmel_2
localize,#subtitle_zm_cmcp_clcs/zm_cmcp_clcs_luca_pmel_3
localize,#subtitle_zm_cmcp_clcs/zm_cmcp_clcs_luca_pmel_4
localize,#subtitle_zm_cmcp_clcs/zm_cmcp_clcs_luca_pmel_5
localize,#subtitle_zm_cmcp_clcs/zm_cmcp_clcs_luca_pmrk_1
localize,#subtitle_zm_cmcp_clcs/zm_cmcp_clcs_luca_pmrk_2
localize,#subtitle_zm_cmcp_clcs/zm_cmcp_clcs_luca_pmrk_3
localize,#subtitle_zm_cmcp_clcs/zm_cmcp_clcs_luca_pmrk_4
localize,#subtitle_zm_cmcp_clcs/zm_cmcp_clcs_luca_pmrk_5
localize,#subtitle_zm_cmcp_clcs/zm_cmcp_clcs_luca_psht_1
localize,#subtitle_zm_cmcp_clcs/zm_cmcp_clcs_luca_psht_2
localize,#subtitle_zm_cmcp_clcs/zm_cmcp_clcs_luca_psht_3
localize,#subtitle_zm_cmcp_clcs/zm_cmcp_clcs_luca_psht_4
localize,#subtitle_zm_cmcp_clcs/zm_cmcp_clcs_luca_psht_5
localize,#subtitle_zm_cmcp_clcs/zm_cmcp_clcs_luca_psmg_1
localize,#subtitle_zm_cmcp_clcs/zm_cmcp_clcs_luca_psmg_2
localize,#subtitle_zm_cmcp_clcs/zm_cmcp_clcs_luca_psmg_3
localize,#subtitle_zm_cmcp_clcs/zm_cmcp_clcs_luca_psmg_4
localize,#subtitle_zm_cmcp_clcs/zm_cmcp_clcs_luca_psmg_5
localize,#subtitle_zm_cmcp_clcs/zm_cmcp_clcs_luca_psnp_1
localize,#subtitle_zm_cmcp_clcs/zm_cmcp_clcs_luca_psnp_2
localize,#subtitle_zm_cmcp_clcs/zm_cmcp_clcs_luca_psnp_3
localize,#subtitle_zm_cmcp_clcs/zm_cmcp_clcs_luca_psnp_4
localize,#subtitle_zm_cmcp_clcs/zm_cmcp_clcs_luca_psnp_5
localize,#subtitle_zm_cmcp_clcs/zm_cmcp_clcs_luca_pwar_1
localize,#subtitle_zm_cmcp_clcs/zm_cmcp_clcs_luca_pwar_2
localize,#subtitle_zm_cmcp_clcs/zm_cmcp_clcs_luca_pwar_3
localize,#subtitle_zm_cmcp_clcs/zm_cmcp_clcs_luca_pwar_4
localize,#subtitle_zm_cmcp_clcs/zm_cmcp_clcs_luca_pwar_5
localize,#subtitle_zm_cmcp_clcs/zm_cmcp_clcs_luca_pwpn_1
localize,#subtitle_zm_cmcp_clcs/zm_cmcp_clcs_luca_pwpn_2
localize,#subtitle_zm_cmcp_clcs/zm_cmcp_clcs_luca_pwpn_3
localize,#subtitle_zm_cmcp_clcs/zm_cmcp_clcs_luca_pwpn_4
localize,#subtitle_zm_cmcp_clcs/zm_cmcp_clcs_luca_pwpn_5
localize,#subtitle_zm_cmcp_clcs/zm_cmcp_clcs_luca_raup_1
localize,#subtitle_zm_cmcp_clcs/zm_cmcp_clcs_luca_raup_10
localize,#subtitle_zm_cmcp_clcs/zm_cmcp_clcs_luca_raup_2
localize,#subtitle_zm_cmcp_clcs/zm_cmcp_clcs_luca_raup_3
localize,#subtitle_zm_cmcp_clcs/zm_cmcp_clcs_luca_raup_4
localize,#subtitle_zm_cmcp_clcs/zm_cmcp_clcs_luca_raup_5
localize,#subtitle_zm_cmcp_clcs/zm_cmcp_clcs_luca_raup_6
localize,#subtitle_zm_cmcp_clcs/zm_cmcp_clcs_luca_raup_7
localize,#subtitle_zm_cmcp_clcs/zm_cmcp_clcs_luca_raup_8
localize,#subtitle_zm_cmcp_clcs/zm_cmcp_clcs_luca_raup_9
localize,#subtitle_zm_cmcp_clcs/zm_cmcp_clcs_luca_rcvn_1
localize,#subtitle_zm_cmcp_clcs/zm_cmcp_clcs_luca_rcvn_10
localize,#subtitle_zm_cmcp_clcs/zm_cmcp_clcs_luca_rcvn_2
localize,#subtitle_zm_cmcp_clcs/zm_cmcp_clcs_luca_rcvn_3
localize,#subtitle_zm_cmcp_clcs/zm_cmcp_clcs_luca_rcvn_4
localize,#subtitle_zm_cmcp_clcs/zm_cmcp_clcs_luca_rcvn_5
localize,#subtitle_zm_cmcp_clcs/zm_cmcp_clcs_luca_rcvn_6
localize,#subtitle_zm_cmcp_clcs/zm_cmcp_clcs_luca_rcvn_7
localize,#subtitle_zm_cmcp_clcs/zm_cmcp_clcs_luca_rcvn_8
localize,#subtitle_zm_cmcp_clcs/zm_cmcp_clcs_luca_rcvn_9
localize,#subtitle_zm_cmcp_clcs/zm_cmcp_clcs_luca_rdwn_1
localize,#subtitle_zm_cmcp_clcs/zm_cmcp_clcs_luca_rdwn_2
localize,#subtitle_zm_cmcp_clcs/zm_cmcp_clcs_luca_rdwn_3
localize,#subtitle_zm_cmcp_clcs/zm_cmcp_clcs_luca_rdwn_4
localize,#subtitle_zm_cmcp_clcs/zm_cmcp_clcs_luca_rdwn_5
localize,#subtitle_zm_cmcp_clcs/zm_cmcp_clcs_luca_rdwn_6
localize,#subtitle_zm_cmcp_clcs/zm_cmcp_clcs_luca_rdwn_7
localize,#subtitle_zm_cmcp_clcs/zm_cmcp_clcs_luca_rdwn_8
localize,#subtitle_zm_cmcp_clcs/zm_cmcp_clcs_luca_rplr_1
localize,#subtitle_zm_cmcp_clcs/zm_cmcp_clcs_luca_rplr_10
localize,#subtitle_zm_cmcp_clcs/zm_cmcp_clcs_luca_rplr_2
localize,#subtitle_zm_cmcp_clcs/zm_cmcp_clcs_luca_rplr_3
localize,#subtitle_zm_cmcp_clcs/zm_cmcp_clcs_luca_rplr_4
localize,#subtitle_zm_cmcp_clcs/zm_cmcp_clcs_luca_rplr_5
localize,#subtitle_zm_cmcp_clcs/zm_cmcp_clcs_luca_rplr_6
localize,#subtitle_zm_cmcp_clcs/zm_cmcp_clcs_luca_rplr_7
localize,#subtitle_zm_cmcp_clcs/zm_cmcp_clcs_luca_rplr_8
localize,#subtitle_zm_cmcp_clcs/zm_cmcp_clcs_luca_rplr_9
localize,#subtitle_zm_cmcp_clcs/zm_cmcp_clcs_luca_rprk_1
localize,#subtitle_zm_cmcp_clcs/zm_cmcp_clcs_luca_rprk_10
localize,#subtitle_zm_cmcp_clcs/zm_cmcp_clcs_luca_rprk_2
localize,#subtitle_zm_cmcp_clcs/zm_cmcp_clcs_luca_rprk_3
localize,#subtitle_zm_cmcp_clcs/zm_cmcp_clcs_luca_rprk_4
localize,#subtitle_zm_cmcp_clcs/zm_cmcp_clcs_luca_rprk_5
localize,#subtitle_zm_cmcp_clcs/zm_cmcp_clcs_luca_rprk_6
localize,#subtitle_zm_cmcp_clcs/zm_cmcp_clcs_luca_rprk_7
localize,#subtitle_zm_cmcp_clcs/zm_cmcp_clcs_luca_rprk_8
localize,#subtitle_zm_cmcp_clcs/zm_cmcp_clcs_luca_rprk_9
localize,#subtitle_zm_cmcp_clcs/zm_cmcp_clcs_luca_rrev_1
localize,#subtitle_zm_cmcp_clcs/zm_cmcp_clcs_luca_rrev_2
localize,#subtitle_zm_cmcp_clcs/zm_cmcp_clcs_luca_rrev_3
localize,#subtitle_zm_cmcp_clcs/zm_cmcp_clcs_luca_rrev_4
localize,#subtitle_zm_cmcp_clcs/zm_cmcp_clcs_luca_rrev_5
localize,#subtitle_zm_cmcp_clcs/zm_cmcp_clcs_luca_rrev_6
localize,#subtitle_zm_cmcp_clcs/zm_cmcp_clcs_luca_rrev_7
localize,#subtitle_zm_cmcp_clcs/zm_cmcp_clcs_luca_rrev_8
localize,#subtitle_zm_cmcp_clcs/zm_cmcp_clcs_luca_rrvr_1
localize,#subtitle_zm_cmcp_clcs/zm_cmcp_clcs_luca_rrvr_2
localize,#subtitle_zm_cmcp_clcs/zm_cmcp_clcs_luca_rrvr_3
localize,#subtitle_zm_cmcp_clcs/zm_cmcp_clcs_luca_rrvr_4
localize,#subtitle_zm_cmcp_clcs/zm_cmcp_clcs_luca_rrvr_5
localize,#subtitle_zm_cmcp_clcs/zm_cmcp_clcs_luca_rrvr_6
localize,#subtitle_zm_cmcp_clcs/zm_cmcp_clcs_luca_rrvr_7
localize,#subtitle_zm_cmcp_clcs/zm_cmcp_clcs_luca_rrvr_8
localize,#subtitle_zm_cmcp_clcs/zm_cmcp_clcs_luca_wcir_1
localize,#subtitle_zm_cmcp_clcs/zm_cmcp_clcs_luca_wcir_2
localize,#subtitle_zm_cmcp_clcs/zm_cmcp_clcs_luca_wcir_3
localize,#subtitle_zm_cmcp_clcs/zm_cmcp_clcs_luca_wcir_4
localize,#subtitle_zm_cmcp_cnrt/norticus
localize,#subtitle_zm_cmcp_cnrt/zm_cmcp_cnrt_dnrt_asrn_1
localize,#subtitle_zm_cmcp_cnrt/zm_cmcp_cnrt_dnrt_asrn_10
localize,#subtitle_zm_cmcp_cnrt/zm_cmcp_cnrt_dnrt_asrn_2
localize,#subtitle_zm_cmcp_cnrt/zm_cmcp_cnrt_dnrt_asrn_3
localize,#subtitle_zm_cmcp_cnrt/zm_cmcp_cnrt_dnrt_asrn_4
localize,#subtitle_zm_cmcp_cnrt/zm_cmcp_cnrt_dnrt_asrn_5
localize,#subtitle_zm_cmcp_cnrt/zm_cmcp_cnrt_dnrt_asrn_6
localize,#subtitle_zm_cmcp_cnrt/zm_cmcp_cnrt_dnrt_asrn_7
localize,#subtitle_zm_cmcp_cnrt/zm_cmcp_cnrt_dnrt_asrn_8
localize,#subtitle_zm_cmcp_cnrt/zm_cmcp_cnrt_dnrt_asrn_9
localize,#subtitle_zm_cmcp_cnrt/zm_cmcp_cnrt_dnrt_dmfb_1
localize,#subtitle_zm_cmcp_cnrt/zm_cmcp_cnrt_dnrt_dmfb_10
localize,#subtitle_zm_cmcp_cnrt/zm_cmcp_cnrt_dnrt_dmfb_2
localize,#subtitle_zm_cmcp_cnrt/zm_cmcp_cnrt_dnrt_dmfb_3
localize,#subtitle_zm_cmcp_cnrt/zm_cmcp_cnrt_dnrt_dmfb_4
localize,#subtitle_zm_cmcp_cnrt/zm_cmcp_cnrt_dnrt_dmfb_5
localize,#subtitle_zm_cmcp_cnrt/zm_cmcp_cnrt_dnrt_dmfb_6
localize,#subtitle_zm_cmcp_cnrt/zm_cmcp_cnrt_dnrt_dmfb_7
localize,#subtitle_zm_cmcp_cnrt/zm_cmcp_cnrt_dnrt_dmfb_8
localize,#subtitle_zm_cmcp_cnrt/zm_cmcp_cnrt_dnrt_dmfb_9
localize,#subtitle_zm_cmcp_cnrt/zm_cmcp_cnrt_dnrt_dmns_1
localize,#subtitle_zm_cmcp_cnrt/zm_cmcp_cnrt_dnrt_dmns_2
localize,#subtitle_zm_cmcp_cnrt/zm_cmcp_cnrt_dnrt_dmns_3
localize,#subtitle_zm_cmcp_cnrt/zm_cmcp_cnrt_dnrt_dmns_4
localize,#subtitle_zm_cmcp_cnrt/zm_cmcp_cnrt_dnrt_drfb_1
localize,#subtitle_zm_cmcp_cnrt/zm_cmcp_cnrt_dnrt_drfb_10
localize,#subtitle_zm_cmcp_cnrt/zm_cmcp_cnrt_dnrt_drfb_2
localize,#subtitle_zm_cmcp_cnrt/zm_cmcp_cnrt_dnrt_drfb_3
localize,#subtitle_zm_cmcp_cnrt/zm_cmcp_cnrt_dnrt_drfb_4
localize,#subtitle_zm_cmcp_cnrt/zm_cmcp_cnrt_dnrt_drfb_5
localize,#subtitle_zm_cmcp_cnrt/zm_cmcp_cnrt_dnrt_drfb_6
localize,#subtitle_zm_cmcp_cnrt/zm_cmcp_cnrt_dnrt_drfb_7
localize,#subtitle_zm_cmcp_cnrt/zm_cmcp_cnrt_dnrt_drfb_8
localize,#subtitle_zm_cmcp_cnrt/zm_cmcp_cnrt_dnrt_drfb_9
localize,#subtitle_zm_cmcp_cnrt/zm_cmcp_cnrt_dnrt_dufb_1
localize,#subtitle_zm_cmcp_cnrt/zm_cmcp_cnrt_dnrt_dufb_10
localize,#subtitle_zm_cmcp_cnrt/zm_cmcp_cnrt_dnrt_dufb_2
localize,#subtitle_zm_cmcp_cnrt/zm_cmcp_cnrt_dnrt_dufb_3
localize,#subtitle_zm_cmcp_cnrt/zm_cmcp_cnrt_dnrt_dufb_4
localize,#subtitle_zm_cmcp_cnrt/zm_cmcp_cnrt_dnrt_dufb_5
localize,#subtitle_zm_cmcp_cnrt/zm_cmcp_cnrt_dnrt_dufb_6
localize,#subtitle_zm_cmcp_cnrt/zm_cmcp_cnrt_dnrt_dufb_7
localize,#subtitle_zm_cmcp_cnrt/zm_cmcp_cnrt_dnrt_dufb_8
localize,#subtitle_zm_cmcp_cnrt/zm_cmcp_cnrt_dnrt_dufb_9
localize,#subtitle_zm_cmcp_cnrt/zm_cmcp_cnrt_dnrt_gmvr_1
localize,#subtitle_zm_cmcp_cnrt/zm_cmcp_cnrt_dnrt_gmvr_2
localize,#subtitle_zm_cmcp_cnrt/zm_cmcp_cnrt_dnrt_gmvr_3
localize,#subtitle_zm_cmcp_cnrt/zm_cmcp_cnrt_dnrt_gmvr_4
localize,#subtitle_zm_cmcp_cnrt/zm_cmcp_cnrt_dnrt_gmvr_5
localize,#subtitle_zm_cmcp_cnrt/zm_cmcp_cnrt_dnrt_gmvr_6
localize,#subtitle_zm_cmcp_cnrt/zm_cmcp_cnrt_dnrt_gmvr_7
localize,#subtitle_zm_cmcp_cnrt/zm_cmcp_cnrt_dnrt_gmvr_8
localize,#subtitle_zm_cmcp_cnrt/zm_cmcp_cnrt_dnrt_nmny_1
localize,#subtitle_zm_cmcp_cnrt/zm_cmcp_cnrt_dnrt_nmny_2
localize,#subtitle_zm_cmcp_cnrt/zm_cmcp_cnrt_dnrt_nmny_3
localize,#subtitle_zm_cmcp_cnrt/zm_cmcp_cnrt_dnrt_nmny_4
localize,#subtitle_zm_cmcp_cnrt/zm_cmcp_cnrt_dnrt_nmny_5
localize,#subtitle_zm_cmcp_cnrt/zm_cmcp_cnrt_dnrt_puww_1
localize,#subtitle_zm_cmcp_cnrt/zm_cmcp_cnrt_dnrt_puww_2
localize,#subtitle_zm_cmcp_cnrt/zm_cmcp_cnrt_dnrt_puww_3
localize,#subtitle_zm_cmcp_cnrt/zm_cmcp_cnrt_dnrt_puww_4
localize,#subtitle_zm_cmcp_cnrt/zm_cmcp_cnrt_dnrt_puww_5
localize,#subtitle_zm_cmcp_cnrt/zm_cmcp_cnrt_dnrt_puww_6
localize,#subtitle_zm_cmcp_cnrt/zm_cmcp_cnrt_dnrt_puww_7
localize,#subtitle_zm_cmcp_cnrt/zm_cmcp_cnrt_dnrt_puww_8
localize,#subtitle_zm_cmcp_cnrt/zm_cmcp_cnrt_dnrt_puww_9
localize,#subtitle_zm_cmcp_cnrt/zm_cmcp_cnrt_dnrt_rcva_1
localize,#subtitle_zm_cmcp_cnrt/zm_cmcp_cnrt_dnrt_rcva_10
localize,#subtitle_zm_cmcp_cnrt/zm_cmcp_cnrt_dnrt_rcva_2
localize,#subtitle_zm_cmcp_cnrt/zm_cmcp_cnrt_dnrt_rcva_3
localize,#subtitle_zm_cmcp_cnrt/zm_cmcp_cnrt_dnrt_rcva_4
localize,#subtitle_zm_cmcp_cnrt/zm_cmcp_cnrt_dnrt_rcva_5
localize,#subtitle_zm_cmcp_cnrt/zm_cmcp_cnrt_dnrt_rcva_6
localize,#subtitle_zm_cmcp_cnrt/zm_cmcp_cnrt_dnrt_rcva_7
localize,#subtitle_zm_cmcp_cnrt/zm_cmcp_cnrt_dnrt_rcva_8
localize,#subtitle_zm_cmcp_cnrt/zm_cmcp_cnrt_dnrt_rcva_9
localize,#subtitle_zm_cmcp_cnrt/zm_cmcp_cnrt_dnrt_rmys_1
localize,#subtitle_zm_cmcp_cnrt/zm_cmcp_cnrt_dnrt_rmys_10
localize,#subtitle_zm_cmcp_cnrt/zm_cmcp_cnrt_dnrt_rmys_2
localize,#subtitle_zm_cmcp_cnrt/zm_cmcp_cnrt_dnrt_rmys_3
localize,#subtitle_zm_cmcp_cnrt/zm_cmcp_cnrt_dnrt_rmys_4
localize,#subtitle_zm_cmcp_cnrt/zm_cmcp_cnrt_dnrt_rmys_5
localize,#subtitle_zm_cmcp_cnrt/zm_cmcp_cnrt_dnrt_rmys_6
localize,#subtitle_zm_cmcp_cnrt/zm_cmcp_cnrt_dnrt_rmys_7
localize,#subtitle_zm_cmcp_cnrt/zm_cmcp_cnrt_dnrt_rmys_8
localize,#subtitle_zm_cmcp_cnrt/zm_cmcp_cnrt_dnrt_rmys_9
localize,#subtitle_zm_cmcp_cnrt/zm_cmcp_cnrt_dnrt_rp2x_1
localize,#subtitle_zm_cmcp_cnrt/zm_cmcp_cnrt_dnrt_rp2x_2
localize,#subtitle_zm_cmcp_cnrt/zm_cmcp_cnrt_dnrt_rp2x_3
localize,#subtitle_zm_cmcp_cnrt/zm_cmcp_cnrt_dnrt_rp2x_4
localize,#subtitle_zm_cmcp_cnrt/zm_cmcp_cnrt_dnrt_rp2x_5
localize,#subtitle_zm_cmcp_cnrt/zm_cmcp_cnrt_dnrt_rpaf_1
localize,#subtitle_zm_cmcp_cnrt/zm_cmcp_cnrt_dnrt_rpaf_2
localize,#subtitle_zm_cmcp_cnrt/zm_cmcp_cnrt_dnrt_rpaf_3
localize,#subtitle_zm_cmcp_cnrt/zm_cmcp_cnrt_dnrt_rpaf_4
localize,#subtitle_zm_cmcp_cnrt/zm_cmcp_cnrt_dnrt_rpaf_5
localize,#subtitle_zm_cmcp_cnrt/zm_cmcp_cnrt_dnrt_rpap_1
localize,#subtitle_zm_cmcp_cnrt/zm_cmcp_cnrt_dnrt_rpap_10
localize,#subtitle_zm_cmcp_cnrt/zm_cmcp_cnrt_dnrt_rpap_2
localize,#subtitle_zm_cmcp_cnrt/zm_cmcp_cnrt_dnrt_rpap_3
localize,#subtitle_zm_cmcp_cnrt/zm_cmcp_cnrt_dnrt_rpap_4
localize,#subtitle_zm_cmcp_cnrt/zm_cmcp_cnrt_dnrt_rpap_5
localize,#subtitle_zm_cmcp_cnrt/zm_cmcp_cnrt_dnrt_rpap_6
localize,#subtitle_zm_cmcp_cnrt/zm_cmcp_cnrt_dnrt_rpap_7
localize,#subtitle_zm_cmcp_cnrt/zm_cmcp_cnrt_dnrt_rpap_8
localize,#subtitle_zm_cmcp_cnrt/zm_cmcp_cnrt_dnrt_rpap_9
localize,#subtitle_zm_cmcp_cnrt/zm_cmcp_cnrt_dnrt_rpbp_1
localize,#subtitle_zm_cmcp_cnrt/zm_cmcp_cnrt_dnrt_rpbp_2
localize,#subtitle_zm_cmcp_cnrt/zm_cmcp_cnrt_dnrt_rpbp_3
localize,#subtitle_zm_cmcp_cnrt/zm_cmcp_cnrt_dnrt_rpbp_4
localize,#subtitle_zm_cmcp_cnrt/zm_cmcp_cnrt_dnrt_rpbp_5
localize,#subtitle_zm_cmcp_cnrt/zm_cmcp_cnrt_dnrt_rpfs_1
localize,#subtitle_zm_cmcp_cnrt/zm_cmcp_cnrt_dnrt_rpfs_2
localize,#subtitle_zm_cmcp_cnrt/zm_cmcp_cnrt_dnrt_rpfs_3
localize,#subtitle_zm_cmcp_cnrt/zm_cmcp_cnrt_dnrt_rpfs_4
localize,#subtitle_zm_cmcp_cnrt/zm_cmcp_cnrt_dnrt_rpfs_5
localize,#subtitle_zm_cmcp_cnrt/zm_cmcp_cnrt_dnrt_rpik_1
localize,#subtitle_zm_cmcp_cnrt/zm_cmcp_cnrt_dnrt_rpik_2
localize,#subtitle_zm_cmcp_cnrt/zm_cmcp_cnrt_dnrt_rpik_3
localize,#subtitle_zm_cmcp_cnrt/zm_cmcp_cnrt_dnrt_rpik_4
localize,#subtitle_zm_cmcp_cnrt/zm_cmcp_cnrt_dnrt_rpik_5
localize,#subtitle_zm_cmcp_cnrt/zm_cmcp_cnrt_dnrt_rpkf_1
localize,#subtitle_zm_cmcp_cnrt/zm_cmcp_cnrt_dnrt_rpkf_10
localize,#subtitle_zm_cmcp_cnrt/zm_cmcp_cnrt_dnrt_rpkf_2
localize,#subtitle_zm_cmcp_cnrt/zm_cmcp_cnrt_dnrt_rpkf_3
localize,#subtitle_zm_cmcp_cnrt/zm_cmcp_cnrt_dnrt_rpkf_4
localize,#subtitle_zm_cmcp_cnrt/zm_cmcp_cnrt_dnrt_rpkf_5
localize,#subtitle_zm_cmcp_cnrt/zm_cmcp_cnrt_dnrt_rpkf_6
localize,#subtitle_zm_cmcp_cnrt/zm_cmcp_cnrt_dnrt_rpkf_7
localize,#subtitle_zm_cmcp_cnrt/zm_cmcp_cnrt_dnrt_rpkf_8
localize,#subtitle_zm_cmcp_cnrt/zm_cmcp_cnrt_dnrt_rpkf_9
localize,#subtitle_zm_cmcp_cnrt/zm_cmcp_cnrt_dnrt_rpma_1
localize,#subtitle_zm_cmcp_cnrt/zm_cmcp_cnrt_dnrt_rpma_2
localize,#subtitle_zm_cmcp_cnrt/zm_cmcp_cnrt_dnrt_rpma_3
localize,#subtitle_zm_cmcp_cnrt/zm_cmcp_cnrt_dnrt_rpma_4
localize,#subtitle_zm_cmcp_cnrt/zm_cmcp_cnrt_dnrt_rpma_5
localize,#subtitle_zm_cmcp_cnrt/zm_cmcp_cnrt_dnrt_rpnk_1
localize,#subtitle_zm_cmcp_cnrt/zm_cmcp_cnrt_dnrt_rpnk_2
localize,#subtitle_zm_cmcp_cnrt/zm_cmcp_cnrt_dnrt_rpnk_3
localize,#subtitle_zm_cmcp_cnrt/zm_cmcp_cnrt_dnrt_rpnk_4
localize,#subtitle_zm_cmcp_cnrt/zm_cmcp_cnrt_dnrt_rpnk_5
localize,#subtitle_zm_cmcp_cnrt/zm_cmcp_cnrt_dnrt_rtom_1
localize,#subtitle_zm_cmcp_cnrt/zm_cmcp_cnrt_dnrt_rtom_10
localize,#subtitle_zm_cmcp_cnrt/zm_cmcp_cnrt_dnrt_rtom_2
localize,#subtitle_zm_cmcp_cnrt/zm_cmcp_cnrt_dnrt_rtom_3
localize,#subtitle_zm_cmcp_cnrt/zm_cmcp_cnrt_dnrt_rtom_4
localize,#subtitle_zm_cmcp_cnrt/zm_cmcp_cnrt_dnrt_rtom_5
localize,#subtitle_zm_cmcp_cnrt/zm_cmcp_cnrt_dnrt_rtom_6
localize,#subtitle_zm_cmcp_cnrt/zm_cmcp_cnrt_dnrt_rtom_7
localize,#subtitle_zm_cmcp_cnrt/zm_cmcp_cnrt_dnrt_rtom_8
localize,#subtitle_zm_cmcp_cnrt/zm_cmcp_cnrt_dnrt_rtom_9
localize,#subtitle_zm_cmcp_cnrt/zm_cmcp_cnrt_dnrt_ssrn_1
localize,#subtitle_zm_cmcp_cnrt/zm_cmcp_cnrt_dnrt_ssrn_10
localize,#subtitle_zm_cmcp_cnrt/zm_cmcp_cnrt_dnrt_ssrn_2
localize,#subtitle_zm_cmcp_cnrt/zm_cmcp_cnrt_dnrt_ssrn_3
localize,#subtitle_zm_cmcp_cnrt/zm_cmcp_cnrt_dnrt_ssrn_4
localize,#subtitle_zm_cmcp_cnrt/zm_cmcp_cnrt_dnrt_ssrn_5
localize,#subtitle_zm_cmcp_cnrt/zm_cmcp_cnrt_dnrt_ssrn_6
localize,#subtitle_zm_cmcp_cnrt/zm_cmcp_cnrt_dnrt_ssrn_7
localize,#subtitle_zm_cmcp_cnrt/zm_cmcp_cnrt_dnrt_ssrn_8
localize,#subtitle_zm_cmcp_cnrt/zm_cmcp_cnrt_dnrt_ssrn_9
localize,#subtitle_zm_cmcp_cpdm/padmavati_balan
localize,#subtitle_zm_cmcp_cpdm/zm_cmcp_cpdm_padm_arpl_1
localize,#subtitle_zm_cmcp_cpdm/zm_cmcp_cpdm_padm_arpl_10
localize,#subtitle_zm_cmcp_cpdm/zm_cmcp_cpdm_padm_arpl_2
localize,#subtitle_zm_cmcp_cpdm/zm_cmcp_cpdm_padm_arpl_3
localize,#subtitle_zm_cmcp_cpdm/zm_cmcp_cpdm_padm_arpl_4
localize,#subtitle_zm_cmcp_cpdm/zm_cmcp_cpdm_padm_arpl_5
localize,#subtitle_zm_cmcp_cpdm/zm_cmcp_cpdm_padm_arpl_6
localize,#subtitle_zm_cmcp_cpdm/zm_cmcp_cpdm_padm_arpl_7
localize,#subtitle_zm_cmcp_cpdm/zm_cmcp_cpdm_padm_arpl_8
localize,#subtitle_zm_cmcp_cpdm/zm_cmcp_cpdm_padm_arpl_9
localize,#subtitle_zm_cmcp_cpdm/zm_cmcp_cpdm_padm_atkz_1
localize,#subtitle_zm_cmcp_cpdm/zm_cmcp_cpdm_padm_atkz_10
localize,#subtitle_zm_cmcp_cpdm/zm_cmcp_cpdm_padm_atkz_2
localize,#subtitle_zm_cmcp_cpdm/zm_cmcp_cpdm_padm_atkz_3
localize,#subtitle_zm_cmcp_cpdm/zm_cmcp_cpdm_padm_atkz_4
localize,#subtitle_zm_cmcp_cpdm/zm_cmcp_cpdm_padm_atkz_5
localize,#subtitle_zm_cmcp_cpdm/zm_cmcp_cpdm_padm_atkz_6
localize,#subtitle_zm_cmcp_cpdm/zm_cmcp_cpdm_padm_atkz_7
localize,#subtitle_zm_cmcp_cpdm/zm_cmcp_cpdm_padm_atkz_8
localize,#subtitle_zm_cmcp_cpdm/zm_cmcp_cpdm_padm_atkz_9
localize,#subtitle_zm_cmcp_cpdm/zm_cmcp_cpdm_padm_kmnk_1
localize,#subtitle_zm_cmcp_cpdm/zm_cmcp_cpdm_padm_kmnk_2
localize,#subtitle_zm_cmcp_cpdm/zm_cmcp_cpdm_padm_kmnk_3
localize,#subtitle_zm_cmcp_cpdm/zm_cmcp_cpdm_padm_kmnk_4
localize,#subtitle_zm_cmcp_cpdm/zm_cmcp_cpdm_padm_kmnk_5
localize,#subtitle_zm_cmcp_cpdm/zm_cmcp_cpdm_padm_kmnk_6
localize,#subtitle_zm_cmcp_cpdm/zm_cmcp_cpdm_padm_kzcl_1
localize,#subtitle_zm_cmcp_cpdm/zm_cmcp_cpdm_padm_kzcl_10
localize,#subtitle_zm_cmcp_cpdm/zm_cmcp_cpdm_padm_kzcl_2
localize,#subtitle_zm_cmcp_cpdm/zm_cmcp_cpdm_padm_kzcl_3
localize,#subtitle_zm_cmcp_cpdm/zm_cmcp_cpdm_padm_kzcl_4
localize,#subtitle_zm_cmcp_cpdm/zm_cmcp_cpdm_padm_kzcl_5
localize,#subtitle_zm_cmcp_cpdm/zm_cmcp_cpdm_padm_kzcl_6
localize,#subtitle_zm_cmcp_cpdm/zm_cmcp_cpdm_padm_kzcl_7
localize,#subtitle_zm_cmcp_cpdm/zm_cmcp_cpdm_padm_kzcl_8
localize,#subtitle_zm_cmcp_cpdm/zm_cmcp_cpdm_padm_kzcl_9
localize,#subtitle_zm_cmcp_cpdm/zm_cmcp_cpdm_padm_kzhs_1
localize,#subtitle_zm_cmcp_cpdm/zm_cmcp_cpdm_padm_kzhs_10
localize,#subtitle_zm_cmcp_cpdm/zm_cmcp_cpdm_padm_kzhs_2
localize,#subtitle_zm_cmcp_cpdm/zm_cmcp_cpdm_padm_kzhs_3
localize,#subtitle_zm_cmcp_cpdm/zm_cmcp_cpdm_padm_kzhs_4
localize,#subtitle_zm_cmcp_cpdm/zm_cmcp_cpdm_padm_kzhs_5
localize,#subtitle_zm_cmcp_cpdm/zm_cmcp_cpdm_padm_kzhs_6
localize,#subtitle_zm_cmcp_cpdm/zm_cmcp_cpdm_padm_kzhs_7
localize,#subtitle_zm_cmcp_cpdm/zm_cmcp_cpdm_padm_kzhs_8
localize,#subtitle_zm_cmcp_cpdm/zm_cmcp_cpdm_padm_kzhs_9
localize,#subtitle_zm_cmcp_cpdm/zm_cmcp_cpdm_padm_kzjg_1
localize,#subtitle_zm_cmcp_cpdm/zm_cmcp_cpdm_padm_kzjg_10
localize,#subtitle_zm_cmcp_cpdm/zm_cmcp_cpdm_padm_kzjg_2
localize,#subtitle_zm_cmcp_cpdm/zm_cmcp_cpdm_padm_kzjg_3
localize,#subtitle_zm_cmcp_cpdm/zm_cmcp_cpdm_padm_kzjg_4
localize,#subtitle_zm_cmcp_cpdm/zm_cmcp_cpdm_padm_kzjg_5
localize,#subtitle_zm_cmcp_cpdm/zm_cmcp_cpdm_padm_kzjg_6
localize,#subtitle_zm_cmcp_cpdm/zm_cmcp_cpdm_padm_kzjg_7
localize,#subtitle_zm_cmcp_cpdm/zm_cmcp_cpdm_padm_kzjg_8
localize,#subtitle_zm_cmcp_cpdm/zm_cmcp_cpdm_padm_kzjg_9
localize,#subtitle_zm_cmcp_cpdm/zm_cmcp_cpdm_padm_kzks_1
localize,#subtitle_zm_cmcp_cpdm/zm_cmcp_cpdm_padm_kzks_10
localize,#subtitle_zm_cmcp_cpdm/zm_cmcp_cpdm_padm_kzks_2
localize,#subtitle_zm_cmcp_cpdm/zm_cmcp_cpdm_padm_kzks_3
localize,#subtitle_zm_cmcp_cpdm/zm_cmcp_cpdm_padm_kzks_4
localize,#subtitle_zm_cmcp_cpdm/zm_cmcp_cpdm_padm_kzks_5
localize,#subtitle_zm_cmcp_cpdm/zm_cmcp_cpdm_padm_kzks_6
localize,#subtitle_zm_cmcp_cpdm/zm_cmcp_cpdm_padm_kzks_7
localize,#subtitle_zm_cmcp_cpdm/zm_cmcp_cpdm_padm_kzks_8
localize,#subtitle_zm_cmcp_cpdm/zm_cmcp_cpdm_padm_kzks_9
localize,#subtitle_zm_cmcp_cpdm/zm_cmcp_cpdm_padm_kzrv_1
localize,#subtitle_zm_cmcp_cpdm/zm_cmcp_cpdm_padm_kzrv_10
localize,#subtitle_zm_cmcp_cpdm/zm_cmcp_cpdm_padm_kzrv_2
localize,#subtitle_zm_cmcp_cpdm/zm_cmcp_cpdm_padm_kzrv_3
localize,#subtitle_zm_cmcp_cpdm/zm_cmcp_cpdm_padm_kzrv_4
localize,#subtitle_zm_cmcp_cpdm/zm_cmcp_cpdm_padm_kzrv_5
localize,#subtitle_zm_cmcp_cpdm/zm_cmcp_cpdm_padm_kzrv_6
localize,#subtitle_zm_cmcp_cpdm/zm_cmcp_cpdm_padm_kzrv_7
localize,#subtitle_zm_cmcp_cpdm/zm_cmcp_cpdm_padm_kzrv_8
localize,#subtitle_zm_cmcp_cpdm/zm_cmcp_cpdm_padm_kzrv_9
localize,#subtitle_zm_cmcp_cpdm/zm_cmcp_cpdm_padm_kzsu_1
localize,#subtitle_zm_cmcp_cpdm/zm_cmcp_cpdm_padm_kzsu_10
localize,#subtitle_zm_cmcp_cpdm/zm_cmcp_cpdm_padm_kzsu_2
localize,#subtitle_zm_cmcp_cpdm/zm_cmcp_cpdm_padm_kzsu_3
localize,#subtitle_zm_cmcp_cpdm/zm_cmcp_cpdm_padm_kzsu_4
localize,#subtitle_zm_cmcp_cpdm/zm_cmcp_cpdm_padm_kzsu_5
localize,#subtitle_zm_cmcp_cpdm/zm_cmcp_cpdm_padm_kzsu_6
localize,#subtitle_zm_cmcp_cpdm/zm_cmcp_cpdm_padm_kzsu_7
localize,#subtitle_zm_cmcp_cpdm/zm_cmcp_cpdm_padm_kzsu_8
localize,#subtitle_zm_cmcp_cpdm/zm_cmcp_cpdm_padm_kzsu_9
localize,#subtitle_zm_cmcp_cpdm/zm_cmcp_cpdm_padm_pitm_1
localize,#subtitle_zm_cmcp_cpdm/zm_cmcp_cpdm_padm_pitm_10
localize,#subtitle_zm_cmcp_cpdm/zm_cmcp_cpdm_padm_pitm_2
localize,#subtitle_zm_cmcp_cpdm/zm_cmcp_cpdm_padm_pitm_3
localize,#subtitle_zm_cmcp_cpdm/zm_cmcp_cpdm_padm_pitm_4
localize,#subtitle_zm_cmcp_cpdm/zm_cmcp_cpdm_padm_pitm_5
localize,#subtitle_zm_cmcp_cpdm/zm_cmcp_cpdm_padm_pitm_6
localize,#subtitle_zm_cmcp_cpdm/zm_cmcp_cpdm_padm_pitm_7
localize,#subtitle_zm_cmcp_cpdm/zm_cmcp_cpdm_padm_pitm_8
localize,#subtitle_zm_cmcp_cpdm/zm_cmcp_cpdm_padm_pitm_9
localize,#subtitle_zm_cmcp_cpdm/zm_cmcp_cpdm_padm_plmg_1
localize,#subtitle_zm_cmcp_cpdm/zm_cmcp_cpdm_padm_plmg_2
localize,#subtitle_zm_cmcp_cpdm/zm_cmcp_cpdm_padm_plmg_3
localize,#subtitle_zm_cmcp_cpdm/zm_cmcp_cpdm_padm_plmg_4
localize,#subtitle_zm_cmcp_cpdm/zm_cmcp_cpdm_padm_plmg_5
localize,#subtitle_zm_cmcp_cpdm/zm_cmcp_cpdm_padm_pmel_1
localize,#subtitle_zm_cmcp_cpdm/zm_cmcp_cpdm_padm_pmel_2
localize,#subtitle_zm_cmcp_cpdm/zm_cmcp_cpdm_padm_pmel_3
localize,#subtitle_zm_cmcp_cpdm/zm_cmcp_cpdm_padm_pmel_4
localize,#subtitle_zm_cmcp_cpdm/zm_cmcp_cpdm_padm_pmel_5
localize,#subtitle_zm_cmcp_cpdm/zm_cmcp_cpdm_padm_pmrk_1
localize,#subtitle_zm_cmcp_cpdm/zm_cmcp_cpdm_padm_pmrk_2
localize,#subtitle_zm_cmcp_cpdm/zm_cmcp_cpdm_padm_pmrk_3
localize,#subtitle_zm_cmcp_cpdm/zm_cmcp_cpdm_padm_pmrk_4
localize,#subtitle_zm_cmcp_cpdm/zm_cmcp_cpdm_padm_pmrk_5
localize,#subtitle_zm_cmcp_cpdm/zm_cmcp_cpdm_padm_psht_1
localize,#subtitle_zm_cmcp_cpdm/zm_cmcp_cpdm_padm_psht_2
localize,#subtitle_zm_cmcp_cpdm/zm_cmcp_cpdm_padm_psht_3
localize,#subtitle_zm_cmcp_cpdm/zm_cmcp_cpdm_padm_psht_4
localize,#subtitle_zm_cmcp_cpdm/zm_cmcp_cpdm_padm_psht_5
localize,#subtitle_zm_cmcp_cpdm/zm_cmcp_cpdm_padm_psmg_1
localize,#subtitle_zm_cmcp_cpdm/zm_cmcp_cpdm_padm_psmg_2
localize,#subtitle_zm_cmcp_cpdm/zm_cmcp_cpdm_padm_psmg_3
localize,#subtitle_zm_cmcp_cpdm/zm_cmcp_cpdm_padm_psmg_4
localize,#subtitle_zm_cmcp_cpdm/zm_cmcp_cpdm_padm_psmg_5
localize,#subtitle_zm_cmcp_cpdm/zm_cmcp_cpdm_padm_psnp_1
localize,#subtitle_zm_cmcp_cpdm/zm_cmcp_cpdm_padm_psnp_2
localize,#subtitle_zm_cmcp_cpdm/zm_cmcp_cpdm_padm_psnp_3
localize,#subtitle_zm_cmcp_cpdm/zm_cmcp_cpdm_padm_psnp_4
localize,#subtitle_zm_cmcp_cpdm/zm_cmcp_cpdm_padm_psnp_5
localize,#subtitle_zm_cmcp_cpdm/zm_cmcp_cpdm_padm_pwar_1
localize,#subtitle_zm_cmcp_cpdm/zm_cmcp_cpdm_padm_pwar_2
localize,#subtitle_zm_cmcp_cpdm/zm_cmcp_cpdm_padm_pwar_3
localize,#subtitle_zm_cmcp_cpdm/zm_cmcp_cpdm_padm_pwar_4
localize,#subtitle_zm_cmcp_cpdm/zm_cmcp_cpdm_padm_pwar_5
localize,#subtitle_zm_cmcp_cpdm/zm_cmcp_cpdm_padm_pwpn_1
localize,#subtitle_zm_cmcp_cpdm/zm_cmcp_cpdm_padm_pwpn_2
localize,#subtitle_zm_cmcp_cpdm/zm_cmcp_cpdm_padm_pwpn_3
localize,#subtitle_zm_cmcp_cpdm/zm_cmcp_cpdm_padm_pwpn_4
localize,#subtitle_zm_cmcp_cpdm/zm_cmcp_cpdm_padm_pwpn_5
localize,#subtitle_zm_cmcp_cpdm/zm_cmcp_cpdm_padm_raup_1
localize,#subtitle_zm_cmcp_cpdm/zm_cmcp_cpdm_padm_raup_10
localize,#subtitle_zm_cmcp_cpdm/zm_cmcp_cpdm_padm_raup_2
localize,#subtitle_zm_cmcp_cpdm/zm_cmcp_cpdm_padm_raup_3
localize,#subtitle_zm_cmcp_cpdm/zm_cmcp_cpdm_padm_raup_4
localize,#subtitle_zm_cmcp_cpdm/zm_cmcp_cpdm_padm_raup_5
localize,#subtitle_zm_cmcp_cpdm/zm_cmcp_cpdm_padm_raup_6
localize,#subtitle_zm_cmcp_cpdm/zm_cmcp_cpdm_padm_raup_7
localize,#subtitle_zm_cmcp_cpdm/zm_cmcp_cpdm_padm_raup_8
localize,#subtitle_zm_cmcp_cpdm/zm_cmcp_cpdm_padm_raup_9
localize,#subtitle_zm_cmcp_cpdm/zm_cmcp_cpdm_padm_rcvn_1
localize,#subtitle_zm_cmcp_cpdm/zm_cmcp_cpdm_padm_rcvn_10
localize,#subtitle_zm_cmcp_cpdm/zm_cmcp_cpdm_padm_rcvn_2
localize,#subtitle_zm_cmcp_cpdm/zm_cmcp_cpdm_padm_rcvn_3
localize,#subtitle_zm_cmcp_cpdm/zm_cmcp_cpdm_padm_rcvn_4
localize,#subtitle_zm_cmcp_cpdm/zm_cmcp_cpdm_padm_rcvn_5
localize,#subtitle_zm_cmcp_cpdm/zm_cmcp_cpdm_padm_rcvn_6
localize,#subtitle_zm_cmcp_cpdm/zm_cmcp_cpdm_padm_rcvn_7
localize,#subtitle_zm_cmcp_cpdm/zm_cmcp_cpdm_padm_rcvn_8
localize,#subtitle_zm_cmcp_cpdm/zm_cmcp_cpdm_padm_rcvn_9
localize,#subtitle_zm_cmcp_cpdm/zm_cmcp_cpdm_padm_rdwn_1
localize,#subtitle_zm_cmcp_cpdm/zm_cmcp_cpdm_padm_rdwn_2
localize,#subtitle_zm_cmcp_cpdm/zm_cmcp_cpdm_padm_rdwn_3
localize,#subtitle_zm_cmcp_cpdm/zm_cmcp_cpdm_padm_rdwn_4
localize,#subtitle_zm_cmcp_cpdm/zm_cmcp_cpdm_padm_rdwn_5
localize,#subtitle_zm_cmcp_cpdm/zm_cmcp_cpdm_padm_rdwn_6
localize,#subtitle_zm_cmcp_cpdm/zm_cmcp_cpdm_padm_rdwn_7
localize,#subtitle_zm_cmcp_cpdm/zm_cmcp_cpdm_padm_rdwn_8
localize,#subtitle_zm_cmcp_cpdm/zm_cmcp_cpdm_padm_rplr_1
localize,#subtitle_zm_cmcp_cpdm/zm_cmcp_cpdm_padm_rplr_10
localize,#subtitle_zm_cmcp_cpdm/zm_cmcp_cpdm_padm_rplr_2
localize,#subtitle_zm_cmcp_cpdm/zm_cmcp_cpdm_padm_rplr_3
localize,#subtitle_zm_cmcp_cpdm/zm_cmcp_cpdm_padm_rplr_4
localize,#subtitle_zm_cmcp_cpdm/zm_cmcp_cpdm_padm_rplr_5
localize,#subtitle_zm_cmcp_cpdm/zm_cmcp_cpdm_padm_rplr_6
localize,#subtitle_zm_cmcp_cpdm/zm_cmcp_cpdm_padm_rplr_7
localize,#subtitle_zm_cmcp_cpdm/zm_cmcp_cpdm_padm_rplr_8
localize,#subtitle_zm_cmcp_cpdm/zm_cmcp_cpdm_padm_rplr_9
localize,#subtitle_zm_cmcp_cpdm/zm_cmcp_cpdm_padm_rprk_1
localize,#subtitle_zm_cmcp_cpdm/zm_cmcp_cpdm_padm_rprk_10
localize,#subtitle_zm_cmcp_cpdm/zm_cmcp_cpdm_padm_rprk_2
localize,#subtitle_zm_cmcp_cpdm/zm_cmcp_cpdm_padm_rprk_3
localize,#subtitle_zm_cmcp_cpdm/zm_cmcp_cpdm_padm_rprk_4
localize,#subtitle_zm_cmcp_cpdm/zm_cmcp_cpdm_padm_rprk_5
localize,#subtitle_zm_cmcp_cpdm/zm_cmcp_cpdm_padm_rprk_6
localize,#subtitle_zm_cmcp_cpdm/zm_cmcp_cpdm_padm_rprk_7
localize,#subtitle_zm_cmcp_cpdm/zm_cmcp_cpdm_padm_rprk_8
localize,#subtitle_zm_cmcp_cpdm/zm_cmcp_cpdm_padm_rprk_9
localize,#subtitle_zm_cmcp_cpdm/zm_cmcp_cpdm_padm_rrev_1
localize,#subtitle_zm_cmcp_cpdm/zm_cmcp_cpdm_padm_rrev_2
localize,#subtitle_zm_cmcp_cpdm/zm_cmcp_cpdm_padm_rrev_3
localize,#subtitle_zm_cmcp_cpdm/zm_cmcp_cpdm_padm_rrev_4
localize,#subtitle_zm_cmcp_cpdm/zm_cmcp_cpdm_padm_rrev_5
localize,#subtitle_zm_cmcp_cpdm/zm_cmcp_cpdm_padm_rrev_6
localize,#subtitle_zm_cmcp_cpdm/zm_cmcp_cpdm_padm_rrev_7
localize,#subtitle_zm_cmcp_cpdm/zm_cmcp_cpdm_padm_rrev_8
localize,#subtitle_zm_cmcp_cpdm/zm_cmcp_cpdm_padm_rrvr_1
localize,#subtitle_zm_cmcp_cpdm/zm_cmcp_cpdm_padm_rrvr_2
localize,#subtitle_zm_cmcp_cpdm/zm_cmcp_cpdm_padm_rrvr_3
localize,#subtitle_zm_cmcp_cpdm/zm_cmcp_cpdm_padm_rrvr_4
localize,#subtitle_zm_cmcp_cpdm/zm_cmcp_cpdm_padm_rrvr_5
localize,#subtitle_zm_cmcp_cpdm/zm_cmcp_cpdm_padm_rrvr_6
localize,#subtitle_zm_cmcp_cpdm/zm_cmcp_cpdm_padm_rrvr_7
localize,#subtitle_zm_cmcp_cpdm/zm_cmcp_cpdm_padm_rrvr_8
localize,#subtitle_zm_cmcp_cpdm/zm_cmcp_cpdm_padm_wcir_1
localize,#subtitle_zm_cmcp_cpdm/zm_cmcp_cpdm_padm_wcir_2
localize,#subtitle_zm_cmcp_cpdm/zm_cmcp_cpdm_padm_wcir_3
localize,#subtitle_zm_cmcp_cpdm/zm_cmcp_cpdm_padm_wcir_4
localize,#subtitle_zm_cmcp_cpln/polina_petrova
localize,#subtitle_zm_cmcp_cpln/zm_cmcp_cpln_poli_arpl_1
localize,#subtitle_zm_cmcp_cpln/zm_cmcp_cpln_poli_arpl_10
localize,#subtitle_zm_cmcp_cpln/zm_cmcp_cpln_poli_arpl_2
localize,#subtitle_zm_cmcp_cpln/zm_cmcp_cpln_poli_arpl_3
localize,#subtitle_zm_cmcp_cpln/zm_cmcp_cpln_poli_arpl_4
localize,#subtitle_zm_cmcp_cpln/zm_cmcp_cpln_poli_arpl_5
localize,#subtitle_zm_cmcp_cpln/zm_cmcp_cpln_poli_arpl_6
localize,#subtitle_zm_cmcp_cpln/zm_cmcp_cpln_poli_arpl_7
localize,#subtitle_zm_cmcp_cpln/zm_cmcp_cpln_poli_arpl_8
localize,#subtitle_zm_cmcp_cpln/zm_cmcp_cpln_poli_arpl_9
localize,#subtitle_zm_cmcp_cpln/zm_cmcp_cpln_poli_atkz_1
localize,#subtitle_zm_cmcp_cpln/zm_cmcp_cpln_poli_atkz_10
localize,#subtitle_zm_cmcp_cpln/zm_cmcp_cpln_poli_atkz_2
localize,#subtitle_zm_cmcp_cpln/zm_cmcp_cpln_poli_atkz_3
localize,#subtitle_zm_cmcp_cpln/zm_cmcp_cpln_poli_atkz_4
localize,#subtitle_zm_cmcp_cpln/zm_cmcp_cpln_poli_atkz_5
localize,#subtitle_zm_cmcp_cpln/zm_cmcp_cpln_poli_atkz_6
localize,#subtitle_zm_cmcp_cpln/zm_cmcp_cpln_poli_atkz_7
localize,#subtitle_zm_cmcp_cpln/zm_cmcp_cpln_poli_atkz_8
localize,#subtitle_zm_cmcp_cpln/zm_cmcp_cpln_poli_atkz_9
localize,#subtitle_zm_cmcp_cpln/zm_cmcp_cpln_poli_kmnk_1
localize,#subtitle_zm_cmcp_cpln/zm_cmcp_cpln_poli_kmnk_2
localize,#subtitle_zm_cmcp_cpln/zm_cmcp_cpln_poli_kmnk_3
localize,#subtitle_zm_cmcp_cpln/zm_cmcp_cpln_poli_kmnk_4
localize,#subtitle_zm_cmcp_cpln/zm_cmcp_cpln_poli_kmnk_5
localize,#subtitle_zm_cmcp_cpln/zm_cmcp_cpln_poli_kmnk_6
localize,#subtitle_zm_cmcp_cpln/zm_cmcp_cpln_poli_kzcl_1
localize,#subtitle_zm_cmcp_cpln/zm_cmcp_cpln_poli_kzcl_10
localize,#subtitle_zm_cmcp_cpln/zm_cmcp_cpln_poli_kzcl_2
localize,#subtitle_zm_cmcp_cpln/zm_cmcp_cpln_poli_kzcl_3
localize,#subtitle_zm_cmcp_cpln/zm_cmcp_cpln_poli_kzcl_4
localize,#subtitle_zm_cmcp_cpln/zm_cmcp_cpln_poli_kzcl_5
localize,#subtitle_zm_cmcp_cpln/zm_cmcp_cpln_poli_kzcl_6
localize,#subtitle_zm_cmcp_cpln/zm_cmcp_cpln_poli_kzcl_7
localize,#subtitle_zm_cmcp_cpln/zm_cmcp_cpln_poli_kzcl_8
localize,#subtitle_zm_cmcp_cpln/zm_cmcp_cpln_poli_kzcl_9
localize,#subtitle_zm_cmcp_cpln/zm_cmcp_cpln_poli_kzhs_1
localize,#subtitle_zm_cmcp_cpln/zm_cmcp_cpln_poli_kzhs_10
localize,#subtitle_zm_cmcp_cpln/zm_cmcp_cpln_poli_kzhs_2
localize,#subtitle_zm_cmcp_cpln/zm_cmcp_cpln_poli_kzhs_3
localize,#subtitle_zm_cmcp_cpln/zm_cmcp_cpln_poli_kzhs_4
localize,#subtitle_zm_cmcp_cpln/zm_cmcp_cpln_poli_kzhs_5
localize,#subtitle_zm_cmcp_cpln/zm_cmcp_cpln_poli_kzhs_6
localize,#subtitle_zm_cmcp_cpln/zm_cmcp_cpln_poli_kzhs_7
localize,#subtitle_zm_cmcp_cpln/zm_cmcp_cpln_poli_kzhs_8
localize,#subtitle_zm_cmcp_cpln/zm_cmcp_cpln_poli_kzhs_9
localize,#subtitle_zm_cmcp_cpln/zm_cmcp_cpln_poli_kzjg_1
localize,#subtitle_zm_cmcp_cpln/zm_cmcp_cpln_poli_kzjg_10
localize,#subtitle_zm_cmcp_cpln/zm_cmcp_cpln_poli_kzjg_2
localize,#subtitle_zm_cmcp_cpln/zm_cmcp_cpln_poli_kzjg_3
localize,#subtitle_zm_cmcp_cpln/zm_cmcp_cpln_poli_kzjg_4
localize,#subtitle_zm_cmcp_cpln/zm_cmcp_cpln_poli_kzjg_5
localize,#subtitle_zm_cmcp_cpln/zm_cmcp_cpln_poli_kzjg_6
localize,#subtitle_zm_cmcp_cpln/zm_cmcp_cpln_poli_kzjg_7
localize,#subtitle_zm_cmcp_cpln/zm_cmcp_cpln_poli_kzjg_8
localize,#subtitle_zm_cmcp_cpln/zm_cmcp_cpln_poli_kzjg_9
localize,#subtitle_zm_cmcp_cpln/zm_cmcp_cpln_poli_kzks_1
localize,#subtitle_zm_cmcp_cpln/zm_cmcp_cpln_poli_kzks_10
localize,#subtitle_zm_cmcp_cpln/zm_cmcp_cpln_poli_kzks_2
localize,#subtitle_zm_cmcp_cpln/zm_cmcp_cpln_poli_kzks_3
localize,#subtitle_zm_cmcp_cpln/zm_cmcp_cpln_poli_kzks_4
localize,#subtitle_zm_cmcp_cpln/zm_cmcp_cpln_poli_kzks_5
localize,#subtitle_zm_cmcp_cpln/zm_cmcp_cpln_poli_kzks_6
localize,#subtitle_zm_cmcp_cpln/zm_cmcp_cpln_poli_kzks_7
localize,#subtitle_zm_cmcp_cpln/zm_cmcp_cpln_poli_kzks_8
localize,#subtitle_zm_cmcp_cpln/zm_cmcp_cpln_poli_kzks_9
localize,#subtitle_zm_cmcp_cpln/zm_cmcp_cpln_poli_kzrv_1
localize,#subtitle_zm_cmcp_cpln/zm_cmcp_cpln_poli_kzrv_10
localize,#subtitle_zm_cmcp_cpln/zm_cmcp_cpln_poli_kzrv_2
localize,#subtitle_zm_cmcp_cpln/zm_cmcp_cpln_poli_kzrv_3
localize,#subtitle_zm_cmcp_cpln/zm_cmcp_cpln_poli_kzrv_4
localize,#subtitle_zm_cmcp_cpln/zm_cmcp_cpln_poli_kzrv_5
localize,#subtitle_zm_cmcp_cpln/zm_cmcp_cpln_poli_kzrv_6
localize,#subtitle_zm_cmcp_cpln/zm_cmcp_cpln_poli_kzrv_7
localize,#subtitle_zm_cmcp_cpln/zm_cmcp_cpln_poli_kzrv_8
localize,#subtitle_zm_cmcp_cpln/zm_cmcp_cpln_poli_kzrv_9
localize,#subtitle_zm_cmcp_cpln/zm_cmcp_cpln_poli_kzsu_1
localize,#subtitle_zm_cmcp_cpln/zm_cmcp_cpln_poli_kzsu_10
localize,#subtitle_zm_cmcp_cpln/zm_cmcp_cpln_poli_kzsu_2
localize,#subtitle_zm_cmcp_cpln/zm_cmcp_cpln_poli_kzsu_3
localize,#subtitle_zm_cmcp_cpln/zm_cmcp_cpln_poli_kzsu_4
localize,#subtitle_zm_cmcp_cpln/zm_cmcp_cpln_poli_kzsu_5
localize,#subtitle_zm_cmcp_cpln/zm_cmcp_cpln_poli_kzsu_6
localize,#subtitle_zm_cmcp_cpln/zm_cmcp_cpln_poli_kzsu_7
localize,#subtitle_zm_cmcp_cpln/zm_cmcp_cpln_poli_kzsu_8
localize,#subtitle_zm_cmcp_cpln/zm_cmcp_cpln_poli_kzsu_9
localize,#subtitle_zm_cmcp_cpln/zm_cmcp_cpln_poli_pitm_1
localize,#subtitle_zm_cmcp_cpln/zm_cmcp_cpln_poli_pitm_10
localize,#subtitle_zm_cmcp_cpln/zm_cmcp_cpln_poli_pitm_2
localize,#subtitle_zm_cmcp_cpln/zm_cmcp_cpln_poli_pitm_3
localize,#subtitle_zm_cmcp_cpln/zm_cmcp_cpln_poli_pitm_4
localize,#subtitle_zm_cmcp_cpln/zm_cmcp_cpln_poli_pitm_5
localize,#subtitle_zm_cmcp_cpln/zm_cmcp_cpln_poli_pitm_6
localize,#subtitle_zm_cmcp_cpln/zm_cmcp_cpln_poli_pitm_7
localize,#subtitle_zm_cmcp_cpln/zm_cmcp_cpln_poli_pitm_8
localize,#subtitle_zm_cmcp_cpln/zm_cmcp_cpln_poli_pitm_9
localize,#subtitle_zm_cmcp_cpln/zm_cmcp_cpln_poli_plmg_1
localize,#subtitle_zm_cmcp_cpln/zm_cmcp_cpln_poli_plmg_2
localize,#subtitle_zm_cmcp_cpln/zm_cmcp_cpln_poli_plmg_3
localize,#subtitle_zm_cmcp_cpln/zm_cmcp_cpln_poli_plmg_4
localize,#subtitle_zm_cmcp_cpln/zm_cmcp_cpln_poli_plmg_5
localize,#subtitle_zm_cmcp_cpln/zm_cmcp_cpln_poli_pmel_1
localize,#subtitle_zm_cmcp_cpln/zm_cmcp_cpln_poli_pmel_2
localize,#subtitle_zm_cmcp_cpln/zm_cmcp_cpln_poli_pmel_3
localize,#subtitle_zm_cmcp_cpln/zm_cmcp_cpln_poli_pmel_4
localize,#subtitle_zm_cmcp_cpln/zm_cmcp_cpln_poli_pmel_5
localize,#subtitle_zm_cmcp_cpln/zm_cmcp_cpln_poli_pmrk_1
localize,#subtitle_zm_cmcp_cpln/zm_cmcp_cpln_poli_pmrk_2
localize,#subtitle_zm_cmcp_cpln/zm_cmcp_cpln_poli_pmrk_3
localize,#subtitle_zm_cmcp_cpln/zm_cmcp_cpln_poli_pmrk_4
localize,#subtitle_zm_cmcp_cpln/zm_cmcp_cpln_poli_pmrk_5
localize,#subtitle_zm_cmcp_cpln/zm_cmcp_cpln_poli_psht_1
localize,#subtitle_zm_cmcp_cpln/zm_cmcp_cpln_poli_psht_2
localize,#subtitle_zm_cmcp_cpln/zm_cmcp_cpln_poli_psht_3
localize,#subtitle_zm_cmcp_cpln/zm_cmcp_cpln_poli_psht_4
localize,#subtitle_zm_cmcp_cpln/zm_cmcp_cpln_poli_psht_5
localize,#subtitle_zm_cmcp_cpln/zm_cmcp_cpln_poli_psmg_1
localize,#subtitle_zm_cmcp_cpln/zm_cmcp_cpln_poli_psmg_2
localize,#subtitle_zm_cmcp_cpln/zm_cmcp_cpln_poli_psmg_3
localize,#subtitle_zm_cmcp_cpln/zm_cmcp_cpln_poli_psmg_4
localize,#subtitle_zm_cmcp_cpln/zm_cmcp_cpln_poli_psmg_5
localize,#subtitle_zm_cmcp_cpln/zm_cmcp_cpln_poli_psnp_1
localize,#subtitle_zm_cmcp_cpln/zm_cmcp_cpln_poli_psnp_2
localize,#subtitle_zm_cmcp_cpln/zm_cmcp_cpln_poli_psnp_3
localize,#subtitle_zm_cmcp_cpln/zm_cmcp_cpln_poli_psnp_4
localize,#subtitle_zm_cmcp_cpln/zm_cmcp_cpln_poli_psnp_5
localize,#subtitle_zm_cmcp_cpln/zm_cmcp_cpln_poli_pwar_1
localize,#subtitle_zm_cmcp_cpln/zm_cmcp_cpln_poli_pwar_2
localize,#subtitle_zm_cmcp_cpln/zm_cmcp_cpln_poli_pwar_3
localize,#subtitle_zm_cmcp_cpln/zm_cmcp_cpln_poli_pwar_4
localize,#subtitle_zm_cmcp_cpln/zm_cmcp_cpln_poli_pwar_5
localize,#subtitle_zm_cmcp_cpln/zm_cmcp_cpln_poli_pwpn_1
localize,#subtitle_zm_cmcp_cpln/zm_cmcp_cpln_poli_pwpn_2
localize,#subtitle_zm_cmcp_cpln/zm_cmcp_cpln_poli_pwpn_3
localize,#subtitle_zm_cmcp_cpln/zm_cmcp_cpln_poli_pwpn_4
localize,#subtitle_zm_cmcp_cpln/zm_cmcp_cpln_poli_pwpn_5
localize,#subtitle_zm_cmcp_cpln/zm_cmcp_cpln_poli_raup_1
localize,#subtitle_zm_cmcp_cpln/zm_cmcp_cpln_poli_raup_10
localize,#subtitle_zm_cmcp_cpln/zm_cmcp_cpln_poli_raup_2
localize,#subtitle_zm_cmcp_cpln/zm_cmcp_cpln_poli_raup_3
localize,#subtitle_zm_cmcp_cpln/zm_cmcp_cpln_poli_raup_4
localize,#subtitle_zm_cmcp_cpln/zm_cmcp_cpln_poli_raup_5
localize,#subtitle_zm_cmcp_cpln/zm_cmcp_cpln_poli_raup_6
localize,#subtitle_zm_cmcp_cpln/zm_cmcp_cpln_poli_raup_7
localize,#subtitle_zm_cmcp_cpln/zm_cmcp_cpln_poli_raup_8
localize,#subtitle_zm_cmcp_cpln/zm_cmcp_cpln_poli_raup_9
localize,#subtitle_zm_cmcp_cpln/zm_cmcp_cpln_poli_rcvn_1
localize,#subtitle_zm_cmcp_cpln/zm_cmcp_cpln_poli_rcvn_10
localize,#subtitle_zm_cmcp_cpln/zm_cmcp_cpln_poli_rcvn_2
localize,#subtitle_zm_cmcp_cpln/zm_cmcp_cpln_poli_rcvn_3
localize,#subtitle_zm_cmcp_cpln/zm_cmcp_cpln_poli_rcvn_4
localize,#subtitle_zm_cmcp_cpln/zm_cmcp_cpln_poli_rcvn_5
localize,#subtitle_zm_cmcp_cpln/zm_cmcp_cpln_poli_rcvn_6
localize,#subtitle_zm_cmcp_cpln/zm_cmcp_cpln_poli_rcvn_7
localize,#subtitle_zm_cmcp_cpln/zm_cmcp_cpln_poli_rcvn_8
localize,#subtitle_zm_cmcp_cpln/zm_cmcp_cpln_poli_rcvn_9
localize,#subtitle_zm_cmcp_cpln/zm_cmcp_cpln_poli_rdwn_1
localize,#subtitle_zm_cmcp_cpln/zm_cmcp_cpln_poli_rdwn_2
localize,#subtitle_zm_cmcp_cpln/zm_cmcp_cpln_poli_rdwn_3
localize,#subtitle_zm_cmcp_cpln/zm_cmcp_cpln_poli_rdwn_4
localize,#subtitle_zm_cmcp_cpln/zm_cmcp_cpln_poli_rdwn_5
localize,#subtitle_zm_cmcp_cpln/zm_cmcp_cpln_poli_rdwn_6
localize,#subtitle_zm_cmcp_cpln/zm_cmcp_cpln_poli_rdwn_7
localize,#subtitle_zm_cmcp_cpln/zm_cmcp_cpln_poli_rdwn_8
localize,#subtitle_zm_cmcp_cpln/zm_cmcp_cpln_poli_rplr_1
localize,#subtitle_zm_cmcp_cpln/zm_cmcp_cpln_poli_rplr_10
localize,#subtitle_zm_cmcp_cpln/zm_cmcp_cpln_poli_rplr_2
localize,#subtitle_zm_cmcp_cpln/zm_cmcp_cpln_poli_rplr_3
localize,#subtitle_zm_cmcp_cpln/zm_cmcp_cpln_poli_rplr_4
localize,#subtitle_zm_cmcp_cpln/zm_cmcp_cpln_poli_rplr_5
localize,#subtitle_zm_cmcp_cpln/zm_cmcp_cpln_poli_rplr_6
localize,#subtitle_zm_cmcp_cpln/zm_cmcp_cpln_poli_rplr_7
localize,#subtitle_zm_cmcp_cpln/zm_cmcp_cpln_poli_rplr_8
localize,#subtitle_zm_cmcp_cpln/zm_cmcp_cpln_poli_rplr_9
localize,#subtitle_zm_cmcp_cpln/zm_cmcp_cpln_poli_rprk_1
localize,#subtitle_zm_cmcp_cpln/zm_cmcp_cpln_poli_rprk_10
localize,#subtitle_zm_cmcp_cpln/zm_cmcp_cpln_poli_rprk_2
localize,#subtitle_zm_cmcp_cpln/zm_cmcp_cpln_poli_rprk_3
localize,#subtitle_zm_cmcp_cpln/zm_cmcp_cpln_poli_rprk_4
localize,#subtitle_zm_cmcp_cpln/zm_cmcp_cpln_poli_rprk_5
localize,#subtitle_zm_cmcp_cpln/zm_cmcp_cpln_poli_rprk_6
localize,#subtitle_zm_cmcp_cpln/zm_cmcp_cpln_poli_rprk_7
localize,#subtitle_zm_cmcp_cpln/zm_cmcp_cpln_poli_rprk_8
localize,#subtitle_zm_cmcp_cpln/zm_cmcp_cpln_poli_rprk_9
localize,#subtitle_zm_cmcp_cpln/zm_cmcp_cpln_poli_rrev_1
localize,#subtitle_zm_cmcp_cpln/zm_cmcp_cpln_poli_rrev_2
localize,#subtitle_zm_cmcp_cpln/zm_cmcp_cpln_poli_rrev_3
localize,#subtitle_zm_cmcp_cpln/zm_cmcp_cpln_poli_rrev_4
localize,#subtitle_zm_cmcp_cpln/zm_cmcp_cpln_poli_rrev_5
localize,#subtitle_zm_cmcp_cpln/zm_cmcp_cpln_poli_rrev_6
localize,#subtitle_zm_cmcp_cpln/zm_cmcp_cpln_poli_rrev_7
localize,#subtitle_zm_cmcp_cpln/zm_cmcp_cpln_poli_rrev_8
localize,#subtitle_zm_cmcp_cpln/zm_cmcp_cpln_poli_rrvr_1
localize,#subtitle_zm_cmcp_cpln/zm_cmcp_cpln_poli_rrvr_2
localize,#subtitle_zm_cmcp_cpln/zm_cmcp_cpln_poli_rrvr_3
localize,#subtitle_zm_cmcp_cpln/zm_cmcp_cpln_poli_rrvr_4
localize,#subtitle_zm_cmcp_cpln/zm_cmcp_cpln_poli_rrvr_5
localize,#subtitle_zm_cmcp_cpln/zm_cmcp_cpln_poli_rrvr_6
localize,#subtitle_zm_cmcp_cpln/zm_cmcp_cpln_poli_rrvr_7
localize,#subtitle_zm_cmcp_cpln/zm_cmcp_cpln_poli_rrvr_8
localize,#subtitle_zm_cmcp_cpln/zm_cmcp_cpln_poli_wcir_1
localize,#subtitle_zm_cmcp_cpln/zm_cmcp_cpln_poli_wcir_2
localize,#subtitle_zm_cmcp_cpln/zm_cmcp_cpln_poli_wcir_3
localize,#subtitle_zm_cmcp_cpln/zm_cmcp_cpln_poli_wcir_4
localize,#subtitle_zm_cmcp_crld/roland_zeimet
localize,#subtitle_zm_cmcp_crld/zm_cmcp_crld_rola_arpl_1
localize,#subtitle_zm_cmcp_crld/zm_cmcp_crld_rola_arpl_10
localize,#subtitle_zm_cmcp_crld/zm_cmcp_crld_rola_arpl_2
localize,#subtitle_zm_cmcp_crld/zm_cmcp_crld_rola_arpl_3
localize,#subtitle_zm_cmcp_crld/zm_cmcp_crld_rola_arpl_4
localize,#subtitle_zm_cmcp_crld/zm_cmcp_crld_rola_arpl_5
localize,#subtitle_zm_cmcp_crld/zm_cmcp_crld_rola_arpl_6
localize,#subtitle_zm_cmcp_crld/zm_cmcp_crld_rola_arpl_7
localize,#subtitle_zm_cmcp_crld/zm_cmcp_crld_rola_arpl_8
localize,#subtitle_zm_cmcp_crld/zm_cmcp_crld_rola_arpl_9
localize,#subtitle_zm_cmcp_crld/zm_cmcp_crld_rola_atkz_1
localize,#subtitle_zm_cmcp_crld/zm_cmcp_crld_rola_atkz_10
localize,#subtitle_zm_cmcp_crld/zm_cmcp_crld_rola_atkz_2
localize,#subtitle_zm_cmcp_crld/zm_cmcp_crld_rola_atkz_3
localize,#subtitle_zm_cmcp_crld/zm_cmcp_crld_rola_atkz_4
localize,#subtitle_zm_cmcp_crld/zm_cmcp_crld_rola_atkz_5
localize,#subtitle_zm_cmcp_crld/zm_cmcp_crld_rola_atkz_6
localize,#subtitle_zm_cmcp_crld/zm_cmcp_crld_rola_atkz_7
localize,#subtitle_zm_cmcp_crld/zm_cmcp_crld_rola_atkz_8
localize,#subtitle_zm_cmcp_crld/zm_cmcp_crld_rola_atkz_9
localize,#subtitle_zm_cmcp_crld/zm_cmcp_crld_rola_kmnk_1
localize,#subtitle_zm_cmcp_crld/zm_cmcp_crld_rola_kmnk_2
localize,#subtitle_zm_cmcp_crld/zm_cmcp_crld_rola_kmnk_3
localize,#subtitle_zm_cmcp_crld/zm_cmcp_crld_rola_kmnk_4
localize,#subtitle_zm_cmcp_crld/zm_cmcp_crld_rola_kmnk_5
localize,#subtitle_zm_cmcp_crld/zm_cmcp_crld_rola_kmnk_6
localize,#subtitle_zm_cmcp_crld/zm_cmcp_crld_rola_kzcl_1
localize,#subtitle_zm_cmcp_crld/zm_cmcp_crld_rola_kzcl_10
localize,#subtitle_zm_cmcp_crld/zm_cmcp_crld_rola_kzcl_2
localize,#subtitle_zm_cmcp_crld/zm_cmcp_crld_rola_kzcl_3
localize,#subtitle_zm_cmcp_crld/zm_cmcp_crld_rola_kzcl_4
localize,#subtitle_zm_cmcp_crld/zm_cmcp_crld_rola_kzcl_5
localize,#subtitle_zm_cmcp_crld/zm_cmcp_crld_rola_kzcl_6
localize,#subtitle_zm_cmcp_crld/zm_cmcp_crld_rola_kzcl_7
localize,#subtitle_zm_cmcp_crld/zm_cmcp_crld_rola_kzcl_8
localize,#subtitle_zm_cmcp_crld/zm_cmcp_crld_rola_kzcl_9
localize,#subtitle_zm_cmcp_crld/zm_cmcp_crld_rola_kzhs_1
localize,#subtitle_zm_cmcp_crld/zm_cmcp_crld_rola_kzhs_10
localize,#subtitle_zm_cmcp_crld/zm_cmcp_crld_rola_kzhs_2
localize,#subtitle_zm_cmcp_crld/zm_cmcp_crld_rola_kzhs_3
localize,#subtitle_zm_cmcp_crld/zm_cmcp_crld_rola_kzhs_4
localize,#subtitle_zm_cmcp_crld/zm_cmcp_crld_rola_kzhs_5
localize,#subtitle_zm_cmcp_crld/zm_cmcp_crld_rola_kzhs_6
localize,#subtitle_zm_cmcp_crld/zm_cmcp_crld_rola_kzhs_7
localize,#subtitle_zm_cmcp_crld/zm_cmcp_crld_rola_kzhs_8
localize,#subtitle_zm_cmcp_crld/zm_cmcp_crld_rola_kzhs_9
localize,#subtitle_zm_cmcp_crld/zm_cmcp_crld_rola_kzjg_1
localize,#subtitle_zm_cmcp_crld/zm_cmcp_crld_rola_kzjg_10
localize,#subtitle_zm_cmcp_crld/zm_cmcp_crld_rola_kzjg_2
localize,#subtitle_zm_cmcp_crld/zm_cmcp_crld_rola_kzjg_3
localize,#subtitle_zm_cmcp_crld/zm_cmcp_crld_rola_kzjg_4
localize,#subtitle_zm_cmcp_crld/zm_cmcp_crld_rola_kzjg_5
localize,#subtitle_zm_cmcp_crld/zm_cmcp_crld_rola_kzjg_6
localize,#subtitle_zm_cmcp_crld/zm_cmcp_crld_rola_kzjg_7
localize,#subtitle_zm_cmcp_crld/zm_cmcp_crld_rola_kzjg_8
localize,#subtitle_zm_cmcp_crld/zm_cmcp_crld_rola_kzjg_9
localize,#subtitle_zm_cmcp_crld/zm_cmcp_crld_rola_kzks_1
localize,#subtitle_zm_cmcp_crld/zm_cmcp_crld_rola_kzks_10
localize,#subtitle_zm_cmcp_crld/zm_cmcp_crld_rola_kzks_2
localize,#subtitle_zm_cmcp_crld/zm_cmcp_crld_rola_kzks_3
localize,#subtitle_zm_cmcp_crld/zm_cmcp_crld_rola_kzks_4
localize,#subtitle_zm_cmcp_crld/zm_cmcp_crld_rola_kzks_5
localize,#subtitle_zm_cmcp_crld/zm_cmcp_crld_rola_kzks_6
localize,#subtitle_zm_cmcp_crld/zm_cmcp_crld_rola_kzks_7
localize,#subtitle_zm_cmcp_crld/zm_cmcp_crld_rola_kzks_8
localize,#subtitle_zm_cmcp_crld/zm_cmcp_crld_rola_kzks_9
localize,#subtitle_zm_cmcp_crld/zm_cmcp_crld_rola_kzrv_1
localize,#subtitle_zm_cmcp_crld/zm_cmcp_crld_rola_kzrv_10
localize,#subtitle_zm_cmcp_crld/zm_cmcp_crld_rola_kzrv_2
localize,#subtitle_zm_cmcp_crld/zm_cmcp_crld_rola_kzrv_3
localize,#subtitle_zm_cmcp_crld/zm_cmcp_crld_rola_kzrv_4
localize,#subtitle_zm_cmcp_crld/zm_cmcp_crld_rola_kzrv_5
localize,#subtitle_zm_cmcp_crld/zm_cmcp_crld_rola_kzrv_6
localize,#subtitle_zm_cmcp_crld/zm_cmcp_crld_rola_kzrv_7
localize,#subtitle_zm_cmcp_crld/zm_cmcp_crld_rola_kzrv_8
localize,#subtitle_zm_cmcp_crld/zm_cmcp_crld_rola_kzrv_9
localize,#subtitle_zm_cmcp_crld/zm_cmcp_crld_rola_kzsu_1
localize,#subtitle_zm_cmcp_crld/zm_cmcp_crld_rola_kzsu_10
localize,#subtitle_zm_cmcp_crld/zm_cmcp_crld_rola_kzsu_2
localize,#subtitle_zm_cmcp_crld/zm_cmcp_crld_rola_kzsu_3
localize,#subtitle_zm_cmcp_crld/zm_cmcp_crld_rola_kzsu_4
localize,#subtitle_zm_cmcp_crld/zm_cmcp_crld_rola_kzsu_5
localize,#subtitle_zm_cmcp_crld/zm_cmcp_crld_rola_kzsu_6
localize,#subtitle_zm_cmcp_crld/zm_cmcp_crld_rola_kzsu_7
localize,#subtitle_zm_cmcp_crld/zm_cmcp_crld_rola_kzsu_8
localize,#subtitle_zm_cmcp_crld/zm_cmcp_crld_rola_kzsu_9
localize,#subtitle_zm_cmcp_crld/zm_cmcp_crld_rola_pitm_1
localize,#subtitle_zm_cmcp_crld/zm_cmcp_crld_rola_pitm_10
localize,#subtitle_zm_cmcp_crld/zm_cmcp_crld_rola_pitm_2
localize,#subtitle_zm_cmcp_crld/zm_cmcp_crld_rola_pitm_3
localize,#subtitle_zm_cmcp_crld/zm_cmcp_crld_rola_pitm_4
localize,#subtitle_zm_cmcp_crld/zm_cmcp_crld_rola_pitm_5
localize,#subtitle_zm_cmcp_crld/zm_cmcp_crld_rola_pitm_6
localize,#subtitle_zm_cmcp_crld/zm_cmcp_crld_rola_pitm_7
localize,#subtitle_zm_cmcp_crld/zm_cmcp_crld_rola_pitm_8
localize,#subtitle_zm_cmcp_crld/zm_cmcp_crld_rola_pitm_9
localize,#subtitle_zm_cmcp_crld/zm_cmcp_crld_rola_plmg_1
localize,#subtitle_zm_cmcp_crld/zm_cmcp_crld_rola_plmg_2
localize,#subtitle_zm_cmcp_crld/zm_cmcp_crld_rola_plmg_3
localize,#subtitle_zm_cmcp_crld/zm_cmcp_crld_rola_plmg_4
localize,#subtitle_zm_cmcp_crld/zm_cmcp_crld_rola_plmg_5
localize,#subtitle_zm_cmcp_crld/zm_cmcp_crld_rola_pmel_1
localize,#subtitle_zm_cmcp_crld/zm_cmcp_crld_rola_pmel_2
localize,#subtitle_zm_cmcp_crld/zm_cmcp_crld_rola_pmel_3
localize,#subtitle_zm_cmcp_crld/zm_cmcp_crld_rola_pmel_4
localize,#subtitle_zm_cmcp_crld/zm_cmcp_crld_rola_pmel_5
localize,#subtitle_zm_cmcp_crld/zm_cmcp_crld_rola_pmrk_1
localize,#subtitle_zm_cmcp_crld/zm_cmcp_crld_rola_pmrk_2
localize,#subtitle_zm_cmcp_crld/zm_cmcp_crld_rola_pmrk_3
localize,#subtitle_zm_cmcp_crld/zm_cmcp_crld_rola_pmrk_4
localize,#subtitle_zm_cmcp_crld/zm_cmcp_crld_rola_pmrk_5
localize,#subtitle_zm_cmcp_crld/zm_cmcp_crld_rola_psht_1
localize,#subtitle_zm_cmcp_crld/zm_cmcp_crld_rola_psht_2
localize,#subtitle_zm_cmcp_crld/zm_cmcp_crld_rola_psht_3
localize,#subtitle_zm_cmcp_crld/zm_cmcp_crld_rola_psht_4
localize,#subtitle_zm_cmcp_crld/zm_cmcp_crld_rola_psht_5
localize,#subtitle_zm_cmcp_crld/zm_cmcp_crld_rola_psmg_1
localize,#subtitle_zm_cmcp_crld/zm_cmcp_crld_rola_psmg_2
localize,#subtitle_zm_cmcp_crld/zm_cmcp_crld_rola_psmg_3
localize,#subtitle_zm_cmcp_crld/zm_cmcp_crld_rola_psmg_4
localize,#subtitle_zm_cmcp_crld/zm_cmcp_crld_rola_psmg_5
localize,#subtitle_zm_cmcp_crld/zm_cmcp_crld_rola_psnp_1
localize,#subtitle_zm_cmcp_crld/zm_cmcp_crld_rola_psnp_2
localize,#subtitle_zm_cmcp_crld/zm_cmcp_crld_rola_psnp_3
localize,#subtitle_zm_cmcp_crld/zm_cmcp_crld_rola_psnp_4
localize,#subtitle_zm_cmcp_crld/zm_cmcp_crld_rola_psnp_5
localize,#subtitle_zm_cmcp_crld/zm_cmcp_crld_rola_pwar_1
localize,#subtitle_zm_cmcp_crld/zm_cmcp_crld_rola_pwar_2
localize,#subtitle_zm_cmcp_crld/zm_cmcp_crld_rola_pwar_3
localize,#subtitle_zm_cmcp_crld/zm_cmcp_crld_rola_pwar_4
localize,#subtitle_zm_cmcp_crld/zm_cmcp_crld_rola_pwar_5
localize,#subtitle_zm_cmcp_crld/zm_cmcp_crld_rola_pwpn_1
localize,#subtitle_zm_cmcp_crld/zm_cmcp_crld_rola_pwpn_2
localize,#subtitle_zm_cmcp_crld/zm_cmcp_crld_rola_pwpn_3
localize,#subtitle_zm_cmcp_crld/zm_cmcp_crld_rola_pwpn_4
localize,#subtitle_zm_cmcp_crld/zm_cmcp_crld_rola_pwpn_5
localize,#subtitle_zm_cmcp_crld/zm_cmcp_crld_rola_raup_1
localize,#subtitle_zm_cmcp_crld/zm_cmcp_crld_rola_raup_10
localize,#subtitle_zm_cmcp_crld/zm_cmcp_crld_rola_raup_2
localize,#subtitle_zm_cmcp_crld/zm_cmcp_crld_rola_raup_3
localize,#subtitle_zm_cmcp_crld/zm_cmcp_crld_rola_raup_4
localize,#subtitle_zm_cmcp_crld/zm_cmcp_crld_rola_raup_5
localize,#subtitle_zm_cmcp_crld/zm_cmcp_crld_rola_raup_6
localize,#subtitle_zm_cmcp_crld/zm_cmcp_crld_rola_raup_7
localize,#subtitle_zm_cmcp_crld/zm_cmcp_crld_rola_raup_8
localize,#subtitle_zm_cmcp_crld/zm_cmcp_crld_rola_raup_9
localize,#subtitle_zm_cmcp_crld/zm_cmcp_crld_rola_rcvn_1
localize,#subtitle_zm_cmcp_crld/zm_cmcp_crld_rola_rcvn_10
localize,#subtitle_zm_cmcp_crld/zm_cmcp_crld_rola_rcvn_2
localize,#subtitle_zm_cmcp_crld/zm_cmcp_crld_rola_rcvn_3
localize,#subtitle_zm_cmcp_crld/zm_cmcp_crld_rola_rcvn_4
localize,#subtitle_zm_cmcp_crld/zm_cmcp_crld_rola_rcvn_5
localize,#subtitle_zm_cmcp_crld/zm_cmcp_crld_rola_rcvn_6
localize,#subtitle_zm_cmcp_crld/zm_cmcp_crld_rola_rcvn_7
localize,#subtitle_zm_cmcp_crld/zm_cmcp_crld_rola_rcvn_8
localize,#subtitle_zm_cmcp_crld/zm_cmcp_crld_rola_rcvn_9
localize,#subtitle_zm_cmcp_crld/zm_cmcp_crld_rola_rdwn_1
localize,#subtitle_zm_cmcp_crld/zm_cmcp_crld_rola_rdwn_2
localize,#subtitle_zm_cmcp_crld/zm_cmcp_crld_rola_rdwn_3
localize,#subtitle_zm_cmcp_crld/zm_cmcp_crld_rola_rdwn_4
localize,#subtitle_zm_cmcp_crld/zm_cmcp_crld_rola_rdwn_5
localize,#subtitle_zm_cmcp_crld/zm_cmcp_crld_rola_rdwn_6
localize,#subtitle_zm_cmcp_crld/zm_cmcp_crld_rola_rdwn_7
localize,#subtitle_zm_cmcp_crld/zm_cmcp_crld_rola_rdwn_8
localize,#subtitle_zm_cmcp_crld/zm_cmcp_crld_rola_rplr_1
localize,#subtitle_zm_cmcp_crld/zm_cmcp_crld_rola_rplr_10
localize,#subtitle_zm_cmcp_crld/zm_cmcp_crld_rola_rplr_2
localize,#subtitle_zm_cmcp_crld/zm_cmcp_crld_rola_rplr_3
localize,#subtitle_zm_cmcp_crld/zm_cmcp_crld_rola_rplr_4
localize,#subtitle_zm_cmcp_crld/zm_cmcp_crld_rola_rplr_5
localize,#subtitle_zm_cmcp_crld/zm_cmcp_crld_rola_rplr_6
localize,#subtitle_zm_cmcp_crld/zm_cmcp_crld_rola_rplr_7
localize,#subtitle_zm_cmcp_crld/zm_cmcp_crld_rola_rplr_8
localize,#subtitle_zm_cmcp_crld/zm_cmcp_crld_rola_rplr_9
localize,#subtitle_zm_cmcp_crld/zm_cmcp_crld_rola_rprk_1
localize,#subtitle_zm_cmcp_crld/zm_cmcp_crld_rola_rprk_10
localize,#subtitle_zm_cmcp_crld/zm_cmcp_crld_rola_rprk_2
localize,#subtitle_zm_cmcp_crld/zm_cmcp_crld_rola_rprk_3
localize,#subtitle_zm_cmcp_crld/zm_cmcp_crld_rola_rprk_4
localize,#subtitle_zm_cmcp_crld/zm_cmcp_crld_rola_rprk_5
localize,#subtitle_zm_cmcp_crld/zm_cmcp_crld_rola_rprk_6
localize,#subtitle_zm_cmcp_crld/zm_cmcp_crld_rola_rprk_7
localize,#subtitle_zm_cmcp_crld/zm_cmcp_crld_rola_rprk_8
localize,#subtitle_zm_cmcp_crld/zm_cmcp_crld_rola_rprk_9
localize,#subtitle_zm_cmcp_crld/zm_cmcp_crld_rola_rrev_1
localize,#subtitle_zm_cmcp_crld/zm_cmcp_crld_rola_rrev_2
localize,#subtitle_zm_cmcp_crld/zm_cmcp_crld_rola_rrev_3
localize,#subtitle_zm_cmcp_crld/zm_cmcp_crld_rola_rrev_4
localize,#subtitle_zm_cmcp_crld/zm_cmcp_crld_rola_rrev_5
localize,#subtitle_zm_cmcp_crld/zm_cmcp_crld_rola_rrev_6
localize,#subtitle_zm_cmcp_crld/zm_cmcp_crld_rola_rrev_7
localize,#subtitle_zm_cmcp_crld/zm_cmcp_crld_rola_rrev_8
localize,#subtitle_zm_cmcp_crld/zm_cmcp_crld_rola_rrvr_1
localize,#subtitle_zm_cmcp_crld/zm_cmcp_crld_rola_rrvr_2
localize,#subtitle_zm_cmcp_crld/zm_cmcp_crld_rola_rrvr_3
localize,#subtitle_zm_cmcp_crld/zm_cmcp_crld_rola_rrvr_4
localize,#subtitle_zm_cmcp_crld/zm_cmcp_crld_rola_rrvr_5
localize,#subtitle_zm_cmcp_crld/zm_cmcp_crld_rola_rrvr_6
localize,#subtitle_zm_cmcp_crld/zm_cmcp_crld_rola_rrvr_7
localize,#subtitle_zm_cmcp_crld/zm_cmcp_crld_rola_rrvr_8
localize,#subtitle_zm_cmcp_crld/zm_cmcp_crld_rola_wcir_1
localize,#subtitle_zm_cmcp_crld/zm_cmcp_crld_rola_wcir_2
localize,#subtitle_zm_cmcp_crld/zm_cmcp_crld_rola_wcir_3
localize,#subtitle_zm_cmcp_crld/zm_cmcp_crld_rola_wcir_4
localize,#subtitle_zm_cmcp_cshg/shigenori_ota
localize,#subtitle_zm_cmcp_cshg/zm_cmcp_cshg_shig_arpl_1
localize,#subtitle_zm_cmcp_cshg/zm_cmcp_cshg_shig_arpl_10
localize,#subtitle_zm_cmcp_cshg/zm_cmcp_cshg_shig_arpl_2
localize,#subtitle_zm_cmcp_cshg/zm_cmcp_cshg_shig_arpl_3
localize,#subtitle_zm_cmcp_cshg/zm_cmcp_cshg_shig_arpl_4
localize,#subtitle_zm_cmcp_cshg/zm_cmcp_cshg_shig_arpl_5
localize,#subtitle_zm_cmcp_cshg/zm_cmcp_cshg_shig_arpl_6
localize,#subtitle_zm_cmcp_cshg/zm_cmcp_cshg_shig_arpl_7
localize,#subtitle_zm_cmcp_cshg/zm_cmcp_cshg_shig_arpl_8
localize,#subtitle_zm_cmcp_cshg/zm_cmcp_cshg_shig_arpl_9
localize,#subtitle_zm_cmcp_cshg/zm_cmcp_cshg_shig_atkz_1
localize,#subtitle_zm_cmcp_cshg/zm_cmcp_cshg_shig_atkz_10
localize,#subtitle_zm_cmcp_cshg/zm_cmcp_cshg_shig_atkz_2
localize,#subtitle_zm_cmcp_cshg/zm_cmcp_cshg_shig_atkz_3
localize,#subtitle_zm_cmcp_cshg/zm_cmcp_cshg_shig_atkz_4
localize,#subtitle_zm_cmcp_cshg/zm_cmcp_cshg_shig_atkz_5
localize,#subtitle_zm_cmcp_cshg/zm_cmcp_cshg_shig_atkz_6
localize,#subtitle_zm_cmcp_cshg/zm_cmcp_cshg_shig_atkz_7
localize,#subtitle_zm_cmcp_cshg/zm_cmcp_cshg_shig_atkz_8
localize,#subtitle_zm_cmcp_cshg/zm_cmcp_cshg_shig_atkz_9
localize,#subtitle_zm_cmcp_cshg/zm_cmcp_cshg_shig_kmnk_1
localize,#subtitle_zm_cmcp_cshg/zm_cmcp_cshg_shig_kmnk_2
localize,#subtitle_zm_cmcp_cshg/zm_cmcp_cshg_shig_kmnk_3
localize,#subtitle_zm_cmcp_cshg/zm_cmcp_cshg_shig_kmnk_4
localize,#subtitle_zm_cmcp_cshg/zm_cmcp_cshg_shig_kmnk_5
localize,#subtitle_zm_cmcp_cshg/zm_cmcp_cshg_shig_kmnk_6
localize,#subtitle_zm_cmcp_cshg/zm_cmcp_cshg_shig_kzcl_1
localize,#subtitle_zm_cmcp_cshg/zm_cmcp_cshg_shig_kzcl_10
localize,#subtitle_zm_cmcp_cshg/zm_cmcp_cshg_shig_kzcl_2
localize,#subtitle_zm_cmcp_cshg/zm_cmcp_cshg_shig_kzcl_3
localize,#subtitle_zm_cmcp_cshg/zm_cmcp_cshg_shig_kzcl_4
localize,#subtitle_zm_cmcp_cshg/zm_cmcp_cshg_shig_kzcl_5
localize,#subtitle_zm_cmcp_cshg/zm_cmcp_cshg_shig_kzcl_6
localize,#subtitle_zm_cmcp_cshg/zm_cmcp_cshg_shig_kzcl_7
localize,#subtitle_zm_cmcp_cshg/zm_cmcp_cshg_shig_kzcl_8
localize,#subtitle_zm_cmcp_cshg/zm_cmcp_cshg_shig_kzcl_9
localize,#subtitle_zm_cmcp_cshg/zm_cmcp_cshg_shig_kzhs_1
localize,#subtitle_zm_cmcp_cshg/zm_cmcp_cshg_shig_kzhs_10
localize,#subtitle_zm_cmcp_cshg/zm_cmcp_cshg_shig_kzhs_2
localize,#subtitle_zm_cmcp_cshg/zm_cmcp_cshg_shig_kzhs_3
localize,#subtitle_zm_cmcp_cshg/zm_cmcp_cshg_shig_kzhs_4
localize,#subtitle_zm_cmcp_cshg/zm_cmcp_cshg_shig_kzhs_5
localize,#subtitle_zm_cmcp_cshg/zm_cmcp_cshg_shig_kzhs_6
localize,#subtitle_zm_cmcp_cshg/zm_cmcp_cshg_shig_kzhs_7
localize,#subtitle_zm_cmcp_cshg/zm_cmcp_cshg_shig_kzhs_8
localize,#subtitle_zm_cmcp_cshg/zm_cmcp_cshg_shig_kzhs_9
localize,#subtitle_zm_cmcp_cshg/zm_cmcp_cshg_shig_kzjg_1
localize,#subtitle_zm_cmcp_cshg/zm_cmcp_cshg_shig_kzjg_10
localize,#subtitle_zm_cmcp_cshg/zm_cmcp_cshg_shig_kzjg_2
localize,#subtitle_zm_cmcp_cshg/zm_cmcp_cshg_shig_kzjg_3
localize,#subtitle_zm_cmcp_cshg/zm_cmcp_cshg_shig_kzjg_4
localize,#subtitle_zm_cmcp_cshg/zm_cmcp_cshg_shig_kzjg_5
localize,#subtitle_zm_cmcp_cshg/zm_cmcp_cshg_shig_kzjg_6
localize,#subtitle_zm_cmcp_cshg/zm_cmcp_cshg_shig_kzjg_7
localize,#subtitle_zm_cmcp_cshg/zm_cmcp_cshg_shig_kzjg_8
localize,#subtitle_zm_cmcp_cshg/zm_cmcp_cshg_shig_kzjg_9
localize,#subtitle_zm_cmcp_cshg/zm_cmcp_cshg_shig_kzks_1
localize,#subtitle_zm_cmcp_cshg/zm_cmcp_cshg_shig_kzks_10
localize,#subtitle_zm_cmcp_cshg/zm_cmcp_cshg_shig_kzks_2
localize,#subtitle_zm_cmcp_cshg/zm_cmcp_cshg_shig_kzks_3
localize,#subtitle_zm_cmcp_cshg/zm_cmcp_cshg_shig_kzks_4
localize,#subtitle_zm_cmcp_cshg/zm_cmcp_cshg_shig_kzks_5
localize,#subtitle_zm_cmcp_cshg/zm_cmcp_cshg_shig_kzks_6
localize,#subtitle_zm_cmcp_cshg/zm_cmcp_cshg_shig_kzks_7
localize,#subtitle_zm_cmcp_cshg/zm_cmcp_cshg_shig_kzks_8
localize,#subtitle_zm_cmcp_cshg/zm_cmcp_cshg_shig_kzks_9
localize,#subtitle_zm_cmcp_cshg/zm_cmcp_cshg_shig_kzrv_1
localize,#subtitle_zm_cmcp_cshg/zm_cmcp_cshg_shig_kzrv_10
localize,#subtitle_zm_cmcp_cshg/zm_cmcp_cshg_shig_kzrv_2
localize,#subtitle_zm_cmcp_cshg/zm_cmcp_cshg_shig_kzrv_3
localize,#subtitle_zm_cmcp_cshg/zm_cmcp_cshg_shig_kzrv_4
localize,#subtitle_zm_cmcp_cshg/zm_cmcp_cshg_shig_kzrv_5
localize,#subtitle_zm_cmcp_cshg/zm_cmcp_cshg_shig_kzrv_6
localize,#subtitle_zm_cmcp_cshg/zm_cmcp_cshg_shig_kzrv_7
localize,#subtitle_zm_cmcp_cshg/zm_cmcp_cshg_shig_kzrv_8
localize,#subtitle_zm_cmcp_cshg/zm_cmcp_cshg_shig_kzrv_9
localize,#subtitle_zm_cmcp_cshg/zm_cmcp_cshg_shig_kzsu_1
localize,#subtitle_zm_cmcp_cshg/zm_cmcp_cshg_shig_kzsu_10
localize,#subtitle_zm_cmcp_cshg/zm_cmcp_cshg_shig_kzsu_2
localize,#subtitle_zm_cmcp_cshg/zm_cmcp_cshg_shig_kzsu_3
localize,#subtitle_zm_cmcp_cshg/zm_cmcp_cshg_shig_kzsu_4
localize,#subtitle_zm_cmcp_cshg/zm_cmcp_cshg_shig_kzsu_5
localize,#subtitle_zm_cmcp_cshg/zm_cmcp_cshg_shig_kzsu_6
localize,#subtitle_zm_cmcp_cshg/zm_cmcp_cshg_shig_kzsu_7
localize,#subtitle_zm_cmcp_cshg/zm_cmcp_cshg_shig_kzsu_8
localize,#subtitle_zm_cmcp_cshg/zm_cmcp_cshg_shig_kzsu_9
localize,#subtitle_zm_cmcp_cshg/zm_cmcp_cshg_shig_pitm_1
localize,#subtitle_zm_cmcp_cshg/zm_cmcp_cshg_shig_pitm_10
localize,#subtitle_zm_cmcp_cshg/zm_cmcp_cshg_shig_pitm_2
localize,#subtitle_zm_cmcp_cshg/zm_cmcp_cshg_shig_pitm_3
localize,#subtitle_zm_cmcp_cshg/zm_cmcp_cshg_shig_pitm_4
localize,#subtitle_zm_cmcp_cshg/zm_cmcp_cshg_shig_pitm_5
localize,#subtitle_zm_cmcp_cshg/zm_cmcp_cshg_shig_pitm_6
localize,#subtitle_zm_cmcp_cshg/zm_cmcp_cshg_shig_pitm_7
localize,#subtitle_zm_cmcp_cshg/zm_cmcp_cshg_shig_pitm_8
localize,#subtitle_zm_cmcp_cshg/zm_cmcp_cshg_shig_pitm_9
localize,#subtitle_zm_cmcp_cshg/zm_cmcp_cshg_shig_plmg_1
localize,#subtitle_zm_cmcp_cshg/zm_cmcp_cshg_shig_plmg_2
localize,#subtitle_zm_cmcp_cshg/zm_cmcp_cshg_shig_plmg_3
localize,#subtitle_zm_cmcp_cshg/zm_cmcp_cshg_shig_plmg_4
localize,#subtitle_zm_cmcp_cshg/zm_cmcp_cshg_shig_plmg_5
localize,#subtitle_zm_cmcp_cshg/zm_cmcp_cshg_shig_pmel_1
localize,#subtitle_zm_cmcp_cshg/zm_cmcp_cshg_shig_pmel_2
localize,#subtitle_zm_cmcp_cshg/zm_cmcp_cshg_shig_pmel_3
localize,#subtitle_zm_cmcp_cshg/zm_cmcp_cshg_shig_pmel_4
localize,#subtitle_zm_cmcp_cshg/zm_cmcp_cshg_shig_pmel_5
localize,#subtitle_zm_cmcp_cshg/zm_cmcp_cshg_shig_pmrk_1
localize,#subtitle_zm_cmcp_cshg/zm_cmcp_cshg_shig_pmrk_2
localize,#subtitle_zm_cmcp_cshg/zm_cmcp_cshg_shig_pmrk_3
localize,#subtitle_zm_cmcp_cshg/zm_cmcp_cshg_shig_pmrk_4
localize,#subtitle_zm_cmcp_cshg/zm_cmcp_cshg_shig_pmrk_5
localize,#subtitle_zm_cmcp_cshg/zm_cmcp_cshg_shig_psht_1
localize,#subtitle_zm_cmcp_cshg/zm_cmcp_cshg_shig_psht_2
localize,#subtitle_zm_cmcp_cshg/zm_cmcp_cshg_shig_psht_3
localize,#subtitle_zm_cmcp_cshg/zm_cmcp_cshg_shig_psht_4
localize,#subtitle_zm_cmcp_cshg/zm_cmcp_cshg_shig_psht_5
localize,#subtitle_zm_cmcp_cshg/zm_cmcp_cshg_shig_psmg_1
localize,#subtitle_zm_cmcp_cshg/zm_cmcp_cshg_shig_psmg_2
localize,#subtitle_zm_cmcp_cshg/zm_cmcp_cshg_shig_psmg_3
localize,#subtitle_zm_cmcp_cshg/zm_cmcp_cshg_shig_psmg_4
localize,#subtitle_zm_cmcp_cshg/zm_cmcp_cshg_shig_psmg_5
localize,#subtitle_zm_cmcp_cshg/zm_cmcp_cshg_shig_psnp_1
localize,#subtitle_zm_cmcp_cshg/zm_cmcp_cshg_shig_psnp_2
localize,#subtitle_zm_cmcp_cshg/zm_cmcp_cshg_shig_psnp_3
localize,#subtitle_zm_cmcp_cshg/zm_cmcp_cshg_shig_psnp_4
localize,#subtitle_zm_cmcp_cshg/zm_cmcp_cshg_shig_psnp_5
localize,#subtitle_zm_cmcp_cshg/zm_cmcp_cshg_shig_pwar_1
localize,#subtitle_zm_cmcp_cshg/zm_cmcp_cshg_shig_pwar_2
localize,#subtitle_zm_cmcp_cshg/zm_cmcp_cshg_shig_pwar_3
localize,#subtitle_zm_cmcp_cshg/zm_cmcp_cshg_shig_pwar_4
localize,#subtitle_zm_cmcp_cshg/zm_cmcp_cshg_shig_pwar_5
localize,#subtitle_zm_cmcp_cshg/zm_cmcp_cshg_shig_pwpn_1
localize,#subtitle_zm_cmcp_cshg/zm_cmcp_cshg_shig_pwpn_2
localize,#subtitle_zm_cmcp_cshg/zm_cmcp_cshg_shig_pwpn_3
localize,#subtitle_zm_cmcp_cshg/zm_cmcp_cshg_shig_pwpn_4
localize,#subtitle_zm_cmcp_cshg/zm_cmcp_cshg_shig_pwpn_5
localize,#subtitle_zm_cmcp_cshg/zm_cmcp_cshg_shig_raup_1
localize,#subtitle_zm_cmcp_cshg/zm_cmcp_cshg_shig_raup_10
localize,#subtitle_zm_cmcp_cshg/zm_cmcp_cshg_shig_raup_2
localize,#subtitle_zm_cmcp_cshg/zm_cmcp_cshg_shig_raup_3
localize,#subtitle_zm_cmcp_cshg/zm_cmcp_cshg_shig_raup_4
localize,#subtitle_zm_cmcp_cshg/zm_cmcp_cshg_shig_raup_5
localize,#subtitle_zm_cmcp_cshg/zm_cmcp_cshg_shig_raup_6
localize,#subtitle_zm_cmcp_cshg/zm_cmcp_cshg_shig_raup_7
localize,#subtitle_zm_cmcp_cshg/zm_cmcp_cshg_shig_raup_8
localize,#subtitle_zm_cmcp_cshg/zm_cmcp_cshg_shig_raup_9
localize,#subtitle_zm_cmcp_cshg/zm_cmcp_cshg_shig_rcvn_1
localize,#subtitle_zm_cmcp_cshg/zm_cmcp_cshg_shig_rcvn_10
localize,#subtitle_zm_cmcp_cshg/zm_cmcp_cshg_shig_rcvn_2
localize,#subtitle_zm_cmcp_cshg/zm_cmcp_cshg_shig_rcvn_3
localize,#subtitle_zm_cmcp_cshg/zm_cmcp_cshg_shig_rcvn_4
localize,#subtitle_zm_cmcp_cshg/zm_cmcp_cshg_shig_rcvn_5
localize,#subtitle_zm_cmcp_cshg/zm_cmcp_cshg_shig_rcvn_6
localize,#subtitle_zm_cmcp_cshg/zm_cmcp_cshg_shig_rcvn_7
localize,#subtitle_zm_cmcp_cshg/zm_cmcp_cshg_shig_rcvn_8
localize,#subtitle_zm_cmcp_cshg/zm_cmcp_cshg_shig_rcvn_9
localize,#subtitle_zm_cmcp_cshg/zm_cmcp_cshg_shig_rdwn_1
localize,#subtitle_zm_cmcp_cshg/zm_cmcp_cshg_shig_rdwn_2
localize,#subtitle_zm_cmcp_cshg/zm_cmcp_cshg_shig_rdwn_3
localize,#subtitle_zm_cmcp_cshg/zm_cmcp_cshg_shig_rdwn_4
localize,#subtitle_zm_cmcp_cshg/zm_cmcp_cshg_shig_rdwn_5
localize,#subtitle_zm_cmcp_cshg/zm_cmcp_cshg_shig_rdwn_6
localize,#subtitle_zm_cmcp_cshg/zm_cmcp_cshg_shig_rdwn_7
localize,#subtitle_zm_cmcp_cshg/zm_cmcp_cshg_shig_rdwn_8
localize,#subtitle_zm_cmcp_cshg/zm_cmcp_cshg_shig_rplr_1
localize,#subtitle_zm_cmcp_cshg/zm_cmcp_cshg_shig_rplr_10
localize,#subtitle_zm_cmcp_cshg/zm_cmcp_cshg_shig_rplr_2
localize,#subtitle_zm_cmcp_cshg/zm_cmcp_cshg_shig_rplr_3
localize,#subtitle_zm_cmcp_cshg/zm_cmcp_cshg_shig_rplr_4
localize,#subtitle_zm_cmcp_cshg/zm_cmcp_cshg_shig_rplr_5
localize,#subtitle_zm_cmcp_cshg/zm_cmcp_cshg_shig_rplr_6
localize,#subtitle_zm_cmcp_cshg/zm_cmcp_cshg_shig_rplr_7
localize,#subtitle_zm_cmcp_cshg/zm_cmcp_cshg_shig_rplr_8
localize,#subtitle_zm_cmcp_cshg/zm_cmcp_cshg_shig_rplr_9
localize,#subtitle_zm_cmcp_cshg/zm_cmcp_cshg_shig_rprk_1
localize,#subtitle_zm_cmcp_cshg/zm_cmcp_cshg_shig_rprk_10
localize,#subtitle_zm_cmcp_cshg/zm_cmcp_cshg_shig_rprk_2
localize,#subtitle_zm_cmcp_cshg/zm_cmcp_cshg_shig_rprk_3
localize,#subtitle_zm_cmcp_cshg/zm_cmcp_cshg_shig_rprk_4
localize,#subtitle_zm_cmcp_cshg/zm_cmcp_cshg_shig_rprk_5
localize,#subtitle_zm_cmcp_cshg/zm_cmcp_cshg_shig_rprk_6
localize,#subtitle_zm_cmcp_cshg/zm_cmcp_cshg_shig_rprk_7
localize,#subtitle_zm_cmcp_cshg/zm_cmcp_cshg_shig_rprk_8
localize,#subtitle_zm_cmcp_cshg/zm_cmcp_cshg_shig_rprk_9
localize,#subtitle_zm_cmcp_cshg/zm_cmcp_cshg_shig_rrev_1
localize,#subtitle_zm_cmcp_cshg/zm_cmcp_cshg_shig_rrev_2
localize,#subtitle_zm_cmcp_cshg/zm_cmcp_cshg_shig_rrev_3
localize,#subtitle_zm_cmcp_cshg/zm_cmcp_cshg_shig_rrev_4
localize,#subtitle_zm_cmcp_cshg/zm_cmcp_cshg_shig_rrev_5
localize,#subtitle_zm_cmcp_cshg/zm_cmcp_cshg_shig_rrev_6
localize,#subtitle_zm_cmcp_cshg/zm_cmcp_cshg_shig_rrev_7
localize,#subtitle_zm_cmcp_cshg/zm_cmcp_cshg_shig_rrev_8
localize,#subtitle_zm_cmcp_cshg/zm_cmcp_cshg_shig_rrvr_1
localize,#subtitle_zm_cmcp_cshg/zm_cmcp_cshg_shig_rrvr_2
localize,#subtitle_zm_cmcp_cshg/zm_cmcp_cshg_shig_rrvr_3
localize,#subtitle_zm_cmcp_cshg/zm_cmcp_cshg_shig_rrvr_4
localize,#subtitle_zm_cmcp_cshg/zm_cmcp_cshg_shig_rrvr_5
localize,#subtitle_zm_cmcp_cshg/zm_cmcp_cshg_shig_rrvr_6
localize,#subtitle_zm_cmcp_cshg/zm_cmcp_cshg_shig_rrvr_7
localize,#subtitle_zm_cmcp_cshg/zm_cmcp_cshg_shig_rrvr_8
localize,#subtitle_zm_cmcp_cshg/zm_cmcp_cshg_shig_wcir_1
localize,#subtitle_zm_cmcp_cshg/zm_cmcp_cshg_shig_wcir_2
localize,#subtitle_zm_cmcp_cshg/zm_cmcp_cshg_shig_wcir_3
localize,#subtitle_zm_cmcp_cshg/zm_cmcp_cshg_shig_wcir_4
localize,#subtitle_zm_cmcp_csln/solange_harderwijk
localize,#subtitle_zm_cmcp_csln/zm_cmcp_csln_sola_arpl_1
localize,#subtitle_zm_cmcp_csln/zm_cmcp_csln_sola_arpl_10
localize,#subtitle_zm_cmcp_csln/zm_cmcp_csln_sola_arpl_2
localize,#subtitle_zm_cmcp_csln/zm_cmcp_csln_sola_arpl_3
localize,#subtitle_zm_cmcp_csln/zm_cmcp_csln_sola_arpl_4
localize,#subtitle_zm_cmcp_csln/zm_cmcp_csln_sola_arpl_5
localize,#subtitle_zm_cmcp_csln/zm_cmcp_csln_sola_arpl_6
localize,#subtitle_zm_cmcp_csln/zm_cmcp_csln_sola_arpl_7
localize,#subtitle_zm_cmcp_csln/zm_cmcp_csln_sola_arpl_8
localize,#subtitle_zm_cmcp_csln/zm_cmcp_csln_sola_arpl_9
localize,#subtitle_zm_cmcp_csln/zm_cmcp_csln_sola_atkz_1
localize,#subtitle_zm_cmcp_csln/zm_cmcp_csln_sola_atkz_10
localize,#subtitle_zm_cmcp_csln/zm_cmcp_csln_sola_atkz_2
localize,#subtitle_zm_cmcp_csln/zm_cmcp_csln_sola_atkz_3
localize,#subtitle_zm_cmcp_csln/zm_cmcp_csln_sola_atkz_4
localize,#subtitle_zm_cmcp_csln/zm_cmcp_csln_sola_atkz_5
localize,#subtitle_zm_cmcp_csln/zm_cmcp_csln_sola_atkz_6
localize,#subtitle_zm_cmcp_csln/zm_cmcp_csln_sola_atkz_7
localize,#subtitle_zm_cmcp_csln/zm_cmcp_csln_sola_atkz_8
localize,#subtitle_zm_cmcp_csln/zm_cmcp_csln_sola_atkz_9
localize,#subtitle_zm_cmcp_csln/zm_cmcp_csln_sola_kmnk_1
localize,#subtitle_zm_cmcp_csln/zm_cmcp_csln_sola_kmnk_2
localize,#subtitle_zm_cmcp_csln/zm_cmcp_csln_sola_kmnk_3
localize,#subtitle_zm_cmcp_csln/zm_cmcp_csln_sola_kmnk_4
localize,#subtitle_zm_cmcp_csln/zm_cmcp_csln_sola_kmnk_5
localize,#subtitle_zm_cmcp_csln/zm_cmcp_csln_sola_kmnk_6
localize,#subtitle_zm_cmcp_csln/zm_cmcp_csln_sola_kzcl_1
localize,#subtitle_zm_cmcp_csln/zm_cmcp_csln_sola_kzcl_10
localize,#subtitle_zm_cmcp_csln/zm_cmcp_csln_sola_kzcl_2
localize,#subtitle_zm_cmcp_csln/zm_cmcp_csln_sola_kzcl_3
localize,#subtitle_zm_cmcp_csln/zm_cmcp_csln_sola_kzcl_4
localize,#subtitle_zm_cmcp_csln/zm_cmcp_csln_sola_kzcl_5
localize,#subtitle_zm_cmcp_csln/zm_cmcp_csln_sola_kzcl_6
localize,#subtitle_zm_cmcp_csln/zm_cmcp_csln_sola_kzcl_7
localize,#subtitle_zm_cmcp_csln/zm_cmcp_csln_sola_kzcl_8
localize,#subtitle_zm_cmcp_csln/zm_cmcp_csln_sola_kzcl_9
localize,#subtitle_zm_cmcp_csln/zm_cmcp_csln_sola_kzhs_1
localize,#subtitle_zm_cmcp_csln/zm_cmcp_csln_sola_kzhs_10
localize,#subtitle_zm_cmcp_csln/zm_cmcp_csln_sola_kzhs_2
localize,#subtitle_zm_cmcp_csln/zm_cmcp_csln_sola_kzhs_3
localize,#subtitle_zm_cmcp_csln/zm_cmcp_csln_sola_kzhs_4
localize,#subtitle_zm_cmcp_csln/zm_cmcp_csln_sola_kzhs_5
localize,#subtitle_zm_cmcp_csln/zm_cmcp_csln_sola_kzhs_6
localize,#subtitle_zm_cmcp_csln/zm_cmcp_csln_sola_kzhs_7
localize,#subtitle_zm_cmcp_csln/zm_cmcp_csln_sola_kzhs_8
localize,#subtitle_zm_cmcp_csln/zm_cmcp_csln_sola_kzhs_9
localize,#subtitle_zm_cmcp_csln/zm_cmcp_csln_sola_kzjg_1
localize,#subtitle_zm_cmcp_csln/zm_cmcp_csln_sola_kzjg_10
localize,#subtitle_zm_cmcp_csln/zm_cmcp_csln_sola_kzjg_2
localize,#subtitle_zm_cmcp_csln/zm_cmcp_csln_sola_kzjg_3
localize,#subtitle_zm_cmcp_csln/zm_cmcp_csln_sola_kzjg_4
localize,#subtitle_zm_cmcp_csln/zm_cmcp_csln_sola_kzjg_5
localize,#subtitle_zm_cmcp_csln/zm_cmcp_csln_sola_kzjg_6
localize,#subtitle_zm_cmcp_csln/zm_cmcp_csln_sola_kzjg_7
localize,#subtitle_zm_cmcp_csln/zm_cmcp_csln_sola_kzjg_8
localize,#subtitle_zm_cmcp_csln/zm_cmcp_csln_sola_kzjg_9
localize,#subtitle_zm_cmcp_csln/zm_cmcp_csln_sola_kzks_1
localize,#subtitle_zm_cmcp_csln/zm_cmcp_csln_sola_kzks_10
localize,#subtitle_zm_cmcp_csln/zm_cmcp_csln_sola_kzks_2
localize,#subtitle_zm_cmcp_csln/zm_cmcp_csln_sola_kzks_3
localize,#subtitle_zm_cmcp_csln/zm_cmcp_csln_sola_kzks_4
localize,#subtitle_zm_cmcp_csln/zm_cmcp_csln_sola_kzks_5
localize,#subtitle_zm_cmcp_csln/zm_cmcp_csln_sola_kzks_6
localize,#subtitle_zm_cmcp_csln/zm_cmcp_csln_sola_kzks_7
localize,#subtitle_zm_cmcp_csln/zm_cmcp_csln_sola_kzks_8
localize,#subtitle_zm_cmcp_csln/zm_cmcp_csln_sola_kzks_9
localize,#subtitle_zm_cmcp_csln/zm_cmcp_csln_sola_kzrv_1
localize,#subtitle_zm_cmcp_csln/zm_cmcp_csln_sola_kzrv_10
localize,#subtitle_zm_cmcp_csln/zm_cmcp_csln_sola_kzrv_2
localize,#subtitle_zm_cmcp_csln/zm_cmcp_csln_sola_kzrv_3
localize,#subtitle_zm_cmcp_csln/zm_cmcp_csln_sola_kzrv_4
localize,#subtitle_zm_cmcp_csln/zm_cmcp_csln_sola_kzrv_5
localize,#subtitle_zm_cmcp_csln/zm_cmcp_csln_sola_kzrv_6
localize,#subtitle_zm_cmcp_csln/zm_cmcp_csln_sola_kzrv_7
localize,#subtitle_zm_cmcp_csln/zm_cmcp_csln_sola_kzrv_8
localize,#subtitle_zm_cmcp_csln/zm_cmcp_csln_sola_kzrv_9
localize,#subtitle_zm_cmcp_csln/zm_cmcp_csln_sola_kzsu_1
localize,#subtitle_zm_cmcp_csln/zm_cmcp_csln_sola_kzsu_10
localize,#subtitle_zm_cmcp_csln/zm_cmcp_csln_sola_kzsu_2
localize,#subtitle_zm_cmcp_csln/zm_cmcp_csln_sola_kzsu_3
localize,#subtitle_zm_cmcp_csln/zm_cmcp_csln_sola_kzsu_4
localize,#subtitle_zm_cmcp_csln/zm_cmcp_csln_sola_kzsu_5
localize,#subtitle_zm_cmcp_csln/zm_cmcp_csln_sola_kzsu_6
localize,#subtitle_zm_cmcp_csln/zm_cmcp_csln_sola_kzsu_7
localize,#subtitle_zm_cmcp_csln/zm_cmcp_csln_sola_kzsu_8
localize,#subtitle_zm_cmcp_csln/zm_cmcp_csln_sola_kzsu_9
localize,#subtitle_zm_cmcp_csln/zm_cmcp_csln_sola_pitm_1
localize,#subtitle_zm_cmcp_csln/zm_cmcp_csln_sola_pitm_10
localize,#subtitle_zm_cmcp_csln/zm_cmcp_csln_sola_pitm_2
localize,#subtitle_zm_cmcp_csln/zm_cmcp_csln_sola_pitm_3
localize,#subtitle_zm_cmcp_csln/zm_cmcp_csln_sola_pitm_4
localize,#subtitle_zm_cmcp_csln/zm_cmcp_csln_sola_pitm_5
localize,#subtitle_zm_cmcp_csln/zm_cmcp_csln_sola_pitm_6
localize,#subtitle_zm_cmcp_csln/zm_cmcp_csln_sola_pitm_7
localize,#subtitle_zm_cmcp_csln/zm_cmcp_csln_sola_pitm_8
localize,#subtitle_zm_cmcp_csln/zm_cmcp_csln_sola_pitm_9
localize,#subtitle_zm_cmcp_csln/zm_cmcp_csln_sola_plmg_1
localize,#subtitle_zm_cmcp_csln/zm_cmcp_csln_sola_plmg_2
localize,#subtitle_zm_cmcp_csln/zm_cmcp_csln_sola_plmg_3
localize,#subtitle_zm_cmcp_csln/zm_cmcp_csln_sola_plmg_4
localize,#subtitle_zm_cmcp_csln/zm_cmcp_csln_sola_plmg_5
localize,#subtitle_zm_cmcp_csln/zm_cmcp_csln_sola_pmel_1
localize,#subtitle_zm_cmcp_csln/zm_cmcp_csln_sola_pmel_2
localize,#subtitle_zm_cmcp_csln/zm_cmcp_csln_sola_pmel_3
localize,#subtitle_zm_cmcp_csln/zm_cmcp_csln_sola_pmel_4
localize,#subtitle_zm_cmcp_csln/zm_cmcp_csln_sola_pmel_5
localize,#subtitle_zm_cmcp_csln/zm_cmcp_csln_sola_pmrk_1
localize,#subtitle_zm_cmcp_csln/zm_cmcp_csln_sola_pmrk_2
localize,#subtitle_zm_cmcp_csln/zm_cmcp_csln_sola_pmrk_3
localize,#subtitle_zm_cmcp_csln/zm_cmcp_csln_sola_pmrk_4
localize,#subtitle_zm_cmcp_csln/zm_cmcp_csln_sola_pmrk_5
localize,#subtitle_zm_cmcp_csln/zm_cmcp_csln_sola_psht_1
localize,#subtitle_zm_cmcp_csln/zm_cmcp_csln_sola_psht_2
localize,#subtitle_zm_cmcp_csln/zm_cmcp_csln_sola_psht_3
localize,#subtitle_zm_cmcp_csln/zm_cmcp_csln_sola_psht_4
localize,#subtitle_zm_cmcp_csln/zm_cmcp_csln_sola_psht_5
localize,#subtitle_zm_cmcp_csln/zm_cmcp_csln_sola_psmg_1
localize,#subtitle_zm_cmcp_csln/zm_cmcp_csln_sola_psmg_2
localize,#subtitle_zm_cmcp_csln/zm_cmcp_csln_sola_psmg_3
localize,#subtitle_zm_cmcp_csln/zm_cmcp_csln_sola_psmg_4
localize,#subtitle_zm_cmcp_csln/zm_cmcp_csln_sola_psmg_5
localize,#subtitle_zm_cmcp_csln/zm_cmcp_csln_sola_psnp_1
localize,#subtitle_zm_cmcp_csln/zm_cmcp_csln_sola_psnp_2
localize,#subtitle_zm_cmcp_csln/zm_cmcp_csln_sola_psnp_3
localize,#subtitle_zm_cmcp_csln/zm_cmcp_csln_sola_psnp_4
localize,#subtitle_zm_cmcp_csln/zm_cmcp_csln_sola_psnp_5
localize,#subtitle_zm_cmcp_csln/zm_cmcp_csln_sola_pwar_1
localize,#subtitle_zm_cmcp_csln/zm_cmcp_csln_sola_pwar_2
localize,#subtitle_zm_cmcp_csln/zm_cmcp_csln_sola_pwar_3
localize,#subtitle_zm_cmcp_csln/zm_cmcp_csln_sola_pwar_4
localize,#subtitle_zm_cmcp_csln/zm_cmcp_csln_sola_pwar_5
localize,#subtitle_zm_cmcp_csln/zm_cmcp_csln_sola_pwpn_1
localize,#subtitle_zm_cmcp_csln/zm_cmcp_csln_sola_pwpn_2
localize,#subtitle_zm_cmcp_csln/zm_cmcp_csln_sola_pwpn_3
localize,#subtitle_zm_cmcp_csln/zm_cmcp_csln_sola_pwpn_4
localize,#subtitle_zm_cmcp_csln/zm_cmcp_csln_sola_pwpn_5
localize,#subtitle_zm_cmcp_csln/zm_cmcp_csln_sola_raup_1
localize,#subtitle_zm_cmcp_csln/zm_cmcp_csln_sola_raup_10
localize,#subtitle_zm_cmcp_csln/zm_cmcp_csln_sola_raup_2
localize,#subtitle_zm_cmcp_csln/zm_cmcp_csln_sola_raup_3
localize,#subtitle_zm_cmcp_csln/zm_cmcp_csln_sola_raup_4
localize,#subtitle_zm_cmcp_csln/zm_cmcp_csln_sola_raup_5
localize,#subtitle_zm_cmcp_csln/zm_cmcp_csln_sola_raup_6
localize,#subtitle_zm_cmcp_csln/zm_cmcp_csln_sola_raup_7
localize,#subtitle_zm_cmcp_csln/zm_cmcp_csln_sola_raup_8
localize,#subtitle_zm_cmcp_csln/zm_cmcp_csln_sola_raup_9
localize,#subtitle_zm_cmcp_csln/zm_cmcp_csln_sola_rcvn_1
localize,#subtitle_zm_cmcp_csln/zm_cmcp_csln_sola_rcvn_10
localize,#subtitle_zm_cmcp_csln/zm_cmcp_csln_sola_rcvn_2
localize,#subtitle_zm_cmcp_csln/zm_cmcp_csln_sola_rcvn_3
localize,#subtitle_zm_cmcp_csln/zm_cmcp_csln_sola_rcvn_4
localize,#subtitle_zm_cmcp_csln/zm_cmcp_csln_sola_rcvn_5
localize,#subtitle_zm_cmcp_csln/zm_cmcp_csln_sola_rcvn_6
localize,#subtitle_zm_cmcp_csln/zm_cmcp_csln_sola_rcvn_7
localize,#subtitle_zm_cmcp_csln/zm_cmcp_csln_sola_rcvn_8
localize,#subtitle_zm_cmcp_csln/zm_cmcp_csln_sola_rcvn_9
localize,#subtitle_zm_cmcp_csln/zm_cmcp_csln_sola_rdwn_1
localize,#subtitle_zm_cmcp_csln/zm_cmcp_csln_sola_rdwn_2
localize,#subtitle_zm_cmcp_csln/zm_cmcp_csln_sola_rdwn_3
localize,#subtitle_zm_cmcp_csln/zm_cmcp_csln_sola_rdwn_4
localize,#subtitle_zm_cmcp_csln/zm_cmcp_csln_sola_rdwn_5
localize,#subtitle_zm_cmcp_csln/zm_cmcp_csln_sola_rdwn_6
localize,#subtitle_zm_cmcp_csln/zm_cmcp_csln_sola_rdwn_7
localize,#subtitle_zm_cmcp_csln/zm_cmcp_csln_sola_rdwn_8
localize,#subtitle_zm_cmcp_csln/zm_cmcp_csln_sola_rplr_1
localize,#subtitle_zm_cmcp_csln/zm_cmcp_csln_sola_rplr_10
localize,#subtitle_zm_cmcp_csln/zm_cmcp_csln_sola_rplr_2
localize,#subtitle_zm_cmcp_csln/zm_cmcp_csln_sola_rplr_3
localize,#subtitle_zm_cmcp_csln/zm_cmcp_csln_sola_rplr_4
localize,#subtitle_zm_cmcp_csln/zm_cmcp_csln_sola_rplr_5
localize,#subtitle_zm_cmcp_csln/zm_cmcp_csln_sola_rplr_6
localize,#subtitle_zm_cmcp_csln/zm_cmcp_csln_sola_rplr_7
localize,#subtitle_zm_cmcp_csln/zm_cmcp_csln_sola_rplr_8
localize,#subtitle_zm_cmcp_csln/zm_cmcp_csln_sola_rplr_9
localize,#subtitle_zm_cmcp_csln/zm_cmcp_csln_sola_rprk_1
localize,#subtitle_zm_cmcp_csln/zm_cmcp_csln_sola_rprk_10
localize,#subtitle_zm_cmcp_csln/zm_cmcp_csln_sola_rprk_2
localize,#subtitle_zm_cmcp_csln/zm_cmcp_csln_sola_rprk_3
localize,#subtitle_zm_cmcp_csln/zm_cmcp_csln_sola_rprk_4
localize,#subtitle_zm_cmcp_csln/zm_cmcp_csln_sola_rprk_5
localize,#subtitle_zm_cmcp_csln/zm_cmcp_csln_sola_rprk_6
localize,#subtitle_zm_cmcp_csln/zm_cmcp_csln_sola_rprk_7
localize,#subtitle_zm_cmcp_csln/zm_cmcp_csln_sola_rprk_8
localize,#subtitle_zm_cmcp_csln/zm_cmcp_csln_sola_rprk_9
localize,#subtitle_zm_cmcp_csln/zm_cmcp_csln_sola_rrev_1
localize,#subtitle_zm_cmcp_csln/zm_cmcp_csln_sola_rrev_2
localize,#subtitle_zm_cmcp_csln/zm_cmcp_csln_sola_rrev_3
localize,#subtitle_zm_cmcp_csln/zm_cmcp_csln_sola_rrev_4
localize,#subtitle_zm_cmcp_csln/zm_cmcp_csln_sola_rrev_5
localize,#subtitle_zm_cmcp_csln/zm_cmcp_csln_sola_rrev_6
localize,#subtitle_zm_cmcp_csln/zm_cmcp_csln_sola_rrev_7
localize,#subtitle_zm_cmcp_csln/zm_cmcp_csln_sola_rrev_8
localize,#subtitle_zm_cmcp_csln/zm_cmcp_csln_sola_rrvr_1
localize,#subtitle_zm_cmcp_csln/zm_cmcp_csln_sola_rrvr_2
localize,#subtitle_zm_cmcp_csln/zm_cmcp_csln_sola_rrvr_3
localize,#subtitle_zm_cmcp_csln/zm_cmcp_csln_sola_rrvr_4
localize,#subtitle_zm_cmcp_csln/zm_cmcp_csln_sola_rrvr_5
localize,#subtitle_zm_cmcp_csln/zm_cmcp_csln_sola_rrvr_6
localize,#subtitle_zm_cmcp_csln/zm_cmcp_csln_sola_rrvr_7
localize,#subtitle_zm_cmcp_csln/zm_cmcp_csln_sola_rrvr_8
localize,#subtitle_zm_cmcp_csln/zm_cmcp_csln_sola_wcir_1
localize,#subtitle_zm_cmcp_csln/zm_cmcp_csln_sola_wcir_2
localize,#subtitle_zm_cmcp_csln/zm_cmcp_csln_sola_wcir_3
localize,#subtitle_zm_cmcp_csln/zm_cmcp_csln_sola_wcir_4
localize,#subtitle_zm_cmcp_csrx/saraxis
localize,#subtitle_zm_cmcp_csrx/zm_cmcp_csrx_dsrx_asrn_1
localize,#subtitle_zm_cmcp_csrx/zm_cmcp_csrx_dsrx_asrn_10
localize,#subtitle_zm_cmcp_csrx/zm_cmcp_csrx_dsrx_asrn_2
localize,#subtitle_zm_cmcp_csrx/zm_cmcp_csrx_dsrx_asrn_3
localize,#subtitle_zm_cmcp_csrx/zm_cmcp_csrx_dsrx_asrn_4
localize,#subtitle_zm_cmcp_csrx/zm_cmcp_csrx_dsrx_asrn_5
localize,#subtitle_zm_cmcp_csrx/zm_cmcp_csrx_dsrx_asrn_6
localize,#subtitle_zm_cmcp_csrx/zm_cmcp_csrx_dsrx_asrn_7
localize,#subtitle_zm_cmcp_csrx/zm_cmcp_csrx_dsrx_asrn_8
localize,#subtitle_zm_cmcp_csrx/zm_cmcp_csrx_dsrx_asrn_9
localize,#subtitle_zm_cmcp_csrx/zm_cmcp_csrx_dsrx_dmem_1
localize,#subtitle_zm_cmcp_csrx/zm_cmcp_csrx_dsrx_dmem_10
localize,#subtitle_zm_cmcp_csrx/zm_cmcp_csrx_dsrx_dmem_2
localize,#subtitle_zm_cmcp_csrx/zm_cmcp_csrx_dsrx_dmem_3
localize,#subtitle_zm_cmcp_csrx/zm_cmcp_csrx_dsrx_dmem_4
localize,#subtitle_zm_cmcp_csrx/zm_cmcp_csrx_dsrx_dmem_5
localize,#subtitle_zm_cmcp_csrx/zm_cmcp_csrx_dsrx_dmem_6
localize,#subtitle_zm_cmcp_csrx/zm_cmcp_csrx_dsrx_dmem_7
localize,#subtitle_zm_cmcp_csrx/zm_cmcp_csrx_dsrx_dmem_8
localize,#subtitle_zm_cmcp_csrx/zm_cmcp_csrx_dsrx_dmem_9
localize,#subtitle_zm_cmcp_csrx/zm_cmcp_csrx_dsrx_dmns_1
localize,#subtitle_zm_cmcp_csrx/zm_cmcp_csrx_dsrx_dmns_2
localize,#subtitle_zm_cmcp_csrx/zm_cmcp_csrx_dsrx_dmns_3
localize,#subtitle_zm_cmcp_csrx/zm_cmcp_csrx_dsrx_dmns_4
localize,#subtitle_zm_cmcp_csrx/zm_cmcp_csrx_dsrx_drem_1
localize,#subtitle_zm_cmcp_csrx/zm_cmcp_csrx_dsrx_drem_10
localize,#subtitle_zm_cmcp_csrx/zm_cmcp_csrx_dsrx_drem_2
localize,#subtitle_zm_cmcp_csrx/zm_cmcp_csrx_dsrx_drem_3
localize,#subtitle_zm_cmcp_csrx/zm_cmcp_csrx_dsrx_drem_4
localize,#subtitle_zm_cmcp_csrx/zm_cmcp_csrx_dsrx_drem_5
localize,#subtitle_zm_cmcp_csrx/zm_cmcp_csrx_dsrx_drem_6
localize,#subtitle_zm_cmcp_csrx/zm_cmcp_csrx_dsrx_drem_7
localize,#subtitle_zm_cmcp_csrx/zm_cmcp_csrx_dsrx_drem_8
localize,#subtitle_zm_cmcp_csrx/zm_cmcp_csrx_dsrx_drem_9
localize,#subtitle_zm_cmcp_csrx/zm_cmcp_csrx_dsrx_duem_1
localize,#subtitle_zm_cmcp_csrx/zm_cmcp_csrx_dsrx_duem_10
localize,#subtitle_zm_cmcp_csrx/zm_cmcp_csrx_dsrx_duem_2
localize,#subtitle_zm_cmcp_csrx/zm_cmcp_csrx_dsrx_duem_3
localize,#subtitle_zm_cmcp_csrx/zm_cmcp_csrx_dsrx_duem_4
localize,#subtitle_zm_cmcp_csrx/zm_cmcp_csrx_dsrx_duem_5
localize,#subtitle_zm_cmcp_csrx/zm_cmcp_csrx_dsrx_duem_6
localize,#subtitle_zm_cmcp_csrx/zm_cmcp_csrx_dsrx_duem_7
localize,#subtitle_zm_cmcp_csrx/zm_cmcp_csrx_dsrx_duem_8
localize,#subtitle_zm_cmcp_csrx/zm_cmcp_csrx_dsrx_duem_9
localize,#subtitle_zm_cmcp_csrx/zm_cmcp_csrx_dsrx_gmvr_1
localize,#subtitle_zm_cmcp_csrx/zm_cmcp_csrx_dsrx_gmvr_2
localize,#subtitle_zm_cmcp_csrx/zm_cmcp_csrx_dsrx_gmvr_3
localize,#subtitle_zm_cmcp_csrx/zm_cmcp_csrx_dsrx_gmvr_4
localize,#subtitle_zm_cmcp_csrx/zm_cmcp_csrx_dsrx_gmvr_5
localize,#subtitle_zm_cmcp_csrx/zm_cmcp_csrx_dsrx_gmvr_6
localize,#subtitle_zm_cmcp_csrx/zm_cmcp_csrx_dsrx_gmvr_7
localize,#subtitle_zm_cmcp_csrx/zm_cmcp_csrx_dsrx_gmvr_8
localize,#subtitle_zm_cmcp_csrx/zm_cmcp_csrx_dsrx_nmny_1
localize,#subtitle_zm_cmcp_csrx/zm_cmcp_csrx_dsrx_nmny_2
localize,#subtitle_zm_cmcp_csrx/zm_cmcp_csrx_dsrx_nmny_3
localize,#subtitle_zm_cmcp_csrx/zm_cmcp_csrx_dsrx_nmny_4
localize,#subtitle_zm_cmcp_csrx/zm_cmcp_csrx_dsrx_nmny_5
localize,#subtitle_zm_cmcp_csrx/zm_cmcp_csrx_dsrx_puww_1
localize,#subtitle_zm_cmcp_csrx/zm_cmcp_csrx_dsrx_puww_2
localize,#subtitle_zm_cmcp_csrx/zm_cmcp_csrx_dsrx_puww_3
localize,#subtitle_zm_cmcp_csrx/zm_cmcp_csrx_dsrx_puww_4
localize,#subtitle_zm_cmcp_csrx/zm_cmcp_csrx_dsrx_puww_5
localize,#subtitle_zm_cmcp_csrx/zm_cmcp_csrx_dsrx_puww_6
localize,#subtitle_zm_cmcp_csrx/zm_cmcp_csrx_dsrx_puww_7
localize,#subtitle_zm_cmcp_csrx/zm_cmcp_csrx_dsrx_puww_8
localize,#subtitle_zm_cmcp_csrx/zm_cmcp_csrx_dsrx_puww_9
localize,#subtitle_zm_cmcp_csrx/zm_cmcp_csrx_dsrx_rcva_1
localize,#subtitle_zm_cmcp_csrx/zm_cmcp_csrx_dsrx_rcva_10
localize,#subtitle_zm_cmcp_csrx/zm_cmcp_csrx_dsrx_rcva_2
localize,#subtitle_zm_cmcp_csrx/zm_cmcp_csrx_dsrx_rcva_3
localize,#subtitle_zm_cmcp_csrx/zm_cmcp_csrx_dsrx_rcva_4
localize,#subtitle_zm_cmcp_csrx/zm_cmcp_csrx_dsrx_rcva_5
localize,#subtitle_zm_cmcp_csrx/zm_cmcp_csrx_dsrx_rcva_6
localize,#subtitle_zm_cmcp_csrx/zm_cmcp_csrx_dsrx_rcva_7
localize,#subtitle_zm_cmcp_csrx/zm_cmcp_csrx_dsrx_rcva_8
localize,#subtitle_zm_cmcp_csrx/zm_cmcp_csrx_dsrx_rcva_9
localize,#subtitle_zm_cmcp_csrx/zm_cmcp_csrx_dsrx_rmys_1
localize,#subtitle_zm_cmcp_csrx/zm_cmcp_csrx_dsrx_rmys_10
localize,#subtitle_zm_cmcp_csrx/zm_cmcp_csrx_dsrx_rmys_2
localize,#subtitle_zm_cmcp_csrx/zm_cmcp_csrx_dsrx_rmys_3
localize,#subtitle_zm_cmcp_csrx/zm_cmcp_csrx_dsrx_rmys_4
localize,#subtitle_zm_cmcp_csrx/zm_cmcp_csrx_dsrx_rmys_5
localize,#subtitle_zm_cmcp_csrx/zm_cmcp_csrx_dsrx_rmys_6
localize,#subtitle_zm_cmcp_csrx/zm_cmcp_csrx_dsrx_rmys_7
localize,#subtitle_zm_cmcp_csrx/zm_cmcp_csrx_dsrx_rmys_8
localize,#subtitle_zm_cmcp_csrx/zm_cmcp_csrx_dsrx_rmys_9
localize,#subtitle_zm_cmcp_csrx/zm_cmcp_csrx_dsrx_rp2x_1
localize,#subtitle_zm_cmcp_csrx/zm_cmcp_csrx_dsrx_rp2x_2
localize,#subtitle_zm_cmcp_csrx/zm_cmcp_csrx_dsrx_rp2x_3
localize,#subtitle_zm_cmcp_csrx/zm_cmcp_csrx_dsrx_rp2x_4
localize,#subtitle_zm_cmcp_csrx/zm_cmcp_csrx_dsrx_rp2x_5
localize,#subtitle_zm_cmcp_csrx/zm_cmcp_csrx_dsrx_rpaf_1
localize,#subtitle_zm_cmcp_csrx/zm_cmcp_csrx_dsrx_rpaf_2
localize,#subtitle_zm_cmcp_csrx/zm_cmcp_csrx_dsrx_rpaf_3
localize,#subtitle_zm_cmcp_csrx/zm_cmcp_csrx_dsrx_rpaf_4
localize,#subtitle_zm_cmcp_csrx/zm_cmcp_csrx_dsrx_rpaf_5
localize,#subtitle_zm_cmcp_csrx/zm_cmcp_csrx_dsrx_rpap_1
localize,#subtitle_zm_cmcp_csrx/zm_cmcp_csrx_dsrx_rpap_10
localize,#subtitle_zm_cmcp_csrx/zm_cmcp_csrx_dsrx_rpap_2
localize,#subtitle_zm_cmcp_csrx/zm_cmcp_csrx_dsrx_rpap_3
localize,#subtitle_zm_cmcp_csrx/zm_cmcp_csrx_dsrx_rpap_4
localize,#subtitle_zm_cmcp_csrx/zm_cmcp_csrx_dsrx_rpap_5
localize,#subtitle_zm_cmcp_csrx/zm_cmcp_csrx_dsrx_rpap_6
localize,#subtitle_zm_cmcp_csrx/zm_cmcp_csrx_dsrx_rpap_7
localize,#subtitle_zm_cmcp_csrx/zm_cmcp_csrx_dsrx_rpap_8
localize,#subtitle_zm_cmcp_csrx/zm_cmcp_csrx_dsrx_rpap_9
localize,#subtitle_zm_cmcp_csrx/zm_cmcp_csrx_dsrx_rpbp_1
localize,#subtitle_zm_cmcp_csrx/zm_cmcp_csrx_dsrx_rpbp_2
localize,#subtitle_zm_cmcp_csrx/zm_cmcp_csrx_dsrx_rpbp_3
localize,#subtitle_zm_cmcp_csrx/zm_cmcp_csrx_dsrx_rpbp_4
localize,#subtitle_zm_cmcp_csrx/zm_cmcp_csrx_dsrx_rpbp_5
localize,#subtitle_zm_cmcp_csrx/zm_cmcp_csrx_dsrx_rpfs_1
localize,#subtitle_zm_cmcp_csrx/zm_cmcp_csrx_dsrx_rpfs_2
localize,#subtitle_zm_cmcp_csrx/zm_cmcp_csrx_dsrx_rpfs_3
localize,#subtitle_zm_cmcp_csrx/zm_cmcp_csrx_dsrx_rpfs_4
localize,#subtitle_zm_cmcp_csrx/zm_cmcp_csrx_dsrx_rpfs_5
localize,#subtitle_zm_cmcp_csrx/zm_cmcp_csrx_dsrx_rpik_1
localize,#subtitle_zm_cmcp_csrx/zm_cmcp_csrx_dsrx_rpik_2
localize,#subtitle_zm_cmcp_csrx/zm_cmcp_csrx_dsrx_rpik_3
localize,#subtitle_zm_cmcp_csrx/zm_cmcp_csrx_dsrx_rpik_4
localize,#subtitle_zm_cmcp_csrx/zm_cmcp_csrx_dsrx_rpik_5
localize,#subtitle_zm_cmcp_csrx/zm_cmcp_csrx_dsrx_rpkf_1
localize,#subtitle_zm_cmcp_csrx/zm_cmcp_csrx_dsrx_rpkf_10
localize,#subtitle_zm_cmcp_csrx/zm_cmcp_csrx_dsrx_rpkf_2
localize,#subtitle_zm_cmcp_csrx/zm_cmcp_csrx_dsrx_rpkf_3
localize,#subtitle_zm_cmcp_csrx/zm_cmcp_csrx_dsrx_rpkf_4
localize,#subtitle_zm_cmcp_csrx/zm_cmcp_csrx_dsrx_rpkf_5
localize,#subtitle_zm_cmcp_csrx/zm_cmcp_csrx_dsrx_rpkf_6
localize,#subtitle_zm_cmcp_csrx/zm_cmcp_csrx_dsrx_rpkf_7
localize,#subtitle_zm_cmcp_csrx/zm_cmcp_csrx_dsrx_rpkf_8
localize,#subtitle_zm_cmcp_csrx/zm_cmcp_csrx_dsrx_rpkf_9
localize,#subtitle_zm_cmcp_csrx/zm_cmcp_csrx_dsrx_rpma_1
localize,#subtitle_zm_cmcp_csrx/zm_cmcp_csrx_dsrx_rpma_2
localize,#subtitle_zm_cmcp_csrx/zm_cmcp_csrx_dsrx_rpma_3
localize,#subtitle_zm_cmcp_csrx/zm_cmcp_csrx_dsrx_rpma_4
localize,#subtitle_zm_cmcp_csrx/zm_cmcp_csrx_dsrx_rpma_5
localize,#subtitle_zm_cmcp_csrx/zm_cmcp_csrx_dsrx_rpnk_1
localize,#subtitle_zm_cmcp_csrx/zm_cmcp_csrx_dsrx_rpnk_2
localize,#subtitle_zm_cmcp_csrx/zm_cmcp_csrx_dsrx_rpnk_3
localize,#subtitle_zm_cmcp_csrx/zm_cmcp_csrx_dsrx_rpnk_4
localize,#subtitle_zm_cmcp_csrx/zm_cmcp_csrx_dsrx_rpnk_5
localize,#subtitle_zm_cmcp_csrx/zm_cmcp_csrx_dsrx_rtom_1
localize,#subtitle_zm_cmcp_csrx/zm_cmcp_csrx_dsrx_rtom_10
localize,#subtitle_zm_cmcp_csrx/zm_cmcp_csrx_dsrx_rtom_2
localize,#subtitle_zm_cmcp_csrx/zm_cmcp_csrx_dsrx_rtom_3
localize,#subtitle_zm_cmcp_csrx/zm_cmcp_csrx_dsrx_rtom_4
localize,#subtitle_zm_cmcp_csrx/zm_cmcp_csrx_dsrx_rtom_5
localize,#subtitle_zm_cmcp_csrx/zm_cmcp_csrx_dsrx_rtom_6
localize,#subtitle_zm_cmcp_csrx/zm_cmcp_csrx_dsrx_rtom_7
localize,#subtitle_zm_cmcp_csrx/zm_cmcp_csrx_dsrx_rtom_8
localize,#subtitle_zm_cmcp_csrx/zm_cmcp_csrx_dsrx_rtom_9
localize,#subtitle_zm_cmcp_csrx/zm_cmcp_csrx_dsrx_ssrn_1
localize,#subtitle_zm_cmcp_csrx/zm_cmcp_csrx_dsrx_ssrn_10
localize,#subtitle_zm_cmcp_csrx/zm_cmcp_csrx_dsrx_ssrn_2
localize,#subtitle_zm_cmcp_csrx/zm_cmcp_csrx_dsrx_ssrn_3
localize,#subtitle_zm_cmcp_csrx/zm_cmcp_csrx_dsrx_ssrn_4
localize,#subtitle_zm_cmcp_csrx/zm_cmcp_csrx_dsrx_ssrn_5
localize,#subtitle_zm_cmcp_csrx/zm_cmcp_csrx_dsrx_ssrn_6
localize,#subtitle_zm_cmcp_csrx/zm_cmcp_csrx_dsrx_ssrn_7
localize,#subtitle_zm_cmcp_csrx/zm_cmcp_csrx_dsrx_ssrn_8
localize,#subtitle_zm_cmcp_csrx/zm_cmcp_csrx_dsrx_ssrn_9
localize,#subtitle_zm_cmcp_cwde/wade_jackson
localize,#subtitle_zm_cmcp_cwde/zm_cmcp_cwde_wade_arpl_1
localize,#subtitle_zm_cmcp_cwde/zm_cmcp_cwde_wade_arpl_10
localize,#subtitle_zm_cmcp_cwde/zm_cmcp_cwde_wade_arpl_2
localize,#subtitle_zm_cmcp_cwde/zm_cmcp_cwde_wade_arpl_3
localize,#subtitle_zm_cmcp_cwde/zm_cmcp_cwde_wade_arpl_4
localize,#subtitle_zm_cmcp_cwde/zm_cmcp_cwde_wade_arpl_5
localize,#subtitle_zm_cmcp_cwde/zm_cmcp_cwde_wade_arpl_6
localize,#subtitle_zm_cmcp_cwde/zm_cmcp_cwde_wade_arpl_7
localize,#subtitle_zm_cmcp_cwde/zm_cmcp_cwde_wade_arpl_8
localize,#subtitle_zm_cmcp_cwde/zm_cmcp_cwde_wade_arpl_9
localize,#subtitle_zm_cmcp_cwde/zm_cmcp_cwde_wade_atkz_1
localize,#subtitle_zm_cmcp_cwde/zm_cmcp_cwde_wade_atkz_10
localize,#subtitle_zm_cmcp_cwde/zm_cmcp_cwde_wade_atkz_2
localize,#subtitle_zm_cmcp_cwde/zm_cmcp_cwde_wade_atkz_3
localize,#subtitle_zm_cmcp_cwde/zm_cmcp_cwde_wade_atkz_4
localize,#subtitle_zm_cmcp_cwde/zm_cmcp_cwde_wade_atkz_5
localize,#subtitle_zm_cmcp_cwde/zm_cmcp_cwde_wade_atkz_6
localize,#subtitle_zm_cmcp_cwde/zm_cmcp_cwde_wade_atkz_7
localize,#subtitle_zm_cmcp_cwde/zm_cmcp_cwde_wade_atkz_8
localize,#subtitle_zm_cmcp_cwde/zm_cmcp_cwde_wade_atkz_9
localize,#subtitle_zm_cmcp_cwde/zm_cmcp_cwde_wade_kmnk_1
localize,#subtitle_zm_cmcp_cwde/zm_cmcp_cwde_wade_kmnk_2
localize,#subtitle_zm_cmcp_cwde/zm_cmcp_cwde_wade_kmnk_3
localize,#subtitle_zm_cmcp_cwde/zm_cmcp_cwde_wade_kmnk_4
localize,#subtitle_zm_cmcp_cwde/zm_cmcp_cwde_wade_kmnk_5
localize,#subtitle_zm_cmcp_cwde/zm_cmcp_cwde_wade_kmnk_6
localize,#subtitle_zm_cmcp_cwde/zm_cmcp_cwde_wade_kzcl_1
localize,#subtitle_zm_cmcp_cwde/zm_cmcp_cwde_wade_kzcl_10
localize,#subtitle_zm_cmcp_cwde/zm_cmcp_cwde_wade_kzcl_2
localize,#subtitle_zm_cmcp_cwde/zm_cmcp_cwde_wade_kzcl_3
localize,#subtitle_zm_cmcp_cwde/zm_cmcp_cwde_wade_kzcl_4
localize,#subtitle_zm_cmcp_cwde/zm_cmcp_cwde_wade_kzcl_5
localize,#subtitle_zm_cmcp_cwde/zm_cmcp_cwde_wade_kzcl_6
localize,#subtitle_zm_cmcp_cwde/zm_cmcp_cwde_wade_kzcl_7
localize,#subtitle_zm_cmcp_cwde/zm_cmcp_cwde_wade_kzcl_8
localize,#subtitle_zm_cmcp_cwde/zm_cmcp_cwde_wade_kzcl_9
localize,#subtitle_zm_cmcp_cwde/zm_cmcp_cwde_wade_kzhs_1
localize,#subtitle_zm_cmcp_cwde/zm_cmcp_cwde_wade_kzhs_10
localize,#subtitle_zm_cmcp_cwde/zm_cmcp_cwde_wade_kzhs_2
localize,#subtitle_zm_cmcp_cwde/zm_cmcp_cwde_wade_kzhs_3
localize,#subtitle_zm_cmcp_cwde/zm_cmcp_cwde_wade_kzhs_4
localize,#subtitle_zm_cmcp_cwde/zm_cmcp_cwde_wade_kzhs_5
localize,#subtitle_zm_cmcp_cwde/zm_cmcp_cwde_wade_kzhs_6
localize,#subtitle_zm_cmcp_cwde/zm_cmcp_cwde_wade_kzhs_7
localize,#subtitle_zm_cmcp_cwde/zm_cmcp_cwde_wade_kzhs_8
localize,#subtitle_zm_cmcp_cwde/zm_cmcp_cwde_wade_kzhs_9
localize,#subtitle_zm_cmcp_cwde/zm_cmcp_cwde_wade_kzjg_1
localize,#subtitle_zm_cmcp_cwde/zm_cmcp_cwde_wade_kzjg_10
localize,#subtitle_zm_cmcp_cwde/zm_cmcp_cwde_wade_kzjg_2
localize,#subtitle_zm_cmcp_cwde/zm_cmcp_cwde_wade_kzjg_3
localize,#subtitle_zm_cmcp_cwde/zm_cmcp_cwde_wade_kzjg_4
localize,#subtitle_zm_cmcp_cwde/zm_cmcp_cwde_wade_kzjg_5
localize,#subtitle_zm_cmcp_cwde/zm_cmcp_cwde_wade_kzjg_6
localize,#subtitle_zm_cmcp_cwde/zm_cmcp_cwde_wade_kzjg_7
localize,#subtitle_zm_cmcp_cwde/zm_cmcp_cwde_wade_kzjg_8
localize,#subtitle_zm_cmcp_cwde/zm_cmcp_cwde_wade_kzjg_9
localize,#subtitle_zm_cmcp_cwde/zm_cmcp_cwde_wade_kzks_1
localize,#subtitle_zm_cmcp_cwde/zm_cmcp_cwde_wade_kzks_10
localize,#subtitle_zm_cmcp_cwde/zm_cmcp_cwde_wade_kzks_2
localize,#subtitle_zm_cmcp_cwde/zm_cmcp_cwde_wade_kzks_3
localize,#subtitle_zm_cmcp_cwde/zm_cmcp_cwde_wade_kzks_4
localize,#subtitle_zm_cmcp_cwde/zm_cmcp_cwde_wade_kzks_5
localize,#subtitle_zm_cmcp_cwde/zm_cmcp_cwde_wade_kzks_6
localize,#subtitle_zm_cmcp_cwde/zm_cmcp_cwde_wade_kzks_7
localize,#subtitle_zm_cmcp_cwde/zm_cmcp_cwde_wade_kzks_8
localize,#subtitle_zm_cmcp_cwde/zm_cmcp_cwde_wade_kzks_9
localize,#subtitle_zm_cmcp_cwde/zm_cmcp_cwde_wade_kzrv_1
localize,#subtitle_zm_cmcp_cwde/zm_cmcp_cwde_wade_kzrv_10
localize,#subtitle_zm_cmcp_cwde/zm_cmcp_cwde_wade_kzrv_2
localize,#subtitle_zm_cmcp_cwde/zm_cmcp_cwde_wade_kzrv_3
localize,#subtitle_zm_cmcp_cwde/zm_cmcp_cwde_wade_kzrv_4
localize,#subtitle_zm_cmcp_cwde/zm_cmcp_cwde_wade_kzrv_5
localize,#subtitle_zm_cmcp_cwde/zm_cmcp_cwde_wade_kzrv_6
localize,#subtitle_zm_cmcp_cwde/zm_cmcp_cwde_wade_kzrv_7
localize,#subtitle_zm_cmcp_cwde/zm_cmcp_cwde_wade_kzrv_8
localize,#subtitle_zm_cmcp_cwde/zm_cmcp_cwde_wade_kzrv_9
localize,#subtitle_zm_cmcp_cwde/zm_cmcp_cwde_wade_kzsu_1
localize,#subtitle_zm_cmcp_cwde/zm_cmcp_cwde_wade_kzsu_10
localize,#subtitle_zm_cmcp_cwde/zm_cmcp_cwde_wade_kzsu_2
localize,#subtitle_zm_cmcp_cwde/zm_cmcp_cwde_wade_kzsu_3
localize,#subtitle_zm_cmcp_cwde/zm_cmcp_cwde_wade_kzsu_4
localize,#subtitle_zm_cmcp_cwde/zm_cmcp_cwde_wade_kzsu_5
localize,#subtitle_zm_cmcp_cwde/zm_cmcp_cwde_wade_kzsu_6
localize,#subtitle_zm_cmcp_cwde/zm_cmcp_cwde_wade_kzsu_7
localize,#subtitle_zm_cmcp_cwde/zm_cmcp_cwde_wade_kzsu_8
localize,#subtitle_zm_cmcp_cwde/zm_cmcp_cwde_wade_kzsu_9
localize,#subtitle_zm_cmcp_cwde/zm_cmcp_cwde_wade_pitm_1
localize,#subtitle_zm_cmcp_cwde/zm_cmcp_cwde_wade_pitm_10
localize,#subtitle_zm_cmcp_cwde/zm_cmcp_cwde_wade_pitm_2
localize,#subtitle_zm_cmcp_cwde/zm_cmcp_cwde_wade_pitm_3
localize,#subtitle_zm_cmcp_cwde/zm_cmcp_cwde_wade_pitm_4
localize,#subtitle_zm_cmcp_cwde/zm_cmcp_cwde_wade_pitm_5
localize,#subtitle_zm_cmcp_cwde/zm_cmcp_cwde_wade_pitm_6
localize,#subtitle_zm_cmcp_cwde/zm_cmcp_cwde_wade_pitm_7
localize,#subtitle_zm_cmcp_cwde/zm_cmcp_cwde_wade_pitm_8
localize,#subtitle_zm_cmcp_cwde/zm_cmcp_cwde_wade_pitm_9
localize,#subtitle_zm_cmcp_cwde/zm_cmcp_cwde_wade_plmg_1
localize,#subtitle_zm_cmcp_cwde/zm_cmcp_cwde_wade_plmg_2
localize,#subtitle_zm_cmcp_cwde/zm_cmcp_cwde_wade_plmg_3
localize,#subtitle_zm_cmcp_cwde/zm_cmcp_cwde_wade_plmg_4
localize,#subtitle_zm_cmcp_cwde/zm_cmcp_cwde_wade_plmg_5
localize,#subtitle_zm_cmcp_cwde/zm_cmcp_cwde_wade_pmel_1
localize,#subtitle_zm_cmcp_cwde/zm_cmcp_cwde_wade_pmel_2
localize,#subtitle_zm_cmcp_cwde/zm_cmcp_cwde_wade_pmel_3
localize,#subtitle_zm_cmcp_cwde/zm_cmcp_cwde_wade_pmel_4
localize,#subtitle_zm_cmcp_cwde/zm_cmcp_cwde_wade_pmel_5
localize,#subtitle_zm_cmcp_cwde/zm_cmcp_cwde_wade_pmrk_1
localize,#subtitle_zm_cmcp_cwde/zm_cmcp_cwde_wade_pmrk_2
localize,#subtitle_zm_cmcp_cwde/zm_cmcp_cwde_wade_pmrk_3
localize,#subtitle_zm_cmcp_cwde/zm_cmcp_cwde_wade_pmrk_4
localize,#subtitle_zm_cmcp_cwde/zm_cmcp_cwde_wade_pmrk_5
localize,#subtitle_zm_cmcp_cwde/zm_cmcp_cwde_wade_psht_1
localize,#subtitle_zm_cmcp_cwde/zm_cmcp_cwde_wade_psht_2
localize,#subtitle_zm_cmcp_cwde/zm_cmcp_cwde_wade_psht_3
localize,#subtitle_zm_cmcp_cwde/zm_cmcp_cwde_wade_psht_4
localize,#subtitle_zm_cmcp_cwde/zm_cmcp_cwde_wade_psht_5
localize,#subtitle_zm_cmcp_cwde/zm_cmcp_cwde_wade_psmg_1
localize,#subtitle_zm_cmcp_cwde/zm_cmcp_cwde_wade_psmg_2
localize,#subtitle_zm_cmcp_cwde/zm_cmcp_cwde_wade_psmg_3
localize,#subtitle_zm_cmcp_cwde/zm_cmcp_cwde_wade_psmg_4
localize,#subtitle_zm_cmcp_cwde/zm_cmcp_cwde_wade_psmg_5
localize,#subtitle_zm_cmcp_cwde/zm_cmcp_cwde_wade_psnp_1
localize,#subtitle_zm_cmcp_cwde/zm_cmcp_cwde_wade_psnp_2
localize,#subtitle_zm_cmcp_cwde/zm_cmcp_cwde_wade_psnp_3
localize,#subtitle_zm_cmcp_cwde/zm_cmcp_cwde_wade_psnp_4
localize,#subtitle_zm_cmcp_cwde/zm_cmcp_cwde_wade_psnp_5
localize,#subtitle_zm_cmcp_cwde/zm_cmcp_cwde_wade_pwar_1
localize,#subtitle_zm_cmcp_cwde/zm_cmcp_cwde_wade_pwar_2
localize,#subtitle_zm_cmcp_cwde/zm_cmcp_cwde_wade_pwar_3
localize,#subtitle_zm_cmcp_cwde/zm_cmcp_cwde_wade_pwar_4
localize,#subtitle_zm_cmcp_cwde/zm_cmcp_cwde_wade_pwar_5
localize,#subtitle_zm_cmcp_cwde/zm_cmcp_cwde_wade_pwpn_1
localize,#subtitle_zm_cmcp_cwde/zm_cmcp_cwde_wade_pwpn_2
localize,#subtitle_zm_cmcp_cwde/zm_cmcp_cwde_wade_pwpn_3
localize,#subtitle_zm_cmcp_cwde/zm_cmcp_cwde_wade_pwpn_4
localize,#subtitle_zm_cmcp_cwde/zm_cmcp_cwde_wade_pwpn_5
localize,#subtitle_zm_cmcp_cwde/zm_cmcp_cwde_wade_raup_1
localize,#subtitle_zm_cmcp_cwde/zm_cmcp_cwde_wade_raup_10
localize,#subtitle_zm_cmcp_cwde/zm_cmcp_cwde_wade_raup_2
localize,#subtitle_zm_cmcp_cwde/zm_cmcp_cwde_wade_raup_3
localize,#subtitle_zm_cmcp_cwde/zm_cmcp_cwde_wade_raup_4
localize,#subtitle_zm_cmcp_cwde/zm_cmcp_cwde_wade_raup_5
localize,#subtitle_zm_cmcp_cwde/zm_cmcp_cwde_wade_raup_6
localize,#subtitle_zm_cmcp_cwde/zm_cmcp_cwde_wade_raup_7
localize,#subtitle_zm_cmcp_cwde/zm_cmcp_cwde_wade_raup_8
localize,#subtitle_zm_cmcp_cwde/zm_cmcp_cwde_wade_raup_9
localize,#subtitle_zm_cmcp_cwde/zm_cmcp_cwde_wade_rcvn_1
localize,#subtitle_zm_cmcp_cwde/zm_cmcp_cwde_wade_rcvn_10
localize,#subtitle_zm_cmcp_cwde/zm_cmcp_cwde_wade_rcvn_2
localize,#subtitle_zm_cmcp_cwde/zm_cmcp_cwde_wade_rcvn_3
localize,#subtitle_zm_cmcp_cwde/zm_cmcp_cwde_wade_rcvn_4
localize,#subtitle_zm_cmcp_cwde/zm_cmcp_cwde_wade_rcvn_5
localize,#subtitle_zm_cmcp_cwde/zm_cmcp_cwde_wade_rcvn_6
localize,#subtitle_zm_cmcp_cwde/zm_cmcp_cwde_wade_rcvn_7
localize,#subtitle_zm_cmcp_cwde/zm_cmcp_cwde_wade_rcvn_8
localize,#subtitle_zm_cmcp_cwde/zm_cmcp_cwde_wade_rcvn_9
localize,#subtitle_zm_cmcp_cwde/zm_cmcp_cwde_wade_rdwn_1
localize,#subtitle_zm_cmcp_cwde/zm_cmcp_cwde_wade_rdwn_2
localize,#subtitle_zm_cmcp_cwde/zm_cmcp_cwde_wade_rdwn_3
localize,#subtitle_zm_cmcp_cwde/zm_cmcp_cwde_wade_rdwn_4
localize,#subtitle_zm_cmcp_cwde/zm_cmcp_cwde_wade_rdwn_5
localize,#subtitle_zm_cmcp_cwde/zm_cmcp_cwde_wade_rdwn_6
localize,#subtitle_zm_cmcp_cwde/zm_cmcp_cwde_wade_rdwn_7
localize,#subtitle_zm_cmcp_cwde/zm_cmcp_cwde_wade_rdwn_8
localize,#subtitle_zm_cmcp_cwde/zm_cmcp_cwde_wade_rplr_1
localize,#subtitle_zm_cmcp_cwde/zm_cmcp_cwde_wade_rplr_10
localize,#subtitle_zm_cmcp_cwde/zm_cmcp_cwde_wade_rplr_2
localize,#subtitle_zm_cmcp_cwde/zm_cmcp_cwde_wade_rplr_3
localize,#subtitle_zm_cmcp_cwde/zm_cmcp_cwde_wade_rplr_4
localize,#subtitle_zm_cmcp_cwde/zm_cmcp_cwde_wade_rplr_5
localize,#subtitle_zm_cmcp_cwde/zm_cmcp_cwde_wade_rplr_6
localize,#subtitle_zm_cmcp_cwde/zm_cmcp_cwde_wade_rplr_7
localize,#subtitle_zm_cmcp_cwde/zm_cmcp_cwde_wade_rplr_8
localize,#subtitle_zm_cmcp_cwde/zm_cmcp_cwde_wade_rplr_9
localize,#subtitle_zm_cmcp_cwde/zm_cmcp_cwde_wade_rprk_1
localize,#subtitle_zm_cmcp_cwde/zm_cmcp_cwde_wade_rprk_10
localize,#subtitle_zm_cmcp_cwde/zm_cmcp_cwde_wade_rprk_2
localize,#subtitle_zm_cmcp_cwde/zm_cmcp_cwde_wade_rprk_3
localize,#subtitle_zm_cmcp_cwde/zm_cmcp_cwde_wade_rprk_4
localize,#subtitle_zm_cmcp_cwde/zm_cmcp_cwde_wade_rprk_5
localize,#subtitle_zm_cmcp_cwde/zm_cmcp_cwde_wade_rprk_6
localize,#subtitle_zm_cmcp_cwde/zm_cmcp_cwde_wade_rprk_7
localize,#subtitle_zm_cmcp_cwde/zm_cmcp_cwde_wade_rprk_8
localize,#subtitle_zm_cmcp_cwde/zm_cmcp_cwde_wade_rprk_9
localize,#subtitle_zm_cmcp_cwde/zm_cmcp_cwde_wade_rrev_1
localize,#subtitle_zm_cmcp_cwde/zm_cmcp_cwde_wade_rrev_2
localize,#subtitle_zm_cmcp_cwde/zm_cmcp_cwde_wade_rrev_3
localize,#subtitle_zm_cmcp_cwde/zm_cmcp_cwde_wade_rrev_4
localize,#subtitle_zm_cmcp_cwde/zm_cmcp_cwde_wade_rrev_5
localize,#subtitle_zm_cmcp_cwde/zm_cmcp_cwde_wade_rrev_6
localize,#subtitle_zm_cmcp_cwde/zm_cmcp_cwde_wade_rrev_7
localize,#subtitle_zm_cmcp_cwde/zm_cmcp_cwde_wade_rrev_8
localize,#subtitle_zm_cmcp_cwde/zm_cmcp_cwde_wade_rrvr_1
localize,#subtitle_zm_cmcp_cwde/zm_cmcp_cwde_wade_rrvr_2
localize,#subtitle_zm_cmcp_cwde/zm_cmcp_cwde_wade_rrvr_3
localize,#subtitle_zm_cmcp_cwde/zm_cmcp_cwde_wade_rrvr_4
localize,#subtitle_zm_cmcp_cwde/zm_cmcp_cwde_wade_rrvr_5
localize,#subtitle_zm_cmcp_cwde/zm_cmcp_cwde_wade_rrvr_6
localize,#subtitle_zm_cmcp_cwde/zm_cmcp_cwde_wade_rrvr_7
localize,#subtitle_zm_cmcp_cwde/zm_cmcp_cwde_wade_rrvr_8
localize,#subtitle_zm_cmcp_cwde/zm_cmcp_cwde_wade_wcir_1
localize,#subtitle_zm_cmcp_cwde/zm_cmcp_cwde_wade_wcir_2
localize,#subtitle_zm_cmcp_cwde/zm_cmcp_cwde_wade_wcir_3
localize,#subtitle_zm_cmcp_cwde/zm_cmcp_cwde_wade_wcir_4
localize,#subtitle_zm_cmcp_deal/bellekar
localize,#subtitle_zm_cmcp_deal/norticus
localize,#subtitle_zm_cmcp_deal/saraxis
localize,#subtitle_zm_cmcp_deal/zm_cmcp_deal_blkr_ac00
localize,#subtitle_zm_cmcp_deal/zm_cmcp_deal_blkr_ac01
localize,#subtitle_zm_cmcp_deal/zm_cmcp_deal_blkr_ac02
localize,#subtitle_zm_cmcp_deal/zm_cmcp_deal_blkr_ac03
localize,#subtitle_zm_cmcp_deal/zm_cmcp_deal_blkr_ac04
localize,#subtitle_zm_cmcp_deal/zm_cmcp_deal_blkr_ac05
localize,#subtitle_zm_cmcp_deal/zm_cmcp_deal_blkr_ac06
localize,#subtitle_zm_cmcp_deal/zm_cmcp_deal_dnrt_aa00
localize,#subtitle_zm_cmcp_deal/zm_cmcp_deal_dnrt_aa01
localize,#subtitle_zm_cmcp_deal/zm_cmcp_deal_dnrt_aa02
localize,#subtitle_zm_cmcp_deal/zm_cmcp_deal_dnrt_aa03
localize,#subtitle_zm_cmcp_deal/zm_cmcp_deal_dnrt_aa04
localize,#subtitle_zm_cmcp_deal/zm_cmcp_deal_dnrt_aa05
localize,#subtitle_zm_cmcp_deal/zm_cmcp_deal_dnrt_aa06
localize,#subtitle_zm_cmcp_deal/zm_cmcp_deal_dnrt_aa07
localize,#subtitle_zm_cmcp_deal/zm_cmcp_deal_dsrx_ab00
localize,#subtitle_zm_cmcp_deal/zm_cmcp_deal_dsrx_ab01
localize,#subtitle_zm_cmcp_deal/zm_cmcp_deal_dsrx_ab02
localize,#subtitle_zm_cmcp_deal/zm_cmcp_deal_dsrx_ab03
localize,#subtitle_zm_cmcp_deal/zm_cmcp_deal_dsrx_ab04
localize,#subtitle_zm_cmcp_deal/zm_cmcp_deal_dsrx_ab05
localize,#subtitle_zm_cmcp_deal/zm_cmcp_deal_dsrx_ab06
localize,#subtitle_zm_cmcp_dert/bellekar
localize,#subtitle_zm_cmcp_dert/inviktor
localize,#subtitle_zm_cmcp_dert/norticus
localize,#subtitle_zm_cmcp_dert/zm_cmcp_dert_blkr_ra00
localize,#subtitle_zm_cmcp_dert/zm_cmcp_dert_blkr_ra01
localize,#subtitle_zm_cmcp_dert/zm_cmcp_dert_blkr_ra02
localize,#subtitle_zm_cmcp_dert/zm_cmcp_dert_blkr_ra03
localize,#subtitle_zm_cmcp_dert/zm_cmcp_dert_blkr_ra04
localize,#subtitle_zm_cmcp_dert/zm_cmcp_dert_blkr_ra05
localize,#subtitle_zm_cmcp_dert/zm_cmcp_dert_blkr_ra06
localize,#subtitle_zm_cmcp_dert/zm_cmcp_dert_blkr_ra07
localize,#subtitle_zm_cmcp_dert/zm_cmcp_dert_dnrt_rb00
localize,#subtitle_zm_cmcp_dert/zm_cmcp_dert_dnrt_rb01
localize,#subtitle_zm_cmcp_dert/zm_cmcp_dert_dnrt_rb02
localize,#subtitle_zm_cmcp_dert/zm_cmcp_dert_dnrt_rb03
localize,#subtitle_zm_cmcp_dert/zm_cmcp_dert_dnrt_rb04
localize,#subtitle_zm_cmcp_dert/zm_cmcp_dert_dnrt_rb05
localize,#subtitle_zm_cmcp_dert/zm_cmcp_dert_dnrt_rb06
localize,#subtitle_zm_cmcp_dert/zm_cmcp_dert_dnvk_rc00
localize,#subtitle_zm_cmcp_dert/zm_cmcp_dert_dnvk_rc01
localize,#subtitle_zm_cmcp_dert/zm_cmcp_dert_dnvk_rc02
localize,#subtitle_zm_cmcp_dert/zm_cmcp_dert_dnvk_rc03
localize,#subtitle_zm_cmcp_dert/zm_cmcp_dert_dnvk_rc04
localize,#subtitle_zm_cmcp_dert/zm_cmcp_dert_dnvk_rc05
localize,#subtitle_zm_cmcp_dert/zm_cmcp_dert_dnvk_rc06
localize,#subtitle_zm_cmcp_dert/zm_cmcp_dert_dnvk_rc07
localize,#subtitle_zm_cmcp_dwal/kortifex
localize,#subtitle_zm_cmcp_dwal/von_list
localize,#subtitle_zm_cmcp_dwal/zm_cmcp_dwal_krtx_aa00
localize,#subtitle_zm_cmcp_dwal/zm_cmcp_dwal_krtx_aa02
localize,#subtitle_zm_cmcp_dwal/zm_cmcp_dwal_krtx_aa05
localize,#subtitle_zm_cmcp_dwal/zm_cmcp_dwal_krtx_ab00
localize,#subtitle_zm_cmcp_dwal/zm_cmcp_dwal_krtx_ab01
localize,#subtitle_zm_cmcp_dwal/zm_cmcp_dwal_krtx_ab02
localize,#subtitle_zm_cmcp_dwal/zm_cmcp_dwal_krtx_ab03
localize,#subtitle_zm_cmcp_dwal/zm_cmcp_dwal_krtx_ab04
localize,#subtitle_zm_cmcp_dwal/zm_cmcp_dwal_krtx_ab05
localize,#subtitle_zm_cmcp_dwal/zm_cmcp_dwal_krtx_ab06
localize,#subtitle_zm_cmcp_dwal/zm_cmcp_dwal_krtx_ac01
localize,#subtitle_zm_cmcp_dwal/zm_cmcp_dwal_krtx_ac04
localize,#subtitle_zm_cmcp_dwal/zm_cmcp_dwal_krtx_ac06
localize,#subtitle_zm_cmcp_dwal/zm_cmcp_dwal_krtx_ac07
localize,#subtitle_zm_cmcp_dwal/zm_cmcp_dwal_krtx_ac08
localize,#subtitle_zm_cmcp_dwal/zm_cmcp_dwal_vlst_aa01
localize,#subtitle_zm_cmcp_dwal/zm_cmcp_dwal_vlst_aa03
localize,#subtitle_zm_cmcp_dwal/zm_cmcp_dwal_vlst_aa04
localize,#subtitle_zm_cmcp_dwal/zm_cmcp_dwal_vlst_aa06
localize,#subtitle_zm_cmcp_dwal/zm_cmcp_dwal_vlst_ac00
localize,#subtitle_zm_cmcp_dwal/zm_cmcp_dwal_vlst_ac02
localize,#subtitle_zm_cmcp_dwal/zm_cmcp_dwal_vlst_ac03
localize,#subtitle_zm_cmcp_dwal/zm_cmcp_dwal_vlst_ac05
localize,#subtitle_zm_cmcp_dwrt/von_list
localize,#subtitle_zm_cmcp_dwrt/zm_cmcp_dwrt_vlst_ra00
localize,#subtitle_zm_cmcp_dwrt/zm_cmcp_dwrt_vlst_ra01
localize,#subtitle_zm_cmcp_dwrt/zm_cmcp_dwrt_vlst_ra02
localize,#subtitle_zm_cmcp_dwrt/zm_cmcp_dwrt_vlst_ra03
localize,#subtitle_zm_cmcp_dwrt/zm_cmcp_dwrt_vlst_ra04
localize,#subtitle_zm_cmcp_dwrt/zm_cmcp_dwrt_vlst_ra05
localize,#subtitle_zm_cmcp_dwrt/zm_cmcp_dwrt_vlst_ra06
localize,#subtitle_zm_cmcp_dwrt/zm_cmcp_dwrt_vlst_ra07
localize,#subtitle_zm_cmcp_dwrt/zm_cmcp_dwrt_vlst_ra08
localize,#subtitle_zm_cmcp_dwrt/zm_cmcp_dwrt_vlst_ra09
localize,#subtitle_zm_cmcp_dwrt/zm_cmcp_dwrt_vlst_rb00
localize,#subtitle_zm_cmcp_dwrt/zm_cmcp_dwrt_vlst_rb01
localize,#subtitle_zm_cmcp_dwrt/zm_cmcp_dwrt_vlst_rb02
localize,#subtitle_zm_cmcp_dwrt/zm_cmcp_dwrt_vlst_rb03
localize,#subtitle_zm_cmcp_dwrt/zm_cmcp_dwrt_vlst_rb04
localize,#subtitle_zm_cmcp_dwrt/zm_cmcp_dwrt_vlst_rb05
localize,#subtitle_zm_cmcp_dwrt/zm_cmcp_dwrt_vlst_rb06
localize,#subtitle_zm_cmcp_dwrt/zm_cmcp_dwrt_vlst_rb07
localize,#subtitle_zm_cmcp_dwrt/zm_cmcp_dwrt_vlst_rb08
localize,#subtitle_zm_cmcp_dwrt/zm_cmcp_dwrt_vlst_rb09
localize,#subtitle_zm_cmcp_dwrt/zm_cmcp_dwrt_vlst_rc00
localize,#subtitle_zm_cmcp_dwrt/zm_cmcp_dwrt_vlst_rc01
localize,#subtitle_zm_cmcp_dwrt/zm_cmcp_dwrt_vlst_rc02
localize,#subtitle_zm_cmcp_dwrt/zm_cmcp_dwrt_vlst_rc03
localize,#subtitle_zm_cmcp_dwrt/zm_cmcp_dwrt_vlst_rc04
localize,#subtitle_zm_cmcp_dwrt/zm_cmcp_dwrt_vlst_rc05
localize,#subtitle_zm_cmcp_dwrt/zm_cmcp_dwrt_vlst_rc06
localize,#subtitle_zm_cmcp_dwrt/zm_cmcp_dwrt_vlst_rc07
localize,#subtitle_zm_cmcp_dwrt/zm_cmcp_dwrt_vlst_rc08
localize,#subtitle_zm_cmcp_dwrt/zm_cmcp_dwrt_vlst_rc09
localize,#subtitle_zm_cmcp_intr/krafft
localize,#subtitle_zm_cmcp_intr/zm_cmcp_intr_krft_zi00_1
localize,#subtitle_zm_cmcp_intr/zm_cmcp_intr_krft_zi01_1
localize,#subtitle_zm_cmcp_intr/zm_cmcp_intr_krft_zi02_1
localize,#subtitle_zm_cmcp_intr/zm_cmcp_intr_krft_zi03_1
localize,#subtitle_zm_cmcp_intr/zm_cmcp_intr_krft_zi04
localize,#subtitle_zm_cmcp_intr/zm_cmcp_intr_krft_zi05_1
localize,#subtitle_zm_cmcp_intr/zm_cmcp_intr_krft_zi06_1
localize,#subtitle_zm_cmcp_intr/zm_cmcp_intr_krft_zi07_1
localize,#subtitle_zm_cmcp_intr/zm_cmcp_intr_krft_zi08_1
localize,#subtitle_zm_cmcp_intr/zm_cmcp_intr_krft_zi09_1
localize,#subtitle_zm_cmcp_intr/zm_cmcp_intr_krft_zi10_1
localize,#subtitle_zm_cmcp_intr/zm_cmcp_intr_krft_zi11_1
localize,#subtitle_zm_cmcp_intr/zm_cmcp_intr_krft_zi12_1
localize,#subtitle_zm_cmcp_intr/zm_cmcp_intr_krft_zi13_1
localize,#subtitle_zm_cmcp_intr/zm_cmcp_intr_krft_zi14
localize,#subtitle_zm_cmcp_intr/zm_cmcp_intr_krft_zi15_1
localize,#subtitle_zm_cmcp_intr/zm_cmcp_intr_krft_zi16_1
localize,#subtitle_zm_cmcp_intr/zm_cmcp_intr_krft_zi17_1
localize,#subtitle_zm_cmcp_intr/zm_cmcp_intr_krft_zi18_1
localize,#subtitle_zm_cmcp_intr/zm_cmcp_intr_krft_zi19_1
localize,#subtitle_zm_cmcp_intr/zm_cmcp_intr_krft_zi20_1
localize,#subtitle_zm_cmcp_kral/krafft
localize,#subtitle_zm_cmcp_kral/zm_cmcp_kral_krft_aa00_1
localize,#subtitle_zm_cmcp_kral/zm_cmcp_kral_krft_aa01_1
localize,#subtitle_zm_cmcp_kral/zm_cmcp_kral_krft_aa02_1
localize,#subtitle_zm_cmcp_kral/zm_cmcp_kral_krft_aa03_1
localize,#subtitle_zm_cmcp_kral/zm_cmcp_kral_krft_aa04_1
localize,#subtitle_zm_cmcp_kral/zm_cmcp_kral_krft_aa05_1
localize,#subtitle_zm_cmcp_kral/zm_cmcp_kral_krft_aa06_1
localize,#subtitle_zm_cmcp_kral/zm_cmcp_kral_krft_aa07
localize,#subtitle_zm_cmcp_kral/zm_cmcp_kral_krft_ab00_1
localize,#subtitle_zm_cmcp_kral/zm_cmcp_kral_krft_ab01_1
localize,#subtitle_zm_cmcp_kral/zm_cmcp_kral_krft_ab02_1
localize,#subtitle_zm_cmcp_kral/zm_cmcp_kral_krft_ab03_1
localize,#subtitle_zm_cmcp_kral/zm_cmcp_kral_krft_ab04_1
localize,#subtitle_zm_cmcp_kral/zm_cmcp_kral_krft_ab05_1
localize,#subtitle_zm_cmcp_kral/zm_cmcp_kral_krft_ab06_1
localize,#subtitle_zm_cmcp_kral/zm_cmcp_kral_krft_ab07_1
localize,#subtitle_zm_cmcp_kral/zm_cmcp_kral_krft_ab08_1
localize,#subtitle_zm_cmcp_kral/zm_cmcp_kral_krft_ac00_1
localize,#subtitle_zm_cmcp_kral/zm_cmcp_kral_krft_ac01_1
localize,#subtitle_zm_cmcp_kral/zm_cmcp_kral_krft_ac02_1
localize,#subtitle_zm_cmcp_kral/zm_cmcp_kral_krft_ac03_1
localize,#subtitle_zm_cmcp_kral/zm_cmcp_kral_krft_ac04_1
localize,#subtitle_zm_cmcp_kral/zm_cmcp_kral_krft_ac05_1
localize,#subtitle_zm_cmcp_kral/zm_cmcp_kral_krft_ac06_1
localize,#subtitle_zm_cmcp_krrt/krafft
localize,#subtitle_zm_cmcp_krrt/zm_cmcp_krrt_krft_ra00_1
localize,#subtitle_zm_cmcp_krrt/zm_cmcp_krrt_krft_ra01_1
localize,#subtitle_zm_cmcp_krrt/zm_cmcp_krrt_krft_ra02_1
localize,#subtitle_zm_cmcp_krrt/zm_cmcp_krrt_krft_ra03_1
localize,#subtitle_zm_cmcp_krrt/zm_cmcp_krrt_krft_ra04_1
localize,#subtitle_zm_cmcp_krrt/zm_cmcp_krrt_krft_ra05_1
localize,#subtitle_zm_cmcp_krrt/zm_cmcp_krrt_krft_ra06_1
localize,#subtitle_zm_cmcp_krrt/zm_cmcp_krrt_krft_rb00_1
localize,#subtitle_zm_cmcp_krrt/zm_cmcp_krrt_krft_rb01_1
localize,#subtitle_zm_cmcp_krrt/zm_cmcp_krrt_krft_rb02_1
localize,#subtitle_zm_cmcp_krrt/zm_cmcp_krrt_krft_rb03_1
localize,#subtitle_zm_cmcp_krrt/zm_cmcp_krrt_krft_rb04_1
localize,#subtitle_zm_cmcp_krrt/zm_cmcp_krrt_krft_rb05_1
localize,#subtitle_zm_cmcp_krrt/zm_cmcp_krrt_krft_rb06_1
localize,#subtitle_zm_cmcp_krrt/zm_cmcp_krrt_krft_rc00_1
localize,#subtitle_zm_cmcp_krrt/zm_cmcp_krrt_krft_rc01_1
localize,#subtitle_zm_cmcp_krrt/zm_cmcp_krrt_krft_rc02_1
localize,#subtitle_zm_cmcp_krrt/zm_cmcp_krrt_krft_rc03_1
localize,#subtitle_zm_cmcp_krrt/zm_cmcp_krrt_krft_rc04_1
localize,#subtitle_zm_cmcp_krrt/zm_cmcp_krrt_krft_rc05_1
localize,#subtitle_zm_cmcp_krrt/zm_cmcp_krrt_krft_rc06_1
localize,#subtitle_zm_cmcp_krrt/zm_cmcp_krrt_krft_rc07_1
localize,#subtitle_zm_cmcp_krrt/zm_cmcp_krrt_krft_rc08_1
localize,#subtitle_zm_cmcp_krrt/zm_cmcp_krrt_krft_rc09_1
localize,#subtitle_zm_cmcp_krrt/zm_cmcp_krrt_krft_rd00_1
localize,#subtitle_zm_cmcp_krrt/zm_cmcp_krrt_krft_rd01_1
localize,#subtitle_zm_cmcp_krrt/zm_cmcp_krrt_krft_rd02_1
localize,#subtitle_zm_cmcp_krrt/zm_cmcp_krrt_krft_rd03_1
localize,#subtitle_zm_cmcp_krrt/zm_cmcp_krrt_krft_rd04_1
localize,#subtitle_zm_cmcp_krrt/zm_cmcp_krrt_krft_rd05_1
localize,#subtitle_zm_cmcp_krrt/zm_cmcp_krrt_krft_rd06_1
localize,#subtitle_zm_cmcp_krrt/zm_cmcp_krrt_krft_rd07_1
localize,#subtitle_zm_cmcp_krrt/zm_cmcp_krrt_krft_rd08_1
localize,#subtitle_zm_cmcp_krrt/zm_cmcp_krrt_krft_rd09_1
localize,#subtitle_zm_cmcp_krrt/zm_cmcp_krrt_krft_rd10_1
localize,#subtitle_zm_cmcp_krrt/zm_cmcp_krrt_krft_rd11_1
localize,#subtitle_zm_cmcp_krrt/zm_cmcp_krrt_krft_rd12_1
localize,#subtitle_zm_cmcp_obdm/kortifex
localize,#subtitle_zm_cmcp_obdm/krafft
localize,#subtitle_zm_cmcp_obdm/norticus
localize,#subtitle_zm_cmcp_obdm/zm_cmcp_obdm_dnrt_danr_1
localize,#subtitle_zm_cmcp_obdm/zm_cmcp_obdm_dnrt_danr_2
localize,#subtitle_zm_cmcp_obdm/zm_cmcp_obdm_dnrt_danr_3
localize,#subtitle_zm_cmcp_obdm/zm_cmcp_obdm_dnrt_danr_4
localize,#subtitle_zm_cmcp_obdm/zm_cmcp_obdm_dnrt_denr_1
localize,#subtitle_zm_cmcp_obdm/zm_cmcp_obdm_dnrt_denr_2
localize,#subtitle_zm_cmcp_obdm/zm_cmcp_obdm_dnrt_denr_3
localize,#subtitle_zm_cmcp_obdm/zm_cmcp_obdm_dnrt_denr_4
localize,#subtitle_zm_cmcp_obdm/zm_cmcp_obdm_dnrt_denr_5
localize,#subtitle_zm_cmcp_obdm/zm_cmcp_obdm_dnrt_denr_6
localize,#subtitle_zm_cmcp_obdm/zm_cmcp_obdm_dnrt_denr_7
localize,#subtitle_zm_cmcp_obdm/zm_cmcp_obdm_dnrt_denr_8
localize,#subtitle_zm_cmcp_obdm/zm_cmcp_obdm_dnrt_dr2s_1
localize,#subtitle_zm_cmcp_obdm/zm_cmcp_obdm_dnrt_dr2s_10
localize,#subtitle_zm_cmcp_obdm/zm_cmcp_obdm_dnrt_dr2s_11
localize,#subtitle_zm_cmcp_obdm/zm_cmcp_obdm_dnrt_dr2s_12
localize,#subtitle_zm_cmcp_obdm/zm_cmcp_obdm_dnrt_dr2s_2
localize,#subtitle_zm_cmcp_obdm/zm_cmcp_obdm_dnrt_dr2s_3
localize,#subtitle_zm_cmcp_obdm/zm_cmcp_obdm_dnrt_dr2s_4
localize,#subtitle_zm_cmcp_obdm/zm_cmcp_obdm_dnrt_dr2s_5
localize,#subtitle_zm_cmcp_obdm/zm_cmcp_obdm_dnrt_dr2s_6
localize,#subtitle_zm_cmcp_obdm/zm_cmcp_obdm_dnrt_dr2s_7
localize,#subtitle_zm_cmcp_obdm/zm_cmcp_obdm_dnrt_dr2s_8
localize,#subtitle_zm_cmcp_obdm/zm_cmcp_obdm_dnrt_dr2s_9
localize,#subtitle_zm_cmcp_obdm/zm_cmcp_obdm_dnrt_ds1r_1
localize,#subtitle_zm_cmcp_obdm/zm_cmcp_obdm_dnrt_ds1r_2
localize,#subtitle_zm_cmcp_obdm/zm_cmcp_obdm_dnrt_ds1r_3
localize,#subtitle_zm_cmcp_obdm/zm_cmcp_obdm_dnrt_ds1r_4
localize,#subtitle_zm_cmcp_obdm/zm_cmcp_obdm_dnrt_ds2r_1
localize,#subtitle_zm_cmcp_obdm/zm_cmcp_obdm_dnrt_ds2r_2
localize,#subtitle_zm_cmcp_obdm/zm_cmcp_obdm_dnrt_ds2r_3
localize,#subtitle_zm_cmcp_obdm/zm_cmcp_obdm_dnrt_ds2r_4
localize,#subtitle_zm_cmcp_obdm/zm_cmcp_obdm_dnrt_dscs_1
localize,#subtitle_zm_cmcp_obdm/zm_cmcp_obdm_dnrt_dscs_2
localize,#subtitle_zm_cmcp_obdm/zm_cmcp_obdm_dnrt_dscs_3
localize,#subtitle_zm_cmcp_obdm/zm_cmcp_obdm_dnrt_dscs_4
localize,#subtitle_zm_cmcp_obdm/zm_cmcp_obdm_dnrt_dscs_5
localize,#subtitle_zm_cmcp_obdm/zm_cmcp_obdm_dnrt_dscs_6
localize,#subtitle_zm_cmcp_obdm/zm_cmcp_obdm_dnrt_dscs_7
localize,#subtitle_zm_cmcp_obdm/zm_cmcp_obdm_dnrt_dst3_1
localize,#subtitle_zm_cmcp_obdm/zm_cmcp_obdm_dnrt_dst3_2
localize,#subtitle_zm_cmcp_obdm/zm_cmcp_obdm_dnrt_dst3_3
localize,#subtitle_zm_cmcp_obdm/zm_cmcp_obdm_dnrt_dst3_4
localize,#subtitle_zm_cmcp_obdm/zm_cmcp_obdm_dnrt_dstg_1
localize,#subtitle_zm_cmcp_obdm/zm_cmcp_obdm_dnrt_dstg_2
localize,#subtitle_zm_cmcp_obdm/zm_cmcp_obdm_dnrt_dstg_3
localize,#subtitle_zm_cmcp_obdm/zm_cmcp_obdm_dnrt_dstg_4
localize,#subtitle_zm_cmcp_obdm/zm_cmcp_obdm_dnrt_dstg_5
localize,#subtitle_zm_cmcp_obdm/zm_cmcp_obdm_dnrt_dstg_6
localize,#subtitle_zm_cmcp_obdm/zm_cmcp_obdm_dnrt_dstg_7
localize,#subtitle_zm_cmcp_obdm/zm_cmcp_obdm_dnrt_dstg_8
localize,#subtitle_zm_cmcp_obdm/zm_cmcp_obdm_dnrt_dtrg_1
localize,#subtitle_zm_cmcp_obdm/zm_cmcp_obdm_dnrt_dtrg_2
localize,#subtitle_zm_cmcp_obdm/zm_cmcp_obdm_dnrt_dtrg_3
localize,#subtitle_zm_cmcp_obdm/zm_cmcp_obdm_dnrt_dtrg_4
localize,#subtitle_zm_cmcp_obdm/zm_cmcp_obdm_dnrt_dtrg_5
localize,#subtitle_zm_cmcp_obdm/zm_cmcp_obdm_dnrt_dtrg_6
localize,#subtitle_zm_cmcp_obdm/zm_cmcp_obdm_dnrt_dtrg_7
localize,#subtitle_zm_cmcp_obdm/zm_cmcp_obdm_dnrt_dtrg_8
localize,#subtitle_zm_cmcp_obdm/zm_cmcp_obdm_krft_danc_1
localize,#subtitle_zm_cmcp_obdm/zm_cmcp_obdm_krft_danc_2
localize,#subtitle_zm_cmcp_obdm/zm_cmcp_obdm_krft_danc_3
localize,#subtitle_zm_cmcp_obdm/zm_cmcp_obdm_krft_danc_4
localize,#subtitle_zm_cmcp_obdm/zm_cmcp_obdm_krft_danc_5
localize,#subtitle_zm_cmcp_obdm/zm_cmcp_obdm_krft_danc_6
localize,#subtitle_zm_cmcp_obdm/zm_cmcp_obdm_krft_danc_7
localize,#subtitle_zm_cmcp_obdm/zm_cmcp_obdm_krft_danc_8
localize,#subtitle_zm_cmcp_obdm/zm_cmcp_obdm_krft_dend_1
localize,#subtitle_zm_cmcp_obdm/zm_cmcp_obdm_krft_dend_2
localize,#subtitle_zm_cmcp_obdm/zm_cmcp_obdm_krft_dend_3
localize,#subtitle_zm_cmcp_obdm/zm_cmcp_obdm_krft_dend_4
localize,#subtitle_zm_cmcp_obdm/zm_cmcp_obdm_krft_dend_5
localize,#subtitle_zm_cmcp_obdm/zm_cmcp_obdm_krft_dend_6
localize,#subtitle_zm_cmcp_obdm/zm_cmcp_obdm_krft_dend_7
localize,#subtitle_zm_cmcp_obdm/zm_cmcp_obdm_krft_dend_8
localize,#subtitle_zm_cmcp_obdm/zm_cmcp_obdm_krft_drct_1
localize,#subtitle_zm_cmcp_obdm/zm_cmcp_obdm_krft_drct_2
localize,#subtitle_zm_cmcp_obdm/zm_cmcp_obdm_krft_drct_3
localize,#subtitle_zm_cmcp_obdm/zm_cmcp_obdm_krft_drct_4
localize,#subtitle_zm_cmcp_obdm/zm_cmcp_obdm_krft_ds3r_1
localize,#subtitle_zm_cmcp_obdm/zm_cmcp_obdm_krft_ds3r_2
localize,#subtitle_zm_cmcp_obdm/zm_cmcp_obdm_krft_ds3r_3
localize,#subtitle_zm_cmcp_obdm/zm_cmcp_obdm_krft_ds3r_4
localize,#subtitle_zm_cmcp_obdm/zm_cmcp_obdm_krft_dst1_1
localize,#subtitle_zm_cmcp_obdm/zm_cmcp_obdm_krft_dst1_2
localize,#subtitle_zm_cmcp_obdm/zm_cmcp_obdm_krft_dst1_3
localize,#subtitle_zm_cmcp_obdm/zm_cmcp_obdm_krft_dst1_4
localize,#subtitle_zm_cmcp_obdm/zm_cmcp_obdm_krtx_dr1c_1
localize,#subtitle_zm_cmcp_obdm/zm_cmcp_obdm_krtx_dr1c_10
localize,#subtitle_zm_cmcp_obdm/zm_cmcp_obdm_krtx_dr1c_11
localize,#subtitle_zm_cmcp_obdm/zm_cmcp_obdm_krtx_dr1c_12
localize,#subtitle_zm_cmcp_obdm/zm_cmcp_obdm_krtx_dr1c_13
localize,#subtitle_zm_cmcp_obdm/zm_cmcp_obdm_krtx_dr1c_14
localize,#subtitle_zm_cmcp_obdm/zm_cmcp_obdm_krtx_dr1c_15
localize,#subtitle_zm_cmcp_obdm/zm_cmcp_obdm_krtx_dr1c_16
localize,#subtitle_zm_cmcp_obdm/zm_cmcp_obdm_krtx_dr1c_2
localize,#subtitle_zm_cmcp_obdm/zm_cmcp_obdm_krtx_dr1c_3
localize,#subtitle_zm_cmcp_obdm/zm_cmcp_obdm_krtx_dr1c_4
localize,#subtitle_zm_cmcp_obdm/zm_cmcp_obdm_krtx_dr1c_5
localize,#subtitle_zm_cmcp_obdm/zm_cmcp_obdm_krtx_dr1c_6
localize,#subtitle_zm_cmcp_obdm/zm_cmcp_obdm_krtx_dr1c_7
localize,#subtitle_zm_cmcp_obdm/zm_cmcp_obdm_krtx_dr1c_8
localize,#subtitle_zm_cmcp_obdm/zm_cmcp_obdm_krtx_dr1c_9
localize,#subtitle_zm_cmcp_obdm/zm_cmcp_obdm_krtx_dr2c_1
localize,#subtitle_zm_cmcp_obdm/zm_cmcp_obdm_krtx_dr2c_2
localize,#subtitle_zm_cmcp_obdm/zm_cmcp_obdm_krtx_dr2c_3
localize,#subtitle_zm_cmcp_obdm/zm_cmcp_obdm_krtx_dr2c_4
localize,#subtitle_zm_cmcp_obdm/zm_cmcp_obdm_krtx_dr2c_5
localize,#subtitle_zm_cmcp_obdm/zm_cmcp_obdm_krtx_dr2c_6
localize,#subtitle_zm_cmcp_obdm/zm_cmcp_obdm_krtx_dr2c_7
localize,#subtitle_zm_cmcp_obdm/zm_cmcp_obdm_krtx_dr2c_8
localize,#subtitle_zm_cmcp_obdm/zm_cmcp_obdm_krtx_drct_1
localize,#subtitle_zm_cmcp_obdm/zm_cmcp_obdm_krtx_drct_2
localize,#subtitle_zm_cmcp_obdm/zm_cmcp_obdm_krtx_drct_3
localize,#subtitle_zm_cmcp_obdm/zm_cmcp_obdm_krtx_drct_4
localize,#subtitle_zm_cmcp_obdm/zm_cmcp_obdm_krtx_drct_5
localize,#subtitle_zm_cmcp_obdm/zm_cmcp_obdm_krtx_drct_6
localize,#subtitle_zm_cmcp_obdm/zm_cmcp_obdm_krtx_drct_7
localize,#subtitle_zm_cmcp_obdm/zm_cmcp_obdm_krtx_drct_8
localize,#subtitle_zm_cmcp_obdm/zm_cmcp_obdm_krtx_dst2_1
localize,#subtitle_zm_cmcp_obdm/zm_cmcp_obdm_krtx_dst2_2
localize,#subtitle_zm_cmcp_obdm/zm_cmcp_obdm_krtx_dst2_3
localize,#subtitle_zm_cmcp_obdm/zm_cmcp_obdm_krtx_dst2_4
localize,#subtitle_zm_cmcp_obdm/zm_cmcp_obdm_krtx_dst2_5
localize,#subtitle_zm_cmcp_obdm/zm_cmcp_obdm_krtx_dst2_6
localize,#subtitle_zm_cmcp_obex/bellekar
localize,#subtitle_zm_cmcp_obex/inviktor
localize,#subtitle_zm_cmcp_obex/krafft
localize,#subtitle_zm_cmcp_obex/norticus
localize,#subtitle_zm_cmcp_obex/saraxis
localize,#subtitle_zm_cmcp_obex/von_list
localize,#subtitle_zm_cmcp_obex/zm_cmcp_obex_blkr_e50p_1
localize,#subtitle_zm_cmcp_obex/zm_cmcp_obex_blkr_e50p_2
localize,#subtitle_zm_cmcp_obex/zm_cmcp_obex_blkr_e50p_3
localize,#subtitle_zm_cmcp_obex/zm_cmcp_obex_blkr_eanc
localize,#subtitle_zm_cmcp_obex/zm_cmcp_obex_blkr_eanr
localize,#subtitle_zm_cmcp_obex/zm_cmcp_obex_blkr_erpa_1
localize,#subtitle_zm_cmcp_obex/zm_cmcp_obex_blkr_erpa_2
localize,#subtitle_zm_cmcp_obex/zm_cmcp_obex_blkr_erpa_3
localize,#subtitle_zm_cmcp_obex/zm_cmcp_obex_blkr_estr
localize,#subtitle_zm_cmcp_obex/zm_cmcp_obex_blkr_ew1s
localize,#subtitle_zm_cmcp_obex/zm_cmcp_obex_dnrt_e50p_1
localize,#subtitle_zm_cmcp_obex/zm_cmcp_obex_dnrt_e50p_2
localize,#subtitle_zm_cmcp_obex/zm_cmcp_obex_dnrt_e50p_3
localize,#subtitle_zm_cmcp_obex/zm_cmcp_obex_dnrt_eanc
localize,#subtitle_zm_cmcp_obex/zm_cmcp_obex_dnrt_eanr
localize,#subtitle_zm_cmcp_obex/zm_cmcp_obex_dnrt_erpa_1
localize,#subtitle_zm_cmcp_obex/zm_cmcp_obex_dnrt_erpa_2
localize,#subtitle_zm_cmcp_obex/zm_cmcp_obex_dnrt_erpa_3
localize,#subtitle_zm_cmcp_obex/zm_cmcp_obex_dnrt_estr
localize,#subtitle_zm_cmcp_obex/zm_cmcp_obex_dnrt_ew1s
localize,#subtitle_zm_cmcp_obex/zm_cmcp_obex_dnvk_e50p_1
localize,#subtitle_zm_cmcp_obex/zm_cmcp_obex_dnvk_e50p_2
localize,#subtitle_zm_cmcp_obex/zm_cmcp_obex_dnvk_e50p_3
localize,#subtitle_zm_cmcp_obex/zm_cmcp_obex_dnvk_eanc
localize,#subtitle_zm_cmcp_obex/zm_cmcp_obex_dnvk_eanr
localize,#subtitle_zm_cmcp_obex/zm_cmcp_obex_dnvk_erpa_1
localize,#subtitle_zm_cmcp_obex/zm_cmcp_obex_dnvk_erpa_2
localize,#subtitle_zm_cmcp_obex/zm_cmcp_obex_dnvk_erpa_3
localize,#subtitle_zm_cmcp_obex/zm_cmcp_obex_dnvk_estr
localize,#subtitle_zm_cmcp_obex/zm_cmcp_obex_dnvk_ew1s
localize,#subtitle_zm_cmcp_obex/zm_cmcp_obex_dsrx_e50p_1
localize,#subtitle_zm_cmcp_obex/zm_cmcp_obex_dsrx_e50p_2
localize,#subtitle_zm_cmcp_obex/zm_cmcp_obex_dsrx_e50p_3
localize,#subtitle_zm_cmcp_obex/zm_cmcp_obex_dsrx_eanc
localize,#subtitle_zm_cmcp_obex/zm_cmcp_obex_dsrx_eanr
localize,#subtitle_zm_cmcp_obex/zm_cmcp_obex_dsrx_erpa_1
localize,#subtitle_zm_cmcp_obex/zm_cmcp_obex_dsrx_erpa_2
localize,#subtitle_zm_cmcp_obex/zm_cmcp_obex_dsrx_erpa_3
localize,#subtitle_zm_cmcp_obex/zm_cmcp_obex_dsrx_estr
localize,#subtitle_zm_cmcp_obex/zm_cmcp_obex_dsrx_ew1s
localize,#subtitle_zm_cmcp_obex/zm_cmcp_obex_krft_escs_1
localize,#subtitle_zm_cmcp_obex/zm_cmcp_obex_krft_escs_2
localize,#subtitle_zm_cmcp_obex/zm_cmcp_obex_krft_escs_3
localize,#subtitle_zm_cmcp_obex/zm_cmcp_obex_krft_escs_4
localize,#subtitle_zm_cmcp_obex/zm_cmcp_obex_krft_ew1s_1
localize,#subtitle_zm_cmcp_obex/zm_cmcp_obex_krft_ew1s_2
localize,#subtitle_zm_cmcp_obex/zm_cmcp_obex_krft_ew1s_3
localize,#subtitle_zm_cmcp_obex/zm_cmcp_obex_krft_ew1s_4
localize,#subtitle_zm_cmcp_obex/zm_cmcp_obex_vlst_estt_1
localize,#subtitle_zm_cmcp_obex/zm_cmcp_obex_vlst_estt_2
localize,#subtitle_zm_cmcp_obex/zm_cmcp_obex_vlst_estt_3
localize,#subtitle_zm_cmcp_obex/zm_cmcp_obex_vlst_estt_4
localize,#subtitle_zm_cmcp_obex/zm_cmcp_obex_vlst_ew1t_1
localize,#subtitle_zm_cmcp_obex/zm_cmcp_obex_vlst_ew1t_10
localize,#subtitle_zm_cmcp_obex/zm_cmcp_obex_vlst_ew1t_2
localize,#subtitle_zm_cmcp_obex/zm_cmcp_obex_vlst_ew1t_3
localize,#subtitle_zm_cmcp_obex/zm_cmcp_obex_vlst_ew1t_4
localize,#subtitle_zm_cmcp_obex/zm_cmcp_obex_vlst_ew1t_5
localize,#subtitle_zm_cmcp_obex/zm_cmcp_obex_vlst_ew1t_6
localize,#subtitle_zm_cmcp_obex/zm_cmcp_obex_vlst_ew1t_7
localize,#subtitle_zm_cmcp_obex/zm_cmcp_obex_vlst_ew1t_8
localize,#subtitle_zm_cmcp_obex/zm_cmcp_obex_vlst_ew1t_9
localize,#subtitle_zm_cmcp_obhb/bellekar
localize,#subtitle_zm_cmcp_obhb/inviktor
localize,#subtitle_zm_cmcp_obhb/kortifex
localize,#subtitle_zm_cmcp_obhb/krafft
localize,#subtitle_zm_cmcp_obhb/norticus
localize,#subtitle_zm_cmcp_obhb/saraxis
localize,#subtitle_zm_cmcp_obhb/von_list
localize,#subtitle_zm_cmcp_obhb/zm_cmcp_obhb_blkr_hacb_1
localize,#subtitle_zm_cmcp_obhb/zm_cmcp_obhb_blkr_hacb_2
localize,#subtitle_zm_cmcp_obhb/zm_cmcp_obhb_blkr_hacb_3
localize,#subtitle_zm_cmcp_obhb/zm_cmcp_obhb_blkr_hbxb_1
localize,#subtitle_zm_cmcp_obhb/zm_cmcp_obhb_blkr_hbxb_2
localize,#subtitle_zm_cmcp_obhb/zm_cmcp_obhb_blkr_hbxb_3
localize,#subtitle_zm_cmcp_obhb/zm_cmcp_obhb_blkr_hdfb_1
localize,#subtitle_zm_cmcp_obhb/zm_cmcp_obhb_blkr_hdfb_2
localize,#subtitle_zm_cmcp_obhb/zm_cmcp_obhb_blkr_hdfb_3
localize,#subtitle_zm_cmcp_obhb/zm_cmcp_obhb_blkr_hinb_1
localize,#subtitle_zm_cmcp_obhb/zm_cmcp_obhb_blkr_hinb_2
localize,#subtitle_zm_cmcp_obhb/zm_cmcp_obhb_blkr_hinb_3
localize,#subtitle_zm_cmcp_obhb/zm_cmcp_obhb_blkr_hinb_4
localize,#subtitle_zm_cmcp_obhb/zm_cmcp_obhb_blkr_hinb_5
localize,#subtitle_zm_cmcp_obhb/zm_cmcp_obhb_blkr_hinb_6
localize,#subtitle_zm_cmcp_obhb/zm_cmcp_obhb_blkr_hinb_7
localize,#subtitle_zm_cmcp_obhb/zm_cmcp_obhb_blkr_hinb_8
localize,#subtitle_zm_cmcp_obhb/zm_cmcp_obhb_blkr_hppb_1
localize,#subtitle_zm_cmcp_obhb/zm_cmcp_obhb_blkr_hppb_2
localize,#subtitle_zm_cmcp_obhb/zm_cmcp_obhb_blkr_hppb_3
localize,#subtitle_zm_cmcp_obhb/zm_cmcp_obhb_blkr_htrb_1
localize,#subtitle_zm_cmcp_obhb/zm_cmcp_obhb_blkr_htrb_2
localize,#subtitle_zm_cmcp_obhb/zm_cmcp_obhb_blkr_htrb_3
localize,#subtitle_zm_cmcp_obhb/zm_cmcp_obhb_dnrt_hacn_1
localize,#subtitle_zm_cmcp_obhb/zm_cmcp_obhb_dnrt_hacn_2
localize,#subtitle_zm_cmcp_obhb/zm_cmcp_obhb_dnrt_hacn_3
localize,#subtitle_zm_cmcp_obhb/zm_cmcp_obhb_dnrt_hbxn_1
localize,#subtitle_zm_cmcp_obhb/zm_cmcp_obhb_dnrt_hbxn_2
localize,#subtitle_zm_cmcp_obhb/zm_cmcp_obhb_dnrt_hbxn_3
localize,#subtitle_zm_cmcp_obhb/zm_cmcp_obhb_dnrt_hdfn_1
localize,#subtitle_zm_cmcp_obhb/zm_cmcp_obhb_dnrt_hdfn_2
localize,#subtitle_zm_cmcp_obhb/zm_cmcp_obhb_dnrt_hdfn_3
localize,#subtitle_zm_cmcp_obhb/zm_cmcp_obhb_dnrt_hinn_1
localize,#subtitle_zm_cmcp_obhb/zm_cmcp_obhb_dnrt_hinn_2
localize,#subtitle_zm_cmcp_obhb/zm_cmcp_obhb_dnrt_hinn_3
localize,#subtitle_zm_cmcp_obhb/zm_cmcp_obhb_dnrt_hinn_4
localize,#subtitle_zm_cmcp_obhb/zm_cmcp_obhb_dnrt_hinn_5
localize,#subtitle_zm_cmcp_obhb/zm_cmcp_obhb_dnrt_hinn_6
localize,#subtitle_zm_cmcp_obhb/zm_cmcp_obhb_dnrt_hinn_7
localize,#subtitle_zm_cmcp_obhb/zm_cmcp_obhb_dnrt_hinn_8
localize,#subtitle_zm_cmcp_obhb/zm_cmcp_obhb_dnrt_hppn_1
localize,#subtitle_zm_cmcp_obhb/zm_cmcp_obhb_dnrt_hppn_2
localize,#subtitle_zm_cmcp_obhb/zm_cmcp_obhb_dnrt_hppn_3
localize,#subtitle_zm_cmcp_obhb/zm_cmcp_obhb_dnrt_htrn_1
localize,#subtitle_zm_cmcp_obhb/zm_cmcp_obhb_dnrt_htrn_2
localize,#subtitle_zm_cmcp_obhb/zm_cmcp_obhb_dnrt_htrn_3
localize,#subtitle_zm_cmcp_obhb/zm_cmcp_obhb_dnvk_haci_1
localize,#subtitle_zm_cmcp_obhb/zm_cmcp_obhb_dnvk_haci_2
localize,#subtitle_zm_cmcp_obhb/zm_cmcp_obhb_dnvk_haci_3
localize,#subtitle_zm_cmcp_obhb/zm_cmcp_obhb_dnvk_hbxi_1
localize,#subtitle_zm_cmcp_obhb/zm_cmcp_obhb_dnvk_hbxi_2
localize,#subtitle_zm_cmcp_obhb/zm_cmcp_obhb_dnvk_hbxi_3
localize,#subtitle_zm_cmcp_obhb/zm_cmcp_obhb_dnvk_hdfi_1
localize,#subtitle_zm_cmcp_obhb/zm_cmcp_obhb_dnvk_hdfi_2
localize,#subtitle_zm_cmcp_obhb/zm_cmcp_obhb_dnvk_hdfi_3
localize,#subtitle_zm_cmcp_obhb/zm_cmcp_obhb_dnvk_hini_1
localize,#subtitle_zm_cmcp_obhb/zm_cmcp_obhb_dnvk_hini_2
localize,#subtitle_zm_cmcp_obhb/zm_cmcp_obhb_dnvk_hini_3
localize,#subtitle_zm_cmcp_obhb/zm_cmcp_obhb_dnvk_hini_4
localize,#subtitle_zm_cmcp_obhb/zm_cmcp_obhb_dnvk_hini_5
localize,#subtitle_zm_cmcp_obhb/zm_cmcp_obhb_dnvk_hini_6
localize,#subtitle_zm_cmcp_obhb/zm_cmcp_obhb_dnvk_hini_7
localize,#subtitle_zm_cmcp_obhb/zm_cmcp_obhb_dnvk_hini_8
localize,#subtitle_zm_cmcp_obhb/zm_cmcp_obhb_dnvk_hppi_1
localize,#subtitle_zm_cmcp_obhb/zm_cmcp_obhb_dnvk_hppi_2
localize,#subtitle_zm_cmcp_obhb/zm_cmcp_obhb_dnvk_hppi_3
localize,#subtitle_zm_cmcp_obhb/zm_cmcp_obhb_dnvk_htri_1
localize,#subtitle_zm_cmcp_obhb/zm_cmcp_obhb_dnvk_htri_2
localize,#subtitle_zm_cmcp_obhb/zm_cmcp_obhb_dnvk_htri_3
localize,#subtitle_zm_cmcp_obhb/zm_cmcp_obhb_dsrx_hacs_1
localize,#subtitle_zm_cmcp_obhb/zm_cmcp_obhb_dsrx_hacs_2
localize,#subtitle_zm_cmcp_obhb/zm_cmcp_obhb_dsrx_hacs_3
localize,#subtitle_zm_cmcp_obhb/zm_cmcp_obhb_dsrx_hbxs_1
localize,#subtitle_zm_cmcp_obhb/zm_cmcp_obhb_dsrx_hbxs_2
localize,#subtitle_zm_cmcp_obhb/zm_cmcp_obhb_dsrx_hbxs_3
localize,#subtitle_zm_cmcp_obhb/zm_cmcp_obhb_dsrx_hdfs_1
localize,#subtitle_zm_cmcp_obhb/zm_cmcp_obhb_dsrx_hdfs_2
localize,#subtitle_zm_cmcp_obhb/zm_cmcp_obhb_dsrx_hdfs_3
localize,#subtitle_zm_cmcp_obhb/zm_cmcp_obhb_dsrx_hins_1
localize,#subtitle_zm_cmcp_obhb/zm_cmcp_obhb_dsrx_hins_2
localize,#subtitle_zm_cmcp_obhb/zm_cmcp_obhb_dsrx_hins_3
localize,#subtitle_zm_cmcp_obhb/zm_cmcp_obhb_dsrx_hins_4
localize,#subtitle_zm_cmcp_obhb/zm_cmcp_obhb_dsrx_hins_5
localize,#subtitle_zm_cmcp_obhb/zm_cmcp_obhb_dsrx_hins_6
localize,#subtitle_zm_cmcp_obhb/zm_cmcp_obhb_dsrx_hins_7
localize,#subtitle_zm_cmcp_obhb/zm_cmcp_obhb_dsrx_hins_8
localize,#subtitle_zm_cmcp_obhb/zm_cmcp_obhb_dsrx_hpps_1
localize,#subtitle_zm_cmcp_obhb/zm_cmcp_obhb_dsrx_hpps_2
localize,#subtitle_zm_cmcp_obhb/zm_cmcp_obhb_dsrx_hpps_3
localize,#subtitle_zm_cmcp_obhb/zm_cmcp_obhb_dsrx_htrs_1
localize,#subtitle_zm_cmcp_obhb/zm_cmcp_obhb_dsrx_htrs_2
localize,#subtitle_zm_cmcp_obhb/zm_cmcp_obhb_dsrx_htrs_3
localize,#subtitle_zm_cmcp_obhb/zm_cmcp_obhb_krft_hcft_1
localize,#subtitle_zm_cmcp_obhb/zm_cmcp_obhb_krft_hcft_2
localize,#subtitle_zm_cmcp_obhb/zm_cmcp_obhb_krft_hcft_3
localize,#subtitle_zm_cmcp_obhb/zm_cmcp_obhb_krft_hcpu_1
localize,#subtitle_zm_cmcp_obhb/zm_cmcp_obhb_krft_hcpu_2
localize,#subtitle_zm_cmcp_obhb/zm_cmcp_obhb_krft_hcpu_3
localize,#subtitle_zm_cmcp_obhb/zm_cmcp_obhb_krft_hcpu_4
localize,#subtitle_zm_cmcp_obhb/zm_cmcp_obhb_krft_hcpu_5
localize,#subtitle_zm_cmcp_obhb/zm_cmcp_obhb_krft_hcpu_6
localize,#subtitle_zm_cmcp_obhb/zm_cmcp_obhb_krft_hcpu_7
localize,#subtitle_zm_cmcp_obhb/zm_cmcp_obhb_krft_hcpu_8
localize,#subtitle_zm_cmcp_obhb/zm_cmcp_obhb_krft_hcpu_9
localize,#subtitle_zm_cmcp_obhb/zm_cmcp_obhb_krft_hjg1_1
localize,#subtitle_zm_cmcp_obhb/zm_cmcp_obhb_krft_hjg1_2
localize,#subtitle_zm_cmcp_obhb/zm_cmcp_obhb_krft_hjg1_3
localize,#subtitle_zm_cmcp_obhb/zm_cmcp_obhb_krft_hjg1_4
localize,#subtitle_zm_cmcp_obhb/zm_cmcp_obhb_krft_hprt_1
localize,#subtitle_zm_cmcp_obhb/zm_cmcp_obhb_krft_hprt_2
localize,#subtitle_zm_cmcp_obhb/zm_cmcp_obhb_krft_hprt_3
localize,#subtitle_zm_cmcp_obhb/zm_cmcp_obhb_krft_hprt_4
localize,#subtitle_zm_cmcp_obhb/zm_cmcp_obhb_krft_hrai_1
localize,#subtitle_zm_cmcp_obhb/zm_cmcp_obhb_krft_hrai_2
localize,#subtitle_zm_cmcp_obhb/zm_cmcp_obhb_krft_hrai_3
localize,#subtitle_zm_cmcp_obhb/zm_cmcp_obhb_krft_hrai_4
localize,#subtitle_zm_cmcp_obhb/zm_cmcp_obhb_krft_hrt1_1
localize,#subtitle_zm_cmcp_obhb/zm_cmcp_obhb_krft_hrt1_2
localize,#subtitle_zm_cmcp_obhb/zm_cmcp_obhb_krft_hrt1_3
localize,#subtitle_zm_cmcp_obhb/zm_cmcp_obhb_krft_hrt1_4
localize,#subtitle_zm_cmcp_obhb/zm_cmcp_obhb_krft_hrt1_5
localize,#subtitle_zm_cmcp_obhb/zm_cmcp_obhb_krft_hrt1_6
localize,#subtitle_zm_cmcp_obhb/zm_cmcp_obhb_krft_hrt1_7
localize,#subtitle_zm_cmcp_obhb/zm_cmcp_obhb_krft_hrt1_8
localize,#subtitle_zm_cmcp_obhb/zm_cmcp_obhb_krft_hrt2_1
localize,#subtitle_zm_cmcp_obhb/zm_cmcp_obhb_krft_hrt2_2
localize,#subtitle_zm_cmcp_obhb/zm_cmcp_obhb_krft_hrt2_3
localize,#subtitle_zm_cmcp_obhb/zm_cmcp_obhb_krft_hrt2_4
localize,#subtitle_zm_cmcp_obhb/zm_cmcp_obhb_krft_hrt2_5
localize,#subtitle_zm_cmcp_obhb/zm_cmcp_obhb_krft_hrt2_6
localize,#subtitle_zm_cmcp_obhb/zm_cmcp_obhb_krft_hrt2_7
localize,#subtitle_zm_cmcp_obhb/zm_cmcp_obhb_krft_hrt2_8
localize,#subtitle_zm_cmcp_obhb/zm_cmcp_obhb_krft_hrtb_1
localize,#subtitle_zm_cmcp_obhb/zm_cmcp_obhb_krft_hrtb_2
localize,#subtitle_zm_cmcp_obhb/zm_cmcp_obhb_krft_hrtb_3
localize,#subtitle_zm_cmcp_obhb/zm_cmcp_obhb_krft_hrtb_4
localize,#subtitle_zm_cmcp_obhb/zm_cmcp_obhb_krft_hrtb_5
localize,#subtitle_zm_cmcp_obhb/zm_cmcp_obhb_krft_hrtb_6
localize,#subtitle_zm_cmcp_obhb/zm_cmcp_obhb_krft_hrtb_7
localize,#subtitle_zm_cmcp_obhb/zm_cmcp_obhb_krft_hrtb_8
localize,#subtitle_zm_cmcp_obhb/zm_cmcp_obhb_krft_hrte_1
localize,#subtitle_zm_cmcp_obhb/zm_cmcp_obhb_krft_hrte_2
localize,#subtitle_zm_cmcp_obhb/zm_cmcp_obhb_krft_hrte_3
localize,#subtitle_zm_cmcp_obhb/zm_cmcp_obhb_krft_hrte_4
localize,#subtitle_zm_cmcp_obhb/zm_cmcp_obhb_krft_hrte_5
localize,#subtitle_zm_cmcp_obhb/zm_cmcp_obhb_krft_hrte_6
localize,#subtitle_zm_cmcp_obhb/zm_cmcp_obhb_krft_hrte_7
localize,#subtitle_zm_cmcp_obhb/zm_cmcp_obhb_krft_hrte_8
localize,#subtitle_zm_cmcp_obhb/zm_cmcp_obhb_krft_hscr_1
localize,#subtitle_zm_cmcp_obhb/zm_cmcp_obhb_krft_hscr_2
localize,#subtitle_zm_cmcp_obhb/zm_cmcp_obhb_krft_hscr_3
localize,#subtitle_zm_cmcp_obhb/zm_cmcp_obhb_krft_hscr_4
localize,#subtitle_zm_cmcp_obhb/zm_cmcp_obhb_krft_hstr_1
localize,#subtitle_zm_cmcp_obhb/zm_cmcp_obhb_krft_hstr_2
localize,#subtitle_zm_cmcp_obhb/zm_cmcp_obhb_krft_hstr_3
localize,#subtitle_zm_cmcp_obhb/zm_cmcp_obhb_krft_hstr_4
localize,#subtitle_zm_cmcp_obhb/zm_cmcp_obhb_krft_hstr_5
localize,#subtitle_zm_cmcp_obhb/zm_cmcp_obhb_krft_hstr_6
localize,#subtitle_zm_cmcp_obhb/zm_cmcp_obhb_krft_hstr_7
localize,#subtitle_zm_cmcp_obhb/zm_cmcp_obhb_krft_hstr_8
localize,#subtitle_zm_cmcp_obhb/zm_cmcp_obhb_krft_huin_1
localize,#subtitle_zm_cmcp_obhb/zm_cmcp_obhb_krft_huin_2
localize,#subtitle_zm_cmcp_obhb/zm_cmcp_obhb_krft_huin_3
localize,#subtitle_zm_cmcp_obhb/zm_cmcp_obhb_krft_huin_4
localize,#subtitle_zm_cmcp_obhb/zm_cmcp_obhb_krft_huin_5
localize,#subtitle_zm_cmcp_obhb/zm_cmcp_obhb_krft_huin_6
localize,#subtitle_zm_cmcp_obhb/zm_cmcp_obhb_krft_huin_7
localize,#subtitle_zm_cmcp_obhb/zm_cmcp_obhb_krft_huin_8
localize,#subtitle_zm_cmcp_obhb/zm_cmcp_obhb_krft_hust_1
localize,#subtitle_zm_cmcp_obhb/zm_cmcp_obhb_krft_hust_2
localize,#subtitle_zm_cmcp_obhb/zm_cmcp_obhb_krft_hust_3
localize,#subtitle_zm_cmcp_obhb/zm_cmcp_obhb_krft_hust_4
localize,#subtitle_zm_cmcp_obhb/zm_cmcp_obhb_krft_hust_5
localize,#subtitle_zm_cmcp_obhb/zm_cmcp_obhb_krft_hust_6
localize,#subtitle_zm_cmcp_obhb/zm_cmcp_obhb_krft_hust_7
localize,#subtitle_zm_cmcp_obhb/zm_cmcp_obhb_krft_hust_8
localize,#subtitle_zm_cmcp_obhb/zm_cmcp_obhb_krtx_hamb_1
localize,#subtitle_zm_cmcp_obhb/zm_cmcp_obhb_krtx_hamb_10
localize,#subtitle_zm_cmcp_obhb/zm_cmcp_obhb_krtx_hamb_2
localize,#subtitle_zm_cmcp_obhb/zm_cmcp_obhb_krtx_hamb_3
localize,#subtitle_zm_cmcp_obhb/zm_cmcp_obhb_krtx_hamb_4
localize,#subtitle_zm_cmcp_obhb/zm_cmcp_obhb_krtx_hamb_5
localize,#subtitle_zm_cmcp_obhb/zm_cmcp_obhb_krtx_hamb_6
localize,#subtitle_zm_cmcp_obhb/zm_cmcp_obhb_krtx_hamb_7
localize,#subtitle_zm_cmcp_obhb/zm_cmcp_obhb_krtx_hamb_8
localize,#subtitle_zm_cmcp_obhb/zm_cmcp_obhb_krtx_hamb_9
localize,#subtitle_zm_cmcp_obhb/zm_cmcp_obhb_krtx_hgfl_1
localize,#subtitle_zm_cmcp_obhb/zm_cmcp_obhb_krtx_hgfl_2
localize,#subtitle_zm_cmcp_obhb/zm_cmcp_obhb_krtx_hgfl_3
localize,#subtitle_zm_cmcp_obhb/zm_cmcp_obhb_krtx_hgfl_4
localize,#subtitle_zm_cmcp_obhb/zm_cmcp_obhb_krtx_hgfl_5
localize,#subtitle_zm_cmcp_obhb/zm_cmcp_obhb_krtx_hgfl_6
localize,#subtitle_zm_cmcp_obhb/zm_cmcp_obhb_krtx_hgfl_7
localize,#subtitle_zm_cmcp_obhb/zm_cmcp_obhb_krtx_hgfl_8
localize,#subtitle_zm_cmcp_obhb/zm_cmcp_obhb_vlst_hamb_1
localize,#subtitle_zm_cmcp_obhb/zm_cmcp_obhb_vlst_hamb_10
localize,#subtitle_zm_cmcp_obhb/zm_cmcp_obhb_vlst_hamb_11
localize,#subtitle_zm_cmcp_obhb/zm_cmcp_obhb_vlst_hamb_12
localize,#subtitle_zm_cmcp_obhb/zm_cmcp_obhb_vlst_hamb_13
localize,#subtitle_zm_cmcp_obhb/zm_cmcp_obhb_vlst_hamb_14
localize,#subtitle_zm_cmcp_obhb/zm_cmcp_obhb_vlst_hamb_2
localize,#subtitle_zm_cmcp_obhb/zm_cmcp_obhb_vlst_hamb_7
localize,#subtitle_zm_cmcp_obhb/zm_cmcp_obhb_vlst_hamb_8
localize,#subtitle_zm_cmcp_obhb/zm_cmcp_obhb_vlst_hamb_9
localize,#subtitle_zm_cmcp_obhb/zm_cmcp_obhb_vlst_hgfl_1
localize,#subtitle_zm_cmcp_obhb/zm_cmcp_obhb_vlst_hgfl_2
localize,#subtitle_zm_cmcp_obhb/zm_cmcp_obhb_vlst_hgfl_3
localize,#subtitle_zm_cmcp_obhb/zm_cmcp_obhb_vlst_hgfl_4
localize,#subtitle_zm_cmcp_obhb/zm_cmcp_obhb_vlst_hgfl_5
localize,#subtitle_zm_cmcp_obhb/zm_cmcp_obhb_vlst_hgfl_6
localize,#subtitle_zm_cmcp_obhb/zm_cmcp_obhb_vlst_hgfl_7
localize,#subtitle_zm_cmcp_obhb/zm_cmcp_obhb_vlst_hgfl_8
localize,#subtitle_zm_cmcp_obhb/zm_zohs_hbsk_krtx_hsja_1
localize,#subtitle_zm_cmcp_obhb/zm_zohs_hbsk_krtx_hsja_2
localize,#subtitle_zm_cmcp_obhb/zm_zohs_hbsk_krtx_hsja_3
localize,#subtitle_zm_cmcp_obhb/zm_zohs_hbsk_krtx_hsja_4
localize,#subtitle_zm_cmcp_obhb/zm_zohs_hbsk_krtx_hsja_5
localize,#subtitle_zm_cmcp_obhb/zm_zohs_hbsk_krtx_hsja_6
localize,#subtitle_zm_cmcp_obhb/zm_zohs_hbsk_krtx_hsja_7
localize,#subtitle_zm_cmcp_obhb/zm_zohs_hbsk_krtx_hsja_8
localize,#subtitle_zm_cmcp_obhb/zm_zohs_hbsk_vlst_hsja_1
localize,#subtitle_zm_cmcp_obhb/zm_zohs_hbsk_vlst_hsja_2
localize,#subtitle_zm_cmcp_obhb/zm_zohs_hbsk_vlst_hsja_3
localize,#subtitle_zm_cmcp_obhb/zm_zohs_hbsk_vlst_hsja_4
localize,#subtitle_zm_cmcp_obhb/zm_zohs_hbsk_vlst_hsja_5
localize,#subtitle_zm_cmcp_obhb/zm_zohs_hbsk_vlst_hsja_6
localize,#subtitle_zm_cmcp_obhb/zm_zohs_hbsk_vlst_hsja_7
localize,#subtitle_zm_cmcp_obhb/zm_zohs_hbsk_vlst_hsja_8
localize,#subtitle_zm_cmcp_obhd/inviktor
localize,#subtitle_zm_cmcp_obhd/kortifex
localize,#subtitle_zm_cmcp_obhd/krafft
localize,#subtitle_zm_cmcp_obhd/von_list
localize,#subtitle_zm_cmcp_obhd/zm_cmcp_obhd_dnvk_hanr_1
localize,#subtitle_zm_cmcp_obhd/zm_cmcp_obhd_dnvk_hanr_2
localize,#subtitle_zm_cmcp_obhd/zm_cmcp_obhd_dnvk_hanr_3
localize,#subtitle_zm_cmcp_obhd/zm_cmcp_obhd_dnvk_hanr_4
localize,#subtitle_zm_cmcp_obhd/zm_cmcp_obhd_dnvk_hapr_1
localize,#subtitle_zm_cmcp_obhd/zm_cmcp_obhd_dnvk_hapr_2
localize,#subtitle_zm_cmcp_obhd/zm_cmcp_obhd_dnvk_hapr_3
localize,#subtitle_zm_cmcp_obhd/zm_cmcp_obhd_dnvk_hapr_4
localize,#subtitle_zm_cmcp_obhd/zm_cmcp_obhd_dnvk_hend_1
localize,#subtitle_zm_cmcp_obhd/zm_cmcp_obhd_dnvk_hend_2
localize,#subtitle_zm_cmcp_obhd/zm_cmcp_obhd_dnvk_hend_3
localize,#subtitle_zm_cmcp_obhd/zm_cmcp_obhd_dnvk_hend_4
localize,#subtitle_zm_cmcp_obhd/zm_cmcp_obhd_dnvk_hend_5
localize,#subtitle_zm_cmcp_obhd/zm_cmcp_obhd_dnvk_hend_6
localize,#subtitle_zm_cmcp_obhd/zm_cmcp_obhd_dnvk_hend_7
localize,#subtitle_zm_cmcp_obhd/zm_cmcp_obhd_dnvk_hend_8
localize,#subtitle_zm_cmcp_obhd/zm_cmcp_obhd_dnvk_hs1r_1
localize,#subtitle_zm_cmcp_obhd/zm_cmcp_obhd_dnvk_hs1r_2
localize,#subtitle_zm_cmcp_obhd/zm_cmcp_obhd_dnvk_hs1r_3
localize,#subtitle_zm_cmcp_obhd/zm_cmcp_obhd_dnvk_hs1r_4
localize,#subtitle_zm_cmcp_obhd/zm_cmcp_obhd_dnvk_hs2r_1
localize,#subtitle_zm_cmcp_obhd/zm_cmcp_obhd_dnvk_hs2r_2
localize,#subtitle_zm_cmcp_obhd/zm_cmcp_obhd_dnvk_hs2r_3
localize,#subtitle_zm_cmcp_obhd/zm_cmcp_obhd_dnvk_hs2r_4
localize,#subtitle_zm_cmcp_obhd/zm_cmcp_obhd_dnvk_hs3r_1
localize,#subtitle_zm_cmcp_obhd/zm_cmcp_obhd_dnvk_hs3r_2
localize,#subtitle_zm_cmcp_obhd/zm_cmcp_obhd_dnvk_hs3r_3
localize,#subtitle_zm_cmcp_obhd/zm_cmcp_obhd_dnvk_hs3r_4
localize,#subtitle_zm_cmcp_obhd/zm_cmcp_obhd_dnvk_hstg_1
localize,#subtitle_zm_cmcp_obhd/zm_cmcp_obhd_dnvk_hstg_2
localize,#subtitle_zm_cmcp_obhd/zm_cmcp_obhd_dnvk_hstg_3
localize,#subtitle_zm_cmcp_obhd/zm_cmcp_obhd_dnvk_hstg_4
localize,#subtitle_zm_cmcp_obhd/zm_cmcp_obhd_dnvk_hstg_5
localize,#subtitle_zm_cmcp_obhd/zm_cmcp_obhd_dnvk_hstg_6
localize,#subtitle_zm_cmcp_obhd/zm_cmcp_obhd_dnvk_hstg_7
localize,#subtitle_zm_cmcp_obhd/zm_cmcp_obhd_dnvk_hstg_8
localize,#subtitle_zm_cmcp_obhd/zm_cmcp_obhd_dnvk_htrg_1
localize,#subtitle_zm_cmcp_obhd/zm_cmcp_obhd_dnvk_htrg_2
localize,#subtitle_zm_cmcp_obhd/zm_cmcp_obhd_dnvk_htrg_3
localize,#subtitle_zm_cmcp_obhd/zm_cmcp_obhd_dnvk_htrg_4
localize,#subtitle_zm_cmcp_obhd/zm_cmcp_obhd_dnvk_htrg_5
localize,#subtitle_zm_cmcp_obhd/zm_cmcp_obhd_dnvk_htrg_6
localize,#subtitle_zm_cmcp_obhd/zm_cmcp_obhd_dnvk_htrg_7
localize,#subtitle_zm_cmcp_obhd/zm_cmcp_obhd_dnvk_htrg_8
localize,#subtitle_zm_cmcp_obhd/zm_cmcp_obhd_dnvk_hw2e_1
localize,#subtitle_zm_cmcp_obhd/zm_cmcp_obhd_dnvk_hw2e_2
localize,#subtitle_zm_cmcp_obhd/zm_cmcp_obhd_dnvk_hw2e_3
localize,#subtitle_zm_cmcp_obhd/zm_cmcp_obhd_dnvk_hw2e_4
localize,#subtitle_zm_cmcp_obhd/zm_cmcp_obhd_dnvk_hw2e_5
localize,#subtitle_zm_cmcp_obhd/zm_cmcp_obhd_dnvk_hw2e_6
localize,#subtitle_zm_cmcp_obhd/zm_cmcp_obhd_dnvk_hw2e_7
localize,#subtitle_zm_cmcp_obhd/zm_cmcp_obhd_dnvk_hw2e_8
localize,#subtitle_zm_cmcp_obhd/zm_cmcp_obhd_krft_hanc_1
localize,#subtitle_zm_cmcp_obhd/zm_cmcp_obhd_krft_hanc_2
localize,#subtitle_zm_cmcp_obhd/zm_cmcp_obhd_krft_hanc_3
localize,#subtitle_zm_cmcp_obhd/zm_cmcp_obhd_krft_hanc_4
localize,#subtitle_zm_cmcp_obhd/zm_cmcp_obhd_krft_hanc_5
localize,#subtitle_zm_cmcp_obhd/zm_cmcp_obhd_krft_hanc_6
localize,#subtitle_zm_cmcp_obhd/zm_cmcp_obhd_krft_hanc_7
localize,#subtitle_zm_cmcp_obhd/zm_cmcp_obhd_krft_hanc_8
localize,#subtitle_zm_cmcp_obhd/zm_cmcp_obhd_krft_henr_1
localize,#subtitle_zm_cmcp_obhd/zm_cmcp_obhd_krft_henr_2
localize,#subtitle_zm_cmcp_obhd/zm_cmcp_obhd_krft_henr_3
localize,#subtitle_zm_cmcp_obhd/zm_cmcp_obhd_krft_henr_4
localize,#subtitle_zm_cmcp_obhd/zm_cmcp_obhd_krft_henr_5
localize,#subtitle_zm_cmcp_obhd/zm_cmcp_obhd_krft_henr_6
localize,#subtitle_zm_cmcp_obhd/zm_cmcp_obhd_krft_henr_7
localize,#subtitle_zm_cmcp_obhd/zm_cmcp_obhd_krft_henr_8
localize,#subtitle_zm_cmcp_obhd/zm_cmcp_obhd_krft_hst1_1
localize,#subtitle_zm_cmcp_obhd/zm_cmcp_obhd_krft_hst1_2
localize,#subtitle_zm_cmcp_obhd/zm_cmcp_obhd_krft_hst1_3
localize,#subtitle_zm_cmcp_obhd/zm_cmcp_obhd_krft_hst1_4
localize,#subtitle_zm_cmcp_obhd/zm_cmcp_obhd_krft_hst3_1
localize,#subtitle_zm_cmcp_obhd/zm_cmcp_obhd_krft_hst3_2
localize,#subtitle_zm_cmcp_obhd/zm_cmcp_obhd_krft_hst3_3
localize,#subtitle_zm_cmcp_obhd/zm_cmcp_obhd_krft_hst3_4
localize,#subtitle_zm_cmcp_obhd/zm_cmcp_obhd_krtx_hw3t_1
localize,#subtitle_zm_cmcp_obhd/zm_cmcp_obhd_krtx_hw3t_2
localize,#subtitle_zm_cmcp_obhd/zm_cmcp_obhd_krtx_hw3t_3
localize,#subtitle_zm_cmcp_obhd/zm_cmcp_obhd_krtx_hw3t_4
localize,#subtitle_zm_cmcp_obhd/zm_cmcp_obhd_krtx_hw3t_5
localize,#subtitle_zm_cmcp_obhd/zm_cmcp_obhd_krtx_hw3t_6
localize,#subtitle_zm_cmcp_obhd/zm_cmcp_obhd_krtx_hw3t_7
localize,#subtitle_zm_cmcp_obhd/zm_cmcp_obhd_krtx_hw3t_8
localize,#subtitle_zm_cmcp_obhd/zm_cmcp_obhd_vlst_hscs_1
localize,#subtitle_zm_cmcp_obhd/zm_cmcp_obhd_vlst_hscs_2
localize,#subtitle_zm_cmcp_obhd/zm_cmcp_obhd_vlst_hscs_3
localize,#subtitle_zm_cmcp_obhd/zm_cmcp_obhd_vlst_hscs_4
localize,#subtitle_zm_cmcp_obhd/zm_cmcp_obhd_vlst_hscs_5
localize,#subtitle_zm_cmcp_obhd/zm_cmcp_obhd_vlst_hscs_6
localize,#subtitle_zm_cmcp_obhd/zm_cmcp_obhd_vlst_hscs_7
localize,#subtitle_zm_cmcp_obhd/zm_cmcp_obhd_vlst_hscs_8
localize,#subtitle_zm_cmcp_obhd/zm_cmcp_obhd_vlst_hst2_1
localize,#subtitle_zm_cmcp_obhd/zm_cmcp_obhd_vlst_hst2_2
localize,#subtitle_zm_cmcp_obhd/zm_cmcp_obhd_vlst_hst2_3
localize,#subtitle_zm_cmcp_obhd/zm_cmcp_obhd_vlst_hst2_4
localize,#subtitle_zm_cmcp_obhd/zm_cmcp_obhd_vlst_hw1t_1
localize,#subtitle_zm_cmcp_obhd/zm_cmcp_obhd_vlst_hw1t_2
localize,#subtitle_zm_cmcp_obhd/zm_cmcp_obhd_vlst_hw1t_3
localize,#subtitle_zm_cmcp_obhd/zm_cmcp_obhd_vlst_hw1t_4
localize,#subtitle_zm_cmcp_obhd/zm_cmcp_obhd_vlst_hw1t_5
localize,#subtitle_zm_cmcp_obhd/zm_cmcp_obhd_vlst_hw1t_6
localize,#subtitle_zm_cmcp_obhd/zm_cmcp_obhd_vlst_hw1t_7
localize,#subtitle_zm_cmcp_obhd/zm_cmcp_obhd_vlst_hw1t_8
localize,#subtitle_zm_cmcp_obof/bellekar
localize,#subtitle_zm_cmcp_obof/kortifex
localize,#subtitle_zm_cmcp_obof/krafft
localize,#subtitle_zm_cmcp_obof/zm_cmcp_obof_blkr_o75e_1
localize,#subtitle_zm_cmcp_obof/zm_cmcp_obof_blkr_o75e_2
localize,#subtitle_zm_cmcp_obof/zm_cmcp_obof_blkr_o75e_3
localize,#subtitle_zm_cmcp_obof/zm_cmcp_obof_blkr_o75e_4
localize,#subtitle_zm_cmcp_obof/zm_cmcp_obof_blkr_o75e_5
localize,#subtitle_zm_cmcp_obof/zm_cmcp_obof_blkr_o75e_6
localize,#subtitle_zm_cmcp_obof/zm_cmcp_obof_blkr_o75e_7
localize,#subtitle_zm_cmcp_obof/zm_cmcp_obof_blkr_o75e_8
localize,#subtitle_zm_cmcp_obof/zm_cmcp_obof_blkr_oanr_1
localize,#subtitle_zm_cmcp_obof/zm_cmcp_obof_blkr_oanr_2
localize,#subtitle_zm_cmcp_obof/zm_cmcp_obof_blkr_oanr_3
localize,#subtitle_zm_cmcp_obof/zm_cmcp_obof_blkr_oanr_4
localize,#subtitle_zm_cmcp_obof/zm_cmcp_obof_blkr_oapr_1
localize,#subtitle_zm_cmcp_obof/zm_cmcp_obof_blkr_oapr_2
localize,#subtitle_zm_cmcp_obof/zm_cmcp_obof_blkr_oapr_3
localize,#subtitle_zm_cmcp_obof/zm_cmcp_obof_blkr_oapr_4
localize,#subtitle_zm_cmcp_obof/zm_cmcp_obof_blkr_oend_1
localize,#subtitle_zm_cmcp_obof/zm_cmcp_obof_blkr_oend_2
localize,#subtitle_zm_cmcp_obof/zm_cmcp_obof_blkr_oend_3
localize,#subtitle_zm_cmcp_obof/zm_cmcp_obof_blkr_oend_4
localize,#subtitle_zm_cmcp_obof/zm_cmcp_obof_blkr_oend_5
localize,#subtitle_zm_cmcp_obof/zm_cmcp_obof_blkr_oend_6
localize,#subtitle_zm_cmcp_obof/zm_cmcp_obof_blkr_oend_7
localize,#subtitle_zm_cmcp_obof/zm_cmcp_obof_blkr_oend_8
localize,#subtitle_zm_cmcp_obof/zm_cmcp_obof_blkr_os1r_1
localize,#subtitle_zm_cmcp_obof/zm_cmcp_obof_blkr_os1r_2
localize,#subtitle_zm_cmcp_obof/zm_cmcp_obof_blkr_os1r_3
localize,#subtitle_zm_cmcp_obof/zm_cmcp_obof_blkr_os1r_4
localize,#subtitle_zm_cmcp_obof/zm_cmcp_obof_blkr_os2r_1
localize,#subtitle_zm_cmcp_obof/zm_cmcp_obof_blkr_os2r_2
localize,#subtitle_zm_cmcp_obof/zm_cmcp_obof_blkr_os2r_3
localize,#subtitle_zm_cmcp_obof/zm_cmcp_obof_blkr_os2r_4
localize,#subtitle_zm_cmcp_obof/zm_cmcp_obof_blkr_os3r_1
localize,#subtitle_zm_cmcp_obof/zm_cmcp_obof_blkr_os3r_2
localize,#subtitle_zm_cmcp_obof/zm_cmcp_obof_blkr_os3r_3
localize,#subtitle_zm_cmcp_obof/zm_cmcp_obof_blkr_os3r_4
localize,#subtitle_zm_cmcp_obof/zm_cmcp_obof_blkr_ostg_1
localize,#subtitle_zm_cmcp_obof/zm_cmcp_obof_blkr_ostg_2
localize,#subtitle_zm_cmcp_obof/zm_cmcp_obof_blkr_ostg_3
localize,#subtitle_zm_cmcp_obof/zm_cmcp_obof_blkr_ostg_4
localize,#subtitle_zm_cmcp_obof/zm_cmcp_obof_blkr_ostg_5
localize,#subtitle_zm_cmcp_obof/zm_cmcp_obof_blkr_ostg_6
localize,#subtitle_zm_cmcp_obof/zm_cmcp_obof_blkr_ostg_7
localize,#subtitle_zm_cmcp_obof/zm_cmcp_obof_blkr_ostg_8
localize,#subtitle_zm_cmcp_obof/zm_cmcp_obof_blkr_otrg_1
localize,#subtitle_zm_cmcp_obof/zm_cmcp_obof_blkr_otrg_2
localize,#subtitle_zm_cmcp_obof/zm_cmcp_obof_blkr_otrg_3
localize,#subtitle_zm_cmcp_obof/zm_cmcp_obof_blkr_otrg_4
localize,#subtitle_zm_cmcp_obof/zm_cmcp_obof_blkr_otrg_5
localize,#subtitle_zm_cmcp_obof/zm_cmcp_obof_blkr_otrg_6
localize,#subtitle_zm_cmcp_obof/zm_cmcp_obof_blkr_otrg_7
localize,#subtitle_zm_cmcp_obof/zm_cmcp_obof_blkr_otrg_8
localize,#subtitle_zm_cmcp_obof/zm_cmcp_obof_krft_oanc_1
localize,#subtitle_zm_cmcp_obof/zm_cmcp_obof_krft_oanc_2
localize,#subtitle_zm_cmcp_obof/zm_cmcp_obof_krft_oanc_3
localize,#subtitle_zm_cmcp_obof/zm_cmcp_obof_krft_oanc_4
localize,#subtitle_zm_cmcp_obof/zm_cmcp_obof_krft_oanc_5
localize,#subtitle_zm_cmcp_obof/zm_cmcp_obof_krft_oanc_6
localize,#subtitle_zm_cmcp_obof/zm_cmcp_obof_krft_oanc_7
localize,#subtitle_zm_cmcp_obof/zm_cmcp_obof_krft_oanc_8
localize,#subtitle_zm_cmcp_obof/zm_cmcp_obof_krft_oenr_1
localize,#subtitle_zm_cmcp_obof/zm_cmcp_obof_krft_oenr_2
localize,#subtitle_zm_cmcp_obof/zm_cmcp_obof_krft_oenr_3
localize,#subtitle_zm_cmcp_obof/zm_cmcp_obof_krft_oenr_4
localize,#subtitle_zm_cmcp_obof/zm_cmcp_obof_krft_oenr_5
localize,#subtitle_zm_cmcp_obof/zm_cmcp_obof_krft_oenr_6
localize,#subtitle_zm_cmcp_obof/zm_cmcp_obof_krft_oenr_7
localize,#subtitle_zm_cmcp_obof/zm_cmcp_obof_krft_oenr_8
localize,#subtitle_zm_cmcp_obof/zm_cmcp_obof_krft_ost1_1
localize,#subtitle_zm_cmcp_obof/zm_cmcp_obof_krft_ost1_2
localize,#subtitle_zm_cmcp_obof/zm_cmcp_obof_krft_ost1_3
localize,#subtitle_zm_cmcp_obof/zm_cmcp_obof_krft_ost1_4
localize,#subtitle_zm_cmcp_obof/zm_cmcp_obof_krft_ost3_1
localize,#subtitle_zm_cmcp_obof/zm_cmcp_obof_krft_ost3_2
localize,#subtitle_zm_cmcp_obof/zm_cmcp_obof_krft_ost3_3
localize,#subtitle_zm_cmcp_obof/zm_cmcp_obof_krft_ost3_4
localize,#subtitle_zm_cmcp_obof/zm_cmcp_obof_krtx_o50t_1
localize,#subtitle_zm_cmcp_obof/zm_cmcp_obof_krtx_o50t_2
localize,#subtitle_zm_cmcp_obof/zm_cmcp_obof_krtx_o50t_3
localize,#subtitle_zm_cmcp_obof/zm_cmcp_obof_krtx_o50t_4
localize,#subtitle_zm_cmcp_obof/zm_cmcp_obof_krtx_o50t_5
localize,#subtitle_zm_cmcp_obof/zm_cmcp_obof_krtx_o50t_6
localize,#subtitle_zm_cmcp_obof/zm_cmcp_obof_krtx_o50t_7
localize,#subtitle_zm_cmcp_obof/zm_cmcp_obof_krtx_o50t_8
localize,#subtitle_zm_cmcp_obof/zm_cmcp_obof_krtx_oscs_1
localize,#subtitle_zm_cmcp_obof/zm_cmcp_obof_krtx_oscs_2
localize,#subtitle_zm_cmcp_obof/zm_cmcp_obof_krtx_oscs_3
localize,#subtitle_zm_cmcp_obof/zm_cmcp_obof_krtx_oscs_4
localize,#subtitle_zm_cmcp_obof/zm_cmcp_obof_krtx_oscs_5
localize,#subtitle_zm_cmcp_obof/zm_cmcp_obof_krtx_oscs_6
localize,#subtitle_zm_cmcp_obof/zm_cmcp_obof_krtx_oscs_7
localize,#subtitle_zm_cmcp_obof/zm_cmcp_obof_krtx_oscs_8
localize,#subtitle_zm_cmcp_obof/zm_cmcp_obof_krtx_ost2_1
localize,#subtitle_zm_cmcp_obof/zm_cmcp_obof_krtx_ost2_2
localize,#subtitle_zm_cmcp_obof/zm_cmcp_obof_krtx_ost2_3
localize,#subtitle_zm_cmcp_obof/zm_cmcp_obof_krtx_ost2_4
localize,#subtitle_zm_cmcp_obof/zm_cmcp_obof_krtx_ost2_5
localize,#subtitle_zm_cmcp_obof/zm_cmcp_obof_krtx_ost2_6
localize,#subtitle_zm_cmcp_obof/zm_cmcp_obof_krtx_ost2_7
localize,#subtitle_zm_cmcp_obof/zm_cmcp_obof_krtx_ost2_8
localize,#subtitle_zm_cmcp_obsc/kortifex
localize,#subtitle_zm_cmcp_obsc/krafft
localize,#subtitle_zm_cmcp_obsc/saraxis
localize,#subtitle_zm_cmcp_obsc/von_list
localize,#subtitle_zm_cmcp_obsc/zm_cmcp_obsc_dsrx_s50e_1
localize,#subtitle_zm_cmcp_obsc/zm_cmcp_obsc_dsrx_s50e_2
localize,#subtitle_zm_cmcp_obsc/zm_cmcp_obsc_dsrx_s50e_3
localize,#subtitle_zm_cmcp_obsc/zm_cmcp_obsc_dsrx_s50e_4
localize,#subtitle_zm_cmcp_obsc/zm_cmcp_obsc_dsrx_s50e_5
localize,#subtitle_zm_cmcp_obsc/zm_cmcp_obsc_dsrx_s50e_6
localize,#subtitle_zm_cmcp_obsc/zm_cmcp_obsc_dsrx_s50e_7
localize,#subtitle_zm_cmcp_obsc/zm_cmcp_obsc_dsrx_s50e_8
localize,#subtitle_zm_cmcp_obsc/zm_cmcp_obsc_dsrx_sanr_1
localize,#subtitle_zm_cmcp_obsc/zm_cmcp_obsc_dsrx_sanr_2
localize,#subtitle_zm_cmcp_obsc/zm_cmcp_obsc_dsrx_sanr_3
localize,#subtitle_zm_cmcp_obsc/zm_cmcp_obsc_dsrx_sanr_4
localize,#subtitle_zm_cmcp_obsc/zm_cmcp_obsc_dsrx_sapr_1
localize,#subtitle_zm_cmcp_obsc/zm_cmcp_obsc_dsrx_sapr_2
localize,#subtitle_zm_cmcp_obsc/zm_cmcp_obsc_dsrx_sapr_3
localize,#subtitle_zm_cmcp_obsc/zm_cmcp_obsc_dsrx_sapr_4
localize,#subtitle_zm_cmcp_obsc/zm_cmcp_obsc_dsrx_send_1
localize,#subtitle_zm_cmcp_obsc/zm_cmcp_obsc_dsrx_send_2
localize,#subtitle_zm_cmcp_obsc/zm_cmcp_obsc_dsrx_send_3
localize,#subtitle_zm_cmcp_obsc/zm_cmcp_obsc_dsrx_send_4
localize,#subtitle_zm_cmcp_obsc/zm_cmcp_obsc_dsrx_send_5
localize,#subtitle_zm_cmcp_obsc/zm_cmcp_obsc_dsrx_send_6
localize,#subtitle_zm_cmcp_obsc/zm_cmcp_obsc_dsrx_send_7
localize,#subtitle_zm_cmcp_obsc/zm_cmcp_obsc_dsrx_send_8
localize,#subtitle_zm_cmcp_obsc/zm_cmcp_obsc_dsrx_sobm_1
localize,#subtitle_zm_cmcp_obsc/zm_cmcp_obsc_dsrx_sobm_2
localize,#subtitle_zm_cmcp_obsc/zm_cmcp_obsc_dsrx_sobm_3
localize,#subtitle_zm_cmcp_obsc/zm_cmcp_obsc_dsrx_sobm_4
localize,#subtitle_zm_cmcp_obsc/zm_cmcp_obsc_dsrx_sobm_5
localize,#subtitle_zm_cmcp_obsc/zm_cmcp_obsc_dsrx_sobm_6
localize,#subtitle_zm_cmcp_obsc/zm_cmcp_obsc_dsrx_sobm_7
localize,#subtitle_zm_cmcp_obsc/zm_cmcp_obsc_dsrx_sobm_8
localize,#subtitle_zm_cmcp_obsc/zm_cmcp_obsc_dsrx_ss1r_1
localize,#subtitle_zm_cmcp_obsc/zm_cmcp_obsc_dsrx_ss1r_2
localize,#subtitle_zm_cmcp_obsc/zm_cmcp_obsc_dsrx_ss1r_3
localize,#subtitle_zm_cmcp_obsc/zm_cmcp_obsc_dsrx_ss1r_4
localize,#subtitle_zm_cmcp_obsc/zm_cmcp_obsc_dsrx_ss2r_1
localize,#subtitle_zm_cmcp_obsc/zm_cmcp_obsc_dsrx_ss2r_2
localize,#subtitle_zm_cmcp_obsc/zm_cmcp_obsc_dsrx_ss2r_3
localize,#subtitle_zm_cmcp_obsc/zm_cmcp_obsc_dsrx_ss2r_4
localize,#subtitle_zm_cmcp_obsc/zm_cmcp_obsc_dsrx_ss3r_1
localize,#subtitle_zm_cmcp_obsc/zm_cmcp_obsc_dsrx_ss3r_2
localize,#subtitle_zm_cmcp_obsc/zm_cmcp_obsc_dsrx_ss3r_3
localize,#subtitle_zm_cmcp_obsc/zm_cmcp_obsc_dsrx_ss3r_4
localize,#subtitle_zm_cmcp_obsc/zm_cmcp_obsc_dsrx_sscs_1
localize,#subtitle_zm_cmcp_obsc/zm_cmcp_obsc_dsrx_sscs_2
localize,#subtitle_zm_cmcp_obsc/zm_cmcp_obsc_dsrx_sscs_3
localize,#subtitle_zm_cmcp_obsc/zm_cmcp_obsc_dsrx_sscs_4
localize,#subtitle_zm_cmcp_obsc/zm_cmcp_obsc_dsrx_sscs_5
localize,#subtitle_zm_cmcp_obsc/zm_cmcp_obsc_dsrx_sscs_6
localize,#subtitle_zm_cmcp_obsc/zm_cmcp_obsc_dsrx_sscs_7
localize,#subtitle_zm_cmcp_obsc/zm_cmcp_obsc_dsrx_sscs_8
localize,#subtitle_zm_cmcp_obsc/zm_cmcp_obsc_dsrx_sstg_1
localize,#subtitle_zm_cmcp_obsc/zm_cmcp_obsc_dsrx_sstg_2
localize,#subtitle_zm_cmcp_obsc/zm_cmcp_obsc_dsrx_sstg_3
localize,#subtitle_zm_cmcp_obsc/zm_cmcp_obsc_dsrx_sstg_4
localize,#subtitle_zm_cmcp_obsc/zm_cmcp_obsc_dsrx_sstg_5
localize,#subtitle_zm_cmcp_obsc/zm_cmcp_obsc_dsrx_sstg_6
localize,#subtitle_zm_cmcp_obsc/zm_cmcp_obsc_dsrx_sstg_7
localize,#subtitle_zm_cmcp_obsc/zm_cmcp_obsc_dsrx_sstg_8
localize,#subtitle_zm_cmcp_obsc/zm_cmcp_obsc_dsrx_strg_1
localize,#subtitle_zm_cmcp_obsc/zm_cmcp_obsc_dsrx_strg_2
localize,#subtitle_zm_cmcp_obsc/zm_cmcp_obsc_dsrx_strg_3
localize,#subtitle_zm_cmcp_obsc/zm_cmcp_obsc_dsrx_strg_4
localize,#subtitle_zm_cmcp_obsc/zm_cmcp_obsc_dsrx_strg_5
localize,#subtitle_zm_cmcp_obsc/zm_cmcp_obsc_dsrx_strg_6
localize,#subtitle_zm_cmcp_obsc/zm_cmcp_obsc_dsrx_strg_7
localize,#subtitle_zm_cmcp_obsc/zm_cmcp_obsc_dsrx_strg_8
localize,#subtitle_zm_cmcp_obsc/zm_cmcp_obsc_krft_sanc_1
localize,#subtitle_zm_cmcp_obsc/zm_cmcp_obsc_krft_sanc_2
localize,#subtitle_zm_cmcp_obsc/zm_cmcp_obsc_krft_sanc_3
localize,#subtitle_zm_cmcp_obsc/zm_cmcp_obsc_krft_sanc_4
localize,#subtitle_zm_cmcp_obsc/zm_cmcp_obsc_krft_sanc_5
localize,#subtitle_zm_cmcp_obsc/zm_cmcp_obsc_krft_sanc_6
localize,#subtitle_zm_cmcp_obsc/zm_cmcp_obsc_krft_sanc_7
localize,#subtitle_zm_cmcp_obsc/zm_cmcp_obsc_krft_sanc_8
localize,#subtitle_zm_cmcp_obsc/zm_cmcp_obsc_krft_senr_1
localize,#subtitle_zm_cmcp_obsc/zm_cmcp_obsc_krft_senr_2
localize,#subtitle_zm_cmcp_obsc/zm_cmcp_obsc_krft_senr_3
localize,#subtitle_zm_cmcp_obsc/zm_cmcp_obsc_krft_senr_4
localize,#subtitle_zm_cmcp_obsc/zm_cmcp_obsc_krft_senr_5
localize,#subtitle_zm_cmcp_obsc/zm_cmcp_obsc_krft_senr_6
localize,#subtitle_zm_cmcp_obsc/zm_cmcp_obsc_krft_senr_7
localize,#subtitle_zm_cmcp_obsc/zm_cmcp_obsc_krft_senr_8
localize,#subtitle_zm_cmcp_obsc/zm_cmcp_obsc_krft_sst1_1
localize,#subtitle_zm_cmcp_obsc/zm_cmcp_obsc_krft_sst1_2
localize,#subtitle_zm_cmcp_obsc/zm_cmcp_obsc_krft_sst1_3
localize,#subtitle_zm_cmcp_obsc/zm_cmcp_obsc_krft_sst1_4
localize,#subtitle_zm_cmcp_obsc/zm_cmcp_obsc_krft_sst2_1
localize,#subtitle_zm_cmcp_obsc/zm_cmcp_obsc_krft_sst2_2
localize,#subtitle_zm_cmcp_obsc/zm_cmcp_obsc_krft_sst2_3
localize,#subtitle_zm_cmcp_obsc/zm_cmcp_obsc_krft_sst2_4
localize,#subtitle_zm_cmcp_obsc/zm_cmcp_obsc_krtx_s25t_1
localize,#subtitle_zm_cmcp_obsc/zm_cmcp_obsc_krtx_s25t_2
localize,#subtitle_zm_cmcp_obsc/zm_cmcp_obsc_krtx_s25t_3
localize,#subtitle_zm_cmcp_obsc/zm_cmcp_obsc_krtx_s25t_4
localize,#subtitle_zm_cmcp_obsc/zm_cmcp_obsc_krtx_s25t_5
localize,#subtitle_zm_cmcp_obsc/zm_cmcp_obsc_krtx_s25t_6
localize,#subtitle_zm_cmcp_obsc/zm_cmcp_obsc_krtx_s25t_7
localize,#subtitle_zm_cmcp_obsc/zm_cmcp_obsc_krtx_s25t_8
localize,#subtitle_zm_cmcp_obsc/zm_cmcp_obsc_vlst_s75t_1
localize,#subtitle_zm_cmcp_obsc/zm_cmcp_obsc_vlst_s75t_2
localize,#subtitle_zm_cmcp_obsc/zm_cmcp_obsc_vlst_s75t_3
localize,#subtitle_zm_cmcp_obsc/zm_cmcp_obsc_vlst_s75t_4
localize,#subtitle_zm_cmcp_obsc/zm_cmcp_obsc_vlst_s75t_5
localize,#subtitle_zm_cmcp_obsc/zm_cmcp_obsc_vlst_s75t_6
localize,#subtitle_zm_cmcp_obsc/zm_cmcp_obsc_vlst_s75t_7
localize,#subtitle_zm_cmcp_obsc/zm_cmcp_obsc_vlst_s75t_8
localize,#subtitle_zm_cmcp_obsc/zm_cmcp_obsc_vlst_sst3_1
localize,#subtitle_zm_cmcp_obsc/zm_cmcp_obsc_vlst_sst3_2
localize,#subtitle_zm_cmcp_obsc/zm_cmcp_obsc_vlst_sst3_3
localize,#subtitle_zm_cmcp_obsc/zm_cmcp_obsc_vlst_sst3_4
localize,#subtitle_zm_cmcp_rbzg/bellekar
localize,#subtitle_zm_cmcp_rbzg/inviktor
localize,#subtitle_zm_cmcp_rbzg/krafft
localize,#subtitle_zm_cmcp_rbzg/norticus
localize,#subtitle_zm_cmcp_rbzg/saraxis
localize,#subtitle_zm_cmcp_rbzg/vercanna
localize,#subtitle_zm_cmcp_rbzg/zm_cpm4_rbm4_blkr_mgg1
localize,#subtitle_zm_cmcp_rbzg/zm_cpm4_rbm4_blkr_mgg2
localize,#subtitle_zm_cmcp_rbzg/zm_cpm4_rbm4_blkr_mgg3
localize,#subtitle_zm_cmcp_rbzg/zm_cpm4_rbm4_blkr_mgg4
localize,#subtitle_zm_cmcp_rbzg/zm_cpm4_rbm4_dnrt_mgi1
localize,#subtitle_zm_cmcp_rbzg/zm_cpm4_rbm4_dnrt_mgi2
localize,#subtitle_zm_cmcp_rbzg/zm_cpm4_rbm4_dnrt_mgi3
localize,#subtitle_zm_cmcp_rbzg/zm_cpm4_rbm4_dnrt_mgi4
localize,#subtitle_zm_cmcp_rbzg/zm_cpm4_rbm4_dnvk_mgj1
localize,#subtitle_zm_cmcp_rbzg/zm_cpm4_rbm4_dnvk_mgj2
localize,#subtitle_zm_cmcp_rbzg/zm_cpm4_rbm4_dnvk_mgj3
localize,#subtitle_zm_cmcp_rbzg/zm_cpm4_rbm4_dnvk_mgj4
localize,#subtitle_zm_cmcp_rbzg/zm_cpm4_rbm4_dsrx_mgk1
localize,#subtitle_zm_cmcp_rbzg/zm_cpm4_rbm4_dsrx_mgk2
localize,#subtitle_zm_cmcp_rbzg/zm_cpm4_rbm4_dsrx_mgk3
localize,#subtitle_zm_cmcp_rbzg/zm_cpm4_rbm4_dsrx_mgk4
localize,#subtitle_zm_cmcp_rbzg/zm_cpm4_rbm4_krft_mgp0
localize,#subtitle_zm_cmcp_rbzg/zm_cpm4_rbm4_krft_mgp1
localize,#subtitle_zm_cmcp_rbzg/zm_cpm4_rbm4_krft_mgp2
localize,#subtitle_zm_cmcp_rbzg/zm_cpm4_rbm4_krft_mgp3
localize,#subtitle_zm_cmcp_rbzg/zm_cpm4_rbm4_krft_mgp4
localize,#subtitle_zm_cmcp_rbzg/zm_cpm4_rbm4_krft_mgp5
localize,#subtitle_zm_cmcp_rbzg/zm_cpm4_rbm4_krft_mgp6
localize,#subtitle_zm_cmcp_rbzg/zm_cpm4_rbm4_krft_mgp7
localize,#subtitle_zm_cmcp_rbzg/zm_cpm4_rbm4_krft_mgp8
localize,#subtitle_zm_cmcp_rbzg/zm_cpm4_rbm4_krft_mgp9
localize,#subtitle_zm_cmcp_rbzg/zm_cpm4_rbm4_krft_mgq0
localize,#subtitle_zm_cmcp_rbzg/zm_cpm4_rbm4_krft_mgq1
localize,#subtitle_zm_cmcp_rbzg/zm_cpm4_rbm4_krft_mgq2
localize,#subtitle_zm_cmcp_rbzg/zm_cpm4_rbm4_krft_mgq3
localize,#subtitle_zm_cmcp_rbzg/zm_cpm4_rbm4_krft_mgq4
localize,#subtitle_zm_cmcp_rbzg/zm_cpm4_rbm4_krft_mgq5
localize,#subtitle_zm_cmcp_rbzg/zm_cpm4_rbm4_krft_mgq6
localize,#subtitle_zm_cmcp_rbzg/zm_cpm4_rbm4_krft_mgq7
localize,#subtitle_zm_cmcp_rbzg/zm_cpm4_rbm4_krft_mgq8
localize,#subtitle_zm_cmcp_rbzg/zm_cpm4_rbm4_krft_mgq9
localize,#subtitle_zm_cmcp_rbzg/zm_cpm4_rbm4_vrcn_mgh1
localize,#subtitle_zm_cmcp_rbzg/zm_cpm4_rbm4_vrcn_mgh2
localize,#subtitle_zm_cmcp_rbzg/zm_cpm4_rbm4_vrcn_mgh3
localize,#subtitle_zm_cmcp_rbzg/zm_cpm4_rbm4_vrcn_mgh4
localize,#subtitle_zm_cmcp_rbzg/zm_cpm4_rbm4_vrcn_mgl0
localize,#subtitle_zm_cmcp_rbzg/zm_cpm4_rbm4_vrcn_mgl1
localize,#subtitle_zm_cmcp_rbzg/zm_cpm4_rbm4_vrcn_mgl2
localize,#subtitle_zm_cmcp_rbzg/zm_cpm4_rbm4_vrcn_mgl3
localize,#subtitle_zm_cmcp_rbzg/zm_cpm4_rbm4_vrcn_mgl4
localize,#subtitle_zm_cmcp_rbzg/zm_cpm4_rbm4_vrcn_mgl5
localize,#subtitle_zm_cmcp_rbzg/zm_cpm4_rbm4_vrcn_mgl6
localize,#subtitle_zm_cmcp_rbzg/zm_cpm4_rbm4_vrcn_mgl7
localize,#subtitle_zm_cmcp_rbzg/zm_cpm4_rbm4_vrcn_mgl8
localize,#subtitle_zm_cmcp_rbzg/zm_cpm4_rbm4_vrcn_mgl9
localize,#subtitle_zm_cp45_zikn/ikenna_olowe
localize,#subtitle_zm_cp45_zikn/zm_cp45_zikn_iken_arpl_1
localize,#subtitle_zm_cp45_zikn/zm_cp45_zikn_iken_arpl_10
localize,#subtitle_zm_cp45_zikn/zm_cp45_zikn_iken_arpl_2
localize,#subtitle_zm_cp45_zikn/zm_cp45_zikn_iken_arpl_3
localize,#subtitle_zm_cp45_zikn/zm_cp45_zikn_iken_arpl_4
localize,#subtitle_zm_cp45_zikn/zm_cp45_zikn_iken_arpl_5
localize,#subtitle_zm_cp45_zikn/zm_cp45_zikn_iken_arpl_6
localize,#subtitle_zm_cp45_zikn/zm_cp45_zikn_iken_arpl_7
localize,#subtitle_zm_cp45_zikn/zm_cp45_zikn_iken_arpl_8
localize,#subtitle_zm_cp45_zikn/zm_cp45_zikn_iken_arpl_9
localize,#subtitle_zm_cp45_zikn/zm_cp45_zikn_iken_atkz_1
localize,#subtitle_zm_cp45_zikn/zm_cp45_zikn_iken_atkz_10
localize,#subtitle_zm_cp45_zikn/zm_cp45_zikn_iken_atkz_2
localize,#subtitle_zm_cp45_zikn/zm_cp45_zikn_iken_atkz_3
localize,#subtitle_zm_cp45_zikn/zm_cp45_zikn_iken_atkz_4
localize,#subtitle_zm_cp45_zikn/zm_cp45_zikn_iken_atkz_5
localize,#subtitle_zm_cp45_zikn/zm_cp45_zikn_iken_atkz_6
localize,#subtitle_zm_cp45_zikn/zm_cp45_zikn_iken_atkz_7
localize,#subtitle_zm_cp45_zikn/zm_cp45_zikn_iken_atkz_8
localize,#subtitle_zm_cp45_zikn/zm_cp45_zikn_iken_atkz_9
localize,#subtitle_zm_cp45_zikn/zm_cp45_zikn_iken_kmnk_1
localize,#subtitle_zm_cp45_zikn/zm_cp45_zikn_iken_kmnk_2
localize,#subtitle_zm_cp45_zikn/zm_cp45_zikn_iken_kmnk_3
localize,#subtitle_zm_cp45_zikn/zm_cp45_zikn_iken_kmnk_4
localize,#subtitle_zm_cp45_zikn/zm_cp45_zikn_iken_kmnk_5
localize,#subtitle_zm_cp45_zikn/zm_cp45_zikn_iken_kmnk_6
localize,#subtitle_zm_cp45_zikn/zm_cp45_zikn_iken_kzcl_1
localize,#subtitle_zm_cp45_zikn/zm_cp45_zikn_iken_kzcl_10
localize,#subtitle_zm_cp45_zikn/zm_cp45_zikn_iken_kzcl_2
localize,#subtitle_zm_cp45_zikn/zm_cp45_zikn_iken_kzcl_3
localize,#subtitle_zm_cp45_zikn/zm_cp45_zikn_iken_kzcl_4
localize,#subtitle_zm_cp45_zikn/zm_cp45_zikn_iken_kzcl_5
localize,#subtitle_zm_cp45_zikn/zm_cp45_zikn_iken_kzcl_6
localize,#subtitle_zm_cp45_zikn/zm_cp45_zikn_iken_kzcl_7
localize,#subtitle_zm_cp45_zikn/zm_cp45_zikn_iken_kzcl_8
localize,#subtitle_zm_cp45_zikn/zm_cp45_zikn_iken_kzcl_9
localize,#subtitle_zm_cp45_zikn/zm_cp45_zikn_iken_kzhs_1
localize,#subtitle_zm_cp45_zikn/zm_cp45_zikn_iken_kzhs_10
localize,#subtitle_zm_cp45_zikn/zm_cp45_zikn_iken_kzhs_2
localize,#subtitle_zm_cp45_zikn/zm_cp45_zikn_iken_kzhs_3
localize,#subtitle_zm_cp45_zikn/zm_cp45_zikn_iken_kzhs_4
localize,#subtitle_zm_cp45_zikn/zm_cp45_zikn_iken_kzhs_5
localize,#subtitle_zm_cp45_zikn/zm_cp45_zikn_iken_kzhs_6
localize,#subtitle_zm_cp45_zikn/zm_cp45_zikn_iken_kzhs_7
localize,#subtitle_zm_cp45_zikn/zm_cp45_zikn_iken_kzhs_8
localize,#subtitle_zm_cp45_zikn/zm_cp45_zikn_iken_kzhs_9
localize,#subtitle_zm_cp45_zikn/zm_cp45_zikn_iken_kzjg_1
localize,#subtitle_zm_cp45_zikn/zm_cp45_zikn_iken_kzjg_10
localize,#subtitle_zm_cp45_zikn/zm_cp45_zikn_iken_kzjg_2
localize,#subtitle_zm_cp45_zikn/zm_cp45_zikn_iken_kzjg_3
localize,#subtitle_zm_cp45_zikn/zm_cp45_zikn_iken_kzjg_4
localize,#subtitle_zm_cp45_zikn/zm_cp45_zikn_iken_kzjg_5
localize,#subtitle_zm_cp45_zikn/zm_cp45_zikn_iken_kzjg_6
localize,#subtitle_zm_cp45_zikn/zm_cp45_zikn_iken_kzjg_7
localize,#subtitle_zm_cp45_zikn/zm_cp45_zikn_iken_kzjg_8
localize,#subtitle_zm_cp45_zikn/zm_cp45_zikn_iken_kzjg_9
localize,#subtitle_zm_cp45_zikn/zm_cp45_zikn_iken_kzks_1
localize,#subtitle_zm_cp45_zikn/zm_cp45_zikn_iken_kzks_10
localize,#subtitle_zm_cp45_zikn/zm_cp45_zikn_iken_kzks_2
localize,#subtitle_zm_cp45_zikn/zm_cp45_zikn_iken_kzks_3
localize,#subtitle_zm_cp45_zikn/zm_cp45_zikn_iken_kzks_4
localize,#subtitle_zm_cp45_zikn/zm_cp45_zikn_iken_kzks_5
localize,#subtitle_zm_cp45_zikn/zm_cp45_zikn_iken_kzks_6
localize,#subtitle_zm_cp45_zikn/zm_cp45_zikn_iken_kzks_7
localize,#subtitle_zm_cp45_zikn/zm_cp45_zikn_iken_kzks_8
localize,#subtitle_zm_cp45_zikn/zm_cp45_zikn_iken_kzks_9
localize,#subtitle_zm_cp45_zikn/zm_cp45_zikn_iken_kzrv_1
localize,#subtitle_zm_cp45_zikn/zm_cp45_zikn_iken_kzrv_10
localize,#subtitle_zm_cp45_zikn/zm_cp45_zikn_iken_kzrv_2
localize,#subtitle_zm_cp45_zikn/zm_cp45_zikn_iken_kzrv_3
localize,#subtitle_zm_cp45_zikn/zm_cp45_zikn_iken_kzrv_4
localize,#subtitle_zm_cp45_zikn/zm_cp45_zikn_iken_kzrv_5
localize,#subtitle_zm_cp45_zikn/zm_cp45_zikn_iken_kzrv_6
localize,#subtitle_zm_cp45_zikn/zm_cp45_zikn_iken_kzrv_7
localize,#subtitle_zm_cp45_zikn/zm_cp45_zikn_iken_kzrv_8
localize,#subtitle_zm_cp45_zikn/zm_cp45_zikn_iken_kzrv_9
localize,#subtitle_zm_cp45_zikn/zm_cp45_zikn_iken_kzsu_1
localize,#subtitle_zm_cp45_zikn/zm_cp45_zikn_iken_kzsu_10
localize,#subtitle_zm_cp45_zikn/zm_cp45_zikn_iken_kzsu_2
localize,#subtitle_zm_cp45_zikn/zm_cp45_zikn_iken_kzsu_3
localize,#subtitle_zm_cp45_zikn/zm_cp45_zikn_iken_kzsu_4
localize,#subtitle_zm_cp45_zikn/zm_cp45_zikn_iken_kzsu_5
localize,#subtitle_zm_cp45_zikn/zm_cp45_zikn_iken_kzsu_6
localize,#subtitle_zm_cp45_zikn/zm_cp45_zikn_iken_kzsu_7
localize,#subtitle_zm_cp45_zikn/zm_cp45_zikn_iken_kzsu_8
localize,#subtitle_zm_cp45_zikn/zm_cp45_zikn_iken_kzsu_9
localize,#subtitle_zm_cp45_zikn/zm_cp45_zikn_iken_pitm_1
localize,#subtitle_zm_cp45_zikn/zm_cp45_zikn_iken_pitm_10
localize,#subtitle_zm_cp45_zikn/zm_cp45_zikn_iken_pitm_2
localize,#subtitle_zm_cp45_zikn/zm_cp45_zikn_iken_pitm_3
localize,#subtitle_zm_cp45_zikn/zm_cp45_zikn_iken_pitm_4
localize,#subtitle_zm_cp45_zikn/zm_cp45_zikn_iken_pitm_5
localize,#subtitle_zm_cp45_zikn/zm_cp45_zikn_iken_pitm_6
localize,#subtitle_zm_cp45_zikn/zm_cp45_zikn_iken_pitm_7
localize,#subtitle_zm_cp45_zikn/zm_cp45_zikn_iken_pitm_8
localize,#subtitle_zm_cp45_zikn/zm_cp45_zikn_iken_pitm_9
localize,#subtitle_zm_cp45_zikn/zm_cp45_zikn_iken_plmg_1
localize,#subtitle_zm_cp45_zikn/zm_cp45_zikn_iken_plmg_2
localize,#subtitle_zm_cp45_zikn/zm_cp45_zikn_iken_plmg_3
localize,#subtitle_zm_cp45_zikn/zm_cp45_zikn_iken_plmg_4
localize,#subtitle_zm_cp45_zikn/zm_cp45_zikn_iken_plmg_5
localize,#subtitle_zm_cp45_zikn/zm_cp45_zikn_iken_pmel_1
localize,#subtitle_zm_cp45_zikn/zm_cp45_zikn_iken_pmel_2
localize,#subtitle_zm_cp45_zikn/zm_cp45_zikn_iken_pmel_3
localize,#subtitle_zm_cp45_zikn/zm_cp45_zikn_iken_pmel_4
localize,#subtitle_zm_cp45_zikn/zm_cp45_zikn_iken_pmel_5
localize,#subtitle_zm_cp45_zikn/zm_cp45_zikn_iken_pmrk_1
localize,#subtitle_zm_cp45_zikn/zm_cp45_zikn_iken_pmrk_2
localize,#subtitle_zm_cp45_zikn/zm_cp45_zikn_iken_pmrk_3
localize,#subtitle_zm_cp45_zikn/zm_cp45_zikn_iken_pmrk_4
localize,#subtitle_zm_cp45_zikn/zm_cp45_zikn_iken_pmrk_5
localize,#subtitle_zm_cp45_zikn/zm_cp45_zikn_iken_psht_1
localize,#subtitle_zm_cp45_zikn/zm_cp45_zikn_iken_psht_2
localize,#subtitle_zm_cp45_zikn/zm_cp45_zikn_iken_psht_3
localize,#subtitle_zm_cp45_zikn/zm_cp45_zikn_iken_psht_4
localize,#subtitle_zm_cp45_zikn/zm_cp45_zikn_iken_psht_5
localize,#subtitle_zm_cp45_zikn/zm_cp45_zikn_iken_psmg_1
localize,#subtitle_zm_cp45_zikn/zm_cp45_zikn_iken_psmg_2
localize,#subtitle_zm_cp45_zikn/zm_cp45_zikn_iken_psmg_3
localize,#subtitle_zm_cp45_zikn/zm_cp45_zikn_iken_psmg_4
localize,#subtitle_zm_cp45_zikn/zm_cp45_zikn_iken_psmg_5
localize,#subtitle_zm_cp45_zikn/zm_cp45_zikn_iken_psnp_1
localize,#subtitle_zm_cp45_zikn/zm_cp45_zikn_iken_psnp_2
localize,#subtitle_zm_cp45_zikn/zm_cp45_zikn_iken_psnp_3
localize,#subtitle_zm_cp45_zikn/zm_cp45_zikn_iken_psnp_4
localize,#subtitle_zm_cp45_zikn/zm_cp45_zikn_iken_psnp_5
localize,#subtitle_zm_cp45_zikn/zm_cp45_zikn_iken_pwar_1
localize,#subtitle_zm_cp45_zikn/zm_cp45_zikn_iken_pwar_2
localize,#subtitle_zm_cp45_zikn/zm_cp45_zikn_iken_pwar_3
localize,#subtitle_zm_cp45_zikn/zm_cp45_zikn_iken_pwar_4
localize,#subtitle_zm_cp45_zikn/zm_cp45_zikn_iken_pwar_5
localize,#subtitle_zm_cp45_zikn/zm_cp45_zikn_iken_pwpn_1
localize,#subtitle_zm_cp45_zikn/zm_cp45_zikn_iken_pwpn_2
localize,#subtitle_zm_cp45_zikn/zm_cp45_zikn_iken_pwpn_3
localize,#subtitle_zm_cp45_zikn/zm_cp45_zikn_iken_pwpn_4
localize,#subtitle_zm_cp45_zikn/zm_cp45_zikn_iken_pwpn_5
localize,#subtitle_zm_cp45_zikn/zm_cp45_zikn_iken_raup_1
localize,#subtitle_zm_cp45_zikn/zm_cp45_zikn_iken_raup_10
localize,#subtitle_zm_cp45_zikn/zm_cp45_zikn_iken_raup_2
localize,#subtitle_zm_cp45_zikn/zm_cp45_zikn_iken_raup_3
localize,#subtitle_zm_cp45_zikn/zm_cp45_zikn_iken_raup_4
localize,#subtitle_zm_cp45_zikn/zm_cp45_zikn_iken_raup_5
localize,#subtitle_zm_cp45_zikn/zm_cp45_zikn_iken_raup_6
localize,#subtitle_zm_cp45_zikn/zm_cp45_zikn_iken_raup_7
localize,#subtitle_zm_cp45_zikn/zm_cp45_zikn_iken_raup_8
localize,#subtitle_zm_cp45_zikn/zm_cp45_zikn_iken_raup_9
localize,#subtitle_zm_cp45_zikn/zm_cp45_zikn_iken_rcvn_1
localize,#subtitle_zm_cp45_zikn/zm_cp45_zikn_iken_rcvn_10
localize,#subtitle_zm_cp45_zikn/zm_cp45_zikn_iken_rcvn_2
localize,#subtitle_zm_cp45_zikn/zm_cp45_zikn_iken_rcvn_3
localize,#subtitle_zm_cp45_zikn/zm_cp45_zikn_iken_rcvn_4
localize,#subtitle_zm_cp45_zikn/zm_cp45_zikn_iken_rcvn_5
localize,#subtitle_zm_cp45_zikn/zm_cp45_zikn_iken_rcvn_6
localize,#subtitle_zm_cp45_zikn/zm_cp45_zikn_iken_rcvn_7
localize,#subtitle_zm_cp45_zikn/zm_cp45_zikn_iken_rcvn_8
localize,#subtitle_zm_cp45_zikn/zm_cp45_zikn_iken_rcvn_9
localize,#subtitle_zm_cp45_zikn/zm_cp45_zikn_iken_rdwn_1
localize,#subtitle_zm_cp45_zikn/zm_cp45_zikn_iken_rdwn_2
localize,#subtitle_zm_cp45_zikn/zm_cp45_zikn_iken_rdwn_3
localize,#subtitle_zm_cp45_zikn/zm_cp45_zikn_iken_rdwn_4
localize,#subtitle_zm_cp45_zikn/zm_cp45_zikn_iken_rdwn_5
localize,#subtitle_zm_cp45_zikn/zm_cp45_zikn_iken_rdwn_6
localize,#subtitle_zm_cp45_zikn/zm_cp45_zikn_iken_rdwn_7
localize,#subtitle_zm_cp45_zikn/zm_cp45_zikn_iken_rdwn_8
localize,#subtitle_zm_cp45_zikn/zm_cp45_zikn_iken_rplr_1
localize,#subtitle_zm_cp45_zikn/zm_cp45_zikn_iken_rplr_10
localize,#subtitle_zm_cp45_zikn/zm_cp45_zikn_iken_rplr_2
localize,#subtitle_zm_cp45_zikn/zm_cp45_zikn_iken_rplr_3
localize,#subtitle_zm_cp45_zikn/zm_cp45_zikn_iken_rplr_4
localize,#subtitle_zm_cp45_zikn/zm_cp45_zikn_iken_rplr_5
localize,#subtitle_zm_cp45_zikn/zm_cp45_zikn_iken_rplr_6
localize,#subtitle_zm_cp45_zikn/zm_cp45_zikn_iken_rplr_7
localize,#subtitle_zm_cp45_zikn/zm_cp45_zikn_iken_rplr_8
localize,#subtitle_zm_cp45_zikn/zm_cp45_zikn_iken_rplr_9
localize,#subtitle_zm_cp45_zikn/zm_cp45_zikn_iken_rprk_1
localize,#subtitle_zm_cp45_zikn/zm_cp45_zikn_iken_rprk_10
localize,#subtitle_zm_cp45_zikn/zm_cp45_zikn_iken_rprk_2
localize,#subtitle_zm_cp45_zikn/zm_cp45_zikn_iken_rprk_3
localize,#subtitle_zm_cp45_zikn/zm_cp45_zikn_iken_rprk_4
localize,#subtitle_zm_cp45_zikn/zm_cp45_zikn_iken_rprk_5
localize,#subtitle_zm_cp45_zikn/zm_cp45_zikn_iken_rprk_6
localize,#subtitle_zm_cp45_zikn/zm_cp45_zikn_iken_rprk_7
localize,#subtitle_zm_cp45_zikn/zm_cp45_zikn_iken_rprk_8
localize,#subtitle_zm_cp45_zikn/zm_cp45_zikn_iken_rprk_9
localize,#subtitle_zm_cp45_zikn/zm_cp45_zikn_iken_rrev_1
localize,#subtitle_zm_cp45_zikn/zm_cp45_zikn_iken_rrev_2
localize,#subtitle_zm_cp45_zikn/zm_cp45_zikn_iken_rrev_3
localize,#subtitle_zm_cp45_zikn/zm_cp45_zikn_iken_rrev_4
localize,#subtitle_zm_cp45_zikn/zm_cp45_zikn_iken_rrev_5
localize,#subtitle_zm_cp45_zikn/zm_cp45_zikn_iken_rrev_6
localize,#subtitle_zm_cp45_zikn/zm_cp45_zikn_iken_rrev_7
localize,#subtitle_zm_cp45_zikn/zm_cp45_zikn_iken_rrev_8
localize,#subtitle_zm_cp45_zikn/zm_cp45_zikn_iken_rrvr_1
localize,#subtitle_zm_cp45_zikn/zm_cp45_zikn_iken_rrvr_2
localize,#subtitle_zm_cp45_zikn/zm_cp45_zikn_iken_rrvr_3
localize,#subtitle_zm_cp45_zikn/zm_cp45_zikn_iken_rrvr_4
localize,#subtitle_zm_cp45_zikn/zm_cp45_zikn_iken_rrvr_5
localize,#subtitle_zm_cp45_zikn/zm_cp45_zikn_iken_rrvr_6
localize,#subtitle_zm_cp45_zikn/zm_cp45_zikn_iken_rrvr_7
localize,#subtitle_zm_cp45_zikn/zm_cp45_zikn_iken_rrvr_8
localize,#subtitle_zm_cp45_zikn/zm_cp45_zikn_iken_sdma_1
localize,#subtitle_zm_cp45_zikn/zm_cp45_zikn_iken_sdma_2
localize,#subtitle_zm_cp45_zikn/zm_cp45_zikn_iken_sdma_3
localize,#subtitle_zm_cp45_zikn/zm_cp45_zikn_iken_sdma_4
localize,#subtitle_zm_cp45_zikn/zm_cp45_zikn_iken_sdmd_1
localize,#subtitle_zm_cp45_zikn/zm_cp45_zikn_iken_sdmd_2
localize,#subtitle_zm_cp45_zikn/zm_cp45_zikn_iken_sdmd_3
localize,#subtitle_zm_cp45_zikn/zm_cp45_zikn_iken_sdmd_4
localize,#subtitle_zm_cp45_zikn/zm_cp45_zikn_iken_sdml_1
localize,#subtitle_zm_cp45_zikn/zm_cp45_zikn_iken_sdml_2
localize,#subtitle_zm_cp45_zikn/zm_cp45_zikn_iken_sdml_3
localize,#subtitle_zm_cp45_zikn/zm_cp45_zikn_iken_sdml_4
localize,#subtitle_zm_cp45_zikn/zm_cp45_zikn_iken_swma_1
localize,#subtitle_zm_cp45_zikn/zm_cp45_zikn_iken_swma_2
localize,#subtitle_zm_cp45_zikn/zm_cp45_zikn_iken_swma_3
localize,#subtitle_zm_cp45_zikn/zm_cp45_zikn_iken_swma_4
localize,#subtitle_zm_cp45_zikn/zm_cp45_zikn_iken_swmd_1
localize,#subtitle_zm_cp45_zikn/zm_cp45_zikn_iken_swmd_2
localize,#subtitle_zm_cp45_zikn/zm_cp45_zikn_iken_swmd_3
localize,#subtitle_zm_cp45_zikn/zm_cp45_zikn_iken_swmd_4
localize,#subtitle_zm_cp45_zikn/zm_cp45_zikn_iken_swml_1
localize,#subtitle_zm_cp45_zikn/zm_cp45_zikn_iken_swml_2
localize,#subtitle_zm_cp45_zikn/zm_cp45_zikn_iken_swml_3
localize,#subtitle_zm_cp45_zikn/zm_cp45_zikn_iken_swml_4
localize,#subtitle_zm_cp45_zikn/zm_cp45_zikn_iken_wcir_1
localize,#subtitle_zm_cp45_zikn/zm_cp45_zikn_iken_wcir_2
localize,#subtitle_zm_cp45_zikn/zm_cp45_zikn_iken_wcir_3
localize,#subtitle_zm_cp45_zikn/zm_cp45_zikn_iken_wcir_4
localize,#subtitle_zm_cp45_zt1k/t1000
localize,#subtitle_zm_cp45_zt1k/zm_cp45_zt1k_t100_arpl_1
localize,#subtitle_zm_cp45_zt1k/zm_cp45_zt1k_t100_arpl_10
localize,#subtitle_zm_cp45_zt1k/zm_cp45_zt1k_t100_arpl_2
localize,#subtitle_zm_cp45_zt1k/zm_cp45_zt1k_t100_arpl_3
localize,#subtitle_zm_cp45_zt1k/zm_cp45_zt1k_t100_arpl_4
localize,#subtitle_zm_cp45_zt1k/zm_cp45_zt1k_t100_arpl_5
localize,#subtitle_zm_cp45_zt1k/zm_cp45_zt1k_t100_arpl_6
localize,#subtitle_zm_cp45_zt1k/zm_cp45_zt1k_t100_arpl_7
localize,#subtitle_zm_cp45_zt1k/zm_cp45_zt1k_t100_arpl_8
localize,#subtitle_zm_cp45_zt1k/zm_cp45_zt1k_t100_arpl_9
localize,#subtitle_zm_cp45_zt1k/zm_cp45_zt1k_t100_atkz_1
localize,#subtitle_zm_cp45_zt1k/zm_cp45_zt1k_t100_atkz_10
localize,#subtitle_zm_cp45_zt1k/zm_cp45_zt1k_t100_atkz_2
localize,#subtitle_zm_cp45_zt1k/zm_cp45_zt1k_t100_atkz_3
localize,#subtitle_zm_cp45_zt1k/zm_cp45_zt1k_t100_atkz_4
localize,#subtitle_zm_cp45_zt1k/zm_cp45_zt1k_t100_atkz_5
localize,#subtitle_zm_cp45_zt1k/zm_cp45_zt1k_t100_atkz_6
localize,#subtitle_zm_cp45_zt1k/zm_cp45_zt1k_t100_atkz_7
localize,#subtitle_zm_cp45_zt1k/zm_cp45_zt1k_t100_atkz_8
localize,#subtitle_zm_cp45_zt1k/zm_cp45_zt1k_t100_atkz_9
localize,#subtitle_zm_cp45_zt1k/zm_cp45_zt1k_t100_kmnk_1
localize,#subtitle_zm_cp45_zt1k/zm_cp45_zt1k_t100_kmnk_2
localize,#subtitle_zm_cp45_zt1k/zm_cp45_zt1k_t100_kmnk_3
localize,#subtitle_zm_cp45_zt1k/zm_cp45_zt1k_t100_kmnk_4
localize,#subtitle_zm_cp45_zt1k/zm_cp45_zt1k_t100_kmnk_5
localize,#subtitle_zm_cp45_zt1k/zm_cp45_zt1k_t100_kmnk_6
localize,#subtitle_zm_cp45_zt1k/zm_cp45_zt1k_t100_kzcl_1
localize,#subtitle_zm_cp45_zt1k/zm_cp45_zt1k_t100_kzcl_10
localize,#subtitle_zm_cp45_zt1k/zm_cp45_zt1k_t100_kzcl_2
localize,#subtitle_zm_cp45_zt1k/zm_cp45_zt1k_t100_kzcl_3
localize,#subtitle_zm_cp45_zt1k/zm_cp45_zt1k_t100_kzcl_4
localize,#subtitle_zm_cp45_zt1k/zm_cp45_zt1k_t100_kzcl_5
localize,#subtitle_zm_cp45_zt1k/zm_cp45_zt1k_t100_kzcl_6
localize,#subtitle_zm_cp45_zt1k/zm_cp45_zt1k_t100_kzcl_7
localize,#subtitle_zm_cp45_zt1k/zm_cp45_zt1k_t100_kzcl_8
localize,#subtitle_zm_cp45_zt1k/zm_cp45_zt1k_t100_kzcl_9
localize,#subtitle_zm_cp45_zt1k/zm_cp45_zt1k_t100_kzhs_1
localize,#subtitle_zm_cp45_zt1k/zm_cp45_zt1k_t100_kzhs_10
localize,#subtitle_zm_cp45_zt1k/zm_cp45_zt1k_t100_kzhs_2
localize,#subtitle_zm_cp45_zt1k/zm_cp45_zt1k_t100_kzhs_3
localize,#subtitle_zm_cp45_zt1k/zm_cp45_zt1k_t100_kzhs_4
localize,#subtitle_zm_cp45_zt1k/zm_cp45_zt1k_t100_kzhs_5
localize,#subtitle_zm_cp45_zt1k/zm_cp45_zt1k_t100_kzhs_6
localize,#subtitle_zm_cp45_zt1k/zm_cp45_zt1k_t100_kzhs_7
localize,#subtitle_zm_cp45_zt1k/zm_cp45_zt1k_t100_kzhs_8
localize,#subtitle_zm_cp45_zt1k/zm_cp45_zt1k_t100_kzhs_9
localize,#subtitle_zm_cp45_zt1k/zm_cp45_zt1k_t100_kzjg_1
localize,#subtitle_zm_cp45_zt1k/zm_cp45_zt1k_t100_kzjg_10
localize,#subtitle_zm_cp45_zt1k/zm_cp45_zt1k_t100_kzjg_2
localize,#subtitle_zm_cp45_zt1k/zm_cp45_zt1k_t100_kzjg_3
localize,#subtitle_zm_cp45_zt1k/zm_cp45_zt1k_t100_kzjg_4
localize,#subtitle_zm_cp45_zt1k/zm_cp45_zt1k_t100_kzjg_5
localize,#subtitle_zm_cp45_zt1k/zm_cp45_zt1k_t100_kzjg_6
localize,#subtitle_zm_cp45_zt1k/zm_cp45_zt1k_t100_kzjg_7
localize,#subtitle_zm_cp45_zt1k/zm_cp45_zt1k_t100_kzjg_8
localize,#subtitle_zm_cp45_zt1k/zm_cp45_zt1k_t100_kzjg_9
localize,#subtitle_zm_cp45_zt1k/zm_cp45_zt1k_t100_kzks_1
localize,#subtitle_zm_cp45_zt1k/zm_cp45_zt1k_t100_kzks_10
localize,#subtitle_zm_cp45_zt1k/zm_cp45_zt1k_t100_kzks_2
localize,#subtitle_zm_cp45_zt1k/zm_cp45_zt1k_t100_kzks_3
localize,#subtitle_zm_cp45_zt1k/zm_cp45_zt1k_t100_kzks_4
localize,#subtitle_zm_cp45_zt1k/zm_cp45_zt1k_t100_kzks_5
localize,#subtitle_zm_cp45_zt1k/zm_cp45_zt1k_t100_kzks_6
localize,#subtitle_zm_cp45_zt1k/zm_cp45_zt1k_t100_kzks_7
localize,#subtitle_zm_cp45_zt1k/zm_cp45_zt1k_t100_kzks_8
localize,#subtitle_zm_cp45_zt1k/zm_cp45_zt1k_t100_kzks_9
localize,#subtitle_zm_cp45_zt1k/zm_cp45_zt1k_t100_kzrv_1
localize,#subtitle_zm_cp45_zt1k/zm_cp45_zt1k_t100_kzrv_10
localize,#subtitle_zm_cp45_zt1k/zm_cp45_zt1k_t100_kzrv_2
localize,#subtitle_zm_cp45_zt1k/zm_cp45_zt1k_t100_kzrv_3
localize,#subtitle_zm_cp45_zt1k/zm_cp45_zt1k_t100_kzrv_4
localize,#subtitle_zm_cp45_zt1k/zm_cp45_zt1k_t100_kzrv_5
localize,#subtitle_zm_cp45_zt1k/zm_cp45_zt1k_t100_kzrv_6
localize,#subtitle_zm_cp45_zt1k/zm_cp45_zt1k_t100_kzrv_7
localize,#subtitle_zm_cp45_zt1k/zm_cp45_zt1k_t100_kzrv_8
localize,#subtitle_zm_cp45_zt1k/zm_cp45_zt1k_t100_kzrv_9
localize,#subtitle_zm_cp45_zt1k/zm_cp45_zt1k_t100_kzsu_1
localize,#subtitle_zm_cp45_zt1k/zm_cp45_zt1k_t100_kzsu_10
localize,#subtitle_zm_cp45_zt1k/zm_cp45_zt1k_t100_kzsu_2
localize,#subtitle_zm_cp45_zt1k/zm_cp45_zt1k_t100_kzsu_3
localize,#subtitle_zm_cp45_zt1k/zm_cp45_zt1k_t100_kzsu_4
localize,#subtitle_zm_cp45_zt1k/zm_cp45_zt1k_t100_kzsu_5
localize,#subtitle_zm_cp45_zt1k/zm_cp45_zt1k_t100_kzsu_6
localize,#subtitle_zm_cp45_zt1k/zm_cp45_zt1k_t100_kzsu_7
localize,#subtitle_zm_cp45_zt1k/zm_cp45_zt1k_t100_kzsu_8
localize,#subtitle_zm_cp45_zt1k/zm_cp45_zt1k_t100_kzsu_9
localize,#subtitle_zm_cp45_zt1k/zm_cp45_zt1k_t100_pitm_1
localize,#subtitle_zm_cp45_zt1k/zm_cp45_zt1k_t100_pitm_10
localize,#subtitle_zm_cp45_zt1k/zm_cp45_zt1k_t100_pitm_2
localize,#subtitle_zm_cp45_zt1k/zm_cp45_zt1k_t100_pitm_3
localize,#subtitle_zm_cp45_zt1k/zm_cp45_zt1k_t100_pitm_4
localize,#subtitle_zm_cp45_zt1k/zm_cp45_zt1k_t100_pitm_5
localize,#subtitle_zm_cp45_zt1k/zm_cp45_zt1k_t100_pitm_6
localize,#subtitle_zm_cp45_zt1k/zm_cp45_zt1k_t100_pitm_7
localize,#subtitle_zm_cp45_zt1k/zm_cp45_zt1k_t100_pitm_8
localize,#subtitle_zm_cp45_zt1k/zm_cp45_zt1k_t100_pitm_9
localize,#subtitle_zm_cp45_zt1k/zm_cp45_zt1k_t100_plmg_1
localize,#subtitle_zm_cp45_zt1k/zm_cp45_zt1k_t100_plmg_2
localize,#subtitle_zm_cp45_zt1k/zm_cp45_zt1k_t100_plmg_3
localize,#subtitle_zm_cp45_zt1k/zm_cp45_zt1k_t100_plmg_4
localize,#subtitle_zm_cp45_zt1k/zm_cp45_zt1k_t100_plmg_5
localize,#subtitle_zm_cp45_zt1k/zm_cp45_zt1k_t100_pmel_1
localize,#subtitle_zm_cp45_zt1k/zm_cp45_zt1k_t100_pmel_2
localize,#subtitle_zm_cp45_zt1k/zm_cp45_zt1k_t100_pmel_3
localize,#subtitle_zm_cp45_zt1k/zm_cp45_zt1k_t100_pmel_4
localize,#subtitle_zm_cp45_zt1k/zm_cp45_zt1k_t100_pmel_5
localize,#subtitle_zm_cp45_zt1k/zm_cp45_zt1k_t100_pmrk_1
localize,#subtitle_zm_cp45_zt1k/zm_cp45_zt1k_t100_pmrk_2
localize,#subtitle_zm_cp45_zt1k/zm_cp45_zt1k_t100_pmrk_3
localize,#subtitle_zm_cp45_zt1k/zm_cp45_zt1k_t100_pmrk_4
localize,#subtitle_zm_cp45_zt1k/zm_cp45_zt1k_t100_pmrk_5
localize,#subtitle_zm_cp45_zt1k/zm_cp45_zt1k_t100_psht_1
localize,#subtitle_zm_cp45_zt1k/zm_cp45_zt1k_t100_psht_2
localize,#subtitle_zm_cp45_zt1k/zm_cp45_zt1k_t100_psht_3
localize,#subtitle_zm_cp45_zt1k/zm_cp45_zt1k_t100_psht_4
localize,#subtitle_zm_cp45_zt1k/zm_cp45_zt1k_t100_psht_5
localize,#subtitle_zm_cp45_zt1k/zm_cp45_zt1k_t100_psmg_1
localize,#subtitle_zm_cp45_zt1k/zm_cp45_zt1k_t100_psmg_2
localize,#subtitle_zm_cp45_zt1k/zm_cp45_zt1k_t100_psmg_3
localize,#subtitle_zm_cp45_zt1k/zm_cp45_zt1k_t100_psmg_4
localize,#subtitle_zm_cp45_zt1k/zm_cp45_zt1k_t100_psmg_5
localize,#subtitle_zm_cp45_zt1k/zm_cp45_zt1k_t100_psnp_1
localize,#subtitle_zm_cp45_zt1k/zm_cp45_zt1k_t100_psnp_2
localize,#subtitle_zm_cp45_zt1k/zm_cp45_zt1k_t100_psnp_3
localize,#subtitle_zm_cp45_zt1k/zm_cp45_zt1k_t100_psnp_4
localize,#subtitle_zm_cp45_zt1k/zm_cp45_zt1k_t100_psnp_5
localize,#subtitle_zm_cp45_zt1k/zm_cp45_zt1k_t100_pwar_1
localize,#subtitle_zm_cp45_zt1k/zm_cp45_zt1k_t100_pwar_2
localize,#subtitle_zm_cp45_zt1k/zm_cp45_zt1k_t100_pwar_3
localize,#subtitle_zm_cp45_zt1k/zm_cp45_zt1k_t100_pwar_4
localize,#subtitle_zm_cp45_zt1k/zm_cp45_zt1k_t100_pwar_5
localize,#subtitle_zm_cp45_zt1k/zm_cp45_zt1k_t100_pwpn_1
localize,#subtitle_zm_cp45_zt1k/zm_cp45_zt1k_t100_pwpn_2
localize,#subtitle_zm_cp45_zt1k/zm_cp45_zt1k_t100_pwpn_3
localize,#subtitle_zm_cp45_zt1k/zm_cp45_zt1k_t100_pwpn_4
localize,#subtitle_zm_cp45_zt1k/zm_cp45_zt1k_t100_pwpn_5
localize,#subtitle_zm_cp45_zt1k/zm_cp45_zt1k_t100_raup_1
localize,#subtitle_zm_cp45_zt1k/zm_cp45_zt1k_t100_raup_10
localize,#subtitle_zm_cp45_zt1k/zm_cp45_zt1k_t100_raup_2
localize,#subtitle_zm_cp45_zt1k/zm_cp45_zt1k_t100_raup_3
localize,#subtitle_zm_cp45_zt1k/zm_cp45_zt1k_t100_raup_4
localize,#subtitle_zm_cp45_zt1k/zm_cp45_zt1k_t100_raup_5
localize,#subtitle_zm_cp45_zt1k/zm_cp45_zt1k_t100_raup_6
localize,#subtitle_zm_cp45_zt1k/zm_cp45_zt1k_t100_raup_7
localize,#subtitle_zm_cp45_zt1k/zm_cp45_zt1k_t100_raup_8
localize,#subtitle_zm_cp45_zt1k/zm_cp45_zt1k_t100_raup_9
localize,#subtitle_zm_cp45_zt1k/zm_cp45_zt1k_t100_rcvn_1
localize,#subtitle_zm_cp45_zt1k/zm_cp45_zt1k_t100_rcvn_10
localize,#subtitle_zm_cp45_zt1k/zm_cp45_zt1k_t100_rcvn_2
localize,#subtitle_zm_cp45_zt1k/zm_cp45_zt1k_t100_rcvn_3
localize,#subtitle_zm_cp45_zt1k/zm_cp45_zt1k_t100_rcvn_4
localize,#subtitle_zm_cp45_zt1k/zm_cp45_zt1k_t100_rcvn_5
localize,#subtitle_zm_cp45_zt1k/zm_cp45_zt1k_t100_rcvn_6
localize,#subtitle_zm_cp45_zt1k/zm_cp45_zt1k_t100_rcvn_7
localize,#subtitle_zm_cp45_zt1k/zm_cp45_zt1k_t100_rcvn_8
localize,#subtitle_zm_cp45_zt1k/zm_cp45_zt1k_t100_rcvn_9
localize,#subtitle_zm_cp45_zt1k/zm_cp45_zt1k_t100_rdwn_1
localize,#subtitle_zm_cp45_zt1k/zm_cp45_zt1k_t100_rdwn_2
localize,#subtitle_zm_cp45_zt1k/zm_cp45_zt1k_t100_rdwn_3
localize,#subtitle_zm_cp45_zt1k/zm_cp45_zt1k_t100_rdwn_4
localize,#subtitle_zm_cp45_zt1k/zm_cp45_zt1k_t100_rdwn_5
localize,#subtitle_zm_cp45_zt1k/zm_cp45_zt1k_t100_rdwn_6
localize,#subtitle_zm_cp45_zt1k/zm_cp45_zt1k_t100_rdwn_7
localize,#subtitle_zm_cp45_zt1k/zm_cp45_zt1k_t100_rdwn_8
localize,#subtitle_zm_cp45_zt1k/zm_cp45_zt1k_t100_rplr_1
localize,#subtitle_zm_cp45_zt1k/zm_cp45_zt1k_t100_rplr_10
localize,#subtitle_zm_cp45_zt1k/zm_cp45_zt1k_t100_rplr_2
localize,#subtitle_zm_cp45_zt1k/zm_cp45_zt1k_t100_rplr_3
localize,#subtitle_zm_cp45_zt1k/zm_cp45_zt1k_t100_rplr_4
localize,#subtitle_zm_cp45_zt1k/zm_cp45_zt1k_t100_rplr_5
localize,#subtitle_zm_cp45_zt1k/zm_cp45_zt1k_t100_rplr_6
localize,#subtitle_zm_cp45_zt1k/zm_cp45_zt1k_t100_rplr_7
localize,#subtitle_zm_cp45_zt1k/zm_cp45_zt1k_t100_rplr_8
localize,#subtitle_zm_cp45_zt1k/zm_cp45_zt1k_t100_rplr_9
localize,#subtitle_zm_cp45_zt1k/zm_cp45_zt1k_t100_rprk_1
localize,#subtitle_zm_cp45_zt1k/zm_cp45_zt1k_t100_rprk_10
localize,#subtitle_zm_cp45_zt1k/zm_cp45_zt1k_t100_rprk_2
localize,#subtitle_zm_cp45_zt1k/zm_cp45_zt1k_t100_rprk_3
localize,#subtitle_zm_cp45_zt1k/zm_cp45_zt1k_t100_rprk_4
localize,#subtitle_zm_cp45_zt1k/zm_cp45_zt1k_t100_rprk_5
localize,#subtitle_zm_cp45_zt1k/zm_cp45_zt1k_t100_rprk_6
localize,#subtitle_zm_cp45_zt1k/zm_cp45_zt1k_t100_rprk_7
localize,#subtitle_zm_cp45_zt1k/zm_cp45_zt1k_t100_rprk_8
localize,#subtitle_zm_cp45_zt1k/zm_cp45_zt1k_t100_rprk_9
localize,#subtitle_zm_cp45_zt1k/zm_cp45_zt1k_t100_rrev_1
localize,#subtitle_zm_cp45_zt1k/zm_cp45_zt1k_t100_rrev_2
localize,#subtitle_zm_cp45_zt1k/zm_cp45_zt1k_t100_rrev_3
localize,#subtitle_zm_cp45_zt1k/zm_cp45_zt1k_t100_rrev_4
localize,#subtitle_zm_cp45_zt1k/zm_cp45_zt1k_t100_rrev_5
localize,#subtitle_zm_cp45_zt1k/zm_cp45_zt1k_t100_rrev_6
localize,#subtitle_zm_cp45_zt1k/zm_cp45_zt1k_t100_rrev_7
localize,#subtitle_zm_cp45_zt1k/zm_cp45_zt1k_t100_rrev_8
localize,#subtitle_zm_cp45_zt1k/zm_cp45_zt1k_t100_rrvr_1
localize,#subtitle_zm_cp45_zt1k/zm_cp45_zt1k_t100_rrvr_2
localize,#subtitle_zm_cp45_zt1k/zm_cp45_zt1k_t100_rrvr_3
localize,#subtitle_zm_cp45_zt1k/zm_cp45_zt1k_t100_rrvr_4
localize,#subtitle_zm_cp45_zt1k/zm_cp45_zt1k_t100_rrvr_5
localize,#subtitle_zm_cp45_zt1k/zm_cp45_zt1k_t100_rrvr_6
localize,#subtitle_zm_cp45_zt1k/zm_cp45_zt1k_t100_rrvr_7
localize,#subtitle_zm_cp45_zt1k/zm_cp45_zt1k_t100_rrvr_8
localize,#subtitle_zm_cp45_zt1k/zm_cp45_zt1k_t100_wcir_1
localize,#subtitle_zm_cp45_zt1k/zm_cp45_zt1k_t100_wcir_2
localize,#subtitle_zm_cp45_zt1k/zm_cp45_zt1k_t100_wcir_3
localize,#subtitle_zm_cp45_zt1k/zm_cp45_zt1k_t100_wcir_4
localize,#subtitle_zm_cp45_zt8c/t800
localize,#subtitle_zm_cp45_zt8c/zm_cp45_zt8c_t800_arpl_1
localize,#subtitle_zm_cp45_zt8c/zm_cp45_zt8c_t800_arpl_2
localize,#subtitle_zm_cp45_zt8c/zm_cp45_zt8c_t800_arpl_3
localize,#subtitle_zm_cp45_zt8c/zm_cp45_zt8c_t800_arpl_4
localize,#subtitle_zm_cp45_zt8c/zm_cp45_zt8c_t800_arpl_5
localize,#subtitle_zm_cp45_zt8c/zm_cp45_zt8c_t800_arpl_6
localize,#subtitle_zm_cp45_zt8c/zm_cp45_zt8c_t800_atkz_1
localize,#subtitle_zm_cp45_zt8c/zm_cp45_zt8c_t800_atkz_2
localize,#subtitle_zm_cp45_zt8c/zm_cp45_zt8c_t800_atkz_3
localize,#subtitle_zm_cp45_zt8c/zm_cp45_zt8c_t800_atkz_4
localize,#subtitle_zm_cp45_zt8c/zm_cp45_zt8c_t800_atkz_5
localize,#subtitle_zm_cp45_zt8c/zm_cp45_zt8c_t800_atkz_6
localize,#subtitle_zm_cp45_zt8c/zm_cp45_zt8c_t800_atkz_7
localize,#subtitle_zm_cp45_zt8c/zm_cp45_zt8c_t800_atkz_8
localize,#subtitle_zm_cp45_zt8c/zm_cp45_zt8c_t800_kmnk_1
localize,#subtitle_zm_cp45_zt8c/zm_cp45_zt8c_t800_kmnk_2
localize,#subtitle_zm_cp45_zt8c/zm_cp45_zt8c_t800_kmnk_3
localize,#subtitle_zm_cp45_zt8c/zm_cp45_zt8c_t800_kzcl_1
localize,#subtitle_zm_cp45_zt8c/zm_cp45_zt8c_t800_kzcl_2
localize,#subtitle_zm_cp45_zt8c/zm_cp45_zt8c_t800_kzcl_3
localize,#subtitle_zm_cp45_zt8c/zm_cp45_zt8c_t800_kzcl_4
localize,#subtitle_zm_cp45_zt8c/zm_cp45_zt8c_t800_kzcl_5
localize,#subtitle_zm_cp45_zt8c/zm_cp45_zt8c_t800_kzcl_6
localize,#subtitle_zm_cp45_zt8c/zm_cp45_zt8c_t800_kzcl_7
localize,#subtitle_zm_cp45_zt8c/zm_cp45_zt8c_t800_kzcl_8
localize,#subtitle_zm_cp45_zt8c/zm_cp45_zt8c_t800_kzhs_1
localize,#subtitle_zm_cp45_zt8c/zm_cp45_zt8c_t800_kzhs_2
localize,#subtitle_zm_cp45_zt8c/zm_cp45_zt8c_t800_kzhs_3
localize,#subtitle_zm_cp45_zt8c/zm_cp45_zt8c_t800_kzhs_4
localize,#subtitle_zm_cp45_zt8c/zm_cp45_zt8c_t800_kzhs_5
localize,#subtitle_zm_cp45_zt8c/zm_cp45_zt8c_t800_kzhs_6
localize,#subtitle_zm_cp45_zt8c/zm_cp45_zt8c_t800_kzhs_7
localize,#subtitle_zm_cp45_zt8c/zm_cp45_zt8c_t800_kzhs_8
localize,#subtitle_zm_cp45_zt8c/zm_cp45_zt8c_t800_kzjg_1
localize,#subtitle_zm_cp45_zt8c/zm_cp45_zt8c_t800_kzjg_2
localize,#subtitle_zm_cp45_zt8c/zm_cp45_zt8c_t800_kzjg_3
localize,#subtitle_zm_cp45_zt8c/zm_cp45_zt8c_t800_kzjg_4
localize,#subtitle_zm_cp45_zt8c/zm_cp45_zt8c_t800_kzjg_5
localize,#subtitle_zm_cp45_zt8c/zm_cp45_zt8c_t800_kzjg_6
localize,#subtitle_zm_cp45_zt8c/zm_cp45_zt8c_t800_kzks_1
localize,#subtitle_zm_cp45_zt8c/zm_cp45_zt8c_t800_kzks_2
localize,#subtitle_zm_cp45_zt8c/zm_cp45_zt8c_t800_kzks_3
localize,#subtitle_zm_cp45_zt8c/zm_cp45_zt8c_t800_kzks_4
localize,#subtitle_zm_cp45_zt8c/zm_cp45_zt8c_t800_kzks_5
localize,#subtitle_zm_cp45_zt8c/zm_cp45_zt8c_t800_kzks_6
localize,#subtitle_zm_cp45_zt8c/zm_cp45_zt8c_t800_kzks_7
localize,#subtitle_zm_cp45_zt8c/zm_cp45_zt8c_t800_kzks_8
localize,#subtitle_zm_cp45_zt8c/zm_cp45_zt8c_t800_kzks_9
localize,#subtitle_zm_cp45_zt8c/zm_cp45_zt8c_t800_kzrv_1
localize,#subtitle_zm_cp45_zt8c/zm_cp45_zt8c_t800_kzrv_2
localize,#subtitle_zm_cp45_zt8c/zm_cp45_zt8c_t800_kzrv_3
localize,#subtitle_zm_cp45_zt8c/zm_cp45_zt8c_t800_kzrv_4
localize,#subtitle_zm_cp45_zt8c/zm_cp45_zt8c_t800_kzrv_5
localize,#subtitle_zm_cp45_zt8c/zm_cp45_zt8c_t800_kzrv_6
localize,#subtitle_zm_cp45_zt8c/zm_cp45_zt8c_t800_kzsu_1
localize,#subtitle_zm_cp45_zt8c/zm_cp45_zt8c_t800_kzsu_2
localize,#subtitle_zm_cp45_zt8c/zm_cp45_zt8c_t800_kzsu_3
localize,#subtitle_zm_cp45_zt8c/zm_cp45_zt8c_t800_kzsu_4
localize,#subtitle_zm_cp45_zt8c/zm_cp45_zt8c_t800_kzsu_5
localize,#subtitle_zm_cp45_zt8c/zm_cp45_zt8c_t800_kzsu_6
localize,#subtitle_zm_cp45_zt8c/zm_cp45_zt8c_t800_pitm_1
localize,#subtitle_zm_cp45_zt8c/zm_cp45_zt8c_t800_pitm_2
localize,#subtitle_zm_cp45_zt8c/zm_cp45_zt8c_t800_pitm_3
localize,#subtitle_zm_cp45_zt8c/zm_cp45_zt8c_t800_pitm_4
localize,#subtitle_zm_cp45_zt8c/zm_cp45_zt8c_t800_pitm_5
localize,#subtitle_zm_cp45_zt8c/zm_cp45_zt8c_t800_pitm_6
localize,#subtitle_zm_cp45_zt8c/zm_cp45_zt8c_t800_pitm_7
localize,#subtitle_zm_cp45_zt8c/zm_cp45_zt8c_t800_plmg_1
localize,#subtitle_zm_cp45_zt8c/zm_cp45_zt8c_t800_plmg_2
localize,#subtitle_zm_cp45_zt8c/zm_cp45_zt8c_t800_plmg_3
localize,#subtitle_zm_cp45_zt8c/zm_cp45_zt8c_t800_plmg_4
localize,#subtitle_zm_cp45_zt8c/zm_cp45_zt8c_t800_pmel_1
localize,#subtitle_zm_cp45_zt8c/zm_cp45_zt8c_t800_pmel_2
localize,#subtitle_zm_cp45_zt8c/zm_cp45_zt8c_t800_pmel_3
localize,#subtitle_zm_cp45_zt8c/zm_cp45_zt8c_t800_pmel_4
localize,#subtitle_zm_cp45_zt8c/zm_cp45_zt8c_t800_pmrk_1
localize,#subtitle_zm_cp45_zt8c/zm_cp45_zt8c_t800_pmrk_2
localize,#subtitle_zm_cp45_zt8c/zm_cp45_zt8c_t800_pmrk_3
localize,#subtitle_zm_cp45_zt8c/zm_cp45_zt8c_t800_pmrk_4
localize,#subtitle_zm_cp45_zt8c/zm_cp45_zt8c_t800_psht_1
localize,#subtitle_zm_cp45_zt8c/zm_cp45_zt8c_t800_psht_2
localize,#subtitle_zm_cp45_zt8c/zm_cp45_zt8c_t800_psht_3
localize,#subtitle_zm_cp45_zt8c/zm_cp45_zt8c_t800_psht_4
localize,#subtitle_zm_cp45_zt8c/zm_cp45_zt8c_t800_psmg_1
localize,#subtitle_zm_cp45_zt8c/zm_cp45_zt8c_t800_psmg_2
localize,#subtitle_zm_cp45_zt8c/zm_cp45_zt8c_t800_psmg_3
localize,#subtitle_zm_cp45_zt8c/zm_cp45_zt8c_t800_psmg_4
localize,#subtitle_zm_cp45_zt8c/zm_cp45_zt8c_t800_psnp_1
localize,#subtitle_zm_cp45_zt8c/zm_cp45_zt8c_t800_psnp_2
localize,#subtitle_zm_cp45_zt8c/zm_cp45_zt8c_t800_psnp_3
localize,#subtitle_zm_cp45_zt8c/zm_cp45_zt8c_t800_pwar_1
localize,#subtitle_zm_cp45_zt8c/zm_cp45_zt8c_t800_pwar_2
localize,#subtitle_zm_cp45_zt8c/zm_cp45_zt8c_t800_pwar_3
localize,#subtitle_zm_cp45_zt8c/zm_cp45_zt8c_t800_pwpn_1
localize,#subtitle_zm_cp45_zt8c/zm_cp45_zt8c_t800_pwpn_2
localize,#subtitle_zm_cp45_zt8c/zm_cp45_zt8c_t800_pwpn_3
localize,#subtitle_zm_cp45_zt8c/zm_cp45_zt8c_t800_pwpn_4
localize,#subtitle_zm_cp45_zt8c/zm_cp45_zt8c_t800_raup_1
localize,#subtitle_zm_cp45_zt8c/zm_cp45_zt8c_t800_raup_2
localize,#subtitle_zm_cp45_zt8c/zm_cp45_zt8c_t800_raup_3
localize,#subtitle_zm_cp45_zt8c/zm_cp45_zt8c_t800_raup_4
localize,#subtitle_zm_cp45_zt8c/zm_cp45_zt8c_t800_raup_5
localize,#subtitle_zm_cp45_zt8c/zm_cp45_zt8c_t800_raup_6
localize,#subtitle_zm_cp45_zt8c/zm_cp45_zt8c_t800_rcvn_1
localize,#subtitle_zm_cp45_zt8c/zm_cp45_zt8c_t800_rcvn_2
localize,#subtitle_zm_cp45_zt8c/zm_cp45_zt8c_t800_rcvn_3
localize,#subtitle_zm_cp45_zt8c/zm_cp45_zt8c_t800_rcvn_4
localize,#subtitle_zm_cp45_zt8c/zm_cp45_zt8c_t800_rcvn_5
localize,#subtitle_zm_cp45_zt8c/zm_cp45_zt8c_t800_rcvn_6
localize,#subtitle_zm_cp45_zt8c/zm_cp45_zt8c_t800_rcvn_7
localize,#subtitle_zm_cp45_zt8c/zm_cp45_zt8c_t800_rdwn_1
localize,#subtitle_zm_cp45_zt8c/zm_cp45_zt8c_t800_rdwn_2
localize,#subtitle_zm_cp45_zt8c/zm_cp45_zt8c_t800_rdwn_3
localize,#subtitle_zm_cp45_zt8c/zm_cp45_zt8c_t800_rdwn_4
localize,#subtitle_zm_cp45_zt8c/zm_cp45_zt8c_t800_rdwn_5
localize,#subtitle_zm_cp45_zt8c/zm_cp45_zt8c_t800_rdwn_6
localize,#subtitle_zm_cp45_zt8c/zm_cp45_zt8c_t800_rdwn_7
localize,#subtitle_zm_cp45_zt8c/zm_cp45_zt8c_t800_rplr_1
localize,#subtitle_zm_cp45_zt8c/zm_cp45_zt8c_t800_rplr_2
localize,#subtitle_zm_cp45_zt8c/zm_cp45_zt8c_t800_rplr_3
localize,#subtitle_zm_cp45_zt8c/zm_cp45_zt8c_t800_rplr_4
localize,#subtitle_zm_cp45_zt8c/zm_cp45_zt8c_t800_rplr_5
localize,#subtitle_zm_cp45_zt8c/zm_cp45_zt8c_t800_rplr_6
localize,#subtitle_zm_cp45_zt8c/zm_cp45_zt8c_t800_rplr_7
localize,#subtitle_zm_cp45_zt8c/zm_cp45_zt8c_t800_rplr_8
localize,#subtitle_zm_cp45_zt8c/zm_cp45_zt8c_t800_rprk_1
localize,#subtitle_zm_cp45_zt8c/zm_cp45_zt8c_t800_rprk_2
localize,#subtitle_zm_cp45_zt8c/zm_cp45_zt8c_t800_rprk_3
localize,#subtitle_zm_cp45_zt8c/zm_cp45_zt8c_t800_rprk_4
localize,#subtitle_zm_cp45_zt8c/zm_cp45_zt8c_t800_rprk_5
localize,#subtitle_zm_cp45_zt8c/zm_cp45_zt8c_t800_rprk_6
localize,#subtitle_zm_cp45_zt8c/zm_cp45_zt8c_t800_rprk_7
localize,#subtitle_zm_cp45_zt8c/zm_cp45_zt8c_t800_rrev_1
localize,#subtitle_zm_cp45_zt8c/zm_cp45_zt8c_t800_rrev_2
localize,#subtitle_zm_cp45_zt8c/zm_cp45_zt8c_t800_rrev_3
localize,#subtitle_zm_cp45_zt8c/zm_cp45_zt8c_t800_rrev_4
localize,#subtitle_zm_cp45_zt8c/zm_cp45_zt8c_t800_rrev_5
localize,#subtitle_zm_cp45_zt8c/zm_cp45_zt8c_t800_rrev_6
localize,#subtitle_zm_cp45_zt8c/zm_cp45_zt8c_t800_rrev_7
localize,#subtitle_zm_cp45_zt8c/zm_cp45_zt8c_t800_rrvr_1
localize,#subtitle_zm_cp45_zt8c/zm_cp45_zt8c_t800_rrvr_2
localize,#subtitle_zm_cp45_zt8c/zm_cp45_zt8c_t800_rrvr_3
localize,#subtitle_zm_cp45_zt8c/zm_cp45_zt8c_t800_rrvr_4
localize,#subtitle_zm_cp45_zt8c/zm_cp45_zt8c_t800_rrvr_5
localize,#subtitle_zm_cp45_zt8c/zm_cp45_zt8c_t800_wcir_1
localize,#subtitle_zm_cp45_zt8c/zm_cp45_zt8c_t800_wcir_2
localize,#subtitle_zm_cp45_zt8c/zm_cp45_zt8c_t800_wcir_3
localize,#subtitle_zm_cp50_zkld/khaled_alasad
localize,#subtitle_zm_cp50_zkld/zm_cp50_zkld_khal_arpl_1
localize,#subtitle_zm_cp50_zkld/zm_cp50_zkld_khal_arpl_10
localize,#subtitle_zm_cp50_zkld/zm_cp50_zkld_khal_arpl_2
localize,#subtitle_zm_cp50_zkld/zm_cp50_zkld_khal_arpl_3
localize,#subtitle_zm_cp50_zkld/zm_cp50_zkld_khal_arpl_4
localize,#subtitle_zm_cp50_zkld/zm_cp50_zkld_khal_arpl_5
localize,#subtitle_zm_cp50_zkld/zm_cp50_zkld_khal_arpl_6
localize,#subtitle_zm_cp50_zkld/zm_cp50_zkld_khal_arpl_7
localize,#subtitle_zm_cp50_zkld/zm_cp50_zkld_khal_arpl_8
localize,#subtitle_zm_cp50_zkld/zm_cp50_zkld_khal_arpl_9
localize,#subtitle_zm_cp50_zkld/zm_cp50_zkld_khal_atkz_1
localize,#subtitle_zm_cp50_zkld/zm_cp50_zkld_khal_atkz_10
localize,#subtitle_zm_cp50_zkld/zm_cp50_zkld_khal_atkz_2
localize,#subtitle_zm_cp50_zkld/zm_cp50_zkld_khal_atkz_3
localize,#subtitle_zm_cp50_zkld/zm_cp50_zkld_khal_atkz_4
localize,#subtitle_zm_cp50_zkld/zm_cp50_zkld_khal_atkz_5
localize,#subtitle_zm_cp50_zkld/zm_cp50_zkld_khal_atkz_6
localize,#subtitle_zm_cp50_zkld/zm_cp50_zkld_khal_atkz_7
localize,#subtitle_zm_cp50_zkld/zm_cp50_zkld_khal_atkz_8
localize,#subtitle_zm_cp50_zkld/zm_cp50_zkld_khal_atkz_9
localize,#subtitle_zm_cp50_zkld/zm_cp50_zkld_khal_kmnk_1
localize,#subtitle_zm_cp50_zkld/zm_cp50_zkld_khal_kmnk_2
localize,#subtitle_zm_cp50_zkld/zm_cp50_zkld_khal_kmnk_3
localize,#subtitle_zm_cp50_zkld/zm_cp50_zkld_khal_kmnk_4
localize,#subtitle_zm_cp50_zkld/zm_cp50_zkld_khal_kmnk_5
localize,#subtitle_zm_cp50_zkld/zm_cp50_zkld_khal_kmnk_6
localize,#subtitle_zm_cp50_zkld/zm_cp50_zkld_khal_kzcl_1
localize,#subtitle_zm_cp50_zkld/zm_cp50_zkld_khal_kzcl_10
localize,#subtitle_zm_cp50_zkld/zm_cp50_zkld_khal_kzcl_2
localize,#subtitle_zm_cp50_zkld/zm_cp50_zkld_khal_kzcl_3
localize,#subtitle_zm_cp50_zkld/zm_cp50_zkld_khal_kzcl_4
localize,#subtitle_zm_cp50_zkld/zm_cp50_zkld_khal_kzcl_5
localize,#subtitle_zm_cp50_zkld/zm_cp50_zkld_khal_kzcl_6
localize,#subtitle_zm_cp50_zkld/zm_cp50_zkld_khal_kzcl_7
localize,#subtitle_zm_cp50_zkld/zm_cp50_zkld_khal_kzcl_8
localize,#subtitle_zm_cp50_zkld/zm_cp50_zkld_khal_kzcl_9
localize,#subtitle_zm_cp50_zkld/zm_cp50_zkld_khal_kzhs_1
localize,#subtitle_zm_cp50_zkld/zm_cp50_zkld_khal_kzhs_10
localize,#subtitle_zm_cp50_zkld/zm_cp50_zkld_khal_kzhs_2
localize,#subtitle_zm_cp50_zkld/zm_cp50_zkld_khal_kzhs_3
localize,#subtitle_zm_cp50_zkld/zm_cp50_zkld_khal_kzhs_4
localize,#subtitle_zm_cp50_zkld/zm_cp50_zkld_khal_kzhs_5
localize,#subtitle_zm_cp50_zkld/zm_cp50_zkld_khal_kzhs_6
localize,#subtitle_zm_cp50_zkld/zm_cp50_zkld_khal_kzhs_7
localize,#subtitle_zm_cp50_zkld/zm_cp50_zkld_khal_kzhs_8
localize,#subtitle_zm_cp50_zkld/zm_cp50_zkld_khal_kzhs_9
localize,#subtitle_zm_cp50_zkld/zm_cp50_zkld_khal_kzjg_1
localize,#subtitle_zm_cp50_zkld/zm_cp50_zkld_khal_kzjg_10
localize,#subtitle_zm_cp50_zkld/zm_cp50_zkld_khal_kzjg_2
localize,#subtitle_zm_cp50_zkld/zm_cp50_zkld_khal_kzjg_3
localize,#subtitle_zm_cp50_zkld/zm_cp50_zkld_khal_kzjg_4
localize,#subtitle_zm_cp50_zkld/zm_cp50_zkld_khal_kzjg_5
localize,#subtitle_zm_cp50_zkld/zm_cp50_zkld_khal_kzjg_6
localize,#subtitle_zm_cp50_zkld/zm_cp50_zkld_khal_kzjg_7
localize,#subtitle_zm_cp50_zkld/zm_cp50_zkld_khal_kzjg_8
localize,#subtitle_zm_cp50_zkld/zm_cp50_zkld_khal_kzjg_9
localize,#subtitle_zm_cp50_zkld/zm_cp50_zkld_khal_kzks_1
localize,#subtitle_zm_cp50_zkld/zm_cp50_zkld_khal_kzks_2
localize,#subtitle_zm_cp50_zkld/zm_cp50_zkld_khal_kzks_3
localize,#subtitle_zm_cp50_zkld/zm_cp50_zkld_khal_kzks_4
localize,#subtitle_zm_cp50_zkld/zm_cp50_zkld_khal_kzks_5
localize,#subtitle_zm_cp50_zkld/zm_cp50_zkld_khal_kzks_6
localize,#subtitle_zm_cp50_zkld/zm_cp50_zkld_khal_kzks_7
localize,#subtitle_zm_cp50_zkld/zm_cp50_zkld_khal_kzks_8
localize,#subtitle_zm_cp50_zkld/zm_cp50_zkld_khal_kzks_9
localize,#subtitle_zm_cp50_zkld/zm_cp50_zkld_khal_kzrv_1
localize,#subtitle_zm_cp50_zkld/zm_cp50_zkld_khal_kzrv_10
localize,#subtitle_zm_cp50_zkld/zm_cp50_zkld_khal_kzrv_2
localize,#subtitle_zm_cp50_zkld/zm_cp50_zkld_khal_kzrv_3
localize,#subtitle_zm_cp50_zkld/zm_cp50_zkld_khal_kzrv_4
localize,#subtitle_zm_cp50_zkld/zm_cp50_zkld_khal_kzrv_5
localize,#subtitle_zm_cp50_zkld/zm_cp50_zkld_khal_kzrv_6
localize,#subtitle_zm_cp50_zkld/zm_cp50_zkld_khal_kzrv_7
localize,#subtitle_zm_cp50_zkld/zm_cp50_zkld_khal_kzrv_8
localize,#subtitle_zm_cp50_zkld/zm_cp50_zkld_khal_kzrv_9
localize,#subtitle_zm_cp50_zkld/zm_cp50_zkld_khal_kzsu_1
localize,#subtitle_zm_cp50_zkld/zm_cp50_zkld_khal_kzsu_10
localize,#subtitle_zm_cp50_zkld/zm_cp50_zkld_khal_kzsu_2
localize,#subtitle_zm_cp50_zkld/zm_cp50_zkld_khal_kzsu_3
localize,#subtitle_zm_cp50_zkld/zm_cp50_zkld_khal_kzsu_4
localize,#subtitle_zm_cp50_zkld/zm_cp50_zkld_khal_kzsu_5
localize,#subtitle_zm_cp50_zkld/zm_cp50_zkld_khal_kzsu_6
localize,#subtitle_zm_cp50_zkld/zm_cp50_zkld_khal_kzsu_7
localize,#subtitle_zm_cp50_zkld/zm_cp50_zkld_khal_kzsu_8
localize,#subtitle_zm_cp50_zkld/zm_cp50_zkld_khal_kzsu_9
localize,#subtitle_zm_cp50_zkld/zm_cp50_zkld_khal_pitm_1
localize,#subtitle_zm_cp50_zkld/zm_cp50_zkld_khal_pitm_10
localize,#subtitle_zm_cp50_zkld/zm_cp50_zkld_khal_pitm_2
localize,#subtitle_zm_cp50_zkld/zm_cp50_zkld_khal_pitm_3
localize,#subtitle_zm_cp50_zkld/zm_cp50_zkld_khal_pitm_4
localize,#subtitle_zm_cp50_zkld/zm_cp50_zkld_khal_pitm_5
localize,#subtitle_zm_cp50_zkld/zm_cp50_zkld_khal_pitm_6
localize,#subtitle_zm_cp50_zkld/zm_cp50_zkld_khal_pitm_7
localize,#subtitle_zm_cp50_zkld/zm_cp50_zkld_khal_pitm_8
localize,#subtitle_zm_cp50_zkld/zm_cp50_zkld_khal_pitm_9
localize,#subtitle_zm_cp50_zkld/zm_cp50_zkld_khal_plmg_1
localize,#subtitle_zm_cp50_zkld/zm_cp50_zkld_khal_plmg_2
localize,#subtitle_zm_cp50_zkld/zm_cp50_zkld_khal_plmg_3
localize,#subtitle_zm_cp50_zkld/zm_cp50_zkld_khal_plmg_4
localize,#subtitle_zm_cp50_zkld/zm_cp50_zkld_khal_plmg_5
localize,#subtitle_zm_cp50_zkld/zm_cp50_zkld_khal_pmel_1
localize,#subtitle_zm_cp50_zkld/zm_cp50_zkld_khal_pmel_2
localize,#subtitle_zm_cp50_zkld/zm_cp50_zkld_khal_pmel_3
localize,#subtitle_zm_cp50_zkld/zm_cp50_zkld_khal_pmel_4
localize,#subtitle_zm_cp50_zkld/zm_cp50_zkld_khal_pmel_5
localize,#subtitle_zm_cp50_zkld/zm_cp50_zkld_khal_pmrk_1
localize,#subtitle_zm_cp50_zkld/zm_cp50_zkld_khal_pmrk_2
localize,#subtitle_zm_cp50_zkld/zm_cp50_zkld_khal_pmrk_3
localize,#subtitle_zm_cp50_zkld/zm_cp50_zkld_khal_pmrk_4
localize,#subtitle_zm_cp50_zkld/zm_cp50_zkld_khal_pmrk_5
localize,#subtitle_zm_cp50_zkld/zm_cp50_zkld_khal_psht_1
localize,#subtitle_zm_cp50_zkld/zm_cp50_zkld_khal_psht_2
localize,#subtitle_zm_cp50_zkld/zm_cp50_zkld_khal_psht_3
localize,#subtitle_zm_cp50_zkld/zm_cp50_zkld_khal_psht_4
localize,#subtitle_zm_cp50_zkld/zm_cp50_zkld_khal_psht_5
localize,#subtitle_zm_cp50_zkld/zm_cp50_zkld_khal_psmg_1
localize,#subtitle_zm_cp50_zkld/zm_cp50_zkld_khal_psmg_2
localize,#subtitle_zm_cp50_zkld/zm_cp50_zkld_khal_psmg_3
localize,#subtitle_zm_cp50_zkld/zm_cp50_zkld_khal_psmg_4
localize,#subtitle_zm_cp50_zkld/zm_cp50_zkld_khal_psmg_5
localize,#subtitle_zm_cp50_zkld/zm_cp50_zkld_khal_psnp_1
localize,#subtitle_zm_cp50_zkld/zm_cp50_zkld_khal_psnp_2
localize,#subtitle_zm_cp50_zkld/zm_cp50_zkld_khal_psnp_3
localize,#subtitle_zm_cp50_zkld/zm_cp50_zkld_khal_psnp_4
localize,#subtitle_zm_cp50_zkld/zm_cp50_zkld_khal_psnp_5
localize,#subtitle_zm_cp50_zkld/zm_cp50_zkld_khal_pwar_1
localize,#subtitle_zm_cp50_zkld/zm_cp50_zkld_khal_pwar_2
localize,#subtitle_zm_cp50_zkld/zm_cp50_zkld_khal_pwar_3
localize,#subtitle_zm_cp50_zkld/zm_cp50_zkld_khal_pwar_4
localize,#subtitle_zm_cp50_zkld/zm_cp50_zkld_khal_pwar_5
localize,#subtitle_zm_cp50_zkld/zm_cp50_zkld_khal_pwpn_1
localize,#subtitle_zm_cp50_zkld/zm_cp50_zkld_khal_pwpn_2
localize,#subtitle_zm_cp50_zkld/zm_cp50_zkld_khal_pwpn_3
localize,#subtitle_zm_cp50_zkld/zm_cp50_zkld_khal_pwpn_4
localize,#subtitle_zm_cp50_zkld/zm_cp50_zkld_khal_pwpn_5
localize,#subtitle_zm_cp50_zkld/zm_cp50_zkld_khal_raup_1
localize,#subtitle_zm_cp50_zkld/zm_cp50_zkld_khal_raup_10
localize,#subtitle_zm_cp50_zkld/zm_cp50_zkld_khal_raup_2
localize,#subtitle_zm_cp50_zkld/zm_cp50_zkld_khal_raup_3
localize,#subtitle_zm_cp50_zkld/zm_cp50_zkld_khal_raup_4
localize,#subtitle_zm_cp50_zkld/zm_cp50_zkld_khal_raup_5
localize,#subtitle_zm_cp50_zkld/zm_cp50_zkld_khal_raup_6
localize,#subtitle_zm_cp50_zkld/zm_cp50_zkld_khal_raup_7
localize,#subtitle_zm_cp50_zkld/zm_cp50_zkld_khal_raup_8
localize,#subtitle_zm_cp50_zkld/zm_cp50_zkld_khal_raup_9
localize,#subtitle_zm_cp50_zkld/zm_cp50_zkld_khal_rcvn_1
localize,#subtitle_zm_cp50_zkld/zm_cp50_zkld_khal_rcvn_10
localize,#subtitle_zm_cp50_zkld/zm_cp50_zkld_khal_rcvn_2
localize,#subtitle_zm_cp50_zkld/zm_cp50_zkld_khal_rcvn_3
localize,#subtitle_zm_cp50_zkld/zm_cp50_zkld_khal_rcvn_4
localize,#subtitle_zm_cp50_zkld/zm_cp50_zkld_khal_rcvn_5
localize,#subtitle_zm_cp50_zkld/zm_cp50_zkld_khal_rcvn_6
localize,#subtitle_zm_cp50_zkld/zm_cp50_zkld_khal_rcvn_7
localize,#subtitle_zm_cp50_zkld/zm_cp50_zkld_khal_rcvn_8
localize,#subtitle_zm_cp50_zkld/zm_cp50_zkld_khal_rcvn_9
localize,#subtitle_zm_cp50_zkld/zm_cp50_zkld_khal_rdwn_1
localize,#subtitle_zm_cp50_zkld/zm_cp50_zkld_khal_rdwn_2
localize,#subtitle_zm_cp50_zkld/zm_cp50_zkld_khal_rdwn_3
localize,#subtitle_zm_cp50_zkld/zm_cp50_zkld_khal_rdwn_4
localize,#subtitle_zm_cp50_zkld/zm_cp50_zkld_khal_rdwn_5
localize,#subtitle_zm_cp50_zkld/zm_cp50_zkld_khal_rdwn_6
localize,#subtitle_zm_cp50_zkld/zm_cp50_zkld_khal_rdwn_7
localize,#subtitle_zm_cp50_zkld/zm_cp50_zkld_khal_rdwn_8
localize,#subtitle_zm_cp50_zkld/zm_cp50_zkld_khal_rplr_1
localize,#subtitle_zm_cp50_zkld/zm_cp50_zkld_khal_rplr_10
localize,#subtitle_zm_cp50_zkld/zm_cp50_zkld_khal_rplr_2
localize,#subtitle_zm_cp50_zkld/zm_cp50_zkld_khal_rplr_3
localize,#subtitle_zm_cp50_zkld/zm_cp50_zkld_khal_rplr_4
localize,#subtitle_zm_cp50_zkld/zm_cp50_zkld_khal_rplr_5
localize,#subtitle_zm_cp50_zkld/zm_cp50_zkld_khal_rplr_6
localize,#subtitle_zm_cp50_zkld/zm_cp50_zkld_khal_rplr_7
localize,#subtitle_zm_cp50_zkld/zm_cp50_zkld_khal_rplr_8
localize,#subtitle_zm_cp50_zkld/zm_cp50_zkld_khal_rplr_9
localize,#subtitle_zm_cp50_zkld/zm_cp50_zkld_khal_rprk_1
localize,#subtitle_zm_cp50_zkld/zm_cp50_zkld_khal_rprk_10
localize,#subtitle_zm_cp50_zkld/zm_cp50_zkld_khal_rprk_2
localize,#subtitle_zm_cp50_zkld/zm_cp50_zkld_khal_rprk_3
localize,#subtitle_zm_cp50_zkld/zm_cp50_zkld_khal_rprk_4
localize,#subtitle_zm_cp50_zkld/zm_cp50_zkld_khal_rprk_5
localize,#subtitle_zm_cp50_zkld/zm_cp50_zkld_khal_rprk_6
localize,#subtitle_zm_cp50_zkld/zm_cp50_zkld_khal_rprk_7
localize,#subtitle_zm_cp50_zkld/zm_cp50_zkld_khal_rprk_8
localize,#subtitle_zm_cp50_zkld/zm_cp50_zkld_khal_rprk_9
localize,#subtitle_zm_cp50_zkld/zm_cp50_zkld_khal_rrev_1
localize,#subtitle_zm_cp50_zkld/zm_cp50_zkld_khal_rrev_2
localize,#subtitle_zm_cp50_zkld/zm_cp50_zkld_khal_rrev_3
localize,#subtitle_zm_cp50_zkld/zm_cp50_zkld_khal_rrev_4
localize,#subtitle_zm_cp50_zkld/zm_cp50_zkld_khal_rrev_5
localize,#subtitle_zm_cp50_zkld/zm_cp50_zkld_khal_rrev_6
localize,#subtitle_zm_cp50_zkld/zm_cp50_zkld_khal_rrev_7
localize,#subtitle_zm_cp50_zkld/zm_cp50_zkld_khal_rrev_8
localize,#subtitle_zm_cp50_zkld/zm_cp50_zkld_khal_rrvr_1
localize,#subtitle_zm_cp50_zkld/zm_cp50_zkld_khal_rrvr_2
localize,#subtitle_zm_cp50_zkld/zm_cp50_zkld_khal_rrvr_3
localize,#subtitle_zm_cp50_zkld/zm_cp50_zkld_khal_rrvr_4
localize,#subtitle_zm_cp50_zkld/zm_cp50_zkld_khal_rrvr_5
localize,#subtitle_zm_cp50_zkld/zm_cp50_zkld_khal_rrvr_6
localize,#subtitle_zm_cp50_zkld/zm_cp50_zkld_khal_rrvr_7
localize,#subtitle_zm_cp50_zkld/zm_cp50_zkld_khal_rrvr_8
localize,#subtitle_zm_cp50_zkld/zm_cp50_zkld_khal_sdma_1
localize,#subtitle_zm_cp50_zkld/zm_cp50_zkld_khal_sdma_2
localize,#subtitle_zm_cp50_zkld/zm_cp50_zkld_khal_sdma_3
localize,#subtitle_zm_cp50_zkld/zm_cp50_zkld_khal_sdma_4
localize,#subtitle_zm_cp50_zkld/zm_cp50_zkld_khal_sdmd_1
localize,#subtitle_zm_cp50_zkld/zm_cp50_zkld_khal_sdmd_2
localize,#subtitle_zm_cp50_zkld/zm_cp50_zkld_khal_sdmd_3
localize,#subtitle_zm_cp50_zkld/zm_cp50_zkld_khal_sdmd_4
localize,#subtitle_zm_cp50_zkld/zm_cp50_zkld_khal_sdml_1
localize,#subtitle_zm_cp50_zkld/zm_cp50_zkld_khal_sdml_2
localize,#subtitle_zm_cp50_zkld/zm_cp50_zkld_khal_sdml_3
localize,#subtitle_zm_cp50_zkld/zm_cp50_zkld_khal_sdml_4
localize,#subtitle_zm_cp50_zkld/zm_cp50_zkld_khal_swma_1
localize,#subtitle_zm_cp50_zkld/zm_cp50_zkld_khal_swma_2
localize,#subtitle_zm_cp50_zkld/zm_cp50_zkld_khal_swma_3
localize,#subtitle_zm_cp50_zkld/zm_cp50_zkld_khal_swma_4
localize,#subtitle_zm_cp50_zkld/zm_cp50_zkld_khal_swmd_1
localize,#subtitle_zm_cp50_zkld/zm_cp50_zkld_khal_swmd_2
localize,#subtitle_zm_cp50_zkld/zm_cp50_zkld_khal_swmd_3
localize,#subtitle_zm_cp50_zkld/zm_cp50_zkld_khal_swmd_4
localize,#subtitle_zm_cp50_zkld/zm_cp50_zkld_khal_swml_1
localize,#subtitle_zm_cp50_zkld/zm_cp50_zkld_khal_swml_2
localize,#subtitle_zm_cp50_zkld/zm_cp50_zkld_khal_swml_3
localize,#subtitle_zm_cp50_zkld/zm_cp50_zkld_khal_swml_4
localize,#subtitle_zm_cp50_zkld/zm_cp50_zkld_khal_wcir_1
localize,#subtitle_zm_cp50_zkld/zm_cp50_zkld_khal_wcir_2
localize,#subtitle_zm_cp50_zkld/zm_cp50_zkld_khal_wcir_3
localize,#subtitle_zm_cp50_zkld/zm_cp50_zkld_khal_wcir_4
localize,#subtitle_zm_cp50_zmnd/raul_menendez
localize,#subtitle_zm_cp50_zmnd/zm_cp50_zmnd_medz_arpl_1
localize,#subtitle_zm_cp50_zmnd/zm_cp50_zmnd_medz_arpl_10
localize,#subtitle_zm_cp50_zmnd/zm_cp50_zmnd_medz_arpl_2
localize,#subtitle_zm_cp50_zmnd/zm_cp50_zmnd_medz_arpl_3
localize,#subtitle_zm_cp50_zmnd/zm_cp50_zmnd_medz_arpl_4
localize,#subtitle_zm_cp50_zmnd/zm_cp50_zmnd_medz_arpl_5
localize,#subtitle_zm_cp50_zmnd/zm_cp50_zmnd_medz_arpl_6
localize,#subtitle_zm_cp50_zmnd/zm_cp50_zmnd_medz_arpl_7
localize,#subtitle_zm_cp50_zmnd/zm_cp50_zmnd_medz_arpl_8
localize,#subtitle_zm_cp50_zmnd/zm_cp50_zmnd_medz_arpl_9
localize,#subtitle_zm_cp50_zmnd/zm_cp50_zmnd_medz_atkz_1
localize,#subtitle_zm_cp50_zmnd/zm_cp50_zmnd_medz_atkz_10
localize,#subtitle_zm_cp50_zmnd/zm_cp50_zmnd_medz_atkz_2
localize,#subtitle_zm_cp50_zmnd/zm_cp50_zmnd_medz_atkz_3
localize,#subtitle_zm_cp50_zmnd/zm_cp50_zmnd_medz_atkz_4
localize,#subtitle_zm_cp50_zmnd/zm_cp50_zmnd_medz_atkz_5
localize,#subtitle_zm_cp50_zmnd/zm_cp50_zmnd_medz_atkz_6
localize,#subtitle_zm_cp50_zmnd/zm_cp50_zmnd_medz_atkz_7
localize,#subtitle_zm_cp50_zmnd/zm_cp50_zmnd_medz_atkz_8
localize,#subtitle_zm_cp50_zmnd/zm_cp50_zmnd_medz_atkz_9
localize,#subtitle_zm_cp50_zmnd/zm_cp50_zmnd_medz_kmnk_1
localize,#subtitle_zm_cp50_zmnd/zm_cp50_zmnd_medz_kmnk_2
localize,#subtitle_zm_cp50_zmnd/zm_cp50_zmnd_medz_kmnk_3
localize,#subtitle_zm_cp50_zmnd/zm_cp50_zmnd_medz_kmnk_4
localize,#subtitle_zm_cp50_zmnd/zm_cp50_zmnd_medz_kmnk_5
localize,#subtitle_zm_cp50_zmnd/zm_cp50_zmnd_medz_kmnk_6
localize,#subtitle_zm_cp50_zmnd/zm_cp50_zmnd_medz_kzcl_1
localize,#subtitle_zm_cp50_zmnd/zm_cp50_zmnd_medz_kzcl_10
localize,#subtitle_zm_cp50_zmnd/zm_cp50_zmnd_medz_kzcl_2
localize,#subtitle_zm_cp50_zmnd/zm_cp50_zmnd_medz_kzcl_3
localize,#subtitle_zm_cp50_zmnd/zm_cp50_zmnd_medz_kzcl_4
localize,#subtitle_zm_cp50_zmnd/zm_cp50_zmnd_medz_kzcl_5
localize,#subtitle_zm_cp50_zmnd/zm_cp50_zmnd_medz_kzcl_6
localize,#subtitle_zm_cp50_zmnd/zm_cp50_zmnd_medz_kzcl_7
localize,#subtitle_zm_cp50_zmnd/zm_cp50_zmnd_medz_kzcl_8
localize,#subtitle_zm_cp50_zmnd/zm_cp50_zmnd_medz_kzcl_9
localize,#subtitle_zm_cp50_zmnd/zm_cp50_zmnd_medz_kzhs_1
localize,#subtitle_zm_cp50_zmnd/zm_cp50_zmnd_medz_kzhs_10
localize,#subtitle_zm_cp50_zmnd/zm_cp50_zmnd_medz_kzhs_2
localize,#subtitle_zm_cp50_zmnd/zm_cp50_zmnd_medz_kzhs_3
localize,#subtitle_zm_cp50_zmnd/zm_cp50_zmnd_medz_kzhs_4
localize,#subtitle_zm_cp50_zmnd/zm_cp50_zmnd_medz_kzhs_5
localize,#subtitle_zm_cp50_zmnd/zm_cp50_zmnd_medz_kzhs_6
localize,#subtitle_zm_cp50_zmnd/zm_cp50_zmnd_medz_kzhs_7
localize,#subtitle_zm_cp50_zmnd/zm_cp50_zmnd_medz_kzhs_8
localize,#subtitle_zm_cp50_zmnd/zm_cp50_zmnd_medz_kzhs_9
localize,#subtitle_zm_cp50_zmnd/zm_cp50_zmnd_medz_kzjg_1
localize,#subtitle_zm_cp50_zmnd/zm_cp50_zmnd_medz_kzjg_10
localize,#subtitle_zm_cp50_zmnd/zm_cp50_zmnd_medz_kzjg_2
localize,#subtitle_zm_cp50_zmnd/zm_cp50_zmnd_medz_kzjg_3
localize,#subtitle_zm_cp50_zmnd/zm_cp50_zmnd_medz_kzjg_4
localize,#subtitle_zm_cp50_zmnd/zm_cp50_zmnd_medz_kzjg_5
localize,#subtitle_zm_cp50_zmnd/zm_cp50_zmnd_medz_kzjg_6
localize,#subtitle_zm_cp50_zmnd/zm_cp50_zmnd_medz_kzjg_7
localize,#subtitle_zm_cp50_zmnd/zm_cp50_zmnd_medz_kzjg_8
localize,#subtitle_zm_cp50_zmnd/zm_cp50_zmnd_medz_kzjg_9
localize,#subtitle_zm_cp50_zmnd/zm_cp50_zmnd_medz_kzks_1
localize,#subtitle_zm_cp50_zmnd/zm_cp50_zmnd_medz_kzks_10
localize,#subtitle_zm_cp50_zmnd/zm_cp50_zmnd_medz_kzks_2
localize,#subtitle_zm_cp50_zmnd/zm_cp50_zmnd_medz_kzks_3
localize,#subtitle_zm_cp50_zmnd/zm_cp50_zmnd_medz_kzks_4
localize,#subtitle_zm_cp50_zmnd/zm_cp50_zmnd_medz_kzks_5
localize,#subtitle_zm_cp50_zmnd/zm_cp50_zmnd_medz_kzks_6
localize,#subtitle_zm_cp50_zmnd/zm_cp50_zmnd_medz_kzks_7
localize,#subtitle_zm_cp50_zmnd/zm_cp50_zmnd_medz_kzks_8
localize,#subtitle_zm_cp50_zmnd/zm_cp50_zmnd_medz_kzks_9
localize,#subtitle_zm_cp50_zmnd/zm_cp50_zmnd_medz_kzrv_1
localize,#subtitle_zm_cp50_zmnd/zm_cp50_zmnd_medz_kzrv_10
localize,#subtitle_zm_cp50_zmnd/zm_cp50_zmnd_medz_kzrv_2
localize,#subtitle_zm_cp50_zmnd/zm_cp50_zmnd_medz_kzrv_3
localize,#subtitle_zm_cp50_zmnd/zm_cp50_zmnd_medz_kzrv_4
localize,#subtitle_zm_cp50_zmnd/zm_cp50_zmnd_medz_kzrv_5
localize,#subtitle_zm_cp50_zmnd/zm_cp50_zmnd_medz_kzrv_6
localize,#subtitle_zm_cp50_zmnd/zm_cp50_zmnd_medz_kzrv_7
localize,#subtitle_zm_cp50_zmnd/zm_cp50_zmnd_medz_kzrv_8
localize,#subtitle_zm_cp50_zmnd/zm_cp50_zmnd_medz_kzrv_9
localize,#subtitle_zm_cp50_zmnd/zm_cp50_zmnd_medz_kzsu_1
localize,#subtitle_zm_cp50_zmnd/zm_cp50_zmnd_medz_kzsu_10
localize,#subtitle_zm_cp50_zmnd/zm_cp50_zmnd_medz_kzsu_2
localize,#subtitle_zm_cp50_zmnd/zm_cp50_zmnd_medz_kzsu_3
localize,#subtitle_zm_cp50_zmnd/zm_cp50_zmnd_medz_kzsu_4
localize,#subtitle_zm_cp50_zmnd/zm_cp50_zmnd_medz_kzsu_5
localize,#subtitle_zm_cp50_zmnd/zm_cp50_zmnd_medz_kzsu_6
localize,#subtitle_zm_cp50_zmnd/zm_cp50_zmnd_medz_kzsu_7
localize,#subtitle_zm_cp50_zmnd/zm_cp50_zmnd_medz_kzsu_8
localize,#subtitle_zm_cp50_zmnd/zm_cp50_zmnd_medz_kzsu_9
localize,#subtitle_zm_cp50_zmnd/zm_cp50_zmnd_medz_pitm_1
localize,#subtitle_zm_cp50_zmnd/zm_cp50_zmnd_medz_pitm_10
localize,#subtitle_zm_cp50_zmnd/zm_cp50_zmnd_medz_pitm_2
localize,#subtitle_zm_cp50_zmnd/zm_cp50_zmnd_medz_pitm_3
localize,#subtitle_zm_cp50_zmnd/zm_cp50_zmnd_medz_pitm_4
localize,#subtitle_zm_cp50_zmnd/zm_cp50_zmnd_medz_pitm_5
localize,#subtitle_zm_cp50_zmnd/zm_cp50_zmnd_medz_pitm_6
localize,#subtitle_zm_cp50_zmnd/zm_cp50_zmnd_medz_pitm_7
localize,#subtitle_zm_cp50_zmnd/zm_cp50_zmnd_medz_pitm_8
localize,#subtitle_zm_cp50_zmnd/zm_cp50_zmnd_medz_pitm_9
localize,#subtitle_zm_cp50_zmnd/zm_cp50_zmnd_medz_plmg_1
localize,#subtitle_zm_cp50_zmnd/zm_cp50_zmnd_medz_plmg_2
localize,#subtitle_zm_cp50_zmnd/zm_cp50_zmnd_medz_plmg_3
localize,#subtitle_zm_cp50_zmnd/zm_cp50_zmnd_medz_plmg_4
localize,#subtitle_zm_cp50_zmnd/zm_cp50_zmnd_medz_plmg_5
localize,#subtitle_zm_cp50_zmnd/zm_cp50_zmnd_medz_pmel_1
localize,#subtitle_zm_cp50_zmnd/zm_cp50_zmnd_medz_pmel_2
localize,#subtitle_zm_cp50_zmnd/zm_cp50_zmnd_medz_pmel_3
localize,#subtitle_zm_cp50_zmnd/zm_cp50_zmnd_medz_pmel_4
localize,#subtitle_zm_cp50_zmnd/zm_cp50_zmnd_medz_pmel_5
localize,#subtitle_zm_cp50_zmnd/zm_cp50_zmnd_medz_pmrk_1
localize,#subtitle_zm_cp50_zmnd/zm_cp50_zmnd_medz_pmrk_2
localize,#subtitle_zm_cp50_zmnd/zm_cp50_zmnd_medz_pmrk_3
localize,#subtitle_zm_cp50_zmnd/zm_cp50_zmnd_medz_pmrk_4
localize,#subtitle_zm_cp50_zmnd/zm_cp50_zmnd_medz_pmrk_5
localize,#subtitle_zm_cp50_zmnd/zm_cp50_zmnd_medz_psht_1
localize,#subtitle_zm_cp50_zmnd/zm_cp50_zmnd_medz_psht_2
localize,#subtitle_zm_cp50_zmnd/zm_cp50_zmnd_medz_psht_3
localize,#subtitle_zm_cp50_zmnd/zm_cp50_zmnd_medz_psht_4
localize,#subtitle_zm_cp50_zmnd/zm_cp50_zmnd_medz_psht_5
localize,#subtitle_zm_cp50_zmnd/zm_cp50_zmnd_medz_psmg_1
localize,#subtitle_zm_cp50_zmnd/zm_cp50_zmnd_medz_psmg_2
localize,#subtitle_zm_cp50_zmnd/zm_cp50_zmnd_medz_psmg_3
localize,#subtitle_zm_cp50_zmnd/zm_cp50_zmnd_medz_psmg_4
localize,#subtitle_zm_cp50_zmnd/zm_cp50_zmnd_medz_psmg_5
localize,#subtitle_zm_cp50_zmnd/zm_cp50_zmnd_medz_psnp_1
localize,#subtitle_zm_cp50_zmnd/zm_cp50_zmnd_medz_psnp_2
localize,#subtitle_zm_cp50_zmnd/zm_cp50_zmnd_medz_psnp_3
localize,#subtitle_zm_cp50_zmnd/zm_cp50_zmnd_medz_psnp_4
localize,#subtitle_zm_cp50_zmnd/zm_cp50_zmnd_medz_psnp_5
localize,#subtitle_zm_cp50_zmnd/zm_cp50_zmnd_medz_pwar_1
localize,#subtitle_zm_cp50_zmnd/zm_cp50_zmnd_medz_pwar_2
localize,#subtitle_zm_cp50_zmnd/zm_cp50_zmnd_medz_pwar_3
localize,#subtitle_zm_cp50_zmnd/zm_cp50_zmnd_medz_pwar_4
localize,#subtitle_zm_cp50_zmnd/zm_cp50_zmnd_medz_pwar_5
localize,#subtitle_zm_cp50_zmnd/zm_cp50_zmnd_medz_pwpn_1
localize,#subtitle_zm_cp50_zmnd/zm_cp50_zmnd_medz_pwpn_2
localize,#subtitle_zm_cp50_zmnd/zm_cp50_zmnd_medz_pwpn_3
localize,#subtitle_zm_cp50_zmnd/zm_cp50_zmnd_medz_pwpn_4
localize,#subtitle_zm_cp50_zmnd/zm_cp50_zmnd_medz_pwpn_5
localize,#subtitle_zm_cp50_zmnd/zm_cp50_zmnd_medz_raup_1
localize,#subtitle_zm_cp50_zmnd/zm_cp50_zmnd_medz_raup_10
localize,#subtitle_zm_cp50_zmnd/zm_cp50_zmnd_medz_raup_2
localize,#subtitle_zm_cp50_zmnd/zm_cp50_zmnd_medz_raup_3
localize,#subtitle_zm_cp50_zmnd/zm_cp50_zmnd_medz_raup_4
localize,#subtitle_zm_cp50_zmnd/zm_cp50_zmnd_medz_raup_5
localize,#subtitle_zm_cp50_zmnd/zm_cp50_zmnd_medz_raup_6
localize,#subtitle_zm_cp50_zmnd/zm_cp50_zmnd_medz_raup_7
localize,#subtitle_zm_cp50_zmnd/zm_cp50_zmnd_medz_raup_8
localize,#subtitle_zm_cp50_zmnd/zm_cp50_zmnd_medz_raup_9
localize,#subtitle_zm_cp50_zmnd/zm_cp50_zmnd_medz_rcvn_1
localize,#subtitle_zm_cp50_zmnd/zm_cp50_zmnd_medz_rcvn_10
localize,#subtitle_zm_cp50_zmnd/zm_cp50_zmnd_medz_rcvn_2
localize,#subtitle_zm_cp50_zmnd/zm_cp50_zmnd_medz_rcvn_3
localize,#subtitle_zm_cp50_zmnd/zm_cp50_zmnd_medz_rcvn_4
localize,#subtitle_zm_cp50_zmnd/zm_cp50_zmnd_medz_rcvn_5
localize,#subtitle_zm_cp50_zmnd/zm_cp50_zmnd_medz_rcvn_6
localize,#subtitle_zm_cp50_zmnd/zm_cp50_zmnd_medz_rcvn_7
localize,#subtitle_zm_cp50_zmnd/zm_cp50_zmnd_medz_rcvn_8
localize,#subtitle_zm_cp50_zmnd/zm_cp50_zmnd_medz_rcvn_9
localize,#subtitle_zm_cp50_zmnd/zm_cp50_zmnd_medz_rdwn_1
localize,#subtitle_zm_cp50_zmnd/zm_cp50_zmnd_medz_rdwn_2
localize,#subtitle_zm_cp50_zmnd/zm_cp50_zmnd_medz_rdwn_3
localize,#subtitle_zm_cp50_zmnd/zm_cp50_zmnd_medz_rdwn_4
localize,#subtitle_zm_cp50_zmnd/zm_cp50_zmnd_medz_rdwn_5
localize,#subtitle_zm_cp50_zmnd/zm_cp50_zmnd_medz_rdwn_6
localize,#subtitle_zm_cp50_zmnd/zm_cp50_zmnd_medz_rdwn_7
localize,#subtitle_zm_cp50_zmnd/zm_cp50_zmnd_medz_rdwn_8
localize,#subtitle_zm_cp50_zmnd/zm_cp50_zmnd_medz_rplr_1
localize,#subtitle_zm_cp50_zmnd/zm_cp50_zmnd_medz_rplr_10
localize,#subtitle_zm_cp50_zmnd/zm_cp50_zmnd_medz_rplr_2
localize,#subtitle_zm_cp50_zmnd/zm_cp50_zmnd_medz_rplr_3
localize,#subtitle_zm_cp50_zmnd/zm_cp50_zmnd_medz_rplr_4
localize,#subtitle_zm_cp50_zmnd/zm_cp50_zmnd_medz_rplr_5
localize,#subtitle_zm_cp50_zmnd/zm_cp50_zmnd_medz_rplr_6
localize,#subtitle_zm_cp50_zmnd/zm_cp50_zmnd_medz_rplr_7
localize,#subtitle_zm_cp50_zmnd/zm_cp50_zmnd_medz_rplr_8
localize,#subtitle_zm_cp50_zmnd/zm_cp50_zmnd_medz_rplr_9
localize,#subtitle_zm_cp50_zmnd/zm_cp50_zmnd_medz_rprk_1
localize,#subtitle_zm_cp50_zmnd/zm_cp50_zmnd_medz_rprk_10
localize,#subtitle_zm_cp50_zmnd/zm_cp50_zmnd_medz_rprk_2
localize,#subtitle_zm_cp50_zmnd/zm_cp50_zmnd_medz_rprk_3
localize,#subtitle_zm_cp50_zmnd/zm_cp50_zmnd_medz_rprk_4
localize,#subtitle_zm_cp50_zmnd/zm_cp50_zmnd_medz_rprk_5
localize,#subtitle_zm_cp50_zmnd/zm_cp50_zmnd_medz_rprk_6
localize,#subtitle_zm_cp50_zmnd/zm_cp50_zmnd_medz_rprk_7
localize,#subtitle_zm_cp50_zmnd/zm_cp50_zmnd_medz_rprk_8
localize,#subtitle_zm_cp50_zmnd/zm_cp50_zmnd_medz_rprk_9
localize,#subtitle_zm_cp50_zmnd/zm_cp50_zmnd_medz_rrev_1
localize,#subtitle_zm_cp50_zmnd/zm_cp50_zmnd_medz_rrev_2
localize,#subtitle_zm_cp50_zmnd/zm_cp50_zmnd_medz_rrev_3
localize,#subtitle_zm_cp50_zmnd/zm_cp50_zmnd_medz_rrev_4
localize,#subtitle_zm_cp50_zmnd/zm_cp50_zmnd_medz_rrev_5
localize,#subtitle_zm_cp50_zmnd/zm_cp50_zmnd_medz_rrev_6
localize,#subtitle_zm_cp50_zmnd/zm_cp50_zmnd_medz_rrev_7
localize,#subtitle_zm_cp50_zmnd/zm_cp50_zmnd_medz_rrev_8
localize,#subtitle_zm_cp50_zmnd/zm_cp50_zmnd_medz_rrvr_1
localize,#subtitle_zm_cp50_zmnd/zm_cp50_zmnd_medz_rrvr_2
localize,#subtitle_zm_cp50_zmnd/zm_cp50_zmnd_medz_rrvr_3
localize,#subtitle_zm_cp50_zmnd/zm_cp50_zmnd_medz_rrvr_4
localize,#subtitle_zm_cp50_zmnd/zm_cp50_zmnd_medz_rrvr_5
localize,#subtitle_zm_cp50_zmnd/zm_cp50_zmnd_medz_rrvr_6
localize,#subtitle_zm_cp50_zmnd/zm_cp50_zmnd_medz_rrvr_7
localize,#subtitle_zm_cp50_zmnd/zm_cp50_zmnd_medz_rrvr_8
localize,#subtitle_zm_cp50_zmnd/zm_cp50_zmnd_medz_sdma_1
localize,#subtitle_zm_cp50_zmnd/zm_cp50_zmnd_medz_sdma_2
localize,#subtitle_zm_cp50_zmnd/zm_cp50_zmnd_medz_sdma_3
localize,#subtitle_zm_cp50_zmnd/zm_cp50_zmnd_medz_sdma_4
localize,#subtitle_zm_cp50_zmnd/zm_cp50_zmnd_medz_sdmd_1
localize,#subtitle_zm_cp50_zmnd/zm_cp50_zmnd_medz_sdmd_2
localize,#subtitle_zm_cp50_zmnd/zm_cp50_zmnd_medz_sdmd_3
localize,#subtitle_zm_cp50_zmnd/zm_cp50_zmnd_medz_sdmd_4
localize,#subtitle_zm_cp50_zmnd/zm_cp50_zmnd_medz_sdml_1
localize,#subtitle_zm_cp50_zmnd/zm_cp50_zmnd_medz_sdml_2
localize,#subtitle_zm_cp50_zmnd/zm_cp50_zmnd_medz_sdml_3
localize,#subtitle_zm_cp50_zmnd/zm_cp50_zmnd_medz_sdml_4
localize,#subtitle_zm_cp50_zmnd/zm_cp50_zmnd_medz_swma_1
localize,#subtitle_zm_cp50_zmnd/zm_cp50_zmnd_medz_swma_2
localize,#subtitle_zm_cp50_zmnd/zm_cp50_zmnd_medz_swma_3
localize,#subtitle_zm_cp50_zmnd/zm_cp50_zmnd_medz_swma_4
localize,#subtitle_zm_cp50_zmnd/zm_cp50_zmnd_medz_swmd_1
localize,#subtitle_zm_cp50_zmnd/zm_cp50_zmnd_medz_swmd_2
localize,#subtitle_zm_cp50_zmnd/zm_cp50_zmnd_medz_swmd_3
localize,#subtitle_zm_cp50_zmnd/zm_cp50_zmnd_medz_swmd_4
localize,#subtitle_zm_cp50_zmnd/zm_cp50_zmnd_medz_swml_1
localize,#subtitle_zm_cp50_zmnd/zm_cp50_zmnd_medz_swml_2
localize,#subtitle_zm_cp50_zmnd/zm_cp50_zmnd_medz_swml_3
localize,#subtitle_zm_cp50_zmnd/zm_cp50_zmnd_medz_swml_4
localize,#subtitle_zm_cp50_zmnd/zm_cp50_zmnd_medz_wcir_1
localize,#subtitle_zm_cp50_zmnd/zm_cp50_zmnd_medz_wcir_2
localize,#subtitle_zm_cp50_zmnd/zm_cp50_zmnd_medz_wcir_3
localize,#subtitle_zm_cp50_zmnd/zm_cp50_zmnd_medz_wcir_4
localize,#subtitle_zm_cp55_zrke/gabriel_rorke
localize,#subtitle_zm_cp55_zrke/zm_cp55_zrke_rork_arpl_1
localize,#subtitle_zm_cp55_zrke/zm_cp55_zrke_rork_arpl_10
localize,#subtitle_zm_cp55_zrke/zm_cp55_zrke_rork_arpl_2
localize,#subtitle_zm_cp55_zrke/zm_cp55_zrke_rork_arpl_3
localize,#subtitle_zm_cp55_zrke/zm_cp55_zrke_rork_arpl_4
localize,#subtitle_zm_cp55_zrke/zm_cp55_zrke_rork_arpl_5
localize,#subtitle_zm_cp55_zrke/zm_cp55_zrke_rork_arpl_6
localize,#subtitle_zm_cp55_zrke/zm_cp55_zrke_rork_arpl_7
localize,#subtitle_zm_cp55_zrke/zm_cp55_zrke_rork_arpl_8
localize,#subtitle_zm_cp55_zrke/zm_cp55_zrke_rork_arpl_9
localize,#subtitle_zm_cp55_zrke/zm_cp55_zrke_rork_atkz_1
localize,#subtitle_zm_cp55_zrke/zm_cp55_zrke_rork_atkz_10
localize,#subtitle_zm_cp55_zrke/zm_cp55_zrke_rork_atkz_2
localize,#subtitle_zm_cp55_zrke/zm_cp55_zrke_rork_atkz_3
localize,#subtitle_zm_cp55_zrke/zm_cp55_zrke_rork_atkz_4
localize,#subtitle_zm_cp55_zrke/zm_cp55_zrke_rork_atkz_5
localize,#subtitle_zm_cp55_zrke/zm_cp55_zrke_rork_atkz_6
localize,#subtitle_zm_cp55_zrke/zm_cp55_zrke_rork_atkz_7
localize,#subtitle_zm_cp55_zrke/zm_cp55_zrke_rork_atkz_8
localize,#subtitle_zm_cp55_zrke/zm_cp55_zrke_rork_atkz_9
localize,#subtitle_zm_cp55_zrke/zm_cp55_zrke_rork_kmnk_1
localize,#subtitle_zm_cp55_zrke/zm_cp55_zrke_rork_kmnk_2
localize,#subtitle_zm_cp55_zrke/zm_cp55_zrke_rork_kmnk_3
localize,#subtitle_zm_cp55_zrke/zm_cp55_zrke_rork_kmnk_4
localize,#subtitle_zm_cp55_zrke/zm_cp55_zrke_rork_kmnk_5
localize,#subtitle_zm_cp55_zrke/zm_cp55_zrke_rork_kmnk_6
localize,#subtitle_zm_cp55_zrke/zm_cp55_zrke_rork_kzcl_1
localize,#subtitle_zm_cp55_zrke/zm_cp55_zrke_rork_kzcl_10
localize,#subtitle_zm_cp55_zrke/zm_cp55_zrke_rork_kzcl_2
localize,#subtitle_zm_cp55_zrke/zm_cp55_zrke_rork_kzcl_3
localize,#subtitle_zm_cp55_zrke/zm_cp55_zrke_rork_kzcl_4
localize,#subtitle_zm_cp55_zrke/zm_cp55_zrke_rork_kzcl_5
localize,#subtitle_zm_cp55_zrke/zm_cp55_zrke_rork_kzcl_6
localize,#subtitle_zm_cp55_zrke/zm_cp55_zrke_rork_kzcl_7
localize,#subtitle_zm_cp55_zrke/zm_cp55_zrke_rork_kzcl_8
localize,#subtitle_zm_cp55_zrke/zm_cp55_zrke_rork_kzcl_9
localize,#subtitle_zm_cp55_zrke/zm_cp55_zrke_rork_kzhs_1
localize,#subtitle_zm_cp55_zrke/zm_cp55_zrke_rork_kzhs_10
localize,#subtitle_zm_cp55_zrke/zm_cp55_zrke_rork_kzhs_2
localize,#subtitle_zm_cp55_zrke/zm_cp55_zrke_rork_kzhs_3
localize,#subtitle_zm_cp55_zrke/zm_cp55_zrke_rork_kzhs_4
localize,#subtitle_zm_cp55_zrke/zm_cp55_zrke_rork_kzhs_5
localize,#subtitle_zm_cp55_zrke/zm_cp55_zrke_rork_kzhs_6
localize,#subtitle_zm_cp55_zrke/zm_cp55_zrke_rork_kzhs_7
localize,#subtitle_zm_cp55_zrke/zm_cp55_zrke_rork_kzhs_8
localize,#subtitle_zm_cp55_zrke/zm_cp55_zrke_rork_kzhs_9
localize,#subtitle_zm_cp55_zrke/zm_cp55_zrke_rork_kzjg_1
localize,#subtitle_zm_cp55_zrke/zm_cp55_zrke_rork_kzjg_10
localize,#subtitle_zm_cp55_zrke/zm_cp55_zrke_rork_kzjg_2
localize,#subtitle_zm_cp55_zrke/zm_cp55_zrke_rork_kzjg_3
localize,#subtitle_zm_cp55_zrke/zm_cp55_zrke_rork_kzjg_4
localize,#subtitle_zm_cp55_zrke/zm_cp55_zrke_rork_kzjg_5
localize,#subtitle_zm_cp55_zrke/zm_cp55_zrke_rork_kzjg_6
localize,#subtitle_zm_cp55_zrke/zm_cp55_zrke_rork_kzjg_7
localize,#subtitle_zm_cp55_zrke/zm_cp55_zrke_rork_kzjg_8
localize,#subtitle_zm_cp55_zrke/zm_cp55_zrke_rork_kzjg_9
localize,#subtitle_zm_cp55_zrke/zm_cp55_zrke_rork_kzks_1
localize,#subtitle_zm_cp55_zrke/zm_cp55_zrke_rork_kzks_10
localize,#subtitle_zm_cp55_zrke/zm_cp55_zrke_rork_kzks_2
localize,#subtitle_zm_cp55_zrke/zm_cp55_zrke_rork_kzks_3
localize,#subtitle_zm_cp55_zrke/zm_cp55_zrke_rork_kzks_4
localize,#subtitle_zm_cp55_zrke/zm_cp55_zrke_rork_kzks_5
localize,#subtitle_zm_cp55_zrke/zm_cp55_zrke_rork_kzks_6
localize,#subtitle_zm_cp55_zrke/zm_cp55_zrke_rork_kzks_7
localize,#subtitle_zm_cp55_zrke/zm_cp55_zrke_rork_kzks_8
localize,#subtitle_zm_cp55_zrke/zm_cp55_zrke_rork_kzks_9
localize,#subtitle_zm_cp55_zrke/zm_cp55_zrke_rork_kzrv_1
localize,#subtitle_zm_cp55_zrke/zm_cp55_zrke_rork_kzrv_10
localize,#subtitle_zm_cp55_zrke/zm_cp55_zrke_rork_kzrv_2
localize,#subtitle_zm_cp55_zrke/zm_cp55_zrke_rork_kzrv_3
localize,#subtitle_zm_cp55_zrke/zm_cp55_zrke_rork_kzrv_4
localize,#subtitle_zm_cp55_zrke/zm_cp55_zrke_rork_kzrv_5
localize,#subtitle_zm_cp55_zrke/zm_cp55_zrke_rork_kzrv_6
localize,#subtitle_zm_cp55_zrke/zm_cp55_zrke_rork_kzrv_7
localize,#subtitle_zm_cp55_zrke/zm_cp55_zrke_rork_kzrv_8
localize,#subtitle_zm_cp55_zrke/zm_cp55_zrke_rork_kzrv_9
localize,#subtitle_zm_cp55_zrke/zm_cp55_zrke_rork_kzsu_1
localize,#subtitle_zm_cp55_zrke/zm_cp55_zrke_rork_kzsu_10
localize,#subtitle_zm_cp55_zrke/zm_cp55_zrke_rork_kzsu_2
localize,#subtitle_zm_cp55_zrke/zm_cp55_zrke_rork_kzsu_3
localize,#subtitle_zm_cp55_zrke/zm_cp55_zrke_rork_kzsu_4
localize,#subtitle_zm_cp55_zrke/zm_cp55_zrke_rork_kzsu_5
localize,#subtitle_zm_cp55_zrke/zm_cp55_zrke_rork_kzsu_6
localize,#subtitle_zm_cp55_zrke/zm_cp55_zrke_rork_kzsu_7
localize,#subtitle_zm_cp55_zrke/zm_cp55_zrke_rork_kzsu_8
localize,#subtitle_zm_cp55_zrke/zm_cp55_zrke_rork_kzsu_9
localize,#subtitle_zm_cp55_zrke/zm_cp55_zrke_rork_pitm_1
localize,#subtitle_zm_cp55_zrke/zm_cp55_zrke_rork_pitm_10
localize,#subtitle_zm_cp55_zrke/zm_cp55_zrke_rork_pitm_2
localize,#subtitle_zm_cp55_zrke/zm_cp55_zrke_rork_pitm_3
localize,#subtitle_zm_cp55_zrke/zm_cp55_zrke_rork_pitm_4
localize,#subtitle_zm_cp55_zrke/zm_cp55_zrke_rork_pitm_5
localize,#subtitle_zm_cp55_zrke/zm_cp55_zrke_rork_pitm_6
localize,#subtitle_zm_cp55_zrke/zm_cp55_zrke_rork_pitm_7
localize,#subtitle_zm_cp55_zrke/zm_cp55_zrke_rork_pitm_8
localize,#subtitle_zm_cp55_zrke/zm_cp55_zrke_rork_pitm_9
localize,#subtitle_zm_cp55_zrke/zm_cp55_zrke_rork_plmg_1
localize,#subtitle_zm_cp55_zrke/zm_cp55_zrke_rork_plmg_2
localize,#subtitle_zm_cp55_zrke/zm_cp55_zrke_rork_plmg_3
localize,#subtitle_zm_cp55_zrke/zm_cp55_zrke_rork_plmg_4
localize,#subtitle_zm_cp55_zrke/zm_cp55_zrke_rork_plmg_5
localize,#subtitle_zm_cp55_zrke/zm_cp55_zrke_rork_pmel_1
localize,#subtitle_zm_cp55_zrke/zm_cp55_zrke_rork_pmel_2
localize,#subtitle_zm_cp55_zrke/zm_cp55_zrke_rork_pmel_3
localize,#subtitle_zm_cp55_zrke/zm_cp55_zrke_rork_pmel_4
localize,#subtitle_zm_cp55_zrke/zm_cp55_zrke_rork_pmel_5
localize,#subtitle_zm_cp55_zrke/zm_cp55_zrke_rork_pmrk_1
localize,#subtitle_zm_cp55_zrke/zm_cp55_zrke_rork_pmrk_2
localize,#subtitle_zm_cp55_zrke/zm_cp55_zrke_rork_pmrk_3
localize,#subtitle_zm_cp55_zrke/zm_cp55_zrke_rork_pmrk_4
localize,#subtitle_zm_cp55_zrke/zm_cp55_zrke_rork_pmrk_5
localize,#subtitle_zm_cp55_zrke/zm_cp55_zrke_rork_psht_1
localize,#subtitle_zm_cp55_zrke/zm_cp55_zrke_rork_psht_2
localize,#subtitle_zm_cp55_zrke/zm_cp55_zrke_rork_psht_3
localize,#subtitle_zm_cp55_zrke/zm_cp55_zrke_rork_psht_4
localize,#subtitle_zm_cp55_zrke/zm_cp55_zrke_rork_psht_5
localize,#subtitle_zm_cp55_zrke/zm_cp55_zrke_rork_psmg_1
localize,#subtitle_zm_cp55_zrke/zm_cp55_zrke_rork_psmg_2
localize,#subtitle_zm_cp55_zrke/zm_cp55_zrke_rork_psmg_3
localize,#subtitle_zm_cp55_zrke/zm_cp55_zrke_rork_psmg_4
localize,#subtitle_zm_cp55_zrke/zm_cp55_zrke_rork_psmg_5
localize,#subtitle_zm_cp55_zrke/zm_cp55_zrke_rork_psnp_1
localize,#subtitle_zm_cp55_zrke/zm_cp55_zrke_rork_psnp_2
localize,#subtitle_zm_cp55_zrke/zm_cp55_zrke_rork_psnp_3
localize,#subtitle_zm_cp55_zrke/zm_cp55_zrke_rork_psnp_4
localize,#subtitle_zm_cp55_zrke/zm_cp55_zrke_rork_psnp_5
localize,#subtitle_zm_cp55_zrke/zm_cp55_zrke_rork_pwar_1
localize,#subtitle_zm_cp55_zrke/zm_cp55_zrke_rork_pwar_2
localize,#subtitle_zm_cp55_zrke/zm_cp55_zrke_rork_pwar_3
localize,#subtitle_zm_cp55_zrke/zm_cp55_zrke_rork_pwar_4
localize,#subtitle_zm_cp55_zrke/zm_cp55_zrke_rork_pwar_5
localize,#subtitle_zm_cp55_zrke/zm_cp55_zrke_rork_pwpn_1
localize,#subtitle_zm_cp55_zrke/zm_cp55_zrke_rork_pwpn_2
localize,#subtitle_zm_cp55_zrke/zm_cp55_zrke_rork_pwpn_3
localize,#subtitle_zm_cp55_zrke/zm_cp55_zrke_rork_pwpn_4
localize,#subtitle_zm_cp55_zrke/zm_cp55_zrke_rork_pwpn_5
localize,#subtitle_zm_cp55_zrke/zm_cp55_zrke_rork_raup_1
localize,#subtitle_zm_cp55_zrke/zm_cp55_zrke_rork_raup_10
localize,#subtitle_zm_cp55_zrke/zm_cp55_zrke_rork_raup_2
localize,#subtitle_zm_cp55_zrke/zm_cp55_zrke_rork_raup_3
localize,#subtitle_zm_cp55_zrke/zm_cp55_zrke_rork_raup_4
localize,#subtitle_zm_cp55_zrke/zm_cp55_zrke_rork_raup_5
localize,#subtitle_zm_cp55_zrke/zm_cp55_zrke_rork_raup_6
localize,#subtitle_zm_cp55_zrke/zm_cp55_zrke_rork_raup_7
localize,#subtitle_zm_cp55_zrke/zm_cp55_zrke_rork_raup_8
localize,#subtitle_zm_cp55_zrke/zm_cp55_zrke_rork_raup_9
localize,#subtitle_zm_cp55_zrke/zm_cp55_zrke_rork_rcvn_1
localize,#subtitle_zm_cp55_zrke/zm_cp55_zrke_rork_rcvn_10
localize,#subtitle_zm_cp55_zrke/zm_cp55_zrke_rork_rcvn_2
localize,#subtitle_zm_cp55_zrke/zm_cp55_zrke_rork_rcvn_3
localize,#subtitle_zm_cp55_zrke/zm_cp55_zrke_rork_rcvn_4
localize,#subtitle_zm_cp55_zrke/zm_cp55_zrke_rork_rcvn_5
localize,#subtitle_zm_cp55_zrke/zm_cp55_zrke_rork_rcvn_6
localize,#subtitle_zm_cp55_zrke/zm_cp55_zrke_rork_rcvn_7
localize,#subtitle_zm_cp55_zrke/zm_cp55_zrke_rork_rcvn_8
localize,#subtitle_zm_cp55_zrke/zm_cp55_zrke_rork_rcvn_9
localize,#subtitle_zm_cp55_zrke/zm_cp55_zrke_rork_rdwn_1
localize,#subtitle_zm_cp55_zrke/zm_cp55_zrke_rork_rdwn_2
localize,#subtitle_zm_cp55_zrke/zm_cp55_zrke_rork_rdwn_3
localize,#subtitle_zm_cp55_zrke/zm_cp55_zrke_rork_rdwn_4
localize,#subtitle_zm_cp55_zrke/zm_cp55_zrke_rork_rdwn_5
localize,#subtitle_zm_cp55_zrke/zm_cp55_zrke_rork_rdwn_6
localize,#subtitle_zm_cp55_zrke/zm_cp55_zrke_rork_rdwn_7
localize,#subtitle_zm_cp55_zrke/zm_cp55_zrke_rork_rdwn_8
localize,#subtitle_zm_cp55_zrke/zm_cp55_zrke_rork_rplr_1
localize,#subtitle_zm_cp55_zrke/zm_cp55_zrke_rork_rplr_10
localize,#subtitle_zm_cp55_zrke/zm_cp55_zrke_rork_rplr_2
localize,#subtitle_zm_cp55_zrke/zm_cp55_zrke_rork_rplr_3
localize,#subtitle_zm_cp55_zrke/zm_cp55_zrke_rork_rplr_4
localize,#subtitle_zm_cp55_zrke/zm_cp55_zrke_rork_rplr_5
localize,#subtitle_zm_cp55_zrke/zm_cp55_zrke_rork_rplr_6
localize,#subtitle_zm_cp55_zrke/zm_cp55_zrke_rork_rplr_7
localize,#subtitle_zm_cp55_zrke/zm_cp55_zrke_rork_rplr_8
localize,#subtitle_zm_cp55_zrke/zm_cp55_zrke_rork_rplr_9
localize,#subtitle_zm_cp55_zrke/zm_cp55_zrke_rork_rprk_1
localize,#subtitle_zm_cp55_zrke/zm_cp55_zrke_rork_rprk_10
localize,#subtitle_zm_cp55_zrke/zm_cp55_zrke_rork_rprk_2
localize,#subtitle_zm_cp55_zrke/zm_cp55_zrke_rork_rprk_3
localize,#subtitle_zm_cp55_zrke/zm_cp55_zrke_rork_rprk_4
localize,#subtitle_zm_cp55_zrke/zm_cp55_zrke_rork_rprk_5
localize,#subtitle_zm_cp55_zrke/zm_cp55_zrke_rork_rprk_6
localize,#subtitle_zm_cp55_zrke/zm_cp55_zrke_rork_rprk_7
localize,#subtitle_zm_cp55_zrke/zm_cp55_zrke_rork_rprk_8
localize,#subtitle_zm_cp55_zrke/zm_cp55_zrke_rork_rprk_9
localize,#subtitle_zm_cp55_zrke/zm_cp55_zrke_rork_rrev_1
localize,#subtitle_zm_cp55_zrke/zm_cp55_zrke_rork_rrev_2
localize,#subtitle_zm_cp55_zrke/zm_cp55_zrke_rork_rrev_3
localize,#subtitle_zm_cp55_zrke/zm_cp55_zrke_rork_rrev_4
localize,#subtitle_zm_cp55_zrke/zm_cp55_zrke_rork_rrev_5
localize,#subtitle_zm_cp55_zrke/zm_cp55_zrke_rork_rrev_6
localize,#subtitle_zm_cp55_zrke/zm_cp55_zrke_rork_rrev_7
localize,#subtitle_zm_cp55_zrke/zm_cp55_zrke_rork_rrev_8
localize,#subtitle_zm_cp55_zrke/zm_cp55_zrke_rork_rrvr_1
localize,#subtitle_zm_cp55_zrke/zm_cp55_zrke_rork_rrvr_2
localize,#subtitle_zm_cp55_zrke/zm_cp55_zrke_rork_rrvr_3
localize,#subtitle_zm_cp55_zrke/zm_cp55_zrke_rork_rrvr_4
localize,#subtitle_zm_cp55_zrke/zm_cp55_zrke_rork_rrvr_5
localize,#subtitle_zm_cp55_zrke/zm_cp55_zrke_rork_rrvr_6
localize,#subtitle_zm_cp55_zrke/zm_cp55_zrke_rork_rrvr_7
localize,#subtitle_zm_cp55_zrke/zm_cp55_zrke_rork_rrvr_8
localize,#subtitle_zm_cp55_zrke/zm_cp55_zrke_rork_sdma_1
localize,#subtitle_zm_cp55_zrke/zm_cp55_zrke_rork_sdma_2
localize,#subtitle_zm_cp55_zrke/zm_cp55_zrke_rork_sdma_3
localize,#subtitle_zm_cp55_zrke/zm_cp55_zrke_rork_sdma_4
localize,#subtitle_zm_cp55_zrke/zm_cp55_zrke_rork_sdmd_1
localize,#subtitle_zm_cp55_zrke/zm_cp55_zrke_rork_sdmd_2
localize,#subtitle_zm_cp55_zrke/zm_cp55_zrke_rork_sdmd_3
localize,#subtitle_zm_cp55_zrke/zm_cp55_zrke_rork_sdmd_4
localize,#subtitle_zm_cp55_zrke/zm_cp55_zrke_rork_sdml_1
localize,#subtitle_zm_cp55_zrke/zm_cp55_zrke_rork_sdml_2
localize,#subtitle_zm_cp55_zrke/zm_cp55_zrke_rork_sdml_3
localize,#subtitle_zm_cp55_zrke/zm_cp55_zrke_rork_sdml_4
localize,#subtitle_zm_cp55_zrke/zm_cp55_zrke_rork_swma_1
localize,#subtitle_zm_cp55_zrke/zm_cp55_zrke_rork_swma_2
localize,#subtitle_zm_cp55_zrke/zm_cp55_zrke_rork_swma_3
localize,#subtitle_zm_cp55_zrke/zm_cp55_zrke_rork_swma_4
localize,#subtitle_zm_cp55_zrke/zm_cp55_zrke_rork_swmd_1
localize,#subtitle_zm_cp55_zrke/zm_cp55_zrke_rork_swmd_2
localize,#subtitle_zm_cp55_zrke/zm_cp55_zrke_rork_swmd_3
localize,#subtitle_zm_cp55_zrke/zm_cp55_zrke_rork_swmd_4
localize,#subtitle_zm_cp55_zrke/zm_cp55_zrke_rork_swml_1
localize,#subtitle_zm_cp55_zrke/zm_cp55_zrke_rork_swml_2
localize,#subtitle_zm_cp55_zrke/zm_cp55_zrke_rork_swml_3
localize,#subtitle_zm_cp55_zrke/zm_cp55_zrke_rork_swml_4
localize,#subtitle_zm_cp55_zrke/zm_cp55_zrke_rork_wcir_1
localize,#subtitle_zm_cp55_zrke/zm_cp55_zrke_rork_wcir_2
localize,#subtitle_zm_cp55_zrke/zm_cp55_zrke_rork_wcir_3
localize,#subtitle_zm_cp55_zrke/zm_cp55_zrke_rork_wcir_4
localize,#subtitle_zm_cp55_zsrp/zhenzhen_seraph_he
localize,#subtitle_zm_cp55_zsrp/zm_cp55_zsrp_sera_arpl_1
localize,#subtitle_zm_cp55_zsrp/zm_cp55_zsrp_sera_arpl_10
localize,#subtitle_zm_cp55_zsrp/zm_cp55_zsrp_sera_arpl_2
localize,#subtitle_zm_cp55_zsrp/zm_cp55_zsrp_sera_arpl_3
localize,#subtitle_zm_cp55_zsrp/zm_cp55_zsrp_sera_arpl_4
localize,#subtitle_zm_cp55_zsrp/zm_cp55_zsrp_sera_arpl_5
localize,#subtitle_zm_cp55_zsrp/zm_cp55_zsrp_sera_arpl_6
localize,#subtitle_zm_cp55_zsrp/zm_cp55_zsrp_sera_arpl_7
localize,#subtitle_zm_cp55_zsrp/zm_cp55_zsrp_sera_arpl_8
localize,#subtitle_zm_cp55_zsrp/zm_cp55_zsrp_sera_arpl_9
localize,#subtitle_zm_cp55_zsrp/zm_cp55_zsrp_sera_atkz_1
localize,#subtitle_zm_cp55_zsrp/zm_cp55_zsrp_sera_atkz_10
localize,#subtitle_zm_cp55_zsrp/zm_cp55_zsrp_sera_atkz_2
localize,#subtitle_zm_cp55_zsrp/zm_cp55_zsrp_sera_atkz_3
localize,#subtitle_zm_cp55_zsrp/zm_cp55_zsrp_sera_atkz_4
localize,#subtitle_zm_cp55_zsrp/zm_cp55_zsrp_sera_atkz_5
localize,#subtitle_zm_cp55_zsrp/zm_cp55_zsrp_sera_atkz_6
localize,#subtitle_zm_cp55_zsrp/zm_cp55_zsrp_sera_atkz_7
localize,#subtitle_zm_cp55_zsrp/zm_cp55_zsrp_sera_atkz_8
localize,#subtitle_zm_cp55_zsrp/zm_cp55_zsrp_sera_atkz_9
localize,#subtitle_zm_cp55_zsrp/zm_cp55_zsrp_sera_kmnk_1
localize,#subtitle_zm_cp55_zsrp/zm_cp55_zsrp_sera_kmnk_2
localize,#subtitle_zm_cp55_zsrp/zm_cp55_zsrp_sera_kmnk_3
localize,#subtitle_zm_cp55_zsrp/zm_cp55_zsrp_sera_kmnk_4
localize,#subtitle_zm_cp55_zsrp/zm_cp55_zsrp_sera_kmnk_5
localize,#subtitle_zm_cp55_zsrp/zm_cp55_zsrp_sera_kmnk_6
localize,#subtitle_zm_cp55_zsrp/zm_cp55_zsrp_sera_kzcl_1
localize,#subtitle_zm_cp55_zsrp/zm_cp55_zsrp_sera_kzcl_10
localize,#subtitle_zm_cp55_zsrp/zm_cp55_zsrp_sera_kzcl_2
localize,#subtitle_zm_cp55_zsrp/zm_cp55_zsrp_sera_kzcl_3
localize,#subtitle_zm_cp55_zsrp/zm_cp55_zsrp_sera_kzcl_4
localize,#subtitle_zm_cp55_zsrp/zm_cp55_zsrp_sera_kzcl_5
localize,#subtitle_zm_cp55_zsrp/zm_cp55_zsrp_sera_kzcl_6
localize,#subtitle_zm_cp55_zsrp/zm_cp55_zsrp_sera_kzcl_7
localize,#subtitle_zm_cp55_zsrp/zm_cp55_zsrp_sera_kzcl_8
localize,#subtitle_zm_cp55_zsrp/zm_cp55_zsrp_sera_kzcl_9
localize,#subtitle_zm_cp55_zsrp/zm_cp55_zsrp_sera_kzhs_1
localize,#subtitle_zm_cp55_zsrp/zm_cp55_zsrp_sera_kzhs_10
localize,#subtitle_zm_cp55_zsrp/zm_cp55_zsrp_sera_kzhs_2
localize,#subtitle_zm_cp55_zsrp/zm_cp55_zsrp_sera_kzhs_3
localize,#subtitle_zm_cp55_zsrp/zm_cp55_zsrp_sera_kzhs_4
localize,#subtitle_zm_cp55_zsrp/zm_cp55_zsrp_sera_kzhs_5
localize,#subtitle_zm_cp55_zsrp/zm_cp55_zsrp_sera_kzhs_6
localize,#subtitle_zm_cp55_zsrp/zm_cp55_zsrp_sera_kzhs_7
localize,#subtitle_zm_cp55_zsrp/zm_cp55_zsrp_sera_kzhs_8
localize,#subtitle_zm_cp55_zsrp/zm_cp55_zsrp_sera_kzhs_9
localize,#subtitle_zm_cp55_zsrp/zm_cp55_zsrp_sera_kzjg_1
localize,#subtitle_zm_cp55_zsrp/zm_cp55_zsrp_sera_kzjg_10
localize,#subtitle_zm_cp55_zsrp/zm_cp55_zsrp_sera_kzjg_2
localize,#subtitle_zm_cp55_zsrp/zm_cp55_zsrp_sera_kzjg_3
localize,#subtitle_zm_cp55_zsrp/zm_cp55_zsrp_sera_kzjg_4
localize,#subtitle_zm_cp55_zsrp/zm_cp55_zsrp_sera_kzjg_5
localize,#subtitle_zm_cp55_zsrp/zm_cp55_zsrp_sera_kzjg_6
localize,#subtitle_zm_cp55_zsrp/zm_cp55_zsrp_sera_kzjg_7
localize,#subtitle_zm_cp55_zsrp/zm_cp55_zsrp_sera_kzjg_8
localize,#subtitle_zm_cp55_zsrp/zm_cp55_zsrp_sera_kzjg_9
localize,#subtitle_zm_cp55_zsrp/zm_cp55_zsrp_sera_kzks_1
localize,#subtitle_zm_cp55_zsrp/zm_cp55_zsrp_sera_kzks_10
localize,#subtitle_zm_cp55_zsrp/zm_cp55_zsrp_sera_kzks_2
localize,#subtitle_zm_cp55_zsrp/zm_cp55_zsrp_sera_kzks_3
localize,#subtitle_zm_cp55_zsrp/zm_cp55_zsrp_sera_kzks_4
localize,#subtitle_zm_cp55_zsrp/zm_cp55_zsrp_sera_kzks_5
localize,#subtitle_zm_cp55_zsrp/zm_cp55_zsrp_sera_kzks_6
localize,#subtitle_zm_cp55_zsrp/zm_cp55_zsrp_sera_kzks_7
localize,#subtitle_zm_cp55_zsrp/zm_cp55_zsrp_sera_kzks_8
localize,#subtitle_zm_cp55_zsrp/zm_cp55_zsrp_sera_kzks_9
localize,#subtitle_zm_cp55_zsrp/zm_cp55_zsrp_sera_kzrv_1
localize,#subtitle_zm_cp55_zsrp/zm_cp55_zsrp_sera_kzrv_10
localize,#subtitle_zm_cp55_zsrp/zm_cp55_zsrp_sera_kzrv_2
localize,#subtitle_zm_cp55_zsrp/zm_cp55_zsrp_sera_kzrv_3
localize,#subtitle_zm_cp55_zsrp/zm_cp55_zsrp_sera_kzrv_4
localize,#subtitle_zm_cp55_zsrp/zm_cp55_zsrp_sera_kzrv_5
localize,#subtitle_zm_cp55_zsrp/zm_cp55_zsrp_sera_kzrv_6
localize,#subtitle_zm_cp55_zsrp/zm_cp55_zsrp_sera_kzrv_7
localize,#subtitle_zm_cp55_zsrp/zm_cp55_zsrp_sera_kzrv_8
localize,#subtitle_zm_cp55_zsrp/zm_cp55_zsrp_sera_kzrv_9
localize,#subtitle_zm_cp55_zsrp/zm_cp55_zsrp_sera_kzsu_1
localize,#subtitle_zm_cp55_zsrp/zm_cp55_zsrp_sera_kzsu_10
localize,#subtitle_zm_cp55_zsrp/zm_cp55_zsrp_sera_kzsu_2
localize,#subtitle_zm_cp55_zsrp/zm_cp55_zsrp_sera_kzsu_3
localize,#subtitle_zm_cp55_zsrp/zm_cp55_zsrp_sera_kzsu_4
localize,#subtitle_zm_cp55_zsrp/zm_cp55_zsrp_sera_kzsu_5
localize,#subtitle_zm_cp55_zsrp/zm_cp55_zsrp_sera_kzsu_6
localize,#subtitle_zm_cp55_zsrp/zm_cp55_zsrp_sera_kzsu_7
localize,#subtitle_zm_cp55_zsrp/zm_cp55_zsrp_sera_kzsu_8
localize,#subtitle_zm_cp55_zsrp/zm_cp55_zsrp_sera_kzsu_9
localize,#subtitle_zm_cp55_zsrp/zm_cp55_zsrp_sera_pitm_1
localize,#subtitle_zm_cp55_zsrp/zm_cp55_zsrp_sera_pitm_10
localize,#subtitle_zm_cp55_zsrp/zm_cp55_zsrp_sera_pitm_2
localize,#subtitle_zm_cp55_zsrp/zm_cp55_zsrp_sera_pitm_3
localize,#subtitle_zm_cp55_zsrp/zm_cp55_zsrp_sera_pitm_4
localize,#subtitle_zm_cp55_zsrp/zm_cp55_zsrp_sera_pitm_5
localize,#subtitle_zm_cp55_zsrp/zm_cp55_zsrp_sera_pitm_6
localize,#subtitle_zm_cp55_zsrp/zm_cp55_zsrp_sera_pitm_7
localize,#subtitle_zm_cp55_zsrp/zm_cp55_zsrp_sera_pitm_8
localize,#subtitle_zm_cp55_zsrp/zm_cp55_zsrp_sera_pitm_9
localize,#subtitle_zm_cp55_zsrp/zm_cp55_zsrp_sera_plmg_1
localize,#subtitle_zm_cp55_zsrp/zm_cp55_zsrp_sera_plmg_2
localize,#subtitle_zm_cp55_zsrp/zm_cp55_zsrp_sera_plmg_3
localize,#subtitle_zm_cp55_zsrp/zm_cp55_zsrp_sera_plmg_4
localize,#subtitle_zm_cp55_zsrp/zm_cp55_zsrp_sera_plmg_5
localize,#subtitle_zm_cp55_zsrp/zm_cp55_zsrp_sera_pmel_1
localize,#subtitle_zm_cp55_zsrp/zm_cp55_zsrp_sera_pmel_2
localize,#subtitle_zm_cp55_zsrp/zm_cp55_zsrp_sera_pmel_3
localize,#subtitle_zm_cp55_zsrp/zm_cp55_zsrp_sera_pmel_4
localize,#subtitle_zm_cp55_zsrp/zm_cp55_zsrp_sera_pmel_5
localize,#subtitle_zm_cp55_zsrp/zm_cp55_zsrp_sera_pmrk_1
localize,#subtitle_zm_cp55_zsrp/zm_cp55_zsrp_sera_pmrk_2
localize,#subtitle_zm_cp55_zsrp/zm_cp55_zsrp_sera_pmrk_3
localize,#subtitle_zm_cp55_zsrp/zm_cp55_zsrp_sera_pmrk_4
localize,#subtitle_zm_cp55_zsrp/zm_cp55_zsrp_sera_pmrk_5
localize,#subtitle_zm_cp55_zsrp/zm_cp55_zsrp_sera_psht_1
localize,#subtitle_zm_cp55_zsrp/zm_cp55_zsrp_sera_psht_2
localize,#subtitle_zm_cp55_zsrp/zm_cp55_zsrp_sera_psht_3
localize,#subtitle_zm_cp55_zsrp/zm_cp55_zsrp_sera_psht_4
localize,#subtitle_zm_cp55_zsrp/zm_cp55_zsrp_sera_psht_5
localize,#subtitle_zm_cp55_zsrp/zm_cp55_zsrp_sera_psmg_1
localize,#subtitle_zm_cp55_zsrp/zm_cp55_zsrp_sera_psmg_2
localize,#subtitle_zm_cp55_zsrp/zm_cp55_zsrp_sera_psmg_3
localize,#subtitle_zm_cp55_zsrp/zm_cp55_zsrp_sera_psmg_4
localize,#subtitle_zm_cp55_zsrp/zm_cp55_zsrp_sera_psmg_5
localize,#subtitle_zm_cp55_zsrp/zm_cp55_zsrp_sera_psnp_1
localize,#subtitle_zm_cp55_zsrp/zm_cp55_zsrp_sera_psnp_2
localize,#subtitle_zm_cp55_zsrp/zm_cp55_zsrp_sera_psnp_3
localize,#subtitle_zm_cp55_zsrp/zm_cp55_zsrp_sera_psnp_4
localize,#subtitle_zm_cp55_zsrp/zm_cp55_zsrp_sera_psnp_5
localize,#subtitle_zm_cp55_zsrp/zm_cp55_zsrp_sera_pwar_1
localize,#subtitle_zm_cp55_zsrp/zm_cp55_zsrp_sera_pwar_2
localize,#subtitle_zm_cp55_zsrp/zm_cp55_zsrp_sera_pwar_3
localize,#subtitle_zm_cp55_zsrp/zm_cp55_zsrp_sera_pwar_4
localize,#subtitle_zm_cp55_zsrp/zm_cp55_zsrp_sera_pwar_5
localize,#subtitle_zm_cp55_zsrp/zm_cp55_zsrp_sera_pwpn_1
localize,#subtitle_zm_cp55_zsrp/zm_cp55_zsrp_sera_pwpn_2
localize,#subtitle_zm_cp55_zsrp/zm_cp55_zsrp_sera_pwpn_3
localize,#subtitle_zm_cp55_zsrp/zm_cp55_zsrp_sera_pwpn_4
localize,#subtitle_zm_cp55_zsrp/zm_cp55_zsrp_sera_pwpn_5
localize,#subtitle_zm_cp55_zsrp/zm_cp55_zsrp_sera_raup_1
localize,#subtitle_zm_cp55_zsrp/zm_cp55_zsrp_sera_raup_10
localize,#subtitle_zm_cp55_zsrp/zm_cp55_zsrp_sera_raup_2
localize,#subtitle_zm_cp55_zsrp/zm_cp55_zsrp_sera_raup_3
localize,#subtitle_zm_cp55_zsrp/zm_cp55_zsrp_sera_raup_4
localize,#subtitle_zm_cp55_zsrp/zm_cp55_zsrp_sera_raup_5
localize,#subtitle_zm_cp55_zsrp/zm_cp55_zsrp_sera_raup_6
localize,#subtitle_zm_cp55_zsrp/zm_cp55_zsrp_sera_raup_7
localize,#subtitle_zm_cp55_zsrp/zm_cp55_zsrp_sera_raup_8
localize,#subtitle_zm_cp55_zsrp/zm_cp55_zsrp_sera_raup_9
localize,#subtitle_zm_cp55_zsrp/zm_cp55_zsrp_sera_rcvn_1
localize,#subtitle_zm_cp55_zsrp/zm_cp55_zsrp_sera_rcvn_10
localize,#subtitle_zm_cp55_zsrp/zm_cp55_zsrp_sera_rcvn_2
localize,#subtitle_zm_cp55_zsrp/zm_cp55_zsrp_sera_rcvn_3
localize,#subtitle_zm_cp55_zsrp/zm_cp55_zsrp_sera_rcvn_4
localize,#subtitle_zm_cp55_zsrp/zm_cp55_zsrp_sera_rcvn_5
localize,#subtitle_zm_cp55_zsrp/zm_cp55_zsrp_sera_rcvn_6
localize,#subtitle_zm_cp55_zsrp/zm_cp55_zsrp_sera_rcvn_7
localize,#subtitle_zm_cp55_zsrp/zm_cp55_zsrp_sera_rcvn_8
localize,#subtitle_zm_cp55_zsrp/zm_cp55_zsrp_sera_rcvn_9
localize,#subtitle_zm_cp55_zsrp/zm_cp55_zsrp_sera_rdwn_1
localize,#subtitle_zm_cp55_zsrp/zm_cp55_zsrp_sera_rdwn_2
localize,#subtitle_zm_cp55_zsrp/zm_cp55_zsrp_sera_rdwn_3
localize,#subtitle_zm_cp55_zsrp/zm_cp55_zsrp_sera_rdwn_4
localize,#subtitle_zm_cp55_zsrp/zm_cp55_zsrp_sera_rdwn_5
localize,#subtitle_zm_cp55_zsrp/zm_cp55_zsrp_sera_rdwn_6
localize,#subtitle_zm_cp55_zsrp/zm_cp55_zsrp_sera_rdwn_7
localize,#subtitle_zm_cp55_zsrp/zm_cp55_zsrp_sera_rdwn_8
localize,#subtitle_zm_cp55_zsrp/zm_cp55_zsrp_sera_rplr_1
localize,#subtitle_zm_cp55_zsrp/zm_cp55_zsrp_sera_rplr_10
localize,#subtitle_zm_cp55_zsrp/zm_cp55_zsrp_sera_rplr_2
localize,#subtitle_zm_cp55_zsrp/zm_cp55_zsrp_sera_rplr_3
localize,#subtitle_zm_cp55_zsrp/zm_cp55_zsrp_sera_rplr_4
localize,#subtitle_zm_cp55_zsrp/zm_cp55_zsrp_sera_rplr_5
localize,#subtitle_zm_cp55_zsrp/zm_cp55_zsrp_sera_rplr_6
localize,#subtitle_zm_cp55_zsrp/zm_cp55_zsrp_sera_rplr_7
localize,#subtitle_zm_cp55_zsrp/zm_cp55_zsrp_sera_rplr_8
localize,#subtitle_zm_cp55_zsrp/zm_cp55_zsrp_sera_rplr_9
localize,#subtitle_zm_cp55_zsrp/zm_cp55_zsrp_sera_rprk_1
localize,#subtitle_zm_cp55_zsrp/zm_cp55_zsrp_sera_rprk_10
localize,#subtitle_zm_cp55_zsrp/zm_cp55_zsrp_sera_rprk_2
localize,#subtitle_zm_cp55_zsrp/zm_cp55_zsrp_sera_rprk_3
localize,#subtitle_zm_cp55_zsrp/zm_cp55_zsrp_sera_rprk_4
localize,#subtitle_zm_cp55_zsrp/zm_cp55_zsrp_sera_rprk_5
localize,#subtitle_zm_cp55_zsrp/zm_cp55_zsrp_sera_rprk_6
localize,#subtitle_zm_cp55_zsrp/zm_cp55_zsrp_sera_rprk_7
localize,#subtitle_zm_cp55_zsrp/zm_cp55_zsrp_sera_rprk_8
localize,#subtitle_zm_cp55_zsrp/zm_cp55_zsrp_sera_rprk_9
localize,#subtitle_zm_cp55_zsrp/zm_cp55_zsrp_sera_rrev_1
localize,#subtitle_zm_cp55_zsrp/zm_cp55_zsrp_sera_rrev_2
localize,#subtitle_zm_cp55_zsrp/zm_cp55_zsrp_sera_rrev_3
localize,#subtitle_zm_cp55_zsrp/zm_cp55_zsrp_sera_rrev_4
localize,#subtitle_zm_cp55_zsrp/zm_cp55_zsrp_sera_rrev_5
localize,#subtitle_zm_cp55_zsrp/zm_cp55_zsrp_sera_rrev_6
localize,#subtitle_zm_cp55_zsrp/zm_cp55_zsrp_sera_rrev_7
localize,#subtitle_zm_cp55_zsrp/zm_cp55_zsrp_sera_rrev_8
localize,#subtitle_zm_cp55_zsrp/zm_cp55_zsrp_sera_rrvr_1
localize,#subtitle_zm_cp55_zsrp/zm_cp55_zsrp_sera_rrvr_2
localize,#subtitle_zm_cp55_zsrp/zm_cp55_zsrp_sera_rrvr_3
localize,#subtitle_zm_cp55_zsrp/zm_cp55_zsrp_sera_rrvr_4
localize,#subtitle_zm_cp55_zsrp/zm_cp55_zsrp_sera_rrvr_5
localize,#subtitle_zm_cp55_zsrp/zm_cp55_zsrp_sera_rrvr_6
localize,#subtitle_zm_cp55_zsrp/zm_cp55_zsrp_sera_rrvr_7
localize,#subtitle_zm_cp55_zsrp/zm_cp55_zsrp_sera_rrvr_8
localize,#subtitle_zm_cp55_zsrp/zm_cp55_zsrp_sera_sdma_1
localize,#subtitle_zm_cp55_zsrp/zm_cp55_zsrp_sera_sdma_2
localize,#subtitle_zm_cp55_zsrp/zm_cp55_zsrp_sera_sdma_3
localize,#subtitle_zm_cp55_zsrp/zm_cp55_zsrp_sera_sdma_4
localize,#subtitle_zm_cp55_zsrp/zm_cp55_zsrp_sera_sdmd_1
localize,#subtitle_zm_cp55_zsrp/zm_cp55_zsrp_sera_sdmd_2
localize,#subtitle_zm_cp55_zsrp/zm_cp55_zsrp_sera_sdmd_3
localize,#subtitle_zm_cp55_zsrp/zm_cp55_zsrp_sera_sdmd_4
localize,#subtitle_zm_cp55_zsrp/zm_cp55_zsrp_sera_sdml_1
localize,#subtitle_zm_cp55_zsrp/zm_cp55_zsrp_sera_sdml_2
localize,#subtitle_zm_cp55_zsrp/zm_cp55_zsrp_sera_sdml_3
localize,#subtitle_zm_cp55_zsrp/zm_cp55_zsrp_sera_sdml_4
localize,#subtitle_zm_cp55_zsrp/zm_cp55_zsrp_sera_swma_1
localize,#subtitle_zm_cp55_zsrp/zm_cp55_zsrp_sera_swma_2
localize,#subtitle_zm_cp55_zsrp/zm_cp55_zsrp_sera_swma_3
localize,#subtitle_zm_cp55_zsrp/zm_cp55_zsrp_sera_swma_4
localize,#subtitle_zm_cp55_zsrp/zm_cp55_zsrp_sera_swmd_1
localize,#subtitle_zm_cp55_zsrp/zm_cp55_zsrp_sera_swmd_2
localize,#subtitle_zm_cp55_zsrp/zm_cp55_zsrp_sera_swmd_3
localize,#subtitle_zm_cp55_zsrp/zm_cp55_zsrp_sera_swmd_4
localize,#subtitle_zm_cp55_zsrp/zm_cp55_zsrp_sera_swml_1
localize,#subtitle_zm_cp55_zsrp/zm_cp55_zsrp_sera_swml_2
localize,#subtitle_zm_cp55_zsrp/zm_cp55_zsrp_sera_swml_3
localize,#subtitle_zm_cp55_zsrp/zm_cp55_zsrp_sera_swml_4
localize,#subtitle_zm_cp55_zsrp/zm_cp55_zsrp_sera_wcir_1
localize,#subtitle_zm_cp55_zsrp/zm_cp55_zsrp_sera_wcir_2
localize,#subtitle_zm_cp55_zsrp/zm_cp55_zsrp_sera_wcir_3
localize,#subtitle_zm_cp55_zsrp/zm_cp55_zsrp_sera_wcir_4
localize,#subtitle_zm_cpm4_mqs4/bellekar
localize,#subtitle_zm_cpm4_mqs4/echo
localize,#subtitle_zm_cpm4_mqs4/kortifex
localize,#subtitle_zm_cpm4_mqs4/krafft
localize,#subtitle_zm_cpm4_mqs4/saraxis
localize,#subtitle_zm_cpm4_mqs4/vercanna
localize,#subtitle_zm_cpm4_mqs4/von_list
localize,#subtitle_zm_cpm4_mqs4/zm_cpm4_mqs4_blkr_qg1c_1
localize,#subtitle_zm_cpm4_mqs4/zm_cpm4_mqs4_blkr_qg1f_1
localize,#subtitle_zm_cpm4_mqs4/zm_cpm4_mqs4_blkr_qg1i_1
localize,#subtitle_zm_cpm4_mqs4/zm_cpm4_mqs4_blkr_qg1k_1
localize,#subtitle_zm_cpm4_mqs4/zm_cpm4_mqs4_blkr_qgbj_1
localize,#subtitle_zm_cpm4_mqs4/zm_cpm4_mqs4_deco_qg71_1
localize,#subtitle_zm_cpm4_mqs4/zm_cpm4_mqs4_deco_qg72
localize,#subtitle_zm_cpm4_mqs4/zm_cpm4_mqs4_deco_qg73
localize,#subtitle_zm_cpm4_mqs4/zm_cpm4_mqs4_deco_qg74
localize,#subtitle_zm_cpm4_mqs4/zm_cpm4_mqs4_deco_qg75
localize,#subtitle_zm_cpm4_mqs4/zm_cpm4_mqs4_deco_qg76
localize,#subtitle_zm_cpm4_mqs4/zm_cpm4_mqs4_deco_qg77
localize,#subtitle_zm_cpm4_mqs4/zm_cpm4_mqs4_deco_qg78
localize,#subtitle_zm_cpm4_mqs4/zm_cpm4_mqs4_deco_qg7a_1
localize,#subtitle_zm_cpm4_mqs4/zm_cpm4_mqs4_deco_qg7b_1
localize,#subtitle_zm_cpm4_mqs4/zm_cpm4_mqs4_deco_qg7c_1
localize,#subtitle_zm_cpm4_mqs4/zm_cpm4_mqs4_deco_qgdd
localize,#subtitle_zm_cpm4_mqs4/zm_cpm4_mqs4_deco_qgdg_1
localize,#subtitle_zm_cpm4_mqs4/zm_cpm4_mqs4_deco_qgdj_1
localize,#subtitle_zm_cpm4_mqs4/zm_cpm4_mqs4_deco_qgdk_1
localize,#subtitle_zm_cpm4_mqs4/zm_cpm4_mqs4_deco_qgdm_1
localize,#subtitle_zm_cpm4_mqs4/zm_cpm4_mqs4_deco_qgg1_1
localize,#subtitle_zm_cpm4_mqs4/zm_cpm4_mqs4_deco_qgg2_1
localize,#subtitle_zm_cpm4_mqs4/zm_cpm4_mqs4_deco_qgg3_1
localize,#subtitle_zm_cpm4_mqs4/zm_cpm4_mqs4_deco_qgg4_1
localize,#subtitle_zm_cpm4_mqs4/zm_cpm4_mqs4_deco_qgg5_1
localize,#subtitle_zm_cpm4_mqs4/zm_cpm4_mqs4_deco_qgg6_1
localize,#subtitle_zm_cpm4_mqs4/zm_cpm4_mqs4_deco_qgg7_1
localize,#subtitle_zm_cpm4_mqs4/zm_cpm4_mqs4_deco_qgg8_1
localize,#subtitle_zm_cpm4_mqs4/zm_cpm4_mqs4_deco_qgga
localize,#subtitle_zm_cpm4_mqs4/zm_cpm4_mqs4_deco_qggd_1
localize,#subtitle_zm_cpm4_mqs4/zm_cpm4_mqs4_deco_qgge_1
localize,#subtitle_zm_cpm4_mqs4/zm_cpm4_mqs4_deco_qggg_1
localize,#subtitle_zm_cpm4_mqs4/zm_cpm4_mqs4_deco_qggs_1
localize,#subtitle_zm_cpm4_mqs4/zm_cpm4_mqs4_deco_qggt_1
localize,#subtitle_zm_cpm4_mqs4/zm_cpm4_mqs4_deco_qggu_1
localize,#subtitle_zm_cpm4_mqs4/zm_cpm4_mqs4_dsrx_qg1d_1
localize,#subtitle_zm_cpm4_mqs4/zm_cpm4_mqs4_dsrx_qg1g_1
localize,#subtitle_zm_cpm4_mqs4/zm_cpm4_mqs4_dsrx_qg1j_1
localize,#subtitle_zm_cpm4_mqs4/zm_cpm4_mqs4_dsrx_qg1n_1
localize,#subtitle_zm_cpm4_mqs4/zm_cpm4_mqs4_dsrx_qg1p_1
localize,#subtitle_zm_cpm4_mqs4/zm_cpm4_mqs4_dsrx_qg1r_1
localize,#subtitle_zm_cpm4_mqs4/zm_cpm4_mqs4_dsrx_qg1u_1
localize,#subtitle_zm_cpm4_mqs4/zm_cpm4_mqs4_dsrx_qg1v_1
localize,#subtitle_zm_cpm4_mqs4/zm_cpm4_mqs4_dsrx_qg5g_1
localize,#subtitle_zm_cpm4_mqs4/zm_cpm4_mqs4_dsrx_qg5i_1
localize,#subtitle_zm_cpm4_mqs4/zm_cpm4_mqs4_dsrx_qg5k_1
localize,#subtitle_zm_cpm4_mqs4/zm_cpm4_mqs4_dsrx_qg7d_1
localize,#subtitle_zm_cpm4_mqs4/zm_cpm4_mqs4_dsrx_qg7g_1
localize,#subtitle_zm_cpm4_mqs4/zm_cpm4_mqs4_dsrx_qg7h
localize,#subtitle_zm_cpm4_mqs4/zm_cpm4_mqs4_dsrx_qg7i_1
localize,#subtitle_zm_cpm4_mqs4/zm_cpm4_mqs4_dsrx_qg7j_1
localize,#subtitle_zm_cpm4_mqs4/zm_cpm4_mqs4_dsrx_qg7k_1
localize,#subtitle_zm_cpm4_mqs4/zm_cpm4_mqs4_dsrx_qgch_1
localize,#subtitle_zm_cpm4_mqs4/zm_cpm4_mqs4_dsrx_qgcj_1
localize,#subtitle_zm_cpm4_mqs4/zm_cpm4_mqs4_dsrx_qgcl_1
localize,#subtitle_zm_cpm4_mqs4/zm_cpm4_mqs4_dsrx_qgcn_1
localize,#subtitle_zm_cpm4_mqs4/zm_cpm4_mqs4_dsrx_qgda_1
localize,#subtitle_zm_cpm4_mqs4/zm_cpm4_mqs4_dsrx_qgde
localize,#subtitle_zm_cpm4_mqs4/zm_cpm4_mqs4_dsrx_qgdf_1
localize,#subtitle_zm_cpm4_mqs4/zm_cpm4_mqs4_dsrx_qgdh_1
localize,#subtitle_zm_cpm4_mqs4/zm_cpm4_mqs4_dsrx_qgdi_1
localize,#subtitle_zm_cpm4_mqs4/zm_cpm4_mqs4_dsrx_qgdl_1
localize,#subtitle_zm_cpm4_mqs4/zm_cpm4_mqs4_dsrx_qgdo_1
localize,#subtitle_zm_cpm4_mqs4/zm_cpm4_mqs4_dsrx_qgdp_1
localize,#subtitle_zm_cpm4_mqs4/zm_cpm4_mqs4_dsrx_qgea_1
localize,#subtitle_zm_cpm4_mqs4/zm_cpm4_mqs4_dsrx_qgeb_1
localize,#subtitle_zm_cpm4_mqs4/zm_cpm4_mqs4_dsrx_qgee_1
localize,#subtitle_zm_cpm4_mqs4/zm_cpm4_mqs4_dsrx_qgef_1
localize,#subtitle_zm_cpm4_mqs4/zm_cpm4_mqs4_dsrx_qgfl_1
localize,#subtitle_zm_cpm4_mqs4/zm_cpm4_mqs4_dsrx_qgfn_1
localize,#subtitle_zm_cpm4_mqs4/zm_cpm4_mqs4_dsrx_qgfp_1
localize,#subtitle_zm_cpm4_mqs4/zm_cpm4_mqs4_dsrx_qggb_1
localize,#subtitle_zm_cpm4_mqs4/zm_cpm4_mqs4_dsrx_qggc_1
localize,#subtitle_zm_cpm4_mqs4/zm_cpm4_mqs4_dsrx_qggf_1
localize,#subtitle_zm_cpm4_mqs4/zm_cpm4_mqs4_dsrx_qggv_1
localize,#subtitle_zm_cpm4_mqs4/zm_cpm4_mqs4_krft_qg1s_1
localize,#subtitle_zm_cpm4_mqs4/zm_cpm4_mqs4_krft_qg5b_1
localize,#subtitle_zm_cpm4_mqs4/zm_cpm4_mqs4_krft_qg5d_1
localize,#subtitle_zm_cpm4_mqs4/zm_cpm4_mqs4_krft_qg5f_1
localize,#subtitle_zm_cpm4_mqs4/zm_cpm4_mqs4_krft_qg7l_1
localize,#subtitle_zm_cpm4_mqs4/zm_cpm4_mqs4_krft_qg7m_1
localize,#subtitle_zm_cpm4_mqs4/zm_cpm4_mqs4_krft_qg7n_1
localize,#subtitle_zm_cpm4_mqs4/zm_cpm4_mqs4_krft_qgba_1
localize,#subtitle_zm_cpm4_mqs4/zm_cpm4_mqs4_krft_qgbc_1
localize,#subtitle_zm_cpm4_mqs4/zm_cpm4_mqs4_krft_qgbe_1
localize,#subtitle_zm_cpm4_mqs4/zm_cpm4_mqs4_krft_qgbh
localize,#subtitle_zm_cpm4_mqs4/zm_cpm4_mqs4_krft_qgbi_1
localize,#subtitle_zm_cpm4_mqs4/zm_cpm4_mqs4_krft_qgdn_1
localize,#subtitle_zm_cpm4_mqs4/zm_cpm4_mqs4_krft_qggh_1
localize,#subtitle_zm_cpm4_mqs4/zm_cpm4_mqs4_krtx_qgcg_1
localize,#subtitle_zm_cpm4_mqs4/zm_cpm4_mqs4_krtx_qgci_1
localize,#subtitle_zm_cpm4_mqs4/zm_cpm4_mqs4_krtx_qgck_1
localize,#subtitle_zm_cpm4_mqs4/zm_cpm4_mqs4_krtx_qgcm_1
localize,#subtitle_zm_cpm4_mqs4/zm_cpm4_mqs4_krtx_qggx_1
localize,#subtitle_zm_cpm4_mqs4/zm_cpm4_mqs4_krtx_qggy_1
localize,#subtitle_zm_cpm4_mqs4/zm_cpm4_mqs4_krtx_qggz_1
localize,#subtitle_zm_cpm4_mqs4/zm_cpm4_mqs4_vlst_qg5a_1
localize,#subtitle_zm_cpm4_mqs4/zm_cpm4_mqs4_vlst_qg5c_1
localize,#subtitle_zm_cpm4_mqs4/zm_cpm4_mqs4_vlst_qg5e_1
localize,#subtitle_zm_cpm4_mqs4/zm_cpm4_mqs4_vlst_qg7e_1
localize,#subtitle_zm_cpm4_mqs4/zm_cpm4_mqs4_vlst_qgca_1
localize,#subtitle_zm_cpm4_mqs4/zm_cpm4_mqs4_vlst_qgcc_1
localize,#subtitle_zm_cpm4_mqs4/zm_cpm4_mqs4_vlst_qgce_1
localize,#subtitle_zm_cpm4_mqs4/zm_cpm4_mqs4_vrcn_qg1a_1
localize,#subtitle_zm_cpm4_mqs4/zm_cpm4_mqs4_vrcn_qg1b_1
localize,#subtitle_zm_cpm4_mqs4/zm_cpm4_mqs4_vrcn_qg1e_1
localize,#subtitle_zm_cpm4_mqs4/zm_cpm4_mqs4_vrcn_qg1h_1
localize,#subtitle_zm_cpm4_mqs4/zm_cpm4_mqs4_vrcn_qg1l_1
localize,#subtitle_zm_cpm4_mqs4/zm_cpm4_mqs4_vrcn_qg1m_1
localize,#subtitle_zm_cpm4_mqs4/zm_cpm4_mqs4_vrcn_qg1o_1
localize,#subtitle_zm_cpm4_mqs4/zm_cpm4_mqs4_vrcn_qg1q_1
localize,#subtitle_zm_cpm4_mqs4/zm_cpm4_mqs4_vrcn_qg1t_1
localize,#subtitle_zm_cpm4_mqs4/zm_cpm4_mqs4_vrcn_qg5h_1
localize,#subtitle_zm_cpm4_mqs4/zm_cpm4_mqs4_vrcn_qg5j_1
localize,#subtitle_zm_cpm4_mqs4/zm_cpm4_mqs4_vrcn_qg5l_1
localize,#subtitle_zm_cpm4_mqs4/zm_cpm4_mqs4_vrcn_qgbb_1
localize,#subtitle_zm_cpm4_mqs4/zm_cpm4_mqs4_vrcn_qgbd_1
localize,#subtitle_zm_cpm4_mqs4/zm_cpm4_mqs4_vrcn_qgbf_1
localize,#subtitle_zm_cpm4_mqs4/zm_cpm4_mqs4_vrcn_qgbg_1
localize,#subtitle_zm_cpm4_mqs4/zm_cpm4_mqs4_vrcn_qgbk_1
localize,#subtitle_zm_cpm4_mqs4/zm_cpm4_mqs4_vrcn_qgbl_1
localize,#subtitle_zm_cpm4_mqs4/zm_cpm4_mqs4_vrcn_qgbm_1
localize,#subtitle_zm_cpm4_mqs4/zm_cpm4_mqs4_vrcn_qgbn_1
localize,#subtitle_zm_cpm4_mqs4/zm_cpm4_mqs4_vrcn_qgco_1
localize,#subtitle_zm_cpm4_mqs4/zm_cpm4_mqs4_vrcn_qgcp_1
localize,#subtitle_zm_cpm4_mqs4/zm_cpm4_mqs4_vrcn_qgcq_1
localize,#subtitle_zm_cpm4_mqs4/zm_cpm4_mqs4_vrcn_qgcr_1
localize,#subtitle_zm_cpm4_mqs4/zm_cpm4_mqs4_vrcn_qgcs_1
localize,#subtitle_zm_cpm4_mqs4/zm_cpm4_mqs4_vrcn_qgct_1
localize,#subtitle_zm_cpm4_mqs4/zm_cpm4_mqs4_vrcn_qgcu_1
localize,#subtitle_zm_cpm4_mqs4/zm_cpm4_mqs4_vrcn_qgcv_1
localize,#subtitle_zm_cpm4_mqs4/zm_cpm4_mqs4_vrcn_qgdb_1
localize,#subtitle_zm_cpm4_mqs4/zm_cpm4_mqs4_vrcn_qgdc_1
localize,#subtitle_zm_cpm4_mqs4/zm_cpm4_mqs4_vrcn_qgec_1
localize,#subtitle_zm_cpm4_mqs4/zm_cpm4_mqs4_vrcn_qged_1
localize,#subtitle_zm_cpm4_mqs4/zm_cpm4_mqs4_vrcn_qgeg_1
localize,#subtitle_zm_cpm4_mqs4/zm_cpm4_mqs4_vrcn_qgeh_1
localize,#subtitle_zm_cpm4_mqs4/zm_cpm4_mqs4_vrcn_qgei_1
localize,#subtitle_zm_cpm4_mqs4/zm_cpm4_mqs4_vrcn_qgej_1
localize,#subtitle_zm_cpm4_mqs4/zm_cpm4_mqs4_vrcn_qgek_1
localize,#subtitle_zm_cpm4_mqs4/zm_cpm4_mqs4_vrcn_qgel_1
localize,#subtitle_zm_cpm4_mqs4/zm_cpm4_mqs4_vrcn_qgem_1
localize,#subtitle_zm_cpm4_mqs4/zm_cpm4_mqs4_vrcn_qgen_1
localize,#subtitle_zm_cpm4_mqs4/zm_cpm4_mqs4_vrcn_qgeo_1
localize,#subtitle_zm_cpm4_mqs4/zm_cpm4_mqs4_vrcn_qgep_1
localize,#subtitle_zm_cpm4_mqs4/zm_cpm4_mqs4_vrcn_qgeq_1
localize,#subtitle_zm_cpm4_mqs4/zm_cpm4_mqs4_vrcn_qger_1
localize,#subtitle_zm_cpm4_mqs4/zm_cpm4_mqs4_vrcn_qges_1
localize,#subtitle_zm_cpm4_mqs4/zm_cpm4_mqs4_vrcn_qget_1
localize,#subtitle_zm_cpm4_mqs4/zm_cpm4_mqs4_vrcn_qgeu_1
localize,#subtitle_zm_cpm4_mqs4/zm_cpm4_mqs4_vrcn_qgev_1
localize,#subtitle_zm_cpm4_mqs4/zm_cpm4_mqs4_vrcn_qgew_1
localize,#subtitle_zm_cpm4_mqs4/zm_cpm4_mqs4_vrcn_qgex_1
localize,#subtitle_zm_cpm4_mqs4/zm_cpm4_mqs4_vrcn_qgey_1
localize,#subtitle_zm_cpm4_mqs4/zm_cpm4_mqs4_vrcn_qgez_1
localize,#subtitle_zm_cpm4_mqs4/zm_cpm4_mqs4_vrcn_qgfa_1
localize,#subtitle_zm_cpm4_mqs4/zm_cpm4_mqs4_vrcn_qgfb_1
localize,#subtitle_zm_cpm4_mqs4/zm_cpm4_mqs4_vrcn_qgfc_1
localize,#subtitle_zm_cpm4_mqs4/zm_cpm4_mqs4_vrcn_qgfd_1
localize,#subtitle_zm_cpm4_mqs4/zm_cpm4_mqs4_vrcn_qgfe_1
localize,#subtitle_zm_cpm4_mqs4/zm_cpm4_mqs4_vrcn_qgff_1
localize,#subtitle_zm_cpm4_mqs4/zm_cpm4_mqs4_vrcn_qgfg_1
localize,#subtitle_zm_cpm4_mqs4/zm_cpm4_mqs4_vrcn_qgfh_1
localize,#subtitle_zm_cpm4_mqs4/zm_cpm4_mqs4_vrcn_qgfi_1
localize,#subtitle_zm_cpm4_mqs4/zm_cpm4_mqs4_vrcn_qgfj_1
localize,#subtitle_zm_cpm4_mqs4/zm_cpm4_mqs4_vrcn_qgfk_1
localize,#subtitle_zm_cpm4_mqs4/zm_cpm4_mqs4_vrcn_qgfm_1
localize,#subtitle_zm_cpm4_mqs4/zm_cpm4_mqs4_vrcn_qgfo_1
localize,#subtitle_zm_cpm4_mqs4/zm_cpm4_mqs4_vrcn_qggi_1
localize,#subtitle_zm_cpm4_mqs4/zm_cpm4_mqs4_vrcn_qggj_1
localize,#subtitle_zm_cpm4_mqs4/zm_cpm4_mqs4_vrcn_qggk_1
localize,#subtitle_zm_cpm4_mqs4/zm_cpm4_mqs4_vrcn_qggl_1
localize,#subtitle_zm_cpm4_mqs4/zm_cpm4_mqs4_vrcn_qggm_1
localize,#subtitle_zm_cpm4_mqs4/zm_cpm4_mqs4_vrcn_qggn_1
localize,#subtitle_zm_cpm4_mqs4/zm_cpm4_mqs4_vrcn_qggw_1
localize,#subtitle_zm_cpm4_rbm4/bellekar
localize,#subtitle_zm_cpm4_rbm4/krafft
localize,#subtitle_zm_cpm4_rbm4/saraxis
localize,#subtitle_zm_cpm4_rbm4/vercanna
localize,#subtitle_zm_cpm4_rbm4/von_list
localize,#subtitle_zm_cpm4_rbm4/zm_cpm4_rbm4_blkr_mg1b
localize,#subtitle_zm_cpm4_rbm4/zm_cpm4_rbm4_blkr_mg1e
localize,#subtitle_zm_cpm4_rbm4/zm_cpm4_rbm4_blkr_mg1h
localize,#subtitle_zm_cpm4_rbm4/zm_cpm4_rbm4_blkr_mg1k
localize,#subtitle_zm_cpm4_rbm4/zm_cpm4_rbm4_blkr_mgeb
localize,#subtitle_zm_cpm4_rbm4/zm_cpm4_rbm4_blkr_mged
localize,#subtitle_zm_cpm4_rbm4/zm_cpm4_rbm4_blkr_mgef
localize,#subtitle_zm_cpm4_rbm4/zm_cpm4_rbm4_blkr_mgeh
localize,#subtitle_zm_cpm4_rbm4/zm_cpm4_rbm4_blkr_mgr1
localize,#subtitle_zm_cpm4_rbm4/zm_cpm4_rbm4_blkr_mgr2
localize,#subtitle_zm_cpm4_rbm4/zm_cpm4_rbm4_blkr_mgr3
localize,#subtitle_zm_cpm4_rbm4/zm_cpm4_rbm4_blkr_mgr4
localize,#subtitle_zm_cpm4_rbm4/zm_cpm4_rbm4_blkr_mgr5
localize,#subtitle_zm_cpm4_rbm4/zm_cpm4_rbm4_blkr_mgs1
localize,#subtitle_zm_cpm4_rbm4/zm_cpm4_rbm4_blkr_mgs2
localize,#subtitle_zm_cpm4_rbm4/zm_cpm4_rbm4_blkr_mgs3
localize,#subtitle_zm_cpm4_rbm4/zm_cpm4_rbm4_blkr_mgs4
localize,#subtitle_zm_cpm4_rbm4/zm_cpm4_rbm4_blkr_mgs5
localize,#subtitle_zm_cpm4_rbm4/zm_cpm4_rbm4_dsrx_mgbb
localize,#subtitle_zm_cpm4_rbm4/zm_cpm4_rbm4_dsrx_mgbe
localize,#subtitle_zm_cpm4_rbm4/zm_cpm4_rbm4_dsrx_mgbh
localize,#subtitle_zm_cpm4_rbm4/zm_cpm4_rbm4_dsrx_mgbl
localize,#subtitle_zm_cpm4_rbm4/zm_cpm4_rbm4_krft_mg1a
localize,#subtitle_zm_cpm4_rbm4/zm_cpm4_rbm4_krft_mg1c
localize,#subtitle_zm_cpm4_rbm4/zm_cpm4_rbm4_krft_mg1d
localize,#subtitle_zm_cpm4_rbm4/zm_cpm4_rbm4_krft_mg1f
localize,#subtitle_zm_cpm4_rbm4/zm_cpm4_rbm4_krft_mg1g
localize,#subtitle_zm_cpm4_rbm4/zm_cpm4_rbm4_krft_mg1i
localize,#subtitle_zm_cpm4_rbm4/zm_cpm4_rbm4_krft_mg1j
localize,#subtitle_zm_cpm4_rbm4/zm_cpm4_rbm4_krft_mg1l
localize,#subtitle_zm_cpm4_rbm4/zm_cpm4_rbm4_krft_mgba
localize,#subtitle_zm_cpm4_rbm4/zm_cpm4_rbm4_krft_mgbd
localize,#subtitle_zm_cpm4_rbm4/zm_cpm4_rbm4_krft_mgbg
localize,#subtitle_zm_cpm4_rbm4/zm_cpm4_rbm4_krft_mgbk
localize,#subtitle_zm_cpm4_rbm4/zm_cpm4_rbm4_krft_mgca
localize,#subtitle_zm_cpm4_rbm4/zm_cpm4_rbm4_krft_mgcc
localize,#subtitle_zm_cpm4_rbm4/zm_cpm4_rbm4_krft_mgcd
localize,#subtitle_zm_cpm4_rbm4/zm_cpm4_rbm4_krft_mgcf
localize,#subtitle_zm_cpm4_rbm4/zm_cpm4_rbm4_krft_mgcg
localize,#subtitle_zm_cpm4_rbm4/zm_cpm4_rbm4_krft_mgci
localize,#subtitle_zm_cpm4_rbm4/zm_cpm4_rbm4_krft_mgcj
localize,#subtitle_zm_cpm4_rbm4/zm_cpm4_rbm4_krft_mgcl
localize,#subtitle_zm_cpm4_rbm4/zm_cpm4_rbm4_krft_mgd1
localize,#subtitle_zm_cpm4_rbm4/zm_cpm4_rbm4_krft_mgd2
localize,#subtitle_zm_cpm4_rbm4/zm_cpm4_rbm4_krft_mgd3
localize,#subtitle_zm_cpm4_rbm4/zm_cpm4_rbm4_krft_mgd4
localize,#subtitle_zm_cpm4_rbm4/zm_cpm4_rbm4_krft_mgea
localize,#subtitle_zm_cpm4_rbm4/zm_cpm4_rbm4_krft_mgec
localize,#subtitle_zm_cpm4_rbm4/zm_cpm4_rbm4_krft_mgee
localize,#subtitle_zm_cpm4_rbm4/zm_cpm4_rbm4_krft_mgeg
localize,#subtitle_zm_cpm4_rbm4/zm_cpm4_rbm4_krft_mgfa
localize,#subtitle_zm_cpm4_rbm4/zm_cpm4_rbm4_krft_mgfc
localize,#subtitle_zm_cpm4_rbm4/zm_cpm4_rbm4_krft_mgfe
localize,#subtitle_zm_cpm4_rbm4/zm_cpm4_rbm4_krft_mgfg
localize,#subtitle_zm_cpm4_rbm4/zm_cpm4_rbm4_krft_mgm1
localize,#subtitle_zm_cpm4_rbm4/zm_cpm4_rbm4_krft_mgm2
localize,#subtitle_zm_cpm4_rbm4/zm_cpm4_rbm4_krft_mgm3
localize,#subtitle_zm_cpm4_rbm4/zm_cpm4_rbm4_krft_mgm4
localize,#subtitle_zm_cpm4_rbm4/zm_cpm4_rbm4_krft_mgn1
localize,#subtitle_zm_cpm4_rbm4/zm_cpm4_rbm4_krft_mgn2
localize,#subtitle_zm_cpm4_rbm4/zm_cpm4_rbm4_krft_mgn3
localize,#subtitle_zm_cpm4_rbm4/zm_cpm4_rbm4_krft_mgn4
localize,#subtitle_zm_cpm4_rbm4/zm_cpm4_rbm4_vlst_mgcb
localize,#subtitle_zm_cpm4_rbm4/zm_cpm4_rbm4_vlst_mgce
localize,#subtitle_zm_cpm4_rbm4/zm_cpm4_rbm4_vlst_mgch
localize,#subtitle_zm_cpm4_rbm4/zm_cpm4_rbm4_vlst_mgck
localize,#subtitle_zm_cpm4_rbm4/zm_cpm4_rbm4_vlst_mgfb
localize,#subtitle_zm_cpm4_rbm4/zm_cpm4_rbm4_vlst_mgfd
localize,#subtitle_zm_cpm4_rbm4/zm_cpm4_rbm4_vlst_mgff
localize,#subtitle_zm_cpm4_rbm4/zm_cpm4_rbm4_vlst_mgfh
localize,#subtitle_zm_cpm4_rbm4/zm_cpm4_rbm4_vrcn_mgbc
localize,#subtitle_zm_cpm4_rbm4/zm_cpm4_rbm4_vrcn_mgbf
localize,#subtitle_zm_cpm4_rbm4/zm_cpm4_rbm4_vrcn_mgbi
localize,#subtitle_zm_cpm4_rbm4/zm_cpm4_rbm4_vrcn_mgbj
localize,#subtitle_zm_cpm4_rbm4/zm_cpm4_rbm4_vrcn_mgbm
localize,#subtitle_zm_cpm4_rbm4/zm_cpm4_rbm4_vrcn_mgo1
localize,#subtitle_zm_cpm4_rbm4/zm_cpm4_rbm4_vrcn_mgo2
localize,#subtitle_zm_cpm4_rbm4/zm_cpm4_rbm4_vrcn_mgo3
localize,#subtitle_zm_cpm4_rbm4/zm_cpm4_rbm4_vrcn_mgo4
localize,#subtitle_zm_cpm4_wws4/bellekar
localize,#subtitle_zm_cpm4_wws4/krafft
localize,#subtitle_zm_cpm4_wws4/vercanna
localize,#subtitle_zm_cpm4_wws4/von_list
localize,#subtitle_zm_cpm4_wws4/zm_cpm4_wws4_blkr_wgb1_1
localize,#subtitle_zm_cpm4_wws4/zm_cpm4_wws4_blkr_wgb2_1
localize,#subtitle_zm_cpm4_wws4/zm_cpm4_wws4_blkr_wgd1_1
localize,#subtitle_zm_cpm4_wws4/zm_cpm4_wws4_blkr_wgd2_1
localize,#subtitle_zm_cpm4_wws4/zm_cpm4_wws4_blkr_wgd3_1
localize,#subtitle_zm_cpm4_wws4/zm_cpm4_wws4_blkr_wgf1_1
localize,#subtitle_zm_cpm4_wws4/zm_cpm4_wws4_blkr_wgf2_1
localize,#subtitle_zm_cpm4_wws4/zm_cpm4_wws4_blkr_wgf3_1
localize,#subtitle_zm_cpm4_wws4/zm_cpm4_wws4_blkr_wgg1_1
localize,#subtitle_zm_cpm4_wws4/zm_cpm4_wws4_blkr_wgg2_1
localize,#subtitle_zm_cpm4_wws4/zm_cpm4_wws4_blkr_wgg3_1
localize,#subtitle_zm_cpm4_wws4/zm_cpm4_wws4_blkr_wgi1_1
localize,#subtitle_zm_cpm4_wws4/zm_cpm4_wws4_blkr_wgi2_1
localize,#subtitle_zm_cpm4_wws4/zm_cpm4_wws4_blkr_wgi3_1
localize,#subtitle_zm_cpm4_wws4/zm_cpm4_wws4_blkr_wglb_1
localize,#subtitle_zm_cpm4_wws4/zm_cpm4_wws4_blkr_wgld_1
localize,#subtitle_zm_cpm4_wws4/zm_cpm4_wws4_blkr_wglf_1
localize,#subtitle_zm_cpm4_wws4/zm_cpm4_wws4_blkr_wgna_1
localize,#subtitle_zm_cpm4_wws4/zm_cpm4_wws4_blkr_wgnc_1
localize,#subtitle_zm_cpm4_wws4/zm_cpm4_wws4_blkr_wgne_1
localize,#subtitle_zm_cpm4_wws4/zm_cpm4_wws4_blkr_wgo1_1
localize,#subtitle_zm_cpm4_wws4/zm_cpm4_wws4_blkr_wgo2_1
localize,#subtitle_zm_cpm4_wws4/zm_cpm4_wws4_blkr_wgo3_1
localize,#subtitle_zm_cpm4_wws4/zm_cpm4_wws4_blkr_wgp1_1
localize,#subtitle_zm_cpm4_wws4/zm_cpm4_wws4_blkr_wgp2_1
localize,#subtitle_zm_cpm4_wws4/zm_cpm4_wws4_blkr_wgp3_1
localize,#subtitle_zm_cpm4_wws4/zm_cpm4_wws4_krft_wgaa_1
localize,#subtitle_zm_cpm4_wws4/zm_cpm4_wws4_krft_wgac_1
localize,#subtitle_zm_cpm4_wws4/zm_cpm4_wws4_krft_wgae_1
localize,#subtitle_zm_cpm4_wws4/zm_cpm4_wws4_krft_wgb3_1
localize,#subtitle_zm_cpm4_wws4/zm_cpm4_wws4_krft_wgc1_1
localize,#subtitle_zm_cpm4_wws4/zm_cpm4_wws4_krft_wgc2_1
localize,#subtitle_zm_cpm4_wws4/zm_cpm4_wws4_krft_wgc3_1
localize,#subtitle_zm_cpm4_wws4/zm_cpm4_wws4_krft_wge1_1
localize,#subtitle_zm_cpm4_wws4/zm_cpm4_wws4_krft_wge2_1
localize,#subtitle_zm_cpm4_wws4/zm_cpm4_wws4_krft_wge3_1
localize,#subtitle_zm_cpm4_wws4/zm_cpm4_wws4_krft_wghb_1
localize,#subtitle_zm_cpm4_wws4/zm_cpm4_wws4_krft_wghd_1
localize,#subtitle_zm_cpm4_wws4/zm_cpm4_wws4_krft_wghf_1
localize,#subtitle_zm_cpm4_wws4/zm_cpm4_wws4_krft_wgjb_1
localize,#subtitle_zm_cpm4_wws4/zm_cpm4_wws4_krft_wgjd_1
localize,#subtitle_zm_cpm4_wws4/zm_cpm4_wws4_krft_wgjf_1
localize,#subtitle_zm_cpm4_wws4/zm_cpm4_wws4_krft_wgla_1
localize,#subtitle_zm_cpm4_wws4/zm_cpm4_wws4_krft_wglc_1
localize,#subtitle_zm_cpm4_wws4/zm_cpm4_wws4_krft_wgle_1
localize,#subtitle_zm_cpm4_wws4/zm_cpm4_wws4_krft_wgmb_1
localize,#subtitle_zm_cpm4_wws4/zm_cpm4_wws4_krft_wgmd_1
localize,#subtitle_zm_cpm4_wws4/zm_cpm4_wws4_krft_wgmf_1
localize,#subtitle_zm_cpm4_wws4/zm_cpm4_wws4_krft_wgqb_1
localize,#subtitle_zm_cpm4_wws4/zm_cpm4_wws4_krft_wgqd_1
localize,#subtitle_zm_cpm4_wws4/zm_cpm4_wws4_krft_wgqf_1
localize,#subtitle_zm_cpm4_wws4/zm_cpm4_wws4_vlst_wgab_1
localize,#subtitle_zm_cpm4_wws4/zm_cpm4_wws4_vlst_wgad_1
localize,#subtitle_zm_cpm4_wws4/zm_cpm4_wws4_vlst_wgaf_1
localize,#subtitle_zm_cpm4_wws4/zm_cpm4_wws4_vlst_wgha_1
localize,#subtitle_zm_cpm4_wws4/zm_cpm4_wws4_vlst_wghc_1
localize,#subtitle_zm_cpm4_wws4/zm_cpm4_wws4_vlst_wghe_1
localize,#subtitle_zm_cpm4_wws4/zm_cpm4_wws4_vlst_wgja_1
localize,#subtitle_zm_cpm4_wws4/zm_cpm4_wws4_vlst_wgjc_1
localize,#subtitle_zm_cpm4_wws4/zm_cpm4_wws4_vlst_wgje_1
localize,#subtitle_zm_cpm4_wws4/zm_cpm4_wws4_vlst_wgk1_1
localize,#subtitle_zm_cpm4_wws4/zm_cpm4_wws4_vlst_wgk2_1
localize,#subtitle_zm_cpm4_wws4/zm_cpm4_wws4_vlst_wgk3
localize,#subtitle_zm_cpm4_wws4/zm_cpm4_wws4_vlst_wgma_1
localize,#subtitle_zm_cpm4_wws4/zm_cpm4_wws4_vlst_wgmc_1
localize,#subtitle_zm_cpm4_wws4/zm_cpm4_wws4_vlst_wgme_1
localize,#subtitle_zm_cpm4_wws4/zm_cpm4_wws4_vlst_wgqa_1
localize,#subtitle_zm_cpm4_wws4/zm_cpm4_wws4_vlst_wgqc_1
localize,#subtitle_zm_cpm4_wws4/zm_cpm4_wws4_vlst_wgqe_1
localize,#subtitle_zm_cpm4_wws4/zm_cpm4_wws4_vrcn_wgnb_1
localize,#subtitle_zm_cpm4_wws4/zm_cpm4_wws4_vrcn_wgnd_1
localize,#subtitle_zm_cpm4_wws4/zm_cpm4_wws4_vrcn_wgnf_1
localize,#subtitle_zm_cpm5_bfs5/bellekar
localize,#subtitle_zm_cpm5_bfs5/decimator
localize,#subtitle_zm_cpm5_bfs5/inviktor
localize,#subtitle_zm_cpm5_bfs5/kortifex
localize,#subtitle_zm_cpm5_bfs5/krafft
localize,#subtitle_zm_cpm5_bfs5/norticus
localize,#subtitle_zm_cpm5_bfs5/saraxis
localize,#subtitle_zm_cpm5_bfs5/vercanna
localize,#subtitle_zm_cpm5_bfs5/zm_cpm5_bfs5_blkr_bihd_1
localize,#subtitle_zm_cpm5_bfs5/zm_cpm5_bfs5_blkr_bird_1
localize,#subtitle_zm_cpm5_bfs5/zm_cpm5_bfs5_blkr_bivb_1
localize,#subtitle_zm_cpm5_bfs5/zm_cpm5_bfs5_dcmt_biwa_1
localize,#subtitle_zm_cpm5_bfs5/zm_cpm5_bfs5_dcmt_biwb_1
localize,#subtitle_zm_cpm5_bfs5/zm_cpm5_bfs5_dcmt_biwc_1
localize,#subtitle_zm_cpm5_bfs5/zm_cpm5_bfs5_dcmt_biwd_1
localize,#subtitle_zm_cpm5_bfs5/zm_cpm5_bfs5_dcmt_biwe_1
localize,#subtitle_zm_cpm5_bfs5/zm_cpm5_bfs5_dnrt_biac_1
localize,#subtitle_zm_cpm5_bfs5/zm_cpm5_bfs5_dnrt_bifb_1
localize,#subtitle_zm_cpm5_bfs5/zm_cpm5_bfs5_dnrt_bigb_1
localize,#subtitle_zm_cpm5_bfs5/zm_cpm5_bfs5_dnrt_bihb_1
localize,#subtitle_zm_cpm5_bfs5/zm_cpm5_bfs5_dnrt_bikb_1
localize,#subtitle_zm_cpm5_bfs5/zm_cpm5_bfs5_dnrt_bipa_1
localize,#subtitle_zm_cpm5_bfs5/zm_cpm5_bfs5_dnrt_biqb_1
localize,#subtitle_zm_cpm5_bfs5/zm_cpm5_bfs5_dnrt_birb_1
localize,#subtitle_zm_cpm5_bfs5/zm_cpm5_bfs5_dnrt_biub_1
localize,#subtitle_zm_cpm5_bfs5/zm_cpm5_bfs5_dnrt_biva_1
localize,#subtitle_zm_cpm5_bfs5/zm_cpm5_bfs5_dnvk_bibb_1
localize,#subtitle_zm_cpm5_bfs5/zm_cpm5_bfs5_dnvk_bihc_1
localize,#subtitle_zm_cpm5_bfs5/zm_cpm5_bfs5_dnvk_bija
localize,#subtitle_zm_cpm5_bfs5/zm_cpm5_bfs5_dnvk_bijb
localize,#subtitle_zm_cpm5_bfs5/zm_cpm5_bfs5_dnvk_bijc
localize,#subtitle_zm_cpm5_bfs5/zm_cpm5_bfs5_dnvk_bijd
localize,#subtitle_zm_cpm5_bfs5/zm_cpm5_bfs5_dnvk_bije
localize,#subtitle_zm_cpm5_bfs5/zm_cpm5_bfs5_dnvk_bijf
localize,#subtitle_zm_cpm5_bfs5/zm_cpm5_bfs5_dnvk_birc_1
localize,#subtitle_zm_cpm5_bfs5/zm_cpm5_bfs5_dnvk_bisb_1
localize,#subtitle_zm_cpm5_bfs5/zm_cpm5_bfs5_dsrx_biea_1
localize,#subtitle_zm_cpm5_bfs5/zm_cpm5_bfs5_dsrx_bieb_1
localize,#subtitle_zm_cpm5_bfs5/zm_cpm5_bfs5_dsrx_biec_1
localize,#subtitle_zm_cpm5_bfs5/zm_cpm5_bfs5_dsrx_bied_1
localize,#subtitle_zm_cpm5_bfs5/zm_cpm5_bfs5_dsrx_biee_1
localize,#subtitle_zm_cpm5_bfs5/zm_cpm5_bfs5_dsrx_bief_1
localize,#subtitle_zm_cpm5_bfs5/zm_cpm5_bfs5_dsrx_bihe_1
localize,#subtitle_zm_cpm5_bfs5/zm_cpm5_bfs5_dsrx_bire_1
localize,#subtitle_zm_cpm5_bfs5/zm_cpm5_bfs5_krft_bifc_1
localize,#subtitle_zm_cpm5_bfs5/zm_cpm5_bfs5_krft_biib_1
localize,#subtitle_zm_cpm5_bfs5/zm_cpm5_bfs5_krtx_biaa_1
localize,#subtitle_zm_cpm5_bfs5/zm_cpm5_bfs5_krtx_biab_1
localize,#subtitle_zm_cpm5_bfs5/zm_cpm5_bfs5_krtx_biad_1
localize,#subtitle_zm_cpm5_bfs5/zm_cpm5_bfs5_krtx_biae_1
localize,#subtitle_zm_cpm5_bfs5/zm_cpm5_bfs5_krtx_biba_1
localize,#subtitle_zm_cpm5_bfs5/zm_cpm5_bfs5_krtx_bica_1
localize,#subtitle_zm_cpm5_bfs5/zm_cpm5_bfs5_krtx_bicb_1
localize,#subtitle_zm_cpm5_bfs5/zm_cpm5_bfs5_krtx_bicc_1
localize,#subtitle_zm_cpm5_bfs5/zm_cpm5_bfs5_krtx_bicd_1
localize,#subtitle_zm_cpm5_bfs5/zm_cpm5_bfs5_krtx_bice_1
localize,#subtitle_zm_cpm5_bfs5/zm_cpm5_bfs5_krtx_bicf_1
localize,#subtitle_zm_cpm5_bfs5/zm_cpm5_bfs5_krtx_bida_1
localize,#subtitle_zm_cpm5_bfs5/zm_cpm5_bfs5_krtx_bidb_1
localize,#subtitle_zm_cpm5_bfs5/zm_cpm5_bfs5_krtx_bidc_1
localize,#subtitle_zm_cpm5_bfs5/zm_cpm5_bfs5_krtx_bidd_1
localize,#subtitle_zm_cpm5_bfs5/zm_cpm5_bfs5_krtx_bide_1
localize,#subtitle_zm_cpm5_bfs5/zm_cpm5_bfs5_krtx_bidf_1
localize,#subtitle_zm_cpm5_bfs5/zm_cpm5_bfs5_krtx_biha_1
localize,#subtitle_zm_cpm5_bfs5/zm_cpm5_bfs5_krtx_biia_1
localize,#subtitle_zm_cpm5_bfs5/zm_cpm5_bfs5_krtx_bika_1
localize,#subtitle_zm_cpm5_bfs5/zm_cpm5_bfs5_krtx_bira_1
localize,#subtitle_zm_cpm5_bfs5/zm_cpm5_bfs5_krtx_bisa_1
localize,#subtitle_zm_cpm5_bfs5/zm_cpm5_bfs5_vrcn_bihf_1
localize,#subtitle_zm_cpm5_bfs5/zm_cpm5_bfs5_vrcn_bikc_1
localize,#subtitle_zm_cpm5_bfs5/zm_cpm5_bfs5_vrcn_bila_1
localize,#subtitle_zm_cpm5_bfs5/zm_cpm5_bfs5_vrcn_bilb_1
localize,#subtitle_zm_cpm5_bfs5/zm_cpm5_bfs5_vrcn_bilc_1
localize,#subtitle_zm_cpm5_bfs5/zm_cpm5_bfs5_vrcn_bima_1
localize,#subtitle_zm_cpm5_bfs5/zm_cpm5_bfs5_vrcn_bimb_1
localize,#subtitle_zm_cpm5_bfs5/zm_cpm5_bfs5_vrcn_bimc_1
localize,#subtitle_zm_cpm5_bfs5/zm_cpm5_bfs5_vrcn_bimd_1
localize,#subtitle_zm_cpm5_bfs5/zm_cpm5_bfs5_vrcn_bina_1
localize,#subtitle_zm_cpm5_bfs5/zm_cpm5_bfs5_vrcn_binb_1
localize,#subtitle_zm_cpm5_bfs5/zm_cpm5_bfs5_vrcn_binc_1
localize,#subtitle_zm_cpm5_bfs5/zm_cpm5_bfs5_vrcn_bind_1
localize,#subtitle_zm_cpm5_bfs5/zm_cpm5_bfs5_vrcn_birf_1
localize,#subtitle_zm_cpm5_bfs5/zm_cpm5_bfs5_vrcn_bita_1
localize,#subtitle_zm_cpm5_bfs5/zm_cpm5_bfs5_vrcn_bitb_1
localize,#subtitle_zm_cpm5_bfs5/zm_cpm5_bfs5_vrcn_bitc_1
localize,#subtitle_zm_cpm5_bfs5/zm_cpm5_bfs5_vrcn_bitd_1
localize,#subtitle_zm_cpm5_bfs5/zm_cpm5_bfs5_vrcn_bite_1
localize,#subtitle_zm_cpm5_bfs5/zm_cpm5_bfs5_vrcn_bitf_1
localize,#subtitle_zm_cpm5_mqs5/decimator
localize,#subtitle_zm_cpm5_mqs5/inviktor
localize,#subtitle_zm_cpm5_mqs5/kortifex
localize,#subtitle_zm_cpm5_mqs5/krafft
localize,#subtitle_zm_cpm5_mqs5/norticus
localize,#subtitle_zm_cpm5_mqs5/von_list
localize,#subtitle_zm_cpm5_mqs5/zm_cpm5_mqs5_dcmt_qiea_1
localize,#subtitle_zm_cpm5_mqs5/zm_cpm5_mqs5_dcmt_qieb_1
localize,#subtitle_zm_cpm5_mqs5/zm_cpm5_mqs5_dcmt_qief
localize,#subtitle_zm_cpm5_mqs5/zm_cpm5_mqs5_dcmt_qieg_1
localize,#subtitle_zm_cpm5_mqs5/zm_cpm5_mqs5_dcmt_qieh_1
localize,#subtitle_zm_cpm5_mqs5/zm_cpm5_mqs5_dcmt_qiei_1
localize,#subtitle_zm_cpm5_mqs5/zm_cpm5_mqs5_dcmt_qiej_1
localize,#subtitle_zm_cpm5_mqs5/zm_cpm5_mqs5_dcmt_qiek_1
localize,#subtitle_zm_cpm5_mqs5/zm_cpm5_mqs5_dcmt_qiel_1
localize,#subtitle_zm_cpm5_mqs5/zm_cpm5_mqs5_dcmt_qies_1
localize,#subtitle_zm_cpm5_mqs5/zm_cpm5_mqs5_dcmt_qiet_1
localize,#subtitle_zm_cpm5_mqs5/zm_cpm5_mqs5_dcmt_qieu_1
localize,#subtitle_zm_cpm5_mqs5/zm_cpm5_mqs5_dcmt_qiev_1
localize,#subtitle_zm_cpm5_mqs5/zm_cpm5_mqs5_dcmt_qiew_1
localize,#subtitle_zm_cpm5_mqs5/zm_cpm5_mqs5_dcmt_qiex_1
localize,#subtitle_zm_cpm5_mqs5/zm_cpm5_mqs5_dcmt_qifa_1
localize,#subtitle_zm_cpm5_mqs5/zm_cpm5_mqs5_dcmt_qifb_1
localize,#subtitle_zm_cpm5_mqs5/zm_cpm5_mqs5_dcmt_qifc_1
localize,#subtitle_zm_cpm5_mqs5/zm_cpm5_mqs5_dcmt_qifd_1
localize,#subtitle_zm_cpm5_mqs5/zm_cpm5_mqs5_dcmt_qife_1
localize,#subtitle_zm_cpm5_mqs5/zm_cpm5_mqs5_dcmt_qiff_1
localize,#subtitle_zm_cpm5_mqs5/zm_cpm5_mqs5_dcmt_qifk_1
localize,#subtitle_zm_cpm5_mqs5/zm_cpm5_mqs5_dcmt_qifl_1
localize,#subtitle_zm_cpm5_mqs5/zm_cpm5_mqs5_dcmt_qifm_1
localize,#subtitle_zm_cpm5_mqs5/zm_cpm5_mqs5_dcmt_qifn_1
localize,#subtitle_zm_cpm5_mqs5/zm_cpm5_mqs5_dcmt_qifo_1
localize,#subtitle_zm_cpm5_mqs5/zm_cpm5_mqs5_dcmt_qifp_1
localize,#subtitle_zm_cpm5_mqs5/zm_cpm5_mqs5_dcmt_qifu_1
localize,#subtitle_zm_cpm5_mqs5/zm_cpm5_mqs5_dcmt_qifv_1
localize,#subtitle_zm_cpm5_mqs5/zm_cpm5_mqs5_dcmt_qifw_1
localize,#subtitle_zm_cpm5_mqs5/zm_cpm5_mqs5_dcmt_qifx_1
localize,#subtitle_zm_cpm5_mqs5/zm_cpm5_mqs5_dcmt_qify_1
localize,#subtitle_zm_cpm5_mqs5/zm_cpm5_mqs5_dcmt_qifz_1
localize,#subtitle_zm_cpm5_mqs5/zm_cpm5_mqs5_dcmt_qiga_1
localize,#subtitle_zm_cpm5_mqs5/zm_cpm5_mqs5_dcmt_qigb_1
localize,#subtitle_zm_cpm5_mqs5/zm_cpm5_mqs5_dcmt_qigc_1
localize,#subtitle_zm_cpm5_mqs5/zm_cpm5_mqs5_dcmt_qigd_1
localize,#subtitle_zm_cpm5_mqs5/zm_cpm5_mqs5_dcmt_qige_1
localize,#subtitle_zm_cpm5_mqs5/zm_cpm5_mqs5_dcmt_qigf_1
localize,#subtitle_zm_cpm5_mqs5/zm_cpm5_mqs5_dcmt_qinq_1
localize,#subtitle_zm_cpm5_mqs5/zm_cpm5_mqs5_dcmt_qins_1
localize,#subtitle_zm_cpm5_mqs5/zm_cpm5_mqs5_dnrt_qiaa_1
localize,#subtitle_zm_cpm5_mqs5/zm_cpm5_mqs5_dnrt_qiab_1
localize,#subtitle_zm_cpm5_mqs5/zm_cpm5_mqs5_dnrt_qiac_1
localize,#subtitle_zm_cpm5_mqs5/zm_cpm5_mqs5_dnrt_qiad_1
localize,#subtitle_zm_cpm5_mqs5/zm_cpm5_mqs5_dnrt_qice_1
localize,#subtitle_zm_cpm5_mqs5/zm_cpm5_mqs5_dnrt_qicn_1
localize,#subtitle_zm_cpm5_mqs5/zm_cpm5_mqs5_dnrt_qidf_1
localize,#subtitle_zm_cpm5_mqs5/zm_cpm5_mqs5_dnrt_qidk
localize,#subtitle_zm_cpm5_mqs5/zm_cpm5_mqs5_dnrt_qik1_1
localize,#subtitle_zm_cpm5_mqs5/zm_cpm5_mqs5_dnrt_qika_1
localize,#subtitle_zm_cpm5_mqs5/zm_cpm5_mqs5_dnrt_qikc_1
localize,#subtitle_zm_cpm5_mqs5/zm_cpm5_mqs5_dnrt_qikd_1
localize,#subtitle_zm_cpm5_mqs5/zm_cpm5_mqs5_dnrt_qike_1
localize,#subtitle_zm_cpm5_mqs5/zm_cpm5_mqs5_dnrt_qikf_1
localize,#subtitle_zm_cpm5_mqs5/zm_cpm5_mqs5_dnrt_qikg_1
localize,#subtitle_zm_cpm5_mqs5/zm_cpm5_mqs5_dnrt_qikh_1
localize,#subtitle_zm_cpm5_mqs5/zm_cpm5_mqs5_dnrt_qiki_1
localize,#subtitle_zm_cpm5_mqs5/zm_cpm5_mqs5_dnrt_qikl_1
localize,#subtitle_zm_cpm5_mqs5/zm_cpm5_mqs5_dnrt_qikm_1
localize,#subtitle_zm_cpm5_mqs5/zm_cpm5_mqs5_dnrt_qikn_1
localize,#subtitle_zm_cpm5_mqs5/zm_cpm5_mqs5_dnrt_qiko_1
localize,#subtitle_zm_cpm5_mqs5/zm_cpm5_mqs5_dnrt_qikv_1
localize,#subtitle_zm_cpm5_mqs5/zm_cpm5_mqs5_dnrt_qikw_1
localize,#subtitle_zm_cpm5_mqs5/zm_cpm5_mqs5_dnrt_qikx_1
localize,#subtitle_zm_cpm5_mqs5/zm_cpm5_mqs5_dnrt_qiky_1
localize,#subtitle_zm_cpm5_mqs5/zm_cpm5_mqs5_dnrt_qikz_1
localize,#subtitle_zm_cpm5_mqs5/zm_cpm5_mqs5_dnrt_qinl_1
localize,#subtitle_zm_cpm5_mqs5/zm_cpm5_mqs5_dnrt_qino_1
localize,#subtitle_zm_cpm5_mqs5/zm_cpm5_mqs5_dnrt_qinr_1
localize,#subtitle_zm_cpm5_mqs5/zm_cpm5_mqs5_dnrt_qioa_1
localize,#subtitle_zm_cpm5_mqs5/zm_cpm5_mqs5_dnvk_qiam_1
localize,#subtitle_zm_cpm5_mqs5/zm_cpm5_mqs5_dnvk_qian_1
localize,#subtitle_zm_cpm5_mqs5/zm_cpm5_mqs5_dnvk_qiao_1
localize,#subtitle_zm_cpm5_mqs5/zm_cpm5_mqs5_dnvk_qiap_1
localize,#subtitle_zm_cpm5_mqs5/zm_cpm5_mqs5_dnvk_qicf_1
localize,#subtitle_zm_cpm5_mqs5/zm_cpm5_mqs5_dnvk_qico_1
localize,#subtitle_zm_cpm5_mqs5/zm_cpm5_mqs5_dnvk_qidm_1
localize,#subtitle_zm_cpm5_mqs5/zm_cpm5_mqs5_dnvk_qidn_1
localize,#subtitle_zm_cpm5_mqs5/zm_cpm5_mqs5_dnvk_qiha_1
localize,#subtitle_zm_cpm5_mqs5/zm_cpm5_mqs5_dnvk_qihc_1
localize,#subtitle_zm_cpm5_mqs5/zm_cpm5_mqs5_dnvk_qihd_1
localize,#subtitle_zm_cpm5_mqs5/zm_cpm5_mqs5_dnvk_qihe_1
localize,#subtitle_zm_cpm5_mqs5/zm_cpm5_mqs5_dnvk_qihf_1
localize,#subtitle_zm_cpm5_mqs5/zm_cpm5_mqs5_dnvk_qihg_1
localize,#subtitle_zm_cpm5_mqs5/zm_cpm5_mqs5_dnvk_qihi_1
localize,#subtitle_zm_cpm5_mqs5/zm_cpm5_mqs5_dnvk_qihj_1
localize,#subtitle_zm_cpm5_mqs5/zm_cpm5_mqs5_dnvk_qihk_1
localize,#subtitle_zm_cpm5_mqs5/zm_cpm5_mqs5_dnvk_qihl_1
localize,#subtitle_zm_cpm5_mqs5/zm_cpm5_mqs5_dnvk_qihm_1
localize,#subtitle_zm_cpm5_mqs5/zm_cpm5_mqs5_dnvk_qihn_1
localize,#subtitle_zm_cpm5_mqs5/zm_cpm5_mqs5_dnvk_qiho_1
localize,#subtitle_zm_cpm5_mqs5/zm_cpm5_mqs5_dnvk_qiim_1
localize,#subtitle_zm_cpm5_mqs5/zm_cpm5_mqs5_dnvk_qiin_1
localize,#subtitle_zm_cpm5_mqs5/zm_cpm5_mqs5_dnvk_qiio_1
localize,#subtitle_zm_cpm5_mqs5/zm_cpm5_mqs5_dnvk_qiip_1
localize,#subtitle_zm_cpm5_mqs5/zm_cpm5_mqs5_dnvk_qiiq_1
localize,#subtitle_zm_cpm5_mqs5/zm_cpm5_mqs5_dnvk_qiir_1
localize,#subtitle_zm_cpm5_mqs5/zm_cpm5_mqs5_dnvk_qiis_1
localize,#subtitle_zm_cpm5_mqs5/zm_cpm5_mqs5_dnvk_qiit_1
localize,#subtitle_zm_cpm5_mqs5/zm_cpm5_mqs5_dnvk_qinm_1
localize,#subtitle_zm_cpm5_mqs5/zm_cpm5_mqs5_dnvk_qint_1
localize,#subtitle_zm_cpm5_mqs5/zm_cpm5_mqs5_dnvk_qiob_1
localize,#subtitle_zm_cpm5_mqs5/zm_cpm5_mqs5_krft_qibb
localize,#subtitle_zm_cpm5_mqs5/zm_cpm5_mqs5_krft_qibc
localize,#subtitle_zm_cpm5_mqs5/zm_cpm5_mqs5_krft_qica_1
localize,#subtitle_zm_cpm5_mqs5/zm_cpm5_mqs5_krft_qicc_1
localize,#subtitle_zm_cpm5_mqs5/zm_cpm5_mqs5_krft_qicd_1
localize,#subtitle_zm_cpm5_mqs5/zm_cpm5_mqs5_krft_qici_1
localize,#subtitle_zm_cpm5_mqs5/zm_cpm5_mqs5_krft_qicm_1
localize,#subtitle_zm_cpm5_mqs5/zm_cpm5_mqs5_krft_qidc_1
localize,#subtitle_zm_cpm5_mqs5/zm_cpm5_mqs5_krft_qide_1
localize,#subtitle_zm_cpm5_mqs5/zm_cpm5_mqs5_krft_qidj_1
localize,#subtitle_zm_cpm5_mqs5/zm_cpm5_mqs5_krft_qidl_1
localize,#subtitle_zm_cpm5_mqs5/zm_cpm5_mqs5_krft_qied_1
localize,#subtitle_zm_cpm5_mqs5/zm_cpm5_mqs5_krft_qig2_1
localize,#subtitle_zm_cpm5_mqs5/zm_cpm5_mqs5_krft_qigg_1
localize,#subtitle_zm_cpm5_mqs5/zm_cpm5_mqs5_krft_qigh_1
localize,#subtitle_zm_cpm5_mqs5/zm_cpm5_mqs5_krft_qigi_1
localize,#subtitle_zm_cpm5_mqs5/zm_cpm5_mqs5_krft_qigj_1
localize,#subtitle_zm_cpm5_mqs5/zm_cpm5_mqs5_krft_qigk_1
localize,#subtitle_zm_cpm5_mqs5/zm_cpm5_mqs5_krft_qigl_1
localize,#subtitle_zm_cpm5_mqs5/zm_cpm5_mqs5_krft_qign_1
localize,#subtitle_zm_cpm5_mqs5/zm_cpm5_mqs5_krft_qigp_1
localize,#subtitle_zm_cpm5_mqs5/zm_cpm5_mqs5_krft_qigr_1
localize,#subtitle_zm_cpm5_mqs5/zm_cpm5_mqs5_krft_qigt_1
localize,#subtitle_zm_cpm5_mqs5/zm_cpm5_mqs5_krft_qigv_1
localize,#subtitle_zm_cpm5_mqs5/zm_cpm5_mqs5_krft_qigx_1
localize,#subtitle_zm_cpm5_mqs5/zm_cpm5_mqs5_krft_qigz_1
localize,#subtitle_zm_cpm5_mqs5/zm_cpm5_mqs5_krft_qiie_1
localize,#subtitle_zm_cpm5_mqs5/zm_cpm5_mqs5_krft_qiif_1
localize,#subtitle_zm_cpm5_mqs5/zm_cpm5_mqs5_krft_qiig_1
localize,#subtitle_zm_cpm5_mqs5/zm_cpm5_mqs5_krft_qiih_1
localize,#subtitle_zm_cpm5_mqs5/zm_cpm5_mqs5_krft_qijb_1
localize,#subtitle_zm_cpm5_mqs5/zm_cpm5_mqs5_krft_qijd_1
localize,#subtitle_zm_cpm5_mqs5/zm_cpm5_mqs5_krft_qijf_1
localize,#subtitle_zm_cpm5_mqs5/zm_cpm5_mqs5_krft_qijh_1
localize,#subtitle_zm_cpm5_mqs5/zm_cpm5_mqs5_krft_qijj_1
localize,#subtitle_zm_cpm5_mqs5/zm_cpm5_mqs5_krft_qijl_1
localize,#subtitle_zm_cpm5_mqs5/zm_cpm5_mqs5_krft_qijn_1
localize,#subtitle_zm_cpm5_mqs5/zm_cpm5_mqs5_krft_qijp_1
localize,#subtitle_zm_cpm5_mqs5/zm_cpm5_mqs5_krft_qilg_1
localize,#subtitle_zm_cpm5_mqs5/zm_cpm5_mqs5_krft_qilh_1
localize,#subtitle_zm_cpm5_mqs5/zm_cpm5_mqs5_krft_qili_1
localize,#subtitle_zm_cpm5_mqs5/zm_cpm5_mqs5_krft_qilj_1
localize,#subtitle_zm_cpm5_mqs5/zm_cpm5_mqs5_krft_qilk_1
localize,#subtitle_zm_cpm5_mqs5/zm_cpm5_mqs5_krft_qill_1
localize,#subtitle_zm_cpm5_mqs5/zm_cpm5_mqs5_krft_qils_1
localize,#subtitle_zm_cpm5_mqs5/zm_cpm5_mqs5_krft_qilt_1
localize,#subtitle_zm_cpm5_mqs5/zm_cpm5_mqs5_krft_qilu_1
localize,#subtitle_zm_cpm5_mqs5/zm_cpm5_mqs5_krft_qilv_1
localize,#subtitle_zm_cpm5_mqs5/zm_cpm5_mqs5_krft_qilw_1
localize,#subtitle_zm_cpm5_mqs5/zm_cpm5_mqs5_krft_qilx_1
localize,#subtitle_zm_cpm5_mqs5/zm_cpm5_mqs5_krft_qina_1
localize,#subtitle_zm_cpm5_mqs5/zm_cpm5_mqs5_krft_qinb_1
localize,#subtitle_zm_cpm5_mqs5/zm_cpm5_mqs5_krft_qinc_1
localize,#subtitle_zm_cpm5_mqs5/zm_cpm5_mqs5_krft_qind_1
localize,#subtitle_zm_cpm5_mqs5/zm_cpm5_mqs5_krft_qine_1
localize,#subtitle_zm_cpm5_mqs5/zm_cpm5_mqs5_krft_qing_1
localize,#subtitle_zm_cpm5_mqs5/zm_cpm5_mqs5_krft_qini_1
localize,#subtitle_zm_cpm5_mqs5/zm_cpm5_mqs5_krft_qinn_1
localize,#subtitle_zm_cpm5_mqs5/zm_cpm5_mqs5_krft_qinp_1
localize,#subtitle_zm_cpm5_mqs5/zm_cpm5_mqs5_krft_qinu_1
localize,#subtitle_zm_cpm5_mqs5/zm_cpm5_mqs5_krtx_qibd
localize,#subtitle_zm_cpm5_mqs5/zm_cpm5_mqs5_krtx_qibe
localize,#subtitle_zm_cpm5_mqs5/zm_cpm5_mqs5_krtx_qibf
localize,#subtitle_zm_cpm5_mqs5/zm_cpm5_mqs5_krtx_qibh
localize,#subtitle_zm_cpm5_mqs5/zm_cpm5_mqs5_krtx_qidd_1
localize,#subtitle_zm_cpm5_mqs5/zm_cpm5_mqs5_krtx_qidg_1
localize,#subtitle_zm_cpm5_mqs5/zm_cpm5_mqs5_krtx_qidh_1
localize,#subtitle_zm_cpm5_mqs5/zm_cpm5_mqs5_krtx_qidi
localize,#subtitle_zm_cpm5_mqs5/zm_cpm5_mqs5_vlst_qiaq_1
localize,#subtitle_zm_cpm5_mqs5/zm_cpm5_mqs5_vlst_qiar_1
localize,#subtitle_zm_cpm5_mqs5/zm_cpm5_mqs5_vlst_qias_1
localize,#subtitle_zm_cpm5_mqs5/zm_cpm5_mqs5_vlst_qiat_1
localize,#subtitle_zm_cpm5_mqs5/zm_cpm5_mqs5_vlst_qiba
localize,#subtitle_zm_cpm5_mqs5/zm_cpm5_mqs5_vlst_qibg
localize,#subtitle_zm_cpm5_mqs5/zm_cpm5_mqs5_vlst_qicb_1
localize,#subtitle_zm_cpm5_mqs5/zm_cpm5_mqs5_vlst_qicg_1
localize,#subtitle_zm_cpm5_mqs5/zm_cpm5_mqs5_vlst_qich_1
localize,#subtitle_zm_cpm5_mqs5/zm_cpm5_mqs5_vlst_qicj_1
localize,#subtitle_zm_cpm5_mqs5/zm_cpm5_mqs5_vlst_qick_1
localize,#subtitle_zm_cpm5_mqs5/zm_cpm5_mqs5_vlst_qicl_1
localize,#subtitle_zm_cpm5_mqs5/zm_cpm5_mqs5_vlst_qida_1
localize,#subtitle_zm_cpm5_mqs5/zm_cpm5_mqs5_vlst_qidb_1
localize,#subtitle_zm_cpm5_mqs5/zm_cpm5_mqs5_vlst_qido_1
localize,#subtitle_zm_cpm5_mqs5/zm_cpm5_mqs5_vlst_qidp_1
localize,#subtitle_zm_cpm5_mqs5/zm_cpm5_mqs5_vlst_qiec_1
localize,#subtitle_zm_cpm5_mqs5/zm_cpm5_mqs5_vlst_qiee_1
localize,#subtitle_zm_cpm5_mqs5/zm_cpm5_mqs5_vlst_qiem_1
localize,#subtitle_zm_cpm5_mqs5/zm_cpm5_mqs5_vlst_qien_1
localize,#subtitle_zm_cpm5_mqs5/zm_cpm5_mqs5_vlst_qieo_1
localize,#subtitle_zm_cpm5_mqs5/zm_cpm5_mqs5_vlst_qiep
localize,#subtitle_zm_cpm5_mqs5/zm_cpm5_mqs5_vlst_qieq_1
localize,#subtitle_zm_cpm5_mqs5/zm_cpm5_mqs5_vlst_qier
localize,#subtitle_zm_cpm5_mqs5/zm_cpm5_mqs5_vlst_qifg_1
localize,#subtitle_zm_cpm5_mqs5/zm_cpm5_mqs5_vlst_qifh_1
localize,#subtitle_zm_cpm5_mqs5/zm_cpm5_mqs5_vlst_qifi_1
localize,#subtitle_zm_cpm5_mqs5/zm_cpm5_mqs5_vlst_qifj_1
localize,#subtitle_zm_cpm5_mqs5/zm_cpm5_mqs5_vlst_qifq_1
localize,#subtitle_zm_cpm5_mqs5/zm_cpm5_mqs5_vlst_qifr_1
localize,#subtitle_zm_cpm5_mqs5/zm_cpm5_mqs5_vlst_qifs_1
localize,#subtitle_zm_cpm5_mqs5/zm_cpm5_mqs5_vlst_qift_1
localize,#subtitle_zm_cpm5_mqs5/zm_cpm5_mqs5_vlst_qig1_1
localize,#subtitle_zm_cpm5_mqs5/zm_cpm5_mqs5_vlst_qigm_1
localize,#subtitle_zm_cpm5_mqs5/zm_cpm5_mqs5_vlst_qigo_1
localize,#subtitle_zm_cpm5_mqs5/zm_cpm5_mqs5_vlst_qigq_1
localize,#subtitle_zm_cpm5_mqs5/zm_cpm5_mqs5_vlst_qigs_1
localize,#subtitle_zm_cpm5_mqs5/zm_cpm5_mqs5_vlst_qigu_1
localize,#subtitle_zm_cpm5_mqs5/zm_cpm5_mqs5_vlst_qigw_1
localize,#subtitle_zm_cpm5_mqs5/zm_cpm5_mqs5_vlst_qigy_1
localize,#subtitle_zm_cpm5_mqs5/zm_cpm5_mqs5_vlst_qihb
localize,#subtitle_zm_cpm5_mqs5/zm_cpm5_mqs5_vlst_qihp_1
localize,#subtitle_zm_cpm5_mqs5/zm_cpm5_mqs5_vlst_qihq_1
localize,#subtitle_zm_cpm5_mqs5/zm_cpm5_mqs5_vlst_qihr_1
localize,#subtitle_zm_cpm5_mqs5/zm_cpm5_mqs5_vlst_qihs_1
localize,#subtitle_zm_cpm5_mqs5/zm_cpm5_mqs5_vlst_qiht_1
localize,#subtitle_zm_cpm5_mqs5/zm_cpm5_mqs5_vlst_qihu_1
localize,#subtitle_zm_cpm5_mqs5/zm_cpm5_mqs5_vlst_qihv_1
localize,#subtitle_zm_cpm5_mqs5/zm_cpm5_mqs5_vlst_qihw_1
localize,#subtitle_zm_cpm5_mqs5/zm_cpm5_mqs5_vlst_qiia_1
localize,#subtitle_zm_cpm5_mqs5/zm_cpm5_mqs5_vlst_qiib_1
localize,#subtitle_zm_cpm5_mqs5/zm_cpm5_mqs5_vlst_qiic_1
localize,#subtitle_zm_cpm5_mqs5/zm_cpm5_mqs5_vlst_qiid_1
localize,#subtitle_zm_cpm5_mqs5/zm_cpm5_mqs5_vlst_qiii_1
localize,#subtitle_zm_cpm5_mqs5/zm_cpm5_mqs5_vlst_qiij_1
localize,#subtitle_zm_cpm5_mqs5/zm_cpm5_mqs5_vlst_qiik_1
localize,#subtitle_zm_cpm5_mqs5/zm_cpm5_mqs5_vlst_qiil_1
localize,#subtitle_zm_cpm5_mqs5/zm_cpm5_mqs5_vlst_qija_1
localize,#subtitle_zm_cpm5_mqs5/zm_cpm5_mqs5_vlst_qijc_1
localize,#subtitle_zm_cpm5_mqs5/zm_cpm5_mqs5_vlst_qije_1
localize,#subtitle_zm_cpm5_mqs5/zm_cpm5_mqs5_vlst_qijg_1
localize,#subtitle_zm_cpm5_mqs5/zm_cpm5_mqs5_vlst_qiji_1
localize,#subtitle_zm_cpm5_mqs5/zm_cpm5_mqs5_vlst_qijk_1
localize,#subtitle_zm_cpm5_mqs5/zm_cpm5_mqs5_vlst_qijm_1
localize,#subtitle_zm_cpm5_mqs5/zm_cpm5_mqs5_vlst_qijo_1
localize,#subtitle_zm_cpm5_mqs5/zm_cpm5_mqs5_vlst_qikb_1
localize,#subtitle_zm_cpm5_mqs5/zm_cpm5_mqs5_vlst_qikp_1
localize,#subtitle_zm_cpm5_mqs5/zm_cpm5_mqs5_vlst_qikq_1
localize,#subtitle_zm_cpm5_mqs5/zm_cpm5_mqs5_vlst_qikr_1
localize,#subtitle_zm_cpm5_mqs5/zm_cpm5_mqs5_vlst_qiks_1
localize,#subtitle_zm_cpm5_mqs5/zm_cpm5_mqs5_vlst_qikt_1
localize,#subtitle_zm_cpm5_mqs5/zm_cpm5_mqs5_vlst_qiku_1
localize,#subtitle_zm_cpm5_mqs5/zm_cpm5_mqs5_vlst_qila_1
localize,#subtitle_zm_cpm5_mqs5/zm_cpm5_mqs5_vlst_qilb_1
localize,#subtitle_zm_cpm5_mqs5/zm_cpm5_mqs5_vlst_qilc_1
localize,#subtitle_zm_cpm5_mqs5/zm_cpm5_mqs5_vlst_qild_1
localize,#subtitle_zm_cpm5_mqs5/zm_cpm5_mqs5_vlst_qile_1
localize,#subtitle_zm_cpm5_mqs5/zm_cpm5_mqs5_vlst_qilf_1
localize,#subtitle_zm_cpm5_mqs5/zm_cpm5_mqs5_vlst_qilm_1
localize,#subtitle_zm_cpm5_mqs5/zm_cpm5_mqs5_vlst_qiln_1
localize,#subtitle_zm_cpm5_mqs5/zm_cpm5_mqs5_vlst_qilo_1
localize,#subtitle_zm_cpm5_mqs5/zm_cpm5_mqs5_vlst_qilp_1
localize,#subtitle_zm_cpm5_mqs5/zm_cpm5_mqs5_vlst_qilq_1
localize,#subtitle_zm_cpm5_mqs5/zm_cpm5_mqs5_vlst_qilr_1
localize,#subtitle_zm_cpm5_mqs5/zm_cpm5_mqs5_vlst_qima_1
localize,#subtitle_zm_cpm5_mqs5/zm_cpm5_mqs5_vlst_qimb_1
localize,#subtitle_zm_cpm5_mqs5/zm_cpm5_mqs5_vlst_qimc_1
localize,#subtitle_zm_cpm5_mqs5/zm_cpm5_mqs5_vlst_qimd_1
localize,#subtitle_zm_cpm5_mqs5/zm_cpm5_mqs5_vlst_qime_1
localize,#subtitle_zm_cpm5_mqs5/zm_cpm5_mqs5_vlst_qimf_1
localize,#subtitle_zm_cpm5_mqs5/zm_cpm5_mqs5_vlst_qimg_1
localize,#subtitle_zm_cpm5_mqs5/zm_cpm5_mqs5_vlst_qimh_1
localize,#subtitle_zm_cpm5_mqs5/zm_cpm5_mqs5_vlst_qimi_1
localize,#subtitle_zm_cpm5_mqs5/zm_cpm5_mqs5_vlst_qimj_1
localize,#subtitle_zm_cpm5_mqs5/zm_cpm5_mqs5_vlst_qinf_1
localize,#subtitle_zm_cpm5_mqs5/zm_cpm5_mqs5_vlst_qinh_1
localize,#subtitle_zm_cpm5_mqs5/zm_cpm5_mqs5_vlst_qinj_1
localize,#subtitle_zm_cpm5_mqs5/zm_cpm5_mqs5_vlst_qink_1
localize,#subtitle_zm_cpm5_rbm5/bellekar
localize,#subtitle_zm_cpm5_rbm5/inviktor
localize,#subtitle_zm_cpm5_rbm5/krafft
localize,#subtitle_zm_cpm5_rbm5/norticus
localize,#subtitle_zm_cpm5_rbm5/saraxis
localize,#subtitle_zm_cpm5_rbm5/vercanna
localize,#subtitle_zm_cpm5_rbm5/von_list
localize,#subtitle_zm_cpm5_rbm5/zm_cpm5_rbm5_blkr_mijg_1
localize,#subtitle_zm_cpm5_rbm5/zm_cpm5_rbm5_blkr_mijh_1
localize,#subtitle_zm_cpm5_rbm5/zm_cpm5_rbm5_blkr_miji_1
localize,#subtitle_zm_cpm5_rbm5/zm_cpm5_rbm5_blkr_mikg_1
localize,#subtitle_zm_cpm5_rbm5/zm_cpm5_rbm5_blkr_mikh_1
localize,#subtitle_zm_cpm5_rbm5/zm_cpm5_rbm5_blkr_miki_1
localize,#subtitle_zm_cpm5_rbm5/zm_cpm5_rbm5_dnrt_mica_1
localize,#subtitle_zm_cpm5_rbm5/zm_cpm5_rbm5_dnrt_micb_1
localize,#subtitle_zm_cpm5_rbm5/zm_cpm5_rbm5_dnrt_micd_1
localize,#subtitle_zm_cpm5_rbm5/zm_cpm5_rbm5_dnrt_mice_1
localize,#subtitle_zm_cpm5_rbm5/zm_cpm5_rbm5_dnrt_micg_1
localize,#subtitle_zm_cpm5_rbm5/zm_cpm5_rbm5_dnrt_mich_1
localize,#subtitle_zm_cpm5_rbm5/zm_cpm5_rbm5_dnrt_micj_1
localize,#subtitle_zm_cpm5_rbm5/zm_cpm5_rbm5_dnrt_mick_1
localize,#subtitle_zm_cpm5_rbm5/zm_cpm5_rbm5_dnrt_miea_1
localize,#subtitle_zm_cpm5_rbm5/zm_cpm5_rbm5_dnrt_mieb_1
localize,#subtitle_zm_cpm5_rbm5/zm_cpm5_rbm5_dnrt_miec_1
localize,#subtitle_zm_cpm5_rbm5/zm_cpm5_rbm5_dnrt_mied_1
localize,#subtitle_zm_cpm5_rbm5/zm_cpm5_rbm5_dnrt_miga_1
localize,#subtitle_zm_cpm5_rbm5/zm_cpm5_rbm5_dnrt_migc_1
localize,#subtitle_zm_cpm5_rbm5/zm_cpm5_rbm5_dnrt_mige_1
localize,#subtitle_zm_cpm5_rbm5/zm_cpm5_rbm5_dnrt_migg_1
localize,#subtitle_zm_cpm5_rbm5/zm_cpm5_rbm5_dnrt_mija_1
localize,#subtitle_zm_cpm5_rbm5/zm_cpm5_rbm5_dnrt_mijb_1
localize,#subtitle_zm_cpm5_rbm5/zm_cpm5_rbm5_dnrt_mijc_1
localize,#subtitle_zm_cpm5_rbm5/zm_cpm5_rbm5_dnrt_mika_1
localize,#subtitle_zm_cpm5_rbm5/zm_cpm5_rbm5_dnrt_mikb_1
localize,#subtitle_zm_cpm5_rbm5/zm_cpm5_rbm5_dnrt_mikc_1
localize,#subtitle_zm_cpm5_rbm5/zm_cpm5_rbm5_dnvk_mibb_1
localize,#subtitle_zm_cpm5_rbm5/zm_cpm5_rbm5_dnvk_mibd_1
localize,#subtitle_zm_cpm5_rbm5/zm_cpm5_rbm5_dnvk_mibf_1
localize,#subtitle_zm_cpm5_rbm5/zm_cpm5_rbm5_dnvk_mibh_1
localize,#subtitle_zm_cpm5_rbm5/zm_cpm5_rbm5_dnvk_mifa_1
localize,#subtitle_zm_cpm5_rbm5/zm_cpm5_rbm5_dnvk_mifb_1
localize,#subtitle_zm_cpm5_rbm5/zm_cpm5_rbm5_dnvk_mifc_1
localize,#subtitle_zm_cpm5_rbm5/zm_cpm5_rbm5_dnvk_mifd_1
localize,#subtitle_zm_cpm5_rbm5/zm_cpm5_rbm5_dnvk_migb_1
localize,#subtitle_zm_cpm5_rbm5/zm_cpm5_rbm5_dnvk_migd_1
localize,#subtitle_zm_cpm5_rbm5/zm_cpm5_rbm5_dnvk_migf_1
localize,#subtitle_zm_cpm5_rbm5/zm_cpm5_rbm5_dnvk_migh_1
localize,#subtitle_zm_cpm5_rbm5/zm_cpm5_rbm5_dnvk_miha_1
localize,#subtitle_zm_cpm5_rbm5/zm_cpm5_rbm5_dnvk_mihb_1
localize,#subtitle_zm_cpm5_rbm5/zm_cpm5_rbm5_dnvk_mihc_1
localize,#subtitle_zm_cpm5_rbm5/zm_cpm5_rbm5_dnvk_mihd_1
localize,#subtitle_zm_cpm5_rbm5/zm_cpm5_rbm5_dnvk_mijd_1
localize,#subtitle_zm_cpm5_rbm5/zm_cpm5_rbm5_dnvk_mije_1
localize,#subtitle_zm_cpm5_rbm5/zm_cpm5_rbm5_dnvk_mijf_1
localize,#subtitle_zm_cpm5_rbm5/zm_cpm5_rbm5_dnvk_mikd_1
localize,#subtitle_zm_cpm5_rbm5/zm_cpm5_rbm5_dnvk_mike_1
localize,#subtitle_zm_cpm5_rbm5/zm_cpm5_rbm5_dnvk_mikf_1
localize,#subtitle_zm_cpm5_rbm5/zm_cpm5_rbm5_dsrx_mijj_1
localize,#subtitle_zm_cpm5_rbm5/zm_cpm5_rbm5_dsrx_mijk_1
localize,#subtitle_zm_cpm5_rbm5/zm_cpm5_rbm5_dsrx_mijl_1
localize,#subtitle_zm_cpm5_rbm5/zm_cpm5_rbm5_dsrx_mikj_1
localize,#subtitle_zm_cpm5_rbm5/zm_cpm5_rbm5_dsrx_mikk_1
localize,#subtitle_zm_cpm5_rbm5/zm_cpm5_rbm5_dsrx_mikl_1
localize,#subtitle_zm_cpm5_rbm5/zm_cpm5_rbm5_krft_miac_1
localize,#subtitle_zm_cpm5_rbm5/zm_cpm5_rbm5_krft_miaf_1
localize,#subtitle_zm_cpm5_rbm5/zm_cpm5_rbm5_krft_miai_1
localize,#subtitle_zm_cpm5_rbm5/zm_cpm5_rbm5_krft_mial_1
localize,#subtitle_zm_cpm5_rbm5/zm_cpm5_rbm5_krft_miba_1
localize,#subtitle_zm_cpm5_rbm5/zm_cpm5_rbm5_krft_mibc_1
localize,#subtitle_zm_cpm5_rbm5/zm_cpm5_rbm5_krft_mibe_1
localize,#subtitle_zm_cpm5_rbm5/zm_cpm5_rbm5_krft_mibg_1
localize,#subtitle_zm_cpm5_rbm5/zm_cpm5_rbm5_krft_micc_1
localize,#subtitle_zm_cpm5_rbm5/zm_cpm5_rbm5_krft_micf_1
localize,#subtitle_zm_cpm5_rbm5/zm_cpm5_rbm5_krft_mici_1
localize,#subtitle_zm_cpm5_rbm5/zm_cpm5_rbm5_krft_micl_1
localize,#subtitle_zm_cpm5_rbm5/zm_cpm5_rbm5_krft_mida_1
localize,#subtitle_zm_cpm5_rbm5/zm_cpm5_rbm5_krft_midb_1
localize,#subtitle_zm_cpm5_rbm5/zm_cpm5_rbm5_krft_midc_1
localize,#subtitle_zm_cpm5_rbm5/zm_cpm5_rbm5_krft_midd_1
localize,#subtitle_zm_cpm5_rbm5/zm_cpm5_rbm5_vlst_miaa_1
localize,#subtitle_zm_cpm5_rbm5/zm_cpm5_rbm5_vlst_miab_1
localize,#subtitle_zm_cpm5_rbm5/zm_cpm5_rbm5_vlst_miad_1
localize,#subtitle_zm_cpm5_rbm5/zm_cpm5_rbm5_vlst_miae_1
localize,#subtitle_zm_cpm5_rbm5/zm_cpm5_rbm5_vlst_miag_1
localize,#subtitle_zm_cpm5_rbm5/zm_cpm5_rbm5_vlst_miah_1
localize,#subtitle_zm_cpm5_rbm5/zm_cpm5_rbm5_vlst_miaj_1
localize,#subtitle_zm_cpm5_rbm5/zm_cpm5_rbm5_vlst_miak_1
localize,#subtitle_zm_cpm5_rbm5/zm_cpm5_rbm5_vlst_miia_1
localize,#subtitle_zm_cpm5_rbm5/zm_cpm5_rbm5_vlst_miib_1
localize,#subtitle_zm_cpm5_rbm5/zm_cpm5_rbm5_vlst_miic_1
localize,#subtitle_zm_cpm5_rbm5/zm_cpm5_rbm5_vlst_miid_1
localize,#subtitle_zm_cpm5_rbm5/zm_cpm5_rbm5_vrcn_mijm_1
localize,#subtitle_zm_cpm5_rbm5/zm_cpm5_rbm5_vrcn_mijn_1
localize,#subtitle_zm_cpm5_rbm5/zm_cpm5_rbm5_vrcn_mijo_1
localize,#subtitle_zm_cpm5_rbm5/zm_cpm5_rbm5_vrcn_mikm_1
localize,#subtitle_zm_cpm5_rbm5/zm_cpm5_rbm5_vrcn_mikn_1
localize,#subtitle_zm_cpm5_rbm5/zm_cpm5_rbm5_vrcn_miko_1
localize,#subtitle_zm_cps4_zbtr/operator_butcher
localize,#subtitle_zm_cps4_zbtr/zm_cps4_zbtr_obut_arpl_1
localize,#subtitle_zm_cps4_zbtr/zm_cps4_zbtr_obut_arpl_10
localize,#subtitle_zm_cps4_zbtr/zm_cps4_zbtr_obut_arpl_2
localize,#subtitle_zm_cps4_zbtr/zm_cps4_zbtr_obut_arpl_3
localize,#subtitle_zm_cps4_zbtr/zm_cps4_zbtr_obut_arpl_4
localize,#subtitle_zm_cps4_zbtr/zm_cps4_zbtr_obut_arpl_5
localize,#subtitle_zm_cps4_zbtr/zm_cps4_zbtr_obut_arpl_6
localize,#subtitle_zm_cps4_zbtr/zm_cps4_zbtr_obut_arpl_7
localize,#subtitle_zm_cps4_zbtr/zm_cps4_zbtr_obut_arpl_8
localize,#subtitle_zm_cps4_zbtr/zm_cps4_zbtr_obut_arpl_9
localize,#subtitle_zm_cps4_zbtr/zm_cps4_zbtr_obut_atkz_1
localize,#subtitle_zm_cps4_zbtr/zm_cps4_zbtr_obut_atkz_10
localize,#subtitle_zm_cps4_zbtr/zm_cps4_zbtr_obut_atkz_2
localize,#subtitle_zm_cps4_zbtr/zm_cps4_zbtr_obut_atkz_3
localize,#subtitle_zm_cps4_zbtr/zm_cps4_zbtr_obut_atkz_4
localize,#subtitle_zm_cps4_zbtr/zm_cps4_zbtr_obut_atkz_5
localize,#subtitle_zm_cps4_zbtr/zm_cps4_zbtr_obut_atkz_6
localize,#subtitle_zm_cps4_zbtr/zm_cps4_zbtr_obut_atkz_7
localize,#subtitle_zm_cps4_zbtr/zm_cps4_zbtr_obut_atkz_8
localize,#subtitle_zm_cps4_zbtr/zm_cps4_zbtr_obut_atkz_9
localize,#subtitle_zm_cps4_zbtr/zm_cps4_zbtr_obut_kmnk_1
localize,#subtitle_zm_cps4_zbtr/zm_cps4_zbtr_obut_kmnk_2
localize,#subtitle_zm_cps4_zbtr/zm_cps4_zbtr_obut_kmnk_3
localize,#subtitle_zm_cps4_zbtr/zm_cps4_zbtr_obut_kmnk_4
localize,#subtitle_zm_cps4_zbtr/zm_cps4_zbtr_obut_kmnk_5
localize,#subtitle_zm_cps4_zbtr/zm_cps4_zbtr_obut_kmnk_6
localize,#subtitle_zm_cps4_zbtr/zm_cps4_zbtr_obut_kzcl_1
localize,#subtitle_zm_cps4_zbtr/zm_cps4_zbtr_obut_kzcl_10
localize,#subtitle_zm_cps4_zbtr/zm_cps4_zbtr_obut_kzcl_2
localize,#subtitle_zm_cps4_zbtr/zm_cps4_zbtr_obut_kzcl_3
localize,#subtitle_zm_cps4_zbtr/zm_cps4_zbtr_obut_kzcl_4
localize,#subtitle_zm_cps4_zbtr/zm_cps4_zbtr_obut_kzcl_5
localize,#subtitle_zm_cps4_zbtr/zm_cps4_zbtr_obut_kzcl_6
localize,#subtitle_zm_cps4_zbtr/zm_cps4_zbtr_obut_kzcl_7
localize,#subtitle_zm_cps4_zbtr/zm_cps4_zbtr_obut_kzcl_8
localize,#subtitle_zm_cps4_zbtr/zm_cps4_zbtr_obut_kzcl_9
localize,#subtitle_zm_cps4_zbtr/zm_cps4_zbtr_obut_kzhs_1
localize,#subtitle_zm_cps4_zbtr/zm_cps4_zbtr_obut_kzhs_10
localize,#subtitle_zm_cps4_zbtr/zm_cps4_zbtr_obut_kzhs_2
localize,#subtitle_zm_cps4_zbtr/zm_cps4_zbtr_obut_kzhs_3
localize,#subtitle_zm_cps4_zbtr/zm_cps4_zbtr_obut_kzhs_4
localize,#subtitle_zm_cps4_zbtr/zm_cps4_zbtr_obut_kzhs_5
localize,#subtitle_zm_cps4_zbtr/zm_cps4_zbtr_obut_kzhs_6
localize,#subtitle_zm_cps4_zbtr/zm_cps4_zbtr_obut_kzhs_7
localize,#subtitle_zm_cps4_zbtr/zm_cps4_zbtr_obut_kzhs_8
localize,#subtitle_zm_cps4_zbtr/zm_cps4_zbtr_obut_kzhs_9
localize,#subtitle_zm_cps4_zbtr/zm_cps4_zbtr_obut_kzjg_1
localize,#subtitle_zm_cps4_zbtr/zm_cps4_zbtr_obut_kzjg_10
localize,#subtitle_zm_cps4_zbtr/zm_cps4_zbtr_obut_kzjg_2
localize,#subtitle_zm_cps4_zbtr/zm_cps4_zbtr_obut_kzjg_3
localize,#subtitle_zm_cps4_zbtr/zm_cps4_zbtr_obut_kzjg_4
localize,#subtitle_zm_cps4_zbtr/zm_cps4_zbtr_obut_kzjg_5
localize,#subtitle_zm_cps4_zbtr/zm_cps4_zbtr_obut_kzjg_6
localize,#subtitle_zm_cps4_zbtr/zm_cps4_zbtr_obut_kzjg_7
localize,#subtitle_zm_cps4_zbtr/zm_cps4_zbtr_obut_kzjg_8
localize,#subtitle_zm_cps4_zbtr/zm_cps4_zbtr_obut_kzjg_9
localize,#subtitle_zm_cps4_zbtr/zm_cps4_zbtr_obut_kzks_1
localize,#subtitle_zm_cps4_zbtr/zm_cps4_zbtr_obut_kzks_10
localize,#subtitle_zm_cps4_zbtr/zm_cps4_zbtr_obut_kzks_2
localize,#subtitle_zm_cps4_zbtr/zm_cps4_zbtr_obut_kzks_3
localize,#subtitle_zm_cps4_zbtr/zm_cps4_zbtr_obut_kzks_4
localize,#subtitle_zm_cps4_zbtr/zm_cps4_zbtr_obut_kzks_5
localize,#subtitle_zm_cps4_zbtr/zm_cps4_zbtr_obut_kzks_6
localize,#subtitle_zm_cps4_zbtr/zm_cps4_zbtr_obut_kzks_7
localize,#subtitle_zm_cps4_zbtr/zm_cps4_zbtr_obut_kzks_8
localize,#subtitle_zm_cps4_zbtr/zm_cps4_zbtr_obut_kzks_9
localize,#subtitle_zm_cps4_zbtr/zm_cps4_zbtr_obut_kzrv_1
localize,#subtitle_zm_cps4_zbtr/zm_cps4_zbtr_obut_kzrv_10
localize,#subtitle_zm_cps4_zbtr/zm_cps4_zbtr_obut_kzrv_2
localize,#subtitle_zm_cps4_zbtr/zm_cps4_zbtr_obut_kzrv_3
localize,#subtitle_zm_cps4_zbtr/zm_cps4_zbtr_obut_kzrv_4
localize,#subtitle_zm_cps4_zbtr/zm_cps4_zbtr_obut_kzrv_5
localize,#subtitle_zm_cps4_zbtr/zm_cps4_zbtr_obut_kzrv_6
localize,#subtitle_zm_cps4_zbtr/zm_cps4_zbtr_obut_kzrv_7
localize,#subtitle_zm_cps4_zbtr/zm_cps4_zbtr_obut_kzrv_8
localize,#subtitle_zm_cps4_zbtr/zm_cps4_zbtr_obut_kzrv_9
localize,#subtitle_zm_cps4_zbtr/zm_cps4_zbtr_obut_kzsu_1
localize,#subtitle_zm_cps4_zbtr/zm_cps4_zbtr_obut_kzsu_10
localize,#subtitle_zm_cps4_zbtr/zm_cps4_zbtr_obut_kzsu_2
localize,#subtitle_zm_cps4_zbtr/zm_cps4_zbtr_obut_kzsu_3
localize,#subtitle_zm_cps4_zbtr/zm_cps4_zbtr_obut_kzsu_4
localize,#subtitle_zm_cps4_zbtr/zm_cps4_zbtr_obut_kzsu_5
localize,#subtitle_zm_cps4_zbtr/zm_cps4_zbtr_obut_kzsu_6
localize,#subtitle_zm_cps4_zbtr/zm_cps4_zbtr_obut_kzsu_7
localize,#subtitle_zm_cps4_zbtr/zm_cps4_zbtr_obut_kzsu_8
localize,#subtitle_zm_cps4_zbtr/zm_cps4_zbtr_obut_kzsu_9
localize,#subtitle_zm_cps4_zbtr/zm_cps4_zbtr_obut_pitm_1
localize,#subtitle_zm_cps4_zbtr/zm_cps4_zbtr_obut_pitm_10
localize,#subtitle_zm_cps4_zbtr/zm_cps4_zbtr_obut_pitm_2
localize,#subtitle_zm_cps4_zbtr/zm_cps4_zbtr_obut_pitm_3
localize,#subtitle_zm_cps4_zbtr/zm_cps4_zbtr_obut_pitm_4
localize,#subtitle_zm_cps4_zbtr/zm_cps4_zbtr_obut_pitm_5
localize,#subtitle_zm_cps4_zbtr/zm_cps4_zbtr_obut_pitm_6
localize,#subtitle_zm_cps4_zbtr/zm_cps4_zbtr_obut_pitm_7
localize,#subtitle_zm_cps4_zbtr/zm_cps4_zbtr_obut_pitm_8
localize,#subtitle_zm_cps4_zbtr/zm_cps4_zbtr_obut_pitm_9
localize,#subtitle_zm_cps4_zbtr/zm_cps4_zbtr_obut_plmg_1
localize,#subtitle_zm_cps4_zbtr/zm_cps4_zbtr_obut_plmg_2
localize,#subtitle_zm_cps4_zbtr/zm_cps4_zbtr_obut_plmg_3
localize,#subtitle_zm_cps4_zbtr/zm_cps4_zbtr_obut_plmg_4
localize,#subtitle_zm_cps4_zbtr/zm_cps4_zbtr_obut_plmg_5
localize,#subtitle_zm_cps4_zbtr/zm_cps4_zbtr_obut_pmel_1
localize,#subtitle_zm_cps4_zbtr/zm_cps4_zbtr_obut_pmel_2
localize,#subtitle_zm_cps4_zbtr/zm_cps4_zbtr_obut_pmel_3
localize,#subtitle_zm_cps4_zbtr/zm_cps4_zbtr_obut_pmel_4
localize,#subtitle_zm_cps4_zbtr/zm_cps4_zbtr_obut_pmel_5
localize,#subtitle_zm_cps4_zbtr/zm_cps4_zbtr_obut_pmrk_1
localize,#subtitle_zm_cps4_zbtr/zm_cps4_zbtr_obut_pmrk_2
localize,#subtitle_zm_cps4_zbtr/zm_cps4_zbtr_obut_pmrk_3
localize,#subtitle_zm_cps4_zbtr/zm_cps4_zbtr_obut_pmrk_4
localize,#subtitle_zm_cps4_zbtr/zm_cps4_zbtr_obut_pmrk_5
localize,#subtitle_zm_cps4_zbtr/zm_cps4_zbtr_obut_psht_1
localize,#subtitle_zm_cps4_zbtr/zm_cps4_zbtr_obut_psht_2
localize,#subtitle_zm_cps4_zbtr/zm_cps4_zbtr_obut_psht_3
localize,#subtitle_zm_cps4_zbtr/zm_cps4_zbtr_obut_psht_4
localize,#subtitle_zm_cps4_zbtr/zm_cps4_zbtr_obut_psht_5
localize,#subtitle_zm_cps4_zbtr/zm_cps4_zbtr_obut_psmg_1
localize,#subtitle_zm_cps4_zbtr/zm_cps4_zbtr_obut_psmg_2
localize,#subtitle_zm_cps4_zbtr/zm_cps4_zbtr_obut_psmg_3
localize,#subtitle_zm_cps4_zbtr/zm_cps4_zbtr_obut_psmg_4
localize,#subtitle_zm_cps4_zbtr/zm_cps4_zbtr_obut_psmg_5
localize,#subtitle_zm_cps4_zbtr/zm_cps4_zbtr_obut_psnp_1
localize,#subtitle_zm_cps4_zbtr/zm_cps4_zbtr_obut_psnp_2
localize,#subtitle_zm_cps4_zbtr/zm_cps4_zbtr_obut_psnp_3
localize,#subtitle_zm_cps4_zbtr/zm_cps4_zbtr_obut_psnp_4
localize,#subtitle_zm_cps4_zbtr/zm_cps4_zbtr_obut_psnp_5
localize,#subtitle_zm_cps4_zbtr/zm_cps4_zbtr_obut_pwar_1
localize,#subtitle_zm_cps4_zbtr/zm_cps4_zbtr_obut_pwar_2
localize,#subtitle_zm_cps4_zbtr/zm_cps4_zbtr_obut_pwar_3
localize,#subtitle_zm_cps4_zbtr/zm_cps4_zbtr_obut_pwar_4
localize,#subtitle_zm_cps4_zbtr/zm_cps4_zbtr_obut_pwar_5
localize,#subtitle_zm_cps4_zbtr/zm_cps4_zbtr_obut_pwpn_1
localize,#subtitle_zm_cps4_zbtr/zm_cps4_zbtr_obut_pwpn_2
localize,#subtitle_zm_cps4_zbtr/zm_cps4_zbtr_obut_pwpn_3
localize,#subtitle_zm_cps4_zbtr/zm_cps4_zbtr_obut_pwpn_4
localize,#subtitle_zm_cps4_zbtr/zm_cps4_zbtr_obut_pwpn_5
localize,#subtitle_zm_cps4_zbtr/zm_cps4_zbtr_obut_raup_1
localize,#subtitle_zm_cps4_zbtr/zm_cps4_zbtr_obut_raup_10
localize,#subtitle_zm_cps4_zbtr/zm_cps4_zbtr_obut_raup_2
localize,#subtitle_zm_cps4_zbtr/zm_cps4_zbtr_obut_raup_3
localize,#subtitle_zm_cps4_zbtr/zm_cps4_zbtr_obut_raup_4
localize,#subtitle_zm_cps4_zbtr/zm_cps4_zbtr_obut_raup_5
localize,#subtitle_zm_cps4_zbtr/zm_cps4_zbtr_obut_raup_6
localize,#subtitle_zm_cps4_zbtr/zm_cps4_zbtr_obut_raup_7
localize,#subtitle_zm_cps4_zbtr/zm_cps4_zbtr_obut_raup_8
localize,#subtitle_zm_cps4_zbtr/zm_cps4_zbtr_obut_raup_9
localize,#subtitle_zm_cps4_zbtr/zm_cps4_zbtr_obut_rcvn_1
localize,#subtitle_zm_cps4_zbtr/zm_cps4_zbtr_obut_rcvn_10
localize,#subtitle_zm_cps4_zbtr/zm_cps4_zbtr_obut_rcvn_2
localize,#subtitle_zm_cps4_zbtr/zm_cps4_zbtr_obut_rcvn_3
localize,#subtitle_zm_cps4_zbtr/zm_cps4_zbtr_obut_rcvn_4
localize,#subtitle_zm_cps4_zbtr/zm_cps4_zbtr_obut_rcvn_5
localize,#subtitle_zm_cps4_zbtr/zm_cps4_zbtr_obut_rcvn_6
localize,#subtitle_zm_cps4_zbtr/zm_cps4_zbtr_obut_rcvn_7
localize,#subtitle_zm_cps4_zbtr/zm_cps4_zbtr_obut_rcvn_8
localize,#subtitle_zm_cps4_zbtr/zm_cps4_zbtr_obut_rcvn_9
localize,#subtitle_zm_cps4_zbtr/zm_cps4_zbtr_obut_rdwn_1
localize,#subtitle_zm_cps4_zbtr/zm_cps4_zbtr_obut_rdwn_2
localize,#subtitle_zm_cps4_zbtr/zm_cps4_zbtr_obut_rdwn_3
localize,#subtitle_zm_cps4_zbtr/zm_cps4_zbtr_obut_rdwn_4
localize,#subtitle_zm_cps4_zbtr/zm_cps4_zbtr_obut_rdwn_5
localize,#subtitle_zm_cps4_zbtr/zm_cps4_zbtr_obut_rdwn_6
localize,#subtitle_zm_cps4_zbtr/zm_cps4_zbtr_obut_rdwn_7
localize,#subtitle_zm_cps4_zbtr/zm_cps4_zbtr_obut_rdwn_8
localize,#subtitle_zm_cps4_zbtr/zm_cps4_zbtr_obut_rplr_1
localize,#subtitle_zm_cps4_zbtr/zm_cps4_zbtr_obut_rplr_10
localize,#subtitle_zm_cps4_zbtr/zm_cps4_zbtr_obut_rplr_2
localize,#subtitle_zm_cps4_zbtr/zm_cps4_zbtr_obut_rplr_3
localize,#subtitle_zm_cps4_zbtr/zm_cps4_zbtr_obut_rplr_4
localize,#subtitle_zm_cps4_zbtr/zm_cps4_zbtr_obut_rplr_5
localize,#subtitle_zm_cps4_zbtr/zm_cps4_zbtr_obut_rplr_6
localize,#subtitle_zm_cps4_zbtr/zm_cps4_zbtr_obut_rplr_7
localize,#subtitle_zm_cps4_zbtr/zm_cps4_zbtr_obut_rplr_8
localize,#subtitle_zm_cps4_zbtr/zm_cps4_zbtr_obut_rplr_9
localize,#subtitle_zm_cps4_zbtr/zm_cps4_zbtr_obut_rprk_1
localize,#subtitle_zm_cps4_zbtr/zm_cps4_zbtr_obut_rprk_10
localize,#subtitle_zm_cps4_zbtr/zm_cps4_zbtr_obut_rprk_2
localize,#subtitle_zm_cps4_zbtr/zm_cps4_zbtr_obut_rprk_3
localize,#subtitle_zm_cps4_zbtr/zm_cps4_zbtr_obut_rprk_4
localize,#subtitle_zm_cps4_zbtr/zm_cps4_zbtr_obut_rprk_5
localize,#subtitle_zm_cps4_zbtr/zm_cps4_zbtr_obut_rprk_6
localize,#subtitle_zm_cps4_zbtr/zm_cps4_zbtr_obut_rprk_7
localize,#subtitle_zm_cps4_zbtr/zm_cps4_zbtr_obut_rprk_8
localize,#subtitle_zm_cps4_zbtr/zm_cps4_zbtr_obut_rprk_9
localize,#subtitle_zm_cps4_zbtr/zm_cps4_zbtr_obut_rrev_1
localize,#subtitle_zm_cps4_zbtr/zm_cps4_zbtr_obut_rrev_2
localize,#subtitle_zm_cps4_zbtr/zm_cps4_zbtr_obut_rrev_3
localize,#subtitle_zm_cps4_zbtr/zm_cps4_zbtr_obut_rrev_4
localize,#subtitle_zm_cps4_zbtr/zm_cps4_zbtr_obut_rrev_5
localize,#subtitle_zm_cps4_zbtr/zm_cps4_zbtr_obut_rrev_6
localize,#subtitle_zm_cps4_zbtr/zm_cps4_zbtr_obut_rrev_7
localize,#subtitle_zm_cps4_zbtr/zm_cps4_zbtr_obut_rrev_8
localize,#subtitle_zm_cps4_zbtr/zm_cps4_zbtr_obut_rrvr_1
localize,#subtitle_zm_cps4_zbtr/zm_cps4_zbtr_obut_rrvr_2
localize,#subtitle_zm_cps4_zbtr/zm_cps4_zbtr_obut_rrvr_3
localize,#subtitle_zm_cps4_zbtr/zm_cps4_zbtr_obut_rrvr_4
localize,#subtitle_zm_cps4_zbtr/zm_cps4_zbtr_obut_rrvr_5
localize,#subtitle_zm_cps4_zbtr/zm_cps4_zbtr_obut_rrvr_6
localize,#subtitle_zm_cps4_zbtr/zm_cps4_zbtr_obut_rrvr_7
localize,#subtitle_zm_cps4_zbtr/zm_cps4_zbtr_obut_rrvr_8
localize,#subtitle_zm_cps4_zbtr/zm_cps4_zbtr_obut_sdma_1
localize,#subtitle_zm_cps4_zbtr/zm_cps4_zbtr_obut_sdma_2
localize,#subtitle_zm_cps4_zbtr/zm_cps4_zbtr_obut_sdma_3
localize,#subtitle_zm_cps4_zbtr/zm_cps4_zbtr_obut_sdma_4
localize,#subtitle_zm_cps4_zbtr/zm_cps4_zbtr_obut_sdmd_1
localize,#subtitle_zm_cps4_zbtr/zm_cps4_zbtr_obut_sdmd_2
localize,#subtitle_zm_cps4_zbtr/zm_cps4_zbtr_obut_sdmd_3
localize,#subtitle_zm_cps4_zbtr/zm_cps4_zbtr_obut_sdmd_4
localize,#subtitle_zm_cps4_zbtr/zm_cps4_zbtr_obut_sdml_1
localize,#subtitle_zm_cps4_zbtr/zm_cps4_zbtr_obut_sdml_2
localize,#subtitle_zm_cps4_zbtr/zm_cps4_zbtr_obut_sdml_3
localize,#subtitle_zm_cps4_zbtr/zm_cps4_zbtr_obut_sdml_4
localize,#subtitle_zm_cps4_zbtr/zm_cps4_zbtr_obut_swma_1
localize,#subtitle_zm_cps4_zbtr/zm_cps4_zbtr_obut_swma_2
localize,#subtitle_zm_cps4_zbtr/zm_cps4_zbtr_obut_swma_3
localize,#subtitle_zm_cps4_zbtr/zm_cps4_zbtr_obut_swma_4
localize,#subtitle_zm_cps4_zbtr/zm_cps4_zbtr_obut_swmd_1
localize,#subtitle_zm_cps4_zbtr/zm_cps4_zbtr_obut_swmd_2
localize,#subtitle_zm_cps4_zbtr/zm_cps4_zbtr_obut_swmd_3
localize,#subtitle_zm_cps4_zbtr/zm_cps4_zbtr_obut_swmd_4
localize,#subtitle_zm_cps4_zbtr/zm_cps4_zbtr_obut_swml_1
localize,#subtitle_zm_cps4_zbtr/zm_cps4_zbtr_obut_swml_2
localize,#subtitle_zm_cps4_zbtr/zm_cps4_zbtr_obut_swml_3
localize,#subtitle_zm_cps4_zbtr/zm_cps4_zbtr_obut_swml_4
localize,#subtitle_zm_cps4_zbtr/zm_cps4_zbtr_obut_wcir_1
localize,#subtitle_zm_cps4_zbtr/zm_cps4_zbtr_obut_wcir_2
localize,#subtitle_zm_cps4_zbtr/zm_cps4_zbtr_obut_wcir_3
localize,#subtitle_zm_cps4_zbtr/zm_cps4_zbtr_obut_wcir_4
localize,#subtitle_zm_cps4_zclm/callum_hendry
localize,#subtitle_zm_cps4_zclm/zm_cps4_zclm_caum_arpl_1
localize,#subtitle_zm_cps4_zclm/zm_cps4_zclm_caum_arpl_10
localize,#subtitle_zm_cps4_zclm/zm_cps4_zclm_caum_arpl_2
localize,#subtitle_zm_cps4_zclm/zm_cps4_zclm_caum_arpl_3
localize,#subtitle_zm_cps4_zclm/zm_cps4_zclm_caum_arpl_4
localize,#subtitle_zm_cps4_zclm/zm_cps4_zclm_caum_arpl_5
localize,#subtitle_zm_cps4_zclm/zm_cps4_zclm_caum_arpl_6
localize,#subtitle_zm_cps4_zclm/zm_cps4_zclm_caum_arpl_7
localize,#subtitle_zm_cps4_zclm/zm_cps4_zclm_caum_arpl_8
localize,#subtitle_zm_cps4_zclm/zm_cps4_zclm_caum_arpl_9
localize,#subtitle_zm_cps4_zclm/zm_cps4_zclm_caum_atkz_1
localize,#subtitle_zm_cps4_zclm/zm_cps4_zclm_caum_atkz_10
localize,#subtitle_zm_cps4_zclm/zm_cps4_zclm_caum_atkz_2
localize,#subtitle_zm_cps4_zclm/zm_cps4_zclm_caum_atkz_3
localize,#subtitle_zm_cps4_zclm/zm_cps4_zclm_caum_atkz_4
localize,#subtitle_zm_cps4_zclm/zm_cps4_zclm_caum_atkz_5
localize,#subtitle_zm_cps4_zclm/zm_cps4_zclm_caum_atkz_6
localize,#subtitle_zm_cps4_zclm/zm_cps4_zclm_caum_atkz_7
localize,#subtitle_zm_cps4_zclm/zm_cps4_zclm_caum_atkz_8
localize,#subtitle_zm_cps4_zclm/zm_cps4_zclm_caum_atkz_9
localize,#subtitle_zm_cps4_zclm/zm_cps4_zclm_caum_kmnk_1
localize,#subtitle_zm_cps4_zclm/zm_cps4_zclm_caum_kmnk_2
localize,#subtitle_zm_cps4_zclm/zm_cps4_zclm_caum_kmnk_3
localize,#subtitle_zm_cps4_zclm/zm_cps4_zclm_caum_kmnk_4
localize,#subtitle_zm_cps4_zclm/zm_cps4_zclm_caum_kmnk_5
localize,#subtitle_zm_cps4_zclm/zm_cps4_zclm_caum_kmnk_6
localize,#subtitle_zm_cps4_zclm/zm_cps4_zclm_caum_kzcl_1
localize,#subtitle_zm_cps4_zclm/zm_cps4_zclm_caum_kzcl_10
localize,#subtitle_zm_cps4_zclm/zm_cps4_zclm_caum_kzcl_2
localize,#subtitle_zm_cps4_zclm/zm_cps4_zclm_caum_kzcl_3
localize,#subtitle_zm_cps4_zclm/zm_cps4_zclm_caum_kzcl_4
localize,#subtitle_zm_cps4_zclm/zm_cps4_zclm_caum_kzcl_5
localize,#subtitle_zm_cps4_zclm/zm_cps4_zclm_caum_kzcl_6
localize,#subtitle_zm_cps4_zclm/zm_cps4_zclm_caum_kzcl_7
localize,#subtitle_zm_cps4_zclm/zm_cps4_zclm_caum_kzcl_8
localize,#subtitle_zm_cps4_zclm/zm_cps4_zclm_caum_kzcl_9
localize,#subtitle_zm_cps4_zclm/zm_cps4_zclm_caum_kzhs_1
localize,#subtitle_zm_cps4_zclm/zm_cps4_zclm_caum_kzhs_10
localize,#subtitle_zm_cps4_zclm/zm_cps4_zclm_caum_kzhs_2
localize,#subtitle_zm_cps4_zclm/zm_cps4_zclm_caum_kzhs_3
localize,#subtitle_zm_cps4_zclm/zm_cps4_zclm_caum_kzhs_4
localize,#subtitle_zm_cps4_zclm/zm_cps4_zclm_caum_kzhs_5
localize,#subtitle_zm_cps4_zclm/zm_cps4_zclm_caum_kzhs_6
localize,#subtitle_zm_cps4_zclm/zm_cps4_zclm_caum_kzhs_7
localize,#subtitle_zm_cps4_zclm/zm_cps4_zclm_caum_kzhs_8
localize,#subtitle_zm_cps4_zclm/zm_cps4_zclm_caum_kzhs_9
localize,#subtitle_zm_cps4_zclm/zm_cps4_zclm_caum_kzjg_1
localize,#subtitle_zm_cps4_zclm/zm_cps4_zclm_caum_kzjg_10
localize,#subtitle_zm_cps4_zclm/zm_cps4_zclm_caum_kzjg_2
localize,#subtitle_zm_cps4_zclm/zm_cps4_zclm_caum_kzjg_3
localize,#subtitle_zm_cps4_zclm/zm_cps4_zclm_caum_kzjg_4
localize,#subtitle_zm_cps4_zclm/zm_cps4_zclm_caum_kzjg_5
localize,#subtitle_zm_cps4_zclm/zm_cps4_zclm_caum_kzjg_6
localize,#subtitle_zm_cps4_zclm/zm_cps4_zclm_caum_kzjg_7
localize,#subtitle_zm_cps4_zclm/zm_cps4_zclm_caum_kzjg_8
localize,#subtitle_zm_cps4_zclm/zm_cps4_zclm_caum_kzjg_9
localize,#subtitle_zm_cps4_zclm/zm_cps4_zclm_caum_kzks_1
localize,#subtitle_zm_cps4_zclm/zm_cps4_zclm_caum_kzks_10
localize,#subtitle_zm_cps4_zclm/zm_cps4_zclm_caum_kzks_2
localize,#subtitle_zm_cps4_zclm/zm_cps4_zclm_caum_kzks_3
localize,#subtitle_zm_cps4_zclm/zm_cps4_zclm_caum_kzks_4
localize,#subtitle_zm_cps4_zclm/zm_cps4_zclm_caum_kzks_5
localize,#subtitle_zm_cps4_zclm/zm_cps4_zclm_caum_kzks_6
localize,#subtitle_zm_cps4_zclm/zm_cps4_zclm_caum_kzks_7
localize,#subtitle_zm_cps4_zclm/zm_cps4_zclm_caum_kzks_8
localize,#subtitle_zm_cps4_zclm/zm_cps4_zclm_caum_kzks_9
localize,#subtitle_zm_cps4_zclm/zm_cps4_zclm_caum_kzrv_1
localize,#subtitle_zm_cps4_zclm/zm_cps4_zclm_caum_kzrv_10
localize,#subtitle_zm_cps4_zclm/zm_cps4_zclm_caum_kzrv_2
localize,#subtitle_zm_cps4_zclm/zm_cps4_zclm_caum_kzrv_3
localize,#subtitle_zm_cps4_zclm/zm_cps4_zclm_caum_kzrv_4
localize,#subtitle_zm_cps4_zclm/zm_cps4_zclm_caum_kzrv_5
localize,#subtitle_zm_cps4_zclm/zm_cps4_zclm_caum_kzrv_6
localize,#subtitle_zm_cps4_zclm/zm_cps4_zclm_caum_kzrv_7
localize,#subtitle_zm_cps4_zclm/zm_cps4_zclm_caum_kzrv_8
localize,#subtitle_zm_cps4_zclm/zm_cps4_zclm_caum_kzrv_9
localize,#subtitle_zm_cps4_zclm/zm_cps4_zclm_caum_kzsu_1
localize,#subtitle_zm_cps4_zclm/zm_cps4_zclm_caum_kzsu_10
localize,#subtitle_zm_cps4_zclm/zm_cps4_zclm_caum_kzsu_2
localize,#subtitle_zm_cps4_zclm/zm_cps4_zclm_caum_kzsu_3
localize,#subtitle_zm_cps4_zclm/zm_cps4_zclm_caum_kzsu_4
localize,#subtitle_zm_cps4_zclm/zm_cps4_zclm_caum_kzsu_5
localize,#subtitle_zm_cps4_zclm/zm_cps4_zclm_caum_kzsu_6
localize,#subtitle_zm_cps4_zclm/zm_cps4_zclm_caum_kzsu_7
localize,#subtitle_zm_cps4_zclm/zm_cps4_zclm_caum_kzsu_8
localize,#subtitle_zm_cps4_zclm/zm_cps4_zclm_caum_kzsu_9
localize,#subtitle_zm_cps4_zclm/zm_cps4_zclm_caum_pitm_1
localize,#subtitle_zm_cps4_zclm/zm_cps4_zclm_caum_pitm_10
localize,#subtitle_zm_cps4_zclm/zm_cps4_zclm_caum_pitm_2
localize,#subtitle_zm_cps4_zclm/zm_cps4_zclm_caum_pitm_3
localize,#subtitle_zm_cps4_zclm/zm_cps4_zclm_caum_pitm_4
localize,#subtitle_zm_cps4_zclm/zm_cps4_zclm_caum_pitm_5
localize,#subtitle_zm_cps4_zclm/zm_cps4_zclm_caum_pitm_6
localize,#subtitle_zm_cps4_zclm/zm_cps4_zclm_caum_pitm_7
localize,#subtitle_zm_cps4_zclm/zm_cps4_zclm_caum_pitm_8
localize,#subtitle_zm_cps4_zclm/zm_cps4_zclm_caum_pitm_9
localize,#subtitle_zm_cps4_zclm/zm_cps4_zclm_caum_plmg_1
localize,#subtitle_zm_cps4_zclm/zm_cps4_zclm_caum_plmg_2
localize,#subtitle_zm_cps4_zclm/zm_cps4_zclm_caum_plmg_3
localize,#subtitle_zm_cps4_zclm/zm_cps4_zclm_caum_plmg_4
localize,#subtitle_zm_cps4_zclm/zm_cps4_zclm_caum_plmg_5
localize,#subtitle_zm_cps4_zclm/zm_cps4_zclm_caum_pmel_1
localize,#subtitle_zm_cps4_zclm/zm_cps4_zclm_caum_pmel_2
localize,#subtitle_zm_cps4_zclm/zm_cps4_zclm_caum_pmel_3
localize,#subtitle_zm_cps4_zclm/zm_cps4_zclm_caum_pmel_4
localize,#subtitle_zm_cps4_zclm/zm_cps4_zclm_caum_pmel_5
localize,#subtitle_zm_cps4_zclm/zm_cps4_zclm_caum_pmrk_1
localize,#subtitle_zm_cps4_zclm/zm_cps4_zclm_caum_pmrk_2
localize,#subtitle_zm_cps4_zclm/zm_cps4_zclm_caum_pmrk_3
localize,#subtitle_zm_cps4_zclm/zm_cps4_zclm_caum_pmrk_4
localize,#subtitle_zm_cps4_zclm/zm_cps4_zclm_caum_pmrk_5
localize,#subtitle_zm_cps4_zclm/zm_cps4_zclm_caum_psht_1
localize,#subtitle_zm_cps4_zclm/zm_cps4_zclm_caum_psht_2
localize,#subtitle_zm_cps4_zclm/zm_cps4_zclm_caum_psht_3
localize,#subtitle_zm_cps4_zclm/zm_cps4_zclm_caum_psht_4
localize,#subtitle_zm_cps4_zclm/zm_cps4_zclm_caum_psht_5
localize,#subtitle_zm_cps4_zclm/zm_cps4_zclm_caum_psmg_1
localize,#subtitle_zm_cps4_zclm/zm_cps4_zclm_caum_psmg_2
localize,#subtitle_zm_cps4_zclm/zm_cps4_zclm_caum_psmg_3
localize,#subtitle_zm_cps4_zclm/zm_cps4_zclm_caum_psmg_4
localize,#subtitle_zm_cps4_zclm/zm_cps4_zclm_caum_psmg_5
localize,#subtitle_zm_cps4_zclm/zm_cps4_zclm_caum_psnp_1
localize,#subtitle_zm_cps4_zclm/zm_cps4_zclm_caum_psnp_2
localize,#subtitle_zm_cps4_zclm/zm_cps4_zclm_caum_psnp_3
localize,#subtitle_zm_cps4_zclm/zm_cps4_zclm_caum_psnp_4
localize,#subtitle_zm_cps4_zclm/zm_cps4_zclm_caum_psnp_5
localize,#subtitle_zm_cps4_zclm/zm_cps4_zclm_caum_pwar_1
localize,#subtitle_zm_cps4_zclm/zm_cps4_zclm_caum_pwar_2
localize,#subtitle_zm_cps4_zclm/zm_cps4_zclm_caum_pwar_3
localize,#subtitle_zm_cps4_zclm/zm_cps4_zclm_caum_pwar_4
localize,#subtitle_zm_cps4_zclm/zm_cps4_zclm_caum_pwar_5
localize,#subtitle_zm_cps4_zclm/zm_cps4_zclm_caum_pwpn_1
localize,#subtitle_zm_cps4_zclm/zm_cps4_zclm_caum_pwpn_2
localize,#subtitle_zm_cps4_zclm/zm_cps4_zclm_caum_pwpn_3
localize,#subtitle_zm_cps4_zclm/zm_cps4_zclm_caum_pwpn_4
localize,#subtitle_zm_cps4_zclm/zm_cps4_zclm_caum_pwpn_5
localize,#subtitle_zm_cps4_zclm/zm_cps4_zclm_caum_raup_1
localize,#subtitle_zm_cps4_zclm/zm_cps4_zclm_caum_raup_10
localize,#subtitle_zm_cps4_zclm/zm_cps4_zclm_caum_raup_2
localize,#subtitle_zm_cps4_zclm/zm_cps4_zclm_caum_raup_3
localize,#subtitle_zm_cps4_zclm/zm_cps4_zclm_caum_raup_4
localize,#subtitle_zm_cps4_zclm/zm_cps4_zclm_caum_raup_5
localize,#subtitle_zm_cps4_zclm/zm_cps4_zclm_caum_raup_6
localize,#subtitle_zm_cps4_zclm/zm_cps4_zclm_caum_raup_7
localize,#subtitle_zm_cps4_zclm/zm_cps4_zclm_caum_raup_8
localize,#subtitle_zm_cps4_zclm/zm_cps4_zclm_caum_raup_9
localize,#subtitle_zm_cps4_zclm/zm_cps4_zclm_caum_rcvn_1
localize,#subtitle_zm_cps4_zclm/zm_cps4_zclm_caum_rcvn_10
localize,#subtitle_zm_cps4_zclm/zm_cps4_zclm_caum_rcvn_2
localize,#subtitle_zm_cps4_zclm/zm_cps4_zclm_caum_rcvn_3
localize,#subtitle_zm_cps4_zclm/zm_cps4_zclm_caum_rcvn_4
localize,#subtitle_zm_cps4_zclm/zm_cps4_zclm_caum_rcvn_5
localize,#subtitle_zm_cps4_zclm/zm_cps4_zclm_caum_rcvn_6
localize,#subtitle_zm_cps4_zclm/zm_cps4_zclm_caum_rcvn_7
localize,#subtitle_zm_cps4_zclm/zm_cps4_zclm_caum_rcvn_8
localize,#subtitle_zm_cps4_zclm/zm_cps4_zclm_caum_rcvn_9
localize,#subtitle_zm_cps4_zclm/zm_cps4_zclm_caum_rdwn_1
localize,#subtitle_zm_cps4_zclm/zm_cps4_zclm_caum_rdwn_2
localize,#subtitle_zm_cps4_zclm/zm_cps4_zclm_caum_rdwn_3
localize,#subtitle_zm_cps4_zclm/zm_cps4_zclm_caum_rdwn_4
localize,#subtitle_zm_cps4_zclm/zm_cps4_zclm_caum_rdwn_5
localize,#subtitle_zm_cps4_zclm/zm_cps4_zclm_caum_rdwn_6
localize,#subtitle_zm_cps4_zclm/zm_cps4_zclm_caum_rdwn_7
localize,#subtitle_zm_cps4_zclm/zm_cps4_zclm_caum_rdwn_8
localize,#subtitle_zm_cps4_zclm/zm_cps4_zclm_caum_rplr_1
localize,#subtitle_zm_cps4_zclm/zm_cps4_zclm_caum_rplr_10
localize,#subtitle_zm_cps4_zclm/zm_cps4_zclm_caum_rplr_2
localize,#subtitle_zm_cps4_zclm/zm_cps4_zclm_caum_rplr_3
localize,#subtitle_zm_cps4_zclm/zm_cps4_zclm_caum_rplr_4
localize,#subtitle_zm_cps4_zclm/zm_cps4_zclm_caum_rplr_5
localize,#subtitle_zm_cps4_zclm/zm_cps4_zclm_caum_rplr_6
localize,#subtitle_zm_cps4_zclm/zm_cps4_zclm_caum_rplr_7
localize,#subtitle_zm_cps4_zclm/zm_cps4_zclm_caum_rplr_8
localize,#subtitle_zm_cps4_zclm/zm_cps4_zclm_caum_rplr_9
localize,#subtitle_zm_cps4_zclm/zm_cps4_zclm_caum_rprk_1
localize,#subtitle_zm_cps4_zclm/zm_cps4_zclm_caum_rprk_10
localize,#subtitle_zm_cps4_zclm/zm_cps4_zclm_caum_rprk_2
localize,#subtitle_zm_cps4_zclm/zm_cps4_zclm_caum_rprk_3
localize,#subtitle_zm_cps4_zclm/zm_cps4_zclm_caum_rprk_4
localize,#subtitle_zm_cps4_zclm/zm_cps4_zclm_caum_rprk_5
localize,#subtitle_zm_cps4_zclm/zm_cps4_zclm_caum_rprk_6
localize,#subtitle_zm_cps4_zclm/zm_cps4_zclm_caum_rprk_7
localize,#subtitle_zm_cps4_zclm/zm_cps4_zclm_caum_rprk_8
localize,#subtitle_zm_cps4_zclm/zm_cps4_zclm_caum_rprk_9
localize,#subtitle_zm_cps4_zclm/zm_cps4_zclm_caum_rrev_1
localize,#subtitle_zm_cps4_zclm/zm_cps4_zclm_caum_rrev_2
localize,#subtitle_zm_cps4_zclm/zm_cps4_zclm_caum_rrev_3
localize,#subtitle_zm_cps4_zclm/zm_cps4_zclm_caum_rrev_4
localize,#subtitle_zm_cps4_zclm/zm_cps4_zclm_caum_rrev_5
localize,#subtitle_zm_cps4_zclm/zm_cps4_zclm_caum_rrev_6
localize,#subtitle_zm_cps4_zclm/zm_cps4_zclm_caum_rrev_7
localize,#subtitle_zm_cps4_zclm/zm_cps4_zclm_caum_rrev_8
localize,#subtitle_zm_cps4_zclm/zm_cps4_zclm_caum_rrvr_1
localize,#subtitle_zm_cps4_zclm/zm_cps4_zclm_caum_rrvr_2
localize,#subtitle_zm_cps4_zclm/zm_cps4_zclm_caum_rrvr_3
localize,#subtitle_zm_cps4_zclm/zm_cps4_zclm_caum_rrvr_4
localize,#subtitle_zm_cps4_zclm/zm_cps4_zclm_caum_rrvr_5
localize,#subtitle_zm_cps4_zclm/zm_cps4_zclm_caum_rrvr_6
localize,#subtitle_zm_cps4_zclm/zm_cps4_zclm_caum_rrvr_7
localize,#subtitle_zm_cps4_zclm/zm_cps4_zclm_caum_rrvr_8
localize,#subtitle_zm_cps4_zclm/zm_cps4_zclm_caum_sdma_1
localize,#subtitle_zm_cps4_zclm/zm_cps4_zclm_caum_sdma_2
localize,#subtitle_zm_cps4_zclm/zm_cps4_zclm_caum_sdma_3
localize,#subtitle_zm_cps4_zclm/zm_cps4_zclm_caum_sdma_4
localize,#subtitle_zm_cps4_zclm/zm_cps4_zclm_caum_sdmd_1
localize,#subtitle_zm_cps4_zclm/zm_cps4_zclm_caum_sdmd_2
localize,#subtitle_zm_cps4_zclm/zm_cps4_zclm_caum_sdmd_3
localize,#subtitle_zm_cps4_zclm/zm_cps4_zclm_caum_sdmd_4
localize,#subtitle_zm_cps4_zclm/zm_cps4_zclm_caum_sdml_1
localize,#subtitle_zm_cps4_zclm/zm_cps4_zclm_caum_sdml_2
localize,#subtitle_zm_cps4_zclm/zm_cps4_zclm_caum_sdml_3
localize,#subtitle_zm_cps4_zclm/zm_cps4_zclm_caum_sdml_4
localize,#subtitle_zm_cps4_zclm/zm_cps4_zclm_caum_swma_1
localize,#subtitle_zm_cps4_zclm/zm_cps4_zclm_caum_swma_2
localize,#subtitle_zm_cps4_zclm/zm_cps4_zclm_caum_swma_3
localize,#subtitle_zm_cps4_zclm/zm_cps4_zclm_caum_swma_4
localize,#subtitle_zm_cps4_zclm/zm_cps4_zclm_caum_swmd_1
localize,#subtitle_zm_cps4_zclm/zm_cps4_zclm_caum_swmd_2
localize,#subtitle_zm_cps4_zclm/zm_cps4_zclm_caum_swmd_3
localize,#subtitle_zm_cps4_zclm/zm_cps4_zclm_caum_swmd_4
localize,#subtitle_zm_cps4_zclm/zm_cps4_zclm_caum_swml_1
localize,#subtitle_zm_cps4_zclm/zm_cps4_zclm_caum_swml_2
localize,#subtitle_zm_cps4_zclm/zm_cps4_zclm_caum_swml_3
localize,#subtitle_zm_cps4_zclm/zm_cps4_zclm_caum_swml_4
localize,#subtitle_zm_cps4_zclm/zm_cps4_zclm_caum_wcir_1
localize,#subtitle_zm_cps4_zclm/zm_cps4_zclm_caum_wcir_2
localize,#subtitle_zm_cps4_zclm/zm_cps4_zclm_caum_wcir_3
localize,#subtitle_zm_cps4_zclm/zm_cps4_zclm_caum_wcir_4
localize,#subtitle_zm_cqas_oqas/kortifex
localize,#subtitle_zm_cqas_oqas/krafft
localize,#subtitle_zm_cqas_oqas/vercanna
localize,#subtitle_zm_cqas_oqas/zaballa
localize,#subtitle_zm_cqas_oqas/zm_cqas_oqas_krft_aqnd_1
localize,#subtitle_zm_cqas_oqas/zm_cqas_oqas_krft_aqnd_2
localize,#subtitle_zm_cqas_oqas/zm_cqas_oqas_krft_aqnd_3
localize,#subtitle_zm_cqas_oqas/zm_cqas_oqas_krft_aqnd_4
localize,#subtitle_zm_cqas_oqas/zm_cqas_oqas_krtx_aq1o_1
localize,#subtitle_zm_cqas_oqas/zm_cqas_oqas_krtx_aq1o_2
localize,#subtitle_zm_cqas_oqas/zm_cqas_oqas_krtx_aq1o_3
localize,#subtitle_zm_cqas_oqas/zm_cqas_oqas_krtx_aq1o_4
localize,#subtitle_zm_cqas_oqas/zm_cqas_oqas_krtx_aq2o_1
localize,#subtitle_zm_cqas_oqas/zm_cqas_oqas_krtx_aq2o_2
localize,#subtitle_zm_cqas_oqas/zm_cqas_oqas_krtx_aq2o_3
localize,#subtitle_zm_cqas_oqas/zm_cqas_oqas_krtx_aq2o_4
localize,#subtitle_zm_cqas_oqas/zm_cqas_oqas_krtx_aq3s_1
localize,#subtitle_zm_cqas_oqas/zm_cqas_oqas_krtx_aq3s_2
localize,#subtitle_zm_cqas_oqas/zm_cqas_oqas_krtx_aq3s_3
localize,#subtitle_zm_cqas_oqas/zm_cqas_oqas_krtx_aq3s_4
localize,#subtitle_zm_cqas_oqas/zm_cqas_oqas_krtx_aqfl_1
localize,#subtitle_zm_cqas_oqas/zm_cqas_oqas_krtx_aqfl_2
localize,#subtitle_zm_cqas_oqas/zm_cqas_oqas_krtx_aqfl_3
localize,#subtitle_zm_cqas_oqas/zm_cqas_oqas_krtx_aqfl_4
localize,#subtitle_zm_cqas_oqas/zm_cqas_oqas_vrcn_aq1r_1
localize,#subtitle_zm_cqas_oqas/zm_cqas_oqas_vrcn_aq1r_2
localize,#subtitle_zm_cqas_oqas/zm_cqas_oqas_vrcn_aq1r_3
localize,#subtitle_zm_cqas_oqas/zm_cqas_oqas_vrcn_aq1r_4
localize,#subtitle_zm_cqas_oqas/zm_cqas_oqas_vrcn_aq1s_1
localize,#subtitle_zm_cqas_oqas/zm_cqas_oqas_vrcn_aq1s_2
localize,#subtitle_zm_cqas_oqas/zm_cqas_oqas_vrcn_aq1s_3
localize,#subtitle_zm_cqas_oqas/zm_cqas_oqas_vrcn_aq1s_4
localize,#subtitle_zm_cqas_oqas/zm_cqas_oqas_vrcn_aq25_1
localize,#subtitle_zm_cqas_oqas/zm_cqas_oqas_vrcn_aq25_2
localize,#subtitle_zm_cqas_oqas/zm_cqas_oqas_vrcn_aq25_3
localize,#subtitle_zm_cqas_oqas/zm_cqas_oqas_vrcn_aq25_4
localize,#subtitle_zm_cqas_oqas/zm_cqas_oqas_vrcn_aq2r_1
localize,#subtitle_zm_cqas_oqas/zm_cqas_oqas_vrcn_aq2r_2
localize,#subtitle_zm_cqas_oqas/zm_cqas_oqas_vrcn_aq2r_3
localize,#subtitle_zm_cqas_oqas/zm_cqas_oqas_vrcn_aq2r_4
localize,#subtitle_zm_cqas_oqas/zm_cqas_oqas_vrcn_aq2s_1
localize,#subtitle_zm_cqas_oqas/zm_cqas_oqas_vrcn_aq2s_2
localize,#subtitle_zm_cqas_oqas/zm_cqas_oqas_vrcn_aq2s_3
localize,#subtitle_zm_cqas_oqas/zm_cqas_oqas_vrcn_aq2s_4
localize,#subtitle_zm_cqas_oqas/zm_cqas_oqas_vrcn_aqnr_1
localize,#subtitle_zm_cqas_oqas/zm_cqas_oqas_vrcn_aqnr_2
localize,#subtitle_zm_cqas_oqas/zm_cqas_oqas_vrcn_aqnr_3
localize,#subtitle_zm_cqas_oqas/zm_cqas_oqas_vrcn_aqnr_4
localize,#subtitle_zm_cqas_oqas/zm_cqas_oqas_vrcn_aqsc_1
localize,#subtitle_zm_cqas_oqas/zm_cqas_oqas_vrcn_aqsc_2
localize,#subtitle_zm_cqas_oqas/zm_cqas_oqas_vrcn_aqsc_3
localize,#subtitle_zm_cqas_oqas/zm_cqas_oqas_vrcn_aqsc_4
localize,#subtitle_zm_cqas_oqas/zm_cqas_oqas_vrcn_aqtg_1
localize,#subtitle_zm_cqas_oqas/zm_cqas_oqas_vrcn_aqtg_2
localize,#subtitle_zm_cqas_oqas/zm_cqas_oqas_vrcn_aqtg_3
localize,#subtitle_zm_cqas_oqas/zm_cqas_oqas_vrcn_aqtg_4
localize,#subtitle_zm_cqas_oqas/zm_cqas_oqas_vrcn_aqtr_1
localize,#subtitle_zm_cqas_oqas/zm_cqas_oqas_vrcn_aqtr_2
localize,#subtitle_zm_cqas_oqas/zm_cqas_oqas_vrcn_aqtr_3
localize,#subtitle_zm_cqas_oqas/zm_cqas_oqas_vrcn_aqtr_4
localize,#subtitle_zm_cqas_oqas/zm_cqas_oqas_vrcn_aqzr_1
localize,#subtitle_zm_cqas_oqas/zm_cqas_oqas_vrcn_aqzr_2
localize,#subtitle_zm_cqas_oqas/zm_cqas_oqas_vrcn_aqzr_3
localize,#subtitle_zm_cqas_oqas/zm_cqas_oqas_vrcn_aqzr_4
localize,#subtitle_zm_cqas_oqas/zm_cqas_oqas_zbla_aqz1_1
localize,#subtitle_zm_cqas_oqas/zm_cqas_oqas_zbla_aqz2_1
localize,#subtitle_zm_cqas_oqas/zm_cqas_oqas_zbla_aqz3_1
localize,#subtitle_zm_cqas_oqas/zm_cqas_oqas_zbla_aqz4_1
localize,#subtitle_zm_cqas_oqas/zm_cqas_oqas_zbla_aqz5_1
localize,#subtitle_zm_cqdm_oqdm/kortifex
localize,#subtitle_zm_cqdm_oqdm/krafft
localize,#subtitle_zm_cqdm_oqdm/saraxis
localize,#subtitle_zm_cqdm_oqdm/zm_cqdm_oqdm_dsrx_dqaa_1
localize,#subtitle_zm_cqdm_oqdm/zm_cqdm_oqdm_dsrx_dqaa_2
localize,#subtitle_zm_cqdm_oqdm/zm_cqdm_oqdm_dsrx_dqaa_3
localize,#subtitle_zm_cqdm_oqdm/zm_cqdm_oqdm_dsrx_dqaa_4
localize,#subtitle_zm_cqdm_oqdm/zm_cqdm_oqdm_dsrx_dqba_1
localize,#subtitle_zm_cqdm_oqdm/zm_cqdm_oqdm_dsrx_dqba_2
localize,#subtitle_zm_cqdm_oqdm/zm_cqdm_oqdm_dsrx_dqba_3
localize,#subtitle_zm_cqdm_oqdm/zm_cqdm_oqdm_dsrx_dqba_4
localize,#subtitle_zm_cqdm_oqdm/zm_cqdm_oqdm_dsrx_dqdb_1
localize,#subtitle_zm_cqdm_oqdm/zm_cqdm_oqdm_dsrx_dqdb_2
localize,#subtitle_zm_cqdm_oqdm/zm_cqdm_oqdm_dsrx_dqdb_3
localize,#subtitle_zm_cqdm_oqdm/zm_cqdm_oqdm_dsrx_dqdb_4
localize,#subtitle_zm_cqdm_oqdm/zm_cqdm_oqdm_dsrx_dqea_1
localize,#subtitle_zm_cqdm_oqdm/zm_cqdm_oqdm_dsrx_dqea_2
localize,#subtitle_zm_cqdm_oqdm/zm_cqdm_oqdm_dsrx_dqea_3
localize,#subtitle_zm_cqdm_oqdm/zm_cqdm_oqdm_dsrx_dqea_4
localize,#subtitle_zm_cqdm_oqdm/zm_cqdm_oqdm_dsrx_dqfb_1
localize,#subtitle_zm_cqdm_oqdm/zm_cqdm_oqdm_dsrx_dqfb_2
localize,#subtitle_zm_cqdm_oqdm/zm_cqdm_oqdm_dsrx_dqfb_3
localize,#subtitle_zm_cqdm_oqdm/zm_cqdm_oqdm_dsrx_dqfb_4
localize,#subtitle_zm_cqdm_oqdm/zm_cqdm_oqdm_dsrx_dqga_1
localize,#subtitle_zm_cqdm_oqdm/zm_cqdm_oqdm_dsrx_dqga_2
localize,#subtitle_zm_cqdm_oqdm/zm_cqdm_oqdm_dsrx_dqga_3
localize,#subtitle_zm_cqdm_oqdm/zm_cqdm_oqdm_dsrx_dqga_4
localize,#subtitle_zm_cqdm_oqdm/zm_cqdm_oqdm_dsrx_dqhb_1
localize,#subtitle_zm_cqdm_oqdm/zm_cqdm_oqdm_dsrx_dqhb_2
localize,#subtitle_zm_cqdm_oqdm/zm_cqdm_oqdm_dsrx_dqhb_3
localize,#subtitle_zm_cqdm_oqdm/zm_cqdm_oqdm_dsrx_dqhb_4
localize,#subtitle_zm_cqdm_oqdm/zm_cqdm_oqdm_krft_dqab_1
localize,#subtitle_zm_cqdm_oqdm/zm_cqdm_oqdm_krft_dqab_2
localize,#subtitle_zm_cqdm_oqdm/zm_cqdm_oqdm_krft_dqab_3
localize,#subtitle_zm_cqdm_oqdm/zm_cqdm_oqdm_krft_dqab_4
localize,#subtitle_zm_cqdm_oqdm/zm_cqdm_oqdm_krft_dqha_1
localize,#subtitle_zm_cqdm_oqdm/zm_cqdm_oqdm_krft_dqha_2
localize,#subtitle_zm_cqdm_oqdm/zm_cqdm_oqdm_krft_dqha_3
localize,#subtitle_zm_cqdm_oqdm/zm_cqdm_oqdm_krft_dqha_4
localize,#subtitle_zm_cqdm_oqdm/zm_cqdm_oqdm_krtx_dqbb_1
localize,#subtitle_zm_cqdm_oqdm/zm_cqdm_oqdm_krtx_dqbb_2
localize,#subtitle_zm_cqdm_oqdm/zm_cqdm_oqdm_krtx_dqbb_3
localize,#subtitle_zm_cqdm_oqdm/zm_cqdm_oqdm_krtx_dqbb_4
localize,#subtitle_zm_cqdm_oqdm/zm_cqdm_oqdm_krtx_dqca_1
localize,#subtitle_zm_cqdm_oqdm/zm_cqdm_oqdm_krtx_dqca_2
localize,#subtitle_zm_cqdm_oqdm/zm_cqdm_oqdm_krtx_dqca_3
localize,#subtitle_zm_cqdm_oqdm/zm_cqdm_oqdm_krtx_dqca_4
localize,#subtitle_zm_cqdm_oqdm/zm_cqdm_oqdm_krtx_dqca_5
localize,#subtitle_zm_cqdm_oqdm/zm_cqdm_oqdm_krtx_dqca_6
localize,#subtitle_zm_cqdm_oqdm/zm_cqdm_oqdm_krtx_dqda_1
localize,#subtitle_zm_cqdm_oqdm/zm_cqdm_oqdm_krtx_dqda_2
localize,#subtitle_zm_cqdm_oqdm/zm_cqdm_oqdm_krtx_dqda_3
localize,#subtitle_zm_cqdm_oqdm/zm_cqdm_oqdm_krtx_dqda_4
localize,#subtitle_zm_cqdm_oqdm/zm_cqdm_oqdm_krtx_dqea_1
localize,#subtitle_zm_cqdm_oqdm/zm_cqdm_oqdm_krtx_dqea_2
localize,#subtitle_zm_cqdm_oqdm/zm_cqdm_oqdm_krtx_dqea_3
localize,#subtitle_zm_cqdm_oqdm/zm_cqdm_oqdm_krtx_dqea_4
localize,#subtitle_zm_cqdm_oqdm/zm_cqdm_oqdm_krtx_dqea_5
localize,#subtitle_zm_cqdm_oqdm/zm_cqdm_oqdm_krtx_dqea_6
localize,#subtitle_zm_cqdm_oqdm/zm_cqdm_oqdm_krtx_dqfa_1
localize,#subtitle_zm_cqdm_oqdm/zm_cqdm_oqdm_krtx_dqfa_2
localize,#subtitle_zm_cqdm_oqdm/zm_cqdm_oqdm_krtx_dqfa_3
localize,#subtitle_zm_cqdm_oqdm/zm_cqdm_oqdm_krtx_dqfa_4
localize,#subtitle_zm_cs15_zsak/arthur_kingsley
localize,#subtitle_zm_cs15_zsak/zm_cs15_zsak_arth_sdma_1
localize,#subtitle_zm_cs15_zsak/zm_cs15_zsak_arth_sdma_2
localize,#subtitle_zm_cs15_zsak/zm_cs15_zsak_arth_sdma_3
localize,#subtitle_zm_cs15_zsak/zm_cs15_zsak_arth_sdma_4
localize,#subtitle_zm_cs15_zsak/zm_cs15_zsak_arth_sdmd_1
localize,#subtitle_zm_cs15_zsak/zm_cs15_zsak_arth_sdmd_2
localize,#subtitle_zm_cs15_zsak/zm_cs15_zsak_arth_sdmd_3
localize,#subtitle_zm_cs15_zsak/zm_cs15_zsak_arth_sdmd_4
localize,#subtitle_zm_cs15_zsak/zm_cs15_zsak_arth_sdml_1
localize,#subtitle_zm_cs15_zsak/zm_cs15_zsak_arth_sdml_2
localize,#subtitle_zm_cs15_zsak/zm_cs15_zsak_arth_sdml_3
localize,#subtitle_zm_cs15_zsak/zm_cs15_zsak_arth_sdml_4
localize,#subtitle_zm_cs15_zsak/zm_cs15_zsak_arth_swma_1
localize,#subtitle_zm_cs15_zsak/zm_cs15_zsak_arth_swma_2
localize,#subtitle_zm_cs15_zsak/zm_cs15_zsak_arth_swma_3
localize,#subtitle_zm_cs15_zsak/zm_cs15_zsak_arth_swma_4
localize,#subtitle_zm_cs15_zsak/zm_cs15_zsak_arth_swmd_1
localize,#subtitle_zm_cs15_zsak/zm_cs15_zsak_arth_swmd_2
localize,#subtitle_zm_cs15_zsak/zm_cs15_zsak_arth_swmd_3
localize,#subtitle_zm_cs15_zsak/zm_cs15_zsak_arth_swmd_4
localize,#subtitle_zm_cs15_zsak/zm_cs15_zsak_arth_swml_1
localize,#subtitle_zm_cs15_zsak/zm_cs15_zsak_arth_swml_2
localize,#subtitle_zm_cs15_zsak/zm_cs15_zsak_arth_swml_3
localize,#subtitle_zm_cs15_zsak/zm_cs15_zsak_arth_swml_4
localize,#subtitle_zm_cs15_zsbm/beatrice_mercier
localize,#subtitle_zm_cs15_zsbm/zm_cs15_zsbm_beat_sdma_1
localize,#subtitle_zm_cs15_zsbm/zm_cs15_zsbm_beat_sdma_2
localize,#subtitle_zm_cs15_zsbm/zm_cs15_zsbm_beat_sdma_3
localize,#subtitle_zm_cs15_zsbm/zm_cs15_zsbm_beat_sdma_4
localize,#subtitle_zm_cs15_zsbm/zm_cs15_zsbm_beat_sdmd_1
localize,#subtitle_zm_cs15_zsbm/zm_cs15_zsbm_beat_sdmd_2
localize,#subtitle_zm_cs15_zsbm/zm_cs15_zsbm_beat_sdmd_3
localize,#subtitle_zm_cs15_zsbm/zm_cs15_zsbm_beat_sdmd_4
localize,#subtitle_zm_cs15_zsbm/zm_cs15_zsbm_beat_sdml_1
localize,#subtitle_zm_cs15_zsbm/zm_cs15_zsbm_beat_sdml_2
localize,#subtitle_zm_cs15_zsbm/zm_cs15_zsbm_beat_sdml_3
localize,#subtitle_zm_cs15_zsbm/zm_cs15_zsbm_beat_sdml_4
localize,#subtitle_zm_cs15_zsbm/zm_cs15_zsbm_beat_swma_1
localize,#subtitle_zm_cs15_zsbm/zm_cs15_zsbm_beat_swma_2
localize,#subtitle_zm_cs15_zsbm/zm_cs15_zsbm_beat_swma_3
localize,#subtitle_zm_cs15_zsbm/zm_cs15_zsbm_beat_swma_4
localize,#subtitle_zm_cs15_zsbm/zm_cs15_zsbm_beat_swmd_1
localize,#subtitle_zm_cs15_zsbm/zm_cs15_zsbm_beat_swmd_2
localize,#subtitle_zm_cs15_zsbm/zm_cs15_zsbm_beat_swmd_3
localize,#subtitle_zm_cs15_zsbm/zm_cs15_zsbm_beat_swmd_4
localize,#subtitle_zm_cs15_zsbm/zm_cs15_zsbm_beat_swml_1
localize,#subtitle_zm_cs15_zsbm/zm_cs15_zsbm_beat_swml_2
localize,#subtitle_zm_cs15_zsbm/zm_cs15_zsbm_beat_swml_3
localize,#subtitle_zm_cs15_zsbm/zm_cs15_zsbm_beat_swml_4
localize,#subtitle_zm_cs15_zscm/constanze_muller
localize,#subtitle_zm_cs15_zscm/zm_cs15_zscm_cons_sdma_1
localize,#subtitle_zm_cs15_zscm/zm_cs15_zscm_cons_sdma_2
localize,#subtitle_zm_cs15_zscm/zm_cs15_zscm_cons_sdma_3
localize,#subtitle_zm_cs15_zscm/zm_cs15_zscm_cons_sdma_4
localize,#subtitle_zm_cs15_zscm/zm_cs15_zscm_cons_sdmd_1
localize,#subtitle_zm_cs15_zscm/zm_cs15_zscm_cons_sdmd_2
localize,#subtitle_zm_cs15_zscm/zm_cs15_zscm_cons_sdmd_3
localize,#subtitle_zm_cs15_zscm/zm_cs15_zscm_cons_sdmd_4
localize,#subtitle_zm_cs15_zscm/zm_cs15_zscm_cons_sdml_1
localize,#subtitle_zm_cs15_zscm/zm_cs15_zscm_cons_sdml_2
localize,#subtitle_zm_cs15_zscm/zm_cs15_zscm_cons_sdml_3
localize,#subtitle_zm_cs15_zscm/zm_cs15_zscm_cons_sdml_4
localize,#subtitle_zm_cs15_zscm/zm_cs15_zscm_cons_swma_1
localize,#subtitle_zm_cs15_zscm/zm_cs15_zscm_cons_swma_2
localize,#subtitle_zm_cs15_zscm/zm_cs15_zscm_cons_swma_3
localize,#subtitle_zm_cs15_zscm/zm_cs15_zscm_cons_swma_4
localize,#subtitle_zm_cs15_zscm/zm_cs15_zscm_cons_swmd_1
localize,#subtitle_zm_cs15_zscm/zm_cs15_zscm_cons_swmd_2
localize,#subtitle_zm_cs15_zscm/zm_cs15_zscm_cons_swmd_3
localize,#subtitle_zm_cs15_zscm/zm_cs15_zscm_cons_swmd_4
localize,#subtitle_zm_cs15_zscm/zm_cs15_zscm_cons_swml_1
localize,#subtitle_zm_cs15_zscm/zm_cs15_zscm_cons_swml_2
localize,#subtitle_zm_cs15_zscm/zm_cs15_zscm_cons_swml_3
localize,#subtitle_zm_cs15_zscm/zm_cs15_zscm_cons_swml_4
localize,#subtitle_zm_cs15_zsdt/daniel_yatsu
localize,#subtitle_zm_cs15_zsdt/zm_cs15_zsdt_danl_sdma_1
localize,#subtitle_zm_cs15_zsdt/zm_cs15_zsdt_danl_sdma_2
localize,#subtitle_zm_cs15_zsdt/zm_cs15_zsdt_danl_sdma_3
localize,#subtitle_zm_cs15_zsdt/zm_cs15_zsdt_danl_sdma_4
localize,#subtitle_zm_cs15_zsdt/zm_cs15_zsdt_danl_sdmd_1
localize,#subtitle_zm_cs15_zsdt/zm_cs15_zsdt_danl_sdmd_2
localize,#subtitle_zm_cs15_zsdt/zm_cs15_zsdt_danl_sdmd_3
localize,#subtitle_zm_cs15_zsdt/zm_cs15_zsdt_danl_sdmd_4
localize,#subtitle_zm_cs15_zsdt/zm_cs15_zsdt_danl_sdml_1
localize,#subtitle_zm_cs15_zsdt/zm_cs15_zsdt_danl_sdml_2
localize,#subtitle_zm_cs15_zsdt/zm_cs15_zsdt_danl_sdml_3
localize,#subtitle_zm_cs15_zsdt/zm_cs15_zsdt_danl_sdml_4
localize,#subtitle_zm_cs15_zsdt/zm_cs15_zsdt_danl_swma_1
localize,#subtitle_zm_cs15_zsdt/zm_cs15_zsdt_danl_swma_2
localize,#subtitle_zm_cs15_zsdt/zm_cs15_zsdt_danl_swma_3
localize,#subtitle_zm_cs15_zsdt/zm_cs15_zsdt_danl_swma_4
localize,#subtitle_zm_cs15_zsdt/zm_cs15_zsdt_danl_swmd_1
localize,#subtitle_zm_cs15_zsdt/zm_cs15_zsdt_danl_swmd_2
localize,#subtitle_zm_cs15_zsdt/zm_cs15_zsdt_danl_swmd_3
localize,#subtitle_zm_cs15_zsdt/zm_cs15_zsdt_danl_swmd_4
localize,#subtitle_zm_cs15_zsdt/zm_cs15_zsdt_danl_swml_1
localize,#subtitle_zm_cs15_zsdt/zm_cs15_zsdt_danl_swml_2
localize,#subtitle_zm_cs15_zsdt/zm_cs15_zsdt_danl_swml_3
localize,#subtitle_zm_cs15_zsdt/zm_cs15_zsdt_danl_swml_4
localize,#subtitle_zm_cs15_zsfl/francis_lanakila
localize,#subtitle_zm_cs15_zsfl/zm_cs15_zsfl_mpof_sdma_1
localize,#subtitle_zm_cs15_zsfl/zm_cs15_zsfl_mpof_sdma_2
localize,#subtitle_zm_cs15_zsfl/zm_cs15_zsfl_mpof_sdma_3
localize,#subtitle_zm_cs15_zsfl/zm_cs15_zsfl_mpof_sdma_4
localize,#subtitle_zm_cs15_zsfl/zm_cs15_zsfl_mpof_sdmd_1
localize,#subtitle_zm_cs15_zsfl/zm_cs15_zsfl_mpof_sdmd_2
localize,#subtitle_zm_cs15_zsfl/zm_cs15_zsfl_mpof_sdmd_3
localize,#subtitle_zm_cs15_zsfl/zm_cs15_zsfl_mpof_sdmd_4
localize,#subtitle_zm_cs15_zsfl/zm_cs15_zsfl_mpof_sdml_1
localize,#subtitle_zm_cs15_zsfl/zm_cs15_zsfl_mpof_sdml_2
localize,#subtitle_zm_cs15_zsfl/zm_cs15_zsfl_mpof_sdml_3
localize,#subtitle_zm_cs15_zsfl/zm_cs15_zsfl_mpof_sdml_4
localize,#subtitle_zm_cs15_zsfl/zm_cs15_zsfl_mpof_swma_1
localize,#subtitle_zm_cs15_zsfl/zm_cs15_zsfl_mpof_swma_2
localize,#subtitle_zm_cs15_zsfl/zm_cs15_zsfl_mpof_swma_3
localize,#subtitle_zm_cs15_zsfl/zm_cs15_zsfl_mpof_swma_4
localize,#subtitle_zm_cs15_zsfl/zm_cs15_zsfl_mpof_swmd_1
localize,#subtitle_zm_cs15_zsfl/zm_cs15_zsfl_mpof_swmd_2
localize,#subtitle_zm_cs15_zsfl/zm_cs15_zsfl_mpof_swmd_3
localize,#subtitle_zm_cs15_zsfl/zm_cs15_zsfl_mpof_swmd_4
localize,#subtitle_zm_cs15_zsfl/zm_cs15_zsfl_mpof_swml_1
localize,#subtitle_zm_cs15_zsfl/zm_cs15_zsfl_mpof_swml_2
localize,#subtitle_zm_cs15_zsfl/zm_cs15_zsfl_mpof_swml_3
localize,#subtitle_zm_cs15_zsfl/zm_cs15_zsfl_mpof_swml_4
localize,#subtitle_zm_cs15_zshz/halima_zambardi
localize,#subtitle_zm_cs15_zshz/zm_cs15_zshz_hali_sdma_1
localize,#subtitle_zm_cs15_zshz/zm_cs15_zshz_hali_sdma_2
localize,#subtitle_zm_cs15_zshz/zm_cs15_zshz_hali_sdma_3
localize,#subtitle_zm_cs15_zshz/zm_cs15_zshz_hali_sdma_4
localize,#subtitle_zm_cs15_zshz/zm_cs15_zshz_hali_sdmd_1
localize,#subtitle_zm_cs15_zshz/zm_cs15_zshz_hali_sdmd_2
localize,#subtitle_zm_cs15_zshz/zm_cs15_zshz_hali_sdmd_3
localize,#subtitle_zm_cs15_zshz/zm_cs15_zshz_hali_sdmd_4
localize,#subtitle_zm_cs15_zshz/zm_cs15_zshz_hali_sdml_1
localize,#subtitle_zm_cs15_zshz/zm_cs15_zshz_hali_sdml_2
localize,#subtitle_zm_cs15_zshz/zm_cs15_zshz_hali_sdml_3
localize,#subtitle_zm_cs15_zshz/zm_cs15_zshz_hali_sdml_4
localize,#subtitle_zm_cs15_zshz/zm_cs15_zshz_hali_swma_1
localize,#subtitle_zm_cs15_zshz/zm_cs15_zshz_hali_swma_2
localize,#subtitle_zm_cs15_zshz/zm_cs15_zshz_hali_swma_3
localize,#subtitle_zm_cs15_zshz/zm_cs15_zshz_hali_swma_4
localize,#subtitle_zm_cs15_zshz/zm_cs15_zshz_hali_swmd_1
localize,#subtitle_zm_cs15_zshz/zm_cs15_zshz_hali_swmd_2
localize,#subtitle_zm_cs15_zshz/zm_cs15_zshz_hali_swmd_3
localize,#subtitle_zm_cs15_zshz/zm_cs15_zshz_hali_swmd_4
localize,#subtitle_zm_cs15_zshz/zm_cs15_zshz_hali_swml_1
localize,#subtitle_zm_cs15_zshz/zm_cs15_zshz_hali_swml_2
localize,#subtitle_zm_cs15_zshz/zm_cs15_zshz_hali_swml_3
localize,#subtitle_zm_cs15_zshz/zm_cs15_zshz_hali_swml_4
localize,#subtitle_zm_cs15_zsic/isabella_reyes
localize,#subtitle_zm_cs15_zsic/zm_cs15_zsic_mpoi_sdma_1
localize,#subtitle_zm_cs15_zsic/zm_cs15_zsic_mpoi_sdma_2
localize,#subtitle_zm_cs15_zsic/zm_cs15_zsic_mpoi_sdma_3
localize,#subtitle_zm_cs15_zsic/zm_cs15_zsic_mpoi_sdma_4
localize,#subtitle_zm_cs15_zsic/zm_cs15_zsic_mpoi_sdmd_1
localize,#subtitle_zm_cs15_zsic/zm_cs15_zsic_mpoi_sdmd_2
localize,#subtitle_zm_cs15_zsic/zm_cs15_zsic_mpoi_sdmd_3
localize,#subtitle_zm_cs15_zsic/zm_cs15_zsic_mpoi_sdmd_4
localize,#subtitle_zm_cs15_zsic/zm_cs15_zsic_mpoi_sdml_1
localize,#subtitle_zm_cs15_zsic/zm_cs15_zsic_mpoi_sdml_2
localize,#subtitle_zm_cs15_zsic/zm_cs15_zsic_mpoi_sdml_3
localize,#subtitle_zm_cs15_zsic/zm_cs15_zsic_mpoi_sdml_4
localize,#subtitle_zm_cs15_zsic/zm_cs15_zsic_mpoi_swma_1
localize,#subtitle_zm_cs15_zsic/zm_cs15_zsic_mpoi_swma_2
localize,#subtitle_zm_cs15_zsic/zm_cs15_zsic_mpoi_swma_3
localize,#subtitle_zm_cs15_zsic/zm_cs15_zsic_mpoi_swma_4
localize,#subtitle_zm_cs15_zsic/zm_cs15_zsic_mpoi_swmd_1
localize,#subtitle_zm_cs15_zsic/zm_cs15_zsic_mpoi_swmd_2
localize,#subtitle_zm_cs15_zsic/zm_cs15_zsic_mpoi_swmd_3
localize,#subtitle_zm_cs15_zsic/zm_cs15_zsic_mpoi_swmd_4
localize,#subtitle_zm_cs15_zsic/zm_cs15_zsic_mpoi_swml_1
localize,#subtitle_zm_cs15_zsic/zm_cs15_zsic_mpoi_swml_2
localize,#subtitle_zm_cs15_zsic/zm_cs15_zsic_mpoi_swml_3
localize,#subtitle_zm_cs15_zsic/zm_cs15_zsic_mpoi_swml_4
localize,#subtitle_zm_cs15_zslh/lewis_howard
localize,#subtitle_zm_cs15_zslh/zm_cs15_zslh_lewi_sdma_1
localize,#subtitle_zm_cs15_zslh/zm_cs15_zslh_lewi_sdma_2
localize,#subtitle_zm_cs15_zslh/zm_cs15_zslh_lewi_sdma_3
localize,#subtitle_zm_cs15_zslh/zm_cs15_zslh_lewi_sdma_4
localize,#subtitle_zm_cs15_zslh/zm_cs15_zslh_lewi_sdmd_1
localize,#subtitle_zm_cs15_zslh/zm_cs15_zslh_lewi_sdmd_2
localize,#subtitle_zm_cs15_zslh/zm_cs15_zslh_lewi_sdmd_3
localize,#subtitle_zm_cs15_zslh/zm_cs15_zslh_lewi_sdmd_4
localize,#subtitle_zm_cs15_zslh/zm_cs15_zslh_lewi_sdml_1
localize,#subtitle_zm_cs15_zslh/zm_cs15_zslh_lewi_sdml_2
localize,#subtitle_zm_cs15_zslh/zm_cs15_zslh_lewi_sdml_3
localize,#subtitle_zm_cs15_zslh/zm_cs15_zslh_lewi_sdml_4
localize,#subtitle_zm_cs15_zslh/zm_cs15_zslh_lewi_swma_1
localize,#subtitle_zm_cs15_zslh/zm_cs15_zslh_lewi_swma_2
localize,#subtitle_zm_cs15_zslh/zm_cs15_zslh_lewi_swma_3
localize,#subtitle_zm_cs15_zslh/zm_cs15_zslh_lewi_swma_4
localize,#subtitle_zm_cs15_zslh/zm_cs15_zslh_lewi_swmd_1
localize,#subtitle_zm_cs15_zslh/zm_cs15_zslh_lewi_swmd_2
localize,#subtitle_zm_cs15_zslh/zm_cs15_zslh_lewi_swmd_3
localize,#subtitle_zm_cs15_zslh/zm_cs15_zslh_lewi_swmd_4
localize,#subtitle_zm_cs15_zslh/zm_cs15_zslh_lewi_swml_1
localize,#subtitle_zm_cs15_zslh/zm_cs15_zslh_lewi_swml_2
localize,#subtitle_zm_cs15_zslh/zm_cs15_zslh_lewi_swml_3
localize,#subtitle_zm_cs15_zslh/zm_cs15_zslh_lewi_swml_4
localize,#subtitle_zm_cs15_zslr/lucas_riggs
localize,#subtitle_zm_cs15_zslr/zm_cs15_zslr_luca_sdma_1
localize,#subtitle_zm_cs15_zslr/zm_cs15_zslr_luca_sdma_2
localize,#subtitle_zm_cs15_zslr/zm_cs15_zslr_luca_sdma_3
localize,#subtitle_zm_cs15_zslr/zm_cs15_zslr_luca_sdma_4
localize,#subtitle_zm_cs15_zslr/zm_cs15_zslr_luca_sdmd_1
localize,#subtitle_zm_cs15_zslr/zm_cs15_zslr_luca_sdmd_2
localize,#subtitle_zm_cs15_zslr/zm_cs15_zslr_luca_sdmd_3
localize,#subtitle_zm_cs15_zslr/zm_cs15_zslr_luca_sdmd_4
localize,#subtitle_zm_cs15_zslr/zm_cs15_zslr_luca_sdml_1
localize,#subtitle_zm_cs15_zslr/zm_cs15_zslr_luca_sdml_2
localize,#subtitle_zm_cs15_zslr/zm_cs15_zslr_luca_sdml_3
localize,#subtitle_zm_cs15_zslr/zm_cs15_zslr_luca_sdml_4
localize,#subtitle_zm_cs15_zslr/zm_cs15_zslr_luca_swma_1
localize,#subtitle_zm_cs15_zslr/zm_cs15_zslr_luca_swma_2
localize,#subtitle_zm_cs15_zslr/zm_cs15_zslr_luca_swma_3
localize,#subtitle_zm_cs15_zslr/zm_cs15_zslr_luca_swma_4
localize,#subtitle_zm_cs15_zslr/zm_cs15_zslr_luca_swmd_1
localize,#subtitle_zm_cs15_zslr/zm_cs15_zslr_luca_swmd_2
localize,#subtitle_zm_cs15_zslr/zm_cs15_zslr_luca_swmd_3
localize,#subtitle_zm_cs15_zslr/zm_cs15_zslr_luca_swmd_4
localize,#subtitle_zm_cs15_zslr/zm_cs15_zslr_luca_swml_1
localize,#subtitle_zm_cs15_zslr/zm_cs15_zslr_luca_swml_2
localize,#subtitle_zm_cs15_zslr/zm_cs15_zslr_luca_swml_3
localize,#subtitle_zm_cs15_zslr/zm_cs15_zslr_luca_swml_4
localize,#subtitle_zm_cs15_zspb/padmavati_balan
localize,#subtitle_zm_cs15_zspb/zm_cs15_zspb_padm_sdma_1
localize,#subtitle_zm_cs15_zspb/zm_cs15_zspb_padm_sdma_2
localize,#subtitle_zm_cs15_zspb/zm_cs15_zspb_padm_sdma_3
localize,#subtitle_zm_cs15_zspb/zm_cs15_zspb_padm_sdma_4
localize,#subtitle_zm_cs15_zspb/zm_cs15_zspb_padm_sdmd_1
localize,#subtitle_zm_cs15_zspb/zm_cs15_zspb_padm_sdmd_2
localize,#subtitle_zm_cs15_zspb/zm_cs15_zspb_padm_sdmd_3
localize,#subtitle_zm_cs15_zspb/zm_cs15_zspb_padm_sdmd_4
localize,#subtitle_zm_cs15_zspb/zm_cs15_zspb_padm_sdml_1
localize,#subtitle_zm_cs15_zspb/zm_cs15_zspb_padm_sdml_2
localize,#subtitle_zm_cs15_zspb/zm_cs15_zspb_padm_sdml_3
localize,#subtitle_zm_cs15_zspb/zm_cs15_zspb_padm_sdml_4
localize,#subtitle_zm_cs15_zspb/zm_cs15_zspb_padm_swma_1
localize,#subtitle_zm_cs15_zspb/zm_cs15_zspb_padm_swma_2
localize,#subtitle_zm_cs15_zspb/zm_cs15_zspb_padm_swma_3
localize,#subtitle_zm_cs15_zspb/zm_cs15_zspb_padm_swma_4
localize,#subtitle_zm_cs15_zspb/zm_cs15_zspb_padm_swmd_1
localize,#subtitle_zm_cs15_zspb/zm_cs15_zspb_padm_swmd_2
localize,#subtitle_zm_cs15_zspb/zm_cs15_zspb_padm_swmd_3
localize,#subtitle_zm_cs15_zspb/zm_cs15_zspb_padm_swmd_4
localize,#subtitle_zm_cs15_zspb/zm_cs15_zspb_padm_swml_1
localize,#subtitle_zm_cs15_zspb/zm_cs15_zspb_padm_swml_2
localize,#subtitle_zm_cs15_zspb/zm_cs15_zspb_padm_swml_3
localize,#subtitle_zm_cs15_zspb/zm_cs15_zspb_padm_swml_4
localize,#subtitle_zm_cs15_zspp/polina_petrova
localize,#subtitle_zm_cs15_zspp/zm_cs15_zspp_poli_sdma_1
localize,#subtitle_zm_cs15_zspp/zm_cs15_zspp_poli_sdma_2
localize,#subtitle_zm_cs15_zspp/zm_cs15_zspp_poli_sdma_3
localize,#subtitle_zm_cs15_zspp/zm_cs15_zspp_poli_sdmd_1
localize,#subtitle_zm_cs15_zspp/zm_cs15_zspp_poli_sdmd_2
localize,#subtitle_zm_cs15_zspp/zm_cs15_zspp_poli_sdmd_3
localize,#subtitle_zm_cs15_zspp/zm_cs15_zspp_poli_sdmd_4
localize,#subtitle_zm_cs15_zspp/zm_cs15_zspp_poli_sdml_1
localize,#subtitle_zm_cs15_zspp/zm_cs15_zspp_poli_sdml_2
localize,#subtitle_zm_cs15_zspp/zm_cs15_zspp_poli_sdml_3
localize,#subtitle_zm_cs15_zspp/zm_cs15_zspp_poli_sdml_4
localize,#subtitle_zm_cs15_zspp/zm_cs15_zspp_poli_swma_1
localize,#subtitle_zm_cs15_zspp/zm_cs15_zspp_poli_swma_2
localize,#subtitle_zm_cs15_zspp/zm_cs15_zspp_poli_swma_3
localize,#subtitle_zm_cs15_zspp/zm_cs15_zspp_poli_swmd_1
localize,#subtitle_zm_cs15_zspp/zm_cs15_zspp_poli_swmd_2
localize,#subtitle_zm_cs15_zspp/zm_cs15_zspp_poli_swmd_3
localize,#subtitle_zm_cs15_zspp/zm_cs15_zspp_poli_swmd_4
localize,#subtitle_zm_cs15_zspp/zm_cs15_zspp_poli_swml_1
localize,#subtitle_zm_cs15_zspp/zm_cs15_zspp_poli_swml_2
localize,#subtitle_zm_cs15_zspp/zm_cs15_zspp_poli_swml_3
localize,#subtitle_zm_cs15_zspp/zm_cs15_zspp_poli_swml_4
localize,#subtitle_zm_cs15_zsrz/roland_zeimet
localize,#subtitle_zm_cs15_zsrz/zm_cs15_zsrz_rola_sdma_1
localize,#subtitle_zm_cs15_zsrz/zm_cs15_zsrz_rola_sdma_2
localize,#subtitle_zm_cs15_zsrz/zm_cs15_zsrz_rola_sdma_3
localize,#subtitle_zm_cs15_zsrz/zm_cs15_zsrz_rola_sdma_4
localize,#subtitle_zm_cs15_zsrz/zm_cs15_zsrz_rola_sdmd_1
localize,#subtitle_zm_cs15_zsrz/zm_cs15_zsrz_rola_sdmd_2
localize,#subtitle_zm_cs15_zsrz/zm_cs15_zsrz_rola_sdmd_3
localize,#subtitle_zm_cs15_zsrz/zm_cs15_zsrz_rola_sdmd_4
localize,#subtitle_zm_cs15_zsrz/zm_cs15_zsrz_rola_sdml_1
localize,#subtitle_zm_cs15_zsrz/zm_cs15_zsrz_rola_sdml_2
localize,#subtitle_zm_cs15_zsrz/zm_cs15_zsrz_rola_sdml_3
localize,#subtitle_zm_cs15_zsrz/zm_cs15_zsrz_rola_sdml_4
localize,#subtitle_zm_cs15_zsrz/zm_cs15_zsrz_rola_swma_1
localize,#subtitle_zm_cs15_zsrz/zm_cs15_zsrz_rola_swma_2
localize,#subtitle_zm_cs15_zsrz/zm_cs15_zsrz_rola_swma_3
localize,#subtitle_zm_cs15_zsrz/zm_cs15_zsrz_rola_swma_4
localize,#subtitle_zm_cs15_zsrz/zm_cs15_zsrz_rola_swmd_1
localize,#subtitle_zm_cs15_zsrz/zm_cs15_zsrz_rola_swmd_2
localize,#subtitle_zm_cs15_zsrz/zm_cs15_zsrz_rola_swmd_3
localize,#subtitle_zm_cs15_zsrz/zm_cs15_zsrz_rola_swmd_4
localize,#subtitle_zm_cs15_zsrz/zm_cs15_zsrz_rola_swml_1
localize,#subtitle_zm_cs15_zsrz/zm_cs15_zsrz_rola_swml_2
localize,#subtitle_zm_cs15_zsrz/zm_cs15_zsrz_rola_swml_3
localize,#subtitle_zm_cs15_zsrz/zm_cs15_zsrz_rola_swml_4
localize,#subtitle_zm_cs15_zssh/solange_harderwijk
localize,#subtitle_zm_cs15_zssh/zm_cs15_zssh_sola_sdma_1
localize,#subtitle_zm_cs15_zssh/zm_cs15_zssh_sola_sdma_2
localize,#subtitle_zm_cs15_zssh/zm_cs15_zssh_sola_sdma_3
localize,#subtitle_zm_cs15_zssh/zm_cs15_zssh_sola_sdma_4
localize,#subtitle_zm_cs15_zssh/zm_cs15_zssh_sola_sdmd_1
localize,#subtitle_zm_cs15_zssh/zm_cs15_zssh_sola_sdmd_2
localize,#subtitle_zm_cs15_zssh/zm_cs15_zssh_sola_sdmd_3
localize,#subtitle_zm_cs15_zssh/zm_cs15_zssh_sola_sdmd_4
localize,#subtitle_zm_cs15_zssh/zm_cs15_zssh_sola_sdml_1
localize,#subtitle_zm_cs15_zssh/zm_cs15_zssh_sola_sdml_2
localize,#subtitle_zm_cs15_zssh/zm_cs15_zssh_sola_sdml_3
localize,#subtitle_zm_cs15_zssh/zm_cs15_zssh_sola_sdml_4
localize,#subtitle_zm_cs15_zssh/zm_cs15_zssh_sola_swma_1
localize,#subtitle_zm_cs15_zssh/zm_cs15_zssh_sola_swma_2
localize,#subtitle_zm_cs15_zssh/zm_cs15_zssh_sola_swma_3
localize,#subtitle_zm_cs15_zssh/zm_cs15_zssh_sola_swma_4
localize,#subtitle_zm_cs15_zssh/zm_cs15_zssh_sola_swmd_1
localize,#subtitle_zm_cs15_zssh/zm_cs15_zssh_sola_swmd_2
localize,#subtitle_zm_cs15_zssh/zm_cs15_zssh_sola_swmd_3
localize,#subtitle_zm_cs15_zssh/zm_cs15_zssh_sola_swmd_4
localize,#subtitle_zm_cs15_zssh/zm_cs15_zssh_sola_swml_1
localize,#subtitle_zm_cs15_zssh/zm_cs15_zssh_sola_swml_2
localize,#subtitle_zm_cs15_zssh/zm_cs15_zssh_sola_swml_3
localize,#subtitle_zm_cs15_zssh/zm_cs15_zssh_sola_swml_4
localize,#subtitle_zm_cs15_zsso/shigenori_ota
localize,#subtitle_zm_cs15_zsso/zm_cs15_zsso_shig_sdma_1
localize,#subtitle_zm_cs15_zsso/zm_cs15_zsso_shig_sdma_2
localize,#subtitle_zm_cs15_zsso/zm_cs15_zsso_shig_sdma_3
localize,#subtitle_zm_cs15_zsso/zm_cs15_zsso_shig_sdma_4
localize,#subtitle_zm_cs15_zsso/zm_cs15_zsso_shig_sdmd_1
localize,#subtitle_zm_cs15_zsso/zm_cs15_zsso_shig_sdmd_2
localize,#subtitle_zm_cs15_zsso/zm_cs15_zsso_shig_sdmd_3
localize,#subtitle_zm_cs15_zsso/zm_cs15_zsso_shig_sdmd_4
localize,#subtitle_zm_cs15_zsso/zm_cs15_zsso_shig_sdml_1
localize,#subtitle_zm_cs15_zsso/zm_cs15_zsso_shig_sdml_2
localize,#subtitle_zm_cs15_zsso/zm_cs15_zsso_shig_sdml_3
localize,#subtitle_zm_cs15_zsso/zm_cs15_zsso_shig_sdml_4
localize,#subtitle_zm_cs15_zsso/zm_cs15_zsso_shig_swma_1
localize,#subtitle_zm_cs15_zsso/zm_cs15_zsso_shig_swma_2
localize,#subtitle_zm_cs15_zsso/zm_cs15_zsso_shig_swma_3
localize,#subtitle_zm_cs15_zsso/zm_cs15_zsso_shig_swma_4
localize,#subtitle_zm_cs15_zsso/zm_cs15_zsso_shig_swmd_1
localize,#subtitle_zm_cs15_zsso/zm_cs15_zsso_shig_swmd_2
localize,#subtitle_zm_cs15_zsso/zm_cs15_zsso_shig_swmd_3
localize,#subtitle_zm_cs15_zsso/zm_cs15_zsso_shig_swmd_4
localize,#subtitle_zm_cs15_zsso/zm_cs15_zsso_shig_swml_1
localize,#subtitle_zm_cs15_zsso/zm_cs15_zsso_shig_swml_2
localize,#subtitle_zm_cs15_zsso/zm_cs15_zsso_shig_swml_3
localize,#subtitle_zm_cs15_zsso/zm_cs15_zsso_shig_swml_4
localize,#subtitle_zm_cs15_zswj/wade_jackson
localize,#subtitle_zm_cs15_zswj/zm_cs15_zswj_wade_sdma_1
localize,#subtitle_zm_cs15_zswj/zm_cs15_zswj_wade_sdma_2
localize,#subtitle_zm_cs15_zswj/zm_cs15_zswj_wade_sdma_3
localize,#subtitle_zm_cs15_zswj/zm_cs15_zswj_wade_sdma_4
localize,#subtitle_zm_cs15_zswj/zm_cs15_zswj_wade_sdmd_1
localize,#subtitle_zm_cs15_zswj/zm_cs15_zswj_wade_sdmd_2
localize,#subtitle_zm_cs15_zswj/zm_cs15_zswj_wade_sdmd_3
localize,#subtitle_zm_cs15_zswj/zm_cs15_zswj_wade_sdmd_4
localize,#subtitle_zm_cs15_zswj/zm_cs15_zswj_wade_sdml_1
localize,#subtitle_zm_cs15_zswj/zm_cs15_zswj_wade_sdml_2
localize,#subtitle_zm_cs15_zswj/zm_cs15_zswj_wade_sdml_3
localize,#subtitle_zm_cs15_zswj/zm_cs15_zswj_wade_sdml_4
localize,#subtitle_zm_cs15_zswj/zm_cs15_zswj_wade_swma_1
localize,#subtitle_zm_cs15_zswj/zm_cs15_zswj_wade_swma_2
localize,#subtitle_zm_cs15_zswj/zm_cs15_zswj_wade_swma_3
localize,#subtitle_zm_cs15_zswj/zm_cs15_zswj_wade_swma_4
localize,#subtitle_zm_cs15_zswj/zm_cs15_zswj_wade_swmd_1
localize,#subtitle_zm_cs15_zswj/zm_cs15_zswj_wade_swmd_2
localize,#subtitle_zm_cs15_zswj/zm_cs15_zswj_wade_swmd_3
localize,#subtitle_zm_cs15_zswj/zm_cs15_zswj_wade_swmd_4
localize,#subtitle_zm_cs15_zswj/zm_cs15_zswj_wade_swml_1
localize,#subtitle_zm_cs15_zswj/zm_cs15_zswj_wade_swml_2
localize,#subtitle_zm_cs15_zswj/zm_cs15_zswj_wade_swml_3
localize,#subtitle_zm_cs15_zswj/zm_cs15_zswj_wade_swml_4
localize,#subtitle_zm_csad_zsad/anna_drake
localize,#subtitle_zm_csad_zsad/zm_csad_zsad_anna_sdma_1
localize,#subtitle_zm_csad_zsad/zm_csad_zsad_anna_sdma_2
localize,#subtitle_zm_csad_zsad/zm_csad_zsad_anna_sdma_3
localize,#subtitle_zm_csad_zsad/zm_csad_zsad_anna_sdma_4
localize,#subtitle_zm_csad_zsad/zm_csad_zsad_anna_sdmd_1
localize,#subtitle_zm_csad_zsad/zm_csad_zsad_anna_sdmd_2
localize,#subtitle_zm_csad_zsad/zm_csad_zsad_anna_sdmd_3
localize,#subtitle_zm_csad_zsad/zm_csad_zsad_anna_sdmd_4
localize,#subtitle_zm_csad_zsad/zm_csad_zsad_anna_sdml_1
localize,#subtitle_zm_csad_zsad/zm_csad_zsad_anna_sdml_2
localize,#subtitle_zm_csad_zsad/zm_csad_zsad_anna_sdml_3
localize,#subtitle_zm_csad_zsad/zm_csad_zsad_anna_sdml_4
localize,#subtitle_zm_csad_zsad/zm_csad_zsad_anna_swma_1
localize,#subtitle_zm_csad_zsad/zm_csad_zsad_anna_swma_2
localize,#subtitle_zm_csad_zsad/zm_csad_zsad_anna_swma_3
localize,#subtitle_zm_csad_zsad/zm_csad_zsad_anna_swma_4
localize,#subtitle_zm_csad_zsad/zm_csad_zsad_anna_swmd_1
localize,#subtitle_zm_csad_zsad/zm_csad_zsad_anna_swmd_2
localize,#subtitle_zm_csad_zsad/zm_csad_zsad_anna_swmd_3
localize,#subtitle_zm_csad_zsad/zm_csad_zsad_anna_swmd_4
localize,#subtitle_zm_csad_zsad/zm_csad_zsad_anna_swml_1
localize,#subtitle_zm_csad_zsad/zm_csad_zsad_anna_swml_2
localize,#subtitle_zm_csad_zsad/zm_csad_zsad_anna_swml_3
localize,#subtitle_zm_csad_zsad/zm_csad_zsad_anna_swml_4
localize,#subtitle_zm_csgd_zsgd/gustavo_dos_santos
localize,#subtitle_zm_csgd_zsgd/zm_csgd_zsgd_gust_sdma_1
localize,#subtitle_zm_csgd_zsgd/zm_csgd_zsgd_gust_sdma_2
localize,#subtitle_zm_csgd_zsgd/zm_csgd_zsgd_gust_sdma_3
localize,#subtitle_zm_csgd_zsgd/zm_csgd_zsgd_gust_sdma_4
localize,#subtitle_zm_csgd_zsgd/zm_csgd_zsgd_gust_sdmd_1
localize,#subtitle_zm_csgd_zsgd/zm_csgd_zsgd_gust_sdmd_2
localize,#subtitle_zm_csgd_zsgd/zm_csgd_zsgd_gust_sdmd_3
localize,#subtitle_zm_csgd_zsgd/zm_csgd_zsgd_gust_sdmd_4
localize,#subtitle_zm_csgd_zsgd/zm_csgd_zsgd_gust_sdml_1
localize,#subtitle_zm_csgd_zsgd/zm_csgd_zsgd_gust_sdml_2
localize,#subtitle_zm_csgd_zsgd/zm_csgd_zsgd_gust_sdml_3
localize,#subtitle_zm_csgd_zsgd/zm_csgd_zsgd_gust_sdml_4
localize,#subtitle_zm_csgd_zsgd/zm_csgd_zsgd_gust_swma_1
localize,#subtitle_zm_csgd_zsgd/zm_csgd_zsgd_gust_swma_2
localize,#subtitle_zm_csgd_zsgd/zm_csgd_zsgd_gust_swma_3
localize,#subtitle_zm_csgd_zsgd/zm_csgd_zsgd_gust_swma_4
localize,#subtitle_zm_csgd_zsgd/zm_csgd_zsgd_gust_swmd_1
localize,#subtitle_zm_csgd_zsgd/zm_csgd_zsgd_gust_swmd_2
localize,#subtitle_zm_csgd_zsgd/zm_csgd_zsgd_gust_swmd_3
localize,#subtitle_zm_csgd_zsgd/zm_csgd_zsgd_gust_swmd_4
localize,#subtitle_zm_csgd_zsgd/zm_csgd_zsgd_gust_swml_1
localize,#subtitle_zm_csgd_zsgd/zm_csgd_zsgd_gust_swml_2
localize,#subtitle_zm_csgd_zsgd/zm_csgd_zsgd_gust_swml_3
localize,#subtitle_zm_csgd_zsgd/zm_csgd_zsgd_gust_swml_4
localize,#subtitle_zm_cstb_zstb/thomas_bolt
localize,#subtitle_zm_cstb_zstb/zm_cstb_zstb_thbl_sdma_1
localize,#subtitle_zm_cstb_zstb/zm_cstb_zstb_thbl_sdma_2
localize,#subtitle_zm_cstb_zstb/zm_cstb_zstb_thbl_sdma_3
localize,#subtitle_zm_cstb_zstb/zm_cstb_zstb_thbl_sdma_4
localize,#subtitle_zm_cstb_zstb/zm_cstb_zstb_thbl_sdmd_1
localize,#subtitle_zm_cstb_zstb/zm_cstb_zstb_thbl_sdmd_2
localize,#subtitle_zm_cstb_zstb/zm_cstb_zstb_thbl_sdmd_3
localize,#subtitle_zm_cstb_zstb/zm_cstb_zstb_thbl_sdmd_4
localize,#subtitle_zm_cstb_zstb/zm_cstb_zstb_thbl_sdml_1
localize,#subtitle_zm_cstb_zstb/zm_cstb_zstb_thbl_sdml_2
localize,#subtitle_zm_cstb_zstb/zm_cstb_zstb_thbl_sdml_3
localize,#subtitle_zm_cstb_zstb/zm_cstb_zstb_thbl_sdml_4
localize,#subtitle_zm_cstb_zstb/zm_cstb_zstb_thbl_swma_1
localize,#subtitle_zm_cstb_zstb/zm_cstb_zstb_thbl_swma_2
localize,#subtitle_zm_cstb_zstb/zm_cstb_zstb_thbl_swma_3
localize,#subtitle_zm_cstb_zstb/zm_cstb_zstb_thbl_swma_4
localize,#subtitle_zm_cstb_zstb/zm_cstb_zstb_thbl_swmd_1
localize,#subtitle_zm_cstb_zstb/zm_cstb_zstb_thbl_swmd_2
localize,#subtitle_zm_cstb_zstb/zm_cstb_zstb_thbl_swmd_3
localize,#subtitle_zm_cstb_zstb/zm_cstb_zstb_thbl_swmd_4
localize,#subtitle_zm_cstb_zstb/zm_cstb_zstb_thbl_swml_1
localize,#subtitle_zm_cstb_zstb/zm_cstb_zstb_thbl_swml_2
localize,#subtitle_zm_cstb_zstb/zm_cstb_zstb_thbl_swml_3
localize,#subtitle_zm_cstb_zstb/zm_cstb_zstb_thbl_swml_4
localize,#subtitle_zm_o2as_ass2/krafft
localize,#subtitle_zm_o2as_ass2/vercanna
localize,#subtitle_zm_o2as_ass2/von_list
localize,#subtitle_zm_o2as_ass2/zm_o2as_ass2_krft_a1ro_1
localize,#subtitle_zm_o2as_ass2/zm_o2as_ass2_krft_a1ro_2
localize,#subtitle_zm_o2as_ass2/zm_o2as_ass2_krft_a1ro_3
localize,#subtitle_zm_o2as_ass2/zm_o2as_ass2_krft_a1ro_4
localize,#subtitle_zm_o2as_ass2/zm_o2as_ass2_krft_a1ro_5
localize,#subtitle_zm_o2as_ass2/zm_o2as_ass2_krft_a1ro_6
localize,#subtitle_zm_o2as_ass2/zm_o2as_ass2_krft_a1ro_7
localize,#subtitle_zm_o2as_ass2/zm_o2as_ass2_krft_a1ro_8
localize,#subtitle_zm_o2as_ass2/zm_o2as_ass2_krft_a2nd_1
localize,#subtitle_zm_o2as_ass2/zm_o2as_ass2_krft_a2nd_2
localize,#subtitle_zm_o2as_ass2/zm_o2as_ass2_krft_a2nd_3
localize,#subtitle_zm_o2as_ass2/zm_o2as_ass2_krft_a2nd_4
localize,#subtitle_zm_o2as_ass2/zm_o2as_ass2_krft_a2nd_5
localize,#subtitle_zm_o2as_ass2/zm_o2as_ass2_krft_a2nd_6
localize,#subtitle_zm_o2as_ass2/zm_o2as_ass2_krft_a2nd_7
localize,#subtitle_zm_o2as_ass2/zm_o2as_ass2_krft_a2nd_8
localize,#subtitle_zm_o2as_ass2/zm_o2as_ass2_krft_a2rr_1
localize,#subtitle_zm_o2as_ass2/zm_o2as_ass2_krft_a2rr_2
localize,#subtitle_zm_o2as_ass2/zm_o2as_ass2_krft_a2rr_3
localize,#subtitle_zm_o2as_ass2/zm_o2as_ass2_krft_a2rr_4
localize,#subtitle_zm_o2as_ass2/zm_o2as_ass2_krft_a2rr_5
localize,#subtitle_zm_o2as_ass2/zm_o2as_ass2_krft_a2rr_6
localize,#subtitle_zm_o2as_ass2/zm_o2as_ass2_krft_a2rr_7
localize,#subtitle_zm_o2as_ass2/zm_o2as_ass2_krft_a2rr_8
localize,#subtitle_zm_o2as_ass2/zm_o2as_ass2_krft_aann_1
localize,#subtitle_zm_o2as_ass2/zm_o2as_ass2_krft_aann_2
localize,#subtitle_zm_o2as_ass2/zm_o2as_ass2_krft_aann_3
localize,#subtitle_zm_o2as_ass2/zm_o2as_ass2_krft_aann_4
localize,#subtitle_zm_o2as_ass2/zm_o2as_ass2_krft_aann_5
localize,#subtitle_zm_o2as_ass2/zm_o2as_ass2_krft_aann_6
localize,#subtitle_zm_o2as_ass2/zm_o2as_ass2_krft_aann_7
localize,#subtitle_zm_o2as_ass2/zm_o2as_ass2_krft_aann_8
localize,#subtitle_zm_o2as_ass2/zm_o2as_ass2_krft_as1t_1
localize,#subtitle_zm_o2as_ass2/zm_o2as_ass2_krft_as1t_2
localize,#subtitle_zm_o2as_ass2/zm_o2as_ass2_krft_as1t_3
localize,#subtitle_zm_o2as_ass2/zm_o2as_ass2_krft_as1t_4
localize,#subtitle_zm_o2as_ass2/zm_o2as_ass2_krft_as3t_1
localize,#subtitle_zm_o2as_ass2/zm_o2as_ass2_krft_as3t_2
localize,#subtitle_zm_o2as_ass2/zm_o2as_ass2_krft_as3t_3
localize,#subtitle_zm_o2as_ass2/zm_o2as_ass2_krft_as3t_4
localize,#subtitle_zm_o2as_ass2/zm_o2as_ass2_krft_atgr_1
localize,#subtitle_zm_o2as_ass2/zm_o2as_ass2_krft_atgr_2
localize,#subtitle_zm_o2as_ass2/zm_o2as_ass2_krft_atgr_3
localize,#subtitle_zm_o2as_ass2/zm_o2as_ass2_krft_atgr_4
localize,#subtitle_zm_o2as_ass2/zm_o2as_ass2_krft_atgr_5
localize,#subtitle_zm_o2as_ass2/zm_o2as_ass2_krft_atgr_6
localize,#subtitle_zm_o2as_ass2/zm_o2as_ass2_krft_atgr_7
localize,#subtitle_zm_o2as_ass2/zm_o2as_ass2_krft_atgr_8
localize,#subtitle_zm_o2as_ass2/zm_o2as_ass2_vlst_a1rr_1
localize,#subtitle_zm_o2as_ass2/zm_o2as_ass2_vlst_a1rr_2
localize,#subtitle_zm_o2as_ass2/zm_o2as_ass2_vlst_a1rr_3
localize,#subtitle_zm_o2as_ass2/zm_o2as_ass2_vlst_a1rr_4
localize,#subtitle_zm_o2as_ass2/zm_o2as_ass2_vlst_a1rr_5
localize,#subtitle_zm_o2as_ass2/zm_o2as_ass2_vlst_a1rr_6
localize,#subtitle_zm_o2as_ass2/zm_o2as_ass2_vlst_a1rr_7
localize,#subtitle_zm_o2as_ass2/zm_o2as_ass2_vlst_a1rr_8
localize,#subtitle_zm_o2as_ass2/zm_o2as_ass2_vlst_a2fl_1
localize,#subtitle_zm_o2as_ass2/zm_o2as_ass2_vlst_a2fl_2
localize,#subtitle_zm_o2as_ass2/zm_o2as_ass2_vlst_a2fl_3
localize,#subtitle_zm_o2as_ass2/zm_o2as_ass2_vlst_a2fl_4
localize,#subtitle_zm_o2as_ass2/zm_o2as_ass2_vlst_a2fl_5
localize,#subtitle_zm_o2as_ass2/zm_o2as_ass2_vlst_a2fl_6
localize,#subtitle_zm_o2as_ass2/zm_o2as_ass2_vlst_a2fl_7
localize,#subtitle_zm_o2as_ass2/zm_o2as_ass2_vlst_a2fl_8
localize,#subtitle_zm_o2as_ass2/zm_o2as_ass2_vlst_a2ro_1
localize,#subtitle_zm_o2as_ass2/zm_o2as_ass2_vlst_a2ro_2
localize,#subtitle_zm_o2as_ass2/zm_o2as_ass2_vlst_a2ro_3
localize,#subtitle_zm_o2as_ass2/zm_o2as_ass2_vlst_a2ro_4
localize,#subtitle_zm_o2as_ass2/zm_o2as_ass2_vlst_a2ro_5
localize,#subtitle_zm_o2as_ass2/zm_o2as_ass2_vlst_a2ro_6
localize,#subtitle_zm_o2as_ass2/zm_o2as_ass2_vlst_a2ro_7
localize,#subtitle_zm_o2as_ass2/zm_o2as_ass2_vlst_a2ro_8
localize,#subtitle_zm_o2as_ass2/zm_o2as_ass2_vlst_a3sy_1
localize,#subtitle_zm_o2as_ass2/zm_o2as_ass2_vlst_a3sy_2
localize,#subtitle_zm_o2as_ass2/zm_o2as_ass2_vlst_a3sy_3
localize,#subtitle_zm_o2as_ass2/zm_o2as_ass2_vlst_a3sy_4
localize,#subtitle_zm_o2as_ass2/zm_o2as_ass2_vlst_a3sy_5
localize,#subtitle_zm_o2as_ass2/zm_o2as_ass2_vlst_a3sy_6
localize,#subtitle_zm_o2as_ass2/zm_o2as_ass2_vlst_a3sy_7
localize,#subtitle_zm_o2as_ass2/zm_o2as_ass2_vlst_a3sy_8
localize,#subtitle_zm_o2as_ass2/zm_o2as_ass2_vlst_as2t_1
localize,#subtitle_zm_o2as_ass2/zm_o2as_ass2_vlst_as2t_2
localize,#subtitle_zm_o2as_ass2/zm_o2as_ass2_vlst_as2t_3
localize,#subtitle_zm_o2as_ass2/zm_o2as_ass2_vlst_as2t_4
localize,#subtitle_zm_o2as_ass2/zm_o2as_ass2_vrcn_a1sy_1
localize,#subtitle_zm_o2as_ass2/zm_o2as_ass2_vrcn_a1sy_2
localize,#subtitle_zm_o2as_ass2/zm_o2as_ass2_vrcn_a1sy_3
localize,#subtitle_zm_o2as_ass2/zm_o2as_ass2_vrcn_a1sy_4
localize,#subtitle_zm_o2as_ass2/zm_o2as_ass2_vrcn_a1sy_5
localize,#subtitle_zm_o2as_ass2/zm_o2as_ass2_vrcn_a1sy_6
localize,#subtitle_zm_o2as_ass2/zm_o2as_ass2_vrcn_a1sy_7
localize,#subtitle_zm_o2as_ass2/zm_o2as_ass2_vrcn_a1sy_8
localize,#subtitle_zm_o2as_ass2/zm_o2as_ass2_vrcn_a25e_1
localize,#subtitle_zm_o2as_ass2/zm_o2as_ass2_vrcn_a25e_2
localize,#subtitle_zm_o2as_ass2/zm_o2as_ass2_vrcn_a25e_3
localize,#subtitle_zm_o2as_ass2/zm_o2as_ass2_vrcn_a25e_4
localize,#subtitle_zm_o2as_ass2/zm_o2as_ass2_vrcn_a25e_5
localize,#subtitle_zm_o2as_ass2/zm_o2as_ass2_vrcn_a25e_6
localize,#subtitle_zm_o2as_ass2/zm_o2as_ass2_vrcn_a25e_7
localize,#subtitle_zm_o2as_ass2/zm_o2as_ass2_vrcn_a25e_8
localize,#subtitle_zm_o2as_ass2/zm_o2as_ass2_vrcn_a2ar_1
localize,#subtitle_zm_o2as_ass2/zm_o2as_ass2_vrcn_a2ar_2
localize,#subtitle_zm_o2as_ass2/zm_o2as_ass2_vrcn_a2ar_3
localize,#subtitle_zm_o2as_ass2/zm_o2as_ass2_vrcn_a2ar_4
localize,#subtitle_zm_o2as_ass2/zm_o2as_ass2_vrcn_a2sy_1
localize,#subtitle_zm_o2as_ass2/zm_o2as_ass2_vrcn_a2sy_2
localize,#subtitle_zm_o2as_ass2/zm_o2as_ass2_vrcn_a2sy_3
localize,#subtitle_zm_o2as_ass2/zm_o2as_ass2_vrcn_a2sy_4
localize,#subtitle_zm_o2as_ass2/zm_o2as_ass2_vrcn_a2sy_5
localize,#subtitle_zm_o2as_ass2/zm_o2as_ass2_vrcn_a2sy_6
localize,#subtitle_zm_o2as_ass2/zm_o2as_ass2_vrcn_a2sy_7
localize,#subtitle_zm_o2as_ass2/zm_o2as_ass2_vrcn_a2sy_8
localize,#subtitle_zm_o2as_ass2/zm_o2as_ass2_vrcn_andr_1
localize,#subtitle_zm_o2as_ass2/zm_o2as_ass2_vrcn_andr_2
localize,#subtitle_zm_o2as_ass2/zm_o2as_ass2_vrcn_andr_3
localize,#subtitle_zm_o2as_ass2/zm_o2as_ass2_vrcn_andr_4
localize,#subtitle_zm_o2as_ass2/zm_o2as_ass2_vrcn_andr_5
localize,#subtitle_zm_o2as_ass2/zm_o2as_ass2_vrcn_andr_6
localize,#subtitle_zm_o2as_ass2/zm_o2as_ass2_vrcn_andr_7
localize,#subtitle_zm_o2as_ass2/zm_o2as_ass2_vrcn_andr_8
localize,#subtitle_zm_o2as_ass2/zm_o2as_ass2_vrcn_asgn_1
localize,#subtitle_zm_o2as_ass2/zm_o2as_ass2_vrcn_asgn_2
localize,#subtitle_zm_o2as_ass2/zm_o2as_ass2_vrcn_asgn_3
localize,#subtitle_zm_o2as_ass2/zm_o2as_ass2_vrcn_asgn_4
localize,#subtitle_zm_o2as_ass2/zm_o2as_ass2_vrcn_asgn_5
localize,#subtitle_zm_o2as_ass2/zm_o2as_ass2_vrcn_asgn_6
localize,#subtitle_zm_o2as_ass2/zm_o2as_ass2_vrcn_asgn_7
localize,#subtitle_zm_o2as_ass2/zm_o2as_ass2_vrcn_asgn_8
localize,#subtitle_zm_o2as_ass2/zm_o2as_ass2_vrcn_asr1_1
localize,#subtitle_zm_o2as_ass2/zm_o2as_ass2_vrcn_asr1_2
localize,#subtitle_zm_o2as_ass2/zm_o2as_ass2_vrcn_asr1_3
localize,#subtitle_zm_o2as_ass2/zm_o2as_ass2_vrcn_asr1_4
localize,#subtitle_zm_o2as_ass2/zm_o2as_ass2_vrcn_asr2_1
localize,#subtitle_zm_o2as_ass2/zm_o2as_ass2_vrcn_asr2_2
localize,#subtitle_zm_o2as_ass2/zm_o2as_ass2_vrcn_asr2_3
localize,#subtitle_zm_o2as_ass2/zm_o2as_ass2_vrcn_asr2_4
localize,#subtitle_zm_o2as_ass2/zm_o2as_ass2_vrcn_asr3_1
localize,#subtitle_zm_o2as_ass2/zm_o2as_ass2_vrcn_asr3_2
localize,#subtitle_zm_o2as_ass2/zm_o2as_ass2_vrcn_asr3_3
localize,#subtitle_zm_o2as_ass2/zm_o2as_ass2_vrcn_asr3_4
localize,#subtitle_zm_o2as_ass2/zm_o2as_ass2_vrcn_asuc_1
localize,#subtitle_zm_o2as_ass2/zm_o2as_ass2_vrcn_asuc_2
localize,#subtitle_zm_o2as_ass2/zm_o2as_ass2_vrcn_asuc_3
localize,#subtitle_zm_o2as_ass2/zm_o2as_ass2_vrcn_asuc_4
localize,#subtitle_zm_o2as_ass2/zm_o2as_ass2_vrcn_asuc_5
localize,#subtitle_zm_o2as_ass2/zm_o2as_ass2_vrcn_asuc_6
localize,#subtitle_zm_o2as_ass2/zm_o2as_ass2_vrcn_asuc_7
localize,#subtitle_zm_o2as_ass2/zm_o2as_ass2_vrcn_asuc_8
localize,#subtitle_zm_o2as_ass2/zm_o2as_ass2_vrcn_atrr_1
localize,#subtitle_zm_o2as_ass2/zm_o2as_ass2_vrcn_atrr_2
localize,#subtitle_zm_o2as_ass2/zm_o2as_ass2_vrcn_atrr_3
localize,#subtitle_zm_o2as_ass2/zm_o2as_ass2_vrcn_atrr_4
localize,#subtitle_zm_o2as_ass2/zm_o2as_ass2_vrcn_atrr_5
localize,#subtitle_zm_o2as_ass2/zm_o2as_ass2_vrcn_atrr_6
localize,#subtitle_zm_o2as_ass2/zm_o2as_ass2_vrcn_atrr_7
localize,#subtitle_zm_o2as_ass2/zm_o2as_ass2_vrcn_atrr_8
localize,#subtitle_zm_wwds_wdrs/decimator
localize,#subtitle_zm_wwds_wdrs/zm_wwds_wdrs_dcmt_wdar_1
localize,#subtitle_zm_wwds_wdrs/zm_wwds_wdrs_dcmt_wdar_10
localize,#subtitle_zm_wwds_wdrs/zm_wwds_wdrs_dcmt_wdar_2
localize,#subtitle_zm_wwds_wdrs/zm_wwds_wdrs_dcmt_wdar_3
localize,#subtitle_zm_wwds_wdrs/zm_wwds_wdrs_dcmt_wdar_4
localize,#subtitle_zm_wwds_wdrs/zm_wwds_wdrs_dcmt_wdar_5
localize,#subtitle_zm_wwds_wdrs/zm_wwds_wdrs_dcmt_wdar_6
localize,#subtitle_zm_wwds_wdrs/zm_wwds_wdrs_dcmt_wdar_7
localize,#subtitle_zm_wwds_wdrs/zm_wwds_wdrs_dcmt_wdar_8
localize,#subtitle_zm_wwds_wdrs/zm_wwds_wdrs_dcmt_wdar_9
localize,#subtitle_zm_wwds_wdrs/zm_wwds_wdrs_dcmt_wdba_1
localize,#subtitle_zm_wwds_wdrs/zm_wwds_wdrs_dcmt_wdba_10
localize,#subtitle_zm_wwds_wdrs/zm_wwds_wdrs_dcmt_wdba_2
localize,#subtitle_zm_wwds_wdrs/zm_wwds_wdrs_dcmt_wdba_3
localize,#subtitle_zm_wwds_wdrs/zm_wwds_wdrs_dcmt_wdba_4
localize,#subtitle_zm_wwds_wdrs/zm_wwds_wdrs_dcmt_wdba_5
localize,#subtitle_zm_wwds_wdrs/zm_wwds_wdrs_dcmt_wdba_6
localize,#subtitle_zm_wwds_wdrs/zm_wwds_wdrs_dcmt_wdba_7
localize,#subtitle_zm_wwds_wdrs/zm_wwds_wdrs_dcmt_wdba_8
localize,#subtitle_zm_wwds_wdrs/zm_wwds_wdrs_dcmt_wdba_9
localize,#subtitle_zm_wwds_wdrs/zm_wwds_wdrs_dcmt_wdcb_1
localize,#subtitle_zm_wwds_wdrs/zm_wwds_wdrs_dcmt_wdcb_10
localize,#subtitle_zm_wwds_wdrs/zm_wwds_wdrs_dcmt_wdcb_2
localize,#subtitle_zm_wwds_wdrs/zm_wwds_wdrs_dcmt_wdcb_3
localize,#subtitle_zm_wwds_wdrs/zm_wwds_wdrs_dcmt_wdcb_4
localize,#subtitle_zm_wwds_wdrs/zm_wwds_wdrs_dcmt_wdcb_5
localize,#subtitle_zm_wwds_wdrs/zm_wwds_wdrs_dcmt_wdcb_6
localize,#subtitle_zm_wwds_wdrs/zm_wwds_wdrs_dcmt_wdcb_7
localize,#subtitle_zm_wwds_wdrs/zm_wwds_wdrs_dcmt_wdcb_8
localize,#subtitle_zm_wwds_wdrs/zm_wwds_wdrs_dcmt_wdcb_9
localize,#subtitle_zm_wwds_wdrs/zm_wwds_wdrs_dcmt_wdin_1
localize,#subtitle_zm_wwds_wdrs/zm_wwds_wdrs_dcmt_wdmk_1
localize,#subtitle_zm_wwds_wdrs/zm_wwds_wdrs_dcmt_wdmk_10
localize,#subtitle_zm_wwds_wdrs/zm_wwds_wdrs_dcmt_wdmk_2
localize,#subtitle_zm_wwds_wdrs/zm_wwds_wdrs_dcmt_wdmk_3
localize,#subtitle_zm_wwds_wdrs/zm_wwds_wdrs_dcmt_wdmk_4
localize,#subtitle_zm_wwds_wdrs/zm_wwds_wdrs_dcmt_wdmk_5
localize,#subtitle_zm_wwds_wdrs/zm_wwds_wdrs_dcmt_wdmk_6
localize,#subtitle_zm_wwds_wdrs/zm_wwds_wdrs_dcmt_wdmk_7
localize,#subtitle_zm_wwds_wdrs/zm_wwds_wdrs_dcmt_wdmk_8
localize,#subtitle_zm_wwds_wdrs/zm_wwds_wdrs_dcmt_wdmk_9
localize,#subtitle_zm_wwds_wdrs/zm_wwds_wdrs_dcmt_wdpu_1
localize,#subtitle_zm_wwds_wdrs/zm_wwds_wdrs_dcmt_wdpu_2
localize,#subtitle_zm_wwds_wdrs/zm_wwds_wdrs_dcmt_wdpu_3
localize,#subtitle_zm_wwds_wdrs/zm_wwds_wdrs_dcmt_wdpu_4
localize,#subtitle_zm_wwds_wdrs/zm_wwds_wdrs_dcmt_wdpu_5
localize,#subtitle_zm_wwds_wdrs/zm_wwds_wdrs_dcmt_wdpu_6
localize,#subtitle_zm_wwds_wdrs/zm_wwds_wdrs_dcmt_wdpu_7
localize,#subtitle_zm_z15q_mq15/bellekar
localize,#subtitle_zm_z15q_mq15/inviktor
localize,#subtitle_zm_z15q_mq15/krafft
localize,#subtitle_zm_z15q_mq15/norticus
localize,#subtitle_zm_z15q_mq15/saraxis
localize,#subtitle_zm_z15q_mq15/zm_z15q_mq15_blkr_qb1a_1
localize,#subtitle_zm_z15q_mq15/zm_z15q_mq15_blkr_qb1a_2
localize,#subtitle_zm_z15q_mq15/zm_z15q_mq15_blkr_qb1a_3
localize,#subtitle_zm_z15q_mq15/zm_z15q_mq15_blkr_qb1a_4
localize,#subtitle_zm_z15q_mq15/zm_z15q_mq15_blkr_qb4g_1
localize,#subtitle_zm_z15q_mq15/zm_z15q_mq15_blkr_qb4l_1
localize,#subtitle_zm_z15q_mq15/zm_z15q_mq15_blkr_qb5i
localize,#subtitle_zm_z15q_mq15/zm_z15q_mq15_blkr_qb5k
localize,#subtitle_zm_z15q_mq15/zm_z15q_mq15_blkr_qb5l
localize,#subtitle_zm_z15q_mq15/zm_z15q_mq15_blkr_qb6c_1
localize,#subtitle_zm_z15q_mq15/zm_z15q_mq15_blkr_qb6g_1
localize,#subtitle_zm_z15q_mq15/zm_z15q_mq15_blkr_qb6l_1
localize,#subtitle_zm_z15q_mq15/zm_z15q_mq15_blkr_qb6m_1
localize,#subtitle_zm_z15q_mq15/zm_z15q_mq15_blkr_qb6p
localize,#subtitle_zm_z15q_mq15/zm_z15q_mq15_blkr_qb6q
localize,#subtitle_zm_z15q_mq15/zm_z15q_mq15_dnrt_qb4j_1
localize,#subtitle_zm_z15q_mq15/zm_z15q_mq15_dnrt_qb5a_1
localize,#subtitle_zm_z15q_mq15/zm_z15q_mq15_dnrt_qb5b_1
localize,#subtitle_zm_z15q_mq15/zm_z15q_mq15_dnrt_qb5c_1
localize,#subtitle_zm_z15q_mq15/zm_z15q_mq15_dnrt_qb5d
localize,#subtitle_zm_z15q_mq15/zm_z15q_mq15_dnrt_qb5g
localize,#subtitle_zm_z15q_mq15/zm_z15q_mq15_dnrt_qb6b_1
localize,#subtitle_zm_z15q_mq15/zm_z15q_mq15_dnrt_qb6i_1
localize,#subtitle_zm_z15q_mq15/zm_z15q_mq15_dnrt_qb6j_1
localize,#subtitle_zm_z15q_mq15/zm_z15q_mq15_dnrt_qbca_1
localize,#subtitle_zm_z15q_mq15/zm_z15q_mq15_dnrt_qbca_2
localize,#subtitle_zm_z15q_mq15/zm_z15q_mq15_dnrt_qbca_3
localize,#subtitle_zm_z15q_mq15/zm_z15q_mq15_dnrt_qbca_4
localize,#subtitle_zm_z15q_mq15/zm_z15q_mq15_dnvk_qb4i_1
localize,#subtitle_zm_z15q_mq15/zm_z15q_mq15_dnvk_qb5f
localize,#subtitle_zm_z15q_mq15/zm_z15q_mq15_dnvk_qb5h
localize,#subtitle_zm_z15q_mq15/zm_z15q_mq15_dnvk_qb6d_1
localize,#subtitle_zm_z15q_mq15/zm_z15q_mq15_dnvk_qb6k_1
localize,#subtitle_zm_z15q_mq15/zm_z15q_mq15_dsrx_qb4k_1
localize,#subtitle_zm_z15q_mq15/zm_z15q_mq15_dsrx_qb5e
localize,#subtitle_zm_z15q_mq15/zm_z15q_mq15_dsrx_qb5j
localize,#subtitle_zm_z15q_mq15/zm_z15q_mq15_dsrx_qb6e_1
localize,#subtitle_zm_z15q_mq15/zm_z15q_mq15_dsrx_qb6h_1
localize,#subtitle_zm_z15q_mq15/zm_z15q_mq15_dsrx_qbcf_1
localize,#subtitle_zm_z15q_mq15/zm_z15q_mq15_dsrx_qbcf_2
localize,#subtitle_zm_z15q_mq15/zm_z15q_mq15_dsrx_qbcf_3
localize,#subtitle_zm_z15q_mq15/zm_z15q_mq15_dsrx_qbcf_4
localize,#subtitle_zm_z15q_mq15/zm_z15q_mq15_krft_qb1b_1
localize,#subtitle_zm_z15q_mq15/zm_z15q_mq15_krft_qb1b_2
localize,#subtitle_zm_z15q_mq15/zm_z15q_mq15_krft_qb1b_3
localize,#subtitle_zm_z15q_mq15/zm_z15q_mq15_krft_qb1b_4
localize,#subtitle_zm_z15q_mq15/zm_z15q_mq15_krft_qb3a_1
localize,#subtitle_zm_z15q_mq15/zm_z15q_mq15_krft_qb3a_2
localize,#subtitle_zm_z15q_mq15/zm_z15q_mq15_krft_qb3a_3
localize,#subtitle_zm_z15q_mq15/zm_z15q_mq15_krft_qb3a_4
localize,#subtitle_zm_z15q_mq15/zm_z15q_mq15_krft_qb3b_1
localize,#subtitle_zm_z15q_mq15/zm_z15q_mq15_krft_qb3b_2
localize,#subtitle_zm_z15q_mq15/zm_z15q_mq15_krft_qb3b_3
localize,#subtitle_zm_z15q_mq15/zm_z15q_mq15_krft_qb3b_4
localize,#subtitle_zm_z15q_mq15/zm_z15q_mq15_krft_qb3c
localize,#subtitle_zm_z15q_mq15/zm_z15q_mq15_krft_qb3d_1
localize,#subtitle_zm_z15q_mq15/zm_z15q_mq15_krft_qb4a_1
localize,#subtitle_zm_z15q_mq15/zm_z15q_mq15_krft_qb4b_1
localize,#subtitle_zm_z15q_mq15/zm_z15q_mq15_krft_qb4c
localize,#subtitle_zm_z15q_mq15/zm_z15q_mq15_krft_qb4d
localize,#subtitle_zm_z15q_mq15/zm_z15q_mq15_krft_qb4e
localize,#subtitle_zm_z15q_mq15/zm_z15q_mq15_krft_qb4f
localize,#subtitle_zm_z15q_mq15/zm_z15q_mq15_krft_qb4h_1
localize,#subtitle_zm_z15q_mq15/zm_z15q_mq15_krft_qb4m_1
localize,#subtitle_zm_z15q_mq15/zm_z15q_mq15_krft_qb4n_1
localize,#subtitle_zm_z15q_mq15/zm_z15q_mq15_krft_qb5m_1
localize,#subtitle_zm_z15q_mq15/zm_z15q_mq15_krft_qb6a_1
localize,#subtitle_zm_z15q_mq15/zm_z15q_mq15_krft_qb6f
localize,#subtitle_zm_z15q_mq15/zm_z15q_mq15_krft_qb6n_1
localize,#subtitle_zm_z15q_mq15/zm_z15q_mq15_krft_qb6o_1
localize,#subtitle_zm_z2fb_ofbz/bellekar
localize,#subtitle_zm_z2fb_ofbz/kortifex
localize,#subtitle_zm_z2fb_ofbz/krafft
localize,#subtitle_zm_z2fb_ofbz/vercanna
localize,#subtitle_zm_z2fb_ofbz/von_list
localize,#subtitle_zm_z2fb_ofbz/zm_z2fb_ofbz_blkr_fend_1
localize,#subtitle_zm_z2fb_ofbz/zm_z2fb_ofbz_blkr_fend_2
localize,#subtitle_zm_z2fb_ofbz/zm_z2fb_ofbz_blkr_fend_3
localize,#subtitle_zm_z2fb_ofbz/zm_z2fb_ofbz_blkr_fend_4
localize,#subtitle_zm_z2fb_ofbz/zm_z2fb_ofbz_blkr_fend_5
localize,#subtitle_zm_z2fb_ofbz/zm_z2fb_ofbz_blkr_fend_6
localize,#subtitle_zm_z2fb_ofbz/zm_z2fb_ofbz_blkr_fend_7
localize,#subtitle_zm_z2fb_ofbz/zm_z2fb_ofbz_blkr_fend_8
localize,#subtitle_zm_z2fb_ofbz/zm_z2fb_ofbz_blkr_ftps_1
localize,#subtitle_zm_z2fb_ofbz/zm_z2fb_ofbz_blkr_ftps_2
localize,#subtitle_zm_z2fb_ofbz/zm_z2fb_ofbz_blkr_ftps_3
localize,#subtitle_zm_z2fb_ofbz/zm_z2fb_ofbz_blkr_ftps_4
localize,#subtitle_zm_z2fb_ofbz/zm_z2fb_ofbz_krft_fenr_1
localize,#subtitle_zm_z2fb_ofbz/zm_z2fb_ofbz_krft_fenr_2
localize,#subtitle_zm_z2fb_ofbz/zm_z2fb_ofbz_krft_fenr_3
localize,#subtitle_zm_z2fb_ofbz/zm_z2fb_ofbz_krft_fenr_4
localize,#subtitle_zm_z2fb_ofbz/zm_z2fb_ofbz_krft_fenr_5
localize,#subtitle_zm_z2fb_ofbz/zm_z2fb_ofbz_krft_fenr_6
localize,#subtitle_zm_z2fb_ofbz/zm_z2fb_ofbz_krft_fenr_7
localize,#subtitle_zm_z2fb_ofbz/zm_z2fb_ofbz_krft_fenr_8
localize,#subtitle_zm_z2fb_ofbz/zm_z2fb_ofbz_krft_fssh_1
localize,#subtitle_zm_z2fb_ofbz/zm_z2fb_ofbz_krft_fssh_2
localize,#subtitle_zm_z2fb_ofbz/zm_z2fb_ofbz_krft_fssh_3
localize,#subtitle_zm_z2fb_ofbz/zm_z2fb_ofbz_krft_fssh_4
localize,#subtitle_zm_z2fb_ofbz/zm_z2fb_ofbz_krft_fssh_5
localize,#subtitle_zm_z2fb_ofbz/zm_z2fb_ofbz_krft_fssh_6
localize,#subtitle_zm_z2fb_ofbz/zm_z2fb_ofbz_krft_fssh_7
localize,#subtitle_zm_z2fb_ofbz/zm_z2fb_ofbz_krft_fssh_8
localize,#subtitle_zm_z2fb_ofbz/zm_z2fb_ofbz_krtx_fssr_1
localize,#subtitle_zm_z2fb_ofbz/zm_z2fb_ofbz_krtx_fssr_2
localize,#subtitle_zm_z2fb_ofbz/zm_z2fb_ofbz_krtx_fssr_3
localize,#subtitle_zm_z2fb_ofbz/zm_z2fb_ofbz_krtx_fssr_4
localize,#subtitle_zm_z2fb_ofbz/zm_z2fb_ofbz_krtx_fssr_5
localize,#subtitle_zm_z2fb_ofbz/zm_z2fb_ofbz_krtx_fssr_6
localize,#subtitle_zm_z2fb_ofbz/zm_z2fb_ofbz_krtx_fssr_7
localize,#subtitle_zm_z2fb_ofbz/zm_z2fb_ofbz_krtx_fssr_8
localize,#subtitle_zm_z2fb_ofbz/zm_z2fb_ofbz_vlst_fscs_1
localize,#subtitle_zm_z2fb_ofbz/zm_z2fb_ofbz_vlst_fscs_2
localize,#subtitle_zm_z2fb_ofbz/zm_z2fb_ofbz_vlst_fscs_3
localize,#subtitle_zm_z2fb_ofbz/zm_z2fb_ofbz_vlst_fscs_4
localize,#subtitle_zm_z2fb_ofbz/zm_z2fb_ofbz_vlst_fscs_5
localize,#subtitle_zm_z2fb_ofbz/zm_z2fb_ofbz_vlst_fscs_6
localize,#subtitle_zm_z2fb_ofbz/zm_z2fb_ofbz_vlst_fscs_7
localize,#subtitle_zm_z2fb_ofbz/zm_z2fb_ofbz_vlst_fscs_8
localize,#subtitle_zm_z2fb_ofbz/zm_z2fb_ofbz_vrcn_ftpf_1
localize,#subtitle_zm_z2fb_ofbz/zm_z2fb_ofbz_vrcn_ftpf_2
localize,#subtitle_zm_z2fb_ofbz/zm_z2fb_ofbz_vrcn_ftpf_3
localize,#subtitle_zm_z2fb_ofbz/zm_z2fb_ofbz_vrcn_ftpf_4
localize,#subtitle_zm_z2mq_mqs2/bellekar
localize,#subtitle_zm_z2mq_mqs2/decimator
localize,#subtitle_zm_z2mq_mqs2/inviktor
localize,#subtitle_zm_z2mq_mqs2/krafft
localize,#subtitle_zm_z2mq_mqs2/norticus
localize,#subtitle_zm_z2mq_mqs2/saraxis
localize,#subtitle_zm_z2mq_mqs2/vercanna
localize,#subtitle_zm_z2mq_mqs2/zm_z2mq_mqs2_blkr_qcdl_1
localize,#subtitle_zm_z2mq_mqs2/zm_z2mq_mqs2_blkr_qceb_1
localize,#subtitle_zm_z2mq_mqs2/zm_z2mq_mqs2_blkr_qced_1
localize,#subtitle_zm_z2mq_mqs2/zm_z2mq_mqs2_blkr_qcfh_1
localize,#subtitle_zm_z2mq_mqs2/zm_z2mq_mqs2_blkr_qcgh_1
localize,#subtitle_zm_z2mq_mqs2/zm_z2mq_mqs2_blkr_qcha_1
localize,#subtitle_zm_z2mq_mqs2/zm_z2mq_mqs2_blkr_qchb_1
localize,#subtitle_zm_z2mq_mqs2/zm_z2mq_mqs2_blkr_qchf_1
localize,#subtitle_zm_z2mq_mqs2/zm_z2mq_mqs2_blkr_qcja_1
localize,#subtitle_zm_z2mq_mqs2/zm_z2mq_mqs2_blkr_qcjf_1
localize,#subtitle_zm_z2mq_mqs2/zm_z2mq_mqs2_dcmt_qcga_1
localize,#subtitle_zm_z2mq_mqs2/zm_z2mq_mqs2_dcmt_qcgb_1
localize,#subtitle_zm_z2mq_mqs2/zm_z2mq_mqs2_dcmt_qcgc_1
localize,#subtitle_zm_z2mq_mqs2/zm_z2mq_mqs2_dcmt_qcgd
localize,#subtitle_zm_z2mq_mqs2/zm_z2mq_mqs2_dcmt_qcge_1
localize,#subtitle_zm_z2mq_mqs2/zm_z2mq_mqs2_dcmt_qcgf_1
localize,#subtitle_zm_z2mq_mqs2/zm_z2mq_mqs2_dnrt_qcdk_1
localize,#subtitle_zm_z2mq_mqs2/zm_z2mq_mqs2_dnrt_qcdm_1
localize,#subtitle_zm_z2mq_mqs2/zm_z2mq_mqs2_dnrt_qcfg_1
localize,#subtitle_zm_z2mq_mqs2/zm_z2mq_mqs2_dnrt_qchi_1
localize,#subtitle_zm_z2mq_mqs2/zm_z2mq_mqs2_dnrt_qcjg_1
localize,#subtitle_zm_z2mq_mqs2/zm_z2mq_mqs2_dnvk_qcba
localize,#subtitle_zm_z2mq_mqs2/zm_z2mq_mqs2_dnvk_qcfa_1
localize,#subtitle_zm_z2mq_mqs2/zm_z2mq_mqs2_dnvk_qcfb_1
localize,#subtitle_zm_z2mq_mqs2/zm_z2mq_mqs2_dnvk_qcff_1
localize,#subtitle_zm_z2mq_mqs2/zm_z2mq_mqs2_dnvk_qchh_1
localize,#subtitle_zm_z2mq_mqs2/zm_z2mq_mqs2_dnvk_qcje_1
localize,#subtitle_zm_z2mq_mqs2/zm_z2mq_mqs2_dsrx_qcde_1
localize,#subtitle_zm_z2mq_mqs2/zm_z2mq_mqs2_dsrx_qcdh_1
localize,#subtitle_zm_z2mq_mqs2/zm_z2mq_mqs2_dsrx_qcdn_1
localize,#subtitle_zm_z2mq_mqs2/zm_z2mq_mqs2_dsrx_qcdo_1
localize,#subtitle_zm_z2mq_mqs2/zm_z2mq_mqs2_dsrx_qcfj_1
localize,#subtitle_zm_z2mq_mqs2/zm_z2mq_mqs2_dsrx_qchj
localize,#subtitle_zm_z2mq_mqs2/zm_z2mq_mqs2_dsrx_qcjd_1
localize,#subtitle_zm_z2mq_mqs2/zm_z2mq_mqs2_krft_qccb_1
localize,#subtitle_zm_z2mq_mqs2/zm_z2mq_mqs2_krft_qcda_1
localize,#subtitle_zm_z2mq_mqs2/zm_z2mq_mqs2_krft_qcea_1
localize,#subtitle_zm_z2mq_mqs2/zm_z2mq_mqs2_krft_qcec_1
localize,#subtitle_zm_z2mq_mqs2/zm_z2mq_mqs2_krft_qcgg_1
localize,#subtitle_zm_z2mq_mqs2/zm_z2mq_mqs2_krft_qcjb_1
localize,#subtitle_zm_z2mq_mqs2/zm_z2mq_mqs2_krft_qcjc_1
localize,#subtitle_zm_z2mq_mqs2/zm_z2mq_mqs2_krft_qcjh_1
localize,#subtitle_zm_z2mq_mqs2/zm_z2mq_mqs2_vrcn_qcaa_1
localize,#subtitle_zm_z2mq_mqs2/zm_z2mq_mqs2_vrcn_qcab_1
localize,#subtitle_zm_z2mq_mqs2/zm_z2mq_mqs2_vrcn_qcbb_1
localize,#subtitle_zm_z2mq_mqs2/zm_z2mq_mqs2_vrcn_qcbc_1
localize,#subtitle_zm_z2mq_mqs2/zm_z2mq_mqs2_vrcn_qcbd_1
localize,#subtitle_zm_z2mq_mqs2/zm_z2mq_mqs2_vrcn_qcca_1
localize,#subtitle_zm_z2mq_mqs2/zm_z2mq_mqs2_vrcn_qccc_1
localize,#subtitle_zm_z2mq_mqs2/zm_z2mq_mqs2_vrcn_qcda_1
localize,#subtitle_zm_z2mq_mqs2/zm_z2mq_mqs2_vrcn_qcdb_1
localize,#subtitle_zm_z2mq_mqs2/zm_z2mq_mqs2_vrcn_qcdc_1
localize,#subtitle_zm_z2mq_mqs2/zm_z2mq_mqs2_vrcn_qcdd_1
localize,#subtitle_zm_z2mq_mqs2/zm_z2mq_mqs2_vrcn_qcdf_1
localize,#subtitle_zm_z2mq_mqs2/zm_z2mq_mqs2_vrcn_qcdg_1
localize,#subtitle_zm_z2mq_mqs2/zm_z2mq_mqs2_vrcn_qcdi_1
localize,#subtitle_zm_z2mq_mqs2/zm_z2mq_mqs2_vrcn_qcdj_1
localize,#subtitle_zm_z2mq_mqs2/zm_z2mq_mqs2_vrcn_qcee_1
localize,#subtitle_zm_z2mq_mqs2/zm_z2mq_mqs2_vrcn_qcfc_1
localize,#subtitle_zm_z2mq_mqs2/zm_z2mq_mqs2_vrcn_qcfd
localize,#subtitle_zm_z2mq_mqs2/zm_z2mq_mqs2_vrcn_qcfe_1
localize,#subtitle_zm_z2mq_mqs2/zm_z2mq_mqs2_vrcn_qcfi_1
localize,#subtitle_zm_z2mq_mqs2/zm_z2mq_mqs2_vrcn_qcfk_1
localize,#subtitle_zm_z2mq_mqs2/zm_z2mq_mqs2_vrcn_qchc_1
localize,#subtitle_zm_z2mq_mqs2/zm_z2mq_mqs2_vrcn_qchd_1
localize,#subtitle_zm_z2mq_mqs2/zm_z2mq_mqs2_vrcn_qche_1
localize,#subtitle_zm_z2mq_mqs2/zm_z2mq_mqs2_vrcn_qchg_1
localize,#subtitle_zm_z2mq_mqs2/zm_z2mq_mqs2_vrcn_qchk_1
localize,#subtitle_zm_z2mq_mqs2/zm_z2mq_mqs2_vrcn_qcji_1
localize,#subtitle_zm_z2mq_mqs2/zm_z2mq_mqs2_vrcn_qcjj_1
localize,#subtitle_zm_zana_cdrk/anna_drake
localize,#subtitle_zm_zana_cdrk/zm_zana_cdrk_anna_arpl_1
localize,#subtitle_zm_zana_cdrk/zm_zana_cdrk_anna_arpl_10
localize,#subtitle_zm_zana_cdrk/zm_zana_cdrk_anna_arpl_2
localize,#subtitle_zm_zana_cdrk/zm_zana_cdrk_anna_arpl_3
localize,#subtitle_zm_zana_cdrk/zm_zana_cdrk_anna_arpl_4
localize,#subtitle_zm_zana_cdrk/zm_zana_cdrk_anna_arpl_5
localize,#subtitle_zm_zana_cdrk/zm_zana_cdrk_anna_arpl_6
localize,#subtitle_zm_zana_cdrk/zm_zana_cdrk_anna_arpl_7
localize,#subtitle_zm_zana_cdrk/zm_zana_cdrk_anna_arpl_8
localize,#subtitle_zm_zana_cdrk/zm_zana_cdrk_anna_arpl_9
localize,#subtitle_zm_zana_cdrk/zm_zana_cdrk_anna_atkz_1
localize,#subtitle_zm_zana_cdrk/zm_zana_cdrk_anna_atkz_10
localize,#subtitle_zm_zana_cdrk/zm_zana_cdrk_anna_atkz_2
localize,#subtitle_zm_zana_cdrk/zm_zana_cdrk_anna_atkz_3
localize,#subtitle_zm_zana_cdrk/zm_zana_cdrk_anna_atkz_4
localize,#subtitle_zm_zana_cdrk/zm_zana_cdrk_anna_atkz_5
localize,#subtitle_zm_zana_cdrk/zm_zana_cdrk_anna_atkz_6
localize,#subtitle_zm_zana_cdrk/zm_zana_cdrk_anna_atkz_7
localize,#subtitle_zm_zana_cdrk/zm_zana_cdrk_anna_atkz_8
localize,#subtitle_zm_zana_cdrk/zm_zana_cdrk_anna_atkz_9
localize,#subtitle_zm_zana_cdrk/zm_zana_cdrk_anna_kmnk_1
localize,#subtitle_zm_zana_cdrk/zm_zana_cdrk_anna_kmnk_2
localize,#subtitle_zm_zana_cdrk/zm_zana_cdrk_anna_kmnk_3
localize,#subtitle_zm_zana_cdrk/zm_zana_cdrk_anna_kmnk_4
localize,#subtitle_zm_zana_cdrk/zm_zana_cdrk_anna_kmnk_5
localize,#subtitle_zm_zana_cdrk/zm_zana_cdrk_anna_kmnk_6
localize,#subtitle_zm_zana_cdrk/zm_zana_cdrk_anna_kzcl_1
localize,#subtitle_zm_zana_cdrk/zm_zana_cdrk_anna_kzcl_10
localize,#subtitle_zm_zana_cdrk/zm_zana_cdrk_anna_kzcl_2
localize,#subtitle_zm_zana_cdrk/zm_zana_cdrk_anna_kzcl_3
localize,#subtitle_zm_zana_cdrk/zm_zana_cdrk_anna_kzcl_4
localize,#subtitle_zm_zana_cdrk/zm_zana_cdrk_anna_kzcl_5
localize,#subtitle_zm_zana_cdrk/zm_zana_cdrk_anna_kzcl_6
localize,#subtitle_zm_zana_cdrk/zm_zana_cdrk_anna_kzcl_7
localize,#subtitle_zm_zana_cdrk/zm_zana_cdrk_anna_kzcl_8
localize,#subtitle_zm_zana_cdrk/zm_zana_cdrk_anna_kzcl_9
localize,#subtitle_zm_zana_cdrk/zm_zana_cdrk_anna_kzhs_1
localize,#subtitle_zm_zana_cdrk/zm_zana_cdrk_anna_kzhs_10
localize,#subtitle_zm_zana_cdrk/zm_zana_cdrk_anna_kzhs_2
localize,#subtitle_zm_zana_cdrk/zm_zana_cdrk_anna_kzhs_3
localize,#subtitle_zm_zana_cdrk/zm_zana_cdrk_anna_kzhs_4
localize,#subtitle_zm_zana_cdrk/zm_zana_cdrk_anna_kzhs_5
localize,#subtitle_zm_zana_cdrk/zm_zana_cdrk_anna_kzhs_6
localize,#subtitle_zm_zana_cdrk/zm_zana_cdrk_anna_kzhs_7
localize,#subtitle_zm_zana_cdrk/zm_zana_cdrk_anna_kzhs_8
localize,#subtitle_zm_zana_cdrk/zm_zana_cdrk_anna_kzhs_9
localize,#subtitle_zm_zana_cdrk/zm_zana_cdrk_anna_kzjg_1
localize,#subtitle_zm_zana_cdrk/zm_zana_cdrk_anna_kzjg_10
localize,#subtitle_zm_zana_cdrk/zm_zana_cdrk_anna_kzjg_2
localize,#subtitle_zm_zana_cdrk/zm_zana_cdrk_anna_kzjg_3
localize,#subtitle_zm_zana_cdrk/zm_zana_cdrk_anna_kzjg_4
localize,#subtitle_zm_zana_cdrk/zm_zana_cdrk_anna_kzjg_5
localize,#subtitle_zm_zana_cdrk/zm_zana_cdrk_anna_kzjg_6
localize,#subtitle_zm_zana_cdrk/zm_zana_cdrk_anna_kzjg_7
localize,#subtitle_zm_zana_cdrk/zm_zana_cdrk_anna_kzjg_8
localize,#subtitle_zm_zana_cdrk/zm_zana_cdrk_anna_kzjg_9
localize,#subtitle_zm_zana_cdrk/zm_zana_cdrk_anna_kzks_1
localize,#subtitle_zm_zana_cdrk/zm_zana_cdrk_anna_kzks_10
localize,#subtitle_zm_zana_cdrk/zm_zana_cdrk_anna_kzks_2
localize,#subtitle_zm_zana_cdrk/zm_zana_cdrk_anna_kzks_3
localize,#subtitle_zm_zana_cdrk/zm_zana_cdrk_anna_kzks_4
localize,#subtitle_zm_zana_cdrk/zm_zana_cdrk_anna_kzks_5
localize,#subtitle_zm_zana_cdrk/zm_zana_cdrk_anna_kzks_6
localize,#subtitle_zm_zana_cdrk/zm_zana_cdrk_anna_kzks_7
localize,#subtitle_zm_zana_cdrk/zm_zana_cdrk_anna_kzks_8
localize,#subtitle_zm_zana_cdrk/zm_zana_cdrk_anna_kzks_9
localize,#subtitle_zm_zana_cdrk/zm_zana_cdrk_anna_kzrv_1
localize,#subtitle_zm_zana_cdrk/zm_zana_cdrk_anna_kzrv_10
localize,#subtitle_zm_zana_cdrk/zm_zana_cdrk_anna_kzrv_2
localize,#subtitle_zm_zana_cdrk/zm_zana_cdrk_anna_kzrv_3
localize,#subtitle_zm_zana_cdrk/zm_zana_cdrk_anna_kzrv_4
localize,#subtitle_zm_zana_cdrk/zm_zana_cdrk_anna_kzrv_5
localize,#subtitle_zm_zana_cdrk/zm_zana_cdrk_anna_kzrv_6
localize,#subtitle_zm_zana_cdrk/zm_zana_cdrk_anna_kzrv_7
localize,#subtitle_zm_zana_cdrk/zm_zana_cdrk_anna_kzrv_8
localize,#subtitle_zm_zana_cdrk/zm_zana_cdrk_anna_kzrv_9
localize,#subtitle_zm_zana_cdrk/zm_zana_cdrk_anna_kzsu_1
localize,#subtitle_zm_zana_cdrk/zm_zana_cdrk_anna_kzsu_10
localize,#subtitle_zm_zana_cdrk/zm_zana_cdrk_anna_kzsu_2
localize,#subtitle_zm_zana_cdrk/zm_zana_cdrk_anna_kzsu_3
localize,#subtitle_zm_zana_cdrk/zm_zana_cdrk_anna_kzsu_4
localize,#subtitle_zm_zana_cdrk/zm_zana_cdrk_anna_kzsu_5
localize,#subtitle_zm_zana_cdrk/zm_zana_cdrk_anna_kzsu_6
localize,#subtitle_zm_zana_cdrk/zm_zana_cdrk_anna_kzsu_7
localize,#subtitle_zm_zana_cdrk/zm_zana_cdrk_anna_kzsu_8
localize,#subtitle_zm_zana_cdrk/zm_zana_cdrk_anna_kzsu_9
localize,#subtitle_zm_zana_cdrk/zm_zana_cdrk_anna_pitm_1
localize,#subtitle_zm_zana_cdrk/zm_zana_cdrk_anna_pitm_10
localize,#subtitle_zm_zana_cdrk/zm_zana_cdrk_anna_pitm_2
localize,#subtitle_zm_zana_cdrk/zm_zana_cdrk_anna_pitm_3
localize,#subtitle_zm_zana_cdrk/zm_zana_cdrk_anna_pitm_4
localize,#subtitle_zm_zana_cdrk/zm_zana_cdrk_anna_pitm_5
localize,#subtitle_zm_zana_cdrk/zm_zana_cdrk_anna_pitm_6
localize,#subtitle_zm_zana_cdrk/zm_zana_cdrk_anna_pitm_7
localize,#subtitle_zm_zana_cdrk/zm_zana_cdrk_anna_pitm_8
localize,#subtitle_zm_zana_cdrk/zm_zana_cdrk_anna_pitm_9
localize,#subtitle_zm_zana_cdrk/zm_zana_cdrk_anna_plmg_1
localize,#subtitle_zm_zana_cdrk/zm_zana_cdrk_anna_plmg_2
localize,#subtitle_zm_zana_cdrk/zm_zana_cdrk_anna_plmg_3
localize,#subtitle_zm_zana_cdrk/zm_zana_cdrk_anna_plmg_4
localize,#subtitle_zm_zana_cdrk/zm_zana_cdrk_anna_plmg_5
localize,#subtitle_zm_zana_cdrk/zm_zana_cdrk_anna_pmel_1
localize,#subtitle_zm_zana_cdrk/zm_zana_cdrk_anna_pmel_2
localize,#subtitle_zm_zana_cdrk/zm_zana_cdrk_anna_pmel_3
localize,#subtitle_zm_zana_cdrk/zm_zana_cdrk_anna_pmel_4
localize,#subtitle_zm_zana_cdrk/zm_zana_cdrk_anna_pmel_5
localize,#subtitle_zm_zana_cdrk/zm_zana_cdrk_anna_pmrk_1
localize,#subtitle_zm_zana_cdrk/zm_zana_cdrk_anna_pmrk_2
localize,#subtitle_zm_zana_cdrk/zm_zana_cdrk_anna_pmrk_3
localize,#subtitle_zm_zana_cdrk/zm_zana_cdrk_anna_pmrk_4
localize,#subtitle_zm_zana_cdrk/zm_zana_cdrk_anna_pmrk_5
localize,#subtitle_zm_zana_cdrk/zm_zana_cdrk_anna_psht_1
localize,#subtitle_zm_zana_cdrk/zm_zana_cdrk_anna_psht_2
localize,#subtitle_zm_zana_cdrk/zm_zana_cdrk_anna_psht_3
localize,#subtitle_zm_zana_cdrk/zm_zana_cdrk_anna_psht_4
localize,#subtitle_zm_zana_cdrk/zm_zana_cdrk_anna_psht_5
localize,#subtitle_zm_zana_cdrk/zm_zana_cdrk_anna_psmg_1
localize,#subtitle_zm_zana_cdrk/zm_zana_cdrk_anna_psmg_2
localize,#subtitle_zm_zana_cdrk/zm_zana_cdrk_anna_psmg_3
localize,#subtitle_zm_zana_cdrk/zm_zana_cdrk_anna_psmg_4
localize,#subtitle_zm_zana_cdrk/zm_zana_cdrk_anna_psnp_1
localize,#subtitle_zm_zana_cdrk/zm_zana_cdrk_anna_psnp_2
localize,#subtitle_zm_zana_cdrk/zm_zana_cdrk_anna_psnp_3
localize,#subtitle_zm_zana_cdrk/zm_zana_cdrk_anna_psnp_4
localize,#subtitle_zm_zana_cdrk/zm_zana_cdrk_anna_psnp_5
localize,#subtitle_zm_zana_cdrk/zm_zana_cdrk_anna_pwar_1
localize,#subtitle_zm_zana_cdrk/zm_zana_cdrk_anna_pwar_2
localize,#subtitle_zm_zana_cdrk/zm_zana_cdrk_anna_pwar_3
localize,#subtitle_zm_zana_cdrk/zm_zana_cdrk_anna_pwar_4
localize,#subtitle_zm_zana_cdrk/zm_zana_cdrk_anna_pwar_5
localize,#subtitle_zm_zana_cdrk/zm_zana_cdrk_anna_pwpn_1
localize,#subtitle_zm_zana_cdrk/zm_zana_cdrk_anna_pwpn_2
localize,#subtitle_zm_zana_cdrk/zm_zana_cdrk_anna_pwpn_3
localize,#subtitle_zm_zana_cdrk/zm_zana_cdrk_anna_pwpn_4
localize,#subtitle_zm_zana_cdrk/zm_zana_cdrk_anna_pwpn_5
localize,#subtitle_zm_zana_cdrk/zm_zana_cdrk_anna_raup_1
localize,#subtitle_zm_zana_cdrk/zm_zana_cdrk_anna_raup_10
localize,#subtitle_zm_zana_cdrk/zm_zana_cdrk_anna_raup_2
localize,#subtitle_zm_zana_cdrk/zm_zana_cdrk_anna_raup_3
localize,#subtitle_zm_zana_cdrk/zm_zana_cdrk_anna_raup_4
localize,#subtitle_zm_zana_cdrk/zm_zana_cdrk_anna_raup_5
localize,#subtitle_zm_zana_cdrk/zm_zana_cdrk_anna_raup_6
localize,#subtitle_zm_zana_cdrk/zm_zana_cdrk_anna_raup_7
localize,#subtitle_zm_zana_cdrk/zm_zana_cdrk_anna_raup_8
localize,#subtitle_zm_zana_cdrk/zm_zana_cdrk_anna_raup_9
localize,#subtitle_zm_zana_cdrk/zm_zana_cdrk_anna_rcvn_1
localize,#subtitle_zm_zana_cdrk/zm_zana_cdrk_anna_rcvn_10
localize,#subtitle_zm_zana_cdrk/zm_zana_cdrk_anna_rcvn_2
localize,#subtitle_zm_zana_cdrk/zm_zana_cdrk_anna_rcvn_3
localize,#subtitle_zm_zana_cdrk/zm_zana_cdrk_anna_rcvn_4
localize,#subtitle_zm_zana_cdrk/zm_zana_cdrk_anna_rcvn_5
localize,#subtitle_zm_zana_cdrk/zm_zana_cdrk_anna_rcvn_6
localize,#subtitle_zm_zana_cdrk/zm_zana_cdrk_anna_rcvn_7
localize,#subtitle_zm_zana_cdrk/zm_zana_cdrk_anna_rcvn_8
localize,#subtitle_zm_zana_cdrk/zm_zana_cdrk_anna_rcvn_9
localize,#subtitle_zm_zana_cdrk/zm_zana_cdrk_anna_rdwn_1
localize,#subtitle_zm_zana_cdrk/zm_zana_cdrk_anna_rdwn_2
localize,#subtitle_zm_zana_cdrk/zm_zana_cdrk_anna_rdwn_3
localize,#subtitle_zm_zana_cdrk/zm_zana_cdrk_anna_rdwn_4
localize,#subtitle_zm_zana_cdrk/zm_zana_cdrk_anna_rdwn_5
localize,#subtitle_zm_zana_cdrk/zm_zana_cdrk_anna_rdwn_6
localize,#subtitle_zm_zana_cdrk/zm_zana_cdrk_anna_rdwn_7
localize,#subtitle_zm_zana_cdrk/zm_zana_cdrk_anna_rdwn_8
localize,#subtitle_zm_zana_cdrk/zm_zana_cdrk_anna_rplr_1
localize,#subtitle_zm_zana_cdrk/zm_zana_cdrk_anna_rplr_10
localize,#subtitle_zm_zana_cdrk/zm_zana_cdrk_anna_rplr_2
localize,#subtitle_zm_zana_cdrk/zm_zana_cdrk_anna_rplr_3
localize,#subtitle_zm_zana_cdrk/zm_zana_cdrk_anna_rplr_4
localize,#subtitle_zm_zana_cdrk/zm_zana_cdrk_anna_rplr_5
localize,#subtitle_zm_zana_cdrk/zm_zana_cdrk_anna_rplr_6
localize,#subtitle_zm_zana_cdrk/zm_zana_cdrk_anna_rplr_7
localize,#subtitle_zm_zana_cdrk/zm_zana_cdrk_anna_rplr_8
localize,#subtitle_zm_zana_cdrk/zm_zana_cdrk_anna_rplr_9
localize,#subtitle_zm_zana_cdrk/zm_zana_cdrk_anna_rprk_1
localize,#subtitle_zm_zana_cdrk/zm_zana_cdrk_anna_rprk_10
localize,#subtitle_zm_zana_cdrk/zm_zana_cdrk_anna_rprk_2
localize,#subtitle_zm_zana_cdrk/zm_zana_cdrk_anna_rprk_3
localize,#subtitle_zm_zana_cdrk/zm_zana_cdrk_anna_rprk_4
localize,#subtitle_zm_zana_cdrk/zm_zana_cdrk_anna_rprk_5
localize,#subtitle_zm_zana_cdrk/zm_zana_cdrk_anna_rprk_6
localize,#subtitle_zm_zana_cdrk/zm_zana_cdrk_anna_rprk_7
localize,#subtitle_zm_zana_cdrk/zm_zana_cdrk_anna_rprk_8
localize,#subtitle_zm_zana_cdrk/zm_zana_cdrk_anna_rprk_9
localize,#subtitle_zm_zana_cdrk/zm_zana_cdrk_anna_rrev_1
localize,#subtitle_zm_zana_cdrk/zm_zana_cdrk_anna_rrev_2
localize,#subtitle_zm_zana_cdrk/zm_zana_cdrk_anna_rrev_3
localize,#subtitle_zm_zana_cdrk/zm_zana_cdrk_anna_rrev_4
localize,#subtitle_zm_zana_cdrk/zm_zana_cdrk_anna_rrev_5
localize,#subtitle_zm_zana_cdrk/zm_zana_cdrk_anna_rrev_6
localize,#subtitle_zm_zana_cdrk/zm_zana_cdrk_anna_rrev_7
localize,#subtitle_zm_zana_cdrk/zm_zana_cdrk_anna_rrvr_1
localize,#subtitle_zm_zana_cdrk/zm_zana_cdrk_anna_rrvr_2
localize,#subtitle_zm_zana_cdrk/zm_zana_cdrk_anna_rrvr_3
localize,#subtitle_zm_zana_cdrk/zm_zana_cdrk_anna_rrvr_4
localize,#subtitle_zm_zana_cdrk/zm_zana_cdrk_anna_rrvr_5
localize,#subtitle_zm_zana_cdrk/zm_zana_cdrk_anna_rrvr_6
localize,#subtitle_zm_zana_cdrk/zm_zana_cdrk_anna_rrvr_7
localize,#subtitle_zm_zana_cdrk/zm_zana_cdrk_anna_rrvr_8
localize,#subtitle_zm_zana_cdrk/zm_zana_cdrk_anna_wcir_1
localize,#subtitle_zm_zana_cdrk/zm_zana_cdrk_anna_wcir_2
localize,#subtitle_zm_zana_cdrk/zm_zana_cdrk_anna_wcir_3
localize,#subtitle_zm_zana_cdrk/zm_zana_cdrk_anna_wcir_4
localize,#subtitle_zm_zflr_cctr/florence_carter
localize,#subtitle_zm_zflr_cctr/zm_zflr_cctr_flor_arpl_1
localize,#subtitle_zm_zflr_cctr/zm_zflr_cctr_flor_arpl_10
localize,#subtitle_zm_zflr_cctr/zm_zflr_cctr_flor_arpl_2
localize,#subtitle_zm_zflr_cctr/zm_zflr_cctr_flor_arpl_3
localize,#subtitle_zm_zflr_cctr/zm_zflr_cctr_flor_arpl_4
localize,#subtitle_zm_zflr_cctr/zm_zflr_cctr_flor_arpl_5
localize,#subtitle_zm_zflr_cctr/zm_zflr_cctr_flor_arpl_6
localize,#subtitle_zm_zflr_cctr/zm_zflr_cctr_flor_arpl_7
localize,#subtitle_zm_zflr_cctr/zm_zflr_cctr_flor_arpl_8
localize,#subtitle_zm_zflr_cctr/zm_zflr_cctr_flor_arpl_9
localize,#subtitle_zm_zflr_cctr/zm_zflr_cctr_flor_atkz_1
localize,#subtitle_zm_zflr_cctr/zm_zflr_cctr_flor_atkz_10
localize,#subtitle_zm_zflr_cctr/zm_zflr_cctr_flor_atkz_2
localize,#subtitle_zm_zflr_cctr/zm_zflr_cctr_flor_atkz_3
localize,#subtitle_zm_zflr_cctr/zm_zflr_cctr_flor_atkz_4
localize,#subtitle_zm_zflr_cctr/zm_zflr_cctr_flor_atkz_5
localize,#subtitle_zm_zflr_cctr/zm_zflr_cctr_flor_atkz_6
localize,#subtitle_zm_zflr_cctr/zm_zflr_cctr_flor_atkz_7
localize,#subtitle_zm_zflr_cctr/zm_zflr_cctr_flor_atkz_8
localize,#subtitle_zm_zflr_cctr/zm_zflr_cctr_flor_atkz_9
localize,#subtitle_zm_zflr_cctr/zm_zflr_cctr_flor_kmnk_1
localize,#subtitle_zm_zflr_cctr/zm_zflr_cctr_flor_kmnk_2
localize,#subtitle_zm_zflr_cctr/zm_zflr_cctr_flor_kmnk_3
localize,#subtitle_zm_zflr_cctr/zm_zflr_cctr_flor_kmnk_4
localize,#subtitle_zm_zflr_cctr/zm_zflr_cctr_flor_kmnk_5
localize,#subtitle_zm_zflr_cctr/zm_zflr_cctr_flor_kmnk_6
localize,#subtitle_zm_zflr_cctr/zm_zflr_cctr_flor_kzcl_1
localize,#subtitle_zm_zflr_cctr/zm_zflr_cctr_flor_kzcl_10
localize,#subtitle_zm_zflr_cctr/zm_zflr_cctr_flor_kzcl_2
localize,#subtitle_zm_zflr_cctr/zm_zflr_cctr_flor_kzcl_3
localize,#subtitle_zm_zflr_cctr/zm_zflr_cctr_flor_kzcl_4
localize,#subtitle_zm_zflr_cctr/zm_zflr_cctr_flor_kzcl_5
localize,#subtitle_zm_zflr_cctr/zm_zflr_cctr_flor_kzcl_6
localize,#subtitle_zm_zflr_cctr/zm_zflr_cctr_flor_kzcl_7
localize,#subtitle_zm_zflr_cctr/zm_zflr_cctr_flor_kzcl_8
localize,#subtitle_zm_zflr_cctr/zm_zflr_cctr_flor_kzcl_9
localize,#subtitle_zm_zflr_cctr/zm_zflr_cctr_flor_kzhs_1
localize,#subtitle_zm_zflr_cctr/zm_zflr_cctr_flor_kzhs_10
localize,#subtitle_zm_zflr_cctr/zm_zflr_cctr_flor_kzhs_2
localize,#subtitle_zm_zflr_cctr/zm_zflr_cctr_flor_kzhs_3
localize,#subtitle_zm_zflr_cctr/zm_zflr_cctr_flor_kzhs_4
localize,#subtitle_zm_zflr_cctr/zm_zflr_cctr_flor_kzhs_5
localize,#subtitle_zm_zflr_cctr/zm_zflr_cctr_flor_kzhs_6
localize,#subtitle_zm_zflr_cctr/zm_zflr_cctr_flor_kzhs_7
localize,#subtitle_zm_zflr_cctr/zm_zflr_cctr_flor_kzhs_8
localize,#subtitle_zm_zflr_cctr/zm_zflr_cctr_flor_kzhs_9
localize,#subtitle_zm_zflr_cctr/zm_zflr_cctr_flor_kzjg_1
localize,#subtitle_zm_zflr_cctr/zm_zflr_cctr_flor_kzjg_2
localize,#subtitle_zm_zflr_cctr/zm_zflr_cctr_flor_kzjg_3
localize,#subtitle_zm_zflr_cctr/zm_zflr_cctr_flor_kzjg_4
localize,#subtitle_zm_zflr_cctr/zm_zflr_cctr_flor_kzjg_5
localize,#subtitle_zm_zflr_cctr/zm_zflr_cctr_flor_kzjg_6
localize,#subtitle_zm_zflr_cctr/zm_zflr_cctr_flor_kzjg_7
localize,#subtitle_zm_zflr_cctr/zm_zflr_cctr_flor_kzjg_8
localize,#subtitle_zm_zflr_cctr/zm_zflr_cctr_flor_kzjg_9
localize,#subtitle_zm_zflr_cctr/zm_zflr_cctr_flor_kzks_1
localize,#subtitle_zm_zflr_cctr/zm_zflr_cctr_flor_kzks_10
localize,#subtitle_zm_zflr_cctr/zm_zflr_cctr_flor_kzks_2
localize,#subtitle_zm_zflr_cctr/zm_zflr_cctr_flor_kzks_3
localize,#subtitle_zm_zflr_cctr/zm_zflr_cctr_flor_kzks_4
localize,#subtitle_zm_zflr_cctr/zm_zflr_cctr_flor_kzks_5
localize,#subtitle_zm_zflr_cctr/zm_zflr_cctr_flor_kzks_6
localize,#subtitle_zm_zflr_cctr/zm_zflr_cctr_flor_kzks_7
localize,#subtitle_zm_zflr_cctr/zm_zflr_cctr_flor_kzks_8
localize,#subtitle_zm_zflr_cctr/zm_zflr_cctr_flor_kzks_9
localize,#subtitle_zm_zflr_cctr/zm_zflr_cctr_flor_kzrv_1
localize,#subtitle_zm_zflr_cctr/zm_zflr_cctr_flor_kzrv_10
localize,#subtitle_zm_zflr_cctr/zm_zflr_cctr_flor_kzrv_2
localize,#subtitle_zm_zflr_cctr/zm_zflr_cctr_flor_kzrv_3
localize,#subtitle_zm_zflr_cctr/zm_zflr_cctr_flor_kzrv_4
localize,#subtitle_zm_zflr_cctr/zm_zflr_cctr_flor_kzrv_5
localize,#subtitle_zm_zflr_cctr/zm_zflr_cctr_flor_kzrv_6
localize,#subtitle_zm_zflr_cctr/zm_zflr_cctr_flor_kzrv_7
localize,#subtitle_zm_zflr_cctr/zm_zflr_cctr_flor_kzrv_8
localize,#subtitle_zm_zflr_cctr/zm_zflr_cctr_flor_kzrv_9
localize,#subtitle_zm_zflr_cctr/zm_zflr_cctr_flor_kzsu_1
localize,#subtitle_zm_zflr_cctr/zm_zflr_cctr_flor_kzsu_10
localize,#subtitle_zm_zflr_cctr/zm_zflr_cctr_flor_kzsu_2
localize,#subtitle_zm_zflr_cctr/zm_zflr_cctr_flor_kzsu_3
localize,#subtitle_zm_zflr_cctr/zm_zflr_cctr_flor_kzsu_4
localize,#subtitle_zm_zflr_cctr/zm_zflr_cctr_flor_kzsu_5
localize,#subtitle_zm_zflr_cctr/zm_zflr_cctr_flor_kzsu_6
localize,#subtitle_zm_zflr_cctr/zm_zflr_cctr_flor_kzsu_7
localize,#subtitle_zm_zflr_cctr/zm_zflr_cctr_flor_kzsu_8
localize,#subtitle_zm_zflr_cctr/zm_zflr_cctr_flor_kzsu_9
localize,#subtitle_zm_zflr_cctr/zm_zflr_cctr_flor_pitm_1
localize,#subtitle_zm_zflr_cctr/zm_zflr_cctr_flor_pitm_10
localize,#subtitle_zm_zflr_cctr/zm_zflr_cctr_flor_pitm_2
localize,#subtitle_zm_zflr_cctr/zm_zflr_cctr_flor_pitm_3
localize,#subtitle_zm_zflr_cctr/zm_zflr_cctr_flor_pitm_4
localize,#subtitle_zm_zflr_cctr/zm_zflr_cctr_flor_pitm_5
localize,#subtitle_zm_zflr_cctr/zm_zflr_cctr_flor_pitm_6
localize,#subtitle_zm_zflr_cctr/zm_zflr_cctr_flor_pitm_7
localize,#subtitle_zm_zflr_cctr/zm_zflr_cctr_flor_pitm_8
localize,#subtitle_zm_zflr_cctr/zm_zflr_cctr_flor_pitm_9
localize,#subtitle_zm_zflr_cctr/zm_zflr_cctr_flor_plmg_1
localize,#subtitle_zm_zflr_cctr/zm_zflr_cctr_flor_plmg_2
localize,#subtitle_zm_zflr_cctr/zm_zflr_cctr_flor_plmg_3
localize,#subtitle_zm_zflr_cctr/zm_zflr_cctr_flor_plmg_4
localize,#subtitle_zm_zflr_cctr/zm_zflr_cctr_flor_plmg_5
localize,#subtitle_zm_zflr_cctr/zm_zflr_cctr_flor_pmel_1
localize,#subtitle_zm_zflr_cctr/zm_zflr_cctr_flor_pmel_2
localize,#subtitle_zm_zflr_cctr/zm_zflr_cctr_flor_pmel_3
localize,#subtitle_zm_zflr_cctr/zm_zflr_cctr_flor_pmel_4
localize,#subtitle_zm_zflr_cctr/zm_zflr_cctr_flor_pmel_5
localize,#subtitle_zm_zflr_cctr/zm_zflr_cctr_flor_pmrk_1
localize,#subtitle_zm_zflr_cctr/zm_zflr_cctr_flor_pmrk_2
localize,#subtitle_zm_zflr_cctr/zm_zflr_cctr_flor_pmrk_3
localize,#subtitle_zm_zflr_cctr/zm_zflr_cctr_flor_pmrk_4
localize,#subtitle_zm_zflr_cctr/zm_zflr_cctr_flor_pmrk_5
localize,#subtitle_zm_zflr_cctr/zm_zflr_cctr_flor_psht_1
localize,#subtitle_zm_zflr_cctr/zm_zflr_cctr_flor_psht_2
localize,#subtitle_zm_zflr_cctr/zm_zflr_cctr_flor_psht_3
localize,#subtitle_zm_zflr_cctr/zm_zflr_cctr_flor_psht_4
localize,#subtitle_zm_zflr_cctr/zm_zflr_cctr_flor_psmg_1
localize,#subtitle_zm_zflr_cctr/zm_zflr_cctr_flor_psmg_2
localize,#subtitle_zm_zflr_cctr/zm_zflr_cctr_flor_psmg_3
localize,#subtitle_zm_zflr_cctr/zm_zflr_cctr_flor_psmg_4
localize,#subtitle_zm_zflr_cctr/zm_zflr_cctr_flor_psmg_5
localize,#subtitle_zm_zflr_cctr/zm_zflr_cctr_flor_psnp_1
localize,#subtitle_zm_zflr_cctr/zm_zflr_cctr_flor_psnp_2
localize,#subtitle_zm_zflr_cctr/zm_zflr_cctr_flor_psnp_3
localize,#subtitle_zm_zflr_cctr/zm_zflr_cctr_flor_psnp_4
localize,#subtitle_zm_zflr_cctr/zm_zflr_cctr_flor_psnp_5
localize,#subtitle_zm_zflr_cctr/zm_zflr_cctr_flor_pwar_1
localize,#subtitle_zm_zflr_cctr/zm_zflr_cctr_flor_pwar_2
localize,#subtitle_zm_zflr_cctr/zm_zflr_cctr_flor_pwar_3
localize,#subtitle_zm_zflr_cctr/zm_zflr_cctr_flor_pwar_4
localize,#subtitle_zm_zflr_cctr/zm_zflr_cctr_flor_pwar_5
localize,#subtitle_zm_zflr_cctr/zm_zflr_cctr_flor_pwpn_1
localize,#subtitle_zm_zflr_cctr/zm_zflr_cctr_flor_pwpn_2
localize,#subtitle_zm_zflr_cctr/zm_zflr_cctr_flor_pwpn_3
localize,#subtitle_zm_zflr_cctr/zm_zflr_cctr_flor_pwpn_4
localize,#subtitle_zm_zflr_cctr/zm_zflr_cctr_flor_pwpn_5
localize,#subtitle_zm_zflr_cctr/zm_zflr_cctr_flor_raup_1
localize,#subtitle_zm_zflr_cctr/zm_zflr_cctr_flor_raup_10
localize,#subtitle_zm_zflr_cctr/zm_zflr_cctr_flor_raup_2
localize,#subtitle_zm_zflr_cctr/zm_zflr_cctr_flor_raup_3
localize,#subtitle_zm_zflr_cctr/zm_zflr_cctr_flor_raup_4
localize,#subtitle_zm_zflr_cctr/zm_zflr_cctr_flor_raup_5
localize,#subtitle_zm_zflr_cctr/zm_zflr_cctr_flor_raup_6
localize,#subtitle_zm_zflr_cctr/zm_zflr_cctr_flor_raup_7
localize,#subtitle_zm_zflr_cctr/zm_zflr_cctr_flor_raup_8
localize,#subtitle_zm_zflr_cctr/zm_zflr_cctr_flor_raup_9
localize,#subtitle_zm_zflr_cctr/zm_zflr_cctr_flor_rcvn_1
localize,#subtitle_zm_zflr_cctr/zm_zflr_cctr_flor_rcvn_10
localize,#subtitle_zm_zflr_cctr/zm_zflr_cctr_flor_rcvn_2
localize,#subtitle_zm_zflr_cctr/zm_zflr_cctr_flor_rcvn_3
localize,#subtitle_zm_zflr_cctr/zm_zflr_cctr_flor_rcvn_4
localize,#subtitle_zm_zflr_cctr/zm_zflr_cctr_flor_rcvn_5
localize,#subtitle_zm_zflr_cctr/zm_zflr_cctr_flor_rcvn_6
localize,#subtitle_zm_zflr_cctr/zm_zflr_cctr_flor_rcvn_7
localize,#subtitle_zm_zflr_cctr/zm_zflr_cctr_flor_rcvn_8
localize,#subtitle_zm_zflr_cctr/zm_zflr_cctr_flor_rcvn_9
localize,#subtitle_zm_zflr_cctr/zm_zflr_cctr_flor_rdwn_1
localize,#subtitle_zm_zflr_cctr/zm_zflr_cctr_flor_rdwn_2
localize,#subtitle_zm_zflr_cctr/zm_zflr_cctr_flor_rdwn_3
localize,#subtitle_zm_zflr_cctr/zm_zflr_cctr_flor_rdwn_4
localize,#subtitle_zm_zflr_cctr/zm_zflr_cctr_flor_rdwn_5
localize,#subtitle_zm_zflr_cctr/zm_zflr_cctr_flor_rdwn_6
localize,#subtitle_zm_zflr_cctr/zm_zflr_cctr_flor_rdwn_7
localize,#subtitle_zm_zflr_cctr/zm_zflr_cctr_flor_rdwn_8
localize,#subtitle_zm_zflr_cctr/zm_zflr_cctr_flor_rplr_1
localize,#subtitle_zm_zflr_cctr/zm_zflr_cctr_flor_rplr_10
localize,#subtitle_zm_zflr_cctr/zm_zflr_cctr_flor_rplr_2
localize,#subtitle_zm_zflr_cctr/zm_zflr_cctr_flor_rplr_3
localize,#subtitle_zm_zflr_cctr/zm_zflr_cctr_flor_rplr_4
localize,#subtitle_zm_zflr_cctr/zm_zflr_cctr_flor_rplr_5
localize,#subtitle_zm_zflr_cctr/zm_zflr_cctr_flor_rplr_6
localize,#subtitle_zm_zflr_cctr/zm_zflr_cctr_flor_rplr_7
localize,#subtitle_zm_zflr_cctr/zm_zflr_cctr_flor_rplr_8
localize,#subtitle_zm_zflr_cctr/zm_zflr_cctr_flor_rplr_9
localize,#subtitle_zm_zflr_cctr/zm_zflr_cctr_flor_rprk_1
localize,#subtitle_zm_zflr_cctr/zm_zflr_cctr_flor_rprk_10
localize,#subtitle_zm_zflr_cctr/zm_zflr_cctr_flor_rprk_2
localize,#subtitle_zm_zflr_cctr/zm_zflr_cctr_flor_rprk_3
localize,#subtitle_zm_zflr_cctr/zm_zflr_cctr_flor_rprk_4
localize,#subtitle_zm_zflr_cctr/zm_zflr_cctr_flor_rprk_5
localize,#subtitle_zm_zflr_cctr/zm_zflr_cctr_flor_rprk_6
localize,#subtitle_zm_zflr_cctr/zm_zflr_cctr_flor_rprk_7
localize,#subtitle_zm_zflr_cctr/zm_zflr_cctr_flor_rprk_8
localize,#subtitle_zm_zflr_cctr/zm_zflr_cctr_flor_rprk_9
localize,#subtitle_zm_zflr_cctr/zm_zflr_cctr_flor_rrev_1
localize,#subtitle_zm_zflr_cctr/zm_zflr_cctr_flor_rrev_2
localize,#subtitle_zm_zflr_cctr/zm_zflr_cctr_flor_rrev_3
localize,#subtitle_zm_zflr_cctr/zm_zflr_cctr_flor_rrev_4
localize,#subtitle_zm_zflr_cctr/zm_zflr_cctr_flor_rrev_5
localize,#subtitle_zm_zflr_cctr/zm_zflr_cctr_flor_rrev_6
localize,#subtitle_zm_zflr_cctr/zm_zflr_cctr_flor_rrev_7
localize,#subtitle_zm_zflr_cctr/zm_zflr_cctr_flor_rrev_8
localize,#subtitle_zm_zflr_cctr/zm_zflr_cctr_flor_rrvr_1
localize,#subtitle_zm_zflr_cctr/zm_zflr_cctr_flor_rrvr_2
localize,#subtitle_zm_zflr_cctr/zm_zflr_cctr_flor_rrvr_3
localize,#subtitle_zm_zflr_cctr/zm_zflr_cctr_flor_rrvr_4
localize,#subtitle_zm_zflr_cctr/zm_zflr_cctr_flor_rrvr_5
localize,#subtitle_zm_zflr_cctr/zm_zflr_cctr_flor_rrvr_6
localize,#subtitle_zm_zflr_cctr/zm_zflr_cctr_flor_rrvr_7
localize,#subtitle_zm_zflr_cctr/zm_zflr_cctr_flor_rrvr_8
localize,#subtitle_zm_zflr_cctr/zm_zflr_cctr_flor_sdma_1
localize,#subtitle_zm_zflr_cctr/zm_zflr_cctr_flor_sdma_2
localize,#subtitle_zm_zflr_cctr/zm_zflr_cctr_flor_sdma_3
localize,#subtitle_zm_zflr_cctr/zm_zflr_cctr_flor_sdma_4
localize,#subtitle_zm_zflr_cctr/zm_zflr_cctr_flor_sdmd_1
localize,#subtitle_zm_zflr_cctr/zm_zflr_cctr_flor_sdmd_2
localize,#subtitle_zm_zflr_cctr/zm_zflr_cctr_flor_sdmd_3
localize,#subtitle_zm_zflr_cctr/zm_zflr_cctr_flor_sdmd_4
localize,#subtitle_zm_zflr_cctr/zm_zflr_cctr_flor_sdml_1
localize,#subtitle_zm_zflr_cctr/zm_zflr_cctr_flor_sdml_2
localize,#subtitle_zm_zflr_cctr/zm_zflr_cctr_flor_sdml_3
localize,#subtitle_zm_zflr_cctr/zm_zflr_cctr_flor_sdml_4
localize,#subtitle_zm_zflr_cctr/zm_zflr_cctr_flor_swma_1
localize,#subtitle_zm_zflr_cctr/zm_zflr_cctr_flor_swma_2
localize,#subtitle_zm_zflr_cctr/zm_zflr_cctr_flor_swma_3
localize,#subtitle_zm_zflr_cctr/zm_zflr_cctr_flor_swma_4
localize,#subtitle_zm_zflr_cctr/zm_zflr_cctr_flor_swmd_1
localize,#subtitle_zm_zflr_cctr/zm_zflr_cctr_flor_swmd_2
localize,#subtitle_zm_zflr_cctr/zm_zflr_cctr_flor_swmd_3
localize,#subtitle_zm_zflr_cctr/zm_zflr_cctr_flor_swmd_4
localize,#subtitle_zm_zflr_cctr/zm_zflr_cctr_flor_swml_1
localize,#subtitle_zm_zflr_cctr/zm_zflr_cctr_flor_swml_2
localize,#subtitle_zm_zflr_cctr/zm_zflr_cctr_flor_swml_3
localize,#subtitle_zm_zflr_cctr/zm_zflr_cctr_flor_swml_4
localize,#subtitle_zm_zflr_cctr/zm_zflr_cctr_flor_wcir_1
localize,#subtitle_zm_zflr_cctr/zm_zflr_cctr_flor_wcir_2
localize,#subtitle_zm_zflr_cctr/zm_zflr_cctr_flor_wcir_3
localize,#subtitle_zm_zflr_cctr/zm_zflr_cctr_flor_wcir_4
localize,#subtitle_zm_zfra_clnk/francis_lanakila
localize,#subtitle_zm_zfra_clnk/zm_cmcp_cfra_mpof_arpl_1
localize,#subtitle_zm_zfra_clnk/zm_cmcp_cfra_mpof_arpl_10
localize,#subtitle_zm_zfra_clnk/zm_cmcp_cfra_mpof_arpl_2
localize,#subtitle_zm_zfra_clnk/zm_cmcp_cfra_mpof_arpl_3
localize,#subtitle_zm_zfra_clnk/zm_cmcp_cfra_mpof_arpl_4
localize,#subtitle_zm_zfra_clnk/zm_cmcp_cfra_mpof_arpl_5
localize,#subtitle_zm_zfra_clnk/zm_cmcp_cfra_mpof_arpl_6
localize,#subtitle_zm_zfra_clnk/zm_cmcp_cfra_mpof_arpl_7
localize,#subtitle_zm_zfra_clnk/zm_cmcp_cfra_mpof_arpl_8
localize,#subtitle_zm_zfra_clnk/zm_cmcp_cfra_mpof_arpl_9
localize,#subtitle_zm_zfra_clnk/zm_cmcp_cfra_mpof_atkz_1
localize,#subtitle_zm_zfra_clnk/zm_cmcp_cfra_mpof_atkz_10
localize,#subtitle_zm_zfra_clnk/zm_cmcp_cfra_mpof_atkz_2
localize,#subtitle_zm_zfra_clnk/zm_cmcp_cfra_mpof_atkz_3
localize,#subtitle_zm_zfra_clnk/zm_cmcp_cfra_mpof_atkz_4
localize,#subtitle_zm_zfra_clnk/zm_cmcp_cfra_mpof_atkz_5
localize,#subtitle_zm_zfra_clnk/zm_cmcp_cfra_mpof_atkz_6
localize,#subtitle_zm_zfra_clnk/zm_cmcp_cfra_mpof_atkz_7
localize,#subtitle_zm_zfra_clnk/zm_cmcp_cfra_mpof_atkz_8
localize,#subtitle_zm_zfra_clnk/zm_cmcp_cfra_mpof_atkz_9
localize,#subtitle_zm_zfra_clnk/zm_cmcp_cfra_mpof_kmnk_1
localize,#subtitle_zm_zfra_clnk/zm_cmcp_cfra_mpof_kmnk_2
localize,#subtitle_zm_zfra_clnk/zm_cmcp_cfra_mpof_kmnk_3
localize,#subtitle_zm_zfra_clnk/zm_cmcp_cfra_mpof_kmnk_4
localize,#subtitle_zm_zfra_clnk/zm_cmcp_cfra_mpof_kmnk_5
localize,#subtitle_zm_zfra_clnk/zm_cmcp_cfra_mpof_kmnk_6
localize,#subtitle_zm_zfra_clnk/zm_cmcp_cfra_mpof_kzcl_1
localize,#subtitle_zm_zfra_clnk/zm_cmcp_cfra_mpof_kzcl_10
localize,#subtitle_zm_zfra_clnk/zm_cmcp_cfra_mpof_kzcl_2
localize,#subtitle_zm_zfra_clnk/zm_cmcp_cfra_mpof_kzcl_3
localize,#subtitle_zm_zfra_clnk/zm_cmcp_cfra_mpof_kzcl_4
localize,#subtitle_zm_zfra_clnk/zm_cmcp_cfra_mpof_kzcl_5
localize,#subtitle_zm_zfra_clnk/zm_cmcp_cfra_mpof_kzcl_6
localize,#subtitle_zm_zfra_clnk/zm_cmcp_cfra_mpof_kzcl_7
localize,#subtitle_zm_zfra_clnk/zm_cmcp_cfra_mpof_kzcl_8
localize,#subtitle_zm_zfra_clnk/zm_cmcp_cfra_mpof_kzcl_9
localize,#subtitle_zm_zfra_clnk/zm_cmcp_cfra_mpof_kzhs_1
localize,#subtitle_zm_zfra_clnk/zm_cmcp_cfra_mpof_kzhs_10
localize,#subtitle_zm_zfra_clnk/zm_cmcp_cfra_mpof_kzhs_2
localize,#subtitle_zm_zfra_clnk/zm_cmcp_cfra_mpof_kzhs_3
localize,#subtitle_zm_zfra_clnk/zm_cmcp_cfra_mpof_kzhs_4
localize,#subtitle_zm_zfra_clnk/zm_cmcp_cfra_mpof_kzhs_5
localize,#subtitle_zm_zfra_clnk/zm_cmcp_cfra_mpof_kzhs_6
localize,#subtitle_zm_zfra_clnk/zm_cmcp_cfra_mpof_kzhs_7
localize,#subtitle_zm_zfra_clnk/zm_cmcp_cfra_mpof_kzhs_8
localize,#subtitle_zm_zfra_clnk/zm_cmcp_cfra_mpof_kzhs_9
localize,#subtitle_zm_zfra_clnk/zm_cmcp_cfra_mpof_kzjg_1
localize,#subtitle_zm_zfra_clnk/zm_cmcp_cfra_mpof_kzjg_10
localize,#subtitle_zm_zfra_clnk/zm_cmcp_cfra_mpof_kzjg_2
localize,#subtitle_zm_zfra_clnk/zm_cmcp_cfra_mpof_kzjg_3
localize,#subtitle_zm_zfra_clnk/zm_cmcp_cfra_mpof_kzjg_4
localize,#subtitle_zm_zfra_clnk/zm_cmcp_cfra_mpof_kzjg_5
localize,#subtitle_zm_zfra_clnk/zm_cmcp_cfra_mpof_kzjg_6
localize,#subtitle_zm_zfra_clnk/zm_cmcp_cfra_mpof_kzjg_7
localize,#subtitle_zm_zfra_clnk/zm_cmcp_cfra_mpof_kzjg_8
localize,#subtitle_zm_zfra_clnk/zm_cmcp_cfra_mpof_kzjg_9
localize,#subtitle_zm_zfra_clnk/zm_cmcp_cfra_mpof_kzks_1
localize,#subtitle_zm_zfra_clnk/zm_cmcp_cfra_mpof_kzks_10
localize,#subtitle_zm_zfra_clnk/zm_cmcp_cfra_mpof_kzks_2
localize,#subtitle_zm_zfra_clnk/zm_cmcp_cfra_mpof_kzks_3
localize,#subtitle_zm_zfra_clnk/zm_cmcp_cfra_mpof_kzks_4
localize,#subtitle_zm_zfra_clnk/zm_cmcp_cfra_mpof_kzks_5
localize,#subtitle_zm_zfra_clnk/zm_cmcp_cfra_mpof_kzks_6
localize,#subtitle_zm_zfra_clnk/zm_cmcp_cfra_mpof_kzks_7
localize,#subtitle_zm_zfra_clnk/zm_cmcp_cfra_mpof_kzks_8
localize,#subtitle_zm_zfra_clnk/zm_cmcp_cfra_mpof_kzks_9
localize,#subtitle_zm_zfra_clnk/zm_cmcp_cfra_mpof_kzrv_1
localize,#subtitle_zm_zfra_clnk/zm_cmcp_cfra_mpof_kzrv_10
localize,#subtitle_zm_zfra_clnk/zm_cmcp_cfra_mpof_kzrv_2
localize,#subtitle_zm_zfra_clnk/zm_cmcp_cfra_mpof_kzrv_3
localize,#subtitle_zm_zfra_clnk/zm_cmcp_cfra_mpof_kzrv_4
localize,#subtitle_zm_zfra_clnk/zm_cmcp_cfra_mpof_kzrv_5
localize,#subtitle_zm_zfra_clnk/zm_cmcp_cfra_mpof_kzrv_6
localize,#subtitle_zm_zfra_clnk/zm_cmcp_cfra_mpof_kzrv_7
localize,#subtitle_zm_zfra_clnk/zm_cmcp_cfra_mpof_kzrv_8
localize,#subtitle_zm_zfra_clnk/zm_cmcp_cfra_mpof_kzrv_9
localize,#subtitle_zm_zfra_clnk/zm_cmcp_cfra_mpof_kzsu_1
localize,#subtitle_zm_zfra_clnk/zm_cmcp_cfra_mpof_kzsu_10
localize,#subtitle_zm_zfra_clnk/zm_cmcp_cfra_mpof_kzsu_2
localize,#subtitle_zm_zfra_clnk/zm_cmcp_cfra_mpof_kzsu_3
localize,#subtitle_zm_zfra_clnk/zm_cmcp_cfra_mpof_kzsu_4
localize,#subtitle_zm_zfra_clnk/zm_cmcp_cfra_mpof_kzsu_5
localize,#subtitle_zm_zfra_clnk/zm_cmcp_cfra_mpof_kzsu_6
localize,#subtitle_zm_zfra_clnk/zm_cmcp_cfra_mpof_kzsu_7
localize,#subtitle_zm_zfra_clnk/zm_cmcp_cfra_mpof_kzsu_8
localize,#subtitle_zm_zfra_clnk/zm_cmcp_cfra_mpof_kzsu_9
localize,#subtitle_zm_zfra_clnk/zm_cmcp_cfra_mpof_pitm_1
localize,#subtitle_zm_zfra_clnk/zm_cmcp_cfra_mpof_pitm_10
localize,#subtitle_zm_zfra_clnk/zm_cmcp_cfra_mpof_pitm_2
localize,#subtitle_zm_zfra_clnk/zm_cmcp_cfra_mpof_pitm_3
localize,#subtitle_zm_zfra_clnk/zm_cmcp_cfra_mpof_pitm_4
localize,#subtitle_zm_zfra_clnk/zm_cmcp_cfra_mpof_pitm_5
localize,#subtitle_zm_zfra_clnk/zm_cmcp_cfra_mpof_pitm_6
localize,#subtitle_zm_zfra_clnk/zm_cmcp_cfra_mpof_pitm_7
localize,#subtitle_zm_zfra_clnk/zm_cmcp_cfra_mpof_pitm_8
localize,#subtitle_zm_zfra_clnk/zm_cmcp_cfra_mpof_pitm_9
localize,#subtitle_zm_zfra_clnk/zm_cmcp_cfra_mpof_plmg_1
localize,#subtitle_zm_zfra_clnk/zm_cmcp_cfra_mpof_plmg_2
localize,#subtitle_zm_zfra_clnk/zm_cmcp_cfra_mpof_plmg_3
localize,#subtitle_zm_zfra_clnk/zm_cmcp_cfra_mpof_plmg_4
localize,#subtitle_zm_zfra_clnk/zm_cmcp_cfra_mpof_plmg_5
localize,#subtitle_zm_zfra_clnk/zm_cmcp_cfra_mpof_pmel_1
localize,#subtitle_zm_zfra_clnk/zm_cmcp_cfra_mpof_pmel_2
localize,#subtitle_zm_zfra_clnk/zm_cmcp_cfra_mpof_pmel_3
localize,#subtitle_zm_zfra_clnk/zm_cmcp_cfra_mpof_pmel_4
localize,#subtitle_zm_zfra_clnk/zm_cmcp_cfra_mpof_pmel_5
localize,#subtitle_zm_zfra_clnk/zm_cmcp_cfra_mpof_pmrk_1
localize,#subtitle_zm_zfra_clnk/zm_cmcp_cfra_mpof_pmrk_2
localize,#subtitle_zm_zfra_clnk/zm_cmcp_cfra_mpof_pmrk_3
localize,#subtitle_zm_zfra_clnk/zm_cmcp_cfra_mpof_pmrk_4
localize,#subtitle_zm_zfra_clnk/zm_cmcp_cfra_mpof_pmrk_5
localize,#subtitle_zm_zfra_clnk/zm_cmcp_cfra_mpof_psht_1
localize,#subtitle_zm_zfra_clnk/zm_cmcp_cfra_mpof_psht_2
localize,#subtitle_zm_zfra_clnk/zm_cmcp_cfra_mpof_psht_3
localize,#subtitle_zm_zfra_clnk/zm_cmcp_cfra_mpof_psht_4
localize,#subtitle_zm_zfra_clnk/zm_cmcp_cfra_mpof_psht_5
localize,#subtitle_zm_zfra_clnk/zm_cmcp_cfra_mpof_psmg_1
localize,#subtitle_zm_zfra_clnk/zm_cmcp_cfra_mpof_psmg_2
localize,#subtitle_zm_zfra_clnk/zm_cmcp_cfra_mpof_psmg_3
localize,#subtitle_zm_zfra_clnk/zm_cmcp_cfra_mpof_psmg_4
localize,#subtitle_zm_zfra_clnk/zm_cmcp_cfra_mpof_psmg_5
localize,#subtitle_zm_zfra_clnk/zm_cmcp_cfra_mpof_psnp_1
localize,#subtitle_zm_zfra_clnk/zm_cmcp_cfra_mpof_psnp_2
localize,#subtitle_zm_zfra_clnk/zm_cmcp_cfra_mpof_psnp_3
localize,#subtitle_zm_zfra_clnk/zm_cmcp_cfra_mpof_psnp_4
localize,#subtitle_zm_zfra_clnk/zm_cmcp_cfra_mpof_psnp_5
localize,#subtitle_zm_zfra_clnk/zm_cmcp_cfra_mpof_pwar_1
localize,#subtitle_zm_zfra_clnk/zm_cmcp_cfra_mpof_pwar_2
localize,#subtitle_zm_zfra_clnk/zm_cmcp_cfra_mpof_pwar_3
localize,#subtitle_zm_zfra_clnk/zm_cmcp_cfra_mpof_pwar_4
localize,#subtitle_zm_zfra_clnk/zm_cmcp_cfra_mpof_pwar_5
localize,#subtitle_zm_zfra_clnk/zm_cmcp_cfra_mpof_pwpn_1
localize,#subtitle_zm_zfra_clnk/zm_cmcp_cfra_mpof_pwpn_2
localize,#subtitle_zm_zfra_clnk/zm_cmcp_cfra_mpof_pwpn_3
localize,#subtitle_zm_zfra_clnk/zm_cmcp_cfra_mpof_pwpn_4
localize,#subtitle_zm_zfra_clnk/zm_cmcp_cfra_mpof_pwpn_5
localize,#subtitle_zm_zfra_clnk/zm_cmcp_cfra_mpof_raup_1
localize,#subtitle_zm_zfra_clnk/zm_cmcp_cfra_mpof_raup_10
localize,#subtitle_zm_zfra_clnk/zm_cmcp_cfra_mpof_raup_2
localize,#subtitle_zm_zfra_clnk/zm_cmcp_cfra_mpof_raup_3
localize,#subtitle_zm_zfra_clnk/zm_cmcp_cfra_mpof_raup_4
localize,#subtitle_zm_zfra_clnk/zm_cmcp_cfra_mpof_raup_5
localize,#subtitle_zm_zfra_clnk/zm_cmcp_cfra_mpof_raup_6
localize,#subtitle_zm_zfra_clnk/zm_cmcp_cfra_mpof_raup_7
localize,#subtitle_zm_zfra_clnk/zm_cmcp_cfra_mpof_raup_8
localize,#subtitle_zm_zfra_clnk/zm_cmcp_cfra_mpof_raup_9
localize,#subtitle_zm_zfra_clnk/zm_cmcp_cfra_mpof_rcvn_1
localize,#subtitle_zm_zfra_clnk/zm_cmcp_cfra_mpof_rcvn_10
localize,#subtitle_zm_zfra_clnk/zm_cmcp_cfra_mpof_rcvn_2
localize,#subtitle_zm_zfra_clnk/zm_cmcp_cfra_mpof_rcvn_3
localize,#subtitle_zm_zfra_clnk/zm_cmcp_cfra_mpof_rcvn_4
localize,#subtitle_zm_zfra_clnk/zm_cmcp_cfra_mpof_rcvn_5
localize,#subtitle_zm_zfra_clnk/zm_cmcp_cfra_mpof_rcvn_6
localize,#subtitle_zm_zfra_clnk/zm_cmcp_cfra_mpof_rcvn_7
localize,#subtitle_zm_zfra_clnk/zm_cmcp_cfra_mpof_rcvn_8
localize,#subtitle_zm_zfra_clnk/zm_cmcp_cfra_mpof_rcvn_9
localize,#subtitle_zm_zfra_clnk/zm_cmcp_cfra_mpof_rdwn_1
localize,#subtitle_zm_zfra_clnk/zm_cmcp_cfra_mpof_rdwn_2
localize,#subtitle_zm_zfra_clnk/zm_cmcp_cfra_mpof_rdwn_3
localize,#subtitle_zm_zfra_clnk/zm_cmcp_cfra_mpof_rdwn_4
localize,#subtitle_zm_zfra_clnk/zm_cmcp_cfra_mpof_rdwn_5
localize,#subtitle_zm_zfra_clnk/zm_cmcp_cfra_mpof_rdwn_6
localize,#subtitle_zm_zfra_clnk/zm_cmcp_cfra_mpof_rdwn_7
localize,#subtitle_zm_zfra_clnk/zm_cmcp_cfra_mpof_rdwn_8
localize,#subtitle_zm_zfra_clnk/zm_cmcp_cfra_mpof_rplr_1
localize,#subtitle_zm_zfra_clnk/zm_cmcp_cfra_mpof_rplr_10
localize,#subtitle_zm_zfra_clnk/zm_cmcp_cfra_mpof_rplr_2
localize,#subtitle_zm_zfra_clnk/zm_cmcp_cfra_mpof_rplr_3
localize,#subtitle_zm_zfra_clnk/zm_cmcp_cfra_mpof_rplr_4
localize,#subtitle_zm_zfra_clnk/zm_cmcp_cfra_mpof_rplr_5
localize,#subtitle_zm_zfra_clnk/zm_cmcp_cfra_mpof_rplr_6
localize,#subtitle_zm_zfra_clnk/zm_cmcp_cfra_mpof_rplr_7
localize,#subtitle_zm_zfra_clnk/zm_cmcp_cfra_mpof_rplr_8
localize,#subtitle_zm_zfra_clnk/zm_cmcp_cfra_mpof_rplr_9
localize,#subtitle_zm_zfra_clnk/zm_cmcp_cfra_mpof_rprk_1
localize,#subtitle_zm_zfra_clnk/zm_cmcp_cfra_mpof_rprk_10
localize,#subtitle_zm_zfra_clnk/zm_cmcp_cfra_mpof_rprk_2
localize,#subtitle_zm_zfra_clnk/zm_cmcp_cfra_mpof_rprk_3
localize,#subtitle_zm_zfra_clnk/zm_cmcp_cfra_mpof_rprk_4
localize,#subtitle_zm_zfra_clnk/zm_cmcp_cfra_mpof_rprk_5
localize,#subtitle_zm_zfra_clnk/zm_cmcp_cfra_mpof_rprk_6
localize,#subtitle_zm_zfra_clnk/zm_cmcp_cfra_mpof_rprk_7
localize,#subtitle_zm_zfra_clnk/zm_cmcp_cfra_mpof_rprk_8
localize,#subtitle_zm_zfra_clnk/zm_cmcp_cfra_mpof_rprk_9
localize,#subtitle_zm_zfra_clnk/zm_cmcp_cfra_mpof_rrev_1
localize,#subtitle_zm_zfra_clnk/zm_cmcp_cfra_mpof_rrev_2
localize,#subtitle_zm_zfra_clnk/zm_cmcp_cfra_mpof_rrev_3
localize,#subtitle_zm_zfra_clnk/zm_cmcp_cfra_mpof_rrev_4
localize,#subtitle_zm_zfra_clnk/zm_cmcp_cfra_mpof_rrev_5
localize,#subtitle_zm_zfra_clnk/zm_cmcp_cfra_mpof_rrev_6
localize,#subtitle_zm_zfra_clnk/zm_cmcp_cfra_mpof_rrev_7
localize,#subtitle_zm_zfra_clnk/zm_cmcp_cfra_mpof_rrev_8
localize,#subtitle_zm_zfra_clnk/zm_cmcp_cfra_mpof_rrvr_1
localize,#subtitle_zm_zfra_clnk/zm_cmcp_cfra_mpof_rrvr_2
localize,#subtitle_zm_zfra_clnk/zm_cmcp_cfra_mpof_rrvr_3
localize,#subtitle_zm_zfra_clnk/zm_cmcp_cfra_mpof_rrvr_4
localize,#subtitle_zm_zfra_clnk/zm_cmcp_cfra_mpof_rrvr_5
localize,#subtitle_zm_zfra_clnk/zm_cmcp_cfra_mpof_rrvr_6
localize,#subtitle_zm_zfra_clnk/zm_cmcp_cfra_mpof_rrvr_7
localize,#subtitle_zm_zfra_clnk/zm_cmcp_cfra_mpof_rrvr_8
localize,#subtitle_zm_zfra_clnk/zm_cmcp_cfra_mpof_wcir_1
localize,#subtitle_zm_zfra_clnk/zm_cmcp_cfra_mpof_wcir_2
localize,#subtitle_zm_zfra_clnk/zm_cmcp_cfra_mpof_wcir_3
localize,#subtitle_zm_zfra_clnk/zm_cmcp_cfra_mpof_wcir_4
localize,#subtitle_zm_zgst_cdsn/gustavo_dos_santos
localize,#subtitle_zm_zgst_cdsn/zm_zgst_cdsn_gust_arpl_1
localize,#subtitle_zm_zgst_cdsn/zm_zgst_cdsn_gust_arpl_10
localize,#subtitle_zm_zgst_cdsn/zm_zgst_cdsn_gust_arpl_2
localize,#subtitle_zm_zgst_cdsn/zm_zgst_cdsn_gust_arpl_3
localize,#subtitle_zm_zgst_cdsn/zm_zgst_cdsn_gust_arpl_4
localize,#subtitle_zm_zgst_cdsn/zm_zgst_cdsn_gust_arpl_5
localize,#subtitle_zm_zgst_cdsn/zm_zgst_cdsn_gust_arpl_6
localize,#subtitle_zm_zgst_cdsn/zm_zgst_cdsn_gust_arpl_7
localize,#subtitle_zm_zgst_cdsn/zm_zgst_cdsn_gust_arpl_8
localize,#subtitle_zm_zgst_cdsn/zm_zgst_cdsn_gust_arpl_9
localize,#subtitle_zm_zgst_cdsn/zm_zgst_cdsn_gust_atkz_1
localize,#subtitle_zm_zgst_cdsn/zm_zgst_cdsn_gust_atkz_10
localize,#subtitle_zm_zgst_cdsn/zm_zgst_cdsn_gust_atkz_2
localize,#subtitle_zm_zgst_cdsn/zm_zgst_cdsn_gust_atkz_3
localize,#subtitle_zm_zgst_cdsn/zm_zgst_cdsn_gust_atkz_4
localize,#subtitle_zm_zgst_cdsn/zm_zgst_cdsn_gust_atkz_5
localize,#subtitle_zm_zgst_cdsn/zm_zgst_cdsn_gust_atkz_6
localize,#subtitle_zm_zgst_cdsn/zm_zgst_cdsn_gust_atkz_7
localize,#subtitle_zm_zgst_cdsn/zm_zgst_cdsn_gust_atkz_8
localize,#subtitle_zm_zgst_cdsn/zm_zgst_cdsn_gust_atkz_9
localize,#subtitle_zm_zgst_cdsn/zm_zgst_cdsn_gust_kmnk_1
localize,#subtitle_zm_zgst_cdsn/zm_zgst_cdsn_gust_kmnk_2
localize,#subtitle_zm_zgst_cdsn/zm_zgst_cdsn_gust_kmnk_3
localize,#subtitle_zm_zgst_cdsn/zm_zgst_cdsn_gust_kmnk_4
localize,#subtitle_zm_zgst_cdsn/zm_zgst_cdsn_gust_kmnk_5
localize,#subtitle_zm_zgst_cdsn/zm_zgst_cdsn_gust_kmnk_6
localize,#subtitle_zm_zgst_cdsn/zm_zgst_cdsn_gust_kzcl_1
localize,#subtitle_zm_zgst_cdsn/zm_zgst_cdsn_gust_kzcl_10
localize,#subtitle_zm_zgst_cdsn/zm_zgst_cdsn_gust_kzcl_2
localize,#subtitle_zm_zgst_cdsn/zm_zgst_cdsn_gust_kzcl_3
localize,#subtitle_zm_zgst_cdsn/zm_zgst_cdsn_gust_kzcl_4
localize,#subtitle_zm_zgst_cdsn/zm_zgst_cdsn_gust_kzcl_5
localize,#subtitle_zm_zgst_cdsn/zm_zgst_cdsn_gust_kzcl_6
localize,#subtitle_zm_zgst_cdsn/zm_zgst_cdsn_gust_kzcl_7
localize,#subtitle_zm_zgst_cdsn/zm_zgst_cdsn_gust_kzcl_8
localize,#subtitle_zm_zgst_cdsn/zm_zgst_cdsn_gust_kzcl_9
localize,#subtitle_zm_zgst_cdsn/zm_zgst_cdsn_gust_kzhs_1
localize,#subtitle_zm_zgst_cdsn/zm_zgst_cdsn_gust_kzhs_10
localize,#subtitle_zm_zgst_cdsn/zm_zgst_cdsn_gust_kzhs_2
localize,#subtitle_zm_zgst_cdsn/zm_zgst_cdsn_gust_kzhs_3
localize,#subtitle_zm_zgst_cdsn/zm_zgst_cdsn_gust_kzhs_4
localize,#subtitle_zm_zgst_cdsn/zm_zgst_cdsn_gust_kzhs_5
localize,#subtitle_zm_zgst_cdsn/zm_zgst_cdsn_gust_kzhs_6
localize,#subtitle_zm_zgst_cdsn/zm_zgst_cdsn_gust_kzhs_7
localize,#subtitle_zm_zgst_cdsn/zm_zgst_cdsn_gust_kzhs_8
localize,#subtitle_zm_zgst_cdsn/zm_zgst_cdsn_gust_kzhs_9
localize,#subtitle_zm_zgst_cdsn/zm_zgst_cdsn_gust_kzjg_1
localize,#subtitle_zm_zgst_cdsn/zm_zgst_cdsn_gust_kzjg_10
localize,#subtitle_zm_zgst_cdsn/zm_zgst_cdsn_gust_kzjg_2
localize,#subtitle_zm_zgst_cdsn/zm_zgst_cdsn_gust_kzjg_3
localize,#subtitle_zm_zgst_cdsn/zm_zgst_cdsn_gust_kzjg_4
localize,#subtitle_zm_zgst_cdsn/zm_zgst_cdsn_gust_kzjg_5
localize,#subtitle_zm_zgst_cdsn/zm_zgst_cdsn_gust_kzjg_6
localize,#subtitle_zm_zgst_cdsn/zm_zgst_cdsn_gust_kzjg_7
localize,#subtitle_zm_zgst_cdsn/zm_zgst_cdsn_gust_kzjg_8
localize,#subtitle_zm_zgst_cdsn/zm_zgst_cdsn_gust_kzjg_9
localize,#subtitle_zm_zgst_cdsn/zm_zgst_cdsn_gust_kzks_1
localize,#subtitle_zm_zgst_cdsn/zm_zgst_cdsn_gust_kzks_10
localize,#subtitle_zm_zgst_cdsn/zm_zgst_cdsn_gust_kzks_2
localize,#subtitle_zm_zgst_cdsn/zm_zgst_cdsn_gust_kzks_3
localize,#subtitle_zm_zgst_cdsn/zm_zgst_cdsn_gust_kzks_4
localize,#subtitle_zm_zgst_cdsn/zm_zgst_cdsn_gust_kzks_5
localize,#subtitle_zm_zgst_cdsn/zm_zgst_cdsn_gust_kzks_6
localize,#subtitle_zm_zgst_cdsn/zm_zgst_cdsn_gust_kzks_7
localize,#subtitle_zm_zgst_cdsn/zm_zgst_cdsn_gust_kzks_8
localize,#subtitle_zm_zgst_cdsn/zm_zgst_cdsn_gust_kzks_9
localize,#subtitle_zm_zgst_cdsn/zm_zgst_cdsn_gust_kzrv_1
localize,#subtitle_zm_zgst_cdsn/zm_zgst_cdsn_gust_kzrv_10
localize,#subtitle_zm_zgst_cdsn/zm_zgst_cdsn_gust_kzrv_2
localize,#subtitle_zm_zgst_cdsn/zm_zgst_cdsn_gust_kzrv_3
localize,#subtitle_zm_zgst_cdsn/zm_zgst_cdsn_gust_kzrv_4
localize,#subtitle_zm_zgst_cdsn/zm_zgst_cdsn_gust_kzrv_5
localize,#subtitle_zm_zgst_cdsn/zm_zgst_cdsn_gust_kzrv_6
localize,#subtitle_zm_zgst_cdsn/zm_zgst_cdsn_gust_kzrv_7
localize,#subtitle_zm_zgst_cdsn/zm_zgst_cdsn_gust_kzrv_8
localize,#subtitle_zm_zgst_cdsn/zm_zgst_cdsn_gust_kzrv_9
localize,#subtitle_zm_zgst_cdsn/zm_zgst_cdsn_gust_kzsu_1
localize,#subtitle_zm_zgst_cdsn/zm_zgst_cdsn_gust_kzsu_10
localize,#subtitle_zm_zgst_cdsn/zm_zgst_cdsn_gust_kzsu_2
localize,#subtitle_zm_zgst_cdsn/zm_zgst_cdsn_gust_kzsu_3
localize,#subtitle_zm_zgst_cdsn/zm_zgst_cdsn_gust_kzsu_4
localize,#subtitle_zm_zgst_cdsn/zm_zgst_cdsn_gust_kzsu_5
localize,#subtitle_zm_zgst_cdsn/zm_zgst_cdsn_gust_kzsu_6
localize,#subtitle_zm_zgst_cdsn/zm_zgst_cdsn_gust_kzsu_7
localize,#subtitle_zm_zgst_cdsn/zm_zgst_cdsn_gust_kzsu_8
localize,#subtitle_zm_zgst_cdsn/zm_zgst_cdsn_gust_kzsu_9
localize,#subtitle_zm_zgst_cdsn/zm_zgst_cdsn_gust_pitm_1
localize,#subtitle_zm_zgst_cdsn/zm_zgst_cdsn_gust_pitm_10
localize,#subtitle_zm_zgst_cdsn/zm_zgst_cdsn_gust_pitm_2
localize,#subtitle_zm_zgst_cdsn/zm_zgst_cdsn_gust_pitm_3
localize,#subtitle_zm_zgst_cdsn/zm_zgst_cdsn_gust_pitm_4
localize,#subtitle_zm_zgst_cdsn/zm_zgst_cdsn_gust_pitm_5
localize,#subtitle_zm_zgst_cdsn/zm_zgst_cdsn_gust_pitm_6
localize,#subtitle_zm_zgst_cdsn/zm_zgst_cdsn_gust_pitm_7
localize,#subtitle_zm_zgst_cdsn/zm_zgst_cdsn_gust_pitm_8
localize,#subtitle_zm_zgst_cdsn/zm_zgst_cdsn_gust_pitm_9
localize,#subtitle_zm_zgst_cdsn/zm_zgst_cdsn_gust_plmg_1
localize,#subtitle_zm_zgst_cdsn/zm_zgst_cdsn_gust_plmg_2
localize,#subtitle_zm_zgst_cdsn/zm_zgst_cdsn_gust_plmg_3
localize,#subtitle_zm_zgst_cdsn/zm_zgst_cdsn_gust_plmg_4
localize,#subtitle_zm_zgst_cdsn/zm_zgst_cdsn_gust_plmg_5
localize,#subtitle_zm_zgst_cdsn/zm_zgst_cdsn_gust_pmel_1
localize,#subtitle_zm_zgst_cdsn/zm_zgst_cdsn_gust_pmel_2
localize,#subtitle_zm_zgst_cdsn/zm_zgst_cdsn_gust_pmel_3
localize,#subtitle_zm_zgst_cdsn/zm_zgst_cdsn_gust_pmel_4
localize,#subtitle_zm_zgst_cdsn/zm_zgst_cdsn_gust_pmel_5
localize,#subtitle_zm_zgst_cdsn/zm_zgst_cdsn_gust_pmrk_1
localize,#subtitle_zm_zgst_cdsn/zm_zgst_cdsn_gust_pmrk_2
localize,#subtitle_zm_zgst_cdsn/zm_zgst_cdsn_gust_pmrk_3
localize,#subtitle_zm_zgst_cdsn/zm_zgst_cdsn_gust_pmrk_4
localize,#subtitle_zm_zgst_cdsn/zm_zgst_cdsn_gust_pmrk_5
localize,#subtitle_zm_zgst_cdsn/zm_zgst_cdsn_gust_psht_1
localize,#subtitle_zm_zgst_cdsn/zm_zgst_cdsn_gust_psht_2
localize,#subtitle_zm_zgst_cdsn/zm_zgst_cdsn_gust_psht_3
localize,#subtitle_zm_zgst_cdsn/zm_zgst_cdsn_gust_psht_4
localize,#subtitle_zm_zgst_cdsn/zm_zgst_cdsn_gust_psht_5
localize,#subtitle_zm_zgst_cdsn/zm_zgst_cdsn_gust_psmg_1
localize,#subtitle_zm_zgst_cdsn/zm_zgst_cdsn_gust_psmg_2
localize,#subtitle_zm_zgst_cdsn/zm_zgst_cdsn_gust_psmg_3
localize,#subtitle_zm_zgst_cdsn/zm_zgst_cdsn_gust_psmg_4
localize,#subtitle_zm_zgst_cdsn/zm_zgst_cdsn_gust_psmg_5
localize,#subtitle_zm_zgst_cdsn/zm_zgst_cdsn_gust_psnp_1
localize,#subtitle_zm_zgst_cdsn/zm_zgst_cdsn_gust_psnp_2
localize,#subtitle_zm_zgst_cdsn/zm_zgst_cdsn_gust_psnp_3
localize,#subtitle_zm_zgst_cdsn/zm_zgst_cdsn_gust_psnp_4
localize,#subtitle_zm_zgst_cdsn/zm_zgst_cdsn_gust_psnp_5
localize,#subtitle_zm_zgst_cdsn/zm_zgst_cdsn_gust_pwar_1
localize,#subtitle_zm_zgst_cdsn/zm_zgst_cdsn_gust_pwar_2
localize,#subtitle_zm_zgst_cdsn/zm_zgst_cdsn_gust_pwar_3
localize,#subtitle_zm_zgst_cdsn/zm_zgst_cdsn_gust_pwar_4
localize,#subtitle_zm_zgst_cdsn/zm_zgst_cdsn_gust_pwar_5
localize,#subtitle_zm_zgst_cdsn/zm_zgst_cdsn_gust_pwpn_1
localize,#subtitle_zm_zgst_cdsn/zm_zgst_cdsn_gust_pwpn_2
localize,#subtitle_zm_zgst_cdsn/zm_zgst_cdsn_gust_pwpn_3
localize,#subtitle_zm_zgst_cdsn/zm_zgst_cdsn_gust_pwpn_4
localize,#subtitle_zm_zgst_cdsn/zm_zgst_cdsn_gust_pwpn_5
localize,#subtitle_zm_zgst_cdsn/zm_zgst_cdsn_gust_raup_1
localize,#subtitle_zm_zgst_cdsn/zm_zgst_cdsn_gust_raup_10
localize,#subtitle_zm_zgst_cdsn/zm_zgst_cdsn_gust_raup_2
localize,#subtitle_zm_zgst_cdsn/zm_zgst_cdsn_gust_raup_3
localize,#subtitle_zm_zgst_cdsn/zm_zgst_cdsn_gust_raup_4
localize,#subtitle_zm_zgst_cdsn/zm_zgst_cdsn_gust_raup_5
localize,#subtitle_zm_zgst_cdsn/zm_zgst_cdsn_gust_raup_6
localize,#subtitle_zm_zgst_cdsn/zm_zgst_cdsn_gust_raup_7
localize,#subtitle_zm_zgst_cdsn/zm_zgst_cdsn_gust_raup_8
localize,#subtitle_zm_zgst_cdsn/zm_zgst_cdsn_gust_raup_9
localize,#subtitle_zm_zgst_cdsn/zm_zgst_cdsn_gust_rcvn_1
localize,#subtitle_zm_zgst_cdsn/zm_zgst_cdsn_gust_rcvn_10
localize,#subtitle_zm_zgst_cdsn/zm_zgst_cdsn_gust_rcvn_2
localize,#subtitle_zm_zgst_cdsn/zm_zgst_cdsn_gust_rcvn_3
localize,#subtitle_zm_zgst_cdsn/zm_zgst_cdsn_gust_rcvn_4
localize,#subtitle_zm_zgst_cdsn/zm_zgst_cdsn_gust_rcvn_5
localize,#subtitle_zm_zgst_cdsn/zm_zgst_cdsn_gust_rcvn_6
localize,#subtitle_zm_zgst_cdsn/zm_zgst_cdsn_gust_rcvn_7
localize,#subtitle_zm_zgst_cdsn/zm_zgst_cdsn_gust_rcvn_8
localize,#subtitle_zm_zgst_cdsn/zm_zgst_cdsn_gust_rcvn_9
localize,#subtitle_zm_zgst_cdsn/zm_zgst_cdsn_gust_rdwn_1
localize,#subtitle_zm_zgst_cdsn/zm_zgst_cdsn_gust_rdwn_2
localize,#subtitle_zm_zgst_cdsn/zm_zgst_cdsn_gust_rdwn_3
localize,#subtitle_zm_zgst_cdsn/zm_zgst_cdsn_gust_rdwn_4
localize,#subtitle_zm_zgst_cdsn/zm_zgst_cdsn_gust_rdwn_5
localize,#subtitle_zm_zgst_cdsn/zm_zgst_cdsn_gust_rdwn_6
localize,#subtitle_zm_zgst_cdsn/zm_zgst_cdsn_gust_rdwn_7
localize,#subtitle_zm_zgst_cdsn/zm_zgst_cdsn_gust_rdwn_8
localize,#subtitle_zm_zgst_cdsn/zm_zgst_cdsn_gust_rplr_1
localize,#subtitle_zm_zgst_cdsn/zm_zgst_cdsn_gust_rplr_10
localize,#subtitle_zm_zgst_cdsn/zm_zgst_cdsn_gust_rplr_2
localize,#subtitle_zm_zgst_cdsn/zm_zgst_cdsn_gust_rplr_3
localize,#subtitle_zm_zgst_cdsn/zm_zgst_cdsn_gust_rplr_4
localize,#subtitle_zm_zgst_cdsn/zm_zgst_cdsn_gust_rplr_5
localize,#subtitle_zm_zgst_cdsn/zm_zgst_cdsn_gust_rplr_6
localize,#subtitle_zm_zgst_cdsn/zm_zgst_cdsn_gust_rplr_7
localize,#subtitle_zm_zgst_cdsn/zm_zgst_cdsn_gust_rplr_8
localize,#subtitle_zm_zgst_cdsn/zm_zgst_cdsn_gust_rplr_9
localize,#subtitle_zm_zgst_cdsn/zm_zgst_cdsn_gust_rprk_1
localize,#subtitle_zm_zgst_cdsn/zm_zgst_cdsn_gust_rprk_10
localize,#subtitle_zm_zgst_cdsn/zm_zgst_cdsn_gust_rprk_2
localize,#subtitle_zm_zgst_cdsn/zm_zgst_cdsn_gust_rprk_3
localize,#subtitle_zm_zgst_cdsn/zm_zgst_cdsn_gust_rprk_4
localize,#subtitle_zm_zgst_cdsn/zm_zgst_cdsn_gust_rprk_5
localize,#subtitle_zm_zgst_cdsn/zm_zgst_cdsn_gust_rprk_6
localize,#subtitle_zm_zgst_cdsn/zm_zgst_cdsn_gust_rprk_7
localize,#subtitle_zm_zgst_cdsn/zm_zgst_cdsn_gust_rprk_8
localize,#subtitle_zm_zgst_cdsn/zm_zgst_cdsn_gust_rprk_9
localize,#subtitle_zm_zgst_cdsn/zm_zgst_cdsn_gust_rrev_1
localize,#subtitle_zm_zgst_cdsn/zm_zgst_cdsn_gust_rrev_2
localize,#subtitle_zm_zgst_cdsn/zm_zgst_cdsn_gust_rrev_3
localize,#subtitle_zm_zgst_cdsn/zm_zgst_cdsn_gust_rrev_4
localize,#subtitle_zm_zgst_cdsn/zm_zgst_cdsn_gust_rrev_5
localize,#subtitle_zm_zgst_cdsn/zm_zgst_cdsn_gust_rrev_6
localize,#subtitle_zm_zgst_cdsn/zm_zgst_cdsn_gust_rrev_7
localize,#subtitle_zm_zgst_cdsn/zm_zgst_cdsn_gust_rrev_8
localize,#subtitle_zm_zgst_cdsn/zm_zgst_cdsn_gust_rrvr_1
localize,#subtitle_zm_zgst_cdsn/zm_zgst_cdsn_gust_rrvr_2
localize,#subtitle_zm_zgst_cdsn/zm_zgst_cdsn_gust_rrvr_3
localize,#subtitle_zm_zgst_cdsn/zm_zgst_cdsn_gust_rrvr_4
localize,#subtitle_zm_zgst_cdsn/zm_zgst_cdsn_gust_rrvr_5
localize,#subtitle_zm_zgst_cdsn/zm_zgst_cdsn_gust_rrvr_6
localize,#subtitle_zm_zgst_cdsn/zm_zgst_cdsn_gust_rrvr_7
localize,#subtitle_zm_zgst_cdsn/zm_zgst_cdsn_gust_rrvr_8
localize,#subtitle_zm_zgst_cdsn/zm_zgst_cdsn_gust_wcir_1
localize,#subtitle_zm_zgst_cdsn/zm_zgst_cdsn_gust_wcir_2
localize,#subtitle_zm_zgst_cdsn/zm_zgst_cdsn_gust_wcir_3
localize,#subtitle_zm_zgst_cdsn/zm_zgst_cdsn_gust_wcir_4
localize,#subtitle_zm_zisa_ccbl/isabella_reyes
localize,#subtitle_zm_zisa_ccbl/zm_cmcp_cisa_mpoi_arpl_1
localize,#subtitle_zm_zisa_ccbl/zm_cmcp_cisa_mpoi_arpl_10
localize,#subtitle_zm_zisa_ccbl/zm_cmcp_cisa_mpoi_arpl_2
localize,#subtitle_zm_zisa_ccbl/zm_cmcp_cisa_mpoi_arpl_3
localize,#subtitle_zm_zisa_ccbl/zm_cmcp_cisa_mpoi_arpl_4
localize,#subtitle_zm_zisa_ccbl/zm_cmcp_cisa_mpoi_arpl_5
localize,#subtitle_zm_zisa_ccbl/zm_cmcp_cisa_mpoi_arpl_6
localize,#subtitle_zm_zisa_ccbl/zm_cmcp_cisa_mpoi_arpl_7
localize,#subtitle_zm_zisa_ccbl/zm_cmcp_cisa_mpoi_arpl_8
localize,#subtitle_zm_zisa_ccbl/zm_cmcp_cisa_mpoi_arpl_9
localize,#subtitle_zm_zisa_ccbl/zm_cmcp_cisa_mpoi_atkz_1
localize,#subtitle_zm_zisa_ccbl/zm_cmcp_cisa_mpoi_atkz_10
localize,#subtitle_zm_zisa_ccbl/zm_cmcp_cisa_mpoi_atkz_2
localize,#subtitle_zm_zisa_ccbl/zm_cmcp_cisa_mpoi_atkz_3
localize,#subtitle_zm_zisa_ccbl/zm_cmcp_cisa_mpoi_atkz_4
localize,#subtitle_zm_zisa_ccbl/zm_cmcp_cisa_mpoi_atkz_5
localize,#subtitle_zm_zisa_ccbl/zm_cmcp_cisa_mpoi_atkz_6
localize,#subtitle_zm_zisa_ccbl/zm_cmcp_cisa_mpoi_atkz_7
localize,#subtitle_zm_zisa_ccbl/zm_cmcp_cisa_mpoi_atkz_8
localize,#subtitle_zm_zisa_ccbl/zm_cmcp_cisa_mpoi_atkz_9
localize,#subtitle_zm_zisa_ccbl/zm_cmcp_cisa_mpoi_kmnk_1
localize,#subtitle_zm_zisa_ccbl/zm_cmcp_cisa_mpoi_kmnk_2
localize,#subtitle_zm_zisa_ccbl/zm_cmcp_cisa_mpoi_kmnk_3
localize,#subtitle_zm_zisa_ccbl/zm_cmcp_cisa_mpoi_kmnk_4
localize,#subtitle_zm_zisa_ccbl/zm_cmcp_cisa_mpoi_kmnk_5
localize,#subtitle_zm_zisa_ccbl/zm_cmcp_cisa_mpoi_kmnk_6
localize,#subtitle_zm_zisa_ccbl/zm_cmcp_cisa_mpoi_kzcl_1
localize,#subtitle_zm_zisa_ccbl/zm_cmcp_cisa_mpoi_kzcl_10
localize,#subtitle_zm_zisa_ccbl/zm_cmcp_cisa_mpoi_kzcl_2
localize,#subtitle_zm_zisa_ccbl/zm_cmcp_cisa_mpoi_kzcl_3
localize,#subtitle_zm_zisa_ccbl/zm_cmcp_cisa_mpoi_kzcl_4
localize,#subtitle_zm_zisa_ccbl/zm_cmcp_cisa_mpoi_kzcl_5
localize,#subtitle_zm_zisa_ccbl/zm_cmcp_cisa_mpoi_kzcl_6
localize,#subtitle_zm_zisa_ccbl/zm_cmcp_cisa_mpoi_kzcl_7
localize,#subtitle_zm_zisa_ccbl/zm_cmcp_cisa_mpoi_kzcl_8
localize,#subtitle_zm_zisa_ccbl/zm_cmcp_cisa_mpoi_kzcl_9
localize,#subtitle_zm_zisa_ccbl/zm_cmcp_cisa_mpoi_kzhs_1
localize,#subtitle_zm_zisa_ccbl/zm_cmcp_cisa_mpoi_kzhs_10
localize,#subtitle_zm_zisa_ccbl/zm_cmcp_cisa_mpoi_kzhs_2
localize,#subtitle_zm_zisa_ccbl/zm_cmcp_cisa_mpoi_kzhs_3
localize,#subtitle_zm_zisa_ccbl/zm_cmcp_cisa_mpoi_kzhs_4
localize,#subtitle_zm_zisa_ccbl/zm_cmcp_cisa_mpoi_kzhs_5
localize,#subtitle_zm_zisa_ccbl/zm_cmcp_cisa_mpoi_kzhs_6
localize,#subtitle_zm_zisa_ccbl/zm_cmcp_cisa_mpoi_kzhs_7
localize,#subtitle_zm_zisa_ccbl/zm_cmcp_cisa_mpoi_kzhs_8
localize,#subtitle_zm_zisa_ccbl/zm_cmcp_cisa_mpoi_kzhs_9
localize,#subtitle_zm_zisa_ccbl/zm_cmcp_cisa_mpoi_kzjg_1
localize,#subtitle_zm_zisa_ccbl/zm_cmcp_cisa_mpoi_kzjg_10
localize,#subtitle_zm_zisa_ccbl/zm_cmcp_cisa_mpoi_kzjg_2
localize,#subtitle_zm_zisa_ccbl/zm_cmcp_cisa_mpoi_kzjg_3
localize,#subtitle_zm_zisa_ccbl/zm_cmcp_cisa_mpoi_kzjg_4
localize,#subtitle_zm_zisa_ccbl/zm_cmcp_cisa_mpoi_kzjg_5
localize,#subtitle_zm_zisa_ccbl/zm_cmcp_cisa_mpoi_kzjg_6
localize,#subtitle_zm_zisa_ccbl/zm_cmcp_cisa_mpoi_kzjg_7
localize,#subtitle_zm_zisa_ccbl/zm_cmcp_cisa_mpoi_kzjg_8
localize,#subtitle_zm_zisa_ccbl/zm_cmcp_cisa_mpoi_kzjg_9
localize,#subtitle_zm_zisa_ccbl/zm_cmcp_cisa_mpoi_kzks_1
localize,#subtitle_zm_zisa_ccbl/zm_cmcp_cisa_mpoi_kzks_10
localize,#subtitle_zm_zisa_ccbl/zm_cmcp_cisa_mpoi_kzks_2
localize,#subtitle_zm_zisa_ccbl/zm_cmcp_cisa_mpoi_kzks_3
localize,#subtitle_zm_zisa_ccbl/zm_cmcp_cisa_mpoi_kzks_4
localize,#subtitle_zm_zisa_ccbl/zm_cmcp_cisa_mpoi_kzks_5
localize,#subtitle_zm_zisa_ccbl/zm_cmcp_cisa_mpoi_kzks_6
localize,#subtitle_zm_zisa_ccbl/zm_cmcp_cisa_mpoi_kzks_7
localize,#subtitle_zm_zisa_ccbl/zm_cmcp_cisa_mpoi_kzks_8
localize,#subtitle_zm_zisa_ccbl/zm_cmcp_cisa_mpoi_kzks_9
localize,#subtitle_zm_zisa_ccbl/zm_cmcp_cisa_mpoi_kzrv_1
localize,#subtitle_zm_zisa_ccbl/zm_cmcp_cisa_mpoi_kzrv_10
localize,#subtitle_zm_zisa_ccbl/zm_cmcp_cisa_mpoi_kzrv_2
localize,#subtitle_zm_zisa_ccbl/zm_cmcp_cisa_mpoi_kzrv_3
localize,#subtitle_zm_zisa_ccbl/zm_cmcp_cisa_mpoi_kzrv_4
localize,#subtitle_zm_zisa_ccbl/zm_cmcp_cisa_mpoi_kzrv_5
localize,#subtitle_zm_zisa_ccbl/zm_cmcp_cisa_mpoi_kzrv_6
localize,#subtitle_zm_zisa_ccbl/zm_cmcp_cisa_mpoi_kzrv_7
localize,#subtitle_zm_zisa_ccbl/zm_cmcp_cisa_mpoi_kzrv_8
localize,#subtitle_zm_zisa_ccbl/zm_cmcp_cisa_mpoi_kzrv_9
localize,#subtitle_zm_zisa_ccbl/zm_cmcp_cisa_mpoi_kzsu_1
localize,#subtitle_zm_zisa_ccbl/zm_cmcp_cisa_mpoi_kzsu_10
localize,#subtitle_zm_zisa_ccbl/zm_cmcp_cisa_mpoi_kzsu_2
localize,#subtitle_zm_zisa_ccbl/zm_cmcp_cisa_mpoi_kzsu_3
localize,#subtitle_zm_zisa_ccbl/zm_cmcp_cisa_mpoi_kzsu_4
localize,#subtitle_zm_zisa_ccbl/zm_cmcp_cisa_mpoi_kzsu_5
localize,#subtitle_zm_zisa_ccbl/zm_cmcp_cisa_mpoi_kzsu_6
localize,#subtitle_zm_zisa_ccbl/zm_cmcp_cisa_mpoi_kzsu_7
localize,#subtitle_zm_zisa_ccbl/zm_cmcp_cisa_mpoi_kzsu_8
localize,#subtitle_zm_zisa_ccbl/zm_cmcp_cisa_mpoi_kzsu_9
localize,#subtitle_zm_zisa_ccbl/zm_cmcp_cisa_mpoi_pitm_1
localize,#subtitle_zm_zisa_ccbl/zm_cmcp_cisa_mpoi_pitm_10
localize,#subtitle_zm_zisa_ccbl/zm_cmcp_cisa_mpoi_pitm_2
localize,#subtitle_zm_zisa_ccbl/zm_cmcp_cisa_mpoi_pitm_3
localize,#subtitle_zm_zisa_ccbl/zm_cmcp_cisa_mpoi_pitm_4
localize,#subtitle_zm_zisa_ccbl/zm_cmcp_cisa_mpoi_pitm_5
localize,#subtitle_zm_zisa_ccbl/zm_cmcp_cisa_mpoi_pitm_6
localize,#subtitle_zm_zisa_ccbl/zm_cmcp_cisa_mpoi_pitm_7
localize,#subtitle_zm_zisa_ccbl/zm_cmcp_cisa_mpoi_pitm_8
localize,#subtitle_zm_zisa_ccbl/zm_cmcp_cisa_mpoi_pitm_9
localize,#subtitle_zm_zisa_ccbl/zm_cmcp_cisa_mpoi_plmg_1
localize,#subtitle_zm_zisa_ccbl/zm_cmcp_cisa_mpoi_plmg_2
localize,#subtitle_zm_zisa_ccbl/zm_cmcp_cisa_mpoi_plmg_3
localize,#subtitle_zm_zisa_ccbl/zm_cmcp_cisa_mpoi_plmg_4
localize,#subtitle_zm_zisa_ccbl/zm_cmcp_cisa_mpoi_plmg_5
localize,#subtitle_zm_zisa_ccbl/zm_cmcp_cisa_mpoi_pmel_1
localize,#subtitle_zm_zisa_ccbl/zm_cmcp_cisa_mpoi_pmel_2
localize,#subtitle_zm_zisa_ccbl/zm_cmcp_cisa_mpoi_pmel_3
localize,#subtitle_zm_zisa_ccbl/zm_cmcp_cisa_mpoi_pmel_4
localize,#subtitle_zm_zisa_ccbl/zm_cmcp_cisa_mpoi_pmel_5
localize,#subtitle_zm_zisa_ccbl/zm_cmcp_cisa_mpoi_pmrk_1
localize,#subtitle_zm_zisa_ccbl/zm_cmcp_cisa_mpoi_pmrk_2
localize,#subtitle_zm_zisa_ccbl/zm_cmcp_cisa_mpoi_pmrk_3
localize,#subtitle_zm_zisa_ccbl/zm_cmcp_cisa_mpoi_pmrk_4
localize,#subtitle_zm_zisa_ccbl/zm_cmcp_cisa_mpoi_pmrk_5
localize,#subtitle_zm_zisa_ccbl/zm_cmcp_cisa_mpoi_psht_1
localize,#subtitle_zm_zisa_ccbl/zm_cmcp_cisa_mpoi_psht_2
localize,#subtitle_zm_zisa_ccbl/zm_cmcp_cisa_mpoi_psht_3
localize,#subtitle_zm_zisa_ccbl/zm_cmcp_cisa_mpoi_psht_4
localize,#subtitle_zm_zisa_ccbl/zm_cmcp_cisa_mpoi_psht_5
localize,#subtitle_zm_zisa_ccbl/zm_cmcp_cisa_mpoi_psmg_1
localize,#subtitle_zm_zisa_ccbl/zm_cmcp_cisa_mpoi_psmg_2
localize,#subtitle_zm_zisa_ccbl/zm_cmcp_cisa_mpoi_psmg_3
localize,#subtitle_zm_zisa_ccbl/zm_cmcp_cisa_mpoi_psmg_4
localize,#subtitle_zm_zisa_ccbl/zm_cmcp_cisa_mpoi_psmg_5
localize,#subtitle_zm_zisa_ccbl/zm_cmcp_cisa_mpoi_psnp_1
localize,#subtitle_zm_zisa_ccbl/zm_cmcp_cisa_mpoi_psnp_2
localize,#subtitle_zm_zisa_ccbl/zm_cmcp_cisa_mpoi_psnp_3
localize,#subtitle_zm_zisa_ccbl/zm_cmcp_cisa_mpoi_psnp_4
localize,#subtitle_zm_zisa_ccbl/zm_cmcp_cisa_mpoi_psnp_5
localize,#subtitle_zm_zisa_ccbl/zm_cmcp_cisa_mpoi_pwar_1
localize,#subtitle_zm_zisa_ccbl/zm_cmcp_cisa_mpoi_pwar_2
localize,#subtitle_zm_zisa_ccbl/zm_cmcp_cisa_mpoi_pwar_3
localize,#subtitle_zm_zisa_ccbl/zm_cmcp_cisa_mpoi_pwar_4
localize,#subtitle_zm_zisa_ccbl/zm_cmcp_cisa_mpoi_pwar_5
localize,#subtitle_zm_zisa_ccbl/zm_cmcp_cisa_mpoi_pwpn_1
localize,#subtitle_zm_zisa_ccbl/zm_cmcp_cisa_mpoi_pwpn_2
localize,#subtitle_zm_zisa_ccbl/zm_cmcp_cisa_mpoi_pwpn_3
localize,#subtitle_zm_zisa_ccbl/zm_cmcp_cisa_mpoi_pwpn_4
localize,#subtitle_zm_zisa_ccbl/zm_cmcp_cisa_mpoi_pwpn_5
localize,#subtitle_zm_zisa_ccbl/zm_cmcp_cisa_mpoi_raup_1
localize,#subtitle_zm_zisa_ccbl/zm_cmcp_cisa_mpoi_raup_10
localize,#subtitle_zm_zisa_ccbl/zm_cmcp_cisa_mpoi_raup_2
localize,#subtitle_zm_zisa_ccbl/zm_cmcp_cisa_mpoi_raup_3
localize,#subtitle_zm_zisa_ccbl/zm_cmcp_cisa_mpoi_raup_4
localize,#subtitle_zm_zisa_ccbl/zm_cmcp_cisa_mpoi_raup_5
localize,#subtitle_zm_zisa_ccbl/zm_cmcp_cisa_mpoi_raup_6
localize,#subtitle_zm_zisa_ccbl/zm_cmcp_cisa_mpoi_raup_7
localize,#subtitle_zm_zisa_ccbl/zm_cmcp_cisa_mpoi_raup_8
localize,#subtitle_zm_zisa_ccbl/zm_cmcp_cisa_mpoi_raup_9
localize,#subtitle_zm_zisa_ccbl/zm_cmcp_cisa_mpoi_rcvn_1
localize,#subtitle_zm_zisa_ccbl/zm_cmcp_cisa_mpoi_rcvn_10
localize,#subtitle_zm_zisa_ccbl/zm_cmcp_cisa_mpoi_rcvn_2
localize,#subtitle_zm_zisa_ccbl/zm_cmcp_cisa_mpoi_rcvn_3
localize,#subtitle_zm_zisa_ccbl/zm_cmcp_cisa_mpoi_rcvn_4
localize,#subtitle_zm_zisa_ccbl/zm_cmcp_cisa_mpoi_rcvn_5
localize,#subtitle_zm_zisa_ccbl/zm_cmcp_cisa_mpoi_rcvn_6
localize,#subtitle_zm_zisa_ccbl/zm_cmcp_cisa_mpoi_rcvn_7
localize,#subtitle_zm_zisa_ccbl/zm_cmcp_cisa_mpoi_rcvn_8
localize,#subtitle_zm_zisa_ccbl/zm_cmcp_cisa_mpoi_rcvn_9
localize,#subtitle_zm_zisa_ccbl/zm_cmcp_cisa_mpoi_rdwn_1
localize,#subtitle_zm_zisa_ccbl/zm_cmcp_cisa_mpoi_rdwn_2
localize,#subtitle_zm_zisa_ccbl/zm_cmcp_cisa_mpoi_rdwn_3
localize,#subtitle_zm_zisa_ccbl/zm_cmcp_cisa_mpoi_rdwn_4
localize,#subtitle_zm_zisa_ccbl/zm_cmcp_cisa_mpoi_rdwn_5
localize,#subtitle_zm_zisa_ccbl/zm_cmcp_cisa_mpoi_rdwn_6
localize,#subtitle_zm_zisa_ccbl/zm_cmcp_cisa_mpoi_rdwn_7
localize,#subtitle_zm_zisa_ccbl/zm_cmcp_cisa_mpoi_rdwn_8
localize,#subtitle_zm_zisa_ccbl/zm_cmcp_cisa_mpoi_rplr_1
localize,#subtitle_zm_zisa_ccbl/zm_cmcp_cisa_mpoi_rplr_10
localize,#subtitle_zm_zisa_ccbl/zm_cmcp_cisa_mpoi_rplr_2
localize,#subtitle_zm_zisa_ccbl/zm_cmcp_cisa_mpoi_rplr_3
localize,#subtitle_zm_zisa_ccbl/zm_cmcp_cisa_mpoi_rplr_4
localize,#subtitle_zm_zisa_ccbl/zm_cmcp_cisa_mpoi_rplr_5
localize,#subtitle_zm_zisa_ccbl/zm_cmcp_cisa_mpoi_rplr_6
localize,#subtitle_zm_zisa_ccbl/zm_cmcp_cisa_mpoi_rplr_7
localize,#subtitle_zm_zisa_ccbl/zm_cmcp_cisa_mpoi_rplr_8
localize,#subtitle_zm_zisa_ccbl/zm_cmcp_cisa_mpoi_rplr_9
localize,#subtitle_zm_zisa_ccbl/zm_cmcp_cisa_mpoi_rprk_1
localize,#subtitle_zm_zisa_ccbl/zm_cmcp_cisa_mpoi_rprk_10
localize,#subtitle_zm_zisa_ccbl/zm_cmcp_cisa_mpoi_rprk_2
localize,#subtitle_zm_zisa_ccbl/zm_cmcp_cisa_mpoi_rprk_3
localize,#subtitle_zm_zisa_ccbl/zm_cmcp_cisa_mpoi_rprk_4
localize,#subtitle_zm_zisa_ccbl/zm_cmcp_cisa_mpoi_rprk_5
localize,#subtitle_zm_zisa_ccbl/zm_cmcp_cisa_mpoi_rprk_6
localize,#subtitle_zm_zisa_ccbl/zm_cmcp_cisa_mpoi_rprk_7
localize,#subtitle_zm_zisa_ccbl/zm_cmcp_cisa_mpoi_rprk_8
localize,#subtitle_zm_zisa_ccbl/zm_cmcp_cisa_mpoi_rprk_9
localize,#subtitle_zm_zisa_ccbl/zm_cmcp_cisa_mpoi_rrev_1
localize,#subtitle_zm_zisa_ccbl/zm_cmcp_cisa_mpoi_rrev_2
localize,#subtitle_zm_zisa_ccbl/zm_cmcp_cisa_mpoi_rrev_3
localize,#subtitle_zm_zisa_ccbl/zm_cmcp_cisa_mpoi_rrev_4
localize,#subtitle_zm_zisa_ccbl/zm_cmcp_cisa_mpoi_rrev_5
localize,#subtitle_zm_zisa_ccbl/zm_cmcp_cisa_mpoi_rrev_6
localize,#subtitle_zm_zisa_ccbl/zm_cmcp_cisa_mpoi_rrev_7
localize,#subtitle_zm_zisa_ccbl/zm_cmcp_cisa_mpoi_rrev_8
localize,#subtitle_zm_zisa_ccbl/zm_cmcp_cisa_mpoi_rrvr_1
localize,#subtitle_zm_zisa_ccbl/zm_cmcp_cisa_mpoi_rrvr_2
localize,#subtitle_zm_zisa_ccbl/zm_cmcp_cisa_mpoi_rrvr_3
localize,#subtitle_zm_zisa_ccbl/zm_cmcp_cisa_mpoi_rrvr_4
localize,#subtitle_zm_zisa_ccbl/zm_cmcp_cisa_mpoi_rrvr_5
localize,#subtitle_zm_zisa_ccbl/zm_cmcp_cisa_mpoi_rrvr_6
localize,#subtitle_zm_zisa_ccbl/zm_cmcp_cisa_mpoi_rrvr_7
localize,#subtitle_zm_zisa_ccbl/zm_cmcp_cisa_mpoi_rrvr_8
localize,#subtitle_zm_zisa_ccbl/zm_cmcp_cisa_mpoi_wcir_1
localize,#subtitle_zm_zisa_ccbl/zm_cmcp_cisa_mpoi_wcir_2
localize,#subtitle_zm_zisa_ccbl/zm_cmcp_cisa_mpoi_wcir_3
localize,#subtitle_zm_zisa_ccbl/zm_cmcp_cisa_mpoi_wcir_4
localize,#subtitle_zm_zkmt_cyng/kim_tae_young
localize,#subtitle_zm_zkmt_cyng/zm_zkmt_cyng_kimt_arpl_1
localize,#subtitle_zm_zkmt_cyng/zm_zkmt_cyng_kimt_arpl_10
localize,#subtitle_zm_zkmt_cyng/zm_zkmt_cyng_kimt_arpl_2
localize,#subtitle_zm_zkmt_cyng/zm_zkmt_cyng_kimt_arpl_3
localize,#subtitle_zm_zkmt_cyng/zm_zkmt_cyng_kimt_arpl_4
localize,#subtitle_zm_zkmt_cyng/zm_zkmt_cyng_kimt_arpl_5
localize,#subtitle_zm_zkmt_cyng/zm_zkmt_cyng_kimt_arpl_6
localize,#subtitle_zm_zkmt_cyng/zm_zkmt_cyng_kimt_arpl_7
localize,#subtitle_zm_zkmt_cyng/zm_zkmt_cyng_kimt_arpl_8
localize,#subtitle_zm_zkmt_cyng/zm_zkmt_cyng_kimt_arpl_9
localize,#subtitle_zm_zkmt_cyng/zm_zkmt_cyng_kimt_atkz_1
localize,#subtitle_zm_zkmt_cyng/zm_zkmt_cyng_kimt_atkz_10
localize,#subtitle_zm_zkmt_cyng/zm_zkmt_cyng_kimt_atkz_2
localize,#subtitle_zm_zkmt_cyng/zm_zkmt_cyng_kimt_atkz_3
localize,#subtitle_zm_zkmt_cyng/zm_zkmt_cyng_kimt_atkz_4
localize,#subtitle_zm_zkmt_cyng/zm_zkmt_cyng_kimt_atkz_5
localize,#subtitle_zm_zkmt_cyng/zm_zkmt_cyng_kimt_atkz_6
localize,#subtitle_zm_zkmt_cyng/zm_zkmt_cyng_kimt_atkz_7
localize,#subtitle_zm_zkmt_cyng/zm_zkmt_cyng_kimt_atkz_8
localize,#subtitle_zm_zkmt_cyng/zm_zkmt_cyng_kimt_atkz_9
localize,#subtitle_zm_zkmt_cyng/zm_zkmt_cyng_kimt_kmnk_1
localize,#subtitle_zm_zkmt_cyng/zm_zkmt_cyng_kimt_kmnk_2
localize,#subtitle_zm_zkmt_cyng/zm_zkmt_cyng_kimt_kmnk_3
localize,#subtitle_zm_zkmt_cyng/zm_zkmt_cyng_kimt_kmnk_4
localize,#subtitle_zm_zkmt_cyng/zm_zkmt_cyng_kimt_kmnk_5
localize,#subtitle_zm_zkmt_cyng/zm_zkmt_cyng_kimt_kmnk_6
localize,#subtitle_zm_zkmt_cyng/zm_zkmt_cyng_kimt_kzcl_1
localize,#subtitle_zm_zkmt_cyng/zm_zkmt_cyng_kimt_kzcl_10
localize,#subtitle_zm_zkmt_cyng/zm_zkmt_cyng_kimt_kzcl_2
localize,#subtitle_zm_zkmt_cyng/zm_zkmt_cyng_kimt_kzcl_3
localize,#subtitle_zm_zkmt_cyng/zm_zkmt_cyng_kimt_kzcl_4
localize,#subtitle_zm_zkmt_cyng/zm_zkmt_cyng_kimt_kzcl_5
localize,#subtitle_zm_zkmt_cyng/zm_zkmt_cyng_kimt_kzcl_6
localize,#subtitle_zm_zkmt_cyng/zm_zkmt_cyng_kimt_kzcl_7
localize,#subtitle_zm_zkmt_cyng/zm_zkmt_cyng_kimt_kzcl_8
localize,#subtitle_zm_zkmt_cyng/zm_zkmt_cyng_kimt_kzcl_9
localize,#subtitle_zm_zkmt_cyng/zm_zkmt_cyng_kimt_kzhs_1
localize,#subtitle_zm_zkmt_cyng/zm_zkmt_cyng_kimt_kzhs_10
localize,#subtitle_zm_zkmt_cyng/zm_zkmt_cyng_kimt_kzhs_2
localize,#subtitle_zm_zkmt_cyng/zm_zkmt_cyng_kimt_kzhs_3
localize,#subtitle_zm_zkmt_cyng/zm_zkmt_cyng_kimt_kzhs_4
localize,#subtitle_zm_zkmt_cyng/zm_zkmt_cyng_kimt_kzhs_5
localize,#subtitle_zm_zkmt_cyng/zm_zkmt_cyng_kimt_kzhs_6
localize,#subtitle_zm_zkmt_cyng/zm_zkmt_cyng_kimt_kzhs_7
localize,#subtitle_zm_zkmt_cyng/zm_zkmt_cyng_kimt_kzhs_8
localize,#subtitle_zm_zkmt_cyng/zm_zkmt_cyng_kimt_kzhs_9
localize,#subtitle_zm_zkmt_cyng/zm_zkmt_cyng_kimt_kzjg_1
localize,#subtitle_zm_zkmt_cyng/zm_zkmt_cyng_kimt_kzjg_10
localize,#subtitle_zm_zkmt_cyng/zm_zkmt_cyng_kimt_kzjg_2
localize,#subtitle_zm_zkmt_cyng/zm_zkmt_cyng_kimt_kzjg_3
localize,#subtitle_zm_zkmt_cyng/zm_zkmt_cyng_kimt_kzjg_4
localize,#subtitle_zm_zkmt_cyng/zm_zkmt_cyng_kimt_kzjg_5
localize,#subtitle_zm_zkmt_cyng/zm_zkmt_cyng_kimt_kzjg_6
localize,#subtitle_zm_zkmt_cyng/zm_zkmt_cyng_kimt_kzjg_7
localize,#subtitle_zm_zkmt_cyng/zm_zkmt_cyng_kimt_kzjg_8
localize,#subtitle_zm_zkmt_cyng/zm_zkmt_cyng_kimt_kzjg_9
localize,#subtitle_zm_zkmt_cyng/zm_zkmt_cyng_kimt_kzks_1
localize,#subtitle_zm_zkmt_cyng/zm_zkmt_cyng_kimt_kzks_10
localize,#subtitle_zm_zkmt_cyng/zm_zkmt_cyng_kimt_kzks_2
localize,#subtitle_zm_zkmt_cyng/zm_zkmt_cyng_kimt_kzks_3
localize,#subtitle_zm_zkmt_cyng/zm_zkmt_cyng_kimt_kzks_4
localize,#subtitle_zm_zkmt_cyng/zm_zkmt_cyng_kimt_kzks_5
localize,#subtitle_zm_zkmt_cyng/zm_zkmt_cyng_kimt_kzks_6
localize,#subtitle_zm_zkmt_cyng/zm_zkmt_cyng_kimt_kzks_7
localize,#subtitle_zm_zkmt_cyng/zm_zkmt_cyng_kimt_kzks_8
localize,#subtitle_zm_zkmt_cyng/zm_zkmt_cyng_kimt_kzks_9
localize,#subtitle_zm_zkmt_cyng/zm_zkmt_cyng_kimt_kzrv_1
localize,#subtitle_zm_zkmt_cyng/zm_zkmt_cyng_kimt_kzrv_10
localize,#subtitle_zm_zkmt_cyng/zm_zkmt_cyng_kimt_kzrv_2
localize,#subtitle_zm_zkmt_cyng/zm_zkmt_cyng_kimt_kzrv_3
localize,#subtitle_zm_zkmt_cyng/zm_zkmt_cyng_kimt_kzrv_4
localize,#subtitle_zm_zkmt_cyng/zm_zkmt_cyng_kimt_kzrv_5
localize,#subtitle_zm_zkmt_cyng/zm_zkmt_cyng_kimt_kzrv_6
localize,#subtitle_zm_zkmt_cyng/zm_zkmt_cyng_kimt_kzrv_7
localize,#subtitle_zm_zkmt_cyng/zm_zkmt_cyng_kimt_kzrv_8
localize,#subtitle_zm_zkmt_cyng/zm_zkmt_cyng_kimt_kzrv_9
localize,#subtitle_zm_zkmt_cyng/zm_zkmt_cyng_kimt_kzsu_1
localize,#subtitle_zm_zkmt_cyng/zm_zkmt_cyng_kimt_kzsu_10
localize,#subtitle_zm_zkmt_cyng/zm_zkmt_cyng_kimt_kzsu_2
localize,#subtitle_zm_zkmt_cyng/zm_zkmt_cyng_kimt_kzsu_3
localize,#subtitle_zm_zkmt_cyng/zm_zkmt_cyng_kimt_kzsu_4
localize,#subtitle_zm_zkmt_cyng/zm_zkmt_cyng_kimt_kzsu_5
localize,#subtitle_zm_zkmt_cyng/zm_zkmt_cyng_kimt_kzsu_6
localize,#subtitle_zm_zkmt_cyng/zm_zkmt_cyng_kimt_kzsu_7
localize,#subtitle_zm_zkmt_cyng/zm_zkmt_cyng_kimt_kzsu_8
localize,#subtitle_zm_zkmt_cyng/zm_zkmt_cyng_kimt_kzsu_9
localize,#subtitle_zm_zkmt_cyng/zm_zkmt_cyng_kimt_pitm_1
localize,#subtitle_zm_zkmt_cyng/zm_zkmt_cyng_kimt_pitm_10
localize,#subtitle_zm_zkmt_cyng/zm_zkmt_cyng_kimt_pitm_2
localize,#subtitle_zm_zkmt_cyng/zm_zkmt_cyng_kimt_pitm_3
localize,#subtitle_zm_zkmt_cyng/zm_zkmt_cyng_kimt_pitm_4
localize,#subtitle_zm_zkmt_cyng/zm_zkmt_cyng_kimt_pitm_5
localize,#subtitle_zm_zkmt_cyng/zm_zkmt_cyng_kimt_pitm_6
localize,#subtitle_zm_zkmt_cyng/zm_zkmt_cyng_kimt_pitm_7
localize,#subtitle_zm_zkmt_cyng/zm_zkmt_cyng_kimt_pitm_8
localize,#subtitle_zm_zkmt_cyng/zm_zkmt_cyng_kimt_pitm_9
localize,#subtitle_zm_zkmt_cyng/zm_zkmt_cyng_kimt_plmg_1
localize,#subtitle_zm_zkmt_cyng/zm_zkmt_cyng_kimt_plmg_2
localize,#subtitle_zm_zkmt_cyng/zm_zkmt_cyng_kimt_plmg_3
localize,#subtitle_zm_zkmt_cyng/zm_zkmt_cyng_kimt_plmg_4
localize,#subtitle_zm_zkmt_cyng/zm_zkmt_cyng_kimt_plmg_5
localize,#subtitle_zm_zkmt_cyng/zm_zkmt_cyng_kimt_pmel_1
localize,#subtitle_zm_zkmt_cyng/zm_zkmt_cyng_kimt_pmel_2
localize,#subtitle_zm_zkmt_cyng/zm_zkmt_cyng_kimt_pmel_3
localize,#subtitle_zm_zkmt_cyng/zm_zkmt_cyng_kimt_pmel_4
localize,#subtitle_zm_zkmt_cyng/zm_zkmt_cyng_kimt_pmel_5
localize,#subtitle_zm_zkmt_cyng/zm_zkmt_cyng_kimt_pmrk_1
localize,#subtitle_zm_zkmt_cyng/zm_zkmt_cyng_kimt_pmrk_2
localize,#subtitle_zm_zkmt_cyng/zm_zkmt_cyng_kimt_pmrk_3
localize,#subtitle_zm_zkmt_cyng/zm_zkmt_cyng_kimt_pmrk_4
localize,#subtitle_zm_zkmt_cyng/zm_zkmt_cyng_kimt_pmrk_5
localize,#subtitle_zm_zkmt_cyng/zm_zkmt_cyng_kimt_psht_1
localize,#subtitle_zm_zkmt_cyng/zm_zkmt_cyng_kimt_psht_2
localize,#subtitle_zm_zkmt_cyng/zm_zkmt_cyng_kimt_psht_3
localize,#subtitle_zm_zkmt_cyng/zm_zkmt_cyng_kimt_psht_4
localize,#subtitle_zm_zkmt_cyng/zm_zkmt_cyng_kimt_psht_5
localize,#subtitle_zm_zkmt_cyng/zm_zkmt_cyng_kimt_psmg_1
localize,#subtitle_zm_zkmt_cyng/zm_zkmt_cyng_kimt_psmg_2
localize,#subtitle_zm_zkmt_cyng/zm_zkmt_cyng_kimt_psmg_3
localize,#subtitle_zm_zkmt_cyng/zm_zkmt_cyng_kimt_psmg_4
localize,#subtitle_zm_zkmt_cyng/zm_zkmt_cyng_kimt_psmg_5
localize,#subtitle_zm_zkmt_cyng/zm_zkmt_cyng_kimt_psnp_1
localize,#subtitle_zm_zkmt_cyng/zm_zkmt_cyng_kimt_psnp_2
localize,#subtitle_zm_zkmt_cyng/zm_zkmt_cyng_kimt_psnp_3
localize,#subtitle_zm_zkmt_cyng/zm_zkmt_cyng_kimt_psnp_4
localize,#subtitle_zm_zkmt_cyng/zm_zkmt_cyng_kimt_psnp_5
localize,#subtitle_zm_zkmt_cyng/zm_zkmt_cyng_kimt_pwar_1
localize,#subtitle_zm_zkmt_cyng/zm_zkmt_cyng_kimt_pwar_2
localize,#subtitle_zm_zkmt_cyng/zm_zkmt_cyng_kimt_pwar_3
localize,#subtitle_zm_zkmt_cyng/zm_zkmt_cyng_kimt_pwar_4
localize,#subtitle_zm_zkmt_cyng/zm_zkmt_cyng_kimt_pwar_5
localize,#subtitle_zm_zkmt_cyng/zm_zkmt_cyng_kimt_pwpn_1
localize,#subtitle_zm_zkmt_cyng/zm_zkmt_cyng_kimt_pwpn_2
localize,#subtitle_zm_zkmt_cyng/zm_zkmt_cyng_kimt_pwpn_3
localize,#subtitle_zm_zkmt_cyng/zm_zkmt_cyng_kimt_pwpn_4
localize,#subtitle_zm_zkmt_cyng/zm_zkmt_cyng_kimt_pwpn_5
localize,#subtitle_zm_zkmt_cyng/zm_zkmt_cyng_kimt_raup_1
localize,#subtitle_zm_zkmt_cyng/zm_zkmt_cyng_kimt_raup_10
localize,#subtitle_zm_zkmt_cyng/zm_zkmt_cyng_kimt_raup_2
localize,#subtitle_zm_zkmt_cyng/zm_zkmt_cyng_kimt_raup_3
localize,#subtitle_zm_zkmt_cyng/zm_zkmt_cyng_kimt_raup_4
localize,#subtitle_zm_zkmt_cyng/zm_zkmt_cyng_kimt_raup_5
localize,#subtitle_zm_zkmt_cyng/zm_zkmt_cyng_kimt_raup_6
localize,#subtitle_zm_zkmt_cyng/zm_zkmt_cyng_kimt_raup_7
localize,#subtitle_zm_zkmt_cyng/zm_zkmt_cyng_kimt_raup_8
localize,#subtitle_zm_zkmt_cyng/zm_zkmt_cyng_kimt_raup_9
localize,#subtitle_zm_zkmt_cyng/zm_zkmt_cyng_kimt_rcvn_1
localize,#subtitle_zm_zkmt_cyng/zm_zkmt_cyng_kimt_rcvn_10
localize,#subtitle_zm_zkmt_cyng/zm_zkmt_cyng_kimt_rcvn_2
localize,#subtitle_zm_zkmt_cyng/zm_zkmt_cyng_kimt_rcvn_3
localize,#subtitle_zm_zkmt_cyng/zm_zkmt_cyng_kimt_rcvn_4
localize,#subtitle_zm_zkmt_cyng/zm_zkmt_cyng_kimt_rcvn_5
localize,#subtitle_zm_zkmt_cyng/zm_zkmt_cyng_kimt_rcvn_6
localize,#subtitle_zm_zkmt_cyng/zm_zkmt_cyng_kimt_rcvn_7
localize,#subtitle_zm_zkmt_cyng/zm_zkmt_cyng_kimt_rcvn_8
localize,#subtitle_zm_zkmt_cyng/zm_zkmt_cyng_kimt_rcvn_9
localize,#subtitle_zm_zkmt_cyng/zm_zkmt_cyng_kimt_rdwn_1
localize,#subtitle_zm_zkmt_cyng/zm_zkmt_cyng_kimt_rdwn_2
localize,#subtitle_zm_zkmt_cyng/zm_zkmt_cyng_kimt_rdwn_3
localize,#subtitle_zm_zkmt_cyng/zm_zkmt_cyng_kimt_rdwn_4
localize,#subtitle_zm_zkmt_cyng/zm_zkmt_cyng_kimt_rdwn_5
localize,#subtitle_zm_zkmt_cyng/zm_zkmt_cyng_kimt_rdwn_6
localize,#subtitle_zm_zkmt_cyng/zm_zkmt_cyng_kimt_rdwn_7
localize,#subtitle_zm_zkmt_cyng/zm_zkmt_cyng_kimt_rdwn_8
localize,#subtitle_zm_zkmt_cyng/zm_zkmt_cyng_kimt_rplr_1
localize,#subtitle_zm_zkmt_cyng/zm_zkmt_cyng_kimt_rplr_10
localize,#subtitle_zm_zkmt_cyng/zm_zkmt_cyng_kimt_rplr_2
localize,#subtitle_zm_zkmt_cyng/zm_zkmt_cyng_kimt_rplr_3
localize,#subtitle_zm_zkmt_cyng/zm_zkmt_cyng_kimt_rplr_4
localize,#subtitle_zm_zkmt_cyng/zm_zkmt_cyng_kimt_rplr_5
localize,#subtitle_zm_zkmt_cyng/zm_zkmt_cyng_kimt_rplr_6
localize,#subtitle_zm_zkmt_cyng/zm_zkmt_cyng_kimt_rplr_7
localize,#subtitle_zm_zkmt_cyng/zm_zkmt_cyng_kimt_rplr_8
localize,#subtitle_zm_zkmt_cyng/zm_zkmt_cyng_kimt_rplr_9
localize,#subtitle_zm_zkmt_cyng/zm_zkmt_cyng_kimt_rprk_1
localize,#subtitle_zm_zkmt_cyng/zm_zkmt_cyng_kimt_rprk_10
localize,#subtitle_zm_zkmt_cyng/zm_zkmt_cyng_kimt_rprk_2
localize,#subtitle_zm_zkmt_cyng/zm_zkmt_cyng_kimt_rprk_3
localize,#subtitle_zm_zkmt_cyng/zm_zkmt_cyng_kimt_rprk_4
localize,#subtitle_zm_zkmt_cyng/zm_zkmt_cyng_kimt_rprk_5
localize,#subtitle_zm_zkmt_cyng/zm_zkmt_cyng_kimt_rprk_6
localize,#subtitle_zm_zkmt_cyng/zm_zkmt_cyng_kimt_rprk_7
localize,#subtitle_zm_zkmt_cyng/zm_zkmt_cyng_kimt_rprk_8
localize,#subtitle_zm_zkmt_cyng/zm_zkmt_cyng_kimt_rprk_9
localize,#subtitle_zm_zkmt_cyng/zm_zkmt_cyng_kimt_rrev_1
localize,#subtitle_zm_zkmt_cyng/zm_zkmt_cyng_kimt_rrev_2
localize,#subtitle_zm_zkmt_cyng/zm_zkmt_cyng_kimt_rrev_3
localize,#subtitle_zm_zkmt_cyng/zm_zkmt_cyng_kimt_rrev_4
localize,#subtitle_zm_zkmt_cyng/zm_zkmt_cyng_kimt_rrev_5
localize,#subtitle_zm_zkmt_cyng/zm_zkmt_cyng_kimt_rrev_6
localize,#subtitle_zm_zkmt_cyng/zm_zkmt_cyng_kimt_rrev_7
localize,#subtitle_zm_zkmt_cyng/zm_zkmt_cyng_kimt_rrev_8
localize,#subtitle_zm_zkmt_cyng/zm_zkmt_cyng_kimt_rrvr_1
localize,#subtitle_zm_zkmt_cyng/zm_zkmt_cyng_kimt_rrvr_2
localize,#subtitle_zm_zkmt_cyng/zm_zkmt_cyng_kimt_rrvr_3
localize,#subtitle_zm_zkmt_cyng/zm_zkmt_cyng_kimt_rrvr_4
localize,#subtitle_zm_zkmt_cyng/zm_zkmt_cyng_kimt_rrvr_5
localize,#subtitle_zm_zkmt_cyng/zm_zkmt_cyng_kimt_rrvr_6
localize,#subtitle_zm_zkmt_cyng/zm_zkmt_cyng_kimt_rrvr_7
localize,#subtitle_zm_zkmt_cyng/zm_zkmt_cyng_kimt_rrvr_8
localize,#subtitle_zm_zkmt_cyng/zm_zkmt_cyng_kimt_sdma_1
localize,#subtitle_zm_zkmt_cyng/zm_zkmt_cyng_kimt_sdma_2
localize,#subtitle_zm_zkmt_cyng/zm_zkmt_cyng_kimt_sdma_3
localize,#subtitle_zm_zkmt_cyng/zm_zkmt_cyng_kimt_sdma_4
localize,#subtitle_zm_zkmt_cyng/zm_zkmt_cyng_kimt_sdmd_1
localize,#subtitle_zm_zkmt_cyng/zm_zkmt_cyng_kimt_sdmd_2
localize,#subtitle_zm_zkmt_cyng/zm_zkmt_cyng_kimt_sdmd_3
localize,#subtitle_zm_zkmt_cyng/zm_zkmt_cyng_kimt_sdmd_4
localize,#subtitle_zm_zkmt_cyng/zm_zkmt_cyng_kimt_sdml_1
localize,#subtitle_zm_zkmt_cyng/zm_zkmt_cyng_kimt_sdml_2
localize,#subtitle_zm_zkmt_cyng/zm_zkmt_cyng_kimt_sdml_3
localize,#subtitle_zm_zkmt_cyng/zm_zkmt_cyng_kimt_sdml_4
localize,#subtitle_zm_zkmt_cyng/zm_zkmt_cyng_kimt_swma_1
localize,#subtitle_zm_zkmt_cyng/zm_zkmt_cyng_kimt_swma_2
localize,#subtitle_zm_zkmt_cyng/zm_zkmt_cyng_kimt_swma_3
localize,#subtitle_zm_zkmt_cyng/zm_zkmt_cyng_kimt_swma_4
localize,#subtitle_zm_zkmt_cyng/zm_zkmt_cyng_kimt_swmd_1
localize,#subtitle_zm_zkmt_cyng/zm_zkmt_cyng_kimt_swmd_2
localize,#subtitle_zm_zkmt_cyng/zm_zkmt_cyng_kimt_swmd_3
localize,#subtitle_zm_zkmt_cyng/zm_zkmt_cyng_kimt_swmd_4
localize,#subtitle_zm_zkmt_cyng/zm_zkmt_cyng_kimt_swml_1
localize,#subtitle_zm_zkmt_cyng/zm_zkmt_cyng_kimt_swml_2
localize,#subtitle_zm_zkmt_cyng/zm_zkmt_cyng_kimt_swml_3
localize,#subtitle_zm_zkmt_cyng/zm_zkmt_cyng_kimt_swml_4
localize,#subtitle_zm_zkmt_cyng/zm_zkmt_cyng_kimt_wcir_1
localize,#subtitle_zm_zkmt_cyng/zm_zkmt_cyng_kimt_wcir_2
localize,#subtitle_zm_zkmt_cyng/zm_zkmt_cyng_kimt_wcir_3
localize,#subtitle_zm_zkmt_cyng/zm_zkmt_cyng_kimt_wcir_4
localize,#subtitle_zm_zlew_chwd/lewis_howard
localize,#subtitle_zm_zlew_chwd/zm_cmcp_clew_lewi_arpl_1
localize,#subtitle_zm_zlew_chwd/zm_cmcp_clew_lewi_arpl_10
localize,#subtitle_zm_zlew_chwd/zm_cmcp_clew_lewi_arpl_2
localize,#subtitle_zm_zlew_chwd/zm_cmcp_clew_lewi_arpl_3
localize,#subtitle_zm_zlew_chwd/zm_cmcp_clew_lewi_arpl_4
localize,#subtitle_zm_zlew_chwd/zm_cmcp_clew_lewi_arpl_5
localize,#subtitle_zm_zlew_chwd/zm_cmcp_clew_lewi_arpl_6
localize,#subtitle_zm_zlew_chwd/zm_cmcp_clew_lewi_arpl_7
localize,#subtitle_zm_zlew_chwd/zm_cmcp_clew_lewi_arpl_8
localize,#subtitle_zm_zlew_chwd/zm_cmcp_clew_lewi_arpl_9
localize,#subtitle_zm_zlew_chwd/zm_cmcp_clew_lewi_atkz_1
localize,#subtitle_zm_zlew_chwd/zm_cmcp_clew_lewi_atkz_10
localize,#subtitle_zm_zlew_chwd/zm_cmcp_clew_lewi_atkz_2
localize,#subtitle_zm_zlew_chwd/zm_cmcp_clew_lewi_atkz_3
localize,#subtitle_zm_zlew_chwd/zm_cmcp_clew_lewi_atkz_4
localize,#subtitle_zm_zlew_chwd/zm_cmcp_clew_lewi_atkz_5
localize,#subtitle_zm_zlew_chwd/zm_cmcp_clew_lewi_atkz_6
localize,#subtitle_zm_zlew_chwd/zm_cmcp_clew_lewi_atkz_7
localize,#subtitle_zm_zlew_chwd/zm_cmcp_clew_lewi_atkz_8
localize,#subtitle_zm_zlew_chwd/zm_cmcp_clew_lewi_atkz_9
localize,#subtitle_zm_zlew_chwd/zm_cmcp_clew_lewi_kmnk_1
localize,#subtitle_zm_zlew_chwd/zm_cmcp_clew_lewi_kmnk_2
localize,#subtitle_zm_zlew_chwd/zm_cmcp_clew_lewi_kmnk_3
localize,#subtitle_zm_zlew_chwd/zm_cmcp_clew_lewi_kmnk_4
localize,#subtitle_zm_zlew_chwd/zm_cmcp_clew_lewi_kmnk_5
localize,#subtitle_zm_zlew_chwd/zm_cmcp_clew_lewi_kmnk_6
localize,#subtitle_zm_zlew_chwd/zm_cmcp_clew_lewi_kzcl_1
localize,#subtitle_zm_zlew_chwd/zm_cmcp_clew_lewi_kzcl_10
localize,#subtitle_zm_zlew_chwd/zm_cmcp_clew_lewi_kzcl_2
localize,#subtitle_zm_zlew_chwd/zm_cmcp_clew_lewi_kzcl_3
localize,#subtitle_zm_zlew_chwd/zm_cmcp_clew_lewi_kzcl_4
localize,#subtitle_zm_zlew_chwd/zm_cmcp_clew_lewi_kzcl_5
localize,#subtitle_zm_zlew_chwd/zm_cmcp_clew_lewi_kzcl_6
localize,#subtitle_zm_zlew_chwd/zm_cmcp_clew_lewi_kzcl_7
localize,#subtitle_zm_zlew_chwd/zm_cmcp_clew_lewi_kzcl_8
localize,#subtitle_zm_zlew_chwd/zm_cmcp_clew_lewi_kzcl_9
localize,#subtitle_zm_zlew_chwd/zm_cmcp_clew_lewi_kzhs_1
localize,#subtitle_zm_zlew_chwd/zm_cmcp_clew_lewi_kzhs_10
localize,#subtitle_zm_zlew_chwd/zm_cmcp_clew_lewi_kzhs_2
localize,#subtitle_zm_zlew_chwd/zm_cmcp_clew_lewi_kzhs_3
localize,#subtitle_zm_zlew_chwd/zm_cmcp_clew_lewi_kzhs_4
localize,#subtitle_zm_zlew_chwd/zm_cmcp_clew_lewi_kzhs_5
localize,#subtitle_zm_zlew_chwd/zm_cmcp_clew_lewi_kzhs_6
localize,#subtitle_zm_zlew_chwd/zm_cmcp_clew_lewi_kzhs_7
localize,#subtitle_zm_zlew_chwd/zm_cmcp_clew_lewi_kzhs_8
localize,#subtitle_zm_zlew_chwd/zm_cmcp_clew_lewi_kzhs_9
localize,#subtitle_zm_zlew_chwd/zm_cmcp_clew_lewi_kzjg_1
localize,#subtitle_zm_zlew_chwd/zm_cmcp_clew_lewi_kzjg_10
localize,#subtitle_zm_zlew_chwd/zm_cmcp_clew_lewi_kzjg_2
localize,#subtitle_zm_zlew_chwd/zm_cmcp_clew_lewi_kzjg_3
localize,#subtitle_zm_zlew_chwd/zm_cmcp_clew_lewi_kzjg_4
localize,#subtitle_zm_zlew_chwd/zm_cmcp_clew_lewi_kzjg_5
localize,#subtitle_zm_zlew_chwd/zm_cmcp_clew_lewi_kzjg_6
localize,#subtitle_zm_zlew_chwd/zm_cmcp_clew_lewi_kzjg_7
localize,#subtitle_zm_zlew_chwd/zm_cmcp_clew_lewi_kzjg_8
localize,#subtitle_zm_zlew_chwd/zm_cmcp_clew_lewi_kzjg_9
localize,#subtitle_zm_zlew_chwd/zm_cmcp_clew_lewi_kzks_1
localize,#subtitle_zm_zlew_chwd/zm_cmcp_clew_lewi_kzks_10
localize,#subtitle_zm_zlew_chwd/zm_cmcp_clew_lewi_kzks_2
localize,#subtitle_zm_zlew_chwd/zm_cmcp_clew_lewi_kzks_3
localize,#subtitle_zm_zlew_chwd/zm_cmcp_clew_lewi_kzks_4
localize,#subtitle_zm_zlew_chwd/zm_cmcp_clew_lewi_kzks_5
localize,#subtitle_zm_zlew_chwd/zm_cmcp_clew_lewi_kzks_6
localize,#subtitle_zm_zlew_chwd/zm_cmcp_clew_lewi_kzks_7
localize,#subtitle_zm_zlew_chwd/zm_cmcp_clew_lewi_kzks_8
localize,#subtitle_zm_zlew_chwd/zm_cmcp_clew_lewi_kzks_9
localize,#subtitle_zm_zlew_chwd/zm_cmcp_clew_lewi_kzrv_1
localize,#subtitle_zm_zlew_chwd/zm_cmcp_clew_lewi_kzrv_10
localize,#subtitle_zm_zlew_chwd/zm_cmcp_clew_lewi_kzrv_2
localize,#subtitle_zm_zlew_chwd/zm_cmcp_clew_lewi_kzrv_3
localize,#subtitle_zm_zlew_chwd/zm_cmcp_clew_lewi_kzrv_4
localize,#subtitle_zm_zlew_chwd/zm_cmcp_clew_lewi_kzrv_5
localize,#subtitle_zm_zlew_chwd/zm_cmcp_clew_lewi_kzrv_6
localize,#subtitle_zm_zlew_chwd/zm_cmcp_clew_lewi_kzrv_7
localize,#subtitle_zm_zlew_chwd/zm_cmcp_clew_lewi_kzrv_8
localize,#subtitle_zm_zlew_chwd/zm_cmcp_clew_lewi_kzrv_9
localize,#subtitle_zm_zlew_chwd/zm_cmcp_clew_lewi_kzsu_1
localize,#subtitle_zm_zlew_chwd/zm_cmcp_clew_lewi_kzsu_10
localize,#subtitle_zm_zlew_chwd/zm_cmcp_clew_lewi_kzsu_2
localize,#subtitle_zm_zlew_chwd/zm_cmcp_clew_lewi_kzsu_3
localize,#subtitle_zm_zlew_chwd/zm_cmcp_clew_lewi_kzsu_4
localize,#subtitle_zm_zlew_chwd/zm_cmcp_clew_lewi_kzsu_5
localize,#subtitle_zm_zlew_chwd/zm_cmcp_clew_lewi_kzsu_6
localize,#subtitle_zm_zlew_chwd/zm_cmcp_clew_lewi_kzsu_7
localize,#subtitle_zm_zlew_chwd/zm_cmcp_clew_lewi_kzsu_8
localize,#subtitle_zm_zlew_chwd/zm_cmcp_clew_lewi_kzsu_9
localize,#subtitle_zm_zlew_chwd/zm_cmcp_clew_lewi_pitm_1
localize,#subtitle_zm_zlew_chwd/zm_cmcp_clew_lewi_pitm_10
localize,#subtitle_zm_zlew_chwd/zm_cmcp_clew_lewi_pitm_2
localize,#subtitle_zm_zlew_chwd/zm_cmcp_clew_lewi_pitm_3
localize,#subtitle_zm_zlew_chwd/zm_cmcp_clew_lewi_pitm_4
localize,#subtitle_zm_zlew_chwd/zm_cmcp_clew_lewi_pitm_5
localize,#subtitle_zm_zlew_chwd/zm_cmcp_clew_lewi_pitm_6
localize,#subtitle_zm_zlew_chwd/zm_cmcp_clew_lewi_pitm_7
localize,#subtitle_zm_zlew_chwd/zm_cmcp_clew_lewi_pitm_8
localize,#subtitle_zm_zlew_chwd/zm_cmcp_clew_lewi_pitm_9
localize,#subtitle_zm_zlew_chwd/zm_cmcp_clew_lewi_plmg_1
localize,#subtitle_zm_zlew_chwd/zm_cmcp_clew_lewi_plmg_2
localize,#subtitle_zm_zlew_chwd/zm_cmcp_clew_lewi_plmg_3
localize,#subtitle_zm_zlew_chwd/zm_cmcp_clew_lewi_plmg_4
localize,#subtitle_zm_zlew_chwd/zm_cmcp_clew_lewi_plmg_5
localize,#subtitle_zm_zlew_chwd/zm_cmcp_clew_lewi_pmel_1
localize,#subtitle_zm_zlew_chwd/zm_cmcp_clew_lewi_pmel_2
localize,#subtitle_zm_zlew_chwd/zm_cmcp_clew_lewi_pmel_3
localize,#subtitle_zm_zlew_chwd/zm_cmcp_clew_lewi_pmel_4
localize,#subtitle_zm_zlew_chwd/zm_cmcp_clew_lewi_pmel_5
localize,#subtitle_zm_zlew_chwd/zm_cmcp_clew_lewi_pmrk_1
localize,#subtitle_zm_zlew_chwd/zm_cmcp_clew_lewi_pmrk_2
localize,#subtitle_zm_zlew_chwd/zm_cmcp_clew_lewi_pmrk_3
localize,#subtitle_zm_zlew_chwd/zm_cmcp_clew_lewi_pmrk_4
localize,#subtitle_zm_zlew_chwd/zm_cmcp_clew_lewi_pmrk_5
localize,#subtitle_zm_zlew_chwd/zm_cmcp_clew_lewi_psht_1
localize,#subtitle_zm_zlew_chwd/zm_cmcp_clew_lewi_psht_2
localize,#subtitle_zm_zlew_chwd/zm_cmcp_clew_lewi_psht_3
localize,#subtitle_zm_zlew_chwd/zm_cmcp_clew_lewi_psht_4
localize,#subtitle_zm_zlew_chwd/zm_cmcp_clew_lewi_psht_5
localize,#subtitle_zm_zlew_chwd/zm_cmcp_clew_lewi_psmg_1
localize,#subtitle_zm_zlew_chwd/zm_cmcp_clew_lewi_psmg_2
localize,#subtitle_zm_zlew_chwd/zm_cmcp_clew_lewi_psmg_3
localize,#subtitle_zm_zlew_chwd/zm_cmcp_clew_lewi_psmg_4
localize,#subtitle_zm_zlew_chwd/zm_cmcp_clew_lewi_psmg_5
localize,#subtitle_zm_zlew_chwd/zm_cmcp_clew_lewi_psnp_1
localize,#subtitle_zm_zlew_chwd/zm_cmcp_clew_lewi_psnp_2
localize,#subtitle_zm_zlew_chwd/zm_cmcp_clew_lewi_psnp_3
localize,#subtitle_zm_zlew_chwd/zm_cmcp_clew_lewi_psnp_4
localize,#subtitle_zm_zlew_chwd/zm_cmcp_clew_lewi_psnp_5
localize,#subtitle_zm_zlew_chwd/zm_cmcp_clew_lewi_pwar_1
localize,#subtitle_zm_zlew_chwd/zm_cmcp_clew_lewi_pwar_2
localize,#subtitle_zm_zlew_chwd/zm_cmcp_clew_lewi_pwar_3
localize,#subtitle_zm_zlew_chwd/zm_cmcp_clew_lewi_pwar_4
localize,#subtitle_zm_zlew_chwd/zm_cmcp_clew_lewi_pwar_5
localize,#subtitle_zm_zlew_chwd/zm_cmcp_clew_lewi_pwpn_1
localize,#subtitle_zm_zlew_chwd/zm_cmcp_clew_lewi_pwpn_2
localize,#subtitle_zm_zlew_chwd/zm_cmcp_clew_lewi_pwpn_3
localize,#subtitle_zm_zlew_chwd/zm_cmcp_clew_lewi_pwpn_4
localize,#subtitle_zm_zlew_chwd/zm_cmcp_clew_lewi_pwpn_5
localize,#subtitle_zm_zlew_chwd/zm_cmcp_clew_lewi_raup_1
localize,#subtitle_zm_zlew_chwd/zm_cmcp_clew_lewi_raup_10
localize,#subtitle_zm_zlew_chwd/zm_cmcp_clew_lewi_raup_2
localize,#subtitle_zm_zlew_chwd/zm_cmcp_clew_lewi_raup_3
localize,#subtitle_zm_zlew_chwd/zm_cmcp_clew_lewi_raup_4
localize,#subtitle_zm_zlew_chwd/zm_cmcp_clew_lewi_raup_5
localize,#subtitle_zm_zlew_chwd/zm_cmcp_clew_lewi_raup_6
localize,#subtitle_zm_zlew_chwd/zm_cmcp_clew_lewi_raup_7
localize,#subtitle_zm_zlew_chwd/zm_cmcp_clew_lewi_raup_8
localize,#subtitle_zm_zlew_chwd/zm_cmcp_clew_lewi_raup_9
localize,#subtitle_zm_zlew_chwd/zm_cmcp_clew_lewi_rcvn_1
localize,#subtitle_zm_zlew_chwd/zm_cmcp_clew_lewi_rcvn_10
localize,#subtitle_zm_zlew_chwd/zm_cmcp_clew_lewi_rcvn_2
localize,#subtitle_zm_zlew_chwd/zm_cmcp_clew_lewi_rcvn_3
localize,#subtitle_zm_zlew_chwd/zm_cmcp_clew_lewi_rcvn_4
localize,#subtitle_zm_zlew_chwd/zm_cmcp_clew_lewi_rcvn_5
localize,#subtitle_zm_zlew_chwd/zm_cmcp_clew_lewi_rcvn_6
localize,#subtitle_zm_zlew_chwd/zm_cmcp_clew_lewi_rcvn_7
localize,#subtitle_zm_zlew_chwd/zm_cmcp_clew_lewi_rcvn_8
localize,#subtitle_zm_zlew_chwd/zm_cmcp_clew_lewi_rcvn_9
localize,#subtitle_zm_zlew_chwd/zm_cmcp_clew_lewi_rdwn_1
localize,#subtitle_zm_zlew_chwd/zm_cmcp_clew_lewi_rdwn_2
localize,#subtitle_zm_zlew_chwd/zm_cmcp_clew_lewi_rdwn_3
localize,#subtitle_zm_zlew_chwd/zm_cmcp_clew_lewi_rdwn_4
localize,#subtitle_zm_zlew_chwd/zm_cmcp_clew_lewi_rdwn_5
localize,#subtitle_zm_zlew_chwd/zm_cmcp_clew_lewi_rdwn_6
localize,#subtitle_zm_zlew_chwd/zm_cmcp_clew_lewi_rdwn_7
localize,#subtitle_zm_zlew_chwd/zm_cmcp_clew_lewi_rdwn_8
localize,#subtitle_zm_zlew_chwd/zm_cmcp_clew_lewi_rplr_1
localize,#subtitle_zm_zlew_chwd/zm_cmcp_clew_lewi_rplr_10
localize,#subtitle_zm_zlew_chwd/zm_cmcp_clew_lewi_rplr_2
localize,#subtitle_zm_zlew_chwd/zm_cmcp_clew_lewi_rplr_3
localize,#subtitle_zm_zlew_chwd/zm_cmcp_clew_lewi_rplr_4
localize,#subtitle_zm_zlew_chwd/zm_cmcp_clew_lewi_rplr_5
localize,#subtitle_zm_zlew_chwd/zm_cmcp_clew_lewi_rplr_6
localize,#subtitle_zm_zlew_chwd/zm_cmcp_clew_lewi_rplr_7
localize,#subtitle_zm_zlew_chwd/zm_cmcp_clew_lewi_rplr_8
localize,#subtitle_zm_zlew_chwd/zm_cmcp_clew_lewi_rplr_9
localize,#subtitle_zm_zlew_chwd/zm_cmcp_clew_lewi_rprk_1
localize,#subtitle_zm_zlew_chwd/zm_cmcp_clew_lewi_rprk_10
localize,#subtitle_zm_zlew_chwd/zm_cmcp_clew_lewi_rprk_2
localize,#subtitle_zm_zlew_chwd/zm_cmcp_clew_lewi_rprk_3
localize,#subtitle_zm_zlew_chwd/zm_cmcp_clew_lewi_rprk_4
localize,#subtitle_zm_zlew_chwd/zm_cmcp_clew_lewi_rprk_5
localize,#subtitle_zm_zlew_chwd/zm_cmcp_clew_lewi_rprk_6
localize,#subtitle_zm_zlew_chwd/zm_cmcp_clew_lewi_rprk_7
localize,#subtitle_zm_zlew_chwd/zm_cmcp_clew_lewi_rprk_8
localize,#subtitle_zm_zlew_chwd/zm_cmcp_clew_lewi_rprk_9
localize,#subtitle_zm_zlew_chwd/zm_cmcp_clew_lewi_rrev_1
localize,#subtitle_zm_zlew_chwd/zm_cmcp_clew_lewi_rrev_2
localize,#subtitle_zm_zlew_chwd/zm_cmcp_clew_lewi_rrev_3
localize,#subtitle_zm_zlew_chwd/zm_cmcp_clew_lewi_rrev_4
localize,#subtitle_zm_zlew_chwd/zm_cmcp_clew_lewi_rrev_5
localize,#subtitle_zm_zlew_chwd/zm_cmcp_clew_lewi_rrev_6
localize,#subtitle_zm_zlew_chwd/zm_cmcp_clew_lewi_rrev_7
localize,#subtitle_zm_zlew_chwd/zm_cmcp_clew_lewi_rrev_8
localize,#subtitle_zm_zlew_chwd/zm_cmcp_clew_lewi_rrvr_1
localize,#subtitle_zm_zlew_chwd/zm_cmcp_clew_lewi_rrvr_2
localize,#subtitle_zm_zlew_chwd/zm_cmcp_clew_lewi_rrvr_3
localize,#subtitle_zm_zlew_chwd/zm_cmcp_clew_lewi_rrvr_4
localize,#subtitle_zm_zlew_chwd/zm_cmcp_clew_lewi_rrvr_5
localize,#subtitle_zm_zlew_chwd/zm_cmcp_clew_lewi_rrvr_6
localize,#subtitle_zm_zlew_chwd/zm_cmcp_clew_lewi_rrvr_7
localize,#subtitle_zm_zlew_chwd/zm_cmcp_clew_lewi_rrvr_8
localize,#subtitle_zm_zlew_chwd/zm_cmcp_clew_lewi_wcir_1
localize,#subtitle_zm_zlew_chwd/zm_cmcp_clew_lewi_wcir_2
localize,#subtitle_zm_zlew_chwd/zm_cmcp_clew_lewi_wcir_3
localize,#subtitle_zm_zlew_chwd/zm_cmcp_clew_lewi_wcir_4
localize,#subtitle_zm_zlin_clin/snoop_dogg
localize,#subtitle_zm_zlin_clin/zm_zlin_clin_lion_arpl_1
localize,#subtitle_zm_zlin_clin/zm_zlin_clin_lion_arpl_10
localize,#subtitle_zm_zlin_clin/zm_zlin_clin_lion_arpl_2
localize,#subtitle_zm_zlin_clin/zm_zlin_clin_lion_arpl_3
localize,#subtitle_zm_zlin_clin/zm_zlin_clin_lion_arpl_4
localize,#subtitle_zm_zlin_clin/zm_zlin_clin_lion_arpl_5
localize,#subtitle_zm_zlin_clin/zm_zlin_clin_lion_arpl_6
localize,#subtitle_zm_zlin_clin/zm_zlin_clin_lion_arpl_7
localize,#subtitle_zm_zlin_clin/zm_zlin_clin_lion_arpl_8
localize,#subtitle_zm_zlin_clin/zm_zlin_clin_lion_arpl_9
localize,#subtitle_zm_zlin_clin/zm_zlin_clin_lion_atkz_1
localize,#subtitle_zm_zlin_clin/zm_zlin_clin_lion_atkz_10
localize,#subtitle_zm_zlin_clin/zm_zlin_clin_lion_atkz_2
localize,#subtitle_zm_zlin_clin/zm_zlin_clin_lion_atkz_3
localize,#subtitle_zm_zlin_clin/zm_zlin_clin_lion_atkz_4
localize,#subtitle_zm_zlin_clin/zm_zlin_clin_lion_atkz_5
localize,#subtitle_zm_zlin_clin/zm_zlin_clin_lion_atkz_6
localize,#subtitle_zm_zlin_clin/zm_zlin_clin_lion_atkz_7
localize,#subtitle_zm_zlin_clin/zm_zlin_clin_lion_atkz_8
localize,#subtitle_zm_zlin_clin/zm_zlin_clin_lion_atkz_9
localize,#subtitle_zm_zlin_clin/zm_zlin_clin_lion_kmnk_1
localize,#subtitle_zm_zlin_clin/zm_zlin_clin_lion_kmnk_2
localize,#subtitle_zm_zlin_clin/zm_zlin_clin_lion_kmnk_3
localize,#subtitle_zm_zlin_clin/zm_zlin_clin_lion_kmnk_4
localize,#subtitle_zm_zlin_clin/zm_zlin_clin_lion_kmnk_5
localize,#subtitle_zm_zlin_clin/zm_zlin_clin_lion_kmnk_6
localize,#subtitle_zm_zlin_clin/zm_zlin_clin_lion_kzcl_1
localize,#subtitle_zm_zlin_clin/zm_zlin_clin_lion_kzcl_10
localize,#subtitle_zm_zlin_clin/zm_zlin_clin_lion_kzcl_2
localize,#subtitle_zm_zlin_clin/zm_zlin_clin_lion_kzcl_3
localize,#subtitle_zm_zlin_clin/zm_zlin_clin_lion_kzcl_4
localize,#subtitle_zm_zlin_clin/zm_zlin_clin_lion_kzcl_5
localize,#subtitle_zm_zlin_clin/zm_zlin_clin_lion_kzcl_6
localize,#subtitle_zm_zlin_clin/zm_zlin_clin_lion_kzcl_7
localize,#subtitle_zm_zlin_clin/zm_zlin_clin_lion_kzcl_8
localize,#subtitle_zm_zlin_clin/zm_zlin_clin_lion_kzcl_9
localize,#subtitle_zm_zlin_clin/zm_zlin_clin_lion_kzhs_1
localize,#subtitle_zm_zlin_clin/zm_zlin_clin_lion_kzhs_10
localize,#subtitle_zm_zlin_clin/zm_zlin_clin_lion_kzhs_2
localize,#subtitle_zm_zlin_clin/zm_zlin_clin_lion_kzhs_3
localize,#subtitle_zm_zlin_clin/zm_zlin_clin_lion_kzhs_4
localize,#subtitle_zm_zlin_clin/zm_zlin_clin_lion_kzhs_5
localize,#subtitle_zm_zlin_clin/zm_zlin_clin_lion_kzhs_6
localize,#subtitle_zm_zlin_clin/zm_zlin_clin_lion_kzhs_7
localize,#subtitle_zm_zlin_clin/zm_zlin_clin_lion_kzhs_8
localize,#subtitle_zm_zlin_clin/zm_zlin_clin_lion_kzhs_9
localize,#subtitle_zm_zlin_clin/zm_zlin_clin_lion_kzjg_1
localize,#subtitle_zm_zlin_clin/zm_zlin_clin_lion_kzjg_10
localize,#subtitle_zm_zlin_clin/zm_zlin_clin_lion_kzjg_2
localize,#subtitle_zm_zlin_clin/zm_zlin_clin_lion_kzjg_3
localize,#subtitle_zm_zlin_clin/zm_zlin_clin_lion_kzjg_4
localize,#subtitle_zm_zlin_clin/zm_zlin_clin_lion_kzjg_5
localize,#subtitle_zm_zlin_clin/zm_zlin_clin_lion_kzjg_6
localize,#subtitle_zm_zlin_clin/zm_zlin_clin_lion_kzjg_7
localize,#subtitle_zm_zlin_clin/zm_zlin_clin_lion_kzjg_8
localize,#subtitle_zm_zlin_clin/zm_zlin_clin_lion_kzjg_9
localize,#subtitle_zm_zlin_clin/zm_zlin_clin_lion_kzks_1
localize,#subtitle_zm_zlin_clin/zm_zlin_clin_lion_kzks_10
localize,#subtitle_zm_zlin_clin/zm_zlin_clin_lion_kzks_2
localize,#subtitle_zm_zlin_clin/zm_zlin_clin_lion_kzks_3
localize,#subtitle_zm_zlin_clin/zm_zlin_clin_lion_kzks_4
localize,#subtitle_zm_zlin_clin/zm_zlin_clin_lion_kzks_5
localize,#subtitle_zm_zlin_clin/zm_zlin_clin_lion_kzks_6
localize,#subtitle_zm_zlin_clin/zm_zlin_clin_lion_kzks_7
localize,#subtitle_zm_zlin_clin/zm_zlin_clin_lion_kzks_8
localize,#subtitle_zm_zlin_clin/zm_zlin_clin_lion_kzks_9
localize,#subtitle_zm_zlin_clin/zm_zlin_clin_lion_kzrv_1
localize,#subtitle_zm_zlin_clin/zm_zlin_clin_lion_kzrv_10
localize,#subtitle_zm_zlin_clin/zm_zlin_clin_lion_kzrv_2
localize,#subtitle_zm_zlin_clin/zm_zlin_clin_lion_kzrv_3
localize,#subtitle_zm_zlin_clin/zm_zlin_clin_lion_kzrv_4
localize,#subtitle_zm_zlin_clin/zm_zlin_clin_lion_kzrv_5
localize,#subtitle_zm_zlin_clin/zm_zlin_clin_lion_kzrv_6
localize,#subtitle_zm_zlin_clin/zm_zlin_clin_lion_kzrv_7
localize,#subtitle_zm_zlin_clin/zm_zlin_clin_lion_kzrv_8
localize,#subtitle_zm_zlin_clin/zm_zlin_clin_lion_kzrv_9
localize,#subtitle_zm_zlin_clin/zm_zlin_clin_lion_kzsu_1
localize,#subtitle_zm_zlin_clin/zm_zlin_clin_lion_kzsu_10
localize,#subtitle_zm_zlin_clin/zm_zlin_clin_lion_kzsu_2
localize,#subtitle_zm_zlin_clin/zm_zlin_clin_lion_kzsu_3
localize,#subtitle_zm_zlin_clin/zm_zlin_clin_lion_kzsu_4
localize,#subtitle_zm_zlin_clin/zm_zlin_clin_lion_kzsu_5
localize,#subtitle_zm_zlin_clin/zm_zlin_clin_lion_kzsu_6
localize,#subtitle_zm_zlin_clin/zm_zlin_clin_lion_kzsu_7
localize,#subtitle_zm_zlin_clin/zm_zlin_clin_lion_kzsu_8
localize,#subtitle_zm_zlin_clin/zm_zlin_clin_lion_kzsu_9
localize,#subtitle_zm_zlin_clin/zm_zlin_clin_lion_pitm_1
localize,#subtitle_zm_zlin_clin/zm_zlin_clin_lion_pitm_10
localize,#subtitle_zm_zlin_clin/zm_zlin_clin_lion_pitm_2
localize,#subtitle_zm_zlin_clin/zm_zlin_clin_lion_pitm_3
localize,#subtitle_zm_zlin_clin/zm_zlin_clin_lion_pitm_4
localize,#subtitle_zm_zlin_clin/zm_zlin_clin_lion_pitm_5
localize,#subtitle_zm_zlin_clin/zm_zlin_clin_lion_pitm_6
localize,#subtitle_zm_zlin_clin/zm_zlin_clin_lion_pitm_7
localize,#subtitle_zm_zlin_clin/zm_zlin_clin_lion_pitm_8
localize,#subtitle_zm_zlin_clin/zm_zlin_clin_lion_pitm_9
localize,#subtitle_zm_zlin_clin/zm_zlin_clin_lion_plmg_1
localize,#subtitle_zm_zlin_clin/zm_zlin_clin_lion_plmg_2
localize,#subtitle_zm_zlin_clin/zm_zlin_clin_lion_plmg_3
localize,#subtitle_zm_zlin_clin/zm_zlin_clin_lion_plmg_4
localize,#subtitle_zm_zlin_clin/zm_zlin_clin_lion_plmg_5
localize,#subtitle_zm_zlin_clin/zm_zlin_clin_lion_pmel_1
localize,#subtitle_zm_zlin_clin/zm_zlin_clin_lion_pmel_2
localize,#subtitle_zm_zlin_clin/zm_zlin_clin_lion_pmel_3
localize,#subtitle_zm_zlin_clin/zm_zlin_clin_lion_pmel_4
localize,#subtitle_zm_zlin_clin/zm_zlin_clin_lion_pmel_5
localize,#subtitle_zm_zlin_clin/zm_zlin_clin_lion_pmrk_1
localize,#subtitle_zm_zlin_clin/zm_zlin_clin_lion_pmrk_2
localize,#subtitle_zm_zlin_clin/zm_zlin_clin_lion_pmrk_3
localize,#subtitle_zm_zlin_clin/zm_zlin_clin_lion_pmrk_4
localize,#subtitle_zm_zlin_clin/zm_zlin_clin_lion_pmrk_5
localize,#subtitle_zm_zlin_clin/zm_zlin_clin_lion_psht_1
localize,#subtitle_zm_zlin_clin/zm_zlin_clin_lion_psht_2
localize,#subtitle_zm_zlin_clin/zm_zlin_clin_lion_psht_3
localize,#subtitle_zm_zlin_clin/zm_zlin_clin_lion_psht_4
localize,#subtitle_zm_zlin_clin/zm_zlin_clin_lion_psht_5
localize,#subtitle_zm_zlin_clin/zm_zlin_clin_lion_psmg_1
localize,#subtitle_zm_zlin_clin/zm_zlin_clin_lion_psmg_2
localize,#subtitle_zm_zlin_clin/zm_zlin_clin_lion_psmg_3
localize,#subtitle_zm_zlin_clin/zm_zlin_clin_lion_psmg_4
localize,#subtitle_zm_zlin_clin/zm_zlin_clin_lion_psmg_5
localize,#subtitle_zm_zlin_clin/zm_zlin_clin_lion_psnp_1
localize,#subtitle_zm_zlin_clin/zm_zlin_clin_lion_psnp_2
localize,#subtitle_zm_zlin_clin/zm_zlin_clin_lion_psnp_3
localize,#subtitle_zm_zlin_clin/zm_zlin_clin_lion_psnp_4
localize,#subtitle_zm_zlin_clin/zm_zlin_clin_lion_psnp_5
localize,#subtitle_zm_zlin_clin/zm_zlin_clin_lion_pwar_1
localize,#subtitle_zm_zlin_clin/zm_zlin_clin_lion_pwar_2
localize,#subtitle_zm_zlin_clin/zm_zlin_clin_lion_pwar_3
localize,#subtitle_zm_zlin_clin/zm_zlin_clin_lion_pwar_4
localize,#subtitle_zm_zlin_clin/zm_zlin_clin_lion_pwar_5
localize,#subtitle_zm_zlin_clin/zm_zlin_clin_lion_pwpn_1
localize,#subtitle_zm_zlin_clin/zm_zlin_clin_lion_pwpn_2
localize,#subtitle_zm_zlin_clin/zm_zlin_clin_lion_pwpn_3
localize,#subtitle_zm_zlin_clin/zm_zlin_clin_lion_pwpn_4
localize,#subtitle_zm_zlin_clin/zm_zlin_clin_lion_pwpn_5
localize,#subtitle_zm_zlin_clin/zm_zlin_clin_lion_raup_1
localize,#subtitle_zm_zlin_clin/zm_zlin_clin_lion_raup_10
localize,#subtitle_zm_zlin_clin/zm_zlin_clin_lion_raup_2
localize,#subtitle_zm_zlin_clin/zm_zlin_clin_lion_raup_3
localize,#subtitle_zm_zlin_clin/zm_zlin_clin_lion_raup_4
localize,#subtitle_zm_zlin_clin/zm_zlin_clin_lion_raup_5
localize,#subtitle_zm_zlin_clin/zm_zlin_clin_lion_raup_6
localize,#subtitle_zm_zlin_clin/zm_zlin_clin_lion_raup_7
localize,#subtitle_zm_zlin_clin/zm_zlin_clin_lion_raup_8
localize,#subtitle_zm_zlin_clin/zm_zlin_clin_lion_raup_9
localize,#subtitle_zm_zlin_clin/zm_zlin_clin_lion_rcvn_1
localize,#subtitle_zm_zlin_clin/zm_zlin_clin_lion_rcvn_10
localize,#subtitle_zm_zlin_clin/zm_zlin_clin_lion_rcvn_2
localize,#subtitle_zm_zlin_clin/zm_zlin_clin_lion_rcvn_3
localize,#subtitle_zm_zlin_clin/zm_zlin_clin_lion_rcvn_4
localize,#subtitle_zm_zlin_clin/zm_zlin_clin_lion_rcvn_5
localize,#subtitle_zm_zlin_clin/zm_zlin_clin_lion_rcvn_6
localize,#subtitle_zm_zlin_clin/zm_zlin_clin_lion_rcvn_7
localize,#subtitle_zm_zlin_clin/zm_zlin_clin_lion_rcvn_8
localize,#subtitle_zm_zlin_clin/zm_zlin_clin_lion_rcvn_9
localize,#subtitle_zm_zlin_clin/zm_zlin_clin_lion_rdwn_1
localize,#subtitle_zm_zlin_clin/zm_zlin_clin_lion_rdwn_2
localize,#subtitle_zm_zlin_clin/zm_zlin_clin_lion_rdwn_3
localize,#subtitle_zm_zlin_clin/zm_zlin_clin_lion_rdwn_4
localize,#subtitle_zm_zlin_clin/zm_zlin_clin_lion_rdwn_5
localize,#subtitle_zm_zlin_clin/zm_zlin_clin_lion_rdwn_6
localize,#subtitle_zm_zlin_clin/zm_zlin_clin_lion_rdwn_7
localize,#subtitle_zm_zlin_clin/zm_zlin_clin_lion_rdwn_8
localize,#subtitle_zm_zlin_clin/zm_zlin_clin_lion_rplr_1
localize,#subtitle_zm_zlin_clin/zm_zlin_clin_lion_rplr_10
localize,#subtitle_zm_zlin_clin/zm_zlin_clin_lion_rplr_2
localize,#subtitle_zm_zlin_clin/zm_zlin_clin_lion_rplr_3
localize,#subtitle_zm_zlin_clin/zm_zlin_clin_lion_rplr_4
localize,#subtitle_zm_zlin_clin/zm_zlin_clin_lion_rplr_5
localize,#subtitle_zm_zlin_clin/zm_zlin_clin_lion_rplr_6
localize,#subtitle_zm_zlin_clin/zm_zlin_clin_lion_rplr_7
localize,#subtitle_zm_zlin_clin/zm_zlin_clin_lion_rplr_8
localize,#subtitle_zm_zlin_clin/zm_zlin_clin_lion_rplr_9
localize,#subtitle_zm_zlin_clin/zm_zlin_clin_lion_rprk_1
localize,#subtitle_zm_zlin_clin/zm_zlin_clin_lion_rprk_10
localize,#subtitle_zm_zlin_clin/zm_zlin_clin_lion_rprk_2
localize,#subtitle_zm_zlin_clin/zm_zlin_clin_lion_rprk_3
localize,#subtitle_zm_zlin_clin/zm_zlin_clin_lion_rprk_4
localize,#subtitle_zm_zlin_clin/zm_zlin_clin_lion_rprk_5
localize,#subtitle_zm_zlin_clin/zm_zlin_clin_lion_rprk_6
localize,#subtitle_zm_zlin_clin/zm_zlin_clin_lion_rprk_7
localize,#subtitle_zm_zlin_clin/zm_zlin_clin_lion_rprk_8
localize,#subtitle_zm_zlin_clin/zm_zlin_clin_lion_rprk_9
localize,#subtitle_zm_zlin_clin/zm_zlin_clin_lion_rrev_1
localize,#subtitle_zm_zlin_clin/zm_zlin_clin_lion_rrev_2
localize,#subtitle_zm_zlin_clin/zm_zlin_clin_lion_rrev_3
localize,#subtitle_zm_zlin_clin/zm_zlin_clin_lion_rrev_4
localize,#subtitle_zm_zlin_clin/zm_zlin_clin_lion_rrev_5
localize,#subtitle_zm_zlin_clin/zm_zlin_clin_lion_rrev_6
localize,#subtitle_zm_zlin_clin/zm_zlin_clin_lion_rrev_7
localize,#subtitle_zm_zlin_clin/zm_zlin_clin_lion_rrev_8
localize,#subtitle_zm_zlin_clin/zm_zlin_clin_lion_rrvr_1
localize,#subtitle_zm_zlin_clin/zm_zlin_clin_lion_rrvr_2
localize,#subtitle_zm_zlin_clin/zm_zlin_clin_lion_rrvr_3
localize,#subtitle_zm_zlin_clin/zm_zlin_clin_lion_rrvr_4
localize,#subtitle_zm_zlin_clin/zm_zlin_clin_lion_rrvr_5
localize,#subtitle_zm_zlin_clin/zm_zlin_clin_lion_rrvr_6
localize,#subtitle_zm_zlin_clin/zm_zlin_clin_lion_rrvr_7
localize,#subtitle_zm_zlin_clin/zm_zlin_clin_lion_rrvr_8
localize,#subtitle_zm_zlin_clin/zm_zlin_clin_lion_wcir_1
localize,#subtitle_zm_zlin_clin/zm_zlin_clin_lion_wcir_2
localize,#subtitle_zm_zlin_clin/zm_zlin_clin_lion_wcir_3
localize,#subtitle_zm_zlin_clin/zm_zlin_clin_lion_wcir_4
localize,#subtitle_zm_zmto_chrn/mateo_hernandez
localize,#subtitle_zm_zmto_chrn/zm_zmto_chrn_mate_arpl_1
localize,#subtitle_zm_zmto_chrn/zm_zmto_chrn_mate_arpl_10
localize,#subtitle_zm_zmto_chrn/zm_zmto_chrn_mate_arpl_2
localize,#subtitle_zm_zmto_chrn/zm_zmto_chrn_mate_arpl_3
localize,#subtitle_zm_zmto_chrn/zm_zmto_chrn_mate_arpl_4
localize,#subtitle_zm_zmto_chrn/zm_zmto_chrn_mate_arpl_5
localize,#subtitle_zm_zmto_chrn/zm_zmto_chrn_mate_arpl_6
localize,#subtitle_zm_zmto_chrn/zm_zmto_chrn_mate_arpl_7
localize,#subtitle_zm_zmto_chrn/zm_zmto_chrn_mate_arpl_8
localize,#subtitle_zm_zmto_chrn/zm_zmto_chrn_mate_arpl_9
localize,#subtitle_zm_zmto_chrn/zm_zmto_chrn_mate_atkz_1
localize,#subtitle_zm_zmto_chrn/zm_zmto_chrn_mate_atkz_10
localize,#subtitle_zm_zmto_chrn/zm_zmto_chrn_mate_atkz_2
localize,#subtitle_zm_zmto_chrn/zm_zmto_chrn_mate_atkz_3
localize,#subtitle_zm_zmto_chrn/zm_zmto_chrn_mate_atkz_4
localize,#subtitle_zm_zmto_chrn/zm_zmto_chrn_mate_atkz_5
localize,#subtitle_zm_zmto_chrn/zm_zmto_chrn_mate_atkz_6
localize,#subtitle_zm_zmto_chrn/zm_zmto_chrn_mate_atkz_7
localize,#subtitle_zm_zmto_chrn/zm_zmto_chrn_mate_atkz_8
localize,#subtitle_zm_zmto_chrn/zm_zmto_chrn_mate_atkz_9
localize,#subtitle_zm_zmto_chrn/zm_zmto_chrn_mate_kmnk_1
localize,#subtitle_zm_zmto_chrn/zm_zmto_chrn_mate_kmnk_2
localize,#subtitle_zm_zmto_chrn/zm_zmto_chrn_mate_kmnk_3
localize,#subtitle_zm_zmto_chrn/zm_zmto_chrn_mate_kmnk_4
localize,#subtitle_zm_zmto_chrn/zm_zmto_chrn_mate_kmnk_5
localize,#subtitle_zm_zmto_chrn/zm_zmto_chrn_mate_kmnk_6
localize,#subtitle_zm_zmto_chrn/zm_zmto_chrn_mate_kzcl_1
localize,#subtitle_zm_zmto_chrn/zm_zmto_chrn_mate_kzcl_2
localize,#subtitle_zm_zmto_chrn/zm_zmto_chrn_mate_kzcl_3
localize,#subtitle_zm_zmto_chrn/zm_zmto_chrn_mate_kzcl_4
localize,#subtitle_zm_zmto_chrn/zm_zmto_chrn_mate_kzcl_5
localize,#subtitle_zm_zmto_chrn/zm_zmto_chrn_mate_kzcl_6
localize,#subtitle_zm_zmto_chrn/zm_zmto_chrn_mate_kzcl_7
localize,#subtitle_zm_zmto_chrn/zm_zmto_chrn_mate_kzcl_8
localize,#subtitle_zm_zmto_chrn/zm_zmto_chrn_mate_kzcl_9
localize,#subtitle_zm_zmto_chrn/zm_zmto_chrn_mate_kzhs_1
localize,#subtitle_zm_zmto_chrn/zm_zmto_chrn_mate_kzhs_10
localize,#subtitle_zm_zmto_chrn/zm_zmto_chrn_mate_kzhs_2
localize,#subtitle_zm_zmto_chrn/zm_zmto_chrn_mate_kzhs_3
localize,#subtitle_zm_zmto_chrn/zm_zmto_chrn_mate_kzhs_4
localize,#subtitle_zm_zmto_chrn/zm_zmto_chrn_mate_kzhs_5
localize,#subtitle_zm_zmto_chrn/zm_zmto_chrn_mate_kzhs_6
localize,#subtitle_zm_zmto_chrn/zm_zmto_chrn_mate_kzhs_7
localize,#subtitle_zm_zmto_chrn/zm_zmto_chrn_mate_kzhs_8
localize,#subtitle_zm_zmto_chrn/zm_zmto_chrn_mate_kzhs_9
localize,#subtitle_zm_zmto_chrn/zm_zmto_chrn_mate_kzjg_1
localize,#subtitle_zm_zmto_chrn/zm_zmto_chrn_mate_kzjg_10
localize,#subtitle_zm_zmto_chrn/zm_zmto_chrn_mate_kzjg_2
localize,#subtitle_zm_zmto_chrn/zm_zmto_chrn_mate_kzjg_3
localize,#subtitle_zm_zmto_chrn/zm_zmto_chrn_mate_kzjg_4
localize,#subtitle_zm_zmto_chrn/zm_zmto_chrn_mate_kzjg_5
localize,#subtitle_zm_zmto_chrn/zm_zmto_chrn_mate_kzjg_6
localize,#subtitle_zm_zmto_chrn/zm_zmto_chrn_mate_kzjg_7
localize,#subtitle_zm_zmto_chrn/zm_zmto_chrn_mate_kzjg_8
localize,#subtitle_zm_zmto_chrn/zm_zmto_chrn_mate_kzjg_9
localize,#subtitle_zm_zmto_chrn/zm_zmto_chrn_mate_kzks_1
localize,#subtitle_zm_zmto_chrn/zm_zmto_chrn_mate_kzks_10
localize,#subtitle_zm_zmto_chrn/zm_zmto_chrn_mate_kzks_2
localize,#subtitle_zm_zmto_chrn/zm_zmto_chrn_mate_kzks_3
localize,#subtitle_zm_zmto_chrn/zm_zmto_chrn_mate_kzks_4
localize,#subtitle_zm_zmto_chrn/zm_zmto_chrn_mate_kzks_5
localize,#subtitle_zm_zmto_chrn/zm_zmto_chrn_mate_kzks_6
localize,#subtitle_zm_zmto_chrn/zm_zmto_chrn_mate_kzks_7
localize,#subtitle_zm_zmto_chrn/zm_zmto_chrn_mate_kzks_8
localize,#subtitle_zm_zmto_chrn/zm_zmto_chrn_mate_kzks_9
localize,#subtitle_zm_zmto_chrn/zm_zmto_chrn_mate_kzrv_1
localize,#subtitle_zm_zmto_chrn/zm_zmto_chrn_mate_kzrv_10
localize,#subtitle_zm_zmto_chrn/zm_zmto_chrn_mate_kzrv_2
localize,#subtitle_zm_zmto_chrn/zm_zmto_chrn_mate_kzrv_3
localize,#subtitle_zm_zmto_chrn/zm_zmto_chrn_mate_kzrv_4
localize,#subtitle_zm_zmto_chrn/zm_zmto_chrn_mate_kzrv_5
localize,#subtitle_zm_zmto_chrn/zm_zmto_chrn_mate_kzrv_6
localize,#subtitle_zm_zmto_chrn/zm_zmto_chrn_mate_kzrv_7
localize,#subtitle_zm_zmto_chrn/zm_zmto_chrn_mate_kzrv_8
localize,#subtitle_zm_zmto_chrn/zm_zmto_chrn_mate_kzrv_9
localize,#subtitle_zm_zmto_chrn/zm_zmto_chrn_mate_kzsu_1
localize,#subtitle_zm_zmto_chrn/zm_zmto_chrn_mate_kzsu_10
localize,#subtitle_zm_zmto_chrn/zm_zmto_chrn_mate_kzsu_2
localize,#subtitle_zm_zmto_chrn/zm_zmto_chrn_mate_kzsu_3
localize,#subtitle_zm_zmto_chrn/zm_zmto_chrn_mate_kzsu_4
localize,#subtitle_zm_zmto_chrn/zm_zmto_chrn_mate_kzsu_5
localize,#subtitle_zm_zmto_chrn/zm_zmto_chrn_mate_kzsu_6
localize,#subtitle_zm_zmto_chrn/zm_zmto_chrn_mate_kzsu_7
localize,#subtitle_zm_zmto_chrn/zm_zmto_chrn_mate_kzsu_8
localize,#subtitle_zm_zmto_chrn/zm_zmto_chrn_mate_kzsu_9
localize,#subtitle_zm_zmto_chrn/zm_zmto_chrn_mate_pitm_1
localize,#subtitle_zm_zmto_chrn/zm_zmto_chrn_mate_pitm_10
localize,#subtitle_zm_zmto_chrn/zm_zmto_chrn_mate_pitm_2
localize,#subtitle_zm_zmto_chrn/zm_zmto_chrn_mate_pitm_3
localize,#subtitle_zm_zmto_chrn/zm_zmto_chrn_mate_pitm_4
localize,#subtitle_zm_zmto_chrn/zm_zmto_chrn_mate_pitm_5
localize,#subtitle_zm_zmto_chrn/zm_zmto_chrn_mate_pitm_6
localize,#subtitle_zm_zmto_chrn/zm_zmto_chrn_mate_pitm_7
localize,#subtitle_zm_zmto_chrn/zm_zmto_chrn_mate_pitm_8
localize,#subtitle_zm_zmto_chrn/zm_zmto_chrn_mate_pitm_9
localize,#subtitle_zm_zmto_chrn/zm_zmto_chrn_mate_plmg_1
localize,#subtitle_zm_zmto_chrn/zm_zmto_chrn_mate_plmg_2
localize,#subtitle_zm_zmto_chrn/zm_zmto_chrn_mate_plmg_3
localize,#subtitle_zm_zmto_chrn/zm_zmto_chrn_mate_plmg_4
localize,#subtitle_zm_zmto_chrn/zm_zmto_chrn_mate_plmg_5
localize,#subtitle_zm_zmto_chrn/zm_zmto_chrn_mate_pmel_1
localize,#subtitle_zm_zmto_chrn/zm_zmto_chrn_mate_pmel_2
localize,#subtitle_zm_zmto_chrn/zm_zmto_chrn_mate_pmel_3
localize,#subtitle_zm_zmto_chrn/zm_zmto_chrn_mate_pmel_4
localize,#subtitle_zm_zmto_chrn/zm_zmto_chrn_mate_pmel_5
localize,#subtitle_zm_zmto_chrn/zm_zmto_chrn_mate_pmrk_1
localize,#subtitle_zm_zmto_chrn/zm_zmto_chrn_mate_pmrk_2
localize,#subtitle_zm_zmto_chrn/zm_zmto_chrn_mate_pmrk_3
localize,#subtitle_zm_zmto_chrn/zm_zmto_chrn_mate_pmrk_4
localize,#subtitle_zm_zmto_chrn/zm_zmto_chrn_mate_pmrk_5
localize,#subtitle_zm_zmto_chrn/zm_zmto_chrn_mate_psht_1
localize,#subtitle_zm_zmto_chrn/zm_zmto_chrn_mate_psht_2
localize,#subtitle_zm_zmto_chrn/zm_zmto_chrn_mate_psht_3
localize,#subtitle_zm_zmto_chrn/zm_zmto_chrn_mate_psht_4
localize,#subtitle_zm_zmto_chrn/zm_zmto_chrn_mate_psht_5
localize,#subtitle_zm_zmto_chrn/zm_zmto_chrn_mate_psmg_1
localize,#subtitle_zm_zmto_chrn/zm_zmto_chrn_mate_psmg_2
localize,#subtitle_zm_zmto_chrn/zm_zmto_chrn_mate_psmg_3
localize,#subtitle_zm_zmto_chrn/zm_zmto_chrn_mate_psmg_4
localize,#subtitle_zm_zmto_chrn/zm_zmto_chrn_mate_psmg_5
localize,#subtitle_zm_zmto_chrn/zm_zmto_chrn_mate_psnp_1
localize,#subtitle_zm_zmto_chrn/zm_zmto_chrn_mate_psnp_2
localize,#subtitle_zm_zmto_chrn/zm_zmto_chrn_mate_psnp_3
localize,#subtitle_zm_zmto_chrn/zm_zmto_chrn_mate_psnp_4
localize,#subtitle_zm_zmto_chrn/zm_zmto_chrn_mate_psnp_5
localize,#subtitle_zm_zmto_chrn/zm_zmto_chrn_mate_pwar_1
localize,#subtitle_zm_zmto_chrn/zm_zmto_chrn_mate_pwar_2
localize,#subtitle_zm_zmto_chrn/zm_zmto_chrn_mate_pwar_3
localize,#subtitle_zm_zmto_chrn/zm_zmto_chrn_mate_pwar_4
localize,#subtitle_zm_zmto_chrn/zm_zmto_chrn_mate_pwar_5
localize,#subtitle_zm_zmto_chrn/zm_zmto_chrn_mate_pwpn_1
localize,#subtitle_zm_zmto_chrn/zm_zmto_chrn_mate_pwpn_2
localize,#subtitle_zm_zmto_chrn/zm_zmto_chrn_mate_pwpn_3
localize,#subtitle_zm_zmto_chrn/zm_zmto_chrn_mate_pwpn_4
localize,#subtitle_zm_zmto_chrn/zm_zmto_chrn_mate_pwpn_5
localize,#subtitle_zm_zmto_chrn/zm_zmto_chrn_mate_raup_1
localize,#subtitle_zm_zmto_chrn/zm_zmto_chrn_mate_raup_10
localize,#subtitle_zm_zmto_chrn/zm_zmto_chrn_mate_raup_2
localize,#subtitle_zm_zmto_chrn/zm_zmto_chrn_mate_raup_3
localize,#subtitle_zm_zmto_chrn/zm_zmto_chrn_mate_raup_4
localize,#subtitle_zm_zmto_chrn/zm_zmto_chrn_mate_raup_5
localize,#subtitle_zm_zmto_chrn/zm_zmto_chrn_mate_raup_6
localize,#subtitle_zm_zmto_chrn/zm_zmto_chrn_mate_raup_7
localize,#subtitle_zm_zmto_chrn/zm_zmto_chrn_mate_raup_8
localize,#subtitle_zm_zmto_chrn/zm_zmto_chrn_mate_raup_9
localize,#subtitle_zm_zmto_chrn/zm_zmto_chrn_mate_rcvn_1
localize,#subtitle_zm_zmto_chrn/zm_zmto_chrn_mate_rcvn_10
localize,#subtitle_zm_zmto_chrn/zm_zmto_chrn_mate_rcvn_2
localize,#subtitle_zm_zmto_chrn/zm_zmto_chrn_mate_rcvn_3
localize,#subtitle_zm_zmto_chrn/zm_zmto_chrn_mate_rcvn_4
localize,#subtitle_zm_zmto_chrn/zm_zmto_chrn_mate_rcvn_5
localize,#subtitle_zm_zmto_chrn/zm_zmto_chrn_mate_rcvn_6
localize,#subtitle_zm_zmto_chrn/zm_zmto_chrn_mate_rcvn_7
localize,#subtitle_zm_zmto_chrn/zm_zmto_chrn_mate_rcvn_8
localize,#subtitle_zm_zmto_chrn/zm_zmto_chrn_mate_rcvn_9
localize,#subtitle_zm_zmto_chrn/zm_zmto_chrn_mate_rdwn_1
localize,#subtitle_zm_zmto_chrn/zm_zmto_chrn_mate_rdwn_2
localize,#subtitle_zm_zmto_chrn/zm_zmto_chrn_mate_rdwn_3
localize,#subtitle_zm_zmto_chrn/zm_zmto_chrn_mate_rdwn_4
localize,#subtitle_zm_zmto_chrn/zm_zmto_chrn_mate_rdwn_5
localize,#subtitle_zm_zmto_chrn/zm_zmto_chrn_mate_rdwn_6
localize,#subtitle_zm_zmto_chrn/zm_zmto_chrn_mate_rdwn_7
localize,#subtitle_zm_zmto_chrn/zm_zmto_chrn_mate_rdwn_8
localize,#subtitle_zm_zmto_chrn/zm_zmto_chrn_mate_rplr_1
localize,#subtitle_zm_zmto_chrn/zm_zmto_chrn_mate_rplr_10
localize,#subtitle_zm_zmto_chrn/zm_zmto_chrn_mate_rplr_2
localize,#subtitle_zm_zmto_chrn/zm_zmto_chrn_mate_rplr_3
localize,#subtitle_zm_zmto_chrn/zm_zmto_chrn_mate_rplr_4
localize,#subtitle_zm_zmto_chrn/zm_zmto_chrn_mate_rplr_5
localize,#subtitle_zm_zmto_chrn/zm_zmto_chrn_mate_rplr_6
localize,#subtitle_zm_zmto_chrn/zm_zmto_chrn_mate_rplr_7
localize,#subtitle_zm_zmto_chrn/zm_zmto_chrn_mate_rplr_8
localize,#subtitle_zm_zmto_chrn/zm_zmto_chrn_mate_rplr_9
localize,#subtitle_zm_zmto_chrn/zm_zmto_chrn_mate_rprk_1
localize,#subtitle_zm_zmto_chrn/zm_zmto_chrn_mate_rprk_10
localize,#subtitle_zm_zmto_chrn/zm_zmto_chrn_mate_rprk_2
localize,#subtitle_zm_zmto_chrn/zm_zmto_chrn_mate_rprk_3
localize,#subtitle_zm_zmto_chrn/zm_zmto_chrn_mate_rprk_4
localize,#subtitle_zm_zmto_chrn/zm_zmto_chrn_mate_rprk_5
localize,#subtitle_zm_zmto_chrn/zm_zmto_chrn_mate_rprk_6
localize,#subtitle_zm_zmto_chrn/zm_zmto_chrn_mate_rprk_7
localize,#subtitle_zm_zmto_chrn/zm_zmto_chrn_mate_rprk_8
localize,#subtitle_zm_zmto_chrn/zm_zmto_chrn_mate_rprk_9
localize,#subtitle_zm_zmto_chrn/zm_zmto_chrn_mate_rrev_1
localize,#subtitle_zm_zmto_chrn/zm_zmto_chrn_mate_rrev_2
localize,#subtitle_zm_zmto_chrn/zm_zmto_chrn_mate_rrev_3
localize,#subtitle_zm_zmto_chrn/zm_zmto_chrn_mate_rrev_4
localize,#subtitle_zm_zmto_chrn/zm_zmto_chrn_mate_rrev_5
localize,#subtitle_zm_zmto_chrn/zm_zmto_chrn_mate_rrev_6
localize,#subtitle_zm_zmto_chrn/zm_zmto_chrn_mate_rrev_7
localize,#subtitle_zm_zmto_chrn/zm_zmto_chrn_mate_rrev_8
localize,#subtitle_zm_zmto_chrn/zm_zmto_chrn_mate_rrvr_1
localize,#subtitle_zm_zmto_chrn/zm_zmto_chrn_mate_rrvr_2
localize,#subtitle_zm_zmto_chrn/zm_zmto_chrn_mate_rrvr_3
localize,#subtitle_zm_zmto_chrn/zm_zmto_chrn_mate_rrvr_4
localize,#subtitle_zm_zmto_chrn/zm_zmto_chrn_mate_rrvr_5
localize,#subtitle_zm_zmto_chrn/zm_zmto_chrn_mate_rrvr_6
localize,#subtitle_zm_zmto_chrn/zm_zmto_chrn_mate_rrvr_7
localize,#subtitle_zm_zmto_chrn/zm_zmto_chrn_mate_rrvr_8
localize,#subtitle_zm_zmto_chrn/zm_zmto_chrn_mate_sdma_1
localize,#subtitle_zm_zmto_chrn/zm_zmto_chrn_mate_sdma_2
localize,#subtitle_zm_zmto_chrn/zm_zmto_chrn_mate_sdma_3
localize,#subtitle_zm_zmto_chrn/zm_zmto_chrn_mate_sdma_4
localize,#subtitle_zm_zmto_chrn/zm_zmto_chrn_mate_sdmd_1
localize,#subtitle_zm_zmto_chrn/zm_zmto_chrn_mate_sdmd_2
localize,#subtitle_zm_zmto_chrn/zm_zmto_chrn_mate_sdmd_3
localize,#subtitle_zm_zmto_chrn/zm_zmto_chrn_mate_sdmd_4
localize,#subtitle_zm_zmto_chrn/zm_zmto_chrn_mate_sdml_1
localize,#subtitle_zm_zmto_chrn/zm_zmto_chrn_mate_sdml_2
localize,#subtitle_zm_zmto_chrn/zm_zmto_chrn_mate_sdml_3
localize,#subtitle_zm_zmto_chrn/zm_zmto_chrn_mate_sdml_4
localize,#subtitle_zm_zmto_chrn/zm_zmto_chrn_mate_swma_1
localize,#subtitle_zm_zmto_chrn/zm_zmto_chrn_mate_swma_2
localize,#subtitle_zm_zmto_chrn/zm_zmto_chrn_mate_swma_3
localize,#subtitle_zm_zmto_chrn/zm_zmto_chrn_mate_swma_4
localize,#subtitle_zm_zmto_chrn/zm_zmto_chrn_mate_swmd_1
localize,#subtitle_zm_zmto_chrn/zm_zmto_chrn_mate_swmd_2
localize,#subtitle_zm_zmto_chrn/zm_zmto_chrn_mate_swmd_3
localize,#subtitle_zm_zmto_chrn/zm_zmto_chrn_mate_swmd_4
localize,#subtitle_zm_zmto_chrn/zm_zmto_chrn_mate_swml_1
localize,#subtitle_zm_zmto_chrn/zm_zmto_chrn_mate_swml_2
localize,#subtitle_zm_zmto_chrn/zm_zmto_chrn_mate_swml_3
localize,#subtitle_zm_zmto_chrn/zm_zmto_chrn_mate_swml_4
localize,#subtitle_zm_zmto_chrn/zm_zmto_chrn_mate_wcir_1
localize,#subtitle_zm_zmto_chrn/zm_zmto_chrn_mate_wcir_2
localize,#subtitle_zm_zmto_chrn/zm_zmto_chrn_mate_wcir_3
localize,#subtitle_zm_zmto_chrn/zm_zmto_chrn_mate_wcir_4
localize,#subtitle_zm_zofb_ofbz/bellekar
localize,#subtitle_zm_zofb_ofbz/inviktor
localize,#subtitle_zm_zofb_ofbz/kortifex
localize,#subtitle_zm_zofb_ofbz/krafft
localize,#subtitle_zm_zofb_ofbz/norticus
localize,#subtitle_zm_zofb_ofbz/saraxis
localize,#subtitle_zm_zofb_ofbz/von_list
localize,#subtitle_zm_zofb_ofbz/zm_zofb_ofbz_blkr_fse2_1
localize,#subtitle_zm_zofb_ofbz/zm_zofb_ofbz_blkr_fse2_2
localize,#subtitle_zm_zofb_ofbz/zm_zofb_ofbz_blkr_fse2_3
localize,#subtitle_zm_zofb_ofbz/zm_zofb_ofbz_blkr_fse2_4
localize,#subtitle_zm_zofb_ofbz/zm_zofb_ofbz_blkr_fse2_5
localize,#subtitle_zm_zofb_ofbz/zm_zofb_ofbz_blkr_fse2_6
localize,#subtitle_zm_zofb_ofbz/zm_zofb_ofbz_blkr_fse2_7
localize,#subtitle_zm_zofb_ofbz/zm_zofb_ofbz_blkr_fse2_8
localize,#subtitle_zm_zofb_ofbz/zm_zofb_ofbz_blkr_ftgr_1
localize,#subtitle_zm_zofb_ofbz/zm_zofb_ofbz_blkr_ftgr_2
localize,#subtitle_zm_zofb_ofbz/zm_zofb_ofbz_blkr_ftgr_3
localize,#subtitle_zm_zofb_ofbz/zm_zofb_ofbz_blkr_ftgr_4
localize,#subtitle_zm_zofb_ofbz/zm_zofb_ofbz_blkr_ftgr_5
localize,#subtitle_zm_zofb_ofbz/zm_zofb_ofbz_blkr_ftgr_6
localize,#subtitle_zm_zofb_ofbz/zm_zofb_ofbz_blkr_ftgr_7
localize,#subtitle_zm_zofb_ofbz/zm_zofb_ofbz_blkr_ftgr_8
localize,#subtitle_zm_zofb_ofbz/zm_zofb_ofbz_blkr_ftpf_1
localize,#subtitle_zm_zofb_ofbz/zm_zofb_ofbz_blkr_ftpf_2
localize,#subtitle_zm_zofb_ofbz/zm_zofb_ofbz_blkr_ftpf_3
localize,#subtitle_zm_zofb_ofbz/zm_zofb_ofbz_blkr_ftpf_4
localize,#subtitle_zm_zofb_ofbz/zm_zofb_ofbz_dnrt_ftpf_1
localize,#subtitle_zm_zofb_ofbz/zm_zofb_ofbz_dnrt_ftpf_2
localize,#subtitle_zm_zofb_ofbz/zm_zofb_ofbz_dnrt_ftpf_3
localize,#subtitle_zm_zofb_ofbz/zm_zofb_ofbz_dnrt_ftpf_4
localize,#subtitle_zm_zofb_ofbz/zm_zofb_ofbz_dnvk_ftpf_1
localize,#subtitle_zm_zofb_ofbz/zm_zofb_ofbz_dnvk_ftpf_2
localize,#subtitle_zm_zofb_ofbz/zm_zofb_ofbz_dnvk_ftpf_3
localize,#subtitle_zm_zofb_ofbz/zm_zofb_ofbz_dnvk_ftpf_4
localize,#subtitle_zm_zofb_ofbz/zm_zofb_ofbz_dsrx_ftpf_1
localize,#subtitle_zm_zofb_ofbz/zm_zofb_ofbz_dsrx_ftpf_2
localize,#subtitle_zm_zofb_ofbz/zm_zofb_ofbz_dsrx_ftpf_3
localize,#subtitle_zm_zofb_ofbz/zm_zofb_ofbz_dsrx_ftpf_4
localize,#subtitle_zm_zofb_ofbz/zm_zofb_ofbz_krft_faep_1
localize,#subtitle_zm_zofb_ofbz/zm_zofb_ofbz_krft_faep_2
localize,#subtitle_zm_zofb_ofbz/zm_zofb_ofbz_krft_faep_3
localize,#subtitle_zm_zofb_ofbz/zm_zofb_ofbz_krft_faep_4
localize,#subtitle_zm_zofb_ofbz/zm_zofb_ofbz_krft_faep_5
localize,#subtitle_zm_zofb_ofbz/zm_zofb_ofbz_krft_faep_6
localize,#subtitle_zm_zofb_ofbz/zm_zofb_ofbz_krft_faep_7
localize,#subtitle_zm_zofb_ofbz/zm_zofb_ofbz_krft_faep_8
localize,#subtitle_zm_zofb_ofbz/zm_zofb_ofbz_krft_fesc_1
localize,#subtitle_zm_zofb_ofbz/zm_zofb_ofbz_krft_fesc_2
localize,#subtitle_zm_zofb_ofbz/zm_zofb_ofbz_krft_fesc_3
localize,#subtitle_zm_zofb_ofbz/zm_zofb_ofbz_krft_fesc_4
localize,#subtitle_zm_zofb_ofbz/zm_zofb_ofbz_krft_fesc_5
localize,#subtitle_zm_zofb_ofbz/zm_zofb_ofbz_krft_fesc_6
localize,#subtitle_zm_zofb_ofbz/zm_zofb_ofbz_krft_fesc_7
localize,#subtitle_zm_zofb_ofbz/zm_zofb_ofbz_krft_fesc_8
localize,#subtitle_zm_zofb_ofbz/zm_zofb_ofbz_krft_fsns_1
localize,#subtitle_zm_zofb_ofbz/zm_zofb_ofbz_krft_fsns_2
localize,#subtitle_zm_zofb_ofbz/zm_zofb_ofbz_krft_fsns_3
localize,#subtitle_zm_zofb_ofbz/zm_zofb_ofbz_krft_fsns_4
localize,#subtitle_zm_zofb_ofbz/zm_zofb_ofbz_krft_fsns_5
localize,#subtitle_zm_zofb_ofbz/zm_zofb_ofbz_krft_fsns_6
localize,#subtitle_zm_zofb_ofbz/zm_zofb_ofbz_krft_fsns_7
localize,#subtitle_zm_zofb_ofbz/zm_zofb_ofbz_krft_fsns_8
localize,#subtitle_zm_zofb_ofbz/zm_zofb_ofbz_krft_ftrg_1
localize,#subtitle_zm_zofb_ofbz/zm_zofb_ofbz_krft_ftrg_2
localize,#subtitle_zm_zofb_ofbz/zm_zofb_ofbz_krft_ftrg_3
localize,#subtitle_zm_zofb_ofbz/zm_zofb_ofbz_krft_ftrg_4
localize,#subtitle_zm_zofb_ofbz/zm_zofb_ofbz_krft_ftrg_5
localize,#subtitle_zm_zofb_ofbz/zm_zofb_ofbz_krft_ftrg_6
localize,#subtitle_zm_zofb_ofbz/zm_zofb_ofbz_krft_ftrg_7
localize,#subtitle_zm_zofb_ofbz/zm_zofb_ofbz_krft_ftrg_8
localize,#subtitle_zm_zofb_ofbz/zm_zofb_ofbz_krtx_fbk1_1
localize,#subtitle_zm_zofb_ofbz/zm_zofb_ofbz_krtx_fbk2_1
localize,#subtitle_zm_zofb_ofbz/zm_zofb_ofbz_krtx_fbk3_1
localize,#subtitle_zm_zofb_ofbz/zm_zofb_ofbz_krtx_fbk4_1
localize,#subtitle_zm_zofb_ofbz/zm_zofb_ofbz_krtx_frta_1
localize,#subtitle_zm_zofb_ofbz/zm_zofb_ofbz_krtx_frtb_1
localize,#subtitle_zm_zofb_ofbz/zm_zofb_ofbz_krtx_frtc_1
localize,#subtitle_zm_zofb_ofbz/zm_zofb_ofbz_krtx_frtd_1
localize,#subtitle_zm_zofb_ofbz/zm_zofb_ofbz_krtx_frte_1
localize,#subtitle_zm_zofb_ofbz/zm_zofb_ofbz_krtx_frtf_1
localize,#subtitle_zm_zofb_ofbz/zm_zofb_ofbz_krtx_frtg_1
localize,#subtitle_zm_zofb_ofbz/zm_zofb_ofbz_krtx_frth_1
localize,#subtitle_zm_zofb_ofbz/zm_zofb_ofbz_vlst_frti_1
localize,#subtitle_zm_zofb_ofbz/zm_zofb_ofbz_vlst_frtj_1
localize,#subtitle_zm_zofb_ofbz/zm_zofb_ofbz_vlst_frtk_1
localize,#subtitle_zm_zofb_ofbz/zm_zofb_ofbz_vlst_frtl_1
localize,#subtitle_zm_zofb_ofbz/zm_zofb_ofbz_vlst_frtm_1
localize,#subtitle_zm_zofb_ofbz/zm_zofb_ofbz_vlst_frtn_1
localize,#subtitle_zm_zofb_ofbz/zm_zofb_ofbz_vlst_frto_1
localize,#subtitle_zm_zofb_ofbz/zm_zofb_ofbz_vlst_frtp_1
localize,#subtitle_zm_zofb_ofbz/zm_zofb_ofbz_vlst_fse1_1
localize,#subtitle_zm_zofb_ofbz/zm_zofb_ofbz_vlst_fse1_2
localize,#subtitle_zm_zofb_ofbz/zm_zofb_ofbz_vlst_fse1_3
localize,#subtitle_zm_zofb_ofbz/zm_zofb_ofbz_vlst_fse1_4
localize,#subtitle_zm_zofb_ofbz/zm_zofb_ofbz_vlst_fse1_5
localize,#subtitle_zm_zofb_ofbz/zm_zofb_ofbz_vlst_fse1_6
localize,#subtitle_zm_zofb_ofbz/zm_zofb_ofbz_vlst_fse1_7
localize,#subtitle_zm_zofb_ofbz/zm_zofb_ofbz_vlst_fse1_8
localize,#subtitle_zm_zofb_ofbz/zm_zofb_ofbz_vlst_fsnr_1
localize,#subtitle_zm_zofb_ofbz/zm_zofb_ofbz_vlst_fsnr_2
localize,#subtitle_zm_zofb_ofbz/zm_zofb_ofbz_vlst_fsnr_3
localize,#subtitle_zm_zofb_ofbz/zm_zofb_ofbz_vlst_fsnr_4
localize,#subtitle_zm_zofb_ofbz/zm_zofb_ofbz_vlst_fsnr_5
localize,#subtitle_zm_zofb_ofbz/zm_zofb_ofbz_vlst_fsnr_6
localize,#subtitle_zm_zofb_ofbz/zm_zofb_ofbz_vlst_fsnr_7
localize,#subtitle_zm_zofb_ofbz/zm_zofb_ofbz_vlst_fsnr_8
localize,#subtitle_zm_zohs_hbsk/bellekar
localize,#subtitle_zm_zohs_hbsk/inviktor
localize,#subtitle_zm_zohs_hbsk/kortifex
localize,#subtitle_zm_zohs_hbsk/krafft
localize,#subtitle_zm_zohs_hbsk/norticus
localize,#subtitle_zm_zohs_hbsk/saraxis
localize,#subtitle_zm_zohs_hbsk/vercanna
localize,#subtitle_zm_zohs_hbsk/von_list
localize,#subtitle_zm_zohs_hbsk/zm_zohs_hbsk_blkr_hsba_1
localize,#subtitle_zm_zohs_hbsk/zm_zohs_hbsk_blkr_hsba_2
localize,#subtitle_zm_zohs_hbsk/zm_zohs_hbsk_blkr_hsba_3
localize,#subtitle_zm_zohs_hbsk/zm_zohs_hbsk_blkr_hsba_4
localize,#subtitle_zm_zohs_hbsk/zm_zohs_hbsk_blkr_hsba_5
localize,#subtitle_zm_zohs_hbsk/zm_zohs_hbsk_blkr_hsba_6
localize,#subtitle_zm_zohs_hbsk/zm_zohs_hbsk_blkr_hsba_7
localize,#subtitle_zm_zohs_hbsk/zm_zohs_hbsk_blkr_hsba_8
localize,#subtitle_zm_zohs_hbsk/zm_zohs_hbsk_dnrt_hsba_1
localize,#subtitle_zm_zohs_hbsk/zm_zohs_hbsk_dnrt_hsba_2
localize,#subtitle_zm_zohs_hbsk/zm_zohs_hbsk_dnrt_hsba_3
localize,#subtitle_zm_zohs_hbsk/zm_zohs_hbsk_dnrt_hsba_4
localize,#subtitle_zm_zohs_hbsk/zm_zohs_hbsk_dnrt_hsba_5
localize,#subtitle_zm_zohs_hbsk/zm_zohs_hbsk_dnrt_hsba_6
localize,#subtitle_zm_zohs_hbsk/zm_zohs_hbsk_dnrt_hsba_7
localize,#subtitle_zm_zohs_hbsk/zm_zohs_hbsk_dnrt_hsba_8
localize,#subtitle_zm_zohs_hbsk/zm_zohs_hbsk_dnvk_hsba_1
localize,#subtitle_zm_zohs_hbsk/zm_zohs_hbsk_dnvk_hsba_2
localize,#subtitle_zm_zohs_hbsk/zm_zohs_hbsk_dnvk_hsba_3
localize,#subtitle_zm_zohs_hbsk/zm_zohs_hbsk_dnvk_hsba_4
localize,#subtitle_zm_zohs_hbsk/zm_zohs_hbsk_dnvk_hsba_5
localize,#subtitle_zm_zohs_hbsk/zm_zohs_hbsk_dnvk_hsba_6
localize,#subtitle_zm_zohs_hbsk/zm_zohs_hbsk_dnvk_hsba_7
localize,#subtitle_zm_zohs_hbsk/zm_zohs_hbsk_dnvk_hsba_8
localize,#subtitle_zm_zohs_hbsk/zm_zohs_hbsk_dsrx_hsba_1
localize,#subtitle_zm_zohs_hbsk/zm_zohs_hbsk_dsrx_hsba_2
localize,#subtitle_zm_zohs_hbsk/zm_zohs_hbsk_dsrx_hsba_3
localize,#subtitle_zm_zohs_hbsk/zm_zohs_hbsk_dsrx_hsba_4
localize,#subtitle_zm_zohs_hbsk/zm_zohs_hbsk_dsrx_hsba_5
localize,#subtitle_zm_zohs_hbsk/zm_zohs_hbsk_dsrx_hsba_6
localize,#subtitle_zm_zohs_hbsk/zm_zohs_hbsk_dsrx_hsba_7
localize,#subtitle_zm_zohs_hbsk/zm_zohs_hbsk_dsrx_hsba_8
localize,#subtitle_zm_zohs_hbsk/zm_zohs_hbsk_krft_hsaa_1
localize,#subtitle_zm_zohs_hbsk/zm_zohs_hbsk_krft_hsaa_2
localize,#subtitle_zm_zohs_hbsk/zm_zohs_hbsk_krft_hsaa_3
localize,#subtitle_zm_zohs_hbsk/zm_zohs_hbsk_krft_hsaa_4
localize,#subtitle_zm_zohs_hbsk/zm_zohs_hbsk_krft_hsaa_5
localize,#subtitle_zm_zohs_hbsk/zm_zohs_hbsk_krft_hsaa_6
localize,#subtitle_zm_zohs_hbsk/zm_zohs_hbsk_krft_hsaa_7
localize,#subtitle_zm_zohs_hbsk/zm_zohs_hbsk_krft_hsaa_8
localize,#subtitle_zm_zohs_hbsk/zm_zohs_hbsk_krft_hsca_1
localize,#subtitle_zm_zohs_hbsk/zm_zohs_hbsk_krft_hsca_2
localize,#subtitle_zm_zohs_hbsk/zm_zohs_hbsk_krft_hsca_3
localize,#subtitle_zm_zohs_hbsk/zm_zohs_hbsk_krft_hsca_4
localize,#subtitle_zm_zohs_hbsk/zm_zohs_hbsk_krft_hsca_5
localize,#subtitle_zm_zohs_hbsk/zm_zohs_hbsk_krft_hsca_6
localize,#subtitle_zm_zohs_hbsk/zm_zohs_hbsk_krft_hsca_7
localize,#subtitle_zm_zohs_hbsk/zm_zohs_hbsk_krft_hsca_8
localize,#subtitle_zm_zohs_hbsk/zm_zohs_hbsk_krft_hsda_1
localize,#subtitle_zm_zohs_hbsk/zm_zohs_hbsk_krft_hsda_2
localize,#subtitle_zm_zohs_hbsk/zm_zohs_hbsk_krft_hsda_3
localize,#subtitle_zm_zohs_hbsk/zm_zohs_hbsk_krft_hsda_4
localize,#subtitle_zm_zohs_hbsk/zm_zohs_hbsk_krft_hsda_5
localize,#subtitle_zm_zohs_hbsk/zm_zohs_hbsk_krft_hsda_6
localize,#subtitle_zm_zohs_hbsk/zm_zohs_hbsk_krft_hsda_7
localize,#subtitle_zm_zohs_hbsk/zm_zohs_hbsk_krft_hsda_8
localize,#subtitle_zm_zohs_hbsk/zm_zohs_hbsk_krft_hsea_1
localize,#subtitle_zm_zohs_hbsk/zm_zohs_hbsk_krft_hsea_2
localize,#subtitle_zm_zohs_hbsk/zm_zohs_hbsk_krft_hsea_3
localize,#subtitle_zm_zohs_hbsk/zm_zohs_hbsk_krft_hsea_4
localize,#subtitle_zm_zohs_hbsk/zm_zohs_hbsk_krft_hsfa_1
localize,#subtitle_zm_zohs_hbsk/zm_zohs_hbsk_krft_hsfa_2
localize,#subtitle_zm_zohs_hbsk/zm_zohs_hbsk_krft_hsfa_3
localize,#subtitle_zm_zohs_hbsk/zm_zohs_hbsk_krft_hsfa_4
localize,#subtitle_zm_zohs_hbsk/zm_zohs_hbsk_krft_hsga_1
localize,#subtitle_zm_zohs_hbsk/zm_zohs_hbsk_krft_hsga_2
localize,#subtitle_zm_zohs_hbsk/zm_zohs_hbsk_krft_hsga_3
localize,#subtitle_zm_zohs_hbsk/zm_zohs_hbsk_krft_hsga_4
localize,#subtitle_zm_zohs_hbsk/zm_zohs_hbsk_krft_hsga_5
localize,#subtitle_zm_zohs_hbsk/zm_zohs_hbsk_krft_hsga_6
localize,#subtitle_zm_zohs_hbsk/zm_zohs_hbsk_krft_hsga_7
localize,#subtitle_zm_zohs_hbsk/zm_zohs_hbsk_krft_hsga_8
localize,#subtitle_zm_zohs_hbsk/zm_zohs_hbsk_krft_hsha_1
localize,#subtitle_zm_zohs_hbsk/zm_zohs_hbsk_krft_hsha_2
localize,#subtitle_zm_zohs_hbsk/zm_zohs_hbsk_krft_hsha_3
localize,#subtitle_zm_zohs_hbsk/zm_zohs_hbsk_krft_hsha_4
localize,#subtitle_zm_zohs_hbsk/zm_zohs_hbsk_krft_hsha_5
localize,#subtitle_zm_zohs_hbsk/zm_zohs_hbsk_krft_hsha_6
localize,#subtitle_zm_zohs_hbsk/zm_zohs_hbsk_krft_hsha_7
localize,#subtitle_zm_zohs_hbsk/zm_zohs_hbsk_krft_hsha_8
localize,#subtitle_zm_zohs_hbsk/zm_zohs_hbsk_krft_hska_1
localize,#subtitle_zm_zohs_hbsk/zm_zohs_hbsk_krft_hska_2
localize,#subtitle_zm_zohs_hbsk/zm_zohs_hbsk_krft_hska_3
localize,#subtitle_zm_zohs_hbsk/zm_zohs_hbsk_krft_hska_4
localize,#subtitle_zm_zohs_hbsk/zm_zohs_hbsk_krtx_hsik
localize,#subtitle_zm_zohs_hbsk/zm_zohs_hbsk_krtx_hsil_1
localize,#subtitle_zm_zohs_hbsk/zm_zohs_hbsk_krtx_hsim_1
localize,#subtitle_zm_zohs_hbsk/zm_zohs_hbsk_krtx_hsin_1
localize,#subtitle_zm_zohs_hbsk/zm_zohs_hbsk_krtx_hsio_1
localize,#subtitle_zm_zohs_hbsk/zm_zohs_hbsk_krtx_hsip_1
localize,#subtitle_zm_zohs_hbsk/zm_zohs_hbsk_krtx_hsiq
localize,#subtitle_zm_zohs_hbsk/zm_zohs_hbsk_krtx_hsir_1
localize,#subtitle_zm_zohs_hbsk/zm_zohs_hbsk_krtx_hsis_1
localize,#subtitle_zm_zohs_hbsk/zm_zohs_hbsk_krtx_hsit_1
localize,#subtitle_zm_zohs_hbsk/zm_zohs_hbsk_vlst_hsia_1
localize,#subtitle_zm_zohs_hbsk/zm_zohs_hbsk_vlst_hsib_1
localize,#subtitle_zm_zohs_hbsk/zm_zohs_hbsk_vlst_hsic_1
localize,#subtitle_zm_zohs_hbsk/zm_zohs_hbsk_vlst_hsid_1
localize,#subtitle_zm_zohs_hbsk/zm_zohs_hbsk_vlst_hsie_1
localize,#subtitle_zm_zohs_hbsk/zm_zohs_hbsk_vlst_hsif_1
localize,#subtitle_zm_zohs_hbsk/zm_zohs_hbsk_vlst_hsig_1
localize,#subtitle_zm_zohs_hbsk/zm_zohs_hbsk_vlst_hsih_1
localize,#subtitle_zm_zohs_hbsk/zm_zohs_hbsk_vlst_hsii_1
localize,#subtitle_zm_zohs_hbsk/zm_zohs_hbsk_vlst_hsij_1
localize,#subtitle_zm_zohs_hbsk/zm_zohs_hbsk_vrcn_hsba_1
localize,#subtitle_zm_zohs_hbsk/zm_zohs_hbsk_vrcn_hsba_2
localize,#subtitle_zm_zohs_hbsk/zm_zohs_hbsk_vrcn_hsba_3
localize,#subtitle_zm_zohs_hbsk/zm_zohs_hbsk_vrcn_hsba_4
localize,#subtitle_zm_zohs_hbsk/zm_zohs_hbsk_vrcn_hsba_5
localize,#subtitle_zm_zohs_hbsk/zm_zohs_hbsk_vrcn_hsba_6
localize,#subtitle_zm_zohs_hbsk/zm_zohs_hbsk_vrcn_hsba_7
localize,#subtitle_zm_zohs_hbsk/zm_zohs_hbsk_vrcn_hsba_8
localize,#subtitle_zm_zohs_hbsk/zm_zohs_hbsk_vrcn_hsla_1
localize,#subtitle_zm_zohs_hbsk/zm_zohs_hbsk_vrcn_hsla_2
localize,#subtitle_zm_zohs_hbsk/zm_zohs_hbsk_vrcn_hsla_3
localize,#subtitle_zm_zohs_hbsk/zm_zohs_hbsk_vrcn_hsla_4
localize,#subtitle_zm_zohs_hbsk/zm_zohs_hbsk_vrcn_hsla_5
localize,#subtitle_zm_zohs_hbsk/zm_zohs_hbsk_vrcn_hsla_6
localize,#subtitle_zm_zohs_hbsk/zm_zohs_hbsk_vrcn_hsma_1
localize,#subtitle_zm_zohs_hbsk/zm_zohs_hbsk_vrcn_hsma_2
localize,#subtitle_zm_zohs_hbsk/zm_zohs_hbsk_vrcn_hsma_3
localize,#subtitle_zm_zohs_hbsk/zm_zohs_hbsk_vrcn_hsma_4
localize,#subtitle_zm_zohs_hbsk/zm_zohs_hbsk_vrcn_hsna_1
localize,#subtitle_zm_zohs_hbsk/zm_zohs_hbsk_vrcn_hsna_2
localize,#subtitle_zm_zohs_hbsk/zm_zohs_hbsk_vrcn_hsna_3
localize,#subtitle_zm_zohs_hbsk/zm_zohs_hbsk_vrcn_hsna_4
localize,#subtitle_zm_zs1i_deal/bellekar
localize,#subtitle_zm_zs1i_deal/inviktor
localize,#subtitle_zm_zs1i_deal/norticus
localize,#subtitle_zm_zs1i_deal/saraxis
localize,#subtitle_zm_zs1i_deal/zm_zs1i_deal_blkr_ad02_1
localize,#subtitle_zm_zs1i_deal/zm_zs1i_deal_blkr_ad04_1
localize,#subtitle_zm_zs1i_deal/zm_zs1i_deal_blkr_ad06_1
localize,#subtitle_zm_zs1i_deal/zm_zs1i_deal_blkr_ad07_1
localize,#subtitle_zm_zs1i_deal/zm_zs1i_deal_blkr_ad08_1
localize,#subtitle_zm_zs1i_deal/zm_zs1i_deal_dnrt_af01
localize,#subtitle_zm_zs1i_deal/zm_zs1i_deal_dnrt_af03_1
localize,#subtitle_zm_zs1i_deal/zm_zs1i_deal_dnrt_af04_1
localize,#subtitle_zm_zs1i_deal/zm_zs1i_deal_dnrt_af05_1
localize,#subtitle_zm_zs1i_deal/zm_zs1i_deal_dnrt_af06_1
localize,#subtitle_zm_zs1i_deal/zm_zs1i_deal_dnrt_af10_1
localize,#subtitle_zm_zs1i_deal/zm_zs1i_deal_dnrt_af12_1
localize,#subtitle_zm_zs1i_deal/zm_zs1i_deal_dnvk_ad00_1
localize,#subtitle_zm_zs1i_deal/zm_zs1i_deal_dnvk_ad01_1
localize,#subtitle_zm_zs1i_deal/zm_zs1i_deal_dnvk_ad03_1
localize,#subtitle_zm_zs1i_deal/zm_zs1i_deal_dnvk_ad05_1
localize,#subtitle_zm_zs1i_deal/zm_zs1i_deal_dnvk_af00_1
localize,#subtitle_zm_zs1i_deal/zm_zs1i_deal_dnvk_af02_1
localize,#subtitle_zm_zs1i_deal/zm_zs1i_deal_dnvk_af07_1
localize,#subtitle_zm_zs1i_deal/zm_zs1i_deal_dnvk_af08_1
localize,#subtitle_zm_zs1i_deal/zm_zs1i_deal_dnvk_af09_1
localize,#subtitle_zm_zs1i_deal/zm_zs1i_deal_dnvk_af11_1
localize,#subtitle_zm_zs1i_deal/zm_zs1i_deal_dsrx_ae00_1
localize,#subtitle_zm_zs1i_deal/zm_zs1i_deal_dsrx_ae01_1
localize,#subtitle_zm_zs1i_deal/zm_zs1i_deal_dsrx_ae02_1
localize,#subtitle_zm_zs1i_deal/zm_zs1i_deal_dsrx_ae03_1
localize,#subtitle_zm_zs1i_deal/zm_zs1i_deal_dsrx_ae04_1
localize,#subtitle_zm_zs1i_deal/zm_zs1i_deal_dsrx_ae05_1
localize,#subtitle_zm_zs1i_deal/zm_zs1i_deal_dsrx_ae06_1
localize,#subtitle_zm_zs1i_dert/inviktor
localize,#subtitle_zm_zs1i_dert/norticus
localize,#subtitle_zm_zs1i_dert/saraxis
localize,#subtitle_zm_zs1i_dert/zm_zs1i_dert_dnrt_rf00_1
localize,#subtitle_zm_zs1i_dert/zm_zs1i_dert_dnrt_rf01_1
localize,#subtitle_zm_zs1i_dert/zm_zs1i_dert_dnrt_rf02_1
localize,#subtitle_zm_zs1i_dert/zm_zs1i_dert_dnrt_rf03_1
localize,#subtitle_zm_zs1i_dert/zm_zs1i_dert_dnrt_rf04_1
localize,#subtitle_zm_zs1i_dert/zm_zs1i_dert_dnrt_rf05_1
localize,#subtitle_zm_zs1i_dert/zm_zs1i_dert_dnrt_rf06_1
localize,#subtitle_zm_zs1i_dert/zm_zs1i_dert_dnrt_rf07_1
localize,#subtitle_zm_zs1i_dert/zm_zs1i_dert_dnrt_rf08_1
localize,#subtitle_zm_zs1i_dert/zm_zs1i_dert_dnrt_rf09_1
localize,#subtitle_zm_zs1i_dert/zm_zs1i_dert_dnrt_rf10_1
localize,#subtitle_zm_zs1i_dert/zm_zs1i_dert_dnvk_re00_1
localize,#subtitle_zm_zs1i_dert/zm_zs1i_dert_dnvk_re01
localize,#subtitle_zm_zs1i_dert/zm_zs1i_dert_dnvk_re02_1
localize,#subtitle_zm_zs1i_dert/zm_zs1i_dert_dnvk_re03_1
localize,#subtitle_zm_zs1i_dert/zm_zs1i_dert_dnvk_re04_1
localize,#subtitle_zm_zs1i_dert/zm_zs1i_dert_dnvk_re05_1
localize,#subtitle_zm_zs1i_dert/zm_zs1i_dert_dnvk_re06_1
localize,#subtitle_zm_zs1i_dert/zm_zs1i_dert_dnvk_re07
localize,#subtitle_zm_zs1i_dert/zm_zs1i_dert_dnvk_re08_1
localize,#subtitle_zm_zs1i_dert/zm_zs1i_dert_dnvk_re09_1
localize,#subtitle_zm_zs1i_dert/zm_zs1i_dert_dnvk_re10_1
localize,#subtitle_zm_zs1i_dert/zm_zs1i_dert_dsrx_rd00_1
localize,#subtitle_zm_zs1i_dert/zm_zs1i_dert_dsrx_rd01_1
localize,#subtitle_zm_zs1i_dert/zm_zs1i_dert_dsrx_rd02_1
localize,#subtitle_zm_zs1i_dert/zm_zs1i_dert_dsrx_rd03_1
localize,#subtitle_zm_zs1i_dert/zm_zs1i_dert_dsrx_rd04_1
localize,#subtitle_zm_zs1i_dert/zm_zs1i_dert_dsrx_rd05_1
localize,#subtitle_zm_zs1i_dert/zm_zs1i_dert_dsrx_rd06_1
localize,#subtitle_zm_zs1i_dert/zm_zs1i_dert_dsrx_rd07_1
localize,#subtitle_zm_zs1i_dert/zm_zs1i_dert_dsrx_rd08
localize,#subtitle_zm_zs1i_dert/zm_zs1i_dert_dsrx_rd09_1
localize,#subtitle_zm_zs1i_dert/zm_zs1i_dert_dsrx_rd10_1
localize,#subtitle_zm_zs1i_dert/zm_zs1i_dert_dsrx_rd11
localize,#subtitle_zm_zs1i_dwal/kortifex
localize,#subtitle_zm_zs1i_dwal/von_list
localize,#subtitle_zm_zs1i_dwal/zm_zs1i_dwal_krtx_ad01_1
localize,#subtitle_zm_zs1i_dwal/zm_zs1i_dwal_krtx_ad02_1
localize,#subtitle_zm_zs1i_dwal/zm_zs1i_dwal_krtx_ad03_1
localize,#subtitle_zm_zs1i_dwal/zm_zs1i_dwal_krtx_ad06_1
localize,#subtitle_zm_zs1i_dwal/zm_zs1i_dwal_krtx_ad09_1
localize,#subtitle_zm_zs1i_dwal/zm_zs1i_dwal_krtx_ad11_1
localize,#subtitle_zm_zs1i_dwal/zm_zs1i_dwal_krtx_ad13_1
localize,#subtitle_zm_zs1i_dwal/zm_zs1i_dwal_krtx_ae01_1
localize,#subtitle_zm_zs1i_dwal/zm_zs1i_dwal_krtx_ae04_1
localize,#subtitle_zm_zs1i_dwal/zm_zs1i_dwal_krtx_ae05_1
localize,#subtitle_zm_zs1i_dwal/zm_zs1i_dwal_krtx_ae06_1
localize,#subtitle_zm_zs1i_dwal/zm_zs1i_dwal_krtx_ae07_1
localize,#subtitle_zm_zs1i_dwal/zm_zs1i_dwal_krtx_af02_1
localize,#subtitle_zm_zs1i_dwal/zm_zs1i_dwal_krtx_af04_1
localize,#subtitle_zm_zs1i_dwal/zm_zs1i_dwal_krtx_af06_1
localize,#subtitle_zm_zs1i_dwal/zm_zs1i_dwal_krtx_af13_1
localize,#subtitle_zm_zs1i_dwal/zm_zs1i_dwal_vlst_ad00_1
localize,#subtitle_zm_zs1i_dwal/zm_zs1i_dwal_vlst_ad04_1
localize,#subtitle_zm_zs1i_dwal/zm_zs1i_dwal_vlst_ad05_1
localize,#subtitle_zm_zs1i_dwal/zm_zs1i_dwal_vlst_ad07_1
localize,#subtitle_zm_zs1i_dwal/zm_zs1i_dwal_vlst_ad08_1
localize,#subtitle_zm_zs1i_dwal/zm_zs1i_dwal_vlst_ad10_1
localize,#subtitle_zm_zs1i_dwal/zm_zs1i_dwal_vlst_ad12_1
localize,#subtitle_zm_zs1i_dwal/zm_zs1i_dwal_vlst_ae00_1
localize,#subtitle_zm_zs1i_dwal/zm_zs1i_dwal_vlst_ae02_1
localize,#subtitle_zm_zs1i_dwal/zm_zs1i_dwal_vlst_ae03_1
localize,#subtitle_zm_zs1i_dwal/zm_zs1i_dwal_vlst_ae08_1
localize,#subtitle_zm_zs1i_dwal/zm_zs1i_dwal_vlst_af00_1
localize,#subtitle_zm_zs1i_dwal/zm_zs1i_dwal_vlst_af01_1
localize,#subtitle_zm_zs1i_dwal/zm_zs1i_dwal_vlst_af03_1
localize,#subtitle_zm_zs1i_dwal/zm_zs1i_dwal_vlst_af05_1
localize,#subtitle_zm_zs1i_dwal/zm_zs1i_dwal_vlst_af07
localize,#subtitle_zm_zs1i_dwal/zm_zs1i_dwal_vlst_af08_1
localize,#subtitle_zm_zs1i_dwal/zm_zs1i_dwal_vlst_af09_1
localize,#subtitle_zm_zs1i_dwal/zm_zs1i_dwal_vlst_af10
localize,#subtitle_zm_zs1i_dwal/zm_zs1i_dwal_vlst_af11_1
localize,#subtitle_zm_zs1i_dwal/zm_zs1i_dwal_vlst_af12_1
localize,#subtitle_zm_zs1i_dwal/zm_zs1i_dwal_vlst_af14_1
localize,#subtitle_zm_zs1i_dwal/zm_zs1i_dwal_vlst_af15_1
localize,#subtitle_zm_zs1i_dwrt/von_list
localize,#subtitle_zm_zs1i_dwrt/zm_zs1i_dwrt_vlst_rd00_1
localize,#subtitle_zm_zs1i_dwrt/zm_zs1i_dwrt_vlst_rd01_1
localize,#subtitle_zm_zs1i_dwrt/zm_zs1i_dwrt_vlst_rd02_1
localize,#subtitle_zm_zs1i_dwrt/zm_zs1i_dwrt_vlst_rd03_1
localize,#subtitle_zm_zs1i_dwrt/zm_zs1i_dwrt_vlst_rd04_1
localize,#subtitle_zm_zs1i_dwrt/zm_zs1i_dwrt_vlst_rd05_1
localize,#subtitle_zm_zs1i_dwrt/zm_zs1i_dwrt_vlst_rd06_1
localize,#subtitle_zm_zs1i_dwrt/zm_zs1i_dwrt_vlst_rd07_1
localize,#subtitle_zm_zs1i_dwrt/zm_zs1i_dwrt_vlst_rd08_1
localize,#subtitle_zm_zs1i_dwrt/zm_zs1i_dwrt_vlst_rd09_1
localize,#subtitle_zm_zs1i_dwrt/zm_zs1i_dwrt_vlst_rd10_1
localize,#subtitle_zm_zs1i_dwrt/zm_zs1i_dwrt_vlst_re00_1
localize,#subtitle_zm_zs1i_dwrt/zm_zs1i_dwrt_vlst_re01_1
localize,#subtitle_zm_zs1i_dwrt/zm_zs1i_dwrt_vlst_re02_1
localize,#subtitle_zm_zs1i_dwrt/zm_zs1i_dwrt_vlst_re03_1
localize,#subtitle_zm_zs1i_dwrt/zm_zs1i_dwrt_vlst_re04_1
localize,#subtitle_zm_zs1i_dwrt/zm_zs1i_dwrt_vlst_re05_1
localize,#subtitle_zm_zs1i_dwrt/zm_zs1i_dwrt_vlst_re06_1
localize,#subtitle_zm_zs1i_dwrt/zm_zs1i_dwrt_vlst_re07_1
localize,#subtitle_zm_zs1i_dwrt/zm_zs1i_dwrt_vlst_re08_1
localize,#subtitle_zm_zs1i_dwrt/zm_zs1i_dwrt_vlst_re09_1
localize,#subtitle_zm_zs1i_dwrt/zm_zs1i_dwrt_vlst_rf00_1
localize,#subtitle_zm_zs1i_dwrt/zm_zs1i_dwrt_vlst_rf01_1
localize,#subtitle_zm_zs1i_dwrt/zm_zs1i_dwrt_vlst_rf02_1
localize,#subtitle_zm_zs1i_dwrt/zm_zs1i_dwrt_vlst_rf03_1
localize,#subtitle_zm_zs1i_dwrt/zm_zs1i_dwrt_vlst_rf04_1
localize,#subtitle_zm_zs1i_dwrt/zm_zs1i_dwrt_vlst_rf05_1
localize,#subtitle_zm_zs1i_dwrt/zm_zs1i_dwrt_vlst_rf06_1
localize,#subtitle_zm_zs1i_dwrt/zm_zs1i_dwrt_vlst_rf07_1
localize,#subtitle_zm_zs1i_kral/krafft
localize,#subtitle_zm_zs1i_kral/zm_zs1i_kral_krft_ad00_1
localize,#subtitle_zm_zs1i_kral/zm_zs1i_kral_krft_ad01_1
localize,#subtitle_zm_zs1i_kral/zm_zs1i_kral_krft_ad02_1
localize,#subtitle_zm_zs1i_kral/zm_zs1i_kral_krft_ad03_1
localize,#subtitle_zm_zs1i_kral/zm_zs1i_kral_krft_ad04_1
localize,#subtitle_zm_zs1i_kral/zm_zs1i_kral_krft_ad05_1
localize,#subtitle_zm_zs1i_kral/zm_zs1i_kral_krft_ad06_1
localize,#subtitle_zm_zs1i_kral/zm_zs1i_kral_krft_ad07_1
localize,#subtitle_zm_zs1i_kral/zm_zs1i_kral_krft_ad08_1
localize,#subtitle_zm_zs1i_kral/zm_zs1i_kral_krft_ad09_1
localize,#subtitle_zm_zs1i_kral/zm_zs1i_kral_krft_ae00_1
localize,#subtitle_zm_zs1i_kral/zm_zs1i_kral_krft_ae01_1
localize,#subtitle_zm_zs1i_kral/zm_zs1i_kral_krft_ae02_1
localize,#subtitle_zm_zs1i_kral/zm_zs1i_kral_krft_ae03_1
localize,#subtitle_zm_zs1i_kral/zm_zs1i_kral_krft_ae04_1
localize,#subtitle_zm_zs1i_kral/zm_zs1i_kral_krft_ae05_1
localize,#subtitle_zm_zs1i_kral/zm_zs1i_kral_krft_ae06_1
localize,#subtitle_zm_zs1i_kral/zm_zs1i_kral_krft_ae07_1
localize,#subtitle_zm_zs1i_kral/zm_zs1i_kral_krft_ae08_1
localize,#subtitle_zm_zs1i_kral/zm_zs1i_kral_krft_ae09_1
localize,#subtitle_zm_zs1i_kral/zm_zs1i_kral_krft_ae10_1
localize,#subtitle_zm_zs1i_kral/zm_zs1i_kral_krft_af00
localize,#subtitle_zm_zs1i_kral/zm_zs1i_kral_krft_af01_1
localize,#subtitle_zm_zs1i_kral/zm_zs1i_kral_krft_af02
localize,#subtitle_zm_zs1i_kral/zm_zs1i_kral_krft_af03
localize,#subtitle_zm_zs1i_kral/zm_zs1i_kral_krft_af04_1
localize,#subtitle_zm_zs1i_kral/zm_zs1i_kral_krft_af05_1
localize,#subtitle_zm_zs1i_krrt/krafft
localize,#subtitle_zm_zs1i_krrt/zm_zs1i_krrt_krft_re00_1
localize,#subtitle_zm_zs1i_krrt/zm_zs1i_krrt_krft_re01_1
localize,#subtitle_zm_zs1i_krrt/zm_zs1i_krrt_krft_re02
localize,#subtitle_zm_zs1i_krrt/zm_zs1i_krrt_krft_re03_1
localize,#subtitle_zm_zs1i_krrt/zm_zs1i_krrt_krft_re04_1
localize,#subtitle_zm_zs1i_krrt/zm_zs1i_krrt_krft_re05_1
localize,#subtitle_zm_zs1i_krrt/zm_zs1i_krrt_krft_re06
localize,#subtitle_zm_zs1i_krrt/zm_zs1i_krrt_krft_re07_1
localize,#subtitle_zm_zs1i_krrt/zm_zs1i_krrt_krft_rf00_1
localize,#subtitle_zm_zs1i_krrt/zm_zs1i_krrt_krft_rf01_1
localize,#subtitle_zm_zs1i_krrt/zm_zs1i_krrt_krft_rf02_1
localize,#subtitle_zm_zs1i_krrt/zm_zs1i_krrt_krft_rf03_1
localize,#subtitle_zm_zs1i_krrt/zm_zs1i_krrt_krft_rf04_1
localize,#subtitle_zm_zs1i_krrt/zm_zs1i_krrt_krft_rf05_1
localize,#subtitle_zm_zs1i_krrt/zm_zs1i_krrt_krft_rf06_1
localize,#subtitle_zm_zs1i_krrt/zm_zs1i_krrt_krft_rf07_1
localize,#subtitle_zm_zs1i_krrt/zm_zs1i_krrt_krft_rf08_1
localize,#subtitle_zm_zs1i_krrt/zm_zs1i_krrt_krft_rf09_1
localize,#subtitle_zm_zs1i_krrt/zm_zs1i_krrt_krft_rf10_1
localize,#subtitle_zm_zs1i_krrt/zm_zs1i_krrt_krft_rg00_1
localize,#subtitle_zm_zs1i_krrt/zm_zs1i_krrt_krft_rg01_1
localize,#subtitle_zm_zs1i_krrt/zm_zs1i_krrt_krft_rg02_1
localize,#subtitle_zm_zs1i_krrt/zm_zs1i_krrt_krft_rg03_1
localize,#subtitle_zm_zs1i_krrt/zm_zs1i_krrt_krft_rg04_1
localize,#subtitle_zm_zs1i_krrt/zm_zs1i_krrt_krft_rg05
localize,#subtitle_zm_zs1i_krrt/zm_zs1i_krrt_krft_rg06_1
localize,#subtitle_zm_zs1i_krrt/zm_zs1i_krrt_krft_rg07_1
localize,#subtitle_zm_zs1i_krrt/zm_zs1i_krrt_krft_rg08_1
localize,#subtitle_zm_zs2i_dea2/bellekar
localize,#subtitle_zm_zs2i_dea2/decimator
localize,#subtitle_zm_zs2i_dea2/saraxis
localize,#subtitle_zm_zs2i_dea2/vercanna
localize,#subtitle_zm_zs2i_dea2/zm_zs2i_dea2_blkr_ag01_1
localize,#subtitle_zm_zs2i_dea2/zm_zs2i_dea2_blkr_ag03_1
localize,#subtitle_zm_zs2i_dea2/zm_zs2i_dea2_blkr_ag05_1
localize,#subtitle_zm_zs2i_dea2/zm_zs2i_dea2_blkr_ag07_1
localize,#subtitle_zm_zs2i_dea2/zm_zs2i_dea2_blkr_ag09_1
localize,#subtitle_zm_zs2i_dea2/zm_zs2i_dea2_blkr_ag10_1
localize,#subtitle_zm_zs2i_dea2/zm_zs2i_dea2_blkr_ag12_1
localize,#subtitle_zm_zs2i_dea2/zm_zs2i_dea2_blkr_ag14_1
localize,#subtitle_zm_zs2i_dea2/zm_zs2i_dea2_dcmt_ai01_1
localize,#subtitle_zm_zs2i_dea2/zm_zs2i_dea2_dcmt_ai02
localize,#subtitle_zm_zs2i_dea2/zm_zs2i_dea2_dcmt_ai03
localize,#subtitle_zm_zs2i_dea2/zm_zs2i_dea2_dcmt_ai04_1
localize,#subtitle_zm_zs2i_dea2/zm_zs2i_dea2_dcmt_ai05
localize,#subtitle_zm_zs2i_dea2/zm_zs2i_dea2_dcmt_ai06_1
localize,#subtitle_zm_zs2i_dea2/zm_zs2i_dea2_dcmt_ai07_1
localize,#subtitle_zm_zs2i_dea2/zm_zs2i_dea2_dcmt_ai08_1
localize,#subtitle_zm_zs2i_dea2/zm_zs2i_dea2_dsrx_ag02_1
localize,#subtitle_zm_zs2i_dea2/zm_zs2i_dea2_dsrx_ag04_1
localize,#subtitle_zm_zs2i_dea2/zm_zs2i_dea2_dsrx_ag06_1
localize,#subtitle_zm_zs2i_dea2/zm_zs2i_dea2_dsrx_ag08_1
localize,#subtitle_zm_zs2i_dea2/zm_zs2i_dea2_dsrx_ag11_1
localize,#subtitle_zm_zs2i_dea2/zm_zs2i_dea2_dsrx_ag13_1
localize,#subtitle_zm_zs2i_dea2/zm_zs2i_dea2_dsrx_ah01_1
localize,#subtitle_zm_zs2i_dea2/zm_zs2i_dea2_dsrx_ah03_1
localize,#subtitle_zm_zs2i_dea2/zm_zs2i_dea2_dsrx_ah05_1
localize,#subtitle_zm_zs2i_dea2/zm_zs2i_dea2_dsrx_ah07_1
localize,#subtitle_zm_zs2i_dea2/zm_zs2i_dea2_dsrx_ah10_1
localize,#subtitle_zm_zs2i_dea2/zm_zs2i_dea2_vrcn_ah02_1
localize,#subtitle_zm_zs2i_dea2/zm_zs2i_dea2_vrcn_ah04_1
localize,#subtitle_zm_zs2i_dea2/zm_zs2i_dea2_vrcn_ah06_1
localize,#subtitle_zm_zs2i_dea2/zm_zs2i_dea2_vrcn_ah08_1
localize,#subtitle_zm_zs2i_dea2/zm_zs2i_dea2_vrcn_ah09_1
localize,#subtitle_zm_zs2i_dea2/zm_zs2i_dea2_vrcn_ah11_1
localize,#subtitle_zm_zs2i_der2/decimator
localize,#subtitle_zm_zs2i_der2/norticus
localize,#subtitle_zm_zs2i_der2/vercanna
localize,#subtitle_zm_zs2i_der2/zm_zs2i_der2_dcmt_ri01_1
localize,#subtitle_zm_zs2i_der2/zm_zs2i_der2_dcmt_ri02_1
localize,#subtitle_zm_zs2i_der2/zm_zs2i_der2_dcmt_ri03_1
localize,#subtitle_zm_zs2i_der2/zm_zs2i_der2_dcmt_ri04_1
localize,#subtitle_zm_zs2i_der2/zm_zs2i_der2_dcmt_ri05_1
localize,#subtitle_zm_zs2i_der2/zm_zs2i_der2_dcmt_ri06_1
localize,#subtitle_zm_zs2i_der2/zm_zs2i_der2_dcmt_ri07_1
localize,#subtitle_zm_zs2i_der2/zm_zs2i_der2_dcmt_ri08_1
localize,#subtitle_zm_zs2i_der2/zm_zs2i_der2_dnrt_rh01_1
localize,#subtitle_zm_zs2i_der2/zm_zs2i_der2_dnrt_rh02_1
localize,#subtitle_zm_zs2i_der2/zm_zs2i_der2_dnrt_rh03_1
localize,#subtitle_zm_zs2i_der2/zm_zs2i_der2_dnrt_rh04_1
localize,#subtitle_zm_zs2i_der2/zm_zs2i_der2_dnrt_rh05_1
localize,#subtitle_zm_zs2i_der2/zm_zs2i_der2_dnrt_rh06_1
localize,#subtitle_zm_zs2i_der2/zm_zs2i_der2_dnrt_rh07
localize,#subtitle_zm_zs2i_der2/zm_zs2i_der2_vrcn_rg01_1
localize,#subtitle_zm_zs2i_der2/zm_zs2i_der2_vrcn_rg02_1
localize,#subtitle_zm_zs2i_der2/zm_zs2i_der2_vrcn_rg03_1
localize,#subtitle_zm_zs2i_der2/zm_zs2i_der2_vrcn_rg04_1
localize,#subtitle_zm_zs2i_der2/zm_zs2i_der2_vrcn_rg05_1
localize,#subtitle_zm_zs2i_der2/zm_zs2i_der2_vrcn_rg06_1
localize,#subtitle_zm_zs2i_der2/zm_zs2i_der2_vrcn_rg07
localize,#subtitle_zm_zs2i_der2/zm_zs2i_der2_vrcn_rg08_1
localize,#subtitle_zm_zs2i_der2/zm_zs2i_der2_vrcn_rg09_1
localize,#subtitle_zm_zs2i_dwa2/kortifex
localize,#subtitle_zm_zs2i_dwa2/von_list
localize,#subtitle_zm_zs2i_dwa2/zaballa
localize,#subtitle_zm_zs2i_dwa2/zm_zs2i_dwa2_krtx_ag02_1
localize,#subtitle_zm_zs2i_dwa2/zm_zs2i_dwa2_krtx_ag04_1
localize,#subtitle_zm_zs2i_dwa2/zm_zs2i_dwa2_krtx_ag05_1
localize,#subtitle_zm_zs2i_dwa2/zm_zs2i_dwa2_krtx_ag07_1
localize,#subtitle_zm_zs2i_dwa2/zm_zs2i_dwa2_krtx_ag08_1
localize,#subtitle_zm_zs2i_dwa2/zm_zs2i_dwa2_krtx_ag09_1
localize,#subtitle_zm_zs2i_dwa2/zm_zs2i_dwa2_krtx_ag12_1
localize,#subtitle_zm_zs2i_dwa2/zm_zs2i_dwa2_krtx_ag13_1
localize,#subtitle_zm_zs2i_dwa2/zm_zs2i_dwa2_krtx_ah04_1
localize,#subtitle_zm_zs2i_dwa2/zm_zs2i_dwa2_krtx_ah08_1
localize,#subtitle_zm_zs2i_dwa2/zm_zs2i_dwa2_krtx_ah09_1
localize,#subtitle_zm_zs2i_dwa2/zm_zs2i_dwa2_krtx_ah11_1
localize,#subtitle_zm_zs2i_dwa2/zm_zs2i_dwa2_krtx_ai02_1
localize,#subtitle_zm_zs2i_dwa2/zm_zs2i_dwa2_krtx_ai04_1
localize,#subtitle_zm_zs2i_dwa2/zm_zs2i_dwa2_krtx_ai06_1
localize,#subtitle_zm_zs2i_dwa2/zm_zs2i_dwa2_krtx_ai08_1
localize,#subtitle_zm_zs2i_dwa2/zm_zs2i_dwa2_krtx_ai09_1
localize,#subtitle_zm_zs2i_dwa2/zm_zs2i_dwa2_krtx_ai12_1
localize,#subtitle_zm_zs2i_dwa2/zm_zs2i_dwa2_krtx_ai13_1
localize,#subtitle_zm_zs2i_dwa2/zm_zs2i_dwa2_krtx_ai14_1
localize,#subtitle_zm_zs2i_dwa2/zm_zs2i_dwa2_vlst_ag01_1
localize,#subtitle_zm_zs2i_dwa2/zm_zs2i_dwa2_vlst_ag03_1
localize,#subtitle_zm_zs2i_dwa2/zm_zs2i_dwa2_vlst_ag06_1
localize,#subtitle_zm_zs2i_dwa2/zm_zs2i_dwa2_vlst_ag10_1
localize,#subtitle_zm_zs2i_dwa2/zm_zs2i_dwa2_vlst_ag11_1
localize,#subtitle_zm_zs2i_dwa2/zm_zs2i_dwa2_vlst_ag14_1
localize,#subtitle_zm_zs2i_dwa2/zm_zs2i_dwa2_vlst_ah01_1
localize,#subtitle_zm_zs2i_dwa2/zm_zs2i_dwa2_vlst_ah05_1
localize,#subtitle_zm_zs2i_dwa2/zm_zs2i_dwa2_vlst_ah07_1
localize,#subtitle_zm_zs2i_dwa2/zm_zs2i_dwa2_vlst_ah10_1
localize,#subtitle_zm_zs2i_dwa2/zm_zs2i_dwa2_vlst_ai01_1
localize,#subtitle_zm_zs2i_dwa2/zm_zs2i_dwa2_vlst_ai03_1
localize,#subtitle_zm_zs2i_dwa2/zm_zs2i_dwa2_vlst_ai05
localize,#subtitle_zm_zs2i_dwa2/zm_zs2i_dwa2_vlst_ai07_1
localize,#subtitle_zm_zs2i_dwa2/zm_zs2i_dwa2_vlst_ai10_1
localize,#subtitle_zm_zs2i_dwa2/zm_zs2i_dwa2_vlst_ai11_1
localize,#subtitle_zm_zs2i_dwa2/zm_zs2i_dwa2_vlst_ai15_1
localize,#subtitle_zm_zs2i_dwa2/zm_zs2i_dwa2_zbla_ah02_1
localize,#subtitle_zm_zs2i_dwa2/zm_zs2i_dwa2_zbla_ah03_1
localize,#subtitle_zm_zs2i_dwa2/zm_zs2i_dwa2_zbla_ah06_1
localize,#subtitle_zm_zs2i_dwa2/zm_zs2i_dwa2_zbla_ah12_1
localize,#subtitle_zm_zs2i_dwr2/von_list
localize,#subtitle_zm_zs2i_dwr2/zaballa
localize,#subtitle_zm_zs2i_dwr2/zm_zs2i_dwr2_vlst_rg01_1
localize,#subtitle_zm_zs2i_dwr2/zm_zs2i_dwr2_vlst_rg02_1
localize,#subtitle_zm_zs2i_dwr2/zm_zs2i_dwr2_vlst_rg03_1
localize,#subtitle_zm_zs2i_dwr2/zm_zs2i_dwr2_vlst_rg04_1
localize,#subtitle_zm_zs2i_dwr2/zm_zs2i_dwr2_vlst_rg05_1
localize,#subtitle_zm_zs2i_dwr2/zm_zs2i_dwr2_vlst_rg06_1
localize,#subtitle_zm_zs2i_dwr2/zm_zs2i_dwr2_vlst_rg07_1
localize,#subtitle_zm_zs2i_dwr2/zm_zs2i_dwr2_vlst_rg08_1
localize,#subtitle_zm_zs2i_dwr2/zm_zs2i_dwr2_vlst_rh01_1
localize,#subtitle_zm_zs2i_dwr2/zm_zs2i_dwr2_vlst_rh02_1
localize,#subtitle_zm_zs2i_dwr2/zm_zs2i_dwr2_vlst_rh03_1
localize,#subtitle_zm_zs2i_dwr2/zm_zs2i_dwr2_vlst_rh04
localize,#subtitle_zm_zs2i_dwr2/zm_zs2i_dwr2_vlst_rh05_1
localize,#subtitle_zm_zs2i_dwr2/zm_zs2i_dwr2_vlst_rh06_1
localize,#subtitle_zm_zs2i_dwr2/zm_zs2i_dwr2_vlst_rh07_1
localize,#subtitle_zm_zs2i_dwr2/zm_zs2i_dwr2_vlst_rh08_1
localize,#subtitle_zm_zs2i_dwr2/zm_zs2i_dwr2_vlst_rh09_1
localize,#subtitle_zm_zs2i_dwr2/zm_zs2i_dwr2_vlst_ri01_1
localize,#subtitle_zm_zs2i_dwr2/zm_zs2i_dwr2_vlst_ri02_1
localize,#subtitle_zm_zs2i_dwr2/zm_zs2i_dwr2_vlst_ri03_1
localize,#subtitle_zm_zs2i_dwr2/zm_zs2i_dwr2_vlst_ri04_1
localize,#subtitle_zm_zs2i_dwr2/zm_zs2i_dwr2_vlst_ri05_1
localize,#subtitle_zm_zs2i_dwr2/zm_zs2i_dwr2_vlst_ri06_1
localize,#subtitle_zm_zs2i_dwr2/zm_zs2i_dwr2_vlst_ri08_1
localize,#subtitle_zm_zs2i_dwr2/zm_zs2i_dwr2_zbla_ri07_1
localize,#subtitle_zm_zs2i_dwr2/zm_zs2i_dwr2_zbla_ri09_1
localize,#subtitle_zm_zs2i_dwr2/zm_zs2i_dwr2_zbla_ri10_1
localize,#subtitle_zm_zs2i_kra2/krafft
localize,#subtitle_zm_zs2i_kra2/zm_zs2i_kra2_krft_ag01_1
localize,#subtitle_zm_zs2i_kra2/zm_zs2i_kra2_krft_ag02_1
localize,#subtitle_zm_zs2i_kra2/zm_zs2i_kra2_krft_ag03_1
localize,#subtitle_zm_zs2i_kra2/zm_zs2i_kra2_krft_ag04_1
localize,#subtitle_zm_zs2i_kra2/zm_zs2i_kra2_krft_ag05
localize,#subtitle_zm_zs2i_kra2/zm_zs2i_kra2_krft_ag06_1
localize,#subtitle_zm_zs2i_kra2/zm_zs2i_kra2_krft_ag07_1
localize,#subtitle_zm_zs2i_kra2/zm_zs2i_kra2_krft_ag08_1
localize,#subtitle_zm_zs2i_kra2/zm_zs2i_kra2_krft_ah01_1
localize,#subtitle_zm_zs2i_kra2/zm_zs2i_kra2_krft_ah02_1
localize,#subtitle_zm_zs2i_kra2/zm_zs2i_kra2_krft_ah03_1
localize,#subtitle_zm_zs2i_kra2/zm_zs2i_kra2_krft_ah04_1
localize,#subtitle_zm_zs2i_kra2/zm_zs2i_kra2_krft_ah05_1
localize,#subtitle_zm_zs2i_kra2/zm_zs2i_kra2_krft_ah06_1
localize,#subtitle_zm_zs2i_kra2/zm_zs2i_kra2_krft_ah07_1
localize,#subtitle_zm_zs2i_kra2/zm_zs2i_kra2_krft_ah08_1
localize,#subtitle_zm_zs2i_kra2/zm_zs2i_kra2_krft_ai01_1
localize,#subtitle_zm_zs2i_kra2/zm_zs2i_kra2_krft_ai02_1
localize,#subtitle_zm_zs2i_kra2/zm_zs2i_kra2_krft_ai03_1
localize,#subtitle_zm_zs2i_kra2/zm_zs2i_kra2_krft_ai04_1
localize,#subtitle_zm_zs2i_kra2/zm_zs2i_kra2_krft_ai05_1
localize,#subtitle_zm_zs2i_kra2/zm_zs2i_kra2_krft_ai06_1
localize,#subtitle_zm_zs2i_kra2/zm_zs2i_kra2_krft_ai07_1
localize,#subtitle_zm_zs2i_kra2/zm_zs2i_kra2_krft_ai08_1
localize,#subtitle_zm_zs2i_krr2/krafft
localize,#subtitle_zm_zs2i_krr2/zm_zs2i_krr2_krft_rh01_1
localize,#subtitle_zm_zs2i_krr2/zm_zs2i_krr2_krft_rh02_1
localize,#subtitle_zm_zs2i_krr2/zm_zs2i_krr2_krft_rh03_1
localize,#subtitle_zm_zs2i_krr2/zm_zs2i_krr2_krft_rh04
localize,#subtitle_zm_zs2i_krr2/zm_zs2i_krr2_krft_rh05_1
localize,#subtitle_zm_zs2i_krr2/zm_zs2i_krr2_krft_rh06_1
localize,#subtitle_zm_zs2i_krr2/zm_zs2i_krr2_krft_rh07_1
localize,#subtitle_zm_zs2i_krr2/zm_zs2i_krr2_krft_rh08_1
localize,#subtitle_zm_zs2i_krr2/zm_zs2i_krr2_krft_rh09_1
localize,#subtitle_zm_zs2i_krr2/zm_zs2i_krr2_krft_ri01_1
localize,#subtitle_zm_zs2i_krr2/zm_zs2i_krr2_krft_ri02_1
localize,#subtitle_zm_zs2i_krr2/zm_zs2i_krr2_krft_ri03_1
localize,#subtitle_zm_zs2i_krr2/zm_zs2i_krr2_krft_ri04_1
localize,#subtitle_zm_zs2i_krr2/zm_zs2i_krr2_krft_ri05
localize,#subtitle_zm_zs2i_krr2/zm_zs2i_krr2_krft_ri06_1
localize,#subtitle_zm_zs2i_krr2/zm_zs2i_krr2_krft_rj01_1
localize,#subtitle_zm_zs2i_krr2/zm_zs2i_krr2_krft_rj02_1
localize,#subtitle_zm_zs2i_krr2/zm_zs2i_krr2_krft_rj03_1
localize,#subtitle_zm_zs2i_krr2/zm_zs2i_krr2_krft_rj04_1
localize,#subtitle_zm_zs2i_krr2/zm_zs2i_krr2_krft_rj05_1
localize,#subtitle_zm_zs2i_krr2/zm_zs2i_krr2_krft_rj06_1
localize,#subtitle_zm_zs2i_krr2/zm_zs2i_krr2_krft_rj07_1
localize,#subtitle_zm_zs2i_krr2/zm_zs2i_krr2_krft_rj08_1
localize,#subtitle_zm_zs2i_krr2/zm_zs2i_krr2_krft_rj09_1
localize,#subtitle_zm_zs4i_dea4/bellekar
localize,#subtitle_zm_zs4i_dea4/decimator
localize,#subtitle_zm_zs4i_dea4/inviktor
localize,#subtitle_zm_zs4i_dea4/norticus
localize,#subtitle_zm_zs4i_dea4/saraxis
localize,#subtitle_zm_zs4i_dea4/vercanna
localize,#subtitle_zm_zs4i_dea4/zm_zs4i_dea4_blkr_aj01
localize,#subtitle_zm_zs4i_dea4/zm_zs4i_dea4_blkr_aj03
localize,#subtitle_zm_zs4i_dea4/zm_zs4i_dea4_blkr_aj07
localize,#subtitle_zm_zs4i_dea4/zm_zs4i_dea4_blkr_al02
localize,#subtitle_zm_zs4i_dea4/zm_zs4i_dea4_blkr_al08
localize,#subtitle_zm_zs4i_dea4/zm_zs4i_dea4_blkr_al09
localize,#subtitle_zm_zs4i_dea4/zm_zs4i_dea4_blkr_al10
localize,#subtitle_zm_zs4i_dea4/zm_zs4i_dea4_dcmt_ak02
localize,#subtitle_zm_zs4i_dea4/zm_zs4i_dea4_dcmt_ak04
localize,#subtitle_zm_zs4i_dea4/zm_zs4i_dea4_dcmt_ak05
localize,#subtitle_zm_zs4i_dea4/zm_zs4i_dea4_dcmt_ak07
localize,#subtitle_zm_zs4i_dea4/zm_zs4i_dea4_dcmt_ak10
localize,#subtitle_zm_zs4i_dea4/zm_zs4i_dea4_dcmt_ak12
localize,#subtitle_zm_zs4i_dea4/zm_zs4i_dea4_dnrt_al01
localize,#subtitle_zm_zs4i_dea4/zm_zs4i_dea4_dnrt_al07
localize,#subtitle_zm_zs4i_dea4/zm_zs4i_dea4_dnvk_ak01
localize,#subtitle_zm_zs4i_dea4/zm_zs4i_dea4_dnvk_ak03
localize,#subtitle_zm_zs4i_dea4/zm_zs4i_dea4_dnvk_ak06
localize,#subtitle_zm_zs4i_dea4/zm_zs4i_dea4_dnvk_ak08
localize,#subtitle_zm_zs4i_dea4/zm_zs4i_dea4_dnvk_ak09
localize,#subtitle_zm_zs4i_dea4/zm_zs4i_dea4_dnvk_ak11
localize,#subtitle_zm_zs4i_dea4/zm_zs4i_dea4_dnvk_al03
localize,#subtitle_zm_zs4i_dea4/zm_zs4i_dea4_dnvk_al05
localize,#subtitle_zm_zs4i_dea4/zm_zs4i_dea4_dsrx_al06
localize,#subtitle_zm_zs4i_dea4/zm_zs4i_dea4_vrcn_aj02
localize,#subtitle_zm_zs4i_dea4/zm_zs4i_dea4_vrcn_aj04
localize,#subtitle_zm_zs4i_dea4/zm_zs4i_dea4_vrcn_aj05
localize,#subtitle_zm_zs4i_dea4/zm_zs4i_dea4_vrcn_aj06
localize,#subtitle_zm_zs4i_dea4/zm_zs4i_dea4_vrcn_aj08
localize,#subtitle_zm_zs4i_dea4/zm_zs4i_dea4_vrcn_aj09
localize,#subtitle_zm_zs4i_dea4/zm_zs4i_dea4_vrcn_al04
localize,#subtitle_zm_zs4i_der4/inviktor
localize,#subtitle_zm_zs4i_der4/norticus
localize,#subtitle_zm_zs4i_der4/zm_zs4i_der4_dnrt_rk01
localize,#subtitle_zm_zs4i_der4/zm_zs4i_der4_dnrt_rk02
localize,#subtitle_zm_zs4i_der4/zm_zs4i_der4_dnrt_rk03
localize,#subtitle_zm_zs4i_der4/zm_zs4i_der4_dnrt_rk04
localize,#subtitle_zm_zs4i_der4/zm_zs4i_der4_dnrt_rk05
localize,#subtitle_zm_zs4i_der4/zm_zs4i_der4_dnrt_rk06
localize,#subtitle_zm_zs4i_der4/zm_zs4i_der4_dnrt_rk07
localize,#subtitle_zm_zs4i_der4/zm_zs4i_der4_dnrt_rk08
localize,#subtitle_zm_zs4i_der4/zm_zs4i_der4_dnrt_rl01
localize,#subtitle_zm_zs4i_der4/zm_zs4i_der4_dnrt_rl03
localize,#subtitle_zm_zs4i_der4/zm_zs4i_der4_dnrt_rl05
localize,#subtitle_zm_zs4i_der4/zm_zs4i_der4_dnrt_rl07
localize,#subtitle_zm_zs4i_der4/zm_zs4i_der4_dnrt_rl11
localize,#subtitle_zm_zs4i_der4/zm_zs4i_der4_dnvk_rj01
localize,#subtitle_zm_zs4i_der4/zm_zs4i_der4_dnvk_rj02
localize,#subtitle_zm_zs4i_der4/zm_zs4i_der4_dnvk_rj03
localize,#subtitle_zm_zs4i_der4/zm_zs4i_der4_dnvk_rj04
localize,#subtitle_zm_zs4i_der4/zm_zs4i_der4_dnvk_rj05
localize,#subtitle_zm_zs4i_der4/zm_zs4i_der4_dnvk_rj06
localize,#subtitle_zm_zs4i_der4/zm_zs4i_der4_dnvk_rj07
localize,#subtitle_zm_zs4i_der4/zm_zs4i_der4_dnvk_rj08
localize,#subtitle_zm_zs4i_der4/zm_zs4i_der4_dnvk_rl02
localize,#subtitle_zm_zs4i_der4/zm_zs4i_der4_dnvk_rl04
localize,#subtitle_zm_zs4i_der4/zm_zs4i_der4_dnvk_rl06
localize,#subtitle_zm_zs4i_der4/zm_zs4i_der4_dnvk_rl08
localize,#subtitle_zm_zs4i_der4/zm_zs4i_der4_dnvk_rl09
localize,#subtitle_zm_zs4i_der4/zm_zs4i_der4_dnvk_rl10
localize,#subtitle_zm_zs4i_dwa4/kortifex
localize,#subtitle_zm_zs4i_dwa4/von_list
localize,#subtitle_zm_zs4i_dwa4/zaballa
localize,#subtitle_zm_zs4i_dwa4/zm_zs4i_dwa4_krtx_aj04
localize,#subtitle_zm_zs4i_dwa4/zm_zs4i_dwa4_krtx_aj06
localize,#subtitle_zm_zs4i_dwa4/zm_zs4i_dwa4_krtx_aj09
localize,#subtitle_zm_zs4i_dwa4/zm_zs4i_dwa4_krtx_aj10
localize,#subtitle_zm_zs4i_dwa4/zm_zs4i_dwa4_krtx_aj11
localize,#subtitle_zm_zs4i_dwa4/zm_zs4i_dwa4_krtx_aj12
localize,#subtitle_zm_zs4i_dwa4/zm_zs4i_dwa4_krtx_aj14
localize,#subtitle_zm_zs4i_dwa4/zm_zs4i_dwa4_krtx_ak03
localize,#subtitle_zm_zs4i_dwa4/zm_zs4i_dwa4_krtx_ak05
localize,#subtitle_zm_zs4i_dwa4/zm_zs4i_dwa4_krtx_ak07
localize,#subtitle_zm_zs4i_dwa4/zm_zs4i_dwa4_krtx_ak09
localize,#subtitle_zm_zs4i_dwa4/zm_zs4i_dwa4_krtx_al03
localize,#subtitle_zm_zs4i_dwa4/zm_zs4i_dwa4_krtx_al06
localize,#subtitle_zm_zs4i_dwa4/zm_zs4i_dwa4_krtx_al07
localize,#subtitle_zm_zs4i_dwa4/zm_zs4i_dwa4_krtx_al08
localize,#subtitle_zm_zs4i_dwa4/zm_zs4i_dwa4_krtx_al09
localize,#subtitle_zm_zs4i_dwa4/zm_zs4i_dwa4_krtx_al11
localize,#subtitle_zm_zs4i_dwa4/zm_zs4i_dwa4_vlst_aj01
localize,#subtitle_zm_zs4i_dwa4/zm_zs4i_dwa4_vlst_aj02
localize,#subtitle_zm_zs4i_dwa4/zm_zs4i_dwa4_vlst_aj03
localize,#subtitle_zm_zs4i_dwa4/zm_zs4i_dwa4_vlst_aj05
localize,#subtitle_zm_zs4i_dwa4/zm_zs4i_dwa4_vlst_aj07
localize,#subtitle_zm_zs4i_dwa4/zm_zs4i_dwa4_vlst_aj08
localize,#subtitle_zm_zs4i_dwa4/zm_zs4i_dwa4_vlst_aj13
localize,#subtitle_zm_zs4i_dwa4/zm_zs4i_dwa4_vlst_aj15
localize,#subtitle_zm_zs4i_dwa4/zm_zs4i_dwa4_vlst_ak01
localize,#subtitle_zm_zs4i_dwa4/zm_zs4i_dwa4_vlst_ak02
localize,#subtitle_zm_zs4i_dwa4/zm_zs4i_dwa4_vlst_ak04
localize,#subtitle_zm_zs4i_dwa4/zm_zs4i_dwa4_vlst_ak06
localize,#subtitle_zm_zs4i_dwa4/zm_zs4i_dwa4_vlst_ak08
localize,#subtitle_zm_zs4i_dwa4/zm_zs4i_dwa4_zbla_al01
localize,#subtitle_zm_zs4i_dwa4/zm_zs4i_dwa4_zbla_al02
localize,#subtitle_zm_zs4i_dwa4/zm_zs4i_dwa4_zbla_al04
localize,#subtitle_zm_zs4i_dwa4/zm_zs4i_dwa4_zbla_al05
localize,#subtitle_zm_zs4i_dwa4/zm_zs4i_dwa4_zbla_al10
localize,#subtitle_zm_zs4i_dwr4/von_list
localize,#subtitle_zm_zs4i_dwr4/zm_zs4i_dwr4_vlst_rj01
localize,#subtitle_zm_zs4i_dwr4/zm_zs4i_dwr4_vlst_rj02
localize,#subtitle_zm_zs4i_dwr4/zm_zs4i_dwr4_vlst_rj03
localize,#subtitle_zm_zs4i_dwr4/zm_zs4i_dwr4_vlst_rj04
localize,#subtitle_zm_zs4i_dwr4/zm_zs4i_dwr4_vlst_rj05
localize,#subtitle_zm_zs4i_dwr4/zm_zs4i_dwr4_vlst_rj06
localize,#subtitle_zm_zs4i_dwr4/zm_zs4i_dwr4_vlst_rj07
localize,#subtitle_zm_zs4i_dwr4/zm_zs4i_dwr4_vlst_rj08
localize,#subtitle_zm_zs4i_dwr4/zm_zs4i_dwr4_vlst_rk01
localize,#subtitle_zm_zs4i_dwr4/zm_zs4i_dwr4_vlst_rk02
localize,#subtitle_zm_zs4i_dwr4/zm_zs4i_dwr4_vlst_rk03
localize,#subtitle_zm_zs4i_dwr4/zm_zs4i_dwr4_vlst_rk04
localize,#subtitle_zm_zs4i_dwr4/zm_zs4i_dwr4_vlst_rk05
localize,#subtitle_zm_zs4i_dwr4/zm_zs4i_dwr4_vlst_rk06
localize,#subtitle_zm_zs4i_dwr4/zm_zs4i_dwr4_vlst_rk07
localize,#subtitle_zm_zs4i_dwr4/zm_zs4i_dwr4_vlst_rk08
localize,#subtitle_zm_zs4i_dwr4/zm_zs4i_dwr4_vlst_rl01
localize,#subtitle_zm_zs4i_dwr4/zm_zs4i_dwr4_vlst_rl02
localize,#subtitle_zm_zs4i_dwr4/zm_zs4i_dwr4_vlst_rl03
localize,#subtitle_zm_zs4i_dwr4/zm_zs4i_dwr4_vlst_rl04
localize,#subtitle_zm_zs4i_dwr4/zm_zs4i_dwr4_vlst_rl05
localize,#subtitle_zm_zs4i_dwr4/zm_zs4i_dwr4_vlst_rl06
localize,#subtitle_zm_zs4i_dwr4/zm_zs4i_dwr4_vlst_rl07
localize,#subtitle_zm_zs4i_dwr4/zm_zs4i_dwr4_vlst_rl08
localize,#subtitle_zm_zs4i_dwr4/zm_zs4i_dwr4_vlst_rl09
localize,#subtitle_zm_zs4i_dwr4/zm_zs4i_dwr4_vlst_rl10
localize,#subtitle_zm_zs4i_kra4/krafft
localize,#subtitle_zm_zs4i_kra4/zm_zs4i_kra4_krft_aj01
localize,#subtitle_zm_zs4i_kra4/zm_zs4i_kra4_krft_aj02
localize,#subtitle_zm_zs4i_kra4/zm_zs4i_kra4_krft_aj03
localize,#subtitle_zm_zs4i_kra4/zm_zs4i_kra4_krft_aj04
localize,#subtitle_zm_zs4i_kra4/zm_zs4i_kra4_krft_aj05
localize,#subtitle_zm_zs4i_kra4/zm_zs4i_kra4_krft_aj06
localize,#subtitle_zm_zs4i_kra4/zm_zs4i_kra4_krft_aj07
localize,#subtitle_zm_zs4i_kra4/zm_zs4i_kra4_krft_aj08
localize,#subtitle_zm_zs4i_kra4/zm_zs4i_kra4_krft_ak01
localize,#subtitle_zm_zs4i_kra4/zm_zs4i_kra4_krft_ak02
localize,#subtitle_zm_zs4i_kra4/zm_zs4i_kra4_krft_ak03
localize,#subtitle_zm_zs4i_kra4/zm_zs4i_kra4_krft_ak04
localize,#subtitle_zm_zs4i_kra4/zm_zs4i_kra4_krft_ak05
localize,#subtitle_zm_zs4i_kra4/zm_zs4i_kra4_krft_ak06
localize,#subtitle_zm_zs4i_kra4/zm_zs4i_kra4_krft_ak07
localize,#subtitle_zm_zs4i_kra4/zm_zs4i_kra4_krft_ak08
localize,#subtitle_zm_zs4i_kra4/zm_zs4i_kra4_krft_ak09
localize,#subtitle_zm_zs4i_kra4/zm_zs4i_kra4_krft_al01
localize,#subtitle_zm_zs4i_kra4/zm_zs4i_kra4_krft_al02
localize,#subtitle_zm_zs4i_kra4/zm_zs4i_kra4_krft_al03
localize,#subtitle_zm_zs4i_kra4/zm_zs4i_kra4_krft_al04
localize,#subtitle_zm_zs4i_kra4/zm_zs4i_kra4_krft_al05
localize,#subtitle_zm_zs4i_kra4/zm_zs4i_kra4_krft_al06
localize,#subtitle_zm_zs4i_kra4/zm_zs4i_kra4_krft_al07
localize,#subtitle_zm_zs4i_kra4/zm_zs4i_kra4_krft_al08
localize,#subtitle_zm_zs4i_kra4/zm_zs4i_kra4_krft_al09
localize,#subtitle_zm_zs4i_krr4/krafft
localize,#subtitle_zm_zs4i_krr4/zm_zs4i_krr4_krft_rk01
localize,#subtitle_zm_zs4i_krr4/zm_zs4i_krr4_krft_rk02
localize,#subtitle_zm_zs4i_krr4/zm_zs4i_krr4_krft_rk03
localize,#subtitle_zm_zs4i_krr4/zm_zs4i_krr4_krft_rk04
localize,#subtitle_zm_zs4i_krr4/zm_zs4i_krr4_krft_rk05
localize,#subtitle_zm_zs4i_krr4/zm_zs4i_krr4_krft_rk06
localize,#subtitle_zm_zs4i_krr4/zm_zs4i_krr4_krft_rk07
localize,#subtitle_zm_zs4i_krr4/zm_zs4i_krr4_krft_rk08
localize,#subtitle_zm_zs4i_krr4/zm_zs4i_krr4_krft_rk09
localize,#subtitle_zm_zs4i_krr4/zm_zs4i_krr4_krft_rl01
localize,#subtitle_zm_zs4i_krr4/zm_zs4i_krr4_krft_rl02
localize,#subtitle_zm_zs4i_krr4/zm_zs4i_krr4_krft_rl03
localize,#subtitle_zm_zs4i_krr4/zm_zs4i_krr4_krft_rl04
localize,#subtitle_zm_zs4i_krr4/zm_zs4i_krr4_krft_rl05
localize,#subtitle_zm_zs4i_krr4/zm_zs4i_krr4_krft_rl06
localize,#subtitle_zm_zs4i_krr4/zm_zs4i_krr4_krft_rl07
localize,#subtitle_zm_zs4i_krr4/zm_zs4i_krr4_krft_rl08
localize,#subtitle_zm_zs4i_krr4/zm_zs4i_krr4_krft_rl09
localize,#subtitle_zm_zs4i_krr4/zm_zs4i_krr4_krft_rm01
localize,#subtitle_zm_zs4i_krr4/zm_zs4i_krr4_krft_rm02
localize,#subtitle_zm_zs4i_krr4/zm_zs4i_krr4_krft_rm03
localize,#subtitle_zm_zs4i_krr4/zm_zs4i_krr4_krft_rm04
localize,#subtitle_zm_zs4i_krr4/zm_zs4i_krr4_krft_rm05
localize,#subtitle_zm_zs4i_krr4/zm_zs4i_krr4_krft_rm06
localize,#subtitle_zm_zs4i_krr4/zm_zs4i_krr4_krft_rm07
localize,#subtitle_zm_zs4i_krr4/zm_zs4i_krr4_krft_rm08
localize,#subtitle_zm_zs5i_dea5/bellekar
localize,#subtitle_zm_zs5i_dea5/saraxis
localize,#subtitle_zm_zs5i_dea5/vercanna
localize,#subtitle_zm_zs5i_dea5/zm_zs5i_dea5_blkr_am01_1
localize,#subtitle_zm_zs5i_dea5/zm_zs5i_dea5_blkr_am03_1
localize,#subtitle_zm_zs5i_dea5/zm_zs5i_dea5_blkr_am05_1
localize,#subtitle_zm_zs5i_dea5/zm_zs5i_dea5_blkr_am07_1
localize,#subtitle_zm_zs5i_dea5/zm_zs5i_dea5_blkr_am09_1
localize,#subtitle_zm_zs5i_dea5/zm_zs5i_dea5_blkr_an01_1
localize,#subtitle_zm_zs5i_dea5/zm_zs5i_dea5_blkr_an03_1
localize,#subtitle_zm_zs5i_dea5/zm_zs5i_dea5_blkr_an05_1
localize,#subtitle_zm_zs5i_dea5/zm_zs5i_dea5_blkr_an06_1
localize,#subtitle_zm_zs5i_dea5/zm_zs5i_dea5_blkr_an08_1
localize,#subtitle_zm_zs5i_dea5/zm_zs5i_dea5_blkr_an11_1
localize,#subtitle_zm_zs5i_dea5/zm_zs5i_dea5_blkr_ao01_1
localize,#subtitle_zm_zs5i_dea5/zm_zs5i_dea5_blkr_ao02_1
localize,#subtitle_zm_zs5i_dea5/zm_zs5i_dea5_blkr_ao03_1
localize,#subtitle_zm_zs5i_dea5/zm_zs5i_dea5_blkr_ao04_1
localize,#subtitle_zm_zs5i_dea5/zm_zs5i_dea5_blkr_ao05_1
localize,#subtitle_zm_zs5i_dea5/zm_zs5i_dea5_blkr_ao06_1
localize,#subtitle_zm_zs5i_dea5/zm_zs5i_dea5_blkr_ao07_1
localize,#subtitle_zm_zs5i_dea5/zm_zs5i_dea5_dsrx_an02_1
localize,#subtitle_zm_zs5i_dea5/zm_zs5i_dea5_dsrx_an04_1
localize,#subtitle_zm_zs5i_dea5/zm_zs5i_dea5_dsrx_an07_1
localize,#subtitle_zm_zs5i_dea5/zm_zs5i_dea5_dsrx_an09_1
localize,#subtitle_zm_zs5i_dea5/zm_zs5i_dea5_dsrx_an10_1
localize,#subtitle_zm_zs5i_dea5/zm_zs5i_dea5_vrcn_am02_1
localize,#subtitle_zm_zs5i_dea5/zm_zs5i_dea5_vrcn_am04_1
localize,#subtitle_zm_zs5i_dea5/zm_zs5i_dea5_vrcn_am06_1
localize,#subtitle_zm_zs5i_dea5/zm_zs5i_dea5_vrcn_am08_1
localize,#subtitle_zm_zs5i_der5/bellekar
localize,#subtitle_zm_zs5i_der5/saraxis
localize,#subtitle_zm_zs5i_der5/vercanna
localize,#subtitle_zm_zs5i_der5/zm_zs5i_der5_blkr_ro01_1
localize,#subtitle_zm_zs5i_der5/zm_zs5i_der5_blkr_ro02_1
localize,#subtitle_zm_zs5i_der5/zm_zs5i_der5_blkr_ro03_1
localize,#subtitle_zm_zs5i_der5/zm_zs5i_der5_blkr_ro04_1
localize,#subtitle_zm_zs5i_der5/zm_zs5i_der5_blkr_ro05_1
localize,#subtitle_zm_zs5i_der5/zm_zs5i_der5_blkr_ro06_1
localize,#subtitle_zm_zs5i_der5/zm_zs5i_der5_blkr_ro07_1
localize,#subtitle_zm_zs5i_der5/zm_zs5i_der5_blkr_ro08_1
localize,#subtitle_zm_zs5i_der5/zm_zs5i_der5_blkr_ro09_1
localize,#subtitle_zm_zs5i_der5/zm_zs5i_der5_dsrx_rn01_1
localize,#subtitle_zm_zs5i_der5/zm_zs5i_der5_dsrx_rn02_1
localize,#subtitle_zm_zs5i_der5/zm_zs5i_der5_dsrx_rn03_1
localize,#subtitle_zm_zs5i_der5/zm_zs5i_der5_dsrx_rn04_1
localize,#subtitle_zm_zs5i_der5/zm_zs5i_der5_dsrx_rn05_1
localize,#subtitle_zm_zs5i_der5/zm_zs5i_der5_dsrx_rn06_1
localize,#subtitle_zm_zs5i_der5/zm_zs5i_der5_dsrx_rn07_1
localize,#subtitle_zm_zs5i_der5/zm_zs5i_der5_dsrx_rn08_1
localize,#subtitle_zm_zs5i_der5/zm_zs5i_der5_dsrx_rn09_1
localize,#subtitle_zm_zs5i_der5/zm_zs5i_der5_vrcn_rm01_1
localize,#subtitle_zm_zs5i_der5/zm_zs5i_der5_vrcn_rm02_1
localize,#subtitle_zm_zs5i_der5/zm_zs5i_der5_vrcn_rm03_1
localize,#subtitle_zm_zs5i_der5/zm_zs5i_der5_vrcn_rm04_1
localize,#subtitle_zm_zs5i_der5/zm_zs5i_der5_vrcn_rm05_1
localize,#subtitle_zm_zs5i_der5/zm_zs5i_der5_vrcn_rm06_1
localize,#subtitle_zm_zs5i_der5/zm_zs5i_der5_vrcn_rm07_1
localize,#subtitle_zm_zs5i_der5/zm_zs5i_der5_vrcn_rm08_1
localize,#subtitle_zm_zs5i_der5/zm_zs5i_der5_vrcn_rm09_1
localize,#subtitle_zm_zs5i_dwa5/kortifex
localize,#subtitle_zm_zs5i_dwa5/von_list
localize,#subtitle_zm_zs5i_dwa5/zm_zs5i_dwa5_krtx_am02_1
localize,#subtitle_zm_zs5i_dwa5/zm_zs5i_dwa5_krtx_am04_1
localize,#subtitle_zm_zs5i_dwa5/zm_zs5i_dwa5_krtx_am06_1
localize,#subtitle_zm_zs5i_dwa5/zm_zs5i_dwa5_krtx_am07_1
localize,#subtitle_zm_zs5i_dwa5/zm_zs5i_dwa5_krtx_am09_1
localize,#subtitle_zm_zs5i_dwa5/zm_zs5i_dwa5_krtx_an01_1
localize,#subtitle_zm_zs5i_dwa5/zm_zs5i_dwa5_krtx_an03_1
localize,#subtitle_zm_zs5i_dwa5/zm_zs5i_dwa5_krtx_an04_1
localize,#subtitle_zm_zs5i_dwa5/zm_zs5i_dwa5_krtx_an06_1
localize,#subtitle_zm_zs5i_dwa5/zm_zs5i_dwa5_krtx_an07_1
localize,#subtitle_zm_zs5i_dwa5/zm_zs5i_dwa5_krtx_an08_1
localize,#subtitle_zm_zs5i_dwa5/zm_zs5i_dwa5_vlst_am01_1
localize,#subtitle_zm_zs5i_dwa5/zm_zs5i_dwa5_vlst_am03_1
localize,#subtitle_zm_zs5i_dwa5/zm_zs5i_dwa5_vlst_am05_1
localize,#subtitle_zm_zs5i_dwa5/zm_zs5i_dwa5_vlst_am08_1
localize,#subtitle_zm_zs5i_dwa5/zm_zs5i_dwa5_vlst_am10_1
localize,#subtitle_zm_zs5i_dwa5/zm_zs5i_dwa5_vlst_an02_1
localize,#subtitle_zm_zs5i_dwa5/zm_zs5i_dwa5_vlst_an05_1
localize,#subtitle_zm_zs5i_dwa5/zm_zs5i_dwa5_vlst_an09_1
localize,#subtitle_zm_zs5i_dwr5/von_list
localize,#subtitle_zm_zs5i_dwr5/zm_zs5i_dwr5_vlst_rm01_1
localize,#subtitle_zm_zs5i_dwr5/zm_zs5i_dwr5_vlst_rm02_1
localize,#subtitle_zm_zs5i_dwr5/zm_zs5i_dwr5_vlst_rm03_1
localize,#subtitle_zm_zs5i_dwr5/zm_zs5i_dwr5_vlst_rm04_1
localize,#subtitle_zm_zs5i_dwr5/zm_zs5i_dwr5_vlst_rm05_1
localize,#subtitle_zm_zs5i_dwr5/zm_zs5i_dwr5_vlst_rm06_1
localize,#subtitle_zm_zs5i_dwr5/zm_zs5i_dwr5_vlst_rm07_1
localize,#subtitle_zm_zs5i_dwr5/zm_zs5i_dwr5_vlst_rm08_1
localize,#subtitle_zm_zs5i_dwr5/zm_zs5i_dwr5_vlst_rm09_1
localize,#subtitle_zm_zs5i_dwr5/zm_zs5i_dwr5_vlst_rm10_1
localize,#subtitle_zm_zs5i_dwr5/zm_zs5i_dwr5_vlst_rm11_1
localize,#subtitle_zm_zs5i_dwr5/zm_zs5i_dwr5_vlst_rn01_1
localize,#subtitle_zm_zs5i_dwr5/zm_zs5i_dwr5_vlst_rn02_1
localize,#subtitle_zm_zs5i_dwr5/zm_zs5i_dwr5_vlst_rn03_1
localize,#subtitle_zm_zs5i_dwr5/zm_zs5i_dwr5_vlst_rn04_1
localize,#subtitle_zm_zs5i_dwr5/zm_zs5i_dwr5_vlst_rn05_1
localize,#subtitle_zm_zs5i_dwr5/zm_zs5i_dwr5_vlst_rn06_1
localize,#subtitle_zm_zs5i_dwr5/zm_zs5i_dwr5_vlst_rn07_1
localize,#subtitle_zm_zs5i_dwr5/zm_zs5i_dwr5_vlst_rn08_1
localize,#subtitle_zm_zs5i_kra5/krafft
localize,#subtitle_zm_zs5i_kra5/zm_zs5i_kra5_krft_am01_1
localize,#subtitle_zm_zs5i_kra5/zm_zs5i_kra5_krft_am02_1
localize,#subtitle_zm_zs5i_kra5/zm_zs5i_kra5_krft_am03_1
localize,#subtitle_zm_zs5i_kra5/zm_zs5i_kra5_krft_am04_1
localize,#subtitle_zm_zs5i_kra5/zm_zs5i_kra5_krft_am05_1
localize,#subtitle_zm_zs5i_kra5/zm_zs5i_kra5_krft_am06_1
localize,#subtitle_zm_zs5i_kra5/zm_zs5i_kra5_krft_am07_1
localize,#subtitle_zm_zs5i_kra5/zm_zs5i_kra5_krft_am08_1
localize,#subtitle_zm_zs5i_kra5/zm_zs5i_kra5_krft_am09_1
localize,#subtitle_zm_zs5i_kra5/zm_zs5i_kra5_krft_am10_1
localize,#subtitle_zm_zs5i_kra5/zm_zs5i_kra5_krft_am11_1
localize,#subtitle_zm_zs5i_krr5/krafft
localize,#subtitle_zm_zs5i_krr5/zm_zs5i_krr5_krft_rn01_1
localize,#subtitle_zm_zs5i_krr5/zm_zs5i_krr5_krft_rn02_1
localize,#subtitle_zm_zs5i_krr5/zm_zs5i_krr5_krft_rn03_1
localize,#subtitle_zm_zs5i_krr5/zm_zs5i_krr5_krft_rn04_1
localize,#subtitle_zm_zs5i_krr5/zm_zs5i_krr5_krft_rn05_1
localize,#subtitle_zm_zs5i_krr5/zm_zs5i_krr5_krft_rn06
localize,#subtitle_zm_zs5i_krr5/zm_zs5i_krr5_krft_rn07_1
localize,#subtitle_zm_zs5i_krr5/zm_zs5i_krr5_krft_rn08_1
localize,#subtitle_zm_zs5i_krr5/zm_zs5i_krr5_krft_rn09_1
localize,#subtitle_zm_ztms_cblt/thomas_bolt
localize,#subtitle_zm_ztms_cblt/zm_ztms_cblt_thbl_arpl_1
localize,#subtitle_zm_ztms_cblt/zm_ztms_cblt_thbl_arpl_10
localize,#subtitle_zm_ztms_cblt/zm_ztms_cblt_thbl_arpl_2
localize,#subtitle_zm_ztms_cblt/zm_ztms_cblt_thbl_arpl_3
localize,#subtitle_zm_ztms_cblt/zm_ztms_cblt_thbl_arpl_4
localize,#subtitle_zm_ztms_cblt/zm_ztms_cblt_thbl_arpl_5
localize,#subtitle_zm_ztms_cblt/zm_ztms_cblt_thbl_arpl_6
localize,#subtitle_zm_ztms_cblt/zm_ztms_cblt_thbl_arpl_7
localize,#subtitle_zm_ztms_cblt/zm_ztms_cblt_thbl_arpl_8
localize,#subtitle_zm_ztms_cblt/zm_ztms_cblt_thbl_arpl_9
localize,#subtitle_zm_ztms_cblt/zm_ztms_cblt_thbl_atkz_1
localize,#subtitle_zm_ztms_cblt/zm_ztms_cblt_thbl_atkz_10
localize,#subtitle_zm_ztms_cblt/zm_ztms_cblt_thbl_atkz_2
localize,#subtitle_zm_ztms_cblt/zm_ztms_cblt_thbl_atkz_3
localize,#subtitle_zm_ztms_cblt/zm_ztms_cblt_thbl_atkz_4
localize,#subtitle_zm_ztms_cblt/zm_ztms_cblt_thbl_atkz_5
localize,#subtitle_zm_ztms_cblt/zm_ztms_cblt_thbl_atkz_6
localize,#subtitle_zm_ztms_cblt/zm_ztms_cblt_thbl_atkz_7
localize,#subtitle_zm_ztms_cblt/zm_ztms_cblt_thbl_atkz_8
localize,#subtitle_zm_ztms_cblt/zm_ztms_cblt_thbl_atkz_9
localize,#subtitle_zm_ztms_cblt/zm_ztms_cblt_thbl_kmnk_1
localize,#subtitle_zm_ztms_cblt/zm_ztms_cblt_thbl_kmnk_2
localize,#subtitle_zm_ztms_cblt/zm_ztms_cblt_thbl_kmnk_3
localize,#subtitle_zm_ztms_cblt/zm_ztms_cblt_thbl_kmnk_4
localize,#subtitle_zm_ztms_cblt/zm_ztms_cblt_thbl_kmnk_5
localize,#subtitle_zm_ztms_cblt/zm_ztms_cblt_thbl_kmnk_6
localize,#subtitle_zm_ztms_cblt/zm_ztms_cblt_thbl_kzcl_1
localize,#subtitle_zm_ztms_cblt/zm_ztms_cblt_thbl_kzcl_10
localize,#subtitle_zm_ztms_cblt/zm_ztms_cblt_thbl_kzcl_2
localize,#subtitle_zm_ztms_cblt/zm_ztms_cblt_thbl_kzcl_3
localize,#subtitle_zm_ztms_cblt/zm_ztms_cblt_thbl_kzcl_4
localize,#subtitle_zm_ztms_cblt/zm_ztms_cblt_thbl_kzcl_5
localize,#subtitle_zm_ztms_cblt/zm_ztms_cblt_thbl_kzcl_6
localize,#subtitle_zm_ztms_cblt/zm_ztms_cblt_thbl_kzcl_7
localize,#subtitle_zm_ztms_cblt/zm_ztms_cblt_thbl_kzcl_8
localize,#subtitle_zm_ztms_cblt/zm_ztms_cblt_thbl_kzcl_9
localize,#subtitle_zm_ztms_cblt/zm_ztms_cblt_thbl_kzhs_1
localize,#subtitle_zm_ztms_cblt/zm_ztms_cblt_thbl_kzhs_10
localize,#subtitle_zm_ztms_cblt/zm_ztms_cblt_thbl_kzhs_2
localize,#subtitle_zm_ztms_cblt/zm_ztms_cblt_thbl_kzhs_3
localize,#subtitle_zm_ztms_cblt/zm_ztms_cblt_thbl_kzhs_4
localize,#subtitle_zm_ztms_cblt/zm_ztms_cblt_thbl_kzhs_5
localize,#subtitle_zm_ztms_cblt/zm_ztms_cblt_thbl_kzhs_6
localize,#subtitle_zm_ztms_cblt/zm_ztms_cblt_thbl_kzhs_7
localize,#subtitle_zm_ztms_cblt/zm_ztms_cblt_thbl_kzhs_8
localize,#subtitle_zm_ztms_cblt/zm_ztms_cblt_thbl_kzhs_9
localize,#subtitle_zm_ztms_cblt/zm_ztms_cblt_thbl_kzjg_1
localize,#subtitle_zm_ztms_cblt/zm_ztms_cblt_thbl_kzjg_10
localize,#subtitle_zm_ztms_cblt/zm_ztms_cblt_thbl_kzjg_2
localize,#subtitle_zm_ztms_cblt/zm_ztms_cblt_thbl_kzjg_3
localize,#subtitle_zm_ztms_cblt/zm_ztms_cblt_thbl_kzjg_4
localize,#subtitle_zm_ztms_cblt/zm_ztms_cblt_thbl_kzjg_5
localize,#subtitle_zm_ztms_cblt/zm_ztms_cblt_thbl_kzjg_6
localize,#subtitle_zm_ztms_cblt/zm_ztms_cblt_thbl_kzjg_7
localize,#subtitle_zm_ztms_cblt/zm_ztms_cblt_thbl_kzjg_8
localize,#subtitle_zm_ztms_cblt/zm_ztms_cblt_thbl_kzjg_9
localize,#subtitle_zm_ztms_cblt/zm_ztms_cblt_thbl_kzks_1
localize,#subtitle_zm_ztms_cblt/zm_ztms_cblt_thbl_kzks_10
localize,#subtitle_zm_ztms_cblt/zm_ztms_cblt_thbl_kzks_2
localize,#subtitle_zm_ztms_cblt/zm_ztms_cblt_thbl_kzks_3
localize,#subtitle_zm_ztms_cblt/zm_ztms_cblt_thbl_kzks_4
localize,#subtitle_zm_ztms_cblt/zm_ztms_cblt_thbl_kzks_5
localize,#subtitle_zm_ztms_cblt/zm_ztms_cblt_thbl_kzks_6
localize,#subtitle_zm_ztms_cblt/zm_ztms_cblt_thbl_kzks_7
localize,#subtitle_zm_ztms_cblt/zm_ztms_cblt_thbl_kzks_8
localize,#subtitle_zm_ztms_cblt/zm_ztms_cblt_thbl_kzks_9
localize,#subtitle_zm_ztms_cblt/zm_ztms_cblt_thbl_kzrv_1
localize,#subtitle_zm_ztms_cblt/zm_ztms_cblt_thbl_kzrv_10
localize,#subtitle_zm_ztms_cblt/zm_ztms_cblt_thbl_kzrv_2
localize,#subtitle_zm_ztms_cblt/zm_ztms_cblt_thbl_kzrv_3
localize,#subtitle_zm_ztms_cblt/zm_ztms_cblt_thbl_kzrv_4
localize,#subtitle_zm_ztms_cblt/zm_ztms_cblt_thbl_kzrv_5
localize,#subtitle_zm_ztms_cblt/zm_ztms_cblt_thbl_kzrv_6
localize,#subtitle_zm_ztms_cblt/zm_ztms_cblt_thbl_kzrv_7
localize,#subtitle_zm_ztms_cblt/zm_ztms_cblt_thbl_kzrv_8
localize,#subtitle_zm_ztms_cblt/zm_ztms_cblt_thbl_kzrv_9
localize,#subtitle_zm_ztms_cblt/zm_ztms_cblt_thbl_kzsu_1
localize,#subtitle_zm_ztms_cblt/zm_ztms_cblt_thbl_kzsu_10
localize,#subtitle_zm_ztms_cblt/zm_ztms_cblt_thbl_kzsu_2
localize,#subtitle_zm_ztms_cblt/zm_ztms_cblt_thbl_kzsu_3
localize,#subtitle_zm_ztms_cblt/zm_ztms_cblt_thbl_kzsu_4
localize,#subtitle_zm_ztms_cblt/zm_ztms_cblt_thbl_kzsu_5
localize,#subtitle_zm_ztms_cblt/zm_ztms_cblt_thbl_kzsu_6
localize,#subtitle_zm_ztms_cblt/zm_ztms_cblt_thbl_kzsu_7
localize,#subtitle_zm_ztms_cblt/zm_ztms_cblt_thbl_kzsu_8
localize,#subtitle_zm_ztms_cblt/zm_ztms_cblt_thbl_kzsu_9
localize,#subtitle_zm_ztms_cblt/zm_ztms_cblt_thbl_pitm_1
localize,#subtitle_zm_ztms_cblt/zm_ztms_cblt_thbl_pitm_10
localize,#subtitle_zm_ztms_cblt/zm_ztms_cblt_thbl_pitm_2
localize,#subtitle_zm_ztms_cblt/zm_ztms_cblt_thbl_pitm_3
localize,#subtitle_zm_ztms_cblt/zm_ztms_cblt_thbl_pitm_4
localize,#subtitle_zm_ztms_cblt/zm_ztms_cblt_thbl_pitm_5
localize,#subtitle_zm_ztms_cblt/zm_ztms_cblt_thbl_pitm_6
localize,#subtitle_zm_ztms_cblt/zm_ztms_cblt_thbl_pitm_7
localize,#subtitle_zm_ztms_cblt/zm_ztms_cblt_thbl_pitm_8
localize,#subtitle_zm_ztms_cblt/zm_ztms_cblt_thbl_pitm_9
localize,#subtitle_zm_ztms_cblt/zm_ztms_cblt_thbl_plmg_1
localize,#subtitle_zm_ztms_cblt/zm_ztms_cblt_thbl_plmg_2
localize,#subtitle_zm_ztms_cblt/zm_ztms_cblt_thbl_plmg_3
localize,#subtitle_zm_ztms_cblt/zm_ztms_cblt_thbl_plmg_4
localize,#subtitle_zm_ztms_cblt/zm_ztms_cblt_thbl_plmg_5
localize,#subtitle_zm_ztms_cblt/zm_ztms_cblt_thbl_pmel_1
localize,#subtitle_zm_ztms_cblt/zm_ztms_cblt_thbl_pmel_2
localize,#subtitle_zm_ztms_cblt/zm_ztms_cblt_thbl_pmel_3
localize,#subtitle_zm_ztms_cblt/zm_ztms_cblt_thbl_pmel_4
localize,#subtitle_zm_ztms_cblt/zm_ztms_cblt_thbl_pmel_5
localize,#subtitle_zm_ztms_cblt/zm_ztms_cblt_thbl_pmrk_1
localize,#subtitle_zm_ztms_cblt/zm_ztms_cblt_thbl_pmrk_2
localize,#subtitle_zm_ztms_cblt/zm_ztms_cblt_thbl_pmrk_3
localize,#subtitle_zm_ztms_cblt/zm_ztms_cblt_thbl_pmrk_4
localize,#subtitle_zm_ztms_cblt/zm_ztms_cblt_thbl_pmrk_5
localize,#subtitle_zm_ztms_cblt/zm_ztms_cblt_thbl_psht_1
localize,#subtitle_zm_ztms_cblt/zm_ztms_cblt_thbl_psht_2
localize,#subtitle_zm_ztms_cblt/zm_ztms_cblt_thbl_psht_3
localize,#subtitle_zm_ztms_cblt/zm_ztms_cblt_thbl_psht_4
localize,#subtitle_zm_ztms_cblt/zm_ztms_cblt_thbl_psht_5
localize,#subtitle_zm_ztms_cblt/zm_ztms_cblt_thbl_psmg_1
localize,#subtitle_zm_ztms_cblt/zm_ztms_cblt_thbl_psmg_2
localize,#subtitle_zm_ztms_cblt/zm_ztms_cblt_thbl_psmg_3
localize,#subtitle_zm_ztms_cblt/zm_ztms_cblt_thbl_psmg_4
localize,#subtitle_zm_ztms_cblt/zm_ztms_cblt_thbl_psmg_5
localize,#subtitle_zm_ztms_cblt/zm_ztms_cblt_thbl_psnp_1
localize,#subtitle_zm_ztms_cblt/zm_ztms_cblt_thbl_psnp_2
localize,#subtitle_zm_ztms_cblt/zm_ztms_cblt_thbl_psnp_3
localize,#subtitle_zm_ztms_cblt/zm_ztms_cblt_thbl_psnp_4
localize,#subtitle_zm_ztms_cblt/zm_ztms_cblt_thbl_psnp_5
localize,#subtitle_zm_ztms_cblt/zm_ztms_cblt_thbl_pwar_1
localize,#subtitle_zm_ztms_cblt/zm_ztms_cblt_thbl_pwar_2
localize,#subtitle_zm_ztms_cblt/zm_ztms_cblt_thbl_pwar_3
localize,#subtitle_zm_ztms_cblt/zm_ztms_cblt_thbl_pwar_4
localize,#subtitle_zm_ztms_cblt/zm_ztms_cblt_thbl_pwar_5
localize,#subtitle_zm_ztms_cblt/zm_ztms_cblt_thbl_pwpn_1
localize,#subtitle_zm_ztms_cblt/zm_ztms_cblt_thbl_pwpn_2
localize,#subtitle_zm_ztms_cblt/zm_ztms_cblt_thbl_pwpn_3
localize,#subtitle_zm_ztms_cblt/zm_ztms_cblt_thbl_pwpn_4
localize,#subtitle_zm_ztms_cblt/zm_ztms_cblt_thbl_pwpn_5
localize,#subtitle_zm_ztms_cblt/zm_ztms_cblt_thbl_raup_1
localize,#subtitle_zm_ztms_cblt/zm_ztms_cblt_thbl_raup_10
localize,#subtitle_zm_ztms_cblt/zm_ztms_cblt_thbl_raup_2
localize,#subtitle_zm_ztms_cblt/zm_ztms_cblt_thbl_raup_3
localize,#subtitle_zm_ztms_cblt/zm_ztms_cblt_thbl_raup_4
localize,#subtitle_zm_ztms_cblt/zm_ztms_cblt_thbl_raup_5
localize,#subtitle_zm_ztms_cblt/zm_ztms_cblt_thbl_raup_6
localize,#subtitle_zm_ztms_cblt/zm_ztms_cblt_thbl_raup_7
localize,#subtitle_zm_ztms_cblt/zm_ztms_cblt_thbl_raup_8
localize,#subtitle_zm_ztms_cblt/zm_ztms_cblt_thbl_raup_9
localize,#subtitle_zm_ztms_cblt/zm_ztms_cblt_thbl_rcvn_1
localize,#subtitle_zm_ztms_cblt/zm_ztms_cblt_thbl_rcvn_10
localize,#subtitle_zm_ztms_cblt/zm_ztms_cblt_thbl_rcvn_2
localize,#subtitle_zm_ztms_cblt/zm_ztms_cblt_thbl_rcvn_3
localize,#subtitle_zm_ztms_cblt/zm_ztms_cblt_thbl_rcvn_4
localize,#subtitle_zm_ztms_cblt/zm_ztms_cblt_thbl_rcvn_5
localize,#subtitle_zm_ztms_cblt/zm_ztms_cblt_thbl_rcvn_6
localize,#subtitle_zm_ztms_cblt/zm_ztms_cblt_thbl_rcvn_7
localize,#subtitle_zm_ztms_cblt/zm_ztms_cblt_thbl_rcvn_8
localize,#subtitle_zm_ztms_cblt/zm_ztms_cblt_thbl_rcvn_9
localize,#subtitle_zm_ztms_cblt/zm_ztms_cblt_thbl_rdwn_1
localize,#subtitle_zm_ztms_cblt/zm_ztms_cblt_thbl_rdwn_2
localize,#subtitle_zm_ztms_cblt/zm_ztms_cblt_thbl_rdwn_3
localize,#subtitle_zm_ztms_cblt/zm_ztms_cblt_thbl_rdwn_4
localize,#subtitle_zm_ztms_cblt/zm_ztms_cblt_thbl_rdwn_5
localize,#subtitle_zm_ztms_cblt/zm_ztms_cblt_thbl_rdwn_6
localize,#subtitle_zm_ztms_cblt/zm_ztms_cblt_thbl_rdwn_7
localize,#subtitle_zm_ztms_cblt/zm_ztms_cblt_thbl_rdwn_8
localize,#subtitle_zm_ztms_cblt/zm_ztms_cblt_thbl_rplr_1
localize,#subtitle_zm_ztms_cblt/zm_ztms_cblt_thbl_rplr_10
localize,#subtitle_zm_ztms_cblt/zm_ztms_cblt_thbl_rplr_2
localize,#subtitle_zm_ztms_cblt/zm_ztms_cblt_thbl_rplr_3
localize,#subtitle_zm_ztms_cblt/zm_ztms_cblt_thbl_rplr_4
localize,#subtitle_zm_ztms_cblt/zm_ztms_cblt_thbl_rplr_5
localize,#subtitle_zm_ztms_cblt/zm_ztms_cblt_thbl_rplr_6
localize,#subtitle_zm_ztms_cblt/zm_ztms_cblt_thbl_rplr_7
localize,#subtitle_zm_ztms_cblt/zm_ztms_cblt_thbl_rplr_8
localize,#subtitle_zm_ztms_cblt/zm_ztms_cblt_thbl_rplr_9
localize,#subtitle_zm_ztms_cblt/zm_ztms_cblt_thbl_rprk_1
localize,#subtitle_zm_ztms_cblt/zm_ztms_cblt_thbl_rprk_10
localize,#subtitle_zm_ztms_cblt/zm_ztms_cblt_thbl_rprk_2
localize,#subtitle_zm_ztms_cblt/zm_ztms_cblt_thbl_rprk_3
localize,#subtitle_zm_ztms_cblt/zm_ztms_cblt_thbl_rprk_4
localize,#subtitle_zm_ztms_cblt/zm_ztms_cblt_thbl_rprk_5
localize,#subtitle_zm_ztms_cblt/zm_ztms_cblt_thbl_rprk_6
localize,#subtitle_zm_ztms_cblt/zm_ztms_cblt_thbl_rprk_7
localize,#subtitle_zm_ztms_cblt/zm_ztms_cblt_thbl_rprk_8
localize,#subtitle_zm_ztms_cblt/zm_ztms_cblt_thbl_rprk_9
localize,#subtitle_zm_ztms_cblt/zm_ztms_cblt_thbl_rrev_1
localize,#subtitle_zm_ztms_cblt/zm_ztms_cblt_thbl_rrev_2
localize,#subtitle_zm_ztms_cblt/zm_ztms_cblt_thbl_rrev_3
localize,#subtitle_zm_ztms_cblt/zm_ztms_cblt_thbl_rrev_4
localize,#subtitle_zm_ztms_cblt/zm_ztms_cblt_thbl_rrev_5
localize,#subtitle_zm_ztms_cblt/zm_ztms_cblt_thbl_rrev_6
localize,#subtitle_zm_ztms_cblt/zm_ztms_cblt_thbl_rrev_7
localize,#subtitle_zm_ztms_cblt/zm_ztms_cblt_thbl_rrev_8
localize,#subtitle_zm_ztms_cblt/zm_ztms_cblt_thbl_rrvr_1
localize,#subtitle_zm_ztms_cblt/zm_ztms_cblt_thbl_rrvr_2
localize,#subtitle_zm_ztms_cblt/zm_ztms_cblt_thbl_rrvr_3
localize,#subtitle_zm_ztms_cblt/zm_ztms_cblt_thbl_rrvr_4
localize,#subtitle_zm_ztms_cblt/zm_ztms_cblt_thbl_rrvr_5
localize,#subtitle_zm_ztms_cblt/zm_ztms_cblt_thbl_rrvr_6
localize,#subtitle_zm_ztms_cblt/zm_ztms_cblt_thbl_rrvr_7
localize,#subtitle_zm_ztms_cblt/zm_ztms_cblt_thbl_rrvr_8
localize,#subtitle_zm_ztms_cblt/zm_ztms_cblt_thbl_wcir_1
localize,#subtitle_zm_ztms_cblt/zm_ztms_cblt_thbl_wcir_2
localize,#subtitle_zm_ztms_cblt/zm_ztms_cblt_thbl_wcir_3
localize,#subtitle_zm_ztms_cblt/zm_ztms_cblt_thbl_wcir_4
localize,#vehicles_hints/apc_rus_driver_enter
localize,#vehicles_hints/apc_rus_enter
localize,#vehicles_hints/atv_driver_enter
localize,#vehicles_hints/atv_enter
localize,#vehicles_hints/big_bird_enter
localize,#vehicles_hints/big_bird_pilot_enter
localize,#vehicles_hints/cargo_truck_driver_enter
localize,#vehicles_hints/cargo_truck_enter
localize,#vehicles_hints/cd12_transport_driver_enter
localize,#vehicles_hints/cd12_transport_enter
localize,#vehicles_hints/cop_car_driver_enter
localize,#vehicles_hints/cop_car_enter
localize,#vehicles_hints/gc620_motorbike_driver_enter
localize,#vehicles_hints/gc620_motorbike_enter
localize,#vehicles_hints/hoopty_driver_enter
localize,#vehicles_hints/hoopty_enter
localize,#vehicles_hints/hoopty_truck_driver_enter
localize,#vehicles_hints/hoopty_truck_enter
localize,#vehicles_hints/jeep_driver_enter
localize,#vehicles_hints/jeep_enter
localize,#vehicles_hints/large_transport_driver_enter
localize,#vehicles_hints/large_transport_enter
localize,#vehicles_hints/little_bird_enter
localize,#vehicles_hints/little_bird_gunner_enter
localize,#vehicles_hints/little_bird_pilot_enter
localize,#vehicles_hints/med_transport_driver_enter
localize,#vehicles_hints/med_transport_enter
localize,#vehicles_hints/pickup_truck_driver_enter
localize,#vehicles_hints/pickup_truck_enter
localize,#vehicles_hints/sherman_tank_driver_enter
localize,#vehicles_hints/sherman_tank_enter
localize,#vehicles_hints/tac_rover_driver_enter
localize,#vehicles_hints/tac_rover_enter
localize,#vehicles_hints/technical_driver_enter
localize,#vehicles_hints/technical_enter
localize,#vehicles_hints/van_driver_enter
localize,#vehicles_hints/van_enter
streamkey,#common_cp_english_loaded
streamkey,#common_cp_s2_6_english_loaded
streamkey,#common_cp_s3_0_english_loaded
streamkey,#common_cp_s3_5_english_loaded
streamkey,#common_cp_s4_0_english_loaded
streamkey,#common_cp_s4_5_english_loaded
streamkey,#common_cp_s5_0_english_loaded
streamkey,#common_cp_s5_5_english_loaded
soundbank,#common_cp.english
soundbank,#common_cp_s2_6.english
soundbank,#common_cp_s3_0.english
soundbank,#common_cp_s3_5.english
soundbank,#common_cp_s4_0.english
soundbank,#common_cp_s4_5.english
soundbank,#common_cp_s5_0.english
soundbank,#common_cp_s5_5.english