type,name
xmodeldetailcollision,#accessory_boat_barge_hull_internal_anchor_01
xmodeldetailcollision,#accessory_dock_anchor_01
xmodeldetailcollision,#accessory_sleeping_bag_rolled_green
xmodeldetailcollision,#as_utility_pole_megaphone_mounted
xmodeldetailcollision,#barrier_pedestrian_metal_01
xmodeldetailcollision,#barrier_traffic_concrete_block_05
xmodeldetailcollision,#bldg_back_pub_pillar_03
xmodeldetailcollision,#bucket_plastic
xmodeldetailcollision,#building_horse_stall_wood_beam_01
xmodeldetailcollision,#building_roof_lip_01_48
xmodeldetailcollision,#building_roof_lip_01_8
xmodeldetailcollision,#building_roof_lip_01_corner_inside
xmodeldetailcollision,#building_roof_lip_01_corner_outside
xmodeldetailcollision,#building_roof_lip_01_end
xmodeldetailcollision,#building_roof_lip_01_tan_128
xmodeldetailcollision,#building_roof_lip_01_tan_32
xmodeldetailcollision,#building_roof_lip_01_tan_64
xmodeldetailcollision,#building_tarp_hazmat_floor_corner_blue_flat_01
xmodeldetailcollision,#com_cash_register
xmodeldetailcollision,#com_floodlight
xmodeldetailcollision,#construction_bridge_arch_brick_01
xmodeldetailcollision,#construction_doors_metal_frame_double_b_03_mp
xmodeldetailcollision,#container_barrel_plastic_01_closed
xmodeldetailcollision,#container_trash_can_plastic_kitchen_01
xmodeldetailcollision,#cp_disco_chainlink_fence_anim
xmodeldetailcollision,#cp_disco_chainlink_tarp_fence_b_destr
xmodeldetailcollision,#cp_disco_roof_chimney_short
xmodeldetailcollision,#debris_coal_pile_02_cp_raid_complex
xmodeldetailcollision,#debris_corrugated_panels_metal_flat_green_large
xmodeldetailcollision,#debris_corrugated_panels_metal_white
xmodeldetailcollision,#decor_cafe_wood_decorative_01_element_03_corner
xmodeldetailcollision,#decor_clock_tower_02_no_emis
xmodeldetailcollision,#decor_fishing_nets_pile_02
xmodeldetailcollision,#door_frame_metal_04_flat_painted_mp_clean_double_green
xmodeldetailcollision,#door_frame_wooden_panel_mp_01_white
xmodeldetailcollision,#door_glass_metal_01_rl
xmodeldetailcollision,#double_door_frame_tvstation
xmodeldetailcollision,#ee_appliance_vending_machine_soda_english_b
xmodeldetailcollision,#ee_buildings_industrial_radiotower_ladder_cage_128_01
xmodeldetailcollision,#ee_buildings_industrial_radiotower_ladder_cage_256_01
xmodeldetailcollision,#ee_can_paint_closed_03
xmodeldetailcollision,#ee_debris_tile_roof_hole_a_woodbeam_02
xmodeldetailcollision,#ee_fabric_military_tarp_hanging_floor_01
xmodeldetailcollision,#ee_fence_street_metal_01_endcap_white
xmodeldetailcollision,#ee_food_bag_beans_01
xmodeldetailcollision,#ee_furniture_wall_table_red_01_left_end
xmodeldetailcollision,#ee_light_fixture_wall_mounted_02_off_wz
xmodeldetailcollision,#ee_pillar_railing_a_128
xmodeldetailcollision,#ee_pillar_tvstation_concrete_02_448
xmodeldetailcollision,#ee_pipe_02_32
xmodeldetailcollision,#ee_pipe_03_joint_coupling_01
xmodeldetailcollision,#ee_pipe_04_16_yellow
xmodeldetailcollision,#ee_pipe_04_32_white
xmodeldetailcollision,#ee_pipe_04_64_yellow
xmodeldetailcollision,#ee_pipe_04_elbow_01_yellow
xmodeldetailcollision,#ee_pipe_05_128
xmodeldetailcollision,#ee_pipe_05_32
xmodeldetailcollision,#ee_pipe_05_64_rust
xmodeldetailcollision,#ee_pipe_05_elbow_01_rust
xmodeldetailcollision,#ee_pipe_05_joint_coupling_01
xmodeldetailcollision,#ee_pipe_05_merged_01
xmodeldetailcollision,#ee_rock_dirt_muddy_ground_a_05_light
xmodeldetailcollision,#ee_roofing_storage_support_frame_01
xmodeldetailcollision,#ee_roofing_support_01
xmodeldetailcollision,#ee_sign_alphabet_cyrillic_01_large_03
xmodeldetailcollision,#ee_sign_alphabet_cyrillic_01_large_09
xmodeldetailcollision,#ee_sign_alphabet_cyrillic_01_large_12
xmodeldetailcollision,#ee_sign_alphabet_cyrillic_01_large_13
xmodeldetailcollision,#ee_sign_alphabet_cyrillic_01_large_14
xmodeldetailcollision,#ee_sign_alphabet_cyrillic_01_large_23
xmodeldetailcollision,#ee_sign_corporate_01_use_stairs_fire_red
xmodeldetailcollision,#ee_sign_frame_bracket_16_black
xmodeldetailcollision,#ee_sign_frame_bracket_96_black
xmodeldetailcollision,#ee_sign_frame_diagonal_bracket_32_black
xmodeldetailcollision,#ee_sign_train_station_hours_01_white
xmodeldetailcollision,#ee_sign_train_station_information_01
xmodeldetailcollision,#ee_sign_train_station_information_03_white
xmodeldetailcollision,#ee_sign_train_station_information_04
xmodeldetailcollision,#ee_sign_train_station_luggage_01
xmodeldetailcollision,#ee_sign_train_station_train_icon
xmodeldetailcollision,#ee_signs_industrial_flammable_storage
xmodeldetailcollision,#ee_signs_industrial_no_trespassing
xmodeldetailcollision,#ee_signs_industrial_responsible_comrad
xmodeldetailcollision,#ee_trim_concrete_roof_128_s
xmodeldetailcollision,#ee_trim_concrete_roof_16
xmodeldetailcollision,#ee_trim_concrete_roof_256
xmodeldetailcollision,#ee_trim_concrete_roof_256_s
xmodeldetailcollision,#ee_trim_concrete_roof_64
xmodeldetailcollision,#ee_trim_concrete_roof_64_s
xmodeldetailcollision,#ee_trim_concrete_roof_8
xmodeldetailcollision,#ee_trim_concrete_roof_corner_out
xmodeldetailcollision,#ee_trim_small_roof_128_stone_beige
xmodeldetailcollision,#ee_trim_small_roof_16_stone_beige
xmodeldetailcollision,#ee_trim_small_roof_32_stone_beige
xmodeldetailcollision,#ee_trim_small_roof_64_stone_offwhite
xmodeldetailcollision,#ee_trim_small_roof_corner_outside_stone_offwhite
xmodeldetailcollision,#ee_trim_small_roof_window_02
xmodeldetailcollision,#ee_trim_wall_large_01_64_beige
xmodeldetailcollision,#ee_trim_wall_large_01_corner_beige
xmodeldetailcollision,#ee_utility_pole_traffic_light
xmodeldetailcollision,#ee_window_sill_small_01
xmodeldetailcollision,#ee_wires_stpete_cables_a_256
xmodeldetailcollision,#electrical_conduit_1_body_joint_t
xmodeldetailcollision,#electrical_conduit_1_elbow90_short
xmodeldetailcollision,#electrical_conduit_1_straight_128
xmodeldetailcollision,#electrical_conduit_1_straight_16
xmodeldetailcollision,#electrical_conduit_1_straight_4
xmodeldetailcollision,#electrical_conduit_1_straight_8
xmodeldetailcollision,#electrical_conduit_2_elbow90_short
xmodeldetailcollision,#electrical_conduit_set_electrical_meter_small_03
xmodeldetailcollision,#electrical_north_america_outlets_01_single
xmodeldetailcollision,#electrical_pole_docks_med_01
xmodeldetailcollision,#electrical_security_number_pad_01
xmodeldetailcollision,#electrical_wires_jumbled_03_outercorner
xmodeldetailcollision,#electrical_wires_jumbled_a_256
xmodeldetailcollision,#electrical_wood_pole_bracket_01
xmodeldetailcollision,#electrical_wood_pole_wires_64_03
xmodeldetailcollision,#electronics_monitor_hanging_vintage_set_off_02
xmodeldetailcollision,#electronics_monitor_wallmount
xmodeldetailcollision,#equipment_military_radio_old_01_olive
xmodeldetailcollision,#equipment_military_radio_old_06
xmodeldetailcollision,#eu_trim_hotel_bottom_52
xmodeldetailcollision,#eu_trim_hotel_bottom_a_16
xmodeldetailcollision,#eu_trim_hotel_bottom_a_4
xmodeldetailcollision,#eu_trim_hotel_bottom_a_64
xmodeldetailcollision,#eu_trim_hotel_bottom_b_16
xmodeldetailcollision,#eu_trim_hotel_bottom_b_24
xmodeldetailcollision,#eu_trim_hotel_bottom_b_64
xmodeldetailcollision,#eu_trim_hotel_btm_a_90deg_up
xmodeldetailcollision,#fence_chainlink_mid_post
xmodeldetailcollision,#fence_decor_iron_01_pole_simple_black
xmodeldetailcollision,#floor_grate_catwalk_metal_02_captive_drain
xmodeldetailcollision,#furniture_frontdesk_bikeshop
xmodeldetailcollision,#furniture_frontdesk_bikeshop_right
xmodeldetailcollision,#furniture_recessed_wall_shelf_02
xmodeldetailcollision,#furniture_restaurant_table_01_lm
xmodeldetailcollision,#furniture_rug_01_flat_03_dirty
xmodeldetailcollision,#furniture_table_folding_01_open_static
xmodeldetailcollision,#jup_ee_construction_railbridge_support_pillar_01b
xmodeldetailcollision,#jup_ee_construction_railbridge_support_pillar_01c
xmodeldetailcollision,#jup_ee_construction_railbridge_support_pillar_01e
xmodeldetailcollision,#jup_furniture_office_chair_01
xmodeldetailcollision,#jup_structural_window_frame_metal_26x28_01
xmodeldetailcollision,#jup_urz_archway_concrete_station_house_01
xmodeldetailcollision,#jup_urz_archway_concrete_station_house_02
xmodeldetailcollision,#jup_urz_building_breadcabinet_metal_store_01
xmodeldetailcollision,#jup_urz_door_concrete_station_01
xmodeldetailcollision,#jup_urz_door_frame_top_station_01
xmodeldetailcollision,#jup_urz_door_wood_hotel_01
xmodeldetailcollision,#jup_urz_door_wood_station_house_01
xmodeldetailcollision,#jup_urz_trim_concrete_station_01
xmodeldetailcollision,#jup_urz_window_concrete_station_01
xmodeldetailcollision,#jup_urz_window_concrete_station_02
xmodeldetailcollision,#jup_urz_window_concrete_station_03
xmodeldetailcollision,#jup_window_lintel_concrete_48x16_01
xmodeldetailcollision,#lighting_track_lights_fixture_base_02
xmodeldetailcollision,#lm_building_shop_sign_wall_iron_c3s4
xmodeldetailcollision,#lm_construction_policestation_poster_04
xmodeldetailcollision,#lm_street_concrete_sidewalk_640x128_01_tall
xmodeldetailcollision,#lm_structural_railing_int_transition_01_a
xmodeldetailcollision,#lm_structural_window_frame_res_02_b_brown
xmodeldetailcollision,#machinery_airport_xray_scanner
xmodeldetailcollision,#machinery_airport_xray_table
xmodeldetailcollision,#machinery_railroad_track_in_concrete_512
xmodeldetailcollision,#manmade_metal_plate_128x64
xmodeldetailcollision,#me_barrier_railing_stone_128
xmodeldetailcollision,#me_barrier_railing_stone_32_clean
xmodeldetailcollision,#me_barrier_railing_stone_38
xmodeldetailcollision,#me_barrier_railing_stone_48_clean
xmodeldetailcollision,#me_barrier_railing_stone_64
xmodeldetailcollision,#me_barrier_railing_stone_corner_01_clean
xmodeldetailcollision,#me_debris_rubble_pile_07_dust01
xmodeldetailcollision,#me_garbage_cardboard_flat_01
xmodeldetailcollision,#me_light_ceiling_fluorescent_tube_tm
xmodeldetailcollision,#me_metal_chimney_pipe_cap_01
xmodeldetailcollision,#me_plaster_barrier_fence_wall_ornate_cap_angled_01
xmodeldetailcollision,#me_rock_cliff_coastal_03_jbm
xmodeldetailcollision,#me_roofing_tile_128_dirty
xmodeldetailcollision,#me_roofing_tile_128x128_dirty_b
xmodeldetailcollision,#me_roofing_tile_128x12_dirty
xmodeldetailcollision,#me_roofing_tile_128x32_dirty
xmodeldetailcollision,#me_roofing_tile_32_dirty
xmodeldetailcollision,#me_roofing_tile_32x12_dirty
xmodeldetailcollision,#me_roofing_tile_32x32_dirty
xmodeldetailcollision,#me_roofing_tile_64_dirty
xmodeldetailcollision,#me_roofing_tile_64x12_dirty
xmodeldetailcollision,#me_roofing_tile_64x32_dirty
xmodeldetailcollision,#me_sign_movie_poster_02
xmodeldetailcollision,#me_sign_movie_poster_04
xmodeldetailcollision,#me_sign_plastic_floor_janitor
xmodeldetailcollision,#me_signs_industrial_220_volt
xmodeldetailcollision,#metal_drain_grate_01
xmodeldetailcollision,#modelkit_concrete_damage_hinge_02
xmodeldetailcollision,#mout_catwalk_128_open
xmodeldetailcollision,#mout_catwalk_256_open
xmodeldetailcollision,#mout_catwalk_cap_worn
xmodeldetailcollision,#mout_catwalk_railing_64_worn_broken_left
xmodeldetailcollision,#mout_catwalk_railing_64_worn_broken_right
xmodeldetailcollision,#mout_catwalk_railing_80_rusted
xmodeldetailcollision,#mout_catwalk_railing_stairs_left_02_black
xmodeldetailcollision,#mout_catwalk_railing_stairs_right_02_black
xmodeldetailcollision,#mout_catwalk_stairs_connector_step_painted_yellow
xmodeldetailcollision,#mout_catwalk_stairs_middle_02_worn
xmodeldetailcollision,#mout_catwalk_support_brace_angle_92x96
xmodeldetailcollision,#mout_catwalk_support_brace_angle_96x96
xmodeldetailcollision,#mout_catwalk_support_brace_ibeam_96_mp_rust
xmodeldetailcollision,#mout_catwalk_support_brace_right_64x128
xmodeldetailcollision,#mout_catwalk_support_pillar_128_worn
xmodeldetailcollision,#mout_catwalk_support_pillar_16_plinth_worn
xmodeldetailcollision,#mout_catwalk_support_pillar_32_plinth_worn
xmodeldetailcollision,#mout_catwalk_tee_open
xmodeldetailcollision,#mout_catwalk_tee_worn
xmodeldetailcollision,#mout_catwalk_warehouse_192_open_worn
xmodeldetailcollision,#mout_wall_stud_ceiling_128x128_dirty
xmodeldetailcollision,#mout_wall_stud_ceiling_64x128_dirty
xmodeldetailcollision,#mx_decor_cathedral_ext_pillar_02_base_light
xmodeldetailcollision,#oil_drum_big_01_blue
xmodeldetailcollision,#pillar_concrete_01_16x128_corner
xmodeldetailcollision,#pillar_concrete_tvstation_exterior
xmodeldetailcollision,#pipe_metal_painted_bend_90_med_gray
xmodeldetailcollision,#pipe_metal_painted_straight_128_gray
xmodeldetailcollision,#pipe_metal_painted_straight_128_thin
xmodeldetailcollision,#railing_stolen_bridge_end_01_gray
xmodeldetailcollision,#residential_exterior_vent_16x16_painted_white
xmodeldetailcollision,#river_bed_dirt_pile_01_sand
xmodeldetailcollision,#rock_cliff_wall_mound_01
xmodeldetailcollision,#rolled_tarp_01
xmodeldetailcollision,#s4_afr_ger_barrel_02_sandy
xmodeldetailcollision,#s4_afr_limestone_rocks_01d_burnt
xmodeldetailcollision,#s4_usa_ship_electrical_wall_box_switch_02
xmodeldetailcollision,#sign_clock_02
xmodeldetailcollision,#stairs_industrial_staircase_1_green_94
xmodeldetailcollision,#stairs_industrial_staircase_4_green_94
xmodeldetailcollision,#stairs_industrial_staircase_bottom_green_94
xmodeldetailcollision,#stairs_industrial_staircase_top_green_94
xmodeldetailcollision,#stationary_train_car_cargo_02
xmodeldetailcollision,#structural_bracket_iron_rusted_32_thin_l_03
xmodeldetailcollision,#structural_bracket_iron_rusted_junction_01
xmodeldetailcollision,#structural_wood_plank_wall_corner_128_01_unpainted
xmodeldetailcollision,#trash_pile_flat_01b
xmodeldetailcollision,#trim_metal_top_beige_16_small
xmodeldetailcollision,#trim_metal_top_beige_32_small
xmodeldetailcollision,#trim_metal_top_beige_64_small
xmodeldetailcollision,#trim_metal_top_white_08_small
xmodeldetailcollision,#trim_metal_top_white_128_small
xmodeldetailcollision,#trim_riverbank_concrete_01_corner
xmodeldetailcollision,#uk_awning_connector_64
xmodeldetailcollision,#uk_electrical_box_high_voltage_01
xmodeldetailcollision,#uk_fabric_tarp_mp_hackney_yard_02_blue
xmodeldetailcollision,#uk_file_cabinet_garage_big_01_white_static
xmodeldetailcollision,#uk_furniture_armchair_retro_leather_01
xmodeldetailcollision,#uk_furniture_couch_leather
xmodeldetailcollision,#uk_house_baseboard_01_old_16
xmodeldetailcollision,#uk_house_baseboard_01_old_8_corner_in
xmodeldetailcollision,#uk_house_baseboard_01_old_8_corner_out
xmodeldetailcollision,#uk_house_baseboard_01_rubber_4_corner_out
xmodeldetailcollision,#uk_house_chair_rail_01_old_128
xmodeldetailcollision,#uk_house_chair_rail_01_old_16
xmodeldetailcollision,#uk_house_chair_rail_01_old_2
xmodeldetailcollision,#uk_house_chair_rail_01_old_32
xmodeldetailcollision,#uk_house_chair_rail_01_old_4_corner_out
xmodeldetailcollision,#uk_house_chair_rail_01_old_64
xmodeldetailcollision,#uk_house_chair_rail_01_old_8
xmodeldetailcollision,#uk_house_chair_rail_01_old_8_corner_in
xmodeldetailcollision,#uk_house_chair_rail_01_old_8_window_a
xmodeldetailcollision,#uk_house_chair_rail_01_old_8_window_b
xmodeldetailcollision,#uk_house_gutter_64_01_tin
xmodeldetailcollision,#uk_house_gutter_pipe_elbow_section_02_tin
xmodeldetailcollision,#uk_house_molding_01_128_brown
xmodeldetailcollision,#uk_house_molding_01_16_brown
xmodeldetailcollision,#uk_house_molding_01_16_corner_in_clean
xmodeldetailcollision,#uk_house_molding_01_4_brown
xmodeldetailcollision,#uk_house_molding_01_64_brown
xmodeldetailcollision,#uk_house_molding_01_8_brown
xmodeldetailcollision,#uk_industrial_light_01_tm
xmodeldetailcollision,#uk_industrial_light_02
xmodeldetailcollision,#uk_kitchen_cabinet_03_36_top
xmodeldetailcollision,#uk_kitchen_cabinet_03_38_btm
xmodeldetailcollision,#uk_kitchen_cabinet_03_btm_corner_a
xmodeldetailcollision,#uk_kitchen_cabinet_03_btm_corner_r
xmodeldetailcollision,#uk_kitchen_cabinet_03_island_b
xmodeldetailcollision,#uk_kitchen_cabinet_03_sink_a
xmodeldetailcollision,#uk_lighting_ceiling_fixture_02_prop_wz
xmodeldetailcollision,#uk_metal_frame_warehouse_06
xmodeldetailcollision,#uk_security_camera_redlight_01
xmodeldetailcollision,#uk_shipping_crate_wood_closed_painted_white_01
xmodeldetailcollision,#uk_siding_metal_corrugated_01_128x24_2sided
xmodeldetailcollision,#uk_siding_metal_corrugated_01_128x40_2sided_light_red
xmodeldetailcollision,#uk_siding_metal_corrugated_01_128x88_2sided_light_red
xmodeldetailcollision,#uk_siding_metal_corrugated_01_256_corner_03
xmodeldetailcollision,#uk_siding_metal_corrugated_01_256x24_2sided
xmodeldetailcollision,#uk_siding_metal_corrugated_01_32x40_2sided_light_red
xmodeldetailcollision,#uk_siding_metal_corrugated_01_40_corner_gray
xmodeldetailcollision,#uk_siding_metal_corrugated_01_64x24_rust_unpainted_2sided
xmodeldetailcollision,#uk_siding_metal_corrugated_01_64x24_unpainted_2sided
xmodeldetailcollision,#uk_siding_metal_corrugated_01_64x40_2sided_light_red
xmodeldetailcollision,#uk_siding_metal_corrugated_01_64x40_dmg_02
xmodeldetailcollision,#uk_siding_metal_corrugated_01_64x48_unpainted_2sided
xmodeldetailcollision,#uk_siding_metal_corrugated_01_64x88_2sided_light_red
xmodeldetailcollision,#uk_siding_metal_corrugated_01_88_corner_white
xmodeldetailcollision,#uk_stucco_pillar_01_thin_soft_tan
xmodeldetailcollision,#uk_wall_wood_stud_frame_01_32x24
xmodeldetailcollision,#uk_window_industrial_metal_single_01
xmodeldetailcollision,#un_industrial_wooden_pallet_stack_01
xmodeldetailcollision,#un_metal_steel_support_c_beam_16x4x128_gray
xmodeldetailcollision,#un_metal_steel_support_c_beam_16x4x16_gray
xmodeldetailcollision,#un_metal_steel_support_c_beam_16x4x256_gray
xmodeldetailcollision,#un_metal_steel_support_c_beam_16x4x32_gray
xmodeldetailcollision,#un_metal_steel_support_c_beam_16x4x64_gray
xmodeldetailcollision,#un_metal_steel_support_h_beam_16x16x128_gray
xmodeldetailcollision,#un_metal_steel_support_h_beam_16x16x256_yellow
xmodeldetailcollision,#un_metal_steel_support_h_beam_16x16x32_brown
xmodeldetailcollision,#un_metal_steel_support_h_beam_16x16x64_gray
xmodeldetailcollision,#un_metal_steel_support_w_beam_16x8x128_yellow
xmodeldetailcollision,#un_metal_steel_support_w_beam_16x8x256_yellow
xmodeldetailcollision,#un_metal_steel_support_w_beam_16x8x32_brown
xmodeldetailcollision,#un_metal_steel_support_w_beam_16x8x64_yellow
xmodeldetailcollision,#un_military_foldout_cot_03
xmodeldetailcollision,#un_office_binder_01_black
xmodeldetailcollision,#un_office_queue_post_02_signage
xmodeldetailcollision,#un_office_steel_book_rack_01_small
xmodeldetailcollision,#un_structural_trim_cornice_01_512
xmodeldetailcollision,#un_structural_trim_cornice_01_64
xmodeldetailcollision,#un_structural_trim_cornice_01_corner_outside_01
xmodeldetailcollision,#un_structural_trim_large_01_128
xmodeldetailcollision,#un_structural_trim_large_01_256
xmodeldetailcollision,#un_structural_trim_large_01_32
xmodeldetailcollision,#un_structural_trim_large_01_512
xmodeldetailcollision,#un_structural_trim_large_01_64
xmodeldetailcollision,#un_structural_trim_large_01_cap_left
xmodeldetailcollision,#un_structural_trim_large_01_cap_right
xmodeldetailcollision,#un_structural_trim_large_01_corner_inside
xmodeldetailcollision,#un_structural_trim_large_01_corner_inside_right_02
xmodeldetailcollision,#un_structural_trim_large_01_corner_outside
xmodeldetailcollision,#utility_satellite_dish
xmodeldetailcollision,#utility_street_curb_cement_rough_32_b
xmodeldetailcollision,#utility_street_curb_cement_rough_64_b
xmodeldetailcollision,#utility_street_curb_cement_rough_corner_rounded_20_painted_blue
xmodeldetailcollision,#utility_vent_hanger_round_01_short_black
xmodeldetailcollision,#utility_vent_round_01_16
xmodeldetailcollision,#veh8_mil_lnd_benches_single
xmodeldetailcollision,#wall_cinderblock_decorative_03_96
xmodeldetailcollision,#wall_plastic_baseboard_corner_u_8_black_charcoal
xmodeldetailcollision,#wall_plastic_baseboard_straight_128_gray_bat
xmodeldetailcollision,#wall_plastic_baseboard_straight_16_black_charcoal
xmodeldetailcollision,#wall_plastic_baseboard_straight_32_gray_bat
xmodeldetailcollision,#wall_plastic_baseboard_straight_64_gray_bat
xmodeldetailcollision,#wall_plastic_baseboard_straight_8_black_charcoal
xmodeldetailcollision,#watertank_ladder_144
xmodeldetailcollision,#watertank_ladder_288
xmodeldetailcollision,#watertank_ladder_72
xmodeldetailcollision,#watertank_ladder_top
xmodeldetailcollision,#window_industrial_frame_64x72_01_brown
edgelist,#mp_jup_bigmap_mapedgelist_00658
physicsasset,#accessory_boat_barge_hull_internal_anchor_01
physicsasset,#accessory_dock_anchor_01
physicsasset,#accessory_sleeping_bag_rolled
physicsasset,#as_utility_pole_megaphone_mounted
physicsasset,#automotive_railroad_concrete_sleepers_base_01
physicsasset,#barrier_pedestrian_metal_01
physicsasset,#barrier_traffic_concrete_block_01
physicsasset,#bldg_back_pub_pillar_03
physicsasset,#building_horse_stall_wood_beam_01
physicsasset,#building_roof_lip_01_128
physicsasset,#building_roof_lip_01_32
physicsasset,#building_roof_lip_01_48
physicsasset,#building_roof_lip_01_64
physicsasset,#building_roof_lip_01_8
physicsasset,#building_roof_lip_01_corner_inside
physicsasset,#building_roof_lip_01_corner_outside
physicsasset,#building_roof_lip_01_end
physicsasset,#building_tarp_hazmat_floor_corner_01
physicsasset,#com_cash_register
physicsasset,#construction_doors_metal_frame_double_b_03_mp
physicsasset,#container_barrel_plastic_02_closed
physicsasset,#container_trash_can_plastic_kitchen_01
physicsasset,#cp_disco_chainlink_fence
physicsasset,#cp_disco_chainlink_tarp_fence_b_destr
physicsasset,#cp_disco_roof_chimney_short
physicsasset,#debris_coal_pile_02
physicsasset,#debris_corrugated_panels_metal_flat_white_large
physicsasset,#debris_corrugated_panels_metal_white
physicsasset,#decor_cafe_wood_decorative_01_element_03_corner
physicsasset,#decor_clock_tower_01
physicsasset,#decor_dock_boat_rope_attachment_anchor_02
physicsasset,#decor_fishing_nets_pile_02
physicsasset,#decor_planter_tree_trio_01
physicssfxeventasset,#hash_f7244182cb11e6b0
physicsasset,#decor_plastic_buckets_01_big_white
physicsasset,#decor_potted_plant_dead_01_root
physicsasset,#door_frame_metal_04_flat_painted_mp_clean_double
physicsasset,#door_frame_wooden_panel_mp_01
physicsasset,#door_frame_wooden_panel_mp_double_01
physicsasset,#door_glass_metal_01_rl
physicsasset,#dynlt_com_floodlight_off
physicsasset,#ee_buildings_industrial_radiotower_ladder_cage_128_01
physicsasset,#ee_buildings_industrial_radiotower_ladder_cage_256_01
physicsasset,#ee_can_paint_closed_03
physicsasset,#ee_debris_tile_roof_hole_a_woodbeam_02
physicsasset,#ee_fabric_military_tarp_hanging_128_half_01
physicsasset,#ee_fabric_military_tarp_hanging_floor_01
physicsasset,#ee_fence_street_metal_01_endcap
physicsasset,#ee_floor_concrete_slab_01
physicsasset,#ee_food_bag_beans_01
physicsasset,#ee_furniture_wall_table_01_left_end
physicsasset,#ee_light_fixture_wall_mounted_02
physicsasset,#ee_manmade_wood_planks_worn_a_01
physicsasset,#ee_manmade_wood_planks_worn_a_02
physicsasset,#ee_pillar_railing_a_128
physicsasset,#ee_pillar_tvstation_concrete_02
physicsasset,#ee_pipe_02_256
physicsasset,#ee_pipe_02_32
physicsasset,#ee_pipe_03_64
physicsasset,#ee_pipe_03_elbow_01
physicsasset,#ee_pipe_03_joint_coupling_01
physicsasset,#ee_pipe_04_16
physicsasset,#ee_pipe_04_32
physicsasset,#ee_pipe_04_64
physicsasset,#ee_pipe_04_elbow_01
physicsasset,#ee_pipe_05_128
physicsasset,#ee_pipe_05_32
physicsasset,#ee_pipe_05_64
physicsasset,#ee_pipe_05_elbow_01
physicsasset,#ee_pipe_05_joint_coupling_01
physicsasset,#ee_pipe_05_merged_01
physicsasset,#ee_rock_dirt_muddy_ground_a_05
physicsasset,#ee_roofing_storage_support_frame_01
physicsasset,#ee_roofing_support_01
physicsasset,#ee_sign_alphabet_cyrillic_01_large_03
physicsasset,#ee_sign_alphabet_cyrillic_01_large_09
physicsasset,#ee_sign_alphabet_cyrillic_01_large_12
physicsasset,#ee_sign_alphabet_cyrillic_01_large_13
physicsasset,#ee_sign_alphabet_cyrillic_01_large_14
physicsasset,#ee_sign_alphabet_cyrillic_01_large_23
physicsasset,#ee_sign_corporate_01_use_stairs_fire
physicsasset,#ee_sign_frame_bracket_16
physicsasset,#ee_sign_frame_bracket_96
physicsasset,#ee_sign_frame_diagonal_bracket_32
physicssfxeventasset,#hash_d29dff84b0234134
physicsasset,#ee_sign_plastic_floor_janitor
physicsasset,#ee_sign_train_station_information_01
physicsasset,#ee_sign_train_station_information_02
physicsasset,#ee_sign_train_station_waiting_01
physicsasset,#ee_signs_industrial_220_volt
physicsasset,#ee_signs_industrial_flammable_storage
physicsasset,#ee_signs_industrial_no_trespassing
physicsasset,#ee_signs_industrial_responsible_comrad
physicsasset,#ee_supplies_white_board_01
physicsasset,#ee_trim_concrete_roof_128_s
physicsasset,#ee_trim_concrete_roof_16
physicsasset,#ee_trim_concrete_roof_256
physicsasset,#ee_trim_concrete_roof_256_s
physicsasset,#ee_trim_concrete_roof_64
physicsasset,#ee_trim_concrete_roof_64_s
physicsasset,#ee_trim_concrete_roof_8
physicsasset,#ee_trim_concrete_roof_corner_out
physicsasset,#ee_trim_small_roof_128
physicsasset,#ee_trim_small_roof_16
physicsasset,#ee_trim_small_roof_32
physicsasset,#ee_trim_small_roof_64
physicsasset,#ee_trim_small_roof_corner_outside
physicsasset,#ee_trim_small_roof_window_02
physicsasset,#ee_trim_wall_large_01_64
physicsasset,#ee_trim_wall_large_01_corner
physicsasset,#ee_utility_pole_traffic_light
physicsasset,#ee_window_sill_small_01
physicsasset,#electrical_conduit_1_body_joint_t
physicsasset,#electrical_conduit_1_elbow90_short
physicsasset,#electrical_conduit_1_straight_128
physicsasset,#electrical_conduit_1_straight_16
physicsasset,#electrical_conduit_1_straight_4
physicsasset,#electrical_conduit_1_straight_8
physicsasset,#electrical_conduit_1_strap_sml
physicsasset,#electrical_conduit_2_elbow90_short
physicsasset,#electrical_conduit_2_straight_16
physicsasset,#electrical_conduit_set_electrical_meter_small_03
physicsasset,#electrical_north_america_outlets_01
physicsasset,#electrical_north_america_outlets_01_double
physicsasset,#electrical_pole_docks_med_01
physicsasset,#electrical_security_number_pad_01
physicsasset,#electrical_wires_jumbled_03_outercorner
physicsasset,#electrical_wires_jumbled_a_256
physicsasset,#electronics_monitor_wallmount
physicsasset,#equipment_military_radio_old_01
physicsasset,#equipment_military_radio_old_06
physicsasset,#eu_trim_hotel_bottom_64
physicsasset,#fence_chainlink_mid_post
physicsasset,#fence_decor_iron_01_pole_simple
physicsasset,#floor_grate_catwalk_metal_02_captive_drain
physicsasset,#furniture_frontdesk_bikeshop
physicsasset,#furniture_frontdesk_bikeshop_right
physicsasset,#furniture_recessed_wall_shelf_02
physicsasset,#furniture_restaurant_table_01
physicsasset,#furniture_rug_01_flat_03
physicsasset,#industrial_window_metal_single_01_transmission
physicsasset,#jup_ee_construction_railbridge_support_pillar_01b
physicsasset,#jup_ee_construction_railbridge_support_pillar_01c
physicsasset,#jup_ee_construction_railbridge_support_pillar_01e
physicsasset,#jup_furniture_office_chair_01
physicsasset,#jup_structural_window_frame_metal_26x28_01
physicsasset,#jup_urz_archway_concrete_station_house_01
physicsasset,#jup_urz_archway_concrete_station_house_02
physicsasset,#jup_urz_building_breadcabinet_metal_store_01
physicsasset,#jup_urz_door_concrete_station_01
physicsasset,#jup_urz_door_frame_top_station_01
physicsasset,#jup_urz_door_wood_station_house_01
physicsasset,#jup_urz_trim_concrete_station_01
physicsasset,#jup_urz_window_concrete_station_01
physicsasset,#jup_urz_window_concrete_station_02
physicsasset,#jup_urz_window_concrete_station_03
physicsasset,#jup_window_lintel_concrete_48x16_01
physicsasset,#lighting_track_lights_fixture_base_02
physicsasset,#lm_double_door_frame_tvstation
physicsasset,#lm_street_concrete_sidewalk_640x128_01_tall
physicsasset,#lm_structural_railing_int_steps_03_a
physicsasset,#lm_structural_railing_int_transition_01_a
physicsasset,#lm_structural_window_frame_res_02_b
physicsasset,#machinery_airport_xray_scanner
physicsasset,#machinery_airport_xray_table
physicsasset,#manmade_metal_plate_128x64
physicsasset,#me_appliance_vending_machine_soda_a
physicsasset,#me_barrier_railing_stone_128
physicsasset,#me_barrier_railing_stone_32
physicsasset,#me_barrier_railing_stone_38
physicsasset,#me_barrier_railing_stone_48
physicsasset,#me_barrier_railing_stone_64
physicsasset,#me_barrier_railing_stone_corner_01
physicsasset,#me_ceiling_tile_1x1_a
physicsasset,#me_debris_rubble_pile_07
physicsasset,#me_garbage_cardboard_flat_01
physicsasset,#me_metal_chimney_pipe_cap_01
physicsasset,#me_plaster_barrier_fence_wall_ornate_cap_angled_01
physicsasset,#me_rock_cliff_coastal_03
physicsasset,#me_roofing_tile_128
physicsasset,#me_roofing_tile_128x12
physicsasset,#me_roofing_tile_128x128_dirty_b
physicsasset,#me_roofing_tile_128x32
physicsasset,#me_roofing_tile_32
physicsasset,#me_roofing_tile_32x12
physicsasset,#me_roofing_tile_32x32
physicsasset,#me_roofing_tile_64
physicsasset,#me_roofing_tile_64x12
physicsasset,#me_roofing_tile_64x32
physicsasset,#me_water_tank_industrial_caged_01
physicsasset,#metal_drain_grate_01
physicsasset,#mout_catwalk_128_open
physicsasset,#mout_catwalk_256_open
physicsasset,#mout_catwalk_cap
physicsasset,#mout_catwalk_railing_64_worn_broken_left
physicsasset,#mout_catwalk_railing_64_worn_broken_right
physicsasset,#mout_catwalk_railing_80
physicsasset,#mout_catwalk_railing_corner_out
physicsasset,#mout_catwalk_railing_stairs_l_02
physicsasset,#mout_catwalk_railing_stairs_r_02
physicsasset,#mout_catwalk_stairs_connector_step
physicsasset,#mout_catwalk_stairs_middle_02
physicsasset,#mout_catwalk_support_brace_angle_92x96
physicsasset,#mout_catwalk_support_brace_angle_96x96
physicsasset,#mout_catwalk_support_pillar_128
physicsasset,#mout_catwalk_support_pillar_16_plinth
physicsasset,#mout_catwalk_support_pillar_32_plinth
physicsasset,#mout_catwalk_tee
physicsasset,#mout_catwalk_warehouse_192_open
physicsasset,#mout_wall_stud_ceiling_128x128
physicsasset,#mout_wall_stud_ceiling_64x128
physicsasset,#mx_decor_cathedral_ext_pillar_02_base
physicsasset,#oil_drum_big_01
physicsasset,#pillar_concrete_01_16x128
physicsasset,#pillar_concrete_01_16x128_corner
physicsasset,#pillar_concrete_tvstation_exterior
physicsasset,#pipe_metal_painted_bend_90_med
physicsasset,#pipe_metal_painted_straight_128
physicsasset,#pipe_metal_painted_straight_128_thin
physicsasset,#railing_stolen_bridge_end_01
physicsasset,#residential_exterior_vent_16x16
physicsasset,#river_bed_dirt_pile_01
physicsasset,#river_bed_dirt_pile_03
physicsasset,#rock_cliff_wall_mound_01
physicsasset,#rolled_tarp_01
physicsasset,#s4_afr_ger_barrel_02_sandy
physicsasset,#s4_afr_limestone_rocks_01b
physicsasset,#s4_usa_ship_electrical_wall_box_switch_02
physicsasset,#school_locker_closed_01_main
physicsasset,#sign_clock_02
physicsasset,#stairs_industrial_staircase_1_green_94
physicsasset,#stairs_industrial_staircase_4_green_94
physicsasset,#stairs_industrial_staircase_bottom_green_94
physicsasset,#stairs_industrial_staircase_top_94
physicsasset,#stationary_train_car_cargo_01
physicsasset,#structural_bracket_iron_rusted_32_thin_l_03
physicsasset,#structural_bracket_iron_rusted_junction_01
physicsasset,#structural_wood_plank_wall_corner_128_01
physicsasset,#trash_pile_flat_01b
physicsasset,#trim_metal_top_white_08_small
physicsasset,#trim_metal_top_white_128_small
physicsasset,#trim_metal_top_white_16_small
physicsasset,#trim_metal_top_white_32_small
physicsasset,#trim_metal_top_white_64_small
physicsasset,#trim_riverbank_concrete_01_corner
physicsasset,#uk_awning_connector_64
physicsasset,#uk_electrical_box_high_voltage_01
physicsasset,#uk_file_cabinet_garage_big_01
physicsasset,#uk_furniture_armchair_retro_leather_01
physicsasset,#uk_furniture_couch_leather
physicsasset,#uk_house_baseboard_01_16
physicsasset,#uk_house_baseboard_01_2
physicsasset,#uk_house_baseboard_01_4_corner_out
physicsasset,#uk_house_baseboard_01_8_corner_in
physicsasset,#uk_house_baseboard_01_8_corner_out
physicsasset,#uk_house_chair_rail_01_128
physicsasset,#uk_house_chair_rail_01_16
physicsasset,#uk_house_chair_rail_01_2
physicsasset,#uk_house_chair_rail_01_32
physicsasset,#uk_house_chair_rail_01_64
physicsasset,#uk_house_chair_rail_01_8
physicsasset,#uk_house_chair_rail_01_8_corner_in
physicsasset,#uk_house_chair_rail_01_8_corner_out
physicsasset,#uk_house_chair_rail_01_8_window_a
physicsasset,#uk_house_chair_rail_01_8_window_b
physicsasset,#uk_house_gutter_128_01
physicsasset,#uk_house_gutter_64_01
physicsasset,#uk_house_gutter_end_cap_01
physicsasset,#uk_house_gutter_head_cap_01
physicsasset,#uk_house_gutter_pipe_128_curved_01
physicsasset,#uk_house_gutter_pipe_24_01
physicsasset,#uk_house_gutter_pipe_32_01
physicsasset,#uk_house_gutter_pipe_64_01
physicsasset,#uk_house_gutter_pipe_elbow_section_01
physicsasset,#uk_house_gutter_pipe_elbow_section_02
physicsasset,#uk_house_gutter_pipe_groundspout_01
physicsasset,#uk_house_gutter_support_01
physicsasset,#uk_house_molding_01_128
physicsasset,#uk_house_molding_01_16
physicsasset,#uk_house_molding_01_16_corner_in
physicsasset,#uk_house_molding_01_4
physicsasset,#uk_house_molding_01_64
physicsasset,#uk_house_molding_01_8
physicsasset,#uk_industrial_light_02
physicsasset,#uk_kitchen_cabinet_01_36_top
physicsasset,#uk_kitchen_cabinet_01_38_btm
physicsasset,#uk_kitchen_cabinet_01_btm_corner_a
physicsasset,#uk_kitchen_cabinet_01_btm_corner_r
physicsasset,#uk_kitchen_cabinet_01_island_b
physicsasset,#uk_kitchen_cabinet_01_sink_a
physicsasset,#uk_lighting_ceiling_fixture_02_off
physicsasset,#uk_metal_frame_warehouse_06
physicsasset,#uk_metal_frame_warehouse_128
physicsasset,#uk_security_camera_redlight_01
physicsasset,#uk_shipping_crate_wood_closed_01
physicsasset,#uk_siding_metal_corrugated_01_128x24
physicsasset,#uk_siding_metal_corrugated_01_128x40
physicsasset,#uk_siding_metal_corrugated_01_128x88
physicsasset,#uk_siding_metal_corrugated_01_24_corner
physicsasset,#uk_siding_metal_corrugated_01_256x24
physicsasset,#uk_siding_metal_corrugated_01_32x40
physicsasset,#uk_siding_metal_corrugated_01_40_corner
physicsasset,#uk_siding_metal_corrugated_01_64x24
physicsasset,#uk_siding_metal_corrugated_01_64x40
physicsasset,#uk_siding_metal_corrugated_01_64x40_dmg_02
physicsasset,#uk_siding_metal_corrugated_01_64x48
physicsasset,#uk_siding_metal_corrugated_01_64x88
physicsasset,#uk_siding_metal_corrugated_01_88_corner
physicsasset,#uk_stairs_interior_wood_worn_01_8_steps
physicsasset,#uk_stucco_pillar_01_thin_beige
physicsasset,#uk_wall_brick_corner_02_64
physicsasset,#uk_wall_wood_stud_frame_01_32x24
physicsasset,#un_industrial_wooden_pallet_stack_01
physicsasset,#un_metal_steel_support_bracket_end_plate_02
physicsasset,#un_metal_steel_support_c_beam_16x4x128
physicsasset,#un_metal_steel_support_c_beam_16x4x16
physicsasset,#un_metal_steel_support_c_beam_16x4x256
physicsasset,#un_metal_steel_support_c_beam_16x4x32
physicsasset,#un_metal_steel_support_c_beam_16x4x64
physicsasset,#un_metal_steel_support_h_beam_16x16x128
physicsasset,#un_metal_steel_support_h_beam_16x16x256
physicsasset,#un_metal_steel_support_h_beam_16x16x32
physicsasset,#un_metal_steel_support_h_beam_16x16x64
physicsasset,#un_metal_steel_support_w_beam_16x8x128
physicsasset,#un_metal_steel_support_w_beam_16x8x256
physicsasset,#un_metal_steel_support_w_beam_16x8x32
physicsasset,#un_metal_steel_support_w_beam_16x8x64
physicsasset,#un_military_foldout_cot_01
physicsasset,#un_office_binder_01
physicsasset,#un_office_queue_post_02_signage
physicsasset,#un_office_server_rack_large_01
physicsasset,#un_office_steel_book_rack_01_small
physicsasset,#un_structural_trim_cornice_01_512
physicsasset,#un_structural_trim_cornice_01_64
physicsasset,#un_structural_trim_cornice_01_corner_outside_01
physicsasset,#un_structural_trim_large_01_128
physicsasset,#un_structural_trim_large_01_256
physicsasset,#un_structural_trim_large_01_32
physicsasset,#un_structural_trim_large_01_512
physicsasset,#un_structural_trim_large_01_64
physicsasset,#un_structural_trim_large_01_cap_left
physicsasset,#un_structural_trim_large_01_cap_right
physicsasset,#un_structural_trim_large_01_corner_inside
physicsasset,#un_structural_trim_large_01_corner_inside_right_02
physicsasset,#un_structural_trim_large_01_corner_outside
physicsasset,#utility_satellite_dish
physicsasset,#utility_street_curb_cement_rough_32_b
physicsasset,#utility_street_curb_cement_rough_64_b
physicsasset,#utility_street_curb_cement_rough_corner_rounded_20
physicsasset,#utility_vent_hanger_round_01_short
physicsasset,#utility_vent_round_01_16
physicsasset,#utility_vent_round_01_curve_01
physicsasset,#veh8_mil_lnd_benches_single
physicsasset,#wall_cinderblock_decorative_01_96
physicsasset,#wall_plastic_baseboard_corner_u_8
physicsasset,#wall_plastic_baseboard_straight_128
physicsasset,#wall_plastic_baseboard_straight_16
physicsasset,#wall_plastic_baseboard_straight_32
physicsasset,#wall_plastic_baseboard_straight_64
physicsasset,#wall_plastic_baseboard_straight_8
physicsasset,#watertank_ladder_144
physicsasset,#watertank_ladder_288
physicsasset,#watertank_ladder_36
physicsasset,#watertank_ladder_72
physicsasset,#watertank_ladder_top
physicsasset,#window_industrial_frame_64x72_01
physicsasset,#window_industrial_frame_64x72_01_damaged
physicsasset,#debris_office_papers_01
xmodeldetailcollision,#debris_office_papers_01
physicsasset,#debris_office_papers_02
xmodeldetailcollision,#debris_office_papers_02
physicsasset,#ee_book_office_folder_pile_01
xmodeldetailcollision,#ee_book_office_folder_pile_01
physicsasset,#hash_ade049e0ac2419ce
xmodeldetailcollision,#ee_manmade_wood_planks_worn_a_04_destr_s1
physicsasset,#ee_rock_boulder_01
xmodeldetailcollision,#ee_rock_boulder_01
physicsasset,#electrical_cell_door_button_red
xmodeldetailcollision,#electrical_cell_door_button_red
physicsasset,#hash_ce0422b32204a011
physicsasset,#equipment_military_radio_old_03
xmodeldetailcollision,#ee_military_radio_communication_02
physicsasset,#light_ceiling_bulb_01
xmodeldetailcollision,#light_ceiling_bulb_01
physicsasset,#me_light_ceiling_fluorescent_tube
physicsasset,#military_crate_large_stackable_01
xmodeldetailcollision,#military_crate_large_stackable_01
physicsasset,#military_crate_large_stackable_01_dummy
xmodeldetailcollision,#military_crate_large_stackable_01_dummy
physicsasset,#hash_a30c639f0446264c
xmodeldetailcollision,#military_crate_field_upgrade_01
physicsasset,#rock_gravel_pile_hr_01
xmodeldetailcollision,#rock_gravel_pile_hr_01
physicsasset,#uk_dumpster_small_green_01
xmodeldetailcollision,#hash_8931a517759a94ac
physicsasset,#uk_electrical_box_medium_01
xmodeldetailcollision,#uk_electrical_box_medium_01
xmodeldetailcollision,#hash_db253840b3a82556
physicsasset,#uk_industrial_light_01
physicsasset,#uk_storage_wall_light_01
xmodeldetailcollision,#hash_fba0ca891a6b7f7a
physicsasset,#un_office_paper_shredder_01_trash_can
xmodeldetailcollision,#un_office_paper_shredder_01_trash_can
physicsasset,#aac_area_rug_01
xmodeldetailcollision,#aac_area_rug_01
physicsasset,#hash_958b9f2fdd2aae34
xmodeldetailcollision,#hash_958b9f2fdd2aae34
physicsasset,#aac_plaster_debris_01
xmodeldetailcollision,#aac_plaster_debris_01
physicsasset,#aac_plaster_debris_02
xmodeldetailcollision,#aac_plaster_debris_02
physicsasset,#accessory_air_vent_cover_square_01
xmodeldetailcollision,#accessory_air_vent_cover_square_01
physicsasset,#accessory_fire_sprinkler_ceiling_vintage
xmodeldetailcollision,#accessory_fire_sprinkler_ceiling_vintage
physicsasset,#hash_b868831ab3cadedb
xmodeldetailcollision,#hash_b868831ab3cadedb
physicsasset,#accessory_sleeping_bag_flat
xmodeldetailcollision,#accessory_sleeping_bag_flat
physicsasset,#accessory_table_vintage_ashtray
xmodeldetailcollision,#accessory_table_vintage_ashtray
physicsasset,#appliance_fridge_old_01
xmodeldetailcollision,#appliance_fridge_old_01
physicsasset,#automotive_wheel_chock_01_large
xmodeldetailcollision,#automotive_wheel_chock_01_large
physicsasset,#hash_880d9bd3f79d4cc0
xmodeldetailcollision,#hash_880d9bd3f79d4cc0
physicsasset,#hash_e2aef6a2c8856c60
xmodeldetailcollision,#hash_be605c5fb9eb96c7
physicsasset,#beacon_life_preserver_hook
xmodeldetailcollision,#beacon_life_preserver_hook
physicsasset,#book_base_group_04
xmodeldetailcollision,#book_base_group_04
physicsasset,#box_mre_01
xmodeldetailcollision,#box_mre_01
physicsasset,#hash_d827f447640b81ab
xmodeldetailcollision,#hash_d827f447640b81ab
physicsasset,#bridge_skyway_wires_hanging_02
xmodeldetailcollision,#bridge_skyway_wires_hanging_02
physicsasset,#hash_ea0c1d1af51bcb26
xmodeldetailcollision,#hash_ea0c1d1af51bcb26
physicsasset,#hash_c41f19a7daa119cd
xmodeldetailcollision,#hash_c41f19a7daa119cd
physicsasset,#hash_e5f6a031585cb212
xmodeldetailcollision,#hash_e5f6a031585cb212
physicsasset,#hash_916741c11a5a861c
xmodeldetailcollision,#hash_8ca701a9dcc5d5e4
physicsasset,#hash_8fae36c48bf1498a
xmodeldetailcollision,#hash_b8db3a80afc555ea
physicsasset,#hash_f8ae6baadb6ce264
xmodeldetailcollision,#hash_bc48fbdc4d03301d
xmodeldetailcollision,#building_tarp_hazmat_floor_corner_01
physicsasset,#hash_881f966f145b6b4f
xmodeldetailcollision,#hash_881f966f145b6b4f
physicsasset,#hash_b64114451c454fef
xmodeldetailcollision,#hash_b64114451c454fef
physicsasset,#hash_b6301c451c36ea54
xmodeldetailcollision,#hash_b6301c451c36ea54
physicsasset,#hash_9256c0d0f756bf1b
xmodeldetailcollision,#hash_9256c0d0f756bf1b
xmodeldetailcollision,#hash_f71dd3d0e791824b
physicsasset,#hash_d5c29554a5e622e2
xmodeldetailcollision,#hash_f714ca881d3c4b29
physicsasset,#ceiling_tiles_01_dirty_128_01
xmodeldetailcollision,#ceiling_tiles_01_dirty_128_01
physicsasset,#ceiling_tiles_01_dirty_128_02
xmodeldetailcollision,#ceiling_tiles_01_dirty_128_02
physicsasset,#ceiling_tiles_01_dirty_128_03
xmodeldetailcollision,#ceiling_tiles_01_dirty_128_03
physicsasset,#ceiling_tiles_01_dirty_128x64_01
xmodeldetailcollision,#ceiling_tiles_01_dirty_128x64_01
physicsasset,#ceiling_tiles_01_dirty_128x64_02
xmodeldetailcollision,#ceiling_tiles_01_dirty_128x64_02
physicsasset,#ceiling_tiles_01_dirty_128x64_03
xmodeldetailcollision,#ceiling_tiles_01_dirty_128x64_03
physicsasset,#ch_crate24x32
xmodeldetailcollision,#hash_e274e2106efa06c7
physicsasset,#ch_crate24x32x48
xmodeldetailcollision,#ch_crate24x32x48
physicsasset,#ch_crate24x32x64
xmodeldetailcollision,#hash_d8334c6b75abf2a5
physicsasset,#ch_crate48x64
xmodeldetailcollision,#ch_crate48x64_simple
xmodeldetailcollision,#hash_ac2c568b4cc30859
physicsasset,#ch_crate72x48
xmodeldetailcollision,#ch_crate72x48
physicsasset,#ch_crate72x64
xmodeldetailcollision,#hash_c42c80400f5f58ed
physicsasset,#ch_crate72x64_open
xmodeldetailcollision,#ch_crate72x64_open
xmodeldetailcollision,#chair_folding_anim
xmodeldetailcollision,#chair_folding_folded
physicsasset,#hash_dfff84dd99efe4a4
xmodeldetailcollision,#hash_dfff84dd99efe4a4
physicsasset,#hash_d4b9f90b7ac682fa
xmodeldetailcollision,#hash_d4b9f90b7ac682fa
physicsasset,#hash_dfd4b04c486f52c8
xmodeldetailcollision,#hash_dfd4b04c486f52c8
physicsasset,#construction_doors_metal_frame_b_02_mp
xmodeldetailcollision,#hash_cc9a97efa690d828
physicsasset,#construction_doors_metal_frame_b_03_mp
physicsasset,#hash_f1b58006f538e993
xmodeldetailcollision,#hash_f1b58006f538e993
physicsasset,#hash_af19f0ba9a0e6c8c
xmodeldetailcollision,#hash_af19f0ba9a0e6c8c
physicsasset,#container_cardboard_chinese_bunch_b
xmodeldetailcollision,#container_cardboard_chinese_bunch_b
physicsasset,#container_electrical_box_01_closed
xmodeldetailcollision,#container_electrical_box_01_closed
xmodeldetailcollision,#container_electrical_box_01_small
physicsasset,#hash_8a270c096b2a5425
xmodeldetailcollision,#hash_8a270c096b2a5425
physicsasset,#container_water_industrial_caged_01
xmodeldetailcollision,#container_water_industrial_caged_01
physicsasset,#hash_afefcfebd72e8f5e
xmodeldetailcollision,#hash_afefcfebd72e8f5e
physicsasset,#hash_f309f05ff3668c70
xmodeldetailcollision,#crate_plastic_sml_01_orange
physicsasset,#hash_b1c77f6ad680b005
xmodeldetailcollision,#hash_b1c77f6ad680b005
xmodeldetailcollision,#debris_cinder_block_rubble_pile_4_01
physicsasset,#hash_8ceb5164d2d2b773
xmodeldetailcollision,#hash_8ceb5164d2d2b773
physicsasset,#debris_concrete_rubble_floor_slab_chunk_small_03
xmodeldetailcollision,#debris_concrete_rubble_floor_slab_chunk_small_03
xmodeldetailcollision,#hash_a1e7191493cbf61e
xmodeldetailcollision,#hash_d2c3d0624ad276ee
physicsasset,#debris_glass_shards_01
xmodeldetailcollision,#debris_glass_shards_01
physicsasset,#debris_glass_shards_02
xmodeldetailcollision,#debris_glass_shards_02
physicsasset,#debris_stone_blocks_pile_1
physicsasset,#hash_bc11e39483c81641
xmodeldetailcollision,#hash_bc11e39483c81641
physicsasset,#hash_caa00d9a56bfeb81
xmodeldetailcollision,#hash_b3ddff8b8a851066
physicsasset,#decor_barrels_gameplay_water
xmodeldetailcollision,#decor_barrels_gameplay_water
physicsasset,#hash_932275cea7cfbe68
xmodeldetailcollision,#hash_932275cea7cfbe68
physicsasset,#hash_fe80245f5bb3ab2b
xmodeldetailcollision,#hash_fe80245f5bb3ab2b
physicsasset,#decor_equipment_hand_dolly_02
xmodeldetailcollision,#decor_equipment_hand_dolly_02
physicsasset,#decor_fish_net_pile_01
xmodeldetailcollision,#decor_fish_net_pile_01
physicsasset,#decor_framed_painting_old_01
xmodeldetailcollision,#decor_framed_painting_old_01
xmodeldetailcollision,#decor_planter_tree_trio_01
physicsasset,#decor_pot_plant_fancy_01_sml_with_kale
xmodeldetailcollision,#decor_pot_plant_fancy_01_sml_with_kale
physicsasset,#decor_smuggler_notebook_01_open
xmodeldetailcollision,#decor_smuggler_notebook_01_open
physicsasset,#hash_c879a20e5fdae90f
xmodeldetailcollision,#decor_supermart_cardboard_box_close_01
physicsasset,#decor_towel_folded
xmodeldetailcollision,#decor_towel_folded
physicsasset,#decor_trash_can_plastic_office_01
xmodeldetailcollision,#decor_trash_can_plastic_office_01
physicsasset,#decor_wood_napkin_single
xmodeldetailcollision,#decor_wood_napkin_holder_01
physicsasset,#decor_wooden_tray_01
xmodeldetailcollision,#decor_wooden_tray_01
physicsasset,#hash_f1cbe1032ce5e5b8
xmodeldetailcollision,#hash_f1cbe1032ce5e5b8
physicsasset,#hash_a357c42a2df18c3c
xmodeldetailcollision,#hash_ae34bce9926db84e
physicsasset,#hash_cf0191a3fadf08f5
xmodeldetailcollision,#hash_fa88a99cea6e361a
physicsasset,#hash_9c4bbbeb5dc6ead6
xmodeldetailcollision,#hash_9c4bbbeb5dc6ead6
physicsasset,#hash_f0c4da0f40b7e5a7
xmodeldetailcollision,#hash_8b15c48d2fbef2fb
xmodeldetailcollision,#hash_f0c4da0f40b7e5a7
physicsasset,#hash_9e2260a23f8d240e
xmodeldetailcollision,#hash_ac46af865f2238f6
xmodeldetailcollision,#door_frame_wooden_panel_mp_double_01
physicsasset,#hash_e9b59c94745f4db4
xmodeldetailcollision,#hash_9d59cf4c4d7f062a
physicsasset,#hash_fda2d58d0b6ebab8
xmodeldetailcollision,#hash_fda2d58d0b6ebab8
physicsasset,#hash_fa34aaeebe6f97bc
xmodeldetailcollision,#hash_8e39773a4a3f513a
physicsasset,#hash_d206eaa58820b674
xmodeldetailcollision,#hash_9053879271664f85
physicsasset,#drainage_sewer_grate_01
xmodeldetailcollision,#drainage_sewer_grate_01
physicsasset,#hash_e61a54e0242a7afe
xmodeldetailcollision,#hash_e61a54e0242a7afe
physicsasset,#hash_f390ef2dfe2e38c1
xmodeldetailcollision,#hash_f390ef2dfe2e38c1
physicsasset,#hash_8ebbfd67a7cc085e
xmodeldetailcollision,#hash_8ebbfd67a7cc085e
physicsasset,#hash_9b6ab7c39850a3b3
xmodeldetailcollision,#hash_9b6ab7c39850a3b3
physicsasset,#hash_a3e43c6418daafa4
xmodeldetailcollision,#hash_a3e43c6418daafa4
physicsasset,#hash_dc187a02540994a3
xmodeldetailcollision,#hash_dc187a02540994a3
physicsasset,#hash_bb9d83da52c04fd6
xmodeldetailcollision,#hash_bb9d83da52c04fd6
physicsasset,#hash_c9c47db2f59072ba
xmodeldetailcollision,#hash_873884e3ba01eaef
physicsasset,#ee_door_wooden_entrance_01_frame_double_mp
xmodeldetailcollision,#ee_door_wooden_entrance_01_frame_double_mp
physicsasset,#hash_ad7bd65350ef098f
xmodeldetailcollision,#hash_ad7bd65350ef098f
physicsasset,#ee_door_wooden_entrance_01_mp
xmodeldetailcollision,#ee_door_wooden_entrance_01_mp
physicsasset,#hash_b50081c75e2b6551
xmodeldetailcollision,#un_electronics_atm_machine
xmodeldetailcollision,#ee_fabric_military_tarp_hanging_128_half_01
physicsasset,#hash_96c50c9622d7f888
xmodeldetailcollision,#hash_96c50c9622d7f888
xmodeldetailcollision,#ee_floor_concrete_slab_01
physicsasset,#hash_904fe58125466482
xmodeldetailcollision,#hash_990a6e3bf54c7629
physicsasset,#hash_904fe481254662cf
xmodeldetailcollision,#hash_c461ac542a9f3488
physicsasset,#hash_917a71513bbc988d
xmodeldetailcollision,#hash_f1feadb1aa3412d4
physicsasset,#ee_foliage_tree_branch_01
xmodeldetailcollision,#ee_foliage_tree_branch_01
physicsasset,#ee_foliage_tree_branch_03
xmodeldetailcollision,#ee_foliage_tree_branch_03
physicsasset,#ee_food_bread_basket_02
xmodeldetailcollision,#ee_food_bread_basket_02
physicsasset,#ee_food_bread_basket_03
xmodeldetailcollision,#ee_food_bread_basket_03
physicsasset,#ee_food_fruit_cardboard_box_01
xmodeldetailcollision,#hash_b8e7eb90b62350a8
physicsasset,#hash_c9e112316fd2c174
xmodeldetailcollision,#hash_c9e112316fd2c174
physicsasset,#ee_furniture_airport_seat_standalone
xmodeldetailcollision,#ee_furniture_airport_seat_standalone
physicsasset,#ee_furniture_chair_desk_01
xmodeldetailcollision,#ee_furniture_chair_desk_01
physicsasset,#ee_furniture_chair_metal_folding_closed
xmodeldetailcollision,#ee_furniture_chair_metal_folding_closed
physicsasset,#ee_furniture_chair_metal_folding_open
xmodeldetailcollision,#ee_furniture_chair_metal_folding_open
physicsasset,#hash_c19d1f1ee43d7ecd
xmodeldetailcollision,#hash_c19d1f1ee43d7ecd
physicsasset,#hash_89ea5f20704ec6c6
xmodeldetailcollision,#hash_89ea5f20704ec6c6
physicsasset,#hash_b91ecc32695d0ebb
xmodeldetailcollision,#hash_b91ecc32695d0ebb
physicsasset,#hash_f8d0a9cc52c2de7b
xmodeldetailcollision,#hash_f9d04a18ad1bc0bb
physicsasset,#ee_furniture_wall_table_01_64
xmodeldetailcollision,#hash_f9daba18ad24d390
physicsasset,#ee_furniture_wall_table_01_right_end
xmodeldetailcollision,#hash_a18c249867bbe69a
physicsasset,#hash_d80be27eb04e5f5b
xmodeldetailcollision,#hash_d80be27eb04e5f5b
xmodeldetailcollision,#hash_d63accffb09218e3
xmodeldetailcollision,#hash_c678b2d215d2ff15
physicsasset,#hash_ade04ce0ac241ee7
xmodeldetailcollision,#hash_ade04ce0ac241ee7
physicsasset,#ee_manmade_wood_planks_worn_a_05
xmodeldetailcollision,#hash_ae58a356fc3c949f
physicsasset,#ee_mat_rubber_01
xmodeldetailcollision,#hash_f2682af883e7ab37
xmodeldetailcollision,#ee_mat_rubber_01
physicsasset,#ee_mat_rubber_04
xmodeldetailcollision,#ee_mat_rubber_04
physicsasset,#ee_military_crate_large_warhead_lid_01
xmodeldetailcollision,#ee_military_crate_large_warhead_lid_01
physicsasset,#ee_pillar_concrete_pipe_support_32
xmodeldetailcollision,#ee_pillar_concrete_pipe_support_32
physicsasset,#ee_pillar_concrete_pipe_support_base
xmodeldetailcollision,#ee_pillar_concrete_pipe_support_base
xmodeldetailcollision,#ee_pipe_02_256
physicsasset,#hash_c3c131a0883e534e
xmodeldetailcollision,#hash_ea6a2b6655d5c895
physicsasset,#hash_814bbfb36bffacef
xmodeldetailcollision,#hash_9ce028e08ecaae6e
physicsasset,#hash_eca776ba367fa4f1
xmodeldetailcollision,#hash_df5d7013a1f24687
xmodeldetailcollision,#hash_8306b61077700270
xmodeldetailcollision,#hash_e2528ea177d3f9a9
physicsasset,#hash_8ebd27315d9dd8e2
xmodeldetailcollision,#hash_8ebd27315d9dd8e2
physicsasset,#ee_plumbing_pipe_support_concrete_a_05
xmodeldetailcollision,#ee_plumbing_pipe_support_concrete_a_05
physicsasset,#ee_plumbing_sewer_pipe_short
xmodeldetailcollision,#ee_plumbing_sewer_pipe_short
physicsasset,#ee_rock_dirt_muddy_ground_a_03
xmodeldetailcollision,#ee_rock_dirt_muddy_ground_a_03
physicsasset,#ee_rock_riverbed_cluster_02_lg_02
xmodeldetailcollision,#hash_f6122c725119da74
physicsasset,#ee_rock_riverbed_cluster_02_md_01
xmodeldetailcollision,#hash_d2dbbdcdfc6ed8c9
physicsasset,#ee_rock_riverbed_cluster_02_md_03
xmodeldetailcollision,#hash_e3576ac6371ec68e
physicsasset,#hash_8c6fffaed392f4a2
xmodeldetailcollision,#hash_8c6fffaed392f4a2
physicsasset,#hash_8c6c78aed38fd966
xmodeldetailcollision,#hash_8c6c78aed38fd966
physicsasset,#hash_8c6c83aed38fec17
xmodeldetailcollision,#hash_8c6c83aed38fec17
physicsasset,#hash_8c770baed39927b4
xmodeldetailcollision,#hash_8c770baed39927b4
physicsasset,#hash_e9b86e3c92d1eb0b
xmodeldetailcollision,#hash_e9b86e3c92d1eb0b
physicsasset,#hash_e845fdcfe5a7b1c0
xmodeldetailcollision,#hash_e845fdcfe5a7b1c0
physicsasset,#hash_f760b8f33eddb26d
xmodeldetailcollision,#hash_f760b8f33eddb26d
physicsasset,#hash_d4495d1a64c50c13
xmodeldetailcollision,#ee_sign_red_stripes
physicsasset,#hash_ddbaebdf60f41eda
xmodeldetailcollision,#hash_ddbaebdf60f41eda
physicsasset,#ee_sign_train_car_02
xmodeldetailcollision,#ee_sign_train_car_02
physicsasset,#ee_sign_train_car_04
xmodeldetailcollision,#ee_sign_train_car_04
physicsasset,#ee_sign_train_station_arrow_01
xmodeldetailcollision,#hash_a734c9919fe4628b
physicsasset,#hash_d968ff3b90fb412b
xmodeldetailcollision,#hash_d968ff3b90fb412b
physicsasset,#hash_9a54fc9ab89985b6
xmodeldetailcollision,#hash_f857d5a55911befe
physicsasset,#hash_f37acb43dd27c54d
xmodeldetailcollision,#hash_9b6fad8d5049fe45
physicsasset,#hash_e7763afd14ef727d
xmodeldetailcollision,#hash_e7763afd14ef727d
physicsasset,#hash_91537251defccbaa
xmodeldetailcollision,#hash_91537251defccbaa
physicsasset,#hash_b77d7a667b682563
xmodeldetailcollision,#hash_b77d7a667b682563
physicsasset,#hash_996781c264624054
xmodeldetailcollision,#hash_c27a52dceb643881
physicsasset,#ee_storage_flight_case_nowheels_01
xmodeldetailcollision,#ee_storage_flight_case_nowheels_01
xmodeldetailcollision,#hash_eac323d7c56a76c1
physicsasset,#hash_bd48b66efe71e9c6
xmodeldetailcollision,#hash_bd48b66efe71e9c6
physicsasset,#ee_trim_concrete_roof_16_s
xmodeldetailcollision,#ee_trim_concrete_roof_16_s
physicsasset,#hash_d2855bfb8c14ac80
xmodeldetailcollision,#hash_d2855bfb8c14ac80
physicsasset,#ee_trim_concrete_roof_32_s
xmodeldetailcollision,#ee_trim_concrete_roof_32_s
physicsasset,#hash_8b3a6e6f2a96a091
xmodeldetailcollision,#hash_8b3a6e6f2a96a091
physicsasset,#hash_c747c1844a8f43ec
xmodeldetailcollision,#hash_c747c1844a8f43ec
physicsasset,#hash_90cd40467657dc59
xmodeldetailcollision,#hash_90cd40467657dc59
physicsasset,#hash_c25472d1093c44a6
xmodeldetailcollision,#hash_c25472d1093c44a6
physicsasset,#ee_trim_rubber_dock_bumper_01
xmodeldetailcollision,#ee_trim_rubber_dock_bumper_01
physicsasset,#ee_utility_pole_service_drop_07
xmodeldetailcollision,#ee_utility_pole_service_drop_07
physicsasset,#ee_wall_greenhouse_brick_corner_01
xmodeldetailcollision,#ee_wall_greenhouse_brick_corner_01
physicsasset,#ee_wall_precast_concrete_02
xmodeldetailcollision,#hash_97b21b62488f6ba7
physicsasset,#ee_wall_precast_concrete_02_dest_01
xmodeldetailcollision,#hash_bd4d79b8a6791662
physicsasset,#hash_c2451ee57a597ebd
xmodeldetailcollision,#hash_9e1fdeba0ec628c3
physicsasset,#hash_e5c1483b149855c9
xmodeldetailcollision,#hash_e5c1483b149855c9
physicsasset,#hash_e5c1473b14985416
xmodeldetailcollision,#hash_e5c1473b14985416
physicsasset,#ee_wires_stpete_allyway_ornament_03
xmodeldetailcollision,#ee_wires_stpete_allyway_ornament_03
physicsasset,#ee_wires_stpete_allyway_ornament_04
xmodeldetailcollision,#ee_wires_stpete_allyway_ornament_04
physicsasset,#ee_wires_stpete_allyway_vent_01
xmodeldetailcollision,#ee_wires_stpete_allyway_vent_01
physicsasset,#electrical_antenna_rooftop02_iw9
xmodeldetailcollision,#electrical_antenna_rooftop02_iw9
physicsasset,#hash_c87b9e15016215bf
xmodeldetailcollision,#hash_c87b9e15016215bf
physicsasset,#electrical_box_multi_port_01
xmodeldetailcollision,#electrical_box_multi_port_01
physicsasset,#electrical_box_old_rusty
xmodeldetailcollision,#electrical_box_old_rusty
physicsasset,#hash_fa8c97e9ba44f0c8
xmodeldetailcollision,#hash_fa8c85e9ba44d232
physicsasset,#hash_c7a42702534c8230
xmodeldetailcollision,#hash_c7a42702534c8230
physicsasset,#hash_df90dde34b043e8e
xmodeldetailcollision,#hash_df90dde34b043e8e
physicsasset,#hash_e7e8716dabe52867
xmodeldetailcollision,#hash_e7e8716dabe52867
physicsasset,#hash_90b80cde9d8d668a
xmodeldetailcollision,#hash_90b80cde9d8d668a
physicsasset,#electrical_conduit_1_straight_32
xmodeldetailcollision,#electrical_conduit_1_straight_32
physicsasset,#hash_8f723987de2f191f
xmodeldetailcollision,#electrical_conduit_1_straight_64_black
physicsasset,#hash_8e7073b4d2b87595
xmodeldetailcollision,#hash_8e7073b4d2b87595
physicsasset,#hash_a0eca1dbc7721212
xmodeldetailcollision,#hash_a0eca1dbc7721212
physicsasset,#hash_f1bf2205288ab625
xmodeldetailcollision,#hash_f1bf2205288ab625
physicsasset,#hash_f6f86a055838fb47
xmodeldetailcollision,#hash_f6f86a055838fb47
xmodeldetailcollision,#electrical_conduit_2_straight_16
physicsasset,#electrical_conduit_2_straight_32
xmodeldetailcollision,#electrical_conduit_2_straight_32
physicsasset,#hash_8d0f9dc92df2de76
xmodeldetailcollision,#hash_8d0f9dc92df2de76
physicsasset,#hash_d34498f5de8fa184
xmodeldetailcollision,#hash_d34498f5de8fa184
physicsasset,#hash_cd35bc225afe6a18
xmodeldetailcollision,#hash_cd35bc225afe6a18
physicsasset,#hash_8e6f5221eee13bee
xmodeldetailcollision,#hash_8e6f5221eee13bee
physicsasset,#hash_e195ebd3fd288a50
xmodeldetailcollision,#hash_e195ebd3fd288a50
physicsasset,#electrical_conduit_plastic_box_01
xmodeldetailcollision,#electrical_conduit_plastic_box_01
physicsasset,#electrical_conduit_plastic_box_03
xmodeldetailcollision,#electrical_conduit_plastic_box_03
physicsasset,#electrical_conduit_set_electrical_box_01
xmodeldetailcollision,#electrical_conduit_set_electrical_box_01
physicsasset,#electrical_conduit_set_electrical_box_02
xmodeldetailcollision,#electrical_conduit_set_electrical_box_02
physicsasset,#electrical_conduit_set_electrical_box_03
xmodeldetailcollision,#electrical_conduit_set_electrical_box_03
physicsasset,#electrical_conduit_set_electrical_box_04
xmodeldetailcollision,#electrical_conduit_set_electrical_box_04
physicsasset,#electrical_conduit_set_electrical_box_05
xmodeldetailcollision,#electrical_conduit_set_electrical_box_05
physicsasset,#electrical_conduit_set_electrical_box_medium
xmodeldetailcollision,#electrical_conduit_set_electrical_box_medium
physicsasset,#hash_d474654337a7f0b8
xmodeldetailcollision,#hash_d474654337a7f0b8
physicsasset,#electrical_conduit_set_electrical_meter_big_01
xmodeldetailcollision,#electrical_conduit_set_electrical_meter_big_01
physicsasset,#electrical_distribution_box_01
xmodeldetailcollision,#electrical_distribution_box_01
physicsasset,#electrical_distribution_box_02
xmodeldetailcollision,#electrical_distribution_box_02
physicsasset,#hash_9982baf338a56b67
xmodeldetailcollision,#hash_9982baf338a56b67
physicsasset,#electrical_docks_service_box_01
xmodeldetailcollision,#electrical_docks_service_box_01
physicsasset,#electrical_flat_conduit_kit_single_48
xmodeldetailcollision,#hash_c0404a320eaa0e00
xmodeldetailcollision,#hash_e9def18700b423d6
physicsasset,#hash_a210255bb5004bc2
xmodeldetailcollision,#hash_a210255bb5004bc2
physicsasset,#hash_e33b787c58b14c9c
xmodeldetailcollision,#hash_e33b787c58b14c9c
physicsasset,#hash_e8240bc8ecece59b
xmodeldetailcollision,#hash_e8240bc8ecece59b
physicsasset,#hash_80449fb64f614e63
xmodeldetailcollision,#hash_80449fb64f614e63
physicsasset,#hash_804eafb64f69be18
xmodeldetailcollision,#hash_804eafb64f69be18
physicsasset,#electrical_wires_jumbled_a_96
xmodeldetailcollision,#electrical_wires_jumbled_a_96
physicsasset,#hash_ddde19bb8ff48b68
xmodeldetailcollision,#hash_ddde19bb8ff48b68
physicsasset,#hash_839468006c1c770e
xmodeldetailcollision,#hash_839468006c1c770e
physicsasset,#hash_fc36e19f7c69435f
xmodeldetailcollision,#hash_fc36e19f7c69435f
physicsasset,#hash_fc1ef19f7c54ccae
xmodeldetailcollision,#hash_fc1ef19f7c54ccae
xmodeldetailcollision,#electrical_wires_jumbled_connection_02
physicsasset,#hash_aafbc80b1a46aa84
xmodeldetailcollision,#hash_aafbc80b1a46aa84
physicsasset,#electronics_fire_alarm_bell_01_lod0
xmodeldetailcollision,#electronics_fire_alarm_bell_01_lod0
physicsasset,#electronics_fire_alarm_trigger_01_lod0
xmodeldetailcollision,#electronics_fire_alarm_trigger_01_lod0
physicsasset,#hash_a0590139b98ba9e7
xmodeldetailcollision,#hash_a0590139b98ba9e7
physicsasset,#equipment_ac_unit_01
xmodeldetailcollision,#equipment_ac_unit_01
physicsasset,#hash_b3e21eb0fd402d4d
xmodeldetailcollision,#hash_b3e21eb0fd402d4d
physicsasset,#equipment_dome_surveillance_camera
xmodeldetailcollision,#equipment_dome_surveillance_camera
physicsasset,#equipment_military_radio_old_05
xmodeldetailcollision,#equipment_military_radio_old_05
physicsasset,#equipment_push_broom_01
xmodeldetailcollision,#equipment_push_broom_01
physicsasset,#equipment_roof_vent_medium
xmodeldetailcollision,#hash_f29dcf4123f79937
physicsasset,#equipment_roofvent1
xmodeldetailcollision,#equipment_roofvent1
physicsasset,#hash_a53567c214410540
xmodeldetailcollision,#hash_977a2a8cf032372d
physicsasset,#equipment_satellite_dish_01_sml
xmodeldetailcollision,#equipment_satellite_dish_01_sml
physicsasset,#hash_f5cf26f15f033e60
xmodeldetailcollision,#dns_toolbox_small_iw6
physicsasset,#hash_da564cb39f528438
xmodeldetailcollision,#hash_da564cb39f528438
physicsasset,#eu_furniture_chair_rattan_01
xmodeldetailcollision,#hash_dca0b5773c2b8a99
physicsasset,#hash_cc3e507e6ab821e6
xmodeldetailcollision,#hash_cc3e507e6ab821e6
xmodeldetailcollision,#eu_trim_hotel_bottom_64
physicsasset,#hash_e27f1ec60d11011a
xmodeldetailcollision,#hash_e27f1ec60d11011a
physicsasset,#fac_metal_extinguisher_04_base
xmodeldetailcollision,#fac_metal_extinguisher_04_base
physicsasset,#fence_chainlink_lrg_gate_wheels
xmodeldetailcollision,#fence_chainlink_lrg_gate_wheels
physicsasset,#floor_grate_catwalk_metal_01
xmodeldetailcollision,#floor_grate_catwalk_metal_01
physicsasset,#hash_8b656aa748122f7b
physicsasset,#foliage_pot_plant_decorative_01_med
xmodeldetailcollision,#foliage_pot_plant_decorative_01_med
physicsasset,#hash_c7dc50252b462a52
xmodeldetailcollision,#hash_ae820b77b21f2654
physicsasset,#hash_872f88ab22b24a62
xmodeldetailcollision,#hash_872f88ab22b24a62
physicsasset,#hash_bd4cec4db81e6f90
xmodeldetailcollision,#hash_bd4cec4db81e6f90
physicsasset,#hash_c7dc4d252b462539
xmodeldetailcollision,#hash_c7dc4d252b462539
physicsasset,#hash_81188ed58a13979b
xmodeldetailcollision,#hash_81188ed58a13979b
physicsasset,#hash_fdf80af40be3f30b
xmodeldetailcollision,#hash_bb8dc2592c5d8ea9
physicsasset,#hash_ed08deb79f122847
xmodeldetailcollision,#hash_ed08deb79f122847
physicsasset,#hash_ed08dfb79f1229fa
xmodeldetailcollision,#hash_ed08dfb79f1229fa
physicsasset,#hash_ed08e0b79f122bad
xmodeldetailcollision,#hash_ed08e0b79f122bad
physicsasset,#hash_de8ba18e33524c31
xmodeldetailcollision,#hash_9160ec4c2d1816a9
physicsasset,#food_beer_can_6pack_01
xmodeldetailcollision,#food_beer_can_6pack_01
physicsasset,#hash_b091346cb036fce3
xmodeldetailcollision,#hash_b091346cb036fce3
physicsasset,#hash_c9dc445d979cd3a3
xmodeldetailcollision,#hash_c9dc445d979cd3a3
physicsasset,#furniture_bench_wooden_outdoor_01
xmodeldetailcollision,#furniture_bench_wooden_outdoor_01
physicsasset,#hash_a325cccb92de453b
xmodeldetailcollision,#hash_a325cccb92de453b
physicsasset,#hash_b729b78f39c26c3e
xmodeldetailcollision,#furniture_painting_frame_03_brown_04
physicsasset,#hash_e205bbd4303b5f0b
xmodeldetailcollision,#hash_e205bbd4303b5f0b
physicsasset,#furniture_storage_bin_plastic_01
xmodeldetailcollision,#furniture_storage_bin_plastic_01
physicsasset,#hash_8afdb34ff7e87339
xmodeldetailcollision,#hash_8afdb34ff7e87339
physicsasset,#hash_bddef38779e4b94a
xmodeldetailcollision,#hash_bddef38779e4b94a
physicsasset,#furniture_table_folding_01_open_static
physicsasset,#furniture_weapon_racks_01
xmodeldetailcollision,#furniture_weapon_racks_01
physicsasset,#glass_broken_frame_corner_01
xmodeldetailcollision,#hash_f99048835fd919c7
physicsasset,#hash_fbc3e0429fb74b7b
xmodeldetailcollision,#hash_fbc3e0429fb74b7b
physicsasset,#glass_broken_frame_corner_03
xmodeldetailcollision,#glass_broken_frame_corner_03
physicsasset,#hash_9d1cb536c8f11b4a
xmodeldetailcollision,#hash_c4aaf46fb7b5a4db
physicsasset,#hardware_plywood_bare_01_24
xmodeldetailcollision,#hardware_plywood_bare_01_24
physicsasset,#hardware_plywood_bare_01_48
xmodeldetailcollision,#hardware_plywood_bare_01_48_dirty
physicsasset,#hardware_plywood_osb_bare_01_24
xmodeldetailcollision,#hardware_plywood_osb_bare_01_24
physicsasset,#hardware_plywood_osb_bare_01_48
xmodeldetailcollision,#hash_e73717244ff4717f
physicsasset,#hardware_plywood_osb_bare_01_64
xmodeldetailcollision,#hardware_plywood_osb_bare_01_64
physicsasset,#hardware_plywood_painted_white_01
xmodeldetailcollision,#hash_abb1f458600ce978
xmodeldetailcollision,#hardware_plywood_bare_01
physicsasset,#hardware_plywood_painted_white_01_24
xmodeldetailcollision,#hardware_plywood_painted_white_01_24
physicsasset,#hardware_plywood_painted_white_01_48
xmodeldetailcollision,#hardware_plywood_painted_white_01_48
physicsasset,#hash_847826e769cf92be
xmodeldetailcollision,#hash_847826e769cf92be
physicsasset,#hash_d8a1803fbd137aa1
xmodeldetailcollision,#hash_d8a1803fbd137aa1
physicsasset,#hash_bf53a86547b4a13d
xmodeldetailcollision,#hash_bf53a86547b4a13d
physicsasset,#hash_ad08a6116e8e163f
xmodeldetailcollision,#hash_ad08a6116e8e163f
physicsasset,#hash_cf168d3f9092563e
xmodeldetailcollision,#hash_cf168d3f9092563e
physicsasset,#hash_cf1d793f909852f0
xmodeldetailcollision,#hash_cf1d793f909852f0
physicsasset,#hash_cf138d3f90902067
xmodeldetailcollision,#hash_cf138d3f90902067
physicsasset,#jup_debris_trash_pile_02
xmodeldetailcollision,#jup_debris_trash_pile_02
physicsasset,#hash_b0d7c1e9ad2ee4de
xmodeldetailcollision,#hash_b0d7c1e9ad2ee4de
physicsasset,#hash_b0d7c0e9ad2ee32b
xmodeldetailcollision,#hash_b0d7c0e9ad2ee32b
physicsasset,#hash_b0d7bfe9ad2ee178
xmodeldetailcollision,#hash_b0d7bfe9ad2ee178
physicsasset,#hash_b0d7c6e9ad2eed5d
xmodeldetailcollision,#hash_b0d7c6e9ad2eed5d
physicsasset,#hash_b0d7c5e9ad2eebaa
xmodeldetailcollision,#hash_b0d7c5e9ad2eebaa
physicsasset,#hash_b0d7c4e9ad2ee9f7
xmodeldetailcollision,#hash_b0d7c4e9ad2ee9f7
physicsasset,#jup_ee_construction_railbridge_framework_01g
xmodeldetailcollision,#jup_ee_construction_railbridge_framework_01g
physicsasset,#hash_81ad151d22777cfe
xmodeldetailcollision,#hash_81ad151d22777cfe
physicsasset,#hash_81ad141d22777b4b
xmodeldetailcollision,#hash_81ad141d22777b4b
physicsasset,#hash_92dff1f93df24d4a
xmodeldetailcollision,#hash_92dff1f93df24d4a
physicsasset,#hash_ee74a07d268e39eb
xmodeldetailcollision,#hash_ee74a07d268e39eb
physicsasset,#hash_819a58363931e49b
xmodeldetailcollision,#hash_819a58363931e49b
physicsasset,#hash_da67bf4bdf1cc6e4
xmodeldetailcollision,#hash_da67bf4bdf1cc6e4
physicsasset,#jup_ee_furniture_painting_frame_destroyed_modern_01
xmodeldetailcollision,#jup_ee_furniture_painting_frame_destroyed_modern_01
physicsasset,#hash_df5a427d31185ac7
xmodeldetailcollision,#hash_df5a427d31185ac7
physicsasset,#hash_a0bd8c4af84990b9
xmodeldetailcollision,#hash_a0bd8c4af84990b9
physicsasset,#jup_lighting_interior_office_ceiling_tile_01
xmodeldetailcollision,#jup_lighting_interior_office_ceiling_tile_01
physicsasset,#hash_daf4757c21211b7a
xmodeldetailcollision,#hash_daf4757c21211b7a
physicsasset,#hash_eb14ff691b8b8454
xmodeldetailcollision,#hash_eb14ff691b8b8454
physicsasset,#hash_afd7cbeb110394ca
xmodeldetailcollision,#hash_afd7cbeb110394ca
physicsasset,#hash_b040ad7054072e8e
xmodeldetailcollision,#hash_b040ad7054072e8e
physicsasset,#jup_military_plastic_cargo_box_01
xmodeldetailcollision,#jup_military_plastic_cargo_box_01
physicsasset,#hash_9b88055116b4715b
xmodeldetailcollision,#hash_9b88055116b4715b
physicsasset,#hash_c4dd89a52b1fe990
xmodeldetailcollision,#hash_c4dd89a52b1fe990
physicsasset,#hash_a4372ead0380aa22
xmodeldetailcollision,#hash_a4372ead0380aa22
physicsasset,#hash_c97f56b365178329
xmodeldetailcollision,#hash_c97f56b365178329
physicsasset,#hash_ebc0e783ca7c16b0
xmodeldetailcollision,#hash_ebc0e783ca7c16b0
physicsasset,#hash_eba4ef51e41af228
xmodeldetailcollision,#hash_eba4ef51e41af228
physicsasset,#hash_ccb58d5f30c31def
xmodeldetailcollision,#hash_ccb58d5f30c31def
physicsasset,#hash_dab39dcd8029c84a
xmodeldetailcollision,#hash_dab39dcd8029c84a
physicsasset,#hash_fafc425119338c51
xmodeldetailcollision,#hash_fafc425119338c51
physicsasset,#hash_fafc3f5119338738
xmodeldetailcollision,#hash_fafc3f5119338738
physicsasset,#hash_d5183ff3c8b8549c
xmodeldetailcollision,#hash_d5183ff3c8b8549c
physicsasset,#hash_922425c9a5fd6b73
xmodeldetailcollision,#hash_922425c9a5fd6b73
physicsasset,#jup_rock_medium_01
xmodeldetailcollision,#jup_rock_medium_01
physicsasset,#hash_cafe717c230965a5
xmodeldetailcollision,#hash_cafe717c230965a5
physicsasset,#hash_ce330c33ae120255
xmodeldetailcollision,#hash_ce330c33ae120255
physicsasset,#jup_us_book_stack_01
xmodeldetailcollision,#jup_us_book_stack_01
physicsasset,#hash_cd7a127865d398aa
xmodeldetailcollision,#hash_cd7a127865d398aa
physicsasset,#hash_ae9b842d93d8b927
xmodeldetailcollision,#hash_ae9b842d93d8b927
physicsasset,#hash_fbb6b39c9f816dcd
xmodeldetailcollision,#hash_fbb6b39c9f816dcd
physicsasset,#hash_e8bdf318181b80c4
xmodeldetailcollision,#hash_e8bdf318181b80c4
physicsasset,#jup_wires_cable_rack_kit_ceiling_corner_01
xmodeldetailcollision,#jup_wires_cable_rack_kit_ceiling_corner_01
physicsasset,#jup_wires_cable_rack_kit_ceiling_corner_02
xmodeldetailcollision,#jup_wires_cable_rack_kit_ceiling_corner_02
physicsasset,#jup_wires_cable_rack_kit_wall_32_01
xmodeldetailcollision,#jup_wires_cable_rack_kit_wall_32_01
physicsasset,#jup_wires_cable_rack_kit_wall_64_01
xmodeldetailcollision,#jup_wires_cable_rack_kit_wall_64_01
physicsasset,#jup_wires_cable_rack_kit_wall_8_01
xmodeldetailcollision,#jup_wires_cable_rack_kit_wall_8_01
physicsasset,#hash_af4d4b4abc7e2152
xmodeldetailcollision,#hash_af4d4b4abc7e2152
physicsasset,#kitchen_01_metal_dish_01_group
xmodeldetailcollision,#kitchen_01_metal_dish_01_group
physicsasset,#kitchen_accessories_stainless_steel_wall_shelf_long
xmodeldetailcollision,#kitchen_accessories_stainless_steel_wall_shelf_long
physicsasset,#kitchen_metal_sink_01
xmodeldetailcollision,#kitchen_metal_sink_01
physicsasset,#kitchen_spice_rack
xmodeldetailcollision,#kitchen_spice_rack
physicsasset,#ladder_old_wood_01_160
xmodeldetailcollision,#ladder_old_wood_01_160
physicsasset,#hash_a4a051b08e03154f
xmodeldetailcollision,#hash_f73cb24ce807b4d2
xmodeldetailcollision,#hash_bfd065bf92dc8472
physicsasset,#hash_9961d2d5dfd2406a
xmodeldetailcollision,#hash_94bbcc0d8ce92386
physicsasset,#hash_b88140a43e3eeaf2
xmodeldetailcollision,#hash_dc9b13afc28922d6
physicsasset,#hash_e204d767ca3fa007
xmodeldetailcollision,#hash_f750d958c4209833
physicsasset,#hash_8c75f64f2fbe5e71
xmodeldetailcollision,#hash_8c75f64f2fbe5e71
physicsasset,#lm_door_frame_tvstation
xmodeldetailcollision,#lm_door_frame_tvstation
physicsasset,#hash_a1878cad0b4aadf3
xmodeldetailcollision,#door_tvstation
physicsasset,#hash_fd2bb4b04e6f3850
xmodeldetailcollision,#hash_fd2bb4b04e6f3850
physicsasset,#lm_electrical_maintenance_box_02
xmodeldetailcollision,#lm_electrical_maintenance_box_02
physicsasset,#hash_82e9c5b67bdb192f
xmodeldetailcollision,#hash_82e9c5b67bdb192f
physicsasset,#hash_82e9c7b67bdb1c95
xmodeldetailcollision,#hash_82e9c7b67bdb1c95
physicsasset,#hash_a7fd2d0913fa728b
xmodeldetailcollision,#hash_a7fd2d0913fa728b
physicsasset,#hash_8e4444142e9fd25f
xmodeldetailcollision,#hash_8e4444142e9fd25f
physicsasset,#hash_97b50ecb196c4dd0
xmodeldetailcollision,#hash_97b50ecb196c4dd0
physicsasset,#hash_d9d011f2e2afb37b
xmodeldetailcollision,#hash_d9d011f2e2afb37b
physicsasset,#hash_8c0020445e0c14be
xmodeldetailcollision,#hash_8c0020445e0c14be
physicsasset,#hash_d226bb9f404fb492
xmodeldetailcollision,#hash_d226bb9f404fb492
physicsasset,#hash_fa15750696b7a3df
xmodeldetailcollision,#hash_fa15750696b7a3df
physicsasset,#hash_cd6a94c5b89b4a90
xmodeldetailcollision,#hash_cd6a94c5b89b4a90
physicsasset,#hash_fac4deaf3aede609
xmodeldetailcollision,#hash_fac4deaf3aede609
physicsasset,#lm_street_concrete_sidewalk_16x16_01_tall
xmodeldetailcollision,#lm_street_concrete_sidewalk_16x16_01_tall
physicsasset,#hash_976540941ac009b5
xmodeldetailcollision,#hash_976540941ac009b5
physicsasset,#lm_street_concrete_sidewalk_32x32_01_tall
xmodeldetailcollision,#lm_street_concrete_sidewalk_32x32_01_tall
physicsasset,#hash_baaf5a69ed6cc208
xmodeldetailcollision,#hash_baaf5a69ed6cc208
physicsasset,#lm_street_trashcan_metal_01
xmodeldetailcollision,#lm_street_trashcan_metal_01
physicsasset,#hash_c1b57d04c405718c
xmodeldetailcollision,#hash_c1b57d04c405718c
xmodeldetailcollision,#lm_structural_railing_int_steps_03_a
physicsasset,#hash_f5a6ea03d74a913f
xmodeldetailcollision,#hash_f5a6ea03d74a913f
physicsasset,#hash_ecf42c041a4e5165
xmodeldetailcollision,#hash_ecf42c041a4e5165
physicsasset,#hash_d90f7aba9a9071af
xmodeldetailcollision,#hash_d90f7aba9a9071af
physicsasset,#hash_846b3785d666788c
xmodeldetailcollision,#hash_846b3785d666788c
physicsasset,#hash_db60ea6243903150
xmodeldetailcollision,#hash_db60ea6243903150
physicsasset,#hash_cf0b146b518bee45
xmodeldetailcollision,#hash_cf0b146b518bee45
physicsasset,#hash_e925aa0fc23f9b11
xmodeldetailcollision,#hash_9122d7a67cbe7968
xmodeldetailcollision,#hash_9122daa67cbe7e81
physicsasset,#me_ceiling_tile_debris_pile_a
xmodeldetailcollision,#me_ceiling_tile_debris_pile_a
physicsasset,#hash_df8baa4283db6653
xmodeldetailcollision,#hash_df8baa4283db6653
physicsasset,#hash_83282f0187713c03
xmodeldetailcollision,#hash_83282f0187713c03
physicsasset,#hash_ced45a9bbb77c62c
xmodeldetailcollision,#hash_ced45a9bbb77c62c
physicsasset,#me_curb_trash_01
xmodeldetailcollision,#me_curb_trash_01
physicsasset,#me_curb_trash_02
xmodeldetailcollision,#me_curb_trash_02
physicsasset,#hash_974d7958d913ad83
xmodeldetailcollision,#hash_974d7958d913ad83
physicsasset,#hash_974d7a58d913af36
xmodeldetailcollision,#hash_974d7a58d913af36
physicsasset,#hash_f238e334b28ce1d0
xmodeldetailcollision,#hash_f238e334b28ce1d0
physicsasset,#me_decor_leather_bag_01
xmodeldetailcollision,#me_decor_leather_bag_01
physicsasset,#hash_92e7656f3205079f
xmodeldetailcollision,#hash_92e7656f3205079f
xmodeldetailcollision,#hash_92e7666f32050952
physicsasset,#hash_a31fda882d62dcd3
xmodeldetailcollision,#hash_a31fda882d62dcd3
physicsasset,#hash_ec8f3610b0746f66
xmodeldetailcollision,#hash_ec8f3610b0746f66
physicsasset,#me_electrical_box_small_01
xmodeldetailcollision,#me_electrical_box_small_01
physicsasset,#me_garbage_box_cardboard_01
xmodeldetailcollision,#me_garbage_box_cardboard_01
physicsasset,#me_hand_pallet_jack_01
xmodeldetailcollision,#me_hand_pallet_jack_01
physicsasset,#hash_f6b71b12eddd748c
xmodeldetailcollision,#hash_f6b71e12eddd79a5
physicsasset,#me_machinery_oil_tank_a_01
xmodeldetailcollision,#me_machinery_oil_tank_a_01
physicsasset,#me_metal_panel_sliding_security_gate_beam_128
xmodeldetailcollision,#me_metal_panel_sliding_security_gate_beam_128
physicsasset,#hash_fcdd3ed24072e001
xmodeldetailcollision,#hash_fcdd3ed24072e001
physicsasset,#hash_e786a9c7ef7b1056
xmodeldetailcollision,#hash_e786a9c7ef7b1056
physicsasset,#hash_8fab9b192d46e09e
xmodeldetailcollision,#hash_8fab9b192d46e09e
physicsasset,#hash_8fb287192d4cdd50
xmodeldetailcollision,#hash_8fb287192d4cdd50
physicsasset,#hash_8fa81b192d43d147
xmodeldetailcollision,#hash_8fa81b192d43d147
physicsasset,#hash_f2b9e0ccdb9df127
xmodeldetailcollision,#hash_f2b9e0ccdb9df127
physicsasset,#hash_fba99aa75ea10ab2
xmodeldetailcollision,#hash_fba99aa75ea10ab2
physicsasset,#hash_902e1819a80f85ec
xmodeldetailcollision,#hash_902e1819a80f85ec
physicsasset,#hash_d7ff935a7e244c1f
xmodeldetailcollision,#hash_fd58fe30137e83a1
physicsasset,#hash_99996f0b6c8472c2
physicsasset,#hash_e2bed42069467a30
xmodeldetailcollision,#hash_e2bed42069467a30
physicsasset,#hash_e5f10530201f155a
xmodeldetailcollision,#hash_e5f10530201f155a
physicsasset,#hash_e5f10430201f13a7
xmodeldetailcollision,#hash_e5f10430201f13a7
physicsasset,#me_rock_cliff_01
xmodeldetailcollision,#me_rock_cliff_01
physicsasset,#hash_a887ae97b6471175
xmodeldetailcollision,#hash_a887ae97b6471175
physicsasset,#hash_9cae0a39fa5c30fd
xmodeldetailcollision,#hash_a458842e7f92c0cd
physicsasset,#hash_a9778d17176d4eaa
xmodeldetailcollision,#hash_a9778d17176d4eaa
physicsasset,#hash_a9778b17176d4b44
xmodeldetailcollision,#hash_a9778b17176d4b44
physicsasset,#me_rock_quarry_marble_rubble_sm_64_01
xmodeldetailcollision,#me_rock_quarry_marble_rubble_sm_64_01
physicsasset,#me_sign_office_employeeonly_01
xmodeldetailcollision,#me_sign_office_employeeonly_01
physicsasset,#me_sign_office_nocig_01
xmodeldetailcollision,#me_sign_office_donutenter_01
physicsasset,#me_sign_office_wf_calendar1
xmodeldetailcollision,#me_sign_office_wf_calendar4
physicsasset,#hash_bde3d7ab8fb664fe
xmodeldetailcollision,#hash_bde3d7ab8fb664fe
physicsasset,#hash_af601853487049b6
xmodeldetailcollision,#hash_af601853487049b6
physicsasset,#me_trash_pile_03
xmodeldetailcollision,#me_trash_pile_03
physicsasset,#hash_c541f4a92e089adf
xmodeldetailcollision,#hash_c541f4a92e089adf
physicsasset,#hash_c541f5a92e089c92
xmodeldetailcollision,#hash_c541f5a92e089c92
xmodeldetailcollision,#me_water_tank_industrial_caged_01
physicsasset,#hash_9efcb2263e129fe2
xmodeldetailcollision,#hash_87de3c0809a16947
physicsasset,#hash_f7834a42b3d2231f
xmodeldetailcollision,#hash_b8743da1c4f01aa0
physicsasset,#military_ascendertop_heavy
xmodeldetailcollision,#military_ascendertop_heavy
physicsasset,#military_cp_crafting_crate_metal
xmodeldetailcollision,#military_cp_crafting_crate_metal
physicsasset,#military_crate_large_stackable_02
xmodeldetailcollision,#military_crate_large_stackable_02
physicsasset,#hash_c5ff0c43178b2dce
xmodeldetailcollision,#hash_c5ff0c43178b2dce
physicsasset,#hash_926c3bb5053a4ab4
xmodeldetailcollision,#hash_926c3bb5053a4ab4
physicsasset,#hash_b505e844d46c1e58
xmodeldetailcollision,#hash_b505e844d46c1e58
physicsasset,#military_uniform_fe_04
xmodeldetailcollision,#military_uniform_fe_04
physicsasset,#milk_crate_iw6
xmodeldetailcollision,#milk_crate_iw6
physicsasset,#hash_9e6e638220ef74bf
xmodeldetailcollision,#hash_dbbe3676567075ee
physicsasset,#hash_82e65ce93123e23f
xmodeldetailcollision,#hash_bfd266ac9a8dce6e
physicsasset,#mout_catwalk_railing_128
xmodeldetailcollision,#hash_b03af1b65e4dcd0f
physicsasset,#mout_catwalk_railing_32
xmodeldetailcollision,#hash_a5513f3f410954e1
physicsasset,#mout_catwalk_railing_64
xmodeldetailcollision,#hash_943f1164f0339a68
xmodeldetailcollision,#hash_ede8d94464013a00
physicsasset,#hash_f5ec1d8e4007a582
xmodeldetailcollision,#hash_e052a68c0fc0f579
physicsasset,#hash_b0c7383150036e06
xmodeldetailcollision,#hash_8d813d4c5727dc35
physicsasset,#hash_f733dc2351a84030
xmodeldetailcollision,#hash_c4f7f893da9f79b7
physicsasset,#hash_c95c478b645fd144
xmodeldetailcollision,#hash_cd268d1e52140003
physicsasset,#hash_ac58e5ab3eef844b
xmodeldetailcollision,#hash_c662a14ad8b41642
physicsasset,#mout_catwalk_support_base_01
xmodeldetailcollision,#mout_catwalk_support_base_01
physicsasset,#hash_8ab03d064a8ab3f8
xmodeldetailcollision,#hash_8ab03d064a8ab3f8
physicsasset,#hash_847ae46b0e722f00
xmodeldetailcollision,#hash_847ae46b0e722f00
physicsasset,#hash_a15cebefb82b08ef
xmodeldetailcollision,#hash_a15cebefb82b08ef
physicsasset,#mout_catwalk_support_brace_ibeam_01
xmodeldetailcollision,#mout_catwalk_support_brace_ibeam_01
physicsasset,#hash_d68d325b823ac39c
xmodeldetailcollision,#hash_d68d325b823ac39c
physicsasset,#hash_c20ee6acdb0af2e8
xmodeldetailcollision,#mout_catwalk_support_brace_ibeam_16_mp_rust
physicsasset,#mout_catwalk_support_brace_ibeam_16_mp_rust
physicsasset,#mout_catwalk_support_brace_ibeam_32
xmodeldetailcollision,#mout_catwalk_support_brace_ibeam_32
physicsasset,#mout_catwalk_support_brace_ibeam_32_mp_rust
physicsasset,#mout_catwalk_support_brace_ibeam_64
xmodeldetailcollision,#mout_catwalk_support_brace_ibeam_64
physicsasset,#mout_catwalk_support_brace_ibeam_64_mp_rust
physicsasset,#hash_9dd36ef4a093b169
xmodeldetailcollision,#hash_9dd36ef4a093b169
physicsasset,#mout_catwalk_support_brace_ibeam_96_mp_rust
physicsasset,#mout_catwalk_support_brace_right_64x128
physicsasset,#hash_ef52f1901a5828db
xmodeldetailcollision,#hash_ef52f1901a5828db
physicsasset,#mx_rock_cascade_01
xmodeldetailcollision,#mx_rock_cascade_01
physicsasset,#mx_rock_cascade_03
xmodeldetailcollision,#mx_rock_cascade_03
physicsasset,#mx_sign_commercial_common_fire_extinguisher_03
xmodeldetailcollision,#mx_sign_commercial_common_fire_extinguisher_03
physicsasset,#hash_b38bc201abd09428
xmodeldetailcollision,#hash_96ac194e55b94fe6
physicsasset,#ob_cover_concrete_barrier_cube
xmodeldetailcollision,#ob_cover_concrete_barrier_cube
physicsasset,#p7_box_cardboard_a_closed
xmodeldetailcollision,#hash_dc147a067f88f9a5
physicsasset,#p7_box_cardboard_c_closed
xmodeldetailcollision,#p7_box_cardboard_c_open01
xmodeldetailcollision,#p7_box_cardboard_c_closed
physicsasset,#p7_box_cardboard_c_open02
xmodeldetailcollision,#p7_box_cardboard_c_open02
xmodeldetailcollision,#pillar_concrete_01_16x128
physicsasset,#pillar_concrete_01_16x32
xmodeldetailcollision,#pillar_concrete_01_16x32
physicsasset,#hash_d6179f0cccd4c6c5
xmodeldetailcollision,#hash_d6179f0cccd4c6c5
physicsasset,#pillar_concrete_01_32x64
xmodeldetailcollision,#pillar_concrete_01_32x64
physicsasset,#pipe_metal_painted_sprinkler
xmodeldetailcollision,#pipe_metal_painted_sprinkler
physicsasset,#pipe_metal_painted_straight_64_thin
xmodeldetailcollision,#pipe_metal_painted_straight_64_thin
xmodeldetailcollision,#river_bed_dirt_pile_03
physicsasset,#hash_954a359582740daf
xmodeldetailcollision,#hash_954a359582740daf
physicsasset,#rock_nordic_coastal_cliff_large_02_a
xmodeldetailcollision,#rock_nordic_coastal_cliff_large_02_a
physicsasset,#hash_8536e210d94ccf9a
xmodeldetailcollision,#hash_8536e210d94ccf9a
physicsasset,#hash_935ff7c64fec0d1a
xmodeldetailcollision,#hash_d7b8c379371c8207
physicsasset,#hash_833fd45825d3d9cb
xmodeldetailcollision,#hash_833fd45825d3d9cb
physicsasset,#s4_fra_mop_01
xmodeldetailcollision,#s4_fra_mop_01
physicsasset,#s4_fra_mop_01_set
xmodeldetailcollision,#s4_fra_mop_01_set
physicsasset,#hash_8ad9c5b9a8b1db44
xmodeldetailcollision,#hash_8ad9c5b9a8b1db44
physicsasset,#hash_e44910d856c15dcc
xmodeldetailcollision,#hash_e44910d856c15dcc
physicsasset,#hash_e4490ed856c15a66
xmodeldetailcollision,#hash_e4490ed856c15a66
physicsasset,#s4_ger_electrical_wiring_box_01
xmodeldetailcollision,#s4_ger_electrical_wiring_box_01
physicsasset,#hash_d9289a00edaff4f7
xmodeldetailcollision,#s4_office_paper_stack02_destp
physicsasset,#hash_86125f91d5a01a78
xmodeldetailcollision,#hash_86125f91d5a01a78
physicsasset,#s4_usa_ship_electrical_wall_box_pannel_01
xmodeldetailcollision,#s4_usa_ship_electrical_wall_box_pannel_01
physicsasset,#s4_usa_ship_electrical_wall_box_pannel_02
xmodeldetailcollision,#s4_usa_ship_electrical_wall_box_pannel_02
physicsasset,#s4_usa_ship_electrical_wall_box_pannel_03
xmodeldetailcollision,#s4_usa_ship_electrical_wall_box_pannel_03
physicsasset,#s4_usa_ship_electrical_wall_box_pannel_04
xmodeldetailcollision,#s4_usa_ship_electrical_wall_box_pannel_04
physicsasset,#s4_usa_ship_electrical_wall_box_switch_01
xmodeldetailcollision,#s4_usa_ship_electrical_wall_box_switch_01
physicsasset,#sandbag_01
xmodeldetailcollision,#sandbag_01_brown
physicsasset,#sandbag_wall_pieces_arrey_mp_long_01
xmodeldetailcollision,#sandbag_wall_pieces_arrey_mp_long_01
physicsasset,#sandbag_wall_pieces_arrey_mp_short_01
xmodeldetailcollision,#sandbag_wall_pieces_arrey_mp_short_01_brown
physicsasset,#sandbag_wall_pieces_arrey_sp_short_01
xmodeldetailcollision,#sandbag_wall_pieces_arrey_sp_short_01
physicsasset,#sandbag_wall_pieces_block_mp_01
xmodeldetailcollision,#sandbag_wall_pieces_block_mp_01
physicsasset,#sandbag_wall_pieces_endcap_sp_01
xmodeldetailcollision,#sandbag_wall_pieces_endcap_sp_01
xmodeldetailcollision,#school_locker_open_01
physicsasset,#hash_92524f6cf569f636
xmodeldetailcollision,#hash_92524f6cf569f636
physicsasset,#school_locker_open_01
physicsasset,#hash_e0aa75b5bc841b70
xmodeldetailcollision,#com_public_speaker_01
physicsasset,#hash_a6e0c8821aa459d0
xmodeldetailcollision,#hash_a6e0c8821aa459d0
physicsasset,#hash_fd76c5094ac4d547
xmodeldetailcollision,#hash_fd76c5094ac4d547
physicsasset,#hash_f354131219650d5f
xmodeldetailcollision,#hash_f354131219650d5f
physicsasset,#hash_cb41085b7e576e89
xmodeldetailcollision,#hash_cb41085b7e576e89
physicsasset,#hash_8fbe102e29c65df9
xmodeldetailcollision,#hash_afa455a20974bbe5
physicsasset,#hash_ed5880d56dd4e5ad
xmodeldetailcollision,#hash_ed5880d56dd4e5ad
physicsasset,#hash_e13e015540d3780d
xmodeldetailcollision,#hash_e13e015540d3780d
physicsasset,#hash_c8faa6b307abc14e
xmodeldetailcollision,#hash_c8faa6b307abc14e
physicsasset,#hash_bd5e61afe42e571a
xmodeldetailcollision,#stationary_trainyard_signal_lights_01
physicsasset,#street_cable_protector_ramp_64x16
xmodeldetailcollision,#hash_9fc235679e0e6cd1
physicsasset,#street_concrete_barrier_cube_01
xmodeldetailcollision,#street_concrete_barrier_cube_01
physicsasset,#hash_df1c398fa288ef39
xmodeldetailcollision,#hash_df1c398fa288ef39
physicsasset,#structural_bracket_iron_rusted_32_l_01
xmodeldetailcollision,#structural_bracket_iron_rusted_32_l_01
physicsasset,#structural_bracket_iron_rusted_32_l_02
xmodeldetailcollision,#structural_bracket_iron_rusted_32_l_02
physicsasset,#structural_bracket_iron_rusted_32_thin_01
xmodeldetailcollision,#structural_bracket_iron_rusted_32_thin_01
physicsasset,#structural_bracket_iron_rusted_32_thin_l_02
xmodeldetailcollision,#structural_bracket_iron_rusted_32_thin_l_02
physicsasset,#tool_shop_broom
xmodeldetailcollision,#tool_shop_broom
physicsasset,#trash_bin_airport_01
xmodeldetailcollision,#trash_bin_airport_01
physicsasset,#trash_clothes_pile_01
xmodeldetailcollision,#trash_clothes_pile_01
physicsasset,#hash_ae39bab5ebe9479d
xmodeldetailcollision,#hash_ae39bab5ebe9479d
physicsasset,#trash_pile_01
xmodeldetailcollision,#trash_pile_01
physicsasset,#hash_cf62b5f0f724e96d
xmodeldetailcollision,#hash_cf62b5f0f724e96d
physicsasset,#trash_pile_debris_02
xmodeldetailcollision,#trash_pile_debris_02
physicsasset,#hash_899e2873f3b37f52
xmodeldetailcollision,#hash_899e2873f3b37f52
physicsasset,#hash_cf62b0f0f724e0ee
xmodeldetailcollision,#hash_ef2f54070986b593
physicsasset,#hash_cf62b1f0f724e2a1
xmodeldetailcollision,#hash_cf62b1f0f724e2a1
physicsasset,#hash_cf62aef0f724dd88
xmodeldetailcollision,#hash_cf62aef0f724dd88
physicsasset,#hash_cf62aff0f724df3b
xmodeldetailcollision,#hash_cf62aff0f724df3b
physicsasset,#trash_pile_debris_08
xmodeldetailcollision,#hash_ce8db806f79d2e7f
physicsasset,#hash_cf62adf0f724dbd5
xmodeldetailcollision,#hash_d5030f06faa5e094
physicsasset,#hash_9c9d910809cf339e
xmodeldetailcollision,#hash_9c9d910809cf339e
physicsasset,#trash_rubbish_debris_01
xmodeldetailcollision,#trash_rubbish_debris_01
physicsasset,#hash_95c11fbb5d53ca04
xmodeldetailcollision,#hash_95c11fbb5d53ca04
physicsasset,#trash_rubbish_debris_02
xmodeldetailcollision,#trash_rubbish_debris_02
physicsasset,#trash_rubbish_debris_03
xmodeldetailcollision,#trash_rubbish_debris_03
physicsasset,#hash_8e10af3a43ff7f0f
xmodeldetailcollision,#hash_8e10af3a43ff7f0f
physicsasset,#trash_scrap_metal_pile_pieces_02
xmodeldetailcollision,#trash_scrap_metal_pile_pieces_02
physicsasset,#hash_c775a17e78bcda4e
xmodeldetailcollision,#hash_c775a17e78bcda4e
physicsasset,#hash_c775a07e78bcd89b
xmodeldetailcollision,#hash_c775a07e78bcd89b
xmodeldetailcollision,#trim_metal_top_white_16_small
physicsasset,#trim_metal_top_white_corner_small
xmodeldetailcollision,#trim_metal_top_white_corner_small
physicsasset,#hash_c4c01cfec02135fb
xmodeldetailcollision,#hash_c4c01cfec02135fb
physicsasset,#hash_a531985dd07bd475
xmodeldetailcollision,#hash_a531985dd07bd475
physicsasset,#hash_fa8b00e3244dc384
xmodeldetailcollision,#hash_fa8b00e3244dc384
physicsasset,#hash_b2743c0e27161da2
xmodeldetailcollision,#hash_b2743c0e27161da2
physicsasset,#hash_cfd19de99f24f251
xmodeldetailcollision,#hash_cfd19de99f24f251
xmodeldetailcollision,#trim_riverbank_concrete_01_128
xmodeldetailcollision,#hash_e23e257efaed8097
physicsasset,#trim_riverbank_concrete_01_sm_128
xmodeldetailcollision,#trim_riverbank_concrete_01_sm_128
physicsasset,#trim_riverbank_concrete_01_sm_32
xmodeldetailcollision,#trim_riverbank_concrete_01_sm_32
physicsasset,#trim_riverbank_concrete_01_sm_64
xmodeldetailcollision,#trim_riverbank_concrete_01_sm_64
physicsasset,#uk_appliance_microwave_02
xmodeldetailcollision,#uk_appliance_microwave_02
physicsasset,#hash_bd9cdda0fed71344
xmodeldetailcollision,#hash_bd9cdda0fed71344
physicsasset,#hash_c0c1e098418b2e6d
xmodeldetailcollision,#hash_c0c1e098418b2e6d
physicsasset,#hash_84b2ecbdce368a7e
xmodeldetailcollision,#hash_84b2ecbdce368a7e
physicsasset,#hash_cdc9221f09ea0cf8
xmodeldetailcollision,#hash_cdc9221f09ea0cf8
physicsasset,#hash_cdbf161f09e1a40f
xmodeldetailcollision,#hash_cdbf161f09e1a40f
physicsasset,#uk_corkboard_garage_48x36_01_old
xmodeldetailcollision,#uk_corkboard_garage_48x36_01_old
physicsasset,#uk_corkboard_garage_96x48_01
xmodeldetailcollision,#uk_corkboard_garage_96x48_01
physicsasset,#uk_corkboard_garage_96x48_01_old
xmodeldetailcollision,#uk_corkboard_garage_96x48_01_old
xmodeldetailcollision,#hash_b32e7d8b12152531
physicsasset,#uk_furniture_couch_retro_leather_01
xmodeldetailcollision,#uk_furniture_couch_retro_leather_01
physicsasset,#hash_9bc27bae3f58107a
xmodeldetailcollision,#hash_9bc27bae3f58107a
physicsasset,#hash_a75d6788ecae881a
xmodeldetailcollision,#hash_a75d6788ecae881a
physicsasset,#uk_garage_workbench_02
xmodeldetailcollision,#uk_garage_workbench_02
physicsasset,#hash_85465e3e9fdcb6d3
xmodeldetailcollision,#uk_house_baseboard_01_old_128
xmodeldetailcollision,#hash_bd8607879db2ae0f
physicsasset,#hash_d031e2bf5f39a457
xmodeldetailcollision,#hash_c3398e9dcf5a84e4
physicsasset,#hash_93dedbe931317c5b
xmodeldetailcollision,#hash_a3371eed05ca3774
physicsasset,#hash_c2c834292499bf0a
xmodeldetailcollision,#hash_e59dbc38b9261891
physicsasset,#hash_93e8cbe93139b5b0
xmodeldetailcollision,#hash_a3481aed05d8a3db
physicsasset,#hash_c2c828292499aaa6
xmodeldetailcollision,#uk_house_baseboard_01_old_8
physicsasset,#hash_9a9964bee7e02ecd
xmodeldetailcollision,#hash_a5c140802f2f0987
xmodeldetailcollision,#hash_d32e0dc4305ce426
xmodeldetailcollision,#hash_e66fcd11e69adbbb
xmodeldetailcollision,#hash_fc5140306727856a
xmodeldetailcollision,#hash_8a585cc8f8b0092f
physicsasset,#uk_house_gutter_pipe_128_01
xmodeldetailcollision,#uk_house_gutter_pipe_128_01
xmodeldetailcollision,#hash_d356a4310bb8c1ae
xmodeldetailcollision,#hash_aee509f0ae6fff36
xmodeldetailcollision,#hash_ed476d30d9932b95
xmodeldetailcollision,#hash_8a1ee029b6ec0cc8
physicsasset,#uk_house_gutter_pipe_32_end_01
xmodeldetailcollision,#hash_aa4721c227c25d02
xmodeldetailcollision,#hash_fab1fd950bc0ad79
physicsasset,#uk_house_gutter_pipe_bracket_02
xmodeldetailcollision,#uk_house_gutter_pipe_bracket_02
xmodeldetailcollision,#hash_8963dd50c86c4e10
physicsasset,#uk_house_gutter_pipe_funnel_01
xmodeldetailcollision,#hash_8b0ddbb610bbaa1b
xmodeldetailcollision,#hash_c6f8a791623daac1
xmodeldetailcollision,#hash_a94d13efbb58dde1
physicsasset,#uk_janitor_mop_bucket_01
xmodeldetailcollision,#uk_janitor_mop_bucket_01
physicsasset,#hash_ed0a19ebbc322d23
xmodeldetailcollision,#uk_lighting_ceiling_fixture_01
physicsasset,#hash_c8fb8f55e09e9168
xmodeldetailcollision,#hash_c8fb8f55e09e9168
physicsasset,#hash_a0807fbd43ffb7a4
xmodeldetailcollision,#hash_a0807fbd43ffb7a4
physicsasset,#hash_a079f3bd43fa5e12
xmodeldetailcollision,#hash_a079f3bd43fa5e12
physicsasset,#hash_cab137944215a517
xmodeldetailcollision,#hash_cab137944215a517
physicsasset,#uk_metal_frame_warehouse_04
xmodeldetailcollision,#hash_d0a841d0df2fd5d8
physicsasset,#uk_metal_frame_warehouse_05
xmodeldetailcollision,#uk_metal_frame_warehouse_05
physicsasset,#uk_metal_frame_warehouse_05_02
xmodeldetailcollision,#uk_metal_frame_warehouse_05_02
physicsasset,#uk_metal_frame_warehouse_05_03
xmodeldetailcollision,#hash_a5857d4fa44fa4ba
xmodeldetailcollision,#uk_metal_frame_warehouse_05_03
physicsasset,#uk_metal_frame_warehouse_05_04
xmodeldetailcollision,#uk_metal_frame_warehouse_05_04
physicsasset,#hash_cab1329442159c98
xmodeldetailcollision,#hash_cab1329442159c98
physicsasset,#hash_cab1319442159ae5
xmodeldetailcollision,#hash_cab1319442159ae5
physicsasset,#hash_cab1309442159932
xmodeldetailcollision,#hash_cab1309442159932
physicsasset,#uk_metal_frame_warehouse_10
xmodeldetailcollision,#uk_metal_frame_warehouse_10
xmodeldetailcollision,#uk_metal_frame_warehouse_128
physicsasset,#uk_metal_frame_warehouse_64
xmodeldetailcollision,#uk_metal_frame_warehouse_64
physicsasset,#uk_metal_frame_warehouse_short
xmodeldetailcollision,#uk_metal_frame_warehouse_short
xmodeldetailcollision,#hash_b0be177a2da2827a
physicsasset,#uk_security_camera_redlight_base_01
xmodeldetailcollision,#uk_security_camera_redlight_base_01
physicsasset,#uk_security_camera_redlight_head_01
xmodeldetailcollision,#uk_security_camera_redlight_head_01
physicsasset,#uk_security_camera_redlight_head_01_destr
xmodeldetailcollision,#uk_security_camera_redlight_head_01_destr
physicsasset,#uk_shelf_garage_02_19x43x71
xmodeldetailcollision,#uk_shelf_garage_02_19x43x71
physicsasset,#uk_shelf_garage_02_19x54x71
xmodeldetailcollision,#uk_shelf_garage_02_19x54x71
physicsasset,#hash_fbeed011172df19d
xmodeldetailcollision,#hash_fbeed011172df19d
physicsasset,#hash_c39156ae2af46529
xmodeldetailcollision,#hash_c39156ae2af46529
xmodeldetailcollision,#uk_siding_metal_corrugated_01_24_corner
xmodeldetailcollision,#hash_87e80ef41a388e8e
xmodeldetailcollision,#hash_94d9290bcc28f2b6
xmodeldetailcollision,#hash_f20c0aedd0c2104e
xmodeldetailcollision,#hash_b98d14096cbbb4de
xmodeldetailcollision,#hash_bda57d1d01e2e487
physicsasset,#uk_sign_metal_trim_01
xmodeldetailcollision,#uk_sign_metal_trim_01
xmodeldetailcollision,#uk_stairs_interior_wood_worn_01_8_steps
physicsasset,#hash_e3eb7aecc1fa9fb1
xmodeldetailcollision,#hash_e3eb7aecc1fa9fb1
physicsasset,#uk_street_road_curb_01
xmodeldetailcollision,#uk_street_road_curb_01
physicsasset,#hash_99f739dbef68ff64
xmodeldetailcollision,#hash_99f739dbef68ff64
physicsasset,#hash_96a562f4a00ea080
xmodeldetailcollision,#hash_96a562f4a00ea080
physicsasset,#hash_e349b596d5a1ad5e
xmodeldetailcollision,#hash_e349b596d5a1ad5e
physicsasset,#hash_be37955ccb12b3b7
xmodeldetailcollision,#hash_be37955ccb12b3b7
physicsasset,#hash_9964e8134e33faf4
physicsasset,#hash_fb571cbc1da14a27
xmodeldetailcollision,#hash_fb571cbc1da14a27
physicsasset,#hash_abf8504ef266f331
xmodeldetailcollision,#hash_abf8504ef266f331
physicsasset,#hash_d5871b6af7392baa
xmodeldetailcollision,#hash_ca9486eb28ed2eaa
physicsasset,#hash_e3ddb7102e9cd26b
xmodeldetailcollision,#hash_92a58945f5489cc7
physicsasset,#un_foliage_tree_religiosafir_medium_02
xmodeldetailcollision,#hash_96e063f9462e47dc
physicsasset,#hash_b530462256ac5fc5
xmodeldetailcollision,#hash_b530462256ac5fc5
physicsasset,#un_industrial_wooden_pallet_01
xmodeldetailcollision,#un_industrial_wooden_pallet_01
xmodeldetailcollision,#hash_e746cfb127570b83
physicsasset,#hash_94391e308d86bbae
xmodeldetailcollision,#hash_94391e308d86bbae
physicsasset,#un_industrial_wooden_pallet_stack_02
xmodeldetailcollision,#ob_cover_wooden_pallet_stack_02
physicsasset,#un_metal_steel_support_bracket_shear_plate_01
xmodeldetailcollision,#hash_b61740697af15f2b
physicsasset,#un_metal_steel_support_tubing_beam_8x4x64
xmodeldetailcollision,#hash_f926e650fece09ac
physicsasset,#un_military_storage_container_02_open
xmodeldetailcollision,#un_military_storage_container_02_open
physicsasset,#un_office_binder_open_01
xmodeldetailcollision,#hash_a3ebdfb9f76b06ae
physicsasset,#un_office_binder_set_01
xmodeldetailcollision,#un_office_binder_set_01
physicsasset,#hash_9483a1696d2c4611
xmodeldetailcollision,#un_office_copier_machine_01
physicsasset,#hash_851bd3c786844c5f
xmodeldetailcollision,#hash_851bd3c786844c5f
physicsasset,#un_office_paper_shredder_01
xmodeldetailcollision,#un_office_paper_shredder_01
physicsasset,#un_office_paper_stack_01
xmodeldetailcollision,#un_office_paper_stack_01
physicsasset,#hash_851c5c3492c9f5f0
xmodeldetailcollision,#un_office_pen_pencil_holder_01
physicsasset,#un_office_queue_post_02
xmodeldetailcollision,#un_office_queue_post_02
xmodeldetailcollision,#un_office_queue_post_strap_01
physicsasset,#un_office_queue_strap_64
xmodeldetailcollision,#un_office_queue_strap_64
xmodeldetailcollision,#hash_e352ba5d2a0fa5fb
physicsasset,#un_office_storage_box_01
xmodeldetailcollision,#un_office_storage_box_01
physicsasset,#un_office_storage_box_open_01
xmodeldetailcollision,#un_office_storage_box_open_01
physicsasset,#hash_d468728b7b3d70e4
xmodeldetailcollision,#hash_d468728b7b3d70e4
physicsasset,#hash_a9c77e4c78b52578
xmodeldetailcollision,#hash_a9c77e4c78b52578
physicsasset,#hash_b0effa01e00d4a27
xmodeldetailcollision,#hash_b0effa01e00d4a27
physicsasset,#utility_plastic_cart_01
xmodeldetailcollision,#utility_plastic_cart_01
physicsasset,#utility_service_drop_roof_01
xmodeldetailcollision,#utility_service_drop_roof_01
physicsasset,#utility_service_drop_roof_wire_01_right
xmodeldetailcollision,#utility_service_drop_roof_wire_01_right
physicsasset,#utility_street_curb_cement_rough_128_a
xmodeldetailcollision,#utility_street_curb_cement_rough_128_a
physicsasset,#utility_street_curb_cement_rough_128_b
xmodeldetailcollision,#utility_street_curb_cement_rough_128_b
physicsasset,#utility_vent_adapter_01_sm
xmodeldetailcollision,#utility_vent_adapter_01_sm
physicsasset,#utility_vent_round_01_32
xmodeldetailcollision,#utility_vent_round_01_32
physicsasset,#utility_vent_round_01_64
xmodeldetailcollision,#utility_vent_round_01_64
xmodeldetailcollision,#utility_vent_round_01_curve_01
physicsasset,#utility_vent_round_outlet_01
xmodeldetailcollision,#utility_vent_round_outlet_01
xmodeldetailcollision,#utility_vent_round_tjoint_01
physicsasset,#hash_d5fb57461f3ed184
xmodeldetailcollision,#hash_c259c4f18d7cc791
physicsasset,#hash_e6925dc51c30dc24
xmodeldetailcollision,#hash_e6925dc51c30dc24
physicsasset,#veh8_mil_lnd_mkilo23_skud_static2
xmodeldetailcollision,#veh8_mil_lnd_mkilo23_skud_static2
physicsasset,#vent_industrial_exhaust_01
xmodeldetailcollision,#vent_industrial_exhaust_01
physicsasset,#hash_da03e48ec4c767a9
xmodeldetailcollision,#hash_da03e48ec4c767a9
physicsasset,#hash_81d277eee28259f2
xmodeldetailcollision,#hash_81d277eee28259f2
physicsasset,#hash_e23508f162012522
xmodeldetailcollision,#hash_fa1baa3d3b149114
physicsasset,#hash_b214d00f0d03eaac
xmodeldetailcollision,#hash_b214d00f0d03eaac
xmodeldetailcollision,#watertank_ladder_36
physicsasset,#watertank_ladder_short_top
xmodeldetailcollision,#watertank_ladder_short_top
physicsasset,#hash_a748525a543cfa86
xmodeldetailcollision,#hash_fd00e17d23bb4f9c
physicsasset,#hash_abaefb9f5541df7f
xmodeldetailcollision,#hash_fc4982bddf0032f3
physicsasset,#hash_d55deaaeac226c61
xmodeldetailcollision,#hash_d55deaaeac226c61
physicsasset,#hash_a3cfa34bf79d1514
xmodeldetailcollision,#hash_a3cfa34bf79d1514
physicsasset,#hash_a9120b27e6b05ed7
xmodeldetailcollision,#hash_a9120b27e6b05ed7
xmodeldetailcollision,#hash_bebdbe9b0b477d48
physicsasset,#hash_e1bc68701ce41337
xmodeldetailcollision,#hash_e1bc68701ce41337
physicsasset,#hash_f9947fc341583bd3
physicsasset,#worn_cardboard_box_stack_01
xmodeldetailcollision,#me_garbage_box_cardboard_stack_01
physicsasset,#hash_fd6681b7e3fe8180
xmodeldetailcollision,#wz_train_crate_tarp_01_b
physicsasset,#hash_fd6684b7e3fe8699
xmodeldetailcollision,#wz_train_crate_tarp_02_b
physicsasset,#zmb_broom_01_old
xmodeldetailcollision,#zmb_broom_01_old
xmodeldetailcollision,#hash_896da458197db214
xmodeldetailcollision,#hash_8b33c1a8a9213e7b
xmodeldetailcollision,#hash_8b3ab5a8a92748c5
xmodeldetailcollision,#hash_8b3e31a8a92a5150
xmodeldetailcollision,#hash_8d0b602f1de5eeb2
xmodeldetailcollision,#hash_8fb940743850ff0e
xmodeldetailcollision,#hash_9702ac67afcd257e
xmodeldetailcollision,#hash_9d9748daea099ca3
xmodeldetailcollision,#hash_9e8040039dd2975d
xmodeldetailcollision,#hash_9e9671c8b3c35739
xmodeldetailcollision,#hash_9ef974c949dbf378
xmodeldetailcollision,#hash_a01e1bb20294f532
xmodeldetailcollision,#hash_a4fb46cdb68f0810
xmodeldetailcollision,#me_metal_panel_sliding_security_gate_64
xmodeldetailcollision,#hash_b32e5bddcef4ab47
xmodeldetailcollision,#hash_b77d4ec46d70e4fd
xmodeldetailcollision,#debris_leaf_elm_scatter_02
xmodeldetailcollision,#hash_be578ccab6033ed3
xmodeldetailcollision,#hash_be9b8a1af2e50db0
xmodeldetailcollision,#hash_bf13a4bea7117fbe
xmodeldetailcollision,#debris_glass_shards_04
xmodeldetailcollision,#hash_c5d6dadffb1ef873
xmodeldetailcollision,#s4_jpn_burnt_tree_branch_01
xmodeldetailcollision,#hash_d8de9ce90f257b70
xmodeldetailcollision,#hash_d92a1aeebb889046
xmodeldetailcollision,#hash_dacdb0036260183a
xmodeldetailcollision,#hash_dd359353930f4d14
xmodeldetailcollision,#hash_dfb174b907751d0f
xmodeldetailcollision,#hash_e5bbd8818ca9bb2c
xmodeldetailcollision,#hash_e5db8e36b04edd97
xmodeldetailcollision,#hash_e920bab323adb30f
xmodeldetailcollision,#jup_debris_trash_pile_03
xmodeldetailcollision,#par_trash_debris_paper_01
xmodeldetailcollision,#hash_f74a15436d244882
xmodeldetailcollision,#hash_f8e101b71274913a
xmodeldetailcollision,#hash_f8f1e30d832425e3
xmodeldetailcollision,#hash_f9f2a35463487d87
xmodeldetailcollision,#hash_fbd693413a5fd1d7
collisiontile,#collisiontile_00_0657_base