type,name
xmodeldetailcollision,#aac_plaster_debris_01
xmodeldetailcollision,#aac_plaster_debris_02
xmodeldetailcollision,#afr_steel_ladder
xmodeldetailcollision,#afr_steel_ladder_top
xmodeldetailcollision,#appliance_display_refridgerator_large
xmodeldetailcollision,#appliance_modern_radiator_01
xmodeldetailcollision,#appliance_store_freezer_door_noglass_01
xmodeldetailcollision,#bag_canvas_01_flat_bright
xmodeldetailcollision,#barrier_traffic_concrete_block_05
xmodeldetailcollision,#bathroom_urinal_clean_01
xmodeldetailcollision,#board_wood_01_pile
xmodeldetailcollision,#brokenglass_pile01_no_transmission
xmodeldetailcollision,#building_awning_destroyed_storefront_frame_01
xmodeldetailcollision,#building_awning_destroyed_storefront_frame_02
xmodeldetailcollision,#building_built_in_culster_mailbox
xmodeldetailcollision,#building_corrugated_metal4x8_simple
xmodeldetailcollision,#building_drain_pipes_03
xmodeldetailcollision,#building_roof_lip_01_end
xmodeldetailcollision,#building_roof_lip_01_tan_128
xmodeldetailcollision,#building_roof_lip_01_tan_16
xmodeldetailcollision,#building_roof_lip_01_tan_32
xmodeldetailcollision,#building_roof_lip_01_tan_48
xmodeldetailcollision,#building_roof_lip_01_tan_64
xmodeldetailcollision,#building_roof_lip_01_tan_corner_inside
xmodeldetailcollision,#building_roof_lip_01_white_corner_top
xmodeldetailcollision,#building_roof_lip_01_white_pillar_01
xmodeldetailcollision,#building_roof_lip_concrete_01_128_damaged
xmodeldetailcollision,#building_roof_lip_concrete_01_16
xmodeldetailcollision,#building_roof_lip_concrete_01_256_02
xmodeldetailcollision,#building_roof_lip_concrete_01_48
xmodeldetailcollision,#building_roof_lip_concrete_01_64_damaged
xmodeldetailcollision,#building_roof_lip_concrete_01_corner_inside
xmodeldetailcollision,#building_roof_lip_concrete_01_end_02
xmodeldetailcollision,#building_saba_elevator_doorframe
xmodeldetailcollision,#building_support_wood_beam_06_re_size_02
xmodeldetailcollision,#building_wall_broken_cap_128x16_04_tan
xmodeldetailcollision,#building_wall_broken_cap_128x8_03_tan2
xmodeldetailcollision,#building_wall_broken_corner_48x48_04_tan
xmodeldetailcollision,#buildup_sand_plaster_02_128
xmodeldetailcollision,#ceiling_tiles_01_dirty_128_01
xmodeldetailcollision,#ch_crate24x32x48_simple
xmodeldetailcollision,#cinderblock_wall_topper_02_48
xmodeldetailcollision,#cinderblock_wall_topper_02_64
xmodeldetailcollision,#clothing_retail_store_mannequin_base
xmodeldetailcollision,#clothing_retail_store_mannequin_blouse_03
xmodeldetailcollision,#clothing_retail_store_mannequin_dress_02
xmodeldetailcollision,#com_copypaper_box
xmodeldetailcollision,#com_junktire_dirty
xmodeldetailcollision,#com_magazine_english_stack_04
xmodeldetailcollision,#com_potted_plant_small_b
xmodeldetailcollision,#construction_metal_clamp_hook
xmodeldetailcollision,#construction_tile_pallet_03_red
xmodeldetailcollision,#container_barrel_plastic_01_closed
xmodeldetailcollision,#container_food_bag_stack_01
xmodeldetailcollision,#cp_disco_gate_01_left
xmodeldetailcollision,#cp_disco_gate_01_right
xmodeldetailcollision,#cp_town_couch_01
xmodeldetailcollision,#debris_asphalt_02_rubble_floor_slab_chunk_medium_03_3
xmodeldetailcollision,#debris_asphalt_02_rubble_floor_slab_chunk_medium_06_3
xmodeldetailcollision,#debris_cinder_block_rubble_pile_2_03
xmodeldetailcollision,#debris_cinder_block_rubble_pile_3_02
xmodeldetailcollision,#debris_cinder_block_rubble_pile_4_04
xmodeldetailcollision,#debris_concrete_rubble_floor_slab_chunk_small_01
xmodeldetailcollision,#debris_glass_shards_01
xmodeldetailcollision,#decor_barrels_01_blue
xmodeldetailcollision,#decor_bicycles_01_blue
xmodeldetailcollision,#decor_cafe_planters_03
xmodeldetailcollision,#decor_cafe_sheesha
xmodeldetailcollision,#decor_firestation_set_jacket_hanging
xmodeldetailcollision,#decor_framed_painting_old_02_small
xmodeldetailcollision,#decor_framed_painting_old_05
xmodeldetailcollision,#decor_misc_props_01_styrofoam_single
xmodeldetailcollision,#decor_ornate_plaster_colored_corner
xmodeldetailcollision,#decor_ornate_plaster_colored_long
xmodeldetailcollision,#decor_ornate_plaster_colored_short
xmodeldetailcollision,#decor_ornate_plaster_white_128
xmodeldetailcollision,#decor_ornate_plaster_white_256
xmodeldetailcollision,#decor_ornate_plaster_white_long_end
xmodeldetailcollision,#decor_ornate_plaster_white_short_end
xmodeldetailcollision,#decor_ornate_stone_trim_24
xmodeldetailcollision,#decor_ornate_stone_trim_white_128
xmodeldetailcollision,#decor_ornate_stone_trim_white_64
xmodeldetailcollision,#decor_ornate_stone_trim_white_8
xmodeldetailcollision,#decor_ornate_vent_01
xmodeldetailcollision,#decor_supermart_cardboard_box_open_01
xmodeldetailcollision,#door_frame_double_wooden_office_01_mp
xmodeldetailcollision,#door_frame_metal_04_flat_painted_clean_mp_tan
xmodeldetailcollision,#door_frame_metal_panel_01_single_mp_hero
xmodeldetailcollision,#door_frame_single_wood_worn_03_mp
xmodeldetailcollision,#door_frame_wooden_panel_03_double_painted_mp
xmodeldetailcollision,#door_frame_wooden_panel_mp_double_01_white
xmodeldetailcollision,#door_mechanic_metal_rollup_01_closed
xmodeldetailcollision,#door_metal_office_single_frame_01_mp
xmodeldetailcollision,#door_security_gate_single_mp_01_grey
xmodeldetailcollision,#door_vertical_plastic_blinds_double_closed
xmodeldetailcollision,#door_vertical_plastic_blinds_single_closed
xmodeldetailcollision,#door_wood_double_frame_brown
xmodeldetailcollision,#door_wood_ornate_01_orange_02_double_frame
xmodeldetailcollision,#dynlt_com_floodlight_on_neutral_wz
xmodeldetailcollision,#ee_barrier_concrete_parking_stopper
xmodeldetailcollision,#ee_book_shelf_short
xmodeldetailcollision,#ee_building_firestation_01_hose
xmodeldetailcollision,#ee_building_firestation_01_wood_rail_128
xmodeldetailcollision,#ee_building_firestation_01_wood_rail_16
xmodeldetailcollision,#ee_building_firestation_01_wood_rail_32
xmodeldetailcollision,#ee_building_firestation_01_wood_rail_64
xmodeldetailcollision,#ee_building_firestation_01_wood_rail_8
xmodeldetailcollision,#ee_dam_piece_road_bord_256_01
xmodeldetailcollision,#ee_decor_baseboard_tile_32_02
xmodeldetailcollision,#ee_decor_baseboard_tile_64_02
xmodeldetailcollision,#ee_decor_baseboard_tile_column_16_02
xmodeldetailcollision,#ee_decor_baseboard_tile_corner_out_02
xmodeldetailcollision,#ee_decor_painting_a_mansion_03_sml
xmodeldetailcollision,#ee_decor_painting_a_mansion_04_sml
xmodeldetailcollision,#ee_decor_vintage_light_set_fixture_on_warm_wz
xmodeldetailcollision,#ee_door_metal_worn_door_01
xmodeldetailcollision,#ee_door_metal_worn_frame_01_brown
xmodeldetailcollision,#ee_door_metal_worn_roller_01
xmodeldetailcollision,#ee_electrical_stpete_warehouse_wire_jumble_02
xmodeldetailcollision,#ee_electronics_television_wall_mounted_large_broken
xmodeldetailcollision,#ee_electronics_television_wall_mounted_medium_broken
xmodeldetailcollision,#ee_electronics_television_wall_mounted_medium_stadium_v02_on
xmodeldetailcollision,#ee_fabric_military_tarp_hanging_128_02_white
xmodeldetailcollision,#ee_floor_concrete_slab_01
xmodeldetailcollision,#ee_furniture_bar_stool
xmodeldetailcollision,#ee_furniture_chair_metal_folding_closed
xmodeldetailcollision,#ee_furniture_chair_metal_folding_open
xmodeldetailcollision,#ee_furniture_club_couch
xmodeldetailcollision,#ee_furniture_club_couch_b
xmodeldetailcollision,#ee_furniture_piano
xmodeldetailcollision,#ee_furniture_shelf_wood_tall
xmodeldetailcollision,#ee_furniture_wall_table_red_01_right_end
xmodeldetailcollision,#ee_furniture_wood_spa_shelf_02
xmodeldetailcollision,#ee_garbage_bag_filled_02_gray
xmodeldetailcollision,#ee_garbage_bag_filled_03
xmodeldetailcollision,#ee_light_fixture_lamp_short_01_off_wz
xmodeldetailcollision,#ee_manmade_wood_planks_worn_a_06_destr_s1
xmodeldetailcollision,#ee_pallet_wood_boxes_wrapped_02
xmodeldetailcollision,#ee_pipe_04_joint_coupling_01
xmodeldetailcollision,#ee_pipe_05_128
xmodeldetailcollision,#ee_plumbing_rusted_gas_pipe_a_02_gray
xmodeldetailcollision,#ee_rock_dirt_muddy_ground_a_02_light2
xmodeldetailcollision,#ee_sign_commercial_electronics_03
xmodeldetailcollision,#ee_sign_commercial_jewelry_02
xmodeldetailcollision,#ee_sign_commercial_phonic_01
xmodeldetailcollision,#ee_sign_frame_01_64_black
xmodeldetailcollision,#ee_sign_frame_02_128_black
xmodeldetailcollision,#ee_sign_frame_03_128_brass
xmodeldetailcollision,#ee_sign_frame_display_01
xmodeldetailcollision,#ee_sign_street_no_entry
xmodeldetailcollision,#ee_stationary_intel_a_single_table_01
xmodeldetailcollision,#ee_stationary_intel_a_single_table_02
xmodeldetailcollision,#ee_tool_jackhammer_01
xmodeldetailcollision,#ee_trim_guiderail_2x6x4
xmodeldetailcollision,#ee_trim_guiderail_2x6x64
xmodeldetailcollision,#ee_trim_guiderail_2x6x90
xmodeldetailcollision,#ee_trim_small_roof_128
xmodeldetailcollision,#ee_trim_small_roof_16
xmodeldetailcollision,#ee_trim_small_roof_32
xmodeldetailcollision,#ee_trim_small_roof_48
xmodeldetailcollision,#ee_trim_small_roof_64
xmodeldetailcollision,#ee_trim_small_roof_8
xmodeldetailcollision,#ee_trim_small_roof_corner_inside
xmodeldetailcollision,#ee_trim_small_roof_corner_outside
xmodeldetailcollision,#ee_trim_small_roof_endcap_stone_beige_dark
xmodeldetailcollision,#ee_trim_top_metal_bevel_white_16
xmodeldetailcollision,#ee_trim_top_metal_bevel_white_16_small
xmodeldetailcollision,#ee_trim_top_metal_bevel_white_256
xmodeldetailcollision,#ee_trim_top_metal_bevel_white_32
xmodeldetailcollision,#ee_trim_top_metal_bevel_white_32_small
xmodeldetailcollision,#ee_trim_top_metal_bevel_white_64
xmodeldetailcollision,#ee_trim_top_metal_bevel_white_64_small
xmodeldetailcollision,#ee_trim_top_metal_bevel_white_end_small
xmodeldetailcollision,#ee_trim_top_metal_black_128
xmodeldetailcollision,#ee_trim_top_metal_black_32
xmodeldetailcollision,#ee_trim_top_metal_black_64
xmodeldetailcollision,#ee_trim_top_metal_black_corner
xmodeldetailcollision,#ee_utility_pole_street_light_merged_b_on_cool_wz
xmodeldetailcollision,#ee_utility_pole_wall
xmodeldetailcollision,#ee_wall_wooden_support_04
xmodeldetailcollision,#ee_wall_wooden_support_07
xmodeldetailcollision,#ee_window_frame_metal_white_medium_a_noglass
xmodeldetailcollision,#ee_wires_stpete_cables_a_corner_64
xmodeldetailcollision,#ee_wires_stpete_cables_a_curve_01
xmodeldetailcollision,#ee_wires_stpete_cables_b_128
xmodeldetailcollision,#electrical_conduit_2_body_joint_slb
xmodeldetailcollision,#electrical_conduit_2_coupling_bare
xmodeldetailcollision,#electrical_conduit_2_union
xmodeldetailcollision,#electrical_distribution_wall_cabinet
xmodeldetailcollision,#electrical_flat_conduit_kit_single_16
xmodeldetailcollision,#electrical_flat_conduit_kit_single_4
xmodeldetailcollision,#electrical_flat_conduit_kit_single_48
xmodeldetailcollision,#electrical_flat_conduit_kit_single_8
xmodeldetailcollision,#electrical_flat_conduit_kit_single_96
xmodeldetailcollision,#electrical_flat_conduit_kit_single_outside_corner
xmodeldetailcollision,#electrical_flat_conduit_kit_tjunction_small
xmodeldetailcollision,#electrical_junction_wooden_box
xmodeldetailcollision,#electrical_light_switch_exposed_01
xmodeldetailcollision,#electrical_north_america_switch_02_double
xmodeldetailcollision,#electrical_wires_jumbled_a_vertical_notape
xmodeldetailcollision,#equipment_ac_unit_01
xmodeldetailcollision,#equipment_cable_spool_02_orange
xmodeldetailcollision,#eu_sign_commercial_general_atm_03_wz
xmodeldetailcollision,#eu_sign_commercial_supermarket_01
xmodeldetailcollision,#fence_chainlink_tarp_lrg_64_01
xmodeldetailcollision,#food_trash_burger_box_01_open
xmodeldetailcollision,#food_trash_cigarettes
xmodeldetailcollision,#fountain_concrete_mexico_02
xmodeldetailcollision,#furniture_barber_chair_02
xmodeldetailcollision,#furniture_bench_wooden_outdoor_01
xmodeldetailcollision,#furniture_couch_curved_01_pattern_02
xmodeldetailcollision,#furniture_couch_modern_2seats_white
xmodeldetailcollision,#furniture_couch_seat_02_pattern_01
xmodeldetailcollision,#furniture_fire_extinguisher_hose_box
xmodeldetailcollision,#furniture_furniture_highchair_lab
xmodeldetailcollision,#furniture_l_shape_desk_01
xmodeldetailcollision,#furniture_lab_cabinet_a_lower_02
xmodeldetailcollision,#furniture_metal_bar_stool_01
xmodeldetailcollision,#furniture_modern_table_short_01
xmodeldetailcollision,#furniture_pillow_01_pattern_02
xmodeldetailcollision,#furniture_rug_01_flat_03
xmodeldetailcollision,#furniture_store_bench_01
xmodeldetailcollision,#furniture_store_counter_01
xmodeldetailcollision,#furniture_store_counter_03
xmodeldetailcollision,#furniture_table_wood_stationary_ship_54x34
xmodeldetailcollision,#furniture_wood_dresser_02_light_full_set
xmodeldetailcollision,#furniture_wooden_interior_bench
xmodeldetailcollision,#glass_broken_debris_pile_07
xmodeldetailcollision,#glass_broken_frame_corner_01
xmodeldetailcollision,#glass_broken_frame_corner_04_falloff
xmodeldetailcollision,#handrail_bars_01c_12_straight
xmodeldetailcollision,#hardware_plywood_bare_01_48
xmodeldetailcollision,#industrial_conduit_metal_1_straight_64
xmodeldetailcollision,#jup_karachi_sign_espresso_01_b_on
xmodeldetailcollision,#jup_sign_commercial_banner_ext_electricshop_01
xmodeldetailcollision,#jup_zm_phase_crystal_piece_09
xmodeldetailcollision,#light_exterior_hanging_cafe_light_fixtures_off_wz
xmodeldetailcollision,#light_lamp_black_01_on_neutral_wz
xmodeldetailcollision,#lighting_commercial_lamp_long_01_fall_top
xmodeldetailcollision,#lighting_fixture_bulb_incandescent_on_neutral_wz
xmodeldetailcollision,#lighting_fixtures_security_lamp_withcage_01_on_neutral_wz
xmodeldetailcollision,#lighting_wall_lamp_picture_01_on_dim
xmodeldetailcollision,#lm_construction_marble_trim_01_128
xmodeldetailcollision,#lm_construction_marble_trim_01_16
xmodeldetailcollision,#lm_construction_marble_trim_01_256
xmodeldetailcollision,#lm_construction_marble_trim_01_32
xmodeldetailcollision,#lm_construction_marble_trim_01_64
xmodeldetailcollision,#lm_construction_marble_trim_01_8
xmodeldetailcollision,#lm_construction_marble_trim_corn_in
xmodeldetailcollision,#lm_construction_marble_trim_corn_out
xmodeldetailcollision,#lm_construction_policestation_windowsill_01
xmodeldetailcollision,#lm_door_glass_metal_frame_01
xmodeldetailcollision,#lm_door_glass_metal_frame_window_32_126
xmodeldetailcollision,#lm_door_glass_metal_frame_window_60_104
xmodeldetailcollision,#lm_door_glass_metal_frame_window_64_104
xmodeldetailcollision,#lm_door_glass_metal_frame_window_64_110
xmodeldetailcollision,#lm_door_glass_metal_frame_window_trainstation_01
xmodeldetailcollision,#lm_machinery_hvac_roof_a_01
xmodeldetailcollision,#lm_machinery_hvac_roof_c_01
xmodeldetailcollision,#lm_pipes_high_pressure_16
xmodeldetailcollision,#lm_pipes_high_pressure_corner
xmodeldetailcollision,#lm_reception_corner_01_48
xmodeldetailcollision,#lm_reception_piece_02_64
xmodeldetailcollision,#lm_shop_rack_01
xmodeldetailcollision,#lm_stairs_interior_concrete_01b_4
xmodeldetailcollision,#lm_street_concrete_sidewalk_128x64_01
xmodeldetailcollision,#lm_street_concrete_sidewalk_16x16_01
xmodeldetailcollision,#lm_street_concrete_sidewalk_256x64_01
xmodeldetailcollision,#lm_street_concrete_sidewalk_64x32_01
xmodeldetailcollision,#lm_street_don_bus_stop_a_01
xmodeldetailcollision,#lm_structural_railing_int_corner_01_a
xmodeldetailcollision,#lm_structural_railing_int_corner_03_right_a
xmodeldetailcollision,#lm_structural_railing_int_steps_03_a
xmodeldetailcollision,#lm_structural_railing_int_steps_04_a
xmodeldetailcollision,#lm_structural_railing_int_straight_24_a
xmodeldetailcollision,#lm_structural_railing_int_straight_32_a
xmodeldetailcollision,#lm_structural_railing_int_straight_40_a
xmodeldetailcollision,#lm_structural_window_frame_res_01_a_brown
xmodeldetailcollision,#lm_vent_wall_stadium_01
xmodeldetailcollision,#lm_wall_corner_16_in
xmodeldetailcollision,#machinery_ac_unit_condenser_01_paver
xmodeldetailcollision,#machinery_amusement_park_ride_01
xmodeldetailcollision,#machinery_amusement_park_ride_01_arm
xmodeldetailcollision,#me_accessory_dvd_single_01
xmodeldetailcollision,#me_accessory_dvd_single_03
xmodeldetailcollision,#me_accessory_dvd_stack_01
xmodeldetailcollision,#me_appliance_vending_machine_soda_a_damaged
xmodeldetailcollision,#me_appliance_vending_machine_soda_b
xmodeldetailcollision,#me_building_clinic_column
xmodeldetailcollision,#me_building_clinic_decor
xmodeldetailcollision,#me_building_clinic_fence
xmodeldetailcollision,#me_building_clinic_roof_decor_01
xmodeldetailcollision,#me_building_clinic_roof_decor_02
xmodeldetailcollision,#me_ceiling_tile_1x1_a
xmodeldetailcollision,#me_ceiling_tile_1x1_b
xmodeldetailcollision,#me_ceiling_tile_1x1_debris_a
xmodeldetailcollision,#me_construction_plank_bridge_a_15
xmodeldetailcollision,#me_debris_concrete_slab_platform_02
xmodeldetailcollision,#me_debris_stone_blocks_pile_02
xmodeldetailcollision,#me_decor_roof_shingles_clay_01_green_trim_64
xmodeldetailcollision,#me_decor_roof_shingles_clay_01_green_trim_64_b
xmodeldetailcollision,#me_decor_roof_shingles_clay_01_green_trim_corner
xmodeldetailcollision,#me_decor_roof_shingles_clay_01_green_trim_corner_b
xmodeldetailcollision,#me_decor_rug_rolled_double_01
xmodeldetailcollision,#me_food_spice_sack_tall_01
xmodeldetailcollision,#me_fountain_star_01
xmodeldetailcollision,#me_furniture_chair_leather_old_01_02
xmodeldetailcollision,#me_furniture_wood_chest_small_01
xmodeldetailcollision,#me_garbage_box_cardboard_01
xmodeldetailcollision,#me_garbage_tire_pile_01
xmodeldetailcollision,#me_litter_pile_06
xmodeldetailcollision,#me_littered_clothes_01
xmodeldetailcollision,#me_manhole_cover_03
xmodeldetailcollision,#me_marketplace_wall_corner_rough_01j
xmodeldetailcollision,#me_marketplace_wall_corner_rough_01q
xmodeldetailcollision,#me_metal_chimney_pipe_cap_01
xmodeldetailcollision,#me_pottery_vase_ornate_01
xmodeldetailcollision,#me_refrigerated_merchandiser_01_clean_off_wz
xmodeldetailcollision,#me_rollup_metal_door_01_2sided
xmodeldetailcollision,#me_sign_commercial_store_front_09_a
xmodeldetailcollision,#me_sign_dvd_store_01
xmodeldetailcollision,#me_sign_dvd_store_02
xmodeldetailcollision,#me_sign_hospital_elevator_indicator_down_wounded
xmodeldetailcollision,#me_sign_movie_poster_02
xmodeldetailcollision,#me_sign_movie_poster_04
xmodeldetailcollision,#me_sign_office_arrow_02
xmodeldetailcollision,#me_sign_office_hazard_01
xmodeldetailcollision,#me_sign_office_wf_noentry1
xmodeldetailcollision,#me_sign_pharmacy_cross_01
xmodeldetailcollision,#me_signs_industrial_220_volt
xmodeldetailcollision,#me_signs_industrial_blank
xmodeldetailcollision,#me_snack_package_cookies_small_cardboard_box_01
xmodeldetailcollision,#medical_bed_01
xmodeldetailcollision,#medical_bed_01_mattress
xmodeldetailcollision,#medical_blood_transfer_cart_01
xmodeldetailcollision,#medical_cabinet_02
xmodeldetailcollision,#medical_cabinet_short_01
xmodeldetailcollision,#medical_cot_01
xmodeldetailcollision,#medical_curtain_01_32
xmodeldetailcollision,#medical_curtain_01_64
xmodeldetailcollision,#medical_curtain_01_corner
xmodeldetailcollision,#medical_curtain_track_01_128
xmodeldetailcollision,#medical_curtain_track_01_16
xmodeldetailcollision,#medical_curtain_track_01_32
xmodeldetailcollision,#medical_curtain_track_01_4
xmodeldetailcollision,#medical_curtain_track_01_64
xmodeldetailcollision,#medical_curtain_track_01_8
xmodeldetailcollision,#medical_curtain_track_01_ceiling_mount
xmodeldetailcollision,#medical_curtain_track_01_corner
xmodeldetailcollision,#medical_curtain_track_01_corner_extended_left
xmodeldetailcollision,#medical_curtain_track_01_corner_extended_right
xmodeldetailcollision,#medical_curtain_track_01_wall_mount
xmodeldetailcollision,#medical_handrail_end_008_a
xmodeldetailcollision,#medical_handrail_end_008_b
xmodeldetailcollision,#medical_handrail_str_008_a
xmodeldetailcollision,#medical_handrail_str_016_a
xmodeldetailcollision,#medical_handrail_str_032_a
xmodeldetailcollision,#medical_handrail_str_064_a
xmodeldetailcollision,#medical_handrail_str_128_a
xmodeldetailcollision,#medical_iv_stand_static
xmodeldetailcollision,#metal_chain_01_hanging
xmodeldetailcollision,#metal_chain_02_hanging
xmodeldetailcollision,#military_crate_large_stackable_02
xmodeldetailcollision,#mout_catwalk_support_base_01
xmodeldetailcollision,#mout_catwalk_support_brace_48x128_painted_red
xmodeldetailcollision,#mout_catwalk_support_brace_48x96
xmodeldetailcollision,#mout_catwalk_support_brace_ibeam_01_painted_red
xmodeldetailcollision,#mx_decor_mirror_led_wood_frame_broken
xmodeldetailcollision,#mx_decor_painting_04_a
xmodeldetailcollision,#mx_lighting_exterior_fixture_barn_01_off_wz
xmodeldetailcollision,#mx_lighting_exterior_fixture_barn_01_on_neutral_wz
xmodeldetailcollision,#mx_sign_commercial_common_fire_extinguisher_02
xmodeldetailcollision,#mx_sign_commercial_ice_cream_poster_02
xmodeldetailcollision,#oil_drum_big_01
xmodeldetailcollision,#p7_door_handle_chrome_01
xmodeldetailcollision,#p7_medical_wheelchair_01
xmodeldetailcollision,#paris_kitchen_plates_broken_02
xmodeldetailcollision,#picture_frame_painting_large_4
xmodeldetailcollision,#pillar_aluminium
xmodeldetailcollision,#pillar_concrete_01_16x128_corner
xmodeldetailcollision,#pipe_corridor_single_eighth_01
xmodeldetailcollision,#pipe_corridor_single_half_01
xmodeldetailcollision,#pipe_corridor_single_quarter_01
xmodeldetailcollision,#pipe_metal_painted_bend_90_sml
xmodeldetailcollision,#pipe_metal_painted_joint_2way
xmodeldetailcollision,#pipe_metal_painted_straight_128
xmodeldetailcollision,#pipe_metal_painted_straight_32
xmodeldetailcollision,#pipe_metal_painted_support_wall
xmodeldetailcollision,#pipe_metal_painted_support_wall_thin_black
xmodeldetailcollision,#pipes_metal01_plaster_offwhite
xmodeldetailcollision,#plumbing_firehose_industrial_a
xmodeldetailcollision,#plumbing_firehose_industrial_frame_a
xmodeldetailcollision,#railing_metal_decor_01_16_brown
xmodeldetailcollision,#railing_metal_decor_01_64_brown
xmodeldetailcollision,#railing_metal_decor_01_post
xmodeldetailcollision,#railing_metal_set_worn_16
xmodeldetailcollision,#railing_metal_set_worn_256
xmodeldetailcollision,#railing_metal_set_worn_32
xmodeldetailcollision,#railing_metal_set_worn_64
xmodeldetailcollision,#railing_metal_set_worn_8
xmodeldetailcollision,#railing_metal_set_worn_corner
xmodeldetailcollision,#railing_metal_set_worn_pillar
xmodeldetailcollision,#railing_metal_set_worn_pillar_left_end
xmodeldetailcollision,#railing_metal_set_worn_pillar_right_end
xmodeldetailcollision,#railing_metal_set_worn_stairs
xmodeldetailcollision,#railing_metal_set_worn_stairs_corner
xmodeldetailcollision,#railing_metal_set_worn_stairs_double_corner
xmodeldetailcollision,#railing_metal_set_worn_stairs_down
xmodeldetailcollision,#railing_metal_set_worn_stairs_down_v2
xmodeldetailcollision,#railing_metal_set_worn_stairs_pillar_left
xmodeldetailcollision,#railing_metal_set_worn_stairs_pillar_right
xmodeldetailcollision,#railing_metal_set_worn_stairs_up
xmodeldetailcollision,#railing_metal_set_worn_stairs_up_v2
xmodeldetailcollision,#railing_metal_set_worn_stairs_v2
xmodeldetailcollision,#railing_ornate_metal_16_black
xmodeldetailcollision,#railing_ornate_metal_24_light_rust_blue
xmodeldetailcollision,#railing_ornate_metal_64_light_rust_blue
xmodeldetailcollision,#residential_exterior_vent_16x16_painted_white
xmodeldetailcollision,#residential_vent_02
xmodeldetailcollision,#rock_cliff_scotland_02_closed_sand
xmodeldetailcollision,#rolled_tarp_01
xmodeldetailcollision,#roof_asphalt_shingle_edge_32_brown
xmodeldetailcollision,#roof_mall_kit_arch
xmodeldetailcollision,#roof_mall_kit_arch_01_cap
xmodeldetailcollision,#roof_mall_kit_arch_01_frame
xmodeldetailcollision,#roof_mall_kit_arch_01_glass_01
xmodeldetailcollision,#roof_mall_kit_arch_02_cap
xmodeldetailcollision,#roof_mall_kit_arch_02_connector
xmodeldetailcollision,#roof_mall_kit_arch_02_frame_512
xmodeldetailcollision,#roof_mall_kit_arch_02_glass_512
xmodeldetailcollision,#roof_mall_kit_arch_192
xmodeldetailcollision,#roof_mall_kit_arch_cap
xmodeldetailcollision,#roof_mall_kit_dome
xmodeldetailcollision,#roof_mall_kit_facade_arch
xmodeldetailcollision,#roof_mall_kit_octogon_dom_interrior
xmodeldetailcollision,#roof_mall_kit_octogon_section
xmodeldetailcollision,#roof_mall_kit_octogon_section_glass_01
xmodeldetailcollision,#roof_mall_kit_octogon_section_glass_02
xmodeldetailcollision,#roof_mall_kit_octogon_section_glass_03
xmodeldetailcollision,#roof_shingles_01_32x32_lm
xmodeldetailcollision,#roof_tile_ceramic_01_120_cap
xmodeldetailcollision,#roof_tile_ceramic_01_120by32
xmodeldetailcollision,#roof_tile_ceramic_01_64_by_32
xmodeldetailcollision,#roof_tile_ceramic_01_64_cap
xmodeldetailcollision,#roof_tile_ceramic_01_single_row_32
xmodeldetailcollision,#roof_tile_ceramic_01_single_row_cap
xmodeldetailcollision,#rubble_pile_cmu_conc_large_02
xmodeldetailcollision,#sandbag_wall_pieces_corner_mp_01
xmodeldetailcollision,#sandbag_wall_pieces_corner_sp_01
xmodeldetailcollision,#sd_equipment_bombsite_crate_d
xmodeldetailcollision,#sign_alphabet_letter_01_a_red
xmodeldetailcollision,#sign_alphabet_letter_01_c_red
xmodeldetailcollision,#sign_alphabet_letter_01_e_red
xmodeldetailcollision,#sign_alphabet_letter_01_l_red
xmodeldetailcollision,#sign_alphabet_letter_01_r_red
xmodeldetailcollision,#sign_alphabet_letter_01_s_red
xmodeldetailcollision,#sign_billboard_rooftop_small_01
xmodeldetailcollision,#sign_billboard_rooftop_small_03
xmodeldetailcollision,#sign_billboard_rooftop_small_05
xmodeldetailcollision,#sign_billboard_rooftop_small_07
xmodeldetailcollision,#sign_general_store_front_stickers_credit_card_02
xmodeldetailcollision,#sign_general_store_front_stickers_wifi_01
xmodeldetailcollision,#sign_mp_crash2_electronics
xmodeldetailcollision,#sign_price_code_04
xmodeldetailcollision,#sign_street_mexico_arrow_01
xmodeldetailcollision,#sign_street_mexico_arrow_02
xmodeldetailcollision,#sign_street_usa_no_parking_01
xmodeldetailcollision,#signage_flag_stand_01_policestation
xmodeldetailcollision,#stair_wooden_01
xmodeldetailcollision,#stairs_escalator_12
xmodeldetailcollision,#stairs_escalator_24
xmodeldetailcollision,#stairs_escalator_48
xmodeldetailcollision,#stairs_escalator_48_end
xmodeldetailcollision,#stairs_escalator_48_end_02
xmodeldetailcollision,#stairs_escalator_96
xmodeldetailcollision,#stairs_exterior_stone_64
xmodeldetailcollision,#stairs_exterior_stone_64_2_step
xmodeldetailcollision,#stairs_exterior_stone_short_64
xmodeldetailcollision,#stairs_industrial_handrail_bars_01a_straight
xmodeldetailcollision,#stairs_industrial_handrail_bars_01b_mrr
xmodeldetailcollision,#stairs_industrial_handrail_bars_01b_mrr_pristine
xmodeldetailcollision,#stairs_industrial_handrail_bars_01b_pristine
xmodeldetailcollision,#stairs_industrial_handrail_bars_01b_straight_pristine
xmodeldetailcollision,#stairs_industrial_handrail_bars_01c_pristine
xmodeldetailcollision,#stairs_industrial_handrail_bars_02b_pristine
xmodeldetailcollision,#stairs_industrial_handrail_bars_02c_pristine
xmodeldetailcollision,#stairs_industrial_handrail_bottom
xmodeldetailcollision,#stairs_industrial_handrail_endcap_01a_straight_pristine
xmodeldetailcollision,#stairs_industrial_handrail_endcap_01b_straight_pristine
xmodeldetailcollision,#stairs_industrial_handrail_endcap_a_pristine
xmodeldetailcollision,#stairs_industrial_handrail_middle_01_straight
xmodeldetailcollision,#stairs_industrial_handrail_middle_a_pristine
xmodeldetailcollision,#stairs_industrial_handrail_middle_pristine
xmodeldetailcollision,#stairs_industrial_handrail_top_pristine
xmodeldetailcollision,#storage_cardboard_box_large_01
xmodeldetailcollision,#storage_shelf_beam_horizontal_front_grey
xmodeldetailcollision,#storage_shelf_beam_horizontal_side
xmodeldetailcollision,#storage_shelf_beam_horizontal_support
xmodeldetailcollision,#storage_shelf_beam_vertical_corner_long
xmodeldetailcollision,#storage_shelf_beam_wood_plank
xmodeldetailcollision,#storage_shipping_container_20ft_closed_red
xmodeldetailcollision,#storage_shopping_cart
xmodeldetailcollision,#storage_wrapped_boxes_02
xmodeldetailcollision,#street_sidewalk_ashtray_garbage_bin_01
xmodeldetailcollision,#t10_signage_coffee_corner_awning_01
xmodeldetailcollision,#terrain_dirt_pile_01
xmodeldetailcollision,#terrain_dirt_pile_01_lm
xmodeldetailcollision,#tool_kali_stick_01
xmodeldetailcollision,#tower_01_parapet_16x16
xmodeldetailcollision,#tower_01_parapet_16x64
xmodeldetailcollision,#tower_01_parapet_cap_left_16x4
xmodeldetailcollision,#tower_01_parapet_corner_in_16x32
xmodeldetailcollision,#trash_construction_waste_01
xmodeldetailcollision,#trash_container_metal_01
xmodeldetailcollision,#trash_plastic_bin_black_01
xmodeldetailcollision,#trim_metal_top_beige_128_small
xmodeldetailcollision,#trim_metal_top_blue_256
xmodeldetailcollision,#trim_metal_top_white_end
xmodeldetailcollision,#trim_sidewalk_curb_01_128
xmodeldetailcollision,#trim_sidewalk_curb_01_32
xmodeldetailcollision,#trim_sidewalk_curb_01_64
xmodeldetailcollision,#uk_appliance_microwave_01
xmodeldetailcollision,#uk_appliance_washing_machine_02_open
xmodeldetailcollision,#uk_brick_wall_trim_01_128
xmodeldetailcollision,#uk_brick_wall_trim_01_32
xmodeldetailcollision,#uk_brick_wall_trim_01_64
xmodeldetailcollision,#uk_brick_wall_trim_01_corner_l_half
xmodeldetailcollision,#uk_brick_wall_trim_01_corner_r
xmodeldetailcollision,#uk_brick_wall_trim_02_128
xmodeldetailcollision,#uk_brick_wall_trim_02_32
xmodeldetailcollision,#uk_brick_wall_trim_02_64
xmodeldetailcollision,#uk_brick_wall_trim_02_corner
xmodeldetailcollision,#uk_cinder_block_corner_01_8x88_w
xmodeldetailcollision,#uk_cinder_block_corner_01_in_8x88_w
xmodeldetailcollision,#uk_clothing_headphone_store_mannequin_02
xmodeldetailcollision,#uk_decor_electronics_advertisement_01
xmodeldetailcollision,#uk_decor_white_board_01
xmodeldetailcollision,#uk_decor_window_curtain_02_r_c
xmodeldetailcollision,#uk_decor_window_curtain_02_tied_l
xmodeldetailcollision,#uk_decor_window_curtain_02_tied_r
xmodeldetailcollision,#uk_door_lock_01
xmodeldetailcollision,#uk_doors_garage_sectional_01_closed
xmodeldetailcollision,#uk_doors_garage_sectional_01_frame
xmodeldetailcollision,#uk_file_cabinet_garage_big_clean_beige
xmodeldetailcollision,#uk_file_cabinet_garage_big_empty_beige
xmodeldetailcollision,#uk_file_cabinet_garage_big_rusty_shell_beige
xmodeldetailcollision,#uk_file_cabinet_garage_clean
xmodeldetailcollision,#uk_furniture_couch_retro_leather_01
xmodeldetailcollision,#uk_furniture_kiosk_02
xmodeldetailcollision,#uk_furniture_shelf_desk_02
xmodeldetailcollision,#uk_furniture_shelf_store_display_06
xmodeldetailcollision,#uk_gas_tank_thin_cylinder
xmodeldetailcollision,#uk_heater_01_small
xmodeldetailcollision,#uk_house_baseboard_01_128_clean
xmodeldetailcollision,#uk_house_baseboard_01_16_old_damaged_l
xmodeldetailcollision,#uk_house_baseboard_01_32
xmodeldetailcollision,#uk_house_baseboard_01_64
xmodeldetailcollision,#uk_house_baseboard_01_old_16
xmodeldetailcollision,#uk_house_baseboard_01_old_2
xmodeldetailcollision,#uk_house_baseboard_01_old_2_corner_out
xmodeldetailcollision,#uk_house_baseboard_01_old_4_corner_out
xmodeldetailcollision,#uk_house_baseboard_01_old_8
xmodeldetailcollision,#uk_house_baseboard_01_old_8_corner_in_clean
xmodeldetailcollision,#uk_house_baseboard_01_old_8_corner_out
xmodeldetailcollision,#uk_house_baseboard_01_rubber_2
xmodeldetailcollision,#uk_house_baseboard_01_rubber_4
xmodeldetailcollision,#uk_house_baseboard_stairs_endcap_bottom_02_brown
xmodeldetailcollision,#uk_house_baseboard_stairs_endcap_top_02_brown
xmodeldetailcollision,#uk_house_chair_rail_01_old_128
xmodeldetailcollision,#uk_house_chair_rail_01_old_16
xmodeldetailcollision,#uk_house_chair_rail_01_old_2
xmodeldetailcollision,#uk_house_chair_rail_01_old_32
xmodeldetailcollision,#uk_house_chair_rail_01_old_4
xmodeldetailcollision,#uk_house_chair_rail_01_old_64
xmodeldetailcollision,#uk_house_chair_rail_01_old_8
xmodeldetailcollision,#uk_house_chair_rail_01_old_8_corner_in
xmodeldetailcollision,#uk_house_chair_rail_01_old_8_corner_out
xmodeldetailcollision,#uk_house_chair_rail_01_old_8_window_a
xmodeldetailcollision,#uk_house_chair_rail_01_old_8_window_b
xmodeldetailcollision,#uk_house_gutter_32_01_tin
xmodeldetailcollision,#uk_house_molding_01_16
xmodeldetailcollision,#uk_house_molding_01_16_corner_in_brown
xmodeldetailcollision,#uk_house_molding_01_32
xmodeldetailcollision,#uk_house_molding_01_8
xmodeldetailcollision,#uk_house_molding_01_old_128
xmodeldetailcollision,#uk_house_molding_01_old_2
xmodeldetailcollision,#uk_house_molding_01_old_4
xmodeldetailcollision,#uk_house_molding_01_old_64
xmodeldetailcollision,#uk_house_molding_01_old_8_corner_in
xmodeldetailcollision,#uk_house_molding_01_old_8_corner_out
xmodeldetailcollision,#uk_kitchen_cabinet_01_36_top
xmodeldetailcollision,#uk_kitchen_cabinet_02_22_btm_marble
xmodeldetailcollision,#uk_kitchen_cabinet_02_btm_corner_a
xmodeldetailcollision,#uk_kitchen_cabinet_02_btm_corner_a_marble
xmodeldetailcollision,#uk_kitchen_cabinet_02_sink_a_marble
xmodeldetailcollision,#uk_metal_frame_warehouse_01_64
xmodeldetailcollision,#uk_metal_frame_warehouse_02@mp_rust
xmodeldetailcollision,#uk_metal_frame_warehouse_04
xmodeldetailcollision,#uk_metal_frame_warehouse_08
xmodeldetailcollision,#uk_plaster_brick_pillar_01
xmodeldetailcollision,#uk_siding_metal_corrugated_01_112_corner
xmodeldetailcollision,#uk_siding_metal_corrugated_01_128x88_2sided_brown
xmodeldetailcollision,#uk_siding_metal_corrugated_01_40_corner_gray
xmodeldetailcollision,#uk_siding_metal_corrugated_01_64x40_dmg_unpainted
xmodeldetailcollision,#uk_siding_metal_corrugated_01_64x40_rust_2sided
xmodeldetailcollision,#uk_siding_metal_corrugated_01_64x88_2sided_light_red
xmodeldetailcollision,#uk_siding_metal_corrugated_01_88_corner_no_grime
xmodeldetailcollision,#uk_siding_metal_corrugated_01_8x24_2sided
xmodeldetailcollision,#uk_sign_bakery_closed_01
xmodeldetailcollision,#uk_storage_retail_package_electronics_02
xmodeldetailcollision,#uk_storage_retail_package_electronics_03
xmodeldetailcollision,#uk_storage_wall_light_01_cage_on_warm_wz
xmodeldetailcollision,#uk_storage_wall_light_01_on_cool_wz
xmodeldetailcollision,#uk_stucco_pillar_01_thin_beige
xmodeldetailcollision,#un_fire_hose_01
xmodeldetailcollision,#un_industrial_wooden_pallet_stack_02
xmodeldetailcollision,#un_metal_steel_support_c_beam_16x4x128_gray
xmodeldetailcollision,#un_metal_steel_support_c_beam_16x4x16_gray
xmodeldetailcollision,#un_metal_steel_support_c_beam_16x4x32_gray
xmodeldetailcollision,#un_metal_steel_support_c_beam_16x4x64_gray
xmodeldetailcollision,#un_metal_steel_support_c_beam_24x8x128_tan
xmodeldetailcollision,#un_metal_steel_support_c_beam_24x8x256
xmodeldetailcollision,#un_metal_steel_support_h_beam_16x16x256_gray
xmodeldetailcollision,#un_metal_steel_support_h_beam_16x16x8_gray
xmodeldetailcollision,#un_metal_steel_support_tubing_beam_8x4x128_gray
xmodeldetailcollision,#un_metal_steel_support_tubing_beam_8x4x16_gray
xmodeldetailcollision,#un_metal_steel_support_tubing_beam_8x4x64_gray
xmodeldetailcollision,#un_metal_steel_support_tubing_beam_8x8x128_gray
xmodeldetailcollision,#un_metal_steel_support_tubing_beam_8x8x16_blue
xmodeldetailcollision,#un_metal_steel_support_tubing_beam_8x8x32_gray
xmodeldetailcollision,#un_metal_steel_support_tubing_beam_8x8x64_gray
xmodeldetailcollision,#un_metal_steel_support_w_beam_24x12x128_gray
xmodeldetailcollision,#un_metal_steel_support_w_beam_24x12x16_gray
xmodeldetailcollision,#un_metal_steel_support_w_beam_24x12x256_gray
xmodeldetailcollision,#un_metal_steel_support_w_beam_24x12x32_gray
xmodeldetailcollision,#un_metal_steel_support_w_beam_24x12x64_gray
xmodeldetailcollision,#un_metal_steel_support_w_beam_24x12x8_gray
xmodeldetailcollision,#un_office_server_rack_large_01_black
xmodeldetailcollision,#utility_street_curb_cement_rough_128_b_painted_white
xmodeldetailcollision,#utility_street_curb_cement_rough_64_a_painted_white
xmodeldetailcollision,#utility_street_curb_cement_rough_64_b_painted_red
xmodeldetailcollision,#utility_street_curb_cement_rough_64_c_painted_red
xmodeldetailcollision,#utility_street_curb_cement_rough_64_d_painted_red
xmodeldetailcollision,#utility_street_curb_cement_rough_corner_in_12_red
xmodeldetailcollision,#utility_street_curb_cement_rough_corner_rounded_20_painted_red
xmodeldetailcollision,#utility_street_curb_cement_rough_corner_rounded_64_painted_yellow
xmodeldetailcollision,#utility_vent_adapter_01_lg
xmodeldetailcollision,#utility_vent_box_01_32
xmodeldetailcollision,#utility_vent_hanger_round_01_short
xmodeldetailcollision,#utility_vent_round_01_08
xmodeldetailcollision,#utility_vent_round_01_32_black
xmodeldetailcollision,#utility_vent_round_01_64
xmodeldetailcollision,#veh8_civ_lnd_palfa_interior_bench
xmodeldetailcollision,#veh8_mil_lnd_benches_double
xmodeldetailcollision,#wall_brick_orange_trim_4_16
xmodeldetailcollision,#wall_brick_orange_trim_4_24
xmodeldetailcollision,#wall_brick_orange_trim_4_32
xmodeldetailcollision,#wall_brick_orange_trim_4_4
xmodeldetailcollision,#wall_brick_orange_trim_4_48
xmodeldetailcollision,#wall_brick_orange_trim_4_64
xmodeldetailcollision,#wall_brick_orange_trim_4_8
xmodeldetailcollision,#wall_brick_orange_trim_4_96
xmodeldetailcollision,#wall_brick_orange_trim_4_corner
xmodeldetailcollision,#wall_brick_orange_trim_4_endcap_l
xmodeldetailcollision,#wall_brick_orange_trim_4_endcap_r
xmodeldetailcollision,#wall_brick_orange_trim_8_endcap_r
xmodeldetailcollision,#wall_cinderblock_decorative_only_brick_32_84
xmodeldetailcollision,#wall_fence_plaster_dmg_88_03
xmodeldetailcollision,#wall_fence_plaster_pillar_88
xmodeldetailcollision,#wall_mounted_pipes_01
xmodeldetailcollision,#window_cover_set_wood_shutters_01_48_white
xmodeldetailcollision,#window_frames_wood_double_light_brown
xmodeldetailcollision,#window_industrial_frame_112x48_01_grey
xmodeldetailcollision,#window_metal_white_rusty_small
xmodeldetailcollision,#window_office_frame_07_b
edgelist,#mp_jup_sira_mapedgelist_00429
physicsasset,#aac_plaster_debris_01
physicsasset,#aac_plaster_debris_02
physicsasset,#afr_steel_ladder
physicsasset,#afr_steel_ladder_top
physicsasset,#appliance_display_refridgerator_large
physicsasset,#appliance_modern_radiator_01
physicsasset,#bag_canvas_01_flat
physicsasset,#barrier_chain_link_fence_door_01_rusty
physicsasset,#barrier_traffic_concrete_block_01
physicsasset,#bathroom_urinal_dirty_01
physicsasset,#board_wood_01_pile
physicsasset,#building_awning_destroyed_storefront_frame_01
physicsasset,#building_built_in_culster_mailbox
physicsasset,#building_corrugated_metal4x8
physicsasset,#building_drain_pipes_03
physicsasset,#building_roof_lip_01_128
physicsasset,#building_roof_lip_01_16
physicsasset,#building_roof_lip_01_32
physicsasset,#building_roof_lip_01_48
physicsasset,#building_roof_lip_01_64
physicsasset,#building_roof_lip_01_corner_inside
physicsasset,#building_roof_lip_01_corner_top
physicsasset,#building_roof_lip_01_end
physicsasset,#building_roof_lip_01_white_pillar_01
physicsasset,#building_roof_lip_concrete_01_128_damaged
physicsasset,#building_roof_lip_concrete_01_16
physicsasset,#building_roof_lip_concrete_01_256
physicsasset,#building_roof_lip_concrete_01_48
physicsasset,#building_roof_lip_concrete_01_64_damaged
physicsasset,#building_roof_lip_concrete_01_corner_inside
physicsasset,#building_roof_lip_concrete_01_end_02
physicsasset,#building_saba_elevator_doorframe
physicsasset,#building_support_wood_beam_06_re_size_02
physicsasset,#building_wall_broken_cap_128x16_04
physicsasset,#building_wall_broken_cap_128x8_03
physicsasset,#building_wall_broken_corner_48x48_04
physicsasset,#buildup_dirt_plaster_01_128
physicsasset,#ceiling_tiles_01_dirty_128_01
physicsasset,#ch_crate24x32x48
physicsasset,#ch_crate48x64
physicsasset,#cinderblock_wall_topper_01_48
physicsasset,#cinderblock_wall_topper_01_64
physicsasset,#clothing_retail_store_mannequin_base
physicsasset,#clothing_retail_store_mannequin_blouse_03
physicsasset,#clothing_retail_store_mannequin_dress_01
physicsasset,#com_copypaper_box
physicsasset,#com_magazine_english_stack_04
physicsasset,#com_potted_plant_small_b
physicsasset,#construction_doors_wood_double_frame_green
physicsasset,#construction_metal_clamp_hook
physicsasset,#construction_tile_pallet_03
physicsasset,#construction_window_frames_wood_double_brown
physicsasset,#container_barrel_plastic_02_closed
physicsasset,#container_fertilizer_bag_stack_01
physicsasset,#cosecho_barrier_02_russian
physicsasset,#couch_modern_2seats
physicsasset,#cp_disco_gate_01_left
physicsasset,#cp_disco_gate_01_right
physicsasset,#cp_town_couch_01
physicsasset,#debris_cinder_block_rubble_pile_2_03
physicsasset,#debris_cinder_block_rubble_pile_3_02
physicsasset,#debris_cinder_block_rubble_pile_4_04
physicsasset,#debris_concrete_rubble_floor_slab_chunk_medium_03
physicsasset,#debris_concrete_rubble_floor_slab_chunk_medium_06
physicsasset,#debris_concrete_rubble_floor_slab_chunk_small_01
physicsasset,#debris_glass_shards_01
physicssfxeventasset,#hash_bba668d7dfc405e8
physicsasset,#debris_junk_tire_01
physicsasset,#decor_barrels_01
physicsasset,#decor_barrels_01_damaged
physicsasset,#decor_bicycles_01
physicsasset,#decor_cafe_planters_03
physicsasset,#decor_drying_rack_01
physicsasset,#decor_firestation_set_jacket_hanging
physicsasset,#decor_flagpole_01_firestation
physicsasset,#decor_framed_painting_old_02_small
physicsasset,#decor_framed_painting_old_05
physicsasset,#decor_misc_props_01_styrofoam_single
physicsasset,#decor_ornate_plaster_colored_corner
physicsasset,#decor_ornate_plaster_colored_long
physicsasset,#decor_ornate_plaster_colored_short
physicsasset,#decor_ornate_plaster_white_128
physicsasset,#decor_ornate_plaster_white_256
physicsasset,#decor_ornate_plaster_white_long_end
physicsasset,#decor_ornate_plaster_white_short_end
physicsasset,#decor_ornate_stone_trim_128
physicsasset,#decor_ornate_stone_trim_24
physicsasset,#decor_ornate_stone_trim_64
physicsasset,#decor_ornate_stone_trim_8
physicsasset,#decor_ornate_vent_hero_01
physicsasset,#decor_ornate_vent_hero_gate_01
physicsasset,#decor_supermart_cardboard_box_open
physicsasset,#door_frame_double_wooden_office_01_mp
physicsasset,#door_frame_metal_04_flat_painted_clean_mp
physicsasset,#door_frame_metal_panel_01_single_mp_hero
physicsasset,#door_frame_single_industrial_metal_mp_01
physicsasset,#door_frame_single_wood_worn_03_mp
physicsasset,#door_frame_wooden_panel_03_double_painted_mp
physicsasset,#door_frame_wooden_panel_03_painted_mp
physicsasset,#door_frame_wooden_panel_mp_double_01
physicsasset,#door_mechanic_metal_rollup_01_closed
physicsasset,#door_security_gate_single_mp_01
physicsasset,#door_vertical_plastic_blinds_double_closed
physicsasset,#door_vertical_plastic_blinds_single_closed
physicsasset,#door_wood_ornate_01_blue_double_frame
physicsasset,#dynlt_com_floodlight_off
physicsasset,#ee_barrier_concrete_parking_stopper
physicsasset,#ee_book_shelf_short
physicsasset,#ee_building_firestation_01_hose
physicsasset,#ee_building_firestation_01_wood_rail_128
physicsasset,#ee_building_firestation_01_wood_rail_16
physicsasset,#ee_building_firestation_01_wood_rail_32
physicsasset,#ee_building_firestation_01_wood_rail_64
physicsasset,#ee_building_firestation_01_wood_rail_8
physicsasset,#ee_dam_piece_road_bord_256_01
physicsasset,#ee_decor_baseboard_tile_32_01
physicsasset,#ee_decor_baseboard_tile_64_01
physicsasset,#ee_decor_baseboard_tile_column_16_01
physicsasset,#ee_decor_baseboard_tile_corner_out_01
physicssfxeventasset,#hash_ea734c240ba4cfa0
physicsasset,#ee_decor_painting_a_mansion_03_sml
physicsasset,#ee_decor_painting_a_mansion_04_sml
physicsasset,#ee_decor_vintage_light_set_fixture
physicsasset,#ee_door_metal_worn_door_01
physicsasset,#ee_door_metal_worn_frame_01
physicsasset,#ee_door_metal_worn_roller_01
physicsasset,#ee_electronics_television_wall_mounted_large_broken
physicsasset,#ee_electronics_television_wall_mounted_medium_broken
physicsasset,#ee_electronics_television_wall_mounted_medium_stadium_v02_on
physicsasset,#ee_fabric_military_tarp_hanging_128_01
physicsasset,#ee_floor_concrete_slab_01
physicsasset,#ee_furniture_bar_stool
physicssfxeventasset,#hash_c432434b5041b1f3
physicsasset,#ee_furniture_chair_metal_folding_closed
physicsasset,#ee_furniture_chair_metal_folding_open
physicsasset,#ee_furniture_club_couch
physicsasset,#ee_furniture_club_couch_b
physicsasset,#ee_furniture_piano
physicsasset,#ee_furniture_shelf_wood_tall
physicsasset,#ee_furniture_wall_table_01_right_end
physicsasset,#ee_furniture_wood_spa_shelf_02
physicsasset,#ee_garbage_bag_filled_02
physicsasset,#ee_garbage_bag_filled_03
physicsasset,#ee_light_fixture_lamp_short_01
physicsasset,#ee_manmade_wood_planks_worn_a_02
physicsasset,#ee_pallet_wood_boxes_wrapped_02
physicsasset,#ee_pipe_04_joint_coupling_01
physicsasset,#ee_pipe_05_128
physicsasset,#ee_plumbing_rusted_gas_pipe_a_02
physicsasset,#ee_rock_dirt_muddy_ground_a_02
physicsasset,#ee_sign_commercial_electronics_03
physicsasset,#ee_sign_commercial_jewelry_02
physicsasset,#ee_sign_commercial_phonic_01
physicsasset,#ee_sign_frame_01_64
physicsasset,#ee_sign_frame_02_128
physicsasset,#ee_sign_frame_03_128
physicsasset,#ee_sign_frame_display_01
physicsasset,#ee_sign_street_no_entry
physicsasset,#ee_signs_industrial_220_volt
physicsasset,#ee_signs_industrial_extinguisher
physicsasset,#ee_supplies_white_board_01
physicsasset,#ee_tool_jackhammer_01
physicsasset,#ee_trim_guiderail_2x6x4
physicsasset,#ee_trim_guiderail_2x6x64
physicsasset,#ee_trim_guiderail_2x6x90
physicsasset,#ee_trim_small_roof_128
physicsasset,#ee_trim_small_roof_16
physicsasset,#ee_trim_small_roof_32
physicsasset,#ee_trim_small_roof_48
physicsasset,#ee_trim_small_roof_64
physicsasset,#ee_trim_small_roof_8
physicsasset,#ee_trim_small_roof_corner_inside
physicsasset,#ee_trim_small_roof_corner_outside
physicsasset,#ee_trim_small_roof_endcap
physicsasset,#ee_trim_top_metal_bevel_white_16
physicsasset,#ee_trim_top_metal_bevel_white_16_small
physicsasset,#ee_trim_top_metal_bevel_white_256
physicsasset,#ee_trim_top_metal_bevel_white_32
physicsasset,#ee_trim_top_metal_bevel_white_32_small
physicsasset,#ee_trim_top_metal_bevel_white_64
physicsasset,#ee_trim_top_metal_bevel_white_64_small
physicsasset,#ee_trim_top_metal_bevel_white_end_small
physicsasset,#ee_trim_top_metal_white_128
physicsasset,#ee_trim_top_metal_white_256
physicsasset,#ee_trim_top_metal_white_32
physicsasset,#ee_trim_top_metal_white_64
physicsasset,#ee_trim_top_metal_white_corner
physicsasset,#ee_trim_top_metal_white_end
physicsasset,#ee_utility_pole_street_light_merged_lm_b
physicsasset,#ee_utility_pole_wall
physicsasset,#ee_wall_wooden_support_04
physicsasset,#ee_wall_wooden_support_07
physicsasset,#ee_window_frame_metal_white_medium_a_noglass
physicsasset,#ee_wires_stpete_cables_a_curve_01
physicsasset,#electrical_conduit_2_body_joint_slb
physicsasset,#electrical_conduit_2_coupling_bare
physicsasset,#electrical_conduit_2_union
physicsasset,#electrical_distribution_wall_cabinet
physicsasset,#electrical_flat_conduit_kit_single_16
physicsasset,#electrical_flat_conduit_kit_single_4
physicsasset,#electrical_flat_conduit_kit_single_48
physicsasset,#electrical_flat_conduit_kit_single_8
physicsasset,#electrical_flat_conduit_kit_single_96
physicsasset,#electrical_flat_conduit_kit_single_outside_corner
physicsasset,#electrical_flat_conduit_kit_tjunction_small
physicsasset,#electrical_junction_wooden_box
physicsasset,#electrical_light_switch_exposed_01
physicsasset,#electrical_north_america_outlets_01_double
physicsasset,#electrical_wires_jumbled_a_vertical
physicsasset,#equipment_ac_unit_01
physicsasset,#equipment_cable_spool_02
physicsasset,#eu_sign_commercial_general_atm_03
physicsasset,#fence_chainlink_tarp_lrg_64
physicssfxeventasset,#hash_a5f756f6690e0723
physicsasset,#food_trash_burger_box_01_open
physicsasset,#food_trash_cigarettes
physicsasset,#fountain_concrete_mexico_02
physicsasset,#furniture_barber_chair_02
physicsasset,#furniture_bench_wooden_outdoor_01
physicsasset,#furniture_couch_curved_01_back
physicsasset,#furniture_couch_seat_02
physicsasset,#furniture_fire_extinguisher_hose_box
physicsasset,#furniture_furniture_highchair_lab
physicsasset,#furniture_futon_couch_mat_pilows_pilow_01
physicsasset,#furniture_l_shape_desk_01
physicsasset,#furniture_lab_cabinet_a_lower_02
physicsasset,#furniture_metal_bar_stool_01
physicsasset,#furniture_modern_table_short_01
physicsasset,#furniture_painting_frame_02_brown
physicsasset,#furniture_rug_01_flat_03
physicsasset,#furniture_store_bench_01
physicsasset,#furniture_store_counter_01
physicsasset,#furniture_store_counter_03
physicsasset,#furniture_table_wood_stationary_ship_54x34
physicsasset,#furniture_wood_dresser_02_full_set
physicsasset,#furniture_wooden_interior_bench
physicsasset,#glass_broken_debris_pile_05
physicsasset,#glass_broken_debris_pile_07
physicsasset,#glass_broken_frame_corner_01
physicsasset,#glass_broken_frame_corner_04
physicsasset,#hardware_plywood_bare_01_48
physicsasset,#industrial_conduit_metal_1_straight_64
physicsasset,#jup_zm_phase_crystal_piece_09
physicsasset,#light_exterior_hanging_cafe_light_fixtures_off
physicsasset,#light_lamp_black_01
physicsasset,#lighting_commercial_lamp_long_01_fall_top
physicsasset,#lighting_fixture_bulb_incandescent
physicsasset,#lighting_fixtures_security_lamp_01
physicsasset,#lighting_wall_lamp_picture_01
physicsasset,#lm_appliance_store_freezer_door_broken_01
physicsasset,#lm_construction_marble_trim_01_128
physicsasset,#lm_construction_marble_trim_01_16
physicsasset,#lm_construction_marble_trim_01_256
physicsasset,#lm_construction_marble_trim_01_32
physicsasset,#lm_construction_marble_trim_01_64
physicsasset,#lm_construction_marble_trim_01_8
physicsasset,#lm_construction_marble_trim_corn_in
physicsasset,#lm_construction_marble_trim_corn_out
physicsasset,#lm_construction_policestation_windowsill_01
physicsasset,#lm_door_glass_metal_frame_01
physicsasset,#lm_door_glass_metal_frame_window_32_126
physicsasset,#lm_door_glass_metal_frame_window_60_104
physicsasset,#lm_door_glass_metal_frame_window_64_104
physicsasset,#lm_door_glass_metal_frame_window_64_110
physicsasset,#lm_door_glass_metal_frame_window_trainstation_01
physicsasset,#lm_machinery_hvac_roof_a_01
physicsasset,#lm_machinery_hvac_roof_c_01
physicsasset,#lm_pipes_high_pressure_16
physicsasset,#lm_pipes_high_pressure_corner
physicsasset,#lm_reception_corner_01_48
physicsasset,#lm_reception_piece_02_64
physicsasset,#lm_shop_rack_01
physicsasset,#lm_stairs_interior_concrete_01b_4
physicsasset,#lm_storage_cardboard_box_large_01
physicsasset,#lm_storage_shelf_beam_horizontal_front
physicsasset,#lm_storage_shelf_beam_horizontal_side
physicsasset,#lm_storage_shelf_beam_horizontal_support
physicsasset,#lm_storage_shelf_beam_vertical_corner_long
physicsasset,#lm_storage_shelf_wood_plank
physicsasset,#lm_street_concrete_sidewalk_128x64_01
physicsasset,#lm_street_concrete_sidewalk_16x16_01
physicsasset,#lm_street_concrete_sidewalk_256x64_01
physicsasset,#lm_street_concrete_sidewalk_64x32_01
physicsasset,#lm_street_don_bus_stop_a_01
physicsasset,#lm_structural_railing_int_corner_01_a
physicsasset,#lm_structural_railing_int_corner_03_right_a
physicsasset,#lm_structural_railing_int_steps_03_a
physicsasset,#lm_structural_railing_int_steps_04_a
physicsasset,#lm_structural_railing_int_straight_24_a
physicsasset,#lm_structural_railing_int_straight_32_a
physicsasset,#lm_structural_railing_int_straight_40_a
physicsasset,#lm_structural_window_frame_res_01_a
physicsasset,#lm_vent_wall_stadium_01
physicsasset,#lm_wall_corner_16_in
physicsasset,#machinery_ac_unit_condenser_01_paver
physicsasset,#machinery_amusement_park_ride_01
physicsasset,#machinery_amusement_park_ride_01_arm
physicsasset,#me_accessory_dvd_single_01
physicsasset,#me_accessory_dvd_stack_01
physicsasset,#me_appliance_vending_machine_soda_a
physicsasset,#me_appliance_vending_machine_soda_a_damaged
physicsasset,#me_building_clinic_column
physicsasset,#me_building_clinic_decor
physicsasset,#me_building_clinic_fence
physicsasset,#me_building_clinic_roof_decor_01
physicsasset,#me_building_clinic_roof_decor_02
physicsasset,#me_ceiling_tile_1x1_a
physicsasset,#me_construction_plank_bridge_a_15
physicsasset,#me_debris_concrete_slab_platform_02
physicsasset,#me_debris_stone_blocks_pile_02
physicsasset,#me_decor_roof_shingles_clay_01_green_trim_64
physicsasset,#me_decor_roof_shingles_clay_01_green_trim_64_b
physicsasset,#me_decor_roof_shingles_clay_01_green_trim_corner
physicsasset,#me_decor_roof_shingles_clay_01_green_trim_corner_b
physicsasset,#me_decor_rug_rolled_double_01
physicsasset,#me_food_spice_sack_tall_01
physicsasset,#me_fountain_star_01
physicsasset,#me_furniture_chair_leather_old_01_02
physicsasset,#me_furniture_wood_chest_small_01
physicsasset,#me_garbage_box_cardboard_01
physicsasset,#me_garbage_pile_01
physicsasset,#me_kitchen_cabinet_long_01
physicsasset,#me_litter_pile_06
physicsasset,#me_manhole_cover_03
physicsasset,#me_marketplace_wall_corner_rough_01
physicsasset,#me_metal_chimney_pipe_cap_01
physicsasset,#me_pottery_vase_ornate_01
physicsasset,#me_refrigerated_merchandiser_01
physicsasset,#me_rollup_metal_door_01
physicsasset,#me_sign_commercial_mall_01
physicsasset,#me_sign_commercial_mall_02
physicsasset,#me_sign_commercial_store_front_01_a
physicsasset,#me_sign_commercial_store_front_01_b
physicsasset,#me_sign_dvd_store_01
physicsasset,#me_sign_dvd_store_02
physicsasset,#me_sign_office_arrow_02
physicsasset,#me_sign_office_hazard_01
physicsasset,#me_sign_pharmacy_cross_01
physicsasset,#me_snack_package_cookies_small_cardboard_box_01
physicsasset,#me_tire_pile_01
physicsasset,#medical_bed_01
physicsasset,#medical_bed_01_mattress
physicsasset,#medical_blood_transfer_cart_01
physicsasset,#medical_cabinet_01
physicsasset,#medical_cabinet_short_01
physicsasset,#medical_cot_01
physicsasset,#medical_curtain_01_32
physicsasset,#medical_curtain_01_64
physicsasset,#medical_curtain_01_corner
physicsasset,#medical_curtain_track_01_128
physicsasset,#medical_curtain_track_01_16
physicsasset,#medical_curtain_track_01_32
physicsasset,#medical_curtain_track_01_4
physicsasset,#medical_curtain_track_01_64
physicsasset,#medical_curtain_track_01_8
physicsasset,#medical_curtain_track_01_ceiling_mount
physicsasset,#medical_curtain_track_01_corner
physicsasset,#medical_curtain_track_01_corner_extended_left
physicsasset,#medical_curtain_track_01_corner_extended_right
physicsasset,#medical_curtain_track_01_wall_mount
physicsasset,#medical_handrail_end_008_a
physicsasset,#medical_handrail_end_008_b
physicsasset,#medical_handrail_str_008_a
physicsasset,#medical_handrail_str_016_a
physicsasset,#medical_handrail_str_032_a
physicsasset,#medical_handrail_str_064_a
physicsasset,#medical_handrail_str_128_a
physicsasset,#medical_iv_stand_static
physicsasset,#metal_chain_01_hanging
physicsasset,#metal_chain_02_hanging
physicsasset,#military_crate_large_stackable_02
physicsasset,#mout_catwalk_support_base_01
physicsasset,#mout_catwalk_support_brace_48x128
physicsasset,#mout_catwalk_support_brace_48x96
physicsasset,#mout_catwalk_support_brace_ibeam_01
physicsasset,#mx_decor_mirror_led_wood_frame
physicsasset,#mx_decor_painting_04_a
physicsasset,#mx_lighting_exterior_fixture_barn_01
physicsasset,#mx_sign_commercial_common_fire_extinguisher_02
physicsasset,#oil_drum_big_01
physicsasset,#p7_door_handle_chrome_01
physicsasset,#p7_medical_wheelchair_01
physicsasset,#paris_kitchen_plates_broken_02
physicsasset,#picture_frame_painting_large
physicsasset,#pillar_aluminium
physicsasset,#pillar_concrete_01_16x128_corner
physicsasset,#pipe_corridor_single_eighth_01
physicsasset,#pipe_corridor_single_half_01
physicsasset,#pipe_corridor_single_quarter_01
physicsasset,#pipe_metal_painted_bend_90_sml
physicsasset,#pipe_metal_painted_joint_2way
physicsasset,#pipe_metal_painted_joint_3way
physicsasset,#pipe_metal_painted_straight_128
physicsasset,#pipe_metal_painted_straight_32
physicsasset,#pipe_metal_painted_support_wall
physicsasset,#pipe_metal_painted_support_wall_thin
physicsasset,#pipes_metal01
physicsasset,#plumbing_firehose_industrial_a
physicsasset,#plumbing_firehose_industrial_frame_a
physicsasset,#railing_metal_decor_01_16
physicsasset,#railing_metal_decor_01_64
physicsasset,#railing_metal_decor_01_post
physicsasset,#railing_metal_set_worn_16
physicsasset,#railing_metal_set_worn_256
physicsasset,#railing_metal_set_worn_32
physicsasset,#railing_metal_set_worn_64
physicsasset,#railing_metal_set_worn_8
physicsasset,#railing_metal_set_worn_corner
physicsasset,#railing_metal_set_worn_pillar
physicsasset,#railing_metal_set_worn_pillar_left_end
physicsasset,#railing_metal_set_worn_pillar_right_end
physicsasset,#railing_metal_set_worn_stairs
physicsasset,#railing_metal_set_worn_stairs_corner
physicsasset,#railing_metal_set_worn_stairs_double_corner
physicsasset,#railing_metal_set_worn_stairs_down
physicsasset,#railing_metal_set_worn_stairs_down_v2
physicsasset,#railing_metal_set_worn_stairs_pillar_left
physicsasset,#railing_metal_set_worn_stairs_pillar_right
physicsasset,#railing_metal_set_worn_stairs_up
physicsasset,#railing_metal_set_worn_stairs_up_v2
physicsasset,#railing_metal_set_worn_stairs_v2
physicsasset,#railing_ornate_metal_16
physicsasset,#railing_ornate_metal_24
physicsasset,#railing_ornate_metal_64
physicsasset,#residential_exterior_vent_16x16
physicsasset,#residential_vent_02
physicsasset,#rock_cliff_scotland_02_closed
physicsasset,#rolled_tarp_01
physicsasset,#roof_asphalt_shingle_edge_32
physicsasset,#roof_mall_kit_arch
physicsasset,#roof_mall_kit_arch_01_cap
physicsasset,#roof_mall_kit_arch_01_frame
physicsasset,#roof_mall_kit_arch_01_glass_01
physicsasset,#roof_mall_kit_arch_02_cap
physicsasset,#roof_mall_kit_arch_02_connector
physicsasset,#roof_mall_kit_arch_02_frame_512
physicsasset,#roof_mall_kit_arch_02_glass_512
physicsasset,#roof_mall_kit_arch_192
physicsasset,#roof_mall_kit_arch_cap
physicsasset,#roof_mall_kit_dome
physicsasset,#roof_mall_kit_facade_arch
physicsasset,#roof_mall_kit_octogon_dom_interrior
physicsasset,#roof_mall_kit_octogon_section
physicsasset,#roof_mall_kit_octogon_section_glass_01
physicsasset,#roof_mall_kit_octogon_section_glass_02
physicsasset,#roof_mall_kit_octogon_section_glass_03
physicsasset,#roof_shingles_01_32x32
physicsasset,#roof_tile_ceramic_01_120_cap
physicsasset,#roof_tile_ceramic_01_120by32
physicsasset,#roof_tile_ceramic_01_64_by_32
physicsasset,#roof_tile_ceramic_01_64_cap
physicsasset,#roof_tile_ceramic_01_single_row_32
physicsasset,#roof_tile_ceramic_01_single_row_cap
physicsasset,#rubble_pile_cmu_conc_large_02
physicsasset,#sandbag_wall_pieces_corner_mp_01
physicsasset,#sandbag_wall_pieces_corner_sp_01
physicsasset,#sd_equipment_bombsite_crate_d
physicsasset,#sign_alphabet_letter_01_a
physicsasset,#sign_alphabet_letter_01_c
physicsasset,#sign_alphabet_letter_01_e
physicsasset,#sign_alphabet_letter_01_l
physicsasset,#sign_alphabet_letter_01_r
physicsasset,#sign_alphabet_letter_01_s
physicsasset,#sign_billboard_rooftop_small_01
physicsasset,#sign_billboard_rooftop_small_03
physicsasset,#sign_billboard_rooftop_small_05
physicsasset,#sign_billboard_rooftop_small_07
physicsasset,#sign_mp_crash2_electronics
physicsasset,#sign_street_mexico_arrow_01
physicsasset,#sign_street_mexico_arrow_02
physicsasset,#sign_street_usa_no_parking_01
physicsasset,#stair_wooden_01
physicsasset,#stairs_escalator_12
physicsasset,#stairs_escalator_24
physicsasset,#stairs_escalator_48
physicsasset,#stairs_escalator_48_end
physicsasset,#stairs_escalator_48_end_02
physicsasset,#stairs_escalator_96
physicsasset,#stairs_exterior_stone_64
physicsasset,#stairs_exterior_stone_64_2_step
physicsasset,#stairs_exterior_stone_short_64
physicsasset,#stairs_industrial_handrail_bars_01a_straight
physicsasset,#stairs_industrial_handrail_bars_01b
physicsasset,#stairs_industrial_handrail_bars_01b_mrr
physicsasset,#stairs_industrial_handrail_bars_01b_straight
physicsasset,#stairs_industrial_handrail_bars_01c
physicsasset,#stairs_industrial_handrail_bars_02b
physicsasset,#stairs_industrial_handrail_bars_02c
physicsasset,#stairs_industrial_handrail_bottom
physicsasset,#stairs_industrial_handrail_endcap_01a_straight
physicsasset,#stairs_industrial_handrail_endcap_01b_straight_simple
physicsasset,#stairs_industrial_handrail_endcap_a
physicsasset,#stairs_industrial_handrail_middle
physicsasset,#stairs_industrial_handrail_middle_01_straight
physicsasset,#stairs_industrial_handrail_middle_a
physicsasset,#stairs_industrial_handrail_top
physicsasset,#storage_shipping_container_20ft_closed
physicsasset,#storage_shopping_cart
physicsasset,#storage_wrapped_boxes_02
physicsasset,#street_sidewalk_ashtray_garbage_bin_01
physicsasset,#syrkistan_cafe_sheesha
physicsasset,#t10_signage_coffee_corner_awning_01
physicsasset,#terrain_dirt_pile_01
physicsasset,#tower_01_parapet_16x16
physicsasset,#tower_01_parapet_16x64
physicsasset,#tower_01_parapet_cap_left_16x4
physicsasset,#tower_01_parapet_corner_in_16x32
physicsasset,#trash_construction_waste_01
physicsasset,#trash_container_metal_01
physicsasset,#trash_plastic_bin_green_01
physicsasset,#trim_metal_top_white_128_small
physicsasset,#trim_sidewalk_curb_01
physicsasset,#trim_sidewalk_curb_01_32
physicsasset,#trim_sidewalk_curb_01_64
physicsasset,#uk_appliance_microwave_01
physicsasset,#uk_appliance_washing_machine_02_open
physicsasset,#uk_brick_wall_top_trim_01_64
physicsasset,#uk_brick_wall_trim_01_128
physicsasset,#uk_brick_wall_trim_01_32
physicsasset,#uk_brick_wall_trim_01_64
physicsasset,#uk_brick_wall_trim_01_corner_l_half
physicsasset,#uk_brick_wall_trim_01_corner_r
physicsasset,#uk_brick_wall_trim_02_128
physicsasset,#uk_brick_wall_trim_02_32
physicsasset,#uk_brick_wall_trim_02_64
physicsasset,#uk_brick_wall_trim_02_corner
physicsasset,#uk_cinder_block_corner_01_8x88_w
physicsasset,#uk_cinder_block_corner_01_in_8x88_w
physicsasset,#uk_clothing_headphone_store_mannequin_02
physicsasset,#uk_decor_bookstore_advertisement_01
physicsasset,#uk_decor_fast_food_table_01
physicsasset,#uk_decor_window_curtain_02_r
physicsasset,#uk_decor_window_curtain_02_tied_l
physicsasset,#uk_decor_window_curtain_02_tied_r
physicsasset,#uk_door_lock_01
physicsasset,#uk_doors_garage_sectional_01_closed
physicsasset,#uk_doors_garage_sectional_01_frame
physicsasset,#uk_file_cabinet_garage_01
physicsasset,#uk_file_cabinet_garage_big_clean
physicsasset,#uk_file_cabinet_garage_big_empty
physicsasset,#uk_file_cabinet_garage_big_rusty_shell
physicsasset,#uk_file_cabinet_garage_clean
physicsasset,#uk_furniture_couch_retro_leather_01
physicsasset,#uk_furniture_kiosk_02
physicsasset,#uk_furniture_shelf_desk_02
physicsasset,#uk_furniture_shelf_store_display_06
physicssfxeventasset,#hash_d4613b801a03aee3
physicsasset,#uk_gas_tank_thin_cylinder
physicsasset,#uk_heater_01_small
physicsasset,#uk_house_baseboard_01_128
physicsasset,#uk_house_baseboard_01_16
physicsasset,#uk_house_baseboard_01_16_damaged_l
physicsasset,#uk_house_baseboard_01_2
physicsasset,#uk_house_baseboard_01_2_corner_out
physicsasset,#uk_house_baseboard_01_32
physicsasset,#uk_house_baseboard_01_4
physicsasset,#uk_house_baseboard_01_4_corner_out
physicsasset,#uk_house_baseboard_01_64
physicsasset,#uk_house_baseboard_01_8
physicsasset,#uk_house_baseboard_01_8_corner_in
physicsasset,#uk_house_baseboard_01_8_corner_out
physicsasset,#uk_house_baseboard_stairs_endcap_bottom_02
physicsasset,#uk_house_baseboard_stairs_endcap_top_02
physicsasset,#uk_house_chair_rail_01_128
physicsasset,#uk_house_chair_rail_01_16
physicsasset,#uk_house_chair_rail_01_2
physicsasset,#uk_house_chair_rail_01_32
physicsasset,#uk_house_chair_rail_01_4
physicsasset,#uk_house_chair_rail_01_64
physicsasset,#uk_house_chair_rail_01_8
physicsasset,#uk_house_chair_rail_01_8_corner_in
physicsasset,#uk_house_chair_rail_01_8_corner_out
physicsasset,#uk_house_chair_rail_01_8_window_a
physicsasset,#uk_house_chair_rail_01_8_window_b
physicsasset,#uk_house_gutter_32_01
physicsasset,#uk_house_gutter_pipe_64_01
physicsasset,#uk_house_molding_01_128
physicsasset,#uk_house_molding_01_16
physicsasset,#uk_house_molding_01_16_corner_in
physicsasset,#uk_house_molding_01_16_corner_out
physicsasset,#uk_house_molding_01_2
physicsasset,#uk_house_molding_01_32
physicsasset,#uk_house_molding_01_4
physicsasset,#uk_house_molding_01_64
physicsasset,#uk_house_molding_01_8
physicsasset,#uk_house_molding_01_8_corner_in
physicsasset,#uk_house_molding_01_8_corner_out
physicsasset,#uk_interior_office_ceiling_tile_01
physicsasset,#uk_kitchen_cabinet_01_22_btm
physicsasset,#uk_kitchen_cabinet_01_36_top
physicsasset,#uk_kitchen_cabinet_01_btm_corner_a
physicsasset,#uk_kitchen_cabinet_01_door_btm_l
physicsasset,#uk_kitchen_cabinet_01_door_btm_r
physicsasset,#uk_kitchen_cabinet_01_door_top_l
physicsasset,#uk_kitchen_cabinet_01_door_top_r
physicsasset,#uk_kitchen_cabinet_01_sink_a
physicsasset,#uk_metal_frame_warehouse_01_64
physicsasset,#uk_metal_frame_warehouse_02
physicsasset,#uk_metal_frame_warehouse_04
physicsasset,#uk_metal_frame_warehouse_08
physicsasset,#uk_plaster_brick_pillar_01
physicsasset,#uk_siding_metal_corrugated_01_112_corner
physicsasset,#uk_siding_metal_corrugated_01_128x88
physicsasset,#uk_siding_metal_corrugated_01_40_corner
physicsasset,#uk_siding_metal_corrugated_01_64x40
physicsasset,#uk_siding_metal_corrugated_01_64x88
physicsasset,#uk_siding_metal_corrugated_01_88_corner
physicsasset,#uk_siding_metal_corrugated_01_8x24
physicsasset,#uk_sign_bakery_closed_01
physicsasset,#uk_storage_retail_package_electronics_02
physicssfxeventasset,#hash_c455ffd2b7cf6cda
physicsasset,#uk_storage_retail_package_electronics_03
physicsasset,#uk_stucco_pillar_01_thin_beige
physicsasset,#un_fire_hose_01
physicsasset,#un_industrial_wooden_pallet_stack_02
physicsasset,#un_metal_steel_support_c_beam_16x4x128
physicsasset,#un_metal_steel_support_c_beam_16x4x16
physicsasset,#un_metal_steel_support_c_beam_16x4x32
physicsasset,#un_metal_steel_support_c_beam_16x4x64
physicsasset,#un_metal_steel_support_c_beam_16x4x8
physicsasset,#un_metal_steel_support_c_beam_24x8x128
physicsasset,#un_metal_steel_support_c_beam_24x8x256
physicsasset,#un_metal_steel_support_h_beam_16x16x256
physicsasset,#un_metal_steel_support_h_beam_16x16x8
physicsasset,#un_metal_steel_support_tubing_beam_8x4x128
physicsasset,#un_metal_steel_support_tubing_beam_8x4x16
physicsasset,#un_metal_steel_support_tubing_beam_8x4x64
physicsasset,#un_metal_steel_support_tubing_beam_8x8x128
physicsasset,#un_metal_steel_support_tubing_beam_8x8x16
physicsasset,#un_metal_steel_support_tubing_beam_8x8x32
physicsasset,#un_metal_steel_support_tubing_beam_8x8x64
physicsasset,#un_metal_steel_support_w_beam_24x12x128
physicsasset,#un_metal_steel_support_w_beam_24x12x16
physicsasset,#un_metal_steel_support_w_beam_24x12x256
physicsasset,#un_metal_steel_support_w_beam_24x12x32
physicsasset,#un_metal_steel_support_w_beam_24x12x64
physicsasset,#un_metal_steel_support_w_beam_24x12x8
physicsasset,#un_office_server_rack_large_01
physicsasset,#utility_street_curb_cement_rough_128_a
physicsasset,#utility_street_curb_cement_rough_128_b
physicsasset,#utility_street_curb_cement_rough_64_a
physicsasset,#utility_street_curb_cement_rough_64_b
physicsasset,#utility_street_curb_cement_rough_64_c
physicsasset,#utility_street_curb_cement_rough_64_d
physicsasset,#utility_street_curb_cement_rough_corner_in_12
physicsasset,#utility_street_curb_cement_rough_corner_rounded_20
physicsasset,#utility_street_curb_cement_rough_corner_rounded_64
physicsasset,#utility_vent_adapter_01_lg
physicsasset,#utility_vent_box_01_32
physicsasset,#utility_vent_hanger_round_01_short
physicsasset,#utility_vent_round_01_08
physicsasset,#utility_vent_round_01_32
physicsasset,#utility_vent_round_01_64
physicsasset,#veh8_civ_lnd_palfa_interior_bench
physicsasset,#veh8_mil_lnd_benches_double
physicsasset,#wall_brick_orange_trim_4_16
physicsasset,#wall_brick_orange_trim_4_24
physicsasset,#wall_brick_orange_trim_4_32
physicsasset,#wall_brick_orange_trim_4_4
physicsasset,#wall_brick_orange_trim_4_48
physicsasset,#wall_brick_orange_trim_4_64
physicsasset,#wall_brick_orange_trim_4_8
physicsasset,#wall_brick_orange_trim_4_96
physicsasset,#wall_brick_orange_trim_4_corner
physicsasset,#wall_brick_orange_trim_4_endcap_l
physicsasset,#wall_brick_orange_trim_4_endcap_r
physicsasset,#wall_brick_orange_trim_8_endcap_r
physicsasset,#wall_cinderblock_decorative_only_brick_32_84
physicsasset,#wall_fence_plaster_dmg_88_03
physicsasset,#wall_fence_plaster_pillar_88
physicsasset,#wall_mounted_pipes_01
physicsasset,#window_cover_set_wood_shutters_01_48_white
physicsasset,#window_industrial_frame_112x48_01
physicsasset,#window_metal_white_rusty_small
physicsasset,#window_office_frame_07
physicsasset,#hash_bbcce72c068dca08
xmodeldetailcollision,#door_metal_single_b_02_grey
physicsasset,#hash_e1f213016b33fabb
xmodeldetailcollision,#door_metal_04_flat_painted_mp_tan
physicsasset,#ee_electronics_television_wall_mounted_large
xmodeldetailcollision,#ee_electronics_television_wall_mounted_large
xmodeldetailcollision,#ee_furniture_damaged_desk_chair_damaged
physicsasset,#hash_bb0238ba1d2d0710
xmodeldetailcollision,#ee_light_mounted_exterior_industrial_caged_02_on_warm_wz
physicsasset,#ee_manmade_wood_planks_worn_a_04
xmodeldetailcollision,#ee_manmade_wood_planks_worn_a_04
physicsasset,#jup_zm_aether_landing_pad_cluster_01
xmodeldetailcollision,#jup_zm_aether_landing_pad_cluster_01
physicsasset,#jup_zm_phase_crystal_ceiling
xmodeldetailcollision,#jup_zm_phase_crystal_ceiling
physicsasset,#jup_zm_phase_crystal_floor
xmodeldetailcollision,#jup_zm_phase_crystal_floor
physicsasset,#jup_zm_phase_crystal_piece_01
xmodeldetailcollision,#jup_zm_phase_crystal_piece_01
physicsasset,#jup_zm_phase_crystal_piece_03
xmodeldetailcollision,#jup_zm_phase_crystal_piece_03
physicsasset,#kitchen_appliance_refrigerator_old_01_rig_skeleton
xmodeldetailcollision,#kitchen_appliance_refrigerator_old_01_rig_skeleton
physicsasset,#light_ceiling_bulb_01
xmodeldetailcollision,#light_ceiling_bulb_01_on_neutral_wz
physicsasset,#me_light_ceiling_fluorescent_tube
xmodeldetailcollision,#hash_a8b4b952e6754f61
xmodeldetailcollision,#hash_eacdcd9cadc0492a
physicsasset,#me_sign_hospital_elevator_indicator
physicsasset,#military_crate_large_stackable_01
xmodeldetailcollision,#jup_vfx_military_crate_large_stackable_01
physicsasset,#uk_dumpster_small_green_01
xmodeldetailcollision,#uk_dumpster_small_white_01
physicsasset,#uk_electrical_box_medium_01
xmodeldetailcollision,#uk_electrical_box_medium_01
xmodeldetailcollision,#hash_db253840b3a82556
physicsasset,#uk_industrial_light_01
xmodeldetailcollision,#hash_bc83308396a3e02f
physicsasset,#uk_lighting_interior_office_ceiling_tile_01
xmodeldetailcollision,#uk_lighting_interior_office_ceiling_tile_01_on_neutral_wz
physicsasset,#uk_storage_wall_light_01
physicsasset,#un_office_paper_shredder_01_trash_can
xmodeldetailcollision,#office_trash_can_01
physicsasset,#veh9_civ_lnd_pickup_fullsized_2014_bumper_f
xmodeldetailcollision,#veh9_civ_lnd_pickup_fullsized_2014_bumper_f
physicsasset,#veh9_civ_lnd_pickup_fullsized_2014_door_bl
xmodeldetailcollision,#veh9_civ_lnd_pickup_fullsized_2014_door_bl
physicsasset,#veh9_civ_lnd_pickup_fullsized_2014_door_br
xmodeldetailcollision,#veh9_civ_lnd_pickup_fullsized_2014_door_br
physicsasset,#veh9_civ_lnd_pickup_fullsized_2014_door_fl
xmodeldetailcollision,#veh9_civ_lnd_pickup_fullsized_2014_door_fl
physicsasset,#veh9_civ_lnd_pickup_fullsized_2014_door_fr
xmodeldetailcollision,#veh9_civ_lnd_pickup_fullsized_2014_door_fr
physicsasset,#accessory_security_sensor_gate_01
xmodeldetailcollision,#accessory_security_sensor_gate_01
physicsasset,#antenna_cell_01
xmodeldetailcollision,#antenna_cell_01
xmodeldetailcollision,#barrier_chain_link_fence_door_01_b
physicsasset,#barrier_pedestrian_metal_01
xmodeldetailcollision,#barrier_pedestrian_metal_01
physicsasset,#barrier_wooden_slats_01_woodslats_kit_single_64_slat_01
xmodeldetailcollision,#barrier_wooden_slats_01_woodslats_kit_single_64_slat_01
physicsasset,#base_book_group_03b
xmodeldetailcollision,#base_book_group_03b
physicsasset,#base_book_stack_01b
xmodeldetailcollision,#base_book_stack_01b
physicsasset,#bathroom_bathtub_01_clean
xmodeldetailcollision,#bathroom_bathtub_01_dirty
physicsasset,#bathroom_drain_01
xmodeldetailcollision,#bathroom_drain_01
physicsasset,#bathroom_hand_dryer
xmodeldetailcollision,#bathroom_hand_dryer
physicsasset,#bathroom_sink_02
xmodeldetailcollision,#bathroom_sink_02_dirty
physicsasset,#bathroom_sink_countertop_01
xmodeldetailcollision,#bathroom_sink_countertop_01
physicsasset,#bathroom_sink_dirty_01
xmodeldetailcollision,#bathroom_sink_dirty_01
physicsasset,#bathroom_soap_dispenser_01
xmodeldetailcollision,#bathroom_soap_dispenser_01
physicsasset,#bathroom_toilet_01
xmodeldetailcollision,#bathroom_toilet_01
physicsasset,#bathroom_toilet_paper_holder_01
xmodeldetailcollision,#bathroom_toilet_paper_holder_01
physicsasset,#bathroom_toothbrush_hygiene_01
xmodeldetailcollision,#bathroom_toothbrush_hygiene_01
physicsasset,#bathroom_wall_shower_unit_01
xmodeldetailcollision,#bathroom_wall_shower_unit_01
physicsasset,#beacon_life_preserver_hook
xmodeldetailcollision,#beacon_life_preserver_hook
physicsasset,#bin_plastic
xmodeldetailcollision,#bin_plastic_01
physicsasset,#bridge_rail_hook_01_1
xmodeldetailcollision,#bridge_rail_hook_01_1
physicsasset,#bucket_rusted_empty_01
xmodeldetailcollision,#bucket_rusted_empty_01
physicsasset,#building_awning_destroyed_storefront_frame_04
xmodeldetailcollision,#building_awning_destroyed_storefront_frame_05
xmodeldetailcollision,#building_awning_destroyed_storefront_frame_04
physicsasset,#building_awning_tarp_128x32x64_03
xmodeldetailcollision,#building_awning_tarp_128x32x64_03_tarpaulin_blue_mp_hideout
physicsasset,#building_awning_tarp_64x32x64_03_dynamics_no_tarp
xmodeldetailcollision,#building_awning_tarp_64x32x64_03_dynamics_no_tarp
physicsasset,#hash_b313af4f7628b03d
xmodeldetailcollision,#hash_b313af4f7628b03d
physicsasset,#hash_bc3e85ad0fa2bb29
xmodeldetailcollision,#hash_bc3e85ad0fa2bb29
physicsasset,#hash_d34ec07c6ea95f66
xmodeldetailcollision,#hash_d34ec07c6ea95f66
physicsasset,#building_drainage_pipe_plastic_01
xmodeldetailcollision,#building_drainage_pipe_plastic_01
physicsasset,#building_roof_lip_01_8
xmodeldetailcollision,#building_roof_lip_01_8
physicsasset,#building_roof_lip_01_corner_outside
xmodeldetailcollision,#building_roof_lip_01_corner_outside
physicsasset,#building_roof_lip_concrete_01_128
xmodeldetailcollision,#building_roof_lip_concrete_01_128
physicsasset,#building_roof_lip_concrete_01_32
xmodeldetailcollision,#building_roof_lip_concrete_01_32
physicsasset,#building_roof_lip_concrete_01_64
xmodeldetailcollision,#building_roof_lip_concrete_01_64
physicsasset,#building_roof_lip_concrete_01_corner_outside
xmodeldetailcollision,#building_roof_lip_concrete_01_corner_outside
physicsasset,#building_roof_lip_concrete_01_end_01
xmodeldetailcollision,#building_roof_lip_concrete_01_end_01
physicsasset,#building_support_wood_beam_01_piece_03
xmodeldetailcollision,#building_support_wood_beam_01_piece_03
physicsasset,#hash_a69cb271c97a5a0c
xmodeldetailcollision,#hash_a69cb271c97a5a0c
physicsasset,#building_support_wood_beam_05_re_size
xmodeldetailcollision,#building_support_wood_beam_05_re_size
physicsasset,#building_support_wood_beam_05_re_size_small
xmodeldetailcollision,#building_support_wood_beam_05_re_size_small
physicsasset,#building_wall_broken_cap_128x16_02
xmodeldetailcollision,#building_wall_broken_cap_128x16_02_tan2
physicsasset,#building_wall_broken_cap_64x16_01
xmodeldetailcollision,#building_wall_broken_cap_64x16_01_tan2
physicsasset,#building_wall_broken_cap_64x16_02
xmodeldetailcollision,#building_wall_broken_cap_64x16_02_tan2
physicsasset,#building_wall_corner_brick_01_128
xmodeldetailcollision,#building_wall_corner_brick_01_128
physicsasset,#building_wall_corner_brick_01_32
xmodeldetailcollision,#building_wall_corner_brick_01_32
xmodeldetailcollision,#buildup_dirt_plaster_01_256
physicsasset,#cardboard_box_damaged_01
xmodeldetailcollision,#cardboard_box_damaged_01
physicsasset,#ceiling_tiles_01_dirty_128_02
xmodeldetailcollision,#ceiling_tiles_01_dirty_128_02
physicsasset,#ceiling_tiles_01_dirty_128x64_03
xmodeldetailcollision,#ceiling_tiles_01_dirty_128x64_03
physicsasset,#ch_crate24x32
xmodeldetailcollision,#hash_e274e2106efa06c7
physicsasset,#ch_crate24x32x64
xmodeldetailcollision,#hash_d8334c6b75abf2a5
xmodeldetailcollision,#ch_crate48x64_simple
physicsasset,#ch_crate72x48
xmodeldetailcollision,#ch_crate72x48_simple
physicsasset,#ch_crate72x64
xmodeldetailcollision,#ch_crate72x64_simple
xmodeldetailcollision,#chair_folding_folded
physicsasset,#cinderblock_01_01
xmodeldetailcollision,#cinderblock_01_01
physicsasset,#cinderblock_endcap_03a_64
xmodeldetailcollision,#cinderblock_wall_endcap_02a_64
physicsasset,#cinderblock_wall_endcap_01_24
xmodeldetailcollision,#cinderblock_wall_endcap_02_24
physicsasset,#cinderblock_wall_topper_01_08
xmodeldetailcollision,#cinderblock_wall_topper_02_08
physicsasset,#cinderblock_wall_topper_01_128
xmodeldetailcollision,#cinderblock_wall_topper_02_128
physicsasset,#cinderblock_wall_topper_01_16
xmodeldetailcollision,#cinderblock_wall_topper_02_16
physicsasset,#cinderblock_wall_topper_01_32
xmodeldetailcollision,#cinderblock_wall_topper_02_32
physicsasset,#com_restaurantkitchentable_1
xmodeldetailcollision,#com_restaurantkitchentable_1
physicsasset,#com_restaurantstainlessteelshelf_01
xmodeldetailcollision,#com_restaurantstainlessteelshelf_01
physicsasset,#com_restaurantstainlessteelshelf_02
xmodeldetailcollision,#com_restaurantstainlessteelshelf_02
physicsasset,#conduit_metal_outlet_switch
xmodeldetailcollision,#conduit_metal_outlet_switch
physicsasset,#construction_doors_metal_b_02_mp
xmodeldetailcollision,#construction_doors_metal_b_02_mp
physicsasset,#construction_doors_metal_frame_b_03_mp
xmodeldetailcollision,#construction_doors_metal_frame_b_03_mp
physicsasset,#construction_doors_metal_single_frame_b_01_blue
xmodeldetailcollision,#door_metal_single_frame_b_01_grey
physicsasset,#construction_generator_light_base_01
xmodeldetailcollision,#construction_generator_light_base_01
physicsasset,#construction_metal_corner_caution_sml
xmodeldetailcollision,#construction_metal_corner_caution_sml
physicsasset,#construction_window_frames_metal_double_01_white
xmodeldetailcollision,#hash_a4b19d60852030ef
physicsasset,#construction_window_frames_wood_single_brown
xmodeldetailcollision,#window_frames_wood_single_light_brown
physicsasset,#container_cement_bag_01_white
xmodeldetailcollision,#container_cement_bag_01_white
xmodeldetailcollision,#container_electrical_box_01_small
physicsasset,#container_trash_can_plastic_kitchen_01
xmodeldetailcollision,#container_trash_can_plastic_kitchen_01
physicsasset,#corner_damage_02
xmodeldetailcollision,#corner_damage_02
physicsasset,#corner_damage_02_32
xmodeldetailcollision,#corner_damage_02_32
physicsasset,#hash_af67da8587877e97
xmodeldetailcollision,#hash_af67da8587877e97
xmodeldetailcollision,#cosecho_barrier_01
physicsasset,#cp_disco_bottle_glass_liquor_01
xmodeldetailcollision,#cp_disco_bottle_glass_liquor_01
physicsasset,#cp_disco_pizza_box_open
xmodeldetailcollision,#cp_disco_pizza_box_open
physicsasset,#cp_disco_wall_fan
xmodeldetailcollision,#cp_disco_wall_fan
physicsasset,#cp_rave_floor_mat_01
xmodeldetailcollision,#cp_rave_floor_mat_01
physicsasset,#hash_f309f05ff3668c70
xmodeldetailcollision,#crate_plastic_sml_01_red
physicsasset,#debris_corrugated_panels_metal_flat_white_large
xmodeldetailcollision,#debris_corrugated_panels_metal_flat_red_large
physicsasset,#debris_fabric_pile_04
xmodeldetailcollision,#debris_fabric_pile_04
physicsasset,#debris_override_deadbody_04_cn
xmodeldetailcollision,#debris_override_deadbody_04_cn
physicsasset,#debris_rebar_straight_32_01
xmodeldetailcollision,#debris_rebar_straight_32_01
physicsasset,#hash_c70778765e347b5c
xmodeldetailcollision,#hash_c70778765e347b5c
physicsasset,#hash_c7077b765e348075
xmodeldetailcollision,#hash_c7077b765e348075
physicsasset,#debris_stone_blocks_pile_1
physicsasset,#debris_stone_blocks_pile_corner_1
xmodeldetailcollision,#debris_stone_blocks_pile_corner_1
physicsasset,#hash_94dfb2c58079e13d
xmodeldetailcollision,#hash_c9348e2dd460f2f0
physicsasset,#debris_stone_blocks_pile_curve_sidewalk_2
xmodeldetailcollision,#debris_stone_blocks_pile_curve_sidewalk_2
physicsasset,#debris_stone_blocks_pile_wall_2
xmodeldetailcollision,#debris_stone_blocks_pile_wall_2
physicsasset,#decor_barrel_wood_01
xmodeldetailcollision,#decor_barrel_wood_01
xmodeldetailcollision,#hash_d2eb1608c143c859
physicsasset,#decor_blankets_01_single_pattern_1_01
xmodeldetailcollision,#hash_87e54609782686df
physicsasset,#hash_a8970e9a9815ce90
xmodeldetailcollision,#hash_8c0cfc40b526495c
physicsasset,#decor_blankets_01_stack_03
xmodeldetailcollision,#decor_blankets_01_stack_pattern_2_03
physicsasset,#decor_boxes_01
xmodeldetailcollision,#decor_boxes_01_v2
physicsasset,#decor_boxes_02
xmodeldetailcollision,#decor_boxes_02
physicsasset,#decor_boxes_03
xmodeldetailcollision,#decor_boxes_03
physicsasset,#hash_dac23d6183971997
xmodeldetailcollision,#hash_dac23d6183971997
physicsasset,#decor_catering_table_01
xmodeldetailcollision,#decor_catering_table_01
physicsasset,#decor_cloth_curtains_rod_double_rl
xmodeldetailcollision,#decor_cloth_curtains_rod_double_rl
xmodeldetailcollision,#decor_drying_rack_01_clean
physicsasset,#decor_drying_rack_01_cup_01
xmodeldetailcollision,#decor_drying_rack_01_cup_01
physicsasset,#decor_drying_rack_01_plate_01
xmodeldetailcollision,#decor_drying_rack_01_plate_01
physicsasset,#decor_drying_rack_01_plate_03
xmodeldetailcollision,#decor_drying_rack_01_plate_03
physicsasset,#decor_equipment_hand_dolly_02
xmodeldetailcollision,#decor_equipment_hand_dolly_02
physicsasset,#decor_framed_painting_old_01
xmodeldetailcollision,#decor_framed_painting_old_01
physicsasset,#decor_framed_painting_old_02
xmodeldetailcollision,#decor_framed_painting_old_02
physicsasset,#decor_framed_painting_old_03
xmodeldetailcollision,#decor_framed_painting_old_03
physicsasset,#decor_framed_painting_old_04
xmodeldetailcollision,#decor_framed_painting_old_04
physicsasset,#decor_misc_props_01_bottle
xmodeldetailcollision,#decor_misc_props_01_bottle
physicsasset,#decor_misc_props_01_shelf_metal
xmodeldetailcollision,#decor_misc_props_01_shelf_metal
physicsasset,#decor_ornate_stone_trim_256
xmodeldetailcollision,#decor_ornate_stone_trim_256
physicsasset,#decor_ornate_stone_trim_corner_small
xmodeldetailcollision,#decor_ornate_stone_trim_corner_small
physicsasset,#decor_painting_floral_03
xmodeldetailcollision,#decor_painting_floral_03
physicsasset,#decor_plastic_buckets_01_big_white
xmodeldetailcollision,#bucket_plastic
physicsasset,#decor_plastic_buckets_01_small_white
xmodeldetailcollision,#decor_plastic_buckets_01_small_white
physicsasset,#decor_propane_tank_01_en_d1
xmodeldetailcollision,#decor_propane_tank_01_en_d1
physicsasset,#decor_radiator_01
xmodeldetailcollision,#decor_radiator_01
physicsasset,#decor_trash_can_plastic_office_01
xmodeldetailcollision,#decor_trash_can_plastic_office_01
physicsasset,#decor_vase_01_small
xmodeldetailcollision,#decor_vase_01_small
physicsasset,#decor_vintage_rug_rolled_01
xmodeldetailcollision,#decor_vintage_rug_rolled_01
physicsasset,#decor_water_storage_container_01_white
xmodeldetailcollision,#decor_water_storage_container_01_white
physicsasset,#decor_wood_fruit_box_01
xmodeldetailcollision,#decor_wood_fruit_box_01
physicsasset,#door_frame_glass_metal_01_double_mp
xmodeldetailcollision,#door_frame_glass_metal_01_double_mp
physicsasset,#door_frame_glass_metal_01_mp
xmodeldetailcollision,#door_frame_glass_metal_01_mp
xmodeldetailcollision,#door_frame_metal_04_flat_painted_clean_mp
physicsasset,#door_frame_metal_panel_03_mp
xmodeldetailcollision,#door_frame_metal_panel_03_mp
physicsasset,#door_frame_metal_panel_03_mp_single
xmodeldetailcollision,#door_frame_metal_panel_03_mp_single
xmodeldetailcollision,#hash_ac46af865f2238f6
xmodeldetailcollision,#door_frame_single_industrial_metal_mp_01
physicsasset,#door_frame_wooden_hollow_02_mp
xmodeldetailcollision,#door_frame_wooden_hollow_02_mp
physicsasset,#door_frame_wooden_office_01_mp
xmodeldetailcollision,#door_frame_wooden_office_01_mp
xmodeldetailcollision,#door_frame_wooden_panel_03_painted_mp
physicsasset,#door_frame_wooden_panel_mp_01
xmodeldetailcollision,#door_frame_wooden_panel_mp_01_white
physicsasset,#door_glass_metal_01_mp
xmodeldetailcollision,#door_glass_metal_01_mp_reinforced_glass
physicsasset,#hash_cb1c670f67d3f5dd
xmodeldetailcollision,#hash_cb1c670f67d3f5dd
physicsasset,#door_metal_panel_01_mp_hero
xmodeldetailcollision,#door_metal_panel_01_mp_tan
physicsasset,#door_metal_roller_01_closed_large_01
xmodeldetailcollision,#door_metal_roller_01_closed_large_02
xmodeldetailcollision,#door_metal_roller_01_closed_large_01
physicsasset,#door_metal_roller_01_frames_large_01
xmodeldetailcollision,#door_metal_roller_01_frames_large
physicsasset,#door_metal_roller_01_roller_large_01
xmodeldetailcollision,#door_metal_roller_01_roller_large_01
physicsasset,#door_restaurant_metal_rollup_01_bot
xmodeldetailcollision,#door_restaurant_metal_rollup_01_bot
xmodeldetailcollision,#door_security_gate_single_mp_01_lightblue
physicsasset,#door_wooden_office_01_mp
xmodeldetailcollision,#door_wooden_office_01_mp
physicsasset,#door_wooden_panel_03_painted_left_mp
xmodeldetailcollision,#door_wooden_panel_03_painted_left_mp
physicsasset,#door_wooden_panel_mp_01
xmodeldetailcollision,#door_wooden_panel_mp_01
physicsasset,#duct_metal_rectangle_vent
xmodeldetailcollision,#duct_metal_rectangle_vent
physicsasset,#duct_metal_square_elbow_right_45_end
xmodeldetailcollision,#duct_metal_square_elbow_right_45_end
physicsasset,#duct_metal_square_elbow_right_90
xmodeldetailcollision,#duct_metal_square_elbow_right_90
physicsasset,#duct_metal_square_straight_128
xmodeldetailcollision,#duct_metal_square_straight_128
physicsasset,#duct_metal_square_straight_32
xmodeldetailcollision,#duct_metal_square_straight_32
physicsasset,#duct_metal_square_straight_64
xmodeldetailcollision,#duct_metal_square_straight_64
physicsasset,#duct_metal_square_vent
xmodeldetailcollision,#duct_metal_square_vent
physicsasset,#ee_appliance_washer
xmodeldetailcollision,#ee_appliance_washer
physicsasset,#ee_barrier_police_set_metal_02
physicsasset,#ee_bathroom_shower_curtain_rod_02
xmodeldetailcollision,#ee_bathroom_shower_curtain_rod_02
physicsasset,#ee_book_shelf_basic_low_a
xmodeldetailcollision,#ee_book_shelf_basic_low_a_dark
physicsasset,#ee_book_shelf_basic_tall_b
xmodeldetailcollision,#ee_book_shelf_basic_tall_b_dark
physicsasset,#ee_building_firestation_01_paper_04
xmodeldetailcollision,#ee_building_firestation_01_paper_04
physicsasset,#ee_clock_wall_mounted_modern
xmodeldetailcollision,#ee_clock_wall_mounted_modern_06
physicsasset,#ee_disco_chainlink_fence_pole_lock_01
physicsasset,#ee_door_wooden_entrance_01_frame_mp
xmodeldetailcollision,#ee_door_wooden_entrance_01_frame_mp
physicsasset,#ee_electrical_doorbell_04
xmodeldetailcollision,#ee_electrical_doorbell_04
physicsasset,#ee_electrical_light_switch_01
xmodeldetailcollision,#ee_electrical_light_switch_01
physicsasset,#ee_electrical_street_wire_a
xmodeldetailcollision,#ee_electrical_street_wire_a
physicsasset,#ee_electronics_atm_machine
xmodeldetailcollision,#un_electronics_atm_machine
physicsasset,#ee_electronics_television_wall_mounted_medium
xmodeldetailcollision,#ee_electronics_television_wall_mounted_medium
physicsasset,#ee_fixture_shower_head_01
xmodeldetailcollision,#ee_fixture_shower_head_01
physicsasset,#ee_furniture_airport_seat_standalone
xmodeldetailcollision,#ee_furniture_airport_seat_standalone
physicsasset,#hash_ab00cb42f0b9731e
xmodeldetailcollision,#hash_ab00cb42f0b9731e
physicsasset,#ee_furniture_chair_desk_01
xmodeldetailcollision,#ee_furniture_chair_desk_01
physicsasset,#ee_furniture_chair_leather_worn_lounge
xmodeldetailcollision,#ee_furniture_chair_leather_worn_lounge
physicsasset,#ee_furniture_couch_cloth_vintage
xmodeldetailcollision,#ee_furniture_couch_cloth_vintage
physicsasset,#ee_furniture_rug_hanging_ukraine_01
xmodeldetailcollision,#ee_furniture_rug_hanging_ukraine_01
physicsasset,#ee_furniture_rug_hanging_ukraine_05
xmodeldetailcollision,#ee_furniture_rug_hanging_ukraine_05
physicsasset,#ee_furniture_shelf_wood_medium
xmodeldetailcollision,#ee_furniture_shelf_wood_medium
physicsasset,#ee_furniture_shelf_wood_short
xmodeldetailcollision,#ee_furniture_shelf_wood_short
physicsasset,#ee_furniture_table_metal_industrial
xmodeldetailcollision,#ee_furniture_table_metal_industrial
physicsasset,#ee_furniture_wall_table_01_64
xmodeldetailcollision,#ee_furniture_wall_table_red_01_64
physicsasset,#ee_furniture_wood_spa_shelf_03
xmodeldetailcollision,#ee_furniture_wood_spa_shelf_03
physicsasset,#ee_garbage_bag_filled_01
xmodeldetailcollision,#ee_garbage_bag_filled_01_gray
physicsasset,#ee_light_fixture_lamp_tall_01
xmodeldetailcollision,#ee_light_fixture_lamp_tall_01_off_wz
physicsasset,#ee_light_fixture_wall_mounted_02
xmodeldetailcollision,#hash_c6841673c5f118b0
physicsasset,#ee_light_fixture_wall_mounted_04
xmodeldetailcollision,#hash_ea520665fa33736a
physicsasset,#ee_manmade_wood_planks_worn_a_01
xmodeldetailcollision,#ee_manmade_wood_planks_worn_a_01
xmodeldetailcollision,#ee_manmade_wood_planks_worn_a_02
physicsasset,#ee_manmade_wood_planks_worn_a_03
xmodeldetailcollision,#ee_manmade_wood_planks_worn_a_03
physicsasset,#ee_mat_rubber_01
xmodeldetailcollision,#ee_mat_rubber_01
physicsasset,#ee_mirror_wall_mounted_bathroom
xmodeldetailcollision,#ee_mirror_wall_mounted_bathroom
physicsasset,#ee_pillar_concrete_pipe_support_base
xmodeldetailcollision,#ee_pillar_concrete_pipe_support_base
physicsasset,#ee_rock_cliff_02_tint
xmodeldetailcollision,#ee_rock_cliff_02_tint
physicsasset,#ee_rock_dirt_muddy_ground_a_04
xmodeldetailcollision,#ee_rock_dirt_muddy_ground_a_04_light2
physicsasset,#ee_rock_outcrop_01
xmodeldetailcollision,#hash_cfd42c508d5d472d
physicsasset,#ee_rock_riverbed_cluster_02_lg_01
xmodeldetailcollision,#ee_rock_riverbed_cluster_02_lg_01_wet
physicsasset,#ee_sign_frame_kit_cap
xmodeldetailcollision,#ee_sign_frame_kit_cap
physicsasset,#ee_sign_industrial_poster_03
xmodeldetailcollision,#me_sign_movie_poster_03
physicsasset,#ee_sign_plastic_floor_janitor
xmodeldetailcollision,#ee_sign_plastic_floor_janitor_generic
physicsasset,#ee_sign_public_bathroom_small_01
xmodeldetailcollision,#ee_sign_public_bathroom_small_01
physicsasset,#ee_signs_industrial_exit
xmodeldetailcollision,#me_signs_industrial_exit
physicsasset,#ee_signs_industrial_fire_hazard
xmodeldetailcollision,#ee_signs_industrial_fire_hazard
physicsasset,#ee_sink_bathroom_simple
xmodeldetailcollision,#ee_sink_bathroom_simple
physicsasset,#hash_86427631a4138068
xmodeldetailcollision,#hash_86427631a4138068
physicsasset,#hash_fb416935ab061d5a
xmodeldetailcollision,#hash_fb416935ab061d5a
physicsasset,#ee_trash_dumpster_cap_full
xmodeldetailcollision,#ee_trash_dumpster_cap_full
physicsasset,#ee_trim_concrete_roof_128_s
xmodeldetailcollision,#ee_trim_concrete_roof_128_s
physicsasset,#ee_trim_concrete_roof_16_s
xmodeldetailcollision,#ee_trim_concrete_roof_16_s
physicsasset,#ee_trim_concrete_roof_256_s
xmodeldetailcollision,#ee_trim_concrete_roof_256_s
physicsasset,#ee_trim_concrete_roof_32_s
xmodeldetailcollision,#ee_trim_concrete_roof_32_s
physicsasset,#ee_trim_concrete_roof_64_s
xmodeldetailcollision,#ee_trim_concrete_roof_64_s
physicsasset,#ee_trim_concrete_roof_8_s
xmodeldetailcollision,#ee_trim_concrete_roof_8_s
physicsasset,#ee_trim_concrete_roof_corner_in_s
xmodeldetailcollision,#ee_trim_concrete_roof_corner_in_s
physicsasset,#ee_trim_concrete_roof_corner_out_s
xmodeldetailcollision,#ee_trim_concrete_roof_corner_out_s
physicsasset,#ee_trim_guiderail_2x6x128
xmodeldetailcollision,#ee_trim_guiderail_2x6x128
physicsasset,#ee_trim_guiderail_2x6x16
xmodeldetailcollision,#ee_trim_guiderail_2x6x16
physicsasset,#ee_trim_metal_corrugated_corner_40_01
xmodeldetailcollision,#ee_trim_metal_corrugated_corner_40_01_white
physicsasset,#ee_trim_metal_corrugated_corner_88_01
xmodeldetailcollision,#ee_trim_metal_corrugated_corner_88_01_white
physicsasset,#hash_a68e5bafd292f16f
xmodeldetailcollision,#hash_f22acc0194da0dcb
physicsasset,#ee_utility_pole_street_light_on_upres
xmodeldetailcollision,#hash_896988db20e3a1d1
physicsasset,#ee_wall_wooden_support_05
xmodeldetailcollision,#ee_wall_wooden_support_05
physicsasset,#ee_window_sill_small_02
xmodeldetailcollision,#ee_window_sill_small_02
physicsasset,#ee_wires_stpete_cables_b_256
xmodeldetailcollision,#ee_wires_stpete_cables_b_256
physicsasset,#hash_debe81b0acea6806
xmodeldetailcollision,#hash_debe81b0acea6806
physicsasset,#ee_wires_stpete_cables_b_curve_90
xmodeldetailcollision,#ee_wires_stpete_cables_b_curve_90
physicsasset,#electrical_box_door_rusty_wall
xmodeldetailcollision,#electrical_box_door_rusty_wall
physicsasset,#electrical_box_medium_02
xmodeldetailcollision,#electrical_box_medium_02
physicsasset,#electrical_box_multi_port_01
xmodeldetailcollision,#cp_electrical_box_multi_port_melee
physicsasset,#electrical_box_old_rusty
xmodeldetailcollision,#electrical_box_old_rusty
physicsasset,#electrical_box_rusted_01
xmodeldetailcollision,#electrical_box_rusted_01
physicsasset,#electrical_box_street_03
xmodeldetailcollision,#electrical_box_street_03
physicsasset,#electrical_conduit_1_body_bend_elbow
xmodeldetailcollision,#electrical_conduit_1_body_bend_elbow
physicsasset,#electrical_conduit_1_body_end
xmodeldetailcollision,#electrical_conduit_1_body_end
physicsasset,#electrical_conduit_1_body_joint_c
xmodeldetailcollision,#electrical_conduit_1_body_joint_c
physicsasset,#electrical_conduit_1_body_joint_lr
xmodeldetailcollision,#electrical_conduit_1_body_joint_lr
physicsasset,#electrical_conduit_1_body_joint_t
xmodeldetailcollision,#electrical_conduit_1_body_joint_t
physicsasset,#hash_cf1ecdcf67fdefac
xmodeldetailcollision,#hash_cf1ecdcf67fdefac
physicsasset,#electrical_conduit_1_elbow90_long
xmodeldetailcollision,#electrical_conduit_1_elbow90_long
physicsasset,#electrical_conduit_1_elbow90_short
xmodeldetailcollision,#electrical_conduit_1_elbow90_short
physicsasset,#electrical_conduit_1_straight_128
xmodeldetailcollision,#electrical_conduit_1_straight_128
physicsasset,#electrical_conduit_1_straight_16
xmodeldetailcollision,#electrical_conduit_1_straight_16
physicsasset,#electrical_conduit_1_straight_256
xmodeldetailcollision,#electrical_conduit_1_straight_256
physicsasset,#electrical_conduit_1_straight_32
xmodeldetailcollision,#electrical_conduit_1_straight_32
physicsasset,#electrical_conduit_1_straight_4
xmodeldetailcollision,#electrical_conduit_1_straight_4
physicsasset,#electrical_conduit_1_straight_64
xmodeldetailcollision,#electrical_conduit_1_straight_64
physicsasset,#electrical_conduit_1_straight_8
xmodeldetailcollision,#electrical_conduit_1_straight_8
physicsasset,#hash_9713aff2a1d6068c
xmodeldetailcollision,#hash_9713aff2a1d6068c
physicsasset,#hash_d76caa9ec14a7945
xmodeldetailcollision,#hash_d76caa9ec14a7945
physicsasset,#electrical_conduit_2_body_end
xmodeldetailcollision,#electrical_conduit_2_body_end
physicsasset,#electrical_conduit_2_body_joint_c
xmodeldetailcollision,#electrical_conduit_2_body_joint_c
physicsasset,#hash_f1bf2205288ab625
xmodeldetailcollision,#hash_f1bf2205288ab625
physicsasset,#electrical_conduit_2_brace_support
xmodeldetailcollision,#electrical_conduit_2_brace_support
physicsasset,#electrical_conduit_2_clamp_base_sml
xmodeldetailcollision,#electrical_conduit_2_clamp_base_sml
physicsasset,#electrical_conduit_2_coupling_ribbed
xmodeldetailcollision,#electrical_conduit_2_coupling_ribbed
physicsasset,#electrical_conduit_2_coupling_screw
xmodeldetailcollision,#electrical_conduit_2_coupling_screw
physicsasset,#electrical_conduit_2_elbow90_long
xmodeldetailcollision,#electrical_conduit_2_elbow90_long
physicsasset,#electrical_conduit_2_elbow90_short
xmodeldetailcollision,#electrical_conduit_2_elbow90_short
physicsasset,#electrical_conduit_2_straight_128
xmodeldetailcollision,#electrical_conduit_2_straight_128
physicsasset,#electrical_conduit_2_straight_16
xmodeldetailcollision,#electrical_conduit_2_straight_16
physicsasset,#electrical_conduit_2_straight_32
xmodeldetailcollision,#electrical_conduit_2_straight_32
physicsasset,#electrical_conduit_2_straight_64
xmodeldetailcollision,#electrical_conduit_2_straight_64
physicsasset,#electrical_conduit_2_straight_8
xmodeldetailcollision,#electrical_conduit_2_straight_8
physicsasset,#electrical_conduit_2_strap_med
xmodeldetailcollision,#electrical_conduit_2_strap_med
physicsasset,#hash_8e6f5221eee13bee
xmodeldetailcollision,#hash_8e6f5221eee13bee
physicsasset,#electrical_conduit_plastic_box_01
xmodeldetailcollision,#electrical_conduit_plastic_box_01
physicsasset,#electrical_conduit_plastic_box_02
xmodeldetailcollision,#electrical_conduit_plastic_box_02
physicsasset,#electrical_conduit_plastic_box_03
xmodeldetailcollision,#electrical_conduit_plastic_box_03
physicsasset,#electrical_conduit_set_electrical_box_01
xmodeldetailcollision,#electrical_conduit_set_electrical_box_01
physicsasset,#electrical_conduit_set_electrical_box_02
xmodeldetailcollision,#electrical_conduit_set_electrical_box_02
physicsasset,#electrical_conduit_set_electrical_box_03
xmodeldetailcollision,#electrical_conduit_set_electrical_box_03
physicsasset,#electrical_conduit_set_electrical_box_04
xmodeldetailcollision,#electrical_conduit_set_electrical_box_04
physicsasset,#electrical_conduit_set_electrical_box_05
xmodeldetailcollision,#electrical_conduit_set_electrical_box_05
physicsasset,#electrical_conduit_set_electrical_box_big
xmodeldetailcollision,#electrical_conduit_set_electrical_box_big
physicsasset,#electrical_conduit_set_electrical_box_medium
xmodeldetailcollision,#electrical_conduit_set_electrical_box_medium
physicsasset,#electrical_distribution_box_01
xmodeldetailcollision,#electrical_distribution_box_01_mp
physicsasset,#electrical_flat_conduit_kit_single_corner
xmodeldetailcollision,#electrical_flat_conduit_kit_single_corner
physicsasset,#electrical_flat_conduit_kit_single_inside_corner
xmodeldetailcollision,#electrical_flat_conduit_kit_single_inside_corner
physicsasset,#electrical_interior_outlet_01
xmodeldetailcollision,#electrical_interior_outlet_01
physicsasset,#electrical_light_switch_01
xmodeldetailcollision,#electrical_light_switch_01
physicsasset,#electrical_phone_jack_01
xmodeldetailcollision,#electrical_phone_jack_01
physicsasset,#electrical_street_box_01
xmodeldetailcollision,#electrical_street_box_01
physicsasset,#electrical_wires_jumbled_03_outercorner
xmodeldetailcollision,#electrical_wires_jumbled_03_outercorner_notape
physicsasset,#electrical_wires_jumbled_a_256
xmodeldetailcollision,#electrical_wires_jumbled_a_256
physicsasset,#electrical_wires_jumbled_a_32
xmodeldetailcollision,#electrical_wires_jumbled_a_32
physicsasset,#electrical_wires_jumbled_a_64
xmodeldetailcollision,#electrical_wires_jumbled_a_64
physicsasset,#electrical_wires_jumbled_a_96
xmodeldetailcollision,#electrical_wires_jumbled_a_96
physicsasset,#electrical_wires_jumbled_a_96_simple
xmodeldetailcollision,#electrical_wires_jumbled_a_96_simple
physicsasset,#electrical_wires_jumbled_b_128
xmodeldetailcollision,#electrical_wires_jumbled_b_128
physicsasset,#hash_fc3a619f7c6c52b6
xmodeldetailcollision,#hash_fc3a619f7c6c52b6
physicsasset,#hash_fc40ed9f7c71ac48
xmodeldetailcollision,#hash_fc40ed9f7c71ac48
physicsasset,#electrical_wires_jumbled_b_64
xmodeldetailcollision,#electrical_wires_jumbled_b_64
physicsasset,#hash_fc1ef19f7c54ccae
xmodeldetailcollision,#hash_fc1ef19f7c54ccae
physicsasset,#electronics_fire_alarm_bell_01_lod0
xmodeldetailcollision,#electronics_fire_alarm_bell_01_lod0
physicsasset,#electronics_fire_alarm_trigger_01_lod0
xmodeldetailcollision,#electronics_fire_alarm_trigger_01_lod0
physicsasset,#electronics_television_wall_mount_02
xmodeldetailcollision,#electronics_television_wall_mount_02
physicsasset,#equipment_ac_unit_01_cage_01
xmodeldetailcollision,#equipment_ac_unit_01_cage_01
physicsasset,#equipment_ac_unit_01_cage_02
xmodeldetailcollision,#equipment_ac_unit_01_cage_02
physicsasset,#equipment_ac_unit_wall_mount_01
xmodeldetailcollision,#equipment_ac_unit_wall_mount_01
physicsasset,#equipment_antenna_set_01_short
xmodeldetailcollision,#equipment_antenna_set_01_short
physicsasset,#equipment_box_fan
xmodeldetailcollision,#equipment_box_fan
physicsasset,#equipment_dome_surveillance_camera
xmodeldetailcollision,#equipment_dome_surveillance_camera
physicsasset,#equipment_pole_electrical_01_tall
xmodeldetailcollision,#equipment_pole_electrical_01_tall
physicsasset,#equipment_push_broom_01
xmodeldetailcollision,#equipment_push_broom_01
physicsasset,#equipment_roof_vent_medium
xmodeldetailcollision,#equipment_roof_vent_medium
physicsasset,#equipment_roofvent1
xmodeldetailcollision,#equipment_roofvent1
physicsasset,#equipment_satellite_dish_01_lrg
xmodeldetailcollision,#equipment_satellite_dish_01_lrg
physicsasset,#equipment_satellite_dish_01_sml
xmodeldetailcollision,#equipment_satellite_dish_01_sml
physicsasset,#equipment_security_camera_small_base_01
xmodeldetailcollision,#equipment_security_camera_small_base_01
physicsasset,#equipment_security_camera_small_head_01
xmodeldetailcollision,#equipment_security_camera_small_head_01
physicsasset,#equipment_stove_01
xmodeldetailcollision,#equipment_stove_01
physicsasset,#equipment_tv_01
xmodeldetailcollision,#equipment_tv_01
physicsasset,#equipment_water_heater_01
xmodeldetailcollision,#equipment_water_heater_01
physicsasset,#fabric_towel_folded_01
xmodeldetailcollision,#fabric_towel_folded_01_white
physicsasset,#fac_keyboard
xmodeldetailcollision,#fac_keyboard
physicsasset,#fac_metal_extinguisher_04_base
xmodeldetailcollision,#fac_metal_extinguisher_04_base
physicsasset,#fence_chainlink_metal_01_pole
xmodeldetailcollision,#fence_chainlink_metal_01_pole
physicsasset,#fence_chainlink_metal_gate_01_hinge_left
xmodeldetailcollision,#fence_chainlink_metal_gate_01_hinge_left
physicsasset,#fence_chainlink_mid_post
xmodeldetailcollision,#hash_fd59df09c2d24ef6
physicsasset,#hash_ea9153c9141d57f3
xmodeldetailcollision,#hash_910cd5ed066c22d1
physicsasset,#firniture_basic_couches_03
xmodeldetailcollision,#firniture_couch_rural_04
physicsasset,#foliage_pot_plant_decorative_01_lrg
xmodeldetailcollision,#foliage_pot_plant_decorative_01_lrg
physicsasset,#food_cans_bottles_and_jars_jar_03
xmodeldetailcollision,#food_cans_bottles_and_jars_jar_02
physicsasset,#food_trash_bag_paper_01
xmodeldetailcollision,#food_trash_bag_paper_01
physicsasset,#food_trash_bottle_water2_sixpack
xmodeldetailcollision,#food_trash_bottle_water2_sixpack
physicsasset,#food_trash_cup_soda_lrg_01a_stack
xmodeldetailcollision,#food_trash_cup_soda_lrg_01a_stack
physicsasset,#hash_a334683d0678f37d
xmodeldetailcollision,#hash_a334683d0678f37d
physicsasset,#hash_9866418655ced733
xmodeldetailcollision,#hash_9866418655ced733
physicsasset,#furniture_cafe_chair_01
xmodeldetailcollision,#hash_8be608b34234c3c4
xmodeldetailcollision,#furniture_cafe_chair_01
physicsasset,#furniture_cafe_table_02
xmodeldetailcollision,#furniture_cafe_table_02
physicsasset,#furniture_chair_wooden_01
xmodeldetailcollision,#furniture_chair_wooden_01
physicsasset,#furniture_couch_seat_01
xmodeldetailcollision,#furniture_couch_seat_01_pattern_02
physicsasset,#furniture_desk_office_vintage
xmodeldetailcollision,#furniture_desk_office_vintage
physicsasset,#furniture_fan
xmodeldetailcollision,#furniture_fan_on_neutral_wz
physicsasset,#furniture_fan_ceiling_cap_01
xmodeldetailcollision,#furniture_fan_ceiling_cap_01
physicsasset,#furniture_fan_destroyed_01
xmodeldetailcollision,#furniture_fan_destroyed_01
physicsasset,#furniture_futon_couch_mat_pilows_futon_01
xmodeldetailcollision,#hash_e43b88ad4b15f3d7
physicsasset,#furniture_futon_couch_mat_pilows_pilow_02
xmodeldetailcollision,#furniture_futon_couch_mat_pilows_pillow_02_pattern_02
physicsasset,#furniture_heating_stove_01_box_b
xmodeldetailcollision,#furniture_heating_stove_01_box_b
physicsasset,#furniture_kitchen_end_table_01
xmodeldetailcollision,#furniture_kitchen_end_table_01
physicsasset,#furniture_lab_cabinet_a_lower_01
xmodeldetailcollision,#furniture_lab_cabinet_a_lower_01
physicsasset,#furniture_mattresses_01_small
xmodeldetailcollision,#furniture_mattresses_01_small_dirt2_green
xmodeldetailcollision,#furniture_painting_frame_02_brown
xmodeldetailcollision,#furniture_painting_frame_02_brown_02
physicsasset,#furniture_painting_frame_03_brown
xmodeldetailcollision,#furniture_painting_frame_03_brown_03_ee
physicsasset,#furniture_painting_frame_03_brown_small_ee
xmodeldetailcollision,#furniture_painting_frame_03_brown_small_ee
physicsasset,#furniture_painting_frame_04_brown_large
xmodeldetailcollision,#furniture_painting_frame_04_brown_large
xmodeldetailcollision,#furniture_painting_frame_04_brown_large_02
physicsasset,#furniture_painting_frame_05_brown_large
xmodeldetailcollision,#furniture_painting_frame_05_brown_large
physicsasset,#furniture_plastic_chair_01
xmodeldetailcollision,#furniture_plastic_chair_01
physicsasset,#furniture_plastic_stool_white
xmodeldetailcollision,#furniture_plastic_stool_white
physicsasset,#furniture_queen_bed_02
xmodeldetailcollision,#furniture_queen_bed_02
physicsasset,#furniture_rug_01_flat_01
xmodeldetailcollision,#furniture_rug_01_flat_01
physicsasset,#furniture_rug_01_flat_02
xmodeldetailcollision,#furniture_rug_01_flat_02
physicsasset,#furniture_rug_01_flat_04
xmodeldetailcollision,#furniture_rug_01_flat_04
physicsasset,#furniture_shelf_wooden_worn
xmodeldetailcollision,#furniture_shelf_wooden_worn
physicsasset,#furniture_storage_bin_plastic_01
xmodeldetailcollision,#hash_d8d46dbb36bc9b74
physicsasset,#hash_8afdb34ff7e87339
xmodeldetailcollision,#hash_8afdb34ff7e87339
physicsasset,#furniture_table_folding_01_closed
xmodeldetailcollision,#furniture_table_folding_01_closed
physicsasset,#furniture_table_folding_01_open
xmodeldetailcollision,#furniture_table_folding_01_open
physicsasset,#furniture_table_wooden_small_02
xmodeldetailcollision,#furniture_table_wooden_small_02
physicsasset,#furniture_tiletop_cabinet_01
xmodeldetailcollision,#furniture_tiletop_cabinet_01
physicsasset,#hash_eb1dc4f805db8085
xmodeldetailcollision,#hash_eb1dc4f805db8085
physicsasset,#furniture_weapon_racks_01
xmodeldetailcollision,#furniture_weapon_racks_01
physicsasset,#furniture_wood_bookcase_large_01
xmodeldetailcollision,#furniture_wood_bookcase_large_old_01
physicsasset,#furniture_wood_dresser_02_drawer
xmodeldetailcollision,#furniture_wood_dresser_02_light_drawer
physicsasset,#furniture_wood_dresser_02_empty
xmodeldetailcollision,#furniture_wood_dresser_02_light_empty
xmodeldetailcollision,#furniture_wood_dresser_02_dark_full_set
physicsasset,#furniture_wood_rustic_chair_01
xmodeldetailcollision,#furniture_wood_rustic_chair_01
physicsasset,#furniture_wood_small_kitchen_table
xmodeldetailcollision,#furniture_wood_small_kitchen_table
physicsasset,#furniture_wood_table_square_small_01
xmodeldetailcollision,#furniture_wood_table_square_small_01
physicsasset,#glass_broken_frame_edge_01
xmodeldetailcollision,#glass_broken_frame_edge_01_falloff
physicsasset,#h1_cs_deck_accessories_chain_anchor_sml
xmodeldetailcollision,#h1_cs_deck_accessories_chain_anchor_sml_blue
physicsasset,#hardware_plywood_bare_01_24
xmodeldetailcollision,#hardware_plywood_bare_01_24
physicsasset,#hardware_plywood_osb_bare_01_24
xmodeldetailcollision,#hardware_plywood_osb_bare_01_24
physicsasset,#hardware_plywood_osb_bare_01_64
xmodeldetailcollision,#hardware_plywood_osb_bare_01_64
physicsasset,#hardware_plywood_painted_white_01
xmodeldetailcollision,#hardware_plywood_bare_01
physicsasset,#hardware_plywood_painted_white_01_48
xmodeldetailcollision,#hardware_plywood_painted_white_01_48
physicsasset,#industrial_conduit_metal_1_body
xmodeldetailcollision,#industrial_conduit_metal_1_body
physicsasset,#industrial_conduit_metal_1_body_joint_c
xmodeldetailcollision,#industrial_conduit_metal_1_body_joint_c_white
xmodeldetailcollision,#industrial_conduit_metal_1_body_joint_c
physicsasset,#industrial_conduit_metal_1_body_joint_lr
xmodeldetailcollision,#industrial_conduit_metal_1_body_joint_lr
physicsasset,#hash_ecc833514831076d
xmodeldetailcollision,#hash_ecc833514831076d
physicsasset,#industrial_conduit_metal_1_coupling_screw
xmodeldetailcollision,#industrial_conduit_metal_1_coupling_screw
physicsasset,#industrial_conduit_metal_1_elbow90_long
xmodeldetailcollision,#industrial_conduit_metal_1_elbow90_long
physicsasset,#industrial_conduit_metal_1_elbow90_short
xmodeldetailcollision,#industrial_conduit_metal_1_elbow90_short
physicsasset,#hash_82999e38db2cf305
xmodeldetailcollision,#hash_82999e38db2cf305
physicsasset,#industrial_conduit_metal_1_straight_16
xmodeldetailcollision,#industrial_conduit_metal_1_straight_16
physicsasset,#industrial_conduit_metal_1_straight_32
xmodeldetailcollision,#industrial_conduit_metal_1_straight_32
physicsasset,#industrial_conduit_metal_1_straight_4
xmodeldetailcollision,#industrial_conduit_metal_1_straight_4
physicsasset,#industrial_conduit_metal_1_straight_8
xmodeldetailcollision,#industrial_conduit_metal_1_straight_8
physicsasset,#industrial_conduit_metal_1_strap_lrg
xmodeldetailcollision,#industrial_conduit_metal_1_strap_lrg
physicsasset,#industrial_conduit_metal_1_strap_sml
xmodeldetailcollision,#industrial_conduit_metal_1_strap_sml
physicsasset,#jup_zm_aether_landing_pad_cluster_02
xmodeldetailcollision,#jup_zm_aether_landing_pad_cluster_02
physicsasset,#jup_zm_aether_landing_pad_cluster_03
xmodeldetailcollision,#jup_zm_aether_landing_pad_cluster_03
physicsasset,#jup_zm_aether_landing_pad_large_01
xmodeldetailcollision,#jup_zm_aether_landing_pad_large_01
physicsasset,#jup_zm_aether_landing_pad_large_02
xmodeldetailcollision,#jup_zm_aether_landing_pad_large_02
physicsasset,#jup_zm_aether_landing_pad_medium_02
xmodeldetailcollision,#jup_zm_aether_landing_pad_medium_02
physicsasset,#jup_zm_aether_landing_pad_small_02
xmodeldetailcollision,#jup_zm_aether_landing_pad_small_02
physicsasset,#hash_880da2d183edb030
xmodeldetailcollision,#hash_880da2d183edb030
physicsasset,#kitchen_01_teapot_01
xmodeldetailcollision,#kitchen_01_teapot_01
physicsasset,#kitchen_knife_set_01
xmodeldetailcollision,#kitchen_knife_set_01
physicsasset,#kitchen_metal_sink_01
xmodeldetailcollision,#kitchen_metal_sink_01
physicsasset,#hash_82aa49dae5491b91
xmodeldetailcollision,#hash_82aa49dae5491b91
physicsasset,#lag_portable_radio
xmodeldetailcollision,#lag_portable_radio
physicsasset,#light_ceiling_bulb_02
xmodeldetailcollision,#hash_b432f614e8e0a9d3
physicsasset,#light_exterior_wall_cafe_light_fixtures
xmodeldetailcollision,#light_exterior_wall_cafe_light_fixtures_on_warm_wz
physicsasset,#light_fixtures_exterior_01_modern_dual
xmodeldetailcollision,#light_fixtures_exterior_01_modern
physicsasset,#hash_f7bc3deed40b0cd9
physicsasset,#hash_b3e362422b503352
xmodeldetailcollision,#hash_8f463fc73e971dc8
xmodeldetailcollision,#hash_a4c72b204dac6afa
physicsasset,#lighting_commercial_fixture_02_off
xmodeldetailcollision,#lighting_commercial_fixture_02_on_neutral_wz
xmodeldetailcollision,#hash_ecea6c0a8be0e8ca
physicsasset,#lighting_fixtures_security_lamp_holder_01
xmodeldetailcollision,#lighting_fixtures_security_lamp_holder_01
physicsasset,#lighting_interior_fluorescent_wall_light_01_long
xmodeldetailcollision,#hash_fffb240887171205
physicsasset,#lm_appliance_store_freezer_cabinet_01
xmodeldetailcollision,#appliance_store_freezer_cabinet_01
physicsasset,#lm_appliance_store_freezer_shelve_01
xmodeldetailcollision,#appliance_store_freezer_shelve_01
physicsasset,#lm_barrier_plastic_red_01
xmodeldetailcollision,#lm_barrier_plastic_red_01
physicsasset,#lm_don_bldg_com_tower_01_parapet_32
xmodeldetailcollision,#lm_don_bldg_com_tower_01_parapet_32
physicsasset,#lm_don_bldg_com_tower_01_parapet_64
xmodeldetailcollision,#lm_don_bldg_com_tower_01_parapet_64
physicsasset,#lm_don_bldg_com_tower_01_parapet_corner_out
xmodeldetailcollision,#lm_don_bldg_com_tower_01_parapet_corner_out
physicsasset,#lm_door_frame_tvstation
xmodeldetailcollision,#lm_door_frame_tvstation
physicsasset,#lm_door_glass_metal_frame_window_120_r
xmodeldetailcollision,#lm_door_glass_metal_frame_window_120_r
physicsasset,#lm_door_glass_metal_frame_window_128_72
xmodeldetailcollision,#lm_door_glass_metal_frame_window_128_72
physicsasset,#lm_door_glass_metal_frame_window_48
xmodeldetailcollision,#lm_door_glass_metal_frame_window_48
physicsasset,#lm_fence_street_metal_128
xmodeldetailcollision,#lm_fence_street_metal_128
physicsasset,#hash_f6e7c816968778ce
xmodeldetailcollision,#hash_f6e7c816968778ce
physicsasset,#hash_c675951fbefe7086
xmodeldetailcollision,#hash_c675951fbefe7086
physicsasset,#lm_machinery_hvac_roof_b_01
xmodeldetailcollision,#lm_machinery_hvac_roof_b_01
physicsasset,#lm_shop_rack_01_58
xmodeldetailcollision,#lm_shop_rack_01_58
physicsasset,#lm_shop_shelves_01_128
xmodeldetailcollision,#lm_shop_shelves_01_128
physicsasset,#hash_b32960321f4a708e
xmodeldetailcollision,#hash_b32960321f4a708e
physicsasset,#lm_shop_shelves_02_64
xmodeldetailcollision,#lm_shop_shelves_02_64
physicsasset,#lm_shop_shelves_02_64_plate
xmodeldetailcollision,#lm_shop_shelves_02_64_plate
physicsasset,#lm_stairs_interior_concrete_01b_1
xmodeldetailcollision,#lm_stairs_interior_concrete_01b_1
physicsasset,#lm_stairs_interior_concrete_01b_8
xmodeldetailcollision,#lm_stairs_interior_concrete_01b_8
physicsasset,#lm_storage_shelf_beam_vertical_corner
xmodeldetailcollision,#storage_shelf_beam_vertical_corner
physicsasset,#lm_storage_shelf_beam_vertical_middle
xmodeldetailcollision,#storage_shelf_beam_vertical_middle
physicsasset,#lm_storage_shelf_corner_bumper
xmodeldetailcollision,#lm_storage_shelf_corner_bumper
physicsasset,#lm_street_concrete_sidewalk_16x16_01_tall
xmodeldetailcollision,#lm_street_concrete_sidewalk_16x16_01_tall
physicsasset,#lm_street_concrete_sidewalk_32x16_01
xmodeldetailcollision,#lm_street_concrete_sidewalk_32x16_01
physicsasset,#lm_structural_railing_int_corner_02_left_a
xmodeldetailcollision,#lm_structural_railing_int_corner_02_left_a
physicsasset,#lm_structural_railing_int_corner_03_right_short_a
xmodeldetailcollision,#lm_structural_railing_int_corner_03_right_short_a
physicsasset,#lm_structural_railing_int_end_01_a
xmodeldetailcollision,#lm_structural_railing_int_end_01_a
physicsasset,#lm_structural_railing_int_steps_06_a
xmodeldetailcollision,#lm_structural_railing_int_steps_06_a
physicsasset,#hash_bcdf2a7025a985d8
xmodeldetailcollision,#hash_bcdf2a7025a985d8
physicsasset,#lm_structural_railing_int_straight_16_a
xmodeldetailcollision,#lm_structural_railing_int_straight_16_a
physicsasset,#lm_structural_railing_int_straight_96_a
xmodeldetailcollision,#lm_structural_railing_int_straight_96_a
physicsasset,#lm_structural_railing_int_transition_01_a
xmodeldetailcollision,#lm_structural_railing_int_transition_01_a
physicsasset,#lm_structural_window_frame_only_res_02_b
xmodeldetailcollision,#lm_structural_window_frame_only_res_02_b
physicsasset,#lm_structural_window_frame_res_01_b
xmodeldetailcollision,#lm_structural_window_frame_res_01_b
physicsasset,#lm_structural_window_frame_res_02_b
xmodeldetailcollision,#lm_structural_window_frame_res_02_b
physicsasset,#lm_structural_window_frame_res_02_nobarnoglass
xmodeldetailcollision,#lm_structural_window_frame_res_02_nobarnoglass
physicsasset,#lm_structural_window_frame_res_03_a
xmodeldetailcollision,#hash_b1408d79b39dd554
xmodeldetailcollision,#lm_wall_corner_128_out
xmodeldetailcollision,#lm_wall_corner_64_in
xmodeldetailcollision,#lm_wall_corner_128_in
xmodeldetailcollision,#hash_aa9b4ef6f001cb93
xmodeldetailcollision,#lm_wall_corner_16_out
xmodeldetailcollision,#lm_wall_corner_32_in
xmodeldetailcollision,#lm_wall_corner_96_in
xmodeldetailcollision,#lm_wall_corner_64_out
xmodeldetailcollision,#lm_wall_corner_32_out
physicsasset,#hash_afd39911f2faf9ff
xmodeldetailcollision,#hash_afd39911f2faf9ff
xmodeldetailcollision,#london_coffee_machine_cup
physicsasset,#london_computer_monitor
xmodeldetailcollision,#london_computer_monitor
physicsasset,#hash_db32225122046ce2
xmodeldetailcollision,#hash_db32225122046ce2
physicsasset,#hash_b897930b1f33cfdb
xmodeldetailcollision,#hash_b897930b1f33cfdb
physicsasset,#me_appliance_vending_machine_snack_a
xmodeldetailcollision,#me_appliance_vending_machine_snack_a
physicsasset,#hash_cf08a517bb7834ff
xmodeldetailcollision,#hash_b3c10d2578f752c9
physicsasset,#me_awning_wood_short_01
xmodeldetailcollision,#me_awning_wood_short_01
physicsasset,#me_balcony_destructible_01_pillar
xmodeldetailcollision,#me_balcony_destructible_01_pillar
physicsasset,#me_communication_cctv_mic_01
xmodeldetailcollision,#me_communication_cctv_mic_01
physicsasset,#me_construction_plank_bridge_a_08
xmodeldetailcollision,#me_construction_plank_bridge_a_08
physicsasset,#me_construction_plank_bridge_a_17
xmodeldetailcollision,#me_construction_plank_bridge_a_17_simple
physicsasset,#me_construction_staircase_01_1
xmodeldetailcollision,#me_construction_staircase_01_1
physicsasset,#me_construction_staircase_01_8
xmodeldetailcollision,#me_construction_staircase_01_8
physicsasset,#me_curb_stone_01_paint
xmodeldetailcollision,#me_curb_stone_01_paint
physicsasset,#hash_d91ee2d7aa62228c
xmodeldetailcollision,#hash_d91ee2d7aa62228c
physicsasset,#me_curb_trash_01
xmodeldetailcollision,#me_curb_trash_01
physicsasset,#me_curb_trash_02
xmodeldetailcollision,#me_curb_trash_02
physicsasset,#me_debris_rubble_pile_01
xmodeldetailcollision,#me_debris_rubble_pile_01
physicsasset,#me_debris_rubble_pile_05
xmodeldetailcollision,#me_debris_rubble_pile_05
physicsasset,#me_debris_rubble_pile_07
xmodeldetailcollision,#me_debris_rubble_pile_07
physicsasset,#hash_ad18caed7c3dfff8
xmodeldetailcollision,#hash_ad18caed7c3dfff8
physicsasset,#hash_d880e7005a401286
xmodeldetailcollision,#hash_d880e7005a401286
physicsasset,#me_electrical_box_small_01
xmodeldetailcollision,#me_electrical_box_small_01
physicsasset,#me_electrical_box_street_01
xmodeldetailcollision,#me_electrical_box_street_01
physicsasset,#me_fabric_highway_rooftop_tarp_02
xmodeldetailcollision,#hash_cf9dd2f538b35eb2
physicsasset,#me_furniture_fancy_table_low_02
xmodeldetailcollision,#me_furniture_fancy_table_low_02
physicsasset,#me_furniture_fancy_table_sm_01
xmodeldetailcollision,#me_furniture_fancy_table_sm_01
physicsasset,#me_garbage_cardboard_flat_01
xmodeldetailcollision,#container_cardboard_chinese_01
physicsasset,#me_hand_pallet_jack_01
xmodeldetailcollision,#me_hand_pallet_jack_01
physicsasset,#me_kitchen_cabinet_door_left_01
xmodeldetailcollision,#me_kitchen_cabinet_door_left_01
physicsasset,#me_kitchen_cabinet_door_right_01
xmodeldetailcollision,#me_kitchen_cabinet_door_right_01
xmodeldetailcollision,#me_kitchen_cabinet_long_01
physicsasset,#me_kitchen_cabinet_short_01
xmodeldetailcollision,#me_kitchen_cabinet_short_01
physicsasset,#me_kitchen_cabinet_short_cloth_b
xmodeldetailcollision,#me_kitchen_cabinet_short_cloth_b
physicsasset,#me_light_ceiling_fluorescent_tube_bulb_small
xmodeldetailcollision,#me_light_ceiling_fluorescent_tube_bulb_small_off_wz
xmodeldetailcollision,#me_light_ceiling_fluorescent_tube_small_cage_off_wz
physicsasset,#me_litter_pile_01
xmodeldetailcollision,#me_litter_pile_01
physicsasset,#me_litter_pile_03
xmodeldetailcollision,#me_litter_pile_03
physicsasset,#me_litter_pile_large_01
xmodeldetailcollision,#me_litter_pile_large_02
physicsasset,#hash_e48c2f61ffb4a485
xmodeldetailcollision,#hash_e48c2f61ffb4a485
physicsasset,#hash_e48c2c61ffb49f6c
xmodeldetailcollision,#hash_e48c2c61ffb49f6c
xmodeldetailcollision,#hash_fe5a09e370b1f966
xmodeldetailcollision,#me_marketplace_wall_corner_rough_01d
physicsasset,#hash_e6365c4f173f41fd
xmodeldetailcollision,#hash_e6365c4f173f41fd
physicsasset,#hash_8faf22192d49fbda
xmodeldetailcollision,#hash_8faf22192d49fbda
physicsasset,#me_plaster_barrier_fence_wall_ornate_cap_128
xmodeldetailcollision,#me_plaster_barrier_fence_wall_ornate_cap_128
physicsasset,#hash_8fb287192d4cdd50
xmodeldetailcollision,#hash_8fb287192d4cdd50
physicsasset,#me_plaster_barrier_fence_wall_ornate_cap_64
xmodeldetailcollision,#me_plaster_barrier_fence_wall_ornate_cap_64
physicsasset,#me_refrigerated_merchandiser_door_01
xmodeldetailcollision,#me_refrigerated_merchandiser_door_01
physicsasset,#hash_e2bed42069467a30
xmodeldetailcollision,#hash_96d443dd7996aa30
physicsasset,#me_rock_cliff_01
xmodeldetailcollision,#me_rock_cliff_01
physicsasset,#me_rock_cliff_01_curve_a
xmodeldetailcollision,#me_rock_cliff_01_curve_a
physicsasset,#me_rock_cluster_round_large_01
xmodeldetailcollision,#me_rock_cluster_round_large_01
physicsasset,#me_rock_cluster_round_large_02
xmodeldetailcollision,#me_rock_cluster_round_large_02
physicsasset,#hash_e49a7e982055e1b2
xmodeldetailcollision,#hash_e49a7e982055e1b2
physicsasset,#hash_a9778d17176d4eaa
xmodeldetailcollision,#hash_a9778d17176d4eaa
physicsasset,#hash_a9778c17176d4cf7
xmodeldetailcollision,#hash_a9778c17176d4cf7
physicsasset,#hash_a9778b17176d4b44
xmodeldetailcollision,#hash_90e32bfab5a773e3
physicsasset,#me_rock_large_01
xmodeldetailcollision,#me_rock_large_01
physicsasset,#me_rock_medium_a_01
xmodeldetailcollision,#me_rock_medium_a_01
physicsasset,#hash_abaf50bb9dff09e5
xmodeldetailcollision,#hash_b9efb5cd785d3065
physicsasset,#hash_cfd428508d5d4061
xmodeldetailcollision,#hash_cfd428508d5d4061
physicsasset,#hash_cbe2a830c66f1eea
xmodeldetailcollision,#hash_cbe2a830c66f1eea
physicsasset,#me_rollup_metal_door_01_open
xmodeldetailcollision,#me_rollup_metal_door_01_open
physicsasset,#me_sign_hospital_stairs
xmodeldetailcollision,#me_sign_hospital_stairs
physicsasset,#hash_979567d53da07bb1
xmodeldetailcollision,#hash_979567d53da07bb1
physicsasset,#me_sign_office_cctv_01
xmodeldetailcollision,#me_sign_office_cctv_01
physicsasset,#me_sign_office_donutenter_01
xmodeldetailcollision,#me_sign_office_donutenter_01
physicsasset,#me_sign_office_employeeonly_01
xmodeldetailcollision,#me_sign_office_employeeonly_01
physicsasset,#me_sign_office_nocig_01
physicsasset,#me_sign_office_stair_01
xmodeldetailcollision,#me_sign_office_stair_01
physicsasset,#me_sign_office_stair_02
xmodeldetailcollision,#me_sign_office_stair_02
physicsasset,#me_sign_office_wf_calendar1
xmodeldetailcollision,#me_sign_office_wf_calendar4
physicsasset,#me_sign_office_wf_calendar2
physicsasset,#me_sign_office_wf_restroom1
physicsasset,#me_sign_street_damaged_set_poster_board_01
xmodeldetailcollision,#me_sign_street_damaged_set_poster_board_01
physicsasset,#me_snack_package_chips_large_bag_02
xmodeldetailcollision,#me_snack_package_chips_large_bag_02
physicsasset,#me_window_frame_wood_single_01_white
xmodeldetailcollision,#me_window_frame_wood_single_01_white_opaque
physicsasset,#me_window_frame_wood_single_01_white_small_01
xmodeldetailcollision,#hash_8deef24d08a8deca
physicsasset,#hash_8515a4af1f9ac81c
xmodeldetailcollision,#hash_8515a4af1f9ac81c
physicsasset,#medical_bottle_06
xmodeldetailcollision,#medical_bottle_06
physicsasset,#medical_clipboard_wall_a
xmodeldetailcollision,#medical_clipboard_wall_a
physicsasset,#metal_chain_01_draped_02
xmodeldetailcollision,#metal_chain_01_draped_02
physicsasset,#misc_keyboard_black_01
xmodeldetailcollision,#misc_keyboard_black_01
physicsasset,#misc_wall_mounted_loudspeaker_01
xmodeldetailcollision,#misc_wall_mounted_loudspeaker_01
physicsasset,#hash_9e18c97c08ca5767
xmodeldetailcollision,#hash_9e18c97c08ca5767
physicsasset,#mx_sign_commercial_common_fire_extinguisher_03
xmodeldetailcollision,#mx_sign_commercial_common_fire_extinguisher_03
physicsasset,#p7_box_cardboard_a_closed
xmodeldetailcollision,#p7_box_cardboard_a_closed
physicsasset,#hash_ea84cf25fd2cdba3
xmodeldetailcollision,#hash_ea84cf25fd2cdba3
physicsasset,#p7_box_cardboard_b_closed
xmodeldetailcollision,#p7_box_cardboard_b_closed
physicsasset,#p7_box_cardboard_c_closed
xmodeldetailcollision,#p7_box_cardboard_c_closed
physicsasset,#p7_box_cardboard_c_open01_static
xmodeldetailcollision,#p7_box_cardboard_c_open01
physicsasset,#p7_box_cardboard_d_closed
xmodeldetailcollision,#p7_box_cardboard_d_closed_c3s4
physicsasset,#p7_debris_wood_plank_old_64
xmodeldetailcollision,#p7_debris_wood_plank_old_64_splintered
physicsasset,#p7_picture_frame_large
xmodeldetailcollision,#p7_picture_frame_large_01
physicsasset,#hash_aae375d089bf405c
xmodeldetailcollision,#hash_aae375d089bf405c
physicsasset,#pillar_concrete_01_16x128
xmodeldetailcollision,#pillar_concrete_01_16x128
physicsasset,#pipe_corridor_single_elbow_01
xmodeldetailcollision,#pipe_corridor_single_elbow_01
physicsasset,#pipe_metal_painted_bend_90_sml_thin
xmodeldetailcollision,#pipe_metal_painted_bend_90_sml_thin
xmodeldetailcollision,#pipe_metal_painted_bend_90_sml_thin_gray
xmodeldetailcollision,#pipe_metal_painted_joint_3way
physicsasset,#pipe_metal_painted_joint_3way_thin
xmodeldetailcollision,#pipe_metal_painted_joint_3way_thin
physicsasset,#pipe_metal_painted_sprinkler
xmodeldetailcollision,#pipe_metal_painted_sprinkler
physicsasset,#pipe_metal_painted_straight_128_thin
xmodeldetailcollision,#hash_b85ddbf017f80159
physicsasset,#pipe_metal_painted_straight_16
xmodeldetailcollision,#pipe_metal_painted_straight_16
physicsasset,#pipe_metal_painted_straight_16_thin
xmodeldetailcollision,#hash_bf8261003a63ce13
physicsasset,#pipe_metal_painted_straight_32_thin
xmodeldetailcollision,#pipe_metal_painted_straight_32_thin_gray
physicsasset,#pipe_metal_painted_straight_64
xmodeldetailcollision,#pipe_metal_painted_straight_64
physicsasset,#pipe_metal_painted_straight_64_thin
xmodeldetailcollision,#hash_a8578cfa36f3b02a
physicsasset,#pipe_metal_painted_valve_large
xmodeldetailcollision,#pipe_metal_painted_valve_large
physicsasset,#pipes_metal02
xmodeldetailcollision,#pipes_metal02
physicsasset,#railing_ornate_metal_128
xmodeldetailcollision,#hash_866654ad6a49a985
physicsasset,#residential_exterior_vent_16x32
xmodeldetailcollision,#residential_exterior_vent_16x32_painted_white
physicsasset,#rock_cliff_scotland_02
xmodeldetailcollision,#rock_cliff_scotland_02_sand
physicsasset,#hash_b5030a58e0a99419
xmodeldetailcollision,#hash_91f079ee929c8c24
physicsasset,#hash_b5030b58e0a995cc
xmodeldetailcollision,#hash_dc09a465d899db97
physicsasset,#rock_cliff_scotland_04_closed
xmodeldetailcollision,#hash_f4fe1d46e3b4aba4
physicsasset,#hash_f49a6199a298f4da
xmodeldetailcollision,#hash_cd4528670ef732e5
physicsasset,#hash_aaf7118dfb73ebcc
xmodeldetailcollision,#hash_8925e01124e3255b
physicsasset,#hash_bfb07851dc6466d0
xmodeldetailcollision,#hash_bfb07851dc6466d0
physicsasset,#hash_935ff7c64fec0d1a
xmodeldetailcollision,#hash_935ff7c64fec0d1a
physicsasset,#sandbag_wall_pieces_arrey_mp_long_01
xmodeldetailcollision,#sandbag_wall_pieces_arrey_mp_long_01
physicsasset,#sandbag_wall_pieces_arrey_mp_short_01
xmodeldetailcollision,#sandbag_wall_pieces_arrey_mp_short_01
physicsasset,#sandbag_wall_pieces_endcap_mp_01
xmodeldetailcollision,#sandbag_wall_pieces_endcap_mp_01
physicsasset,#sandbag_wall_pieces_endcap_mp_02
xmodeldetailcollision,#sandbag_wall_pieces_endcap_mp_02
physicsasset,#school_locker_door_01
xmodeldetailcollision,#school_locker_door_01
physicsasset,#school_locker_open_01
xmodeldetailcollision,#school_locker_open_01
physicsasset,#security_camera_small_white_01
xmodeldetailcollision,#security_camera_small_white_01
physicsasset,#security_monitor_01
xmodeldetailcollision,#security_monitor_01
physicsasset,#sign_billboard_free_standing_01
xmodeldetailcollision,#sign_billboard_free_standing_01
physicsasset,#sign_billboard_light
xmodeldetailcollision,#sign_billboard_light
physicsasset,#sign_billboard_rooftop_small_02
xmodeldetailcollision,#sign_billboard_rooftop_small_02
physicsasset,#sign_billboard_rooftop_small_06
xmodeldetailcollision,#sign_billboard_rooftop_small_06
physicsasset,#sign_commercial_mexico_no_smoking_03
xmodeldetailcollision,#sign_commercial_mexico_no_smoking_03
physicsasset,#sign_emergency_exit_light_01
xmodeldetailcollision,#hash_87e974c13c3c6042
physicsasset,#hash_cb4e1ee90b2bc5f6
xmodeldetailcollision,#hash_cb4e1ee90b2bc5f6
physicsasset,#hash_860e0c6fe51d1886
xmodeldetailcollision,#hash_860e0c6fe51d1886
physicsasset,#hash_8d03e3ddf9495585
xmodeldetailcollision,#hash_8d03e3ddf9495585
physicsasset,#hash_fd34e19cd1aecee8
xmodeldetailcollision,#hash_fd34e19cd1aecee8
physicsasset,#stairs_industrial_staircase_1
xmodeldetailcollision,#stairs_industrial_staircase_1
physicsasset,#stairs_industrial_staircase_4
xmodeldetailcollision,#stairs_industrial_staircase_4
physicsasset,#stairs_industrial_staircase_bottom
xmodeldetailcollision,#stairs_industrial_staircase_bottom
physicsasset,#stairs_industrial_staircase_top
xmodeldetailcollision,#stairs_industrial_staircase_top
physicsasset,#storage_metal_shelf_office
xmodeldetailcollision,#storage_metal_shelf_office
physicsasset,#storage_metal_shelf_office_large
xmodeldetailcollision,#storage_metal_shelf_office_large
physicsasset,#storage_wrapped_boxes_01
xmodeldetailcollision,#storage_wrapped_boxes_01
physicsasset,#hash_f4c34739c618ef6d
xmodeldetailcollision,#hash_f4c34739c618ef6d
physicsasset,#hash_f4c34039c618e388
xmodeldetailcollision,#hash_f4c34039c618e388
physicsasset,#street_dumpster_01_yellow
xmodeldetailcollision,#street_dumpster_01_green
xmodeldetailcollision,#street_dumpster_01_blue
physicsasset,#street_road_bump_01
xmodeldetailcollision,#street_road_bump_01
physicsasset,#structural_bracket_iron_rusted_32_l_01
xmodeldetailcollision,#structural_bracket_iron_rusted_32_l_01
physicsasset,#structural_bracket_iron_rusted_32_thin_01
xmodeldetailcollision,#structural_bracket_iron_rusted_32_thin_01
physicsasset,#tool_heavy_duty_jack_01
xmodeldetailcollision,#tool_heavy_duty_jack_01
physicsasset,#tool_shop_broom
xmodeldetailcollision,#tool_shop_broom
physicsasset,#tower_01_parapet_16x128
xmodeldetailcollision,#tower_01_parapet_16x128
physicsasset,#hash_b1911493f40f23b0
xmodeldetailcollision,#hash_b1911493f40f23b0
physicsasset,#hash_993ea56d2f7341bd
xmodeldetailcollision,#hash_993ea56d2f7341bd
physicsasset,#hash_9c2170a11e65444a
xmodeldetailcollision,#hash_9c2170a11e65444a
physicsasset,#hash_d790f2c40eb59e4e
xmodeldetailcollision,#hash_d790f2c40eb59e4e
physicsasset,#trash_clothes_pile_01
xmodeldetailcollision,#trash_clothes_pile_01
physicsasset,#trash_plastic_bags
xmodeldetailcollision,#trash_plastic_bags_torn_white
xmodeldetailcollision,#trash_plastic_bags_blue
physicsasset,#trash_rubbish_debris_01
xmodeldetailcollision,#trash_rubbish_debris_01
physicsasset,#trash_rubbish_debris_02
xmodeldetailcollision,#trash_rubbish_debris_02
physicsasset,#hash_c775a07e78bcd89b
xmodeldetailcollision,#hash_c775a07e78bcd89b
physicsasset,#trim_metal_top_white_08_small
xmodeldetailcollision,#trim_metal_top_beige_08_small
physicsasset,#trim_metal_top_white_16_small
xmodeldetailcollision,#trim_metal_top_beige_16_small
physicsasset,#trim_metal_top_white_64_small
xmodeldetailcollision,#trim_metal_top_beige_64_small
physicsasset,#trim_metal_top_white_corner_small
xmodeldetailcollision,#trim_metal_top_beige_corner_small
physicsasset,#uk_ac_unit_old_01
xmodeldetailcollision,#ac_unit_large
physicsasset,#uk_appliance_washing_machine_01
xmodeldetailcollision,#uk_appliance_washing_machine_01
physicsasset,#uk_automotive_tire_rack_hanging
xmodeldetailcollision,#uk_automotive_tire_rack_hanging
physicsasset,#uk_barrier_yellow_post_01
xmodeldetailcollision,#uk_barrier_yellow_post_01
physicsasset,#uk_bottle_oil_small_01
xmodeldetailcollision,#uk_bottle_oil_small_01
physicsasset,#uk_brick_wall_pillar_cap_03
xmodeldetailcollision,#uk_brick_wall_pillar_cap_03
physicsasset,#hash_d856facc590461c0
xmodeldetailcollision,#hash_d856facc590461c0
physicsasset,#uk_brick_wall_top_trim_01_160
xmodeldetailcollision,#uk_brick_wall_top_trim_01_160
xmodeldetailcollision,#uk_brick_wall_top_trim_01_16
xmodeldetailcollision,#uk_brick_wall_top_trim_01_64
physicsasset,#uk_brick_wall_trim_01_32_endcap
xmodeldetailcollision,#uk_brick_wall_trim_01_32_endcap
physicsasset,#uk_brick_wall_trim_01_8_endcap
xmodeldetailcollision,#uk_brick_wall_trim_01_8_endcap
physicsasset,#uk_brick_wall_trim_01_corner_l
xmodeldetailcollision,#uk_brick_wall_trim_01_corner_l
physicsasset,#uk_building_exterior_concrete_stairs_100_48
xmodeldetailcollision,#uk_building_exterior_concrete_stairs_100_48
physicsasset,#uk_building_exterior_concrete_stairs_8_left_01
xmodeldetailcollision,#uk_building_exterior_concrete_stairs_8_left_01
physicsasset,#uk_building_exterior_concrete_stairs_worn_02
xmodeldetailcollision,#uk_building_exterior_concrete_stairs_worn_02
physicsasset,#uk_chair_folding_01_open
xmodeldetailcollision,#chair_folding
physicsasset,#uk_cinder_block_corner_01_8x128_w
xmodeldetailcollision,#uk_cinder_block_corner_01_8x128_beige
physicsasset,#hash_9ee0ea95cb2f4ca7
xmodeldetailcollision,#hash_9ee0ea95cb2f4ca7
physicsasset,#uk_corkboard_garage_48x36_01
xmodeldetailcollision,#uk_corkboard_garage_48x36_01
physicsasset,#uk_corkboard_garage_48x36_01_old
xmodeldetailcollision,#uk_corkboard_garage_48x36_01_old
physicsasset,#uk_corkboard_garage_96x48_01
xmodeldetailcollision,#uk_corkboard_garage_96x48_01
physicsasset,#uk_corkboard_garage_96x48_01_old
xmodeldetailcollision,#uk_corkboard_garage_96x48_01_old
xmodeldetailcollision,#uk_decor_fast_food_table_wood_01
physicsasset,#uk_decor_window_curtain_01_tied_l
xmodeldetailcollision,#uk_decor_window_curtain_01_tied_l
physicsasset,#uk_decor_window_curtain_01_tied_r
xmodeldetailcollision,#uk_decor_window_curtain_01_tied_r
physicsasset,#uk_decor_window_curtain_rod_01
xmodeldetailcollision,#uk_decor_window_curtain_rod_01
physicsasset,#uk_electrical_box_medium_01_no_door
xmodeldetailcollision,#uk_electrical_box_medium_01_no_door
physicsasset,#uk_fabric_kiosk_tarp_straight_80_01
xmodeldetailcollision,#uk_fabric_kiosk_tarp_straight_80_01
xmodeldetailcollision,#uk_file_cabinet_garage_small_rig_01
xmodeldetailcollision,#uk_file_cabinet_garage_big_01
physicsasset,#uk_fire_extinguisher_small_01
xmodeldetailcollision,#uk_fire_extinguisher_small_01
physicsasset,#uk_furniture_couch_leather_dmg
xmodeldetailcollision,#uk_furniture_couch_leather_dmg
physicsasset,#hash_bf99e4a452ee7488
xmodeldetailcollision,#uk_furniture_wood_standing_coat_rack_01_gray
physicsasset,#uk_garage_workbench_02
xmodeldetailcollision,#uk_garage_workbench_02
xmodeldetailcollision,#uk_house_baseboard_01_old_128
xmodeldetailcollision,#uk_house_baseboard_01_4
physicsasset,#uk_house_baseboard_stairs_endcap_bottom_01
xmodeldetailcollision,#uk_house_baseboard_stairs_endcap_bottom_01_brown
physicsasset,#uk_house_baseboard_stairs_endcap_top_01
xmodeldetailcollision,#uk_house_baseboard_stairs_endcap_top_01_brown
xmodeldetailcollision,#uk_house_chair_rail_01_old_4_corner_out
physicsasset,#uk_house_gutter_128_01
xmodeldetailcollision,#uk_house_gutter_128_01
physicsasset,#uk_house_gutter_64_01
xmodeldetailcollision,#uk_house_gutter_64_01
physicsasset,#uk_house_gutter_corner_01
xmodeldetailcollision,#uk_house_gutter_corner_01
physicsasset,#uk_house_gutter_end_cap_01
xmodeldetailcollision,#uk_house_gutter_end_cap_01
physicsasset,#uk_house_gutter_head_cap_01
xmodeldetailcollision,#uk_house_gutter_head_cap_01_tin
physicsasset,#uk_house_gutter_pipe_128_01
xmodeldetailcollision,#uk_house_gutter_pipe_128_01
physicsasset,#uk_house_gutter_pipe_24_01
xmodeldetailcollision,#uk_house_gutter_pipe_24_01_tin
physicsasset,#uk_house_gutter_pipe_32_01
xmodeldetailcollision,#uk_house_gutter_pipe_32_01
physicsasset,#uk_house_gutter_pipe_32_end_01
xmodeldetailcollision,#uk_house_gutter_pipe_32_end_01
xmodeldetailcollision,#uk_house_gutter_pipe_64_01
physicsasset,#uk_house_gutter_pipe_bracket_01
xmodeldetailcollision,#uk_house_gutter_pipe_bracket_01
physicsasset,#uk_house_gutter_pipe_bracket_02
xmodeldetailcollision,#uk_house_gutter_pipe_bracket_02
physicsasset,#uk_house_gutter_pipe_elbow_section_01
xmodeldetailcollision,#uk_house_gutter_pipe_elbow_section_01
physicsasset,#uk_house_gutter_pipe_elbow_section_02
xmodeldetailcollision,#uk_house_gutter_pipe_elbow_section_02
physicsasset,#uk_house_gutter_pipe_elbow_section_03
xmodeldetailcollision,#uk_house_gutter_pipe_elbow_section_03
physicsasset,#uk_house_gutter_pipe_funnel_01
xmodeldetailcollision,#uk_house_gutter_pipe_funnel_01
physicsasset,#uk_house_gutter_support_01
xmodeldetailcollision,#uk_house_gutter_support_01
xmodeldetailcollision,#uk_house_molding_01_16_corner_in
xmodeldetailcollision,#uk_house_molding_01_old_16_corner_out
xmodeldetailcollision,#uk_house_molding_01_16_corner_out
xmodeldetailcollision,#uk_house_molding_01_2
xmodeldetailcollision,#uk_house_molding_01_4
xmodeldetailcollision,#uk_house_molding_01_8_corner_in
xmodeldetailcollision,#uk_house_molding_01_8_corner_out
physicsasset,#uk_industrial_light_02
xmodeldetailcollision,#hash_d760ee86545d1afa
xmodeldetailcollision,#uk_lighting_interior_office_ceiling_tile_01_off_wz
physicsasset,#uk_janitor_mop_bucket_01
xmodeldetailcollision,#uk_janitor_mop_bucket_01
xmodeldetailcollision,#uk_kitchen_cabinet_01_22_btm
physicsasset,#uk_kitchen_cabinet_01_32_top
xmodeldetailcollision,#uk_kitchen_cabinet_02_32_top
physicsasset,#uk_kitchen_cabinet_01_38_btm
xmodeldetailcollision,#uk_kitchen_cabinet_01_38_btm
physicsasset,#uk_kitchen_cabinet_01_btm_corner_a_door_l
xmodeldetailcollision,#uk_kitchen_cabinet_02_btm_corner_a_door_l
physicsasset,#uk_kitchen_cabinet_01_btm_corner_a_door_r
xmodeldetailcollision,#uk_kitchen_cabinet_02_btm_corner_a_door_r
xmodeldetailcollision,#uk_kitchen_cabinet_01_door_btm_l
xmodeldetailcollision,#uk_kitchen_cabinet_01_door_btm_r
physicsasset,#uk_kitchen_cabinet_01_door_top_32_l
xmodeldetailcollision,#uk_kitchen_cabinet_02_door_top_32_l
physicsasset,#uk_kitchen_cabinet_01_door_top_32_r
xmodeldetailcollision,#uk_kitchen_cabinet_02_door_top_32_r
xmodeldetailcollision,#uk_kitchen_cabinet_01_door_top_l
xmodeldetailcollision,#uk_kitchen_cabinet_01_door_top_r
physicsasset,#uk_kitchen_cabinet_01_island_b
xmodeldetailcollision,#uk_kitchen_cabinet_01_island_b
physicsasset,#hash_bbee5c3191e01827
xmodeldetailcollision,#hash_bbee5c3191e01827
physicsasset,#uk_kitchen_cabinet_01_island_b_end
xmodeldetailcollision,#uk_kitchen_cabinet_01_island_b_end
physicsasset,#hash_8a4947aeeb38cd3d
xmodeldetailcollision,#hash_8a4947aeeb38cd3d
xmodeldetailcollision,#uk_kitchen_cabinet_01_sink_a
physicsasset,#uk_kitchen_wood_table_01
xmodeldetailcollision,#uk_kitchen_wood_table_01
physicsasset,#uk_ladder_metal_worn_01
xmodeldetailcollision,#uk_ladder_metal_worn_01
physicsasset,#uk_lighting_ceiling_fixture_01
xmodeldetailcollision,#hash_f4bd40123c6e22a7
physicsasset,#uk_lighting_ceiling_fixture_02_off
xmodeldetailcollision,#uk_lighting_ceiling_fixture_02_off_wz
physicsasset,#uk_lighting_ceiling_fixture_02_on
xmodeldetailcollision,#uk_lighting_ceiling_fixture_02_on_neutral_wz
physicsasset,#uk_metal_frame_warehouse_05
xmodeldetailcollision,#uk_metal_frame_warehouse_05
physicsasset,#uk_metal_frame_warehouse_05_02
xmodeldetailcollision,#uk_metal_frame_warehouse_05_02
physicsasset,#uk_metal_frame_warehouse_05_03
xmodeldetailcollision,#uk_metal_frame_warehouse_05_03
physicsasset,#uk_metal_frame_warehouse_05_04
xmodeldetailcollision,#uk_metal_frame_warehouse_05_04
physicsasset,#uk_metal_frame_warehouse_06
xmodeldetailcollision,#uk_metal_frame_warehouse_06
physicsasset,#uk_metal_frame_warehouse_128
xmodeldetailcollision,#uk_metal_frame_warehouse_128
physicsasset,#uk_metal_frame_warehouse_short
xmodeldetailcollision,#uk_metal_frame_warehouse_short
physicsasset,#uk_metal_frame_warehouse_short_02
xmodeldetailcollision,#uk_metal_frame_warehouse_short_02
physicsasset,#uk_metal_garbage_can_01
xmodeldetailcollision,#uk_metal_garbage_can_01
physicsasset,#uk_misc_car_parts_assorted_03
xmodeldetailcollision,#uk_misc_car_parts_assorted_03
physicsasset,#uk_newspaper_stack_01
xmodeldetailcollision,#uk_newspaper_stack_01
physicsasset,#uk_office_filebox_fakewood_closed_01
xmodeldetailcollision,#uk_office_filebox_fakewood_closed_01
physicsasset,#uk_parking_post_small_01_yellow
xmodeldetailcollision,#uk_parking_post_small_01_yellow
physicsasset,#uk_plastic_container_filled_01
xmodeldetailcollision,#uk_plastic_container_filled_01
physicsasset,#uk_security_camera_redlight_01
xmodeldetailcollision,#uk_security_camera_redlight_01
physicsasset,#uk_security_camera_redlight_base_01
xmodeldetailcollision,#uk_security_camera_redlight_base_01
physicsasset,#uk_security_camera_redlight_head_01
xmodeldetailcollision,#uk_security_camera_redlight_head_01
physicsasset,#uk_shelf_garage_02_19x43x71
xmodeldetailcollision,#uk_shelf_garage_02_19x43x71
physicsasset,#uk_shelf_garage_02_19x54x71
xmodeldetailcollision,#uk_shelf_garage_02_19x54x71
physicsasset,#hash_a05cef9280e486a3
xmodeldetailcollision,#hash_a05cef9280e486a3
physicsasset,#uk_shipping_crate_wood_closed_01
xmodeldetailcollision,#uk_shipping_crate_wood_closed_01
xmodeldetailcollision,#hash_e179fcfb136910fe
physicsasset,#uk_shipping_crate_wood_side_panel_01
xmodeldetailcollision,#uk_shipping_crate_wood_side_panel_01
physicsasset,#uk_siding_metal_corrugated_01_24_corner
xmodeldetailcollision,#uk_siding_metal_corrugated_01_24_corner
xmodeldetailcollision,#hash_fa5558de954740de
physicsasset,#uk_siding_metal_corrugated_01_8x48
xmodeldetailcollision,#hash_9e328a7a20576ed9
physicsasset,#hash_e9575fd49a853bd0
xmodeldetailcollision,#hash_e9575fd49a853bd0
physicsasset,#uk_storage_retail_package_electronics_04
xmodeldetailcollision,#uk_storage_retail_package_electronics_04
physicsasset,#hash_e5b76612c8f38b33
xmodeldetailcollision,#hash_8d0a5908043b88f9
physicsasset,#uk_tire_stack_01
xmodeldetailcollision,#uk_tire_stack_01
physicsasset,#uk_tool_box_large_01
xmodeldetailcollision,#uk_tool_box_large_01
physicsasset,#uk_townhouse_vertical_mailbox_01
xmodeldetailcollision,#uk_townhouse_vertical_mailbox_01
physicsasset,#uk_windows_exterior_metal_bar_02
xmodeldetailcollision,#uk_windows_exterior_metal_bar_02
physicsasset,#uk_windows_sill_concrete_01
xmodeldetailcollision,#uk_windows_sill_concrete_01
physicsasset,#un_appliance_water_cooler_01
xmodeldetailcollision,#un_appliance_water_cooler_01
physicsasset,#un_appliance_water_cooler_02
xmodeldetailcollision,#un_appliance_water_cooler_02
physicsasset,#un_foliage_tree_datepalm_medium_01
xmodeldetailcollision,#un_foliage_tree_datepalm_medium_01_reactive
physicsasset,#hash_fe7fb0f13c022fb8
xmodeldetailcollision,#hash_fe7fb0f13c022fb8
physicsasset,#hash_b114b06abaa182ac
xmodeldetailcollision,#hash_d2902207a0bde65e
physicsasset,#hash_92c279def114230a
xmodeldetailcollision,#hash_b386c5292b18a530
physicsasset,#hash_983a680a3d6cb2ce
xmodeldetailcollision,#hash_983a680a3d6cb2ce
physicsasset,#un_garage_hose_shelves_64
xmodeldetailcollision,#un_garage_hose_shelves_64
physicsasset,#un_industrial_wooden_pallet_01
xmodeldetailcollision,#un_industrial_wooden_pallet_01
physicsasset,#un_industrial_wooden_pallet_destroyed_01
xmodeldetailcollision,#un_industrial_wooden_pallet_destroyed_01
physicsasset,#un_industrial_wooden_pallet_stack_01
xmodeldetailcollision,#un_industrial_wooden_pallet_stack_01
xmodeldetailcollision,#un_metal_steel_support_c_beam_16x4x8_gray
physicsasset,#un_metal_steel_support_h_beam_16x16x128
xmodeldetailcollision,#un_metal_steel_support_h_beam_16x16x128_gray
physicsasset,#un_metal_steel_support_h_beam_16x16x16
xmodeldetailcollision,#un_metal_steel_support_h_beam_16x16x16_gray
physicsasset,#un_metal_steel_support_h_beam_16x16x64
xmodeldetailcollision,#un_metal_steel_support_h_beam_16x16x64_gray
physicsasset,#un_metal_steel_support_tubing_beam_8x4x256
xmodeldetailcollision,#un_metal_steel_support_tubing_beam_8x4x256_gray
physicsasset,#un_metal_steel_support_tubing_beam_8x4x32
xmodeldetailcollision,#un_metal_steel_support_tubing_beam_8x4x32_gray
physicsasset,#un_metal_steel_support_tubing_beam_8x4x8
xmodeldetailcollision,#un_metal_steel_support_tubing_beam_8x4x8_gray
physicsasset,#un_metal_steel_support_tubing_beam_8x8x8
xmodeldetailcollision,#un_metal_steel_support_tubing_beam_8x8x8_gray
physicsasset,#un_office_binder_open_01
xmodeldetailcollision,#un_office_binder_open_01
physicsasset,#un_office_binder_open_02
xmodeldetailcollision,#un_office_binder_open_02
physicsasset,#un_office_binder_set_01
xmodeldetailcollision,#un_office_binder_set_01
physicsasset,#un_office_computer_monitor_01_169
xmodeldetailcollision,#un_office_computer_monitor_01_169
physicsasset,#un_office_desk_01_long
xmodeldetailcollision,#un_office_desk_01_long
physicsasset,#un_office_desk_01_short
xmodeldetailcollision,#un_office_desk_01_short
physicsasset,#un_office_desk_phone_01
xmodeldetailcollision,#un_office_desk_phone_01
physicsasset,#un_office_paper_pile_01
xmodeldetailcollision,#un_office_paper_pile_01
physicsasset,#un_office_paper_shredder_01
xmodeldetailcollision,#un_office_paper_shredder_01
physicsasset,#un_office_paper_shredder_01_panel
xmodeldetailcollision,#un_office_paper_shredder_01_panel
physicsasset,#un_office_paper_stack_01
xmodeldetailcollision,#un_office_paper_stack_01
physicsasset,#un_office_pen_pencil_holder_01_empty_s1
xmodeldetailcollision,#un_office_pen_pencil_holder_01
physicsasset,#un_office_queue_post_01
xmodeldetailcollision,#un_office_queue_post_01
physicsasset,#un_office_queue_strap_32
xmodeldetailcollision,#un_office_queue_strap_32
physicsasset,#un_office_queue_strap_64
xmodeldetailcollision,#un_office_queue_strap_64
physicsasset,#un_office_steel_book_rack_01_48
xmodeldetailcollision,#un_office_steel_book_rack_01_48
physicsasset,#un_office_steel_book_rack_01_large
xmodeldetailcollision,#un_office_steel_book_rack_01_large
physicsasset,#un_office_steel_book_rack_01_small
xmodeldetailcollision,#un_office_steel_book_rack_01_small
physicsasset,#un_office_storage_box_01
xmodeldetailcollision,#un_office_storage_box_01
physicsasset,#un_office_storage_box_open_01
xmodeldetailcollision,#un_office_storage_box_open_01
xmodeldetailcollision,#utility_street_curb_cement_rough_128_a
xmodeldetailcollision,#utility_street_curb_cement_rough_128_b
physicsasset,#utility_street_curb_cement_rough_32_b
xmodeldetailcollision,#utility_street_curb_cement_rough_32_b_painted_white
xmodeldetailcollision,#utility_street_curb_cement_rough_64_a
xmodeldetailcollision,#utility_street_curb_cement_rough_64_c
xmodeldetailcollision,#utility_street_curb_cement_rough_corner_rounded_64
physicsasset,#utility_street_curb_cement_rough_round_03
xmodeldetailcollision,#utility_street_curb_cement_rough_round_03
physicsasset,#utility_vent_adapter_01_sm
xmodeldetailcollision,#utility_vent_adapter_01_sm
physicsasset,#utility_vent_box_01_04
xmodeldetailcollision,#utility_vent_box_01_04
physicsasset,#utility_vent_box_01_08
xmodeldetailcollision,#utility_vent_box_01_08
physicsasset,#utility_vent_box_01_64
xmodeldetailcollision,#utility_vent_box_01_64
physicsasset,#utility_vent_box_curve_01
xmodeldetailcollision,#utility_vent_box_curve_01
physicsasset,#utility_vent_hanger_box_02_short_black
xmodeldetailcollision,#utility_vent_hanger_box_02_short
physicsasset,#utility_vent_round_01_16
xmodeldetailcollision,#utility_vent_round_01_16
physicsasset,#utility_vent_round_01_curve_01
xmodeldetailcollision,#utility_vent_round_01_curve_01
physicsasset,#utility_vent_round_01_curve_02
xmodeldetailcollision,#utility_vent_round_01_curve_02
physicsasset,#utility_vent_round_outlet_01
xmodeldetailcollision,#utility_vent_round_outlet_01
xmodeldetailcollision,#utility_vent_round_tjoint_01
physicsasset,#veh8_civ_lnd_palfa_interior_bench_02
xmodeldetailcollision,#veh8_civ_lnd_palfa_interior_bench_02
physicsasset,#veh8_ind_lnd_foscar_02_static
xmodeldetailcollision,#veh8_ind_lnd_foscar_02_static
physicsasset,#hash_f34ca5726fc4eb85
xmodeldetailcollision,#hash_f34ca5726fc4eb85
physicsasset,#hash_f23dd45816925653
xmodeldetailcollision,#hash_f23dd45816925653
physicsasset,#veh9_civ_lnd_pickup_midsize_2001_static_dst
xmodeldetailcollision,#veh9_civ_lnd_pickup_midsize_2001_static_dst
physicsasset,#veh9_civ_lnd_sedan_2009_static_dst
xmodeldetailcollision,#veh9_civ_lnd_sedan_2009_static_dst
physicsasset,#veh9_civ_lnd_suv_2001_body
xmodeldetailcollision,#veh9_civ_lnd_suv_2001_body
physicsasset,#hash_a3d7c46d8c4a269e
xmodeldetailcollision,#hash_a3d7c46d8c4a269e
physicsasset,#hash_9e79103b39c976cb
xmodeldetailcollision,#hash_9e79103b39c976cb
physicsasset,#hash_9e791e3b39c98e95
xmodeldetailcollision,#hash_9e791e3b39c98e95
physicsasset,#hash_9e6c303b39bf22cf
xmodeldetailcollision,#hash_9e6c303b39bf22cf
physicsasset,#hash_9e6c263b39bf11d1
xmodeldetailcollision,#hash_9e6c263b39bf11d1
physicsasset,#veh9_civ_lnd_suv_2001_static_dst
xmodeldetailcollision,#veh9_civ_lnd_suv_2001_static_dst
physicsasset,#hash_daaf80617111634e
xmodeldetailcollision,#hash_daaf80617111634e
physicsasset,#hash_9f7a82ebe9806077
xmodeldetailcollision,#hash_9f7a82ebe9806077
physicsasset,#hash_a2ff2e1f8a7bd466
xmodeldetailcollision,#hash_a2ff2e1f8a7bd466
physicsasset,#hash_a2ff481f8a7c0094
xmodeldetailcollision,#hash_a2ff481f8a7c0094
physicsasset,#hash_a30d4e1f8a884822
xmodeldetailcollision,#hash_a30d4e1f8a884822
physicsasset,#hash_a30d401f8a883058
xmodeldetailcollision,#hash_a30d401f8a883058
physicsasset,#hash_a2c94e1f8a4e7b56
xmodeldetailcollision,#hash_a2c94e1f8a4e7b56
physicsasset,#hash_a2c9481f8a4e7124
xmodeldetailcollision,#hash_a2c9481f8a4e7124
physicsasset,#veh9_ind_lnd_delivery_box_truck_opened_static
xmodeldetailcollision,#veh9_ind_lnd_delivery_box_truck_opened_static
physicsasset,#veh9_ind_lnd_delivery_box_truck_static
xmodeldetailcollision,#veh9_ind_lnd_delivery_box_truck_static
physicsasset,#veh9_ind_lnd_talfa_flatbed_static
xmodeldetailcollision,#veh9_ind_lnd_talfa_flatbed_static
physicsasset,#vent_industrial_exhaust_01
xmodeldetailcollision,#hash_8b70cd2b28c220fc
physicsasset,#wall_cover_top_16x16_corner
xmodeldetailcollision,#wall_cover_top_16x16_corner
physicsasset,#hash_879317444ed1ef08
xmodeldetailcollision,#hash_879317444ed1ef08
physicsasset,#wall_fence_plaster_pillar_88_02
xmodeldetailcollision,#wall_fence_plaster_pillar_88_02
physicsasset,#hash_8842b1eb2ac00513
xmodeldetailcollision,#hash_8842b1eb2ac00513
physicsasset,#wall_panel_plastic_corner_64
xmodeldetailcollision,#wall_panel_plastic_corner_64
physicsasset,#wall_wood_stud_2x6_64_01
xmodeldetailcollision,#wall_wood_stud_2x6_64_01_nails
physicsasset,#watertank_ladder_144
xmodeldetailcollision,#watertank_ladder_144
physicsasset,#watertank_ladder_36
xmodeldetailcollision,#watertank_ladder_36
physicsasset,#watertank_ladder_72
xmodeldetailcollision,#watertank_ladder_72
physicsasset,#watertank_ladder_short_top
xmodeldetailcollision,#watertank_ladder_short_top
physicsasset,#watertank_ladder_top
xmodeldetailcollision,#watertank_ladder_top
physicsasset,#wheel_tire_rim_01
xmodeldetailcollision,#wheel_tire_rim_01
physicsasset,#window_blinds_office_closed_01
xmodeldetailcollision,#window_blinds_office_closed_01
physicsasset,#hash_a3cfa34bf79d1514
xmodeldetailcollision,#hash_a3cfa34bf79d1514
physicsasset,#window_blinds_office_open_01
xmodeldetailcollision,#window_blinds_office_open_01
physicsasset,#window_blinds_office_open_04
xmodeldetailcollision,#window_blinds_office_open_04_b
physicsasset,#window_blinds_office_wide_closed_01
xmodeldetailcollision,#window_blinds_office_wide_closed_01
physicsasset,#window_blinds_office_wide_open_01
xmodeldetailcollision,#window_blinds_office_wide_open_01
physicsasset,#window_cover_set_bamboo_blinds_intact_48_white
xmodeldetailcollision,#window_cover_set_bamboo_blinds_intact_48_white
physicsasset,#hash_e48013827df56949
xmodeldetailcollision,#window_cover_set_metal_mesh_bars_48_khaki
physicsasset,#window_exterior_metal_bar_d_1
xmodeldetailcollision,#window_exterior_metal_bar_d_1
physicsasset,#window_exterior_metal_bar_d_2
xmodeldetailcollision,#window_exterior_metal_bar_d_2
physicsasset,#hash_e8b9cd67b963d83f
xmodeldetailcollision,#hash_e8b9cd67b963d83f
physicsasset,#window_office_frame_com_02_mp
xmodeldetailcollision,#window_office_frame_com_02_mp
physicsasset,#window_square_old_01a
xmodeldetailcollision,#window_square_old_01
physicsasset,#wire_hanging_01_128x16
xmodeldetailcollision,#wire_hanging_01_128x16
physicsasset,#wires_hanging_ceiling_extension_cord_02
xmodeldetailcollision,#wires_hanging_ceiling_extension_cord_02
physicsasset,#worn_cardboard_box_stack_01
xmodeldetailcollision,#me_garbage_box_cardboard_stack_01
physicsasset,#wz_train_crate_tarp_01
xmodeldetailcollision,#wz_train_crate_tarp_01_b
physicsasset,#zmb_broom_01_old
xmodeldetailcollision,#zmb_broom_01_old
xmodeldetailcollision,#ground_wire_bundle_05
xmodeldetailcollision,#me_litter_pile_04
xmodeldetailcollision,#ee_wires_stpete_cables_b_64
xmodeldetailcollision,#par_street_lamp_01_prop_wz
xmodeldetailcollision,#hash_8fb940743850ff0e
xmodeldetailcollision,#ee_wires_stpete_cables_a_128
xmodeldetailcollision,#me_rock_mp_hydro_formation_01
xmodeldetailcollision,#ee_wires_stpete_cables_a_curve_02
xmodeldetailcollision,#ee_wires_stpete_cables_a_256
xmodeldetailcollision,#hash_b4c9f100be98b2c2
xmodeldetailcollision,#clothing_hook
xmodeldetailcollision,#hash_c5e69691f9e9c736
xmodeldetailcollision,#door_glass_metal_01_mp_nophysics
xmodeldetailcollision,#hash_d723ece66f098602
xmodeldetailcollision,#hash_db33d1cbea36e7f6
xmodeldetailcollision,#ee_wires_stpete_cables_a_64
xmodeldetailcollision,#hash_e8d6d842540f7925
xmodeldetailcollision,#hash_e920b8b323adafa9
xmodeldetailcollision,#utility_vent_round_01_16b
xmodeldetailcollision,#electrical_wires_jumbled_02_corner_notape
xmodeldetailcollision,#me_sign_museum_tickets_poster_02
xmodeldetailcollision,#me_sign_museum_tickets_poster_01
xmodeldetailcollision,#uk_lighting_spotlight_01_off_wz
xmodeldetailcollision,#hash_f4a3371cb735843e
xmodeldetailcollision,#hash_f68f299a945e315d
xmodeldetailcollision,#electrical_wires_jumbled_a_128_notape
collisiontile,#collisiontile_00_0428_base