type,name
netconststrings,#ncs_acc_level
netconststrings,#ncs_acl_level
netconststrings,#ncs_ait_level
netconststrings,#ncs_anm_level
netconststrings,#ncs_atr_level
netconststrings,#ncs_bem_level
netconststrings,#ncs_bs2_level
netconststrings,#ncs_cam_level
netconststrings,#ncs_ccr_level
netconststrings,#ncs_cin_level
netconststrings,#ncs_cmo_level
netconststrings,#ncs_cmp_level
netconststrings,#ncs_cob_level
netconststrings,#ncs_cur_level
netconststrings,#ncs_exx_level
netconststrings,#ncs_ges_level
netconststrings,#ncs_gpr_level
netconststrings,#ncs_hic_level
netconststrings,#ncs_hnt_level
netconststrings,#ncs_hol_level
netconststrings,#ncs_img_level
netconststrings,#ncs_loc_level
netconststrings,#ncs_lui_level
netconststrings,#ncs_mat_level
netconststrings,#ncs_mdl_level
netconststrings,#ncs_mic_level
netconststrings,#ncs_nms_level
netconststrings,#ncs_obj_level
netconststrings,#ncs_pas_level
netconststrings,#ncs_rmb_level
netconststrings,#ncs_rmg_level
netconststrings,#ncs_sbd_level
netconststrings,#ncs_shk_level
netconststrings,#ncs_sic_level
netconststrings,#ncs_stk_level
netconststrings,#ncs_sut_level
netconststrings,#ncs_tag_level
netconststrings,#ncs_tre_level
netconststrings,#ncs_vcm_level
netconststrings,#ncs_veh_level
netconststrings,#ncs_vfx_level
netconststrings,#ncs_vsn_level
netconststrings,#ncs_wep_level
netconststrings,#ncs_xac_level
netconststrings,#ncs_xcm_level
rawfile,#maps/mp/mp_shipment_s4.visdistdata
rawfile,#mp/constbaselines/bl_mp_shipment_s4_conf.bin
rawfile,#mp/constbaselines/bl_mp_shipment_s4_control.bin
rawfile,#mp/constbaselines/bl_mp_shipment_s4_dm.bin
rawfile,#mp/constbaselines/bl_mp_shipment_s4_dom.bin
rawfile,#mp/constbaselines/bl_mp_shipment_s4_koth.bin
rawfile,#mp/constbaselines/bl_mp_shipment_s4_mines.bin
rawfile,#mp/constbaselines/bl_mp_shipment_s4_patrol.bin
rawfile,#mp/constbaselines/bl_mp_shipment_s4_sd.bin
rawfile,#mp/constbaselines/bl_mp_shipment_s4_skulls.bin
rawfile,#mp/constbaselines/bl_mp_shipment_s4_war.bin
rawfile,#mp_shipment_s4
rawfile,#scripts/mp/maps/mp_shipment_s4/gen/mp_shipment_s4_fx.gsc
rawfile,#scripts/mp/maps/mp_shipment_s4/gen/mp_shipment_s4_sound.gsc
rawfile,#scripts/mp/maps/mp_shipment_s4/mp_shipment_s4_fx.gsc
rawfile,#vision/mp_shipment_s4.vision
rawfile,#vision/mp_shipment_s4_infil.vision
rawfile,#vision/mp_shipment_s4_winner.vision
keyvaluepairs,#mp_shipment_s4
physicssfxeventasset,#cup_paper_sfx
physicssfxeventasset,#phy_ammo_box_sfx
physicssfxeventasset,#phy_imp_desktop_metal_object
physicssfxeventasset,#phy_imp_metal_bucket
physicssfxeventasset,#phy_imp_metal_tool_small
physicssfxeventasset,#phys_cardboard_box_sfx
physicssfxeventasset,#phys_medbox_sfx
physicssfxeventasset,#phys_small_leather_item_sfx
physicsasset,#aac_cardboard_box_04_phys
physicsasset,#ach_sandbag_cover_scatter_01_col
physicsasset,#ach_sandbag_single_03_col
physicsasset,#ach_sandbag_single_04_col
physicsasset,#awning_cloth_universal_01
physicsasset,#bldg_rileys_window_04
physicsasset,#ch_crate72x64_open
physicsasset,#cob_ladder_wooden_01
physicsasset,#com_plasticcase_big_iw6
physicsasset,#com_trafficcone_01
physicsasset,#dun_wood_palette_01
physicsasset,#ee_buildings_industrial_radiotower_01_rope
physicsasset,#ee_buildings_industrial_radiotower_base_platform_01_b
physicsasset,#ee_buildings_industrial_radiotower_base_platform_02_b
physicsasset,#ee_buildings_industrial_radiotower_base_platform_railing_b
physicsasset,#ee_buildings_industrial_radiotower_ladder_cage_256_01
physicsasset,#ee_buildings_industrial_radiotower_ladder_support_01
physicsasset,#ee_buildings_industrial_radiotower_ladder_top_01
physicsasset,#electrical_wires_jumbled_loop_big
physicsasset,#electrical_wires_jumbled_loop_big_02
physicsasset,#farmtools_shovel_01_destp
physicsasset,#gen_bomb_site
physicsasset,#glass_beer_bottle_fn_01
physicsasset,#halftrack_crane_00_static_col
physicsasset,#halftrack_crane_drivetrain_00_col
physicsasset,#halftrack_crane_housing_00_col
physicsasset,#lm_tree_dead_branch_02
physicsasset,#me_gas_lantern_01
physicsasset,#military_cp_crafting_crate_wood_destp
physicsasset,#military_hq_crate_01
physicsasset,#mkg_banana_tree_01_wnd_col
physicsasset,#mkg_banana_tree_02_wnd_col
physicsasset,#mkg_foliage_tree_date_palm_01
physicsasset,#mkg_foliage_tree_palm_coconut_tall_bent_02
physicsasset,#mkg_foliage_tree_palm_coconut_tall_col
physicsasset,#mp_hub_allies_brit_flood_light_01_destp
physicsasset,#p7_crate_wood_01_plank_d1
physicsasset,#p7_crate_wood_01_plank_d2
physicsasset,#s4_aac_cardboard_box_02_destp
physicsasset,#s4_afr_champhill_wood_crate_01
physicsasset,#s4_afr_ger_barrel_02_lid
physicsasset,#s4_afr_ger_barrel_03
physicsasset,#s4_afr_ger_barrel_destroyed_02
physicsasset,#s4_barrel_wood_small_01_hkx
physicsasset,#s4_cob_tire_01_hkx
physicsasset,#s4_cob_tire_pile_01_destp
physicsasset,#s4_crate_wood_large_02_destp_hkx
physicsasset,#s4_fra_toy_duck_01_destp
physicsasset,#s4_ger_cardboard_box_02_destp
physicsasset,#s4_ger_checkpoint_hut_barrier_01
physicsasset,#s4_ger_container_ammo_metal_01
physicsasset,#s4_ger_container_ammo_metal_01_dyn
physicsasset,#s4_ger_container_ammo_metal_02_dyn_phys
physicsasset,#s4_ger_container_ammo_metal_03_closed_dyn
physicsasset,#s4_ger_crate_ammo_palette_stack_tarp_02_desert
physicsasset,#s4_ger_jerry_can_01_water
physicsasset,#s4_ger_jerry_can_01_water_destp
physicsasset,#s4_ger_toolbox_open_full_01_closed_destp
physicsasset,#s4_ger_toolbox_open_full_01_destp
physicsasset,#s4_ger_tuscan_tarps_04
physicsasset,#s4_ger_water_bucket_01_destp
physicsasset,#s4_jpn_beach_seaweed_bunch_large_01
physicsasset,#s4_jpn_beach_seaweed_bunch_medium_01
physicsasset,#s4_jpn_beach_seaweed_bunch_small_01
physicsasset,#s4_jpn_beach_seaweed_clump_long_02
physicsasset,#s4_jpn_beach_seaweed_clump_medium_01
physicsasset,#s4_jpn_beach_seaweed_clump_small_01
physicsasset,#s4_jpn_bgv_foliage_tree_coconut_palm_02_wnd
physicsasset,#s4_jpn_bgv_foliage_tree_date_palm_01_frond_01
physicsasset,#s4_jpn_bgv_foliage_tree_date_palm_frond_01
physicsasset,#s4_jpn_bgv_mangrove_palm_01
physicsasset,#s4_jpn_bgv_mangrove_palm_02
physicsasset,#s4_jpn_gav_barrier_wood_128x34_01_debris_1_phys
physicsasset,#s4_jpn_gav_barrier_wood_128x34_01_phys
physicsasset,#s4_jpn_volcanic_cliff_02
physicsasset,#s4_jpn_volcanic_cliff_03
physicsasset,#s4_jpn_volcanic_cliff_04
physicsasset,#s4_jpn_volcanic_cliff_05
physicsasset,#s4_jpn_volcanic_cliff_06
physicsasset,#s4_jpn_volcanic_cliff_07
physicsasset,#s4_jpn_volcanic_cliff_08
physicsasset,#s4_jpn_volcanic_cliff_09
physicsasset,#s4_jpn_volcanic_cliff_09_c
physicsasset,#s4_jpn_volcanic_cliff_10
physicsasset,#s4_jpn_volcanic_cliff_10_c
physicsasset,#s4_jpn_volcanic_cliff_11
physicsasset,#s4_jpn_volcanic_cliff_12_c
physicsasset,#s4_jpn_volcanic_rock_01
physicsasset,#s4_jpn_volcanic_rock_02
physicsasset,#s4_jpn_volcanic_rock_16b
physicsasset,#s4_jpn_volcanic_rock_17
physicsasset,#s4_jpn_volcanic_rock_ground_01
physicsasset,#s4_jpn_volcanic_rock_ground_08
physicsasset,#s4_jpn_volcanic_rock_ground_12
physicsasset,#s4_jpn_water_canteen_01_destp
physicsasset,#s4_lon_create_set_02_destp
physicsasset,#s4_lon_create_set_04_sm_destp
physicsasset,#s4_lon_create_set_07_destp
physicsasset,#s4_lon_create_set_08_destp
physicsasset,#s4_rus_bottle_glass_01
physicsasset,#s4_rus_crate_apples_01
physicsasset,#s4_rus_crate_lemon_01
physicsasset,#s4_rus_crate_onion_01
physicsasset,#s4_rus_crate_oranges_01
physicsasset,#s4_rus_crate_peaches_01
physicsasset,#s4_rus_crate_potato_01
physicsasset,#s4_rus_crate_tomatoes_01
physicsasset,#s4_rus_lantern_01
physicsasset,#s4_rus_medical_duffel_bag_01_destp
physicsasset,#s4_rus_pile_floor_apple_01
physicsasset,#s4_rus_pile_floor_orange_01
physicsasset,#s4_rus_pile_floor_peach_01
physicsasset,#s4_rus_sandbag_set_128_double
physicsasset,#s4_rus_sandbag_set_128_short_02
physicsasset,#s4_rus_sandbag_set_end_l_01
physicsasset,#s4_rus_single_apple_01
physicsasset,#s4_rus_single_lemon_01
physicsasset,#s4_rus_single_onion_01
physicsasset,#s4_rus_single_orange_01
physicsasset,#s4_rus_single_peach_01
physicsasset,#s4_rus_single_potato_01
physicsasset,#s4_rus_single_tomato_01
physicsasset,#s4_rus_sleeping_bag_01_destp
physicsasset,#s4_usa_dolly_01_dyn
physicsasset,#s4_usa_oil_barrel_01
physicsasset,#s4_usa_ship_dolly_01_destp
physicsasset,#s4_zm_jpn_construction_plywood_stacks_01
physicsasset,#s4_zm_jpn_farm_tools_shovel_01
physicsasset,#s4_zm_jpn_foliage_tree_palm_coconut_tall_vista
physicsasset,#s4_zm_jpn_lamp_post_wood_hook
physicsasset,#scriptablecollmapmodeldummydefault
physicsasset,#scriptbrushmodeldummydefault
physicsasset,#scriptbrushmodeldummyfixed
physicsasset,#sd_equipment_bombsite_crate
physicsasset,#sd_equipment_bombsite_crate_d
physicsasset,#sfps_usa_vehicle_depot_01_col
physicsasset,#shp_rope_net_07
physicsasset,#toy_pool_inflated_beach_ball_01
physicsasset,#toy_pool_inflated_tube_01
physicsasset,#triggermodeldummydefault
physicsasset,#triggermodelstaticdummydefault
physicsasset,#un_industrial_wooden_pallet_01
physicsasset,#un_industrial_wooden_pallet_01_destr
physicsasset,#un_industrial_wooden_pallet_01_destr_s1_f1
physicsasset,#un_industrial_wooden_pallet_01_destr_s1_f2
physicsasset,#un_industrial_wooden_pallet_01_destr_s1_f4
physicsasset,#usa_medical_supplies_box_bandages_closed_01_dyn
physicsasset,#veh_suv_gamma503_00_destp_col
physicsasset,#veh_suv_gamma503_00_static_col
physicsasset,#vfx_debris_wood_splinters_1_g2
physicsasset,#vfx_debris_wood_splinters_1_g3
physicsasset,#vfx_debris_wood_splinters_1_g4
physicsasset,#watertank_ladder_144
physicsfxshape,#p7_crate_wood_01_plank_d1
physicsfxshape,#phys_door_wood_double_a_l_01_green_destr_g2
physicsfxshape,#phys_door_wood_double_a_l_01_green_destr_g3
physicsfxshape,#phys_door_wood_double_a_l_01_green_destr_g4
physicsfxshape,#un_industrial_wooden_pallet_01_destr_s1_f1
physicsfxshape,#un_industrial_wooden_pallet_01_destr_s1_f2
physicsfxshape,#un_industrial_wooden_pallet_01_destr_s1_f4
xanim,#s4_opapa40_destp
xanim,#s4_opapa40_destp_anim_bindpose
xanim,#s4_opapa40_destp_flattire_fl
xanim,#s4_opapa40_destp_flattire_fr
xanim,#s4_opapa40_destp_flattire_kl
xanim,#s4_opapa40_destp_flattire_kr
xmodelsurfs,#aac_bg_building_window_c_02_b_lod010v00011bf800000
xmodelsurfs,#aac_bg_building_window_c_02_b_lod0_auto110v00010bf800000
xmodelsurfs,#aac_cardboard_box_04_lod010-ts1-v4141d2e3be
xmodelsurfs,#aac_cardboard_box_04_lod0_auto110-ts1-v4041d2e3be
xmodelsurfs,#aac_cardboard_box_04_lod0_auto1_auto210-ts1-v4041d2e3be
xmodelsurfs,#aac_cardboard_box_04_lod0_auto1_auto2_auto310-ts1-v4041d2e3be
xmodelsurfs,#aac_cardboard_box_04_lod0_auto1_auto2_auto3_auto410-ts1-v4041d2e3be
xmodelsurfs,#aac_cardboard_box_04_lod0_auto1_auto2_auto3_auto4_auto510-ts1-v4041d2e3be
xmodelsurfs,#ach_sandbag_cover_02_lod010v41bf800000
xmodelsurfs,#ach_sandbag_cover_02_lod0_auto110v40bf800000
xmodelsurfs,#ach_sandbag_cover_02_lod0_auto1_auto210v40bf800000
xmodelsurfs,#ach_sandbag_cover_02_lod0_auto1_auto2_auto310v40bf800000
xmodelsurfs,#ach_sandbag_cover_02_lod0_auto1_auto2_auto3_auto410v40bf800000
xmodelsurfs,#ach_sandbag_cover_05_lod010-ts1-v41bf800000
xmodelsurfs,#ach_sandbag_cover_05_lod0_auto110-ts1-v40bf800000
xmodelsurfs,#ach_sandbag_cover_05_lod0_auto1_auto210-ts1-v40bf800000
xmodelsurfs,#ach_sandbag_cover_05_lod0_auto1_auto2_auto310-ts1-v40bf800000
xmodelsurfs,#ach_sandbag_cover_05_lod0_auto1_auto2_auto3_auto410-ts1-v40bf800000
xmodelsurfs,#ach_sandbag_cover_scatter_01_lod010v41bf800000
xmodelsurfs,#ach_sandbag_cover_scatter_01_lod0_auto110v40bf800000
xmodelsurfs,#ach_sandbag_cover_scatter_01_lod0_auto1_auto210v40bf800000
xmodelsurfs,#ach_sandbag_single_03_lod010v41bf800000
xmodelsurfs,#ach_sandbag_single_03_lod0_auto110v40bf800000
xmodelsurfs,#ach_sandbag_single_03_lod0_auto1_auto210v40bf800000
xmodelsurfs,#ach_sandbag_single_04_lod010v41bf800000
xmodelsurfs,#ach_sandbag_single_04_lod0_auto110v40bf800000
xmodelsurfs,#ach_sandbag_single_04_lod0_auto1_auto210v40bf800000
xmodelsurfs,#ach_sandbag_single_04_lod0_auto1_auto2_auto310v40bf800000
xmodelsurfs,#ape_preview_cube10v40432646e1
xmodelsurfs,#awning_cloth_universal_01_lod010v41bf800000
xmodelsurfs,#awning_cloth_universal_01_lod0_auto110v40bf800000
xmodelsurfs,#awning_cloth_universal_01_lod0_auto1_auto210v40bf800000
xmodelsurfs,#awning_cloth_universal_01_lod0_auto1_auto2_auto310v40bf800000
xmodelsurfs,#barrier_sandbag_128_short_02_lod000v41bf800000
xmodelsurfs,#barrier_sandbag_128_short_02_lod0_auto100v40bf800000
xmodelsurfs,#barrier_sandbag_128_short_02_lod0_auto1_auto200v40bf800000
xmodelsurfs,#barrier_sandbag_128_short_02_lod0_auto1_auto2_auto300v40bf800000
xmodelsurfs,#barrier_sandbag_128_short_02_lod0_auto1_auto2_auto3_auto400v40bf800000
xmodelsurfs,#barrier_sandbag_128_short_02_lod0_auto1_auto2_auto3_auto4_auto500v40bf800000
xmodelsurfs,#barrier_sandbag_64_short_lod010v41bf800000
xmodelsurfs,#barrier_sandbag_64_short_lod0_auto110v40bf800000
xmodelsurfs,#barrier_sandbag_64_short_lod0_auto1_auto210v40bf800000
xmodelsurfs,#barrier_sandbag_64_short_lod0_auto1_auto2_auto310v40bf800000
xmodelsurfs,#barrier_sandbag_64_short_lod0_auto1_auto2_auto3_auto410v40bf800000
xmodelsurfs,#barrier_sandbag_single_01_lod010v41bf800000
xmodelsurfs,#barrier_sandbag_single_01_lod0_auto110v40bf800000
xmodelsurfs,#barrier_sandbag_single_01_lod0_auto1_auto210v40bf800000
xmodelsurfs,#barrier_sandbag_single_01_lod0_auto1_auto2_auto310v40bf800000
xmodelsurfs,#barrier_sandbag_single_01_lod0_auto1_auto2_auto3_auto410v40bf800000
xmodelsurfs,#barrier_sandbag_single_01_lod0_auto1_auto2_auto3_auto4_auto510v40bf800000
xmodelsurfs,#barrier_sandbag_single_03_lod010v41bf800000
xmodelsurfs,#barrier_sandbag_single_03_lod0_auto110v40bf800000
xmodelsurfs,#barrier_sandbag_single_03_lod0_auto1_auto210v40bf800000
xmodelsurfs,#barrier_sandbag_single_03_lod0_auto1_auto2_auto310v40bf800000
xmodelsurfs,#barrier_sandbag_single_03_lod0_auto1_auto2_auto3_auto410v40bf800000
xmodelsurfs,#barrier_sandbag_single_03_lod0_auto1_auto2_auto3_auto4_auto510v40bf800000
xmodelsurfs,#bldg_rileys_window_04_lod010v41bf800000
xmodelsurfs,#bldg_rileys_window_04_lod0_auto110v40bf800000
xmodelsurfs,#bldg_rileys_window_04_lod0_auto1_auto210v40bf800000
xmodelsurfs,#bldg_rileys_window_04_lod0_auto1_auto2_auto310v40bf800000
xmodelsurfs,#bldg_rileys_window_04_lod0_auto1_auto2_auto3_auto410v40bf800000
xmodelsurfs,#bsh_ship_destroyer_vista_damaged_01_lod010v51bf800000
xmodelsurfs,#bsh_ship_destroyer_vista_damaged_01_lod0_auto110v50bf800000
xmodelsurfs,#bsh_ship_destroyer_vista_damaged_01_lod0_auto1_auto210v50bf800000
xmodelsurfs,#bsh_ship_destroyer_vista_damaged_01_lod0_auto1_auto2_auto310v50bf800000
xmodelsurfs,#bsh_ship_destroyer_vista_damaged_01_lod0_auto1_auto2_auto3_auto410v50bf800000
xmodelsurfs,#btr_vista_crane_lod010v211bf800000
xmodelsurfs,#case_big_iw6_lod010-1-v4114282b718
xmodelsurfs,#case_big_iw6_lod0_auto110-1-v4104282b718
xmodelsurfs,#case_big_iw6_lod0_auto1_auto210-1-v4104282b718
xmodelsurfs,#case_big_iw6_lod0_auto1_auto2_auto310-1-v4104282b718
xmodelsurfs,#case_big_iw6_lod0_auto1_auto2_auto3_auto410-1-v404282b718
xmodelsurfs,#ch_crate72x64_open_lod010v41bf800000
xmodelsurfs,#ch_crate72x64_open_lod0_auto110v40bf800000
xmodelsurfs,#ch_crate72x64_open_lod0_auto1_auto210v40bf800000
xmodelsurfs,#ch_crate72x64_open_lodx10v40bf800000
xmodelsurfs,#cob_ladder_wooden_01_lod010v41bf800000
xmodelsurfs,#cob_ladder_wooden_01_lod0_auto110v40bf800000
xmodelsurfs,#cob_ladder_wooden_01_lod0_auto1_auto210v40bf800000
xmodelsurfs,#cob_tire_01_lod0_destp_lod010-ts1-v4141b8aa34
xmodelsurfs,#cob_tire_01_lod0_destp_lod0_auto110-ts1-v4041b8aa34
xmodelsurfs,#cob_tire_01_lod0_destp_lod0_auto1_auto210-ts1-v4041b8aa34
xmodelsurfs,#day_mud_footprints_pile_03_lod010v51bf800000
xmodelsurfs,#day_mud_footprints_pile_03_lod0_auto110v50bf800000
xmodelsurfs,#day_mud_footprints_pile_03_lod0_auto1_auto210v50bf800000
xmodelsurfs,#day_mud_footprints_pile_03_lod0_auto1_auto2_auto310v50bf800000
xmodelsurfs,#day_mud_footprints_pile_03_lod0_auto1_auto2_auto3_auto410v50bf800000
xmodelsurfs,#day_mud_footprints_pile_10_lod010v51bf800000
xmodelsurfs,#day_mud_footprints_pile_10_lod0_auto110v50bf800000
xmodelsurfs,#day_mud_footprints_pile_10_lod0_auto1_auto210v50bf800000
xmodelsurfs,#day_mud_footprints_pile_10_lod0_auto1_auto2_auto310v50bf800000
xmodelsurfs,#day_mud_footprints_pile_10_lod0_auto1_auto2_auto3_auto410v50bf800000
xmodelsurfs,#det_beach_ball_01_lod010v41bf800000
xmodelsurfs,#det_beach_ball_01_lod110v40bf800000
xmodelsurfs,#door_wood_double_a_l_01_green_destr_g2_lod010v414202e856
xmodelsurfs,#door_wood_double_a_l_01_green_destr_g2_lod0_auto110v404202e856
xmodelsurfs,#door_wood_double_a_l_01_green_destr_g2_lod0_auto1_auto210v404202e856
xmodelsurfs,#door_wood_double_a_l_01_green_destr_g2_lod0_auto1_auto2_auto310v404202e856
xmodelsurfs,#door_wood_double_a_l_01_green_destr_g3_lod010v4141716dde
xmodelsurfs,#door_wood_double_a_l_01_green_destr_g3_lod0_auto110v4041716dde
xmodelsurfs,#door_wood_double_a_l_01_green_destr_g3_lod0_auto1_auto210v4041716dde
xmodelsurfs,#door_wood_double_a_l_01_green_destr_g4_lod010v4041b288cd
xmodelsurfs,#dun_belongings_book_01_lod010v41bf800000
xmodelsurfs,#dun_belongings_book_01_lod0_auto110v40bf800000
xmodelsurfs,#dun_belongings_book_01_lod0_auto1_auto210v40bf800000
xmodelsurfs,#dun_boat_trawler_01_lod010v0040bf800000
xmodelsurfs,#dun_boat_trawler_01_lod0_auto110v0040bf800000
xmodelsurfs,#dun_boat_trawler_01_lod0_auto1_auto210v0040bf800000
xmodelsurfs,#dun_boat_trawler_01_lod0_auto1_auto2_auto310v0040bf800000
xmodelsurfs,#dun_boat_trawler_01_lod0_auto1_auto2_auto3_auto410v0040bf800000
xmodelsurfs,#dun_boat_trawler_01_lod0_auto1_auto2_auto3_auto4_auto510v0040bf800000
xmodelsurfs,#dun_boat_yacht_01_lod010v0011bf800000
xmodelsurfs,#dun_boat_yacht_01_lod0_auto110v0010bf800000
xmodelsurfs,#dun_boat_yacht_01_lod0_auto1_auto210v0010bf800000
xmodelsurfs,#dun_boat_yacht_01_lod0_auto1_auto2_auto310v0010bf800000
xmodelsurfs,#dun_boat_yacht_01_lod0_auto1_auto2_auto3_auto410v0010bf800000
xmodelsurfs,#dun_boat_yacht_01_lod0_auto1_auto2_auto3_auto4_auto510v0010bf800000
xmodelsurfs,#dun_boat_yacht_02_lod010v000811bf800000
xmodelsurfs,#dun_boat_yacht_02_lod0_auto110v000810bf800000
xmodelsurfs,#dun_boat_yacht_02_lod0_auto1_auto210v000810bf800000
xmodelsurfs,#dun_boat_yacht_02_lod0_auto1_auto2_auto310v000810bf800000
xmodelsurfs,#dun_boat_yacht_02_lod0_auto1_auto2_auto3_auto410v000810bf800000
xmodelsurfs,#dun_boat_yacht_02_lod0_auto1_auto2_auto3_auto4_auto510v008010bf800000
xmodelsurfs,#dun_tarp_beach_01_lod010v61bf800000
xmodelsurfs,#dun_tarp_beach_01_lod0_auto110v60bf800000
xmodelsurfs,#dun_tarp_beach_01_lod0_auto1_auto210v60bf800000
xmodelsurfs,#dun_wood_palette_01_chunks_lod010v011428146a8
xmodelsurfs,#dun_wood_palette_01_chunks_lod010v011bf800000
xmodelsurfs,#dun_wood_palette_01_chunks_lod0_auto110v010428146a8
xmodelsurfs,#dun_wood_palette_01_chunks_lod0_auto110v010bf800000
xmodelsurfs,#dun_wood_palette_01_chunks_lod0_auto1_auto210v010428146a8
xmodelsurfs,#dun_wood_palette_01_chunks_lod0_auto1_auto210v010bf800000
xmodelsurfs,#dun_wood_palette_02_lod010v41bf800000
xmodelsurfs,#dun_wood_palette_02_lod0_auto110v40bf800000
xmodelsurfs,#dun_wood_palette_02_lod0_auto1_auto210v40bf800000
xmodelsurfs,#ee_buildings_industrial_radiotower_01_rope_lm_lod010v011bf800000
xmodelsurfs,#ee_buildings_industrial_radiotower_01_rope_lm_lod0_auto110v010bf800000
xmodelsurfs,#ee_buildings_industrial_radiotower_01_rope_lm_lod0_auto1_auto210v40bf800000
xmodelsurfs,#ee_buildings_industrial_radiotower_01_rope_lm_lod0_auto1_auto2_auto310v40bf800000
xmodelsurfs,#ee_buildings_industrial_radiotower_01_rope_lm_lod0_auto1_auto2_auto3_auto410v40bf800000
xmodelsurfs,#ee_buildings_industrial_radiotower_01_rope_lodx10v40bf800000
xmodelsurfs,#ee_buildings_industrial_radiotower_base_platform_01_b_lod010-1-v0411bf800000
xmodelsurfs,#ee_buildings_industrial_radiotower_base_platform_01_b_lod0_auto110-1-v050bf800000
xmodelsurfs,#ee_buildings_industrial_radiotower_base_platform_01_b_lod0_auto1_auto210-1-v410bf800000
xmodelsurfs,#ee_buildings_industrial_radiotower_base_platform_01_b_lod0_auto1_auto2_auto310-1-v410bf800000
xmodelsurfs,#ee_buildings_industrial_radiotower_base_platform_01_b_lod0_auto1_auto2_auto3_auto410-1-v40bf800000
xmodelsurfs,#ee_buildings_industrial_radiotower_base_platform_01_lodx10v40bf800000
xmodelsurfs,#ee_buildings_industrial_radiotower_base_platform_02_b_lod010-1-v0411bf800000
xmodelsurfs,#ee_buildings_industrial_radiotower_base_platform_02_b_lod0_auto110-1-v050bf800000
xmodelsurfs,#ee_buildings_industrial_radiotower_base_platform_02_b_lod0_auto1_auto210-1-v410bf800000
xmodelsurfs,#ee_buildings_industrial_radiotower_base_platform_02_b_lod0_auto1_auto2_auto310-1-v410bf800000
xmodelsurfs,#ee_buildings_industrial_radiotower_base_platform_02_b_lod0_auto1_auto2_auto3_auto410-1-v40bf800000
xmodelsurfs,#ee_buildings_industrial_radiotower_base_platform_railing_01_b_lod010v011bf800000
xmodelsurfs,#ee_buildings_industrial_radiotower_base_platform_railing_01_b_lod0_auto110v40bf800000
xmodelsurfs,#ee_buildings_industrial_radiotower_base_platform_railing_01_b_lod0_auto1_auto210v40bf800000
xmodelsurfs,#ee_buildings_industrial_radiotower_ladder_cage_256_01_lod010v41bf800000
xmodelsurfs,#ee_buildings_industrial_radiotower_ladder_cage_256_01_lod0_auto110v40bf800000
xmodelsurfs,#ee_buildings_industrial_radiotower_ladder_cage_256_01_lod0_auto1_auto210v40bf800000
xmodelsurfs,#ee_buildings_industrial_radiotower_ladder_support_01_lod010v41bf800000
xmodelsurfs,#ee_buildings_industrial_radiotower_ladder_top_01_lod010v41bf800000
xmodelsurfs,#ee_buildings_industrial_radiotower_ladder_top_01_lod0_auto110v40bf800000
xmodelsurfs,#ee_buildings_industrial_radiotower_ladder_top_01_lod0_auto1_auto210v40bf800000
xmodelsurfs,#ee_foliage_bush_common_fern_03_lod010v60bf800000
xmodelsurfs,#ee_foliage_bush_common_fern_03_lod0_auto110v60bf800000
xmodelsurfs,#ee_foliage_bush_common_fern_03_lod0_auto1_auto210v60bf800000
xmodelsurfs,#ee_foliage_bush_common_fern_03_lod0_auto1_auto2_auto310v60bf800000
xmodelsurfs,#ee_foliage_bush_common_fern_03_lod0_auto1_auto2_auto3_auto410v60bf800000
xmodelsurfs,#ee_foliage_bush_common_fern_03_lod510v60bf800000
xmodelsurfs,#electrical_wires_jumbled_loop_big_02_lod010v41bf800000
xmodelsurfs,#electrical_wires_jumbled_loop_big_02_lod0_auto110v40bf800000
xmodelsurfs,#electrical_wires_jumbled_loop_big_02_lod0_auto1_auto210v40bf800000
xmodelsurfs,#electrical_wires_jumbled_loop_big_02_lod0_auto1_auto2_auto310v40bf800000
xmodelsurfs,#electrical_wires_jumbled_loop_big_lod010v41bf800000
xmodelsurfs,#electrical_wires_jumbled_loop_big_lod0_auto110v40bf800000
xmodelsurfs,#electrical_wires_jumbled_loop_big_lod0_auto1_auto210v40bf800000
xmodelsurfs,#electrical_wires_jumbled_loop_big_lod0_auto1_auto2_auto310v40bf800000
xmodelsurfs,#farmtools_shovel_01_lod000v41428c539a
xmodelsurfs,#farmtools_shovel_01_lod0_auto100v40428c539a
xmodelsurfs,#farmtools_shovel_01_lod0_auto1_auto200v40428c539a
xmodelsurfs,#foliage_s2_gc_roundleaf_mallow_01_lod010v61bf800000
xmodelsurfs,#foliage_s2_gc_roundleaf_mallow_01_lod0_auto110v60bf800000
xmodelsurfs,#foliage_s2_gc_roundleaf_mallow_01_lod210v60bf800000
xmodelsurfs,#gen_bomb_site_lod010-ts1-v01142ae9012
xmodelsurfs,#gen_bomb_site_lod010-ts1-v011bf800000
xmodelsurfs,#gen_bomb_site_lod0_auto110-ts1-v01042ae9012
xmodelsurfs,#gen_bomb_site_lod0_auto110-ts1-v010bf800000
xmodelsurfs,#gen_bomb_site_lod0_auto1_auto210-ts1-v01042ae9012
xmodelsurfs,#gen_bomb_site_lod0_auto1_auto210-ts1-v010bf800000
xmodelsurfs,#gen_bomb_site_lod0_auto1_auto2_auto310-ts1-v01042ae9012
xmodelsurfs,#gen_bomb_site_lod0_auto1_auto2_auto310-ts1-v010bf800000
xmodelsurfs,#gen_bomb_site_lod0_auto1_auto2_auto3_auto410-ts1-v01042ae9012
xmodelsurfs,#gen_bomb_site_lod0_auto1_auto2_auto3_auto410-ts1-v010bf800000
xmodelsurfs,#ger_ammo_box_small_03_lod010v41bf800000
xmodelsurfs,#ger_ammo_box_small_03_lod0_auto110v40bf800000
xmodelsurfs,#ger_ammo_box_small_03_lod0_auto1_auto210v40bf800000
xmodelsurfs,#ger_ammo_box_small_04_lod010v41bf800000
xmodelsurfs,#ger_ammo_box_small_04_lod0_auto110v40bf800000
xmodelsurfs,#ger_ammo_box_small_04_lod0_auto1_auto210v40bf800000
xmodelsurfs,#ger_barbed_wire10v210bf800000
xmodelsurfs,#ger_barbed_wire_auto110v210bf800000
xmodelsurfs,#ger_barbed_wire_auto1_auto210v210bf800000
xmodelsurfs,#ger_barbed_wire_auto1_auto2_auto310v60bf800000
xmodelsurfs,#ger_hammer_01_lod010v41bf800000
xmodelsurfs,#ger_hammer_01_lod0_auto110v40bf800000
xmodelsurfs,#ger_hedgehog_01_lod010-ts1-v41bf800000
xmodelsurfs,#ger_hedgehog_01_lod010v41bf800000
xmodelsurfs,#ger_hedgehog_01_lod0_auto110-ts1-v40bf800000
xmodelsurfs,#ger_hedgehog_01_lod0_auto110v40bf800000
xmodelsurfs,#ger_hedgehog_01_lod0_auto1_auto210-ts1-v40bf800000
xmodelsurfs,#ger_hedgehog_01_lod0_auto1_auto210v40bf800000
xmodelsurfs,#ger_hedgehog_01_lod0_auto1_auto2_auto310-ts1-v40bf800000
xmodelsurfs,#ger_hedgehog_01_lod0_auto1_auto2_auto310v40bf800000
xmodelsurfs,#ger_hedgehog_01_lod0_auto1_auto2_auto3_auto410-ts1-v40bf800000
xmodelsurfs,#ger_hedgehog_01_lod0_auto1_auto2_auto3_auto410v40bf800000
xmodelsurfs,#ger_hedgehog_01_lod0_auto1_auto2_auto3_auto4_auto510-ts1-v40bf800000
xmodelsurfs,#ger_wrench_01_lod010v41bf800000
xmodelsurfs,#ger_wrench_01_lod0_auto110v40bf800000
xmodelsurfs,#gib_antenna_01_lod010v41bf800000
xmodelsurfs,#gib_antenna_01_lod0_auto110v40bf800000
xmodelsurfs,#gib_antenna_01_lod0_auto1_auto210v40bf800000
xmodelsurfs,#gib_antenna_01_lod0_auto1_auto2_auto310v40bf800000
xmodelsurfs,#gib_antenna_01_lod0_auto1_auto2_auto3_auto410v40bf800000
xmodelsurfs,#glass_beer_bottle_fn_02_lod010v011bf800000
xmodelsurfs,#glass_beer_bottle_fn_02_lod110v010bf800000
xmodelsurfs,#glass_beer_bottle_fn_02_lodx10v010bf800000
xmodelsurfs,#greece_conf_cntr_umbrella_closed_01_lod010v41bf800000
xmodelsurfs,#greece_conf_cntr_umbrella_closed_01_lod110v40bf800000
xmodelsurfs,#greece_conf_cntr_umbrella_closed_01_lod210v40bf800000
xmodelsurfs,#greece_conf_cntr_umbrella_opened_01_lod010v41bf800000
xmodelsurfs,#greece_conf_cntr_umbrella_opened_01_lod110v40bf800000
xmodelsurfs,#greece_conf_cntr_umbrella_opened_01_lod210v40bf800000
xmodelsurfs,#greece_poolside_lounger_01_lod010v41bf800000
xmodelsurfs,#greece_poolside_lounger_01_lod0_auto110v40bf800000
xmodelsurfs,#greece_poolside_lounger_01_lod0_auto1_auto210v40bf800000
xmodelsurfs,#greece_poolside_lounger_01_lod0_auto1_auto2_auto310v40bf800000
xmodelsurfs,#greece_poolside_lounger_01_lod0_auto1_auto2_auto3_auto410v40bf800000
xmodelsurfs,#halftrack_crane_00_static_lod010-7--ts1-v00000411bf800000
xmodelsurfs,#halftrack_crane_00_static_lod0_auto110-7--ts1-v00000410bf800000
xmodelsurfs,#halftrack_crane_00_static_lod0_auto1_auto210-7--ts1-v00000410bf800000
xmodelsurfs,#halftrack_crane_00_static_lod0_auto1_auto2_auto310-7--ts1-v00000410bf800000
xmodelsurfs,#halftrack_crane_00_static_long_lod010-7--ts1-v00000411bf800000
xmodelsurfs,#halftrack_crane_00_static_long_lod0_auto110-7--ts1-v00000410bf800000
xmodelsurfs,#halftrack_crane_00_static_long_lod0_auto1_auto210-7--ts1-v00000410bf800000
xmodelsurfs,#halftrack_crane_00_static_long_lod0_auto1_auto2_auto310-7--ts1-v00000410bf800000
xmodelsurfs,#halftrack_crane_drivetrain_00_lod010-ts1-v0011bf800000
xmodelsurfs,#halftrack_crane_drivetrain_00_lod0_auto110-ts1-v0010bf800000
xmodelsurfs,#halftrack_crane_drivetrain_00_lod0_auto1_auto210-ts1-v0010bf800000
xmodelsurfs,#halftrack_crane_drivetrain_00_lod0_auto1_auto2_auto310-ts1-v0010bf800000
xmodelsurfs,#halftrack_crane_drivetrain_00_lod0_auto1_auto2_auto3_auto410-ts1-v0010bf800000
xmodelsurfs,#halftrack_crane_housing_00_lod010-7--ts1-v0000051bf800000
xmodelsurfs,#halftrack_crane_housing_00_lod0_auto110-7--ts1-v0000050bf800000
xmodelsurfs,#halftrack_crane_housing_00_lod0_auto1_auto210-7--ts1-v0000410bf800000
xmodelsurfs,#halftrack_crane_housing_00_lod0_auto1_auto2_auto310-7--ts1-v0000410bf800000
xmodelsurfs,#halftrack_crane_housing_00_lod0_auto1_auto2_auto3_auto410-7--ts1-v0000410bf800000
xmodelsurfs,#highway_flag0_lod010v60431328b8
xmodelsurfs,#highway_flag0_lod110v60431328b8
xmodelsurfs,#highway_flag0_lod1_auto210v60431328b8
xmodelsurfs,#hr2_vista_bldg_01_a_lod010v41bf800000
xmodelsurfs,#hr2_vista_bldg_01_a_lod110v40bf800000
xmodelsurfs,#hr2_vista_bldg_01_g_lod010v41bf800000
xmodelsurfs,#hr2_vista_bldg_01_grp_a_lod010v41bf800000
xmodelsurfs,#hr2_vista_bldg_01_grp_a_lod110v40bf800000
xmodelsurfs,#hr2_vista_bldg_01_grp_c_lod010v41bf800000
xmodelsurfs,#hr2_vista_bldg_01_grp_c_lod110v40bf800000
xmodelsurfs,#hr2_vista_bldg_01_grp_d_lod010v41bf800000
xmodelsurfs,#hr2_vista_bldg_01_grp_d_lod110v40bf800000
xmodelsurfs,#hr2_vista_bldg_01_grp_e_lod010v41bf800000
xmodelsurfs,#hr2_vista_bldg_01_grp_e_lod110v40bf800000
xmodelsurfs,#hr2_vista_bldg_01_grp_f_lod010v41bf800000
xmodelsurfs,#hr2_vista_bldg_01_grp_f_lod110v40bf800000
xmodelsurfs,#hr2_vista_bldg_01_h_lod010v41bf800000
xmodelsurfs,#hr2_vista_bldg_01_j_lod010v41bf800000
xmodelsurfs,#hr2_vista_bldg_01_k_lod010v41bf800000
xmodelsurfs,#hr2_vista_bldg_01_l_lod010v41bf800000
xmodelsurfs,#hub_sand_clump_02_lod010v41bf800000
xmodelsurfs,#hub_sand_clump_02_lod0_auto110v40bf800000
xmodelsurfs,#hub_sand_clump_02_lod0_auto1_auto210v40bf800000
xmodelsurfs,#hub_sand_clump_02_lod0_auto1_auto2_auto310v40bf800000
xmodelsurfs,#hub_sand_clump_02_lod0_auto1_auto2_auto3_auto410v40bf800000
xmodelsurfs,#hub_summer_grill_01_lod010v011bf800000
xmodelsurfs,#hub_summer_grill_01_lod0_auto110v010bf800000
xmodelsurfs,#hub_summer_grill_01_lod0_auto1_auto210v010bf800000
xmodelsurfs,#hub_summer_surfboard_01_lod010v41bf800000
xmodelsurfs,#hub_summer_surfboard_01_lod0_auto110v40bf800000
xmodelsurfs,#hub_summer_surfboard_01_lod0_auto1_auto210v40bf800000
xmodelsurfs,#hub_summer_surfboard_02_lod010v41bf800000
xmodelsurfs,#hub_summer_surfboard_02_lod0_auto110v40bf800000
xmodelsurfs,#hub_summer_surfboard_02_lod0_auto1_auto210v40bf800000
xmodelsurfs,#hub_tent_large_01_lod000v011bf800000
xmodelsurfs,#hub_tent_large_01_lod0_auto100v40bf800000
xmodelsurfs,#hub_tent_large_01_lod0_auto1_auto200v40bf800000
xmodelsurfs,#hub_tent_large_01_lod0_auto1_auto2_auto300v40bf800000
xmodelsurfs,#hub_tent_large_01_lod0_auto1_auto2_auto3_auto400v40bf800000
xmodelsurfs,#hub_tent_large_01_lod0_auto1_auto2_auto3_auto4_auto500v40bf800000
xmodelsurfs,#hur_paper_garbage_01_lod010v41bf800000
xmodelsurfs,#hur_paper_garbage_01_lod0_auto110v40bf800000
xmodelsurfs,#hur_paper_garbage_01_lod0_auto1_auto210v40bf800000
xmodelsurfs,#hur_paper_garbage_01_lod0_auto1_auto2_auto310v40bf800000
xmodelsurfs,#hur_paper_garbage_03_lod010-ts1-v41bf800000
xmodelsurfs,#hur_paper_garbage_03_lod0_auto110-ts1-v40bf800000
xmodelsurfs,#hur_paper_garbage_03_lod0_auto1_auto210-ts1-v40bf800000
xmodelsurfs,#hur_paper_garbage_03_lod0_auto1_auto2_auto310-ts1-v40bf800000
xmodelsurfs,#hur_tent_01_war_big_lod010v40bf800000
xmodelsurfs,#hur_tent_01_war_big_lod0_auto110v40bf800000
xmodelsurfs,#hur_tent_01_war_big_lod0_auto1_auto210v40bf800000
xmodelsurfs,#hur_tent_01_war_big_lod0_auto1_auto2_auto310v40bf800000
xmodelsurfs,#hur_tent_02_war_big_lod010v010bf800000
xmodelsurfs,#hur_tent_02_war_big_lod0_auto110v010bf800000
xmodelsurfs,#hur_tent_02_war_big_lod0_auto1_auto210v010bf800000
xmodelsurfs,#hur_tent_02_war_big_lod0_auto1_auto2_auto310v010bf800000
xmodelsurfs,#hur_tent_lrg_01_lod010v41bf800000
xmodelsurfs,#hur_tent_lrg_01_lod0_auto110v40bf800000
xmodelsurfs,#hur_tent_lrg_01_lod0_auto1_auto210v40bf800000
xmodelsurfs,#hur_tent_lrg_01_lod0_auto1_auto2_auto310v40bf800000
xmodelsurfs,#hur_tent_lrg_01_lod0_auto1_auto2_auto3_auto410v40bf800000
xmodelsurfs,#hur_tent_lrg_02_lod010v51bf800000
xmodelsurfs,#hur_tent_lrg_02_lod0_auto110v50bf800000
xmodelsurfs,#hur_tent_lrg_02_lod0_auto1_auto210v50bf800000
xmodelsurfs,#hur_tent_lrg_02_lod0_auto1_auto2_auto310v50bf800000
xmodelsurfs,#hur_tent_lrg_02_lod0_auto1_auto2_auto3_auto410v50bf800000
xmodelsurfs,#hur_tent_lrg_03_lod010-1-v411bf800000
xmodelsurfs,#hur_tent_lrg_03_lod0_auto110-1-v410bf800000
xmodelsurfs,#hur_tent_lrg_03_lod0_auto1_auto210-1-v410bf800000
xmodelsurfs,#hur_tent_lrg_03_lod0_auto1_auto2_auto310-1-v410bf800000
xmodelsurfs,#hur_tent_lrg_03_lod0_auto1_auto2_auto3_auto410-1-v410bf800000
xmodelsurfs,#hur_tent_lrg_03_lod0_auto1_auto2_auto3_auto4_auto510-1-v410bf800000
xmodelsurfs,#hur_tent_lrg_04_lod010-85-v151bf800000
xmodelsurfs,#hur_tent_lrg_04_lod0_auto110-85-v150bf800000
xmodelsurfs,#hur_tent_lrg_04_lod0_auto1_auto210-85-v150bf800000
xmodelsurfs,#hur_tent_lrg_04_lod0_auto1_auto2_auto310-85-v150bf800000
xmodelsurfs,#hur_tent_lrg_04_lod0_auto1_auto2_auto3_auto410-85-v150bf800000
xmodelsurfs,#hur_tent_lrg_04_lod0_auto1_auto2_auto3_auto4_auto510-85-v150bf800000
xmodelsurfs,#hur_tent_med_lod110v011bf800000
xmodelsurfs,#hur_tent_med_lod1_auto110v010bf800000
xmodelsurfs,#hur_tent_med_lod1_auto1_auto210v010bf800000
xmodelsurfs,#hur_tent_med_lod1_auto1_auto2_auto310v010bf800000
xmodelsurfs,#hur_tent_med_lod1_auto1_auto2_auto3_auto410v010bf800000
xmodelsurfs,#hur_tent_med_lod1_auto1_auto2_auto3_auto4_auto510v010bf800000
xmodelsurfs,#lm_tree_dead_branch_02_lod010v41bf800000
xmodelsurfs,#lm_tree_dead_branch_02_lod0_auto110v40bf800000
xmodelsurfs,#lm_tree_dead_branch_02_lod0_auto1_auto210v40bf800000
xmodelsurfs,#lm_tree_dead_branch_02_lod0_auto1_auto2_auto310v40bf800000
xmodelsurfs,#lm_weapon_vm_mg_mobile_turret_br_lod010-4413-v000551bf800000
xmodelsurfs,#lm_weapon_vm_mg_mobile_turret_br_lod0_auto110-4413-v000550bf800000
xmodelsurfs,#lm_weapon_vm_mg_mobile_turret_br_lod0_auto1_auto210-4413-v000550bf800000
xmodelsurfs,#lm_weapon_vm_mg_mobile_turret_br_lod0_auto1_auto2_auto310-4413-v000550bf800000
xmodelsurfs,#lm_weapon_vm_mg_mobile_turret_br_lod0_auto1_auto2_auto3_auto410-4413-v000510bf800000
xmodelsurfs,#lon_air_drop_can_01_b_lod010v41bf800000
xmodelsurfs,#lon_air_drop_can_01_b_lod0_auto110v40bf800000
xmodelsurfs,#lon_air_drop_can_01_b_lod0_auto1_auto210v40bf800000
xmodelsurfs,#lon_create_set_02_lod010v41bf800000
xmodelsurfs,#lon_create_set_02_lod0_auto110v40bf800000
xmodelsurfs,#lon_create_set_02_lod0_auto1_auto210v40bf800000
xmodelsurfs,#lon_create_set_04_lod010v41bf800000
xmodelsurfs,#lon_create_set_04_lod0_auto110v40bf800000
xmodelsurfs,#lon_create_set_04_lod0_auto1_auto210v40bf800000
xmodelsurfs,#lon_create_set_05_lod010v41bf800000
xmodelsurfs,#lon_create_set_05_lod0_auto110v40bf800000
xmodelsurfs,#lon_create_set_05_lod0_auto1_auto210v40bf800000
xmodelsurfs,#lon_create_set_07_lod110v41bf800000
xmodelsurfs,#lon_create_set_07_lod1_auto110v40bf800000
xmodelsurfs,#lon_create_set_07_lod1_auto1_auto210v40bf800000
xmodelsurfs,#lon_create_set_07_lod1_auto1_auto2_auto310v40bf800000
xmodelsurfs,#me_foliage_tree_palm_dead_02_billboard_lod010v60bf800000
xmodelsurfs,#me_folioage_tree_aplm_dead_01_billboard_lod010v60bf800000
xmodelsurfs,#me_gas_lantern_01_lastlod10-1--7074293a-v41041f83dd5
xmodelsurfs,#me_gas_lantern_01_lod000-1--7074293a-v41141f83dd5
xmodelsurfs,#me_gas_lantern_01_lod0_auto100-1--7074293a-v41041f83dd5
xmodelsurfs,#me_gas_lantern_01_lod0_auto1_auto200-1--7074293a-v41041f83dd5
xmodelsurfs,#me_gas_lantern_01_lod0_auto1_auto2_auto300-1--7074293a-v41041f83dd5
xmodelsurfs,#me_gas_lantern_02_lastlod10-1-v41042158118
xmodelsurfs,#me_gas_lantern_02_lod010-1-v41142158118
xmodelsurfs,#me_gas_lantern_02_lod0_auto110-1-v41042158118
xmodelsurfs,#me_gas_lantern_02_lod0_auto1_auto210-1-v41042158118
xmodelsurfs,#me_shovel_00_lod010-ts1-v40bf800000
xmodelsurfs,#me_traffic_cone_01_lod010v011bf800000
xmodelsurfs,#me_traffic_cone_01_lod110v010bf800000
xmodelsurfs,#me_traffic_cone_01_lod210-1-v40bf800000
xmodelsurfs,#metal_shrapnel_a_04_lod010v41419393c4
xmodelsurfs,#metal_shrapnel_a_04_lod110v40419393c4
xmodelsurfs,#metal_shrapnel_a_04_lod1_auto210v40419393c4
xmodelsurfs,#metal_shrapnel_a_08_lod010v414198b0ed
xmodelsurfs,#metal_shrapnel_a_08_lod110v404198b0ed
xmodelsurfs,#metal_shrapnel_a_08_lod1_auto210v404198b0ed
xmodelsurfs,#military_cp_crafting_crate_wood_lod000v05142340525
xmodelsurfs,#military_cp_crafting_crate_wood_lod100v4042340525
xmodelsurfs,#military_cp_crafting_crate_wood_lod200v4042340525
xmodelsurfs,#military_cp_crafting_crate_wood_lod2_auto300v4042340525
xmodelsurfs,#military_hq_crate_01_lod010v00001142b84c17
xmodelsurfs,#military_hq_crate_01_lod0_auto110v004042b84c17
xmodelsurfs,#military_hq_crate_01_lod0_auto1_auto210v001042b84c17
xmodelsurfs,#military_hq_crate_01_lodx10v4042b84c17
xmodelsurfs,#mkg_albizia_tree_01_wnd_lod011v211bf800000
xmodelsurfs,#mkg_albizia_tree_01_wnd_lod0_auto111v210bf800000
xmodelsurfs,#mkg_albizia_tree_01_wnd_lod0_auto1_auto211v210bf800000
xmodelsurfs,#mkg_albizia_tree_01_wnd_lod0_auto1_auto2_auto311v210bf800000
xmodelsurfs,#mkg_albizia_tree_01_wnd_lod0_auto1_auto2_auto3_auto411v210bf800000
xmodelsurfs,#mkg_albizia_tree_01_wnd_lod0_auto1_auto2_auto3_auto4_auto511v210bf800000
xmodelsurfs,#mkg_banana_tree_01_wnd_lod011va61bf800000
xmodelsurfs,#mkg_banana_tree_01_wnd_lod0_auto111va60bf800000
xmodelsurfs,#mkg_banana_tree_01_wnd_lod0_auto1_auto211va10bf800000
xmodelsurfs,#mkg_banana_tree_01_wnd_lod0_auto1_auto2_auto311va10bf800000
xmodelsurfs,#mkg_banana_tree_01_wnd_lod0_auto1_auto2_auto3_auto411va10bf800000
xmodelsurfs,#mkg_banana_tree_01_wnd_lod0_auto1_auto2_auto3_auto4_auto511va10bf800000
xmodelsurfs,#mkg_banana_tree_02_wnd_lod011va11bf800000
xmodelsurfs,#mkg_banana_tree_02_wnd_lod0_auto111va10bf800000
xmodelsurfs,#mkg_banana_tree_02_wnd_lod0_auto1_auto211va10bf800000
xmodelsurfs,#mkg_banana_tree_02_wnd_lod0_auto1_auto2_auto311va10bf800000
xmodelsurfs,#mkg_banana_tree_02_wnd_lod0_auto1_auto2_auto3_auto411va10bf800000
xmodelsurfs,#mkg_banana_tree_02_wnd_lod0_auto1_auto2_auto3_auto4_auto511va10bf800000
xmodelsurfs,#mkg_foliage_dead_leaf_debris_03_lod010v41bf800000
xmodelsurfs,#mkg_foliage_dead_leaf_debris_03_lod0_auto110v40bf800000
xmodelsurfs,#mkg_foliage_dead_leaf_debris_03_lod0_auto1_auto210v40bf800000
xmodelsurfs,#mkg_foliage_dead_leaf_debris_03_lod0_auto1_auto2_auto310v40bf800000
xmodelsurfs,#mkg_foliage_dead_leaf_debris_03_lod0_auto1_auto2_auto3_auto410v40bf800000
xmodelsurfs,#mkg_foliage_plant_areca_hvy_wnd_lod011hffv210bf800000
xmodelsurfs,#mkg_foliage_plant_areca_hvy_wnd_lod0_auto111hffv210bf800000
xmodelsurfs,#mkg_foliage_plant_areca_hvy_wnd_lod0_auto1_auto211hffv210bf800000
xmodelsurfs,#mkg_foliage_plant_areca_hvy_wnd_lod0_auto1_auto2_auto311hffv60bf800000
xmodelsurfs,#mkg_foliage_plant_areca_hvy_wnd_lod0_auto1_auto2_auto3_auto411hffv60bf800000
xmodelsurfs,#mkg_foliage_plant_areca_hvy_wnd_lod0_auto1_auto2_auto3_auto4_auto511hffv60bf800000
xmodelsurfs,#mkg_foliage_plant_areca_hvy_wnd_lod0_auto1_auto2_auto3_auto4_auto5_auto611hffv40bf800000
xmodelsurfs,#mkg_foliage_plant_areca_med_wnd_lod011v60bf800000
xmodelsurfs,#mkg_foliage_plant_areca_med_wnd_lod0_auto111v60bf800000
xmodelsurfs,#mkg_foliage_plant_areca_med_wnd_lod0_auto1_auto211v60bf800000
xmodelsurfs,#mkg_foliage_plant_areca_med_wnd_lod0_auto1_auto2_auto311v60bf800000
xmodelsurfs,#mkg_foliage_plant_areca_med_wnd_lod0_auto1_auto2_auto3_auto411v60bf800000
xmodelsurfs,#mkg_foliage_plant_areca_med_wnd_lod0_auto1_auto2_auto3_auto4_auto511v60bf800000
xmodelsurfs,#mkg_foliage_plant_areca_sml_a_wnd_lod011v210bf800000
xmodelsurfs,#mkg_foliage_plant_areca_sml_a_wnd_lod0_auto111v210bf800000
xmodelsurfs,#mkg_foliage_plant_areca_sml_a_wnd_lod0_auto1_auto211v60bf800000
xmodelsurfs,#mkg_foliage_plant_areca_sml_a_wnd_lod0_auto1_auto2_auto311v60bf800000
xmodelsurfs,#mkg_foliage_plant_areca_sml_a_wnd_lod0_auto1_auto2_auto3_auto411v60bf800000
xmodelsurfs,#mkg_foliage_plant_areca_sml_a_wnd_lod0_auto1_auto2_auto3_auto4_auto511v60bf800000
xmodelsurfs,#mkg_foliage_plant_areca_sml_b_wnd_lod011v60bf800000
xmodelsurfs,#mkg_foliage_plant_areca_sml_b_wnd_lod0_auto111v60bf800000
xmodelsurfs,#mkg_foliage_plant_areca_sml_b_wnd_lod0_auto1_auto211v60bf800000
xmodelsurfs,#mkg_foliage_plant_areca_sml_b_wnd_lod0_auto1_auto2_auto311v60bf800000
xmodelsurfs,#mkg_foliage_plant_areca_sml_b_wnd_lod0_auto1_auto2_auto3_auto411v60bf800000
xmodelsurfs,#mkg_foliage_plant_areca_sml_b_wnd_lod0_auto1_auto2_auto3_auto4_auto511v60bf800000
xmodelsurfs,#mkg_foliage_ti_plant_cordyline_fruiticosa_01_short_wnd_lod011v61bf800000
xmodelsurfs,#mkg_foliage_ti_plant_cordyline_fruiticosa_01_short_wnd_lod0_auto111v60bf800000
xmodelsurfs,#mkg_foliage_ti_plant_cordyline_fruiticosa_01_short_wnd_lod0_auto1_auto211v60bf800000
xmodelsurfs,#mkg_foliage_ti_plant_cordyline_fruiticosa_01_short_wnd_lod0_auto1_auto2_auto311v60bf800000
xmodelsurfs,#mkg_foliage_ti_plant_cordyline_fruiticosa_01_short_wnd_lod0_auto1_auto2_auto3_auto411v60bf800000
xmodelsurfs,#mkg_foliage_tree_broadleaf_filler_sm_03_wnd_lod011hffv211bf800000
xmodelsurfs,#mkg_foliage_tree_broadleaf_filler_sm_03_wnd_lod0_auto111hffv210bf800000
xmodelsurfs,#mkg_foliage_tree_broadleaf_filler_sm_03_wnd_lod0_auto1_auto211hffv210bf800000
xmodelsurfs,#mkg_foliage_tree_broadleaf_filler_sm_03_wnd_lod0_auto1_auto2_auto311hffv210bf800000
xmodelsurfs,#mkg_foliage_tree_broadleaf_filler_sm_03_wnd_lod0_auto1_auto2_auto3_auto411hffv210bf800000
xmodelsurfs,#mkg_foliage_tree_broadleaf_filler_sm_03_wnd_lod0_auto1_auto2_auto3_auto4_auto511hffv210bf800000
xmodelsurfs,#mkg_foliage_tree_date_palm_01_wnd_lod011hffv211bf800000
xmodelsurfs,#mkg_foliage_tree_date_palm_01_wnd_lod0_auto111hffv210bf800000
xmodelsurfs,#mkg_foliage_tree_date_palm_01_wnd_lod0_auto1_auto211hffv210bf800000
xmodelsurfs,#mkg_foliage_tree_date_palm_01_wnd_lod0_auto1_auto2_auto311hffv210bf800000
xmodelsurfs,#mkg_foliage_tree_date_palm_01_wnd_lod0_auto1_auto2_auto3_auto411hffv210bf800000
xmodelsurfs,#mkg_foliage_tree_date_palm_01_wnd_lod0_auto1_auto2_auto3_auto4_auto511hffv210bf800000
xmodelsurfs,#mkg_foliage_tree_date_palm_01_wnd_lod0_auto1_auto2_auto3_auto4_auto5_auto611hffv40bf800000
xmodelsurfs,#mkg_foliage_tree_palm_coconut_tall_bent_01_wnd_lod011-5-v28410bf800000
xmodelsurfs,#mkg_foliage_tree_palm_coconut_tall_bent_01_wnd_lod0_auto111-5-v28410bf800000
xmodelsurfs,#mkg_foliage_tree_palm_coconut_tall_bent_01_wnd_lod0_auto1_auto211-5-v28410bf800000
xmodelsurfs,#mkg_foliage_tree_palm_coconut_tall_bent_01_wnd_lod0_auto1_auto2_auto311-5-v28410bf800000
xmodelsurfs,#mkg_foliage_tree_palm_coconut_tall_bent_01_wnd_lod0_auto1_auto2_auto3_auto411-5-v20610bf800000
xmodelsurfs,#mkg_foliage_tree_palm_coconut_tall_bent_01_wnd_lod0_auto1_auto2_auto3_auto4_auto511-5-v20610bf800000
xmodelsurfs,#mkg_foliage_tree_palm_coconut_tall_bent_02_wnd_lod011-5-v20611bf800000
xmodelsurfs,#mkg_foliage_tree_palm_coconut_tall_bent_02_wnd_lod0_auto111-5-v20610bf800000
xmodelsurfs,#mkg_foliage_tree_palm_coconut_tall_bent_02_wnd_lod0_auto1_auto211-5-v20610bf800000
xmodelsurfs,#mkg_foliage_tree_palm_coconut_tall_bent_02_wnd_lod0_auto1_auto2_auto311-5-v20610bf800000
xmodelsurfs,#mkg_foliage_tree_palm_coconut_tall_bent_02_wnd_lod0_auto1_auto2_auto3_auto411-5-v20610bf800000
xmodelsurfs,#mkg_foliage_tree_palm_coconut_tall_wnd_lod011-5-v28411bf800000
xmodelsurfs,#mkg_foliage_tree_palm_coconut_tall_wnd_lod0_auto111-5-v28410bf800000
xmodelsurfs,#mkg_foliage_tree_palm_coconut_tall_wnd_lod0_auto1_auto211-5-v28410bf800000
xmodelsurfs,#mkg_foliage_tree_palm_coconut_tall_wnd_lod0_auto1_auto2_auto311-5-v28410bf800000
xmodelsurfs,#mkg_foliage_tree_palm_coconut_tall_wnd_lod0_auto1_auto2_auto3_auto411-5-v28410bf800000
xmodelsurfs,#mkg_foliage_tree_palm_frond_01_lod110v211bf800000
xmodelsurfs,#mkg_foliage_tree_palm_frond_01_lod1_auto110v210bf800000
xmodelsurfs,#mkg_foliage_tree_palm_frond_01_lod1_auto1_auto210v210bf800000
xmodelsurfs,#mkg_foliage_tree_palm_frond_01_lod1_auto1_auto2_auto310v60bf800000
xmodelsurfs,#mkg_foliage_tree_palm_frond_01_lod1_auto1_auto2_auto3_auto410v60bf800000
xmodelsurfs,#mkg_foliage_tree_palm_frond_02_lod110v211bf800000
xmodelsurfs,#mkg_foliage_tree_palm_frond_02_lod1_auto110v210bf800000
xmodelsurfs,#mkg_foliage_tree_palm_frond_02_lod1_auto1_auto210v210bf800000
xmodelsurfs,#mkg_foliage_tree_palm_frond_02_lod1_auto1_auto2_auto310v210bf800000
xmodelsurfs,#mkg_foliage_tree_palm_frond_02_lod1_auto1_auto2_auto3_auto410v210bf800000
xmodelsurfs,#mkg_foliage_tree_palm_frond_03_lod110v211bf800000
xmodelsurfs,#mkg_foliage_tree_palm_frond_03_lod1_auto110v210bf800000
xmodelsurfs,#mkg_foliage_tree_palm_frond_03_lod1_auto1_auto210v210bf800000
xmodelsurfs,#mkg_foliage_tree_palm_frond_03_lod1_auto1_auto2_auto310v210bf800000
xmodelsurfs,#mkg_foliage_tree_palm_frond_03_lod1_auto1_auto2_auto3_auto410v210bf800000
xmodelsurfs,#mkg_foliage_tree_palm_frond_04_lod110v211bf800000
xmodelsurfs,#mkg_foliage_tree_palm_frond_04_lod1_auto110v210bf800000
xmodelsurfs,#mkg_foliage_tree_palm_frond_04_lod1_auto1_auto210v210bf800000
xmodelsurfs,#mkg_foliage_tree_palm_frond_04_lod1_auto1_auto2_auto310v210bf800000
xmodelsurfs,#mkg_foliage_tree_palm_frond_04_lod1_auto1_auto2_auto3_auto410v210bf800000
xmodelsurfs,#mkg_foliage_tree_palm_frond_05_lod110v211bf800000
xmodelsurfs,#mkg_foliage_tree_palm_frond_05_lod1_auto110v210bf800000
xmodelsurfs,#mkg_foliage_tree_palm_frond_05_lod1_auto1_auto210v210bf800000
xmodelsurfs,#mkg_foliage_tree_palm_frond_05_lod1_auto1_auto2_auto310v60bf800000
xmodelsurfs,#mkg_foliage_tree_palm_frond_05_lod1_auto1_auto2_auto3_auto410v60bf800000
xmodelsurfs,#mkg_foliage_tree_palm_frond_07_lod110v211bf800000
xmodelsurfs,#mkg_foliage_tree_palm_frond_07_lod1_auto110v210bf800000
xmodelsurfs,#mkg_foliage_tree_palm_frond_07_lod1_auto1_auto210v210bf800000
xmodelsurfs,#mkg_foliage_tree_palm_frond_07_lod1_auto1_auto2_auto310v210bf800000
xmodelsurfs,#mkg_foliage_tree_palm_frond_07_lod1_auto1_auto2_auto3_auto410v210bf800000
xmodelsurfs,#mkg_hanging_vines_01_wnd_lod011v61bf800000
xmodelsurfs,#mkg_hanging_vines_01_wnd_lod0_auto111v60bf800000
xmodelsurfs,#mkg_hanging_vines_01_wnd_lod0_auto1_auto211v60bf800000
xmodelsurfs,#mkg_hanging_vines_01_wnd_lod0_auto1_auto2_auto311v60bf800000
xmodelsurfs,#mkg_hanging_vines_03_wnd_lod011v61bf800000
xmodelsurfs,#mkg_hanging_vines_03_wnd_lod0_auto111v60bf800000
xmodelsurfs,#mkg_hanging_vines_03_wnd_lod0_auto1_auto211v60bf800000
xmodelsurfs,#mkg_hanging_vines_04_wnd_lod011v61bf800000
xmodelsurfs,#mkg_hanging_vines_04_wnd_lod0_auto111v60bf800000
xmodelsurfs,#mkg_hanging_vines_04_wnd_lod0_auto1_auto211v60bf800000
xmodelsurfs,#mkg_hanging_vines_07_wnd_lod011v61bf800000
xmodelsurfs,#mkg_hanging_vines_07_wnd_lod0_auto111v60bf800000
xmodelsurfs,#mkg_hanging_vines_07_wnd_lod0_auto1_auto211v60bf800000
xmodelsurfs,#mkg_hanging_vines_07_wnd_lod0_auto1_auto2_auto311v60bf800000
xmodelsurfs,#mkg_hanging_vines_08_wnd_lod011v61bf800000
xmodelsurfs,#mkg_hanging_vines_08_wnd_lod0_auto111v60bf800000
xmodelsurfs,#mkg_jungle_plant_01_lod010v61bf800000
xmodelsurfs,#mkg_jungle_plant_01_lod0_auto110v60bf800000
xmodelsurfs,#mkg_jungle_plant_01_lod0_auto1_auto210v60bf800000
xmodelsurfs,#mkg_jungle_plant_01_lod0_auto1_auto2_auto310v60bf800000
xmodelsurfs,#mkg_jungle_plant_01_lod0_auto1_auto2_auto3_auto410v60bf800000
xmodelsurfs,#mkg_jungle_plant_01_lod0_auto1_auto2_auto3_auto4_auto510v60bf800000
xmodelsurfs,#mkg_mangrove_palm_01_wnd_lod011v61bf800000
xmodelsurfs,#mkg_mangrove_palm_01_wnd_lod0_auto111v60bf800000
xmodelsurfs,#mkg_mangrove_palm_01_wnd_lod0_auto1_auto211v60bf800000
xmodelsurfs,#mkg_mangrove_palm_01_wnd_lod0_auto1_auto2_auto311v60bf800000
xmodelsurfs,#mkg_mangrove_palm_01_wnd_lod0_auto1_auto2_auto3_auto411v60bf800000
xmodelsurfs,#mkg_mangrove_palm_01_wnd_lod0_auto1_auto2_auto3_auto4_auto511v60bf800000
xmodelsurfs,#mkg_mangrove_palm_short_wnd_lod011v61bf800000
xmodelsurfs,#mkg_mangrove_palm_short_wnd_lod0_auto111v60bf800000
xmodelsurfs,#mkg_mangrove_palm_short_wnd_lod0_auto1_auto211v60bf800000
xmodelsurfs,#mkg_mangrove_palm_short_wnd_lod0_auto1_auto2_auto311v60bf800000
xmodelsurfs,#mkg_mangrove_palm_short_wnd_lod0_auto1_auto2_auto3_auto411v60bf800000
xmodelsurfs,#mkg_mangrove_palm_short_wnd_lod0_auto1_auto2_auto3_auto4_auto511v60bf800000
xmodelsurfs,#mkg_vista_jungle_cluster_01_lod010v40bf800000
xmodelsurfs,#mkg_vista_jungle_cluster_01_lod0_auto110v40bf800000
xmodelsurfs,#mkg_vista_jungle_cluster_01_lod0_auto1_auto210v40bf800000
xmodelsurfs,#mkg_vista_jungle_cluster_01_lod0_auto1_auto2_auto310v40bf800000
xmodelsurfs,#mkg_vista_jungle_cluster_02_lod010v40bf800000
xmodelsurfs,#mkg_vista_jungle_cluster_02_lod0_auto110v40bf800000
xmodelsurfs,#mkg_vista_jungle_cluster_02_lod0_auto1_auto210v40bf800000
xmodelsurfs,#mkg_vista_jungle_cluster_02_lod0_auto1_auto2_auto310v40bf800000
xmodelsurfs,#mkg_vista_jungle_cluster_04_lod010v40bf800000
xmodelsurfs,#mp_hub_allies_brit_flood_light_01_destp_lod000v0114200986b
xmodelsurfs,#mp_hub_allies_brit_flood_light_01_destp_lod0_auto100v0104200986b
xmodelsurfs,#mp_hub_allies_brit_flood_light_01_destp_lod0_auto1_auto200v0104200986b
xmodelsurfs,#mp_hub_allies_brit_flood_light_01_destp_lod0_auto1_auto2_auto300v0104200986b
xmodelsurfs,#mp_hub_allies_brit_flood_light_01_destp_lod0_auto1_auto2_auto3_auto400v0104200986b
xmodelsurfs,#mp_hub_allies_brit_flood_light_01_destp_lod0_auto1_auto2_auto3_auto4_auto500v0104200986b
xmodelsurfs,#mp_hub_allies_lct_transport_01_lod010v0041bf800000
xmodelsurfs,#mp_hub_allies_lct_transport_01_lod0_auto110v0040bf800000
xmodelsurfs,#mp_hub_allies_lct_transport_01_lod0_auto1_auto210v0040bf800000
xmodelsurfs,#mp_hub_allies_supply_truck_vista_01_lod010v41bf800000
xmodelsurfs,#mp_hub_allies_supply_truck_vista_01_lod0_auto110v40bf800000
xmodelsurfs,#mp_hub_allies_supply_truck_vista_01_lod0_auto1_auto210v40bf800000
xmodelsurfs,#ndy_mud_clump_edge_128_a_lod010v41bf800000
xmodelsurfs,#ndy_mud_clump_edge_128_a_lod0_auto110v40bf800000
xmodelsurfs,#ndy_mud_clump_edge_128_a_lod0_auto1_auto210v40bf800000
xmodelsurfs,#ndy_mud_clump_edge_128_a_lod0_auto1_auto2_auto310v40bf800000
xmodelsurfs,#ndy_mud_clump_edge_128_a_lod0_auto1_auto2_auto3_auto410v40bf800000
xmodelsurfs,#ndy_rock_set_sml_03_lod010v41bf800000
xmodelsurfs,#ndy_rock_set_sml_03_lod0_auto110v40bf800000
xmodelsurfs,#ndy_rock_set_sml_03_lod0_auto1_auto210v40bf800000
xmodelsurfs,#ndy_rock_set_sml_03_lod0_auto1_auto2_auto310v40bf800000
xmodelsurfs,#ndy_rock_set_sml_03_lod0_auto1_auto2_auto3_auto410v40bf800000
xmodelsurfs,#ndy_rock_set_sml_03_lod0_auto1_auto2_auto3_auto4_auto510v40bf800000
xmodelsurfs,#ndy_seaweed_cluster_01_lod000-85-vf71bf800000
xmodelsurfs,#ndy_seaweed_cluster_01_lod0_auto100-85-vf70bf800000
xmodelsurfs,#ndy_seaweed_cluster_01_lod0_auto1_auto200-85-vf70bf800000
xmodelsurfs,#ndy_seaweed_cluster_01_lod0_auto1_auto2_auto300-85-vf70bf800000
xmodelsurfs,#ndy_seaweed_cluster_01_lod0_auto1_auto2_auto3_auto400-85-vf70bf800000
xmodelsurfs,#ndy_seaweed_cluster_01_lod0_auto1_auto2_auto3_auto4_auto510v40bf800000
xmodelsurfs,#ndy_seaweed_hedgehog_01_lod000-85-vf71bf800000
xmodelsurfs,#ndy_seaweed_hedgehog_01_lod0_auto100-85-vf70bf800000
xmodelsurfs,#ndy_usa_ship_arkansas_vista_01_lod010v41bf800000
xmodelsurfs,#ndy_usa_ship_arkansas_vista_01_lod0_auto110v40bf800000
xmodelsurfs,#ndy_usa_ship_arkansas_vista_01_lod0_auto1_auto210v40bf800000
xmodelsurfs,#ndy_usa_ship_arkansas_vista_01_lod0_auto1_auto2_auto310v40bf800000
xmodelsurfs,#ndy_usa_ship_arkansas_vista_01_lod0_auto1_auto2_auto3_auto410v40bf800000
xmodelsurfs,#p7_crate_wood_01_plank_d1_lod010v41421cdbf5
xmodelsurfs,#p7_crate_wood_01_plank_d1_lod0_auto110v40421cdbf5
xmodelsurfs,#p7_crate_wood_01_plank_d2_lod010v4141a4ad69
xmodelsurfs,#p7_zm_kin_bottle_beer10-ts1-v41bf800000
xmodelsurfs,#p7_zm_kin_bottle_beer_auto110-ts1-v40bf800000
xmodelsurfs,#par_art_deco_sconces_02_lod010v41bf800000
xmodelsurfs,#par_art_deco_sconces_02_lod0_auto110v40bf800000
xmodelsurfs,#par_art_deco_sconces_02_lod0_auto1_auto210v40bf800000
xmodelsurfs,#par_art_deco_sconces_02_lod0_auto1_auto2_auto310v40bf800000
xmodelsurfs,#par_art_deco_sconces_02_lod0_auto1_auto2_auto3_auto410v40bf800000
xmodelsurfs,#par_art_deco_sculpture_fixture_01_lod010v011bf800000
xmodelsurfs,#par_art_deco_sculpture_fixture_01_lod0_auto110v010bf800000
xmodelsurfs,#par_art_deco_sculpture_fixture_01_lod0_auto1_auto210v010bf800000
xmodelsurfs,#par_art_deco_sculpture_fixture_01_lod0_auto1_auto2_auto310v010bf800000
xmodelsurfs,#par_art_deco_sculpture_fixture_01_lod0_auto1_auto2_auto3_auto410v010bf800000
xmodelsurfs,#par_art_deco_sculpture_fixture_01_lod0_auto1_auto2_auto3_auto4_auto510v010bf800000
xmodelsurfs,#par_railing_wood_03_lod010v41bf800000
xmodelsurfs,#par_railing_wood_03_lod0_auto110v40bf800000
xmodelsurfs,#par_railing_wood_03_lod0_auto1_auto210v40bf800000
xmodelsurfs,#par_railing_wood_bannister_01_lod010v41bf800000
xmodelsurfs,#par_railing_wood_bannister_01_lod0110v40bf800000
xmodelsurfs,#par_railing_wood_bannister_01_lod0210v40bf800000
xmodelsurfs,#par_railing_wood_bannister_01_lod02_auto310v40bf800000
xmodelsurfs,#par_railing_wood_bannister_01_lod02_auto3_auto410v40bf800000
xmodelsurfs,#par_railing_wood_bannister_01_lod02_auto3_auto4_auto510v40bf800000
xmodelsurfs,#periph_city_uk_yacht_03_lod010v40bf800000
xmodelsurfs,#periph_yacht_04_lod010-1-v050bf800000
xmodelsurfs,#periph_yacht_04_lod110-1-v050bf800000
xmodelsurfs,#periph_yacht_04_lod210-1-v050bf800000
xmodelsurfs,#periph_yacht_04_lod310-1-v050bf800000
xmodelsurfs,#periph_yacht_04_lod410-1-v050bf800000
xmodelsurfs,#pool_towel2_lod010v41bf800000
xmodelsurfs,#poolside_towel_02_lod010v41bf800000
xmodelsurfs,#poolside_towel_02_lod110v40bf800000
xmodelsurfs,#poolside_towel_floor_01_lod010v41bf800000
xmodelsurfs,#poolside_towel_floor_01_lod110v40bf800000
xmodelsurfs,#s4_afr_champhill_wood_crate_01_lod010-ts1-v41bf800000
xmodelsurfs,#s4_afr_champhill_wood_crate_01_lod0_auto110-ts1-v40bf800000
xmodelsurfs,#s4_afr_champhill_wood_crate_01_lod0_auto1_auto210-ts1-v40bf800000
xmodelsurfs,#s4_afr_champhill_wood_crate_01_lod0_auto1_auto2_auto310-ts1-v40bf800000
xmodelsurfs,#s4_afr_champhill_wood_crate_01_lod0_auto1_auto2_auto3_auto410-ts1-v40bf800000
xmodelsurfs,#s4_afr_ger_barrel_02_lid_lod010-ts1-v41428aabea
xmodelsurfs,#s4_afr_ger_barrel_02_lid_lod0_auto110-ts1-v40428aabea
xmodelsurfs,#s4_afr_ger_barrel_02_lid_lod0_auto1_auto210-ts1-v40428aabea
xmodelsurfs,#s4_afr_ger_barrel_02_lid_lod0_auto1_auto2_auto310-ts1-v40428aabea
xmodelsurfs,#s4_afr_ger_barrel_02_lid_lod0_auto1_auto2_auto3_auto410-ts1-v40428aabea
xmodelsurfs,#s4_afr_ger_barrel_03_lod010-1--ts1-v8051bf800000
xmodelsurfs,#s4_afr_ger_barrel_03_lod0_auto110-1--ts1-v8050bf800000
xmodelsurfs,#s4_afr_ger_barrel_03_lod0_auto1_auto210-1--ts1-v8050bf800000
xmodelsurfs,#s4_afr_ger_barrel_03_lod0_auto1_auto2_auto310-1--ts1-v8410bf800000
xmodelsurfs,#s4_afr_ger_barrel_03_lod0_auto1_auto2_auto3_auto410-1--ts1-v8410bf800000
xmodelsurfs,#s4_afr_ger_barrel_destroyed_02_lod010v41420b2db2
xmodelsurfs,#s4_afr_ger_barrel_destroyed_02_lod0_auto110v40420b2db2
xmodelsurfs,#s4_afr_ger_barrel_destroyed_02_lod0_auto1_auto210v40420b2db2
xmodelsurfs,#s4_afr_ger_barrel_destroyed_02_lod0_auto1_auto2_auto310v40420b2db2
xmodelsurfs,#s4_afr_ger_barrel_destroyed_02_lod0_auto1_auto2_auto3_auto410v40420b2db2
xmodelsurfs,#s4_barrel_wood_small_01_destp_lod010-ts1-hffv011423ecf6c
xmodelsurfs,#s4_barrel_wood_small_01_destp_lod0_auto110-ts1-hffv40423ecf6c
xmodelsurfs,#s4_barrel_wood_small_01_destp_lod0_auto1_auto210-ts1-hffv40423ecf6c
xmodelsurfs,#s4_cob_tire_01_lod010-ts1-v41bf800000
xmodelsurfs,#s4_cob_tire_01_lod0_auto110-ts1-v40bf800000
xmodelsurfs,#s4_cob_tire_01_lod0_auto1_auto210-ts1-v40bf800000
xmodelsurfs,#s4_crate_wood_large_02_destp_lod010-ts1-hffv0114288b2cf
xmodelsurfs,#s4_crate_wood_large_02_destp_lod0_auto110-ts1-hffv0104288b2cf
xmodelsurfs,#s4_crate_wood_large_02_destp_lod0_auto1_auto210-ts1-hffv0104288b2cf
xmodelsurfs,#s4_crate_wood_large_02_destp_lod0_auto1_auto2_auto310-ts1-hffv0104288b2cf
xmodelsurfs,#s4_crate_wood_large_02_destp_lod0_auto1_auto2_auto3_auto410-ts1-hffv0104288b2cf
xmodelsurfs,#s4_crate_wood_small_pieces_1_dyn_lod010-ts1-v011410df852
xmodelsurfs,#s4_fence_wood_slats_01_door_dyn_01_lod010-ts1-v01141c2a1b4
xmodelsurfs,#s4_fence_wood_slats_01_door_dyn_01_lod0_auto110-ts1-v01041c2a1b4
xmodelsurfs,#s4_fence_wood_slats_01_door_dyn_01_lod0_auto1_auto210-ts1-v01041c2a1b4
xmodelsurfs,#s4_fence_wood_slats_01_door_dyn_01_lod0_auto1_auto2_auto310-ts1-v01041c2a1b4
xmodelsurfs,#s4_fence_wood_slats_01_door_dyn_01_lod0_auto1_auto2_auto3_auto410-ts1-v4041c2a1b4
xmodelsurfs,#s4_foliage_poppy_flower_vista_01_lod010v71bf800000
xmodelsurfs,#s4_foliage_poppy_flower_vista_01_lod0_auto110v40bf800000
xmodelsurfs,#s4_fra_grass_green_03_lod010-ts1-hffv70bf800000
xmodelsurfs,#s4_fra_grass_green_03_lod0_auto110-ts1-hffv70bf800000
xmodelsurfs,#s4_fra_grass_green_03_lod0_auto1_auto210-ts1-hffv70bf800000
xmodelsurfs,#s4_fra_grass_green_03_lod310-ts1-hffv70bf800000
xmodelsurfs,#s4_fra_grass_green_03_lod3_auto410-ts1-hffv70bf800000
xmodelsurfs,#s4_fra_grass_green_03_lod3_auto4_auto510-ts1-hffv40bf800000
xmodelsurfs,#s4_fra_toy_duck_01_lod010-ts1-v41411a5188
xmodelsurfs,#s4_fra_toy_duck_01_lod0_auto110-ts1-v40411a5188
xmodelsurfs,#s4_fra_toy_duck_01_lod0_auto1_auto210-ts1-v40411a5188
xmodelsurfs,#s4_generic_bomb_for_crate_destp_lod010-ts1-hffv40420eb506
xmodelsurfs,#s4_generic_bomb_for_crate_destp_lod0_auto110-ts1-hffv40420eb506
xmodelsurfs,#s4_generic_bomb_for_crate_destp_lod0_auto1_auto210-ts1-hffv40420eb506
xmodelsurfs,#s4_generic_bomb_for_crate_destp_lod0_auto1_auto2_auto310-ts1-hffv40420eb506
xmodelsurfs,#s4_generic_bomb_for_crate_destp_lod0_auto1_auto2_auto3_auto410-ts1-hffv40420eb506
xmodelsurfs,#s4_ger_cardboard_box_02_lod010-ts1-v4142032858
xmodelsurfs,#s4_ger_cardboard_box_02_lod0_auto110-ts1-v4042032858
xmodelsurfs,#s4_ger_cardboard_box_02_lod0_auto1_auto210-ts1-v4042032858
xmodelsurfs,#s4_ger_checkpoint_hut_barrier_01_lod010v011bf800000
xmodelsurfs,#s4_ger_checkpoint_hut_barrier_01_lod0_auto110v010bf800000
xmodelsurfs,#s4_ger_checkpoint_hut_barrier_01_lod0_auto1_auto210v010bf800000
xmodelsurfs,#s4_ger_checkpoint_hut_barrier_01_lod0_auto1_auto2_auto310v010bf800000
xmodelsurfs,#s4_ger_checkpoint_hut_barrier_01_lod0_auto1_auto2_auto3_auto410v010bf800000
xmodelsurfs,#s4_ger_container_ammo_metal_01_lod010-d59c1e1e-v414232f161
xmodelsurfs,#s4_ger_container_ammo_metal_01_lod010v41bf800000
xmodelsurfs,#s4_ger_container_ammo_metal_01_lod0_auto110-d59c1e1e-v404232f161
xmodelsurfs,#s4_ger_container_ammo_metal_01_lod0_auto110v40bf800000
xmodelsurfs,#s4_ger_container_ammo_metal_01_lod0_auto1_auto210-d59c1e1e-v404232f161
xmodelsurfs,#s4_ger_container_ammo_metal_01_lod0_auto1_auto210v40bf800000
xmodelsurfs,#s4_ger_container_ammo_metal_01_lod0_auto1_auto2_auto310-d59c1e1e-v404232f161
xmodelsurfs,#s4_ger_container_ammo_metal_01_lod0_auto1_auto2_auto310v40bf800000
xmodelsurfs,#s4_ger_container_ammo_metal_01_lod0_auto1_auto2_auto3_auto410-d59c1e1e-v404232f161
xmodelsurfs,#s4_ger_container_ammo_metal_01_lod0_auto1_auto2_auto3_auto410v40bf800000
xmodelsurfs,#s4_ger_container_ammo_metal_02_lod010-ts1-v4141997add
xmodelsurfs,#s4_ger_container_ammo_metal_02_lod0_auto110-ts1-v4041997add
xmodelsurfs,#s4_ger_container_ammo_metal_02_lod0_auto1_auto210-ts1-v4041997add
xmodelsurfs,#s4_ger_container_ammo_metal_02_lod0_auto1_auto2_auto310-ts1-v4041997add
xmodelsurfs,#s4_ger_container_ammo_metal_02_lod0_auto1_auto2_auto3_auto410-ts1-v4041997add
xmodelsurfs,#s4_ger_container_ammo_metal_02_lod0_auto1_auto2_auto3_auto4_auto510-ts1-v4041997add
xmodelsurfs,#s4_ger_container_ammo_metal_03_closed_lod010-ts1-v4141a2f1bd
xmodelsurfs,#s4_ger_container_ammo_metal_03_closed_lod0_auto110-ts1-v4041a2f1bd
xmodelsurfs,#s4_ger_container_ammo_metal_03_closed_lod0_auto1_auto210-ts1-v4041a2f1bd
xmodelsurfs,#s4_ger_container_ammo_metal_03_closed_lod0_auto1_auto2_auto310-ts1-v4041a2f1bd
xmodelsurfs,#s4_ger_container_ammo_metal_03_closed_lod0_auto1_auto2_auto3_auto410-ts1-v4041a2f1bd
xmodelsurfs,#s4_ger_crate_ammo_palette_stack_tarp_02_desert_lod010-ts1-v211bf800000
xmodelsurfs,#s4_ger_crate_ammo_palette_stack_tarp_02_desert_lod0_auto110-ts1-v210bf800000
xmodelsurfs,#s4_ger_crate_ammo_palette_stack_tarp_02_desert_lod0_auto1_auto210-ts1-v210bf800000
xmodelsurfs,#s4_ger_crate_ammo_palette_stack_tarp_02_desert_lod0_auto1_auto2_auto310-ts1-v210bf800000
xmodelsurfs,#s4_ger_crate_ammo_palette_stack_tarp_02_desert_lod0_auto1_auto2_auto3_auto410-ts1-v210bf800000
xmodelsurfs,#s4_ger_jerry_can_01_water_lod010-ts1-v4141f5774c
xmodelsurfs,#s4_ger_jerry_can_01_water_lod010-ts1-v41bf800000
xmodelsurfs,#s4_ger_jerry_can_01_water_lod0_auto110-ts1-v4041f5774c
xmodelsurfs,#s4_ger_jerry_can_01_water_lod0_auto110-ts1-v40bf800000
xmodelsurfs,#s4_ger_jerry_can_01_water_lod0_auto1_auto210-ts1-v4041f5774c
xmodelsurfs,#s4_ger_jerry_can_01_water_lod0_auto1_auto210-ts1-v40bf800000
xmodelsurfs,#s4_ger_jerry_can_01_water_lod0_auto1_auto2_auto310-ts1-v4041f5774c
xmodelsurfs,#s4_ger_jerry_can_01_water_lod0_auto1_auto2_auto310-ts1-v40bf800000
xmodelsurfs,#s4_ger_jerry_can_01_water_lod0_auto1_auto2_auto3_auto410-ts1-v4041f5774c
xmodelsurfs,#s4_ger_jerry_can_01_water_lod0_auto1_auto2_auto3_auto410-ts1-v40bf800000
xmodelsurfs,#s4_ger_toolbox_open_full_01_closed_lod010-ts1-v4141ea94d8
xmodelsurfs,#s4_ger_toolbox_open_full_01_closed_lod0_auto110-ts1-v4041ea94d8
xmodelsurfs,#s4_ger_toolbox_open_full_01_closed_lod0_auto1_auto210-ts1-v4041ea94d8
xmodelsurfs,#s4_ger_toolbox_open_full_01_closed_lod0_auto1_auto2_auto310-ts1-v4041ea94d8
xmodelsurfs,#s4_ger_toolbox_open_full_01_closed_lod0_auto1_auto2_auto3_auto410-ts1-v4041ea94d8
xmodelsurfs,#s4_ger_toolbox_open_full_01_lod010v01141ffb9de
xmodelsurfs,#s4_ger_toolbox_open_full_01_lod010v011bf800000
xmodelsurfs,#s4_ger_toolbox_open_full_01_lod0_auto110v01041ffb9de
xmodelsurfs,#s4_ger_toolbox_open_full_01_lod0_auto110v010bf800000
xmodelsurfs,#s4_ger_toolbox_open_full_01_lod0_auto1_auto210v01041ffb9de
xmodelsurfs,#s4_ger_toolbox_open_full_01_lod0_auto1_auto210v010bf800000
xmodelsurfs,#s4_ger_toolbox_open_full_01_lod0_auto1_auto2_auto310v01041ffb9de
xmodelsurfs,#s4_ger_toolbox_open_full_01_lod0_auto1_auto2_auto310v010bf800000
xmodelsurfs,#s4_ger_toolbox_open_full_01_lod0_auto1_auto2_auto3_auto410v4041ffb9de
xmodelsurfs,#s4_ger_toolbox_open_full_01_lod0_auto1_auto2_auto3_auto410v40bf800000
xmodelsurfs,#s4_ger_train_barrels_01_lod010-ts1-v8041bf800000
xmodelsurfs,#s4_ger_train_barrels_01_lod0_auto110-ts1-v8040bf800000
xmodelsurfs,#s4_ger_train_barrels_01_lod0_auto1_auto210-ts1-v8040bf800000
xmodelsurfs,#s4_ger_train_barrels_01_lod0_auto1_auto2_auto310-ts1-v8040bf800000
xmodelsurfs,#s4_ger_train_barrels_01_lod0_auto1_auto2_auto3_auto410-ts1-v8040bf800000
xmodelsurfs,#s4_ger_train_barrels_01_lod0_auto1_auto2_auto3_auto4_auto510-ts1-v8040bf800000
xmodelsurfs,#s4_ger_tuscan_tarps_04_lod010-ts1-v61bf800000
xmodelsurfs,#s4_ger_tuscan_tarps_04_lod0_auto110-ts1-v60bf800000
xmodelsurfs,#s4_ger_tuscan_tarps_04_lod0_auto1_auto210-ts1-v60bf800000
xmodelsurfs,#s4_ger_tuscan_tarps_04_lod0_auto1_auto2_auto310-ts1-v60bf800000
xmodelsurfs,#s4_ger_tuscan_tarps_04_lod0_auto1_auto2_auto3_auto410-ts1-v60bf800000
xmodelsurfs,#s4_ger_tuscan_tarps_04_lod0_auto1_auto2_auto3_auto4_auto510-ts1-v60bf800000
xmodelsurfs,#s4_ger_water_bucket_01_lod010v4141b01df6
xmodelsurfs,#s4_ger_water_bucket_01_lod010v41bf800000
xmodelsurfs,#s4_ger_water_bucket_01_lod0_auto110v4041b01df6
xmodelsurfs,#s4_ger_water_bucket_01_lod0_auto110v40bf800000
xmodelsurfs,#s4_ger_water_bucket_01_lod0_auto1_auto210v4041b01df6
xmodelsurfs,#s4_ger_water_bucket_01_lod0_auto1_auto210v40bf800000
xmodelsurfs,#s4_ger_water_bucket_01_lod0_auto1_auto2_auto310v4041b01df6
xmodelsurfs,#s4_ger_water_bucket_01_lod0_auto1_auto2_auto310v40bf800000
xmodelsurfs,#s4_jpn_beach_seaweed_bunch_large_01_lod010-ts1-v61bf800000
xmodelsurfs,#s4_jpn_beach_seaweed_bunch_large_01_lod0_auto110-ts1-v60bf800000
xmodelsurfs,#s4_jpn_beach_seaweed_bunch_large_01_lod0_auto1_auto210-ts1-v60bf800000
xmodelsurfs,#s4_jpn_beach_seaweed_bunch_large_01_lod0_auto1_auto2_auto310-ts1-v60bf800000
xmodelsurfs,#s4_jpn_beach_seaweed_bunch_large_01_lod0_auto1_auto2_auto3_auto410-ts1-v60bf800000
xmodelsurfs,#s4_jpn_beach_seaweed_bunch_medium_01_lod010-ts1-v61bf800000
xmodelsurfs,#s4_jpn_beach_seaweed_bunch_medium_01_lod0_auto110-ts1-v60bf800000
xmodelsurfs,#s4_jpn_beach_seaweed_bunch_medium_01_lod0_auto1_auto210-ts1-v60bf800000
xmodelsurfs,#s4_jpn_beach_seaweed_bunch_small_01_lod010-ts1-v61bf800000
xmodelsurfs,#s4_jpn_beach_seaweed_bunch_small_01_lod0_auto110-ts1-v60bf800000
xmodelsurfs,#s4_jpn_beach_seaweed_bunch_small_01_lod0_auto1_auto210-ts1-v60bf800000
xmodelsurfs,#s4_jpn_beach_seaweed_bunch_small_01_lod0_auto1_auto2_auto310-ts1-v60bf800000
xmodelsurfs,#s4_jpn_beach_seaweed_bunch_small_01_lod0_auto1_auto2_auto3_auto410-ts1-v60bf800000
xmodelsurfs,#s4_jpn_beach_seaweed_clump_long_02_lod010-ts1-v61bf800000
xmodelsurfs,#s4_jpn_beach_seaweed_clump_long_02_lod0_auto110-ts1-v60bf800000
xmodelsurfs,#s4_jpn_beach_seaweed_clump_long_02_lod0_auto1_auto210-ts1-v60bf800000
xmodelsurfs,#s4_jpn_beach_seaweed_clump_long_02_lod0_auto1_auto2_auto310-ts1-v60bf800000
xmodelsurfs,#s4_jpn_beach_seaweed_clump_long_02_lod0_auto1_auto2_auto3_auto410-ts1-v60bf800000
xmodelsurfs,#s4_jpn_beach_seaweed_clump_medium_01_lod010-ts1-v61bf800000
xmodelsurfs,#s4_jpn_beach_seaweed_clump_medium_01_lod0_auto110-ts1-v60bf800000
xmodelsurfs,#s4_jpn_beach_seaweed_clump_medium_01_lod0_auto1_auto210-ts1-v60bf800000
xmodelsurfs,#s4_jpn_beach_seaweed_clump_medium_01_lod0_auto1_auto2_auto310-ts1-v60bf800000
xmodelsurfs,#s4_jpn_beach_seaweed_clump_medium_01_lod0_auto1_auto2_auto3_auto410-ts1-v60bf800000
xmodelsurfs,#s4_jpn_beach_seaweed_clump_small_01_lod010-ts1-v61bf800000
xmodelsurfs,#s4_jpn_beach_seaweed_clump_small_01_lod0_auto110-ts1-v60bf800000
xmodelsurfs,#s4_jpn_beach_seaweed_clump_small_01_lod0_auto1_auto210-ts1-v60bf800000
xmodelsurfs,#s4_jpn_beach_seaweed_clump_small_01_lod0_auto1_auto2_auto310-ts1-v60bf800000
xmodelsurfs,#s4_jpn_beach_seaweed_clump_small_01_lod0_auto1_auto2_auto3_auto410-ts1-v60bf800000
xmodelsurfs,#s4_jpn_bgv_foliage_tree_coconut_palm_02_wnd_lod010-ts1-va0211bf800000
xmodelsurfs,#s4_jpn_bgv_foliage_tree_coconut_palm_02_wnd_lod0_auto110-ts1-va0210bf800000
xmodelsurfs,#s4_jpn_bgv_foliage_tree_coconut_palm_02_wnd_lod0_auto1_auto210-ts1-va0810bf800000
xmodelsurfs,#s4_jpn_bgv_foliage_tree_coconut_palm_02_wnd_lod0_auto1_auto2_auto310-ts1-va0810bf800000
xmodelsurfs,#s4_jpn_bgv_foliage_tree_coconut_palm_02_wnd_lod0_auto1_auto2_auto3_auto410-ts1-va040bf800000
xmodelsurfs,#s4_jpn_bgv_foliage_tree_date_palm_01_frond_01_lod010v61bf800000
xmodelsurfs,#s4_jpn_bgv_foliage_tree_date_palm_01_frond_01_lod0_auto110v60bf800000
xmodelsurfs,#s4_jpn_bgv_foliage_tree_date_palm_01_frond_01_lod0_auto1_auto210v60bf800000
xmodelsurfs,#s4_jpn_bgv_foliage_tree_date_palm_01_frond_01_lod0_auto1_auto2_auto310v60bf800000
xmodelsurfs,#s4_jpn_bgv_foliage_tree_date_palm_01_frond_01_lod0_auto1_auto2_auto3_auto410v60bf800000
xmodelsurfs,#s4_jpn_bgv_foliage_tree_date_palm_frond_01_lod010-ts1-v211bf800000
xmodelsurfs,#s4_jpn_bgv_foliage_tree_date_palm_frond_01_lod0_auto110-ts1-v210bf800000
xmodelsurfs,#s4_jpn_bgv_foliage_tree_date_palm_frond_01_lod0_auto1_auto210-ts1-v210bf800000
xmodelsurfs,#s4_jpn_bgv_foliage_tree_date_palm_frond_01_lod0_auto1_auto2_auto310-ts1-v210bf800000
xmodelsurfs,#s4_jpn_bgv_foliage_tree_date_palm_frond_01_lod0_auto1_auto2_auto3_auto410-ts1-v210bf800000
xmodelsurfs,#s4_jpn_bgv_mangrove_palm_01_lod010-ts1-va41bf800000
xmodelsurfs,#s4_jpn_bgv_mangrove_palm_01_lod110-ts1-va40bf800000
xmodelsurfs,#s4_jpn_bgv_mangrove_palm_01_lod1_auto210-ts1-va40bf800000
xmodelsurfs,#s4_jpn_bgv_mangrove_palm_01_lod1_auto2_auto310-ts1-va40bf800000
xmodelsurfs,#s4_jpn_bgv_mangrove_palm_01_lod1_auto2_auto3_auto410-ts1-va40bf800000
xmodelsurfs,#s4_jpn_bgv_mangrove_palm_01_lod1_auto2_auto3_auto4_auto510-ts1-va40bf800000
xmodelsurfs,#s4_jpn_bgv_mangrove_palm_02_lod010-ts1-v261bf800000
xmodelsurfs,#s4_jpn_bgv_mangrove_palm_02_lod0_auto110-ts1-v260bf800000
xmodelsurfs,#s4_jpn_bgv_mangrove_palm_02_lod0_auto1_auto210-ts1-v260bf800000
xmodelsurfs,#s4_jpn_bgv_mangrove_palm_02_lod0_auto1_auto2_auto310-ts1-v260bf800000
xmodelsurfs,#s4_jpn_bgv_mangrove_palm_02_lod0_auto1_auto2_auto3_auto410-ts1-va40bf800000
xmodelsurfs,#s4_jpn_bgv_mangrove_palm_02_lod0_auto1_auto2_auto3_auto4_auto510-ts1-v260bf800000
xmodelsurfs,#s4_jpn_bgv_stephania_cephalantha_group_lod010-ts1-v60bf800000
xmodelsurfs,#s4_jpn_bgv_stephania_cephalantha_group_lod0_auto110-ts1-v60bf800000
xmodelsurfs,#s4_jpn_bgv_stephania_cephalantha_group_lod0_auto1_auto210-ts1-v60bf800000
xmodelsurfs,#s4_jpn_bgv_stephania_cephalantha_group_lod0_auto1_auto2_auto310-ts1-v60bf800000
xmodelsurfs,#s4_jpn_bgv_stephania_cephalantha_group_lod0_auto1_auto2_auto3_auto410-ts1-v60bf800000
xmodelsurfs,#s4_jpn_bgv_stephania_cephalantha_group_lod0_auto1_auto2_auto3_auto4_auto510-ts1-v60bf800000
xmodelsurfs,#s4_jpn_gav_barrier_wood_128x34_01_debris_1_phys_lod010-ts1-v0114210223c
xmodelsurfs,#s4_jpn_gav_barrier_wood_128x34_01_debris_1_phys_lod0_auto110-ts1-v0104210223c
xmodelsurfs,#s4_jpn_gav_barrier_wood_128x34_01_debris_1_phys_lod0_auto1_auto210-ts1-v0104210223c
xmodelsurfs,#s4_jpn_gav_barrier_wood_128x34_01_debris_1_phys_lod0_auto1_auto2_auto310-ts1-v0104210223c
xmodelsurfs,#s4_jpn_gav_barrier_wood_128x34_01_debris_1_phys_lod0_auto1_auto2_auto3_auto410-ts1-v0104210223c
xmodelsurfs,#s4_jpn_gav_barrier_wood_128x34_01_debris_2_phys_lod010-ts1-v01141ee106e
xmodelsurfs,#s4_jpn_gav_barrier_wood_128x34_01_debris_2_phys_lod0_auto110-ts1-v01041ee106e
xmodelsurfs,#s4_jpn_gav_barrier_wood_128x34_01_debris_2_phys_lod0_auto1_auto210-ts1-v01041ee106e
xmodelsurfs,#s4_jpn_gav_barrier_wood_128x34_01_debris_2_phys_lod0_auto1_auto2_auto310-ts1-v01041ee106e
xmodelsurfs,#s4_jpn_gav_barrier_wood_128x34_01_debris_2_phys_lod0_auto1_auto2_auto3_auto410-ts1-v01041ee106e
xmodelsurfs,#s4_jpn_gav_barrier_wood_128x34_01_destp_lod010-ts1--2b95a640-hffv0114344d259
xmodelsurfs,#s4_jpn_gav_barrier_wood_128x34_01_destp_lod0_auto110-ts1--2b95a640-hffv0104344d259
xmodelsurfs,#s4_jpn_gav_barrier_wood_128x34_01_destp_lod0_auto1_auto210-ts1--2b95a640-hffv0104344d259
xmodelsurfs,#s4_jpn_gav_barrier_wood_128x34_01_destp_lod0_auto1_auto2_auto310-ts1--2b95a640-hffv0104344d259
xmodelsurfs,#s4_jpn_gav_barrier_wood_128x34_01_destp_lod0_auto1_auto2_auto3_auto410-ts1--2b95a640-hffv0104344d259
xmodelsurfs,#s4_jpn_gav_barrier_wood_128x34_01_destp_lod0_auto1_auto2_auto3_auto4_auto510-ts1--2b95a640-hffv0104344d259
xmodelsurfs,#s4_jpn_palm_debris_06_lod010-ts1-v61bf800000
xmodelsurfs,#s4_jpn_palm_debris_06_lod0_auto110-ts1-v60bf800000
xmodelsurfs,#s4_jpn_palm_debris_06_lod0_auto1_auto210-ts1-v60bf800000
xmodelsurfs,#s4_jpn_palm_debris_06_lod0_auto1_auto2_auto310-ts1-v60bf800000
xmodelsurfs,#s4_jpn_palm_debris_06_lod0_auto1_auto2_auto3_auto410-ts1-v60bf800000
xmodelsurfs,#s4_jpn_radio_tower_base_01_lod010v41bf800000
xmodelsurfs,#s4_jpn_radio_tower_base_01_lod0_auto110v40bf800000
xmodelsurfs,#s4_jpn_radio_tower_base_01_lod0_auto1_auto210v40bf800000
xmodelsurfs,#s4_jpn_radio_tower_base_01_lod0_auto1_auto2_auto310v40bf800000
xmodelsurfs,#s4_jpn_radio_tower_mid_frame_01_lod010v011bf800000
xmodelsurfs,#s4_jpn_radio_tower_mid_frame_01_lod0_auto110v010bf800000
xmodelsurfs,#s4_jpn_radio_tower_mid_frame_01_lod0_auto1_auto210v010bf800000
xmodelsurfs,#s4_jpn_radio_tower_mid_frame_01_lod0_auto1_auto2_auto310v010bf800000
xmodelsurfs,#s4_jpn_volcanic_cliff_02_lod010-ts1-v41bf800000
xmodelsurfs,#s4_jpn_volcanic_cliff_02_lod0_auto110-ts1-v40bf800000
xmodelsurfs,#s4_jpn_volcanic_cliff_02_lod0_auto1_auto210-ts1-v40bf800000
xmodelsurfs,#s4_jpn_volcanic_cliff_02_lod0_auto1_auto2_auto310-ts1-v40bf800000
xmodelsurfs,#s4_jpn_volcanic_cliff_02_lod0_auto1_auto2_auto3_auto410-ts1-v40bf800000
xmodelsurfs,#s4_jpn_volcanic_cliff_03_lod010-ts1-v41bf800000
xmodelsurfs,#s4_jpn_volcanic_cliff_03_lod0_auto110-ts1-v40bf800000
xmodelsurfs,#s4_jpn_volcanic_cliff_03_lod0_auto1_auto210-ts1-v40bf800000
xmodelsurfs,#s4_jpn_volcanic_cliff_03_lod0_auto1_auto2_auto310-ts1-v40bf800000
xmodelsurfs,#s4_jpn_volcanic_cliff_03_lod0_auto1_auto2_auto3_auto410-ts1-v40bf800000
xmodelsurfs,#s4_jpn_volcanic_cliff_03_lod0_auto1_auto2_auto3_auto4_auto510-ts1-v40bf800000
xmodelsurfs,#s4_jpn_volcanic_cliff_04_lod010-ts1-v41bf800000
xmodelsurfs,#s4_jpn_volcanic_cliff_04_lod0_auto110-ts1-v40bf800000
xmodelsurfs,#s4_jpn_volcanic_cliff_04_lod0_auto1_auto210-ts1-v40bf800000
xmodelsurfs,#s4_jpn_volcanic_cliff_04_lod0_auto1_auto2_auto310-ts1-v40bf800000
xmodelsurfs,#s4_jpn_volcanic_cliff_04_lod0_auto1_auto2_auto3_auto410-ts1-v40bf800000
xmodelsurfs,#s4_jpn_volcanic_cliff_04_lod0_auto1_auto2_auto3_auto4_auto510-ts1-v40bf800000
xmodelsurfs,#s4_jpn_volcanic_cliff_05_lod010-ts1-v41bf800000
xmodelsurfs,#s4_jpn_volcanic_cliff_05_lod0_auto110-ts1-v40bf800000
xmodelsurfs,#s4_jpn_volcanic_cliff_05_lod0_auto1_auto210-ts1-v40bf800000
xmodelsurfs,#s4_jpn_volcanic_cliff_05_lod0_auto1_auto2_auto310-ts1-v40bf800000
xmodelsurfs,#s4_jpn_volcanic_cliff_05_lod0_auto1_auto2_auto3_auto410-ts1-v40bf800000
xmodelsurfs,#s4_jpn_volcanic_cliff_05_lod0_auto1_auto2_auto3_auto4_auto510-ts1-v40bf800000
xmodelsurfs,#s4_jpn_volcanic_cliff_06_lod010-ts1-v41bf800000
xmodelsurfs,#s4_jpn_volcanic_cliff_06_lod0_auto110-ts1-v40bf800000
xmodelsurfs,#s4_jpn_volcanic_cliff_06_lod0_auto1_auto210-ts1-v40bf800000
xmodelsurfs,#s4_jpn_volcanic_cliff_06_lod0_auto1_auto2_auto310-ts1-v40bf800000
xmodelsurfs,#s4_jpn_volcanic_cliff_06_lod0_auto1_auto2_auto3_auto410-ts1-v40bf800000
xmodelsurfs,#s4_jpn_volcanic_cliff_06_lod0_auto1_auto2_auto3_auto4_auto510-ts1-v40bf800000
xmodelsurfs,#s4_jpn_volcanic_cliff_07_lod010-ts1-v41bf800000
xmodelsurfs,#s4_jpn_volcanic_cliff_07_lod0_auto110-ts1-v40bf800000
xmodelsurfs,#s4_jpn_volcanic_cliff_07_lod0_auto1_auto210-ts1-v40bf800000
xmodelsurfs,#s4_jpn_volcanic_cliff_07_lod0_auto1_auto2_auto310-ts1-v40bf800000
xmodelsurfs,#s4_jpn_volcanic_cliff_07_lod0_auto1_auto2_auto3_auto410-ts1-v40bf800000
xmodelsurfs,#s4_jpn_volcanic_cliff_07_lod0_auto1_auto2_auto3_auto4_auto510-ts1-v40bf800000
xmodelsurfs,#s4_jpn_volcanic_cliff_08_lod010-ts1-hffv41bf800000
xmodelsurfs,#s4_jpn_volcanic_cliff_08_lod0_auto110-ts1-hffv40bf800000
xmodelsurfs,#s4_jpn_volcanic_cliff_08_lod0_auto1_auto210-ts1-hffv40bf800000
xmodelsurfs,#s4_jpn_volcanic_cliff_08_lod0_auto1_auto2_auto310-ts1-hffv40bf800000
xmodelsurfs,#s4_jpn_volcanic_cliff_08_lod0_auto1_auto2_auto3_auto410-ts1-hffv40bf800000
xmodelsurfs,#s4_jpn_volcanic_cliff_08_lod0_auto1_auto2_auto3_auto4_auto510-ts1-hffv40bf800000
xmodelsurfs,#s4_jpn_volcanic_cliff_09_c_lod010-ts1-v41bf800000
xmodelsurfs,#s4_jpn_volcanic_cliff_09_c_lod0_auto110-ts1-v40bf800000
xmodelsurfs,#s4_jpn_volcanic_cliff_09_c_lod0_auto1_auto210-ts1-v40bf800000
xmodelsurfs,#s4_jpn_volcanic_cliff_09_c_lod0_auto1_auto2_auto310-ts1-v40bf800000
xmodelsurfs,#s4_jpn_volcanic_cliff_09_c_lod0_auto1_auto2_auto3_auto410-ts1-v40bf800000
xmodelsurfs,#s4_jpn_volcanic_cliff_09_c_lod0_auto1_auto2_auto3_auto4_auto510-ts1-v40bf800000
xmodelsurfs,#s4_jpn_volcanic_cliff_09_lod010-ts1-v41bf800000
xmodelsurfs,#s4_jpn_volcanic_cliff_09_lod0_auto110-ts1-v40bf800000
xmodelsurfs,#s4_jpn_volcanic_cliff_09_lod0_auto1_auto210-ts1-v40bf800000
xmodelsurfs,#s4_jpn_volcanic_cliff_09_lod0_auto1_auto2_auto310-ts1-v40bf800000
xmodelsurfs,#s4_jpn_volcanic_cliff_09_lod0_auto1_auto2_auto3_auto410-ts1-v40bf800000
xmodelsurfs,#s4_jpn_volcanic_cliff_09_lod0_auto1_auto2_auto3_auto4_auto510-ts1-v40bf800000
xmodelsurfs,#s4_jpn_volcanic_cliff_10_c_lod010-ts1-v41bf800000
xmodelsurfs,#s4_jpn_volcanic_cliff_10_c_lod0_auto110-ts1-v40bf800000
xmodelsurfs,#s4_jpn_volcanic_cliff_10_c_lod0_auto1_auto210-ts1-v40bf800000
xmodelsurfs,#s4_jpn_volcanic_cliff_10_c_lod0_auto1_auto2_auto310-ts1-v40bf800000
xmodelsurfs,#s4_jpn_volcanic_cliff_10_c_lod0_auto1_auto2_auto3_auto410-ts1-v40bf800000
xmodelsurfs,#s4_jpn_volcanic_cliff_10_c_lod0_auto1_auto2_auto3_auto4_auto510-ts1-v40bf800000
xmodelsurfs,#s4_jpn_volcanic_cliff_10_lod010-ts1-v011bf800000
xmodelsurfs,#s4_jpn_volcanic_cliff_10_lod0_auto110-ts1-v40bf800000
xmodelsurfs,#s4_jpn_volcanic_cliff_10_lod0_auto1_auto210-ts1-v40bf800000
xmodelsurfs,#s4_jpn_volcanic_cliff_10_lod0_auto1_auto2_auto310-ts1-v40bf800000
xmodelsurfs,#s4_jpn_volcanic_cliff_10_lod0_auto1_auto2_auto3_auto410-ts1-v40bf800000
xmodelsurfs,#s4_jpn_volcanic_cliff_10_lod0_auto1_auto2_auto3_auto4_auto510-ts1-v40bf800000
xmodelsurfs,#s4_jpn_volcanic_cliff_11_lod010-ts1-v011bf800000
xmodelsurfs,#s4_jpn_volcanic_cliff_11_lod0_auto110-ts1-v40bf800000
xmodelsurfs,#s4_jpn_volcanic_cliff_11_lod0_auto1_auto210-ts1-v40bf800000
xmodelsurfs,#s4_jpn_volcanic_cliff_11_lod0_auto1_auto2_auto310-ts1-v40bf800000
xmodelsurfs,#s4_jpn_volcanic_cliff_11_lod0_auto1_auto2_auto3_auto410-ts1-v40bf800000
xmodelsurfs,#s4_jpn_volcanic_cliff_11_lod0_auto1_auto2_auto3_auto4_auto510-ts1-v40bf800000
xmodelsurfs,#s4_jpn_volcanic_cliff_12_c_lod010-ts1-v41bf800000
xmodelsurfs,#s4_jpn_volcanic_cliff_12_c_lod0_auto110-ts1-v40bf800000
xmodelsurfs,#s4_jpn_volcanic_cliff_12_c_lod0_auto1_auto210-ts1-v40bf800000
xmodelsurfs,#s4_jpn_volcanic_cliff_12_c_lod0_auto1_auto2_auto310-ts1-v40bf800000
xmodelsurfs,#s4_jpn_volcanic_cliff_12_c_lod0_auto1_auto2_auto3_auto410-ts1-v40bf800000
xmodelsurfs,#s4_jpn_volcanic_cliff_12_c_lod0_auto1_auto2_auto3_auto4_auto510-ts1-v40bf800000
xmodelsurfs,#s4_jpn_volcanic_rock_01_lod010-ts1-v41bf800000
xmodelsurfs,#s4_jpn_volcanic_rock_01_lod0_auto110-ts1-v40bf800000
xmodelsurfs,#s4_jpn_volcanic_rock_01_lod0_auto1_auto210-ts1-v40bf800000
xmodelsurfs,#s4_jpn_volcanic_rock_01_lod0_auto1_auto2_auto310-ts1-v40bf800000
xmodelsurfs,#s4_jpn_volcanic_rock_01_lod0_auto1_auto2_auto3_auto410-ts1-v40bf800000
xmodelsurfs,#s4_jpn_volcanic_rock_01_lod0_auto1_auto2_auto3_auto4_auto510-ts1-v40bf800000
xmodelsurfs,#s4_jpn_volcanic_rock_02_lod010-ts1-v41bf800000
xmodelsurfs,#s4_jpn_volcanic_rock_02_lod0_auto110-ts1-v40bf800000
xmodelsurfs,#s4_jpn_volcanic_rock_02_lod0_auto1_auto210-ts1-v40bf800000
xmodelsurfs,#s4_jpn_volcanic_rock_02_lod0_auto1_auto2_auto310-ts1-v40bf800000
xmodelsurfs,#s4_jpn_volcanic_rock_02_lod0_auto1_auto2_auto3_auto410-ts1-v40bf800000
xmodelsurfs,#s4_jpn_volcanic_rock_02_lod0_auto1_auto2_auto3_auto4_auto510-ts1-v40bf800000
xmodelsurfs,#s4_jpn_volcanic_rock_16_lod010v41bf800000
xmodelsurfs,#s4_jpn_volcanic_rock_16_lod0_auto110v40bf800000
xmodelsurfs,#s4_jpn_volcanic_rock_16_lod0_auto1_auto210v40bf800000
xmodelsurfs,#s4_jpn_volcanic_rock_16_lod0_auto1_auto2_auto310v40bf800000
xmodelsurfs,#s4_jpn_volcanic_rock_16_lod0_auto1_auto2_auto3_auto410v40bf800000
xmodelsurfs,#s4_jpn_volcanic_rock_16_lod0_auto1_auto2_auto3_auto4_auto510v40bf800000
xmodelsurfs,#s4_jpn_volcanic_rock_17_lod010v41bf800000
xmodelsurfs,#s4_jpn_volcanic_rock_17_lod0_auto110v40bf800000
xmodelsurfs,#s4_jpn_volcanic_rock_17_lod0_auto1_auto210v40bf800000
xmodelsurfs,#s4_jpn_volcanic_rock_17_lod0_auto1_auto2_auto310v40bf800000
xmodelsurfs,#s4_jpn_volcanic_rock_17_lod0_auto1_auto2_auto3_auto410v40bf800000
xmodelsurfs,#s4_jpn_volcanic_rock_17_lod0_auto1_auto2_auto3_auto4_auto510v40bf800000
xmodelsurfs,#s4_jpn_volcanic_rock_ground_01_lod010-ts1-v41bf800000
xmodelsurfs,#s4_jpn_volcanic_rock_ground_01_lod0_auto110-ts1-v40bf800000
xmodelsurfs,#s4_jpn_volcanic_rock_ground_01_lod0_auto1_auto210-ts1-v40bf800000
xmodelsurfs,#s4_jpn_volcanic_rock_ground_01_lod0_auto1_auto2_auto310-ts1-v40bf800000
xmodelsurfs,#s4_jpn_volcanic_rock_ground_01_lod0_auto1_auto2_auto3_auto410-ts1-v40bf800000
xmodelsurfs,#s4_jpn_volcanic_rock_ground_01_lod0_auto1_auto2_auto3_auto4_auto510-ts1-v40bf800000
xmodelsurfs,#s4_jpn_volcanic_rock_ground_08_lod010-ts1-v41bf800000
xmodelsurfs,#s4_jpn_volcanic_rock_ground_08_lod0_auto110-ts1-v40bf800000
xmodelsurfs,#s4_jpn_volcanic_rock_ground_08_lod0_auto1_auto210-ts1-v40bf800000
xmodelsurfs,#s4_jpn_volcanic_rock_ground_08_lod0_auto1_auto2_auto310-ts1-v40bf800000
xmodelsurfs,#s4_jpn_volcanic_rock_ground_08_lod0_auto1_auto2_auto3_auto410-ts1-v40bf800000
xmodelsurfs,#s4_jpn_volcanic_rock_ground_08_lod0_auto1_auto2_auto3_auto4_auto510-ts1-v40bf800000
xmodelsurfs,#s4_jpn_volcanic_rock_ground_12_lod010-ts1-v41bf800000
xmodelsurfs,#s4_jpn_volcanic_rock_ground_12_lod0_auto110-ts1-v40bf800000
xmodelsurfs,#s4_jpn_volcanic_rock_ground_12_lod0_auto1_auto210-ts1-v40bf800000
xmodelsurfs,#s4_jpn_volcanic_rock_ground_12_lod0_auto1_auto2_auto310-ts1-v40bf800000
xmodelsurfs,#s4_jpn_volcanic_rock_ground_12_lod0_auto1_auto2_auto3_auto410-ts1-v40bf800000
xmodelsurfs,#s4_jpn_volcanic_rock_ground_12_lod0_auto1_auto2_auto3_auto4_auto510-ts1-v40bf800000
xmodelsurfs,#s4_jpn_water_canteen_01_lod010-ts1-v414147440a
xmodelsurfs,#s4_jpn_water_canteen_01_lod0_auto110-ts1-v404147440a
xmodelsurfs,#s4_jpn_water_canteen_01_lod0_auto1_auto210-ts1-v404147440a
xmodelsurfs,#s4_jpn_water_canteen_01_lod0_auto1_auto2_auto310-ts1-v404147440a
xmodelsurfs,#s4_jpn_water_canteen_01_lod0_auto1_auto2_auto3_auto410-ts1-v404147440a
xmodelsurfs,#s4_lon_create_set_02_destp_lod010-ts1-hffv041420802da
xmodelsurfs,#s4_lon_create_set_02_destp_lod0_auto110-ts1-hffv040420802da
xmodelsurfs,#s4_lon_create_set_02_destp_lod0_auto1_auto210-ts1-hffv040420802da
xmodelsurfs,#s4_lon_create_set_02_destp_lod0_auto1_auto2_auto310-ts1-hffv040420802da
xmodelsurfs,#s4_lon_create_set_02_destp_lod0_auto1_auto2_auto3_auto410-ts1-hffv040420802da
xmodelsurfs,#s4_lon_create_set_04_sm_final_destp_lod010-ts1--3c154eae-hffv00414254d32a
xmodelsurfs,#s4_lon_create_set_04_sm_final_destp_lod0_auto110-ts1--3c154eae-hffv00404254d32a
xmodelsurfs,#s4_lon_create_set_04_sm_final_destp_lod0_auto1_auto210-ts1--3c154eae-hffv00104254d32a
xmodelsurfs,#s4_lon_create_set_04_sm_final_destp_lod0_auto1_auto2_auto310-ts1--3c154eae-hffv00104254d32a
xmodelsurfs,#s4_lon_create_set_04_sm_final_destp_lod0_auto1_auto2_auto3_auto410-ts1--3c154eae-hffv00104254d32a
xmodelsurfs,#s4_lon_create_set_07_final_destp_lod010-ts1--dd7048b8-hffv004142c4290c
xmodelsurfs,#s4_lon_create_set_07_final_destp_lod0_auto110-ts1--dd7048b8-hffv001042c4290c
xmodelsurfs,#s4_lon_create_set_07_final_destp_lod0_auto1_auto210-ts1--dd7048b8-hffv001042c4290c
xmodelsurfs,#s4_lon_create_set_07_final_destp_lod0_auto1_auto2_auto310-ts1--dd7048b8-hffv001042c4290c
xmodelsurfs,#s4_lon_create_set_07_final_destp_lod0_auto1_auto2_auto3_auto410-ts1--dd7048b8-hffv001042c4290c
xmodelsurfs,#s4_lon_create_set_07_final_destp_lod0_auto1_auto2_auto3_auto4_auto510-ts1--dd7048b8-hffv04042c4290c
xmodelsurfs,#s4_lon_create_set_08_destp_lod010-ts1--df8be043-hffv0011423d6adf
xmodelsurfs,#s4_lon_create_set_08_destp_lod0_auto110-ts1--df8be043-hffv0010423d6adf
xmodelsurfs,#s4_lon_create_set_08_destp_lod0_auto1_auto210-ts1--df8be043-hffv0010423d6adf
xmodelsurfs,#s4_lon_create_set_08_destp_lod0_auto1_auto2_auto310-ts1--df8be043-hffv0010423d6adf
xmodelsurfs,#s4_lon_create_set_08_destp_lod0_auto1_auto2_auto3_auto410-ts1--df8be043-hffv0010423d6adf
xmodelsurfs,#s4_mayhem_cloth_small_01_m010v60424af60e
xmodelsurfs,#s4_mayhem_cloth_small_03_m010v6041d587d5
xmodelsurfs,#s4_mayhem_cloth_small_04_m010v6041ea9442
xmodelsurfs,#s4_mayhem_cloth_small_05_m010v6041fe8a77
xmodelsurfs,#s4_mp_gav_wires_01_lod010-ts1-v0011bf800000
xmodelsurfs,#s4_mp_gav_wires_01_lod0_auto110-ts1-v010bf800000
xmodelsurfs,#s4_mp_gav_wires_01_lod0_auto1_auto210-ts1-v40bf800000
xmodelsurfs,#s4_rus_bottle_glass_01_lod010-ts1-v61413aff6c
xmodelsurfs,#s4_rus_bottle_glass_01_lod0_auto110-ts1-v60413aff6c
xmodelsurfs,#s4_rus_bottle_glass_01_lod0_auto1_auto210-ts1-v60413aff6c
xmodelsurfs,#s4_rus_bottle_glass_01_lod0_auto1_auto2_auto310-ts1-v60413aff6c
xmodelsurfs,#s4_rus_bottle_glass_01_lod0_auto1_auto2_auto3_auto410-ts1-v60413aff6c
xmodelsurfs,#s4_rus_crate_apples_01_lod010-ts1--21af52d7-v01141c479a6
xmodelsurfs,#s4_rus_crate_apples_01_lod0_auto110-ts1--21af52d7-v01041c479a6
xmodelsurfs,#s4_rus_crate_apples_01_lod0_auto1_auto210-ts1--21af52d7-v01041c479a6
xmodelsurfs,#s4_rus_crate_apples_01_lod0_auto1_auto2_auto310-ts1--21af52d7-v01041c479a6
xmodelsurfs,#s4_rus_crate_apples_01_lod0_auto1_auto2_auto3_auto410-ts1--21af52d7-v01041c479a6
xmodelsurfs,#s4_rus_crate_fruit_x_dyn_01_lod010-ts1-v4141576325
xmodelsurfs,#s4_rus_crate_fruit_x_dyn_01_lod0_auto110-ts1-v4041576325
xmodelsurfs,#s4_rus_crate_fruit_x_dyn_01_lod0_auto1_auto210-ts1-v4041576325
xmodelsurfs,#s4_rus_crate_fruit_x_dyn_01_lod0_auto1_auto2_auto310-ts1-v4041576325
xmodelsurfs,#s4_rus_crate_fruit_x_dyn_01_lod0_auto1_auto2_auto3_auto410-ts1-v4041576325
xmodelsurfs,#s4_rus_crate_fruit_x_dyn_02_lod010-ts1-v41413d2194
xmodelsurfs,#s4_rus_crate_fruit_x_dyn_02_lod0_auto110-ts1-v40413d2194
xmodelsurfs,#s4_rus_crate_fruit_x_dyn_02_lod0_auto1_auto210-ts1-v40413d2194
xmodelsurfs,#s4_rus_crate_lemon_01_lod010-ts1--21af52d7-v01141c479a6
xmodelsurfs,#s4_rus_crate_lemon_01_lod0_auto110-ts1--21af52d7-v01041c479a6
xmodelsurfs,#s4_rus_crate_lemon_01_lod0_auto1_auto210-ts1--21af52d7-v01041c479a6
xmodelsurfs,#s4_rus_crate_lemon_01_lod0_auto1_auto2_auto310-ts1--21af52d7-v01041c479a6
xmodelsurfs,#s4_rus_crate_lemon_01_lod0_auto1_auto2_auto3_auto410-ts1--21af52d7-v01041c479a6
xmodelsurfs,#s4_rus_crate_onion_01_lod010-ts1-v01141c479a6
xmodelsurfs,#s4_rus_crate_onion_01_lod0_auto110-ts1-v01041c479a6
xmodelsurfs,#s4_rus_crate_onion_01_lod0_auto1_auto210-ts1-v01041c479a6
xmodelsurfs,#s4_rus_crate_onion_01_lod0_auto1_auto2_auto310-ts1-v01041c479a6
xmodelsurfs,#s4_rus_crate_onion_01_lod0_auto1_auto2_auto3_auto410-ts1-v01041c479a6
xmodelsurfs,#s4_rus_crate_oranges_01_lod010-ts1--ae35dba6-v01141c479a6
xmodelsurfs,#s4_rus_crate_oranges_01_lod010-ts1-v01141c479a6
xmodelsurfs,#s4_rus_crate_oranges_01_lod0_auto110-ts1--ae35dba6-v01041c479a6
xmodelsurfs,#s4_rus_crate_oranges_01_lod0_auto110-ts1-v01041c479a6
xmodelsurfs,#s4_rus_crate_oranges_01_lod0_auto1_auto210-ts1--ae35dba6-v01041c479a6
xmodelsurfs,#s4_rus_crate_oranges_01_lod0_auto1_auto210-ts1-v01041c479a6
xmodelsurfs,#s4_rus_crate_oranges_01_lod0_auto1_auto2_auto310-ts1--ae35dba6-v01041c479a6
xmodelsurfs,#s4_rus_crate_oranges_01_lod0_auto1_auto2_auto310-ts1-v01041c479a6
xmodelsurfs,#s4_rus_crate_oranges_01_lod0_auto1_auto2_auto3_auto410-ts1--ae35dba6-v01041c479a6
xmodelsurfs,#s4_rus_crate_oranges_01_lod0_auto1_auto2_auto3_auto410-ts1-v01041c479a6
xmodelsurfs,#s4_rus_crate_peaches_01_lod000-ts1-v01141c479a6
xmodelsurfs,#s4_rus_crate_peaches_01_lod0_auto100-ts1-v01041c479a6
xmodelsurfs,#s4_rus_crate_peaches_01_lod0_auto1_auto200-ts1-v01041c479a6
xmodelsurfs,#s4_rus_crate_peaches_01_lod0_auto1_auto2_auto300-ts1-v01041c479a6
xmodelsurfs,#s4_rus_crate_peaches_01_lod0_auto1_auto2_auto3_auto400-ts1-v01041c479a6
xmodelsurfs,#s4_rus_crate_potato_01_lod010-ts1--21af52d7-v01141c479a6
xmodelsurfs,#s4_rus_crate_potato_01_lod0_auto110-ts1--21af52d7-v01041c479a6
xmodelsurfs,#s4_rus_crate_potato_01_lod0_auto1_auto210-ts1--21af52d7-v01041c479a6
xmodelsurfs,#s4_rus_crate_potato_01_lod0_auto1_auto2_auto310-ts1--21af52d7-v01041c479a6
xmodelsurfs,#s4_rus_crate_potato_01_lod0_auto1_auto2_auto3_auto410-ts1--21af52d7-v01041c479a6
xmodelsurfs,#s4_rus_crate_tomatoes_01_lod010-ts1-v01141c479a6
xmodelsurfs,#s4_rus_crate_tomatoes_01_lod0_auto110-ts1-v01041c479a6
xmodelsurfs,#s4_rus_crate_tomatoes_01_lod0_auto1_auto210-ts1-v01041c479a6
xmodelsurfs,#s4_rus_crate_tomatoes_01_lod0_auto1_auto2_auto310-ts1-v01041c479a6
xmodelsurfs,#s4_rus_crate_tomatoes_01_lod0_auto1_auto2_auto3_auto410-ts1-v01041c479a6
xmodelsurfs,#s4_rus_foliage_grass_dry_01_lod010-ts1-v70bf800000
xmodelsurfs,#s4_rus_foliage_grass_dry_01_lod0_auto110-ts1-v70bf800000
xmodelsurfs,#s4_rus_foliage_grass_dry_01_lod0_auto1_auto210-ts1-v70bf800000
xmodelsurfs,#s4_rus_foliage_grass_dry_01_lod0_auto1_auto2_auto310-ts1-v70bf800000
xmodelsurfs,#s4_rus_foliage_grass_dry_01_lod0_auto1_auto2_auto3_auto410-ts1-v70bf800000
xmodelsurfs,#s4_rus_herbweed_dead_lod010-ts1-v61bf800000
xmodelsurfs,#s4_rus_herbweed_dead_lod0_auto110-ts1-v60bf800000
xmodelsurfs,#s4_rus_herbweed_dead_lod0_auto1_auto210-ts1-v60bf800000
xmodelsurfs,#s4_rus_herbweed_dead_lod0_auto1_auto2_auto310-ts1-v60bf800000
xmodelsurfs,#s4_rus_herbweed_dead_lod0_auto1_auto2_auto3_auto410-ts1-v60bf800000
xmodelsurfs,#s4_rus_herbweed_dead_lod0_auto1_auto2_auto3_auto4_auto510-ts1-v40bf800000
xmodelsurfs,#s4_rus_lantern_01_lod010-ts1--6dd71f01-v011bf800000
xmodelsurfs,#s4_rus_lantern_01_lod0_auto110-ts1--6dd71f01-v010bf800000
xmodelsurfs,#s4_rus_lantern_01_lod0_auto1_auto210-ts1--6dd71f01-v010bf800000
xmodelsurfs,#s4_rus_lantern_01_lod0_auto1_auto2_auto310-ts1--6dd71f01-v010bf800000
xmodelsurfs,#s4_rus_lantern_01_lod0_auto1_auto2_auto3_auto410-ts1--6dd71f01-v010bf800000
xmodelsurfs,#s4_rus_medical_duffel_bag_01_lod1_destp_lod010-ts1-v4141a2f2a9
xmodelsurfs,#s4_rus_medical_duffel_bag_01_lod1_destp_lod0_auto110-ts1-v4041a2f2a9
xmodelsurfs,#s4_rus_medical_duffel_bag_01_lod1_destp_lod0_auto1_auto210-ts1-v4041a2f2a9
xmodelsurfs,#s4_rus_medical_duffel_bag_01_lod1_destp_lod0_auto1_auto2_auto310-ts1-v4041a2f2a9
xmodelsurfs,#s4_rus_medical_duffel_bag_01_lod1_destp_lod0_auto1_auto2_auto3_auto410-ts1-v4041a2f2a9
xmodelsurfs,#s4_rus_pile_floor_apple_01_lod010-ts1--21af52d7-v4141daea4a
xmodelsurfs,#s4_rus_pile_floor_apple_01_lod0_auto110-ts1--21af52d7-v4041daea4a
xmodelsurfs,#s4_rus_pile_floor_apple_01_lod0_auto1_auto210-ts1--21af52d7-v4041daea4a
xmodelsurfs,#s4_rus_pile_floor_apple_01_lod0_auto1_auto2_auto310-ts1--21af52d7-v4041daea4a
xmodelsurfs,#s4_rus_pile_floor_apple_01_lod0_auto1_auto2_auto3_auto410-ts1--21af52d7-v4041daea4a
xmodelsurfs,#s4_rus_pile_floor_orange_01_lod010-ts1-v4141a92cca
xmodelsurfs,#s4_rus_pile_floor_peach_01_lod010-ts1-v4141bc3f62
xmodelsurfs,#s4_rus_sandbag_set_128_double_lod010-ts1-v41bf800000
xmodelsurfs,#s4_rus_sandbag_set_128_double_lod0_auto110-ts1-v40bf800000
xmodelsurfs,#s4_rus_sandbag_set_128_double_lod0_auto1_auto210-ts1-v40bf800000
xmodelsurfs,#s4_rus_sandbag_set_128_double_lod0_auto1_auto2_auto310-ts1-v40bf800000
xmodelsurfs,#s4_rus_sandbag_set_128_short_02_lod010-ts1-v41bf800000
xmodelsurfs,#s4_rus_sandbag_set_128_short_02_lod0_auto110-ts1-v40bf800000
xmodelsurfs,#s4_rus_sandbag_set_128_short_02_lod0_auto1_auto210-ts1-v40bf800000
xmodelsurfs,#s4_rus_sandbag_set_128_short_02_lod0_auto1_auto2_auto310-ts1-v40bf800000
xmodelsurfs,#s4_rus_sandbag_set_128_short_02_lod0_auto1_auto2_auto3_auto410-ts1-v40bf800000
xmodelsurfs,#s4_rus_sandbag_set_end_l_01_lod010-ts1-v41bf800000
xmodelsurfs,#s4_rus_sandbag_set_end_l_01_lod0_auto110-ts1-v40bf800000
xmodelsurfs,#s4_rus_sandbag_set_end_l_01_lod0_auto1_auto210-ts1-v40bf800000
xmodelsurfs,#s4_rus_sandbag_set_end_l_01_lod0_auto1_auto2_auto310-ts1-v40bf800000
xmodelsurfs,#s4_rus_sandbag_set_end_l_01_lod0_auto1_auto2_auto3_auto410-ts1-v40bf800000
xmodelsurfs,#s4_rus_sandbag_set_end_l_01_lod0_auto1_auto2_auto3_auto4_auto510-ts1-v40bf800000
xmodelsurfs,#s4_rus_single_apple_01_lod010-ts1--21af52d7-v4140ada7ba
xmodelsurfs,#s4_rus_single_apple_01_lod0_auto110-ts1--21af52d7-v4040ada7ba
xmodelsurfs,#s4_rus_single_apple_01_lod0_auto1_auto210-ts1--21af52d7-v4040ada7ba
xmodelsurfs,#s4_rus_single_apple_01_lod0_auto1_auto2_auto310-ts1--21af52d7-v4040ada7ba
xmodelsurfs,#s4_rus_single_apple_01_lod0_auto1_auto2_auto3_auto410-ts1--21af52d7-v4040ada7ba
xmodelsurfs,#s4_rus_single_lemon_01_lod010-ts1--21af52d7-v41401bc5a6
xmodelsurfs,#s4_rus_single_lemon_01_lod0_auto110-ts1--21af52d7-v40401bc5a6
xmodelsurfs,#s4_rus_single_lemon_01_lod0_auto1_auto210-ts1--21af52d7-v40401bc5a6
xmodelsurfs,#s4_rus_single_lemon_01_lod0_auto1_auto2_auto310-ts1--21af52d7-v40401bc5a6
xmodelsurfs,#s4_rus_single_lemon_01_lod0_auto1_auto2_auto3_auto410-ts1--21af52d7-v40401bc5a6
xmodelsurfs,#s4_rus_single_onion_01_lod010-ts1-v41403a30bd
xmodelsurfs,#s4_rus_single_onion_01_lod0_auto110-ts1-v40403a30bd
xmodelsurfs,#s4_rus_single_onion_01_lod0_auto1_auto210-ts1-v40403a30bd
xmodelsurfs,#s4_rus_single_onion_01_lod0_auto1_auto2_auto310-ts1-v40403a30bd
xmodelsurfs,#s4_rus_single_onion_01_lod0_auto1_auto2_auto3_auto410-ts1-v40403a30bd
xmodelsurfs,#s4_rus_single_orange_01_lod010-ts1--ae35dba6-v4140697734
xmodelsurfs,#s4_rus_single_orange_01_lod010-ts1-v4140697734
xmodelsurfs,#s4_rus_single_orange_01_lod0_auto110-ts1--ae35dba6-v4040697734
xmodelsurfs,#s4_rus_single_orange_01_lod0_auto110-ts1-v4040697734
xmodelsurfs,#s4_rus_single_orange_01_lod0_auto1_auto210-ts1--ae35dba6-v4040697734
xmodelsurfs,#s4_rus_single_orange_01_lod0_auto1_auto210-ts1-v4040697734
xmodelsurfs,#s4_rus_single_orange_01_lod0_auto1_auto2_auto310-ts1--ae35dba6-v4040697734
xmodelsurfs,#s4_rus_single_orange_01_lod0_auto1_auto2_auto310-ts1-v4040697734
xmodelsurfs,#s4_rus_single_orange_01_lod0_auto1_auto2_auto3_auto410-ts1--ae35dba6-v4040697734
xmodelsurfs,#s4_rus_single_orange_01_lod0_auto1_auto2_auto3_auto410-ts1-v4040697734
xmodelsurfs,#s4_rus_single_peach_01_lod010-ts1-v41409a102b
xmodelsurfs,#s4_rus_single_peach_01_lod0_auto110-ts1-v40409a102b
xmodelsurfs,#s4_rus_single_peach_01_lod0_auto1_auto210-ts1-v40409a102b
xmodelsurfs,#s4_rus_single_peach_01_lod0_auto1_auto2_auto310-ts1-v40409a102b
xmodelsurfs,#s4_rus_single_peach_01_lod0_auto1_auto2_auto3_auto410-ts1-v40409a102b
xmodelsurfs,#s4_rus_single_potato_01_lod010-ts1--21af52d7-v4140582f9c
xmodelsurfs,#s4_rus_single_potato_01_lod0_auto110-ts1--21af52d7-v4040582f9c
xmodelsurfs,#s4_rus_single_potato_01_lod0_auto1_auto210-ts1--21af52d7-v4040582f9c
xmodelsurfs,#s4_rus_single_potato_01_lod0_auto1_auto2_auto310-ts1--21af52d7-v4040582f9c
xmodelsurfs,#s4_rus_single_potato_01_lod0_auto1_auto2_auto3_auto410-ts1--21af52d7-v4040582f9c
xmodelsurfs,#s4_rus_single_tomato_01_lod010-ts1-v4140382b98
xmodelsurfs,#s4_rus_single_tomato_01_lod0_auto110-ts1-v4040382b98
xmodelsurfs,#s4_rus_single_tomato_01_lod0_auto1_auto210-ts1-v4040382b98
xmodelsurfs,#s4_rus_single_tomato_01_lod0_auto1_auto2_auto310-ts1-v4040382b98
xmodelsurfs,#s4_rus_single_tomato_01_lod0_auto1_auto2_auto3_auto410-ts1-v4040382b98
xmodelsurfs,#s4_rus_sleeping_bag_01_lod010-ts1-v414215a8ea
xmodelsurfs,#s4_rus_sleeping_bag_01_lod0_auto110-ts1-v404215a8ea
xmodelsurfs,#s4_rus_sleeping_bag_01_lod0_auto1_auto210-ts1-v404215a8ea
xmodelsurfs,#s4_rus_sleeping_bag_01_lod0_auto1_auto2_auto310-ts1-v404215a8ea
xmodelsurfs,#s4_rus_sleeping_bag_01_lod0_auto1_auto2_auto3_auto410-ts1-v404215a8ea
xmodelsurfs,#s4_usa_car_willy_jeep_destp_p_lod010-3--ts1--de8b775c-v00411bf800000
xmodelsurfs,#s4_usa_car_willy_jeep_destp_p_lod0_auto110-3--ts1--de8b775c-v0050bf800000
xmodelsurfs,#s4_usa_car_willy_jeep_destp_p_lod0_auto1_auto210-3--ts1--de8b775c-v0050bf800000
xmodelsurfs,#s4_usa_car_willy_jeep_destp_p_lod0_auto1_auto2_auto310-3--ts1--de8b775c-v0050bf800000
xmodelsurfs,#s4_usa_car_willy_jeep_destp_p_lod0_auto1_auto2_auto3_auto410-3--ts1--de8b775c-v0050bf800000
xmodelsurfs,#s4_usa_dolly_0110-ts1-v4142ad27ae
xmodelsurfs,#s4_usa_dolly_01_auto110-ts1-v4042ad27ae
xmodelsurfs,#s4_usa_dolly_01_auto1_auto210-ts1-v4042ad27ae
xmodelsurfs,#s4_usa_dolly_01_auto1_auto2_auto310-ts1-v4042ad27ae
xmodelsurfs,#s4_usa_dolly_01_auto1_auto2_auto3_auto410-ts1-v4042ad27ae
xmodelsurfs,#s4_usa_oil_barrel_01_flame_lod010v41bf800000
xmodelsurfs,#s4_usa_oil_barrel_01_flame_lod0_auto110v40bf800000
xmodelsurfs,#s4_usa_oil_barrel_01_flame_lod0_auto1_auto210v40bf800000
xmodelsurfs,#s4_usa_oil_barrel_01_flame_lodx10v40bf800000
xmodelsurfs,#s4_usa_ship_dolly_01_lod010-ts1-v41bf800000
xmodelsurfs,#s4_usa_ship_dolly_01_lod0_auto110-ts1-v40bf800000
xmodelsurfs,#s4_usa_ship_dolly_01_lod0_auto1_auto210-ts1-v40bf800000
xmodelsurfs,#s4_usa_ship_dolly_01_lod0_auto1_auto2_auto310-ts1-v40bf800000
xmodelsurfs,#s4_usa_ship_dolly_01_lod0_auto1_auto2_auto3_auto410-ts1-v40bf800000
xmodelsurfs,#s4_usa_ship_lifeboat_mount_hook_01_lod010-ts1-v011bf800000
xmodelsurfs,#s4_usa_ship_lifeboat_mount_hook_01_lod0_auto110-ts1-v010bf800000
xmodelsurfs,#s4_usa_ship_lifeboat_mount_hook_01_lod0_auto1_auto210-ts1-v010bf800000
xmodelsurfs,#s4_usa_ship_lifeboat_mount_hook_01_lod0_auto1_auto2_auto310-ts1-v010bf800000
xmodelsurfs,#s4_usa_ship_lifeboat_mount_hook_01_lod0_auto1_auto2_auto3_auto410-ts1-v010bf800000
xmodelsurfs,#s4_usa_shipment_camo_net_lod010-ts1-v011bf800000
xmodelsurfs,#s4_usa_shipment_camo_net_lod0_auto110-ts1-v010bf800000
xmodelsurfs,#s4_usa_shipment_camo_net_lod0_auto1_auto210-ts1-v010bf800000
xmodelsurfs,#s4_usa_shipment_camo_net_lod0_auto1_auto2_auto310-ts1-v010bf800000
xmodelsurfs,#s4_usa_shipment_camo_net_lod0_auto1_auto2_auto3_auto410-ts1-v010bf800000
xmodelsurfs,#s4_usa_tropical_mountain_01_lod010-ts1-v011bf800000
xmodelsurfs,#s4_zm_jpn_construction_plywood_stacks_01_lod010-ts1-v011bf800000
xmodelsurfs,#s4_zm_jpn_construction_plywood_stacks_01_lod0_auto110-ts1-v010bf800000
xmodelsurfs,#s4_zm_jpn_construction_plywood_stacks_01_lod0_auto1_auto210-ts1-v010bf800000
xmodelsurfs,#s4_zm_jpn_construction_plywood_stacks_01_lod0_auto1_auto2_auto310-ts1-v010bf800000
xmodelsurfs,#s4_zm_jpn_construction_plywood_stacks_01_lod0_auto1_auto2_auto3_auto410-ts1-v010bf800000
xmodelsurfs,#s4_zm_jpn_farm_tools_shovel_01_lod010-ts1-v41bf800000
xmodelsurfs,#s4_zm_jpn_farm_tools_shovel_01_lod0_auto110-ts1-v40bf800000
xmodelsurfs,#s4_zm_jpn_farm_tools_shovel_01_lod0_auto1_auto210-ts1-v40bf800000
xmodelsurfs,#s4_zm_jpn_farm_tools_shovel_01_lod0_auto1_auto2_auto310-ts1-v40bf800000
xmodelsurfs,#s4_zm_jpn_foliage_tree_palm_coconut_tall_vista_lod010-ts1-v211bf800000
xmodelsurfs,#s4_zm_jpn_foliage_tree_palm_coconut_tall_vista_lod0_auto110-ts1-v210bf800000
xmodelsurfs,#s4_zm_jpn_foliage_tree_palm_coconut_tall_vista_lod0_auto1_auto210-ts1-v210bf800000
xmodelsurfs,#s4_zm_jpn_foliage_tree_palm_coconut_tall_vista_lod0_auto1_auto2_auto310-ts1-v210bf800000
xmodelsurfs,#s4_zm_jpn_foliage_tree_palm_coconut_tall_vista_lod0_auto1_auto2_auto3_auto410-ts1-v210bf800000
xmodelsurfs,#s4_zm_jpn_foliage_tree_palm_coconut_tall_vista_lod0_auto1_auto2_auto3_auto4_auto510-ts1-v40bf800000
xmodelsurfs,#s4_zm_jpn_lamp_post_wood_hook_lod010-ts1-v41bf800000
xmodelsurfs,#s4_zm_jpn_lamp_post_wood_hook_lod0_auto110-ts1-v40bf800000
xmodelsurfs,#s4_zm_jpn_lamp_post_wood_hook_lod0_auto1_auto210-ts1-v40bf800000
xmodelsurfs,#sd_equipment_bombsite_crate_d_lod010-4-v00c1142959c6a
xmodelsurfs,#sd_equipment_bombsite_crate_d_lod010-4-v00c11bf800000
xmodelsurfs,#sd_equipment_bombsite_crate_d_lod0_auto110-4-v00c1042959c6a
xmodelsurfs,#sd_equipment_bombsite_crate_d_lod0_auto110-4-v00c10bf800000
xmodelsurfs,#sd_equipment_bombsite_crate_d_lod0_auto1_auto210-4-v00c1042959c6a
xmodelsurfs,#sd_equipment_bombsite_crate_d_lod0_auto1_auto210-4-v00c10bf800000
xmodelsurfs,#sd_equipment_bombsite_crate_d_lod0_auto1_auto2_auto310-4-v00c1042959c6a
xmodelsurfs,#sd_equipment_bombsite_crate_d_lod0_auto1_auto2_auto310-4-v00c10bf800000
xmodelsurfs,#sd_equipment_bombsite_crate_d_lod0_auto1_auto2_auto3_auto410-4-v00c1042959c6a
xmodelsurfs,#sd_equipment_bombsite_crate_d_lod0_auto1_auto2_auto3_auto410-4-v00c10bf800000
xmodelsurfs,#sd_equipment_bombsite_crate_lod010-4-v0007142b07d23
xmodelsurfs,#sd_equipment_bombsite_crate_lod0_auto110-4-v004042b07d23
xmodelsurfs,#sd_equipment_bombsite_crate_lod0_auto1_auto210-4-v004042b07d23
xmodelsurfs,#sd_equipment_bombsite_crate_lod0_auto1_auto2_auto310-4-v004042b07d23
xmodelsurfs,#sd_equipment_bombsite_crate_lod0_auto1_auto2_auto3_auto410-4-v004042b07d23
xmodelsurfs,#sfps_usa_vehicle_depot_01_lod010v40bf800000
xmodelsurfs,#sfps_usa_vehicle_depot_01_lod0_auto110v40bf800000
xmodelsurfs,#sfps_usa_vehicle_depot_01_lod0_auto1_auto210v40bf800000
xmodelsurfs,#sfps_usa_vehicle_depot_01_lod0_auto1_auto2_auto310v40bf800000
xmodelsurfs,#sfps_usa_vehicle_depot_01_lod0_auto1_auto2_auto3_auto410v40bf800000
xmodelsurfs,#shg_jeep_crate_strap_13_lod010v61bf800000
xmodelsurfs,#shg_jeep_crate_strap_13_lod0_auto110v60bf800000
xmodelsurfs,#shg_jeep_crate_strap_13_lod0_auto1_auto210v60bf800000
xmodelsurfs,#shp_jeep_crate_01_lod010v41bf800000
xmodelsurfs,#shp_jeep_crate_01_lod0_auto110v40bf800000
xmodelsurfs,#shp_jeep_crate_01_lod0_auto1_auto210v40bf800000
xmodelsurfs,#shp_jeep_crate_02_lod010v41bf800000
xmodelsurfs,#shp_jeep_crate_02_lod0_auto110v40bf800000
xmodelsurfs,#shp_jeep_crate_02_lod0_auto1_auto210v40bf800000
xmodelsurfs,#shp_jeep_crate_04_lod010v41bf800000
xmodelsurfs,#shp_jeep_crate_04_lod0_auto110v40bf800000
xmodelsurfs,#shp_jeep_crate_04_lod0_auto1_auto210v40bf800000
xmodelsurfs,#shp_jeep_crate_lid_01_lod010v41bf800000
xmodelsurfs,#shp_jeep_crate_lid_01_lod0_auto110v40bf800000
xmodelsurfs,#shp_jeep_crate_lid_01_lod0_auto1_auto210v40bf800000
xmodelsurfs,#shp_jeep_crate_strap_01_lod010v61bf800000
xmodelsurfs,#shp_jeep_crate_strap_01_lod0_auto110v60bf800000
xmodelsurfs,#shp_jeep_crate_strap_01_lod0_auto1_auto210v60bf800000
xmodelsurfs,#shp_jeep_crate_strap_03_lod010v61bf800000
xmodelsurfs,#shp_jeep_crate_strap_03_lod0_auto110v60bf800000
xmodelsurfs,#shp_jeep_crate_strap_03_lod0_auto1_auto210v60bf800000
xmodelsurfs,#shp_jeep_crate_strap_04_lod010v61bf800000
xmodelsurfs,#shp_jeep_crate_strap_04_lod0_auto110v60bf800000
xmodelsurfs,#shp_jeep_crate_strap_04_lod0_auto1_auto210v60bf800000
xmodelsurfs,#shp_jeep_crate_strap_05_lod010v61bf800000
xmodelsurfs,#shp_jeep_crate_strap_05_lod0_auto110v60bf800000
xmodelsurfs,#shp_jeep_crate_strap_05_lod0_auto1_auto210v60bf800000
xmodelsurfs,#shp_jeep_crate_strap_06_lod010v61bf800000
xmodelsurfs,#shp_jeep_crate_strap_06_lod0_auto110v60bf800000
xmodelsurfs,#shp_jeep_crate_strap_06_lod0_auto1_auto210v60bf800000
xmodelsurfs,#shp_jeep_crate_strap_07_lod010v61bf800000
xmodelsurfs,#shp_jeep_crate_strap_07_lod0_auto110v60bf800000
xmodelsurfs,#shp_jeep_crate_strap_07_lod0_auto1_auto210v60bf800000
xmodelsurfs,#shp_jeep_crate_strap_08_lod010v61bf800000
xmodelsurfs,#shp_jeep_crate_strap_08_lod0_auto110v60bf800000
xmodelsurfs,#shp_jeep_crate_strap_08_lod0_auto1_auto210v60bf800000
xmodelsurfs,#shp_jeep_crate_strap_09_lod010v61bf800000
xmodelsurfs,#shp_jeep_crate_strap_09_lod0_auto110v60bf800000
xmodelsurfs,#shp_jeep_crate_strap_09_lod0_auto1_auto210v60bf800000
xmodelsurfs,#shp_jeep_crate_strap_11_lod010v61bf800000
xmodelsurfs,#shp_jeep_crate_strap_11_lod0_auto110v60bf800000
xmodelsurfs,#shp_jeep_crate_strap_11_lod0_auto1_auto210v60bf800000
xmodelsurfs,#shp_jeep_crate_strap_12_lod010v61bf800000
xmodelsurfs,#shp_jeep_crate_strap_12_lod0_auto110v60bf800000
xmodelsurfs,#shp_jeep_crate_strap_12_lod0_auto1_auto210v60bf800000
xmodelsurfs,#shp_jeep_crate_tarp_01_lod010v61bf800000
xmodelsurfs,#shp_jeep_crate_tarp_01_lod0_auto110v60bf800000
xmodelsurfs,#shp_jeep_crate_tarp_01_lod0_auto1_auto210v60bf800000
xmodelsurfs,#shp_rope_net_05_lod010-ts1-v41bf800000
xmodelsurfs,#shp_rope_net_05_lod0_auto110-ts1-v40bf800000
xmodelsurfs,#shp_rope_net_05_lod0_auto1_auto210-ts1-v40bf800000
xmodelsurfs,#shp_rope_net_06_lod010-ts1-v41bf800000
xmodelsurfs,#shp_rope_net_06_lod0_auto110-ts1-v40bf800000
xmodelsurfs,#shp_rope_net_06_lod0_auto1_auto210-ts1-v40bf800000
xmodelsurfs,#shp_rope_net_07_lod010-ts1-v41bf800000
xmodelsurfs,#shp_rope_net_07_lod0_auto110-ts1-v40bf800000
xmodelsurfs,#shp_rope_net_07_lod0_auto1_auto210-ts1-v40bf800000
xmodelsurfs,#shp_rope_net_07_lod0_auto1_auto2_auto310-ts1-v40bf800000
xmodelsurfs,#sphere_lod110v40432646e1
xmodelsurfs,#suv_gamma503_00_static_lod010-5--ts1-v000000071bf800000
xmodelsurfs,#suv_gamma503_00_static_lod0_auto110-5--ts1-v000000070bf800000
xmodelsurfs,#suv_gamma503_00_static_lod0_auto1_auto210-5--ts1-v000000070bf800000
xmodelsurfs,#suv_gamma503_00_static_lod0_auto1_auto2_auto310-5--ts1-v000000c10bf800000
xmodelsurfs,#suv_gamma503_00_static_lod0_auto1_auto2_auto3_auto410-5--ts1-v000000c10bf800000
xmodelsurfs,#suv_gamma503_00_static_lod0_auto1_auto2_auto3_auto4_auto510-5--ts1-v000000c10bf800000
xmodelsurfs,#suv_gamma503_des_lod010-a--ts1-v000000c114312261d
xmodelsurfs,#suv_gamma503_des_lod0_auto110-a--ts1-v000000c104312261d
xmodelsurfs,#suv_gamma503_des_lod0_auto1_auto210-a--ts1-v000000c104312261d
xmodelsurfs,#suv_gamma503_des_lod0_auto1_auto2_auto310-a--ts1-v000000c104312261d
xmodelsurfs,#suv_gamma503_des_lod0_auto1_auto2_auto3_auto410-a--ts1-v000000c104312261d
xmodelsurfs,#suv_gamma503_des_lod0_auto1_auto2_auto3_auto4_auto510-a--ts1-v000000c104312261d
xmodelsurfs,#suv_gamma503_destp_lod010-5--ts1-v00000007143122628
xmodelsurfs,#suv_gamma503_destp_lod0_auto110-5--ts1-v00000007043122628
xmodelsurfs,#suv_gamma503_destp_lod0_auto1_auto210-5--ts1-v00000007043122628
xmodelsurfs,#suv_gamma503_destp_lod0_auto1_auto2_auto310-5--ts1-v000000c1043122628
xmodelsurfs,#suv_gamma503_destp_lod0_auto1_auto2_auto3_auto410-5--ts1-v000000c1043122628
xmodelsurfs,#tkn_rock_cluster_snow_01_lod_010v41bf800000
xmodelsurfs,#tkn_rock_cluster_snow_01_lod_0_auto110v40bf800000
xmodelsurfs,#tkn_rock_cluster_snow_01_lod_0_auto1_auto210v40bf800000
xmodelsurfs,#tkn_rock_cluster_snow_01_lod_0_auto1_auto2_auto310v40bf800000
xmodelsurfs,#tkn_rock_cluster_snow_01_lod_0_auto1_auto2_auto3_auto410v40bf800000
xmodelsurfs,#tkn_rock_cluster_snow_02_lod_010v41bf800000
xmodelsurfs,#tkn_rock_cluster_snow_02_lod_0_auto110v40bf800000
xmodelsurfs,#tkn_rock_cluster_snow_02_lod_0_auto1_auto210v40bf800000
xmodelsurfs,#tkn_rock_cluster_snow_02_lod_0_auto1_auto2_auto310v40bf800000
xmodelsurfs,#tkn_rock_cluster_snow_02_lod_0_auto1_auto2_auto3_auto410v40bf800000
xmodelsurfs,#toy_pool_inflated_beach_ball_01_lod010v41bf800000
xmodelsurfs,#toy_pool_inflated_beach_ball_01_lod0_auto110v40bf800000
xmodelsurfs,#toy_pool_inflated_beach_ball_01_lod0_auto1_auto210v40bf800000
xmodelsurfs,#toy_pool_inflated_beach_ball_01_lod0_auto1_auto2_auto310v40bf800000
xmodelsurfs,#toy_pool_inflated_tube_01_lod000v41bf800000
xmodelsurfs,#toy_pool_inflated_tube_01_lod0_auto100v40bf800000
xmodelsurfs,#tra_checkpoint_hut_01_lod010v41bf800000
xmodelsurfs,#tra_checkpoint_hut_01_lod0_auto110v40bf800000
xmodelsurfs,#tra_checkpoint_hut_01_lod0_auto1_auto210v40bf800000
xmodelsurfs,#un_industrial_wooden_pallet_01_destr_lod010v414273f2ea
xmodelsurfs,#un_industrial_wooden_pallet_01_destr_s1_f1_lod010v41415f327c
xmodelsurfs,#un_industrial_wooden_pallet_01_destr_s1_f1_lod0_auto110v40415f327c
xmodelsurfs,#un_industrial_wooden_pallet_01_destr_s1_f1_lod0_auto1_auto210v40415f327c
xmodelsurfs,#un_industrial_wooden_pallet_01_destr_s1_f2_lod010v41412efbf9
xmodelsurfs,#un_industrial_wooden_pallet_01_destr_s1_f2_lod0_auto110v40412efbf9
xmodelsurfs,#un_industrial_wooden_pallet_01_destr_s1_f2_lod0_auto1_auto210v40412efbf9
xmodelsurfs,#un_industrial_wooden_pallet_01_destr_s1_f4_lod010v41418eb599
xmodelsurfs,#un_industrial_wooden_pallet_01_destr_s1_f4_lod0_auto110v40418eb599
xmodelsurfs,#un_industrial_wooden_pallet_01_destr_s1_f4_lod0_auto1_auto210v40418eb599
xmodelsurfs,#un_industrial_wooden_pallet_01_lod000v41bf800000
xmodelsurfs,#un_industrial_wooden_pallet_01_lod0_auto100v40bf800000
xmodelsurfs,#un_industrial_wooden_pallet_01_lod0_auto1_auto200v40bf800000
xmodelsurfs,#un_industrial_wooden_pallet_01_lod0_auto1_auto2_auto300v40bf800000
xmodelsurfs,#un_industrial_wooden_pallet_01_lod0_auto1_auto2_auto3_auto400v40bf800000
xmodelsurfs,#un_industrial_wooden_pallet_01_lod500v40bf800000
xmodelsurfs,#us_crate_ammo_tank_lod010v0011bf800000
xmodelsurfs,#us_crate_ammo_tank_lod0_auto110v0010bf800000
xmodelsurfs,#us_crate_ammo_tank_lod0_auto1_auto210v0010bf800000
xmodelsurfs,#usa_bulldozer_ca1_static_lod010-2-v051bf800000
xmodelsurfs,#usa_bulldozer_ca1_static_lod0_auto110-2-v050bf800000
xmodelsurfs,#usa_bulldozer_ca1_static_lod0_auto1_auto210-2-v050bf800000
xmodelsurfs,#usa_bulldozer_ca1_static_lod0_auto1_auto2_auto310-2-v050bf800000
xmodelsurfs,#usa_bulldozer_ca1_static_lod0_auto1_auto2_auto3_auto410-2-v050bf800000
xmodelsurfs,#usa_clipboard_org1_lod010v41bf800000
xmodelsurfs,#usa_clipboard_org1_lod0_auto110v40bf800000
xmodelsurfs,#usa_clipboard_org1_lod0_auto1_auto210v40bf800000
xmodelsurfs,#usa_clipboard_org1_lod0_auto1_auto2_auto310v40bf800000
xmodelsurfs,#usa_clipboard_org1_lod0_auto1_auto2_auto3_auto410v40bf800000
xmodelsurfs,#usa_medical_supplies_box_bandages_closed_01_lod010v41418bc0ee
xmodelsurfs,#usa_truck_m35_static_lod010-3-v0a2611bf800000
xmodelsurfs,#usa_truck_m35_static_lod0_auto110-3-v0a2610bf800000
xmodelsurfs,#usa_truck_m35_static_lod0_auto1_auto210-3-v0a2610bf800000
xmodelsurfs,#usa_truck_m35_static_lod0_auto1_auto2_auto310-3-v0a2610bf800000
xmodelsurfs,#usa_truck_m35_static_lod0_auto1_auto2_auto3_auto410-3-v0a2610bf800000
xmodelsurfs,#v22_osprey_damaged_bladepiece_left_lod010v41bf800000
xmodelsurfs,#v22_osprey_damaged_bladepiece_left_lod110v40bf800000
xmodelsurfs,#v22_osprey_damaged_bladepiece_left_lod210v40bf800000
xmodelsurfs,#vfx_debris_wood_splinters_1_g2_lod010v41403647e7
xmodelsurfs,#vfx_debris_wood_splinters_1_g3_lod010v4140455748
xmodelsurfs,#vfx_debris_wood_splinters_1_g4_lod010v41403c9421
xmodelsurfs,#vie_foliage_acacia_bush_01_a_wnd_lod011v60bf800000
xmodelsurfs,#vie_foliage_acacia_bush_01_a_wnd_lod0_auto111v60bf800000
xmodelsurfs,#vie_foliage_acacia_bush_01_a_wnd_lod0_auto1_auto211v60bf800000
xmodelsurfs,#vie_foliage_acacia_bush_01_a_wnd_lod0_auto1_auto2_auto311v60bf800000
xmodelsurfs,#vie_foliage_acacia_bush_01_a_wnd_lod0_auto1_auto2_auto3_auto411v60bf800000
xmodelsurfs,#vie_foliage_acacia_bush_01_a_wnd_lod0_auto1_auto2_auto3_auto4_auto511v60bf800000
xmodelsurfs,#vie_foliage_elephant_ear_01_a_wnd_lod011v61bf800000
xmodelsurfs,#vie_foliage_elephant_ear_01_a_wnd_lod0_auto111v60bf800000
xmodelsurfs,#vie_foliage_elephant_ear_01_a_wnd_lod0_auto1_auto211v60bf800000
xmodelsurfs,#vie_foliage_elephant_ear_01_a_wnd_lod0_auto1_auto2_auto311v60bf800000
xmodelsurfs,#vie_foliage_elephant_ear_01_a_wnd_lod0_auto1_auto2_auto3_auto411v40bf800000
xmodelsurfs,#watertank1_ladder_144_lod010v41bf800000
xmodelsurfs,#watertank1_ladder_144_lod0_auto110v40bf800000
xmodelsurfs,#watertank1_ladder_144_lod0_auto1_auto210v40bf800000
xmodelsurfs,#watertank1_ladder_144_lod0_auto1_auto2_auto310v40bf800000
xmodelsurfs,#watertank1_ladder_144_lod0_auto1_auto2_auto3_auto410v40bf800000
image,#$outdoor
image,#*heightmap0
image,#*ieslookup
image,#*reflection_probe_array_octahedron
image,#ag_metal_rust01_col&defaultspec~4800558894549418686
image,#ag_metal_rust01_col~1752863901000124206
image,#ag_metal_rust01_nml&white~888058357093324224
image,#asphalt_crack_02_c&defaultspec~11957498623616023376
image,#asphalt_crack_02_n&asphalt_crack_02_older_g~169827811065698807
image,#awning_cloth_universal_set_01_c&defaultspec~7200232519480661432
image,#awning_cloth_universal_set_01_m~7038556726149429588
image,#awning_cloth_universal_set_01_n&awning_cloth_universal_set_01_g~5907654205192851525
image,#awning_cloth_universal_set_01_r~8574531169583292763
image,#barrier_sandbags_01_col&defaultspec~17408409916055434486
image,#barrier_sandbags_01_nml&barrier_sandbags_01_cos~7168329543607688253
image,#barrier_wooden_slats_01_n&barrier_wooden_slats_01_g~13412466515889820145
image,#barrier_wooden_slats_01b_c&barrier_wooden_slats_01_s~7996777016176993012
image,#barrier_wooden_slats_02_c&barrier_wooden_slats_01_s~9042628009074273777
image,#base_concrete_polished_01_dull_col&defaultspec~15716206514303990087
image,#base_concrete_polished_01_nml&base_concrete_polished_01_dull_cos~7078639402550478725
image,#base_metal_black_panels_03_noseam_col&base_metal_black_panels_03_noseam_spc~6482702510725733632
image,#base_metal_black_panels_03_noseam_nml&base_metal_black_panels_03_noseam_cos~15993696100791692911
image,#base_wood_fine_planks_03_col&defaultspec~3387427583406024171
image,#base_wood_fine_planks_03_nml&base_wood_fine_planks_03_cos~10204434396063758948
image,#base_wood_fine_planks_can_03_wet_col&defaultspec~18141052281123306180
image,#base_wood_fine_planks_can_03_wet_nml&base_wood_fine_planks_can_03_cos~7605548878330086100
image,#base_wood_fine_trim_03_col&defaultspec~8463271527499540026
image,#base_wood_fine_trim_03_nml&base_wood_fine_trim_03_cos~16183029047037251840
image,#base_wood_planks_splintered_col&defaultspec~5190619349551792233
image,#base_wood_planks_splintered_nml&base_wood_planks_splintered_cos~13212990826277061507
image,#base_wood_planks_splinteredvertical_col&defaultspec~14204387499205647504
image,#base_wood_planks_splinteredvertical_nml&base_wood_planks_splinteredvertical_cos~2958253008334892905
image,#bbn_metal_hull_01_nml&bbn_metal_hull_01_cos~13417596909315681852
image,#bbn_metal_hull_02_col&defaultspec~11540187279867685808
image,#bio_tr_palm_date_war_torn_01_v1_billboard_c#0&defaultspec~13637845594788311671
image,#bio_tr_palm_date_war_torn_01_v1_billboard_c#0~14793643117119260456
image,#bio_tr_palm_date_war_torn_01_v1_billboard_n&bio_tr_palm_date_war_torn_01_v1_billboard_g~1239613932629740742
image,#bio_tr_palm_date_war_torn_01_v4_billboard_c#0&defaultspec~6681798151475637440
image,#bio_tr_palm_date_war_torn_01_v4_billboard_c#0~15612857296396256291
image,#bio_tr_palm_date_war_torn_01_v4_billboard_n&bio_tr_palm_date_war_torn_01_v4_billboard_g~8377578063906018166
image,#black_dirty&defaultspec~4993416515426756630
image,#bldg_rileys_base_c&defaultspec~13996506441233462869
image,#bldg_rileys_base_n&bldg_rileys_base_g~17599587680804594212
image,#bldg_rileys_base_trim_c&defaultspec~5273246612069186824
image,#bldg_rileys_base_trim_c~11410507574411247369
image,#bldg_rileys_base_trim_n&bldg_rileys_base_trim_g~9544885106563958347
image,#bombsite_crate_01_c&bombsite_crate_01_s~3987852224656692731
image,#bombsite_crate_01_n&bombsite_crate_01_g~5613588085084221884
image,#bombsite_crate_01_r1&bombsite_crate_01_r1~6734460070462121995
image,#bombsite_crate_01_r1~6734460070462121995
image,#breaking_wave_01~16067768014026892176
image,#breaking_wave_01~16306478388349366696
image,#brg_wood_painted_panels_02_col&defaultspec~4527743923536655441
image,#brg_wood_painted_panels_02_nml&rly_wood_painted_panels_01_occ&white~16252011031108695614
image,#bsh_metal_floor_02_col&defaultspec~3144597758266069005
image,#bsh_metal_floor_02_nml&bsh_metal_floor_02_cos~15666170086328525265
image,#bsh_rope_01_col&defaultspec~5865863055661195931
image,#bsh_rope_01_nml&bsh_rope_01_cos~13745555442273373704
image,#bsh_wood_deck_01_nml&bsh_wood_deck_01_wet_cos~13846841545189164978
image,#bsh_wood_deck_painted_01_wet_col&defaultspec~18218777445261127837
image,#btr_oldtown_window_04_col&defaultspec~15463333435606724016
image,#btr_vista_crane_col&defaultspec~17478719819061431731
image,#btr_vista_crane_scaffold_col&defaultspec~7255236099999398910
image,#can_brick_plaster_01_col&defaultspec~13747259997089410688
image,#can_train_wooden_siding_01_green_col&defaultspec~18315056970330393146
image,#car_plaster_painted_grey_01_col&defaultspec~2076671204477393353
image,#carepackage_enemy_1k_col_sdf~8330123675734394340
image,#case_big_1k_nml&case_big_256_cos~10756480477425086878
image,#case_big_beige_1k_col&case_big_256_spc~13858485111083048609
image,#caulk_shadow&defaultspec~16372624421442236460
image,#ceramic_roof_tile_corner_01_c&defaultspec~7594934158487344082
image,#ceramic_roof_tile_corner_01_n&ceramic_roof_tile_corner_01_o&ceramic_roof_tile_corner_01_g~3677753826747755669
image,#cli_road_vista_01_col&defaultspec~14553767065409013648
image,#cli_road_vista_01_nml&white~12252458149758181182
image,#cli_vista_bushes_01_col&defaultspec~14411921726031174788
image,#cli_vista_bushes_01_nml&black~6717508098021719415
image,#cli_vista_bushes_01_rvl~7458925480637073007
image,#cli_vista_bushes_02_nml&black~18301748667122260757
image,#cloth_01_c&cloth_01_s~5647519661887230870
image,#cloth_01_n&cloth_01_g~13205029363339835366
image,#clouds_soft_vol
image,#cob_grunge_01_col&defaultspec~2429094554363917044
image,#cob_grunge_01_col~7253704109022871733
image,#cob_grunge_01_rvl~1438948677597174582
image,#cob_mud_dirt_02_col&defaultspec~15863168251211387212
image,#cob_mud_dirt_02_rvl~11250159241133068194
image,#cob_plaster_ext_02_col&defaultspec~14578490076038748403
image,#cob_plaster_ext_02_nml&cob_plaster_ext_02_cos~16655541545931143992
image,#cob_plaster_ext_02_rvl~16180766464120933572
image,#com_brokenglass_ground01_nml&com_brokenglass_ground01_cos~10806676500461334067
image,#compass_map_mp_shipment_s4
image,#concrete_bare_01_col&defaultspec~15512370600507412397
image,#concrete_bare_01_nml&concrete_bare_01_cos~7258203401002875172
image,#concrete_bunker_base_01_col&defaultspec~3865960393810205936
image,#concrete_bunker_base_01_nml&concrete_bunker_base_01_cos~13112593403126563026
image,#construction_building_wooden_palette_01_c&defaultspec~9526059179454498565
image,#construction_building_wooden_palette_01_n&construction_building_wooden_palette_01_g~4597751465363152574
image,#construction_building_wooden_palette_02_desert_r~18075358723032929060
image,#construction_com_water_tank_ladder_01_c&construction_com_water_tank_ladder_01_s~14986074260395306612
image,#construction_com_water_tank_ladder_01_n&construction_com_water_tank_ladder_01_g~9821341136026690104
image,#coolingtower_grass_dirt_col&defaultspec~12230569018857827972
image,#coolingtower_grass_dirt_nml&coolingtower_grass_dirt_occ&white~13094274085207845736
image,#cor_roof_french_tiles_01_col&defaultspec~10665881649577383939
image,#cor_roof_french_tiles_01_nml&cor_roof_french_tiles_01_cos~1633007706655666747
image,#cp_disco_glass_building_windows_01_c&cp_disco_glass_building_windows_01_s~8684878525446713434
image,#cp_disco_glass_building_windows_01_e~2905819243495372082
image,#cp_disco_glass_building_windows_01_n&cp_disco_glass_building_windows_01_o&cp_disco_glass_building_windows_01~8281507437117973373
image,#ctskylight_basis
image,#ctskylight_coef
image,#ctskylight_detail_mask
image,#ctskylight_heightmap
image,#day_bunker_concrete_wall_scan_09_wetgrunge_col&defaultspec~13635613756413264838
image,#day_bunker_concrete_wall_scan_09_wetgrunge_nml&day_bunker_concrete_wall_scan_09_wetgrunge_cos~10384644728127499716
image,#day_concrete_ground_slabs_02_nml&gib_concrete_ground_slabs_02_wet_cos~1027409689330378912
image,#day_rope_03_b_col&defaultspec~6325871265639261402
image,#day_rope_03_b_nml&day_rope_03_b_cos~12070852771218072516
image,#day_wood_beam_interior_col&defaultspec~2186643589574173040
image,#deb_brick_plaster_01_nml&deb_brick_plaster_01_cos~1868136276175111727
image,#decal_mask_scatter_01_c~atlasbc4
image,#decal_mask_scatter_13_c~atlasbc4
image,#decal_mask_stain_08_c~atlasbc4
image,#decals_wood_edge_damage_01_c&defaultspec~11185513247140788125
image,#decals_wood_edge_damage_01_c~14844358142570376037
image,#decals_wood_edge_damage_01_n&decals_wood_edge_damage_01_g~15401716894508998469
image,#default_card_specular
image,#df_plaster_01_white_col&defaultspec~18414272652425403551
image,#dirt_ground_01_c&defaultspec~17518289741366038029
image,#dirt_ground_01_n&dirt_ground_01_g~1503691698462964534
image,#dirt_lab2_footprints_01_rvl~15574588045443228071
image,#dirt_mud_01_c&defaultspec~5917298777809365964
image,#dirt_mud_01_n&dirt_mud_01_g~9704315224470939729
image,#dirt_mud_01_r~2882835726993743835
image,#dirt_mud_footprints_01_n&dirt_mud_01_g~17722316563332427393
image,#dirt_mud_footprints_01_r~15050993502095985269
image,#dirt_red_dirt_02_col&defaultspec~15255795033110109781
image,#dirt_red_dirt_02_col~9405083776504743160
image,#dirt_red_dirt_02_nml&white~15435693924875938599
image,#dirt_stain_water_drips_01_c&defaultspec~16738891291268182414
image,#dirt_stain_water_drips_01_c~12077922972659694999
image,#drywall_paint_white_01_c&defaultspec~8027177430196112078
image,#ee_balcony_railings_a_01_c&defaultspec~2937515858138778867
image,#ee_balcony_railings_a_01_n&ee_balcony_railings_a_01_g~16633974981364149839
image,#ee_balcony_railings_a_01_sdf~4000618507063853332
image,#ee_balcony_railings_a_01_t~1367142825802462957
image,#ee_buildings_industrial_radiotower_01_rope_c&ee_buildings_industrial_radiotower_01_rope_s~1539762847708136344
image,#ee_buildings_industrial_radiotower_01_rope_n&ee_buildings_industrial_radiotower_01_rope_g~13368012394758325941
image,#ee_buildings_industrial_radiotower_02_n&metal_paint_02_g~13550034019130002571
image,#ee_buildings_industrial_radiotower_ladder_01_c&ee_buildings_industrial_radiotower_ladder_01_s~16601997942317891463
image,#ee_buildings_industrial_radiotower_ladder_01_n&ee_buildings_industrial_radiotower_ladder_01_g~4737473486939613693
image,#ee_buildings_industrial_radiotower_ladder_01_r~10708612249324629432
image,#ee_buildings_industrial_radiotower_ladder_01_tint~16813457879159452776
image,#ee_foliage_bush_common_fern_01_c&defaultspec~11629985790844250325
image,#ee_foliage_bush_common_fern_01_n&ee_foliage_bush_common_fern_01_g~6849523387785047008
image,#ee_foliage_bush_common_fern_01_opacity~10022847588809589314
image,#ee_foliage_bush_common_fern_01_trans~9330442666124336588
image,#ee_roof_tiles_long_01_m~6467275602641087435
image,#ee_roof_tiles_long_01_n&ee_roof_tiles_long_01_g~11331431213259274639
image,#ee_roof_tiles_long_02_c&defaultspec~5504065091271139681
image,#egy_rock_cluster_sand_01_col&defaultspec~15412653866529910881
image,#emb_door_window_set_01_vista_ems~10594871794399747087
image,#emb_wall_plaster_dark_blue_c&defaultspec~7958541824494582178
image,#emb_wall_plaster_light_yellow_c&defaultspec~1298163237056537396
image,#emb_wall_plaster_white_n&emb_wall_plaster_white_o&emb_wall_plaster_white_g~2642852008968539902
image,#fabric_camo_netting_desert_01_c&defaultspec~2029512117587956637
image,#fabric_camo_netting_desert_01_n&fabric_camo_netting_desert_01_g~13139834031757687840
image,#fabric_camo_netting_desert_01_r~3170628150637352821
image,#fence_chainlink_nml&zeb_white_metal_spc~1494613818200596192
image,#flk_wall_paint_01_white_c&defaultspec~18210237092516348857
image,#flk_wall_paint_01_white_rvl~12127930573849232174
image,#foliage_s2_gc_roundleaf_mallow_01_col&defaultspec~7953393141122333784
image,#foliage_s2_gc_roundleaf_mallow_01_col~2541263091489428227
image,#foliage_s2_gc_roundleaf_mallow_01_nml&foliage_s2_gc_roundleaf_mallow_01_cos~14871073172290841172
image,#for_wood_beam_interior_nml&for_wood_beam_interior_occ&white~16417152177892221621
image,#for_wood_rustic_orange_01_rvl~18080910895352725231
image,#fx_breaking_wave_01_blend_z8_uvd_wn_dis_u
image,#ger_ammo_88flak_col&ger_ammo_88flak_spc~14898658955228897774
image,#ger_ammo_88flak_nml&ger_ammo_88flak_cos~3250879875581318468
image,#ger_ammo_box_small_01_col&ger_ammo_box_small_01_spc~1418357695356576781
image,#ger_ammo_box_small_01_nml&ger_ammo_box_small_01_cos~8315378106266728542
image,#ger_crate_ammo_01_dirty_col&ger_crate_ammo_01_dirty_spc~5906236184928354398
image,#ger_crate_ammo_01_dirty_nml&ger_crate_ammo_01_dirty_cos~3562590950678617905
image,#ger_hedgehog_01_sand_dry_col&defaultspec~17685236695773623429
image,#ger_hedgehog_01_sand_dry_nml&ger_hedgehog_01_sand_dry_cos~4429953580525210647
image,#ger_hedgehog_02_sand_dry_col&defaultspec~13323582768731761980
image,#ger_hedgehog_02_sand_dry_nml&ger_hedgehog_02_sand_dry_cos~11182341358379411988
image,#gib_concrete_ground_slabs_02_wet_col&defaultspec~2179303234211497743
image,#gib_concrete_ground_slabs_02_wet_rvl~11630789238336526588
image,#gib_painted_walls_01_nml&gib_painted_walls_01_cos~14916184844037586736
image,#gib_painted_walls_01_rvl~2107390949003567559
image,#gib_painted_walls_02_col&defaultspec~5003147318559950861
image,#glass_bottle_beer_fn_01_c&defaultspec~16239761734137754000
image,#glass_bottle_beer_fn_01_n&glass_bottle_beer_fn_01_g~10962087773568376855
image,#glass_building_windows_shining_01_c&glass_building_windows_shining_01_s~18408565134597446854
image,#glass_building_windows_shining_01_n&glass_building_windows_shining_01_g~3356837277725955086
image,#glass_window_facade_6pane_01_c&defaultspec~16964967396092852754
image,#glass_window_facade_6pane_01_n&glass_window_facade_6pane_01_g~16320705644545544328
image,#gradingclutmp_shipment_s4_clut
image,#greece_conf_cntr_furniture_01_col&defaultspec~9604448897142926085
image,#greece_conf_cntr_furniture_01_nml&greece_conf_cntr_furniture_01_occ&white~15786129126973155535
image,#greece_plaster_painted_01_blue_col&defaultspec~4681158485451099636
image,#greece_plaster_painted_01_gray_nml&white~701949297661101568
image,#greece_plaster_wall_01_col&defaultspec~1477644674157966083
image,#greece_plaster_wall_01_nml&greece_plaster_wall_01_cos~14233647867880855630
image,#greece_plaster_wall_03_col&defaultspec~7016611458155020562
image,#greece_plaster_wall_03_nml&greece_plaster_wall_03_cos~8779910390066451262
image,#greece_plaster_wall_04_nml&greece_plaster_wall_04_cos~11210395723542665800
image,#greece_poolside_lounger_01_col&defaultspec~1901884676218224720
image,#greece_poolside_lounger_01_nml&white~6728954259634812539
image,#halftrack_crane_parts_c&halftrack_crane_parts_s~4969557227440485405
image,#halftrack_crane_parts_n&halftrack_crane_parts_g~11595019522007989765
image,#halftrack_crane_track_c&halftrack_crane_track_s~5811924354063500680
image,#halftrack_crane_track_n&halftrack_crane_track_g~15816556765146502830
image,#highway_flag0_c&flag_neutral_spc~11139036757629305067
image,#highway_flag0_c~15192595110750805293
image,#highway_flag_0_c
image,#hms_beigebrick_trim_light_col&defaultspec~2106339421655779358
image,#hms_beigebrick_trim_light_nml&hms_beigebrick_trim_light_cos~13617514275815942701
image,#hms_greece_window_b_nml&hms_greece_window_b_cos~11420610759930819408
image,#hr2_door_window_set_01_col&defaultspec~16049990012205902910
image,#hr2_vista_bldgs_01_a_col&defaultspec~481430148228492348
image,#hr2_vista_bldgs_01_a_ems~4963457196582988774
image,#hr2_vista_bldgs_01_grp_a_col&defaultspec~12844311684640351350
image,#hr2_vista_bldgs_01_grp_a_ems~14452566720840041050
image,#hr2_vista_bldgs_01_grp_c_col&defaultspec~9627565706673638901
image,#hr2_vista_bldgs_01_grp_c_ems~12465992981210300911
image,#hr2_vista_bldgs_01_grp_d_col&defaultspec~16492868969213181619
image,#hr2_vista_bldgs_01_grp_d_ems~12826343456388013904
image,#hur_mud_dirt_02_nml&cob_mud_dirt_02_cos~789413748835213516
image,#hur_tent_01_col&defaultspec~4797629458239134798
image,#hur_tent_01_nml&hur_tent_01_cos~15565801979258243035
image,#hur_tent_02_col&defaultspec~6319066292742486293
image,#hur_tent_02_nml&hur_tent_02_cos~11925324349350841427
image,#hur_tent_lrg_01_col&defaultspec~4096461554188092584
image,#hur_tent_lrg_01_nml&hur_tent_lrg_01_cos~2455304818242715808
image,#hur_tent_lrg_02_col&defaultspec~16025800696816086308
image,#hur_tent_lrg_02_nml&hur_tent_lrg_02_cos~674600628912469491
image,#hur_tent_lrg_03a_col&defaultspec~1838448488227778835
image,#hur_tent_lrg_03a_nml&hur_tent_lrg_03a_cos~3770950695323164296
image,#hur_tent_lrg_03b_col&defaultspec~16785402176511740373
image,#hur_tent_lrg_03b_nml&hur_tent_lrg_03b_cos~13874341683993714209
image,#hur_tent_lrg_04_col&defaultspec~18396655756452769642
image,#hur_tent_lrg_04_nml&hur_tent_lrg_04_cos~5525071496314396920
image,#hur_tent_med_col&defaultspec~2475626835496476717
image,#hur_tent_mess_col&hur_tent_mess_spc~17394273970252022486
image,#hur_tent_mess_nml&hur_tent_med_cos~1683212054626574894
image,#hur_tent_mess_nml&hur_tent_mess_cos~2394982812786161927
image,#identitynormalmap&dirt_stain_water_drips_01_g~16063711402801618758
image,#identitynormalmap&military_hq_crate_01_proxy_g~18404918812395772763
image,#identitynormalmap&mtl_dun_boat_glass_cos~16129483456458742363
image,#identitynormalmap&periph_yacht_01_g~16471645113014453530
image,#identitynormalmap&shp_crate_decals_01_cos~11523479354855507427
image,#identitynormalmap&shp_crate_decals_01_dark_cos~6088142961767521089
image,#identitynormalmap&spk_water_stain_grunge_01_cos~5995635358964766657
image,#identitynormalmap&trq_grunge_01_cos~7096444943137021211
image,#identitynormalmap&white_dirty_g~9637408967998125353
image,#identitynormalmap&white~15144982370637572084
image,#ins_brick_ruins_small_01_rvl~8754145375748730189
image,#li_i_mtl_mkg_foliage_plant_areca_hvy_wnd_proxy_albedo
image,#li_i_mtl_mkg_foliage_plant_areca_hvy_wnd_proxy_depth
image,#li_i_mtl_mkg_foliage_plant_areca_hvy_wnd_proxy_geo
image,#li_i_mtl_mkg_foliage_plant_areca_hvy_wnd_proxy_normal
image,#li_i_mtl_mkg_foliage_plant_areca_hvy_wnd_proxy_translucence
image,#li_i_mtl_mkg_vista_jungle_cluster_01_proxy_albedo
image,#li_i_mtl_mkg_vista_jungle_cluster_01_proxy_depth
image,#li_i_mtl_mkg_vista_jungle_cluster_01_proxy_geo
image,#li_i_mtl_mkg_vista_jungle_cluster_01_proxy_normal
image,#li_i_mtl_mkg_vista_jungle_cluster_02_proxy_albedo
image,#li_i_mtl_mkg_vista_jungle_cluster_02_proxy_depth
image,#li_i_mtl_mkg_vista_jungle_cluster_02_proxy_geo
image,#li_i_mtl_mkg_vista_jungle_cluster_02_proxy_normal
image,#li_i_mtl_ndy_seaweed_cluster_01_sand_wet_proxy_albedo
image,#li_i_mtl_ndy_seaweed_cluster_01_sand_wet_proxy_depth
image,#li_i_mtl_ndy_seaweed_cluster_01_sand_wet_proxy_geo
image,#li_i_mtl_ndy_seaweed_cluster_01_sand_wet_proxy_normal
image,#li_i_mtl_s4_bgv_foliage_tree_date_palm_01_proxy_albedo
image,#li_i_mtl_s4_bgv_foliage_tree_date_palm_01_proxy_depth
image,#li_i_mtl_s4_bgv_foliage_tree_date_palm_01_proxy_geo
image,#li_i_mtl_s4_bgv_foliage_tree_date_palm_01_proxy_normal
image,#li_i_mtl_s4_bgv_foliage_tree_date_palm_01_proxy_translucence
image,#li_i_mtl_s4_foliage_poppy_flower_vista_01_proxy_albedo
image,#li_i_mtl_s4_foliage_poppy_flower_vista_01_proxy_depth
image,#li_i_mtl_s4_foliage_poppy_flower_vista_01_proxy_geo
image,#li_i_mtl_s4_foliage_poppy_flower_vista_01_proxy_normal
image,#li_i_mtl_s4_foliage_poppy_flower_vista_01_proxy_translucence
image,#li_i_mtl_s4_jpn_grass_green_03_proxy_albedo
image,#li_i_mtl_s4_jpn_grass_green_03_proxy_depth
image,#li_i_mtl_s4_jpn_grass_green_03_proxy_geo
image,#li_i_mtl_s4_jpn_grass_green_03_proxy_normal
image,#li_i_mtl_s4_jpn_herbweed_dead_proxy_albedo
image,#li_i_mtl_s4_jpn_herbweed_dead_proxy_depth
image,#li_i_mtl_s4_jpn_herbweed_dead_proxy_geo
image,#li_i_mtl_s4_jpn_herbweed_dead_proxy_normal
image,#li_i_mtl_s4_jpn_herbweed_dead_proxy_translucence
image,#li_i_mtl_s4_zm_jpn_foliage_tree_palm_coconut_tall_vista_proxy_albedo
image,#li_i_mtl_s4_zm_jpn_foliage_tree_palm_coconut_tall_vista_proxy_depth
image,#li_i_mtl_s4_zm_jpn_foliage_tree_palm_coconut_tall_vista_proxy_geo
image,#li_i_mtl_s4_zm_jpn_foliage_tree_palm_coconut_tall_vista_proxy_normal
image,#li_i_mtl_s4_zm_jpn_foliage_tree_palm_coconut_tall_vista_proxy_translucence
image,#li_i_mtl_vie_foliage_elephant_ear_01_a_wnd_proxy_albedo
image,#li_i_mtl_vie_foliage_elephant_ear_01_a_wnd_proxy_depth
image,#li_i_mtl_vie_foliage_elephant_ear_01_a_wnd_proxy_geo
image,#li_i_mtl_vie_foliage_elephant_ear_01_a_wnd_proxy_normal
image,#li_i_mtl_vie_foliage_elephant_ear_01_a_wnd_proxy_translucence
image,#linoleum_tiles_floor_green_c&defaultspec~3230401138821915755
image,#linoleum_tiles_floor_green_n&linoleum_tiles_floor_green_g~2296661894421608303
image,#lm_tree_dead_branch_02_c&defaultspec~3501893059640216081
image,#lm_tree_dead_branch_02_n&lm_tree_dead_branch_02_g~466073482454117730
image,#lon_create_set_04_green_col&defaultspec~9488623935649203829
image,#lon_create_set_04a_green_col&defaultspec~8240265088999926834
image,#lon_create_set_05_green_col&defaultspec~15845759259723415787
image,#lon_create_set_05_green_nml&lon_create_set_05_green_cos~11582984363561488469
image,#lon_create_set_05a_green_col&defaultspec~8237150262383298687
image,#macro_foam_packaging_c&defaultspec~7221402979641206169
image,#macro_foam_packaging_n&macro_foam_packaging_g~6106746525788025876
image,#macro_metal_industrial_01_c&defaultspec~11818886887976746993
image,#macro_metal_industrial_01_n&macro_metal_industrial_01_g~10816470489054090795
image,#macro_plastic_military_01_c&defaultspec~4360674750591051484
image,#macro_plastic_used_02_c&defaultspec~3364180994164893902
image,#macro_plastic_used_02_n&macro_plastic_used_02_g~2070555600098417795
image,#macro_rust_plain_01_c&defaultspec~7646288657935654650
image,#macro_rust_plain_01_n&macro_rust_plain_01_g~6718634479653268405
image,#macro_rust_plain_01_r~10776009698800729481
image,#me_gas_lantern_01_c&me_gas_lantern_01_s~4530785278999223981
image,#me_gas_lantern_01_c~17092227705234793420
image,#me_gas_lantern_01_c~5476413098180120159
image,#me_gas_lantern_01_e~16712975680676437738
image,#me_gas_lantern_01_n&me_gas_lantern_01_g~8148917627453988673
image,#me_traffic_cone_01_c&defaultspec~16016790982280934478
image,#me_traffic_cone_01_c~14057869076616365481
image,#me_traffic_cone_01_n&me_traffic_cone_01_g~6755589550873526966
image,#me_wiring_mp_faridah_01_c&defaultspec~2712731586580737036
image,#me_wiring_mp_faridah_01_n&me_wiring_mp_faridah_01_g~5676171670884580638
image,#me_wiring_mp_faridah_01_sdf~10497790829250360651
image,#metal_bare_diamon_pattern_02_n&metal_bare_diamon_pattern_02_o&metal_bare_diamon_pattern_01_g~1693279465664617192
image,#metal_coated_corrugated_lab_a_c&defaultspec~7988739008036046023
image,#metal_coated_corrugated_lab_a_n&metal_coated_corrugated_lab_a_g~2482006109681187827
image,#metal_edge_wear_02_c&metal_edge_wear_02_s~17564270344177922625
image,#metal_edge_wear_02_c~8844065784913854209
image,#metal_edge_wear_02_n&metal_edge_wear_01_g~14676701772281606195
image,#metal_paint_02_c&defaultspec~16178209887988899903
image,#metal_painted_diamond_pattern_01_c&defaultspec~1375165539123298421
image,#military_cp_crafting_crate_wood_c&military_cp_crafting_crate_wood_s~12247666973816173102
image,#military_cp_crafting_crate_wood_lod_c&military_cp_crafting_crate_wood_lod_s~14275515677286820858
image,#military_cp_crafting_crate_wood_lod_n&military_cp_crafting_crate_wood_lod_g~6711799351535534342
image,#military_cp_crafting_crate_wood_n&military_cp_crafting_crate_wood_g~15363053469041668451
image,#military_cp_crafting_crate_wood_nails_c&defaultspec~9726335088748085301
image,#military_cp_crafting_crate_wood_nails_c~5539127471574425911
image,#military_cp_crafting_crate_wood_nails_n&military_cp_crafting_crate_wood_nails_g~1548484308812880517
image,#military_hq_antenna_01_c&military_hq_antenna_01_s~520994193661569442
image,#military_hq_antenna_01_n&military_hq_antenna_01_g~14697326046716229942
image,#military_hq_antenna_01_thermalmap
image,#military_hq_crate_01_c&military_hq_crate_01_s~8113048843119844383
image,#military_hq_crate_01_details_c&defaultspec~14799115473983091689
image,#military_hq_crate_01_details_c~4453864601100117419
image,#military_hq_crate_01_details_n&military_hq_crate_01_details_g~12361157338615579746
image,#military_hq_crate_01_n&military_hq_crate_01_g~11392863636228024296
image,#military_hq_crate_01_proxy_c&military_hq_crate_01_proxy_s~13603887683371051698
image,#military_hq_crate_01_r&white&military_hq_crate_01_r~680563658950765447
image,#military_hq_crate_01_r&white~7965811873697425980
image,#misc_carepackage_friendly_c&misc_carepackage_friendly_s~13866325513837876035
image,#misc_carepackage_friendly_e~11363018567706150527
image,#misc_carepackage_friendly_n&misc_carepackage_friendly_g~1955119688308056250
image,#misc_carepackage_friendly_r~2431504034956356230
image,#misc_carepackage_friendly_thermalmap
image,#mkg_albizia_tree_01_c&defaultspec~2820295576407544005
image,#mkg_albizia_tree_01_n&mkg_albizia_tree_01_g~3764653902041090942
image,#mkg_albizia_tree_leaves_01_a~3970445908330212207
image,#mkg_albizia_tree_leaves_01_c&defaultspec~6908048842863960898
image,#mkg_albizia_tree_leaves_01_m~13592916202179889111
image,#mkg_albizia_tree_leaves_01_n&mkg_albizia_tree_leaves_01_g~9490561889028337367
image,#mkg_banana_tree_01_c&mkg_banana_tree_01_s~7366210049098351319
image,#mkg_banana_tree_01_n&mkg_banana_tree_01_g~12013676501558176018
image,#mkg_banana_tree_01_o~9300397823620065030
image,#mkg_banana_tree_01_t~3464340861383965945
image,#mkg_banana_tree_01_z~471832833027597990
image,#mkg_banana_tree_bark_01_c&defaultspec~10859953362472392659
image,#mkg_banana_tree_bark_01_m~3517448410940469000
image,#mkg_banana_tree_bark_01_n&mkg_banana_tree_bark_01_g~6409483256499890066
image,#mkg_foliage_dead_leaf_debris_01_c&defaultspec~17498562203740990869
image,#mkg_foliage_dead_leaf_debris_01_m~15171066857493338023
image,#mkg_foliage_dead_leaf_debris_01_n&mkg_foliage_dead_leaf_debris_01_g~16784729717641973342
image,#mkg_foliage_plant_areca_c&defaultspec~13806787283506109968
image,#mkg_foliage_plant_areca_leaves_o~5272753193438885716
image,#mkg_foliage_plant_areca_n&mkg_foliage_plant_areca_g~12605051162588477865
image,#mkg_foliage_ti_plant_cordyline_fruitcosa_01_c&defaultspec~9608295817210581421
image,#mkg_foliage_ti_plant_cordyline_fruitcosa_01_m~4903383759223502016
image,#mkg_foliage_ti_plant_cordyline_fruitcosa_01_n&mkg_foliage_ti_plant_cordyline_fruitcosa_01_o&mkg_foliage_ti_~12027292353011961545
image,#mkg_foliage_tree_broadleaf_filler_bark_02_c&defaultspec~9927415000023708874
image,#mkg_foliage_tree_broadleaf_filler_bark_02_n&mkg_foliage_tree_broadleaf_filler_bark_02_g~7120338560262860978
image,#mkg_foliage_tree_broadleaf_filler_leaves_c&mkg_foliage_tree_broadleaf_filler_leaves_s~6877029004435134865
image,#mkg_foliage_tree_broadleaf_filler_leaves_n&mkg_foliage_tree_broadleaf_filler_leaves_g~16166900130434630245
image,#mkg_foliage_tree_broadleaf_filler_leaves_o~877645619969951753
image,#mkg_foliage_tree_broadleaf_filler_leaves_t~13093338750267725108
image,#mkg_foliage_tree_broadleaf_filler_leaves_z~3240884680955758057
image,#mkg_foliage_tree_date_palm_fronds_c&mkg_foliage_tree_date_palm_fronds_s~15289577196454472450
image,#mkg_foliage_tree_date_palm_fronds_m~1426590448660103204
image,#mkg_foliage_tree_date_palm_fronds_n&mkg_foliage_tree_date_palm_fronds_g~9252563371779171021
image,#mkg_foliage_tree_date_palm_fronds_t~10654310610344921992
image,#mkg_foliage_tree_date_palm_fronds_z~8639235031294694085
image,#mkg_foliage_tree_date_palm_trunk_c&defaultspec~4056224919874302949
image,#mkg_foliage_tree_date_palm_trunk_n&mkg_foliage_tree_date_palm_trunk_g~214552997630231184
image,#mkg_foliage_tree_palm_coconut_fronds_01_a~14002486450954700922
image,#mkg_foliage_tree_palm_coconut_fronds_01_c&defaultspec~2990194183686513027
image,#mkg_foliage_tree_palm_coconut_fronds_01_m~9729110674991301651
image,#mkg_foliage_tree_palm_coconut_fronds_01_n&mkg_foliage_tree_palm_coconut_fronds_01_g~13319040070537121284
image,#mkg_foliage_tree_palm_coconut_fronds_02_c&mkg_foliage_tree_palm_coconut_fronds_02_s~18422599134393684329
image,#mkg_foliage_tree_palm_coconut_fronds_02_n&mkg_foliage_tree_palm_coconut_fronds_02_g~12823831058639754041
image,#mkg_foliage_tree_palm_coconut_fronds_02_o~13378453547115047389
image,#mkg_foliage_tree_palm_coconut_fronds_02_t~2642856468206127772
image,#mkg_foliage_tree_palm_coconut_fronds_02_z~771345359810159903
image,#mkg_foliage_tree_palm_coconut_leaflets_a~6824824180125062963
image,#mkg_foliage_tree_palm_coconut_leaflets_c&defaultspec~9124551344899012884
image,#mkg_foliage_tree_palm_coconut_leaflets_m~901354783690068594
image,#mkg_foliage_tree_palm_coconut_leaflets_n&mkg_foliage_tree_palm_coconut_leaflets_g~10681117267617070382
image,#mkg_foliage_tree_palm_coconut_rachis_c&defaultspec~3052413301267659790
image,#mkg_foliage_tree_palm_coconut_rachis_n&mkg_foliage_tree_palm_coconut_rachis_g~17302362436264470160
image,#mkg_hanging_vines_01_c&mkg_hanging_vines_01_s~3467947261402686969
image,#mkg_hanging_vines_01_n&mkg_hanging_vines_01_g~7915851849099538510
image,#mkg_hanging_vines_01_sdf_o~442827009177431139
image,#mkg_hanging_vines_01_t~17462880373386150725
image,#mkg_hanging_vines_01_z~7081162547081291590
image,#mkg_hut_wall_straw_01_c&defaultspec~15099288802442205205
image,#mkg_hut_wall_straw_01_c~14375096667911742850
image,#mkg_hut_wall_straw_01_n&mkg_hut_wall_straw_01_o&mkg_hut_wall_straw_01_g~7503632534802638153
image,#mkg_jungle_plant_01_a~7034854176764391201
image,#mkg_jungle_plant_01_c&defaultspec~873926600219491002
image,#mkg_jungle_plant_01_m~1695392177176976002
image,#mkg_jungle_plant_01_n&mkg_jungle_plant_01_g~14174876224359959138
image,#mkg_mangrove_palm_01_c&defaultspec~13750308949377320959
image,#mkg_mangrove_palm_01_m~6928259382857752876
image,#mkg_mangrove_palm_01_n&mkg_mangrove_palm_01_g~14516023177155728391
image,#mkg_mangrove_palm_01_sc~9175015683553683556
image,#mkg_mangrove_palm_01_t~3036472043481243081
image,#mkg_stephania_cephalantha_01_o~5449547040682257627
image,#mkg_vista_jungle_cluster_low_c&defaultspec~17108414496907560727
image,#mkg_vista_jungle_cluster_low_c~4506995129576851297
image,#mkg_vista_jungle_cluster_low_n&mkg_vista_jungle_cluster_low_g~10209866273441209611
image,#mkg_vista_jungle_cluster_low_t~15998562880183178436
image,#mkg_vista_jungle_cluster_m~1303167928940731094
image,#mp_hub_allies_sign_d_col&defaultspec~15436048810953409878
image,#mp_hub_allies_sign_d_nml&mp_hub_allies_sign_d_cos~2736667442402888940
image,#mp_hub_allies_supply_truck_vista_01_col&defaultspec~3108073082684925504
image,#mp_hub_allies_supply_truck_vista_01_col~13025046011034554723
image,#mp_hub_allies_supply_truck_vista_01_nml&mp_hub_allies_supply_truck_vista_01_cos~14592774241433462057
image,#mtl_ach_sandbag_cover_01_col&mtl_ach_sandbag_cover_01_spc~17139586080549991679
image,#mtl_ach_sandbag_cover_01_nml&mtl_ach_sandbag_cover_01_cos~8711131648071815072
image,#mtl_bsh_lifeboat_crane_arm_01_col&defaultspec~18122973914894485305
image,#mtl_bsh_lifeboat_crane_arm_01_nml&mtl_bsh_lifeboat_crane_arm_01_cos~13310054196391769380
image,#mtl_cob_ladder_wooden_01_col&defaultspec~14279414095722962388
image,#mtl_cob_ladder_wooden_01_nml&mtl_cob_ladder_wooden_01_cos~743719850688727500
image,#mtl_cob_tire_01_col&mtl_cob_tire_01_spc~13042722915594606352
image,#mtl_cob_tire_01_nml&mtl_cob_tire_01_cos~12789823938210180212
image,#mtl_det_beach_ball_01_col&defaultspec~3395099368560397630
image,#mtl_det_beach_ball_01_nml&mtl_det_beach_ball_01_occ&white~9381666689575190569
image,#mtl_dun_belongings_book_01_col&defaultspec~8555236011587763706
image,#mtl_dun_belongings_book_01_nml&mtl_dun_belongings_book_01_cos~4846964309486513431
image,#mtl_dun_boat_glass_col&defaultspec~10270433834619376436
image,#mtl_dun_boat_yacht_01_col&mtl_dun_boat_yacht_01_spc~15200870289238603687
image,#mtl_dun_boat_yacht_01_glass_col&defaultspec~15861844455757046366
image,#mtl_dun_boat_yacht_01_glass_nml&mtl_dun_boat_yacht_01_glass_cos~2871346369232531969
image,#mtl_dun_boat_yacht_01_nml&mtl_dun_boat_yacht_01_cos~17449664779018110936
image,#mtl_dun_boat_yacht_01_paint_01_col&defaultspec~16468360534047513549
image,#mtl_dun_boat_yacht_01_paint_01_nml&mtl_dun_boat_yacht_01_paint_01_cos~458279286796920572
image,#mtl_dun_boat_yacht_01_paint_02_col&defaultspec~4608188241391557564
image,#mtl_dun_tarp_beach_01_col&defaultspec~10229190910450225228
image,#mtl_dun_tarp_beach_01_nml&mtl_dun_tarp_beach_01_cos~15548979137318318232
image,#mtl_farmtools_shovels_01_col&mtl_farmtools_shovels_01_spc~2974196991477021402
image,#mtl_farmtools_shovels_01_nml&mtl_farmtools_shovels_01_cos~18096132248415838256
image,#mtl_gen_bomb_site_c&mtl_gen_bomb_site_s~5256990490548696541
image,#mtl_gen_bomb_site_n&mtl_gen_bomb_site_g~2105096571795837268
image,#mtl_ger_barbed_wire_01_col&mtl_ger_barbed_wire_01_spc~14281981129445048128
image,#mtl_ger_barbed_wire_01_col~258674893755152871
image,#mtl_ger_barbed_wire_01_nml&mtl_ger_barbed_wire_01_cos~14512285890301083934
image,#mtl_ger_barbed_wire_posts_01_col&defaultspec~7384297244706032273
image,#mtl_ger_barbed_wire_posts_01_nml&mtl_ger_barbed_wire_posts_01_cos~5754741826776330259
image,#mtl_ger_tools_01_col&mtl_ger_tools_01_spc~13305553504136473859
image,#mtl_ger_tools_01_nml&mtl_ger_tools_01_cos~12655732935062238336
image,#mtl_hub_summer_surfboard_01_b_col&defaultspec~12527660309345069250
image,#mtl_hub_summer_surfboard_01_b_nml&mtl_hub_summer_surfboard_01_b_cos~9951556025821017935
image,#mtl_hub_summer_surfboard_01_col&defaultspec~1761842239423467530
image,#mtl_hub_summer_surfboard_01_nml&mtl_hub_summer_surfboard_01_cos~9929171942946325063
image,#mtl_hub_summer_surfboard_02_b_col&defaultspec~14563323240452341749
image,#mtl_hub_summer_surfboard_02_b_nml&mtl_hub_summer_surfboard_02_b_cos~2044421718891894042
image,#mtl_hub_summer_surfboard_02_col&mtl_hub_summer_surfboard_02_spc~10448362246680229246
image,#mtl_hub_summer_surfboard_02_nml&mtl_hub_summer_surfboard_02_cos~2612047369032192249
image,#mtl_lon_air_drop_can_01_col&mtl_lon_air_drop_can_01_spc~15398671588079782459
image,#mtl_lon_air_drop_can_01_nml&mtl_lon_air_drop_can_01_cos~427407412362907524
image,#mtl_lon_create_set_02_col&defaultspec~3094572500880004573
image,#mtl_lon_create_set_02_nml&mtl_lon_create_set_02_cos~3033170381893204592
image,#mtl_lon_create_set_04_col&defaultspec~4904696030671299633
image,#mtl_lon_create_set_04_nml&lon_create_set_04_green_cos~16998876653515358989
image,#mtl_lon_create_set_04_nml&mtl_lon_create_set_04_cos~4718522293888092749
image,#mtl_lon_create_set_05_col&defaultspec~13519397461326470413
image,#mtl_lon_create_set_05_nml&mtl_lon_create_set_05_cos~7968262904951850292
image,#mtl_lon_create_set_07_col&defaultspec~16367527269524629329
image,#mtl_lon_create_set_07_nml&mtl_lon_create_set_07_cos~7025720615205904088
image,#mtl_lon_jeep_crate_01_dark_col&defaultspec~9496373757541824350
image,#mtl_lon_jeep_crate_01_nml&mtl_lon_jeep_crate_01_cos~13520822357276019977
image,#mtl_lon_jeep_crate_01b_col&defaultspec~19487642187472044
image,#mtl_mp_hub_allies_brit_flood_light_col&mtl_mp_hub_allies_brit_flood_light_spc~10683933767018756645
image,#mtl_mp_hub_allies_brit_flood_light_nml&mtl_mp_hub_allies_brit_flood_light_cos~419625829105925360
image,#mtl_mp_hub_allies_lct_transport_01_alpha_col&defaultspec~15950583164993490103
image,#mtl_mp_hub_allies_lct_transport_01_alpha_col~12515752848233056300
image,#mtl_mp_hub_allies_lct_transport_01_alpha_nml&mtl_mp_hub_allies_lct_transport_01_alpha_cos~17424400017360797719
image,#mtl_ndy_rock_set_sml_01_col&defaultspec~7242120856674420504
image,#mtl_ndy_rock_set_sml_01_nml&mtl_ndy_rock_set_sml_01_cos~17114569603138315519
image,#mtl_ndy_ship_destroyer_vista_01_col&defaultspec~10801093063583233451
image,#mtl_ndy_ship_destroyer_vista_01_col~4868032175109586240
image,#mtl_ndy_ship_destroyer_vista_01_nml&mtl_ndy_ship_destroyer_vista_01_cos~11206104247880557400
image,#mtl_ndy_usa_ship_arkansas_vista_01_col&defaultspec~10745268396662792713
image,#mtl_ndy_usa_ship_arkansas_vista_01_nml&mtl_ndy_usa_ship_arkansas_vista_01_cos~6587441699517872145
image,#mtl_p7_crate_wood_01_c&defaultspec~11235159430176959367
image,#mtl_p7_crate_wood_01_n&mtl_p7_crate_wood_01_g~8615934332073808772
image,#mtl_p7_zm_kin_bottle_beer_c&defaultspec~12337695561132092878
image,#mtl_p7_zm_kin_bottle_beer_n&mtl_p7_zm_kin_bottle_beer_g~12516356599473884873
image,#mtl_p8_foliage_tree_palm_coconut_fibers_01_c&defaultspec~12284025395868895256
image,#mtl_p8_foliage_tree_palm_coconut_fibers_01_m~10233981020019708679
image,#mtl_p8_foliage_tree_palm_coconut_fibers_01_n&mtl_p8_foliage_tree_palm_coconut_fibers_01_g~8618522524704022653
image,#mtl_p8_foliage_tree_palm_coconut_trunk_base_c&defaultspec~6566248708963320549
image,#mtl_p8_foliage_tree_palm_coconut_trunk_base_n&mtl_p8_foliage_tree_palm_coconut_trunk_base_g~146067722212796006
image,#mtl_p8_foliage_tree_palm_coconut_trunk_c&defaultspec~17673777188583433722
image,#mtl_p8_foliage_tree_palm_coconut_trunk_n&mtl_p8_foliage_tree_palm_coconut_trunk_g~9105392707588809744
image,#mtl_tkn_rockwall_snow_04_rvl~12505642983032524828
image,#mtl_train_flatbed_00_decal_c&mtl_train_flatbed_00_decal_s~18132539811006675856
image,#mtl_train_flatbed_00_decal_n&mtl_train_flatbed_00_decal_g~1984447675945466242
image,#mtl_tyankee95_tilable_metal_00_c&mtl_tyankee95_tilable_metal_00_s~13872509212358693559
image,#mtl_tyankee95_tilable_metal_00_n&mtl_tyankee95_tilable_metal_00_g~7293729568264936476
image,#mtl_us_crate_ammo_tank_105mm_col&defaultspec~4516983533430046053
image,#mtl_us_crate_ammo_tank_105mm_nml&mtl_us_crate_ammo_tank_105mm_cos~9852530829150161361
image,#mtl_usa_clipboard_org1_col&defaultspec~3030342976488856607
image,#mtl_usa_clipboard_org1_nml&mtl_usa_clipboard_org1_occ&white~18209360410788742174
image,#mtl_usa_truck_m35_01_body_a_c&mtl_usa_truck_m35_01_body_a_s~8481470628693710020
image,#mtl_usa_truck_m35_01_body_a_n&mtl_usa_truck_m35_01_body_a_o&mtl_usa_truck_m35_01_body_a_g~10885832009805244636
image,#mtl_usa_truck_m35_01_body_b_c&mtl_usa_truck_m35_01_body_b_s~9483368137361399027
image,#mtl_usa_truck_m35_01_body_b_n&mtl_usa_truck_m35_01_body_b_o&mtl_usa_truck_m35_01_body_b_g~4837083368819539220
image,#mtl_usa_truck_m35_01_canopy_c&mtl_usa_truck_m35_01_canopy_s~12764568920995056592
image,#mtl_usa_truck_m35_01_canopy_m~7095954482069630419
image,#mtl_usa_truck_m35_01_canopy_n&mtl_usa_truck_m35_01_canopy_o&mtl_usa_truck_m35_01_canopy_g~8666854028754006151
image,#mtl_usa_truck_m35_01_glass_c&mtl_usa_truck_m35_01_glass_s~1684687259623789263
image,#mtl_usa_truck_m35_01_glass_m~17711709784375741992
image,#mtl_usa_truck_m35_01_glass_n&mtl_usa_truck_m35_01_glass_o&mtl_usa_truck_m35_01_glass_g~1649519978441528302
image,#mtl_usa_truck_m35_01_interior_c&mtl_usa_truck_m35_01_interior_s~16891526247413631618
image,#mtl_usa_truck_m35_01_interior_n&mtl_usa_truck_m35_01_interior_o&mtl_usa_truck_m35_01_interior_g~2586913477366444509
image,#mtl_usa_truck_m35_01_rear_c&mtl_usa_truck_m35_01_rear_s~3577750780712931251
image,#mtl_usa_truck_m35_01_rear_n&mtl_usa_truck_m35_01_rear_o&mtl_usa_truck_m35_01_rear_g~15506580847133171235
image,#mtl_usa_truck_m35_01_undercarrige_c&mtl_usa_truck_m35_01_undercarrige_s~7207320232537559655
image,#mtl_usa_truck_m35_01_undercarrige_n&mtl_usa_truck_m35_01_undercarrige_o&mtl_usa_truck_m35_01_undercarrige_g~17898620348112917428
image,#mtl_usa_truck_m35_01_wheels_c&mtl_usa_truck_m35_01_wheels_s~4404872187653598033
image,#mtl_usa_truck_m35_01_wheels_n&mtl_usa_truck_m35_01_wheels_o&mtl_usa_truck_m35_01_wheels_g~1845546835324284140
image,#mtl_vie_foliage_elephant_ear_01_c&mtl_vie_foliage_elephant_ear_01_s~3141918470893885331
image,#mtl_vie_foliage_elephant_ear_01_n&mtl_vie_foliage_elephant_ear_01_g~15556497811622788929
image,#mtl_vie_foliage_elephant_ear_01_o~4720596521518165518
image,#mtl_vie_foliage_elephant_ear_01_t~2663408267428041364
image,#mtl_vie_foliage_elephant_ear_01_z~6115535974866625681
image,#mtl_zmb_light_post_02_emissive&defaultspec~18048221913236275672
image,#mtl_zmb_light_post_02_emissive~15364375364277016806
image,#nb_concrete_edge_cracked_01_col~12979232726752178340
image,#nb_concrete_edge_cracked_01_light_col&defaultspec~14438869217145893800
image,#nb_concrete_edge_cracked_01_nml&nb_concrete_edge_cracked_01_cos~10366463366850077129
image,#ndy_camo_netting_01_brown_col&defaultspec~12525984887319437807
image,#ndy_camo_netting_01_brown_col~284533501503533706
image,#ndy_camo_netting_01_brown_nml&ndy_camo_netting_01_brown_cos~17507754100047284801
image,#ndy_sand_clumps_01_nml&ndy_sand_clumps_01_cos~7367608208981595292
image,#ndy_sand_clumps_01a_col&defaultspec~9106086315993593273
image,#ndy_seaweed_01_col&ndy_seaweed_01_spc~12514337777407399051
image,#ndy_seaweed_01_col~13729794718705187068
image,#ndy_seaweed_01_nml&ndy_seaweed_01_cos~480414982144674160
image,#ndy_seaweed_02_col&ndy_seaweed_02_spc~3370423875043817597
image,#ndy_seaweed_02_col~17560551085142285226
image,#ndy_seaweed_02_nml&ndy_seaweed_02_cos~3387006690312014438
image,#ndy_seaweed_03_col&ndy_seaweed_03_spc~11533626852607404044
image,#ndy_seaweed_03_col~15976943028088159519
image,#ndy_seaweed_03_nml&ndy_seaweed_03_cos~1148640765290810702
image,#par_art_deco_sconces_02_col&par_art_deco_sconces_02_spc~1344403499383436410
image,#par_art_deco_sconces_02_ems~3909595115659729389
image,#par_art_deco_sconces_02_nml&par_art_deco_sconces_02_gloss~9838805062431448490
image,#par_art_deco_sculpture_fixture_01_col&par_art_deco_sculpture_fixture_01_spc~15681618313963573693
image,#par_art_deco_sculpture_fixture_01_nml&par_art_deco_sculpture_fixture_01_cos~2163742679945989920
image,#par_art_deco_sculpture_fixture_02_col&par_art_deco_sculpture_fixture_02_spc~2013782955066303908
image,#par_art_deco_sculpture_fixture_02_nml&par_art_deco_sculpture_fixture_02_cos~10167407005596383406
image,#par_concrete_trim_02_col&defaultspec~11582491666753521519
image,#par_concrete_trim_02_nml&par_concrete_trim_02_cos~8086334579400548265
image,#par_plaster_painted_eggshell_01_nml&par_plaster_painted_eggshell_01_cos~15866471834954257497
image,#par_railing_wood_bannister_col&defaultspec~7309996322181395567
image,#par_railing_wood_bannister_nml&par_railing_wood_bannister_cos~5554503811526109165
image,#par_wood_base_worn_a_01_col&defaultspec~7360956614831312407
image,#par_wood_base_worn_a_01_col~10749190537944396736
image,#par_wood_base_worn_a_01_nml&par_wood_base_worn_a_01_cos~79680593729578226
image,#par_wood_base_worn_a_01_rvl~8152609477585399833
image,#par_wood_floor_scratches_01_col&defaultspec~123459531003356238
image,#par_wood_floor_scratches_01_col~3214236607895449946
image,#par_wood_floor_scratches_01_nml&black~15050819666567547449
image,#par_wood_floor_scratches_01_rvl~6248713740080772107
image,#pdl_offset
image,#periph_yacht_01_c&defaultspec~17554623787742838626
image,#periph_yacht_01_decals_c&defaultspec~3800040982944961717
image,#periph_yacht_01_decals_c~17056866465877112351
image,#periph_yacht_01_white_c&defaultspec~3577441912522180861
image,#plaster_clean_white_01_n&plaster_clean_white_01_g~6233317430269692995
image,#plaster_clean_white_02&defaultspec~6902412401144741714
image,#plaster_painted_cracked_01_c&defaultspec~14330000176495363275
image,#plaster_painted_cracked_01_c~17459601240876229985
image,#plaster_painted_cracked_01_c~4343889633880880368
image,#plaster_painted_cracked_01_n&plaster_painted_cracked_01_g~755223916287099692
image,#plaster_painted_cracked_01_r~13206979924511780692
image,#plaster_wall_11_brown_n&plaster_wall_11_beige_tan_g~3221058937312712068
image,#plaster_wall_pink_col&defaultspec~16832113254528815242
image,#plaster_wall_pink_nml&white~12451219819077775625
image,#plastic_awning_01_nml&white~7747601042462766761
image,#plastic_awning_02_col&defaultspec~3755461639920260199
image,#plywood_clean_01_c&defaultspec~7684780957573711505
image,#plywood_clean_01_n&plywood_clean_01_g~8102836450672091701
image,#plywood_dirty_01_c&defaultspec~3777803755416093715
image,#plywood_dirty_01_n&plywood_dirty_01_g~1451231133047261380
image,#plywood_painted_01_c&defaultspec~4944127674745328566
image,#plywood_painted_01_m~16436523814614805932
image,#plywood_painted_01_n&plywood_painted_01_g~14898632988991840343
image,#plywood_painted_01_r~10201481244995618155
image,#pool_towel1_purple_col&defaultspec~2892155144650689060
image,#pool_towel_nml&white~9547245750995574002
image,#poolside_towels_01_col&defaultspec~17142389073211434580
image,#poolside_towels_01_nml&white~16857074481282691828
image,#rdg_foliage_palm_vista_03_c&defaultspec~7263136936621524410
image,#rdg_foliage_palm_vista_03_c~18140228547257939378
image,#rdg_foliage_palm_vista_03_c~4691163877631564097
image,#rdg_foliage_palm_vista_03_n&white&rdg_foliage_palm_vista_03_g~8455590358403226802
image,#rdg_foliage_palm_vista_04_c&defaultspec~5627505189653021172
image,#rdg_foliage_palm_vista_04_c~10846127411167875396
image,#rdg_foliage_palm_vista_04_c~16385594358732401002
image,#rdg_foliage_palm_vista_04_n&white&rdg_foliage_palm_vista_04_g~16155584880127308901
image,#rkt_vista_bushes_02_col&defaultspec~4157069943622227925
image,#rly_train_wooden_siding_01_red_nml&rly_train_wooden_siding_01_red_occ&white~14775568991255162007
image,#rope_multi_01_c&defaultspec~16265278128146234895
image,#rope_multi_01_n&rope_multi_01_g~6129182638453260604
image,#rope_multi_01_sdf~8415352551478861168
image,#s4_afr_champhill_wood_crate_01_c&defaultspec~150136985218755111
image,#s4_afr_champhill_wood_crate_01_n&s4_afr_champhill_wood_crate_01_g~331727888058360256
image,#s4_afr_coarse_sand_01_c&s4_afr_coarse_sand_01_s~18101009004210741328
image,#s4_afr_coarse_sand_01_n&s4_afr_coarse_sand_01_g~9419214529387900292
image,#s4_afr_coarse_sand_01_r~2337056950298816682
image,#s4_afr_coarse_sand_04_c&s4_afr_coarse_sand_04_s~17739672182579239167
image,#s4_afr_coarse_sand_04_n&s4_afr_coarse_sand_04_g~4590785545574055142
image,#s4_afr_coarse_sand_04_r~13309269505579492834
image,#s4_afr_ger_barrel_01_c&s4_afr_ger_barrel_01_s~13482038937241367189
image,#s4_afr_ger_barrel_01_desert_r~3471385017960491597
image,#s4_afr_ger_barrel_01_n&s4_afr_ger_barrel_01_o&s4_afr_ger_barrel_01_g~18088502338616737202
image,#s4_afr_ger_barrel_02_c&s4_afr_ger_barrel_01_s~13762376961953795730
image,#s4_afr_ger_barrel_destroyed_02_c&s4_afr_ger_barrel_destroyed_02_s~10340938593259792774
image,#s4_afr_ger_barrel_destroyed_02_n&s4_afr_ger_barrel_destroyed_02_o&s4_afr_ger_barrel_destroyed_02_g~16515523369219743093
image,#s4_afr_ger_barrel_floater_a~4037677711492490458
image,#s4_afr_ger_barrel_floater_a~4554511924936424036
image,#s4_afr_ger_barrel_floater_c&s4_afr_ger_barrel_floater_s~17344179111737400451
image,#s4_afr_ger_barrel_floater_desert_r~8422182228184527033
image,#s4_afr_ger_barrel_floater_n&s4_afr_ger_barrel_01_o&s4_afr_ger_barrel_floater_g~4463025924312790093
image,#s4_afr_ger_buckel_desert_r_2~12205575460748405656
image,#s4_afr_ger_straps_desert_r~8525338325315583920
image,#s4_barrel_wood_small_01_details_c&s4_barrel_wood_small_01_details_s~17706323209817242574
image,#s4_barrel_wood_small_01_details_n&s4_barrel_wood_small_01_details_g~6101027981581934414
image,#s4_cloth_generic_macro_01_n&s4_cloth_generic_macro_01_g~5590269484460928536
image,#s4_cloth_generic_macro_01_r~17593477144889083532
image,#s4_cloth_micro_01_c&defaultspec~2904091419412259656
image,#s4_cloth_micro_01_n&s4_cloth_micro_01_g~9036241168874738795
image,#s4_crate_wood_large_02_r1&s4_crate_wood_large_02_r2&s4_crate_wood_large_02_r3~10533653220163480036
image,#s4_crate_wood_small_01_c&s4_crate_wood_small_01_s~1498462767049643597
image,#s4_crate_wood_small_01_n&s4_crate_wood_small_01_g~10836763257787443362
image,#s4_crate_wood_small_01_r1&s4_crate_wood_small_01_r2~6431357567850336855
image,#s4_eng_camo_netting_04_c&s4_eng_camo_netting_01_s~9754412022708049948
image,#s4_eng_camo_netting_04_n&s4_eng_camo_netting_02_g~7514244737461181426
image,#s4_eng_camo_netting_04_o~3486408420463994936
image,#s4_eng_camo_netting_seamed_01_z~9993862892193238351
image,#s4_foliage_poppy_flower_vista_01_c&s4_foliage_poppy_flower_01_s~4317171089943471038
image,#s4_foliage_poppy_flower_vista_01_n&s4_foliage_poppy_flower_vista_01_g~18355358216167365622
image,#s4_foliage_poppy_flower_vista_01_o~15321733334714848162
image,#s4_foliage_poppy_flower_vista_01_sc~8506331234351864889
image,#s4_foliage_poppy_flower_vista_01_t~381226247984411969
image,#s4_fra_concrete_bunker_01_c&defaultspec~14430711095947284183
image,#s4_fra_concrete_bunker_01_n&s4_fra_concrete_bunker_01_g~17007691502691216975
image,#s4_fra_concrete_bunker_01_r~601428009428436107
image,#s4_fra_grass_02_c&s4_fra_grass_02_s~3846509693912372335
image,#s4_fra_grass_02_n&s4_fra_grass_02_u&s4_fra_grass_02_g~6141086256247032155
image,#s4_fra_grass_02_r~13404902010704068093
image,#s4_fra_grass_green_03_n&s4_fra_grass_green_03_g~6614034800640219662
image,#s4_fra_grass_green_03_sdf_o~3078498736283617048
image,#s4_fra_grass_green_03_t~17347348584287133475
image,#s4_fra_metal_roof_02_c&s4_fra_metal_roof_02_s~12694182064596700429
image,#s4_fra_metal_roof_02_n&s4_fra_metal_roof_02_g~4837014167111344068
image,#s4_fra_metal_roof_02_n&s4_fra_metal_roof_02a_g~3821547292199845126
image,#s4_fra_metal_roof_02a_blue_c&s4_fra_metal_roof_02a_blue_s~5477485736946568977
image,#s4_fra_metal_roof_02a_r~3099453548927039563
image,#s4_fra_toy_duck_01_c&s4_fra_toy_duck_01_s~18381844387677664257
image,#s4_fra_toy_duck_01_n&s4_fra_toy_duck_01_o&s4_fra_toy_duck_01_g~15782977345091386917
image,#s4_fra_window_glass_dirty_01_a~1982017205051796902
image,#s4_fra_window_glass_dirty_01_c&defaultspec~856838711388650593
image,#s4_fra_window_glass_dirty_01_n&s4_fra_window_glass_dirty_01_g~8272847502306457179
image,#s4_ger_afr_cargo_stack_tarp_01_desert_c&defaultspec~10386258961580523453
image,#s4_ger_afr_cargo_stack_tarp_01_desert_n&s4_ger_afr_cargo_stack_tarp_01_desert_g~17456437619208308631
image,#s4_ger_cardboard_box_01_c&defaultspec~9019444639077172270
image,#s4_ger_cardboard_box_01_n&s4_ger_cardboard_box_01_o&s4_ger_cardboard_box_01_g~2042426649567666086
image,#s4_ger_checkpoint_hut_barrier_01_01_c&s4_ger_checkpoint_hut_barrier_01_01_s~14417594599273745352
image,#s4_ger_checkpoint_hut_barrier_01_01_n&s4_ger_checkpoint_hut_barrier_01_01_g~14270639910385389226
image,#s4_ger_checkpoint_hut_barrier_01_02_c&s4_ger_checkpoint_hut_barrier_01_02_s~1717673904157011249
image,#s4_ger_checkpoint_hut_barrier_01_02_n&s4_ger_checkpoint_hut_barrier_01_02_g~2401472404626872889
image,#s4_ger_concrete_ground_01_c&defaultspec~6276813132020173324
image,#s4_ger_concrete_ground_wet_01_n&s4_ger_concrete_ground_wet_01_g~1097236441018384454
image,#s4_ger_concrete_ground_wet_01_r~12898644151355375696
image,#s4_ger_container_ammo_metal_01_c&s4_ger_container_ammo_metal_01_s~12136954224118065646
image,#s4_ger_container_ammo_metal_01_n&s4_ger_container_ammo_metal_01_g~17046259294451265058
image,#s4_ger_grass_green_03_c&s4_fra_grass_green_03_s~10966407566544332221
image,#s4_ger_grass_green_03_sc~8697058241971303506
image,#s4_ger_jerry_can_01_c&s4_ger_jerry_can_01_s~6039256343124921056
image,#s4_ger_jerry_can_01_m~2783162935296411571
image,#s4_ger_jerry_can_01_n&s4_ger_jerry_can_01_g~7200854210131839058
image,#s4_ger_metal_rusty_seam_02_n&s4_ger_metal_rusty_seam_02_g2~10847271038913132305
image,#s4_ger_metal_rusty_seam_02_r~16349233880375064505
image,#s4_ger_metal_rusty_seam_02b_c&defaultspec~4453451246468062199
image,#s4_ger_sub_concrete_cast_base_01_c&defaultspec~8698630730398268766
image,#s4_ger_sub_concrete_cast_base_01_light_b_c&defaultspec~4407072590201128058
image,#s4_ger_sub_concrete_cast_base_01_n&s4_ger_sub_concrete_cast_base_01_g~6461593422728008172
image,#s4_ger_sub_concrete_cast_base_01_r~4287282536458014688
image,#s4_ger_toolbox_open_full_01_02_c&s4_ger_toolbox_open_full_01_02_s~17143455065147833341
image,#s4_ger_toolbox_open_full_01_02_n&s4_ger_toolbox_open_full_01_02_g~14127200391918082466
image,#s4_ger_toolbox_open_full_01_c&s4_ger_toolbox_open_full_01_s~12002896443298380740
image,#s4_ger_toolbox_open_full_01_n&s4_ger_toolbox_open_full_01_g~13999114981993050678
image,#s4_ger_tph_concrete_cast_panels_painted_01_c&s4_ger_tph_concrete_cast_panels_painted_01_s~9188213730576816353
image,#s4_ger_tph_concrete_cast_panels_painted_01_n&s4_ger_tph_concrete_cast_panels_painted_01_o&s4_ger_tph_concre~13460553039748361092
image,#s4_ger_tph_concrete_cast_panels_painted_01_o~17849277795314742344
image,#s4_ger_tph_concrete_cast_panels_painted_01_r~1645737249631280759
image,#s4_ger_tph_metal_painted_01_c&s4_ger_tph_metal_painted_01_s~11945988357607383828
image,#s4_ger_tph_metal_painted_01_m~5499403675763682128
image,#s4_ger_tph_metal_painted_01_n&s4_ger_tph_metal_painted_01_g~16387168269250258864
image,#s4_ger_tph_metal_painted_rusty_01_c&s4_ger_tph_metal_painted_rusty_01_s~9614516417578171043
image,#s4_ger_tph_metal_painted_rusty_01_g~15136122769322646284
image,#s4_ger_tph_metal_painted_rusty_01_m~17680757423844921281
image,#s4_ger_tph_metal_painted_rusty_01_n&s4_ger_tph_metal_painted_rusty_01_g~9164206001402638364
image,#s4_ger_tuscan_tarps_04_col&defaultspec~1552171164459118552
image,#s4_ger_tuscan_tarps_04_nml&s4_ger_tuscan_tarps_04_cos~5834494352260830064
image,#s4_ger_water_bucket_01_c&s4_ger_water_bucket_01_s~8294448759096157694
image,#s4_ger_water_bucket_01_n&s4_ger_water_bucket_01_g~18236259649755257183
image,#s4_hancart_ammo_a~1303257246557445067
image,#s4_itl_brick_herringbone_01_c&s4_itl_brick_herringbone_01_s~13117283502783306035
image,#s4_itl_brick_herringbone_01_n&s4_itl_brick_herringbone_01_g~15822202928080742057
image,#s4_itl_concrete_damaged_01_c&s4_itl_concrete_damaged_01_s~9645714884380795653
image,#s4_itl_concrete_damaged_01_n&s4_itl_concrete_damaged_01_g~6013327336928590250
image,#s4_itl_concrete_damaged_01a_r~2227944525147359078
image,#s4_itl_plaster_painted_01_n2&s4_itl_plaster_painted_01_g~648359090054423951
image,#s4_itl_plaster_painted_01_r~8349585332372137662
image,#s4_itl_plaster_painted_02_c&defaultspec~2326755481242574421
image,#s4_itl_plaster_painted_02_m~13239956470828208373
image,#s4_jpn_beach_sand_debris_01_c&defaultspec~8924420406597640753
image,#s4_jpn_beach_sand_debris_01_n&s4_jpn_beach_sand_debris_01_g~2071371011190812396
image,#s4_jpn_beach_sand_debris_01_r~3863378790061610878
image,#s4_jpn_beach_sand_rippled_01_c&defaultspec~11818883023100233431
image,#s4_jpn_beach_sand_rippled_01_n&s4_jpn_beach_sand_rippled_01_g~895978624589664533
image,#s4_jpn_beach_sand_rippled_01_r~6405579291251166550
image,#s4_jpn_beach_sand_rippled_01a_n&s4_jpn_beach_sand_rippled_01_g~14121386558800179653
image,#s4_jpn_beach_sand_rough_01_c&defaultspec~18265538059065548486
image,#s4_jpn_beach_sand_rough_01_n&s4_jpn_beach_sand_rough_01_g~11961307927852463627
image,#s4_jpn_beach_sand_rough_01_n&s4_jpn_beach_sand_rough_01_g~14065808617724684518
image,#s4_jpn_beach_sand_rough_01_r~9949584171843589644
image,#s4_jpn_beach_sand_smooth_01_c&defaultspec~7911864049292746826
image,#s4_jpn_beach_sand_smooth_01_n&s4_jpn_beach_sand_smooth_01_g~1771340843853176503
image,#s4_jpn_beach_sand_smooth_01_r~8734669404963396821
image,#s4_jpn_beach_sand_tracks_01_c&defaultspec~12706673645683043847
image,#s4_jpn_beach_sand_tracks_01_n&s4_jpn_beach_sand_tracks_01_g~14581885842461897815
image,#s4_jpn_beach_sand_tracks_01_r~5925483794567806300
image,#s4_jpn_beach_sand_trampled_01_c&defaultspec~7684702842506663362
image,#s4_jpn_beach_sand_trampled_01_n&s4_jpn_beach_sand_trampled_01_g~15077160641605776001
image,#s4_jpn_beach_sand_trampled_01_r~12881581080558185807
image,#s4_jpn_beach_sand_trampled_01_sc~8067825531385520988
image,#s4_jpn_beach_sand_wet_01_c&defaultspec~3911227143644182648
image,#s4_jpn_beach_sand_wet_01_puddles_n&s4_jpn_beach_sand_wet_01_puddles_g~16315315670209573296
image,#s4_jpn_beach_sand_wet_01_r~10347130337764562649
image,#s4_jpn_beach_seaweed_02_c&defaultspec~5863277659249888558
image,#s4_jpn_beach_seaweed_02_n&s4_jpn_beach_seaweed_02_g~3463012651560321797
image,#s4_jpn_beach_seaweed_02_r~1763948606842245387
image,#s4_jpn_beach_seaweed_set_01_c&defaultspec~18046340682685801543
image,#s4_jpn_beach_seaweed_set_01_n&s4_jpn_beach_seaweed_set_01_g~8773335132996257581
image,#s4_jpn_beach_seaweed_set_01_o~14553646975323379127
image,#s4_jpn_beach_seaweed_set_01_t~1714788034940317461
image,#s4_jpn_bgv_foliage_tree_coconut_palm_fronds_c&defaultspec~1550327652834454170
image,#s4_jpn_bgv_foliage_tree_coconut_palm_fronds_c~10489976643622990240
image,#s4_jpn_bgv_foliage_tree_coconut_palm_fronds_dmg_01_z~14104753546695417747
image,#s4_jpn_bgv_foliage_tree_coconut_palm_fronds_dmg_02_c&defaultspec~927845242964234405
image,#s4_jpn_bgv_foliage_tree_coconut_palm_fronds_dmg_02_c~9010856924552256221
image,#s4_jpn_bgv_foliage_tree_coconut_palm_fronds_m~5318262055963445460
image,#s4_jpn_bgv_foliage_tree_coconut_palm_fronds_n&s4_jpn_bgv_foliage_tree_coconut_palm_fronds_g~12782252333735974872
image,#s4_jpn_bgv_foliage_tree_coconut_palm_leaves_dmg_01_c&defaultspec~11499987186211518816
image,#s4_jpn_bgv_foliage_tree_coconut_palm_leaves_dmg_01_c~6864508218087687690
image,#s4_jpn_bgv_foliage_tree_coconut_palm_leaves_dmg_01_n&s4_jpn_bgv_foliage_tree_coconut_palm_leaves_dmg_01_g~8791272957430483322
image,#s4_jpn_bgv_foliage_tree_coconut_palm_trunk_c&defaultspec~608500697304551148
image,#s4_jpn_bgv_foliage_tree_coconut_palm_trunk_c_02&defaultspec~18255904795839792860
image,#s4_jpn_bgv_foliage_tree_coconut_palm_trunk_down_c&defaultspec~3892060100103183123
image,#s4_jpn_bgv_foliage_tree_coconut_palm_trunk_down_n&s4_jpn_bgv_foliage_tree_coconut_palm_trunk_down_g~8150250499939657688
image,#s4_jpn_bgv_foliage_tree_coconut_palm_trunk_n&s4_jpn_bgv_foliage_tree_coconut_palm_trunk_g~14060663439907953167
image,#s4_jpn_bgv_foliage_tree_date_palm_01_frond_01_c&defaultspec~16692377000168377293
image,#s4_jpn_bgv_foliage_tree_date_palm_01_frond_01_decal_faded_c&s4_jpn_bgv_foliage_tree_date_palm_01_frond_01_de~3571570664458409220
image,#s4_jpn_bgv_foliage_tree_date_palm_01_frond_01_decal_n&s4_jpn_bgv_foliage_tree_date_palm_01_frond_01_decal_g~10220691733146712005
image,#s4_jpn_bgv_foliage_tree_date_palm_01_frond_01_decal_r~1388259286585177842
image,#s4_jpn_bgv_foliage_tree_date_palm_01_frond_01_decal_r~3234156276781861902
image,#s4_jpn_bgv_foliage_tree_date_palm_01_frond_01_n&s4_jpn_bgv_foliage_tree_date_palm_01_frond_01_g~7334175048547736065
image,#s4_jpn_bgv_foliage_tree_date_palm_01_frond_01_n&s4_jpn_bgv_foliage_tree_date_palm_01_frond_01_g~8917229987457523508
image,#s4_jpn_bgv_foliage_tree_date_palm_01_frond_01_yellow_c&s4_jpn_bgv_foliage_tree_date_palm_01_frond_01_s~640028834711033498
image,#s4_jpn_bgv_mangrove_palm_01_a~3836266715329136421
image,#s4_jpn_bgv_mangrove_palm_01_c&defaultspec~14671410293300936148
image,#s4_jpn_bgv_mangrove_palm_01_n&s4_jpn_bgv_mangrove_palm_01_g~16939724241047830021
image,#s4_jpn_bgv_mangrove_palm_01_t~8523202798154936095
image,#s4_jpn_bgv_mangrove_palm_02_a~15412069736071569154
image,#s4_jpn_bgv_mangrove_palm_02_c&defaultspec~15485791898142903273
image,#s4_jpn_bgv_mangrove_palm_02_n&s4_jpn_bgv_mangrove_palm_02_g~1533240645563445420
image,#s4_jpn_bgv_mangrove_palm_03_c&s4_jpn_bgv_mangrove_palm_03_s~12043403533368084155
image,#s4_jpn_bgv_mangrove_palm_03_n&s4_jpn_bgv_mangrove_palm_03_g~3450994368996314146
image,#s4_jpn_bgv_mangrove_palm_set_r1~5424363101299320820
image,#s4_jpn_bgv_stephania_cephalantha_01_c&defaultspec~5551639832045676943
image,#s4_jpn_bgv_stephania_cephalantha_01_n&s4_jpn_bgv_stephania_cephalantha_01_g~14556477610008279466
image,#s4_jpn_bgv_stephania_cephalantha_01_sc~8946735239593340459
image,#s4_jpn_bgv_stephania_cephalantha_01_t~14221240680854161973
image,#s4_jpn_cliff_wall_01_c&defaultspec~7340323140819950153
image,#s4_jpn_cliff_wall_01_n&s4_jpn_cliff_wall_01_g~3469745576378575293
image,#s4_jpn_foliage_plant_areca_leaves_c&mkg_foliage_plant_areca_leaves_s~11810502075431718702
image,#s4_jpn_foliage_plant_areca_leaves_n&s4_jpn_foliage_plant_areca_leaves_g~10515716416187948707
image,#s4_jpn_foliage_plant_areca_leaves_sc~12827578625977417627
image,#s4_jpn_foliage_plant_areca_leaves_t~13773572683078717458
image,#s4_jpn_moss_02_c&defaultspec~17479451677504495158
image,#s4_jpn_moss_02_n&white~6899556609429331002
image,#s4_jpn_palm_debris_02_c&defaultspec~11576132589222601600
image,#s4_jpn_palm_debris_02_n&s4_jpn_palm_debris_02_g~6461238867002442612
image,#s4_jpn_palm_debris_02_o~12181169787792416374
image,#s4_jpn_palm_debris_02_sc~14996241433940665840
image,#s4_jpn_palm_debris_02_t~1992796855334994526
image,#s4_jpn_rock_lava_wet_03_c&defaultspec~10026136751960784541
image,#s4_jpn_rock_lava_wet_03_n&s4_jpn_rock_lava_wet_03_g~16112681935690353822
image,#s4_jpn_rock_lava_wet_03_r~225627565153030200
image,#s4_jpn_sand_foot_print_01_c&defaultspec~8984814574977285255
image,#s4_jpn_sand_foot_print_01_n&s4_jpn_sand_foot_print_01_g~472108970698555733
image,#s4_jpn_sand_foot_print_01_r~6074503500600474780
image,#s4_jpn_volcanic_rock_01_c&defaultspec~10216993575956510703
image,#s4_jpn_volcanic_rock_01_n&s4_jpn_volcanic_rock_01_g~5806713458021656739
image,#s4_jpn_volcanic_rock_02_c&defaultspec~10872786667852801686
image,#s4_jpn_volcanic_rock_02_c&defaultspec~1207076681346132579
image,#s4_jpn_volcanic_rock_02_n&s4_jpn_volcanic_rock_02_g~7118044294838898029
image,#s4_jpn_volcanic_rock_02_n&s4_jpn_volcanic_rock_03_wet~5846216943572067978
image,#s4_jpn_volcanic_rock_03_c&defaultspec~8325153178103068921
image,#s4_jpn_volcanic_rock_03_n&s4_jpn_volcanic_rock_03_g~4930068705882088133
image,#s4_jpn_volcanic_rock_03_n&s4_jpn_volcanic_rock_03_wet~9496430329535772622
image,#s4_jpn_volcanic_rock_04_c&defaultspec~7379268275787708182
image,#s4_jpn_volcanic_rock_04_n&s4_jpn_volcanic_rock_03_wet~10594514492063267204
image,#s4_jpn_volcanic_rock_04_n&s4_jpn_volcanic_rock_04_g~7593640225748946124
image,#s4_jpn_volcanic_rock_05_c&defaultspec~4195880363240936556
image,#s4_jpn_volcanic_rock_05_n&s4_jpn_volcanic_rock_03_wet~9908141056234955564
image,#s4_jpn_volcanic_rock_05_n&s4_jpn_volcanic_rock_05_g~2068407019916784375
image,#s4_jpn_volcanic_rock_06_c&defaultspec~15325879884819270862
image,#s4_jpn_volcanic_rock_06_n&s4_jpn_volcanic_rock_06_g~13745209533902173879
image,#s4_jpn_volcanic_rock_06_n&s4_jpn_volcanic_rock_06_wet_g~3921221167260579746
image,#s4_jpn_volcanic_rock_06c_o&s4_jpn_volcanic_rock_06c_o~7741785342590234015
image,#s4_jpn_volcanic_rock_07_c&defaultspec~1001321191637042219
image,#s4_jpn_volcanic_rock_07_n&s4_jpn_volcanic_rock_07_g~6243846986112940652
image,#s4_jpn_volcanic_rock_07_n&s4_jpn_volcanic_rock_07_wet_g~3402033998319152788
image,#s4_jpn_volcanic_rock_08_c&defaultspec~14957171594683969053
image,#s4_jpn_volcanic_rock_08_n&s4_jpn_volcanic_rock_08_wet_g~14574300556793569202
image,#s4_jpn_volcanic_rock_09_c&defaultspec~1375187089499913844
image,#s4_jpn_volcanic_rock_09_n&s4_jpn_volcanic_rock_09_g~17515066919287476590
image,#s4_jpn_volcanic_rock_10_c&defaultspec~9489839577804476800
image,#s4_jpn_volcanic_rock_10_n&s4_jpn_volcanic_rock_10_g~8350856199124449786
image,#s4_jpn_volcanic_rock_11_c&defaultspec~14026177338716138663
image,#s4_jpn_volcanic_rock_11_n&s4_jpn_volcanic_rock_11_g~5007541441163389798
image,#s4_jpn_volcanic_rock_12_c&defaultspec~5233695407337647590
image,#s4_jpn_volcanic_rock_12_n&s4_jpn_volcanic_rock_12_g~17727110658492694281
image,#s4_jpn_volcanic_rock_16_c&defaultspec~17416956396804024568
image,#s4_jpn_volcanic_rock_16_n&s4_jpn_volcanic_rock_16_g~9791664789355298834
image,#s4_jpn_volcanic_rock_17_c&defaultspec~17613038347005575432
image,#s4_jpn_volcanic_rock_17_n&s4_jpn_volcanic_rock_17_g~8207074871853373002
image,#s4_jpn_volcanic_rock_ground_01_c&defaultspec~4131214169493124502
image,#s4_jpn_volcanic_rock_ground_01_n&s4_jpn_volcanic_rock_ground_01_g~9844537013576287348
image,#s4_jpn_volcanic_rock_ground_08_c&defaultspec~15545725016039779534
image,#s4_jpn_volcanic_rock_ground_08_n&s4_jpn_volcanic_rock_ground_08_g~7746787437394107005
image,#s4_jpn_volcanic_rock_ground_08_n&s4_jpn_volcanic_rock_ground_08_wet_g~14898920820382183049
image,#s4_jpn_volcanic_rock_ground_12_c&defaultspec~16672657264430756523
image,#s4_jpn_volcanic_rock_ground_12_n&s4_jpn_volcanic_rock_ground_12_g~6635249604040058163
image,#s4_jpn_water_canteen_01_c&s4_jpn_water_canteen_01_s~407612647340616311
image,#s4_jpn_water_canteen_01_n&s4_jpn_water_canteen_01_g~854921910891484843
image,#s4_mask_macro_06_o~10919666927990370395
image,#s4_mask_macro_06_o~16791643657347961379
image,#s4_metal_base_damaged_micro_01_c&defaultspec~18252764338609959919
image,#s4_metal_base_damaged_micro_01_n&s4_metal_base_damaged_micro_01_g~15381397335667439764
image,#s4_metal_base_macro_01_c&s4_metal_base_macro_01_r~16536875278694510844
image,#s4_metal_base_macro_01_n&s4_metal_base_macro_01_r~14110258150713656677
image,#s4_metal_painted_base_macro_01_n&s4_metal_painted_base_macro_01_s~654137801950715870
image,#s4_metal_rust_macro_01_c&s4_metal_rust_macro_01_s~14140130531724003726
image,#s4_metal_rust_macro_02_c&defaultspec~16032581167235317040
image,#s4_metal_rust_macro_02_c&s4_metal_rust_macro_02_s~12753245006645751523
image,#s4_metal_rust_macro_02_n&s4_metal_rust_macro_02_g~10007447571819555591
image,#s4_metal_rust_macro_02_n&s4_metal_rust_macro_02_g~4234387951280914432
image,#s4_rock_lava_rough_macro_01_c&defaultspec~4015942368887483850
image,#s4_rock_lava_rough_macro_01_n&s4_rock_lava_rough_macro_01_g~18135869182014578208
image,#s4_rock_lava_rough_macro_01_r~6610749743588679781
image,#s4_rock_lichen_macro_01_c&s4_rock_lichen_macro_01_s~10467324152426129682
image,#s4_rock_lichen_macro_01_n&s4_rock_lichen_macro_01_g~14930226641326565503
image,#s4_rock_lichen_macro_01_r~3254809782608419989
image,#s4_rus_crate_set_07_n&white~4288198035310500483
image,#s4_rus_curtain_double_01_b_c&defaultspec~2099046777017520136
image,#s4_rus_curtain_double_01_b_n&s4_rus_curtain_double_01_c_g~2742831624903843097
image,#s4_rus_curtain_double_01_c_c&defaultspec~8241113724987877957
image,#s4_rus_curtain_double_01_c_n&s4_rus_curtain_double_01_c_g~16527981283617129901
image,#s4_rus_curtain_double_01_d_c&defaultspec~13860926896878663181
image,#s4_rus_curtain_double_01_d_n&s4_rus_curtain_double_01_d_g~8012921388799963396
image,#s4_rus_folaige_grass_dry_01_c&s4_rus_folaige_grass_dry_01_s~446404510719645587
image,#s4_rus_folaige_grass_dry_01_n&s4_rus_folaige_grass_dry_01_g~6875787413819210696
image,#s4_rus_folaige_grass_dry_01_o~480244665758760555
image,#s4_rus_folaige_grass_dry_01_t~13531147446045001609
image,#s4_rus_fruit_01_box_c&defaultspec~301539061185571294
image,#s4_rus_fruit_01_box_n&s4_rus_fruit_01_box_g~15864650867326463200
image,#s4_rus_fruit_01_part1_c&defaultspec~17001313494021762030
image,#s4_rus_fruit_01_part1_n&s4_rus_fruit_01_part1_g~11939883064300026448
image,#s4_rus_fruit_01_part1_rotten_c&defaultspec~17809588713708690418
image,#s4_rus_fruit_01_part1_rotten_n&s4_rus_fruit_01_part1_rotten_g~12374475256162305906
image,#s4_rus_fruit_01_part2_c&defaultspec~12069460304237393628
image,#s4_rus_fruit_01_part2_n&s4_rus_fruit_01_part2_g~4014293014426106710
image,#s4_rus_fruit_01_part2_rotten_c&defaultspec~10081287801527076998
image,#s4_rus_fruit_01_part2_rotten_n&s4_rus_fruit_01_part2_rotten_g~4844238065707524389
image,#s4_rus_herbweed_dead_c&defaultspec~17423285408357025463
image,#s4_rus_herbweed_dead_n&s4_rus_herbweed_dead_g~14473861689472517538
image,#s4_rus_herbweed_dead_o~9876637261209819148
image,#s4_rus_lantern_01_a~11379557442533573418
image,#s4_rus_lantern_01_c&s4_rus_lantern_01_s~4228999710527342682
image,#s4_rus_lantern_01_n&s4_rus_lantern_01_g~8720665195108068331
image,#s4_rus_medical_supplies_01_c&s4_rus_medical_supplies_01_s~1787843489705739981
image,#s4_rus_medical_supplies_01_n&s4_rus_medical_supplies_01_g~10586227083428594209
image,#s4_rus_plaster_wall_01_c&s4_rus_plaster_wall_01_s~1920201276661719508
image,#s4_rus_plaster_wall_01_n&s4_rus_plaster_wall_01_g~18408760535793500559
image,#s4_rus_plaster_wall_01_r~6813853189835703160
image,#s4_rus_sandbag_01_c&s4_rus_sandbag_01_s~7733625221698960233
image,#s4_rus_sandbag_01_n&s4_rus_sandbag_01_g~12284992676468326713
image,#s4_rus_sleeping_bag_01_c&defaultspec~4623202469170234279
image,#s4_rus_sleeping_bag_01_n&s4_rus_sleeping_bag_01_g~3220869387049511955
image,#s4_rus_wood_fine_02_worn_c&defaultspec~12230121281035446653
image,#s4_rus_wood_fine_02_worn_n&s4_rus_wood_fine_02_worn_g~644696276373733338
image,#s4_rus_wood_fine_02_worn_r~14043352149175003086
image,#s4_rus_wood_fine_planks_01_c&s4_rus_wood_fine_planks_01_s~11569544269738743569
image,#s4_rus_wood_fine_planks_01_n&s4_rus_wood_fine_planks_01_g~339534892168373552
image,#s4_usa_dolly_01_c&s4_usa_dolly_01_s~17120492877237763084
image,#s4_usa_dolly_01_n&s4_usa_dolly_01_o&s4_usa_dolly_01_g~12825825703293865807
image,#s4_usa_oil_barrel_01_m~1899802140190060756
image,#s4_usa_oil_barrel_01_n&s4_usa_oil_barrel_01_g~14038332232135849368
image,#s4_usa_oil_barrel_02_c&s4_usa_oil_barrel_01_s~2022873084610381944
image,#s4_usa_oil_barrel_02_o~7273153145969248267
image,#s4_usa_ship_dolly_01_c&s4_usa_ship_dolly_01_s~14951969105892379921
image,#s4_usa_ship_dolly_01_n&s4_usa_ship_dolly_01_g~1353094250105590261
image,#s4_usa_ship_dolly_01_t~11444674689964906297
image,#s4_usa_tropical_mountain_01_c&defaultspec~14897710002347944352
image,#s4_usa_tropical_mountain_01_n&s4_usa_tropical_mountain_01_g~2508432720839138961
image,#s4_wood_base_micro_04_c&defaultspec~2290291466587477867
image,#s4_wood_base_micro_04_n&s4_wood_base_micro_03_o&s4_wood_base_micro_04_g~9065646120090609859
image,#s4_wood_oak_rough_macro_01_c&s4_wood_oak_rough_macro_01_s~18243057091914265824
image,#s4_wood_oak_rough_macro_01_n&s4_wood_oak_rough_macro_01_o&s4_wood_oak_rough_macro_01_g~17538391449306381840
image,#s4_wood_oak_rough_macro_01_r~9391272385517734331
image,#s4_wood_old_macro_01_r1&s4_wood_old_macro_01_r2&s4_wood_old_macro_01_r3~5529335455505039780
image,#s4_wood_plywood_macro_02_c&s4_wood_plywood_macro_02_s~16574063055977976465
image,#s4_wood_plywood_macro_02_n&s4_wood_plywood_macro_02_g~17049347187231132938
image,#s4_wood_plywood_macro_02_r~11983985844357682609
image,#s4_zm_jpn_construction_plywood_stacks_01_c&defaultspec~9293441223790599135
image,#s4_zm_jpn_construction_plywood_stacks_01_cross_c&s4_zm_jpn_construction_plywood_stacks_01_cross_s~9206979547994890125
image,#s4_zm_jpn_construction_plywood_stacks_01_cross_c~4651671659234866372
image,#s4_zm_jpn_construction_plywood_stacks_01_cross_n&s4_zm_jpn_construction_plywood_stacks_01_cross_g~1883791039173636389
image,#s4_zm_jpn_construction_plywood_stacks_01_m~306039448354990123
image,#s4_zm_jpn_construction_plywood_stacks_01_n&s4_zm_jpn_construction_plywood_stacks_01_g~7400416340244925611
image,#s4_zm_jpn_farm_tools_set_c&s4_zm_jpn_farm_tools_set_s~5431180430503041244
image,#s4_zm_jpn_farm_tools_set_n&s4_zm_jpn_farm_tools_set_g~11201938319224684825
image,#s4_zm_jpn_foliage_tree_palm_coconut_tall_vista_leaf_c&defaultspec~17927097651767787278
image,#s4_zm_jpn_foliage_tree_palm_coconut_tall_vista_leaf_c~11297574542504328108
image,#s4_zm_jpn_foliage_tree_palm_coconut_tall_vista_leaf_n&white~6637571689602107450
image,#s4_zm_jpn_foliage_tree_palm_coconut_tall_vista_trunk_c&defaultspec~12417159341793472692
image,#s4_zm_jpn_foliage_tree_palm_coconut_tall_vista_trunk_n&white~16862323884723645885
image,#s4_zm_jpn_lamp_post_wood_set_c&s4_zm_jpn_lamp_post_wood_set_s~10205576828374174070
image,#s4_zm_jpn_lamp_post_wood_set_n&s4_zm_jpn_lamp_post_wood_set_g~8889672256731822479
image,#s4_zm_shi_rope_nylon_01_c&defaultspec~14959380983752305981
image,#s4_zm_shi_rope_nylon_01_n&s4_zm_shi_rope_nylon_01_g~12118267549084268056
image,#sand_fine_base_01_rvl~9609876527313398440
image,#sand_fine_base_02_rvl~1664297293705113236
image,#sand_grainy_base_02_col&defaultspec~15057525028038465087
image,#sand_grainy_base_02_col~10890474994920689657
image,#sand_grainy_base_02_nml&white~11045203745384164846
image,#sand_grainy_ripples_01_col&defaultspec~17847530824188337721
image,#sand_grainy_ripples_01_col~12994706404548000832
image,#sand_grainy_ripples_01_nml&white~3810560881573589640
image,#scratches_scrapes_04_col&defaultspec~13418643852619189797
image,#scratches_scrapes_04_col~9873882653269400510
image,#scratches_scrapes_04_nml&scratches_scrapes_04_cos~15089584604233709849
image,#sdf_water_foam_01_c&defaultspec~17557838976744950511
image,#sfps_usa_vehicle_depot_01_c&sfps_usa_vehicle_depot_01_s~15251133396412813454
image,#sfps_usa_vehicle_depot_01_n&sfps_usa_vehicle_depot_01_o&sfps_usa_vehicle_depot_01_g~2270279924453106862
image,#shp_crate_decals_01_dark_col&defaultspec~6487826680234489590
image,#shp_crate_decals_01_dark_col~5382039918095473847
image,#shp_crate_decals_01_dark_nml&shp_crate_decals_01_dark_cos~5319332308606501345
image,#shp_crate_decals_dec_01_worn_col&defaultspec~7456897138010456897
image,#shp_crate_decals_dec_01_worn_col~4501327378469741070
image,#shp_crate_decals_dec_01_worn_dark_col&defaultspec~15218542045256921354
image,#shp_crate_decals_dec_01_worn_dark_col~15716932821297976331
image,#shp_jeep_crate_02_col&defaultspec~8845048438974337512
image,#shp_jeep_crate_02_nml&par_woodplanks_old_01_occ&white~9158658017881223443
image,#shp_jeep_crate_strap_02_col&shp_jeep_crate_strap_02_spc~10378848254616490095
image,#shp_jeep_crate_strap_02_nml&shp_jeep_crate_strap_02_cos~16572523991171280237
image,#shp_jeep_crate_tarp_01_col&defaultspec~9957652839621539559
image,#shp_jeep_crate_tarp_01_nml&shp_jeep_crate_tarp_01_cos~9868613008066873885
image,#shp_rope_net_01_col&defaultspec~10306044274109853555
image,#shp_rope_net_01_nml&shp_rope_net_01_cos~3428443776388617810
image,#shp_sign_crate_01_col&defaultspec~18186269934629156930
image,#shp_sign_crate_01_col~714129983293816241
image,#shp_stain_decal_red_01_col&defaultspec~16240406228325554461
image,#shp_stain_decal_red_01_col~5250467038761157284
image,#shp_wood_slats_interior_01_col&defaultspec~5496691393917941403
image,#shp_wood_slats_interior_01_nml&white~995324085137527265
image,#shp_wood_slats_interior_01_rvl~6634888636705401773
image,#shp_wood_slats_red_01_col&defaultspec~12025726613403109431
image,#shp_wood_slats_red_01_col~8466166237170551629
image,#shp_wood_slats_red_worn_01_col&defaultspec~16553982961102677247
image,#shp_wood_slats_red_worn_01_col~16431993468062233038
image,#sky_20180426_daytime
image,#spk_water_stain_grunge_01_col&defaultspec~13288372443129544147
image,#spk_water_stain_grunge_01_col~16490143349011281827
image,#stain_leak_rust_01_c&defaultspec~4610975935606910580
image,#stain_leak_rust_01_c~9066454966329716331
image,#stain_leaking_01_col&defaultspec~15139577666875705868
image,#stain_leaking_01_col~1536366359947982053
image,#stk_window_glass_warehouse_01_c&defaultspec~15316285752617582803
image,#stk_window_glass_warehouse_01_m~15804529288928671182
image,#stk_window_glass_warehouse_01_n&stk_window_glass_warehouse_01_o&stk_window_glass_warehouse_01_g~12560668427896376494
image,#stone_pavement_01_straight_c&defaultspec~10306998709217441332
image,#stone_pavement_01_straight_n&stone_pavement_01_straight_g~13299757469929508321
image,#sub_aac_cardboard_box_01_col&defaultspec~15877941940651663255
image,#sub_aac_cardboard_box_01_nml&sub_aac_cardboard_box_01_cos~849713649029460905
image,#sub_dun_boat_black_paint_col&defaultspec~7201614728745001778
image,#sub_dun_boat_black_paint_nml&sub_dun_boat_black_paint_cos~15004870191056240695
image,#sub_dun_boat_red_paint_col&defaultspec~17611381473116737777
image,#sub_dun_boat_ship_parts_atlas_01_col&defaultspec~1686188876925473893
image,#sub_dun_boat_ship_parts_atlas_01_nml&sub_dun_boat_ship_parts_atlas_01_cos~9155412310192353748
image,#sub_dun_boat_ship_parts_atlas_02_col&defaultspec~868063326072686459
image,#sub_dun_boat_ship_parts_atlas_02_nml&sub_dun_boat_ship_parts_atlas_02_cos~9534848069230207394
image,#sub_dun_boat_trawler_01_black_paint_col&sub_dun_boat_trawler_01_black_paint_spc~10952101451081887956
image,#sub_dun_boat_trawler_01_black_paint_nml&sub_dun_boat_trawler_01_black_paint_cos~11067304251356096340
image,#sub_dun_boat_trawler_01_details_col&sub_dun_boat_trawler_01_details_spc~13032099923533649731
image,#sub_dun_boat_trawler_01_details_nml&sub_dun_boat_trawler_01_details_cos~4102278821016398651
image,#sub_dun_boat_white_paint_col&defaultspec~3058247264443770681
image,#sub_dun_boat_white_paint_nml&sub_dun_boat_white_paint_cos~14981964429399998038
image,#sub_dun_boat_wood_planks_col&defaultspec~15292656486100403560
image,#sub_dun_boat_wood_planks_nml&sub_dun_boat_wood_planks_cos~15954543982100672438
image,#sub_dun_boat_wood_tile_col&defaultspec~11087868550450620545
image,#sub_dun_boat_wood_tile_nml&sub_dun_boat_wood_tile_cos~7003140335483372099
image,#sub_dun_pan_chafer_metal_02_col&sub_dun_pan_chafer_metal_02_spc~6016858444953272459
image,#sub_dun_pan_chafer_metal_02_nml&sub_dun_pan_chafer_metal_02_cos~617863021984639010
image,#sub_dun_wood_palette_01_col&defaultspec~17115543771300446990
image,#sub_dun_wood_palette_01_nml&sub_dun_wood_palette_01_cos~1110752622729298505
image,#sub_gib_antenna_01_col&sub_gib_antenna_01_spc~4773380789234507603
image,#sub_gib_antenna_01_nml&sub_gib_antenna_01_cos~6096250464717711610
image,#sub_hur_paper_garbage_01_col&sub_hur_paper_garbage_01_spc~14253060061951795151
image,#sub_hur_paper_garbage_01_nml&sub_hur_paper_garbage_01_cos~12990258998928154720
image,#sub_hur_paper_garbage_02_col&sub_hur_paper_garbage_02_spc~3722380555790803527
image,#sub_hur_paper_garbage_02_nml&sub_hur_paper_garbage_02_cos~5726671075830503063
image,#sub_lon_create_set_08_col&defaultspec~16725584232363333903
image,#sub_lon_create_set_08_nml&sub_lon_create_set_08_cos~9191919639219072628
image,#sub_mp_hub_allies_lct_transport_baked_parts_col&defaultspec~13816319780329419996
image,#sub_mp_hub_allies_lct_transport_baked_parts_nml&sub_mp_hub_allies_lct_transport_baked_parts_cos~14485072090107067779
image,#sub_mp_hub_allies_lct_transport_basic_tile_col&defaultspec~3284692725483200498
image,#sub_mp_hub_allies_lct_transport_basic_tile_nml&sub_mp_hub_allies_lct_transport_basic_tile_cos~5163377141915095949
image,#sub_mp_hub_allies_lct_transport_red_tile_col&defaultspec~3545561183344272546
image,#sub_mp_hub_allies_lct_transport_trim_col&defaultspec~6298720815687350173
image,#sub_mp_hub_allies_lct_transport_trim_nml&sub_mp_hub_allies_lct_transport_trim_cos~4133671915262686598
image,#sub_mtl_hub_summer_grill_01_col&sub_mtl_hub_summer_grill_01_spc~11198095553917289691
image,#sub_mtl_hub_summer_grill_01_nml&sub_mtl_hub_summer_grill_01_cos~9585254457185952287
image,#sub_tra_checkpoint_hut_01_col&defaultspec~15952023981365193461
image,#sub_tra_checkpoint_hut_01_nml&sub_tra_checkpoint_hut_01_cos~13042297311240599706
image,#sub_usa_trans_willys_jeep_base_attachments_col&sub_usa_trans_willys_jeep_base_attachments_spc~5380550939051592234
image,#sub_usa_trans_willys_jeep_base_attachments_nml&sub_usa_trans_willys_jeep_base_attachments_occ&sub_usa_trans~17696156380247558583
image,#sub_usa_trans_willys_jeep_base_exterior_col&sub_usa_trans_willys_jeep_base_exterior_spc~12624505675146788698
image,#sub_usa_trans_willys_jeep_base_exterior_nml&sub_usa_trans_willys_jeep_base_exterior_occ&sub_usa_trans_willys~7097435923031611224
image,#sub_usa_trans_willys_jeep_base_interior_col&sub_usa_trans_willys_jeep_base_interior_spc~12535759573469860622
image,#sub_usa_trans_willys_jeep_base_interior_nml&sub_usa_trans_willys_jeep_base_interior_occ&sub_usa_trans_willys~5942370840489648300
image,#sub_usa_trans_willys_jeep_base_wheel_col&sub_usa_trans_willys_jeep_base_wheel_spc~5860714577268407318
image,#sub_usa_trans_willys_jeep_base_wheel_nml&sub_usa_trans_willys_jeep_base_wheel_occ&sub_usa_trans_willys_jeep_~9807905933455358709
image,#suv_gamma503_floor_c&suv_gamma503_floor_s~6500973241221574032
image,#suv_gamma503_floor_des_c&suv_gamma503_floor_des_s~16750676464310325874
image,#suv_gamma503_floor_des_n&suv_gamma503_floor_des_g~4483432566385578082
image,#suv_gamma503_floor_n&suv_gamma503_floor_g~17012570326893469495
image,#suv_gamma503_glass_a~16614765089015635204
image,#suv_gamma503_glass_c&suv_gamma503_glass_s~9952468087799357882
image,#suv_gamma503_glass_des_a~13355497077001937831
image,#suv_gamma503_glass_des_c&suv_gamma503_glass_s~10563797896375600346
image,#suv_gamma503_glass_n&suv_gamma503_glass_des_g~5732900362362647155
image,#suv_gamma503_glass_n&suv_gamma503_glass_g~10910257515716968364
image,#suv_gamma503_suspension_a_c&suv_gamma503_suspension_a_s~7684146217959711131
image,#suv_gamma503_suspension_a_des_c&suv_gamma503_suspension_a_des_s~15721405030910404547
image,#suv_gamma503_suspension_a_des_n&suv_gamma503_suspension_a_des_g~1685535386684095268
image,#suv_gamma503_suspension_a_n&suv_gamma503_suspension_a_g~5204989350566843777
image,#suv_gamma503_suspension_b_c&suv_gamma503_suspension_b_s~11769296576260572534
image,#suv_gamma503_suspension_b_des_c&suv_gamma503_suspension_b_des_s~2997479694767397111
image,#suv_gamma503_suspension_b_des_n&suv_gamma503_suspension_b_des_g~15506325020206922518
image,#suv_gamma503_suspension_b_n&suv_gamma503_suspension_b_g~10047370000191188959
image,#suv_gamma503_tile_paint_a_c&suv_gamma503_tile_paint_a_s~12026321137407169303
image,#suv_gamma503_tile_paint_a_des_c&suv_gamma503_tile_paint_a_des_s~15952890182675661341
image,#suv_gamma503_tile_paint_a_des_n&suv_gamma503_tile_paint_a_des_g~858164331147971498
image,#suv_gamma503_tile_paint_a_n&suv_gamma503_tile_paint_a_g~12652105308299149899
image,#suv_gamma503_tile_paint_b_c&suv_gamma503_tile_paint_b_s~11003127786427245265
image,#suv_gamma503_tile_paint_b_des_c&suv_gamma503_tile_paint_b_des_s~4132346946994129239
image,#suv_gamma503_tile_paint_b_des_n&suv_gamma503_tile_paint_b_des_g~6398015731080838864
image,#suv_gamma503_tile_paint_b_n&suv_gamma503_tile_paint_b_g~7301552765913790137
image,#suv_gamma503_tile_paint_c_c&suv_gamma503_tile_paint_c_s~8645550381108196169
image,#suv_gamma503_tile_paint_c_des_c&suv_gamma503_tile_paint_c_des_s~8618483161657068731
image,#suv_gamma503_tile_paint_c_des_n&suv_gamma503_tile_paint_c_des_g~13957056792780773773
image,#suv_gamma503_tile_paint_c_n&suv_gamma503_tile_paint_c_g~3517318299086344008
image,#suv_gamma503_tile_paint_d_c&suv_gamma503_tile_paint_d_s~8224298775306498985
image,#suv_gamma503_tile_paint_d_des_c&suv_gamma503_tile_paint_d_des_s~10335648023539854159
image,#suv_gamma503_tile_paint_d_des_n&suv_gamma503_tile_paint_d_des_g~16976710470359248650
image,#suv_gamma503_tile_paint_d_n&suv_gamma503_tile_paint_d_g~8722859989126427891
image,#suv_gamma503_tile_paint_e_c&suv_gamma503_tile_paint_e_s~3294036421859861091
image,#suv_gamma503_tile_paint_e_des_c&suv_gamma503_tile_paint_e_des_s~18407537466461317455
image,#suv_gamma503_tile_paint_e_des_n&suv_gamma503_tile_paint_e_des_g~6421991668906094775
image,#suv_gamma503_tile_paint_e_n&suv_gamma503_tile_paint_e_g~2131330995176788102
image,#suv_gamma503_tile_paint_f_c&suv_gamma503_tile_paint_f_s~6251291364024482485
image,#suv_gamma503_tile_paint_f_des_c&suv_gamma503_tile_paint_f_des_s~14460966889029308304
image,#suv_gamma503_tile_paint_f_des_n&suv_gamma503_tile_paint_f_des_g~7543814379395413163
image,#suv_gamma503_tile_paint_f_n&suv_gamma503_tile_paint_f_g~15914518513624047920
image,#suv_gamma503_tire_c&suv_gamma503_tire_s~915787748376929475
image,#suv_gamma503_tire_des_c&suv_gamma503_tire_des_s~1813487422517944542
image,#suv_gamma503_tire_des_n&suv_gamma503_tire_des_g~13564916299976683599
image,#suv_gamma503_tire_n&suv_gamma503_tire_g~17984192044762625711
image,#suv_gamma503_unique_a_c&suv_gamma503_unique_a_s~10719343731830274300
image,#suv_gamma503_unique_a_des_c&suv_gamma503_unique_a_des_s~7486795818939694522
image,#suv_gamma503_unique_a_des_n&suv_gamma503_unique_a_des_g~18271426671648744602
image,#suv_gamma503_unique_a_desert_c&suv_gamma503_unique_a_s~16515085179975909775
image,#suv_gamma503_unique_a_n&suv_gamma503_unique_a_g~1268070393269046128
image,#suv_gamma503_unique_b_c&suv_gamma503_unique_b_s~6023732774518053316
image,#suv_gamma503_unique_b_des_c&suv_gamma503_unique_b_des_s~16508864609670303065
image,#suv_gamma503_unique_b_des_n&suv_gamma503_unique_b_des_g~9187061123480131240
image,#suv_gamma503_unique_b_n&suv_gamma503_unique_b_g~8606021305020558286
image,#suv_gamma503_wheel_c&suv_gamma503_wheel_s~1357375532391342578
image,#suv_gamma503_wheel_des_c&suv_gamma503_wheel_des_s~11864730066806722175
image,#suv_gamma503_wheel_des_n&suv_gamma503_wheel_des_g~2250341548622627430
image,#suv_gamma503_wheel_n&suv_gamma503_wheel_g~13078015876888886515
image,#syrk_plaster_rough_01_g~12264849446454028529
image,#test_flat_midway_nml&white~15354010551089518369
image,#test_foam_midway_nml&test_foam_midway_g~16113777416835108773
image,#test_foam_midway_o~15590727255942235654
image,#test_water_midway_01_atlas_0_displacement~generated
image,#test_water_midway_01_atlas_0_foam~generated
image,#test_water_midway_01_atlas_0_normal~generated
image,#test_water_midway_01_atlas_1_normal~generated
image,#tex_halftrack_crane_glass_c&tex_halftrack_crane_glass_s~6289625689904689223
image,#tex_halftrack_crane_glass_n&tex_halftrack_crane_glass_g~14093198578900117852
image,#tex_halftrack_crane_glass_t~16676523826712393182
image,#tex_halftrack_crane_metal2_r0&tex_halftrack_crane_metal2_r1&tex_halftrack_crane_metal2_r2~7615671475239270757
image,#tex_halftrack_crane_metal_r0&tex_halftrack_crane_metal_r1&tex_halftrack_crane_metal_r2~4962996271095218
image,#tex_train_crane_baked_c&tex_train_crane_baked_s~18419177634122284421
image,#tex_train_crane_baked_n&tex_train_crane_baked_g~17519907465957292094
image,#tex_train_crane_painted_arm_r0&tex_train_crane_painted_arm_r1&tex_train_crane_painted_arm_r2~5041178116437643327
image,#tex_train_crane_painted_base_r0&tex_train_crane_painted_base_r2&tex_train_crane_painted_base_r1~1952869959001399646
image,#tex_train_crane_painted_cabin_01_r0&tex_train_crane_painted_cabin_01_r1&tex_train_crane_painted_cabin_01_r2~16388850960019424117
image,#tex_train_crane_painted_cabin_02_r0&tex_train_crane_painted_cabin_02_r1&tex_train_crane_painted_cabin_02_r2~11290158444417963536
image,#tex_train_crane_painted_metal_details_r0&tex_train_crane_painted_metal_details_r1&tex_train_crane_painted_me~9906101477703846715
image,#tkn_rock_clusters_01_nml&egy_rock_cluster_sand_01_cos~16882415390316324875
image,#toy_pool_inflated_beach_ball_01_c&defaultspec~6067704808013177673
image,#toy_pool_inflated_beach_ball_01_n&toy_pool_inflated_beach_ball_01_g~14247861905031210224
image,#toy_pool_inflated_tube_01_c&defaultspec~8434440394351687225
image,#toy_pool_inflated_tube_01_n&toy_pool_inflated_tube_01_g~3902199766197655740
image,#uk_door_garage_ext_double_01_c&defaultspec~14131195366513572394
image,#uk_door_garage_ext_double_01_c~5590032935431376007
image,#uk_door_garage_ext_double_01_n&uk_door_garage_ext_double_01_g~5143642083318779600
image,#uk_periph_building_set_01_c&defaultspec~3975649777065639151
image,#uk_periph_building_set_01_n&white~15203751709870552138
image,#uk_periph_building_set_emissive_01_c~12097297746846195063
image,#uk_shipping_crate_lod1_c&uk_shipping_crate_lod1_s~9580568073900820063
image,#uk_shipping_crate_lod1_n&uk_shipping_crate_lod1_g~11064540949653511282
image,#uk_shipping_crate_wood_c&uk_shipping_crate_wood_01_s~17581754646029907458
image,#uk_shipping_crate_wood_decal_c&uk_shipping_crate_wood_decal_s~620997241850045021
image,#uk_shipping_crate_wood_decal_c~11563486011502137744
image,#uk_shipping_crate_wood_decal_n&uk_shipping_crate_wood_decal_g~8382871168231434873
image,#uk_shipping_crate_woodl_n&uk_shipping_crate_wood_g~7140123403236965162
image,#un_industrial_wooden_pallet_01_c&defaultspec~5389876854350082090
image,#un_industrial_wooden_pallet_01_n&un_industrial_wooden_pallet_01_g~2687347401597323335
image,#un_office_hard_drive_large_01_c&un_office_hard_drive_large_01_s~7906464582795558839
image,#un_office_hard_drive_large_01_c~1208743045218400129
image,#un_office_hard_drive_large_01_n&un_office_hard_drive_large_01_g~10398109273633303984
image,#usa_bulldozer_ca1_01_alpha_c&usa_bulldozer_ca1_01_alpha_s~16657336848444823824
image,#usa_bulldozer_ca1_01_alpha_m~8028529456677187701
image,#usa_bulldozer_ca1_01_alpha_n&usa_bulldozer_ca1_01_alpha_o&usa_bulldozer_ca1_01_alpha_g~1024915898488679936
image,#usa_bulldozer_ca1_01_inner_c&usa_bulldozer_ca1_01_inner_s~2553695606665545218
image,#usa_bulldozer_ca1_01_inner_m~11766764261014459379
image,#usa_bulldozer_ca1_01_inner_n&usa_bulldozer_ca1_01_inner_o&usa_bulldozer_ca1_01_inner_g~9352531177782446259
image,#usa_bulldozer_ca1_01_outer_c&usa_bulldozer_ca1_01_outer_s~17882045910080188905
image,#usa_bulldozer_ca1_01_outer_n&usa_bulldozer_ca1_01_outer_o&usa_bulldozer_ca1_01_outer_g~10063489240866928341
image,#usa_medical_supplies_01_c&usa_medical_supplies_01_s~13404018381859232922
image,#usa_medical_supplies_01_n&usa_medical_supplies_01_o&usa_medical_supplies_01_g~8743922398548492238
image,#v_ui_loading_mp_shipment_bg01
image,#v_ui_loading_mp_shipment_bg02
image,#v_ui_loading_mp_shipment_bg03
image,#v_ui_loading_mp_shipment_bg04
image,#vehicle_v22_exterior_damaged_col&defaultspec~18087119362699420795
image,#vehicle_v22_exterior_damaged_nml&white~16238708694759377476
image,#vfx_cloth_small_c_01&defaultspec~7890141254953759796
image,#vfx_cloth_small_mask_02~7399833345174462621
image,#vfx_debris_filler_b_rad_blur_c~7294157965359054447
image,#vfx_debris_filler_b_rad_blur_c~8539099745491997579
image,#vfx_debris_wood_splinter_atlas_a_c&defaultspec~2364009868230685791
image,#vfx_debris_wood_splinter_atlas_a_c~9432065608981889984
image,#vfx_debris_wood_splinter_atlas_a_n&white~3709129954610628983
image,#vfx_debris_wood_splinters_sheet_1_c&defaultspec~5021436742300101838
image,#vfx_debris_wood_splinters_sheet_1_c~12106205641469527455
image,#vfx_debris_wood_splinters_sheet_1_n&vfx_debris_wood_splinters_sheet_1_g~10511361572879439901
image,#vfx_decal_glass_debris_ground_c&com_brokenglass_ground01_spc~17051857581413555922
image,#vfx_decal_glass_debris_ground_c~5616841961472119080
image,#vfx_dist_radial_heavy_1_c
image,#vfx_dist_water_splat_blurry_02_c&oil_puddle_01_t~9507327650214461398
image,#vfx_dist_water_splat_blurry_02_c~3459207641977055747
image,#vfx_dist_water_splat_blurry_02_n&white~4831767532345550797
image,#vfx_fluid_foam_thick_card_1_c~2342795636878010758
image,#vfx_fluid_foam_thick_card_1_c~9682219740383040577
image,#vfx_fluid_splash_2_c&vfx_fluid_splash_2_s~12043588815220623088
image,#vfx_fluid_splash_2_n&gray~1978993835995347111
image,#vfx_sand_blowing_across~11617325997681793672
image,#vfx_vol_dust_ground_snake_anim_2_c~17420068734416860559
image,#vfx_vol_dust_ground_snake_anim_2_c~831150341368670755
image,#vfx_vol_dust_impact_fxelem_anim_2_c~17081272767920637828
image,#vfx_vol_dust_impact_fxelem_anim_2_c~7243265991580818062
image,#vie_foliage_acacia_bush_01_c&vie_foliage_acacia_bush_01_s~11459904357706375771
image,#vie_foliage_acacia_bush_01_n&vie_foliage_acacia_bush_01_g~18210088701182330335
image,#vie_foliage_acacia_bush_01_o~11632986036669551788
image,#vie_ground_forest_floor_01_green_c&defaultspec~14202179307461495154
image,#vie_ground_forest_floor_01_n&vie_ground_forest_floor_01_o&vie_ground_forest_floor_01_g~14411732639814685755
image,#vie_ground_forest_floor_01_r~1802877654678809521
image,#white&s4_barrel_wood_small_01_r1&s4_barrel_wood_small_01_r2~14371626294478891334
image,#white&s4_jpn_volcanic_rock_07a_o~13973075768222073378
image,#white&s4_jpn_volcanic_rock_10b_o~15241082885141079343
image,#white&s4_rus_crate_set_07_r1&s4_rus_crate_set_07_r2~5672362388596330978
image,#white&s4_usa_tropical_mountain_01_m1&s4_usa_tropical_mountain_01_m2~10853566145081807969
image,#white&suv_gamma503_floor_des_r~2201157052706717214
image,#white&suv_gamma503_floor_r2~9153192435737763140
image,#white&suv_gamma503_suspension_a_des_r~16937584983730089381
image,#white&suv_gamma503_suspension_a_r&suv_gamma503_suspension_a_r2~4000280306876107821
image,#white&suv_gamma503_suspension_b_r&suv_gamma503_suspension_b_r2~17828475218805573499
image,#white&suv_gamma503_tile_paint_a_des_r~10931173555478286080
image,#white&suv_gamma503_tile_paint_c_des_r~10394648691272024119
image,#white&suv_gamma503_tile_paint_c_dirt_r~871971188478049693
image,#white&suv_gamma503_tile_paint_d_r&suv_gamma503_tile_paint_d_dirt_r~11247947480090126002
image,#white&suv_gamma503_tile_paint_e_des_r~12983200745295077449
image,#white&suv_gamma503_tile_paint_f_dirt_r~15079123296204322854
image,#white~110458149803605968
image,#wood_boards_01_worn_shipment_n&wood_boards_painted_04_g~14757109433131474094
image,#wood_boards_painted_01_r~8724245768410635915
image,#wood_boards_painted_02_c&defaultspec~15269470166876372218
image,#z_micro_fabric_02_n&white~8019343492223238699
image,#z_micro_sand_01_n&white&gray~9921770001456241638
image,#z_micro_uly_fabric_02_n&white~2385687204271184365
image,#zeb_fence_chainlink_col&defaultspec~13836489202934819042
image,#zeb_fence_chainlink_col~1018065332241334033
image,#zmb_floor_ceramic_tile_01_col&defaultspec~11132312243934042828
image,#zmb_floor_ceramic_tile_01_nml&zmb_floor_ceramic_tile_01_cos~3668226782570178269
com_map,#mp_shipment_s4
glass_map,#mp_shipment_s4
aipaths,#mp_shipment_s4
navmesh,#mp_shipment_s4
tacgraph,#mp_shipment_s4
airegiongraphs,#mp_shipment_s4
gfx_map_trzone,#mp_shipment_s4
lightdef,#light_fx_default
lightdef,#light_ies_nvg_flashlight
lightdef,#light_ies_sconce_zmb
lightdef,#light_point_linear
gradingclut,#mp_shipment_s4_clut
fogspline,#vision/mp_shipment_s4.vision
fogspline,#vision/mp_shipment_s4_infil.vision
fogspline,#vision/mp_shipment_s4_winner.vision
scriptfile,#scripts/destructible/s4_afr_ger_barrel_02_lid_destp.gsc
scriptfile,#scripts/mp/maps/mp_shipment_s4/gen/mp_shipment_s4_art.gsc
scriptfile,#scripts/mp/maps/mp_shipment_s4/gen/mp_shipment_s4_fx.gsc
scriptfile,#scripts/mp/maps/mp_shipment_s4/gen/mp_shipment_s4_sound.gsc
scriptfile,#scripts/mp/maps/mp_shipment_s4/mp_shipment_s4.csc
scriptfile,#scripts/mp/maps/mp_shipment_s4/mp_shipment_s4.gsc
scriptfile,#scripts/mp/maps/mp_shipment_s4/mp_shipment_s4_fx.gsc
scriptfile,#scripts/mp/maps/mp_shipment_s4/mp_shipment_s4_lighting.csc
scriptfile,#scripts/mp/maps/mp_shipment_s4/mp_shipment_s4_lighting.gsc
scriptfile,#scripts/mp/maps/mp_shipment_s4/mp_shipment_s4_precache.gsc
stringtable,#mp/map_callouts/mp_shipment_s4_callouts.csv
streaminginfo,#mp_shipment_s4
xmodeldetailcollision,#aac_bg_building_window_c_02_b
xmodeldetailcollision,#ach_sandbag_cover_02_dust
xmodeldetailcollision,#ach_sandbag_cover_05
xmodeldetailcollision,#ach_sandbag_cover_scatter_01
xmodeldetailcollision,#ach_sandbag_single_03
xmodeldetailcollision,#ach_sandbag_single_04
xmodeldetailcollision,#awning_cloth_01_green_striped_01
xmodeldetailcollision,#barrier_sandbag_128_short_02
xmodeldetailcollision,#barrier_sandbag_64_short
xmodeldetailcollision,#barrier_sandbag_single_01
xmodeldetailcollision,#barrier_sandbag_single_03
xmodeldetailcollision,#bldg_rileys_window_04_warm_01
xmodeldetailcollision,#bsh_usa_ship_destroyer_damaged_vista_01
xmodeldetailcollision,#btr_vista_crane
xmodeldetailcollision,#ch_crate72x64_open
xmodeldetailcollision,#cob_ladder_wooden_01
xmodeldetailcollision,#com_plasticcase_beige_big_iw6
xmodeldetailcollision,#com_trafficcone_01
xmodeldetailcollision,#deb_metal_shrapnel_b_04
xmodeldetailcollision,#deb_metal_shrapnel_b_08
xmodeldetailcollision,#det_beach_ball_01
xmodeldetailcollision,#door_wood_double_a_l_01_green_destr_g2
xmodeldetailcollision,#door_wood_double_a_l_01_green_destr_g3
xmodeldetailcollision,#dun_belongings_book_01
xmodeldetailcollision,#dun_boat_yacht_01
xmodeldetailcollision,#dun_boat_yacht_02
xmodeldetailcollision,#dun_tarp_beach_01_sand
xmodeldetailcollision,#dun_wood_palette_01_chunks
xmodeldetailcollision,#dun_wood_palette_02
xmodeldetailcollision,#ee_buildings_industrial_radiotower_01_rope_lm
xmodeldetailcollision,#ee_buildings_industrial_radiotower_base_platform_01_b
xmodeldetailcollision,#ee_buildings_industrial_radiotower_base_platform_02_b
xmodeldetailcollision,#ee_buildings_industrial_radiotower_base_platform_railing_b
xmodeldetailcollision,#ee_buildings_industrial_radiotower_ladder_cage_256_01
xmodeldetailcollision,#ee_buildings_industrial_radiotower_ladder_support_01
xmodeldetailcollision,#ee_buildings_industrial_radiotower_ladder_top_01
xmodeldetailcollision,#egy_rock_cluster_sand_01
xmodeldetailcollision,#egy_rock_cluster_sand_02
xmodeldetailcollision,#electrical_wires_jumbled_loop_big
xmodeldetailcollision,#electrical_wires_jumbled_loop_big_02
xmodeldetailcollision,#farmtools_shovel_01_destp
xmodeldetailcollision,#foliage_s2_gc_roundleaf_mallow_01
xmodeldetailcollision,#gen_bomb_site
xmodeldetailcollision,#ger_ammo_box_small_03
xmodeldetailcollision,#ger_ammo_box_small_04
xmodeldetailcollision,#ger_hammer_01
xmodeldetailcollision,#ger_hedgehog_01_sand_dry
xmodeldetailcollision,#ger_wrench_01
xmodeldetailcollision,#gib_antenna_01
xmodeldetailcollision,#glass_beer_bottle_fn_01
xmodeldetailcollision,#greece_conf_cntr_umbrella_closed_01
xmodeldetailcollision,#greece_conf_cntr_umbrella_opened_01
xmodeldetailcollision,#greece_poolside_lounger_01
xmodeldetailcollision,#halftrack_crane_00_static
xmodeldetailcollision,#halftrack_crane_00_static_long
xmodeldetailcollision,#halftrack_crane_drivetrain_00
xmodeldetailcollision,#halftrack_crane_housing_00
xmodeldetailcollision,#hr2_vista_bldgs_01_a
xmodeldetailcollision,#hr2_vista_bldgs_01_g
xmodeldetailcollision,#hr2_vista_bldgs_01_grp_a
xmodeldetailcollision,#hr2_vista_bldgs_01_grp_c
xmodeldetailcollision,#hr2_vista_bldgs_01_grp_d
xmodeldetailcollision,#hr2_vista_bldgs_01_grp_e
xmodeldetailcollision,#hr2_vista_bldgs_01_grp_f
xmodeldetailcollision,#hr2_vista_bldgs_01_h
xmodeldetailcollision,#hr2_vista_bldgs_01_j
xmodeldetailcollision,#hr2_vista_bldgs_01_k
xmodeldetailcollision,#hr2_vista_bldgs_01_l
xmodeldetailcollision,#hub_summer_grill_01
xmodeldetailcollision,#hub_summer_surfboard_01
xmodeldetailcollision,#hub_summer_surfboard_02_b
xmodeldetailcollision,#hur_paper_garbage_01_dust
xmodeldetailcollision,#hur_paper_garbage_03_dust
xmodeldetailcollision,#hur_tent_lrg_01
xmodeldetailcollision,#hur_tent_lrg_02
xmodeldetailcollision,#hur_tent_lrg_04
xmodeldetailcollision,#hur_tent_med
xmodeldetailcollision,#lm_tree_dead_branch_02
xmodeldetailcollision,#lon_air_drop_can_01_b
xmodeldetailcollision,#lon_create_set_02
xmodeldetailcollision,#lon_create_set_04_green
xmodeldetailcollision,#lon_create_set_05_green
xmodeldetailcollision,#lon_create_set_07
xmodeldetailcollision,#me_gas_lantern_01_on
xmodeldetailcollision,#me_gas_lantern_02
xmodeldetailcollision,#military_cp_crafting_crate_wood_destp
xmodeldetailcollision,#military_hq_crate_01_proxy
xmodeldetailcollision,#mkg_albizia_tree_01_wnd
xmodeldetailcollision,#mkg_banana_tree_01_wnd
xmodeldetailcollision,#mkg_banana_tree_02_wnd
xmodeldetailcollision,#mkg_foliage_dead_leaf_debris_03
xmodeldetailcollision,#mkg_foliage_ti_plant_cordyline_fruiticosa_01_short_wnd
xmodeldetailcollision,#mkg_foliage_tree_broadleaf_filler_sm_03_wnd
xmodeldetailcollision,#mkg_foliage_tree_date_palm_01_wnd
xmodeldetailcollision,#mkg_foliage_tree_palm_coconut_tall_bent_02_wnd
xmodeldetailcollision,#mkg_foliage_tree_palm_coconut_tall_wnd
xmodeldetailcollision,#mkg_hanging_vines_01_wnd
xmodeldetailcollision,#mkg_hanging_vines_03_wnd
xmodeldetailcollision,#mkg_hanging_vines_04_wnd
xmodeldetailcollision,#mkg_hanging_vines_07_wnd
xmodeldetailcollision,#mkg_hanging_vines_08_wnd
xmodeldetailcollision,#mkg_jungle_plant_01
xmodeldetailcollision,#mkg_mangrove_palm_01_wnd
xmodeldetailcollision,#mkg_mangrove_palm_short_wnd
xmodeldetailcollision,#mp_hub_allies_brit_flood_light_01
xmodeldetailcollision,#mp_hub_allies_dest_supply_truck_vista_01
xmodeldetailcollision,#mp_hub_allies_lct_transport_01
xmodeldetailcollision,#ndy_rock_set_sml_03
xmodeldetailcollision,#ndy_seaweed_cluster_01_sand_wet
xmodeldetailcollision,#ndy_seaweed_hedgehog_01
xmodeldetailcollision,#ndy_usa_ship_arkansas_vista_01
xmodeldetailcollision,#p7_crate_wood_01_plank_d1
xmodeldetailcollision,#p7_crate_wood_01_plank_d2
xmodeldetailcollision,#p7_zm_kin_bottle_beer
xmodeldetailcollision,#par_art_deco_sconces_02
xmodeldetailcollision,#par_art_deco_sculpture_fixture_01
xmodeldetailcollision,#par_railing_wood_03
xmodeldetailcollision,#par_railing_wood_bannister_01
xmodeldetailcollision,#pool_towel2_purple
xmodeldetailcollision,#poolside_towel_02
xmodeldetailcollision,#poolside_towel_floor_01
xmodeldetailcollision,#s4_aac_cardboard_box_04_destp
xmodeldetailcollision,#s4_afr_champhill_wood_crate_01
xmodeldetailcollision,#s4_afr_ger_barrel_02_lid
xmodeldetailcollision,#s4_afr_ger_barrel_03_desert
xmodeldetailcollision,#s4_afr_ger_barrel_destroyed_02
xmodeldetailcollision,#s4_barrel_wood_small_01_destp
xmodeldetailcollision,#s4_cob_tire_pile_01
xmodeldetailcollision,#s4_cob_tire_pile_01_destp
xmodeldetailcollision,#s4_crate_wood_large_02_destp
xmodeldetailcollision,#s4_crate_wood_small_pieces_1_dyn
xmodeldetailcollision,#s4_fence_wood_slats_01_door_dyn_01
xmodeldetailcollision,#s4_foliage_poppy_flower_vista_01
xmodeldetailcollision,#s4_fra_toy_duck_01_destp
xmodeldetailcollision,#s4_ger_cardboard_box_02_destp
xmodeldetailcollision,#s4_ger_checkpoint_hut_barrier_01
xmodeldetailcollision,#s4_ger_container_ammo_metal_01_dyn
xmodeldetailcollision,#s4_ger_container_ammo_metal_02_dyn
xmodeldetailcollision,#s4_ger_container_ammo_metal_03_closed_dyn
xmodeldetailcollision,#s4_ger_crate_ammo_palette_stack_tarp_02_desert
xmodeldetailcollision,#s4_ger_jerry_can_01_water_destp
xmodeldetailcollision,#s4_ger_toolbox_open_full_01_closed_destp
xmodeldetailcollision,#s4_ger_toolbox_open_full_01_destp
xmodeldetailcollision,#s4_ger_train_barrels_01
xmodeldetailcollision,#s4_ger_tuscan_tarps_04_dust
xmodeldetailcollision,#s4_ger_water_bucket_01_destp
xmodeldetailcollision,#s4_jpn_beach_seaweed_bunch_large_01
xmodeldetailcollision,#s4_jpn_beach_seaweed_bunch_medium_01
xmodeldetailcollision,#s4_jpn_beach_seaweed_bunch_small_01
xmodeldetailcollision,#s4_jpn_beach_seaweed_clump_long_02
xmodeldetailcollision,#s4_jpn_beach_seaweed_clump_medium_01
xmodeldetailcollision,#s4_jpn_beach_seaweed_clump_small_01
xmodeldetailcollision,#s4_jpn_bgv_foliage_tree_coconut_palm_02_wnd
xmodeldetailcollision,#s4_jpn_bgv_foliage_tree_date_palm_02_frond_01
xmodeldetailcollision,#s4_jpn_bgv_foliage_tree_date_palm_frond_01_faded
xmodeldetailcollision,#s4_jpn_bgv_mangrove_palm_01
xmodeldetailcollision,#s4_jpn_bgv_mangrove_palm_02
xmodeldetailcollision,#s4_jpn_gav_barrier_wood_128x34_01_debris_1
xmodeldetailcollision,#s4_jpn_gav_barrier_wood_128x34_01_debris_2
xmodeldetailcollision,#s4_jpn_gav_barrier_wood_128x34_01b_destp
xmodeldetailcollision,#s4_jpn_herbweed_dead
xmodeldetailcollision,#s4_jpn_palm_debris_06
xmodeldetailcollision,#s4_jpn_radio_mid_tower_frame_01_red
xmodeldetailcollision,#s4_jpn_radio_tower_base_01
xmodeldetailcollision,#s4_jpn_sand_clump_02
xmodeldetailcollision,#s4_jpn_sand_footprints_clump_01
xmodeldetailcollision,#s4_jpn_sand_footprints_clump_02
xmodeldetailcollision,#s4_jpn_volcanic_cliff_02_wet
xmodeldetailcollision,#s4_jpn_volcanic_cliff_03
xmodeldetailcollision,#s4_jpn_volcanic_cliff_04
xmodeldetailcollision,#s4_jpn_volcanic_cliff_05
xmodeldetailcollision,#s4_jpn_volcanic_cliff_06_wet
xmodeldetailcollision,#s4_jpn_volcanic_cliff_07_wet
xmodeldetailcollision,#s4_jpn_volcanic_cliff_08_wet
xmodeldetailcollision,#s4_jpn_volcanic_cliff_09
xmodeldetailcollision,#s4_jpn_volcanic_cliff_09_c
xmodeldetailcollision,#s4_jpn_volcanic_cliff_10
xmodeldetailcollision,#s4_jpn_volcanic_cliff_10_c
xmodeldetailcollision,#s4_jpn_volcanic_cliff_11
xmodeldetailcollision,#s4_jpn_volcanic_cliff_12_c
xmodeldetailcollision,#s4_jpn_volcanic_rock_01
xmodeldetailcollision,#s4_jpn_volcanic_rock_02
xmodeldetailcollision,#s4_jpn_volcanic_rock_16_dark
xmodeldetailcollision,#s4_jpn_volcanic_rock_17
xmodeldetailcollision,#s4_jpn_volcanic_rock_ground_01
xmodeldetailcollision,#s4_jpn_volcanic_rock_ground_08_wet
xmodeldetailcollision,#s4_jpn_volcanic_rock_ground_12
xmodeldetailcollision,#s4_jpn_water_canteen_01_destp
xmodeldetailcollision,#s4_lon_create_set_02_destp
xmodeldetailcollision,#s4_lon_create_set_07_dry_destp
xmodeldetailcollision,#s4_lon_create_set_08_destp
xmodeldetailcollision,#s4_rus_bottle_glass_01_destp
xmodeldetailcollision,#s4_rus_crate_apples_01_rotten
xmodeldetailcollision,#s4_rus_crate_fruit_x_dyn_01
xmodeldetailcollision,#s4_rus_crate_fruit_x_dyn_02
xmodeldetailcollision,#s4_rus_crate_lemon_01_rotten
xmodeldetailcollision,#s4_rus_crate_onion_01
xmodeldetailcollision,#s4_rus_crate_oranges_01
xmodeldetailcollision,#s4_rus_crate_peaches_01
xmodeldetailcollision,#s4_rus_crate_potato_01_rotten
xmodeldetailcollision,#s4_rus_crate_set_04_sm_destp
xmodeldetailcollision,#s4_rus_crate_tomatoes_01
xmodeldetailcollision,#s4_rus_lantern_01_on
xmodeldetailcollision,#s4_rus_medical_duffel_bag_01_strapless_destp
xmodeldetailcollision,#s4_rus_pile_floor_apple_01_rotten
xmodeldetailcollision,#s4_rus_pile_floor_orange_01
xmodeldetailcollision,#s4_rus_pile_floor_peach_01
xmodeldetailcollision,#s4_rus_sandbag_set_128_double
xmodeldetailcollision,#s4_rus_sandbag_set_128_short_02
xmodeldetailcollision,#s4_rus_sandbag_set_end_l_01
xmodeldetailcollision,#s4_rus_single_apple_01_rotten
xmodeldetailcollision,#s4_rus_single_lemon_01_rotten
xmodeldetailcollision,#s4_rus_single_onion_01
xmodeldetailcollision,#s4_rus_single_orange_01
xmodeldetailcollision,#s4_rus_single_peach_01
xmodeldetailcollision,#s4_rus_single_potato_01_rotten
xmodeldetailcollision,#s4_rus_single_tomato_01
xmodeldetailcollision,#s4_rus_sleeping_bag_01_destp
xmodeldetailcollision,#s4_sand_clump_edge_128_a
xmodeldetailcollision,#s4_usa_dolly_01_dyn
xmodeldetailcollision,#s4_usa_oil_barrel_02_green
xmodeldetailcollision,#s4_usa_ship_dolly_01_destp
xmodeldetailcollision,#s4_usa_ship_lifeboat_mount_hook_01
xmodeldetailcollision,#s4_usa_shipment_camo_net
xmodeldetailcollision,#s4_usa_trans_willys_jeep_01_destp_p
xmodeldetailcollision,#s4_zm_jpn_construction_plywood_stacks_01
xmodeldetailcollision,#s4_zm_jpn_farm_tools_shovel_01
xmodeldetailcollision,#s4_zm_jpn_foliage_tree_palm_coconut_tall_vista
xmodeldetailcollision,#s4_zm_jpn_lamp_post_wood_hook
xmodeldetailcollision,#sd_equipment_bombsite_crate
xmodeldetailcollision,#sd_equipment_bombsite_crate_d
xmodeldetailcollision,#shp_jeep_crate_01
xmodeldetailcollision,#shp_jeep_crate_02
xmodeldetailcollision,#shp_jeep_crate_04_dark
xmodeldetailcollision,#shp_jeep_crate_lid_01
xmodeldetailcollision,#shp_jeep_crate_strap_01
xmodeldetailcollision,#shp_jeep_crate_strap_03
xmodeldetailcollision,#shp_jeep_crate_strap_04
xmodeldetailcollision,#shp_jeep_crate_strap_05
xmodeldetailcollision,#shp_jeep_crate_strap_06
xmodeldetailcollision,#shp_jeep_crate_strap_07
xmodeldetailcollision,#shp_jeep_crate_strap_08
xmodeldetailcollision,#shp_jeep_crate_strap_09
xmodeldetailcollision,#shp_jeep_crate_strap_11
xmodeldetailcollision,#shp_jeep_crate_strap_12
xmodeldetailcollision,#shp_jeep_crate_strap_13
xmodeldetailcollision,#shp_jeep_crate_tarp_01
xmodeldetailcollision,#shp_rope_net_05
xmodeldetailcollision,#shp_rope_net_06
xmodeldetailcollision,#shp_rope_net_07
xmodeldetailcollision,#suv_gamma503_00_destp
xmodeldetailcollision,#suv_gamma503_00_destp_des
xmodeldetailcollision,#suv_gamma503_00_static
xmodeldetailcollision,#tkn_checkpoint_hut_01_snow
xmodeldetailcollision,#toy_pool_inflated_beach_ball_01
xmodeldetailcollision,#toy_pool_inflated_tube_01
xmodeldetailcollision,#un_industrial_wooden_pallet_01
xmodeldetailcollision,#un_industrial_wooden_pallet_01_destr
xmodeldetailcollision,#un_industrial_wooden_pallet_01_destr_s1_f1
xmodeldetailcollision,#un_industrial_wooden_pallet_01_destr_s1_f2
xmodeldetailcollision,#un_industrial_wooden_pallet_01_destr_s1_f4
xmodeldetailcollision,#us_crate_ammo_tank_01
xmodeldetailcollision,#usa_bulldozer_ca1_01_static
xmodeldetailcollision,#usa_clipboard_org1
xmodeldetailcollision,#usa_medical_supplies_box_bandages_closed_01_dyn
xmodeldetailcollision,#usa_mil_truck_m35_static
xmodeldetailcollision,#vehicle_v22_osprey_damaged_static_bladepiece_left
xmodeldetailcollision,#vfx_debris_wood_splinters_1_g2
xmodeldetailcollision,#vfx_debris_wood_splinters_1_g3
xmodeldetailcollision,#vfx_debris_wood_splinters_1_g4
xmodeldetailcollision,#vie_foliage_elephant_ear_01_a_wnd
xmodeldetailcollision,#watertank_ladder_144
streamkey,#mp_shipment_s4_all_loaded
streamkey,#mp_shipment_s4_strtree_-1
streamkey,#mp_shipment_s4_strtree_0
streamkey,#mp_shipment_s4_strtree_1
streamkey,#mp_shipment_s4_strtree_10
streamkey,#mp_shipment_s4_strtree_11
streamkey,#mp_shipment_s4_strtree_12
streamkey,#mp_shipment_s4_strtree_13
streamkey,#mp_shipment_s4_strtree_14
streamkey,#mp_shipment_s4_strtree_15
streamkey,#mp_shipment_s4_strtree_16
streamkey,#mp_shipment_s4_strtree_17
streamkey,#mp_shipment_s4_strtree_18
streamkey,#mp_shipment_s4_strtree_19
streamkey,#mp_shipment_s4_strtree_2
streamkey,#mp_shipment_s4_strtree_20
streamkey,#mp_shipment_s4_strtree_3
streamkey,#mp_shipment_s4_strtree_4
streamkey,#mp_shipment_s4_strtree_5
streamkey,#mp_shipment_s4_strtree_6
streamkey,#mp_shipment_s4_strtree_7
streamkey,#mp_shipment_s4_strtree_8
streamkey,#mp_shipment_s4_strtree_9
streamkey,#mp_shipment_s4_xmstrtree_0_0
streamkey,#mp_shipment_s4_xmstrtree_0_1
streamkey,#mp_shipment_s4_xmstrtree_0_10
streamkey,#mp_shipment_s4_xmstrtree_0_11
streamkey,#mp_shipment_s4_xmstrtree_0_12
streamkey,#mp_shipment_s4_xmstrtree_0_13
streamkey,#mp_shipment_s4_xmstrtree_0_14
streamkey,#mp_shipment_s4_xmstrtree_0_15
streamkey,#mp_shipment_s4_xmstrtree_0_16
streamkey,#mp_shipment_s4_xmstrtree_0_17
streamkey,#mp_shipment_s4_xmstrtree_0_18
streamkey,#mp_shipment_s4_xmstrtree_0_19
streamkey,#mp_shipment_s4_xmstrtree_0_2
streamkey,#mp_shipment_s4_xmstrtree_0_20
streamkey,#mp_shipment_s4_xmstrtree_0_3
streamkey,#mp_shipment_s4_xmstrtree_0_4
streamkey,#mp_shipment_s4_xmstrtree_0_5
streamkey,#mp_shipment_s4_xmstrtree_0_6
streamkey,#mp_shipment_s4_xmstrtree_0_7
streamkey,#mp_shipment_s4_xmstrtree_0_8
streamkey,#mp_shipment_s4_xmstrtree_0_9
streamkey,#mp_shipment_s4_xmstrtree_10_0
streamkey,#mp_shipment_s4_xmstrtree_10_1
streamkey,#mp_shipment_s4_xmstrtree_10_10
streamkey,#mp_shipment_s4_xmstrtree_10_11
streamkey,#mp_shipment_s4_xmstrtree_10_12
streamkey,#mp_shipment_s4_xmstrtree_10_13
streamkey,#mp_shipment_s4_xmstrtree_10_14
streamkey,#mp_shipment_s4_xmstrtree_10_15
streamkey,#mp_shipment_s4_xmstrtree_10_16
streamkey,#mp_shipment_s4_xmstrtree_10_17
streamkey,#mp_shipment_s4_xmstrtree_10_18
streamkey,#mp_shipment_s4_xmstrtree_10_19
streamkey,#mp_shipment_s4_xmstrtree_10_2
streamkey,#mp_shipment_s4_xmstrtree_10_20
streamkey,#mp_shipment_s4_xmstrtree_10_3
streamkey,#mp_shipment_s4_xmstrtree_10_4
streamkey,#mp_shipment_s4_xmstrtree_10_5
streamkey,#mp_shipment_s4_xmstrtree_10_6
streamkey,#mp_shipment_s4_xmstrtree_10_7
streamkey,#mp_shipment_s4_xmstrtree_10_8
streamkey,#mp_shipment_s4_xmstrtree_10_9
streamkey,#mp_shipment_s4_xmstrtree_11_0
streamkey,#mp_shipment_s4_xmstrtree_11_1
streamkey,#mp_shipment_s4_xmstrtree_11_10
streamkey,#mp_shipment_s4_xmstrtree_11_11
streamkey,#mp_shipment_s4_xmstrtree_11_12
streamkey,#mp_shipment_s4_xmstrtree_11_13
streamkey,#mp_shipment_s4_xmstrtree_11_14
streamkey,#mp_shipment_s4_xmstrtree_11_15
streamkey,#mp_shipment_s4_xmstrtree_11_16
streamkey,#mp_shipment_s4_xmstrtree_11_17
streamkey,#mp_shipment_s4_xmstrtree_11_18
streamkey,#mp_shipment_s4_xmstrtree_11_19
streamkey,#mp_shipment_s4_xmstrtree_11_2
streamkey,#mp_shipment_s4_xmstrtree_11_20
streamkey,#mp_shipment_s4_xmstrtree_11_3
streamkey,#mp_shipment_s4_xmstrtree_11_4
streamkey,#mp_shipment_s4_xmstrtree_11_5
streamkey,#mp_shipment_s4_xmstrtree_11_6
streamkey,#mp_shipment_s4_xmstrtree_11_7
streamkey,#mp_shipment_s4_xmstrtree_11_8
streamkey,#mp_shipment_s4_xmstrtree_11_9
streamkey,#mp_shipment_s4_xmstrtree_12_0
streamkey,#mp_shipment_s4_xmstrtree_12_1
streamkey,#mp_shipment_s4_xmstrtree_12_10
streamkey,#mp_shipment_s4_xmstrtree_12_11
streamkey,#mp_shipment_s4_xmstrtree_12_12
streamkey,#mp_shipment_s4_xmstrtree_12_13
streamkey,#mp_shipment_s4_xmstrtree_12_14
streamkey,#mp_shipment_s4_xmstrtree_12_15
streamkey,#mp_shipment_s4_xmstrtree_12_16
streamkey,#mp_shipment_s4_xmstrtree_12_17
streamkey,#mp_shipment_s4_xmstrtree_12_18
streamkey,#mp_shipment_s4_xmstrtree_12_19
streamkey,#mp_shipment_s4_xmstrtree_12_2
streamkey,#mp_shipment_s4_xmstrtree_12_20
streamkey,#mp_shipment_s4_xmstrtree_12_3
streamkey,#mp_shipment_s4_xmstrtree_12_4
streamkey,#mp_shipment_s4_xmstrtree_12_5
streamkey,#mp_shipment_s4_xmstrtree_12_6
streamkey,#mp_shipment_s4_xmstrtree_12_7
streamkey,#mp_shipment_s4_xmstrtree_12_8
streamkey,#mp_shipment_s4_xmstrtree_12_9
streamkey,#mp_shipment_s4_xmstrtree_13_0
streamkey,#mp_shipment_s4_xmstrtree_13_1
streamkey,#mp_shipment_s4_xmstrtree_13_10
streamkey,#mp_shipment_s4_xmstrtree_13_11
streamkey,#mp_shipment_s4_xmstrtree_13_12
streamkey,#mp_shipment_s4_xmstrtree_13_13
streamkey,#mp_shipment_s4_xmstrtree_13_14
streamkey,#mp_shipment_s4_xmstrtree_13_15
streamkey,#mp_shipment_s4_xmstrtree_13_16
streamkey,#mp_shipment_s4_xmstrtree_13_17
streamkey,#mp_shipment_s4_xmstrtree_13_18
streamkey,#mp_shipment_s4_xmstrtree_13_19
streamkey,#mp_shipment_s4_xmstrtree_13_2
streamkey,#mp_shipment_s4_xmstrtree_13_20
streamkey,#mp_shipment_s4_xmstrtree_13_3
streamkey,#mp_shipment_s4_xmstrtree_13_4
streamkey,#mp_shipment_s4_xmstrtree_13_5
streamkey,#mp_shipment_s4_xmstrtree_13_6
streamkey,#mp_shipment_s4_xmstrtree_13_7
streamkey,#mp_shipment_s4_xmstrtree_13_8
streamkey,#mp_shipment_s4_xmstrtree_13_9
streamkey,#mp_shipment_s4_xmstrtree_14_0
streamkey,#mp_shipment_s4_xmstrtree_14_1
streamkey,#mp_shipment_s4_xmstrtree_14_10
streamkey,#mp_shipment_s4_xmstrtree_14_11
streamkey,#mp_shipment_s4_xmstrtree_14_12
streamkey,#mp_shipment_s4_xmstrtree_14_13
streamkey,#mp_shipment_s4_xmstrtree_14_14
streamkey,#mp_shipment_s4_xmstrtree_14_15
streamkey,#mp_shipment_s4_xmstrtree_14_16
streamkey,#mp_shipment_s4_xmstrtree_14_17
streamkey,#mp_shipment_s4_xmstrtree_14_18
streamkey,#mp_shipment_s4_xmstrtree_14_19
streamkey,#mp_shipment_s4_xmstrtree_14_2
streamkey,#mp_shipment_s4_xmstrtree_14_20
streamkey,#mp_shipment_s4_xmstrtree_14_3
streamkey,#mp_shipment_s4_xmstrtree_14_4
streamkey,#mp_shipment_s4_xmstrtree_14_5
streamkey,#mp_shipment_s4_xmstrtree_14_6
streamkey,#mp_shipment_s4_xmstrtree_14_7
streamkey,#mp_shipment_s4_xmstrtree_14_8
streamkey,#mp_shipment_s4_xmstrtree_14_9
streamkey,#mp_shipment_s4_xmstrtree_15_0
streamkey,#mp_shipment_s4_xmstrtree_15_1
streamkey,#mp_shipment_s4_xmstrtree_15_10
streamkey,#mp_shipment_s4_xmstrtree_15_11
streamkey,#mp_shipment_s4_xmstrtree_15_12
streamkey,#mp_shipment_s4_xmstrtree_15_13
streamkey,#mp_shipment_s4_xmstrtree_15_14
streamkey,#mp_shipment_s4_xmstrtree_15_15
streamkey,#mp_shipment_s4_xmstrtree_15_16
streamkey,#mp_shipment_s4_xmstrtree_15_17
streamkey,#mp_shipment_s4_xmstrtree_15_18
streamkey,#mp_shipment_s4_xmstrtree_15_19
streamkey,#mp_shipment_s4_xmstrtree_15_2
streamkey,#mp_shipment_s4_xmstrtree_15_20
streamkey,#mp_shipment_s4_xmstrtree_15_3
streamkey,#mp_shipment_s4_xmstrtree_15_4
streamkey,#mp_shipment_s4_xmstrtree_15_5
streamkey,#mp_shipment_s4_xmstrtree_15_6
streamkey,#mp_shipment_s4_xmstrtree_15_7
streamkey,#mp_shipment_s4_xmstrtree_15_8
streamkey,#mp_shipment_s4_xmstrtree_15_9
streamkey,#mp_shipment_s4_xmstrtree_16_0
streamkey,#mp_shipment_s4_xmstrtree_16_1
streamkey,#mp_shipment_s4_xmstrtree_16_10
streamkey,#mp_shipment_s4_xmstrtree_16_11
streamkey,#mp_shipment_s4_xmstrtree_16_12
streamkey,#mp_shipment_s4_xmstrtree_16_13
streamkey,#mp_shipment_s4_xmstrtree_16_14
streamkey,#mp_shipment_s4_xmstrtree_16_15
streamkey,#mp_shipment_s4_xmstrtree_16_16
streamkey,#mp_shipment_s4_xmstrtree_16_17
streamkey,#mp_shipment_s4_xmstrtree_16_18
streamkey,#mp_shipment_s4_xmstrtree_16_19
streamkey,#mp_shipment_s4_xmstrtree_16_2
streamkey,#mp_shipment_s4_xmstrtree_16_20
streamkey,#mp_shipment_s4_xmstrtree_16_3
streamkey,#mp_shipment_s4_xmstrtree_16_4
streamkey,#mp_shipment_s4_xmstrtree_16_5
streamkey,#mp_shipment_s4_xmstrtree_16_6
streamkey,#mp_shipment_s4_xmstrtree_16_7
streamkey,#mp_shipment_s4_xmstrtree_16_8
streamkey,#mp_shipment_s4_xmstrtree_16_9
streamkey,#mp_shipment_s4_xmstrtree_17_0
streamkey,#mp_shipment_s4_xmstrtree_17_1
streamkey,#mp_shipment_s4_xmstrtree_17_10
streamkey,#mp_shipment_s4_xmstrtree_17_11
streamkey,#mp_shipment_s4_xmstrtree_17_12
streamkey,#mp_shipment_s4_xmstrtree_17_13
streamkey,#mp_shipment_s4_xmstrtree_17_14
streamkey,#mp_shipment_s4_xmstrtree_17_15
streamkey,#mp_shipment_s4_xmstrtree_17_16
streamkey,#mp_shipment_s4_xmstrtree_17_17
streamkey,#mp_shipment_s4_xmstrtree_17_18
streamkey,#mp_shipment_s4_xmstrtree_17_19
streamkey,#mp_shipment_s4_xmstrtree_17_2
streamkey,#mp_shipment_s4_xmstrtree_17_20
streamkey,#mp_shipment_s4_xmstrtree_17_3
streamkey,#mp_shipment_s4_xmstrtree_17_4
streamkey,#mp_shipment_s4_xmstrtree_17_5
streamkey,#mp_shipment_s4_xmstrtree_17_6
streamkey,#mp_shipment_s4_xmstrtree_17_7
streamkey,#mp_shipment_s4_xmstrtree_17_8
streamkey,#mp_shipment_s4_xmstrtree_17_9
streamkey,#mp_shipment_s4_xmstrtree_18_0
streamkey,#mp_shipment_s4_xmstrtree_18_1
streamkey,#mp_shipment_s4_xmstrtree_18_10
streamkey,#mp_shipment_s4_xmstrtree_18_11
streamkey,#mp_shipment_s4_xmstrtree_18_12
streamkey,#mp_shipment_s4_xmstrtree_18_13
streamkey,#mp_shipment_s4_xmstrtree_18_14
streamkey,#mp_shipment_s4_xmstrtree_18_15
streamkey,#mp_shipment_s4_xmstrtree_18_16
streamkey,#mp_shipment_s4_xmstrtree_18_17
streamkey,#mp_shipment_s4_xmstrtree_18_18
streamkey,#mp_shipment_s4_xmstrtree_18_19
streamkey,#mp_shipment_s4_xmstrtree_18_2
streamkey,#mp_shipment_s4_xmstrtree_18_20
streamkey,#mp_shipment_s4_xmstrtree_18_3
streamkey,#mp_shipment_s4_xmstrtree_18_4
streamkey,#mp_shipment_s4_xmstrtree_18_5
streamkey,#mp_shipment_s4_xmstrtree_18_6
streamkey,#mp_shipment_s4_xmstrtree_18_7
streamkey,#mp_shipment_s4_xmstrtree_18_8
streamkey,#mp_shipment_s4_xmstrtree_18_9
streamkey,#mp_shipment_s4_xmstrtree_19_0
streamkey,#mp_shipment_s4_xmstrtree_19_1
streamkey,#mp_shipment_s4_xmstrtree_19_10
streamkey,#mp_shipment_s4_xmstrtree_19_11
streamkey,#mp_shipment_s4_xmstrtree_19_12
streamkey,#mp_shipment_s4_xmstrtree_19_13
streamkey,#mp_shipment_s4_xmstrtree_19_14
streamkey,#mp_shipment_s4_xmstrtree_19_15
streamkey,#mp_shipment_s4_xmstrtree_19_16
streamkey,#mp_shipment_s4_xmstrtree_19_17
streamkey,#mp_shipment_s4_xmstrtree_19_18
streamkey,#mp_shipment_s4_xmstrtree_19_19
streamkey,#mp_shipment_s4_xmstrtree_19_2
streamkey,#mp_shipment_s4_xmstrtree_19_20
streamkey,#mp_shipment_s4_xmstrtree_19_3
streamkey,#mp_shipment_s4_xmstrtree_19_4
streamkey,#mp_shipment_s4_xmstrtree_19_5
streamkey,#mp_shipment_s4_xmstrtree_19_6
streamkey,#mp_shipment_s4_xmstrtree_19_7
streamkey,#mp_shipment_s4_xmstrtree_19_8
streamkey,#mp_shipment_s4_xmstrtree_19_9
streamkey,#mp_shipment_s4_xmstrtree_1_0
streamkey,#mp_shipment_s4_xmstrtree_1_1
streamkey,#mp_shipment_s4_xmstrtree_1_10
streamkey,#mp_shipment_s4_xmstrtree_1_11
streamkey,#mp_shipment_s4_xmstrtree_1_12
streamkey,#mp_shipment_s4_xmstrtree_1_13
streamkey,#mp_shipment_s4_xmstrtree_1_14
streamkey,#mp_shipment_s4_xmstrtree_1_15
streamkey,#mp_shipment_s4_xmstrtree_1_16
streamkey,#mp_shipment_s4_xmstrtree_1_17
streamkey,#mp_shipment_s4_xmstrtree_1_18
streamkey,#mp_shipment_s4_xmstrtree_1_19
streamkey,#mp_shipment_s4_xmstrtree_1_2
streamkey,#mp_shipment_s4_xmstrtree_1_20
streamkey,#mp_shipment_s4_xmstrtree_1_3
streamkey,#mp_shipment_s4_xmstrtree_1_4
streamkey,#mp_shipment_s4_xmstrtree_1_5
streamkey,#mp_shipment_s4_xmstrtree_1_6
streamkey,#mp_shipment_s4_xmstrtree_1_7
streamkey,#mp_shipment_s4_xmstrtree_1_8
streamkey,#mp_shipment_s4_xmstrtree_1_9
streamkey,#mp_shipment_s4_xmstrtree_20_0
streamkey,#mp_shipment_s4_xmstrtree_20_1
streamkey,#mp_shipment_s4_xmstrtree_20_10
streamkey,#mp_shipment_s4_xmstrtree_20_11
streamkey,#mp_shipment_s4_xmstrtree_20_12
streamkey,#mp_shipment_s4_xmstrtree_20_13
streamkey,#mp_shipment_s4_xmstrtree_20_14
streamkey,#mp_shipment_s4_xmstrtree_20_15
streamkey,#mp_shipment_s4_xmstrtree_20_16
streamkey,#mp_shipment_s4_xmstrtree_20_17
streamkey,#mp_shipment_s4_xmstrtree_20_18
streamkey,#mp_shipment_s4_xmstrtree_20_19
streamkey,#mp_shipment_s4_xmstrtree_20_2
streamkey,#mp_shipment_s4_xmstrtree_20_20
streamkey,#mp_shipment_s4_xmstrtree_20_3
streamkey,#mp_shipment_s4_xmstrtree_20_4
streamkey,#mp_shipment_s4_xmstrtree_20_5
streamkey,#mp_shipment_s4_xmstrtree_20_6
streamkey,#mp_shipment_s4_xmstrtree_20_7
streamkey,#mp_shipment_s4_xmstrtree_20_8
streamkey,#mp_shipment_s4_xmstrtree_20_9
streamkey,#mp_shipment_s4_xmstrtree_21_0
streamkey,#mp_shipment_s4_xmstrtree_21_1
streamkey,#mp_shipment_s4_xmstrtree_21_10
streamkey,#mp_shipment_s4_xmstrtree_21_11
streamkey,#mp_shipment_s4_xmstrtree_21_12
streamkey,#mp_shipment_s4_xmstrtree_21_13
streamkey,#mp_shipment_s4_xmstrtree_21_14
streamkey,#mp_shipment_s4_xmstrtree_21_15
streamkey,#mp_shipment_s4_xmstrtree_21_16
streamkey,#mp_shipment_s4_xmstrtree_21_17
streamkey,#mp_shipment_s4_xmstrtree_21_18
streamkey,#mp_shipment_s4_xmstrtree_21_19
streamkey,#mp_shipment_s4_xmstrtree_21_2
streamkey,#mp_shipment_s4_xmstrtree_21_20
streamkey,#mp_shipment_s4_xmstrtree_21_3
streamkey,#mp_shipment_s4_xmstrtree_21_4
streamkey,#mp_shipment_s4_xmstrtree_21_5
streamkey,#mp_shipment_s4_xmstrtree_21_6
streamkey,#mp_shipment_s4_xmstrtree_21_7
streamkey,#mp_shipment_s4_xmstrtree_21_8
streamkey,#mp_shipment_s4_xmstrtree_21_9
streamkey,#mp_shipment_s4_xmstrtree_22_0
streamkey,#mp_shipment_s4_xmstrtree_22_1
streamkey,#mp_shipment_s4_xmstrtree_22_10
streamkey,#mp_shipment_s4_xmstrtree_22_11
streamkey,#mp_shipment_s4_xmstrtree_22_12
streamkey,#mp_shipment_s4_xmstrtree_22_13
streamkey,#mp_shipment_s4_xmstrtree_22_14
streamkey,#mp_shipment_s4_xmstrtree_22_15
streamkey,#mp_shipment_s4_xmstrtree_22_16
streamkey,#mp_shipment_s4_xmstrtree_22_17
streamkey,#mp_shipment_s4_xmstrtree_22_18
streamkey,#mp_shipment_s4_xmstrtree_22_19
streamkey,#mp_shipment_s4_xmstrtree_22_2
streamkey,#mp_shipment_s4_xmstrtree_22_20
streamkey,#mp_shipment_s4_xmstrtree_22_3
streamkey,#mp_shipment_s4_xmstrtree_22_4
streamkey,#mp_shipment_s4_xmstrtree_22_5
streamkey,#mp_shipment_s4_xmstrtree_22_6
streamkey,#mp_shipment_s4_xmstrtree_22_7
streamkey,#mp_shipment_s4_xmstrtree_22_8
streamkey,#mp_shipment_s4_xmstrtree_22_9
streamkey,#mp_shipment_s4_xmstrtree_23_0
streamkey,#mp_shipment_s4_xmstrtree_23_1
streamkey,#mp_shipment_s4_xmstrtree_23_10
streamkey,#mp_shipment_s4_xmstrtree_23_11
streamkey,#mp_shipment_s4_xmstrtree_23_12
streamkey,#mp_shipment_s4_xmstrtree_23_13
streamkey,#mp_shipment_s4_xmstrtree_23_14
streamkey,#mp_shipment_s4_xmstrtree_23_15
streamkey,#mp_shipment_s4_xmstrtree_23_16
streamkey,#mp_shipment_s4_xmstrtree_23_17
streamkey,#mp_shipment_s4_xmstrtree_23_18
streamkey,#mp_shipment_s4_xmstrtree_23_19
streamkey,#mp_shipment_s4_xmstrtree_23_2
streamkey,#mp_shipment_s4_xmstrtree_23_20
streamkey,#mp_shipment_s4_xmstrtree_23_3
streamkey,#mp_shipment_s4_xmstrtree_23_4
streamkey,#mp_shipment_s4_xmstrtree_23_5
streamkey,#mp_shipment_s4_xmstrtree_23_6
streamkey,#mp_shipment_s4_xmstrtree_23_7
streamkey,#mp_shipment_s4_xmstrtree_23_8
streamkey,#mp_shipment_s4_xmstrtree_23_9
streamkey,#mp_shipment_s4_xmstrtree_2_0
streamkey,#mp_shipment_s4_xmstrtree_2_1
streamkey,#mp_shipment_s4_xmstrtree_2_10
streamkey,#mp_shipment_s4_xmstrtree_2_11
streamkey,#mp_shipment_s4_xmstrtree_2_12
streamkey,#mp_shipment_s4_xmstrtree_2_13
streamkey,#mp_shipment_s4_xmstrtree_2_14
streamkey,#mp_shipment_s4_xmstrtree_2_15
streamkey,#mp_shipment_s4_xmstrtree_2_16
streamkey,#mp_shipment_s4_xmstrtree_2_17
streamkey,#mp_shipment_s4_xmstrtree_2_18
streamkey,#mp_shipment_s4_xmstrtree_2_19
streamkey,#mp_shipment_s4_xmstrtree_2_2
streamkey,#mp_shipment_s4_xmstrtree_2_20
streamkey,#mp_shipment_s4_xmstrtree_2_3
streamkey,#mp_shipment_s4_xmstrtree_2_4
streamkey,#mp_shipment_s4_xmstrtree_2_5
streamkey,#mp_shipment_s4_xmstrtree_2_6
streamkey,#mp_shipment_s4_xmstrtree_2_7
streamkey,#mp_shipment_s4_xmstrtree_2_8
streamkey,#mp_shipment_s4_xmstrtree_2_9
streamkey,#mp_shipment_s4_xmstrtree_3_0
streamkey,#mp_shipment_s4_xmstrtree_3_1
streamkey,#mp_shipment_s4_xmstrtree_3_10
streamkey,#mp_shipment_s4_xmstrtree_3_11
streamkey,#mp_shipment_s4_xmstrtree_3_12
streamkey,#mp_shipment_s4_xmstrtree_3_13
streamkey,#mp_shipment_s4_xmstrtree_3_14
streamkey,#mp_shipment_s4_xmstrtree_3_15
streamkey,#mp_shipment_s4_xmstrtree_3_16
streamkey,#mp_shipment_s4_xmstrtree_3_17
streamkey,#mp_shipment_s4_xmstrtree_3_18
streamkey,#mp_shipment_s4_xmstrtree_3_19
streamkey,#mp_shipment_s4_xmstrtree_3_2
streamkey,#mp_shipment_s4_xmstrtree_3_20
streamkey,#mp_shipment_s4_xmstrtree_3_3
streamkey,#mp_shipment_s4_xmstrtree_3_4
streamkey,#mp_shipment_s4_xmstrtree_3_5
streamkey,#mp_shipment_s4_xmstrtree_3_6
streamkey,#mp_shipment_s4_xmstrtree_3_7
streamkey,#mp_shipment_s4_xmstrtree_3_8
streamkey,#mp_shipment_s4_xmstrtree_3_9
streamkey,#mp_shipment_s4_xmstrtree_4_0
streamkey,#mp_shipment_s4_xmstrtree_4_1
streamkey,#mp_shipment_s4_xmstrtree_4_10
streamkey,#mp_shipment_s4_xmstrtree_4_11
streamkey,#mp_shipment_s4_xmstrtree_4_12
streamkey,#mp_shipment_s4_xmstrtree_4_13
streamkey,#mp_shipment_s4_xmstrtree_4_14
streamkey,#mp_shipment_s4_xmstrtree_4_15
streamkey,#mp_shipment_s4_xmstrtree_4_16
streamkey,#mp_shipment_s4_xmstrtree_4_17
streamkey,#mp_shipment_s4_xmstrtree_4_18
streamkey,#mp_shipment_s4_xmstrtree_4_19
streamkey,#mp_shipment_s4_xmstrtree_4_2
streamkey,#mp_shipment_s4_xmstrtree_4_20
streamkey,#mp_shipment_s4_xmstrtree_4_3
streamkey,#mp_shipment_s4_xmstrtree_4_4
streamkey,#mp_shipment_s4_xmstrtree_4_5
streamkey,#mp_shipment_s4_xmstrtree_4_6
streamkey,#mp_shipment_s4_xmstrtree_4_7
streamkey,#mp_shipment_s4_xmstrtree_4_8
streamkey,#mp_shipment_s4_xmstrtree_4_9
streamkey,#mp_shipment_s4_xmstrtree_5_0
streamkey,#mp_shipment_s4_xmstrtree_5_1
streamkey,#mp_shipment_s4_xmstrtree_5_10
streamkey,#mp_shipment_s4_xmstrtree_5_11
streamkey,#mp_shipment_s4_xmstrtree_5_12
streamkey,#mp_shipment_s4_xmstrtree_5_13
streamkey,#mp_shipment_s4_xmstrtree_5_14
streamkey,#mp_shipment_s4_xmstrtree_5_15
streamkey,#mp_shipment_s4_xmstrtree_5_16
streamkey,#mp_shipment_s4_xmstrtree_5_17
streamkey,#mp_shipment_s4_xmstrtree_5_18
streamkey,#mp_shipment_s4_xmstrtree_5_19
streamkey,#mp_shipment_s4_xmstrtree_5_2
streamkey,#mp_shipment_s4_xmstrtree_5_20
streamkey,#mp_shipment_s4_xmstrtree_5_3
streamkey,#mp_shipment_s4_xmstrtree_5_4
streamkey,#mp_shipment_s4_xmstrtree_5_5
streamkey,#mp_shipment_s4_xmstrtree_5_6
streamkey,#mp_shipment_s4_xmstrtree_5_7
streamkey,#mp_shipment_s4_xmstrtree_5_8
streamkey,#mp_shipment_s4_xmstrtree_5_9
streamkey,#mp_shipment_s4_xmstrtree_6_0
streamkey,#mp_shipment_s4_xmstrtree_6_1
streamkey,#mp_shipment_s4_xmstrtree_6_10
streamkey,#mp_shipment_s4_xmstrtree_6_11
streamkey,#mp_shipment_s4_xmstrtree_6_12
streamkey,#mp_shipment_s4_xmstrtree_6_13
streamkey,#mp_shipment_s4_xmstrtree_6_14
streamkey,#mp_shipment_s4_xmstrtree_6_15
streamkey,#mp_shipment_s4_xmstrtree_6_16
streamkey,#mp_shipment_s4_xmstrtree_6_17
streamkey,#mp_shipment_s4_xmstrtree_6_18
streamkey,#mp_shipment_s4_xmstrtree_6_19
streamkey,#mp_shipment_s4_xmstrtree_6_2
streamkey,#mp_shipment_s4_xmstrtree_6_20
streamkey,#mp_shipment_s4_xmstrtree_6_3
streamkey,#mp_shipment_s4_xmstrtree_6_4
streamkey,#mp_shipment_s4_xmstrtree_6_5
streamkey,#mp_shipment_s4_xmstrtree_6_6
streamkey,#mp_shipment_s4_xmstrtree_6_7
streamkey,#mp_shipment_s4_xmstrtree_6_8
streamkey,#mp_shipment_s4_xmstrtree_6_9
streamkey,#mp_shipment_s4_xmstrtree_7_0
streamkey,#mp_shipment_s4_xmstrtree_7_1
streamkey,#mp_shipment_s4_xmstrtree_7_10
streamkey,#mp_shipment_s4_xmstrtree_7_11
streamkey,#mp_shipment_s4_xmstrtree_7_12
streamkey,#mp_shipment_s4_xmstrtree_7_13
streamkey,#mp_shipment_s4_xmstrtree_7_14
streamkey,#mp_shipment_s4_xmstrtree_7_15
streamkey,#mp_shipment_s4_xmstrtree_7_16
streamkey,#mp_shipment_s4_xmstrtree_7_17
streamkey,#mp_shipment_s4_xmstrtree_7_18
streamkey,#mp_shipment_s4_xmstrtree_7_19
streamkey,#mp_shipment_s4_xmstrtree_7_2
streamkey,#mp_shipment_s4_xmstrtree_7_20
streamkey,#mp_shipment_s4_xmstrtree_7_3
streamkey,#mp_shipment_s4_xmstrtree_7_4
streamkey,#mp_shipment_s4_xmstrtree_7_5
streamkey,#mp_shipment_s4_xmstrtree_7_6
streamkey,#mp_shipment_s4_xmstrtree_7_7
streamkey,#mp_shipment_s4_xmstrtree_7_8
streamkey,#mp_shipment_s4_xmstrtree_7_9
streamkey,#mp_shipment_s4_xmstrtree_8_0
streamkey,#mp_shipment_s4_xmstrtree_8_1
streamkey,#mp_shipment_s4_xmstrtree_8_10
streamkey,#mp_shipment_s4_xmstrtree_8_11
streamkey,#mp_shipment_s4_xmstrtree_8_12
streamkey,#mp_shipment_s4_xmstrtree_8_13
streamkey,#mp_shipment_s4_xmstrtree_8_14
streamkey,#mp_shipment_s4_xmstrtree_8_15
streamkey,#mp_shipment_s4_xmstrtree_8_16
streamkey,#mp_shipment_s4_xmstrtree_8_17
streamkey,#mp_shipment_s4_xmstrtree_8_18
streamkey,#mp_shipment_s4_xmstrtree_8_19
streamkey,#mp_shipment_s4_xmstrtree_8_2
streamkey,#mp_shipment_s4_xmstrtree_8_20
streamkey,#mp_shipment_s4_xmstrtree_8_3
streamkey,#mp_shipment_s4_xmstrtree_8_4
streamkey,#mp_shipment_s4_xmstrtree_8_5
streamkey,#mp_shipment_s4_xmstrtree_8_6
streamkey,#mp_shipment_s4_xmstrtree_8_7
streamkey,#mp_shipment_s4_xmstrtree_8_8
streamkey,#mp_shipment_s4_xmstrtree_8_9
streamkey,#mp_shipment_s4_xmstrtree_9_0
streamkey,#mp_shipment_s4_xmstrtree_9_1
streamkey,#mp_shipment_s4_xmstrtree_9_10
streamkey,#mp_shipment_s4_xmstrtree_9_11
streamkey,#mp_shipment_s4_xmstrtree_9_12
streamkey,#mp_shipment_s4_xmstrtree_9_13
streamkey,#mp_shipment_s4_xmstrtree_9_14
streamkey,#mp_shipment_s4_xmstrtree_9_15
streamkey,#mp_shipment_s4_xmstrtree_9_16
streamkey,#mp_shipment_s4_xmstrtree_9_17
streamkey,#mp_shipment_s4_xmstrtree_9_18
streamkey,#mp_shipment_s4_xmstrtree_9_19
streamkey,#mp_shipment_s4_xmstrtree_9_2
streamkey,#mp_shipment_s4_xmstrtree_9_20
streamkey,#mp_shipment_s4_xmstrtree_9_3
streamkey,#mp_shipment_s4_xmstrtree_9_4
streamkey,#mp_shipment_s4_xmstrtree_9_5
streamkey,#mp_shipment_s4_xmstrtree_9_6
streamkey,#mp_shipment_s4_xmstrtree_9_7
streamkey,#mp_shipment_s4_xmstrtree_9_8
streamkey,#mp_shipment_s4_xmstrtree_9_9
soundbank,#mp_shipment_s4.all
image,#$white
image,#$black
decalvolumematerial,#i/decal_s4_jpn_beach_sand_smooth_01
decalvolumematerial,#i/s4_jpn_moss_02_im
decalvolumematerial,#i/vfx_decal_glass_debris_ground
image,#vfx_decal_oil_pool_1_c&vfx_fluid_common_oil_2_s~7572688529131676177
image,#vfx_decal_oil_pool_1_n&vfx_fluid_common_oil_1_g~16039336785517297350
image,#vfx_decal_oil_pool_1_c~13549775499415118777
decalvolumematerial,#i/vfx_decal_oil_pool_1_nodissolve
techset,#cust_2_2d_rpl_ta0_0_0_0_0_0
material,#compass_map_mp_shipment_s4
techset,#elcq/effect_6_effect_bad_tca_181049024_0_0_1_0_0_80107_0_0_3_0_0
material,#elcq/vfx_debris_filler_b_atl_rad_blur
techset,#elcq/effect_6_effect_bad_tca_181049022_0_0_1_0_0_8002f_0_0_3_0_0
material,#elcq/vfx_debris_wood_splinter_b_atl
material,#elcq/vfx_debris_wood_splinters_sheet_1
techset,#elcq/dist_10_distortion_rpl_ta1_2_0_0_0_0
material,#elcq/vfx_dist_radial_heavy_1
techset,#elcq/effect_6_effect_bad_ta0_181049022_0_0_1_0_0_2f_0_0_2_0_0
material,#elcq/vfx_fluid_viscous_oil_droplet_altas_01
techset,#elcq/effect_6_effect_bad_ta0_181048024_0_0_1_0_0_107_0_0_2_0_0
material,#elcq/vfx_fluid_water_foam_thick_card_1
techset,#elcq/effect_6_effect_bad_ta0_181048022_0_0_1_0_0_2f_0_0_2_0_0
image,#vfx_fluid_splash_2_c~17871128987071764555
material,#elcq/vfx_fluid_water_splash_2
techset,#elcq/effect_6_effect_bad_ta0_20181068024_0_0_1_0_0_107_0_0_2_0_0
material,#elcq/vfx_mat_breaking_wave_01
techset,#elcq/effect_6_effect_bad_ta0_18104b024_0_0_1_0_0_7_0_0_2_0_0
material,#elcq/vfx_snake_wind_a
image,#vfx_snake_wind_g~14778450118802658236
material,#elcq/vfx_snake_wind_b
techset,#elcq/effect_6_effect_bad_tca_18104b024_0_0_1_0_0_80107_0_0_3_0_0
material,#elcq/vfx_vol_dust_ground_snake_anim_2
material,#elcq/vfx_vol_dust_impact_fxelem_anim_2
techset,#elcqp/effect_6_effect_bad_tca_181049024_0_0_1_0_0_c0013_0_0_3_0_0
image,#vfx_pyro_spark_burst_core_sheet_1_c~15353416675097702302
material,#elcqp/vfx_pyro_spark_burst_core_sheet_1
techset,#null
material,#i/decal_s4_jpn_beach_sand_smooth_01
material,#i/s4_jpn_moss_02_im
material,#i/vfx_decal_glass_debris_ground
material,#i/vfx_decal_oil_pool_1_nodissolve
techset,#m2o/lit_3_lit_rpl_ta1_60000000000002_0_0_1_0_0_72900ef_0_0_1_0_0
material,#m2o/military_hq_antenna_01
techset,#m2o/lit_3_lit_rpl_ta1_20200000000002_0_0_4_0_0_72000ef_0_0_1_0_0_0_1072000ef_0_0_2_0_0_0_1073000ef_0_0_2_0_0_0_1072000ef_3_1_2_0_0
material,#m2o/military_hq_crate_01
techset,#m2o/lit_3_lit_rpl_ta1_20200000000002_0_0_3_0_0_72000ef_0_0_1_0_0_0_1072000ef_0_0_2_0_0_0_1073000ef_0_0_2_0_0
material,#m2o/military_hq_crate_01_lod
techset,#m2o/lit_3_lit_rpl_ta1_20000000000002_0_0_2_0_0_72000ef_0_0_1_0_0_0_730006f_2_1_2_0_0
image,#micro_plastic_simple_01_c~2848910341820800744
image,#plastic_micro_01_n&white~2249008690626091718
material,#m2o/un_office_hard_drive_large_01_plastic_03
material,#m2o/un_office_hard_drive_large_01_plastic_03_lod
techset,#mco/lit_3_lit_rpl_ta1_20000000000002_0_0_1_0_0_72000ef_0_0_1_0_0
material,#mco/base_wood_planks_splintered
techset,#mco/lit_3_lit_rpl_ta1_20000000000002_0_0_2_0_0_72000ef_0_0_1_0_0_0_1072000ef_2_1_2_0_0
material,#mco/bombsite_crate_01_foam
material,#mco/bombsite_crate_01_foam_lod
material,#mco/day_wood_beam_interior_01
techset,#mco/lit_3_lit_alt_tom_224000000000002_0_0_1_0_0_723c0ef_0_0_4_0_0
image,#flag_neutral_nml&flag_neutral_spc~4870293283494976394
material,#mco/mtl_highway_flag0
techset,#mco/lit_3_lit_rpl_ta1_20200000000002_0_0_4_0_0_72000ef_0_0_1_0_0_0_72000ef_0_0_2_0_0_0_72000ef_0_0_2_0_0_0_72000ef_0_0_2_0_0
image,#s4_wood_clean_macro_01_c&s4_wood_clean_macro_01_s~14048935021433125815
image,#s4_wood_clean_macro_01_n&s4_wood_clean_macro_01_g~16680998707934350783
image,#s4_wood_clean_macro_01_r~5924387745592985817
material,#mco/mtl_s4_barrel_wood_small_01
techset,#mco/lit_3_lit_rpl_ta1_20200000000002_0_0_4_0_0_72000ef_0_0_1_0_0_0_72000ef_0_0_2_0_0_0_72000ef_2_0_2_0_0_0_72000ef_0_1_2_0_0
image,#s4_wood_old_macro_01_c&s4_wood_old_macro_01_s~1135338309514503395
image,#s4_concrete_dirty_macro_01_c&s4_concrete_dirty_macro_01_s~5084587099858888337
image,#s4_wood_old_macro_01_n&s4_wood_old_macro_01_g~16765574833187914949
image,#s4_concrete_dirty_macro_01_n&s4_concrete_dirty_macro_01_g~15872338279262956105
image,#s4_wood_old_macro_01_r~1647823045471852467
image,#s4_concrete_dirty_macro_01_r~9146045663913916764
material,#mco/mtl_s4_crate_wood_large_02
techset,#mco/lit_3_lit_rpl_ta1_20200000000002_0_0_3_0_0_72000ef_0_0_1_0_0_0_72000eb_0_1_2_0_0_0_72000eb_0_1_2_0_0
image,#s4_wood_base_micro_03_n&s4_wood_base_micro_03_o&s4_wood_base_micro_03_g~2839531702850708643
material,#mco/mtl_s4_crate_wood_small_01
material,#mco/mtl_s4_jpn_water_canteen_01
material,#mco/mtl_s4_rus_sleeping_bag_01
techset,#mco/lit_3_lit_rpl_ta1_20000000000002_0_0_2_0_0_72000ef_0_0_1_0_0_0_72000eb_0_1_2_0_0
material,#mco/mtl_suv_gamma503_unique_b
material,#mco/mtl_suv_gamma503_unique_b_des
techset,#mo/lit_3_lit_rpl_ta1_20000000000002_0_0_1_0_0_72000ef_0_0_1_0_0
material,#mo/base_wood_planks_splintered
material,#mo/base_wood_planks_splintered_vertical
techset,#mo/lit_3_lit_rpl_ta1_20200000000002_0_0_2_0_0_72000ef_0_0_1_0_0_0_720006f_2_1_2_0_0
image,#gray~7448034130757587048
image,#plastic_bump_01_n&white~7909465856034877148
material,#mo/bombsite_crate_01
techset,#mo/lit_3_lit_rpl_ta1_20000000000002_0_0_2_0_0_72000ef_0_0_1_0_0_0_1072000ef_2_1_2_0_0
material,#mo/bombsite_crate_01_foam
techset,#mo/lit_3_lit_rpl_ta1_20200000000002_0_0_3_0_0_72000ef_0_0_1_0_0_0_720006f_2_1_2_0_0_0_1072000e7_2_0_2_0_0
image,#white&defaultspec~11373743600841043981
material,#mo/bombsite_crate_01_green
techset,#mo/lit_3_lit_rpl_ta1_20200000000002_0_0_2_0_0_72000ef_0_0_1_0_0_0_1072000e7_2_0_2_0_0
material,#mo/bombsite_crate_01_green_lod
material,#mo/bombsite_crate_01_lod
material,#mo/me_gas_lantern_01
techset,#mo/lit_3_lit_rpl_ta1_120000000000002_0_0_1_0_0_72000ff_0_0_1_0_0
material,#mo/me_gas_lantern_01_emis
techset,#mo/lit_3_lit_bar_ta1_1_0_0_1_0_0_72003ef_0_0_1_0_0
material,#mo/me_gas_lantern_01_glass
material,#mo/military_cp_crafting_crate_wood
material,#mo/military_cp_crafting_crate_wood_lod
material,#mo/military_cp_crafting_crate_wood_metal
techset,#mo/lit_3_lit_alt_tca_420000000000002_0_0_1_0_0_72000ef_0_0_3_0_0
material,#mo/military_cp_crafting_crate_wood_nails
material,#mo/military_hq_crate_01_proxy
techset,#mo/lit_3_lit_rpl_ta1_20004000000002_0_0_2_0_0_72900ff_0_0_1_0_0_0_72000ff_0_0_2_0_0
image,#misc_carepackage_friendly_server_c&misc_carepackage_friendly_server_s~3173609317097699924
image,#misc_carepackage_friendly_server_n&misc_carepackage_friendly_server_g~6420135551115318614
image,#misc_carepackage_friendly_server_e~7439341165700085073
material,#mo/misc_carepackage_friendly
techset,#mo/lit_3_lit_alt_tca_620804000000002_0_0_1_0_0_72900ff_0_0_3_0_0
image,#misc_carepackage_friendly_decals_c&misc_carepackage_friendly_decals_s~8218099020340996028
image,#misc_carepackage_friendly_decals_n&misc_carepackage_friendly_decals_g~7516238363716884265
image,#misc_carepackage_friendly_decals_e~5010910461848994147
image,#misc_carepackage_friendly_a~4766305020289742630
image,#misc_carepackage_friendly_decals_thermalmap
material,#mo/misc_carepackage_friendly_decals
techset,#mo/lit_3_lit_rpl_ta1_20004000000002_0_0_1_0_0_72000ef_0_0_1_0_0
image,#macro_wood_plywood_01_c&defaultspec~1332860190271679758
image,#macro_wood_plywood_01_n&macro_wood_plywood_01_g~15257927041236429370
material,#mo/misc_carepackage_friendly_wood
material,#mo/mtl_aac_cardboard_box_01
material,#mo/mtl_cob_tire_01
material,#mo/mtl_dun_wood_palette_01
material,#mo/mtl_farmtools_shovels_01
material,#mo/mtl_gen_bomb_site_bomb
techset,#mo/lit_3_lit_rpl_ta1_20200000000002_0_0_4_0_0_72000ef_0_0_1_0_0_0_72000ef_0_1_2_0_0_0_72000ef_0_1_2_0_0_0_1072000ef_0_1_2_0_0
image,#s4_metal_painted_base_macro_01_c&s4_metal_painted_base_macro_01_s~13669662130053413350
image,#s4_dust_micro_01_c&defaultspec~7299752353329622075
image,#s4_metal_painted_base_macro_01_n&s4_metal_painted_base_macro_01_g~2500531530795983847
image,#s4_dust_micro_01_n&s4_dust_micro_01_g~666163889207829881
image,#s4_metal_painted_base_macro_01_g~3561117203705149647
material,#mo/mtl_gen_bomb_site_wood
material,#mo/mtl_ger_ammo_88flak
material,#mo/mtl_lon_create_set_02
material,#mo/mtl_lon_create_set_08
material,#mo/mtl_mp_hub_allies_brit_flood_light_01
material,#mo/mtl_p7_crate_wood_01
material,#mo/mtl_plastic_case_beige_big_iw6
techset,#mo/lit_3_lit_alt_ta1_1020000000000002_0_0_1_0_0_72000ef_0_0_1_0_0
material,#mo/mtl_plastic_case_beige_big_tags_iw6
material,#mo/mtl_s4_afr_ger_barrel_02
techset,#mo/lit_3_lit_rpl_ta1_20000000000002_0_0_1_0_0_72001ef_0_0_1_0_0
material,#mo/mtl_s4_afr_ger_barrel_destroyed_02
techset,#mo/lit_3_lit_alt_ta1_220000000000002_0_0_4_0_0_72002e7_0_0_1_0_0_0_1072000ef_0_0_2_0_0_0_1072000ef_0_0_2_0_0_0_1072000ef_0_0_2_0_0
material,#mo/mtl_s4_cloth_small_01
material,#mo/mtl_s4_fra_toy_duck_01
material,#mo/mtl_s4_ger_cardboard_box_01
material,#mo/mtl_s4_ger_container_ammo_metal_01
techset,#mo/lit_3_lit_rpl_ta1_20200000000002_0_0_2_0_0_72000ef_0_0_1_0_0_0_72000ef_0_0_2_0_0
material,#mo/mtl_s4_ger_container_ammo_metal_01_sand
material,#mo/mtl_s4_ger_jerry_can_01_water
material,#mo/mtl_s4_ger_toolbox_open_full_01
material,#mo/mtl_s4_ger_toolbox_open_full_01_02
material,#mo/mtl_s4_ger_water_bucket_01
material,#mo/mtl_s4_jpn_gav_barrier_wood_128x34_01
material,#mo/mtl_s4_jpn_gav_barrier_wood_128x34_01_new
techset,#mo/lit_3_lit_rpl_ta1_20200000000002_0_0_4_0_0_72000eb_0_0_1_0_0_0_1072000ef_0_1_2_0_0_0_72000ef_0_1_2_0_0_0_72000ef_0_1_2_0_0
image,#s4_wood_rough_01_c&s4_wood_rough_01_s~13651542114867212690
image,#s4_wood_rough_01_n&s4_wood_rough_01_g~10830282557411314371
image,#s4_wood_rough_01_r~17051367049705653260
material,#mo/mtl_s4_rus_crate_set_07
material,#mo/mtl_s4_rus_fruit_01_box
material,#mo/mtl_s4_rus_fruit_01_part1
material,#mo/mtl_s4_rus_fruit_01_part1_rotten
material,#mo/mtl_s4_rus_fruit_01_part2
material,#mo/mtl_s4_rus_fruit_01_part2_rotten
material,#mo/mtl_s4_rus_medical_supplies_01
material,#mo/mtl_s4_usa_dolly_01
image,#s4_wood_plywood_micro_02_c&defaultspec~9633597302649655957
image,#s4_wood_plywood_micro_02_n&s4_wood_plywood_micro_02_g~6066232354578231105
material,#mo/mtl_s4_wood_plywood_micro_02
techset,#mo/lit_3_lit_rpl_ta1_20200000000002_0_0_3_0_0_72000ef_0_0_1_0_0_0_72000eb_0_1_2_0_0_0_1072000ef_0_0_2_0_0
image,#s4_metal_base_rough_micro_02_n&s4_metal_base_rough_micro_02_g~15915188531164345424
material,#mo/mtl_suv_gamma503_floor
techset,#mo/lit_3_lit_rpl_ta1_20200000000002_0_0_3_0_0_72000ef_0_0_1_0_0_0_72000eb_3_1_2_0_0_0_1072000ef_0_0_2_0_0
image,#veh_shared_macro_ash_01_c&defaultspec~16457129176046025796
image,#veh_shared_macro_ash_01_n&veh_shared_macro_ash_01_g~17067270776516473783
image,#veh_macro_grunge_01_utility~12702175823357264343
image,#veh_macro_grunge_01_utility~17297948480184727253
material,#mo/mtl_suv_gamma503_floor_des
techset,#mo/lit_3_lit_bar_ta1_200000000000001_0_0_1_0_0_72003ef_0_0_1_0_0
material,#mo/mtl_suv_gamma503_glass
material,#mo/mtl_suv_gamma503_glass_des
techset,#mo/lit_3_lit_rpl_ta1_20200000000002_0_0_4_0_0_72000ef_0_0_1_0_0_0_72000eb_0_1_2_0_0_0_72000ef_0_0_2_0_0_0_1072000ef_0_0_2_0_0
image,#s4_metal_rust_macro_01_n&s4_metal_rust_macro_01_g~7602412143225044556
image,#s4_metal_rust_macro_01_r~15036977860259553396
image,#s4_metal_rust_macro_01_m~1629525105834870091
material,#mo/mtl_suv_gamma503_suspension_a
material,#mo/mtl_suv_gamma503_suspension_a_des
techset,#mo/lit_3_lit_rpl_ta1_20200000000002_0_0_4_0_0_72000ef_0_0_1_0_0_0_72000eb_0_1_2_0_0_0_72000ef_0_1_2_0_0_0_1072000ef_0_0_2_0_0
material,#mo/mtl_suv_gamma503_suspension_b
techset,#mo/lit_3_lit_rpl_ta1_20000000000002_0_0_2_0_0_72000ef_0_0_1_0_0_0_72000eb_3_1_2_0_0
material,#mo/mtl_suv_gamma503_suspension_b_des
image,#white&black~8283417353403272427
material,#mo/mtl_suv_gamma503_tile_paint_a
material,#mo/mtl_suv_gamma503_tile_paint_a_des
material,#mo/mtl_suv_gamma503_tile_paint_b
material,#mo/mtl_suv_gamma503_tile_paint_b_des
material,#mo/mtl_suv_gamma503_tile_paint_c
material,#mo/mtl_suv_gamma503_tile_paint_c_des
material,#mo/mtl_suv_gamma503_tile_paint_d
material,#mo/mtl_suv_gamma503_tile_paint_d_des
material,#mo/mtl_suv_gamma503_tile_paint_e
material,#mo/mtl_suv_gamma503_tile_paint_e_des
material,#mo/mtl_suv_gamma503_tile_paint_f
material,#mo/mtl_suv_gamma503_tile_paint_f_des
material,#mo/mtl_suv_gamma503_tire
material,#mo/mtl_suv_gamma503_tire_des
material,#mo/mtl_suv_gamma503_unique_a
material,#mo/mtl_suv_gamma503_unique_a_des
material,#mo/mtl_suv_gamma503_unique_a_desert
material,#mo/mtl_suv_gamma503_wheel
material,#mo/mtl_suv_gamma503_wheel_des
material,#mo/mtl_test_sphere_silver
material,#mo/mtl_usa_medical_supplies_01
techset,#mo/lit_3_lit_rpl_ta1_120000000000002_0_0_1_0_0_72000f7_0_0_1_0_0
material,#mo/mtl_zmb_light_post_02_emissive
material,#mo/un_industrial_wooden_pallet_01
techset,#tm2co/lit_3_lit_rpl_ta1_20000000000002_0_0_2_0_0_72000ef_0_0_1_0_0_0_73000ef_0_0_2_0_0
material,#tm2co/bldg_rileys_base
techset,#tm2o/lit_3_lit_rpl_ta1_20000000000002_0_0_2_0_0_72000ef_0_0_1_0_0_0_73000ef_0_0_2_0_0
material,#tm2o/bldg_rileys_base
material,#tm2o/uk_shipping_crate_wood_01
techset,#tmco/lit_3_lit_alt_tca_420000000000002_0_0_1_0_0_72000ef_0_0_3_0_0
material,#tmco/dirt_mud_footprints_01_rvl
techset,#tmco/lit_3_lit_rpl_ta1_20000000000002_0_0_2_0_0_72000ef_0_0_1_0_0_0_1072000ef_0_0_2_0_0
material,#tmco/ee_buildings_industrial_radiotower_01
material,#tmco/ee_buildings_industrial_radiotower_01_red
techset,#tmco/lit_3_lit_rpl_ta1_20000000000002_0_0_1_0_0_72000ef_0_0_1_0_0
material,#tmco/ee_buildings_industrial_radiotower_01_rope
techset,#tmco/lit_3_lit_rpl_ta1_20000000000002_0_0_2_0_0_72000ef_0_0_1_0_0_0_1072000ef_0_1_2_0_0
material,#tmco/ee_buildings_industrial_radiotower_diamon_pattern_01
material,#tmco/ee_buildings_industrial_radiotower_metal_fence_01
material,#tmco/ee_buildings_industrial_radiotower_unique_01
material,#tmco/ee_buildings_industrial_radiotower_unique_01_red
material,#tmco/mtl_cob_tire_01
techset,#tmco/lit_3_lit_rpl_ta1_20200000000002_0_0_4_0_0_72000ef_0_0_1_0_0_0_72000ef_0_0_2_0_0_0_1072000ef_0_0_2_0_0_0_72000ef_0_1_2_0_0
material,#tmco/mtl_halftrack_crane_metal2
techset,#tmco/lit_3_lit_rpl_ta1_2000000000000a_0_0_1_0_0_72000ef_0_0_1_0_0
image,#mtl_me_shovel_00_c&mtl_me_shovel_00_s~17833679096809726767
image,#mtl_me_shovel_00_n&mtl_me_shovel_00_o&mtl_me_shovel_00_g~4780208423821959271
material,#tmco/mtl_me_shovel_00
techset,#tmco/lit_3_lit_rpl_ta1_20000000400002_0_0_1_0_0_72002ef_0_0_1_0_0
material,#tmco/mtl_mkg_foliage_tree_palm_coconut_trunk_base_wnd
techset,#tmco/lit_3_lit_bad_tca_400000_0_0_1_0_0_72002ef_0_0_3_0_0
material,#tmco/mtl_mkg_foliage_tree_palm_coconut_trunk_dec_wnd
material,#tmco/mtl_mkg_foliage_tree_palm_coconut_trunk_wnd
techset,#tmco/lit_3_lit_alt_ta1_1224009000000003_0_0_1_0_0_7200aef_0_0_1_0_0
material,#tmco/mtl_s4_foliage_poppy_flower_vista_01_flag
material,#tmco/mtl_s4_ger_checkpoint_hut_barrier_01_01
material,#tmco/mtl_s4_ger_checkpoint_hut_barrier_01_02
material,#tmco/mtl_s4_ger_crate_ammo_01_desert
techset,#tmco/lit_3_lit_alt_ta1_1224000000000002_0_0_1_0_0_72002ef_0_0_1_0_0
material,#tmco/mtl_s4_jpn_bgv_foliage_tree_coconut_palm_fronds_dmg_02_wnd
material,#tmco/mtl_s4_jpn_bgv_foliage_tree_coconut_palm_fronds_wnd
techset,#tmco/lit_3_lit_alt_ta1_1220000000000002_0_0_1_0_0_72000ef_0_0_1_0_0
material,#tmco/mtl_s4_jpn_bgv_foliage_tree_coconut_palm_leaves_dmg_01
material,#tmco/mtl_s4_jpn_bgv_foliage_tree_coconut_palm_trunk
techset,#tmco/lit_3_lit_rpl_ta1_20000000000002_0_0_1_0_0_72000e7_0_0_1_0_0
material,#tmco/mtl_s4_jpn_bgv_foliage_tree_coconut_palm_trunk_02
material,#tmco/mtl_s4_jpn_bgv_foliage_tree_coconut_palm_trunk_down
material,#tmco/mtl_s4_jpn_grass_green_03
techset,#tmco/lit_3_lit_alt_ta1_220000000000003_0_0_1_0_0_72000ef_0_0_1_0_0
material,#tmco/mtl_s4_jpn_herbweed_dead
techset,#tmco/lit_3_lit_alt_ta1_1224009000400003_0_0_1_0_0_72002ef_0_0_1_0_0
material,#tmco/mtl_s4_rus_foliage_grass_dry_01
material,#tmco/mtl_s4_rus_sandbag_01
techset,#tmco/lit_3_lit_rpl_ta1_20000000000002_0_0_2_0_0_72000ef_0_0_1_0_0_0_72000eb_0_1_2_0_0
material,#tmco/mtl_suv_gamma503_unique_b
techset,#tmco/lit_3_lit_rpl_ta1_20200000000002_0_0_4_0_0_72000ef_0_0_1_0_0_0_72000ef_0_1_2_0_0_0_72000ef_0_1_2_0_0_0_1072000ef_0_1_2_0_0
material,#tmco/mtl_train_crane_painted_arm
techset,#tmo/lit_3_lit_rpl_ta1_20200000000002_0_0_2_0_0_72000ef_0_0_1_0_0_0_1072000ef_0_0_2_0_0
material,#tmo/awning_cloth_universal_set_green_striped_01
techset,#tmo/lit_3_lit_rpl_ta1_20000000000002_0_0_1_0_0_72000ef_0_0_1_0_0
material,#tmo/base_wood_fine_trim_03
material,#tmo/base_wood_planks_splintered
techset,#tmo/lit_3_lit_rpl_ta1_20200000000002_0_0_2_0_0_72000ef_0_0_1_0_0_0_720006f_2_1_2_0_0
material,#tmo/bombsite_crate_01
techset,#tmo/lit_3_lit_rpl_ta1_20000000000002_0_0_2_0_0_72000ef_0_0_1_0_0_0_1072000ef_2_1_2_0_0
material,#tmo/bombsite_crate_01_foam
techset,#tmo/lit_3_lit_rpl_ta1_20200000000002_0_0_3_0_0_72000ef_0_0_1_0_0_0_720006f_2_1_2_0_0_0_1072000e7_2_0_2_0_0
material,#tmo/bombsite_crate_01_green
material,#tmo/brick_beige_trim_light_01
techset,#tmo/lit_3_lit_alt_ta1_1224000000400003_0_0_1_0_0_7200aef_0_0_1_0_0
material,#tmo/common_fern_01_flag
material,#tmo/concrete_bare_01
material,#tmo/construction_com_water_tank_ladder_01
image,#identitynormalmap&white~2545155271184416606
material,#tmo/cp_disco_glass_beer_bottle_fn_01_glass
techset,#tmo/lit_3_lit_rpl_ta1_1020000000000002_0_0_1_0_0_72000ef_0_0_1_0_0
material,#tmo/ee_buildings_industrial_radiotower_ladder_01
material,#tmo/greece_plaster_wall_01
material,#tmo/greece_plaster_wall_03
techset,#tmo/card_8_lit_card_rpl_ta1_32_0_0_0_0
material,#tmo/li_mtl_mkg_foliage_plant_areca_hvy_wnd_proxy
techset,#tmo/card_8_lit_card_rpl_ta1_22_0_0_0_0
material,#tmo/li_mtl_mkg_vista_jungle_cluster_01_proxy
techset,#tmo/card_8_lit_card_rpl_ta1_23_0_0_0_0
material,#tmo/li_mtl_mkg_vista_jungle_cluster_02_proxy
material,#tmo/li_mtl_ndy_seaweed_cluster_01_sand_wet_proxy
techset,#tmo/card_8_lit_card_rpl_ta1_33_0_0_0_0
material,#tmo/li_mtl_s4_bgv_foliage_tree_date_palm_01_proxy
material,#tmo/li_mtl_s4_foliage_poppy_flower_vista_01_proxy
material,#tmo/li_mtl_s4_jpn_grass_green_03_proxy
material,#tmo/li_mtl_s4_jpn_herbweed_dead_proxy
material,#tmo/li_mtl_s4_zm_jpn_foliage_tree_palm_coconut_tall_vista_proxy
material,#tmo/li_mtl_vie_foliage_elephant_ear_01_a_wnd_proxy
material,#tmo/lm_tree_dead_branch_02
techset,#tmo/lit_3_lit_alt_ta1_220000000400003_0_0_1_0_0_72002ef_0_0_1_0_0
material,#tmo/me_foliage_tree_palm_dead_01_billboard
techset,#tmo/lit_3_lit_alt_ta1_1220000000400003_0_0_1_0_0_72002ef_0_0_1_0_0
material,#tmo/me_foliage_tree_palm_dead_02_billboard
material,#tmo/me_traffic_cone_01_base
material,#tmo/me_traffic_cone_01_top
material,#tmo/me_wiring_mp_faridah_01_nontrans
techset,#tmo/lit_3_lit_rpl_ta1_20000000000002_0_0_2_0_0_72900ff_0_0_1_0_0_0_72000ff_0_0_2_0_0
material,#tmo/misc_carepackage_friendly
techset,#tmo/lit_3_lit_alt_tca_620800000000002_0_0_1_0_0_72900ff_0_0_3_0_0
material,#tmo/misc_carepackage_friendly_decals
material,#tmo/misc_carepackage_friendly_wood
techset,#tmo/lit_3_lit_alt_ta1_1220000000400003_0_0_1_0_0_7200aef_0_0_1_0_0
material,#tmo/mkg_foliage_tree_date_palm_fronds_wnd
techset,#tmo/lit_3_lit_rpl_ta1_20000000400002_0_0_1_0_0_72002ef_0_0_1_0_0
material,#tmo/mkg_foliage_tree_date_palm_trunk_wnd
material,#tmo/mtl_ach_sandbag_cover_01
material,#tmo/mtl_ach_sandbag_cover_01_dust
material,#tmo/mtl_barrier_sandbags_01
material,#tmo/mtl_bsh_lifeboat_crane_arm_01
material,#tmo/mtl_bsh_rope
techset,#tmo/lit_3_lit_alt_ta1_1020000000000002_0_0_1_0_0_72000ef_0_0_1_0_0
material,#tmo/mtl_bsh_ship_destroyer_vista_01
techset,#tmo/lit_3_lit_alt_ta1_220000000000002_0_0_1_0_0_72000e7_0_0_1_0_0
material,#tmo/mtl_btr_crane_scaffold
material,#tmo/mtl_btr_oldtown_window_04
techset,#tmo/lit_3_lit_rpl_ta1_20000000000002_0_0_1_0_0_72000e7_0_0_1_0_0
material,#tmo/mtl_btr_vista_crane
material,#tmo/mtl_cob_ladder_wooden_01
techset,#tmo/lit_3_lit_rpl_ta1_220000000000002_0_0_1_0_0_72000ef_0_0_1_0_0
material,#tmo/mtl_construction_building_wooden_palette_02
techset,#tmo/lit_3_lit_rpl_ta1_220200000000002_0_0_2_0_0_72002ef_0_0_1_0_0_0_1072000ef_0_0_2_0_0
material,#tmo/mtl_construction_building_wooden_palette_02_desert
material,#tmo/mtl_det_beach_ball_01
material,#tmo/mtl_dun_belongings_book_01
material,#tmo/mtl_dun_boat_black_paint
material,#tmo/mtl_dun_boat_glass
material,#tmo/mtl_dun_boat_red_paint
material,#tmo/mtl_dun_boat_ship_parts_atlas_01
material,#tmo/mtl_dun_boat_ship_parts_atlas_02
material,#tmo/mtl_dun_boat_trawler_01_black_paint
material,#tmo/mtl_dun_boat_trawler_01_details
material,#tmo/mtl_dun_boat_white_paint
material,#tmo/mtl_dun_boat_wood_planks
material,#tmo/mtl_dun_boat_wood_tile
material,#tmo/mtl_dun_boat_yacht_01
material,#tmo/mtl_dun_boat_yacht_01_glass
material,#tmo/mtl_dun_boat_yacht_01_paint_01
material,#tmo/mtl_dun_boat_yacht_01_paint_02
material,#tmo/mtl_dun_pan_chafer_metal_02
material,#tmo/mtl_dun_tarp_beach_01_sand
material,#tmo/mtl_dun_wood_palette_01
material,#tmo/mtl_egy_rock_cluster_sand_01
techset,#tmo/lit_3_lit_alt_ta1_1220000000000002_0_0_1_0_0_72000ef_0_0_1_0_0
material,#tmo/mtl_foliage_s2_gc_roundleaf_mallow_01
material,#tmo/mtl_gen_bomb_site_bomb
techset,#tmo/lit_3_lit_rpl_ta1_20200000000002_0_0_4_0_0_72000ef_0_0_1_0_0_0_72000ef_0_1_2_0_0_0_72000ef_0_1_2_0_0_0_1072000ef_0_1_2_0_0
material,#tmo/mtl_gen_bomb_site_wood
material,#tmo/mtl_ger_ammo_88flak
material,#tmo/mtl_ger_ammo_box_small_01
material,#tmo/mtl_ger_barbed_wire_01
material,#tmo/mtl_ger_barbed_wire_posts_01
material,#tmo/mtl_ger_hedgehog_01_sand_dry
material,#tmo/mtl_ger_hedgehog_02_sand_dry
material,#tmo/mtl_ger_tools_01
material,#tmo/mtl_gib_antenna_01
material,#tmo/mtl_glass_beer_bottle_fn_01
material,#tmo/mtl_greece_conf_cntr_furniture_01
material,#tmo/mtl_greece_poolside_lounger_01
techset,#tmo/lit_3_lit_bad_ta1_0_0_0_1_0_0_72001ef_0_0_1_0_0
material,#tmo/mtl_halftrack_crane_glass
techset,#tmo/lit_3_lit_rpl_ta1_20200000000002_0_0_4_0_0_72000ef_0_0_1_0_0_0_72000ef_0_0_2_0_0_0_1072000ef_0_0_2_0_0_0_72000ef_0_1_2_0_0
material,#tmo/mtl_halftrack_crane_metal
material,#tmo/mtl_halftrack_crane_parts
material,#tmo/mtl_halftrack_crane_track
techset,#tmo/lit_3_lit_rpl_ta1_20000000000002_0_0_1_0_0_72000f7_0_0_1_0_0
material,#tmo/mtl_hr2_vista_bldgs_01_a
material,#tmo/mtl_hr2_vista_bldgs_01_grp_a
material,#tmo/mtl_hr2_vista_bldgs_01_grp_c
material,#tmo/mtl_hr2_vista_bldgs_01_grp_d
material,#tmo/mtl_hub_summer_grill_01
material,#tmo/mtl_hub_summer_surfboard_01
material,#tmo/mtl_hub_summer_surfboard_01_b
material,#tmo/mtl_hub_summer_surfboard_02
material,#tmo/mtl_hub_summer_surfboard_02_b
material,#tmo/mtl_hur_paper_garbage_01_dust
material,#tmo/mtl_hur_paper_garbage_02
material,#tmo/mtl_hur_paper_garbage_02_dust
material,#tmo/mtl_hur_tent_01
material,#tmo/mtl_hur_tent_02
material,#tmo/mtl_hur_tent_lrg_01
material,#tmo/mtl_hur_tent_lrg_02
material,#tmo/mtl_hur_tent_lrg_03a
material,#tmo/mtl_hur_tent_lrg_03b
material,#tmo/mtl_hur_tent_lrg_04
material,#tmo/mtl_hur_tent_med
material,#tmo/mtl_hur_tent_mess
material,#tmo/mtl_lon_air_drop_can_01
material,#tmo/mtl_lon_create_set_02
material,#tmo/mtl_lon_create_set_04
material,#tmo/mtl_lon_create_set_04_green
material,#tmo/mtl_lon_create_set_04a_green
material,#tmo/mtl_lon_create_set_05
material,#tmo/mtl_lon_create_set_05_green
material,#tmo/mtl_lon_create_set_05a_green
material,#tmo/mtl_lon_create_set_07
material,#tmo/mtl_lon_jeep_crate_01
material,#tmo/mtl_lon_jeep_crate_01_dark
techset,#tmo/lit_3_lit_alt_ta1_1020000000400002_0_0_1_0_0_72000ef_0_0_1_0_0
material,#tmo/mtl_mkg_foliage_dead_leaf_debris_01
techset,#tmo/lit_3_lit_alt_ta1_1220000000000002_0_0_1_0_0_72002ef_0_0_1_0_0
material,#tmo/mtl_mkg_foliage_tree_palm_coconut_fibers_01_wnd
techset,#tmo/lit_3_lit_alt_ta1_1220000000400003_0_0_1_0_0_72003ef_0_0_1_0_0
material,#tmo/mtl_mkg_foliage_tree_palm_coconut_fronds_01
techset,#tmo/lit_3_lit_rpl_ta1_1020000000400002_0_0_1_0_0_72003ef_0_0_1_0_0
material,#tmo/mtl_mkg_foliage_tree_palm_coconut_fronds_01_no_alpha
material,#tmo/mtl_mkg_foliage_tree_palm_coconut_fronds_02
techset,#tmo/lit_3_lit_rpl_ta1_1020000000000003_0_0_1_0_0_7200aef_0_0_1_0_0
material,#tmo/mtl_mkg_foliage_tree_palm_coconut_fronds_02_no_alpha
material,#tmo/mtl_mkg_foliage_tree_palm_coconut_leaflets_wnd
material,#tmo/mtl_mkg_foliage_tree_palm_coconut_rachis_wnd
material,#tmo/mtl_mkg_foliage_tree_palm_coconut_trunk_base_wnd
material,#tmo/mtl_mkg_foliage_tree_palm_coconut_trunk_wnd
techset,#tmo/lit_3_lit_alt_ta1_1220000000400003_0_0_1_0_0_72001ef_0_0_1_0_0
material,#tmo/mtl_mkg_jungle_plant_01
material,#tmo/mtl_mp_hub_allies_lct_transport_alpha
material,#tmo/mtl_mp_hub_allies_lct_transport_baked_parts
material,#tmo/mtl_mp_hub_allies_lct_transport_basic_tile
material,#tmo/mtl_mp_hub_allies_lct_transport_red_tile
material,#tmo/mtl_mp_hub_allies_lct_transport_trim
material,#tmo/mtl_mp_hub_allies_supply_truck_vista_01
material,#tmo/mtl_ndy_rock_set_sml_01
material,#tmo/mtl_ndy_sand_clumps_01a
material,#tmo/mtl_ndy_seaweed_01
material,#tmo/mtl_ndy_seaweed_01_sand_wet
material,#tmo/mtl_ndy_seaweed_02
material,#tmo/mtl_ndy_seaweed_02_sand_wet
material,#tmo/mtl_ndy_seaweed_03
material,#tmo/mtl_ndy_seaweed_03_sand_wet
material,#tmo/mtl_ndy_usa_ship_arkansas_vista_01
material,#tmo/mtl_p7_zm_kin_bottle_beer
techset,#tmo/lit_3_lit_rpl_ta1_20000000000003_0_0_1_0_0_72001ef_0_0_1_0_0
material,#tmo/mtl_par_art_deco_sconces_02
material,#tmo/mtl_par_art_deco_sculpture_fixture_01
material,#tmo/mtl_par_art_deco_sculpture_fixture_02
material,#tmo/mtl_par_railing_wood_bannister_01
material,#tmo/mtl_pool_towel1_purple
material,#tmo/mtl_poolside_towel_01
material,#tmo/mtl_s4_afr_champhill_wood_crate_01
material,#tmo/mtl_s4_afr_ger_barrel_01
techset,#tmo/lit_3_lit_rpl_ta1_20200000000002_0_0_2_0_0_72002ef_0_0_1_0_0_0_1072000ef_0_0_2_0_0
material,#tmo/mtl_s4_afr_ger_barrel_01_desert
techset,#tmo/lit_3_lit_alt_ta1_20000000000002_0_0_1_0_0_72001ef_0_0_1_0_0
material,#tmo/mtl_s4_afr_ger_barrel_floater
techset,#tmo/lit_3_lit_bad_tca_200000000000_0_0_2_0_0_72003ef_0_0_3_0_0_0_1072000ef_0_0_2_0_0
material,#tmo/mtl_s4_afr_ger_barrel_floater_desert
material,#tmo/mtl_s4_afr_ger_buckel
material,#tmo/mtl_s4_afr_ger_buckel_desert_02
techset,#tmo/lit_3_lit_rpl_ta1_20000000000002_0_0_2_0_0_72000ef_0_0_1_0_0_0_72000ef_1_1_2_0_0
image,#s4_dust_rough_tiled_01_c&defaultspec~1576537717675568203
image,#s4_dust_rough_tiled_01_n&s4_dust_rough_tiled_01_g~17176711654108139507
image,#s4_dust_rough_tiled_01_r~10469971788173711619
material,#tmo/mtl_s4_afr_ger_straps
techset,#tmo/lit_3_lit_rpl_ta1_20200000000002_0_0_2_0_0_72002ef_0_0_1_0_0_0_1072002ef_0_1_2_0_0
material,#tmo/mtl_s4_afr_ger_straps_desert
material,#tmo/mtl_s4_ger_container_ammo_metal_01
material,#tmo/mtl_s4_ger_jerry_can_01_water
techset,#tmo/lit_3_lit_rpl_ta1_220000000000002_0_0_2_0_0_72000ef_0_0_1_0_0_0_1072000ef_0_1_2_0_0
material,#tmo/mtl_s4_ger_raid_cloth_tarp_01_desert
material,#tmo/mtl_s4_ger_toolbox_open_full_01
material,#tmo/mtl_s4_ger_toolbox_open_full_01_02
techset,#tmo/lit_3_lit_rpl_ta1_220000000000002_0_0_2_0_0_72000ef_0_0_1_0_0_0_720006b_2_1_2_0_0
image,#c_s4_micro_usa_generic_cloth_n&white~7328094573244006379
material,#tmo/mtl_s4_ger_tuscan_tarps_04_dust
material,#tmo/mtl_s4_ger_water_bucket_01
techset,#tmo/lit_3_lit_alt_ta1_1220000000400002_0_0_1_0_0_72002ef_0_0_1_0_0
material,#tmo/mtl_s4_jpn_beach_seaweed_set_01
material,#tmo/mtl_s4_jpn_bgv_foliage_tree_date_palm_01_frond_01_decal_faded
material,#tmo/mtl_s4_jpn_bgv_foliage_tree_date_palm_01_frond_01_yellow
techset,#tmo/lit_3_lit_alt_ta1_220200000000002_0_0_2_0_0_72002ef_0_0_1_0_0_0_72000eb_0_1_2_0_0
material,#tmo/mtl_s4_jpn_bgv_mangrove_palm_01
material,#tmo/mtl_s4_jpn_bgv_mangrove_palm_02
techset,#tmo/lit_3_lit_rpl_ta1_20000000000002_0_0_2_0_0_72000ef_0_0_1_0_0_0_72000eb_0_1_2_0_0
material,#tmo/mtl_s4_jpn_bgv_mangrove_palm_03
techset,#tmo/lit_3_lit_alt_ta1_1220108000400003_0_0_1_0_0_7200aef_0_0_1_0_0
material,#tmo/mtl_s4_jpn_bgv_stephania_cephalantha_01
techset,#tmo/lit_3_lit_alt_ta1_220000000000002_0_0_1_0_0_7200aef_0_0_1_0_0
material,#tmo/mtl_s4_jpn_palm_debris_02
techset,#tmo/lit_3_lit_alt_ta1_1020000000000002_0_0_1_0_0_7200aef_0_0_1_0_0
material,#tmo/mtl_s4_jpn_vista_jungle_cluster
material,#tmo/mtl_s4_jpn_volcanic_cliff_02_wet
material,#tmo/mtl_s4_jpn_volcanic_cliff_03
material,#tmo/mtl_s4_jpn_volcanic_cliff_03_wet
material,#tmo/mtl_s4_jpn_volcanic_cliff_04
material,#tmo/mtl_s4_jpn_volcanic_cliff_04_wet
material,#tmo/mtl_s4_jpn_volcanic_cliff_05
material,#tmo/mtl_s4_jpn_volcanic_cliff_05_wet
techset,#tmo/lit_3_lit_rpl_ta1_20000000000002_0_0_2_0_0_72000ef_0_0_1_0_0_0_72000eb_3_1_2_0_0
material,#tmo/mtl_s4_jpn_volcanic_cliff_06
techset,#tmo/lit_3_lit_rpl_ta1_20200000000002_0_0_3_0_0_72000ef_0_0_1_0_0_0_1072000ef_0_0_2_0_0_0_72000eb_3_1_2_0_0
material,#tmo/mtl_s4_jpn_volcanic_cliff_06_wet
material,#tmo/mtl_s4_jpn_volcanic_cliff_07
techset,#tmo/lit_3_lit_rpl_ta1_20200000000002_0_0_3_0_0_72000ef_0_0_1_0_0_0_72000eb_3_1_2_0_0_0_1072000ef_0_0_2_0_0
material,#tmo/mtl_s4_jpn_volcanic_cliff_07_wet
material,#tmo/mtl_s4_jpn_volcanic_cliff_08_wet
material,#tmo/mtl_s4_jpn_volcanic_cliff_09
techset,#tmo/lit_3_lit_rpl_ta1_20200000000002_0_0_3_0_0_72000ef_0_0_1_0_0_0_1072000ef_2_1_2_0_0_0_72000ef_0_0_2_0_0
material,#tmo/mtl_s4_jpn_volcanic_cliff_10
material,#tmo/mtl_s4_jpn_volcanic_cliff_11
material,#tmo/mtl_s4_jpn_volcanic_cliff_12
techset,#tmo/lit_3_lit_rpl_ta1_20000000000002_0_0_2_0_0_72000ef_0_0_1_0_0_0_72000eb_2_1_2_0_0
material,#tmo/mtl_s4_jpn_volcanic_rock_01
material,#tmo/mtl_s4_jpn_volcanic_rock_02
material,#tmo/mtl_s4_jpn_volcanic_rock_02_dark
material,#tmo/mtl_s4_jpn_volcanic_rock_16_dark
material,#tmo/mtl_s4_jpn_volcanic_rock_17
material,#tmo/mtl_s4_jpn_volcanic_rock_ground_01
material,#tmo/mtl_s4_jpn_volcanic_rock_ground_08
material,#tmo/mtl_s4_jpn_volcanic_rock_ground_08_wet
material,#tmo/mtl_s4_jpn_volcanic_rock_ground_12
techset,#tmo/lit_3_lit_rpl_ta1_20000000000002_0_0_1_0_0_72001ef_0_0_1_0_0
material,#tmo/mtl_s4_rus_lantern_01
material,#tmo/mtl_s4_usa_oil_barrel_01_blue
material,#tmo/mtl_s4_usa_oil_barrel_02_green
material,#tmo/mtl_s4_usa_ship_dolly_01
material,#tmo/mtl_s4_usa_shipment_camo_net
material,#tmo/mtl_s4_usa_shipment_camo_net_rope
techset,#tmo/lit_3_lit_rpl_ta1_20200000000002_0_0_4_0_0_72000ef_0_0_1_0_0_0_1072000ef_0_1_2_0_0_0_1072000ef_0_1_2_0_0_0_72000ef_0_1_2_0_0
material,#tmo/mtl_s4_usa_tropical_mountain_01
material,#tmo/mtl_s4_zm_jpn_construction_plywood_stacks_01
material,#tmo/mtl_s4_zm_jpn_construction_plywood_stacks_01_cross
material,#tmo/mtl_s4_zm_jpn_farm_tools_set
material,#tmo/mtl_s4_zm_jpn_foliage_tree_palm_coconut_tall_vista_leaf
material,#tmo/mtl_s4_zm_jpn_foliage_tree_palm_coconut_tall_vista_trunk
material,#tmo/mtl_s4_zm_jpn_lamp_post_wood_set
material,#tmo/mtl_sfps_usa_vehicle_depot_01_green
material,#tmo/mtl_shp_jeep_crate_strap_02
techset,#tmo/lit_3_lit_rpl_ta1_224000000000002_0_0_1_0_0_72000ef_0_0_1_0_0
material,#tmo/mtl_shp_jeep_crate_tarp_01
material,#tmo/mtl_shp_rope_net_01
techset,#tmo/lit_3_lit_rpl_ta1_20200000000002_0_0_3_0_0_72000ef_0_0_1_0_0_0_72000eb_0_1_2_0_0_0_1072000ef_0_0_2_0_0
material,#tmo/mtl_suv_gamma503_floor
techset,#tmo/lit_3_lit_bar_ta1_200000000000001_0_0_1_0_0_72003ef_0_0_1_0_0
material,#tmo/mtl_suv_gamma503_glass
techset,#tmo/lit_3_lit_rpl_ta1_20200000000002_0_0_4_0_0_72000ef_0_0_1_0_0_0_72000eb_0_1_2_0_0_0_72000ef_0_0_2_0_0_0_1072000ef_0_0_2_0_0
material,#tmo/mtl_suv_gamma503_suspension_a
techset,#tmo/lit_3_lit_rpl_ta1_20200000000002_0_0_4_0_0_72000ef_0_0_1_0_0_0_72000eb_0_1_2_0_0_0_72000ef_0_1_2_0_0_0_1072000ef_0_0_2_0_0
material,#tmo/mtl_suv_gamma503_suspension_b
material,#tmo/mtl_suv_gamma503_tile_paint_a
material,#tmo/mtl_suv_gamma503_tile_paint_b
material,#tmo/mtl_suv_gamma503_tile_paint_c
material,#tmo/mtl_suv_gamma503_tile_paint_d
material,#tmo/mtl_suv_gamma503_tile_paint_e
material,#tmo/mtl_suv_gamma503_tile_paint_f
material,#tmo/mtl_suv_gamma503_tire
material,#tmo/mtl_suv_gamma503_unique_a
material,#tmo/mtl_suv_gamma503_unique_a_desert
material,#tmo/mtl_suv_gamma503_wheel
material,#tmo/mtl_tex_s4_jpn_bgv_foliage_tree_date_palm_01_frond_01
material,#tmo/mtl_tkn_checkpoint_hut_01_snow
material,#tmo/mtl_train_crane_baked
material,#tmo/mtl_train_crane_painted_base
techset,#tmo/lit_3_lit_rpl_ta1_20200000000002_0_0_4_0_0_72000ef_0_0_1_0_0_0_72000ef_0_1_2_0_0_0_1072000ef_0_1_2_0_0_0_72000ef_0_1_2_0_0
material,#tmo/mtl_train_crane_painted_cabin_01
material,#tmo/mtl_train_crane_painted_cabin_02
material,#tmo/mtl_train_crane_painted_metal_details
techset,#tmo/lit_3_lit_alt_ta1_20000000000002_0_0_1_0_0_72000ef_0_0_1_0_0
image,#black~13613314725572728069
material,#tmo/mtl_train_flatbed_00_decal
material,#tmo/mtl_us_crate_ammo_tank_105mm
techset,#tmo/lit_3_lit_bad_tca_0_0_0_1_0_0_72000ef_0_0_3_0_0
material,#tmo/mtl_usa_bulldozer_ca1_01_alpha
techset,#tmo/lit_3_lit_rpl_ta1_20200000000002_0_0_2_0_0_72000ef_0_0_1_0_0_0_72000eb_1_1_2_0_0
material,#tmo/mtl_usa_bulldozer_ca1_01_inner
material,#tmo/mtl_usa_bulldozer_ca1_01_outer
material,#tmo/mtl_usa_clipboard_org1
material,#tmo/mtl_usa_trans_willys_jeep_attachements_01
material,#tmo/mtl_usa_trans_willys_jeep_interior_01
material,#tmo/mtl_usa_trans_willys_jeep_wheel_01
material,#tmo/mtl_usa_truck_m35_01_body_a
material,#tmo/mtl_usa_truck_m35_01_body_b
techset,#tmo/lit_3_lit_rpl_ta1_220200000000002_0_0_2_0_0_72000ef_0_0_1_0_0_0_72000eb_0_1_2_0_0
material,#tmo/mtl_usa_truck_m35_01_canopy
material,#tmo/mtl_usa_truck_m35_01_glass
material,#tmo/mtl_usa_truck_m35_01_interior
material,#tmo/mtl_usa_truck_m35_01_rear
material,#tmo/mtl_usa_truck_m35_01_undercarrige
material,#tmo/mtl_usa_truck_m35_01_wheels
material,#tmo/mtl_v22_osprey_damaged
material,#tmo/mtl_zmb_light_post_02_emissive
material,#tmo/par_concrete_trim_02
techset,#tmo/lit_3_lit_alt_tca_420000000000002_0_0_1_0_0_72000e7_0_0_3_0_0
material,#tmo/periph_yacht_01_decals
material,#tmo/periph_yacht_01_main
material,#tmo/periph_yacht_01_main_black
material,#tmo/periph_yacht_01_sail
material,#tmo/s4_jpn_beach_sand_rough_01
techset,#tmo/lit_3_lit_rpl_ta1_20000000000002_0_0_1_0_0_72008ef_0_0_1_0_0
material,#tmo/s4_jpn_beach_sand_trampled_01
material,#tmo/s4_test_usa_trans_willy_jeep_exterior
techset,#tmo/lit_3_lit_bar_ta1_7_0_0_1_0_0_72001ef_0_0_1_0_0
material,#tmo/s4_window_glass_panes_dirty_01
material,#tmo/toy_pool_inflated_beach_ball_01
material,#tmo/toy_pool_inflated_tube_01
techset,#tmo/lit_3_lit_rpl_ta1_20000000000002_0_0_1_0_0_72000ff_0_0_1_0_0
material,#tmo/uk_periph_building_set_01
material,#tmo/uk_shipping_crate_wood_lod1
material,#tmo/un_industrial_wooden_pallet_01
techset,#tmo/lit_3_lit_rpl_ta1_20000000000002_0_0_3_0_0_72000ef_0_0_1_0_0_0_72000ef_0_1_2_0_0_0_72000ef_0_1_2_0_0
image,#weapon_vm_mg_mobile_turret_ammobox_c&weapon_vm_mg_mobile_turret_ammobox_s~10592606232213519162
image,#loot_albedo_255_c&loot_spec_56_s~9659072012509868566
image,#weapon_vm_mg_mobile_turret_ammobox_n&weapon_vm_mg_mobile_turret_ammobox_g~14306406803996069661
image,#loot_normal_flat_n&loot_gloss_plastic_semi_clean_01_g~12826649929639165044
image,#loot_opacity_0_a~7791846149486782415
material,#tmo/weapon_vm_mg_mobile_turret_ammobox
image,#weapon_vm_mg_mobile_turret_body_c&weapon_vm_mg_mobile_turret_body_s~2981844193516067561
image,#weapon_vm_mg_mobile_turret_body_n&weapon_vm_mg_mobile_turret_body_g~15815676311271312814
material,#tmo/weapon_vm_mg_mobile_turret_body
image,#weapon_vm_mg_mobile_turret_frontend_c&weapon_vm_mg_mobile_turret_frontend_s~7963697281049609976
image,#weapon_vm_mg_mobile_turret_frontend_n&weapon_vm_mg_mobile_turret_frontend_g~17725062598919984422
material,#tmo/weapon_vm_mg_mobile_turret_frontend
techset,#tmo/lit_3_lit_bar_ta1_1_0_0_1_0_0_72003ef_0_0_1_0_0
image,#weapon_vm_mg_mobile_turret_glass_c&weapon_vm_mg_mobile_turret_glass_s~13761396615096364217
image,#weapon_vm_mg_mobile_turret_glass_n&weapon_vm_mg_mobile_turret_glass_g~1297446848224223606
image,#weapon_vm_mg_mobile_turret_glass_tr~16777273643569862378
material,#tmo/weapon_vm_mg_mobile_turret_glass_ext
image,#weapon_vm_mg_mobile_turret_mount_c&weapon_vm_mg_mobile_turret_mount_s~3040118266824636661
image,#weapon_vm_mg_mobile_turret_mount_n&weapon_vm_mg_mobile_turret_mount_g~10105335551682771213
material,#tmo/weapon_vm_mg_mobile_turret_mount
image,#weapon_vm_mg_mobile_turret_shield_c&weapon_vm_mg_mobile_turret_shield_s~5756534106230133337
image,#weapon_vm_mg_mobile_turret_shield_n&weapon_vm_mg_mobile_turret_shield_g~1243093919389603135
material,#tmo/weapon_vm_mg_mobile_turret_shield
image,#weapon_vm_mg_mobile_turret_sight_body_c&weapon_vm_mg_mobile_turret_sight_body_s~11309758327193641235
image,#weapon_vm_mg_mobile_turret_sight_body_n&weapon_vm_mg_mobile_turret_sight_body_g~1891018486076553567
material,#tmo/weapon_vm_mg_mobile_turret_sight_body
techset,#tmo/lit_3_lit_bad_ta1_5_0_0_1_0_0_72003ef_0_0_1_0_0
image,#weapon_vm_mg_mobile_turret_sight_lens_c&weapon_vm_mg_mobile_turret_sight_lens_s~10713328578502750438
image,#weapon_vm_mg_mobile_turret_sight_lens_n&weapon_vm_mg_mobile_turret_sight_lens_g~279852222758804353
image,#weapon_vm_mg_mobile_turret_sight_lens_tr~6809569463814196587
material,#tmo/weapon_vm_mg_mobile_turret_sight_lens
techset,#tmo/lit_3_lit_bad_tca_0_0_0_2_0_0_72400f7_0_0_3_0_0_0_72000ef_0_1_2_0_0
image,#weapon_vm_mg_mobile_turret_sight_reticle_c&defaultspec~12362202777289934342
image,#weapon_vm_mg_mobile_turret_sight_reticle_e~15937246027663232714
image,#weapon_vm_mg_mobile_turret_sight_reticle_a~7832780695845330591
material,#tmo/weapon_vm_mg_mobile_turret_sight_reticle
techset,#tmrco/lit_3_lit_rpl_ta1_20000000400002_0_0_1_0_0_72000ef_0_0_1_0_0
material,#tmrco/mtl_mkg_albizia_tree_01_wnd
techset,#tmrco/lit_3_lit_alt_ta1_1224000000400003_0_0_1_0_0_72001ef_0_0_1_0_0
material,#tmrco/mtl_mkg_albizia_tree_leaves_01_wnd
techset,#tmrco/lit_3_lit_alt_ta1_1220000000400003_0_0_1_0_0_7200aef_0_0_1_0_0
material,#tmrco/mtl_mkg_banana_tree_01_wnd
techset,#tmrco/lit_3_lit_alt_ta1_1220000000400002_0_0_1_0_0_72000ef_0_0_1_0_0
material,#tmrco/mtl_mkg_banana_tree_bark_01_wnd
techset,#tmrco/lit_3_lit_alt_ta1_1224000000400003_0_0_1_0_0_7200aef_0_0_1_0_0
material,#tmrco/mtl_mkg_foliage_plant_areca_leaves_wnd
techset,#tmrco/lit_3_lit_rpl_ta1_24000000400002_0_0_1_0_0_72002ef_0_0_1_0_0
material,#tmrco/mtl_mkg_foliage_plant_areca_wnd
techset,#tmrco/lit_3_lit_alt_ta1_1220000000400003_0_0_1_0_0_72002ef_0_0_1_0_0
material,#tmrco/mtl_mkg_foliage_ti_plant_cordyline_fruitcosa_01_wnd
techset,#tmrco/lit_3_lit_rpl_ta1_20000000000002_0_0_1_0_0_72000ef_0_0_1_0_0
material,#tmrco/mtl_mkg_foliage_tree_broadleaf_filler_bark_02_wnd
material,#tmrco/mtl_mkg_foliage_tree_broadleaf_filler_leaves_wnd
material,#tmrco/mtl_mkg_hanging_vines_01_wnd
techset,#tmrco/lit_3_lit_alt_ta1_1220100000400003_0_0_1_0_0_7200aef_0_0_1_0_0
material,#tmrco/mtl_mkg_mangrove_palm_01_wnd
techset,#tmrco/lit_3_lit_alt_ta1_1220000000400003_0_0_1_0_0_72003ef_0_0_1_0_0
material,#tmrco/mtl_vie_foliage_acacia_bush_01_wnd
material,#tmrco/mtl_vie_foliage_elephant_ear_01_wnd
techset,#tw/lit_3_lit_rpl_ta1_20000000000002_20_0_2_2_0_72000ef_0_0_1_0_0_0_72000ef_0_1_3_0_0
material,#tw/*14n_112n
techset,#tw/lit_3_lit_rpl_ta1_20000000000002_20_0_2_2_0_72000ef_0_0_1_0_0_0_72000ef_0_0_3_0_0
material,#tw/*14n_94n
techset,#tw/lit_3_lit_rpl_ta1_20000000000002_0_0_2_2_0_72000ef_0_0_1_0_0_0_72000ef_0_0_3_0_0
material,#tw/*14n_98n
material,#tw/*16dn_88n
material,#tw/*25n_127n
techset,#tw/lit_3_lit_rpl_ta1_20000000000002_20_0_2_2_0_72000ef_0_0_1_0_0_0_72000ef_1_0_3_0_0
material,#tw/*32n_149dn
techset,#tw/lit_3_lit_rpl_ta1_20000000000002_20_0_2_2_0_72000ef_0_0_1_0_0_0_72008ef_0_0_3_0_0
material,#tw/*56n_101n
techset,#tw/lit_3_lit_rpl_ta1_20000000000002_20_0_3_3_0_72000ef_0_0_1_0_0_0_72000ef_0_1_3_0_0_0_72000ef_0_0_3_0_0
material,#tw/*56n_112n_97n
material,#tw/*62n_194dn
techset,#tw/lit_3_lit_rpl_ta1_20000000000002_60_0_3_3_0_72000ef_0_0_1_0_0_0_72000ef_0_0_3_0_0_0_72000ef_0_0_3_0_0
material,#tw/*67n_105n_109n
material,#tw/*67n_112n
techset,#tw/lit_3_lit_rpl_ta1_20000000000002_60_0_3_3_0_72000ef_0_0_1_0_0_0_72000ef_0_1_3_0_0_0_72000ef_0_0_3_0_0
material,#tw/*67n_112n_94n
material,#tw/*67n_94n_105n
techset,#tw/lit_3_lit_rpl_ta1_20000000000002_0_0_1_0_0_72000ef_0_0_1_0_0
material,#tw/asphalt_crack_02_worn
techset,#tw/lit_3_lit_alt_ta1_1220000000000002_0_0_1_0_0_72000ef_0_0_1_0_0
material,#tw/barbed_wire_01
material,#tw/base_concrete_polished_01_dull
material,#tw/base_metal_black_panels_03_noseam
material,#tw/base_wood_fine_planks_03
material,#tw/base_wood_fine_planks_can_03
material,#tw/bbn_metal_hull_02
material,#tw/brg_wood_painted_panels_02_tnd
material,#tw/bsh_metal_floor_02
material,#tw/bsh_wood_deck_01_painted_wet
material,#tw/can_brick_plaster_01
material,#tw/can_train_wooden_siding_01_green
material,#tw/car_plaster_painted_grey_01
techset,#tw/lit_3_lit_rpl_ta1_20000000000002_0_0_1_0_0_72000e7_0_0_1_0_0
material,#tw/caulk_shadow
material,#tw/ceramic_roof_tile_corner_01_green
techset,#tw/lit_3_lit_alt_tca_420000000000002_0_0_1_0_0_72000ef_0_0_3_0_0
material,#tw/cli_vista_bushes_01_dec
material,#tw/cloth_01
material,#tw/concrete_bunker_base_01
material,#tw/cor_roof_tiles_french_01
techset,#tw/lit_3_lit_rpl_ta1_20000000000002_0_0_1_0_0_72000ff_0_0_1_0_0
material,#tw/cp_disco_glass_building_windows_01_emissive01
material,#tw/day_bunker_concrete_wall_scan_09_wetgrunge
material,#tw/df_plaster_01_white
material,#tw/df_plaster_01_white_pink
material,#tw/drywall_paint_white_01
material,#tw/ee_balcony_railings_a_01_red
material,#tw/ee_roof_tiles_long_01
image,#identitynormalmap&black~15562157383435819801
material,#tw/emb_door_window_set_01_vista_ems
material,#tw/emb_wall_plaster_dark_blue
material,#tw/emb_wall_plaster_light_yellow
material,#tw/fabric_camo_netting_olive_02_2sided
material,#tw/glass_building_windows_shining_01
material,#tw/glass_window_facade_6pane_01
material,#tw/greece_plaster_painted_01_blue
material,#tw/linoleum_tiles_floor_green_clean
material,#tw/macro_wood_decals_edge_damage_01_dec
material,#tw/metal_coated_corrugated_lab_a
techset,#tw/lit_3_lit_rpl_ta1_20000000000003_0_0_1_0_0_72000ef_0_0_1_0_0
material,#tw/mkg_hut_wall_straw_01
techset,#tw/lit_3_lit_alt_ta1_220000000000002_0_0_1_0_0_72000ef_0_0_1_0_0
material,#tw/mtl_zeb_fence_chainlink
material,#tw/par_wood_floor_scratches_01
material,#tw/plaster_clean_orange_02
material,#tw/plaster_painted_cracked_01_pink
material,#tw/plaster_wall_pink
material,#tw/plastic_awning_02
material,#tw/plywood_clean_01
material,#tw/plywood_dirty_01
techset,#tw/lit_3_lit_alt_ta1_420000000000002_0_0_1_0_0_72000ef_0_0_1_0_0
material,#tw/plywood_painted_01_light_red
techset,#tw/lit_3_lit_alt_ta1_1220000000000002_0_0_1_0_0_72000ff_0_0_1_0_0
material,#tw/rdg_foliage_palm_vista_03
material,#tw/rdg_foliage_palm_vista_04
techset,#tw/lit_3_lit_alt_ta1_1620000000000002_0_0_1_0_0_72000ef_0_0_1_0_0
material,#tw/rope_multi_01
material,#tw/s4_afr_coarse_sand_01_rvl_tnd_top
techset,#tw/lit_3_lit_alt_ta1_220000000000002_0_0_1_0_0_7200aef_0_0_1_0_0
image,#gray~9432855861674560696
material,#tw/s4_eng_camo_netting_04
material,#tw/s4_fra_metal_roof_02
material,#tw/s4_fra_metal_roof_02a_blue
material,#tw/s4_ger_concrete_ground_wet_01
material,#tw/s4_ger_sub_concrete_cast_base_01
material,#tw/s4_ger_sub_concrete_cast_base_01_light_b
material,#tw/s4_ger_tph_concrete_cast_panels_painted_01_dec
material,#tw/s4_ger_tph_metal_painted_rusty_01_red
material,#tw/s4_itl_brick_herringbone_01
material,#tw/s4_itl_plaster_painted_02
material,#tw/s4_jpn_beach_sand_rippled_01
material,#tw/s4_jpn_beach_sand_rippled_01_tnd
material,#tw/s4_jpn_beach_sand_rippled_01a_rvl_tnd
material,#tw/s4_jpn_beach_sand_smooth_01
material,#tw/s4_jpn_beach_sand_wet_01_puddles
material,#tw/s4_jpn_cliff_wall_01
material,#tw/s4_rem_old_wood_rustic_01_for_template
material,#tw/s4_rus_plaster_wall_01_dark_green
material,#tw/s4_rus_wood_fine_02_worn_grey
material,#tw/s4_rus_wood_fine_planks_01
material,#tw/s4_zm_shi_rope_nylon_01
material,#tw/shp_crate_decals_dec_01_worn
material,#tw/shp_jeep_crate_02
material,#tw/shp_wood_slats_red_01
techset,#tw/sky_3_sky_rpl_ta1_2_0_0_0_0
material,#tw/sky_20180426_daytime
techset,#tw/lit_3_lit_bad_ta1_0_0_0_1_0_0_72000ef_0_0_1_0_0
material,#tw/stk_window_glass_warehouse_02
techset,#tw/lit_3_lit_bad_ta1_1860000_0_0_2_0_0_72000ef_0_0_1_0_0_0_72000ef_0_0_2_0_0
image,#gray&defaultspec~5926482305360356063
material,#tw/test_water_midway_opaque_04_nodisp
material,#tw/vie_ground_forest_floor_01_green
material,#tw/zmb_floor_ceramic_tile_01
techset,#twc/lit_3_lit_rpl_ta1_20000000000002_20_0_2_2_0_72000ef_0_0_1_0_0_0_72000ef_0_0_3_0_0
material,#twc/*10n_127n
techset,#twc/lit_3_lit_rpl_ta1_20000000000002_60_0_3_3_0_72000ef_0_0_1_0_0_0_72000ef_0_0_3_0_0_0_72000ef_0_0_3_0_0
material,#twc/*10n_127n_144n
material,#twc/*10n_143n_127n
techset,#twc/lit_3_lit_rpl_ta1_20000000000002_e0_0_4_4_0_72000ef_0_0_1_0_0_0_72000ef_0_0_3_0_0_0_72000ef_0_0_3_0_0_0_72000ef_0_0_3_0_0
material,#twc/*10n_143n_127n_144n
material,#twc/*10n_143n_144n
material,#twc/*10n_143n_156n
material,#twc/*10n_144n
material,#twc/*10n_156n
material,#twc/*10n_159n
material,#twc/*10n_159n_143n
material,#twc/*10n_159n_143n_144n
material,#twc/*10n_159n_144n
material,#twc/*124n_125n
techset,#twc/lit_3_lit_rpl_ta1_20000000000002_20_0_3_3_0_72000ef_0_0_1_0_0_0_72000ef_0_1_3_0_0_0_72000ef_0_0_1_0_0
material,#twc/*14n_112n_107n
techset,#twc/lit_3_lit_rpl_ta1_20000000000002_a0_0_4_4_0_72000ef_0_0_1_0_0_0_72000ef_0_1_3_0_0_0_72000ef_0_0_1_0_0_0_72000ef_0_0_3_0_0
material,#twc/*14n_112n_107n_109n
techset,#twc/lit_3_lit_rpl_ta1_20000000000002_60_0_3_3_0_72000ef_0_0_1_0_0_0_72000ef_0_1_3_0_0_0_72000ef_0_0_3_0_0
material,#twc/*14n_112n_109n
material,#twc/*155n_143n_156n
material,#twc/*155n_156n
techset,#twc/lit_3_lit_rpl_ta1_20000000000002_1e0_0_5_5_0_72000ef_0_0_1_0_0_0_72000ef_0_0_3_0_0_0_72000ef_0_0_3_0_0_0_72000ef_0_0_3_0_0_0_72000ef_0_0_3_0_0
material,#twc/*155n_159n_143n_144n_156n
techset,#twc/lit_3_lit_rpl_ta1_20000000000002_20_0_2_2_0_72000ef_0_0_1_0_0_0_72008ef_0_0_3_0_0
material,#twc/*16dn_101n
material,#twc/*16dn_121dn
techset,#twc/lit_3_lit_rpl_ta1_20000000000002_60_0_3_3_0_72000ef_0_0_1_0_0_0_72000ef_0_0_3_0_0_0_72008ef_0_0_3_0_0
material,#twc/*16dn_121dn_122dn
material,#twc/*16dn_122dn
material,#twc/*16dn_129n
material,#twc/*16dn_129n_101n
material,#twc/*16dn_82n
material,#twc/*16dn_82n_101n
techset,#twc/lit_3_lit_rpl_ta1_20000000000002_e0_0_4_4_0_72000ef_0_0_1_0_0_0_72000ef_0_0_3_0_0_0_72000ef_0_0_3_0_0_0_72008ef_0_0_3_0_0
material,#twc/*16dn_82n_88n_101n
material,#twc/*16dn_87n
material,#twc/*16dn_87n_101n
material,#twc/*16dn_87n_121dn
material,#twc/*16dn_87n_121dn_122dn
material,#twc/*16dn_87n_122dn
material,#twc/*16dn_87n_129n
material,#twc/*16dn_87n_129n_101n
material,#twc/*16dn_87n_82n_101n
material,#twc/*16dn_87n_88n_101n
material,#twc/*16dn_88n
material,#twc/*16dn_88n_101n
material,#twc/*16dn_88n_129n
material,#twc/*16dn_88n_129n_101n
material,#twc/*23n_102n
material,#twc/*28n_119n
techset,#twc/lit_3_lit_rpl_ta1_20000000000002_20_0_2_2_0_72000ef_0_0_1_0_0_0_272000ef_0_0_3_0_0
material,#twc/*32n_132n
techset,#twc/lit_3_lit_rpl_ta1_20000000000002_20_0_2_2_0_72000ef_0_0_1_0_0_0_72000ef_1_0_3_0_0
material,#twc/*32n_149dn
techset,#twc/lit_3_lit_rpl_ta1_20000000000002_60_0_3_3_0_72000ef_0_0_1_0_0_0_72000ef_1_0_3_0_0_0_272000ef_0_0_3_0_0
material,#twc/*32n_149dn_132n
techset,#twc/lit_3_lit_rpl_ta1_20000000000002_20_0_3_3_0_72000ef_0_0_1_0_0_0_72000ef_1_0_3_0_0_0_72000ef_0_0_3_0_0
material,#twc/*32n_149dn_151n
techset,#twc/lit_3_lit_rpl_ta1_20000000000002_a0_0_4_4_0_72000ef_0_0_1_0_0_0_72000ef_1_0_3_0_0_0_72000ef_0_0_3_0_0_0_272000ef_0_0_3_0_0
material,#twc/*32n_149dn_151n_132n
techset,#twc/lit_3_lit_rpl_ta1_20000000000002_0_0_2_2_0_72000ef_0_0_1_0_0_0_72000ef_0_0_3_0_0
material,#twc/*32n_151n
techset,#twc/lit_3_lit_rpl_ta1_20000000000002_40_0_3_3_0_72000ef_0_0_1_0_0_0_72000ef_0_0_3_0_0_0_272000ef_0_0_3_0_0
material,#twc/*32n_151n_132n
material,#twc/*32n_92n
techset,#twc/lit_3_lit_rpl_ta1_20000000000002_60_0_3_3_0_72000ef_0_0_1_0_0_0_72000ef_0_0_3_0_0_0_272000ef_0_0_3_0_0
material,#twc/*32n_92n_132n
techset,#twc/lit_3_lit_rpl_ta1_20000000000002_20_0_3_3_0_72000ef_0_0_1_0_0_0_72000ef_0_0_3_0_0_0_72000ef_0_0_3_0_0
material,#twc/*32n_92n_151n
techset,#twc/lit_3_lit_rpl_ta1_20000000000002_a0_0_4_4_0_72000ef_0_0_1_0_0_0_72000ef_0_0_3_0_0_0_72000ef_0_0_3_0_0_0_272000ef_0_0_3_0_0
material,#twc/*32n_92n_151n_132n
techset,#twc/lit_3_lit_rpl_ta1_20000000000002_0_0_2_2_0_72000ef_0_0_1_0_0_0_72000e7_0_1_3_0_0
material,#twc/*37n_106
material,#twc/*37n_226n
material,#twc/*37n_229n
material,#twc/*37n_232n
material,#twc/*37n_236n
material,#twc/*37n_38n
techset,#twc/lit_3_lit_rpl_ta1_20000000000002_20_0_3_3_0_72000ef_0_0_1_0_0_0_72000ef_0_0_3_0_0_0_72000e7_0_0_3_0_0
material,#twc/*37n_38n_39
techset,#twc/lit_3_lit_rpl_ta1_20000000000002_20_0_4_4_0_72000ef_0_0_1_0_0_0_72000ef_0_0_3_0_0_0_72000ef_0_0_3_0_0_0_72000e7_0_0_3_0_0
material,#twc/*37n_38n_98n_39
techset,#twc/lit_3_lit_rpl_ta1_20000000000002_0_0_2_2_0_72000ef_0_0_1_0_0_0_72000ef_0_1_3_0_0
material,#twc/*37n_50n
material,#twc/*37n_98n
techset,#twc/lit_3_lit_rpl_ta1_20000000000002_20_0_2_2_0_72000ef_0_0_1_0_0_0_72000ef_0_1_3_0_0
material,#twc/*56n_112n
material,#twc/*56n_112n_107n
material,#twc/*56n_112n_107n_109n
material,#twc/*56n_112n_109n
techset,#twc/lit_3_lit_rpl_ta1_20000000000002_20_0_4_4_0_72000ef_0_0_1_0_0_0_72000ef_0_1_3_0_0_0_72000ef_0_0_3_0_0_0_72000ef_0_0_1_0_0
material,#twc/*56n_112n_97n_107n
techset,#twc/lit_3_lit_rpl_ta1_20000000000002_20_0_3_3_0_72000ef_0_0_1_0_0_0_72000ef_0_1_3_0_0_0_72000ef_0_0_3_0_0
material,#twc/*56n_112n_98n
material,#twc/*56n_112n_98n_107n
material,#twc/*56n_134n
material,#twc/*56n_134n_93n
techset,#twc/lit_3_lit_rpl_ta1_20000000000002_60_0_4_4_0_72000ef_0_0_1_0_0_0_72000ef_0_0_3_0_0_0_72000ef_0_0_3_0_0_0_72000ef_0_0_3_0_0
material,#twc/*56n_134n_93n_98n
techset,#twc/lit_3_lit_rpl_ta1_20000000000002_60_0_3_3_0_72000ef_0_0_1_0_0_0_72000ef_0_1_3_0_0_0_72008ef_0_0_3_0_0
material,#twc/*56n_268n_101n
techset,#twc/lit_3_lit_rpl_ta1_20000000000002_1e0_0_5_5_0_72000ef_0_0_1_0_0_0_72000ef_0_1_3_0_0_0_72000ef_0_1_3_0_0_0_72008ef_0_0_3_0_0_0_72008ef_0_0_3_0_0
material,#twc/*56n_268n_268n_101n_101n
material,#twc/*56n_93n
material,#twc/*56n_93n_266n
material,#twc/*57n_139n
material,#twc/*57n_139n_141dn
material,#twc/*57n_141dn
material,#twc/*59n_119n
material,#twc/*61n_101n
material,#twc/*61n_129n
material,#twc/*61n_129n_101n
material,#twc/*61n_82n
material,#twc/*61n_82n_101n
material,#twc/*61n_82n_129n_101n
material,#twc/*61n_82n_88n_101n
material,#twc/*61n_87n_101n
material,#twc/*61n_87n_129n
material,#twc/*61n_87n_129n_101n
material,#twc/*61n_87n_82n_101n
material,#twc/*61n_87n_88n_101n
material,#twc/*61n_88n
material,#twc/*61n_88n_101n
material,#twc/*61n_88n_129n
material,#twc/*61n_88n_129n_101n
material,#twc/*62n_101n
material,#twc/*62n_82n
material,#twc/*62n_82n_101n
material,#twc/*62n_82n_88n
material,#twc/*62n_82n_88n_101n
material,#twc/*62n_87n
material,#twc/*62n_87n_101n
material,#twc/*62n_87n_82n
material,#twc/*62n_87n_82n_101n
material,#twc/*62n_87n_82n_88n
material,#twc/*62n_87n_87n_101n
techset,#twc/lit_3_lit_rpl_ta1_20000000000002_3e0_0_6_6_0_72000ef_0_0_1_0_0_0_72000ef_0_0_3_0_0_0_72000ef_0_0_3_0_0_0_72000ef_0_0_3_0_0_0_72008ef_0_0_3_0_0_0_72008ef_0_0_3_0_0
material,#twc/*62n_87n_87n_88n_101n_101n
material,#twc/*62n_87n_88n
material,#twc/*62n_87n_88n_101n
material,#twc/*62n_88n
material,#twc/*62n_88n_101n
techset,#twc/lit_3_lit_rpl_ta1_20000000000002_20_0_2_2_0_72008ef_0_0_1_0_0_0_72000ef_0_0_3_0_0
material,#twc/*63n_103dn
material,#twc/*63n_87n
techset,#twc/lit_3_lit_rpl_ta1_20000000000002_60_0_3_3_0_72008ef_0_0_1_0_0_0_72000ef_0_0_3_0_0_0_72000ef_0_0_3_0_0
material,#twc/*63n_87n_103dn
material,#twc/*63n_87n_99dn
techset,#twc/lit_3_lit_rpl_ta1_20000000000002_e0_0_4_4_0_72008ef_0_0_1_0_0_0_72000ef_0_0_3_0_0_0_72000ef_0_0_3_0_0_0_72000ef_0_0_3_0_0
material,#twc/*63n_87n_99dn_103dn
material,#twc/*63n_88n_99dn_103dn
material,#twc/*63n_89n_99dn_103dn
material,#twc/*63n_90dn
material,#twc/*63n_90dn_103dn
material,#twc/*63n_90dn_99dn
material,#twc/*63n_90dn_99dn_103dn
material,#twc/*63n_99dn
material,#twc/*63n_99dn_103dn
material,#twc/*63n_99dn_103dn_104n
material,#twc/*63n_99dn_104n
material,#twc/*65n_101n
material,#twc/*65n_129n
material,#twc/*65n_82n
material,#twc/*65n_82n_101n
material,#twc/*65n_82n_129n_101n
material,#twc/*65n_82n_129n_84n
material,#twc/*65n_82n_83n
material,#twc/*65n_82n_83n_101n
material,#twc/*65n_82n_83n_84n
material,#twc/*65n_82n_84n
material,#twc/*65n_83n
material,#twc/*65n_83n_84n
material,#twc/*65n_84n
material,#twc/*67n_101n
techset,#twc/lit_3_lit_rpl_ta1_20000000000002_60_0_3_3_0_72000ef_0_0_1_0_0_0_72008ef_0_0_3_0_0_0_72000ef_0_0_3_0_0
material,#twc/*67n_101n_105n
material,#twc/*67n_105n
material,#twc/*67n_163n_101n
material,#twc/*67n_94n
techset,#twc/lit_3_lit_rpl_ta1_20000000000002_20_0_3_3_0_72000ef_0_0_1_0_0_0_72000ef_0_0_3_0_0_0_72000ef_0_0_1_0_0
material,#twc/*67n_94n_107n
material,#twc/*67n_94n_109n
material,#twc/*67n_94n_109n_109n
material,#twc/*67n_94n_94n
material,#twc/*67n_94n_94n_94n
material,#twc/*70n_236n
techset,#twc/lit_3_lit_rpl_ta1_20000000000002_20_0_3_3_0_72000ef_0_0_1_0_0_0_72000ef_0_0_3_0_0_0_72000e7_0_1_3_0_0
material,#twc/*70n_236n_106
material,#twc/*72n_129n
material,#twc/*7n_48n
material,#twc/*7n_48n_48n
techset,#twc/lit_3_lit_rpl_ta1_20000000000002_60_0_7_7_0_72000ef_0_0_1_0_0_0_72000ef_0_0_3_0_0_0_72000ef_0_0_3_0_0_0_72000e7_0_1_3_0_0_0_72000e7_0_1_3_0_0_0_72000ef_0_1_3_0_0_0_72000ef_0_1_3_0_0
material,#twc/*7n_48n_48n_49_49_50n_50n
techset,#twc/lit_3_lit_rpl_ta1_20000000000002_60_0_6_6_0_72000ef_0_0_1_0_0_0_72000ef_0_0_3_0_0_0_72000ef_0_0_3_0_0_0_72000e7_0_1_3_0_0_0_72000ef_0_1_3_0_0_0_72000ef_0_1_3_0_0
material,#twc/*7n_48n_48n_49_50n_50n
techset,#twc/lit_3_lit_rpl_ta1_20000000000002_60_0_5_5_0_72000ef_0_0_1_0_0_0_72000ef_0_0_3_0_0_0_72000ef_0_0_3_0_0_0_72000ef_0_1_3_0_0_0_72000ef_0_1_3_0_0
material,#twc/*7n_48n_48n_50n_50n
material,#twc/*7n_48n_48n_95n_95n
material,#twc/*7n_48n_49
techset,#twc/lit_3_lit_rpl_ta1_20000000000002_20_0_7_7_0_72000ef_0_0_1_0_0_0_72000ef_0_0_3_0_0_0_72000e7_0_1_3_0_0_0_72000e7_0_1_3_0_0_0_72001ef_0_1_3_0_0_0_72000ef_0_1_3_0_0_0_72000ef_0_1_3_0_0
material,#twc/*7n_48n_49_49_242n_50n_50n
techset,#twc/lit_3_lit_rpl_ta1_20000000000002_20_0_6_6_0_72000ef_0_0_1_0_0_0_72000ef_0_0_3_0_0_0_72000e7_0_1_3_0_0_0_72000e7_0_1_3_0_0_0_72000ef_0_1_3_0_0_0_72000ef_0_1_3_0_0
material,#twc/*7n_48n_49_49_50n_50n
techset,#twc/lit_3_lit_rpl_ta1_20000000000002_20_0_4_4_0_72000ef_0_0_1_0_0_0_72000ef_0_0_3_0_0_0_72000e7_0_1_3_0_0_0_72000ef_0_1_3_0_0
material,#twc/*7n_48n_49_50n
techset,#twc/lit_3_lit_rpl_ta1_20000000000002_20_0_5_5_0_72000ef_0_0_1_0_0_0_72000ef_0_0_3_0_0_0_72000e7_0_1_3_0_0_0_72000ef_0_1_3_0_0_0_72000ef_0_1_3_0_0
material,#twc/*7n_48n_49_50n_50n
techset,#twc/lit_3_lit_rpl_ta1_20000000000002_20_0_3_3_0_72000ef_0_0_1_0_0_0_72000ef_0_0_3_0_0_0_72000ef_0_1_3_0_0
material,#twc/*7n_48n_50n
techset,#twc/lit_3_lit_rpl_ta1_20000000000002_20_0_4_4_0_72000ef_0_0_1_0_0_0_72000ef_0_0_3_0_0_0_72000ef_0_1_3_0_0_0_72000ef_0_1_3_0_0
material,#twc/*7n_48n_50n_50n
material,#twc/*7n_48n_95n
material,#twc/*7n_48n_95n_95n
techset,#twc/lit_3_lit_rpl_ta1_20000000000002_0_0_3_3_0_72000ef_0_0_1_0_0_0_72000e7_0_1_3_0_0_0_72001ef_0_1_3_0_0
material,#twc/*7n_49_242n
techset,#twc/lit_3_lit_rpl_ta1_20000000000002_0_0_4_4_0_72000ef_0_0_1_0_0_0_72000e7_0_1_3_0_0_0_72001ef_0_1_3_0_0_0_72000ef_0_1_3_0_0
material,#twc/*7n_49_242n_50n
techset,#twc/lit_3_lit_rpl_ta1_20000000000002_0_0_6_6_0_72000ef_0_0_1_0_0_0_72000e7_0_1_3_0_0_0_72000e7_0_1_3_0_0_0_72001ef_0_1_3_0_0_0_72001ef_0_1_3_0_0_0_72000ef_0_1_3_0_0
material,#twc/*7n_49_49_242n_242n_50n
techset,#twc/lit_3_lit_rpl_ta1_20000000000002_0_0_7_7_0_72000ef_0_0_1_0_0_0_72000e7_0_1_3_0_0_0_72000e7_0_1_3_0_0_0_72001ef_0_1_3_0_0_0_72001ef_0_1_3_0_0_0_72000ef_0_1_3_0_0_0_72000ef_0_1_3_0_0
material,#twc/*7n_49_49_242n_242n_50n_50n
techset,#twc/lit_3_lit_rpl_ta1_20000000000002_0_0_3_3_0_72000ef_0_0_1_0_0_0_72000e7_0_1_3_0_0_0_72000ef_0_1_3_0_0
material,#twc/*7n_49_50n
material,#twc/*7n_50n
techset,#twc/lit_3_lit_alt_tca_420000000000002_20_0_2_2_0_72000ef_0_0_3_0_0_0_72000ef_0_0_3_0_0
material,#twc/*82n_88n
material,#twc/*87n_88n
material,#twc/*96n_96n
material,#twc/*99dn_103dn
material,#twc/*99dn_104n
techset,#twc/lit_3_lit_rpl_ta1_20000000000002_0_0_1_0_0_72000ef_0_0_1_0_0
material,#twc/cli_vista_road_01
material,#twc/coolingtower_grass_dirt
techset,#twc/lit_3_lit_alt_ta1_420000000000002_0_0_1_0_0_72000ef_0_0_1_0_0
material,#twc/dirt_stain_water_drips_01_top
techset,#twc/lit_3_lit_alt_tca_420000000000002_0_0_1_0_0_72000ef_0_0_3_0_0
material,#twc/par_wood_base_worn_a_01
material,#twc/s4_afr_coarse_sand_04_dec
material,#twc/s4_fra_concrete_bunker_01
material,#twc/s4_jpn_beach_sand_debris_01_rvl_bottom2
material,#twc/s4_jpn_beach_sand_rippled_01a_rvl_tnd
material,#twc/s4_jpn_beach_sand_rough_01_rvl
material,#twc/s4_jpn_beach_sand_rough_01_rvl_tnd
material,#twc/s4_jpn_beach_sand_tracks_01_rvl
techset,#twc/lit_3_lit_rpl_ta1_20000000000002_0_0_1_0_0_72008ef_0_0_1_0_0
material,#twc/s4_jpn_beach_sand_trampled_01
techset,#twc/lit_3_lit_alt_tca_420000000000002_0_0_1_0_0_72008ef_0_0_3_0_0
material,#twc/s4_jpn_beach_sand_trampled_01_rvl
material,#twc/s4_jpn_sand_foot_print_01a_rvl_tnd
material,#twc/sand_grainy_base_03_dec_top
material,#twc/shp_crate_decals_dec_01_dark
material,#twc/shp_crate_decals_dec_01_worn_dark
techset,#twc/lit_3_lit_alt_tca_420000000000002_0_0_1_0_0_72000e7_0_0_3_0_0
material,#twc/shp_sign_crate_01_dec
material,#twc/shp_wood_slats_interior_01
material,#twc/stone_pavement_01_straight
material,#twc/vie_ground_forest_floor_01_green_rvl
material,#twc/vie_ground_forest_floor_01_green_rvl_top
material,#twc/wood_boards_painted_greenolive_02a_rev
techset,#twck/lit_3_lit_rpl_ta1_20000000000002_20_0_2_2_0_72000ef_0_0_1_0_0_0_72008ef_0_0_3_0_0
material,#twck/*16dn_101n
techset,#twck/lit_3_lit_rpl_ta1_20000000000002_20_0_2_2_0_72000ef_0_0_1_0_0_0_72000ef_0_0_3_0_0
material,#twck/*16dn_121dn
techset,#twck/lit_3_lit_rpl_ta1_20000000000002_60_0_3_3_0_72000ef_0_0_1_0_0_0_72000ef_0_0_3_0_0_0_72008ef_0_0_3_0_0
material,#twck/*16dn_121dn_122dn
material,#twck/*16dn_122dn
material,#twck/*16dn_129n
material,#twck/*16dn_129n_101n
material,#twck/*16dn_82n
material,#twck/*16dn_82n_101n
techset,#twck/lit_3_lit_rpl_ta1_20000000000002_e0_0_4_4_0_72000ef_0_0_1_0_0_0_72000ef_0_0_3_0_0_0_72000ef_0_0_3_0_0_0_72008ef_0_0_3_0_0
material,#twck/*16dn_82n_88n_101n
material,#twck/*16dn_87n
material,#twck/*16dn_87n_101n
techset,#twck/lit_3_lit_rpl_ta1_20000000000002_60_0_3_3_0_72000ef_0_0_1_0_0_0_72000ef_0_0_3_0_0_0_72000ef_0_0_3_0_0
material,#twck/*16dn_87n_121dn
material,#twck/*16dn_87n_121dn_122dn
material,#twck/*16dn_87n_122dn
material,#twck/*16dn_87n_129n
material,#twck/*16dn_87n_129n_101n
material,#twck/*16dn_87n_82n_101n
material,#twck/*16dn_87n_88n_101n
material,#twck/*16dn_88n
material,#twck/*16dn_88n_101n
material,#twck/*16dn_88n_129n
material,#twck/*16dn_88n_129n_101n
techset,#twck/lit_3_lit_rpl_ta1_20000000000002_20_0_2_2_0_72000ef_0_0_1_0_0_0_72000ef_1_0_3_0_0
material,#twck/*32n_149dn
techset,#twck/lit_3_lit_rpl_ta1_20000000000002_60_0_3_3_0_72000ef_0_0_1_0_0_0_72000ef_1_0_3_0_0_0_272000ef_0_0_3_0_0
material,#twck/*32n_149dn_132n
techset,#twck/lit_3_lit_rpl_ta1_20000000000002_20_0_3_3_0_72000ef_0_0_1_0_0_0_72000ef_1_0_3_0_0_0_72000ef_0_0_3_0_0
material,#twck/*32n_149dn_151n
techset,#twck/lit_3_lit_rpl_ta1_20000000000002_a0_0_4_4_0_72000ef_0_0_1_0_0_0_72000ef_1_0_3_0_0_0_72000ef_0_0_3_0_0_0_272000ef_0_0_3_0_0
material,#twck/*32n_149dn_151n_132n
techset,#twck/lit_3_lit_rpl_ta1_20000000000002_60_0_3_3_0_72000ef_0_0_1_0_0_0_72000ef_0_1_3_0_0_0_72000ef_0_0_3_0_0
material,#twck/*57n_139n_141dn
material,#twck/*57n_141dn
techset,#twck/lit_3_lit_rpl_ta1_20000000000002_20_0_2_2_0_72008ef_0_0_1_0_0_0_72000ef_0_0_3_0_0
material,#twck/*63n_103dn
techset,#twck/lit_3_lit_rpl_ta1_20000000000002_60_0_3_3_0_72008ef_0_0_1_0_0_0_72000ef_0_0_3_0_0_0_72000ef_0_0_3_0_0
material,#twck/*63n_87n_103dn
material,#twck/*63n_87n_99dn
techset,#twck/lit_3_lit_rpl_ta1_20000000000002_e0_0_4_4_0_72008ef_0_0_1_0_0_0_72000ef_0_0_3_0_0_0_72000ef_0_0_3_0_0_0_72000ef_0_0_3_0_0
material,#twck/*63n_87n_99dn_103dn
material,#twck/*63n_88n_99dn_103dn
material,#twck/*63n_89n_99dn_103dn
material,#twck/*63n_90dn
material,#twck/*63n_90dn_103dn
material,#twck/*63n_90dn_99dn
material,#twck/*63n_90dn_99dn_103dn
material,#twck/*63n_99dn
material,#twck/*63n_99dn_103dn
material,#twck/*63n_99dn_103dn_104n
material,#twck/*63n_99dn_104n
techset,#twck/lit_3_lit_alt_tca_420000000000002_20_0_2_2_0_72000ef_0_0_3_0_0_0_72000ef_0_0_3_0_0
material,#twck/*99dn_103dn
material,#twck/*99dn_104n
techset,#twck/lit_3_lit_alt_tca_420000000000002_0_0_1_0_0_72000ef_0_0_3_0_0
material,#twck/s4_jpn_beach_sand_rippled_01a_rvl_tnd
material,#twck/s4_jpn_beach_sand_rough_01_rvl_tnd
material,#twck/s4_jpn_sand_foot_print_01a_rvl_tnd
techset,#twk/lit_3_lit_rpl_ta1_20000000000002_20_0_2_2_0_72000ef_0_0_1_0_0_0_72000ef_0_0_3_0_0
material,#twk/*16dn_88n
techset,#twk/lit_3_lit_rpl_ta1_20000000000002_20_0_2_2_0_72000ef_0_0_1_0_0_0_72000ef_1_0_3_0_0
material,#twk/*32n_149dn
material,#twk/*62n_194dn
techset,#twk/lit_3_lit_rpl_ta1_20000000000002_0_0_1_0_0_72000ef_0_0_1_0_0
material,#twk/brg_wood_painted_panels_02_tnd
techset,#twk/lit_3_lit_alt_tca_420000000000002_0_0_1_0_0_72000ef_0_0_3_0_0
material,#twk/s4_afr_coarse_sand_01_rvl_tnd_top
material,#twk/s4_jpn_beach_sand_rippled_01_tnd
material,#twk/s4_jpn_beach_sand_rippled_01a_rvl_tnd
stterrain,#mp_shipment_s4
decalvolumemask,#decal_mask_scatter_01_c
decalvolumemask,#decal_mask_scatter_13_c
decalvolumemask,#decal_mask_stain_08_c
fx_map_trzone,#mp_shipment_s4
edgelist,#mapedgelist_00000
edgelist,#mapedgelist_00527
aimarkup,#mp_shipment_s4
material,#mo/lambert1
xmodel,#ape_preview_cube
xmodel,#com_plasticcase_beige_big_iw6
material,#mo/mtl_deb_metal_shrapnel_b
xmodel,#deb_metal_shrapnel_b_04
xmodel,#deb_metal_shrapnel_b_08
material,#mo/construction_doors_wood_01_green
xmodel,#door_wood_double_a_l_01_green_destr_g2
xmodel,#door_wood_double_a_l_01_green_destr_g3
xmodel,#door_wood_double_a_l_01_green_destr_g4
xmodel,#dun_wood_palette_01_chunks
xmodel,#farmtools_shovel_01_destp
xmodel,#gen_bomb_site
xmodel,#highway_flag0
xmodel,#me_gas_lantern_01_on
xmodel,#me_gas_lantern_02
xmodel,#military_cp_crafting_crate_wood_destp
xmodel,#military_hq_crate_01_proxy
xmodel,#mp_hub_allies_brit_flood_light_01
xmodel,#p7_crate_wood_01_plank_d1
xmodel,#p7_crate_wood_01_plank_d2
xmodel,#s4_aac_cardboard_box_04_destp
xmodel,#s4_afr_ger_barrel_02_lid
xmodel,#s4_afr_ger_barrel_destroyed_02
xmodel,#s4_barrel_wood_small_01_destp
xmodel,#s4_cob_tire_pile_01_destp
xmodel,#s4_crate_wood_large_02_destp
xmodel,#s4_crate_wood_small_pieces_1_dyn
xmodel,#s4_fence_wood_slats_01_door_dyn_01
xmodel,#s4_fra_toy_duck_01_destp
xmodel,#s4_generic_bomb_for_crate_destp
xmodel,#s4_ger_cardboard_box_02_destp
xmodel,#s4_ger_container_ammo_metal_01_dyn
xmodel,#s4_ger_container_ammo_metal_02_dyn
xmodel,#s4_ger_container_ammo_metal_03_closed_dyn
xmodel,#s4_ger_jerry_can_01_water_destp
xmodel,#s4_ger_toolbox_open_full_01_closed_destp
xmodel,#s4_ger_toolbox_open_full_01_destp
xmodel,#s4_ger_water_bucket_01_destp
xmodel,#s4_jpn_gav_barrier_wood_128x34_01_debris_1
xmodel,#s4_jpn_gav_barrier_wood_128x34_01_debris_2
xmodel,#s4_jpn_gav_barrier_wood_128x34_01b_destp
xmodel,#s4_jpn_water_canteen_01_destp
xmodel,#s4_lon_create_set_02_destp
material,#mo/mtl_s4_rus_crate_01_metal
material,#mo/mtl_s4_rus_crate_01_decal
xmodel,#s4_lon_create_set_07_dry_destp
xmodel,#s4_lon_create_set_08_destp
xmodel,#s4_mayhem_cloth_small_01_m0
xmodel,#s4_mayhem_cloth_small_03_m0
xmodel,#s4_mayhem_cloth_small_04_m0
xmodel,#s4_mayhem_cloth_small_05_m0
material,#mo/mtl_s4_rus_bottle_glass_01
xmodel,#s4_rus_bottle_glass_01_destp
xmodel,#s4_rus_crate_apples_01_rotten
xmodel,#s4_rus_crate_fruit_x_dyn_01
xmodel,#s4_rus_crate_fruit_x_dyn_02
xmodel,#s4_rus_crate_lemon_01_rotten
xmodel,#s4_rus_crate_onion_01
xmodel,#s4_rus_crate_oranges_01
xmodel,#s4_rus_crate_oranges_01_rotten
xmodel,#s4_rus_crate_peaches_01
xmodel,#s4_rus_crate_potato_01_rotten
material,#mo/mtl_s4_rus_crate_set_04
xmodel,#s4_rus_crate_set_04_sm_destp
xmodel,#s4_rus_crate_tomatoes_01
xmodel,#s4_rus_medical_duffel_bag_01_strapless_destp
xmodel,#s4_rus_pile_floor_apple_01_rotten
xmodel,#s4_rus_pile_floor_orange_01
xmodel,#s4_rus_pile_floor_peach_01
xmodel,#s4_rus_single_apple_01_rotten
xmodel,#s4_rus_single_lemon_01_rotten
xmodel,#s4_rus_single_onion_01
xmodel,#s4_rus_single_orange_01
xmodel,#s4_rus_single_orange_01_rotten
xmodel,#s4_rus_single_peach_01
xmodel,#s4_rus_single_potato_01_rotten
xmodel,#s4_rus_single_tomato_01
xmodel,#s4_rus_sleeping_bag_01_destp
xmodel,#s4_usa_dolly_01_dyn
xmodel,#sd_equipment_bombsite_crate
xmodel,#sd_equipment_bombsite_crate_d
xmodel,#suv_gamma503_00_destp
xmodel,#suv_gamma503_00_destp_des
xmodel,#tm/aac_bg_building_window_c_02_b
xmodel,#tm/ach_sandbag_cover_02_dust
xmodel,#tm/ach_sandbag_cover_05
xmodel,#tm/ach_sandbag_cover_scatter_01
xmodel,#tm/ach_sandbag_single_03
xmodel,#tm/ach_sandbag_single_04
xmodel,#tm/awning_cloth_01_green_striped_01
xmodel,#tm/barrier_sandbag_128_short_02
xmodel,#tm/barrier_sandbag_64_short
xmodel,#tm/barrier_sandbag_single_01
xmodel,#tm/barrier_sandbag_single_03
xmodel,#tm/bldg_rileys_window_04_warm_01
xmodel,#tm/bsh_usa_ship_destroyer_damaged_vista_01
xmodel,#tm/btr_vista_crane
xmodel,#tm/ch_crate72x64_open
xmodel,#tm/cob_ladder_wooden_01
xmodel,#tm/com_trafficcone_01
xmodel,#tm/det_beach_ball_01
xmodel,#tm/dun_belongings_book_01
xmodel,#tm/dun_boat_trawler_01_vista
xmodel,#tm/dun_boat_yacht_01
xmodel,#tm/dun_boat_yacht_02
xmodel,#tm/dun_tarp_beach_01_sand
xmodel,#tm/dun_wood_palette_01_war_chunks
xmodel,#tm/dun_wood_palette_02
xmodel,#tm/ee_buildings_industrial_radiotower_01_rope_lm
xmodel,#tm/ee_buildings_industrial_radiotower_base_platform_01_b
xmodel,#tm/ee_buildings_industrial_radiotower_base_platform_02_b
xmodel,#tm/ee_buildings_industrial_radiotower_base_platform_railing_b
xmodel,#tm/ee_buildings_industrial_radiotower_ladder_cage_256_01
xmodel,#tm/ee_buildings_industrial_radiotower_ladder_support_01
xmodel,#tm/ee_buildings_industrial_radiotower_ladder_top_01
xmodel,#tm/ee_foliage_bush_common_fern_03
xmodel,#tm/egy_rock_cluster_sand_01
xmodel,#tm/egy_rock_cluster_sand_02
xmodel,#tm/electrical_wires_jumbled_loop_big
xmodel,#tm/electrical_wires_jumbled_loop_big_02
xmodel,#tm/foliage_s2_gc_roundleaf_mallow_01
xmodel,#tm/gen_bomb_site
xmodel,#tm/ger_ammo_box_small_03
xmodel,#tm/ger_ammo_box_small_04
xmodel,#tm/ger_barbed_wire_barricade_01_dmg
xmodel,#tm/ger_hammer_01
xmodel,#tm/ger_hedgehog_01_sand_dry
xmodel,#tm/ger_hedgehog_02_sand_dry
xmodel,#tm/ger_wrench_01
xmodel,#tm/gib_antenna_01
xmodel,#tm/glass_beer_bottle_fn_01
xmodel,#tm/greece_conf_cntr_umbrella_closed_01
xmodel,#tm/greece_conf_cntr_umbrella_opened_01
xmodel,#tm/greece_poolside_lounger_01
xmodel,#tm/halftrack_crane_00_static
xmodel,#tm/halftrack_crane_00_static_long
xmodel,#tm/halftrack_crane_drivetrain_00
xmodel,#tm/halftrack_crane_housing_00
xmodel,#tm/hr2_vista_bldgs_01_a
xmodel,#tm/hr2_vista_bldgs_01_g
xmodel,#tm/hr2_vista_bldgs_01_grp_a
xmodel,#tm/hr2_vista_bldgs_01_grp_c
xmodel,#tm/hr2_vista_bldgs_01_grp_d
xmodel,#tm/hr2_vista_bldgs_01_grp_e
xmodel,#tm/hr2_vista_bldgs_01_grp_f
xmodel,#tm/hr2_vista_bldgs_01_h
xmodel,#tm/hr2_vista_bldgs_01_j
xmodel,#tm/hr2_vista_bldgs_01_k
xmodel,#tm/hr2_vista_bldgs_01_l
xmodel,#tm/hub_summer_grill_01
xmodel,#tm/hub_summer_surfboard_01
xmodel,#tm/hub_summer_surfboard_01_b
xmodel,#tm/hub_summer_surfboard_02
xmodel,#tm/hub_summer_surfboard_02_b
xmodel,#tm/hub_tent_large_01
xmodel,#tm/hur_paper_garbage_01_dust
xmodel,#tm/hur_paper_garbage_03
xmodel,#tm/hur_paper_garbage_03_dust
xmodel,#tm/hur_tent_01_war_big
xmodel,#tm/hur_tent_02_war_big
xmodel,#tm/hur_tent_lrg_01
xmodel,#tm/hur_tent_lrg_02
xmodel,#tm/hur_tent_lrg_03
xmodel,#tm/hur_tent_lrg_04
xmodel,#tm/hur_tent_med
xmodel,#tm/lm_tree_dead_branch_02
xmodel,#tm/lm_weapon_vm_mg_mobile_turret_br
xmodel,#tm/lon_air_drop_can_01_b
xmodel,#tm/lon_create_set_02
xmodel,#tm/lon_create_set_04
xmodel,#tm/lon_create_set_04_green
xmodel,#tm/lon_create_set_04a_green
xmodel,#tm/lon_create_set_05
xmodel,#tm/lon_create_set_05_green
xmodel,#tm/lon_create_set_05a_green
xmodel,#tm/lon_create_set_07
xmodel,#tm/me_foliage_tree_palm_dead_01_billboard
xmodel,#tm/me_foliage_tree_palm_dead_02_billboard
xmodel,#tm/mkg_albizia_tree_01_wnd
xmodel,#tm/mkg_banana_tree_01_wnd
xmodel,#tm/mkg_banana_tree_02_wnd
xmodel,#tm/mkg_foliage_dead_leaf_debris_03
xmodel,#tm/mkg_foliage_plant_areca_hvy_wnd
xmodel,#tm/mkg_foliage_plant_areca_med_wnd
xmodel,#tm/mkg_foliage_plant_areca_sml_a_wnd
xmodel,#tm/mkg_foliage_plant_areca_sml_b_wnd
xmodel,#tm/mkg_foliage_ti_plant_cordyline_fruiticosa_01_short_wnd
xmodel,#tm/mkg_foliage_tree_broadleaf_filler_sm_03_wnd
xmodel,#tm/mkg_foliage_tree_date_palm_01_wnd
xmodel,#tm/mkg_foliage_tree_palm_coconut_tall_bent_01_wnd
xmodel,#tm/mkg_foliage_tree_palm_coconut_tall_bent_02_wnd
xmodel,#tm/mkg_foliage_tree_palm_coconut_tall_wnd
xmodel,#tm/mkg_foliage_tree_palm_frond_01
xmodel,#tm/mkg_foliage_tree_palm_frond_02
xmodel,#tm/mkg_foliage_tree_palm_frond_03
xmodel,#tm/mkg_foliage_tree_palm_frond_04
xmodel,#tm/mkg_foliage_tree_palm_frond_05
xmodel,#tm/mkg_foliage_tree_palm_frond_07
xmodel,#tm/mkg_hanging_vines_01_wnd
xmodel,#tm/mkg_hanging_vines_03_wnd
xmodel,#tm/mkg_hanging_vines_04_wnd
xmodel,#tm/mkg_hanging_vines_07_wnd
xmodel,#tm/mkg_hanging_vines_08_wnd
xmodel,#tm/mkg_jungle_plant_01
xmodel,#tm/mkg_mangrove_palm_01_wnd
xmodel,#tm/mkg_mangrove_palm_short_wnd
xmodel,#tm/mkg_vista_jungle_cluster_01
xmodel,#tm/mkg_vista_jungle_cluster_02
xmodel,#tm/mkg_vista_jungle_cluster_04
xmodel,#tm/mp_hub_allies_dest_supply_truck_vista_01
xmodel,#tm/mp_hub_allies_lct_transport_01
xmodel,#tm/ndy_rock_set_sml_03
xmodel,#tm/ndy_seaweed_cluster_01_sand_wet
xmodel,#tm/ndy_seaweed_hedgehog_01
xmodel,#tm/ndy_usa_ship_arkansas_vista_01
xmodel,#tm/p7_zm_kin_bottle_beer
xmodel,#tm/par_art_deco_sconces_02
xmodel,#tm/par_art_deco_sculpture_fixture_01
xmodel,#tm/par_railing_wood_03
xmodel,#tm/par_railing_wood_bannister_01
xmodel,#tm/periph_city_uk_yacht_03
xmodel,#tm/periph_yacht_04
xmodel,#tm/periph_yacht_04_black
xmodel,#tm/pool_towel2_purple
xmodel,#tm/poolside_towel_02
xmodel,#tm/poolside_towel_floor_01
xmodel,#tm/s4_afr_champhill_wood_crate_01
xmodel,#tm/s4_afr_ger_barrel_03_desert
xmodel,#tm/s4_cob_tire_pile_01
xmodel,#tm/s4_foliage_poppy_flower_vista_01
xmodel,#tm/s4_ger_checkpoint_hut_barrier_01
xmodel,#tm/s4_ger_container_ammo_metal_01
xmodel,#tm/s4_ger_crate_ammo_palette_stack_tarp_02_desert
xmodel,#tm/s4_ger_jerry_can_01_water
xmodel,#tm/s4_ger_toolbox_open_full_01_destp
xmodel,#tm/s4_ger_train_barrels_01
xmodel,#tm/s4_ger_tuscan_tarps_04_dust
xmodel,#tm/s4_ger_water_bucket_01_destp
xmodel,#tm/s4_jpn_beach_seaweed_bunch_large_01
xmodel,#tm/s4_jpn_beach_seaweed_bunch_medium_01
xmodel,#tm/s4_jpn_beach_seaweed_bunch_small_01
xmodel,#tm/s4_jpn_beach_seaweed_clump_long_02
xmodel,#tm/s4_jpn_beach_seaweed_clump_medium_01
xmodel,#tm/s4_jpn_beach_seaweed_clump_small_01
xmodel,#tm/s4_jpn_bgv_foliage_tree_coconut_palm_02_wnd
xmodel,#tm/s4_jpn_bgv_foliage_tree_date_palm_02_frond_01
xmodel,#tm/s4_jpn_bgv_foliage_tree_date_palm_frond_01_faded
xmodel,#tm/s4_jpn_bgv_mangrove_palm_01
xmodel,#tm/s4_jpn_bgv_mangrove_palm_02
xmodel,#tm/s4_jpn_bgv_stephania_cephalantha_01
xmodel,#tm/s4_jpn_grass_green_03
xmodel,#tm/s4_jpn_herbweed_dead
xmodel,#tm/s4_jpn_palm_debris_06
xmodel,#tm/s4_jpn_radio_mid_tower_frame_01_red
xmodel,#tm/s4_jpn_radio_tower_base_01
xmodel,#tm/s4_jpn_sand_clump_02
xmodel,#tm/s4_jpn_sand_footprints_clump_01
xmodel,#tm/s4_jpn_sand_footprints_clump_02
xmodel,#tm/s4_jpn_volcanic_cliff_02_wet
xmodel,#tm/s4_jpn_volcanic_cliff_03
xmodel,#tm/s4_jpn_volcanic_cliff_03_wet
xmodel,#tm/s4_jpn_volcanic_cliff_04
xmodel,#tm/s4_jpn_volcanic_cliff_04_wet
xmodel,#tm/s4_jpn_volcanic_cliff_05
xmodel,#tm/s4_jpn_volcanic_cliff_05_wet
xmodel,#tm/s4_jpn_volcanic_cliff_06
xmodel,#tm/s4_jpn_volcanic_cliff_06_wet
xmodel,#tm/s4_jpn_volcanic_cliff_07
xmodel,#tm/s4_jpn_volcanic_cliff_07_wet
xmodel,#tm/s4_jpn_volcanic_cliff_08_wet
xmodel,#tm/s4_jpn_volcanic_cliff_09
xmodel,#tm/s4_jpn_volcanic_cliff_09_c
xmodel,#tm/s4_jpn_volcanic_cliff_10
xmodel,#tm/s4_jpn_volcanic_cliff_10_c
xmodel,#tm/s4_jpn_volcanic_cliff_11
xmodel,#tm/s4_jpn_volcanic_cliff_12_c
xmodel,#tm/s4_jpn_volcanic_rock_01
xmodel,#tm/s4_jpn_volcanic_rock_02
xmodel,#tm/s4_jpn_volcanic_rock_02_dark
xmodel,#tm/s4_jpn_volcanic_rock_16_dark
xmodel,#tm/s4_jpn_volcanic_rock_17
xmodel,#tm/s4_jpn_volcanic_rock_ground_01
xmodel,#tm/s4_jpn_volcanic_rock_ground_08
xmodel,#tm/s4_jpn_volcanic_rock_ground_08_wet
xmodel,#tm/s4_jpn_volcanic_rock_ground_12
xmodel,#tm/s4_mp_gav_wires_01
xmodel,#tm/s4_rus_foliage_grass_dry_01
xmodel,#tm/s4_rus_lantern_01_on
xmodel,#tm/s4_rus_sandbag_set_128_double
xmodel,#tm/s4_rus_sandbag_set_128_short_02
xmodel,#tm/s4_rus_sandbag_set_end_l_01
xmodel,#tm/s4_sand_clump_edge_128_a
xmodel,#tm/s4_usa_oil_barrel_01_blue
xmodel,#tm/s4_usa_oil_barrel_02_green
xmodel,#tm/s4_usa_ship_dolly_01_destp
xmodel,#tm/s4_usa_ship_lifeboat_mount_hook_01
xmodel,#tm/s4_usa_shipment_camo_net
xmodel,#tm/s4_usa_trans_willys_jeep_01_destp_p
xmodel,#tm/s4_usa_tropical_mountain_01
xmodel,#tm/s4_zm_jpn_construction_plywood_stacks_01
xmodel,#tm/s4_zm_jpn_farm_tools_shovel_01
xmodel,#tm/s4_zm_jpn_foliage_tree_palm_coconut_tall_vista
xmodel,#tm/s4_zm_jpn_lamp_post_wood_hook
xmodel,#tm/sd_equipment_bombsite_crate_d
xmodel,#tm/sfps_usa_vehicle_depot_01_green
xmodel,#tm/shp_jeep_crate_01
xmodel,#tm/shp_jeep_crate_02
xmodel,#tm/shp_jeep_crate_04
xmodel,#tm/shp_jeep_crate_04_dark
xmodel,#tm/shp_jeep_crate_lid_01
xmodel,#tm/shp_jeep_crate_strap_01
xmodel,#tm/shp_jeep_crate_strap_03
xmodel,#tm/shp_jeep_crate_strap_04
xmodel,#tm/shp_jeep_crate_strap_05
xmodel,#tm/shp_jeep_crate_strap_06
xmodel,#tm/shp_jeep_crate_strap_07
xmodel,#tm/shp_jeep_crate_strap_08
xmodel,#tm/shp_jeep_crate_strap_09
xmodel,#tm/shp_jeep_crate_strap_11
xmodel,#tm/shp_jeep_crate_strap_12
xmodel,#tm/shp_jeep_crate_strap_13
xmodel,#tm/shp_jeep_crate_tarp_01
xmodel,#tm/shp_rope_net_05
xmodel,#tm/shp_rope_net_06
xmodel,#tm/shp_rope_net_07
xmodel,#tm/suv_gamma503_00_static
xmodel,#tm/tkn_checkpoint_hut_01_snow
xmodel,#tm/toy_pool_inflated_beach_ball_01
xmodel,#tm/toy_pool_inflated_tube_01
xmodel,#tm/un_industrial_wooden_pallet_01
xmodel,#tm/us_crate_ammo_tank_01
xmodel,#tm/usa_bulldozer_ca1_01_static
xmodel,#tm/usa_clipboard_org1
xmodel,#tm/usa_mil_truck_m35_static
xmodel,#tm/vehicle_v22_osprey_damaged_static_bladepiece_left
xmodel,#tm/vie_foliage_acacia_bush_01_a_wnd
xmodel,#tm/vie_foliage_elephant_ear_01_a_wnd
xmodel,#tm/vm_shovel_00
xmodel,#tm/watertank_ladder_144
xmodel,#un_industrial_wooden_pallet_01_destr
xmodel,#un_industrial_wooden_pallet_01_destr_s1_f1
xmodel,#un_industrial_wooden_pallet_01_destr_s1_f2
xmodel,#un_industrial_wooden_pallet_01_destr_s1_f4
xmodel,#usa_medical_supplies_box_bandages_closed_01_dyn
material,#mo/mtl_debris_wood_splinters_1
xmodel,#vfx_debris_wood_splinters_1_g2
xmodel,#vfx_debris_wood_splinters_1_g3
xmodel,#vfx_debris_wood_splinters_1_g4
mayhem,#s4_mayhem_cloth_small_01
mayhem,#s4_mayhem_cloth_small_03
mayhem,#s4_mayhem_cloth_small_04
mayhem,#s4_mayhem_cloth_small_05
vfx,#vfx/iw7/prop/vfx_veh_civ_lnd_un_bus_glass_decal
material,#elcq/vfx_mat_packed_fire_11
vfx,#vfx/iw8/core/molotov/vfx_molotov_expl_area_01
material,#elcq/vfx_pyro_spark_shapes_sheet_4
vfx,#vfx/iw8/prop/dynolight/death/vfx_dynolight_spark_death_ch
material,#elcq/vfx_fluid_water_splash_1
vfx,#vfx/iw8/prop/scriptables/shared/vfx_imp_oil_stream_impact_ch
material,#elcq/vfx_pyro_spark_burst_core_sheet_1
material,#elcq/vfx_debris_embers_sheet_2
material,#elcq/vfx_pyro_spark_dot_flicker_loop_1
material,#elcq/vfx_pyro_spark_streak_fat_sheet_1
material,#elcq/vfx_vol_tendril_thin_fork_anim_1
material,#elcq/vfx_vol_smoke_wispy_swirl_loop_1
vfx,#vfx/iw8/prop/scriptables/shared/vfx_sparks_fly_electrical_sml
material,#elcq/vfx_pyro_fireball_roll_anim_large_1
material,#ecf/vfx_postfx_flare_anamorphic_3
material,#elcq/vfx_debris_glass_shard_1
vfx,#vfx/iw8/prop/scriptables/shared/vfx_tv_exp_sparks_med
physicsfxpipeline,#physfxpip_debris
physicsfxshape,#phys_door_wood_double_a_l_01_green_destr_g1
xmodel,#door_wood_double_a_l_01_green_destr_g5
physicsfxshape,#phys_door_wood_double_a_l_01_green_destr_g5
material,#elcq/vfx_vol_smoke_roll_anim_1
material,#elcq/vfx_fluid_viscous_splat_sheet_1
material,#elcq/vfx_debris_filler_sheet_2
vfx,#vfx/iw8/prop/scriptables/shared/vfx_wood_door_lrg
material,#elc/vfx_debug_test_1
vfx,#vfx/iw8/prop/scriptables/vfx_cnd_computer_01_debris
material,#elcq/vfx_pyro_fire_fuel_tall_lrg_loop_1
vfx,#vfx/iw8/prop/scriptables/vfx_dest_barrel_fire
vfx,#vfx/iw8/prop/scriptables/vfx_door_wood_double_a_l_01_green_s2
material,#elcq/vfx_vol_smoke_wispy_loop_1
xmodel,#vfx_debris_wood_splinters_1_g1
vfx,#vfx/iw8/prop/scriptables/vfx_un_industrial_wooden_pallet_01_debris
vfx,#vfx/iw8/veh/scriptables/vfx_veh_wheel_air_leak_child
vfx,#vfx/iw8/veh/scriptables/vfx_veh_wheel_air_leak
vfx,#vfx/iw8/veh/scriptables/vfx_veh_wheel_air_leak_right_large
physicsfxpipeline,#physfxpip_sparks
physicsfxshape,#vfx_physfxpip_particle_spark
vfx,#vfx/iw8/weap/_impact/incendiary/vfx_imp_incendairy_spark_ch
xmodel,#vfx_burning_cylinder_1
material,#elcq/vfx_pyro_fire_base_anim_1
vfx,#vfx/iw8/weap/_impact/incendiary/vfx_incendiary_limbs
material,#elcq/vfx_pyro_spark_burst_sheet_1
vfx,#vfx/iw8_br/gen_amb/vfx_br_imp_spark_ch
xmodel,#vfx_animal_sparrow_body
xmodel,#vfx_animal_sparrow_wing_right
xmodel,#vfx_animal_sparrow_wing_left
vfx,#vfx/iw8_mp/gen_amb/vfx_birds_sparrow_circling_ch
material,#elcq/vfx_vol_dust_ball_anim_1
material,#elcq/vfx_debris_rocks_atlas
material,#elcq/vfx_debris_dirt_filler_sheet_1
xmodel,#vfx_debris_asphalt_1_g1
xmodel,#vfx_debris_concrete_1_g1
xmodel,#vfx_debris_dirt_chunks_1_g1
physicsfxshape,#phys_vfx_debris_asphalt_1
vfx,#vfx/iw8_mp/gen_amb/vfx_falling_dust_ceiling_ch1
vfx,#vfx/iw8_mp/gen_amb/vfx_falling_dust_ceiling_ch2
vfx,#vfx/iw8_mp/level/torez/vfx_torez_oil_spill_decal
vfx,#vfx/iw8_mp/level/torez/vfx_torez_oil_stream
material,#elcqp/vfx_mat_elec_spark_long_sheet_1
material,#elcq/vfx_pyro_spark_starry_sheet_2
material,#elcq/vfx_mat_glow_light_round_01
vfx,#vfx/s4/electric/elec_sparks_script_destruction_ch
vfx,#vfx/s4/electric/elec_sparks_script_destruction_rnr
vfx,#vfx/s4/fluid/ocean_wave_xlarge_01_ch
vfx,#vfx/s4/gameplay/vfx_patrol_border_contested
vfx,#vfx/s4/gameplay/vfx_patrol_border_contested_rnr
vfx,#vfx/s4/gameplay/vfx_patrol_border_enemy
vfx,#vfx/s4/gameplay/vfx_patrol_border_enemy_rnr
vfx,#vfx/s4/gameplay/vfx_patrol_border_friendly
vfx,#vfx/s4/gameplay/vfx_patrol_border_friendly_rnr
vfx,#vfx/s4/gameplay/vfx_patrol_border
vfx,#vfx/s4/gameplay/vfx_patrol_border_rnr
vfx,#vfx/s4/level/red_star/rs_ceiling_fire_drip_ch
material,#elcq/vfx_bio_mosquito_01
vfx,#vfx/s4/level/shipment/s1_ship_fest_bio_mosquitoes_dense_01
vfx,#vfx/s4/level/shipment/s1_ship_fest_birds_sparrows_circling
vfx,#vfx/s4/level/shipment/s1_ship_fest_birds_sparrows_circling_mvp
material,#elcq/vfx_vol_weather_cloud_misty_sheet_1
vfx,#vfx/s4/level/shipment/s1_ship_fest_blowing_sand_exterior
vfx,#vfx/s4/level/shipment/s1_ship_fest_blowing_sand_exterior_mvp
material,#elcq/vfx_vol_dust_ground_snake_anim_1
material,#elcqp/vfx_mat_particulate_dust_sheet_2
material,#elcq/vfx_vol_smk_wispy_swirl_b
vfx,#vfx/s4/level/shipment/s1_ship_fest_dust_snake_01
vfx,#vfx/s4/level/shipment/s1_ship_fest_dust_snake_01_mvp
vfx,#vfx/s4/level/shipment/s1_ship_fest_dust_snake_01_rnr
vfx,#vfx/s4/level/shipment/s1_ship_fest_dust_snake_01_rnr_mvp
material,#elcq/vfx_debris_grass_sheet_1
material,#elcq/vfx_debris_leaf_bits_sheet_1
vfx,#vfx/s4/level/shipment/s1_ship_fest_dust_swirl_01
vfx,#vfx/s4/level/shipment/s1_ship_fest_dust_swirl_01_mvp
vfx,#vfx/s4/level/shipment/s1_ship_fest_dust_swirl_01_rnr
vfx,#vfx/s4/level/shipment/s1_ship_fest_dust_swirl_01_rnr_mvp
vfx,#vfx/s4/level/shipment/s1_ship_fest_ocean_wave_xlarge_01
vfx,#vfx/s4/level/shipment/s1_ship_fest_react_falling_dust_01
vfx,#vfx/s4/level/shipment/s1_ship_fest_sand_blowing_screen_01
vfx,#vfx/s4/level/shipment/s1_ship_fest_sand_gust_particulates_01
vfx,#vfx/s4/level/shipment/s1_ship_fest_water_splash_01
vfx,#vfx/s4/level/shipment/s1_ship_fest_water_splash_01_mvp
vfx,#vfx/s4/mayhem/may_cloth_small_01
vfx,#vfx/s4/mayhem/may_cloth_small_03
vfx,#vfx/s4/mayhem/may_cloth_small_03_mvp
vfx,#vfx/s4/mayhem/may_cloth_small_04
vfx,#vfx/s4/mayhem/may_cloth_small_04_mvp
vfx,#vfx/s4/mayhem/may_cloth_small_05
vfx,#vfx/s4/mayhem/may_cloth_small_05_mvp
material,#elcq/vfx_vol_steam_pipe_burst_anim_1
material,#elcq/vfx_debris_cinderblock_sheet_1
vfx,#vfx/s4/props_destp/s4_jpn_gav_barrier_wood_128x34_01_destp
material,#elcqp/vfx_pyro_spark_dot_flicker_loop_1
vfx,#vfx/s4/props_destp/vfx_crate_sparks_rnr
material,#elcq/vfx_vol_smoke_white_anim_1
material,#elcq/vfx_vol_smoke_thick_anim_1
material,#elcq/vfx_vol_smoke_wispy_anim_1
material,#elcq/vfx_pyro_exp_rise
material,#elcq/vfx_postfx_glow_abstract_2
material,#elcq/vfx_pyro_fireball_expl_fxelem_anim_3
vfx,#vfx/s4/props_destp/s4_lon_create_set_08_destp
vfx,#vfx/s4/props_destp/s4_mp_sp_generic_fx_for_all_windshields_destp
vfx,#vfx/s4/props_destp/s4_wall_explosion_destp
vfx,#vfx/s4/props_destp/vfx_imp_s4_apples_01_rotten_destp
xmodel,#s4_ger_wine_bottle_02_destr_4_destp
xmodel,#s4_ger_wine_bottle_02_destr_5_destp
material,#elcq/vfx_fluid_water_splash_top_med_anim_1
xmodel,#s4_ger_wine_bottle_02_destr_1_destp
xmodel,#s4_ger_wine_bottle_02_destr_2_destp
xmodel,#s4_ger_wine_bottle_02_destr_3_destp
material,#i/vfx_fluid_water_fx_pool_01
vfx,#vfx/s4/props_destp/vfx_imp_s4_ger_wine_bottle_02_destp
vfx,#vfx/s4/props_destp/vfx_imp_s4_orange_01_destp_01
vfx,#vfx/s4/props_destp/vfx_imp_s4_orange_01_rotten_destp_01
vfx,#vfx/s4/props_destp/vfx_imp_s4_peaches_01_destp_01
vfx,#vfx/s4/props_destp/vfx_imp_s4_rus_lemon_rotten_destp_01
vfx,#vfx/s4/props_destp/vfx_imp_s4_rus_onion_destp_01
vfx,#vfx/s4/props_destp/vfx_imp_s4_rus_potato_rotten_destp_01
vfx,#vfx/s4/props_destp/vfx_imp_s4_rus_tomato_destp_01
vfx,#vfx/s4/props_destp/vfx_imp_s4_wood_barrel_slats_01_dest_med_a
vfx,#vfx/s4/props_destp/vfx_s4_crate_final_big_detsp_expl
vfx,#vfx/s4/props_destp/vfx_s4_crate_final_medium_detsp_expl
material,#elcq/vfx_vol_smoke_expl_flack_anim_1
vfx,#vfx/s4/props_destp/vfx_s4_crate_wood_small_exp
vfx,#vfx/s4/props_destp/vfx_s4_rus_crate_fruit_dest_expl_med
vfx,#vfx/s4/props_destp/vfx_s4_wood_barrel_base_01
material,#ecf/vfx_postfx_flare_rainbow_ring_solid_1
material,#ecf/vfx_postfx_dirty_lens_main_1
material,#ecf/vfx_postfx_flare_streaks_hard_1
material,#ecf/vfx_postfx_glow_1
vfx,#vfx/s4/sunflares/vfx_mp_shipment_s4_sunflare
material,#elcq/vfx_vol_smoke_ball_roll_loop_1
vfx,#vfx/s4/level/stalingrad_summer/stalingrad_smr_truck_exp_01_debris_spray_rn
material,#i/vfx_decal_surface_scorch_1
material,#i/vfx_decal_surface_scorch_2
vfx,#vfx/iw8/weap/_explo/debris/vfx_explo_xx_cld_firechunk_01xs
vfx,#vfx/s4/explosion/vfx_exp_veh_truck_02_spark_ch
material,#elcq/vfx_vol_tendril_thick_anim_1
material,#elcq/vfx_vol_smoke_ball_soft_loop_1
material,#elcq/vfx_vol_dust_turbulent_corner_anim_1
material,#elcq/vfx_smoke_billow_white_01
material,#elcq/vfx_exp_gas_lg_07_4k_ramp
material,#elcq/vfx_pryo_fireball_aerial_lrg_2_ramp
material,#elcq/vfx_vol_smk_exp_burst_billow_dense_01_anim_z100
material,#elcq/vfx_smoke_wispy_loop_03_mv_zp50
material,#elcq/vfx_dist_ring_4
vfx,#vfx/s4/vehicle/scriptables/veh_exp_car_rnr
material,#elcq/vfx_mat_packed_fire_04
material,#i/vfx_decal_spotfire_sheet_1
vfx,#vfx/s4/vehicle/scriptables/veh_gndfire_small_ch
material,#elcq/vfx_mat_packed_fire_13
material,#elcq/vfx_mat_packed_fire_09
material,#elcq/vfx_mat_packed_fire_02
material,#elcq/vfx_pyro_fire_burst_ball_anim_2
vfx,#vfx/s4/vehicle/scriptables/veh_explosion_truck_galpha415_child
vfx,#vfx/s4/vehicle/scriptables/veh_gndfire_car_rnr
material,#elcq/vfx_vol_smoke_soft_billow_loop_1
vfx,#vfx/s4/vehicle/scriptables/veh_explosion_car_tyankee82
vfx,#vfx/s4/vehicle/scriptables/veh_fire_remain_02
material,#elcq/vfx_pyro_fire_tall_loop_1
material,#elcq/vfx_pyro_fire_flame_lar_1
vfx,#vfx/z/fire/fire_spurt_sml
vfx,#vfx/z/destruct/dest_barrel_flames
vfx,#vfx/iw8/prop/scriptables/shared/vfx_sparks_fly_med
material,#elcq/vfx_pyro_spark_streak_wiggle_sheet_1
vfx,#vfx/iw8/weap/_explo/vfx_explo_frag_gren_cld_shraphit1
vfx,#vfx/iw8/weap/_explo/vfx_explo_frag_gren_cld_shraphit2
material,#elcq/vfx_mat_packed_fire_07
material,#elcq/vfx_dist_heat_loop_heavy_1
material,#elcq/vfx_mat_packed_fire_08
xmodel,#vfx_debris_metal_shrapnel_a_01
xmodel,#vfx_debris_metal_shrapnel_a_02
xmodel,#vfx_debris_metal_shrapnel_a_03
xmodel,#vfx_debris_metal_shrapnel_a_04
xmodel,#vfx_debris_metal_shrapnel_a_05
xmodel,#vfx_debris_metal_shrapnel_a_06
xmodel,#vfx_debris_metal_shrapnel_a_07
xmodel,#vfx_debris_metal_shrapnel_a_08
xmodel,#vfx_debris_metal_shrapnel_a_09
xmodel,#vfx_debris_metal_shrapnel_a_10
xmodel,#vfx_debris_metal_shrapnel_a_11
xmodel,#vfx_debris_metal_shrapnel_a_12
xmodel,#vfx_debris_metal_shrapnel_a_13
xmodel,#vfx_debris_metal_shrapnel_a_14
xmodel,#vfx_debris_metal_shrapnel_a_15
xmodel,#vfx_debris_metal_shrapnel_a_16
vfx,#vfx/iw8/weap/_explo/vfx_explo_frag_gren_cld_chockhit1
vfx,#vfx/iw8_mp/level/hackyard/vfx_explo_c4_cld_sparkarm1
material,#i/vfx_decal_surface_scorch_3
material,#elcq/vfx_mat_explosion_fireball_ramp_03
material,#elcq/vfx_debris_screendirt_1
vectorfield,#vectorfields/vf_spherical_out_med_force_fthd_d16
vfx,#vfx/z/destruct/dest_red_barrel_exp_fire
material,#elcq/vfx_vol_dust_impact_anim_4_z15
material,#elcq/vfx_vol_dust_dirt_hit_anim_2
vfx,#vfx/z/explosion/imp_general_smoke_puff_01
vfx,#vfx/s4/weapon/_impact/wood_solid/vfx_imp_wood_solid_xlrg
scriptable,#dun_wood_palette_01
scriptable,#farmtools_shovel_01_destp
scriptable,#me_gas_lantern_01_on
scriptable,#me_gas_lantern_02_dest
scriptable,#military_cp_crafting_crate_wood_destp
scriptable,#mp_hub_allies_brit_flood_light_01_shot_flicker
xmodel,#hp_chevron_rig
scriptable,#patrol_border
vfx,#vfx/core/mp/core/vfx_esports_hp_chev_neutral
vfx,#vfx/s4/gameplay/vfx_chevron_marker
vfx,#vfx/core/mp/core/vfx_esports_hp_chev_contest_right
vfx,#vfx/core/mp/core/vfx_esports_hp_chev_contest_left
vfx,#vfx/s4/gameplay/vfx_chevron_marker_contested
vfx,#vfx/core/mp/core/vfx_esports_hp_chev_axis
vfx,#vfx/s4/gameplay/vfx_chevron_marker_friendly
vfx,#vfx/s4/gameplay/vfx_chevron_marker_enemy
vfx,#vfx/core/mp/core/vfx_esports_hp_chev_allies
vfx,#vfx/s4/gameplay/vfx_control_chevron_border
vfx,#vfx/s4/gameplay/vfx_hardpoint_chevron_border_valentines
vfx,#vfx/s4/gameplay/vfx_hardpoint_chevron_border_valentines_contested
vfx,#vfx/s4/gameplay/vfx_hardpoint_chevron_border_valentines_friendly
vfx,#vfx/s4/gameplay/vfx_hardpoint_chevron_border_valentines_enemy
vfx,#vfx/s4/gameplay/vfx_control_chevron_border_valentines
vfx,#vfx/s4/gameplay/vfx_control_chevron_border_valentines_contested
vfx,#vfx/s4/gameplay/vfx_control_chevron_border_valentines_friendly
vfx,#vfx/s4/gameplay/vfx_control_chevron_border_valentines_enemy
scriptable,#patrol_chevron
scriptable,#s4_aac_cardboard_box_04_destp
rumble,#damage_heavy
scriptable,#s4_afr_ger_barrel_02_lid_destp
scriptable,#s4_barrel_wood_small_01_destp
scriptable,#s4_cob_tire_pile_01_destp
scriptable,#s4_crate_wood_large_02_postlaunch
scriptable,#s4_fra_toy_duck_01_destp
scriptable,#s4_ger_cardboard_box_02_destp
scriptable,#s4_ger_container_ammo_metal_01_colmap_dyn
scriptable,#s4_ger_container_ammo_metal_01_dyn
scriptable,#s4_ger_container_ammo_metal_02_dyn
scriptable,#s4_ger_container_ammo_metal_03_closed_dyn
scriptable,#s4_ger_jerry_can_01_water_destp
scriptable,#s4_ger_toolbox_open_full_01_closed_destp
scriptable,#s4_ger_toolbox_open_full_01_destp
scriptable,#s4_ger_water_bucket_01_destp
scriptable,#s4_jpn_gav_barrier_wood_128x34_01b_destp
scriptable,#s4_jpn_water_canteen_01_destp
scriptable,#s4_lon_create_set_02_destp
scriptable,#s4_lon_create_set_07_dry_destp
scriptable,#s4_lon_create_set_08_destp
scriptable,#s4_rus_bottle_glass_01
scriptable,#s4_rus_crate_apples_01_rotten
scriptable,#s4_rus_crate_lemon_01_rotten
scriptable,#s4_rus_crate_onion_01
scriptable,#s4_rus_crate_orange_01
scriptable,#s4_rus_crate_orange_01_rotten
scriptable,#s4_rus_crate_peaches_01
scriptable,#s4_rus_crate_potato_01_rotten
scriptable,#s4_rus_crate_set_04_sm_destp
scriptable,#s4_rus_crate_tomatoes_01
scriptable,#s4_rus_medical_duffel_bag_01_destp
scriptable,#s4_rus_pile_floor_apples_01_rotten
scriptable,#s4_rus_pile_floor_orange_01
scriptable,#s4_rus_pile_floor_peach_01
scriptable,#s4_rus_sleeping_bag_01_destp
scriptable,#s4_usa_dolly_01_dyn
vfx,#vfx/iw8/veh/scriptables/vfx_veh_smoke_ground_light
vfx,#vfx/iw8/veh/scriptables/vfx_veh_smoke_ground_heavy
vfx,#vfx/s4/weapon/_impact/metal/vfx_imp_metal_thick_lrg
vfx,#vfx/s4/weapon/_impact/metal/vfx_imp_metal_nonpen_lrg
weapon,#s4_frag_usa_mk2_mp
vfx,#vfx/iw8/veh/scriptables/vfx_veh_glass_window_side
scriptable,#suv_gamma503_00_destp
scriptable,#un_industrial_wooden_pallet_01
scriptable,#usa_medical_supplies_box_bandages_closed_01_dyn
dynentitylist,#dynentitylist0
vfx,#vfx/core/shell/20mm_resting
vfx,#vfx/iw7/core/shell/rifle/rifle_resting_none
vfx,#vfx/iw7/core/shell/rifle/rifle_resting_bark
vfx,#vfx/iw7/core/shell/rifle/rifle_resting_brick
vfx,#vfx/iw7/core/shell/rifle/rifle_resting_carpet_solid
vfx,#vfx/iw7/core/shell/rifle/rifle_resting_cloth
vfx,#vfx/iw7/core/shell/rifle/rifle_resting_concrete_dry
vfx,#vfx/iw7/core/shell/rifle/rifle_resting_dirt
vfx,#vfx/iw7/core/shell/rifle/rifle_resting_flesh
vfx,#vfx/iw7/core/shell/rifle/rifle_resting_foliage_dry
vfx,#vfx/iw7/core/shell/rifle/rifle_resting_glass_pane
vfx,#vfx/iw7/core/shell/rifle/rifle_resting_grass_short
vfx,#vfx/iw7/core/shell/rifle/rifle_resting_gravel
vfx,#vfx/iw7/core/shell/rifle/rifle_resting_ice_solid
vfx,#vfx/iw7/core/shell/rifle/rifle_resting_metal_thick
vfx,#vfx/iw7/core/shell/rifle/rifle_resting_metal_grate
vfx,#vfx/iw7/core/shell/rifle/rifle_resting_mud
vfx,#vfx/iw7/core/shell/rifle/rifle_resting_paper
vfx,#vfx/iw7/core/shell/rifle/rifle_resting_plaster
vfx,#vfx/iw7/core/shell/rifle/rifle_resting_rock
vfx,#vfx/iw7/core/shell/rifle/rifle_resting_sand
vfx,#vfx/iw7/core/shell/rifle/rifle_resting_snow
vfx,#vfx/iw7/core/shell/rifle/rifle_resting_water
vfx,#vfx/iw7/core/shell/rifle/rifle_resting_wood_solid
vfx,#vfx/iw7/core/shell/rifle/rifle_resting_asphalt_dry
vfx,#vfx/iw7/core/shell/rifle/rifle_resting_ceramic
vfx,#vfx/iw7/core/shell/rifle/rifle_resting_plastic
vfx,#vfx/iw7/core/shell/rifle/rifle_resting_rubber
vfx,#vfx/iw7/core/shell/rifle/rifle_resting_fruit
vfx,#vfx/iw7/core/shell/rifle/rifle_resting_riotshield
vfx,#vfx/iw7/core/shell/rifle/rifle_resting_slush
vfx,#vfx/iw7/core/shell/rifle/rifle_resting_asphalt_wet
vfx,#vfx/iw7/core/shell/rifle/rifle_resting_carpet_wood
vfx,#vfx/iw7/core/shell/rifle/rifle_resting_carpet_metal
vfx,#vfx/iw7/core/shell/rifle/rifle_resting_concrete_wet
vfx,#vfx/iw7/core/shell/rifle/rifle_resting_cushion
vfx,#vfx/iw7/core/shell/rifle/rifle_resting_default
vfx,#vfx/iw7/core/shell/rifle/rifle_resting_foliage_wet
vfx,#vfx/iw7/core/shell/rifle/rifle_resting_glass_broken
vfx,#vfx/iw7/core/shell/rifle/rifle_resting_glass_solid
vfx,#vfx/iw7/core/shell/rifle/rifle_resting_glass_vehicle
vfx,#vfx/iw7/core/shell/rifle/rifle_resting_grass_tall
vfx,#vfx/iw7/core/shell/rifle/rifle_resting_ice_thin
vfx,#vfx/iw7/core/shell/rifle/rifle_resting_metal_thin
vfx,#vfx/iw7/core/shell/rifle/rifle_resting_water_knee
vfx,#vfx/iw7/core/shell/rifle/rifle_resting_water_waist
vfx,#vfx/iw7/core/shell/rifle/rifle_resting_wood_floor
vfx,#vfx/iw7/core/shell/rifle/rifle_resting_user_terrain_1
vfx,#vfx/iw7/core/shell/rifle/rifle_resting_user_terrain_2
vfx,#vfx/iw7/core/shell/rifle/rifle_resting_user_terrain_3
vfx,#vfx/iw7/core/shell/rifle/rifle_resting_user_terrain_4
vfx,#vfx/iw7/core/shell/rifle/rifle_resting_user_terrain_5
vfx,#vfx/iw7/core/shell/rifle/rifle_resting_user_terrain_6
vfx,#vfx/iw7/core/shell/rifle/rifle_resting_user_terrain_7
vfx,#vfx/iw7/core/shell/rifle/rifle_resting_user_terrain_8
vfx,#vfx/iw7/core/shell/rifle/rifle_resting_user_terrain_9
vfx,#vfx/iw7/core/shell/rifle/rifle_resting_user_terrain_10
vfx,#vfx/iw7/core/shell/rifle/rifle_resting_code_reserved
vfx,#vfx/iw7/core/shell/ammo_case_resting
vfx,#vfx/iw7/core/shell/mag/ammo_case_resting_none
vfx,#vfx/iw7/core/shell/mag/ammo_case_resting_bark
vfx,#vfx/iw7/core/shell/mag/ammo_case_resting_brick
vfx,#vfx/iw7/core/shell/mag/ammo_case_resting_carpet_solid
vfx,#vfx/iw7/core/shell/mag/ammo_case_resting_cloth
vfx,#vfx/iw7/core/shell/mag/ammo_case_resting_concrete_dry
vfx,#vfx/iw7/core/shell/mag/ammo_case_resting_dirt
vfx,#vfx/iw7/core/shell/mag/ammo_case_resting_flesh
vfx,#vfx/iw7/core/shell/mag/ammo_case_resting_foliage_dry
vfx,#vfx/iw7/core/shell/mag/ammo_case_resting_glass_pane
vfx,#vfx/iw7/core/shell/mag/ammo_case_resting_grass_short
vfx,#vfx/iw7/core/shell/mag/ammo_case_resting_gravel
vfx,#vfx/iw7/core/shell/mag/ammo_case_resting_ice_solid
vfx,#vfx/iw7/core/shell/mag/ammo_case_resting_metal_thick
vfx,#vfx/iw7/core/shell/mag/ammo_case_resting_metal_grate
vfx,#vfx/iw7/core/shell/mag/ammo_case_resting_mud
vfx,#vfx/iw7/core/shell/mag/ammo_case_resting_paper
vfx,#vfx/iw7/core/shell/mag/ammo_case_resting_plaster
vfx,#vfx/iw7/core/shell/mag/ammo_case_resting_rock
vfx,#vfx/iw7/core/shell/mag/ammo_case_resting_sand
vfx,#vfx/iw7/core/shell/mag/ammo_case_resting_snow
vfx,#vfx/iw7/core/shell/mag/ammo_case_resting_water
vfx,#vfx/iw7/core/shell/mag/ammo_case_resting_wood_solid
vfx,#vfx/iw7/core/shell/mag/ammo_case_resting_asphalt_dry
vfx,#vfx/iw7/core/shell/mag/ammo_case_resting_ceramic
vfx,#vfx/iw7/core/shell/mag/ammo_case_resting_plastic
vfx,#vfx/iw7/core/shell/mag/ammo_case_resting_rubber
vfx,#vfx/iw7/core/shell/mag/ammo_case_resting_fruit
vfx,#vfx/iw7/core/shell/mag/ammo_case_resting_riotshield
vfx,#vfx/iw7/core/shell/mag/ammo_case_resting_slush
vfx,#vfx/iw7/core/shell/mag/ammo_case_resting_asphalt_wet
vfx,#vfx/iw7/core/shell/mag/ammo_case_resting_carpet_wood
vfx,#vfx/iw7/core/shell/mag/ammo_case_resting_carpet_metal
vfx,#vfx/iw7/core/shell/mag/ammo_case_resting_concrete_wet
vfx,#vfx/iw7/core/shell/mag/ammo_case_resting_cushion
vfx,#vfx/iw7/core/shell/mag/ammo_case_resting_default
vfx,#vfx/iw7/core/shell/mag/ammo_case_resting_foliage_wet
vfx,#vfx/iw7/core/shell/mag/ammo_case_resting_glass_broken
vfx,#vfx/iw7/core/shell/mag/ammo_case_resting_glass_solid
vfx,#vfx/iw7/core/shell/mag/ammo_case_resting_glass_vehicle
vfx,#vfx/iw7/core/shell/mag/ammo_case_resting_grass_tall
vfx,#vfx/iw7/core/shell/mag/ammo_case_resting_ice_thin
vfx,#vfx/iw7/core/shell/mag/ammo_case_resting_metal_thin
vfx,#vfx/iw7/core/shell/mag/ammo_case_resting_water_knee
vfx,#vfx/iw7/core/shell/mag/ammo_case_resting_water_waist
vfx,#vfx/iw7/core/shell/mag/ammo_case_resting_wood_floor
vfx,#vfx/iw7/core/shell/mag/ammo_case_resting_user_terrain_1
vfx,#vfx/iw7/core/shell/mag/ammo_case_resting_user_terrain_2
vfx,#vfx/iw7/core/shell/mag/ammo_case_resting_user_terrain_3
vfx,#vfx/iw7/core/shell/mag/ammo_case_resting_user_terrain_4
vfx,#vfx/iw7/core/shell/mag/ammo_case_resting_user_terrain_5
vfx,#vfx/iw7/core/shell/mag/ammo_case_resting_user_terrain_6
vfx,#vfx/iw7/core/shell/mag/ammo_case_resting_user_terrain_7
vfx,#vfx/iw7/core/shell/mag/ammo_case_resting_user_terrain_8
vfx,#vfx/iw7/core/shell/mag/ammo_case_resting_user_terrain_9
vfx,#vfx/iw7/core/shell/mag/ammo_case_resting_user_terrain_10
vfx,#vfx/iw7/core/shell/pistol_resting
vfx,#vfx/iw7/core/shell/pistol/pistol_resting_none
vfx,#vfx/iw7/core/shell/pistol/pistol_resting_bark
vfx,#vfx/iw7/core/shell/pistol/pistol_resting_brick
vfx,#vfx/iw7/core/shell/pistol/pistol_resting_carpet_solid
vfx,#vfx/iw7/core/shell/pistol/pistol_resting_cloth
vfx,#vfx/iw7/core/shell/pistol/pistol_resting_concrete_dry
vfx,#vfx/iw7/core/shell/pistol/pistol_resting_dirt
vfx,#vfx/iw7/core/shell/pistol/pistol_resting_flesh
vfx,#vfx/iw7/core/shell/pistol/pistol_resting_foliage_dry
vfx,#vfx/iw7/core/shell/pistol/pistol_resting_glass_pane
vfx,#vfx/iw7/core/shell/pistol/pistol_resting_grass_short
vfx,#vfx/iw7/core/shell/pistol/pistol_resting_gravel
vfx,#vfx/iw7/core/shell/pistol/pistol_resting_ice_solid
vfx,#vfx/iw7/core/shell/pistol/pistol_resting_metal_thick
vfx,#vfx/iw7/core/shell/pistol/pistol_resting_metal_grate
vfx,#vfx/iw7/core/shell/pistol/pistol_resting_mud
vfx,#vfx/iw7/core/shell/pistol/pistol_resting_paper
vfx,#vfx/iw7/core/shell/pistol/pistol_resting_plaster
vfx,#vfx/iw7/core/shell/pistol/pistol_resting_rock
vfx,#vfx/iw7/core/shell/pistol/pistol_resting_sand
vfx,#vfx/iw7/core/shell/pistol/pistol_resting_snow
vfx,#vfx/iw7/core/shell/pistol/pistol_resting_water
vfx,#vfx/iw7/core/shell/pistol/pistol_resting_wood_solid
vfx,#vfx/iw7/core/shell/pistol/pistol_resting_asphalt_dry
vfx,#vfx/iw7/core/shell/pistol/pistol_resting_ceramic
vfx,#vfx/iw7/core/shell/pistol/pistol_resting_plastic
vfx,#vfx/iw7/core/shell/pistol/pistol_resting_rubber
vfx,#vfx/iw7/core/shell/pistol/pistol_resting_fruit
vfx,#vfx/iw7/core/shell/pistol/pistol_resting_riotshield
vfx,#vfx/iw7/core/shell/pistol/pistol_resting_slush
vfx,#vfx/iw7/core/shell/pistol/pistol_resting_asphalt_wet
vfx,#vfx/iw7/core/shell/pistol/pistol_resting_carpet_wood
vfx,#vfx/iw7/core/shell/pistol/pistol_resting_carpet_metal
vfx,#vfx/iw7/core/shell/pistol/pistol_resting_concrete_wet
vfx,#vfx/iw7/core/shell/pistol/pistol_resting_cushion
vfx,#vfx/iw7/core/shell/pistol/pistol_resting_default
vfx,#vfx/iw7/core/shell/pistol/pistol_resting_foliage_wet
vfx,#vfx/iw7/core/shell/pistol/pistol_resting_glass_broken
vfx,#vfx/iw7/core/shell/pistol/pistol_resting_glass_solid
vfx,#vfx/iw7/core/shell/pistol/pistol_resting_glass_vehicle
vfx,#vfx/iw7/core/shell/pistol/pistol_resting_grass_tall
vfx,#vfx/iw7/core/shell/pistol/pistol_resting_ice_thin
vfx,#vfx/iw7/core/shell/pistol/pistol_resting_metal_thin
vfx,#vfx/iw7/core/shell/pistol/pistol_resting_water_knee
vfx,#vfx/iw7/core/shell/pistol/pistol_resting_water_waist
vfx,#vfx/iw7/core/shell/pistol/pistol_resting_wood_floor
vfx,#vfx/iw7/core/shell/pistol/pistol_resting_user_terrain_1
vfx,#vfx/iw7/core/shell/pistol/pistol_resting_user_terrain_2
vfx,#vfx/iw7/core/shell/pistol/pistol_resting_user_terrain_3
vfx,#vfx/iw7/core/shell/pistol/pistol_resting_user_terrain_4
vfx,#vfx/iw7/core/shell/pistol/pistol_resting_user_terrain_5
vfx,#vfx/iw7/core/shell/pistol/pistol_resting_user_terrain_6
vfx,#vfx/iw7/core/shell/pistol/pistol_resting_user_terrain_7
vfx,#vfx/iw7/core/shell/pistol/pistol_resting_user_terrain_8
vfx,#vfx/iw7/core/shell/pistol/pistol_resting_user_terrain_9
vfx,#vfx/iw7/core/shell/pistol/pistol_resting_user_terrain_10
vfx,#vfx/iw7/core/shell/pistol/pistol_resting_code_reserved
vfx,#vfx/iw7/core/shell/ar/vfx_se_ar_resting
vfx,#vfx/iw7/core/shell/saw_link_resting
vfx,#vfx/iw7/core/shell/shotgun_resting
vfx,#vfx/iw7/core/shell/shotgun/shotgun_resting_none
vfx,#vfx/iw7/core/shell/shotgun/shotgun_resting_bark
vfx,#vfx/iw7/core/shell/shotgun/shotgun_resting_brick
vfx,#vfx/iw7/core/shell/shotgun/shotgun_resting_carpet_solid
vfx,#vfx/iw7/core/shell/shotgun/shotgun_resting_cloth
vfx,#vfx/iw7/core/shell/shotgun/shotgun_resting_concrete_dry
vfx,#vfx/iw7/core/shell/shotgun/shotgun_resting_dirt
vfx,#vfx/iw7/core/shell/shotgun/shotgun_resting_flesh
vfx,#vfx/iw7/core/shell/shotgun/shotgun_resting_foliage_dry
vfx,#vfx/iw7/core/shell/shotgun/shotgun_resting_glass_pane
vfx,#vfx/iw7/core/shell/shotgun/shotgun_resting_grass_short
vfx,#vfx/iw7/core/shell/shotgun/shotgun_resting_gravel
vfx,#vfx/iw7/core/shell/shotgun/shotgun_resting_ice_solid
vfx,#vfx/iw7/core/shell/shotgun/shotgun_resting_metal_thick
vfx,#vfx/iw7/core/shell/shotgun/shotgun_resting_metal_grate
vfx,#vfx/iw7/core/shell/shotgun/shotgun_resting_mud
vfx,#vfx/iw7/core/shell/shotgun/shotgun_resting_paper
vfx,#vfx/iw7/core/shell/shotgun/shotgun_resting_plaster
vfx,#vfx/iw7/core/shell/shotgun/shotgun_resting_rock
vfx,#vfx/iw7/core/shell/shotgun/shotgun_resting_sand
vfx,#vfx/iw7/core/shell/shotgun/shotgun_resting_snow
vfx,#vfx/iw7/core/shell/shotgun/shotgun_resting_water
vfx,#vfx/iw7/core/shell/shotgun/shotgun_resting_wood_solid
vfx,#vfx/iw7/core/shell/shotgun/shotgun_resting_asphalt_dry
vfx,#vfx/iw7/core/shell/shotgun/shotgun_resting_ceramic
vfx,#vfx/iw7/core/shell/shotgun/shotgun_resting_plastic
vfx,#vfx/iw7/core/shell/shotgun/shotgun_resting_rubber
vfx,#vfx/iw7/core/shell/shotgun/shotgun_resting_fruit
vfx,#vfx/iw7/core/shell/shotgun/shotgun_resting_riotshield
vfx,#vfx/iw7/core/shell/shotgun/shotgun_resting_slush
vfx,#vfx/iw7/core/shell/shotgun/shotgun_resting_asphalt_wet
vfx,#vfx/iw7/core/shell/shotgun/shotgun_resting_carpet_wood
vfx,#vfx/iw7/core/shell/shotgun/shotgun_resting_carpet_metal
vfx,#vfx/iw7/core/shell/shotgun/shotgun_resting_concrete_wet
vfx,#vfx/iw7/core/shell/shotgun/shotgun_resting_cushion
vfx,#vfx/iw7/core/shell/shotgun/shotgun_resting_default
vfx,#vfx/iw7/core/shell/shotgun/shotgun_resting_foliage_wet
vfx,#vfx/iw7/core/shell/shotgun/shotgun_resting_glass_broken
vfx,#vfx/iw7/core/shell/shotgun/shotgun_resting_glass_solid
vfx,#vfx/iw7/core/shell/shotgun/shotgun_resting_glass_vehicle
vfx,#vfx/iw7/core/shell/shotgun/shotgun_resting_grass_tall
vfx,#vfx/iw7/core/shell/shotgun/shotgun_resting_ice_thin
vfx,#vfx/iw7/core/shell/shotgun/shotgun_resting_metal_thin
vfx,#vfx/iw7/core/shell/shotgun/shotgun_resting_water_knee
vfx,#vfx/iw7/core/shell/shotgun/shotgun_resting_water_waist
vfx,#vfx/iw7/core/shell/shotgun/shotgun_resting_wood_floor
vfx,#vfx/iw7/core/shell/shotgun/shotgun_resting_user_terrain_1
vfx,#vfx/iw7/core/shell/shotgun/shotgun_resting_user_terrain_2
vfx,#vfx/iw7/core/shell/shotgun/shotgun_resting_user_terrain_3
vfx,#vfx/iw7/core/shell/shotgun/shotgun_resting_user_terrain_4
vfx,#vfx/iw7/core/shell/shotgun/shotgun_resting_user_terrain_5
vfx,#vfx/iw7/core/shell/shotgun/shotgun_resting_user_terrain_6
vfx,#vfx/iw7/core/shell/shotgun/shotgun_resting_user_terrain_7
vfx,#vfx/iw7/core/shell/shotgun/shotgun_resting_user_terrain_8
vfx,#vfx/iw7/core/shell/shotgun/shotgun_resting_user_terrain_9
vfx,#vfx/iw7/core/shell/shotgun/shotgun_resting_user_terrain_10
vfx,#vfx/iw7/core/shell/shotgun/shotgun_resting_code_reserved
vfx,#vfx/iw8_mp/gen_amb/vfx_residual_fire_tiny
vfx,#vfx/iw8_mp/equipment/vfx_null
vfx,#vfx/iw8/weap/_explo/vfx_explo_cld_chockhit_ice
vfx,#vfx/iw8/weap/_explo/vfx_explo_frag_gren_cld_chockhit_water
vfx,#vfx/iw8/weap/_explo/vfx_explo_cld_chockhit_main
vfx,#vfx/iw8_mp/equipment/smoke_grenade/vfx_smoke_gren_ch
vfx,#vfx/iw8_mp/killstreak/shared/vfx_bubbling_water
vfx,#vfx/iw8_mp/equipment/gas_grenade/vfx_gas_exp_ch
vfx,#vfx/iw8_mp/equipment/gas_grenade/vfx_gas_exp_water
vfx,#vfx/iw8_mp/killstreak/shared/vfx_25mm_water_impact
vfx,#vfx/iw8_mp/equipment/flashbang/vfx_flash_bang_ch
vfx,#vfx/iw8_mp/equipment/flashbang/vfx_flash_bang_water
vfx,#vfx/iw8_mp/equipment/thermite/vfx_thermite_burn_ch
vfx,#vfx/iw8_mp/equipment/thermite/vfx_thermite_end_ch
vfx,#vfx/iw8_mp/killstreak/shared/vfx_bubbling_water_sml_ch
vfx,#vfx/iw8_mp/equipment/mine/vfx_at_mine_exp_ch
vfx,#vfx/iw8_mp/equipment/mine/vfx_at_mine_exp_water
vfx,#vfx/iw8_mp/killstreak/shared/vfx_105mm_water_impact
vfx,#vfx/iw8_mp/equipment/c4/vfx_gen_c4_exp2_ch
vfx,#vfx/iw8_mp/equipment/c4/vfx_gen_c4_exp2_ice_ch
vfx,#vfx/iw8_mp/equipment/c4/vfx_gen_c4_exp2_metal_ch
vfx,#vfx/iw8_mp/equipment/c4/vfx_gen_c4_exp2_sand_ch
vfx,#vfx/iw8_mp/equipment/c4/vfx_c4_exp_water
vfx,#vfx/iw8_mp/equipment/c4/vfx_gen_c4_exp_wall_ch
vfx,#vfx/iw8_mp/equipment/c4/vfx_gen_c4_exp2_water_ch
vfx,#vfx/iw8/char/blood/vfx_deathfx_bloodpool_02_ch
vfx,#vfx/s4/blood/vfx_bloodpool_fabric_ch
vfx,#vfx/s4/blood/vfx_bloodpool_snow_ch
vfx,#vfx/s4/blood/vfx_bloodpool_sand_ch
vfx,#vfx/s4/weapon/_kinetic/kinetic_test_01
vfx,#vfx/s4/weapon/_kinetic/kinetic_imp_snow_01
vfx,#vfx/s4/weapon/_kinetic/kinetic_imp_sand_01
vfx,#vfx/s4/character/_misc/fatality_impact_dust_01
vfx,#vfx/s4/character/_misc/fatality_impact_snow_01
vfx,#vfx/s4/snow/paratrooper_snow_impact_main_01_ch
vfx,#vfx/s4/fluid/paratrooper_fluid_water_splash_main_ch
vfx,#vfx/s4/snow/paratrooper_snow_impact_slide_01_ch
vfx,#vfx/s4/fluid/paratrooper_fluid_water_splash_slide_ch
vfx,#vfx/iw8_mp/killstreak/shared/vfx_ac130_med_imp_chockhit1
vfx,#vfx/iw8_mp/killstreak/shared/vfx_imp_chockhit_snow
vfx,#vfx/iw8/weap/_explo/cruise_missile/vfx_expl_cruise_main
vfx,#vfx/iw8_mp/killstreak/shared/vfx_carepkg_landing_dust_ch
vfx,#vfx/iw8_mp/killstreak/shared/vfx_carepkg_landing_water_ch
vfx,#vfx/iw8_mp/killstreak/shared/vfx_cluster_exp_ch
vfx,#vfx/iw8_mp/killstreak/shared/vfx_cluster_exp_water
vfx,#vfx/iw8_mp/killstreak/shared/vfx_cluster_water_impact
vfx,#vfx/iw8_mp/killstreak/vfx_toma_missile_exp_shrap_ch
vfx,#vfx/iw8_mp/killstreak/vfx_toma_missile_exp_shrap_ice
vfx,#vfx/iw8_mp/killstreak/shared/vfx_cluster_water_blast
vfx,#vfx/iw8_mp/killstreak/shared/vfx_a10_impacts_ch
vfx,#vfx/iw8_mp/killstreak/shared/vfx_40mm_water_impact
vfx,#vfx/iw8_mp/killstreak/shared/vfx_ac130_40mm_impact_v_ch
vfx,#vfx/iw8_mp/killstreak/shared/vfx_40mm_v_imp_snow
vfx,#vfx/iw8_mp/killstreak/shared/vfx_40mm_v_imp_metal
vfx,#vfx/iw8_mp/killstreak/shared/vfx_ac130_40mm_impact_w_ch
vfx,#vfx/iw8_mp/killstreak/shared/vfx_40mm_imp_gen
vfx,#vfx/iw8_mp/killstreak/shared/vfx_40mm_imp_wood
vfx,#vfx/iw8_mp/killstreak/shared/vfx_40mm_imp_asphalt
vfx,#vfx/iw8_mp/killstreak/shared/vfx_40mm_imp_ice
vfx,#vfx/iw8_mp/killstreak/shared/vfx_40mm_imp_metal
vfx,#vfx/iw8_mp/killstreak/shared/vfx_40mm_imp_mud
vfx,#vfx/iw8_mp/killstreak/shared/vfx_40mm_imp_snow
vfx,#vfx/core/expl/vfx_tank_miss_exp_ch_a
vfx,#vfx/iw8_mp/killstreak/tank/vfx_tank_dropoff_dust_ch
vfx,#vfx/iw8_mp/killstreak/tank/vfx_tank_dropoff_water_ch
vfx,#vfx/s4/killstreaks/vfx_goliath_death_exp
vfx,#vfx/s4/killstreaks/vfx_goliath_death_exp_dirt
vfx,#vfx/s4/killstreaks/vfx_goliath_death_exp_metal
vfx,#vfx/s4/killstreaks/vfx_goliath_death_exp_snow
vfx,#vfx/s4/killstreaks/vfx_goliath_death_exp_water
surfacefx,#mp_shipment_s4
vfx,#vfx/s4/weapon/_impact/bark/vfx_imp_bark_xsml
vfx,#vfx/s4/weapon/_impact/concrete/vfx_imp_concrete_xsml
vfx,#vfx/s4/weapon/_impact/cloth/vfx_imp_cloth_xsml
vfx,#vfx/s4/weapon/_impact/dirt/vfx_imp_dirt_xsml
vfx,#vfx/s4/weapon/_impact/flesh/vfx_imp_flesh_xsml
vfx,#vfx/s4/weapon/_impact/foliage/vfx_imp_foliage_xsml
vfx,#vfx/s4/weapon/_impact/glass/vfx_imp_glass_xsml
vfx,#vfx/s4/weapon/_impact/grass/vfx_imp_grass_xsml
vfx,#vfx/s4/weapon/_impact/gravel/vfx_imp_gravel_xsml
vfx,#vfx/s4/weapon/_impact/ice/vfx_imp_ice_xsml
vfx,#vfx/s4/weapon/_impact/metal/vfx_imp_metal_nonpen_xsml
vfx,#vfx/s4/weapon/_impact/mud/vfx_imp_mud_xsml
vfx,#vfx/s4/weapon/_impact/paper/vfx_imp_paper_xsml
vfx,#vfx/s4/weapon/_impact/plaster/vfx_imp_plaster_xsml
vfx,#vfx/s4/weapon/_impact/rock/vfx_imp_rock_xsml
vfx,#vfx/s4/weapon/_impact/sand/vfx_imp_sand_xsml
vfx,#vfx/s4/weapon/_impact/snow/vfx_imp_snow_xsml
vfx,#vfx/s4/weapon/_impact/water/vfx_imp_water_xsml
vfx,#vfx/s4/weapon/_impact/wood_solid/vfx_imp_wood_solid_xsml
vfx,#vfx/s4/weapon/_impact/asphalt/vfx_imp_asphalt_xsml
vfx,#vfx/s4/weapon/_impact/tile/vfx_imp_tile_xsml
vfx,#vfx/s4/weapon/_impact/plastic/vfx_imp_plastic_xsml
vfx,#vfx/s4/weapon/_impact/rubber/vfx_imp_rubber_xsml
vfx,#vfx/s4/weapon/_impact/splash/vfx_imp_splash_xsml
vfx,#vfx/s4/weapon/_impact/metal/vfx_imp_metal_thick_xsml
vfx,#vfx/s4/weapon/_impact/riotshield/vfx_imp_riotshield_xsml
vfx,#vfx/s4/weapon/_impact/slush/vfx_imp_slush_xsml
vfx,#vfx/s4/weapon/_impact/cushion/vfx_imp_cushion_xsml
vfx,#vfx/s4/weapon/_impact/generic/vfx_imp_generic_xsml
vfx,#vfx/s4/weapon/_impact/glass_bltprf/vfx_imp_glassbltprf_xsml
vfx,#vfx/s4/weapon/_impact/body_armor/vfx_imp_bodyarmor_xsml
vfx,#vfx/s4/weapon/_impact/drywall/vfx_imp_drywall_xsml
vfx,#vfx/s4/weapon/_impact/mud_riverbed/vfx_imp_mudriverbed_xsml
vfx,#vfx/s4/weapon/_impact/kevlar/vfx_imp_kevlar_xsml
vfx,#vfx/s4/weapon/_mtx/s4/impacts/vfx_imp_mtx_s4_mtl_flesh_limb
vfx,#vfx/s4/weapon/_mtx/s4/impacts/vfx_imp_mtx_s4_mtl_death_flesh
vfx,#vfx/s4/weapon/_mtx/s4/impacts/vfx_imp_mtx_s4_mtl_flesh
vfx,#vfx/s4/weapon/_mtx/s4/impacts/vfx_imp_mtx_s4_palmerop_flesh
vfx,#vfx/s4/weapon/_mtx/s4/impacts/vfx_imp_mtx_s4_palmerop_flesh_death
vfx,#vfx/s4/weapon/_impact/asphalt/vfx_imp_asphalt_sml
vfx,#vfx/s4/weapon/_impact/bark/vfx_imp_bark_sml
vfx,#vfx/s4/weapon/_impact/concrete/vfx_imp_concrete_sml
vfx,#vfx/s4/weapon/_impact/cloth/vfx_imp_cloth_sml
vfx,#vfx/iw8/weap/_impact/concrete/vfx_imp_concrete_sml_exit
vfx,#vfx/s4/weapon/_impact/dirt/vfx_imp_dirt_sml
vfx,#vfx/iw8/weap/_impact/flesh/vfx_imp_flesh_sml_exit
vfx,#vfx/s4/weapon/_impact/foliage/vfx_imp_foliage_sml
vfx,#vfx/s4/weapon/_impact/glass/vfx_imp_glass_sml
vfx,#vfx/s4/weapon/_impact/grass/vfx_imp_grass_sml
vfx,#vfx/s4/weapon/_impact/gravel/vfx_imp_gravel_sml
vfx,#vfx/s4/weapon/_impact/ice/vfx_imp_ice_sml
vfx,#vfx/iw8/weap/_impact/metal/vfx_imp_metal_thick_sml_exit
vfx,#vfx/s4/weapon/_impact/metal/vfx_imp_metal_nonpen_sml
vfx,#vfx/s4/weapon/_impact/mud/vfx_imp_mud_sml
vfx,#vfx/s4/weapon/_impact/paper/vfx_imp_paper_sml
vfx,#vfx/iw8/weap/_impact/plaster/vfx_imp_plaster_sml_exit
vfx,#vfx/s4/weapon/_impact/rock/vfx_imp_rock_sml
vfx,#vfx/s4/weapon/_impact/sand/vfx_imp_sand_sml
vfx,#vfx/s4/weapon/_impact/snow/vfx_imp_snow_sml
vfx,#vfx/s4/weapon/_impact/water/vfx_imp_water_sml
vfx,#vfx/iw8/weap/_impact/wood_solid/vfx_imp_wood_solid_sml_exit
vfx,#vfx/s4/weapon/_impact/tile/vfx_imp_tile_sml
vfx,#vfx/s4/weapon/_impact/plastic/vfx_imp_plastic_sml
vfx,#vfx/s4/weapon/_impact/rubber/vfx_imp_rubber_sml
vfx,#vfx/s4/weapon/_impact/splash/vfx_imp_splash_sml
vfx,#vfx/s4/weapon/_impact/metal/vfx_imp_metal_thick_sml
vfx,#vfx/s4/weapon/_impact/riotshield/vfx_imp_riotshield_sml
vfx,#vfx/s4/weapon/_impact/slush/vfx_imp_slush_sml
vfx,#vfx/s4/weapon/_impact/cushion/vfx_imp_cushion_sml
vfx,#vfx/s4/weapon/_impact/generic/vfx_imp_generic_sml
vfx,#vfx/s4/weapon/_impact/glass_bltprf/vfx_imp_glassbltprf_sml
vfx,#vfx/s4/weapon/_impact/body_armor/vfx_imp_bodyarmor_sml
vfx,#vfx/iw8/weap/_impact/drywall/vfx_imp_drywall_sml_exit
vfx,#vfx/s4/weapon/_impact/mud_riverbed/vfx_imp_mudriverbed_sml
vfx,#vfx/s4/weapon/_impact/wood_solid/vfx_imp_wood_solid_sml
vfx,#vfx/s4/weapon/_impact/kevlar/vfx_imp_kevlar_sml
vfx,#vfx/iw8/weap/_impact/flesh/vfx_imp_flesh_med_exit
vfx,#vfx/iw8/weap/_impact/flesh/vfx_imp_flesh_lrg_exit
vfx,#vfx/s4/weapon/_impact/flesh/vfx_imp_flesh_sml
vfx,#vfx/s4/weapon/_impact/plaster/vfx_imp_plaster_sml
vfx,#vfx/s4/weapon/_impact/drywall/vfx_imp_drywall_sml
vfx,#vfx/s4/weapon/_impact/bark/vfx_imp_bark_med
vfx,#vfx/s4/weapon/_impact/concrete/vfx_imp_concrete_med
vfx,#vfx/s4/weapon/_impact/cloth/vfx_imp_cloth_med
vfx,#vfx/iw8/weap/_impact/concrete/vfx_imp_concrete_med_exit
vfx,#vfx/s4/weapon/_impact/dirt/vfx_imp_dirt_med
vfx,#vfx/s4/weapon/_impact/foliage/vfx_imp_foliage_med
vfx,#vfx/s4/weapon/_impact/glass/vfx_imp_glass_med
vfx,#vfx/s4/weapon/_impact/grass/vfx_imp_grass_med
vfx,#vfx/s4/weapon/_impact/gravel/vfx_imp_gravel_med
vfx,#vfx/s4/weapon/_impact/ice/vfx_imp_ice_med
vfx,#vfx/iw8/weap/_impact/metal/vfx_imp_metal_thick_med_exit
vfx,#vfx/s4/weapon/_impact/metal/vfx_imp_metal_thick_med
vfx,#vfx/s4/weapon/_impact/mud/vfx_imp_mud_med
vfx,#vfx/s4/weapon/_impact/paper/vfx_imp_paper_med
vfx,#vfx/iw8/weap/_impact/plaster/vfx_imp_plaster_med_exit
vfx,#vfx/s4/weapon/_impact/rock/vfx_imp_rock_med
vfx,#vfx/s4/weapon/_impact/sand/vfx_imp_sand_med
vfx,#vfx/s4/weapon/_impact/snow/vfx_imp_snow_med
vfx,#vfx/s4/weapon/_impact/water/vfx_imp_water_med
vfx,#vfx/iw8/weap/_impact/wood_solid/vfx_imp_wood_solid_med_exit
vfx,#vfx/s4/weapon/_impact/asphalt/vfx_imp_asphalt_med
vfx,#vfx/s4/weapon/_impact/tile/vfx_imp_tile_med
vfx,#vfx/s4/weapon/_impact/plastic/vfx_imp_plastic_med
vfx,#vfx/s4/weapon/_impact/rubber/vfx_imp_rubber_med
vfx,#vfx/s4/weapon/_impact/splash/vfx_imp_splash_med
vfx,#vfx/s4/weapon/_impact/riotshield/vfx_imp_riotshield_med
vfx,#vfx/s4/weapon/_impact/slush/vfx_imp_slush_med
vfx,#vfx/s4/weapon/_impact/cushion/vfx_imp_cushion_med
vfx,#vfx/s4/weapon/_impact/generic/vfx_imp_generic_med
vfx,#vfx/s4/weapon/_impact/glass_bltprf/vfx_imp_glassbltprf_med
vfx,#vfx/s4/weapon/_impact/metal/vfx_imp_metal_nonpen_med
vfx,#vfx/s4/weapon/_impact/body_armor/vfx_imp_bodyarmor_med
vfx,#vfx/iw8/weap/_impact/drywall/vfx_imp_drywall_med_exit
vfx,#vfx/s4/weapon/_impact/mud_riverbed/vfx_imp_mudriverbed_med
vfx,#vfx/s4/weapon/_impact/wood_solid/vfx_imp_wood_solid_med
vfx,#vfx/s4/weapon/_impact/kevlar/vfx_imp_kevlar_med
vfx,#vfx/s4/weapon/_impact/flesh/vfx_imp_flesh_med
vfx,#vfx/s4/weapon/_impact/plaster/vfx_imp_plaster_med
vfx,#vfx/s4/weapon/_impact/drywall/vfx_imp_drywall_med
vfx,#vfx/s4/weapon/_impact/cinder/vfx_imp_cinder_med
vfx,#vfx/s4/weapon/_impact/bark/vfx_imp_bark_lrg
vfx,#vfx/s4/weapon/_impact/concrete/vfx_imp_concrete_lrg
vfx,#vfx/s4/weapon/_impact/cloth/vfx_imp_cloth_lrg
vfx,#vfx/iw8/weap/_impact/concrete/vfx_imp_concrete_lrg_exit
vfx,#vfx/s4/weapon/_impact/dirt/vfx_imp_dirt_lrg
vfx,#vfx/s4/weapon/_impact/foliage/vfx_imp_foliage_lrg
vfx,#vfx/s4/weapon/_impact/glass/vfx_imp_glass_lrg
vfx,#vfx/s4/weapon/_impact/grass/vfx_imp_grass_lrg
vfx,#vfx/s4/weapon/_impact/gravel/vfx_imp_gravel_lrg
vfx,#vfx/s4/weapon/_impact/ice/vfx_imp_ice_lrg
vfx,#vfx/iw8/weap/_impact/metal/vfx_imp_metal_thick_lrg_exit
vfx,#vfx/s4/weapon/_impact/mud/vfx_imp_mud_lrg
vfx,#vfx/s4/weapon/_impact/paper/vfx_imp_paper_lrg
vfx,#vfx/iw8/weap/_impact/plaster/vfx_imp_plaster_lrg_exit
vfx,#vfx/s4/weapon/_impact/rock/vfx_imp_rock_lrg
vfx,#vfx/s4/weapon/_impact/sand/vfx_imp_sand_lrg
vfx,#vfx/s4/weapon/_impact/snow/vfx_imp_snow_lrg
vfx,#vfx/s4/weapon/_impact/water/vfx_imp_water_lrg
vfx,#vfx/iw8/weap/_impact/wood_solid/vfx_imp_wood_solid_lrg_exit
vfx,#vfx/s4/weapon/_impact/asphalt/vfx_imp_asphalt_lrg
vfx,#vfx/s4/weapon/_impact/plastic/vfx_imp_plastic_lrg
vfx,#vfx/s4/weapon/_impact/rubber/vfx_imp_rubber_lrg
vfx,#vfx/s4/weapon/_impact/splash/vfx_imp_splash_lrg
vfx,#vfx/s4/weapon/_impact/riotshield/vfx_imp_riotshield_lrg
vfx,#vfx/s4/weapon/_impact/slush/vfx_imp_slush_lrg
vfx,#vfx/s4/weapon/_impact/cushion/vfx_imp_cushion_lrg
vfx,#vfx/s4/weapon/_impact/generic/vfx_imp_generic_lrg
vfx,#vfx/s4/weapon/_impact/glass_bltprf/vfx_imp_glassbltprf_lrg
vfx,#vfx/s4/weapon/_impact/tile/vfx_imp_tile_lrg
vfx,#vfx/s4/weapon/_impact/body_armor/vfx_imp_bodyarmor_lrg
vfx,#vfx/iw8/weap/_impact/drywall/vfx_imp_drywall_lrg_exit
vfx,#vfx/s4/weapon/_impact/mud_riverbed/vfx_imp_mudriverbed_lrg
vfx,#vfx/s4/weapon/_impact/wood_solid/vfx_imp_wood_solid_lrg
vfx,#vfx/s4/weapon/_impact/kevlar/vfx_imp_kevlar_lrg
vfx,#vfx/s4/weapon/_impact/cinder/vfx_imp_cinder_lrg
vfx,#vfx/s4/weapon/_impact/flesh/vfx_imp_flesh_lrg
vfx,#vfx/s4/weapon/_impact/plaster/vfx_imp_plaster_lrg
vfx,#vfx/s4/weapon/_impact/drywall/vfx_imp_drywall_lrg
vfx,#vfx/s4/weapon/_impact/bark/vfx_imp_bark_xlrg
vfx,#vfx/s4/weapon/_impact/concrete/vfx_imp_concrete_xlrg
vfx,#vfx/s4/weapon/_impact/cloth/vfx_imp_cloth_xlrg
vfx,#vfx/s4/weapon/_impact/dirt/vfx_imp_dirt_xlrg
vfx,#vfx/s4/weapon/_impact/foliage/vfx_imp_foliage_xlrg
vfx,#vfx/s4/weapon/_impact/glass/vfx_imp_glass_xlrg
vfx,#vfx/s4/weapon/_impact/grass/vfx_imp_grass_xlrg
vfx,#vfx/s4/weapon/_impact/gravel/vfx_imp_gravel_xlrg
vfx,#vfx/s4/weapon/_impact/ice/vfx_imp_ice_xlrg
vfx,#vfx/s4/weapon/_impact/metal/vfx_imp_metal_nonpen_xlrg
vfx,#vfx/s4/weapon/_impact/mud/vfx_imp_mud_xlrg
vfx,#vfx/s4/weapon/_impact/paper/vfx_imp_paper_xlrg
vfx,#vfx/s4/weapon/_impact/rock/vfx_imp_rock_xlrg
vfx,#vfx/s4/weapon/_impact/sand/vfx_imp_sand_xlrg
vfx,#vfx/s4/weapon/_impact/snow/vfx_imp_snow_xlrg
vfx,#vfx/s4/weapon/_impact/water/vfx_imp_water_xlrg
vfx,#vfx/s4/weapon/_impact/asphalt/vfx_imp_asphalt_xlrg
vfx,#vfx/s4/weapon/_impact/plastic/vfx_imp_plastic_xlrg
vfx,#vfx/s4/weapon/_impact/rubber/vfx_imp_rubber_xlrg
vfx,#vfx/s4/weapon/_impact/splash/vfx_imp_splash_xlrg
vfx,#vfx/s4/weapon/_impact/metal/vfx_imp_metal_thick_xlrg
vfx,#vfx/s4/weapon/_impact/riotshield/vfx_imp_riotshield_xlrg
vfx,#vfx/s4/weapon/_impact/slush/vfx_imp_slush_xlrg
vfx,#vfx/s4/weapon/_impact/cushion/vfx_imp_cushion_xlrg
vfx,#vfx/s4/weapon/_impact/generic/vfx_imp_generic_xlrg
vfx,#vfx/s4/weapon/_impact/glass_bltprf/vfx_imp_glassbltprf_xlrg
vfx,#vfx/s4/weapon/_impact/tile/vfx_imp_tile_xlrg
vfx,#vfx/s4/weapon/_impact/body_armor/vfx_imp_bodyarmor_xlrg
vfx,#vfx/s4/weapon/_impact/mud_riverbed/vfx_imp_mudriverbed_xlrg
vfx,#vfx/s4/weapon/_impact/kevlar/vfx_imp_kevlar_xlrg
vfx,#vfx/s4/weapon/_impact/cinder/vfx_imp_cinder_xlrg
vfx,#vfx/s4/weapon/_impact/flesh/vfx_imp_flesh_xlrg
vfx,#vfx/s4/weapon/_impact/plaster/vfx_imp_plaster_xlrg
vfx,#vfx/s4/weapon/_impact/drywall/vfx_imp_drywall_xlrg
vfx,#vfx/iw8/weap/_impact/wood_solid/vfx_imp_wood_solid_lrg
vfx,#vfx/iw8/weap/_impact/concrete/vfx_imp_concrete_lrg
vfx,#vfx/iw8/weap/_impact/cloth/vfx_imp_cloth_med
vfx,#vfx/iw8/weap/_impact/dirt/vfx_imp_dirt_lrg
vfx,#vfx/iw8/weap/_impact/flesh/vfx_imp_flesh_lrg
vfx,#vfx/iw8/weap/_impact/foliage/vfx_imp_foliage_med
vfx,#vfx/iw8/weap/_impact/generic/vfx_imp_generic_sml
vfx,#vfx/iw8/weap/_impact/grass/vfx_imp_grass_med
vfx,#vfx/iw8/weap/_impact/generic/vfx_imp_generic_med
vfx,#vfx/iw8/weap/_impact/metal/vfx_imp_metal_nonpen_lrg
vfx,#vfx/iw8/weap/_impact/mud/vfx_imp_mud_lrg
vfx,#vfx/iw8/weap/_impact/plaster/vfx_imp_plaster_lrg
vfx,#vfx/iw8/weap/_impact/sand/vfx_imp_sand_lrg
vfx,#vfx/iw8/weap/_impact/splash/vfx_imp_splash_med
vfx,#vfx/iw8/weap/_impact/metal/vfx_imp_metal_thick_med
vfx,#vfx/iw8/weap/_impact/riotshield/vfx_imp_riotshield_med
vfx,#vfx/iw8/weap/_impact/cushion/vfx_imp_cushion_med
vfx,#vfx/iw8/weap/_impact/metal/vfx_imp_metal_thick_lrg
vfx,#vfx/iw8/weap/_impact/tile/vfx_imp_tile_med
vfx,#vfx/iw8/weap/_impact/metal/vfx_imp_metal_nonpen_med
vfx,#vfx/iw8/weap/_impact/body_armor/vfx_imp_bodyarmor_med
vfx,#vfx/iw8/weap/_impact/drywall/vfx_imp_drywall_med
vfx,#vfx/iw8/weap/_impact/mud_riverbed/vfx_imp_mudriverbed_med
vfx,#vfx/iw8/weap/_impact/kevlar/vfx_imp_kevlar_med
vfx,#vfx/iw8/weap/_impact/cinder/vfx_imp_cinder_med
vfx,#vfx/s4/weapon/_impact/flesh/vfx_imp_flesh_hollow_point
vfx,#vfx/s4/killstreaks/vfx_lmg_ks_exp_01
vfx,#vfx/iw8/weap/_impact/wood_solid/vfx_imp_wood_solid_12g
vfx,#vfx/iw8/weap/_impact/concrete/vfx_imp_concrete_12g
vfx,#vfx/iw8/weap/_impact/cloth/vfx_imp_cloth_12g
vfx,#vfx/iw8/weap/_impact/dirt/vfx_imp_dirt_12g
vfx,#vfx/iw8/weap/_impact/flesh/vfx_imp_flesh_12g
vfx,#vfx/iw8/weap/_impact/glass/vfx_imp_glass_12g
vfx,#vfx/iw8/weap/_impact/grass/vfx_imp_grass_12g
vfx,#vfx/iw8/weap/_impact/gravel/vfx_imp_gravel_12g
vfx,#vfx/iw8/weap/_impact/ice/vfx_imp_ice_12g
vfx,#vfx/iw8/weap/_impact/metal/vfx_imp_metal_nonpen_12g
vfx,#vfx/iw8/weap/_impact/mud/vfx_imp_mud_12g
vfx,#vfx/iw8/weap/_impact/paper/vfx_imp_paper_12g
vfx,#vfx/iw8/weap/_impact/plaster/vfx_imp_plaster_12g
vfx,#vfx/iw8/weap/_impact/rock/vfx_imp_rock_12g
vfx,#vfx/iw8/weap/_impact/sand/vfx_imp_sand_12g
vfx,#vfx/iw8/weap/_impact/snow/vfx_imp_snow_12g
vfx,#vfx/iw8/weap/_impact/water/vfx_imp_water_12g
vfx,#vfx/iw8/weap/_impact/asphalt/vfx_imp_asphalt_12g
vfx,#vfx/iw8/weap/_impact/plastic/vfx_imp_plastic_12g
vfx,#vfx/iw8/weap/_impact/rubber/vfx_imp_rubber_12g
vfx,#vfx/iw8/weap/_impact/metal/vfx_imp_metal_thick_12g
vfx,#vfx/iw8/weap/_impact/riotshield/vfx_imp_riotshield_12g
vfx,#vfx/iw8/weap/_impact/slush/vfx_imp_slush_12g
vfx,#vfx/iw8/weap/_impact/cushion/vfx_imp_cushion_12g
vfx,#vfx/iw8/weap/_impact/glass_bltprf/vfx_imp_glassbltprf_12g
vfx,#vfx/iw8/weap/_impact/tile/vfx_imp_tile_12g
vfx,#vfx/iw8/weap/_impact/drywall/vfx_imp_drywall_12g
vfx,#vfx/iw8/weap/_impact/generic/vfx_imp_generic_12g
vfx,#vfx/iw8/weap/_knife/vfx_imp_knife_generic
vfx,#vfx/iw8/weap/_knife/vfx_imp_knife_dirt
vfx,#vfx/iw8/weap/_knife/vfx_imp_knife_concrete
vfx,#vfx/iw8/weap/_knife/vfx_imp_knife_flesh
vfx,#vfx/iw8/weap/_impact/glass/vfx_imp_glass_sml
vfx,#vfx/iw8/weap/_knife/vfx_imp_knife_metal
vfx,#vfx/iw8/weap/_impact/water/vfx_imp_water_sml_xup
vfx,#vfx/iw8/weap/_impact/metal/vfx_imp_metal_thick_sml
vfx,#vfx/iw8/weap/_knife/vfx_imp_knife_glass
vfx,#vfx/iw8/weap/_bounce/vfx_bounce_generic
vfx,#vfx/iw8/weap/_bounce/vfx_bounce_ice
vfx,#vfx/iw8/weap/_bounce/vfx_bounce_metal
vfx,#vfx/iw8/weap/_bounce/vfx_bounce_mud
vfx,#vfx/s4/weapon/_explosion/vfx_explo_type97_gren_air
vfx,#vfx/s4/weapon/_explosion/vfx_explo_type97_gren
vfx,#vfx/s4/weapon/_explosion/vfx_explo_type97_gren_snow
vfx,#vfx/s4/weapon/_explosion/vfx_explo_type97_gren_water
vfx,#vfx/s4/weapon/_explosion/vfx_explo_type97_gren_water_sml
vfx,#vfx/iw8/weap/_explo/vfx_explo_frag_gren_airb
vfx,#vfx/core/expl/vfx_projectile_small_exp
vfx,#vfx/core/expl/vfx_projectile_small_exp_ice
vfx,#vfx/core/expl/vfx_projectile_small_exp_metal
vfx,#vfx/core/expl/vfx_projectile_small_exp_mud
vfx,#vfx/core/expl/vfx_projectile_small_exp_sand
vfx,#vfx/core/expl/vfx_projectile_small_exp_snow
vfx,#vfx/core/expl/vfx_projectile_small_exp_shal_wat
vfx,#vfx/core/expl/vfx_projectile_small_exp_wood
vfx,#vfx/core/expl/vfx_projectile_small_exp_water
vfx,#vfx/core/expl/vfx_projectile_exp
vfx,#vfx/core/expl/vfx_projectile_exp_ice
vfx,#vfx/core/expl/vfx_projectile_exp_metal
vfx,#vfx/core/expl/vfx_projectile_exp_mud
vfx,#vfx/core/expl/vfx_projectile_exp_sand
vfx,#vfx/core/expl/vfx_projectile_exp_shal_wat
vfx,#vfx/core/expl/vfx_projectile_exp_wood
vfx,#vfx/core/expl/vfx_projectile_exp_water
vfx,#vfx/iw8/weap/_impact/generic/vfx_imp_generic_xxl
vfx,#vfx/iw8/weap/_impact/bark/vfx_imp_bark_solid_med
vfx,#vfx/iw8/weap/_impact/concrete/vfx_imp_concrete_xxl
vfx,#vfx/iw8/weap/_impact/dirt/vfx_imp_dirt_xxl
vfx,#vfx/iw8/weap/_impact/flesh/vfx_imp_flesh_xxl
vfx,#vfx/iw8/weap/_impact/glass/vfx_imp_glass_lrg
vfx,#vfx/iw8/weap/_impact/grass/vfx_imp_grass_xxl
vfx,#vfx/iw8/weap/_impact/asphalt/vfx_imp_asphalt_xxl
vfx,#vfx/iw8/weap/_impact/metal/vfx_imp_metal_thick_xxl
vfx,#vfx/iw8/weap/_impact/mud/vfx_imp_mud_xxl
vfx,#vfx/iw8/weap/_impact/plaster/vfx_imp_plaster_xxl
vfx,#vfx/iw8/weap/_impact/sand/vfx_imp_sand_xxl
vfx,#vfx/iw8/weap/_impact/water/vfx_imp_water_xxl
vfx,#vfx/iw8/weap/_impact/wood_solid/vfx_imp_wood_solid_xxl
vfx,#vfx/iw8/weap/_impact/foliage/vfx_imp_foliage_lrg
vfx,#vfx/iw8/weap/_impact/glass_bltprf/vfx_imp_glassbltprf_med
vfx,#vfx/iw8/weap/_impact/drywall/vfx_imp_drywall_lrg
vfx,#vfx/iw8/weap/_impact/concrete/vfx_imp_concrete_med
vfx,#vfx/iw8/weap/_impact/dirt/vfx_imp_dirt_med
vfx,#vfx/iw8/weap/_impact/flesh/vfx_imp_flesh_med
vfx,#vfx/iw8/weap/_impact/mud/vfx_imp_mud_med
vfx,#vfx/iw8/weap/_impact/plaster/vfx_imp_plaster_med
vfx,#vfx/iw8/weap/_impact/sand/vfx_imp_sand_med
vfx,#vfx/iw8/weap/_impact/wood_solid/vfx_imp_wood_solid_med
vfx,#vfx/iw8/weap/_impact/asphalt/vfx_imp_asphalt_med
vfx,#vfx/iw8/weap/_impact/veh_explode/vfx_veh_exp_generic
vfx,#vfx/iw8/weap/_impact/veh_explode/vfx_veh_exp_wood
vfx,#vfx/iw8/weap/_impact/veh_explode/vfx_veh_exp_cinder
vfx,#vfx/iw8/weap/_impact/veh_explode/vfx_veh_exp_concrete
vfx,#vfx/iw8/weap/_impact/veh_explode/vfx_veh_exp_dirt
vfx,#vfx/iw8/weap/_impact/veh_explode/vfx_veh_exp_flesh
vfx,#vfx/iw8/weap/_impact/veh_explode/vfx_veh_exp_metal
vfx,#vfx/iw8/weap/_impact/veh_explode/vfx_veh_exp_mud
vfx,#vfx/iw8/weap/_impact/veh_explode/vfx_veh_exp_plaster
vfx,#vfx/iw8/weap/_impact/veh_explode/vfx_veh_exp_sand
vfx,#vfx/iw8/weap/_impact/veh_explode/vfx_veh_exp_water
vfx,#vfx/iw8/weap/_impact/veh_explode/vfx_veh_exp_asphalt
vfx,#vfx/iw8/weap/_impact/veh_explode/vfx_veh_exp_drywall
vfx,#vfx/iw8_mp/killstreak/vfx_ahotel64_rocket_explosion
vfx,#vfx/iw8_mp/killstreak/chopper/vfx_rocket_exp_ice
vfx,#vfx/s4/weapon/_impact/ricochets/vfx_imp_rico_sml
vfx,#vfx/iw8/weap/_explo/25mm_gun/vfx_explo_25mm_gen
vfx,#vfx/iw8/weap/_explo/25mm_gun/vfx_explo_25mm_ice
vfx,#vfx/iw8/weap/_explo/25mm_gun/vfx_explo_25mm_metal
vfx,#vfx/iw8/weap/_explo/25mm_gun/vfx_explo_25mm_mud
vfx,#vfx/iw8/weap/_explo/25mm_gun/vfx_explo_25mm_asphalt
vfx,#vfx/iw8/weap/_explo/25mm_gun/vfx_explo_25mm_snow
vfx,#vfx/iw8/weap/_explo/25mm_gun/vfx_explo_25mm_wood
vfx,#vfx/iw8/core/apache/vfx_apache_mg_impact
vfx,#vfx/iw8/core/apache/vfx_apache_mg_impact_asphalt
vfx,#vfx/iw8/core/apache/vfx_apache_mg_impact_ice
vfx,#vfx/iw8/core/apache/vfx_apache_mg_impact_metal
vfx,#vfx/iw8/core/apache/vfx_apache_mg_impact_mud
vfx,#vfx/iw8/core/apache/vfx_apache_mg_impact_snow
vfx,#vfx/iw8/core/apache/vfx_apache_mg_impact_wood
vfx,#vfx/iw8_mp/equipment/concussion_grenade/vfx_con_air
vfx,#vfx/iw8_mp/equipment/concussion_grenade/vfx_concuss_ch
vfx,#vfx/iw8_mp/equipment/concussion_grenade/vfx_con_water
vfx,#vfx/iw8_mp/killstreak/shared/vfx_ac130_105mm_impact
vfx,#vfx/s4/weapon/_impact/flesh/vfx_imp_flesh_dismember
vfx,#vfx/iw8/weap/_impact/_mtx/red/vfx_imp_concrete_med
vfx,#vfx/iw8/weap/_impact/_mtx/red/vfx_imp_dirt_med
vfx,#vfx/iw8/weap/_impact/_mtx/red/vfx_imp_flesh_med
vfx,#vfx/iw8/weap/_impact/glass/vfx_imp_glass_med
vfx,#vfx/iw8/weap/_impact/gravel/vfx_imp_gravel_med
vfx,#vfx/iw8/weap/_impact/ice/vfx_imp_ice_med
vfx,#vfx/iw8/weap/_impact/_mtx/red/vfx_imp_metal_nonpen_med
vfx,#vfx/iw8/weap/_impact/_mtx/red/vfx_imp_metal_thick_med
vfx,#vfx/iw8/weap/_impact/paper/vfx_imp_paper_med
vfx,#vfx/iw8/weap/_impact/rock/vfx_imp_rock_med
vfx,#vfx/iw8/weap/_impact/snow/vfx_imp_snow_med
vfx,#vfx/iw8/weap/_impact/water/vfx_imp_water_med
vfx,#vfx/iw8/weap/_impact/plastic/vfx_imp_plastic_med
vfx,#vfx/iw8/weap/_impact/rubber/vfx_imp_rubber_med
vfx,#vfx/iw8/weap/_impact/slush/vfx_imp_slush_med
vfx,#vfx/iw8/weap/_impact/_mtx/red/vfx_imp_flesh_fatal_med
vfx,#vfx/iw8/weap/_impact/_mtx/red/vfx_imp_flesh_fatal_head_med
vfx,#vfx/iw8/weap/_impact/_mtx/red/vfx_imp_mtx_sparks_lrg
vfx,#vfx/iw8/weap/_impact/_mtx/red/vfx_imp_mtx_sparks_lrg_cut
vfx,#vfx/iw8/weap/_impact/_mtx/red/vfx_imp_mtx_sparks_lrg_rad
vfx,#vfx/iw8/weap/_impact/_mtx/red/vfx_imp_mtx_sparks_lrg_shld
vfx,#vfx/iw8/weap/_impact/_mtx/red/vfx_imp_mtx_sparks_lrg_water
vfx,#vfx/iw8/weap/_impact/_mtx/red/vfx_imp_mtx_sparks_lrg_wood
vfx,#vfx/iw8/weap/_impact/_mtx/red/vfx_imp_mtx_sparks_lrg_short
vfx,#vfx/iw8/weap/_impact/_mtx/blue/vfx_imp_concrete_med
vfx,#vfx/iw8/weap/_impact/_mtx/blue/vfx_imp_dirt_med
vfx,#vfx/iw8/weap/_impact/_mtx/blue/vfx_imp_flesh_med
vfx,#vfx/iw8/weap/_impact/_mtx/blue/vfx_imp_metal_nonpen_med
vfx,#vfx/iw8/weap/_impact/_mtx/blue/vfx_imp_metal_thick_med
vfx,#vfx/iw8/weap/_impact/_mtx/blue/vfx_imp_flesh_fatal_med
vfx,#vfx/iw8/weap/_impact/_mtx/blue/vfx_imp_flesh_fatal_head_med
vfx,#vfx/iw8/weap/_impact/_mtx/blue/vfx_imp_mtx_sparks_lrg
vfx,#vfx/iw8/weap/_impact/_mtx/blue/vfx_imp_mtx_sparks_lrg_cut
vfx,#vfx/iw8/weap/_impact/_mtx/blue/vfx_imp_mtx_sparks_lrg_rad
vfx,#vfx/iw8/weap/_impact/_mtx/blue/vfx_imp_mtx_sparks_lrg_wood
vfx,#vfx/iw8/weap/_impact/_mtx/blue/vfx_imp_mtx_sparks_lrg_shld
vfx,#vfx/iw8/weap/_impact/_mtx/blue/vfx_imp_mtx_sparks_lrg_short
vfx,#vfx/iw8/weap/_impact/_mtx/blue/vfx_imp_mtx_sparks_lrg_water
vfx,#vfx/iw8/weap/_impact/_mtx/pink/vfx_imp_concrete_med
vfx,#vfx/iw8/weap/_impact/_mtx/pink/vfx_imp_dirt_med
vfx,#vfx/iw8/weap/_impact/_mtx/pink/vfx_imp_flesh_med
vfx,#vfx/iw8/weap/_impact/_mtx/pink/vfx_imp_metal_nonpen_med
vfx,#vfx/iw8/weap/_impact/_mtx/pink/vfx_imp_metal_thick_med
vfx,#vfx/iw8/weap/_impact/_mtx/pink/vfx_imp_flesh_fatal_med
vfx,#vfx/iw8/weap/_impact/_mtx/pink/vfx_imp_flesh_fatal_head_med
vfx,#vfx/iw8/weap/_impact/_mtx/pink/vfx_imp_mtx_sparks_lrg
vfx,#vfx/iw8/weap/_impact/_mtx/pink/vfx_imp_mtx_sparks_lrg_cut
vfx,#vfx/iw8/weap/_impact/_mtx/pink/vfx_imp_mtx_sparks_lrg_wood
vfx,#vfx/iw8/weap/_impact/_mtx/pink/vfx_imp_mtx_sparks_lrg_rad
vfx,#vfx/iw8/weap/_impact/_mtx/pink/vfx_imp_mtx_sparks_lrg_shld
vfx,#vfx/iw8/weap/_impact/_mtx/pink/vfx_imp_mtx_sparks_lrg_short
vfx,#vfx/iw8/weap/_impact/_mtx/pink/vfx_imp_mtx_sparks_lrg_water
vfx,#vfx/iw8/weap/_impact/_mtx/grn/vfx_imp_concrete_med
vfx,#vfx/iw8/weap/_impact/_mtx/grn/vfx_imp_dirt_med
vfx,#vfx/iw8/weap/_impact/_mtx/grn/vfx_imp_flesh_med
vfx,#vfx/iw8/weap/_impact/_mtx/grn/vfx_imp_metal_nonpen_med
vfx,#vfx/iw8/weap/_impact/_mtx/grn/vfx_imp_metal_thick_med
vfx,#vfx/iw8/weap/_impact/_mtx/grn/vfx_imp_flesh_fatal_med
vfx,#vfx/iw8/weap/_impact/_mtx/grn/vfx_imp_flesh_fatal_head_med
vfx,#vfx/iw8/weap/_impact/_mtx/grn/vfx_imp_mtx_sparks_lrg
vfx,#vfx/iw8/weap/_impact/_mtx/grn/vfx_imp_mtx_sparks_lrg_cut
vfx,#vfx/iw8/weap/_impact/_mtx/grn/vfx_imp_mtx_sparks_lrg_rad
vfx,#vfx/iw8/weap/_impact/_mtx/grn/vfx_imp_mtx_sparks_lrg_shld
vfx,#vfx/iw8/weap/_impact/_mtx/grn/vfx_imp_mtx_sparks_lrg_short
vfx,#vfx/iw8/weap/_impact/_mtx/grn/vfx_imp_mtx_sparks_lrg_water
vfx,#vfx/iw8/weap/_impact/_mtx/grn/vfx_imp_mtx_sparks_lrg_wood
vfx,#vfx/s4/weapon/_impact/ammotype/vfx_imp_incendiary
vfx,#vfx/iw8/weap/_impact/_mtx/red/vfx_imp_concrete_sml
vfx,#vfx/iw8/weap/_impact/_mtx/red/vfx_imp_dirt_sml
vfx,#vfx/iw8/weap/_impact/_mtx/red/vfx_imp_flesh_sml
vfx,#vfx/iw8/weap/_impact/_mtx/red/vfx_imp_metal_nonpen_sml
vfx,#vfx/iw8/weap/_impact/mud/vfx_imp_mud_sml
vfx,#vfx/iw8/weap/_impact/plaster/vfx_imp_plaster_sml
vfx,#vfx/iw8/weap/_impact/sand/vfx_imp_sand_sml
vfx,#vfx/iw8/weap/_impact/wood_solid/vfx_imp_wood_solid_sml
vfx,#vfx/iw8/weap/_impact/asphalt/vfx_imp_asphalt_sml
vfx,#vfx/iw8/weap/_impact/_mtx/red/vfx_imp_metal_thick_sml
vfx,#vfx/iw8/weap/_impact/riotshield/vfx_imp_riotshield_sml
vfx,#vfx/iw8/weap/_impact/drywall/vfx_imp_drywall_sml
vfx,#vfx/iw8/weap/_impact/_mtx/blue/vfx_imp_concrete_sml
vfx,#vfx/iw8/weap/_impact/_mtx/blue/vfx_imp_dirt_sml
vfx,#vfx/iw8/weap/_impact/_mtx/blue/vfx_imp_flesh_sml
vfx,#vfx/iw8/weap/_impact/_mtx/blue/vfx_imp_metal_nonpen_sml
vfx,#vfx/iw8/weap/_impact/_mtx/blue/vfx_imp_metal_thick_sml
vfx,#vfx/iw8/weap/_impact/flesh/vfx_imp_flesh_dismemb_rounds
vfx,#vfx/iw8/weap/_impact/metal/vfx_imp_metal_thick_lrg_heli
vfx,#vfx/iw8/weap/_impact/flesh/vfx_imp_flesh_fatal_med
vfx,#vfx/iw8/weap/_impact/flesh/vfx_imp_flesh_fatal_head_med
vfx,#vfx/iw8/weap/_impact/_mtx/reg/vfx_imp_mtx_expl_lrg
vfx,#vfx/iw8/weap/_impact/_mtx/reg/vfx_imp_mtx_expl_lrg_cut
vfx,#vfx/iw8/weap/_impact/_mtx/reg/vfx_imp_mtx_expl_lrg_short
vfx,#vfx/iw8/weap/_impact/_mtx/reg/vfx_imp_mtx_expl_lrg_rad
vfx,#vfx/iw8/weap/_impact/_mtx/reg/vfx_imp_mtx_expl_lrg_shld
vfx,#vfx/iw8/weap/_impact/_mtx/reg/vfx_imp_mtx_expl_lrg_water
vfx,#vfx/iw8/weap/_impact/_mtx/reg/vfx_imp_mtx_expl_lrg_wood
vfx,#vfx/iw8/weap/_impact/dragon/vfx_imp_dragon12g_gen
vfx,#vfx/iw8/weap/_impact/dragon/vfx_imp_dragon12g_reflect
vfx,#vfx/iw8/weap/_impact/dragon/vfx_imp_dragon12g_riotshield
vfx,#vfx/iw8/weap/_impact/flesh/vfx_imp_flesh_12g_exit
vfx,#vfx/iw8/weap/_impact/drywall/vfx_imp_drywall_12g_exit
vfx,#vfx/iw8/weap/_impact/dragon/vfx_imp_dragon12g_flesh
vfx,#vfx/iw8/weap/_impact/flesh/vfx_imp_flesh_dismemb_rounds_amb
vfx,#vfx/iw8/weap/_impact/_mtx/amb/vfx_imp_mtx_expl_lrg
vfx,#vfx/iw8/weap/_impact/_mtx/amb/vfx_imp_mtx_expl_lrg_cut
vfx,#vfx/iw8/weap/_impact/_mtx/amb/vfx_imp_mtx_expl_lrg_rad
vfx,#vfx/iw8/weap/_impact/_mtx/amb/vfx_imp_mtx_expl_lrg_short
vfx,#vfx/iw8/weap/_impact/_mtx/amb/vfx_imp_mtx_expl_lrg_water
vfx,#vfx/iw8/weap/_impact/_mtx/amb/vfx_imp_mtx_expl_lrg_wood
vfx,#vfx/iw8/weap/_impact/_mtx/amb/vfx_imp_mtx_expl_lrg_shld
vfx,#vfx/s4/killstreaks/vfx_warmachine_imp_exp
vfx,#vfx/s4/killstreaks/vfx_warmachine_imp_exp_snow
vfx,#vfx/s4/killstreaks/vfx_warmachine_imp_exp_metal
vfx,#vfx/s4/killstreaks/vfx_warmachine_imp_exp_water
vfx,#vfx/s4/killstreaks/vfx_warmachine_imp_exp_dirt
vfx,#vfx/s4/weapon/_explosion/vfx_explo_gammon_bomb
vfx,#vfx/s4/weapon/_explosion/vfx_explo_gammon_bomb_snow
vfx,#vfx/s4/weapon/_explosion/vfx_explo_gammon_bomb_water
vfx,#vfx/s4/weapon/_explosion/vfx_explo_satchel_charge_air
vfx,#vfx/s4/weapon/_explosion/vfx_explo_satchel_charge
vfx,#vfx/s4/weapon/_explosion/vfx_explo_satchel_charge_snow
vfx,#vfx/s4/weapon/_explosion/vfx_explo_satchel_charge_water
vfx,#vfx/s4/weapon/_explosion/vfx_explo_mine_s44
vfx,#vfx/s4/weapon/_explosion/vfx_explo_mine_s44_snow
vfx,#vfx/s4/weapon/_explosion/vfx_explo_mine_s44_water
vfx,#vfx/s4/weapon/_impact/flesh/vfx_imp_flesh_dog
vfx,#vfx/s4/weapon/_mtx/s1/impacts/vfx_imp_mtx_s1_holiday
vfx,#vfx/s4/weapon/_mtx/s1/impacts/vfx_imp_mtx_s1_ashes
vfx,#vfx/s4/weapon/_mtx/s1/impacts/vfx_imp_mtx_s1_flesh_ash_med
vfx,#vfx/s4/weapon/_mtx/s1/impacts/vfx_imp_mtx_s1_redlaser
vfx,#vfx/s4/weapon/_mtx/s1/impacts/vfx_imp_mtx_s1_redlaser_flesh
vfx,#vfx/s4/weapon/_mtx/s1/impacts/vfx_imp_mtx_s1_lun_ny_01
vfx,#vfx/s4/weapon/_mtx/s1/impacts/vfx_imp_mtx_s1_lun_ny_flesh_01
vfx,#vfx/s4/weapon/_mtx/s1/impacts/vfx_imp_mtx_s1_aot
vfx,#vfx/s4/weapon/_mtx/s1/impacts/vfx_imp_mtx_s1_aot_flesh
vfx,#vfx/s4/weapon/_mtx/s2/impacts/vfx_imp_mtx_s2_aot
vfx,#vfx/s4/weapon/_mtx/s2/impacts/vfx_imp_mtx_s2_mecha
vfx,#vfx/s4/weapon/_mtx/s2/impacts/vfx_imp_mtx_s2_mecha_flesh
vfx,#vfx/s4/weapon/_mtx/s2/impacts/vfx_imp_mtx_s2_mecha_sht
vfx,#vfx/s4/weapon/_mtx/s2/impacts/vfx_imp_mtx_s2_mecha_death_flesh
vfx,#vfx/s4/weapon/_mtx/s2/impacts/vfx_imp_mtx_s2_frost_death_env
vfx,#vfx/s4/weapon/_mtx/s2/impacts/vfx_imp_mtx_s2_frost_death_flesh
vfx,#vfx/s4/weapon/_mtx/s2/impacts/vfx_imp_mtx_s2_carn
vfx,#vfx/s4/weapon/_mtx/s2/impacts/vfx_imp_mtx_s2_snakeskin
vfx,#vfx/s4/weapon/_mtx/s3/impacts/vfx_imp_mtx_s3_lions
vfx,#vfx/s4/weapon/_mtx/s3/impacts/vfx_imp_mtx_s3_flesh_lions
vfx,#vfx/s4/weapon/_mtx/s3/impacts/vfx_imp_mtx_s3_cerberus
vfx,#vfx/s4/weapon/_mtx/s3/impacts/vfx_imp_mtx_s3_gdz
vfx,#vfx/s4/weapon/_mtx/s3/impacts/vfx_imp_mtx_s3_gdz_flesh
vfx,#vfx/s4/weapon/_mtx/s2/impacts/vfx_imp_mtx_s2_val
vfx,#vfx/s4/weapon/_mtx/s2/impacts/vfx_imp_mtx_s2_gold
vfx,#vfx/s4/weapon/_mtx/s2/impacts/vfx_imp_mtx_s2_gold_flesh
vfx,#vfx/s4/weapon/_mtx/s1/impacts/vfx_imp_mtx_s1_night
vfx,#vfx/s4/weapon/_mtx/s1/impacts/vfx_imp_mtx_s1_night_flesh
vfx,#vfx/s4/weapon/_mtx/s1/impacts/vfx_imp_mtx_s1_diesel
vfx,#vfx/s4/weapon/_mtx/s1/impacts/vfx_imp_mtx_s1_diesel_flesh
vfx,#vfx/s4/weapon/_mtx/s3/impacts/vfx_imp_mtx_s3_kenosha
vfx,#vfx/s4/weapon/_mtx/s3/impacts/vfx_imp_mtx_s3_kenosha_flesh
vfx,#vfx/s4/weapon/_mtx/s3/impacts/vfx_imp_mtx_s3_lions_2
vfx,#vfx/s4/weapon/_mtx/s3/impacts/vfx_imp_mtx_s3_flesh_419
vfx,#vfx/s4/weapon/_mtx/s3/impacts/vfx_imp_mtx_s3_cerberus_lg
vfx,#vfx/s4/weapon/_mtx/s3/impacts/vfx_imp_mtx_s3_war_lg
vfx,#vfx/s4/weapon/_mtx/s3/impacts/vfx_imp_mtx_s3_war_flesh_lg
vfx,#vfx/s4/weapon/_mtx/s3/impacts/vfx_imp_mtx_s3_street
vfx,#vfx/s4/weapon/_mtx/s3/impacts/vfx_imp_mtx_s3_street_flesh
vfx,#vfx/s4/weapon/_mtx/s3/impacts/vfx_imp_mtx_s3_radio
vfx,#vfx/s4/weapon/_mtx/s3/impacts/vfx_imp_mtx_s3_radio_flesh
vfx,#vfx/s4/weapon/_mtx/s3/impacts/vfx_imp_mtx_s3_kenosha_sm
vfx,#vfx/s4/weapon/_mtx/s3/impacts/vfx_imp_mtx_s3_kenosha_sm_flesh
vfx,#vfx/s4/weapon/_mtx/s3/impacts/vfx_imp_mtx_s3_holo_m
vfx,#vfx/s4/weapon/_mtx/s3/impacts/vfx_imp_mtx_s3_musk
vfx,#vfx/s4/weapon/_mtx/s3/impacts/vfx_imp_mtx_s3_musk_flesh
vfx,#vfx/s4/weapon/_mtx/s3/impacts/vfx_imp_mtx_s3_cerberus_green_sm
vfx,#vfx/s4/weapon/_mtx/s3/impacts/vfx_imp_mtx_s3_cerberus_green_lg
vfx,#vfx/s4/weapon/_mtx/s3/impacts/vfx_imp_mtx_s3_aether
vfx,#vfx/s4/weapon/_mtx/s3/impacts/vfx_imp_mtx_s3_tsla
vfx,#vfx/s4/weapon/_mtx/s3/impacts/vfx_imp_mtx_s3_tsla_flesh
vfx,#vfx/s4/weapon/_mtx/s4/impacts/vfx_imp_mtx_s4_famine
vfx,#vfx/s4/weapon/_mtx/s4/impacts/vfx_imp_mtx_s4_famine_flesh
vfx,#vfx/s4/weapon/_mtx/s3/impacts/vfx_imp_mtx_s3_tsla_ar
vfx,#vfx/s4/weapon/_mtx/s3/impacts/vfx_imp_mtx_s3_tsla_flesh_ar
vfx,#vfx/s4/weapon/_mtx/s3/impacts/vfx_imp_mtx_s3_dragb
vfx,#vfx/s4/weapon/_mtx/s3/impacts/vfx_imp_mtx_s3_dragb_flesh
vfx,#vfx/s4/weapon/_mtx/s3/impacts/vfx_imp_mtx_s3_pitfall
vfx,#vfx/s4/weapon/_mtx/s4/impacts/vfx_imp_mtx_s4_jul
vfx,#vfx/s4/weapon/_mtx/s4/impacts/vfx_imp_mtx_s4_jul_flesh
vfx,#vfx/s4/weapon/_mtx/s4/impacts/vfx_imp_mtx_s4_bard
vfx,#vfx/s4/weapon/_mtx/s4/impacts/vfx_imp_mtx_s4_bard_sm
vfx,#vfx/s4/weapon/_mtx/s4/impacts/vfx_imp_mtx_s4_purp
vfx,#vfx/s4/weapon/_mtx/s4/impacts/vfx_imp_mtx_s4_purp_lg
vfx,#vfx/s4/weapon/_mtx/s4/impacts/vfx_imp_mtx_s4_purp_lg_flesh
vfx,#vfx/s4/weapon/_mtx/s4/impacts/vfx_imp_mtx_s4_mtl_dgg_env
vfx,#vfx/s4/weapon/_mtx/s4/impacts/vfx_imp_mtx_s4_dgg_flesh
vfx,#vfx/s4/weapon/_mtx/s4/impacts/vfx_imp_mtx_s4_dgg_death_flesh
vfx,#vfx/s4/weapon/_mtx/s4/impacts/vfx_imp_mtx_s4_atomic
vfx,#vfx/s4/weapon/_mtx/s4/impacts/vfx_imp_mtx_s4_atomic_flesh
vfx,#vfx/s4/weapon/_mtx/s4/impacts/vfx_imp_mtx_s4_palmer
vfx,#vfx/s4/weapon/_mtx/s4/impacts/vfx_imp_mtx_s4_palmer_flesh
vfx,#vfx/s4/weapon/_mtx/s4/impacts/vfx_imp_mtx_s4_palmer_death_flesh
vfx,#vfx/s4/weapon/_mtx/s4/impacts/vfx_imp_mtx_s4_punk
vfx,#vfx/s4/weapon/_mtx/s4/impacts/vfx_imp_mtx_s4_hen
vfx,#vfx/s4/weapon/_mtx/s4/impacts/vfx_imp_mtx_s4_obon
vfx,#vfx/s4/weapon/_mtx/s4/impacts/vfx_imp_mtx_s4_obon_flesh
vfx,#vfx/s4/weapon/_mtx/s4/impacts/vfx_imp_mtx_s4_anime
vfx,#vfx/s4/weapon/_mtx/s4/impacts/vfx_imp_mtx_s4_anime_flesh
vfx,#vfx/s4/weapon/_mtx/s4/impacts/vfx_imp_mtx_s4_dino
vfx,#vfx/s4/zombie_weapon/_impact/vfx_imp_dg2_wood_lg
vfx,#vfx/s4/zombie_weapon/_impact/vfx_imp_dg2_default_lg
vfx,#vfx/s4/zombie_weapon/_impact/vfx_imp_dg2_metal_lg
vfx,#vfx/s4/zombie_weapon/_impact/vfx_imp_dg2_mud_lg
vfx,#vfx/s4/zombie_weapon/_impact/vfx_imp_dg2_water_impact
vfx,#vfx/s4/weapon/_mtx/s4/impacts/vfx_imp_mtx_s4_led
vfx,#vfx/s4/weapon/_mtx/s4/impacts/vfx_imp_mtx_s4_led_lg
vfx,#vfx/s4/weapon/_mtx/s4/impacts/vfx_imp_mtx_s4_spaceexplorer
vfx,#vfx/s4/weapon/_mtx/s4/impacts/vfx_imp_mtx_s4_spaceexplorer_flesh
vfx,#vfx/s4/weapon/_mtx/s5/impacts/vfx_imp_mtx_s5_death
vfx,#vfx/s4/weapon/_mtx/s5/impacts/vfx_imp_mtx_s5_death_flesh
vfx,#vfx/s4/weapon/_mtx/s5/impacts/vfx_imp_mtx_s5_death_lg
vfx,#vfx/s4/weapon/_mtx/s4/impacts/vfx_imp_mtx_s4_animal_warrior
vfx,#vfx/s4/weapon/_mtx/s4/impacts/vfx_imp_mtx_s4_palmer_sm
vfx,#vfx/s4/weapon/_mtx/s4/impacts/vfx_imp_mtx_s4_palmer_flesh_sm
vfx,#vfx/s4/weapon/_mtx/s5/impacts/vfx_imp_mtx_s5_wellington
vfx,#vfx/s4/weapon/_mtx/s5/impacts/vfx_imp_mtx_s5_wellington_flesh
vfx,#vfx/s4/weapon/_mtx/s5/impacts/vfx_imp_mtx_s5_em1beam
vfx,#vfx/s4/weapon/_mtx/s4/impacts/vfx_imp_mtx_s4_winter_warrior
vfx,#vfx/s4/weapon/_mtx/s5/impacts/vfx_imp_mtx_s5_retro
vfx,#vfx/s4/weapon/_mtx/s5/impacts/vfx_imp_mtx_s5_retro_flesh
vfx,#vfx/s4/weapon/_mtx/s5/impacts/vfx_imp_mtx_s5_retro_flesh_fatal
vfx,#vfx/s4/weapon/_mtx/s5/impacts/vfx_imp_mtx_s5_arizona
vfx,#vfx/s4/weapon/_mtx/s5/impacts/vfx_imp_mtx_s5_arizona_flesh
vfx,#vfx/s4/weapon/_mtx/s5/impacts/vfx_imp_mtx_s5_dna_env
vfx,#vfx/s4/weapon/_mtx/s5/impacts/vfx_imp_mtx_s5_dna_flesh
vfx,#vfx/s4/weapon/_mtx/s5/impacts/vfx_imp_mtx_s5_dna_flesh_death
vfx,#vfx/s4/weapon/_mtx/s5/impacts/vfx_imp_mtx_s5_retro_beam
vfx,#vfx/s4/weapon/_mtx/s5/impacts/vfx_imp_mtx_s5_retro_beam_flesh
vfx,#vfx/s4/weapon/_mtx/s5/impacts/vfx_imp_mtx_s5_retro_beam_flesh_fatal
vfx,#vfx/s4/weapon/_mtx/s5/impacts/vfx_imp_mtx_s5_wellington_flesh_lg
vfx,#vfx/s4/weapon/_mtx/s5/impacts/vfx_imp_mtx_s5_arizona_flesh_lg
vfx,#vfx/s4/weapon/_mtx/s5/impacts/vfx_imp_mtx_s5_space
vfx,#vfx/s4/weapon/_mtx/s5/impacts/vfx_imp_mtx_s5_space_flesh
vfx,#vfx/s4/weapon/_mtx/s5/impacts/vfx_imp_mtx_s5_space_flesh_death
vfx,#vfx/s4/weapon/_mtx/s5/impacts/vfx_imp_mtx_s5_anubis
vfx,#vfx/s4/weapon/_mtx/s5/impacts/vfx_imp_mtx_s5_anubis_flesh
vfx,#vfx/s4/weapon/_mtx/s5/impacts/vfx_imp_mtx_s5_anubis_flesh_fatal
vfx,#vfx/s4/weapon/_mtx/s5/impacts/vfx_imp_mtx_s5_anubis_sm
vfx,#vfx/s4/weapon/_mtx/s5/impacts/vfx_imp_mtx_s5_evilsupersoldier
vfx,#vfx/s4/weapon/_mtx/s5/impacts/vfx_imp_mtx_s5_evilsupersoldier_flesh
vfx,#vfx/s4/weapon/_mtx/s5/impacts/vfx_imp_mtx_s5_evilsupersoldier_lg
vfx,#vfx/s4/weapon/_mtx/s5/impacts/vfx_imp_mtx_s5_evilsupersoldier_flesh_lg
vfx,#vfx/s4/weapon/_mtx/s5/impacts/vfx_imp_mtx_s5_hop_env
vfx,#vfx/s4/weapon/_mtx/s5/impacts/vfx_imp_mtx_s5_hop_flesh
vfx,#vfx/s4/weapon/_mtx/s5/impacts/vfx_imp_mtx_s5_hop_flesh_death
vfx,#vfx/s4/weapon/_mtx/s5/impacts/vfx_imp_mtx_s5_pestilence
vfx,#vfx/s4/weapon/_mtx/s5/impacts/vfx_imp_mtx_s5_pestilence_flesh
vfx,#vfx/s4/weapon/_mtx/s5/impacts/vfx_imp_mtx_s5_pestilence_flesh_death
vfx,#vfx/s4/weapon/_mtx/s5/impacts/vfx_imp_mtx_s5_sweet
vfx,#vfx/s4/weapon/_mtx/s5/impacts/vfx_imp_mtx_s5_sweet_flesh_death
vfx,#vfx/s4/weapon/_mtx/s5/impacts/vfx_imp_mtx_s5_animelove
vfx,#vfx/s4/weapon/_mtx/s5/impacts/vfx_imp_mtx_s5_seraph
vfx,#vfx/s4/weapon/_mtx/s5/impacts/vfx_imp_mtx_s5_emike1_v504
vfx,#vfx/s4/weapon/_mtx/s5/impacts/vfx_imp_mtx_s5_emike1_v504_flesh_fatal
impactfx,#mp_shipment_s4
gfx_map,#mp_shipment_s4
fx_map,#mp_shipment_s4
scriptable,#hardpoint_chevron
map_ents,#mp_shipment_s4
col_map,#mp_shipment_s4
collisiontile,#collisiontile_525_0_base
collisiontile,#collisiontile_527_0_base
collisiontile,#collisiontile_528_0_base
collisiontile,#collisiontile_530_0_base
collisiontile,#collisiontile_559_0_base
collisiontile,#collisiontile_560_0_base
collisiontile,#collisiontile_621_0_base