   1	02B3D018-4EE0-0B0D-092B-9CA4422208BC
   2	8E7F9003-965D-11ED-8EC0-B0A460E80798
   3	AEBFF9D7-5934-11ED-8E86-B0A460E8079B
   4	-423 -27 40.5
   5	582 1824 36
   6	634A8C87-6934-11ED-8E4F-68545AAC0192
   7	E45531EB-6252-A416-361C-555F6B97EE9C
   8	D09AC32C-25EE-9B67-46C5-BD535906FC1C
   9	4C78F0CF-6FFB-11ED-8EA3-B0A460E8079B
  10	5CAF8141-263D-ED7F-68E4-E2A25BFD33C6
  11	96DB7EB9-965F-11ED-8EC0-B0A460E80798
  12	DD7EC6AE-9A16-447A-9884-F531814662F4
  13	1607 713 36.5053
  14	28F25E4D-F990-08CC-0D7E-4F86AEE061FA
  15	CB27CCEB-6FFB-11ED-8EA3-B0A460E8079B
  16	1386.36 -184.052 36
  17	671E7C4F-21F6-7B51-DD1F-1CFFB7EE6271
  18	-20.5 121.5 17.4073
  19	DECA5E2E-6FF3-11ED-8EA3-B0A460E8079B
  20	4C78F0B1-6FFB-11ED-8EA3-B0A460E8079B
  21	vfx/jup/level/mp_jup_rust/vfx_rust_sand_falling_from_pipe
  22	-552 1656 40.4709
  23	1636 1392 31
  24	DF50A732-7D9B-EED9-8C42-1BF548F87E8A
  25	D03B96D7-270D-03CF-C943-8CBFA6F8054E
  26	-328 264 16
  27	1597.25 -97.25 40
  28	A6F4F4EB-5934-11ED-8E86-B0A460E8079B
  29	-367.974 649.817 32
  30	ik_out_start_right_hand
  31	D5079BFC-1CFA-C2A1-A8E3-235B4B8E9446
  32	tag_wheel_center_back_right_flat
  33	FBFEFDFB-EBCC-4552-084E-371C6A3066AE
  34	vfx_twr_falling_dust_ch2
  35	577F5327-BDB9-DD55-2880-9E2A16707CF1
  36	92F1A3CD-4C2A-BCDD-8A73-54FE3BB0C5E8
  37	36B3878F-7A1C-C330-718C-6D08C45E68D5
  38	vfx/iw9/level/mp_davos/vfx_davos_steam_vent
  39	0 49.9995 0
  40	infil_van_6
  41	tag_origin
  42	47F301EA-C70B-F6F0-A20E-3295F8F25482
  43	-48 1352 36
  44	CB27CD15-6FFB-11ED-8EA3-B0A460E8079B
  45	1 2 3 4 5
  46	9DC938E8-9CA9-11ED-8EC7-B0A460E8079B
  47	51381D76-9CAA-11ED-8EC7-B0A460E8079B
  48	0A99DBAD-A0BD-11ED-8ECA-B0A460E8079B
  49	-116.5 1803.5 20
  50	44DB0D8F-6502-11ED-8E95-B0A460E8079B
  51	-20.5 1711 36
  52	752 688 17.856
  53	2BF3A43C-D321-2B93-212A-6896569E1077
  54	CB27CCE8-6FFB-11ED-8EA3-B0A460E8079B
  55	-360 -168 30
  56	vfx/jup/level/cp_jup_dam/vfx_dam_electric_falling_sparks
  57	DECA5E76-6FF3-11ED-8EA3-B0A460E8079B
  58	0 89.9986 0
  59	4C78F018-6FFB-11ED-8EA3-B0A460E8079B
  60	07D149F5-79B0-11EE-8F84-B0A460E769BC
  61	0 89.9997 0
  62	2DF35B3C-5934-11ED-8E86-B0A460E8079B
  63	FE0E8B2B-0F91-11EE-9584-68545AD2D871
  64	CB27CCA6-6FFB-11ED-8EA3-B0A460E8079B
  65	646866DA-A0DF-0F9D-88A0-757F43069569
  66	-408 -28 32
  67	4F90A8D6-9CAB-11ED-8EC7-B0A460E8079B
  68	540C6420-92D2-A6C7-1DB1-B0E0AF7D7816
  69	571786DD-6240-9243-1D5B-365AE4196522
  70	vfx/jup/level/big_map/vfx_jup_bm_falling_dust_ch_01
  71	-372 24 22.2473
  72	16F00FCA-9CB2-11ED-8EC7-B0A460E8079B
  73	C9EC7E4A-1D75-2825-FD75-F7B158124752
  74	1C8A4036-9CAB-11ED-8EC7-B0A460E8079B
  75	mp_dd_spawn_attacker_start
  76	8778A869-550F-C3C8-DD89-B0CD428C1ED9
  77	-416 -32 32
  78	E1C69CB6-6058-135D-8322-592E7603CBAF
  79	vfx_apt_dust_falling_ch_03
  80	F6D6C2C0-4306-5227-F7B1-505923D253B8
  81	0 165.999 0
  82	mp_dd_spawn_defender_b
  83	infil_van_iw9_2
  84	-432 720 20
  85	6C0A3F1B-9CAB-11ED-8EC7-B0A460E8079B
  86	E668E317-5ADE-71CD-0A17-4B304EFB1B9E
  87	63328B61-431E-F937-0F5F-847EAF60C2EF
  88	28778B0B-061C-1394-0714-4BD1DE9109BC
  89	-97 204 16.2582
  90	D5CC312D-6FF2-11ED-8EA3-B0A460E8079B
  91	6C0C8265-5933-11ED-8E86-B0A460E8079B
  92	-208 316 20.7544
  93	1700 1392 31
  94	mp_control_spawn_attacker
  95	vfx/iw9/level/mp_wartorn/vfx_wartorn_blowing_sand_med
  96	1616 524 42
  97	DECA5DCE-6FF3-11ED-8EA3-B0A460E8079B
  98	7C5C815A-3025-B370-D37D-FE2EC8876198
  99	anim_explosion
 100	07D149CB-79B0-11EE-8F84-B0A460E769BC
 101	096C1543-0CBB-11EE-9584-68545AD2D871
 102	D6BD8F01-6197-BB6B-FAF6-75CB0C6FD8A7
 103	E85699DB-45E4-25B3-A0D0-CDA169D1243B
 104	58758B9F-6139-D00F-9B46-A2CCC3A331AA
 105	07D149C8-79B0-11EE-8F84-B0A460E769BC
 106	634A8D04-6934-11ED-8E4F-68545AAC0192
 107	984D11B5-0F80-11EE-8F3F-B0A460E8079B
 108	1B60BA79-DDD3-A6AD-1A99-72FE6E3B542C
 109	4F90A8E1-9CAB-11ED-8EC7-B0A460E8079B
 110	DA5798C4-A8E8-12AF-3735-BA4B2AD768C6
 111	0 90 0
 112	200 1764 32
 113	98B01B9B-8067-11ED-8EB3-B0A460E8079B
 114	CB27CC94-6FFB-11ED-8EA3-B0A460E8079B
 115	78AE20E2-2631-0FDF-3581-720779CC99EA
 116	48806F04-6B74-F652-EE7F-4A038B91FEAB
 117	F2D195C7-5D7B-BB47-13DA-905AD5E01543
 118	vfx_global_falling_dust
 119	1596 1504 40
 120	mp_dd_spawn_attacker_b
 121	icon
 122	90D48153-BFAC-290A-F083-291076CCAF02
 123	0 45 0
 124	BAC3AF96-7867-C80E-18C7-D6B187B689FD
 125	jup_infil_blima_rope_kick_right
 126	07D149E6-79B0-11EE-8F84-B0A460E769BC
 127	tag_windshield_front_web
 128	78153831-3002-AED4-5BF4-232FB03344C7
 129	0 106.123 0
 130	288A035D-F3C2-34CF-AC3C-41D8ACD51490
 131	0 268.999 0
 132	infil_blima_4
 133	-353.93 400.167 32
 134	pf1166a7458266c0cd_auto716
 135	6BA2CF29-A0B9-11ED-8ECA-B0A460E8079B
 136	0 178.544 0
 137	08186F5A-C376-8184-0A6B-26CE4C502690
 138	9A6B3B2B-E3DB-4152-1365-47F9E10ADA47
 139	tag_light_back_left
 140	F3527E47-F6C2-E07C-BB25-BC838C4CB94A
 141	1612 1276 40
 142	van_infil_sfx_npc4
 143	6EB1E3FA-6645-0121-1818-6445DB5FE29F
 144	26D27B04-8A27-5E32-6676-B7AC6090B289
 145	ECEFA825-B3B9-A1B8-B825-F5AF2C75B708
 146	vfx
 147	79A1C32E-2D9F-2070-9AC7-2B458EE7B79C
 148	0 69.9994 0
 149	F89530F6-5B7B-11ED-8E8A-B0A460E8079B
 150	A1C577D6-FC65-13EC-E021-07AFC26AF3C4
 151	C0CA73E7-DB5B-E7A2-AE1B-FDC49FFF0811
 152	3939FFEC-887F-2190-BF4A-BE4763FA9CBB
 153	84D879DA-F3E1-5CEC-F297-5D54FE4AC9A9
 154	DECA5E3A-6FF3-11ED-8EA3-B0A460E8079B
 155	1624 -64 35.358
 156	-315.059 14.9093 26
 157	9871AA15-20C3-3B49-968F-CA1F4F7E9257
 158	28 72 20.2814
 159	-419.677 1626.85 36.1579
 160	-300.5 1754 20
 161	DECA5DE0-6FF3-11ED-8EA3-B0A460E8079B
 162	CB27CD3F-6FFB-11ED-8EA3-B0A460E8079B
 163	42A17D0C-2A51-75F1-81AD-B1D0EFCDF34B
 164	E7444A0D-0CBA-11EE-9584-68545AD2D871
 165	CB27CD27-6FFB-11ED-8EA3-B0A460E8079B
 166	pfb7228f01311ac338_auto715
 167	6AF22C7E-0430-8077-EADA-CB0E0160FB36
 168	C021A9EB-42D7-4AC0-0388-66C811BEC0BD
 169	01834868-0CBB-11EE-9584-68545AD2D871
 170	CCDC1A78-5B7A-11ED-8E8A-B0A460E8079B
 171	1574 -146 19.1596
 172	634A8C73-6934-11ED-8E4F-68545AAC0192
 173	-160 -192 32
 174	mp_dm_spawn_start
 175	0 104.999 0
 176	CB27CD09-6FFB-11ED-8EA3-B0A460E8079B
 177	C1F6E8A6-E70D-7F35-9422-493404927FBB
 178	3D2D9BD0-0F81-11EE-8F3F-B0A460E8079B
 179	D5CC3127-6FF2-11ED-8EA3-B0A460E8079B
 180	0 339.735 0
 181	mrap
 182	20F300F1-1D9C-BB55-2E04-B65DB52E1103
 183	-528.793 1634.23 35.7461
 184	C8EFD090-6E90-05FE-D1F8-BA44F53C3B7F
 185	79F78B94-C365-041C-A58B-93166EA59BB6
 186	mp_dom_spawn_allies_start
 187	vfx_rust_sparks_elec_01_ch
 188	4C78F024-6FFB-11ED-8EA3-B0A460E8079B
 189	mp_arena_spawn_axis_start
 190	0 49.999 0
 191	0 51 0
 192	6BC03119-9B98-9E09-B8E1-7A5C14941AE7
 193	idle
 194	4C78F0A5-6FFB-11ED-8EA3-B0A460E8079B
 195	D7BDA226-99D7-FC67-33D6-FD850C6C80EC
 196	DECA5DC2-6FF3-11ED-8EA3-B0A460E8079B
 197	splash_listener
 198	infil_blima_3
 199	pfdc941b0599aaa6f_auto2108
 200	C2AB79BF-569C-4E17-7497-C4C0E74461DF
 201	A762CE23-C31B-CC97-A498-369573F031EF
 202	1592 1512 40
 203	D6F0401A-0F81-11EE-8F3F-B0A460E8079B
 204	-187.561 608.159 22.4187
 205	1D2DB942-9CA9-11ED-8EC7-B0A460E8079B
 206	pfca2dd66c34a47118_auto2108
 207	1363 1520 19.6657
 208	DECA5E07-6FF3-11ED-8EA3-B0A460E8079B
 209	front_left
 210	8830D14D-E0DA-165D-329C-A1449D1F1E75
 211	07D149D7-79B0-11EE-8F84-B0A460E769BC
 212	C3EC7F38-5934-11ED-8E86-B0A460E8079B
 213	F04D1693-5B79-11ED-8E8A-B0A460E8079B
 214	1624 -64 41.358
 215	vfx/jup/level/sp_jup_kickoff/vfx_kick_tunnels_dust_falling_02
 216	vfx/jup/level/cp_jup_dam/vfx_dam_electric_falling_sparks_ch
 217	831ADE3D-A0B9-11ED-8ECA-B0A460E8079B
 218	tag_wheel_center_front_right_flat
 219	-426 1096 32.041
 220	C68A1CBF-7014-0405-D350-82B30610D78A
 221	-56 1320 32
 222	4CA5A44B-5E9A-F0AC-7C82-9CC47D1F9C8B
 223	403133B6-2464-7C3B-AFF0-BF29DBADF773
 224	1768 1120 32
 225	-419.206 694.352 32
 226	179F7A9D-D6D2-76ED-3A12-F55D02C40298
 227	0 44.9976 0
 228	pf3843b63bee4c772a_auto716
 229	CC27D00A-5934-11ED-8E86-B0A460E8079B
 230	0 164 0
 231	D89247A0-5B79-11ED-8E8A-B0A460E8079B
 232	1A8CFF52-13E2-F140-E92A-4CE774928454
 233	1727.72 1259.06 34.25
 234	1611 1311 39
 235	6DA140CE-0F80-11EE-8F3F-B0A460E8079B
 236	B9BCE88E-0CBA-11EE-9584-68545AD2D871
 237	-392 1368 33.1902
 238	021ADA0A-5B7B-11ED-8E8A-B0A460E8079B
 239	5160D4D4-7650-B03C-66E4-FFAE378DADD7
 240	A139F7A0-C43A-DF97-8D19-14526489C6AE
 241	7A95F496-8602-C91E-4C2D-6F2624589418
 242	992 652 20
 243	D5CC313C-6FF2-11ED-8EA3-B0A460E8079B
 244	77EEF98F-9CD2-11ED-8EC7-B0A460E8079B
 245	8D62D2FB-A0CB-7F87-247D-9E530395A846
 246	1712 1120 40
 247	vfx_emb_pipe_steam_pressure
 248	D50D4461-0F91-11EE-9584-68545AD2D871
 249	CB27CD2D-6FFB-11ED-8EA3-B0A460E8079B
 250	72A1F219-AC74-7189-3B60-5E7746E9C2FB
 251	-201.5 -57 24.5
 252	4C78F01B-6FFB-11ED-8EA3-B0A460E8079B
 253	vfx/iw9/level/shadowbase/vfx_shdb_wind_blowing_sand_slow_ch
 254	door_back_right
 255	542CFB8A-6895-74CA-77C4-48C107FED13B
 256	634A8CDC-6934-11ED-8E4F-68545AAC0192
 257	CB27CD48-6FFB-11ED-8EA3-B0A460E8079B
 258	7738AE2D-D217-CEC3-2BAE-1A9FC198C131
 259	CB27CD3C-6FFB-11ED-8EA3-B0A460E8079B
 260	0 83.994 0
 261	1356 -190 21.9555
 262	DECA5E49-6FF3-11ED-8EA3-B0A460E8079B
 263	B097F6F1-4AAC-87A7-6CFB-542581FACB6D
 264	4C78F078-6FFB-11ED-8EA3-B0A460E8079B
 265	8A11BB68-ADAB-97F2-1AAD-87440B0BED3D
 266	DF4585C2-5933-11ED-8E86-B0A460E8079B
 267	BF2932F9-9CA9-11ED-8EC7-B0A460E8079B
 268	D5E31321-1BA2-3776-B8CE-AA4D3EFCC2D0
 269	0 230 0
 270	B90AB6F4-F021-BF90-3758-73452CF64EA2
 271	-254 -58 32
 272	vfx_apt_dust_falling_doorway
 273	7BBA560B-5661-B099-0C0C-9009EDD0A25C
 274	634A8CEB-6934-11ED-8E4F-68545AAC0192
 275	scn_infil_van_npc6
 276	224 -80 28.5
 277	pfa2a55b927251ed7e_auto2108
 278	335E2E8B-7D02-9B9F-BA39-A368CAC96F81
 279	pf7e07fea17975638f_1 pf7e07fea17975638f_2 pf7e07fea17975638f_3 pf7e07fea17975638f_4
 280	light_front_left
 281	vfx/jup/level/mp_jup_rust/vfx_blowing_sand_ground_volume
 282	94E41EFC-5934-11ED-8E86-B0A460E8079B
 283	vfx/jup/level/mp_jup_rust/vfx_sparks_01
 284	DECA5E19-6FF3-11ED-8EA3-B0A460E8079B
 285	0 92.733 0
 286	634A8CC3-6934-11ED-8E4F-68545AAC0192
 287	pfd1dff3c051a5b66f_auto2108
 288	vfx_rust_sand_falling_from_pipe
 289	mp_cmd_spawn_allies_start
 290	251C3860
 291	shake_parked
 292	89CEA638-0CBA-11EE-9584-68545AD2D871
 293	-424 1128 27
 294	EC5BDC49-BCB1-63A8-A06A-219976DC4B15
 295	CB27CCB2-6FFB-11ED-8EA3-B0A460E8079B
 296	back_right
 297	DECA5E46-6FF3-11ED-8EA3-B0A460E8079B
 298	F06F12AC-0325-4781-7A1E-A90300EFF861
 299	5D2192AC-0F93-11EE-9584-68545AD2D871
 300	-508 1792 30
 301	1624 1592 40
 302	0D88CA65-D031-03D6-34E0-CCAB41098476
 303	pfdd9fb28207be2310_auto2108
 304	12C3709D-0F84-11EE-8F3F-B0A460E8079B
 305	580 -95.5 38
 306	vfx/iw9/level/shadowbase/vfx_shdb_tower_sparks_rnr_1
 307	07D149C5-79B0-11EE-8F84-B0A460E769BC
 308	6E56F1AD-9E39-C9A2-AAFA-EE2EF783E897
 309	pf7e07fea17975638f_1 pf7e07fea17975638f_2 pf7e07fea17975638f_4 pf7e07fea17975638f_5
 310	1304 1520 20
 311	2818C86A-7148-D444-64D3-FB1F382B306E
 312	FE16F5DD-8068-11ED-8EB3-B0A460E8079B
 313	1454 -178 16.5957
 314	F76608AE-8068-11ED-8EB3-B0A460E8079B
 315	1506 893 24.6655
 316	F329053D-226C-5D64-F0F9-3321050DD25B
 317	DECA5E79-6FF3-11ED-8EA3-B0A460E8079B
 318	A30AE1FE-6FF2-11ED-8EA3-B0A460E8079B
 319	onoff
 320	CBA0AC32-4DF9-BEDD-8D93-1234353332CE
 321	1554 92 26
 322	8C8B6677-F593-0AA8-D2F7-4089E3B9EFB6
 323	63EABF24-D806-0FDE-6846-3A2DA46D5D33
 324	800 1844 36
 325	1393.88 -181.316 36
 326	1695 1794 31
 327	12552AAC-5935-11ED-8E86-B0A460E8079B
 328	1597.5 -95.5 36
 329	4C78F01E-6FFB-11ED-8EA3-B0A460E8079B
 330	329412F5-9CA9-11ED-8EC7-B0A460E8079B
 331	moving
 332	1460 1744 48.9415
 333	hood
 334	1760 1364.57 31
 335	pf9e6ad91ec19dd450_auto716
 336	A001A8C7-327C-B97B-9E9E-2938A0924D53
 337	4C78EFE8-6FFB-11ED-8EA3-B0A460E8079B
 338	-280 1800 20
 339	634A8C82-6934-11ED-8E4F-68545AAC0192
 340	A36A644D-4A5C-385F-FDD2-D81CBAA7C7B3
 341	pfadfd70fa159441f0_auto715
 342	720EABB5-D807-5008-E150-1BB8FF5383C0
 343	85D8D014-005B-C074-3814-C5B62A569617
 344	886 -52 14.0061
 345	-18 104 18.6655
 346	C49F4BED-042E-5D93-3A9F-CF970E927B8F
 347	fingers_out_start_left_hand
 348	0 345 0
 349	7A607AD2-5933-11ED-8E86-B0A460E8079B
 350	8A5967C7-075B-DE6C-3A89-F1D0C12DF543
 351	0 74.9985 0
 352	van_infil_sfx_npc6
 353	842 592 20
 354	CBCAC6F0-2E3F-27B3-ADD7-E0277801FC3B
 355	4C78F0AE-6FFB-11ED-8EA3-B0A460E8079B
 356	1600 696 37.7074
 357	scripted_anim
 358	axis_endzone_vis
 359	E478AF89-4349-F1C0-0F77-00495BBB6CCB
 360	0 179.999 0
 361	24EDBB9B-5935-11ED-8E86-B0A460E8079B
 362	5C134132-0F92-11EE-9584-68545AD2D871
 363	3989AA78-7201-7FCB-70D0-9B6E612D8501
 364	614A9006-6769-BE2C-21CE-577E1DEF6B68
 365	01C33026-3ADA-B446-ADB7-C41CCFC88AA2
 366	62953545-5934-11ED-8E86-B0A460E8079B
 367	1755 1283 39
 368	EF72175D-CEA8-4C98-584F-496CAD360BF9
 369	1549.5 -173.25 30.446
 370	vfx_nw_sparks_b
 371	71851BE4-642D-DC4D-8DB6-F9623B2B53B6
 372	DECA5DAD-6FF3-11ED-8EA3-B0A460E8079B
 373	pf496a2fc91b698ee3_auto2108
 374	813A08ED-5933-11ED-8E86-B0A460E8079B
 375	AudioOneShot
 376	pfcd2a9516b8ac0e87_auto2108
 377	FB6B3555-1109-0D64-76AB-50F4D468BB82
 378	pf185b683d1b708d15_auto2108
 379	C529D360-288C-4F64-F43F-06A0D059E0F6
 380	1399.88 -147.316 36
 381	pfc5bd1a66245970a3_auto2108
 382	6169B10C-A05A-5676-8176-46B63DD109F8
 383	1668 1468 40
 384	0 295 0
 385	77741A84-9970-A1C6-7AD0-8501B4A5D4CF
 386	63184B00-5933-11ED-8E86-B0A460E8079B
 387	-205 -88 40.5
 388	9F91D913-B444-7A1D-E0AF-2F4215A39615
 389	446 694 32
 390	62F24F77-56FD-D599-DD30-0BF07BFAC222
 391	C7C90D06-68E1-B728-0B83-8185A10FFBB8
 392	pf36734579bba29c7a_auto715
 393	582 1840 44.6792
 394	44DB0D8C-6502-11ED-8E95-B0A460E8079B
 395	0 49.9994 0
 396	-432 720 22.1538
 397	2ADD1A25-9CA9-11ED-8EC7-B0A460E8079B
 398	-256 -48 32
 399	-288 1476 30.0714
 400	57C7B765-F573-4E9B-F579-6A9EDE1CE973
 401	DDE0ECDD-A477-A539-4511-AF05459DD2D5
 402	vfx/jup/level/big_map/vfx_jup_bm_burner_fire
 403	mp_skid_steam_vent_01
 404	B7070BE7-9CA9-11ED-8EC7-B0A460E8079B
 405	89458C3E-92A6-7CC3-735F-5D321A0F1287
 406	0 40 0
 407	pf348908528df450a6_auto2108
 408	53.5 1807 25.2921
 409	D0D8F457-0F92-11EE-9584-68545AD2D871
 410	ECDC7826-9CAA-11ED-8EC7-B0A460E8079B
 411	47961388-B566-972A-AA41-E6882C1F05AF
 412	pf8f794196db805141_auto2108
 413	CB27CCEE-6FFB-11ED-8EA3-B0A460E8079B
 414	208 732 28
 415	2E654F76-F43F-F320-54B3-E75C123B1CF5
 416	943EF883-0F92-11EE-9584-68545AD2D871
 417	DECA5DF5-6FF3-11ED-8EA3-B0A460E8079B
 418	mp_robj_spawn_axis_start
 419	headlight_right_dead
 420	-244 224 16.1315
 421	mp_dd_spawn_defender
 422	4B662D8F-C456-0E19-BAF4-44B75A848506
 423	0 177.999 0
 424	E0441CD4-5805-97B2-DC04-4D9D0C424FF6
 425	pf484578d4870fa968_auto2108
 426	CB27CCD0-6FFB-11ED-8EA3-B0A460E8079B
 427	
 428	vfx_shdb_tower_sparks_chd_1
 429	4C78F0B7-6FFB-11ED-8EA3-B0A460E8079B
 430	BC45BECA-6F00-06CD-A8AE-250749B0A585
 431	-320 188 33.1708
 432	0 29.9995 0
 433	98B01B98-8067-11ED-8EB3-B0A460E8079B
 434	3B480DB4-5935-11ED-8E86-B0A460E8079B
 435	93666EB6-1F57-6B41-E50B-D35EAA24AC23
 436	D5CC3133-6FF2-11ED-8EA3-B0A460E8079B
 437	df_van_interior
 438	B90AB35F-E0CD-9AF6-D05B-A09B724635FE
 439	4C78F045-6FFB-11ED-8EA3-B0A460E8079B
 440	112 -168 32
 441	pf5b399f6a9a416a96_auto2108
 442	9E67BBE1-0F81-11EE-8F3F-B0A460E8079B
 443	pfbeb05af93785a6ae_auto2108
 444	-426 926 30
 445	7DCCBACD-7A2A-A5E0-E941-C19E98B054A0
 446	268 -184 26.5
 447	1596.66 -98.1402 29.8411
 448	AC9618F9-0F92-11EE-9584-68545AD2D871
 449	D8C6D989-9CAA-11ED-8EC7-B0A460E8079B
 450	mp_dm_spawn
 451	1180 1762 36
 452	2DD6B67D-9C19-69E2-ACD1-BB246FBB2A75
 453	-536 1792 32
 454	-512 1792 30
 455	C829C720-8A11-95D5-2445-76EB5140173A
 456	windshield_front
 457	-16 -188 32
 458	30BE42D5-5B7C-11ED-8E8A-B0A460E8079B
 459	-345 320 27
 460	4FB20DBE-5935-11ED-8E86-B0A460E8079B
 461	1508 1808 40
 462	C0D8A3E2-CEFF-3597-A474-FE67F9B825B1
 463	88 -60 32.5
 464	C9D18CD4-8068-11ED-8EB3-B0A460E8079B
 465	BC856669-81E8-F943-836F-34E089672249
 466	D1E65ED1-851A-74F9-23D5-8B821E2B18D2
 467	1388 1516 17.5331
 468	5C9893CA-5935-11ED-8E86-B0A460E8079B
 469	F7BF68C5-CDFE-AE6C-99FE-8A726FF49E73
 470	FCF057CC-5933-11ED-8E86-B0A460E8079B
 471	07D149B3-79B0-11EE-8F84-B0A460E769BC
 472	4C78EFFD-6FFB-11ED-8EA3-B0A460E8079B
 473	634A8CFA-6934-11ED-8E4F-68545AAC0192
 474	0 184 0
 475	C1D484EE-0CBA-11EE-9584-68545AD2D871
 476	DECA5DDD-6FF3-11ED-8EA3-B0A460E8079B
 477	1D2DB93F-9CA9-11ED-8EC7-B0A460E8079B
 478	vfx/jup/level/cp_jup_apartment/vfx_apt_elec_spark_leak_lrg_ch
 479	vfx/iw9/level/tower/vfx_twr_falling_dust_ch2
 480	10 -184 32.5
 481	vfx/iw9/level/mp_dmz_bio_lab/vfx_dmz_lux_vent_steam_sml
 482	9D3FD804-0CBA-11EE-9584-68545AD2D871
 483	D5CC3142-6FF2-11ED-8EA3-B0A460E8079B
 484	144 1532 37.5802
 485	C7381DB7-BD7D-DDFB-DA18-91D99F3934F4
 486	vfx_jup_bm_tumbleweed
 487	4C78F02A-6FFB-11ED-8EA3-B0A460E8079B
 488	mp_rescue_spawn_defender
 489	D5CC3139-6FF2-11ED-8EA3-B0A460E8079B
 490	1747 1391 39
 491	5476E2F8-5B7A-11ED-8E8A-B0A460E8079B
 492	8FF560BD-8067-11ED-8EB3-B0A460E8079B
 493	-96 208 15.2485
 494	3340EBDD-5935-11ED-8E86-B0A460E8079B
 495	1532 1672 48.1894
 496	12D98DD5-E073-0BAB-EC35-A1AE23196A62
 497	8E0BE7E1-B3D3-23D1-F033-2DDA87BD54E8
 498	1688 1776 40
 499	838 -40 31.5962
 500	1396 248 51.636
 501	vfx/jup/level/mp_jup_rust/vfx_rust_sand_blowing_dir
 502	376 -168 34.5
 503	580 688 18
 504	FE07AF69-E03A-DA9F-C130-7943EDEFD3B2
 505	F1ADE0CB-F3F5-84CB-3FB5-67E2AB75D54E
 506	344 -168 32
 507	2 4
 508	FB08FE54-DB86-DA92-64A2-4B3C10A57E11
 509	0 179.179 0
 510	D19EF43D-2A1D-A688-E521-92C1289BBCC0
 511	07D149B6-79B0-11EE-8F84-B0A460E769BC
 512	687CAE04-E4DC-FEDF-2E36-650A492C2201
 513	41D2C926-6110-774D-6381-A3B466C835D4
 514	1613 1124 36
 515	79760305-968D-2EF0-8673-700A1775C172
 516	infil_van_fort_iw9_3
 517	1720 1528 31
 518	0 91.9962 0
 519	584 -188 36
 520	-267.113 -116.564 16
 521	ECF4A9F1-95BA-11ED-8EBF-B0A460E8079B
 522	5923BC5B-32AB-5FB9-0B6E-EC1D52EFC9A2
 523	2
 524	-274 -178 24.5
 525	0 156 0
 526	634A8CF0-6934-11ED-8E4F-68545AAC0192
 527	4F81A8FE-A81C-9587-9B6D-DE7DDEBEA593
 528	CA45E7CD-965E-11ED-8EC0-B0A460E80798
 529	831ADE1A-A0B9-11ED-8ECA-B0A460E8079B
 530	-278.385 757.821 24
 531	0 174 0
 532	pfd8c0be94e71084c8_auto2108
 533	DECA5D9B-6FF3-11ED-8EA3-B0A460E8079B
 534	1482 1544 30
 535	9F4C8DDE-CA51-33A4-68DD-7D02638AB28A
 536	823DEFE8-1EA1-D759-DA75-F19ABF9D1A47
 537	494 530 32
 538	90B097BF-E7A5-F4FD-E99C-461CAF65C002
 539	A5303CA2-7138-30CF-7769-6F961D43B797
 540	E15F6180-47F0-6EF7-FCE3-8F7E18DEBFDD
 541	pf7e07fea17975638f_4
 542	1368 960 32
 543	6BA2CF26-A0B9-11ED-8ECA-B0A460E8079B
 544	754E8CCC-0F92-11EE-9584-68545AD2D871
 545	0 68.9997 0
 546	vfx_jup_bm_burner_fire
 547	-395 -174 40.5
 548	E2B749E7-F762-53D7-F815-6CA0C2F660CA
 549	728EED7B-2AA6-10F1-B914-3B6F69BDCED6
 550	5F2F6C2F-13D7-772B-F7FB-762ECA71011F
 551	pf4c7608bdcec42295_auto2108
 552	mp_dom_spawn
 553	pf4707cd5b66187141_auto716
 554	340 -164 32
 555	634A8D36-6934-11ED-8E4F-68545AAC0192
 556	hardpoint_vis_05
 557	67BD331D-8C0C-0E1C-3190-AAEF47E7FCC2
 558	4DB52F11-75D2-806D-4B6D-1E8D92D5290D
 559	4ABE3E1A-3E31-5D1E-EB06-5A197A068B20
 560	CCD6D736-E0A3-56E7-BDD6-E67080929FB8
 561	-430 696 21.5313
 562	CB27CCCA-6FFB-11ED-8EA3-B0A460E8079B
 563	DECA5E55-6FF3-11ED-8EA3-B0A460E8079B
 564	pf7e07fea17975638f_auto3264
 565	708 356 32
 566	0 59.9993 0
 567	15AC136D-9660-11ED-8EC0-B0A460E80798
 568	861446C7-0F91-11EE-9584-68545AD2D871
 569	car_alarm
 570	440 1856 76.9172
 571	A6F4F4DD-5934-11ED-8E86-B0A460E8079B
 572	pf8b1b5709a59c963c_auto2108
 573	1440 1300 36
 574	tag_wheel_center_front_left_flat
 575	344 -168 36
 576	vfx_rust_steam_vent_dir
 577	D2480435-9CAA-11ED-8EC7-B0A460E8079B
 578	1548 1744 40
 579	pf1752fbbaf4126f57_auto2108
 580	cp_generator_toggleable
 581	EE2B5877-41DF-1B6A-2CBD-D31CC2F46C6D
 582	0693691E-8A62-74DF-880D-10621F877DB7
 583	-371.323 697.7 32
 584	pfdb1af8a252bb03f_auto2108
 585	vfx/jup/level/cp_jup_apartment/vfx_apt_dust_falling_ch_03
 586	84 52 32
 587	-204.941 -166.909 16
 588	870AB746-FE2F-6AC1-97AC-A6F119D36BFF
 589	visibility
 590	pf7e07fea17975638f_2 pf7e07fea17975638f_3 pf7e07fea17975638f_5
 591	1605 1742 44.327
 592	5D16874F-0CBA-11EE-9584-68545AD2D871
 593	A30AE1EF-6FF2-11ED-8EA3-B0A460E8079B
 594	DECA5E31-6FF3-11ED-8EA3-B0A460E8079B
 595	0 269.999 0
 596	4C78EFEB-6FFB-11ED-8EA3-B0A460E8079B
 597	0E2DF96A-1E9A-07AE-A4FC-C35EB9DB7E45
 598	C45894BD-83B8-C23D-E012-A713039A585A
 599	0 54.9996 0
 600	0 54.9998 0
 601	56 1808 24
 602	8C1E4858-743D-95CA-61D9-FC0BD923788F
 603	06D75E9F-9660-11ED-8EC0-B0A460E80798
 604	1028 -140 19.7404
 605	67D79812-0F92-11EE-9584-68545AD2D871
 606	9AF5ADF2-B583-C0AF-24B9-08EA8CD812A0
 607	C7239CA1-0F91-11EE-9584-68545AD2D871
 608	vfx_global_steaming_ground_directed
 609	tag_mirror_left
 610	0 147.284 0
 611	8094B9CD-3B8A-BC4B-3C52-345CD809DBD5
 612	1768 1228 36
 613	DECA5E1C-6FF3-11ED-8EA3-B0A460E8079B
 614	0043D02B-9CAB-11ED-8EC7-B0A460E8079B
 615	-244 -184 24.5
 616	71F1C836-5B7B-11ED-8E8A-B0A460E8079B
 617	CE20E426-08DC-D4AB-7B7A-A9E2EAEE48A6
 618	E393B709-5B7A-11ED-8E8A-B0A460E8079B
 619	98B01B9E-8067-11ED-8EB3-B0A460E8079B
 620	vfx_dam_electric_falling_sparks
 621	jup_infil_blima_player_slide
 622	vfx/jup/level/cp_jup_apartment/vfx_apt_dust_falling_ceiling
 623	tag_wheel_center_back_left_flat
 624	pfe7ae115f5de73945_auto2108
 625	4C78F0D8-6FFB-11ED-8EA3-B0A460E8079B
 626	568 -32 32
 627	3AE2CFE1-9CAA-11ED-8EC7-B0A460E8079B
 628	pf7e07fea17975638f_auto3181
 629	140 -108 24.5
 630	vfx_border_char_wall_falling_dust_01
 631	269C62F4-AB5C-D88D-E7C9-4AC548375DA8
 632	BF9A634E-90DF-64EE-C521-84B42564CA76
 633	6044DC93-D9D7-3A9E-1F5A-4E2E2C83F3E6
 634	playerasm_patch_mp_infil_blima
 635	0 312.475 0
 636	CB27CCBB-6FFB-11ED-8EA3-B0A460E8079B
 637	852 972 47.8217
 638	A30D5567-3848-36DC-3D3B-43981DAACDEC
 639	-444 1806 26.3634
 640	1 3 4
 641	pfdded1445606ce863_auto716
 642	CB27CCDF-6FFB-11ED-8EA3-B0A460E8079B
 643	playerasm
 644	1675 1392 31
 645	44DB0DA4-6502-11ED-8E95-B0A460E8079B
 646	-428 942 24.9407
 647	4A6D1AD4-E2B8-BB9A-F496-E3649CA2ACE7
 648	-208 308 35.923
 649	CF3BD39E-CB01-2F1B-9FBE-5BA55EA14719
 650	F6E0AD56-0F91-11EE-9584-68545AD2D871
 651	A6EF736D-8C3F-339E-A8A0-11E3DF625038
 652	vfx_apt_dust_falling_wall
 653	2D23AB72-1468-6441-00C3-FE7FC0D8281A
 654	pfe9687d397cf5ae20_auto716
 655	pf3843b63bee4c772a_auto715
 656	F9E7B18F-A0BA-11ED-8ECA-B0A460E8079B
 657	02898BFF-844F-E267-F2C0-B1FF218C47F0
 658	pfca992ee2f1ecc69b_auto2108
 659	217DFDB7-FE96-19BD-B8A2-77CF8844F0FE
 660	robj_light
 661	45517579-97D7-E918-D235-694570320650
 662	984D11B2-0F80-11EE-8F3F-B0A460E8079B
 663	376 -188 32.5
 664	dead
 665	-16 -192 32
 666	CB27CD12-6FFB-11ED-8EA3-B0A460E8079B
 667	996B2F3A-44C8-792F-0153-7C80ED02D2B5
 668	568 -188 38
 669	85 -168 40.5
 670	B92849F9-429D-DB4A-CAD0-91CAC6F88C89
 671	CB27CC91-6FFB-11ED-8EA3-B0A460E8079B
 672	1666 1824 31
 673	9520ABCF-F85F-3C79-3C48-F8D84D5F492E
 674	vfx/jup/level/mp_jup_rust/smoke_fire_column_dark_distance_directed
 675	B56576D9-A335-CDF7-19CF-DF5EBEF6ED54
 676	4C78F00F-6FFB-11ED-8EA3-B0A460E8079B
 677	4C78F0B4-6FFB-11ED-8EA3-B0A460E8079B
 678	pfc36b3fd486da92c9_auto715
 679	347E0F91-857D-178A-6FE6-9B53F4787C70
 680	fingers_in_start_right_hand
 681	-223.032 1737.86 34.8242
 682	BA51AF9A-43F5-45D5-DB64-C987CB5B2D9B
 683	hardpoint_vis_01
 684	9E659D24-A20C-8577-B3E8-42AFC32729B4
 685	0 210.999 0
 686	CE3D5DD8-DB46-2345-FAD9-65B01B0D6A3D
 687	43C47849-9CB2-11ED-8EC7-B0A460E8079B
 688	0 358.598 0
 689	0 272.733 0
 690	360 -72 28.5
 691	tag_light_front_right
 692	vfx_rust_sand_falling_ch
 693	5050F7EC-2BDA-FEB2-A8E4-561CD0013E0A
 694	CB27CD2A-6FFB-11ED-8EA3-B0A460E8079B
 695	3C2933CF-8CF6-A595-45DD-79F68126DF12
 696	1552 1768 28.0436
 697	D5CC3130-6FF2-11ED-8EA3-B0A460E8079B
 698	812 1054 38
 699	1F9C0F35-D7A9-63A0-AC52-7F04B5AE7226
 700	pf596d683cbb1320e8_auto2108
 701	scn_infil_van_npc1
 702	-372 400 17.945
 703	B8608ED2-81A8-0565-866D-25D434365F7A
 704	B6BEFB34-6934-11ED-8E4F-68545AAC0192
 705	EED2790E-00CC-1A0E-A6DA-B74C0E28B36C
 706	pfdded785b14ceef4a_auto2108
 707	vfx_rust_sand_blowing_dir
 708	2CBA56FA-D4B0-2B11-4E2A-CC18D96EF965
 709	07D149C2-79B0-11EE-8F84-B0A460E769BC
 710	3A264AD5-44DC-57C7-59C8-78A36CB5702A
 711	D57F8DBC-A7B1-951A-744D-E27E2D0294EA
 712	pf15cbc6c7c4f4fe10_auto716
 713	B331F7F1-68B0-E78A-4A6D-CE0D5CC4367C
 714	DECA5E70-6FF3-11ED-8EA3-B0A460E8079B
 715	pf42c326ae89a3acb5_auto2108
 716	7B14B4E7-AEC1-E203-C5FA-CEF5C4C4280C
 717	44CD6027-B222-262D-F052-203543377A6E
 718	flareup
 719	54A83554-ECE9-1336-53B3-E8DDFAA9A807
 720	634A8CAF-6934-11ED-8E4F-68545AAC0192
 721	4C78F003-6FFB-11ED-8EA3-B0A460E8079B
 722	4C78EFE5-6FFB-11ED-8EA3-B0A460E8079B
 723	329412D4-9CA9-11ED-8EC7-B0A460E8079B
 724	pfbb48ae40c58f411_auto2108
 725	CBC6CAE4-1DE5-9637-B866-1E80C70BD448
 726	DE455821-D0F1-889C-78F5-EF0FD07E41A9
 727	-121.617 667.311 24
 728	-14 102 18.9875
 729	0 349.999 0
 730	CB27CD4B-6FFB-11ED-8EA3-B0A460E8079B
 731	E768439F-B4D3-5877-12C3-E8FEA108633D
 732	onfire
 733	4A4A28AF-62A6-32DD-5D2F-E9741BBF8151
 734	B446B038-5D50-F01D-1701-3EB98169D629
 735	0 54.9995 0
 736	214 700 13.4807
 737	vfx_kick_tunnels_dust_falling_02
 738	317346E2-F66E-C7AC-13FB-4B466A6E22EF
 739	B183F87C-21D4-4A88-616E-87ABA3591181
 740	6D9BAB8B-A16E-CCF3-A1AB-23020E0BA151
 741	vfx_sparks_no_smoke
 742	mp_cyber_spawn_axis
 743	vfx/jup/level/mp_jup_estate/vfx_estate_falling_dust_01
 744	68505951-B07C-B6E7-6EFD-CC4DC5C07519
 745	vfx_shdb_blowing_sand_flat_med_ch
 746	vfx_intercept_ac_vent_steam
 747	1751 1268 40
 748	1332.48 -147.941 14
 749	DECA5DBF-6FF3-11ED-8EA3-B0A460E8079B
 750	-280 1496 29.6474
 751	1618 540 63.7969
 752	1608 1666 36
 753	51EF27E4-F52C-35D9-CB1B-FAA868D22D43
 754	1563 1801 44.327
 755	DECA5DB0-6FF3-11ED-8EA3-B0A460E8079B
 756	pf7d12893c64dc6af3_auto2108
 757	1DA91DE1-CBCB-C4F3-7F13-0CB677E33765
 758	3F0F9A7F-E87E-3612-5BDA-AA7FBBD69341
 759	B727A103-282E-4423-5A9C-41782D990239
 760	vfx/jup/level/big_map/vfx_jup_bm_tumbleweed
 761	pf97584fd964db8eba_auto2108
 762	B0C71770-C5A1-9AB6-90A3-DF8B1BBACBF0
 763	0C39C559-789F-0F25-A91D-471B37B7E2B2
 764	pf32847c71854cf320_auto715
 765	634A8C69-6934-11ED-8E4F-68545AAC0192
 766	df_van_exit
 767	5C54B9EC-4932-E982-7597-E3991A0DA2A7
 768	34299D43-DE9A-B402-6FC1-3083349C53D7
 769	vfx_shdb_blowing_sand_flat_fast_ch
 770	healthy
 771	vfx/jup/level/mp_jup_rust/vfx_rust_sand_falling_from_pipe_ch
 772	26C3E4D9-06DF-E72A-FD53-CFA0531C1CD2
 773	98B01BA4-8067-11ED-8EB3-B0A460E8079B
 774	-100 -184 24.5
 775	pf1e29ce93259c2630_auto716
 776	fingers_out_end_left_hand
 777	vfx/jup/level/mp_jup_rust/vfx_rust_sand_falling
 778	pff14033a018c84ee_auto2108
 779	0DC217DF-9CA9-11ED-8EC7-B0A460E8079B
 780	42B972C3-63CE-425A-FAA1-9AA24C1856D5
 781	light_back_right
 782	60F1C391-632A-CF49-8FFD-B1298401AD9C
 783	63971708-2E6D-F44D-1FED-02C7BF21052A
 784	1767 1232 31
 785	pf8d0f08dfcbab5ca0_auto2108
 786	C6909355-0F92-11EE-9584-68545AD2D871
 787	pf7e07fea17975638f_auto1
 788	89F59744-8067-11ED-8EB3-B0A460E8079B
 789	pf9d3bfa0ed01b1e15_auto2108
 790	26574130-A223-FD5A-8A91-80A07686FCE9
 791	329412D7-9CA9-11ED-8EC7-B0A460E8079B
 792	295B6105-83E6-DE84-5709-F3F2F86BE222
 793	CB27CC88-6FFB-11ED-8EA3-B0A460E8079B
 794	9515EDDA-25E2-2277-608E-081F20B0D5CB
 795	pf26f6b4bb7fd705bf_auto2108
 796	1368 1008 32
 797	-328 256 16
 798	1097.52 67.941 14
 799	1636 1272 31
 800	19218348-0F81-11EE-8F3F-B0A460E8079B
 801	1062F108-22B7-E4A0-FAF9-E82D8ACD2F0B
 802	EE5F5C12-1F7D-D2AE-22F0-835506240BF1
 803	0 34.999 0
 804	1760 1492.57 31
 805	-208 308 19.923
 806	1616 272 20.7956
 807	E41F97A5-FF1F-AB79-3225-70F9632D54E5
 808	168 -128 32
 809	-472 -136 32
 810	-12 140 32.736
 811	0 294.999 0
 812	F9BD1E34-5B7A-11ED-8E8A-B0A460E8079B
 813	D5CC313F-6FF2-11ED-8EA3-B0A460E8079B
 814	459A40A4-95B8-11ED-8EBF-B0A460E8079B
 815	pf60c9054cdc3ed103_auto2108
 816	pfa4b5e60e4cbceed5_auto2108
 817	C157EF27-06F7-8DC2-547D-1D304950FFA9
 818	D6F0400F-0F81-11EE-8F3F-B0A460E8079B
 819	653 683 17.212
 820	C6B3BF2C-E317-6608-97B1-AB3CA0BA1E3F
 821	2C1782D3-9CAA-11ED-8EC7-B0A460E8079B
 822	van_close_sfx
 823	0 64.9984 0
 824	2E0A2B80-9CB2-11ED-8EC7-B0A460E8079B
 825	F501968C-F340-2ACA-BDDB-B43461EE9A2D
 826	0 1.99984 0
 827	CB27CD36-6FFB-11ED-8EA3-B0A460E8079B
 828	pfc5ead3ed77d86303_auto716
 829	48B642C7-8F4E-70D3-8789-4B666EA38F3C
 830	208 -168 30.5
 831	D652E1E4-5B7A-11ED-8E8A-B0A460E8079B
 832	BC8358AC-95B7-11ED-8EBF-B0A460E8079B
 833	4C78F006-6FFB-11ED-8EA3-B0A460E8079B
 834	1762 1304 31
 835	player_lock_look_1_second
 836	A30AE1E6-6FF2-11ED-8EA3-B0A460E8079B
 837	A1D077AB-ACC2-FBA9-F58F-53A2D74BD548
 838	75CAE392-482E-B2E4-FB50-9BFA0D5DB5AA
 839	0 45.9996 0
 840	-428 900 26.3229
 841	307A5665-0F93-11EE-9584-68545AD2D871
 842	vfx_rust_sparks_elec_01
 843	6943ED42-E1E9-1383-1769-A0969AB5292E
 844	wheel_center_front_right
 845	4C30675F-BB29-6428-EF8E-C9E3ABC4B171
 846	F02297B5-5934-11ED-8E86-B0A460E8079B
 847	4C78F042-6FFB-11ED-8EA3-B0A460E8079B
 848	pf9171cf2bfd7e6a12_auto2108
 849	D652E1EF-5B7A-11ED-8E8A-B0A460E8079B
 850	pfff07620e2c5e1993_auto2108
 851	AB0F2AD9-0CBA-11EE-9584-68545AD2D871
 852	CB5B1EAD-72A4-23D9-00F4-088A4D2BB0B0
 853	auto_mp_jup_rust_cfx.map
 854	FA31D624-0BD8-CB15-918E-2D6C09B4DA7C
 855	DECA5DFE-6FF3-11ED-8EA3-B0A460E8079B
 856	B82437AD-804D-53DC-B3C9-B8A8971FA2A9
 857	0 95.9995 0
 858	812 1052 32.9973
 859	1478 640 32.9213
 860	-114.319 -55.0004 16
 861	0 330 0
 862	C2C3634A-5168-693A-437D-D98A29B26CBB
 863	A30AE1F5-6FF2-11ED-8EA3-B0A460E8079B
 864	A51F3038-9BA5-BF1E-C547-870AB31674C9
 865	CB27CD0C-6FFB-11ED-8EA3-B0A460E8079B
 866	1530 110 32
 867	pf3d9ef975906a689b_auto2108
 868	504684F6-B852-C4F1-B4BB-0981A3ED46F1
 869	-392 1376 36.5
 870	5C9893BC-5935-11ED-8E86-B0A460E8079B
 871	tag_window_front_right
 872	1419 914 27.5443
 873	CB27CD4E-6FFB-11ED-8EA3-B0A460E8079B
 874	A30AE204-6FF2-11ED-8EA3-B0A460E8079B
 875	9BC03FE8-B37C-9C67-D3D7-161C22E81738
 876	on
 877	1594.75 -95.5 34.8139
 878	1752 1536 36
 879	CB27CCA0-6FFB-11ED-8EA3-B0A460E8079B
 880	E92E6562-9991-3356-F007-86A43B3189CC
 881	09574C6E-6935-11ED-8E4F-68545AAC0192
 882	499899F3-5935-11ED-8E86-B0A460E8079B
 883	B737F464-7DDC-FBB3-EED3-739528007843
 884	pfb8801a075c166d9e_auto2108
 885	4C78F05D-6FFB-11ED-8EA3-B0A460E8079B
 886	C27FDC1B-4CF0-6EF7-869D-2ADD4A23B510
 887	-492 1792 30.661
 888	DECA5E67-6FF3-11ED-8EA3-B0A460E8079B
 889	-190.716 -85.782 16
 890	infil_van_fort_iw9_0
 891	DECA5D9E-6FF3-11ED-8EA3-B0A460E8079B
 892	361AFF39-F251-2C1C-448A-201698EAA97E
 893	0CCA3195-2844-0C3B-A7CC-9E42F0F61E51
 894	hardpoint_chevron_secure_01
 895	vfx_shdb_amb_tunnels_steam_floor_01_c
 896	-468 -136 36
 897	heavy_smoke
 898	CB27CC9D-6FFB-11ED-8EA3-B0A460E8079B
 899	vfx/iw9/level/strike/vfx_strike_canyon_falling_dust_sml_01
 900	4C78F0AB-6FFB-11ED-8EA3-B0A460E8079B
 901	-104 -176 19.6093
 902	1640 1456 31
 903	-340 20 32
 904	634A8D22-6934-11ED-8E4F-68545AAC0192
 905	F43B556C-95BA-11ED-8EBF-B0A460E8079B
 906	72B5A996-F4FC-B22B-DAD6-3A63B9BDF497
 907	0 92.9988 0
 908	51A5EBAD-0F93-11EE-9584-68545AD2D871
 909	-344 64 32
 910	148 1472.5 42.2685
 911	CB27CCE2-6FFB-11ED-8EA3-B0A460E8079B
 912	1416 916 23.1377
 913	DA77E9BE-549C-B039-6CB3-46776613B7CD
 914	07D149BC-79B0-11EE-8F84-B0A460E769BC
 915	1616 422 30
 916	152C587B-5B7C-11ED-8E8A-B0A460E8079B
 917	F47A56AA-A8ED-2FFD-DA6F-D28286C9CF28
 918	vfx/iw9/level/shadowbase/vfx_shdb_blowing_sand_flat_med_ch
 919	vfx/iw9/level/tower/vfx_twr_falling_dust
 920	pfae7ae0ef246b2624_auto2108
 921	vfx_rust_oil_drips
 922	59.538 -143.025 41
 923	C9D18CC9-8068-11ED-8EB3-B0A460E8079B
 924	3F9294D4-A816-D2F3-6EEE-26F034E5CC9B
 925	pf7e07fea17975638f_auto3182
 926	pf6f50391869438f73_auto2108
 927	852 932.5 38
 928	236 726 36
 929	F752C8D5-965F-11ED-8EC0-B0A460E80798
 930	0 59.9998 0
 931	4A466F58-4310-C180-5A4C-F7DE47B9C88C
 932	07D149D1-79B0-11EE-8F84-B0A460E769BC
 933	4C78EFF4-6FFB-11ED-8EA3-B0A460E8079B
 934	0 59.9987 0
 935	-338 61 43.5023
 936	4FE762C7-178F-810F-9141-79DECDEAFC17
 937	BB8FA102-6B8B-1FF8-C4A8-7D8EAFAE2B7F
 938	1600 296 30
 939	0 70.6988 0
 940	pfe0faef65536bbff8_auto716
 941	door_rear_right
 942	pf20babd256d81f705_auto2108
 943	17CAB49E-5B7A-11ED-8E8A-B0A460E8079B
 944	4C78F015-6FFB-11ED-8EA3-B0A460E8079B
 945	-164 -192 36
 946	14B8F7F9-9CAB-11ED-8EC7-B0A460E8079B
 947	11 -154 40.5
 948	4C78F0BD-6FFB-11ED-8EA3-B0A460E8079B
 949	7081E306-77A3-FE29-F035-49CF10623051
 950	loop_end
 951	85926D11-5D01-153C-65D9-EF75FEB9E080
 952	0F5829CB-7EBD-CE25-FF65-C420B1643F46
 953	1618 420 63.7969
 954	-512 1796 24
 955	1687 1308 31
 956	07D149F2-79B0-11EE-8F84-B0A460E769BC
 957	622A032B-5B7A-11ED-8E8A-B0A460E8079B
 958	-48.1665 131.716 16.7372
 959	2 3 4 5
 960	A30AE1DA-6FF2-11ED-8EA3-B0A460E8079B
 961	1712 1272 32
 962	FE16F5E3-8068-11ED-8EB3-B0A460E8079B
 963	6DA140CB-0F80-11EE-8F3F-B0A460E8079B
 964	DD385EE3-9CB1-11ED-8EC7-B0A460E8079B
 965	CB27CC9A-6FFB-11ED-8EA3-B0A460E8079B
 966	620 1040 48.6016
 967	06A4D785-2C05-D440-422E-D97352374E7B
 968	A722F924-F1B3-0E9B-116A-EE19210C5EE9
 969	0C5B6D6B-3D57-9D97-B896-648BAC6D9B5E
 970	0AF1C441-0F92-11EE-9584-68545AD2D871
 971	564E68F4-5935-11ED-8E86-B0A460E8079B
 972	200 1780 32.5505
 973	vfx/jup/level/cp_jup_airstrip/vfx_air_cliff_falling_dust_lrg_01
 974	0BF56DC8-9EDF-4A66-A5C0-ADBC3EB882FB
 975	257CB785-4328-F78D-25BA-A22D927632C2
 976	419D4695-A1FB-B112-FBC9-0A7EB9B05B49
 977	E8724C44-6A7C-63B8-2D3A-A5A9EF236575
 978	E18C383C-5B79-11ED-8E8A-B0A460E8079B
 979	vfx/iw9/level/mp_embassy/vfx_emb_pipe_steam_pressure
 980	j_rope_200
 981	-282 122 15.6839
 982	0CAC7D31-9CAA-11ED-8EC7-B0A460E8079B
 983	mp_xfire_spawn_allies_start
 984	634A8CA5-6934-11ED-8E4F-68545AAC0192
 985	0 255 0
 986	DECA5DBC-6FF3-11ED-8EA3-B0A460E8079B
 987	43733C1E-30F3-C842-5ED7-AA3907900029
 988	DECA5DC8-6FF3-11ED-8EA3-B0A460E8079B
 989	jup_infil_blima_rope_crank_right
 990	-392 -188 36
 991	34420E0A-FFD1-AA69-D4A7-2BC1E6635709
 992	scriptables
 993	facial_infils
 994	1720 1272 31
 995	vfx_kar_ground_flat_dust
 996	j_ball_le
 997	j_ball_ri
 998	09EC53DF-A0BB-11ED-8ECA-B0A460E8079B
 999	1212 762 41.714
1000	1598.5 -93.75 36
1001	1760 1452 31
1002	75477D3D-ABD3-DE79-78AB-368E71D5B7F4
1003	D6F04004-0F81-11EE-8F3F-B0A460E8079B
1004	vfx_sparks_02_ch
1005	246A98A2-24FE-C3D1-5BD9-A9B8DBE5BB72
1006	D5CC3136-6FF2-11ED-8EA3-B0A460E8079B
1007	pf53e562e1a14a229_auto716
1008	E61A3EA0-A0BC-11ED-8ECA-B0A460E8079B
1009	A36AC8DE-211E-2867-3F8C-0DDCB79C3D40
1010	53E30F3A-9CB2-11ED-8EC7-B0A460E8079B
1011	vfx_shdb_falling_dust_ch_02
1012	pf15cbc6c7c4f4fe10_auto715
1013	0C2B6EBA-0F93-11EE-9584-68545AD2D871
1014	FEC0737D-7919-11EE-95A8-68545A904D17
1015	484 552 28
1016	ECA13006-D48A-D96E-97AE-4139E11C70E5
1017	pfd01b87a9df4286ef_auto2108
1018	05E90EA1-9CA9-11ED-8EC7-B0A460E8079B
1019	65E312A4-9CAB-11ED-8EC7-B0A460E8079B
1020	1640 1472 32
1021	4
1022	door_back_left
1023	pf172bf5b6839d7c1c_auto2108
1024	A58FF240-9CA9-11ED-8EC7-B0A460E8079B
1025	pf5d89e6e5f8970620_auto2108
1026	4C78F04B-6FFB-11ED-8EA3-B0A460E8079B
1027	CB27CCC7-6FFB-11ED-8EA3-B0A460E8079B
1028	A1C25AD3-A0BC-11ED-8ECA-B0A460E8079B
1029	0 293.734 0
1030	4C78EFCD-6FFB-11ED-8EA3-B0A460E8079B
1031	vfx_kick_tunnels_dust_falling_01
1032	0 116 0
1033	1D01BE10-DE2B-A87F-180B-E9EC8891D68F
1034	01F72E5B-5B7A-11ED-8E8A-B0A460E8079B
1035	vfx/jup/level/cp_jup_airstrip/vfx_air_falling_dust_ch1
1036	494 598 32
1037	pf507680042806614f_auto2108
1038	1496 1704 40
1039	B299EFDE-E648-2C81-170F-8792F9AEB303
1040	CEDFC280-9268-6F60-538B-3039CB9B13D1
1041	mp_rust_sandstorm_01
1042	pf3bd609f1bdf87128_auto2108
1043	B67654F1-5934-11ED-8E86-B0A460E8079B
1044	860 604.5 22.2685
1045	1512 1840 28.705
1046	D8FE238F-D622-1DAD-D430-EDD5A70D1FBD
1047	D1325B4A-A6B1-C420-A422-8AF5EE05AD62
1048	4C78F0D2-6FFB-11ED-8EA3-B0A460E8079B
1049	-541.032 1659.86 34.8242
1050	vfx/jup/level/mp_jup_rust/vfx_rust_lens_flare
1051	4C78F033-6FFB-11ED-8EA3-B0A460E8079B
1052	568 -32 38
1053	568 -32 36
1054	-251.561 608.159 22.2408
1055	pf32847c71854cf320_auto716
1056	-425 1666.75 33.5
1057	-408 1800 24
1058	-329.284 -66.2179 16
1059	8942380C-5B7B-11ED-8E8A-B0A460E8079B
1060	0C636DFF-5E26-1E2B-1444-F3E508A56309
1061	pf1e29ce93259c2630_auto715
1062	07D149EC-79B0-11EE-8F84-B0A460E769BC
1063	7AA50953-A696-082D-4C95-B62D3D134090
1064	9AE0390D-5934-11ED-8E86-B0A460E8079B
1065	A81CA946-C85E-34BB-E541-6674C9D187BE
1066	-222 8 32
1067	-364.626 601.934 32
1068	front_right
1069	5E676374-F298-2F9F-8F9D-7BDFE68C6CEE
1070	vfx_shdb_wind_blowing_sand_med_ch
1071	B0D32DB3-7DAC-246C-879F-2E2479BE03EF
1072	1640 1400 32
1073	0 74.9997 0
1074	E9FC6173-5934-11ED-8E86-B0A460E8079B
1075	scriptable_veh9_civ_lnd_van_cargo
1076	57983B23-9CAA-11ED-8EC7-B0A460E8079B
1077	2712F227-0F92-11EE-9584-68545AD2D871
1078	85A1B910-9CD2-11ED-8EC7-B0A460E8079B
1079	-245.256 634.182 24
1080	a,b
1081	b,c
1082	44DB0D95-6502-11ED-8E95-B0A460E8079B
1083	pf9700bbe09956140c_auto2108
1084	pfb696012fac19954b_auto9
1085	624A77A2-4AD5-C1EB-12C9-95395EDB0357
1086	-187.561 672.159 20.136
1087	fingers_out_start_right_hand
1088	DFDF4E1A-1546-ECEE-1E4C-4A4564B8415A
1089	F35E4DA9-7CB2-431F-A17B-E3283853DC21
1090	-422.554 742.235 32
1091	pfa16a58b5404cb1bc_auto2108
1092	4925229E-433A-7108-D539-33A21BA21FD1
1093	DECA5DE9-6FF3-11ED-8EA3-B0A460E8079B
1094	infil_van_iw9_0
1095	1464 1784 40
1096	-187.562 800.159 16.4285
1097	1DB96ECB-F2D3-D57A-B911-1E4D4276C189
1098	181B818B-D344-3FB6-C4B6-67082E889B82
1099	6E18848B-B6B1-458F-9059-BF4193E7FAF2
1100	pfc0e29422324f8b5e_auto2108
1101	C9D18CDF-8068-11ED-8EB3-B0A460E8079B
1102	0C82204A-C0F4-CAD9-01C2-FE50E1A9B2E6
1103	4AA7A38E-58FA-9EDE-14D4-B84A7B2AE449
1104	-236 936 30.0583
1105	B6C62983-82D7-5D68-7DA5-C82BB2227FEB
1106	A30AE1F2-6FF2-11ED-8EA3-B0A460E8079B
1107	pf379984525e7692cc_auto716
1108	vfx_steam_vent
1109	pf2e98d7b4dc375ca0_auto716
1110	450 512 22
1111	1C8A4041-9CAB-11ED-8EC7-B0A460E8079B
1112	1 2 3 5
1113	DECA5E58-6FF3-11ED-8EA3-B0A460E8079B
1114	67FACEC6-0648-A319-FE05-98853FEA164F
1115	mp_sd_spawn_defender
1116	831ADE1D-A0B9-11ED-8ECA-B0A460E8079B
1117	634A8C7D-6934-11ED-8E4F-68545AAC0192
1118	B3BEC237-2FEB-2347-3948-FC5D2F9F0A01
1119	FF006755-0468-D080-9934-777FB2C6B111
1120	4C78EFD0-6FFB-11ED-8EA3-B0A460E8079B
1121	-318 298 15.4366
1122	0 182 0
1123	FBE1D060-B82F-0C33-BFA8-D8F299F8C9A4
1124	1188 1834 36
1125	9681F1D9-4F1D-2B78-A938-24B1A04DE911
1126	8F5650BD-FEFC-14A4-E14F-431F2F610710
1127	1568 1392 31
1128	0 272 0
1129	1639 1828 49.1115
1130	DECA5E01-6FF3-11ED-8EA3-B0A460E8079B
1131	CB27CD5A-6FFB-11ED-8EA3-B0A460E8079B
1132	130 -176 34.5
1133	1660 1828 36
1134	5BE300F8-5933-11ED-8E86-B0A460E8079B
1135	AE724154-9CA9-11ED-8EC7-B0A460E8079B
1136	infil_blima_6
1137	A776267E-AD22-A38E-54B6-671CDCD57229
1138	pf35f014eaa0fab4_auto716
1139	-415.857 646.469 32
1140	F04D1682-5B79-11ED-8E8A-B0A460E8079B
1141	FBF44A26-A0BC-11ED-8ECA-B0A460E8079B
1142	1755 1518 31
1143	1696 1428.57 31
1144	DA8E9FC7-A0BA-11ED-8ECA-B0A460E8079B
1145	BF11C79C-5FEF-4F30-9D91-0E069549887B
1146	5691158F-C200-4DD3-E2C7-8883CAACD1EB
1147	AE724149-9CA9-11ED-8EC7-B0A460E8079B
1148	AD721BAF-E25F-D1D2-1074-D70A09C17E87
1149	D9343D8E-95FD-5A96-E8B2-3BE78A6E91C9
1150	BCD489E5-DF36-C56E-308D-D70429E417A4
1151	6BA2CF19-A0B9-11ED-8ECA-B0A460E8079B
1152	5D16873E-0CBA-11EE-9584-68545AD2D871
1153	ladder_up
1154	E6AFE922-1CDF-B491-2149-D6490505AED1
1155	1348 1844 36
1156	vfx/jup/level/mp_jup_rust/vfx_rust_may_cloth_sm_01
1157	277F45BB-5934-11ED-8E86-B0A460E8079B
1158	179 -172 31
1159	-446 748 26
1160	A088D74A-5B7B-11ED-8E8A-B0A460E8079B
1161	E393B6FB-5B7A-11ED-8E8A-B0A460E8079B
1162	j_wrist_ri
1163	440 1856 64
1164	-12 140 16.6884
1165	6DA140D1-0F80-11EE-8F3F-B0A460E8079B
1166	2ADD1A2E-9CA9-11ED-8EC7-B0A460E8079B
1167	8AC4C759-40F7-FB32-3331-E0EC2E0698B3
1168	-554.968 1656.14 39.2485
1169	634A8D3B-6934-11ED-8E4F-68545AAC0192
1170	975CE56A-4D6C-3683-1282-3EFF2268454D
1171	EDB05D8F-5933-11ED-8E86-B0A460E8079B
1172	1508 878 34
1173	F4C92210-0CBA-11EE-9584-68545AD2D871
1174	vfx_dmz_lux_vent_steam_sml
1175	D8937E94-1940-818C-CE46-435EB901B5C0
1176	infil_van_iw9_1
1177	706EDECB-8067-11ED-8EB3-B0A460E8079B
1178	0 44.2 0
1179	12AF9408-FE56-50D4-BC11-7AC5FEE37605
1180	346 -194 32.5
1181	door_front_left
1182	window_over_40
1183	021ADA15-5B7B-11ED-8E8A-B0A460E8079B
1184	0 224.2 0
1185	4C78F0CC-6FFB-11ED-8EA3-B0A460E8079B
1186	1595 1511 39
1187	65100D56-6F35-8A26-E905-D43F58D4320B
1188	66E70A83-3002-1D91-7940-5233AAD7DF5E
1189	04DF7FBD-5934-11ED-8E86-B0A460E8079B
1190	7216783E-8418-7DA9-D064-6AA22E28A35E
1191	1760 1336 36
1192	pf2055a265e976af9_auto2108
1193	2DA52DE1-164F-6B3E-D307-212C4B5DADB1
1194	D6E892DF-3781-111E-CF3F-FF387B410B28
1195	44DB0D98-6502-11ED-8E95-B0A460E8079B
1196	1 2 3 4
1197	-343.51 -147.345 28
1198	-332 256 16.1705
1199	634A8CFF-6934-11ED-8E4F-68545AAC0192
1200	4CE41327-20FA-07BB-30E6-953582C986BA
1201	2306A9F5-5B7C-11ED-8E8A-B0A460E8079B
1202	1570 -146 36
1203	pf7cde0971a01a56c8_auto2108
1204	64BC586F-5935-11ED-8E86-B0A460E8079B
1205	-404 1800 20
1206	0 49.9996 0
1207	-408 1804 20
1208	CD7CDB6F-F5DB-3C2E-2CC8-4AF678E04996
1209	E7F10A84-5B79-11ED-8E8A-B0A460E8079B
1210	pfdcca656b99a0e54_auto2108
1211	DC4B07FB-8880-535E-0225-3499512D61F7
1212	-357 74 40.5
1213	mp_koth_spawn
1214	CB27CC7C-6FFB-11ED-8EA3-B0A460E8079B
1215	ECDC7831-9CAA-11ED-8EC7-B0A460E8079B
1216	0 124.975 0
1217	4C78EFD9-6FFB-11ED-8EA3-B0A460E8079B
1218	2D5050EC-0F92-11EE-9584-68545AD2D871
1219	-320 4 19.6093
1220	247EEE14-A0BD-11ED-8ECA-B0A460E8079B
1221	-40 -160 32
1222	equip_nvg
1223	B2A43001-0CBA-11EE-9584-68545AD2D871
1224	E573A973-5933-11ED-8E86-B0A460E8079B
1225	6AD883B0-5935-11ED-8E86-B0A460E8079B
1226	-251.561 736.159 17.6345
1227	D2480440-9CAA-11ED-8EC7-B0A460E8079B
1228	0 89.9988 0
1229	634A8C78-6934-11ED-8E4F-68545AAC0192
1230	40541E03-C3BD-B496-30AE-3BBFF2B5A899
1231	van_infil_sfx_npc1
1232	vfx/jup/level/mp_jup_rust/vfx_rust_sparks_elec_01
1233	0 89.9993 0
1234	1348 1844 40
1235	4143A3EE-582B-261F-0885-1E1182DC44FE
1236	A30AE1E9-6FF2-11ED-8EA3-B0A460E8079B
1237	7BC0D00D-C089-56B4-C470-DD130EB17216
1238	85278EE8-B02A-2C9D-9B82-6C7943F3CCC1
1239	C42C9EBA-EDEC-CB51-6195-4463CD5C0898
1240	CB27CC85-6FFB-11ED-8EA3-B0A460E8079B
1241	35531724-C7F3-1B0F-83B9-1F5526C19911
1242	2BA44703-066D-EF4D-C1E1-E780634BCB12
1243	vfx/jup/level/cp_jup_resort/vfx_resort_ground_flat_dust
1244	vfx_apt_dust_falling_ceiling
1245	634A8D13-6934-11ED-8E4F-68545AAC0192
1246	A0A6D6B8-7723-A227-D53E-8707390A2174
1247	9ACE6AD0-9CD2-11ED-8EC7-B0A460E8079B
1248	1764 1512 31
1249	-434 1644.5 24.681
1250	1022 -144 20
1251	7A3A8A57-2BE2-B0B8-9A37-C819C2685732
1252	1416 1104 32
1253	AB1D08A0-8B67-F402-E6FD-645933736FA1
1254	DECA5E0A-6FF3-11ED-8EA3-B0A460E8079B
1255	0 179.994 0
1256	DECA5E4C-6FF3-11ED-8EA3-B0A460E8079B
1257	DC00EF2B-099D-18D5-4DC3-41EE0C572944
1258	27405A46-9CB2-11ED-8EC7-B0A460E8079B
1259	36 1766 27.2186
1260	CB27CD51-6FFB-11ED-8EA3-B0A460E8079B
1261	headlight_left_dead
1262	1464 1784 30.7945
1263	1696 1172.57 31
1264	4C78F03F-6FFB-11ED-8EA3-B0A460E8079B
1265	5F60F19B-A847-7325-D35C-3BE6D54B59EB
1266	0 33.9994 0
1267	C6A99E62-A0BC-11ED-8ECA-B0A460E8079B
1268	89CEA646-0CBA-11EE-9584-68545AD2D871
1269	09EAED32-E581-74E5-6AA8-FAA10FC9FE06
1270	1768 1116 31
1271	4C78EFCA-6FFB-11ED-8EA3-B0A460E8079B
1272	0 135 0
1273	1E4B5EC8-0CBB-11EE-9584-68545AD2D871
1274	44882AB4-15DE-ED71-851D-43F439BD6E0F
1275	1288 -165.5 11.5566
1276	-42.5 1312.5 30.1799
1277	94C84AE8-64B4-FD8A-BDE1-937DCC5113A4
1278	1136 884 28
1279	D5CC3148-6FF2-11ED-8EA3-B0A460E8079B
1280	1746.5 1148 31
1281	-362 -85 40.5
1282	1368 912 32
1283	pf36734579bba29c7a_auto716
1284	1751 1536 31
1285	0 49.9999 0
1286	infil_van_4
1287	-525 1714 35.1596
1288	2ADD1A39-9CA9-11ED-8EC7-B0A460E8079B
1289	D1CB80C7-C7E1-FCA7-61E3-B18314245AE1
1290	6D598D92-FF39-6229-5678-783FAA701739
1291	0 270 0
1292	5A542D16-211B-AEF4-C848-90E8EF6780E9
1293	A30AE1E3-6FF2-11ED-8EA3-B0A460E8079B
1294	996E8679-1B16-4280-BE30-057E27832748
1295	634A8CE6-6934-11ED-8E4F-68545AAC0192
1296	-9 132 17.0616
1297	6866354D-D9C7-B692-4A2C-6F18D58D11EF
1298	268 928 30.4254
1299	AC10A9C0-33BA-037D-A517-C8474B4D400B
1300	mp_dd_spawn_defender_start
1301	98B01BBC-8067-11ED-8EB3-B0A460E8079B
1302	-300 24 16.1315
1303	0 177.994 0
1304	634A8D40-6934-11ED-8E4F-68545AAC0192
1305	414ED131-4A80-F2F3-11AD-7D5D120C5F2F
1306	-152 -80 32
1307	1129.5 1799.5 35.7144
1308	-348 64 36
1309	CB27CCF1-6FFB-11ED-8EA3-B0A460E8079B
1310	98B01BB9-8067-11ED-8EB3-B0A460E8079B
1311	fingers_in_start_left_hand
1312	01A39782-6970-A570-7523-CD803848D4AE
1313	279 -172 31
1314	1298 1500 36
1315	-301 1486.75 33.5
1316	976BC5A6-FA77-859B-0F9A-FAA77A230C19
1317	vfx/jup/level/mp_jup_rust/vfx_sparks_02
1318	1C4D9DF3-93F1-E85E-7DF9-AC3010FC031B
1319	5E172BEE-9CD3-11ED-8EC7-B0A460E8079B
1320	4C78F0A2-6FFB-11ED-8EA3-B0A460E8079B
1321	-412 1428 34.3925
1322	mp_control_spawn_defender
1323	1416 912 32
1324	destroyed
1325	-188 -112 19.6093
1326	26060E44-5C00-244E-34B6-23A5CB74157B
1327	FE16F5DA-8068-11ED-8EB3-B0A460E8079B
1328	30 -178 24.5
1329	3E7B083F-1065-C638-19EF-03D6CEBA207E
1330	E1D1F878-C6A8-8A84-E0C1-D4756BEF1E40
1331	42E98BE5-A9D6-C5B1-5B4C-ECB2F28E7697
1332	568 -28 54
1333	-296 -188 32
1334	8B1D2CCB-4F1D-E43C-F4FB-8E05E207AB10
1335	4C78F0E4-6FFB-11ED-8EA3-B0A460E8079B
1336	620EB990-A33F-184F-E572-37907C2F96D7
1337	vfx/jup/killstreak/vfx_ks_emp_sparks
1338	DECA5DB6-6FF3-11ED-8EA3-B0A460E8079B
1339	vfx/iw9/level/mp_wartorn/vfx_wartorn_blowing_sand_big
1340	F97CC940-8A4D-8ED9-4F97-CAFEEA5FB12F
1341	107E0ACF-BA78-C62B-B664-6E9ACA24DBF2
1342	DECA5E1F-6FF3-11ED-8EA3-B0A460E8079B
1343	C3CD1D7E-6934-11ED-8E4F-68545AAC0192
1344	EFB81249-9274-DB7F-E4C6-15EBF2873D22
1345	6BE786C9-1D43-CECA-096F-F348A826957E
1346	F3CBBB09-5933-11ED-8E86-B0A460E8079B
1347	3CF68892-580C-A3D0-C9F0-F3C15DF81DD3
1348	DECA5E10-6FF3-11ED-8EA3-B0A460E8079B
1349	E438368E-95BA-11ED-8EBF-B0A460E8079B
1350	875CAF12-C525-F923-AA7F-27E47AF29A84
1351	2C05155D-8E06-0799-9049-A666FBF0AAB1
1352	08D1204B-EFCD-D291-C5FE-34D9952AE562
1353	576D7072-9CAB-11ED-8EC7-B0A460E8079B
1354	307A565A-0F93-11EE-9584-68545AD2D871
1355	ABA5A50D-13F8-FEEF-1DE0-35AFC1F1236E
1356	676 -28 54
1357	DECA5DFB-6FF3-11ED-8EA3-B0A460E8079B
1358	984D11AF-0F80-11EE-8F3F-B0A460E8079B
1359	462F3C1B-7C1B-4C03-5C22-EBB2F9956D52
1360	A30AE1F8-6FF2-11ED-8EA3-B0A460E8079B
1361	344 754 20
1362	pf335397b8531a62ac_auto2108
1363	mirror_left
1364	pf750b16fface3610b_auto2108
1365	-284 -84 32
1366	pf9e6ad91ec19dd450_auto715
1367	340E3F36-9CAB-11ED-8EC7-B0A460E8079B
1368	1756 1444 36
1369	wheel_center_back_left
1370	-501.946 1737.59 31.5882
1371	pfadfd70fa159441f0_auto716
1372	4FFCBD82-9CA9-11ED-8EC7-B0A460E8079B
1373	door_front_right
1374	-300 104 17.0457
1375	838 -40 32
1376	0 346 0
1377	vfx_rust_blowing_sand_med_directed
1378	CAA8C237-6236-FB72-EA8E-1A60AA8F0BEE
1379	889CDFBE-2967-8C6F-6A30-45F8E16E44BA
1380	-413 1464.75 33.5
1381	0 355 0
1382	1700 1456 31
1383	2F6009D5-0F81-11EE-8F3F-B0A460E8079B
1384	47220290-5933-11ED-8E86-B0A460E8079B
1385	0 89.9996 0
1386	0 89.9998 0
1387	CB27CCD6-6FFB-11ED-8EA3-B0A460E8079B
1388	249EFD19-5E1A-7318-D66E-55045947936E
1389	j_wrist_le
1390	82CB8D26-0CBA-11EE-9584-68545AD2D871
1391	9E67BBE4-0F81-11EE-8F3F-B0A460E8079B
1392	622 688 24
1393	238CD619-70C5-069D-67E9-F1C3490ADA4C
1394	-208 -14 32
1395	1608 1424 31
1396	vfx_estate_generator_steam_01
1397	-444 932 32
1398	1574 -146 36
1399	pf437441ed75c7fed2_auto2108
1400	B6F4E871-3B09-4910-4494-B75343AE9C2B
1401	DECA5DD7-6FF3-11ED-8EA3-B0A460E8079B
1402	mp_dd_spawn_attacker
1403	4C78F0DB-6FFB-11ED-8EA3-B0A460E8079B
1404	vfx/jup/level/mp_jup_rust/vfx_rust_steaming_ground_directed
1405	vfx/jup/level/mp_jup_rust/vfx_rust_blowing_sand_med_directed
1406	0ED24877-CD1A-C2B5-FE17-5F485F9D3B49
1407	1696 1492.57 31
1408	4C78F084-6FFB-11ED-8EA3-B0A460E8079B
1409	4E5268DF-179D-2EC9-F406-B01895CC8050
1410	rootmodelmanager
1411	2DD27FB7-B3E3-771C-308C-862ABEBC6EA4
1412	vfx_sparks_02
1413	6670BFE6-DD5A-BCB9-2E18-B291507135C8
1414	0D152BD2-F3E8-D87A-BEA0-C98156010C60
1415	vfx/jup/level/mp_jup_skidrow/mp_skid_steam_vent_01
1416	EC921CFB-1EE1-9206-6EDD-6D9326D33A04
1417	7CEA2481-6D89-4E31-4ED1-28144DD62347
1418	DECA5E2B-6FF3-11ED-8EA3-B0A460E8079B
1419	89F59739-8067-11ED-8EB3-B0A460E8079B
1420	mp_cyber_spawn_allies
1421	6F47DBBB-0DA6-6EF2-5342-7EFB903A8A3D
1422	150 1632 46.8686
1423	957944B7-2DAC-CCD5-A97C-CC1EF7F86139
1424	DECA5E37-6FF3-11ED-8EA3-B0A460E8079B
1425	vfx_twr_falling_dust_ch1
1426	7EEC3757-C48E-9D06-54B1-B5A0AF09AA1F
1427	82B2D6ED-5934-11ED-8E86-B0A460E8079B
1428	vfx_rust_birds_circling
1429	-358 -176 30.5
1430	pfcc7706797340d500_auto2108
1431	infil_van_5
1432	vfx_rust_sand_falling_from_pipe_ch
1433	vfx/jup/level/cp_jup_apartment/vfx_apt_dust_falling
1434	-360 396 17.5683
1435	DCA17C3D-635C-AFF6-7913-E13D33F2F37C
1436	432 1844 57.2778
1437	CB27CD21-6FFB-11ED-8EA3-B0A460E8079B
1438	3340EBEB-5935-11ED-8E86-B0A460E8079B
1439	F2AD9705-6C5D-7C9D-7C7A-FEA7C1ACF7DE
1440	82EEA6D6-10EB-B0CD-5D02-09D5FFEAF84A
1441	CAFC2837-8AC7-C8C7-60DB-61EEE68D1884
1442	E1FC22F2-0F91-11EE-9584-68545AD2D871
1443	5E172BF9-9CD3-11ED-8EC7-B0A460E8079B
1444	van_infil_sfx_npc2
1445	634A8CAA-6934-11ED-8E4F-68545AAC0192
1446	890 -56 14.2406
1447	440 1068 36
1448	A55D7C4D-4A1F-AC49-0448-D305875F1698
1449	pf60f49732cf84b6e_auto2108
1450	74A9E594-BFA8-6721-5D81-594D1473A845
1451	CB27CCFD-6FFB-11ED-8EA3-B0A460E8079B
1452	440 1856 68
1453	vfx/jup/level/big_map/vfx_jup_bm_falling_dust_ch_02
1454	E285B024-CC29-1EC0-8836-8AD4E11B446E
1455	0 201.997 0
1456	1608 1424 40
1457	77C3324C-AAF6-67E6-A810-BD23A4991825
1458	DECA5E0D-6FF3-11ED-8EA3-B0A460E8079B
1459	2F55FCD5-296A-C728-30E0-B0B5C7E6988E
1460	4C78F08D-6FFB-11ED-8EA3-B0A460E8079B
1461	44DB0D89-6502-11ED-8E95-B0A460E8079B
1462	7E3D41BA-1814-2378-A837-624083B72866
1463	7BC0B775-9CAB-11ED-8EC7-B0A460E8079B
1464	tag_light_back_right
1465	9183CC18-A0BC-11ED-8ECA-B0A460E8079B
1466	77C86617-0F80-11EE-8F3F-B0A460E8079B
1467	038198DA-6240-6EF1-67AC-F98882A9638E
1468	634A8D2C-6934-11ED-8E4F-68545AAC0192
1469	0 179.997 0
1470	1743 1392 31
1471	112 -100 32.5
1472	212 -188 28.5
1473	vfx_dmz_lux_vent_steam_med
1474	mp_dd_spawn_defender_a
1475	5B74DCE4-5B7A-11ED-8E8A-B0A460E8079B
1476	634A8CB4-6934-11ED-8E4F-68545AAC0192
1477	infil_van_iw9_5
1478	7855F65B-3314-E351-5472-0CFAFE734862
1479	3A944702-CBE5-A9B0-DAA8-565D14C69655
1480	4978AB5A-AFC7-2E12-D34C-F769592571BC
1481	1116 1376 20.6756
1482	E525905F-DC96-1713-C91B-B746ABE99700
1483	1764 1272 31
1484	shake_running
1485	108 -164 32
1486	A6B04B94-10CA-29A1-3360-62ACBD857F62
1487	1128 1800 36
1488	pfa9cb7d41624db75b_auto2108
1489	-24 -188 24.5
1490	DECA5E40-6FF3-11ED-8EA3-B0A460E8079B
1491	84 52 20.1295
1492	E3A59448-A4C5-6357-A5E4-0EB327AB9A68
1493	-548.968 1650.85 38.6782
1494	5C422452-5934-11ED-8E86-B0A460E8079B
1495	1760 1300.57 31
1496	5BAAC883-13FE-4DC9-DDE8-4E0DB42B68B2
1497	-189 -168 40.5
1498	0 14.9994 0
1499	80D66697-965E-11ED-8EC0-B0A460E80798
1500	35E02629-0F92-11EE-9584-68545AD2D871
1501	25959ABD-9B0B-2FDB-F76C-0FCD44E89CFD
1502	1072 872 19.4467
1503	976F7378-D893-25BE-D51A-C77FA7E3C4FD
1504	vfx/iw9/level/_global/vfx_global_steaming_ground
1505	1751 1536 32
1506	F76608A5-8068-11ED-8EB3-B0A460E8079B
1507	25AB001B-13EE-6179-37C2-4D70DFDB73E1
1508	4C78F000-6FFB-11ED-8EA3-B0A460E8079B
1509	infil_van_3
1510	435BD215-5935-11ED-8E86-B0A460E8079B
1511	none
1512	-256 16 32
1513	taillight_right_dead
1514	mp_dd_spawn_attacker_a
1515	5546C003-7F88-11FD-64B9-CADDB4C828C2
1516	traverse
1517	837D6E52-C983-970D-7645-1D9F1A679D7F
1518	nav_door
1519	0 271.734 0
1520	1660 1828 40
1521	0FCD22D8-3D8C-AC6D-568D-04FE8BBDFBF7
1522	pf1166a7458266c0cd_auto715
1523	DEF8153D-9CAA-11ED-8EC7-B0A460E8079B
1524	05E90EB0-9CA9-11ED-8EC7-B0A460E8079B
1525	-290 1416 26.4729
1526	4C78F02D-6FFB-11ED-8EA3-B0A460E8079B
1527	1760 1236.57 31
1528	634A8CE1-6934-11ED-8E4F-68545AAC0192
1529	20ACE775-D37C-310C-ED3D-25BBA42E2EDF
1530	pf9759da1625120a08_auto2108
1531	light_back_left
1532	anim_explosion_complete
1533	2B34029D-B94A-2C95-1C8C-D50E24BD82C6
1534	-187.561 736.159 19.2061
1535	0 29.9993 0
1536	68B63A59-5934-11ED-8E86-B0A460E8079B
1537	EC0BE038-4E52-DD41-C236-5D819D738F87
1538	13EC5E39-B200-4E6E-21DB-3B73F21BC38D
1539	BBF67053-04CF-DCE2-E908-B510E2BBCD67
1540	-392 -192 32
1541	133 -80 40.5
1542	D59170B4-6934-11ED-8E4F-68545AAC0192
1543	1736 1120 31
1544	D677B0B2-219D-1B56-4A4E-BD4A03C587D8
1545	1700 1792 31
1546	-412 -32 36
1547	-332 256 16
1548	pf2cbc0f747ddcb133_auto2108
1549	F76608AB-8068-11ED-8EB3-B0A460E8079B
1550	1568 1640 40
1551	4C78F012-6FFB-11ED-8EA3-B0A460E8079B
1552	4767D2C0-53B9-78F0-2966-969DEA2860C0
1553	vfx_rust_may_cloth_sm_01
1554	jup_infil_blima_step
1555	142 1602 38
1556	-450 -126 24.5
1557	1272 1562 36
1558	3931B8B3-95BB-11ED-8EBF-B0A460E8079B
1559	D249C066-D02F-44BA-026E-EE7CC2E9B031
1560	pf19a0e926692d5cee_auto2108
1561	vfx_nw_sparks_server_rack_a
1562	-304 240 32
1563	D30D9AA3-14DF-C7F3-B63E-32B6DA72DF2E
1564	1368 1104 32
1565	0 189.999 0
1566	1208.48 -147.941 14
1567	DECA5E52-6FF3-11ED-8EA3-B0A460E8079B
1568	35C601FA-4191-7627-6B9B-7047CC6D3CC5
1569	DECA5DAA-6FF3-11ED-8EA3-B0A460E8079B
1570	DD5C976E-8076-0FD0-EC82-BB8D7D58A1D7
1571	DECA5DF8-6FF3-11ED-8EA3-B0A460E8079B
1572	E3DEA518-7128-B59A-5819-0B1E8B389658
1573	BB860875-EBB0-56E4-BCE6-D56EF73CBEE3
1574	CB27CD42-6FFB-11ED-8EA3-B0A460E8079B
1575	46EDA389-B482-80F7-9891-97DA8C074F9E
1576	pf2a1cda0c886d9071_auto9
1577	1576 1336 32
1578	1670 1822 31
1579	347 -168 40.5
1580	634A8CB9-6934-11ED-8E4F-68545AAC0192
1581	149D8BCB-F3ED-32BD-15B2-A2D59A5EBDD9
1582	DECA5DC5-6FF3-11ED-8EA3-B0A460E8079B
1583	-428 720 39.7057
1584	A0BF98B1-E14B-4178-A1E8-ABCFC0B135EB
1585	F3B78C50-0F80-11EE-8F3F-B0A460E8079B
1586	BD6AAE6E-6934-11ED-8E4F-68545AAC0192
1587	ik_in_end_right_hand
1588	smoke_fire_column_dark_distance_directed
1589	E7E8F089-55E7-0158-E563-CD755A510C6D
1590	1751 1288 31
1591	4C78F0C6-6FFB-11ED-8EA3-B0A460E8079B
1592	-277.677 370.3 32
1593	vfx_rust_lensflare_headlight_warm_nolight
1594	6BA12F1D-A0BC-11ED-8ECA-B0A460E8079B
1595	CB27CD00-6FFB-11ED-8EA3-B0A460E8079B
1596	-392 1368 32.5
1597	0 30 0
1598	pf795f43d7b946cf63_auto2108
1599	vfx_rust_steaming_ground_directed
1600	3DD71FC2-8A40-6C17-C0B2-102C5CFD67C2
1601	3D0FC572-802A-6205-F6F2-833DC2C218B6
1602	vfx_rust_sand_falling_from_cliffs
1603	DECA5E34-6FF3-11ED-8EA3-B0A460E8079B
1604	0 44.9988 0
1605	pf9ab4204259f23738_auto2108
1606	A36F62F5-815A-ECC1-11D1-FEBCD9F30AFD
1607	CED307B0-5933-11ED-8E86-B0A460E8079B
1608	-280 1496 30
1609	91730E69-050D-43EE-3DC7-C16C5A0F8F66
1610	9E67BBF7-0F81-11EE-8F3F-B0A460E8079B
1611	1617.5 493.5 36
1612	-296 -192 32
1613	06FA5F9C-5B7C-11ED-8E8A-B0A460E8079B
1614	801 1843 36
1615	1760 1132 36
1616	E1BF9F7D-403C-1044-D907-01776CE423D3
1617	4E3A451D-0CBA-11EE-9584-68545AD2D871
1618	train_part
1619	-408 1804 19.9883
1620	DECA5E28-6FF3-11ED-8EA3-B0A460E8079B
1621	206 488 20
1622	mp_control_spawn_attacker_start
1623	0A6FA212-8F83-0420-D166-6A3C5BD73C60
1624	1743 1392 40
1625	832 480 36
1626	1624 410 40
1627	49C10381-E34C-5754-DE32-F0736AFB91BB
1628	6DEB04F9-2958-E485-D0C0-D4F256B51019
1629	0E9931D2-D659-27DE-F763-8D2D744A5596
1630	-432 720 16
1631	65AFD58F-2410-9501-1CD7-2AA14814DE56
1632	CB27CD18-6FFB-11ED-8EA3-B0A460E8079B
1633	-372 404 34.9568
1634	820.06 -50.48 40.8857
1635	5226AD47-7DFA-8DEC-C782-5456D3A146FD
1636	63F89771-D5F0-41C0-B6E1-FFD2292B10B6
1637	D5CC311B-6FF2-11ED-8EA3-B0A460E8079B
1638	72E02171-0CBA-11EE-9584-68545AD2D871
1639	DECA5DDA-6FF3-11ED-8EA3-B0A460E8079B
1640	1581608E-0CBB-11EE-9584-68545AD2D871
1641	-416 1104 34.1736
1642	0DC217DC-9CA9-11ED-8EC7-B0A460E8079B
1643	4C78EFE2-6FFB-11ED-8EA3-B0A460E8079B
1644	1047 1844 36
1645	400 928 38
1646	ADC65011-965F-11ED-8EC0-B0A460E80798
1647	9028168D-40B1-F6CA-2982-35007E2DA9EE
1648	vfx_air_border_intro_ground_flat_dust
1649	0 88.9995 0
1650	window_front_left
1651	331 -72 40.5
1652	pf379984525e7692cc_auto715
1653	pf2e98d7b4dc375ca0_auto715
1654	F91D37FA-55BF-E8BD-C395-E93E29D28A40
1655	706BC2E2-F7D9-04FE-7EFA-D4E476044737
1656	1282 248 51.636
1657	vfx_apt_elec_spark_leak_lrg_ch
1658	pfac2fae183c464b7c_auto715
1659	4C78EFF1-6FFB-11ED-8EA3-B0A460E8079B
1660	634A8D1D-6934-11ED-8E4F-68545AAC0192
1661	pf2d79444094d9240c_auto2108
1662	0 97.3784 0
1663	-423 1570.75 33.5
1664	pf24f357c943dd48f1_auto2108
1665	D652E1FA-5B7A-11ED-8E8A-B0A460E8079B
1666	vfx/jup/level/mp_jup_rust/vfx_sand_snakes_ground_01
1667	smoke_fire_column_dark_distance
1668	hide
1669	79073901-5935-11ED-8E86-B0A460E8079B
1670	EDAF9ED8-0F92-11EE-9584-68545AD2D871
1671	pf619a072747eae83c_auto2108
1672	vfx/iw9/level/shadowbase/vfx_shdb_falling_dust_ch_02
1673	6AE1DE7F-01B5-C536-C2A8-9417756E8482
1674	3D6BE24D-7D54-08E1-3BDB-962BD5D5C838
1675	pf5c8d03627da4828d_auto2108
1676	0 182.324 0
1677	infil_blima_1
1678	pf7e07fea17975638f_1 pf7e07fea17975638f_3
1679	C4271AD0-C538-EE85-CBAE-109AF80C3E87
1680	608200D1-0F91-11EE-9584-68545AD2D871
1681	0 117.999 0
1682	1520 -138 36
1683	vfx_strike_canyon_falling_dust_sml_01
1684	844 564 35.7905
1685	C7F06DF5-CFF1-D5CE-F688-5F2FCE12C35A
1686	1696 1364.57 31
1687	taillights_dead
1688	634A8CD2-6934-11ED-8E4F-68545AAC0192
1689	868AF29C-3BF0-AA45-2DA0-2EACC79BFE0B
1690	vfx/jup/level/cp_jup_ranch/smoke_fire_column_dark_distance
1691	0 89.9995 0
1692	CB27CCDC-6FFB-11ED-8EA3-B0A460E8079B
1693	BCB90BC5-8068-11ED-8EB3-B0A460E8079B
1694	off
1695	1598 -94.5 36
1696	jup_infil_shared_movement_post
1697	7D6D1ACD-8572-107B-CDAE-860D22D7DA17
1698	176 -168 24.5
1699	472 -168 36.5
1700	pf7bcc1b79e3a5543d_auto2108
1701	-209 304 19.439
1702	-88 -172 40.5
1703	back_left
1704	DCAFF169-95BA-11ED-8EBF-B0A460E8079B
1705	89F5972E-8067-11ED-8EB3-B0A460E8079B
1706	DC978698-6934-11ED-8E4F-68545AAC0192
1707	jup_infil_blima_rope_fall_left
1708	vfx/jup/level/big_map/vfx_jup_bm_falling_dust
1709	72D472F5-5935-11ED-8E86-B0A460E8079B
1710	A49AA3D3-0F80-11EE-8F3F-B0A460E8079B
1711	pfb7228f01311ac338_auto716
1712	16F00FBF-9CB2-11ED-8EC7-B0A460E8079B
1713	-424 1120 31
1714	-101.338 -145.691 16
1715	C6D9863E-EBDE-80FD-7321-FCCF4435A382
1716	pf58a564d9f3e2194f_auto2108
1717	CE2A7CF7-C1E4-9F9F-C62F-41730CCFB332
1718	064A6A53-9CAB-11ED-8EC7-B0A460E8079B
1719	window_front_right
1720	74A795BD-889A-2B56-A075-ABFD8B9C49A9
1721	C7239CAF-0F91-11EE-9584-68545AD2D871
1722	23443405-3D10-5342-86CC-FF6340B4998E
1723	BDC196E8-5934-11ED-8E86-B0A460E8079B
1724	F3CBBAFB-5933-11ED-8E86-B0A460E8079B
1725	4E5DB051-5934-11ED-8E86-B0A460E8079B
1726	-292 156 16
1727	-352 -48 32
1728	63E3C706-722B-75E4-FF24-FEA2115B4DAD
1729	F93A924A-C68E-B2CF-D329-63AE9384C9A1
1730	DECA5DA1-6FF3-11ED-8EA3-B0A460E8079B
1731	pfc5b4c8dda5ea5fc9_auto2108
1732	vfx_davos_steam_vent
1733	ECDC783F-9CAA-11ED-8EC7-B0A460E8079B
1734	B8BF401F-2122-14DC-43AC-C08D11E73F1E
1735	1496 1704 34.5562
1736	8006C89B-80CA-3C3E-E70A-46278BB70325
1737	scriptable_hardpoint_chevron
1738	A30AE1DD-6FF2-11ED-8EA3-B0A460E8079B
1739	0 320 0
1740	5DBB7953-0809-34DA-E05F-09F9C6CBCCC8
1741	F0D4DC00-326D-4548-CB90-B06B0135B60A
1742	F168B6FE-5B7B-11ED-8E8A-B0A460E8079B
1743	359 -76 31
1744	1536 42 40
1745	-416 1120 32
1746	3EA1CD37-D3C4-BF94-B7E8-3FB16EAAA53E
1747	73B9D60D-44AB-103E-430E-2FE05FD84D95
1748	vfx/jup/level/cp_jup_apartment/vfx_apt_dust_falling_wall
1749	CB27CCB5-6FFB-11ED-8EA3-B0A460E8079B
1750	344 724 32
1751	44DB0DA1-6502-11ED-8E95-B0A460E8079B
1752	1324 256 16.6302
1753	-232.167 -40.284 16.7372
1754	ECACB9CE-D5D3-A564-81E4-1C27B0171AC6
1755	vfx_twr_falling_dust
1756	-412.509 598.585 32
1757	pfe0faef65536bbff8_auto715
1758	1E4B5ED9-0CBB-11EE-9584-68545AD2D871
1759	44DB0D9E-6502-11ED-8E95-B0A460E8079B
1760	58029E7B-2877-0965-E83A-55C703B7B36C
1761	4C78F09F-6FFB-11ED-8EA3-B0A460E8079B
1762	-280.5 1802 20
1763	1664 1832 31
1764	AA7F161D-10BF-BF4B-09B2-BFE5DDF1F607
1765	vfx_sand_snakes_ground_01
1766	CB27CCAF-6FFB-11ED-8EA3-B0A460E8079B
1767	2851E32C-95BB-11ED-8EBF-B0A460E8079B
1768	0 275.999 0
1769	jump_up_80
1770	jump_up_40
1771	1368 864 32
1772	DDE620FC-BFB6-A4B5-299E-4DAF279EE601
1773	CB27CCD3-6FFB-11ED-8EA3-B0A460E8079B
1774	vfx/iw9/level/border/vfx_border_char_wall_falling_dust_01
1775	1683 1288 31
1776	C4A4A976-348E-BBA4-F279-B3E61B0E2A5E
1777	mp_rugby_spawn_axis
1778	548E1945-825C-05B3-1E22-62C35DD0D793
1779	DA028C13-B9A9-AD3B-5F66-B8C9B9A8E2C9
1780	D42751DF-CC11-8A89-4A33-A4902C992E3B
1781	BEB4B62F-E53A-C727-12F4-353511D4EDEB
1782	AE26C587-BF80-13BF-0EE8-0C2BC0CF15EF
1783	53.5 1807 24
1784	1476 652 31.3168
1785	AFA9D65D-4ED3-D1BB-15E3-FC8A6E751DC1
1786	0 357.994 0
1787	1440 1646 43.4396
1788	8EACD0EA-9E59-C297-3F84-0E685212E257
1789	axis
1790	-251.562 928.159 32.2424
1791	-432 600 34
1792	47C07464-91AF-8577-C902-84D9CB04BE1F
1793	634A8C5F-6934-11ED-8E4F-68545AAC0192
1794	46EFAA9C-5B7C-11ED-8E8A-B0A460E8079B
1795	0A4ECBFF-4DD0-F6D7-E319-9F441694B417
1796	-308 -188 28.5
1797	F47C8801-0D42-050A-CEC4-05802E22CF11
1798	-432 -120 24.5
1799	615F5C14-5B7C-11ED-8E8A-B0A460E8079B
1800	D59EBE44-95BA-11ED-8EBF-B0A460E8079B
1801	vfx/jup/level/mp_jup_rust/vfx_rust_debris_blowing_dir
1802	pf6be2fb6e1835ee2a_auto2108
1803	1552 1768 40
1804	-251.561 864.159 25.2208
1805	0 195 0
1806	1B3B4F6A-A0BA-11ED-8ECA-B0A460E8079B
1807	2D1DF901-6C62-15EB-86D0-751CB81D1B3C
1808	1567 146 26.6883
1809	DA828989-F486-1093-1CDE-BB3928A0FCD8
1810	pfd2e462a0f718d7e8_auto2108
1811	-344 308 15.8301
1812	208 -168 36
1813	40BF777D-EBE2-DE3F-A0C1-3523C8859E3A
1814	1618 509 29.9832
1815	-376 408 20
1816	-12 100 19.5232
1817	1496 1838 28.1781
1818	4C78F07B-6FFB-11ED-8EA3-B0A460E8079B
1819	0 2.59803 0
1820	E439BDF9-3549-2F07-99CA-A16215A34728
1821	C470546B-0F7F-11EE-8F3F-B0A460E8079B
1822	EA41E8C6-0888-184B-15D0-D76A034BE065
1823	F7EB9EEA-465D-2B33-0219-0120D5A4D41F
1824	CB27CD39-6FFB-11ED-8EA3-B0A460E8079B
1825	0 89.9989 0
1826	0 89.9987 0
1827	0 74.9992 0
1828	0 89.9994 0
1829	2541D31A-BC68-B679-47BB-9BD8B2DF2121
1830	4FFCBD7F-9CA9-11ED-8EC7-B0A460E8079B
1831	vfx/jup/level/mp_jup_rust/vfx_rust_lensflare_headlight_warm_nolight
1832	09933B43-2C15-F3F6-E669-6DBD9EBCE01D
1833	-296 -192 36
1834	1114 548 24
1835	-222 1434 30
1836	44DB0D9B-6502-11ED-8E95-B0A460E8079B
1837	9BCCFBD7-9A83-F9C8-E045-532B468F18A5
1838	405A8E54-A0B9-11ED-8ECA-B0A460E8079B
1839	C95BBC12-7704-B0AC-4AED-E760F78D5D30
1840	327BB4A0-0CBA-11EE-9584-68545AD2D871
1841	EDB043B3-0F80-11EE-8F3F-B0A460E8079B
1842	FD017264-9CA9-11ED-8EC7-B0A460E8079B
1843	8CD43A22-748D-FFE4-8E26-B84DECB1DFBC
1844	vfx_apt_dust_falling_ch_02
1845	CB27CD03-6FFB-11ED-8EA3-B0A460E8079B
1846	vfx/iw9/level/nightwar/vfx_nw_sparks_server_rack_a
1847	07D149CE-79B0-11EE-8F84-B0A460E769BC
1848	infil_van_iw9_3
1849	pf9d75df840d4e7b51_auto2108
1850	pf8ccb7a18130d4107_auto2108
1851	1ED92238-48B6-937C-0889-63A8ABD8FBDB
1852	478 -202 36.5
1853	mp_rugby_spawn_allies
1854	C44D65EF-ED0E-553D-7CE9-1A5BF980C272
1855	-344 324 32
1856	mp_ctf_spawn_axis_start
1857	087784D5-ACBC-EBB1-F208-49F3D49FD553
1858	9E8E4F5A-0C0A-DFC0-C012-B8BA513FCE55
1859	9A7A90D7-4BFB-4199-B95C-4066BB401E68
1860	A38CF2F5-ED6A-A943-0C02-81E91915EB40
1861	jup_infil_blima_rope_kick_left
1862	D857ACE2-A99D-DFD9-15CB-65E545367770
1863	-476 1812 31.1623
1864	mp_xfire_spawn_team_three_start
1865	0 132 0
1866	A5B90CB3-D323-E23D-153D-E73641859A09
1867	DECA5DEF-6FF3-11ED-8EA3-B0A460E8079B
1868	1 2 4 5
1869	4C78F093-6FFB-11ED-8EA3-B0A460E8079B
1870	197 1767 28
1871	3402322E-079B-2840-CD5A-9722B5D44FB7
1872	scriptable_electronics_fire_alarm_bell_01
1873	12303F8E-ECEF-1494-D03D-F6F384E932A3
1874	pf76b4ec56d5fd8291_auto2108
1875	-138.182 729.13 24
1876	-392 -160 24.5
1877	F8E02962-9CAA-11ED-8EC7-B0A460E8079B
1878	pf7e07fea17975638f_2 pf7e07fea17975638f_3 pf7e07fea17975638f_4 pf7e07fea17975638f_5
1879	A3F5EA8D-3944-31B9-4E1C-E9A7048B21EA
1880	0 49.9998 0
1881	0 49.9992 0
1882	pf8fbfc94a441c714d_auto2108
1883	infil_van_1
1884	05307DB2-0F93-11EE-9584-68545AD2D871
1885	4E92B263-AA39-2B6E-B183-A3C25BFE7701
1886	1728 1416 40
1887	-156 -100 20.2814
1888	8E60C37A-0F91-11EE-9584-68545AD2D871
1889	1114 652 20
1890	472 -168 36
1891	4C78F051-6FFB-11ED-8EA3-B0A460E8079B
1892	568 816 55.3128
1893	828 980 36
1894	-432 608 20
1895	-397.329 454.417 32
1896	568 1168 36
1897	4C78F0C9-6FFB-11ED-8EA3-B0A460E8079B
1898	D943B2EA-EB1E-FF56-DCCB-574E07D80776
1899	lights_controller
1900	-271 -36 40.5
1901	62E487CF-958C-24D2-5F9D-26D98A9BCD80
1902	fingers_out_end_right_hand
1903	infil_blima_5
1904	1696 1236.57 31
1905	80A50899-AC57-D688-587D-0B4D8CACFBA6
1906	CB27CD1B-6FFB-11ED-8EA3-B0A460E8079B
1907	pf35f014eaa0fab4_auto715
1908	anim_playerstandrock
1909	vfx/iw9/core/weapons/impacts/sparks/vfx_imp_cld_spark_hard_plenty_lrg_a
1910	1592 1512 31
1911	831ADE3A-A0B9-11ED-8ECA-B0A460E8079B
1912	1624 1808 40
1913	78F49D68-0CD9-7C65-653B-60BA25C36C75
1914	mp_sd_spawn_attacker
1915	D5E8C5FE-2202-4E0B-8051-BCFE8D9A54D0
1916	-416 -32 24.5
1917	vfx_estate_light_zapper_bugs
1918	D31EACAD-8AFA-0E25-B807-CB5C7A447398
1919	FEAB98F7-A6DD-A154-8585-CE2220C3AC32
1920	1052 884 30
1921	tag_mirror_right
1922	pf954349f65f951830_auto716
1923	777
1924	pfeaaf595a53e1dd43_auto2108
1925	634A8C8C-6934-11ED-8E4F-68545AAC0192
1926	2F5FFF47-12DE-18E5-5B40-AA384BEC3C7E
1927	CB27CD24-6FFB-11ED-8EA3-B0A460E8079B
1928	5F7F9AB0-38F7-BA0E-7E6F-50C5DF8BA2D1
1929	0 334.999 0
1930	634A8CF5-6934-11ED-8E4F-68545AAC0192
1931	1759 1336 31
1932	8D03B457-0F92-11EE-9584-68545AD2D871
1933	vfx/jup/level/cp_jup_apartment/vfx_apt_dust_falling_ch_02
1934	1768 1120 36
1935	840 1844 31.091
1936	46EFAA8B-5B7C-11ED-8E8A-B0A460E8079B
1937	1712 1400 32
1938	a
1939	8C2CE62A-3E80-C6B8-A62E-C2C62F6C5761
1940	1555 1767 39
1941	4C78F036-6FFB-11ED-8EA3-B0A460E8079B
1942	0 160 0
1943	1700 1512 31
1944	mp_xfire_spawn_axis_start
1945	4C78F0C0-6FFB-11ED-8EA3-B0A460E8079B
1946	0 34.9999 0
1947	0 177 0
1948	0 54.9997 0
1949	8ED6755B-5934-11ED-8E86-B0A460E8079B
1950	195FF551-504E-EE4E-7299-B4C86ADB20C8
1951	B739B4F4-5335-FF22-2B8A-441761C4D53A
1952	D5A236D4-5933-11ED-8E86-B0A460E8079B
1953	F9E7B192-A0BA-11ED-8ECA-B0A460E8079B
1954	B905FFB1-965E-11ED-8EC0-B0A460E80798
1955	0 23.9984 0
1956	B0BEA312-43A2-F351-64AB-D6D2C25E132B
1957	C7647484-9CA9-11ED-8EC7-B0A460E8079B
1958	vfx/iw9/level/shadowbase/vfx_shdb_falling_dust
1959	1760 1340 36
1960	base
1961	-432 600 22.9671
1962	4C78F08A-6FFB-11ED-8EA3-B0A460E8079B
1963	jump_down_160
1964	9DACBBA2-7162-07D6-B897-BDB7AA1F75D2
1965	1112 1368 20.6875
1966	CB27CCFA-6FFB-11ED-8EA3-B0A460E8079B
1967	pfa5fa5ddc0c019136_auto2108
1968	-408 1416 36.5
1969	1739 1123 39
1970	44 -188 24.5
1971	ik_in_start_left_hand
1972	F9E7B1A4-A0BA-11ED-8ECA-B0A460E8079B
1973	-432 604 38.8675
1974	227 -84 27
1975	1416 1056 32
1976	allies_endzone_vis
1977	5F3D28B9-644A-4B01-85D2-ED747DE9308C
1978	vfx/iw9/level/mp_dmz_bio_lab/vfx_dmz_lux_vent_steam_med
1979	pf7e07fea17975638f_auto3180
1980	vfx/iw9/level/nightwar/vfx_nw_sparks_b
1981	door_rear_left
1982	76522C1B-5934-11ED-8E86-B0A460E8079B
1983	838 -44 36
1984	1598 -100 31.662
1985	pf5c718b9ae7b95486_auto2108
1986	vfx_wartorn_blowing_sand_big
1987	634A8C9B-6934-11ED-8E4F-68545AAC0192
1988	AEAD3D45-1216-9362-F062-68ED8C06D909
1989	-344 64 23.0488
1990	1B287128-47CF-7333-F32D-E1AEBBB84A9C
1991	91588795-7CA3-570D-4827-912437C120C1
1992	DECA5E3D-6FF3-11ED-8EA3-B0A460E8079B
1993	1736 1076 55
1994	pf7e07fea17975638f_auto12029751631181262858
1995	1641 1538 44.327
1996	van_infil_sfx_npc3
1997	4C78F009-6FFB-11ED-8EA3-B0A460E8079B
1998	pf21bf8e24158c3103_auto2108
1999	tag_window_front_left
2000	-153 269 32.9921
2001	0 194.999 0
2002	CB27CCF7-6FFB-11ED-8EA3-B0A460E8079B
2003	1576 1400 32
2004	0197F261-A0BB-11ED-8ECA-B0A460E8079B
2005	88CCD3CB-5934-11ED-8E86-B0A460E8079B
2006	312 72 26.6147
2007	037E4513-A0BD-11ED-8ECA-B0A460E8079B
2008	6DE6CE21-D79A-30CB-AB93-5D7112FE4082
2009	A0F9B39B-5934-11ED-8E86-B0A460E8079B
2010	E8692A86-9DD6-0D46-65CC-EB29507DD46D
2011	4B2EB013-92EB-BEC9-3308-5DE22CF1A44F
2012	1247 1810 24.8034
2013	D70982C8-9CA9-11ED-8EC7-B0A460E8079B
2014	vfx/jup/level/mp_jup_rust/vfx_rust_steam_vent_dir
2015	1176 1848 24.8834
2016	pf5dbb040d00a7894f_auto2108
2017	infil_van_iw9_4
2018	1024 -140 19.4866
2019	veh9_civ_lnd_van_cargo
2020	5F124B99-465E-284D-46BA-BFFC6A187440
2021	344 -168 30.5
2022	6A6B758E-4201-3DA4-B027-6A0411B7F1FF
2023	1412 828 36
2024	vfx_sparks_01
2025	j_rope_1
2026	5B580E3A-76BF-3283-13BF-3639E33BFD7D
2027	61B2DFB2-0F79-0B46-34AC-542A25E3490E
2028	C256A994-3791-AC74-5F6A-53FD34FC2522
2029	9C2A6414-9B6B-2FBE-C20D-FCAD58F82720
2030	46376E30-0562-F03A-D97F-7D2AB4DD6763
2031	155A4E59-9CA9-11ED-8EC7-B0A460E8079B
2032	vfx_ks_emp_sparks
2033	9A6D3D1B-FE47-8E3F-5740-849E3D77C2ED
2034	7ECA7ED1-5B7A-11ED-8E8A-B0A460E8079B
2035	35EF247B-80F6-0FCC-054E-1F99C862BDA0
2036	753156D5-FBEC-1E78-9E1F-2C9A8647C5BC
2037	26EEA337-9CD3-11ED-8EC7-B0A460E8079B
2038	BE25DF54-1735-7CC6-3257-486194F3D438
2039	infil_van_2
2040	1E46D141-E1D5-0EE3-B438-F927AF580BE7
2041	D411F5E6-5934-11ED-8E86-B0A460E8079B
2042	1760 1268 31
2043	1726.03 1373.19 34.25
2044	0 322 0
2045	1416 864 32
2046	4C78F096-6FFB-11ED-8EA3-B0A460E8079B
2047	87CF60F2-3647-E69D-BF54-5CAB88386BF2
2048	1571 1639 39
2049	6AABCB89-8EC0-1BB0-69D5-26660AFCEC35
2050	DC530A10-5B7A-11ED-8E8A-B0A460E8079B
2051	pf7e07fea17975638f_2 pf7e07fea17975638f_4 pf7e07fea17975638f_5
2052	1660 1828 32
2053	1204 -170 14.8798
2054	5B94317D-362D-A394-0CA5-779441756B3F
2055	1712 1336 32
2056	0 299.999 0
2057	scriptable_uk_tool_box_small_01
2058	D700E20D-564F-0966-BE0A-12B670DF6B38
2059	pfa06c9c9bcb7e73f2_auto2108
2060	180 908 22.2112
2061	7251ED33-0F7F-11EE-8F3F-B0A460E8079B
2062	48127C9A-AFF4-2823-40DD-845E938DD49F
2063	4B7A8F41-B035-03EA-405A-C778D53D74AA
2064	634A8C91-6934-11ED-8E4F-68545AAC0192
2065	-312 19 40.5
2066	0 123.617 0
2067	232569A4-B855-31D7-B7B7-A34716CC71BA
2068	-468 -128 40.5
2069	E26D6B64-5934-11ED-8E86-B0A460E8079B
2070	0 164.999 0
2071	-119.032 1713.86 34.8242
2072	vfx_jup_bm_falling_dust_ch_02
2073	DECA5DB9-6FF3-11ED-8EA3-B0A460E8079B
2074	6721D173-DA6E-5BC1-9B67-C80C0AFED752
2075	D5CC3121-6FF2-11ED-8EA3-B0A460E8079B
2076	0D5F4A2B-9660-11ED-8EC0-B0A460E80798
2077	DECA5D98-6FF3-11ED-8EA3-B0A460E8079B
2078	3C6D00BA-2879-6000-0E4A-A410A588EC8A
2079	ik_in_start_right_hand
2080	CB27CD45-6FFB-11ED-8EA3-B0A460E8079B
2081	831ADE20-A0B9-11ED-8ECA-B0A460E8079B
2082	fingers_in_end_left_hand
2083	1F16AC8A-43CC-480E-9A6D-3FCE59C3C845
2084	ws_safe_offscreen
2085	634A8D27-6934-11ED-8E4F-68545AAC0192
2086	64F27F4B-B582-315B-68B2-A7EC4CE22AE5
2087	F7C0394B-3723-DDBC-C11C-3365D0FFBC97
2088	CB27CC97-6FFB-11ED-8EA3-B0A460E8079B
2089	0 170 0
2090	vfx_dam_electric_falling_sparks_ch
2091	626B3F33-811C-0452-D4A3-D942C40D9587
2092	vfx/iw9/level/shadowbase/vfx_shdb_amb_tunnels_steam_floor_01_b
2093	pf8aa17bae57a3d579_auto2108
2094	6ED9ED83-5B7A-11ED-8E8A-B0A460E8079B
2095	-160 -136 32
2096	84 52 36.0969
2097	mp_ctf_spawn_secondary
2098	vfx/jup/level/mp_jup_estate/vfx_estate_falling_dust_02
2099	fov_63_2
2100	611BD822-F940-6EED-F9F3-06FAA211FC0B
2101	0 89.999 0
2102	2 3 5
2103	7922391F-0F91-11EE-9584-68545AD2D871
2104	1760 1340 31
2105	body
2106	07D149E3-79B0-11EE-8F84-B0A460E769BC
2107	65D273BB-8AA9-2ECE-60BA-D1001D212BBA
2108	DECA5E5E-6FF3-11ED-8EA3-B0A460E8079B
2109	4C78F0C3-6FFB-11ED-8EA3-B0A460E8079B
2110	07D149BF-79B0-11EE-8F84-B0A460E769BC
2111	DECA5DA4-6FF3-11ED-8EA3-B0A460E8079B
2112	pf2a722d98cbdcce7a_auto2108
2113	pf26a7a9c0140d6da8_auto2108
2114	0C404F87-DDFB-2CF7-2009-B58547FF4602
2115	hardpoint_vis_03
2116	586 1849.5 48
2117	6AFE083D-DE47-E3DB-E250-D0AEAFCC10B9
2118	CB27CCA3-6FFB-11ED-8EA3-B0A460E8079B
2119	BA907CC2-3597-2471-8590-5FA7EF75A53F
2120	A30AE1E0-6FF2-11ED-8EA3-B0A460E8079B
2121	vfx/iw9/level/mp_embassy/vfx_emb_pot_steaming_haze
2122	634A8D0E-6934-11ED-8E4F-68545AAC0192
2123	-12 140 16.736
2124	7B5D164F-55D0-A279-348F-CFA2D3DE2B6A
2125	83276C23-CB6F-4E01-A73B-D1EE69C6F8DE
2126	4C78F075-6FFB-11ED-8EA3-B0A460E8079B
2127	D3833EF1-9CB1-11ED-8EC7-B0A460E8079B
2128	84C0E797-60AA-0F46-D7E8-35322F6753BE
2129	-160 -192 28.5
2130	2BD4A1B1-23AA-06B5-C1AE-9AF092D4D8E3
2131	0 181.996 0
2132	5FE37CCC-12D1-535A-9D0D-99AC2E8F5969
2133	1767 1232 32
2134	1608 1312 31
2135	scn_infil_van_npc3
2136	A749A42F-FA67-ECA2-810C-F2F3DCB8076A
2137	vfx/iw9/level/shadowbase/vfx_shdb_amb_tunnels_steam_floor_01
2138	pf7e07fea17975638f_1 pf7e07fea17975638f_2 pf7e07fea17975638f_3 pf7e07fea17975638f_5
2139	0 29.9984 0
2140	1739 1512 40
2141	1A625690-B0BC-A689-4593-F643BB105CF3
2142	0 317.851 0
2143	DF817471-6DB1-C88A-4F2E-A3B148625C46
2144	vfx_blowing_sand_ground_volume
2145	8241621A-A0BC-11ED-8ECA-B0A460E8079B
2146	8D8D047A-AEB7-901B-FFA0-60CE98EEB736
2147	1596.75 -96 40
2148	1530 14 32
2149	pf961de7116ad0d8e0_auto2108
2150	533C38B7-2ED2-8D65-15E0-290BC125BCE8
2151	3479F094-836C-85B3-4D91-A66D1AC43BA7
2152	112 -168 36
2153	09EC53E2-A0BB-11ED-8ECA-B0A460E8079B
2154	DECA5D95-6FF3-11ED-8EA3-B0A460E8079B
2155	4C78F0BA-6FFB-11ED-8EA3-B0A460E8079B
2156	vfx/jup/killstreak/vfx_ks_emp_sparks_lrg
2157	pf7e07fea17975638f_1 pf7e07fea17975638f_2 pf7e07fea17975638f_3 pf7e07fea17975638f_4 pf7e07fea17975638f_5
2158	1736 1384 40
2159	D220EC3C-0CBA-11EE-9584-68545AD2D871
2160	A680AC4B-0F92-11EE-9584-68545AD2D871
2161	vfx_global_falling_dust_ch_01
2162	1600 672 36
2163	6EEFF458-FBA4-B3EB-3BBC-F421B9B4259C
2164	-183.436 650.747 24
2165	0 318.599 0
2166	D6BFD71A-368A-9DEA-7004-5C4A4A3BCD91
2167	A30AE1EC-6FF2-11ED-8EA3-B0A460E8079B
2168	6314A918-F6C1-0B0A-650C-5E0CD6D9D72F
2169	F6E0AD64-0F91-11EE-9584-68545AD2D871
2170	-320 188 17.1708
2171	8B721FC9-D677-7BE3-748A-598F7FE02381
2172	DD432471-E1D8-292E-2010-9ABA308C318F
2173	DFEBFFA2-C85C-AC8F-6848-51F31AF373CC
2174	5CB23B19-1FC9-9858-889F-C8B270BC04FA
2175	280 -168 26.5
2176	36A7A13F-1B26-CBEF-B71C-09F56E3E9D34
2177	jup_infil_blima_player_grab
2178	12552ABA-5935-11ED-8E86-B0A460E8079B
2179	0 14.9999 0
2180	E5CEC39F-9CAA-11ED-8EC7-B0A460E8079B
2181	EF8FA312-02F6-1F3A-CB98-934B75A18CEF
2182	152C5870-5B7C-11ED-8E8A-B0A460E8079B
2183	vfx/iw9/prop/scriptables/vfx_sparks_no_smoke
2184	F9B4F47A-185C-A65E-7F5C-D56CACA99F9A
2185	8A37E78B-A0B9-11ED-8ECA-B0A460E8079B
2186	jup_infil_blima_rope_crank_left
2187	1616 160 32.0517
2188	0 180 0
2189	31AF18A9-6F19-A570-6C22-D923BC3D28DC
2190	mp_koth_spawn_axis_start
2191	ABFD2951-8252-0577-0720-249E3FFC9795
2192	7E7E871C-9CD2-11ED-8EC7-B0A460E8079B
2193	vfx/iw9/level/_global/vfx_global_blowing_sand_ledge
2194	1A505207-C5C8-3B3A-4809-9D9F53D3FE4E
2195	1348 1844 25.6939
2196	vfx_estate_falling_dust_02
2197	AB73C43A-D9F2-E5AD-20BD-740CF930A332
2198	B7E941DD-9CBA-68BB-9CD6-A16B0B1225CC
2199	D4947AE4-0FCD-EA6D-A0C9-FE08163FBBA5
2200	4C78F0D5-6FFB-11ED-8EA3-B0A460E8079B
2201	DE025201-4012-F9D9-1BC1-8749BD91AB0E
2202	41CD042F-5336-26B4-7EBC-4FF98FCC2554
2203	CAFF8E2F-1C26-35F1-4432-091EC1577608
2204	1759 1440 31
2205	CB27CCCD-6FFB-11ED-8EA3-B0A460E8079B
2206	-96 208 31.2485
2207	D3938BBA-E61F-DA8C-19AD-AD418D09E459
2208	0DD81AB8-1FAF-1DAA-9A71-7F0C781E89F0
2209	4C78F0A8-6FFB-11ED-8EA3-B0A460E8079B
2210	FF2D36FC-95F2-65AE-CD4E-ECCC5E7518B3
2211	0 340 0
2212	98D9AF99-0F7F-11EE-8F3F-B0A460E8079B
2213	6B91D608-5B7B-11ED-8E8A-B0A460E8079B
2214	D87B2940-3369-9E77-D5A6-75F6704406D7
2215	340E3F41-9CAB-11ED-8EC7-B0A460E8079B
2216	pf7e07fea17975638f_1 pf7e07fea17975638f_3 pf7e07fea17975638f_4 pf7e07fea17975638f_5
2217	vfx_global_steaming_ground
2218	mp_tdm_spawn
2219	D5E9B20B-CD95-52BC-3526-38F7B183E4D2
2220	BD8ECECA-3A94-63FE-A114-E4B49E90B0FD
2221	4C78EFDF-6FFB-11ED-8EA3-B0A460E8079B
2222	vfx/jup/level/mp_jup_rust/vfx_wartorn_blowing_sand_med_directed
2223	vfx/iw9/level/shadowbase/vfx_shdb_falling_dust_ch
2224	1F57F9A7-C7C9-C612-6FAC-108230256532
2225	7E6C2B07-452D-744D-0A78-AD158C1DDD15
2226	4C78F054-6FFB-11ED-8EA3-B0A460E8079B
2227	-543.677 1656.85 36.1579
2228	vfx_shdb_falling_dust
2229	F45176E9-0F92-11EE-9584-68545AD2D871
2230	C137FC2D-D7E6-A6C5-7F60-616758E71059
2231	-8800 7360 0
2232	pfe9687d397cf5ae20_auto715
2233	mp_robj_spawn_allies_start
2234	0 144 0
2235	ED9897B4-0CBA-11EE-9584-68545AD2D871
2236	1
2237	-116.5 1803.5 13.385
2238	09EC53DC-A0BB-11ED-8ECA-B0A460E8079B
2239	6E90EFC5-507D-D836-CDE2-C54BA4704456
2240	1540 1840 40
2241	1442 1406 36
2242	0 34.9997 0
2243	44DB0DA7-6502-11ED-8E95-B0A460E8079B
2244	1046 1842 28.8588
2245	1568 1640 27.9367
2246	-228.691 572.363 24
2247	E9BAFDCC-5B7A-11ED-8E8A-B0A460E8079B
2248	pfbc461cb2f358840a_auto2108
2249	09E1D1AB-2B92-9AA0-7495-AC223E12600F
2250	vfx/iw9/level/shadowbase/vfx_shdb_amb_tunnels_steam_floor_01_c
2251	E004FE39-CACA-F05C-2461-7FF31EBD7005
2252	light_front_right
2253	vfx/iw9/level/shadowbase/vfx_shdb_wind_blowing_sand
2254	4C78EFEE-6FFB-11ED-8EA3-B0A460E8079B
2255	16D079EC-2210-D0EA-A089-E26730563725
2256	-347.032 1739.86 34.8242
2257	vfx_resort_ground_flat_dust
2258	A8EB3467-106D-8899-0E45-F19275C57447
2259	1506 935 24.8633
2260	559D6056-5155-C327-E851-35A5E8602B9A
2261	vfx/jup/level/mp_jup_rust/vfx_rust_sparks_elec_01_ch
2262	1754 1528 31
2263	pfc36b3fd486da92c9_auto716
2264	pf4707cd5b66187141_auto715
2265	232 724 32
2266	AB9F65E4-5995-9CBA-45BF-A1A33FC52ED7
2267	8F930A08-DC91-7FD1-A77A-C34AE4AD8BD4
2268	6ABB9FAA-E47E-A6E3-3C0C-E10EACD056F8
2269	30241EBD-95BB-11ED-8EBF-B0A460E8079B
2270	hardpoint_vis_02
2271	1534 8 26
2272	48629C79-5934-11ED-8E86-B0A460E8079B
2273	pfe40b27c4b6b92671_auto2108
2274	1666 1110 36
2275	vfx_shdb_amb_tunnels_steam_floor_01
2276	-233 1428.75 33.5
2277	DF1D1699-0BF7-7A8C-F2C8-7636A7ED0056
2278	634A8CBE-6934-11ED-8E4F-68545AAC0192
2279	6411824F-4640-85BB-29AC-4EC407136758
2280	CB27CCBE-6FFB-11ED-8EA3-B0A460E8079B
2281	0 59.9994 0
2282	prefabs/createfx/mp_jup_rust_cfx.map
2283	vfx_svr_sparks_electrical_sml
2284	1700 1332 31
2285	-503.5 1664.5 32
2286	base_scripted_anim_slot
2287	270 912 20
2288	77A71AA9-2A91-6E47-D204-462B247871CF
2289	0 346.002 0
2290	scn_infil_van_npc2
2291	8ACF1155-8579-DB2C-1B12-4D30F51312E1
2292	FB583EE3-8982-83D4-BCF5-FEF8CF86209F
2293	F91098BF-5431-05A1-C8E8-71920DC93D9D
2294	A088D758-5B7B-11ED-8E8A-B0A460E8079B
2295	-116 196 16.1315
2296	634A8D4A-6934-11ED-8E4F-68545AAC0192
2297	13912A00-FC34-BE0D-F65D-6F45D2E04779
2298	0 269.735 0
2299	7F05D732-995C-E6B7-DEE2-D14D175F3335
2300	free_look
2301	vfx/iw9/level/intercept/vfx_intercept_ac_vent_steam
2302	DECA5E7C-6FF3-11ED-8EA3-B0A460E8079B
2303	120 -92 24.5
2304	0D59E333-0F83-11EE-8F3F-B0A460E8079B
2305	B32018B7-14AD-CAF5-24DF-6EF45E256A3D
2306	-416 1174 32
2307	1716 1396 31
2308	1616 160 32
2309	veh8_mil_lnd_br_train_flatbed
2310	pf7e07fea17975638f_1 pf7e07fea17975638f_3 pf7e07fea17975638f_4
2311	844 482 20
2312	C4E1A51D-1BA9-3046-92F0-4AD64AF0D4C4
2313	E24441E8-6B4F-1CE0-8F92-8ED7F22F8766
2314	vfx_imp_cld_spark_hard_plenty_lrg_a
2315	4C78F0E1-6FFB-11ED-8EA3-B0A460E8079B
2316	1696 1300.57 31
2317	jump_across_100
2318	6E57AA15-0930-183B-2DA8-6B23E8ACAA5E
2319	8894E803-AD4C-F3E0-FA3B-47E6EFF3A6DB
2320	DECA5E4F-6FF3-11ED-8EA3-B0A460E8079B
2321	0430BF29-0F92-11EE-9584-68545AD2D871
2322	4C78EFFA-6FFB-11ED-8EA3-B0A460E8079B
2323	9D7FB7FA-CBB2-4068-B70C-8ECAC1667B85
2324	86D5BD22-04C4-CC8E-D37B-011F2AB42F55
2325	C0B186C8-98DD-9D2E-CEFB-390CCB0F116F
2326	1540 1844 36
2327	-116 1804 20
2328	960 1014 36
2329	-216.565 774.385 24
2330	mp_robj_spawn_secondary
2331	vfx/jup/level/mp_jup_karachi/vfx_kar_ground_flat_dust
2332	44DB0D92-6502-11ED-8E95-B0A460E8079B
2333	vfx/jup/level/cp_jup_apartment/vfx_apt_dust_falling_doorway
2334	9D8CE7C9-C7F3-6619-D6F2-C156F1DB76A1
2335	-296 312 15.4228
2336	facial
2337	ws_safe
2338	B182D782-BDDB-522D-1E74-61C774462D31
2339	D25F6B59-2C40-AF70-ED11-D652D3717187
2340	0A825450-2336-2614-1C8A-483F8CA00B02
2341	43A93E4B-8A78-6EEB-59E4-6FAB418BB077
2342	58A85A62-847B-A871-4E0C-D08E7B987E5F
2343	vfx/iw9/level/tower/vfx_twr_falling_dust_ch1
2344	329412DA-9CA9-11ED-8EC7-B0A460E8079B
2345	-80 164 15.9962
2346	ik_out_start_left_hand
2347	-124.5 1711 36
2348	0 4.99882 0
2349	pff8a822ae6a0b180_auto2108
2350	vfx_estate_falling_dust_01
2351	A3F53515-59D9-E778-8A38-E17757AFA17A
2352	1684 1780 36
2353	700 972 71.371
2354	1431.64 -143.948 36
2355	1700 1272 31
2356	1759 1440 32
2357	D89247B6-5B79-11ED-8E8A-B0A460E8079B
2358	73AA3CCD-4337-1AEB-3E89-0CB562965BAC
2359	553204AA-5934-11ED-8E86-B0A460E8079B
2360	mp_tdm_spawn_axis_start
2361	scriptable_electrical_box_rusted_01
2362	van_infil_sfx_npc5
2363	CB27CD1E-6FFB-11ED-8EA3-B0A460E8079B
2364	0 91.9987 0
2365	1760 1172.57 31
2366	634A8C6E-6934-11ED-8E4F-68545AAC0192
2367	D3E9818F-6F5B-56FB-0306-1E6C82A9B3BF
2368	2F6009DB-0F81-11EE-8F3F-B0A460E8079B
2369	348 732 28
2370	-340 68 32
2371	vfx_apt_dust_falling
2372	DE80B417-A0BC-11ED-8ECA-B0A460E8079B
2373	E42D3DB7-85A9-4ED0-5B5B-BC06EB18E96C
2374	0 288.999 0
2375	342BE806-191C-7DB9-9318-F638602D6A11
2376	0043D036-9CAB-11ED-8EC7-B0A460E8079B
2377	DECA5E61-6FF3-11ED-8EA3-B0A460E8079B
2378	FCFBB251-2E21-5DA7-3594-79460254175B
2379	329412F2-9CA9-11ED-8EC7-B0A460E8079B
2380	-413.278 500.05 32
2381	C4B14ECA-948A-1FC8-6032-B8B3F7A29683
2382	0 179.998 0
2383	1624 646 40
2384	-468 -132 32
2385	905265B6-9CA9-11ED-8EC7-B0A460E8079B
2386	FEC0736F-7919-11EE-95A8-68545A904D17
2387	-424 1128 33.282
2388	van_chief_sfx
2389	DA256433-5934-11ED-8E86-B0A460E8079B
2390	472 -188 36.5
2391	DECA5E16-6FF3-11ED-8EA3-B0A460E8079B
2392	contested
2393	vfx_shdb_falling_dust_ch
2394	DECA5DE3-6FF3-11ED-8EA3-B0A460E8079B
2395	D62CA710-FE21-49CF-A25B-59FF5DDEFE82
2396	D9B86C96-7CCD-ABE8-4805-6F6FCEDBA289
2397	E69F544B-8B89-C220-5741-8FCE5774A175
2398	E50FCE6C-4A27-57E6-6877-D71075FEA35C
2399	vfx/iw9/prop/scriptables/shared/vfx_svr_sparks_electrical_sml
2400	vfx_nw_sparks_a
2401	F64F0E20-59DE-3802-7D0D-A39E2C8A71B9
2402	5E1BFF8C-A17A-4723-4B47-2B9D26F32A1D
2403	-261.82 696.002 24
2404	155A4E5C-9CA9-11ED-8EC7-B0A460E8079B
2405	CB27CC7F-6FFB-11ED-8EA3-B0A460E8079B
2406	tag_windshield_front_pristine
2407	CB27CD0F-6FFB-11ED-8EA3-B0A460E8079B
2408	1768 1156 31
2409	pfac2fae183c464b7c_auto716
2410	C1C5E9B1-909F-487F-C7A3-D551A68468A6
2411	0 319.994 0
2412	4C78F030-6FFB-11ED-8EA3-B0A460E8079B
2413	DECA5E5B-6FF3-11ED-8EA3-B0A460E8079B
2414	0 92 0
2415	1760 1428.57 31
2416	B5D2604A-D557-EA4E-5D3A-507C837454DD
2417	1338 274 36
2418	81386DD7-0F92-11EE-9584-68545AD2D871
2419	77A5DC30-D606-6E7A-8217-086E3B051AEB
2420	0F97135E-1A7E-2761-0641-3E145B0048B8
2421	4C78F090-6FFB-11ED-8EA3-B0A460E8079B
2422	408174C7-564F-CDDE-935D-8014016217CD
2423	vfx/jup/level/mp_jup_rust/vfx_rust_birds_circling
2424	F594A310-A0BC-11ED-8ECA-B0A460E8079B
2425	0 324 0
2426	1781B1E1-A3B4-B58D-034B-E9F653603E58
2427	6C0A3F2C-9CAB-11ED-8EC7-B0A460E8079B
2428	70214D2F-60CD-B6C2-76D5-74350C08D188
2429	1636 1512 31
2430	174DCEB1-1C6D-C750-B0FB-CAD0094FABA0
2431	277EB52D-FB79-DA3A-D4BE-4087F9D357FB
2432	8C680C0D-95B7-11ED-8EBF-B0A460E8079B
2433	210 924 19.2441
2434	1640 1336 32
2435	vfx/jup/level/mp_jup_rust/vfx_sparks_02_ch
2436	vfx/jup/level/mp_jup_rust/mp_rust_sandstorm_01
2437	1768 1232 36
2438	47F5FD54-2DD6-2161-6133-6453B6378C60
2439	infil_blima_2
2440	vfx_air_falling_dust_ch1
2441	pf7e07fea17975638f_1 pf7e07fea17975638f_4
2442	4D68D032-5B7A-11ED-8E8A-B0A460E8079B
2443	1348 1840 40
2444	99E8CE8E-5B7B-11ED-8E8A-B0A460E8079B
2445	4F31DB5D-69C2-5545-C4B1-254E062D721A
2446	AAFB252D-0F81-11EE-8F3F-B0A460E8079B
2447	BC396271-49BE-D605-9090-5DC2CA7CCBC3
2448	0D7A4F82-0234-95F2-7197-8924183FB648
2449	-374.671 745.583 32
2450	60 -84 24.5
2451	pfa9b8719ac35c10d0_auto2108
2452	pf954349f65f951830_auto715
2453	1 3
2454	vfx/jup/level/sp_jup_kickoff/vfx_kick_tunnels_dust_falling_01
2455	0 0 0
2456	-320 188 32
2457	1759 1336 32
2458	infil_van_fort_iw9_5
2459	jup_infil_blima_rope_fall_right
2460	1768 1120 31
2461	45C5615A-AE42-4D7C-A5E1-484ED203ACE7
2462	FCFF05BF-C0BF-7A6B-641D-49703D6B1EE4
2463	EAA503F3-9752-B041-4632-A2357F2E74B1
2464	CB27CC8B-6FFB-11ED-8EA3-B0A460E8079B
2465	b
2466	07D149D4-79B0-11EE-8F84-B0A460E769BC
2467	801 1843 32.59
2468	DECA5E13-6FF3-11ED-8EA3-B0A460E8079B
2469	0 165 0
2470	-472 -136 24.5
2471	-152 -14 32
2472	CE3368DD-D47E-C7A3-FEAE-F08ECABA57A0
2473	1096 1370 36
2474	-392 -192 30.5
2475	-16 -192 36
2476	-336 462 34
2477	A50433A6-0CBA-11EE-9584-68545AD2D871
2478	0F14F6CD-1441-4287-595E-07F6A17BC27E
2479	pf7e07fea17975638f_2 pf7e07fea17975638f_4
2480	1080 132 13.1615
2481	-344 324 17.6364
2482	85B616C7-EA74-C497-16AB-C9B96BD722F2
2483	9E569EBC-2155-155F-0D15-F38517B3D71E
2484	1508 924 34
2485	electrical_box_rusted_01
2486	-156 -12 32
2487	1502 1585 43.4396
2488	visible
2489	pf6a3ce6405f5b11b5_auto2108
2490	3880F6AA-7F3A-0A18-7FD7-13FF5CE88C11
2491	BF8ECA94-2367-7F81-7F9D-B58E6CE0DD9A
2492	FC6386D1-95BA-11ED-8EBF-B0A460E8079B
2493	jump_down_136
2494	DECA5E22-6FF3-11ED-8EA3-B0A460E8079B
2495	-166.872 588.927 24
2496	6CA2FB46-FCAC-B1E6-4A0B-2F7509E81832
2497	4C78F06F-6FFB-11ED-8EA3-B0A460E8079B
2498	0197F271-A0BB-11ED-8ECA-B0A460E8079B
2499	-172 -188 24.5
2500	4C78F09C-6FFB-11ED-8EA3-B0A460E8079B
2501	1624 1800 40
2502	62EC9F65-5C4B-8103-220E-88118B63D989
2503	5E44F946-F090-D2F5-5A69-45FBB5E4D89D
2504	DCEF9197-3BCF-527F-BB2B-27635E8925E9
2505	6FE09322-5934-11ED-8E86-B0A460E8079B
2506	0F7C54C6-9CB2-11ED-8EC7-B0A460E8079B
2507	CB27CCE5-6FFB-11ED-8EA3-B0A460E8079B
2508	pf7e07fea17975638f_auto3127
2509	vfx/iw9/level/nightwar/vfx_nw_sparks_a
2510	A30AE1D7-6FF2-11ED-8EA3-B0A460E8079B
2511	9ED7E452-132C-7758-A314-C4E6C9B9F15C
2512	van_door_sfx
2513	0 215 0
2514	D7201AFA-15BA-BACE-DA17-0B140EF30774
2515	-251.561 672.159 16.8989
2516	07375351-DC6F-17D7-34AB-C09BF0339B19
2517	CB27CD30-6FFB-11ED-8EA3-B0A460E8079B
2518	846164B6-388B-E50A-C62D-C36C1A2B1770
2519	81082FA8-0C00-7DFC-3878-336CA7488B1E
2520	07D149F8-79B0-11EE-8F84-B0A460E769BC
2521	D5CC3145-6FF2-11ED-8EA3-B0A460E8079B
2522	289B3A16-B9B3-EE4D-537B-012333514474
2523	vfx/jup/level/mp_jup_estate/vfx_estate_light_zapper_bugs
2524	47801129-3505-6429-AD3C-80C955852479
2525	FE38BDB0-1D23-2DA1-CF58-919FCEEA240A
2526	1608 1312 40
2527	1600 296 20
2528	840 480 28.1296
2529	scn_infil_van_npc5
2530	1640 1272 32
2531	634A8D4F-6934-11ED-8E4F-68545AAC0192
2532	c2
2533	D5CC3124-6FF2-11ED-8EA3-B0A460E8079B
2534	1688 1776 32
2535	AFC532D5-A0BC-11ED-8ECA-B0A460E8079B
2536	2306AA00-5B7C-11ED-8E8A-B0A460E8079B
2537	0D9169E6-9CAB-11ED-8EC7-B0A460E8079B
2538	-187.562 864.159 17.0552
2539	1 4
2540	2 5
2541	0B86988A-2C5C-7788-F556-199C77B9DCF6
2542	B0A116EF-C138-6AE4-3330-1501705C153B
2543	wheel_center_front_left
2544	8FED2E9A-A6A9-25E1-D7B6-788EB747E5FF
2545	189 -168 40.5
2546	vfx_jup_bm_falling_dust_ch_01
2547	mp_ctf_spawn_allies_start
2548	2D44DCD6-5935-11ED-8E86-B0A460E8079B
2549	D89111E6-5A65-54BF-F292-762638FB9916
2550	F2FAD5DA-5B7A-11ED-8E8A-B0A460E8079B
2551	infil_van_fort_iw9_2
2552	vfx/jup/level/mp_jup_rust/vfx_global_steaming_ground_directed
2553	1484 1839 43.4396
2554	ik_out_end_left_hand
2555	3
2556	AE4A720D-E264-2EF0-9644-3C2AE854D384
2557	4C78EFD6-6FFB-11ED-8EA3-B0A460E8079B
2558	25CDD916-536B-68D4-0ED8-0BDB43AEE24D
2559	4C78F069-6FFB-11ED-8EA3-B0A460E8079B
2560	vfx/jup/level/mp_jup_rust/vfx_rust_sand_falling_ch
2561	CB27CD57-6FFB-11ED-8EA3-B0A460E8079B
2562	1467 1787 39
2563	152C585F-5B7C-11ED-8E8A-B0A460E8079B
2564	4C78F063-6FFB-11ED-8EA3-B0A460E8079B
2565	105A31EE-5B7A-11ED-8E8A-B0A460E8079B
2566	0 262.733 0
2567	44DB0D86-6502-11ED-8E95-B0A460E8079B
2568	-282.662 61.691 16
2569	-372 400 20
2570	D2391262-BA91-1B84-3091-39F948E822C4
2571	B0F12618-220A-A322-00FA-14F9264F4490
2572	1700 1396 31
2573	8755F79A-8888-41E5-9032-B5CDDA8D53BC
2574	4C78F0DE-6FFB-11ED-8EA3-B0A460E8079B
2575	E785D214-DEDC-250C-4D5E-C778E962C9F4
2576	42FF4929-DD81-5CF6-8E9D-D62A1AEC1525
2577	4E670521-6FAF-EC8B-BBED-3E1BE7D178C1
2578	1207.52 -176.059 14
2579	7ECA7EE2-5B7A-11ED-8E8A-B0A460E8079B
2580	D89247AB-5B79-11ED-8E8A-B0A460E8079B
2581	DECA5DF2-6FF3-11ED-8EA3-B0A460E8079B
2582	A69B6A81-2E83-458F-6EE1-4D1EA851F6C9
2583	hardpoint_vis_04
2584	1 3 4 5
2585	1580 1660 40
2586	B46E7CF0-F1B7-E0AC-D097-1C44C183F8B0
2587	mp_tdm_spawn_allies_start
2588	0 3.99961 0
2589	733B59F4-5933-11ED-8E86-B0A460E8079B
2590	59AE7A6D-130E-D169-F915-5D4F9A2E61E7
2591	vfx/jup/level/cp_jup_apartment/vfx_apt_sparks_drip_ch_02
2592	CB27CD06-6FFB-11ED-8EA3-B0A460E8079B
2593	-252.887 -35.4363 16
2594	4C78F06C-6FFB-11ED-8EA3-B0A460E8079B
2595	16B3A8B3-BD5E-0255-91D6-327419EC18B8
2596	vfx_imp_cld_spark_hard_plenty_med_a
2597	vfx_shdb_wind_blowing_sand
2598	380 918 22
2599	112 -168 24.5
2600	1058 880 36.2754
2601	00923C11-2DE9-ACFF-C730-17ADF0C70C70
2602	C3C8074D-77BB-36C1-14BF-A2999E0FFFDB
2603	63BC5BBC-0CBA-11EE-9584-68545AD2D871
2604	pf148cd9c03ec3b215_auto2108
2605	vfx_resort_tumbleweed
2606	D6F03FF6-0F81-11EE-8F3F-B0A460E8079B
2607	279F2349-0F93-11EE-9584-68545AD2D871
2608	997D703B-A0BC-11ED-8ECA-B0A460E8079B
2609	D5CC311E-6FF2-11ED-8EA3-B0A460E8079B
2610	show
2611	CBBF2611-D12C-F16C-1DCC-5013B3525BF7
2612	4C78F027-6FFB-11ED-8EA3-B0A460E8079B
2613	5476E303-5B7A-11ED-8E8A-B0A460E8079B
2614	190CD814-3D63-3836-307A-1BDBB2763A02
2615	vfx/iw9/level/shadowbase/vfx_shdb_blowing_sand_flat_fast_ch
2616	0 50.9997 0
2617	DEC1FAFF-939F-3C77-20D7-6E8F5A3CADD1
2618	uk_tool_box_small_01
2619	1703 1188 40
2620	traversal_door
2621	CB27CC8E-6FFB-11ED-8EA3-B0A460E8079B
2622	CB27CCC4-6FFB-11ED-8EA3-B0A460E8079B
2623	1552 1516 43.4396
2624	634A8CC8-6934-11ED-8E4F-68545AAC0192
2625	on_nolight
2626	90B9D5E4-6934-11ED-8E4F-68545AAC0192
2627	38E63CF6-0CBA-11EE-9584-68545AD2D871
2628	0 269.994 0
2629	tag_light_front_left
2630	DECA5DA7-6FF3-11ED-8EA3-B0A460E8079B
2631	1744 1116 40
2632	-296 -192 30.5
2633	1611 1423 39
2634	-296 1220 25.4852
2635	1052 632 20
2636	42AB7821-DD6E-6728-B89F-C2DE45BAB522
2637	327BB48F-0CBA-11EE-9584-68545AD2D871
2638	6B0B79DC-486F-D412-EF5C-91824844BA4E
2639	229 1787 38.8596
2640	pf4eac0b06b32157a8_auto2108
2641	6F6ED7CC-0F91-11EE-9584-68545AD2D871
2642	730 376 18
2643	192 900 26
2644	pf533d745c00ad1709_auto2108
2645	0E2875FC-FD44-2F6A-D116-38E33E9E38B8
2646	-405.681 -96.9996 16
2647	2AA8B054-9078-E666-0124-CD20903DEB37
2648	39577CDC-4CF1-4B1B-23AE-799B924C1233
2649	pfdf0a4bacaac9bb0b_auto716
2650	F23E27E8-1F13-3395-D5D9-48FEDD2C94AF
2651	08951006-1907-9663-B434-DF1908FF22E9
2652	4247D41F-9CAB-11ED-8EC7-B0A460E8079B
2653	pf3878c38bd673a14f_auto715
2654	2267E1C6-EE3B-2D1D-5AA9-F4A92AE1346A
2655	C2391AC1-DFFF-B377-141E-5BB679853A42
2656	FEF1FCE9-61E8-1D59-EF9B-AA2C36F4A9A4
2657	370 924 16.7048
2658	pf9dfc4d6cb282b18b_auto2108
2659	F8527EBB-E05F-19A5-B4E9-BBD683B4322B
2660	pf3c85e19dab471b77_auto716
2661	-160 -188 32
2662	565E9321-D2AF-541F-BF47-E37517F1E474
2663	1238 752 36
2664	vfx/iw9/core/weapons/impacts/sparks/vfx_imp_cld_spark_hard_plenty_med_a
2665	0 210 0
2666	1751 1288 40
2667	FE16F5E0-8068-11ED-8EB3-B0A460E8079B
2668	mp_ctf_spawn
2669	vfx/jup/level/cp_jup_airstrip/vfx_air_border_intro_ground_flat_dust
2670	0 225 0
2671	87F71E89-5933-11ED-8E86-B0A460E8079B
2672	DECA5E25-6FF3-11ED-8EA3-B0A460E8079B
2673	0 44.9994 0
2674	4C78F087-6FFB-11ED-8EA3-B0A460E8079B
2675	7B7D01E0-8D92-535B-0C8E-1E13F5C6FD18
2676	pfb99cef4b4adeacc7_auto2108
2677	BCEEA5AC-9CD2-11ED-8EC7-B0A460E8079B
2678	945DAF94-269D-CB13-CA5D-828ADCB798A5
2679	124 -164 34.5
2680	B34E74C3-40B0-E502-5D2B-BE18C2275D28
2681	rock
2682	vfx_emb_pot_steaming_haze
2683	pf53e562e1a14a229_auto715
2684	4C78F00C-6FFB-11ED-8EA3-B0A460E8079B
2685	689DE29B-5B7C-11ED-8E8A-B0A460E8079B
2686	1540 1844 28.5007
2687	vfx_rust_lens_flare
2688	64EDD96F-1C51-B04C-C632-B43A13CDE7C8
2689	844 488 35.7905
2690	vfx_shdb_wind_blowing_sand_slow_ch
2691	4E3A452B-0CBA-11EE-9584-68545AD2D871
2692	48B46DFB-9CAB-11ED-8EC7-B0A460E8079B
2693	infil_van_fort_iw9_4
2694	89C8579B-A0BC-11ED-8ECA-B0A460E8079B
2695	19D271F0-AC3F-D014-B398-6F5CB8D466E0
2696	07D149DA-79B0-11EE-8F84-B0A460E769BC
2697	mp_dom_spawn_axis_start
2698	D67D6713-6762-B53C-6E7C-04554C43F006
2699	c
2700	718 688 18
2701	1506 894 20
2702	A30AE1FB-6FF2-11ED-8EA3-B0A460E8079B
2703	1E84E5DB-A0BD-11ED-8ECA-B0A460E8079B
2704	1FB72569-53B6-EBA5-8D1D-E51BDEE79D91
2705	F76608A8-8068-11ED-8EB3-B0A460E8079B
2706	0450E0A3-95E0-01EE-D34D-8D7F6DA5D298
2707	FF7B0E89-49B8-31F9-4FFF-83F40598E237
2708	-325 188 27
2709	5C6586A7-0FE8-3968-44B3-84C85EFB2EC1
2710	4C78F021-6FFB-11ED-8EA3-B0A460E8079B
2711	0 34.9995 0
2712	vfx/jup/level/mp_jup_estate/vfx_estate_generator_steam_01
2713	window_blast
2714	08664F91-75C1-CDE6-3F07-21B826D2F4EA
2715	mp_rescue_spawn_attacker
2716	810E6962-DE0B-DF2E-3145-408843756730
2717	pf7e07fea17975638f_2 pf7e07fea17975638f_5
2718	037E4508-A0BD-11ED-8ECA-B0A460E8079B
2719	430 236 21.9391
2720	4C78F081-6FFB-11ED-8EA3-B0A460E8079B
2721	1724.22 1314.82 34.25
2722	0DAD4C1F-5B7C-11ED-8E8A-B0A460E8079B
2723	197756A7-A4CA-E24D-EC1F-C75E14EF8C6B
2724	634A8CCD-6934-11ED-8E4F-68545AAC0192
2725	2 4 5
2726	E4496BE0-7BCF-5364-565B-E5606887775D
2727	vfx_jup_bm_falling_dust
2728	vfx_rust_sand_blowing_dir_ch
2729	07D149E0-79B0-11EE-8F84-B0A460E769BC
2730	-187.561 928.158 20.3156
2731	870EC74F-F50F-D07C-190C-085C5ABF69FD
2732	-392 1800 32
2733	3FF55F06-ECAC-8497-90E7-77B5FCE961F2
2734	438E1F8A-B37B-59AA-1D51-DD725E64F577
2735	A6B6327C-D6DA-4712-00FB-379F90CD7A07
2736	19208211-8A72-8A7D-4A6A-6158F08B77FE
2737	pf5af7b671ca20bd4a_auto2108
2738	pf870948c857071bc4_auto2108
2739	0 271.999 0
2740	CB27CCD9-6FFB-11ED-8EA3-B0A460E8079B
2741	vfx_wartorn_blowing_sand_med
2742	taillight_left_dead
2743	167884CA-9342-B33A-1188-5E4FE1A4B5FB
2744	1237.52 -142.059 14
2745	FFC6F98F-5096-9DC4-B0C4-87C08F700DAB
2746	1598.25 -95 37.253
2747	pfdded1445606ce863_auto715
2748	scn_infil_van_npc4
2749	400EB464-95BB-11ED-8EBF-B0A460E8079B
2750	vfx_rust_debris_blowing_dir
2751	AEC2D8CE-5B7B-11ED-8E8A-B0A460E8079B
2752	09A2A3B1-5B7B-11ED-8E8A-B0A460E8079B
2753	c1
2754	1688 1776 31
2755	376 -168 36.5
2756	1712 1472 32
2757	584 1844 43.0678
2758	F2398F67-6934-11ED-8E4F-68545AAC0192
2759	C3EC7F46-5934-11ED-8E86-B0A460E8079B
2760	DECA5E6D-6FF3-11ED-8EA3-B0A460E8079B
2761	8EAED15F-94FD-A93E-C1F7-B2ABD38F0CE1
2762	ik_in_end_left_hand
2763	AEE1AD95-2526-170B-564E-29FEB6BBAC02
2764	A08A1802-80BD-B726-03AE-6838A6AFBD8F
2765	8D18FE86-76DD-BC52-6868-8033ECC3E44F
2766	499DCB2C-AF44-D05C-AA4A-4FC65A881480
2767	C6A99E65-A0BC-11ED-8ECA-B0A460E8079B
2768	60E159F6-4428-1396-62FA-3FE2F875724E
2769	infil_van_fort_iw9_1
2770	4C78F07E-6FFB-11ED-8EA3-B0A460E8079B
2771	mirror_right
2772	BB648BDE-D25E-313E-7943-A5EE4EB574A2
2773	02263AE0-25E4-3358-4B62-9C566567DF2C
2774	213355D1-0F83-11EE-8F3F-B0A460E8079B
2775	07D149E9-79B0-11EE-8F84-B0A460E769BC
2776	vfx_shdb_amb_tunnels_steam_floor_01_b
2777	C4C3B82F-CF80-91C9-5229-B24B4F5CA0A4
2778	vfx_rust_sand_falling
2779	E54245D1-0F92-11EE-9584-68545AD2D871
2780	pf8249eaff9036b39_auto2108
2781	pf24dadc2ef033e24a_auto2108
2782	F4F7A213-4B97-54D0-AE30-429ADF964885
2783	6457D760-0EB0-EDB1-4541-ADB35342E5EA
2784	A2CE3B12-9223-3B9B-18C8-150444B2874B
2785	pfe1096f8d69bd68e4_auto9
2786	0D59E339-0F83-11EE-8F3F-B0A460E8079B
2787	DECA5E04-6FF3-11ED-8EA3-B0A460E8079B
2788	F85D873A-A9D0-FE63-2550-2BB2B3A9BC86
2789	2B1C852C-EB11-46AC-F5A5-D07A501467FE
2790	816 1850 36
2791	08FFF471-D8F4-0D9B-4B74-74001BAF24ED
2792	4C78F099-6FFB-11ED-8EA3-B0A460E8079B
2793	CB27CC82-6FFB-11ED-8EA3-B0A460E8079B
2794	5F30EB1C-9CAB-11ED-8EC7-B0A460E8079B
2795	1024 -144 16
2796	843A9D74-2CAC-67CA-0A15-EB7840FACE0B
2797	98B01BA1-8067-11ED-8EB3-B0A460E8079B
2798	braking
2799	212 -164 32
2800	-176.49 -4.65472 16
2801	79B9B562-5CB5-A8B9-C971-2F497CE65BA9
2802	E4748AC2-7FEA-3FB0-EEF6-B6A7AAB5D58F
2803	F6F0F3CE-2E21-0EB5-F072-1034AAFE6382
2804	F8E02957-9CAA-11ED-8EC7-B0A460E8079B
2805	pfe65416df12f59c31_auto2108
2806	54D9896C-5933-11ED-8E86-B0A460E8079B
2807	0DC217CD-9CA9-11ED-8EC7-B0A460E8079B
2808	D5CC312A-6FF2-11ED-8EA3-B0A460E8079B
2809	49E2BEF7-9CAA-11ED-8EC7-B0A460E8079B
2810	vfx_kick_tunnels_dust_falling
2811	09EC53E5-A0BB-11ED-8ECA-B0A460E8079B
2812	ik_out_end_right_hand
2813	164 -180 24.5
2814	1499 1707 39
2815	1D044C99-5B7C-11ED-8E8A-B0A460E8079B
2816	1496 901 30.788
2817	1452 1508 22
2818	4A22248F-26A4-0A1E-2537-B52927097F54
2819	1600 296 24
2820	4C78F072-6FFB-11ED-8EA3-B0A460E8079B
2821	634A8D31-6934-11ED-8E4F-68545AAC0192
2822	mp_arena_spawn_allies_start
2823	pf168bc5eb2f69c63a_auto2108
2824	18DFC5EA-07AE-3A18-E062-82FF3CCE9C50
2825	07D149B9-79B0-11EE-8F84-B0A460E769BC
2826	0 327.999 0
2827	-280.5 1802 15.0851
2828	default
2829	-200.001 712.566 24
2830	end
2831	582.5 864 58.219
2832	634A8CA0-6934-11ED-8E4F-68545AAC0192
2833	07D149EF-79B0-11EE-8F84-B0A460E769BC
2834	B6F09BF2-B96F-9BBB-6AFD-975192AC0718
2835	DECA5DD4-6FF3-11ED-8EA3-B0A460E8079B
2836	7C80366E-5934-11ED-8E86-B0A460E8079B
2837	882 1352 27.6858
2838	DC530A1B-5B7A-11ED-8E8A-B0A460E8079B
2839	852 678 104
2840	-340 104 19.6093
2841	1747 1487 39
2842	CB27CD33-6FFB-11ED-8EA3-B0A460E8079B
2843	-516.462 1685.74 32.3201
2844	DECA5DEC-6FF3-11ED-8EA3-B0A460E8079B
2845	F3748718-C23A-2413-D31F-804D0C770872
2846	332 722 22
2847	6C913443-A7F3-5922-808A-576A75B171CA
2848	1600 672 32
2849	C08FB2B6-0F92-11EE-9584-68545AD2D871
2850	75D996C0-56B0-A37D-2511-ADFCCE0F0492
2851	ws_raise
2852	fingers_in_end_right_hand
2853	33F11170-9586-9F2A-91D9-D7A4DC04DFE8
2854	D67AF243-5A26-212E-ED44-BF6A1FEF8C76
2855	7E6A3328-DE82-2534-7E03-F0C373CEC5B4
2856	df_blima_interior
2857	pfc5ead3ed77d86303_auto715
2858	1368 1056 32
2859	CA45E7D8-965E-11ED-8EC0-B0A460E80798
2860	634A8CD7-6934-11ED-8E4F-68545AAC0192
2861	EB67B506-705E-478C-4BE5-7E526143CA82
2862	7F0E69A6-4F17-290F-21C7-D29DBCADDDEE
2863	E560140A-B8A7-EE17-ABC8-BB7AF112CFFF
2864	-512 1796 23.9801
2865	0 14.9979 0
2866	4E361902-690B-6E89-3D5F-26FFD2F299FB
2867	vfx_air_cliff_falling_dust_lrg_01
2868	1593 1616 47.851
2869	scriptable_hardpoint_chevron_secure_01
2870	4737EB3A-5D62-713D-31D7-CA2BD5F198DA
2871	634A8C96-6934-11ED-8E4F-68545AAC0192
2872	no_process
2873	-8608 7360 0
2874	0 186 0
2875	0 47.9999 0
2876	F3C4FAAB-5624-7561-4C21-A2006BE2136E
2877	2F6009D8-0F81-11EE-8F3F-B0A460E8079B
2878	1140 879 29.6336
2879	B11FCC7C-9DC8-4F3E-EFF4-873FB37CE543
2880	0 258 0
2881	vfx_ks_emp_sparks_lrg
2882	831ADE23-A0B9-11ED-8ECA-B0A460E8079B
2883	1764 1396 31
2884	1335 1528 15.5514
2885	05CCE0A4-2825-5560-8B0D-98D2455872C0
2886	pf1840f137b08d3e13_auto2108
2887	2490780A-9CAA-11ED-8EC7-B0A460E8079B
2888	72017FB5-0D0D-3F00-2FB4-625CBA1E8393
2889	208 -168 32
2890	DECA5E6A-6FF3-11ED-8EA3-B0A460E8079B
2891	FD5AF954-93A0-06CE-0A09-1D3088BA17DE
2892	1389 1833 43.4396
2893	C6CCC3FC-0D1D-7055-A7D5-48C55D17C2DB
2894	df_stop
2895	4C78F04E-6FFB-11ED-8EA3-B0A460E8079B
2896	0 300 0
2897	A30AE201-6FF2-11ED-8EA3-B0A460E8079B
2898	4324C8BA-BC5A-6E25-F7FC-C91824DF9BA4
2899	68D24543-ED90-E29B-E36F-551FFABDF2C0
2900	3AE2CFD3-9CAA-11ED-8EC7-B0A460E8079B
2901	41965AA2-9CAA-11ED-8EC7-B0A460E8079B
2902	5FC5FBC2-5B5E-267C-6DCB-EE437C5B6F56
2903	pf4828c46f2c8b084_auto2108
2904	0B2DF23A-9F96-A5CD-EE0C-9BD309636A22
2905	1600 672 29.7485
2906	vfx/iw9/level/shadowbase/vfx_shdb_tower_sparks_chd_1
2907	362B1EF1-DDB5-4260-C555-4B70A4115353
2908	vfx/jup/level/cp_jup_resort/vfx_resort_tumbleweed
2909	782529BD-E652-A386-3398-605C746368FD
2910	B25189D4-4C8A-0E0B-D548-59D0EE8279E8
2911	9C41C125-5C20-6398-585C-F14E2C450841
2912	0 180.999 0
2913	vfx_shdb_tower_sparks_chd_2
2914	4C78F057-6FFB-11ED-8EA3-B0A460E8079B
2915	vfx_apt_sparks_drip_ch_02
2916	053D0D83-777A-F6A0-3868-AC892DD0E54D
2917	scriptable_lighting_fixtures_security_lamp_withcage_01
2918	CB27CCB8-6FFB-11ED-8EA3-B0A460E8079B
2919	0728190F-95BC-11ED-8EBF-B0A460E8079B
2920	472 -164 38
2921	F431E17B-2776-099F-54B3-56F1181912FC
2922	-284 1484 28.2635
2923	72E02188-0CBA-11EE-9584-68545AD2D871
2924	EEF66923-FAD4-03EF-5FC4-E68302D42513
2925	electronics_fire_alarm_bell_01
2926	1616 160 36
2927	0 317.221 0
2928	2791E8A5-3DF0-B553-15AB-A2ABCA1FD084
2929	1748 1536 36
2930	1132 528 23.5
2931	07D149DD-79B0-11EE-8F84-B0A460E769BC
2932	wheel_center_back_right
2933	1DC88C88-6C4A-11AE-346E-13BA0014A174
2934	34B16E7C-77B1-31F1-994C-78B41BF060E3
2935	1539 -90 40
2936	DECA5DB3-6FF3-11ED-8EA3-B0A460E8079B
2937	1760 1540 31
2938	171.5 1501.5 44.8345
2939	828C8B6D-F713-89E4-232D-FB506FB64987
2940	vfx/jup/level/mp_jup_rust/vfx_rust_sand_blowing_dir_ch
2941	321055AB-5FEE-74E4-7712-E113416C5394
2942	373A0215-72F6-4E4F-DFA2-61030704C058
2943	355 -172 31
2944	1416 816 32
2945	204 550 22
2946	3520C196-8257-07E1-B765-C21C2C7B032B
2947	EF3128FD-4DC4-6193-4BCE-61B2158D0514
2948	B4FDF50C-D4A5-2F5B-7698-38941CE91F75
2949	C83CC880-5933-11ED-8E86-B0A460E8079B
2950	1076 888 29.7992
2951	vfx/iw9/level/_global/vfx_global_falling_dust
2952	pf3878c38bd673a14f_auto716
2953	F9E7B1A1-A0BA-11ED-8ECA-B0A460E8079B
2954	E362F194-F438-BF89-6E32-E82D803767C7
2955	634A8D18-6934-11ED-8E4F-68545AAC0192
2956	FBF44A1B-A0BC-11ED-8ECA-B0A460E8079B
2957	vfx_global_blowing_sand_ledge
2958	586 1849.5 44.1315
2959	0 242 0
2960	EDB043A8-0F80-11EE-8F3F-B0A460E8079B
2961	0 336.761 0
2962	pf3c85e19dab471b77_auto715
2963	vfx/jup/level/sp_jup_kickoff/vfx_kick_tunnels_dust_falling
2964	jup_infil_shared_movement_pre
2965	1A130169-69A5-82FA-57D5-CB6983C5A6CF
2966	8E9FDF60-2DBD-2EBF-4F6D-CC7BC1A42841
2967	vfx/iw9/level/shadowbase/vfx_shdb_wind_blowing_sand_med_ch
2968	1442 1398 22
2969	08C4B5E7-E197-9F88-7B97-26F10162A28E
2970	AB8F6697-E12C-F9EE-E1F1-DFB4555DC5F7
2971	1600 296 19.9807
2972	4C78EFD3-6FFB-11ED-8EA3-B0A460E8079B
2973	0 235 0
2974	D1E70F08-C770-DA98-D053-F6ABE34D9DC9
2975	jump_down_40
2976	jump_down_80
2977	319096DF-B0F2-6AD1-451E-4E6897DDA618
2978	08950584-2436-7573-11B0-07D2DE42318F
2979	4C78F048-6FFB-11ED-8EA3-B0A460E8079B
2980	EE53E70D-B20B-5AC2-69B8-D5166E0C0B93
2981	4C78F066-6FFB-11ED-8EA3-B0A460E8079B
2982	66.6645 -96.5579 32
2983	5AB95E9A-1590-4ECD-E82E-6750379CA8D3
2984	72358D24-9CAB-11ED-8EC7-B0A460E8079B
2985	828 1850 32.0368
2986	-392 1364 33.2867
2987	vfx_shdb_tower_sparks_rnr_1
2988	vfx/jup/level/mp_jup_rust/vfx_steam_vent
2989	-174 -184 26.5
2990	vfx/jup/level/mp_jup_rust/vfx_rust_sand_falling_from_cliffs
2991	430 692 14.1488
2992	1102 -152 20.4825
2993	DB424F92-20F2-2811-6EA2-25D7EE1006DB
2994	DCCA6D93-E43C-FB2B-1006-292F57A5FAA6
2995	C700515F-F0D8-6447-9C6A-0826AAB88BA4
2996	34199613-9CB2-11ED-8EC7-B0A460E8079B
2997	440 1844 58.5878
2998	playerasm_patch_mp_infil_van
2999	440 940 36
3000	4C78EFDC-6FFB-11ED-8EA3-B0A460E8079B
3001	E543CDCA-2794-CA9C-7A88-D0261B5101A7
3002	headlights_dead
3003	CB27CD54-6FFB-11ED-8EA3-B0A460E8079B
3004	922E402C-99BA-7EA9-EA60-73DA8F4ADFA5
3005	CB27CCA9-6FFB-11ED-8EA3-B0A460E8079B
3006	1048 1844 40
3007	0 103.378 0
3008	588 1848 44
3009	56661547-FC8B-6EF5-8A6A-47F8E9E251F1
3010	D02ACC84-9BF4-B600-0125-56A18200857C
3011	D49C607B-0A83-2611-02EF-B7429C2E7BB5
3012	1465.84 -205.61 39.658
3013	99B44182-4D9B-F003-A889-8300D6A2FA62
3014	DBD94E16-E828-1887-181B-F5350E568DE8
3015	0 318.598 0
3016	BF51567D-3326-F3C4-049E-22734B4A8BA4
3017	79 52 27
3018	0 89.9978 0
3019	3E85D81C-445B-52AF-BCEC-F5ADA1A59C61
3020	pf63052a69193e97d3_auto2108
3021	DECA5DCB-6FF3-11ED-8EA3-B0A460E8079B
3022	22548389-0F84-11EE-8F3F-B0A460E8079B
3023	1090 902 36
3024	DECA5DE6-6FF3-11ED-8EA3-B0A460E8079B
3025	-104 248 18.1529
3026	1014.06 -186.48 40.8857
3027	41FFCAD8-D8AB-B30B-CB0B-B84100E1FBE8
3028	07591CF8-360E-1627-A5B3-2BE63A6DADFF
3029	0 105 0
3030	6F3ACB96-0F92-11EE-9584-68545AD2D871
3031	7820C022-8562-18E7-02D4-BFFD2E5DD491
3032	pf622a66c1c6de3d78_auto2108
3033	E54F2DB6-FB09-3964-10C6-49A39B6C258E
3034	-432 600 20
3035	66CBF59A-2634-6AE2-9837-98B434B524A2
3036	shake_off
3037	87F23803-00E8-AE02-9CBA-F8E24670069D
3038	CB27CCAC-6FFB-11ED-8EA3-B0A460E8079B
3039	1588 726 48.0843
3040	1117DC33-A0BD-11ED-8ECA-B0A460E8079B
3041	pfdf0a4bacaac9bb0b_auto715
3042	4C78F03C-6FFB-11ED-8EA3-B0A460E8079B
3043	55DD0B86-75C0-04CA-FDC2-3973372F165D
3044	1406 450 21.5026
3045	pf4c4d7d53eb8b74c2_auto2108
3046	light_smoke
3047	49C1F8F3-18B8-EC7B-B5EE-6CB051F9EA69
3048	28767A3C-F7C1-79F4-ECC4-A70895594551
3049	1358 1534 26
3050	CB27CCC1-6FFB-11ED-8EA3-B0A460E8079B
3051	0 139.999 0
3052	4B241A5E-9CB2-11ED-8EC7-B0A460E8079B
3053	DECA5E64-6FF3-11ED-8EA3-B0A460E8079B
3054	438 1842 66.646
3055	6ED9ED78-5B7A-11ED-8E8A-B0A460E8079B
3056	vfx/jup/level/mp_jup_rust/vfx_rust_oil_drips
3057	1450 1294 22
3058	1047 1844 29.4895
3059	B36C2ACB-EE37-1125-686F-3A0DD554D5B4
3060	358.801 270.162 0.3273
3061	DA517077-F3B2-B6B1-6B57-65AFC0FA3D61
3062	1760 1440 36
3063	74F5F65E-5B7A-11ED-8E8A-B0A460E8079B
3064	0 44.9997 0
3065	vfx_shdb_wind_blowing_sand_fast_ch
3066	49799FAC-7A82-9157-E9FD-8DF8D6519706
3067	9183CC23-A0BC-11ED-8ECA-B0A460E8079B
3068	4C78F05A-6FFB-11ED-8EA3-B0A460E8079B
3069	964F22E2-9CA9-11ED-8EC7-B0A460E8079B
3070	4C78F039-6FFB-11ED-8EA3-B0A460E8079B
3071	1728 1296 40
3072	-296 -152 40.5
3073	chevron_0
3074	DECA5DD1-6FF3-11ED-8EA3-B0A460E8079B
3075	vfx/iw9/level/_global/vfx_global_falling_dust_ch_01
3076	C686F367-965F-11ED-8EC0-B0A460E80798
3077	89F5974F-8067-11ED-8EB3-B0A460E8079B
3078	CB27CCF4-6FFB-11ED-8EA3-B0A460E8079B
3079	BF9770A5-77C0-A545-2CD0-4C4F0CECD99F
3080	209D48A4-7395-A150-868D-B5E7B791E361
3081	1026 -148 16.5698
3082	634A8D45-6934-11ED-8E4F-68545AAC0192
3083	E09C8C52-3861-9679-1FDC-C5639F3108A3
3084	DA256425-5934-11ED-8E86-B0A460E8079B
3085	1F7EF104-95BB-11ED-8EBF-B0A460E8079B
3086	1394 -180 27.3652
3087	1743 1488 31
3088	1743 1488 40
3089	1B3E6BA3-B9AE-9AA6-C4C8-F35582F62DD6
3090	634A8C64-6934-11ED-8E4F-68545AAC0192
3091	2D774FAE-98CC-52E1-E1DF-B9F75DFAF8EC
3092	0 209.999 0
3093	mp_control_spawn_defender_start
3094	DECA5E73-6FF3-11ED-8EA3-B0A460E8079B
3095	060C241D-178A-1D52-FB98-28607EF1A1D7
3096	-248 -60 19.6093
3097	0 87.999 0
3098	ADCD06F8-A845-00B8-8DC5-D62CDB6C1847
3099	1D044CA5-5B7C-11ED-8E8A-B0A460E8079B
3100	3A8C459A-B9A1-31BA-E1A8-6FF09B6BCBB7
3101	pf481191b6d48b1cdc_auto2108
3102	0DC217E2-9CA9-11ED-8EC7-B0A460E8079B
3103	pf74dc2c2aacfd0d27_auto2108
3104	4C78EFF7-6FFB-11ED-8EA3-B0A460E8079B
3105	F1E62786-AA91-403F-3942-6DA677139471
3106	-16 -192 24.5
3107	4C78F060-6FFB-11ED-8EA3-B0A460E8079B
3108	allies
3109	634A8D09-6934-11ED-8E4F-68545AAC0192
3110	B2CC245E-1737-4410-C6FC-7072A96CE634
3111	E393B6F0-5B7A-11ED-8E8A-B0A460E8079B
3112	-251.561 800.159 20.5652
3113	vfx/iw9/level/shadowbase/vfx_shdb_wind_blowing_sand_fast_ch
3114	veh9_civ_lnd_suv_2020
3115	52 1808 24
3116	mp_rugby_spawn_axis_start
3117	9F87F705-3736-42A1-B315-B1836F183A94
3118	0 3.99933 0
3119	592 1354 27.3436
3120	1368 816 32
3121	mp_koth_spawn_allies_start
3122	584 -184 38
3123	584 -184 36
3124	F3DD1206-A0BA-11ED-8ECA-B0A460E8079B
3125	B6530085-D9C4-69ED-E49E-081D92DA519B
3126	BCEEA5B7-9CD2-11ED-8EC7-B0A460E8079B
3127	-392 -188 32
3128	07D6B08D-8026-B572-5400-A5C5B2A731FD
3129	572 -176 38
3130	lighting_fixtures_security_lamp_withcage_01
3131	65E312B5-9CAB-11ED-8EC7-B0A460E8079B
3132	-424 728 21.6788
3133	0 90.9996 0
3134	2A87FF04-5B7C-11ED-8E8A-B0A460E8079B
3135	vfx_wartorn_blowing_sand_med_directed
3136	37B81995-000C-B0A8-49D5-B660788D4B21
3137	0DAD4C2D-5B7C-11ED-8E8A-B0A460E8079B
3138	vfx/iw9/level/shadowbase/vfx_shdb_tower_sparks_chd_2
3139	73A162AF-42E9-F59D-4635-C8FDA297D6F3
3140	AF13CC9E-6934-11ED-8E4F-68545AAC0192
3141	584 822 61
3142	187DA19B-A0BD-11ED-8ECA-B0A460E8079B
3143	0 4.99954 0
