   1	0 104.877 0
   2	scriptable_veh9_civ_lnd_secho
   3	2D12C595-C4BF-11ED-8EFA-B0A460E8079B
   4	0 54.9959 0
   5	451.996 2072 92.5114
   6	green::veh9_civ_lnd_walfa
   7	645DC06C-C4C9-11ED-8EFA-B0A460E8079B
   8	5E16EF24-C4C2-11ED-8EFA-B0A460E8079B
   9	893BEC3E-85E4-E581-0A13-B1370B84DF68
  10	pf6525c54f2658390d_auto716
  11	2689.5 -1889 194.332
  12	2284 604 -37.8538
  13	95495207-C806-11ED-8EFC-B0A460E8079B
  14	2398D005-D411-F382-1D2E-8C27D07344F7
  15	uk_misc_fuel_jug_01
  16	me_kitchen_coffee_plate_01
  17	768C64C4-ED94-5F89-D376-D0F8B2FE6A20
  18	6657F7E5-6D46-11EE-9592-68545AD2D871
  19	360 -2224 96.8611
  20	2DB3E7B8-728C-15E8-BC87-64583656BED5
  21	-1308 244 20
  22	-872.646 -1720.93 28.1261
  23	A12A248F-C4C3-11ED-8EFA-B0A460E8079B
  24	EE742EC9-06CC-11EE-8F34-B0A460E8079B
  25	257F3383-A8A5-0F1E-B207-7C10C6FD4E7D
  26	18CD0CB0-C4CA-11ED-8EFA-B0A460E8079B
  27	pfc0ca8852b6e32dfb_auto2108
  28	25304A15-6D44-11EE-9592-68545AD2D871
  29	41243B8A-B2B2-3458-FA05-AF342D1BDED0
  30	3CF560A2-C8C5-11ED-8EFD-B0A460E8079B
  31	1304.83 -2522.07 201.936
  32	8619FDD7-6D46-11EE-9592-68545AD2D871
  33	1312.54 -2883.69 192.105
  34	0F4BE396-3676-B729-54F7-B4345807E819
  35	618 -1680 47.7099
  36	tag_window_back_left
  37	684.001 2504 67.7575
  38	1E26B53D-6D45-11EE-9592-68545AD2D871
  39	scriptable_flower_shop_planter_05
  40	5A369173-6D46-11EE-9592-68545AD2D871
  41	CA1DA7D7-C4C2-11ED-8EFA-B0A460E8079B
  42	B825977E-C806-11ED-8EFC-B0A460E8079B
  43	CCE846EC-DA03-11ED-8F10-B0A460E8079B
  44	1614 -3125 187.823
  45	vfx_rund_fire_smoldering_04
  46	371966B2-C4C8-11ED-8EFA-B0A460E8079B
  47	72926E23-E95D-631F-5361-A3F2D33D4FE4
  48	3CF560AB-C8C5-11ED-8EFD-B0A460E8079B
  49	A2B50D7A-06D0-11EE-8F34-B0A460E8079B
  50	pf15dfdcf26b2cf603_auto17776777827403803442
  51	pf6f7f4ade6b925528_auto2108
  52	5F439375-F0C6-11ED-8F23-B0A460E8079B
  53	palfa_infil_intro_19
  54	palfa_infil_intro_2
  55	ik_out_start_right_hand
  56	09E5BAEB-06CD-11EE-8F34-B0A460E8079B
  57	0C958687-B44D-B482-0E03-769BA488273F
  58	-157.5 2686 126.838
  59	8A296232-9ECB-0B68-80AE-2C32D6EFC100
  60	tag_wheel_center_back_right_flat
  61	5B4160DB-F8B1-64C6-3B99-830056C5F0D2
  62	vfx/jup/level/mp_jup_rundown/vfx_rund_blowing_sand_directed
  63	5F439384-F0C6-11ED-8F23-B0A460E8079B
  64	18CD0CBF-C4CA-11ED-8EFA-B0A460E8079B
  65	FCCF3D3A-A830-92FE-70A3-4B4872433541
  66	0254C845-06CD-11EE-8F34-B0A460E8079B
  67	vfx/jup/level/mp_jup_rundown/vfx_rund_water_fountain
  68	tag_origin
  69	food_cans_bottles_and_jars_jar_03_group
  70	A31B923B-62CC-DE0A-0A48-1A0375442F77
  71	1566.36 -2841.13 191.212
  72	5F4AC92E-52E0-11EE-8F84-B0A460E8079B
  73	invisible
  74	C8ACB37B-C4C9-11ED-8EFA-B0A460E8079B
  75	3141.5 -2653.5 196.887
  76	scriptable_electrical_conduit_set_electrical_box_medium
  77	D6121E3D-7E70-EEC3-BA8F-58104FBAFA58
  78	4647A617-06CC-11EE-8F34-B0A460E8079B
  79	03C9E14D-C4CA-11ED-8EFA-B0A460E8079B
  80	A95796F3-06C9-11EE-8F34-B0A460E8079B
  81	B65D02C4-94C5-7E1C-A840-35FADBB02998
  82	247.5 -1419.5 44
  83	1326.54 -2905.69 191.81
  84	E22EC6EE-983E-4533-002C-22D57DF5BD77
  85	455.996 2098 92.5114
  86	vfx_rund_clothesline_05
  87	F209F3E7-C4C8-11ED-8EFA-B0A460E8079B
  88	6F452908-EDD5-68D5-4A4C-70209EEA8CE7
  89	pf9fc1a615ba7af80c_auto715
  90	C31D7B37-6D1B-11EE-9592-68545AD2D871
  91	DAB2B5F3-C4C3-11ED-8EFA-B0A460E8079B
  92	C913CD66-2064-EA3A-C409-FF9166FCFA75
  93	78F6483A-C4C3-11ED-8EFA-B0A460E8079B
  94	83B0EC3F-52E1-11EE-8F84-B0A460E8079B
  95	0 129.988 0
  96	-972 1188 15.985
  97	0 159.998 0
  98	pf2cfce97295c753b_auto716
  99	18CD0CB6-C4CA-11ED-8EFA-B0A460E8079B
 100	0C2617B4-67F5-C95E-2095-2737CA9C4FAF
 101	16CE1E7A-06CB-11EE-8F34-B0A460E8079B
 102	E81E2FB2-F0C5-11ED-8F23-B0A460E8079B
 103	0 315.989 0
 104	1413F134-EBB4-4185-5021-C6D845BAEF49
 105	vfx/jup/level/mp_jup_rundown/vfx_rund_sand_blowing_from_cliffs
 106	CB23145B-A654-9C4D-E1B1-0D67F0B4BD05
 107	mp_dd_spawn_attacker_start
 108	5A7989ED-BA20-C010-0050-6EB93CE3211C
 109	73FDD649-1A61-32D3-59A7-DDE8BDC8E4C9
 110	scriptable_ee_food_fruit_watermelon_01_lm
 111	2ABFB876-06D0-11EE-8F34-B0A460E8079B
 112	scriptable_uk_newspaper_stack_01
 113	97079398-6663-41CE-9B4E-3C2DAAB64216
 114	548754DF-0484-11EE-8F31-B0A460E8079B
 115	headlights_on
 116	scriptable_base_book_stack_01a
 117	mp_dd_spawn_defender_b
 118	food_trash_soda_01
 119	14E045AF-B71E-C58E-7CC6-0BF7D3DC6D7B
 120	AF12FF49-6D44-11EE-9592-68545AD2D871
 121	716A8C8D-038B-2182-022B-6C03DECFC48B
 122	EEDFD542-C4C3-11ED-8EFA-B0A460E8079B
 123	80E4758A-6D45-11EE-9592-68545AD2D871
 124	vfx/jup/level/mp_jup_rundown/vfx_rund_air_distort
 125	mp_control_spawn_attacker
 126	vfx/jup/level/mp_jup_rundown/vfx_rund_window_godrays_01
 127	anim_explosion
 128	headlight_right_on
 129	pfcfb2478cb53738a6_auto715
 130	110.5 -906.5 11.2076
 131	6C62B7B3-6D46-11EE-9592-68545AD2D871
 132	palfa_infil_intro_11
 133	C8ACB396-C4C9-11ED-8EFA-B0A460E8079B
 134	EE3A2823-F0C5-11ED-8F23-B0A460E8079B
 135	DDF8E549-06C8-11EE-8F34-B0A460E8079B
 136	1495.44 -2794.18 190.943
 137	0 111.369 0
 138	591B6F9F-F0C6-11ED-8F23-B0A460E8079B
 139	77B44CA5-C4C9-11ED-8EFA-B0A460E8079B
 140	vfx_rund_water_stream_sml_02
 141	flower_vase_porcelain_02_b
 142	0005EE5B-6A17-E924-B8D5-801DE02D1558
 143	57D2ED3F-0FCD-FD9E-6557-CEA88530A19E
 144	456 -2844 174.344
 145	0 341.991 0
 146	0 63.7315 0
 147	5A9C5477-9E76-4486-46BF-BAB177E23D83
 148	0 78.7977 0
 149	pfaafb3e73cc5b3c07_auto715
 150	mp_dd_spawn_attacker_b
 151	taillight_right_off
 152	89BC2877-52E1-11EE-8F84-B0A460E8079B
 153	ee_food_bag_potatoes_02
 154	0 351.989 0
 155	0 239.962 0
 156	F4388592-780F-11EE-8F82-B0A460E769BC
 157	pf81590d0d58067afb_auto715
 158	93EBD783-0063-2BF3-6719-3A95E03DAD26
 159	jup_infil_blima_rope_kick_right
 160	2358A8E8-06CC-11EE-8F34-B0A460E8079B
 161	64691661-2C83-AA25-7323-BD75AB80F0F5
 162	tag_windshield_front_web
 163	mp_dom_spawn_secondary
 164	D16A6794-27F5-C7D6-2CFA-0E8D8990F4DB
 165	0 263.516 0
 166	5F43937E-F0C6-11ED-8F23-B0A460E8079B
 167	infil_blima_4
 168	6657F803-6D46-11EE-9592-68545AD2D871
 169	1432 2256 58.3741
 170	936 -1180 19.7957
 171	191C3F54-4264-8AE6-FB3E-5DBA9508E5B3
 172	371966BB-C4C8-11ED-8EFA-B0A460E8079B
 173	579.997 2074 99.406
 174	3C57D8AD-C4C1-11ED-8EFA-B0A460E8079B
 175	591B6F87-F0C6-11ED-8F23-B0A460E8079B
 176	tag_light_back_left
 177	C68C5985-3F94-8F8E-204D-6E2842464921
 178	438.5 -3230 191.195
 179	1F9AE948-C4C9-11ED-8EFA-B0A460E8079B
 180	456 2012 93.0138
 181	1347.23 -2749.49 187.394
 182	F060D163-61ED-E5DD-F44F-F5244F3746B1
 183	C4A70FE1-CC43-88E5-7331-BADB28AD2F1E
 184	E20001BB-F0C5-11ED-8F23-B0A460E8079B
 185	91C0D958-60F7-4C4D-13DB-C8BDDC42F902
 186	pf6525c54f2658390d_auto715
 187	635.996 2084 98.8883
 188	F8AD7628-1478-E37F-06FF-494D746B1736
 189	2229.5 -617 41.9454
 190	B339BCAE-F0C8-00A2-E16A-A56D24AE5956
 191	492 2384 82.2998
 192	7355801B-475D-07DD-F7AB-465F0DC68831
 193	EE3A2808-F0C5-11ED-8F23-B0A460E8079B
 194	-1052.5 1849 120.382
 195	vfx/jup/level/mp_jup_rundown/vfx_rund_leaves_falling_date_palm_sml_01
 196	304E37A4-E877-9BB7-A75D-AD3F54D54BB7
 197	2185.37 1478.74 -108.878
 198	vfx_rund_chimney_smoke
 199	closed
 200	5E5DA2AC-C4C9-11ED-8EFA-B0A460E8079B
 201	decor_blacksmith_tool_hammer_s_01
 202	65479500-52E0-11EE-8F84-B0A460E8079B
 203	light_front_right_2
 204	1355.23 -2757.49 186.719
 205	11AC67C2-7B23-97EE-4183-C6F8260C6D68
 206	1D9C822A-424E-8C22-9C1A-CA7D6378C9E0
 207	80080852-671F-B705-F3A4-417E3D16F06D
 208	2D12C59B-C4BF-11ED-8EFA-B0A460E8079B
 209	6657F808-6D46-11EE-9592-68545AD2D871
 210	A0776862-8F58-58D8-F2C2-B3F1EA6A6991
 211	12D4574F-6D1D-11EE-9592-68545AD2D871
 212	5F4AC93A-52E0-11EE-8F84-B0A460E8079B
 213	7C9338AF-D7A6-7CFC-F705-AE66D6CCD9EC
 214	569C5013-7DEA-483F-2570-7ACFFCB1D72F
 215	1536 -1580 163.244
 216	decor_wood_fruit_box_01
 217	pfefeb8e926541059c_auto2108
 218	AE8B2F34-B5B6-9DA1-B0F0-9BEA4DFED9CA
 219	95748499-C8CC-11ED-8EFD-B0A460E8079B
 220	A1600650-DA02-11ED-8F10-B0A460E8079B
 221	7C312CDF-06CE-11EE-8F34-B0A460E8079B
 222	584.002 2016 104.78
 223	mp_dm_spawn_start
 224	0 104.999 0
 225	0 104.997 0
 226	palfa_infil_intro_5
 227	456 2160 91.0297
 228	655E6271-F0C6-11ED-8F23-B0A460E8079B
 229	1368.59 -2516.49 201.146
 230	5809816C-D55B-F4CB-0665-7A5806308763
 231	rp_trash_bottle_wisky_01
 232	816052A7-FCC9-F489-8470-33D5CE7CDF24
 233	1F9AE94E-C4C9-11ED-8EFA-B0A460E8079B
 234	ee_food_bread_basket_03_convoy
 235	86D59585-7000-D13B-E7EB-27F547FBB520
 236	515.998 2072.01 97.8908
 237	CCE846F5-DA03-11ED-8F10-B0A460E8079B
 238	45 -660 15.9322
 239	455.996 2080 92.5114
 240	mp_dom_spawn_allies_start
 241	veh9_civ_lnd_sedan_hatchback_1985
 242	scriptable_uk_furniture_wood_standing_coat_rack_01_gray
 243	1409.05 -2724.93 190.218
 244	mp_arena_spawn_axis_start
 245	1355.23 -2773.49 186.719
 246	cp_disco_glass_beer_bottle_fn_01_japanese
 247	2414.5 -1142 147.997
 248	idle
 249	0 229.678 0
 250	pf9a4214448ae94416_auto2108
 251	0EF320DA-507D-FA30-4ED7-C702D4ED1C7A
 252	DC04FCAD-1B5F-203E-17C0-A8E48F7AAAE1
 253	emb_desk_fan_01
 254	splash_listener
 255	FBF97782-DAC9-DEA3-BE0C-45ACDB889605
 256	AE419D88-0CCE-CD40-78D7-6A2A533269AA
 257	infil_blima_3
 258	flower_shop_planter_05_with_plant
 259	6BFDD0D9-0221-4D77-A6B5-2C47B5C0E449
 260	1486.87 -2720.36 190.595
 261	848F0834-B640-0324-00ED-B563A0752642
 262	3B5A48A3-709A-C9B3-ED3C-10605DDDB8EE
 263	18D5A346-0178-CE0E-A7AA-195F22F3D535
 264	F6B9E0A7-C5C9-E62E-511D-86701D32B07E
 265	12D017F5-6D1C-11EE-9592-68545AD2D871
 266	243.5 -3230 178.166
 267	0 104.96 0
 268	E776063D-FBC5-71F5-4476-78F22D22E30A
 269	decor_painting_floral_03
 270	A9DA632F-C807-11ED-8EFC-B0A460E8079B
 271	-934.5 453.5 17.8408
 272	front_left
 273	1486 1192 19.6913
 274	0 123.623 0
 275	0 64.9967 0
 276	pfaa6f096606f0ab1c_auto2108
 277	6C6D8620-DB44-E7FF-3A79-FC167A94F35A
 278	03C9E135-C4CA-11ED-8EFA-B0A460E8079B
 279	636.001 2148 92.7583
 280	CBDAB612-89B9-061A-A4AA-7483602CB2CC
 281	7D67F94A-52E1-11EE-8F84-B0A460E8079B
 282	scriptable_food_cereal_box_01
 283	0 265.992 0
 284	E49D950E-FB2C-7883-2CA2-698587459D79
 285	AEAEC9D1-35ED-317E-516E-22CBED466A3B
 286	uk_newspaper_stack_01
 287	tag_wheel_center_front_right_flat
 288	pf657049ace920eb4_auto2108
 289	A8CAB6B9-C803-11ED-8EFC-B0A460E8079B
 290	5F439351-F0C6-11ED-8F23-B0A460E8079B
 291	CCE846E3-DA03-11ED-8F10-B0A460E8079B
 292	655E6241-F0C6-11ED-8F23-B0A460E8079B
 293	1F9AE92D-C4C9-11ED-8EFA-B0A460E8079B
 294	0827A33E-1143-9369-3C89-10674ABE4951
 295	5
 296	556.002 2376 76.7272
 297	12D0C59A-C4CA-11ED-8EFA-B0A460E8079B
 298	EEDFD54B-C4C3-11ED-8EFA-B0A460E8079B
 299	6044789C-6D46-11EE-9592-68545AD2D871
 300	1279.41 -2760.05 188.74
 301	95D43E85-DB09-CD8B-B313-DA594E18AD85
 302	0 338.816 0
 303	2219.25 -1737.5 188.029
 304	E3D1B6FA-06C9-11EE-8F34-B0A460E8079B
 305	2D12C492-C4BF-11ED-8EFA-B0A460E8079B
 306	7D67F93B-52E1-11EE-8F84-B0A460E8079B
 307	74161737-43D0-94A1-F9F6-94C8060A1561
 308	428BB444-8ADA-CC08-C20A-0F28C303E18F
 309	0 269.989 0
 310	BC4ED13F-345D-CA0A-7E53-195222131297
 311	5F439366-F0C6-11ED-8F23-B0A460E8079B
 312	656 1738 118.788
 313	0 224.997 0
 314	B6AD9CC4-06C9-11EE-8F34-B0A460E8079B
 315	36911B79-C4C2-11ED-8EFA-B0A460E8079B
 316	1F9AE933-C4C9-11ED-8EFA-B0A460E8079B
 317	0613AC66-1F13-A189-E955-09DC59122D3E
 318	EEDFD548-C4C3-11ED-8EFA-B0A460E8079B
 319	food_vegetable_cabbage_single_01
 320	41.5 2064.75 162.734
 321	165487D1-6F0A-03D8-299B-953EE0A8C14C
 322	0 71.991 0
 323	door_back_right
 324	86FD6C98-06C9-11EE-8F34-B0A460E8079B
 325	38AB8280-D19F-2E8E-9A76-397DF99FD649
 326	-735.5 -1097.5 18.2455
 327	65479509-52E0-11EE-8F84-B0A460E8079B
 328	2D12C5A1-C4BF-11ED-8EFA-B0A460E8079B
 329	0 174.997 0
 330	B52B4CE7-78CD-6B0D-1FDA-EA8F393E66ED
 331	74C8A4DA-CD73-E19E-1467-4F22B97C870D
 332	pf667e3f3a334d332e_auto715
 333	E9C7B347-6FC9-5FB0-2124-7B009E668914
 334	648.002 2031.99 104.592
 335	6F882165-06D0-11EE-8F34-B0A460E8079B
 336	1AC3CC09-06CD-11EE-8F34-B0A460E8079B
 337	0 169.999 0
 338	pfb03df0f8d0eb2303_auto2108
 339	pf69c34cb9e85a47af_auto2108
 340	-760 -1076 12.9998
 341	3C57D89B-C4C1-11ED-8EFA-B0A460E8079B
 342	108CC1FE-DCE0-5276-A371-BC132AF35FCC
 343	CA1DA7DA-C4C2-11ED-8EFA-B0A460E8079B
 344	-1746.82 573.556 15.4074
 345	pfb0dbb8d2e2b490ab_auto716
 346	94526837-8005-C091-C9C5-304B0A39B102
 347	434 1538 146.516
 348	4258B0F8-06CB-11EE-8F34-B0A460E8079B
 349	584.002 2162 93.5675
 350	6D27AF72-3E3F-3145-0653-45117A44835E
 351	1328 -2208 203.508
 352	456 2032 93.0138
 353	-1899.08 -997.714 26.446
 354	A8912FBD-B240-18BB-D94A-15F988C11495
 355	B2CD87E4-0ED3-200A-786B-F207EC8514C3
 356	light_front_left
 357	EED3E038-6D43-11EE-9592-68545AD2D871
 358	vfx/jup/level/mp_jup_rundown/vfx_rund_cold_air
 359	BB4A2BBA-7D67-9D81-9D37-C2E5C497A58A
 360	0DFCFDC9-8B02-F121-70A5-EB1818642F12
 361	12C1AE74-4965-DA1B-ADB2-06957C49A285
 362	2387 -2312.5 220
 363	electrical_box_old_rusty
 364	scriptable_decor_jar_glass_round_juice_01
 365	back_right
 366	pf33d952f64aaa2c6f_auto716
 367	1489.44 -2768.18 191.039
 368	655E6253-F0C6-11ED-8F23-B0A460E8079B
 369	A4DBC55A-9286-B56C-F6EF-B89DF7755761
 370	D320EE8B-79BB-0350-B1D7-2038F359F75A
 371	C8ACB399-C4C9-11ED-8EFA-B0A460E8079B
 372	pf81e63ccf1aa95af5_auto716
 373	BE3AB57F-06C9-11EE-8F34-B0A460E8079B
 374	06E73CC1-FBB1-AE53-F89A-BC4C72370066
 375	520 2162 93.5001
 376	-1600 -1228 11
 377	vfx_rund_water_fountain_02
 378	pfd0646bd38f767e12_auto715
 379	12772D2F-3986-A943-9E50-D641CAD5BB23
 380	D88F7CD9-ECEC-4F0A-5848-30778A85132F
 381	AC72CDAB-1158-777B-18B9-221DF5713A25
 382	vfx/jup/level/mp_jup_rundown/vfx_rund_bulb_yellow_lensflare
 383	D314B694-D478-B92C-23D6-615C9C647DB3
 384	palfa_infil_exit_16
 385	palfa_infil_exit_18
 386	-788.5 -2238.5 39.2349
 387	6A47C383-37DA-9507-0F77-DA6E3C2328F2
 388	1657 -2826.5 210.077
 389	pf15dfdcf26b2cf603_auto14207714687726294929
 390	-1597.75 737 22
 391	83B0EC33-52E1-11EE-8F84-B0A460E8079B
 392	vfx_animals_rat_noreturn
 393	1808 2004 -75.4895
 394	vfx_rund_trash_swirl_med
 395	BBC4B024-28B0-A76F-B55C-1E64BBDEB649
 396	837A0591-8B41-79CA-BBCC-D7263F9BDBEE
 397	10A4A1E5-AB13-FFBF-DC79-FD18560BBDF6
 398	paris_potted_plant_small
 399	2FB5FF6B-E16D-DE4F-E9DE-FFDB334FCD77
 400	1363.8 -2803.31 188.156
 401	0 127.424 0
 402	5F4AC931-52E0-11EE-8F84-B0A460E8079B
 403	2358A8D4-06CC-11EE-8F34-B0A460E8079B
 404	0 254.962 0
 405	1999.5 -3485 216.438
 406	AC70DE5C-8F40-98E9-47A6-4F1EB91FDAA3
 407	vfx_rund_window_godrays_02
 408	uk_fire_extinguisher_small_01a
 409	68D1005D-F4A7-42EB-72F7-EA31C3B9355E
 410	AB61043C-F92E-28F3-AF09-0E8A3489EB84
 411	scriptable_me_boardgame_backgammon_01
 412	E20001AC-F0C5-11ED-8F23-B0A460E8079B
 413	655E625C-F0C6-11ED-8F23-B0A460E8079B
 414	pfc89240adcd3e061f_auto2108
 415	0 173.782 0
 416	-1380 96 20
 417	7D139AD0-06CA-11EE-8F34-B0A460E8079B
 418	hood
 419	0 26.0987 0
 420	20C78B26-780F-11EE-8F82-B0A460E769BC
 421	A8CAB6C7-C803-11ED-8EFC-B0A460E8079B
 422	78F64843-C4C3-11ED-8EFA-B0A460E8079B
 423	0B448EE2-7A3D-11EE-8F86-B0A460E769BC
 424	2FD347D7-655A-1BF3-CEAF-9F9FEA077CC1
 425	188750E5-1C51-5828-E922-AD540C5F12B9
 426	384 1142 74.3207
 427	fingers_out_start_left_hand
 428	18CD0CB9-C4CA-11ED-8EFA-B0A460E8079B
 429	6ABDB240-99C3-FA9A-57CF-886F4B3930C5
 430	door_front_right_dmg
 431	686.75 3081.5 63.5973
 432	58 -2734 110.178
 433	6D2AAFB6-00B7-B24E-2C74-4D86E7FF2851
 434	E81E2FD9-F0C5-11ED-8F23-B0A460E8079B
 435	vfx_rund_haze_indoor_02
 436	0316FC12-06CB-11EE-8F34-B0A460E8079B
 437	DE14EF3D-3E98-36A5-B24F-53411E1C9392
 438	2498.81 -3135.1 198.963
 439	B14112A1-BDCE-5528-A267-ED7D0C72849F
 440	0 69.9983 0
 441	456 2016 93.0138
 442	0 134.163 0
 443	0 279.99 0
 444	4683E9C4-77FA-11EE-8F82-B0A460E769BC
 445	pfc122ac358c9892d8_auto2108
 446	371966C4-C4C8-11ED-8EFA-B0A460E8079B
 447	0 85.9983 0
 448	2136 -1232 147.706
 449	93136422-78EE-D721-B86C-9CCC34F71D87
 450	E3BCEE66-9401-8C11-483D-C111894CED82
 451	0 119.997 0
 452	C7506A27-DA02-11ED-8F10-B0A460E8079B
 453	F1C484AF-C803-11ED-8EFC-B0A460E8079B
 454	scripted_anim
 455	pfe9970194b1164429_auto2108
 456	axis_endzone_vis
 457	5AB3DFFC-5C06-00C1-4BA2-F49FB366F1EE
 458	03C9E147-C4CA-11ED-8EFA-B0A460E8079B
 459	996 3324 69.2775
 460	644.002 2009.99 104.592
 461	9568A31D-04CB-C639-2320-CC245A9FC49C
 462	0 339.962 0
 463	EBA68EFF-B4FE-0C10-C5A4-126B6B6D8D66
 464	vfx_rund_water_puddle_ripples_02_ch
 465	1540.18 -2744.56 193.245
 466	5FDF92C0-06CC-11EE-8F34-B0A460E8079B
 467	301E196C-06CD-11EE-8F34-B0A460E8079B
 468	-734.5 -2234.5 49.1911
 469	vfx_rund_fire_smoldering_05
 470	94CB883A-42E6-0832-FFF0-1D70AE26FB5E
 471	CCE846DA-DA03-11ED-8F10-B0A460E8079B
 472	-1000 2018 129.904
 473	71EF60C1-235F-7A0A-34DE-95E1C583DBDC
 474	548754D9-0484-11EE-8F31-B0A460E8079B
 475	pfc6d37626ac29fa8d_auto715
 476	AudioOneShot
 477	palfa_infil_intro_18
 478	3563ACB1-DAED-9DF7-C4E6-0EAA4E1170B5
 479	vfx_jup_animals_seagull
 480	vfx_rund_mist_mountain_cloud
 481	palfa_infil_intro_3
 482	DBDF3346-F0C5-11ED-8F23-B0A460E8079B
 483	scriptable_food_trash_can_soda_01
 484	pfd8d4e2ed7cbb830f_auto2108
 485	16D0420C-79AF-11EE-8F84-B0A460E769BC
 486	C0832526-6558-207C-3F33-6EA952EA8149
 487	9180617C-C4C0-11ED-8EFA-B0A460E8079B
 488	16D0421B-79AF-11EE-8F84-B0A460E769BC
 489	scriptable_me_food_drug_khat_bag_01
 490	pffa93f35b83406742_auto2108
 491	EEDACAC2-8547-74AE-DB5F-B2EBF6ACE1D9
 492	A4EEDC63-5636-F815-E137-0CE371342263
 493	F4E74EAC-06CC-11EE-8F34-B0A460E8079B
 494	scriptable_ee_food_fruit_watermelon_02
 495	584.002 2032 104.78
 496	1F9AE930-C4C9-11ED-8EFA-B0A460E8079B
 497	600 -3293 188.025
 498	E5377CD5-F313-BD0F-74D2-0424B3D10757
 499	CA1DA7CE-C4C2-11ED-8EFA-B0A460E8079B
 500	322.75 -1298.75 18.9222
 501	18CD0CC2-C4CA-11ED-8EFA-B0A460E8079B
 502	68029A4C-1E83-0A82-D74D-488E0CD3BD41
 503	EE919DE0-BB9D-09E4-02D3-2AFC54787207
 504	863AD2D3-C8CC-11ED-8EFD-B0A460E8079B
 505	071DF005-06D0-11EE-8F34-B0A460E8079B
 506	CCE846D1-DA03-11ED-8F10-B0A460E8079B
 507	-199 1231.5 37.5058
 508	309E0484-06CC-11EE-8F34-B0A460E8079B
 509	headlight_right_dead
 510	mp_dd_spawn_defender
 511	F0FA72EF-19D3-6232-E5A3-A283FBB39B3B
 512	2179.5 -3408.5 200.438
 513	76652B36-D47E-F798-2A41-14F6C1CF5EC2
 514	vfx_rund_clothesline_04
 515	0 299.998 0
 516	D48C9D37-C4C9-11ED-8EFA-B0A460E8079B
 517	655E6262-F0C6-11ED-8F23-B0A460E8079B
 518	5421BB5E-5076-3637-291C-7E72DC0F2349
 519	tag_window_back_right_corner
 520	6C62B786-6D46-11EE-9592-68545AD2D871
 521	0 249.999 0
 522	647.996 2076 98.8883
 523	pf8de2096c661a9610_auto715
 524	647.996 2096 98.8883
 525	
 526	9B970B78-C8CC-11ED-8EFD-B0A460E8079B
 527	2612 -2120 193.072
 528	655E6265-F0C6-11ED-8F23-B0A460E8079B
 529	44B80563-72B2-9E62-B8EC-25B4026105C6
 530	78F6482B-C4C3-11ED-8EFA-B0A460E8079B
 531	DAB2B602-C4C3-11ED-8EFA-B0A460E8079B
 532	scriptable_cnd_martini_glass_01
 533	scriptable_equipment_propane_burner_stove_01_white
 534	vfx_rund_fan_motes
 535	604478A1-6D46-11EE-9592-68545AD2D871
 536	79B38DCC-6D1A-11EE-9592-68545AD2D871
 537	CC0EC716-C807-11ED-8EFC-B0A460E8079B
 538	36911B7C-C4C2-11ED-8EFA-B0A460E8079B
 539	2952 -2344 189.922
 540	-631 -2581 102.378
 541	516 -1440 184
 542	7D67F965-52E1-11EE-8F84-B0A460E8079B
 543	pf969c820a1e26a06a_auto2108
 544	pfe3aba597320dd19d_auto2108
 545	scriptable_foliage_garden_tomato_pile_01
 546	mp_dm_spawn
 547	uk_bottle_oil_med_01b
 548	121C5C74-BE63-EE51-3562-0455FEE3F9E4
 549	35963A2F-6126-5DE3-3ECC-D4074A3C1E42
 550	vfx/jup/level/mp_jup_rundown/vfx_rund_clothesline_05
 551	D480EBFA-4A70-43F2-B57A-77A18F800E2B
 552	C0F6CB3D-5B0B-545B-E8FA-23B19A571F3C
 553	windshield_front
 554	palfa_infil_exit_13
 555	C5C43E84-79DA-F849-5185-5EAF0606CE24
 556	F1320A2C-EEB1-38FD-3052-60CAF7A5FD1C
 557	2037.34 -2365.35 211.746
 558	0 14.9966 0
 559	decor_yellow_drug_brick_01
 560	1074 -2018 175.66
 561	20C78B34-780F-11EE-8F82-B0A460E769BC
 562	1441.62 -2798.75 190.031
 563	vfx_rund_trash_swirl_dir
 564	492 2504 74.8556
 565	2D12C59E-C4BF-11ED-8EFA-B0A460E8079B
 566	door_back_left_dmg
 567	583.997 2080 99.406
 568	61D6A379-DBCE-3ED0-BDCD-E86D5E6E89BB
 569	2052 -2012 201.412
 570	6B67B4A0-F0C6-11ED-8F23-B0A460E8079B
 571	AF6AEC40-9670-D42D-21B6-FB3BFCCC4170
 572	1097 1429.5 83.1906
 573	11657AE1-57B2-0B42-4DDC-EA0B701FA15B
 574	1472.87 -2706.36 190.595
 575	FA9A4526-A7CA-BA6D-FF5C-43D373128CA7
 576	1171.21 -2810.71 186.744
 577	p7_box_cardboard_c_open02
 578	0 187.995 0
 579	91806170-C4C0-11ED-8EFA-B0A460E8079B
 580	10E1A29C-7DF8-A2AF-0C36-D06B35C656F8
 581	5E5DA2B5-C4C9-11ED-8EFA-B0A460E8079B
 582	CA1DA7B9-C4C2-11ED-8EFA-B0A460E8079B
 583	D59C97A8-FF0F-A40F-030C-8CE057B2AC0D
 584	pfc0bc48b80ba8b036_auto715
 585	-982.5 1196.5 17.5739
 586	6657F7EA-6D46-11EE-9592-68545AD2D871
 587	840 552 67.3348
 588	298722ED-9807-6D61-8801-0AFABD31AB72
 589	75784ABD-0F53-F8DD-6098-1A196FF6161B
 590	950AA939-C8CD-11ED-8EFD-B0A460E8079B
 591	13D35881-29FF-CF0A-4618-A40372576980
 592	589.5 -1709.5 49.2507
 593	A22094EB-1BF0-6DF7-4450-B19667ADA12A
 594	2781.56 -1424.77 161.729
 595	mp_rescue_spawn_defender
 596	pf4fa44dbe2c83d1be_auto2108
 597	E81E2FD6-F0C5-11ED-8F23-B0A460E8079B
 598	1303.98 -2809.87 190.93
 599	371966C7-C4C8-11ED-8EFA-B0A460E8079B
 600	B98E1F2C-2900-7BA8-5E61-6D481053529F
 601	9180616A-C4C0-11ED-8EFA-B0A460E8079B
 602	8DDE6EE4-06C8-11EE-8F34-B0A460E8079B
 603	vfx_rund_ks_emp_sparks_lrg
 604	8C53978F-6D46-11EE-9592-68545AD2D871
 605	0 74.9986 0
 606	6657F7DB-6D46-11EE-9592-68545AD2D871
 607	pfc2350f2323a7fbe4_auto716
 608	604478B5-6D46-11EE-9592-68545AD2D871
 609	0 327.989 0
 610	655E6259-F0C6-11ED-8F23-B0A460E8079B
 611	268EB902-1D40-A615-0D8B-876053E6330B
 612	580.002 2136 93.5675
 613	vfx/jup/level/mp_jup_rundown/vfx_rund_dust_outdoor_01
 614	7FF1457C-2C8D-4211-EA6C-EB82B3DBE69C
 615	1628 2911 76.5343
 616	19D00438-C4C8-11ED-8EFA-B0A460E8079B
 617	grill
 618	scriptable_mx_decor_hanging_ceramic_pot_wall
 619	8E8253D5-6413-CC8D-11A0-95505FD18459
 620	0 309.989 0
 621	scriptable_decor_fly_paper
 622	0AEBFE85-F74C-30E4-61BD-5211D10E2BA9
 623	C8ACB384-C4C9-11ED-8EFA-B0A460E8079B
 624	right_50
 625	right_90
 626	08D9BE1D-C77F-9B01-D836-F157740AE159
 627	pf3ebcf34bbfc67748_auto715
 628	1425.62 -2794.75 189.584
 629	2
 630	equipment_duffle_bag_01
 631	vfx_rund_dust_outdoor_01
 632	F8AD7962-EF7D-8A34-8EF5-33F5BE8CB776
 633	680.001 2514 72.0365
 634	0D1FA5D5-0285-7EEF-DDD7-A7EE1EAA60E2
 635	0 253.989 0
 636	508 2148 93.5001
 637	51AE3940-67C4-FD10-772A-D212BC202ED1
 638	pf6a9c54aa62996ca1_auto715
 639	headlight_left_on
 640	704 1962 108.532
 641	electrical_conduit_set_electrical_box_04
 642	scriptable_uk_bottle_oil_med_01_blue
 643	636.002 2019.99 104.592
 644	FB6DE621-82BF-7FE0-1D73-59AEB0FFC321
 645	palfa_infil_exit_5
 646	21AFC3A4-8A24-8C84-2632-406ACB782733
 647	58347EA7-4231-7E43-680E-95079E9A9112
 648	F364EECF-EBD2-D21A-2F03-08490903224A
 649	decor_candle_wax_01_no_dish_short_01
 650	hardware_plywood_osb_bare_01_64
 651	2001.5 -3511 200.438
 652	1355.23 -2765.49 186.93
 653	76C59308-06D0-11EE-8F34-B0A460E8079B
 654	0 173.384 0
 655	89BC287D-52E1-11EE-8F84-B0A460E8079B
 656	pf3dda94e9a6266847_auto2108
 657	mp_dom_spawn
 658	decor_wall_macrame_04
 659	-1882.69 391.659 23.6313
 660	1732A6B8-6FA4-8540-B4F2-94BA7571C731
 661	9180616D-C4C0-11ED-8EFA-B0A460E8079B
 662	me_decor_window_curtain_01_half_broken
 663	2808 -856 100.317
 664	hardpoint_vis_05
 665	pf15dfdcf26b2cf603_auto8287658245348554472
 666	725B7A14-F175-CDBD-C112-B87708FFF9D3
 667	DA900DF2-3791-88F9-52C3-4796D9C8E719
 668	519.998 2098.01 97.8908
 669	0B448ED3-7A3D-11EE-8F86-B0A460E769BC
 670	00DFC181-7208-976D-5664-633FCB30B122
 671	vfx/jup/level/mp_jup_rundown/vfx_rund_flat_water_ground_sm_02
 672	0 188.412 0
 673	45636236-EADE-06DE-F6D7-4EF004DB0D29
 674	B21B5BCA-5BFD-3D11-626E-A3E8E15ACF7F
 675	5F4AC940-52E0-11EE-8F84-B0A460E8079B
 676	vfx_rund_haze_static
 677	1658 3246 86.0867
 678	D48C9D2B-C4C9-11ED-8EFA-B0A460E8079B
 679	0 295.989 0
 680	1411.05 -2714.93 190.218
 681	ee_grass_dried_flower_01_med_wall
 682	648.001 2144 92.7583
 683	1445 1185.5 34.2878
 684	84C45A64-DC9A-BA89-1BA8-0217F52130A8
 685	car_alarm
 686	1204 -3260 189.463
 687	pf15dfdcf26b2cf603_auto10202138388694890517
 688	food_trash_bottle_water2_sixpack
 689	scriptable_decor_candle_wax_01
 690	02D24AA9-BC58-D6C7-068A-689C418445F6
 691	tag_wheel_center_front_left_flat
 692	BFA8A56C-F7E7-BEE2-2AFA-6FDD7F5345A8
 693	0 214.999 0
 694	EACF1250-421F-A5CC-860E-DB60F93C80AE
 695	E4A3336F-DA02-11ED-8F10-B0A460E8079B
 696	CF7043D4-A80C-0321-2E0E-0B36C6F11588
 697	FB8DF8AB-06CC-11EE-8F34-B0A460E8079B
 698	B0E6A4D1-1717-8528-72AB-E7464B3B2EC1
 699	0 54.353 0
 700	2900 -2856 196.887
 701	89BC285F-52E1-11EE-8F84-B0A460E8079B
 702	B9421462-11E6-45BC-CF30-EADCF66C175B
 703	5A369150-6D46-11EE-9592-68545AD2D871
 704	1548.18 -2724.56 195.696
 705	8262B28A-E86D-CAE3-C812-443B7557AA7B
 706	2124.5 -1292.75 148.129
 707	pfd4dfcea106b6583a_auto715
 708	5F439369-F0C6-11ED-8F23-B0A460E8079B
 709	ee_grass_dried_flower_01_med_shelf
 710	2404 -3224 198.635
 711	decor_drug_brick_01
 712	36911B61-C4C2-11ED-8EFA-B0A460E8079B
 713	visibility
 714	vfx_rund_bulb_yellow_lensflare
 715	6C62B7A9-6D46-11EE-9592-68545AD2D871
 716	29668EBD-9841-A3C3-F8FF-9092480E5DE9
 717	548754DC-0484-11EE-8F31-B0A460E8079B
 718	-856 -1518 10.1857
 719	scriptable_flower_shop_planter_05_with_plant
 720	1988 80 -0.302275
 721	base_book_group_01a
 722	36558959-0BE7-C713-087D-4F8BE9694AE8
 723	1895F322-626A-D41D-E29A-6FFB4764F1ED
 724	2A1B6AA1-5CA5-55A3-70EF-2E07323CA65B
 725	0 269.999 0
 726	8D557233-2F4C-7D05-E076-F40018564E03
 727	80005B1A-7918-DBB8-35E5-8F24D847BE6B
 728	door
 729	19D00429-C4C8-11ED-8EFA-B0A460E8079B
 730	5E16EF1B-C4C2-11ED-8EFA-B0A460E8079B
 731	6C62B7CC-6D46-11EE-9592-68545AD2D871
 732	scriptable_uk_fire_extinguisher_small_01a
 733	F209F408-C4C8-11ED-8EFA-B0A460E8079B
 734	scriptable_decor_blacksmith_tool_hammer_s_01
 735	DAB2B60E-C4C3-11ED-8EFA-B0A460E8079B
 736	0 145.424 0
 737	palfa_infil_exit_1
 738	618.25 332 14.6465
 739	pf55aaf14c08a465da_auto715
 740	scriptable_uk_plastic_container_filled_01
 741	1688 3292 78.8521
 742	scriptable_tool_rake_shovel_01
 743	1403.05 -2726.93 190.218
 744	pff3e86445042a570f_auto716
 745	0 313.991 0
 746	jup_infil_palfa_player_grab
 747	tag_mirror_left
 748	77B44CA8-C4C9-11ED-8EFA-B0A460E8079B
 749	5A369178-6D46-11EE-9592-68545AD2D871
 750	vfx/jup/level/mp_jup_rundown/vfx_rund_fire_smoldering_03
 751	80A92BF5-E5BF-273F-C3BD-F35961223E29
 752	E9789036-A3C3-987B-F2CD-3BFE332A79B1
 753	0BD39A8A-36C9-3808-5E3A-D45CBCF31C02
 754	C8ACB38D-C4C9-11ED-8EFA-B0A460E8079B
 755	4B8D927D-CBF9-9EA6-BC90-C874EAD77641
 756	46E6D387-C4C0-11ED-8EFA-B0A460E8079B
 757	F14D3467-06D0-11EE-8F34-B0A460E8079B
 758	jup_infil_palfa_crew_clap
 759	520 2160 93.5001
 760	225E797B-0296-9AD9-8AAF-C610760612D1
 761	3C57D8A7-C4C1-11ED-8EFA-B0A460E8079B
 762	0 54.9604 0
 763	9E79A904-0586-CCA7-B477-DA9E6788B6AB
 764	pf16d701f67249f036_auto716
 765	jup_infil_blima_player_slide
 766	tag_wheel_center_back_left_flat
 767	scriptable_decor_potted_plant_dead_06_b_air
 768	1534.18 -2702.56 196.304
 769	A12A2489-C4C3-11ED-8EFA-B0A460E8079B
 770	814CFA2E-06C8-11EE-8F34-B0A460E8079B
 771	F14C85B4-FE83-6D36-5237-A031B8F0DCA0
 772	5F4AC92B-52E0-11EE-8F84-B0A460E8079B
 773	3C1D8644-1FE7-2321-88CE-15B14791B774
 774	food_trash_can_soda_01
 775	F03191D9-C807-11ED-8EFC-B0A460E8079B
 776	pf2d6b34cff7855636_auto716
 777	7E0F14F3-AC1A-2AF0-F1B3-F9044856506F
 778	6F503556-2810-F233-4D89-82B21838F945
 779	playerasm_patch_mp_infil_blima
 780	376 2129 122.856
 781	1F9AE936-C4C9-11ED-8EFA-B0A460E8079B
 782	5BDE3EAC-BB33-653D-E532-1DBCE852C462
 783	accessory_accessory_scale_lab
 784	7A4AD071-19B7-843C-D83F-5C1DA42D4395
 785	1309.98 -2835.87 190.93
 786	scriptable_dinnerware_basket_01
 787	D7E9ACE5-3F0B-4EB5-3DEA-20C8D8E5A890
 788	5F2008E1-D029-E4FC-2B8C-98BEED224B77
 789	playerasm
 790	9B9909AF-06D0-11EE-8F34-B0A460E8079B
 791	vfx_animals_rat
 792	591B6F9C-F0C6-11ED-8F23-B0A460E8079B
 793	hazards_only
 794	pristine
 795	19D0041D-C4C8-11ED-8EFA-B0A460E8079B
 796	67AFD6AC-32F5-D804-CFBD-2F0CA63D3654
 797	704 2090 98.4362
 798	16D04221-79AF-11EE-8F84-B0A460E769BC
 799	df_palfa_interior
 800	scriptable_food_cereal_box_02
 801	4C398391-DEFE-BE3D-6B7E-9CA1A1CC8B95
 802	0 328.238 0
 803	-1818.69 437.659 23.6313
 804	D48C9D22-C4C9-11ED-8EFA-B0A460E8079B
 805	E215752D-C803-11ED-8EFC-B0A460E8079B
 806	F6755AD2-A75E-68C4-D91B-5389413CA790
 807	57.5 2728.75 106.399
 808	A12A249B-C4C3-11ED-8EFA-B0A460E8079B
 809	1982.5 -2166.25 201.412
 810	A7388AC4-4342-8D7C-BCC6-090D20CE039A
 811	0 121.998 0
 812	1504 -2832 191.313
 813	right_30
 814	C8AB1DD5-2303-FF52-0597-016EC5A9A58D
 815	0 183.426 0
 816	1E56B4C7-7495-D11B-E9DB-9D543AAE9805
 817	vfx/jup/level/mp_jup_rundown/vfx_rund_mosquitos_over_water
 818	158.5 -730 7.64447
 819	pf3bd99f4880b0a9d3_auto716
 820	1876 -2478 204
 821	C3EB5C10-C9E3-06EC-7466-40FE73E59EF8
 822	dead
 823	591B6F84-F0C6-11ED-8F23-B0A460E8079B
 824	A0553A2C-0EDB-1B11-D9D4-D6DCADA84D57
 825	C836D35F-42E7-EBDA-D6AD-D73CD9163CF0
 826	C005FDE3-5588-F1C4-6B14-0F21CD75B0AF
 827	5D022E3A-E622-BB7A-931B-26993630AEE7
 828	BB48BA4C-6D9E-630D-BAA7-6D077D262884
 829	scriptable_ee_fence_wood_plank_post_01
 830	pf15dfdcf26b2cf603_auto3161687024632124610
 831	7FA878D0-E7F4-39A6-31DC-B98C5733DBF3
 832	palfa_infil_exit_9
 833	16D04212-79AF-11EE-8F84-B0A460E769BC
 834	4C7D4774-E33C-2561-ED12-B74F4FC9A040
 835	0 170.785 0
 836	1121.5 -1433.5 53.3808
 837	2944 -2816 196.887
 838	8599193A-7166-BC07-C1C8-F4F2DB575900
 839	vfx/jup/level/mp_jup_rundown/vfx_rund_mist_mountain_cloud
 840	scriptable_ee_food_bread_basket_03_convoy
 841	88D5A2F0-B8B7-B37B-26BB-F47ABBB90D51
 842	767.998 2026.01 104.552
 843	1293.41 -2782.05 188.2
 844	2404495D-77FA-11EE-8F82-B0A460E769BC
 845	E5866622-877E-52A8-2324-4C096C996AD8
 846	-1444 -384 10.8184
 847	fingers_in_start_right_hand
 848	EED189F4-1CEE-21D5-47FB-FF27A8E9C806
 849	1566.36 -2845.13 191.323
 850	1552 -3168 236.89
 851	hardpoint_vis_01
 852	048E101C-3C2E-1033-E36F-BB67142DE8E8
 853	640072AA-CF88-6295-46D3-0E90C930C4F3
 854	2732 -1728 188.235
 855	41E60296-D92E-B2FC-B298-8D7032309BAF
 856	B0D30FD1-60C2-1FF9-B750-C7E0867FD80A
 857	EF936AAA-8EDE-0887-CB80-28F90FD4C1CB
 858	1512 -2856 191.194
 859	65BD12C8-06D0-11EE-8F34-B0A460E8079B
 860	18538297-780F-E8E3-FC00-A6DF63F28BDB
 861	1997FED4-195C-645A-3166-E32B6658827C
 862	closed_owned
 863	-589 -2649 102.378
 864	scriptable_toy_stuffed_animal_bear_01
 865	tag_light_front_right
 866	8462E95D-06CE-11EE-8F34-B0A460E8079B
 867	36911B67-C4C2-11ED-8EFA-B0A460E8079B
 868	pfb3e4566fd12c7b8c_auto2108
 869	-814 2246 146.414
 870	655E623E-F0C6-11ED-8F23-B0A460E8079B
 871	decor_plastic_buckets_01_small_white
 872	vfx_rund_pipe_steam_pressure
 873	0 164.975 0
 874	pfb0dbb8d2e2b490ab_auto715
 875	vfx/jup/level/mp_jup_rundown/vfx_rund_trash_swirl_med
 876	scriptable_electrical_conduit_set_electrical_box_big
 877	0C218180-A333-5493-AEAF-D085B1242C10
 878	8E725B20-8DAF-1B7A-A5FB-D7CE6662FFAD
 879	scriptable_decor_drug_brick_pile_03
 880	D65AEEFB-DA02-11ED-8F10-B0A460E8079B
 881	0934D4E6-5C08-FE17-D3C8-2BADF9DE7160
 882	591B6F78-F0C6-11ED-8F23-B0A460E8079B
 883	6C62B7C2-6D46-11EE-9592-68545AD2D871
 884	AB867683-780F-11EE-8F82-B0A460E769BC
 885	C7995839-EE41-DCF9-E64A-DF5E75B62900
 886	02B09593-ED45-6205-C63F-5D10E020F780
 887	1417.05 -2740.93 190.218
 888	83B0EC1B-52E1-11EE-8F84-B0A460E8079B
 889	flareup
 890	0 333.989 0
 891	vfx/jup/level/mp_jup_rundown/vfx_rund_fan_motes
 892	6DB1ABFB-0644-4C4C-AEE7-5414BF427871
 893	ee_electronics_pos_cash
 894	1540.18 -2736.56 194.684
 895	0 84.2557 0
 896	A91ABA96-730C-6D16-9487-990ADBB6401C
 897	1177.32 -2533.22 188.678
 898	headlight_right_off
 899	AE9EC622-0C79-9ED3-9396-4493F9BC3EB3
 900	5F439360-F0C6-11ED-8F23-B0A460E8079B
 901	scriptable_ee_food_fruit_pineapple_01
 902	591B6F96-F0C6-11ED-8F23-B0A460E8079B
 903	0 39.9974 0
 904	onfire
 905	0 175 0
 906	0 269.998 0
 907	scriptable_ee_food_bag_potatoes_02
 908	89BC286B-52E1-11EE-8F84-B0A460E8079B
 909	-8128 8320 80
 910	pf8ed6dc96f1f8ce31_auto2108
 911	655E624A-F0C6-11ED-8F23-B0A460E8079B
 912	vfx/jup/level/mp_jup_rundown/vfx_rund_ks_emp_sparks_lrg
 913	A12A249E-C4C3-11ED-8EFA-B0A460E8079B
 914	vfx_rund_water_puddle_01
 915	scriptable_me_decor_leather_bag_01
 916	9180617F-C4C0-11ED-8EFA-B0A460E8079B
 917	0 89.9595 0
 918	0 247.992 0
 919	255A25DB-38FA-988A-809B-DB87A4DA7B60
 920	mp_cyber_spawn_axis
 921	palfa_infil_exit_8
 922	D3F0E240-B447-08E1-5B5E-8FE8625E7D12
 923	740 2120 102.215
 924	658958B7-401F-ED58-3354-3901D6D94BD3
 925	0 285.99 0
 926	B48BFA40-47B9-858A-4A78-DC16F0951D67
 927	548754D6-0484-11EE-8F31-B0A460E8079B
 928	scriptable_veh9_civ_lnd_pickup_midsize_2001
 929	ee_can_paint_closed_03
 930	64A63F84-E6CC-B1F5-FF72-B07CDC149327
 931	65479518-52E0-11EE-8F84-B0A460E8079B
 932	DEEA15F4-C8CD-11ED-8EFD-B0A460E8079B
 933	ee_clock_wall_mounted
 934	vfx/iw8_mp/level/king/vfx_king_fluorescent_lf
 935	83B0EC30-52E1-11EE-8F84-B0A460E8079B
 936	pf6e4e804da82ea540_auto715
 937	7CD73D43-24AD-C7B5-5544-F39C8228B7E1
 938	0 175.992 0
 939	16D04206-79AF-11EE-8F84-B0A460E769BC
 940	A12A24A1-C4C3-11ED-8EFA-B0A460E8079B
 941	1478.87 -2732.36 190.954
 942	scriptable_food_vegetable_cabbage_single_01
 943	19D0042F-C4C8-11ED-8EFA-B0A460E8079B
 944	0 99.9965 0
 945	0 229.989 0
 946	healthy
 947	electrical_flicker_subtle
 948	fingers_out_end_left_hand
 949	496F6ED7-06CB-11EE-8F34-B0A460E8079B
 950	443.996 2084 92.5114
 951	-890.698 -1703.51 10.3178
 952	0B448ED0-7A3D-11EE-8F86-B0A460E769BC
 953	7387A3A4-A5F5-0A8F-9FF5-86C8FED95B30
 954	E8C2E51B-8A6A-C431-A5E4-71EE22399DA6
 955	-1093.75 1571.75 119.563
 956	6547950C-52E0-11EE-8F84-B0A460E8079B
 957	092E15DD-6077-F122-D6CD-5BEB6B9F6DF2
 958	light_back_right
 959	pfd7601fac44d391dc_auto2108
 960	vfx/jup/level/mp_jup_rundown/vfx_rund_blowing_dust_ground
 961	0 62.6835 0
 962	5A36917D-6D46-11EE-9592-68545AD2D871
 963	1846 516 9.63865
 964	0657B2BC-145F-7219-0C40-3EC991C2F3D5
 965	0 29.9992 0
 966	55BC9283-8804-652A-D95A-F818C2AD2FC8
 967	8C53977B-6D46-11EE-9592-68545AD2D871
 968	pf73a3e4419ad56a49_auto2108
 969	648.001 2160 92.7583
 970	tag_light_front_left_2
 971	FA5AAA37-AF3C-5364-BFEE-7B8D097E3047
 972	2744 -2028 188.52
 973	5F4AC928-52E0-11EE-8F84-B0A460E8079B
 974	scriptable_medical_bottle_05
 975	684.002 2383.99 78.5864
 976	pf9dd6feba550bba68_auto716
 977	E40E4E60-B2FB-7D9C-0CF9-10435E657CFC
 978	0 275.992 0
 979	pfc6664a259288955f_auto715
 980	36911B76-C4C2-11ED-8EFA-B0A460E8079B
 981	1552 -3170.5 194.008
 982	0B448EEB-7A3D-11EE-8F86-B0A460E769BC
 983	0 294.997 0
 984	1715.5 -3117 186.045
 985	1728 -3124 187.366
 986	2762.25 -1507.25 170.498
 987	2298BE4B-0808-5CDF-2723-187385DDAC66
 988	0 289.962 0
 989	scriptable_decor_wood_fruit_box_01
 990	DAB2B605-C4C3-11ED-8EFA-B0A460E8079B
 991	1489.44 -2760.18 191.039
 992	8EF90E50-C8CD-11ED-8EFD-B0A460E8079B
 993	pf925665969e49c28a_auto715
 994	1456 -776 35.2962
 995	591B6F93-F0C6-11ED-8F23-B0A460E8079B
 996	AEA21D96-27E7-9C53-84E0-2549C190F84D
 997	-1228 -1004 2.29601
 998	32313466-2B3F-046A-2CA9-8E03A0973D81
 999	0 1.99984 0
1000	cp_intel_crate
1001	scriptable_vfx_animals_chicken
1002	1241.08 -2527.64 197.259
1003	9CF0FE41-3007-E01A-BEDD-0EB7C5DEDBF1
1004	E64542AE-EABD-6D74-F44D-9F5692D54458
1005	9E877EBA-9A5F-090A-EC88-CB2CE61AEEF4
1006	pf3aa602544606edb0_auto715
1007	player_lock_look_1_second
1008	pf15dfdcf26b2cf603_auto1217216273683920588
1009	3B5A7FFF-B072-73F6-7D4B-A8A528ED8228
1010	F665A0D7-49BA-B8BF-4F92-60BCB8D18DF4
1011	591B6F99-F0C6-11ED-8F23-B0A460E8079B
1012	1495.44 -2802.18 191.039
1013	648.001 2162 92.7583
1014	FC2772A6-C69A-877A-26D1-86042EA670CE
1015	58BEAD07-F74E-2E9C-C7E1-A5B2FE232C31
1016	5A36918C-6D46-11EE-9592-68545AD2D871
1017	A95796E5-06C9-11EE-8F34-B0A460E8079B
1018	0 324.962 0
1019	vfx/jup/level/mp_jup_rundown/vfx_rund_godrays_trees_large
1020	2D12C58C-C4BF-11ED-8EFA-B0A460E8079B
1021	wheel_center_front_right
1022	2404 -3240 198.633
1023	A65BBB2B-16DA-4347-45E8-4897E7532A5F
1024	520 2140 93.5001
1025	83B0EC2D-52E1-11EE-8F84-B0A460E8079B
1026	trunk
1027	window_rear_right
1028	-1570 698 30.7881
1029	11539DD5-0CC1-A778-3BB6-93FF528E355F
1030	jup_infil_palfa_run_heli
1031	19D00423-C4C8-11ED-8EFA-B0A460E8079B
1032	1506 -2830 191.313
1033	scriptable_ee_fence_wood_plank_02_128
1034	decor_jar_glass_round_juice_01
1035	pf7e6d898b4599bc62_auto2108
1036	9C329E0E-BCAB-618C-AE65-0A859A8A5B4C
1037	783FC235-C807-11ED-8EFC-B0A460E8079B
1038	E5E2DDA0-BD7B-29C2-1B2A-1AA8C3DA69B8
1039	1740 2220 -30.0127
1040	5F7E3C81-77FA-11EE-8F82-B0A460E769BC
1041	decor_framed_painting_old_03
1042	DD74CD67-1A94-019A-3D3F-72A0E8885B1D
1043	583.997 2096 99.406
1044	-273 -414.5 15.6114
1045	tag_window_front_right
1046	503B554C-06D0-11EE-8F34-B0A460E8079B
1047	tool_rake_shovel_01
1048	655E626B-F0C6-11ED-8F23-B0A460E8079B
1049	2742823F-2356-D6F6-9804-19607A6D7F1C
1050	pfc81ee10df0c8c505_4
1051	CA1DA7C2-C4C2-11ED-8EFA-B0A460E8079B
1052	CA1DA7C8-C4C2-11ED-8EFA-B0A460E8079B
1053	on
1054	-286.5 2577.5 135.075
1055	1349.23 -2739.49 186.719
1056	0 84.9615 0
1057	blue::veh9_civ_lnd_secho
1058	68EF199D-5C2A-94A2-59AF-05B5B87A4EFF
1059	2780.5 -1123 130.797
1060	2B068124-2C24-352D-75C0-36CFA1C32466
1061	88F177FC-13A5-D39E-E85C-775569E06DEB
1062	93E5FCBA-DA02-11ED-8F10-B0A460E8079B
1063	383.5 -1215 24
1064	pfd4dfcea106b6583a_auto716
1065	3937E0DA-12FC-33AD-8164-B020FEBDACDD
1066	4CAC38B8-C8C5-11ED-8EFD-B0A460E8079B
1067	uk_misc_car_parts_crate_01_empty
1068	2469 -727.5 113.87
1069	pf3ebcf34bbfc67748_auto716
1070	5AB95AAA-4132-016C-DBE8-6B0D112361D5
1071	57EE9105-392F-7ED7-51A6-3F35ED939FB3
1072	77B44CB4-C4C9-11ED-8EFA-B0A460E8079B
1073	tag_window_back_left_corner
1074	decor_potted_plant_dead_01
1075	6A7C2F12-C803-11ED-8EFC-B0A460E8079B
1076	5E5DA2A6-C4C9-11ED-8EFA-B0A460E8079B
1077	1503.44 -2782.18 191.039
1078	5857261B-461C-88AD-1CC7-A0047E9B5544
1079	F3613F15-7BC4-2586-E3DC-080558B4F1BC
1080	1CF38C79-875A-989B-4C32-C9B4986911F6
1081	E7713F3A-C8CD-11ED-8EFD-B0A460E8079B
1082	0 16.7801 0
1083	heavy_smoke
1084	pf6a9c54aa62996ca1_auto716
1085	A87520F9-0DDE-CDFF-C1AF-25AA9603FDE4
1086	C58DC6FA-77F6-11EE-8F82-B0A460E769BC
1087	1852 100 12.5628
1088	trash_props_bottle_wine_iw6
1089	palfa_infil_exit_6
1090	684.001 2512 71.7016
1091	pf55aaf14c08a465da_auto716
1092	E20001D9-F0C5-11ED-8F23-B0A460E8079B
1093	371966AC-C4C8-11ED-8EFA-B0A460E8079B
1094	D86EC79E-31D8-2092-0E4C-701A3459B0EB
1095	vfx_rund_trash_linear
1096	vfx_rund_amb_bugs_01
1097	2749.5 -1687 184.064
1098	AFC7B2D7-25B8-91DC-49C4-FA9E23C254AF
1099	F213115C-C8CC-11ED-8EFD-B0A460E8079B
1100	957E309D-06C9-11EE-8F34-B0A460E8079B
1101	973AA760-06CA-11EE-8F34-B0A460E8079B
1102	0 323.991 0
1103	95254496-C2B6-E67A-F923-BBDF77887550
1104	window_back_right
1105	pfd244ec8b0ab188c1_auto2108
1106	19D00426-C4C8-11ED-8EFA-B0A460E8079B
1107	pfc8a512d775c89e1c_auto2108
1108	0 263.4 0
1109	0 59.9747 0
1110	CBD0C3CA-C5F1-383B-2B95-072578B2F0F6
1111	5F4AC949-52E0-11EE-8F84-B0A460E8079B
1112	pf84a3adc8fa664cbb_auto2108
1113	F209F3F6-C4C8-11ED-8EFA-B0A460E8079B
1114	FA22C2FD-C8CC-11ED-8EFD-B0A460E8079B
1115	food_trash_container_02_open
1116	ee_food_fruit_banana_bunch
1117	7D67F932-52E1-11EE-8F84-B0A460E8079B
1118	7EA507EC-BDC6-D0B1-8591-2766DFAD24C0
1119	0 136.263 0
1120	pf2d6b34cff7855636_auto715
1121	5E16EF33-C4C2-11ED-8EFA-B0A460E8079B
1122	0F20D481-6FDD-0D10-F28D-5102BD57C965
1123	A204B351-1D12-A285-1284-3A1E005A1371
1124	1526.18 -2714.56 194.721
1125	pf4dc62f7b285291eb_auto2108
1126	1552.36 -2815.13 191.313
1127	309E0492-06CC-11EE-8F34-B0A460E8079B
1128	0 19.4746 0
1129	948 1626 100.628
1130	A10782CD-BFA1-E2DE-0A05-E246090FF0FC
1131	FFD38FA8-22B7-13B2-9942-BA4E6AD81B77
1132	pf1b10ea258d12307a_auto2108
1133	B205A7D7-EC5F-6349-EEC3-E9E34AFE11FE
1134	pf1dd0e2f2b22c7b36_auto715
1135	2EE9A799-06CE-11EE-8F34-B0A460E8079B
1136	832.002 2090 112.279
1137	storage_cardboard_box_01
1138	645DC06F-C4C9-11ED-8EFA-B0A460E8079B
1139	-1746.43 570.444 18.7466
1140	taillight_left_on
1141	BDBFF4FB-1579-4BE7-70F5-217F5F7B6053
1142	F6BAB594-4790-DF93-8F72-6E49BEBF45AE
1143	loop_end
1144	0 79.9977 0
1145	BDD0FEEC-5B96-F96F-BD7C-C4ED867CE1E7
1146	-1788 -824 14.1932
1147	-1871.5 -1130.5 14.0669
1148	0 346.476 0
1149	E81E2FC4-F0C5-11ED-8F23-B0A460E8079B
1150	591B6F7E-F0C6-11ED-8F23-B0A460E8079B
1151	9032D94A-F57E-3BE5-8A17-212916D9D9AA
1152	0 180.849 0
1153	vfx/jup/level/mp_jup_rundown/vfx_rund_haze_indoor_02
1154	0 294.962 0
1155	-1320.25 693 8.81407
1156	D91C1EAD-2F66-9C7F-FEB4-80EFD1FDFE43
1157	2080 -2306 204
1158	0B448EDC-7A3D-11EE-8F86-B0A460E769BC
1159	decor_metal_bucket_small_01
1160	167 -1737.5 30.4883
1161	controller
1162	8FB3AB05-CC3B-0B09-B4B9-55EE4DB65EB6
1163	electrical_conduit_set_electrical_box_big
1164	scriptable_uk_car_body_paint_filler_01
1165	0 234.678 0
1166	vfx/jup/level/mp_jup_rundown/vfx_rund_clothesline_04
1167	256 2932 91.5323
1168	palfa_infil_exit_12
1169	84 1188 8.3207
1170	875E6EDA-D4C8-9C4A-626D-EC3D9EC4EFD6
1171	6CFD9850-7A44-11EE-8F86-B0A460E769BC
1172	2D12C57D-C4BF-11ED-8EFA-B0A460E8079B
1173	-1116 1096 33.7681
1174	5E16EF30-C4C2-11ED-8EFA-B0A460E8079B
1175	-242 1736 151.96
1176	DAB2B5F0-C4C3-11ED-8EFA-B0A460E8079B
1177	455 1091.5 42.109
1178	tan::veh9_civ_lnd_secho
1179	scriptable_vfx_animals_seagull
1180	2714 -2998 192.056
1181	2274 1961.5 -83.269
1182	jup_infil_shared_movement_run_pre
1183	0DAF887D-8B4E-AF86-8CD5-132C6900F767
1184	892536F0-C2F5-D269-EB5E-541CB5929CDB
1185	medical_bottle_05
1186	scriptable_rp_trash_bottle_wisky_01
1187	A4CEDF0B-A14F-979F-6C70-A5F080E02FF5
1188	-636 2464 153.234
1189	-49.5 -994.5 16.7058
1190	591B6F6F-F0C6-11ED-8F23-B0A460E8079B
1191	CA1DA7C5-C4C2-11ED-8EFA-B0A460E8079B
1192	580.002 2010 104.78
1193	j_rope_200
1194	5AF9624E-5C27-5934-8B7A-6AAEC513F135
1195	mp_xfire_spawn_allies_start
1196	food_trash_bottle_soda_01
1197	491.996 2448 80.0888
1198	pf45a3b10637549a71_auto2108
1199	jup_infil_palfa_rope_fall_left
1200	6B67B4A9-F0C6-11ED-8F23-B0A460E8079B
1201	jup_infil_blima_rope_crank_right
1202	uk_plastic_container_filled_01
1203	0 240 0
1204	916FCAD0-6D11-11EE-9592-68545AD2D871
1205	E81E2FD3-F0C5-11ED-8F23-B0A460E8079B
1206	residential_ceiling_fan_modern_on_mp
1207	scriptables
1208	facial_infils
1209	food_cereal_box_02
1210	j_ball_le
1211	j_ball_ri
1212	2784.5 -1123.5 130.184
1213	pf516fc21ba3bb4a2_auto2108
1214	EE3A281A-F0C5-11ED-8F23-B0A460E8079B
1215	806 2077 131.799
1216	8C539776-6D46-11EE-9592-68545AD2D871
1217	pfb051a416472838ef_auto2108
1218	parts_hat_cowboy
1219	0 163.479 0
1220	810.75 2860 61.9991
1221	88DB22C0-C5CC-69CB-0D45-853AA65CDB51
1222	-1016 -192 16.751
1223	487224A9-354A-019D-11C7-2B1B7B4128A0
1224	2762.44 -1453.23 181.08
1225	83B0EC4B-52E1-11EE-8F84-B0A460E8079B
1226	556 2504 73.3905
1227	1772 -1872 197.16
1228	2780 -1432 163.152
1229	DDABD022-DA02-11ED-8F10-B0A460E8079B
1230	8C53978A-6D46-11EE-9592-68545AD2D871
1231	vfx_rund_blowing_dust_ground
1232	CCE846E6-DA03-11ED-8F10-B0A460E8079B
1233	F596B876-E47B-8E1A-20DA-2B251833BCB0
1234	998A497A-B02C-593C-7CFB-2F0DB618453F
1235	window_back_left_corner
1236	-643.5 -1605.5 11.7158
1237	right_70
1238	1301.98 -2819.87 190.93
1239	4
1240	door_back_left
1241	window_back_left
1242	456 2140 91.0297
1243	scriptable_vfx_jup_animals_seagull
1244	78F64834-C4C3-11ED-8EFA-B0A460E8079B
1245	AFDF9F41-C807-11ED-8EFC-B0A460E8079B
1246	E81E2FE8-F0C5-11ED-8F23-B0A460E8079B
1247	16D04209-79AF-11EE-8F84-B0A460E769BC
1248	3FDF9D3E-9292-D293-397F-16D9AC808BA6
1249	equipment_dyn_trash_soda_02
1250	scriptable_ee_food_bag_potatoes_01
1251	0060E4D2-8069-A0D9-D5A9-56CB95F396AB
1252	-1607.5 692 37.0203
1253	70DDA225-7928-63BC-C0DD-B4458367A94A
1254	pfe844fcb4d70e107a_auto2108
1255	0 118 0
1256	vfx/jup/level/mp_jup_rundown/vfx_rund_insect_cockroach_single
1257	5F10EAB0-D0BE-3D00-5194-7C5AE9F9053B
1258	6C62B78B-6D46-11EE-9592-68545AD2D871
1259	E15B8803-AA72-5BA0-FF3F-DD2FCB908B48
1260	4AD7A3D1-2883-C4EB-9714-697B98DCB810
1261	A5182FE3-ACC5-47F3-FD91-2F944AD509F3
1262	583.997 2076 99.406
1263	371966CD-C4C8-11ED-8EFA-B0A460E8079B
1264	DA6378A5-03B7-85B4-913D-647CDFA40D55
1265	usable
1266	178394F1-6808-F7A2-5F31-C012E497F88E
1267	2B43D354-A63C-5FD9-E20A-E2875FE4E7D2
1268	1953.86 -2431.94 207.588
1269	0B448ED9-7A3D-11EE-8F86-B0A460E769BC
1270	-1305 993.5 35.0835
1271	19D0042C-C4C8-11ED-8EFA-B0A460E8079B
1272	1365.8 -2793.31 188.156
1273	-971.75 1527.75 58.8606
1274	scriptable_veh8_civ_lnd_decho_dirty_milgreen
1275	899A851F-9125-BDD5-BB97-573DAC68D8F8
1276	E81E2FE2-F0C5-11ED-8F23-B0A460E8079B
1277	1371.8 -2819.31 188.156
1278	vfx_king_fluorescent_lf
1279	54F18489-2F93-2ACF-3D6D-82B0979300D6
1280	E81E2FCD-F0C5-11ED-8F23-B0A460E8079B
1281	scriptable_hardware_plywood_osb_bare_01_64
1282	8778998B-BF7C-542B-C897-6CE7CDFE237A
1283	pf6e4e804da82ea540_auto716
1284	1199 -1978.5 196.584
1285	scriptable_veh9_civ_lnd_walfa
1286	scriptable_decor_misc_props_01_bottle_japanese
1287	toy_stuffed_animal_bear_01
1288	4AA478BF-8404-8995-7F93-09B83F0B4829
1289	scriptable_accessory_money_pile_medium
1290	pf2d23828920a61e61_auto716
1291	-963.826 877.787 11.5516
1292	0 194.903 0
1293	1309.98 -2843.87 189.919
1294	0 310.222 0
1295	vfx_rund_insect_cockroach_group_2
1296	0 327.785 0
1297	647.996 2098 98.8883
1298	249FD938-06CE-11EE-8F34-B0A460E8079B
1299	E0C9133E-20A0-2203-1490-A9F01E88DFB9
1300	297CB8BC-F38E-CCD1-0081-AA0A4B8828ED
1301	locked
1302	me_pottery_jar_small_01
1303	59D9C096-4E9F-1200-6E80-75C71CE9FD96
1304	F1EEA166-C4C2-11ED-8EFA-B0A460E8079B
1305	B4D3F96A-E268-0A72-5E63-76B204D0460F
1306	ajar_owned
1307	CCE846E0-DA03-11ED-8F10-B0A460E8079B
1308	front_right
1309	4FFA48D5-0E12-E25E-2555-B6BA7A347470
1310	E3371938-0093-19E4-E84D-CA3D62FDE988
1311	03C9E14A-C4CA-11ED-8EFA-B0A460E8079B
1312	pfd16bc4ba8f3176e_auto715
1313	7576D07F-4F01-E9CC-CA5A-5097279C89C5
1314	36911B6A-C4C2-11ED-8EFA-B0A460E8079B
1315	5F4AC937-52E0-11EE-8F84-B0A460E8079B
1316	0 177.963 0
1317	3032CA22-33A3-1899-6575-A0EBB57E21B1
1318	A12A2495-C4C3-11ED-8EFA-B0A460E8079B
1319	94F0E6B5-06C8-11EE-8F34-B0A460E8079B
1320	veh9_civ_lnd_pickup_midsize_2001
1321	scriptable_decor_potted_plant_dead_01
1322	F209F3FF-C4C8-11ED-8EFA-B0A460E8079B
1323	pf73b8e6a76116e2f_auto715
1324	vfx/jup/level/mp_jup_rundown/vfx_rund_trash_flies
1325	scriptable_ee_can_paint_closed_03
1326	D118EC20-780E-11EE-8F82-B0A460E769BC
1327	2767.56 -1370.77 161.729
1328	704 512 33.3959
1329	fingers_out_start_right_hand
1330	D3DA56A6-B6A3-095B-4118-9BD21780B015
1331	0 263.992 0
1332	1892 2176 -66.6374
1333	vfx/jup/level/mp_jup_rundown/vfx_rund_clouds_valley_03_thin
1334	0 68.6768 0
1335	53858117-B738-DAC3-7F1A-B5B0191DA32C
1336	56D5ECCB-01EF-1CEE-4816-F805E1A5F277
1337	452 2138 91.0297
1338	2D12C580-C4BF-11ED-8EFA-B0A460E8079B
1339	371966CA-C4C8-11ED-8EFA-B0A460E8079B
1340	EEDFD551-C4C3-11ED-8EFA-B0A460E8079B
1341	89BC2871-52E1-11EE-8F84-B0A460E8079B
1342	DBDF3358-F0C5-11ED-8F23-B0A460E8079B
1343	400BE0C2-34F3-B19D-3995-35A871FED6DA
1344	0 150.759 0
1345	1711.5 -670.5 52
1346	8DB8F3FE-E180-5B95-C4DD-AE5142A125A7
1347	856B6623-3601-7E34-69BA-1686CD08F1A2
1348	A679C4E4-3EB1-C95B-8922-FA203C73E221
1349	1996.58 -2399.17 208.32
1350	82D45700-D6A2-0B3C-58EE-B462F18E7C81
1351	palfa_infil_intro_13
1352	FC62B71C-48F5-263F-5715-5BFE1B9A682F
1353	19D00420-C4C8-11ED-8EFA-B0A460E8079B
1354	-157.5 2686 127.152
1355	0 129.139 0
1356	mp_sd_spawn_defender
1357	snakecam
1358	CCE846FB-DA03-11ED-8F10-B0A460E8079B
1359	E7D2806A-79B0-05FF-8117-863AEE06E4B7
1360	food_cans_bottles_and_jars_bottle_02
1361	3CF5609F-C8C5-11ED-8EFD-B0A460E8079B
1362	1656 572 -14.0461
1363	scriptable_food_cans_bottles_and_jars_jar_03_group
1364	FEBA79DE-6D46-11EE-9592-68545AD2D871
1365	91806176-C4C0-11ED-8EFA-B0A460E8079B
1366	0 67.9995 0
1367	591B6F69-F0C6-11ED-8F23-B0A460E8079B
1368	0 272 0
1369	D339A59B-D54C-156B-2111-43AF4A8F9A50
1370	1349.23 -2731.49 186.719
1371	5F43934B-F0C6-11ED-8F23-B0A460E8079B
1372	2F3CC104-E60C-ED02-0751-A2D86908565A
1373	3C57D8A4-C4C1-11ED-8EFA-B0A460E8079B
1374	tag_grill
1375	284 -2784 149.359
1376	tool_bow_rake_01
1377	infil_blima_6
1378	BFCBFAFF-8B6A-634E-5919-0FE6D8459A24
1379	42D55495-18F1-577C-8DC3-BBEA4184369B
1380	C8ACB381-C4C9-11ED-8EFA-B0A460E8079B
1381	796500DD-5C4A-3F00-02D4-00346AA18075
1382	1929 -2880.5 220
1383	9082F94D-2C24-7EBF-3156-C11335F37B3D
1384	99AE0072-3750-A350-6038-758787487AB3
1385	0 75.9932 0
1386	window_top_right
1387	0 44.9982 0
1388	2014FFEC-4585-D7D0-DA31-EC01109DBD82
1389	scriptable_equipment_dyn_trash_soda_02
1390	pf2cfce97295c753b_auto715
1391	0B80D682
1392	315FBBC1-84AB-66E8-C3D7-FE6B9E29CA59
1393	1417.05 -2756.93 190.218
1394	0 165.424 0
1395	j_wrist_ri
1396	scriptable_storage_cardboard_box_01
1397	0 166.849 0
1398	B149C4F7-B1B3-AD7F-784A-F6C7873C431C
1399	5D11C8FB-6D11-11EE-9592-68545AD2D871
1400	0 99.9988 0
1401	AA28C4A4-4E3D-3764-620A-A2653CCCA6C5
1402	4E759022-E7E2-39A9-34ED-D154AD3E16DE
1403	pfe15853176a37f676_auto2108
1404	0 43.9941 0
1405	2185.5 -2228 204
1406	EE41114B-8815-FF95-2500-EEDDCD4792A6
1407	-720 -1826 33.8512
1408	72687A96-6D46-11EE-9592-68545AD2D871
1409	scriptable_decor_wall_macrame_04
1410	scriptable_door_wooden_panel_03_painted_mp_tint
1411	26AF98C1-9476-30C8-FCDC-182DEA88DB7F
1412	AD529E73-15DD-1894-FABA-8106A4EBAA52
1413	6657F817-6D46-11EE-9592-68545AD2D871
1414	cp_disco_bottle_glass_liquor_02
1415	6657F7F9-6D46-11EE-9592-68545AD2D871
1416	16D04218-79AF-11EE-8F84-B0A460E769BC
1417	BE209AD8-B9D2-05BE-6DCD-434CA9FC1C44
1418	6C62B7AE-6D46-11EE-9592-68545AD2D871
1419	vfx/jup/level/mp_jup_rundown/vfx_rund_insect_cockroach_group_2
1420	3A22CF9F-2C10-0C62-86F0-95B830B65C26
1421	door_front_left
1422	0 336.987 0
1423	window_over_40
1424	vfx/jup/level/mp_jup_rundown/vfx_rund_window_godrays_02
1425	5A36915F-6D46-11EE-9592-68545AD2D871
1426	2134 -1230 148.998
1427	pf15dfdcf26b2cf603_auto2989197132580587517
1428	palfa_infil_intro_12
1429	FE7B2095-CF1A-976A-8D65-075188815E1B
1430	D990F27D-41A5-1275-8122-24274005ACCE
1431	508.003 2020 95.9973
1432	E88BF7A9-6D44-11EE-9592-68545AD2D871
1433	mx_decor_hanging_ceramic_pot_wall
1434	0BFB81AB-6D44-11EE-9592-68545AD2D871
1435	A7794428-B7A7-3D3A-542A-91DC0EB39E12
1436	B44B9BD7-2EEE-7C96-B62D-4C9C0C4C8B09
1437	9ACB524E-6D45-11EE-9592-68545AD2D871
1438	F28373C5-FCA2-1948-E840-E25B88BC0A3C
1439	9E398E67-26F8-F33F-2403-63DFC8F24809
1440	0 142.126 0
1441	A4F67B33-5FFF-D43A-6010-9E42B94885B2
1442	0 99.9597 0
1443	-1881.06 390.091 23.6303
1444	2FAD18DE-969B-6E59-251B-C5C54ECEA9A4
1445	ED51B32A-3C7F-E97A-AEAE-4065BF920E0E
1446	mp_koth_spawn
1447	5E16EF18-C4C2-11ED-8EFA-B0A460E8079B
1448	-2045 -93.25 32.25
1449	-512 2332 134.784
1450	B6E0F5A0-73F0-2112-AA00-516D2BC82FB8
1451	0 60.9698 0
1452	3C57D8AA-C4C1-11ED-8EFA-B0A460E8079B
1453	54456F40-FCBC-9C6E-9A32-E1943373259E
1454	669A4531-06CE-11EE-8F34-B0A460E8079B
1455	1236 2964 68.4898
1456	63495B9B-F3E0-6F40-AE43-95725172954E
1457	0 299.989 0
1458	1957D15B-7811-11EE-8F82-B0A460E769BC
1459	64737720-E7ED-20A7-48EA-790DD16A20D3
1460	D2C34380-C807-11ED-8EFC-B0A460E8079B
1461	vfx/jup/level/mp_jup_rundown/vfx_rund_water_puddle_ripples_02_ch
1462	decor_potted_plant_dead_06_b_air
1463	equip_nvg
1464	0D89702B-D5AE-096C-E621-846E66979CD8
1465	foliage_garden_carrot_pile_01
1466	E1060707-875D-2B91-FD04-0F9F93DCEC31
1467	6012AF8D-6D44-11EE-9592-68545AD2D871
1468	1182.91 -2596.97 187.078
1469	82907F93-FFA0-CE55-436A-2356F03F5BC1
1470	370 2149 108.196
1471	0 129.993 0
1472	F1EEA178-C4C2-11ED-8EFA-B0A460E8079B
1473	144 1884 105.942
1474	83A67CFD-06CA-11EE-8F34-B0A460E8079B
1475	1320.54 -2871.69 192.105
1476	ee_food_fruit_pineapple_01
1477	0 134.997 0
1478	584.002 2144 93.5675
1479	452 2008 93.0138
1480	D5C45CAB-23DC-1390-8E30-12C25992C142
1481	E9DAF5E9-A0B1-3467-7BE8-B814B54D4683
1482	34A46893-91E1-0403-29B3-645EC0CF2271
1483	555.998 2448.01 79.8126
1484	vfx_rund_water_drips_pipes_01
1485	69C85503-2D62-7800-9BDA-363544460738
1486	1048 -3276 198.649
1487	2678 -2998 192.056
1488	vfx_rund_insect_cockroach_group
1489	pf23c5882414d0b3cd_auto715
1490	29DBB01E-06CD-11EE-8F34-B0A460E8079B
1491	0 167.988 0
1492	B79073FC-44D9-18CD-A6DF-DA586DD1BA64
1493	07C35C62-AA73-7248-1BEB-54F651D717C2
1494	headlight_left_dead
1495	-75.5 -2830 103.232
1496	F209F3EA-C4C8-11ED-8EFA-B0A460E8079B
1497	vfx_rund_fire_smoldering_02
1498	taillight_right_on
1499	desktop_fan_fn_01
1500	-248 -2472 71.1955
1501	4062FCE6-0EBC-12AF-2E89-03EDC400BDF6
1502	-164 -2880 106.858
1503	0 211.995 0
1504	0 83.4239 0
1505	0 267.992 0
1506	intel_interaction
1507	palfa_infil_intro_15
1508	A87F84E3-1416-4C1E-D77F-CE4B5A58CEF1
1509	6A0F9C33-2609-3F52-3BC3-585B3329895E
1510	648.002 2015.99 104.592
1511	1A16F392-6D1C-11EE-9592-68545AD2D871
1512	palfa_infil_intro_0
1513	-636 2464 151.189
1514	2252.22 1386.22 -100.538
1515	654794FD-52E0-11EE-8F84-B0A460E8079B
1516	E81E2FDF-F0C5-11ED-8F23-B0A460E8079B
1517	4F49A256-8C97-877E-E357-9A378B0AA848
1518	foliage_garden_tomato_pile_01
1519	ee_food_fruit_cardboard_box_01
1520	B55C55E0-6D1B-11EE-9592-68545AD2D871
1521	99E06ED3-A876-0483-F484-4BFBCEFC9FF3
1522	0 301.991 0
1523	6277E822-F573-FD26-5A0E-822EC58AA326
1524	CA1DA7D1-C4C2-11ED-8EFA-B0A460E8079B
1525	E81E2FD0-F0C5-11ED-8F23-B0A460E8079B
1526	556.003 2376 78.162
1527	0F8CB8D1-BAAE-8765-ACEE-FEF6E8D5A051
1528	A4E73AE9-3C44-C2B7-8742-746319A31D3A
1529	E20001CD-F0C5-11ED-8F23-B0A460E8079B
1530	scriptable_ee_food_fruit_watermelon_01
1531	648.002 2011.99 104.592
1532	0 197.424 0
1533	playerasm_patch_mp_infil_palfa
1534	77CB6DCB-48DF-0652-404C-6E3E15EC7F8A
1535	5B8E4716-1A09-6E92-9F22-E972D0C70000
1536	scriptable_usa_desk_radio_01
1537	0 128.794 0
1538	5A369191-6D46-11EE-9592-68545AD2D871
1539	-540 -1438 152.152
1540	CCC7C391-06C9-11EE-8F34-B0A460E8079B
1541	5E16EF39-C4C2-11ED-8EFA-B0A460E8079B
1542	83B0EC45-52E1-11EE-8F84-B0A460E8079B
1543	5F4AC93D-52E0-11EE-8F84-B0A460E8079B
1544	AA3407B1-557C-B6C8-A01F-791987B7600E
1545	-944.5 1168.5 33.8487
1546	mp_dd_spawn_defender_start
1547	979356F0-8376-501A-AC6B-21EFB08F9A61
1548	scriptable_toy_alphabet_block_group_02
1549	0 279.999 0
1550	6C62B7A4-6D46-11EE-9592-68545AD2D871
1551	E353719F-75A4-DB94-E9C8-EAA8D3E3B97A
1552	vfx/jup/level/mp_jup_rundown/vfx_rund_granules_dust_falling
1553	vfx_rund_clothesline_03
1554	0 299.962 0
1555	0 114.999 0
1556	food_cans_bottles_and_jars_jar_03
1557	6C28145B-C215-C2E2-12AA-F1CB2429B108
1558	A57581E6-D782-ACF6-19ED-5C9F476A932D
1559	pf8de2096c661a9610_auto716
1560	728 3296 53.6598
1561	0 34.343 0
1562	804 -600 13.7614
1563	vfx/jup/level/mp_jup_rundown/vfx_rund_chimney_steam
1564	fingers_in_start_left_hand
1565	655E6256-F0C6-11ED-8F23-B0A460E8079B
1566	1255.25 -1021.5 30.9047
1567	1452 -2404 201.412
1568	F209F3F0-C4C8-11ED-8EFA-B0A460E8079B
1569	0 77.9888 0
1570	A15FE10B-8BAE-C023-4CA0-B7457BF6EFD0
1571	0 104.677 0
1572	fire_flicker
1573	39038764-6183-FDD6-434E-F6549A7B72C9
1574	8C219BA8-E6B7-3EB3-A326-04C1A31F04AD
1575	tan::veh9_civ_lnd_walfa
1576	1285.41 -2758.05 188.74
1577	4C50860B-A7CA-408D-034B-576DABF45AF3
1578	mp_control_spawn_defender
1579	00AC7A6B-1790-4671-2004-296575E65D77
1580	destroyed
1581	7812D4FA-A7D8-4F9E-666D-5B2A07E429DC
1582	831.997 2026 121.301
1583	455.996 2076 92.5114
1584	pf661029a855bf89f4_auto2108
1585	60EC7940-3B27-D881-2C87-104223B52607
1586	ee_food_fruit_watermelon_01
1587	scriptable_ee_food_fruit_banana_bunch
1588	vfx_rund_water_drops
1589	scriptable_tool_bow_rake_01
1590	0 159.877 0
1591	pfd0646bd38f767e12_auto716
1592	B2136C47-313B-3863-A6BA-C18D621C00A5
1593	89BC287A-52E1-11EE-8F84-B0A460E8079B
1594	0 201.154 0
1595	378D5EEB-F2B0-D348-5187-9D260A7BFCB4
1596	B58D8294-780E-11EE-8F82-B0A460E769BC
1597	-9280 8320 80
1598	0 269.996 0
1599	89BC2880-52E1-11EE-8F84-B0A460E8079B
1600	scriptable_me_garbage_tire_spare_01
1601	4A0C3F76-56DE-54BC-D825-5592BD91EA67
1602	pf4026d0ac34b9d16f_auto716
1603	11151D22-E8CA-4303-C22D-796C965D9F6D
1604	F1459467-55CD-042F-B2A6-1BB14100B2E9
1605	0 13.3776 0
1606	tag_window_top_left
1607	83B0EC2A-52E1-11EE-8F84-B0A460E8079B
1608	headlights_off
1609	pf12e2a3cf620d94a3_auto2108
1610	1088 -2456 186.337
1611	0 74.9595 0
1612	3C7299FC-0968-1F26-411B-84E67A882CA0
1613	556.003 2384 82.3822
1614	CC2906C0-8A86-323E-F7E0-CC3E7ED01532
1615	scriptable_kitchen_spice_rack
1616	scriptable_electrical_flicker_subtle
1617	0 284.962 0
1618	ee_garbage_bag_filled_02
1619	scriptable_kitchen_01_metal_dish_01_group
1620	2772 -896 124.594
1621	DAB2B5FC-C4C3-11ED-8EFA-B0A460E8079B
1622	vfx/jup/level/mp_jup_rundown/vfx_rund_birds_sparrows_circling
1623	9205D544-06CD-11EE-8F34-B0A460E8079B
1624	scriptable_uk_misc_car_parts_crate_01_empty
1625	EA6F13C1-1A7C-8707-0F66-1E9C6D7584B9
1626	77B44C9C-C4C9-11ED-8EFA-B0A460E8079B
1627	mirror_left
1628	pf74e1e49fc43fa7d7_auto715
1629	C342D883-1A65-4C1F-BA5A-51B89BDA728A
1630	1856 -524 36
1631	1CF577A0-06C9-11EE-8F34-B0A460E8079B
1632	1216 2213.5 107.77
1633	wheel_center_back_left
1634	36911B5E-C4C2-11ED-8EFA-B0A460E8079B
1635	0B448EE5-7A3D-11EE-8F86-B0A460E769BC
1636	72D2EA62-E5C2-7608-733E-6792B9D1D0C7
1637	door_front_right
1638	left_30
1639	left_70
1640	1054 -3302 182.322
1641	-1884.63 -1051.72 25.8411
1642	vfx_rund_steam_ac_vent_vapor
1643	550.75 2253.5 83.8889
1644	pfef71d38ab5b52207_auto715
1645	-638 2416 166.096
1646	D4BA2EE1-06CC-11EE-8F34-B0A460E8079B
1647	pfc81ee10df0c8c505_5
1648	4ED60A96-7A72-B666-8EBD-9D9C2473B2E9
1649	BC47E453-6D1B-11EE-9592-68545AD2D871
1650	231E0496-06CD-11EE-8F34-B0A460E8079B
1651	F68645B5-336F-16C2-0E5A-59D82A9B23F0
1652	AF600F1C-4CF5-71C9-F013-983FFBFD037A
1653	j_wrist_le
1654	CE832DAC-1047-668C-6036-77C567A4FC99
1655	scriptable_crate_plastic_lrg_01_dirt_green
1656	1504 -1536 144.403
1657	0 149.961 0
1658	00FAF97B-7CD8-5222-6AE1-969133BFDE27
1659	77B44CA2-C4C9-11ED-8EFA-B0A460E8079B
1660	07F327C7-3D3A-3347-EE51-211F550DB75E
1661	6547950F-52E0-11EE-8F84-B0A460E8079B
1662	vfx/jup/level/mp_jup_rundown/vfx_rund_animals_frog_jump
1663	768.003 1962 107.479
1664	mp_dd_spawn_attacker
1665	uk_yellow_component_bin_filled_01
1666	321.5 -3047 182.852
1667	vfx_animals_chicken
1668	-1372 808 9.35711
1669	0 121.479 0
1670	decor_candle_wax_01
1671	81E7FFCA-04B1-039D-FBF8-1676A3F6A522
1672	1504 -2840 191.332
1673	620.002 2384 80.7563
1674	rootmodelmanager
1675	pfd43322f57bfe8d2a_auto4
1676	8B36AD0F-06CD-11EE-8F34-B0A460E8079B
1677	5E5DA2BB-C4C9-11ED-8EFA-B0A460E8079B
1678	pfabcd4bd5192035cd_auto716
1679	FB1CAA6D-CC76-2C02-5ADD-14A716E501C2
1680	-756 2076 110.596
1681	62D44008-B68F-9883-E862-059A31AD6AFF
1682	3123.5 -2641.5 196.887
1683	pf21d9446498f2b836_auto716
1684	EEDFD563-C4C3-11ED-8EFA-B0A460E8079B
1685	vfx_rund_fire_smoldering_03
1686	F1EEA17E-C4C2-11ED-8EFA-B0A460E8079B
1687	-454.5 2519.5 164.583
1688	7AF5FD16-BC6F-FD8F-55D2-8A8535FF3DB8
1689	2D12C589-C4BF-11ED-8EFA-B0A460E8079B
1690	veh9_civ_lnd_walfa
1691	821.189 -358.573 36
1692	-992 1989 127.017
1693	F49A5D63-69CF-5766-9B9D-B1C8E56CD544
1694	6B67B4A3-F0C6-11ED-8F23-B0A460E8079B
1695	83EFEE65-06D0-11EE-8F34-B0A460E8079B
1696	89BC2889-52E1-11EE-8F84-B0A460E8079B
1697	scriptable_parts_hat_cowboy
1698	mp_cyber_spawn_allies
1699	523CE38C-5733-7C29-BCA1-49A67736FDAF
1700	0 243.782 0
1701	palfa_infil_intro_14
1702	3C57D88F-C4C1-11ED-8EFA-B0A460E8079B
1703	EA327997-C807-11ED-8EFC-B0A460E8079B
1704	1AFBB4E4-7F3C-45E0-59E8-3C7ADD44F99E
1705	BB952165-780F-11EE-8F82-B0A460E769BC
1706	0AAEAAF6-595A-E000-5F52-839BBD690E97
1707	palfa_infil_intro_1
1708	D48C9D28-C4C9-11ED-8EFA-B0A460E8079B
1709	-71.5 -3015.25 129.892
1710	8FFFD7AB-1DC7-DB30-790F-8D738B212CF6
1711	D48C9D31-C4C9-11ED-8EFA-B0A460E8079B
1712	vfx/jup/level/mp_jup_rundown/vfx_rund_runoff_indoor_drips_01_land
1713	B2CDBFCD-A8DA-9BB7-13B1-49458CA1BE34
1714	F56BE5E2-F9F1-D9B5-22CE-DC1D0FED179B
1715	1895.02 -3397.1 200.438
1716	CB9D045C-58A5-34D2-02A3-00915A5E6C85
1717	DDC68440-780E-11EE-8F82-B0A460E769BC
1718	38215162-1EAE-332C-3F6F-5762F85B87AC
1719	620.002 2504 70.8415
1720	E002A300-E7BE-BC1D-6007-C4C4972D28A6
1721	456 2162 91.0297
1722	0 210.043 0
1723	scriptable_cp_disco_pizza_box_open
1724	pff55786f96e7e69a0_auto2108
1725	pf4149ce5413396937_auto716
1726	1252.24 -2655.16 192.804
1727	FDB23F06-C807-11ED-8EFC-B0A460E8079B
1728	604478A6-6D46-11EE-9592-68545AD2D871
1729	pf66beca78ac95ccf9_auto2108
1730	-1343 1019.5 16.7042
1731	1487.44 -2778.18 190.745
1732	9BF91E27-A647-CE68-2836-1A5BE91146E4
1733	089D8A97-A450-14E8-14B8-2940E6602D87
1734	47079183-5345-ABA9-9139-AD37C46AF3D7
1735	mp_tdm_spawn_secondary
1736	5F439363-F0C6-11ED-8F23-B0A460E8079B
1737	vfx_rund_water_tank_bullet_leak
1738	19D00432-C4C8-11ED-8EFA-B0A460E8079B
1739	vfx_rund_clothesline_02
1740	pf9fc1a615ba7af80c_auto716
1741	2D12C583-C4BF-11ED-8EFA-B0A460E8079B
1742	E20001B8-F0C5-11ED-8F23-B0A460E8079B
1743	642833FB-8083-FD9A-C449-7CB48C15E5F4
1744	592E9F26-18EA-992E-99CD-DE8FDCF34DCE
1745	2881 -2882.5 196.887
1746	0 159.999 0
1747	106EA971-06CB-11EE-8F34-B0A460E8079B
1748	scriptable_ee_grass_dried_flower_01_med_wall
1749	vfx_rund_insect_cockroach_single
1750	7D67F95C-52E1-11EE-8F84-B0A460E8079B
1751	C6E0D297-7862-2BEC-483A-216C057A832C
1752	-108 2748 119.914
1753	0 147.424 0
1754	45EBE9A9-DB07-B1B5-6EFB-41C15DE0FBE2
1755	scriptable_tool_broom_wood_01
1756	1293.41 -2774.05 188.74
1757	28C42767-3438-0F70-179F-9C18B4424774
1758	5E5DA2A9-C4C9-11ED-8EFA-B0A460E8079B
1759	pfd6e2a150eab3e708_auto2108
1760	BB6246C8-BA48-1902-385B-85B36F19D042
1761	502B7DE4-1FFF-6C69-936D-2E79D2C44FFD
1762	1309.98 -2851.87 190.93
1763	vfx/jup/level/mp_jup_rundown/vfx_rund_clouds_valley_02
1764	vfx/jup/level/mp_jup_rundown/vfx_rund_water_tank_bullet_leak
1765	ADFEDF11-4B02-75FB-A2D9-403541CA0025
1766	D48620F7-2F7B-1F0A-DF1C-4B0351DB4463
1767	D7FFD9B0-B55F-95F9-DD25-0F748CFB74FE
1768	EEDFD55D-C4C3-11ED-8EFA-B0A460E8079B
1769	293FA7E2-EF64-D98B-0C69-F9FA7502BF47
1770	5F4AC946-52E0-11EE-8F84-B0A460E8079B
1771	5E5DA2A3-C4C9-11ED-8EFA-B0A460E8079B
1772	scriptable_uk_foliage_plant_potted_fern_01_hanging
1773	tag_light_back_right
1774	uk_misc_aerosol_can_01
1775	7D67F93E-52E1-11EE-8F84-B0A460E8079B
1776	164 2548 118.996
1777	1692 2764 70.7346
1778	C981E6CA-F536-8BEF-C819-DBC247C4DFCD
1779	mp_dd_spawn_defender_a
1780	87C4E368-C806-11ED-8EFC-B0A460E8079B
1781	scriptable_food_trash_bottle_water2_sixpack
1782	pf23c5882414d0b3cd_auto716
1783	0 152.066 0
1784	741CCE30-E255-D275-A6F1-9D8B0B6074FA
1785	0F9B67F6-B8EF-150A-1D51-D24115B849AB
1786	vfx_rund_fire_smoldering_01
1787	14D5B04F-8455-399E-D342-E68C30FE2795
1788	59D2EA94-C8CC-11ED-8EFD-B0A460E8079B
1789	010D4AC9-5143-E17E-2F6E-A9192E8183B9
1790	571.997 2084 99.406
1791	2636 -804 101.255
1792	7D67F962-52E1-11EE-8F84-B0A460E8079B
1793	0 199.607 0
1794	86545E2D-F5D4-8EC2-BC77-17482415FE80
1795	0 130 0
1796	0 138.794 0
1797	pfcfb2478cb53738a6_auto716
1798	E20001DF-F0C5-11ED-8F23-B0A460E8079B
1799	palfa_infil_intro_16
1800	scriptable_uk_bottle_oil_small_01
1801	E21D5D22-7CE9-5420-96B2-EFAA7AF4779C
1802	uk_foliage_plant_potted_fern_01_hanging
1803	EE3A2820-F0C5-11ED-8F23-B0A460E8079B
1804	F9ACEFE1-06C8-11EE-8F34-B0A460E8079B
1805	2D218D84-5EB9-E026-409C-819EEDE35688
1806	922042C1-CA70-4A75-0F87-81D072E629A7
1807	51867873-06CE-11EE-8F34-B0A460E8079B
1808	548754E2-0484-11EE-8F31-B0A460E8079B
1809	pfaafb3e73cc5b3c07_auto716
1810	none
1811	taillight_right_dead
1812	mp_dd_spawn_attacker_a
1813	scriptable_accessory_accessory_scale_lab
1814	ee_food_bag_potatoes_01
1815	vfx_rund_flat_water_ground_sm_02
1816	traverse
1817	nav_door
1818	pf81590d0d58067afb_auto716
1819	862 -3269.25 185.943
1820	896.79 -2757.84 210.806
1821	yellow::veh9_civ_lnd_sedan_hatchback_1985
1822	-851.5 -1745.5 13.9406
1823	5F439372-F0C6-11ED-8F23-B0A460E8079B
1824	2567DDDD-2130-830D-B8B5-AB695ADAF36D
1825	655E6268-F0C6-11ED-8F23-B0A460E8079B
1826	scriptable_decor_metal_bucket_small_01
1827	80D1FC37-14F8-52F5-1DF4-A0B48EC96B19
1828	0 114.998 0
1829	95200865-19EF-780D-DF8B-048FE4AE0A9F
1830	5E5DA2B8-C4C9-11ED-8EFA-B0A460E8079B
1831	371966BE-C4C8-11ED-8EFA-B0A460E8079B
1832	0 218.782 0
1833	light_back_left
1834	-2090 -252 38.3902
1835	0 29.9982 0
1836	anim_explosion_complete
1837	E3EF742B-893F-1978-8533-3F99AE21D56D
1838	8282E41E-C19B-4E8E-7746-8B19C2C26D63
1839	-267.5 -1405.5 15.734
1840	0 158.328 0
1841	78D7E224-C8CD-11ED-8EFD-B0A460E8079B
1842	vfx_rund_insect_cockroach_single_2
1843	pff1efa92afdb4eb79_auto2108
1844	591B6F6C-F0C6-11ED-8F23-B0A460E8079B
1845	77B44CAE-C4C9-11ED-8EFA-B0A460E8079B
1846	vfx_rund_car_smoke
1847	B03E96D3-F383-BD6D-D3B1-22D5E14590C3
1848	8524E338-E273-0560-6A6D-5A999C4672F9
1849	bash_right_90
1850	pf33d952f64aaa2c6f_auto715
1851	pf15dfdcf26b2cf603_auto10429259050412649425
1852	-10.25 -3051.5 146.828
1853	456 2148 96.2516
1854	pf81e63ccf1aa95af5_auto715
1855	EEDFD55A-C4C3-11ED-8EFA-B0A460E8079B
1856	DF62C75B-290C-596C-5BA6-C0F44E38AC60
1857	scriptable_ee_garbage_bag_filled_02
1858	vfx/jup/level/mp_jup_rundown/vfx_rund_steam_ac_vent_vapor
1859	vfx_rund_water_fountain_01
1860	0 17.2836 0
1861	16D0420F-79AF-11EE-8F84-B0A460E769BC
1862	C7506A13-DA02-11ED-8F10-B0A460E8079B
1863	636 228 10.8753
1864	kitchen_01_metal_dish_01_group
1865	0 269.992 0
1866	jup_infil_blima_step
1867	palfa_infil_exit_15
1868	-2038 -100 31.4036
1869	581 -2088.5 145.144
1870	0 94.9979 0
1871	2009.02 -3461.1 216.245
1872	pf22febe038118e026_auto2108
1873	scriptable_food_honey_jar_01_filled
1874	E81E2FE5-F0C5-11ED-8F23-B0A460E8079B
1875	vfx/jup/level/mp_jup_rundown/vfx_rund_smoke_cigarette
1876	619.997 2440 73.462
1877	380 -1668 38.7794
1878	408 -3220 201.837
1879	1425.05 -2736.93 190.218
1880	EA6959CB-9CF0-F59A-C977-3D00E8A945A4
1881	pf913d1ed42b239c28_auto2108
1882	25C3B9E7-B345-EE74-5395-34F3C7FE8EA1
1883	0 155.998 0
1884	jup_toy_rubber_duck_01_small
1885	D5AB55A3-CC9F-68EF-BEF7-BA2A9768C213
1886	1A6047E0-7433-AD8A-7CD4-C7C4710C668D
1887	medical_bottle_06
1888	5A369155-6D46-11EE-9592-68545AD2D871
1889	CF8F3D92-06CD-11EE-8F34-B0A460E8079B
1890	655E623B-F0C6-11ED-8F23-B0A460E8079B
1891	vfx_rund_window_godrays_01
1892	8D039CD6-77F9-11EE-8F82-B0A460E769BC
1893	sign_commercial_mexico_restaurant_menu_stack_01_grp
1894	CCE846F8-DA03-11ED-8F10-B0A460E8079B
1895	scriptable_ee_food_fruit_cardboard_box_01
1896	938C8202-5219-FCB4-7B3A-86E299C148BF
1897	1D0FF0D9-06CC-11EE-8F34-B0A460E8079B
1898	5A1DA6AD-2804-B320-A3D5-5F3DE9BFF219
1899	-2104 -470 38.3902
1900	D48C9D34-C4C9-11ED-8EFA-B0A460E8079B
1901	food_honey_jar_01_filled
1902	5032729A-5B61-4CDE-2C06-0C68769BC393
1903	9674370B-39B5-4D4C-4B95-3843BBB2007F
1904	70E36328-C803-11ED-8EFC-B0A460E8079B
1905	scriptable_p7_box_cardboard_c_open02
1906	F1EEA181-C4C2-11ED-8EFA-B0A460E8079B
1907	1374.54 -2881.69 192.105
1908	vfx_rund_light_shaft_godray_03
1909	60447897-6D46-11EE-9592-68545AD2D871
1910	4C699C9D-54FB-45B9-EDC0-C27EC2BDC563
1911	B2F19229-2364-881D-4267-A030F445E6EB
1912	ik_in_end_right_hand
1913	vfx/jup/level/mp_jup_rundown/vfx_rund_light_shaft_godray_03
1914	544 1774 119.451
1915	EE3A2805-F0C5-11ED-8F23-B0A460E8079B
1916	3CF560B1-C8C5-11ED-8EFD-B0A460E8079B
1917	left_50
1918	left_90
1919	-1768 -812 11.2671
1920	648.002 2033.99 104.592
1921	4DF4899A-6D44-11EE-9592-68545AD2D871
1922	9EB57294-6598-BCDA-6C73-570AC3C25A10
1923	decor_drug_brick_pile_03
1924	DAB2B5F6-C4C3-11ED-8EFA-B0A460E8079B
1925	1425.62 -2786.75 190.031
1926	pfb59d8ecdc315a020_auto715
1927	580.002 2138 93.5675
1928	E4048E7F-C807-11ED-8EFC-B0A460E8079B
1929	03C9E138-C4CA-11ED-8EFA-B0A460E8079B
1930	5A36916E-6D46-11EE-9592-68545AD2D871
1931	9049140D-6D1D-11EE-9592-68545AD2D871
1932	3C57D89E-C4C1-11ED-8EFA-B0A460E8079B
1933	scriptable_veh9_civ_lnd_sedan_hatchback_1985
1934	654794FA-52E0-11EE-8F84-B0A460E8079B
1935	scriptable_vfx_animals_rat_noreturn
1936	83B0EC3C-52E1-11EE-8F84-B0A460E8079B
1937	8731D94E-388F-3FE0-71BD-7EA9FEFFDBAB
1938	mp_control_spawn_attacker_start
1939	95090D2D-8654-7725-4736-692B47012FE7
1940	12D0C59D-C4CA-11ED-8EFA-B0A460E8079B
1941	5F4AC94F-52E0-11EE-8F84-B0A460E8079B
1942	6B0C3BB6-0FF1-E101-5B6C-6F7753CE185D
1943	89BC286E-52E1-11EE-8F84-B0A460E8079B
1944	-1199 388.75 20
1945	83B0EC48-52E1-11EE-8F84-B0A460E8079B
1946	D48AC3FB-0A44-BECF-2521-DC3416CB3A80
1947	EA4F13BD-2174-B359-23CF-A2E0DE26A7D8
1948	2341.5 -3278 198.792
1949	5F43934E-F0C6-11ED-8F23-B0A460E8079B
1950	572.002 2020 104.78
1951	scriptable_electrical_conduit_set_electrical_box_04
1952	scriptable_cp_disco_glass_beer_bottle_fn_01_japanese
1953	3C57D8A1-C4C1-11ED-8EFA-B0A460E8079B
1954	0 45.0001 0
1955	5B09D479-B7A6-7B85-CD36-C8C3EA286F4C
1956	-272 -1404 15.7784
1957	FE7EAC88-BDFD-9352-CD1F-D2C76637AB34
1958	2132 2048 -92.3403
1959	pf419994aab6ceaf41_auto716
1960	1301.41 -2770.05 188.74
1961	uk_gas_tank_thin_cylinder
1962	pfbc7a701315f4fc84_auto715
1963	window_front_left
1964	vfx_rund_leaves_falling_date_palm_sml_01
1965	0 74.9967 0
1966	9C1ED099-77FA-11EE-8F82-B0A460E769BC
1967	palfa_infil_intro_9
1968	palfa_infil_intro_7
1969	491D8A15-2EA9-32B1-3870-781A7A208746
1970	0 319.997 0
1971	-8 -1872 23.461
1972	9B0D0EC1-95DD-B605-F3B5-E88100436F64
1973	0 311.991 0
1974	5F43935D-F0C6-11ED-8F23-B0A460E8079B
1975	89BC288C-52E1-11EE-8F84-B0A460E8079B
1976	8EC047B0-64C6-A9D7-62CD-5C8E770EA144
1977	3062A8E1-0820-C23B-176B-DA1ECF4ACB44
1978	D48C9D3A-C4C9-11ED-8EFA-B0A460E8079B
1979	scriptable_ee_food_fruit_pineapple_stack_01
1980	scriptable_uk_yellow_component_bin_filled_01
1981	A12A2498-C4C3-11ED-8EFA-B0A460E8079B
1982	pf1c574f4195f5a4fb_auto2108
1983	0 36.0001 0
1984	ADD272C8-D1E4-013D-F6CE-9C37B43EB728
1985	FA42C5A0-60C4-1BAE-DF2F-5D707C564ADB
1986	78F6482E-C4C3-11ED-8EFA-B0A460E8079B
1987	96C3AEB1-CFB9-8ABC-70B5-9608E2E5F03C
1988	2C94ACFB-89FE-4877-D693-6BB7CC7C04EB
1989	1374.18 -2580.24 198.862
1990	1108 2488 66
1991	hide
1992	F1EEA16F-C4C2-11ED-8EFA-B0A460E8079B
1993	A24BEED6-06C9-11EE-8F34-B0A460E8079B
1994	519.998 2096.01 97.8908
1995	1537.62 -2742.75 193.287
1996	D48C9D40-C4C9-11ED-8EFA-B0A460E8079B
1997	vfx/jup/level/mp_jup_rundown/vfx_rund_haze_static
1998	AF439D3D-F65E-8EB1-8556-0B6F8C1F010A
1999	CD3F32C5-AEBA-66FB-9AF2-0482B674F95C
2000	infil_blima_1
2001	B7EBE762-23EC-9B77-6057-4AF058498997
2002	vfx_rund_mosquitos_over_water
2003	644.002 2007.99 104.592
2004	0 64.996 0
2005	E8B27630-C8CC-11ED-8EFD-B0A460E8079B
2006	F209F3FC-C4C8-11ED-8EFA-B0A460E8079B
2007	taillights_dead
2008	ee_fence_wood_plank_post_01
2009	3F308C9E-CF64-E056-5060-06154A27B2AF
2010	CE18F9CF-270C-5508-97E8-4E61D95E697A
2011	scriptable_decor_blacksmith_tool_tongs_s_01
2012	CDE8EF96-68C7-8275-3B7C-C7379A0D29AD
2013	E7D27C1E-7DA5-9879-6EA7-39C9FF9D8A88
2014	fire_flicker_small
2015	1F9AE93C-C4C9-11ED-8EFA-B0A460E8079B
2016	CA1DA7BC-C4C2-11ED-8EFA-B0A460E8079B
2017	90E4EC93-6F82-3183-5066-6F010351DC22
2018	65479512-52E0-11EE-8F84-B0A460E8079B
2019	1031 -1636.5 72.5
2020	off
2021	scriptable_uk_bottle_oil_med_01b
2022	jup_infil_shared_movement_post
2023	6657F7F4-6D46-11EE-9592-68545AD2D871
2024	E20001AF-F0C5-11ED-8F23-B0A460E8079B
2025	F74B31DF-8A55-CE5B-B525-7CDA28926332
2026	72C1A033-165A-7EE5-9D76-304C1174D386
2027	F7677D6C-B1BF-5795-4415-79DB7C676801
2028	36911B64-C4C2-11ED-8EFA-B0A460E8079B
2029	69674A72-56C8-1081-EB61-DA17895E5792
2030	968 2144 126.868
2031	1640 3287 86.2497
2032	pf24869fffa1d3ec19_auto2108
2033	0628E726-06C9-11EE-8F34-B0A460E8079B
2034	561A6E58-2AF8-CD92-9E58-D9ACE9FEA9E9
2035	60447879-6D46-11EE-9592-68545AD2D871
2036	0 305.995 0
2037	back_left
2038	2D22D102-334B-2BF7-40C8-3B8871F893E0
2039	ABF3FCD5-06CA-11EE-8F34-B0A460E8079B
2040	jup_infil_blima_rope_fall_left
2041	B12A5CAA-1380-9663-3A79-549E1BA5E1CF
2042	80B2986B-6325-7B8C-B384-DD2B88B02999
2043	-376 -2280 35.4883
2044	vfx/jup/level/mp_jup_rundown/vfx_rund_blowing_dust_ground_02
2045	89BC2868-52E1-11EE-8F84-B0A460E8079B
2046	window_front_right
2047	D31B2774-1158-1C32-B81E-7C25CD22CCD5
2048	pfb497f85d48d099b9_auto2108
2049	2687.5 -1889.5 192.515
2050	1F71C7B6-50A1-766B-6016-25FA57ACCF82
2051	palfa_infil_intro_8
2052	palfa_infil_intro_6
2053	food_trash_bottle_juice_01
2054	07A949CC-3855-73BE-1B33-1456060AE87C
2055	1FFD1896-1306-0912-90E0-F58665A6E510
2056	A623C819-06C8-11EE-8F34-B0A460E8079B
2057	D510CF16-06C9-11EE-8F34-B0A460E8079B
2058	D48C9D2E-C4C9-11ED-8EFA-B0A460E8079B
2059	vfx/jup/level/mp_jup_rundown/vfx_rund_grass_blowing_rnr
2060	89BC2862-52E1-11EE-8F84-B0A460E8079B
2061	scriptable_hardpoint_chevron
2062	0 320 0
2063	69FB9E51-478C-8F02-E644-F9454CA0C9E6
2064	decor_blacksmith_tool_tongs_s_01
2065	vfx/jup/level/mp_jup_rundown/vfx_rund_water_puddle_01
2066	4A197585-6247-C4F0-F09D-8220BBA58A9F
2067	9C9C1F4F-9D72-F6E0-C06B-E86D17003E0C
2068	me_garbage_tire_spare_01
2069	E68F0B3C-3773-66DA-B150-B41DBDD89445
2070	DFB6403B-D353-B101-1181-0C587F11A3EB
2071	46E6D38D-C4C0-11ED-8EFA-B0A460E8079B
2072	77B44C99-C4C9-11ED-8EFA-B0A460E8079B
2073	6023F201-4FCE-6353-7506-586F05349912
2074	500709CF-9AC8-288E-AA74-BB551FBDDE48
2075	9F113DAC-8B29-BA6B-05D3-CEF0AA65F9B9
2076	C8ACB38A-C4C9-11ED-8EFA-B0A460E8079B
2077	BAAEFCB2-789B-C5C1-D424-DC5A2D2AB74B
2078	A2C822F9-3376-B08E-14D3-86271E9C4A57
2079	647.996 2080 98.8883
2080	DBDF335B-F0C5-11ED-8F23-B0A460E8079B
2081	746.79 -2963.84 210.864
2082	scriptable_food_cans_bottles_and_jars_jar_03
2083	pf1dd0e2f2b22c7b36_auto716
2084	E0EF0AF3-BF0D-6ABA-20B2-62D529687BD6
2085	0 95.3176 0
2086	FFC8AC95-AA64-C747-390D-AFD1BCA5F585
2087	371966C1-C4C8-11ED-8EFA-B0A460E8079B
2088	DAB2B5F9-C4C3-11ED-8EFA-B0A460E8079B
2089	E43EDC6D-95D5-E0D9-248E-4E42054CF6B2
2090	jup_infil_palfa_player_slide
2091	04F1A732-EA3D-6E6E-4134-DA43A67CE817
2092	1176 3308 64.1364
2093	D1008CD8-C803-11ED-8EFC-B0A460E8079B
2094	720 784 12.1346
2095	E5201DCD-7B2B-2EE2-9595-B0580E94979B
2096	892B7980-066B-ED4D-B771-C35A2B51999A
2097	vfx_rund_clouds_valley_03
2098	vfx/jup/level/mp_jup_rundown/vfx_rund_leaves_falling_olive_light_wind
2099	vfx/jup/level/mp_jup_rundown/vfx_rund_uni_sprk_elec_02
2100	jump_up_80
2101	jump_up_40
2102	vfx/jup/level/mp_jup_rundown/vfx_rund_haze_indoor_01
2103	5F43935A-F0C6-11ED-8F23-B0A460E8079B
2104	0 279.962 0
2105	3A106589-F2EF-9E40-19DC-E0CDBB17640F
2106	-76.25 -2973.5 147.276
2107	mp_rugby_spawn_axis
2108	1363.23 -2753.49 186.719
2109	CE30F160-06CC-11EE-8F34-B0A460E8079B
2110	vfx_rund_birds_sparrows_circling
2111	0B448EDF-7A3D-11EE-8F86-B0A460E769BC
2112	palfa_infil_exit_11
2113	toy_alphabet_block_group_02
2114	0 293.991 0
2115	1895.48 -3396.9 200.438
2116	vfx/jup/level/mp_jup_rundown/vfx_rund_insect_cockroach_single_2
2117	2284 860 -70.8337
2118	1495.44 -2786.18 191.039
2119	1315.99 -2649.57 196.515
2120	green::uk_misc_aerosol_can_01
2121	scriptable_uk_misc_fuel_jug_01
2122	2747.5 -1707 186.34
2123	7AB8298C-007D-3801-3F3A-17FA5DD90022
2124	3C4E2965-06CB-11EE-8F34-B0A460E8079B
2125	scriptable_food_trash_bottle_soda_04
2126	pf4531ee42828e0528_auto716
2127	803C429F-03D6-9F19-4740-153C0E46D67C
2128	1562.36 -2823.13 191.375
2129	0 212.963 0
2130	cnd_martini_glass_01
2131	498.5 -3264 191.121
2132	6E8C6643-81A5-3CC1-F466-FE4E0E7368F8
2133	ABB932DC-A745-43C3-936C-3E5347F3E13C
2134	F810EB90-6D1C-11EE-9592-68545AD2D871
2135	1896 1252 -64.9762
2136	pf5ab34879cf290984_auto2108
2137	pfbb75fdf90a7508de_auto716
2138	vfx_rund_leaves_falling_olive_light_wind
2139	2156.5 -1359 177.488
2140	E20001BE-F0C5-11ED-8F23-B0A460E8079B
2141	655E6274-F0C6-11ED-8F23-B0A460E8079B
2142	0 119.424 0
2143	-116 1688 120.141
2144	655E626E-F0C6-11ED-8F23-B0A460E8079B
2145	7D67F941-52E1-11EE-8F84-B0A460E8079B
2146	F1EEA163-C4C2-11ED-8EFA-B0A460E8079B
2147	2821 -2912.5 212.887
2148	809.5 1732.75 108.005
2149	5E5DA2AF-C4C9-11ED-8EFA-B0A460E8079B
2150	0 69.3434 0
2151	9100FD9E-019F-E4E1-8A4D-0B35F4277317
2152	1506 -2822 191.313
2153	EE3A280E-F0C5-11ED-8F23-B0A460E8079B
2154	-376 -2888 105.223
2155	food_cereal_box_01
2156	3D6AF294-5732-88EE-F686-9828A936CD95
2157	DC0949A6-F8A5-5607-DAF0-1DD1905EE21C
2158	516.003 2008 95.9973
2159	pf22263c9d8be1d1e6_auto716
2160	decor_framed_painting_old_04
2161	936 -1828 144
2162	66796305-5159-6BFF-9B85-38142D612181
2163	CCE846E9-DA03-11ED-8F10-B0A460E8079B
2164	6657F812-6D46-11EE-9592-68545AD2D871
2165	scriptable_glass_beer_bottle_fn_01
2166	0 109.571 0
2167	A942CC71-A89C-E4FF-560E-1D91D6352B22
2168	4B312DE8-346F-A2FC-3C06-DFDF52671848
2169	9D3C05EB-77F9-11EE-8F82-B0A460E769BC
2170	pfc81ee10df0c8c505_3
2171	vfx/jup/level/mp_jup_rundown/vfx_rund_insect_cockroach_group
2172	7D67F959-52E1-11EE-8F84-B0A460E8079B
2173	0 89.9987 0
2174	pf9d306bcf77e69b40_auto2108
2175	1F8DDD69-EF62-B61F-B0DA-FB78B31239C1
2176	824.811 -347.427 20
2177	food_cans_bottles_and_jars_can_03
2178	77B44CAB-C4C9-11ED-8EFA-B0A460E8079B
2179	scriptable_electrical_flicker_subtle_colors
2180	0 180.759 0
2181	prefabs/createfx/mp_jup_rundown_cfx.map
2182	6D1A7C92-81BE-61A6-7B09-E0E0844258E1
2183	pf73b8e6a76116e2f_auto716
2184	6D896B11-00B0-830E-B63B-D0BD060DBA50
2185	998730BB-BF1C-776C-C72C-4DEE2A52FE9F
2186	A3E6888D-2412-4205-AC01-7C50B17D286C
2187	pf1be73e855a9dc85f_auto2108
2188	uk_bottle_oil_med_01_blue
2189	E20001B2-F0C5-11ED-8F23-B0A460E8079B
2190	25EF40F9-9D04-7647-7CBD-D9011F408B25
2191	1301.98 -2827.87 188.813
2192	0 174.961 0
2193	0 79.9605 0
2194	uk_car_body_paint_filler_01
2195	animation
2196	tag_window_back_right
2197	9AC152D7-A937-6A75-0BA0-052A59946555
2198	E744B72E-82D2-7EB5-5C79-1F019BDFD5F7
2199	578 2389 83.5615
2200	74A760A2-13C9-C10A-76B1-C2C1F9864A91
2201	E20001C1-F0C5-11ED-8F23-B0A460E8079B
2202	mp_rugby_spawn_allies
2203	F96D4E4E-C2C3-1DC3-710E-E092C1FF2F71
2204	7D67F94D-52E1-11EE-8F84-B0A460E8079B
2205	0 148.782 0
2206	-598.25 584.25 19.3672
2207	mp_ctf_spawn_axis_start
2208	tag_window_rear_left
2209	758C42E1-6F3A-3015-9FEB-4C902C733572
2210	jup_infil_blima_rope_kick_left
2211	0 199.962 0
2212	91806173-C4C0-11ED-8EFA-B0A460E8079B
2213	39A489E4-C8CC-11ED-8EFD-B0A460E8079B
2214	DC74E4B0-6B26-C85F-5CC0-5990F6C7F269
2215	mp_xfire_spawn_team_three_start
2216	60447883-6D46-11EE-9592-68545AD2D871
2217	73C5E835-3FCB-7D68-A050-72E550248350
2218	2217.37 1429.89 -104.454
2219	B778A494-0BDC-00EB-F471-7FE21184224F
2220	14E73B3F-06C9-11EE-8F34-B0A460E8079B
2221	0 74.9969 0
2222	palfa_infil_intro_10
2223	77B44CBA-C4C9-11ED-8EFA-B0A460E8079B
2224	584.002 2012 104.78
2225	EACFA149-06CD-11EE-8F34-B0A460E8079B
2226	ACF03FDE-06C8-11EE-8F34-B0A460E8079B
2227	-1196 1084 15.54
2228	81616149-32C3-010C-F6F6-531D97756F7A
2229	0 329.998 0
2230	-2041.5 -237.5 42.7954
2231	36911B70-C4C2-11ED-8EFA-B0A460E8079B
2232	dinnerware_basket_01
2233	613B656A-5CC9-160C-03CC-C1B92CC7AC43
2234	-1560.69 337.659 36
2235	832.002 1962 108.321
2236	84D3C8CB-6D43-11EE-9592-68545AD2D871
2237	1379.8 -2815.31 188.156
2238	398120A5-06CC-11EE-8F34-B0A460E8079B
2239	C862AADA-DD67-BEC9-BA6A-DA41C283566A
2240	583.997 2098 99.406
2241	52AEEF47-06CC-11EE-8F34-B0A460E8079B
2242	5A369187-6D46-11EE-9592-68545AD2D871
2243	6657F7E0-6D46-11EE-9592-68545AD2D871
2244	-1418 -1526 51.4189
2245	lights_controller
2246	683.996 2440 70.727
2247	cp_disco_pizza_box_open
2248	83A1AB03-25A3-55AF-2890-9A3FF8A86183
2249	fingers_out_end_right_hand
2250	infil_blima_5
2251	scriptable_uk_misc_aerosol_can_01
2252	anim_playerstandrock
2253	B6609F61-E0C8-03E6-E6DE-EAE05F5A786E
2254	scriptable_electrical_box_old_rusty
2255	D7032022-06C8-11EE-8F34-B0A460E8079B
2256	1347.23 -2741.49 186.719
2257	0 229.506 0
2258	1F9AE945-C4C9-11ED-8EFA-B0A460E8079B
2259	-842.5 1432.5 49.61
2260	6C62B7D1-6D46-11EE-9592-68545AD2D871
2261	mp_sd_spawn_attacker
2262	03C9E144-C4CA-11ED-8EFA-B0A460E8079B
2263	2D12C586-C4BF-11ED-8EFA-B0A460E8079B
2264	0 303.991 0
2265	pfe30875dccfe13390_auto716
2266	1611F1B8-C8CE-11ED-8EFD-B0A460E8079B
2267	71131465-A71D-D5A3-40D9-077BA6933345
2268	tag_mirror_right
2269	777
2270	E81E2FC7-F0C5-11ED-8F23-B0A460E8079B
2271	BE3AB58D-06C9-11EE-8F34-B0A460E8079B
2272	41DD1AC6-EA3D-86C6-0706-BD967D688396
2273	E81E2FAC-F0C5-11ED-8F23-B0A460E8079B
2274	65479503-52E0-11EE-8F84-B0A460E8079B
2275	CCE846DD-DA03-11ED-8F10-B0A460E8079B
2276	7D67F938-52E1-11EE-8F84-B0A460E8079B
2277	1540.18 -2728.56 194.735
2278	6657F7CC-6D46-11EE-9592-68545AD2D871
2279	0 233.689 0
2280	859057D2-0D7F-AD52-4B20-FB43AEF8BEDD
2281	51A45836-9A4D-01B3-6922-9D2FBC8725F7
2282	1487.44 -2770.18 191.039
2283	25591454-0A43-00CA-C210-8F9ECC4F2099
2284	EDE338AA-8752-F6E2-4AB6-5C5F6C54B7D1
2285	A6CE57E7-9A4A-A11F-6F07-9B4188ADCA4F
2286	DBDF3349-F0C5-11ED-8F23-B0A460E8079B
2287	vfx/jup/level/mp_jup_rundown/vfx_rund_car_smoke
2288	pfcdda4a9d873d2e83_auto2108
2289	mp_xfire_spawn_axis_start
2290	D8A28994-8750-EAF6-F41F-7CA27B879B94
2291	pf15dfdcf26b2cf603_auto4489773969013650324
2292	EE3A281D-F0C5-11ED-8F23-B0A460E8079B
2293	me_gas_lantern_01
2294	E81E2FBB-F0C5-11ED-8F23-B0A460E8079B
2295	5CA93F3A-2005-1C16-E3EB-DF047506F533
2296	1CB8A95B-C24B-D0CE-B361-945E3A10CD40
2297	-1916.25 -942.75 25.3637
2298	splash listener
2299	scriptable_ee_clock_wall_mounted
2300	pfd041fd8434bcf4cb_auto2108
2301	pf906fa2a6f16e5394_auto715
2302	-154.5 1332.75 40.4268
2303	palfa_infil_exit_0
2304	scriptable_uk_misc_car_parts_crate_01
2305	0 260.614 0
2306	62390BB9-EBA3-3E7F-C089-1D29EB2A598B
2307	7FA5A5C7-1EAF-49F7-2074-1BAC8994E714
2308	pf7844f8715cb9f80f_auto2108
2309	6666570B-06CC-11EE-8F34-B0A460E8079B
2310	1248 -544 19.7957
2311	vfx/jup/level/mp_jup_rundown/vfx_rund_fire_smoldering_02
2312	EEDFD560-C4C3-11ED-8EFA-B0A460E8079B
2313	base
2314	jump_down_160
2315	2265.5 -3312.5 216.032
2316	87B7632D-06C8-11EE-8F34-B0A460E8079B
2317	decor_wall_macrame_01
2318	scriptable_un_propane_gas_tank_tall_med
2319	scriptable_decor_smuggler_notebook_01_open
2320	885B270C-C8CD-11ED-8EFD-B0A460E8079B
2321	0 75.9699 0
2322	0 45.9889 0
2323	620.002 2376 76.7272
2324	ik_in_start_left_hand
2325	B3FD58FC-3C70-26FD-AAA6-C26F93A0E4A0
2326	229.5 -3202 187.69
2327	vfx_rund_clouds_valley_03_thin
2328	allies_endzone_vis
2329	5F5E98F8-DCD5-FBF7-EB63-0D3DF9F7DB2C
2330	E81E2FB8-F0C5-11ED-8F23-B0A460E8079B
2331	vfx_rund_water_thin_stream
2332	6B67B4A6-F0C6-11ED-8F23-B0A460E8079B
2333	C681D286-06CC-11EE-8F34-B0A460E8079B
2334	B2C42755-1A94-BF0E-0DFA-D4803597229E
2335	vfx_rund_water_fountain
2336	1CC614D9-E395-318C-4EF9-1753E24DDE9D
2337	BA6A3D4F-A06F-0805-DF72-8D060007DA74
2338	4437D7B2-5EA5-C9E6-8528-9BD234D0667A
2339	scriptable_me_kitchen_coffee_cup_01
2340	DAB2B608-C4C3-11ED-8EFA-B0A460E8079B
2341	jup_infil_shared_movement_run_post
2342	5587D158-A82E-DB07-AC99-421C33827A3D
2343	519.998 2080.01 97.8908
2344	red::veh9_civ_lnd_sedan_hatchback_1985
2345	83B0EC18-52E1-11EE-8F84-B0A460E8079B
2346	E20001B5-F0C5-11ED-8F23-B0A460E8079B
2347	vfx/jup/level/mp_jup_rundown/vfx_rund_trash_swirl_dir
2348	-1916.87 -940.031 27.658
2349	6AA4B564-1EAE-9DF9-9B8B-F6F343DA2327
2350	0 219.999 0
2351	-1128 1744 134.729
2352	tag_window_front_left
2353	me_kitchen_coffee_cup_01
2354	scriptable_decor_trash_can_plastic_office_01
2355	DBDF334C-F0C5-11ED-8F23-B0A460E8079B
2356	6A2501D9-D97F-ACB9-53EA-0846390B97FF
2357	-954.5 1891.25 111.293
2358	vfx/jup/level/mp_jup_rundown/vfx_rund_streak_decal_01
2359	pffb71d413f5e00932_auto2108
2360	vfx/jup/level/mp_jup_rundown/vfx_rund_clouds_valley_03
2361	0 300.512 0
2362	D68AC0BA-8FFB-E219-0DD9-3791CBBCEDA0
2363	EABD8FAA-DA02-11ED-8F10-B0A460E8079B
2364	0 264.999 0
2365	0 104.804 0
2366	24CBBA65-C808-11ED-8EFC-B0A460E8079B
2367	5F439357-F0C6-11ED-8F23-B0A460E8079B
2368	19D00435-C4C8-11ED-8EFA-B0A460E8079B
2369	5A36914B-6D46-11EE-9592-68545AD2D871
2370	83B0EC36-52E1-11EE-8F84-B0A460E8079B
2371	scriptable_food_trash_soda_01
2372	mp_rugby_spawn_allies_start
2373	C2BA7DB2-465D-44EE-0F32-B961122650D0
2374	pfbfafb7d393c6faf2_auto4
2375	pfabcd4bd5192035cd_auto715
2376	j_rope_1
2377	pf21d9446498f2b836_auto715
2378	78F64840-C4C3-11ED-8EFA-B0A460E8079B
2379	86FD6C8A-06C9-11EE-8F34-B0A460E8079B
2380	1478.87 -2724.36 190.595
2381	04A693D9-07E6-5776-A13D-1B7A8CAB9F36
2382	taillights_on
2383	E4048E93-C807-11ED-8EFC-B0A460E8079B
2384	unlocked
2385	2B1082CC-3C9C-F83A-9164-0D841E504A84
2386	vfx/jup/level/mp_jup_rundown/vfx_rund_water_stream_sml_02
2387	-1348 1026 11.5367
2388	9CF36F1B-3071-5BA2-E92C-E6D40A81B0C7
2389	5E16EF2D-C4C2-11ED-8EFA-B0A460E8079B
2390	F68FCF9F-2A57-FAB4-E2F3-3B48470645FF
2391	palfa_infil_intro_17
2392	FB605230-A29E-F297-B79D-5426A899481A
2393	0 27.9937 0
2394	pf19e5e6c04e82f04c_auto2108
2395	25194FDD-C8CD-11ED-8EFD-B0A460E8079B
2396	1216 2213.5 108.139
2397	scriptable_decor_painting_floral_03
2398	071DEFFA-06D0-11EE-8F34-B0A460E8079B
2399	591B6F81-F0C6-11ED-8F23-B0A460E8079B
2400	87C7A9C2-780E-11EE-8F82-B0A460E769BC
2401	DC1F560F-06CD-11EE-8F34-B0A460E8079B
2402	2605 -2554.5 220
2403	F7A27D34-BDFD-4578-8211-7CBBE95B0578
2404	F1774DBA-70E4-476A-656E-FCABFB1C0C4F
2405	5A24A00A-DD3D-95C8-83AC-5836EF86F519
2406	8C539780-6D46-11EE-9592-68545AD2D871
2407	405AA283-76BD-1434-31CB-264E1B3DDFE7
2408	pf4149ce5413396937_auto715
2409	2780.5 -1123 130.14
2410	0 213.544 0
2411	vfx_rund_flat_water_ground_sm_03
2412	0 49.9942 0
2413	14A37893-DBBA-729A-2A00-D4CCBAB26696
2414	1752 2484 70.0566
2415	0 156.263 0
2416	B92E2DA1-EE78-C5A1-6D74-F18C97604D12
2417	1427.62 -2776.75 190.031
2418	0 124.961 0
2419	-885 2145.5 148.292
2420	82663AAD-0215-E66C-0E63-A5845EB82778
2421	5FDF92CE-06CC-11EE-8F34-B0A460E8079B
2422	vfx/jup/level/mp_jup_rundown/vfx_rund_water_drops
2423	E20001D3-F0C5-11ED-8F23-B0A460E8079B
2424	C126E995-5810-460D-11A4-D21557D720C4
2425	1F9AE94B-C4C9-11ED-8EFA-B0A460E8079B
2426	834 -3251.25 203.561
2427	pf7d367e5b30ddbe6a_auto2108
2428	-464.646 -2740.93 122.5
2429	426.5 -3236 214.587
2430	vfx_rund_clothesline_01
2431	-340 1788 170.782
2432	C28CC96A-78C8-7A2B-FBF3-A80E2F9ABEFD
2433	EEDFD557-C4C3-11ED-8EFA-B0A460E8079B
2434	scriptable_uk_tool_box_small_01
2435	5A369164-6D46-11EE-9592-68545AD2D871
2436	tool_pipe_wrench_01
2437	A9EEF52A-C8CD-11ED-8EFD-B0A460E8079B
2438	8C53976C-6D46-11EE-9592-68545AD2D871
2439	5F43936C-F0C6-11ED-8F23-B0A460E8079B
2440	1293.41 -2790.05 188.74
2441	scriptable_decor_drug_brick_pile_04
2442	655E6244-F0C6-11ED-8F23-B0A460E8079B
2443	light_part
2444	371966B5-C4C8-11ED-8EFA-B0A460E8079B
2445	895.996 2026 143.13
2446	pf89a01c0df07585b2_auto2108
2447	0 164.999 0
2448	pf1083f17e60b47060_auto716
2449	0 28.2378 0
2450	bash_left_90
2451	-1168 468 9.27106
2452	pfd70439ad07fa312_auto716
2453	tag_windshield_back
2454	headlight_left_off
2455	scriptable_cp_disco_bottle_glass_liquor_02
2456	7D67F968-52E1-11EE-8F84-B0A460E8079B
2457	scriptable_residential_ceiling_fan_modern_on_mp
2458	ik_in_start_right_hand
2459	81AA86CA-A504-C26A-B6C9-A4925E8037E8
2460	F209F402-C4C8-11ED-8EFA-B0A460E8079B
2461	fingers_in_end_left_hand
2462	E81E2FDC-F0C5-11ED-8F23-B0A460E8079B
2463	67AFC30E-3BA8-BB55-7B3C-0DDF83D5D802
2464	5E16EF36-C4C2-11ED-8EFA-B0A460E8079B
2465	FE50DE5E-BDCB-4EB7-3213-3CC4900ADB86
2466	0 41.4746 0
2467	77B44CB1-C4C9-11ED-8EFA-B0A460E8079B
2468	75A2A57D-4D53-8391-F305-739BBBAB3ADE
2469	ws_safe_offscreen
2470	0 343.989 0
2471	window_top_left
2472	vfx_rund_godrays_trees_large
2473	111D8BD4-0B8D-792D-FF0D-FFA8691D8C74
2474	104 2812 90.7163
2475	B795CBE6-807F-C96F-DDCA-31B183B00A45
2476	A82BF004-E5C0-F074-723F-B50283F11D81
2477	AF0F8473-06D0-11EE-8F34-B0A460E8079B
2478	scriptable_misc_bottle_wine_02
2479	6A787AAD-2233-7262-FA6A-DD4132AFE95B
2480	89BC2865-52E1-11EE-8F84-B0A460E8079B
2481	1409.05 -2732.93 191.001
2482	B3ED974A-074C-089D-8167-B818AD71536D
2483	D8AC08A8-A9EE-958F-1630-D90C8B60452F
2484	pf6dca6227a6eb4a4e_auto715
2485	097311A6-A5B9-84D6-900A-EE413769B407
2486	1192 2212 111.021
2487	fov_63_2
2488	814E3E97-6D1A-11EE-9592-68545AD2D871
2489	884970FA-06A2-CEC4-E395-AB5F3F6232D5
2490	896.002 1961.99 128.052
2491	7013EBAF-06CA-11EE-8F34-B0A460E8079B
2492	E0C029DB-6D0C-11EE-9592-68545AD2D871
2493	5E16EF27-C4C2-11ED-8EFA-B0A460E8079B
2494	vfx/jup/level/mp_jup_rundown/vfx_rund_fire_smoldering_05
2495	65479515-52E0-11EE-8F84-B0A460E8079B
2496	A6E01416-A980-8160-BC34-4D8FA48086C7
2497	body
2498	72687A87-6D46-11EE-9592-68545AD2D871
2499	6C62B7B8-6D46-11EE-9592-68545AD2D871
2500	D5C536BB-A570-7B92-AEA6-CB71825B4972
2501	C8ACB37E-C4C9-11ED-8EFA-B0A460E8079B
2502	9462B8CE-0032-9626-9176-C7123598F4A5
2503	78F64825-C4C3-11ED-8EFA-B0A460E8079B
2504	DE552B9F-19B0-403B-A9CD-1C0DF824A560
2505	hardpoint_vis_03
2506	6657F7D1-6D46-11EE-9592-68545AD2D871
2507	0 14.9747 0
2508	F209F3F3-C4C8-11ED-8EFA-B0A460E8079B
2509	6C62B79A-6D46-11EE-9592-68545AD2D871
2510	132 824 12.5174
2511	FDB23EF5-C807-11ED-8EFC-B0A460E8079B
2512	F07D6870-C1FF-9AF8-78FD-BF77CE5C70CC
2513	1072 2648 66
2514	60CCDCA5-C8C5-11ED-8EFD-B0A460E8079B
2515	572.002 2148 93.5675
2516	-1598.5 737.5 23.3045
2517	642ACEF1-AC57-B5FC-AAA7-FA10B2978C7D
2518	1600 -2484 201.412
2519	scriptable_equipment_duffle_bag_01
2520	hidden
2521	293C4595-06CB-11EE-8F34-B0A460E8079B
2522	A784D4EC-06CD-11EE-8F34-B0A460E8079B
2523	vfx_rund_animals_frog_jump
2524	DB5DDCC6-3539-E469-FBD2-3DC4FFCC3ADE
2525	1334.54 -2893.69 192.105
2526	F5B650B5-DC75-B626-B7CE-238688344304
2527	BAB0BEB6-D33D-7378-6793-69F24F8B49E1
2528	72687A8C-6D46-11EE-9592-68545AD2D871
2529	2850 -956 120.866
2530	719B19C0-BC61-A6E9-B461-B16479D5A8B0
2531	0 178.782 0
2532	CA4760BB-423C-58A1-493C-50A873FF3BFC
2533	pf82d7f55c6c44cd6a_auto716
2534	591B6F7B-F0C6-11ED-8F23-B0A460E8079B
2535	1326.54 -2897.69 192.105
2536	1308 -3200 187.926
2537	83B0EC27-52E1-11EE-8F84-B0A460E8079B
2538	vfx/jup/level/mp_jup_rundown/vfx_rund_trash_linear
2539	0 161.995 0
2540	0 201.998 0
2541	1532.18 -2720.56 194.776
2542	0 73.7314 0
2543	1417.05 -2748.93 190.102
2544	scriptable_medical_bottle_06
2545	-352 -571.5 15.9871
2546	605B8E6D-1D0A-88A7-F526-C9777016897F
2547	pf9dd6feba550bba68_auto715
2548	61DFC23B-C71B-5D99-B09B-02FB2CA021D6
2549	9B9909BD-06D0-11EE-8F34-B0A460E8079B
2550	0191A570-8B1D-3DE9-904F-673469BE2576
2551	F3E38EC4-C105-5C8A-F311-D2426D547C53
2552	pfc6664a259288955f_auto716
2553	AAA084B3-5094-3D02-7053-EF408A17865B
2554	E20001C4-F0C5-11ED-8F23-B0A460E8079B
2555	D3752A7B-77F9-11EE-8F82-B0A460E769BC
2556	1320.54 -2879.69 192.105
2557	89BC288F-52E1-11EE-8F84-B0A460E8079B
2558	491.996 2440 78.7913
2559	1379.75 -2644 199.23
2560	F1EEA17B-C4C2-11ED-8EFA-B0A460E8079B
2561	pf925665969e49c28a_auto716
2562	642A97C9-8980-088D-DD25-3FCAB5D56D41
2563	DA3FFABE-C807-11ED-8EFC-B0A460E8079B
2564	palfa_infil_exit_17
2565	palfa_infil_exit_19
2566	7D139AC2-06CA-11EE-8F34-B0A460E8079B
2567	scriptable_fire_flicker_small
2568	pfacd27191dc738a7c_auto2108
2569	vfx_rund_debris_blowing_ground
2570	4F8358D5-06CB-11EE-8F34-B0A460E8079B
2571	9016AB44-E109-6B8A-C5BF-D2C805A1AB7D
2572	451.996 2074 92.5114
2573	03C9E13E-C4CA-11ED-8EFA-B0A460E8079B
2574	93E5FCC8-DA02-11ED-8F10-B0A460E8079B
2575	8CB0269E-C2EB-618A-2E81-B02CE0494E04
2576	jup_infil_blima_player_grab
2577	DAB2B60B-C4C3-11ED-8EFA-B0A460E8079B
2578	037AFF53-1C62-B276-41E5-C274F6D377A4
2579	5195F880-9E5D-ADAD-E3A5-3435EAE6A7CE
2580	CCE846D4-DA03-11ED-8F10-B0A460E8079B
2581	3DF08B13-3486-1811-9EFB-5D9C6EAC2DBF
2582	BB502C24-78CE-8E34-960E-9D41BFBC937F
2583	8E2D7411-06C9-11EE-8F34-B0A460E8079B
2584	jup_infil_blima_rope_crank_left
2585	scriptable_ee_electronics_pos_cash
2586	A8A3577F-77F6-11EE-8F82-B0A460E769BC
2587	0 180 0
2588	AD1945FA-8276-6900-EE9C-38FE2AC94494
2589	food_trash_bottle_soda_04
2590	E81E2FCA-F0C5-11ED-8F23-B0A460E8079B
2591	vfx/jup/level/mp_jup_rundown/vfx_rund_falling_rocks
2592	mp_koth_spawn_axis_start
2593	pfd160ea6215040671_auto716
2594	BAF5A19E-6D10-11EE-9592-68545AD2D871
2595	5F4AC943-52E0-11EE-8F84-B0A460E8079B
2596	2708 -1936 189.411
2597	12D0C597-C4CA-11ED-8EFA-B0A460E8079B
2598	EE3A2814-F0C5-11ED-8F23-B0A460E8079B
2599	0 154.997 0
2600	0 217.324 0
2601	7D67F95F-52E1-11EE-8F84-B0A460E8079B
2602	492 2376 79.66
2603	591B6F8A-F0C6-11ED-8F23-B0A460E8079B
2604	6BCEAFCD-1962-7690-D199-98091081206D
2605	5360659A-B654-EDCC-6E4E-DB20A610E82A
2606	pff88993e7917dc072_auto2108
2607	-764 2268 145.614
2608	0EED8B72-9B13-32F5-9F55-9E4C65ABDA5A
2609	vfx_rund_light_shaft_godray_01
2610	95748485-C8CC-11ED-8EFD-B0A460E8079B
2611	5F4AC952-52E0-11EE-8F84-B0A460E8079B
2612	612 408 17.3186
2613	vfx/jup/level/mp_jup_rundown/vfx_rund_light_shaft_godray_01
2614	69FAD75D-C467-609A-58DA-0EBF84C650A1
2615	736 -3280 188.367
2616	ABC08212-C806-11ED-8EFC-B0A460E8079B
2617	0EB08628-4E3D-1423-06B5-40ED7E272597
2618	0 340 0
2619	taillights_off
2620	89BC285C-52E1-11EE-8F84-B0A460E8079B
2621	pfc2350f2323a7fbe4_auto715
2622	scriptable_me_kitchen_coffee_plate_01
2623	mp_tdm_spawn
2624	783.25 -2124.5 156.05
2625	1287.41 -2756.05 188.74
2626	19D0043E-C4C8-11ED-8EFA-B0A460E8079B
2627	2D12C456-C4BF-11ED-8EFA-B0A460E8079B
2628	tag_light_front_right_2
2629	4BC1A937-1D51-548E-FBCC-0BB2D60CF942
2630	1CF047D5-63CD-10F2-4132-AF490C4FE0CE
2631	DF0988B2-9AFA-A444-6B37-1FE5340D1D5B
2632	0 129.975 0
2633	520.003 2016 95.9973
2634	64F40733-6D11-11EE-9592-68545AD2D871
2635	0 224.461 0
2636	1818 500 -3.88019
2637	D48C9D1F-C4C9-11ED-8EFA-B0A460E8079B
2638	1
2639	5F4AC934-52E0-11EE-8F84-B0A460E8079B
2640	-1597.5 738 21.8475
2641	FAD4D99F-6D44-11EE-9592-68545AD2D871
2642	1188.48 -2660.73 188.61
2643	3C57D898-C4C1-11ED-8EFA-B0A460E8079B
2644	0 162 0
2645	pf3bd99f4880b0a9d3_auto715
2646	580.002 2008 104.78
2647	555.998 2440.01 75.4584
2648	-1715.5 -63.5 35.9973
2649	1085.75 2280.25 71.6486
2650	5FC2211E-5AAE-B9E7-4288-46E3735D8925
2651	-246 1696 144.575
2652	548754D0-0484-11EE-8F31-B0A460E8079B
2653	1AD4832F-DAC8-5DED-39C9-F6E2E9AF0BAE
2654	591B6FA2-F0C6-11ED-8F23-B0A460E8079B
2655	A12A24AA-C4C3-11ED-8EFA-B0A460E8079B
2656	0 261.992 0
2657	foliage_garden_tomato_plant_02
2658	light_front_right
2659	glass_beer_bottle_fn_01
2660	56357879-9F70-0939-4FF8-A90ADCBB2B3A
2661	784 -1836 144
2662	237D48F3-1FC1-5411-B70D-BCD6A9B10E82
2663	2121.03 66.4283 -0.024826
2664	072AB03C-1A35-AAB0-1261-C569A4720606
2665	-238 -2914 105.235
2666	vfx/jup/level/mp_jup_rundown/vfx_rund_fire_smoldering_04
2667	A9306BD4-2EC2-A7EA-682D-1CA9CCE77485
2668	556 2512 77.6834
2669	DB79AC99-47A4-3535-63F4-B9188E5114EE
2670	hardpoint_vis_02
2671	pf165446fc1978e6c_auto2108
2672	579.997 2072 99.406
2673	4EBBF920-8148-ED60-7106-A05C89830264
2674	-1114 1450 80.9796
2675	CCE846F2-DA03-11ED-8F10-B0A460E8079B
2676	F209F405-C4C8-11ED-8EFA-B0A460E8079B
2677	549444A6-75BE-EABC-D99A-011C418AA7D0
2678	0 117.424 0
2679	F1EEA172-C4C2-11ED-8EFA-B0A460E8079B
2680	1419.62 -2788.75 190.031
2681	FF320806-CAD2-376D-CC9A-5346ACD3C617
2682	5E16EF1E-C4C2-11ED-8EFA-B0A460E8079B
2683	F6CC0EAC-6D46-11EE-9592-68545AD2D871
2684	D135C445-650F-D9FE-6B88-3100BA12E4AC
2685	834D97FB-5D84-D234-6C79-9BEBDB4758AF
2686	3086F27B-6D47-11EE-9592-68545AD2D871
2687	2C8B8D5F-06C9-11EE-8F34-B0A460E8079B
2688	base_scripted_anim_slot
2689	-1247 657.5 24.6988
2690	0 114.997 0
2691	6AB7F0F7-31CE-97D1-DDA1-CEFE0E3A1E4D
2692	DBDF334F-F0C5-11ED-8F23-B0A460E8079B
2693	3D316A5B-7E69-87F4-D7B3-DDC4E0A51A18
2694	1568.36 -2823.13 191.363
2695	DBDF335E-F0C5-11ED-8F23-B0A460E8079B
2696	5F4AC922-52E0-11EE-8F84-B0A460E8079B
2697	pf82d7f55c6c44cd6a_auto715
2698	EBE57CFE-2681-A934-344C-443E1E4DB21C
2699	FC1A521E-E0C3-B2E4-B5CE-CD1BBCC6C88B
2700	free_look
2701	4FDA1FE1-B3BD-DBF2-7C81-0FBA183D3349
2702	2A6657E0-C5AF-459D-93EE-692B76902E43
2703	vfx_rund_rain_streak_decal_01
2704	milk_crate_iw6
2705	scriptable_cardboard_box_small_01
2706	1064 2955 77.2826
2707	C20AF06D-F8FC-6003-3EEC-11EE03984A69
2708	5E16EF2A-C4C2-11ED-8EFA-B0A460E8079B
2709	decor_fly_paper
2710	D6892195-73BD-416E-771B-A5FF4BA730F6
2711	F4AF1C7D-3929-BB80-6DB9-5877653964F2
2712	scriptable_emb_desk_fan_01
2713	pfe35ac77d87076bb6_auto2108
2714	89BC2883-52E1-11EE-8F84-B0A460E8079B
2715	A36CAFC3-C8CD-11ED-8EFD-B0A460E8079B
2716	chair_folding_wood_folded
2717	pf2cbbab7bd64d8303_auto2108
2718	kitchen_cutting_board_wood_square
2719	1570.36 -2847.13 191.092
2720	B24272EB-6DEF-A1AA-3142-4E43FB546363
2721	jump_across_100
2722	pf9fb3d9ed78469739_auto2108
2723	371966AF-C4C8-11ED-8EFA-B0A460E8079B
2724	palfa_infil_exit_14
2725	5A504EEA-AE8A-E245-7723-DF080B646774
2726	E8FF9353-25BD-485A-352C-E9B48F601BD2
2727	003C3984-7599-F2B9-1524-A49AB1D4EBEE
2728	D6A3920C-5476-86F6-0FB8-627FE56D9DDF
2729	8F7DAD09-9B75-215C-2A5A-CDA71CC1CCC0
2730	0 110 0
2731	AFBDA472-DA39-622D-46C2-D839862DF89B
2732	E71465D5-6113-C16C-7A09-C36BA84CD6DB
2733	-244 1728 153.291
2734	5E5DA2B2-C4C9-11ED-8EFA-B0A460E8079B
2735	vfx_rund_runoff_indoor_drips_01_land
2736	669A4526-06CE-11EE-8F34-B0A460E8079B
2737	CB399667-F289-5423-3B86-D49BDDF78FDE
2738	ee_fence_wood_plank_02_128
2739	726AE388-AB8C-27EB-5D4F-D2E636CEF2E4
2740	scriptable_decor_framed_painting_old_03
2741	237B051C-06C9-11EE-8F34-B0A460E8079B
2742	2756 -2968 198.633
2743	ECDA1E0F-0D40-D45A-6D39-5B82F40DB912
2744	facial
2745	6A45F046-FEF5-C6B9-B5A6-9853305C9F5D
2746	2058.5 -1165 146.612
2747	0DB78DEA-AC89-35D9-8E51-0E7EBCEDBBCB
2748	-2104.75 -456.25 40.4748
2749	scriptable_kitchen_cutting_board_wood_square
2750	3CF560AE-C8C5-11ED-8EFD-B0A460E8079B
2751	0797A450-C8CE-11ED-8EFD-B0A460E8079B
2752	BC2096EE-AE38-51BD-FDC1-927094C79D32
2753	2AC781BC-7886-FC10-2EAF-FA620CDAB490
2754	F209F3ED-C4C8-11ED-8EFA-B0A460E8079B
2755	683.996 2448 74.778
2756	-982.5 1196.5 18.1641
2757	pfd160ea6215040671_auto715
2758	852 2127 114.823
2759	584.002 2034 104.78
2760	ik_out_start_left_hand
2761	DBDF3355-F0C5-11ED-8F23-B0A460E8079B
2762	F11145A0-CE74-6529-84AB-8F829A4D9FEE
2763	2390.25 -1550.25 155.779
2764	1341.23 -2743.49 186.719
2765	vfx_rund_light_shaft_godray_02
2766	vfx/jup/level/mp_jup_rundown/vfx_rund_pipe_bubble_water
2767	0 305 0
2768	0E170D4B-5CAA-2A4E-E879-98779AF795B2
2769	C8ACB393-C4C9-11ED-8EFA-B0A460E8079B
2770	vfx/jup/level/mp_jup_rundown/vfx_rund_light_shaft_godray_02
2771	uk_portable_radio_01
2772	03C9E141-C4CA-11ED-8EFA-B0A460E8079B
2773	decor_misc_props_01_bottle_japanese
2774	9450F356-02AA-C55B-7C21-C24E73BCC673
2775	3BFC4C4E-2E57-BC28-CB81-8BAE4CB6F55E
2776	A54E5C56-77FA-11EE-8F82-B0A460E769BC
2777	A6D81CE8-0588-2C2E-9859-D2B27CEDB0C8
2778	scriptable_decor_wooden_cutting_board_small
2779	5CADDD74-6D1A-11EE-9592-68545AD2D871
2780	mp_tdm_spawn_axis_start
2781	scriptable_electrical_box_rusted_01
2782	vfx_rund_dust_interior_narrow
2783	E0E33365-24B6-35EE-C2B0-C80CDD9572AA
2784	36911B5B-C4C2-11ED-8EFA-B0A460E8079B
2785	A1C60D81-D486-9D3C-E8A0-5BE783E7AFAB
2786	814C5EED-E04D-D734-8D7A-239738434E10
2787	vfx_rund_haze_indoor_01
2788	932B745F-E074-75CB-1D20-00A1B78CB278
2789	pfc20e87548261c8fb_auto2108
2790	pfb59d8ecdc315a020_auto716
2791	87499522-66C6-72F5-8193-704F54D7B2E5
2792	DBDF3352-F0C5-11ED-8F23-B0A460E8079B
2793	vfx_rund_chimney_steam
2794	scriptable_jup_toy_rubber_duck_01
2795	1470.87 -2708.36 190.595
2796	D456F2C6-24DB-64FF-6319-21AF6B0BE3A3
2797	0 93.9994 0
2798	D052C4DE-CF5A-ECA0-3516-FCAD5D3022A2
2799	2074 1968 -90.387
2800	37073BEC-8183-1697-B8EA-9FBFFA7ED5EF
2801	AF2C88F0-C803-11ED-8EFC-B0A460E8079B
2802	0 11.9716 0
2803	912C51BE-4C93-B87B-C455-6C53721DA71B
2804	371966B8-C4C8-11ED-8EFA-B0A460E8079B
2805	0 273.782 0
2806	0 179.998 0
2807	scriptable_decor_wall_macrame_01
2808	-92 -1008 9.67384
2809	-394 -2842 104.936
2810	auto_mp_jup_rundown_cfx.map
2811	pffd9053f3c3b0a9b0_auto2108
2812	0 37.3244 0
2813	0 355.989 0
2814	645DC069-C4C9-11ED-8EFA-B0A460E8079B
2815	455.996 2096 92.5114
2816	A411FE5E-7319-D696-8D15-597A09CEFF83
2817	DBC38DD3-6B35-8B4D-FC6E-ACCDDF368D2D
2818	usa_desk_radio_01
2819	scriptable_decor_yellow_drug_brick_01
2820	vfx_rund_fire_smoldering_06
2821	pf419994aab6ceaf41_auto715
2822	scriptable_food_trash_container_02_open
2823	pfbc7a701315f4fc84_auto716
2824	1544 -3132.5 209.625
2825	78F64837-C4C3-11ED-8EFA-B0A460E8079B
2826	vfx/jup/level/mp_jup_rundown/vfx_rund_water_drips_pipes_01
2827	pfc6d37626ac29fa8d_auto716
2828	0 91.3176 0
2829	12D0C591-C4CA-11ED-8EFA-B0A460E8079B
2830	vfx_rund_granules_dust_falling
2831	1220 -3058 210.264
2832	D48C9D25-C4C9-11ED-8EFA-B0A460E8079B
2833	A12A24A7-C4C3-11ED-8EFA-B0A460E8079B
2834	tag_windshield_front_pristine
2835	palfa_infil_intro_4
2836	7FDFCA83-C807-11ED-8EFC-B0A460E8079B
2837	0B448ED6-7A3D-11EE-8F86-B0A460E769BC
2838	61D4F100-B8CA-3AEE-A34B-9726DB8DAC4E
2839	1478.87 -2740.36 190.595
2840	40BA7715-55E5-2876-1154-8A492BC1B932
2841	16D04215-79AF-11EE-8F84-B0A460E769BC
2842	404 2156 102.347
2843	59ACA7B5-6349-96D4-DC42-87A8217B6DBB
2844	F4C1A601-06CA-11EE-8F34-B0A460E8079B
2845	591B6F72-F0C6-11ED-8F23-B0A460E8079B
2846	scriptable_sign_commercial_mexico_restaurant_menu_stack_01_grp
2847	infil_blima_2
2848	scriptable_desktop_fan_fn_01
2849	2067.47 13.5717 15.8931
2850	EE3A27FF-F0C5-11ED-8F23-B0A460E8079B
2851	0 295.991 0
2852	2776.44 -1431.23 163.819
2853	A7C4D058-BBE1-82C7-9C59-C7A59538BAE0
2854	13E73D62-DE29-D75E-A648-12C5E8B81320
2855	pf464511ce211cdcfc_auto2108
2856	3471A3DB-06C9-11EE-8F34-B0A460E8079B
2857	pf487af49d70ad3f5_auto2108
2858	604478AB-6D46-11EE-9592-68545AD2D871
2859	12D017FA-6D1C-11EE-9592-68545AD2D871
2860	3142.5 -2645 196.887
2861	pfed251b33200fd3f7_auto2108
2862	719EA508-8D4D-48BA-5FEE-DC6B77DC25EF
2863	3C57D895-C4C1-11ED-8EFA-B0A460E8079B
2864	703.996 2026 104.142
2865	9DAE194E-8A04-179C-6C3F-481822ADBA71
2866	6F4496D2-D627-350D-8620-8EB81E1A8BC6
2867	0 0 0
2868	pf1d2d3e1d3158df2b_auto2108
2869	scriptable_me_pottery_jar_small_01
2870	jup_infil_blima_rope_fall_right
2871	3881CB44-C99A-3AF5-6941-2E5940E2520E
2872	FBE5DB69-E323-8D99-7198-1DE9E8DB5BFB
2873	scriptable_decor_plastic_buckets_01_small_white
2874	76CE8B29-5D9A-7FCE-7CDF-BCB3A7FEAC63
2875	0 214.461 0
2876	1433.62 -2802.75 190.031
2877	4F90E727-9961-142F-344B-0C4054283206
2878	6C62B7BD-6D46-11EE-9592-68545AD2D871
2879	89E56ADF-C1D9-5E95-A524-93038C5D66D2
2880	EE3A280B-F0C5-11ED-8F23-B0A460E8079B
2881	0 142.843 0
2882	6C62B7C7-6D46-11EE-9592-68545AD2D871
2883	EE3A2817-F0C5-11ED-8F23-B0A460E8079B
2884	electrical_box_rusted_01
2885	E81E2FAF-F0C5-11ED-8F23-B0A460E8079B
2886	-1158 1116 13.2148
2887	pff646bbc1f038f710_auto2108
2888	46E6D38A-C4C0-11ED-8EFA-B0A460E8079B
2889	palfa_infil_exit_3
2890	misc_bottle_wine_02
2891	6657F80D-6D46-11EE-9592-68545AD2D871
2892	-570.5 2280.75 129.974
2893	F66A30C8-C807-11ED-8EFC-B0A460E8079B
2894	EE3A2802-F0C5-11ED-8F23-B0A460E8079B
2895	896.001 2090 126.121
2896	jump_down_136
2897	91806179-C4C0-11ED-8EFA-B0A460E8079B
2898	516.003 2010 95.9973
2899	EEDFD54E-C4C3-11ED-8EFA-B0A460E8079B
2900	7D67F935-52E1-11EE-8F84-B0A460E8079B
2901	44CB441D-DEBF-BFAB-AB52-290C4F380876
2902	81C69860-CE43-9D08-A15B-52CF72982758
2903	door_back_right_dmg
2904	7D67F944-52E1-11EE-8F84-B0A460E8079B
2905	372 2693 89.1783
2906	pf7bb1939804d8926e_auto2108
2907	0B448EE8-7A3D-11EE-8F86-B0A460E769BC
2908	6C1E4538-B7F4-ADA7-BE7D-6B1246822AB3
2909	378.75 2409.5 121.82
2910	8749C9AB-5928-4FA7-9AF8-6A418189BDBE
2911	pf667e3f3a334d332e_auto716
2912	vfx_rund_fluorescent_lensflare_01
2913	5F439381-F0C6-11ED-8F23-B0A460E8079B
2914	scriptable_vfx_animals_rat
2915	0 229.997 0
2916	0 106.7 0
2917	77B44CB7-C4C9-11ED-8EFA-B0A460E8079B
2918	C6C306DE-6D44-11EE-9592-68545AD2D871
2919	E81E2FBE-F0C5-11ED-8F23-B0A460E8079B
2920	EA92823C-06D0-11EE-8F34-B0A460E8079B
2921	0 324.999 0
2922	AF8B3F99-4801-51AA-57D6-3B17382BB9F4
2923	5F439378-F0C6-11ED-8F23-B0A460E8079B
2924	648.001 2140 92.7583
2925	scriptable_food_beer_can_6pack_01
2926	0 85.9699 0
2927	96CF4175-4C74-4DC1-622D-845E5A4E1DC2
2928	EA2B88BB-C3FA-847A-5DF7-E871139F4EEA
2929	72DA8C4E-7267-51AA-AE3D-3CC1C9C6E058
2930	uk_foliage_plant_potted_fern_02
2931	F1EEA160-C4C2-11ED-8EFA-B0A460E8079B
2932	85F23F0B-455B-55E6-BE41-F280DEF96B29
2933	pf65df2940fc6afd77_auto2108
2934	c2
2935	0B448ECA-7A3D-11EE-8F86-B0A460E769BC
2936	D9856B12-B40F-B56C-524F-7BBEC82CF2A2
2937	014644E1-84FB-88A7-43DB-8AFC069F1128
2938	pf6eb7d12a210de79d_auto2108
2939	door_front_left_dmg
2940	scriptable_decor_drug_brick_02
2941	scriptable_trash_props_bottle_wine_iw6
2942	71134970-9141-1C73-FBEF-EAADFC97D56B
2943	4A34B29B-C806-11ED-8EFC-B0A460E8079B
2944	E4B82C00-4DF4-D51E-E417-556FA95C6360
2945	8C539771-6D46-11EE-9592-68545AD2D871
2946	5F43936F-F0C6-11ED-8F23-B0A460E8079B
2947	wheel_center_front_left
2948	3CF560A8-C8C5-11ED-8EFD-B0A460E8079B
2949	pf1083f17e60b47060_auto715
2950	89BC2886-52E1-11EE-8F84-B0A460E8079B
2951	mp_ctf_spawn_allies_start
2952	1788 -2552 204
2953	pfd70439ad07fa312_auto715
2954	9A5A0A54-06CE-11EE-8F34-B0A460E8079B
2955	444 2148 91.0297
2956	2F854A92-06CB-11EE-8F34-B0A460E8079B
2957	783FC243-C807-11ED-8EFC-B0A460E8079B
2958	decor_drug_brick_04
2959	pfde09a6d9343d258a_auto715
2960	6044788D-6D46-11EE-9592-68545AD2D871
2961	ik_out_end_left_hand
2962	scriptable_ee_food_fruit_apple_stack_04
2963	584.002 2140 93.5675
2964	78F64846-C4C3-11ED-8EFA-B0A460E8079B
2965	0 314.962 0
2966	pf2ae75d7305735dcf_auto716
2967	3
2968	4BD24588-6DBD-98E0-8E1B-6E99862BFF38
2969	61EA8BFF-E349-4173-D4B0-C2EC516976F9
2970	0 274.512 0
2971	-888.307 -1708.63 10.522
2972	83EB4C34-A15A-1A3C-F97F-CEF24651FEF6
2973	49F9D072-A750-10D2-D899-8F4261819A15
2974	vfx_rund_uni_sprk_elec_02
2975	1295.98 -2821.87 190.93
2976	22249322-99B2-09E6-FBD1-376CBD54D76A
2977	scriptable_food_cans_bottles_and_jars_bottle_02
2978	pf2faf1cf8f0ee74db_auto2108
2979	16D0421E-79AF-11EE-8F84-B0A460E769BC
2980	F0D87085-6C2F-49F0-DEB7-4296EC811D88
2981	520.003 2034 95.9973
2982	vfx_rund_falling_rocks
2983	36911B73-C4C2-11ED-8EFA-B0A460E8079B
2984	CA1DA7CB-C4C2-11ED-8EFA-B0A460E8079B
2985	vfx_rund_blowing_dust_ground_02
2986	ee_food_fruit_apple_stack_04
2987	vfx/jup/level/mp_jup_rundown/vfx_rund_sunflare
2988	6DDC56BF-06CE-11EE-8F34-B0A460E8079B
2989	pf6dca6227a6eb4a4e_auto716
2990	0 339.989 0
2991	palfa_infil_exit_4
2992	6C62B79F-6D46-11EE-9592-68545AD2D871
2993	pf9b668a6c984680a1_auto715
2994	BEF343B0-1503-88CD-8743-8FF0A93A28B8
2995	vfx/jup/level/mp_jup_rundown/vfx_rund_fire_smoldering_06
2996	1534.18 -2710.56 195.79
2997	1520 -2844 191.313
2998	0 181.227 0
2999	vfx/jup/level/mp_jup_rundown/vfx_rund_falling_rocks_ch
3000	0 354.962 0
3001	-813 2189.5 135.028
3002	628 -2448 142.272
3003	249196E4-7B20-6ABC-6B4D-8778801CCD78
3004	A0ACC283-A2B6-840B-D939-1C4A736B5DEA
3005	hardpoint_vis_04
3006	1470.87 -2716.36 190.459
3007	B858C1BD-6D44-11EE-9592-68545AD2D871
3008	base_book_stack_01a
3009	D4CA9602-B6FE-95AA-4E6E-240B9FF61715
3010	mp_tdm_spawn_allies_start
3011	un_propane_gas_tank_tall_med
3012	vfx/jup/level/mp_jup_rundown/vfx_rund_flat_water_ground_sm_03
3013	6C62B790-6D46-11EE-9592-68545AD2D871
3014	pf37c7dc7bcb55ddb9_auto715
3015	58731CCF-06CE-11EE-8F34-B0A460E8079B
3016	pf139afccf2fb22cab_auto2108
3017	light_front_left_2
3018	4C25E965-ACC1-6E58-C2EC-4792A82199CB
3019	0 342.987 0
3020	E09C8CA3-10A9-9212-E64A-FD2134BA10FF
3021	0157E0D1-7F76-7114-45C7-68DBBECF5EB0
3022	85EFDF61-97CE-00CC-9411-91EA6EB1BA91
3023	pfaaf6f259be93c547_auto2108
3024	655E6250-F0C6-11ED-8F23-B0A460E8079B
3025	vfx/jup/level/mp_jup_rundown/vfx_rund_debris_blowing_ground
3026	E20001E8-F0C5-11ED-8F23-B0A460E8079B
3027	83403EA1-8B40-8C62-099E-8921999B9714
3028	0 297.991 0
3029	vfx_rund_falling_rocks_ch
3030	show
3031	scriptable_jup_toy_rubber_duck_01_small
3032	pfdb75374682982ee7_auto2108
3033	46E6D384-C4C0-11ED-8EFA-B0A460E8079B
3034	2012 -3504 200.438
3035	3A0B237B-73B8-4E5D-585D-3D1549D0E5FE
3036	-604 1250 31.9995
3037	E20001DC-F0C5-11ED-8F23-B0A460E8079B
3038	20438F99-92C2-B54C-7DDC-798876A3EDDB
3039	E20001E2-F0C5-11ED-8F23-B0A460E8079B
3040	674C08A6-71E7-4FDA-389F-FADC688AA4B9
3041	D48C9D3D-C4C9-11ED-8EFA-B0A460E8079B
3042	8EA16DFF-E4CA-DD13-8C2B-37FF3EA4544F
3043	uk_tool_box_small_01
3044	1371.8 -2827.31 187.841
3045	768 2090 102.385
3046	1884 -2300 197.997
3047	-896 1420 31.0417
3048	traversal_door
3049	1411.05 -2722.93 190.218
3050	FBFC7765-52EC-C41B-DA48-1A732C79CFFC
3051	16D04224-79AF-11EE-8F84-B0A460E769BC
3052	E7F0C597-EFBE-2385-298F-2DAA2DB9A75B
3053	pfade6b64518aef91c_auto716
3054	on_nolight
3055	654794F4-52E0-11EE-8F84-B0A460E8079B
3056	36911B6D-C4C2-11ED-8EFA-B0A460E8079B
3057	vfx/jup/level/mp_jup_rundown/vfx_rund_clothesline_01
3058	6A7C2F1D-C803-11ED-8EFC-B0A460E8079B
3059	vfx_rund_sunflare
3060	tag_window_rear_right
3061	1464.87 -2710.36 190.595
3062	electrical_conduit_set_electrical_box_medium
3063	tag_light_front_left
3064	1574.36 -2825.13 191.365
3065	591B6F90-F0C6-11ED-8F23-B0A460E8079B
3066	pf8d1d8af8462481cb_auto715
3067	558BDF85-2A16-9AA0-225B-C0547D8E8B20
3068	AB435D81-E12A-21AB-E4FC-EE97CBBD7646
3069	-1090.5 1741 130.244
3070	vfx_rund_sand_blowing_from_cliffs
3071	scriptable_decor_framed_painting_old_04
3072	1F9AE942-C4C9-11ED-8EFA-B0A460E8079B
3073	pfb8fbe69c293443ae_auto715
3074	620.002 2512 75.007
3075	C612C17C-C807-11ED-8EFC-B0A460E8079B
3076	5F4AC925-52E0-11EE-8F84-B0A460E8079B
3077	C878AAA8-079F-32C7-BF71-F9BD2193A150
3078	danger
3079	exhaust_controller
3080	655E6247-F0C6-11ED-8F23-B0A460E8079B
3081	5F4AC94C-52E0-11EE-8F84-B0A460E8079B
3082	78F64831-C4C3-11ED-8EFA-B0A460E8079B
3083	-238 -2492 73.9116
3084	vfx/jup/level/mp_jup_rundown/vfx_rund_water_thin_stream
3085	0 254 0
3086	0 281.154 0
3087	18859344-93DF-FE6E-E8BB-3B1E3A049BBF
3088	8A30FADE-06CA-11EE-8F34-B0A460E8079B
3089	uk_misc_car_parts_crate_01
3090	7A986F75-F401-A7A2-EED3-D6F1EB923A6D
3091	ee_fence_wood_plank_02_128_angled_b
3092	7D67F950-52E1-11EE-8F84-B0A460E8079B
3093	604478B0-6D46-11EE-9592-68545AD2D871
3094	ee_food_fruit_watermelon_01_lm
3095	0 210 0
3096	decor_smuggler_notebook_01_open
3097	9C53DBFD-D8A6-2477-A1FA-849FAD219016
3098	A0042CBF-39BC-2352-753B-60AA9F4E29AC
3099	612E51EA-8450-9673-E841-3355B3EA9575
3100	mp_ctf_spawn
3101	me_decor_leather_bag_01
3102	DEE64C74-A901-9FAD-F417-4B13FD9ECE8B
3103	decor_trash_can_plastic_office_01
3104	pfc81ee10df0c8c505_1
3105	pfe3a1591ad8dcbeaa_auto2108
3106	kitchen_spice_rack
3107	window_rear_left
3108	-911.5 3.5 64
3109	8531D010-ED30-7459-E857-7967878A7029
3110	scriptable_decor_drug_brick_04
3111	vfx_rund_blowing_sand_directed
3112	67127FA1-05F8-9D2A-B733-B0C9DAE6F7FE
3113	rock
3114	492 2512 78.1167
3115	9063C0E0-06CA-11EE-8F34-B0A460E8079B
3116	3C57D88C-C4C1-11ED-8EFA-B0A460E8079B
3117	C8ACB390-C4C9-11ED-8EFA-B0A460E8079B
3118	D7BF477B-CE88-85A8-2FC5-AD4E149BD95D
3119	0 197.963 0
3120	502FD81D-B7E7-5E59-D73B-7CBD2796161B
3121	scriptable_foliage_garden_tomato_plant_02
3122	E4087851-F270-AF25-AB57-A033B278582D
3123	decor_drug_brick_02
3124	window_back_right_corner
3125	mp_dom_spawn_axis_start
3126	584.002 2160 93.5675
3127	2212 -3380 200.438
3128	0 155 0
3129	2056 -2402.5 204
3130	0 109.999 0
3131	2514E802-4C48-DD5F-0A71-0409ED45CA9C
3132	1357.8 -2805.31 188.156
3133	pf2af7e129bd541bd3_auto2108
3134	F1EEA169-C4C2-11ED-8EFA-B0A460E8079B
3135	pf911e467234e97b78_auto2108
3136	0 173 0
3137	window_blast
3138	2850 -956 118.232
3139	vfx_rund_trash_flies
3140	vfx_rund_grass_blowing_rnr
3141	C6EC7069-DA03-11ED-8F10-B0A460E8079B
3142	mp_rescue_spawn_attacker
3143	60447888-6D46-11EE-9592-68545AD2D871
3144	palfa_infil_exit_2
3145	0 357.989 0
3146	EF787A50-9107-D878-CFDB-3CC720517013
3147	1CA95CD2-8F73-05D9-A69D-0FB9D89F2355
3148	2240 1568 -119.445
3149	scriptable_me_gas_lantern_01
3150	99953577-9867-493F-CB34-800FFDDF9336
3151	pff3e86445042a570f_auto715
3152	520.003 2012 95.9973
3153	7D67F947-52E1-11EE-8F84-B0A460E8079B
3154	86F7A9A8-D312-F8FE-C019-F1F214D0FFC0
3155	260 -856 8.74336
3156	CBA2EE09-8358-8D94-7BEC-6C8F91909ECC
3157	83B0EC21-52E1-11EE-8F84-B0A460E8079B
3158	D152873A-8A4A-4BAD-41FF-D8868A6866A2
3159	8791E87A-3E93-B285-D5FE-602601DA9FB3
3160	1764 -1172 112.432
3161	vfx/jup/level/mp_jup_rundown/vfx_rund_amb_bugs_01
3162	jup_infil_palfa_rope_fall_right
3163	pf16d701f67249f036_auto715
3164	CD98FDD6-BE12-4BF0-204B-A49B3A43B3E0
3165	A2D92A47-5197-E28B-80FF-8FE88F6C65B9
3166	2729.5 -1716 191.151
3167	pf2d23828920a61e61_auto715
3168	3323CA40-29F3-506A-06A6-9FD60B8EE6BF
3169	0 111.989 0
3170	-1714.75 617 20.5387
3171	98EAE3A4-B0D4-8FBD-D71D-3E55FE4C594E
3172	A771F9A7-8C25-3B1D-EE40-2CC589EC4D0D
3173	-360 1570 80
3174	red::uk_misc_aerosol_can_01
3175	0 271.991 0
3176	672EE26D-DA03-11ED-8F10-B0A460E8079B
3177	taillight_left_dead
3178	flower_shop_planter_05
3179	548754E5-0484-11EE-8F31-B0A460E8079B
3180	DCE3F242-BB23-8C61-A1FA-C748E0D8E370
3181	-518.5 1134.5 57.9048
3182	CF7B9CFF-DA02-11ED-8F10-B0A460E8079B
3183	AD51BC74-A512-F83D-941D-ED920E7A58A5
3184	2411.5 -3192 215.116
3185	0 181.995 0
3186	B2843622-3DCB-A76A-489C-7904A855F20B
3187	FA2EF0FE-51AC-F4B7-DACB-B091E8243A59
3188	1AC3CC14-06CD-11EE-8F34-B0A460E8079B
3189	1572 -1704 195.433
3190	pfd16bc4ba8f3176e_auto716
3191	A381B361-8DE0-0EF7-80D9-7CAEAF0A50F7
3192	FD1BD799-06CA-11EE-8F34-B0A460E8079B
3193	4247EDEE-23B8-ED64-B9E6-ADE24C6E6470
3194	-2045.5 -93.5 31.4036
3195	C9CAE1BE-C803-11ED-8EFC-B0A460E8079B
3196	vfx/jup/level/mp_jup_rundown/vfx_rund_fluorescent_lensflare_01
3197	4A19B2E8-CE94-4894-2CEB-03F0783CCDC2
3198	89D618D4-6D11-11EE-9592-68545AD2D871
3199	c1
3200	718251F8-6D1A-11EE-9592-68545AD2D871
3201	70451183-F656-CEE6-2351-BDC6204871DC
3202	0 27.9101 0
3203	exhaust
3204	pfe30875dccfe13390_auto715
3205	E9D50E52-5383-E314-796F-AAEF536ABDF3
3206	-174 2630 139.856
3207	-368.5 1123 57.1313
3208	507.998 2084.01 97.8908
3209	scriptable_decor_drug_brick_01
3210	E20001C7-F0C5-11ED-8F23-B0A460E8079B
3211	352D3B89-0A94-84FF-61FF-9057F914F811
3212	A8EFDFBE-06D0-11EE-8F34-B0A460E8079B
3213	ik_in_end_left_hand
3214	6ED4A936-8E89-D7A0-F397-76DFA1D157CD
3215	scriptable_scriptable_door_wooden_panel_03_painted_mp_tint
3216	1863.5 -3004.5 198.208
3217	EEDFD554-C4C3-11ED-8EFA-B0A460E8079B
3218	CEB734FE-ADAB-A4BA-090B-DC9E8C456A77
3219	0 274.962 0
3220	uk_debris_wheel_hubcap_03
3221	0 314.987 0
3222	8C539785-6D46-11EE-9592-68545AD2D871
3223	scriptable_me_decor_window_curtain_01_half_broken
3224	pfde09a6d9343d258a_auto716
3225	47AFDB66-21F1-1F85-4687-3B4136A6ED00
3226	0 141.381 0
3227	mirror_right
3228	280D6435-954E-538D-ED32-496DD9061DD2
3229	0 268.512 0
3230	pf2ae75d7305735dcf_auto715
3231	pf1b8b9a4157244593_auto2108
3232	DAB2B5FF-C4C3-11ED-8EFA-B0A460E8079B
3233	8B47C9A0-6D1C-11EE-9592-68545AD2D871
3234	1429 2952 66
3235	12D0C594-C4CA-11ED-8EFA-B0A460E8079B
3236	2707.5 -1883 194.332
3237	E54F4812-7B5D-0270-F6E2-53AAB4A18C6F
3238	1436 3348 64.1364
3239	vfx_rund_uni_sprk_elec_01
3240	A12A24A4-C4C3-11ED-8EFA-B0A460E8079B
3241	EEDFD545-C4C3-11ED-8EFA-B0A460E8079B
3242	E3431F99-94AA-B639-EA83-0B502546FE74
3243	B644BB55-F299-3973-B0F8-3DCC8C402138
3244	519.998 2076.01 97.8908
3245	B4A6AD6B-9932-55D4-0985-F0D5A005F716
3246	B2D75DF1-CBE0-CF2B-4657-9B62DD6B402E
3247	EA954B07-C803-11ED-8EFC-B0A460E8079B
3248	2302BCE3-C806-11ED-8EFC-B0A460E8079B
3249	19D0043B-C4C8-11ED-8EFA-B0A460E8079B
3250	1310.42 -2585.83 198.12
3251	1F9AE93F-C4C9-11ED-8EFA-B0A460E8079B
3252	pf906fa2a6f16e5394_auto716
3253	palfa_infil_exit_7
3254	script_ignite
3255	food_beer_can_6pack_01
3256	C12035AD-6D43-11EE-9592-68545AD2D871
3257	pf9b668a6c984680a1_auto716
3258	BB6DFAC8-06C8-11EE-8F34-B0A460E8079B
3259	pf84d76a7db3fb7de3_auto2108
3260	C017D4F3-78D6-D64A-E8EE-3F0A09DEACF9
3261	516 2138 93.5001
3262	vfx_animals_seagull
3263	CA1DA7BF-C4C2-11ED-8EFA-B0A460E8079B
3264	vfx/jup/level/mp_jup_rundown/vfx_rund_fire_smoldering_01
3265	BDF72589-55B2-54B3-0576-B1975DBAD354
3266	0 195.999 0
3267	2086 100 16.0815
3268	1570.36 -2839.13 191.327
3269	4D1D534F-ED0F-09EA-FD72-AEE324C76FC9
3270	FD319102-C389-6DDA-638F-281CA1A376A7
3271	0 205.995 0
3272	957.5 -1175.5 37.5953
3273	65479506-52E0-11EE-8F84-B0A460E8079B
3274	354.25 761.25 14.4481
3275	1172.79 -2809.84 186.774
3276	pfb024c2cc11c4e4b_auto2108
3277	548754E8-0484-11EE-8F31-B0A460E8079B
3278	D343139E-3A56-443C-DA22-DDF9CF79E919
3279	pf18e07f4ebfbe306a_auto2108
3280	braking
3281	7BC03FC2-77FA-11EE-8F82-B0A460E769BC
3282	A9490F06-025B-F0C5-954B-60665AD13A5B
3283	481B05BC-3E76-5DD0-84FA-8C7C797D99A3
3284	0 214.179 0
3285	-976 1952 121.17
3286	0 169.998 0
3287	6A96C83D-12E9-7582-1724-4C225C526502
3288	335AFF81-AE54-72A4-22EA-EC6DEE5B3ECD
3289	ik_out_end_right_hand
3290	pf37c7dc7bcb55ddb9_auto716
3291	58435E5E-BF23-3A1B-BF7C-3EB629EB7B52
3292	106 2776.5 99.415
3293	scriptable_food_cans_bottles_and_jars_can_03
3294	6657F7EF-6D46-11EE-9592-68545AD2D871
3295	mp_arena_spawn_allies_start
3296	D41C00A3-D964-8420-D80B-399E23747EFB
3297	1317.98 -2831.87 190.93
3298	5BF8E01A-E0F1-41E3-C415-E168C65040D3
3299	6C6DA436-EA89-C240-86EC-1105192B142D
3300	default
3301	end
3302	0 239.997 0
3303	8619FDDC-6D46-11EE-9592-68545AD2D871
3304	1481.44 -2772.18 191.039
3305	E3D9D9C2-400F-03FA-453F-6008ADA53E32
3306	pfa4893ce148ccd332_auto715
3307	equipment_propane_burner_stove_01_white
3308	2116 -3090.5 340
3309	6657F7D6-6D46-11EE-9592-68545AD2D871
3310	2760 -1582 176.56
3311	B2F71E8A-BAE3-3AA1-F52F-3931DD78E1C1
3312	explode_left_90
3313	581C260A-5CF8-913B-D475-99542315AC33
3314	46AE8CD8-6D44-11EE-9592-68545AD2D871
3315	0 120.97 0
3316	452 2136 91.0297
3317	-287.5 -1977.5 19.5971
3318	520.003 2032 95.9973
3319	9D5587F0-8933-8E64-F130-799487D69592
3320	scriptable_food_trash_bottle_juice_01
3321	vfx/jup/level/mp_jup_rundown/vfx_rund_clothesline_03
3322	ws_raise
3323	fingers_in_end_right_hand
3324	vfx/jup/level/mp_jup_rundown/vfx_rund_water_fountain_01
3325	13CA4DCE-0AEB-B45A-7CB8-2D56E6578A79
3326	-270 2632 127.79
3327	mx::accessory_money_pile_medium
3328	df_blima_interior
3329	32B1C68D-5AA5-F361-80CB-27CD49BC582B
3330	E6D1ACA3-FA44-C403-F784-5051D93D1D67
3331	1435.62 -2818.75 190.455
3332	1564.36 -2821.13 191.364
3333	pf3aa602544606edb0_auto716
3334	scriptable_flower_vase_porcelain_02_b
3335	6044787E-6D46-11EE-9592-68545AD2D871
3336	4B6DD5F1-37C4-5BFB-6917-B9D97098B594
3337	6522EC98-ADFC-2586-C4ED-2F4ABC21F4E4
3338	3E0A20CB-A2B9-6A0A-E5E9-21B137A6C669
3339	-1341 809.5 25.9241
3340	vfx_rund_streak_decal_01
3341	5A369182-6D46-11EE-9592-68545AD2D871
3342	969F6A07-780E-11EE-8F82-B0A460E769BC
3343	81C48B9B-6D0D-11EE-9592-68545AD2D871
3344	F1EEA16C-C4C2-11ED-8EFA-B0A460E8079B
3345	F4F09E6D-EB1B-D6E7-E0A8-8E5603A1A39A
3346	no_process
3347	1472.87 -2698.36 190.595
3348	5A36915A-6D46-11EE-9592-68545AD2D871
3349	F5742B74-00E6-6E8E-84C1-ECB8CB2401CF
3350	78F64828-C4C3-11ED-8EFA-B0A460E8079B
3351	862 -3269.25 182.734
3352	jup_toy_rubber_duck_01
3353	06855167-6632-E7E0-EE0F-D2BAA111EE33
3354	15C3E3DF-A14B-37B2-C61C-F8A96EFCA52F
3355	664 -420 12.366
3356	windshield_back
3357	55F7C424-9EEB-C498-327C-2FD05B88A1A1
3358	1532.18 -2712.56 195.455
3359	869EB83A-DA02-11ED-8F10-B0A460E8079B
3360	DAB2B5ED-C4C3-11ED-8EFA-B0A460E8079B
3361	df_stop
3362	0 85.9933 0
3363	655E625F-F0C6-11ED-8F23-B0A460E8079B
3364	0FDBAB73-6339-37CC-FFAB-95A7456C0CF7
3365	scriptable_tool_pipe_wrench_01
3366	1F9AE939-C4C9-11ED-8EFA-B0A460E8079B
3367	vfx_rund_air_distort
3368	pf2edc3e2d2906a09e_auto2108
3369	C0761F9B-E9CC-2FB6-D759-5889A3A89F02
3370	C8ACB387-C4C9-11ED-8EFA-B0A460E8079B
3371	0 114.3 0
3372	EB72C62B-06C8-11EE-8F34-B0A460E8079B
3373	0 44.999 0
3374	jup_infil_palfa_run
3375	0 299.991 0
3376	E81E2FC1-F0C5-11ED-8F23-B0A460E8079B
3377	6F5C45B5-06C9-11EE-8F34-B0A460E8079B
3378	vfx_rund_smoke_cigarette
3379	03C9E153-C4CA-11ED-8EFA-B0A460E8079B
3380	0 5.99084 0
3381	0 94.9606 0
3382	F2B2CB19-01EA-971E-0B51-E2758D9DD819
3383	F209F3F9-C4C8-11ED-8EFA-B0A460E8079B
3384	499406E6-B8A6-F1FD-A2B1-57CA65FB7089
3385	23E09E8A-E020-09B9-9301-274E91DACD1D
3386	529EB39E-EE9B-D16E-0C10-A5330236149D
3387	0 239.992 0
3388	759EA378-DFDC-948A-8DAF-C7722333642A
3389	CCE846EF-DA03-11ED-8F10-B0A460E8079B
3390	vfx_rund_clouds_valley_02
3391	-966 1955 127.017
3392	1287.41 -2748.05 188.74
3393	7AF4A97F-D274-15ED-80B6-2AB2F2F15581
3394	-1500 -624 14.34
3395	E81E2FB5-F0C5-11ED-8F23-B0A460E8079B
3396	me_boardgame_backgammon_01
3397	515.998 2074.01 97.8908
3398	230A8F9F-902A-8BFC-C35C-72E2FDCB0C0B
3399	-1588 -720 19.184
3400	36ABB9CE-C70E-5AC3-3895-20273F51D188
3401	06F0A230-C8CD-11ED-8EFD-B0A460E8079B
3402	wheel_center_back_right
3403	328 -1300 18.9321
3404	0 269.962 0
3405	18CD0CB3-C4CA-11ED-8EFA-B0A460E8079B
3406	CCE846D7-DA03-11ED-8F10-B0A460E8079B
3407	BC5CA84C-780E-11EE-8F82-B0A460E769BC
3408	palfa_infil_exit_10
3409	6D4DAE27-9C27-511E-D6C3-E13D477970D1
3410	89BC2874-52E1-11EE-8F84-B0A460E8079B
3411	uk_bottle_oil_small_01
3412	pf1aa331d9436c281a_auto2108
3413	1365.8 -2801.31 188.156
3414	0 339.999 0
3415	83B0EC1E-52E1-11EE-8F84-B0A460E8079B
3416	1512 -2864 191.313
3417	0 295.426 0
3418	73E653B4-7B05-B261-929C-39C5EF084EAD
3419	BEE2F74B-A49A-9AF6-7D7C-EF60D2615BAA
3420	1371.8 -2835.31 188.156
3421	689A3E89-C807-11ED-8EFC-B0A460E8079B
3422	0 77.9933 0
3423	4D1F1CE1-2909-7411-D7BA-F9141BAE7BAC
3424	pfb8fbe69c293443ae_auto716
3425	A850FDC1-77F9-11EE-8F82-B0A460E769BC
3426	D3E4098B-6D1B-11EE-9592-68545AD2D871
3427	9205D552-06CD-11EE-8F34-B0A460E8079B
3428	D8762F28-C803-11ED-8EFC-B0A460E8079B
3429	vfx/jup/level/mp_jup_rundown/vfx_rund_pipe_steam_pressure
3430	849770AA-6741-B7BD-6A46-FAE3B5C1E169
3431	-156 848 22.7088
3432	456 2034 93.0138
3433	4EB4F42E-5C92-F624-BA8B-5C08CD025EFA
3434	scriptable_paris_potted_plant_small
3435	food_trash_bottle_soda_03
3436	EED02610-85AF-750C-1A55-DEF0954A0989
3437	vfx/jup/level/mp_jup_rundown/vfx_rund_chimney_smoke
3438	98DE44EB-F3EF-E3BD-F398-E99978F40A21
3439	0 214.678 0
3440	pfc0bc48b80ba8b036_auto716
3441	3CF5609C-C8C5-11ED-8EFD-B0A460E8079B
3442	CFFA4306-FA60-EB80-2B0B-AF49FE8C976C
3443	jup_infil_shared_movement_pre
3444	ee_fence_wood_plank_02_128_angled_a
3445	0DA2312D-8AFE-EC7A-D174-1533A86EAF2B
3446	873AE144-846B-0BC2-D4AD-92F86F7EFB26
3447	ACA5B84D-39AA-C04A-A293-2D580E8119DF
3448	591B6F75-F0C6-11ED-8F23-B0A460E8079B
3449	0 85.9932 0
3450	1135.5 -578 20
3451	1060 -1096 27.9161
3452	043C15FC-6329-BA2D-D8EB-1D072E3D7DAC
3453	decor_framed_painting_old_05
3454	F6805D30-C8CD-11ED-8EFD-B0A460E8079B
3455	0 299.994 0
3456	jump_down_40
3457	jump_down_80
3458	654794F1-52E0-11EE-8F84-B0A460E8079B
3459	67BE20E6-0747-25E9-A1E0-E5A11425A710
3460	83B0EC24-52E1-11EE-8F84-B0A460E8079B
3461	-1684 20 14.3624
3462	1618.25 -3099.25 188.881
3463	pfc81ee10df0c8c505_2
3464	0418A15C-6B1D-5E72-BBFB-245B54B1465E
3465	78F6483D-C4C3-11ED-8EFA-B0A460E8079B
3466	scriptable_uk_debris_wheel_hubcap_03
3467	0 103.998 0
3468	03C9E150-C4CA-11ED-8EFA-B0A460E8079B
3469	8DDC473A-C806-11ED-8EFC-B0A460E8079B
3470	crate_plastic_lrg_01_dirt_green
3471	scriptable_uk_foliage_plant_potted_fern_02
3472	58ED46C4-660D-5A4B-B7D4-B29B4C9E4626
3473	1363.8 -2811.31 186.766
3474	1303.98 -2817.87 190.93
3475	16622FD0-9E97-2D11-F6C0-D8C8AC1AF333
3476	0 81.3435 0
3477	83B0EC42-52E1-11EE-8F84-B0A460E8079B
3478	vfx_rund_pipe_bubble_water
3479	1427.62 -2784.75 190.031
3480	EE8C0A20-23CF-28FA-D0E3-D6C08FB02121
3481	scriptable_decor_candle_wax_01_no_dish_short_01
3482	0A52D1E6-6A4F-5052-EC5F-870744BDBA38
3483	headlights_dead
3484	0 124.999 0
3485	-1746 571 19
3486	C5997907-06C9-11EE-8F34-B0A460E8079B
3487	ee_food_fruit_watermelon_02
3488	193FF474-9627-DE1D-D56B-3064A5822FFF
3489	04650675-0F3A-B55B-CA07-C2B25C51C6FD
3490	0F1A275E-2B73-258D-E238-BFD89F0B6CC3
3491	FA283BD3-FD32-BACE-7019-155EF2F516D2
3492	516 2136 93.5001
3493	pfade6b64518aef91c_auto715
3494	0 39.9979 0
3495	03C9E13B-C4CA-11ED-8EFA-B0A460E8079B
3496	vfx/jup/level/mp_jup_rundown/vfx_rund_clothesline_02
3497	5E16EF21-C4C2-11ED-8EFA-B0A460E8079B
3498	pf8d1d8af8462481cb_auto716
3499	noise
3500	pf4026d0ac34b9d16f_auto715
3501	19DCC1A6-CD0E-632C-FCCC-C2635142A8E9
3502	3CF560A5-C8C5-11ED-8EFD-B0A460E8079B
3503	uk_furniture_wood_standing_coat_rack_01_gray
3504	A12A2492-C4C3-11ED-8EFA-B0A460E8079B
3505	-506 -2738 107.625
3506	520 2144 93.5001
3507	taillight_left_off
3508	8CDC88A6-06D0-11EE-8F34-B0A460E8079B
3509	scriptable_chair_folding_wood_folded
3510	591B6F8D-F0C6-11ED-8F23-B0A460E8079B
3511	0 69.9972 0
3512	scriptable_food_trash_bottle_soda_01
3513	619.997 2448 77.5491
3514	5A369169-6D46-11EE-9592-68545AD2D871
3515	explode_right_90
3516	0 287.991 0
3517	0 339.049 0
3518	0 35.992 0
3519	655E624D-F0C6-11ED-8F23-B0A460E8079B
3520	0B29E029-1A0E-4890-95F5-86E5F66734D8
3521	498.5 -3264 191.195
3522	scriptable_milk_crate_iw6
3523	397.5 1452.75 156.129
3524	747114C8-06CE-11EE-8F34-B0A460E8079B
3525	light_smoke
3526	1B2483B7-691B-66EF-0DE2-549972E419E5
3527	cardboard_box_small_01
3528	C1866256-7F85-F98C-2503-726C752F09CC
3529	veh8_civ_lnd_decho_dirty_milgreen
3530	-19.5 -2798.25 119.447
3531	pf74e1e49fc43fa7d7_auto716
3532	444 2020 93.0138
3533	5BAF1197-DBA0-2280-8713-6D706D83007C
3534	60447892-6D46-11EE-9592-68545AD2D871
3535	decor_lantern_ornate_01_silver
3536	684.002 2375.99 74.5153
3537	pfc8d0b6bd9a7133a3_auto2108
3538	643.996 2072 98.8883
3539	070F3402-6DD6-D495-FA8D-055032087A0D
3540	D2125CE4-01DB-4995-DB5D-279438BD4AF1
3541	BCF8FADE-7B62-DFD4-901E-B741BEC7ACD0
3542	16D04203-79AF-11EE-8F84-B0A460E769BC
3543	0 143.998 0
3544	0 228 0
3545	pfef71d38ab5b52207_auto716
3546	-170.5 2176.75 199.45
3547	scriptable_uk_portable_radio_01
3548	724.75 -1038.75 24
3549	3CF560B4-C8C5-11ED-8EFD-B0A460E8079B
3550	8307FDF8-72D7-BF59-310A-C97CF7BB6552
3551	pf8f9aa240bd21ff03_auto2108
3552	6A67876A-BCF8-A783-80A4-CE6A21D43477
3553	CA1DA7D4-C4C2-11ED-8EFA-B0A460E8079B
3554	vfx_rund_floating_trash_01
3555	654794F7-52E0-11EE-8F84-B0A460E8079B
3556	0 79.9933 0
3557	6C62B795-6D46-11EE-9592-68545AD2D871
3558	B7F4717D-D844-9D0D-4D76-A0BB522BFCB5
3559	E1613939-06CC-11EE-8F34-B0A460E8079B
3560	tag_window_top_right
3561	03C9E132-C4CA-11ED-8EFA-B0A460E8079B
3562	decor_wooden_cutting_board_small
3563	vfx/jup/level/mp_jup_rundown/vfx_rund_floating_trash_01
3564	vfx/jup/level/mp_jup_rundown/vfx_rund_rain_streak_decal_01
3565	0 161.996 0
3566	2899.5 -2323.5 205.141
3567	5FFC0E88-42EB-214A-6E9C-FF449769E73C
3568	pfa4893ce148ccd332_auto716
3569	1326.54 -2913.69 192.105
3570	3834B16E-C806-11ED-8EFC-B0A460E8079B
3571	687C5FCD-7D55-7323-366E-2FA5D00DC15C
3572	vfx/jup/level/mp_jup_rundown/vfx_rund_uni_sprk_elec_01
3573	E20001D0-F0C5-11ED-8F23-B0A460E8079B
3574	me_food_drug_khat_bag_01
3575	A56B8631-9714-7332-3FA2-4D62CC4EE44B
3576	2AEE3474-7AFC-88B8-ABAB-82DC5BFA3E8E
3577	-196.5 2527.5 145.791
3578	scriptable_base_book_group_01a
3579	scriptable_equipment_dyn_welding_torch
3580	F1EEA175-C4C2-11ED-8EFA-B0A460E8079B
3581	1246.66 -2591.4 196.623
3582	0 209.999 0
3583	tool_broom_wood_01
3584	mp_control_spawn_defender_start
3585	282D2965-8BEB-0E42-F793-533F0309C93A
3586	84DB92F4-3CE1-A2EE-6740-921D919C0836
3587	4B0E7697-AB60-1107-A708-6690576B9FE3
3588	vfx/jup/level/mp_jup_rundown/vfx_rund_water_fountain_02
3589	1652 496 -0.130501
3590	5F43937B-F0C6-11ED-8F23-B0A460E8079B
3591	pf31eb61cfc2048fe6_auto2108
3592	C6655ED5-C8CC-11ED-8EFD-B0A460E8079B
3593	E20001CA-F0C5-11ED-8F23-B0A460E8079B
3594	1318.54 -2889.69 192.537
3595	0B448ECD-7A3D-11EE-8F86-B0A460E769BC
3596	548754D3-0484-11EE-8F31-B0A460E8079B
3597	pf4ab454ead33e2037_auto2108
3598	0 60.3429 0
3599	2727.5 -1611 184.064
3600	6E1832BF-E556-54E6-47B3-09333ABB3AD7
3601	vfx_rund_cold_air
3602	C9BA8A88-06C8-11EE-8F34-B0A460E8079B
3603	scriptable_decor_framed_painting_old_05
3604	574B9FF3-A297-8FB8-E883-0B2FB0E8F72A
3605	1512 -2848 191.313
3606	electrical_flicker_subtle_colors
3607	scriptable_ee_grass_dried_flower_01_med_shelf
3608	vfx/jup/level/mp_jup_rundown/vfx_rund_dust_interior_narrow
3609	2B836538-83C9-77D9-D8FF-AC9422689849
3610	scriptable_food_trash_bottle_soda_03
3611	scriptable_decor_lantern_ornate_01_silver
3612	pf4531ee42828e0528_auto715
3613	mp_rugby_spawn_axis_start
3614	mp_koth_spawn_allies_start
3615	CE784E6D-48F6-D6E8-ACAB-7C8FEE9F02EB
3616	3128 -2644 196.887
3617	452 2010 93.0138
3618	equipment_dyn_welding_torch
3619	5F439354-F0C6-11ED-8F23-B0A460E8079B
3620	scriptable_foliage_garden_carrot_pile_01
3621	77B44C9F-C4C9-11ED-8EFA-B0A460E8079B
3622	456 2144 91.0297
3623	1066.5 -539 20
3624	6124A4FD-8A8D-C63C-991D-0E502632447E
3625	643.996 2074 98.8883
3626	1285.41 -2766.05 189.754
3627	CAB5214D-B812-D333-98D8-87577310AF28
3628	pfbb75fdf90a7508de_auto715
3629	800A7EB1-C8CD-11ED-8EFD-B0A460E8079B
3630	7D67F953-52E1-11EE-8F84-B0A460E8079B
3631	B4C481C3-7FF6-0C99-823C-1F76713BB97A
3632	9E8F37FA-A8CA-5E71-8471-A85AD16EC32C
3633	65D8AAA5-17F5-7F78-9814-3501B0113882
3634	18CD0CBC-C4CA-11ED-8EFA-B0A460E8079B
3635	-328 -2928 106.5
3636	394 1624 148.408
3637	EE3A2811-F0C5-11ED-8F23-B0A460E8079B
3638	0 139.997 0
3639	E20001D6-F0C5-11ED-8F23-B0A460E8079B
3640	83B0EC39-52E1-11EE-8F84-B0A460E8079B
3641	0 145.701 0
3642	tag_windshield_front
3643	frozen
3644	A7A025E6-27A8-E799-86D4-037EE9543E1B
3645	-1101.75 1455.75 91.3444
3646	pf22263c9d8be1d1e6_auto715
3647	A9CD0E0D-9DE6-289F-B4F8-4A6A98F980F5
3648	7C751A0E-3FD5-5CAF-0660-90CD953C6F28
3649	EAAA822C-CC34-26B0-031B-F8875016085D
3650	ee_food_fruit_pineapple_stack_01
3651	E20001E5-F0C5-11ED-8F23-B0A460E8079B
3652	1498 -2834 191.313
3653	A12A248C-C4C3-11ED-8EFA-B0A460E8079B
3654	scriptable_uk_gas_tank_thin_cylinder
3655	decor_drug_brick_pile_04
3656	C625E42A-06CD-11EE-8F34-B0A460E8079B
