   1	-945.5 -711.5 40.9067
   2	E3DDA552-6B42-8963-F287-586D24541BB4
   3	-1081 1042 32
   4	me_snack_package_cracker_box_small_02
   5	105955A6-0746-5465-8AF6-0AE18536C1C5
   6	food_trash_cup_short2
   7	tag_door_back_left
   8	1170.88 649.084 94
   9	-1047 -243 47.25
  10	D78AA8E8-39D9-11EF-8F7C-D03C1F565E3B
  11	0 273.799 0
  12	C5823C72-E999-ADAB-DBF3-113FA298CC73
  13	FB6C8A31-1896-11EF-9528-D03C1F55146D
  14	vfx_drivethru_water_stream_sml_02
  15	A3C69730-84FE-B17F-DCAC-B17F51171240
  16	0 307.599 0
  17	3E856D76-B3B1-11EE-8F98-68545AAD9F25
  18	pf5fed8b0128f2f531_auto2108
  19	07729A28-8EE2-1A59-C833-DF58FF4DE74C
  20	0 97.9994 0
  21	0 133.998 0
  22	tag_window_back_left
  23	1FE2BFB1-5913-11EF-95D5-68545A904D17
  24	5A0FCE79-4893-11EF-95D2-68545A904D17
  25	1134.43 -1016.08 98.1033
  26	E39BA675-39D9-11EF-8F7C-D03C1F565E3B
  27	9DDC78D4-3E6E-11EF-B888-E0D464379E10
  28	scriptable_me_snack_package_cracker_box_small_02
  29	-938 -609.5 52
  30	FFAF0971-0394-21E7-7EAA-06A09C50D6D2
  31	58F4C3B2-39D8-11EF-8F7C-D03C1F565E3B
  32	ik_out_start_right_hand
  33	vfx/jup/level/mp_jup_drivethru/vfx_drivethru_fog_mist
  34	8F1DBBC5-27AB-11EF-8F71-D03C1F565E3B
  35	0436A606-5912-11EF-95D5-68545A904D17
  36	1170.88 649.084 102
  37	16.3339 -300.382 100
  38	pff5f0f780392c6aea_auto2108
  39	695CB9EE-3E84-11EF-B888-E0D464379E10
  40	25641294-1897-11EF-9528-D03C1F55146D
  41	F6B3E007-E7E4-7B09-2678-150A20F33319
  42	infil_van_6
  43	3C049366-C930-3151-642D-34B1495D612C
  44	F7C703EA-4899-11EF-95D2-68545A904D17
  45	tag_origin
  46	C78C7581-5FC3-8E3C-B20A-BFE3E37DA727
  47	-972 594 35
  48	1464.96 791.185 106.041
  49	invisible
  50	pfdc024d701b854f3_1
  51	87990511-3DAC-2B1C-BEC0-E201AA44440D
  52	9E63F719-39C0-11EF-8F7C-D03C1F565E3B
  53	D5C93E9A-F5D1-373F-F3D2-47FF9DB1611A
  54	927FBB6B-E4F3-C400-9AC0-A5C479DF5ACE
  55	807214DA-2ABE-54D4-BB96-0A9C6A0F3CA1
  56	1476.08 98.43 106
  57	50.58 -1151.07 71.6829
  58	6D31A427-3E6D-11EF-B888-E0D464379E10
  59	BB073A7B-9166-3A09-D8BD-C64F912C2141
  60	0 310.9 0
  61	85EFEC3C-8966-BDC0-CF99-352350856DEF
  62	3399B9BB-48CE-11EF-AF98-E02BE9D31D40
  63	-310 -505 54.62
  64	0 89.9986 0
  65	scriptable_p7_diner_table_holder_together
  66	vfx/jup/level/mp_jup_drivethru/vfx_drivethru_water_drops
  67	EB3CE517-97CE-97EB-D175-EB3839906304
  68	-1087 -888.5 51.6158
  69	decor_plastic_buckets_01_big_white
  70	-1046 -334 37
  71	BEFD38AD-2DCF-EFD8-D5A1-0B0D3C810325
  72	1242.08 -781.57 104.433
  73	CCC42301-1429-B525-6026-6B72E41DB898
  74	C1CAFFA7-7393-DFBC-6E59-629615C70FF2
  75	mp_dd_spawn_attacker_start
  76	E08DF286-2E5D-7FA3-D8B3-EA154512FF48
  77	254521E8-0EA7-11EF-9522-D8BBC1544079
  78	369.038 33.5 100
  79	91FC5DCE-A6A6-AD28-9634-150BF594A73C
  80	0 180.798 0
  81	B73CA3D5-48D5-11EF-AF98-E02BE9D31D40
  82	986.57 -1182.92 94.3776
  83	8D29B9DE-4EA2-8E90-ACDF-6E793D8823EB
  84	carousel_confetti
  85	045016F2-15AE-814A-17BF-1D59FB64B88B
  86	0B77B1B7-1407-11EF-9528-D03C1F55146D
  87	mp_dd_spawn_defender_b
  88	infil_van_iw9_2
  89	cp_disco_bottle_glass_liquor_01
  90	food_trash_soda_01
  91	-1123 -73 47.25
  92	13BC7587-A51C-5CA7-880E-33E3A8C0C6F1
  93	059D42C4-3E85-11EF-B888-E0D464379E10
  94	decor_balloon_b_yellow
  95	1135.5 -474.5 99.1655
  96	A6D01ADF-2DFA-3CEA-F5AF-64DEC22E49CD
  97	0 307.9 0
  98	0 350.5 0
  99	AF7B6B7B-A741-0133-A657-DAA8CC46A81E
 100	BB9545EF-2A63-089E-8E8A-9BF04CC85D36
 101	mp_control_spawn_attacker
 102	142D9FC6-B32E-8BCB-BA30-F408648CED89
 103	1F13B30D-1C1D-7913-B07E-907544364FAC
 104	668F7A7E-27C7-11EF-8F71-D03C1F565E3B
 105	19C11B1E-39C1-11EF-8F7C-D03C1F565E3B
 106	1474 774 96
 107	-1083 -487.5 52
 108	DAA4D49A-13E7-11EF-9528-D03C1F55146D
 109	00260094-26C5-0ED6-AFFC-7FE342117CCC
 110	A1001550-347A-2171-5207-0E6B428CBA6E
 111	-1112 -478 36
 112	0 167.799 0
 113	D1D4F906-ED6D-0513-979D-14FE2178D49A
 114	6C1A8D04-39C1-11EF-8F7C-D03C1F565E3B
 115	0 207.499 0
 116	DED3642D-1405-11EF-9528-D03C1F55146D
 117	7ADDB6D4-48D5-11EF-AF98-E02BE9D31D40
 118	0 223.998 0
 119	0 90 0
 120	scriptable_me_garbage_box_cardboard_01
 121	5F1F1545-39D8-11EF-8F7C-D03C1F565E3B
 122	pf5bfb38adf27c3b0b_auto2108
 123	93E874F4-2DF2-11EF-8F76-D03C1F565E3B
 124	mp_dd_spawn_attacker_b
 125	7F1CAD11-3E80-11EF-B888-E0D464379E10
 126	fluorescent_flicker_fast_steady
 127	F5775B53-4053-9BDB-BAAB-93EBF2A1C6A7
 128	812.43 189.92 93.3434
 129	703F61D0-70AB-B632-44C1-C53F6D4946A6
 130	scriptable_kitchen_knife_chef_01
 131	9E0B6C52-24FA-E354-6109-A8C1E11F823D
 132	-113 -1051 49
 133	jup_infil_blima_rope_kick_right
 134	mp_dom_spawn_secondary
 135	9E617CB5-5912-11EF-95D5-68545A904D17
 136	1B2696CD-5915-11EF-95D5-68545A904D17
 137	infil_blima_4
 138	vfx_drivethru_leaves_falling
 139	ECB8490B-0EA6-11EF-9522-D8BBC1544079
 140	-361 -455 51.6414
 141	0 303.474 0
 142	3EA3AA8D-15CC-822F-49FE-E3E0284560A0
 143	BC519157-DDEE-0C55-17B3-EFDCF4E35A08
 144	E288BD77-4890-11EF-95D2-68545A904D17
 145	tag_light_back_left
 146	-1175 1028 44.3693
 147	5D8806C3-248B-11EF-8F70-D03C1F565E3B
 148	310C5F6B-5911-11EF-95D5-68545A904D17
 149	1422.08 -1055.57 91.7295
 150	van_infil_sfx_npc4
 151	vfx_drivethru_bulb_yellow_lensflare_01
 152	jup_us_bathroom_product_spray_bottle_01
 153	0 359.399 0
 154	668F7A30-27C7-11EF-8F71-D03C1F565E3B
 155	0 287.7 0
 156	AF983C9B-1439-E652-0901-E799DE458C0A
 157	veh_cer_civ_us_forklift
 158	3B7F246C-39DA-11EF-8F7C-D03C1F565E3B
 159	3B7F2463-39DA-11EF-8F7C-D03C1F565E3B
 160	vfx/jup/level/mp_jup_drivethru/vfx_drivethru_moon
 161	D93D44D5-9373-7919-3477-84A76530E9CE
 162	vfx/jup/level/mp_jup_drivethru/vfx_drivethru_electrical_sparks_01
 163	A8342C63-5B4C-E6B9-3C59-DF5EFCB06ABD
 164	7FCD3AAB-F6BB-EDE5-FC68-C6F78FAC2CE9
 165	0 333.999 0
 166	vfx_drivethru_electrical_sparks_01
 167	24E14951-5912-11EF-95D5-68545A904D17
 168	6A9A1F3F-B3B3-11EE-8F98-68545AAD9F25
 169	food_trash_cup_soda_lrg_01a_stack2
 170	58A1C3AB-27B5-11EF-8F71-D03C1F565E3B
 171	56A1A194-27B7-11EF-8F71-D03C1F565E3B
 172	19AEE4EC-0EA7-11EF-9522-D8BBC1544079
 173	89A24761-27B5-11EF-8F71-D03C1F565E3B
 174	BBC4DA16-39C0-11EF-8F7C-D03C1F565E3B
 175	closed
 176	19C11B1B-39C1-11EF-8F7C-D03C1F565E3B
 177	-1109 -883 50.8788
 178	1158.08 434.43 106
 179	B0A47F15-D780-1C4C-4EA4-C0F2C6F6603E
 180	me_kitchen_coffee_bag_04
 181	damageheavy
 182	0E8AB642-AF04-11EE-9B06-68545AAD9F25
 183	1D2C0283-5C19-4E06-6443-095FBBD6E246
 184	0 90.8999 0
 185	FDB23301-2B26-F41E-53A7-BECC919DFF63
 186	31C69011-4892-11EF-95D2-68545A904D17
 187	0 211.998 0
 188	43E71A83-3E85-11EF-B888-E0D464379E10
 189	39CAEBF9-3D88-11EF-8F7F-D03C1F565E3B
 190	7EC28767-E807-8CDA-4F6E-31D53394EC20
 191	me_snack_package_bread_bag_01
 192	4626C06B-5912-11EF-95D5-68545A904D17
 193	mp_dm_spawn_start
 194	4626C084-5912-11EF-95D5-68545A904D17
 195	0 358.099 0
 196	19C11B2A-39C1-11EF-8F7C-D03C1F565E3B
 197	1388.56 657.11 107.618
 198	rp_trash_bottle_wisky_01
 199	1401.08 -1229.57 105.645
 200	4BC4CB01-B3B1-11EE-8F98-68545AAD9F25
 201	mrap
 202	0 60.1995 0
 203	0 63.9992 0
 204	0 197.9 0
 205	mp_dom_spawn_allies_start
 206	49090561-E9AD-34EA-F988-7ACA4CF57F2B
 207	mp_arena_spawn_axis_start
 208	pf16f76969f3a5d1a8_auto2108
 209	98F4271B-9962-7239-64B4-BB97B9DAFB93
 210	idle
 211	6FB8B079-145B-B50B-B9D0-491AA2D60749
 212	food_trash_burger_box_01_open
 213	FB6C8A36-1896-11EF-9528-D03C1F55146D
 214	pf90e5810b080ce25d_auto2108
 215	1446 -76 99.5
 216	970.43 -1186.58 95.4421
 217	4F741354-0631-6867-A43A-16ACDAFDDB93
 218	697.08 -1190.57 90.861
 219	555BFE68-56FB-1851-8A36-0C43E59E27D7
 220	infil_blima_3
 221	9E617CD6-5912-11EF-95D5-68545A904D17
 222	flower_shop_planter_05_with_plant
 223	scriptable_tool_cordless_drill_01
 224	-929 -690 40.4067
 225	70BDF7A8-B3B1-11EE-8F98-68545AAD9F25
 226	C58C6431-B4CF-A736-5602-378DA7BE8BA0
 227	001C3A2B-2B53-5492-5A95-D468A46530CF
 228	1416.08 960.43 105.047
 229	58F4C3AC-39D8-11EF-8F7C-D03C1F565E3B
 230	9573FB91-590A-11EF-95D5-68545A904D17
 231	electronics_store_register_whole
 232	D9FE8724-0A96-3257-7B62-7597EB72A43B
 233	0 274.4 0
 234	-1161.5 1040.5 28.6646
 235	7D76E14B-C2E5-5E9C-91DB-9C8CBC5830D6
 236	3745C75A-2181-0735-D565-48603161E9FD
 237	vfx_drivethru_water_drops
 238	-904 -886 49.5473
 239	0 309.999 0
 240	113E85A8-489C-11EF-95D2-68545A904D17
 241	FF4C2950-3DCA-11EF-B888-E0D464379E10
 242	2B63A9CC-1897-11EF-9528-D03C1F55146D
 243	7C14AB9F-7D42-372E-2FF6-A8D04E51869C
 244	5
 245	D4A85162-4898-11EF-95D2-68545A904D17
 246	D12F7EDE-9ED2-63BB-EB8F-7E9366FF7E98
 247	row1_left
 248	1512.38 18.584 116.131
 249	FE228E60-2591-6843-69A7-2606DE54E0A6
 250	B0656670-39C0-11EF-8F7C-D03C1F565E3B
 251	625D60DD-3E8E-11EF-B888-E0D464379E10
 252	883619B9-43D3-21D4-C017-3B08A4F36D86
 253	14AEEA1A-21E0-3D60-B1C0-06FDA809E7B9
 254	1446 -76 105
 255	vfx_drivethru_fog_mist
 256	D739F814-1B33-0678-3EA5-ADAE76FDE9D7
 257	A005EF79-6FF8-888B-511B-006FE4B55F1C
 258	BBC4DA19-39C0-11EF-8F7C-D03C1F565E3B
 259	vfx/jup/level/mp_jup_drivethru/vfx_drivethru_water_drips_pipes_01
 260	0 295.922 0
 261	tag_hubcap_back_right
 262	9E63F722-39C0-11EF-8F7C-D03C1F565E3B
 263	3A1B9D3C-3E75-11EF-B888-E0D464379E10
 264	D0D25728-F445-282D-CAEB-6BA61A4D3195
 265	pf3c65a42300f58718_auto2108
 266	39CAEBD8-3D88-11EF-8F7F-D03C1F565E3B
 267	1445.99 -275.952 105
 268	EE6E8BE1-A981-2728-9116-057D04BFBC4B
 269	0 359.716 0
 270	22B4146A-9844-A019-8A7F-F0B44A6EA9A8
 271	6DCE1112-3E7F-11EF-B888-E0D464379E10
 272	pf38f82f66dc0eb2f7_auto2108
 273	3FF7348B-3DCC-11EF-B888-E0D464379E10
 274	1B99AE8F-D118-7CAC-D86D-01D6AF2E393F
 275	jup_zm_relic_hunt_oop_s5
 276	39CAEBE1-3D88-11EF-8F7F-D03C1F565E3B
 277	43C543E7-2DF6-11EF-8F76-D03C1F565E3B
 278	88E87CDA-AD99-E78F-C3B9-B3D2F49EF196
 279	1446 -140 99.1515
 280	D39464F2-13E7-11EF-9528-D03C1F55146D
 281	0 169.999 0
 282	F058CAC8-3E77-11EF-B888-E0D464379E10
 283	scriptable_electronics_vhs_tapes_05
 284	B6EFFA44-FD46-0324-1770-ED7F56828352
 285	3589B458-3130-50F3-F57F-88BBF0121563
 286	0 116.5 0
 287	0 358.999 0
 288	2B63A9C7-1897-11EF-9528-D03C1F55146D
 289	56.71 -1147.61 61.8989
 290	3C9CAE18-0856-CED6-21A9-7ABAABD02BF6
 291	AFC5ABCE-F75B-291B-4965-8DCE49E1FAD9
 292	scn_infil_van_npc6
 293	1388.08 558.43 106
 294	D8CF7612-0EA7-11EF-9522-D8BBC1544079
 295	vfx_drivethru_vehicle_drive_01
 296	pfbaea0a6c67f1553e_auto2108
 297	67748D5C-2934-11EF-8F73-D03C1F565E3B
 298	50D393CD-5EE2-7432-A1AD-8F24330D09E3
 299	AB3864C5-A5D4-E28D-8C02-6F657696E20D
 300	food_trash_cup_soda_lrg_01a_stack
 301	E39BA672-39D9-11EF-8F7C-D03C1F565E3B
 302	scriptable_me_kitchen_coffee_bag_04
 303	scriptable_decor_wood_coffee_table_prop_set_01
 304	-341.044 -437.529 59.8693
 305	scriptable_me_tool_harvest_tray_03_clean
 306	shake_parked
 307	B81727CA-F8F5-88C2-679C-0058D3F59ECD
 308	5FEB61B0-590A-11EF-95D5-68545A904D17
 309	9730EEB1-27B1-11EF-8F71-D03C1F565E3B
 310	395DFE6D-4892-11EF-95D2-68545A904D17
 311	FC4361D9-8201-9F40-15F2-497E118B70CC
 312	cellphone_sfx
 313	B382B728-00F9-CEB6-9F9E-102D93497797
 314	0 282.398 0
 315	food_trash_container_01_wide_open
 316	504.43 -1163.08 74.4711
 317	12EC682C-43FD-AF41-5D9B-6C2D86B8DC78
 318	1478 800 106.58
 319	1BA7A804-4892-11EF-95D2-68545A904D17
 320	CEA4D88F-39DA-11EF-8F7C-D03C1F565E3B
 321	B50F3475-9214-D5F6-B00B-C188186C3A1B
 322	pfc7f21dfb5ff9690a_auto2108
 323	071C63AE-4AE5-11EF-95D2-68545A904D17
 324	1E3842AE-7F90-43C4-5852-5FCE72C1E9BA
 325	E4145A80-2798-3B3D-B194-BCFE5DBC25E4
 326	25641299-1897-11EF-9528-D03C1F55146D
 327	2E1E25F0-B9CC-328B-C7E5-4F8AD3BE8C84
 328	0 90.7978 0
 329	D6C2D148-5915-11EF-95D5-68545A904D17
 330	3A820363-C44C-5E9D-5058-B8D66A99F673
 331	DCB9CA4C-B943-11EE-8F9D-68545AAD9F25
 332	928.57 -1184.92 95.8911
 333	scriptable_food_cereal_bowl_01_empty
 334	jup_food_cheeseburger_02
 335	2B63A9C2-1897-11EF-9528-D03C1F55146D
 336	0C3D599C-C773-A855-67D1-EC716C7057F9
 337	EF6520B2-C500-E1E6-5BB2-EA3234344005
 338	21D456DD-5911-11EF-95D5-68545A904D17
 339	0 229.1 0
 340	AED36B86-5F0B-A0BF-32EC-A0807937B560
 341	3DBDF416-5915-11EF-95D5-68545A904D17
 342	FBCDE437-0EA6-11EF-9522-D8BBC1544079
 343	pfa36b011c3648a59f_auto2108
 344	scriptable_uk_foliage_plant_potted_fern_01_hanging_winter
 345	BB15D279-62E6-6C19-633F-34BE4B4A0944
 346	36B8AD63-40DD-8687-3617-F129A1A793C6
 347	1143.5 -1068.5 95.8205
 348	11663F33-03AE-77A5-53E8-480FFC2941A1
 349	1446 -212 97.108
 350	F4AC7A7E-3DCA-11EF-B888-E0D464379E10
 351	1430 -12 105
 352	637CBFA6-4892-11EF-95D2-68545A904D17
 353	722C3604-2C3A-B8E5-687E-EE60A098FBE7
 354	0 260 0
 355	661BCFE0-D337-1FD6-CCA1-599CCD875B02
 356	jup_us_bathroom_product_detergent_03
 357	-1060 -339 46
 358	damagemedium
 359	fingers_out_start_left_hand
 360	B90A6E58-2D1F-909A-4975-15E682439631
 361	78D2EB13-781A-96E9-A11C-2017ADBC72B9
 362	B065666D-39C0-11EF-8F7C-D03C1F565E3B
 363	FB8A2DE8-489B-11EF-95D2-68545A904D17
 364	-303.615 -1158.71 61.8989
 365	-1142 -152 52.7585
 366	44AADB92-B3B1-11EE-8F98-68545AAD9F25
 367	-1142 -20 52.7585
 368	van_infil_sfx_npc6
 369	A3369FAF-3C99-C44F-C8E5-856535BC768E
 370	0DDD59EC-27B7-11EF-8F71-D03C1F565E3B
 371	mp_control_spawn_attacker_secondary
 372	87E768B7-B55D-BDE3-AE5F-559BB1D2223B
 373	-728 1046 32
 374	scriptable_kitchen_01_pot_01
 375	72F8AB19-4CD2-740C-121E-A118861E69CC
 376	80F89657-9815-E9A1-64BB-E5132254F8E2
 377	89C0FD69-27C7-11EF-8F71-D03C1F565E3B
 378	66A0D69F-27C8-11EF-8F71-D03C1F565E3B
 379	1518 -44 105
 380	23DB5D54-52D2-862E-65B8-403B0922845C
 381	FB6C8A2C-1896-11EF-9528-D03C1F55146D
 382	81E99B62-5913-11EF-95D5-68545A904D17
 383	515E50BE-3A5D-25C4-38BC-B0B5376114FD
 384	scripted_anim
 385	-1316.16 398.171 24
 386	5FBEC21D-4898-11EF-95D2-68545A904D17
 387	5D37AD09-F46C-DCB4-E4ED-5B2978D0C9A5
 388	07E4E1D8-C8BB-8738-8270-1AB75BDEC8A3
 389	0 179.999 0
 390	A16E7003-5914-11EF-95D5-68545A904D17
 391	EFDCBFB7-9732-4373-7C96-948ED5C6BAE0
 392	54AECB84-3DCC-11EF-B888-E0D464379E10
 393	A53CB46E-2DB8-3FF6-4CBB-274C82A0EE4B
 394	391FAD77-4AE3-11EF-95D2-68545A904D17
 395	F7EB944C-08F4-15A2-ABC6-AF541E468362
 396	60FD3DA3-1302-7EAE-CD39-4764AB41555D
 397	scriptable_cp_disco_glass_beer_bottle_fn_01
 398	-1354 428 24
 399	1F2B9CDF-3E8B-11EF-B888-E0D464379E10
 400	1AA8A906-E6F8-9200-9513-0D5145CEBF7C
 401	0 167.998 0
 402	05EBE3CD-21B8-6887-AEAA-9F76FA130C81
 403	668F7A54-27C7-11EF-8F71-D03C1F565E3B
 404	03E5FA3D-39DA-11EF-8F7C-D03C1F565E3B
 405	668F7A7B-27C7-11EF-8F71-D03C1F565E3B
 406	3B94C342-3E78-11EF-B888-E0D464379E10
 407	8327C95F-7E84-62D5-6373-5FCFED819554
 408	86DDA23C-69D9-E9E6-A320-4B7490CDA5BC
 409	0DDD59E9-27B7-11EF-8F71-D03C1F565E3B
 410	0 61.9992 0
 411	1FAB5698-670A-6145-A2DE-638768953155
 412	103A2A50-7105-9B16-3B41-5782BEE95E96
 413	FB6C8A18-1896-11EF-9528-D03C1F55146D
 414	950C3B04-B786-7AB5-B43A-30A2C8726A36
 415	scriptable_door_glass_metal_01_mp_reinforced_glass
 416	AudioOneShot
 417	19C11B21-39C1-11EF-8F7C-D03C1F565E3B
 418	7764895A-DD8D-39DC-898D-B7635D3A16DE
 419	0 112.598 0
 420	1383 137 105
 421	-1005.5 1036 28.6646
 422	C4F11448-41CD-5260-175B-E01B061990FB
 423	scriptable_food_trash_can_soda_01
 424	-1019.5 -814.5 37.0802
 425	0 269.9 0
 426	1531.5 -146 111
 427	30C3FE93-5915-11EF-95D5-68545A904D17
 428	furniture_storage_bin_plastic_02
 429	039FAAEC-A294-E9EC-B2E0-839A1A2796EA
 430	ED96F4E4-488F-11EF-95D2-68545A904D17
 431	0AD42C3F-3D98-11EF-8F7F-D03C1F565E3B
 432	1398.08 216.43 106
 433	44E2F1B5-2D2C-11EF-8F75-D03C1F565E38
 434	0 51.7001 0
 435	0 321 0
 436	8ED84E6E-FDAD-9233-6354-88236E030DE7
 437	81E99B73-5913-11EF-95D5-68545A904D17
 438	-1024 320 32
 439	0EE6058D-489A-11EF-95D2-68545A904D17
 440	6FDF25A0-6177-F7CC-F036-3F0BF4C727C0
 441	B0408B8A-4899-11EF-95D2-68545A904D17
 442	B0FA3D47-AE89-2675-CBD7-6BA9CE93C326
 443	1360 -52 95.541
 444	mp_dd_spawn_defender
 445	77E2760E-48FC-11EF-AF98-E02BE9D31D40
 446	tag_window_back_right_corner
 447	-891 -891 37
 448	6479D05B-488F-11EF-95D2-68545A904D17
 449	
 450	950.08 -647.57 98.3407
 451	C178F380-DE6A-4CC9-4E40-F9619880D886
 452	0E94D810-39C1-11EF-8F7C-D03C1F565E3B
 453	A893D841-3429-B53B-1D7E-42BFD0BA1E0A
 454	0 225.998 0
 455	04200B23-590B-11EF-95D5-68545A904D17
 456	-1083 1031 44.2713
 457	F4520297-48CC-11EF-AF98-E02BE9D31D40
 458	ee_furniture_table_pool_cue
 459	scriptable_food_trash_cup_tall3
 460	0C29EEF9-B3B2-11EE-8F98-68545AAD9F25
 461	8FC18418-7707-D6E5-FE3F-57A8C4739AEB
 462	19AEE4EF-0EA7-11EF-9522-D8BBC1544079
 463	df_van_interior
 464	4B0A19E9-6635-F90E-9050-CFFB5C39225D
 465	-1224 208.5 24
 466	B2B03226-C9B3-04F3-9BC2-10186E696727
 467	1424 140 98
 468	food_trash_cup_soda_lrg_01a
 469	vfx/jup/level/mp_jup_drivethru/vfx_drivethru_leaves_swirling
 470	pffc534ae8566f1126_auto2108
 471	-1089 -467 50.8788
 472	402E2A91-0EA7-11EF-9522-D8BBC1544079
 473	39CAEBFF-3D88-11EF-8F7F-D03C1F565E3B
 474	vfx/jup/level/mp_jup_drivethru/vfx_drivethru_insect_cockroach
 475	668F7A75-27C7-11EF-8F71-D03C1F565E3B
 476	mp_dm_spawn
 477	1530 -26 117.897
 478	vfx/jup/level/mp_jup_drivethru/vfx_drivethru_water_puddle_01
 479	-1054 -238 47.25
 480	0 195.499 0
 481	72257DFA-4E17-A122-B6F9-FB78AD56E731
 482	scriptable_food_trash_cigarettes
 483	3B7F2466-39DA-11EF-8F7C-D03C1F565E3B
 484	031582EA-CD08-7137-A440-A517B0217398
 485	scriptable_uk_bottle_oil_small_02_green
 486	0 64.8993 0
 487	3A2D8036-295D-1591-2BEA-BE4AF2E0EE52
 488	95043043-0B94-D469-C592-FA139F3DB836
 489	-960 256 24
 490	vfx/jup/level/mp_jup_drivethru/vfx_drivethru_water_drips_land_01
 491	AEA353D3-2F03-CF76-AC98-9BA95DEF0E33
 492	1449.5 827 94
 493	28F63D95-A567-EE1A-1C23-DA5F3A694AC5
 494	B125CBBF-B3B6-11EE-8F98-68545AAD9F25
 495	pf3618b9628ae45d68_auto2108
 496	3D70566B-19CF-445F-5B9E-8829FF2DCD43
 497	89AF97E3-A123-DB5C-1356-5DE4A0DA9309
 498	-1362 604 24
 499	0E8ADD27-AF04-11EE-9DB6-68545AAD9F25
 500	vfx/jup/level/mp_jup_drivethru/vfx_drivethru_interior_narrow
 501	E3CDF3B2-E9C8-C2D5-372F-BB51AA47025D
 502	3288B961-2BF3-0683-8472-530F3E36F082
 503	85B56A9F-6492-CC3B-4234-8B9432BA3AF3
 504	6C48669B-5912-11EF-95D5-68545A904D17
 505	1C9B9FCF-7919-F0F2-BCFC-9A028A094934
 506	0 48.8982 0
 507	85B3EF63-39DA-11EF-8F7C-D03C1F565E3B
 508	0DDD59E6-27B7-11EF-8F71-D03C1F565E3B
 509	EC1E15AE-7BA4-DA8E-879A-BD8BB1B00120
 510	0 234 0
 511	death_usable
 512	1509.5 6 117.954
 513	EA0E4C33-EFAF-C42D-EFF4-D6CA64728154
 514	04948839-1899-11EF-9528-D03C1F55146D
 515	-1289 283 35.9754
 516	1C6BCE5B-BCF5-C64C-AA87-B074EEE0129B
 517	0 31.9999 0
 518	FB6C8A0E-1896-11EF-9528-D03C1F55146D
 519	-389 -476 49
 520	-1112 -424 36
 521	34123CF8-632E-728B-DFCB-5DE2AF432BEE
 522	6F82CA5A-4F3B-D887-0791-E2CDC292558A
 523	89FC470B-2D64-9134-1B0D-E3CA1C3C437C
 524	BBC4DA10-39C0-11EF-8F7C-D03C1F565E3B
 525	7D08F237-B3B1-11EE-8F98-68545AAD9F25
 526	-1142 -100 31.25
 527	C5B0B409-4AE4-11EF-95D2-68545A904D17
 528	infil_van_fort_iw9_3
 529	55483089-D0D5-03E4-C978-5D19C3ED1C57
 530	right_50
 531	right_90
 532	668F7A0C-27C7-11EF-8F71-D03C1F565E3B
 533	4DEC5305-2DF6-11EF-8F76-D03C1F565E3B
 534	66A0D6A2-27C8-11EF-8F71-D03C1F565E3B
 535	2
 536	-1103.94 203.847 21.145
 537	C24DD6BB-0EA7-11EF-9522-D8BBC1544079
 538	ECB86021-F006-E250-3B11-CE3640373390
 539	DE1AD6F5-1E13-96BC-2D1D-0BB7B974C74B
 540	461 -238 94.7917
 541	C284CB85-4899-11EF-95D2-68545A904D17
 542	39CAEBF3-3D88-11EF-8F7F-D03C1F565E3B
 543	-1003.5 1036 28.6646
 544	scriptable_foliage_flower_potted_05
 545	B01216FD-590B-11EF-95D5-68545A904D17
 546	9B51E169-0770-B339-2C4D-00257FD29CA3
 547	312682A1-4890-11EF-95D2-68545A904D17
 548	26EB96D4-7776-4A13-E872-4B38C2EDF746
 549	vfx/jup/level/mp_jup_drivethru/vfx_drivethru_water_puddle_ripples_02
 550	99AEF839-81BC-1EBB-EAC2-1D8EC27EF1D7
 551	AE2055A4-EF40-E2F3-1395-9A89051AA3F2
 552	4B269719-3F07-2F70-7218-63A1CCCAB16E
 553	scriptable_furniture_storage_bin_plastic_02
 554	1137.17 -787.586 95.8981
 555	6C1A8CF2-39C1-11EF-8F7C-D03C1F565E3B
 556	064473B5-9521-E87C-9CBA-F7543907AD0F
 557	-1260.16 398.171 24
 558	mp_dom_spawn
 559	scriptable_kitchen_knife_block_01
 560	hardpoint_vis_05
 561	2113FE3F-6557-CB7D-F19B-472DB4A6C8F7
 562	0E94D813-39C1-11EF-8F7C-D03C1F565E3B
 563	44727871-506E-9A1D-2C4C-4551D71ED8C0
 564	FB6C8A3B-1896-11EF-9528-D03C1F55146D
 565	0 274.399 0
 566	pf6b2345d1254085d2_auto2108
 567	1415.08 -1118.57 108.004
 568	0 200 0
 569	vk_coffeecup
 570	1446 -140 99.5
 571	1530 32 117.544
 572	469DFFA4-3DCC-11EF-B888-E0D464379E10
 573	scriptable_food_cans_bottles_and_jars_can_01
 574	87534A5B-0648-A4D1-539D-0245A3E9EB8D
 575	0 117.1 0
 576	D73454F6-0F3D-6D69-4299-DE2D8419591E
 577	BB90A47B-BDC6-817E-809E-75EB79E3BC70
 578	0 283.999 0
 579	1515.38 -164.916 119.206
 580	66F4ADE0-4898-11EF-95D2-68545A904D17
 581	1402.88 549.084 92
 582	942.08 -328.88 108
 583	scriptable_bathroom_soap_dispenser_01
 584	C3A3A78D-1897-11EF-9528-D03C1F55146D
 585	655CFF7B-7595-3F9D-9A8E-FCECDCDEB1D9
 586	65729207-89B6-806A-9602-555658D7ACBF
 587	35C871C0-B4D4-C5AD-0BE7-C619170D4695
 588	foliage_flower_potted_05
 589	269.986 219.609 100
 590	vfx/jup/level/mp_jup_drivethru/vfx_drivethru_bulb_yellow_lensflare_01
 591	646F330D-B1EE-8AEB-D3F8-B9FD7C633E42
 592	932FA281-5911-11EF-95D5-68545A904D17
 593	04200B1E-590B-11EF-95D5-68545A904D17
 594	0 93.673 0
 595	2ADD5870-395B-69E0-9921-8AE10F562C73
 596	6843F40E-129C-7434-96CF-9E656859F8D2
 597	FB6C8A09-1896-11EF-9528-D03C1F55146D
 598	-1345 409 33.8678
 599	12035475-ACC8-B54E-8876-15F1AA2D2D04
 600	1FDBAE52-4CD2-CD9E-C8B5-319BDADB99A1
 601	6C1A8D07-39C1-11EF-8F7C-D03C1F565E3B
 602	D4910DF5-A0EA-3FF5-F2CF-19B2AAAB9469
 603	visibility
 604	448DBD57-5915-11EF-95D5-68545A904D17
 605	pf834e9af744d4598_auto2108
 606	946EB1D5-4AE5-11EF-95D2-68545A904D17
 607	scriptable_flower_shop_planter_05_with_plant
 608	58F4C3B5-39D8-11EF-8F7C-D03C1F565E3B
 609	-1404 206 23.25
 610	93E87506-2DF2-11EF-8F76-D03C1F565E3B
 611	-1404 280 24
 612	5FE444B8-6F88-F57F-E19E-785A434D16C4
 613	pf6cd487c565e4f288_auto603459081058145870
 614	1478.88 99.084 106.072
 615	81468AFE-7D7A-A5CE-68EF-EC361C04B888
 616	door
 617	0 188.399 0
 618	-1281.5 172 24
 619	0 270.799 0
 620	B1C3C92C-5913-11EF-95D5-68545A904D17
 621	0AD42C30-3D98-11EF-8F7F-D03C1F565E3B
 622	318DA0FF-EBF4-17DA-BECE-9F948BDC570C
 623	84D3A6BC-2DF2-11EF-8F76-D03C1F565E3B
 624	1510 -108 108.602
 625	scriptable_food_trash_bottle_water
 626	2C23727B-56F4-CE31-5743-E7E323DD7B77
 627	1446 -76 99.2407
 628	-1281.92 170.901 22
 629	scriptable_jup_us_bathroom_product_spray_bottle_01
 630	-486.104 915.432 47.5952
 631	09DEC8D6-EBD7-2B69-80BB-E157D33C9D02
 632	scriptable_uk_plastic_container_filled_01
 633	0 290.199 0
 634	D317F2EB-01B8-1BD2-FB5E-60174750B385
 635	1502 20 105
 636	me_tool_harvest_tray_03_clean
 637	2E12B212-5A2C-62FB-0CAC-508985E84847
 638	B43A5932-1896-11EF-9528-D03C1F55146D
 639	scriptable_container_paint_can_01_rust
 640	tag_mirror_left
 641	electronics_vhs_tapes_02
 642	vfx/jup/level/mp_jup_drivethru/vfx_drivethru_water_drips_sml
 643	0 269.599 0
 644	scriptable_jup_food_frenchfries_03
 645	E113E3BC-02F0-06C2-8632-77DDCCB30ACD
 646	bathroom_soap_dispenser_01
 647	43C543ED-2DF6-11EF-8F76-D03C1F565E3B
 648	018AEA31-F35F-5B4D-7E63-C8D7EACBDDBC
 649	B93845E5-5912-11EF-95D5-68545A904D17
 650	jup_infil_blima_player_slide
 651	47296CF6-E46C-F9CD-D959-6373D7D465D1
 652	-1321 777 36
 653	-993 284 35
 654	0 207.597 0
 655	01989A7B-2DAE-0D87-A79E-D5433734B87D
 656	2D8DDBB8-EBFF-2C88-6CE8-B9501C819129
 657	57F52AC1-5915-11EF-95D5-68545A904D17
 658	37D5DA9F-8D71-FA10-B3B4-2D659D81B9A7
 659	64A2DAE5-5915-11EF-95D5-68545A904D17
 660	food_trash_can_soda_01
 661	1436.56 711.11 90.2434
 662	61AE6102-8F4D-6CC5-2FE8-1A208E35E68B
 663	2301FB33-31FB-5E12-5201-C4B3CA0BFE00
 664	D60A3020-802E-7FAC-6ABE-8A5A1E70FBD2
 665	CED06BCE-5915-11EF-95D5-68545A904D17
 666	playerasm_patch_mp_infil_blima
 667	4A9B5CD0-5915-11EF-95D5-68545A904D17
 668	-1051.5 733.5 50.022
 669	74D0C691-4AE5-11EF-95D2-68545A904D17
 670	scriptable_ee_food_bar_garnish_03
 671	playerasm
 672	0 31.499 0
 673	pristine
 674	-1347 489 33.8678
 675	C8746268-7C6D-6773-12E8-9E32C0824C60
 676	762 479 81
 677	19AEE50C-0EA7-11EF-9522-D8BBC1544079
 678	1424 12 108.717
 679	EE2DA9F0-B3B4-11EE-8F98-68545AAD9F25
 680	scriptable_ee_military_hazmat_containers_bucket
 681	CBCF7057-D011-6FF2-8147-E460ACB40DC5
 682	0 342.199 0
 683	B2A9B81E-4898-11EF-95D2-68545A904D17
 684	D78AA8DF-39D9-11EF-8F7C-D03C1F565E3B
 685	B280C233-39DA-11EF-8F7C-D03C1F565E3B
 686	E5690BA9-DC1D-79DA-1CF7-F4A86864F28D
 687	right_30
 688	0 4.39945 0
 689	scriptable_un_appliance_water_gallon_dirty_01
 690	-1248.16 394.171 24
 691	london_coffee_machine_cup
 692	0 251.723 0
 693	78E9BA91-C2A2-395A-AE35-BCBC515DD755
 694	687D20B3-1406-11EF-9528-D03C1F55146D
 695	889.43 296.92 79.1643
 696	784.08 188.43 87.5519
 697	19C11B27-39C1-11EF-8F7C-D03C1F565E3B
 698	1139 656 112.133
 699	-1224 277 22
 700	55943789-2C8E-F64E-BBB5-097281CA714E
 701	1320.88 281.084 103.56
 702	-836 1025 40
 703	0 265.544 0
 704	-1381 283 35.9754
 705	A0F90A51-1391-73E8-844C-383DB6112E39
 706	2A790294-5915-11EF-95D5-68545A904D17
 707	D15CA19A-3E7E-11EF-B888-E0D464379E10
 708	EB660ABD-68EE-33B4-9E2C-1BEA19589DDF
 709	43C543C6-2DF6-11EF-8F76-D03C1F565E3B
 710	487733FC-556E-E8AD-7EC6-3AD39D8B5D4F
 711	CC352491-6F85-7D21-699F-9067AA44F7A5
 712	0 319.7 0
 713	-514.57 -1155.58 58
 714	58F4C3AF-39D8-11EF-8F7C-D03C1F565E3B
 715	1388.08 372.43 106
 716	8600F2DB-5911-11EF-95D5-68545A904D17
 717	CE11B79C-E42F-4180-98AE-D78B4A7A41F1
 718	F25E6BE1-4898-11EF-95D2-68545A904D17
 719	19AEE4E9-0EA7-11EF-9522-D8BBC1544079
 720	BDF60A88-FF37-290C-260B-4BECB9C87FF8
 721	39CAEBFC-3D88-11EF-8F7F-D03C1F565E3B
 722	9E63F716-39C0-11EF-8F7C-D03C1F565E3B
 723	fingers_in_start_right_hand
 724	43C543DE-2DF6-11EF-8F76-D03C1F565E3B
 725	0 201.7 0
 726	9690E03F-5915-11EF-95D5-68545A904D17
 727	hardpoint_vis_01
 728	scriptable_fluorescent_flicker_medium_steady
 729	036C7459-0EA7-11EF-9522-D8BBC1544079
 730	4BC4CB10-B3B1-11EE-8F98-68545AAD9F25
 731	base_book_stack_04a
 732	A09AC337-1405-11EF-9528-D03C1F55146D
 733	2FC1D9F4-AE9F-DE84-D9F6-D7D6269C47D8
 734	closed_owned
 735	E39BA67B-39D9-11EF-8F7C-D03C1F565E3B
 736	tag_light_front_right
 737	3D8E23C1-D8B7-B232-17F9-DE485168BE91
 738	1459.74 -184.402 103.134
 739	-1142 -174 47.25
 740	B065667C-39C0-11EF-8F7C-D03C1F565E3B
 741	scriptable_food_trash_container_02
 742	0 178.998 0
 743	4BC36591-CE61-E855-4FCB-21D1FF4F7F6E
 744	decor_plastic_buckets_01_small_white
 745	0 311.9 0
 746	870.08 708.43 94
 747	B656A1B9-E707-F2EC-7E9F-893E8744C003
 748	86CC3CBD-C93B-2FC0-271D-8B0DD44E983C
 749	87FD3DFB-4894-11EF-95D2-68545A904D17
 750	-1325.84 210.654 40
 751	-993 1036 28.6646
 752	0FAD92B8-4AE5-11EF-95D2-68545A904D17
 753	129A28B3-E20E-F29B-3B63-2D1C290F9C82
 754	0 7.99883 0
 755	scn_infil_van_npc1
 756	1510ED5B-AB97-F54D-1AF0-D643D5D88D78
 757	914.08 -1221.57 92.5773
 758	9A6AFF39-5911-11EF-95D5-68545A904D17
 759	711C46EC-05BB-FB86-CA40-B9DDE2793BAB
 760	4DEC52FC-2DF6-11EF-8F76-D03C1F565E3B
 761	39CAEBCC-3D88-11EF-8F7F-D03C1F565E3B
 762	A0422606-3FC0-B6EC-5F12-D11080F2274A
 763	scriptable_electronics_store_register_whole
 764	1510 -108 108.5
 765	vfx/jup/level/mp_jup_drivethru/vfx_drivethru_amb_bugs_01
 766	-464 924 44.0739
 767	4DEC52F9-2DF6-11EF-8F76-D03C1F565E3B
 768	65E47C67-DCCB-B7EE-45A6-38EDE0C29B80
 769	1B476640-71F9-A7BF-23B2-FC29B337E542
 770	56E19AD0-9598-C7C5-44A7-9C90EA21B69B
 771	E4DA8D37-6E99-B01B-AC11-DD6702DD9308
 772	7B5BBA68-4898-11EF-95D2-68545A904D17
 773	955.08 -400.88 108
 774	967.08 -562.57 99.1082
 775	43C543DB-2DF6-11EF-8F76-D03C1F565E3B
 776	8404D30B-0D71-54DA-0558-E7AC5A8A7ECB
 777	scriptable_cp_disco_bottle_glass_liquor_01
 778	625D60D2-3E8E-11EF-B888-E0D464379E10
 779	20FDF250-3BA2-4522-705F-CAD4B055D37A
 780	CD0AC359-2AEE-F52B-2D77-6964E2DD9CBC
 781	0 93.6726 0
 782	43C543E1-2DF6-11EF-8F76-D03C1F565E3B
 783	502FC6C2-4892-11EF-95D2-68545A904D17
 784	9A7EF40D-39DA-11EF-8F7C-D03C1F565E3B
 785	AAA16663-825B-F4ED-1E19-FFFB4FB7851C
 786	-1130 700 45.9181
 787	0 90.8978 0
 788	food_trash_plate3
 789	-1088 128 24
 790	1272.43 -1246.08 103.901
 791	2DF9EF50-7975-4915-1CB9-4DA6C2A80117
 792	402E2A9C-0EA7-11EF-9522-D8BBC1544079
 793	89A24764-27B5-11EF-8F71-D03C1F565E3B
 794	mp_cyber_spawn_axis
 795	scriptable_fluorescent_flicker_fast_steady
 796	26D0A3C3-F406-3851-47B4-1F9FF5E5CE9C
 797	1422.08 -1175.57 105.92
 798	5F843D97-CCD5-F458-608A-06908A8F26DF
 799	19AEE4CD-0EA7-11EF-9522-D8BBC1544079
 800	1388.58 -1234.57 105.23
 801	8FDAA3DE-5914-11EF-95D5-68545A904D17
 802	3C7562CE-3E8B-11EF-B888-E0D464379E10
 803	A298CEFE-B203-859B-343A-E2167BC92BF5
 804	B43A594B-1896-11EF-9528-D03C1F55146D
 805	-1050 -252 52.7585
 806	0AD42C48-3D98-11EF-8F7F-D03C1F565E3B
 807	df_van_exit
 808	1112.96 546.685 100.998
 809	9E63F71C-39C0-11EF-8F7C-D03C1F565E3B
 810	C084D87C-5913-11EF-95D5-68545A904D17
 811	-1044 -262 47.25
 812	1360 -180 95.5983
 813	vfx_drivethru_bats_01
 814	5F1F154E-39D8-11EF-8F7C-D03C1F565E3B
 815	electrical_flicker_subtle
 816	1481.58 -440.38 105.279
 817	fingers_out_end_left_hand
 818	scriptable_food_trash_container_03
 819	BE485B81-66BC-F3CB-C2C9-8C78F785FD11
 820	57097E91-4892-11EF-95D2-68545A904D17
 821	0 135.998 0
 822	vfx_drivethru_amb_bugs_01
 823	39CAEBF0-3D88-11EF-8F7F-D03C1F565E3B
 824	EA431149-1898-11EF-9528-D03C1F55146D
 825	0E94D816-39C1-11EF-8F7C-D03C1F565E3B
 826	1470 84 98
 827	-457.044 -585.529 51.3549
 828	9C91B025-27C8-11EF-8F71-D03C1F565E3B
 829	1B9D6C20-F10F-B8EE-B9BB-5E6AED09A507
 830	39CAEBF6-3D88-11EF-8F7F-D03C1F565E3B
 831	1467 828.236 114
 832	821C96E6-3B73-78AF-3DD6-ED90055187E6
 833	F90A9F16-F557-0AFF-44CE-B2448E751AA5
 834	B280C230-39DA-11EF-8F7C-D03C1F565E3B
 835	lockedin
 836	1241.08 -1262.57 108.004
 837	71D35227-B80F-6BBC-D27A-FC0B23FFBD3D
 838	0 359 0
 839	43C543C9-2DF6-11EF-8F76-D03C1F565E3B
 840	0AD42C45-3D98-11EF-8F7F-D03C1F565E3B
 841	1116.88 715.084 110
 842	FA61BDB2-64AB-F2EC-F280-58CFDB0AFEAF
 843	scriptable_scriptable_door_glass_metal_01_mp_reinforced_glass
 844	day
 845	-1104 203.5 23.0033
 846	4CC69B5A-A009-764B-75FC-9077AA88067C
 847	7A0D211F-5913-11EF-95D5-68545A904D17
 848	vfx_drivethru_moon
 849	6C4866A9-5912-11EF-95D5-68545A904D17
 850	0 91.9977 0
 851	F6B344FE-3FF9-DECF-3D7D-7D79121848F5
 852	1220.56 976.11 102.243
 853	4DEC530E-2DF6-11EF-8F76-D03C1F565E3B
 854	1313.08 -1241.57 90.7005
 855	pf6cd487c565e4f288_auto17929874682146954657
 856	BFA9911E-21E4-BA2D-C72D-15054526F258
 857	-1279.5 247 24
 858	1398.88 343.084 92
 859	F45202A0-48CC-11EF-AF98-E02BE9D31D40
 860	0 55.2 0
 861	-1404 138 24
 862	9E63F701-39C0-11EF-8F7C-D03C1F565E3B
 863	D9562092-C9D1-B2DF-C4A2-82CF3E4AA8FE
 864	6EEFBDBA-2926-11EF-8F73-D03C1F565E3B
 865	E47C424D-B3B3-11EE-8F98-68545AAD9F25
 866	9A7EF40A-39DA-11EF-8F7C-D03C1F565E3B
 867	prefabs/createfx/mp_jup_drivethru_cfx.map
 868	E57994A7-185D-A264-C29F-02438531CEAE
 869	ADF15480-B84A-24E7-AE05-7BDD76C3310C
 870	B74621E3-CDC2-208D-B662-FD052257AF80
 871	B7F0BB88-185B-FA4F-3324-65E64529B903
 872	van_close_sfx
 873	0 244.2 0
 874	tag_bumper_back
 875	electronics_un_office_cellphone_pile_03
 876	B2E2722C-B12F-238C-019B-FBAAE68C0A34
 877	-155 823 96
 878	641D4C4F-590B-11EF-95D5-68545A904D17
 879	BD43D1CB-708A-57B0-89FF-46EDD33BA33D
 880	0 310.798 0
 881	1407.5 879 94
 882	1478.08 910.43 105.047
 883	player_lock_look_1_second
 884	848B4E58-27C8-11EF-8F71-D03C1F565E3B
 885	-1006 554 35
 886	AB8A77BD-3DCC-11EF-B888-E0D464379E10
 887	-1169 1036 28.6646
 888	038CE685-5FC2-C340-5BF4-E7CF14A13E7F
 889	0 14.1998 0
 890	9085A0E2-34D4-9BD7-291C-2D37D575B1C3
 891	6060517B-8CD3-037D-8C1F-AD453DF232E8
 892	pfc539ac43343d7580_auto2108
 893	pf48c69283768500b6_auto2108
 894	0 261.9 0
 895	pf1b98e3dc61f5c7a4_auto4
 896	5330462E-590B-11EF-95D5-68545A904D17
 897	1234.08 -847.57 101.152
 898	pfa15a7c55e4175f45_auto2108
 899	CCB3CF3D-48D5-11EF-AF98-E02BE9D31D40
 900	BE8A7B25-75C1-69D9-A2C3-73E008C09277
 901	1732FA96-489A-11EF-95D2-68545A904D17
 902	0 289.599 0
 903	130E0A6B-767A-7A7A-9803-91D3981A6DB9
 904	F83A237A-93DA-3701-947B-1D0E38F5CCEF
 905	07F720D5-3E77-11EF-B888-E0D464379E10
 906	0 27.9994 0
 907	AAA8514E-1406-11EF-9528-D03C1F55146D
 908	43C543E4-2DF6-11EF-8F76-D03C1F565E3B
 909	F55FEC0C-39D9-11EF-8F7C-D03C1F565E3B
 910	39CAEC08-3D88-11EF-8F7F-D03C1F565E3B
 911	E08E8022-ECF8-E27E-8760-1EA015638FC7
 912	CDA0DA6F-4893-11EF-95D2-68545A904D17
 913	0 224 0
 914	-1404 138 23.25
 915	-1223.84 139.28 21.9569
 916	-1018 252 46.6848
 917	tag_window_front_right
 918	85262874-2AB3-6AC6-46AB-A5ABF0B4173A
 919	electrical_flicker_fast
 920	on
 921	0 300.099 0
 922	555E09E5-6550-FC95-D006-04A2939FBA91
 923	D100F137-BAB8-393E-7553-A3D2A99E5711
 924	D4910AB9-518E-64B2-8C92-652E4AE81E86
 925	938.885 -318.21 101
 926	scriptable_p7_diner_table_napkin
 927	398FB4F4-75F1-AE3C-F1C2-037B387EF584
 928	C5933DD8-23E9-DF41-DC1B-1542D8BA74D6
 929	vfx_drivethru_interior_narrow
 930	0AEF5098-489C-11EF-95D2-68545A904D17
 931	-1083 -426 52
 932	69B3C7A4-5913-11EF-95D5-68545A904D17
 933	8F77C671-540A-E125-7D2B-7AE8DF3F8FF8
 934	ABA1EFB5-FED7-4A58-DE5C-1A6BEA2F0AB0
 935	1520.93 -162.917 99.844
 936	9E62D1DB-248A-11EF-8F70-D03C1F565E3B
 937	32FFC153-3E78-11EF-B888-E0D464379E10
 938	0AD42C1E-3D98-11EF-8F7F-D03C1F565E3B
 939	8FDAA3EF-5914-11EF-95D5-68545A904D17
 940	hidewindows
 941	tag_wheel_center_front_right
 942	6B7E9118-5915-11EF-95D5-68545A904D17
 943	6C1A8CF5-39C1-11EF-8F7C-D03C1F565E3B
 944	infil_van_fort_iw9_0
 945	460 -234 96
 946	vfx_drivethru_trash_flies
 947	B43A5937-1896-11EF-9528-D03C1F55146D
 948	BBC4DA13-39C0-11EF-8F7C-D03C1F565E3B
 949	CDDD5B12-E289-27B6-94FD-C910B5EEC1C3
 950	vfx_drivethru_leaves_swirling
 951	scriptable_food_trash_cup_short2
 952	-1327 115 47.3235
 953	tag_window_back_left_corner
 954	39CAEBD2-3D88-11EF-8F7F-D03C1F565E3B
 955	F4C66AD8-488F-11EF-95D2-68545A904D17
 956	CF580D5E-4899-11EF-95D2-68545A904D17
 957	vfx/jup/level/mp_jup_drivethru/vfx_drivethru_trash_flies
 958	pfe8846c5ac3727d6b_auto2108
 959	9286AD1C-B943-11EE-8F9D-68545AAD9F25
 960	1430 -12 101.5
 961	4DD2ACD1-8500-B38B-E7CB-C44A86BBDF90
 962	-493.544 -512.029 51.3549
 963	66CB0E29-3E89-11EF-B888-E0D464379E10
 964	-590 993 47
 965	1421.08 -1115.57 92.898
 966	0 232.2 0
 967	0AD42C24-3D98-11EF-8F7F-D03C1F565E3B
 968	7C72C406-3E6D-11EF-B888-E0D464379E10
 969	53E8A214-C2D7-C796-CB41-F69D57DE6799
 970	vfx_drivethru_oil_dripping
 971	food_trash_burger_box_01
 972	288A6988-0E79-44ED-DDEA-4D214C822902
 973	C057969E-F822-8B41-1E2A-34D78B4ADA45
 974	scriptable_uk_foliage_plant_potted_grass_01_hanging
 975	1428 958 110
 976	food_trash_container_02_open
 977	2D73A238-5912-11EF-95D5-68545A904D17
 978	2B63A9DB-1897-11EF-9528-D03C1F55146D
 979	0 137.998 0
 980	AFCB5D08-D236-95A3-9113-C670E048EC24
 981	scriptable_decor_balloon_b_orange
 982	F071FE3C-7159-8CE7-B047-18420C02DD24
 983	decor_boxes_01
 984	D78AA8F7-39D9-11EF-8F7C-D03C1F565E3B
 985	0 338.791 0
 986	AD1A3D0B-48FB-11EF-AF98-E02BE9D31D40
 987	0 271.55 0
 988	2B4DB0CE-B3B6-11EE-8F98-68545AAD9F25
 989	6C1A8D01-39C1-11EF-8F7C-D03C1F565E3B
 990	C66B786E-0F1C-C2E2-A77A-DBC10C264046
 991	pfa37635e1ea14f4e0_auto2108
 992	440AD23D-27B5-11EF-8F71-D03C1F565E3B
 993	1430 -12 101.352
 994	19C11B09-39C1-11EF-8F7C-D03C1F565E3B
 995	-298.488 238.139 52.2977
 996	1306.88 283.084 104.33
 997	-956 -614 36
 998	196.873 -665.356 76.0991
 999	-926 -713 54.7028
1000	44E2F1BE-2D2C-11EF-8F75-D03C1F565E38
1001	1D0A4141-71EA-B2C7-EBE4-307F278E540C
1002	me_snack_package_sponge_cake_box_01
1003	pf6cd487c565e4f288_auto3890539607144231313
1004	1FE2BFAC-5913-11EF-95D5-68545A904D17
1005	9B397E01-1BF7-27DC-D9E7-3FD5187D2759
1006	scriptable_uk_car_body_paint_filler_01
1007	scriptable_uk_bottle_oil_small_03b
1008	0E8AB643-AF04-11EE-86A7-68545AAD9F25
1009	death
1010	pf5592eca522b9e99d_auto2108
1011	0 1.9992 0
1012	3E856D84-B3B1-11EE-8F98-68545AAD9F25
1013	1210 441 102
1014	6C1A8D0A-39C1-11EF-8F7C-D03C1F565E3B
1015	0 182.1 0
1016	1465.46 872.685 110
1017	pf5a09d50aac62d4f2_auto2108
1018	1B0B5F80-28AE-625A-971F-B7A73022FF27
1019	pf8b1c2f6d601cc116_auto2108
1020	scriptable_rp_trash_bottle_wisky_01
1021	pf43aa4a165619a396_auto2108
1022	kitchen_01_pot_01
1023	-1250 100 52.7585
1024	pfe4b0a80dd7f560c6_auto2108
1025	F0F3B45A-9918-BF4F-4EA0-495C11454BFF
1026	09CA4048-6AED-680E-AA6C-8CE065256003
1027	j_rope_200
1028	mp_xfire_spawn_allies_start
1029	CCF46A3A-DFE3-7300-559D-CE3AE8A4A25F
1030	decor_halloween_candlestick_stand_03
1031	07F720E0-3E77-11EF-B888-E0D464379E10
1032	jup_infil_blima_rope_crank_right
1033	uk_plastic_container_filled_01
1034	0 215.48 0
1035	1383 137 94.5
1036	FBCDE451-0EA6-11EF-9522-D8BBC1544079
1037	1394.56 657.11 104.018
1038	0 90.1994 0
1039	20CBF681-07FE-02C5-AA48-799ABF7215E6
1040	1136.5 -407 104.018
1041	facial_infils
1042	0 43.9998 0
1043	j_ball_le
1044	j_ball_ri
1045	BF2DF149-3A23-8037-C1A5-CD59DC2F8096
1046	0 341 0
1047	00C8265D-B24F-89B2-6D33-DC6AB2DB6B14
1048	0AD42C12-3D98-11EF-8F7F-D03C1F565E3B
1049	ED777D3D-2C11-6B97-C31F-94C41E6D1345
1050	DB246916-A422-D112-9A22-B0944E527BDE
1051	1398.58 -1041.57 105.995
1052	vfx/jup/level/mp_jup_drivethru/vfx_drivethru_vehicle_drive
1053	85E76C99-4636-1C9C-163A-39FF5090F6FD
1054	94B0DB98-821E-7A3B-9B62-241A7EA7C23D
1055	jup_food_frenchfries_01
1056	1386.08 482.43 106
1057	50CAAFCB-4895-11EF-95D2-68545A904D17
1058	AEF197AB-5B9E-6CE4-9C2E-D052E49C3568
1059	EA3E0D71-4AE3-11EF-95D2-68545A904D17
1060	1436.56 711.11 104.018
1061	A42AB3DE-A969-05A5-4DCB-7C75DAD5C273
1062	85B3EF60-39DA-11EF-8F7C-D03C1F565E3B
1063	pf7b44d66bd5095a77_auto2108
1064	32CC6760-5312-2C0D-A7F4-4A2E0AFCE858
1065	39CAEBCF-3D88-11EF-8F7F-D03C1F565E3B
1066	-802 -190 35
1067	52085ABE-48FB-11EF-AF98-E02BE9D31D40
1068	F7F87B40-3E6E-11EF-B888-E0D464379E10
1069	256412DF-1897-11EF-9528-D03C1F55146D
1070	right_70
1071	560F6397-FCD0-B311-B1B5-6C71C6317C22
1072	4
1073	1184.88 547.084 101.585
1074	AABC33BD-4F8F-7B8B-F180-632E0A05008C
1075	-271.044 -545.529 57.9564
1076	1138.88 547.084 101.652
1077	668.461 455.185 100
1078	equipment_dyn_trash_soda_02
1079	0 194.798 0
1080	40334DF8-F409-52C9-4309-5DC9E1BA0FC7
1081	5F1F1539-39D8-11EF-8F7C-D03C1F565E3B
1082	0 179.799 0
1083	1510 -108 108.606
1084	0AD42C27-3D98-11EF-8F7F-D03C1F565E3B
1085	scriptable_food_trash_container_01_open
1086	6D423C84-3EAF-B781-0E44-06B712344393
1087	-1173 1025 44.2713
1088	256412A3-1897-11EF-9528-D03C1F55146D
1089	1470 84 105
1090	0 222.998 0
1091	02BBED55-73B4-4C1B-264C-92B22EF2CD90
1092	0 43.0997 0
1093	0AD42C21-3D98-11EF-8F7F-D03C1F565E3B
1094	76B4D530-B3B1-11EE-8F98-68545AAD9F25
1095	128BE8C7-590B-11EF-95D5-68545A904D17
1096	C869CD6D-49F3-078D-0478-B1B8AD6DAF99
1097	1212.88 457.084 101.585
1098	-143.116 355.654 100
1099	971E3C23-0276-0F96-BCFF-BBBF252562E3
1100	8E963EE3-4894-11EF-95D2-68545A904D17
1101	19C11B0C-39C1-11EF-8F7C-D03C1F565E3B
1102	A1C67971-B10A-B488-1F52-743D54FE0D18
1103	1386 495 106.692
1104	0E8ADD1D-AF04-11EE-90E2-68545AAD9F25
1105	51DD6C51-2774-D102-CCB8-43CE61F3C7B7
1106	3F792F56-5913-11EF-95D5-68545A904D17
1107	6AE08133-BAB5-0F74-D970-EA08D31FA8A8
1108	596AF8D3-27AB-11EF-8F71-D03C1F565E3B
1109	locked
1110	ajar_owned
1111	-1360 418 33.7016
1112	F4480F59-00C1-E066-B311-14D971D33DC1
1113	4FC65770-7688-F7AF-84C4-5233E33A44FA
1114	0 91.0976 0
1115	915 -1209 84
1116	1136.88 867.084 110
1117	scriptable_me_snack_package_bread_cardboard_box_01
1118	84D3A6B6-2DF2-11EF-8F76-D03C1F565E3B
1119	35365889-4F00-B69A-4D7E-F59CEB5B967A
1120	695CB9E3-3E84-11EF-B888-E0D464379E10
1121	76D8337B-3E84-11EF-B888-E0D464379E10
1122	0 140.811 0
1123	5993FDEB-4AE3-11EF-95D2-68545A904D17
1124	C387C33B-D311-FAC2-9DD5-03424887D6D4
1125	0 265.998 0
1126	-112 -1133 72
1127	107E8006-1E16-7156-5981-217AC241160E
1128	CDF946BE-5861-CD4C-9EBC-2D5E749FBE99
1129	93CD98E3-7D75-A09E-F522-19CC0DAC6A0A
1130	vfx_drivethru_trash_swirl_dir
1131	DF870AD0-B3B1-11EE-8F98-68545AAD9F25
1132	pf2344130bb8d13e44_auto2108
1133	763CF89F-0EA7-11EF-9522-D8BBC1544079
1134	decor_shoes_01_sandals_male_brown_right
1135	37D0ED8F-3850-D67B-0309-52594D23C778
1136	decor_balloon_b_orange
1137	fingers_out_start_right_hand
1138	5B192E6C-A4BC-F072-CC29-B83C822194EC
1139	C00E6D8C-D6E9-52BF-71C5-6731E9E839E2
1140	8041283F-4F40-0284-6D41-99EB056FEE97
1141	58F4C3BB-39D8-11EF-8F7C-D03C1F565E3B
1142	983 -1195 84
1143	scriptable_food_meat_02
1144	B8F4D10F-4898-11EF-95D2-68545A904D17
1145	infil_van_iw9_0
1146	DE00CFF8-22F0-3268-08A1-C0107B5142A6
1147	1518 -44 106.594
1148	43C543D2-2DF6-11EF-8F76-D03C1F565E3B
1149	482.08 854.43 96
1150	93E874FD-2DF2-11EF-8F76-D03C1F565E3B
1151	969.17 -603.086 97.4524
1152	pf50a53b6285be8fca_auto2108
1153	3DECE4CC-1A1C-CC01-A9C5-535DFA199D87
1154	p7_diner_table_holder_together
1155	0 2.19915 0
1156	equipment_dyn_trash_can_soda_02
1157	FB976EE1-7224-1DDF-792D-7EB17DB20851
1158	39CAEBEA-3D88-11EF-8F7F-D03C1F565E3B
1159	F515F74F-F957-9B8A-71CB-E75C83BDDB2B
1160	1240.43 -1266.08 104.363
1161	722786DC-5915-11EF-95D5-68545A904D17
1162	vfx_drivethru_steam_drainage
1163	E329D17B-1494-DD3E-01F1-C5DCEDAE0305
1164	scriptable_decor_balloon_b_yellow
1165	mp_sd_spawn_defender
1166	snakecam
1167	219BE91A-3A6A-62EF-CFD9-461BEA03FB6C
1168	C34CA8AC-4FC4-89AF-57AE-AAEDE5DE72ED
1169	992 -421 109.412
1170	00AAFF31-00D9-7F5E-7E0C-27F60668E9AD
1171	12984C02-954B-76C0-A3AB-925A3EEA5AD0
1172	7D726175-4892-11EF-95D2-68545A904D17
1173	vfx/jup/level/mp_jup_drivethru/vfx_drivethru_bats_01
1174	52822032-DE99-85E5-1C50-96C08A7DC53C
1175	454.5 -249.666 96
1176	pf5b0713f42e713fca_auto2108
1177	9373CBCB-E6A7-703A-B166-DBF9DEAAEF65
1178	0 39.9998 0
1179	vfx_drivethru_chimney_smoke_02
1180	121C0015-5915-11EF-95D5-68545A904D17
1181	infil_blima_6
1182	67D4FD4D-4AE5-11EF-95D2-68545A904D17
1183	ACDBD718-AAC2-C02C-AD39-0011A3472017
1184	2B63A9E5-1897-11EF-9528-D03C1F55146D
1185	D1037A83-48CC-11EF-AF98-E02BE9D31D40
1186	6C1A8CFE-39C1-11EF-8F7C-D03C1F565E3B
1187	scriptable_kitchen_knife_set_01
1188	532 586 96.8418
1189	vfx_drivethru_oil_decal
1190	1453.64 -2.66602 104.37
1191	0 44.9982 0
1192	58F4C3A0-39D8-11EF-8F7C-D03C1F565E3B
1193	scriptable_equipment_dyn_trash_soda_02
1194	-986.16 568.171 45.9601
1195	22200B05-F92E-AD90-73C7-522EA65F83E9
1196	BBC4DA1F-39C0-11EF-8F7C-D03C1F565E3B
1197	1424 -244 96.7758
1198	-956 -624 52.9163
1199	39CAEBED-3D88-11EF-8F7F-D03C1F565E3B
1200	j_wrist_ri
1201	39CAEC11-3D88-11EF-8F7F-D03C1F565E3B
1202	5AB962D6-CE2A-10BA-5B34-00EAF3D737B4
1203	93E874F7-2DF2-11EF-8F76-D03C1F565E3B
1204	43C543D5-2DF6-11EF-8F76-D03C1F565E3B
1205	1474 900 96
1206	ED68F545-5914-11EF-95D5-68545A904D17
1207	8967512E-44BC-4E17-1B21-647DD5594252
1208	863E4BC8-C0B8-83B4-9528-14A1B39B0A05
1209	A7A94158-001B-CAA9-DDB0-39B7D5FF80FE
1210	37ACA9FB-4890-11EF-95D2-68545A904D17
1211	F4CE926C-BD0F-C7CE-1B16-FE1F4A5EB05F
1212	E6ABE214-B794-A823-080C-5D08963FB509
1213	849269E6-0EA7-11EF-9522-D8BBC1544079
1214	8C849153-2080-B66F-5C79-FE03106BC8AD
1215	28763017-8D1F-8BD7-89F6-0721B991230A
1216	3B7F245D-39DA-11EF-8F7C-D03C1F565E3B
1217	1512 -72 106
1218	B43A5941-1896-11EF-9528-D03C1F55146D
1219	infil_van_iw9_1
1220	0 320.5 0
1221	tag_door_front_right
1222	54AECB79-3DCC-11EF-B888-E0D464379E10
1223	CB38EF85-B499-F91F-19F2-DAB9986487EE
1224	D68DF678-5914-11EF-95D5-68545A904D17
1225	C8E1D7F2-604A-409D-0D76-BEC54557A0D0
1226	fluorescent_flicker_medium_steady
1227	scriptable_food_trash_burger_box_01_open
1228	372268AA-5915-11EF-95D5-68545A904D17
1229	B43A5914-1896-11EF-9528-D03C1F55146D
1230	69B3C7A9-5913-11EF-95D5-68545A904D17
1231	4DEC52F6-2DF6-11EF-8F76-D03C1F565E3B
1232	A89BC22E-4AE5-11EF-95D2-68545A904D17
1233	window_over_40
1234	80B8065F-9CD5-7E18-B764-D44D6225A02F
1235	0 46.1496 0
1236	E8245FA7-5913-11EF-95D5-68545A904D17
1237	1BA7A7F3-4892-11EF-95D2-68545A904D17
1238	decor_balloon_a_green_light
1239	D35207BE-CC3F-70D7-178E-D0600D23035E
1240	1446 -276 89.9603
1241	04200B0F-590B-11EF-95D5-68545A904D17
1242	-1104 203.5 22.8885
1243	F03EC121-EDF7-9B03-2F9C-8F791EEB3E2B
1244	920A458D-EEFE-DD71-653C-FEE3241DABD0
1245	vfx/jup/level/mp_jup_drivethru/vfx_drivethru_trash_swirl_med
1246	vfx/jup/level/mp_jup_drivethru/vfx_drivethru_animals_rat_run
1247	5D8806D2-248B-11EF-8F70-D03C1F565E3B
1248	0 264.4 0
1249	BFB4A846-3E80-11EF-B888-E0D464379E10
1250	-1191 970 32
1251	-1362 542 24
1252	-1168 308 20
1253	mp_koth_spawn
1254	4DEC52FF-2DF6-11EF-8F76-D03C1F565E3B
1255	25B1898E-27B7-11EF-8F71-D03C1F565E3B
1256	vfx/jup/level/mp_jup_drivethru/vfx_drivethru_steam_manhole
1257	226.43 -916.08 78.0304
1258	-1123 707 22
1259	5F1F1533-39D8-11EF-8F7C-D03C1F565E3B
1260	0AD42C1B-3D98-11EF-8F7F-D03C1F565E3B
1261	9ABB18FB-827D-C9B8-6C7D-99F4E7C53757
1262	equip_nvg
1263	vfx_drivethru_leaves_blowing_ground
1264	0 185.673 0
1265	0 90.1451 0
1266	0 113.698 0
1267	D995A3DE-3E85-11EF-B888-E0D464379E10
1268	84D3A6AD-2DF2-11EF-8F76-D03C1F565E3B
1269	2D78943F-96EC-E0F3-BC1B-A97C9546484A
1270	0 129.999 0
1271	1390.86 -92.963 93.3764
1272	van_infil_sfx_npc1
1273	-841 727 36.8877
1274	61B8FF7A-735B-542A-716E-ACFD15AC6989
1275	roof_confetti
1276	1182.43 -1266.08 105.255
1277	pf6ccd8259903c938a_auto2108
1278	DB5C82B0-5F93-E6E7-F56B-42E7824D94F1
1279	E5D4134F-3E6D-11EF-B888-E0D464379E10
1280	28DCBE6E-3E89-11EF-B888-E0D464379E10
1281	21976F41-F715-CD3A-C4DF-522015A32621
1282	ADFF343B-D00E-EA26-7FFD-756A431B6BDC
1283	7F7FEB84-4F76-1BFD-C533-9934835280E6
1284	tag_hood
1285	F7157CB2-FFFC-5284-58B0-E186A3397FDD
1286	E0F17B3C-5AE4-FEDE-F7CD-ECA5CC5CACD3
1287	9E63F704-39C0-11EF-8F7C-D03C1F565E3B
1288	1359.5 -498.5 106.246
1289	2AFDE228-B214-8A4A-E3EF-74FD7F053D27
1290	0 220.9 0
1291	67EE2495-11D9-B68A-67D6-8454BADB4E17
1292	1381.6 -1122.77 88.3648
1293	58A1C38F-27B5-11EF-8F71-D03C1F565E3B
1294	745.43 -821.08 75.5407
1295	0 9.79888 0
1296	35380EBE-D18F-A75F-57E8-A4B03880F8EF
1297	ee_food_bread_basket_03
1298	B43A5928-1896-11EF-9528-D03C1F55146D
1299	-1152 1040 28
1300	CBAA4064-402E-5B3F-7CEF-F06A2F0F0A5A
1301	8D16EA54-E3C7-6FAA-480A-DD1B62A72CBF
1302	1C5200F9-B03C-213C-26C8-D2913E9897BD
1303	1514 -28 117.725
1304	pff813fcfd6fc0c3a7_auto2108
1305	vfx/jup/level/mp_jup_drivethru/vfx_drivethru_water_streak_decal
1306	0 122.899 0
1307	1532 -84 106
1308	infil_van_4
1309	BF38BB37-0100-DEAD-FC1D-A58DB166D61C
1310	EAB212A6-4899-11EF-95D2-68545A904D17
1311	-1224.5 207.5 22
1312	0 174.999 0
1313	vfx/jup/level/mp_jup_drivethru/vfx_drivethru_duck_confetti_up
1314	pfdc024d701b854f3_3
1315	-1359 187 47.3235
1316	873 968 86
1317	1398 52 97.6434
1318	433.131 -637.178 93.2287
1319	0 270 0
1320	-989 -1059 35
1321	CBBB336B-5911-11EF-95D5-68545A904D17
1322	1518.81 22.208 105.249
1323	0 270.198 0
1324	A1DAECD3-6E8B-30E1-FE03-FEF0B6A05B91
1325	4DEC5302-2DF6-11EF-8F76-D03C1F565E3B
1326	pf618ad953748d8d1a_auto2108
1327	mp_dd_spawn_defender_start
1328	76D83370-3E84-11EF-B888-E0D464379E10
1329	D3B3AA01-27AB-11EF-8F71-D03C1F565E3B
1330	0 114.999 0
1331	food_cans_bottles_and_jars_jar_03
1332	22DBD925-F2B1-5958-5A75-2D7CF540A7D4
1333	87A7DEA4-4AE5-11EF-95D2-68545A904D17
1334	F9FCC89F-4A83-6F42-C89F-C44B3048B5F0
1335	fingers_in_start_left_hand
1336	tag_door_front_left
1337	uk_bottle_oil_small_02b
1338	1421.08 -1115.57 105.994
1339	19AEE50F-0EA7-11EF-9522-D8BBC1544079
1340	7348322A-4D30-37F1-9070-9395C25A323B
1341	0 0.79968 0
1342	998.08 -1183.57 90.2323
1343	scriptable_me_kitchen_coffee_bag_03
1344	971EF350-88B5-0FA5-D41F-7D4A2929118A
1345	77C011B2-CD82-3710-8161-7470C1AB9213
1346	7F6AED43-2D53-CEA1-B60A-CFEC00C6A07D
1347	D9BC21E6-466D-87DA-994E-BABF87C111B0
1348	68288A50-5914-11EF-95D5-68545A904D17
1349	8077F970-F214-B5CF-1CBC-07A56850F287
1350	mp_control_spawn_defender
1351	-988 578 44.0739
1352	scriptable_jup_food_cheeseburger_01
1353	FAAF46B3-5911-11EF-95D5-68545A904D17
1354	-1243 856 44.3693
1355	vfx/jup/level/mp_jup_drivethru/vfx_drivethru_chimney_smoke_02
1356	757.805 -209.983 87.5407
1357	scriptable_scriptable_door_tvstation
1358	A1F25665-77AB-6EC7-40BD-C11F929A0E59
1359	F625C2FF-C320-E1C8-747F-FB07D2078C56
1360	pf6cd487c565e4f288_auto17929874682146954656
1361	C28C462B-3ACF-FA1A-E4D8-0A2DCB1063A5
1362	0C24CE26-6869-450A-0AC6-4C327A12A9A9
1363	EC862288-CE4C-473E-33CC-52B58B08A52A
1364	922 860 86
1365	-1366.17 407.34 33.8167
1366	9C383298-C619-A25D-B593-3DBD8F04D810
1367	kitchen_knife_set_01
1368	scriptable_uk_bottle_oil_small_02b
1369	0 1.99899 0
1370	uk_car_detailer_spray_bottle
1371	8ED254C3-DF87-BB2B-E962-3395A9152B80
1372	9E63F713-39C0-11EF-8F7C-D03C1F565E3B
1373	B524C99F-2017-178A-FCA1-96BAA5525D96
1374	damageengine
1375	4DEC5311-2DF6-11EF-8F76-D03C1F565E3B
1376	jup_food_cheeseburger_01
1377	E8C51257-BDFA-496F-F45B-44BC8CD559F1
1378	9970D61A-C339-5F05-515C-2CC53124D91A
1379	-1104 268 23.5
1380	306A0780-C505-3B5D-8147-D523A73781AE
1381	80FE2F80-9B23-6BF6-0F41-DD681E9C4087
1382	BC93FFAC-5FCD-5199-C6D6-01862EA45533
1383	44E2F1B2-2D2C-11EF-8F75-D03C1F565E38
1384	256412F3-1897-11EF-9528-D03C1F55146D
1385	504449A9-9964-8996-241B-3979EBB05109
1386	28F3A5CE-590B-11EF-95D5-68545A904D17
1387	D78AA8DC-39D9-11EF-8F7C-D03C1F565E3B
1388	1033.08 -190.88 102.684
1389	-946 542 45.9181
1390	75DEB479-3276-B997-7503-5658DCC005D1
1391	scriptable_food_trash_cup_soda_med_01a_stack
1392	2CD75C34-48FB-11EF-AF98-E02BE9D31D40
1393	scriptable_electrical_flicker_subtle
1394	1510 -108 105
1395	2A190E67-C238-D03C-E0B3-3CAF75951AF9
1396	FB6C8A04-1896-11EF-9528-D03C1F55146D
1397	scriptable_kitchen_01_metal_dish_01_group
1398	3748BD63-5913-11EF-95D5-68545A904D17
1399	D4A8516D-4898-11EF-95D2-68545A904D17
1400	3517DE2A-2D2C-11EF-8F75-D03C1F565E38
1401	0 202.9 0
1402	1819DDD6-5337-48FC-DB5A-C0B08031B877
1403	6FC9955A-224F-4D50-A8B4-0361059DAAC8
1404	-969 -224 48.5
1405	0 335.099 0
1406	8CD9D779-5911-11EF-95D5-68545A904D17
1407	FDC3F522-6C43-9360-81E3-E1E37B9FB41D
1408	16C874E2-9ADD-E02C-7D42-47014C7B9C24
1409	0 304 0
1410	kitchen_utensil_stainless_steel_spoon_02
1411	93E874EE-2DF2-11EF-8F76-D03C1F565E3B
1412	0 345.999 0
1413	5A87FDCC-98CA-DA50-D3CC-C9F7C4CBF564
1414	053A136B-C997-C1BD-3CC8-5EFA7370B694
1415	83490B9A-5746-F701-3315-64B383DB957B
1416	left_30
1417	left_70
1418	pf202df5eaca53e7d3_auto2108
1419	0 8.07899 0
1420	1486.56 785.11 106.059
1421	pfc89b2393d16c2b9f_auto2108
1422	FF35F1B5-D3C0-1AB4-1DFF-29AE42B12D42
1423	2B802C2F-9474-1047-A1DE-9E030EE5E138
1424	0AD42C0F-3D98-11EF-8F7F-D03C1F565E3B
1425	0AE471FA-58D8-BED8-97E2-986BA34A9262
1426	8EABDCC6-5B63-92D3-F279-793EE0D0EAE9
1427	pf6cd487c565e4f288_auto18289293513694291926
1428	39CAEC02-3D88-11EF-8F7F-D03C1F565E3B
1429	9BAE8A59-27AB-11EF-8F71-D03C1F565E3B
1430	-1167 242 22
1431	873.461 591.185 91.5407
1432	j_wrist_le
1433	B53C0691-AF12-B255-A473-3D5BB984CE2E
1434	1398 52 105
1435	2251D4C4-9E92-9E34-DAAC-9330F0BA518F
1436	electrical_light_switch_01
1437	B7F8D873-1A7E-338E-D671-B844540ED17B
1438	mp_dd_spawn_attacker
1439	uk_yellow_component_bin_filled_01
1440	F452029D-48CC-11EF-AF98-E02BE9D31D40
1441	C1761F2B-E943-EDBF-F655-5053826C751A
1442	0 165.998 0
1443	58F4C3A6-39D8-11EF-8F7C-D03C1F565E3B
1444	D22D4981-C219-01A9-DDBC-754FD19B9457
1445	9B302A09-48D0-11EF-AF98-E02BE9D31D40
1446	7E493D53-A909-197C-8197-4197C2881A62
1447	scriptable_me_snack_package_sponge_cake_box_01
1448	5003D1F3-4AE5-11EF-95D2-68545A904D17
1449	C084D86E-5913-11EF-95D5-68545A904D17
1450	0E94D81C-39C1-11EF-8F7C-D03C1F565E3B
1451	1182.43 -1266.08 90.2323
1452	0A46C2EE-76C8-1360-2836-1B8AF50D4E96
1453	26CAD22B-89BA-F671-8DFA-3E62F8CA7277
1454	0 252.5 0
1455	28260F96-2D9D-CCCD-687A-B1B4EB19143E
1456	39CAEBDE-3D88-11EF-8F7F-D03C1F565E3B
1457	0 328.9 0
1458	kitchen_knife_block_01
1459	7EAC4C76-3E89-11EF-B888-E0D464379E10
1460	25D4EB20-C55A-6871-EA55-9BD3C00ACF32
1461	pf90d1d554198e2446_auto2108
1462	0 229.9 0
1463	mp_cyber_spawn_allies
1464	9A09A0AB-E8E7-5D06-D128-91D574E2092B
1465	0F4CD87C-3E95-11EF-B888-E0D464379E10
1466	mp_dm_spawn_secondary
1467	E0CE139B-A8F6-87C1-BC5D-38DA01C0CC77
1468	3517DE33-2D2C-11EF-8F75-D03C1F565E38
1469	9974D253-488F-11EF-95D2-68545A904D17
1470	0 194.6 0
1471	F6BEBC07-5910-11EF-95D5-68545A904D17
1472	D06B77E0-DE3F-5CC8-0379-9D0C5A5ADA40
1473	ADBB6252-2C51-F33F-D9AD-0BBBFEB44592
1474	C1E27378-F0AA-DF02-5385-782AE7584A9B
1475	0 183.673 0
1476	food_trash_container_01_open
1477	infil_van_5
1478	B7808133-4829-A52E-8376-E78E07EE510D
1479	8E8D1F2D-1406-11EF-9528-D03C1F55146D
1480	816FC187-4894-11EF-95D2-68545A904D17
1481	729 -1220 84
1482	0 5.09949 0
1483	5CAFC6CC-0D19-5248-B34D-92CB6A0629C9
1484	F9F230D2-8F0E-537C-2D38-56B81D9D9ABC
1485	pfdc024d701b854f3_2
1486	0 181.499 0
1487	20C2A7C1-0639-DAEC-6E17-9BF4DA85152F
1488	87A7DEB8-4AE5-11EF-95D2-68545A904D17
1489	F55FEC09-39D9-11EF-8F7C-D03C1F565E3B
1490	15023B44-44C0-78D4-DC2F-7B7D06EEC80A
1491	-1028 -576 36
1492	8D2352A6-1E94-EDB2-EB59-1C63BE920EA3
1493	single
1494	-1028 -706 54.8467
1495	C6C14144-2930-D589-8CF4-F81A3F97D7E8
1496	E39BA66C-39D9-11EF-8F7C-D03C1F565E3B
1497	-1043 -879 47.8717
1498	mp_tdm_spawn_secondary
1499	A6C40E6F-28B0-2BB1-F66B-40B6B61BD146
1500	ABE789C2-488F-11EF-95D2-68545A904D17
1501	vehicle_unusable
1502	30010EEF-F6B6-9752-42FE-4301A77528A9
1503	78661D2F-796B-DB0D-3DF7-D6B42ABD4634
1504	1521.5 -72 116.062
1505	van_infil_sfx_npc2
1506	B0656679-39C0-11EF-8F7C-D03C1F565E3B
1507	food_cans_bottles_and_jars_can_01
1508	E39BA678-39D9-11EF-8F7C-D03C1F565E3B
1509	E913DB62-D4C9-1F46-4079-14FC46A72F70
1510	CAAF5FEE-1291-273F-61FC-512A867091AB
1511	pfe59ee67a8c7e3495_auto2108
1512	B9752A00-5913-11EF-95D5-68545A904D17
1513	34701743-EBA2-8448-E147-EB162463FFD1
1514	-321 -523 55.3887
1515	vehicle_use
1516	3517DE24-2D2C-11EF-8F75-D03C1F565E38
1517	0 179.498 0
1518	49500E93-DBF1-FE98-78AA-DA22492F3323
1519	7CBD4036-3230-9CA7-A07C-652BD5161E9F
1520	26D65031-1898-11EF-9528-D03C1F55146D
1521	scriptable_uk_foliage_plant_potted_fern_01_hanging
1522	-1271.16 583.17 35.8999
1523	tag_light_back_right
1524	879E3A3B-0D26-68E4-DD2E-16138BFC13A1
1525	D2E11EE2-488F-11EF-95D2-68545A904D17
1526	0 179.997 0
1527	uk_misc_aerosol_can_01
1528	decor_coffee_vending_machine_01_off
1529	AFCE9605-3D58-C9F4-3F50-63B5A0E25BFD
1530	mp_dd_spawn_defender_a
1531	infil_van_iw9_5
1532	C4805AF7-A181-1577-5642-FA52E3DAF13E
1533	5DAF662F-2795-7C47-E841-D697895F571C
1534	6C1A8CF8-39C1-11EF-8F7C-D03C1F565E3B
1535	B0656682-39C0-11EF-8F7C-D03C1F565E3B
1536	B2424B8B-E1D0-A5A3-47AA-5ACB7E809096
1537	4626C08D-5912-11EF-95D5-68545A904D17
1538	shake_running
1539	0 133.997 0
1540	48C93469-5913-11EF-95D5-68545A904D17
1541	FB605CDA-30FA-B390-8FDB-E20079C328FB
1542	FBCDE448-0EA6-11EF-9522-D8BBC1544079
1543	9B38191C-D069-216E-D77F-1D0B6619BA2E
1544	E63E4B38-D3CC-4116-4F4F-150F7C6EBF11
1545	21F79EA3-6CA8-513C-33A6-C0A4D18BDE09
1546	59AAFBCB-B0F4-2A37-13E6-A705025CF8CA
1547	C6A3E172-6B42-FE2B-D975-6FA2A3DD2E82
1548	0 125.299 0
1549	0 273.998 0
1550	uk_foliage_plant_potted_fern_01_hanging
1551	48379DC8-B993-9166-5ED4-4793A6A73E78
1552	0 223.999 0
1553	26D65022-1898-11EF-9528-D03C1F55146D
1554	1421.93 -1056.08 91.8443
1555	1412 958 110
1556	0 311.999 0
1557	1B59994A-C318-823B-6D43-2C064151C0FF
1558	E95166C8-15E0-0EEA-EEA9-8DC6DB5A4E67
1559	F272767F-5CAA-0756-2EDA-FC9F2DFD6ECE
1560	infil_van_3
1561	39CAEC0B-3D88-11EF-8F7F-D03C1F565E3B
1562	ECB8490E-0EA6-11EF-9522-D8BBC1544079
1563	B0656664-39C0-11EF-8F7C-D03C1F565E3B
1564	19AEE509-0EA7-11EF-9522-D8BBC1544079
1565	AE67DD44-0EA7-11EF-9522-D8BBC1544079
1566	mp_dd_spawn_attacker_a
1567	E6B9E387-084F-0380-7E5E-B2ABE011FA0C
1568	traverse
1569	87CFAE1B-6554-E846-E345-55D253503FDA
1570	nav_door
1571	51C9148A-4C06-1934-A6BB-356A3248283F
1572	BB5B8CD7-488F-11EF-95D2-68545A904D17
1573	39CAEBD5-3D88-11EF-8F7F-D03C1F565E3B
1574	0 6.39877 0
1575	02642E44-92C7-456F-0D59-DD0ED6F7FEFD
1576	D2A703EC-0EA7-11EF-9522-D8BBC1544079
1577	0 268.998 0
1578	1391.69 -37.972 94.3459
1579	tool_cordless_drill_01
1580	38717627-B3B1-11EE-8F98-68545AAD9F25
1581	0 310.8 0
1582	19AF9EB3-1464-57CE-D701-4C9124F30492
1583	82078A49-CF83-9670-6A96-DBBE512EC150
1584	B721D726-5914-11EF-95D5-68545A904D17
1585	B43A5946-1896-11EF-9528-D03C1F55146D
1586	-1142 -174 33.25
1587	18CF349F-3164-3A39-F5FD-C082A9331CCD
1588	4DEC5308-2DF6-11EF-8F76-D03C1F565E3B
1589	0 315.998 0
1590	0 135.798 0
1591	445F947F-B3B4-11EE-8F98-68545AAD9F25
1592	-1027 -719 50.8788
1593	-1023 -761 54.06
1594	3517DE27-2D2C-11EF-8F75-D03C1F565E38
1595	0 315.099 0
1596	7E2A460A-590A-11EF-95D5-68545A904D17
1597	EBC26D33-F2BF-2C66-244F-16ECC1FFDD21
1598	0 135.097 0
1599	2652BDCE-61C0-E8F3-4A7A-F2D799C8DED6
1600	26D6502C-1898-11EF-9528-D03C1F55146D
1601	bash_right_90
1602	-1290 412 34.855
1603	0E969B9A-4539-C486-DF33-3163637079FC
1604	851BA332-E2AD-C37B-B9D9-5FC15FFD5E6E
1605	E92C8F06-8883-43FD-64B0-F820E1FBB05A
1606	141D89D4-9B95-3B0D-D44C-62FA357DEF8F
1607	E1996978-BFD2-38D0-17CE-03A8E4A0548C
1608	9815A070-5A81-FFCF-53E6-3625877233E2
1609	036C745F-0EA7-11EF-9522-D8BBC1544079
1610	ECF66DB3-1432-DBF8-4FAC-7717C15018F8
1611	kitchen_01_metal_dish_01_group
1612	1459.32 -129.123 91.1939
1613	2429A4E9-7575-2190-3E55-D16C59E48064
1614	jup_infil_blima_step
1615	58F4C3B8-39D8-11EF-8F7C-D03C1F565E3B
1616	505 -1153 88
1617	1416 676 106.458
1618	DC9BE163-F70B-3988-7479-43D0FFCFD4D6
1619	6B749808-D640-B637-EFE1-F72097546BA1
1620	2A18A89C-4890-11EF-95D2-68545A904D17
1621	7D5FBBD6-52B4-BA95-AC16-57E0F43CC2C7
1622	F9E276F4-09A0-36E7-A608-B64BC795A940
1623	B43A592D-1896-11EF-9528-D03C1F55146D
1624	0 155.998 0
1625	7D08F22C-B3B1-11EE-8F98-68545AAD9F25
1626	F420B5CE-5911-11EF-95D5-68545A904D17
1627	0 183.997 0
1628	-425.915 -83.522 48.9705
1629	B0656676-39C0-11EF-8F7C-D03C1F565E3B
1630	39CAEC05-3D88-11EF-8F7F-D03C1F565E3B
1631	71840D32-9935-C298-5D3C-3657F826EA0D
1632	B972F7A2-D5E5-543F-D861-E38F26319AF5
1633	9463378D-793A-656C-B992-04FEAA4F6E81
1634	431F066A-5911-11EF-95D5-68545A904D17
1635	98B5EC71-4322-DDDB-907B-03CEB5085090
1636	B43A593C-1896-11EF-9528-D03C1F55146D
1637	004EA12A-F263-1DA0-6F3B-41D22AD59C71
1638	FB6C8A13-1896-11EF-9528-D03C1F55146D
1639	F3224753-1630-B11E-B39B-EBC634E36876
1640	402E2AA7-0EA7-11EF-9522-D8BBC1544079
1641	1039.79 214.804 98.1841
1642	9CB58C48-8531-3C3C-60D8-9D5A7F869AAC
1643	43C543CC-2DF6-11EF-8F76-D03C1F565E3B
1644	pfe02f878b5875dab0_auto2108
1645	0052BE4F-32F5-8FED-DCDA-9C5CFBDC4E6D
1646	84D3A6A1-2DF2-11EF-8F76-D03C1F565E3B
1647	1237.08 -754.57 108.004
1648	0AD42C42-3D98-11EF-8F7F-D03C1F565E3B
1649	0 177.527 0
1650	44A717A9-D501-C4DC-9F19-9CC8700F5856
1651	0 162.798 0
1652	-579 1009 28.5
1653	0 205.673 0
1654	F34379C6-0A46-507C-DED2-A855EB88835E
1655	5B180886-488F-11EF-95D2-68545A904D17
1656	ik_in_end_right_hand
1657	018D30ED-FE05-1E02-0A50-AB3410244207
1658	1472 116 92
1659	left_50
1660	left_90
1661	5BAA8658-3E75-11EF-B888-E0D464379E10
1662	B065666A-39C0-11EF-8F7C-D03C1F565E3B
1663	EEC59250-4FAA-D7C3-D6F4-4FB75137AEEF
1664	FF3F8CF5-4898-11EF-95D2-68545A904D17
1665	8859042B-4F23-B175-043A-E9B602FCAA62
1666	254521EB-0EA7-11EF-9522-D8BBC1544079
1667	-947 -871 37
1668	-1224 208 22
1669	43C543F3-2DF6-11EF-8F76-D03C1F565E3B
1670	1AD9F2FE-BA43-866A-3388-6F39988C15B1
1671	0 169.499 0
1672	28A9E408-DE9F-7CC6-22A5-8C5D016476E9
1673	1E3E9B32-30A6-4391-63F0-BAA4ADDE2017
1674	92F7D878-1F1F-DD67-222C-E584DDFEA9FD
1675	vfx_drivethru_trash_swirl_med
1676	19C11B18-39C1-11EF-8F7C-D03C1F565E3B
1677	C689045C-2CB6-5950-8396-118CC34F0EFD
1678	1478.08 774.43 105.047
1679	mp_control_spawn_attacker_start
1680	-466 908 43.9189
1681	FB6C8A27-1896-11EF-9528-D03C1F55146D
1682	tag_wheel_center_back_left
1683	254521E5-0EA7-11EF-9522-D8BBC1544079
1684	C31F2E12-9ECB-E6EF-47A4-D3B221EB751F
1685	1424 -116 90.0784
1686	scriptable_food_meat_01
1687	scriptable_base_book_stack_04a
1688	19C11B12-39C1-11EF-8F7C-D03C1F565E3B
1689	6EEFBDB7-2926-11EF-8F73-D03C1F565E3B
1690	2D0B7FA0-FFA6-748E-9D05-323B29471624
1691	-1168 308 21.9839
1692	scriptable_decor_balloon_a_yellow
1693	C30D4888-CCE3-4C81-826C-915F22EA4431
1694	8ECDB778-0FF0-5E54-6418-75617704D2A2
1695	3AA62BCB-CD26-3DC8-5059-A28F73FF81E3
1696	807FF985-A6C8-863A-34D0-E1625D86A413
1697	6B15A5AF-B3B5-11EE-8F98-68545AAD9F25
1698	1518 -192 107.785
1699	0 177.034 0
1700	943479AA-5913-11EF-95D5-68545A904D17
1701	0AD42C4E-3D98-11EF-8F7F-D03C1F565E3B
1702	4B0DE254-27B5-11EF-8F71-D03C1F565E3B
1703	2D17B222-0C17-6B8D-781D-7F4C155F302E
1704	scriptable_electrical_light_switch_01
1705	293D592E-7DF3-DE2A-0464-F4A083E0329D
1706	C80E4F51-5915-11EF-95D5-68545A904D17
1707	D4AB1628-5913-11EF-95D5-68545A904D17
1708	food_trash_cup_soda_lrg_01
1709	FC03BCDD-0EA7-11EF-9522-D8BBC1544079
1710	9E63F70A-39C0-11EF-8F7C-D03C1F565E3B
1711	E2C2E0E3-5721-176D-B01E-4AAE79F92961
1712	562538BF-590A-11EF-95D5-68545A904D17
1713	-1168 308 22
1714	744DD57D-5912-11EF-95D5-68545A904D17
1715	scriptable_uk_yellow_component_bin_filled_01
1716	997BC9A1-3EC3-160E-DAF9-8B366CC18652
1717	pf626946a2494e57b5_auto2108
1718	5E7E9E1A-441D-2B6C-AF62-ED637977E8CA
1719	pfdc024d701b854f3_4
1720	-1257 111 48.3295
1721	976 0 97.5463
1722	hide
1723	04200B28-590B-11EF-95D5-68545A904D17
1724	F3B83CFF-10EF-372C-4759-500F1B63B295
1725	7E6D65B2-0EA7-11EF-9522-D8BBC1544079
1726	BBE0B356-62B9-183F-009F-13DE7E01E9A6
1727	1309.88 281.084 104.096
1728	BE7D9E3B-8D55-4D01-FF5A-DF20F3F74923
1729	vfx_drivethru_chimney_smoke_01
1730	267BB6F8-FE28-3B7B-428F-189572ADEE74
1731	D7A95B17-48CC-11EF-AF98-E02BE9D31D40
1732	infil_blima_1
1733	9C91B01E-27C8-11EF-8F71-D03C1F565E3B
1734	CB680794-488F-11EF-95D2-68545A904D17
1735	F34601BB-C926-6BC1-9A06-D9C725CB0016
1736	1402.92 432.88 106
1737	ee_fence_wood_plank_post_01
1738	D7607049-48D5-11EF-AF98-E02BE9D31D40
1739	19C1019E-0555-CA33-3428-B4D773449809
1740	0AD42C36-3D98-11EF-8F7F-D03C1F565E3B
1741	row2_left
1742	vfx_drivethru_water_streak_decal
1743	84D3A6B0-2DF2-11EF-8F76-D03C1F565E3B
1744	03E5FA3A-39DA-11EF-8F7C-D03C1F565E3B
1745	food_cans_bottles_and_jars_can_06
1746	kitchen_knife_chef_01
1747	-1077 -539 39.25
1748	93E87509-2DF2-11EF-8F76-D03C1F565E3B
1749	off
1750	AF83A4F4-1897-11EF-9528-D03C1F55146D
1751	CEA4D892-39DA-11EF-8F7C-D03C1F565E3B
1752	jup_infil_shared_movement_post
1753	9E617CBA-5912-11EF-95D5-68545A904D17
1754	66A0D699-27C8-11EF-8F71-D03C1F565E3B
1755	2BC2B8F2-A3CB-A6B8-78AA-08FEA2A3C1C0
1756	0 179.499 0
1757	A2B9A9D6-37A8-ED9A-A661-4CD0C856C401
1758	0E2C8EC4-48CF-11EF-AF98-E02BE9D31D40
1759	4AA8B597-3E85-11EF-B888-E0D464379E10
1760	-367 -521 51.6414
1761	5035F8D6-2934-11EF-8F73-D03C1F565E3B
1762	C0C4B127-96BA-5C41-0715-B010B76AABED
1763	69B1C5C6-67B7-4B68-6980-6596DE08C742
1764	-1224.02 138.951 22.9706
1765	EE72412F-3990-2AAA-90D1-849659A51579
1766	9798A100-248A-11EF-8F70-D03C1F565E3B
1767	D4ABD5C8-E21B-6ABE-1349-02C994C73584
1768	-1282 171 22
1769	EE6AE25E-F467-2DB4-A330-FFAC7ECF1953
1770	16418AA6-5C0E-5BAA-E8FE-8B854F08851B
1771	992.08 -1181.57 92.5773
1772	6EEFBDAE-2926-11EF-8F73-D03C1F565E3B
1773	66A0D69C-27C8-11EF-8F71-D03C1F565E3B
1774	jup_infil_blima_rope_fall_left
1775	-1281.18 171.497 20
1776	EB0C103F-27AE-11EF-8F71-D03C1F565E3B
1777	E6F2D23E-4898-11EF-95D2-68545A904D17
1778	BBC4D9FD-39C0-11EF-8F7C-D03C1F565E3B
1779	7B53AC0D-C5B3-203C-0BE1-A528EBD98C15
1780	0 109.771 0
1781	1422.08 -1055.57 123.714
1782	06DF2C66-4890-11EF-95D2-68545A904D17
1783	5 223 96
1784	0 91.999 0
1785	-961 -601 50.8788
1786	62EEC82E-6D57-EFBE-B78E-BF000BAEF9B0
1787	781A6A96-F5C6-30C2-BD0C-792B75D85BC3
1788	0 358.5 0
1789	58F4C3A3-39D8-11EF-8F7C-D03C1F565E3B
1790	-1094 -867 35.0064
1791	-1058 -564 52.9163
1792	D78AA8F1-39D9-11EF-8F7C-D03C1F565E3B
1793	1394.88 263.084 92
1794	1366.08 -478.38 105.981
1795	63D04018-248B-11EF-8F70-D03C1F565E3B
1796	F38757C0-8EF0-ED83-5367-9D156281EAA1
1797	row2_right
1798	pfdc024d701b854f3_5
1799	scriptable_me_electrical_box_small_01
1800	scriptable_hardpoint_chevron
1801	-989 -1059 51
1802	1478.08 852.43 105.047
1803	0 209.499 0
1804	3C016CB5-48FB-11EF-AF98-E02BE9D31D40
1805	66A0D6A5-27C8-11EF-8F71-D03C1F565E3B
1806	668F7A5A-27C7-11EF-8F71-D03C1F565E3B
1807	B43A591E-1896-11EF-9528-D03C1F55146D
1808	BBC81A91-2117-F164-A955-AA23C74433C4
1809	0 117.998 0
1810	43C543EA-2DF6-11EF-8F76-D03C1F565E3B
1811	256412B7-1897-11EF-9528-D03C1F55146D
1812	1003.08 -2.88 99
1813	295094B1-5A03-A9BE-03F3-1B0986DAE5E9
1814	tool_spray_paint_can_01_bottle
1815	6B550934-658E-60E9-2F9E-1E6821A90B82
1816	BB937C71-558C-58B2-B7AA-FEDD9A9DB765
1817	E5C74610-F6EF-1D7A-98AD-88D947EBCFCC
1818	443.885 -1163.21 73
1819	scriptable_food_cans_bottles_and_jars_jar_03
1820	-1111 -891 49.594
1821	1490 -364 99.7925
1822	AE8065E0-A413-E19B-1532-A8EA583D6CC9
1823	pffa915842899edbef_auto2108
1824	4D368EFF-22A0-B4D0-6D39-3D47CA196B0B
1825	0AD42C4B-3D98-11EF-8F7F-D03C1F565E3B
1826	256412CB-1897-11EF-9528-D03C1F55146D
1827	25A64044-3E8B-11EF-B888-E0D464379E10
1828	0 106.099 0
1829	0 79.9978 0
1830	-1037 1048 28.6646
1831	1517.5 -162 123.572
1832	-1103 128.5 25
1833	0 142.2 0
1834	6A129342-0F54-5BA2-1E6C-017AF1CD322A
1835	7EAC4C68-3E89-11EF-B888-E0D464379E10
1836	0 89.5986 0
1837	kitchen_plastic_tupperware_01
1838	0 139.6 0
1839	jump_up_80
1840	jump_up_40
1841	0 157.998 0
1842	4BC4CAFE-B3B1-11EE-8F98-68545AAD9F25
1843	-844 1034 46.6932
1844	9B093FE9-CC30-62E2-B463-B27FB3418DBD
1845	44E2F1C1-2D2C-11EF-8F75-D03C1F565E38
1846	A7CD9838-30E7-8BA5-D23F-F3F524A74697
1847	746FAB11-3E6D-11EF-B888-E0D464379E10
1848	110041B3-A45A-BD7A-B749-D2C21D223C15
1849	0 89.9979 0
1850	946.79 407.804 98.1841
1851	1422.08 -1175.57 90.6413
1852	B956DA66-9A01-5E3F-3A40-896C52549995
1853	0 290.099 0
1854	02A619FA-E175-40C5-6DCD-AC9352960D44
1855	-1224.5 208 22
1856	1106.56 976.11 110
1857	1395.08 -1226.57 108.004
1858	container_lg_a_sov_dirty
1859	-571 -1138 50
1860	0 308.998 0
1861	79D103F9-5915-11EF-95D5-68545A904D17
1862	kitchen_01_pan_food_01
1863	668F7A2D-27C7-11EF-8F71-D03C1F565E3B
1864	pf5f932d2e7ca5ddf6_auto2108
1865	042082E0-A8ED-EFDD-9C51-E19C2F925B10
1866	0 115.673 0
1867	B1F02937-1405-11EF-9528-D03C1F55146D
1868	5EBC0F56-43BC-A516-665C-1035B256F19F
1869	5E812E3D-5915-11EF-95D5-68545A904D17
1870	-960 128 24
1871	9BEDCFA6-CE3D-0910-7BDD-854905F12494
1872	73D37845-8F65-1C2F-C958-92F28B240B49
1873	F6863B6D-9EA9-7340-68A2-6A775F6499FC
1874	52D864E9-917D-40B9-4B24-E441AC872BF3
1875	88F35082-BBE8-880F-FF89-2D954A6A9D02
1876	56C261AB-A80E-8F49-95D3-001B58610D6F
1877	A438E2D8-1406-11EF-9528-D03C1F55146D
1878	692.43 -1148.08 78.0304
1879	highspeed
1880	851963AE-FB51-9426-B1EF-D4DCC86A944D
1881	food_trash_cup_tall3
1882	668F7A3C-27C7-11EF-8F71-D03C1F565E3B
1883	pf2c104f3586e3137c_auto2108
1884	0AF83B85-590B-11EF-95D5-68545A904D17
1885	906C8B09-27B5-11EF-8F71-D03C1F565E3B
1886	7062B021-C443-F60C-61A8-E9F601ACF3C5
1887	-954 -711 54.744
1888	mp_koth_spawn_secondary
1889	pfe581690853524888_auto4
1890	47467964-4B00-A4E9-D83B-AC97D6F55369
1891	pfe1ee8ade913be639_auto2108
1892	FBCDE42C-0EA6-11EF-9522-D8BBC1544079
1893	038A3A90-CD5C-140F-00FB-266BBC8B08E0
1894	pf9750a0a47553030f_auto2108
1895	0 281.499 0
1896	0 138.999 0
1897	4AF3DA5C-4AE3-11EF-95D2-68545A904D17
1898	4EF7C271-0F4F-37A0-F0C6-1114FEC0409D
1899	FFDDAF2C-6884-0E9A-5006-FF3880BF697D
1900	D6AE5D3E-2B43-9150-3BE8-03476D3B93B7
1901	37AA6D0D-906B-0F1D-2937-9A1427E93698
1902	0 89.9987 0
1903	tag_hubcap_back_left
1904	3A7D9218-FF3B-D9CE-C5FA-ACA6FF758C0F
1905	BB0B23D6-C69A-5412-AC8B-346364A8945C
1906	BFBF06B8-48CC-11EF-AF98-E02BE9D31D40
1907	C284CB96-4899-11EF-95D2-68545A904D17
1908	817.43 910.486 91.5408
1909	3342F1B5-D783-AE9B-7015-CFEFFB509642
1910	0C84E1B2-64C5-FD9F-0F7E-3A9A85B0C947
1911	6B92DF76-BA0A-14F2-52A9-483C266F3D05
1912	-340 -691 40.5
1913	0 335.999 0
1914	tag_wheel_center_front_left
1915	A529D4BB-5912-11EF-95D5-68545A904D17
1916	medical_bandage_roll_lg
1917	FF44A703-3E77-11EF-B888-E0D464379E10
1918	1474 850 96
1919	uk_car_body_paint_filler_01
1920	D304C300-B943-11EE-8F9D-68545AAD9F25
1921	pf384914c7ee67dde2_auto2108
1922	tag_hubcap_front_left
1923	tag_window_back_right
1924	infil_van_iw9_3
1925	E39BA681-39D9-11EF-8F7C-D03C1F565E3B
1926	536.08 576.43 96
1927	0 41.7 0
1928	pf546b875eaddfc9ea_auto2108
1929	scriptable_office_trash_can_01
1930	mp_ctf_spawn_axis_start
1931	-1088 0 24
1932	1518 -192 107.781
1933	165DBC0D-CCCD-4363-E587-1FD57C3E3A49
1934	jup_infil_blima_rope_kick_left
1935	scriptable_food_trash_cup_soda_lrg_01a_stack
1936	015095F7-F44F-DA61-D290-159A530D0110
1937	C72ABFC5-8192-E546-2130-3EEF9E686796
1938	0 9.09996 0
1939	mp_xfire_spawn_team_three_start
1940	pfe302e72c83d9912f_auto2108
1941	256412D0-1897-11EF-9528-D03C1F55146D
1942	7FDDD771-B3B2-11EE-8F98-68545AAD9F25
1943	595F7941-3E83-11EF-B888-E0D464379E10
1944	-153 -1151 72
1945	947.21 -844.115 95.8308
1946	1114.08 968.43 105.047
1947	0 171.597 0
1948	0E8AB64A-AF04-11EE-8BCC-68545AAD9F25
1949	398326F1-606D-9B81-137E-799360C39A79
1950	B940B3FB-1406-11EF-9528-D03C1F55146D
1951	vfx/jup/level/mp_jup_drivethru/vfx_drivethru_falling_pine_needles
1952	ABD21278-ADF9-D3E3-AC53-46177BE15963
1953	668F7A6C-27C7-11EF-8F71-D03C1F565E3B
1954	infil_van_1
1955	5F1F1542-39D8-11EF-8F7C-D03C1F565E3B
1956	0 238.5 0
1957	pf26e76443d76dfc1a_auto2108
1958	pf604a687d37e7f784_auto2108
1959	D2E11EC8-488F-11EF-95D2-68545A904D17
1960	-395 -1013 35
1961	A16E6FF2-5914-11EF-95D5-68545A904D17
1962	EFD35EA1-3E6E-11EF-B888-E0D464379E10
1963	76B4D53B-B3B1-11EE-8F98-68545AAD9F25
1964	fingers_out_end_right_hand
1965	infil_blima_5
1966	FD3C9FA7-488F-11EF-95D2-68545A904D17
1967	29806222-1AE3-1F07-F2D3-6C9BB370D6EA
1968	scriptable_uk_misc_aerosol_can_01
1969	8DF47139-242C-412E-8230-FDFF1AB23B87
1970	03E5FA43-39DA-11EF-8F7C-D03C1F565E3B
1971	1402.56 671.11 104.018
1972	3B76A50A-4AE6-11EF-95D2-68545A904D17
1973	8DA865F9-4538-EA56-0004-0687ADCD426A
1974	2A7902A2-5915-11EF-95D5-68545A904D17
1975	cp_disco_glass_beer_bottle_fn_01
1976	49099666-488F-11EF-95D2-68545A904D17
1977	-952 558 35
1978	food_trash_cigarettes
1979	53046858-3A8B-4BFF-A153-B96C973FFBE6
1980	mp_sd_spawn_attacker
1981	1516 30 116.186
1982	tag_mirror_right
1983	18BE1C71-19DE-99F5-8C40-F43FB13F6BED
1984	1518 -192 108
1985	foliage_flower_potted_04
1986	EF4AB053-1405-11EF-9528-D03C1F55146D
1987	492 252 96
1988	325AE473-6C9E-0996-46A5-E28B2E55F0C7
1989	1488 -52 96.2359
1990	scriptable_decor_paper_towel_holder_01
1991	0 222.9 0
1992	1302.34 -1226.11 90.1536
1993	1522.08 -151.57 122.682
1994	8C2CE754-27C8-11EF-8F71-D03C1F565E3B
1995	vfx/jup/level/mp_jup_drivethru/vfx_drivethru_oil_decal
1996	EB492AF5-3796-5F03-AA3B-1643A86594C7
1997	4DEC531A-2DF6-11EF-8F76-D03C1F565E3B
1998	FF4C295B-3DCA-11EF-B888-E0D464379E10
1999	0 46.0988 0
2000	mp_xfire_spawn_axis_start
2001	scriptable_kitchen_plastic_tupperware_01
2002	-104 -804 44
2003	decor_balloon_a_red
2004	B0F8C476-27C7-11EF-8F71-D03C1F565E3B
2005	1293722B-EF06-C788-6493-83754534DE35
2006	vfx/jup/level/mp_jup_drivethru/vfx_drivethru_water_puddle_decal_01
2007	scriptable_uk_car_detailer_spray_bottle
2008	679.461 406.185 93.2383
2009	C20AE1DF-E3C4-0AAF-1DA9-2F67E21ABEA7
2010	splash listener
2011	0 181.845 0
2012	737E05D0-3AA7-E959-63F2-78D0AF86C444
2013	vfx_drivethru_amb_mist
2014	-1354 414 33.9791
2015	0 208.399 0
2016	0AD42C51-3D98-11EF-8F7F-D03C1F565E3B
2017	FA0FF2A5-10FC-BB10-D654-DE9BCCEF7CCD
2018	13 -1147 72
2019	0E8AB658-AF04-11EE-99C0-68545AAD9F25
2020	base
2021	scriptable_jup_food_frenchfries_02
2022	0 195.998 0
2023	6A8BF776-3E8E-11EF-B888-E0D464379E10
2024	E1D82AEF-6961-EC34-985D-0127A4225480
2025	-1131 -151 47.25
2026	-303 -479 51.6414
2027	1488 76 98.6266
2028	food_meat_02
2029	0F5C1CDD-A8E0-FDD0-73ED-B33968552C75
2030	ik_in_start_left_hand
2031	41267CE0-349D-535C-D76D-90FBA239DE81
2032	C86D0FE5-E13C-20D6-F0D4-104E5AEE0680
2033	700.43 -1222.08 90.4824
2034	719.885 -1201.21 88.9756
2035	39CAEC0E-3D88-11EF-8F7F-D03C1F565E3B
2036	me_snack_package_marshmallow_bucket_01
2037	080EE60D-489A-11EF-95D2-68545A904D17
2038	-1280.9 247.799 20
2039	-1139 -145 39.25
2040	5BC83CA3-39DA-11EF-8F7C-D03C1F565E3B
2041	121DDBEC-45BB-AB4F-3228-82A1BF7B3E41
2042	1124 694 110
2043	45607ED5-7684-38AB-FDAB-CF4F70792CD0
2044	E845A94A-8C1E-0362-2D61-1F77AC1464ED
2045	C8C01E3C-3092-309A-3508-B2FCC5937FAC
2046	pf57d8795ca4971851_auto2108
2047	84D3A6AA-2DF2-11EF-8F76-D03C1F565E3B
2048	3517DE36-2D2C-11EF-8F75-D03C1F565E38
2049	E4C58EC0-84A1-F032-FD19-603D4D92064E
2050	256412D5-1897-11EF-9528-D03C1F55146D
2051	-1043 -991 50.8788
2052	5F1F153F-39D8-11EF-8F7C-D03C1F565E3B
2053	1145.57 -395.92 100.752
2054	0 181.999 0
2055	93E8750C-2DF2-11EF-8F76-D03C1F565E3B
2056	4927E535-6510-9A68-AC69-DFA534D4EA74
2057	1398 52 98
2058	EAC303EB-F045-C83B-520C-8FF52EB2F118
2059	26E347EF-3E7E-11EF-B888-E0D464379E10
2060	van_infil_sfx_npc3
2061	tag_window_front_left
2062	F43EAEFC-21D1-182B-66A1-A9BB27156215
2063	C734B90E-5913-11EF-95D5-68545A904D17
2064	564A29A2-3DCB-11EF-B888-E0D464379E10
2065	6D81A4B8-8871-11E2-8852-C11EC758D33F
2066	1240.43 -1266.08 90.3674
2067	1240.43 -1266.08 90.3212
2068	0E94D81F-39C1-11EF-8F7C-D03C1F565E3B
2069	scriptable_equipment_dyn_trash_can_soda_02
2070	D78AA8EB-39D9-11EF-8F7C-D03C1F565E3B
2071	B6CABE34-2163-087A-5EBF-3E6E81279195
2072	vfx/jup/level/mp_jup_drivethru/vfx_drivethru_duck_confetti
2073	0 302.6 0
2074	BBC4D9F4-39C0-11EF-8F7C-D03C1F565E3B
2075	0 22.8999 0
2076	1434 978 112.272
2077	E64817E4-153F-4C31-D2B6-9DEF7C88E073
2078	food_trash_cup_soda_med_01a_stack
2079	84D3A6A7-2DF2-11EF-8F76-D03C1F565E3B
2080	FB6C8A22-1896-11EF-9528-D03C1F55146D
2081	uk_foliage_plant_potted_grass_01_hanging
2082	25E511F7-EC50-4F5A-979C-8790F1056BF6
2083	6266CF97-14BA-45C9-5DFD-B580ACC1D1DD
2084	A3F83DB6-1888-37EF-6E57-94CA9AFAC2D6
2085	pf2eeb3be9003e75f2_auto4
2086	D1A57D23-22BF-8F4A-4A4E-E483D9705327
2087	infil_van_iw9_4
2088	scriptable_food_trash_soda_01
2089	DAFCE1FE-C2CB-53D9-099E-8BA4B2CBD3ED
2090	1518 -44 106.598
2091	-1015 -728.5 54.7028
2092	decor_paper_towel_holder_01
2093	A66C987B-0372-4789-9CE2-D57FB5F1435B
2094	4B0DE251-27B5-11EF-8F71-D03C1F565E3B
2095	03EAB811-0FBF-0233-7081-151FB72381D4
2096	j_rope_1
2097	1488 -180 103.181
2098	99D7AD3F-068B-D1D8-8FE6-4D362895DF8C
2099	0 14.3711 0
2100	4103DF86-3E75-11EF-B888-E0D464379E10
2101	me_kitchen_coffee_bag_03
2102	DAA1ED16-3DCC-11EF-B888-E0D464379E10
2103	F7A8764C-D3EF-386B-9980-B0D863F06D8C
2104	7F43080A-27AF-11EF-8F71-D03C1F565E3B
2105	565D5E69-657D-309F-762C-0A4F33A640F2
2106	unlocked
2107	77321FB9-4892-11EF-95D2-68545A904D17
2108	1474 900 110
2109	E2E3CB4C-B60C-7B17-9A53-00696EAD1A18
2110	D78AA8E2-39D9-11EF-8F7C-D03C1F565E3B
2111	5C9425B1-39C1-11EF-8F7C-D03C1F565E3B
2112	7A5F2BEB-5912-11EF-95D5-68545A904D17
2113	-1099 -887 54.06
2114	542B8CD0-DD7F-A126-E55F-88ACAAF9FF0F
2115	692DED2B-3E75-11EF-B888-E0D464379E10
2116	201BC459-DA98-11F8-37D1-FFCCDD68DCF9
2117	45569EC7-4893-11EF-95D2-68545A904D17
2118	AD56E161-F696-C2E7-70F6-3AA1993B7702
2119	9027C248-4898-11EF-95D2-68545A904D17
2120	9B7F297B-BACF-607A-3C1B-122A31CA8D48
2121	F4C1E3F8-5914-11EF-95D5-68545A904D17
2122	pf3fa3641ab5d479ae_auto2108
2123	1FE2BF9D-5913-11EF-95D5-68545A904D17
2124	B0656667-39C0-11EF-8F7C-D03C1F565E3B
2125	CF4BD081-CD09-A1DA-1CC9-273B135ABED9
2126	pf3703adb4ca80aebd_auto2108
2127	infil_van_2
2128	vfx/jup/level/mp_jup_drivethru/vfx_drivethru_water_stream_sml_02
2129	0 140.499 0
2130	7539814A-8887-9EA6-B22C-250751D40705
2131	1398.88 375.084 106
2132	p7_diner_table_napkin
2133	0 322 0
2134	3023F865-C6FA-A843-89A4-D230102100BC
2135	21E95B2F-A224-79BA-527C-06A55C0BEF3D
2136	tag_hubcap_front_right
2137	958E11BB-B966-771C-93D4-B5703212FAA9
2138	0 125.599 0
2139	vfx/jup/level/mp_jup_drivethru/vfx_drivethru_oil_dripping
2140	FF5A387D-A0B3-AE3F-46F2-83A6A525735B
2141	0 177.998 0
2142	scriptable_uk_tool_box_small_01
2143	1394.88 263.084 106
2144	457 -234 81.9613
2145	B541AC92-488F-11EF-95D2-68545A904D17
2146	975F2689-3E6E-11EF-B888-E0D464379E10
2147	AE751396-A8FD-37BA-FF1C-F7C20940D262
2148	0 328.799 0
2149	light_part
2150	76D8F4FC-5F19-F093-DABB-DCFA2B41EA8C
2151	0AD42C18-3D98-11EF-8F7F-D03C1F565E3B
2152	4DEA3743-1090-2648-965B-E9DF77B21BF2
2153	decor_balloon_a_yellow
2154	-841 542 37.5136
2155	6EEFBDA2-2926-11EF-8F73-D03C1F565E3B
2156	1304 986 96
2157	bash_left_90
2158	tag_windshield_back
2159	ik_in_start_right_hand
2160	pfdd043bf8da917c16_auto2108
2161	BDB2762B-3D07-5463-1D51-D39069D2CFB6
2162	1400.96 667.685 106.591
2163	0 120.799 0
2164	32C9AE4A-4F38-6579-38DC-FBE8CF362586
2165	fingers_in_end_left_hand
2166	1421.93 -1116.08 91.1843
2167	ws_safe_offscreen
2168	F1A1A78B-B3B1-11EE-8F98-68545AAD9F25
2169	0 353.1 0
2170	2B63A9FE-1897-11EF-9528-D03C1F55146D
2171	pf6cd487c565e4f288_auto16489050613879858437
2172	09B24F29-6E39-5D95-C9CA-92B023BC2830
2173	-995 676 36
2174	595F7936-3E83-11EF-B888-E0D464379E10
2175	1500 -448 93.6647
2176	0E94D819-39C1-11EF-8F7C-D03C1F565E3B
2177	1488 114 92
2178	9E63F707-39C0-11EF-8F7C-D03C1F565E3B
2179	fov_63_2
2180	4819E881-E033-3F59-45EB-E65329870212
2181	71254B01-4892-11EF-95D2-68545A904D17
2182	BBC4D9F7-39C0-11EF-8F7C-D03C1F565E3B
2183	121C0023-5915-11EF-95D5-68545A904D17
2184	0 249.9 0
2185	B9752A0B-5913-11EF-95D5-68545A904D17
2186	51462B06-5915-11EF-95D5-68545A904D17
2187	40AF34A9-590B-11EF-95D5-68545A904D17
2188	2EF961B7-BD73-5B17-918E-192479C9D21E
2189	body
2190	0 280 0
2191	hardpoint_vis_03
2192	66A0D6A8-27C8-11EF-8F71-D03C1F565E3B
2193	1B76785F-5911-11EF-95D5-68545A904D17
2194	1312 978 96
2195	1FE2BFA7-5913-11EF-95D5-68545A904D17
2196	0 24.1995 0
2197	6C1A8CFB-39C1-11EF-8F7C-D03C1F565E3B
2198	1455.96 -65.686 89.1606
2199	-1105 -453 39.25
2200	1409.08 -1056.57 108.004
2201	ee_military_hazmat_containers_bucket
2202	-1167.71 171.091 22.9286
2203	FAFB50A9-BDB7-73E6-C9B3-253D607357AF
2204	-1024 -64 32
2205	1474 774 104.942
2206	-698 1022 32
2207	0 112.6 0
2208	524087FD-C208-0998-BA7D-AB4A303557C7
2209	1471C244-D58B-9C53-14E9-DC0F6A1E3942
2210	0E9AE64E-5912-11EF-95D5-68545A904D17
2211	C5EC01BA-9507-4A64-76AF-5B00712922EC
2212	878.08 832.43 94
2213	60D26FC2-F368-0A14-4BB4-0FF83DF3E8DA
2214	scn_infil_van_npc3
2215	-1287 831 22
2216	C734B8EA-5913-11EF-95D5-68545A904D17
2217	1300.08 962.43 105.047
2218	-1280 247 22
2219	DFED2005-FCD7-4A03-7451-01C01E98A0B4
2220	0 173.6 0
2221	B43A5919-1896-11EF-9528-D03C1F55146D
2222	09C8FC4C-FC06-165A-9423-81429A5F847B
2223	scriptable_ee_food_bread_basket_03
2224	0 318.898 0
2225	-1079 -959 54.06
2226	4626C07F-5912-11EF-95D5-68545A904D17
2227	-728 1032 32
2228	pfba42ac51f65a111f_auto2108
2229	ED68F540-5914-11EF-95D5-68545A904D17
2230	-776.07 -1135.58 58
2231	9BF54524-5913-11EF-95D5-68545A904D17
2232	4A9B5CC2-5915-11EF-95D5-68545A904D17
2233	8F9170F7-7A18-075E-C517-717850F768E1
2234	26D65027-1898-11EF-9528-D03C1F55146D
2235	-969.5 -689.5 40.9067
2236	-1333.17 778.34 39.3167
2237	67D4FD5E-4AE5-11EF-95D2-68545A904D17
2238	3B7F246F-39DA-11EF-8F7C-D03C1F565E3B
2239	F4BC9BCE-48CD-11EF-AF98-E02BE9D31D40
2240	2A16C95A-744B-B983-F987-D34CAC7CB41A
2241	668F7A1E-27C7-11EF-8F71-D03C1F565E3B
2242	4DEB9505-D572-33E3-76FC-85D7EA17306F
2243	73762618-8D6F-F9CD-1B7F-7D6047AB917A
2244	3356A497-DEB6-F581-8A48-9596DEAA0429
2245	0 310.799 0
2246	04200B14-590B-11EF-95D5-68545A904D17
2247	BF5EFFA6-27AF-11EF-8F71-D03C1F565E3B
2248	jup_infil_blima_player_grab
2249	-1171 95.5 33.25
2250	25B1898B-27B7-11EF-8F71-D03C1F565E3B
2251	E5CC8786-48CC-11EF-AF98-E02BE9D31D40
2252	450 846 96.8418
2253	-779 -1125 50
2254	uk_bottle_oil_small_02_green
2255	05AC107E-4899-11EF-95D2-68545A904D17
2256	19C11B15-39C1-11EF-8F7C-D03C1F565E3B
2257	vfx_drivethru_water_drips_pipes_01
2258	76B4D546-B3B1-11EE-8F98-68545AAD9F25
2259	0AD42C39-3D98-11EF-8F7F-D03C1F565E3B
2260	7D08F221-B3B1-11EE-8F98-68545AAD9F25
2261	jup_infil_blima_rope_crank_left
2262	EA2A664C-49D5-3D65-9FC1-E8D2E21F9E6E
2263	0C4D860B-F97A-7C2D-AFEA-60C7AE14EE38
2264	0 180 0
2265	vfx_drivethru_water_drips_land_01
2266	35C0E3CF-48CD-11EF-AF98-E02BE9D31D40
2267	39CAEBE7-3D88-11EF-8F7F-D03C1F565E3B
2268	mp_koth_spawn_axis_start
2269	8A0B662B-D21E-B043-DD13-A865EEE34EDB
2270	F689C6AC-DEAB-0252-4C07-F50F0412E771
2271	decor_misc_props_01_jar_small
2272	E02E6457-0EA7-11EF-9522-D8BBC1544079
2273	0AD42C15-3D98-11EF-8F7F-D03C1F565E3B
2274	0 198.399 0
2275	-460 938 44.1773
2276	19A941FF-C7AF-6997-8B22-C32DF52864FC
2277	pff2af02c6721c83ff_auto2108
2278	F071EFAA-DB4B-78C1-0722-4908DBD7C44E
2279	F2443959-C728-1BF1-C10C-FF9F1C3F3618
2280	180D3618-3E85-11EF-B888-E0D464379E10
2281	65F8EA56-82FD-4FDD-6FBF-D931131E726C
2282	89BD0E58-2277-A1C5-0AF9-943F29B36929
2283	-1104 268 23.7466
2284	-1104 268 20
2285	9DDC78C9-3E6E-11EF-B888-E0D464379E10
2286	5F1F1530-39D8-11EF-8F7C-D03C1F565E3B
2287	scriptable_decor_shoes_01_sandals_male_brown_right
2288	-971 -621 36
2289	4AF3DA51-4AE3-11EF-95D2-68545A904D17
2290	40AF349B-590B-11EF-95D5-68545A904D17
2291	0 84.7996 0
2292	mp_tdm_spawn
2293	977.638 -372.547 112
2294	5F21E7BB-A0CC-EAA1-D7BF-0A885F14C2DC
2295	F61F32B5-2B7A-9281-6FBC-32B4BFCEA74B
2296	46E6B151-0B3A-BECA-BC05-A1F8F2ACAC7C
2297	49A81D7B-3E75-11EF-B888-E0D464379E10
2298	40E9A4F5-DA10-0D9E-3D53-99905D8B040D
2299	4E8FE7CE-3DCC-11EF-B888-E0D464379E10
2300	BABEFADC-4899-11EF-95D2-68545A904D17
2301	1281.73 -1132.26 87.3184
2302	CB4130DB-7CB8-599F-DFD2-94A14ACC6CE3
2303	0 180.099 0
2304	vfx/jup/level/mp_jup_drivethru/vfx_drivethru_leaves_falling
2305	B280C236-39DA-11EF-8F7C-D03C1F565E3B
2306	0 359.499 0
2307	88EBDD7B-E5AA-3E08-1727-8DB24D537CFF
2308	1
2309	2B63A9BD-1897-11EF-9528-D03C1F55146D
2310	0 217.799 0
2311	78.873 -623.356 68.3001
2312	1CCAA5FF-A38A-B5DE-02E4-44EFC26DE14E
2313	pf118349bd1c30d36d_auto50596615691375544
2314	0 270.798 0
2315	0880EF5C-B6B8-10A3-7649-27F2D33E7417
2316	DACC7C1B-843F-63A0-3F34-845E69AF0042
2317	stopped
2318	B6FC256F-EE1B-0498-902D-D5D035F4B0F9
2319	7B7530C7-0316-B43E-0ECA-B0596DCC7380
2320	93E87503-2DF2-11EF-8F76-D03C1F565E3B
2321	0 4.19962 0
2322	957A14A3-86F1-405D-C95E-3E302D4DFCA3
2323	00337B3D-1898-11EF-9528-D03C1F55146D
2324	5C9425A8-39C1-11EF-8F7C-D03C1F565E3B
2325	9361CE04-52E6-576E-23D9-AB1EB234536A
2326	DD25B052-4899-11EF-95D2-68545A904D17
2327	59417E61-573A-289C-561C-A34ED8EA584F
2328	DE235A01-0B9A-C2C2-CE49-463B17D4D413
2329	58A1C3AE-27B5-11EF-8F71-D03C1F565E3B
2330	163A4767-B18E-25DE-2214-7C42780D7812
2331	80C7A3DA-88ED-8418-1C51-BA616043A40B
2332	-303.57 -1159.08 61.7571
2333	42981C69-488F-11EF-95D2-68545A904D17
2334	E44678C2-EEE1-E99D-6833-A1821366B92B
2335	hardpoint_vis_02
2336	CC95ED81-A9C0-800E-5E4B-F0AF631955FA
2337	1453.5 933 94.5
2338	DD208E98-17B3-0764-401C-FB0CE573309D
2339	F40210D0-5913-11EF-95D5-68545A904D17
2340	0 214 0
2341	0 147.487 0
2342	442.038 -146.5 100
2343	70922556-590A-11EF-95D5-68545A904D17
2344	-928.5 -621.5 36
2345	-1117 1032 28.6646
2346	99D46215-DE5B-5A59-C137-B14E9316B927
2347	1388.08 292.43 106
2348	base_scripted_anim_slot
2349	3B1D4A0B-CE0D-5DA6-D3B4-9549D5D05813
2350	0F9EC3EE-E2FC-48BF-8B88-CCA489187733
2351	B768E64F-B3B5-11EE-8F98-68545AAD9F25
2352	7D8D05E9-3E84-11EF-B888-E0D464379E10
2353	39CAEBDB-3D88-11EF-8F7F-D03C1F565E3B
2354	-142 350 100
2355	scn_infil_van_npc2
2356	00337B42-1898-11EF-9528-D03C1F55146D
2357	0 26.5997 0
2358	1360 76 96.5012
2359	0 29.9989 0
2360	00279531-976C-D768-E6A9-6631333F4B21
2361	-1134 -196 33.25
2362	C734B8F5-5913-11EF-95D5-68545A904D17
2363	91A85E5D-DC45-BA84-61E7-0C3F03CBA641
2364	4BC4CAFB-B3B1-11EE-8F98-68545AAD9F25
2365	free_look
2366	0 173.9 0
2367	217D4F30-F5A9-D6E7-9B40-416CF338742D
2368	D56A9930-4899-11EF-95D2-68545A904D17
2369	milk_crate_iw6
2370	1390.96 23.988 96.5208
2371	1046.88 151.084 106.168
2372	7A0D213D-5913-11EF-95D5-68545A904D17
2373	F46ECD29-9CD6-95FB-43D9-1BC5A7BDFC78
2374	-1103 128.5 20
2375	2BC68C8C-021F-E831-153D-C1982C0861A6
2376	-1224.54 276.762 19.9976
2377	vfx_drivethru_steam_manhole
2378	78F43DCF-C6D1-FEBB-8DA5-70E0CE14A732
2379	-1024 192 24
2380	93E8750F-2DF2-11EF-8F76-D03C1F565E3B
2381	0E82990B-C14F-8DDD-05F8-936C2846D0B9
2382	C6E5FA86-DF61-B15B-E64C-5D33AE207467
2383	1414.08 682.43 104.549
2384	FBCDE44B-0EA6-11EF-9522-D8BBC1544079
2385	-1124 -8 47.25
2386	036C745C-0EA7-11EF-9522-D8BBC1544079
2387	8F85FDBE-6E53-6D48-64BD-BE0138DF0D4F
2388	316F7436-2F3B-1753-1DFF-CDA7F9E56DFF
2389	591F29EC-1406-11EF-9528-D03C1F55146D
2390	68663FFB-4382-D44D-D654-A1EA137014EF
2391	75EC2A20-6A3B-1BB4-9A59-A05E9BC15CB4
2392	BDA16590-62F3-7662-0321-6E4026A09B5D
2393	0 157.799 0
2394	0 45.999 0
2395	-995 764 36
2396	FC3E845F-A8B0-2BCB-085C-45D7505E33EF
2397	766CE77D-27C7-11EF-8F71-D03C1F565E3B
2398	EF9C132E-3E94-11EF-B888-E0D464379E10
2399	92AF8E3F-9BCC-3E57-13B3-61FB61DA1B77
2400	scriptable_food_trash_cup_soda_lrg_01a_stack2
2401	FAE41ADA-B3B1-11EE-8F98-68545AAD9F25
2402	0 349.6 0
2403	facial
2404	B89F0F94-4AE5-11EF-95D2-68545A904D17
2405	ws_safe
2406	1518 -44 106.5
2407	70D9F0DB-4898-11EF-95D2-68545A904D17
2408	F159D30D-D75F-793E-884E-0C53E21C683D
2409	0 311.599 0
2410	50EFF7F5-E07C-0E23-6395-1602925CB65C
2411	F10A2A1F-48CE-11EF-AF98-E02BE9D31D40
2412	C9108B07-406E-2827-F2DA-E4992B2F9CEA
2413	ik_out_start_left_hand
2414	9E63F710-39C0-11EF-8F7C-D03C1F565E3B
2415	6EEFBDB1-2926-11EF-8F73-D03C1F565E3B
2416	food_cereal_bowl_01_empty
2417	-1170.38 95.7889 31.25
2418	-16.57 -1011.08 60.0345
2419	95EC8964-3E77-11EF-B888-E0D464379E10
2420	84D3A6B3-2DF2-11EF-8F76-D03C1F565E3B
2421	0185DF06-7D59-11D8-4A6C-10E1555D3864
2422	5A7E6B03-B943-11EE-8F9D-68545AAD9F25
2423	489 246 94.7917
2424	937.42 -319.93 108
2425	8BD1B719-906A-AC4C-C533-CE80DE37777A
2426	-1404 206 24
2427	BBC4D9FA-39C0-11EF-8F7C-D03C1F565E3B
2428	D56751DC-9BF8-0B84-BEBA-70871EAD8193
2429	3517DE2D-2D2C-11EF-8F75-D03C1F565E38
2430	mp_tdm_spawn_axis_start
2431	scriptable_vk_coffeecup
2432	5F1F152D-39D8-11EF-8F7C-D03C1F565E3B
2433	5 127 96
2434	53FDA96C-9862-EDFF-0743-041222956918
2435	6EEFBDA8-2926-11EF-8F73-D03C1F565E3B
2436	van_infil_sfx_npc5
2437	-1223.88 277.022 21.9903
2438	F2061743-897E-BE22-A03B-911905798CAE
2439	brake
2440	scriptable_food_trash_plate3
2441	scriptable_door_tvstation
2442	B82B8567-130F-51DF-A54C-B75979B4BC55
2443	69FC3192-96EF-1945-37F8-37F715B707BF
2444	0 179.998 0
2445	CCA56849-7049-7BA5-2D62-9B5E67DD05EC
2446	0 90.798 0
2447	van_chief_sfx
2448	1244.08 -861.57 102.03
2449	1300.88 283.084 104.678
2450	19C11B0F-39C1-11EF-8F7C-D03C1F565E3B
2451	0 87.9993 0
2452	4B75991C-4D3E-B43D-C6CA-1C73C363F33B
2453	0 133.099 0
2454	scriptable_food_trash_container_02_open
2455	F42A431B-C5F4-634F-4E59-65B5BF2A93C0
2456	88FC7403-5915-11EF-95D5-68545A904D17
2457	BABEFAD1-4899-11EF-95D2-68545A904D17
2458	1070.81 967.46 110
2459	746FAB06-3E6D-11EF-B888-E0D464379E10
2460	0 205.499 0
2461	0 193.499 0
2462	0 273.999 0
2463	4BDC0BD7-92A3-F122-745D-61D88A7093C3
2464	com_office_book_black_open
2465	1472 116 106
2466	4A279515-FEE2-11A1-F0D7-9A80490744CC
2467	0 92.5975 0
2468	11E908CC-C892-E7F3-9897-BC2E204F2BC0
2469	0AD42C2D-3D98-11EF-8F7F-D03C1F565E3B
2470	42FA5E86-FA3C-86FB-84DB-A971DE63630B
2471	vfx_drivethru_water_thin_stream
2472	586.038 180.5 100
2473	978.385 -240.71 96.1233
2474	849269DB-0EA7-11EF-9522-D8BBC1544079
2475	75F48044-57B6-33D3-548D-97B7B6CFF4BE
2476	722786CB-5915-11EF-95D5-68545A904D17
2477	3517DE30-2D2C-11EF-8F75-D03C1F565E38
2478	0 276 0
2479	tag_wheel_center_back_right
2480	CD876C10-39C0-11EF-8F7C-D03C1F565E3B
2481	7A5F2BE0-5912-11EF-95D5-68545A904D17
2482	84EA8584-AC25-48D7-C2E8-F4A075EBBE09
2483	1194.43 -1242.08 104.444
2484	4DEC530B-2DF6-11EF-8F76-D03C1F565E3B
2485	vfx_drivethru_water_puddle_01
2486	54AECB6E-3DCC-11EF-B888-E0D464379E10
2487	uk_spray_bottle_01
2488	215EB74C-6597-B839-8BC3-08EECE2F54D2
2489	accessory_table_vintage_ashtray
2490	-1069 1050 28.6646
2491	infil_blima_2
2492	0 295.999 0
2493	lowspeed
2494	FD4EA45E-5910-11EF-95D5-68545A904D17
2495	237BBD9F-672B-0C61-DECC-A0A126F7D860
2496	scriptable_food_trash_cup_soda_lrg_01a
2497	vfx_drivethru_insect_cockroach
2498	scriptable_container_lg_a_sov_dirty
2499	50C55FB1-CF8F-3C9E-A40E-FA57BEF4A0AE
2500	5814BCA7-4898-11EF-95D2-68545A904D17
2501	1304.08 276.43 104.337
2502	office_trash_can_01
2503	-1017.5 -717.5 40.9067
2504	jup_food_frenchfries_03
2505	83722ABC-6F4A-A51C-2DF0-DBDEBCDB9727
2506	063C6FB7-4D44-DC86-4A97-5AB6C1934139
2507	FB6C8A1D-1896-11EF-9528-D03C1F55146D
2508	58F4C3BE-39D8-11EF-8F7C-D03C1F565E3B
2509	0 0 0
2510	-1126 -48 47.25
2511	0 322.9 0
2512	58E1623E-3E88-11EF-B888-E0D464379E10
2513	E82409EA-A5F4-0A15-64C8-017A52A49875
2514	1433A595-FF75-B172-4C72-B416CA8C5134
2515	F8CE121F-4898-11EF-95D2-68545A904D17
2516	infil_van_fort_iw9_5
2517	scriptable_decor_balloon_a_green_light
2518	jup_infil_blima_rope_fall_right
2519	1D1010E1-BC4C-0D98-CD8A-92CCE70256C3
2520	7CE8728D-6CCD-76F5-FBF7-CA7989709AA6
2521	scriptable_decor_plastic_buckets_01_small_white
2522	8FC878F2-D960-F676-EDAA-1457B45D5C6A
2523	56850F7C-0D88-4857-5E3A-A22485C3382E
2524	1520.87 -37.974 103.28
2525	container_paint_can_01_rust
2526	91148CC4-2D90-30CC-3FD7-F03FFE7D4B95
2527	-1168 171 22
2528	4DEC531D-2DF6-11EF-8F76-D03C1F565E3B
2529	66A0D6AB-27C8-11EF-8F71-D03C1F565E3B
2530	C5022F83-3E88-11EF-B888-E0D464379E10
2531	43C543CF-2DF6-11EF-8F76-D03C1F565E3B
2532	7AF57D0C-8636-C8CF-AF04-056B70893EB4
2533	0 91.1999 0
2534	58A1C392-27B5-11EF-8F71-D03C1F565E3B
2535	1118.56 976.11 110
2536	601BB084-3E84-11EF-B888-E0D464379E10
2537	-967 559.5 43.0857
2538	-1126 -132 47.25
2539	191C1D8F-3DCB-11EF-B888-E0D464379E10
2540	B7841E8A-6F30-0BFC-2E23-C9787C88064E
2541	5D996800-15CE-1CFC-EE7D-11C152233B8B
2542	BF280A50-4898-11EF-95D2-68545A904D17
2543	CC2449E5-0EA7-11EF-9522-D8BBC1544079
2544	1518.16 -192.005 105
2545	1386 561 106.692
2546	pfe379cb78b5cc604d_auto2108
2547	-386 -501 54.7917
2548	F112D4AC-3B1B-12DF-DB1C-E38F01E60E31
2549	0 195.997 0
2550	12E16241-48CE-11EF-AF98-E02BE9D31D40
2551	A93364BE-C12E-2AB6-70BF-5349EB01422C
2552	5F1F153C-39D8-11EF-8F7C-D03C1F565E3B
2553	food_meat_01
2554	08EC1996-3DE5-0E75-D59E-FCA4A252E40C
2555	072E0C7E-B376-AA08-DCCB-966B9C9BDC97
2556	C6B9F176-4A62-A25F-5419-7B0A4CB15380
2557	715 -1228 90.8701
2558	decor_wood_coffee_table_prop_set_01
2559	6155C47B-3E88-11EF-B888-E0D464379E10
2560	7CDEC3C8-178E-DF31-7CD7-57FE673EEE06
2561	2B9909BD-BDBC-B031-A757-8184755C1D7A
2562	uk_foliage_plant_potted_fern_01_hanging_winter
2563	van_door_sfx
2564	B7025303-1225-A8ED-CEF0-EB6E0059D23C
2565	pf5615c72bc0e74d6e_auto2108
2566	93E874FA-2DF2-11EF-8F76-D03C1F565E3B
2567	975F267B-3E6E-11EF-B888-E0D464379E10
2568	0 310 0
2569	7C72C3F0-3E6D-11EF-B888-E0D464379E10
2570	vfx_drivethru_water_drips_sml
2571	-1352 772 22
2572	7CCC1E13-539E-E740-4D5C-73A0F5FFB9DE
2573	A96519CC-590A-11EF-95D5-68545A904D17
2574	A8DDE36F-07C9-1D5E-0A42-623D6F3F1C2D
2575	2962728E-36D3-2AED-EB21-8A8A4F4A76F1
2576	scn_infil_van_npc5
2577	pf9d9db6690073593a_auto2108
2578	315DA74C-590A-11EF-95D5-68545A904D17
2579	auto_mp_jup_drivethru_cfx.map
2580	1452.08 -265.57 100.471
2581	37ECC9F1-9278-0190-114F-A63291A78930
2582	scriptable_decor_misc_props_01_jar_small
2583	A0AC56D2-6DCF-3678-5A32-0D4C8F8D38AD
2584	D4AB1636-5913-11EF-95D5-68545A904D17
2585	0533F267-31C9-FA54-E2A6-077333502DC6
2586	81F90E2C-5914-11EF-95D5-68545A904D17
2587	19C11B24-39C1-11EF-8F7C-D03C1F565E3B
2588	69B3C79F-5913-11EF-95D5-68545A904D17
2589	mp_ctf_spawn_allies_start
2590	1446 -140 105
2591	scriptable_com_office_book_black_open
2592	infil_van_fort_iw9_2
2593	-862 1045 40
2594	DD04474B-7B3B-9385-9D3F-39AB60824EE6
2595	ik_out_end_left_hand
2596	E38B21AB-8BDB-4E44-7056-BBB3246D0D2A
2597	7DEE74B6-2DF2-11EF-8F76-D03C1F565E3B
2598	vfx/jup/level/mp_jup_drivethru/vfx_drivethru_water_thin_stream
2599	3
2600	734E04EB-B924-C1B0-9A60-732D714FAF23
2601	DF89E964-48CC-11EF-AF98-E02BE9D31D40
2602	vfx/jup/level/mp_jup_drivethru/vfx_drivethru_steam_drainage
2603	51DC2421-92AC-CAEA-0B42-B4B6B245C7DA
2604	867C53BE-85C5-94FE-136D-8D3F0F8558C5
2605	E79C1E96-48FB-11EF-AF98-E02BE9D31D40
2606	382BF64B-3E89-11EF-B888-E0D464379E10
2607	ED68F54F-5914-11EF-95D5-68545A904D17
2608	12464F12-B3B3-11EE-8F98-68545AAD9F25
2609	F984D9E4-D769-B7BC-9242-331F1DC11886
2610	6D31A432-3E6D-11EF-B888-E0D464379E10
2611	scriptable_foliage_flower_potted_04
2612	3D5B53BA-9312-2E88-2362-60CAAC6A9445
2613	pfdc21341b4745bb06_auto2108
2614	0 14.9975 0
2615	372268B5-5915-11EF-95D5-68545A904D17
2616	-1375 473 24
2617	8D09A7D8-7B39-E977-3434-E12BD2747681
2618	0 139.798 0
2619	vfx/jup/level/mp_jup_drivethru/vfx_drivethru_trash_swirl_dir
2620	547.815 829.461 96
2621	0 29.998 0
2622	83C231E7-27C7-11EF-8F71-D03C1F565E3B
2623	08FB2C94-B579-AEA6-FE89-B9E727166365
2624	0 267.2 0
2625	1446 -212 105
2626	25C59EB9-5D72-A6EA-374F-1E9BDF1E8360
2627	1522.08 -65.57 116.511
2628	0 115.998 0
2629	hardpoint_vis_04
2630	AFE5D9E9-7104-0B9C-6C93-E93A87CEFD29
2631	mp_tdm_spawn_allies_start
2632	0 228.799 0
2633	37ACAA09-4890-11EF-95D2-68545A904D17
2634	DC667344-5B98-23BC-9420-F8ACA6C89246
2635	-78.71 -1158.39 61.8989
2636	scriptable_tool_spray_paint_can_01_bottle
2637	3B7F2457-39DA-11EF-8F7C-D03C1F565E3B
2638	440AD240-27B5-11EF-8F71-D03C1F565E3B
2639	88FC740C-5915-11EF-95D5-68545A904D17
2640	9E617CC4-5912-11EF-95D5-68545A904D17
2641	F2484A96-2F84-22EF-08C7-55117D6B80AB
2642	76B4D55C-B3B1-11EE-8F98-68545AAD9F25
2643	596AF8D6-27AB-11EF-8F71-D03C1F565E3B
2644	2564128A-1897-11EF-9528-D03C1F55146D
2645	75CA7A3E-2B04-F436-8062-EFCF083ACE37
2646	D01E9005-4DCF-2342-23BB-4B450C1FAEFE
2647	F452029A-48CC-11EF-AF98-E02BE9D31D40
2648	-1029 -799 50.8788
2649	F5D0AE9E-7BD4-29C5-7C6A-26BE5538FBAF
2650	0 180.998 0
2651	0 295.599 0
2652	04419F8D-CF93-ACF3-225C-90CB9AE51A2C
2653	-1103 128.5 24.9264
2654	vfx_drivethru_water_puddle_decal_01
2655	show
2656	43C543D8-2DF6-11EF-8F76-D03C1F565E3B
2657	76B4D551-B3B1-11EE-8F98-68545AAD9F25
2658	2497A4DE-48CF-11EF-AF98-E02BE9D31D40
2659	-1142 -90 52.7585
2660	90ED143D-267B-2C69-BF7F-C63D7E9BD549
2661	scriptable_decor_boxes_01
2662	0 90.099 0
2663	61EF9D34-324B-96C1-07A3-2FCAFE046474
2664	960 -838 96.0522
2665	80DB34D3-C341-3FDB-FF4E-016B12E1360E
2666	52516F7E-2139-B996-EACB-258BEB6AB3BB
2667	53D9AF68-488F-11EF-95D2-68545A904D17
2668	uk_tool_box_small_01
2669	C9101897-590A-11EF-95D5-68545A904D17
2670	DC707FCA-4898-11EF-95D2-68545A904D17
2671	1143 559 102
2672	vfx_drivethru_steam_vent
2673	5847E96F-76B5-88C4-6912-4D1122419413
2674	FC9D90D1-AD72-E5A0-C9F8-29895658526C
2675	pf5ae6f68fe41de0a1_auto2108
2676	traversal_door
2677	damagelight
2678	1452 908 110
2679	43C543F0-2DF6-11EF-8F76-D03C1F565E3B
2680	60ECFD5A-B943-11EE-8F9D-68545AAD9F25
2681	-841 727 32
2682	6EEFBDB4-2926-11EF-8F73-D03C1F565E3B
2683	E3BF383F-BADA-6016-1453-975A6B870A10
2684	54C46362-D079-6B4E-2965-AF5A5F8847B2
2685	tag_light_front_left
2686	scriptable_food_trash_burger_box_01
2687	-1173 1022 32
2688	-1088 256 24
2689	EC348EC2-5911-11EF-95D5-68545A904D17
2690	1C228947-3E84-11EF-B888-E0D464379E10
2691	pfeee9f5a5abd8d446_auto2108
2692	30FC4445-C6F1-9989-2C45-653FB1B3FFC2
2693	A6A18A60-B10C-6FFC-9E7B-2D4F7AE3E2D0
2694	F73DF61D-6F5F-C2B7-CB8B-A1DA7624F85C
2695	5C94259F-39C1-11EF-8F7C-D03C1F565E3B
2696	6801F438-27B8-11EF-8F71-D03C1F565E3B
2697	58F4C3A9-39D8-11EF-8F7C-D03C1F565E3B
2698	A51451A3-3DCC-11EF-B888-E0D464379E10
2699	5C9425A2-39C1-11EF-8F7C-D03C1F565E3B
2700	0 261.798 0
2701	19AEE4C2-0EA7-11EF-9522-D8BBC1544079
2702	4DEC5317-2DF6-11EF-8F76-D03C1F565E3B
2703	BBFF93D7-5911-11EF-95D5-68545A904D17
2704	811E843B-6927-23BE-B62C-0563670CDFDD
2705	B065667F-39C0-11EF-8F7C-D03C1F565E3B
2706	scriptable_me_snack_package_marshmallow_bucket_01
2707	9E1AB4B8-EE40-4133-9E40-8818BA6946D3
2708	57180D6C-E10C-9E1A-57C0-06B5E4B126C1
2709	pf7d3fe8d43ecff0f6_auto2108
2710	5011229D-590A-11EF-95D5-68545A904D17
2711	0 139.673 0
2712	-1355 415 24
2713	C734B903-5913-11EF-95D5-68545A904D17
2714	BBC4DA00-39C0-11EF-8F7C-D03C1F565E3B
2715	mp_ctf_spawn
2716	C277A548-A669-C1BE-6FEB-D02C2B9E4F2E
2717	27891E5F-5913-11EF-95D5-68545A904D17
2718	9DFE89F2-602B-A84E-70CF-A3C0E3EBD1E6
2719	0 181.744 0
2720	6B7E9123-5915-11EF-95D5-68545A904D17
2721	explode
2722	980.58 -202.07 103.384
2723	30B2FA81-302B-CD7F-6402-811A65AD8330
2724	44E2F1BB-2D2C-11EF-8F75-D03C1F565E38
2725	jup_food_frenchfries_02
2726	BBFF93DC-5911-11EF-95D5-68545A904D17
2727	0 45.0998 0
2728	5BBB8A1B-3DCC-11EF-B888-E0D464379E10
2729	574CD464-3D0F-A397-61B6-A58AD6B29AFC
2730	scriptable_ee_furniture_table_pool_cue
2731	1DD14F55-4F14-62AB-C96F-7B7A92505FB7
2732	-445 935 52.1624
2733	0 23.5001 0
2734	scriptable_kitchen_01_pan_food_01
2735	-970 -624 36
2736	0 236.998 0
2737	infil_van_fort_iw9_4
2738	0AD42C3C-3D98-11EF-8F7F-D03C1F565E3B
2739	mp_dom_spawn_axis_start
2740	1A4E998D-9D03-47A1-40E5-19C8A62CF9A8
2741	0 203.976 0
2742	24EEFA14-3E95-11EF-B888-E0D464379E10
2743	24E02C69-A182-2F8E-4DB1-A29C92BD41D5
2744	1B76785A-5911-11EF-95D5-68545A904D17
2745	BBC4DA1C-39C0-11EF-8F7C-D03C1F565E3B
2746	7A0D212F-5913-11EF-95D5-68545A904D17
2747	946EB1E9-4AE5-11EF-95D2-68545A904D17
2748	B36C70DA-3C1C-0BD2-82E6-B20D41AAF4E2
2749	00066E61-48CF-11EF-AF98-E02BE9D31D40
2750	-1016 -818 52.5444
2751	492.038 191.5 100
2752	1182.43 -1266.08 90.3712
2753	5BBB8A29-3DCC-11EF-B888-E0D464379E10
2754	60E9FBF4-5912-11EF-95D5-68545A904D17
2755	D8C28215-A294-F1A0-0C58-E9B1C3A08C07
2756	706E12C8-115C-E46E-3C3A-C3559AB0DCD4
2757	156F67B6-3091-5967-6F0F-AEFF3475DE88
2758	A29B4711-5913-11EF-95D5-68545A904D17
2759	1D65CEA4-D6CD-2ABD-0165-B49C3A810812
2760	scriptable_decor_balloon_a_red
2761	100F1A01-D8B1-CBD0-73A7-E70FDC29C21A
2762	0B198562-9BEB-0984-4D65-9077B3469E2F
2763	21D456CF-5911-11EF-95D5-68545A904D17
2764	me_electrical_box_small_01
2765	pf2c090c6448439416_auto2108
2766	24A7BA16-AFEB-F5FB-3BFE-717A08A03FD0
2767	electronics_vhs_tapes_05
2768	09CE8882-0D4B-D0FB-259A-9353F754E16E
2769	-1223.73 208.022 20
2770	E082E824-7763-C721-9E28-F34F70DA030C
2771	17DDFE21-C7E4-0C98-81D5-3D4F8C214A31
2772	1474 850 110
2773	0E8AB659-AF04-11EE-A7B6-68545AAD9F25
2774	7F8AEBA9-4E79-8D11-F89C-53A8748E394D
2775	-1224 139 23.9929
2776	1EC19045-9650-5A5E-7864-5467C237D6EF
2777	pfea83f6571995b8cb_auto2108
2778	57830967-2124-072A-A094-76A26222462C
2779	E3EDA1C2-A66C-171B-F784-A526559E5C78
2780	15A83B15-C41B-EC3D-CF17-9560C8627050
2781	scriptable_decor_plastic_buckets_01_big_white
2782	1446 -212 97
2783	A5200971-73A4-1184-844D-48794BC9F44A
2784	DF870ADB-B3B1-11EE-8F98-68545AAD9F25
2785	7039ED6F-2AEA-DE49-429B-3E293E136DF8
2786	4626C070-5912-11EF-95D5-68545A904D17
2787	66BA7E39-07A4-87B3-DE24-546019B723EC
2788	99894EE6-BFF6-5EC5-BD53-C1D8724EA50F
2789	BB541ACD-2304-EFC9-490F-782CC0CC000E
2790	6604D68C-6227-7F99-E22C-47650D5006DE
2791	1500 -392 90.9613
2792	84D3A6BF-2DF2-11EF-8F76-D03C1F565E3B
2793	scriptable_food_cans_bottles_and_jars_can_06
2794	29FEE4C2-83B8-977F-C4C2-E9114ACA7BAD
2795	0 6.89886 0
2796	1389.8 -160.834 92.8161
2797	E1DFACA3-590A-11EF-95D5-68545A904D17
2798	080EE61E-489A-11EF-95D2-68545A904D17
2799	21D3C0D4-3C4E-F419-0290-40813971B56D
2800	88D7CE84-698F-D254-AF09-04ED01E828AF
2801	scn_infil_van_npc4
2802	6BBBA099-AFBD-D733-1DFF-3D22BE723A4C
2803	5B180878-488F-11EF-95D2-68545A904D17
2804	-1404 280 23.25
2805	vfx_drivethru_vehicle_drive
2806	AED546D9-ECE3-13D6-6165-A52B9458D2D8
2807	83F2E1FA-4B97-1030-40C4-502448DBB7E0
2808	3720D16E-590B-11EF-95D5-68545A904D17
2809	BABEFAE7-4899-11EF-95D2-68545A904D17
2810	4DEC5314-2DF6-11EF-8F76-D03C1F565E3B
2811	814F30F7-6F84-3C68-012F-F19003E8E775
2812	4626C075-5912-11EF-95D5-68545A904D17
2813	FC6E0370-EF72-522B-A660-303FD1266960
2814	ik_in_end_left_hand
2815	93E87500-2DF2-11EF-8F76-D03C1F565E3B
2816	5C9425A5-39C1-11EF-8F7C-D03C1F565E3B
2817	0 82.9997 0
2818	8B102DB9-5913-11EF-95D5-68545A904D17
2819	-1064 -337 44
2820	infil_van_fort_iw9_1
2821	891B4412-B943-11EE-8F9D-68545AAD9F25
2822	9A7EF410-39DA-11EF-8F7C-D03C1F565E3B
2823	427BCCB4-27FF-90DF-A550-A2543B78B802
2824	819E5FDD-38ED-58AB-77C6-0490E800776C
2825	00CE0EB1-CC5A-97C3-1148-363459646266
2826	6584B944-86F0-7756-E44B-5B759135082A
2827	D8DBB0AF-1D92-39F4-A85E-61C985D9CD9A
2828	-1224 277 21.9974
2829	-1058 1044 28
2830	30C3FE82-5915-11EF-95D5-68545A904D17
2831	1421.93 -1176.08 91.1843
2832	-1073 -939 50.8788
2833	1601EF42-CA68-2740-CA92-54A9E81EB03F
2834	row1_right
2835	72578268-9DB3-DF94-FBEF-4B39C0633E01
2836	221719AB-BF08-0173-3128-0CE31FA75465
2837	7DDA658A-A740-56A4-11E7-07BA6C6539FF
2838	940 -320 108
2839	E825B40D-3E85-11EF-B888-E0D464379E10
2840	-1084 -188 52.7585
2841	EEBCCFD1-4AE4-11EF-95D2-68545A904D17
2842	17F887F2-4AE4-11EF-95D2-68545A904D17
2843	615AFC46-985B-A182-7C05-E8D49187DB3B
2844	1502 20 107
2845	1402.88 493.084 92
2846	931.885 -556.21 91
2847	scriptable_jup_food_frenchfries_01
2848	-942 -708 54.8467
2849	9F6477DB-F27C-DA9F-51D2-424843D645CD
2850	0 195.999 0
2851	1CE26C7A-C92F-9C03-D191-AB174903026C
2852	FA3B7C57-45DF-584B-788F-CB6DD2CA49A6
2853	65835087-84BC-6731-46B2-5B00339B392B
2854	FF54F8A9-B3B3-11EE-8F98-68545AAD9F25
2855	scriptable_electrical_flicker_fast
2856	15FFCC6F-F451-9BC6-A8EC-1D99D6162623
2857	mp_control_spawn_defender_secondary
2858	86981453-3593-59EE-131E-1D9663D4D357
2859	CF90E193-1282-8D1B-D06F-74C741549932
2860	9093248A-E9E5-4C23-D56D-1071E6A597C4
2861	5F1F154B-39D8-11EF-8F7C-D03C1F565E3B
2862	scriptable_electronics_vhs_tapes_02
2863	ik_out_end_right_hand
2864	32094BA7-9E55-C071-8118-F66B363A873F
2865	553266CD-EAE1-B4AE-42A6-BA4558C966DB
2866	kitchen_01_teapot_01
2867	F4A7FB15-AECB-AC5B-3CC7-913BFDE82B40
2868	D4420DAA-3DCC-11EF-B888-E0D464379E10
2869	ED68F558-5914-11EF-95D5-68545A904D17
2870	0 217.699 0
2871	4103DF7B-3E75-11EF-B888-E0D464379E10
2872	9024ABDC-9DDC-3DFF-7142-6A133BE04DAA
2873	mp_arena_spawn_allies_start
2874	F2212156-E7D9-726C-A2B0-E28080242795
2875	vfx/jup/level/mp_jup_drivethru/vfx_drivethru_amb_mist
2876	default
2877	end
2878	6EBFDDAE-4AE5-11EF-95D2-68545A904D17
2879	36E2F6E9-4893-11EF-95D2-68545A904D17
2880	-316 -475 54.7917
2881	1BBD512A-4539-3CA8-4254-FF40B9066313
2882	3DBDF408-5915-11EF-95D5-68545A904D17
2883	food_trash_container_03
2884	10EFD834-352F-FA11-D655-FA4FEF77C613
2885	9E2FB463
2886	5F1F1536-39D8-11EF-8F7C-D03C1F565E3B
2887	scriptable_kitchen_utensil_stainless_steel_spoon_02
2888	C304726C-39A0-A09E-252D-00DD20785B1A
2889	1FE2BFA2-5913-11EF-95D5-68545A904D17
2890	C44C9BF1-F2CD-349F-3246-68BA93A70DFD
2891	4A41F5EF-3E7E-11EF-B888-E0D464379E10
2892	4A39F0B6-48FD-D79F-8907-FEEE7BC875CD
2893	0 306.2 0
2894	explode_left_90
2895	B7005679-8B19-C0FA-4291-130F9F17B389
2896	1188.88 443.084 95.9731
2897	0 321.999 0
2898	AEB7783F-B2A2-1970-165E-E03D0F9021E2
2899	london_coffee_machine
2900	8B102DA5-5913-11EF-95D5-68545A904D17
2901	4DEC5320-2DF6-11EF-8F76-D03C1F565E3B
2902	me_garbage_box_cardboard_01
2903	1C18E7EB-5DC0-4618-C812-14AE3EBEF1CD
2904	431 -629 92.7892
2905	0 52.1995 0
2906	ws_raise
2907	fingers_in_end_right_hand
2908	C896CE84-4899-11EF-95D2-68545A904D17
2909	scriptable_uk_spray_bottle_01
2910	0AD42C33-3D98-11EF-8F7F-D03C1F565E3B
2911	df_blima_interior
2912	-303.57 -1159.08 72
2913	5FBEC20F-4898-11EF-95D2-68545A904D17
2914	control_vis_b
2915	B96B1A44-EFED-75B3-864E-E7CD3AE094D7
2916	6B0F0116-03AD-3866-6A83-C0E5D17B68BC
2917	0 284.371 0
2918	DB924A23-BD91-5004-D853-37FEE101EDC5
2919	5C9425AB-39C1-11EF-8F7C-D03C1F565E3B
2920	-1224 139 24
2921	8A67BBEA-D424-2E8D-5600-FB02D55F48BA
2922	D2037691-777D-D97F-4FF4-70119311080E
2923	0B40272B-CD51-8396-2071-D5A896E009CC
2924	44E2F1B8-2D2C-11EF-8F75-D03C1F565E38
2925	4DEC52F3-2DF6-11EF-8F76-D03C1F565E3B
2926	7E2B513B-BC5B-2934-115A-4C49083D52C5
2927	-1142 -164 47.25
2928	57A494C3-DDF7-372F-5510-0D9C3927B741
2929	902 286 86
2930	E547F213-5215-886A-5CA7-A0BD9326CAC6
2931	B2EE14DC-590A-11EF-95D5-68545A904D17
2932	pf849f3a1ed8f70044_auto2108
2933	FBCDE44E-0EA6-11EF-9522-D8BBC1544079
2934	0 186 0
2935	0DAF41A7-476A-895A-D660-FC4C9D11FCF2
2936	0 100.099 0
2937	pf6955bb4a2c11dd8c_auto2108
2938	184F04F1-4AE6-11EF-95D2-68545A904D17
2939	1502.08 -361.57 105.949
2940	F9E25447-F859-2D7B-B88F-40D710A58B75
2941	CC3C9684-DDF5-0985-A941-D822C22D0638
2942	1522.08 20.43 117.735
2943	vfx/jup/level/mp_jup_drivethru/vfx_drivethru_steam_vent
2944	pfa2a431e9f5acacf9_auto2108
2945	0 317.8 0
2946	9E63F70D-39C0-11EF-8F7C-D03C1F565E3B
2947	63C67C24-50D5-1F9C-B0A5-65D1BEBA91B4
2948	BE4B5E4D-4A6D-6E73-68E2-23D1290E8553
2949	6F33EA1A-C52B-B665-037E-3116138F1496
2950	df_stop
2951	6C4866B7-5912-11EF-95D5-68545A904D17
2952	1317.5 -516.5 96.9613
2953	7A17C5C7-E737-0CBB-5673-26327FF9B9C0
2954	0 42.0988 0
2955	scriptable_accessory_table_vintage_ashtray
2956	F60D5191-4893-11EF-95D2-68545A904D17
2957	deprecated
2958	978 -1187 94.5115
2959	41373F56-48CE-11EF-AF98-E02BE9D31D40
2960	814C382F-0038-5D7A-A6C0-8F7895979C5D
2961	1E096F48-1C75-BA2A-7A55-3654A19AA959
2962	scriptable_london_coffee_machine
2963	0 180.999 0
2964	E5D4135D-3E6D-11EF-B888-E0D464379E10
2965	F7354023-4FF6-6080-C37F-3F25C9281E36
2966	-1167.6 241.796 21.7261
2967	B46073F9-0EA7-11EF-9522-D8BBC1544079
2968	un_appliance_water_gallon_dirty_01
2969	uk_bottle_oil_small_03b
2970	32C9EA96-2934-11EF-8F73-D03C1F565E3B
2971	-1024 64 24
2972	1151.11 659.44 134.251
2973	977E941F-5F0A-5BAD-D023-10A02D65AC2B
2974	545713B5-27AF-11EF-8F71-D03C1F565E3B
2975	me_snack_package_bread_cardboard_box_01
2976	1FE2BFB6-5913-11EF-95D5-68545A904D17
2977	9E63F71F-39C0-11EF-8F7C-D03C1F565E3B
2978	A82F06A9-15D8-A135-1CBA-472E4A3D458A
2979	EE453169-1406-11EF-9528-D03C1F55146D
2980	0 1.59825 0
2981	1502 20 106.636
2982	0 276.9 0
2983	0 256.5 0
2984	tag_bumper_front
2985	13997D81-DEC4-632A-F0E9-9E95E99A5F56
2986	646D237C-D6C1-456B-3BEB-839836B822C8
2987	0E56EF73-0146-F047-8C2A-F9B303B5861F
2988	152D2C17-6EEA-ED06-C2AF-50403FEE3404
2989	BBE19799-E1F3-E13A-FD8A-833B7F0B307E
2990	4855DA00-A771-C028-5859-81D5318E6A12
2991	FD4BFC30-5913-11EF-95D5-68545A904D17
2992	1184 425 102
2993	1317.43 -517.08 96.6398
2994	scriptable_london_coffee_machine_cup
2995	ee_food_bar_garnish_03
2996	3EC5E64B-CED2-B096-315A-FA47EB2837C4
2997	-1281 828 32
2998	0 339.999 0
2999	49A81D86-3E75-11EF-B888-E0D464379E10
3000	ED68F54A-5914-11EF-95D5-68545A904D17
3001	-1151 -5 39.25
3002	5C9425AE-39C1-11EF-8F7C-D03C1F565E3B
3003	58E16233-3E88-11EF-B888-E0D464379E10
3004	CFED90FC-DC4E-5B90-5EEF-7FFF1102EE68
3005	1156.38 672.084 107.61
3006	5295EAB4-4893-11EF-95D2-68545A904D17
3007	1329.08 -1231.57 105.645
3008	1372F67D-B7BC-94CE-F392-6507C7F6CE5B
3009	6F3FAFBE-82DC-DCCE-05F9-4BDB76E8AEB9
3010	0 228.268 0
3011	pfe762e3a73e2b87e7_auto2108
3012	1387.5 -478.5 105.984
3013	vfx_drivethru_falling_pine_needles
3014	780C3D3A-E575-7A21-F89A-F1309124F37B
3015	0 49.4999 0
3016	84D3A6B9-2DF2-11EF-8F76-D03C1F565E3B
3017	-802 -280 37
3018	61305405-AAEF-9457-E27B-1C44E47E0F27
3019	0 355.799 0
3020	359D5A1A-8F2F-49EC-A5CE-F312173484DA
3021	-727 90 35
3022	90045D84-4A76-0606-3D40-D9187AAA37F5
3023	FE636A89-5EF9-08C8-E541-107DD0726AC4
3024	jup_infil_shared_movement_pre
3025	pfcc4d6bfc2700269b_auto2108
3026	-1144 -75 47.25
3027	724DD42C-5993-F433-A6E9-5B8144AFC36F
3028	1514 -96 114.836
3029	81D1E541-CCB1-68E5-A1F9-466E0BC0D041
3030	F59D761D-0EA6-11EF-9522-D8BBC1544079
3031	0 137.999 0
3032	scriptable_food_trash_cup_soda_lrg_01
3033	0 235 0
3034	jump_down_40
3035	jump_down_80
3036	-1046 -334 36.9067
3037	DC0CDAEE-4AE4-11EF-95D2-68545A904D17
3038	scriptable_kitchen_01_teapot_01
3039	CCB09799-0B9D-5AB3-8E66-951E63B8FAD7
3040	pf2b29b074ae462456_auto2108
3041	B43A5923-1896-11EF-9528-D03C1F55146D
3042	01C6A1C3-F3FA-BB74-57A1-0DA2BB501754
3043	pfce0224a595edeb7d_auto2108
3044	906C8B06-27B5-11EF-8F71-D03C1F565E3B
3045	9DDC78BE-3E6E-11EF-B888-E0D464379E10
3046	72FC4BC3-0C18-AF22-DD78-28AEB391F27F
3047	0 29.9985 0
3048	7CD1A12E-4AE5-11EF-95D2-68545A904D17
3049	decor_shoes_01_sandals_male_brown_left
3050	0 124.898 0
3051	0 156.798 0
3052	0 315.599 0
3053	playerasm_patch_mp_infil_van
3054	0 149.6 0
3055	1112 854 110
3056	food_trash_container_02
3057	scriptable_jup_food_cheeseburger_02
3058	4626C07A-5912-11EF-95D5-68545A904D17
3059	vfx/jup/level/mp_jup_drivethru/vfx_drivethru_chimney_smoke_01
3060	AC31A41C-87EE-6586-A669-F50EA38FEEBC
3061	EB6B4A56-8F4F-2F6B-F411-F15299663FEE
3062	10062CED-4C05-9178-DEB2-7DC2A3557FFD
3063	1D39023D-F057-756B-A8BD-3AFF2F50A7DD
3064	0 84.798 0
3065	1C431216-5914-11EF-95D5-68545A904D17
3066	0 174.798 0
3067	69B3C79A-5913-11EF-95D5-68545A904D17
3068	2B63A9F9-1897-11EF-9528-D03C1F55146D
3069	scriptable_electronics_un_office_cellphone_pile_03
3070	D4CCD0AA-E600-CD33-6BA7-ED389E9E7481
3071	6A44E30B-A2AF-A6C2-94A7-8A5103605BB9
3072	-1109 1040 44.3693
3073	3AF26D93-CB4F-1875-F721-63491451A406
3074	4670E57A-7460-976F-4EFC-AD3701C35292
3075	scriptable_food_trash_container_01_wide_open
3076	shake_off
3077	vfx/jup/level/mp_jup_drivethru/vfx_drivethru_leaves_blowing_ground
3078	-1063 -527 50.8788
3079	explode_right_90
3080	F22ED6FF-B043-D2F0-9AF3-C59AAD80CA66
3081	20.3339 -528.382 100
3082	0 157.379 0
3083	0AD42C0C-3D98-11EF-8F7F-D03C1F565E3B
3084	7634FE57-F77E-5718-FBE3-A60330DD85EF
3085	scriptable_milk_crate_iw6
3086	1512.08 -453.57 105.949
3087	1490.02 6.13422 118.338
3088	0 202.6 0
3089	0 264 0
3090	scriptable_decor_shoes_01_sandals_male_brown_left
3091	A99CE382-E7FF-5C2D-EE1D-BC8D303FFAE6
3092	0 91.5973 0
3093	467DF0A9-0EA7-11EF-9522-D8BBC1544079
3094	-1093 -916 37.0977
3095	5F1F1548-39D8-11EF-8F7C-D03C1F565E3B
3096	0 181.55 0
3097	0 60.7977 0
3098	-987 566 45.959
3099	9E617CBF-5912-11EF-95D5-68545A904D17
3100	0 228 0
3101	1401.08 -1229.57 90.7005
3102	8605FC3C-DFF9-EBA2-35C2-0840C5D1E9B9
3103	EA2A33BD-B886-7471-C0C9-9EFEE06CB7A6
3104	0 136.996 0
3105	1522.33 -98.256 98.3438
3106	pff1cdf0c752ce3027_auto2108
3107	41EA4C4B-4AE5-11EF-95D2-68545A904D17
3108	-1379 407 24
3109	1512 0 106
3110	scriptable_decor_halloween_candlestick_stand_03
3111	DEDF30BE-48D5-11EF-AF98-E02BE9D31D40
3112	D7DA8ED6-ECD5-56D6-3CB8-FDF95553F2A7
3113	986.56 -424.89 112.91
3114	69B3C7AE-5913-11EF-95D5-68545A904D17
3115	0A6BABCE-A8F2-D593-BA81-3152917272EB
3116	-964.5 -1055.5 37.0802
3117	F55FEBFD-39D9-11EF-8F7C-D03C1F565E3B
3118	04200B19-590B-11EF-95D5-68545A904D17
3119	86FCE973-EFC2-FB1B-32F5-DA1A4333CB70
3120	0AD42C2A-3D98-11EF-8F7F-D03C1F565E3B
3121	FD748CFD-C810-5F55-6016-4BD0778187E9
3122	96AD363B-27B7-11EF-8F71-D03C1F565E3B
3123	CB281E01-CF88-00F2-2E8A-86A99A3B5955
3124	17693D35-96DA-8F42-D72E-620CE4CBD67F
3125	84B3CE87-3E89-11EF-B888-E0D464379E10
3126	vfx_drivethru_water_puddle_ripples_02
3127	food_trash_bottle_water
3128	-99 325 96
3129	mp_control_spawn_defender_start
3130	vfx/jup/level/mp_jup_drivethru/vfx_drivethru_vehicle_drive_01
3131	1147.5 -940.5 95.8205
3132	F2EBE920-7874-3663-80D9-9A24848DCBF1
3133	0 346.5 0
3134	DE52F256-3E77-11EF-B888-E0D464379E10
3135	EF880258-46A0-89F9-787C-6EFF5A67CE8B
3136	93E874F1-2DF2-11EF-8F76-D03C1F565E3B
3137	85EA15B7-E02A-7E60-B5CA-E872EF6334A3
3138	control_vis_a
3139	scriptable_medical_bandage_roll_lg
3140	5340F64A-B3B1-11EE-8F98-68545AAD9F25
3141	engine
3142	18EDCEBB-4F9B-74FB-200D-1A648364FC91
3143	4FAAFB8A-A035-8D88-0BEE-32BF3C929634
3144	EFA1CF19-FFC5-71E7-0558-9BD706689EDB
3145	vfx_drivethru_animals_rat_run
3146	mp_koth_spawn_allies_start
3147	0 317.999 0
3148	-960 0 24
3149	-1046 -981 43
3150	00621B2D-A5DF-2F92-8A21-312311544A50
3151	DC707FBC-4898-11EF-95D2-68545A904D17
3152	13CF621E-F659-3F45-ED6F-47357FF7F8F1
3153	-1171.5 96 33.25
3154	39CAEBE4-3D88-11EF-8F7F-D03C1F565E3B
3155	0 200.8 0
3156	84D3A6A4-2DF2-11EF-8F76-D03C1F565E3B
3157	0 246 0
3158	1401.43 -1230.08 90.3112
3159	D4A85178-4898-11EF-95D2-68545A904D17
3160	tag_door_back_right
3161	scriptable_jup_us_bathroom_product_detergent_03
3162	CA1ED5D1-2CF5-3DD3-8EDE-419AE7417740
3163	scriptable_me_snack_package_bread_bag_01
3164	-1357 587 33.8678
3165	7C72C3E5-3E6D-11EF-B888-E0D464379E10
3166	036C7462-0EA7-11EF-9522-D8BBC1544079
3167	-1362 522 24
3168	-1368.17 577.34 39.3167
3169	tag_windshield_front
3170	72767BDB-ACDD-16F8-B975-22483FAC55AE
3171	7C72C3FB-3E6D-11EF-B888-E0D464379E10
3172	frozen
3173	pff8160c9f31ef7ab7_auto2108
3174	44E2F1AF-2D2C-11EF-8F75-D03C1F565E38
3175	A1FDD652-0A4C-6A12-4457-C209A2B97F35
3176	58F4C39D-39D8-11EF-8F7C-D03C1F565E3B
3177	89837513-4898-11EF-95D2-68545A904D17
3178	pff0048d3b20e3394f_auto2108
3179	-942 -620 36
3180	553427AD-3E75-11EF-B888-E0D464379E10
