   1	-1136.8 -1225.9 199.222
   2	541D0A1C-DC2D-6DE5-9962-7BEAFDDB5A71
   3	0 180.992 0
   4	C84586C4-6C7E-11EE-959F-68545A904D17
   5	pfb1e34d7baa2aca52_auto2108
   6	0 110.254 0
   7	68172AC9-7499-453A-B652-105AB6E67CF7
   8	451.25 -239.5 217.26
   9	top
  10	CEC07B11-B773-11ED-8EE5-B0A460E8079B
  11	593620DC-BF4B-11ED-8EF3-B0A460E8079B
  12	0 239.999 0
  13	-1008 -1352 224.685
  14	64BCBD75-84F2-40D2-724A-F89E08F8C92B
  15	BA6B5C23-AB88-4F9C-782F-A94A9F2AEC2B
  16	0 264.993 0
  17	B4E8DD4F-C1B6-8272-6759-8ABF741A9EB6
  18	C26DE11B-D8EA-69A6-B2B8-61D6C0887004
  19	0 44.9936 0
  20	268.5 -980 271.257
  21	29F4B88D-14C2-9660-07B2-50D908BDB198
  22	EB2511B0-EEBA-A77F-70A7-D5733606B2F2
  23	70CAE506-7A3C-E69B-884E-E5C9796625C3
  24	DE7AACEE-0FBD-4DAF-CA54-F6C635BC4125
  25	772.5 808 114
  26	-1000 1835.5 106
  27	41317AB7-905D-5661-DFFE-7CC54DD6F053
  28	D4BAD3D2-B773-11ED-8EE5-B0A460E8079B
  29	453FAC40-7D1D-CABC-D1FA-2A864FE7B89D
  30	EEBC059E-884B-BA72-CECD-FEE396EA7A35
  31	C67BA453-2580-58CC-5BB1-FE70B4AF824E
  32	5F345819-A805-6C91-6BD5-BFF2B9A92638
  33	548429D3-C093-9697-8E71-9D2C82558A8D
  34	CB2AC9B2-B699-11ED-8EE4-B0A460E8079B
  35	geo_frag_a_006
  36	2856E3F0-4059-FA94-F7B0-E057D9BAF67E
  37	-271.5 -880 394
  38	0 40.7118 0
  39	-721.5 -518 200
  40	pf44bab925c0c226cb_auto2108
  41	scriptable_electrical_conduit_set_electrical_box_01
  42	pf354f84000f7a1412_auto715
  43	C7B77132-6DB0-2470-DCAE-D71B47AA44CA
  44	CD70B1B0-3FAE-C3C9-6BAA-D80E13DA649D
  45	126.5 2974 416
  46	C036A5CD-760D-11EE-9595-68545AD2D871
  47	pf81da7d2edb803397_auto2108
  48	D4BAD384-B773-11ED-8EE5-B0A460E8079B
  49	828 3560 403.042
  50	pfb1df1a7efafd1803_auto2108
  51	02C89426-C6B4-89AB-9FD4-4090D972C97E
  52	vfx_quarry_alt_lensflare_white_02
  53	palfa_infil_intro_19
  54	-1160.86 2643.36 457.424
  55	-399.5 664 330
  56	-1324.2 949 190.244
  57	palfa_infil_intro_2
  58	ik_out_start_right_hand
  59	vfx_quarry_alt_rock_heat_dist_01
  60	B1A21C49-4BCE-5008-F1FA-CFDB67CD76C0
  61	034FBCE6-A34D-0AF6-C51F-D640366642A2
  62	0 291.692 0
  63	-1593.5 -682 247.227
  64	0 9.99073 0
  65	-1005.1 -1419.4 249.822
  66	vfx/jup/level/mp_jup_quarry_alt/vfx_quarry_alt_solarflare_02
  67	C2D5AE8C-1D4F-DF7A-C282-7B17245E507A
  68	0 326.712 0
  69	A45D1DDC-A03E-CE55-38B6-F8591475FD75
  70	760.306 3610.97 402.773
  71	CA0CEB16-44AC-B55C-7C04-C3AEEE99CF75
  72	-612 1028 219.705
  73	tag_origin
  74	D409285A-6C8D-11EE-959F-68545A904D17
  75	B7CA7A41-B775-11ED-8EE5-B0A460E8079B
  76	A0EBF6F6-B775-11ED-8EE5-B0A460E8079B
  77	294366B8-63D5-FA37-B0D8-495288C8A04D
  78	invisible
  79	4D34C6AC-BF4B-11ED-8EF3-B0A460E8079B
  80	5F2DA969-BF4B-11ED-8EF3-B0A460E8079B
  81	8DE4D23B-F511-4006-2D16-88208C59B1D5
  82	70 -926 277.549
  83	-1619.5 908 218
  84	1196.5 3582 442.636
  85	1833.98 3237.64 450.5
  86	6A57E351-6C8D-11EE-959F-68545A904D17
  87	scriptable_electrical_conduit_set_electrical_box_medium
  88	-1580 1104 205.425
  89	pf5dd1d1421989b13f_auto2108
  90	2574 1868.5 416
  91	-340 2306 207.027
  92	532F8167-BF4B-11ED-8EF3-B0A460E8079B
  93	6A300636-F40D-11ED-8F25-B0A460E8079B
  94	-1619.5 1104 204
  95	pf3a149721d6f8f1c2_auto2108
  96	3C53885D-AC62-11ED-8ED8-B0A460E8079B
  97	-1134 -1418 228.529
  98	AAE5A96D-6055-11ED-8E8E-B0A460E8079B
  99	EF1D590B-905A-300A-194B-1B648430A423
 100	87C198E1-B699-11ED-8EE4-B0A460E8079B
 101	EEF35087-03A2-4C5B-675A-C62A4A570A10
 102	E9BC92CA-5B21-D2D9-F2B4-45362F354666
 103	0 89.9986 0
 104	99C0C536-BFE2-42FF-86B8-0CA30AF10B63
 105	A756EAE3-163B-9A60-102A-471E3166E86D
 106	BC459CF1-27EB-3940-08C8-0E1D3D11D5C8
 107	25567914-AC84-11ED-8ED8-B0A460E8079B
 108	D9057324-CD01-8B0B-1A98-CEF5C1A846BB
 109	0 134.988 0
 110	8D79D706-6C7E-11EE-959F-68545A904D17
 111	593620F1-BF4B-11ED-8EF3-B0A460E8079B
 112	800 3416 407.286
 113	1296.5 2564 414
 114	64295A80-6C8D-11EE-959F-68545A904D17
 115	4F68E884-108F-1C91-3C55-F16BE33A2707
 116	24F317B2-760B-11EE-9595-68545AD2D871
 117	pfc9d144fa8d827fad_auto2108
 118	4D34C62B-BF4B-11ED-8EF3-B0A460E8079B
 119	pfb8ba172b843c230_auto2108
 120	mp_dd_spawn_attacker_start
 121	pf41a6052b42cb8dd_4
 122	5AD3632A-9706-0315-2BE3-3772F7B0D487
 123	1176 -650 307.884
 124	5936205B-BF4B-11ED-8EF3-B0A460E8079B
 125	196F01B6-7602-11EE-9595-68545AD2D871
 126	0 148.396 0
 127	1348 -570 305.84
 128	pf58adebee5c831fe6_auto2108
 129	74DD098E-11FC-4163-456B-10A77AAFC78B
 130	3C53883D-AC62-11ED-8ED8-B0A460E8079B
 131	-1487.75 2945.25 456.215
 132	0 242.335 0
 133	C4D704B9-7D3F-C70D-3086-09BDE6957C45
 134	0 165.999 0
 135	mp_dd_spawn_defender_b
 136	C98EDC45-9743-B766-1838-BFEF8EF4E81B
 137	6A01D6E9-31A3-B943-6E2F-79DEECBC0040
 138	F1E122CF-C734-60D8-4479-41D8C2D72E15
 139	9D12FE4D-2000-1028-2B10-3235DB3D2A16
 140	892D5DDB-D372-95EB-9FE8-2A52AFAC6377
 141	82FDC7DC-B260-FDE3-39E0-026697882EB2
 142	385A289F-8515-FF1A-BFE8-9EF9B692FBC2
 143	pfc52a0cdfebd909f5_auto2108
 144	C0181435-7613-11EE-9595-68545AD2D871
 145	52114BF7-6C8A-11EE-959F-68545A904D17
 146	CEC07ACF-B773-11ED-8EE5-B0A460E8079B
 147	4DB7572C-6C89-11EE-959F-68545A904D17
 148	367D578D-7609-11EE-9595-68545AD2D871
 149	mp_control_spawn_attacker
 150	-138 -144 441.847
 151	1867FDDC-F2CF-871B-A372-D8D7D03AF975
 152	491.25 2102.5 392
 153	1383 2562 414
 154	fully_opening_unusable
 155	F4D36F18-5F77-3C72-5A52-5AE8D0EE1B4D
 156	0 88.9996 0
 157	2476.5 1328 410
 158	EC3F3310-4B13-780C-FDC3-FDD885A6E378
 159	palfa_infil_intro_11
 160	23E38A18-7615-11EE-9595-68545AD2D871
 161	9E70F19D-3ADD-A4CB-2085-DF0372C084D4
 162	64295A8F-6C8D-11EE-959F-68545A904D17
 163	4D34C655-BF4B-11ED-8EF3-B0A460E8079B
 164	CBAABF3B-F6A5-1006-FDBB-CCE876CFBC20
 165	55BC5600-BB53-4680-A407-BCD7378F4B2E
 166	2148 2682.5 411.236
 167	714.5 3664 425.822
 168	0 90 0
 169	D214261A-50EC-F749-BD73-8CB0F15DE94B
 170	1474324D-F402-11ED-8F25-B0A460E8079B
 171	0 308.712 0
 172	pf61fcda57a6dd8c30_auto2108
 173	7EFF3CF2-B77E-11ED-8EE5-B0A460E8079B
 174	0E53DCA7-7612-11EE-9595-68545AD2D871
 175	0 0.712003 0
 176	95DD089B-760D-11EE-9595-68545AD2D871
 177	D4BAD3F0-B773-11ED-8EE5-B0A460E8079B
 178	0204D120-144A-FA17-B746-65AE82686FB9
 179	-1006 -1290 217.503
 180	444CA4E1-6C8A-11EE-959F-68545A904D17
 181	7A18EB3B-963C-C60A-FCBD-C2B09554A782
 182	7067C327-F40D-11ED-8F25-B0A460E8079B
 183	888.7 3493.2 390.854
 184	scriptable_door_metal_04_flat_painted_mp_tan
 185	mp_dd_spawn_attacker_b
 186	A740DA20-ED66-5A87-4150-62E805534D93
 187	D4BAD339-B773-11ED-8EE5-B0A460E8079B
 188	31B34229-6C8C-11EE-959F-68545A904D17
 189	D4BAD32D-B773-11ED-8EE5-B0A460E8079B
 190	DFC7B068-31E2-4271-1F18-EA1C8F36D5CC
 191	806 3500 393
 192	6F21889A-9AFD-B6CD-4686-68FE05CBB053
 193	jup_infil_blima_rope_kick_right
 194	78C2DFE9-B784-11ED-8EE5-B0A460E8079B
 195	mp_dom_spawn_secondary
 196	pfdd4bb56b50b69e6d_auto2108
 197	56E14819-886E-8246-4658-5FC1209C5C61
 198	1752 1770 412
 199	56.5 868 207
 200	infil_blima_4
 201	2226 2428 414
 202	vfx/jup/level/mp_jup_quarry_alt/vfx_quarry_alt_molten_spurt_01
 203	CEC07AFC-B773-11ED-8EE5-B0A460E8079B
 204	45D620DF-7606-11EE-9595-68545AD2D871
 205	64295A53-6C8D-11EE-959F-68545A904D17
 206	F251949C-F07A-D134-A8DC-A70B592187B6
 207	F9966764-275A-4310-0CDA-4D34A3ABA895
 208	93761629-0670-62D8-8BCA-A066F9AEF6B1
 209	-1072.8 -1417.9 229.196
 210	D256B965-645A-260E-107B-58CA186F7E69
 211	20BD969C-F402-11ED-8F25-B0A460E8079B
 212	1012.5 580 146
 213	2AEF15C1-7607-11EE-9595-68545AD2D871
 214	1770 678 261.322
 215	61C0D3E8-551E-0B11-F8A9-479EB621BD2D
 216	0 356.994 0
 217	0 34.9927 0
 218	D4BAD31B-B773-11ED-8EE5-B0A460E8079B
 219	-1503.5 -616 210
 220	5936209A-BF4B-11ED-8EF3-B0A460E8079B
 221	vfx
 222	BB535278-C195-803A-7B39-F8D396D43CF3
 223	pfa07d63b77eb7c920_auto2108
 224	782 3494 403.125
 225	1517 1520.5 405
 226	pf350eb4a5593246e_auto2108
 227	2172.5 3356 458.5
 228	CCE74E7C-371D-4E0D-8E75-0D5DFF72576B
 229	224.5 224 254
 230	pf41a6052b42cb8dd_3
 231	1935.87 -231.339 367.959
 232	5767687D-6C8D-11EE-959F-68545A904D17
 233	5F8ABEC0-9A0E-021E-0CB2-F56B835535F2
 234	0 31.9933 0
 235	0 124.993 0
 236	1863.25 3214.5 458.652
 237	D4BAD3F3-B773-11ED-8EE5-B0A460E8079B
 238	closed
 239	0 208.992 0
 240	59362055-BF4B-11ED-8EF3-B0A460E8079B
 241	775F45A1-5A0A-5765-FFBB-6E4BC6183211
 242	3B00A16E-FC81-1FE5-7BEB-0E715025B6BB
 243	EDD1175F-AF3B-DD7D-D855-E1B9379617C3
 244	6F4AF1B4-C084-82B6-C05A-E1787F44EC9C
 245	A4B971F5-38A1-FF4E-3D6B-1E8553AA8599
 246	871.5 3566 391.143
 247	pf354f84000f7a1412_auto716
 248	818 3660 409.784
 249	4D34C601-BF4B-11ED-8EF3-B0A460E8079B
 250	26D63244-A6E6-11ED-8ED1-B0A460E8079B
 251	6CA4E5CA-314B-9D84-3B09-A0CFF7D1C4D2
 252	pf8893e609a82673d0_auto2108
 253	4D34C661-BF4B-11ED-8EF3-B0A460E8079B
 254	074D5560-1DD8-EF06-8699-7432AA71FED8
 255	F27DF850-6C7E-11EE-959F-68545A904D17
 256	532F8188-BF4B-11ED-8EF3-B0A460E8079B
 257	vfx_quarry_alt_lensflare_white_01
 258	F6800EED-7611-11EE-9595-68545AD2D871
 259	0B56F71D-1DD9-11EF-8F95-E0D4E87834AC
 260	mp_dm_spawn_start
 261	1512.5 1424 414
 262	CEC07AF6-B773-11ED-8EE5-B0A460E8079B
 263	palfa_infil_intro_5
 264	4D34C63D-BF4B-11ED-8EF3-B0A460E8079B
 265	2454 2434.5 416
 266	24ED2D77-8D77-F105-62C8-5C8FB71F11D0
 267	-1147.5 1588 146
 268	708B807B-6C8D-11EE-959F-68545A904D17
 269	A5F1244E-2514-84FD-6064-48CF5F411CA6
 270	59AEEAA3-9E3C-12B0-853F-BC1C89B5D41A
 271	0F820E24-B6BC-9175-064F-A458F8855F88
 272	959.018 703.254 139.501
 273	vfx/jup/level/mp_jup_quarry_alt/vfx_quarry_alt_solarflare_01
 274	891.199 3474 391.66
 275	956 3560 397.131
 276	mp_dom_spawn_allies_start
 277	91673EA4-DDB5-EA7A-0990-211BA6F7709C
 278	9411AE8B-B699-11ED-8EE4-B0A460E8079B
 279	mp_arena_spawn_axis_start
 280	4126374C-B5B7-7FB4-ECF9-27A78ECC740E
 281	592 -870 268.121
 282	593620B8-BF4B-11ED-8EF3-B0A460E8079B
 283	62BC21B2-7602-11EE-9595-68545AD2D871
 284	5A7321C5-C9FB-D582-7E20-711A4ACF4B7E
 285	1A7F8DCD-F402-11ED-8F25-B0A460E8079B
 286	F9244217-B098-6D0D-91DE-7F409E79B202
 287	0 71.5858 0
 288	pf9f75e26f62e1cf4a_auto716
 289	mp_warrior_spawn_allies_start
 290	57F8C890-6032-50C0-4D61-339657A52E7C
 291	EDD7416D-1ACB-6031-6DD5-409214EB266F
 292	26D63233-A6E6-11ED-8ED1-B0A460E8079B
 293	B7CA7A35-B775-11ED-8EE5-B0A460E8079B
 294	infil_blima_3
 295	-1072.8 -1289.9 209.042
 296	888869CD-BD4A-C97E-6ABF-79FA3617ED5B
 297	-246 1672 131.831
 298	-391.5 3096 430
 299	636.5 -904 273.433
 300	71D32125-B784-11ED-8EE5-B0A460E8079B
 301	995.56 749.92 131.138
 302	A5A24241-6B39-11ED-8E9E-B0A460E8079B
 303	pff771f6818452f4a1_auto2108
 304	8F5BFEDC-C6E9-22FC-3407-A7905AE40335
 305	pfa920a08921b0484b_auto2108
 306	D4BAD354-B773-11ED-8EE5-B0A460E8079B
 307	D4BAD3DE-B773-11ED-8EE5-B0A460E8079B
 308	4D34C643-BF4B-11ED-8EF3-B0A460E8079B
 309	64295A58-6C8D-11EE-959F-68545A904D17
 310	0 32.793 0
 311	B2A8E007-E0BA-5003-42D8-FE446A4B6F68
 312	967 3633.8 407.106
 313	-1404.2 821 190.244
 314	366.5 1728 93.311
 315	647026A6-F401-11ED-8F25-B0A460E8079B
 316	4CEFA64F-50E5-7130-3E3A-548B5E4B42DA
 317	528 -870 267.661
 318	-1136.8 -1225.9 207.222
 319	0 214.998 0
 320	pf67601353a3a3ce5c_auto716
 321	14743259-F402-11ED-8F25-B0A460E8079B
 322	EE147262-AE71-7127-9A64-7BC822DDFE74
 323	-651.5 3632 442.5
 324	0 59.0609 0
 325	8FBB690E-8B9A-43B0-4E01-33D439DC0E84
 326	pf12ad9b478b6b3df7_auto2108
 327	57691C81-3407-B96D-C582-16D5847B6500
 328	D61D34AB-C1A7-11ED-8EF4-B0A460E80798
 329	52343FDF-7611-11EE-9595-68545AD2D871
 330	14E708BC-B61F-BBFD-3F25-964F2E11DEBA
 331	pf7c75cabac24170ec_auto2108
 332	9FBBB644-F000-6365-4F35-9978AF2EC022
 333	1850FF01-21B7-447E-1322-BB21C218B605
 334	-466 2865.5 426
 335	DC0ED811-55E2-60E6-BC8C-8602055BCFD4
 336	D9DD6A9B-AC84-11ED-8ED8-B0A460E8079B
 337	0 130.999 0
 338	F77458F5-0969-B439-8EA2-871B8C24EE7E
 339	pfe3b0329326aa5837_auto715
 340	-536 776.5 220.483
 341	0 355.994 0
 342	0 61.9935 0
 343	6A57E333-6C8D-11EE-959F-68545A904D17
 344	pf14dbd859159f41da_auto2108
 345	5
 346	-1360 684 203.5
 347	0B79AFB4-C597-B089-DE49-4207CACFE0D4
 348	98EBD8AC-F818-7396-8C76-8BD93E42CAD2
 349	6B122C2A-65D8-8B97-540E-23D551B24B4C
 350	-238 -890.5 264
 351	-609.5 3702 459.677
 352	5139A2CE-7613-11EE-9595-68545AD2D871
 353	1417A529-9CFE-1E48-FFF6-63AAE9AD13F0
 354	1832.5 1180 406
 355	CB2AC99C-B699-11ED-8EE4-B0A460E8079B
 356	47349A79-BF4B-11ED-8EF3-B0A460E8079B
 357	708B8080-6C8D-11EE-959F-68545A904D17
 358	9E6BA015-6C7E-11EE-959F-68545A904D17
 359	0 269.989 0
 360	1522E057-6B3A-11ED-8E9E-B0A460E8079B
 361	6AA5AE04-7905-11EE-95A8-68545A904D17
 362	09246FA8-0F94-1EB8-1366-3657633A2E12
 363	1646.5 3400 460
 364	1392 -806 343.61
 365	DAB3E49B-B773-11ED-8EE5-B0A460E8079B
 366	D4BAD3E1-B773-11ED-8EE5-B0A460E8079B
 367	C8C7EB53-B773-11ED-8EE5-B0A460E8079B
 368	7067C345-F40D-11ED-8F25-B0A460E8079B
 369	ABA58FFA-9E81-D0B1-CC73-3F80D276E275
 370	D4BAD35A-B773-11ED-8EE5-B0A460E8079B
 371	AB1DFE03-C86C-C905-FF1D-CC4918F9535E
 372	-1114.25 1902 110
 373	pfcb988a632e2ee4f3_auto2108
 374	5BF822E9-C1A7-11ED-8EF4-B0A460E80798
 375	-54.25 3726 441.25
 376	532F8176-BF4B-11ED-8EF3-B0A460E8079B
 377	cqb_node_dont_move
 378	95.25 -781.5 270.492
 379	0 224.997 0
 380	pfc22c91527526520c_auto716
 381	09D20C76-6586-09F2-B6E9-A9EE6B9F399D
 382	10AA004E-E421-6F5B-A296-746862ECA976
 383	1771.5 1712 412
 384	0 18.7463 0
 385	64295A71-6C8D-11EE-959F-68545A904D17
 386	47349A73-BF4B-11ED-8EF3-B0A460E8079B
 387	8CB1C90C-7611-11EE-9595-68545AD2D871
 388	508.5 2948 406
 389	0 323.993 0
 390	-1200.8 -1417.9 238.698
 391	0E08ECA1-BF4C-11ED-8EF3-B0A460E8079B
 392	scriptable_cache_school_locker_b
 393	81.75 3726 436.5
 394	E93C6B6F-CE5D-115D-BD44-29B855A5B23E
 395	28385628-0E76-90EE-5313-1EB0737FB5D4
 396	E097ABFA-43B1-7ED1-07EB-F9F09F4B3A03
 397	pf219fe3032a915438_auto715
 398	343093A8-753F-360B-8301-10E56E46B0EA
 399	CEC07AED-B773-11ED-8EE5-B0A460E8079B
 400	0 12.8312 0
 401	-859.5 252 190
 402	B00606C5-6D3C-B346-B53C-EB7C999AD680
 403	C72719DA-6C89-11EE-959F-68545A904D17
 404	59362067-BF4B-11ED-8EF3-B0A460E8079B
 405	59362070-BF4B-11ED-8EF3-B0A460E8079B
 406	AAE5A502-6055-11ED-8E8E-B0A460E8079B
 407	pf99dbe72d4c8e618e_auto2108
 408	E9645809-7AE7-6880-BE92-49AADF6D42FD
 409	2887.7 -2286.1 -406
 410	974.5 3666 435.223
 411	CEC07B80-B773-11ED-8EE5-B0A460E8079B
 412	D4BAD37E-B773-11ED-8EE5-B0A460E8079B
 413	E036FC16-EE16-827B-A297-BB82E09F99DF
 414	78DC2198-A974-7218-F15A-3F8CFC08C283
 415	777F185D-6C52-11EE-9592-68545AD2D871
 416	57C6237D-162B-F41F-B417-29DD7DB79969
 417	pf228fcffd40d4ca18_auto715
 418	748D3141-6A46-6F9A-7BC8-C074701A8427
 419	8691D802-7610-11EE-9595-68545AD2D871
 420	5F2DA92A-BF4B-11ED-8EF3-B0A460E8079B
 421	2526.3 1408.8 400.389
 422	pfd698fbed4c0ca3dc_auto716
 423	D4BAD34B-B773-11ED-8EE5-B0A460E8079B
 424	-1008.8 -1289.9 224.61
 425	6AA5ADF5-7905-11EE-95A8-68545A904D17
 426	-411.5 -880 394
 427	899.5 3646.1 407.266
 428	7D016413-760D-11EE-9595-68545AD2D871
 429	2537BB01-8B4D-72D3-C1CB-524DB416FAF0
 430	7EA2CCAD-F444-B62D-0580-E33EF005004F
 431	DD535275-FF32-FDCF-2933-0E4F75852503
 432	5F2DA97E-BF4B-11ED-8EF3-B0A460E8079B
 433	BC3D9B9B-1EF1-D808-3713-D439A31D8176
 434	0 164.997 0
 435	D9455912-F903-9B86-CF7E-E35E70F50B9D
 436	6AA5ADE1-7905-11EE-95A8-68545A904D17
 437	7A43581C-FF0C-9D50-9E11-DB8A4C2A7B27
 438	2C46D76D-AC84-11ED-8ED8-B0A460E8079B
 439	44.9692 -592.925 294
 440	pf1f77a9317d791d_auto2108
 441	62BC21C3-7602-11EE-9595-68545AD2D871
 442	0 178.286 0
 443	pf970e9e0c6079d0f9_auto2108
 444	A71743DA-3AB4-8621-F05C-62AA6F800A99
 445	0 89.9903 0
 446	73AD955F-1AA1-C31A-4CC7-5701B6A3342C
 447	-282 3368 432
 448	1402 -810.5 344.278
 449	C1336418-760E-11EE-9595-68545AD2D871
 450	593620A9-BF4B-11ED-8EF3-B0A460E8079B
 451	A6D2EFE4-9973-F966-4633-217157121227
 452	CEC07AE7-B773-11ED-8EE5-B0A460E8079B
 453	3E6D8144-E758-6E61-F6E5-004F747E632F
 454	palfa_infil_exit_16
 455	palfa_infil_exit_18
 456	0 257.59 0
 457	1C805B25-56DF-7067-321D-8C98C2D84BEA
 458	DB1FD77A-7613-11EE-9595-68545AD2D871
 459	FBDCB80F-7B97-EEBD-7C26-9AAA8201A35F
 460	796EF697-AC61-11ED-8ED8-B0A460E8079B
 461	partially_open_usable
 462	school_locker_open_01
 463	43FE1B84-6C8C-11EE-959F-68545A904D17
 464	7067C31E-F40D-11ED-8F25-B0A460E8079B
 465	532F8203-BF4B-11ED-8EF3-B0A460E8079B
 466	33B47ABE-47B0-F76B-5996-C796B4C0AA26
 467	pfd5b0162a9822f010_auto2108
 468	02EB741D-760E-11EE-9595-68545AD2D871
 469	pf234383aa47676bac_auto2108
 470	D4BAD3AB-B773-11ED-8EE5-B0A460E8079B
 471	D4BAD3C0-B773-11ED-8EE5-B0A460E8079B
 472	D30E81E3-4632-5AD6-6E26-F3108462A6EC
 473	532F81A9-BF4B-11ED-8EF3-B0A460E8079B
 474	pf15090f46df7d54dd_auto2108
 475	532F81BB-BF4B-11ED-8EF3-B0A460E8079B
 476	26C25D84-F402-11ED-8F25-B0A460E8079B
 477	C72719C9-6C89-11EE-959F-68545A904D17
 478	164C8E79-AAE6-DD45-72DF-5E342F9879E7
 479	mp_quarry_alt_embers_rising
 480	095AC536-47F4-E21A-3E6D-7A1F252D711E
 481	pf1830c21ba134a704_auto715
 482	8485782F-1A90-C5AD-2830-1C26FAA4A09E
 483	1474325F-F402-11ED-8F25-B0A460E8079B
 484	81ED7833-13A9-3273-2ACA-01156D2A7A61
 485	-1563.5 680 218
 486	892 3624 402.747
 487	pfdb359257884a249c_auto716
 488	4D34C652-BF4B-11ED-8EF3-B0A460E8079B
 489	pf386799dd35f75b0a_auto2108
 490	5ACE416E-7602-11EE-9595-68545AD2D871
 491	D4BAD369-B773-11ED-8EE5-B0A460E8079B
 492	0 187.396 0
 493	D6ADD36F-0588-A68F-9224-AFE25946FEEA
 494	CE243FC1-0DAB-8A60-8B8A-421FFF77F7D4
 495	2055790F-7606-11EE-9595-68545AD2D871
 496	2164.5 3092 462
 497	C4FBF8DA-E505-ACB0-F26C-B8CC9187A2BB
 498	532F8179-BF4B-11ED-8EF3-B0A460E8079B
 499	643DF860-E847-52AD-FFC2-060A34F9F47F
 500	-1198 -1356 224
 501	397D74E1-E704-1A3A-7D02-7A275E9AC502
 502	-596.75 2840.5 458.618
 503	C8C7EB50-B773-11ED-8EE5-B0A460E8079B
 504	4D34C68E-BF4B-11ED-8EF3-B0A460E8079B
 505	D4BAD34E-B773-11ED-8EE5-B0A460E8079B
 506	1746 1578 412
 507	pfdbd199a8a88c2957_auto2108
 508	8764141E-7247-7F11-A212-7BA98DB85298
 509	0 85.9934 0
 510	FCE3EAF2-A458-5677-6C0B-8C85E5E7056F
 511	EB8D2238-0397-11EE-8F30-B0A460E8079B
 512	-959.5 320 202
 513	1178.5 1708 57
 514	0 345.994 0
 515	BC92E255-A8C7-BC20-E12A-A759D478D478
 516	826 3352 392.5
 517	pfe73e392ac9b42448_auto2108
 518	499C4F66-84E7-99F3-2A04-2E965191165A
 519	8D79D6F8-6C7E-11EE-959F-68545A904D17
 520	DAB3E47A-B773-11ED-8EE5-B0A460E8079B
 521	-1134 -1356 224
 522	fingers_out_start_left_hand
 523	785701BB-7606-11EE-9595-68545AD2D871
 524	696.7 3429.2 393.564
 525	113.5 2132 392
 526	1D099979-7E4E-1B33-E862-0A0723831DE1
 527	08B6E376-8043-863F-5EA8-D104413258B2
 528	DF0E5510-3170-ABB0-087C-59771666AC41
 529	2DEE3935-7449-A51E-6D83-25EEBB2E2092
 530	0 129.996 0
 531	DAB3E444-B773-11ED-8EE5-B0A460E8079B
 532	88FE0CC6-3E6F-351C-B553-2D9C08F7439E
 533	3AB811BC-E3EC-FD11-CDA4-35DD798F42B5
 534	pf31ce59ff121cff51_auto2108
 535	326 -938 283.421
 536	1AE835E8-6562-C3C7-D6DD-870AFFEA099E
 537	0 34.9938 0
 538	93B69E51-AC84-11ED-8ED8-B0A460E8079B
 539	321328DB-6C90-11EE-959F-68545A904D17
 540	A1BAEA8C-0B11-652C-79A8-726B3D191BE3
 541	956 3624 405.275
 542	2268 516 355.063
 543	57676887-6C8D-11EE-959F-68545A904D17
 544	CEC07B14-B773-11ED-8EE5-B0A460E8079B
 545	593620AC-BF4B-11ED-8EF3-B0A460E8079B
 546	0989D661-7605-11EE-9595-68545AD2D871
 547	56DF974C-7606-11EE-9595-68545AD2D871
 548	0 33.994 0
 549	-536 -336 254.359
 550	A18BBEC1-F870-A144-95C2-5BE802F94F55
 551	0 358.712 0
 552	FF738E90-3790-F1B9-EBAE-775BFCC139A9
 553	DAB3E426-B773-11ED-8EE5-B0A460E8079B
 554	-231.5 628 190
 555	pfdc259bd6006badf5_auto2108
 556	3B17EDDF-BAA4-0230-30FF-2F1B115C8A11
 557	pfdb4e1634581a26c0_auto2108
 558	70412262-760F-11EE-9595-68545AD2D871
 559	593620FD-BF4B-11ED-8EF3-B0A460E8079B
 560	0 89.9925 0
 561	08770E86-1B4B-017C-5F93-C3990DB76609
 562	ABC34074-B73A-575C-1835-A201D73AF3CA
 563	scripted_anim
 564	EAEFB909-12D3-762B-DA58-16D213E050B9
 565	1E31568B-3E67-D6E4-3A5C-05E198568FDB
 566	vfx/jup/level/mp_jup_quarry_alt/vfx_quarry_alt_steam_rising_01
 567	pffe1d594d35f3da61_auto2108
 568	0 355.999 0
 569	0 179.999 0
 570	0 179.993 0
 571	pf8cc42a695a18fa67_auto2108
 572	pf7b97b71248c5b8b6_auto2108
 573	geo_frag_a_007
 574	D07AA404-9235-8ABA-C682-49D2FB1EF868
 575	2456.5 2452 410
 576	-1470.95 917 188.102
 577	pf91a10dd991a1e75d_auto716
 578	pf3c4e3d97093d8832_auto2108
 579	-271.5 -880 386
 580	13B787FF-E1A8-B964-E063-49DD7862EE55
 581	pfe4537bf908f8f8aa_auto2108
 582	0A260B67-6C8F-11EE-959F-68545A904D17
 583	-502 -362 257.994
 584	A96ABDE3-841B-6CF0-215F-3889388581C1
 585	532F81AC-BF4B-11ED-8EF3-B0A460E8079B
 586	57C7E60B-362F-E9BC-D974-E2F8FAF95B81
 587	B9CC90BA-5F88-11ED-8A68-B0A460E8079B
 588	-996.5 -144 204
 589	-126 -836 400
 590	6A30063C-F40D-11ED-8F25-B0A460E8079B
 591	4D34C616-BF4B-11ED-8EF3-B0A460E8079B
 592	D4944B8F-0C99-775C-8098-BAD22FB70AAA
 593	0852C330-97D6-45E4-E95B-EE9573573B5C
 594	135DB8D6-F401-11ED-8F25-B0A460E8079B
 595	-563.5 2060 158
 596	-249.75 3724 443.25
 597	41E69F4B-44C7-EDA9-3648-D9784D078B15
 598	0 246.992 0
 599	AAE5A50E-6055-11ED-8E8E-B0A460E8079B
 600	1CC7C287-C255-A240-8D2F-F1247EC4BDEC
 601	729.801 3554.5 395.697
 602	AudioOneShot
 603	vfx_quarry_alt_lensflare_white_03
 604	67F552FE-F38C-3D0F-546C-8CF5A9C48510
 605	palfa_infil_intro_18
 606	47349A70-BF4B-11ED-8EF3-B0A460E8079B
 607	pf3af9f60790ad9cb7_auto2108
 608	pf207506cb070c3885_auto715
 609	1104B98A-B77F-11ED-8EE5-B0A460E8079B
 610	352086A5-6B3A-11ED-8E9E-B0A460E8079B
 611	palfa_infil_intro_3
 612	4D34C64C-BF4B-11ED-8EF3-B0A460E8079B
 613	auto_crane01_art_cfx.map
 614	3074D852-7609-11EE-9595-68545AD2D871
 615	CA5E4DE9-73C1-C762-71F1-84F6CE548A85
 616	FBE3879A-DE75-562F-CE82-645F5213BF7B
 617	EF1AB128-2022-2E28-80FE-CAB4D0BFA8FA
 618	9D71DE82-7613-11EE-9595-68545AD2D871
 619	D0FF8D1C-74E0-79BC-4F6D-B975EC340791
 620	E3C93177-8752-DC56-3BFD-C04211FCE3DA
 621	pfe3f90bf7061a4f7f_auto2108
 622	AAE5A514-6055-11ED-8E8E-B0A460E8079B
 623	19C8FE43-0DCD-42DB-21F0-B9EDB1309961
 624	pf857c71ca7f047792_auto2108
 625	676 3648 406.192
 626	CEC07B98-B773-11ED-8EE5-B0A460E8079B
 627	pf92402d64c755d17a_auto4
 628	D4BAD3BA-B773-11ED-8EE5-B0A460E8079B
 629	2528 2166.5 416
 630	73F99F05-64A9-E20C-4BAC-5FA6BFC6A162
 631	7067C339-F40D-11ED-8F25-B0A460E8079B
 632	165.5 392 273.847
 633	-567.5 3230 438.959
 634	9A88A513-1C3D-AA96-5AEE-1BCDF030041B
 635	5936207C-BF4B-11ED-8EF3-B0A460E8079B
 636	-566 -846.5 264
 637	-7.5 492 190
 638	460.5 2088 382
 639	199EB69B-FAE9-BC1B-0508-84E8227726D8
 640	mp_dd_spawn_defender
 641	2EFBA2E8-19B5-B2F5-E4C1-89A854AFD5A0
 642	64295A76-6C8D-11EE-959F-68545A904D17
 643	0 99.9937 0
 644	2220.5 2136 410
 645	796EF6B4-AC61-11ED-8ED8-B0A460E8079B
 646	-1036.57 2504.93 459.057
 647	0 177.999 0
 648	796EF69A-AC61-11ED-8ED8-B0A460E8079B
 649	D16DB4F0-72C9-6D1B-DBFD-72EBD8735B5E
 650	0E4FBB19-7C34-3DC9-599B-05CA2D4C7ABF
 651	
 652	0 356.272 0
 653	0 286.087 0
 654	532F81E8-BF4B-11ED-8EF3-B0A460E8079B
 655	-360 -849.5 264
 656	0 91.1949 0
 657	48A525C3-1526-B01B-D77F-3B84D7961469
 658	4DE4D8BB-F792-4462-C69C-CD44D0BA19C4
 659	DAB3E483-B773-11ED-8EE5-B0A460E8079B
 660	9962C4C8-84F6-EAD2-099F-53F013CA40B1
 661	2606.3 1472.8 400.389
 662	7943B21E-686B-F920-F865-6FFA5B588F18
 663	409DBB69-ECE5-1FC4-1A9A-544DE4F3EB90
 664	pfdb8bf8658fc0e786_auto2108
 665	CEC07A9F-B773-11ED-8EE5-B0A460E8079B
 666	71D3212B-B784-11ED-8EE5-B0A460E8079B
 667	086EF586-2C2E-897C-5C88-B8BF1AF65DCD
 668	0 103.395 0
 669	656 -806 261.781
 670	1E156DAE-334A-8D51-6625-EDF5476F3399
 671	6FD01850-9C97-38C3-FECB-BDECCD6BD2E4
 672	scriptable_metal_chain_01_hanging_arc
 673	-1072.8 -1353.9 227.203
 674	C2A6FE13-92B2-C40B-2413-DB8280241B2E
 675	472.5 872 114
 676	1A7F8DB8-F402-11ED-8F25-B0A460E8079B
 677	mp_dm_spawn
 678	636.5 3396 400.493
 679	83819D3D-1031-A601-E6EA-4F6D3859A45B
 680	pfad3fdac15b18d065_auto2108
 681	C8C7EB3E-B773-11ED-8EE5-B0A460E8079B
 682	palfa_infil_exit_13
 683	952.7 3493.2 395.66
 684	DA90320D-3569-B1FB-244C-510C288B5AAC
 685	-955.5 560 210
 686	98C7F94A-FE88-A8AA-6D21-92F8A7DA982F
 687	5DB89F65-6C8D-11EE-959F-68545A904D17
 688	-56 129.5 200
 689	669 3516.2 393
 690	2526.3 1600.8 400.389
 691	0 155.596 0
 692	459FB6D9-7615-11EE-9595-68545AD2D871
 693	-1072 -1288 204.723
 694	DAB3E450-B773-11ED-8EE5-B0A460E8079B
 695	5F2DA981-BF4B-11ED-8EF3-B0A460E8079B
 696	-183.24 2615.48 362.052
 697	0 189.991 0
 698	pfbc0d071986afc998_auto2108
 699	D24A592B-7606-11EE-9595-68545AD2D871
 700	308.5 2196 386
 701	676.5 3294 428.092
 702	71D320FE-B784-11ED-8EE5-B0A460E8079B
 703	532F8206-BF4B-11ED-8EF3-B0A460E8079B
 704	2A137F4F-2461-755C-5822-7E8F25F5A994
 705	57676882-6C8D-11EE-959F-68545A904D17
 706	0 250 0
 707	A70CBCBD-7614-11EE-9595-68545AD2D871
 708	D4BAD399-B773-11ED-8EE5-B0A460E8079B
 709	98BF2DB0-BCCE-D7FE-E7FA-6130C7787F00
 710	0 232.992 0
 711	0 269.73 0
 712	1104B9AC-B77F-11ED-8EE5-B0A460E8079B
 713	B7CA7A3B-B775-11ED-8EE5-B0A460E8079B
 714	uk_electrical_box_medium_01
 715	197EC87D-96DE-133C-2DB7-541EB8D84973
 716	88.5 2922 403
 717	0 92.994 0
 718	0 204.999 0
 719	DAB3E441-B773-11ED-8EE5-B0A460E8079B
 720	pfa7ff0053be21eac6_auto716
 721	78C2DFEC-B784-11ED-8EE5-B0A460E8079B
 722	container_paint_can_01
 723	0 235.999 0
 724	764 3624 409.303
 725	mp_rescue_spawn_defender
 726	64D0B329-2B94-7B8A-496B-24C8261D0193
 727	03CF5FE7-9004-D716-9FE8-B0E4DBA9DF13
 728	CEC07B17-B773-11ED-8EE5-B0A460E8079B
 729	0 270.992 0
 730	868.5 -904 295.503
 731	-1013.5 2108 94
 732	pfa8ae9d21bbea43cb_auto716
 733	AAE5A50B-6055-11ED-8E8E-B0A460E8079B
 734	vfx_quarry_alt_steam_rising_01
 735	4C418533-9CC5-B994-7A97-13959E815727
 736	-1070 -1360 212.163
 737	255FE517-6C8A-11EE-959F-68545A904D17
 738	91CAC77C-8B71-087C-FD32-EF987B7C7835
 739	592 -806 257.459
 740	pf87eeeaa5c31980d5_auto715
 741	DAA5C419-8B5E-274A-9A0D-E68C9873B251
 742	-1379.5 -52 210
 743	5139A2DC-7613-11EE-9595-68545AD2D871
 744	8ECD1538-CAA7-45E3-D5CB-6A252209E79B
 745	31F32785-5AEC-5CDE-1F2B-2E564B992E48
 746	14B36D97-9332-8C18-0CDE-41D2257B3632
 747	532F81EE-BF4B-11ED-8EF3-B0A460E8079B
 748	pff11ed7e9cbef9d2d_auto2108
 749	-888 -876.5 190
 750	6470D1D0-9807-9076-B687-F07D645EBEE6
 751	07DE43ED-7F39-CD2F-0836-07D58BE65C31
 752	-999.702 2964.65 455.81
 753	scriptable_un_office_binder_open_01
 754	6E640FB8-172F-A995-B451-FCEACFFA18CD
 755	A0EBF6E4-B775-11ED-8EE5-B0A460E8079B
 756	2261.5 2679 411.75
 757	EF183635-B51B-3FAA-8E06-749944262A14
 758	pf257e11640c3b4ccf_auto715
 759	98F923A9-7607-11EE-9595-68545AD2D871
 760	391A2417-6E51-9968-5A2C-3F8C4E57452F
 761	-850 579.5 200
 762	pfd1ad6a884cbdb7db_auto2108
 763	269A318E-9E0E-E92E-3142-BD62F39093A4
 764	40.5 140 466
 765	F9AC61F9-7D7D-AC73-19CE-7B6405766F5A
 766	7067C348-F40D-11ED-8F25-B0A460E8079B
 767	right_50
 768	right_90
 769	1098.75 3555.5 415.326
 770	0 355.993 0
 771	4D34C610-BF4B-11ED-8EF3-B0A460E8079B
 772	55E3030C-CA91-831E-45D1-24732E79B17B
 773	0 29.9978 0
 774	3C53883A-AC62-11ED-8ED8-B0A460E8079B
 775	0 179.988 0
 776	2
 777	14743265-F402-11ED-8F25-B0A460E8079B
 778	scriptable_scriptable_construction_doors_metal_b_02_mp_blue
 779	1080 2456 392
 780	EAB90E3E-1403-A099-1B72-DF3344706A74
 781	4D34C6BE-BF4B-11ED-8EF3-B0A460E8079B
 782	F604133A-A6E5-11ED-8ED1-B0A460E8079B
 783	1B8522A7-893C-06DC-557D-6CEAEBD830AC
 784	352C21AB-68A1-F59E-8A85-220D8E194D65
 785	6D1D5860-6C7E-11EE-959F-68545A904D17
 786	-1134 -1418 236.529
 787	6FA94FF3-7614-11EE-9595-68545AD2D871
 788	0 64.9995 0
 789	5F2DA95A-BF4B-11ED-8EF3-B0A460E8079B
 790	0 42.9937 0
 791	668 3514 393
 792	tag_geo_frag_a_002
 793	1969.24 24.242 367.959
 794	14D07994-08A0-8DB2-A690-ED8E24BCB63C
 795	pff384cb89fe8067a1_auto2108
 796	C42FEE60-31CC-4B79-ECCC-55D97C85E4F4
 797	electrical_conduit_set_electrical_box_04
 798	59362091-BF4B-11ED-8EF3-B0A460E8079B
 799	44BFAAA8-C2E1-9A3A-9F3D-8F6773DD6D9F
 800	-770 1148.5 200
 801	palfa_infil_exit_5
 802	-1112.05 1886.22 117.524
 803	8FDA1AE9-1FF8-DEC0-61BA-FFFE0914D0AD
 804	87AE1F1E-AA74-CDD4-0775-5837C4073ABB
 805	3AFFA26A-293C-B14C-8C05-57A95FC5E106
 806	9ACF57D4-9772-D5D9-E6EA-9B4B7A821182
 807	860 3496 394
 808	20BD969F-F402-11ED-8F25-B0A460E8079B
 809	4BA8F8EC-D567-9D55-E522-47CF25AE9A9B
 810	1340.5 2448 526
 811	E7407730-A226-7CB8-D46E-D76A37833B0A
 812	2690DE32-154D-1DF6-3094-8B4DA45FFEC6
 813	mp_dom_spawn
 814	2552 1728 408
 815	704.5 1756 54
 816	pfc980257d771c7ecf_auto2108
 817	2472.5 1032 402
 818	A4A69BFF-590F-B7C9-7CF3-EF82EE43987C
 819	1DEC27B0-B77F-11ED-8EE5-B0A460E8079B
 820	pf705798ac768808a5_auto2108
 821	2962A942-6C89-11EE-959F-68545A904D17
 822	-1415.5 -848 222
 823	0 135.623 0
 824	hardpoint_vis_05
 825	pf7bd114937c258041_auto2108
 826	0 255.693 0
 827	vfx/jup/level/mp_jup_quarry_alt/vfx_quarry_alt_steam_rising_vista_01
 828	4F697D88-7EDD-D89F-7860-3974FCD1FB3D
 829	974.801 3452.3 398.842
 830	FB42EBFD-6C8A-11EE-959F-68545A904D17
 831	0 317.7 0
 832	5D33BC9A-6C7E-11EE-959F-68545A904D17
 833	0 312.4 0
 834	4B574577-85AE-CCE0-5DDF-22BF99C0A413
 835	pfeb707f33313f69a1_auto2108
 836	2399.5 2014 416
 837	066ABC72-7440-6186-7696-1142F5A9CD4C
 838	AA3784A7-80CD-F94C-F4C7-3EF4DCEBD1DB
 839	0 86.994 0
 840	C160F758-D4CB-D986-C588-77CB2414BEFE
 841	0 19.9924 0
 842	224.5 48 221
 843	FD7FD829-0846-6402-B4E5-ACADDE14DD7B
 844	4216304D-29A9-83B9-5BD1-08CAD04E9B9D
 845	83D5092C-C453-4765-6A9C-B75D7A99552D
 846	-1077.75 1832.25 104
 847	271BE0D8-412F-AD88-792A-8185E1644CFC
 848	E58B3E08-6C7E-11EE-959F-68545A904D17
 849	2F252536-F503-B128-6BAD-86CFEE49E89C
 850	17063DBE-343C-64D2-2665-CDBB4EE44766
 851	E861BF5C-90F1-9B8A-D9AF-1B89D02EAC98
 852	5E71F355-F401-11ED-8F25-B0A460E8079B
 853	0 216.399 0
 854	9CBFBC8D-5A02-7077-8CF2-2F0085C16A36
 855	AD9D1522-2BFE-A913-26A1-C301B0D3AD99
 856	pfb8be8a59259ac07e_auto716
 857	D8379D80-D2CF-EC9D-1A71-83CED9E34DFE
 858	6A300639-F40D-11ED-8F25-B0A460E8079B
 859	-408 -874.5 264
 860	E506CEAC-5C9B-B549-001F-7E0C09264037
 861	vfx/jup/level/mp_jup_quarry_alt/vfx_quarry_alt_vista_heat_dist_01
 862	0 27.0579 0
 863	-236.5 -15 226
 864	B9D12787-7604-11EE-9595-68545AD2D871
 865	AC5E560D-C4AF-7ADE-8289-9E130516A40D
 866	64295A85-6C8D-11EE-959F-68545A904D17
 867	3E12C87A-7602-11EE-9595-68545AD2D871
 868	76849BD2-2DD0-8450-85E1-E7D62460296C
 869	1616 3587.5 466.817
 870	electronics_control_units_02
 871	3ABDE3C3-A5B0-B679-97AA-FD4E86A3AF4D
 872	cp_generator_toggleable
 873	61272381-AF24-357B-9C71-BB608F53F6E1
 874	91.25 3618.5 429.012
 875	0 4.9939 0
 876	B711F214-E235-8E65-7326-3410A6A0F1EC
 877	14AE030F-2EF3-D0A3-7884-4026EEC3241F
 878	CEC07B2C-B773-11ED-8EE5-B0A460E8079B
 879	160419D6-70B9-B9F5-F835-6AD99FCE375C
 880	pf531d9d6e0f0de577_auto2108
 881	8DA6A234-7409-1BFE-B606-D9BCA837B4AE
 882	-1008.8 -1353.9 236.45
 883	975913E0-4983-EF5A-4CAB-9CECA83BBBEC
 884	F68B65AA-5C32-3B09-9CE8-7330E86B4502
 885	vfx_quarry_alt_molten_spurt_01
 886	visibility
 887	2446.3 1536.8 400.389
 888	CEC07B6E-B773-11ED-8EE5-B0A460E8079B
 889	-339.5 104 466
 890	C8C7EB2C-B773-11ED-8EE5-B0A460E8079B
 891	308.518 1025.25 96.917
 892	969CCDA8-996D-157D-B677-E4D9813F03A0
 893	AAE5AAF3-6055-11ED-8E8E-B0A460E8079B
 894	8484AB6F-2913-06B9-2702-A8AD9F05DD37
 895	593620C1-BF4B-11ED-8EF3-B0A460E8079B
 896	-1069.1 -1355.4 221.042
 897	252E3C00-EA5A-4BB7-06E5-9948C3CDB8CC
 898	1656 2476 402.34
 899	pfb353915fd4f5ce55_auto2108
 900	CEC07AC3-B773-11ED-8EE5-B0A460E8079B
 901	0 188.285 0
 902	1324.5 2152 382
 903	73C71B5F-43F8-4AD9-E360-E5F10C6A4B95
 904	0 269.999 0
 905	door
 906	532F81A3-BF4B-11ED-8EF3-B0A460E8079B
 907	D4BAD321-B773-11ED-8EE5-B0A460E8079B
 908	2604 1688 403.488
 909	0 31.3887 0
 910	-1470.95 789 185.979
 911	palfa_infil_exit_1
 912	-591.5 0 238
 913	vfx_quarry_alt_steam_rising_short_01
 914	9411AE88-B699-11ED-8EE4-B0A460E8079B
 915	D4BAD3B1-B773-11ED-8EE5-B0A460E8079B
 916	pf84c8d65070edc2a7_auto2108
 917	3AB0FCE0-8715-F0CA-A46F-1B4ECD4B8BE8
 918	AD7AF0AA-2775-D761-4E92-06CB71A34F9B
 919	-651.5 3280 440.25
 920	B2306858-3081-C1A2-F6FC-396E612E98CC
 921	jup_infil_palfa_player_grab
 922	CEC07AD2-B773-11ED-8EE5-B0A460E8079B
 923	0 180.573 0
 924	-286 3322 432
 925	19E0C223-E597-211E-26A2-12539E669FFE
 926	59362082-BF4B-11ED-8EF3-B0A460E8079B
 927	6A57E329-6C8D-11EE-959F-68545A904D17
 928	-998 -1072 204.581
 929	DAB3E477-B773-11ED-8EE5-B0A460E8079B
 930	jup_infil_palfa_crew_clap
 931	-1006 -1360 223.253
 932	DAB3E43E-B773-11ED-8EE5-B0A460E8079B
 933	vfx/jup/level/mp_jup_quarry_alt/vfx_quarry_alt_lensflare_white_02
 934	961922AB-DBCB-D8F3-A17C-184B06ABB71B
 935	23001A97-7EA7-E8C2-312F-B194A2A2B46E
 936	1252 2404 392
 937	jup_infil_blima_player_slide
 938	D4BAD37B-B773-11ED-8EE5-B0A460E8079B
 939	E2F8809F-EB5E-33C1-489D-B629962A6DA0
 940	6AA5ADFF-7905-11EE-95A8-68545A904D17
 941	708B8085-6C8D-11EE-959F-68545A904D17
 942	DAB3E435-B773-11ED-8EE5-B0A460E8079B
 943	1EDEB5EA-9201-FE60-5A1E-AF1669EDC587
 944	D14C7713-E2EA-B4DF-A46C-DD137F486596
 945	0 83.9934 0
 946	5F2DA975-BF4B-11ED-8EF3-B0A460E8079B
 947	B2AF0791-6B39-11ED-8E9E-B0A460E8079B
 948	E260F1CB-6C7F-11EE-959F-68545A904D17
 949	FBE42348-CB59-5FB2-E525-0FBAB300CC5B
 950	-34 3338 432
 951	0 97.994 0
 952	2130F01D-A882-C714-649E-36E1BC0C8004
 953	515BE47C-8C87-09BC-BD15-70A582394C28
 954	1176 -894.5 363.622
 955	20BD96BA-F402-11ED-8F25-B0A460E8079B
 956	532F81DF-BF4B-11ED-8EF3-B0A460E8079B
 957	0 358.989 0
 958	669F0AEB-7614-11EE-9595-68545AD2D871
 959	6CA94FFA-7C4F-AF97-1012-11C4DC3405B3
 960	playerasm_patch_mp_infil_blima
 961	5F2DA933-BF4B-11ED-8EF3-B0A460E8079B
 962	59B9819B-7609-11EE-9595-68545AD2D871
 963	4.5 3184 430
 964	E6677CFF-24A6-DC32-74DF-DA1D6F69B373
 965	B2AF077C-6B39-11ED-8E9E-B0A460E8079B
 966	-1072.8 -1225.9 200.869
 967	532F81F4-BF4B-11ED-8EF3-B0A460E8079B
 968	BF11D337-A1EE-F093-14F4-8AC576DA3587
 969	13068A88-B826-0857-64CA-D759506F1DC3
 970	3EF1D5C3-4547-BBB5-6E41-50DEB8AF6516
 971	CEC07B83-B773-11ED-8EE5-B0A460E8079B
 972	4425B356-7B80-65C7-4106-3206DD9DBA7D
 973	playerasm
 974	5F2DA957-BF4B-11ED-8EF3-B0A460E8079B
 975	615B85CE-43A1-E8AE-3363-C32FA1BC5CAD
 976	532F81D6-BF4B-11ED-8EF3-B0A460E8079B
 977	5CFAC273-1C30-1D00-F267-27D29490CCCA
 978	696.7 3493.2 393.008
 979	1944.61 -151.983 367.959
 980	F50A2E81-7613-11EE-9595-68545AD2D871
 981	df_palfa_interior
 982	160E83A5-B793-8858-43D5-642CE085C72F
 983	708B8058-6C8D-11EE-959F-68545A904D17
 984	D4BAD312-B773-11ED-8EE5-B0A460E8079B
 985	0 141.785 0
 986	D33B219B-F63F-95AB-705B-1A9ACCE36927
 987	pfb9183dfaa6a1c034_auto2108
 988	FE9BD3FB-1A3E-CCF4-65FD-24F03956C268
 989	pfd310619d48b9d23c_auto2108
 990	0 299.187 0
 991	52B88F45-75F3-2A57-853B-F45A648A8263
 992	0 3.99896 0
 993	BBC02728-DE2B-38DF-7F31-8513CB4A1519
 994	92025327-602F-4974-CE95-3CABA8A35EC1
 995	3C374ECB-B1C6-A9DF-B35B-E407B5B4F01B
 996	0 99.3951 0
 997	20BD96AB-F402-11ED-8F25-B0A460E8079B
 998	6BF16B15-770A-15DE-363D-3F3CEB735A5B
 999	pfe3b0329326aa5837_auto716
1000	0 309.994 0
1001	412 3628 409.227
1002	-1385.5 1304 188
1003	right_30
1004	0 61.9938 0
1005	818.704 3610.36 403.11
1006	CEC07ADB-B773-11ED-8EE5-B0A460E8079B
1007	0A0C1BB9-B945-8D2B-DBAE-804EA0E1F3DA
1008	1739.71 1789.34 405.5
1009	-1134 -1296 198.25
1010	1393.5 -721 310
1011	0D17B908-F401-11ED-8F25-B0A460E8079B
1012	8AA4D590-6C8B-11EE-959F-68545A904D17
1013	tag_geo_frag_a_006
1014	tag_geo_frag_a_008
1015	2C5D1C53-D970-5423-56D9-929A062D18E9
1016	8F5240E8-B869-96FC-DE66-BA5849EAE6CA
1017	-195.5 1180 326
1018	333.5 120 225
1019	4AA097AF-86D1-8E08-D4F0-2590FA4D1BF1
1020	7067C33C-F40D-11ED-8F25-B0A460E8079B
1021	E7A29419-7613-11EE-9595-68545AD2D871
1022	2D215E7A-EC6D-02CA-27C5-CEBC7E69D71B
1023	9AC197A5-86D6-2AD5-A441-DF0E3C0B0F10
1024	palfa_infil_exit_9
1025	0 224.992 0
1026	431.5 3500 418
1027	2F0C932F-48C3-1A7B-0013-59103AB4AF71
1028	47349A76-BF4B-11ED-8EF3-B0A460E8079B
1029	DE2469C6-97F9-46D4-AEE2-2861A120AE59
1030	3EB1CD51-381A-34E9-A246-3D3CDE747A57
1031	0 89.988 0
1032	9A02E172-9158-5767-85A5-EE7A58EB7B85
1033	2432 1010 405.488
1034	0 42.9997 0
1035	7EFF3CDC-B77E-11ED-8EE5-B0A460E8079B
1036	C38F388E-86A4-3D08-D425-80210009EFAA
1037	23250D2A-322A-2BFA-20BC-542AB5813589
1038	0 92.9989 0
1039	0 200.992 0
1040	-1558 490.5 219.233
1041	11248CCA-A6E6-11ED-8ED1-B0A460E8079B
1042	B7CA7A3E-B775-11ED-8EE5-B0A460E8079B
1043	BCE1B4FF-10EE-9FAE-1BCB-C688219234DE
1044	D4BAD2FD-B773-11ED-8EE5-B0A460E8079B
1045	scriptable_metal_chain_01_locked
1046	47349A8E-BF4B-11ED-8EF3-B0A460E8079B
1047	1315356B-760F-11EE-9595-68545AD2D871
1048	764 3560 391.042
1049	fingers_in_start_right_hand
1050	9E33CB22-5E7A-444D-D424-DCD899EE1832
1051	pf219fe3032a915438_auto716
1052	pfaa49ca5de8c7b116_auto2108
1053	57F923E9-760B-11EE-9595-68545AD2D871
1054	hardpoint_vis_01
1055	593620A3-BF4B-11ED-8EF3-B0A460E8079B
1056	-1136.8 -1417.9 228.636
1057	828 3624 410.747
1058	6BE93D57-7605-11EE-9595-68545AD2D871
1059	0 289.993 0
1060	795AB7CC-6C89-11EE-959F-68545A904D17
1061	83532D24-760E-11EE-9595-68545AD2D871
1062	528CE356-9E9C-DF6E-B690-A0263A6B6497
1063	0 83.9936 0
1064	closed_owned
1065	AAE5A5D1-6055-11ED-8E8E-B0A460E8079B
1066	796 3496 398.143
1067	EDCCEAFB-DC1C-A395-F034-12077393C8FD
1068	-116 -378.5 253.951
1069	pfe0b16ca4a88b16b9_auto2108
1070	0 354.712 0
1071	pf54d6dca1a2dcaeb5_auto2108
1072	8CC5373F-9281-B275-7F4F-E4CECCDA1AAF
1073	09B5C4D4-D0FD-13A8-6964-A865C43FA7C2
1074	-1136.8 -1289.9 206.053
1075	36.5 284 190
1076	pfda26a0bebc9792d6_auto2108
1077	pf363452a404c697bf_auto2108
1078	-114 -820 400
1079	pfd698fbed4c0ca3dc_auto715
1080	0 75.9939 0
1081	5BF82302-C1A7-11ED-8EF4-B0A460E80798
1082	CEC07B5F-B773-11ED-8EE5-B0A460E8079B
1083	-411.5 -880 386
1084	pfb96add0ab2697598_auto2108
1085	EA1DF572-54BB-865F-8451-776547D06B8B
1086	0 219.997 0
1087	4D34C697-BF4B-11ED-8EF3-B0A460E8079B
1088	D4BAD2E2-B773-11ED-8EE5-B0A460E8079B
1089	1D6672FD-7568-7EC1-4889-B1D53B08751D
1090	-1008.8 -1353.9 228.45
1091	pf67faaa86d082afc9_auto716
1092	DE1CE8E4-FFC6-0D71-49E0-2FE6A9905AC2
1093	-1404.2 1013 190.244
1094	pff0b5227cc4c57df5_auto2108
1095	6EDB0374-11A9-A4AF-5C42-E6EAC62A3A25
1096	D9B53F44-ECFA-C443-0593-E94D601F2DBA
1097	756.5 -940 279.558
1098	-627.5 1008 210
1099	DAB3E447-B773-11ED-8EE5-B0A460E8079B
1100	7EBEF94D-24D7-DCA8-A0E2-5CFC3FD75851
1101	E302F3E4-D42F-FE5F-219D-7894F9F0DFC5
1102	pff1dea6a8fd9aad9b_auto715
1103	61D2B509-5793-7BA3-E24D-6EF8A7BE117A
1104	0 71.9934 0
1105	127D5ED3-C22D-4B51-4458-78DCAB1BCD61
1106	vfx_quarry_alt_steam_rising_area_01
1107	-51.5 140 194
1108	0 141.388 0
1109	47349A64-BF4B-11ED-8EF3-B0A460E8079B
1110	26C25D81-F402-11ED-8F25-B0A460E8079B
1111	0 179.989 0
1112	3A69E7D5-63D2-C6ED-CE6C-D4DB0259F3AE
1113	195FDE8F-6C89-11EE-959F-68545A904D17
1114	D4BAD324-B773-11ED-8EE5-B0A460E8079B
1115	89F73253-2B6E-B17E-567C-09CA7C29AB40
1116	3D3D50E8-D8A8-29BB-0F42-7232F649E7D0
1117	D61D34B7-C1A7-11ED-8EF4-B0A460E80798
1118	D4BAD375-B773-11ED-8EE5-B0A460E8079B
1119	2258 516.5 354.409
1120	-259.5 -904 254
1121	-1066 894 199.836
1122	0 269.998 0
1123	47349A4F-BF4B-11ED-8EF3-B0A460E8079B
1124	tag_geo_frag_a_007
1125	532F81A0-BF4B-11ED-8EF3-B0A460E8079B
1126	-171.5 -904 262
1127	AAE5AAF0-6055-11ED-8E8E-B0A460E8079B
1128	622 3612 411.227
1129	mp_cyber_spawn_axis
1130	palfa_infil_exit_8
1131	FF90B65D-D911-0FB0-D4CC-25DC0ADC3A73
1132	-503.5 1840 194
1133	pfde3f1e1a19acc85b_auto2108
1134	532F814C-BF4B-11ED-8EF3-B0A460E8079B
1135	1A7F8DD0-F402-11ED-8F25-B0A460E8079B
1136	8297CF87-1DD9-11EF-8F95-E0D4E87834AC
1137	0 246.429 0
1138	8297CF8C-1DD9-11EF-8F95-E0D4E87834AC
1139	pf7d4b5929d0aff265_auto715
1140	7067C321-F40D-11ED-8F25-B0A460E8079B
1141	2D77D272-5A54-27E4-92E3-3BA5B02C1DEF
1142	-1044.27 -697.48 188.019
1143	0 54.994 0
1144	F4156360-F872-14F6-E851-90C1D67053C6
1145	mp_warrior_spawn_axis_start
1146	2664.5 2364 542
1147	pf47e4e8fbd12e96bf_auto2108
1148	0131C88A-7608-11EE-9595-68545AD2D871
1149	1932.63 -232.661 358
1150	F7ACF1F6-D1E4-4428-1610-C87C9BD39DA0
1151	47349A8B-BF4B-11ED-8EF3-B0A460E8079B
1152	0 210.992 0
1153	-1423.5 32 202
1154	6546FE4F-9A2E-A715-89BF-86661E44C1D5
1155	E20F14A0-926B-1B9A-0A43-11FEEBE49837
1156	3AC2D29B-6C90-11EE-959F-68545A904D17
1157	8510A328-6C8A-11EE-959F-68545A904D17
1158	F9F8E5E4-14F3-54F5-7708-F932DB44C745
1159	B3D97847-72E3-25AE-CB03-37DFB5134B53
1160	-1404.2 757 190.244
1161	73D9FD88-C151-F052-C16C-1A469AC805E7
1162	D4092837-6C8D-11EE-959F-68545A904D17
1163	814 -182.5 207.176
1164	3B383096-7605-11EE-9595-68545AD2D871
1165	healthy
1166	0 169.991 0
1167	B86F2642-ECAE-F1A0-8E77-F041D3D672F3
1168	D4092828-6C8D-11EE-959F-68545A904D17
1169	D4BAD2DC-B773-11ED-8EE5-B0A460E8079B
1170	fingers_out_end_left_hand
1171	0 282.993 0
1172	2392.56 927.42 379.258
1173	B6B19643-7611-11EE-9595-68545AD2D871
1174	D7B10F36-819C-034C-A544-3FC4CC839BB9
1175	CAA19BD0
1176	5DB89F83-6C8D-11EE-959F-68545A904D17
1177	-1005.1 -1291.4 209.042
1178	81A59846-B699-11ED-8EE4-B0A460E8079B
1179	2554 2000 416
1180	-1070 -1418 229.501
1181	1DEC27B3-B77F-11ED-8EE5-B0A460E8079B
1182	952.7 3429.2 396.884
1183	32E8185C-513E-2567-B4D3-C20A57DE61D1
1184	796EF6BA-AC61-11ED-8ED8-B0A460E8079B
1185	7067C32D-F40D-11ED-8F25-B0A460E8079B
1186	920 -492.5 292.566
1187	pfbf676f05d8d5a0f1_auto2108
1188	1574 -336.5 334.658
1189	59F416FF-6C8C-11EE-959F-68545A904D17
1190	AFEB67B9-D7A9-29A3-D084-545800EB2ECA
1191	4D34C69D-BF4B-11ED-8EF3-B0A460E8079B
1192	593A6CA3-5AB1-68C9-ECCA-B0E77E203A44
1193	2A5A629E-0953-F6E2-1AC2-29B1283F3EE6
1194	5F2DA984-BF4B-11ED-8EF3-B0A460E8079B
1195	E78907DB-E1D6-ECA1-8615-EB01DB903F60
1196	0CD6EC52-77B7-3EAA-7776-3306D7EB7986
1197	835F9AA4-1B01-49ED-F2CF-236AD5AFF31B
1198	-688 -278 251.5
1199	3255B0AD-C938-E35F-F22D-25398A711E93
1200	59927999-1946-2BD5-86E4-C8C00067BAF5
1201	727E9BA0-6236-1758-9769-55520AA35F12
1202	1740.5 1180 410
1203	0 313.087 0
1204	75BC029A-7612-11EE-9595-68545AD2D871
1205	B49DD992-6C89-11EE-959F-68545A904D17
1206	pf119ffd0150fed73e_auto2108
1207	scriptable_door_metal_panel_01_mp_hero
1208	1A936A78-EEEE-6BB3-CCB8-AAFA8018AA3F
1209	-1368.75 2746.5 463.589
1210	C8C7EB23-B773-11ED-8EE5-B0A460E8079B
1211	CEC07B9B-B773-11ED-8EE5-B0A460E8079B
1212	12E583EA-EA07-040D-7452-D01F0970B086
1213	2238 3144 488.016
1214	BD1A724D-6E86-3560-AC33-F3B587DA3A9C
1215	pf2df8e63aa0a2a362_auto2108
1216	0 152.998 0
1217	1522E05D-6B3A-11ED-8E9E-B0A460E8079B
1218	A8866A4E-C1A9-B8B0-D027-0DF01949CF2F
1219	5F2DA948-BF4B-11ED-8EF3-B0A460E8079B
1220	524.5 -904 269.911
1221	-615.5 -484 254
1222	72068B3F-159F-59F0-FBCE-1811404C280E
1223	69E8CCD5-2343-E30D-8C23-C779C3BAD8F8
1224	1104B9A6-B77F-11ED-8EE5-B0A460E8079B
1225	-159.5 3348 430
1226	EE205FD1-7AFB-397D-86EA-45679FB7D03D
1227	78C2DFE0-B784-11ED-8EE5-B0A460E8079B
1228	2616 1664 408
1229	pf71f44a2b0c65e423_auto715
1230	pf2c0f1091ad95c959_auto2108
1231	264.5 -612 290
1232	scriptable_un_industrial_wooden_pallet_01_chip
1233	78730B84-612E-A256-54AA-D46D1C537584
1234	-131.52 2588.35 361.84
1235	974 3452 398.754
1236	A0EBF6D5-B775-11ED-8EE5-B0A460E8079B
1237	player_lock_look_1_second
1238	CEC07AF0-B773-11ED-8EE5-B0A460E8079B
1239	-535.5 -380 258
1240	736 3480 409
1241	AAE5A95B-6055-11ED-8E8E-B0A460E8079B
1242	45186181-4784-C4B2-E6D5-15B6FDE4CFC5
1243	1540.5 1296 407
1244	021F746D-760F-11EE-9595-68545AD2D871
1245	967.9 3546.1 397.717
1246	AECD1DF7-760E-11EE-9595-68545AD2D871
1247	-1487.25 2947 456.3
1248	180.5 3714 430
1249	-1198 -1292 212
1250	4D34C667-BF4B-11ED-8EF3-B0A460E8079B
1251	532F81E5-BF4B-11ED-8EF3-B0A460E8079B
1252	jup_infil_palfa_run_heli
1253	892.5 120 214
1254	6AC007AC-4A65-6BD0-1832-A4935D0C66D6
1255	3039641E-7723-5A25-5683-24CD3B0F24EF
1256	0 150.196 0
1257	0 49.988 0
1258	-934 -112.5 226.96
1259	DAB3E486-B773-11ED-8EE5-B0A460E8079B
1260	2062.5 3568 478.062
1261	0 170.987 0
1262	363A91F2-6F5E-D6FF-25DB-387753D7CC77
1263	cache_toolbox
1264	593620F4-BF4B-11ED-8EF3-B0A460E8079B
1265	decor_barrels_gameplay_red
1266	3D66D88C-3E8A-A1D4-DA4A-80518950D5CC
1267	0 9.99216 0
1268	182469A0-4DA1-CB66-B0A2-DE17C0D0FE73
1269	BFE33A04-4735-3041-DF11-595B729DA746
1270	CF17317E-760A-11EE-9595-68545AD2D871
1271	0 266.992 0
1272	34F3EE58-52DC-388A-9CC7-2E69445ED97C
1273	C8C7EB1D-B773-11ED-8EE5-B0A460E8079B
1274	532F814F-BF4B-11ED-8EF3-B0A460E8079B
1275	vfx_quarry_alt_birds_circling
1276	2635A1AD-C545-6D87-6518-10C52FF2B641
1277	on
1278	pf7e47bfe7569f7444_auto2108
1279	7B9C4A9B-0304-F6BD-4648-3518DA50DEDC
1280	4D34C6A3-BF4B-11ED-8EF3-B0A460E8079B
1281	-584 129.5 200
1282	268.5 -980 273.257
1283	256432F5-D513-9E61-FD60-6D106A77858A
1284	D4BAD30F-B773-11ED-8EE5-B0A460E8079B
1285	-1556 344 220.602
1286	pf41a6052b42cb8dd_auto10658779104837753356
1287	-1216 751.5 198
1288	DEA033E4-F7DA-382E-0A08-3E00DC3CA863
1289	55C9CEC1-E599-FC0B-C495-E603E27F40DA
1290	92B91643-38E2-4363-4059-F1D43ACE3D85
1291	-881 842.5 198
1292	pf257e11640c3b4ccf_auto716
1293	pfab0e4101096398c4_auto2108
1294	AA5A7752-39F2-5CC9-F9AC-AE79DB578B4E
1295	944.5 2588 402
1296	-1296.8 2689.51 461.473
1297	-51.5 140 202
1298	864 3480 402.6
1299	vfx_quarry_alt_molten_spurt_02
1300	23AD7498-14AA-BE82-8D8C-6E528A9D9564
1301	F6875328-9388-25DE-716B-971CC9ED211A
1302	8F9D57F4-6C52-11EE-9592-68545AD2D871
1303	-479.281 2084.46 179.765
1304	closed_locked
1305	-339.5 104 474
1306	0 220.993 0
1307	70BFDA9A-4A13-0A56-C3DA-93995BDC5C54
1308	2664 2396 414
1309	1008.5 2068 382
1310	9E9EE2C1-8100-E836-1AEB-BC3FB6F9B0F1
1311	pf41055769d6cadee9_auto2108
1312	B8EFEEFC-5A89-8F40-7A7E-94E692EAB658
1313	1332.5 2076 518
1314	30750949-1F50-D044-C010-51C3C396B692
1315	AB9A54FC-6C7E-11EE-959F-68545A904D17
1316	1184 3540 440.294
1317	tag_geo_frag_a_001
1318	0 29.9931 0
1319	0 89.9948 0
1320	pffe7fa7b4eeb212a2_auto2108
1321	A4507FD8-0906-A4AA-9484-0987F0D5A40C
1322	A6E94412-150D-1F4B-7844-5A51E02ED3F0
1323	0 265.497 0
1324	pf1bde7da52879a38_auto4
1325	F50F790A-89CC-58DC-A8D0-08D0C3E22EDC
1326	4CE20FBE-B933-C40B-D672-931EAB0F5D16
1327	2F672067-901A-F208-ECF8-96CC93863D73
1328	096EAEAC-A6E6-11ED-8ED1-B0A460E8079B
1329	palfa_infil_exit_6
1330	5DB89F92-6C8D-11EE-959F-68545A904D17
1331	-999.256 2965.25 455.814
1332	B7F8D4DB-60AD-D95E-15F1-0C713389EAC4
1333	AAE5A955-6055-11ED-8E8E-B0A460E8079B
1334	0 184.992 0
1335	5936208E-BF4B-11ED-8EF3-B0A460E8079B
1336	1140.5 804 118
1337	-1262 169.5 192
1338	1A7F8DAC-F402-11ED-8F25-B0A460E8079B
1339	C8C7EB4D-B773-11ED-8EE5-B0A460E8079B
1340	DAB3E48C-B773-11ED-8EE5-B0A460E8079B
1341	532F81D3-BF4B-11ED-8EF3-B0A460E8079B
1342	9DDF98A8-7905-11EE-95A8-68545A904D17
1343	B2AF07AD-6B39-11ED-8E9E-B0A460E8079B
1344	D4BAD300-B773-11ED-8EE5-B0A460E8079B
1345	731381E3-C1A7-11ED-8EF4-B0A460E80798
1346	-1038.75 2902.5 476.449
1347	CEC07B2F-B773-11ED-8EE5-B0A460E8079B
1348	9DDF988A-7905-11EE-95A8-68545A904D17
1349	327F323A-28AA-D7D4-93E2-2816D251BC44
1350	-488.75 -369.5 258.638
1351	CE612B8E-94A7-3C5A-4EB2-F0C67E6A2A19
1352	0 229.686 0
1353	FF3FBDD1-1FD9-A09A-EE2D-710BE216C36D
1354	0453623B-3BDB-302A-A262-D130D294EC5D
1355	1464B3EB-2B3B-8492-A9C1-910325F75D75
1356	184.5 2192 384
1357	pf2e6a686b8c15cbff_auto2108
1358	1399 2860.5 416.359
1359	scriptable_scriptable_door_metal_04_flat_painted_mp_tan
1360	5DB89FA6-6C8D-11EE-959F-68545A904D17
1361	B5AC5DA0-C6B8-DACF-22CB-521AA0C9AD27
1362	0 7.98478 0
1363	700 3560 403.953
1364	C8C7EB26-B773-11ED-8EE5-B0A460E8079B
1365	0 86.3343 0
1366	B2AF077F-6B39-11ED-8E9E-B0A460E8079B
1367	47349AA3-BF4B-11ED-8EF3-B0A460E8079B
1368	5DD66F5D-14C0-78D6-846D-E5489ADA5558
1369	0 114.991 0
1370	-761 -288 239.359
1371	3E249842-6406-649C-76ED-F3EC9838037C
1372	-1136.8 -1289.9 214.053
1373	-1591.5 240 218
1374	C8C7EB35-B773-11ED-8EE5-B0A460E8079B
1375	0 242.65 0
1376	-1072 -1352 215.069
1377	AB41B137-7973-666C-A862-48CAC2817927
1378	E4E50F1B-1D3F-11EF-8F94-E0D4E87834AC
1379	20BD9690-F402-11ED-8F25-B0A460E8079B
1380	A30B86C9-981C-9FB7-754A-DCD8D7F469DC
1381	29EB72D1-5896-A3A8-D44B-D5F04EBE99DD
1382	0DEDB3F3-1D40-11EF-8F94-E0D4E87834AC
1383	0 180.988 0
1384	5936205E-BF4B-11ED-8EF3-B0A460E8079B
1385	0 55.9939 0
1386	1180.5 1214 70
1387	scriptable_electronics_control_units_02
1388	47349A52-BF4B-11ED-8EF3-B0A460E8079B
1389	-180 202 200
1390	3C538860-AC62-11ED-8ED8-B0A460E8079B
1391	D4BAD33F-B773-11ED-8EE5-B0A460E8079B
1392	D9CFF8F1-4638-3067-ABB6-A44C265EE8AE
1393	D4BAD3A2-B773-11ED-8EE5-B0A460E8079B
1394	D4092832-6C8D-11EE-959F-68545A904D17
1395	AA5CBDC7-4EAB-23A9-E4A5-9FB5E8B25F86
1396	loop_end
1397	pf803c9a735b7a46e7_auto715
1398	ED59E87B-10B3-3CD3-5CA4-1023885BE1E5
1399	D4BAD2EE-B773-11ED-8EE5-B0A460E8079B
1400	C9F7C25C-C1A7-11ED-8EF4-B0A460E80798
1401	D4BAD390-B773-11ED-8EE5-B0A460E8079B
1402	pfba8710c16258a35b_auto2108
1403	8C410516-E9C9-C0DF-D2D3-9911B482927F
1404	CEC07B4A-B773-11ED-8EE5-B0A460E8079B
1405	0B4E51F6-3AC5-DC02-F790-971A6B622F59
1406	0 54.9936 0
1407	pfb2a410a708ebdec2_auto2108
1408	F1F33C5C-760D-11EE-9595-68545AD2D871
1409	396E4955-CE40-258D-BFBC-0F5A84C2286C
1410	A98A4EC2-B933-FD09-CEC1-7DC1BFFCA996
1411	64702697-F401-11ED-8F25-B0A460E8079B
1412	532F8197-BF4B-11ED-8EF3-B0A460E8079B
1413	2265.5 2164 420.151
1414	459FB6D4-7615-11EE-9595-68545AD2D871
1415	D4092841-6C8D-11EE-959F-68545A904D17
1416	pf835e96d9be38edaf_auto2108
1417	6A57E32E-6C8D-11EE-959F-68545A904D17
1418	-1054 1916 104.605
1419	-1008.8 -1417.9 249.062
1420	D7DFB38A-D448-4D1B-192E-973B7FEB9B9F
1421	C8C7EB29-B773-11ED-8EE5-B0A460E8079B
1422	47349A9D-BF4B-11ED-8EF3-B0A460E8079B
1423	F9D027BA-C287-C229-92B2-3182D5E93D2D
1424	1A155A49-7038-AA17-873D-11E73421A170
1425	scriptable_uk_car_body_paint_filler_01
1426	0 213.293 0
1427	0 269.993 0
1428	pfd907946d38d1fef7_auto715
1429	2FAC42FE-760E-11EE-9595-68545AD2D871
1430	656 -870 272.998
1431	0 89.9943 0
1432	palfa_infil_exit_12
1433	460E0D9E-6C89-11EE-959F-68545A904D17
1434	C8C7EB47-B773-11ED-8EE5-B0A460E8079B
1435	331DD5E2-801A-ABCF-04D8-C926B618E1B0
1436	0 234.988 0
1437	1BE9A866-0D79-1673-E025-1312612B46D5
1438	3BFD8BB7-9D82-1661-AD21-AACFBD75FBAA
1439	36655930-1D40-11EF-8F94-E0D4E87834AC
1440	576768A0-6C8D-11EE-959F-68545A904D17
1441	25B055A0-7611-11EE-9595-68545AD2D871
1442	equipment_box_fan
1443	64295A94-6C8D-11EE-959F-68545A904D17
1444	scriptable_military_ascendertop_heavy
1445	89ECB76A-87CA-5744-2A42-38C4296DF271
1446	C8C7EB74-B773-11ED-8EE5-B0A460E8079B
1447	C935DE9D-6F60-DFF7-77FA-964DB111B149
1448	jup_infil_shared_movement_run_pre
1449	F878E7AD-E0F6-E854-5D64-A07C2434C645
1450	51B155CE-2DA6-877C-5359-FED55432C727
1451	D753614E-6C8E-11EE-959F-68545A904D17
1452	6470269A-F401-11ED-8F25-B0A460E8079B
1453	C40FA39C-8847-4788-A3B1-8F65B76E22C6
1454	5F2DA942-BF4B-11ED-8EF3-B0A460E8079B
1455	1533 3571.5 461.165
1456	j_rope_200
1457	1C756CEB-97E5-058E-06CE-E6402937D877
1458	33BF7CB1-A0DC-DBA9-527B-A133B62A492A
1459	mp_xfire_spawn_allies_start
1460	0 255 0
1461	jup_infil_palfa_rope_fall_left
1462	CADC7AF1-7611-11EE-9595-68545AD2D871
1463	jup_infil_blima_rope_crank_right
1464	pf3b9e760a489c4e23_auto2108
1465	2343FB2B-3DEC-27AF-5C79-94D0723C96D8
1466	AEDAF024-7607-11EE-9595-68545AD2D871
1467	pfbc33bc05e696bbf6_auto2108
1468	135DB8E5-F401-11ED-8F25-B0A460E8079B
1469	08E493A3-B262-397E-608A-06CED6EC1948
1470	08CEFA3B-18D1-DF6B-A692-136FCC06AED0
1471	scriptables
1472	facial_infils
1473	pfd9d3dd6403b1221_auto2108
1474	7F75D61D-5DEA-961D-927D-6DBD13B24E60
1475	pff745bfdb4f732586_auto715
1476	57E3F202-7613-11EE-9595-68545AD2D871
1477	1104B9AF-B77F-11ED-8EE5-B0A460E8079B
1478	5D9A4E07-191D-CA3D-5E10-8FEBE33B8D8F
1479	0 178.987 0
1480	72BEE48E-F95B-F074-85CB-789F7F6587FF
1481	3B9D24FD-65C6-942D-C2B9-42FD7AFA710F
1482	j_ball_le
1483	j_ball_ri
1484	CEA7CEB0-6C7E-11EE-959F-68545A904D17
1485	0 1.19496 0
1486	373.33 1128.34 102.861
1487	0 44.994 0
1488	10CF97FA-7DEA-8157-D230-2FF32BFF7AC6
1489	-1324.2 757 190.244
1490	7067C333-F40D-11ED-8F25-B0A460E8079B
1491	1874 3222 453.72
1492	0A98382C-F933-EB8E-761F-2CD6F91979E6
1493	-495.5 -908 262
1494	pfa5b884f1a25e68cb_auto2108
1495	1460.5 3592 463.125
1496	2B550A0F-7612-11EE-9595-68545AD2D871
1497	6A57E338-6C8D-11EE-959F-68545A904D17
1498	pf50e2758c0acf06d2_auto2108
1499	8911BB5A-F1F0-ECE5-0B59-FB6BAD94CCAE
1500	EC760257-0BFB-EB3C-8B7D-63806EF33EA9
1501	9987922E-CEE9-BC3A-03A8-F97814A7A67C
1502	388C7097-3ED5-D1DA-EC9C-C3FF3CE10626
1503	708B805D-6C8D-11EE-959F-68545A904D17
1504	0 31.9997 0
1505	242 34 225.6
1506	1328.5 2440 382
1507	-580 3662 452.745
1508	26C25D7E-F402-11ED-8F25-B0A460E8079B
1509	C4266736-D861-AD1E-13FE-964FB83B636E
1510	4DCDE122-EA49-A831-DFBA-0155706247D9
1511	796EF6BD-AC61-11ED-8ED8-B0A460E8079B
1512	1074B476-8840-5D5C-66E8-E6CC1D1B1537
1513	0 59.9937 0
1514	800.5 1786 54
1515	pf77eb8f14e2ba634_auto2108
1516	101A9241-D676-DEDC-4DD3-7E702FFAB588
1517	A5853A3D-7716-01D8-1E50-6D84A42A4EBF
1518	7F428E33-19B2-CB80-5941-39FDF0596BD6
1519	1532.5 1800 414
1520	0 314.989 0
1521	CEC07BB3-B773-11ED-8EE5-B0A460E8079B
1522	BDAA1251-B69F-A60C-559A-E80E76275E2B
1523	right_70
1524	pfff35b3b4690d30a3_auto715
1525	4BEC9BAF-B0E5-2164-C64B-F8836DEB2C7D
1526	4
1527	pfc9d444b6bbe54032_auto715
1528	0 22.992 0
1529	5DB89F7E-6C8D-11EE-959F-68545A904D17
1530	D409285F-6C8D-11EE-959F-68545A904D17
1531	2436.5 792 378
1532	-1198 -1296 209.145
1533	0 270.001 0
1534	05A89122-7606-11EE-9595-68545AD2D871
1535	420.5 1676 58
1536	2704.5 1420 410
1537	5AE7A468-467D-0773-DDEF-AE7F93605619
1538	ABABB935-E762-D7A3-E028-4CE1C548E3A7
1539	-806 2130 130.489
1540	pf77737c30b173cdd2_auto2108
1541	0 247.993 0
1542	B27B11A0-66AA-5F9A-6935-8D1FAEA8937E
1543	pfbec0fb6543fbae60_auto716
1544	-249.75 3724 442.75
1545	-824 892 197.917
1546	-1008.8 -1417.9 241.062
1547	00A3F478-0D53-8CE9-01FE-02344866F8C2
1548	-485.707 2191.05 181.204
1549	pf7d4b5929d0aff265_auto716
1550	A3413D17-18AD-B6D5-EEEC-80625564882E
1551	-1497.5 1986 435.289
1552	DAB3E471-B773-11ED-8EE5-B0A460E8079B
1553	CEC07B38-B773-11ED-8EE5-B0A460E8079B
1554	2666.5 2444 410
1555	-1076 187.5 196
1556	5EC684C8-1015-08B1-1856-4247EA5977B1
1557	9A922C68-8F19-27B8-B964-78AFC15D1532
1558	CEC07B74-B773-11ED-8EE5-B0A460E8079B
1559	871C0297-3431-7D9A-C3E6-9E364BF37D9B
1560	3C538837-AC62-11ED-8ED8-B0A460E8079B
1561	pfb31b4fe0339c0b66_auto2108
1562	-987.5 840 198
1563	06839131-7614-11EE-9595-68545AD2D871
1564	47349A5B-BF4B-11ED-8EF3-B0A460E8079B
1565	vfx_quarry_alt_falling_ash
1566	708B8076-6C8D-11EE-959F-68545A904D17
1567	pfd8ebe09b9ea89a3f_auto2108
1568	D4DFDF44-953D-36EA-9801-414D438148A0
1569	scriptable_equipment_box_fan
1570	vfx/jup/level/mp_jup_quarry_alt/vfx_quarry_alt_rock_heat_dist_01
1571	-1404.2 949 190.244
1572	63D5D7B9-88F7-9F5C-F582-DF7506A3B91E
1573	9F3EC67D-9021-BC2E-46C3-0C2024F3AF0F
1574	pf15eb41e85d68e1b9_auto2108
1575	47349AA0-BF4B-11ED-8EF3-B0A460E8079B
1576	locked
1577	4D34C61F-BF4B-11ED-8EF3-B0A460E8079B
1578	0 2.71198 0
1579	ajar_owned
1580	D4BAD3ED-B773-11ED-8EE5-B0A460E8079B
1581	0 98.1945 0
1582	210CA068-CC8B-A351-314C-EBB4B1FBC8E4
1583	345.06 1071.92 99.59
1584	pf5e8f3a26aa528bc5_auto2108
1585	B7143134-EC85-B52A-4A37-23CAC1D20CFC
1586	-1008.8 -1225.9 208.644
1587	F806B302-6C7F-11EE-959F-68545A904D17
1588	200FACC9-760F-11EE-9595-68545AD2D871
1589	9EF310AA-8266-D9B4-D6B7-AAF5DB8AFB28
1590	C0D19DB0-7604-11EE-9595-68545AD2D871
1591	pfe9cf9115fac1e02a_auto2108
1592	0 129.991 0
1593	4D34C637-BF4B-11ED-8EF3-B0A460E8079B
1594	A114C51D-B77E-11ED-8EE5-B0A460E8079B
1595	CEC07BB0-B773-11ED-8EE5-B0A460E8079B
1596	B0C1F75C-F1EB-2508-66CD-D8413D6D79E1
1597	DAB3E44A-B773-11ED-8EE5-B0A460E8079B
1598	5B8164DB-4DFD-E645-BEFF-B51687507DAB
1599	432.5 2372 382
1600	2274 2806 448.248
1601	F1670411-00A0-AEA0-0C51-1E08666302F7
1602	20BD96AE-F402-11ED-8F25-B0A460E8079B
1603	E6355F88-BF4B-11ED-8EF3-B0A460E8079B
1604	593620AF-BF4B-11ED-8EF3-B0A460E8079B
1605	62D403BA-EE16-182A-B6C7-80498A7811B9
1606	pf73458924eb673bc3_auto716
1607	5B86A73D-6C7F-11EE-959F-68545A904D17
1608	0 312.287 0
1609	2704.5 1520 410
1610	pf8f9d8e31a334ceab_auto2108
1611	F3F2DBFC-B4AC-5CBF-D962-9178CA66AB08
1612	fingers_out_start_right_hand
1613	DAB3E4A4-B773-11ED-8EE5-B0A460E8079B
1614	pfa04c8b21607d42ee_auto2108
1615	D9ACFCC9-7CE9-0297-099C-73A9326D8CD6
1616	E2FAE323-9241-8A95-80B7-CF7F025A6E74
1617	0 309.993 0
1618	0 300.992 0
1619	0EEB7B1C-C48B-27BD-ED6C-7893FA591445
1620	02862352-A6E6-11ED-8ED1-B0A460E8079B
1621	pf2b97a5c330200e1a_auto2108
1622	-687.5 824 198
1623	AEF300AC-27E3-2ABA-D670-63D0E8E7FA0E
1624	pfb78b5c33efa4693a_auto2108
1625	7067C336-F40D-11ED-8F25-B0A460E8079B
1626	7EE7E30D-1571-4067-C32C-2C2568274A3B
1627	1522E03A-6B3A-11ED-8E9E-B0A460E8079B
1628	0 316.993 0
1629	B24AEEE8-D516-1A1C-3C4F-F3F7ECBB28FA
1630	D6324806-8E62-F114-6279-A0EF956A7643
1631	0 246.335 0
1632	-1010 1567.75 142
1633	pfa49943fb48862187_auto2108
1634	C548DFAD-6C8B-11EE-959F-68545A904D17
1635	6A39C004-6C89-11EE-959F-68545A904D17
1636	pfedae1be9828af908_auto2108
1637	CEC07B20-B773-11ED-8EE5-B0A460E8079B
1638	616.5 3260 422
1639	0EB6A6A5-5922-AFF6-EBED-6FDD22E871FE
1640	34463659-7605-11EE-9595-68545AD2D871
1641	078B7771-CAF9-07E8-A1E2-59295398E771
1642	139D3256-C50F-5A31-F55D-A4611AD7DE4B
1643	7C9703FE-6C8C-11EE-959F-68545A904D17
1644	0 32.7009 0
1645	2368.5 1328 410
1646	B109120C-8CB9-8711-C28F-FD975A6AAB43
1647	F7826F88-721D-AD18-DCBB-D9D47069D097
1648	palfa_infil_intro_13
1649	736 3358 393.506
1650	0 27.9931 0
1651	-1070 -1292 212
1652	43974ED6-828F-8361-24DA-4935883CD64C
1653	pf9165f067155653a2_auto715
1654	1846941C-7614-11EE-9595-68545AD2D871
1655	DAB3E45F-B773-11ED-8EE5-B0A460E8079B
1656	1844.5 2660 410
1657	94B5E6A4-E4B0-4F04-83EB-EA581B5C490C
1658	mp_sd_spawn_defender
1659	snakecam
1660	pfba055f892cda516_auto2108
1661	0 22.7118 0
1662	2446.3 1472.8 400.389
1663	983B6E3A-DFAE-3C19-7BDA-205CB4B6ED96
1664	C9EC3CBE-B529-40EF-5334-495AECE9AEEB
1665	74F83278-00BC-A690-E824-5818016ECBE8
1666	CEC07B44-B773-11ED-8EE5-B0A460E8079B
1667	CCA399A9-188A-FCC7-C5BD-32857F9EEC94
1668	9E6415FB-B841-3B27-7393-BCCA8A7133B2
1669	6854D245-D511-B1EC-5CAF-FB93FE390474
1670	532F8200-BF4B-11ED-8EF3-B0A460E8079B
1671	688AA817-ED5B-D0B9-688A-E3973EF9BB20
1672	EAAE8326-4D53-0D61-07EC-CFB78A0C4864
1673	-138 -498 400
1674	87F50B41-CD6B-367D-F88E-998416262E73
1675	pf6a27ed1a6d43ccb4_auto2108
1676	-1133.1 -1291.4 209.042
1677	0 272 0
1678	039F1FF8-5765-3C84-F9D1-1D3B76D6E869
1679	fully_open_unusable
1680	80ECCFE1-6344-70A5-BFD6-221C145E4922
1681	E6B5CDD7-D787-F2DF-B310-8067873CC8C9
1682	9411AE85-B699-11ED-8EE4-B0A460E8079B
1683	6AA5ADEB-7905-11EE-95A8-68545A904D17
1684	470749A6-2E7F-6179-ECA2-BACDD0D061B6
1685	0 268.993 0
1686	infil_blima_6
1687	0 4.9857 0
1688	268.5 -980 279.257
1689	2286.5 2846 446.613
1690	059E58C2-A118-207E-AA04-75E472EF3F50
1691	409738A6-F2FA-BED3-1B1D-318CA013D646
1692	pfc89be4b33ce83400_auto2108
1693	84467370-6C7E-11EE-959F-68545A904D17
1694	-651.5 3392 439.75
1695	48289236-1DD9-11EF-8F95-E0D4E87834AC
1696	4D34C6C1-BF4B-11ED-8EF3-B0A460E8079B
1697	D4BAD351-B773-11ED-8EE5-B0A460E8079B
1698	27B4E005-760F-11EE-9595-68545AD2D871
1699	36E2721F-2A82-A676-8FE3-ECF034F777A1
1700	-946 -588.5 196
1701	D409282D-6C8D-11EE-959F-68545A904D17
1702	7067C33F-F40D-11ED-8F25-B0A460E8079B
1703	0 63.3962 0
1704	pfbafde31cde122a99_auto715
1705	5DB89F6F-6C8D-11EE-959F-68545A904D17
1706	ladder_up
1707	-319.5 -908 254
1708	pf78288fc58736ccb6_auto2108
1709	DC49EF4A-7AF9-B94C-8B49-6D1E8AB6ED33
1710	pf2fd30364cb8576f0_auto2108
1711	CEC07AAE-B773-11ED-8EE5-B0A460E8079B
1712	j_wrist_ri
1713	532F81FD-BF4B-11ED-8EF3-B0A460E8079B
1714	26 -922.5 276.486
1715	C60EC629-01F1-C811-32D5-D874716A014B
1716	8297CF82-1DD9-11EF-8F95-E0D4E87834AC
1717	A18051F5-034F-22BB-5272-2625FDCEB73C
1718	593620D6-BF4B-11ED-8EF3-B0A460E8079B
1719	34138568-8F63-7200-D7FE-1D31295D80A4
1720	B758223F-AC81-11ED-8ED8-B0A460E8079B
1721	3C53885A-AC62-11ED-8ED8-B0A460E8079B
1722	593620E5-BF4B-11ED-8EF3-B0A460E8079B
1723	1199 2565.5 411.5
1724	CEC07B50-B773-11ED-8EE5-B0A460E8079B
1725	2F3CA494-5133-95D8-381C-564124100E9D
1726	D4BAD318-B773-11ED-8EE5-B0A460E8079B
1727	045BEC4C-A662-5FD1-DA61-DB4C99E69A8A
1728	B79546E8-7613-11EE-9595-68545AD2D871
1729	-120 136 195.5
1730	pf89335141b8c8d40_auto2108
1731	A595845E-877C-B6FE-AACE-FF67F5AE10A4
1732	0 300.993 0
1733	0 179.995 0
1734	64295A67-6C8D-11EE-959F-68545A904D17
1735	0A78B693-F607-2DCD-5905-228379826C2A
1736	0AB24536-8958-5EC8-D8F0-57EE64FF272A
1737	4A87E69F-6C7E-11EE-959F-68545A904D17
1738	D4BAD3E4-B773-11ED-8EE5-B0A460E8079B
1739	2586.05 1600.8 407.639
1740	D4BAD3B7-B773-11ED-8EE5-B0A460E8079B
1741	pf76dd2bb80ce8303b_auto2108
1742	6EFD7E85-C0B2-B8BE-3B17-C78AAAC73F69
1743	0 76.6953 0
1744	E4E50F16-1D3F-11EF-8F94-E0D4E87834AC
1745	848B2CCA-7A11-3C2D-DD9F-6A9F25D70FD6
1746	64295A8A-6C8D-11EE-959F-68545A904D17
1747	78C2DFD7-B784-11ED-8EE5-B0A460E8079B
1748	9DDF988F-7905-11EE-95A8-68545A904D17
1749	496 -230.5 214.502
1750	348.98 2692.35 411.175
1751	palfa_infil_intro_12
1752	pfb1df861049e64746_auto2108
1753	765DF577-130D-7CE1-546D-34A0334219EE
1754	CEC07AEA-B773-11ED-8EE5-B0A460E8079B
1755	3C007F1E-460D-5F7B-5AA0-EF1284917F3B
1756	-712 840.5 205.148
1757	4D34C658-BF4B-11ED-8EF3-B0A460E8079B
1758	2572 1996 416
1759	532F8191-BF4B-11ED-8EF3-B0A460E8079B
1760	1F6EDF9D-6C7F-11EE-959F-68545A904D17
1761	D4BAD35D-B773-11ED-8EE5-B0A460E8079B
1762	CEC07B56-B773-11ED-8EE5-B0A460E8079B
1763	71C3BFE9-6C8B-11EE-959F-68545A904D17
1764	708B8067-6C8D-11EE-959F-68545A904D17
1765	4D34C66A-BF4B-11ED-8EF3-B0A460E8079B
1766	CF33C41B-8471-7722-AC29-639AE3BA5098
1767	pf20b98865b7541af7_auto2108
1768	3CCC9BA2-AA1A-D983-53D6-84FE1AAFE0CB
1769	-87.5 -768 254
1770	pf91dd2c14559d14ad_auto2108
1771	A76C2281-5640-0B6A-9FFC-A527C01C6A72
1772	576768B9-6C8D-11EE-959F-68545A904D17
1773	7B9B2B88-20FF-1953-6EB5-F6FACF126049
1774	mp_koth_spawn
1775	EF19B0B3-F0C3-4C6A-DE94-E6D71FE7DF43
1776	D4BAD387-B773-11ED-8EE5-B0A460E8079B
1777	7126F8CB-97D2-7395-BD7F-28ACCC9BB19A
1778	148.5 1142 62
1779	E5AD4179-3593-68E1-C4A7-8D276343B2BF
1780	7FDA1D28-7880-2CF8-9D42-ECE7D5B2B696
1781	47349A7F-BF4B-11ED-8EF3-B0A460E8079B
1782	pf18d8d0d350115c13_auto2108
1783	688 -742 256.209
1784	-491.5 1008 218
1785	38576F95-6E93-814C-9373-D7B7517C4A10
1786	A68F010C-273C-AAFC-6584-937B63FEB360
1787	vfx_quarry_alt_solarflare_02
1788	8DCE9758-B699-11ED-8EE4-B0A460E8079B
1789	0 344.991 0
1790	0 299.989 0
1791	5DB89FB0-6C8D-11EE-959F-68545A904D17
1792	equip_nvg
1793	2552 1472 408
1794	5DB89F9C-6C8D-11EE-959F-68545A904D17
1795	1045.5 2438 392
1796	2DD83C5C-7AE3-B4F5-04A9-A3F94AF13775
1797	C05102F2-7605-11EE-9595-68545AD2D871
1798	D4BAD30C-B773-11ED-8EE5-B0A460E8079B
1799	9DDF9880-7905-11EE-95A8-68545A904D17
1800	D4BAD39F-B773-11ED-8EE5-B0A460E8079B
1801	kitchen_metal_cup_stack_01
1802	0 318.963 0
1803	pfb3f2a39605fb2b66_auto2108
1804	532F81EB-BF4B-11ED-8EF3-B0A460E8079B
1805	55505CF1-A782-69CC-196A-9F42DD6791F5
1806	A15AC30B-5514-0CAB-1C5F-F956D635C637
1807	pfcb24006f03ce220b_auto2108
1808	0 129.993 0
1809	partially_opening_unusable
1810	2054.2 -1586.8 -406
1811	2152 2904 436.32
1812	pf24e9b83cbda9f08b_auto715
1813	-407.5 3420 430
1814	5F2DA990-BF4B-11ED-8EF3-B0A460E8079B
1815	708B8062-6C8D-11EE-959F-68545A904D17
1816	328.5 2428 386
1817	use
1818	D409281E-6C8D-11EE-959F-68545A904D17
1819	255.25 3610.5 415.409
1820	pf455f4c239bdf53a_auto2108
1821	0 344.712 0
1822	2624 1720 416
1823	324.5 836 134
1824	9C005127-3798-CC67-C075-8DE9B3DA72D2
1825	F709D512-939B-3862-D801-8D59CED25B47
1826	pfef3f6248e8e9315d_auto2108
1827	EB8D222F-0397-11EE-8F30-B0A460E8079B
1828	888.7 3429.2 403.175
1829	2977.9 -2278.2 -406
1830	0 348.712 0
1831	57D7E4D6-DFEC-1937-CA05-6E26A4847A46
1832	0 179.996 0
1833	0 179.994 0
1834	293DB0C4-3AC1-7781-22E8-F1D00D921BBC
1835	6C14C414-131A-C8E6-FB91-C5139122F78F
1836	B79109BA-A6F9-5375-33B9-301A33CB5FEA
1837	geo_frag_a_004
1838	04DD195D-3337-E586-8B65-157878A4E7FF
1839	532F816A-BF4B-11ED-8EF3-B0A460E8079B
1840	37D5A74D-798A-077E-39E0-FD28445B993E
1841	pf91a10dd991a1e75d_auto715
1842	7C393481-6CED-A74A-C4D4-70BB920A2FF2
1843	1772 1772 406.159
1844	pf5c9de4efe19dd67d_auto716
1845	82E2E3C0-70A1-3EED-7389-6778199D70B6
1846	64117189-760F-11EE-9595-68545AD2D871
1847	57676873-6C8D-11EE-959F-68545A904D17
1848	-1512 130 218.189
1849	EA0A028B-7604-11EE-9595-68545AD2D871
1850	29DCB9BF-6C8F-11EE-959F-68545A904D17
1851	C1C45B89-7EAC-D243-AF7E-A5D760C8044B
1852	39EC7419-0F61-70A0-71F4-54663DF8DCBF
1853	03899D7E-B778-1547-ED4F-D9F16DBA4E31
1854	E366D1CA-F24F-EC47-70B3-CF4C5FC7C50F
1855	-1200 -1352 220.924
1856	38D0FD6C-D875-D417-05DF-2A717D67E65E
1857	868.5 -904 303.503
1858	1900 -252 362.967
1859	me_kitchen_coffee_bag_01
1860	CEC07ADE-B773-11ED-8EE5-B0A460E8079B
1861	-1134 -1290 205.586
1862	-651.5 3280 439.75
1863	708B8099-6C8D-11EE-959F-68545A904D17
1864	0 4.00966 0
1865	pfe67a1ffc2d3372a1_auto2108
1866	B30A8371-6C7E-11EE-959F-68545A904D17
1867	89054A3F-115F-07C9-F113-15E0F5769A43
1868	0 211.999 0
1869	CEC07B26-B773-11ED-8EE5-B0A460E8079B
1870	806C04BA-E27A-5BFC-F648-4A739E766F64
1871	palfa_infil_intro_15
1872	-1006 -1354 230.321
1873	pfb1f0e0b063de4642_auto715
1874	FE2A824C-653B-2A7D-EA7A-013954215C81
1875	palfa_infil_intro_0
1876	E8671007-380C-0823-696A-D9D78B5906EC
1877	59362085-BF4B-11ED-8EF3-B0A460E8079B
1878	1844.5 2660 418
1879	892 3624 410.747
1880	0B56F713-1DD9-11EF-8F95-E0D4E87834AC
1881	0 257.999 0
1882	2030.5 2864 418
1883	C06D7E3D-4552-5004-DA2B-FCF81BCE7D53
1884	914CC552-2D55-603B-D20D-80C3B7809354
1885	CEC07AB1-B773-11ED-8EE5-B0A460E8079B
1886	uk_gas_tank_thin_cylinder_static
1887	F0A80865-9827-76E5-4DF9-08B50B82357E
1888	pf1df763430c1b31db_auto2108
1889	26C25D7B-F402-11ED-8F25-B0A460E8079B
1890	1139BD6B-0690-4DF5-19BD-E1F83BC67FEA
1891	0 54.3342 0
1892	2C87203C-8F00-4998-92BC-5EA22BC58F28
1893	B9CC90B6-5F88-11ED-9262-B0A460E8079B
1894	0 270 0
1895	pf8adca306a73f000e_auto2108
1896	1846940B-7614-11EE-9595-68545AD2D871
1897	6524B6B3-6549-E6E3-372E-48AA0A2CC7BC
1898	1865.5 2160 413.179
1899	-1229.5 -1296 256.672
1900	playerasm_patch_mp_infil_palfa
1901	CEC07B71-B773-11ED-8EE5-B0A460E8079B
1902	pfc88d81cc4f7e1878_auto2108
1903	F85D33D3-29BA-195B-661B-CD184A6F1AC1
1904	B7599D54-B12F-5383-19F4-4C14226D4E61
1905	-507.5 1624 194
1906	D4092846-6C8D-11EE-959F-68545A904D17
1907	77B65DA6-2897-3B30-3B35-6BCA71746DF7
1908	5936207F-BF4B-11ED-8EF3-B0A460E8079B
1909	mp_dd_spawn_defender_start
1910	0 279.993 0
1911	EC475089-7606-11EE-9595-68545AD2D871
1912	4B0047DA-DF7C-8998-1588-04CFA6E77893
1913	66592F17-91F1-C15A-9AB0-96DE7BF7A850
1914	2664 2394 416
1915	2040.5 3524 457
1916	0 141.993 0
1917	0 114.999 0
1918	708B8071-6C8D-11EE-959F-68545A904D17
1919	-1070 -1356 224
1920	AAE5A90D-6055-11ED-8E8E-B0A460E8079B
1921	67470679-7610-11EE-9595-68545AD2D871
1922	58C7B90A-468C-A258-B803-3AE6745763AF
1923	pf9174fd36cc15529d_auto2108
1924	E0432E3E-4160-7F7E-53E1-F7C134C9EE46
1925	A317C692-2CD0-779D-C700-D438FCD44EEE
1926	-506.75 -881.5 264
1927	scriptable_tool_screwdriver_01
1928	6342D7B9-6C7E-11EE-959F-68545A904D17
1929	532F818E-BF4B-11ED-8EF3-B0A460E8079B
1930	fingers_in_start_left_hand
1931	CEC07B86-B773-11ED-8EE5-B0A460E8079B
1932	35F67C03-1E58-8A23-ECEB-C14D33DCBB23
1933	55AF27ED-9FF6-0814-951F-F9F936482637
1934	2396 1184.5 418.27
1935	CB2AC9A7-B699-11ED-8EE4-B0A460E8079B
1936	DC62F10A-E215-C019-B67A-4A58984D4CBF
1937	F7203C9A-6C8B-11EE-959F-68545A904D17
1938	0 359.855 0
1939	-553.5 3494 438.959
1940	mp_control_spawn_defender
1941	-997.5 346 200.834
1942	A58965C0-C2D8-D3F3-C325-5A71CA594039
1943	AE8B1A48-DE5B-7028-A8D0-17AADFA103C3
1944	8F11B392-33C1-DD92-C284-68FD8EE68294
1945	0 72.3344 0
1946	59362100-BF4B-11ED-8EF3-B0A460E8079B
1947	5E71F35B-F401-11ED-8F25-B0A460E8079B
1948	cache_school_locker_b
1949	DAB3E465-B773-11ED-8EE5-B0A460E8079B
1950	CBA6D868-6C8E-11EE-959F-68545A904D17
1951	-1011.07 1851.5 119.368
1952	57676891-6C8D-11EE-959F-68545A904D17
1953	9A528AFE-F107-F802-EFFC-E20056FCA7C6
1954	2AD48B03-0F56-1C0E-5E90-0CFF48B5E5BD
1955	6F4DADC8-068F-D221-6811-43B6D3DA5800
1956	19696ED0-A6E6-11ED-8ED1-B0A460E8079B
1957	59362106-BF4B-11ED-8EF3-B0A460E8079B
1958	pfa20dc49d8d040627_auto2108
1959	9299B249-7607-11EE-9595-68545AD2D871
1960	91F1CEB7-06AE-1903-1D9B-503EB5C7BC49
1961	pf721e2c91d0e588fd_auto2108
1962	pfeafa7b6ee1ae8dcd_auto715
1963	0F466AF9-905B-309E-4088-F6081E2340B5
1964	CEF8C988-760E-11EE-9595-68545AD2D871
1965	0 1.99899 0
1966	2526.3 1536.8 400.389
1967	D409284B-6C8D-11EE-959F-68545A904D17
1968	mp_warrior_spawn_axis_start_ds
1969	0 248.993 0
1970	2592.5 1860 410
1971	7067C32A-F40D-11ED-8F25-B0A460E8079B
1972	3EA67462-E103-3B38-4B6C-55574B980806
1973	CA32EA61-B66D-A2D0-E847-FD41B1C1ACC1
1974	5459905A-9C5B-4076-AE50-04D5BA6A27D8
1975	0 284.991 0
1976	CEC07B08-B773-11ED-8EE5-B0A460E8079B
1977	CEC07B59-B773-11ED-8EE5-B0A460E8079B
1978	pf81d7e690bc58494e_auto2108
1979	pf5b7a8f333fa2f9db_auto2108
1980	EE878187-0528-5DCA-6B01-0ACFCC7E6755
1981	9DEDFC90-E0F5-24BB-C7FD-7885054D4C76
1982	-1134 -1360 208.497
1983	59362058-BF4B-11ED-8EF3-B0A460E8079B
1984	2947B44A-6C7E-11EE-959F-68545A904D17
1985	F3BCB3B0-1163-CD13-DF99-983EF253B3B0
1986	47349A55-BF4B-11ED-8EF3-B0A460E8079B
1987	23194FEA-6C7E-11EE-959F-68545A904D17
1988	pf8cb5b0cb7fe818c9_auto2108
1989	BB43594D-77D4-6C80-9FCE-0D84DDA3FF51
1990	C8C7EB71-B773-11ED-8EE5-B0A460E8079B
1991	91AC3F80-92BD-576B-8394-E373EB0173B3
1992	9BA283A1-3E20-E098-0674-DC2B10FF4043
1993	514.5 3660 416.512
1994	9FEA9456-BC8D-B020-C582-D4EDE383C2AA
1995	135DB8DC-F401-11ED-8F25-B0A460E8079B
1996	-535.5 -880 386
1997	6F42674D-1BA2-E1AB-3486-29BC88053EFC
1998	1328.5 2236 382
1999	7FDEE632-007A-6A95-016E-3C0BCAC1F1DA
2000	CEC07AA2-B773-11ED-8EE5-B0A460E8079B
2001	D0952C4C-FE18-3241-5B4E-8EDF8440D1AF
2002	metal_chain_01_hanging_arc
2003	0 83.9928 0
2004	4D34C622-BF4B-11ED-8EF3-B0A460E8079B
2005	36 -622.5 294.605
2006	0 204.993 0
2007	0 265 0
2008	900 3378 393
2009	532F815B-BF4B-11ED-8EF3-B0A460E8079B
2010	93560A39-2193-5812-0E9F-465D7F89E3D3
2011	F5AC22E7-9377-941C-58BC-B17E2A95279E
2012	63AA2450-5ED0-26AB-619D-A42C0EDE685C
2013	5F2DA987-BF4B-11ED-8EF3-B0A460E8079B
2014	593620F7-BF4B-11ED-8EF3-B0A460E8079B
2015	DAB3E47D-B773-11ED-8EE5-B0A460E8079B
2016	0 345.999 0
2017	-1336.5 -214 194
2018	left_30
2019	left_70
2020	E29466B3-64A8-BCFE-4CC9-8778D9685D7E
2021	88C69BC5-B3C8-F9C4-BA40-EAA5491D9B7D
2022	352086A2-6B3A-11ED-8E9E-B0A460E8079B
2023	-1013.5 2108 92
2024	0 141.001 0
2025	0 226.993 0
2026	0 266.993 0
2027	pf1ab18cad0959a1ab_auto4
2028	0 346 0
2029	pfb10c8a4ab7b6313b_auto2108
2030	397.5 426 265
2031	pf8e5d2601f41b3447_auto2108
2032	2334F68D-A279-C8DE-D079-82C61ECBE410
2033	5F2DA98A-BF4B-11ED-8EF3-B0A460E8079B
2034	125044DB-6C7F-11EE-959F-68545A904D17
2035	pfaf25bee3574a6bae_auto716
2036	49006E39-8062-AED9-F44C-411A7F28D406
2037	-500 -376 259.195
2038	-1008 -1416 237.072
2039	5D701677-2516-4F20-292A-9BF4E9FFF273
2040	0 89.9998 0
2041	F2C50528-1B47-84B2-F676-8A3DA3F1D153
2042	DD6EA21B-6C89-11EE-959F-68545A904D17
2043	auto_mp_jup_quarry_alt_cfx.map
2044	D4BAD363-B773-11ED-8EE5-B0A460E8079B
2045	47349A94-BF4B-11ED-8EF3-B0A460E8079B
2046	09137E3E-4306-D535-69C8-0951A363F5E1
2047	j_wrist_le
2048	708B806C-6C8D-11EE-959F-68545A904D17
2049	1940.5 2648 418
2050	-476.75 3380.5 432
2051	4D34C60A-BF4B-11ED-8EF3-B0A460E8079B
2052	5BD90AE1-6375-107C-5785-1E09ED05C224
2053	0DBA91E0-60C8-07DC-532D-A285A6F662BF
2054	CEC07B1D-B773-11ED-8EE5-B0A460E8079B
2055	0 1.82522 0
2056	334 -980.5 290.552
2057	1328.5 2316 382
2058	mp_dd_spawn_attacker
2059	uk_yellow_component_bin_filled_01
2060	-395.5 -908 254
2061	pffb748868f8cf7e96_auto2108
2062	74E35A9F-0536-F0E1-B338-E08F2BC42165
2063	4430BEC2-9DD2-A760-3AD5-B37893433614
2064	A114C51A-B77E-11ED-8EE5-B0A460E8079B
2065	CEC07B7D-B773-11ED-8EE5-B0A460E8079B
2066	532F81C7-BF4B-11ED-8EF3-B0A460E8079B
2067	-887.5 2152 126
2068	04DBB0AA-6FCE-ACE7-60D2-9D5E84FBFF85
2069	geo_frag_a_005
2070	3B20E0D1-9E8C-5037-802B-09DB80E11AEE
2071	47349A6A-BF4B-11ED-8EF3-B0A460E8079B
2072	A7465DFE-CC19-09ED-8AA4-1A45CB6A93DE
2073	2140.5 404 350
2074	0336DF00-B69F-11ED-8EE4-B0A460E8079B
2075	0 176.992 0
2076	pfd90b56f6d6aeb2ef_auto2108
2077	4D34C670-BF4B-11ED-8EF3-B0A460E8079B
2078	1661.5 2870 431.444
2079	5DB89F97-6C8D-11EE-959F-68545A904D17
2080	metal_chain_01_locked
2081	pf5e52dddfc730e343_auto715
2082	0 199.986 0
2083	5936210C-BF4B-11ED-8EF3-B0A460E8079B
2084	878 -926.5 312.334
2085	D28B4E1B-237A-2586-C50A-C3354768E76F
2086	1329.5 3440 451.5
2087	576768BE-6C8D-11EE-959F-68545A904D17
2088	2390 1194 417.364
2089	mp_cyber_spawn_allies
2090	1522E07D-6B3A-11ED-8E9E-B0A460E8079B
2091	784 -870 279.612
2092	palfa_infil_intro_14
2093	-1079.5 64 207.097
2094	palfa_infil_intro_1
2095	5DB89FA1-6C8D-11EE-959F-68545A904D17
2096	CEC07B8C-B773-11ED-8EE5-B0A460E8079B
2097	-342.076 1844.88 154
2098	1E03E423-C1D7-D02F-FBCD-8C982B6E770F
2099	-567.5 3234 438.959
2100	CEC07AFF-B773-11ED-8EE5-B0A460E8079B
2101	scriptable_cp_disco_pizza_box_open
2102	3A931EE2-44E5-2155-235F-94AB20F875FD
2103	C8AC5D19-E927-20A6-728C-DAFAAAD69562
2104	A5B2701D-D0DF-4BCB-D4D7-5E639644CC0B
2105	-1131.5 2018 94
2106	0 267.052 0
2107	6A57E31F-6C8D-11EE-959F-68545A904D17
2108	8DB90D3A-5A7D-02D5-87FE-21575F85063A
2109	59362112-BF4B-11ED-8EF3-B0A460E8079B
2110	2567BFE6-FBDE-4FE2-F80E-380DC4A993A5
2111	2616 1368 401.488
2112	0 49.9947 0
2113	-1136 -1352 211.017
2114	181B72E0-FEAD-04F8-49FA-14FDF383F8C6
2115	-1161.12 2643.79 457.426
2116	chair_folding_folded
2117	E0EE7733-2010-1DC1-F061-2027B85B5548
2118	0 2.99389 0
2119	pf230ce897c4e87c86_auto2108
2120	FE1F0984-65E2-054F-536D-3146A8052D39
2121	532F81B2-BF4B-11ED-8EF3-B0A460E8079B
2122	992C6473-6C89-11EE-959F-68545A904D17
2123	881A1D94-760D-11EE-9595-68545AD2D871
2124	pf5ffcaf6f7bdb7e4c_auto2108
2125	6427EAA0-A6C8-2407-8E11-2F2603EDCB0C
2126	1A7F8DBE-F402-11ED-8F25-B0A460E8079B
2127	mp_warrior_spawn_team_three_start_ds
2128	mp_tdm_spawn_secondary
2129	pf5893a3bc4403a0f9_auto2108
2130	10A4048F-6C80-11EE-959F-68545A904D17
2131	-888.75 2884.5 465.997
2132	CEC07ACC-B773-11ED-8EE5-B0A460E8079B
2133	72F9B9FD-3BF3-A033-F68E-B89D7884A97B
2134	4.5 3340 430
2135	8DCE9752-B699-11ED-8EE4-B0A460E8079B
2136	2606.3 1408.8 400.389
2137	-1503.5 -616 218
2138	pf24e9b83cbda9f08b_auto716
2139	DB0DE373-18EF-51AA-8530-6C20C1E256B9
2140	328.5 2428 394
2141	0 134.998 0
2142	0 134.996 0
2143	180.5 -980 279.453
2144	DD07BD96-6C8B-11EE-959F-68545A904D17
2145	5F2DA993-BF4B-11ED-8EF3-B0A460E8079B
2146	64295A4E-6C8D-11EE-959F-68545A904D17
2147	2586 1616 410
2148	0CFE60F7-AA04-A896-3545-4C615F6BD412
2149	D73783D5-9903-1850-9BF1-AB76ADE79303
2150	78C2DFE6-B784-11ED-8EE5-B0A460E8079B
2151	4FF9EBC7-D7E1-2196-569E-3861FDB70A3C
2152	AFFDBABE-817A-37F1-BE46-FE97D8A941E7
2153	9DA6C068-B79E-364B-4FCA-B15BA30588CA
2154	AAE5A958-6055-11ED-8E8E-B0A460E8079B
2155	E77624CE-5EC8-B9B5-470F-56FC454EC2D8
2156	576768AF-6C8D-11EE-959F-68545A904D17
2157	0 180.799 0
2158	0 33.9939 0
2159	730 3554 395.666
2160	0 179.997 0
2161	-1006 -1292 212
2162	geo_frag_a_003
2163	5767688C-6C8D-11EE-959F-68545A904D17
2164	mp_dd_spawn_defender_a
2165	7551EFAE-5AD5-FAF0-A6F9-D3A7B553053E
2166	pf5c9de4efe19dd67d_auto715
2167	pff000e19e70a71065_auto2108
2168	4D34C649-BF4B-11ED-8EF3-B0A460E8079B
2169	5F2DA98D-BF4B-11ED-8EF3-B0A460E8079B
2170	scriptable_scriptable_door_metal_panel_01_mp_hero
2171	8D92E2A7-0165-E1CC-9435-53FBD5AFAB42
2172	1741.21 1789.3 405.5
2173	A5C3B924-ED87-9F5D-A0D4-5CCAD065B2CD
2174	ECCDD003-0909-0029-D19C-AF2B1A669365
2175	55226F93-B39F-E882-97F9-EFB3C9726193
2176	0 337.993 0
2177	0 337.999 0
2178	20BD96B7-F402-11ED-8F25-B0A460E8079B
2179	7B6B332E-359E-0B62-BF4B-35CCD657E72B
2180	0 84.3344 0
2181	1046.5 3238 430.809
2182	4E51EED4-CF12-AE67-C63C-5C0E31024C92
2183	67EE978E-C1A7-11ED-8EF4-B0A460E80798
2184	D58A8104-C47C-7283-8E39-74771A206EB9
2185	130A5EB6-ADD7-AD9C-CBFC-E463518021DA
2186	0 267.999 0
2187	palfa_infil_intro_16
2188	6674404B-A6C5-5532-0351-DF2C51373B11
2189	2672.5 2232 410
2190	F1CA2DEE-4797-7337-56CF-EA03FFBEFB06
2191	pfb1f0e0b063de4642_auto716
2192	321843BF-6A59-32CE-BC67-46C3E4F4649C
2193	D4BAD381-B773-11ED-8EE5-B0A460E8079B
2194	-1198 -1418 238.152
2195	F92BDDBF-5CC1-340D-BDE3-885C5A030B49
2196	5DB89F8D-6C8D-11EE-959F-68545A904D17
2197	800 3480 407.286
2198	178D7EC2-CE9C-60C3-1A11-6D24FA69F4D7
2199	CB7EA4E8-7612-11EE-9595-68545AD2D871
2200	0 160.999 0
2201	3C538857-AC62-11ED-8ED8-B0A460E8079B
2202	0 311.999 0
2203	pf1c33bb9928a5ee36_auto2108
2204	67929FA4-4506-BCA6-4DD6-03B60F064F37
2205	2356B9BC-B94F-0F1F-C5E9-929AF3CF05B2
2206	-832 136 195.5
2207	1005.5 164 190.499
2208	pf83438b00cf727965_auto2108
2209	D33CF190-6C8C-11EE-959F-68545A904D17
2210	0 174.998 0
2211	4D34C676-BF4B-11ED-8EF3-B0A460E8079B
2212	35C963A8-9297-62D4-6EBB-27846CF089C4
2213	mp_dd_spawn_attacker_a
2214	532F8155-BF4B-11ED-8EF3-B0A460E8079B
2215	260.727 848.949 150
2216	0 275 0
2217	traverse
2218	nav_door
2219	5F2DA999-BF4B-11ED-8EF3-B0A460E8079B
2220	4541788C-66AB-B8B1-69B7-E785FC0B6965
2221	scriptable_metal_chain_01_draped_dyn
2222	0 2.99398 0
2223	0 272.423 0
2224	-923.5 1724 118
2225	35A6ACC2-602F-680B-2D1D-335F4C2C1029
2226	1A7F8DAF-F402-11ED-8F25-B0A460E8079B
2227	56405E78-4FF7-53DF-98D2-BFD66DB29423
2228	8D923446-44E0-6B96-6F4C-0A7F4FE21AAE
2229	vfx/jup/level/mp_jup_quarry_alt/vfx_quarry_alt_molten_spurt_02
2230	D4BAD2E5-B773-11ED-8EE5-B0A460E8079B
2231	1291.5 2440 392
2232	2040.5 3524 465
2233	532F816D-BF4B-11ED-8EF3-B0A460E8079B
2234	8C8DFDE4-A658-0BE9-C3AA-18352A90EE7F
2235	0 80.3344 0
2236	0 220.693 0
2237	32BF0C68-1203-06ED-153B-671A26ADD8B8
2238	509DAFA8-624D-6333-0625-32A373977156
2239	D4BAD3CF-B773-11ED-8EE5-B0A460E8079B
2240	9A8C2A68-E9A5-4B9F-1973-620C15D6F95C
2241	1900.5 1660 414
2242	B060FBB8-ED1A-B24F-DDBA-C97FC5061AEA
2243	7B1BF1E8-6A4F-F2A7-01FA-5B0AEF93D66C
2244	47349A97-BF4B-11ED-8EF3-B0A460E8079B
2245	630 3204 434.725
2246	708B808F-6C8D-11EE-959F-68545A904D17
2247	pfbcf724991c74f5bd_auto2108
2248	0 92.3344 0
2249	FE719EB5-A4D6-D29F-39B1-B449E5E6A331
2250	0 334.986 0
2251	20BD96A5-F402-11ED-8F25-B0A460E8079B
2252	576C9E45-51E8-2E3A-6A6B-137867F62D5C
2253	-32 3670 440.669
2254	593620C4-BF4B-11ED-8EF3-B0A460E8079B
2255	pf803c9a735b7a46e7_auto716
2256	pfa5a694f6a63ed065_auto2108
2257	DAB3E429-B773-11ED-8EE5-B0A460E8079B
2258	06FBF566-9BED-A13E-A047-4343FD7F0827
2259	532F81D9-BF4B-11ED-8EF3-B0A460E8079B
2260	4CD8E6F9-7460-7BD1-FEC1-6A0B2EE732B7
2261	prefabs/createfx/mp_sealion/misc_models/veh8_ind_lnd_buniform_static_cfx.map
2262	6AA5ADD7-7905-11EE-95A8-68545A904D17
2263	DAB3E42C-B773-11ED-8EE5-B0A460E8079B
2264	0C1ACBD8-251E-447C-B8E2-3FB83C5E5E5A
2265	bash_right_90
2266	508.5 2976 410.024
2267	593620B5-BF4B-11ED-8EF3-B0A460E8079B
2268	D5A1D9BB-5E1E-743F-4D91-F27B4AAD9B4A
2269	pf5d61b9e3e350a128_auto2108
2270	8A46106B-FAEF-273C-6853-21E72C9F11E2
2271	0 321.993 0
2272	532F8161-BF4B-11ED-8EF3-B0A460E8079B
2273	D87E160F-7068-F1FA-A566-C4D4F45ECD47
2274	B3AA0517-1E22-76F3-26B5-87647D9AC6C0
2275	528 -806 255.513
2276	CEC07B7A-B773-11ED-8EE5-B0A460E8079B
2277	AAAC8436-B292-4B06-6DF5-F1FC4EA4310B
2278	17AF881A-760B-11EE-9595-68545AD2D871
2279	7251A1DD-0399-11EE-8F30-B0A460E8079B
2280	1668 2836 419.241
2281	0 269.992 0
2282	pfd907946d38d1fef7_auto716
2283	jup_infil_blima_step
2284	palfa_infil_exit_15
2285	-1136 -1416 224.123
2286	0 337.994 0
2287	E6355F73-BF4B-11ED-8EF3-B0A460E8079B
2288	892 3560 402.637
2289	EB8D2235-0397-11EE-8F30-B0A460E8079B
2290	-54.25 3726 440.75
2291	C291931F-2230-A3D5-1312-4AFB36689414
2292	5936206A-BF4B-11ED-8EF3-B0A460E8079B
2293	scriptable_container_paint_can_01
2294	0 266.272 0
2295	0 77.9936 0
2296	closed_usable
2297	80321594-B258-57DC-3CCD-0BB8663F9A12
2298	DDA445C0-05A5-3941-D5E7-7A123138F25F
2299	D4BAD39C-B773-11ED-8EE5-B0A460E8079B
2300	pf1d2442482f16a063_auto2108
2301	CEC07AF9-B773-11ED-8EE5-B0A460E8079B
2302	030F5447-6211-DFBC-C898-B4D9E2E88E4E
2303	pf1830c21ba134a704_auto716
2304	pfbbe53120dc22c9c6_auto2108
2305	1B21D457-EBBB-59A6-FB9C-BF25B44C6850
2306	532F81FA-BF4B-11ED-8EF3-B0A460E8079B
2307	0 222.137 0
2308	pfdb359257884a249c_auto715
2309	C7ECBC03-7C2F-C0A7-70DB-A9569234CFDA
2310	10548E1B-6015-9026-DF01-CDC0038F0905
2311	pf150fb21838a4ba9e_auto2108
2312	pf3c17a6dbbfbae526_auto2108
2313	DAB3E46E-B773-11ED-8EE5-B0A460E8079B
2314	81.25 -893.5 271.229
2315	5D38B881-476D-6319-757E-283E344C95A1
2316	-1407.5 -1084 230
2317	pf330ce4b8f0a2498d_auto2108
2318	vfx/jup/level/mp_jup_quarry_alt/vfx_quarry_alt_rock_heat_dist_short_01
2319	bathroom_garbage_can_01
2320	-778.75 564.5 336
2321	EF2BAAE4-0DE3-50B5-A773-114F0B25FE87
2322	pf784e669a6d2fc9b_auto2108
2323	33BDD490-9EE6-1076-FA30-41A07E1A9A3D
2324	2526.3 1664.8 400.389
2325	D4BAD315-B773-11ED-8EE5-B0A460E8079B
2326	ik_in_end_right_hand
2327	FB70FC74-D5CB-72B0-60C9-94E6C3668BFE
2328	left_50
2329	left_90
2330	pf8e48d11b5abe8275_auto2108
2331	532F81DC-BF4B-11ED-8EF3-B0A460E8079B
2332	-495.5 -908 254
2333	5B125BB9-39D1-0B8B-6DD6-49DA9B112CF2
2334	488F0AF4-D335-B35C-52DF-4D92EEDA3433
2335	32AE9585-6C8A-11EE-959F-68545A904D17
2336	2041.5 3123 434.25
2337	1A7F8DCA-F402-11ED-8F25-B0A460E8079B
2338	AAE5A499-6055-11ED-8E8E-B0A460E8079B
2339	4D34C6A6-BF4B-11ED-8EF3-B0A460E8079B
2340	B2AF07AA-6B39-11ED-8E9E-B0A460E8079B
2341	20BD968A-F402-11ED-8F25-B0A460E8079B
2342	2E93E1AE-A6E6-11ED-8ED1-B0A460E8079B
2343	46.0308 -592.575 294
2344	94C70056-1CFD-90BE-938D-3E516DD2C304
2345	0 134.994 0
2346	4FF27783-7609-11EE-9595-68545AD2D871
2347	3DA8CDAD-D79E-A4D2-31EF-B61B9925DBFE
2348	pfef53327b5934be1a_auto2108
2349	1940.5 2648 410
2350	5D15A202-352A-B16D-202C-986E9EB3857F
2351	532F81C1-BF4B-11ED-8EF3-B0A460E8079B
2352	2438 670.5 380.958
2353	91513F23-8CC1-09AB-BA16-34E13D47FBB2
2354	D4BAD336-B773-11ED-8EE5-B0A460E8079B
2355	5767689B-6C8D-11EE-959F-68545A904D17
2356	0413E158-F14B-7121-D259-96A16B6B9065
2357	pf94ff46163204e16f_auto2108
2358	5F2DA99C-BF4B-11ED-8EF3-B0A460E8079B
2359	pf41a6052b42cb8dd_1
2360	0 59.9928 0
2361	D4BAD378-B773-11ED-8EE5-B0A460E8079B
2362	mp_control_spawn_attacker_start
2363	C8C7EB4A-B773-11ED-8EE5-B0A460E8079B
2364	-1200 -1288 212.605
2365	81.75 3726 436
2366	1533.5 2170 412.875
2367	3228CEFE-70B6-3D58-CB0D-3ACE0E9CB733
2368	CAB1186F-10B5-5816-2555-1E2A0518A7E9
2369	C735418B-B185-49E5-AE29-60363CF6A2AB
2370	532F8173-BF4B-11ED-8EF3-B0A460E8079B
2371	0 51.9931 0
2372	1122 -844 331.521
2373	C531954A-BB2D-48FA-2ACA-C848589BE742
2374	6D046261-F3A5-F176-3CF9-EAF604F11E28
2375	9B4751F8-0A72-3CE1-089E-CB4EB5A0F8EE
2376	D23FECE7-B699-11ED-8EE4-B0A460E8079B
2377	1724 678.5 252.098
2378	14707FC8-A746-C7A2-7B6B-291FAF7CA1E2
2379	99F147DC-6C8C-11EE-959F-68545A904D17
2380	-387.5 1442 188
2381	E1BED13D-D716-153F-F8C3-6B76030DE193
2382	774.5 3614.75 413.555
2383	28D42501-C35E-1E2A-8267-8A0CD1FA1881
2384	scriptable_electrical_conduit_set_electrical_box_04
2385	1A7F8DD3-F402-11ED-8F25-B0A460E8079B
2386	593620EE-BF4B-11ED-8EF3-B0A460E8079B
2387	DAB3E49E-B773-11ED-8EE5-B0A460E8079B
2388	2D7A1D0E-DEBB-4A8F-A84F-B2A1DF22BE39
2389	532F8146-BF4B-11ED-8EF3-B0A460E8079B
2390	5F2DA92D-BF4B-11ED-8EF3-B0A460E8079B
2391	596D1EC0-4825-D5D7-E6C2-C6A91741314D
2392	pf2279a42c27bcf0a6_auto2108
2393	A114C517-B77E-11ED-8EE5-B0A460E8079B
2394	C67E9352-8156-3C1B-2EE0-242473E94B7B
2395	2013.1 -1635.8 -406
2396	1443.5 2341.5 410.25
2397	B0B0B1A9-B90E-2E12-B7CE-AB8BC90B9277
2398	EA0235CC-AE84-ED29-C393-90823384FC2F
2399	74F2F196-9ED4-DC1E-37D9-BAF70F693427
2400	2672.5 2232 418
2401	palfa_infil_intro_9
2402	palfa_infil_intro_7
2403	pf9165f067155653a2_auto716
2404	04ACF8BC-A075-5C05-3319-EE1657DE8ECE
2405	D4BAD327-B773-11ED-8EE5-B0A460E8079B
2406	CEC07BAD-B773-11ED-8EE5-B0A460E8079B
2407	-1070 -1296 202.532
2408	0 1.99175 0
2409	C9296B06-6D7A-B7D2-EF18-BFF069F7A1BB
2410	scriptable_uk_yellow_component_bin_filled_01
2411	-932 1026 202.411
2412	4407EF8F-6C7E-11EE-959F-68545A904D17
2413	A0EBF6F3-B775-11ED-8EE5-B0A460E8079B
2414	174B716B-0C64-1928-6652-1217776C7EB2
2415	45E138C5-F1FF-B6EA-4EB9-0F13D70D9EC9
2416	92FC2391-1359-1700-0476-5C2AFC98D61F
2417	D4BAD32A-B773-11ED-8EE5-B0A460E8079B
2418	E2AD006F-BC88-E1B8-2265-84C5896C692C
2419	D23FECE1-B699-11ED-8EE4-B0A460E8079B
2420	1505.5 3381 453.5
2421	5F2DA951-BF4B-11ED-8EF3-B0A460E8079B
2422	90 -872 269.549
2423	hide
2424	65B6BA27-54CA-8169-D907-FF24EC469FC4
2425	C88EF2E0-BA9D-BE74-EE84-949288FBB078
2426	B8EB355E-B96C-A012-76B0-BBFF0CB4B201
2427	E6355F85-BF4B-11ED-8EF3-B0A460E8079B
2428	2B32A3BA-6116-86C5-05F8-F929DAF9A424
2429	0 228.992 0
2430	BEB21623-C3A7-CB9C-F952-C229555DA63A
2431	445.25 3502.5 416
2432	25365C0F-2788-267B-3019-DCE04876C658
2433	-1324.2 1013 190.244
2434	0 268.992 0
2435	infil_blima_1
2436	CEC07B0E-B773-11ED-8EE5-B0A460E8079B
2437	DAB3E48F-B773-11ED-8EE5-B0A460E8079B
2438	E875B023-7608-11EE-9595-68545AD2D871
2439	0E08ECA4-BF4C-11ED-8EF3-B0A460E8079B
2440	757B91E7-2759-95B2-FCA7-BA108F2F1CED
2441	6A57E347-6C8D-11EE-959F-68545A904D17
2442	-656.75 2976.5 445.611
2443	9CA8B1F1-7DB8-FC2F-D2E6-2636814B80DB
2444	1096 2448 391.959
2445	74A3EA44-7610-11EE-9595-68545AD2D871
2446	4D34C62E-BF4B-11ED-8EF3-B0A460E8079B
2447	263750D9-E75A-9572-2CE5-224F46088E12
2448	pfbafde31cde122a99_auto716
2449	32EE9A12-5A9A-CF75-D824-0A46287B924A
2450	8E79F1E9-3EAB-3FEC-94AE-183854A4DDF6
2451	-319.5 -908 262
2452	1846 3502 454.164
2453	532F81CD-BF4B-11ED-8EF3-B0A460E8079B
2454	0 89.9995 0
2455	B2AF078E-6B39-11ED-8E9E-B0A460E8079B
2456	0 89.9887 0
2457	9286F714-B12D-6E1F-4071-BC7EE8E4E60C
2458	CEC07AD5-B773-11ED-8EE5-B0A460E8079B
2459	EF173376-7605-11EE-9595-68545AD2D871
2460	196F01C1-7602-11EE-9595-68545AD2D871
2461	off
2462	AEA67CA2-6C89-11EE-959F-68545A904D17
2463	DCE7BC75-FD14-775F-C3E8-1F92AF9C0B45
2464	jup_infil_shared_movement_post
2465	764 3624 401.303
2466	C8C7EB62-B773-11ED-8EE5-B0A460E8079B
2467	764 -204 205.741
2468	4D34C6BB-BF4B-11ED-8EF3-B0A460E8079B
2469	0D17B90E-F401-11ED-8F25-B0A460E8079B
2470	ED2F3DB3-5691-F017-9104-BE331F82B748
2471	-1200.8 -1353.9 225.343
2472	532F817F-BF4B-11ED-8EF3-B0A460E8079B
2473	pff89c8a2c32c8ded1_auto2108
2474	0 88.9927 0
2475	-1151.05 -697.78 192.595
2476	593620EB-BF4B-11ED-8EF3-B0A460E8079B
2477	FDBD08CE-9509-D6DA-3F4F-69469BBF849C
2478	CEC07BA7-B773-11ED-8EE5-B0A460E8079B
2479	4D34C679-BF4B-11ED-8EF3-B0A460E8079B
2480	8DCE9755-B699-11ED-8EE4-B0A460E8079B
2481	368.5 -980 289.589
2482	817.5 1090 112
2483	35BB312F-5D81-5FE3-3276-9F326F38D232
2484	-651.5 3632 441.75
2485	pfa191434b1b550dee_auto2108
2486	F6041345-A6E5-11ED-8ED1-B0A460E8079B
2487	B2AF07A4-6B39-11ED-8E9E-B0A460E8079B
2488	-669.5 2976 446
2489	5B736ACE-9073-849A-FC84-1B6FF440FFE7
2490	5F2DA978-BF4B-11ED-8EF3-B0A460E8079B
2491	135DB8D3-F401-11ED-8F25-B0A460E8079B
2492	scriptable_electrical_conduit_set_electrical_box_05
2493	-1470.95 981 187.305
2494	1522E077-6B3A-11ED-8E9E-B0A460E8079B
2495	CEC07B95-B773-11ED-8EE5-B0A460E8079B
2496	jup_infil_blima_rope_fall_left
2497	-720 128 195.5
2498	-1200.8 -1225.9 208.335
2499	48CD043E-AC23-E2C8-EFEC-227BEBA98268
2500	pf595637f3ef4c4271_auto2108
2501	1884 3220 453.454
2502	368.5 -980 281.589
2503	C97A43B4-6F1B-45DB-DB6C-5A8682812448
2504	-992 1926.5 104.176
2505	4D34C67C-BF4B-11ED-8EF3-B0A460E8079B
2506	E5353EA2-8BF1-6C5A-94BC-E80C3DAE1688
2507	-1368 -812 227.384
2508	CE8216C4-6C89-11EE-959F-68545A904D17
2509	8CB58EB8-7613-11EE-9595-68545AD2D871
2510	6424D034-CB90-1C22-4AA7-00929F83DCA4
2511	7067C330-F40D-11ED-8F25-B0A460E8079B
2512	palfa_infil_intro_8
2513	palfa_infil_intro_6
2514	6A30062A-F40D-11ED-8F25-B0A460E8079B
2515	532F81F1-BF4B-11ED-8EF3-B0A460E8079B
2516	700 3560 395.953
2517	070FD6E3-6B3A-11ED-8E9E-B0A460E8079B
2518	70E6BDCE-73ED-B3CB-5EFB-C1B56B35B953
2519	0 212.4 0
2520	B7CA7A2C-B775-11ED-8EE5-B0A460E8079B
2521	9AD33B9E-1F6F-7DD1-B447-19A356C73249
2522	AD3C1C86-63D3-A05F-F5BA-E615D6ABF2E3
2523	3FC91FED-7613-11EE-9595-68545AD2D871
2524	0 341.993 0
2525	0BE6FA8C-9303-574F-1F33-EED1B56CF8E0
2526	5DB89FAB-6C8D-11EE-959F-68545A904D17
2527	FD7FD5A5-BFDD-AB8B-84F3-66C4FE12834A
2528	D4092855-6C8D-11EE-959F-68545A904D17
2529	6A57E324-6C8D-11EE-959F-68545A904D17
2530	4D34C68B-BF4B-11ED-8EF3-B0A460E8079B
2531	532F81BE-BF4B-11ED-8EF3-B0A460E8079B
2532	46CAB8EC-D419-A0AD-A3AA-C30ADF43BDEB
2533	B6F22ADB-71F5-23B0-2AD2-D1C7C64C7076
2534	scriptable_hardpoint_chevron
2535	2095.4 -1537.7 -406
2536	0 320 0
2537	47349AA9-BF4B-11ED-8EF3-B0A460E8079B
2538	A0EBF6E1-B775-11ED-8EE5-B0A460E8079B
2539	780.5 2584 406
2540	pf9f75e26f62e1cf4a_auto715
2541	-1335.5 -212 186
2542	1520.5 1688 414
2543	0 72.9995 0
2544	A1C25E62-E0FB-E7C3-7811-85D2727B9A05
2545	20BD96B4-F402-11ED-8F25-B0A460E8079B
2546	vfx_quarry_alt_solarflare_01
2547	prefabs/createfx/mp_jup_wb_quarry_cfx.map
2548	0 63.9935 0
2549	34FE4C13-8D91-CB7B-915F-42E00C6F5FB0
2550	DAB3E43B-B773-11ED-8EE5-B0A460E8079B
2551	0 192.36 0
2552	ECE9BEFE-DD27-51C4-7527-D589CF722AC0
2553	78C2DFDD-B784-11ED-8EE5-B0A460E8079B
2554	67EE9788-C1A7-11ED-8EF4-B0A460E80798
2555	1176.5 672 138
2556	D4BAD3B4-B773-11ED-8EE5-B0A460E8079B
2557	0EB02CAE-AC85-11ED-8ED8-B0A460E8079B
2558	-1069.1 -1419.4 235.883
2559	F0C2991D-4C71-3F69-B973-8AD2E3D17DC5
2560	768302C3-7614-11EE-9595-68545AD2D871
2561	F0D988EF-0DFE-1B31-473B-EFF2B07F7D53
2562	217D88FD-4BCD-DD75-B4D8-57F787765F8D
2563	0 35.9936 0
2564	91A116FD-55CB-46A2-9D57-374A28A3FBF6
2565	pf74811edb0f70c457_auto715
2566	-814 230 200
2567	1522E080-6B3A-11ED-8E9E-B0A460E8079B
2568	pf820c38b509ec9508_auto2108
2569	74896B48-5CAD-4F9D-849F-3F5CE1089033
2570	0 60.0009 0
2571	0 55.9932 0
2572	D7831F85-442C-B668-3367-6EBEACAA90F0
2573	A5A55754-D069-6DD6-7524-3B04F8F3BFBE
2574	jup_infil_palfa_player_slide
2575	CEC07ABA-B773-11ED-8EE5-B0A460E8079B
2576	C25B27F7-1C96-0B3B-A37B-04F81C386A4F
2577	7DAFDA9C-DD2E-E40C-DE9C-7F378BE8BF99
2578	jump_up_80
2579	jump_up_40
2580	AAE5A964-6055-11ED-8E8E-B0A460E8079B
2581	2640 1744 416
2582	vfx/jup/level/mp_jup_quarry_alt/vfx_quarry_alt_birds_circling
2583	593620A0-BF4B-11ED-8EF3-B0A460E8079B
2584	-611.5 -896 254
2585	0 310.656 0
2586	B5A2AF80-7606-11EE-9595-68545AD2D871
2587	B376CBE5-9BF9-48AD-36A7-D6A794AB0A6A
2588	9DDF98AD-7905-11EE-95A8-68545A904D17
2589	-213.5 2328 241.339
2590	pf48d6a9ca14b4c471_auto2108
2591	A7F249A5-45A5-79A8-58B6-B54A85A5B101
2592	-582 3262 436.784
2593	0 89.9979 0
2594	pf47d2f71090e3748c_auto2108
2595	-1481.5 2954 474.312
2596	593620D9-BF4B-11ED-8EF3-B0A460E8079B
2597	palfa_infil_exit_11
2598	pf42b2d9afd4a8b258_auto715
2599	336.806 2749.47 411.732
2600	45F6F829-07DB-FCE0-7AA7-4EF3E05E9642
2601	-470 3734 452.5
2602	75216D90-6BE4-6F7A-5E6D-06F5930F61B2
2603	pf6d2b22c35721c682_auto2108
2604	0 284.993 0
2605	prefabs/createfx/mp_jup_quarry_alt_cfx.map
2606	E65070E8-506A-C92A-7A66-196D2C37D9B2
2607	47349A88-BF4B-11ED-8EF3-B0A460E8079B
2608	0D202480-9CFE-9793-53A8-E47D10730CDE
2609	9DA1D10F-E699-266C-25BF-21BB98E4BF10
2610	3164DD50-B95C-182A-572F-C3FE615158D6
2611	1616.5 1132 410
2612	4815567C-CB93-1C4E-D9D1-684C289DB693
2613	7348322E-AC61-11ED-8ED8-B0A460E8079B
2614	E4E50F20-1D3F-11EF-8F94-E0D4E87834AC
2615	67EE9791-C1A7-11ED-8EF4-B0A460E80798
2616	-1116 24 200.834
2617	-1134 -1420 235.029
2618	C81D597C-68EE-63BD-7A16-E706D6F6DFD7
2619	6A57E342-6C8D-11EE-959F-68545A904D17
2620	69E5E52D-7A47-D257-6D37-9F887FEF2804
2621	8BDB1AF1-9A49-7A3E-F91C-DAD1F5F3F437
2622	tool_screwdriver_01
2623	5F2DA99F-BF4B-11ED-8EF3-B0A460E8079B
2624	1830.5 3604 466.542
2625	418F51B4-5D2A-3F29-154B-ACCAF7C2B767
2626	-87.5 -384 246
2627	1522E046-6B3A-11ED-8E9E-B0A460E8079B
2628	1869.5 3580 462
2629	mp_koth_spawn_secondary
2630	4D34C64F-BF4B-11ED-8EF3-B0A460E8079B
2631	C9AB981A-DD62-1207-D4AC-C74C619D29DC
2632	642 3620 417.569
2633	824.7 3493.2 392.825
2634	2276.5 492 350
2635	pf68e02054907a1110_auto2108
2636	A114C514-B77E-11ED-8EE5-B0A460E8079B
2637	EB6EA8BD-5425-1DCF-0EC6-C8C552902397
2638	E6355F8B-BF4B-11ED-8EF3-B0A460E8079B
2639	1536 2326 408.159
2640	pff745bfdb4f732586_auto716
2641	0 138.999 0
2642	219719C6-7F73-8D45-9606-16A29C23707C
2643	D5091382-6C89-11EE-959F-68545A904D17
2644	967209C5-5DB2-9901-9FB1-0E5D1709DEFB
2645	-482 2211.75 170
2646	F5DC1594-FCC9-CE4B-C9D1-06354E0FF71C
2647	pf98cc12fa990a067e_auto2108
2648	4C53BE83-7606-11EE-9595-68545AD2D871
2649	9DDF9894-7905-11EE-95A8-68545A904D17
2650	0 160.138 0
2651	E0A6010F-50E4-3087-DD74-28E639818157
2652	D4BAD3C3-B773-11ED-8EE5-B0A460E8079B
2653	-1198 -1290 216.485
2654	-832 2089.5 122
2655	DBCFF171-5977-3BE2-657F-A52F96984BDC
2656	593620DF-BF4B-11ED-8EF3-B0A460E8079B
2657	pfa24ccd8375e98d38_auto2108
2658	vfx_quarry_alt_rock_heat_dist_short_01
2659	C8C7EB3B-B773-11ED-8EE5-B0A460E8079B
2660	A0971EED-855F-BE2F-3CAD-1EA7DBA35D16
2661	2D2AD80F-9AC7-AC19-F0A3-8B3E96DE5983
2662	0 89.9994 0
2663	4FB97F78-D2F1-A8B8-9BAA-4CCEE0989C6C
2664	1E9C7153-36B5-CA9E-5165-47ED3F98CD9A
2665	4D34C685-BF4B-11ED-8EF3-B0A460E8079B
2666	48B9AD3B-01AC-32B1-F938-2400881A6D91
2667	F66EECC1-A496-B511-5CE1-F4E49487C3CF
2668	D4494A06-7611-11EE-9595-68545AD2D871
2669	F5F4150F-760E-11EE-9595-68545AD2D871
2670	scriptable_kitchen_metal_cup_stack_01
2671	pf73458924eb673bc3_auto715
2672	F40D0AB5-C916-424B-A59B-471BF4CFDE9C
2673	DAB3E480-B773-11ED-8EE5-B0A460E8079B
2674	312.5 2520 406
2675	0 335.999 0
2676	pfd42cfe60f3fe2f86_auto4
2677	0 258.335 0
2678	pf41a6052b42cb8dd_5
2679	4AECA9CD-7613-11EE-9595-68545AD2D871
2680	FF94D25F-7613-11EE-9595-68545AD2D871
2681	FD43DC64-7608-11EE-9595-68545AD2D871
2682	463.25 2970.5 411.771
2683	B2AF07A7-6B39-11ED-8E9E-B0A460E8079B
2684	789D3AED-BC51-D897-F192-F872D62BE7E8
2685	A4C05360-C91D-3F4B-0C1B-ED6C304D6CC1
2686	0 179.991 0
2687	612.5 3072 422
2688	uk_car_body_paint_filler_01
2689	D2E48838-A65B-04F8-8297-FC487A810420
2690	5DB89F79-6C8D-11EE-959F-68545A904D17
2691	503.5 2154 394.896
2692	geo_frag_a_001
2693	DAB3E468-B773-11ED-8EE5-B0A460E8079B
2694	pfcdb9a0913dcce655_auto715
2695	DAB3E44D-B773-11ED-8EE5-B0A460E8079B
2696	2456.5 2452 418
2697	1A7F8DDC-F402-11ED-8F25-B0A460E8079B
2698	E568101F-ECCE-BE11-9068-6B4DF5EFE3AA
2699	CEC07B05-B773-11ED-8EE5-B0A460E8079B
2700	4CF82667-1ABD-6D1D-836F-96A259AD22C4
2701	0 64.7957 0
2702	41BCD03E-9112-684F-EB9D-0B9ED3E9AFB3
2703	military_ascendertop_heavy
2704	9A3BA1DD-52B7-8310-A2AC-9C391A48A7CE
2705	31EAE1FC-63F3-C23D-1E0C-4B6EE654FD94
2706	0 195.188 0
2707	mp_ctf_spawn_axis_start
2708	pf41a6052b42cb8dd_auto12029751631181262858
2709	jup_infil_blima_rope_kick_left
2710	-955.5 432 202
2711	726 3444 393.021
2712	5F2DA93C-BF4B-11ED-8EF3-B0A460E8079B
2713	-1147 1692.75 128.25
2714	1967.26 27.758 358
2715	9DDF98B2-7905-11EE-95A8-68545A904D17
2716	mp_xfire_spawn_team_three_start
2717	59362088-BF4B-11ED-8EF3-B0A460E8079B
2718	AAC976A3-74BB-8D82-B8A7-5CEBF4958418
2719	pf40c8d6c22effc23f_auto2108
2720	palfa_infil_intro_10
2721	532F818B-BF4B-11ED-8EF3-B0A460E8079B
2722	pf82094b8b7beed753_auto2108
2723	28859101-AD0C-0F4B-D4BA-E460C250BC23
2724	57676878-6C8D-11EE-959F-68545A904D17
2725	EFB7719E-5EF8-67F0-636F-A23B109C78C7
2726	9881AA37-89AB-3DB1-B6A3-8E7271AC562E
2727	5DB89F88-6C8D-11EE-959F-68545A904D17
2728	-523.5 628 190
2729	F231A067-9E35-806B-DB28-362B9F694256
2730	pff1daf43678212d73_auto2108
2731	A0EBF6DE-B775-11ED-8EE5-B0A460E8079B
2732	D3B3688A-A25E-E229-09B7-8E5A5A83EB8C
2733	D4BAD3D5-B773-11ED-8EE5-B0A460E8079B
2734	231DC1E6-15C5-9BBD-AE52-0A6F28F0E049
2735	-1492 2672 465.777
2736	9B7325EA-F272-39BA-CE5A-0C95B07BB00B
2737	40ECF709-2CF7-83DE-FDFE-A2FCCC44A0CA
2738	D4BAD372-B773-11ED-8EE5-B0A460E8079B
2739	6A57E35B-6C8D-11EE-959F-68545A904D17
2740	45C5E081-D630-9245-CEB1-9464C86E3056
2741	DAB3E453-B773-11ED-8EE5-B0A460E8079B
2742	pf37b2081cf102ac32_auto716
2743	96287E66-F807-D289-44D9-B180B2755D51
2744	0 142.999 0
2745	0 54.3345 0
2746	6A57E34C-6C8D-11EE-959F-68545A904D17
2747	85CF8520-D0C2-F2EC-389E-E97B43650B11
2748	750F4F0D-F024-7EAB-DD4B-DBFC4E78C502
2749	0 179.887 0
2750	DAB3E45C-B773-11ED-8EE5-B0A460E8079B
2751	-512 -388.5 260.268
2752	23781216-6C80-11EE-959F-68545A904D17
2753	6A300633-F40D-11ED-8F25-B0A460E8079B
2754	cp_disco_pizza_box_open
2755	fingers_out_end_right_hand
2756	infil_blima_5
2757	1908 2634 416
2758	-1197.1 -1355.4 221.042
2759	0DB6B4FB-DFE7-809B-ADB3-5E8CA1597E71
2760	scriptable_metal_chain_01_hanging
2761	2F323B19-465A-A196-8F94-F9A9976C1B30
2762	pfa4f645c90d84fee5_auto715
2763	59362064-BF4B-11ED-8EF3-B0A460E8079B
2764	A0EBF6D8-B775-11ED-8EE5-B0A460E8079B
2765	768259C5-760D-11EE-9595-68545AD2D871
2766	mp_sd_spawn_attacker
2767	F0EBA8F2-6C7F-11EE-959F-68545A904D17
2768	9760E9F4-E2FA-B246-49C4-FF205AF805E9
2769	5F2DA963-BF4B-11ED-8EF3-B0A460E8079B
2770	2391.91 992.42 388.087
2771	5DB89F6A-6C8D-11EE-959F-68545A904D17
2772	pf3889a77cedbc6fca_auto715
2773	2936.7 -2327.2 -406
2774	DA42DAB7-80C1-00EE-7750-B22014FB89BA
2775	28A55A7B-868F-F902-8809-5D39C50EB27C
2776	D4BAD348-B773-11ED-8EE5-B0A460E8079B
2777	B9CC42B4-5F88-11ED-9324-B0A460E8079B
2778	A0EBF6DB-B775-11ED-8EE5-B0A460E8079B
2779	3DB952C7-10BC-FFE3-1468-7C75362285D3
2780	-876.5 -274 226
2781	2BE4DFE7-4D3B-A9A0-46C6-8A636A3DB223
2782	2276.5 3154 486.998
2783	0 84.986 0
2784	AAE5A49F-6055-11ED-8E8E-B0A460E8079B
2785	BD0C2C05-3AA5-2732-F483-B135A15E8C5B
2786	0 93.9936 0
2787	A12A978A-002B-71F2-7D67-42D1BF63B82A
2788	888688CD-83E4-5DD8-ECFF-7D747F7E5D0C
2789	2572.5 2672 542
2790	DAB3E432-B773-11ED-8EE5-B0A460E8079B
2791	196 -474.5 303.275
2792	0 89.9977 0
2793	mp_xfire_spawn_axis_start
2794	4C6B7007-8EEF-1BE6-3BBF-8795EDF3F3A4
2795	7EA9FEFA-7607-11EE-9595-68545AD2D871
2796	1834402D-FFDF-FF60-30AC-002E5752A650
2797	1329.5 3440 443.5
2798	3A700FF9-2D8E-1112-BA7B-31CD88CE55CC
2799	3763590D-428E-404B-9ED3-CB7155645DBF
2800	40E469FD-C81F-162E-65DE-EA8E5A2AC778
2801	32.5 652 330
2802	F20EDD02-43B3-2DFF-85D7-682D0D4886D8
2803	-1069.1 -1291.4 209.042
2804	5F2DA945-BF4B-11ED-8EF3-B0A460E8079B
2805	electrical_conduit_set_electrical_box_01
2806	0 93.2955 0
2807	B7CA7A29-B775-11ED-8EE5-B0A460E8079B
2808	pffe5cd63384e9aebc_auto2108
2809	121F8756-9CA9-717E-4616-645C2D84D90C
2810	EBD3B0DA-2A2A-DF0A-7005-D11EF9203154
2811	EB8D2226-0397-11EE-8F30-B0A460E8079B
2812	palfa_infil_exit_0
2813	532F81F7-BF4B-11ED-8EF3-B0A460E8079B
2814	1784.5 1280 414
2815	-651.5 108 466
2816	-1136.25 1475.75 162
2817	31 -137.5 224
2818	pf4cd3762e9a2768cd_auto2108
2819	0 89.994 0
2820	B9F3E659-3E20-D228-ADA3-5A8134CEA1D3
2821	pfb946798077ff35c8_auto2108
2822	D4BAD33C-B773-11ED-8EE5-B0A460E8079B
2823	pf518cd14be19f6010_auto2108
2824	6AEDBE79-6C7C-11EE-959F-68545A904D17
2825	2168 2896 437.128
2826	4D34C604-BF4B-11ED-8EF3-B0A460E8079B
2827	860 3496 386
2828	-1404.2 885 190.244
2829	base
2830	inoperable
2831	D4BAD3AE-B773-11ED-8EE5-B0A460E8079B
2832	jump_down_160
2833	608.5 2076 382
2834	scriptable_hardware_plywood_bare_01_24
2835	vfx/jup/level/mp_jup_quarry_alt/vfx_quarry_alt_lensflare_white_03
2836	2040.5 3524 463.25
2837	0 272.992 0
2838	ik_in_start_left_hand
2839	DD6EA20D-6C89-11EE-959F-68545A904D17
2840	pf8930364ab9615ab7_auto716
2841	135DB8E2-F401-11ED-8F25-B0A460E8079B
2842	1973.1 217.022 350
2843	5FF02488-570D-6F4A-5AA8-B568B500C6EB
2844	0 270.365 0
2845	7E266504-5D91-DA4D-BE44-06FEE119DE47
2846	0 215.999 0
2847	2AE10601-7605-11EE-9595-68545AD2D871
2848	5BF822F2-C1A7-11ED-8EF4-B0A460E80798
2849	pf1897d853a609c634_auto4
2850	9CA58152-6157-8AB7-D2BD-3733A3F9FD3F
2851	184.5 2192 386
2852	724.5 2084 382
2853	CEC07AC6-B773-11ED-8EE5-B0A460E8079B
2854	jup_infil_shared_movement_run_post
2855	1991D667-374D-AF2A-B8A6-A5BC24561F37
2856	532F8149-BF4B-11ED-8EF3-B0A460E8079B
2857	E8059158-85C0-441D-DE09-E1C2EB474A0A
2858	pf6b50efc8001d23b6_auto716
2859	prefabs/createfx/crane01_art_cfx.map
2860	2678 1438.5 416
2861	6DDD6A8D-E840-18DD-ED73-30BF57C2F429
2862	0 55.9963 0
2863	1539 3563.5 461.165
2864	593620D3-BF4B-11ED-8EF3-B0A460E8079B
2865	pfde8c188f06d0f5e3_auto2108
2866	67EE978B-C1A7-11ED-8EF4-B0A460E80798
2867	5976947E-1FBE-E63A-8FF0-0A7760548C87
2868	720 -806 272.002
2869	pfaf25bee3574a6bae_auto715
2870	4D34C65E-BF4B-11ED-8EF3-B0A460E8079B
2871	1786 173.5 348.015
2872	2D6BD563-A75E-D725-66E0-049AAB499DFE
2873	scriptable_decor_trash_can_plastic_office_01
2874	CEC07B53-B773-11ED-8EE5-B0A460E8079B
2875	B7CA7A32-B775-11ED-8EE5-B0A460E8079B
2876	4D34C6B2-BF4B-11ED-8EF3-B0A460E8079B
2877	2619AD32-2DA8-8189-660B-A0AFE15EDECF
2878	-1197.1 -1419.4 244.364
2879	D96E1119-8326-84C2-B185-995F6A157E0A
2880	5D982E81-9802-DDC4-3A03-C5037832EF7C
2881	47349A91-BF4B-11ED-8EF3-B0A460E8079B
2882	C8C7EB59-B773-11ED-8EE5-B0A460E8079B
2883	431.5 271 262
2884	18D9A028-0557-51A0-FF5E-16D66DAEE90E
2885	CFCF52EA-760D-11EE-9595-68545AD2D871
2886	211F42C1-A86F-6EB5-9282-67E6AA72BF48
2887	CEC07AAB-B773-11ED-8EE5-B0A460E8079B
2888	-1012 1494.75 158
2889	2987F038-AC62-11ED-8ED8-B0A460E8079B
2890	0 241.992 0
2891	CEC07B8F-B773-11ED-8EE5-B0A460E8079B
2892	81.75 3726 446
2893	8B3F5C7C-5C6D-CEE1-5FAA-7E2089A25A67
2894	07D124A8-471E-EB38-116A-8ED7EF9DED38
2895	0 51.9938 0
2896	BBDC643A-9510-0D58-AB54-576D9C2F9320
2897	pf205444e67e441e1c_auto2108
2898	BD3818E2-F002-DF26-CE32-6BF69F251CC0
2899	geo_frag_a_002
2900	216E0005-BA2E-1BF4-0AB3-E2578E3FDE1D
2901	-1006 -1420 249.374
2902	pfcdb9a0913dcce655_auto716
2903	1894DB00-244D-AC1C-954B-C19A85609AA9
2904	A0EBF6EA-B775-11ED-8EE5-B0A460E8079B
2905	B47681BA-6266-1C51-163B-40797F4128A1
2906	1481.5 2434 417.632
2907	2336.5 2120 542
2908	j_rope_1
2909	59362076-BF4B-11ED-8EF3-B0A460E8079B
2910	-1006 -1296 210.719
2911	pf5e52dddfc730e343_auto716
2912	DAB3E489-B773-11ED-8EE5-B0A460E8079B
2913	C036A5B9-760D-11EE-9595-68545AD2D871
2914	3C653153-AD26-6D14-F6C4-1BCEB0994F3E
2915	unlocked
2916	pfcde49eeb28f8fae1_auto2108
2917	CED339B6-358D-4B06-33A0-935AD843AAFB
2918	CC11249E-FFCA-F91B-3D98-885A294E74A1
2919	14743262-F402-11ED-8F25-B0A460E8079B
2920	34013533-82D3-4DFB-39C9-7F064521B9C5
2921	712 3238 417.375
2922	0 280.335 0
2923	08BDD4FB-5E1E-65D2-7D93-A64C3799168F
2924	693.25 -897.5 285.58
2925	6A57E360-6C8D-11EE-959F-68545A904D17
2926	-938 866 200.013
2927	D4BAD3E7-B773-11ED-8EE5-B0A460E8079B
2928	928 3480 409.453
2929	palfa_infil_intro_17
2930	44D7D041-04E6-797C-404B-BB5E3F834EFA
2931	34CDDBAA-FB72-39E3-EA56-3A458D75FD99
2932	6A57E31A-6C8D-11EE-959F-68545A904D17
2933	135DB8F1-F401-11ED-8F25-B0A460E8079B
2934	5DB89FB5-6C8D-11EE-959F-68545A904D17
2935	0A9418B9-6913-FD80-01FE-5F3F54CEFB4A
2936	3619CAF5-9373-05C5-E9CB-5B191232D9BC
2937	E6355F7C-BF4B-11ED-8EF3-B0A460E8079B
2938	6AA5ADCD-7905-11EE-95A8-68545A904D17
2939	vfx/jup/level/mp_jup_quarry_alt/vfx_quarry_alt_falling_ash
2940	7C7542CF-6C8B-11EE-959F-68545A904D17
2941	760.7 3429.2 400.555
2942	CEC07BB6-B773-11ED-8EE5-B0A460E8079B
2943	5F2DA954-BF4B-11ED-8EF3-B0A460E8079B
2944	pf37b2081cf102ac32_auto715
2945	pf19edad048246010a_auto2108
2946	2676.5 2664 542
2947	2596 1688.5 416
2948	0 278 0
2949	2096.5 2172 410
2950	pf3c0e498d1d16fdd6_auto2108
2951	944 2448 391.959
2952	3F333638-1547-BA59-F5ED-6D42010CAB78
2953	758F69A3-CCEE-21D6-B41C-184F97D35DB4
2954	D43F3493-CCC5-B966-9EF8-E3BA84F72954
2955	pf3b03bdcc443873c0_auto2108
2956	593620BE-BF4B-11ED-8EF3-B0A460E8079B
2957	vfx/jup/level/mp_jup_quarry_alt/vfx_quarry_alt_molten_spurt_03
2958	pfcdf74f6a8352513b_auto2108
2959	CEC07B68-B773-11ED-8EE5-B0A460E8079B
2960	EBEC764B-95C6-2BAF-B438-FEE17B3BF83D
2961	EFBF17AF-619D-8446-0353-45AEF8FF64F5
2962	6B7213C4-C34B-966A-7255-135B0EBF2D82
2963	532F8152-BF4B-11ED-8EF3-B0A460E8079B
2964	14743268-F402-11ED-8F25-B0A460E8079B
2965	pfa4f645c90d84fee5_auto716
2966	3EEC32CD-EFDA-9ECB-0D18-76410667AC33
2967	-1037.27 2504.21 459.111
2968	CEC07B23-B773-11ED-8EE5-B0A460E8079B
2969	47349A85-BF4B-11ED-8EF3-B0A460E8079B
2970	1022.5 3162 430.809
2971	368.5 -980 279.589
2972	pf67faaa86d082afc9_auto715
2973	BF427B46-7612-11EE-9595-68545AD2D871
2974	8DCE975B-B699-11ED-8EE4-B0A460E8079B
2975	0 217.293 0
2976	2663 1476.25 408
2977	pf41a6052b42cb8dd_auto10120449759772266280
2978	708B808A-6C8D-11EE-959F-68545A904D17
2979	49A8B0CF-6C7F-11EE-959F-68545A904D17
2980	-1470.95 853 187.481
2981	2344.5 2612 542
2982	17A48043-5EB8-9ECC-7E17-64B49FDE8FEC
2983	pfc651cfc7d7122d61_auto2108
2984	0 45.9936 0
2985	bash_left_90
2986	C8C7EB6E-B773-11ED-8EE5-B0A460E8079B
2987	pff1dea6a8fd9aad9b_auto716
2988	759B6985-A6E6-11ED-8ED1-B0A460E8079B
2989	-556 -866 264
2990	-945.5 2974 463.872
2991	A0E435AE-F264-186A-9DB0-1CD6026F9A27
2992	ik_in_start_right_hand
2993	4D34C625-BF4B-11ED-8EF3-B0A460E8079B
2994	-1324.2 885 190.244
2995	135DB8DF-F401-11ED-8F25-B0A460E8079B
2996	-746 1616 200
2997	520 -896 275.913
2998	14743250-F402-11ED-8F25-B0A460E8079B
2999	24.5 -936 266
3000	fingers_in_end_left_hand
3001	E036588F-508C-56C5-3CA4-902B81AE9A27
3002	-259.5 -904 262
3003	1559.5 1762 412
3004	ws_safe_offscreen
3005	47349A4C-BF4B-11ED-8EF3-B0A460E8079B
3006	2680A79F-972A-7E90-C913-91BB735DD10E
3007	1824 3576 464.222
3008	AAE5A961-6055-11ED-8E8E-B0A460E8079B
3009	AAE5A460-6055-11ED-8E8E-B0A460E8079B
3010	-649.25 583.25 330
3011	tag_geo_frag_a_004
3012	B9CC42A2-5F88-11ED-92DE-B0A460E8079B
3013	-282 3096 432
3014	C8C7EB41-B773-11ED-8EE5-B0A460E8079B
3015	532F81CA-BF4B-11ED-8EF3-B0A460E8079B
3016	-609 -282 244.5
3017	C31A7141-D2C5-0249-AB8C-9C4E92358660
3018	0 135.001 0
3019	2260.5 2484 410
3020	4CC4C894-C09B-E655-09D7-DCC21560176A
3021	0 352.712 0
3022	-248 120 195.5
3023	F6BF2B17-F36E-F47E-3D5A-8F6991318422
3024	A5DB0943-6C8B-11EE-959F-68545A904D17
3025	37561604-7611-11EE-9595-68545AD2D871
3026	fov_63_2
3027	193953C5-9AB2-D109-CDFB-7F5ED3FC8C5F
3028	2606.3 1536.8 400.389
3029	pfe36b40f1d29a4888_auto2108
3030	D4A4ACDA-6C7E-11EE-959F-68545A904D17
3031	0 89.993 0
3032	71D3212E-B784-11ED-8EE5-B0A460E8079B
3033	-842 149.5 200
3034	FD3353ED-67DB-7FBE-1510-633B5124B715
3035	5F2DA939-BF4B-11ED-8EF3-B0A460E8079B
3036	204609ED-7602-11EE-9595-68545AD2D871
3037	A0EBF6ED-B775-11ED-8EE5-B0A460E8079B
3038	body
3039	266.273 855.051 150
3040	pfb587871ced7f7b61_auto715
3041	2E93E1A3-A6E6-11ED-8ED1-B0A460E8079B
3042	5F2DA966-BF4B-11ED-8EF3-B0A460E8079B
3043	1104B97F-B77F-11ED-8EE5-B0A460E8079B
3044	0C328061-B83D-B4EC-025F-3995FA77F7EB
3045	A7929EE6-8E78-A0F5-60D5-FB73CAE229A4
3046	0 272.993 0
3047	593620B2-BF4B-11ED-8EF3-B0A460E8079B
3048	pf90a2f96cbc495835_auto2108
3049	D61D34AE-C1A7-11ED-8EF4-B0A460E80798
3050	1539.5 1276 412
3051	hardpoint_vis_03
3052	5AF63523-E916-9E57-B119-B217BCEAEAE7
3053	AFEBABA5-E29F-DFEF-0B77-C042B1028039
3054	4D34C6A0-BF4B-11ED-8EF3-B0A460E8079B
3055	-204.75 3706.5 464.413
3056	-1198 -1360 217.836
3057	pfcbf10f545dae6753_auto2108
3058	-1374 -762 228.073
3059	C7952AA2-7608-11EE-9595-68545AD2D871
3060	0 85.9925 0
3061	760.7 3493.2 388.55
3062	-308.75 2530.5 309.919
3063	E8752A06-BCBB-6E24-E19F-A9B5E1F491DD
3064	65CA9B08-6249-2FD3-FB26-AA3492ECC7EC
3065	A148884A-E095-2EE0-B8A7-55BE528DB54E
3066	1A7F8DB5-F402-11ED-8F25-B0A460E8079B
3067	hidden
3068	CEC07B47-B773-11ED-8EE5-B0A460E8079B
3069	-286 2338 231.818
3070	pf61e8387270a00a0f_auto715
3071	mp_warrior_spawn_team_three_start
3072	1628.42 -519.391 338
3073	EF5FC99F-6C89-11EE-959F-68545A904D17
3074	E3988EEC-9347-6A57-EEA8-013390C2C131
3075	53122427-E6BC-F8A9-0230-7EB97B54BBCE
3076	pfa1d64af1a4af9a27_auto2108
3077	C8C7EB56-B773-11ED-8EE5-B0A460E8079B
3078	6549A734-6D11-D5FA-2C86-E610A89B548E
3079	0 28.7117 0
3080	371FE32B-FC38-A4AE-8675-849A76EF75DD
3081	892 3472 391.837
3082	30D86231-F42D-E5EA-5339-282B25611BE1
3083	EBF8F049-8EDC-234D-DCDD-733477953CE5
3084	0 294.712 0
3085	2252.5 2880 434
3086	pf5c7fe4d059f358d0_auto2108
3087	4D34C691-BF4B-11ED-8EF3-B0A460E8079B
3088	B8B0DB28-DBC1-F683-D672-BBF0BD22E594
3089	0 196.139 0
3090	0 327.993 0
3091	pf590a0f620422b48a_auto2108
3092	D4BAD360-B773-11ED-8EE5-B0A460E8079B
3093	9FC59E6C-6C89-11EE-959F-68545A904D17
3094	8C19B923-1FC5-BC78-6A43-63AC73A5B228
3095	23E38A1D-7615-11EE-9595-68545AD2D871
3096	23ACDD1D-7839-43AC-4AFC-82CD659DFC52
3097	1556 -510.5 325.226
3098	0 334.988 0
3099	698272C6-0DC4-E80E-5D11-E26F46602DCF
3100	4D34C61C-BF4B-11ED-8EF3-B0A460E8079B
3101	843.25 -671.5 287.051
3102	pf8e4d513bcaa6678e_auto716
3103	0 164.992 0
3104	BA900FA2-6C7E-11EE-959F-68545A904D17
3105	pf9745f5f5a46947ee_auto2108
3106	D4092819-6C8D-11EE-959F-68545A904D17
3107	57986C27-6CBA-7587-9C97-40709BDC7DF7
3108	1918 2620 416.665
3109	747EF366-6C8A-11EE-959F-68545A904D17
3110	0 89.9937 0
3111	D55F7478-89F0-7B2D-42AE-BDB6A92209D6
3112	0 57.9934 0
3113	532F8158-BF4B-11ED-8EF3-B0A460E8079B
3114	4D34C66D-BF4B-11ED-8EF3-B0A460E8079B
3115	2444.5 648 378
3116	1CCFBD0F-AD6B-AD52-76BD-720E2EC7D948
3117	-434.75 3592.5 437.069
3118	pf2c2f6c3aafbb0cff_auto2108
3119	532F81E2-BF4B-11ED-8EF3-B0A460E8079B
3120	A0D20850-6C8A-11EE-959F-68545A904D17
3121	2678 2440.5 416
3122	12EA231A-40E0-5FA8-B713-76E62A689544
3123	4D34C63A-BF4B-11ED-8EF3-B0A460E8079B
3124	palfa_infil_exit_17
3125	palfa_infil_exit_19
3126	532F8194-BF4B-11ED-8EF3-B0A460E8079B
3127	0 347.041 0
3128	C70B7477-F92A-FB09-E314-B3CBCC5B3D55
3129	pfd5af82b795d4dc86_auto2108
3130	-631.5 1916 194
3131	jup_infil_blima_player_grab
3132	73007713-CCE4-CF92-7ABF-74209C880504
3133	0 97.9938 0
3134	CEC07B62-B773-11ED-8EE5-B0A460E8079B
3135	4C2CE122-FF3F-A090-4BDB-537F61EF3F02
3136	1D36BDFD-7609-11EE-9595-68545AD2D871
3137	36E53435-ED85-6FA5-BB7E-C613400A6F14
3138	D4BAD3CC-B773-11ED-8EE5-B0A460E8079B
3139	F11F813F-F464-F463-C118-0AE31EDC4AD2
3140	1A7F8DC1-F402-11ED-8F25-B0A460E8079B
3141	47349A7C-BF4B-11ED-8EF3-B0A460E8079B
3142	partially_open_in_use_unusable
3143	pf24a7e4b954520efc_auto2108
3144	jup_infil_blima_rope_crank_left
3145	4D34C60D-BF4B-11ED-8EF3-B0A460E8079B
3146	444D937B-3835-2D48-141F-B65A385B1651
3147	5936210F-BF4B-11ED-8EF3-B0A460E8079B
3148	3C50CD71-F2AE-3DCE-9BB7-AF5676BC77CC
3149	4D34C69A-BF4B-11ED-8EF3-B0A460E8079B
3150	D4BAD36F-B773-11ED-8EE5-B0A460E8079B
3151	0 180 0
3152	D4BAD2EB-B773-11ED-8EE5-B0A460E8079B
3153	44C4E6EF-7611-11EE-9595-68545AD2D871
3154	DAB3E492-B773-11ED-8EE5-B0A460E8079B
3155	C8C7EB5C-B773-11ED-8EE5-B0A460E8079B
3156	pffd2c59751a51d1fd_auto2108
3157	-1008.8 -1225.9 216.644
3158	6A30063F-F40D-11ED-8F25-B0A460E8079B
3159	mp_koth_spawn_axis_start
3160	DAE42C7E-FB18-5C2F-3B91-AF095D48F8C2
3161	6AA5ADFA-7905-11EE-95A8-68545A904D17
3162	2095.5 2146 412.495
3163	0 274.992 0
3164	2388 662 373.764
3165	940562E5-D108-2650-D8D1-2B94B279AD53
3166	F0436E76-AC92-D41F-31CC-F27D16FF7FE2
3167	82000C9E-E504-1FCF-9342-CF210C8A2017
3168	1571.5 1913.5 414
3169	651CD10E-F7D9-1389-9A1C-916854A7B527
3170	65C5ADAC-F25A-AB8B-ABFF-1646C0BEA1D2
3171	AAE5A508-6055-11ED-8E8E-B0A460E8079B
3172	5E9D3C5F-B023-C0E1-70F6-DF5F3435A676
3173	-397.5 2348 214
3174	pf7e9de6bed643953a_auto2108
3175	DE0050F2-424A-23CA-FA52-55221003D087
3176	BB956082-07C1-5BDB-E89E-1CBF15671637
3177	2676.5 2468 410
3178	vfx_quarry_alt_bubbles_surface
3179	AAE5A511-6055-11ED-8E8E-B0A460E8079B
3180	FB947EF9-CF23-1887-779A-CDF135000FE2
3181	593620E8-BF4B-11ED-8EF3-B0A460E8079B
3182	1833.02 3237.36 450.5
3183	796EF69D-AC61-11ED-8ED8-B0A460E8079B
3184	1A7F8DBB-F402-11ED-8F25-B0A460E8079B
3185	0 156.999 0
3186	828 3624 402.747
3187	D4BAD3EA-B773-11ED-8EE5-B0A460E8079B
3188	7F514337-2637-8935-D0D0-FF53499225F9
3189	mp_tdm_spawn
3190	762459FE-B792-F225-BD69-F88E5A2D6EE2
3191	992EAF92-7C30-3933-6639-402139C0839C
3192	61888A0B-47D9-4EA6-2A27-135B68EE4C6C
3193	D81ED8EC-DF45-18B2-0F01-02ABC79099E5
3194	4D34C673-BF4B-11ED-8EF3-B0A460E8079B
3195	CEC07AC0-B773-11ED-8EE5-B0A460E8079B
3196	CEC07BAA-B773-11ED-8EE5-B0A460E8079B
3197	0 319.794 0
3198	593620A6-BF4B-11ED-8EF3-B0A460E8079B
3199	67EE9775-C1A7-11ED-8EF4-B0A460E80798
3200	FC7FBD13-34C0-7F22-F1F2-5DE0EFC6E9E4
3201	pf532b9c6cae98345d_auto2108
3202	1104B9A9-B77F-11ED-8EE5-B0A460E8079B
3203	87C198D6-B699-11ED-8EE4-B0A460E8079B
3204	1A7F8DA9-F402-11ED-8F25-B0A460E8079B
3205	5F2DA93F-BF4B-11ED-8EF3-B0A460E8079B
3206	1474325C-F402-11ED-8F25-B0A460E8079B
3207	89AB8C3F-5FD5-041E-3A71-1EDC181DDC67
3208	0 309.988 0
3209	-79.8313 2567.15 365.353
3210	9DDF9885-7905-11EE-95A8-68545A904D17
3211	-1490 2956 473.785
3212	40.5 140 474
3213	5765190C-C2BD-ACFF-0B6A-9C4BA147541B
3214	CEC07AE4-B773-11ED-8EE5-B0A460E8079B
3215	D4BAD393-B773-11ED-8EE5-B0A460E8079B
3216	A7D62469-CFB2-258F-822D-675BEB2A1944
3217	8BB4A1E8-7964-4152-BF48-02E0B917915E
3218	5B2B43ED-B6BE-11ED-8EE4-B0A460E8079B
3219	1
3220	720 -870 274.953
3221	pfe11bef019d2266e9_auto2108
3222	-1343.5 -436 198
3223	-1343.5 -436 200
3224	A0EBF6E7-B775-11ED-8EE5-B0A460E8079B
3225	scriptable_uk_gas_tank_thin_cylinder_static
3226	0 91.9934 0
3227	-803.5 596 330
3228	700 3624 403.844
3229	-239.5 -655.5 254
3230	-1198 -1418 246.152
3231	tag_geo_frag_a_005
3232	1522E060-6B3A-11ED-8E9E-B0A460E8079B
3233	vfx_quarry_alt_steam_rising_lrg_01
3234	C4B3BAA7-F9DF-7D8E-C8E9-BA5BF84EC7E0
3235	pf84342bb315c85d71_auto2108
3236	5CA86968-438F-D7AB-49F4-1A22FF217FEF
3237	0 56.7119 0
3238	AEEC43BE-A9CF-3820-A2D0-039AD0173C63
3239	D23FECDE-B699-11ED-8EE4-B0A460E8079B
3240	ED6944E8-37F0-C57A-1BE3-719CCFAA74BA
3241	8629E987-3F20-7A16-CC34-F6457C4A8EDA
3242	A8A0C14D-B8D3-DBC9-9E58-BB9EBE148526
3243	CF405182-31A1-A10B-34C9-89C3E2226F29
3244	0 224.993 0
3245	2552 1536 408
3246	792 3602 397.551
3247	5F2DA96C-BF4B-11ED-8EF3-B0A460E8079B
3248	15D70C3B-3C4C-214D-B882-9B767F5B5A57
3249	966B915C-6243-3E48-9FDE-117AF0F01910
3250	7B2F4A48-5F4C-CCA6-A71A-91FED875A961
3251	576768C3-6C8D-11EE-959F-68545A904D17
3252	11CC0F89-6C8F-11EE-959F-68545A904D17
3253	8BC02EC5-7607-11EE-9595-68545AD2D871
3254	4EB3F3CA-25BC-C5C1-1EB4-61ACA3769D07
3255	1A3F14BF-6A37-1CC6-C0FA-8FDD26AB2EF1
3256	C8C7EB68-B773-11ED-8EE5-B0A460E8079B
3257	348.5 3632 421.219
3258	D4BAD38D-B773-11ED-8EE5-B0A460E8079B
3259	6470269D-F401-11ED-8F25-B0A460E8079B
3260	-1415.5 -848 230
3261	DAB3E456-B773-11ED-8EE5-B0A460E8079B
3262	hardpoint_vis_02
3263	48BF0FEA-AE3B-01C5-AF03-1643FA77E1EC
3264	14E4D81C-0DEB-7661-DD15-676901721E8F
3265	7D016405-760D-11EE-9595-68545AD2D871
3266	0 8.7116 0
3267	-1072.8 -1289.9 217.042
3268	6AA5ADDC-7905-11EE-95A8-68545A904D17
3269	3383F845-5E60-805D-E8EA-D0551566867F
3270	4A19B603-18D7-7FA1-8696-D3E06D35F5D4
3271	7668C1CD-90A4-8DFA-E500-4BE9AFDCEC3C
3272	-947.5 -1108 202
3273	7DA3FB06-31FA-9189-DF5A-BB1F5777AAB7
3274	CEC07B77-B773-11ED-8EE5-B0A460E8079B
3275	0 268.294 0
3276	1594 -480 330.814
3277	15CEFF0E-58F3-EE1D-5D3F-6D0548A2E4F6
3278	D63D50B2-2FA8-102C-EFED-E2073698072E
3279	F506A2CF-C516-F4A3-7BBB-F89D0A376E9B
3280	0 117.22 0
3281	BE4416B4-5EE3-7E85-380A-517B0EDE2982
3282	1628.42 -519.391 346
3283	A9BF11C7-6EDF-4389-8914-E91F2D404D85
3284	0 255.999 0
3285	0 222.335 0
3286	base_scripted_anim_slot
3287	2030.5 3520 471.25
3288	3D247447-B7BB-F0EB-5F6D-222DEF46631B
3289	-74 3368 432
3290	pfb8be8a59259ac07e_auto715
3291	1104B995-B77F-11ED-8EE5-B0A460E8079B
3292	pf237869ef1bf40f56_auto2108
3293	968 3546 397.73
3294	588ABC60-1E4C-21CE-69CC-15C8152A3CCC
3295	-503.5 1164 194
3296	532F815E-BF4B-11ED-8EF3-B0A460E8079B
3297	2606.3 1664.8 400.389
3298	CEC07B89-B773-11ED-8EE5-B0A460E8079B
3299	A5A24238-6B39-11ED-8E9E-B0A460E8079B
3300	47349AA6-BF4B-11ED-8EF3-B0A460E8079B
3301	47A8D7CF-90ED-2118-B8B3-873A65344D55
3302	23781205-6C80-11EE-959F-68545A904D17
3303	free_look
3304	726.1 3444.8 393.019
3305	CEC07ABD-B773-11ED-8EE5-B0A460E8079B
3306	vfx/jup/level/mp_jup_quarry_alt/vfx_quarry_alt_steam_rising_lrg_01
3307	pf8e4d513bcaa6678e_auto715
3308	C8C7EB5F-B773-11ED-8EE5-B0A460E8079B
3309	F5DFFC85-5370-94D2-2296-437135FF6E66
3310	4F49803F-B15C-444A-03FE-0A367D3356AC
3311	-388 -674 264
3312	auto_mp_jup_wb_quarry_cfx.map
3313	pfd2e6640f6e15eb02_auto2108
3314	180.5 -980 271.453
3315	pf681d937d481f2725_auto2108
3316	-1005.1 -1355.4 221.042
3317	0 237.985 0
3318	29ED464A-2114-5DBD-E00B-AE331E5DE50D
3319	14A0E321-910E-3D45-DB7F-8F4E6E431D9B
3320	-1200.8 -1289.9 224.95
3321	02CC350E-5E99-59B3-41C3-A1708444B826
3322	EE5525D8-C288-0DEF-F41A-D6B94D1EB035
3323	761A3F58-CA38-41CB-1607-25CA5DA11DBA
3324	EE827A66-A6E5-11ED-8ED1-B0A460E8079B
3325	E995C787-6C7F-11EE-959F-68545A904D17
3326	9BD16A13-6D45-A122-C307-F9B34FA8EA3E
3327	3868FA49-943F-F9DB-11EE-F46B51E67699
3328	pf8d8fbd7fd4ff5d72_auto2108
3329	AAE5A967-6055-11ED-8E8E-B0A460E8079B
3330	05EE9CCB-D39B-F1D4-C007-59BB029A4D0A
3331	56262876-8048-8D1E-9352-84A0DCCC0667
3332	0 88.3197 0
3333	CEC07B92-B773-11ED-8EE5-B0A460E8079B
3334	88991974-008D-A9A4-EB6E-C44DB5EBDDD3
3335	AFE4BC30-6BC8-ADF4-937B-D05FF1FDC5D3
3336	-1198 -1420 244.718
3337	DC10CBC1-F903-EA3D-54A3-716AC186D2BD
3338	0 269.997 0
3339	874.38 3615.01 405.276
3340	palfa_infil_exit_14
3341	0 278.335 0
3342	2640 2410 416
3343	924D4098-7606-11EE-9595-68545AD2D871
3344	14B0D937-566B-F263-0B71-E411298ECA16
3345	D4BAD309-B773-11ED-8EE5-B0A460E8079B
3346	-1200.8 -1225.9 216.335
3347	16CE33E4-B69D-11ED-8EE4-B0A460E8079B
3348	20BD96A8-F402-11ED-8F25-B0A460E8079B
3349	136.5 452 282
3350	B6E29FA3-D6A8-D493-4732-0AD198C612C9
3351	293A8DF5-1802-178D-8586-513C3318BA5A
3352	un_office_storage_box_01
3353	48289240-1DD9-11EF-8F95-E0D4E87834AC
3354	D61D34B4-C1A7-11ED-8EF4-B0A460E80798
3355	6AA5ADD2-7905-11EE-95A8-68545A904D17
3356	0 189.987 0
3357	435D91C2-FF30-2412-57CE-1D77F590BABE
3358	4D34C67F-BF4B-11ED-8EF3-B0A460E8079B
3359	C9F7C253-C1A7-11ED-8EF4-B0A460E80798
3360	9DDF9899-7905-11EE-95A8-68545A904D17
3361	647026AC-F401-11ED-8F25-B0A460E8079B
3362	21267F07-9676-620A-CF0E-F12231D01961
3363	2678D87D-0073-8E87-B0D8-B4B3C96858D2
3364	9D435E73-50FB-9E24-735D-9DA1A9454A2C
3365	facial
3366	5D5775EB-314F-2D2C-E09F-FC435133B0FE
3367	3E9A32E3-ACCD-7DD1-32B7-32FB548F432A
3368	D9A279B1-D2F8-8414-A562-874DB4812D5C
3369	64295A6C-6C8D-11EE-959F-68545A904D17
3370	-1142 1204.5 186
3371	CEC07B41-B773-11ED-8EE5-B0A460E8079B
3372	0 21.9992 0
3373	6B8FAA12-760E-11EE-9595-68545AD2D871
3374	D4BAD36C-B773-11ED-8EE5-B0A460E8079B
3375	pf54af18bf60480985_auto2108
3376	6FFD9F6F-5970-7AC0-D84F-8E0E1E7234C2
3377	35FED2D1-AE08-508D-6217-CD852E1B2D54
3378	91AC23ED-20A1-DFDA-AFDE-04F2803FD02F
3379	B716AB56-4A20-DFF5-79B2-9408E00BFB91
3380	20BD96A2-F402-11ED-8F25-B0A460E8079B
3381	CEC07A9C-B773-11ED-8EE5-B0A460E8079B
3382	ik_out_start_left_hand
3383	183.25 2312.5 392
3384	A94419A8-C684-8938-4305-D77AEBBF2EA2
3385	22FADCEA-538B-9A4C-9859-CC81EB4BD772
3386	84.5 -76 221
3387	pf4fd69fd0a29eb80e_auto2108
3388	-487.5 1356 194
3389	64295A5D-6C8D-11EE-959F-68545A904D17
3390	pfd7a5037a73028634_auto2108
3391	C130DD4C-FB2B-140B-5C9F-8E704A20405D
3392	DAB3E459-B773-11ED-8EE5-B0A460E8079B
3393	593620CA-BF4B-11ED-8EF3-B0A460E8079B
3394	pf5fa6f7c8918c5df5_auto2108
3395	035029CC-4B8D-76A5-7271-0CAC6221E574
3396	6EB1CC95-CFEB-0578-A641-8ECD868CA781
3397	D5B2CF5F-6408-928B-530B-AA77795A4BA7
3398	647026A3-F401-11ED-8F25-B0A460E8079B
3399	62 3728.5 445.132
3400	pf8b92f6ffc512be28_auto2108
3401	pfa8ae9d21bbea43cb_auto715
3402	609ED6D8-76A7-397D-19B7-7AF3EC560DAF
3403	-1136 -1288 201.706
3404	scriptable_decor_barrels_gameplay_red
3405	496.5 2600 394
3406	mp_tdm_spawn_axis_start
3407	scriptable_electrical_box_rusted_01
3408	pf87eeeaa5c31980d5_auto716
3409	083BACAF-B31E-7ADF-BDD0-AA4CB3DA1AF2
3410	78C2DFE3-B784-11ED-8EE5-B0A460E8079B
3411	A0EBF6F0-B775-11ED-8EE5-B0A460E8079B
3412	0 313.408 0
3413	256BB2D3-0A8C-680B-19E5-D150602E20FF
3414	956 3624 413.275
3415	16536F6F-3953-0C9D-A78E-ED0033E43424
3416	2696 1516 416
3417	96CEFF25-801F-A8E6-4F92-0AA8E331CF7A
3418	D863FC97-268B-4331-119A-F565D14E861E
3419	1AC35E52-6C80-11EE-959F-68545A904D17
3420	0 34.9911 0
3421	864 -892 311.293
3422	pf28639d44377a5e4_auto2108
3423	2616 1472 408
3424	0 30.3346 0
3425	1034 3202 433.66
3426	1894 -260 364.656
3427	-1000.59 2963.45 463.803
3428	3665592B-1D40-11EF-8F94-E0D4E87834AC
3429	CEC07B35-B773-11ED-8EE5-B0A460E8079B
3430	32BECD04-4334-3EBC-5601-7187DE709CC7
3431	cqb_node
3432	42CB4D94-EA24-45BB-23E5-8E65F409BDB4
3433	-249.75 3724 452.75
3434	135DB8E8-F401-11ED-8F25-B0A460E8079B
3435	8679CBCA-2BCE-298E-96AE-FDB908E20F2A
3436	pf41a6052b42cb8dd_2
3437	-1062 2928 465.861
3438	pf68134d6a739d6a90_auto2108
3439	1738 -212.5 356.427
3440	-395.5 -908 262
3441	-742 1858.5 200
3442	01C6DF9A-6C7F-11EE-959F-68545A904D17
3443	6F6F306F-012C-C5E3-1052-D64B4E2F8283
3444	E18610A9-0E01-E245-E89C-4DA34776BF6A
3445	0 179.998 0
3446	5F2DA930-BF4B-11ED-8EF3-B0A460E8079B
3447	AB01DCE1-F868-374A-130A-3002B6CB8BEE
3448	EF36A316-13D7-A538-2E3B-128E2399F700
3449	geo_frag_a_008
3450	76656451-9FE4-19A8-9B4F-DB0182011332
3451	0 192.995 0
3452	6AA5ADE6-7905-11EE-95A8-68545A904D17
3453	7EE14DF4-8FCF-62D1-DBDB-4667EF94A027
3454	vfx/jup/level/mp_jup_quarry_alt/vfx_quarry_alt_steam_rising_short_01
3455	2414 1018 407.036
3456	2987F043-AC62-11ED-8ED8-B0A460E8079B
3457	4114F80E-6C80-11EE-959F-68545A904D17
3458	pfbe2396acd247fb26_auto2108
3459	2616 1728 408
3460	99393E74-48A0-B97D-AD1D-7FCED2FC6560
3461	1468.5 2485.5 418
3462	D4BAD3BD-B773-11ED-8EE5-B0A460E8079B
3463	5CCDDE1D-F683-B727-2CE4-386CAC1EF76D
3464	pf7e08c18d91c5451f_auto2108
3465	40FD6F5F-760B-11EE-9595-68545AD2D871
3466	B9CC90B5-5F88-11ED-BB6B-B0A460E8079B
3467	64C94E23-7FA9-7006-421F-34C144FA4455
3468	5B987C42-12BE-2CE3-76CC-18A74215128C
3469	vfx/jup/level/mp_jup_quarry_alt/mp_quarry_alt_embers_rising
3470	2552 1664 408
3471	-1297.26 2690.4 461.452
3472	14C70CA7-70FF-F297-9F40-F2C362422111
3473	scriptable_uk_electrical_box_medium_01
3474	C6864739-6C7D-11EE-959F-68545A904D17
3475	7067C31B-F40D-11ED-8F25-B0A460E8079B
3476	1EBD963D-6C8A-11EE-959F-68545A904D17
3477	5F2DA94E-BF4B-11ED-8EF3-B0A460E8079B
3478	-538 -858 400
3479	pf207506cb070c3885_auto716
3480	3F3FF5C9-E9CA-E679-7710-86125EB5AAE5
3481	palfa_infil_intro_4
3482	135DB8EB-F401-11ED-8F25-B0A460E8079B
3483	2016.5 3582 509.177
3484	pfe3e35f07835d5a15_auto2108
3485	97102017-1CB2-AB7A-6AF3-6118DA420FD6
3486	A6F5FC39-EED6-131C-834D-A82E7ED68C91
3487	7BFB1E3A-6ABE-BD8E-F540-5EF97E802946
3488	7C5386A7-AF98-13AC-5BAB-81C143DEFC96
3489	4828923B-1DD9-11EF-8F95-E0D4E87834AC
3490	-1008 -1288 212.392
3491	083218BF-85FF-4AC5-A8E4-68D74F148B83
3492	E0DFF5A7-295C-8D45-6CED-8FBDF6F084AF
3493	-368 -860 264
3494	AAE5AAEA-6055-11ED-8E8E-B0A460E8079B
3495	896.5 664 146
3496	-847.5 608 190
3497	7F470A44-BE44-BDA7-BAB4-75EB0D53C514
3498	ED791C20-5CF7-2258-4932-7A91A218D46D
3499	-1619.5 1104 206
3500	-1200.8 -1289.9 216.95
3501	1A7F8DD6-F402-11ED-8F25-B0A460E8079B
3502	infil_blima_2
3503	4D34C6A9-BF4B-11ED-8EF3-B0A460E8079B
3504	6A57E315-6C8D-11EE-959F-68545A904D17
3505	D10872EF-7604-11EE-9595-68545AD2D871
3506	E6355F79-BF4B-11ED-8EF3-B0A460E8079B
3507	pfdd4625109b8bd6ef_auto2108
3508	B0063F77-AC84-11ED-8ED8-B0A460E8079B
3509	0 64.7118 0
3510	CAB1B69F-A5D9-71A6-2439-A7B40DB131A1
3511	0 80.3343 0
3512	091593AB-760E-11EE-9595-68545AD2D871
3513	-946 -588.5 204
3514	D61D34B1-C1A7-11ED-8EF4-B0A460E80798
3515	135DB8EE-F401-11ED-8F25-B0A460E8079B
3516	D4BAD2F4-B773-11ED-8EE5-B0A460E8079B
3517	pf914a1137abdefcd3_auto2108
3518	-692 2081.5 150
3519	-1055.5 632 222
3520	375A9E26-1400-156A-B45C-4843334A98C0
3521	0 214.993 0
3522	8F8362CB-2356-D05A-1839-BFDDFF2198A6
3523	pf67601353a3a3ce5c_auto715
3524	0167DADF-6F9C-4832-AD58-1C5F02E87D6E
3525	FB8E2E22-6C7E-11EE-959F-68545A904D17
3526	pf8baab3c57abee99b_auto2108
3527	B88FCAFB-E35A-58A0-5E37-68CC63D7F244
3528	E6355F7F-BF4B-11ED-8EF3-B0A460E8079B
3529	09BEC6C6-B772-11ED-8EE5-B0A460E8079B
3530	0 265.993 0
3531	0 0 0
3532	-888 -876.5 198
3533	-1072.8 -1417.9 237.196
3534	5D71B136-20AB-7342-BB9A-A6562A456AD3
3535	metal_chain_01_hanging
3536	partially_reopen_in_use_unusable
3537	2E5B6BAD-9D62-6327-4D23-F55181229BCE
3538	3C538840-AC62-11ED-8ED8-B0A460E8079B
3539	5F2DA94B-BF4B-11ED-8EF3-B0A460E8079B
3540	C532E1C9-4783-5A2D-B456-05AFF9E8B897
3541	jup_infil_blima_rope_fall_right
3542	7BF2C6B1-7610-11EE-9595-68545AD2D871
3543	3FCC45CB-75DA-FBA6-6513-9E57E14BFA87
3544	715AEC2E-B866-EB56-110D-18014C3CB448
3545	-563.5 752 206
3546	85.3178 -277.044 238
3547	CEC07B29-B773-11ED-8EE5-B0A460E8079B
3548	0 243.285 0
3549	41EA6159-172E-C9CF-8542-5F960A87171B
3550	BC44AAB5-843B-30D9-3E7F-06039A5410FC
3551	43FFCACE-1DE6-D998-856C-6DB7FB0ACAFA
3552	6B7F005F-1384-6683-D1C6-A05E976ECD9A
3553	6A57E33D-6C8D-11EE-959F-68545A904D17
3554	59A58E11-473E-07A9-58E4-3DC2F57B3518
3555	D4BAD345-B773-11ED-8EE5-B0A460E8079B
3556	219.25 2788.5 408.548
3557	D1D40562-07FA-BC84-7A81-86278D7DD095
3558	-1133.1 -1355.4 221.042
3559	4A8B8312-FE1D-9E6D-01DF-688D12DBF148
3560	0 353.487 0
3561	095612FD-535F-B4C3-4A1F-85D74EE93604
3562	2260.5 2484 418
3563	pf5bbea94815202566_auto2108
3564	CEC07B32-B773-11ED-8EE5-B0A460E8079B
3565	electrical_box_rusted_01
3566	CEC07AC9-B773-11ED-8EE5-B0A460E8079B
3567	6622107D-7611-11EE-9595-68545AD2D871
3568	2576.5 1960 410
3569	palfa_infil_exit_3
3570	-651.5 108 474
3571	pfc22c91527526520c_auto715
3572	AAE5A505-6055-11ED-8E8E-B0A460E8079B
3573	pfcffa8162a68d4d41_auto2108
3574	01758E13-D9A9-3E73-C9A9-EA3DAA24C4EF
3575	1758 -400 351.825
3576	jump_down_136
3577	DAB3E462-B773-11ED-8EE5-B0A460E8079B
3578	DAB3E4A1-B773-11ED-8EE5-B0A460E8079B
3579	F38C9C75-B3B2-7AD1-DAF3-BD10C58777EA
3580	1459.5 2427.75 415.25
3581	537B550C-D07B-73CB-CB33-6F35E8F967B4
3582	708B8094-6C8D-11EE-959F-68545A904D17
3583	532F81B8-BF4B-11ED-8EF3-B0A460E8079B
3584	D9DF2B16-D95F-14CE-CEBD-CE5AE5FE88F8
3585	scriptable_cache_toolbox
3586	pf8930364ab9615ab7_auto715
3587	01FBEB97-2F80-8FFF-219C-80A5B9E0F012
3588	59362103-BF4B-11ED-8EF3-B0A460E8079B
3589	9B490865-7B8B-0E3C-1821-5D9D69494429
3590	5F2DA960-BF4B-11ED-8EF3-B0A460E8079B
3591	7F3EE583-6F18-EC59-328A-38C4F039F7C3
3592	1B8BC4DA-D5F1-3D05-98B3-6DA7DB3CD9A9
3593	71D32109-B784-11ED-8EE5-B0A460E8079B
3594	882EE4C0-7C6F-3582-7B55-7B9441C28B8D
3595	C0D19DA2-7604-11EE-9595-68545AD2D871
3596	16374C7C-3C64-6D60-C9A2-F66611CE178A
3597	4D34C634-BF4B-11ED-8EF3-B0A460E8079B
3598	8FFE13A7-7A6E-CFD2-DF2C-E5933D141021
3599	624 -742 250.03
3600	AFDB2CB2-02CD-1052-3F17-45F3AE1C5D96
3601	pf228fcffd40d4ca18_auto716
3602	6EEF2375-7607-11EE-9595-68545AD2D871
3603	CEA24194-EA41-C5F2-BCF1-696A5DE8C31E
3604	3D464ABE-6EE3-2619-73D7-BD59BCA1A2FA
3605	80E518EB-6C7C-11EE-959F-68545A904D17
3606	pffcbcb84a821c093f_auto2108
3607	37E0665F-6120-D07E-3065-6D59090DC568
3608	pf6b50efc8001d23b6_auto715
3609	pfc299a99d80231da4_auto2108
3610	BB7B195A-A426-E017-D0FE-4F0F60D69BC6
3611	912.5 2068 382
3612	210A4EBB-14B2-E50E-B3E5-1716C565CD39
3613	A43C459B-ECA3-9204-CD6D-BF52C843F5C9
3614	c2
3615	CEC07AF3-B773-11ED-8EE5-B0A460E8079B
3616	CD221651-A8A7-E9B9-9CDF-C5C17E41CE02
3617	06839123-7614-11EE-9595-68545AD2D871
3618	9857A4D8-6D89-095D-4981-EAB70574D047
3619	8949762B-AEFA-58F5-5482-DA27A9734042
3620	C8C7EB44-B773-11ED-8EE5-B0A460E8079B
3621	48089073-6C8B-11EE-959F-68545A904D17
3622	0 321.962 0
3623	1432 -680 326.359
3624	2664D6E8-F107-85C2-3EBB-13CE8C234E3F
3625	-1374 1290 198.184
3626	D9151531-4037-13CB-532F-7D6C70EE4D4F
3627	02255AAE-1725-3CFE-54A6-AB67A26DA41A
3628	0 166.998 0
3629	BE5B1CE3-2BC6-76C2-D455-544FB7FE9AC4
3630	0 59.9938 0
3631	mp_ctf_spawn_allies_start
3632	pf1d98fc250d9a0246_auto2108
3633	15A34D7D-9F9D-36F4-1F37-A1C5AAFBC71E
3634	C6FE0294-3F18-55D7-D1D5-7FFB172EB6D1
3635	7EFF3CE7-B77E-11ED-8EE5-B0A460E8079B
3636	4D34C631-BF4B-11ED-8EF3-B0A460E8079B
3637	ik_out_end_left_hand
3638	135DB8F7-F401-11ED-8F25-B0A460E8079B
3639	pf9921b155c6cee059_auto2108
3640	0DEDB3EE-1D40-11EF-8F94-E0D4E87834AC
3641	0 140 0
3642	0236DF0F-7BD6-10BE-B14B-7F395F48FD66
3643	5E156A72-E6A1-1A60-9B42-E7C2D1C5767C
3644	vfx_quarry_alt_vista_chain_01
3645	3
3646	D4BAD333-B773-11ED-8EE5-B0A460E8079B
3647	2552 1600 408
3648	7036FFB0-FCFB-5A0D-0DA1-D1AFD2A874B0
3649	54A8406D-806A-9541-C024-0C913CA1D544
3650	0 285.314 0
3651	pfa21390d6bbd5cb8d_auto715
3652	1A7F8DB2-F402-11ED-8F25-B0A460E8079B
3653	-734 1296 200
3654	CEC07B1A-B773-11ED-8EE5-B0A460E8079B
3655	vfx/jup/level/mp_jup_quarry_alt/vfx_quarry_alt_sunflare
3656	0 323.492 0
3657	4A7C19F4-E10F-EC9C-EE3B-321D96B17923
3658	64295A99-6C8D-11EE-959F-68545A904D17
3659	tag_geo_frag_a_003
3660	D20FE651-712E-905F-1DD9-69D33B0643EF
3661	8A4D092F-F3E0-1129-E246-4F7C380754A3
3662	59362094-BF4B-11ED-8EF3-B0A460E8079B
3663	892 3560 394.637
3664	BEAF343A-57F6-18CA-7095-E580F31C3A4A
3665	5F2DA936-BF4B-11ED-8EF3-B0A460E8079B
3666	A292FC01-37F9-AF2A-BEE8-99F5F9CA1CE3
3667	816 -912 300.161
3668	electrical_conduit_set_electrical_box_05
3669	1D4AF625-99E2-A232-3150-70B6D61DFBC3
3670	palfa_infil_exit_4
3671	-470 3734 461.5
3672	-1136.8 -1353.9 215.359
3673	64295A62-6C8D-11EE-959F-68545A904D17
3674	9876A21A-66CD-7350-296A-8ACD1FEBE4DE
3675	C8C7EB1A-B773-11ED-8EE5-B0A460E8079B
3676	26C25D8A-F402-11ED-8F25-B0A460E8079B
3677	659C0851-7606-11EE-9595-68545AD2D871
3678	1A7F8DC7-F402-11ED-8F25-B0A460E8079B
3679	C93594F6-2C3B-4B18-42B5-8495405AC7D6
3680	D6A95CFB-ED10-4E46-0536-4280BE506246
3681	9A780B06-7E27-7D87-B6F2-2229A691E242
3682	A3A39C4F-F093-F3D5-9FB2-8680675F9733
3683	0DD6431A-3769-AAC1-4142-04848DFEF128
3684	432.5 2240 382
3685	pffa00aa163963042e_auto2108
3686	A0047493-64EE-F00E-FE2C-52C1EE857A20
3687	pfb587871ced7f7b61_auto716
3688	pfef24a761b4ee5d78_auto2108
3689	-599.5 2820 440
3690	hardpoint_vis_04
3691	1522E05A-6B3A-11ED-8E9E-B0A460E8079B
3692	20BD9693-F402-11ED-8F25-B0A460E8079B
3693	D23FECE4-B699-11ED-8EE4-B0A460E8079B
3694	D4BAD2F7-B773-11ED-8EE5-B0A460E8079B
3695	39F04F96-6C7E-11EE-959F-68545A904D17
3696	36655935-1D40-11EF-8F94-E0D4E87834AC
3697	mp_tdm_spawn_allies_start
3698	D4BAD3F6-B773-11ED-8EE5-B0A460E8079B
3699	0 145.696 0
3700	593620CD-BF4B-11ED-8EF3-B0A460E8079B
3701	0F7D0EBC-5BF5-708E-4482-55FAC5B265EE
3702	3D2B062A-6C89-11EE-959F-68545A904D17
3703	ABA004F4-88AC-553A-34BD-23783C0C0ACC
3704	05B511F8-F254-362A-A715-3131FCAED7E1
3705	-947.5 -1108 194
3706	pf89089ddf81e5eea8_auto2108
3707	0F5E0832-E2F5-682B-5F91-ACBBB61C13B7
3708	1165.5 1464 51
3709	CEC07AB7-B773-11ED-8EE5-B0A460E8079B
3710	-519.5 104 474
3711	5B86A732-6C7F-11EE-959F-68545A904D17
3712	1065.5 3168 436.5
3713	pf61e8387270a00a0f_auto716
3714	576768B4-6C8D-11EE-959F-68545A904D17
3715	D4BAD3C9-B773-11ED-8EE5-B0A460E8079B
3716	0 147.461 0
3717	5F2DA95D-BF4B-11ED-8EF3-B0A460E8079B
3718	35DF39D8-6C89-11EE-959F-68545A904D17
3719	D4BAD357-B773-11ED-8EE5-B0A460E8079B
3720	0 90.0008 0
3721	B1BE4E40-F033-B26F-8130-A15DCFBE7BDB
3722	B9ED8993-9ACD-99B8-110D-8489788B199D
3723	-724 -272.5 249.717
3724	D4BAD366-B773-11ED-8EE5-B0A460E8079B
3725	BD3FDCAD-3F4B-E621-7A94-181B77F6CFC0
3726	E8AB3421-FF5B-AAE5-FBBB-1580E85A52DF
3727	CEC07B02-B773-11ED-8EE5-B0A460E8079B
3728	show
3729	A5A24222-6B39-11ED-8E9E-B0A460E8079B
3730	2422.5 668 378.211
3731	6A300630-F40D-11ED-8F25-B0A460E8079B
3732	A7D09012-F972-87F1-2C38-A96EB71AEDE7
3733	1522E07A-6B3A-11ED-8E9E-B0A460E8079B
3734	37BF81A1-227E-492E-B687-5DE05C0E6770
3735	B9672074-0FBD-3C29-EEDC-0EB4556B0C22
3736	4D34C619-BF4B-11ED-8EF3-B0A460E8079B
3737	A7A6F682-7613-11EE-9595-68545AD2D871
3738	0 209.431 0
3739	5E3C3CBC-9A08-71A2-B3AC-1213133E0A04
3740	pf18bdaaa55cda413c_auto716
3741	D4BAD31E-B773-11ED-8EE5-B0A460E8079B
3742	1797.5 1896.5 414
3743	393C510C-98CD-947C-3C4B-0B8BF304BAAB
3744	pfb1dddcb2a25b933e_auto2108
3745	47F26680-11EA-5195-6092-EFFF3509AFE9
3746	25E2BB09-4C76-87BC-CD81-60C2CA08340B
3747	D409283C-6C8D-11EE-959F-68545A904D17
3748	1F8FDEEE-A6E6-11ED-8ED1-B0A460E8079B
3749	5936209D-BF4B-11ED-8EF3-B0A460E8079B
3750	3E70A2E1-0B9A-09DB-89BC-40F58F3955F1
3751	traversal_door
3752	532F81B5-BF4B-11ED-8EF3-B0A460E8079B
3753	027B088C-68E6-295D-7B34-6614727EC375
3754	0 236.754 0
3755	0 176.999 0
3756	35C0A52E-A6E6-11ED-8ED1-B0A460E8079B
3757	C8C7EB20-B773-11ED-8EE5-B0A460E8079B
3758	EF17337F-7605-11EE-9595-68545AD2D871
3759	736 3416 409.086
3760	2236.5 1456 416
3761	8C66405F-7938-1218-9E30-8968965BDF04
3762	0 269.994 0
3763	scriptable_bathroom_garbage_can_01
3764	404B0B94-6C8F-11EE-959F-68545A904D17
3765	1900.5 1576 414
3766	electrical_conduit_set_electrical_box_medium
3767	636.5 -904 281.433
3768	CEC07B0B-B773-11ED-8EE5-B0A460E8079B
3769	2895.6 -2376.3 -406
3770	532F8170-BF4B-11ED-8EF3-B0A460E8079B
3771	555E9212-6C89-11EE-959F-68545A904D17
3772	1738.41 -416.224 346
3773	-11.5 3452 432
3774	0DEDB3F8-1D40-11EF-8F94-E0D4E87834AC
3775	19696EDB-A6E6-11ED-8ED1-B0A460E8079B
3776	C2E936DE-516F-C0B5-D75F-4A9D0A559C5B
3777	0 90.723 0
3778	FD7AC7AB-9F42-C2FA-8FAD-7AB3EE9E7602
3779	pf41be99eebfc7aaec_auto2108
3780	pf6a4deda912b9cae0_auto4
3781	86348AF8-6C89-11EE-959F-68545A904D17
3782	4D34C682-BF4B-11ED-8EF3-B0A460E8079B
3783	2606.3 1728.8 400.389
3784	C9F7C267-C1A7-11ED-8EF4-B0A460E80798
3785	A5D0DBC8-CAE3-D2C0-E215-66D95A52C007
3786	CEC07BA1-B773-11ED-8EE5-B0A460E8079B
3787	-1200 -1416 233.996
3788	642BD0D0-8928-6024-A757-5F5D19E97726
3789	pf135a8a5b40283218_auto2108
3790	DAB3E438-B773-11ED-8EE5-B0A460E8079B
3791	5F2DA97B-BF4B-11ED-8EF3-B0A460E8079B
3792	pff1c47029cb88ef0b_auto2108
3793	2234.5 1454 416
3794	D014E915-C1A7-11ED-8EF4-B0A460E80798
3795	CD69BC14-4FB9-1BF4-70E5-44A25404A2BE
3796	0 298.712 0
3797	scriptable_scriptable_door_metal_04_flat_painted_mp_green
3798	5BF822FF-C1A7-11ED-8EF4-B0A460E80798
3799	0 254 0
3800	2194 2288 416
3801	D4BAD2E8-B773-11ED-8EE5-B0A460E8079B
3802	F93E7715-D971-89F2-3F6E-CF1BB0724CA1
3803	AAE5A4DE-6055-11ED-8E8E-B0A460E8079B
3804	4A507D75-5F70-4E7E-C34A-5FDE7CA0CD9C
3805	-1407.5 -1084 238
3806	0CC7DE1D-9657-CECF-7302-7C5C7D682C60
3807	FC548E93-0DAF-B012-64EB-ECA7F9BA9833
3808	hardware_plywood_bare_01_24
3809	0BC160DB-D18F-D69D-349E-C521B0CD498A
3810	97B31798-0388-750D-1BDC-C70B127833C5
3811	0 90.9995 0
3812	576768AA-6C8D-11EE-959F-68545A904D17
3813	CF53A020-C1D5-645B-A68E-8A38E76C09CF
3814	pf329d31c3b892c9eb_auto2108
3815	0 345.993 0
3816	27B4E016-760F-11EE-9595-68545AD2D871
3817	3F06931E-4AD9-206C-7119-31E5A3384A6C
3818	mp_ctf_spawn
3819	-751.5 1872 194
3820	06B9BF89-46C5-12B5-079A-0C24C1536953
3821	decor_trash_can_plastic_office_01
3822	CEC07B3E-B773-11ED-8EE5-B0A460E8079B
3823	2676.5 2468 418
3824	F5064D9B-B6B6-11ED-8EE4-B0A460E8079B
3825	B0001D51-42BD-766B-2516-ADC8D7A27AC0
3826	BD020360-5E1B-24C3-2AC8-36ACD8B32DD1
3827	20BD9699-F402-11ED-8F25-B0A460E8079B
3828	532F81AF-BF4B-11ED-8EF3-B0A460E8079B
3829	D4BAD2FA-B773-11ED-8EE5-B0A460E8079B
3830	264 26 219.674
3831	790D5D77-B956-F460-05C6-AC66574D44FF
3832	189F404A-6248-A829-A1B9-3F1C3E15CEC3
3833	-1197.1 -1291.4 209.042
3834	0 82.9994 0
3835	7F06B508-5AF2-B781-F539-40F36AC5FED5
3836	-584 104 195.5
3837	CFBB6F34-718F-2785-321C-F575F7170017
3838	pfd3d97e1805f2ce9c_auto2108
3839	516A7F4E-7B6D-8FB9-F951-018E3602DBAC
3840	0 309.991 0
3841	mp_dom_spawn_axis_start
3842	pfff35b3b4690d30a3_auto716
3843	D4BAD342-B773-11ED-8EE5-B0A460E8079B
3844	852 51.5 216.758
3845	5F2DA972-BF4B-11ED-8EF3-B0A460E8079B
3846	-483.48 2137.26 179.072
3847	55FC0AE8-0096-772B-1691-2D6B0EBD5A2E
3848	B7CA7A38-B775-11ED-8EE5-B0A460E8079B
3849	2501.5 2672 542
3850	0 333.453 0
3851	pf512a3d6eacbec12f_auto2108
3852	789.25 -187.5 205.995
3853	A62CE896-1EF6-7551-290D-116E56295747
3854	pfc9d444b6bbe54032_auto716
3855	-1574 750 207.084
3856	0 222.799 0
3857	D4BAD306-B773-11ED-8EE5-B0A460E8079B
3858	pf6bea079752aaf4fd_auto2108
3859	52330484-3C03-4489-B2FE-C4AF33C0758D
3860	8307AE62-F6E3-EF39-5A16-5A5D1E77B855
3861	0 270.293 0
3862	4D34C640-BF4B-11ED-8EF3-B0A460E8079B
3863	mp_rescue_spawn_attacker
3864	68D6AD13-487E-F1F6-A0D8-D00CA39E2BE0
3865	1903.5 1700 411.821
3866	pf1a8ee1e60f7bd494_auto2108
3867	2028 3552 470.021
3868	040C573F-DCAF-5AD0-79F3-DB4DCB28D2E0
3869	928 3416 410.085
3870	FE08ED53-8763-ACAF-3F76-F1486A0F82B2
3871	pfbec0fb6543fbae60_auto715
3872	77E6E9F5-0833-FE91-436C-907B664313F3
3873	palfa_infil_exit_2
3874	C13C0028-94CC-EB21-7A4D-05ABE2AE2669
3875	D4BAD2F1-B773-11ED-8EE5-B0A460E8079B
3876	0 224.991 0
3877	EEB2CFCF-B70B-404A-0348-18EEB4A8ED1D
3878	2700.5 2392 410
3879	26C25D87-F402-11ED-8F25-B0A460E8079B
3880	C827223B-68F4-C4CF-4BD0-18B0B91B0D6C
3881	61EEA659-D853-4662-6D14-D7F60E7468CD
3882	4D34C688-BF4B-11ED-8EF3-B0A460E8079B
3883	CEC07B5C-B773-11ED-8EE5-B0A460E8079B
3884	5DDC3CD0-918E-9B1D-5CE3-124715DF59A9
3885	0 104.334 0
3886	0 249.093 0
3887	E6355F82-BF4B-11ED-8EF3-B0A460E8079B
3888	1068.5 3012 423.75
3889	C4B081D7-D76E-1CD2-47DC-5519715A8691
3890	65FE1DF0-0145-670A-D5BB-1ABB49E0F63B
3891	D4BAD3D8-B773-11ED-8EE5-B0A460E8079B
3892	vfx_quarry_alt_steam_rising_vista_01
3893	1340.5 2448 518
3894	0 184.998 0
3895	-1580 318.5 223.172
3896	DAB3E423-B773-11ED-8EE5-B0A460E8079B
3897	-1072 -1416 224.881
3898	C8C7EB6B-B773-11ED-8EE5-B0A460E8079B
3899	749DDD69-4DD3-B464-79D9-2B39D7561737
3900	vfx_quarry_alt_vista_heat_dist_01
3901	D4BAD3DB-B773-11ED-8EE5-B0A460E8079B
3902	vfx/jup/level/mp_jup_quarry_alt/vfx_quarry_alt_lensflare_white_01
3903	8996FD63-2581-91C5-F5D5-C6EBFF0B829A
3904	-1014 348 201.46
3905	pfa44d14c4d58e7b60_auto2108
3906	jup_infil_palfa_rope_fall_right
3907	18419921-D185-C2C3-4467-0EA0D8110DA3
3908	647026A0-F401-11ED-8F25-B0A460E8079B
3909	792.6 3602.6 397.852
3910	1057D415-B2BC-E380-7EF4-CAAC9A308F42
3911	893C55C2-4E46-37D0-0904-B31C41C23E7A
3912	-1097.22 -698.64 192.489
3913	B2A71B23-7472-424F-44DC-A3F7651FF5DB
3914	1291.5 2435.25 392
3915	900 3646 407.343
3916	pf6f9ca3dd6d5c70d9_auto2108
3917	pf981f887a87aeac3f_auto2108
3918	71D32128-B784-11ED-8EE5-B0A460E8079B
3919	0 271.999 0
3920	B6C43942-F9C1-AAD8-8B4E-0C815EF70D12
3921	796EF6B7-AC61-11ED-8ED8-B0A460E8079B
3922	C1187436-E905-07C5-4EDB-F6952569E7DA
3923	A32E6244-2BC9-D8D2-4DC8-CB331FB249B0
3924	72B837EE-F3E3-14EB-334D-DB2918957BBD
3925	AA0C620D-760D-11EE-9595-68545AD2D871
3926	1196.5 3582 444.636
3927	38627F4F-AA45-D5CC-369E-18F75BF9539E
3928	59362061-BF4B-11ED-8EF3-B0A460E8079B
3929	ABD39C05-1C62-22ED-A3CF-648FF4A3857F
3930	7251A1D2-0399-11EE-8F30-B0A460E8079B
3931	pf9d87bc9767efb265_auto2108
3932	pfb1a780021b914361_auto2108
3933	FEBFC221-F63B-7622-D066-D8D1A406EBB5
3934	0 283.994 0
3935	9DDF987B-7905-11EE-95A8-68545A904D17
3936	1A7F8DD9-F402-11ED-8F25-B0A460E8079B
3937	c1
3938	532F8182-BF4B-11ED-8EF3-B0A460E8079B
3939	54C076D6-AAC4-446F-75F9-BE5D5DD13C32
3940	pf35231dc9dec9758d_auto2108
3941	6E6C756F-56C6-308D-935D-DAC25C318781
3942	E10750BE-1E35-8067-764D-C401208E8EB5
3943	6A30062D-F40D-11ED-8F25-B0A460E8079B
3944	-24 3096 432
3945	0 214.988 0
3946	2414 784 383.99
3947	-1619.5 996 218
3948	8288D591-7609-11EE-9595-68545AD2D871
3949	4D34C6B5-BF4B-11ED-8EF3-B0A460E8079B
3950	pf3889a77cedbc6fca_auto716
3951	D2AA3013-DA16-E271-F38D-AC66C0CD4678
3952	ik_in_end_left_hand
3953	1E8608FC-FEE2-4A29-2AC6-1A895B6E202D
3954	0 273.51 0
3955	EEB37904-1E59-B232-33A3-B8AD2901A655
3956	59362097-BF4B-11ED-8EF3-B0A460E8079B
3957	1184.5 3356 444.75
3958	726AF4D8-15ED-407C-3CA3-91DD699ACD90
3959	-910 -870.5 190
3960	vfx_quarry_alt_molten_spurt_03
3961	EB8D2229-0397-11EE-8F30-B0A460E8079B
3962	F7FDE610-2489-F22D-9D09-512FF8A7127B
3963	2F72B7F6-AC02-2223-E0EB-3A4B481390DB
3964	CE65C5D4-AD93-F386-743C-15D559E63BB5
3965	-943.5 1992 98
3966	234 59.5 227.717
3967	pfa21390d6bbd5cb8d_auto716
3968	-831.5 132 190
3969	AF1F86A3-E7FC-5EF4-C0EC-B496790A09DE
3970	8685EB1C-CAEB-AF98-5631-4E569AB36650
3971	D4BAD396-B773-11ED-8EE5-B0A460E8079B
3972	0 272.335 0
3973	-1070 -1420 235.917
3974	EC2761E9-1490-CFB5-1378-3064971ECC20
3975	0F1E485A-D176-CA54-6927-027F68526ED0
3976	B3B431D2-94BF-D3B1-A82C-47545883F9C0
3977	pf3305fa272897ab6_auto4
3978	1498.75 2856.5 410.359
3979	9F54DC48-7E4D-72BB-7157-B0DCBF060A0B
3980	-171.5 -904 254
3981	-1324.2 821 190.244
3982	mp_warrior_spawn_allies_start_ds
3983	palfa_infil_exit_7
3984	1280 -616 306
3985	6D44698D-CBAE-79A6-41C0-A0FFCB61018C
3986	90E51670-F809-3F0F-28ED-F0B6677883B5
3987	8C3BB900-6C89-11EE-959F-68545A904D17
3988	pfc9fbd203eeec4109_auto2108
3989	0 187.2 0
3990	0 306.335 0
3991	-363.5 628 190
3992	0 195.999 0
3993	4D34C607-BF4B-11ED-8EF3-B0A460E8079B
3994	-120.75 2828.5 413.607
3995	D8BB3877-A140-85C0-30A6-18C866DC50B1
3996	0B56F718-1DD9-11EF-8F95-E0D4E87834AC
3997	B5A05AFD-326D-CD70-D104-D1571D862105
3998	81207BA2-5EB2-29CB-2191-EC1B382D2460
3999	E6355F70-BF4B-11ED-8EF3-B0A460E8079B
4000	47349A49-BF4B-11ED-8EF3-B0A460E8079B
4001	2158.5 3364 466.337
4002	2526.3 1728.8 400.389
4003	2C881979-2DDC-AF5D-A5B5-E999DE7D995B
4004	5936208B-BF4B-11ED-8EF3-B0A460E8079B
4005	pf5ffd932ae5ad72b8_auto4
4006	-1006 -1356 224
4007	6A57E365-6C8D-11EE-959F-68545A904D17
4008	AEA754BE-45AC-EB4B-A7A4-1EE31C7E59B7
4009	CEC07B3B-B773-11ED-8EE5-B0A460E8079B
4010	-519.5 104 466
4011	ik_out_end_right_hand
4012	B4BD8709-5CDC-4426-6473-95B4A488A236
4013	B7CA7A26-B775-11ED-8EE5-B0A460E8079B
4014	532F81D0-BF4B-11ED-8EF3-B0A460E8079B
4015	36.5 284 198
4016	A5A24225-6B39-11ED-8E9E-B0A460E8079B
4017	EB8D2223-0397-11EE-8F30-B0A460E8079B
4018	636.5 3228 428.092
4019	0 353.999 0
4020	mp_arena_spawn_allies_start
4021	51BA100D-6537-096E-92D6-2E2574F17ABC
4022	872 3566 391.218
4023	8A165F9A-AC84-11ED-8ED8-B0A460E8079B
4024	5DB89F74-6C8D-11EE-959F-68545A904D17
4025	C8FE67C7-E079-AEA9-C208-C391A91A75E7
4026	0093D8BB-0720-4F21-923D-B3E6F779919A
4027	default
4028	2422.5 2021 410
4029	4E05B19A-203B-D579-E560-5155C211D393
4030	end
4031	DAB3E498-B773-11ED-8EE5-B0A460E8079B
4032	scriptable_me_kitchen_coffee_bag_01
4033	796EF694-AC61-11ED-8ED8-B0A460E8079B
4034	1588 -340 335.141
4035	831748A5-FD17-186E-2782-30CE73476049
4036	DAB3E474-B773-11ED-8EE5-B0A460E8079B
4037	593620E2-BF4B-11ED-8EF3-B0A460E8079B
4038	5FFB8324-A2CD-DF14-28EB-B267DA8254E1
4039	828 3560 395.042
4040	pfe46626db045ebcf4_auto2108
4041	0 89.9928 0
4042	-1134 -1354 215.397
4043	uk_industrial_light_01_on_wht
4044	A5A2423E-6B39-11ED-8E9E-B0A460E8079B
4045	06D1A849-FD12-16B1-148C-EB90607DAA2F
4046	B0A477D0-6917-68D1-5F6B-753A87F83E88
4047	1FA948D0-AE02-3811-7CD6-399DC72CF8CD
4048	2172.5 3356 466.5
4049	explode_left_90
4050	CEC07AA8-B773-11ED-8EE5-B0A460E8079B
4051	5E71F358-F401-11ED-8F25-B0A460E8079B
4052	61E90DF8-7F46-2812-06C0-B457E7CFC5CE
4053	B6A81122-760D-11EE-9595-68545AD2D871
4054	-148.25 2304.75 227.75
4055	C8C7EB2F-B773-11ED-8EE5-B0A460E8079B
4056	-1515.5 88 218
4057	scriptable_uk_industrial_light_01_on_wht
4058	D7C2B1C3-2AA4-D468-A4B8-33734AB15FA1
4059	EDBA94DC-D7E9-8FF0-4180-EC25029BE7ED
4060	ws_raise
4061	fingers_in_end_right_hand
4062	pfba4c461e8abead49_auto715
4063	pf71f44a2b0c65e423_auto716
4064	df_blima_interior
4065	0 89.9953 0
4066	14743253-F402-11ED-8F25-B0A460E8079B
4067	B36D9CD5-144B-284F-767A-0E282AF64EC9
4068	D5C689F7-15E3-35A9-697D-C922F653CB6F
4069	-1486.02 2874.42 457.053
4070	pf2e0db0f2c46cdbd9_auto2108
4071	9411AE8E-B699-11ED-8EE4-B0A460E8079B
4072	0 339.994 0
4073	863550B0-7613-11EE-9595-68545AD2D871
4074	66FC19C6-0D32-825B-691A-0D10C2DAC2FD
4075	96D4983E-2B44-21C7-9890-5E7F949173DD
4076	0 21.9939 0
4077	1431.5 -624 310
4078	5FF174E3-73D6-09EA-A051-8F647A5E30EF
4079	1220.5 1652 54
4080	20BD968D-F402-11ED-8F25-B0A460E8079B
4081	157E6C8A-8580-17A0-9718-363F9DC3EA56
4082	4E76A62B-9F6F-9422-3F74-5F90E9A6420A
4083	-63.5 664 330
4084	50FE48E8-6C70-C209-1389-15D04719B4B4
4085	2632 2232 416
4086	89B0D39C-2A50-7919-69C9-DDFE156FEF35
4087	532F81C4-BF4B-11ED-8EF3-B0A460E8079B
4088	532F8185-BF4B-11ED-8EF3-B0A460E8079B
4089	681.25 3432.5 429.784
4090	5C872061-5CFF-92AB-D2D0-0D1F2CE03072
4091	9454DE82-B133-8E1A-DCBC-635800078F78
4092	0 54.7119 0
4093	F847D980-C58E-6621-0BD5-0CA542054837
4094	3F482761-B1D5-67D0-522E-B4C6B114E1CC
4095	CEC07B4D-B773-11ED-8EE5-B0A460E8079B
4096	-1070 -1354 219.491
4097	D04B3386-18BC-A690-DADF-581DAE3BF6F5
4098	A567D358-7611-11EE-9595-68545AD2D871
4099	scriptable_door_metal_04_flat_painted_mp_green
4100	AA2E794C-C740-7F9B-2EEB-8FC2266588E6
4101	3E12C88E-7602-11EE-9595-68545AD2D871
4102	CEC07B9E-B773-11ED-8EE5-B0A460E8079B
4103	df_stop
4104	D4BAD3A5-B773-11ED-8EE5-B0A460E8079B
4105	0 126.064 0
4106	05EAB85D-0CB0-3BAF-500D-7384C404D956
4107	FF43B20C-6C7F-11EE-959F-68545A904D17
4108	pf386a458f581dff3d_auto2108
4109	pf54e2fbf6a40c2f17_auto2108
4110	135DB8D9-F401-11ED-8F25-B0A460E8079B
4111	47349A82-BF4B-11ED-8EF3-B0A460E8079B
4112	pfb5ddfc8e55723cb8_auto2108
4113	0EC9AD41-7606-11EE-9595-68545AD2D871
4114	DDBD34E6-F962-A2B4-FB34-9D21E3F77F80
4115	-95.5 -856 386
4116	98EAF51D-329C-20B1-68C8-35E34A2440C3
4117	pf825024b2885ca420_auto2108
4118	jup_infil_palfa_run
4119	2642E5DD-9295-7B7E-394B-EF5603F5B9EC
4120	pf62d54d3781424369_auto2108
4121	180.5 -980 269.453
4122	4D34C6B8-BF4B-11ED-8EF3-B0A460E8079B
4123	73483223-AC61-11ED-8ED8-B0A460E8079B
4124	-1133.1 -1419.4 234.837
4125	1BA9FA43-0AA9-4CA8-1C7E-BFF3871DAD92
4126	pf80b13b3a2ba73ca3_auto2108
4127	532F81A6-BF4B-11ED-8EF3-B0A460E8079B
4128	1092.5 2476 382
4129	970.88 188.214 195
4130	1426.5 -613 310
4131	CEC07B6B-B773-11ED-8EE5-B0A460E8079B
4132	pff591d1838b4d209c_auto2108
4133	36152745-3624-2019-4A04-F65E2FC378E5
4134	CEC07AA5-B773-11ED-8EE5-B0A460E8079B
4135	1FA6544A-C579-C40B-A826-36CD110B3E40
4136	1163.5 1038 82
4137	B5ABCAC1-25DF-0C0F-C0E8-F70727FCA395
4138	94AD0B3B-F2BE-9239-BEE5-FB140350A828
4139	pf93d0dae1a5891228_auto2108
4140	0AB5E4E8-9936-1F01-4778-0E34D11EA0B3
4141	vfx/jup/level/mp_jup_quarry_alt/vfx_quarry_alt_vista_chain_01
4142	E1469B81-7613-11EE-9595-68545AD2D871
4143	86A3E429-7611-11EE-9595-68545AD2D871
4144	0 201.999 0
4145	CEC07AE1-B773-11ED-8EE5-B0A460E8079B
4146	57676896-6C8D-11EE-959F-68545A904D17
4147	vfx/jup/level/mp_jup_quarry_alt/vfx_quarry_alt_bubbles_surface
4148	64295A7B-6C8D-11EE-959F-68545A904D17
4149	BEF423A4-6C89-11EE-959F-68545A904D17
4150	pf18bdaaa55cda413c_auto715
4151	pf9d4b24b757578b10_auto2108
4152	4E2DE9A0-AA18-6A75-B488-C5887335F619
4153	-1059.5 304 202
4154	78C2DFDA-B784-11ED-8EE5-B0A460E8079B
4155	414DC8FF-A934-F9E4-08F4-F02E97170D5C
4156	1664 2828 428.104
4157	0 78.6926 0
4158	0 8.33422 0
4159	D4BAD3A8-B773-11ED-8EE5-B0A460E8079B
4160	647026A9-F401-11ED-8F25-B0A460E8079B
4161	67EE9794-C1A7-11ED-8EF4-B0A460E80798
4162	1F01C33B-97CC-A402-A3D4-1A1E9487E902
4163	479B5AA8-A3EB-C57B-2226-2FEF08BA66A0
4164	CEC07BA4-B773-11ED-8EE5-B0A460E8079B
4165	1042 3528 413.227
4166	pfdcc225bba8a5a95d_auto2108
4167	FBCEE511-30CC-2E4E-1606-7773EBC141C5
4168	1943.89 -148.017 358
4169	pf5d261673e76fa4e5_auto2108
4170	016C4E3D-6C52-11EE-9592-68545AD2D871
4171	0 269.991 0
4172	palfa_infil_exit_10
4173	1023.83 806.341 126.534
4174	173B7ADD-90C3-7BF7-9CC5-80CE3667579A
4175	D95556A1-A398-C2E3-AD45-124B08CAAB68
4176	4A4EF00B-CDF4-6620-6F0E-E428822E5D10
4177	93C804DD-7610-11EE-9595-68545AD2D871
4178	8333F8AA-008B-8D63-1E14-3E209704F795
4179	9CE1A60C-0AF7-44C3-675C-DFBAC6896F06
4180	6622108E-7611-11EE-9595-68545AD2D871
4181	metal_chain_01_draped_dyn
4182	-143.5 3734 461.329
4183	647AAF3A-3AF4-AA61-B15E-C1F5565B7D07
4184	pf7762491e434ded24_auto2108
4185	2390.75 1203.75 422
4186	pf404cd46bf39c5efc_auto2108
4187	-284 3504 432
4188	B566A74C-1A1A-1851-C909-9646A09AB969
4189	-651.5 3392 440.25
4190	A5A2423B-6B39-11ED-8E9E-B0A460E8079B
4191	-1072.8 -1353.9 219.203
4192	EE827A71-A6E5-11ED-8ED1-B0A460E8079B
4193	-3.5 -740 274
4194	796 3496 390.143
4195	2987F02D-AC62-11ED-8ED8-B0A460E8079B
4196	756.5 -940 287.558
4197	2446.3 1664.8 400.389
4198	4197362E-1D33-EEC3-CFF8-78A786A33F18
4199	C8C7EB32-B773-11ED-8EE5-B0A460E8079B
4200	scriptable_chair_folding_folded
4201	523BD12C-760F-11EE-9595-68545AD2D871
4202	731381E6-C1A7-11ED-8EF4-B0A460E80798
4203	86A3E43D-7611-11EE-9595-68545AD2D871
4204	-54.25 3726 450.75
4205	04AAD970-3B5A-4A95-393E-79F50CEEA20E
4206	71D32114-B784-11ED-8EE5-B0A460E8079B
4207	95569A4E-62BD-E050-878B-F039E17FB77F
4208	-1135.5 828 198
4209	0 248 0
4210	-87.5 -384 238
4211	1C71AAA8-4267-7F69-9DFD-0EA0B128D5FA
4212	1869.5 3580 454
4213	-427.5 2060 162
4214	593620D0-BF4B-11ED-8EF3-B0A460E8079B
4215	CEC07AB4-B773-11ED-8EE5-B0A460E8079B
4216	3259B5F7-6A38-D3E0-12F6-A6F7C6607714
4217	jup_infil_shared_movement_pre
4218	loot_container
4219	532F817C-BF4B-11ED-8EF3-B0A460E8079B
4220	pfa7ff0053be21eac6_auto715
4221	0 278.687 0
4222	0 139.988 0
4223	pfa9aef0b5a3d03821_auto2108
4224	-1136.8 -1353.9 223.359
4225	20BD9696-F402-11ED-8F25-B0A460E8079B
4226	-95.5 -856 394
4227	47349A61-BF4B-11ED-8EF3-B0A460E8079B
4228	-470 3734 452
4229	53CAB7B0-DB4F-EAE9-75D7-AD03523E64E6
4230	D4BAD303-B773-11ED-8EE5-B0A460E8079B
4231	0 235 0
4232	593620BB-BF4B-11ED-8EF3-B0A460E8079B
4233	1383.25 -727.5 324.171
4234	jump_down_40
4235	jump_down_80
4236	-1198 -1354 224.914
4237	0 216.395 0
4238	6B899DC2-6C7F-11EE-959F-68545A904D17
4239	C8C7EB38-B773-11ED-8EE5-B0A460E8079B
4240	CEC07AD8-B773-11ED-8EE5-B0A460E8079B
4241	94291D1F-48D6-3551-F7A8-35916105898E
4242	76F124C2-7E82-7E8D-10B5-46D2D5296968
4243	0 1.99403 0
4244	92BEC53F-7FB0-740B-319A-15020FA5EFBF
4245	1887597C-0606-0EC4-9860-3516A06C08CC
4246	-936 1388.5 174
4247	59362109-BF4B-11ED-8EF3-B0A460E8079B
4248	1728.41 -404.224 338
4249	8407AF36-84B9-105C-696B-E3714385D0EE
4250	0A7EA2E7-D1DD-E346-7A4A-B67152F046E8
4251	C8C7EB65-B773-11ED-8EE5-B0A460E8079B
4252	C326FE5F-C086-BB3B-998C-E3170B4B3BD8
4253	0 244.996 0
4254	scriptable_construction_doors_metal_b_02_mp_blue
4255	81D5DA98-E0A8-8399-421E-94D4A29CFFCB
4256	A4F77E86-6C7E-11EE-959F-68545A904D17
4257	5936206D-BF4B-11ED-8EF3-B0A460E8079B
4258	-1576 750.5 207.145
4259	BF687916-B2B5-840D-6759-6571789F668D
4260	3F1DEF6A-8492-0029-D9A9-6DC9F36EC30A
4261	A00A55D5-7610-11EE-9595-68545AD2D871
4262	2664.5 2220 542
4263	0 44.9926 0
4264	14743256-F402-11ED-8F25-B0A460E8079B
4265	A691BC38-E9CB-9066-0FF7-429FBAAE01D1
4266	F7748DCF-FF8F-8CC8-AFE2-212B6A531C9B
4267	C98024B7-FB54-682B-3093-111BF15B826F
4268	pf9b44c726ff80b8f4_auto2108
4269	0 330.712 0
4270	968 3632 406.786
4271	A398610D-CDFC-912D-8E25-02DDB925B5EF
4272	0 57.9928 0
4273	D4BAD330-B773-11ED-8EE5-B0A460E8079B
4274	pfd74fcf85ea77c5ea_auto2108
4275	2526.3 1472.8 400.389
4276	D4BAD2DF-B773-11ED-8EE5-B0A460E8079B
4277	532F8164-BF4B-11ED-8EF3-B0A460E8079B
4278	un_industrial_wooden_pallet_01_chip
4279	21938601-3052-79A8-294F-A822A84C2BCF
4280	4D34C65B-BF4B-11ED-8EF3-B0A460E8079B
4281	B7CA7A2F-B775-11ED-8EE5-B0A460E8079B
4282	pfeafa7b6ee1ae8dcd_auto716
4283	47349A58-BF4B-11ED-8EF3-B0A460E8079B
4284	1098A276-3A2D-4228-CBAE-D40E08AD0E71
4285	1137 -638 302.359
4286	0 234.991 0
4287	0 234.999 0
4288	8CB55595-0BD1-4EEC-0991-F09DA6E244FB
4289	-1200.8 -1353.9 233.343
4290	pf3bfc5bb751cd2ceb_auto2108
4291	30EF42F4-7606-11EE-9595-68545AD2D871
4292	pf86c51d9a4248fd53_auto2108
4293	D4BAD3C6-B773-11ED-8EE5-B0A460E8079B
4294	2311.5 2773 456.567
4295	677.1 3648 406.26
4296	-1134 -1292 212
4297	8E0C1E09-E17A-15D3-CCBD-F2502AFA36C1
4298	0 166.061 0
4299	pff95e4783ba9b9096_auto2108
4300	pf760dc747ad0841eb_auto2108
4301	0 192.196 0
4302	DAB3E46B-B773-11ED-8EE5-B0A460E8079B
4303	0 154.99 0
4304	593620C7-BF4B-11ED-8EF3-B0A460E8079B
4305	pf6731088e9fd6c24e_auto2108
4306	explode_right_90
4307	A72CA6CF-7607-11EE-9595-68545AD2D871
4308	0D17B90B-F401-11ED-8F25-B0A460E8079B
4309	B82B6239-C7E9-3843-0A20-1F83B0AB7A4F
4310	B854FE6F-43E4-612E-AEDA-E91738F4AC1E
4311	8136680F-2761-8321-DF5C-1A64161C8632
4312	0F481DC5-3BA7-0D45-B679-F5AF6527C0FD
4313	vfx/jup/level/mp_jup_quarry_alt/vfx_quarry_alt_steam_rising_area_01
4314	5144AEB7-489A-5AD6-BEDC-F38EFDB8452B
4315	5E71F35E-F401-11ED-8F25-B0A460E8079B
4316	EAD108EA-9724-533D-236A-88BD1ED4345D
4317	pfc9084fdf3a844cfb_auto2108
4318	9DDF989E-7905-11EE-95A8-68545A904D17
4319	2446.3 1600.8 400.389
4320	0 264 0
4321	1850 3146.5 449.349
4322	65239748-1B7F-9CBE-6B13-AEE04C7A4E57
4323	pfb032b0580109e017_auto2108
4324	2BC3AE70-0D83-2E57-BEC9-84164D5457C9
4325	C044044D-8EB2-5B70-4CA2-D32507324F71
4326	pfb718272c68d65d76_auto4
4327	-1008.8 -1289.9 216.61
4328	D61D34D2-C1A7-11ED-8EF4-B0A460E80798
4329	-362.75 3106.5 432
4330	A0974A83-2343-A05A-57FA-3E84BBE3EE92
4331	764 3560 399.042
4332	55E8A20C-C5DF-9C00-3B8F-EC7A4C58F88B
4333	806.199 3500.8 393
4334	D4BAD38A-B773-11ED-8EE5-B0A460E8079B
4335	A70CBCC2-7614-11EE-9595-68545AD2D871
4336	ABF3D71B-D75C-5B84-7EFC-D38FD6531C08
4337	2616 1536 408
4338	-1379.5 -52 202
4339	auto_veh8_ind_lnd_buniform_static_cfx.map
4340	D10872F2-7604-11EE-9595-68545AD2D871
4341	-1560 -680 236.869
4342	pf74811edb0f70c457_auto716
4343	pf52bab3c8c8d5e0bd_auto2108
4344	7890CDB1-AE92-FF65-9797-54B17B719363
4345	2640.5 1340 410
4346	7C014253-8169-1959-6D5E-6BBA04394628
4347	F270ADD2-8076-87DD-62F4-730C68B54824
4348	6AA5ADF0-7905-11EE-95A8-68545A904D17
4349	-1072.8 -1225.9 208.869
4350	135DB8F4-F401-11ED-8F25-B0A460E8079B
4351	0 95.9861 0
4352	73483239-AC61-11ED-8ED8-B0A460E8079B
4353	60F5B5A6-5A99-C978-8EBE-D9FD44D1D6A9
4354	F9427070-6C8C-11EE-959F-68545A904D17
4355	061D9F50-BD66-2667-2A41-0C50DBF2E5A9
4356	3117B4B6-69FC-AB0F-B734-739525469D8C
4357	-1525.5 112 218
4358	DAB3E42F-B773-11ED-8EE5-B0A460E8079B
4359	-774.75 -287.5 248.75
4360	0 90.3343 0
4361	pf5a139e15f1e62926_auto2108
4362	scriptable_un_office_storage_box_01
4363	1A7F8DC4-F402-11ED-8F25-B0A460E8079B
4364	D61D34D8-C1A7-11ED-8EF4-B0A460E80798
4365	DB715385-887A-11E6-89CF-0F1F5A0E1E73
4366	6A57E356-6C8D-11EE-959F-68545A904D17
4367	pf8715e67a8f54ba14_auto2108
4368	D4092850-6C8D-11EE-959F-68545A904D17
4369	4FEF2AEE-26B8-C721-648A-F9C76A38A318
4370	1DEA87F5-25C9-9A22-FA02-DB7A7B44EDE2
4371	924.5 2476 382
4372	C61A368F-29F2-2574-24E8-F1795A5FF712
4373	47349A67-BF4B-11ED-8EF3-B0A460E8079B
4374	04D0773C-328D-003B-48EA-0C63CE162E35
4375	179D01C5-7593-268E-E1C2-E1F858EF245E
4376	0 294.988 0
4377	-977.5 -1312 242.834
4378	EB8D223B-0397-11EE-8F30-B0A460E8079B
4379	2A1AE066-5AD3-4CC3-CC88-C267D691644F
4380	mp_control_spawn_defender_start
4381	AAE5A96A-6055-11ED-8E8E-B0A460E8079B
4382	-967.5 552 212.078
4383	8E243C71-21E4-7F1F-49FF-237ACD708FF5
4384	-1006 -1418 242.885
4385	2393.12 871.67 375.532
4386	0 89.9945 0
4387	pfba4c461e8abead49_auto716
4388	7067C342-F40D-11ED-8F25-B0A460E8079B
4389	824.7 3429.2 402.825
4390	98496BC3-6B39-11ED-8E9E-B0A460E8079B
4391	pf42b2d9afd4a8b258_auto716
4392	pf71f8974497b21855_auto2108
4393	59362079-BF4B-11ED-8EF3-B0A460E8079B
4394	575856FD-443F-45A3-9915-BF13D0815499
4395	BEE26B0B-4B03-B16E-334E-740B0D76F268
4396	pf3928c20840faa25a_auto2108
4397	pfb70866a39dfc2cf9_auto2108
4398	451A339A-7451-C217-DB97-1DBBE27E8564
4399	864 3416 402.6
4400	E81A0ED3-760E-11EE-9595-68545AD2D871
4401	mp_koth_spawn_allies_start
4402	365.693 2639.04 410.009
4403	BE415113-7E11-0F80-AC62-276573C41B4D
4404	-535.5 -880 394
4405	700 3624 411.844
4406	pf59bcfabf34bab7c3_auto2108
4407	pf6a713ae4f599d983_auto2108
4408	9DDF98A3-7905-11EE-95A8-68545A904D17
4409	59362073-BF4B-11ED-8EF3-B0A460E8079B
4410	224.5 48 222.5
4411	1EAFC254-8538-131D-D99A-115206E89318
4412	-1070 -1290 209.328
4413	D9F01019-10C6-B1A4-78FD-2A8F575F415A
4414	686BD108-187C-A774-4E41-281154D0B7F7
4415	0 232.993 0
4416	un_office_binder_open_01
4417	-484 -882 264
4418	2F9A4234-BDE4-7B99-B74D-4B5A9CC8FCA5
4419	285E6D8B-15F9-E4FE-01E4-3FFC80F17D74
4420	64295A49-6C8D-11EE-959F-68545A904D17
4421	0 215.985 0
4422	E5BC06C1-5F36-BF14-0CA5-734D4974C516
4423	0 50.7118 0
4424	1519.5 2032.5 414
4425	-1427.5 -886 242.025
4426	vfx_quarry_alt_sunflare
4427	4D34C6AF-BF4B-11ED-8EF3-B0A460E8079B
4428	0 90.9996 0
4429	060D1C51-1E18-5C6F-FA16-327A55812166
4430	D014E90A-C1A7-11ED-8EF4-B0A460E80798
4431	3E7C821E-088F-FB76-9F26-07F07CF4BFDE
4432	-1061.48 1867.76 116.525
4433	0 18.7118 0
4434	frozen
4435	956 3560 405.131
4436	-1007.5 1640 126
4437	0 270.335 0
4438	0 244.789 0
4439	739AFBEA-9BA8-FF57-795D-2A9A726FB474
4440	pf7519c1becc81d614_auto2108
4441	509F17CD-16E5-F34F-96EA-DCC5F92C625B
4442	16529D46-7E88-1D2A-80CD-C84BFF5C4CF6
4443	522593EA-FEE8-45A9-9F78-6C98FB1B3C68
4444	784 -806 282.668
4445	1793 1693 414
4446	970.88 188.214 198
4447	-582.75 -527.5 264
4448	DAB3E495-B773-11ED-8EE5-B0A460E8079B
4449	pfa8da32ef966ff2bf_auto2108
4450	CEC07B65-B773-11ED-8EE5-B0A460E8079B
4451	26B2D3E0-6545-CD6E-4D3E-E3C1786436AC
4452	2746C264-2765-CB93-F47B-09E40083AD3E
