   1	pf10df907b99966d6d_auto2108
   2	8E7F9003-965D-11ED-8EC0-B0A460E80798
   3	AEBFF9D7-5934-11ED-8E86-B0A460E8079B
   4	60C29A1C-2BBB-E92C-1A32-01AFD0D1FD8C
   5	-423 -27 40.5
   6	61F793A1-5D37-F5E4-414A-67E3889CD53A
   7	C1121059-7165-C13F-8D12-D36B6CB859EC
   8	pff47b1fa106d8e41f_auto2108
   9	D770301A-5BE0-14D2-DCCD-3E7459DFF174
  10	F5E98058-B199-BC7F-D4F5-9CEC4B716EF6
  11	pf6a676783997415a6_auto2108
  12	2AB5B9BA-C432-E3D4-5EE7-0B9D166F4CBF
  13	582 1824 36
  14	1E420EA7-CEED-1C13-8E52-660D04524EE2
  15	634A8C87-6934-11ED-8E4F-68545AAC0192
  16	pf8d9319c1b3a7c1c8_auto2108
  17	4C78F0CF-6FFB-11ED-8EA3-B0A460E8079B
  18	96DB7EB9-965F-11ED-8EC0-B0A460E80798
  19	1607 713 36.5053
  20	vfx/jup/level/mp_jup_rust_02/vfx_rust2_flare_blue_01
  21	CB27CCEB-6FFB-11ED-8EA3-B0A460E8079B
  22	1386.36 -184.052 36
  23	pfb1d8b635b2628ba8_auto2108
  24	-20.5 121.5 17.4073
  25	DECA5E2E-6FF3-11ED-8EA3-B0A460E8079B
  26	4D0EF3DC-EE49-D3E4-6767-31140692AC5F
  27	pfc256dde2a4819ad7_auto2108
  28	4C78F0B1-6FFB-11ED-8EA3-B0A460E8079B
  29	-552 1656 40.4709
  30	1636 1392 31
  31	-328 264 16
  32	1597.25 -97.25 40
  33	A6F4F4EB-5934-11ED-8E86-B0A460E8079B
  34	AB97D32E
  35	-367.974 649.817 32
  36	ik_out_start_right_hand
  37	0F9693B7-9CAF-7170-EC66-DCEC599C8590
  38	8D87C946-C102-1CE8-6F3D-7F6B8989FE26
  39	F402129F-9647-F28F-1F64-7FCF620EC1DA
  40	tag_wheel_center_back_right_flat
  41	vfx_twr_falling_dust_ch2
  42	E936B247-711D-A3EF-2A9C-636BBA08073D
  43	vfx/iw9/level/mp_davos/vfx_davos_steam_vent
  44	0 49.9995 0
  45	infil_van_6
  46	tag_origin
  47	-48 1352 36
  48	CB27CD15-6FFB-11ED-8EA3-B0A460E8079B
  49	1 2 3 4 5
  50	8A1E75F1-9C8C-702D-D6EB-17AA6BE03A8A
  51	0C697030-E536-260C-86B1-784A8AA2538B
  52	9DC938E8-9CA9-11ED-8EC7-B0A460E8079B
  53	51381D76-9CAA-11ED-8EC7-B0A460E8079B
  54	44580596-6A10-A2BF-3913-6D84AC59EA2E
  55	3BB1EE27-71CA-DFD0-1DEF-E58863524A16
  56	0A99DBAD-A0BD-11ED-8ECA-B0A460E8079B
  57	-116.5 1803.5 20
  58	B48AE375-8303-32B3-C299-E13F380E4A8E
  59	pf805649e72d484b98_2 pf805649e72d484b98_5
  60	44DB0D8F-6502-11ED-8E95-B0A460E8079B
  61	-20.5 1711 36
  62	752 688 17.856
  63	CB27CCE8-6FFB-11ED-8EA3-B0A460E8079B
  64	-360 -168 30
  65	vfx/jup/level/cp_jup_dam/vfx_dam_electric_falling_sparks
  66	DECA5E76-6FF3-11ED-8EA3-B0A460E8079B
  67	0 89.9986 0
  68	4C78F018-6FFB-11ED-8EA3-B0A460E8079B
  69	07D149F5-79B0-11EE-8F84-B0A460E769BC
  70	0 89.9997 0
  71	2DF35B3C-5934-11ED-8E86-B0A460E8079B
  72	FE0E8B2B-0F91-11EE-9584-68545AD2D871
  73	CB27CCA6-6FFB-11ED-8EA3-B0A460E8079B
  74	-408 -28 32
  75	4F90A8D6-9CAB-11ED-8EC7-B0A460E8079B
  76	68628EA9-142F-5C43-8E1D-40679F0C9C38
  77	vfx/jup/level/big_map/vfx_jup_bm_falling_dust_ch_01
  78	-372 24 22.2473
  79	A843737E-63C7-BBA2-9ADE-E47415634B6E
  80	16F00FCA-9CB2-11ED-8EC7-B0A460E8079B
  81	1C8A4036-9CAB-11ED-8EC7-B0A460E8079B
  82	mp_dd_spawn_attacker_start
  83	27A26069-610D-0667-C9FB-2C5FA2FD60A4
  84	-416 -32 32
  85	vfx_apt_dust_falling_ch_03
  86	pfe24411c8963009cb_auto715
  87	9FA84ED0-D114-197F-863A-A1ED432D5529
  88	0 165.999 0
  89	mp_dd_spawn_defender_b
  90	infil_van_iw9_2
  91	-432 720 20
  92	6C0A3F1B-9CAB-11ED-8EC7-B0A460E8079B
  93	-97 204 16.2582
  94	D5CC312D-6FF2-11ED-8EA3-B0A460E8079B
  95	6C0C8265-5933-11ED-8E86-B0A460E8079B
  96	-208 316 20.7544
  97	42E98CBC-EDA2-0C65-B2D8-5F9D1D3042A4
  98	1700 1392 31
  99	mp_control_spawn_attacker
 100	vfx/iw9/level/mp_wartorn/vfx_wartorn_blowing_sand_med
 101	1616 524 42
 102	DECA5DCE-6FF3-11ED-8EA3-B0A460E8079B
 103	anim_explosion
 104	07D149CB-79B0-11EE-8F84-B0A460E769BC
 105	A542A447-B1EC-9D79-A839-90B9178AC211
 106	096C1543-0CBB-11EE-9584-68545AD2D871
 107	281650D1-3F4A-DF04-03AB-2B1705DA1DAB
 108	pf9b967855240d96f_auto9
 109	07D149C8-79B0-11EE-8F84-B0A460E769BC
 110	634A8D04-6934-11ED-8E4F-68545AAC0192
 111	984D11B5-0F80-11EE-8F3F-B0A460E8079B
 112	4F90A8E1-9CAB-11ED-8EC7-B0A460E8079B
 113	0 90 0
 114	200 1764 32
 115	DB73B883-F1BD-BB69-E38A-CF0AC8A6D119
 116	98B01B9B-8067-11ED-8EB3-B0A460E8079B
 117	ECAE01C6-BBC2-48A0-1232-13425D030968
 118	98245923-EDBA-1FE5-78C5-0AA6C8D81F27
 119	CB27CC94-6FFB-11ED-8EA3-B0A460E8079B
 120	D9759168-2E62-581B-C0A1-6870481CF5A3
 121	vfx_global_falling_dust
 122	1596 1504 40
 123	mp_dd_spawn_attacker_b
 124	20255E2D-E268-D9BF-488A-5895A727EA9F
 125	icon
 126	B61294BF-5070-E6E3-2760-0AB7F1CA18E6
 127	0 45 0
 128	jup_infil_blima_rope_kick_right
 129	07D149E6-79B0-11EE-8F84-B0A460E769BC
 130	tag_windshield_front_web
 131	0 106.123 0
 132	pf5c33939002b29ba1_auto2108
 133	0 268.999 0
 134	753F6A96-9ACC-C0B2-9445-C44B0CB30F1E
 135	infil_blima_4
 136	-353.93 400.167 32
 137	6BA2CF29-A0B9-11ED-8ECA-B0A460E8079B
 138	0 178.544 0
 139	F24BB862-D78F-61DF-6FC7-14F5230C9954
 140	D0F21731-5509-2146-8072-92FFC12C0C92
 141	7441CBC2-7EC6-FCB4-7C7F-8ADE21A78379
 142	tag_light_back_left
 143	A9146842-B7F6-537C-EAC7-307249087487
 144	2F4EFFC8-5641-9E59-287D-C9DAE45A3A91
 145	1612 1276 40
 146	E6895283-F174-C127-37F1-4D0ADD44997F
 147	92685BF7-F585-22F1-3390-88AC1495E2F9
 148	van_infil_sfx_npc4
 149	CFEBFB63-3D6F-C2B0-A64B-9BCB9BB68D76
 150	pf95914c8ea12fe78a_auto2108
 151	88F8EAE4-BDFB-E37B-CA9A-9E92EB96121C
 152	vfx
 153	0 69.9994 0
 154	F89530F6-5B7B-11ED-8E8A-B0A460E8079B
 155	CACCEF66-9A20-307A-404C-CB63248D0E64
 156	pf8311be94989563d0_auto2108
 157	D19DF370-AF27-5A5B-6F54-3C78A7BC3759
 158	pf8dc78a852a8a115d_auto2108
 159	601A9E40-BAA9-422F-52A1-4A9507D50AFB
 160	DECA5E3A-6FF3-11ED-8EA3-B0A460E8079B
 161	1624 -64 35.358
 162	-315.059 14.9093 26
 163	D521CD81-502E-EDCF-7AE8-93FB93691F16
 164	28 72 20.2814
 165	pf805649e72d484b98_1 pf805649e72d484b98_2 pf805649e72d484b98_3 pf805649e72d484b98_4
 166	-419.677 1626.85 36.1579
 167	802C81AF-B541-21B8-E14E-F76D0F6AB687
 168	-300.5 1754 20
 169	DECA5DE0-6FF3-11ED-8EA3-B0A460E8079B
 170	4584E0AE-0D6E-9EEF-9854-1BBE26C4D225
 171	BC7F2294-88AE-30F9-C4B9-FC3F0E2B13E3
 172	CB27CD3F-6FFB-11ED-8EA3-B0A460E8079B
 173	E7444A0D-0CBA-11EE-9584-68545AD2D871
 174	5B80BB76-C700-7269-5898-0573BA5D8571
 175	CB27CD27-6FFB-11ED-8EA3-B0A460E8079B
 176	077C16E0-E64D-2427-B0C9-01EDEFF3720F
 177	42AE899F-CB00-A694-84FC-54794B8E9887
 178	01834868-0CBB-11EE-9584-68545AD2D871
 179	CCDC1A78-5B7A-11ED-8E8A-B0A460E8079B
 180	1574 -146 19.1596
 181	634A8C73-6934-11ED-8E4F-68545AAC0192
 182	-160 -192 32
 183	mp_dm_spawn_start
 184	0 104.999 0
 185	03DE3DF0-5216-F105-A5A5-81CE908BBEFB
 186	CB27CD09-6FFB-11ED-8EA3-B0A460E8079B
 187	3D2D9BD0-0F81-11EE-8F3F-B0A460E8079B
 188	D5CC3127-6FF2-11ED-8EA3-B0A460E8079B
 189	0 339.735 0
 190	mrap
 191	0E87CFE8-DF9B-6C14-8A98-12F8FFB38214
 192	E5291A96-7775-209E-0310-E69CEDC3743B
 193	pfe048e9087c066e5a_auto716
 194	-528.793 1634.23 35.7461
 195	0F5E2F59-5DAF-5855-5BBC-8237DB9FD6DB
 196	mp_dom_spawn_allies_start
 197	pf805649e72d484b98_1 pf805649e72d484b98_3 pf805649e72d484b98_4
 198	4C78F024-6FFB-11ED-8EA3-B0A460E8079B
 199	mp_arena_spawn_axis_start
 200	0 49.999 0
 201	0 51 0
 202	idle
 203	72A79FD2-1324-28EC-9BFD-F9BCA69A3319
 204	4C78F0A5-6FFB-11ED-8EA3-B0A460E8079B
 205	DECA5DC2-6FF3-11ED-8EA3-B0A460E8079B
 206	E31E5150-0C22-33A2-A272-885234D5F4B4
 207	2D43442A-2A2A-20D2-B900-6F75A68DAF76
 208	splash_listener
 209	8159ED35-30E6-2AFE-F888-B561BDF483F9
 210	3CA53A89-D244-3B87-87FA-E70949572290
 211	infil_blima_3
 212	1592 1512 40
 213	pf805649e72d484b98_auto3181
 214	D6F0401A-0F81-11EE-8F3F-B0A460E8079B
 215	-187.561 608.159 22.4187
 216	1D2DB942-9CA9-11ED-8EC7-B0A460E8079B
 217	70CC3CEE-57B0-016C-B2C7-87DE872845C1
 218	1363 1520 19.6657
 219	pf6772cd433b6765f9_auto2108
 220	DECA5E07-6FF3-11ED-8EA3-B0A460E8079B
 221	F82ECBD4-DBD1-DCCC-0A44-D5942F84E9C9
 222	front_left
 223	7C936DC7-C3D0-2795-5BE7-CFACF78D9F95
 224	723A033B-D02E-7B0D-6071-5C5BDF750DB3
 225	07D149D7-79B0-11EE-8F84-B0A460E769BC
 226	C3EC7F38-5934-11ED-8E86-B0A460E8079B
 227	F04D1693-5B79-11ED-8E8A-B0A460E8079B
 228	F74CE2E4-0F6B-70F8-23FD-AC7061272E54
 229	1624 -64 41.358
 230	vfx/jup/level/sp_jup_kickoff/vfx_kick_tunnels_dust_falling_02
 231	vfx/jup/level/cp_jup_dam/vfx_dam_electric_falling_sparks_ch
 232	01E6D4B8-8054-F21D-3315-B146E6060702
 233	831ADE3D-A0B9-11ED-8ECA-B0A460E8079B
 234	tag_wheel_center_front_right_flat
 235	-426 1096 32.041
 236	-56 1320 32
 237	1768 1120 32
 238	3A95719B-7E96-171F-1800-94840E181302
 239	-419.206 694.352 32
 240	0 44.9976 0
 241	pfb315a3ed4f7757c7_auto2108
 242	880F6213-62F7-3391-7D36-AD5197A31684
 243	vfx_estate_uni_sprk_elec_01
 244	CC27D00A-5934-11ED-8E86-B0A460E8079B
 245	0 164 0
 246	D89247A0-5B79-11ED-8E8A-B0A460E8079B
 247	1727.72 1259.06 34.25
 248	93FD29E3-1130-9500-BDE5-CC31C0C9E1DF
 249	1611 1311 39
 250	D1E3044F-9837-903E-7F19-904996E5883C
 251	6DA140CE-0F80-11EE-8F3F-B0A460E8079B
 252	pf805649e72d484b98_auto12029751631181262858
 253	B9BCE88E-0CBA-11EE-9584-68545AD2D871
 254	A70E7B43-E825-3057-4563-CB446BE791E9
 255	-392 1368 33.1902
 256	021ADA0A-5B7B-11ED-8E8A-B0A460E8079B
 257	992 652 20
 258	D5CC313C-6FF2-11ED-8EA3-B0A460E8079B
 259	77EEF98F-9CD2-11ED-8EC7-B0A460E8079B
 260	1712 1120 40
 261	vfx_emb_pipe_steam_pressure
 262	D50D4461-0F91-11EE-9584-68545AD2D871
 263	CB27CD2D-6FFB-11ED-8EA3-B0A460E8079B
 264	-201.5 -57 24.5
 265	4C78F01B-6FFB-11ED-8EA3-B0A460E8079B
 266	9B51ACCC-5243-DF81-98B9-7CDB06B54CDA
 267	vfx/iw9/level/shadowbase/vfx_shdb_wind_blowing_sand_slow_ch
 268	door_back_right
 269	9FB7FDAB-0D77-8BA8-DED3-478F6F4B0C7F
 270	634A8CDC-6934-11ED-8E4F-68545AAC0192
 271	CB27CD48-6FFB-11ED-8EA3-B0A460E8079B
 272	CB27CD3C-6FFB-11ED-8EA3-B0A460E8079B
 273	0 83.994 0
 274	1356 -190 21.9555
 275	961743F5-6C83-49B5-29EF-0B42E018D7B5
 276	DECA5E49-6FF3-11ED-8EA3-B0A460E8079B
 277	4C78F078-6FFB-11ED-8EA3-B0A460E8079B
 278	8F2A6DC8-1D10-763B-AADC-9C69E422A915
 279	FFA72FF4-9239-604F-4854-85E0B15E04EE
 280	DF4585C2-5933-11ED-8E86-B0A460E8079B
 281	D4B87C7F-9FD0-8F1A-BB31-603A100D1096
 282	3EC4997F-E760-1650-0CDE-3949E8FDA4D0
 283	BF2932F9-9CA9-11ED-8EC7-B0A460E8079B
 284	0 230 0
 285	-254 -58 32
 286	CA32ADD1-4EF6-513E-D9E9-4C43630DA796
 287	vfx_apt_dust_falling_doorway
 288	634A8CEB-6934-11ED-8E4F-68545AAC0192
 289	scn_infil_van_npc6
 290	pf3b8e2209b7dff9c1_auto716
 291	224 -80 28.5
 292	A502E967-C271-F7B0-8F16-21C4EB5E9EC6
 293	light_front_left
 294	vfx/jup/level/mp_jup_rust/vfx_blowing_sand_ground_volume
 295	94E41EFC-5934-11ED-8E86-B0A460E8079B
 296	vfx/jup/level/mp_jup_rust/vfx_sparks_01
 297	A5FDE546-2CA8-2E57-F2E1-D9FEA377C233
 298	DECA5E19-6FF3-11ED-8EA3-B0A460E8079B
 299	0 92.733 0
 300	634A8CC3-6934-11ED-8E4F-68545AAC0192
 301	mp_cmd_spawn_allies_start
 302	pf1c0cae6099838cc3_auto715
 303	1764B4D2-5579-91D9-B10B-0E6019F3F723
 304	43AC46A9-D035-84B1-DFC1-43132ED28CDE
 305	shake_parked
 306	12C4697B-7B8F-B5CF-ECA2-745F92F9140C
 307	89CEA638-0CBA-11EE-9584-68545AD2D871
 308	-424 1128 27
 309	CB27CCB2-6FFB-11ED-8EA3-B0A460E8079B
 310	back_right
 311	vfx/jup/level/mp_jup_rust_02/mp_rust2_sandstorm_01
 312	597797E1-E6AC-3BEF-794D-F0F3B4E22EDD
 313	pf85b855240ae9ac3b_auto2108
 314	DECA5E46-6FF3-11ED-8EA3-B0A460E8079B
 315	5D2192AC-0F93-11EE-9584-68545AD2D871
 316	-508 1792 30
 317	1624 1592 40
 318	4A904071-0757-F024-D409-8C38F1664C86
 319	359F2747-5D33-DAF6-8E3D-E894A13E26EB
 320	12C3709D-0F84-11EE-8F3F-B0A460E8079B
 321	580 -95.5 38
 322	47382D98-D6D6-4D38-E373-07E529B61803
 323	vfx/iw9/level/shadowbase/vfx_shdb_tower_sparks_rnr_1
 324	D01E31E9-3C7A-1F74-A6FB-A4C12ED44937
 325	07D149C5-79B0-11EE-8F84-B0A460E769BC
 326	1304 1520 20
 327	FE16F5DD-8068-11ED-8EB3-B0A460E8079B
 328	1454 -178 16.5957
 329	F76608AE-8068-11ED-8EB3-B0A460E8079B
 330	1506 893 24.6655
 331	7D2F8ECB-6E86-27F8-D126-65C9C6A991B6
 332	DECA5E79-6FF3-11ED-8EA3-B0A460E8079B
 333	EBD0B220-D3C6-9E7B-6259-3AF68147729D
 334	9307134D-E53C-3D83-D662-11772405C463
 335	A30AE1FE-6FF2-11ED-8EA3-B0A460E8079B
 336	A98B8A95-04AA-268B-D24A-79E050AF4674
 337	onoff
 338	1554 92 26
 339	EDD6E517-E612-4822-EBA8-3403C9D58EC0
 340	800 1844 36
 341	pf1f0c67f1a704c561_auto2108
 342	F6553EC0-8E8C-5E6C-5845-24A07D80A2A8
 343	1393.88 -181.316 36
 344	1695 1794 31
 345	12552AAC-5935-11ED-8E86-B0A460E8079B
 346	1597.5 -95.5 36
 347	4C78F01E-6FFB-11ED-8EA3-B0A460E8079B
 348	412AA2E5-1624-A15C-D225-650B263EDC9F
 349	055D9A74-F6A1-7D61-CDD3-2EA8A448DA8E
 350	329412F5-9CA9-11ED-8EC7-B0A460E8079B
 351	moving
 352	1460 1744 48.9415
 353	hood
 354	1760 1364.57 31
 355	8C4360C9-28C4-D700-BA2C-4046268994DF
 356	4C78EFE8-6FFB-11ED-8EA3-B0A460E8079B
 357	-280 1800 20
 358	F4DE71ED-F684-6E61-1089-A15D34732123
 359	634A8C82-6934-11ED-8E4F-68545AAC0192
 360	39A65462-3D0E-A454-A6A8-0786ADF760B7
 361	886 -52 14.0061
 362	-18 104 18.6655
 363	fingers_out_start_left_hand
 364	0 345 0
 365	7A607AD2-5933-11ED-8E86-B0A460E8079B
 366	0 74.9985 0
 367	van_infil_sfx_npc6
 368	842 592 20
 369	pf5bd70a07fb13c2ad_auto716
 370	4C78F0AE-6FFB-11ED-8EA3-B0A460E8079B
 371	20CE9091-9934-3647-38B3-7B036CD91852
 372	8C8BD272-4E5E-0AD6-71C0-0C006B55CC1A
 373	pf3022112e4e6b53f2_auto2108
 374	D70E561D-D1C5-F90D-990D-55406FB7235C
 375	1600 696 37.7074
 376	scripted_anim
 377	axis_endzone_vis
 378	0 179.999 0
 379	24EDBB9B-5935-11ED-8E86-B0A460E8079B
 380	011FEC2F-93BB-7BFC-4D71-170BA8467A63
 381	vfx_rust2_ash_01
 382	5C134132-0F92-11EE-9584-68545AD2D871
 383	5CD38B3C-5DD9-7588-1EFA-6D219B7EE005
 384	62953545-5934-11ED-8E86-B0A460E8079B
 385	7F55F58F-9DBF-813D-6F2C-39E63097FB84
 386	1755 1283 39
 387	1549.5 -173.25 30.446
 388	vfx_nw_sparks_b
 389	79B0B86B-7BFF-7E3F-EDD8-592A6D29A0E7
 390	DECA5DAD-6FF3-11ED-8EA3-B0A460E8079B
 391	813A08ED-5933-11ED-8E86-B0A460E8079B
 392	AudioOneShot
 393	5D4DA201-BE68-C8EB-A4D4-450C6D2F0C66
 394	67CA7AD6-B31D-55C2-A221-4398C77755BB
 395	1399.88 -147.316 36
 396	C3F0024C-809B-C79C-1460-133EDDA7CD75
 397	1668 1468 40
 398	0 295 0
 399	63184B00-5933-11ED-8E86-B0A460E8079B
 400	-205 -88 40.5
 401	446 694 32
 402	36D16642-AB63-58E4-9B41-C175B3BF3811
 403	582 1840 44.6792
 404	44DB0D8C-6502-11ED-8E95-B0A460E8079B
 405	0 49.9994 0
 406	-432 720 22.1538
 407	DDC19D20-F389-E7C6-036E-97DC2807C593
 408	F62EA7CD-5F5F-0319-08B0-F8ACC74D8EE9
 409	2ADD1A25-9CA9-11ED-8EC7-B0A460E8079B
 410	-256 -48 32
 411	-288 1476 30.0714
 412	4700BFD5-8A4A-05AF-124A-C7E697825BAA
 413	vfx/jup/level/big_map/vfx_jup_bm_burner_fire
 414	mp_skid_steam_vent_01
 415	B7070BE7-9CA9-11ED-8EC7-B0A460E8079B
 416	0 40 0
 417	988747DC-7D64-79E6-E644-9AFFE0BD1E11
 418	53.5 1807 25.2921
 419	pfbafaf8e75736cbe8_auto2108
 420	D0D8F457-0F92-11EE-9584-68545AD2D871
 421	ECDC7826-9CAA-11ED-8EC7-B0A460E8079B
 422	5F512200-3131-BB8D-34B9-4B91DEF9EAE4
 423	CB27CCEE-6FFB-11ED-8EA3-B0A460E8079B
 424	208 732 28
 425	943EF883-0F92-11EE-9584-68545AD2D871
 426	DECA5DF5-6FF3-11ED-8EA3-B0A460E8079B
 427	mp_robj_spawn_axis_start
 428	headlight_right_dead
 429	pf805649e72d484b98_2 pf805649e72d484b98_4
 430	-244 224 16.1315
 431	mp_dd_spawn_defender
 432	4260BCDC-6A2B-7BD2-D19C-3A4D1EB3FF4D
 433	0 177.999 0
 434	560FA419-71DC-081B-84B2-96E59CAB9359
 435	pf805649e72d484b98_auto3127
 436	CB27CCD0-6FFB-11ED-8EA3-B0A460E8079B
 437	A5D1D7BA-8CCE-7A3A-B67D-337E44316FE8
 438	
 439	E7A1817E-0428-BBB4-9D9A-F0836FDEDAC9
 440	D64370AA-0FC0-3EF9-6361-158DA940CA03
 441	vfx_shdb_tower_sparks_chd_1
 442	4C78F0B7-6FFB-11ED-8EA3-B0A460E8079B
 443	-320 188 33.1708
 444	ACA3607E-3951-82D0-158F-8C9ECCF77BBB
 445	0 29.9995 0
 446	98B01B98-8067-11ED-8EB3-B0A460E8079B
 447	3B480DB4-5935-11ED-8E86-B0A460E8079B
 448	C81F207D-3961-0156-D71C-07C159FE1B70
 449	C950F5FF-F191-095D-8A37-7537724F3346
 450	E257E4BC-05F4-4B64-E740-6EFFE4379431
 451	D5CC3133-6FF2-11ED-8EA3-B0A460E8079B
 452	df_van_interior
 453	D0B7D9F3-C130-4CB4-CD0D-7995596F7AAF
 454	4C78F045-6FFB-11ED-8EA3-B0A460E8079B
 455	112 -168 32
 456	9E67BBE1-0F81-11EE-8F3F-B0A460E8079B
 457	-426 926 30
 458	268 -184 26.5
 459	1596.66 -98.1402 29.8411
 460	AC9618F9-0F92-11EE-9584-68545AD2D871
 461	4AB0F7BA-0798-CBA2-98F0-90F1B098590D
 462	D8C6D989-9CAA-11ED-8EC7-B0A460E8079B
 463	BA8972B6-C738-C168-FCA0-C6DD3F8D59C2
 464	mp_dm_spawn
 465	1180 1762 36
 466	-536 1792 32
 467	-512 1792 30
 468	windshield_front
 469	-16 -188 32
 470	30BE42D5-5B7C-11ED-8E8A-B0A460E8079B
 471	-345 320 27
 472	1FAC4425-4A2F-5F57-7135-0CFD99504106
 473	4FB20DBE-5935-11ED-8E86-B0A460E8079B
 474	pf2f8892fe1b78c669_auto2108
 475	0C7E1340-7E71-4145-D484-444245753DF6
 476	pf11512ee679b30937_auto2108
 477	1508 1808 40
 478	FAD4BA50-BCC8-DF01-3214-87F4BA870A1D
 479	88 -60 32.5
 480	C9D18CD4-8068-11ED-8EB3-B0A460E8079B
 481	1388 1516 17.5331
 482	5C9893CA-5935-11ED-8E86-B0A460E8079B
 483	FCF057CC-5933-11ED-8E86-B0A460E8079B
 484	ED904809-5D0E-EE5F-A907-EE79A738AC8A
 485	B16B40C7-F146-8469-17A6-74A099805154
 486	07D149B3-79B0-11EE-8F84-B0A460E769BC
 487	1080A62C-C1F2-2C66-8086-D93ADD966ABF
 488	2E367397-5B5B-6025-21E9-FE7EC5D59C92
 489	4C78EFFD-6FFB-11ED-8EA3-B0A460E8079B
 490	893A8DE6-DF63-AD8F-56F8-F669073F4A5C
 491	634A8CFA-6934-11ED-8E4F-68545AAC0192
 492	0 184 0
 493	C1D484EE-0CBA-11EE-9584-68545AD2D871
 494	DECA5DDD-6FF3-11ED-8EA3-B0A460E8079B
 495	1D2DB93F-9CA9-11ED-8EC7-B0A460E8079B
 496	vfx/jup/level/cp_jup_apartment/vfx_apt_elec_spark_leak_lrg_ch
 497	vfx/iw9/level/tower/vfx_twr_falling_dust_ch2
 498	10 -184 32.5
 499	vfx/iw9/level/mp_dmz_bio_lab/vfx_dmz_lux_vent_steam_sml
 500	9D3FD804-0CBA-11EE-9584-68545AD2D871
 501	D5CC3142-6FF2-11ED-8EA3-B0A460E8079B
 502	144 1532 37.5802
 503	vfx_jup_bm_tumbleweed
 504	AEF2ED2D-5A99-D7DE-FD64-66B9E5C3A33D
 505	4C78F02A-6FFB-11ED-8EA3-B0A460E8079B
 506	mp_rescue_spawn_defender
 507	D5CC3139-6FF2-11ED-8EA3-B0A460E8079B
 508	1747 1391 39
 509	5476E2F8-5B7A-11ED-8E8A-B0A460E8079B
 510	49D93E1D-5304-B11D-2CE0-58FA749033C5
 511	C84D8752-248F-DC48-A07D-BAE6641E4ACA
 512	pffb7d5d70e880505b_auto2108
 513	8FF560BD-8067-11ED-8EB3-B0A460E8079B
 514	vfx/jup/level/mp_jup_rust_02/vfx_rust2_clouds_02
 515	pf82a88cf113e5bd52_auto715
 516	-96 208 15.2485
 517	3340EBDD-5935-11ED-8E86-B0A460E8079B
 518	1532 1672 48.1894
 519	F283EA95-A866-3E72-DEEB-62C200F8C66C
 520	1688 1776 40
 521	838 -40 31.5962
 522	1396 248 51.636
 523	376 -168 34.5
 524	580 688 18
 525	pfe8c9bf3703ce3de1_auto2108
 526	344 -168 32
 527	2 4
 528	0AABFD88-2B9C-68D2-EB57-8BD1AB1092EB
 529	0 179.179 0
 530	07D149B6-79B0-11EE-8F84-B0A460E769BC
 531	9BC94E3D-DC96-C5A2-4B9C-1E8F39A4A52E
 532	F1E08F7C-3601-D38D-0F8F-1A59963ADE6E
 533	1613 1124 36
 534	infil_van_fort_iw9_3
 535	1720 1528 31
 536	0 91.9962 0
 537	pfbc970c2ea9de334f_auto716
 538	584 -188 36
 539	529C3CC6-0621-2BE9-43A5-5D128CF3A7C1
 540	-267.113 -116.564 16
 541	ECF4A9F1-95BA-11ED-8EBF-B0A460E8079B
 542	9D60CC7A-8B84-53C9-2DFD-B9A12F9E4D37
 543	2
 544	-274 -178 24.5
 545	0 156 0
 546	F2D8C3AC-2F51-958C-FA7D-8FF252BD4419
 547	634A8CF0-6934-11ED-8E4F-68545AAC0192
 548	CA45E7CD-965E-11ED-8EC0-B0A460E80798
 549	831ADE1A-A0B9-11ED-8ECA-B0A460E8079B
 550	F038621D-D28E-C075-A295-72A732E4DB40
 551	-278.385 757.821 24
 552	pf2f583a72a54f34e6_auto716
 553	0 174 0
 554	DECA5D9B-6FF3-11ED-8EA3-B0A460E8079B
 555	1482 1544 30
 556	494 530 32
 557	90B097BF-E7A5-F4FD-E99C-461CAF65C002
 558	pf93c2cdb7ad9ba65d_auto2108
 559	016DAAF7-8371-BBA2-EB46-C05FB0950BEF
 560	2B56FE80-629A-D5E8-4438-729B3309D9D3
 561	1368 960 32
 562	6BA2CF26-A0B9-11ED-8ECA-B0A460E8079B
 563	754E8CCC-0F92-11EE-9584-68545AD2D871
 564	0 68.9997 0
 565	vfx_jup_bm_burner_fire
 566	-395 -174 40.5
 567	106DEBB5-BEB9-FB1E-E7F6-5DDDCCE0C8EA
 568	pf814d94c6d24d58d5_auto2108
 569	D52E7BC1-3F69-4766-1F27-D092350EDFCC
 570	ACABF0F2-5474-4413-031C-5871A9779FFF
 571	mp_dom_spawn
 572	340 -164 32
 573	pff692003f44adfb6_auto2108
 574	634A8D36-6934-11ED-8E4F-68545AAC0192
 575	hardpoint_vis_05
 576	690AB03D-40FA-01A5-C57E-697D5B4846CC
 577	-430 696 21.5313
 578	pfbd1c201a063ff962_auto716
 579	CB27CCCA-6FFB-11ED-8EA3-B0A460E8079B
 580	DECA5E55-6FF3-11ED-8EA3-B0A460E8079B
 581	708 356 32
 582	0 59.9993 0
 583	15AC136D-9660-11ED-8EC0-B0A460E80798
 584	861446C7-0F91-11EE-9584-68545AD2D871
 585	car_alarm
 586	BF7ED42A-806C-5A91-4631-DB3D1D2B8C30
 587	vfx_rust2_clouds_01
 588	440 1856 76.9172
 589	pf54be6c0b85ade654_auto2108
 590	A6F4F4DD-5934-11ED-8E86-B0A460E8079B
 591	BBB4AA4C-A18C-1D3C-4367-CDB8D119228E
 592	1440 1300 36
 593	A0EDA684-6CED-3E74-1C0F-DC8859D096BB
 594	EEAC0018-D50F-AC3C-DEA1-0C520E6BCC15
 595	pf50faffdebfec5e84_auto2108
 596	tag_wheel_center_front_left_flat
 597	pfbf88a1603e47a2e8_auto715
 598	22274D7B-0E83-32EF-2F32-2B50F3D5C500
 599	F47F2FB3-905C-59EE-B51B-EF808EC01F61
 600	A83DE72E-D091-BE8F-BC6A-AD0150C253F0
 601	344 -168 36
 602	D2480435-9CAA-11ED-8EC7-B0A460E8079B
 603	FACC0FD8-AF72-E581-E541-9A2A80F03A08
 604	59C8E680-0384-134E-6995-95984EB919D2
 605	1548 1744 40
 606	cp_generator_toggleable
 607	pf918deda2affd7c0b_auto9
 608	E0404C3D-0B47-3BAC-00C4-187824EF8D25
 609	-371.323 697.7 32
 610	vfx/jup/level/cp_jup_apartment/vfx_apt_dust_falling_ch_03
 611	84 52 32
 612	-204.941 -166.909 16
 613	visibility
 614	35CEB0D3-0D0B-52F5-C174-3887FC6161B1
 615	1605 1742 44.327
 616	5D16874F-0CBA-11EE-9584-68545AD2D871
 617	A30AE1EF-6FF2-11ED-8EA3-B0A460E8079B
 618	74512F75-BC45-E5F4-C296-6EEBCD043357
 619	DECA5E31-6FF3-11ED-8EA3-B0A460E8079B
 620	0 269.999 0
 621	4C78EFEB-6FFB-11ED-8EA3-B0A460E8079B
 622	0 54.9996 0
 623	0 54.9998 0
 624	F7A36D75-E59F-766F-2B2C-86384446E989
 625	56 1808 24
 626	06D75E9F-9660-11ED-8EC0-B0A460E80798
 627	1028 -140 19.7404
 628	71BB690D-37D3-5F1B-A70F-5A46D9B819B1
 629	67D79812-0F92-11EE-9584-68545AD2D871
 630	C7239CA1-0F91-11EE-9584-68545AD2D871
 631	5D260A42-8D75-530A-2FF5-A180F96219E6
 632	vfx_global_steaming_ground_directed
 633	tag_mirror_left
 634	0 147.284 0
 635	50110EF2-AEB5-9038-3AA6-8950886AF7CE
 636	D3A56523-9468-3867-9CB7-61B57F572BC7
 637	1768 1228 36
 638	pf805649e72d484b98_1 pf805649e72d484b98_3
 639	DECA5E1C-6FF3-11ED-8EA3-B0A460E8079B
 640	0043D02B-9CAB-11ED-8EC7-B0A460E8079B
 641	-244 -184 24.5
 642	71F1C836-5B7B-11ED-8E8A-B0A460E8079B
 643	8DA6209A-AF04-9E92-B1E3-7667756AB8DA
 644	3ECE060E-BA2D-E1F0-191F-6F39449E7B3E
 645	E393B709-5B7A-11ED-8E8A-B0A460E8079B
 646	72D3275C-757B-6FDC-EA03-B2B44E3EC741
 647	98B01B9E-8067-11ED-8EB3-B0A460E8079B
 648	vfx_dam_electric_falling_sparks
 649	jup_infil_blima_player_slide
 650	vfx/jup/level/cp_jup_apartment/vfx_apt_dust_falling_ceiling
 651	tag_wheel_center_back_left_flat
 652	4909DA87-8463-D6B1-48D9-B2E908377B97
 653	4C78F0D8-6FFB-11ED-8EA3-B0A460E8079B
 654	568 -32 32
 655	3AE2CFE1-9CAA-11ED-8EC7-B0A460E8079B
 656	140 -108 24.5
 657	pf805649e72d484b98_4
 658	vfx_border_char_wall_falling_dust_01
 659	8A0F8906-4403-D9C4-FF4E-E1BD8EE0F4C5
 660	905887C8-BF86-D97F-717B-9280F40D37A3
 661	playerasm_patch_mp_infil_blima
 662	0 312.475 0
 663	CB27CCBB-6FFB-11ED-8EA3-B0A460E8079B
 664	852 972 47.8217
 665	953408E2-3079-625C-F7D2-AD3773988695
 666	-444 1806 26.3634
 667	471C5445-4F4C-67D1-54D1-F412EF8A873E
 668	1A84DF4F-C320-093D-2963-E55DE5F37EC7
 669	1 3 4
 670	CB27CCDF-6FFB-11ED-8EA3-B0A460E8079B
 671	playerasm
 672	1675 1392 31
 673	4ADE83AC-A708-9D94-3330-5CA9AAD45311
 674	E0DAAC5E-AC0C-14BD-C340-E461B3B428CF
 675	44DB0DA4-6502-11ED-8E95-B0A460E8079B
 676	-428 942 24.9407
 677	mp_rust2_sandstorm_01
 678	pf270c09488bd31eb7_auto2108
 679	-208 308 35.923
 680	pf6f7be7829349ce9d_auto715
 681	C95AA244-562E-2351-A41E-D58993A66E6A
 682	F6E0AD56-0F91-11EE-9584-68545AD2D871
 683	vfx_apt_dust_falling_wall
 684	A6937077-DED0-9030-3993-13DD5B394756
 685	80EEE5A5-2E14-50AD-D3FC-8E73141840ED
 686	5E329514-9498-075B-AA68-3B4C28E01F20
 687	pf6639d14557fac2a0_auto2108
 688	3389A486-A43E-37E9-408C-28902C8FDAA0
 689	F9E7B18F-A0BA-11ED-8ECA-B0A460E8079B
 690	vfx_estate_uni_sprk_elec_02
 691	robj_light
 692	48202A24-0CF7-AB58-B5A6-B6D5C9533292
 693	984D11B2-0F80-11EE-8F3F-B0A460E8079B
 694	376 -188 32.5
 695	dead
 696	-16 -192 32
 697	CB27CD12-6FFB-11ED-8EA3-B0A460E8079B
 698	568 -188 38
 699	85 -168 40.5
 700	CB27CC91-6FFB-11ED-8EA3-B0A460E8079B
 701	1666 1824 31
 702	vfx/jup/level/mp_jup_rust/smoke_fire_column_dark_distance_directed
 703	4C78F00F-6FFB-11ED-8EA3-B0A460E8079B
 704	4C78F0B4-6FFB-11ED-8EA3-B0A460E8079B
 705	99E7C716-2263-258F-B022-9132674ECCB8
 706	fingers_in_start_right_hand
 707	-223.032 1737.86 34.8242
 708	hardpoint_vis_01
 709	0 210.999 0
 710	81A4D81C-E61C-7006-353F-95CE4899958A
 711	43C47849-9CB2-11ED-8EC7-B0A460E8079B
 712	0 358.598 0
 713	0 272.733 0
 714	360 -72 28.5
 715	1BCE2D83-E370-2D71-988E-3C38FE29C344
 716	E708B07D-3995-2063-46C5-5C30360103F8
 717	tag_light_front_right
 718	FFF036D2-5371-F442-92D5-8697536E6914
 719	CB27CD2A-6FFB-11ED-8EA3-B0A460E8079B
 720	BDE034EF-6CC8-576B-5B7E-FF8821281A5B
 721	13088E8A-B308-C0CC-F340-4E5FE2FB5D63
 722	18FF4D89-1C22-C691-F58E-C88628CFCD0D
 723	1552 1768 28.0436
 724	D5CC3130-6FF2-11ED-8EA3-B0A460E8079B
 725	812 1054 38
 726	scn_infil_van_npc1
 727	-372 400 17.945
 728	F840B9D8-74DB-5C94-8E98-E13DCA4CF888
 729	DE5EC4D1-F2C3-A30D-98F7-273DEB5E71E4
 730	E7BF22A1-9E18-7DF3-AE69-81BFBA55E0FD
 731	B6BEFB34-6934-11ED-8E4F-68545AAC0192
 732	07B29599-A1C1-B4E3-08E3-E2411C1F3095
 733	prefabs/createfx/mp_jup_rust_alt_cfx.map
 734	07D149C2-79B0-11EE-8F84-B0A460E769BC
 735	DECA5E70-6FF3-11ED-8EA3-B0A460E8079B
 736	flareup
 737	634A8CAF-6934-11ED-8E4F-68545AAC0192
 738	4C78F003-6FFB-11ED-8EA3-B0A460E8079B
 739	4C78EFE5-6FFB-11ED-8EA3-B0A460E8079B
 740	EB7D8442-DEF4-D9BF-B3E6-9DB3DEBA61D4
 741	329412D4-9CA9-11ED-8EC7-B0A460E8079B
 742	-121.617 667.311 24
 743	EB049A40-3630-821B-8032-9026486495FA
 744	-14 102 18.9875
 745	BB7439A0-0FA8-EFB9-EAAE-E856A2AA38CA
 746	0 349.999 0
 747	CB27CD4B-6FFB-11ED-8EA3-B0A460E8079B
 748	onfire
 749	0 54.9995 0
 750	pfa63ddaf107d1874c_auto715
 751	214 700 13.4807
 752	F0AFE63A-E0FD-2332-5B8E-493693767F71
 753	vfx_kick_tunnels_dust_falling_02
 754	vfx_sparks_no_smoke
 755	F2ABD7CF-0ED2-A5DF-3E7E-34BD24D2023C
 756	mp_cyber_spawn_axis
 757	vfx/jup/level/mp_jup_estate/vfx_estate_falling_dust_01
 758	vfx_shdb_blowing_sand_flat_med_ch
 759	vfx_intercept_ac_vent_steam
 760	1751 1268 40
 761	21420F40-A585-8799-E171-D8458485BA3B
 762	1332.48 -147.941 14
 763	DECA5DBF-6FF3-11ED-8EA3-B0A460E8079B
 764	-280 1496 29.6474
 765	1618 540 63.7969
 766	EDA03BFC-C0BA-ED04-3E1C-63AC4390A69E
 767	75611073-7D0D-08CB-910A-AB06F029140E
 768	1608 1666 36
 769	pfd2e774fa581ae479_auto715
 770	pf805649e72d484b98_1 pf805649e72d484b98_4
 771	1563 1801 44.327
 772	DECA5DB0-6FF3-11ED-8EA3-B0A460E8079B
 773	pf9d05aee08939f640_auto2108
 774	8FB9C0B4-4747-0D23-98D5-90FF4D05C849
 775	B6582CB9-8906-E93E-D0E5-D9A81FF7E6CA
 776	vfx/jup/level/big_map/vfx_jup_bm_tumbleweed
 777	634A8C69-6934-11ED-8E4F-68545AAC0192
 778	df_van_exit
 779	pf595c84cdb30df466_auto2108
 780	7991810A-48A5-CA2F-5754-58BB3F0EC92A
 781	vfx_shdb_blowing_sand_flat_fast_ch
 782	healthy
 783	98B01BA4-8067-11ED-8EB3-B0A460E8079B
 784	-100 -184 24.5
 785	E21FAA40-7DBF-217C-3C80-5E68F98643D9
 786	fingers_out_end_left_hand
 787	A3A87CF6-5B0C-70A8-B363-46CC621FA32C
 788	0DC217DF-9CA9-11ED-8EC7-B0A460E8079B
 789	light_back_right
 790	1767 1232 31
 791	C6909355-0F92-11EE-9584-68545AD2D871
 792	89F59744-8067-11ED-8EB3-B0A460E8079B
 793	718042AB-BBD9-515B-0F51-3F2015F524E0
 794	417C90D4-00C5-BBF6-5132-A639DA7F44B4
 795	329412D7-9CA9-11ED-8EC7-B0A460E8079B
 796	CB27CC88-6FFB-11ED-8EA3-B0A460E8079B
 797	E1204268-79F3-7D7A-C9CD-78A4791ED46C
 798	1368 1008 32
 799	-328 256 16
 800	1097.52 67.941 14
 801	1636 1272 31
 802	19218348-0F81-11EE-8F3F-B0A460E8079B
 803	0 34.999 0
 804	1760 1492.57 31
 805	-208 308 19.923
 806	1616 272 20.7956
 807	168 -128 32
 808	-472 -136 32
 809	pfff0d2e81454dc593_auto2108
 810	-12 140 32.736
 811	7355DB58-CB56-0F73-2F46-53E9E9313E94
 812	0 294.999 0
 813	F9BD1E34-5B7A-11ED-8E8A-B0A460E8079B
 814	D5CC313F-6FF2-11ED-8EA3-B0A460E8079B
 815	459A40A4-95B8-11ED-8EBF-B0A460E8079B
 816	010B58B2-34E4-E339-002A-623C92592E87
 817	D6F0400F-0F81-11EE-8F3F-B0A460E8079B
 818	653 683 17.212
 819	A10ED223-FA00-806E-BCEC-20F41288ADC0
 820	5F2FD43A-1E03-91B3-13A8-AE9CAE0AC19D
 821	2C1782D3-9CAA-11ED-8EC7-B0A460E8079B
 822	van_close_sfx
 823	0 64.9984 0
 824	2E0A2B80-9CB2-11ED-8EC7-B0A460E8079B
 825	8544A418-6319-C120-8C56-F5626E8246D0
 826	0 1.99984 0
 827	CB27CD36-6FFB-11ED-8EA3-B0A460E8079B
 828	208 -168 30.5
 829	D652E1E4-5B7A-11ED-8E8A-B0A460E8079B
 830	F5638E0F-03B3-9DD9-5DE6-5A1449AAEF22
 831	BC8358AC-95B7-11ED-8EBF-B0A460E8079B
 832	4C78F006-6FFB-11ED-8EA3-B0A460E8079B
 833	1762 1304 31
 834	2FE2E55C-AA71-6643-DFB8-289234F79F59
 835	56F078FE-50A8-B8A7-504D-A260A194219D
 836	player_lock_look_1_second
 837	A30AE1E6-6FF2-11ED-8EA3-B0A460E8079B
 838	E87AAE55-0C58-DA67-00C4-2606C1A3903D
 839	0 45.9996 0
 840	-428 900 26.3229
 841	57D0CC29-EE98-17A7-D9BD-CE5E58F9D3F0
 842	307A5665-0F93-11EE-9584-68545AD2D871
 843	pf96d43959ed8c370b_auto2108
 844	wheel_center_front_right
 845	F02297B5-5934-11ED-8E86-B0A460E8079B
 846	4C78F042-6FFB-11ED-8EA3-B0A460E8079B
 847	D652E1EF-5B7A-11ED-8E8A-B0A460E8079B
 848	pf580b216f5bd787f2_auto2108
 849	AB0F2AD9-0CBA-11EE-9584-68545AD2D871
 850	pf5342e62eee5e1cf8_auto716
 851	DECA5DFE-6FF3-11ED-8EA3-B0A460E8079B
 852	0 95.9995 0
 853	812 1052 32.9973
 854	1478 640 32.9213
 855	-114.319 -55.0004 16
 856	0 330 0
 857	A30AE1F5-6FF2-11ED-8EA3-B0A460E8079B
 858	836F6764-29D9-DDC0-0E72-C90799B4FD5C
 859	CB27CD0C-6FFB-11ED-8EA3-B0A460E8079B
 860	1530 110 32
 861	-392 1376 36.5
 862	5C9893BC-5935-11ED-8E86-B0A460E8079B
 863	tag_window_front_right
 864	1419 914 27.5443
 865	CB27CD4E-6FFB-11ED-8EA3-B0A460E8079B
 866	A30AE204-6FF2-11ED-8EA3-B0A460E8079B
 867	AE6D241B-5CCC-9B50-4681-DFB21FB3E49E
 868	on
 869	1594.75 -95.5 34.8139
 870	1752 1536 36
 871	pfbf88a1603e47a2e8_auto716
 872	CB27CCA0-6FFB-11ED-8EA3-B0A460E8079B
 873	09574C6E-6935-11ED-8E4F-68545AAC0192
 874	499899F3-5935-11ED-8E86-B0A460E8079B
 875	F4067B36-B714-1550-7563-C9437A6E3A61
 876	8B15E0A0-27A0-E37C-6F0C-CDA64B5980F4
 877	50A61067-4A33-0740-C85B-3A51EC3BEBA4
 878	4C78F05D-6FFB-11ED-8EA3-B0A460E8079B
 879	-492 1792 30.661
 880	DECA5E67-6FF3-11ED-8EA3-B0A460E8079B
 881	-190.716 -85.782 16
 882	infil_van_fort_iw9_0
 883	DBF331E7-6C9E-FE78-0B59-56D36391CCF0
 884	23C7CF97-FC06-E6D4-C7BB-F9C3D1975CF1
 885	DECA5D9E-6FF3-11ED-8EA3-B0A460E8079B
 886	vfx_rust2_rock_01
 887	hardpoint_chevron_secure_01
 888	D80F4CFF-F724-7703-7411-ED0652AE862A
 889	F01E62E9-952B-BB7E-2E5D-308BBBCD1B44
 890	ECCB8E2E-FE03-6425-373C-3E5A8D2035C8
 891	F0D90FE6-3343-8ECB-60BE-7355BE5D76F6
 892	E608D5BB-C107-7A79-4B46-B2F7D6657EEA
 893	pf2f583a72a54f34e6_auto715
 894	vfx_shdb_amb_tunnels_steam_floor_01_c
 895	-468 -136 36
 896	heavy_smoke
 897	CB27CC9D-6FFB-11ED-8EA3-B0A460E8079B
 898	vfx/iw9/level/strike/vfx_strike_canyon_falling_dust_sml_01
 899	4C78F0AB-6FFB-11ED-8EA3-B0A460E8079B
 900	-104 -176 19.6093
 901	1640 1456 31
 902	-340 20 32
 903	4541E384-33E3-C9EB-EBC7-C4373B73A1C4
 904	634A8D22-6934-11ED-8E4F-68545AAC0192
 905	F43B556C-95BA-11ED-8EBF-B0A460E8079B
 906	2F9F9CB2-8466-3344-7123-171BF78414C5
 907	0 92.9988 0
 908	51A5EBAD-0F93-11EE-9584-68545AD2D871
 909	-344 64 32
 910	43F60BD8-87CF-82BD-51E4-7408354B36C4
 911	148 1472.5 42.2685
 912	CB27CCE2-6FFB-11ED-8EA3-B0A460E8079B
 913	1416 916 23.1377
 914	07D149BC-79B0-11EE-8F84-B0A460E769BC
 915	1616 422 30
 916	152C587B-5B7C-11ED-8E8A-B0A460E8079B
 917	vfx/iw9/level/shadowbase/vfx_shdb_blowing_sand_flat_med_ch
 918	vfx/iw9/level/tower/vfx_twr_falling_dust
 919	vfx_rust_oil_drips
 920	59.538 -143.025 41
 921	pfbd1c201a063ff962_auto715
 922	813E0F22-EC42-E5C4-B7A6-37D5B16CDE49
 923	C9D18CC9-8068-11ED-8EB3-B0A460E8079B
 924	601F1A27-BB22-F9E6-80C7-D98A021402DB
 925	852 932.5 38
 926	826A953F-CEA6-429F-C9A5-FC877519DD9B
 927	236 726 36
 928	F752C8D5-965F-11ED-8EC0-B0A460E80798
 929	AC2CCF5B-4DCF-52E7-48BD-71D969D19426
 930	0 59.9998 0
 931	07D149D1-79B0-11EE-8F84-B0A460E769BC
 932	4C78EFF4-6FFB-11ED-8EA3-B0A460E8079B
 933	0 59.9987 0
 934	-338 61 43.5023
 935	ACB0AA1E-8A63-361E-AD67-E277C79AA8D4
 936	vfx_rust2_clouds_02
 937	EEECA277-6E72-6EC8-6663-BED8A1B23CB2
 938	1600 296 30
 939	F474EBA2-BB58-4C69-61DC-91F25838FB14
 940	0 70.6988 0
 941	door_rear_right
 942	2342DAF9-D828-5636-1F67-1ABD4A0F6572
 943	17CAB49E-5B7A-11ED-8E8A-B0A460E8079B
 944	4C78F015-6FFB-11ED-8EA3-B0A460E8079B
 945	-164 -192 36
 946	14B8F7F9-9CAB-11ED-8EC7-B0A460E8079B
 947	508FF29D-C205-0592-D48B-4B21037583C2
 948	11 -154 40.5
 949	4C78F0BD-6FFB-11ED-8EA3-B0A460E8079B
 950	3990EF3E-A017-6E9F-3D17-01A3147C1085
 951	pfb74a440e4f6a0f9_auto2108
 952	4E50DCFC-909A-74FB-0FC3-BAFC91B76623
 953	30E19203-7934-4F43-CD97-566D4D322B17
 954	1618 420 63.7969
 955	-512 1796 24
 956	1687 1308 31
 957	07D149F2-79B0-11EE-8F84-B0A460E769BC
 958	622A032B-5B7A-11ED-8E8A-B0A460E8079B
 959	-48.1665 131.716 16.7372
 960	2 3 4 5
 961	A30AE1DA-6FF2-11ED-8EA3-B0A460E8079B
 962	1712 1272 32
 963	vfx/jup/level/mp_jup_rust_02/vfx_rust2_sunflare_01
 964	DCCEA627-D378-420C-33F9-9420EA8DDAE6
 965	FE16F5E3-8068-11ED-8EB3-B0A460E8079B
 966	6DA140CB-0F80-11EE-8F3F-B0A460E8079B
 967	DD385EE3-9CB1-11ED-8EC7-B0A460E8079B
 968	CB27CC9A-6FFB-11ED-8EA3-B0A460E8079B
 969	14A88D44-6E70-3B33-E024-23EACEC9CD5C
 970	57F7ABF5-B768-D99B-93BD-CB62B0352922
 971	620 1040 48.6016
 972	E0B9AD44-DE99-9AB8-A6E3-65898F3EDE7A
 973	0AF1C441-0F92-11EE-9584-68545AD2D871
 974	88B46555-6B7D-7DD1-CF88-32F91C3EDEB2
 975	564E68F4-5935-11ED-8E86-B0A460E8079B
 976	200 1780 32.5505
 977	vfx/jup/level/cp_jup_airstrip/vfx_air_cliff_falling_dust_lrg_01
 978	vfx/jup/level/mp_jup_rust_02/vfx_rust2_elec_umbrella_01
 979	00974655-0559-FAFC-920C-3F8BD44FCBE8
 980	F0CC87A7-9F81-5CDC-8B23-9C02B5A1437F
 981	pf8b8d57843a9f9c58_auto716
 982	E18C383C-5B79-11ED-8E8A-B0A460E8079B
 983	72430426-1FEA-E433-846A-330264624E2F
 984	pf2cde6e9b8efaeaba_auto715
 985	vfx/iw9/level/mp_embassy/vfx_emb_pipe_steam_pressure
 986	j_rope_200
 987	-282 122 15.6839
 988	0CAC7D31-9CAA-11ED-8EC7-B0A460E8079B
 989	1EB5D946-6141-09E9-D058-9BAA995B8888
 990	mp_xfire_spawn_allies_start
 991	634A8CA5-6934-11ED-8E4F-68545AAC0192
 992	0 255 0
 993	DECA5DBC-6FF3-11ED-8EA3-B0A460E8079B
 994	DECA5DC8-6FF3-11ED-8EA3-B0A460E8079B
 995	jup_infil_blima_rope_crank_right
 996	A495F086-BD61-8DAF-2BFB-2A64475204C7
 997	-392 -188 36
 998	236F5122-5CD7-49D9-99DC-A83F6F951460
 999	scriptables
1000	facial_infils
1001	1720 1272 31
1002	vfx_kar_ground_flat_dust
1003	vfx/jup/level/mp_jup_estate/vfx_estate_uni_sprk_elec_01
1004	79A7EA73-9A1A-8D8C-77F1-A34EA3C56CA7
1005	pf59f2935ce591dbfa_auto2108
1006	j_ball_le
1007	j_ball_ri
1008	09820BA6-67E9-C5FD-A128-EB15DCBDD746
1009	09EC53DF-A0BB-11ED-8ECA-B0A460E8079B
1010	1212 762 41.714
1011	1598.5 -93.75 36
1012	1760 1452 31
1013	D6F04004-0F81-11EE-8F3F-B0A460E8079B
1014	vfx_sparks_02_ch
1015	D5CC3136-6FF2-11ED-8EA3-B0A460E8079B
1016	FD7E740D-70F3-839B-E218-0D479F19D5FB
1017	E2E61038-E1B3-5AF8-C598-FF065B6EBBCA
1018	E61A3EA0-A0BC-11ED-8ECA-B0A460E8079B
1019	53E30F3A-9CB2-11ED-8EC7-B0A460E8079B
1020	vfx_shdb_falling_dust_ch_02
1021	0C2B6EBA-0F93-11EE-9584-68545AD2D871
1022	FEC0737D-7919-11EE-95A8-68545A904D17
1023	484 552 28
1024	05E90EA1-9CA9-11ED-8EC7-B0A460E8079B
1025	65E312A4-9CAB-11ED-8EC7-B0A460E8079B
1026	pfd3ee7f5b16a6704a_auto2108
1027	1640 1472 32
1028	D01946A3-433A-4C5A-140C-94C5BB8D4715
1029	4
1030	door_back_left
1031	A58FF240-9CA9-11ED-8EC7-B0A460E8079B
1032	4C78F04B-6FFB-11ED-8EA3-B0A460E8079B
1033	pfd670e2dfc4459f80_auto2108
1034	6085E479-A63D-9D6F-AB14-E8DF971D5C7D
1035	CB27CCC7-6FFB-11ED-8EA3-B0A460E8079B
1036	A1C25AD3-A0BC-11ED-8ECA-B0A460E8079B
1037	0 293.734 0
1038	pfa63ddaf107d1874c_auto716
1039	4C78EFCD-6FFB-11ED-8EA3-B0A460E8079B
1040	F95C5D13-FDD3-C72D-3742-684BCA83EB50
1041	vfx_kick_tunnels_dust_falling_01
1042	0 116 0
1043	45457C69-1EFF-AD2D-49C5-54A893F96EDC
1044	01F72E5B-5B7A-11ED-8E8A-B0A460E8079B
1045	066E7B5B-A0AD-2C79-184B-65271296D2A4
1046	ADDA6CF9-E14E-6B54-8C21-A565C7409B4B
1047	vfx/jup/level/cp_jup_airstrip/vfx_air_falling_dust_ch1
1048	494 598 32
1049	1496 1704 40
1050	mp_rust_sandstorm_01
1051	B67654F1-5934-11ED-8E86-B0A460E8079B
1052	860 604.5 22.2685
1053	1512 1840 28.705
1054	4C78F0D2-6FFB-11ED-8EA3-B0A460E8079B
1055	8A971004-AEF6-CE73-C964-FF666CC07FFE
1056	-541.032 1659.86 34.8242
1057	258E12BA-9B38-2B87-307C-74673E59F0CC
1058	4C78F033-6FFB-11ED-8EA3-B0A460E8079B
1059	568 -32 38
1060	568 -32 36
1061	-251.561 608.159 22.2408
1062	4E1C218B-7EF9-95FE-23C9-0ACA192A6B16
1063	-425 1666.75 33.5
1064	-408 1800 24
1065	-329.284 -66.2179 16
1066	8942380C-5B7B-11ED-8E8A-B0A460E8079B
1067	AD29E154-FDE7-7F56-7235-D85BF1504BA8
1068	07D149EC-79B0-11EE-8F84-B0A460E769BC
1069	9AE0390D-5934-11ED-8E86-B0A460E8079B
1070	-222 8 32
1071	-364.626 601.934 32
1072	D9DBB251-BFC8-FDD4-92F4-579E26FB5AAB
1073	front_right
1074	0198793C-8BA2-D673-5E71-8258B0014ECC
1075	1C16BEBE-E1A2-41DC-AF26-D29BD03621DF
1076	A82D2490-8C0C-6FF0-FC1C-12365B52A82F
1077	2EEC7826-F920-8D8A-3B7D-0804EC79D57F
1078	vfx_shdb_wind_blowing_sand_med_ch
1079	pf6aa5a33b9def961c_auto2108
1080	pfaaade97da1fb24af_auto2108
1081	8372C761-B7A9-8E9E-9436-EC2874C2CA94
1082	1640 1400 32
1083	0 74.9997 0
1084	E9FC6173-5934-11ED-8E86-B0A460E8079B
1085	scriptable_veh9_civ_lnd_van_cargo
1086	57983B23-9CAA-11ED-8EC7-B0A460E8079B
1087	2712F227-0F92-11EE-9584-68545AD2D871
1088	85A1B910-9CD2-11ED-8EC7-B0A460E8079B
1089	A8CD694C-658F-BBA3-0103-B02013124430
1090	B03A5A24-1628-557D-E376-B4D45556FBD5
1091	-245.256 634.182 24
1092	a,b
1093	b,c
1094	44DB0D95-6502-11ED-8E95-B0A460E8079B
1095	68F9E611-A079-EDFB-314F-B81D322FB4D1
1096	-187.561 672.159 20.136
1097	fingers_out_start_right_hand
1098	48598676-933C-0672-9EC8-C8DE1700C5B8
1099	-422.554 742.235 32
1100	0D171F32-6601-AAD7-DAA8-C8886F5DA439
1101	73B461BA-E70B-B7C3-2816-73F2D46DA3CB
1102	87D3734E-931F-A0B1-E268-D847B4CA6331
1103	DECA5DE9-6FF3-11ED-8EA3-B0A460E8079B
1104	7B01ADAA-1E65-C41B-EDEF-4A09F4BD4FD3
1105	infil_van_iw9_0
1106	1464 1784 40
1107	B9072B15-0697-1852-2E94-AFE102C26353
1108	-187.562 800.159 16.4285
1109	0D43CFF5-EA92-2C20-1BFF-80A5E3658DB4
1110	C9D18CDF-8068-11ED-8EB3-B0A460E8079B
1111	C22D3A02-81B6-93C6-30C4-1D63F96E8011
1112	-236 936 30.0583
1113	CAD3A611-FF48-316D-6694-9D35AA843569
1114	A30AE1F2-6FF2-11ED-8EA3-B0A460E8079B
1115	vfx_steam_vent
1116	450 512 22
1117	1C8A4041-9CAB-11ED-8EC7-B0A460E8079B
1118	D8AEF69F-656F-C715-4286-C949C9631FBF
1119	1 2 3 5
1120	DECA5E58-6FF3-11ED-8EA3-B0A460E8079B
1121	pf805649e72d484b98_2 pf805649e72d484b98_4 pf805649e72d484b98_5
1122	mp_sd_spawn_defender
1123	831ADE1D-A0B9-11ED-8ECA-B0A460E8079B
1124	69C28FDA-E468-B06C-4053-8E9702B6C1F7
1125	634A8C7D-6934-11ED-8E4F-68545AAC0192
1126	FB8FE578-EA8C-7B88-F1EB-71D61F2E7A60
1127	4C78EFD0-6FFB-11ED-8EA3-B0A460E8079B
1128	-318 298 15.4366
1129	0 182 0
1130	DEE4B9CE-1CD9-8B93-6F64-79A3BB6DAAA4
1131	1188 1834 36
1132	1568 1392 31
1133	7E2BC02A-6753-A0F7-7E39-B1BA1D15867F
1134	0 272 0
1135	1639 1828 49.1115
1136	DECA5E01-6FF3-11ED-8EA3-B0A460E8079B
1137	CB27CD5A-6FFB-11ED-8EA3-B0A460E8079B
1138	130 -176 34.5
1139	A18919F8-2252-14D7-9012-1E70D8D46DD4
1140	1660 1828 36
1141	5BE300F8-5933-11ED-8E86-B0A460E8079B
1142	326CB4A5-11DA-9889-F487-68372AE3CBA0
1143	AE724154-9CA9-11ED-8EC7-B0A460E8079B
1144	pf66f5884cc819bfd8_auto716
1145	infil_blima_6
1146	-415.857 646.469 32
1147	F04D1682-5B79-11ED-8E8A-B0A460E8079B
1148	FBF44A26-A0BC-11ED-8ECA-B0A460E8079B
1149	1755 1518 31
1150	1696 1428.57 31
1151	DA8E9FC7-A0BA-11ED-8ECA-B0A460E8079B
1152	pff7a60fd3307bcd_auto2108
1153	AE724149-9CA9-11ED-8EC7-B0A460E8079B
1154	6BA2CF19-A0B9-11ED-8ECA-B0A460E8079B
1155	103002B3-AA1E-4620-1C46-96380E8097EE
1156	5D16873E-0CBA-11EE-9584-68545AD2D871
1157	ladder_up
1158	01BD4D30-9232-4F4E-8AF8-1E90CDA24DB9
1159	1348 1844 36
1160	6661DA2A-92FD-A0EB-8C7B-68EDB0C24301
1161	277F45BB-5934-11ED-8E86-B0A460E8079B
1162	179 -172 31
1163	-446 748 26
1164	A088D74A-5B7B-11ED-8E8A-B0A460E8079B
1165	E393B6FB-5B7A-11ED-8E8A-B0A460E8079B
1166	j_wrist_ri
1167	440 1856 64
1168	562E594E-56B7-EC3E-6B28-E5EEB651E8CC
1169	-12 140 16.6884
1170	6DA140D1-0F80-11EE-8F3F-B0A460E8079B
1171	79AF8437-0E54-BA10-067E-620C57E6B6A4
1172	2ADD1A2E-9CA9-11ED-8EC7-B0A460E8079B
1173	98CA65C2-5208-C764-FBE5-94FC419A9723
1174	-554.968 1656.14 39.2485
1175	634A8D3B-6934-11ED-8E4F-68545AAC0192
1176	EDB05D8F-5933-11ED-8E86-B0A460E8079B
1177	E2359A4B-A44C-CC8B-9C0F-BC483829D624
1178	pfe24411c8963009cb_auto716
1179	1508 878 34
1180	F4C92210-0CBA-11EE-9584-68545AD2D871
1181	vfx_dmz_lux_vent_steam_sml
1182	infil_van_iw9_1
1183	2287B412-5DEB-2117-61B3-2786B05676F6
1184	vfx/jup/level/mp_jup_rust_02/vfx_rust2_decal_energy_01
1185	706EDECB-8067-11ED-8EB3-B0A460E8079B
1186	0 44.2 0
1187	98BA6307-E9BF-49D2-0063-27FEF8DDAB50
1188	346 -194 32.5
1189	door_front_left
1190	window_over_40
1191	021ADA15-5B7B-11ED-8E8A-B0A460E8079B
1192	0 224.2 0
1193	1A6D4D8C-AEDD-A634-3872-C2888E816B0B
1194	4C78F0CC-6FFB-11ED-8EA3-B0A460E8079B
1195	1595 1511 39
1196	04DF7FBD-5934-11ED-8E86-B0A460E8079B
1197	1760 1336 36
1198	74824CE4-2A3C-B9A1-278E-167F3C32B82D
1199	20ED1457-B8A3-4274-CAD7-5A0F3E7B4F85
1200	44DB0D98-6502-11ED-8E95-B0A460E8079B
1201	1 2 3 4
1202	-343.51 -147.345 28
1203	-332 256 16.1705
1204	pfd782351d0eec54ef_auto2108
1205	634A8CFF-6934-11ED-8E4F-68545AAC0192
1206	2306A9F5-5B7C-11ED-8E8A-B0A460E8079B
1207	1570 -146 36
1208	6958C803-AA11-2CD9-C6B5-36E37F90DCD0
1209	64BC586F-5935-11ED-8E86-B0A460E8079B
1210	45949944-8D51-246F-2B4E-E4412BFAD49C
1211	-404 1800 20
1212	vfx/jup/level/mp_jup_rust_02/vfx_rust2_sphere_test
1213	0 49.9996 0
1214	-408 1804 20
1215	E7F10A84-5B79-11ED-8E8A-B0A460E8079B
1216	52C64DCB-4342-29D1-5C67-D5F3CBAC5317
1217	-357 74 40.5
1218	pf805649e72d484b98_2 pf805649e72d484b98_3 pf805649e72d484b98_5
1219	mp_koth_spawn
1220	CB27CC7C-6FFB-11ED-8EA3-B0A460E8079B
1221	ECDC7831-9CAA-11ED-8EC7-B0A460E8079B
1222	0 124.975 0
1223	4C78EFD9-6FFB-11ED-8EA3-B0A460E8079B
1224	2D5050EC-0F92-11EE-9584-68545AD2D871
1225	-320 4 19.6093
1226	247EEE14-A0BD-11ED-8ECA-B0A460E8079B
1227	pff0f41465cb77a5e9_auto2108
1228	-40 -160 32
1229	A7B7A67E-1CD6-6C61-D9CC-D8C4DB4FA5AC
1230	equip_nvg
1231	B2A43001-0CBA-11EE-9584-68545AD2D871
1232	E573A973-5933-11ED-8E86-B0A460E8079B
1233	6AD883B0-5935-11ED-8E86-B0A460E8079B
1234	-251.561 736.159 17.6345
1235	D2480440-9CAA-11ED-8EC7-B0A460E8079B
1236	0 89.9988 0
1237	634A8C78-6934-11ED-8E4F-68545AAC0192
1238	7C3B68C4-258F-48E1-C3CC-4A14194FF7D1
1239	van_infil_sfx_npc1
1240	0 89.9993 0
1241	1348 1844 40
1242	A30AE1E9-6FF2-11ED-8EA3-B0A460E8079B
1243	0F9855FA-61EF-7753-347D-4DDD2B38BF3A
1244	CB27CC85-6FFB-11ED-8EA3-B0A460E8079B
1245	55C5E2AB-446A-6680-3A50-404DC803AECF
1246	AC20BF4D-BEB7-9C2D-DBCB-96B3FCEF3FAB
1247	249BED01-2CFA-69FA-40F8-F8ADC2F47DE8
1248	3CFC4AC5-B5D6-030C-71A2-BED7B4329793
1249	vfx/jup/level/cp_jup_resort/vfx_resort_ground_flat_dust
1250	vfx_apt_dust_falling_ceiling
1251	634A8D13-6934-11ED-8E4F-68545AAC0192
1252	030978BB-8496-76B4-8F83-43FCDCE90EFA
1253	9ACE6AD0-9CD2-11ED-8EC7-B0A460E8079B
1254	F7EBAF53-2C05-A571-9D08-F50EA1DCB72A
1255	1764 1512 31
1256	-434 1644.5 24.681
1257	1022 -144 20
1258	1416 1104 32
1259	DECA5E0A-6FF3-11ED-8EA3-B0A460E8079B
1260	0 179.994 0
1261	D1D69DBF-C705-B8A9-68C4-B14D02D2DD4D
1262	DECA5E4C-6FF3-11ED-8EA3-B0A460E8079B
1263	773A3BF3-1BEB-5F85-C68A-DAFEA8820433
1264	27405A46-9CB2-11ED-8EC7-B0A460E8079B
1265	36 1766 27.2186
1266	CB27CD51-6FFB-11ED-8EA3-B0A460E8079B
1267	headlight_left_dead
1268	1464 1784 30.7945
1269	1696 1172.57 31
1270	4C78F03F-6FFB-11ED-8EA3-B0A460E8079B
1271	0 33.9994 0
1272	C6A99E62-A0BC-11ED-8ECA-B0A460E8079B
1273	89CEA646-0CBA-11EE-9584-68545AD2D871
1274	1768 1116 31
1275	4C78EFCA-6FFB-11ED-8EA3-B0A460E8079B
1276	0 135 0
1277	1E4B5EC8-0CBB-11EE-9584-68545AD2D871
1278	1288 -165.5 11.5566
1279	-42.5 1312.5 30.1799
1280	pfc3a412438e17e595_auto2108
1281	1136 884 28
1282	D5CC3148-6FF2-11ED-8EA3-B0A460E8079B
1283	1746.5 1148 31
1284	-362 -85 40.5
1285	1368 912 32
1286	D87CDC71-E682-D275-9DD5-023C4A574F08
1287	477131B8-CA24-6040-1ABB-D69BB2B0F80A
1288	1751 1536 31
1289	0 49.9999 0
1290	A3811308-1A87-6516-1865-5C84D47BC0B9
1291	infil_van_4
1292	-525 1714 35.1596
1293	04BBE735-9BC1-EDC9-EA09-868B46AF8069
1294	2ADD1A39-9CA9-11ED-8EC7-B0A460E8079B
1295	0 270 0
1296	A30AE1E3-6FF2-11ED-8EA3-B0A460E8079B
1297	14AD7371-352A-FCC4-BECA-FF6B373D3AE1
1298	634A8CE6-6934-11ED-8E4F-68545AAC0192
1299	-9 132 17.0616
1300	268 928 30.4254
1301	A80F0CFE-2B3B-BC61-E246-9AB82E7D3CBB
1302	7FEA9130-9C19-BFE8-3988-04DEAD292EEE
1303	mp_dd_spawn_defender_start
1304	98B01BBC-8067-11ED-8EB3-B0A460E8079B
1305	-300 24 16.1315
1306	0 177.994 0
1307	634A8D40-6934-11ED-8E4F-68545AAC0192
1308	-152 -80 32
1309	1129.5 1799.5 35.7144
1310	D00977E3-5BCB-11E1-D544-F55D34C727C6
1311	-348 64 36
1312	CB27CCF1-6FFB-11ED-8EA3-B0A460E8079B
1313	98B01BB9-8067-11ED-8EB3-B0A460E8079B
1314	fingers_in_start_left_hand
1315	279 -172 31
1316	1298 1500 36
1317	-301 1486.75 33.5
1318	vfx/jup/level/mp_jup_rust/vfx_sparks_02
1319	5E172BEE-9CD3-11ED-8EC7-B0A460E8079B
1320	93C7E760-4C87-9AEF-A542-93BA5FE60791
1321	4C78F0A2-6FFB-11ED-8EA3-B0A460E8079B
1322	-412 1428 34.3925
1323	pf8098a3047d201cc9_auto2108
1324	mp_control_spawn_defender
1325	1416 912 32
1326	destroyed
1327	-188 -112 19.6093
1328	9E0FD32C-2531-6BA0-0695-5E815DEA7B97
1329	FE16F5DA-8068-11ED-8EB3-B0A460E8079B
1330	pf8a204592f06da2c3_auto2108
1331	30 -178 24.5
1332	568 -28 54
1333	-296 -188 32
1334	C2AA4531-3DEB-52DE-0909-972574F7D0B0
1335	71C7A7E5-7168-365C-5816-AE5B7B7CBBC5
1336	4C78F0E4-6FFB-11ED-8EA3-B0A460E8079B
1337	15BF0A90-60FC-1757-0E15-C6CC49C7E789
1338	DECA5DB6-6FF3-11ED-8EA3-B0A460E8079B
1339	vfx/iw9/level/mp_wartorn/vfx_wartorn_blowing_sand_big
1340	C99095F3-F835-13D0-3B62-213080A02548
1341	59E5BEBF-6E67-C1BC-34AD-A96266AD585F
1342	DECA5E1F-6FF3-11ED-8EA3-B0A460E8079B
1343	C3CD1D7E-6934-11ED-8E4F-68545AAC0192
1344	2F4163F6-3A70-A178-52F6-AE68DCFC97C3
1345	F3CBBB09-5933-11ED-8E86-B0A460E8079B
1346	DECA5E10-6FF3-11ED-8EA3-B0A460E8079B
1347	E438368E-95BA-11ED-8EBF-B0A460E8079B
1348	576D7072-9CAB-11ED-8EC7-B0A460E8079B
1349	F07ACF94-E42E-E8F0-C109-5FA5E7B77B77
1350	EAA1F949-1CE4-0FC5-A8E6-7DE0CEDDCE31
1351	307A565A-0F93-11EE-9584-68545AD2D871
1352	676 -28 54
1353	pf55239e9d4fbcdbc8_auto2108
1354	DECA5DFB-6FF3-11ED-8EA3-B0A460E8079B
1355	984D11AF-0F80-11EE-8F3F-B0A460E8079B
1356	84F137D0-9FD8-AC4F-1FD2-D022E8ACA958
1357	A30AE1F8-6FF2-11ED-8EA3-B0A460E8079B
1358	344 754 20
1359	mirror_left
1360	-284 -84 32
1361	795DF51A-A507-2375-4DFD-70E827BC605B
1362	B0290B19-E5FD-855E-E790-F46BCF41032E
1363	340E3F36-9CAB-11ED-8EC7-B0A460E8079B
1364	69498BCC-3FFA-ADA6-5005-7E0571C9E522
1365	1756 1444 36
1366	wheel_center_back_left
1367	-501.946 1737.59 31.5882
1368	4FFCBD82-9CA9-11ED-8EC7-B0A460E8079B
1369	door_front_right
1370	-300 104 17.0457
1371	838 -40 32
1372	0 346 0
1373	-413 1464.75 33.5
1374	0 355 0
1375	1700 1456 31
1376	2F6009D5-0F81-11EE-8F3F-B0A460E8079B
1377	47220290-5933-11ED-8E86-B0A460E8079B
1378	0 89.9996 0
1379	0 89.9998 0
1380	CB27CCD6-6FFB-11ED-8EA3-B0A460E8079B
1381	j_wrist_le
1382	pf88eb83c62ac01232_auto715
1383	6A58F27B-E7BB-8290-A9AE-0AC17A98D086
1384	2227CC6E-E2CD-C3CE-5ED1-046CE11C7C57
1385	82CB8D26-0CBA-11EE-9584-68545AD2D871
1386	9E67BBE4-0F81-11EE-8F3F-B0A460E8079B
1387	2FF51A5A-B364-7713-D480-FA9E04D44D98
1388	622 688 24
1389	1C4E9FC7-AE76-4D4A-7A9C-6DCC265E79C7
1390	-208 -14 32
1391	1608 1424 31
1392	vfx_estate_generator_steam_01
1393	-444 932 32
1394	1574 -146 36
1395	DECA5DD7-6FF3-11ED-8EA3-B0A460E8079B
1396	mp_dd_spawn_attacker
1397	4C78F0DB-6FFB-11ED-8EA3-B0A460E8079B
1398	pf55e88abb7c6a0116_auto2108
1399	4BEC62A8-438F-5A8F-232B-9ECAA913C491
1400	D148A61E-5DA1-B06A-4C50-D6454FDE0785
1401	1696 1492.57 31
1402	4C78F084-6FFB-11ED-8EA3-B0A460E8079B
1403	rootmodelmanager
1404	25C1A586-2B8C-1F06-2F86-47265D95FEAA
1405	vfx_sparks_02
1406	C02D1ED3-486C-E280-F7F6-CD4A6BCE08D5
1407	33AC1B56-28C2-6012-5C50-08400800B7E1
1408	vfx/jup/level/mp_jup_skidrow/mp_skid_steam_vent_01
1409	DECA5E2B-6FF3-11ED-8EA3-B0A460E8079B
1410	pf73e5094aa0d8a2e0_auto2108
1411	89F59739-8067-11ED-8EB3-B0A460E8079B
1412	mp_cyber_spawn_allies
1413	3BD06F22-4A75-8A75-3643-4BE560796137
1414	150 1632 46.8686
1415	EB13426B-9C3B-A115-B5E0-EED0595E2091
1416	634A952A-DE8C-4932-4D75-4262A77C379F
1417	DECA5E37-6FF3-11ED-8EA3-B0A460E8079B
1418	5DC0808D-A256-F1BB-FA13-2A83E72A3C5F
1419	vfx_twr_falling_dust_ch1
1420	F170F2BF-57DC-5734-0EEC-E506E86A0D47
1421	91F6B281-C604-88F5-0E8A-867BF1706FE3
1422	82B2D6ED-5934-11ED-8E86-B0A460E8079B
1423	F3A171A2-181E-EBD3-8572-09AA2894091C
1424	-358 -176 30.5
1425	infil_van_5
1426	80C88DF9-034B-5310-7B61-EFE1E335D115
1427	88E50941-B436-7504-738B-BC97483524A3
1428	151C8200-3D4F-80CB-8F83-8EDE977E4A3E
1429	938F02FE-3ED9-57D7-8D9C-2FF98C5F7067
1430	vfx/jup/level/cp_jup_apartment/vfx_apt_dust_falling
1431	-360 396 17.5683
1432	432 1844 57.2778
1433	vfx_rust2_decal_energy_01
1434	CB27CD21-6FFB-11ED-8EA3-B0A460E8079B
1435	3340EBEB-5935-11ED-8E86-B0A460E8079B
1436	A53900F0-7DDE-A609-171C-5F042974758C
1437	E1FC22F2-0F91-11EE-9584-68545AD2D871
1438	3C225F4B-3758-EE8A-F488-0422EB085AC7
1439	79703AB0-DC99-0507-B533-62FA723093A1
1440	5605F1FB-6B4F-5D0D-D505-DEB9186A7D81
1441	5E172BF9-9CD3-11ED-8EC7-B0A460E8079B
1442	F0BD29D1-79C3-C5E0-B72A-2901C4D1A80D
1443	van_infil_sfx_npc2
1444	634A8CAA-6934-11ED-8E4F-68545AAC0192
1445	58B48146-ABFD-FE93-E671-F9F1D9F44507
1446	890 -56 14.2406
1447	440 1068 36
1448	CB27CCFD-6FFB-11ED-8EA3-B0A460E8079B
1449	440 1856 68
1450	vfx/jup/level/big_map/vfx_jup_bm_falling_dust_ch_02
1451	0 201.997 0
1452	pf515cedfda3d04e45_auto2108
1453	1608 1424 40
1454	7C06B021-96B0-D4A4-89D6-DF2146233948
1455	674508EB-8CE9-320C-5BF9-A5C035A4618C
1456	DECA5E0D-6FF3-11ED-8EA3-B0A460E8079B
1457	C31D4AC1-6219-F2C6-226C-D0C0239096CE
1458	4C78F08D-6FFB-11ED-8EA3-B0A460E8079B
1459	44DB0D89-6502-11ED-8E95-B0A460E8079B
1460	7BC0B775-9CAB-11ED-8EC7-B0A460E8079B
1461	tag_light_back_right
1462	9183CC18-A0BC-11ED-8ECA-B0A460E8079B
1463	77C86617-0F80-11EE-8F3F-B0A460E8079B
1464	634A8D2C-6934-11ED-8E4F-68545AAC0192
1465	0 179.997 0
1466	9FD2F516-5446-333A-9F87-D069C37C073E
1467	1743 1392 31
1468	0AC2496F-B4EB-34ED-BBC3-30D5AD874E87
1469	112 -100 32.5
1470	212 -188 28.5
1471	vfx_dmz_lux_vent_steam_med
1472	D7FA05E5-EB41-A1D8-FFB7-F3B9BFCBBEEA
1473	mp_dd_spawn_defender_a
1474	5B74DCE4-5B7A-11ED-8E8A-B0A460E8079B
1475	634A8CB4-6934-11ED-8E4F-68545AAC0192
1476	infil_van_iw9_5
1477	1116 1376 20.6756
1478	1764 1272 31
1479	shake_running
1480	108 -164 32
1481	pfe9781bdadfb3960f_auto2108
1482	1128 1800 36
1483	-24 -188 24.5
1484	DECA5E40-6FF3-11ED-8EA3-B0A460E8079B
1485	84 52 20.1295
1486	7DA3FEA7-E2DE-8C45-705D-CD83BE437D09
1487	66C1F1E9-E1CB-98D0-86C0-DB8064023DD9
1488	6C7B10B3-B65D-F4E2-BF5E-8D432CEB5E8E
1489	-548.968 1650.85 38.6782
1490	5C422452-5934-11ED-8E86-B0A460E8079B
1491	1760 1300.57 31
1492	-189 -168 40.5
1493	B27C458A-BC61-CEB8-5707-9B14C5F76ED5
1494	0 14.9994 0
1495	344EDE1E-7DC4-CB59-37CC-F132D9CDA4CB
1496	80D66697-965E-11ED-8EC0-B0A460E80798
1497	35E02629-0F92-11EE-9584-68545AD2D871
1498	6CB22038-619A-9CDB-CB69-5976F5DAF9FA
1499	1072 872 19.4467
1500	E79DE5D7-2690-5F7B-3235-A980BAE4F709
1501	vfx/iw9/level/_global/vfx_global_steaming_ground
1502	1751 1536 32
1503	F76608A5-8068-11ED-8EB3-B0A460E8079B
1504	4C78F000-6FFB-11ED-8EA3-B0A460E8079B
1505	infil_van_3
1506	435BD215-5935-11ED-8E86-B0A460E8079B
1507	8FD63960-8095-72BF-FCE2-E7B15D28890D
1508	74DE0D76-96A0-2440-8DD7-CD17DEA24292
1509	none
1510	-256 16 32
1511	taillight_right_dead
1512	mp_dd_spawn_attacker_a
1513	pf805649e72d484b98_auto1
1514	A470FEB0-71E7-076C-8CCC-2A091E8279DB
1515	traverse
1516	nav_door
1517	AD1F775C-DD2F-3208-643D-812DA3853BC0
1518	0 271.734 0
1519	vfx_rust2_sunflare_01
1520	8D71B2EC-D4F7-952B-EE70-078BBAE397D2
1521	1660 1828 40
1522	4341D2D1-CB6C-BD69-6931-2D10A29EA9A4
1523	6E6B766D-CD62-972A-8770-886E63FAA9E8
1524	DEF8153D-9CAA-11ED-8EC7-B0A460E8079B
1525	05E90EB0-9CA9-11ED-8EC7-B0A460E8079B
1526	-290 1416 26.4729
1527	pf805649e72d484b98_auto3264
1528	4C78F02D-6FFB-11ED-8EA3-B0A460E8079B
1529	1760 1236.57 31
1530	5B2F926E-2DDA-87C4-019D-F0214C8DF4F4
1531	634A8CE1-6934-11ED-8E4F-68545AAC0192
1532	87810D40-15A6-5C98-AD4E-4F9B47039A3F
1533	13C180C4-4A01-51E7-D642-C7FFC5A2E50F
1534	pf138eae19ae0bf411_auto2108
1535	light_back_left
1536	anim_explosion_complete
1537	pf709ef4ef4193e657_auto2108
1538	-187.561 736.159 19.2061
1539	0C0AE573-1D5C-378E-B445-5B8F445BE37A
1540	0 29.9993 0
1541	68B63A59-5934-11ED-8E86-B0A460E8079B
1542	pf1c0cae6099838cc3_auto716
1543	42CA4DE5-91FE-E0BF-B115-0DEC9E2FF491
1544	-392 -192 32
1545	133 -80 40.5
1546	D59170B4-6934-11ED-8E4F-68545AAC0192
1547	1736 1120 31
1548	1700 1792 31
1549	-412 -32 36
1550	8C623688-2D0D-501A-8D4C-78BD4CD7C560
1551	D0B3516A-2136-01F5-C6D3-B44CF23749A6
1552	-332 256 16
1553	F76608AB-8068-11ED-8EB3-B0A460E8079B
1554	1568 1640 40
1555	5EB256F4-E00A-774C-9F59-CAC9612F17CB
1556	5C1FAC36-103B-35CB-1FBF-48D08D867C9F
1557	4C78F012-6FFB-11ED-8EA3-B0A460E8079B
1558	4F70E55F-6D71-5D8C-DE1D-3D65DB06A3A2
1559	jup_infil_blima_step
1560	142 1602 38
1561	-450 -126 24.5
1562	C7CAC850-DC07-360B-9AA2-9E6FE616FB81
1563	1272 1562 36
1564	6F321C82-994F-CF1C-D089-77EB5EC745DB
1565	3931B8B3-95BB-11ED-8EBF-B0A460E8079B
1566	pf6d7ce4b58eada067_auto2108
1567	vfx_nw_sparks_server_rack_a
1568	-304 240 32
1569	1368 1104 32
1570	0 189.999 0
1571	1208.48 -147.941 14
1572	DECA5E52-6FF3-11ED-8EA3-B0A460E8079B
1573	F72E866D-0C60-7E70-78B1-19F8599F40F2
1574	C251AC68-5E8F-7A19-E1C5-BA0C947C7860
1575	DECA5DAA-6FF3-11ED-8EA3-B0A460E8079B
1576	DECA5DF8-6FF3-11ED-8EA3-B0A460E8079B
1577	40BE7FBC-8C4D-F19F-889D-EA70959D96EB
1578	pf2cde6e9b8efaeaba_auto716
1579	CD247709-7FE8-B159-F172-93554F8E6E35
1580	2D039163-E15C-C8C0-19CF-BABE17630F07
1581	867E29E4-191E-4D09-0E61-A34683BE2264
1582	CB27CD42-6FFB-11ED-8EA3-B0A460E8079B
1583	1576 1336 32
1584	1670 1822 31
1585	347 -168 40.5
1586	634A8CB9-6934-11ED-8E4F-68545AAC0192
1587	pf650fc3b50cfdedd8_auto2108
1588	DECA5DC5-6FF3-11ED-8EA3-B0A460E8079B
1589	-428 720 39.7057
1590	0C2EB335-C6C7-B052-91A4-00983B976641
1591	F3B78C50-0F80-11EE-8F3F-B0A460E8079B
1592	0EFF0D60-9957-48CD-4610-DF1D992C7ECE
1593	BD6AAE6E-6934-11ED-8E4F-68545AAC0192
1594	ik_in_end_right_hand
1595	smoke_fire_column_dark_distance_directed
1596	1751 1288 31
1597	0C5CB291-7246-E4A6-E8D5-34DBE4DBA372
1598	4C78F0C6-6FFB-11ED-8EA3-B0A460E8079B
1599	AD0817B3-6FC0-65D7-F751-9619795AD631
1600	62D14251-8763-227C-0800-A308E276C5F2
1601	-277.677 370.3 32
1602	pfb2a62837831b508f_auto2108
1603	6BA12F1D-A0BC-11ED-8ECA-B0A460E8079B
1604	CB27CD00-6FFB-11ED-8EA3-B0A460E8079B
1605	-392 1368 32.5
1606	0 30 0
1607	D8D97ABB-B957-9E68-CFFA-1E37447C58A7
1608	DECA5E34-6FF3-11ED-8EA3-B0A460E8079B
1609	0 44.9988 0
1610	CED307B0-5933-11ED-8E86-B0A460E8079B
1611	-280 1496 30
1612	3DC782FC-412E-A34A-56FC-FC7A4AF77E5E
1613	9E67BBF7-0F81-11EE-8F3F-B0A460E8079B
1614	C66F3B38-3F7C-ACA0-36D2-CA2060E8A277
1615	D99F90D9-E580-8B68-7215-E826FFD027DC
1616	1617.5 493.5 36
1617	pf7bee4efc0d3277e8_auto2108
1618	-296 -192 32
1619	06FA5F9C-5B7C-11ED-8E8A-B0A460E8079B
1620	801 1843 36
1621	1760 1132 36
1622	4E3A451D-0CBA-11EE-9584-68545AD2D871
1623	train_part
1624	-408 1804 19.9883
1625	3670A3DB-F1E2-5A83-FB2C-67D93F746FD2
1626	DECA5E28-6FF3-11ED-8EA3-B0A460E8079B
1627	206 488 20
1628	B65AF0E3-F188-CC87-4CE2-4A928952990F
1629	mp_control_spawn_attacker_start
1630	E728282B-F74C-1606-BF20-E6C59DD61921
1631	BB7B6E38-7D01-2483-BEB7-EEFE7D9B21C1
1632	1743 1392 40
1633	832 480 36
1634	1624 410 40
1635	-432 720 16
1636	BE03AB63-B2BF-D505-8D27-2382E1327FD2
1637	CB27CD18-6FFB-11ED-8EA3-B0A460E8079B
1638	-372 404 34.9568
1639	820.06 -50.48 40.8857
1640	9EDEAEE0-49A3-9091-0891-274552E71972
1641	pf17cb08c700c478cc_auto2108
1642	55339120-F89A-A3CD-03A5-869BA3684BB1
1643	B74528F1-492C-E296-A212-DF6AF8A1C847
1644	D5CC311B-6FF2-11ED-8EA3-B0A460E8079B
1645	352351C6-1754-48F5-9C6E-8D80B40AD0E5
1646	6418752B-ED0E-D75B-F792-B764CD694411
1647	72E02171-0CBA-11EE-9584-68545AD2D871
1648	DECA5DDA-6FF3-11ED-8EA3-B0A460E8079B
1649	41874E01-2230-289D-4820-4E4A82452DF1
1650	1581608E-0CBB-11EE-9584-68545AD2D871
1651	-416 1104 34.1736
1652	0DC217DC-9CA9-11ED-8EC7-B0A460E8079B
1653	4C78EFE2-6FFB-11ED-8EA3-B0A460E8079B
1654	1047 1844 36
1655	400 928 38
1656	2030178B-38F9-C8EA-8FC0-BDDF7E318061
1657	ADC65011-965F-11ED-8EC0-B0A460E80798
1658	vfx_air_border_intro_ground_flat_dust
1659	0 88.9995 0
1660	window_front_left
1661	331 -72 40.5
1662	830E0A63-DD74-E721-F185-87F656BDDF8D
1663	1282 248 51.636
1664	vfx_apt_elec_spark_leak_lrg_ch
1665	E56D5AD9-D6B0-033A-8B2D-A7D56F4D5B88
1666	4C78EFF1-6FFB-11ED-8EA3-B0A460E8079B
1667	634A8D1D-6934-11ED-8E4F-68545AAC0192
1668	0 97.3784 0
1669	-423 1570.75 33.5
1670	816D4BC1-3A07-E81D-7971-2DFF25320552
1671	vfx_rust2_elec_umbrella_01
1672	E58CCDC6-3115-B37F-87AA-9289B485D117
1673	pfecf0c77082fdb606_auto2108
1674	D652E1FA-5B7A-11ED-8E8A-B0A460E8079B
1675	smoke_fire_column_dark_distance
1676	hide
1677	79073901-5935-11ED-8E86-B0A460E8079B
1678	EDAF9ED8-0F92-11EE-9584-68545AD2D871
1679	BD38C2EB-E10A-525A-4D8B-83D137219904
1680	8593E344-0CE5-FE18-6C30-9AEAEB3BC111
1681	vfx/iw9/level/shadowbase/vfx_shdb_falling_dust_ch_02
1682	pf66f5884cc819bfd8_auto715
1683	0 182.324 0
1684	infil_blima_1
1685	pf542279682e016e4e_auto2108
1686	AD247EB5-89FB-B41B-320C-5E3DE36A4877
1687	608200D1-0F91-11EE-9584-68545AD2D871
1688	0 117.999 0
1689	pfb3e0aa52f871b42e_auto716
1690	pffe8677f2919b20f1_auto2108
1691	1520 -138 36
1692	E2DCC9C8-A98E-AD56-43C0-E5B61A24E375
1693	vfx_strike_canyon_falling_dust_sml_01
1694	844 564 35.7905
1695	1696 1364.57 31
1696	taillights_dead
1697	634A8CD2-6934-11ED-8E4F-68545AAC0192
1698	868AF29C-3BF0-AA45-2DA0-2EACC79BFE0B
1699	vfx/jup/level/cp_jup_ranch/smoke_fire_column_dark_distance
1700	0 89.9995 0
1701	CB27CCDC-6FFB-11ED-8EA3-B0A460E8079B
1702	02110DE3-54E5-67AC-8160-A077057FE219
1703	BCB90BC5-8068-11ED-8EB3-B0A460E8079B
1704	B81BB0CD-2525-D5E1-D297-6B5592F403F8
1705	2E710096-EFDD-6860-416D-09F0D15BD1C8
1706	off
1707	1598 -94.5 36
1708	jup_infil_shared_movement_post
1709	176 -168 24.5
1710	472 -168 36.5
1711	53850545-1F7F-A37A-2A49-45D48DAF5AB2
1712	-209 304 19.439
1713	pfb13d10bfb3a0b324_auto2108
1714	8A313699-8F18-E52F-73BD-1900A30699CA
1715	-88 -172 40.5
1716	DAAFC8F6-4730-5ABF-547D-770C1F284062
1717	back_left
1718	DCAFF169-95BA-11ED-8EBF-B0A460E8079B
1719	89F5972E-8067-11ED-8EB3-B0A460E8079B
1720	pf805649e72d484b98_1 pf805649e72d484b98_3 pf805649e72d484b98_4 pf805649e72d484b98_5
1721	DC978698-6934-11ED-8E4F-68545AAC0192
1722	F01172B6-48E4-AC91-ECFD-CFAD65E3357A
1723	pf7a80ae5cf6a65f68_auto2108
1724	jup_infil_blima_rope_fall_left
1725	vfx/jup/level/big_map/vfx_jup_bm_falling_dust
1726	72D472F5-5935-11ED-8E86-B0A460E8079B
1727	A49AA3D3-0F80-11EE-8F3F-B0A460E8079B
1728	16F00FBF-9CB2-11ED-8EC7-B0A460E8079B
1729	2A6C340E-8F2B-9458-A5EE-EB9E1E775A33
1730	-424 1120 31
1731	-101.338 -145.691 16
1732	AC560EED-488B-734D-D9C1-CE67F80D6279
1733	064A6A53-9CAB-11ED-8EC7-B0A460E8079B
1734	A40F797C-2922-53B3-7AAE-D0273BF3DB29
1735	47003C44-D827-D3A6-2F72-19DA896E8968
1736	window_front_right
1737	C7239CAF-0F91-11EE-9584-68545AD2D871
1738	BDC196E8-5934-11ED-8E86-B0A460E8079B
1739	F3CBBAFB-5933-11ED-8E86-B0A460E8079B
1740	4E5DB051-5934-11ED-8E86-B0A460E8079B
1741	-292 156 16
1742	2C8D66B0-7525-4F1C-D579-DF3D401EBF0C
1743	9686F695-DE6E-7881-8647-91F157344339
1744	4E45E0CC-847B-FBFE-AE9F-DB6A0D136B66
1745	-352 -48 32
1746	2F7BF74D-EDEC-2A94-3A0E-A9D8C87C759C
1747	pfe048e9087c066e5a_auto715
1748	DECA5DA1-6FF3-11ED-8EA3-B0A460E8079B
1749	vfx_davos_steam_vent
1750	ECDC783F-9CAA-11ED-8EC7-B0A460E8079B
1751	1496 1704 34.5562
1752	32657BBD-41DC-5EE3-3254-A2727011599F
1753	840DE6C0-4908-E115-0B8D-BDE3AA3465DB
1754	scriptable_hardpoint_chevron
1755	A30AE1DD-6FF2-11ED-8EA3-B0A460E8079B
1756	0 320 0
1757	E74207DF-5B39-639E-16B9-7A05422BCC7F
1758	F168B6FE-5B7B-11ED-8E8A-B0A460E8079B
1759	359 -76 31
1760	1536 42 40
1761	-416 1120 32
1762	A2CC1D49-BE57-22FC-A475-8091BD3B2242
1763	vfx/jup/level/cp_jup_apartment/vfx_apt_dust_falling_wall
1764	CB27CCB5-6FFB-11ED-8EA3-B0A460E8079B
1765	F8593321-3004-2255-6A5B-7B34549FB5A5
1766	344 724 32
1767	44DB0DA1-6502-11ED-8E95-B0A460E8079B
1768	pf805649e72d484b98_auto3182
1769	1324 256 16.6302
1770	-232.167 -40.284 16.7372
1771	vfx_twr_falling_dust
1772	-412.509 598.585 32
1773	1E4B5ED9-0CBB-11EE-9584-68545AD2D871
1774	44DB0D9E-6502-11ED-8E95-B0A460E8079B
1775	4C78F09F-6FFB-11ED-8EA3-B0A460E8079B
1776	8794ECA7-98D4-1E2F-45F8-BE5D2DDD8810
1777	-280.5 1802 20
1778	1664 1832 31
1779	D9DAC0C6-3C4A-52B9-D353-F69CC9C65010
1780	CB27CCAF-6FFB-11ED-8EA3-B0A460E8079B
1781	2851E32C-95BB-11ED-8EBF-B0A460E8079B
1782	0 275.999 0
1783	jump_up_80
1784	jump_up_40
1785	1368 864 32
1786	1CF92BC8-88B2-1330-C48C-858C577236F2
1787	CB27CCD3-6FFB-11ED-8EA3-B0A460E8079B
1788	vfx/iw9/level/border/vfx_border_char_wall_falling_dust_01
1789	1683 1288 31
1790	490DD8D5-B10B-1B00-BAA5-C73969229770
1791	mp_rugby_spawn_axis
1792	B5C9A96E-BFB5-18FF-1CAB-14AAFD9D1B94
1793	53.5 1807 24
1794	1476 652 31.3168
1795	BF11A442-91AF-4E4C-2A08-39E8B1D8E9F8
1796	0 357.994 0
1797	1440 1646 43.4396
1798	axis
1799	-251.562 928.159 32.2424
1800	-432 600 34
1801	9A789CC7-5BC4-EBCB-46B4-FA2F62E035B6
1802	634A8C5F-6934-11ED-8E4F-68545AAC0192
1803	46EFAA9C-5B7C-11ED-8E8A-B0A460E8079B
1804	-308 -188 28.5
1805	pf8b8d57843a9f9c58_auto715
1806	CE7823C3-7774-CE4A-512E-3014FF0DF6DB
1807	-432 -120 24.5
1808	26FBE074-10AE-4ECB-8C8F-9F83C8CCA210
1809	615F5C14-5B7C-11ED-8E8A-B0A460E8079B
1810	D59EBE44-95BA-11ED-8EBF-B0A460E8079B
1811	1552 1768 40
1812	787D9A44-284A-C358-5CBF-D4C12B39256D
1813	pffdc3fa6666a3a14a_auto2108
1814	B4AD3AA8-FC3C-1F18-4CDE-B61DC4DF2DFB
1815	89878AD0-968C-BE99-74FB-A74E2D513873
1816	-251.561 864.159 25.2208
1817	C20DD28F-9866-5CA8-FE52-AD023CDF0AEA
1818	0 195 0
1819	1B3B4F6A-A0BA-11ED-8ECA-B0A460E8079B
1820	1567 146 26.6883
1821	361C2FEA-CA58-F883-D4E5-EA6459471536
1822	CAB369F5-3D5F-3CC0-210C-46A1EE5D74E8
1823	-344 308 15.8301
1824	208 -168 36
1825	5E9C5158-E6C8-E08B-2394-7E0846D7BF59
1826	030A5C21-CEC7-0FB9-DE9A-0A5C446A6F40
1827	62B7CA3F-0605-3F33-8146-16042A2B54B3
1828	1618 509 29.9832
1829	40E2E949-7599-D210-3E67-89EC5C81686A
1830	3686E809-FE03-389E-F43E-B1B25700A209
1831	vfx/jup/level/mp_jup_estate/vfx_estate_uni_sprk_elec_02
1832	39509D17-36D6-13E6-F6B4-95A6C95F235A
1833	-376 408 20
1834	-12 100 19.5232
1835	1496 1838 28.1781
1836	4C78F07B-6FFB-11ED-8EA3-B0A460E8079B
1837	0 2.59803 0
1838	C470546B-0F7F-11EE-8F3F-B0A460E8079B
1839	3DD56834-ABBB-0F1B-F782-A9B785C70D74
1840	CB27CD39-6FFB-11ED-8EA3-B0A460E8079B
1841	0 89.9989 0
1842	0 89.9987 0
1843	0 74.9992 0
1844	0 89.9994 0
1845	4FFCBD7F-9CA9-11ED-8EC7-B0A460E8079B
1846	9EBE63E1-C087-E39E-B79D-8653E7E18ECD
1847	-296 -192 36
1848	1114 548 24
1849	50AA7301-8891-1FE4-2451-5D8E02405117
1850	-222 1434 30
1851	44DB0D9B-6502-11ED-8E95-B0A460E8079B
1852	vfx/jup/level/mp_jup_rust_02/vfx_rust2_ash_01
1853	405A8E54-A0B9-11ED-8ECA-B0A460E8079B
1854	327BB4A0-0CBA-11EE-9584-68545AD2D871
1855	0DC253AD-4C01-1B89-A218-288A2F5BFD6B
1856	EDB043B3-0F80-11EE-8F3F-B0A460E8079B
1857	FD017264-9CA9-11ED-8EC7-B0A460E8079B
1858	0AB2F7C5-6D95-F54B-38E0-537C0BF5794F
1859	vfx_apt_dust_falling_ch_02
1860	CB27CD03-6FFB-11ED-8EA3-B0A460E8079B
1861	vfx/iw9/level/nightwar/vfx_nw_sparks_server_rack_a
1862	07D149CE-79B0-11EE-8F84-B0A460E769BC
1863	056ED067-007F-EB6F-EBB4-4C93E9542D17
1864	infil_van_iw9_3
1865	3380CC08-CEA0-43EC-BDF5-B8B96D8FF903
1866	478 -202 36.5
1867	mp_rugby_spawn_allies
1868	-344 324 32
1869	mp_ctf_spawn_axis_start
1870	pf75b8143dc6440a70_auto2108
1871	jup_infil_blima_rope_kick_left
1872	96A67ED5-3E0C-E2B1-A270-4790C6689D24
1873	-476 1812 31.1623
1874	0500A598-BA48-562C-B074-C0F6C6B2CBD9
1875	mp_xfire_spawn_team_three_start
1876	0 132 0
1877	DECA5DEF-6FF3-11ED-8EA3-B0A460E8079B
1878	031DE843-A1E4-486E-9973-356E6594A3E0
1879	1 2 4 5
1880	4C78F093-6FFB-11ED-8EA3-B0A460E8079B
1881	197 1767 28
1882	scriptable_electronics_fire_alarm_bell_01
1883	-138.182 729.13 24
1884	3BC359EA-99BB-2E21-61EF-0359D434D199
1885	-392 -160 24.5
1886	F8E02962-9CAA-11ED-8EC7-B0A460E8079B
1887	0 49.9998 0
1888	0 49.9992 0
1889	764D2F80-AF86-C490-220B-4462FD75C7E5
1890	infil_van_1
1891	05307DB2-0F93-11EE-9584-68545AD2D871
1892	1728 1416 40
1893	-156 -100 20.2814
1894	8E60C37A-0F91-11EE-9584-68545AD2D871
1895	1114 652 20
1896	472 -168 36
1897	4C78F051-6FFB-11ED-8EA3-B0A460E8079B
1898	568 816 55.3128
1899	828 980 36
1900	-432 608 20
1901	pf2bf8521476e26b5e_auto716
1902	-397.329 454.417 32
1903	568 1168 36
1904	4C78F0C9-6FFB-11ED-8EA3-B0A460E8079B
1905	lights_controller
1906	-271 -36 40.5
1907	25D67519-4689-DF4E-CD00-42FA091D83DF
1908	0E868430-71BB-8B0F-AC6D-F0C425D0190D
1909	fingers_out_end_right_hand
1910	infil_blima_5
1911	1696 1236.57 31
1912	CB27CD1B-6FFB-11ED-8EA3-B0A460E8079B
1913	anim_playerstandrock
1914	vfx/iw9/core/weapons/impacts/sparks/vfx_imp_cld_spark_hard_plenty_lrg_a
1915	1592 1512 31
1916	831ADE3A-A0B9-11ED-8ECA-B0A460E8079B
1917	vfx_rust2_blowing_sand_med
1918	1624 1808 40
1919	A1E5F254-CA08-B723-FBB8-B3F8D5BFFF25
1920	mp_sd_spawn_attacker
1921	22D3AA6D-AED7-FCE7-C50D-0ED2253ADA07
1922	048C331C-3244-1CEC-496D-1EE2FC251EF7
1923	A3212A9A-DC9A-4B9A-79C2-4E72866CA26C
1924	-416 -32 24.5
1925	vfx_estate_light_zapper_bugs
1926	1052 884 30
1927	tag_mirror_right
1928	F1F6239F-CF10-3434-CBC5-B5636F1CC34E
1929	pf9e4b53974c1f1b65_auto2108
1930	634A8C8C-6934-11ED-8E4F-68545AAC0192
1931	ADB93125-25A1-4787-5AA9-D1E3B5E18771
1932	AFBAA973-F85B-C427-D617-F79891AE4790
1933	CB27CD24-6FFB-11ED-8EA3-B0A460E8079B
1934	28237195-B92D-E64A-9AB8-0DAEF716C79D
1935	0 334.999 0
1936	634A8CF5-6934-11ED-8E4F-68545AAC0192
1937	1759 1336 31
1938	99ED2543-5CC5-F821-555F-E5C352B9BDCC
1939	E225D81A-1664-3A8D-E904-2E03CF3DD8F4
1940	9942067C-FC46-E804-C973-E6BA203B7953
1941	8D03B457-0F92-11EE-9584-68545AD2D871
1942	5A603893-6107-146F-C8EA-187ABF30369B
1943	vfx/jup/level/cp_jup_apartment/vfx_apt_dust_falling_ch_02
1944	7FA5A1F8-4155-AF20-A451-2E0A9D11B422
1945	1768 1120 36
1946	574FA99E-1796-4065-4296-E0D42672D929
1947	840 1844 31.091
1948	46EFAA8B-5B7C-11ED-8E8A-B0A460E8079B
1949	1712 1400 32
1950	a
1951	1555 1767 39
1952	4C78F036-6FFB-11ED-8EA3-B0A460E8079B
1953	0 160 0
1954	1700 1512 31
1955	mp_xfire_spawn_axis_start
1956	4C78F0C0-6FFB-11ED-8EA3-B0A460E8079B
1957	AF1FA8C5-A4B7-D4D9-87D1-776883C0CBDF
1958	0 34.9999 0
1959	0 177 0
1960	FA925630-248A-C319-A4A1-FB7C8F56C8FE
1961	E7E97447-32EF-3A8E-7D94-FC9B1F3EC053
1962	0 54.9997 0
1963	8ED6755B-5934-11ED-8E86-B0A460E8079B
1964	F95B8948-03B1-6453-749D-FC5158DF1814
1965	D5A236D4-5933-11ED-8E86-B0A460E8079B
1966	F9E7B192-A0BA-11ED-8ECA-B0A460E8079B
1967	B905FFB1-965E-11ED-8EC0-B0A460E80798
1968	0 23.9984 0
1969	E42479DC-A688-CBDF-2DFF-8D47606D1252
1970	C7647484-9CA9-11ED-8EC7-B0A460E8079B
1971	vfx/iw9/level/shadowbase/vfx_shdb_falling_dust
1972	1760 1340 36
1973	base
1974	-432 600 22.9671
1975	4C78F08A-6FFB-11ED-8EA3-B0A460E8079B
1976	jump_down_160
1977	1112 1368 20.6875
1978	CB27CCFA-6FFB-11ED-8EA3-B0A460E8079B
1979	-408 1416 36.5
1980	1739 1123 39
1981	44 -188 24.5
1982	ik_in_start_left_hand
1983	F9E7B1A4-A0BA-11ED-8ECA-B0A460E8079B
1984	-432 604 38.8675
1985	227 -84 27
1986	1416 1056 32
1987	2A8054CF-C8D4-D0E5-B0BB-84A3E9DDCC70
1988	4E805F54-20EF-9BA3-125B-14130F95E3BA
1989	allies_endzone_vis
1990	B3602050-59E9-0DDF-44FC-4677C68CA377
1991	C5C160CA-A802-1552-6E3F-2CC8A37B2EF3
1992	vfx/iw9/level/mp_dmz_bio_lab/vfx_dmz_lux_vent_steam_med
1993	68DF6F4D-25BD-44E6-9718-08FC30D094C0
1994	vfx/iw9/level/nightwar/vfx_nw_sparks_b
1995	door_rear_left
1996	76522C1B-5934-11ED-8E86-B0A460E8079B
1997	838 -44 36
1998	93D8D8A6-F811-4C40-FE92-610337D33E31
1999	1598 -100 31.662
2000	vfx_wartorn_blowing_sand_big
2001	634A8C9B-6934-11ED-8E4F-68545AAC0192
2002	pf805649e72d484b98_1 pf805649e72d484b98_2 pf805649e72d484b98_3 pf805649e72d484b98_4 pf805649e72d484b98_5
2003	-344 64 23.0488
2004	E5151536-5BB5-7D11-5514-8250B76821BC
2005	91588795-7CA3-570D-4827-912437C120C1
2006	DECA5E3D-6FF3-11ED-8EA3-B0A460E8079B
2007	pfcd9b05c1bb8bb7de_auto716
2008	6ECB25E4-FC22-FC09-BE98-8EAC900E119B
2009	1736 1076 55
2010	1641 1538 44.327
2011	van_infil_sfx_npc3
2012	4C78F009-6FFB-11ED-8EA3-B0A460E8079B
2013	tag_window_front_left
2014	-153 269 32.9921
2015	0 194.999 0
2016	30D828EB-BE3C-942A-BD84-5A918D8213F6
2017	CB27CCF7-6FFB-11ED-8EA3-B0A460E8079B
2018	189B6EE9-1914-9638-30AF-E2EDDD69688D
2019	pf88eb83c62ac01232_auto716
2020	1576 1400 32
2021	0197F261-A0BB-11ED-8ECA-B0A460E8079B
2022	88CCD3CB-5934-11ED-8E86-B0A460E8079B
2023	312 72 26.6147
2024	037E4513-A0BD-11ED-8ECA-B0A460E8079B
2025	A0F9B39B-5934-11ED-8E86-B0A460E8079B
2026	1247 1810 24.8034
2027	D70982C8-9CA9-11ED-8EC7-B0A460E8079B
2028	EDC5AD39-08B6-CEB0-E5C3-702B26857554
2029	1176 1848 24.8834
2030	infil_van_iw9_4
2031	1024 -140 19.4866
2032	8A2E8D34-3306-298E-9F74-F2D4C93BE09C
2033	veh9_civ_lnd_van_cargo
2034	344 -168 30.5
2035	1412 828 36
2036	vfx_sparks_01
2037	8BB30514-99A5-4DD3-D58B-A53214EEA760
2038	j_rope_1
2039	4278AE06-B1A7-2855-1D20-E0161D349650
2040	393C175C-E8E0-C58E-AE11-39E45F083C68
2041	1647057B-449E-7033-C1F5-D1B8BFA7600D
2042	EA186C7F-4DD2-C9B9-2FE3-B3C055553BBF
2043	155A4E59-9CA9-11ED-8EC7-B0A460E8079B
2044	7ECA7ED1-5B7A-11ED-8E8A-B0A460E8079B
2045	C3B1DF21-4232-2E8D-590E-846FD0DE4313
2046	D7132950-4A00-9AF1-96CE-CF4AA52A413B
2047	26EEA337-9CD3-11ED-8EC7-B0A460E8079B
2048	794D042D-0747-0A4F-CAD2-1AFCAF609463
2049	infil_van_2
2050	D411F5E6-5934-11ED-8E86-B0A460E8079B
2051	1760 1268 31
2052	1726.03 1373.19 34.25
2053	96F377A4-1AD9-9D9D-1DF5-59AB3942DBC5
2054	0 322 0
2055	1416 864 32
2056	4C78F096-6FFB-11ED-8EA3-B0A460E8079B
2057	1571 1639 39
2058	pf2bf8521476e26b5e_auto715
2059	DC530A10-5B7A-11ED-8E8A-B0A460E8079B
2060	1660 1828 32
2061	59291060-812C-8E8A-5EC0-2B9DDDBEFBB6
2062	1204 -170 14.8798
2063	1712 1336 32
2064	0 299.999 0
2065	scriptable_uk_tool_box_small_01
2066	180 908 22.2112
2067	7C05D0F4-04C1-5539-C8E6-6C9C173C38AB
2068	7251ED33-0F7F-11EE-8F3F-B0A460E8079B
2069	pf1ccc173e4ec9888b_auto2108
2070	213FF302-2F50-B67A-6B22-4F8C66AF784E
2071	634A8C91-6934-11ED-8E4F-68545AAC0192
2072	-312 19 40.5
2073	0 123.617 0
2074	-468 -128 40.5
2075	E26D6B64-5934-11ED-8E86-B0A460E8079B
2076	0 164.999 0
2077	1C6D7D38-C09B-3982-8AC9-89A884971D3C
2078	-119.032 1713.86 34.8242
2079	vfx_jup_bm_falling_dust_ch_02
2080	DECA5DB9-6FF3-11ED-8EA3-B0A460E8079B
2081	D5CC3121-6FF2-11ED-8EA3-B0A460E8079B
2082	0D5F4A2B-9660-11ED-8EC0-B0A460E80798
2083	DECA5D98-6FF3-11ED-8EA3-B0A460E8079B
2084	7D9673F6-7611-EA8F-DC4E-333BEE9EFC7F
2085	ik_in_start_right_hand
2086	5D892DAB-3D47-AFB5-B019-81A9021BC5C8
2087	pf6393364130651654_auto715
2088	CB27CD45-6FFB-11ED-8EA3-B0A460E8079B
2089	831ADE20-A0B9-11ED-8ECA-B0A460E8079B
2090	fingers_in_end_left_hand
2091	ws_safe_offscreen
2092	634A8D27-6934-11ED-8E4F-68545AAC0192
2093	2579E43A-3CF1-269F-1951-DCE25A59318B
2094	CB27CC97-6FFB-11ED-8EA3-B0A460E8079B
2095	0 170 0
2096	vfx_dam_electric_falling_sparks_ch
2097	pf83566d41fb957d4a_auto2108
2098	B4C37571-CE9D-C305-4F1C-09AF31E75E8D
2099	62751FEB-6668-6BC6-133D-978E296581D4
2100	B14B2B37-5617-9A35-DC3B-593B04E0566C
2101	vfx/iw9/level/shadowbase/vfx_shdb_amb_tunnels_steam_floor_01_b
2102	6ED9ED83-5B7A-11ED-8E8A-B0A460E8079B
2103	-160 -136 32
2104	84 52 36.0969
2105	mp_ctf_spawn_secondary
2106	vfx/jup/level/mp_jup_estate/vfx_estate_falling_dust_02
2107	fov_63_2
2108	FE8DE8F0-F173-A629-2074-450349B8C01C
2109	pf589cd6c527ae3042_auto2108
2110	0 89.999 0
2111	DF772809-8B86-5D81-8BCE-7B07C4C905A2
2112	2 3 5
2113	7922391F-0F91-11EE-9584-68545AD2D871
2114	F66D65FF-DABE-7B8D-6A79-96FBCA0B5BBE
2115	23D6BD07-A1EA-281D-9741-630A8677960C
2116	CC08D317-4EE6-7A3A-B848-E9F5E356094D
2117	1760 1340 31
2118	body
2119	07D149E3-79B0-11EE-8F84-B0A460E769BC
2120	pfd2e774fa581ae479_auto716
2121	DECA5E5E-6FF3-11ED-8EA3-B0A460E8079B
2122	4C78F0C3-6FFB-11ED-8EA3-B0A460E8079B
2123	07D149BF-79B0-11EE-8F84-B0A460E769BC
2124	DECA5DA4-6FF3-11ED-8EA3-B0A460E8079B
2125	A46B1069-2AD2-4B55-313C-90DE84B6F4E1
2126	hardpoint_vis_03
2127	586 1849.5 48
2128	pfd85933ced8f1ace1_auto2108
2129	pf199ac22c5767fd06_auto2108
2130	pf3fd7404531eb137_auto2108
2131	CB27CCA3-6FFB-11ED-8EA3-B0A460E8079B
2132	D55CDA31-0B24-2AD9-C464-59282A074F6E
2133	B6A75F26-E250-89A1-BE3E-6C682551837E
2134	A30AE1E0-6FF2-11ED-8EA3-B0A460E8079B
2135	vfx/iw9/level/mp_embassy/vfx_emb_pot_steaming_haze
2136	6955A87F-D27F-7D37-77B8-6F2A33803BF1
2137	634A8D0E-6934-11ED-8E4F-68545AAC0192
2138	EDB745E4-126E-A11F-47E7-80A628B5BC2E
2139	-12 140 16.736
2140	676FCF47-70D3-DA1B-9BAF-37A8836D6D4A
2141	4C78F075-6FFB-11ED-8EA3-B0A460E8079B
2142	D3833EF1-9CB1-11ED-8EC7-B0A460E8079B
2143	-160 -192 28.5
2144	0 181.996 0
2145	1767 1232 32
2146	1608 1312 31
2147	scn_infil_van_npc3
2148	vfx/iw9/level/shadowbase/vfx_shdb_amb_tunnels_steam_floor_01
2149	0 29.9984 0
2150	1739 1512 40
2151	76F26C04-C1CA-6CC3-A306-C71DC404E157
2152	4377821A-8106-7D37-8058-8A58EE1F36A4
2153	0 317.851 0
2154	vfx_blowing_sand_ground_volume
2155	8241621A-A0BC-11ED-8ECA-B0A460E8079B
2156	1596.75 -96 40
2157	1530 14 32
2158	3479F094-836C-85B3-4D91-A66D1AC43BA7
2159	C6FF9D45-9EB8-A942-976A-999C6FE01135
2160	112 -168 36
2161	09EC53E2-A0BB-11ED-8ECA-B0A460E8079B
2162	7832E195-3017-FD97-1105-6FC9FFA66781
2163	DECA5D95-6FF3-11ED-8EA3-B0A460E8079B
2164	4C78F0BA-6FFB-11ED-8EA3-B0A460E8079B
2165	1736 1384 40
2166	D220EC3C-0CBA-11EE-9584-68545AD2D871
2167	A680AC4B-0F92-11EE-9584-68545AD2D871
2168	vfx_global_falling_dust_ch_01
2169	pf96a8b52d61b1471a_auto2108
2170	1600 672 36
2171	DC72DC27-2487-20A1-3B50-B9FB3D9B3D0F
2172	-183.436 650.747 24
2173	6136C01E-F459-31C7-F3A3-D4915D7F7DF8
2174	0 318.599 0
2175	A30AE1EC-6FF2-11ED-8EA3-B0A460E8079B
2176	F907D43B-2D1A-F0A0-47B9-F9864A0E4F75
2177	F6E0AD64-0F91-11EE-9584-68545AD2D871
2178	E27987FC-5CA3-6D6E-D1BD-50FA0DD2E0FC
2179	4D3CC514-5F37-C1A0-5C03-6B7D3AF40440
2180	-320 188 17.1708
2181	pf1ef4e83635bf3c13_auto2108
2182	280 -168 26.5
2183	jup_infil_blima_player_grab
2184	12552ABA-5935-11ED-8E86-B0A460E8079B
2185	2D3BCAF4-B2A1-506A-5AEE-FBAAA16F5DF9
2186	0 14.9999 0
2187	E5CEC39F-9CAA-11ED-8EC7-B0A460E8079B
2188	152C5870-5B7C-11ED-8E8A-B0A460E8079B
2189	vfx/iw9/prop/scriptables/vfx_sparks_no_smoke
2190	8A37E78B-A0B9-11ED-8ECA-B0A460E8079B
2191	jup_infil_blima_rope_crank_left
2192	1616 160 32.0517
2193	0 180 0
2194	mp_koth_spawn_axis_start
2195	7E7E871C-9CD2-11ED-8EC7-B0A460E8079B
2196	pfb4dc93f009b02a5f_auto2108
2197	37A42728-C238-8F68-BA0B-E2806F4E4F40
2198	vfx/iw9/level/_global/vfx_global_blowing_sand_ledge
2199	1348 1844 25.6939
2200	vfx_estate_falling_dust_02
2201	4C78F0D5-6FFB-11ED-8EA3-B0A460E8079B
2202	1759 1440 31
2203	CB27CCCD-6FFB-11ED-8EA3-B0A460E8079B
2204	-96 208 31.2485
2205	4C78F0A8-6FFB-11ED-8EA3-B0A460E8079B
2206	0 340 0
2207	98D9AF99-0F7F-11EE-8F3F-B0A460E8079B
2208	6B91D608-5B7B-11ED-8E8A-B0A460E8079B
2209	5701EBFD-5430-7A91-6F17-E36CD72C9658
2210	340E3F41-9CAB-11ED-8EC7-B0A460E8079B
2211	vfx_global_steaming_ground
2212	mp_tdm_spawn
2213	4C78EFDF-6FFB-11ED-8EA3-B0A460E8079B
2214	vfx/jup/level/mp_jup_rust/vfx_wartorn_blowing_sand_med_directed
2215	vfx/iw9/level/shadowbase/vfx_shdb_falling_dust_ch
2216	9EEB12EF-D94A-25F2-03AE-F0F3E48145BF
2217	4C78F054-6FFB-11ED-8EA3-B0A460E8079B
2218	-543.677 1656.85 36.1579
2219	66AE03D2-DE5E-E736-EB27-06E089EB0906
2220	pf6f7be7829349ce9d_auto716
2221	vfx_shdb_falling_dust
2222	F45176E9-0F92-11EE-9584-68545AD2D871
2223	A90C0B52-1CFA-FD5A-4CC9-D514F965B2A0
2224	D50A3B08-5B98-8BFD-B771-F749A06122BC
2225	79879EA0-1D34-3890-E132-E88AE312A358
2226	FE7B2857-D659-2DE4-D528-5FF580C82C1D
2227	62D191BB-6C66-5F9E-96D4-82E47F7595CD
2228	7C8B4C30-D121-68B8-BAF5-CB228D7159A7
2229	pff7715d0e657d6af0_auto2108
2230	8FA77771-3CF3-2D0E-3A8A-BF2F3811EBE9
2231	pfbc970c2ea9de334f_auto715
2232	-8800 7360 0
2233	mp_robj_spawn_allies_start
2234	0 144 0
2235	ED9897B4-0CBA-11EE-9584-68545AD2D871
2236	1
2237	-116.5 1803.5 13.385
2238	pf76a837159cfc0af4_auto2108
2239	09EC53DC-A0BB-11ED-8ECA-B0A460E8079B
2240	1540 1840 40
2241	pfd15ded156fb4a932_auto2108
2242	1442 1406 36
2243	EECE23F8-7D7A-C38C-CFFB-A99B18AEB7A3
2244	0 34.9997 0
2245	8DB6ADBB-424F-B04E-D433-3290CD5C1706
2246	B2ADF19B-49DA-14E0-F7E5-899143BEC683
2247	44DB0DA7-6502-11ED-8E95-B0A460E8079B
2248	1046 1842 28.8588
2249	1568 1640 27.9367
2250	4F5246D3-A9ED-83F2-5016-6E4300121522
2251	-228.691 572.363 24
2252	E9BAFDCC-5B7A-11ED-8E8A-B0A460E8079B
2253	vfx/iw9/level/shadowbase/vfx_shdb_amb_tunnels_steam_floor_01_c
2254	pfaccce789dc355d0c_auto2108
2255	light_front_right
2256	vfx/iw9/level/shadowbase/vfx_shdb_wind_blowing_sand
2257	4C78EFEE-6FFB-11ED-8EA3-B0A460E8079B
2258	-347.032 1739.86 34.8242
2259	F1707870-F70B-31D5-DFBE-BC0B210B7FF1
2260	vfx_resort_ground_flat_dust
2261	1506 935 24.8633
2262	83905F6D-7310-6D99-3265-83B793ADCFE4
2263	97CF04F1-9476-0850-0630-20AD29EC75DA
2264	931BC2E1-D0BC-85BF-3076-EDED76F8787F
2265	1754 1528 31
2266	BB5AD0AA-BD18-6773-D6C9-FE60E7C46229
2267	E62A73F9-EA69-C104-035F-C740F8971D0B
2268	232 724 32
2269	30241EBD-95BB-11ED-8EBF-B0A460E8079B
2270	9E4B795C-D196-69EE-4E65-D11C1648FDBB
2271	hardpoint_vis_02
2272	1534 8 26
2273	48629C79-5934-11ED-8E86-B0A460E8079B
2274	pf97803d1427dfcf84_auto2108
2275	1666 1110 36
2276	vfx_shdb_amb_tunnels_steam_floor_01
2277	-233 1428.75 33.5
2278	BC3082BC-C11F-A444-9B44-4F3EC3687877
2279	634A8CBE-6934-11ED-8E4F-68545AAC0192
2280	CB27CCBE-6FFB-11ED-8EA3-B0A460E8079B
2281	CB747702-C8FF-2DA1-A5AD-1B9477355828
2282	0 59.9994 0
2283	vfx_svr_sparks_electrical_sml
2284	517AA7B9-359F-3016-C409-43D4765A7B6B
2285	1700 1332 31
2286	0822DF9C-A44A-849A-E814-A285CEAAB285
2287	F69D7B49-2BBF-90DF-D478-B4E0DA993B49
2288	-503.5 1664.5 32
2289	base_scripted_anim_slot
2290	pf5276ef2a125d15bd_auto2108
2291	270 912 20
2292	0 346.002 0
2293	scn_infil_van_npc2
2294	BFF5900D-4F83-3F99-D5C1-D74F04185AA5
2295	A088D758-5B7B-11ED-8E8A-B0A460E8079B
2296	-116 196 16.1315
2297	634A8D4A-6934-11ED-8E4F-68545AAC0192
2298	0 269.735 0
2299	241F8E7F-22F1-0605-2AA8-153FE7F43F5B
2300	free_look
2301	9D1F2061-3B5F-109B-B83B-4285287CDBA8
2302	vfx/iw9/level/intercept/vfx_intercept_ac_vent_steam
2303	DECA5E7C-6FF3-11ED-8EA3-B0A460E8079B
2304	120 -92 24.5
2305	0D59E333-0F83-11EE-8F3F-B0A460E8079B
2306	B5576954-4F1A-ECE5-5443-624CBEC9F6BE
2307	-416 1174 32
2308	1716 1396 31
2309	pfbe477401b2e1c3e_auto2108
2310	0D0AD0C5-5EA6-14FA-10CE-4E18635E53DB
2311	1616 160 32
2312	veh8_mil_lnd_br_train_flatbed
2313	844 482 20
2314	vfx_imp_cld_spark_hard_plenty_lrg_a
2315	4C78F0E1-6FFB-11ED-8EA3-B0A460E8079B
2316	1696 1300.57 31
2317	jump_across_100
2318	1EA71DE1-E19E-8C8F-A179-4577897BE972
2319	C8F7FC70-F0C1-58FE-D12A-F76BC09AA59C
2320	6926E8DB-D324-DD7F-85D2-5717D4CA2BE4
2321	DECA5E4F-6FF3-11ED-8EA3-B0A460E8079B
2322	0430BF29-0F92-11EE-9584-68545AD2D871
2323	4B7822A0-F58C-2A2A-DB04-4D3D82C44F4D
2324	4C78EFFA-6FFB-11ED-8EA3-B0A460E8079B
2325	EE5ADE0D-2B7F-23D7-63C8-22BF9AF4CDF7
2326	1540 1844 36
2327	-116 1804 20
2328	960 1014 36
2329	pf805649e72d484b98_1 pf805649e72d484b98_2 pf805649e72d484b98_4 pf805649e72d484b98_5
2330	-216.565 774.385 24
2331	mp_robj_spawn_secondary
2332	vfx/jup/level/mp_jup_karachi/vfx_kar_ground_flat_dust
2333	44DB0D92-6502-11ED-8E95-B0A460E8079B
2334	vfx/jup/level/cp_jup_apartment/vfx_apt_dust_falling_doorway
2335	pf9882e91ae17c7e19_auto2108
2336	-296 312 15.4228
2337	facial
2338	ws_safe
2339	vfx/jup/level/mp_jup_rust_02/vfx_rust2_blowing_sand_med
2340	7F3A36F4-8686-4674-45BF-5B6C78553A92
2341	890664B8-453D-7857-2DAE-49914A00C20E
2342	vfx/iw9/level/tower/vfx_twr_falling_dust_ch1
2343	53DD5481-ECCE-8A29-3573-A373503E2D4A
2344	329412DA-9CA9-11ED-8EC7-B0A460E8079B
2345	-80 164 15.9962
2346	ik_out_start_left_hand
2347	7FF98972-CEBD-CC05-7C7E-53DFB1CD2454
2348	-124.5 1711 36
2349	AA73F21B-44BE-F153-A942-153FC333B406
2350	0 4.99882 0
2351	vfx_estate_falling_dust_01
2352	A5FE28CC-636A-6B89-BCDA-0B23C18A4B24
2353	58AE5546-CF03-C8AF-8296-4F2A0C251CC2
2354	1684 1780 36
2355	700 972 71.371
2356	pf9efbe692da1dca03_auto2108
2357	E4F87A0F-D485-89E3-F153-2183DEF8061F
2358	pfe51d3411e011aa02_auto2108
2359	1431.64 -143.948 36
2360	1700 1272 31
2361	1759 1440 32
2362	D89247B6-5B79-11ED-8E8A-B0A460E8079B
2363	553204AA-5934-11ED-8E86-B0A460E8079B
2364	36028E65-BD1D-1507-FC75-4E0DEF15E31E
2365	A3C2115D-7C32-41CC-853F-5EC8DE644CD1
2366	vfx/jup/level/mp_jup_rust_02/vfx_rust2_clouds_01
2367	pf82a88cf113e5bd52_auto716
2368	E13AD07C-F1F8-A599-07EB-C1589EDC122B
2369	mp_tdm_spawn_axis_start
2370	scriptable_electrical_box_rusted_01
2371	van_infil_sfx_npc5
2372	7B852543-7282-DA26-4190-294CB532FA4F
2373	CB27CD1E-6FFB-11ED-8EA3-B0A460E8079B
2374	0 91.9987 0
2375	1760 1172.57 31
2376	634A8C6E-6934-11ED-8E4F-68545AAC0192
2377	pf5bd70a07fb13c2ad_auto715
2378	2F6009DB-0F81-11EE-8F3F-B0A460E8079B
2379	348 732 28
2380	-340 68 32
2381	vfx_apt_dust_falling
2382	DE80B417-A0BC-11ED-8ECA-B0A460E8079B
2383	0 288.999 0
2384	0043D036-9CAB-11ED-8EC7-B0A460E8079B
2385	DECA5E61-6FF3-11ED-8EA3-B0A460E8079B
2386	329412F2-9CA9-11ED-8EC7-B0A460E8079B
2387	-413.278 500.05 32
2388	0 179.998 0
2389	1624 646 40
2390	-468 -132 32
2391	F3F29895-AB5A-53DC-E629-F635D714FEB4
2392	905265B6-9CA9-11ED-8EC7-B0A460E8079B
2393	pf805649e72d484b98_1 pf805649e72d484b98_2 pf805649e72d484b98_3 pf805649e72d484b98_5
2394	FEC0736F-7919-11EE-95A8-68545A904D17
2395	-424 1128 33.282
2396	van_chief_sfx
2397	DA256433-5934-11ED-8E86-B0A460E8079B
2398	472 -188 36.5
2399	DECA5E16-6FF3-11ED-8EA3-B0A460E8079B
2400	contested
2401	vfx_shdb_falling_dust_ch
2402	DECA5DE3-6FF3-11ED-8EA3-B0A460E8079B
2403	7C02AE18-1FD8-1434-89A1-16582C7EA145
2404	vfx/iw9/prop/scriptables/shared/vfx_svr_sparks_electrical_sml
2405	vfx_nw_sparks_a
2406	8277A409-7758-4E57-B4FD-1B685DA9DB10
2407	-261.82 696.002 24
2408	478515E5-6097-619D-807C-176AB432DB8C
2409	155A4E5C-9CA9-11ED-8EC7-B0A460E8079B
2410	pf59a0129eb1ab0cf5_auto2108
2411	CB27CC7F-6FFB-11ED-8EA3-B0A460E8079B
2412	tag_windshield_front_pristine
2413	0B91A36C-D36A-F9A9-7081-310D2476879B
2414	CB27CD0F-6FFB-11ED-8EA3-B0A460E8079B
2415	1768 1156 31
2416	0 319.994 0
2417	4C78F030-6FFB-11ED-8EA3-B0A460E8079B
2418	DECA5E5B-6FF3-11ED-8EA3-B0A460E8079B
2419	0 92 0
2420	pfaea43cb9b9e48248_auto2108
2421	4B0F7303-F455-B748-77F0-B96003C380D9
2422	1760 1428.57 31
2423	1338 274 36
2424	81386DD7-0F92-11EE-9584-68545AD2D871
2425	D467A93B-59FE-3B83-C0B9-3D6833E9BBB3
2426	74F55A1E-431A-D028-CD91-705C2C41E348
2427	4C78F090-6FFB-11ED-8EA3-B0A460E8079B
2428	F594A310-A0BC-11ED-8ECA-B0A460E8079B
2429	0 324 0
2430	6CF1A867-4D32-A883-62CD-4B5AB4846009
2431	6C0A3F2C-9CAB-11ED-8EC7-B0A460E8079B
2432	1636 1512 31
2433	8C680C0D-95B7-11ED-8EBF-B0A460E8079B
2434	210 924 19.2441
2435	6D6EB90B-0973-0C90-1286-4B99EBE2BEF2
2436	D553DD5C-89B1-6EB2-0726-B8BE32172B24
2437	1640 1336 32
2438	vfx/jup/level/mp_jup_rust/vfx_sparks_02_ch
2439	vfx/jup/level/mp_jup_rust/mp_rust_sandstorm_01
2440	1768 1232 36
2441	infil_blima_2
2442	pf5f8b583d51953512_auto2108
2443	vfx_air_falling_dust_ch1
2444	459C8410-7F7F-2A7C-E226-8C299AC53C05
2445	7C2A29D8-0C9D-6A75-D1F3-C2E1B293AC34
2446	4D68D032-5B7A-11ED-8E8A-B0A460E8079B
2447	1348 1840 40
2448	pfb3e0aa52f871b42e_auto715
2449	99E8CE8E-5B7B-11ED-8E8A-B0A460E8079B
2450	pf805649e72d484b98_auto3180
2451	AAFB252D-0F81-11EE-8F3F-B0A460E8079B
2452	33EBCB05-5936-781A-AB53-92A7DF4872E2
2453	BC396271-49BE-D605-9090-5DC2CA7CCBC3
2454	003C2B53-75CA-78D8-81F3-422F70196D31
2455	2DFD7B3C-4601-F876-9E82-30D4ABBB6287
2456	-374.671 745.583 32
2457	pffdc677778f6adbd7_auto2108
2458	60 -84 24.5
2459	1 3
2460	vfx_rust2_sphere_test
2461	vfx/jup/level/sp_jup_kickoff/vfx_kick_tunnels_dust_falling_01
2462	558A76CF-9CB1-CD60-A1B7-45D97F2148FD
2463	0 0 0
2464	-320 188 32
2465	1759 1336 32
2466	5864F30C-5CDD-0069-2D11-79555489DC38
2467	8ED3B31F-996A-7670-FF73-D5B0B94B2B63
2468	infil_van_fort_iw9_5
2469	jup_infil_blima_rope_fall_right
2470	1768 1120 31
2471	1E4A7CFA-2806-F169-4AD0-159ADFC791C0
2472	pf394a1595d33f38a_auto2108
2473	CB27CC8B-6FFB-11ED-8EA3-B0A460E8079B
2474	9718A9E2-E196-FA29-B6B1-C311F2F0A0A2
2475	b
2476	07D149D4-79B0-11EE-8F84-B0A460E769BC
2477	801 1843 32.59
2478	DECA5E13-6FF3-11ED-8EA3-B0A460E8079B
2479	0 165 0
2480	-472 -136 24.5
2481	-152 -14 32
2482	1B75BB87-FBA8-BA2A-6D2D-5391F5353007
2483	1096 1370 36
2484	-392 -192 30.5
2485	-16 -192 36
2486	9C867E38-67D7-4F57-65BC-9BC3F818FE4B
2487	-336 462 34
2488	A50433A6-0CBA-11EE-9584-68545AD2D871
2489	1080 132 13.1615
2490	-344 324 17.6364
2491	85B616C7-EA74-C497-16AB-C9B96BD722F2
2492	1508 924 34
2493	electrical_box_rusted_01
2494	-156 -12 32
2495	F976BD1D-C803-9853-78EC-B621D8F358F2
2496	5D0501CF-B898-C234-AC00-789F7768C929
2497	9FC835AC-690F-0EEA-424A-2A1D5E48FF74
2498	1502 1585 43.4396
2499	visible
2500	B20FAA6E-7632-F5FD-DEFE-3A3626DCC641
2501	pf84577fcdf9efe66b_auto2108
2502	FC6386D1-95BA-11ED-8EBF-B0A460E8079B
2503	jump_down_136
2504	864040ED-0DB0-4A63-4C66-6CFC865B4980
2505	DECA5E22-6FF3-11ED-8EA3-B0A460E8079B
2506	-166.872 588.927 24
2507	09D3E99D-CC20-EF86-EC66-79B9B4DFA9B5
2508	4C78F06F-6FFB-11ED-8EA3-B0A460E8079B
2509	0197F271-A0BB-11ED-8ECA-B0A460E8079B
2510	pf3c9441b8ffcd7b1b_auto2108
2511	-172 -188 24.5
2512	4C78F09C-6FFB-11ED-8EA3-B0A460E8079B
2513	1624 1800 40
2514	pff9414ad42649066e_auto2108
2515	6FE09322-5934-11ED-8E86-B0A460E8079B
2516	0F7C54C6-9CB2-11ED-8EC7-B0A460E8079B
2517	1B22EC74-025A-3C78-2C73-9DB2D9AE8E9D
2518	CB27CCE5-6FFB-11ED-8EA3-B0A460E8079B
2519	6B3EC1A7-E1FA-7FC9-3573-35E7DA4CF64B
2520	vfx/iw9/level/nightwar/vfx_nw_sparks_a
2521	A30AE1D7-6FF2-11ED-8EA3-B0A460E8079B
2522	van_door_sfx
2523	B9C2E736-C20F-95C0-C2F4-5C5BC5DC69A0
2524	0 215 0
2525	-251.561 672.159 16.8989
2526	CB27CD30-6FFB-11ED-8EA3-B0A460E8079B
2527	07D149F8-79B0-11EE-8F84-B0A460E769BC
2528	D5CC3145-6FF2-11ED-8EA3-B0A460E8079B
2529	6A82FF3C-6848-CFA3-66F9-34FE71376007
2530	vfx/jup/level/mp_jup_estate/vfx_estate_light_zapper_bugs
2531	1608 1312 40
2532	1600 296 20
2533	840 480 28.1296
2534	scn_infil_van_npc5
2535	pf479309cca7c5842c_auto2108
2536	1640 1272 32
2537	pf3b8e2209b7dff9c1_auto715
2538	634A8D4F-6934-11ED-8E4F-68545AAC0192
2539	c2
2540	D5CC3124-6FF2-11ED-8EA3-B0A460E8079B
2541	1688 1776 32
2542	AFC532D5-A0BC-11ED-8ECA-B0A460E8079B
2543	2306AA00-5B7C-11ED-8E8A-B0A460E8079B
2544	0D9169E6-9CAB-11ED-8EC7-B0A460E8079B
2545	-187.562 864.159 17.0552
2546	CE9A3323-9F4B-DF45-81A7-33226DF6F2FE
2547	94391E4C-D4D6-B3EB-EED0-802B5F660868
2548	BCA70BAD-C929-247D-A198-8C103264D1B0
2549	1 4
2550	2 5
2551	CB1B66DB-C0D7-B5B7-57CC-2AA8D1BF4783
2552	0EB97E4C-BB3C-AC91-941D-34A9758C746C
2553	wheel_center_front_left
2554	D240640F-5C2D-580A-FF29-6912D4E5D34A
2555	189 -168 40.5
2556	vfx_jup_bm_falling_dust_ch_01
2557	mp_ctf_spawn_allies_start
2558	7A453679-12FF-95DD-8384-282F811E765B
2559	2D44DCD6-5935-11ED-8E86-B0A460E8079B
2560	F2FAD5DA-5B7A-11ED-8E8A-B0A460E8079B
2561	infil_van_fort_iw9_2
2562	vfx/jup/level/mp_jup_rust/vfx_global_steaming_ground_directed
2563	1484 1839 43.4396
2564	ik_out_end_left_hand
2565	D28D87F6-9C44-3B5D-3ADD-94B867EC59EA
2566	3
2567	pf6393364130651654_auto716
2568	4C78EFD6-6FFB-11ED-8EA3-B0A460E8079B
2569	4C78F069-6FFB-11ED-8EA3-B0A460E8079B
2570	3312434F-D46B-0F5C-4081-64673EFE0413
2571	CB27CD57-6FFB-11ED-8EA3-B0A460E8079B
2572	1467 1787 39
2573	FD5C9B4C-F286-C93A-DD35-141038A7FF97
2574	pfcab0685d8957b473_auto715
2575	152C585F-5B7C-11ED-8E8A-B0A460E8079B
2576	4C78F063-6FFB-11ED-8EA3-B0A460E8079B
2577	pf640ee455334ff88d_auto2108
2578	105A31EE-5B7A-11ED-8E8A-B0A460E8079B
2579	0 262.733 0
2580	44DB0D86-6502-11ED-8E95-B0A460E8079B
2581	5A98CB40-22A8-C8DD-A5E2-1BB4BC7F4A60
2582	-282.662 61.691 16
2583	-372 400 20
2584	2E80F8BE-7970-9FDF-694F-3682EA0E2E4A
2585	1700 1396 31
2586	4C78F0DE-6FFB-11ED-8EA3-B0A460E8079B
2587	A672C523-50E1-70BE-F529-15299680CC85
2588	9A3F10DB-18CD-C43F-1DDF-2293D3F48432
2589	1207.52 -176.059 14
2590	F4D0E943-DCD4-B796-1DE3-391A3D1AC532
2591	7ECA7EE2-5B7A-11ED-8E8A-B0A460E8079B
2592	D89247AB-5B79-11ED-8E8A-B0A460E8079B
2593	DECA5DF2-6FF3-11ED-8EA3-B0A460E8079B
2594	hardpoint_vis_04
2595	1 3 4 5
2596	1580 1660 40
2597	73B53737-7640-6CDA-F95C-55BB0FF09D83
2598	mp_tdm_spawn_allies_start
2599	0 3.99961 0
2600	733B59F4-5933-11ED-8E86-B0A460E8079B
2601	C47BE09F-B23B-705A-512E-DC2242A52B4E
2602	EEF85737-E0EA-B917-6D9F-19D2441CBE29
2603	581D6C0B-8649-EEFB-70F3-3D15B82E693E
2604	vfx/jup/level/cp_jup_apartment/vfx_apt_sparks_drip_ch_02
2605	CB27CD06-6FFB-11ED-8EA3-B0A460E8079B
2606	10A9759D-A869-B06E-8F34-101B7AC08C7F
2607	-252.887 -35.4363 16
2608	4C78F06C-6FFB-11ED-8EA3-B0A460E8079B
2609	65BF89E1-6346-EAA8-4E1D-BF35E95BAB38
2610	vfx_imp_cld_spark_hard_plenty_med_a
2611	D21C0C07-ACD5-3A4F-7640-485CA98F4BEF
2612	vfx_shdb_wind_blowing_sand
2613	380 918 22
2614	112 -168 24.5
2615	1058 880 36.2754
2616	6D31FDCC-4889-1239-17E5-90E639A17734
2617	vfx_rust2_flare_blue_01
2618	63BC5BBC-0CBA-11EE-9584-68545AD2D871
2619	pfc034f4bb42fbe0b7_auto2108
2620	vfx_resort_tumbleweed
2621	D6F03FF6-0F81-11EE-8F3F-B0A460E8079B
2622	279F2349-0F93-11EE-9584-68545AD2D871
2623	997D703B-A0BC-11ED-8ECA-B0A460E8079B
2624	D5CC311E-6FF2-11ED-8EA3-B0A460E8079B
2625	show
2626	4C78F027-6FFB-11ED-8EA3-B0A460E8079B
2627	5476E303-5B7A-11ED-8E8A-B0A460E8079B
2628	76ED6C39-F83C-C22A-B9EC-19147BC35A8A
2629	vfx/iw9/level/shadowbase/vfx_shdb_blowing_sand_flat_fast_ch
2630	0 50.9997 0
2631	CF659B33-ABD6-C32C-17A2-80F2A0CF47CA
2632	uk_tool_box_small_01
2633	1703 1188 40
2634	traversal_door
2635	985AA79B-01EC-98F9-F6D4-E6E8B0415C36
2636	CB27CC8E-6FFB-11ED-8EA3-B0A460E8079B
2637	CB27CCC4-6FFB-11ED-8EA3-B0A460E8079B
2638	1552 1516 43.4396
2639	634A8CC8-6934-11ED-8E4F-68545AAC0192
2640	on_nolight
2641	90B9D5E4-6934-11ED-8E4F-68545AAC0192
2642	38E63CF6-0CBA-11EE-9584-68545AD2D871
2643	0 269.994 0
2644	tag_light_front_left
2645	DECA5DA7-6FF3-11ED-8EA3-B0A460E8079B
2646	1744 1116 40
2647	-296 -192 30.5
2648	1611 1423 39
2649	1AEF054C-BF2C-69E6-CA14-6003D91D1BB0
2650	-296 1220 25.4852
2651	1052 632 20
2652	327BB48F-0CBA-11EE-9584-68545AD2D871
2653	02BF5CD6-5A2D-E7E0-329D-35B805C25CA9
2654	229 1787 38.8596
2655	E7B2241C-78AF-472C-1DB3-6FDC23474AA4
2656	6F6ED7CC-0F91-11EE-9584-68545AD2D871
2657	003ABA6F-DA53-1D81-7B4F-9691DCE53EFF
2658	3DD69D38-2B48-29E2-36B1-FA719173C88D
2659	730 376 18
2660	pf73593702bc0da84c_auto716
2661	192 900 26
2662	DC539D2E-14EC-117D-3006-AA4B72FE5BD4
2663	D649503C-6C59-A850-72F5-1B456C85572D
2664	D5823E79-B1A4-9136-0805-BCA424061511
2665	-405.681 -96.9996 16
2666	B6D91D32-3686-04D1-09AF-C6E85421A7F6
2667	4247D41F-9CAB-11ED-8EC7-B0A460E8079B
2668	370 924 16.7048
2669	6E87780B-47B6-ACCC-3147-E912BD5E29DF
2670	5A2FCAD7-E81C-C340-68DD-59B626D5CDB9
2671	-160 -188 32
2672	DA2C53AF-F96C-D38A-19E9-818721E4B4B0
2673	1238 752 36
2674	vfx/iw9/core/weapons/impacts/sparks/vfx_imp_cld_spark_hard_plenty_med_a
2675	0 210 0
2676	1751 1288 40
2677	FE16F5E0-8068-11ED-8EB3-B0A460E8079B
2678	mp_ctf_spawn
2679	vfx/jup/level/cp_jup_airstrip/vfx_air_border_intro_ground_flat_dust
2680	70182741-1B1B-A1CE-F2FC-4F4F757D05F8
2681	0 225 0
2682	87F71E89-5933-11ED-8E86-B0A460E8079B
2683	DECA5E25-6FF3-11ED-8EA3-B0A460E8079B
2684	0 44.9994 0
2685	0B2ABACE-89D1-954B-DF10-F6F8C8D330FE
2686	4C78F087-6FFB-11ED-8EA3-B0A460E8079B
2687	258F672F-5A1B-9DCA-03FC-C8D94E8CE3EF
2688	BCEEA5AC-9CD2-11ED-8EC7-B0A460E8079B
2689	8666BF00-C6B5-E18A-E2EF-0E22D429ED50
2690	AF933551-94C8-C9E0-9509-2117B257E134
2691	EB8388C7-4CCF-2763-5EF3-B33259F1B104
2692	124 -164 34.5
2693	rock
2694	vfx_emb_pot_steaming_haze
2695	4C78F00C-6FFB-11ED-8EA3-B0A460E8079B
2696	689DE29B-5B7C-11ED-8E8A-B0A460E8079B
2697	1540 1844 28.5007
2698	844 488 35.7905
2699	vfx_shdb_wind_blowing_sand_slow_ch
2700	4E3A452B-0CBA-11EE-9584-68545AD2D871
2701	48B46DFB-9CAB-11ED-8EC7-B0A460E8079B
2702	1D956DF8-E553-23CD-C2F8-D0D3BA5417B2
2703	infil_van_fort_iw9_4
2704	89C8579B-A0BC-11ED-8ECA-B0A460E8079B
2705	3B30F74D-15C4-9120-030E-A7514CF6C5E5
2706	19D271F0-AC3F-D014-B398-6F5CB8D466E0
2707	07D149DA-79B0-11EE-8F84-B0A460E769BC
2708	mp_dom_spawn_axis_start
2709	c
2710	718 688 18
2711	1506 894 20
2712	A30AE1FB-6FF2-11ED-8EA3-B0A460E8079B
2713	1E84E5DB-A0BD-11ED-8ECA-B0A460E8079B
2714	42180F9E-18F6-B935-A3A1-E954276D4097
2715	F76608A8-8068-11ED-8EB3-B0A460E8079B
2716	-325 188 27
2717	A9302791-89CB-161E-8C4A-7D5E6205208B
2718	4C78F021-6FFB-11ED-8EA3-B0A460E8079B
2719	0 34.9995 0
2720	vfx/jup/level/mp_jup_estate/vfx_estate_generator_steam_01
2721	window_blast
2722	mp_rescue_spawn_attacker
2723	037E4508-A0BD-11ED-8ECA-B0A460E8079B
2724	430 236 21.9391
2725	9FC31377-A036-0C15-3E22-6D662E8E278F
2726	4C78F081-6FFB-11ED-8EA3-B0A460E8079B
2727	E6830AAE-6890-A19A-879F-0CCAC58968A0
2728	1724.22 1314.82 34.25
2729	0DAD4C1F-5B7C-11ED-8E8A-B0A460E8079B
2730	634A8CCD-6934-11ED-8E4F-68545AAC0192
2731	4FAAC905-9F56-1D64-C8EC-C8352F41C100
2732	2 4 5
2733	4F6D762D-B1A3-4817-650E-D9C89A706871
2734	vfx_jup_bm_falling_dust
2735	07D149E0-79B0-11EE-8F84-B0A460E769BC
2736	-187.561 928.158 20.3156
2737	-392 1800 32
2738	CDB5A89F-A32E-8F83-D116-BEA5D1ABA681
2739	1E26014E-7FD9-D931-7A15-C5BD512C509C
2740	9D9889E0-E325-95B8-DF5E-55E5B5998139
2741	49EA0E93-7043-AB5D-BF9E-3B413FDA15F5
2742	ECA82031-FA4B-00C6-B397-A492290145C1
2743	24BE610E-99B1-0087-1BE5-C3D9F0D6F066
2744	83125291-0CA6-369E-876F-DD05FB009E69
2745	417BB9FD-B18E-6897-6DBE-55905831940D
2746	0 271.999 0
2747	CB27CCD9-6FFB-11ED-8EA3-B0A460E8079B
2748	vfx_wartorn_blowing_sand_med
2749	taillight_left_dead
2750	BB53F6D7-48DD-EB75-39B0-3D703ACB1D6C
2751	pfceacdc59c770211d_auto2108
2752	DFD7E8D6-57DE-C73E-D3AF-43DFF7DC594C
2753	1237.52 -142.059 14
2754	44353E77-C2B1-DBC9-2F68-E9C60A845CC0
2755	vfx/jup/level/mp_jup_rust_02/vfx_rust2_rock_01
2756	1598.25 -95 37.253
2757	scn_infil_van_npc4
2758	400EB464-95BB-11ED-8EBF-B0A460E8079B
2759	D419C4CF-2A38-7B99-2412-8E05F3338F4E
2760	AEC2D8CE-5B7B-11ED-8E8A-B0A460E8079B
2761	09A2A3B1-5B7B-11ED-8E8A-B0A460E8079B
2762	c1
2763	DD7525E2-BDB2-D54C-33DA-571B2B361F7A
2764	1688 1776 31
2765	376 -168 36.5
2766	pf334e161794e5cef6_auto2108
2767	pf25a9d1395841101e_auto2108
2768	1712 1472 32
2769	584 1844 43.0678
2770	F2398F67-6934-11ED-8E4F-68545AAC0192
2771	77E6D1CF-C955-532B-E19F-58ED75DD53EA
2772	C3EC7F46-5934-11ED-8E86-B0A460E8079B
2773	DECA5E6D-6FF3-11ED-8EA3-B0A460E8079B
2774	ik_in_end_left_hand
2775	B2289767-CB51-D972-8DE8-BC7F33140479
2776	70783149-64B8-485E-86B7-DF11E735C388
2777	F60D0A44-693E-FB22-F026-C8BCDE0C2D66
2778	C6A99E65-A0BC-11ED-8ECA-B0A460E8079B
2779	DC1BC7B2-06EB-3F29-7BBC-9977092EB9C5
2780	infil_van_fort_iw9_1
2781	4C78F07E-6FFB-11ED-8EA3-B0A460E8079B
2782	mirror_right
2783	A74180CD-29DE-4A47-1CE3-9BF6A996961B
2784	E3ED4FB3-924C-4915-BB34-4238F0640825
2785	213355D1-0F83-11EE-8F3F-B0A460E8079B
2786	07D149E9-79B0-11EE-8F84-B0A460E769BC
2787	25F8E676-EB4C-70DF-EE45-90F1A1A46CBE
2788	pfcab0685d8957b473_auto716
2789	9B8871A4-4506-75B1-9A70-1B998E0651FA
2790	vfx_shdb_amb_tunnels_steam_floor_01_b
2791	E54245D1-0F92-11EE-9584-68545AD2D871
2792	1603C601-9CB3-E071-CE63-A7753E77037C
2793	4EE8579D-ABEB-3193-E4B3-A84335C57554
2794	0D59E339-0F83-11EE-8F3F-B0A460E8079B
2795	DECA5E04-6FF3-11ED-8EA3-B0A460E8079B
2796	816 1850 36
2797	E133E027-EDD0-90D1-67AD-9FB8E9A040DE
2798	D960855B-D5D8-78B8-07C8-29FEB850E487
2799	4C78F099-6FFB-11ED-8EA3-B0A460E8079B
2800	E889EBC6-73C9-1C9E-84AE-70E72C7C9D41
2801	040D18E8-85F2-E937-A654-EB20EA567F66
2802	CB27CC82-6FFB-11ED-8EA3-B0A460E8079B
2803	5F30EB1C-9CAB-11ED-8EC7-B0A460E8079B
2804	1024 -144 16
2805	C70B796E-D26C-4C11-36D1-A345AEAF6A77
2806	556CA451-1256-2039-1545-8EDFDC3B62C3
2807	98B01BA1-8067-11ED-8EB3-B0A460E8079B
2808	braking
2809	3EEDF6B2-DE9F-ED10-0B8C-B35506D4D6B5
2810	212 -164 32
2811	-176.49 -4.65472 16
2812	pf805649e72d484b98_2 pf805649e72d484b98_3 pf805649e72d484b98_4 pf805649e72d484b98_5
2813	F8E02957-9CAA-11ED-8EC7-B0A460E8079B
2814	54D9896C-5933-11ED-8E86-B0A460E8079B
2815	0DC217CD-9CA9-11ED-8EC7-B0A460E8079B
2816	D5CC312A-6FF2-11ED-8EA3-B0A460E8079B
2817	49E2BEF7-9CAA-11ED-8EC7-B0A460E8079B
2818	vfx_kick_tunnels_dust_falling
2819	09EC53E5-A0BB-11ED-8ECA-B0A460E8079B
2820	ik_out_end_right_hand
2821	48D38E1D-4876-5026-C127-4A1E838533AF
2822	164 -180 24.5
2823	1499 1707 39
2824	1D044C99-5B7C-11ED-8E8A-B0A460E8079B
2825	1496 901 30.788
2826	F313FFE1-2202-B50E-41E9-15E245AA577A
2827	1452 1508 22
2828	EC6BEA79-7843-F859-B222-7C2FA83922A0
2829	pfcd9b05c1bb8bb7de_auto715
2830	1600 296 24
2831	D8B143F6-C89E-ED69-5B89-A7DD2048F9E9
2832	245E3B34-2A2A-227B-EF79-FF9DAC2072D5
2833	4C78F072-6FFB-11ED-8EA3-B0A460E8079B
2834	634A8D31-6934-11ED-8E4F-68545AAC0192
2835	mp_arena_spawn_allies_start
2836	07D149B9-79B0-11EE-8F84-B0A460E769BC
2837	0 327.999 0
2838	-280.5 1802 15.0851
2839	default
2840	-200.001 712.566 24
2841	end
2842	582.5 864 58.219
2843	634A8CA0-6934-11ED-8E4F-68545AAC0192
2844	5B2EB891-5F58-80DE-2FB4-7679A3410444
2845	07D149EF-79B0-11EE-8F84-B0A460E769BC
2846	DECA5DD4-6FF3-11ED-8EA3-B0A460E8079B
2847	7C80366E-5934-11ED-8E86-B0A460E8079B
2848	882 1352 27.6858
2849	DC530A1B-5B7A-11ED-8E8A-B0A460E8079B
2850	852 678 104
2851	-340 104 19.6093
2852	1747 1487 39
2853	4F557E9B-CAEA-5AF3-A46E-047BB0CBBAD8
2854	CB27CD33-6FFB-11ED-8EA3-B0A460E8079B
2855	5427C992-C600-873E-B0EA-30D454AD651E
2856	-516.462 1685.74 32.3201
2857	1CDBBC62-B42D-6F21-323C-F232C2A24E9A
2858	DECA5DEC-6FF3-11ED-8EA3-B0A460E8079B
2859	94EB2860-6DD0-F6BC-C655-8143F51DCDDF
2860	332 722 22
2861	1600 672 32
2862	C08FB2B6-0F92-11EE-9584-68545AD2D871
2863	ws_raise
2864	fingers_in_end_right_hand
2865	pf24e741478dc23158_auto2108
2866	df_blima_interior
2867	1368 1056 32
2868	CA45E7D8-965E-11ED-8EC0-B0A460E80798
2869	634A8CD7-6934-11ED-8E4F-68545AAC0192
2870	4E84ECDD-8DB5-1119-C771-203629280AF0
2871	-512 1796 23.9801
2872	0 14.9979 0
2873	vfx_air_cliff_falling_dust_lrg_01
2874	1593 1616 47.851
2875	scriptable_hardpoint_chevron_secure_01
2876	A0C61291-6D35-6609-57EE-558D80EE3CB3
2877	634A8C96-6934-11ED-8E4F-68545AAC0192
2878	pfff90a93941605bd7_auto2108
2879	no_process
2880	-8608 7360 0
2881	D32DA7F2-FBC9-875E-1917-FEF663384259
2882	0 186 0
2883	0 47.9999 0
2884	2F6009D8-0F81-11EE-8F3F-B0A460E8079B
2885	pf5342e62eee5e1cf8_auto715
2886	1140 879 29.6336
2887	0 258 0
2888	pf353efb8accdaa3a3_auto2108
2889	831ADE23-A0B9-11ED-8ECA-B0A460E8079B
2890	1764 1396 31
2891	50A8D380-9469-A61D-9210-90A7EAB43C21
2892	1335 1528 15.5514
2893	2490780A-9CAA-11ED-8EC7-B0A460E8079B
2894	208 -168 32
2895	DECA5E6A-6FF3-11ED-8EA3-B0A460E8079B
2896	1389 1833 43.4396
2897	df_stop
2898	4C78F04E-6FFB-11ED-8EA3-B0A460E8079B
2899	0 300 0
2900	A30AE201-6FF2-11ED-8EA3-B0A460E8079B
2901	3AE2CFD3-9CAA-11ED-8EC7-B0A460E8079B
2902	AD2D53AF-108B-0EB5-2113-4173FB3736B7
2903	41965AA2-9CAA-11ED-8EC7-B0A460E8079B
2904	1600 672 29.7485
2905	vfx/iw9/level/shadowbase/vfx_shdb_tower_sparks_chd_1
2906	E8AEAEBA-B3F2-C393-A253-F327E975F603
2907	4680F092-290C-B60A-7F7D-6317D7840737
2908	vfx/jup/level/cp_jup_resort/vfx_resort_tumbleweed
2909	0 180.999 0
2910	vfx_shdb_tower_sparks_chd_2
2911	4C78F057-6FFB-11ED-8EA3-B0A460E8079B
2912	vfx_apt_sparks_drip_ch_02
2913	scriptable_lighting_fixtures_security_lamp_withcage_01
2914	CB27CCB8-6FFB-11ED-8EA3-B0A460E8079B
2915	0728190F-95BC-11ED-8EBF-B0A460E8079B
2916	1A28ED7F-25FC-332A-F10A-26979EDF834B
2917	472 -164 38
2918	B71D3683-84DC-2F44-CAEA-D11597C7817D
2919	-284 1484 28.2635
2920	72E02188-0CBA-11EE-9584-68545AD2D871
2921	electronics_fire_alarm_bell_01
2922	1616 160 36
2923	27920914-495E-41CC-5759-B4A5C9A5A99A
2924	0 317.221 0
2925	pfd4ad6b4b61cec701_auto2108
2926	CEEFEF9C-9953-62D2-79EF-1C21C4647F08
2927	1748 1536 36
2928	pf8d02654b9f4b7835_auto2108
2929	1132 528 23.5
2930	07D149DD-79B0-11EE-8F84-B0A460E769BC
2931	wheel_center_back_right
2932	pf801c9f4e76ac0448_auto2108
2933	1539 -90 40
2934	AC1BE574-5B5C-5203-0E7F-349A403BA2CA
2935	DECA5DB3-6FF3-11ED-8EA3-B0A460E8079B
2936	1760 1540 31
2937	171.5 1501.5 44.8345
2938	F713DEC9-1296-D2F0-1777-1E72AB7BF632
2939	81DF2416-DB01-E8A6-F357-85453F1130D6
2940	355 -172 31
2941	1416 816 32
2942	204 550 22
2943	39B3B419-902C-3BF1-99C5-77F2625C2353
2944	C83CC880-5933-11ED-8E86-B0A460E8079B
2945	1076 888 29.7992
2946	4543DB37-48CA-D195-8086-632C8B32A856
2947	vfx/iw9/level/_global/vfx_global_falling_dust
2948	pfd9630b0debeece06_auto2108
2949	F9E7B1A1-A0BA-11ED-8ECA-B0A460E8079B
2950	634A8D18-6934-11ED-8E4F-68545AAC0192
2951	FBF44A1B-A0BC-11ED-8ECA-B0A460E8079B
2952	vfx_global_blowing_sand_ledge
2953	586 1849.5 44.1315
2954	0 242 0
2955	EDB043A8-0F80-11EE-8F3F-B0A460E8079B
2956	300AA072-7EFB-1B03-3604-A436A3930285
2957	0 336.761 0
2958	vfx/jup/level/sp_jup_kickoff/vfx_kick_tunnels_dust_falling
2959	551D50E0-ABB7-8C84-6B87-9FE88341B37C
2960	jup_infil_shared_movement_pre
2961	vfx/iw9/level/shadowbase/vfx_shdb_wind_blowing_sand_med_ch
2962	1442 1398 22
2963	1600 296 19.9807
2964	4C78EFD3-6FFB-11ED-8EA3-B0A460E8079B
2965	0 235 0
2966	8F080A95-B827-06FE-4039-7231DCBB8430
2967	jump_down_40
2968	jump_down_80
2969	4C78F048-6FFB-11ED-8EA3-B0A460E8079B
2970	5FDD58F2-54CF-925A-261E-91813300DE63
2971	4C78F066-6FFB-11ED-8EA3-B0A460E8079B
2972	66.6645 -96.5579 32
2973	64815C94-D099-DA98-F714-D6C86EE6CE81
2974	72358D24-9CAB-11ED-8EC7-B0A460E8079B
2975	828 1850 32.0368
2976	A26834E1-10BF-F26C-FF69-F0C0B68BDF53
2977	-392 1364 33.2867
2978	vfx_shdb_tower_sparks_rnr_1
2979	vfx/jup/level/mp_jup_rust/vfx_steam_vent
2980	-174 -184 26.5
2981	430 692 14.1488
2982	1102 -152 20.4825
2983	EF90884A-3F2E-1457-5A83-AFC87C5569E3
2984	DFB9BB02-E90A-55CB-FC76-FC413FB02398
2985	pfaf71c6c12e68ad56_auto2108
2986	34199613-9CB2-11ED-8EC7-B0A460E8079B
2987	440 1844 58.5878
2988	90AE3457-B6CC-8D59-7FB5-278FEC742628
2989	playerasm_patch_mp_infil_van
2990	440 940 36
2991	4C78EFDC-6FFB-11ED-8EA3-B0A460E8079B
2992	7559D3E7-078D-DF8C-A10E-6EE85ED08705
2993	headlights_dead
2994	CB27CD54-6FFB-11ED-8EA3-B0A460E8079B
2995	CB27CCA9-6FFB-11ED-8EA3-B0A460E8079B
2996	1048 1844 40
2997	0 103.378 0
2998	588 1848 44
2999	1465.84 -205.61 39.658
3000	0 318.598 0
3001	79 52 27
3002	0 89.9978 0
3003	71EB0579-AAB4-F10E-724D-9938FB226E9B
3004	DECA5DCB-6FF3-11ED-8EA3-B0A460E8079B
3005	22548389-0F84-11EE-8F3F-B0A460E8079B
3006	1090 902 36
3007	DECA5DE6-6FF3-11ED-8EA3-B0A460E8079B
3008	-104 248 18.1529
3009	1014.06 -186.48 40.8857
3010	0 105 0
3011	6F3ACB96-0F92-11EE-9584-68545AD2D871
3012	FD185C36-7BE5-5C6E-FDC2-70153F7955EF
3013	-432 600 20
3014	E12B3E92-94E3-2B2D-E1EA-CD4AE14F1BAF
3015	shake_off
3016	pf73593702bc0da84c_auto715
3017	5382748A-2DA6-F1E3-387A-8EE4D9760EF0
3018	CB27CCAC-6FFB-11ED-8EA3-B0A460E8079B
3019	9FF85C7A-8087-8752-87A3-AE213D319D24
3020	1588 726 48.0843
3021	1117DC33-A0BD-11ED-8ECA-B0A460E8079B
3022	4C78F03C-6FFB-11ED-8EA3-B0A460E8079B
3023	pf172f555df4fa4043_auto2108
3024	1406 450 21.5026
3025	light_smoke
3026	26D910B3-C497-0FFD-8B1A-5A12E59F4E54
3027	auto_mp_jup_rust_alt_cfx.map
3028	1358 1534 26
3029	CB27CCC1-6FFB-11ED-8EA3-B0A460E8079B
3030	0 139.999 0
3031	4B241A5E-9CB2-11ED-8EC7-B0A460E8079B
3032	DECA5E64-6FF3-11ED-8EA3-B0A460E8079B
3033	438 1842 66.646
3034	pfdd346fcf8e85bbd7_auto2108
3035	93365E75-B75B-4D87-A769-423D2DE5C872
3036	6ED9ED78-5B7A-11ED-8E8A-B0A460E8079B
3037	vfx/jup/level/mp_jup_rust/vfx_rust_oil_drips
3038	1450 1294 22
3039	1047 1844 29.4895
3040	7355ACBD-2C6F-94DD-2AE6-66D65F0D2F92
3041	358.801 270.162 0.3273
3042	1760 1440 36
3043	518390BF-AC49-D60A-9C90-CC6E3F52AFD1
3044	74F5F65E-5B7A-11ED-8E8A-B0A460E8079B
3045	B7A660D9-249A-4323-B3D6-187D6072FE53
3046	0 44.9997 0
3047	vfx_shdb_wind_blowing_sand_fast_ch
3048	9183CC23-A0BC-11ED-8ECA-B0A460E8079B
3049	4C78F05A-6FFB-11ED-8EA3-B0A460E8079B
3050	964F22E2-9CA9-11ED-8EC7-B0A460E8079B
3051	4C78F039-6FFB-11ED-8EA3-B0A460E8079B
3052	1728 1296 40
3053	-296 -152 40.5
3054	25E5B0B1-7836-2C93-7425-ED28D5EF8925
3055	3D23267F-C9A9-3ED9-1FA1-BE521145B2F0
3056	chevron_0
3057	DECA5DD1-6FF3-11ED-8EA3-B0A460E8079B
3058	9F0833F7-A726-2F56-9B26-78428107FAE3
3059	vfx/iw9/level/_global/vfx_global_falling_dust_ch_01
3060	C686F367-965F-11ED-8EC0-B0A460E80798
3061	89F5974F-8067-11ED-8EB3-B0A460E8079B
3062	CB27CCF4-6FFB-11ED-8EA3-B0A460E8079B
3063	1026 -148 16.5698
3064	634A8D45-6934-11ED-8E4F-68545AAC0192
3065	A6CCA2F8-7F19-2DFE-BBB6-F542520B00E5
3066	82A9B351-B1AE-C9B0-627B-8F575159CD79
3067	DA256425-5934-11ED-8E86-B0A460E8079B
3068	1F7EF104-95BB-11ED-8EBF-B0A460E8079B
3069	1394 -180 27.3652
3070	1743 1488 31
3071	1743 1488 40
3072	3F23E2FD-62D5-F6E0-521C-EAE75916A34E
3073	634A8C64-6934-11ED-8E4F-68545AAC0192
3074	0 209.999 0
3075	mp_control_spawn_defender_start
3076	DECA5E73-6FF3-11ED-8EA3-B0A460E8079B
3077	-248 -60 19.6093
3078	0 87.999 0
3079	EDA416CC-96E1-FA51-4952-113C902C1846
3080	1D044CA5-5B7C-11ED-8E8A-B0A460E8079B
3081	0DC217E2-9CA9-11ED-8EC7-B0A460E8079B
3082	pf9e62017b97302f28_auto2108
3083	4C78EFF7-6FFB-11ED-8EA3-B0A460E8079B
3084	-16 -192 24.5
3085	0B1D4CE0-34AF-D037-C0A7-4F778862D949
3086	4C78F060-6FFB-11ED-8EA3-B0A460E8079B
3087	allies
3088	634A8D09-6934-11ED-8E4F-68545AAC0192
3089	E393B6F0-5B7A-11ED-8E8A-B0A460E8079B
3090	pfcc67bcf055b58897_auto9
3091	-251.561 800.159 20.5652
3092	vfx/iw9/level/shadowbase/vfx_shdb_wind_blowing_sand_fast_ch
3093	D6ECE8C3-3A2F-FA2C-DBD4-DD45B29F8320
3094	veh9_civ_lnd_suv_2020
3095	52 1808 24
3096	mp_rugby_spawn_axis_start
3097	D47F28C5-F6EE-3B70-7FAC-DEC0C01BB293
3098	9A8C0623-35BB-B79C-AEBE-D2776867EA3D
3099	0 3.99933 0
3100	592 1354 27.3436
3101	1368 816 32
3102	mp_koth_spawn_allies_start
3103	71EFC354-887B-4847-16AD-6F6CDB4244CB
3104	5D5E52AF-C7D6-CC6C-8ABF-FC481EA24326
3105	584 -184 38
3106	584 -184 36
3107	F3DD1206-A0BA-11ED-8ECA-B0A460E8079B
3108	4D074B99-B4BC-6115-B885-97C5050D1D11
3109	BCEEA5B7-9CD2-11ED-8EC7-B0A460E8079B
3110	-392 -188 32
3111	572 -176 38
3112	lighting_fixtures_security_lamp_withcage_01
3113	EA0528AF-74B3-EA26-F7DA-69E4CDD0E75F
3114	65E312B5-9CAB-11ED-8EC7-B0A460E8079B
3115	-424 728 21.6788
3116	0 90.9996 0
3117	2A87FF04-5B7C-11ED-8E8A-B0A460E8079B
3118	D50AA6CC-E3D3-DE63-37DB-3FD0DB7C5A18
3119	vfx_wartorn_blowing_sand_med_directed
3120	0DAD4C2D-5B7C-11ED-8E8A-B0A460E8079B
3121	155E799A-8FA7-85E2-965E-5505D3DABFBF
3122	vfx/iw9/level/shadowbase/vfx_shdb_tower_sparks_chd_2
3123	AF13CC9E-6934-11ED-8E4F-68545AAC0192
3124	584 822 61
3125	187DA19B-A0BD-11ED-8ECA-B0A460E8079B
3126	0 4.99954 0
3127	FF777C81-CC7D-2307-FA51-3D5CC10D88AA
