   1	-1136.8 -1225.9 199.222
   2	F15B54FF-A2B2-63FC-17A7-63B80186782F
   3	113998C8-E524-2260-8EDC-7ABEDC61452C
   4	0 180.992 0
   5	C84586C4-6C7E-11EE-959F-68545A904D17
   6	1B120DB0-671F-8501-1E24-BC623A0F21E2
   7	4A882629-10D4-875E-8E0B-4CBA8852E42D
   8	E57FD46E-AB45-E226-2F0E-0C28B8A7B882
   9	A927E76D-6C40-276A-926F-F19633EB1C76
  10	0 110.254 0
  11	D250BB33-17DB-1DE9-4937-BB6330E054A5
  12	451.25 -239.5 217.26
  13	top
  14	5D41BF79-D3C0-0F5F-E4E2-4F611D58041F
  15	pf12c64175c393eeb5_auto715
  16	A94C2F69-FC7F-A2C8-319D-2F5788126409
  17	B20F0DE1-AC85-A60A-BB21-82D088D7B3DC
  18	CEC07B11-B773-11ED-8EE5-B0A460E8079B
  19	pffe5936aed2bb0508_auto716
  20	AAD92DA2-70D7-EDE1-1CF6-3E09F7FB5F54
  21	593620DC-BF4B-11ED-8EF3-B0A460E8079B
  22	0 239.999 0
  23	-1008 -1352 224.685
  24	0 264.993 0
  25	0 44.9936 0
  26	268.5 -980 271.257
  27	772.5 808 114
  28	326E2020-6B48-1717-51E0-47B0E5522C12
  29	-1000 1835.5 106
  30	C6001BA7-AC2C-A7E1-F9F5-715CE0FE850A
  31	D4BAD3D2-B773-11ED-8EE5-B0A460E8079B
  32	87A7A61F-E236-527F-89B7-1668699533DF
  33	548D6FF6-34E2-8ECC-F680-C23DC27212DB
  34	0FA6867C-CA60-8829-1F41-1D9BB2DB5F22
  35	CB2AC9B2-B699-11ED-8EE4-B0A460E8079B
  36	geo_frag_a_006
  37	pfcb528cc66b351fbe_auto2108
  38	pf7c9e7da829adc50d_auto2108
  39	13C60D3F-250A-DA9B-4A5B-1D7281172F88
  40	18681025-FAD3-7D26-C580-183212EF1A21
  41	-271.5 -880 394
  42	E93EFBBD-E34B-18DC-E839-6B5952145A08
  43	497C972E-E44C-23DB-331B-091ED53B5F16
  44	0 40.7118 0
  45	317C9453-6747-0772-C6D9-CCC1ABFE7177
  46	-721.5 -518 200
  47	scriptable_electrical_conduit_set_electrical_box_01
  48	B7C07EC6-9CF9-525C-4DAA-52A4EE1E9443
  49	126.5 2974 416
  50	BB702E71-582A-41E3-1A7B-94432EFC623B
  51	C036A5CD-760D-11EE-9595-68545AD2D871
  52	AFE17BC6-F13A-31C6-2C0A-5EFEB2BF270D
  53	D4BAD384-B773-11ED-8EE5-B0A460E8079B
  54	828 3560 403.042
  55	B8E7C252-8520-D437-EEFD-CCC6FDCE0900
  56	palfa_infil_intro_19
  57	A51CDDA9-A588-4FB5-AC7D-4CCB0962FDCC
  58	-1160.86 2643.36 457.424
  59	-399.5 664 330
  60	-1324.2 949 190.244
  61	palfa_infil_intro_2
  62	ik_out_start_right_hand
  63	BBC6BCE8-52A4-FD7D-48CD-F03AFAFC2CB3
  64	0 291.692 0
  65	-1593.5 -682 247.227
  66	0 9.99073 0
  67	-1005.1 -1419.4 249.822
  68	DAA69ACA-5AA2-AE6D-78F6-BD435C07F1B4
  69	79774229-77C9-3C2B-3200-4C9CF57C8597
  70	B28D5B1C-EC11-D2E4-4D1C-27AB4A70711B
  71	B1502259-7191-AB8A-D81C-BA113DC30825
  72	0 326.712 0
  73	760.306 3610.97 402.773
  74	pf8220840ab436a735_auto2108
  75	-612 1028 219.705
  76	tag_origin
  77	D409285A-6C8D-11EE-959F-68545A904D17
  78	B7CA7A41-B775-11ED-8EE5-B0A460E8079B
  79	A0EBF6F6-B775-11ED-8EE5-B0A460E8079B
  80	invisible
  81	0646DD34-9C42-3E39-A24A-481F8A8774C5
  82	AE2A6080-F41C-E9D7-B35E-7C92877E3A79
  83	4D34C6AC-BF4B-11ED-8EF3-B0A460E8079B
  84	5F2DA969-BF4B-11ED-8EF3-B0A460E8079B
  85	70 -926 277.549
  86	pf394e627383a82425_auto2108
  87	-1619.5 908 218
  88	1196.5 3582 442.636
  89	1833.98 3237.64 450.5
  90	6A57E351-6C8D-11EE-959F-68545A904D17
  91	scriptable_electrical_conduit_set_electrical_box_medium
  92	-1580 1104 205.425
  93	6BBD8781-30E2-9D47-207D-08A00F7BF41E
  94	2574 1868.5 416
  95	-340 2306 207.027
  96	51AAA42B-5030-C17F-FC42-879E7CE4AC66
  97	B163CC4C-B7E6-3882-3061-1C3CF2673113
  98	532F8167-BF4B-11ED-8EF3-B0A460E8079B
  99	6A300636-F40D-11ED-8F25-B0A460E8079B
 100	-1619.5 1104 204
 101	714795D7-8DAB-44EA-D07B-9DF3969B188D
 102	82FE49CF-DAC1-9509-A2C8-BA6F7FFFFFBB
 103	3C53885D-AC62-11ED-8ED8-B0A460E8079B
 104	-1134 -1418 228.529
 105	AAE5A96D-6055-11ED-8E8E-B0A460E8079B
 106	B112C5AD-7257-F933-0645-DDA107AB56B0
 107	4E50B551-E623-CF35-6868-7BE061252265
 108	87C198E1-B699-11ED-8EE4-B0A460E8079B
 109	0 89.9986 0
 110	pf1ad97df53e6233cf_auto2108
 111	25567914-AC84-11ED-8ED8-B0A460E8079B
 112	4CBC325C-B0E7-0998-28D5-AEC654B39BC2
 113	0 134.988 0
 114	8D79D706-6C7E-11EE-959F-68545A904D17
 115	pf4163ae0d00df763e_auto716
 116	593620F1-BF4B-11ED-8EF3-B0A460E8079B
 117	800 3416 407.286
 118	1296.5 2564 414
 119	64295A80-6C8D-11EE-959F-68545A904D17
 120	pf881f562dbf63ca09_auto715
 121	24F317B2-760B-11EE-9595-68545AD2D871
 122	514DC005-28F2-B393-D167-88F940FD93FE
 123	8380AB0C-0991-0208-AD8F-FA23087EE692
 124	4D34C62B-BF4B-11ED-8EF3-B0A460E8079B
 125	vfx/jup/level/mp_jup_quarry/vfx_quarry_haze_indoor_01
 126	mp_dd_spawn_attacker_start
 127	1176 -650 307.884
 128	5936205B-BF4B-11ED-8EF3-B0A460E8079B
 129	196F01B6-7602-11EE-9595-68545AD2D871
 130	0 148.396 0
 131	EB7B2CE0-855F-4D18-90F6-4AFF5C77EACE
 132	1348 -570 305.84
 133	3C53883D-AC62-11ED-8ED8-B0A460E8079B
 134	-1487.75 2945.25 456.215
 135	pf2427b5b636555ab7_auto2108
 136	0 242.335 0
 137	2EE45A4F-A005-310D-194F-4ADD425C39EE
 138	vfx_quarry_godrays_line_2
 139	0 165.999 0
 140	7336556A-2DB9-2E70-DEE0-936E49FA078B
 141	mp_dd_spawn_defender_b
 142	0DA8BF6B-D9BA-41EF-8A13-32256F2CA4CF
 143	664844C1-1B42-4F38-E748-B3B38290B89E
 144	758D6CC4-2FB1-539F-25CD-A0F92409367D
 145	A7DC2CB0-8376-E111-7278-240FC1A813EE
 146	C0181435-7613-11EE-9595-68545AD2D871
 147	52114BF7-6C8A-11EE-959F-68545A904D17
 148	CEC07ACF-B773-11ED-8EE5-B0A460E8079B
 149	4DB7572C-6C89-11EE-959F-68545A904D17
 150	367D578D-7609-11EE-9595-68545AD2D871
 151	mp_control_spawn_attacker
 152	-138 -144 441.847
 153	EE9FFCF4-E69D-79E3-2991-EE612993D5D3
 154	491.25 2102.5 392
 155	1383 2562 414
 156	fully_opening_unusable
 157	0 88.9996 0
 158	2476.5 1328 410
 159	4B228BA2-B78A-FBF9-E1C8-C1E152EF9EFB
 160	palfa_infil_intro_11
 161	vfx/jup/level/mp_jup_quarry/vfx_quarry_insect_cockroach_group
 162	23E38A18-7615-11EE-9595-68545AD2D871
 163	64295A8F-6C8D-11EE-959F-68545A904D17
 164	4D34C655-BF4B-11ED-8EF3-B0A460E8079B
 165	8A2293C3-174A-5DB2-DCDA-D9D26E49358C
 166	2148 2682.5 411.236
 167	14F6731C-DBF8-17D3-6919-671B9A51128A
 168	138548D2-24E9-0B1B-9896-2D144976BF7E
 169	714.5 3664 425.822
 170	pfb972d143cc9b851f_auto4
 171	27348880-D2B4-81B0-634E-A4DCD6AE699B
 172	0 90 0
 173	1474324D-F402-11ED-8F25-B0A460E8079B
 174	0 308.712 0
 175	7EFF3CF2-B77E-11ED-8EE5-B0A460E8079B
 176	0E53DCA7-7612-11EE-9595-68545AD2D871
 177	0 0.712003 0
 178	95DD089B-760D-11EE-9595-68545AD2D871
 179	D4BAD3F0-B773-11ED-8EE5-B0A460E8079B
 180	-1006 -1290 217.503
 181	FF8CA87D-DE81-700B-D4F2-5637EF667CEF
 182	2E2E11BD-73EC-AA3B-0AB4-25C1A759063A
 183	4B27DDCF-6B7A-E1A6-C8A6-52007BFB7243
 184	444CA4E1-6C8A-11EE-959F-68545A904D17
 185	94FF690C-3D51-3911-5EDB-7019C42F3FC9
 186	7067C327-F40D-11ED-8F25-B0A460E8079B
 187	888.7 3493.2 390.854
 188	scriptable_door_metal_04_flat_painted_mp_tan
 189	mp_dd_spawn_attacker_b
 190	09C6C77D-FEB1-FC9F-2B8E-B29F5D5A8BFA
 191	D4BAD339-B773-11ED-8EE5-B0A460E8079B
 192	31B34229-6C8C-11EE-959F-68545A904D17
 193	D4BAD32D-B773-11ED-8EE5-B0A460E8079B
 194	pfb2b95f28edf45101_auto2108
 195	806 3500 393
 196	jup_infil_blima_rope_kick_right
 197	78C2DFE9-B784-11ED-8EE5-B0A460E8079B
 198	mp_dom_spawn_secondary
 199	1752 1770 412
 200	56.5 868 207
 201	infil_blima_4
 202	2226 2428 414
 203	5D676B5A-71D4-BD8A-7CF7-3BC301828E19
 204	6C2C5ED4-17F8-8355-8F5C-AAF81EA88E44
 205	07F26929-A664-B66C-D1D4-6612A0332F43
 206	60488E50-7B5D-3ACB-AB46-8C9C63EF10D1
 207	CEC07AFC-B773-11ED-8EE5-B0A460E8079B
 208	45D620DF-7606-11EE-9595-68545AD2D871
 209	pf92284adcae9a168f_auto715
 210	64295A53-6C8D-11EE-959F-68545A904D17
 211	E102BE8B-94B2-920D-6CEE-95E754D62103
 212	pfe0adbbe150c41d06_auto12029751631181262858
 213	-1072.8 -1417.9 229.196
 214	DC281B7D-BC34-404B-765F-C9319E084273
 215	E7E77C07-EB0B-5F5A-4132-37B75B6AC6C7
 216	20BD969C-F402-11ED-8F25-B0A460E8079B
 217	1012.5 580 146
 218	pfa1e0239cfd29d4a8_auto2108
 219	2AEF15C1-7607-11EE-9595-68545AD2D871
 220	1770 678 261.322
 221	254B3A89-2678-0C0C-6D35-20382063CB28
 222	0 356.994 0
 223	0 34.9927 0
 224	D4BAD31B-B773-11ED-8EE5-B0A460E8079B
 225	-1503.5 -616 210
 226	5936209A-BF4B-11ED-8EF3-B0A460E8079B
 227	9516EC16-3B26-B1A8-7B80-CED2FCF2C864
 228	vfx
 229	4DB0BB76-3A3A-1C25-80A4-2D5E932EF600
 230	43C48B2F-C4D8-48FB-D2E4-22AE4BD7CD62
 231	782 3494 403.125
 232	1517 1520.5 405
 233	2172.5 3356 458.5
 234	224.5 224 254
 235	BB193BC1-11F3-BF2D-26FA-E430B4ACF5A7
 236	1935.87 -231.339 367.959
 237	5767687D-6C8D-11EE-959F-68545A904D17
 238	55629ADA-3FBC-A7BD-A1BF-0660862A19F8
 239	FD0E1928-6D1A-DE3F-4709-0DE792410744
 240	0 31.9933 0
 241	0 124.993 0
 242	1863.25 3214.5 458.652
 243	pf9f3fd60beb8d7018_auto2108
 244	D4BAD3F3-B773-11ED-8EE5-B0A460E8079B
 245	pfe8c417f90ba5f27c_auto2108
 246	closed
 247	0 208.992 0
 248	59362055-BF4B-11ED-8EF3-B0A460E8079B
 249	871.5 3566 391.143
 250	pfd9b3e8b3ec977a07_auto2108
 251	2519285C-8568-B677-5FC5-7E28848CE5C5
 252	818 3660 409.784
 253	pfad10a07587cea23c_auto2108
 254	259EDE41-BA3B-AFEE-5690-1573235D58DE
 255	4D34C601-BF4B-11ED-8EF3-B0A460E8079B
 256	vfx_quarry_dust_falling_flat_ch
 257	CFE482D0-3CD7-A0AF-E16E-31EE7FC347EA
 258	26D63244-A6E6-11ED-8ED1-B0A460E8079B
 259	6BA0E767-7492-9D77-B5B9-88612EF3F24F
 260	4D34C661-BF4B-11ED-8EF3-B0A460E8079B
 261	6E82697E-EA8B-3AE0-50C4-FE101ACFD1F1
 262	30ED3400-4CD8-DC7B-6B4F-2E6A22667177
 263	F27DF850-6C7E-11EE-959F-68545A904D17
 264	532F8188-BF4B-11ED-8EF3-B0A460E8079B
 265	F6800EED-7611-11EE-9595-68545AD2D871
 266	C8206CD1-AB02-5391-2CE6-1B426D31DB38
 267	0B56F71D-1DD9-11EF-8F95-E0D4E87834AC
 268	mp_dm_spawn_start
 269	1512.5 1424 414
 270	CEC07AF6-B773-11ED-8EE5-B0A460E8079B
 271	palfa_infil_intro_5
 272	4D34C63D-BF4B-11ED-8EF3-B0A460E8079B
 273	2454 2434.5 416
 274	-1147.5 1588 146
 275	708B807B-6C8D-11EE-959F-68545A904D17
 276	729ACE36-93C2-D6DF-B14C-E15BA515416A
 277	4EF6F3C1-431E-6FC5-FFA2-4E9196066875
 278	959.018 703.254 139.501
 279	29FD9738-AA3D-53FE-F0EA-F3100D00450C
 280	pffee797f38391fdcc_auto2108
 281	66B552AB-E7AC-65C6-8B4C-A5178913A411
 282	891.199 3474 391.66
 283	BB248BD4-545E-F0F4-1E26-9F115177E3CE
 284	956 3560 397.131
 285	mp_dom_spawn_allies_start
 286	9411AE8B-B699-11ED-8EE4-B0A460E8079B
 287	FD331110-8B37-F018-702A-99B6F91076AD
 288	mp_arena_spawn_axis_start
 289	F7AD8D69-D4A2-D834-9B16-A6EE3B8E3BC2
 290	592 -870 268.121
 291	E5475263-2C9E-5057-3694-A03201DAAC43
 292	54517746-4428-62FA-3D7C-C4431ADDF0BC
 293	0B4071DB-3075-DE1C-C0F2-2CE83D76AD77
 294	593620B8-BF4B-11ED-8EF3-B0A460E8079B
 295	62BC21B2-7602-11EE-9595-68545AD2D871
 296	1A7F8DCD-F402-11ED-8F25-B0A460E8079B
 297	0 71.5858 0
 298	pf3d6daa1e29fb5d00_auto2108
 299	mp_warrior_spawn_allies_start
 300	68410CC2-6898-8734-9E50-82CAC69452A3
 301	26D63233-A6E6-11ED-8ED1-B0A460E8079B
 302	B7CA7A35-B775-11ED-8EE5-B0A460E8079B
 303	infil_blima_3
 304	-1072.8 -1289.9 209.042
 305	E62EDD8C-6472-F173-9CE3-0F67193AADD3
 306	-246 1672 131.831
 307	-391.5 3096 430
 308	636.5 -904 273.433
 309	71D32125-B784-11ED-8EE5-B0A460E8079B
 310	995.56 749.92 131.138
 311	A5A24241-6B39-11ED-8E9E-B0A460E8079B
 312	pfa11bdc136c4082e5_auto2108
 313	D4BAD354-B773-11ED-8EE5-B0A460E8079B
 314	D4BAD3DE-B773-11ED-8EE5-B0A460E8079B
 315	pfe4b76a418f3892a4_auto2108
 316	4D34C643-BF4B-11ED-8EF3-B0A460E8079B
 317	64295A58-6C8D-11EE-959F-68545A904D17
 318	0 32.793 0
 319	pfe5e6408aa007ee72_auto716
 320	967 3633.8 407.106
 321	-1404.2 821 190.244
 322	366.5 1728 93.311
 323	647026A6-F401-11ED-8F25-B0A460E8079B
 324	528 -870 267.661
 325	-1136.8 -1225.9 207.222
 326	0 214.998 0
 327	14743259-F402-11ED-8F25-B0A460E8079B
 328	pffbb0bcfaa02bf49_auto2108
 329	-651.5 3632 442.5
 330	0 59.0609 0
 331	pfa772bcbe9d2f2fe5_auto715
 332	D61D34AB-C1A7-11ED-8EF4-B0A460E80798
 333	52343FDF-7611-11EE-9595-68545AD2D871
 334	F5A4E4DF-18DC-3D37-2141-FFA9BA4CC444
 335	-466 2865.5 426
 336	D9DD6A9B-AC84-11ED-8ED8-B0A460E8079B
 337	0 130.999 0
 338	pf87268f363345697e_auto715
 339	27DD9B8C-24B6-DD20-C188-532D39AA942A
 340	-536 776.5 220.483
 341	vfx/jup/level/mp_jup_quarry/vfx_quarry_leaves_falling_olive
 342	0 355.994 0
 343	0 61.9935 0
 344	BE383A29-2560-4D3F-E622-031DA66A60D3
 345	6A57E333-6C8D-11EE-959F-68545A904D17
 346	5
 347	-1360 684 203.5
 348	3AB730FD-5BE2-4F9F-3F32-78244087291D
 349	-238 -890.5 264
 350	-609.5 3702 459.677
 351	5139A2CE-7613-11EE-9595-68545AD2D871
 352	4188FADC-8B40-0AB5-B427-64DBFD7F2864
 353	9509361D-774B-8764-3BAF-E0BFD709D96C
 354	1832.5 1180 406
 355	036656F7-CFEA-3597-B4E9-E09BD15FE587
 356	CB2AC99C-B699-11ED-8EE4-B0A460E8079B
 357	47349A79-BF4B-11ED-8EF3-B0A460E8079B
 358	708B8080-6C8D-11EE-959F-68545A904D17
 359	7B345565-F827-C7D3-73DC-722CCC0CD211
 360	9E6BA015-6C7E-11EE-959F-68545A904D17
 361	0 269.989 0
 362	1522E057-6B3A-11ED-8E9E-B0A460E8079B
 363	6AA5AE04-7905-11EE-95A8-68545A904D17
 364	1646.5 3400 460
 365	1392 -806 343.61
 366	pfc9bc6cbba943e705_auto2108
 367	DAB3E49B-B773-11ED-8EE5-B0A460E8079B
 368	D4BAD3E1-B773-11ED-8EE5-B0A460E8079B
 369	C8C7EB53-B773-11ED-8EE5-B0A460E8079B
 370	C23A652D-C206-0898-447B-0AE4A89A3ABE
 371	D63AF47B-2928-79F2-7655-AAA8EF0AB029
 372	7067C345-F40D-11ED-8F25-B0A460E8079B
 373	F3E5C092-94E8-A75D-99E1-4525BE764BD1
 374	vfx/jup/level/mp_jup_quarry/vfx_quarry_lensflare
 375	D4BAD35A-B773-11ED-8EE5-B0A460E8079B
 376	-1114.25 1902 110
 377	5BF822E9-C1A7-11ED-8EF4-B0A460E80798
 378	-54.25 3726 441.25
 379	532F8176-BF4B-11ED-8EF3-B0A460E8079B
 380	cqb_node_dont_move
 381	95.25 -781.5 270.492
 382	0 224.997 0
 383	8E19E1C2-0AFB-28A1-2BA0-497A1C2635D8
 384	C7315DEA-DE94-DA8F-4338-F542AD5CFF23
 385	1771.5 1712 412
 386	A31483B2-D4B5-413B-127D-CBB7AA6B38A8
 387	0 18.7463 0
 388	64295A71-6C8D-11EE-959F-68545A904D17
 389	47349A73-BF4B-11ED-8EF3-B0A460E8079B
 390	8CB1C90C-7611-11EE-9595-68545AD2D871
 391	508.5 2948 406
 392	pf2a94ce41606a722e_auto2108
 393	0 323.993 0
 394	-1200.8 -1417.9 238.698
 395	0E08ECA1-BF4C-11ED-8EF3-B0A460E8079B
 396	61C754F1-66E7-DC1A-F995-488142821F31
 397	scriptable_cache_school_locker_b
 398	81.75 3726 436.5
 399	7AC130A6-A66A-97F1-49E9-FE09CA59B9A1
 400	pfced2e8a7dd839d9f_auto2108
 401	41973F8A-B8C7-A8A1-F8F8-F0A4921743CA
 402	20FF5789-402B-DF17-B531-1A2779B977BA
 403	ED8A1AFF-61E8-C6AC-803E-B9E2F19E2542
 404	pf608b83bb6934cb0b_auto2108
 405	CEC07AED-B773-11ED-8EE5-B0A460E8079B
 406	0 12.8312 0
 407	pfb34ffaf52f36e489_auto2108
 408	-859.5 252 190
 409	C72719DA-6C89-11EE-959F-68545A904D17
 410	6DCD938B-ABC8-5C27-7E14-A737A2ABA4D9
 411	59362067-BF4B-11ED-8EF3-B0A460E8079B
 412	59362070-BF4B-11ED-8EF3-B0A460E8079B
 413	AAE5A502-6055-11ED-8E8E-B0A460E8079B
 414	pf15fe2e10a063d1cd_auto716
 415	2887.7 -2286.1 -406
 416	vfx/jup/level/mp_jup_quarry/vfx_quarry_sunflare
 417	974.5 3666 435.223
 418	CEC07B80-B773-11ED-8EE5-B0A460E8079B
 419	D4BAD37E-B773-11ED-8EE5-B0A460E8079B
 420	777F185D-6C52-11EE-9592-68545AD2D871
 421	F99361A0-3E79-08A3-0623-4A8BDCEE0C71
 422	8691D802-7610-11EE-9595-68545AD2D871
 423	3CA7C549-C700-08A6-B436-5E5B28241EBA
 424	5F2DA92A-BF4B-11ED-8EF3-B0A460E8079B
 425	EC2446BE-B1BA-8278-AE2A-879B1294A21F
 426	2526.3 1408.8 400.389
 427	D4BAD34B-B773-11ED-8EE5-B0A460E8079B
 428	-1008.8 -1289.9 224.61
 429	6AA5ADF5-7905-11EE-95A8-68545A904D17
 430	-411.5 -880 394
 431	000A2236-80D2-CA85-266E-2EE60E18F796
 432	899.5 3646.1 407.266
 433	F7928F9E-DCC9-6DEF-A6FD-C0B42AA7BA9C
 434	7D016413-760D-11EE-9595-68545AD2D871
 435	C36EAA8C-2E9B-D3E0-8B61-AA4F63C50B40
 436	DE6FEEF5-0183-E7D9-1B9E-2EE263525261
 437	DF9AEF38-9247-6621-3A70-6675C90493A5
 438	0B4826D2-55AB-D9EE-1CD5-1962A555BBB7
 439	CA482B5E-97E1-CC19-DE93-9D139A6D12ED
 440	5F2DA97E-BF4B-11ED-8EF3-B0A460E8079B
 441	0 164.997 0
 442	6AA5ADE1-7905-11EE-95A8-68545A904D17
 443	2C46D76D-AC84-11ED-8ED8-B0A460E8079B
 444	44.9692 -592.925 294
 445	62BC21C3-7602-11EE-9595-68545AD2D871
 446	C4AB87BB-56B4-A255-77F3-BAB828803D3A
 447	ABFEB347-C378-6A01-1C4C-BAD6C0554088
 448	0 178.286 0
 449	EDF01CAC-80C1-E563-33F2-A04F53260C15
 450	0 89.9903 0
 451	6D60BD52-4D63-D14E-BBBD-A228FA8C7846
 452	-282 3368 432
 453	1402 -810.5 344.278
 454	C1336418-760E-11EE-9595-68545AD2D871
 455	912BA6FB-2883-D988-7B55-1E385156D291
 456	B9C1DE16-955B-298B-514F-4275D3F0661E
 457	593620A9-BF4B-11ED-8EF3-B0A460E8079B
 458	50305F7E-36EF-8A16-A53B-306BAF24C8C0
 459	D4502C2E-2C5F-2A60-1F39-66C1574299B7
 460	pfb446f6ccfab56f59_auto716
 461	pfe0adbbe150c41d06_2
 462	CEC07AE7-B773-11ED-8EE5-B0A460E8079B
 463	94FA25F4-846B-86D5-D438-80790D8346BB
 464	palfa_infil_exit_16
 465	palfa_infil_exit_18
 466	pfe011962fd9013123_auto2108
 467	0 257.59 0
 468	DB1FD77A-7613-11EE-9595-68545AD2D871
 469	796EF697-AC61-11ED-8ED8-B0A460E8079B
 470	5BA9152F-416B-9D36-DA9F-C224A455DC8A
 471	partially_open_usable
 472	pf783a502156022584_auto2108
 473	school_locker_open_01
 474	43FE1B84-6C8C-11EE-959F-68545A904D17
 475	A34FDA59-18FC-77B9-F7B8-42C0629B2DFE
 476	506C60BB-6DAE-BF14-0475-EC5D136026DD
 477	768C17AA-989B-0281-387B-64F3FA49A27B
 478	F4634882-4ADC-DA91-E966-6FBC549C7C6D
 479	652B2478-C5E8-6239-FAB7-CF55C21C544D
 480	7067C31E-F40D-11ED-8F25-B0A460E8079B
 481	532F8203-BF4B-11ED-8EF3-B0A460E8079B
 482	02EB741D-760E-11EE-9595-68545AD2D871
 483	D4BAD3AB-B773-11ED-8EE5-B0A460E8079B
 484	pfa506fd04771f51b8_auto2108
 485	D4BAD3C0-B773-11ED-8EE5-B0A460E8079B
 486	532F81A9-BF4B-11ED-8EF3-B0A460E8079B
 487	532F81BB-BF4B-11ED-8EF3-B0A460E8079B
 488	12F97025-6D97-6DD7-1009-35C5EEDB6546
 489	26C25D84-F402-11ED-8F25-B0A460E8079B
 490	pf776f645cd77aa1b4_auto715
 491	00980BCD-2683-9E2B-D72C-29222ABB6731
 492	C72719C9-6C89-11EE-959F-68545A904D17
 493	EF0B2F51-D6D9-A9A1-3C77-7D807FE28F9D
 494	8FD2EB85-6404-4165-5154-205DA0BB9738
 495	AEFBF0E5-1DF9-A1A5-1D68-C2BE8ADF41E8
 496	048D0789-6125-FEF9-63C9-09CA35C4A280
 497	1474325F-F402-11ED-8F25-B0A460E8079B
 498	B41BB0C5-CA76-4CE4-CE12-D77D79338788
 499	5337082C-6608-FC50-549D-9178A569CF7E
 500	-1563.5 680 218
 501	B954F4D7-C6C4-6ED2-54B3-CFB8BF887338
 502	892 3624 402.747
 503	pfdaa4fd541ac57889_auto715
 504	4D34C652-BF4B-11ED-8EF3-B0A460E8079B
 505	5ACE416E-7602-11EE-9595-68545AD2D871
 506	790F7718-70B3-D614-F564-8194FD394E97
 507	985F80D1-3102-82EB-4BE6-9A65B33346A2
 508	D4BAD369-B773-11ED-8EE5-B0A460E8079B
 509	341E9652-2C7D-674D-FDCB-01AB4BA155FA
 510	0 187.396 0
 511	2055790F-7606-11EE-9595-68545AD2D871
 512	2164.5 3092 462
 513	pfb8f89b54268c6394_auto715
 514	532F8179-BF4B-11ED-8EF3-B0A460E8079B
 515	-1198 -1356 224
 516	B013A09E-E6BF-98D1-59A9-335EDF5B18FB
 517	002FE3B8-7018-3B7F-B6D7-1231AA2B456C
 518	-596.75 2840.5 458.618
 519	C8C7EB50-B773-11ED-8EE5-B0A460E8079B
 520	4D34C68E-BF4B-11ED-8EF3-B0A460E8079B
 521	D4BAD34E-B773-11ED-8EE5-B0A460E8079B
 522	1746 1578 412
 523	933308B5-A68D-1A5D-810B-4FE41FC1127D
 524	0 85.9934 0
 525	EA7AC4BD-5433-4896-CF45-48F2FA275FF2
 526	EB8D2238-0397-11EE-8F30-B0A460E8079B
 527	-959.5 320 202
 528	1178.5 1708 57
 529	0 345.994 0
 530	826 3352 392.5
 531	E84CC304-494C-D8C6-C772-41286E98F111
 532	8D79D6F8-6C7E-11EE-959F-68545A904D17
 533	DAB3E47A-B773-11ED-8EE5-B0A460E8079B
 534	-1134 -1356 224
 535	fingers_out_start_left_hand
 536	6C6B27A6-7F96-73EB-0EA9-BE38DF07851B
 537	785701BB-7606-11EE-9595-68545AD2D871
 538	696.7 3429.2 393.564
 539	113.5 2132 392
 540	D1D890D3-A86B-F4A0-14C1-928BC768C664
 541	8899500A-BD53-BA4D-B5A5-6D323686B0FF
 542	pfc5af97cb658d0964_auto4
 543	17076647-2CF0-9B37-7C3C-6F09FA7FF357
 544	0 129.996 0
 545	DAB3E444-B773-11ED-8EE5-B0A460E8079B
 546	326 -938 283.421
 547	0 34.9938 0
 548	93B69E51-AC84-11ED-8ED8-B0A460E8079B
 549	11273200-60BF-4FFE-8508-881C51B3235E
 550	321328DB-6C90-11EE-959F-68545A904D17
 551	C0912232-C448-B258-082B-693E9A53B7C9
 552	8185D6A8-1F0A-D949-7B00-5E4BE782D37D
 553	D7219BB1-FA78-7CA3-15B1-9BEEA48FA95B
 554	26CF1B38-04EA-BAEB-7E8A-D789AAAE0B26
 555	956 3624 405.275
 556	2268 516 355.063
 557	57676887-6C8D-11EE-959F-68545A904D17
 558	CEC07B14-B773-11ED-8EE5-B0A460E8079B
 559	D11FADA3-D68C-8CF5-831A-D142BCB83A1F
 560	593620AC-BF4B-11ED-8EF3-B0A460E8079B
 561	0989D661-7605-11EE-9595-68545AD2D871
 562	56DF974C-7606-11EE-9595-68545AD2D871
 563	0 33.994 0
 564	-536 -336 254.359
 565	0 358.712 0
 566	DAB3E426-B773-11ED-8EE5-B0A460E8079B
 567	-231.5 628 190
 568	A8912A08-6595-ACC4-D125-412C3361B308
 569	70412262-760F-11EE-9595-68545AD2D871
 570	593620FD-BF4B-11ED-8EF3-B0A460E8079B
 571	0 89.9925 0
 572	scripted_anim
 573	pf26f0615a3250ac2_auto2108
 574	pf22ff1a80fe308f1d_auto2108
 575	B70189F8-5B17-5909-F435-DD31CFBEB012
 576	0 355.999 0
 577	0 179.999 0
 578	0 179.993 0
 579	F1B08B23-E4A0-C0B0-063A-01C63E64B8A4
 580	geo_frag_a_007
 581	122A5AEF-8EC9-0F95-C416-26CFBE6FFE92
 582	2456.5 2452 410
 583	-1470.95 917 188.102
 584	pfe3c0b89b865b3357_auto2108
 585	-271.5 -880 386
 586	B7E81AC8-F093-1C97-EE84-5067AB318A69
 587	0A260B67-6C8F-11EE-959F-68545A904D17
 588	-502 -362 257.994
 589	532F81AC-BF4B-11ED-8EF3-B0A460E8079B
 590	B9CC90BA-5F88-11ED-8A68-B0A460E8079B
 591	-996.5 -144 204
 592	4870D037-FF7E-F5BF-CBB5-754638C1233C
 593	vfx_quarry_falling_rocks_spot_02
 594	-126 -836 400
 595	6A30063C-F40D-11ED-8F25-B0A460E8079B
 596	pf95ad7599a71808b5_auto2108
 597	4D34C616-BF4B-11ED-8EF3-B0A460E8079B
 598	6D503534-CA97-D59E-ECEF-069B3CEF49E0
 599	135DB8D6-F401-11ED-8F25-B0A460E8079B
 600	-563.5 2060 158
 601	pfd4be75bfa34fc7b0_auto715
 602	pfe0591a0126b7e34b_auto2108
 603	7FE61C5E-9FE2-CC5E-7FFF-3B19112D7740
 604	-249.75 3724 443.25
 605	0 246.992 0
 606	AAE5A50E-6055-11ED-8E8E-B0A460E8079B
 607	729.801 3554.5 395.697
 608	AudioOneShot
 609	palfa_infil_intro_18
 610	47349A70-BF4B-11ED-8EF3-B0A460E8079B
 611	pf932e620b3bbdfcce_auto2108
 612	1104B98A-B77F-11ED-8EE5-B0A460E8079B
 613	352086A5-6B3A-11ED-8E9E-B0A460E8079B
 614	palfa_infil_intro_3
 615	4D34C64C-BF4B-11ED-8EF3-B0A460E8079B
 616	FE9E808F-CF76-DF6C-D570-526F81998277
 617	32343682-7216-FD72-1BE2-AB75DF07363D
 618	auto_crane01_art_cfx.map
 619	3074D852-7609-11EE-9595-68545AD2D871
 620	7FAACA89-0DAC-846F-A8CB-2A1192625168
 621	0DBC7468-4F5F-4132-EEB0-F64FDF298D7A
 622	9D71DE82-7613-11EE-9595-68545AD2D871
 623	A383AEB6-8A1F-72D1-4C40-0B348A9FFCF6
 624	353BF7DA-DB32-9683-3EB4-86437FC0944D
 625	AAE5A514-6055-11ED-8E8E-B0A460E8079B
 626	93EBD1AF-63E8-1704-27B2-3802C22463E6
 627	676 3648 406.192
 628	CEC07B98-B773-11ED-8EE5-B0A460E8079B
 629	D4BAD3BA-B773-11ED-8EE5-B0A460E8079B
 630	2528 2166.5 416
 631	24F913B2-072B-906B-EC9E-21B33C189D07
 632	B198634C-82A5-AB2C-557E-67915B4DD8BB
 633	7067C339-F40D-11ED-8F25-B0A460E8079B
 634	pf640fe1f1175c3cd8_auto2108
 635	165.5 392 273.847
 636	02F0CB65-B867-BEC9-70E9-C283ABF7B344
 637	F3ED4CB1-1332-0D99-2516-22C4BF1164EC
 638	-567.5 3230 438.959
 639	5936207C-BF4B-11ED-8EF3-B0A460E8079B
 640	-566 -846.5 264
 641	246732D8-A389-B752-E8E8-B22CB2466F91
 642	-7.5 492 190
 643	460.5 2088 382
 644	mp_dd_spawn_defender
 645	pfc6de315577621091_auto2108
 646	pfc79b47ac9d5df271_auto716
 647	64295A76-6C8D-11EE-959F-68545A904D17
 648	0 99.9937 0
 649	BC6AC2A5-EDE2-8F62-A91D-04A00A7C8301
 650	2220.5 2136 410
 651	54793D47-A975-BF14-2932-1F87035029ED
 652	796EF6B4-AC61-11ED-8ED8-B0A460E8079B
 653	-1036.57 2504.93 459.057
 654	0 177.999 0
 655	796EF69A-AC61-11ED-8ED8-B0A460E8079B
 656	vfx_quarry_falling_rocks
 657	
 658	pfb2f028f3dd1b1c0_auto2108
 659	0 356.272 0
 660	0 286.087 0
 661	532F81E8-BF4B-11ED-8EF3-B0A460E8079B
 662	-360 -849.5 264
 663	0 91.1949 0
 664	pf54f15bc3186b1972_auto716
 665	7D5B331F-BF54-3C5E-160E-3DB8FD05AC9B
 666	BC920858-C571-C241-ED7E-7D1E1C40B8AE
 667	DAB3E483-B773-11ED-8EE5-B0A460E8079B
 668	EB02CF5D-ACD8-227D-9760-5881526C83CE
 669	2606.3 1472.8 400.389
 670	pfde7d073f0c4e496e_auto2108
 671	CEC07A9F-B773-11ED-8EE5-B0A460E8079B
 672	71D3212B-B784-11ED-8EE5-B0A460E8079B
 673	pf95e0a84e9640e39e_auto2108
 674	0 103.395 0
 675	656 -806 261.781
 676	scriptable_metal_chain_01_hanging_arc
 677	A8D3FF82-4D64-A2B0-FCEC-0D272EDCB5B5
 678	-1072.8 -1353.9 227.203
 679	F15E3F90
 680	472.5 872 114
 681	1A7F8DB8-F402-11ED-8F25-B0A460E8079B
 682	mp_dm_spawn
 683	636.5 3396 400.493
 684	C8C7EB3E-B773-11ED-8EE5-B0A460E8079B
 685	palfa_infil_exit_13
 686	952.7 3493.2 395.66
 687	3640AFEE-EE37-E176-DB84-7E97543335F3
 688	-955.5 560 210
 689	E8C28CF6-D8AE-6B16-A0DA-BDCCFC27983E
 690	5DB89F65-6C8D-11EE-959F-68545A904D17
 691	67C192F3-3676-4049-A51C-B5D9576E0994
 692	C69267FA-3B68-0B13-AE33-D16F1F9D7F3E
 693	-56 129.5 200
 694	669 3516.2 393
 695	2526.3 1600.8 400.389
 696	EFE2A682-987F-1FD2-9F8D-04368B1E3C54
 697	0 155.596 0
 698	F5757B72-272A-C9F6-31C3-F61C2E784A67
 699	2978AA67-99B5-BE93-8F4C-86343A5AA654
 700	459FB6D9-7615-11EE-9595-68545AD2D871
 701	-1072 -1288 204.723
 702	DAB3E450-B773-11ED-8EE5-B0A460E8079B
 703	5F2DA981-BF4B-11ED-8EF3-B0A460E8079B
 704	-183.24 2615.48 362.052
 705	0 189.991 0
 706	D24A592B-7606-11EE-9595-68545AD2D871
 707	28622074-5C2D-36BE-2318-34670365D00D
 708	308.5 2196 386
 709	676.5 3294 428.092
 710	71D320FE-B784-11ED-8EE5-B0A460E8079B
 711	98F84783-2908-42EC-71C9-C31590DBC063
 712	532F8206-BF4B-11ED-8EF3-B0A460E8079B
 713	CEF96554-B8BD-497E-D242-F6487243DC5C
 714	91E62FA0-4A47-CDC1-70FD-333918443A31
 715	57676882-6C8D-11EE-959F-68545A904D17
 716	0 250 0
 717	A70CBCBD-7614-11EE-9595-68545AD2D871
 718	pfc83bb063484b48a_auto715
 719	D4BAD399-B773-11ED-8EE5-B0A460E8079B
 720	47F0ABD9-3A58-7741-119F-B38EBBDFB59E
 721	0 232.992 0
 722	0 269.73 0
 723	20AD9073-FE91-AACA-2097-7526A871CED9
 724	1104B9AC-B77F-11ED-8EE5-B0A460E8079B
 725	B7CA7A3B-B775-11ED-8EE5-B0A460E8079B
 726	uk_electrical_box_medium_01
 727	pfe8dd19d33414dc6c_auto2108
 728	88.5 2922 403
 729	0 92.994 0
 730	0 204.999 0
 731	DAB3E441-B773-11ED-8EE5-B0A460E8079B
 732	DA25387D-FC09-14FC-B687-AF1404048CCD
 733	9A90C2B8-92C0-4C26-A2C5-930A21A0EC3E
 734	78C2DFEC-B784-11ED-8EE5-B0A460E8079B
 735	container_paint_can_01
 736	0 235.999 0
 737	764 3624 409.303
 738	mp_rescue_spawn_defender
 739	CEC07B17-B773-11ED-8EE5-B0A460E8079B
 740	0 270.992 0
 741	868.5 -904 295.503
 742	18A319D7-FE23-8EE5-D785-9A3B4FCA8A57
 743	-1013.5 2108 94
 744	1B9517B5-3964-5DB0-9774-3D626C23C1B6
 745	FBE1407A-BCA6-B9E2-DD80-90D0D28086C1
 746	pf1dda560c78a0e1c5_auto2108
 747	AAE5A50B-6055-11ED-8E8E-B0A460E8079B
 748	-1070 -1360 212.163
 749	C2F96080-1EA1-F7E9-02B1-95979EFC4EDC
 750	255FE517-6C8A-11EE-959F-68545A904D17
 751	pfdcbb10dc4daed66e_auto715
 752	592 -806 257.459
 753	-1379.5 -52 210
 754	04ABCB73-2286-5A86-98E6-D5F21E109BAC
 755	5139A2DC-7613-11EE-9595-68545AD2D871
 756	532F81EE-BF4B-11ED-8EF3-B0A460E8079B
 757	AE171501-A6DE-38CC-5F52-28CECF5E54BD
 758	-888 -876.5 190
 759	E72A92CC-3DAA-9C8D-9CF9-F5CFFF828E14
 760	-999.702 2964.65 455.81
 761	scriptable_un_office_binder_open_01
 762	A0EBF6E4-B775-11ED-8EE5-B0A460E8079B
 763	2261.5 2679 411.75
 764	3805B738-EDBD-089A-E143-FC2AB2AD84C4
 765	DFAAD1F3-886A-5BAC-1E4F-FC4AE98EF2FC
 766	98F923A9-7607-11EE-9595-68545AD2D871
 767	-850 579.5 200
 768	FA2BBFB2-09C0-000E-222E-76432F4DEA30
 769	40.5 140 466
 770	7067C348-F40D-11ED-8F25-B0A460E8079B
 771	pf25632ca4a78b3a54_auto2108
 772	right_50
 773	right_90
 774	1098.75 3555.5 415.326
 775	0 355.993 0
 776	EC4D362E-DF68-A13F-AD24-C6B08E4871B6
 777	4D34C610-BF4B-11ED-8EF3-B0A460E8079B
 778	0 29.9978 0
 779	3C53883A-AC62-11ED-8ED8-B0A460E8079B
 780	pf8496baa15081ee0a_auto2108
 781	0 179.988 0
 782	2
 783	14743265-F402-11ED-8F25-B0A460E8079B
 784	scriptable_scriptable_construction_doors_metal_b_02_mp_blue
 785	pf264981e19bed7857_auto2108
 786	1080 2456 392
 787	4D34C6BE-BF4B-11ED-8EF3-B0A460E8079B
 788	F604133A-A6E5-11ED-8ED1-B0A460E8079B
 789	6D1D5860-6C7E-11EE-959F-68545A904D17
 790	pf7ecb680a7748340f_auto2108
 791	-1134 -1418 236.529
 792	6FA94FF3-7614-11EE-9595-68545AD2D871
 793	0 64.9995 0
 794	pf70d496e9a0957127_auto716
 795	5F2DA95A-BF4B-11ED-8EF3-B0A460E8079B
 796	0 42.9937 0
 797	668 3514 393
 798	tag_geo_frag_a_002
 799	1969.24 24.242 367.959
 800	A5A01662-488B-B8A1-5F56-FAEC3F734754
 801	7DDCAE2F-3781-FC6B-CCA1-4512770D110B
 802	pffb53f9b9e26518_auto2108
 803	1F9807A4-1C0F-857F-AD97-304E1E97596E
 804	electrical_conduit_set_electrical_box_04
 805	859B6DF5-04A8-52E7-4DD6-EA12F1411DAD
 806	59362091-BF4B-11ED-8EF3-B0A460E8079B
 807	-770 1148.5 200
 808	palfa_infil_exit_5
 809	771C0B9F-D8BC-F15D-E784-E29D44B8902C
 810	-1112.05 1886.22 117.524
 811	31318143-3E57-AE46-52AE-2FA6C301C448
 812	AB80F55B-3551-3909-50E7-02AE583F71CB
 813	860 3496 394
 814	90546937-98AF-AD84-138B-A9800C256AFE
 815	pf507f8987afcaab5d_auto2108
 816	20BD969F-F402-11ED-8F25-B0A460E8079B
 817	1340.5 2448 526
 818	CF6266ED-58E9-E06A-EA28-1F57FCCD8BC5
 819	mp_dom_spawn
 820	2552 1728 408
 821	C3C9BCC6-AD2F-AF8C-A39A-600918A6B6C7
 822	704.5 1756 54
 823	2472.5 1032 402
 824	vfx_quarry_debris_blowing_dir
 825	1DEC27B0-B77F-11ED-8EE5-B0A460E8079B
 826	2962A942-6C89-11EE-959F-68545A904D17
 827	-1415.5 -848 222
 828	0 135.623 0
 829	hardpoint_vis_05
 830	0 255.693 0
 831	EFF1F971-D930-0F00-6D28-0F3D11425FAD
 832	pf1c80b618394f3a5c_auto2108
 833	5D6AE9A6-DF0F-682C-B462-D6C95FE240A3
 834	C572B484-0D9A-C152-21B7-863AD8064FA7
 835	974.801 3452.3 398.842
 836	FB42EBFD-6C8A-11EE-959F-68545A904D17
 837	0 317.7 0
 838	5D33BC9A-6C7E-11EE-959F-68545A904D17
 839	B6428E31-0627-EE5F-21DC-1EE7FB6AA331
 840	pf30ef77a2ece7108e_auto2108
 841	0 312.4 0
 842	DD6E783C-2FF6-BC37-779C-C87AB6F8E454
 843	6B8D3C57-E46C-447A-6727-0CEF3479621F
 844	6A8C246B-536E-CC2F-FA35-3FC5464DE3CB
 845	pf3641031d618f5e6_auto2108
 846	2399.5 2014 416
 847	BD2B0AFB-ED8C-D569-3842-F7CBBBA9B824
 848	0 86.994 0
 849	0 19.9924 0
 850	224.5 48 221
 851	A9D324D3-AAB6-34D9-ED8B-5081AD6AADB6
 852	-1077.75 1832.25 104
 853	E58B3E08-6C7E-11EE-959F-68545A904D17
 854	vfx/jup/level/mp_jup_quarry/vfx_quarry_falling_rocks_spot_ch
 855	5E71F355-F401-11ED-8F25-B0A460E8079B
 856	0 216.399 0
 857	C0EE3DC2-C094-6334-301D-80697AC58D28
 858	FDC2AC98-E10A-AED5-BE81-70DA3DE9EAE2
 859	D6DD400F-01CD-01A7-B247-E4025D5A51B8
 860	6A300639-F40D-11ED-8F25-B0A460E8079B
 861	3E062309-F37C-A712-D5AA-E2CE9B515C41
 862	-408 -874.5 264
 863	19D69280-81B7-D169-56B5-924E983D03AC
 864	0 27.0579 0
 865	-236.5 -15 226
 866	B9D12787-7604-11EE-9595-68545AD2D871
 867	BFAF5ABE-4A13-B579-A154-5CF461C31452
 868	54AB7778-C8A4-ABB8-C17A-8E9D6BF5F54D
 869	pfcf2ccca34fced7aa_auto2108
 870	vfx_quarry_lensflare_warm
 871	64295A85-6C8D-11EE-959F-68545A904D17
 872	3E12C87A-7602-11EE-9595-68545AD2D871
 873	D3B481CE-962B-9A14-C15F-4F85B6D22529
 874	5803A79A-174B-A0D3-C5F9-32834013091A
 875	1616 3587.5 466.817
 876	electronics_control_units_02
 877	99B44F29-B51D-8847-B8B4-6FEEE7A395AA
 878	cp_generator_toggleable
 879	91.25 3618.5 429.012
 880	pf260e32c75525eaf6_auto2108
 881	0 4.9939 0
 882	CEC07B2C-B773-11ED-8EE5-B0A460E8079B
 883	-1008.8 -1353.9 236.45
 884	25672B34-E39B-F740-4659-FC2A59227F6D
 885	2AD20B01-574F-C0D4-9761-E465F296323E
 886	visibility
 887	2446.3 1536.8 400.389
 888	CEC07B6E-B773-11ED-8EE5-B0A460E8079B
 889	pfb36d32ef252e5fc2_auto2108
 890	-339.5 104 466
 891	C8C7EB2C-B773-11ED-8EE5-B0A460E8079B
 892	308.518 1025.25 96.917
 893	AAE5AAF3-6055-11ED-8E8E-B0A460E8079B
 894	593620C1-BF4B-11ED-8EF3-B0A460E8079B
 895	-1069.1 -1355.4 221.042
 896	1656 2476 402.34
 897	vfx/jup/level/mp_jup_quarry/vfx_quarry_insect_cockroach_single
 898	F69989E5-D80C-D00C-8F66-0B819002C6B4
 899	CEC07AC3-B773-11ED-8EE5-B0A460E8079B
 900	0 188.285 0
 901	1324.5 2152 382
 902	14D260B2-1847-C17E-D350-ABDA11D13A75
 903	0 269.999 0
 904	door
 905	532F81A3-BF4B-11ED-8EF3-B0A460E8079B
 906	D4BAD321-B773-11ED-8EE5-B0A460E8079B
 907	2604 1688 403.488
 908	0 31.3887 0
 909	-1470.95 789 185.979
 910	palfa_infil_exit_1
 911	75AD5E2A-737C-1D03-6320-B72A7075C878
 912	-591.5 0 238
 913	1B82DDB4-7BD9-65AE-EF7B-C01236D253A4
 914	9411AE88-B699-11ED-8EE4-B0A460E8079B
 915	4DAEB157-76C5-2791-0985-C1A87DD5B4F8
 916	019CA472-3A8B-E6DD-684E-68B8FF9AC54A
 917	D4BAD3B1-B773-11ED-8EE5-B0A460E8079B
 918	scriptable_tool_rake_shovel_01
 919	pff1b5d67a7864ebb7_auto715
 920	-651.5 3280 440.25
 921	jup_infil_palfa_player_grab
 922	CEC07AD2-B773-11ED-8EE5-B0A460E8079B
 923	0 180.573 0
 924	-286 3322 432
 925	8889DE52-2A0F-F580-BB37-157A386EE1CD
 926	59362082-BF4B-11ED-8EF3-B0A460E8079B
 927	6A57E329-6C8D-11EE-959F-68545A904D17
 928	-998 -1072 204.581
 929	DAB3E477-B773-11ED-8EE5-B0A460E8079B
 930	jup_infil_palfa_crew_clap
 931	-1006 -1360 223.253
 932	9C9AC0E9-BE7E-9D5E-A4A2-12467E6FA957
 933	DAB3E43E-B773-11ED-8EE5-B0A460E8079B
 934	pfe234ca18f30f9060_auto2108
 935	1252 2404 392
 936	pf3e7736f1f88dd14d_auto2108
 937	jup_infil_blima_player_slide
 938	D4BAD37B-B773-11ED-8EE5-B0A460E8079B
 939	6AA5ADFF-7905-11EE-95A8-68545A904D17
 940	708B8085-6C8D-11EE-959F-68545A904D17
 941	DAB3E435-B773-11ED-8EE5-B0A460E8079B
 942	0 83.9934 0
 943	5F2DA975-BF4B-11ED-8EF3-B0A460E8079B
 944	B2AF0791-6B39-11ED-8E9E-B0A460E8079B
 945	E260F1CB-6C7F-11EE-959F-68545A904D17
 946	-34 3338 432
 947	0 97.994 0
 948	6758AC6B-9E9B-ECB2-F55C-8BEDE96D0649
 949	1176 -894.5 363.622
 950	20BD96BA-F402-11ED-8F25-B0A460E8079B
 951	F18BAC78-84E5-7960-2154-06B73CD7FC25
 952	532F81DF-BF4B-11ED-8EF3-B0A460E8079B
 953	0 358.989 0
 954	pf3432ac60f1719958_auto716
 955	669F0AEB-7614-11EE-9595-68545AD2D871
 956	playerasm_patch_mp_infil_blima
 957	5F2DA933-BF4B-11ED-8EF3-B0A460E8079B
 958	59B9819B-7609-11EE-9595-68545AD2D871
 959	4.5 3184 430
 960	810D49B4-E3F6-4327-5371-C6412A59D27F
 961	B2AF077C-6B39-11ED-8E9E-B0A460E8079B
 962	-1072.8 -1225.9 200.869
 963	532F81F4-BF4B-11ED-8EF3-B0A460E8079B
 964	8E21F7FE-2214-2A42-4CA5-564154688B48
 965	CEC07B83-B773-11ED-8EE5-B0A460E8079B
 966	pf7ea617b1dae77f9d_auto715
 967	pf426ed9d0ef4d47c9_auto716
 968	EE2C47A0-FCDF-6415-704C-86D35C17198A
 969	playerasm
 970	5F2DA957-BF4B-11ED-8EF3-B0A460E8079B
 971	8D3C0325-D6E5-B529-5153-3AA40FAC94DB
 972	532F81D6-BF4B-11ED-8EF3-B0A460E8079B
 973	959C526A-25CE-468A-5B55-B016CBD3973C
 974	696.7 3493.2 393.008
 975	1944.61 -151.983 367.959
 976	F50A2E81-7613-11EE-9595-68545AD2D871
 977	4A0D4CF0-9259-D37F-3715-9968B0C39734
 978	df_palfa_interior
 979	vfx_quarry_insect_cockroach_group
 980	708B8058-6C8D-11EE-959F-68545A904D17
 981	652F3595-A952-70D4-0BC4-CC2F47B47013
 982	D4BAD312-B773-11ED-8EE5-B0A460E8079B
 983	0 141.785 0
 984	0 299.187 0
 985	5820FE8D-6326-E334-C7FE-F9D3A838B60E
 986	0 3.99896 0
 987	937C68BA-7086-50AA-AD8E-5074E351107E
 988	0 99.3951 0
 989	20BD96AB-F402-11ED-8F25-B0A460E8079B
 990	pf87268f363345697e_auto716
 991	0 309.994 0
 992	412 3628 409.227
 993	-1385.5 1304 188
 994	right_30
 995	0 61.9938 0
 996	9E1B2D3B-7E70-0C35-3487-B52A06FD62FD
 997	818.704 3610.36 403.11
 998	CEC07ADB-B773-11ED-8EE5-B0A460E8079B
 999	5785BF79-507D-4CA0-9C8F-BFCADF6944EE
1000	A57C0EEA-F777-5785-8D5F-7CAD887B6FEA
1001	BD3F0E07-144E-4D57-9538-65DF2EE97166
1002	1739.71 1789.34 405.5
1003	pfb48344feb6a54c99_auto2108
1004	pfb4b102e069d07d72_auto2108
1005	0BBABC3F-EAD6-10CF-93BB-F7184FEDD109
1006	-1134 -1296 198.25
1007	1393.5 -721 310
1008	0D17B908-F401-11ED-8F25-B0A460E8079B
1009	pfac13f66acfc90d05_auto2108
1010	18E28AFD-0165-0E08-AA7A-47CDB4854CA5
1011	8AA4D590-6C8B-11EE-959F-68545A904D17
1012	tag_geo_frag_a_006
1013	tag_geo_frag_a_008
1014	2CED6E63-78FB-8279-D227-A7FFEECFDC9C
1015	22698CB9-903A-0A49-9203-C30D532850FE
1016	ECBEEF12-CA54-0FEF-F5FD-AC02828B5FD7
1017	-195.5 1180 326
1018	50247748-DAC8-C95A-F73B-304A745E514B
1019	333.5 120 225
1020	7067C33C-F40D-11ED-8F25-B0A460E8079B
1021	E7A29419-7613-11EE-9595-68545AD2D871
1022	B99BBA56-17C7-2055-959A-023182428AA0
1023	palfa_infil_exit_9
1024	0 224.992 0
1025	431.5 3500 418
1026	47349A76-BF4B-11ED-8EF3-B0A460E8079B
1027	A22CA966-3DFF-7705-1782-D650D37BA10C
1028	0 89.988 0
1029	2432 1010 405.488
1030	0 42.9997 0
1031	pf1329f8e2abbfa586_auto2108
1032	7EFF3CDC-B77E-11ED-8EE5-B0A460E8079B
1033	0 92.9989 0
1034	0 200.992 0
1035	-1558 490.5 219.233
1036	3223DD17-0233-657C-AB33-5C03D6C8748C
1037	11248CCA-A6E6-11ED-8ED1-B0A460E8079B
1038	B7CA7A3E-B775-11ED-8EE5-B0A460E8079B
1039	D4BAD2FD-B773-11ED-8EE5-B0A460E8079B
1040	scriptable_metal_chain_01_locked
1041	47349A8E-BF4B-11ED-8EF3-B0A460E8079B
1042	5B065A7E-0430-2196-1DBF-BFA819329F2B
1043	pffeee2c1daed1ab8_auto2108
1044	1315356B-760F-11EE-9595-68545AD2D871
1045	764 3560 391.042
1046	fingers_in_start_right_hand
1047	9CC5DEB0-F098-2979-4E7D-864189EB8240
1048	57F923E9-760B-11EE-9595-68545AD2D871
1049	hardpoint_vis_01
1050	593620A3-BF4B-11ED-8EF3-B0A460E8079B
1051	768C1AFA-52AD-D466-E207-E1D2A43688B1
1052	-1136.8 -1417.9 228.636
1053	828 3624 410.747
1054	6BE93D57-7605-11EE-9595-68545AD2D871
1055	0DA994F0-3C81-5153-123B-38A879C49A5F
1056	0 289.993 0
1057	795AB7CC-6C89-11EE-959F-68545A904D17
1058	83532D24-760E-11EE-9595-68545AD2D871
1059	pf5438edbb88012e93_auto2108
1060	0 83.9936 0
1061	closed_owned
1062	AAE5A5D1-6055-11ED-8E8E-B0A460E8079B
1063	6BD30410-82F3-697B-D489-70FA02838C8D
1064	F042BB3B-464F-F02E-8E8F-BC1FF14895F0
1065	196812BA-9E0B-ACE2-08F1-C3FC3149DC70
1066	796 3496 398.143
1067	5D31C5B8-21BA-96A5-520E-496E8E137172
1068	-116 -378.5 253.951
1069	FBD8906C-2A2E-BEEB-6E97-025420F0072C
1070	CE1A0AF9-38D6-0B4D-9518-050650E178EF
1071	0 354.712 0
1072	59776624-EF03-545B-2CDA-3A63E51661B3
1073	2425782D-C810-88AF-0A0A-3FC3B72EBEC8
1074	pf99bef8f1c6228837_auto2108
1075	5B91E1E8-FDA1-5D3A-99F7-AA65022274BD
1076	-1136.8 -1289.9 206.053
1077	36.5 284 190
1078	25BE24FE-EC1B-A814-1375-93FF3A02C513
1079	0184E0C0-577E-FB5F-9118-D2EF949B3A4F
1080	-114 -820 400
1081	0 75.9939 0
1082	5BF82302-C1A7-11ED-8EF4-B0A460E80798
1083	CEC07B5F-B773-11ED-8EE5-B0A460E8079B
1084	-411.5 -880 386
1085	56DF2AB5-4D80-A6FB-02E9-0910C0D85B57
1086	2B62E955-401C-1E73-35F3-A327C72E6AEA
1087	AD2B8A54-EB25-5BAD-255C-9D23E6CD987D
1088	0 219.997 0
1089	FD9ED1B9-4ADC-8ACB-0877-ADCACE5C50D3
1090	4D34C697-BF4B-11ED-8EF3-B0A460E8079B
1091	D4BAD2E2-B773-11ED-8EE5-B0A460E8079B
1092	16F3388F-6B64-0415-72E8-408066032559
1093	-1008.8 -1353.9 228.45
1094	75D21ABB-170E-CB61-B52F-7E2B2AE4A0CE
1095	-1404.2 1013 190.244
1096	F149A88C-178A-0B36-A2C1-A8720F136C23
1097	174B8647-538D-88D0-455F-F8A8B3AC1D50
1098	756.5 -940 279.558
1099	-627.5 1008 210
1100	DAB3E447-B773-11ED-8EE5-B0A460E8079B
1101	0 71.9934 0
1102	pfbb375656e80abf45_auto716
1103	-51.5 140 194
1104	0 141.388 0
1105	7AF1D49C-BCBE-C04D-6CEE-EA5534E9901A
1106	71F20182-E0E5-31BD-F28D-24F577A193AA
1107	4E49EC67-8934-454E-330A-901D61CD15D9
1108	47349A64-BF4B-11ED-8EF3-B0A460E8079B
1109	26C25D81-F402-11ED-8F25-B0A460E8079B
1110	F9E2DACA-B8F5-5C6D-5233-5B523D5A14C5
1111	0 179.989 0
1112	ABBE8868-891F-E7B2-43FA-C083385A6E6C
1113	195FDE8F-6C89-11EE-959F-68545A904D17
1114	D4BAD324-B773-11ED-8EE5-B0A460E8079B
1115	D61D34B7-C1A7-11ED-8EF4-B0A460E80798
1116	pfa9b17a8e16711244_auto2108
1117	D4BAD375-B773-11ED-8EE5-B0A460E8079B
1118	2258 516.5 354.409
1119	-259.5 -904 254
1120	43873356-F6E6-08AD-2ED0-14ED82A47E9A
1121	DC19BD3D-4B37-7681-4231-37E3EDDA00D3
1122	-1066 894 199.836
1123	0 269.998 0
1124	47349A4F-BF4B-11ED-8EF3-B0A460E8079B
1125	tag_geo_frag_a_007
1126	532F81A0-BF4B-11ED-8EF3-B0A460E8079B
1127	40252A7F-6914-AF24-257E-53E7A5786CF2
1128	C850D48E-0AB1-E27F-DBC6-957385E6649F
1129	1AA1007A-9A2D-68EA-7E2E-F3A0C5C86E24
1130	-171.5 -904 262
1131	vfx_quarry_falling_rocks_spot
1132	AAE5AAF0-6055-11ED-8E8E-B0A460E8079B
1133	E9B65BDE-D1F3-3B41-D4B9-9FD84484BA02
1134	pf9114f6a8385354e7_auto2108
1135	622 3612 411.227
1136	16C521E5-B4B0-810F-3FD4-34F538ADDDE8
1137	661453ED-E76E-F7F2-F427-80017E21D554
1138	mp_cyber_spawn_axis
1139	palfa_infil_exit_8
1140	D8915286-868E-35BA-9CAB-0CF37D0BC610
1141	-503.5 1840 194
1142	532F814C-BF4B-11ED-8EF3-B0A460E8079B
1143	1A7F8DD0-F402-11ED-8F25-B0A460E8079B
1144	8297CF87-1DD9-11EF-8F95-E0D4E87834AC
1145	0 246.429 0
1146	8297CF8C-1DD9-11EF-8F95-E0D4E87834AC
1147	493FFC22-3625-FB16-CE0F-986931881A03
1148	756C9532-FB22-B566-E3EC-D380D02D6E3C
1149	7067C321-F40D-11ED-8F25-B0A460E8079B
1150	1AF9AB73-2A54-5159-3D32-C5BBE3ED3124
1151	-1044.27 -697.48 188.019
1152	1EF97B17-30C6-F84A-0806-B94792B127CB
1153	444C3890-2C5E-D5AD-7A4B-05CC02BAF812
1154	0 54.994 0
1155	mp_warrior_spawn_axis_start
1156	2664.5 2364 542
1157	2EA57D87-3AF0-5F86-3363-42E372D6E9B1
1158	65E10EF9-4FD7-282F-D425-842E26B22793
1159	pf96b32e15abfc4030_auto2108
1160	FD5E723B-07AC-DB46-1B88-21401169B15E
1161	0131C88A-7608-11EE-9595-68545AD2D871
1162	1932.63 -232.661 358
1163	47349A8B-BF4B-11ED-8EF3-B0A460E8079B
1164	20779F73-E4F1-45B3-C56E-914EB3AFE5BB
1165	0 210.992 0
1166	-1423.5 32 202
1167	3AC2D29B-6C90-11EE-959F-68545A904D17
1168	8510A328-6C8A-11EE-959F-68545A904D17
1169	E09D0D69-0B7E-E414-EC8B-F6E8F5AD5F95
1170	BC8FBAAF-CCDE-0FD5-7CC1-111891BACBE8
1171	1620A8D7-2995-DFCC-243D-1BD9DFEE3BE0
1172	-1404.2 757 190.244
1173	D4092837-6C8D-11EE-959F-68545A904D17
1174	814 -182.5 207.176
1175	3B383096-7605-11EE-9595-68545AD2D871
1176	D54B8D2F-C272-9431-FE7C-2E14A5CAFDA5
1177	healthy
1178	0 169.991 0
1179	1E9AEE88-5316-5C69-E909-28A1FCF0D1F0
1180	D4092828-6C8D-11EE-959F-68545A904D17
1181	D4BAD2DC-B773-11ED-8EE5-B0A460E8079B
1182	fingers_out_end_left_hand
1183	37E2AC9A-27A5-62D4-9616-6340BB794D59
1184	pf5b1fe0c902c88070_auto716
1185	pf74fe0fde27ccadf1_auto2108
1186	0 282.993 0
1187	6F12DE44-668C-B34D-6834-AE4C2DAE1062
1188	2392.56 927.42 379.258
1189	595FD029-F75F-EEE0-DF56-5EF62A5E4FD8
1190	B6B19643-7611-11EE-9595-68545AD2D871
1191	A0D73059-7B9D-AF62-85CA-EE531691A21C
1192	3E95020F-0F67-6BDC-C7CE-C1AE64B225BD
1193	5DB89F83-6C8D-11EE-959F-68545A904D17
1194	-1005.1 -1291.4 209.042
1195	81A59846-B699-11ED-8EE4-B0A460E8079B
1196	2554 2000 416
1197	-1070 -1418 229.501
1198	8E94C875-5A3A-6FC8-71A0-CE30E5B3035F
1199	13EEC1E6-FE4D-FD7F-9E99-8DA28E000576
1200	1DEC27B3-B77F-11ED-8EE5-B0A460E8079B
1201	952.7 3429.2 396.884
1202	796EF6BA-AC61-11ED-8ED8-B0A460E8079B
1203	pf856a20eb2708958b_auto716
1204	7067C32D-F40D-11ED-8F25-B0A460E8079B
1205	920 -492.5 292.566
1206	pf69d53a96f2ee78bc_auto2108
1207	ACD3F428-3FCE-AF3F-E5CF-4D5724910B4A
1208	1574 -336.5 334.658
1209	59F416FF-6C8C-11EE-959F-68545A904D17
1210	CE58A7E8-78BB-B914-7F11-8768F5E60AEC
1211	E4E13285-697A-48BB-6C29-E1B62B4E3E0A
1212	CCD330FA-9A31-6BF9-E80A-3FA804418CDF
1213	4D34C69D-BF4B-11ED-8EF3-B0A460E8079B
1214	5F2DA984-BF4B-11ED-8EF3-B0A460E8079B
1215	-688 -278 251.5
1216	1740.5 1180 410
1217	1F5D553C-84F1-F447-9BED-0E411039C860
1218	0 313.087 0
1219	75BC029A-7612-11EE-9595-68545AD2D871
1220	B49DD992-6C89-11EE-959F-68545A904D17
1221	C216BBFF-E003-60AE-6770-FAA15587BC43
1222	scriptable_door_metal_panel_01_mp_hero
1223	32B13601-EF47-24B5-1854-D5C758A7EAAB
1224	-1368.75 2746.5 463.589
1225	D580B62D-10C1-2E28-6420-960E5AD77D85
1226	C8C7EB23-B773-11ED-8EE5-B0A460E8079B
1227	E0F8C3A8-3738-6AB4-0936-0889BE9FA90C
1228	CEC07B9B-B773-11ED-8EE5-B0A460E8079B
1229	2238 3144 488.016
1230	0 152.998 0
1231	1522E05D-6B3A-11ED-8E9E-B0A460E8079B
1232	pf5ab1534246881a86_auto2108
1233	5F2DA948-BF4B-11ED-8EF3-B0A460E8079B
1234	C3EE8559-0E81-FB40-A62A-DF59A95F1506
1235	524.5 -904 269.911
1236	1AA08333-DED4-1C4B-1A4B-C699DD2A0FCD
1237	9B4A6818-9EE5-2340-D16F-DE06A1642DCC
1238	C0EB738B-EE0E-473B-B8E8-B59A722B8D51
1239	-615.5 -484 254
1240	1104B9A6-B77F-11ED-8EE5-B0A460E8079B
1241	D2765F51-F78F-A585-BB6B-E1C1A7D9E165
1242	-159.5 3348 430
1243	78C2DFE0-B784-11ED-8EE5-B0A460E8079B
1244	2616 1664 408
1245	07546693-F5B5-5EEB-92E8-B59E07FFFEA1
1246	0BA0950E-D1B3-4DBC-3A9C-03ADBA703930
1247	264.5 -612 290
1248	scriptable_un_industrial_wooden_pallet_01_chip
1249	20167405-DE35-DCDB-2354-B6EDD1B7239D
1250	-131.52 2588.35 361.84
1251	974 3452 398.754
1252	A0EBF6D5-B775-11ED-8EE5-B0A460E8079B
1253	player_lock_look_1_second
1254	CEC07AF0-B773-11ED-8EE5-B0A460E8079B
1255	-535.5 -380 258
1256	736 3480 409
1257	8C5E5C93-7A7E-DAE2-7F0F-581B8AC0AE3A
1258	AAE5A95B-6055-11ED-8E8E-B0A460E8079B
1259	1540.5 1296 407
1260	pfe15e53e7f18729_auto2108
1261	78C08D64-CF14-6A65-3FB3-DDAE9B03D0E9
1262	D98CC827-F36A-AB3F-750B-1C2B8334E454
1263	021F746D-760F-11EE-9595-68545AD2D871
1264	967.9 3546.1 397.717
1265	AECD1DF7-760E-11EE-9595-68545AD2D871
1266	-1487.25 2947 456.3
1267	180.5 3714 430
1268	pf808625cf990057e6_auto2108
1269	-1198 -1292 212
1270	pf2e27672ae21f1086_auto2108
1271	07CBA961-CD50-4BAC-EB25-C5183804BEA5
1272	4D34C667-BF4B-11ED-8EF3-B0A460E8079B
1273	532F81E5-BF4B-11ED-8EF3-B0A460E8079B
1274	85DEB1D4-D7AE-037D-48B7-3964377694B5
1275	jup_infil_palfa_run_heli
1276	892.5 120 214
1277	A6EEE4C4-0A81-4EA5-7E20-C725345FFEC3
1278	0 150.196 0
1279	DF04629A-5766-DB18-B90E-8DD75D9D4082
1280	0 49.988 0
1281	-934 -112.5 226.96
1282	DAB3E486-B773-11ED-8EE5-B0A460E8079B
1283	2181F2C0-0618-4BE8-C36B-9DF3F44C0BBF
1284	2062.5 3568 478.062
1285	F66F5005-122F-C378-8816-5919C8A15EBF
1286	0 170.987 0
1287	pfc35c1a0bfdc8664b_auto2108
1288	659A27B0-0E31-B9EF-F569-3CC30A715A19
1289	pf84413496388c972b_auto2108
1290	6278F3F6-AB6F-5C3B-6852-AE64C3F4F104
1291	cache_toolbox
1292	593620F4-BF4B-11ED-8EF3-B0A460E8079B
1293	decor_barrels_gameplay_red
1294	0 9.99216 0
1295	D07AF7D2-AB3D-200E-5A25-8F44370667DB
1296	pfb0a41b2182acfe28_auto716
1297	CF17317E-760A-11EE-9595-68545AD2D871
1298	0 266.992 0
1299	tool_rake_shovel_01
1300	CDD2AF92-6E68-02CE-08A0-C435C1FF69CF
1301	C8C7EB1D-B773-11ED-8EE5-B0A460E8079B
1302	532F814F-BF4B-11ED-8EF3-B0A460E8079B
1303	on
1304	4D34C6A3-BF4B-11ED-8EF3-B0A460E8079B
1305	-584 129.5 200
1306	C649E0E1-6513-0F02-6AC2-272C68FD918A
1307	17E7C9C1-0C78-195A-D4F2-814926AE2EE7
1308	pf21fc4330d72e9870_auto2108
1309	268.5 -980 273.257
1310	D4BAD30F-B773-11ED-8EE5-B0A460E8079B
1311	A1309EF4-B96E-D29E-0F87-FE024192C302
1312	-1556 344 220.602
1313	A2A18AB0-BBD4-D24F-CE09-4971A9F9404D
1314	pf7a190b28482c35b5_auto2108
1315	EDE973DA-5030-B6CE-AEF1-3518415044AF
1316	-1216 751.5 198
1317	E0A88C86-09D9-7AEA-DEF4-1CDD9FEAB556
1318	-881 842.5 198
1319	944.5 2588 402
1320	-1296.8 2689.51 461.473
1321	-51.5 140 202
1322	864 3480 402.6
1323	0453CB5E-613C-98D5-8DA6-7E3110A91D60
1324	pf2a1cf851d5aa27d5_auto2108
1325	8F9D57F4-6C52-11EE-9592-68545AD2D871
1326	-479.281 2084.46 179.765
1327	closed_locked
1328	-339.5 104 474
1329	448A18EC-6B0D-9C21-7E15-FF018BD15C97
1330	0 220.993 0
1331	2664 2396 414
1332	1008.5 2068 382
1333	7CB8374D-E5EE-D92D-154F-5247036E898E
1334	1332.5 2076 518
1335	pf8336e16f66216c_auto2108
1336	2C8C0367-825E-2083-5588-ECBC0D0EAA79
1337	978A34EB-251E-3D46-D881-8ADC99C9A18E
1338	AB9A54FC-6C7E-11EE-959F-68545A904D17
1339	1184 3540 440.294
1340	tag_geo_frag_a_001
1341	0 29.9931 0
1342	0 89.9948 0
1343	pfe0a52a2916c7b8bf_auto2108
1344	0 265.497 0
1345	pfd709d213ab297cb6_auto2108
1346	pf8819f7542fdf32e_auto2108
1347	5C33E6DB-FB97-56F5-2462-DBDBF0F19AF9
1348	pf167c17b27087d719_auto2108
1349	096EAEAC-A6E6-11ED-8ED1-B0A460E8079B
1350	palfa_infil_exit_6
1351	77BC03E8-0C0C-C37B-7E1D-0E5885E8B03C
1352	CAAB054B-2A6F-25F8-CA49-76B99A118B2F
1353	5DB89F92-6C8D-11EE-959F-68545A904D17
1354	10CB1331-ED72-D336-163C-EB0AB075B060
1355	pff1b5d67a7864ebb7_auto716
1356	-999.256 2965.25 455.814
1357	18792126-BB20-E710-40E0-011FF0BC95F6
1358	3505244A-5458-C3C4-3D01-D96F24DCC3F6
1359	2DE95FF2-2871-D0A8-8449-7468278331FE
1360	35454124-A603-B494-3CD2-F2D6A9C1E6DC
1361	AAE5A955-6055-11ED-8E8E-B0A460E8079B
1362	0 184.992 0
1363	438E300E-C8A9-76C2-ABEF-FC45B13D7706
1364	5936208E-BF4B-11ED-8EF3-B0A460E8079B
1365	1140.5 804 118
1366	-1262 169.5 192
1367	1A7F8DAC-F402-11ED-8F25-B0A460E8079B
1368	C8C7EB4D-B773-11ED-8EE5-B0A460E8079B
1369	DAB3E48C-B773-11ED-8EE5-B0A460E8079B
1370	D93BD166-EA81-7233-C5A2-658EDE40C2A2
1371	532F81D3-BF4B-11ED-8EF3-B0A460E8079B
1372	9DDF98A8-7905-11EE-95A8-68545A904D17
1373	pfd7441b55f32d84d3_auto2108
1374	B2AF07AD-6B39-11ED-8E9E-B0A460E8079B
1375	D4BAD300-B773-11ED-8EE5-B0A460E8079B
1376	731381E3-C1A7-11ED-8EF4-B0A460E80798
1377	7D13F361-5766-1A12-B789-1D9B9F0340F9
1378	-1038.75 2902.5 476.449
1379	E16D7109-5995-03EB-1E74-CBB3D9D9ED4D
1380	8BE69456-29AF-B557-2AEE-4CA9FE47ECD1
1381	CEC07B2F-B773-11ED-8EE5-B0A460E8079B
1382	9DDF988A-7905-11EE-95A8-68545A904D17
1383	-488.75 -369.5 258.638
1384	pff165835951cf525d_auto2108
1385	09A9C90F-943A-8A1C-8728-34E2D02AA92F
1386	7A05E2C5-83A9-8C10-8D70-2E62623B7336
1387	0 229.686 0
1388	184.5 2192 384
1389	F86F8FAB-1769-83FE-4918-EEE3A0952923
1390	1399 2860.5 416.359
1391	C17DBF08-4CC7-923C-C4D4-8934FD2E31A3
1392	scriptable_scriptable_door_metal_04_flat_painted_mp_tan
1393	5DB89FA6-6C8D-11EE-959F-68545A904D17
1394	0 7.98478 0
1395	pf3432ac60f1719958_auto715
1396	700 3560 403.953
1397	C8C7EB26-B773-11ED-8EE5-B0A460E8079B
1398	0 86.3343 0
1399	1730DDD4-FB6E-3558-C864-B855E1EF5999
1400	B2AF077F-6B39-11ED-8E9E-B0A460E8079B
1401	62B44AC5-D1F8-F6A2-1F2D-C67832B24FF4
1402	47349AA3-BF4B-11ED-8EF3-B0A460E8079B
1403	0 114.991 0
1404	-761 -288 239.359
1405	D6E8C5EA-9B6A-748A-5215-50591CC9EF4E
1406	-1136.8 -1289.9 214.053
1407	C8C21709-66EC-F5F1-0193-FCE77BB82B65
1408	-1591.5 240 218
1409	C8C7EB35-B773-11ED-8EE5-B0A460E8079B
1410	0 242.65 0
1411	pf426ed9d0ef4d47c9_auto715
1412	-1072 -1352 215.069
1413	E4E50F1B-1D3F-11EF-8F94-E0D4E87834AC
1414	20BD9690-F402-11ED-8F25-B0A460E8079B
1415	pf796b1ccac34579d9_auto716
1416	9435CF6E-31EF-F82C-4B20-80936006D95E
1417	0DEDB3F3-1D40-11EF-8F94-E0D4E87834AC
1418	0 180.988 0
1419	5936205E-BF4B-11ED-8EF3-B0A460E8079B
1420	498299A4-1326-6690-1BB0-D8F4113471B9
1421	5139B4B0-C0AD-21C8-DBDE-0AC6F6E1D79E
1422	0 55.9939 0
1423	1180.5 1214 70
1424	scriptable_electronics_control_units_02
1425	47349A52-BF4B-11ED-8EF3-B0A460E8079B
1426	-180 202 200
1427	vfx_quarry_haze_indoor_01
1428	3C538860-AC62-11ED-8ED8-B0A460E8079B
1429	D4BAD33F-B773-11ED-8EE5-B0A460E8079B
1430	pf85099e6d1ead021e_auto2108
1431	F23B28F1-7EDA-120A-4E6E-2572A9427FD0
1432	D4BAD3A2-B773-11ED-8EE5-B0A460E8079B
1433	E262A69A-5EAE-F0F6-9CE7-E46C34705FDA
1434	D4092832-6C8D-11EE-959F-68545A904D17
1435	4D9C8AD7-92A8-9164-9E7B-A46976491530
1436	loop_end
1437	4276F321-1201-2780-4996-2FC3247D1A1F
1438	75F5464A-94A9-82FC-2937-851474D70C8F
1439	24A34C8E-465B-05F5-C19B-C0565284911D
1440	D4BAD2EE-B773-11ED-8EE5-B0A460E8079B
1441	C9F7C25C-C1A7-11ED-8EF4-B0A460E80798
1442	D4BAD390-B773-11ED-8EE5-B0A460E8079B
1443	7E1C1A7A-0E72-A6AA-2492-461583284139
1444	pf720c127c7119edab_auto2108
1445	88BDEDFE-1C51-5539-6ED9-63E2691C6962
1446	76B36791-08CE-B29A-993D-15F33DCA8E2E
1447	CEC07B4A-B773-11ED-8EE5-B0A460E8079B
1448	0 54.9936 0
1449	F1F33C5C-760D-11EE-9595-68545AD2D871
1450	64702697-F401-11ED-8F25-B0A460E8079B
1451	532F8197-BF4B-11ED-8EF3-B0A460E8079B
1452	2265.5 2164 420.151
1453	459FB6D4-7615-11EE-9595-68545AD2D871
1454	D4092841-6C8D-11EE-959F-68545A904D17
1455	6A57E32E-6C8D-11EE-959F-68545A904D17
1456	vfx_quarry_dust_falling_flat
1457	20696C22-F023-C277-8472-C03FADB7216B
1458	-1054 1916 104.605
1459	-1008.8 -1417.9 249.062
1460	C8C7EB29-B773-11ED-8EE5-B0A460E8079B
1461	49C7D2BB-6442-274C-1D34-1A8C16A47FBE
1462	47349A9D-BF4B-11ED-8EF3-B0A460E8079B
1463	9422E825-08C3-75FF-CCE4-B3666263C6F7
1464	scriptable_uk_car_body_paint_filler_01
1465	0 213.293 0
1466	EA09072F-EFCF-7AC2-986F-60C417671991
1467	0 269.993 0
1468	278AB1B1-B3A8-F522-2FD4-9E752DB0D623
1469	2FAC42FE-760E-11EE-9595-68545AD2D871
1470	656 -870 272.998
1471	560574D3-FB6F-B3BD-F901-F3D3131D7D94
1472	0 89.9943 0
1473	palfa_infil_exit_12
1474	460E0D9E-6C89-11EE-959F-68545A904D17
1475	C8C7EB47-B773-11ED-8EE5-B0A460E8079B
1476	0 234.988 0
1477	EC13AECE-4F30-603B-4006-B49DC4F00E94
1478	36655930-1D40-11EF-8F94-E0D4E87834AC
1479	BA3EF4F5-0AC6-5C89-BEE1-041AD7066B52
1480	576768A0-6C8D-11EE-959F-68545A904D17
1481	29D9D7B8-F5A3-99BC-4A7E-DE0BAC5C5B64
1482	25B055A0-7611-11EE-9595-68545AD2D871
1483	equipment_box_fan
1484	64295A94-6C8D-11EE-959F-68545A904D17
1485	0B68461A-EEC0-1B2B-F6D5-F6544E2537C9
1486	scriptable_military_ascendertop_heavy
1487	30BA52E6-2906-55D1-E907-8B9332EA17D6
1488	C8C7EB74-B773-11ED-8EE5-B0A460E8079B
1489	jup_infil_shared_movement_run_pre
1490	pfe0adbbe150c41d06_auto10658779104837753356
1491	D753614E-6C8E-11EE-959F-68545A904D17
1492	6470269A-F401-11ED-8F25-B0A460E8079B
1493	4681A42A-D6C2-DF91-399E-325322DCFEAD
1494	5F2DA942-BF4B-11ED-8EF3-B0A460E8079B
1495	1533 3571.5 461.165
1496	j_rope_200
1497	pf16e925b199e24d74_auto2108
1498	86861507-3DF0-4E96-1D18-8BE6F7792516
1499	mp_xfire_spawn_allies_start
1500	pf73d676894cb464e3_auto2108
1501	0 255 0
1502	jup_infil_palfa_rope_fall_left
1503	CADC7AF1-7611-11EE-9595-68545AD2D871
1504	jup_infil_blima_rope_crank_right
1505	6DDCDDEF-A91E-A5C7-92C8-9B3A2BC4A83D
1506	pfccb567264764cc57_auto2108
1507	AEDAF024-7607-11EE-9595-68545AD2D871
1508	135DB8E5-F401-11ED-8F25-B0A460E8079B
1509	scriptables
1510	E5F89833-185B-6CAE-E95F-8C47ABE607A9
1511	facial_infils
1512	57E3F202-7613-11EE-9595-68545AD2D871
1513	1104B9AF-B77F-11ED-8EE5-B0A460E8079B
1514	0 178.987 0
1515	pfb7c4f9d1ce94e191_auto2108
1516	pfc439dc6c3e827852_auto2108
1517	pfa1a771d953de1ac6_auto2108
1518	j_ball_le
1519	j_ball_ri
1520	CEA7CEB0-6C7E-11EE-959F-68545A904D17
1521	0 1.19496 0
1522	373.33 1128.34 102.861
1523	0 44.994 0
1524	-1324.2 757 190.244
1525	7067C333-F40D-11ED-8F25-B0A460E8079B
1526	1874 3222 453.72
1527	-495.5 -908 262
1528	vfx_quarry_steam_vent_dir
1529	11196F26-54C4-5D09-65DF-676C09EE8639
1530	052171A2-388E-29C5-2269-94A1D03B56E9
1531	1460.5 3592 463.125
1532	2B550A0F-7612-11EE-9595-68545AD2D871
1533	6A57E338-6C8D-11EE-959F-68545A904D17
1534	932138EC-EFE0-96C0-65E6-98EDED079F0E
1535	pf3ef740d64e108182_auto716
1536	E3A6E02D-D7DA-BF95-E16A-459B449B6842
1537	708B805D-6C8D-11EE-959F-68545A904D17
1538	C5E20633-3160-C009-9532-1208B0A2386C
1539	0 31.9997 0
1540	242 34 225.6
1541	1328.5 2440 382
1542	-580 3662 452.745
1543	26C25D7E-F402-11ED-8F25-B0A460E8079B
1544	DB349C20-656F-EFE8-DA90-2A1A5531FB29
1545	A85A904B-2F78-20F1-1CC6-C030D0D9D1CD
1546	796EF6BD-AC61-11ED-8ED8-B0A460E8079B
1547	B73C031C-609B-4A65-D770-765C04A6CB8B
1548	0 59.9937 0
1549	800.5 1786 54
1550	pf276bf6caeeaee8cf_auto2108
1551	1532.5 1800 414
1552	0 314.989 0
1553	vfx/jup/level/mp_jup_quarry/vfx_quarry_steaming_ground_02
1554	CEC07BB3-B773-11ED-8EE5-B0A460E8079B
1555	0E9EBDE5-EED8-1C18-22A9-27ADB4D5FE1E
1556	right_70
1557	57415578-D5FA-C744-0AEE-D0D41B779421
1558	4
1559	98D2A1D3-FED9-969C-2304-A6B6B3B8DCB3
1560	pfc57ed190121691ed_auto2108
1561	0 22.992 0
1562	4171EB73-FDE5-0105-63E8-2F46913E0FB8
1563	BF48F57C-9BA0-F54A-5E0B-C42F91939175
1564	5DB89F7E-6C8D-11EE-959F-68545A904D17
1565	D409285F-6C8D-11EE-959F-68545A904D17
1566	2436.5 792 378
1567	-1198 -1296 209.145
1568	D71AC1B0-FF25-FEE0-392E-D6819628BB36
1569	0 270.001 0
1570	pf25796b2b171a6062_auto2108
1571	05A89122-7606-11EE-9595-68545AD2D871
1572	420.5 1676 58
1573	2704.5 1420 410
1574	F0A3A5D2-3760-6F0B-DC8B-2C6217CC21ED
1575	-806 2130 130.489
1576	0 247.993 0
1577	-249.75 3724 442.75
1578	-824 892 197.917
1579	-1008.8 -1417.9 241.062
1580	-485.707 2191.05 181.204
1581	9424D165-3C9B-DB27-7927-F695A360B24B
1582	-1497.5 1986 435.289
1583	0CDD66A5-73D3-08FD-5D6E-92EB22E4D50B
1584	EAE98E50-246A-5CFE-04E9-7BB7F71C8292
1585	DAB3E471-B773-11ED-8EE5-B0A460E8079B
1586	CEC07B38-B773-11ED-8EE5-B0A460E8079B
1587	2666.5 2444 410
1588	-1076 187.5 196
1589	F170C694-E752-661F-70C2-BC117BE580CA
1590	CEC07B74-B773-11ED-8EE5-B0A460E8079B
1591	ACD7B61F-E9BE-2E60-8177-DFB20C67B9C1
1592	179D3D3A-AFC4-8167-C248-FEA34D0ABBC4
1593	9B9A0D00-57F3-C2BB-3A85-3B7168BC4CEB
1594	3C538837-AC62-11ED-8ED8-B0A460E8079B
1595	-987.5 840 198
1596	E48675B4-EDD0-B669-99C0-A10D6B319BD3
1597	06839131-7614-11EE-9595-68545AD2D871
1598	47349A5B-BF4B-11ED-8EF3-B0A460E8079B
1599	1AFACF26-9508-B7EA-6541-0BCB6E4710B3
1600	708B8076-6C8D-11EE-959F-68545A904D17
1601	8DE049A2-1E21-97C3-13F9-B81CD420F711
1602	vfx_quarry_sparks_01_ch
1603	scriptable_equipment_box_fan
1604	-1404.2 949 190.244
1605	080B8B5B-2998-C9DA-58C5-38EA7A21FBC4
1606	47349AA0-BF4B-11ED-8EF3-B0A460E8079B
1607	locked
1608	4D34C61F-BF4B-11ED-8EF3-B0A460E8079B
1609	B0FE9493-7F75-8A75-10FF-DFE79E356E7A
1610	0 2.71198 0
1611	B37CA67F-2E56-B46F-7949-1A221046D95A
1612	ajar_owned
1613	D4BAD3ED-B773-11ED-8EE5-B0A460E8079B
1614	0 98.1945 0
1615	345.06 1071.92 99.59
1616	-1008.8 -1225.9 208.644
1617	F806B302-6C7F-11EE-959F-68545A904D17
1618	200FACC9-760F-11EE-9595-68545AD2D871
1619	A42B2FDD-2D33-BD08-5E3B-80D2988B54AC
1620	C0D19DB0-7604-11EE-9595-68545AD2D871
1621	19FFC907-8DAB-5C1E-FE93-EA639321A8FC
1622	0 129.991 0
1623	4D34C637-BF4B-11ED-8EF3-B0A460E8079B
1624	A114C51D-B77E-11ED-8EE5-B0A460E8079B
1625	CEC07BB0-B773-11ED-8EE5-B0A460E8079B
1626	DAB3E44A-B773-11ED-8EE5-B0A460E8079B
1627	432.5 2372 382
1628	2274 2806 448.248
1629	20BD96AE-F402-11ED-8F25-B0A460E8079B
1630	E6355F88-BF4B-11ED-8EF3-B0A460E8079B
1631	593620AF-BF4B-11ED-8EF3-B0A460E8079B
1632	7930A83E-227A-0494-60C6-4542BA1FA865
1633	A5F9731F-2C24-734D-C138-6322D4BE5215
1634	5B86A73D-6C7F-11EE-959F-68545A904D17
1635	pf61b689f36b973945_auto2108
1636	0 312.287 0
1637	2704.5 1520 410
1638	6DB8D82E-31C7-CA99-1754-D4DAB1ED9953
1639	fingers_out_start_right_hand
1640	82E907D6-3E3B-2ABF-56E9-87BA3EF1D2FB
1641	7AE416C1-30D0-DAFB-0739-C9DBC6DD0263
1642	DAB3E4A4-B773-11ED-8EE5-B0A460E8079B
1643	0FE2C37E-8235-2942-41AD-8115C6DE9380
1644	348145D2-C362-280F-01EF-E6339AC7B3AC
1645	0 309.993 0
1646	0 300.992 0
1647	02862352-A6E6-11ED-8ED1-B0A460E8079B
1648	B8590DD7-B513-0959-32D3-1479E3AE1785
1649	-687.5 824 198
1650	7067C336-F40D-11ED-8F25-B0A460E8079B
1651	1522E03A-6B3A-11ED-8E9E-B0A460E8079B
1652	0 316.993 0
1653	pf763a3aef2a72fd8d_auto2108
1654	DD9FB955-DD1E-39F6-10AC-C01D9C06079B
1655	0 246.335 0
1656	-1010 1567.75 142
1657	C548DFAD-6C8B-11EE-959F-68545A904D17
1658	6A39C004-6C89-11EE-959F-68545A904D17
1659	vfx_quarry_falling_rocks_spot_ch
1660	4592BA70-B98A-4AF0-0BDE-76B5A1E1BF30
1661	545302CD-6C17-74E4-795C-5B5BBB4EA2A1
1662	CEC07B20-B773-11ED-8EE5-B0A460E8079B
1663	616.5 3260 422
1664	3C6047D6-5FB4-1EEC-04C6-DDCA541E4C7C
1665	34463659-7605-11EE-9595-68545AD2D871
1666	7C9703FE-6C8C-11EE-959F-68545A904D17
1667	0 32.7009 0
1668	pf30018061911e193b_auto715
1669	2368.5 1328 410
1670	palfa_infil_intro_13
1671	F9A688D0-E244-746F-BE17-2DA3EC84BA43
1672	9F2F353A-B8E8-725F-C270-0D59EA086DEB
1673	736 3358 393.506
1674	0 27.9931 0
1675	112E6CC7-5005-CC3E-1D5F-ACC66706B6C6
1676	-1070 -1292 212
1677	1846941C-7614-11EE-9595-68545AD2D871
1678	DAB3E45F-B773-11ED-8EE5-B0A460E8079B
1679	1844.5 2660 410
1680	172CC393-4577-9273-1D73-968D40AE7FC2
1681	mp_sd_spawn_defender
1682	CEEFCE7B-81C5-B2CD-C199-416D31C0055E
1683	snakecam
1684	0 22.7118 0
1685	C2BADB8E-9E3E-1C4E-F700-072B80D58200
1686	2446.3 1472.8 400.389
1687	vfx/jup/level/mp_jup_quarry/vfx_quarry_dust_falling_flat
1688	CEC07B44-B773-11ED-8EE5-B0A460E8079B
1689	935DEB65-976A-D764-7700-CAA2CEDF0739
1690	FFB23DDA-0C8C-E0BD-4FA3-62BEE0EF7A3D
1691	532F8200-BF4B-11ED-8EF3-B0A460E8079B
1692	-138 -498 400
1693	194A1E71-0690-86BD-5688-EAC0466D7884
1694	5353B4B6-16A5-B816-FAFC-61919D3DB61E
1695	-1133.1 -1291.4 209.042
1696	0 272 0
1697	pf246756021ffd6b2c_auto2108
1698	fully_open_unusable
1699	9411AE85-B699-11ED-8EE4-B0A460E8079B
1700	6AA5ADEB-7905-11EE-95A8-68545A904D17
1701	15D26F0D-5921-88EE-D248-09DFCEE3C0DF
1702	AF6A6B27-CCB9-6EF1-AC31-C36E5EC4B80C
1703	0 268.993 0
1704	infil_blima_6
1705	0 4.9857 0
1706	268.5 -980 279.257
1707	2286.5 2846 446.613
1708	vfx/jup/level/mp_jup_quarry/vfx_quarry_debris_blowing_dir
1709	84467370-6C7E-11EE-959F-68545A904D17
1710	-651.5 3392 439.75
1711	48289236-1DD9-11EF-8F95-E0D4E87834AC
1712	A558332F-B6E2-6CBB-7F78-88E17A0801BC
1713	1CE4F8B5-C5E4-F01F-92C3-CF98CA9F6B8A
1714	4D34C6C1-BF4B-11ED-8EF3-B0A460E8079B
1715	D4BAD351-B773-11ED-8EE5-B0A460E8079B
1716	27B4E005-760F-11EE-9595-68545AD2D871
1717	46BDF9D7-582B-F47A-EF1A-D7EAD2BF6C9F
1718	-946 -588.5 196
1719	D409282D-6C8D-11EE-959F-68545A904D17
1720	7067C33F-F40D-11ED-8F25-B0A460E8079B
1721	0 63.3962 0
1722	5DB89F6F-6C8D-11EE-959F-68545A904D17
1723	ladder_up
1724	-319.5 -908 254
1725	pf201ff72330f7b312_auto2108
1726	pf4163ae0d00df763e_auto715
1727	CEC07AAE-B773-11ED-8EE5-B0A460E8079B
1728	j_wrist_ri
1729	532F81FD-BF4B-11ED-8EF3-B0A460E8079B
1730	35849D80-13DF-0857-06F6-6E2967F99578
1731	90E957F9-DA82-9CEC-CFD9-5654AD9A3AF2
1732	26 -922.5 276.486
1733	vfx_quarry_birds_circling
1734	8297CF82-1DD9-11EF-8F95-E0D4E87834AC
1735	593620D6-BF4B-11ED-8EF3-B0A460E8079B
1736	pfebdd2e8c618702e1_auto2108
1737	B758223F-AC81-11ED-8ED8-B0A460E8079B
1738	3C53885A-AC62-11ED-8ED8-B0A460E8079B
1739	593620E5-BF4B-11ED-8EF3-B0A460E8079B
1740	1199 2565.5 411.5
1741	CEC07B50-B773-11ED-8EE5-B0A460E8079B
1742	D4BAD318-B773-11ED-8EE5-B0A460E8079B
1743	16B7C977-C637-6045-26BA-1FAC9EE049A3
1744	B79546E8-7613-11EE-9595-68545AD2D871
1745	-120 136 195.5
1746	0 300.993 0
1747	0 179.995 0
1748	E1EE1871-83DE-34E2-54F3-5CFF0A2586D5
1749	64295A67-6C8D-11EE-959F-68545A904D17
1750	58E843B6-70F8-1934-02DC-D835EDD20267
1751	4A87E69F-6C7E-11EE-959F-68545A904D17
1752	D4BAD3E4-B773-11ED-8EE5-B0A460E8079B
1753	2586.05 1600.8 407.639
1754	060E4327-8DCF-B15E-A611-375B17099A79
1755	D4BAD3B7-B773-11ED-8EE5-B0A460E8079B
1756	EB9599B8-FC46-2A78-B4E3-D4B78CAFD55A
1757	0 76.6953 0
1758	6CE0BCED-6325-60E9-7BAD-E21D9E84CB18
1759	7B4633BD-D3C0-7536-B93D-14B22029CF4C
1760	pf9792e21147c312d7_auto2108
1761	19822A76-778D-DBC4-3DDD-D02154E3D260
1762	E4E50F16-1D3F-11EF-8F94-E0D4E87834AC
1763	pf7dc5d8069aebe19b_auto2108
1764	98868EE4-2A5A-BD66-7626-DC97921A3E87
1765	3ACA040D-243A-7BAB-C58F-B52481F6E9F2
1766	64295A8A-6C8D-11EE-959F-68545A904D17
1767	337FAF59-B6F0-057D-E51C-C6E0D2F4FC3D
1768	42825747-0B75-5386-01AB-CDA5B9F637DA
1769	pfb7ef107ea9d199ab_auto2108
1770	78C2DFD7-B784-11ED-8EE5-B0A460E8079B
1771	9DDF988F-7905-11EE-95A8-68545A904D17
1772	496 -230.5 214.502
1773	348.98 2692.35 411.175
1774	palfa_infil_intro_12
1775	CEC07AEA-B773-11ED-8EE5-B0A460E8079B
1776	98E09980-BAE0-2ADC-91E4-68001E4FD4AF
1777	-712 840.5 205.148
1778	4D34C658-BF4B-11ED-8EF3-B0A460E8079B
1779	2572 1996 416
1780	532F8191-BF4B-11ED-8EF3-B0A460E8079B
1781	1F6EDF9D-6C7F-11EE-959F-68545A904D17
1782	D4BAD35D-B773-11ED-8EE5-B0A460E8079B
1783	CEC07B56-B773-11ED-8EE5-B0A460E8079B
1784	71C3BFE9-6C8B-11EE-959F-68545A904D17
1785	708B8067-6C8D-11EE-959F-68545A904D17
1786	4D34C66A-BF4B-11ED-8EF3-B0A460E8079B
1787	pfe8d7a443d518eb97_auto2108
1788	-87.5 -768 254
1789	576768B9-6C8D-11EE-959F-68545A904D17
1790	mp_koth_spawn
1791	D4BAD387-B773-11ED-8EE5-B0A460E8079B
1792	784F79D3-C324-4591-A330-D7CBDA3A1963
1793	148.5 1142 62
1794	47349A7F-BF4B-11ED-8EF3-B0A460E8079B
1795	688 -742 256.209
1796	-491.5 1008 218
1797	504AAC19-BC20-5EA6-2328-855DE0272BC6
1798	pfa75d4fb17a56c9bd_auto2108
1799	8DCE9758-B699-11ED-8EE4-B0A460E8079B
1800	7A9EA04A-6D5B-931F-4294-0A5B15C20E5B
1801	0 344.991 0
1802	pf6abc8cbfe908225a_auto2108
1803	0 299.989 0
1804	5DB89FB0-6C8D-11EE-959F-68545A904D17
1805	56B102E8-3A74-23B5-A067-412AA42BF379
1806	7B21AEC8-FC7C-A56C-8E41-B51D74A10F19
1807	equip_nvg
1808	2552 1472 408
1809	5DB89F9C-6C8D-11EE-959F-68545A904D17
1810	1045.5 2438 392
1811	C05102F2-7605-11EE-9595-68545AD2D871
1812	D4BAD30C-B773-11ED-8EE5-B0A460E8079B
1813	9DDF9880-7905-11EE-95A8-68545A904D17
1814	pfd62781efebe67b14_auto2108
1815	D4BAD39F-B773-11ED-8EE5-B0A460E8079B
1816	kitchen_metal_cup_stack_01
1817	0 318.963 0
1818	pf5ecb24d187168841_auto715
1819	04B23FBF-6067-6A4A-0A0D-461FAD3CB191
1820	532F81EB-BF4B-11ED-8EF3-B0A460E8079B
1821	0 129.993 0
1822	partially_opening_unusable
1823	2054.2 -1586.8 -406
1824	pf5523e9444e9eadeb_auto2108
1825	2152 2904 436.32
1826	-407.5 3420 430
1827	8EFCA5C8-0AB2-EBF6-D36D-F788A0CE6B74
1828	5F2DA990-BF4B-11ED-8EF3-B0A460E8079B
1829	708B8062-6C8D-11EE-959F-68545A904D17
1830	328.5 2428 386
1831	pfc2ca17a3cf2db480_auto715
1832	use
1833	D409281E-6C8D-11EE-959F-68545A904D17
1834	255.25 3610.5 415.409
1835	9513D193-B481-4A8A-2F43-67B16CD6C2AE
1836	pf5f3ccebf40c8284f_auto2108
1837	0 344.712 0
1838	2624 1720 416
1839	6FF8F07E-CD5B-504E-01C6-07A0BCB70ECE
1840	324.5 836 134
1841	EB8D222F-0397-11EE-8F30-B0A460E8079B
1842	CE7B5EDD-8A3D-5489-F57D-D1F000B81BCE
1843	pfe2a15bf40581b444_auto2108
1844	888.7 3429.2 403.175
1845	2977.9 -2278.2 -406
1846	0 348.712 0
1847	pfc3ff1330d9178a90_auto715
1848	0 179.996 0
1849	0 179.994 0
1850	D205F4E5-5AE5-3E36-0347-02B154F2E707
1851	geo_frag_a_004
1852	532F816A-BF4B-11ED-8EF3-B0A460E8079B
1853	1772 1772 406.159
1854	79AD667C-A200-9BEA-A40C-ED023056BC11
1855	64117189-760F-11EE-9595-68545AD2D871
1856	pf796cf25d82a0cf1c_auto2108
1857	57676873-6C8D-11EE-959F-68545A904D17
1858	-1512 130 218.189
1859	EA0A028B-7604-11EE-9595-68545AD2D871
1860	29DCB9BF-6C8F-11EE-959F-68545A904D17
1861	pf2c2cb946ca81d93b_auto2108
1862	-1200 -1352 220.924
1863	868.5 -904 303.503
1864	CFB5E080-FCD3-B583-C2F0-B0C170745D53
1865	1900 -252 362.967
1866	me_kitchen_coffee_bag_01
1867	CEC07ADE-B773-11ED-8EE5-B0A460E8079B
1868	-1134 -1290 205.586
1869	pf6f9e9fb4b057b1ce_auto2108
1870	739752F4-B956-D52D-994D-E59AFF174807
1871	pfd4be75bfa34fc7b0_auto716
1872	A3407F56-F878-3E1E-C4F0-5472F4424166
1873	-651.5 3280 439.75
1874	708B8099-6C8D-11EE-959F-68545A904D17
1875	0 4.00966 0
1876	70BE0242-EED4-B161-FE93-BAAF33A1AD61
1877	B30A8371-6C7E-11EE-959F-68545A904D17
1878	67ACE6EF-69BA-9A42-637C-897C8DF5C1C4
1879	7C7624D4-315C-5144-83F6-ED22E772DCAC
1880	0 211.999 0
1881	CEC07B26-B773-11ED-8EE5-B0A460E8079B
1882	palfa_infil_intro_15
1883	pfc975da1d93fb9cea_auto2108
1884	-1006 -1354 230.321
1885	palfa_infil_intro_0
1886	D24AAB08-D646-8E49-3FEC-0ED9C29F6222
1887	59362085-BF4B-11ED-8EF3-B0A460E8079B
1888	1844.5 2660 418
1889	892 3624 410.747
1890	4DFAB5A5-D96F-63A3-829D-B35DF92770EB
1891	EED5A87B-F85E-7CB7-424B-95EA607C7FCE
1892	0B56F713-1DD9-11EF-8F95-E0D4E87834AC
1893	B4D58B54-C36A-2773-A250-04CFF1E58B5F
1894	0 257.999 0
1895	2D81DDD1-54DC-4975-54B0-B62D5D086633
1896	8D7A5518-A65B-C942-F048-DD021DB639A0
1897	2030.5 2864 418
1898	pfec3c80f64bf3e835_auto2108
1899	CEC07AB1-B773-11ED-8EE5-B0A460E8079B
1900	pf84e87e84f49fd0a3_auto2108
1901	uk_gas_tank_thin_cylinder_static
1902	26C25D7B-F402-11ED-8F25-B0A460E8079B
1903	0 54.3342 0
1904	B9CC90B6-5F88-11ED-9262-B0A460E8079B
1905	48EB46FE-11D6-2620-2FE1-0C723FF65EA9
1906	33A0522F-A123-1772-4B84-9B1605C233ED
1907	0 270 0
1908	1846940B-7614-11EE-9595-68545AD2D871
1909	1865.5 2160 413.179
1910	-1229.5 -1296 256.672
1911	playerasm_patch_mp_infil_palfa
1912	CEC07B71-B773-11ED-8EE5-B0A460E8079B
1913	pff888c4c82bbe0428_auto716
1914	EDA91878-C189-1C3C-B38B-7DFDAE1F46A3
1915	-507.5 1624 194
1916	D4092846-6C8D-11EE-959F-68545A904D17
1917	84AFB68C-40C2-17F3-BDBB-70314365870C
1918	5936207F-BF4B-11ED-8EF3-B0A460E8079B
1919	293CD911-70D9-C7D9-DA5F-90826CB3B2A2
1920	vfx_quarry_cloth_sm_01
1921	mp_dd_spawn_defender_start
1922	0 279.993 0
1923	EC475089-7606-11EE-9595-68545AD2D871
1924	2664 2394 416
1925	2040.5 3524 457
1926	1634ABEB-8732-80E1-13E0-B87B699FE042
1927	0 141.993 0
1928	0 114.999 0
1929	vfx_quarry_blowing_sand_mid_directed
1930	708B8071-6C8D-11EE-959F-68545A904D17
1931	6AA6F9EC-AA1C-521F-DED6-17328D957FEB
1932	vfx/jup/level/mp_jup_quarry/vfx_quarry_trash_drift
1933	-1070 -1356 224
1934	AAE5A90D-6055-11ED-8E8E-B0A460E8079B
1935	67470679-7610-11EE-9595-68545AD2D871
1936	-506.75 -881.5 264
1937	scriptable_tool_screwdriver_01
1938	43A0276A-DF3E-4D7D-6D1C-8041C7A544A2
1939	6342D7B9-6C7E-11EE-959F-68545A904D17
1940	532F818E-BF4B-11ED-8EF3-B0A460E8079B
1941	fingers_in_start_left_hand
1942	57AAFA53-CFD4-7AAC-76A5-B2BB20DD3B9D
1943	CEC07B86-B773-11ED-8EE5-B0A460E8079B
1944	pf9769369847517533_auto2108
1945	790A48D2-86FA-E9B2-1D50-27FF2738E041
1946	2396 1184.5 418.27
1947	CB2AC9A7-B699-11ED-8EE4-B0A460E8079B
1948	00F3A065-4A60-D65A-43BB-301686BCE361
1949	pff8be9513071623b9_auto716
1950	C0B39A8C-9EA9-ADB2-5EAA-C980E692FF52
1951	F7203C9A-6C8B-11EE-959F-68545A904D17
1952	BA11E26D-C98A-1001-BD6D-DD902DD07A50
1953	0 359.855 0
1954	4666FDD9-3A0B-A33C-BFBF-1E4F2B29DAFF
1955	-553.5 3494 438.959
1956	pf51a172e816af5407_auto2108
1957	D0C3AB31-5B79-EF5E-DC34-3E0F525D7E26
1958	mp_control_spawn_defender
1959	-997.5 346 200.834
1960	pf25c23c82ae2e70e4_auto716
1961	0 72.3344 0
1962	59362100-BF4B-11ED-8EF3-B0A460E8079B
1963	5E71F35B-F401-11ED-8F25-B0A460E8079B
1964	cache_school_locker_b
1965	DAB3E465-B773-11ED-8EE5-B0A460E8079B
1966	CBA6D868-6C8E-11EE-959F-68545A904D17
1967	-1011.07 1851.5 119.368
1968	57676891-6C8D-11EE-959F-68545A904D17
1969	8209BACD-859F-8E49-2871-CB5A2828C52E
1970	pf9c76beaf2fc3b803_auto2108
1971	19696ED0-A6E6-11ED-8ED1-B0A460E8079B
1972	59362106-BF4B-11ED-8EF3-B0A460E8079B
1973	436ED9F0-EA6A-2622-1FF8-7E5E1578DA60
1974	pf6436eb4331b46227_auto2108
1975	pfe0adbbe150c41d06_1
1976	9299B249-7607-11EE-9595-68545AD2D871
1977	C9F5AECE-2687-3D9B-2B85-89CE3BF2DB5E
1978	CEF8C988-760E-11EE-9595-68545AD2D871
1979	0 1.99899 0
1980	2526.3 1536.8 400.389
1981	D409284B-6C8D-11EE-959F-68545A904D17
1982	vfx/jup/killstreak/vfx_ks_emp_sparks
1983	mp_warrior_spawn_axis_start_ds
1984	0 248.993 0
1985	6DB06C00-E400-C63F-7837-D328A3217634
1986	D3869268-D014-711D-6859-4A4354B0A018
1987	23A22321-7A17-2755-E0FE-CCC5B275CB56
1988	2592.5 1860 410
1989	7067C32A-F40D-11ED-8F25-B0A460E8079B
1990	0 284.991 0
1991	B82C6648-79DF-4024-561F-41030E1B7B63
1992	CEC07B08-B773-11ED-8EE5-B0A460E8079B
1993	CEC07B59-B773-11ED-8EE5-B0A460E8079B
1994	vfx/jup/level/mp_jup_quarry/vfx_quarry_dust_move_slow
1995	681DCDE5-6FFF-212E-B616-6F2D96292DC9
1996	-1134 -1360 208.497
1997	pf776c262e820a3646_auto2108
1998	59362058-BF4B-11ED-8EF3-B0A460E8079B
1999	2947B44A-6C7E-11EE-959F-68545A904D17
2000	pf6b39c129e13a1e45_auto2108
2001	0870955A-6937-A799-5403-59096706AFE1
2002	6258B677-5B20-2CCB-844A-C5BEDE8BDA92
2003	47349A55-BF4B-11ED-8EF3-B0A460E8079B
2004	23194FEA-6C7E-11EE-959F-68545A904D17
2005	C8C7EB71-B773-11ED-8EE5-B0A460E8079B
2006	514.5 3660 416.512
2007	pf27044c7df4d67fd_auto2108
2008	510248FB-D2E9-A163-2C14-2137396339C7
2009	pf41e6c060fca3fe78_auto2108
2010	135DB8DC-F401-11ED-8F25-B0A460E8079B
2011	-535.5 -880 386
2012	4E6F6ACE-2E3E-5953-FE84-402E1349D537
2013	40CEF36A-5C3C-D17A-062B-853FC7590112
2014	pfdaa4fd541ac57889_auto716
2015	1328.5 2236 382
2016	ED1DC931-7460-A458-92FC-7B6C6572AD4E
2017	146C9EC2-77B7-F628-315D-91C466D79A44
2018	CEC07AA2-B773-11ED-8EE5-B0A460E8079B
2019	pf866da59722e79d70_auto2108
2020	metal_chain_01_hanging_arc
2021	0 83.9928 0
2022	AB8045E2-A2AB-03F3-50A1-4094F307E421
2023	4D34C622-BF4B-11ED-8EF3-B0A460E8079B
2024	36 -622.5 294.605
2025	3EF5D654-6B9F-4A34-856F-8D1E87FD0F1E
2026	0 204.993 0
2027	0 265 0
2028	900 3378 393
2029	532F815B-BF4B-11ED-8EF3-B0A460E8079B
2030	320E2DFA-D67E-CB01-4508-5C9E61760065
2031	802FBA1D-B7BD-A518-F390-6E375B827AFA
2032	ADB5A05C-BF9F-5D87-D824-1818E4D9BEDB
2033	10F9F8A8-F940-15F9-DE0E-F6376E1203A4
2034	5F2DA987-BF4B-11ED-8EF3-B0A460E8079B
2035	593620F7-BF4B-11ED-8EF3-B0A460E8079B
2036	DAB3E47D-B773-11ED-8EE5-B0A460E8079B
2037	0 345.999 0
2038	-1336.5 -214 194
2039	54D934E8-B449-FE74-54E3-CC6A4EC08727
2040	E1113ED6-4A7F-85E5-0680-CFDEE02131AE
2041	left_30
2042	left_70
2043	68BA1B6F-7B80-5E94-7ED4-D672DCD67BCE
2044	7834E31A-37D9-8315-F744-DADACC552EEB
2045	352086A2-6B3A-11ED-8E9E-B0A460E8079B
2046	-1013.5 2108 92
2047	0 141.001 0
2048	0 226.993 0
2049	0 266.993 0
2050	0 346 0
2051	397.5 426 265
2052	A38478BF-399E-69C0-6678-84B10A8D38D2
2053	5F2DA98A-BF4B-11ED-8EF3-B0A460E8079B
2054	125044DB-6C7F-11EE-959F-68545A904D17
2055	1C1C9D11-F54B-CFE7-FEF6-76014B9218C4
2056	pff18be684869886a5_auto2108
2057	-500 -376 259.195
2058	-1008 -1416 237.072
2059	pf259e7dbf2886fc6_auto2108
2060	0 89.9998 0
2061	DD6EA21B-6C89-11EE-959F-68545A904D17
2062	D4BAD363-B773-11ED-8EE5-B0A460E8079B
2063	47349A94-BF4B-11ED-8EF3-B0A460E8079B
2064	F1A584A6-7477-B53E-D434-A904CE289EA0
2065	0BF1F1E2-430D-9912-8010-B630D609DAED
2066	j_wrist_le
2067	pf12c64175c393eeb5_auto716
2068	708B806C-6C8D-11EE-959F-68545A904D17
2069	1940.5 2648 418
2070	-476.75 3380.5 432
2071	pffe5936aed2bb0508_auto715
2072	4D34C60A-BF4B-11ED-8EF3-B0A460E8079B
2073	539A7A36-549B-4E4C-BCFE-E5A6E005C24C
2074	CEC07B1D-B773-11ED-8EE5-B0A460E8079B
2075	0 1.82522 0
2076	334 -980.5 290.552
2077	1328.5 2316 382
2078	mp_dd_spawn_attacker
2079	uk_yellow_component_bin_filled_01
2080	-395.5 -908 254
2081	A57492FA-B698-382D-9A6C-2154D3C2F778
2082	00DB5135-90D6-B808-ED26-C82C28FDD4E1
2083	A114C51A-B77E-11ED-8EE5-B0A460E8079B
2084	CEC07B7D-B773-11ED-8EE5-B0A460E8079B
2085	pf19b3d45f0dd43602_auto2108
2086	532F81C7-BF4B-11ED-8EF3-B0A460E8079B
2087	-887.5 2152 126
2088	geo_frag_a_005
2089	BA6934F0-E150-D5F1-2D2C-93A59824A54D
2090	47349A6A-BF4B-11ED-8EF3-B0A460E8079B
2091	2140.5 404 350
2092	0336DF00-B69F-11ED-8EE4-B0A460E8079B
2093	0 176.992 0
2094	4D34C670-BF4B-11ED-8EF3-B0A460E8079B
2095	pfdf596353593c15a9_auto2108
2096	1661.5 2870 431.444
2097	5DB89F97-6C8D-11EE-959F-68545A904D17
2098	metal_chain_01_locked
2099	0 199.986 0
2100	5936210C-BF4B-11ED-8EF3-B0A460E8079B
2101	CB31B36A-657E-6300-E516-C5127D7A6ECD
2102	878 -926.5 312.334
2103	pfb9fb720effc7a98_auto2108
2104	1329.5 3440 451.5
2105	C7EEE7D2-CA4B-6969-9553-91DB7D12D970
2106	576768BE-6C8D-11EE-959F-68545A904D17
2107	2390 1194 417.364
2108	CB794971-737C-7079-89EF-0B7BC5F3CAED
2109	5AED0666-9317-3C27-99C8-5FD0C5325602
2110	mp_cyber_spawn_allies
2111	1522E07D-6B3A-11ED-8E9E-B0A460E8079B
2112	784 -870 279.612
2113	C9FC3A47-3361-B376-5287-33DC59FAA5C6
2114	palfa_infil_intro_14
2115	AC82ADA7-B60E-F20E-BF78-7530C73AA224
2116	-1079.5 64 207.097
2117	palfa_infil_intro_1
2118	5DB89FA1-6C8D-11EE-959F-68545A904D17
2119	CEC07B8C-B773-11ED-8EE5-B0A460E8079B
2120	E11EB65E-6C73-5FB9-5927-57EF94AC0491
2121	10D57339-963A-FB6B-9F06-639146B8CA92
2122	vfx_quarry_leaves_falling_olive
2123	89945925-1417-EE38-8C55-127F97CD3F00
2124	-342.076 1844.88 154
2125	-567.5 3234 438.959
2126	7A7BF65B-5B21-2ED5-08B0-BE5CC0D4CA66
2127	BFBC4FDB-BAF7-6F75-E6B4-C01EC5522B91
2128	AA9A982C-858B-413E-3FD8-334B8D1D78F9
2129	CEC07AFF-B773-11ED-8EE5-B0A460E8079B
2130	scriptable_cp_disco_pizza_box_open
2131	CB142125-EB02-3E8A-050E-DB5908FF7D67
2132	-1131.5 2018 94
2133	pfcc6021de447b0738_auto2108
2134	0 267.052 0
2135	6A57E31F-6C8D-11EE-959F-68545A904D17
2136	7024C836-E92F-48BB-AED7-4290D5706DD3
2137	59362112-BF4B-11ED-8EF3-B0A460E8079B
2138	7D72BBBF-D1AC-11C2-2F3F-25B92207B330
2139	74286BBE-BDBE-31E0-AE0E-511F7E501E8E
2140	2616 1368 401.488
2141	0 49.9947 0
2142	-1136 -1352 211.017
2143	-1161.12 2643.79 457.426
2144	chair_folding_folded
2145	0 2.99389 0
2146	532F81B2-BF4B-11ED-8EF3-B0A460E8079B
2147	992C6473-6C89-11EE-959F-68545A904D17
2148	AC9D370E-B5FC-1A2D-D7BD-76E7D6F6A59C
2149	pf48ce00cd5a84b838_auto4
2150	881A1D94-760D-11EE-9595-68545AD2D871
2151	FD1CB85F-A363-2FEB-FF4D-8009390C299A
2152	BAD9E27A-86FD-5744-2B0B-967AC3AC58EB
2153	1A7F8DBE-F402-11ED-8F25-B0A460E8079B
2154	mp_warrior_spawn_team_three_start_ds
2155	mp_tdm_spawn_secondary
2156	3FFE88D4-7029-9387-95FB-8364EA0DA00A
2157	77CDA835-29BE-9125-625A-D6A34C71D394
2158	712BC0D3-B642-0AEF-BB5E-DEE9735A116E
2159	10A4048F-6C80-11EE-959F-68545A904D17
2160	-888.75 2884.5 465.997
2161	pf1173beda0f043b6f_auto2108
2162	pfce25e20796f1a07f_auto2108
2163	15693421-0434-42AB-A944-7F79469312E0
2164	CEC07ACC-B773-11ED-8EE5-B0A460E8079B
2165	4.5 3340 430
2166	8DCE9752-B699-11ED-8EE4-B0A460E8079B
2167	F856B225-F2BD-2448-FDA9-07776D673573
2168	2606.3 1408.8 400.389
2169	-1503.5 -616 218
2170	328.5 2428 394
2171	pfc2ca17a3cf2db480_auto716
2172	0 134.998 0
2173	0 134.996 0
2174	7D7119DE-1826-674F-D193-38A8DF81CE24
2175	180.5 -980 279.453
2176	DD07BD96-6C8B-11EE-959F-68545A904D17
2177	pf881f562dbf63ca09_auto716
2178	5F2DA993-BF4B-11ED-8EF3-B0A460E8079B
2179	64295A4E-6C8D-11EE-959F-68545A904D17
2180	2586 1616 410
2181	78C2DFE6-B784-11ED-8EE5-B0A460E8079B
2182	vfx/jup/level/mp_jup_quarry/vfx_quarry_haze_indoor_02
2183	EF38E8BA-BC99-2403-99F0-9CAFFD1EDA37
2184	AAE5A958-6055-11ED-8E8E-B0A460E8079B
2185	pf2fbc9af91260829c_auto2108
2186	576768AF-6C8D-11EE-959F-68545A904D17
2187	0 180.799 0
2188	9427F532-DF35-A841-70F4-620052E0ECB7
2189	0 33.9939 0
2190	pfc3ff1330d9178a90_auto716
2191	730 3554 395.666
2192	0 179.997 0
2193	-1006 -1292 212
2194	geo_frag_a_003
2195	5767688C-6C8D-11EE-959F-68545A904D17
2196	mp_dd_spawn_defender_a
2197	468AE695-263C-B6B3-2DD4-695B6E860B28
2198	vfx/jup/level/mp_jup_quarry/vfx_quarry_blowing_sand_mid_directed_ch
2199	pf58a63a5a4dc6b918_auto2108
2200	4D34C649-BF4B-11ED-8EF3-B0A460E8079B
2201	5F2DA98D-BF4B-11ED-8EF3-B0A460E8079B
2202	scriptable_scriptable_door_metal_panel_01_mp_hero
2203	1741.21 1789.3 405.5
2204	FF125155-5B80-FCA2-3747-48989C0B70E8
2205	pfe2fcf5ce30ba0b19_auto2108
2206	0 337.993 0
2207	0 337.999 0
2208	20BD96B7-F402-11ED-8F25-B0A460E8079B
2209	0 84.3344 0
2210	pfd12641941725a07d_auto4
2211	03F0C28E-8EE0-536E-FAAC-AEDA41FAD82D
2212	1046.5 3238 430.809
2213	67EE978E-C1A7-11ED-8EF4-B0A460E80798
2214	65A3DB2C-A256-CCA7-0344-1BB38D1842C7
2215	0 267.999 0
2216	palfa_infil_intro_16
2217	2672.5 2232 410
2218	D4BAD381-B773-11ED-8EE5-B0A460E8079B
2219	-1198 -1418 238.152
2220	5DB89F8D-6C8D-11EE-959F-68545A904D17
2221	800 3480 407.286
2222	CB7EA4E8-7612-11EE-9595-68545AD2D871
2223	0 160.999 0
2224	3C538857-AC62-11ED-8ED8-B0A460E8079B
2225	0 311.999 0
2226	498F1E02-D8EA-9D79-1080-AE29BFE8BCCE
2227	pf7caf1ae656742948_auto2108
2228	-832 136 195.5
2229	1005.5 164 190.499
2230	vfx_quarry_sunflare
2231	D33CF190-6C8C-11EE-959F-68545A904D17
2232	0 174.998 0
2233	4D34C676-BF4B-11ED-8EF3-B0A460E8079B
2234	AC6317F8-C0DE-B704-5E74-453D6CECD9AF
2235	mp_dd_spawn_attacker_a
2236	8BD65A83-FFBF-4DFA-12AC-CA37292A3FB8
2237	532F8155-BF4B-11ED-8EF3-B0A460E8079B
2238	260.727 848.949 150
2239	0 275 0
2240	vfx_quarry_blowing_sand_ground_volume
2241	traverse
2242	013097FF-E10C-E475-9D1D-93BBDE5734C3
2243	D8BE1229-FAB9-EB1C-D86B-B8CE0F71B927
2244	nav_door
2245	auto_mp_jup_quarry_cfx.map
2246	5F2DA999-BF4B-11ED-8EF3-B0A460E8079B
2247	pff888c4c82bbe0428_auto715
2248	scriptable_metal_chain_01_draped_dyn
2249	0 2.99398 0
2250	0 272.423 0
2251	-923.5 1724 118
2252	82D227FB-E94D-28F4-D3B0-EAF42F36EAAF
2253	pf720852b3d8db8a43_auto2108
2254	C526CC52-A4DB-BC86-9383-C23620856841
2255	1A7F8DAF-F402-11ED-8F25-B0A460E8079B
2256	1A4BE30E-BCBC-A760-53FE-498B20E90FA2
2257	92B89BB6-462B-EA9D-535D-B8D8B7D731B0
2258	3F41CB40-7A5C-787E-1B33-B166BCADF158
2259	D4BAD2E5-B773-11ED-8EE5-B0A460E8079B
2260	1291.5 2440 392
2261	pf92284adcae9a168f_auto716
2262	2040.5 3524 465
2263	A5093B50-A0C3-11BB-6FAB-7A17E9E57A49
2264	532F816D-BF4B-11ED-8EF3-B0A460E8079B
2265	0 80.3344 0
2266	0 220.693 0
2267	D4BAD3CF-B773-11ED-8EE5-B0A460E8079B
2268	3EE86B8D-1052-572E-80EE-E72D2E901539
2269	1900.5 1660 414
2270	47349A97-BF4B-11ED-8EF3-B0A460E8079B
2271	pf796b1ccac34579d9_auto715
2272	630 3204 434.725
2273	B3DCEE6D-6F42-FC0C-55BA-278790E25B29
2274	C304210D-266B-6404-0417-9D1F5766CF63
2275	708B808F-6C8D-11EE-959F-68545A904D17
2276	552E32E0-C936-21E1-B7A3-B442FA4F3C95
2277	0 92.3344 0
2278	0 334.986 0
2279	189E8EE1-EA28-0B8A-CC9B-84D3DF960487
2280	20BD96A5-F402-11ED-8F25-B0A460E8079B
2281	-32 3670 440.669
2282	593620C4-BF4B-11ED-8EF3-B0A460E8079B
2283	DAB3E429-B773-11ED-8EE5-B0A460E8079B
2284	532F81D9-BF4B-11ED-8EF3-B0A460E8079B
2285	prefabs/createfx/mp_sealion/misc_models/veh8_ind_lnd_buniform_static_cfx.map
2286	6AA5ADD7-7905-11EE-95A8-68545A904D17
2287	DAB3E42C-B773-11ED-8EE5-B0A460E8079B
2288	711EE01D-4A23-BD70-4CB9-210566968E6B
2289	bash_right_90
2290	508.5 2976 410.024
2291	593620B5-BF4B-11ED-8EF3-B0A460E8079B
2292	0 321.993 0
2293	532F8161-BF4B-11ED-8EF3-B0A460E8079B
2294	528 -806 255.513
2295	C5642750-1B55-4A01-BC80-72B6193F51C6
2296	pfb446f6ccfab56f59_auto715
2297	CEC07B7A-B773-11ED-8EE5-B0A460E8079B
2298	pfe0adbbe150c41d06_5
2299	pfca5f64bf24c34283_auto2108
2300	17AF881A-760B-11EE-9595-68545AD2D871
2301	7251A1DD-0399-11EE-8F30-B0A460E8079B
2302	90CC6F77-F167-01E1-3A2D-56AB95140231
2303	1668 2836 419.241
2304	0 269.992 0
2305	jup_infil_blima_step
2306	palfa_infil_exit_15
2307	-1136 -1416 224.123
2308	0 337.994 0
2309	E6355F73-BF4B-11ED-8EF3-B0A460E8079B
2310	892 3560 402.637
2311	820BC190-19C4-2FD6-B6F9-3FA88923C20C
2312	BB84CB3A-31DA-47E3-C256-10385596488A
2313	EB8D2235-0397-11EE-8F30-B0A460E8079B
2314	-54.25 3726 440.75
2315	A6628E19-E082-121E-A36C-B61E60C4BFC6
2316	5936206A-BF4B-11ED-8EF3-B0A460E8079B
2317	scriptable_container_paint_can_01
2318	0 266.272 0
2319	AF2F2314-4571-9A73-A75C-47CD058A5A07
2320	A1E248B4-7B5D-560B-6DA4-20338FE2813C
2321	AD7DCF0F-E3F0-3CE9-AC1D-3F412A5A0646
2322	vfx_quarry_blowing_dust_ground
2323	0 77.9936 0
2324	closed_usable
2325	vfx/jup/level/mp_jup_quarry/vfx_quarry_falling_rocks
2326	D4BAD39C-B773-11ED-8EE5-B0A460E8079B
2327	pf776f645cd77aa1b4_auto716
2328	CEC07AF9-B773-11ED-8EE5-B0A460E8079B
2329	B8BC1619-B44D-084A-3137-B0EB26B662C0
2330	532F81FA-BF4B-11ED-8EF3-B0A460E8079B
2331	0 222.137 0
2332	87B3AC72-A3B2-1F2B-3FEF-F449D1E9856D
2333	5256EA2C-8573-2875-FF73-7320B102BB6D
2334	7C5A68B8-0ECD-AF42-CB86-DF5452E02E74
2335	DAB3E46E-B773-11ED-8EE5-B0A460E8079B
2336	3EDF9B6D-95BD-4C61-C4CC-FE367F310408
2337	81.25 -893.5 271.229
2338	pf2f3ca75bb69dce8f_auto2108
2339	pfb8f89b54268c6394_auto716
2340	-1407.5 -1084 230
2341	081E5A60-D09A-2BB1-E4C6-95DDC2446FE4
2342	bathroom_garbage_can_01
2343	FFB02AA8-820C-30CA-B8B8-588C3E846988
2344	-778.75 564.5 336
2345	13B30A9D-424B-8E19-ED31-15196A157389
2346	303BAB23-9932-9606-9114-ECC8B189842C
2347	FC90B6D4-BDCC-7A53-2121-55260D9D56EB
2348	pf4d13f6f69b580b19_auto2108
2349	BA2E97D4-1B86-75BE-CAFC-6AC835E7EACA
2350	pfe0adbbe150c41d06_auto10120449759772266280
2351	2526.3 1664.8 400.389
2352	D4BAD315-B773-11ED-8EE5-B0A460E8079B
2353	9342B0B1-BCDB-4B42-1FA9-4DCED86D86E7
2354	ik_in_end_right_hand
2355	left_50
2356	left_90
2357	pf173b21e7e0a37dc9_auto2108
2358	532F81DC-BF4B-11ED-8EF3-B0A460E8079B
2359	-495.5 -908 254
2360	76395AFB-EC0C-9BD3-D067-AC911FE62E14
2361	32AE9585-6C8A-11EE-959F-68545A904D17
2362	61DEFB63-9D2F-8FC5-4E79-CD37444C931A
2363	2041.5 3123 434.25
2364	1A7F8DCA-F402-11ED-8F25-B0A460E8079B
2365	EC35072A-5636-B972-27BD-4009818D7937
2366	808CF524-6371-E047-AC07-D9807A8CDD9A
2367	AAE5A499-6055-11ED-8E8E-B0A460E8079B
2368	4D34C6A6-BF4B-11ED-8EF3-B0A460E8079B
2369	B2AF07AA-6B39-11ED-8E9E-B0A460E8079B
2370	vfx_quarry_blowing_sand_directed
2371	711B9C49-8F46-19FA-6544-9005CE614EE7
2372	4C85D9E2-5B4F-4CA3-4014-6361D3A6D29B
2373	20BD968A-F402-11ED-8F25-B0A460E8079B
2374	2E93E1AE-A6E6-11ED-8ED1-B0A460E8079B
2375	E6552A0A-8991-E7B3-B5B7-0EFF72555EEB
2376	01C5B3B6-9AB4-D49A-D4EF-3860C589B3B0
2377	3247B3CF-916B-8D98-A819-74E059076BD7
2378	46.0308 -592.575 294
2379	0 134.994 0
2380	4FF27783-7609-11EE-9595-68545AD2D871
2381	1940.5 2648 410
2382	532F81C1-BF4B-11ED-8EF3-B0A460E8079B
2383	2438 670.5 380.958
2384	D4BAD336-B773-11ED-8EE5-B0A460E8079B
2385	5767689B-6C8D-11EE-959F-68545A904D17
2386	5F2DA99C-BF4B-11ED-8EF3-B0A460E8079B
2387	C9B23064-42EC-B966-AEF5-6039141B5CE4
2388	0 59.9928 0
2389	D4BAD378-B773-11ED-8EE5-B0A460E8079B
2390	D5E50A92-DACC-3018-7F90-E03F2FE3D76A
2391	D8FA0949-9062-DFB9-868E-28C397068C7B
2392	mp_control_spawn_attacker_start
2393	C8C7EB4A-B773-11ED-8EE5-B0A460E8079B
2394	pf409076fa597abb09_auto4
2395	-1200 -1288 212.605
2396	81.75 3726 436
2397	1533.5 2170 412.875
2398	979F2865-2244-21B0-93A9-FAB885A2C71A
2399	532F8173-BF4B-11ED-8EF3-B0A460E8079B
2400	0 51.9931 0
2401	1122 -844 331.521
2402	6D1D34AF-315B-19F4-FD0B-83E2849D4704
2403	pf9c6c15ae0ac4635f_auto715
2404	2C430F15-269A-C4C2-4C7A-E20E3761CD3F
2405	D23FECE7-B699-11ED-8EE4-B0A460E8079B
2406	1724 678.5 252.098
2407	99F147DC-6C8C-11EE-959F-68545A904D17
2408	-387.5 1442 188
2409	774.5 3614.75 413.555
2410	pffa19c8b45f6a0f54_auto2108
2411	scriptable_electrical_conduit_set_electrical_box_04
2412	1A7F8DD3-F402-11ED-8F25-B0A460E8079B
2413	593620EE-BF4B-11ED-8EF3-B0A460E8079B
2414	DAB3E49E-B773-11ED-8EE5-B0A460E8079B
2415	FC21A412-852F-035A-2B87-DDEA37A8A2ED
2416	532F8146-BF4B-11ED-8EF3-B0A460E8079B
2417	vfx/jup/level/mp_jup_quarry/vfx_quarry_cloth_sm_01
2418	5F2DA92D-BF4B-11ED-8EF3-B0A460E8079B
2419	A114C517-B77E-11ED-8EE5-B0A460E8079B
2420	E42914E6-6B3A-F7EC-90D2-AAF391B0AB97
2421	2013.1 -1635.8 -406
2422	1443.5 2341.5 410.25
2423	2672.5 2232 418
2424	palfa_infil_intro_9
2425	palfa_infil_intro_7
2426	1445D6D4-C09B-4F9F-5234-D96E8717B909
2427	70426EC3-9ACD-1302-6B71-29FCADE113CC
2428	pf4163f9a997362a42_auto2108
2429	D4BAD327-B773-11ED-8EE5-B0A460E8079B
2430	CEC07BAD-B773-11ED-8EE5-B0A460E8079B
2431	-1070 -1296 202.532
2432	0 1.99175 0
2433	pf26438212ad7b9440_auto2108
2434	scriptable_uk_yellow_component_bin_filled_01
2435	-932 1026 202.411
2436	4407EF8F-6C7E-11EE-959F-68545A904D17
2437	A0EBF6F3-B775-11ED-8EE5-B0A460E8079B
2438	03E7AEDF-977B-FD00-2CD5-50CF99D037DD
2439	D4BAD32A-B773-11ED-8EE5-B0A460E8079B
2440	D23FECE1-B699-11ED-8EE4-B0A460E8079B
2441	28F8925A-E159-BDC4-5012-01669A60E1B7
2442	1505.5 3381 453.5
2443	5F2DA951-BF4B-11ED-8EF3-B0A460E8079B
2444	90 -872 269.549
2445	hide
2446	E6355F85-BF4B-11ED-8EF3-B0A460E8079B
2447	0 228.992 0
2448	pf8227016f7e845ed9_auto2108
2449	445.25 3502.5 416
2450	-1324.2 1013 190.244
2451	0 268.992 0
2452	infil_blima_1
2453	CEC07B0E-B773-11ED-8EE5-B0A460E8079B
2454	DAB3E48F-B773-11ED-8EE5-B0A460E8079B
2455	E875B023-7608-11EE-9595-68545AD2D871
2456	0E08ECA4-BF4C-11ED-8EF3-B0A460E8079B
2457	A818F703-CC18-D1B4-BAB8-D4C8E58DD17F
2458	6A57E347-6C8D-11EE-959F-68545A904D17
2459	-656.75 2976.5 445.611
2460	pf66ccb27f1de7d5d4_auto2108
2461	1096 2448 391.959
2462	F7A53355-B28F-5C89-16A7-E7A9270933D3
2463	E0611352-F856-506B-91BA-0B301FC95FFC
2464	74A3EA44-7610-11EE-9595-68545AD2D871
2465	4D34C62E-BF4B-11ED-8EF3-B0A460E8079B
2466	-319.5 -908 262
2467	1846 3502 454.164
2468	532F81CD-BF4B-11ED-8EF3-B0A460E8079B
2469	0 89.9995 0
2470	B2AF078E-6B39-11ED-8E9E-B0A460E8079B
2471	0 89.9887 0
2472	67DE67EA-E26B-0F93-A8DF-228106951FA7
2473	CEC07AD5-B773-11ED-8EE5-B0A460E8079B
2474	00A60CE0-BF09-1826-4230-0F7EB9FCE33F
2475	EF173376-7605-11EE-9595-68545AD2D871
2476	196F01C1-7602-11EE-9595-68545AD2D871
2477	off
2478	AEA67CA2-6C89-11EE-959F-68545A904D17
2479	ADD9F413-141E-6378-84CA-2CAC8A6F3724
2480	jup_infil_shared_movement_post
2481	60ADCFBE-68BD-EE84-5FAA-19419E185413
2482	764 3624 401.303
2483	C8C7EB62-B773-11ED-8EE5-B0A460E8079B
2484	764 -204 205.741
2485	4D34C6BB-BF4B-11ED-8EF3-B0A460E8079B
2486	0D17B90E-F401-11ED-8F25-B0A460E8079B
2487	AB01915B-79BE-1F52-6B24-805E3FCDAA38
2488	FE20EFB1-2F69-8791-C2B4-871296008419
2489	46E9F70B-CF7B-B868-EE1F-6013C0741DF6
2490	-1200.8 -1353.9 225.343
2491	532F817F-BF4B-11ED-8EF3-B0A460E8079B
2492	0 88.9927 0
2493	-1151.05 -697.78 192.595
2494	593620EB-BF4B-11ED-8EF3-B0A460E8079B
2495	pffa12d159a9e2dd39_auto2108
2496	491CBE6A-7544-AE9F-418A-D94BF54B60B1
2497	CEC07BA7-B773-11ED-8EE5-B0A460E8079B
2498	4D34C679-BF4B-11ED-8EF3-B0A460E8079B
2499	8DCE9755-B699-11ED-8EE4-B0A460E8079B
2500	368.5 -980 289.589
2501	817.5 1090 112
2502	-651.5 3632 441.75
2503	7973E265-F082-0140-E3E1-B837353589D3
2504	F6041345-A6E5-11ED-8ED1-B0A460E8079B
2505	90671170-02A3-CC03-9399-41A4A877FDEE
2506	B2AF07A4-6B39-11ED-8E9E-B0A460E8079B
2507	-669.5 2976 446
2508	vfx/jup/level/mp_jup_quarry/vfx_quarry_trash_flies
2509	5F2DA978-BF4B-11ED-8EF3-B0A460E8079B
2510	847E7B29-7625-C0B4-8391-1DC9FA877A13
2511	F8FF2DB5-E24C-B04F-B513-B2A0017E56FF
2512	1D191F10-7476-F2F5-C246-BDDC6DA06F3A
2513	135DB8D3-F401-11ED-8F25-B0A460E8079B
2514	scriptable_electrical_conduit_set_electrical_box_05
2515	-1470.95 981 187.305
2516	1522E077-6B3A-11ED-8E9E-B0A460E8079B
2517	CEC07B95-B773-11ED-8EE5-B0A460E8079B
2518	jup_infil_blima_rope_fall_left
2519	812EC7B5-4540-5750-B086-417B67ACD33C
2520	-720 128 195.5
2521	-1200.8 -1225.9 208.335
2522	pf46fe237c4af93ba4_auto2108
2523	9818AF3A-CD08-8A46-1CFD-A930DF073EF2
2524	1884 3220 453.454
2525	368.5 -980 281.589
2526	-992 1926.5 104.176
2527	08EE2467-8787-C95A-DE8D-8FB418DC5484
2528	14720E1F-1197-953C-D1D2-F4DD19ED1932
2529	4D34C67C-BF4B-11ED-8EF3-B0A460E8079B
2530	-1368 -812 227.384
2531	CE8216C4-6C89-11EE-959F-68545A904D17
2532	E7C8E1CC-07FC-CE40-E76A-DAB4B37F3191
2533	8CB58EB8-7613-11EE-9595-68545AD2D871
2534	8A10CFF2-FC43-1770-0C44-D1E9299A8950
2535	51AD5C81-790C-F719-DFAC-4C6CECA36285
2536	7067C330-F40D-11ED-8F25-B0A460E8079B
2537	C7602725-161E-742F-2FD4-AF5C13DB7FB1
2538	palfa_infil_intro_8
2539	palfa_infil_intro_6
2540	6A30062A-F40D-11ED-8F25-B0A460E8079B
2541	532F81F1-BF4B-11ED-8EF3-B0A460E8079B
2542	700 3560 395.953
2543	070FD6E3-6B3A-11ED-8E9E-B0A460E8079B
2544	F922C90A-9815-AD4D-CE40-03C48C0088C5
2545	0 212.4 0
2546	B7CA7A2C-B775-11ED-8EE5-B0A460E8079B
2547	BB0A7D06-F116-9270-3780-D0966FF3E200
2548	9535ED43-EE84-8767-CDAB-F28A6F20182E
2549	3FC91FED-7613-11EE-9595-68545AD2D871
2550	0 341.993 0
2551	5DB89FAB-6C8D-11EE-959F-68545A904D17
2552	D4092855-6C8D-11EE-959F-68545A904D17
2553	6A57E324-6C8D-11EE-959F-68545A904D17
2554	4D34C68B-BF4B-11ED-8EF3-B0A460E8079B
2555	532F81BE-BF4B-11ED-8EF3-B0A460E8079B
2556	7EE3760C-CD8E-F6A9-6209-07E676D55D65
2557	scriptable_hardpoint_chevron
2558	2095.4 -1537.7 -406
2559	0 320 0
2560	47349AA9-BF4B-11ED-8EF3-B0A460E8079B
2561	A0EBF6E1-B775-11ED-8EE5-B0A460E8079B
2562	780.5 2584 406
2563	-1335.5 -212 186
2564	1520.5 1688 414
2565	0 72.9995 0
2566	20BD96B4-F402-11ED-8F25-B0A460E8079B
2567	prefabs/createfx/mp_jup_wb_quarry_cfx.map
2568	0 63.9935 0
2569	7C8335F3-4AC0-AE65-5E86-80DD012CAABB
2570	vfx_quarry_chimney_smoke
2571	DAB3E43B-B773-11ED-8EE5-B0A460E8079B
2572	D09C17BA-B861-0BFC-1C1E-27EFAF0D0B3B
2573	0E5CCB21-61DC-20D7-8D2B-FF31E858AF9E
2574	0 192.36 0
2575	A430C9DE-FB75-D4D7-41B1-9A9B9733950F
2576	78C2DFDD-B784-11ED-8EE5-B0A460E8079B
2577	67EE9788-C1A7-11ED-8EF4-B0A460E80798
2578	pf13833e6cf047d5f8_auto2108
2579	1176.5 672 138
2580	D4BAD3B4-B773-11ED-8EE5-B0A460E8079B
2581	0EB02CAE-AC85-11ED-8ED8-B0A460E8079B
2582	-1069.1 -1419.4 235.883
2583	pf5ecb24d187168841_auto716
2584	768302C3-7614-11EE-9595-68545AD2D871
2585	59167201-18EF-6196-8908-BCE867342764
2586	E513A987-B69E-8A57-FCC2-102E05F5F49D
2587	97527581-648D-5252-0BCE-34A95226895A
2588	0 35.9936 0
2589	pf3d86eeca08666cbb_auto2108
2590	-814 230 200
2591	1522E080-6B3A-11ED-8E9E-B0A460E8079B
2592	BDDEB9DB-B008-8B35-66F0-244DDACCD927
2593	0 60.0009 0
2594	0 55.9932 0
2595	431E50B7-A97E-1618-0B2B-6C4A514CFFCD
2596	vfx_quarry_haze_indoor_02
2597	pf3b19c034134950f9_auto2108
2598	jup_infil_palfa_player_slide
2599	CEC07ABA-B773-11ED-8EE5-B0A460E8079B
2600	pfcb4fc36888b85c9a_auto716
2601	CA6C6DE4-A460-5676-DA03-067A848F5AA9
2602	C4BF7E1F-6DCC-329F-6258-F1064AE02B69
2603	E4407C55-44B0-4890-66D9-7D6AF6885FCB
2604	307A5A84-ADB9-3AE2-90E4-F82F4828B01D
2605	CC11B03A-C066-1AD6-BBA4-02F8DB398FF3
2606	pf616df14e83beebf5_auto716
2607	jump_up_80
2608	jump_up_40
2609	AAE5A964-6055-11ED-8E8E-B0A460E8079B
2610	2640 1744 416
2611	593620A0-BF4B-11ED-8EF3-B0A460E8079B
2612	-611.5 -896 254
2613	0 310.656 0
2614	B5A2AF80-7606-11EE-9595-68545AD2D871
2615	9DDF98AD-7905-11EE-95A8-68545A904D17
2616	-213.5 2328 241.339
2617	-582 3262 436.784
2618	6FDB67C5-3F0E-36D5-1AB9-55F46F7EE1C2
2619	0 89.9979 0
2620	-1481.5 2954 474.312
2621	593620D9-BF4B-11ED-8EF3-B0A460E8079B
2622	FC9D0B83-9E57-7333-913A-73191AAD90E3
2623	palfa_infil_exit_11
2624	61B3E032-2F86-BFD1-9CB6-72F454482060
2625	336.806 2749.47 411.732
2626	80DD96E6-8C84-CD39-4DA1-7DCAA056D651
2627	-470 3734 452.5
2628	0 284.993 0
2629	47349A88-BF4B-11ED-8EF3-B0A460E8079B
2630	77BB4E4F-B3BF-0300-7522-AEC40F9E280E
2631	7433B70B-469B-FE9B-1557-DA22AF69126F
2632	1616.5 1132 410
2633	870ECBB7-87B9-C2F3-924A-8A2AB8F6ED9E
2634	717FA421-3431-43F0-23EB-48FC490584D9
2635	7348322E-AC61-11ED-8ED8-B0A460E8079B
2636	E4E50F20-1D3F-11EF-8F94-E0D4E87834AC
2637	vfx_quarry_godrays
2638	911FB2F6-CD42-ACA0-883A-692C4F1F1174
2639	67EE9791-C1A7-11ED-8EF4-B0A460E80798
2640	7251A4AE-B727-34DA-CDA7-4489B38773E6
2641	-1116 24 200.834
2642	-1134 -1420 235.029
2643	pf387cbc2ce49c5c77_auto2108
2644	6A57E342-6C8D-11EE-959F-68545A904D17
2645	CFE39DD9-5FEA-2FD5-1EBC-CD8B1EA940D2
2646	36DE8823-06F4-01CC-71EA-BDD96809B2D1
2647	889A286F-F57E-CE53-2951-F6CFCB87F264
2648	3A15C17B-9A31-203E-EFAE-B0031E2C66EB
2649	tool_screwdriver_01
2650	pfb159da02034938a2_auto2108
2651	5F2DA99F-BF4B-11ED-8EF3-B0A460E8079B
2652	1830.5 3604 466.542
2653	-87.5 -384 246
2654	1522E046-6B3A-11ED-8E9E-B0A460E8079B
2655	1869.5 3580 462
2656	mp_koth_spawn_secondary
2657	4D34C64F-BF4B-11ED-8EF3-B0A460E8079B
2658	63E5F232-8EAE-5676-996E-71A7BA24F89C
2659	BDDB7CE6-4622-9FFF-7C7D-19A27DABD54F
2660	642 3620 417.569
2661	824.7 3493.2 392.825
2662	1431C8D5-730D-30F1-4CE0-C93D5A0A7290
2663	pff2210995e91ff3d9_auto4
2664	2276.5 492 350
2665	A114C514-B77E-11ED-8EE5-B0A460E8079B
2666	06004BE8-8437-B8AF-B1DC-E78EB4666130
2667	E6355F8B-BF4B-11ED-8EF3-B0A460E8079B
2668	D97B321D-1758-430B-0F2B-809403C03D69
2669	1536 2326 408.159
2670	0 138.999 0
2671	D5091382-6C89-11EE-959F-68545A904D17
2672	-482 2211.75 170
2673	8F70777E-19B4-5F54-31D2-0BD6D182ABB8
2674	802E6C4E-E32D-9DBF-22A2-52EA8D8E3632
2675	26E07190-09F8-7503-A7C0-5B7C8CFB4B15
2676	4C53BE83-7606-11EE-9595-68545AD2D871
2677	9DDF9894-7905-11EE-95A8-68545A904D17
2678	0 160.138 0
2679	D4BAD3C3-B773-11ED-8EE5-B0A460E8079B
2680	-1198 -1290 216.485
2681	3D07580E-F037-1B42-6132-6C7DAB4B1224
2682	-832 2089.5 122
2683	59B30666-9C39-ECA7-D1A5-CE627D891EDD
2684	593620DF-BF4B-11ED-8EF3-B0A460E8079B
2685	C8C7EB3B-B773-11ED-8EE5-B0A460E8079B
2686	B17B8FBF-D78C-A46E-26F8-74F29EACB9D2
2687	0 89.9994 0
2688	1E8BE519-F6CC-13D7-DB18-254A608C630D
2689	5C9FF387-A411-241F-02C2-195A73FEB528
2690	pff103b1e24a6beeee_auto715
2691	4D34C685-BF4B-11ED-8EF3-B0A460E8079B
2692	pf54f062420d04a1a1_auto2108
2693	D4494A06-7611-11EE-9595-68545AD2D871
2694	F5F4150F-760E-11EE-9595-68545AD2D871
2695	scriptable_kitchen_metal_cup_stack_01
2696	DAB3E480-B773-11ED-8EE5-B0A460E8079B
2697	7ABE0C27-22AC-9C46-E623-EA39D6073D56
2698	312.5 2520 406
2699	0 335.999 0
2700	86A84C88-33D0-7923-2806-81E93CDC1E65
2701	0 258.335 0
2702	4AECA9CD-7613-11EE-9595-68545AD2D871
2703	FF94D25F-7613-11EE-9595-68545AD2D871
2704	B6C32746-7D0E-33A5-67EA-394B4B7CE353
2705	A00D55D6-38F7-F851-60B8-3EAF74419B25
2706	FD43DC64-7608-11EE-9595-68545AD2D871
2707	463.25 2970.5 411.771
2708	B2AF07A7-6B39-11ED-8E9E-B0A460E8079B
2709	C15D2097-7683-1A63-63BB-7B480528DEA3
2710	347816D0-EB76-2BF1-CC6A-E4B1461E46ED
2711	0 179.991 0
2712	612.5 3072 422
2713	uk_car_body_paint_filler_01
2714	5DB89F79-6C8D-11EE-959F-68545A904D17
2715	503.5 2154 394.896
2716	F69DF867-E658-D5EE-EF9C-ECADF1A53F21
2717	geo_frag_a_001
2718	DAB3E468-B773-11ED-8EE5-B0A460E8079B
2719	DAB3E44D-B773-11ED-8EE5-B0A460E8079B
2720	32A021DF-A03E-F92B-9C19-0387F0BD65EC
2721	00ECE07B-CEFD-7CBD-7513-CC65E0377771
2722	2456.5 2452 418
2723	44A6CEA2-9155-7D5D-D7D9-0683D97454A3
2724	1A7F8DDC-F402-11ED-8F25-B0A460E8079B
2725	CEC07B05-B773-11ED-8EE5-B0A460E8079B
2726	0 64.7957 0
2727	military_ascendertop_heavy
2728	0 195.188 0
2729	mp_ctf_spawn_axis_start
2730	jup_infil_blima_rope_kick_left
2731	-955.5 432 202
2732	726 3444 393.021
2733	5F2DA93C-BF4B-11ED-8EF3-B0A460E8079B
2734	-1147 1692.75 128.25
2735	1967.26 27.758 358
2736	3899FE69-E3FC-097F-9E16-86F4077FB731
2737	9DDF98B2-7905-11EE-95A8-68545A904D17
2738	mp_xfire_spawn_team_three_start
2739	93500A59-E7C4-3B54-3AD3-9CA028001035
2740	pf30018061911e193b_auto716
2741	01C1BBBB-1580-8A54-FAE4-CF17521AA154
2742	59362088-BF4B-11ED-8EF3-B0A460E8079B
2743	29ABFE61-ED1F-F81B-67D0-D69856BF19C3
2744	palfa_infil_intro_10
2745	532F818B-BF4B-11ED-8EF3-B0A460E8079B
2746	pfc08712c4a8810f43_auto2108
2747	57676878-6C8D-11EE-959F-68545A904D17
2748	5DB89F88-6C8D-11EE-959F-68545A904D17
2749	pfb075c14c004d2213_auto2108
2750	F98EE2DC-EF46-ABC6-CC8B-6AF2D00D594F
2751	-523.5 628 190
2752	0C681155-36CE-409B-B70A-F3A3A90F7069
2753	A0EBF6DE-B775-11ED-8EE5-B0A460E8079B
2754	D4BAD3D5-B773-11ED-8EE5-B0A460E8079B
2755	54B67493-D191-A04C-6427-430EBE36E97A
2756	-1492 2672 465.777
2757	D4BAD372-B773-11ED-8EE5-B0A460E8079B
2758	6A57E35B-6C8D-11EE-959F-68545A904D17
2759	DAB3E453-B773-11ED-8EE5-B0A460E8079B
2760	pf85537fc50193ebd3_auto2108
2761	88906A4C-5C7A-66FE-C5E5-FEDC3DA45E0B
2762	0 142.999 0
2763	1A6D35CD-ACD5-0D64-A20E-44EE89832AC8
2764	0 54.3345 0
2765	6A57E34C-6C8D-11EE-959F-68545A904D17
2766	0 179.887 0
2767	DAB3E45C-B773-11ED-8EE5-B0A460E8079B
2768	-512 -388.5 260.268
2769	23781216-6C80-11EE-959F-68545A904D17
2770	02841BF9-063E-F114-C37F-86A3E7732744
2771	6A300633-F40D-11ED-8F25-B0A460E8079B
2772	cp_disco_pizza_box_open
2773	pfc4c267818e2c0f38_auto2108
2774	F2A579CC-9B04-18C2-B8E1-BBDCB129D2A1
2775	fingers_out_end_right_hand
2776	7D0143BC-FD76-CC41-90E5-8AA8C0E31526
2777	infil_blima_5
2778	1908 2634 416
2779	-1197.1 -1355.4 221.042
2780	scriptable_metal_chain_01_hanging
2781	D237D382-CE77-BDBE-5353-2C6D0EED7192
2782	75572A6F-2E06-9C36-9DDC-3AE95703904E
2783	4AD52331-1257-FA81-AFA8-6A64B370D1C5
2784	F736729E-9EC0-9584-EB61-D8A98CBD5F51
2785	59362064-BF4B-11ED-8EF3-B0A460E8079B
2786	A0EBF6D8-B775-11ED-8EE5-B0A460E8079B
2787	768259C5-760D-11EE-9595-68545AD2D871
2788	mp_sd_spawn_attacker
2789	F0EBA8F2-6C7F-11EE-959F-68545A904D17
2790	5F2DA963-BF4B-11ED-8EF3-B0A460E8079B
2791	1D4E4DD6-703D-A090-C3EB-B55AE1814743
2792	vfx/jup/level/mp_jup_quarry/vfx_quarry_chimney_big_smoke
2793	777
2794	42092BB0-E3CB-36EF-85DD-326545DE48DB
2795	D762F0ED-F990-332A-BAA5-F3897927D80B
2796	2391.91 992.42 388.087
2797	02233B4E-4DD8-CE93-B783-53D3E139B72D
2798	5DB89F6A-6C8D-11EE-959F-68545A904D17
2799	127C6C65-12A1-B2E3-F287-F88EAFD0BE49
2800	2936.7 -2327.2 -406
2801	pf43125d5480aa1ea_auto4
2802	pf1514479d28e673b4_auto2108
2803	D4BAD348-B773-11ED-8EE5-B0A460E8079B
2804	DA8F88E0-156D-8A28-6388-96E9F0492BC2
2805	B9CC42B4-5F88-11ED-9324-B0A460E8079B
2806	BC1D807A-3D57-4CC5-19E0-5FC3E00C1282
2807	A0EBF6DB-B775-11ED-8EE5-B0A460E8079B
2808	-876.5 -274 226
2809	vfx/jup/level/mp_jup_quarry/vfx_quarry_blowing_sand_directed
2810	2276.5 3154 486.998
2811	0 84.986 0
2812	AAE5A49F-6055-11ED-8E8E-B0A460E8079B
2813	EAE38F72-FDD3-EACE-96C0-BA37F21A9654
2814	0 93.9936 0
2815	2572.5 2672 542
2816	DAB3E432-B773-11ED-8EE5-B0A460E8079B
2817	196 -474.5 303.275
2818	5498314F-F695-0E77-15AE-F4B792FD5092
2819	0 89.9977 0
2820	mp_xfire_spawn_axis_start
2821	pfb2b8a58f3c61e916_auto2108
2822	7EA9FEFA-7607-11EE-9595-68545AD2D871
2823	pf3969b4a170312db4_auto2108
2824	1329.5 3440 443.5
2825	E225C7CC-87A5-7F55-77EC-BA12981E166A
2826	898BCBA0-A8F2-AF87-35E2-543BE2A9BD1D
2827	7AD9BF38-AB19-92AA-D2E0-7A31899E34CE
2828	1F3466D1-86D4-A580-3DBE-F66974AB480C
2829	21939299-853B-7183-11E3-D61109225336
2830	pff4fd065fae1e2427_auto2108
2831	CA2C425B-7AEE-E135-1346-E68C0201EB5F
2832	089783EF-EBF1-E19B-FF15-B0557EBD733C
2833	32.5 652 330
2834	-1069.1 -1291.4 209.042
2835	pfb787b70a2eafadd3_auto2108
2836	5F2DA945-BF4B-11ED-8EF3-B0A460E8079B
2837	electrical_conduit_set_electrical_box_01
2838	0 93.2955 0
2839	B7CA7A29-B775-11ED-8EE5-B0A460E8079B
2840	EB8D2226-0397-11EE-8F30-B0A460E8079B
2841	palfa_infil_exit_0
2842	532F81F7-BF4B-11ED-8EF3-B0A460E8079B
2843	1784.5 1280 414
2844	-651.5 108 466
2845	-1136.25 1475.75 162
2846	31 -137.5 224
2847	0 89.994 0
2848	0DF7F26F-AC29-22AD-C3AF-505BF489D5A2
2849	D4BAD33C-B773-11ED-8EE5-B0A460E8079B
2850	6AEDBE79-6C7C-11EE-959F-68545A904D17
2851	2168 2896 437.128
2852	4D34C604-BF4B-11ED-8EF3-B0A460E8079B
2853	860 3496 386
2854	-1404.2 885 190.244
2855	base
2856	inoperable
2857	D4BAD3AE-B773-11ED-8EE5-B0A460E8079B
2858	jump_down_160
2859	608.5 2076 382
2860	scriptable_hardware_plywood_bare_01_24
2861	E3CA2DF5-FDD8-72B5-ADB7-8FC5BA16E3A1
2862	2040.5 3524 463.25
2863	0 272.992 0
2864	ik_in_start_left_hand
2865	DD6EA20D-6C89-11EE-959F-68545A904D17
2866	pfbc36fae1ea8cf5e8_auto2108
2867	25F8DBCC-E6D4-8C1E-974A-940035EC1F78
2868	E9A487AD-87FC-EED7-663F-234A1C0F5858
2869	FB5C0594-618F-CB77-984C-84994479741C
2870	135DB8E2-F401-11ED-8F25-B0A460E8079B
2871	1973.1 217.022 350
2872	CFD0A85F-84E7-1132-2C6C-59748A1CE1CB
2873	0 270.365 0
2874	26D2D60E-5741-DF9F-1A80-D9B200D716BC
2875	0 215.999 0
2876	2AE10601-7605-11EE-9595-68545AD2D871
2877	1B3410D6-8CD8-300D-BD33-5E50A4D3930C
2878	5BF822F2-C1A7-11ED-8EF4-B0A460E80798
2879	pff926bced6510183c_auto2108
2880	184.5 2192 386
2881	724.5 2084 382
2882	19BCF7B1-3356-88AE-63C5-28453FC49026
2883	CEC07AC6-B773-11ED-8EE5-B0A460E8079B
2884	B021E07A-F176-1195-EA0B-E221EA27605A
2885	jup_infil_shared_movement_run_post
2886	3620C998-2C71-9BCE-4F18-EE72DBA49CC7
2887	pfde43a1a845d7cbd7_auto716
2888	BBE6128F-19D9-6ECA-DEEF-78E0C02A85EA
2889	vfx/jup/level/mp_jup_quarry/vfx_quarry_falling_rocks_spot_02
2890	532F8149-BF4B-11ED-8EF3-B0A460E8079B
2891	D958FA86-FDAE-AAC7-466B-0CCDE1220143
2892	prefabs/createfx/crane01_art_cfx.map
2893	2678 1438.5 416
2894	040CEF11-4474-7221-1109-E708D8E86CB5
2895	7D66EEB7-9A2B-EBFB-8C57-9DDBD9ACA0F0
2896	0 55.9963 0
2897	1539 3563.5 461.165
2898	593620D3-BF4B-11ED-8EF3-B0A460E8079B
2899	67EE978B-C1A7-11ED-8EF4-B0A460E80798
2900	FB40E557-9D0A-730E-9FA5-DF98BAF3616C
2901	ECD21357-6C92-DCD7-1089-05120B037252
2902	F45B473C-94A1-36AC-29B9-17E50D8B6F56
2903	720 -806 272.002
2904	4D34C65E-BF4B-11ED-8EF3-B0A460E8079B
2905	1786 173.5 348.015
2906	04C3E0C7-EAA0-4056-0131-025951D5638E
2907	scriptable_decor_trash_can_plastic_office_01
2908	CEC07B53-B773-11ED-8EE5-B0A460E8079B
2909	983147B5-BEE3-9E35-0233-12249137236A
2910	0B1A6819-6228-62EA-8548-1FE6A148015F
2911	A2CCF463-6AFC-0336-9929-6FAE0C7E57B7
2912	pff103b1e24a6beeee_auto716
2913	42CF9DDA-6547-BA14-EC08-362CCB138810
2914	1FCC5233-CB59-F580-B5A3-0206226EA93B
2915	B7CA7A32-B775-11ED-8EE5-B0A460E8079B
2916	4D34C6B2-BF4B-11ED-8EF3-B0A460E8079B
2917	-1197.1 -1419.4 244.364
2918	47349A91-BF4B-11ED-8EF3-B0A460E8079B
2919	C8C7EB59-B773-11ED-8EE5-B0A460E8079B
2920	431.5 271 262
2921	CFCF52EA-760D-11EE-9595-68545AD2D871
2922	9D7D00F6-7945-7A7B-FC61-0B93EC08A079
2923	0D543C8E-121B-3A82-19E3-FD55AB9C5F41
2924	D6FE3E7C-41BF-137B-74BA-4D7DFAD31FF0
2925	CEC07AAB-B773-11ED-8EE5-B0A460E8079B
2926	-1012 1494.75 158
2927	2987F038-AC62-11ED-8ED8-B0A460E8079B
2928	0 241.992 0
2929	EB41BB72-D3AE-793C-B21E-A031C396639A
2930	CEC07B8F-B773-11ED-8EE5-B0A460E8079B
2931	81.75 3726 446
2932	0 51.9938 0
2933	geo_frag_a_002
2934	-1006 -1420 249.374
2935	A0EBF6EA-B775-11ED-8EE5-B0A460E8079B
2936	1481.5 2434 417.632
2937	pf4771c84c6d155c2a_auto2108
2938	2336.5 2120 542
2939	j_rope_1
2940	59362076-BF4B-11ED-8EF3-B0A460E8079B
2941	-1006 -1296 210.719
2942	DAB3E489-B773-11ED-8EE5-B0A460E8079B
2943	C036A5B9-760D-11EE-9595-68545AD2D871
2944	unlocked
2945	B49885EE-0C4E-D238-4666-97D4353225E7
2946	14743262-F402-11ED-8F25-B0A460E8079B
2947	712 3238 417.375
2948	0 280.335 0
2949	vfx_ks_emp_sparks
2950	693.25 -897.5 285.58
2951	6A57E360-6C8D-11EE-959F-68545A904D17
2952	-938 866 200.013
2953	D4BAD3E7-B773-11ED-8EE5-B0A460E8079B
2954	BC9E1778-737C-9252-6188-B6F52FE5AFD0
2955	638AB9BF-3FC5-E71D-BE7E-89E93F33C45C
2956	928 3480 409.453
2957	85128543-E4FB-277F-1D68-0898F67631BC
2958	palfa_infil_intro_17
2959	pf97a989255f17655c_auto2108
2960	6A57E31A-6C8D-11EE-959F-68545A904D17
2961	pfdeb3ba943221fdf8_auto2108
2962	135DB8F1-F401-11ED-8F25-B0A460E8079B
2963	4982B0B2-6131-CC18-A7DC-6162C9B83F05
2964	5DB89FB5-6C8D-11EE-959F-68545A904D17
2965	ED701812-5299-46D2-921C-507825C01E94
2966	E52256FC-2081-71B3-DD38-76F0E2B8CCC1
2967	D550F21E-1145-3645-6BAD-D9026C78F5B3
2968	0E57F896-511E-EE14-917F-EBD955B2B3AC
2969	419F20E7-9197-ABB7-0AC1-97446FE1B585
2970	2944A224-35BD-EA09-3B75-1F10BF8B9699
2971	501AA767-41D4-790A-9ADD-D5D87DC90F83
2972	E6355F7C-BF4B-11ED-8EF3-B0A460E8079B
2973	6AA5ADCD-7905-11EE-95A8-68545A904D17
2974	7C7542CF-6C8B-11EE-959F-68545A904D17
2975	760.7 3429.2 400.555
2976	02D894A2-B0ED-29E8-FB97-0E516E0D76EF
2977	CEC07BB6-B773-11ED-8EE5-B0A460E8079B
2978	5F2DA954-BF4B-11ED-8EF3-B0A460E8079B
2979	285B8A81-8966-4BB4-9EA2-42F5E224438A
2980	C0DA59D8-48BB-6E7F-A8D8-E5FBE12F81AB
2981	2676.5 2664 542
2982	pff79c52d92b0f2c9e_auto2108
2983	2596 1688.5 416
2984	525EDD92-53D4-2ABE-8637-89E69E7BCF56
2985	154658D4-CE6C-454D-0FAE-B275FE1DB92A
2986	A43355EE-8FF1-B717-AD25-F41510D21453
2987	501546DE-9252-05C4-2908-57636EC171DF
2988	0 278 0
2989	1D50039C-4F6C-2D45-668A-98449E4B873D
2990	2096.5 2172 410
2991	944 2448 391.959
2992	A331D2A0-9031-887A-200E-15F9B4FCE458
2993	510606C1-7B13-CDA8-08CE-659F7B476BFD
2994	313B1A69-9048-0E0C-71D1-412F45DC56ED
2995	61A8E788-B5F9-FBFD-3139-7F936239E627
2996	593620BE-BF4B-11ED-8EF3-B0A460E8079B
2997	CEC07B68-B773-11ED-8EE5-B0A460E8079B
2998	pf345a3830d5f8b2ac_auto2108
2999	2A8C508C-AC2C-F0E3-191D-539C4C870C5C
3000	532F8152-BF4B-11ED-8EF3-B0A460E8079B
3001	14743268-F402-11ED-8F25-B0A460E8079B
3002	8CF8DD17-8A55-71C5-E07D-CF19345267D7
3003	5AE7D55F-D552-5D00-3BF8-E0D1D509F021
3004	C61D31F6-6501-D2FE-F5FD-C50229FA3CD7
3005	-1037.27 2504.21 459.111
3006	CEC07B23-B773-11ED-8EE5-B0A460E8079B
3007	237B0AF4-2FE0-ECDD-8F49-3880E57DE330
3008	F37C67E8-D49B-30B1-6E02-17BA0F3B41D0
3009	EBAF1B26-4AD2-C22F-3634-D5A9151EA7D0
3010	pfa521e56b10d33b3f_auto2108
3011	47349A85-BF4B-11ED-8EF3-B0A460E8079B
3012	1022.5 3162 430.809
3013	368.5 -980 279.589
3014	E6E4EC5A-62E4-9869-4F15-A96476F9AD80
3015	pf81ed2be958337c14_auto716
3016	BF427B46-7612-11EE-9595-68545AD2D871
3017	8DCE975B-B699-11ED-8EE4-B0A460E8079B
3018	0 217.293 0
3019	2663 1476.25 408
3020	21EEC756-AE3F-5295-52F8-424E1400BD38
3021	708B808A-6C8D-11EE-959F-68545A904D17
3022	49A8B0CF-6C7F-11EE-959F-68545A904D17
3023	-1470.95 853 187.481
3024	2344.5 2612 542
3025	5E7801A4-328C-0DFC-E5F5-96CC3032CF90
3026	DB2A0853-0648-92CF-4C1F-E043A7A82A72
3027	0 45.9936 0
3028	bash_left_90
3029	C8C7EB6E-B773-11ED-8EE5-B0A460E8079B
3030	759B6985-A6E6-11ED-8ED1-B0A460E8079B
3031	-556 -866 264
3032	pfbb375656e80abf45_auto715
3033	-945.5 2974 463.872
3034	pf998c46efcab2ab11_auto2108
3035	ik_in_start_right_hand
3036	4D34C625-BF4B-11ED-8EF3-B0A460E8079B
3037	-1324.2 885 190.244
3038	135DB8DF-F401-11ED-8F25-B0A460E8079B
3039	-746 1616 200
3040	1843DEBD-515A-524A-536A-C51E012628E4
3041	520 -896 275.913
3042	14743250-F402-11ED-8F25-B0A460E8079B
3043	AECD90E6-EEC0-BA57-8014-8FD90B5DCD16
3044	24.5 -936 266
3045	fingers_in_end_left_hand
3046	5DBEEF81-8D46-008B-0B38-92A87E17926D
3047	159D4C5F-D217-B33C-589C-BB061E651A57
3048	-259.5 -904 262
3049	1559.5 1762 412
3050	ws_safe_offscreen
3051	47349A4C-BF4B-11ED-8EF3-B0A460E8079B
3052	1824 3576 464.222
3053	20C1808C-3AD4-5B87-91BF-D84B01732C1B
3054	7D468CDF-FF61-7F32-AD2A-39AEBB99D5E5
3055	AAE5A961-6055-11ED-8E8E-B0A460E8079B
3056	AAE5A460-6055-11ED-8E8E-B0A460E8079B
3057	-649.25 583.25 330
3058	tag_geo_frag_a_004
3059	B9CC42A2-5F88-11ED-92DE-B0A460E8079B
3060	-282 3096 432
3061	C8C7EB41-B773-11ED-8EE5-B0A460E8079B
3062	532F81CA-BF4B-11ED-8EF3-B0A460E8079B
3063	-609 -282 244.5
3064	0 135.001 0
3065	2260.5 2484 410
3066	0DB4866F-5516-CE75-0CCE-D4EAFA78FD8F
3067	pf549caecf6c2ea1e6_auto2108
3068	0 352.712 0
3069	03C18674-6C7F-57D4-B236-C5B2EA9022C9
3070	-248 120 195.5
3071	A5DB0943-6C8B-11EE-959F-68545A904D17
3072	DBE4190A-3499-578E-4624-8C9A027898E2
3073	37561604-7611-11EE-9595-68545AD2D871
3074	fov_63_2
3075	vfx_quarry_steaming_ground
3076	2606.3 1536.8 400.389
3077	D4A4ACDA-6C7E-11EE-959F-68545A904D17
3078	0 89.993 0
3079	71D3212E-B784-11ED-8EE5-B0A460E8079B
3080	pf2b8d73f1123856d3_auto2108
3081	-842 149.5 200
3082	5F2DA939-BF4B-11ED-8EF3-B0A460E8079B
3083	D82EF6D2-C874-548D-6745-9055980F36EB
3084	D78F7E26-A015-A124-E294-A7757E5BE46B
3085	204609ED-7602-11EE-9595-68545AD2D871
3086	A0EBF6ED-B775-11ED-8EE5-B0A460E8079B
3087	body
3088	266.273 855.051 150
3089	pfb760d16c73993cb4_auto2108
3090	2E93E1A3-A6E6-11ED-8ED1-B0A460E8079B
3091	97152817-A1EA-76E1-6F36-96FDFB5C3819
3092	5F2DA966-BF4B-11ED-8EF3-B0A460E8079B
3093	1104B97F-B77F-11ED-8EE5-B0A460E8079B
3094	FECFFF25-83FC-17E5-73C5-FB20F10B3214
3095	0 272.993 0
3096	28CBB2E3-9515-226C-9E3D-29661127C1D9
3097	593620B2-BF4B-11ED-8EF3-B0A460E8079B
3098	A1149FED-6731-E833-54AA-D704D184EBF5
3099	D61D34AE-C1A7-11ED-8EF4-B0A460E80798
3100	1539.5 1276 412
3101	hardpoint_vis_03
3102	85AB595E-9A47-EBAD-B339-C46E29C14359
3103	vfx_quarry_godrays_line
3104	48CE3D67-AB87-9FA1-C295-CDDDEC9287AB
3105	4D34C6A0-BF4B-11ED-8EF3-B0A460E8079B
3106	49568DA1-47F8-BA39-130F-DD07B5F4EE13
3107	5F63C5B6-BD57-835F-2CA4-BC7B12787B3D
3108	-204.75 3706.5 464.413
3109	-1198 -1360 217.836
3110	-1374 -762 228.073
3111	A26E9B66-8CB7-E0E8-DC2A-D0194C287E40
3112	C7952AA2-7608-11EE-9595-68545AD2D871
3113	0 85.9925 0
3114	760.7 3493.2 388.55
3115	-308.75 2530.5 309.919
3116	4056EBF6-543D-81CF-BE39-4D3CCA791543
3117	1A7F8DB5-F402-11ED-8F25-B0A460E8079B
3118	hidden
3119	CEC07B47-B773-11ED-8EE5-B0A460E8079B
3120	pf5b1fe0c902c88070_auto715
3121	-286 2338 231.818
3122	mp_warrior_spawn_team_three_start
3123	1628.42 -519.391 338
3124	F7B4564E-8801-4B65-9F49-A85D9CE58AE5
3125	EF5FC99F-6C89-11EE-959F-68545A904D17
3126	C8C7EB56-B773-11ED-8EE5-B0A460E8079B
3127	C412B472-5E75-27B0-02F6-9317F8374930
3128	0 28.7117 0
3129	pfb458666a4294a371_auto2108
3130	892 3472 391.837
3131	2266572D-FE7A-AA54-9040-DFD8E6964CE1
3132	pf856a20eb2708958b_auto715
3133	0 294.712 0
3134	2252.5 2880 434
3135	948C26BC-77C6-2290-6240-5687BE9A2CC1
3136	79F82E08-CCFF-697C-4517-A25B9EDE7BDB
3137	4D34C691-BF4B-11ED-8EF3-B0A460E8079B
3138	0 196.139 0
3139	0 327.993 0
3140	D4BAD360-B773-11ED-8EE5-B0A460E8079B
3141	FBF77CC7-E8E8-890C-3D40-39D43D7327ED
3142	9FC59E6C-6C89-11EE-959F-68545A904D17
3143	23E38A1D-7615-11EE-9595-68545AD2D871
3144	1556 -510.5 325.226
3145	0 334.988 0
3146	12021D28-CA11-2575-8BAE-7EC11610DE7B
3147	4D34C61C-BF4B-11ED-8EF3-B0A460E8079B
3148	843.25 -671.5 287.051
3149	FF5FD3C7-A0AD-FE77-E430-C0EEB2A32DA4
3150	0 164.992 0
3151	BA900FA2-6C7E-11EE-959F-68545A904D17
3152	CF5E9F80-A5B1-5979-9673-1F4D13B03C60
3153	D4092819-6C8D-11EE-959F-68545A904D17
3154	1918 2620 416.665
3155	pf40bfcac5d3d28a1c_auto2108
3156	D068CF51-4551-C97E-A6B5-94CDB593461E
3157	747EF366-6C8A-11EE-959F-68545A904D17
3158	0 89.9937 0
3159	0 57.9934 0
3160	vfx/jup/killstreak/vfx_ks_emp_sparks_lrg
3161	532F8158-BF4B-11ED-8EF3-B0A460E8079B
3162	DB58B5F1-309B-D963-091B-1A41B4097373
3163	4D34C66D-BF4B-11ED-8EF3-B0A460E8079B
3164	2444.5 648 378
3165	-434.75 3592.5 437.069
3166	E884836E-2E48-D17E-E750-80EA0FC5296D
3167	pfb28f4586ed349956_auto2108
3168	532F81E2-BF4B-11ED-8EF3-B0A460E8079B
3169	9AE239BA-48F4-C9F4-BBCA-0FCEC9658D20
3170	A0D20850-6C8A-11EE-959F-68545A904D17
3171	9668C5A5-7B70-D0F0-B5E8-CA4A37ECC033
3172	2678 2440.5 416
3173	pfe0adbbe150c41d06_3
3174	AC86C4A3-DE57-0A11-F044-140A4D7E0D35
3175	4D34C63A-BF4B-11ED-8EF3-B0A460E8079B
3176	vfx_quarry_steaming_ground_02
3177	palfa_infil_exit_17
3178	palfa_infil_exit_19
3179	532F8194-BF4B-11ED-8EF3-B0A460E8079B
3180	FECAE8D3-7C7F-6CB6-0B8D-FAD59CCEC5BD
3181	0 347.041 0
3182	C554A25B-D4A9-247B-FE27-4E23E3B14F75
3183	BF2197F7-F690-D572-7CC6-93EBF0B69F4C
3184	EE47363A-536F-E58B-F78F-E12F283E86E7
3185	pfa6b4b1ad28310dfa_auto2108
3186	14C5450F-FA67-C149-276B-2F787198AC38
3187	944E54CF-675D-258F-6630-86BC85D86BE8
3188	-631.5 1916 194
3189	jup_infil_blima_player_grab
3190	0 97.9938 0
3191	CEC07B62-B773-11ED-8EE5-B0A460E8079B
3192	1D36BDFD-7609-11EE-9595-68545AD2D871
3193	D4BAD3CC-B773-11ED-8EE5-B0A460E8079B
3194	1159744C-550E-D6B8-AB0B-D6F6DBE372C9
3195	1A7F8DC1-F402-11ED-8F25-B0A460E8079B
3196	47349A7C-BF4B-11ED-8EF3-B0A460E8079B
3197	partially_open_in_use_unusable
3198	jup_infil_blima_rope_crank_left
3199	4D34C60D-BF4B-11ED-8EF3-B0A460E8079B
3200	5936210F-BF4B-11ED-8EF3-B0A460E8079B
3201	C58ACB69-B548-CBC6-6486-3B51DB95E0D9
3202	4D34C69A-BF4B-11ED-8EF3-B0A460E8079B
3203	D4BAD36F-B773-11ED-8EE5-B0A460E8079B
3204	0 180 0
3205	D4BAD2EB-B773-11ED-8EE5-B0A460E8079B
3206	44C4E6EF-7611-11EE-9595-68545AD2D871
3207	DAB3E492-B773-11ED-8EE5-B0A460E8079B
3208	C8C7EB5C-B773-11ED-8EE5-B0A460E8079B
3209	-1008.8 -1225.9 216.644
3210	6A30063F-F40D-11ED-8F25-B0A460E8079B
3211	7BE15CC4-80B6-15CE-3FA1-007F9291A2A6
3212	B58198BE-601C-6780-B48E-6603DE65A289
3213	mp_koth_spawn_axis_start
3214	vfx/jup/level/mp_jup_quarry/vfx_quarry_dust_falling_flat_ch
3215	6AA5ADFA-7905-11EE-95A8-68545A904D17
3216	7A3EAF5C-2E9E-7EA3-9E79-1271B626D491
3217	257B511D-A7A9-39FA-0D7E-18C10DCEEB07
3218	32427FE3-B468-47E5-E1AC-C60190F3CD3D
3219	2095.5 2146 412.495
3220	0 274.992 0
3221	2388 662 373.764
3222	1571.5 1913.5 414
3223	pfa217f7032e975092_auto2108
3224	AAE5A508-6055-11ED-8E8E-B0A460E8079B
3225	-397.5 2348 214
3226	pfb0a41b2182acfe28_auto715
3227	0CA025E3-F353-DF90-DFBC-21CF492134AA
3228	2676.5 2468 410
3229	vfx_quarry_dust_motes
3230	AAE5A511-6055-11ED-8E8E-B0A460E8079B
3231	593620E8-BF4B-11ED-8EF3-B0A460E8079B
3232	1833.02 3237.36 450.5
3233	796EF69D-AC61-11ED-8ED8-B0A460E8079B
3234	1A7F8DBB-F402-11ED-8F25-B0A460E8079B
3235	0 156.999 0
3236	FEE17D61-D47D-E73F-CCE9-7955CDE724D5
3237	828 3624 402.747
3238	D4BAD3EA-B773-11ED-8EE5-B0A460E8079B
3239	mp_tdm_spawn
3240	4D6AEC90-A030-E56A-17DE-B8EAB0807ABC
3241	4D34C673-BF4B-11ED-8EF3-B0A460E8079B
3242	CA384B66-289A-8379-AA76-D7E6AC8097EA
3243	CEC07AC0-B773-11ED-8EE5-B0A460E8079B
3244	F8221AF5-6DFF-42FB-4D74-B2360980D890
3245	CEC07BAA-B773-11ED-8EE5-B0A460E8079B
3246	0 319.794 0
3247	593620A6-BF4B-11ED-8EF3-B0A460E8079B
3248	67EE9775-C1A7-11ED-8EF4-B0A460E80798
3249	7B83639B-3B78-48C3-2DF1-542B8A8FD514
3250	33C18832-DE92-C4A8-3DE8-FA019E987FA5
3251	1104B9A9-B77F-11ED-8EE5-B0A460E8079B
3252	20BDB4D4-D513-7183-2EE1-93CDA0B9749E
3253	0BC1477C-87AC-6CC9-B624-E3C969BBEC18
3254	87C198D6-B699-11ED-8EE4-B0A460E8079B
3255	E4E790CF-8BE5-9F4C-BC90-1149A4F3B84A
3256	C1F990F3-808E-ADE6-3FC4-0B86B6EC39DA
3257	1A7F8DA9-F402-11ED-8F25-B0A460E8079B
3258	5F2DA93F-BF4B-11ED-8EF3-B0A460E8079B
3259	1474325C-F402-11ED-8F25-B0A460E8079B
3260	3B15CDA6-5DA9-BB0B-40B0-7C040DD755F6
3261	0 309.988 0
3262	-79.8313 2567.15 365.353
3263	9DDF9885-7905-11EE-95A8-68545A904D17
3264	E46AEE3E-CCAB-5D77-5F71-94C5A9496998
3265	-1490 2956 473.785
3266	40.5 140 474
3267	D824A29E-1A1A-1B31-A6F0-C00D23CD8F8E
3268	CEC07AE4-B773-11ED-8EE5-B0A460E8079B
3269	D4BAD393-B773-11ED-8EE5-B0A460E8079B
3270	5346793E-3DFC-8491-D180-C470829F5A61
3271	1F8FC129-B663-FD65-5231-FA0BAEFDCEE2
3272	5B2B43ED-B6BE-11ED-8EE4-B0A460E8079B
3273	1
3274	720 -870 274.953
3275	-1343.5 -436 198
3276	-1343.5 -436 200
3277	A0EBF6E7-B775-11ED-8EE5-B0A460E8079B
3278	scriptable_uk_gas_tank_thin_cylinder_static
3279	0 91.9934 0
3280	-803.5 596 330
3281	E4E897D4-98A5-BF9C-FC3B-068044CF80FA
3282	700 3624 403.844
3283	pf70d496e9a0957127_auto715
3284	-239.5 -655.5 254
3285	-1198 -1418 246.152
3286	tag_geo_frag_a_005
3287	AB1AD080-680A-147F-A9A3-3632BE2E7F1A
3288	1522E060-6B3A-11ED-8E9E-B0A460E8079B
3289	829B6B2F-F25B-A050-A0CB-7EC6C84A75E7
3290	pf8ba6fea1adf8b3c5_auto2108
3291	913DB557-2B92-37BC-3019-D3F26E27420A
3292	EC81F370-CFE1-1479-491A-28AFE41966F9
3293	6743FAAC-E2EC-833A-8E4D-9611828ED865
3294	0 56.7119 0
3295	pf9dcada6d02fc6058_auto2108
3296	D23FECDE-B699-11ED-8EE4-B0A460E8079B
3297	0 224.993 0
3298	2552 1536 408
3299	792 3602 397.551
3300	5F2DA96C-BF4B-11ED-8EF3-B0A460E8079B
3301	7F8357C0-8A41-63B8-7EB7-A9BBF16EEC99
3302	576768C3-6C8D-11EE-959F-68545A904D17
3303	11CC0F89-6C8F-11EE-959F-68545A904D17
3304	8BC02EC5-7607-11EE-9595-68545AD2D871
3305	C8C7EB68-B773-11ED-8EE5-B0A460E8079B
3306	348.5 3632 421.219
3307	D4BAD38D-B773-11ED-8EE5-B0A460E8079B
3308	A57373EF-6B39-4187-B7C9-21E80F4284B3
3309	pfb59e717ae5908e96_auto2108
3310	6470269D-F401-11ED-8F25-B0A460E8079B
3311	-1415.5 -848 230
3312	DAB3E456-B773-11ED-8EE5-B0A460E8079B
3313	hardpoint_vis_02
3314	7D016405-760D-11EE-9595-68545AD2D871
3315	0 8.7116 0
3316	-1072.8 -1289.9 217.042
3317	6AA5ADDC-7905-11EE-95A8-68545A904D17
3318	pfdd26436b8c8fa6ad_auto2108
3319	73F8E118-E3D8-7202-DC01-33A9389E1A5A
3320	-947.5 -1108 202
3321	pf7c73eaa1b4493e25_auto2108
3322	6C3EB2F7-3209-37A9-796D-CEDC55B51F19
3323	D7E2A759-C0E8-1F06-C547-9DF7C500965A
3324	CEC07B77-B773-11ED-8EE5-B0A460E8079B
3325	0 268.294 0
3326	1594 -480 330.814
3327	0 117.22 0
3328	1628.42 -519.391 346
3329	0 255.999 0
3330	0 222.335 0
3331	base_scripted_anim_slot
3332	2030.5 3520 471.25
3333	-74 3368 432
3334	1104B995-B77F-11ED-8EE5-B0A460E8079B
3335	29E97C17-57DB-7985-8AAA-98FE4235C537
3336	968 3546 397.73
3337	FE8D2FC4-DF3C-E395-252E-4D7599738E38
3338	-503.5 1164 194
3339	532F815E-BF4B-11ED-8EF3-B0A460E8079B
3340	EA408E70-B3DE-449E-3E26-9B77429FCCAC
3341	8ADDD83D-A6F4-0F90-6D02-7C6DF3BAAA13
3342	B4D4F1B0-1253-B6E0-4A68-BCF0F31D5745
3343	5917DD59-C855-75A4-9D9A-6E157B1577F9
3344	CB3636C9-A2B7-697C-0820-0FF9B7B4FD62
3345	2606.3 1664.8 400.389
3346	CEC07B89-B773-11ED-8EE5-B0A460E8079B
3347	A5A24238-6B39-11ED-8E9E-B0A460E8079B
3348	47349AA6-BF4B-11ED-8EF3-B0A460E8079B
3349	25DF95A9-8FD7-8516-3078-70D54ABD77BC
3350	716FD8F2-0D21-A4D4-A1E4-BCBD2305C5E5
3351	23781205-6C80-11EE-959F-68545A904D17
3352	FE867728-4215-1A16-AFAB-D12916BD6EB0
3353	free_look
3354	78B442DF-A8DE-8139-6E24-4E3BED0B1883
3355	726.1 3444.8 393.019
3356	CEC07ABD-B773-11ED-8EE5-B0A460E8079B
3357	C8C7EB5F-B773-11ED-8EE5-B0A460E8079B
3358	-388 -674 264
3359	auto_mp_jup_wb_quarry_cfx.map
3360	180.5 -980 271.453
3361	pfe1c04e08390b1b64_auto2108
3362	-1005.1 -1355.4 221.042
3363	B8253172-AE4C-27AC-34DE-6AFECCCE5CBB
3364	0 237.985 0
3365	-1200.8 -1289.9 224.95
3366	EE827A66-A6E5-11ED-8ED1-B0A460E8079B
3367	831B8D56-06DC-5C48-052F-A6BD4D10D5A3
3368	E995C787-6C7F-11EE-959F-68545A904D17
3369	2B66657F-D50C-F508-451C-C6D64D750850
3370	AAE5A967-6055-11ED-8E8E-B0A460E8079B
3371	0 88.3197 0
3372	CEC07B92-B773-11ED-8EE5-B0A460E8079B
3373	8929C56C-8887-DB47-9783-AC3A1322A160
3374	pfe0adbbe150c41d06_4
3375	7E354874-4DD3-C322-7A9B-67FE015B851E
3376	pf847169fe0b75410d_auto2108
3377	-1198 -1420 244.718
3378	pfe0a4880db96cec5_auto2108
3379	0 269.997 0
3380	874.38 3615.01 405.276
3381	palfa_infil_exit_14
3382	pf84886844d03a8a8d_auto2108
3383	pf3decf7d764351706_auto2108
3384	0 278.335 0
3385	2640 2410 416
3386	8DD1090E-176F-CC21-492B-4E95BE84229F
3387	924D4098-7606-11EE-9595-68545AD2D871
3388	D4BAD309-B773-11ED-8EE5-B0A460E8079B
3389	A160746B-2372-1300-05F5-5E3CB13D1927
3390	-1200.8 -1225.9 216.335
3391	16CE33E4-B69D-11ED-8EE4-B0A460E8079B
3392	20BD96A8-F402-11ED-8F25-B0A460E8079B
3393	136.5 452 282
3394	un_office_storage_box_01
3395	pf7392ad2d818a432_auto2108
3396	48289240-1DD9-11EF-8F95-E0D4E87834AC
3397	D61D34B4-C1A7-11ED-8EF4-B0A460E80798
3398	B7ECBAAC-902C-7E77-17A1-C4F5D7ECE1D5
3399	6AA5ADD2-7905-11EE-95A8-68545A904D17
3400	043C348A-E900-5F57-DA53-D33F4336024B
3401	0 189.987 0
3402	4D34C67F-BF4B-11ED-8EF3-B0A460E8079B
3403	C9F7C253-C1A7-11ED-8EF4-B0A460E80798
3404	9DDF9899-7905-11EE-95A8-68545A904D17
3405	647026AC-F401-11ED-8F25-B0A460E8079B
3406	pfd044ae20f53e4fa3_auto2108
3407	facial
3408	FDCCC206-FAFA-89A5-6CFA-B079897BD749
3409	822238E5-7A69-47D6-6071-899C7495028E
3410	pf36dac6a6a7aa7198_auto2108
3411	64295A6C-6C8D-11EE-959F-68545A904D17
3412	-1142 1204.5 186
3413	CEC07B41-B773-11ED-8EE5-B0A460E8079B
3414	pf32aaf5b8aa9694b7_auto2108
3415	0 21.9992 0
3416	6B8FAA12-760E-11EE-9595-68545AD2D871
3417	pf5be8a5529cfca721_auto2108
3418	BCE9A841-BDA1-227B-6CD5-7A5ECDFCD8B2
3419	D4BAD36C-B773-11ED-8EE5-B0A460E8079B
3420	58D1695E-816F-69FD-9CDF-59594F97CA6A
3421	CB073930-53B1-4F0F-43F3-4F424C85828F
3422	DDF1FCF6-29FE-7C27-A32F-22A9BDBF9C38
3423	20BD96A2-F402-11ED-8F25-B0A460E8079B
3424	CEC07A9C-B773-11ED-8EE5-B0A460E8079B
3425	7F6D704F-FA36-E13B-E889-807A093CF7C2
3426	ik_out_start_left_hand
3427	183.25 2312.5 392
3428	84.5 -76 221
3429	A047E623-B027-5BB4-8F4F-DDDEA2BB480D
3430	0166F9D2-298C-DCFE-1990-929AC1C5068F
3431	-487.5 1356 194
3432	64295A5D-6C8D-11EE-959F-68545A904D17
3433	DAB3E459-B773-11ED-8EE5-B0A460E8079B
3434	593620CA-BF4B-11ED-8EF3-B0A460E8079B
3435	13B2C566-8711-BE6D-B5C1-C81690EEA8DC
3436	pf713c304e7fbf169_auto2108
3437	647026A3-F401-11ED-8F25-B0A460E8079B
3438	62 3728.5 445.132
3439	-1136 -1288 201.706
3440	scriptable_decor_barrels_gameplay_red
3441	496.5 2600 394
3442	C881E6B0-A3C4-A413-C4C7-21DAF589A759
3443	ED76D70C-43BD-ECE8-7732-0D13AD97427C
3444	pfdcbb10dc4daed66e_auto716
3445	mp_tdm_spawn_axis_start
3446	scriptable_electrical_box_rusted_01
3447	78C2DFE3-B784-11ED-8EE5-B0A460E8079B
3448	A0EBF6F0-B775-11ED-8EE5-B0A460E8079B
3449	vfx_quarry_blowing_sand_mid_directed_ch
3450	039F0817-3523-F0D0-B0DC-49EECBCB624D
3451	0 313.408 0
3452	956 3624 413.275
3453	2696 1516 416
3454	1AC35E52-6C80-11EE-959F-68545A904D17
3455	2620AD27-C4DF-DCF4-DAE9-7004B2C58A51
3456	0 34.9911 0
3457	864 -892 311.293
3458	2616 1472 408
3459	0 30.3346 0
3460	1034 3202 433.66
3461	1894 -260 364.656
3462	-1000.59 2963.45 463.803
3463	3665592B-1D40-11EF-8F94-E0D4E87834AC
3464	D0D28EB6-1384-4662-A082-C26D6132B455
3465	CEC07B35-B773-11ED-8EE5-B0A460E8079B
3466	cqb_node
3467	-249.75 3724 452.75
3468	135DB8E8-F401-11ED-8F25-B0A460E8079B
3469	-1062 2928 465.861
3470	2666E70B-90F7-A039-E525-C67BB2F4D524
3471	282AAD65-1D15-AFC6-5E92-BFA195A3A54D
3472	1738 -212.5 356.427
3473	-395.5 -908 262
3474	-742 1858.5 200
3475	01C6DF9A-6C7F-11EE-959F-68545A904D17
3476	BDE62133-F78D-A9DD-F17E-64986C535831
3477	91350F49-3E9D-1D58-C201-09A81FF6E5CC
3478	7F7C3E18-3C59-3E0E-9A68-4A1360F6EE90
3479	0 179.998 0
3480	5F2DA930-BF4B-11ED-8EF3-B0A460E8079B
3481	5A081777-AE37-1B3A-92CF-8B02A8668331
3482	pf9c6c15ae0ac4635f_auto716
3483	geo_frag_a_008
3484	CFFD4F47-E7C1-3715-2E24-0D5ABAE202EC
3485	0 192.995 0
3486	6AA5ADE6-7905-11EE-95A8-68545A904D17
3487	2414 1018 407.036
3488	vfx/jup/level/mp_jup_quarry/vfx_quarry_birds_circling
3489	B56F6B79-2D28-7232-53A7-C862E2AC67D9
3490	AD131130-DD29-4CB0-CDB2-59E65AB5D790
3491	2987F043-AC62-11ED-8ED8-B0A460E8079B
3492	4114F80E-6C80-11EE-959F-68545A904D17
3493	pf33d5b4eea24b67fa_auto2108
3494	1B7F0608-A805-A0A5-F8E4-0034BDBD2C27
3495	2616 1728 408
3496	1468.5 2485.5 418
3497	D4BAD3BD-B773-11ED-8EE5-B0A460E8079B
3498	90E34224-754E-B280-F0DD-BF6D8B75367C
3499	5338569D-2EE1-7EA9-DEA6-F63D2B1BC701
3500	B53C9BE8-B711-E89A-573A-C21514F0BAEB
3501	40FD6F5F-760B-11EE-9595-68545AD2D871
3502	24139168-5687-A3FA-E9E4-82007F96EE6C
3503	B9CC90B5-5F88-11ED-BB6B-B0A460E8079B
3504	1B28737D-2F0D-6918-2AC5-4C70AA94471C
3505	2552 1664 408
3506	-1297.26 2690.4 461.452
3507	927065B4-6391-82F6-C079-645C0C157448
3508	D22A51D8-819A-C026-0C97-D4591F8FD36E
3509	E5764C59-18B6-B303-3326-58F8C7F39F03
3510	scriptable_uk_electrical_box_medium_01
3511	C6864739-6C7D-11EE-959F-68545A904D17
3512	B338B891-96D9-B5E5-141D-DFD9A555D68E
3513	5FC6AB11-1B46-EE87-AB5D-F97AE9760A18
3514	7067C31B-F40D-11ED-8F25-B0A460E8079B
3515	pf1413de25164f6e47_auto2108
3516	1EBD963D-6C8A-11EE-959F-68545A904D17
3517	5F2DA94E-BF4B-11ED-8EF3-B0A460E8079B
3518	pf79aa146b6bc5c87a_auto2108
3519	792A5438-BFC5-BDEA-0AE2-0DDC33A57C03
3520	-538 -858 400
3521	BF118C8B-F1A0-42FF-1B2F-0CFD8DE4DC00
3522	4553185A-2CA2-58BB-1999-09E2DB37C9A3
3523	6D76CACE-3E36-8D50-6AFD-336DC16682A0
3524	palfa_infil_intro_4
3525	135DB8EB-F401-11ED-8F25-B0A460E8079B
3526	2016.5 3582 509.177
3527	pfb5b0b1bb92d8b801_auto2108
3528	vfx/jup/level/mp_jup_quarry/vfx_quarry_steaming_ground
3529	4828923B-1DD9-11EF-8F95-E0D4E87834AC
3530	-1008 -1288 212.392
3531	82E1AA3D-D3A6-0DD2-AA38-BF1153EFEF67
3532	D0780B1E-9B43-4FA5-587F-53D1488368A3
3533	-368 -860 264
3534	pf2d4cff35f957bcbc_auto2108
3535	1AC02D69-9026-8948-FBE2-850C498E9B0A
3536	AAE5AAEA-6055-11ED-8E8E-B0A460E8079B
3537	DB31B0C5-E4EC-3BF1-F59A-381DFE29B9A7
3538	896.5 664 146
3539	pf113af2b40cd69615_auto2108
3540	pf5f6a7b714c54f683_auto2108
3541	-847.5 608 190
3542	AE43754B-3C7A-9980-56AB-7ACBBE4BE41F
3543	-1619.5 1104 206
3544	-1200.8 -1289.9 216.95
3545	1A7F8DD6-F402-11ED-8F25-B0A460E8079B
3546	infil_blima_2
3547	4D34C6A9-BF4B-11ED-8EF3-B0A460E8079B
3548	6A57E315-6C8D-11EE-959F-68545A904D17
3549	D10872EF-7604-11EE-9595-68545AD2D871
3550	E6355F79-BF4B-11ED-8EF3-B0A460E8079B
3551	pff529173a9692215b_auto2108
3552	pfc79b47ac9d5df271_auto715
3553	B0063F77-AC84-11ED-8ED8-B0A460E8079B
3554	0 64.7118 0
3555	EAFEB0DC-5097-4E5F-6BE1-2444AFAEDDE6
3556	FFB1950E-64AE-3AC5-07D1-E91D7AB8DB13
3557	0 80.3343 0
3558	091593AB-760E-11EE-9595-68545AD2D871
3559	-946 -588.5 204
3560	D61D34B1-C1A7-11ED-8EF4-B0A460E80798
3561	pfb3d0da4f8c226928_auto2108
3562	135DB8EE-F401-11ED-8F25-B0A460E8079B
3563	B80FCFF2-FC70-7DE7-123E-CBE61A8BF227
3564	7C9F9015-2B02-90EC-0924-EEAFA639ADED
3565	pfe5e6408aa007ee72_auto715
3566	D4BAD2F4-B773-11ED-8EE5-B0A460E8079B
3567	-692 2081.5 150
3568	-1055.5 632 222
3569	A70F42F7-6E2B-7B32-2A2F-49AB827ABD47
3570	0 214.993 0
3571	FB8E2E22-6C7E-11EE-959F-68545A904D17
3572	E6355F7F-BF4B-11ED-8EF3-B0A460E8079B
3573	09BEC6C6-B772-11ED-8EE5-B0A460E8079B
3574	0 265.993 0
3575	C3AB62A2-8013-1B42-78B1-7CE070228B0C
3576	00ED55CB-5BF7-4B30-7BAA-D80CA943576D
3577	pfa7adc10678d178e_auto2108
3578	0 0 0
3579	pfa772bcbe9d2f2fe5_auto716
3580	-888 -876.5 198
3581	-1072.8 -1417.9 237.196
3582	metal_chain_01_hanging
3583	partially_reopen_in_use_unusable
3584	3C538840-AC62-11ED-8ED8-B0A460E8079B
3585	819A9C5F-5581-2ABE-AA74-863CFF34B17A
3586	5F2DA94B-BF4B-11ED-8EF3-B0A460E8079B
3587	jup_infil_blima_rope_fall_right
3588	7BF2C6B1-7610-11EE-9595-68545AD2D871
3589	876966FC-D851-67AF-52B0-657B421AB387
3590	-563.5 752 206
3591	BB6B1481-97F7-026A-D62A-4F6519967F86
3592	DCEC69DF-3262-F857-6C78-1F67C08EFF87
3593	85.3178 -277.044 238
3594	CEC07B29-B773-11ED-8EE5-B0A460E8079B
3595	D4A4E26D-FF62-306D-E7C7-83DA49A6A668
3596	0 243.285 0
3597	pfb84fb39efa915bff_auto2108
3598	F19BEE57-2DCD-F7C9-85DC-EAD8D15B57CA
3599	6A57E33D-6C8D-11EE-959F-68545A904D17
3600	15978CA4-9203-7488-BC78-DF9E62CE411A
3601	D4BAD345-B773-11ED-8EE5-B0A460E8079B
3602	219.25 2788.5 408.548
3603	-1133.1 -1355.4 221.042
3604	0 353.487 0
3605	99D88C55-498A-95D3-B6AD-C40930D8AB3F
3606	2260.5 2484 418
3607	CEC07B32-B773-11ED-8EE5-B0A460E8079B
3608	pfaccade17fcad7371_auto2108
3609	electrical_box_rusted_01
3610	pf7955efd803cf9d2d_auto4
3611	464AF0BD-CBCB-8FE5-943E-F7DA49BF1C85
3612	CEC07AC9-B773-11ED-8EE5-B0A460E8079B
3613	6622107D-7611-11EE-9595-68545AD2D871
3614	2576.5 1960 410
3615	palfa_infil_exit_3
3616	-651.5 108 474
3617	AAE5A505-6055-11ED-8E8E-B0A460E8079B
3618	1758 -400 351.825
3619	jump_down_136
3620	DAB3E462-B773-11ED-8EE5-B0A460E8079B
3621	vfx/jup/level/mp_jup_quarry/vfx_quarry_godrays_line_2
3622	DAB3E4A1-B773-11ED-8EE5-B0A460E8079B
3623	1459.5 2427.75 415.25
3624	pff2fc0124d2a186eb_auto2108
3625	708B8094-6C8D-11EE-959F-68545A904D17
3626	532F81B8-BF4B-11ED-8EF3-B0A460E8079B
3627	scriptable_cache_toolbox
3628	BF210633-B71A-06B7-4E11-86F81FAD5FAF
3629	D2771588-293B-1C7E-509E-5CD18C7FD729
3630	59362103-BF4B-11ED-8EF3-B0A460E8079B
3631	271D278F-75F2-B955-C3DF-297C3D9E21DA
3632	5F2DA960-BF4B-11ED-8EF3-B0A460E8079B
3633	B3260B46-D458-2A0F-39EC-4E8916329F33
3634	3C58377B-26A3-76AA-4761-FD5A5AC687A0
3635	pf15fe2e10a063d1cd_auto715
3636	71D32109-B784-11ED-8EE5-B0A460E8079B
3637	55D65FEF-F406-50B4-D739-CE42FD976590
3638	C0D19DA2-7604-11EE-9595-68545AD2D871
3639	4D34C634-BF4B-11ED-8EF3-B0A460E8079B
3640	624 -742 250.03
3641	pf4e0c13b9435d24ea_auto2108
3642	pf4a409d2ed6f28000_auto2108
3643	pf15f0fea114fceab0_auto2108
3644	6EEF2375-7607-11EE-9595-68545AD2D871
3645	CE2A33F6-8756-6843-AC27-9F29CAFC8C6C
3646	pfde43a1a845d7cbd7_auto715
3647	80E518EB-6C7C-11EE-959F-68545A904D17
3648	AEFD17CE-9B86-34CC-529D-65420E43ED48
3649	pf4a1374b466cf4b3a_auto2108
3650	EAB68459-9992-7E75-044E-AB55EB01D6DC
3651	912.5 2068 382
3652	0AD61069-8F37-F1BD-51C2-D7D8D0DD3C6A
3653	vfx_quarry_insect_cockroach_single
3654	c2
3655	CEC07AF3-B773-11ED-8EE5-B0A460E8079B
3656	prefabs/createfx/mp_jup_quarry_cfx.map
3657	pf93060b032f59ff25_auto2108
3658	06839123-7614-11EE-9595-68545AD2D871
3659	FCF1DE3B-69E5-DF1B-24EE-D5BBFE87C881
3660	C8C7EB44-B773-11ED-8EE5-B0A460E8079B
3661	48089073-6C8B-11EE-959F-68545A904D17
3662	pf81ed2be958337c14_auto715
3663	0 321.962 0
3664	1432 -680 326.359
3665	A586591E-35C8-24D9-626E-11211BE9727B
3666	vfx/jup/level/mp_jup_quarry/vfx_quarry_blowing_sand_ground_volume
3667	9287C540-8ED6-5FD5-8ADD-1187C86C71B8
3668	-1374 1290 198.184
3669	1521FBCD-676E-52DF-3DCE-FCBF60E7B49E
3670	0 166.998 0
3671	pfe5a467bb7b0aea13_auto2108
3672	0 59.9938 0
3673	mp_ctf_spawn_allies_start
3674	A62447F3-7687-4D0F-7A94-BF2ACF6DB3A7
3675	pfc744daf4fe06d313_auto4
3676	7EFF3CE7-B77E-11ED-8EE5-B0A460E8079B
3677	4D34C631-BF4B-11ED-8EF3-B0A460E8079B
3678	ik_out_end_left_hand
3679	135DB8F7-F401-11ED-8F25-B0A460E8079B
3680	0DEDB3EE-1D40-11EF-8F94-E0D4E87834AC
3681	0 140 0
3682	DA7547F3-77A1-42C7-DA13-71AA57DD1FA1
3683	3
3684	D4BAD333-B773-11ED-8EE5-B0A460E8079B
3685	2552 1600 408
3686	pf8f8faa30b354c0e1_auto2108
3687	0 285.314 0
3688	1A7F8DB2-F402-11ED-8F25-B0A460E8079B
3689	EEC6A1AB-35B9-D44C-BAEA-B9722AD96295
3690	-734 1296 200
3691	CEC07B1A-B773-11ED-8EE5-B0A460E8079B
3692	0 323.492 0
3693	64295A99-6C8D-11EE-959F-68545A904D17
3694	tag_geo_frag_a_003
3695	D29D04C6-08CD-4072-56D9-2D2B0E31FB97
3696	59362094-BF4B-11ED-8EF3-B0A460E8079B
3697	892 3560 394.637
3698	A7E24DA7-35C0-EC5C-2A21-433FE0E25CFE
3699	pf581c2e0e7ec46936_auto2108
3700	566B9C12-278D-9A1F-E84E-1CC128833993
3701	5F2DA936-BF4B-11ED-8EF3-B0A460E8079B
3702	816 -912 300.161
3703	electrical_conduit_set_electrical_box_05
3704	2E007EB9-E293-109B-0A86-457F5F3768B6
3705	palfa_infil_exit_4
3706	F67460BC-01FB-526C-FF8E-5052352E7548
3707	-470 3734 461.5
3708	-1136.8 -1353.9 215.359
3709	64295A62-6C8D-11EE-959F-68545A904D17
3710	C8C7EB1A-B773-11ED-8EE5-B0A460E8079B
3711	26C25D8A-F402-11ED-8F25-B0A460E8079B
3712	659C0851-7606-11EE-9595-68545AD2D871
3713	1A7F8DC7-F402-11ED-8F25-B0A460E8079B
3714	pfea91bc43626b95df_auto2108
3715	432.5 2240 382
3716	C7144C3A-8199-83AA-1F04-6C39D8B1565B
3717	pf77a5f9c9cd71e2fe_auto2108
3718	BFA3A3D8-A0BC-A32F-9693-D7C9DF54BCC8
3719	-599.5 2820 440
3720	hardpoint_vis_04
3721	1522E05A-6B3A-11ED-8E9E-B0A460E8079B
3722	20BD9693-F402-11ED-8F25-B0A460E8079B
3723	D23FECE4-B699-11ED-8EE4-B0A460E8079B
3724	D4BAD2F7-B773-11ED-8EE5-B0A460E8079B
3725	7FA46992-7C52-B270-8E4E-0DAB86B66CB5
3726	39F04F96-6C7E-11EE-959F-68545A904D17
3727	36655935-1D40-11EF-8F94-E0D4E87834AC
3728	mp_tdm_spawn_allies_start
3729	D4BAD3F6-B773-11ED-8EE5-B0A460E8079B
3730	3605E5FE-AB3C-C782-283D-9FB6C2259930
3731	0 145.696 0
3732	593620CD-BF4B-11ED-8EF3-B0A460E8079B
3733	3D2B062A-6C89-11EE-959F-68545A904D17
3734	-947.5 -1108 194
3735	1165.5 1464 51
3736	pf2d6da862bd46113b_auto2108
3737	230A7CE4-6507-DB64-2F62-D7F562AAA44A
3738	CEC07AB7-B773-11ED-8EE5-B0A460E8079B
3739	-519.5 104 474
3740	5B86A732-6C7F-11EE-959F-68545A904D17
3741	1065.5 3168 436.5
3742	576768B4-6C8D-11EE-959F-68545A904D17
3743	D4BAD3C9-B773-11ED-8EE5-B0A460E8079B
3744	0 147.461 0
3745	5F2DA95D-BF4B-11ED-8EF3-B0A460E8079B
3746	pff56824fa553bb450_auto2108
3747	35DF39D8-6C89-11EE-959F-68545A904D17
3748	D4BAD357-B773-11ED-8EE5-B0A460E8079B
3749	23E46144-5DCF-9276-C0CB-FACEC33E811C
3750	0 90.0008 0
3751	7E616D68-4744-7C59-396E-6448F389C55A
3752	5F560790-6BF8-4B59-8CC3-D9C7C11E28D3
3753	78F5473A-63FA-B0A9-86EA-8E3463BC6442
3754	-724 -272.5 249.717
3755	D4BAD366-B773-11ED-8EE5-B0A460E8079B
3756	9E6823CE-A221-7A0B-7281-244D4705E78D
3757	3BEA1110-29C4-1EF0-433F-99603C5EA23C
3758	8950F2F2-7280-4948-5F1C-B72FC2608FAA
3759	CEC07B02-B773-11ED-8EE5-B0A460E8079B
3760	show
3761	A5A24222-6B39-11ED-8E9E-B0A460E8079B
3762	2422.5 668 378.211
3763	6A300630-F40D-11ED-8F25-B0A460E8079B
3764	6468CAA0-E64C-89B7-CA50-B1F2AEE3A063
3765	pf950c3edc70e3e211_auto2108
3766	1522E07A-6B3A-11ED-8E9E-B0A460E8079B
3767	4D34C619-BF4B-11ED-8EF3-B0A460E8079B
3768	A7A6F682-7613-11EE-9595-68545AD2D871
3769	0 209.431 0
3770	751DEE91-A5DD-E642-3724-9790BD6C0265
3771	835C507F-D74D-5C1D-4C11-4F142ED20289
3772	54D9DCE4-9DFC-BAC4-5A64-D9EB6D7BD271
3773	7FC9CB7D-7D06-E6FC-CA24-DA966816D1D3
3774	D4BAD31E-B773-11ED-8EE5-B0A460E8079B
3775	1797.5 1896.5 414
3776	AA799BF8-81EF-6EDC-457E-CC25883B6119
3777	591BAE55-7C1C-5879-0231-AF5F05DF9FD3
3778	pfec9d197daa860f9a_auto2108
3779	4CEF67B3-804E-3EFB-0F16-EE13C32E8CA6
3780	2AEBC60B-1DCF-6A0F-81AE-DF29EA34EB05
3781	6286C31A-2153-17F7-6CFE-67672407CA19
3782	D409283C-6C8D-11EE-959F-68545A904D17
3783	1F8FDEEE-A6E6-11ED-8ED1-B0A460E8079B
3784	5936209D-BF4B-11ED-8EF3-B0A460E8079B
3785	166AE4A5-7387-4AB4-BA58-73F479FEDBD1
3786	traversal_door
3787	532F81B5-BF4B-11ED-8EF3-B0A460E8079B
3788	0 236.754 0
3789	0 176.999 0
3790	35C0A52E-A6E6-11ED-8ED1-B0A460E8079B
3791	C8C7EB20-B773-11ED-8EE5-B0A460E8079B
3792	EF17337F-7605-11EE-9595-68545AD2D871
3793	736 3416 409.086
3794	EF9999F7-031D-4339-A807-35267A2C344B
3795	vfx/jup/level/mp_jup_quarry/vfx_quarry_falling_rocks_ch
3796	FC6E5C2D-EC57-6AF7-163A-E0F9FDC4F344
3797	2236.5 1456 416
3798	0 269.994 0
3799	scriptable_bathroom_garbage_can_01
3800	404B0B94-6C8F-11EE-959F-68545A904D17
3801	80B244D1-07AE-D91D-A0B3-F96AEA0BB64E
3802	1900.5 1576 414
3803	E23E5A54-22A9-11DA-2B10-0A7124CF5E21
3804	electrical_conduit_set_electrical_box_medium
3805	636.5 -904 281.433
3806	pf81fdf0a81bbeb028_auto2108
3807	A0B3B1D5-2177-5E12-36E5-87FDEA94B54E
3808	A3E09227-4087-8E3F-E3B0-66E9A0B77499
3809	CEC07B0B-B773-11ED-8EE5-B0A460E8079B
3810	2895.6 -2376.3 -406
3811	532F8170-BF4B-11ED-8EF3-B0A460E8079B
3812	555E9212-6C89-11EE-959F-68545A904D17
3813	1738.41 -416.224 346
3814	9C0C0005-BC1E-6A14-1EDB-D0785968AE47
3815	-11.5 3452 432
3816	pfdc30bfd61377c2e8_auto2108
3817	5B95295D-8C25-B368-9470-6ACD634DD03C
3818	0DEDB3F8-1D40-11EF-8F94-E0D4E87834AC
3819	02483FC7-19E3-D5D4-CD7D-8C40C1FCED8D
3820	1A9ED314-1A5F-09AB-C658-8F06B233B9AB
3821	19696EDB-A6E6-11ED-8ED1-B0A460E8079B
3822	0 90.723 0
3823	F5AC5122-67BD-80C7-C072-399796262CA2
3824	pf8c5382ae7f4df01a_auto715
3825	763B13E2-A55D-67E2-662C-05E810B250F6
3826	08C45B27-A92E-A23B-9039-96DDC0872BE0
3827	86348AF8-6C89-11EE-959F-68545A904D17
3828	pf128b50b4d0c98f10_auto716
3829	4D34C682-BF4B-11ED-8EF3-B0A460E8079B
3830	2606.3 1728.8 400.389
3831	C9F7C267-C1A7-11ED-8EF4-B0A460E80798
3832	CEC07BA1-B773-11ED-8EE5-B0A460E8079B
3833	-1200 -1416 233.996
3834	DAB3E438-B773-11ED-8EE5-B0A460E8079B
3835	5F2DA97B-BF4B-11ED-8EF3-B0A460E8079B
3836	pf4caca044a48b0784_auto2108
3837	4C3C7722-10C7-AB2F-4388-FED48BE051AF
3838	2234.5 1454 416
3839	D014E915-C1A7-11ED-8EF4-B0A460E80798
3840	0 298.712 0
3841	6F70A3DB-97B2-9033-82B8-1AB17D985AA1
3842	scriptable_scriptable_door_metal_04_flat_painted_mp_green
3843	pfdeb86c16be71936_auto715
3844	5BF822FF-C1A7-11ED-8EF4-B0A460E80798
3845	0 254 0
3846	pff3c42bed01444210_auto716
3847	2194 2288 416
3848	pf26f709a1c6edea7d_auto716
3849	D4BAD2E8-B773-11ED-8EE5-B0A460E8079B
3850	AAE5A4DE-6055-11ED-8E8E-B0A460E8079B
3851	-1407.5 -1084 238
3852	hardware_plywood_bare_01_24
3853	pfd4af08f903bc5766_auto715
3854	917076FF-EA75-AC48-90EB-7AE3C8C685CA
3855	0 90.9995 0
3856	576768AA-6C8D-11EE-959F-68545A904D17
3857	E7051C4A-1CC5-153F-706B-FE159FB5D69E
3858	8DAAADEA-7FED-063E-8167-C29A90109F40
3859	vfx/jup/level/mp_jup_quarry/vfx_quarry_godrays_line
3860	0 345.993 0
3861	27B4E016-760F-11EE-9595-68545AD2D871
3862	mp_ctf_spawn
3863	09B035A4-B04C-D8B9-E031-F60560772FE0
3864	pfa55ed51041095470_auto2108
3865	-751.5 1872 194
3866	decor_trash_can_plastic_office_01
3867	CEC07B3E-B773-11ED-8EE5-B0A460E8079B
3868	2676.5 2468 418
3869	pfcca42e7b5522a6b4_auto715
3870	F5064D9B-B6B6-11ED-8EE4-B0A460E8079B
3871	F9E97ECB-3F82-33F9-AB89-E6BDC1B97DC5
3872	20BD9699-F402-11ED-8F25-B0A460E8079B
3873	C6F7428F-75F7-99E3-2697-3AC8786707D6
3874	pf3ef740d64e108182_auto715
3875	532F81AF-BF4B-11ED-8EF3-B0A460E8079B
3876	D4BAD2FA-B773-11ED-8EE5-B0A460E8079B
3877	264 26 219.674
3878	16265C26-D423-067F-10EB-F7C2CA662FEA
3879	17C7BD12-54A3-8BE5-633E-868E62747072
3880	C619AA41-69A0-503A-A078-F30929B7FC1B
3881	-1197.1 -1291.4 209.042
3882	pfe2ebbf25a3228da8_auto2108
3883	0 82.9994 0
3884	pfc6c2b81d85788f3_auto2108
3885	vfx/jup/level/mp_jup_quarry/vfx_quarry_steam_vent_dir
3886	-584 104 195.5
3887	0 309.991 0
3888	mp_dom_spawn_axis_start
3889	D4BAD342-B773-11ED-8EE5-B0A460E8079B
3890	852 51.5 216.758
3891	5F2DA972-BF4B-11ED-8EF3-B0A460E8079B
3892	-483.48 2137.26 179.072
3893	B7CA7A38-B775-11ED-8EE5-B0A460E8079B
3894	2501.5 2672 542
3895	0 333.453 0
3896	545D6BAD-A9BA-2835-67C9-A82C1693C34E
3897	5DF09611-1B39-D95F-46A2-9D1EE8FF5493
3898	789.25 -187.5 205.995
3899	-1574 750 207.084
3900	0 222.799 0
3901	AB7D855D-2581-C69C-5E01-D4073BC48277
3902	pf6bc1d04fd547d28_auto2108
3903	D4BAD306-B773-11ED-8EE5-B0A460E8079B
3904	178DA87F-3433-B9FF-A9DB-C18A8DBBC05B
3905	pfa50527422b455767_auto2108
3906	0 270.293 0
3907	4D34C640-BF4B-11ED-8EF3-B0A460E8079B
3908	mp_rescue_spawn_attacker
3909	1903.5 1700 411.821
3910	5C71B4F4-3BFB-E24B-A7E5-A0B6B61ED4B8
3911	2028 3552 470.021
3912	8175D9CE-BD47-E6A7-85DB-0D94B2637630
3913	0088CA05-E41D-B086-7935-0B5F86C41641
3914	928 3416 410.085
3915	palfa_infil_exit_2
3916	D4BAD2F1-B773-11ED-8EE5-B0A460E8079B
3917	0 224.991 0
3918	99ED785D-4836-2BF1-F6AC-4E158EC73283
3919	2700.5 2392 410
3920	26C25D87-F402-11ED-8F25-B0A460E8079B
3921	4D34C688-BF4B-11ED-8EF3-B0A460E8079B
3922	CEC07B5C-B773-11ED-8EE5-B0A460E8079B
3923	pf146637aa005be7d8_auto2108
3924	0 104.334 0
3925	0 249.093 0
3926	E6355F82-BF4B-11ED-8EF3-B0A460E8079B
3927	1068.5 3012 423.75
3928	pf6a189be1ab72450f_auto2108
3929	D4BAD3D8-B773-11ED-8EE5-B0A460E8079B
3930	1340.5 2448 518
3931	0 184.998 0
3932	-1580 318.5 223.172
3933	DAB3E423-B773-11ED-8EE5-B0A460E8079B
3934	-1072 -1416 224.881
3935	D7651582-A68B-B156-1463-CCF6F11AA93D
3936	92239E43-D183-5DC7-A02F-145E0B546BC7
3937	C8C7EB6B-B773-11ED-8EE5-B0A460E8079B
3938	887C9E7D-AF5D-C5CA-31CE-ED01CCDE3A12
3939	D4BAD3DB-B773-11ED-8EE5-B0A460E8079B
3940	-1014 348 201.46
3941	jup_infil_palfa_rope_fall_right
3942	647026A0-F401-11ED-8F25-B0A460E8079B
3943	D578E2E1-4F23-C090-4F19-703D2245DE87
3944	792.6 3602.6 397.852
3945	7A422A65-57AC-97FC-CB77-0D3717D16703
3946	64D9A93C-6C20-AE69-811B-2C500197CCFA
3947	-1097.22 -698.64 192.489
3948	1291.5 2435.25 392
3949	900 3646 407.343
3950	71141A6A-8D72-AC75-3D1C-C93BAC5930F3
3951	87EFFECA-8A89-B99E-F09C-37FAA725AA32
3952	vfx/jup/level/mp_jup_quarry/vfx_quarry_sparks_01_ch
3953	71D32128-B784-11ED-8EE5-B0A460E8079B
3954	0 271.999 0
3955	796EF6B7-AC61-11ED-8ED8-B0A460E8079B
3956	B2F6FFF2-9794-5ED3-0D2C-28E892D059C3
3957	A4399DF0-1736-25BE-AC39-65EC9C72204B
3958	DBCA1863-9C54-16D4-D8B1-D931D1C9EDD5
3959	3B75EB4D-9176-9251-2990-0FB3C6D0EE10
3960	AA0C620D-760D-11EE-9595-68545AD2D871
3961	1196.5 3582 444.636
3962	59362061-BF4B-11ED-8EF3-B0A460E8079B
3963	7251A1D2-0399-11EE-8F30-B0A460E8079B
3964	43713BCD-97F1-5143-81A6-C303FC71503F
3965	0 283.994 0
3966	B86C7809-A463-1D64-47C3-7EAD20505B7F
3967	pf7ea617b1dae77f9d_auto716
3968	11502D24-D95F-4324-C321-255E75ADCF72
3969	BF1ABD2B-7EF5-4819-8283-8FFCA2BBD81D
3970	9DDF987B-7905-11EE-95A8-68545A904D17
3971	AD8633A5-DE08-136A-A4A0-F23877EBD94E
3972	1A7F8DD9-F402-11ED-8F25-B0A460E8079B
3973	c1
3974	532F8182-BF4B-11ED-8EF3-B0A460E8079B
3975	6A30062D-F40D-11ED-8F25-B0A460E8079B
3976	-24 3096 432
3977	B5C951C5-5B0F-425E-E09C-7D4D7DB5C9A1
3978	0 214.988 0
3979	2414 784 383.99
3980	-1619.5 996 218
3981	DFC4CBC7-96B7-6EB1-104B-A7DE7278A83B
3982	8288D591-7609-11EE-9595-68545AD2D871
3983	4D34C6B5-BF4B-11ED-8EF3-B0A460E8079B
3984	ik_in_end_left_hand
3985	913B8531-D7F3-7DF0-24C5-9BF09EBE5E41
3986	vfx_quarry_dust_move_slow
3987	0 273.51 0
3988	59362097-BF4B-11ED-8EF3-B0A460E8079B
3989	1184.5 3356 444.75
3990	-910 -870.5 190
3991	EB8D2229-0397-11EE-8F30-B0A460E8079B
3992	89F948B8-9F4E-5090-2014-5AA42271DD0B
3993	7465DE81-EB60-D00A-D8EE-123C3E2E5050
3994	01B2AAFD-310C-B80F-D733-73D6C0111FFA
3995	A3F2C909-CFD2-9E8F-5753-CCAC73A255C4
3996	vfx_quarry_trash_flies
3997	-943.5 1992 98
3998	234 59.5 227.717
3999	-831.5 132 190
4000	D4BAD396-B773-11ED-8EE5-B0A460E8079B
4001	0 272.335 0
4002	-1070 -1420 235.917
4003	pf701bb95f24f7cad2_auto2108
4004	7EA12C92-8C1E-4910-DFA0-61F5FCFCA3F2
4005	1498.75 2856.5 410.359
4006	-171.5 -904 254
4007	8C165454-AC4D-27C9-099C-C8797D527F93
4008	7C100BA0-CFA4-16AE-0874-750B43E9B4A2
4009	14C2A206-0CCE-776F-B8DB-E3D833E5C8A2
4010	-1324.2 821 190.244
4011	mp_warrior_spawn_allies_start_ds
4012	pffe3366bd869da01c_auto2108
4013	palfa_infil_exit_7
4014	1280 -616 306
4015	pf1a4df193a39fd9dd_auto2108
4016	B18018C0-1087-505D-DE91-5EAD715E846C
4017	8C3BB900-6C89-11EE-959F-68545A904D17
4018	0 187.2 0
4019	0 306.335 0
4020	FC496549-E91B-42A7-942D-4EB41DDF7A35
4021	B52872D9-6AE2-667D-8470-CD380CCF0C51
4022	pfe3721d1418572e91_auto2108
4023	-363.5 628 190
4024	0 195.999 0
4025	4D34C607-BF4B-11ED-8EF3-B0A460E8079B
4026	-120.75 2828.5 413.607
4027	58D3BF2F-2DF3-E07D-CA3B-F839C7207D10
4028	0B56F718-1DD9-11EF-8F95-E0D4E87834AC
4029	E6355F70-BF4B-11ED-8EF3-B0A460E8079B
4030	47349A49-BF4B-11ED-8EF3-B0A460E8079B
4031	2158.5 3364 466.337
4032	2526.3 1728.8 400.389
4033	EA2AA263-0E34-3EB3-66F1-4FCAD2E1C9EF
4034	5936208B-BF4B-11ED-8EF3-B0A460E8079B
4035	-1006 -1356 224
4036	6A57E365-6C8D-11EE-959F-68545A904D17
4037	934BAA77-2836-FE5C-CC97-AAD8782FB548
4038	CEC07B3B-B773-11ED-8EE5-B0A460E8079B
4039	DB802137-02A4-3BB0-C1F8-871A9BEDE805
4040	-519.5 104 466
4041	BD627ADE-87EF-78B2-865E-CFA91F22597A
4042	ik_out_end_right_hand
4043	D270C3E5-4483-5B93-D806-59E50ECD190C
4044	9D41A465-6C54-6248-3D47-AA68E334B61F
4045	B7CA7A26-B775-11ED-8EE5-B0A460E8079B
4046	532F81D0-BF4B-11ED-8EF3-B0A460E8079B
4047	36.5 284 198
4048	A5A24225-6B39-11ED-8E9E-B0A460E8079B
4049	pf6401df0ff92bc5b1_auto2108
4050	EB8D2223-0397-11EE-8F30-B0A460E8079B
4051	FC6EE92D-DBE6-E22E-5065-6663835206DB
4052	pf27e94e0733f8efaf_auto2108
4053	636.5 3228 428.092
4054	0 353.999 0
4055	A4E70503-85BE-4C14-8FB8-C6B83226C3D1
4056	mp_arena_spawn_allies_start
4057	872 3566 391.218
4058	8A165F9A-AC84-11ED-8ED8-B0A460E8079B
4059	5DB89F74-6C8D-11EE-959F-68545A904D17
4060	143C8966-BF85-BD6A-F6EF-35D530FDE948
4061	B03B4D05-C7F3-25D4-B205-04A7CDCFA669
4062	507A20CC-69EF-9CD6-3FAF-9559E34EC92A
4063	pf13d4485f42189892_auto2108
4064	default
4065	2422.5 2021 410
4066	end
4067	DAB3E498-B773-11ED-8EE5-B0A460E8079B
4068	scriptable_me_kitchen_coffee_bag_01
4069	796EF694-AC61-11ED-8ED8-B0A460E8079B
4070	CFB742C0-73CA-7521-701D-67D3A7B12C56
4071	1588 -340 335.141
4072	vfx/jup/level/mp_jup_quarry/vfx_quarry_lensflare_warm
4073	233DA90E-4FAA-3111-3B2C-88E61B2EDCEA
4074	DAB3E474-B773-11ED-8EE5-B0A460E8079B
4075	9F5B942C-E63D-3FFA-ED0E-5D12044E5DAD
4076	593620E2-BF4B-11ED-8EF3-B0A460E8079B
4077	03C1FED8-2510-1CB9-3C1A-6DB85DCD1656
4078	pf799edc751114e212_auto2108
4079	828 3560 395.042
4080	0 89.9928 0
4081	-1134 -1354 215.397
4082	uk_industrial_light_01_on_wht
4083	A5A2423E-6B39-11ED-8E9E-B0A460E8079B
4084	F40EF7FD-ECB8-AF6E-1678-C6BC6DBAD1B9
4085	2172.5 3356 466.5
4086	explode_left_90
4087	CEC07AA8-B773-11ED-8EE5-B0A460E8079B
4088	5E71F358-F401-11ED-8F25-B0A460E8079B
4089	D6C607ED-F6E2-C77E-7915-31AFB00E20CB
4090	D88BA9B5-FCF4-E4E9-AAFF-CB69A62E7A0F
4091	B6A81122-760D-11EE-9595-68545AD2D871
4092	847BFFDC-650E-15D3-2BD1-2B8555D7B193
4093	7C066969-225B-DA31-25A0-E15376D1DBFC
4094	5FB48329-55B4-8F68-9721-3EED4131F58B
4095	-148.25 2304.75 227.75
4096	C8C7EB2F-B773-11ED-8EE5-B0A460E8079B
4097	-1515.5 88 218
4098	scriptable_uk_industrial_light_01_on_wht
4099	pfbe472f445210fa56_auto2108
4100	B60F031D-5CD9-78ED-7C25-B1D4CF4BAAD3
4101	ws_raise
4102	fingers_in_end_right_hand
4103	78447F3B-E30B-AC31-44FD-87E8E2AB6DEA
4104	df_blima_interior
4105	0 89.9953 0
4106	14743253-F402-11ED-8F25-B0A460E8079B
4107	-1486.02 2874.42 457.053
4108	9411AE8E-B699-11ED-8EE4-B0A460E8079B
4109	0 339.994 0
4110	863550B0-7613-11EE-9595-68545AD2D871
4111	pfa6190831158c56d0_auto716
4112	C5063309-A942-93EC-0297-F1FDEDD1E91D
4113	0 21.9939 0
4114	1431.5 -624 310
4115	1220.5 1652 54
4116	3DE806C1-7A20-CBAD-C6E0-66FE717B7A2C
4117	20BD968D-F402-11ED-8F25-B0A460E8079B
4118	-63.5 664 330
4119	2632 2232 416
4120	532F81C4-BF4B-11ED-8EF3-B0A460E8079B
4121	DDC4056E-3149-4A57-663F-ACE77114805E
4122	532F8185-BF4B-11ED-8EF3-B0A460E8079B
4123	681.25 3432.5 429.784
4124	0 54.7119 0
4125	CEC07B4D-B773-11ED-8EE5-B0A460E8079B
4126	-1070 -1354 219.491
4127	pfa39b3f67aed9d370_auto2108
4128	24AE2722-9E2F-A952-6A91-5C07084F7FD6
4129	12C33EB6-A7D9-C52B-52D5-8E1883D30DA0
4130	A567D358-7611-11EE-9595-68545AD2D871
4131	scriptable_door_metal_04_flat_painted_mp_green
4132	vfx_ks_emp_sparks_lrg
4133	3E12C88E-7602-11EE-9595-68545AD2D871
4134	pf19c7f28924d5e54d_auto2108
4135	AC847A57-AAAF-02CB-1E77-3F639A389FBE
4136	0B1D5B7D-599B-5130-A493-AA2D8C1764B6
4137	pf7a7136b0e4b1fdeb_auto2108
4138	CEC07B9E-B773-11ED-8EE5-B0A460E8079B
4139	df_stop
4140	D4BAD3A5-B773-11ED-8EE5-B0A460E8079B
4141	52A969C0-8784-5E53-CCAB-01601329EDF1
4142	0 126.064 0
4143	6CC34B23-7F2C-B5BC-F028-560A718B3E49
4144	pffed626a10e794ef7_auto2108
4145	FF43B20C-6C7F-11EE-959F-68545A904D17
4146	BC44E072-FC9E-B5FE-FD26-5F9D555C22AB
4147	10D6E933-5B93-D2A5-1EDA-EEC0D8591C7F
4148	F68C5057-1D94-6EC9-DFE0-CCAB17C5D370
4149	135DB8D9-F401-11ED-8F25-B0A460E8079B
4150	47349A82-BF4B-11ED-8EF3-B0A460E8079B
4151	0EC9AD41-7606-11EE-9595-68545AD2D871
4152	96207968-FFB8-16B9-3ECA-B199BAE1AF1D
4153	-95.5 -856 386
4154	C26D1B27-7618-F4EE-D647-D7E658105CA2
4155	jup_infil_palfa_run
4156	180.5 -980 269.453
4157	pf7cb2ad5204c9b75_auto2108
4158	4D34C6B8-BF4B-11ED-8EF3-B0A460E8079B
4159	73483223-AC61-11ED-8ED8-B0A460E8079B
4160	-1133.1 -1419.4 234.837
4161	00941AFD-F883-4D20-5294-0078B59725D4
4162	850CAEE0-00B6-ED70-60F3-04276EBDF096
4163	ED7487FD-A985-10B0-4762-484F69642916
4164	532F81A6-BF4B-11ED-8EF3-B0A460E8079B
4165	1092.5 2476 382
4166	970.88 188.214 195
4167	1426.5 -613 310
4168	CEC07B6B-B773-11ED-8EE5-B0A460E8079B
4169	pfaff8b8d4ca530ec4_auto2108
4170	BCBCD97C-6ED3-09FA-DE44-DABF87B46DFB
4171	E416CCF2-0F65-217A-3E42-F360784D7C91
4172	CEC07AA5-B773-11ED-8EE5-B0A460E8079B
4173	D01C0B9B-D4A3-CB01-CE6E-C51C1FACF7D0
4174	pf54f15bc3186b1972_auto715
4175	1163.5 1038 82
4176	E1469B81-7613-11EE-9595-68545AD2D871
4177	86A3E429-7611-11EE-9595-68545AD2D871
4178	0 201.999 0
4179	CEC07AE1-B773-11ED-8EE5-B0A460E8079B
4180	57676896-6C8D-11EE-959F-68545A904D17
4181	64295A7B-6C8D-11EE-959F-68545A904D17
4182	BEF423A4-6C89-11EE-959F-68545A904D17
4183	2A564BBE-9941-9198-C1F9-1FF2349ABF40
4184	pf55467fa21628bfdb_auto2108
4185	-1059.5 304 202
4186	F24A888E-13FD-459A-B85C-C8023DBD509E
4187	pf5fc28e41faee8a49_auto2108
4188	E1F6CEC6-A754-BE67-E2AA-FA5009334158
4189	86573013-C5D6-4E67-C1A8-503531ED2907
4190	78C2DFDA-B784-11ED-8EE5-B0A460E8079B
4191	1CB0D29F-7E5C-7528-0229-D9E8E3E2DE02
4192	1664 2828 428.104
4193	0 78.6926 0
4194	0 8.33422 0
4195	D4BAD3A8-B773-11ED-8EE5-B0A460E8079B
4196	647026A9-F401-11ED-8F25-B0A460E8079B
4197	67EE9794-C1A7-11ED-8EF4-B0A460E80798
4198	pf1b23da521b89f287_auto2108
4199	CEC07BA4-B773-11ED-8EE5-B0A460E8079B
4200	pf4c567c293e63069f_auto2108
4201	1042 3528 413.227
4202	1943.89 -148.017 358
4203	016C4E3D-6C52-11EE-9592-68545AD2D871
4204	0 269.991 0
4205	palfa_infil_exit_10
4206	1023.83 806.341 126.534
4207	93C804DD-7610-11EE-9595-68545AD2D871
4208	6622108E-7611-11EE-9595-68545AD2D871
4209	metal_chain_01_draped_dyn
4210	-143.5 3734 461.329
4211	vfx/jup/level/mp_jup_quarry/vfx_quarry_godrays
4212	2390.75 1203.75 422
4213	-284 3504 432
4214	-651.5 3392 440.25
4215	A5A2423B-6B39-11ED-8E9E-B0A460E8079B
4216	-1072.8 -1353.9 219.203
4217	EE827A71-A6E5-11ED-8ED1-B0A460E8079B
4218	-3.5 -740 274
4219	pf8c5382ae7f4df01a_auto716
4220	vfx/jup/level/mp_jup_quarry/vfx_quarry_falling_rocks_spot
4221	796 3496 390.143
4222	2987F02D-AC62-11ED-8ED8-B0A460E8079B
4223	756.5 -940 287.558
4224	pf128b50b4d0c98f10_auto715
4225	2446.3 1664.8 400.389
4226	94203934-B4A6-FBC9-965F-7BD8FFEB4EF2
4227	C8C7EB32-B773-11ED-8EE5-B0A460E8079B
4228	scriptable_chair_folding_folded
4229	523BD12C-760F-11EE-9595-68545AD2D871
4230	16717FE8-BF8E-FF37-1F78-0C8E1B05260B
4231	731381E6-C1A7-11ED-8EF4-B0A460E80798
4232	86A3E43D-7611-11EE-9595-68545AD2D871
4233	-54.25 3726 450.75
4234	71D32114-B784-11ED-8EE5-B0A460E8079B
4235	pfdeb86c16be71936_auto716
4236	pfc83bb063484b48a_auto716
4237	pff3c42bed01444210_auto715
4238	-1135.5 828 198
4239	0 248 0
4240	-87.5 -384 238
4241	B3146690-AC0C-E612-E0E9-4B0ECF6B21B0
4242	1869.5 3580 454
4243	-427.5 2060 162
4244	593620D0-BF4B-11ED-8EF3-B0A460E8079B
4245	CEC07AB4-B773-11ED-8EE5-B0A460E8079B
4246	vfx_quarry_trash_drift
4247	jup_infil_shared_movement_pre
4248	loot_container
4249	pfd4af08f903bc5766_auto716
4250	532F817C-BF4B-11ED-8EF3-B0A460E8079B
4251	0 278.687 0
4252	0 139.988 0
4253	795808BA-F118-30B9-5145-3A8E4297DE6C
4254	7DC0F09B-817F-480F-3EA3-7B808400D121
4255	-1136.8 -1353.9 223.359
4256	20BD9696-F402-11ED-8F25-B0A460E8079B
4257	FF4ABCE8-6B5E-27D8-AA9F-5CA9AA3A3EE4
4258	7CEDB155-CF3E-27B1-D3F8-482C32CFBCDD
4259	-95.5 -856 394
4260	47349A61-BF4B-11ED-8EF3-B0A460E8079B
4261	-470 3734 452
4262	D4BAD303-B773-11ED-8EE5-B0A460E8079B
4263	0 235 0
4264	18EBAB46-D07C-6DCC-125F-3E3229BACCD8
4265	593620BB-BF4B-11ED-8EF3-B0A460E8079B
4266	20B7A1BC-F279-BDF7-0023-808171D6E648
4267	1383.25 -727.5 324.171
4268	jump_down_40
4269	jump_down_80
4270	9CB6F009-F32D-265F-F9AC-EA71AEAA1308
4271	-1198 -1354 224.914
4272	0 216.395 0
4273	D4389110-980D-0B86-3FFD-D5C3E402907B
4274	pfcca42e7b5522a6b4_auto716
4275	pff3e7f38fc44b887e_auto2108
4276	6B899DC2-6C7F-11EE-959F-68545A904D17
4277	C8C7EB38-B773-11ED-8EE5-B0A460E8079B
4278	CEC07AD8-B773-11ED-8EE5-B0A460E8079B
4279	E9F9B057-BCD4-918E-82B3-FFB0195EC00A
4280	E53B38D1-CBE1-BED4-5FAF-B441CE74ACD9
4281	CFD9FAF7-9C41-86C8-DFEB-D5906FC9EEC4
4282	pfd3cce4d901754919_auto2108
4283	0 1.99403 0
4284	-936 1388.5 174
4285	pfbb6c76c819d93b17_auto2108
4286	59362109-BF4B-11ED-8EF3-B0A460E8079B
4287	1728.41 -404.224 338
4288	pff8be9513071623b9_auto715
4289	C8C7EB65-B773-11ED-8EE5-B0A460E8079B
4290	vfx_quarry_chimney_big_smoke
4291	0 244.996 0
4292	scriptable_construction_doors_metal_b_02_mp_blue
4293	0CB454ED-1711-3B05-A6DE-BBCF602A55B7
4294	pf720ca86c19ebc289_auto2108
4295	A4F77E86-6C7E-11EE-959F-68545A904D17
4296	5936206D-BF4B-11ED-8EF3-B0A460E8079B
4297	-1576 750.5 207.145
4298	pfaf8b57b914c2c239_auto2108
4299	BC2AD093-F882-0642-4D91-EA66466433E3
4300	A00A55D5-7610-11EE-9595-68545AD2D871
4301	2664.5 2220 542
4302	0 44.9926 0
4303	14743256-F402-11ED-8F25-B0A460E8079B
4304	pf25c23c82ae2e70e4_auto715
4305	0 330.712 0
4306	968 3632 406.786
4307	0 57.9928 0
4308	pf5bdfa7c2c660fda3_auto2108
4309	16E4EE16-898F-4C9B-8FDD-74CFEAC35562
4310	DF3B7108-553F-EB4B-6425-FB30A7862337
4311	D4BAD330-B773-11ED-8EE5-B0A460E8079B
4312	2526.3 1472.8 400.389
4313	A9FE9CA4-D803-BA76-E0D4-B1DA1398E8A5
4314	D4BAD2DF-B773-11ED-8EE5-B0A460E8079B
4315	532F8164-BF4B-11ED-8EF3-B0A460E8079B
4316	un_industrial_wooden_pallet_01_chip
4317	vfx/jup/level/mp_jup_quarry/vfx_quarry_blowing_sand_mid_directed
4318	4D34C65B-BF4B-11ED-8EF3-B0A460E8079B
4319	B7CA7A2F-B775-11ED-8EE5-B0A460E8079B
4320	47349A58-BF4B-11ED-8EF3-B0A460E8079B
4321	1137 -638 302.359
4322	CFE48CE0-5269-21BE-1900-3DD0F3EC2E2E
4323	0 234.991 0
4324	0 234.999 0
4325	515E2D3B-BF67-EBE0-B459-82ECAE0230B5
4326	5215B37D-A692-CC9D-904C-A3F3A876481D
4327	-1200.8 -1353.9 233.343
4328	30EF42F4-7606-11EE-9595-68545AD2D871
4329	D4BAD3C6-B773-11ED-8EE5-B0A460E8079B
4330	2311.5 2773 456.567
4331	677.1 3648 406.26
4332	48AA9F42-BE99-DBB7-BFAB-2B72179806EE
4333	-1134 -1292 212
4334	0 166.061 0
4335	0 192.196 0
4336	ADDABD5D-335F-F657-3641-A5AD42DF0A91
4337	9D24FCB9-49FC-97DE-75DD-AAA7D4A70378
4338	DAB3E46B-B773-11ED-8EE5-B0A460E8079B
4339	752EE264-80AF-FEEE-18D4-8E918B937C4B
4340	E9284F1D-3FE5-6C2A-81DC-089EF1BBA389
4341	0 154.99 0
4342	593620C7-BF4B-11ED-8EF3-B0A460E8079B
4343	explode_right_90
4344	A72CA6CF-7607-11EE-9595-68545AD2D871
4345	0D17B90B-F401-11ED-8F25-B0A460E8079B
4346	1097DE3D-1155-7B8B-6FC6-6A2E3CBC1FF9
4347	pf26f709a1c6edea7d_auto715
4348	5E71F35E-F401-11ED-8F25-B0A460E8079B
4349	vfx/jup/level/mp_jup_quarry/vfx_quarry_blowing_dust_ground
4350	9DDF989E-7905-11EE-95A8-68545A904D17
4351	9DAEB265-7AF2-DA48-4340-CD9607A60F2B
4352	43A90C4D-B3E6-9656-E641-33E1218A0628
4353	2446.3 1600.8 400.389
4354	612096DE-DEA1-57E1-3802-5DEA64C1206B
4355	4CE943C8-FA8D-05D2-4B3B-D573F43457D8
4356	0 264 0
4357	1850 3146.5 449.349
4358	5A6CFCFF-0DF3-1FFB-DE26-6BE418B2965C
4359	D32501E8-B140-82F2-E041-1C6E66F16C48
4360	-1008.8 -1289.9 216.61
4361	11B7A4A1-3BEB-8D10-EE21-B4475BED4CCA
4362	D61D34D2-C1A7-11ED-8EF4-B0A460E80798
4363	-362.75 3106.5 432
4364	764 3560 399.042
4365	D03F90DD-C789-C40F-10BA-72B9F5D129E8
4366	D9AC5248-C568-5726-E5CF-728739D8601F
4367	806.199 3500.8 393
4368	D4BAD38A-B773-11ED-8EE5-B0A460E8079B
4369	9A20DC01-7241-DC85-9FD2-5A7FC7F77FE7
4370	BF983FDE-DCC6-9901-5473-030DA5F498D3
4371	1B742FAA-6D0C-D8BF-26C2-5AB09D38B6F6
4372	A70CBCC2-7614-11EE-9595-68545AD2D871
4373	2616 1536 408
4374	-1379.5 -52 202
4375	D650A7FE-C927-C4D9-C33C-C438972C8EE0
4376	auto_veh8_ind_lnd_buniform_static_cfx.map
4377	D10872F2-7604-11EE-9595-68545AD2D871
4378	-1560 -680 236.869
4379	FFDEA6F6-8FC8-014B-BFC3-39E25045CB0B
4380	CA4CD7BD-1270-BDA7-27F1-4188AA03CBF9
4381	vfx/jup/level/mp_jup_quarry/vfx_quarry_dust_motes
4382	DD89C02B-F446-762D-276C-8810A6F185E6
4383	2640.5 1340 410
4384	4C908E1C-AB1A-224E-9F50-E8F7BFA3453C
4385	8413A7C1-47E9-3A72-3109-6B1BE5308D30
4386	6AA5ADF0-7905-11EE-95A8-68545A904D17
4387	-1072.8 -1225.9 208.869
4388	135DB8F4-F401-11ED-8F25-B0A460E8079B
4389	9597EEF3-A74A-3713-85C2-C3C9795D2B63
4390	0 95.9861 0
4391	73483239-AC61-11ED-8ED8-B0A460E8079B
4392	pfcb4fc36888b85c9a_auto715
4393	BE962F0F-5B04-55DF-76EC-917F80EC7912
4394	F9427070-6C8C-11EE-959F-68545A904D17
4395	-1525.5 112 218
4396	BFB2A063-7AD6-5943-18C9-63D83E2495E8
4397	DAB3E42F-B773-11ED-8EE5-B0A460E8079B
4398	-774.75 -287.5 248.75
4399	0 90.3343 0
4400	BEEBF423-66EE-DC48-3C7B-B0200884AF9E
4401	scriptable_un_office_storage_box_01
4402	pf616df14e83beebf5_auto715
4403	1A7F8DC4-F402-11ED-8F25-B0A460E8079B
4404	D61D34D8-C1A7-11ED-8EF4-B0A460E80798
4405	vfx/jup/level/mp_jup_quarry/vfx_quarry_chimney_smoke
4406	6A57E356-6C8D-11EE-959F-68545A904D17
4407	2EB63FE1-C7B6-93E1-0F57-F61B751674EB
4408	01A8A8EC-52F6-F98D-E310-3815EA3B4550
4409	D4092850-6C8D-11EE-959F-68545A904D17
4410	924.5 2476 382
4411	591A8D86-7B55-0C90-2639-F3CE8DFDFE41
4412	0EA65252-2A77-7BBB-1AE0-F9DFAF55A3B9
4413	pfc07801d4a232be43_auto2108
4414	47349A67-BF4B-11ED-8EF3-B0A460E8079B
4415	0 294.988 0
4416	-977.5 -1312 242.834
4417	EB8D223B-0397-11EE-8F30-B0A460E8079B
4418	pfb762061ff000c86b_auto2108
4419	mp_control_spawn_defender_start
4420	AAE5A96A-6055-11ED-8E8E-B0A460E8079B
4421	10921994-D33C-CFA6-4480-D07A9D0C70B7
4422	-967.5 552 212.078
4423	pfd908c0d7389ed84e_auto2108
4424	-1006 -1418 242.885
4425	2393.12 871.67 375.532
4426	0 89.9945 0
4427	7067C342-F40D-11ED-8F25-B0A460E8079B
4428	824.7 3429.2 402.825
4429	98496BC3-6B39-11ED-8E9E-B0A460E8079B
4430	59362079-BF4B-11ED-8EF3-B0A460E8079B
4431	DF2D790A-F8A4-C61D-4209-B831333AEE6C
4432	CAB44285-CE19-6365-18DC-63233A3F7C71
4433	pfd36edcf709438322_auto2108
4434	pfe3601d42a47bf576_auto2108
4435	pfa6190831158c56d0_auto715
4436	vfx_quarry_falling_rocks_ch
4437	vfx_quarry_lensflare
4438	864 3416 402.6
4439	CD1007A9-2B3F-6642-D1C8-9A45CB741842
4440	E81A0ED3-760E-11EE-9595-68545AD2D871
4441	mp_koth_spawn_allies_start
4442	ADE89686-719E-FD6D-DF3A-E2BD2AD456E1
4443	365.693 2639.04 410.009
4444	-535.5 -880 394
4445	700 3624 411.844
4446	DD31E015-CA49-00B3-B591-1483B37DE502
4447	7D9FCDCE-FF67-F926-1054-BD6FDD477177
4448	9DDF98A3-7905-11EE-95A8-68545A904D17
4449	59362073-BF4B-11ED-8EF3-B0A460E8079B
4450	224.5 48 222.5
4451	DD80B9C8-E2A5-26AC-1F70-F20F447C3187
4452	1D7680A7-D11A-9A7C-A065-83CCD2B6B5F5
4453	-1070 -1290 209.328
4454	011C1087-2BAE-8C50-A929-AA62AD672EAB
4455	0 232.993 0
4456	un_office_binder_open_01
4457	-484 -882 264
4458	DFD650ED-EDC6-BF30-B950-78CD8A4A7DB6
4459	64295A49-6C8D-11EE-959F-68545A904D17
4460	0 215.985 0
4461	F8481952-0CAB-8A91-3F51-3B7EFCC52292
4462	0 50.7118 0
4463	A4780237-6842-70A8-B982-82FDFA5B0799
4464	1519.5 2032.5 414
4465	-1427.5 -886 242.025
4466	4D34C6AF-BF4B-11ED-8EF3-B0A460E8079B
4467	29F3CEB0-771D-FA84-DD9D-AC3B2EB2C2C9
4468	0 90.9996 0
4469	D014E90A-C1A7-11ED-8EF4-B0A460E80798
4470	-1061.48 1867.76 116.525
4471	0 18.7118 0
4472	frozen
4473	956 3560 405.131
4474	-1007.5 1640 126
4475	0 270.335 0
4476	E724C35B-EA14-BDA2-1419-DD3D4D203484
4477	0 244.789 0
4478	51DBFD72-A6F1-6BCE-461E-3F728719378B
4479	784 -806 282.668
4480	1793 1693 414
4481	970.88 188.214 198
4482	-582.75 -527.5 264
4483	DAB3E495-B773-11ED-8EE5-B0A460E8079B
4484	CEC07B65-B773-11ED-8EE5-B0A460E8079B
4485	72AF115E-5339-A96E-8880-28530B416A3D
4486	5121E3B7-05B8-DCDD-EF91-7D855B4014F7
4487	75EC439F-8FCE-03CF-DC87-C2B62AB20CA4
