   1	690.5 -965 2
   2	CEC037D1-72D3-5D9B-5304-C9D5BBA6F5B6
   3	2DB105A8-5D45-929F-DB72-A4846BBCC4F8
   4	6925A2FD-8E9C-11EE-9599-68545AD2D871
   5	F561CB33-B6B1-E5DB-8A2B-0466E4317AAB
   6	627 -438 4
   7	1AF1AE74-8C33-E61C-31AB-DC1413B42000
   8	27C1704B-AF50-11EE-95C0-68545A904D17
   9	EDB09FC8-5F2F-11EE-9591-68545AD2D871
  10	F81AA6D6-C75A-849A-182B-F82555EA5F4A
  11	55686E4D-8E51-11EE-95B3-68545A904D17
  12	1FB90321-EE31-996A-9998-995F6400919C
  13	C65ACEA4-01FC-DF3A-387E-AEEB7D8A7AD7
  14	decor_pot_round_01a
  15	-28 -648 16
  16	710D1D99-5F2D-11EE-9591-68545AD2D871
  17	178 876 26
  18	150 748 24
  19	E219E80F-8E9B-11EE-9599-68545AD2D871
  20	-424 366 14
  21	-326 156 16
  22	185.32 -707.618 22.5942
  23	2E25BEDE-5F29-11EE-9591-68545AD2D871
  24	18E899ED-AF4B-11EE-95C0-68545A904D17
  25	tag_window_back_left
  26	61638359-7891-C592-2A81-C1B120593323
  27	166 544 16
  28	scriptable_dem_vase_06
  29	C10572BE-DDAD-1585-6680-A1A83A1D9C4D
  30	0 43.7984 0
  31	CBB26EDE-8D6B-0DDD-547D-E781FE2C1DDB
  32	330 -8 28
  33	79A92202-8E4A-11EE-95B3-68545A904D17
  34	vfx/jup/level/mp_jup_stashhouse/vfx_stash_sunflare
  35	-798 -716 -26.8989
  36	-230 340 28
  37	0 120 0
  38	scriptable_accessory_table_vintage_glass
  39	ee_food_bar_cutting_board_01
  40	A64CB6FA-C42D-E2BC-D4E8-7CC03F5A006D
  41	vfx_stash_butterflies_02
  42	14DB65DE-AC12-11ED-9574-68545AD2D871
  43	824 -442 20
  44	14E78AF8-3C0E-11EE-9580-68545A904D17
  45	404 900 24
  46	vfx_jup_animals_pigeon
  47	-742 920 20
  48	522.275 -935.179 16
  49	E2EA522A-1D59-A374-9C5E-262A611E5810
  50	0 285 0
  51	tag_wheel_center_back_right_flat
  52	834 618 16
  53	40 -518 28
  54	4F9FBC95-019D-0BAA-A2D1-8048DC10AA4C
  55	2347CF4B-5F2D-11EE-9591-68545AD2D871
  56	BAE4CF5F-2D5B-9842-5722-90E1A0A1E4AA
  57	78E7DBA3-CE5A-B9D8-EADE-AB31D8D57395
  58	tag_origin
  59	BF0D90EB-8E49-11EE-95B3-68545A904D17
  60	63909DBA-BEFA-928F-136A-A88EE06C7C3F
  61	78E1DF4D-9D43-11EE-959B-68545AD2D871
  62	invisible
  63	798 418 20
  64	B59101AA-090F-09FA-7DDE-033946944A6E
  65	E72518AC-27D8-E6AD-F79D-67DF9661CB08
  66	FC891705-3059-7998-8FEF-3C4F325173B2
  67	F98F7E8A-5F36-11EE-9591-68545AD2D871
  68	EC561208-5F36-11EE-9591-68545AD2D871
  69	577E07AC-5F2D-11EE-9591-68545AD2D871
  70	E3A450C7-BEFC-63C4-605B-1232BAD0E8D2
  71	577E0793-5F2D-11EE-9591-68545AD2D871
  72	864 -879 2
  73	scriptable_food_beer_can_single_01
  74	CF4F39AF-3F77-5148-3F5C-57B7040D8EA6
  75	4778F09B-6F73-F367-E27C-FAEBE1C0AA33
  76	6A8288E8-5E9E-0F45-975D-70294514D8D5
  77	A49D5501-4305-BD56-448D-70810AFA3042
  78	un_office_passport_01
  79	as_decor_kabuki_mask_05_lrg
  80	34401D59-AF50-11EE-95C0-68545A904D17
  81	756 -858 12
  82	0 88.997 0
  83	30 568 14
  84	07563D12-9D44-11EE-959B-68545AD2D871
  85	0 159.998 0
  86	0B24DEAA-70EE-2362-384B-68DAAF789DB3
  87	0 89.9997 0
  88	85E0BEDA-895D-1434-2849-D1A1129AA627
  89	F60AAEE7-AF4B-11EE-95C0-68545A904D17
  90	04F4DC24-738D-5F7B-78D3-9433B88A688D
  91	87236115-82EE-E916-6BEC-6FB426FDA6D2
  92	mp_dd_spawn_attacker_start
  93	5590FD48-BEC2-63FC-A507-046147FF4E8B
  94	125C534A-11C1-BEAE-786A-1B0B96BFE5DF
  95	-720 614 20
  96	336 -206 24
  97	CA30051A-5F3F-11EE-9591-68545AD2D871
  98	mp_dd_spawn_defender_b
  99	scriptable_decor_pot_plant_fancy_01_sml_with_kale
 100	pffe449cb4d96779d1_auto2108
 101	E219E83C-8E9B-11EE-9599-68545AD2D871
 102	648393BD-5F2D-11EE-9591-68545AD2D871
 103	mp_control_spawn_attacker
 104	77A5B2F5-7B67-381B-07B2-99E28BFBFB26
 105	vfx/jup/level/mp_jup_stashhouse/vfx_stash_leaves_swirling
 106	anim_explosion
 107	4215B118-A98B-11ED-9F53-68545AD2D871
 108	ee_food_glass_liquor_group_01
 109	C5CBE339-8D0A-2279-4B64-BFCDD6B1FC4B
 110	511 -897.5 2
 111	0 282.786 0
 112	87FC4D54-C344-89E8-263E-4466B5411F43
 113	-308 278 24
 114	0 89.998 0
 115	411 925 16
 116	0 104.998 0
 117	23FABE82-3BC2-11EE-9580-68545A904D17
 118	0 296 0
 119	-703 -55.5 8
 120	98CC5EF6-7C2D-6B65-80F8-F76BB386C18E
 121	ACD6C57D-AF08-39E9-F944-8FE1D02F8815
 122	4215B0EE-A98B-11ED-9622-68545AD2D871
 123	0 90 0
 124	-612 -710 -28.5785
 125	4534B1F2-6C27-2714-8C95-D320281A479F
 126	398 -798 20
 127	5A8FC4BC-5F29-11EE-9591-68545AD2D871
 128	A7CC9E65-839F-7426-AD34-A452BD8694FB
 129	DD80FED3-9D44-11EE-959B-68545AD2D871
 130	8514067B-5F04-11EE-9591-68545AD2D871
 131	scriptable_as_decor_kabuki_mask_05_lrg
 132	mp_dd_spawn_attacker_b
 133	828 -824 22.5678
 134	C25DDE46-5F39-11EE-9591-68545AD2D871
 135	EDA172DB-896D-C381-B8CE-537BE08F5961
 136	scriptable_kitchen_knife_chef_01
 137	-312 -198 16
 138	visibility manager
 139	A1861FF6-5F2D-11EE-9591-68545AD2D871
 140	tag_windshield_front_web
 141	vfx_stash_leaves_swirling
 142	59068549-AC11-11ED-9574-68545AD2D871
 143	DC67A004-B340-693D-0B36-976DFCD33520
 144	F03EF24C-29E7-11EF-95CE-68545A904D17
 145	3A7D0C37-AF50-11EE-95C0-68545A904D17
 146	B3328BDE-FA0F-CB40-BEB5-4A1E7920BF43
 147	4AFAE992-4399-2A36-3BA8-C318E7F80729
 148	0 268.999 0
 149	pfd08abd93177416c2_auto3
 150	CC8617CA-AF49-11EE-95C0-68545A904D17
 151	304 460 20
 152	D423E80A-C400-E2B0-B790-B24905A738EB
 153	02A593CC-AD7E-627D-8A4F-18FB43D9D256
 154	-529.5 846.5 28
 155	A069FE95-DD93-846C-4002-8C2E71227DB4
 156	tag_light_back_left
 157	B7F44388-5F03-11EE-9591-68545AD2D871
 158	2012113D-6DD5-0561-DC1E-9C5C00A8A7B6
 159	B7F44365-5F03-11EE-9591-68545AD2D871
 160	scriptable_tool_paint_brush_01
 161	202AEA53-B470-26F6-82BD-9CFABE89512C
 162	F40B35B5-AF4A-11EE-95C0-68545A904D17
 163	vfx/jup/level/mp_jup_stashhouse/vfx_stash_water_drips_sml
 164	1D71E250-787C-A70E-4A33-C84BA36B8E44
 165	0 69.9987 0
 166	pfeea73b414be014f7_auto2108
 167	vfx
 168	36B8C3DF-D664-60A0-9774-D677B2691BB7
 169	vfx/jup/level/mp_jup_stashhouse/vfx_stash_fireplace
 170	bathroom_toiletries_bottle_pump_02_mp
 171	7FAFC082-8E49-11EE-95B3-68545A904D17
 172	pf3ef92af7d2321ce0_auto2108
 173	434 336 16
 174	D892004A-8E4B-11EE-95B3-68545A904D17
 175	7A077819-76C0-A261-EDDD-A1987CAEADA6
 176	0137A2D0-AF4B-11EE-95C0-68545A904D17
 177	C500809C-26C7-7EA1-52EE-CB2AD33D59D1
 178	702 0 24.9888
 179	pffd3beb11ff483886_auto2108
 180	BBE0C7F8-5F2C-11EE-9591-68545AD2D871
 181	3FD4824A-2993-ECB2-A03D-00A72DD72961
 182	closed
 183	-798 -562 12.9353
 184	light_front_right_2
 185	-298 -280 16
 186	378 -866 16
 187	09BB6054-68A2-313A-6AAD-4D84D1871E67
 188	me_kitchen_coffee_bag_04
 189	6634CBDB-5F37-11EE-9591-68545AD2D871
 190	06A1A0F7-47F7-A261-FE5C-1F61D71841FD
 191	DC467C1D-2CC7-03B3-E3E5-39AA7EA2E9D2
 192	20BE2D62-3C0E-11EE-9580-68545A904D17
 193	DE8EDEA0-8E4B-11EE-95B3-68545A904D17
 194	28B3CB13-17C9-8676-CDA1-EAC701E040C7
 195	5D77B45D-5F2D-11EE-9591-68545AD2D871
 196	E702FEAB-4C3E-EF65-1786-3D788CEF9C0E
 197	mp_dm_spawn_start
 198	711 94 20
 199	0 104.999 0
 200	6D2E0E37-05DA-462D-67DC-CC749E063138
 201	5236D3BF-5F2A-11EE-9591-68545AD2D871
 202	-733.5 458 20
 203	E2B8775B-A582-AB93-BDF1-EE18B12C9B46
 204	C816AFAA-5F2E-11EE-9591-68545AD2D871
 205	7F57BFE2-AC10-11ED-9574-68545AD2D871
 206	bathroom_toiletries_tub_02
 207	DBEFC24C-8E9B-11EE-9599-68545AD2D871
 208	25387BB1-A577-CAB0-CDB0-A3C150F7FEE1
 209	-12 -658 28
 210	4CC75CFE-AF4B-11EE-95C0-68545A904D17
 211	mp_dom_spawn_allies_start
 212	E70B6740-D792-64D0-1136-CD999339CBDF
 213	50502555-7CC6-5D49-B39B-86598ED79580
 214	mp_arena_spawn_axis_start
 215	412 -926.5 2
 216	scriptable_bathroom_toiletries_bottle_pump_02_mp
 217	47145F42-AF50-11EE-95C0-68545A904D17
 218	B2DE7488-E186-E98A-79E7-095C24BC1A92
 219	-662 829 20
 220	scriptable_kitchen_appliance_toaster_02
 221	-740 -140 9.023
 222	800 -237 16
 223	mp_warrior_spawn_allies_start
 224	E96E822E-AC10-11ED-9574-68545AD2D871
 225	scriptable_accessory_plant_pot_fake
 226	A6DB982B-5108-6059-4D4B-19F37DFE8A37
 227	splash_listener
 228	0 274.999 0
 229	424 -866 16
 230	66018303-6FB0-BF40-E776-0C49AFD1781B
 231	pf1e2c3e09280f847f_auto2108
 232	04784E2B-5C79-E683-C97C-95B641310ACE
 233	7286F5C9-5F37-11EE-9591-68545AD2D871
 234	533A544A-12B1-B43F-8238-BCF12A51C367
 235	-774 -340 6.1707
 236	-198 -788 6.91892
 237	6B0BB76C-A409-8C98-30E2-A0FDA7AD05BE
 238	336D4653-AB71-5FED-5DB6-01AE51946CFE
 239	870 -754 20
 240	232 58 16
 241	499 815 16
 242	562 -884 16
 243	0 31.1978 0
 244	342 317 16.8349
 245	front_left
 246	-9280 8256 0
 247	pfc45cc1a42b92b119_auto2108
 248	F48FE00A-8E49-11EE-95B3-68545A904D17
 249	39729660-3C6A-D15F-FA19-A2183E198EE3
 250	E854D0BD-8E9B-11EE-9599-68545AD2D871
 251	DE547A46-09C6-20A7-CDE9-F385C140A379
 252	860 -778 20
 253	tag_wheel_center_front_right_flat
 254	6477505D-9D44-11EE-959B-68545AD2D871
 255	-502 844 12
 256	B6750DC0-1233-FA82-7A42-8F177A5C4DF8
 257	vfx_stash_leaves_falling_palm_med_01
 258	38ADB1BB-712B-AF37-F5DE-DFDCD0F99686
 259	07AAC9AD-ED40-6CE3-7A78-D44CC234978A
 260	pf9bc8a53ce1b5eef9_auto2108
 261	5
 262	9FE9123F-AF4B-11EE-95C0-68545A904D17
 263	pf2ec8265b4e2763e3_auto2108
 264	pff7915517a9aeeae_auto2108
 265	base_book_group_04a
 266	27C17046-AF50-11EE-95C0-68545A904D17
 267	1AFF8D8A-9D45-11EE-959B-68545AD2D871
 268	300 328 16
 269	E854D0DB-8E9B-11EE-9599-68545AD2D871
 270	1134EA68-FEF3-703B-51E4-B58CEBDA6487
 271	-130 752 20
 272	E802B2D7-F114-40B4-05D6-EAB9C699E39C
 273	E854D112-8E9B-11EE-9599-68545AD2D871
 274	5F61828F-AC11-11ED-9574-68545AD2D871
 275	BA6AEFBC-5F2E-11EE-9591-68545AD2D871
 276	79BBF481-564D-A7F5-CF06-3EAB08641258
 277	E219E819-8E9B-11EE-9599-68545AD2D871
 278	828 -568 12
 279	00F5916F-5F37-11EE-9591-68545AD2D871
 280	648393B2-5F2D-11EE-9591-68545AD2D871
 281	pf4c6661111ac86717_auto2108
 282	tool_shop_broom
 283	-734 746 16
 284	89983E86-030C-62E8-ABD6-833434B056CB
 285	-518 912 22
 286	D5C47664-AF4B-11EE-95C0-68545A904D17
 287	143 728 20
 288	E10AD281-40C6-1A74-19E9-098C44F883D0
 289	40CB132C-AF50-11EE-95C0-68545A904D17
 290	E6F1F7FA-9E72-0C45-8116-F6A10F3F334C
 291	A5F38E9F-5F39-11EE-9591-68545AD2D871
 292	BA8758F0-5F39-11EE-9591-68545AD2D871
 293	710 126 20
 294	D447B27D-BE1E-CF71-A898-44318733806D
 295	-180 -294 68.9729
 296	39D870CB-AC11-11ED-9574-68545AD2D871
 297	door_back_right
 298	42D7E33F-9D44-11EE-959B-68545AD2D871
 299	pfb13e4879e0d5b71c_auto2108
 300	367ED356-5F2F-11EE-9591-68545AD2D871
 301	800 -948 16
 302	E444288A-AF1F-3587-52E9-4C928260603D
 303	E219E84B-8E9B-11EE-9599-68545AD2D871
 304	3FB8A924-8E51-11EE-95B3-68545A904D17
 305	0 4.99889 0
 306	FAF9A7B1-B784-C950-B7BE-243CCE3CB604
 307	0 39.9996 0
 308	D2FBFE4D-3EBD-5DF1-4E6E-BAF617D8390C
 309	B771F8D1-512E-ADF2-172F-E15E0CDDAC7E
 310	0 230 0
 311	82AD4183-5F2F-11EE-9591-68545AD2D871
 312	D08F6208-5F2C-11EE-9591-68545AD2D871
 313	D2016DCB-A476-9A24-4A08-0AB846380592
 314	B644B739-9010-AF1F-4FD3-B882061CE61E
 315	04DE6B1A-3BF9-9BF6-CB24-334F94362B35
 316	9CF060B8-3C50-2C00-3AA1-81452D835F63
 317	8AB40815-214B-E8ED-ED58-8B1AB6F2D603
 318	0DECE3B5-91D2-0AFD-C80F-0290D7D0D89B
 319	BCDF2383-1145-EF6D-5682-BFB5C9465314
 320	45C14384-D701-EB59-B42F-65BF3749F117
 321	4D52ADD7-AF50-11EE-95C0-68545A904D17
 322	E854D11C-8E9B-11EE-9599-68545AD2D871
 323	light_front_left
 324	42158BA4-A98B-11ED-A790-68545AD2D871
 325	E00C7B02-A5E7-EF3A-4A6F-2E5D628BD726
 326	scriptable_me_kitchen_coffee_bag_04
 327	A31F15D6-C0B9-4891-91E7-6BC851A2462A
 328	5FA4FEEC-FEB8-25ED-3352-494CD23A6CEA
 329	D29337AF-5F29-11EE-9591-68545AD2D871
 330	back_right
 331	29E072BF-9FC2-08A6-849A-36E8774574BF
 332	5D10F342-8E9B-11EE-9599-68545AD2D871
 333	CF90CE4D-AF4B-11EE-95C0-68545A904D17
 334	807.5 -855.5 2
 335	750 628 20
 336	292F87A2-8E49-11EE-95B3-68545A904D17
 337	F4297E7A-0F83-38E8-1652-BB7E444A61EC
 338	-244 872 20
 339	0 89.9969 0
 340	34401D36-AF50-11EE-95C0-68545A904D17
 341	-302 -32 24
 342	71C4930C-D842-4E4A-7B21-B139CDA50EF3
 343	-666 356 10
 344	D0975099-5F3F-11EE-9591-68545AD2D871
 345	93618C9F-85EE-6546-A894-CAF3E0A236E4
 346	-182 -299 53.4577
 347	6B9A37FB-ADDB-C294-9FFC-2BD4771FFAB5
 348	4215B11A-A98B-11ED-8546-68545AD2D871
 349	57AEA0DE-F5E6-B827-1673-90C270D18002
 350	C6F65456-8E4A-11EE-95B3-68545A904D17
 351	F04ACB06-75BD-A5DF-818E-23EF28796D26
 352	-694 -864 -28
 353	64FB8AB6-71C5-F759-11C2-101D7E4BBC02
 354	paris_potted_plant_small
 355	0957C138-8E4B-11EE-95B3-68545A904D17
 356	B79247BA-9D43-11EE-959B-68545AD2D871
 357	pf183eb8cbe4fa8a13_auto2108
 358	-726 592 22
 359	2545A197-3A2C-62EF-1801-76DCC4E565E9
 360	576 -880 16
 361	50356DBD-8E98-11EE-9599-68545AD2D871
 362	scriptable_as_decor_kabuki_mask_02_lrg
 363	0 13.9979 0
 364	0 194 0
 365	6925A2F7-8E9C-11EE-9599-68545AD2D871
 366	4D52AD9B-AF50-11EE-95C0-68545A904D17
 367	E5507AE2-7D11-1481-C3C9-EC32928F61E9
 368	hood
 369	0 260 0
 370	06E9F810-8009-E1A8-E3D8-9AFC357C8B1A
 371	421575F2-A98B-11ED-9E9A-68545AD2D871
 372	-26 -714 20
 373	3298D3A9-8E9B-11EE-9599-68545AD2D871
 374	un_office_passport_01_open
 375	53A7BA0D-AF50-11EE-95C0-68545A904D17
 376	852 -572 20
 377	6925A2EB-8E9C-11EE-9599-68545AD2D871
 378	jup_urz_veh9_civ_lnd_van_cargo_air
 379	0 345 0
 380	0 126.997 0
 381	-761 -248 9.47051
 382	D3227C82-5F36-11EE-9591-68545AD2D871
 383	3065ED42-B870-F447-787A-A2FD3CBDEF20
 384	F670DABF-29E7-11EF-95CE-68545A904D17
 385	0 89.9985 0
 386	21ABC0CD-9D43-11EE-959B-68545AD2D871
 387	792 920 18
 388	0 89.9992 0
 389	BEB7A7AF-5F29-11EE-9591-68545AD2D871
 390	742 -937 12
 391	B32303D1-1FB7-0ADD-4E44-B4F7BCF298A2
 392	0 69.9998 0
 393	scriptable_me_decor_vase_blue_01_sml
 394	FFD69AC9-8E51-11EE-95B3-68545A904D17
 395	4D52ADA0-AF50-11EE-95C0-68545A904D17
 396	0 313.399 0
 397	7876C6EF-5F2F-11EE-9591-68545AD2D871
 398	axis_endzone_vis
 399	47145F0B-AF50-11EE-95C0-68545A904D17
 400	12FB3747-EC6B-E591-1849-AF5C120EC38C
 401	4036FD83-5F37-11EE-9591-68545AD2D871
 402	7AB09B0F-90A8-3C5C-41A4-80A6EA570FC5
 403	pfbd84908af9a2e23a_auto2108
 404	-717 697 4
 405	68D475CF-B635-9664-0CEC-CB99E3657479
 406	488E318F-3303-148F-6736-9BAED8E72D20
 407	34401D2C-AF50-11EE-95C0-68545A904D17
 408	scriptable_un_office_passport_01_open
 409	2244C58D-31CA-395C-709D-F668247EB00B
 410	42C7120F-EFCD-8D4B-8B3F-5A018FF54F0B
 411	0 271.477 0
 412	9A9D1CA5-59F7-35F4-9FC7-C59118391412
 413	98 568 20
 414	2A4EB0BC-3CC5-C0C9-3A41-97B2F19A18E0
 415	vfx/jup/level/mp_jup_stashhouse/vfx_stash_dust_blowing_ground_dirt
 416	4215D8BB-A98B-11ED-A122-68545AD2D871
 417	24B0F6F2-D81E-E071-89B3-268A7759D9A0
 418	construction_hanging_saw_01
 419	B64DC0F1-5F2F-11EE-9591-68545AD2D871
 420	pf2623ecca04d28ba1_auto2108
 421	282 764 16
 422	0 295 0
 423	0254D64C-8E9C-11EE-9599-68545AD2D871
 424	0 286 0
 425	-410 917 16
 426	-650 244 20
 427	42158B9B-A98B-11ED-9910-68545AD2D871
 428	0 183 0
 429	-720 -850 -28.8913
 430	716 -942 20
 431	60B62F32-24F2-CCEA-E0FC-7D5D5ED54C52
 432	pf9023bca9a5ec1bbe_auto2108
 433	54BB8F9A-5433-47C3-A35F-B8DCCF387A72
 434	53A7BA1C-AF50-11EE-95C0-68545A904D17
 435	-38 -672 20
 436	53A7BA2B-AF50-11EE-95C0-68545A904D17
 437	367 -850 20
 438	0 289.999 0
 439	342 312 32.9102
 440	0 40 0
 441	dem_vase_03
 442	114B0089-B4BC-D992-D959-51ABFA660F56
 443	E219E878-8E9B-11EE-9599-68545AD2D871
 444	pf31c6d09c6c5d70b5_auto2108
 445	0D64067A-5F2F-11EE-9591-68545AD2D871
 446	4215D8B5-A98B-11ED-B193-68545AD2D871
 447	-738 908 22
 448	scriptable_misc_tools_wrench_01
 449	560 -968 16
 450	828 -330 16
 451	headlight_right_dead
 452	mp_dd_spawn_defender
 453	-554 -860 -23.3939
 454	F829F800-E2D0-A6F5-085F-01FD1D6FF7F8
 455	B7F44347-5F03-11EE-9591-68545AD2D871
 456	tag_window_back_right_corner
 457	vfx_stash_water_puddle_ripples_02
 458	0 249.999 0
 459	vfx_stash_butterflies
 460	06796BDC-BECA-20D6-F657-B6C351B8F095
 461	
 462	0 840 16
 463	38C10061-1D35-CBF9-78C1-3BD62351B93A
 464	D1B2B230-F75A-9AE0-6E65-EFD49A5AFC72
 465	2E094949-AF50-11EE-95C0-68545A904D17
 466	0 103.999 0
 467	0 67.9977 0
 468	EE710176-8E49-11EE-95B3-68545A904D17
 469	-792 -384 25.8373
 470	F76FAED7-7924-F8AC-7AA5-5C3C29AAB455
 471	scriptable_cnd_martini_glass_01
 472	pfb70693e55d6bf6c9_auto18306443964866146358
 473	0693525F-AC11-11ED-9574-68545AD2D871
 474	0 264.997 0
 475	09A6F64F-52F1-0FBA-F4FC-E77613F03D65
 476	3A21C2FF-1DCB-0D8A-963B-38593B326694
 477	-371 833 16
 478	1CAEC29E-5FEB-146B-C210-62F8DA597FA2
 479	254 -304 28
 480	8193D806-30A4-1EA2-7699-1774D3501FAE
 481	78F9B654-6EAD-D0C9-EF4E-2EB62D72F4DF
 482	C167C1C6-AF4A-11EE-95C0-68545A904D17
 483	E3132881-AC12-3918-8652-88298EE2527F
 484	5BFCD02A-8E51-11EE-95B3-68545A904D17
 485	672 -868 12
 486	FE8E551A-F112-E1BA-1200-B33D74347D73
 487	pf32f01c75f8d80dde_auto2108
 488	1F5C7B4C-AF4B-11EE-95C0-68545A904D17
 489	C782A6CF-AF4A-11EE-95C0-68545A904D17
 490	43973769-8E52-11EE-95B3-68545A904D17
 491	7FFBAF5F-5F37-11EE-9591-68545AD2D871
 492	0 88.3974 0
 493	554 -896 16
 494	EF018B87-55DA-8F93-A18B-C63E48805D9D
 495	727.5 367 24
 496	91.1798 -699.382 22
 497	CAD8E696-57E6-D42F-4B70-7C940E9508DA
 498	F3154687-3364-E19C-24BA-347DE7DC50C7
 499	mp_dm_spawn
 500	-14 -760 16
 501	7AA1FEA2-9D19-DCB5-B517-9934EECBBC19
 502	176293AF-AE04-362E-A30E-F0D54F139BAF
 503	-332 896 16
 504	windshield_front
 505	332 -86 32.8717
 506	12505655-8E9C-11EE-9599-68545AD2D871
 507	16 -526 28
 508	0 272.088 0
 509	EA4960A9-AF4B-11EE-95C0-68545A904D17
 510	pff2a7b6c80c959f01_auto2108
 511	D4E8682C-E9E0-FFCB-61B8-FBAB42AA2EB4
 512	B76253AF-23D3-B9F9-1FD3-31DF0227C41D
 513	4215B117-A98B-11ED-93A9-68545AD2D871
 514	pfe25182ecde776f4b_auto2108
 515	-650 920 22
 516	pf5b29767a8add55b8_auto2108
 517	16AF51DD-8E4C-11EE-95B3-68545A904D17
 518	accessory_table_vintage_glass
 519	pfe2dfb9b6a519bc29_auto2108
 520	E6F8B147-BF92-4096-D91E-26C2B9F6AAA8
 521	-798 -654 -8.02089
 522	FA7C9576-AF4A-11EE-95C0-68545A904D17
 523	47145F29-AF50-11EE-95C0-68545A904D17
 524	C6392235-7EF9-2DC2-A0D2-1C1C746B206F
 525	18E899E2-AF4B-11EE-95C0-68545A904D17
 526	484AA46B-5F09-11EE-9591-68545AD2D871
 527	scriptable_misc_tools_hammer_01
 528	F7B31D4B-0B62-3FC2-1FCA-1B3A49D66971
 529	0 0.99757 0
 530	-638 926 20
 531	0 116.997 0
 532	scriptable_cp_rave_magazine_single_02b
 533	604 -890 12
 534	03973081-EEF9-161A-AF77-96867AE56D73
 535	-306 288 16
 536	04987308-9D45-11EE-959B-68545AD2D871
 537	0 184 0
 538	837FBAF4-8E51-11EE-95B3-68545A904D17
 539	4 728 24
 540	282 740 20
 541	B7F44379-5F03-11EE-9591-68545AD2D871
 542	0 250 0
 543	0B7DFA91-48B0-C0EE-D76C-316D23B88B76
 544	E5DADB55-5F08-11EE-9591-68545AD2D871
 545	264 344 24.8565
 546	24F494C4-3977-5272-BA1A-140DC93998CA
 547	0 72.9986 0
 548	container_paint_can_01
 549	-736 826 20
 550	E219E846-8E9B-11EE-9599-68545AD2D871
 551	0 235.399 0
 552	834 646 22
 553	389FDC7F-F386-78BC-4AE3-F872DD0A88C0
 554	0 178.997 0
 555	292 886 20
 556	1306C8A4-AC11-11ED-9574-68545AD2D871
 557	0 46.9981 0
 558	B7AD1294-9EB2-C585-B6BC-E57AA1C01177
 559	vfx_stash_leaves_blowing_ground_sml
 560	94 572 22
 561	scriptable_lighting_modern_table_lamp_02
 562	3F787887-6092-E146-503C-631B004267C5
 563	832 884 18
 564	30115F5F-7CBC-BEA8-DF73-3EE605907899
 565	scriptable_bathroom_toiletries_bottle_01
 566	-646 920 20
 567	09AB277E-AF4C-11EE-95C0-68545A904D17
 568	55F752B7-7A39-ED5B-C09E-98388F78E7F1
 569	E854D0E0-8E9B-11EE-9599-68545AD2D871
 570	0 93.9999 0
 571	0 89.0982 0
 572	F4F914C6-7572-245E-E03D-C8F4F9714EFE
 573	0 267.852 0
 574	p7_bottle_glass_liquor_09
 575	-272 -810 2.60444
 576	DC5E24F2-5F2E-11EE-9591-68545AD2D871
 577	-8192 8128 0
 578	726A1447-AC10-11ED-9574-68545AD2D871
 579	right_50
 580	right_90
 581	B7F44338-5F03-11EE-9591-68545AD2D871
 582	806 -253 16
 583	-571 911 16
 584	4E47F3C4-E3C6-D7E5-EC95-2DE1B6173641
 585	2
 586	vfx/jup/level/mp_jup_stashhouse/vfx_stash_showers_pipe_drips
 587	9F11E706-5F2C-11EE-9591-68545AD2D871
 588	E48415D2-0434-47A0-D116-6DBFB20F3D07
 589	0 174 0
 590	FA464366-BBFD-F4A3-D242-C4EB84E8E815
 591	4FE8E21F-C7B1-9DA7-6DD7-C4FAE04C6592
 592	decor_miniature_boat_01_s0p3
 593	034E4521-5F2D-11EE-9591-68545AD2D871
 594	354DC7F1-94F2-7899-E78B-D8912A92DE8D
 595	0 89.997 0
 596	-8192 8320 0
 597	pfc60c407c2b2ed5b9_auto2108
 598	0 97.299 0
 599	mp_dom_spawn
 600	646.309 922.395 17
 601	vfx_stash_dust_blowing_ground
 602	580E0F2B-00D1-CDAA-4CCE-E11D07ADCB47
 603	scriptable_p7_bottle_glass_liquor_05
 604	33E4DDEA-3F44-E4F8-0A27-97527BC7C99B
 605	hardpoint_vis_05
 606	C00F31A7-495A-CBE0-8C80-A15C6C9242A6
 607	-184 -292 48
 608	2E094971-AF50-11EE-95C0-68545A904D17
 609	54A5F895-AF4C-11EE-95C0-68545A904D17
 610	vfx_stash_dust_blowing_ground_dirt
 611	BABBE9A0-0DAF-B825-EB76-94FF65ECCDE8
 612	728 -942 16
 613	0 71 0
 614	D9A871DA-AE6A-5682-CD65-4CB3A2373B58
 615	24CD5484-E23E-535C-D689-4C6585A9D984
 616	78E1DF5B-9D43-11EE-959B-68545AD2D871
 617	0 200 0
 618	C5324297-AF49-11EE-95C0-68545A904D17
 619	0 135.999 0
 620	-772 -294 2.46427
 621	pfbf1409779ed7e038_auto2108
 622	0 117.997 0
 623	3EEF501F-81D8-1291-1AC8-D15D74F0EC58
 624	car_alarm
 625	pff28481d2daa20eb9_auto2108
 626	0 283.999 0
 627	652 -890.5 2
 628	-330 900 20
 629	3FA4C3BF-7773-D498-011F-E125E77A31E7
 630	tag_wheel_center_front_left_flat
 631	563.5 -962.5 2
 632	AD49D19C-9D44-11EE-959B-68545AD2D871
 633	scriptable_bathroom_toiletries_tub_02
 634	cp_generator_toggleable
 635	-722 808 24
 636	p7_bottle_glass_liquor_05
 637	scriptable_jup_urz_veh9_civ_lnd_van_cargo_air
 638	-594 -60 8
 639	692E6667-171F-5029-745E-A85531FBD747
 640	0 0.997494 0
 641	804.5 -422 24
 642	pfe29b0aa8f400baaa_auto2108
 643	8FAF6380-DEE5-16A2-D849-B2C3CA1BDF2E
 644	D22AADA3-AC10-11ED-9574-68545AD2D871
 645	visibility
 646	base_book_group_01a
 647	-196 -812 5.90322
 648	3A7D0C41-AF50-11EE-95C0-68545A904D17
 649	289F877A-9D45-11EE-959B-68545AD2D871
 650	95C04FB6-FB6E-FC75-3DBD-E3A4E1A6B226
 651	FDD443EF-590A-77F1-6EF6-9823A645FBB9
 652	-672 826 20
 653	602 -992 12
 654	4D52AD96-AF50-11EE-95C0-68545A904D17
 655	0 269.999 0
 656	A5292ECD-5F2C-11EE-9591-68545AD2D871
 657	36A2836D-D8B9-1807-5D03-9819BEAA42D2
 658	door
 659	EE59B1B5-3C0D-11EE-9580-68545A904D17
 660	pfdda15faf39122a16_auto2108
 661	scriptable_misc_bottle_wine_04
 662	vfx_stash_leaves_blowing_ground_petals
 663	-718.5 440 22
 664	static
 665	496 50 20
 666	E96E821F-AC10-11ED-9574-68545AD2D871
 667	06935262-AC11-11ED-9574-68545AD2D871
 668	D51850E4-33C4-41AC-F6B5-464B7F20C61B
 669	792 880 20
 670	pfb3b3d6bf359c9154_auto2108
 671	E854D117-8E9B-11EE-9599-68545AD2D871
 672	-194 -296 32
 673	3482AC13-5F29-11EE-9591-68545AD2D871
 674	047E188C-AF36-4674-43A3-CA3E8419758D
 675	pf3c0a9718056acced_4
 676	-642 896 20
 677	tag_mirror_left
 678	52F7E36D-5F37-11EE-9591-68545AD2D871
 679	156 -780 20
 680	494 -912 2
 681	89A8E767-BCEE-A139-5887-508B675FF5BF
 682	-298 280 28
 683	A4A9ED0E-158B-7911-D951-D1D52ED1FF6B
 684	0F9D9E9C-D34B-AF01-ECB5-AD0C736E6237
 685	694E353D-339F-E728-1A6A-8EF1357896A4
 686	A3B8C76C-ED54-DD6E-99F3-850E39BC0950
 687	vfx_stash_water_splashes_small
 688	-656 190 20
 689	6925A2FA-8E9C-11EE-9599-68545AD2D871
 690	scriptable_p7_bottle_glass_liquor_09
 691	D22AADB2-AC10-11ED-9574-68545AD2D871
 692	F212F9D8-8E4B-11EE-95B3-68545A904D17
 693	-726 688 20
 694	3B9749F8-997B-1A8D-DB59-CBEFB2BA466B
 695	0A99C356-E8ED-8F49-E736-91D649C5DF92
 696	tag_wheel_center_back_left_flat
 697	96A83172-CCA5-152B-F67F-B452C964FB70
 698	-262 858 20
 699	5D10F32B-8E9B-11EE-9599-68545AD2D871
 700	389DE859-8E9B-11EE-9599-68545AD2D871
 701	421575F1-A98B-11ED-8F74-68545AD2D871
 702	6A03FBF3-5E15-2D52-DFE6-57721AAB07E9
 703	34401D3B-AF50-11EE-95C0-68545A904D17
 704	3307FD78-AF4B-11EE-95C0-68545A904D17
 705	AE5BD3E5-5F2F-11EE-9591-68545AD2D871
 706	pfa7c405716c1e4884_auto2108
 707	6B648369-6441-7F4F-03AE-78AA0882145F
 708	0 314 0
 709	288D03E8-8E9C-11EE-9599-68545AD2D871
 710	40CB1368-AF50-11EE-95C0-68545A904D17
 711	7FAFC073-8E49-11EE-95B3-68545A904D17
 712	CC005D24-5F36-11EE-9591-68545AD2D871
 713	-214 -800 6.10811
 714	C816AF99-5F2E-11EE-9591-68545AD2D871
 715	1841C927-5FFE-A7E0-C315-C65D075FF5C8
 716	76812D78-36FD-F2AF-F86B-AB23342CF9A7
 717	-112 -570 22
 718	2E094926-AF50-11EE-95C0-68545A904D17
 719	3D7DE62D-05D3-530D-512C-ACBF8348A33B
 720	D69482B8-E484-BEA9-103A-83736AC6EAA6
 721	717 8 16
 722	CAC6AD50-7BCF-1CD4-EA07-59A3CA2D4A05
 723	16682248-1213-05DE-3C4E-2FCCE6A7C4FA
 724	034E4516-5F2D-11EE-9591-68545AD2D871
 725	0 102.999 0
 726	E854D108-8E9B-11EE-9599-68545AD2D871
 727	4A9FE3BF-8536-2A29-19F0-1FE70E456D0E
 728	344F6FE2-FF38-042C-BFD9-8671194480E4
 729	34401D63-AF50-11EE-95C0-68545A904D17
 730	60C6012E-AF49-11EE-95C0-68545A904D17
 731	right_30
 732	vfx/jup/level/mp_jup_stashhouse/vfx_stash_water_splashes_small
 733	590.5 -887.5 2
 734	-376 -526 16
 735	421 937 20
 736	1AB76B8D-AAD9-EE5F-B9B1-21779C5E7300
 737	tool_paint_brush_01
 738	dead
 739	vfx_stash_water_decal
 740	D2565FFD-F351-1382-9702-443308BF34C3
 741	E5BD4C3E-2F27-9038-35D3-F3812BD95E33
 742	D0582E9C-8E51-11EE-95B3-68545A904D17
 743	scriptable_lm_cash_stack_pile_md_01_destr
 744	-633 759 4
 745	595229BA-EFF4-B6C5-262D-F935DF15F1B6
 746	47145F15-AF50-11EE-95C0-68545A904D17
 747	E393F648-AF4B-11EE-95C0-68545A904D17
 748	kitchen_appliance_toaster_02
 749	D96D785C-78D8-7015-17FE-6908FBF0224B
 750	4A71C6BE-FD50-5566-7525-962EAA87671B
 751	0 90.991 0
 752	5611FEB6-20E8-3CBE-B7B3-BFE5FFBCF421
 753	-734 630 4
 754	FC831733-615D-BDB4-62C6-01F7C26A375D
 755	66845082-029D-8F40-B0D4-CD8D4DEF1F38
 756	563 945 17
 757	0 184.999 0
 758	3E5ADCB1-5411-AD1D-DD5A-5D3A5A10BB70
 759	8514069C-5F04-11EE-9591-68545AD2D871
 760	0269326B-D805-8F8C-8ACA-A50A4C87A823
 761	B08845CC-76D4-857B-317E-51D79B372F68
 762	27C1706E-AF50-11EE-95C0-68545A904D17
 763	hardpoint_vis_01
 764	389DE840-8E9B-11EE-9599-68545AD2D871
 765	784 -564 16
 766	DA507977-9D43-11EE-959B-68545AD2D871
 767	14 726 20
 768	closed_owned
 769	pff2dbdebfe3200369_auto2108
 770	B2196ACD-AF4B-11EE-95C0-68545A904D17
 771	pff46e15b55bcf96ee_auto2108
 772	tag_light_front_right
 773	mp_warrior_spawn_axis_start_car
 774	4050B99A-B5CF-6F4D-2C8A-03366B1457A2
 775	E94C14EC-73ED-A0C3-F0B4-61D4C4513315
 776	4215B119-A98B-11ED-8858-68545AD2D871
 777	27C1705F-AF50-11EE-95C0-68545A904D17
 778	788F46DA-AC10-11ED-9574-68545AD2D871
 779	554 -956 16
 780	0 96.9972 0
 781	A6BCED18-1265-3830-3D57-960C51889194
 782	vfx/jup/level/mp_jup_stashhouse/vfx_stash_water_puddle_ripples_02
 783	6C6AC52C-8E9B-11EE-9599-68545AD2D871
 784	8862418D-BFF2-E215-677F-17798D7DD9E3
 785	-772 -320 1.40519
 786	766 620 22
 787	9FE91234-AF4B-11EE-95C0-68545A904D17
 788	D5FD61DF-9141-21B9-3F30-0409810042B0
 789	993FCAB3-9A84-9673-2F0B-F772702180BF
 790	B14D8921-4EBB-6FC2-CD0B-F015B0FCA07B
 791	7CA22883-AF49-11EE-95C0-68545A904D17
 792	2CD0D4CC-D44F-5400-26F8-2D38A6D285CA
 793	33953306-AC11-11ED-9574-68545AD2D871
 794	13A5FF01-B2A7-A54B-7D27-82B3C7A61DE0
 795	192FF135-5F08-11EE-9591-68545AD2D871
 796	-788 -378 10.5462
 797	4215B11C-A98B-11ED-B998-68545AD2D871
 798	flareup
 799	vfx/jup/level/mp_jup_stashhouse/vfx_stash_kettle_steam
 800	-732 758 22
 801	4D52ADC3-AF50-11EE-95C0-68545A904D17
 802	E219E864-8E9B-11EE-9599-68545AD2D871
 803	034E4537-5F2D-11EE-9591-68545AD2D871
 804	4E545952-5F2F-11EE-9591-68545AD2D871
 805	3A7D0C55-AF50-11EE-95C0-68545A904D17
 806	4A01BE9F-D0AB-F143-2FF3-7E323B590005
 807	BF9109AE-45C5-B60D-B0C6-8A09B7A01766
 808	D51E45CB-6A5F-4843-CBCA-99B6EF5BA083
 809	2F0457FC-27FE-95FF-D922-DE6D4C3D65FA
 810	-707 -59.5 8
 811	base_book_group_02a
 812	5789E4AA-6639-A6D8-3E6B-F12C559329E4
 813	-80 -574 39.759
 814	64FD6054-5DD4-3F32-F310-87997D9BB9CD
 815	26FA3FE8-29E7-11EF-95CE-68545A904D17
 816	onfire
 817	0 175 0
 818	7FFBAF78-5F37-11EE-9591-68545AD2D871
 819	mp_cyber_spawn_axis
 820	5AC51EE7-2D15-11EF-95CE-68545A904D17
 821	B6F16998-7630-FDFC-8791-0E52417870F9
 822	bathroom_toiletries_bottle_pump_01
 823	D5AF2033-9F09-9B9A-3B7F-449EBD47D84A
 824	mp_warrior_spawn_team_three_start_car
 825	626 -612 16
 826	824 -440 20
 827	0 73.5963 0
 828	scriptable_cp_rave_magazine_single_06
 829	0 89 0
 830	mp_warrior_spawn_axis_start
 831	3A7D0C1E-AF50-11EE-95C0-68545A904D17
 832	D7B28B8C-9AF2-FD58-D350-C1E3C31D5C0A
 833	0B906194-2DAA-FFDE-4938-016DE6A35C09
 834	790 -945 2
 835	A5145DA9-AF4C-11EE-95C0-68545A904D17
 836	25C9B88D-25ED-0841-4FA3-9B10A5D99012
 837	-681.5 204 28
 838	76DE13DC-808A-535E-4258-6AF8F827E9CA
 839	32C58502-1FEA-F7B1-3924-A8479FF9305D
 840	1F87145B-EA9A-747F-02CD-9D99FFB7CC3C
 841	EE5B82EF-5F3F-11EE-9591-68545AD2D871
 842	healthy
 843	E96E8215-AC10-11ED-9574-68545AD2D871
 844	E65BE291-3A38-407D-2593-7886DFCFC93B
 845	650 322 18
 846	6 854 20
 847	A6DF4E0A-723D-38CE-9399-32F9443DEFC0
 848	tableware_glass_wine_02
 849	light_back_right
 850	9730CC41-7B6D-C105-738A-4CD02E2115B9
 851	1306C887-AC11-11ED-9574-68545AD2D871
 852	0 359 0
 853	-434 376 22
 854	55D72A39-1B99-B861-A653-B81FC9A54E21
 855	2F0AFB14-2DC6-BE8A-A63F-BA08A9A6A349
 856	0AAB829E-5F2D-11EE-9591-68545AD2D871
 857	mx_decor_horse_head_statue_01_sml
 858	A7D95AF0-C754-00F1-BEE2-1719B136BAB6
 859	274 346 32.8717
 860	5E0304BC-B7EE-B8FF-A65D-573F96AE1A6C
 861	pf27348276722df70f_auto2108
 862	tag_light_front_left_2
 863	ECB571DC-8BB9-63A4-F61F-EF11AE911F0F
 864	0 54.9907 0
 865	218 -40 24
 866	421 -942 18
 867	C957FE56-C95D-F314-3FBE-3A13B5BF5DBE
 868	56A69655-F92B-AA6F-0EDB-2A6024393742
 869	118 650 27.1724
 870	4215D809-A98B-11ED-85DF-68545AD2D871
 871	2F4F78A3-AF49-11EE-95C0-68545A904D17
 872	146 -776 28
 873	47145F33-AF50-11EE-95C0-68545A904D17
 874	scriptable_jup_food_pizza_slice_01
 875	A2A334D2-29E7-11EF-95CE-68545A904D17
 876	0D05FB60-692E-704D-E4F4-CAE321712275
 877	A00545D5-5F08-11EE-9591-68545AD2D871
 878	034E452C-5F2D-11EE-9591-68545AD2D871
 879	-9216 8128 0
 880	EB05301F-7470-EEC8-C583-3D161CF452C2
 881	D7E045FB-5F3F-11EE-9591-68545AD2D871
 882	34401D72-AF50-11EE-95C0-68545A904D17
 883	4D52ADCD-AF50-11EE-95C0-68545A904D17
 884	76 -786 17.4225
 885	CC005D2F-5F36-11EE-9591-68545AD2D871
 886	-735 857 4
 887	-800 -854 -28
 888	eu_sign_commercial_bar_coaster_02
 889	59CFF07E-AF49-11EE-95C0-68545A904D17
 890	pfdf405ab3b873544e_auto2108
 891	85140686-5F04-11EE-9591-68545AD2D871
 892	50356DC9-8E98-11EE-9599-68545AD2D871
 893	78A50C67-2B0C-9FA9-4EA4-C50D29722DEB
 894	6732BB21-7928-36B8-1B1A-C0DD500842ED
 895	0 69.9969 0
 896	-664 716 20.6647
 897	BA8758DA-5F39-11EE-9591-68545AD2D871
 898	0C02B2BC-8E9C-11EE-9599-68545AD2D871
 899	scriptable_mx_decor_horse_head_statue_01_sml
 900	ADF3AA7E-8ABA-CFEB-266A-6A387E19F6CD
 901	872 -884 20
 902	wheel_center_front_right
 903	0 74.991 0
 904	569 864 20
 905	trunk
 906	BA6AEFD6-5F2E-11EE-9591-68545AD2D871
 907	177025FA-3A4E-A190-7D02-8471BC824F27
 908	-9216 8320 0
 909	336 77 24.8516
 910	7FF8755F-EFC7-3C97-8697-7A908D72C72C
 911	-452 912 20
 912	288D03F3-8E9C-11EE-9599-68545AD2D871
 913	47145F1A-AF50-11EE-95C0-68545A904D17
 914	-647 908 16
 915	1DDF1535-0AE6-1998-B725-D7C13BF3B21F
 916	09F7D3EF-C717-C985-0DB4-14A6BAB50520
 917	-778 -246 24
 918	5EE966DC-00BA-3319-682E-719ADA526542
 919	842 -494 20
 920	59F3F6D2-4C6C-0117-A5AB-0D1FBE6BA09E
 921	9215C045-6D37-E422-E54F-EB1932C180EA
 922	0 330 0
 923	7EB02CE6-68BB-9EF3-2786-3E280CCF6860
 924	367ED351-5F2F-11EE-9591-68545AD2D871
 925	492 -966 12
 926	14 652 20
 927	2DC3A25A-169A-9139-4FA4-CD748BED755A
 928	-46 -676 14
 929	826 412 16
 930	C4E7729B-9D42-11EE-959B-68545AD2D871
 931	F9AA12C1-A9F3-1520-BF15-6C409309E2D8
 932	74590BFB-0CB2-3DA4-72AD-B0CD06D523F1
 933	7F0CD39F-5F04-11EE-9591-68545AD2D871
 934	7876C6FA-5F2F-11EE-9591-68545AD2D871
 935	tag_window_front_right
 936	D22AAD9E-AC10-11ED-9574-68545AD2D871
 937	0 44.9991 0
 938	841 -917 16
 939	094139F2-5F08-11EE-9591-68545AD2D871
 940	vfx/jup/level/mp_jup_stashhouse/vfx_stash_water_tank_bullet_leak
 941	0 350 0
 942	56BE3859-8E9B-11EE-9599-68545AD2D871
 943	BA8FA062-4493-4A81-9B35-AE7ABECD842B
 944	on
 945	2E09493F-AF50-11EE-95C0-68545A904D17
 946	pf743956c92d09ba6b_auto2108
 947	700DA43A-DC3A-FB83-2A18-71CF940183E8
 948	-693 -73.5 8
 949	606 -984 16
 950	138 -764 16
 951	55C46770-29F8-3577-6B12-04BD663BB57A
 952	62084978-82FE-1315-ADF5-FE6ECB7D4EE8
 953	vfx_stash_sunflare
 954	2E09496C-AF50-11EE-95C0-68545A904D17
 955	-640 222 20
 956	pf3a6e3980f5b21c44_auto2108
 957	A620F390-7812-7A93-1F43-33ECA234ADDC
 958	cp_rave_magazine_stack_02
 959	F386EF44-5F36-11EE-9591-68545AD2D871
 960	558 800 16
 961	pf910d2f2e4b727955_auto2108
 962	08DB5AB3-8A3E-B79D-B5A6-6C3E8024B6D2
 963	D22AADB7-AC10-11ED-9574-68545AD2D871
 964	DA2303E2-43B7-7138-3BC3-C9DA41965740
 965	45FE964B-8E51-11EE-95B3-68545A904D17
 966	3989D41F-AF4C-11EE-95C0-68545A904D17
 967	pf697f0e19f1b61d7b_auto2108
 968	5C914BB6-94AB-9089-ECEC-374EC0EACAEF
 969	432 -306 20
 970	D6DF6A3F-C552-2232-FE1D-3AEB22EA96A8
 971	base_book_group_06a
 972	base_book_group_01b
 973	tag_window_back_left_corner
 974	7B0581D2-4313-E9A4-25B2-114FB96B6FC5
 975	B7F4436F-5F03-11EE-9591-68545AD2D871
 976	6C3D34BE-9D44-11EE-959B-68545AD2D871
 977	803C8C71-18B8-BFE1-2AF2-8270A3DDC70C
 978	CE67701E-FA34-C53E-2A57-7962D4453044
 979	E7D09276-47EB-3F40-D216-58786FC287DC
 980	27C17064-AF50-11EE-95C0-68545A904D17
 981	scriptable_door_wood_davos_right_mp_01
 982	heavy_smoke
 983	53A7BA12-AF50-11EE-95C0-68545A904D17
 984	FF71F569-F973-7753-1FAB-39C7FFDE050D
 985	bucket_plastic
 986	47145F01-AF50-11EE-95C0-68545A904D17
 987	-762 -236 17.023
 988	scriptable_ee_food_glass_liquor_group_01
 989	837FBADD-8E51-11EE-95B3-68545A904D17
 990	-715 777 4
 991	-812 -858 -28
 992	0 90.998 0
 993	466 -962.5 2
 994	0 24.9998 0
 995	book_base_group_01
 996	42C2914F-EC7A-3C41-DEF0-20ACD8E35CC5
 997	window_back_right
 998	359A897D-AF49-11EE-95C0-68545A904D17
 999	ABDB58BF-5F2C-11EE-9591-68545AD2D871
1000	pfe0aac7019f893858_auto2108
1001	scriptable_cnd_pint_glass_stack_01
1002	pf931e49ba4afec261_auto2108
1003	F386EF4F-5F36-11EE-9591-68545AD2D871
1004	2FA50D12-1DF6-A75A-ED3E-3B463D1C1FC2
1005	FCCE7C08-29E7-11EF-95CE-68545A904D17
1006	pf82da36909c5ff2d8_auto2108
1007	D5C192C7-5F2E-11EE-9591-68545AD2D871
1008	EA98CBD7-C55B-50F5-7D86-21DA15E5102A
1009	-20 -782 28
1010	D3DC203B-ED08-68AB-0A04-EB95B55357FC
1011	C810CE78-D586-4D84-84EA-A5AAF17B7B5C
1012	96C3EECA-F4F2-D140-6D3A-439F3951F5D2
1013	0 178.999 0
1014	-39 -304 24
1015	F12FF72B-457A-CF3C-C0EC-443E5D245D4B
1016	0 358.997 0
1017	0 270.554 0
1018	063459D1-1BE0-E086-0CD3-DF43645FC8DA
1019	828 -912 22.5678
1020	-124 686 16
1021	583 -973 12
1022	774 -958 12
1023	0 105.996 0
1024	359BF7EC-8E51-11EE-95B3-68545A904D17
1025	EC6F4842-A01C-A506-57DA-2B90D23E2E68
1026	0081C15E-AC11-11ED-9574-68545AD2D871
1027	6925A2E8-8E9C-11EE-9599-68545AD2D871
1028	vfx/jup/level/mp_jup_stashhouse/vfx_stash_flies
1029	20 -524 28
1030	7FAFC064-8E49-11EE-95B3-68545A904D17
1031	-442 898 20
1032	pfbd4a36f815085196_auto2108
1033	-48 -306 18
1034	AC8B5B29-29E7-11EF-95CE-68545A904D17
1035	5AE60F52-9A86-2EE7-3DCB-311106DA08E1
1036	AE2EC066-5F04-11EE-9591-68545AD2D871
1037	bucket_rusted_empty_01
1038	0 84.998 0
1039	E9CCB6AF-AF49-11EE-95C0-68545A904D17
1040	5D10F33C-8E9B-11EE-9599-68545AD2D871
1041	C1E79523-5F2E-11EE-9591-68545AD2D871
1042	40CB1331-AF50-11EE-95C0-68545A904D17
1043	scriptable_lighting_fixtures_security_lamp_withcage_01_on
1044	scriptable_base_book_group_02b
1045	9CA6FE37-FC3A-28F4-2DDA-4D76ED4FE2D1
1046	2062D8B3-AC11-11ED-9574-68545AD2D871
1047	-800 -726 -27.1024
1048	34401D4A-AF50-11EE-95C0-68545A904D17
1049	094139FD-5F08-11EE-9591-68545AD2D871
1050	851406A7-5F04-11EE-9591-68545AD2D871
1051	0 234.997 0
1052	CC005D19-5F36-11EE-9591-68545AD2D871
1053	650 -2 20
1054	vfx_stash_flies
1055	6 848 26
1056	AC321F6E-5F29-11EE-9591-68545AD2D871
1057	D428FEF8-F61D-9931-84B1-ED194726E64F
1058	-646 148 22
1059	DD80FEC5-9D44-11EE-959B-68545AD2D871
1060	appliance_espresso_machine
1061	40224BC2-AC11-11ED-9574-68545AD2D871
1062	D5300C70-5F08-11EE-9591-68545AD2D871
1063	450 -200 28
1064	0019E5AE-D957-5C4E-F291-1D1BAE459284
1065	AFE5668C-5F2D-11EE-9591-68545AD2D871
1066	E219E841-8E9B-11EE-9599-68545AD2D871
1067	0 83.9978 0
1068	0 49.9987 0
1069	D09750B2-5F3F-11EE-9591-68545AD2D871
1070	vfx_stash_water_drips_pipes_02
1071	-808 -598 -3.02239
1072	mp_xfire_spawn_allies_start
1073	3975A450-C8EF-781A-0A9C-E523B03401D7
1074	0 255 0
1075	27C17023-AF50-11EE-95C0-68545A904D17
1076	0897AB42-006B-EDC6-C1C4-FF671FF0C86E
1077	-727 919 4
1078	0 240 0
1079	vfx_stash_fireplace
1080	FB761FD3-4D66-A619-02F0-26708743DE93
1081	scriptables
1082	accessory_plant_pot_fake
1083	B555732F-6A3D-84F7-8DB3-E526530146FF
1084	-312 160 24
1085	6385CD8F-B56A-114E-02C6-0D8E93A0CAF5
1086	-598 917 19.1111
1087	9EB14A07-8B99-52C8-BBBC-4E19DD4EC32F
1088	766 604 16
1089	4D52ADC8-AF50-11EE-95C0-68545A904D17
1090	FC53F3A0-5F29-11EE-9591-68545AD2D871
1091	4215B11B-A98B-11ED-9A0B-68545AD2D871
1092	D5F5876D-28B3-B8A4-7637-77291D89BB07
1093	D688F280-4000-9218-CF09-CF0DA779C237
1094	682 -939 2
1095	A980D3E2-7A3D-5809-262C-95568EEADE4E
1096	AC0E2EBC-2D15-11EF-95CE-68545A904D17
1097	31258596-CADC-7ECB-912D-06AAE14BE85A
1098	D3BC5F9A-424F-4BC5-F61C-248850B9FBCD
1099	FB101837-1011-2D70-499A-6868353B1DA4
1100	E787737A-5F2C-11EE-9591-68545AD2D871
1101	-617 -41.5 6
1102	80AD4E72-1E82-3F14-8847-06EBB4B7F7E0
1103	240 -778 16
1104	0 274.308 0
1105	6576E359-6013-893A-FA2A-3F039A1C7DF4
1106	C4D4D968-009E-8BFD-AEC1-253A314D0753
1107	E219E869-8E9B-11EE-9599-68545AD2D871
1108	2E09493A-AF50-11EE-95C0-68545A904D17
1109	window_back_left_corner
1110	FC7619DF-8E4B-11EE-95B3-68545A904D17
1111	984CBC36-5F08-11EE-9591-68545AD2D871
1112	D892003F-8E4B-11EE-95B3-68545A904D17
1113	pf475fb46f7491927d_auto2108
1114	8774A378-EBCB-2F91-6F8A-A590F976E488
1115	right_70
1116	8A6186F3-5F2C-11EE-9591-68545AD2D871
1117	-510 920 20
1118	F670DACA-29E7-11EF-95CE-68545A904D17
1119	4
1120	0 88.9977 0
1121	door_back_left
1122	window_back_left
1123	base_book_group_02b
1124	0CB2CA9C-AC11-11ED-9574-68545AD2D871
1125	40CB1377-AF50-11EE-95C0-68545A904D17
1126	0 282.899 0
1127	-722 680 24
1128	-22 728 26
1129	0546D13F-983E-8AB6-17F1-F0F33EC2280B
1130	E5E7351E-58E3-1424-2DBB-B0B7259AA73C
1131	F1B113E2-5D4A-8BB5-563F-1516CFA8CCED
1132	scriptable_veh9_civ_lnd_suv_2020
1133	FC7619C9-8E4B-11EE-95B3-68545A904D17
1134	7EA62FFB-4C9B-5B9F-BF43-EA7450A1F02F
1135	BAB9A155-C33E-D921-87C9-53618CC2FA0E
1136	0 9.99733 0
1137	C99D7988-5F2C-11EE-9591-68545AD2D871
1138	E7BD2A89-29E7-11EF-95CE-68545A904D17
1139	99A54EE4-D1A4-CD4F-6807-9D29B1F87022
1140	misc_bottle_wine_04
1141	308 904 25.5705
1142	32C91489-15C9-C9B6-BC3D-590373410115
1143	523ABDD8-AC11-11ED-9574-68545AD2D871
1144	93872DCD-5F2D-11EE-9591-68545AD2D871
1145	0 74.9978 0
1146	221EF2B8-5626-EDE2-D2E6-2924EE6FF6D5
1147	CFB5A3C0-8E4A-11EE-95B3-68545A904D17
1148	A6630616-8E4A-11EE-95B3-68545A904D17
1149	09286561-8E4C-11EE-95B3-68545A904D17
1150	F1773CB4-89C3-5B6C-5C2A-C96B32CE7436
1151	0 115.995 0
1152	700B3C32-5F2F-11EE-9591-68545AD2D871
1153	46456885-5F37-11EE-9591-68545AD2D871
1154	2106E8D2-E0D9-624C-8D59-D3BA497A4ECB
1155	B467D923-B004-0B81-BB57-AA9E1D05404F
1156	2E094953-AF50-11EE-95C0-68545A904D17
1157	-50 444 20
1158	FA887CC0-E095-B0FA-F5A8-ED0BBF38EC2B
1159	-806 -524 2.47833
1160	436 372 16
1161	721.155 909.197 17
1162	5671E313-17D1-A827-EF32-6F3EB2B12531
1163	85140691-5F04-11EE-9591-68545AD2D871
1164	F36B8861-CB66-EDAF-EC17-74BD9D0A2FD0
1165	E854D0F9-8E9B-11EE-9599-68545AD2D871
1166	BF0D90E1-8E49-11EE-95B3-68545A904D17
1167	5F6182CF-AC11-11ED-9574-68545AD2D871
1168	locked
1169	ajar_owned
1170	E219E832-8E9B-11EE-9599-68545AD2D871
1171	0 15.9977 0
1172	front_right
1173	6E7C4E00-1C76-3E63-64C9-D8046AFA6453
1174	726 326 20
1175	792 384 18
1176	3ED3AC19-5F2A-11EE-9591-68545AD2D871
1177	FA0FB6C8-A7D8-B993-53AF-95ED10083E97
1178	7F57BFD7-AC10-11ED-9574-68545AD2D871
1179	214 -36 24
1180	0 0.997998 0
1181	-726 829 20
1182	-798 -744 -27.4574
1183	0 99.9996 0
1184	824 -942 18
1185	-724 920 20
1186	BC625B06-E5FE-DE6C-8DFC-590B09D37CB3
1187	F386EF5A-5F36-11EE-9591-68545AD2D871
1188	E5F00413-AF4A-11EE-95C0-68545A904D17
1189	-350 882 20.0921
1190	7BD64FA2-5F2C-11EE-9591-68545AD2D871
1191	919D9C3A-5F08-11EE-9591-68545AD2D871
1192	788F46E5-AC10-11ED-9574-68545AD2D871
1193	D5230EE4-575B-38D5-13C7-CC785C328505
1194	01277C9F-0E89-19BB-45C0-96E88693A8DE
1195	-110 910 24
1196	40CB1354-AF50-11EE-95C0-68545A904D17
1197	vfx_stash_leaves_ground_clump
1198	jup_decor_rubber_duck_float_01
1199	847AACD5-4DB6-82BB-DB16-32F044702467
1200	F4C0C599-647E-3423-F61F-5D90E05CCC80
1201	362F47C6-5F08-11EE-9591-68545AD2D871
1202	4C9B914E-5F37-11EE-9591-68545AD2D871
1203	8CA98053-59DE-5E7D-A0DC-5FC7E297EAEC
1204	9F806530-3C0D-11EE-9580-68545A904D17
1205	7D08E6E4-7BD9-7B36-A954-E013647C9FE8
1206	scriptable_decor_drying_rack_01_plate_02
1207	578 -908 16
1208	0 28.9983 0
1209	pfbc6c0837729e5b08_auto2108
1210	ee_food_glass_liquor_group_03
1211	CAC2991E-3C0D-11EE-9580-68545A904D17
1212	-444 916 28
1213	42158B9E-A98B-11ED-BB07-68545AD2D871
1214	2B1E7E38-CC35-4C00-04E3-DC6929E71E62
1215	0 292 0
1216	mp_sd_spawn_defender
1217	39D870A8-AC11-11ED-9574-68545AD2D871
1218	snakecam
1219	0 329.997 0
1220	DEBF5B25-3C93-DDAB-4995-6241DEAE2756
1221	2B9307BA-5F2A-11EE-9591-68545AD2D871
1222	scriptable_bucket_plastic
1223	0 182 0
1224	-728 798 16
1225	-546 926 20
1226	-790 -360 8.57741
1227	vfx_stash_burner_flame
1228	scriptable_container_espresso_cup_01
1229	50356DB7-8E98-11EE-9599-68545AD2D871
1230	0 274 0
1231	0 272 0
1232	034E4542-5F2D-11EE-9591-68545AD2D871
1233	0 270.242 0
1234	pf4517bbd298d88ee4_auto2108
1235	4D52ADB4-AF50-11EE-95C0-68545A904D17
1236	2E2D315F-47A5-9502-8C33-8377BA43D2D0
1237	0 282.999 0
1238	278 664 22
1239	6528C76F-5F82-A44E-8C65-2E26E7B47A9A
1240	4D52ADAA-AF50-11EE-95C0-68545A904D17
1241	595CF951-AF4B-11EE-95C0-68545A904D17
1242	A8D43B09-5F2D-11EE-9591-68545AD2D871
1243	scriptable_kitchen_knife_set_01
1244	4036FD75-5F37-11EE-9591-68545AD2D871
1245	C167C1D7-AF4A-11EE-95C0-68545A904D17
1246	852 -872 16
1247	1527001A-1CD6-8FE2-A515-04BAC55F5E86
1248	vfx/jup/level/mp_jup_stashhouse/vfx_stash_leaves_blowing_ground
1249	40CB1340-AF50-11EE-95C0-68545A904D17
1250	4036FD6A-5F37-11EE-9591-68545AD2D871
1251	container_espresso_cup_02
1252	E23A75B1-BBFD-62C5-2577-E10A731AECD2
1253	E8F496C1-79C4-4C2E-C064-F60459675C03
1254	bathroom_toothbrush_hygiene_02
1255	55EE4C91-2489-5673-8472-76DAB45A436E
1256	0 285.999 0
1257	FB71DB89-A7B8-9DC9-CDD1-68D5598A6057
1258	0 264.998 0
1259	768 894 20
1260	1306C8A7-AC11-11ED-9574-68545AD2D871
1261	5BEA1DBC-8C01-6A06-EDFE-9F6FED258632
1262	7BD64F97-5F2C-11EE-9591-68545AD2D871
1263	7D4CE2DD-D0B2-4C34-8E6B-63D4A2BD7186
1264	CE15B290-5F2E-11EE-9591-68545AD2D871
1265	-728 826 2
1266	-680 232 20
1267	389DE835-8E9B-11EE-9599-68545AD2D871
1268	334 66 32.8717
1269	-648 904 4
1270	50356DCC-8E98-11EE-9599-68545AD2D871
1271	0 133.999 0
1272	0 199.999 0
1273	0B32D6C3-5F2A-11EE-9591-68545AD2D871
1274	14EC2212-5F2F-11EE-9591-68545AD2D871
1275	vfx_stash_water_tank_bullet_leak
1276	scriptable_dem_vase_01
1277	0 61.9978 0
1278	vfx/jup/level/mp_jup_stashhouse/vfx_stash_butterflies
1279	door_front_left
1280	7AEBCBC4-C823-EE1B-8505-CF6A76693AE3
1281	window_over_40
1282	-580 850 12
1283	27C17032-AF50-11EE-95C0-68545A904D17
1284	-622 -850 -28
1285	812 -940 16
1286	40CB134F-AF50-11EE-95C0-68545A904D17
1287	83A641BA-3C0D-11EE-9580-68545A904D17
1288	A6BD1CA6-744F-16F7-ADDE-23311B85ACBB
1289	0713D061-5F2F-11EE-9591-68545AD2D871
1290	-627 -155 24
1291	83A641B7-3C0D-11EE-9580-68545A904D17
1292	544 -976 2
1293	719 4 16
1294	82D9118D-CAEA-51D9-560C-96BF715C96CA
1295	0 98.9963 0
1296	334 -72 24
1297	C25940CB-F03D-FFD1-4636-42688BFA1F2E
1298	146 740 28
1299	3D092973-5F29-11EE-9591-68545AD2D871
1300	E854D0D1-8E9B-11EE-9599-68545AD2D871
1301	652.5 -458 24
1302	mp_koth_spawn
1303	0 325 0
1304	232 -185 24
1305	80FAEED1-FA05-2452-20C5-D46C4CEDCE19
1306	EA9443C3-3E07-8C34-C941-CE82C5450E82
1307	B66F3D30-3C0D-11EE-9580-68545A904D17
1308	-726 898 16
1309	0 69.4979 0
1310	6794AEE0-5F29-11EE-9591-68545AD2D871
1311	-120 880 24
1312	A354FCBD-4C69-870C-7C31-1319FF65A62B
1313	121E7F13-AF4B-11EE-95C0-68545A904D17
1314	mp_warrior_spawn_allies_start_car
1315	CE9C92C6-B7D3-A144-B580-03BDBD635630
1316	CB50F431-09B7-4191-46FA-B053B42B5E2E
1317	0 89.9993 0
1318	vfx/jup/level/mp_jup_stashhouse/vfx_stash_birds_sparrows_circling
1319	-776 -288 23.1456
1320	vfx/jup/level/mp_jup_stashhouse/vfx_stash_leaves_falling_green
1321	4215B11D-A98B-11ED-8CB6-68545AD2D871
1322	70671395-0B62-90AD-6CFB-33718AB4EE83
1323	93A975C9-217E-30DE-E014-DA2BBF213494
1324	4667CB0D-AF49-11EE-95C0-68545A904D17
1325	B3E58332-2AFF-822B-4803-9F5798A811B7
1326	7CA22872-AF49-11EE-95C0-68545A904D17
1327	F4162F9F-5F29-11EE-9591-68545AD2D871
1328	04BEFD8C-5F2A-11EE-9591-68545AD2D871
1329	CC5A2A9A-3542-E82C-497E-29BD84E1F19D
1330	0B6D6F8C-9D45-11EE-959B-68545AD2D871
1331	headlight_left_dead
1332	me_kitchen_coffee_bag_01
1333	27C1705A-AF50-11EE-95C0-68545A904D17
1334	CAB105B5-A23C-1BD3-4230-8BF1C8218317
1335	C99DB436-9D44-11EE-959B-68545AD2D871
1336	191A3B35-8717-7717-A935-CA36909485C4
1337	E219E837-8E9B-11EE-9599-68545AD2D871
1338	A604C969-D522-BAAB-1A01-7E5D379C144E
1339	1C48537A-9A61-3C0B-9F85-AB7C0959E7A7
1340	0 135 0
1341	0 211.999 0
1342	376816AE-5F37-11EE-9591-68545AD2D871
1343	0D640685-5F2F-11EE-9591-68545AD2D871
1344	0 290 0
1345	-514 -852 -22.1024
1346	vfx_stash_water_puddle_decal_01
1347	AD547A23-C32B-B41D-229A-60C4550E4C39
1348	E219E85A-8E9B-11EE-9599-68545AD2D871
1349	0 295.799 0
1350	AC0BDA58-3A0F-2BFB-F55F-56580A88B321
1351	-698 -80 8
1352	1FC73607-D58F-47C3-3031-EBB610F8D395
1353	40CB134A-AF50-11EE-95C0-68545A904D17
1354	0 174.999 0
1355	-262 -660 17.0874
1356	8A053C99-5F29-11EE-9591-68545AD2D871
1357	0 270 0
1358	C63EB750-ECC4-E4C4-96CD-64AED821463C
1359	433 937 20
1360	353 314 24.8516
1361	22D30F26-5F37-11EE-9591-68545AD2D871
1362	856 -792 16
1363	B917F52F-9D42-11EE-959B-68545AD2D871
1364	7BD64FAD-5F2C-11EE-9591-68545AD2D871
1365	9F806550-3C0D-11EE-9580-68545A904D17
1366	814 -273 12
1367	93FA8979-3266-3096-125C-583E78D927C0
1368	6C30B24B-3796-157C-84B1-F4838E67760E
1369	7FAFC08C-8E49-11EE-95B3-68545A904D17
1370	mp_dd_spawn_defender_start
1371	scriptable_un_office_passport_01
1372	0 279.999 0
1373	0 270.998 0
1374	7FAFC078-8E49-11EE-95B3-68545A904D17
1375	-238 890 20
1376	D6390880-E643-1A11-C05A-EBC0F4887711
1377	3F628EE1-FF5F-BFD0-2F25-46ED9285ECA3
1378	DBBF3F01-CE9F-6C9C-E6A2-B86778D71CB4
1379	-46 -710 16
1380	pfbefe47fa756698c2_auto2108
1381	0 114.999 0
1382	800 756 16
1383	0 63.998 0
1384	2E09495D-AF50-11EE-95C0-68545A904D17
1385	51B8CF68-15A3-2A0D-511F-C7EC296B8B7F
1386	B2DEB110-03BE-7BE3-6574-C7DFCBF873E3
1387	E219E828-8E9B-11EE-9599-68545AD2D871
1388	vfx_stash_water_streak_decal_01
1389	440 -216 18
1390	286CD658-2BE5-6746-E3CD-1B42AEEEB0D6
1391	vfx/jup/level/mp_jup_stashhouse/vfx_stash_leaves_ground_clump
1392	mp_control_spawn_defender
1393	scriptable_tool_shop_broom
1394	destroyed
1395	scriptable_jup_door_wood_geometric_l_01
1396	307 923 18
1397	2D638944-AC11-11ED-9574-68545AD2D871
1398	vfx/jup/level/mp_jup_stashhouse/vfx_stash_water_drips_pipes_01
1399	vfx/jup/level/mp_jup_stashhouse/vfx_stash_leaves_falling_petals
1400	0 124.998 0
1401	E219E82D-8E9B-11EE-9599-68545AD2D871
1402	0 84.999 0
1403	727.5 447.5 25.5996
1404	pf7d2f251c688d12cb_auto2108
1405	E219E873-8E9B-11EE-9599-68545AD2D871
1406	BAD4B22B-7781-9CCC-F75C-7A3DB6E11585
1407	3A7D0C46-AF50-11EE-95C0-68545A904D17
1408	192FF124-5F08-11EE-9591-68545AD2D871
1409	2A1F69F8-5F37-11EE-9591-68545AD2D871
1410	6E07B19D-AF4C-11EE-95C0-68545A904D17
1411	kitchen_knife_set_01
1412	34401D5E-AF50-11EE-95C0-68545A904D17
1413	mp_warrior_spawn_axis_start_ds
1414	cp_rave_magazine_single_04
1415	9ED42583-2CF3-0D69-E478-30D6D2F6F3CA
1416	0 253.3 0
1417	pf586a26e61b4fab7_auto2108
1418	2062D8B6-AC11-11ED-9574-68545AD2D871
1419	E854D0E5-8E9B-11EE-9599-68545AD2D871
1420	scriptable_vfx_jup_animals_pigeon
1421	673 -971 12
1422	CF94C93E-9D44-11EE-959B-68545AD2D871
1423	-322 918 18
1424	0 12.9982 0
1425	590 954 16
1426	-40 -774 14
1427	FD2CC49A-1D33-7641-AFE0-15901A699355
1428	E2406D93-9B3C-67B8-E130-92E10EECF04A
1429	scriptable_scriptable_door_wood_davos_right_mp_01
1430	E845DD26-44F7-CFC4-052D-E06104FA33A1
1431	762 -954 16
1432	-732 738 4
1433	C3555641-2C20-98F0-C6D6-92719BC83E81
1434	2E094967-AF50-11EE-95C0-68545A904D17
1435	mirror_left
1436	0 265 0
1437	wheel_center_back_left
1438	0 279.108 0
1439	34401D4F-AF50-11EE-95C0-68545A904D17
1440	270 752 20
1441	0A9117AE-AF4B-11EE-95C0-68545A904D17
1442	4C2324EE-21B8-6128-91ED-CBCA7E77C879
1443	door_front_right
1444	0 354.999 0
1445	left_30
1446	left_70
1447	273 343 24.841
1448	47145F10-AF50-11EE-95C0-68545A904D17
1449	-724 926 20
1450	school_textbooks_02_red
1451	0 355 0
1452	6B930A7E-04DA-D2BC-B2A6-D73457531513
1453	B3589890-67A6-5DC1-8FCF-5E62BEC668BF
1454	-226 740 20
1455	0 89.9996 0
1456	BAA6EFDA-AC10-11ED-9574-68545AD2D871
1457	5014F314-A5F3-5408-608E-F9240D42B7D1
1458	scriptable_appliance_espresso_machine
1459	0 69.9992 0
1460	692E1817-358F-3732-3AD5-AFE483C84A5A
1461	11BC0EEF-F91D-BEC0-D56D-A4F3BF25F9EC
1462	E019D374-CE25-94BF-402F-2437E09494E5
1463	vfx/jup/level/mp_jup_stashhouse/vfx_stash_godrays_trees_large
1464	1011929D-5513-9BA7-8038-691E9821DC45
1465	mp_dd_spawn_attacker
1466	68 -788 20
1467	C1E79518-5F2E-11EE-9591-68545AD2D871
1468	8D1B7040-F1CE-1FA9-93B0-62D5D860FE2B
1469	79F7B750-9195-FB72-6C3B-76EC1E2742F0
1470	721846BF-78AE-4774-3100-A07168A307A0
1471	cnd_pint_glass_01
1472	9EEA72AA-DFDB-B550-C649-292F4C7273F8
1473	C4727D2C-5F2F-11EE-9591-68545AD2D871
1474	scriptable_electronics_alarm_zero_01
1475	6925A300-8E9C-11EE-9599-68545AD2D871
1476	pf5c5161996361df13_auto2108
1477	rootmodelmanager
1478	scriptable_decor_miniature_boat_01_s0p3
1479	8A053CA4-5F29-11EE-9591-68545AD2D871
1480	780 890 20
1481	0 243.7 0
1482	0 107.998 0
1483	A5C20A11-E249-5C0A-26AC-5331449AC455
1484	DAF34E72-CAAF-21E8-8BEB-ACF267ADFE12
1485	2FC7E907-7DEF-A836-6C0F-E2EB10B53EEC
1486	mp_cyber_spawn_allies
1487	AE2EC055-5F04-11EE-9591-68545AD2D871
1488	-14 -648 16
1489	0 267.997 0
1490	503FA4DF-80A3-C45A-F213-4799BB3110C7
1491	B7F4435B-5F03-11EE-9591-68545AD2D871
1492	566 -966 18
1493	FC53F3BC-5F29-11EE-9591-68545AD2D871
1494	A820FB7D-5F04-11EE-9591-68545AD2D871
1495	711 92 20
1496	-118 896 24
1497	decor_bronze_pot_01
1498	-332 878 20
1499	EC561210-5F36-11EE-9591-68545AD2D871
1500	40D325F6-5F2D-11EE-9591-68545AD2D871
1501	pf5099f4895fc33928_auto2108
1502	248 -784 20
1503	0 48.9908 0
1504	813 -820 12
1505	2973B813-BE39-53BA-81E9-2B9A13E22B9D
1506	17B50535-3572-8A7E-DB1A-6E8DEACE40B3
1507	94060C50-C046-07FA-6405-C370A6CD7F2C
1508	A820FB72-5F04-11EE-9591-68545AD2D871
1509	2E094962-AF50-11EE-95C0-68545A904D17
1510	88F59A83-EC0B-AA62-EE49-DB23997CEC11
1511	dem_vase_01
1512	6E2AB4C7-7D38-4C9A-FEE3-1A2449FB9976
1513	0081C13E-AC11-11ED-9574-68545AD2D871
1514	704 -884 2
1515	E96E8229-AC10-11ED-9574-68545AD2D871
1516	A860DBF1-5F08-11EE-9591-68545AD2D871
1517	4215D8B6-A98B-11ED-BAFC-68545AD2D871
1518	74314789-9B5E-0E98-CE82-C8E7AC4F8FE8
1519	mp_warrior_spawn_team_three_start_ds
1520	53A7BA35-AF50-11EE-95C0-68545A904D17
1521	A6B10A6E-0E17-45F4-DD0B-AA91D9968E92
1522	4215B0F0-A98B-11ED-90BE-68545AD2D871
1523	19D7C0D1-AC11-11ED-9574-68545AD2D871
1524	-44 -550 28
1525	0 94.9998 0
1526	4D52ADBE-AF50-11EE-95C0-68545A904D17
1527	96C6F500-2D15-11EF-95CE-68545A904D17
1528	B430E6AE-5F04-11EE-9591-68545AD2D871
1529	27C17069-AF50-11EE-95C0-68545A904D17
1530	4E8FAF7A-F661-5537-017A-8FF5D0BA450C
1531	0 134.998 0
1532	-404 926 20
1533	284 452 18
1534	26E08385-AC11-11ED-9574-68545AD2D871
1535	610 796.5 20
1536	A2FA8978-2FAE-953C-1B95-3BCEA595176D
1537	B30C9AD8-3036-7214-F2EE-349FDECF6D08
1538	33EBD643-D773-BB73-B36F-8BACB7170A28
1539	0 119.999 0
1540	FA7C956B-AF4A-11EE-95C0-68545A904D17
1541	tag_light_back_right
1542	29D237E0-5F2D-11EE-9591-68545AD2D871
1543	94DB6FA1-08C7-8FEB-F607-8EB5C904ECF7
1544	scriptable_base_book_stack_01b
1545	prefabs/createfx/mp_jup_home_01_cfx.map
1546	mp_dd_spawn_defender_a
1547	6E81ACFD-4907-02DC-594A-A928314D1D32
1548	-41 448 20
1549	FF99AA44-6F54-7268-A95A-4E984F5CFB40
1550	6183AD94-E69B-0695-D31E-BF08E53F45E2
1551	40CB135E-AF50-11EE-95C0-68545A904D17
1552	0 130 0
1553	0 48.9975 0
1554	930AEA8B-1931-61D8-3984-17796AF87615
1555	-128 914 24
1556	DBAD1A2E-5F2F-11EE-9591-68545AD2D871
1557	scriptable_construction_hanging_saw_01
1558	pfe43800ba8f22eab0_auto2108
1559	1B49145B-E1B6-A6B6-E311-83EBD073564F
1560	scriptable_wolf_statue_01_sml
1561	0 288 0
1562	-732 814 20
1563	misc_tools_wrench_01
1564	A5F38EAA-5F39-11EE-9591-68545AD2D871
1565	46456896-5F37-11EE-9591-68545AD2D871
1566	scriptable_decor_bronze_pot_01
1567	1F7BD953-82EF-16E9-4E34-57F28CB5F42E
1568	D8F814DF-85AB-5C0E-38F4-E9577831CA64
1569	E219E86E-8E9B-11EE-9599-68545AD2D871
1570	592 942 16
1571	20FD1DCC-A6B9-FBA8-9090-2CA29E854DA2
1572	0 174.998 0
1573	none
1574	taillight_right_dead
1575	mp_dd_spawn_attacker_a
1576	0 275 0
1577	00BF050E-665A-DAC2-D5BF-1B16BC4EAB62
1578	traverse
1579	nav_door
1580	CFB5A3D1-8E4A-11EE-95B3-68545A904D17
1581	pfb6c9a5ac686213ab_auto3
1582	C25DDE3B-5F39-11EE-9591-68545AD2D871
1583	BF0D90C3-8E49-11EE-95B3-68545A904D17
1584	C5EC22CD-0EA9-480A-311A-136934FA69BA
1585	B7F44383-5F03-11EE-9591-68545AD2D871
1586	97E5A726-BBC2-47D9-89C2-547590318B3B
1587	FD5611FD-9D42-11EE-959B-68545AD2D871
1588	-634 756 20
1589	228C7F1E-CD34-0932-B1D6-C2FA525D9637
1590	pfbd15dd676966c12c_auto2108
1591	light_back_left
1592	C3542142-0B9B-F801-78C4-E4FD988FFB73
1593	BF0D90D7-8E49-11EE-95B3-68545A904D17
1594	0 105.999 0
1595	anim_explosion_complete
1596	B405AC5A-29E7-11EF-95CE-68545A904D17
1597	4D52ADD2-AF50-11EE-95C0-68545A904D17
1598	675DC909-5F2F-11EE-9591-68545AD2D871
1599	73426B63-0246-8D2D-05E8-90E1D5C91973
1600	BAE14FBB-6548-0CAC-82B3-1D4E17998544
1601	3A7D0C64-AF50-11EE-95C0-68545A904D17
1602	B486FD09-AC10-11ED-9574-68545AD2D871
1603	EF44A78C-A2F0-E270-8334-55D6ECBC0854
1604	960884F2-3C0D-11EE-9580-68545A904D17
1605	bash_right_90
1606	-734 912 4
1607	pfc8d8458432c71a50_auto2108
1608	2A57897F-BBF3-3DEC-82BB-7876D6C829B8
1609	91DE0241-77D0-9BEE-FED0-ADA82224C271
1610	C199787D-1F3A-2128-FE31-2E799D1BAA69
1611	scriptable_base_book_group_02a
1612	4E54595D-5F2F-11EE-9591-68545AD2D871
1613	5A8FC4B1-5F29-11EE-9591-68545AD2D871
1614	A0EE7B96-1D8B-87E7-563B-BD1F5A62848C
1615	pfd53e5d28c77ae68c_auto2108
1616	DA507990-9D43-11EE-959B-68545AD2D871
1617	314 348 28
1618	420D09B6-0C90-3A9F-E524-7AAC6B0BB3AE
1619	47DD3F1E-FFCE-BCAB-5CD2-0ABB47DBAF60
1620	270 658 18
1621	AD4C7875-5F39-11EE-9591-68545AD2D871
1622	456 -282 16
1623	2E094930-AF50-11EE-95C0-68545A904D17
1624	AE2EC04A-5F04-11EE-9591-68545AD2D871
1625	50356DC6-8E98-11EE-9599-68545AD2D871
1626	vfx_stash_dragonflies
1627	pf8f4e0f58316b8680_auto2108
1628	scriptable_container_paint_can_01
1629	6ADE03D2-3C0D-11EE-9580-68545A904D17
1630	85DEB2DA-AF4B-11EE-95C0-68545A904D17
1631	A8D649DA-3AFA-22D1-31B0-F05AEAC338B3
1632	scriptable_dinnerware_plate_ornate_stack_01
1633	-300 -34 32
1634	49E5FEE2-9793-957F-948A-F8C776DED3B8
1635	0 189.999 0
1636	C3E45416-5AFD-6F72-F84A-7599B0B32605
1637	6DEA84C3-6E86-5C00-AE27-69DC04AF426F
1638	F49EEC5F-15AB-C8A7-584B-43404951D627
1639	547F33DB-8D4B-C245-5C84-089A63CF1FAE
1640	-566 -850 -28
1641	vfx/jup/level/mp_jup_stashhouse/vfx_stash_butterflies_02
1642	0 191.998 0
1643	535 -897 12
1644	B2303984-E9E7-CCDE-B35A-EA39BDF7AAB9
1645	0 58.9968 0
1646	43B8D0C6-5F29-11EE-9591-68545AD2D871
1647	DE8EDEB6-8E4B-11EE-95B3-68545A904D17
1648	-350 882 20
1649	7FAFC07D-8E49-11EE-95B3-68545A904D17
1650	13FD1BC8-19BF-C2DA-C312-E1B9648AC403
1651	4753177C-6085-C5B3-D1FD-9AFE1615249B
1652	0 308 0
1653	F386EF39-5F36-11EE-9591-68545AD2D871
1654	E3CAEE1D-CDD7-A790-D131-8C04F5DA55A4
1655	vfx/jup/level/mp_jup_stashhouse/vfx_stash_light_shaft_godray_01
1656	B486FD2A-AC10-11ED-9574-68545AD2D871
1657	left_50
1658	left_90
1659	375 -874 20
1660	6925A81A-3400-9D9B-7010-E54A50DC7E86
1661	vfx/jup/level/mp_jup_stashhouse/vfx_stash_leaves_falling_palm_med_01
1662	-804 -856 -32.3636
1663	47145F4C-AF50-11EE-95C0-68545A904D17
1664	scriptable_school_textbooks_02_red
1665	pfd87d7ca8f25f27a3_auto2108
1666	817 -939 12
1667	CCA47C1E-5F2F-11EE-9591-68545AD2D871
1668	A2A334CD-29E7-11EF-95CE-68545A904D17
1669	pf629844d5943b01e5_auto2108
1670	0 74.9998 0
1671	D9AD0C8B-5F36-11EE-9591-68545AD2D871
1672	-434 -840 -19.7489
1673	pf9a7b0b37ac8d9a99_auto2108
1674	E219E823-8E9B-11EE-9599-68545AD2D871
1675	467EA529-54AB-8AB1-CFC2-0C97958A9EAF
1676	scriptable_decor_planter_tree_trio_04_sml
1677	FB6DFDBC-7D23-095F-357D-59350A80032B
1678	jup_food_pizza_slice_01
1679	4215D8B7-A98B-11ED-BBF1-68545AD2D871
1680	E854D0FE-8E9B-11EE-9599-68545AD2D871
1681	C4F0398A-76EB-9468-EF79-AA97B0689F10
1682	mp_control_spawn_attacker_start
1683	800 792 20
1684	scriptable_cnd_pint_glass_01
1685	6388EAE9-122C-E2A9-A3FC-E7AA083A7C9B
1686	B64DC0FC-5F2F-11EE-9591-68545AD2D871
1687	-495 -842 -21.4736
1688	30EA946D-8E9C-11EE-9599-68545AD2D871
1689	0 158.996 0
1690	-651 747 16
1691	cp_disco_bottle_glass_liquor_04
1692	5B2B1268-5F2F-11EE-9591-68545AD2D871
1693	CF3C1856-171D-230B-F3D3-F96028BE2C4F
1694	D22AADC1-AC10-11ED-9574-68545AD2D871
1695	scriptable_dem_vase_03
1696	743 -942 2
1697	CE15B29B-5F2E-11EE-9591-68545AD2D871
1698	890F21DF-5F2F-11EE-9591-68545AD2D871
1699	433 941 22
1700	8671AAA8-0ECB-B560-6742-7EB7846691E3
1701	0 125 0
1702	0 68.9977 0
1703	window_front_left
1704	27217E34-4A02-9FBB-27EA-E4A14B148053
1705	vfx/jup/level/mp_jup_stashhouse/vfx_stash_dust_blowing_ground
1706	pf42f5267ec4bddcac_auto2108
1707	-736 814 20
1708	E96E8210-AC10-11ED-9574-68545AD2D871
1709	C4E772A6-9D42-11EE-959B-68545AD2D871
1710	0CB2CACA-AC11-11ED-9574-68545AD2D871
1711	AC01839B-90F9-AD2C-B382-5096B30C016A
1712	4B91065F-5F2A-11EE-9591-68545AD2D871
1713	4697AFAD-BA99-A58C-C5BB-5A9D2B4611F5
1714	FC7619D4-8E4B-11EE-95B3-68545A904D17
1715	70ED047D-C3CE-0E3D-DC17-A67E7C5019A1
1716	scriptable_container_espresso_cup_02
1717	-306 -20 16
1718	346340AE-18A1-84B3-1464-28C7EB403746
1719	530 -668 16
1720	hide
1721	605 803 22
1722	EC5611EC-5F36-11EE-9591-68545AD2D871
1723	108B80E8-5F08-11EE-9591-68545AD2D871
1724	0BC6D64C-F8CB-237F-F7DC-7228B8E5A9B2
1725	CF0FF5AF-F5AB-9E7E-64BC-E26EB6B4AAAE
1726	52043D06-D635-B48B-2F3E-935D890D4756
1727	627 -246 4
1728	16C3346D-677A-1A7E-3263-025C5282750B
1729	D29337C6-5F29-11EE-9591-68545AD2D871
1730	as_decor_kabuki_mask_02_lrg
1731	D7E04614-5F3F-11EE-9591-68545AD2D871
1732	taillights_dead
1733	46245136-AC11-11ED-9574-68545AD2D871
1734	290 876 22
1735	pf5886e1398582cb21_auto2108
1736	5B2B125D-5F2F-11EE-9591-68545AD2D871
1737	E63078E2-5F36-11EE-9591-68545AD2D871
1738	ED4C370A-99FA-948E-0647-B5F2A63F1B2D
1739	84898F97-6DFB-DF1F-502C-E3F397B80F1E
1740	0 89.9995 0
1741	75C49E61-CE9F-38C0-C102-6DC0E4E93F32
1742	0 282.1 0
1743	456 -972 16
1744	65BABAF9-0233-A6EF-4E4E-089E67CA7E7C
1745	kitchen_knife_chef_01
1746	container_espresso_cup_01
1747	DCF7BE80-8E51-11EE-95B3-68545A904D17
1748	off
1749	bathroom_toothbrush_hygiene_01
1750	1D52A86E-39B9-EEDD-1369-B24119A44733
1751	food_beer_can_single_01
1752	328A0B9B-EE34-7EB0-1E91-C14A9FCA1D20
1753	135A2B1D-9D45-11EE-959B-68545AD2D871
1754	76CC7D4D-7513-0C07-77E7-D3E9C4974FC2
1755	DD2F0F0A-AF4B-11EE-95C0-68545A904D17
1756	41121834-CA7C-CBAC-B2A5-29C881311D64
1757	6925A2E5-8E9C-11EE-9599-68545AD2D871
1758	back_left
1759	361 -744 16
1760	847 -792 12
1761	0 67.998 0
1762	861 -891 16
1763	EB86910B-33EC-9533-B6F2-47858906EAFA
1764	EA4B6397-C993-5E5A-CB09-ABB0E22803AD
1765	-472 926 20
1766	D09750A4-5F3F-11EE-9591-68545AD2D871
1767	796 896 17
1768	CE15B277-5F2E-11EE-9591-68545AD2D871
1769	272 840 20
1770	802 788 20
1771	282 760 20
1772	4BBD4FC5-3999-5CB7-F171-3DB3641BC658
1773	6C24359E-AC10-11ED-9574-68545AD2D871
1774	6954E448-8E51-11EE-95B3-68545A904D17
1775	80256A37-3080-A1DE-DA70-89C420825006
1776	861 -808 16
1777	window_front_right
1778	BF0D90C8-8E49-11EE-95B3-68545A904D17
1779	-722 490 24
1780	484.5 -447 24
1781	-432 -314 20
1782	0B81AED3-B645-2DEF-01C8-1D73F2BC0ECA
1783	57CAB396-B594-481A-0B79-3F6814F8FEBD
1784	D22AADA8-AC10-11ED-9574-68545AD2D871
1785	868E9B37-09C0-8C97-6FE4-7B7F1A9F8808
1786	24E22BF6-365B-9C28-5651-8E2A0E27F48A
1787	711C950B-C22B-542A-583A-694F24B340DA
1788	6E83A5AD-AAB8-C401-685C-4418451333EE
1789	-808 -862 -28
1790	0CFA862A-C150-E053-7904-3450320EDDE1
1791	scriptable_hardpoint_chevron
1792	A0C19977-C2AE-E0FC-89D6-D3DEDD788D21
1793	0 320 0
1794	dem_vase_06
1795	-660 120 18
1796	2FA5210A-3C0E-11EE-9580-68545A904D17
1797	6D3AE323-3F0E-EBD7-6A04-14929859BA72
1798	39BA1D87-AF4B-11EE-95C0-68545A904D17
1799	FA1BED1D-5F07-11EE-9591-68545AD2D871
1800	pfa32c797c8fab4a0c_auto2108
1801	B66F3D2D-3C0D-11EE-9580-68545A904D17
1802	vfx/jup/level/mp_jup_stashhouse/vfx_stash_kitchen_running_sink
1803	0 22.9981 0
1804	39D870EB-AC11-11ED-9574-68545AD2D871
1805	-674 -872 -28
1806	F427549D-3102-5403-8B3C-ADFF944EAFCC
1807	3A128630-CD4A-3D3E-54E7-F0853E7F624A
1808	FB55C7E5-C0BC-BD60-BDC0-8CCB560A6CF9
1809	A8E8B45C-BBDA-4910-A9F4-8506586F3ADD
1810	DB9A29BA-8E49-11EE-95B3-68545A904D17
1811	pf40533301bf45a3ee_auto2108
1812	CFE52245-A9D8-70E7-FDB4-D72926ACD691
1813	00CCD58F-D6C2-AC87-F97F-5C21C81BBE8B
1814	1BBA269C-03D8-7B3D-67FA-E608C4F88703
1815	421575F4-A98B-11ED-B8F7-68545AD2D871
1816	F22BAEF2-48F8-A02E-9E62-1C5275D27BED
1817	-8128 8384 0
1818	1336EA69-C460-EE1A-E9FE-E2879CFAB9B7
1819	47145F1F-AF50-11EE-95C0-68545A904D17
1820	-463 840 12
1821	6C534C78-E994-E424-B7CC-3542CAA5F191
1822	-715 685 4
1823	B0B753BA-CDC7-16FD-8888-4102A6F0AE47
1824	C12CE9D3-00A0-F7E4-B95B-3FD9ED832114
1825	jump_up_80
1826	jump_up_40
1827	4C9B9143-5F37-11EE-9591-68545AD2D871
1828	B7C194BA-A5C1-587D-52F7-B057E6D2C703
1829	decor_pot_plant_fancy_01_sml_with_kale
1830	9DC73635-CB02-663C-7E48-AEF07A54A556
1831	E6532774-4F18-E4D4-E072-4D12A265119D
1832	550 -656 16
1833	1B4116F3-F0FD-01DE-1A7F-EB529B66266C
1834	462 -266 24
1835	mp_rugby_spawn_axis
1836	8C58EF3A-9B54-6B7A-F67B-A516E6DB71BA
1837	-724 528 20
1838	416F892A-C674-9932-4D32-09D20F05EB96
1839	1BAB5D52-956D-DF2E-7D6C-80EC581B07D7
1840	scriptable_book_base_group_01
1841	B2C3C119-1D1B-5774-96CF-55212AB18854
1842	0 234.998 0
1843	pf1c5befaf63c5f3e6_auto2108
1844	66429BAF-AC11-11ED-9574-68545AD2D871
1845	-194 -792 6.64865
1846	C5FA0C48-B331-40DD-FED1-CD50160BA94C
1847	-598 829 20.4067
1848	-635 -848 -28
1849	870 -720 20
1850	47145F47-AF50-11EE-95C0-68545A904D17
1851	E219E81E-8E9B-11EE-9599-68545AD2D871
1852	803B482E-9D44-11EE-959B-68545AD2D871
1853	4215D8B8-A98B-11ED-B39C-68545AD2D871
1854	8EA9BCEF-3B7F-4FE5-457C-B83348F4D59C
1855	AF7804ED-C0CE-CA73-277B-6B780349639D
1856	pf1f7a8052d594aa60_auto2108
1857	cnd_martini_glass_01
1858	scriptable_cp_rave_magazine_single_06b
1859	vfx_stash_water_drips_pipes_01
1860	771.5 -206 24
1861	422C13C6-7211-E508-8380-A4C9D37ABD27
1862	misc_tools_hammer_01
1863	0 195 0
1864	220 -36 18
1865	-560 354 12
1866	39D870AB-AC11-11ED-9574-68545AD2D871
1867	2B329E51-347A-37D5-00FF-52AD042CA9A0
1868	mp_koth_spawn_secondary
1869	515377FD-A50F-5E40-B8FC-77124F84588B
1870	scriptable_ee_food_bar_cutting_board_01
1871	446 -680 24
1872	A5145D9E-AF4C-11EE-95C0-68545A904D17
1873	DFFAA4DF-5F36-11EE-9591-68545AD2D871
1874	-178 80 28
1875	100 864 24
1876	20BE2D65-3C0E-11EE-9580-68545A904D17
1877	50356DCF-8E98-11EE-9599-68545AD2D871
1878	313D299B-5F2D-11EE-9591-68545AD2D871
1879	E216BA69-8E49-11EE-95B3-68545A904D17
1880	3999E003-35FD-8BAD-604B-A32D17053B99
1881	3D09298C-5F29-11EE-9591-68545AD2D871
1882	vfx/jup/level/mp_jup_stashhouse/vfx_stash_water_streak_decal_01
1883	7BCF9CBA-E454-A057-D285-7EF4009A73C8
1884	3A7D0C23-AF50-11EE-95C0-68545A904D17
1885	0923F5C5-42B6-F37C-CC78-8F52FE5365B4
1886	-698 756 20
1887	-40 -790 20
1888	-804 -653 -15.7266
1889	4C9B9159-5F37-11EE-9591-68545AD2D871
1890	0F08B7E6-6890-24BD-5F79-A6492D620994
1891	D5C192D5-5F2E-11EE-9591-68545AD2D871
1892	-476 917 12
1893	tag_window_back_right
1894	D3D99C14-8E49-11EE-95B3-68545A904D17
1895	lighting_fixtures_security_lamp_withcage_01_on
1896	3482AC02-5F29-11EE-9591-68545AD2D871
1897	730FBF44-57BD-61DC-6B6A-8BF00146E78D
1898	0CAF6273-BE8E-EB7B-E13C-93C6EB096EC1
1899	6BB07F8A-1F56-CAD8-49CC-AC3D7409C6C4
1900	mp_rugby_spawn_allies
1901	58D041DB-AC10-11ED-9574-68545AD2D871
1902	-112 900 24
1903	A9BDA632-F2A1-949A-39B4-1674B1D1DC35
1904	762 332 16
1905	mp_ctf_spawn_axis_start
1906	pfc6c121ce2dd90163_auto2108
1907	470 -304 16
1908	5A8FC4A3-5F29-11EE-9591-68545AD2D871
1909	8781B7B0-D3D2-73EE-AE45-8A807E9FBF1F
1910	42158BA8-A98B-11ED-8CB0-68545AD2D871
1911	mp_xfire_spawn_team_three_start
1912	47145F24-AF50-11EE-95C0-68545A904D17
1913	7BEC84DE-92D4-8FD6-2843-CCAD7759ACCD
1914	DA507982-9D43-11EE-959B-68545AD2D871
1915	64620D93-477D-6BE7-5B20-1F1FB464C972
1916	933B0EE9-CB17-DA92-5EA7-FB1ADFB35E42
1917	CFC69855-61EC-CD93-C93D-BAE3687A8669
1918	B370394F-92E9-246A-9424-60D0B773299F
1919	C5F32BA4-394A-89A1-1214-121FBC8786E3
1920	09000C3E-ADC6-B658-7112-5F8772F841F4
1921	-222 -404 20
1922	826 626 20
1923	494 36 20
1924	lights_controller
1925	5D90E39D-4363-D587-3A66-4B9AF8FA91FD
1926	2062D89D-AC11-11ED-9574-68545AD2D871
1927	BA55C1FB-9D44-11EE-959B-68545AD2D871
1928	606.701 803.931 24
1929	42158B9D-A98B-11ED-9154-68545AD2D871
1930	5F6182A8-AC11-11ED-9574-68545AD2D871
1931	anim_playerstandrock
1932	34401D54-AF50-11EE-95C0-68545A904D17
1933	scriptable_eu_sign_commercial_bar_coaster_02
1934	C2458AA7-5F2C-11EE-9591-68545AD2D871
1935	0 311.501 0
1936	pfb3300d161c928b04_auto2108
1937	mp_sd_spawn_attacker
1938	A53D69F2-A9CE-A950-17B3-46E45A0D7D32
1939	scriptable_bathroom_toiletries_bottle_pump_01
1940	FE681735-0D59-8C16-D6F7-6A8EB5EC395C
1941	-590 -458 32.0533
1942	tag_mirror_right
1943	-552 904 16
1944	-470 -844 -4.73515
1945	403090AE-1A05-A639-0FC4-FE99F56FCF05
1946	dynamic
1947	5455F78E-009A-36D1-1765-201B94CFC085
1948	852 -632 34.6979
1949	40CB133B-AF50-11EE-95C0-68545A904D17
1950	A5292EBF-5F2C-11EE-9591-68545AD2D871
1951	-597 -853 -36.3636
1952	-122 904 20
1953	-681.5 125 28
1954	scriptable_decor_paper_towel_holder_01
1955	-788 -348 22.1707
1956	CA5A4B7B-5D6D-B04C-6633-8C5670CC35BC
1957	0 9.99947 0
1958	D933E3B9-5F29-11EE-9591-68545AD2D871
1959	0 159 0
1960	0 160 0
1961	mp_xfire_spawn_axis_start
1962	0713D06F-5F2F-11EE-9591-68545AD2D871
1963	B3A1F16F-1EA1-5A88-8BE1-BD0B9E0522FD
1964	-424 280 20
1965	0 253.999 0
1966	798 756 16
1967	A820FB88-5F04-11EE-9591-68545AD2D871
1968	0 115 0
1969	-708 -80 8
1970	850 -624 16
1971	AC37E11F-9808-6F4D-245C-969284583F4E
1972	D51B33FB-AF49-11EE-95C0-68545A904D17
1973	790 -312 20
1974	3ED374F4-2D15-11EF-95CE-68545A904D17
1975	scriptable_ee_food_glass_liquor_group_03
1976	73A97EE5-A7FB-91B0-51E9-CC3AEA3DA7C5
1977	pf3c0a9718056acced_5
1978	D933E3C4-5F29-11EE-9591-68545AD2D871
1979	203F1649-984A-E6F6-ED45-D65460E44FF5
1980	base
1981	E5DADB60-5F08-11EE-9591-68545AD2D871
1982	8CA34A05-AF4B-11EE-95C0-68545A904D17
1983	D229C70F-FB91-1E34-BF72-9D40CCA13749
1984	4624514F-AC11-11ED-9574-68545AD2D871
1985	scriptable_decor_smuggler_notebook_01_open
1986	E854D0EA-8E9B-11EE-9599-68545AD2D871
1987	D8EE3157-5F2C-11EE-9591-68545AD2D871
1988	478 -938 16
1989	04DAC406-E522-CEF3-7DA2-78D03F764A37
1990	EFE31F4F-F310-5C19-DF7D-15DE4001AC39
1991	allies_endzone_vis
1992	-632 220 16
1993	pf6a347174a9350298_auto2108
1994	9940F798-A50A-8A50-370F-EE425CCBE103
1995	16 866 24
1996	3B887F48-8000-1D9D-9BFD-C55E8496B52F
1997	E96E8224-AC10-11ED-9574-68545AD2D871
1998	-568 912 18
1999	F10AFFDD-B3F5-2D7B-3196-084E93D93736
2000	27C17055-AF50-11EE-95C0-68545A904D17
2001	2E84FEFD-4DBA-AEDF-0841-5C975D1EE6AF
2002	40CB1363-AF50-11EE-95C0-68545A904D17
2003	DC1EF141-E626-E025-1300-9BECDF515F9F
2004	0 283.998 0
2005	vfx_stash_water_puddle_01
2006	-9280 8384 0
2007	-338 -814 11.2778
2008	61693E2F-5F09-11EE-9591-68545AD2D871
2009	0 219.999 0
2010	tag_window_front_left
2011	-730.5 847 28
2012	scriptable_decor_trash_can_plastic_office_01
2013	C3887AD6-9D44-11EE-959B-68545AD2D871
2014	EE5B82E4-5F3F-11EE-9591-68545AD2D871
2015	F82510C5-3ECA-1240-4CCC-E65E58A775F3
2016	B94780C1-AF4A-11EE-95C0-68545A904D17
2017	E854D0C7-8E9B-11EE-9599-68545AD2D871
2018	vfx_stash_kitchen_running_sink
2019	-680 118 20
2020	lighting_modern_table_lamp_02
2021	0 264.999 0
2022	2E25BED3-5F29-11EE-9591-68545AD2D871
2023	42 -524 39.7363
2024	-718 708 16
2025	646 -980 18
2026	0 314.997 0
2027	-728 -134 9.023
2028	1306C8DC-AC11-11ED-9574-68545AD2D871
2029	832 586 18
2030	-339 918 16
2031	mp_rugby_spawn_allies_start
2032	decor_paper_towel_holder_01
2033	-300 282 32
2034	324 318 24.6383
2035	-664 716 20
2036	2F31393C-5F09-11EE-9591-68545AD2D871
2037	-662 917 33.8331
2038	F7095B08-6266-DEFE-E10B-6B19724508AC
2039	unlocked
2040	34D1A0D4-01C8-6BC1-2241-6BCE6A6FAAA5
2041	812C523F-D99B-9A92-E257-7419CF3AF81F
2042	70112021-670E-9264-AED1-A1BFB7E095BA
2043	59A65C85-33F9-9ABA-9B49-36795316EE54
2044	-292 -306 16
2045	14EC2220-5F2F-11EE-9591-68545AD2D871
2046	-383 913.5 28
2047	7FAFC06E-8E49-11EE-95B3-68545A904D17
2048	7F0CD3AA-5F04-11EE-9591-68545AD2D871
2049	pf549e58ed3099b60d_auto2108
2050	302 868 20
2051	E74639A5-E0B1-8F49-2E7C-9A12F7B37304
2052	852 -926 2
2053	770 -208 20
2054	-330 -812 -3.70386
2055	B7F44351-5F03-11EE-9591-68545AD2D871
2056	EFD6673C-B162-1B64-7055-AE83A2F81401
2057	92B3BA18-9D44-11EE-959B-68545AD2D871
2058	615D0BC9-5F29-11EE-9591-68545AD2D871
2059	D22AADC6-AC10-11ED-9574-68545AD2D871
2060	DC5E2500-5F2E-11EE-9591-68545AD2D871
2061	cp_town_playground_swingset
2062	vfx_stash_kettle_steam
2063	27C1702D-AF50-11EE-95C0-68545A904D17
2064	25508ADD-F1A5-4719-528D-875F162F0141
2065	scriptable_scriptable_jup_door_wood_geometric_l_01
2066	2DFB481D-2BD9-7A15-B81F-451685FB1BDB
2067	-58 568 22
2068	-198 660 22
2069	40224BE9-AC11-11ED-9574-68545AD2D871
2070	A18EC398-DBDF-8644-DECF-13B2BDB0D2DA
2071	F71D86C6-5584-1761-A882-15861425D280
2072	39FEF210-7168-A67B-08FD-C68A6EA856BB
2073	-440 -248 16
2074	7F08E111-AF4B-11EE-95C0-68545A904D17
2075	-488 926 12
2076	366 -390 18
2077	90925D85-8CDC-AB37-0A06-3F993976A3CF
2078	862 -636 16
2079	238 -274 32.8717
2080	tool_pipe_wrench_01
2081	091A0F7B-C56D-C919-4370-7B1FE3D90A84
2082	-790 -616 -8
2083	50356DC3-8E98-11EE-9599-68545AD2D871
2084	CFB47846-1627-9B7A-3A94-EBFB77DA009C
2085	-90 -468 16
2086	8F747D2D-5F2F-11EE-9591-68545AD2D871
2087	pf977fca2fc639307a_auto2108
2088	111692C6-AF4C-11EE-95C0-68545A904D17
2089	3A7D0C32-AF50-11EE-95C0-68545A904D17
2090	E219E80A-8E9B-11EE-9599-68545AD2D871
2091	0 164.999 0
2092	pfc7ae968411c6a9bc_auto2108
2093	1E00ABB6-8E4C-11EE-95B3-68545A904D17
2094	4D52ADB9-AF50-11EE-95C0-68545A904D17
2095	bash_left_90
2096	436 360 34.6979
2097	tag_windshield_back
2098	EC4438A7-F9FD-D5B5-0EB8-91D9E9480FCC
2099	-188 62 24
2100	CB0D26AC-C023-6425-8761-18428B070FD0
2101	35DF4DC9-5D75-CCA6-1373-6862F8BBD794
2102	389DE85C-8E9B-11EE-9599-68545AD2D871
2103	614 -978 2
2104	D6930D6F-A188-1C95-BDAC-32A96273F8F1
2105	E219E85F-8E9B-11EE-9599-68545AD2D871
2106	714 -958 16
2107	10 654 24
2108	770399C5-38FF-0DFD-DFC8-407B9CF6FA85
2109	-404 918 18
2110	53A7BA17-AF50-11EE-95C0-68545A904D17
2111	A0205303-EA53-088F-7CD9-68BCE317DC65
2112	4153B847-9DCF-D841-DC99-EF55D2CA9A5B
2113	2B01C619-A56D-397D-11E9-DD0CE685CD74
2114	6CB708BE-D7D2-2C86-BC0C-96FCBB4AF4BB
2115	CC8617BC-AF49-11EE-95C0-68545A904D17
2116	-632 914 4
2117	D3D99BFB-8E49-11EE-95B3-68545A904D17
2118	400283E2-AF4B-11EE-95C0-68545A904D17
2119	C04D931E-38BA-3218-67CB-6E38A41FA32A
2120	-346 778 20
2121	-802 -472 8.19962
2122	pf3c0a9718056acced_2
2123	bathroom_toiletries_tube_01
2124	3CFD1A32-D110-CD1F-FD3F-B6A4F2A54C51
2125	5B2B1273-5F2F-11EE-9591-68545AD2D871
2126	-328.5 918.5 28
2127	body
2128	scriptable_furniture_modern_stool_01
2129	7A0D8890-0DD2-391B-DB2E-1C4A8AFADF97
2130	pfe1c0aa2089125441_auto3
2131	BFA8130E-0DD9-1F80-8649-53786DD0044D
2132	-424 -822 -19.3668
2133	40CB1359-AF50-11EE-95C0-68545A904D17
2134	E219E814-8E9B-11EE-9599-68545AD2D871
2135	7708A1AE-AF4B-11EE-95C0-68545A904D17
2136	523ABDDB-AC11-11ED-9574-68545AD2D871
2137	17F90B07-D19D-33E1-3E53-1A57AECC35A7
2138	-674 174 20
2139	hardpoint_vis_03
2140	73D1AC76-03B7-4C33-E95D-9DD1E67BE364
2141	B7F4433D-5F03-11EE-9591-68545AD2D871
2142	0 111.999 0
2143	base_book_stack_01b
2144	A5FB88D3-53DB-E72B-046F-10B2DDCF456B
2145	862 -893 12
2146	53A7BA08-AF50-11EE-95C0-68545A904D17
2147	D9AD0C99-5F36-11EE-9591-68545AD2D871
2148	-310 -36 16
2149	pf18bfc4f370d675ba_auto2108
2150	0 3.99993 0
2151	6794AEF9-5F29-11EE-9591-68545AD2D871
2152	775FDF52-6333-8AB8-B9D6-1E3006AC2D37
2153	-208 -454 16
2154	F586F843-9EF0-653B-C328-294B20890792
2155	-728 602 20
2156	0 39.9997 0
2157	0 318 0
2158	hidden
2159	6C6AC510-8E9B-11EE-9599-68545AD2D871
2160	395 -920 16
2161	pf437d8c73e0720e49_auto2108
2162	F08F2D33-0BC1-18FB-DF08-EA68826A770D
2163	mp_warrior_spawn_team_three_start
2164	4EDF7EEB-8E51-11EE-95B3-68545A904D17
2165	784 916 16
2166	A972283D-AEE1-546E-5C5B-D873EC098DA7
2167	79AEBDD3-E11F-3A21-627C-B7A2B08B6BF9
2168	pf4b3490a02f5068e_auto2108
2169	9037C1D7-AFBC-3970-BE02-F342E0BACFAE
2170	scriptable_bathroom_toothbrush_hygiene_02
2171	472 -948 16
2172	C457E593-3B7A-CE1F-049F-D37A226F942D
2173	B79247AF-9D43-11EE-959B-68545AD2D871
2174	7FFBAF6A-5F37-11EE-9591-68545AD2D871
2175	13485525-2630-D4D9-AD4E-D33B0AC99D06
2176	41526C6B-5F2F-11EE-9591-68545AD2D871
2177	074FBE5F-025C-B40F-AB17-F00A8B25C9D7
2178	vfx/jup/level/mp_jup_stashhouse/vfx_stash_water_puddle_01
2179	610 -956 16
2180	6C6AC50D-8E9B-11EE-9599-68545AD2D871
2181	828 -308 16
2182	-298 -40 24
2183	4D52ADA5-AF50-11EE-95C0-68545A904D17
2184	-8128 8256 0
2185	0 259.999 0
2186	scriptable_decor_pot_round_01a
2187	D735D6A7-E3E1-3BD6-CA59-93CAEA34159C
2188	0 292.4 0
2189	1339C31B-E84D-3E2C-297D-47AF1CBCC512
2190	1F3A6513-8E52-11EE-95B3-68545A904D17
2191	718 927 18
2192	7312EB88-AC11-11ED-9574-68545AD2D871
2193	59CFF089-AF49-11EE-95C0-68545A904D17
2194	87554A66-5F03-11EE-9591-68545AD2D871
2195	600B0C1B-61F1-3A12-F933-4DB83003D1A1
2196	87554A55-5F03-11EE-9591-68545AD2D871
2197	86 -796 20
2198	3A7D0C5A-AF50-11EE-95C0-68545A904D17
2199	ee_book_office_folder_02
2200	0 89.9973 0
2201	50356DC0-8E98-11EE-9599-68545AD2D871
2202	E219E855-8E9B-11EE-9599-68545AD2D871
2203	D8E1E690-843C-15C3-30E0-7B70F78541CC
2204	-726 917 28.1517
2205	-120 906 20
2206	cp_rave_magazine_single_06
2207	506 -956 16
2208	-790 -472 4
2209	FC53F3AE-5F29-11EE-9591-68545AD2D871
2210	142 -756 16
2211	D22AADAD-AC10-11ED-9574-68545AD2D871
2212	-96 -574 24
2213	586 934 20
2214	832 -942 20
2215	BF0D90E6-8E49-11EE-95B3-68545A904D17
2216	vfx/jup/level/mp_jup_stashhouse/vfx_stash_burner_flame
2217	9AD398DA-48B4-CC94-2A29-499AD256AAB3
2218	50356DD5-8E98-11EE-9599-68545AD2D871
2219	28D89239-47CC-1E52-B732-CC87C01D42DA
2220	C3887AEA-9D44-11EE-959B-68545AD2D871
2221	03E6963F-E205-FD65-06A9-2C218A6DC6B8
2222	0 180 0
2223	18B4F7D5-22EE-408C-4D89-FDC33D6F3158
2224	12 882 20
2225	862 -882 20
2226	mp_koth_spawn_axis_start
2227	280A5C6C-5520-AA51-575C-16B67CA8981A
2228	DD2A77C3-7181-638C-DB53-0AB7F261C8FC
2229	0713D07A-5F2F-11EE-9591-68545AD2D871
2230	9FDF005A-E73D-5652-27EC-A80C57C3B5AD
2231	pfb5885fe597173c73_auto2108
2232	F031746E-3A77-7F2A-2443-BFF1FFE9AB26
2233	0C25EB3F-624F-31DA-1ED5-9A0043520E97
2234	pf70f1bd8a0d81d05e_auto2108
2235	634 328 16
2236	D138950B-BF1E-7E7D-BEAE-9083135071DB
2237	0 84.9987 0
2238	0 340 0
2239	D22AADBC-AC10-11ED-9574-68545AD2D871
2240	D5C47653-AF4B-11EE-95C0-68545A904D17
2241	106 868 20
2242	7312EB68-AC11-11ED-9574-68545AD2D871
2243	FFFC4607-D191-9F35-972B-F1FD3C8E58B2
2244	42158B9F-A98B-11ED-948A-68545AD2D871
2245	B486FD14-AC10-11ED-9574-68545AD2D871
2246	mp_tdm_spawn
2247	85DEB2BA-AF4B-11EE-95C0-68545A904D17
2248	34401D6D-AF50-11EE-95C0-68545A904D17
2249	A48AF04B-B4A8-11EE-959D-68545AD2D871
2250	23A7E2BB-ED96-EA7F-12F0-F9FA096B2D71
2251	-546 220 10
2252	59068514-AC11-11ED-9574-68545AD2D871
2253	626 -628 20
2254	tag_light_front_right_2
2255	-14 740 20
2256	D7E04606-5F3F-11EE-9591-68545AD2D871
2257	BA8A05A7-4365-1C76-01EA-D7D13C9C9797
2258	92023ABE-76CC-B826-F8A4-0B135A40F375
2259	39862114-8E52-11EE-95B3-68545A904D17
2260	scriptable_jup_urz_veh9_civ_lnd_sedan_hatchback_1985_air
2261	2C104703-2D93-7DE4-F8E4-FFE800BE33A3
2262	-308 -36 16
2263	9AFBF333-5F2F-11EE-9591-68545AD2D871
2264	1
2265	451 -963 2
2266	3A7D0C28-AF50-11EE-95C0-68545A904D17
2267	486 -896 16
2268	0 1.99996 0
2269	7876C6E1-5F2F-11EE-9591-68545AD2D871
2270	0 90.9975 0
2271	light_front_right
2272	ED210B61-5F08-11EE-9591-68545AD2D871
2273	264 296 40.4831
2274	pf3c0a9718056acced_3
2275	71E36ECC-263A-D20E-7172-B8AB4BCD9467
2276	26E08388-AC11-11ED-9574-68545AD2D871
2277	9DC1B7CC-F5F1-957B-91E8-6632A2174638
2278	pfca15f0e096c767ba_auto2108
2279	52AA5A1F-1570-1ED8-4072-ACD2938162FF
2280	BBE0C7ED-5F2C-11EE-9591-68545AD2D871
2281	scriptable_cp_rave_magazine_single_04
2282	pf8ec2ba0408a42022_auto2108
2283	224 -44 20
2284	358.068 105.007 -5.75673e-08
2285	hardpoint_vis_02
2286	scriptable_jup_decor_rubber_duck_float_01
2287	vfx/jup/level/mp_jup_stashhouse/vfx_stash_dragonflies
2288	-516 912 20
2289	-583 921 4
2290	0081C125-AC11-11ED-9574-68545AD2D871
2291	A4D147D8-FCF0-93FC-3DFD-59B2028B3AF5
2292	826 650 20
2293	5121961A-F6F7-14AB-F3D6-F3FE5EFA4736
2294	500 -966 20
2295	-520 902 20
2296	0 214 0
2297	656 -972 16
2298	27C17028-AF50-11EE-95C0-68545A904D17
2299	971E889C-88E8-858C-88C1-1A9A4A159589
2300	27C1703C-AF50-11EE-95C0-68545A904D17
2301	C29B17A7-E945-8BAC-3BED-C9387EAFA35E
2302	582D5313-F90A-8497-79DA-0142325DDD26
2303	8D2D596E-7E90-3C72-0462-DB8A985A3959
2304	civ_u_shoes_tennis_laced_left
2305	34401D68-AF50-11EE-95C0-68545A904D17
2306	17F35B17-1778-0E92-706E-0A04D13B7590
2307	66006016-D327-CF94-2C04-399E2944980A
2308	-670 866.5 28
2309	0 140.996 0
2310	9A9075C6-1BDC-2D51-EA6B-0B5EA10CB33F
2311	2D638979-AC11-11ED-9574-68545AD2D871
2312	7FAFC05F-8E49-11EE-95B3-68545A904D17
2313	53A7B9F4-AF50-11EE-95C0-68545A904D17
2314	0 29.9989 0
2315	660 -972 16
2316	furniture_plastic_laundry_basket_01
2317	E854D0EF-8E9B-11EE-9599-68545AD2D871
2318	91E73166-71BA-14DF-7AB6-0040F9082403
2319	707 104 16
2320	27E69F51-5F29-11EE-9591-68545AD2D871
2321	-548 -852 -30
2322	-420 80 12
2323	BF0327A6-B558-A714-04EA-33F74DCB2A83
2324	CE15B285-5F2E-11EE-9591-68545AD2D871
2325	731.5 -883 2
2326	pf68fff2151b3e83b5_auto2108
2327	90E3538D-CD2B-C4D2-C9FE-0259405ECC3A
2328	D23C9685-1012-4716-8151-E54844CC3B6D
2329	C0B10BD2-5705-B8ED-75BE-902AD6189896
2330	99439D64-3456-D89B-4167-4EEE7DB4A67C
2331	397 -919 12
2332	E80716C9-1D7C-EEF7-4894-8EF966289096
2333	3890D91A-5F2A-11EE-9591-68545AD2D871
2334	0 269.997 0
2335	AA546E5A-A64A-2743-7D4A-D0C915DFF754
2336	06739B63-9D48-EB5D-E528-1BEE5AF6DCE8
2337	0F8F62B4-5F37-11EE-9591-68545AD2D871
2338	0 110 0
2339	5AFB1726-570B-5455-4B9D-483BE431B77D
2340	A820FB67-5F04-11EE-9591-68545AD2D871
2341	-286.5 850.5 20
2342	711 96 24
2343	BAB914A5-BC2E-0AE1-4274-3ECF56346F6D
2344	39E0B96A-E4B8-7721-266B-56B0A3456373
2345	D3D99C09-8E49-11EE-95B3-68545A904D17
2346	292F879F-8E49-11EE-95B3-68545A904D17
2347	DD615E0E-ED39-C997-A3AA-E2ADC2D3FFB7
2348	0 88.9986 0
2349	4AC1C3BB-D69C-EA97-ADDB-2C1A3DAA7C66
2350	726 -956 20
2351	DB9A29AC-8E49-11EE-95B3-68545A904D17
2352	F386EF2E-5F36-11EE-9591-68545AD2D871
2353	-308 228 24
2354	826 444 20
2355	-182 -704 24
2356	A6A9E7C3-A401-2A8C-D783-42409742E525
2357	-628 -702 -11.8776
2358	F81FB22F-102F-CB25-EF48-50DF58958A73
2359	vfx_stash_showers_pipe_drips
2360	387524CA-70B4-1A49-A85F-2D5ACEA75112
2361	EA7B6B3D-610E-922C-F13B-0791A133F75A
2362	vfx/jup/level/mp_jup_stashhouse/vfx_stash_water_decal
2363	-310 446 16
2364	95F55EBB-741F-F151-1ADA-8B71339E9514
2365	F71F549F-5515-E515-FA95-FF2A3386CD0E
2366	330 -96 28
2367	706 706 20
2368	7BBAE3B6-35D8-1966-AC6C-03B97F3EE227
2369	820 -264 14
2370	2CA26D8E-B044-9F93-9E4A-D7E4E4B15D26
2371	0 226 0
2372	-398 904 20
2373	50356DD2-8E98-11EE-9599-68545AD2D871
2374	mp_tdm_spawn_axis_start
2375	4215B0ED-A98B-11ED-992C-68545AD2D871
2376	-722 -70 8
2377	0 115.298 0
2378	pf8094ad7892b2507d_auto2108
2379	3ED3AC0E-5F2A-11EE-9591-68545AD2D871
2380	scriptable_jup_toy_rubber_duck_01
2381	D08F6219-5F2C-11EE-9591-68545AD2D871
2382	0 99.9994 0
2383	84350F73-5F2C-11EE-9591-68545AD2D871
2384	-424 -178 12
2385	auto_mp_jup_home_01_cfx.map
2386	640C1378-0C36-04DD-CB06-BA0C74C0D7FE
2387	47145F38-AF50-11EE-95C0-68545A904D17
2388	-600 826 20
2389	E4FFD924-5F07-11EE-9591-68545AD2D871
2390	0 179.998 0
2391	BF0D90DC-8E49-11EE-95B3-68545A904D17
2392	130 -8 24
2393	-488 904 12
2394	0 199.998 0
2395	40CB1336-AF50-11EE-95C0-68545A904D17
2396	F170E488-A6D1-F35F-D461-B7D67FAB58A0
2397	-20 -776 16
2398	EABF1500-F704-ED1A-326C-06CB3040140F
2399	50356DB1-8E98-11EE-9599-68545AD2D871
2400	2CB4EA08-AF4B-11EE-95C0-68545A904D17
2401	389DE85F-8E9B-11EE-9599-68545AD2D871
2402	99508C06-A727-8ADA-3E2E-2D9A820AD62F
2403	74E586A0-9FEE-E8CE-1698-E306C9C89D1D
2404	A4B508C0-9DC1-0B42-AE5D-09BE2C684041
2405	84BE2325-158A-11DA-06F9-C52FD9F20B28
2406	scriptable_ee_book_office_folder_02
2407	4091EA62-AF4C-11EE-95C0-68545A904D17
2408	pf3e46ffefb13a0a29_auto2108
2409	8DAD7298-320B-3926-3A08-F73599D55DB4
2410	EE71018A-8E49-11EE-95B3-68545A904D17
2411	5509E55C-5F2F-11EE-9591-68545AD2D871
2412	300CF76A-5BD7-6583-EC27-20FEC63A7C00
2413	tag_windshield_front_pristine
2414	FD5611EF-9D42-11EE-959B-68545AD2D871
2415	0BA0D0F5-E81D-5447-0966-3C4AE20FB41E
2416	5E429389-FDF3-758F-06DD-D057E0D9B4F7
2417	0 273.999 0
2418	48AFBAB0-5E60-1F47-DAF3-EA08861DFC1D
2419	564922F2-8944-429D-E42E-A121F58FCDDF
2420	-190 -296 28
2421	861 -641 20
2422	2333B563-9723-963E-F1D9-FB21CD93D20D
2423	0A91179A-AF4B-11EE-95C0-68545A904D17
2424	scriptable_civ_u_shoes_tennis_laced_left
2425	3BCD8852-AD24-AA07-517C-732F348BDE40
2426	2FFB1970-34C7-3B5D-D61A-13E196AD9233
2427	85619935-E610-0CB6-BCAE-D2F22D12FF64
2428	0 6.9905 0
2429	713 108 16
2430	-8128 8320 0
2431	22D30F37-5F37-11EE-9591-68545AD2D871
2432	-638 -50 12.9647
2433	FECED824-8AA8-209A-69D9-C52B355C0E47
2434	628 960 20
2435	BA8758E5-5F39-11EE-9591-68545AD2D871
2436	pfbdcf0f23eea41c7b_auto2108
2437	330 504 20
2438	C99D797D-5F2C-11EE-9591-68545AD2D871
2439	0 268.997 0
2440	59C59C74-BB3C-A76D-14EC-992D94F7DC39
2441	E63078ED-5F36-11EE-9591-68545AD2D871
2442	42DA3766-F1D3-9AFE-155F-3D8F3691DD86
2443	C532428C-AF49-11EE-95C0-68545A904D17
2444	black::veh9_civ_lnd_suv_2020
2445	821C0451-0012-F512-8349-BCEB12AFF04F
2446	vfx_stash_water_drips_land_01
2447	8C65D7AE-1FE0-D0C3-65E2-CD4E3BD598A7
2448	CB0C73F2-0EC8-D151-0CFA-62B39A2083D5
2449	8919AD27-52B3-CF88-92CD-FB42EB362A16
2450	-487 913 16
2451	-806 -856 -28
2452	0 289.5 0
2453	F9224F13-48CD-2141-626C-D3439010E2B4
2454	pf6b4dba7b3da23073_auto2108
2455	1DCB3F94-81C0-3582-BDB2-66694EB711F5
2456	-722 -124 9.023
2457	9AFBF31F-5F2F-11EE-9591-68545AD2D871
2458	E2AAC88E-5F2E-11EE-9591-68545AD2D871
2459	9F80654D-3C0D-11EE-9580-68545A904D17
2460	E3002FAE-29FA-B7BD-EDF2-992C8BFED2AE
2461	4215D8B4-A98B-11ED-AA04-68545AD2D871
2462	0 0 0
2463	-42 -774 20
2464	B486FCFE-AC10-11ED-9574-68545AD2D871
2465	-296 270 32
2466	592 -972 16
2467	84300BA3-EA33-3D2A-3563-40EBE7B8046E
2468	4D52ADDC-AF50-11EE-95C0-68545A904D17
2469	732 -860 16
2470	scriptable_cp_disco_bottle_glass_liquor_04
2471	3A7D0C69-AF50-11EE-95C0-68545A904D17
2472	0 279.4 0
2473	42158BB7-A98B-11ED-92EC-68545AD2D871
2474	0 88.9973 0
2475	F9B32FB5-DF43-BE52-20FD-BBA2EE30715C
2476	bathroom_toiletries_bottle_01
2477	7D526115-ED91-BFB8-BA27-4A1F8F9B647D
2478	-391 922 12
2479	38820B18-1941-685E-F31C-45E9B5EFD3C1
2480	330 68 24
2481	E216BA55-8E49-11EE-95B3-68545A904D17
2482	0 34.9998 0
2483	75B39D94-E532-A4E0-9151-066598D943DD
2484	334 -212 28
2485	4CF13E25-AF49-11EE-95C0-68545A904D17
2486	1135DCD3-C3B1-881B-E344-34986E55B715
2487	2438FF98-C6AE-FA2E-DEBB-777F4DDCEE22
2488	-462 -124 16
2489	C73E3132-9131-48A7-0BE4-31BEA6FEA80F
2490	-250 -676 14.0256
2491	433 929 20
2492	0 282 0
2493	4EDF7ED7-8E51-11EE-95B3-68545A904D17
2494	AAB45306-4482-245E-195B-64E1BC024064
2495	-667 921 4
2496	0710501A-B062-6CAE-D77F-6A86BD279D38
2497	E219E850-8E9B-11EE-9599-68545AD2D871
2498	E4A381D9-0050-7B79-10F2-487592FCACB6
2499	D0C072EA-402C-6DC1-633D-EF0CCDBC33E0
2500	0 332.697 0
2501	-577 -259.5 8
2502	89794D56-0FC3-F2D3-7BEF-373977FDB111
2503	0 111.997 0
2504	748 336 16
2505	CC72DCC6-B00C-0376-82D8-A6ADF8D4A39C
2506	302 324 24
2507	0 215 0
2508	605 -810 12
2509	DEA2DE50-800D-80EB-87AE-ACB0C7367DE9
2510	0 14.999 0
2511	0 310 0
2512	270 784 22
2513	-342 922 12
2514	441.271 -933.561 16
2515	pfe47c7a75f748b4ea_auto4
2516	B4D06578-5F2C-11EE-9591-68545AD2D871
2517	c2
2518	FD4B258B-BDC2-A673-CF06-E9F85A49CC9C
2519	456 -944 20
2520	5EDC5B4C-DC04-2CB9-C290-B84DB1F12089
2521	-340 -166 11.0638
2522	dinnerware_plate_ornate_stack_01
2523	C4727D3A-5F2F-11EE-9591-68545AD2D871
2524	90A9017D-36E4-98E2-E108-E9EC6B16A22F
2525	40CB1372-AF50-11EE-95C0-68545A904D17
2526	B800ADC8-AD3A-986B-BE38-8611BFBB900B
2527	524 -972 16
2528	wheel_center_front_left
2529	-716 912 20
2530	F3B48102-5F07-11EE-9591-68545AD2D871
2531	mp_ctf_spawn_allies_start
2532	vfx/jup/level/mp_jup_stashhouse/vfx_stash_water_puddle_decal_01
2533	-272 -810 2.60445
2534	1A02B0A4-CDAF-BDD5-7A7B-57A164A7BE18
2535	716D3050-FF23-556E-0E4F-278B6ED0CCBD
2536	-108 898 24
2537	0 321.1 0
2538	699C5D4A-6570-97ED-6E44-988FCDC91EC9
2539	-736 718 20
2540	3
2541	D15D431C-E554-8D0A-494A-6C989BDD0089
2542	0 109.997 0
2543	558 -696 12
2544	556 960 20
2545	528853D5-E55B-6697-DF72-918F38B5A871
2546	389DE856-8E9B-11EE-9599-68545AD2D871
2547	scriptable_base_book_05b
2548	B1719311-E133-6E3C-9D7E-D7CCB7A0D696
2549	65F12988-DADF-2D03-3AAE-772DE905F9C5
2550	vfx_stash_pot_steaming
2551	3AED2304-A429-6B92-BE91-3AB57BF80B83
2552	DFFAA4D4-5F36-11EE-9591-68545AD2D871
2553	scriptable_cp_rave_magazine_stack_02
2554	53A7BA21-AF50-11EE-95C0-68545A904D17
2555	38CFB6A8-2C31-FDD1-16D5-3C5FFB306BCA
2556	-246 862 22
2557	1E7B31BB-9A49-666D-A648-49D5AE40EA13
2558	vfx_stash_leaves_falling_green
2559	8E52EE14-223B-2949-A50E-F6574E1EBCF6
2560	BAA6EFE5-AC10-11ED-9574-68545AD2D871
2561	pf3c0a9718056acced_1
2562	FBD0B17B-6178-2181-3C79-1ED248DACC95
2563	-661 847 4
2564	859 -796 20
2565	618 -984 20
2566	53A7BA03-AF50-11EE-95C0-68545A904D17
2567	622 -896 16
2568	456 -936 16
2569	30 -780 20
2570	3A7D0C2D-AF50-11EE-95C0-68545A904D17
2571	4C15F60C-2D15-11EF-95CE-68545A904D17
2572	-572 -734 -7.86739
2573	0 115.998 0
2574	pf3dac7342ff08219e_auto3
2575	hardpoint_vis_04
2576	E854D0F4-8E9B-11EE-9599-68545AD2D871
2577	33793B86-F2B0-5B29-3FCE-FDFF761DFB3D
2578	0 174.993 0
2579	FD412F3D-4B9C-90AC-702D-BDD95735D424
2580	1989AFCB-FCC2-D289-5B47-C52FE65CE555
2581	9A825CA7-240D-6340-E4B2-4F8CD54D1600
2582	mp_tdm_spawn_allies_start
2583	802 860 18
2584	jup_urz_veh9_civ_lnd_sedan_hatchback_1985_air
2585	627 -642 14
2586	-50 568 20
2587	E5DADB6B-5F08-11EE-9591-68545AD2D871
2588	0 203 0
2589	base_book_05b
2590	EDCD5810-AF4A-11EE-95C0-68545A904D17
2591	-724 910 16
2592	2502DDEE-39A4-F0BC-DE3D-6DFDABBECFAB
2593	4D52AD91-AF50-11EE-95C0-68545A904D17
2594	light_front_left_2
2595	FA39FBCE-A9CB-E405-A0BF-53E5ED20BCB0
2596	scriptable_bathroom_toothbrush_hygiene_01
2597	CAF5959D-A6C4-F489-EC90-C65EE44C5182
2598	3DC05F43-4D8B-1B74-4C8D-A9213DCF797F
2599	226 -48 24
2600	4CF620FC-2626-61AD-14C3-EB1B8659A0FC
2601	0 180.998 0
2602	0 64.9976 0
2603	vfx_stash_birds_sparrows_circling
2604	27DA22A1-AF49-11EE-95C0-68545A904D17
2605	6794AEEE-5F29-11EE-9591-68545AD2D871
2606	7FAFC069-8E49-11EE-95B3-68545A904D17
2607	show
2608	27C17037-AF50-11EE-95C0-68545A904D17
2609	A1032E4D-7F08-88FA-2804-9C8A5B6F26F9
2610	0721CF9B-D96A-FC85-8A7C-8BAA1DFEF25A
2611	E854D0CC-8E9B-11EE-9599-68545AD2D871
2612	9B27C8DD-E395-BE3E-9F2D-2D76D9A53838
2613	367ED35F-5F2F-11EE-9591-68545AD2D871
2614	-152 -414 20
2615	EF224C2D-11E4-0C63-3763-E5E06C41A4E2
2616	cp_rave_magazine_single_02b
2617	5B6DB8D3-9D44-11EE-959B-68545AD2D871
2618	-712 774 12.1905
2619	024AC2FE-101B-CE00-CB71-BE9193D84570
2620	6C55C3D1-AC11-11ED-9574-68545AD2D871
2621	1E12EDD9-9322-1D4F-0141-E44C85068AD5
2622	CB5A7B67-5F08-11EE-9591-68545AD2D871
2623	B486FD1F-AC10-11ED-9574-68545AD2D871
2624	traversal_door
2625	E7784A37-BB1C-41B6-E9C7-B60A30F9845F
2626	FD561208-9D42-11EE-959B-68545AD2D871
2627	BDB46758-4FE3-16F4-9701-F118445BFFD2
2628	scriptable_base_book_group_04a
2629	72A4637C-5F5B-F461-9B2B-2D75219E3DD4
2630	48DD1D3F-A937-0850-C205-8993B1B214CB
2631	E854D0D6-8E9B-11EE-9599-68545AD2D871
2632	on_nolight
2633	8B6643BD-C7F6-836C-AB68-19A8E0C84736
2634	tag_light_front_left
2635	EA0760DA-5078-6B23-8834-712EAD333CA0
2636	scriptable_cp_town_playground_swingset
2637	0 107.799 0
2638	720 -958 16
2639	47EFF702-5F88-F5F4-50D7-C26B69A86A3E
2640	344445BA-F339-883C-DC3C-46ABF8B217B5
2641	0 14.9991 0
2642	854 -688 18
2643	-398 -834 -9.48396
2644	376816BF-5F37-11EE-9591-68545AD2D871
2645	danger
2646	pfe63b7eab63d93a67_auto2108
2647	7B33ACE4-E89F-BFD1-AD6A-8AD24E278A73
2648	-16 -772 20
2649	711 4 20
2650	655 950 9
2651	pf2b7fb88eec8f2d5a_auto3
2652	0 254 0
2653	A7D77FB2-D3FF-99C8-9FF7-1EF6DE04F075
2654	2E09494E-AF50-11EE-95C0-68545A904D17
2655	0 175.998 0
2656	0 243 0
2657	2E094958-AF50-11EE-95C0-68545A904D17
2658	17962DEA-4065-1BA5-D870-07D05069D268
2659	-578 -836 -27.8633
2660	24BC8276-5F2A-11EE-9591-68545AD2D871
2661	0 269 0
2662	7D8D6DE7-EA11-F6FA-46FE-749A6299E187
2663	EEF23D7C-6EF5-D6CC-941A-465E72F87BC4
2664	vfx/jup/level/mp_jup_stashhouse/vfx_stash_pot_steaming
2665	pf1ba7f91d0a721370_auto2108
2666	vfx_stash_light_shaft_godray_01
2667	0 210 0
2668	decor_smuggler_notebook_01_open
2669	BA6AEFCB-5F2E-11EE-9591-68545AD2D871
2670	pf3481a8ca414e3d75_auto2108
2671	B7F4437E-5F03-11EE-9591-68545AD2D871
2672	E96E820B-AC10-11ED-9574-68545AD2D871
2673	615D0BB8-5F29-11EE-9591-68545AD2D871
2674	mp_ctf_spawn
2675	-802 -860 -28
2676	82685288-C6AD-0E4F-099E-D66882EDE9CF
2677	0 225 0
2678	decor_trash_can_plastic_office_01
2679	400283D4-AF4B-11EE-95C0-68545A904D17
2680	50356DBA-8E98-11EE-9599-68545AD2D871
2681	EAB0F52E-8E4A-11EE-95B3-68545A904D17
2682	8B7D5337-D287-3CEA-C3A0-A74947163E5F
2683	0 44.9998 0
2684	D882FC69-AF4A-11EE-95C0-68545A904D17
2685	F03EF252-29E7-11EF-95CE-68545A904D17
2686	77D11097-69AE-7ED4-A8EA-515721D91FA7
2687	627.5 -962.5 2
2688	5FFFF613-5F37-11EE-9591-68545AD2D871
2689	FD4CFE47-3C0D-11EE-9580-68545A904D17
2690	0B410B1B-F552-2C65-6373-6F4DDC6F55B9
2691	7FAFC087-8E49-11EE-95B3-68545A904D17
2692	rock
2693	0 9.99996 0
2694	29CE0532-F0A5-028A-D35D-2EAA81C963B2
2695	54A5F88A-AF4C-11EE-95C0-68545A904D17
2696	2D73FF4E-5BA6-E8CC-2BF3-5DCFEE45D8BC
2697	window_back_right_corner
2698	mp_dom_spawn_axis_start
2699	34401D77-AF50-11EE-95C0-68545A904D17
2700	F9AA25BF-9D44-11EE-959B-68545AD2D871
2701	2CE09944-0BD4-6B03-62D2-646D311A7212
2702	-780 -402 10.4779
2703	DD341888-8E4A-11EE-95B3-68545A904D17
2704	19D7C0F8-AC11-11ED-9574-68545AD2D871
2705	vfx/jup/level/mp_jup_stashhouse/vfx_stash_leaves_blowing_ground_sml
2706	EDCD57F6-AF4A-11EE-95C0-68545A904D17
2707	B7D62E9E-AF49-11EE-95C0-68545A904D17
2708	vfx/jup/level/mp_jup_stashhouse/vfx_stash_water_drips_land_01
2709	0 173 0
2710	window_blast
2711	40224BBF-AC11-11ED-9574-68545AD2D871
2712	40CB1345-AF50-11EE-95C0-68545A904D17
2713	090596C4-EE4E-0DA9-BA83-5037B7218654
2714	47145F3D-AF50-11EE-95C0-68545A904D17
2715	47145F2E-AF50-11EE-95C0-68545A904D17
2716	A1AC3473-F97D-B8D0-8223-264809D31B2D
2717	569AD6C3-360C-29EE-7583-2FAFFCB13B7C
2718	BF0D90CD-8E49-11EE-95B3-68545A904D17
2719	-790 -862 -28
2720	6A7FF8BC-AB5A-72A3-A289-0F62658CFE27
2721	0 52.9986 0
2722	ED210B50-5F08-11EE-9591-68545AD2D871
2723	D5C47648-AF4B-11EE-95C0-68545A904D17
2724	-717.5 356 20
2725	F7A520F1-29E6-11EF-95CE-68545A904D17
2726	0 184.998 0
2727	C7E2A328-81D9-3700-5AF1-4EFB3532A460
2728	256 -278 24
2729	0 144.998 0
2730	B3A84C76-9D44-11EE-959B-68545AD2D871
2731	E96E821A-AC10-11ED-9574-68545AD2D871
2732	F2D946B9-D023-CE5B-5E1E-EAF36E5C4F98
2733	0 85 0
2734	3A7D0C4B-AF50-11EE-95C0-68545A904D17
2735	53A7BA30-AF50-11EE-95C0-68545A904D17
2736	06B92151-EDF8-1B41-C5F3-A37AFFA6B2CA
2737	27951D65
2738	cnd_pint_glass_stack_01
2739	-308 276 24
2740	102B675F-197E-8DFD-A4D3-52B93C0CD1BF
2741	6925A2F4-8E9C-11EE-9599-68545AD2D871
2742	852 -516 16
2743	-9280 8320 0
2744	0 270.253 0
2745	808 444 16
2746	224 -38 42.8791
2747	-722 580 24
2748	taillight_left_dead
2749	-2 840 20
2750	0 59.9989 0
2751	0 59.9983 0
2752	-638 -356 17.8998
2753	52F7E37B-5F37-11EE-9591-68545AD2D871
2754	A58F4D76-426E-2076-7BD8-6065B12CFDCE
2755	5D10F33F-8E9B-11EE-9599-68545AD2D871
2756	D80789C0-2A50-3283-F9A1-01235D76A9AD
2757	DFFAA4C3-5F36-11EE-9591-68545AD2D871
2758	545E4447-A02B-1B14-AAF8-0A3F720C82C5
2759	716 925 20
2760	DECEDBC9-5F07-11EE-9591-68545AD2D871
2761	c1
2762	9FC5457B-5F29-11EE-9591-68545AD2D871
2763	F3B48116-5F07-11EE-9591-68545AD2D871
2764	-800 -626 -12.7124
2765	40CB136D-AF50-11EE-95C0-68545A904D17
2766	pf1e4348ab8cc40249_auto2108
2767	840ACA3C-C23E-8CD5-B4B4-EAA1DD94C0B0
2768	C54DF7DB-6948-F023-0131-0B6FAE05ED91
2769	BB346A3B-D8BB-8FF7-231F-43A95705826B
2770	03F26B02-6EFF-460F-79B5-46AF8FD308CB
2771	BBE0C803-5F2C-11EE-9591-68545AD2D871
2772	me_decor_vase_blue_01_sml
2773	mirror_right
2774	pf7a9d60d9591be54f_auto2108
2775	7286F5DD-5F37-11EE-9591-68545AD2D871
2776	C25DDE30-5F39-11EE-9591-68545AD2D871
2777	-584 914 20
2778	4CBBBA5F-2141-F290-512D-B7D775BA5AD5
2779	pfb910b8ce220a0d68_auto2108
2780	6AF5EA58-AF49-11EE-95C0-68545A904D17
2781	C297E898-402B-53A7-7508-6B31EE1EFAAE
2782	-730 904 20
2783	mp_warrior_spawn_allies_start_ds
2784	440 -306 20
2785	D8CD9360-5F07-11EE-9591-68545AD2D871
2786	451557B6-99DE-F956-109E-E6A072E63473
2787	5D10F328-8E9B-11EE-9599-68545AD2D871
2788	389156BA-F36F-FC0D-4AE1-A8DD802ADCB9
2789	-184 -412 20
2790	2541C316-8C4F-ED11-9133-C96D989E30DA
2791	B18E81DA-A0FF-30D7-FFCC-3D5BFF6E9E3A
2792	D66BD2EE-C52D-5081-0370-FAF3C592A9E0
2793	2D638976-AC11-11ED-9574-68545AD2D871
2794	382 -876 16
2795	-312 -256 32
2796	D1B781CC-0729-EDC1-05D9-4248E1335E93
2797	braking
2798	F9BF8BB4-5F2E-11EE-9591-68545AD2D871
2799	9B6B8BDC-5F2D-11EE-9591-68545AD2D871
2800	E854D0C2-8E9B-11EE-9599-68545AD2D871
2801	34401D45-AF50-11EE-95C0-68545A904D17
2802	CF73E4F9-8210-0819-8BC9-D4DA1BAD2EF4
2803	478 -948 16
2804	0 106.751 0
2805	vfx_stash_leaves_blowing_ground
2806	-580 912 20
2807	-624 914.5 28
2808	831CB4FC-31B1-A64F-7548-C8173D652F87
2809	66429BAC-AC11-11ED-9574-68545AD2D871
2810	0 169.998 0
2811	-716 -858 -28
2812	360 454 20
2813	774 -194 12
2814	637 -890 2
2815	EAB0F517-8E4A-11EE-95B3-68545A904D17
2816	0 202 0
2817	A53000ED-AC94-E237-C707-AAA1763AADF9
2818	8A1BDD22-4F2E-C8DD-6CFD-C1BB85BA5E56
2819	80FA114B-7C1E-1A98-5F85-95900D2C21E0
2820	F70782E8-B074-4143-B84E-94D7DE0BA1A7
2821	984CBC41-5F08-11EE-9591-68545AD2D871
2822	0897963A-6FB2-9C42-F60F-490E76646B22
2823	9E815B5F-F67D-3001-AB2F-A0425140AFDC
2824	ED6AEC31-ED63-C177-CC8D-93EE6F50A351
2825	466 -314 20
2826	mp_arena_spawn_allies_start
2827	-672 -856 -28
2828	-326 -544 16
2829	default
2830	-188 -790 4
2831	699319F3-C46D-7A1A-D309-0DCE75F3E3FE
2832	end
2833	scriptable_me_kitchen_coffee_bag_01
2834	E96E8233-AC10-11ED-9574-68545AD2D871
2835	34401D31-AF50-11EE-95C0-68545A904D17
2836	D2C9ACC8-32E5-216D-8B5D-28F881DDD9D9
2837	9FEBE004-88D5-E2C4-0DA5-325BDA5CE900
2838	658 -956 16
2839	cp_rave_magazine_single_06b
2840	04FF445D-3309-62C3-A156-9F6847B81CC3
2841	BD580239-A918-281C-E644-BBB54659CFA1
2842	A78BF5EC-765B-218B-6C91-15903131CEEF
2843	87B5E775-E69A-733D-CD74-92EFD76129CC
2844	0 178.397 0
2845	423 923 26.0473
2846	decor_drying_rack_01_plate_02
2847	53A7B9F9-AF50-11EE-95C0-68545A904D17
2848	explode_left_90
2849	1F2BC8DF-AF4C-11EE-95C0-68545A904D17
2850	A0F225A9-9587-5105-63A9-DB0920BFEE8C
2851	567 -903 2
2852	DDAFE721-A271-D309-ED9D-76779B792C01
2853	scriptable_base_book_group_06a
2854	scriptable_base_book_group_01b
2855	A902E73C-6626-AE21-15D2-567C2BC4D493
2856	FA888269-8E49-11EE-95B3-68545A904D17
2857	DD05BA8D-A6EB-00F2-E461-D172D2E4FE4C
2858	0 18.9995 0
2859	53A7B9FE-AF50-11EE-95C0-68545A904D17
2860	EE59B1B8-3C0D-11EE-9580-68545A904D17
2861	0 269.532 0
2862	0 100 0
2863	E854D103-8E9B-11EE-9599-68545AD2D871
2864	scriptable_tableware_glass_wine_02
2865	0 14.9979 0
2866	D29337B8-5F29-11EE-9591-68545AD2D871
2867	837E87FE-3EC7-B42F-0506-D14EE8899BFB
2868	3A7D0C3C-AF50-11EE-95C0-68545A904D17
2869	C401183E-FE7B-1D48-37EF-E42F39B29268
2870	284 772 16
2871	330 -208 32.8717
2872	8A172A3C-943D-79C5-BDC9-E5B60185B90F
2873	4E83DD42-7E00-F630-AE08-9CE54AA2AD2C
2874	no_process
2875	-616 -858 -25.7718
2876	-636 142 20
2877	-398 -834 -1.48396
2878	23A156E8-305C-3AF7-4EBC-0DC58E221FE5
2879	jup_toy_rubber_duck_01
2880	798 574 16
2881	DB009726-7E15-6898-3F80-BD992A55BC7D
2882	3D092981-5F29-11EE-9591-68545AD2D871
2883	421575F3-A98B-11ED-A520-68545AD2D871
2884	0 252 0
2885	339532E6-AC11-11ED-9574-68545AD2D871
2886	windshield_back
2887	E7B0DCFD-B51E-3C76-BF25-912767CB818A
2888	08911465-F29C-8A2E-055D-A56DA27DDF09
2889	40D325E8-5F2D-11EE-9591-68545AD2D871
2890	F98F7E7F-5F36-11EE-9591-68545AD2D871
2891	vfx_stash_leaves_falling_petals
2892	-432 380 20
2893	371 937 16
2894	0 300 0
2895	scriptable_tool_pipe_wrench_01
2896	517 -34 24
2897	691DAB55-EBD9-DA75-2B43-43840C4B9351
2898	796 784 20
2899	610 -884 16
2900	34401D40-AF50-11EE-95C0-68545A904D17
2901	E62AEA62-09F5-BA88-39D6-F26E8DBBA4F8
2902	1DA5E3FD-A160-5A7E-3839-2A4227DCFEAE
2903	FCC38E54-AF3D-781D-66DF-AFC054897F53
2904	6C55C3CE-AC11-11ED-9574-68545AD2D871
2905	8A053C90-5F29-11EE-9591-68545AD2D871
2906	47145F06-AF50-11EE-95C0-68545A904D17
2907	F8D06A67-7BE1-A512-D0E4-13845D434B3F
2908	pff692e18a3ab192e4_auto2108
2909	562 958 18
2910	718 923 20
2911	45FE9656-8E51-11EE-95B3-68545A904D17
2912	5ADF566B-827D-28B1-772F-74C0150F3B5E
2913	7F0CD3B5-5F04-11EE-9591-68545AD2D871
2914	0 133.799 0
2915	ADD55375-5F37-11EE-9591-68545AD2D871
2916	vfx_stash_water_drips_sml
2917	4A37D5D7-5F29-11EE-9591-68545AD2D871
2918	58D041D0-AC10-11ED-9574-68545AD2D871
2919	0 301.2 0
2920	-634 220 22
2921	25B53337-D364-3C1A-1D13-06E492DF1559
2922	wheel_center_back_right
2923	53A7BA26-AF50-11EE-95C0-68545A904D17
2924	-748 -164 25.023
2925	2C58287C-C7F0-2DE1-B3C8-201944DE7941
2926	0 64.9999 0
2927	61CF22AC-69E2-56A5-A0D5-17A397C7B05F
2928	4C742F52-577C-4E58-1AB1-04AB2FF31937
2929	-150 -592 31.9821
2930	820 -939 2
2931	484AA474-5F09-11EE-9591-68545AD2D871
2932	0 357.997 0
2933	4016C9B2-F558-F091-1722-878EBFE51CD1
2934	5DF86554-CE8E-75D6-70ED-E0AB95E4E19F
2935	318 352 24
2936	761 -874 2
2937	519 -656 12
2938	E2C9612F-F685-4336-2595-11748D4714B9
2939	0 153.999 0
2940	7BD64FB8-5F2C-11EE-9591-68545AD2D871
2941	853C0063-9A34-8F7E-8928-E99A7347EE2A
2942	C5BF5CA7-5F37-11EE-9591-68545AD2D871
2943	0 284.749 0
2944	17B6CFFB-4ACC-2F07-C18A-CFD59EB933C8
2945	02E63C80-AF4C-11EE-95C0-68545A904D17
2946	-250 364 16
2947	0816F0BC-5C87-B192-1FFE-793D12CC1C6C
2948	98C0E053-154F-1906-7024-EF14A0FDFB9D
2949	BBC72651-E355-0AE4-AF0C-2E274EA68FA5
2950	scriptable_paris_potted_plant_small
2951	7B4AFF69-CDF0-D67A-6FCD-9285015C1122
2952	0 19.9979 0
2953	5A2A00A7-E72E-CF0C-7ABC-475DA498201D
2954	-733.5 384 20
2955	7F1A39D2-9287-BC3C-5703-EA8B2280B7F6
2956	B430E6BF-5F04-11EE-9591-68545AD2D871
2957	154 -796 18
2958	B4D0656D-5F2C-11EE-9591-68545AD2D871
2959	27C17041-AF50-11EE-95C0-68545A904D17
2960	pf5d2ba44b037c893_auto2108
2961	E450B021-8C4A-626D-E148-76B9CD248A27
2962	748 324 20
2963	BF0D90D2-8E49-11EE-95B3-68545A904D17
2964	0 235 0
2965	lm_cash_stack_pile_md_01_destr
2966	jump_down_40
2967	jump_down_80
2968	5F61828C-AC11-11ED-9574-68545AD2D871
2969	227946F9-4D37-AF71-26DF-1E42E1254869
2970	E65B0B99-5F2F-11EE-9591-68545AD2D871
2971	scriptable_furniture_plastic_laundry_basket_01
2972	wolf_statue_01_sml
2973	vfx/jup/level/mp_jup_stashhouse/vfx_stash_leaves_blowing_ground_petals
2974	-762 -332 4.97511
2975	3A16A778-21AA-1AEE-16BD-6850E04C25E7
2976	B4D0655C-5F2C-11EE-9591-68545AD2D871
2977	8484D246-51CB-FE87-1651-903CDADFF12E
2978	386 458 20
2979	A6106C35-DDBA-6634-D4BD-A40058BFD568
2980	pf7e21b2ca977c71bd_auto2108
2981	690 -896 16
2982	832 -414 18
2983	-295 839 16
2984	-338 900 22
2985	24BC8268-5F2A-11EE-9591-68545AD2D871
2986	670 -972 2
2987	3F794CC6-6205-A7BD-AAE4-127136C28864
2988	617DA66D-BB02-BEA2-ECD6-F865EDE782A2
2989	headlights_dead
2990	2E09492B-AF50-11EE-95C0-68545A904D17
2991	vfx/jup/level/mp_jup_stashhouse/vfx_stash_water_drips_pipes_02
2992	614 -968 16
2993	32AAD28D-AF4C-11EE-95C0-68545A904D17
2994	pf51c9cd8941e04b8c_auto2108
2995	0 131.999 0
2996	0 92.3907 0
2997	6925A2F1-8E9C-11EE-9599-68545AD2D871
2998	0 196.994 0
2999	0 89.9978 0
3000	2804DBAB-2EC9-DE00-3095-5015E4A0DF56
3001	D49649F9-813E-D861-098C-9F96F16A24DE
3002	0 105 0
3003	noise
3004	4D52ADAF-AF50-11EE-95C0-68545A904D17
3005	EC5611FD-5F36-11EE-9591-68545AD2D871
3006	B486FD35-AC10-11ED-9574-68545AD2D871
3007	F60C06DF-CA98-BEDD-13A4-6E8D2E7554F7
3008	furniture_modern_stool_01
3009	3989D40B-AF4C-11EE-95C0-68545A904D17
3010	971C47FE-AE7D-1F41-0D24-72488485F47F
3011	781BA8B7-E75D-3394-AC5E-05E183D5C224
3012	C00DE6C1-7503-7930-2611-5662508A71ED
3013	33953303-AC11-11ED-9574-68545AD2D871
3014	62F2A6B8-F63E-B95D-B6D6-E116562A96FA
3015	explode_right_90
3016	BCB063BA-2DBF-69CA-9660-49E140520205
3017	-438 280 22
3018	-658 834 16
3019	electronics_alarm_zero_01
3020	0D6EE02F-7952-A6CC-CE55-C5DE8C4302F7
3021	-352.5 834.5 28
3022	6598510C-791E-3CD8-CA76-F181059472AB
3023	light_smoke
3024	962B33CC-9E34-5EDA-AA90-939773F4A2B7
3025	3C6C98BC-6153-6DDF-8658-201D7A62851B
3026	0 2.99662 0
3027	451B3E11-DF21-8088-6489-21F3C525EA4A
3028	-312 -40 20
3029	0 316.8 0
3030	68F860C7-AF4B-11EE-95C0-68545A904D17
3031	9B6B8BED-5F2D-11EE-9591-68545AD2D871
3032	pfadd9f950f54d1122_auto2108
3033	0 304.999 0
3034	B79247A4-9D43-11EE-959B-68545AD2D871
3035	FA30F902-F3F4-1029-1C11-32F495142DF6
3036	0 264 0
3037	40D32601-5F2D-11EE-9591-68545AD2D871
3038	0A905802-9938-F5A2-D0BF-F3BD066DD4F3
3039	-434 363 20
3040	-505 919 28
3041	-303 -39 20
3042	FBDE81A3-7236-A302-232B-BB47D509AA2D
3043	DB7AE504-43C4-5413-5EF1-1003713ED172
3044	521AECD3-935A-75DC-7CDC-7867ABC82EF5
3045	vfx_stash_godrays_trees_large
3046	4215D8B9-A98B-11ED-A440-68545AD2D871
3047	2BBD965C-AF4C-11EE-95C0-68545A904D17
3048	150DAAF6-158A-203E-98D7-A1F84478C27F
3049	0 228 0
3050	5279FDF5-0497-AC2A-1E7C-5B0E4F0FE385
3051	856 -596 20
3052	2347CF54-5F2D-11EE-9591-68545AD2D871
3053	512 -980 20
3054	64F72F8E-57F9-D8A8-87C3-ABCA450F5ED3
3055	3A7D0C5F-AF50-11EE-95C0-68545A904D17
3056	-332 926 20
3057	pfc45b6513cee87a50_auto2108
3058	120 648 32.53
3059	2A6A423A-0E19-62B2-BFE3-1CE884FBC614
3060	EC655EDF-5F2E-11EE-9591-68545AD2D871
3061	E27626ED-25C4-6B19-09A2-F472DC6AC3A3
3062	BF0D90F0-8E49-11EE-95B3-68545A904D17
3063	0 76.991 0
3064	2E094944-AF50-11EE-95C0-68545A904D17
3065	14FCB3D6-9D44-11EE-959B-68545AD2D871
3066	3298D3B4-8E9B-11EE-9599-68545AD2D871
3067	3C376E46-C031-96C1-00F9-9D7C326E024A
3068	B17680A7-5ACF-D6D0-A4DF-AC598281605B
3069	E854D10D-8E9B-11EE-9599-68545AD2D871
3070	-50 -648 18
3071	082D0373-5F09-11EE-9591-68545AD2D871
3072	596 -187.5 25.1943
3073	-728.5 919 28
3074	A7137871-FDF0-59B5-2536-CDD665036CDF
3075	614770E4-5F2F-11EE-9591-68545AD2D871
3076	D636289E-8E4A-11EE-95B3-68545A904D17
3077	D3D99C1F-8E49-11EE-95B3-68545A904D17
3078	scriptable_base_book_group_01a
3079	-652 -848 -28.0646
3080	E82DCB0A-2768-62BF-CFF7-6D32BA21E020
3081	E4FFD932-5F07-11EE-9591-68545AD2D871
3082	802 876 16
3083	0 209.999 0
3084	mp_control_spawn_defender_start
3085	802 904 16
3086	6ADE03D5-3C0D-11EE-9580-68545A904D17
3087	93A132C7-4A23-E530-AD8E-F176A1B7C7F3
3088	803B4817-9D44-11EE-959B-68545AD2D871
3089	-564 915.5 28
3090	-786 -752 -28
3091	E219E805-8E9B-11EE-9599-68545AD2D871
3092	scriptable_bucket_rusted_empty_01
3093	F453C419-404B-DC74-073F-4E640EFB6304
3094	802 400 20
3095	FE7259B1-EBFC-3FE3-6853-114619E694E3
3096	2E094935-AF50-11EE-95C0-68545A904D17
3097	-448 906 20
3098	3A7D0C50-AF50-11EE-95C0-68545A904D17
3099	5BC429CC-5F2A-11EE-9591-68545AD2D871
3100	0D64066F-5F2F-11EE-9591-68545AD2D871
3101	-40 440 12
3102	3AA902C2-1B1E-5135-2DE7-337AFB5BAA34
3103	F430E3F9-2E2D-8277-0572-D651DDCB8FE7
3104	84E68508-929D-EB45-EA02-81A2CFBB9831
3105	3DF55D59-AF49-11EE-95C0-68545A904D17
3106	0 189.998 0
3107	23C9E979-ECE0-DAFE-AD0F-F90557BCB21C
3108	mp_rugby_spawn_axis_start
3109	F87518E2-650E-5907-1825-91CC07625681
3110	mp_koth_spawn_allies_start
3111	0FE080D8-8E4C-11EE-95B3-68545A904D17
3112	7A5A8219-2DAE-A84C-ADF1-1B55EC90D286
3113	EBD5D071-39C3-AF7A-B56C-8E8F3B4A4D6F
3114	-228 354 32
3115	scriptable_bathroom_toiletries_tube_01
3116	11B42365-5F2D-11EE-9591-68545AD2D871
3117	852 -900 16
3118	4DC529CC-9CB0-6B64-2190-5920AA4E0992
3119	6A188F7A-6DD5-791E-CD83-6E672D114986
3120	3ED374EF-2D15-11EF-95CE-68545A904D17
3121	pfba91544ec32272b9_auto2108
3122	D4AA98D3-87D9-A7E1-6164-0577B461E36A
3123	C2458AB2-5F2C-11EE-9591-68545AD2D871
3124	decor_planter_tree_trio_04_sml
3125	pf90c3442b621d6a00_auto2108
3126	57CCA6E3-9518-77B5-2829-4DEB14D9FF05
3127	0CB2CA99-AC11-11ED-9574-68545AD2D871
3128	frozen
3129	-652 912 20
3130	389DE853-8E9B-11EE-9599-68545AD2D871
3131	C406C292-5944-BD99-83B3-E29BC217362A
3132	870 -740 16
3133	9D8F1E53-A56A-5D0F-7C22-D3553F80DA06
3134	DE8EDEAB-8E4B-11EE-95B3-68545A904D17
3135	-800 -732 -36.3636
3136	494A027E-0AAC-6818-5A7B-001C27F5F14D
3137	0 275.132 0
