   1	-1689.5 -853.5 272.787
   2	8AF710E2-DB46-CC81-6104-9803D795DEC2
   3	2B8189B0-F9CB-5DE6-9F87-2557E319031D
   4	42FC05B7-3421-744D-9E9C-B802F02803CA
   5	13F2837B-D638-11EC-8E22-68545A91F9AF
   6	-1854.01 1667.82 269
   7	pf38f9c8d79b410ad1_auto2108
   8	2360.39 1326.26 312
   9	6A4B3A09-88B7-D28C-17B8-D71CFAF8B0D1
  10	-2727.5 -538.5 272
  11	8D3AAD69-04D0-11EE-AC38-68545AAE1653
  12	scriptable_scriptable_construction_doors_metal_b_02_mp_green
  13	7FD86BC5-66C5-11ED-8E58-68545A91F9AF
  14	0 239.999 0
  15	hardpoint_chevron_secure
  16	1760.49 779 304
  17	12007B52-266E-77E0-9863-08A9C8DFB313
  18	me_kitchen_coffee_plate_01
  19	6A785756-4B17-27C2-11EC-3C95CE8C8B3D
  20	1600.49 -56.4782 307.831
  21	1559.44 1030.37 304
  22	35DE255D-66BF-11ED-8E58-68545A91F9AF
  23	22A8EDC0-EE73-4B68-0109-C03E9EFA0222
  24	4FB429F7-1B31-303E-8E02-9DCF1C7AA33A
  25	5A89C645-ACCD-87C5-306E-9FBE227B7ADA
  26	2E8F80D4-33C9-11ED-8E3D-68545A91F9AF
  27	pf31fd5eef0313bd05_auto4588364329929869812
  28	-1138.54 481.281 268
  29	2773.19 262.09 304
  30	D9DF495F-A999-30AA-3B73-2C0541648171
  31	6EC5404C-9899-CA67-5572-937BC81F544D
  32	3208.5 47.5 296
  33	346C7F4E-3C4F-C680-9DC3-8ECC001A4028
  34	mp_escort_spawn_attacker_start
  35	-2639.5 -246.5 272
  36	239FAFB3-2CA0-2528-E205-46FCC5B9D89C
  37	6489B67B-7D47-11EE-9595-68545AD2D871
  38	1E7426F3-E2BF-11EE-9016-68545ACDFBC3
  39	AEC0CA11-3661-6056-FD0E-20E975DE97CF
  40	tag_window_back_left
  41	-2733.5 -544.5 272
  42	1987.19 1404.09 312
  43	pfd6f8ec13d0e1ccec_auto2108
  44	pf987bcfa1b9878ddd_f_2
  45	CC012EF5-CCFC-D3B8-3D4E-83380357812D
  46	DEB1D049-7D4B-11EE-9595-68545AD2D871
  47	69D71F8A-3C55-7CC9-03E0-2C24EEC07BD6
  48	B6AF493F-95D9-0498-DBA0-B9A19E5188BF
  49	-2731.5 -542.5 272
  50	pf2d76da16386a056f_auto2108
  51	1985.19 1402.09 312
  52	D95106F6-6023-27DF-A153-932E63C69B0D
  53	843E61EC-BAB8-2E7C-703A-43F49E5D59CB
  54	pfef2878185736c3ad_auto841228406173390060
  55	2846.05 755.21 312
  56	1564.52 1130.46 304
  57	94ACE27F-FA64-11ED-AC33-68545AAE1653
  58	full
  59	-1696.83 111.506 272
  60	0 120 0
  61	1396.5 1255.5 280.847
  62	1A475E03-AECB-8E32-CC28-942AD4261678
  63	BA8E1C74-89FC-4D93-CD03-1C407A09B77A
  64	1966.88 572.666 304
  65	262B4147-E223-11EE-9015-68545ACDFBC3
  66	1620.61 -536.926 322
  67	pf735fe7cccde089e7_auto2108
  68	1C56EC1C-68DE-228E-9530-755F84A8E8EA
  69	F62054BB-7D44-11EE-9595-68545AD2D871
  70	infil_jltv_seat_5
  71	441E3A2A-65F5-11ED-8E58-68545A91F9AF
  72	ik_out_start_right_hand
  73	0A24EE09-D636-11EC-8E22-68545A91F9AF
  74	1B84E4A6-8985-05A4-5538-46362D4B6828
  75	-2735.5 -546.5 272
  76	pfcba8bfe378e321ab_auto4
  77	DD377660-E222-11EE-9015-68545ACDFBC3
  78	93F8D73E-E090-F297-675D-AAAB74E49A78
  79	0 285 0
  80	tag_wheel_center_back_right_flat
  81	-2303.5 -748.5 280
  82	6E2E685C-8B1B-7877-94BD-41336FB166C9
  83	DB5E1DF1-6868-B785-E09D-F4315AF53157
  84	pf5cecd576a87cb7d1_auto4
  85	325A1344-EDEE-11EC-8E25-68545A91F9AF
  86	13F28312-D638-11EC-8E22-68545A91F9AF
  87	pf31fd5eef0313bd05_auto17042714678656877602
  88	BD284C3C-22C7-07C1-F5A5-D0FF8E7A5F66
  89	tag_origin
  90	C93EE09F-2963-11ED-8E35-68545A91F9AF
  91	F95C4BA3-E2B7-11EE-9016-68545ACDFBC3
  92	63D50677-66C0-11ED-8E58-68545A91F9AF
  93	invisible
  94	E82D3D7F-6D7C-11EE-9592-68545AD2D871
  95	772958B2-F5CC-CDE2-260E-8C0EFC54F6AB
  96	-2571.5 585.5 276
  97	0 50 0
  98	C373F85A-E2B8-11EE-9016-68545ACDFBC3
  99	0DB8A5B3-E2FA-11EE-9016-68545ACDFBC3
 100	ACB14655-D027-2CF3-14AC-F4B45084B2E0
 101	0 198.999 0
 102	0FD2F080-3903-11ED-8E3F-68545AAC0192
 103	73C61442-D4C6-0767-06F9-CD7809CFA561
 104	2C0BE69B-192E-DC4F-C2BA-54050452CA8C
 105	AD640FAA-EB24-11EE-95AE-68545AD2D871
 106	441E3A27-65F5-11ED-8E58-68545A91F9AF
 107	778A15BF-04CF-11EE-AC38-68545AAE1653
 108	3AA55D7F-BA8C-B572-4140-8A4A5958CDCE
 109	2893737C-7131-BA15-DA5D-79366DBC1F29
 110	-2729.5 -284.5 272
 111	placeholder
 112	scriptable_food_beer_can_single_01
 113	-2323.11 -397.02 280
 114	332.5 -1572.5 288.021
 115	6C7FC2F8-65F7-11ED-8E58-68545A91F9AF
 116	0 344.998 0
 117	un_office_passport_01
 118	pf987bcfa1b9878ddd_w
 119	pfc565f3c63ed9e273_auto13
 120	wheel_center_back_left_flat
 121	pf58421108bb3a69ce_auto2108
 122	1761.13 786.415 304
 123	scriptable_hardpoint_chevron_secure
 124	pf31fd5eef0313bd05_auto6077355842360794781
 125	0 159.998 0
 126	E41CDF2B-2529-0C2F-785D-C2B9C80572FD
 127	EC63F916-EB22-11EE-95AE-68545AD2D871
 128	BAF41D64-04BD-11EE-AC38-68545AAE1653
 129	4EE4ADC1-04BA-11EE-AC38-68545AAE1653
 130	7B0A821E-3A50-36A3-D1BC-6457E86F4866
 131	66313FE3-6565-B37B-1A3C-39C9863BB8D3
 132	6B4ADD2D-1FE1-2A43-0A15-6075681CF1D9
 133	0 89.9997 0
 134	5374E657-F996-11ED-AC33-68545AAE1653
 135	1A4E8C6B-7EDF-A6B1-8639-D3762F8B032D
 136	ADF14B91-EB23-11EE-95AE-68545AD2D871
 137	pfef2878185736c3ad_auto9751409354794249802
 138	CFFD813D-3E25-14A3-CC14-3B67E0CA79F0
 139	0752A38E-5BA3-C4FB-03E6-72F6337D7D03
 140	7FD86BE9-66C5-11ED-8E58-68545A91F9AF
 141	B5819CED-2803-5BD7-57ED-1D0F9C6D334C
 142	-509.893 -707.991 282
 143	159B4B5F-04D0-11EE-AC38-68545AAE1653
 144	3E9F5E33-E224-11EE-9015-68545ACDFBC3
 145	0 300.451 0
 146	B07FABDF-66C2-11ED-8E58-68545A91F9AF
 147	057BABA1-9C87-4589-0190-DB21B179A20F
 148	1964.49 571 304
 149	3180.14 -69.7312 304
 150	blue_desat::veh9_civ_lnd_pickup_1990
 151	vfx/jup/level/mp_jup_invasion/vfx_inv_fire_lrg_01
 152	mp_dd_spawn_attacker_start
 153	68F7FF88-043D-36E1-C40D-4D55944D7C13
 154	E91AD2D3-04BC-11EE-AC38-68545AAE1653
 155	BF38C09B-65F5-11ED-8E58-68545A91F9AF
 156	488EF4E7-1AAE-7DDB-542F-D5B5FB9D053A
 157	0 237.999 0
 158	94CAFCC0-7AC8-4D7E-7767-3F76C5519564
 159	07275F4E-02D8-A645-73D1-B7AB298404D1
 160	56C3F7EC-0C2F-B140-4EAA-809EE4B286F3
 161	scriptable_base_book_stack_01a
 162	scriptable_electronics_fire_alarm_trigger_01
 163	vfx_inv_ember_burst_01
 164	mp_dd_spawn_defender_b
 165	E8229BEE-66B7-11ED-8E58-68545A91F9AF
 166	41BBA838-FA62-11ED-AC33-68545AAE1653
 167	food_trash_soda_01
 168	B763C57A-4327-30B9-A19C-9A7BB3C34CE7
 169	0 208.999 0
 170	0 233.999 0
 171	1304.5 815.5 298.798
 172	C18764AC-B189-D0CD-9C27-F67A5D49A595
 173	2408.49 -453 305.492
 174	31EE47C3-ADE2-05AE-6D76-A52053FFFECB
 175	pfec692088922f83b7_auto2108
 176	74E1EDB1-3546-11ED-8E3D-68545A91F9AF
 177	-1589.52 166.542 280
 178	pf9d46e478cb21c38e_auto2108
 179	59A94233-1327-37CC-B10D-E33694F47512
 180	pf2e414f3c5a8a11c8_auto2108
 181	B30F725C-65F4-11ED-8E58-68545A91F9AF
 182	0 165.296 0
 183	ADBBB599-2265-2135-BEFE-9FFDF0C570B3
 184	2264.5 -608.5 323
 185	FDD79218-E222-11EE-9015-68545ACDFBC3
 186	mp_control_spawn_attacker
 187	-1710.83 127.506 272
 188	0D37EEBB-DB7A-8AFF-5982-6C06B4C47D32
 189	1962.5 574.5 304
 190	-2735.5 -290.5 272
 191	-2192.81 -127.91 280
 192	B875BC4B-B6E6-599E-2FDA-2F15E817D9BD
 193	anim_explosion
 194	fully_opening_unusable
 195	pf88c1eafc81bb04_auto2108
 196	7ADD69E9-65ED-11ED-8E58-68545A91F9AF
 197	0 88.9996 0
 198	un_office_binder_01
 199	1604.49 103 307.94
 200	pf6ee5a2fb617784f8_auto13110160360056907351
 201	85C8ECC2-6D7E-11EE-9592-68545AD2D871
 202	-2625.5 -82.5 280
 203	2584.52 -61.542 300.771
 204	B07FABA9-66C2-11ED-8E58-68545A91F9AF
 205	0 104.998 0
 206	scriptable_cinderblock_01_02
 207	DE4A3E83-65F7-11ED-8E58-68545A91F9AF
 208	B5161151-2FE0-11ED-8E3B-68545A91F9AF
 209	-2645.5 -188.5 272
 210	B28400F9-04AF-11EE-AC38-68545AAE1653
 211	0D033B95-04BF-11EE-AC38-68545AAE1653
 212	DAE5442C-65E7-11ED-8E58-68545A91F9AF
 213	1876.82 114.181 284.416
 214	0 358.1 0
 215	03B19F6A-3903-11ED-8E3F-68545AAC0192
 216	0 90 0
 217	-2352.3 1185.75 264
 218	0 4.99762 0
 219	flower_vase_porcelain_02_b
 220	ADFC269F-6D21-9786-03B8-11B15E802F5D
 221	-455.5 1839.5 269
 222	vfx_inv_dust_fall_01
 223	B10D0270-EC38-E86D-656A-3DD30759C39A
 224	6B43D21F-8837-2ABA-4A2D-9EDD1A4E24D1
 225	DAD84604-6D80-11EE-9592-68545AD2D871
 226	E7A5E10C-6D80-11EE-9592-68545AD2D871
 227	-2671.5 703.5 280
 228	7C3A557E-7BAC-A0D0-7658-956D14D47D50
 229	856B2844-E219-11EE-9015-68545ACDFBC3
 230	E1832C2E-35A7-0E67-55DC-DF8CC13ED170
 231	mp_dd_spawn_attacker_b
 232	1670.5 1049.5 304
 233	13F2835D-D638-11EC-8E22-68545A91F9AF
 234	DEF83980-DC72-CF8E-56C5-37C5C3A0DA30
 235	03B19F67-3903-11ED-8E3F-68545AAC0192
 236	scriptable_trash_bag_01
 237	8A51884E-3B54-274D-B4FD-CDDBF822C158
 238	FFF9B9DC-6D80-11EE-9592-68545AD2D871
 239	CE3147CA-6D80-11EE-9592-68545AD2D871
 240	1989CA30-374C-DE60-E232-A8B110C763BE
 241	jup_infil_blima_rope_kick_right
 242	E77811D5-04BD-11EE-AC38-68545AAE1653
 243	150754DC-1977-CC29-FD2E-13918DB65001
 244	tag_windshield_front_web
 245	com_trafficcone01
 246	4CAFF539-FA64-11ED-AC33-68545AAE1653
 247	mp_dom_spawn_secondary
 248	132BE2CA-65F9-11ED-8E58-68545A91F9AF
 249	BCD7A75A-66AD-11ED-8E58-68545A91F9AF
 250	36FF7BAD-D635-11EC-8E22-68545A91F9AF
 251	85404118-072B-EBF6-78DF-56494E6D11DB
 252	pfef2878185736c3ad_auto5264131026447410680
 253	7E2B0FBC-2962-11ED-8E35-68545A91F9AF
 254	E08DE13D-797E-ED9C-4C84-4261CBD4EFF0
 255	-2398.81 490.09 272
 256	infil_blima_4
 257	9722E4DB-3B50-2231-2C8D-DED273C56196
 258	582.5 -337.5 278.577
 259	27428ACC-1EA9-88A5-98DC-52D7F370C002
 260	pf987bcfa1b9878ddd_o
 261	pf987bcfa1b9878ddd_1
 262	D1FCE772-66B8-11ED-8E58-68545A91F9AF
 263	0423B967-76D5-7566-5639-1DE99B93A916
 264	C782B980-D633-11EC-8E22-68545A91F9AF
 265	6257A6D5-C223-AB7E-675C-4747606BBE9E
 266	1585.94 1536.3 271.05
 267	pf94a66d4c1f8b244f_auto2108
 268	F8DED402-629C-80B1-8E55-392604E8CC36
 269	4AC7800C-D823-7A8F-F0AE-2731E093A616
 270	tag_light_back_left
 271	5B476F61-AF3C-3F91-AF84-192D898B8893
 272	pf854652150048fd59_auto2108
 273	013F88BC-7D46-11EE-9595-68545AD2D871
 274	-2649.5 -448.5 272
 275	pfabbebf6954edb806_auto2108
 276	EACAD34B-D636-11EC-8E22-68545A91F9AF
 277	-2055.51 -677.003 272
 278	685DDB4E-66B0-11ED-8E58-68545A91F9AF
 279	C3DC15AF-22C7-B22E-9AC9-0DF52B6F3966
 280	0 162.496 0
 281	pf5e7d69a3a1d63f5b_auto4
 282	516E1450-C1D7-3A8D-C2B3-E7084003AFEE
 283	scriptable_decor_pot_plant_fancy_01_sml_with_flowers
 284	-41.5 1114.5 274.363
 285	D933F261-D637-11EC-8E22-68545A91F9AF
 286	B37DF3B2-8A63-EA3F-56E7-99CAAE66032D
 287	E3233F60-05B9-3DB0-C025-FC5C5EF5C488
 288	pf78c11f4189c05f47_auto2108
 289	2863.5 1311.5 298.732
 290	CAC4C9CD-47B8-B3D3-A6A9-048F9A9A7227
 291	-1410.5 1011.5 266
 292	684.5 -274.5 274.106
 293	2320.18 -463.006 305.576
 294	tag_off
 295	82DD6220-418C-8A11-CFD2-9AC99F2C69F5
 296	-2731.5 -350.5 272
 297	DA736BA0-66AC-11ED-8E58-68545A91F9AF
 298	un_office_computer_monitor_02
 299	pfdf4ec20a52ca7f31_auto2108
 300	E72890A0-72F2-7307-AB94-77EA396E4795
 301	pfe20d2a5326ccad04_auto2108
 302	pf6339ca532801bb5f_auto2108
 303	F779CAEF-66AC-11ED-8E58-68545A91F9AF
 304	pfe4e1d00060c6adff_auto2108
 305	-2651.5 -450.5 272
 306	closed
 307	1C03F129-EB23-11EE-95AE-68545AD2D871
 308	pf20741966183d6c7f_auto2108
 309	7FD86BDA-66C5-11ED-8E58-68545A91F9AF
 310	5DA24539-8AA9-22F8-99AA-52DD73C72434
 311	13F2831C-D638-11EC-8E22-68545A91F9AF
 312	light_front_right_2
 313	vfx_inv_leaves_blowing_ground
 314	E88B5E06-82B2-7C7B-0AF6-6D7DF06188A2
 315	9B0B648D-66B7-11ED-8E58-68545A91F9AF
 316	-2109.5 573.5 280
 317	2A20A66E-355B-A342-7936-149FC3D632FD
 318	A6DECC7F-5006-C78E-D616-0028BAE7EBCC
 319	A2F45DDA-5EAE-7A5E-283D-53DE2AE6D852
 320	pf388b63458213afe0_auto2108
 321	3C9ECA20-3902-11ED-8E3F-68545AAC0192
 322	pf8add4c5949190fa3_auto2108
 323	me_kitchen_coffee_bag_04
 324	7D81D470-966C-CD14-2148-CF9FFDF9552A
 325	pff98887fee892f244_auto2108
 326	CBE51011-04BC-11EE-AC38-68545AAE1653
 327	41C1FDCD-E2B7-11EE-9016-68545ACDFBC3
 328	B07FABB5-66C2-11ED-8E58-68545A91F9AF
 329	E3E867A3-65E8-11ED-8E58-68545A91F9AF
 330	D0E04A27-7D4A-11EE-9595-68545AD2D871
 331	BCAD69DF-9850-6A87-A345-D9CC8FADF7B3
 332	1888.24 -385.34 322
 333	0 19.9991 0
 334	-2649.5 -192.5 272
 335	2662.05 759.21 304
 336	0160FC59-D635-11EC-8E22-68545A91F9AF
 337	pf4f76057a96226ba5_auto2108
 338	infil_jltv_seat_2
 339	mp_dm_spawn_start
 340	4B565CB5-9DA4-BB03-3973-953820972B4B
 341	1534.52 704.458 302.564
 342	0 104.999 0
 343	scriptable_decor_misc_props_01_bottle
 344	AE97C2A6-66AC-11ED-8E58-68545A91F9AF
 345	0 4.99983 0
 346	0 291 0
 347	C373F865-E2B8-11EE-9016-68545ACDFBC3
 348	pf12e37fb1c13879fa_auto2108
 349	F0846EA1-762B-EE99-8DE3-238C87986C89
 350	pf97dafaed195d0ea5_auto2108
 351	2472 -319.263 299.503
 352	1A2B9FA5-66C0-11ED-8E58-68545A91F9AF
 353	4B1965E5-846A-9EF3-A968-F66030F9BED4
 354	3F55438B-8479-E98C-875D-8D0580000301
 355	C45F3927-66BC-11ED-8E58-68545A91F9AF
 356	mp_rugby_spawn_axis_secondary
 357	5272517D-2761-5A77-B99A-40CAB7A88E5D
 358	pf9ae654e7dbc701ac_auto2108
 359	pf55001fbf3e5b8cf6_auto2108
 360	067EC41E-5979-62F9-85FB-5FDC929C9A9A
 361	B07FABAF-66C2-11ED-8E58-68545A91F9AF
 362	-417.5 -804.5 282
 363	mp_dom_spawn_allies_start
 364	veh9_civ_lnd_sedan_hatchback_1985
 365	5DC1EB16-7D4C-11EE-9595-68545AD2D871
 366	scriptable_ee_sign_plastic_floor_janitor_generic
 367	438.5 666.5 282.696
 368	mp_arena_spawn_axis_start
 369	C5413056-F102-4CD0-98B9-4637157AE1A8
 370	pf63cca5d02b402266_auto2108
 371	0 49.999 0
 372	7FD86BE6-66C5-11ED-8E58-68545A91F9AF
 373	64550344-4792-B7B7-EE8E-9E33C23CC31B
 374	bink4
 375	20220BBA-FA67-11ED-AC33-68545AAE1653
 376	875264D2-C1B0-AFF1-5D8A-22AE363DCF85
 377	idle
 378	B35C6DC4-232E-F056-BC3E-1462318F4175
 379	paper_shredder_01
 380	vfx_inv_dust_motes_lg
 381	4.5614 -571.351 286.098
 382	food_trash_burger_box_01_open
 383	-1679.82 1020.99 280.377
 384	pfae4567f6baa59555_auto2108
 385	C4926277-E930-662C-F900-51C3B36102A0
 386	1869.68 413.641 292.666
 387	emb_desk_fan_01
 388	splash_listener
 389	F9FCFE41-6D80-11EE-9592-68545AD2D871
 390	0 274.999 0
 391	F9BE75B5-A3A0-B931-78F2-FDC472C97EB4
 392	0D6E16DD-30B9-2F34-B2FC-CA26EEE5C22E
 393	5D632B2C-AA92-7A6A-8AB7-B523918BD519
 394	C771560B-2FDE-11ED-8E3B-68545A91F9AF
 395	A5F47AB8-65EB-11ED-8E58-68545A91F9AF
 396	DFCF1C2A-DAC9-11EC-8E23-68545A91F9AF
 397	470.888 3065.23 255.75
 398	15B96778-11B4-A1CA-B76B-37C2C95B3254
 399	infil_blima_3
 400	1A2B9FE7-66C0-11ED-8E58-68545A91F9AF
 401	0 279.998 0
 402	pf987bcfa1b9878ddd_f
 403	F5D72A27-6A15-C2CB-7842-DBDB1BBEA8A2
 404	D2781583-9645-A0FE-D2E4-AD62F150E137
 405	pfef2878185736c3ad_auto18381792046535043057
 406	scriptable_electrical_conduit_set_electrical_meter_large_02
 407	scriptable_scriptable_door_wood_ornate_01_blue2_double_l
 408	1817.96 1222.24 304
 409	F182ED35-45BC-FE7E-85A8-AF3678C2E240
 410	1558.95 1551.79 273.025
 411	scriptable_scriptable_lm_door_glass_metal_frame_l_brkn_mp
 412	EB0567DE-33AD-1011-3F5A-9C9E9C13C226
 413	6234D81C-2205-00DC-CC7A-867A68E8940B
 414	-2577.5 489.5 280
 415	A0DDB6A8-66B5-11ED-8E58-68545A91F9AF
 416	83FB9EEE-5595-735C-625E-089ABDDB66EA
 417	-2010.81 426.09 272
 418	front_left
 419	C27A944C-0C10-283C-47BC-6773C3209080
 420	vfx_inv_dust_motes_outd
 421	0 214.998 0
 422	electronics_store_register_whole
 423	B59443E0-2963-11ED-8E35-68545A91F9AF
 424	0427230D-543F-E885-D05E-D4FB83A3EAF2
 425	cinderblock_01_02
 426	A879F7A1-2F25-DA9C-07DF-6D9AFDFDE5C3
 427	pffa88d0d2a660bfa5_auto2108
 428	1578.63 -124.218 323.521
 429	scriptable_food_cereal_box_01
 430	tag_wheel_center_front_right_flat
 431	2717.19 266.09 304
 432	-2322.67 -436.411 279.015
 433	97FEC159-7BEA-15FE-B46E-0B2F15369E48
 434	-1753.52 162.542 272
 435	2910.05 619.21 304
 436	89300180-0C9C-DFF6-DA42-5A8328469E1F
 437	pfc9057703c1330d7a_auto9
 438	1277.53 1170.95 294.33
 439	-2651.5 -514.5 272
 440	81766D08-7ED3-E62F-62D3-34F26FF769E8
 441	3CD9E126-6D7E-11EE-9592-68545AD2D871
 442	-1513.5 794.5 284
 443	02C129DF-4A69-8481-95CA-06C48604011B
 444	BFFF6EBE-0517-ADDF-8278-D119827F45B7
 445	CDF3ED0D-E219-11EE-9015-68545ACDFBC3
 446	0 148 0
 447	D10E3EE4-D633-11EC-8E22-68545A91F9AF
 448	5A5D05F9-55D9-9C0D-2CF5-11F3E07EFE62
 449	1945.09 1225.51 304
 450	m
 451	s
 452	5
 453	pf5a659ca0156261e2_auto2108
 454	pfe3027b7f476adf80_auto2108
 455	1963.5 576 304
 456	97F77A24-E2CB-11EE-9016-68545ACDFBC3
 457	F0D3B6B2-A771-22F8-D6E5-7E9EC963EB6D
 458	scriptable_construction_hardhat_lowres_01
 459	489520AA-DCE3-C0F7-4C05-055AE23FFDAD
 460	98289017-8F1E-1515-AE8A-422194074E39
 461	scriptable_base_book_03b
 462	E7A5E11B-6D80-11EE-9592-68545AD2D871
 463	pfb6b0c3f9676df040_auto2108
 464	0 149.999 0
 465	-1595.5 479.5 280
 466	CA46D8BC-0A64-40EE-6BC7-7F97865548FF
 467	CE3147D4-6D80-11EE-9592-68545AD2D871
 468	B1007DCC-AE69-6915-8CA4-05191C9D930C
 469	2E44BAD4-4581-F431-AB0D-7AC633D89D79
 470	-823.5 40.2583 383.769
 471	AEF9BE65-FA64-11ED-AC33-68545AAE1653
 472	pf94b26a3f8a633dd6_auto2108
 473	equipment_dyn_trash_soda_03
 474	07039E62-7E17-D9E5-2169-44E02A236382
 475	27622AF5-29F0-CD66-17AE-4B4D4E4668D9
 476	pf16cdce510ddfee06_auto2108
 477	B07FABEE-66C2-11ED-8E58-68545A91F9AF
 478	tool_shop_broom
 479	pf67f73a575c1b76d_auto2108
 480	pfef2878185736c3ad_auto18304508629794703642
 481	72AE408C-EF9E-7FA8-DA91-B100BE7D32C4
 482	CE4B6B23-9146-D9BB-4903-BF847205C6EA
 483	9F3E4AA0-9438-8FA3-3602-451F01D069AB
 484	7AB5DA96-65E6-11ED-8E58-68545A91F9AF
 485	572B46E5-EB23-11EE-95AE-68545AD2D871
 486	pf1181fa1e1dc9ffd9_auto2108
 487	-508.05 -712.87 282
 488	1769243A-D823-0C54-8755-32DEB84124AB
 489	1F00372B-B9D0-257E-26BE-72DF5E5B4B23
 490	7FD86C07-66C5-11ED-8E58-68545A91F9AF
 491	2876.5 808.5 301.732
 492	B2457296-B128-017D-773F-D47826A00303
 493	pfd0e475505a091b50_auto48
 494	-2535.51 -613.003 272
 495	B0D82864-E223-11EE-9015-68545ACDFBC3
 496	0 289.242 0
 497	1868.62 902.758 304
 498	9AB0F909-66AD-11ED-8E58-68545A91F9AF
 499	9E61A267-04AF-11EE-AC38-68545AAE1653
 500	F5C4FDEF-65F5-11ED-8E58-68545A91F9AF
 501	pfeabc6404f34ab983_auto4
 502	door_back_right
 503	1A2B9FBA-66C0-11ED-8E58-68545A91F9AF
 504	285.005 1198.14 317
 505	B07FABCA-66C2-11ED-8E58-68545A91F9AF
 506	198031E3-664A-A459-8A12-4A1517077CF9
 507	C1A0643F-3D9F-D1B0-49F3-8538C80AA69D
 508	ED8CAEF9-79D1-F6B7-C1DA-751BC3F6EF67
 509	pf900381e7fea9884b_auto2108
 510	23.9138 -368.049 280
 511	421.08 -1400.49 291.117
 512	41923043-6D81-11EE-9592-68545AD2D871
 513	2D4DC36E-DF49-FDB3-B69D-148B012FD722
 514	9A020CF8-40A4-5AE9-8C83-079A397581E4
 515	D952ECB8-3549-11ED-8E3D-68545A91F9AF
 516	7154AC6C-43C2-3D27-77AA-08B890986CD0
 517	B516112B-2FE0-11ED-8E3B-68545A91F9AF
 518	754CC4D3-E265-070E-2C6E-0107F8C25734
 519	13F28330-D638-11EC-8E22-68545A91F9AF
 520	D7DFED58-7215-8298-8951-B2FCC6151503
 521	pf2877bda80d9675d2_auto2108
 522	4BF41ADB-D121-E0D4-1D4F-B76C29E7D952
 523	pfc4352af940029974_auto2108
 524	-2723.5 -406.5 272
 525	-2434.81 130.09 272
 526	386048BB-EDEE-11EC-8E25-68545A91F9AF
 527	2956.5 1111.5 304
 528	325A1326-EDEE-11EC-8E25-68545A91F9AF
 529	A28C9C48-EB23-11EE-95AE-68545AD2D871
 530	6E206D5B-FA67-11ED-AC33-68545AAE1653
 531	0 230 0
 532	0 358.999 0
 533	0E920494-4313-1098-6EC5-2A1CC9F1531E
 534	35DE2572-66BF-11ED-8E58-68545A91F9AF
 535	13F28321-D638-11EC-8E22-68545A91F9AF
 536	E43078AB-66B5-11ED-8E58-68545A91F9AF
 537	pfb501f8652ddb8472_auto2108
 538	7E468398-5B11-9FF6-BC34-DA7A4C54775A
 539	7FC89EEE-CB0D-48D1-863A-D502EF68255A
 540	03B19F7C-3903-11ED-8E3F-68545AAC0192
 541	2929469B-CB5D-C2E7-CC29-404BEAA9E958
 542	jup_infil_jltv_vehicle_door_open
 543	vfx/jup/level/mp_jup_invasion/vfx_inv_ash_embers_01
 544	light_front_left
 545	1330.95 -455.343 288.307
 546	4FCE6733-66A8-11ED-8E58-68545A91F9AF
 547	scriptable_me_kitchen_coffee_bag_04
 548	pf825a3f456c7c71ff_auto2108
 549	842.5 -323.5 279.515
 550	C5D3CE48-25A9-11ED-8E30-68545AAC0192
 551	06D7735F-EB24-11EE-95AE-68545AD2D871
 552	1258.5 1294.5 289.09
 553	0 259.998 0
 554	pfa78063f488b3b027_auto2108
 555	back_right
 556	construction_hardhat_lowres_01_yellow
 557	1761.5 781.5 304
 558	pf496d4d87c57a541a_auto2108
 559	1258.5 1293.5 288.898
 560	2735914B-BC5F-E40A-3304-A91199220500
 561	7235C0B3-D544-75FF-080F-FAF6E9721CFB
 562	8D185CD4-7D4C-11EE-9595-68545AD2D871
 563	-1135.5 1439.5 264
 564	2057D32C-DA3D-C14A-F78D-6BD27CBDC810
 565	11029690-26CA-57A6-C7EC-9B8E6E5DD7F0
 566	1220.49 1979 263.21
 567	BA1D0ADE-0A61-BB3E-22ED-FBAC364CD98F
 568	0 166.5 0
 569	993A8F05-AA74-9450-BC05-46C3A7223E48
 570	7B881B8A-7D4C-11EE-9595-68545AD2D871
 571	E994EF7E-04AF-11EE-AC38-68545AAE1653
 572	pf31fd5eef0313bd05_auto5539319443251269604
 573	88E5324B-8806-AC8B-F638-FF10D25ABCDF
 574	71B77EAF-F771-F8D2-151D-0BC47F1B010B
 575	pf94cb4aef381f0f14_auto2108
 576	5374E647-F996-11ED-AC33-68545AAE1653
 577	9C651715-4F80-4A8E-AAA3-0752072C087B
 578	1865.39 -357.784 322
 579	CE3147C0-6D80-11EE-9592-68545AD2D871
 580	tag_bink1
 581	7FD86BB3-66C5-11ED-8E58-68545A91F9AF
 582	8F077870-B45B-9AF0-F321-9BB86B2371E3
 583	pf89432608694285eb_auto2108
 584	-1615.82 -1291.01 288.287
 585	1DD6A2CB-3D5D-990C-0A13-A9F317697CB5
 586	-2594.81 2.09 272
 587	-798.91 1668.81 269
 588	-1652.5 725.5 280.771
 589	pff76be01f08d517cc_auto13110160360056907351
 590	D952ECC6-3549-11ED-8E3D-68545A91F9AF
 591	387836AA-A8BE-9BE6-E365-A369DDA798AC
 592	63D5065F-66C0-11ED-8E58-68545A91F9AF
 593	8771785B-99C6-0E8B-089D-2E94147F2DF0
 594	419590F6-E01B-E685-6C7F-6E9534D4C252
 595	A8DB652D-FA64-11ED-AC33-68545AAE1653
 596	20FB6BEC-64F4-7653-EADA-8B92578C7FD9
 597	pf4167353315d412e9_auto2108
 598	jup_infil_jltv_step_land
 599	-783.5 -1692.5 288
 600	01799A2C-CACA-6BB6-295E-B697A7131B37
 601	97D8D3C9-5D9C-96FC-5580-36D2E471F5F1
 602	partially_open_usable
 603	secure_loc_w
 604	-1513.64 804.14 268
 605	-1251.5 -808.5 280.25
 606	86EB1341-66B0-11ED-8E58-68545A91F9AF
 607	school_locker_open_01
 608	C93EE086-2963-11ED-8E35-68545A91F9AF
 609	pf86f4b825af540f4f_auto2108
 610	505EC9BD-886D-DBDC-69BC-94C279756F60
 611	2372.19 1346.5 296
 612	pf5f3b1dba2674b6a9_auto2108
 613	1762.5 782.5 304
 614	52CF8328-EFE4-4452-BE9B-DE923067E971
 615	13F28326-D638-11EC-8E22-68545A91F9AF
 616	pf8491ba86cf6db7a7_auto2108
 617	-2733.5 -224.5 272
 618	paris_potted_plant_small
 619	BF062A8B-E2BD-11EE-9016-68545ACDFBC3
 620	1894.5 673.5 312
 621	3021D7D6-6525-764C-32A6-3DDDF3077621
 622	-817.5 -1522.5 288
 623	685568EF-66B7-11ED-8E58-68545A91F9AF
 624	secure_loc_f_2
 625	D93B9708-8777-FCA3-6D69-07D4807756BA
 626	413CE662-7D4B-11EE-9595-68545AD2D871
 627	7FD86BD7-66C5-11ED-8E58-68545A91F9AF
 628	3CCE0FE0-66BE-11ED-8E58-68545A91F9AF
 629	07DD1574-39D3-4EB6-F2A3-16B3BD58F7DD
 630	0 253 0
 631	pff73c75d0c8354e_auto2108
 632	E28C9B55-6321-BA96-25E8-C49236774800
 633	D1EE3FDB-EA52-21F3-211B-ECEF649A4275
 634	-847.5 -1372.5 288
 635	AD92F83A-65EB-11ED-8E58-68545A91F9AF
 636	0 244 0
 637	pf96c8a9c39296b1dd_auto2108
 638	A8E99A9D-97EA-8E11-2E96-C000D8D1ADD0
 639	E1A695EC-5209-08F9-9C1B-4EE4D088AF68
 640	50D63BC0-9A96-F4A2-F8B7-62EA012212B4
 641	pfac8833cdbe4bdb05_auto2108
 642	0 216.5 0
 643	9A6D2AB7-9C99-CD7D-C84C-7BAE4BEA8412
 644	EFB552F4-8C9B-F080-8F61-51AAEA65A750
 645	5BDAC15C-04BA-11EE-AC38-68545AAE1653
 646	hood
 647	0 260 0
 648	839.94 1380.3 268.167
 649	-230.92 -1480.49 303.688
 650	pf88114792aef08203_auto2108
 651	5A33FA7C-F996-11ED-AC33-68545AAE1653
 652	7FD86BF5-66C5-11ED-8E58-68545A91F9AF
 653	0 211 0
 654	pf18d5161123f1202d_auto2108
 655	0D97615F-EB24-11EE-95AE-68545AD2D871
 656	FD1A8616-C3DD-1BF5-529B-D340A1A3F0F0
 657	pfe4c64b0f11db7d08_auto2108
 658	2764.82 670.01 304
 659	0 15 0
 660	EBC483E7-1FBD-F223-CBB4-5E75F21687E5
 661	pf52f6b770d0349105_auto2108
 662	un_office_passport_01_open
 663	1602.5 877.5 304
 664	fingers_out_start_left_hand
 665	2F2756FE-5965-9E4F-A587-33E19F736DE9
 666	0 9.99881 0
 667	0 345 0
 668	F765433A-2BF2-F715-2EB2-2CA735B7BE71
 669	15D70D02-D634-11EC-8E22-68545A91F9AF
 670	26A5C631-65F8-11ED-8E58-68545A91F9AF
 671	EE0D2D6E-7FD0-1A07-415F-38A27C076A2C
 672	9AAE55F0-7F8D-047C-3C7F-ED731331985C
 673	77ADF1B5-9F3B-186F-9245-7F73D20435DE
 674	15D91322-3903-11ED-8E3F-68545AAC0192
 675	0 89.9985 0
 676	1732.5 144.5 307.35
 677	pfef2878185736c3ad_auto2792586801929323391
 678	1897.66 674.394 312
 679	5BC5343F-04F4-A732-C914-074F8FEA05AD
 680	2000E7D1-7ED3-9F51-10B7-1619A2449B75
 681	633BCF64-4C2E-57E0-1333-B7B8719BEC55
 682	2EF857A7-B532-FC95-B601-422AFDE5EA53
 683	pf31fd5eef0313bd05_auto18381792046535043057
 684	pf680e485174ddbc4f_auto2108
 685	ee_sign_plastic_floor_janitor_generic
 686	mp_control_spawn_attacker_secondary
 687	924CAA7C-606E-5555-01E7-C61C117EE9C8
 688	-2058.81 1710.09 269
 689	63D50656-66C0-11ED-8E58-68545A91F9AF
 690	D1FCE775-66B8-11ED-8E58-68545A91F9AF
 691	DA729D83-E2BA-11EE-9016-68545ACDFBC3
 692	-1827.5 -428.5 280
 693	3091.22 535.794 312
 694	-1350.81 -749.91 280
 695	pf8c6e69102de2fcf1_auto2108
 696	2359.32 567.42 312
 697	-2189.5 -110.5 280
 698	-2647.5 -318.5 272
 699	2146.5 -138.5 298.065
 700	F49A6E58-4FB3-C146-55FF-9AC6AFED8750
 701	FA35F095-D634-11EC-8E22-68545A91F9AF
 702	54F91ED3-36AE-B6A2-9908-4AC23D07005F
 703	28406D43-41C1-13A1-8126-D7D680D44ADA
 704	6F7C5152-3225-584E-BE88-BC494655FDD0
 705	2078.95 1191.79 304
 706	scripted_anim
 707	pfef2878185736c3ad_auto166364908278964358
 708	9A71BB15-760F-5B5E-66BF-ABB6BCADE824
 709	04DD734A-78F8-DB6A-2F88-7DE427141C89
 710	pf31fd5eef0313bd05_auto4811890851452888351
 711	axis_endzone_vis
 712	EB1F5374-E2CC-11EE-9016-68545ACDFBC3
 713	E1226264-6D80-11EE-9592-68545AD2D871
 714	E8229C06-66B7-11ED-8E58-68545A91F9AF
 715	pf233bb4353bfa1b5d_auto13110160360056907351
 716	0 179.999 0
 717	fire_flicker_fast
 718	9119A9E0-F285-9B1D-444B-4051FD227F7D
 719	5DE4B42C-3D4A-60D2-DD99-27F7FE5EF5AD
 720	327C7AB6-65F0-11ED-8E58-68545A91F9AF
 721	642280D2-902E-606D-5F9B-9BC01D16B2B2
 722	4732ADD1-F4D8-11ED-AC31-68545AAE1650
 723	52DB735B-FA64-11ED-AC33-68545AAE1653
 724	CAEF1AD8-E2B8-11EE-9016-68545ACDFBC3
 725	-1249.94 -825.746 280.25
 726	D1FCE724-66B8-11ED-8E58-68545A91F9AF
 727	pf987bcfa1b9878ddd_d_1
 728	8B0C5FB6-66B4-11ED-8E58-68545A91F9AF
 729	50CE04E4-7C2A-970B-742E-B34622661B41
 730	9F27B440-4AE7-C1E2-3C47-42B24ABB5029
 731	trash_bag_04
 732	scriptable_un_office_passport_01_open
 733	61C651CD-7143-6BA1-9423-1C910E9502B1
 734	689CB90A-66AC-11ED-8E58-68545A91F9AF
 735	7CB54FAD-5470-7E93-1716-BDDAA8BB78B2
 736	59C95F9E-F742-D050-274F-91872A84214A
 737	BCA0657D-04BA-11EE-AC38-68545AAE1653
 738	8E50C147-66B5-11ED-8E58-68545A91F9AF
 739	B07FABE8-66C2-11ED-8E58-68545A91F9AF
 740	6353EF41-8CAD-F01A-98B2-B96763593B7C
 741	C797F61A-6D80-11EE-9592-68545AD2D871
 742	scriptable_door_glass_metal_01_mp_reinforced_glass
 743	AudioOneShot
 744	13F28353-D638-11EC-8E22-68545A91F9AF
 745	pfdee5d5d1e90ed733_auto2108
 746	33AFF2FD-FD27-6706-BCAC-BD75EEA0F092
 747	infil_jltv_seat_4
 748	024D5E4A-433C-304F-47A5-7474D3AD354F
 749	28A5BED4-340C-A570-3D94-FF85A0F9EF71
 750	0 53.9988 0
 751	02E1EE79-4D87-A94B-E02D-4179B9D9FA1A
 752	cloth
 753	FFF9B9F0-6D80-11EE-9592-68545AD2D871
 754	94C64BAC-9719-A903-9308-277A61868463
 755	7B2460AC-3859-E1A4-A304-0A429F060984
 756	pf1efd336d98fac7f8_auto4
 757	F7117842-6D7C-11EE-9592-68545AD2D871
 758	pfd411828237b3f464_auto2108
 759	-2284.04 1749.5 269
 760	E77E3E7A-0875-11ED-8E2A-68545A91F9AF
 761	35DE256F-66BF-11ED-8E58-68545A91F9AF
 762	-2103 401 266
 763	E845D8D6-65F5-11ED-8E58-68545A91F9AF
 764	1508.51 -176 303.47
 765	FE057191-FA66-11ED-AC33-68545AAE1653
 766	0 183 0
 767	0 142.744 0
 768	1890.52 408.458 308.1
 769	pfe82d84f57e665624_auto2108
 770	-1518.5 1604.5 272.479
 771	vfx/jup/level/mp_jup_invasion/vfx_inv_fire_sml_01
 772	0E1AB88E-C0FD-0BC0-6BE1-E50FB8D15060
 773	6DA0B341-1A91-09A5-5E48-28BFE260EA03
 774	1867.27 903.543 304
 775	10FFFEC9-739A-8608-D5A3-B67DF00F1A9E
 776	256BC8C6-04BD-11EE-AC38-68545AAE1653
 777	0 289.999 0
 778	17600D68-F6C9-8499-50B1-9FE0402172B8
 779	70E5C7BA-25B8-9774-3D90-23251CED2227
 780	-2344.5 -410.5 276.685
 781	15D91328-3903-11ED-8E3F-68545AAC0192
 782	-2457.5 -359.5 272
 783	97302CD0-65EB-11ED-8E58-68545A91F9AF
 784	0 39.9999 0
 785	457BAF4E-A96F-F259-3A01-9E9A7263EA41
 786	pf59b60415d556b17_auto13110160360056907351
 787	C08F4D34-BCCA-E3A1-D5E3-8C884FA83BA6
 788	3CCE0FEB-66BE-11ED-8E58-68545A91F9AF
 789	A6E4B48F-26B9-9DEF-4AD3-310790974025
 790	pfc148ab5ab5ecc67f_auto13110160360056907351
 791	mp_robj_spawn_axis_start
 792	headlight_right_dead
 793	4EC0E6A5-7D4A-11EE-9595-68545AD2D871
 794	7D0B0524-B319-00E8-AD0A-740A95BFEFE6
 795	-2642.5 -506.5 272
 796	mp_dd_spawn_defender
 797	0 299.998 0
 798	tag_window_back_right_corner
 799	D65EE344-65EB-11ED-8E58-68545A91F9AF
 800	51.5 911.5 272
 801	F2CA4E25-04B9-11EE-AC38-68545AAE1653
 802	3A3B5B8E-66AF-11ED-8E58-68545A91F9AF
 803	0 94.9989 0
 804	0 249.999 0
 805	vfx/jup/level/mp_jup_invasion/mp_inv_trash_blowing_paper_01
 806	187B37DB-E2CF-11EE-9016-68545ACDFBC3
 807	1963.2 572.426 304
 808	5362A309-0C44-CE4B-FC6C-B0C2B76A86C4
 809	
 810	0 191.163 0
 811	pf76c873a655ee33b9_auto2108
 812	-1651.48 554.46 282.151
 813	235A0D70-D634-11EC-8E22-68545A91F9AF
 814	0 172.799 0
 815	D1FCE727-66B8-11ED-8E58-68545A91F9AF
 816	2951D240-C07F-DF2A-EA6E-AD6B8BAA56D0
 817	33873F72-4C2A-B87B-86F7-12EA1A26D43D
 818	94C3EB97-66B1-11ED-8E58-68545A91F9AF
 819	B0270FC0-66AF-11ED-8E58-68545A91F9AF
 820	-1239.5 -832.5 280.25
 821	2911.19 1380.09 299.83
 822	204673F8-E2BB-11EE-9016-68545ACDFBC3
 823	11F39F13-FB17-8032-D27B-C0DE27E6060A
 824	53A603B5-F4D8-11ED-AC31-68545AAE1650
 825	666.5 1262.5 276.067
 826	pfcceb257201f8444e_auto4
 827	scriptable_food_tex_mex_01
 828	E7A5E116-6D80-11EE-9592-68545AD2D871
 829	0 264.997 0
 830	ADF435A6-04BD-11EE-AC38-68545AAE1653
 831	B7FD0C0A-024F-10DD-42C2-15C978D4E4C3
 832	pf109874427ac338f1_auto13
 833	pf789d1b13c5a6d82d_auto2108
 834	2565.19 494.09 304
 835	1B170AB5-E21A-11EE-9015-68545ACDFBC3
 836	-2501.5 293.5 275.466
 837	E8229C21-66B7-11ED-8E58-68545A91F9AF
 838	pfa6ad68324340ce39_auto2108
 839	-2328.91 1730.81 269
 840	-2712.81 888.09 271.239
 841	bathroom_toilet_paper_01
 842	050B7FF5-410A-E9AA-C71F-5D1CEFE1903C
 843	15D91343-3903-11ED-8E3F-68545AAC0192
 844	-1479.5 1803.5 276
 845	E1FEE813-65E7-11ED-8E58-68545A91F9AF
 846	tag_bink4
 847	1562.81 1132.13 304
 848	mp_dm_spawn
 849	DE903F71-66BD-11ED-8E58-68545A91F9AF
 850	202C844C-3724-A014-B16B-A4AA7CEC60ED
 851	BCBB4C59-72ED-0DAF-E61E-2BD2D4A969BB
 852	0 34.9988 0
 853	B07CC70B-1E06-657F-20DA-3174904B146E
 854	E1226278-6D80-11EE-9592-68545AD2D871
 855	0 79.0908 0
 856	FDEDAAA8-E786-6AE5-F898-0EB374B0B143
 857	1278.5 1169.5 294.243
 858	0667043E-B4A6-2A95-A4EB-F7E25D0EB38E
 859	scriptable_equipment_tv_01
 860	scriptable_food_trash_cigarettes
 861	AA7474D5-E2CB-11EE-9016-68545ACDFBC3
 862	windshield_front
 863	F8483C9D-E219-11EE-9015-68545ACDFBC3
 864	46396170-3D14-B2A4-80DA-CFB3878139D1
 865	1650.88 -38.82 305.216
 866	2338.01 1619.37 296
 867	pf2a5b35d19ea3df36_auto2108
 868	-2601 1226.5 258
 869	-1545.5 752.5 273.689
 870	secure_loc_r
 871	secure_loc_n
 872	2D7BEA98-2961-11ED-8E35-68545A91F9AF
 873	pf48437d1add06a70_auto2108
 874	AEF9BE74-FA64-11ED-AC33-68545AAE1653
 875	ADDCA16B-E77A-11EC-8E25-68545A91F9AF
 876	96E611DD-76A5-1EA4-F865-D3C6F94C1159
 877	1594.5 878.5 304
 878	48171B45-2161-B042-6FF0-0D75D710BA02
 879	-2428.5 583.5 266
 880	pf26ba154674f5aba7_auto2108
 881	E331D549-3549-11ED-8E3D-68545A91F9AF
 882	pfee59055cfb3d85e4_auto2108
 883	31070284-D635-11EC-8E22-68545A91F9AF
 884	55DF93D2-1B37-395D-87BB-5E36A0D3940B
 885	1031BC9E-7D49-11EE-9595-68545AD2D871
 886	-2731.5 -414.5 272
 887	pff0c69898f949a046_auto2108
 888	29EB7702-3C7B-AC85-AFF7-F77143A7E74E
 889	ACC54002-65EA-11ED-8E58-68545A91F9AF
 890	pfb125b76c370d198d_auto2108
 891	pf31fd5eef0313bd05_auto7148050091855874934
 892	6551FE91-8098-AA23-2A53-3F6C96484A6D
 893	secure_loc_d_1
 894	1671.73 1052.05 304
 895	CF3AA57C-D73E-7E8D-78D5-4F9BFFCBCB7A
 896	1D3953AC-A4C6-4449-F35E-46329D3B9929
 897	0 250 0
 898	-1683.12 -825.964 272.917
 899	3E463D96-07B6-303B-97E0-D93C0E966BFF
 900	1A2B9FDE-66C0-11ED-8E58-68545A91F9AF
 901	6E6AE69A-65F1-11ED-8E58-68545A91F9AF
 902	pf36136dc2018ff48e_auto2108
 903	CB72011B-D254-B4F2-875E-09FA51753BC3
 904	pf4078687bb072363a_auto2108
 905	1662.5 861.5 304
 906	-2614.86 -80.6129 280
 907	97F77A19-E2CB-11EE-9016-68545ACDFBC3
 908	78CE95A7-5D34-14EB-624C-FFC46EBEB15F
 909	71912D08-9D63-D1BF-9FC8-079A2714D1DD
 910	8FFA6A91-9B35-025C-F042-7B60F7BABD8A
 911	-2233.52 -397.458 280
 912	container_paint_can_01
 913	86852172-2962-11ED-8E35-68545A91F9AF
 914	689.026 1164.64 278.768
 915	CF1BEC02-24A8-3A3B-C437-4CE1545F274F
 916	0 209 0
 917	703C5015-6D7B-11EE-9592-68545AD2D871
 918	A86CDF2E-04AF-11EE-AC38-68545AAE1653
 919	0 234 0
 920	1CF1532A-F024-1E24-CF2C-C261E47D7808
 921	7E376C61-65F4-11ED-8E58-68545A91F9AF
 922	4BF3630D-EBC2-DBAE-F306-083F2FECFC3C
 923	0 299.997 0
 924	pfb43d4e87c09b0aae_auto2108
 925	1A2B9FA8-66C0-11ED-8E58-68545A91F9AF
 926	8F74631E-EB23-11EE-95AE-68545AD2D871
 927	A9821B23-CDAF-3614-E14E-3AC5E93E9265
 928	-2642.5 -314.5 272
 929	6A89A6A6-04BD-11EE-AC38-68545AAE1653
 930	0 357 0
 931	scriptable_bathroom_toiletries_bottle_01
 932	0FD2F047-3903-11ED-8E3F-68545AAC0192
 933	16D7B237-04BA-11EE-AC38-68545AAE1653
 934	285.19 1206.09 317
 935	84DDEB49-BA4E-F242-BBA9-D49562AA0EF7
 936	23E6AA41-E243-A864-D0D5-033F7C956E64
 937	1443 -411.5 274.867
 938	14BBD9A6-E2BF-11EE-9016-68545ACDFBC3
 939	-481.5 -1664.5 298.661
 940	-2723.5 -470.5 272
 941	scriptable_com_paintcan
 942	7C7D50F0-AB3A-4A45-14C4-C9F1C4C7676D
 943	un_appliance_water_cooler_01
 944	475EFE9E-8226-C575-EDAE-53CAC117BC86
 945	pf831cbddc02896ca_auto2108
 946	41BBA84F-FA62-11ED-AC33-68545AAE1653
 947	-2020.5 413.5 272
 948	F9898587-E226-BDFA-A336-103BC67CAEDF
 949	13F28317-D638-11EC-8E22-68545A91F9AF
 950	scriptable_un_office_binder_open_01
 951	24DC3424-3998-DAC7-002D-BBB9893FA3CD
 952	pf17394f0cce77a276_auto2108
 953	695B17B5-6D81-11EE-9592-68545AD2D871
 954	AC9A2B79-65F3-11ED-8E58-68545A91F9AF
 955	42563AEF-06E2-D89D-341F-BA37BA49B4DA
 956	1460.51 -1464 262.665
 957	right_50
 958	right_90
 959	scriptable_construction_doors_metal_b_02_mp_orange
 960	-1138.5 862.5 282
 961	198ED5E2-45C6-BE66-887E-E2D94A5A7ABA
 962	B0672E60-C295-924C-EF63-B7B01008D1E1
 963	23.95 -624.87 286.098
 964	49C28A5A-9CFA-403F-F3F7-A555A29F2A22
 965	A8DB6519-FA64-11ED-AC33-68545AAE1653
 966	x
 967	2
 968	scriptable_scriptable_construction_doors_metal_b_02_mp_blue
 969	E305C135-0ADA-D86F-BB68-9A6D1D11906A
 970	0 9.99939 0
 971	AACF9C8E-7578-2DA3-5065-44263519F52B
 972	0F588D8C-A42B-E141-43C8-3718F228BDDE
 973	2309.5 -434.5 305.602
 974	scriptable_base_book_01a
 975	09533BA0-5341-23CF-6F70-B5EBDA20F47A
 976	-2641.5 -312.5 272
 977	vfx/jup/level/mp_jup_invasion/mp_inv_trash_drift_lrg
 978	1896.94 679.111 312
 979	0 174 0
 980	0 1.99999 0
 981	DBBD2576-03E6-FD8F-64A7-12D948043577
 982	44498CCB-66AB-11ED-8E58-68545A91F9AF
 983	-1270.35 -824.595 264.25
 984	EF15DF32-88A5-C940-8A16-04B54285E50D
 985	vfx_pigeons_ledge
 986	scriptable_decor_gramophone_radio_01
 987	90B097BF-E7A5-F4FD-E99C-461CAF65C002
 988	1564.5 1145.5 304
 989	6EA08ED7-AA63-4F69-80CD-D027438F7A07
 990	2736.82 26.01 304
 991	52DB736A-FA64-11ED-AC33-68545AAE1653
 992	7FD86BC2-66C5-11ED-8E58-68545A91F9AF
 993	EFB65E1B-DDF2-8E20-3D91-6A81B3D17436
 994	9C9B57B9-66B0-11ED-8E58-68545A91F9AF
 995	0FD2F065-3903-11ED-8E3F-68545AAC0192
 996	1A2B9FAE-66C0-11ED-8E58-68545A91F9AF
 997	DA3AD2A4-2ED5-DFCD-777D-0098E2119353
 998	465EE7E3-473E-AD5B-D32D-1974FBA23C0D
 999	92236B0E-AC12-1AAC-F6E7-DA1D3D785DA2
1000	pfd0e475505a091b50_auto56
1001	A18A8827-4C39-E0CF-7985-3CC87B5C3E59
1002	020B4D98-B0A0-F138-919E-7834345465BA
1003	529.5 -646 276.69
1004	3063.19 1312.09 312
1005	3EBAD556-B131-3200-C237-96F9BF10BDF9
1006	36FF7BCE-D635-11EC-8E22-68545A91F9AF
1007	59830975-E2BE-11EE-9016-68545ACDFBC3
1008	6AF9E9AA-F4BB-9C15-C647-471D9C8A2A6B
1009	-2469.5 -404.5 289
1010	mp_dom_spawn
1011	1864.49 907.522 304
1012	E310B43B-8A0D-92EF-3294-EAD186A956FA
1013	1955.7 570.833 304
1014	-815.82 1508.99 269
1015	F68D4DC1-FAFB-2A36-5752-2D702665440B
1016	-751.5 -1712.5 288
1017	-1483.08 1806.23 276
1018	737A8DFB-E21A-11EE-9015-68545ACDFBC3
1019	pf46b2582d4c74aad4_auto2108
1020	ee_tableware_decor_item_e
1021	1276.5 1171.5 294.395
1022	ee_book_office_folder_pile_02
1023	hardpoint_vis_05
1024	15D9130D-3903-11ED-8E3F-68545AAC0192
1025	-1487.16 385.47 284.869
1026	78148E91-E735-6C0D-C641-344DF9BDA4BE
1027	B5DBF0AB-7D44-11EE-9595-68545AD2D871
1028	pf1af6b78f99e5027e_auto2108
1029	340BE2CE-60D5-FE07-EA72-69ABAEEEDA89
1030	D45E2A3D-6D80-11EE-9592-68545AD2D871
1031	0 229.999 0
1032	C22DE07F-65EE-11ED-8E58-68545A91F9AF
1033	8FD39CE0-623D-1371-0FF7-BF78FE5B9909
1034	E77E3E80-0875-11ED-8E2A-68545A91F9AF
1035	2721B2B1-10DB-BA1F-E479-6CB720BC9FC8
1036	23E12C55-6238-43A2-F088-512D779B8174
1037	0EB9DB90-8A6A-F2A5-1D28-0E4B2DB4B6D7
1038	3965A0F5-DE32-20A2-B792-BD91E0787922
1039	F2BF9A8E-EB23-11EE-95AE-68545AD2D871
1040	1245.5 -585.5 275.326
1041	E1220CEC-65F4-11ED-8E58-68545A91F9AF
1042	39210BFF-C656-5EC8-32F9-C3D6ABE65331
1043	0 200 0
1044	0 254.997 0
1045	ADFBCCC2-9206-FE46-13FA-D7C565DD302B
1046	vk_coffeecup
1047	3EDD50AB-B733-0F59-6DC4-899CFBCD574B
1048	0 233 0
1049	0 239 0
1050	car_alarm
1051	5A60114E-A244-64FC-0850-4065C26406AC
1052	19C097BE-EDEE-11EC-8E25-68545A91F9AF
1053	B07FAB9D-66C2-11ED-8E58-68545A91F9AF
1054	D1FCE75A-66B8-11ED-8E58-68545A91F9AF
1055	1F207B0A-DDB2-485D-3B56-E8E4BD7E19BD
1056	0 283.999 0
1057	food_trash_bottle_water2_sixpack
1058	97DA81C9-B46B-0930-37D8-93B89DD1ED6C
1059	-831.82 1096.99 278.987
1060	3193E97B-6D7B-11EE-9592-68545AD2D871
1061	6116F469-66AF-11ED-8E58-68545A91F9AF
1062	64CACD20-65E7-11ED-8E58-68545A91F9AF
1063	A1E304AB-1D20-F189-A955-2A1452D6789E
1064	2A42A4D2-8936-231C-9D52-B97F0B211D92
1065	091638CE-92E1-37B7-0D9B-AD3E88228B1F
1066	0 11.9999 0
1067	2BDB979F-F2FD-D24C-9390-E1BF2A7BDA9E
1068	tag_wheel_center_front_left_flat
1069	-2187.5 -112.5 280
1070	0 214.999 0
1071	-2684.05 -292.87 272
1072	pfb66198ed01e9bc99_auto2108
1073	5CF7244F-5F5B-3BF3-DE2B-A6AFFE165AEE
1074	-159.82 -1615.01 301.326
1075	78C229B9-C971-34FD-8E7C-284C2083BD8F
1076	1674 -161.5 288
1077	pf3bbdc3b9489b351e_auto2108
1078	1600.5 871.5 304
1079	68C04969-66AD-11ED-8E58-68545A91F9AF
1080	32F170EE-E2BB-11EE-9016-68545ACDFBC3
1081	pf34852ac0c579f184_auto2108
1082	-2452.05 -668.87 272
1083	-2589.26 8.30162 272
1084	C77D93D1-68AF-0B0E-E081-735C9313C9C1
1085	pfb475f0bda69292b_auto2108
1086	37EA58F6-7D4A-11EE-9595-68545AD2D871
1087	-2647.5 -510.5 272
1088	827B4802-AB0E-4877-4E56-B691DE441DCD
1089	39CD1EBE-FA62-11ED-AC33-68545AAE1653
1090	19C097D7-EDEE-11EC-8E25-68545A91F9AF
1091	4282696C-59FB-410A-873C-1BBEA00AF2E2
1092	2409.5 189.5 304
1093	1613 226.263 299.503
1094	4EFEFF73-E2B7-11EE-9016-68545ACDFBC3
1095	8480CFBE-B401-08BF-D0B5-637136C68CF2
1096	pfef2878185736c3ad_auto4169835558133012704
1097	visibility
1098	2849.19 758.09 312
1099	4CAFF525-FA64-11ED-AC33-68545AAE1653
1100	-1567.82 1608.99 276
1101	13F28380-D638-11EC-8E22-68545A91F9AF
1102	09C8F98E-FCD8-8050-7F31-417C74F715DF
1103	-2410.37 489.252 280
1104	hardpoint_chevron_secure_02
1105	1604.49 877.29 304
1106	-2651.5 -322.5 272
1107	6E91E440-E2BC-11EE-9016-68545ACDFBC3
1108	60CA3239-E2B8-11EE-9016-68545ACDFBC3
1109	-2265.34 949.138 258
1110	235A0D73-D634-11EC-8E22-68545A91F9AF
1111	pfb946086a6c6e3851_auto2108
1112	pf38c670b2c2074e7f_auto2108
1113	0 269.999 0
1114	14BBD990-E2BF-11EE-9016-68545ACDFBC3
1115	door
1116	electronics_keycard_office_02_black_gold
1117	pfa926367235b90347_auto2108
1118	static
1119	pfc148ab5ab5ecc67f_auto13
1120	pf97471793013b9fb9_auto2108
1121	1877.19 -337.91 322
1122	CE60CCA9-E2BE-11EE-9016-68545ACDFBC3
1123	D8A751A4-66AF-11ED-8E58-68545A91F9AF
1124	D73AA36A-7323-EC8A-1D27-6B35CB26FEE3
1125	scriptable_food_trash_bottle_water
1126	pf987bcfa1b9878ddd_24
1127	1564.09 1122.91 304
1128	-2041.5 583 261
1129	1601.53 878.682 304
1130	690.95 1163.79 278.508
1131	decor_pot_plant_fancy_01_sml_with_flowers
1132	-1348.95 -751.469 280
1133	pfd0e475505a091b50_auto52
1134	467.303 3059.86 255.75
1135	18BAD3FD-DD11-59DC-5BD5-6906AEB8B82E
1136	8392E5A6-66B5-11ED-8E58-68545A91F9AF
1137	tag_mirror_left
1138	-2743.5 27.5 280
1139	0D0B1773-717D-60AF-40C3-17C226DCB589
1140	684.5 -130.5 272.006
1141	-2641.5 -248.5 272
1142	-1494.52 416.656 268
1143	-2059.5 1715.5 252
1144	2A56E858-AB16-B063-ECAD-BD03179C430D
1145	-2641.5 -440.5 272
1146	772.5 995.5 283.943
1147	1602.5 886.5 304
1148	7102155D-65F4-11ED-8E58-68545A91F9AF
1149	pf8a2a16a0ed761af1_auto2108
1150	F3C9A00C-E223-11EE-9015-68545ACDFBC3
1151	15D91340-3903-11ED-8E3F-68545AAC0192
1152	1A2B9FC9-66C0-11ED-8E58-68545A91F9AF
1153	E991BDA6-9B96-CEEC-2586-91D550CE4262
1154	BBFCE1AD-E2B7-11EE-9016-68545ACDFBC3
1155	pf4cb37739e7650e4e_auto2108
1156	jup_infil_blima_player_slide
1157	B5246620-2FDE-11ED-8E3B-68545A91F9AF
1158	tag_wheel_center_back_left_flat
1159	0CDEA7C8-FF1E-B99B-5DAB-83E3B336F286
1160	3159.32 -52.58 312
1161	3026.27 728.916 296
1162	electrical_box_street_03
1163	C797F624-6D80-11EE-9592-68545AD2D871
1164	994F2F6D-04BA-11EE-AC38-68545AAE1653
1165	-2726.81 922.09 272
1166	EA2EBB6E-E2B7-11EE-9016-68545ACDFBC3
1167	vfx_inv_dust_fog_lg_01
1168	D994CF77-66BC-11ED-8E58-68545A91F9AF
1169	1601.17 880.779 304
1170	E8229C15-66B7-11ED-8E58-68545A91F9AF
1171	pf3db9f956be81f607_auto2108
1172	7A507E80-25A9-11ED-8E30-68545AAC0192
1173	tag_broken
1174	01FB90C5-E2B7-11EE-9016-68545ACDFBC3
1175	AACCF66A-563C-5B7F-E368-F08DA751C8D1
1176	pf475f302c775850a_auto2108
1177	DAD8461D-6D80-11EE-9592-68545AD2D871
1178	0 314 0
1179	2370.5 570.5 312
1180	D8AEF8F8-8F76-7282-E84F-411726887C17
1181	playerasm_patch_mp_infil_blima
1182	pfac0155f2924db684_auto13110160360056907351
1183	-1891.52 -1507.46 273.607
1184	F22242DE-65EA-11ED-8E58-68545A91F9AF
1185	pf31fd5eef0313bd05_auto2792586801929323391
1186	84B28FB7-9AC7-B8D1-65F6-67A3D533182D
1187	3A692EAB-04BD-11EE-AC38-68545AAE1653
1188	pf27d51b9310f3883a_auto2108
1189	0 358 0
1190	playerasm
1191	vfx/jup/level/mp_jup_invasion/vfx_inv_fire_lg_car_01
1192	95B2849A-FA62-E06F-12F1-3C0BF6514484
1193	vfx_animals_rat
1194	-2733.5 -352.5 272
1195	E19418E8-FA67-11ED-AC33-68545AAE1653
1196	CE60CC9E-E2BE-11EE-9016-68545ACDFBC3
1197	A8DB6528-FA64-11ED-AC33-68545AAE1653
1198	37DCF1EA-2833-9FCC-5AC0-AC3125ABEFBC
1199	-1199.5 1439.5 264
1200	B64D8601-804C-D002-EE5F-089FD459A290
1201	FED438EC-04B9-11EE-AC38-68545AAE1653
1202	0 311.058 0
1203	cache_cash_register
1204	44AFC040-AB3A-9FED-780C-50984769919B
1205	pf4d852621d33cdaeb_auto2108
1206	scriptable_food_cereal_box_02
1207	4CADCA92-6339-F23D-A8D8-DD1651063FA1
1208	053186A6-39C3-98D8-1966-3D4A16A961C2
1209	D1FCE71E-66B8-11ED-8E58-68545A91F9AF
1210	2A67E880-9834-A268-F93B-AF57F5098C99
1211	1886.5 670.5 312
1212	-2277.5 -394.5 280
1213	un_office_pen_01
1214	980EFE34-B42B-46E7-B0C2-C91A6892FDD6
1215	F2747148-3DC6-46FF-4268-74E78F670C9C
1216	0F6217C6-4829-FABB-8197-CCB2EBFB39AF
1217	-2635.82 708.994 280
1218	086BDA15-65F2-11ED-8E58-68545A91F9AF
1219	right_30
1220	52671F20-C22E-E4B7-0150-6288EB206F6D
1221	-2549.5 431 279
1222	3CB2DA84-5318-079A-A57B-2F8C5A34D27A
1223	0 145 0
1224	pfe965a947c6c639cb_auto2108
1225	3AB6CE4E-F4D5-A087-F644-1F9372BC0EBD
1226	-2005.33 -870.314 282
1227	0 150 0
1228	1587.47 475.505 297.648
1229	robj_light
1230	pf614409668422d7c5_auto2108
1231	928D5053-8BB0-7711-D8F8-FA91DB338A8B
1232	scriptable_misc_keyboard_black_01
1233	0 172 0
1234	753A442F-4800-3D61-E0AA-E3C050A8139A
1235	dead
1236	pf67c0f8d40b5cd76_auto2108
1237	68144725-F97E-71BA-F859-77CF67A719B5
1238	5DD5BB32-04BF-11EE-AC38-68545AAE1653
1239	pfe670bf750d455e02_auto2108
1240	pfb3874b52e2fb8841_auto2108
1241	9A78FDBF-7D4C-11EE-9595-68545AD2D871
1242	1867.31 907.625 304.088
1243	0FD2F098-3903-11ED-8E3F-68545AAC0192
1244	2662.88 581.18 304
1245	pf1b1daa8e0bf4032e_auto2108
1246	2385.5 -382.5 305.554
1247	pfd51ea064d0f88427_auto9
1248	0 257.961 0
1249	D6FD55A3-E2BE-11EE-9016-68545ACDFBC3
1250	pfbff20a103a8314ae_auto3095862772568005270
1251	pfd0e475505a091b50_auto58
1252	pf9ea105264ae86dec_auto2108
1253	1758.21 779.332 304
1254	63D50689-66C0-11ED-8E58-68545A91F9AF
1255	jup_infil_jltv_step
1256	7C1E8994-3546-11ED-8E3D-68545A91F9AF
1257	2272.5 1239.5 312
1258	AA2C5C16-2041-C70D-1FA9-4B9BA6909059
1259	0 184.999 0
1260	347.737 -1329.84 295.58
1261	pfa05efc99402892ae_auto2108
1262	6DA619A8-66AE-11ED-8E58-68545A91F9AF
1263	202F126B-EE37-9C36-6ABB-447E7907D499
1264	35DE2557-66BF-11ED-8E58-68545A91F9AF
1265	scriptable_uk_security_camera_redlight_head_01
1266	fingers_in_start_right_hand
1267	hardpoint_vis_01
1268	pf9679d5a9153ae551_auto4
1269	2373.39 -385.784 305.564
1270	-2604.5 925.5 271.548
1271	24F5F53F-0D74-6702-B47A-556CB9727243
1272	661778FE-1658-CBEC-98ED-24EABF656EDE
1273	pfd3b0c503398b8a04_auto2108
1274	pfc794f2a23277b28_auto2108
1275	15D91319-3903-11ED-8E3F-68545AAC0192
1276	1944.5 301.5 312
1277	AB2A5276-D06D-F09D-3A4A-CAE706AD1240
1278	C8DB8F5D-E224-11EE-9015-68545ACDFBC3
1279	5C5A7AA6-66BE-11ED-8E58-68545A91F9AF
1280	closed_owned
1281	472.925 -765.835 270.023
1282	0BF33E0E-BDBA-D4D9-BA7D-938D467BC8E7
1283	pfdccf265051ab82b8_auto4
1284	381D4265-CEB7-A27D-12DA-E41F369BF27C
1285	tag_light_front_right
1286	989F2BD6-65F1-11ED-8E58-68545A91F9AF
1287	EDB95DC8-C793-6896-2271-9F3327AC351B
1288	pf2fb00b2df06da202_auto2108
1289	1765.08 784.72 304
1290	pfcaa0b39d344ec46a_auto2108
1291	-2319.5 -416.5 280
1292	pf1f473966f0eea358_auto2108
1293	67F70496-65F2-11ED-8E58-68545A91F9AF
1294	6DA619B7-66AE-11ED-8E58-68545A91F9AF
1295	0B943256-66B7-11ED-8E58-68545A91F9AF
1296	1A2B9FD8-66C0-11ED-8E58-68545A91F9AF
1297	45FC6E72-D966-A8DB-6A83-A8B4D9130FE3
1298	0 175.423 0
1299	scriptable_food_trash_container_02
1300	2738.88 327.18 304
1301	pf5e0ec1bf60b79011_auto2108
1302	3C9ECA26-3902-11ED-8E3F-68545AAC0192
1303	D4FE7F3A-FA64-11ED-AC33-68545AAE1653
1304	AF2918F6-7D49-11EE-9595-68545AD2D871
1305	11D49F52-1B06-26D5-C599-F72EE5813363
1306	25AC41D8-1F6B-8DEC-BCCA-9F969DD15C2F
1307	8AE69338-F20F-DF9A-51BD-ACA69D0AE31C
1308	2753 867.5 304
1309	46CB7433-8BD0-DB1B-D5EB-8BF1F9EF389F
1310	0 325.011 0
1311	-2547.48 430.46 280
1312	A1758678-E2B8-11EE-9016-68545ACDFBC3
1313	tag_full
1314	D8D03C94-53EC-BC57-56D4-C756608D4ACF
1315	scriptable_electrical_conduit_set_electrical_box_big
1316	-2410.46 483.52 280
1317	7FD86BFE-66C5-11ED-8E58-68545A91F9AF
1318	0 278.101 0
1319	2953.01 623.525 312
1320	CF2334CE-5B5B-C3DB-ADE4-1429021FCDEA
1321	vfx/jup/level/mp_jup_invasion/vfx_inv_fire_sml_car_01
1322	0 219.997 0
1323	5DC8D473-FF6B-7818-7F30-65BDA4611526
1324	pfcc8e949523eefc_auto2108
1325	B866C402-1479-1C4B-BB00-33433FBA995E
1326	scriptable_electronics_store_register_whole
1327	6CE66EB6-F1A5-2000-776C-B5CB8695534F
1328	4F4503BD-E24B-F937-62C5-303818F6AE48
1329	pfe4834d25a1d701e8_auto2108
1330	761874A1-04BA-11EE-AC38-68545AAE1653
1331	D4FE7F4E-FA64-11ED-AC33-68545AAE1653
1332	292.5 1211.5 317
1333	E5289E0B-3674-C05E-A02D-DA231F0E8234
1334	A44617FF-8D5B-D36F-DEC7-0B8B5BCAA7CA
1335	F22242D0-65EA-11ED-8E58-68545A91F9AF
1336	2BD697F5-56D5-9521-F7EB-6622BBEB9B01
1337	2872.89 1322.98 312
1338	36FF7BA2-D635-11EC-8E22-68545A91F9AF
1339	F779CAEC-66AC-11ED-8E58-68545A91F9AF
1340	flareup
1341	2227.73 -642.32 323
1342	pf31fd5eef0313bd05_auto9751409354794249802
1343	pf81f1613da595d752_auto2108
1344	2954.23 1494.25 304
1345	ee_electronics_pos_cash
1346	7F4B1E10-CB6A-113B-684A-A2D75085157B
1347	29EE4D71-04BA-11EE-AC38-68545AAE1653
1348	A7812D52-33F3-23C6-C1D8-11439DC59580
1349	o
1350	0E26B814-94CF-E3AC-1D8F-616B16407E28
1351	pfc30567948fd574e2_auto2108
1352	base_book_group_02a
1353	0 349.999 0
1354	0B364000-04BA-11EE-AC38-68545AAE1653
1355	94ACE270-FA64-11ED-AC33-68545AAE1653
1356	0 79.9998 0
1357	1649.63 -40.0627 291.123
1358	88D734E1-9E8F-3F19-C1FD-53050BC1772C
1359	pf2f6ac2e9a3f71cfd_auto4
1360	97F33D91-2FDC-11ED-8E3B-68545A91F9AF
1361	3A227BD3-C44E-6CCE-1CB3-A27A695CEA8A
1362	onfire
1363	0 175 0
1364	0 269.998 0
1365	-1837.5 227.5 288
1366	pf84d2d739fc79c2c_auto2108
1367	pf72ba9d22f05109e5_auto2108
1368	pf31ccaaa38593e96e_auto2108
1369	A4DB6A0D-4C0A-6FA7-9F3B-369102D5D148
1370	996763C6-7D4B-11EE-9595-68545AD2D871
1371	pf987bcfa1b9878ddd_10
1372	CAEEA2B5-9DF2-2544-5BEE-04D1B15E9E82
1373	3DDCAF2D-7D48-11EE-9595-68545AD2D871
1374	pfcc0f0401741fce3b_auto2108
1375	4DA1493E-EB24-11EE-95AE-68545AD2D871
1376	scriptable_un_office_computer_monitor_01
1377	147DAA74-D635-11EC-8E22-68545A91F9AF
1378	63D50695-66C0-11ED-8E58-68545A91F9AF
1379	mp_cyber_spawn_axis
1380	30B0F2DC-B3F4-4EF5-CD48-C7D8E1C1386D
1381	61C832EB-97CE-6A3A-D02F-6197C8FE91BA
1382	FFF9B9EB-6D80-11EE-9592-68545AD2D871
1383	pfeb189e7d82acad6d_auto2108
1384	7C1E9386-2823-5ED6-BE48-E56AC81F3319
1385	pfd0e475505a091b50_auto59
1386	7FD86BF8-66C5-11ED-8E58-68545A91F9AF
1387	2368.82 586.01 312
1388	pf25386fac67291ce9_auto2108
1389	4CAFF53E-FA64-11ED-AC33-68545AAE1653
1390	0 42.9992 0
1391	pf1c5fc283c601c5bc_auto2108
1392	E614FBA5-6829-F67B-98A7-D6059636BE26
1393	vfx_inv_spark_fusebox_01
1394	B07FABBB-66C2-11ED-8E58-68545A91F9AF
1395	electronics_store_cash_register
1396	B1884DD7-65F8-11ED-8E58-68545A91F9AF
1397	0FD2F07A-3903-11ED-8E3F-68545AAC0192
1398	pf633fe00dff675166_auto9
1399	D1FCE76C-66B8-11ED-8E58-68545A91F9AF
1400	vfx/jup/level/mp_jup_invasion/vfx_inv_dust_motes_outd
1401	1866.44 906.855 304
1402	-1147.82 996.99 289.95
1403	F1E7D1C9-2FDC-11ED-8E3B-68545A91F9AF
1404	8ED87BD9-6984-E1CD-9AA2-4BF49911C6A9
1405	1870.5 909.5 304
1406	94357903-6F8B-08CE-6910-C53825A52395
1407	2B7DB2AF-5281-B850-AE9F-93DF7D3D37E6
1408	6BE35F06-155C-C8E8-059F-895CD69B8396
1409	63D5068F-66C0-11ED-8E58-68545A91F9AF
1410	FE806A1A-EDED-11EC-8E25-68545A91F9AF
1411	base_book_stack_03a
1412	246EC8E8-04D1-11EE-AC38-68545AAE1653
1413	-2643.48 434.46 280
1414	C5DE1E37-ACD1-5C91-63D0-6BDB09CB9038
1415	91805325-78CE-F9D3-7256-C293D4F25694
1416	healthy
1417	FE99C3F6-FE27-5767-0270-966E3493A9E4
1418	-2725.5 -408.5 272
1419	pfe6e2fd80babae0fa_auto2108
1420	AD42D16A-E644-E974-0508-BF64C16EBCC2
1421	0B943248-66B7-11ED-8E58-68545A91F9AF
1422	13F28376-D638-11EC-8E22-68545A91F9AF
1423	fingers_out_end_left_hand
1424	0 315 0
1425	0 205 0
1426	21007985-9D54-812E-8EBC-26635F9E4043
1427	crate_plastic_sml_01_red
1428	FFF9B9E6-6D80-11EE-9592-68545AD2D871
1429	2368.18 -399.006 305.562
1430	6C2C9632-B3DE-DA6B-80B6-9249182C23F3
1431	7FD86C01-66C5-11ED-8E58-68545A91F9AF
1432	-1435.5 -662.5 288
1433	light_back_right
1434	D8546AF3-D633-11EC-8E22-68545A91F9AF
1435	83D9C155-66B1-11ED-8E58-68545A91F9AF
1436	-1353.89 -752.217 280
1437	1710.5 -1367.5 272.021
1438	B34A96C9-64B0-3F1B-B887-C4451665FFFA
1439	7239664D-3583-244C-38F6-7C038F8FC980
1440	2568.5 895.5 312
1441	pfad367a8de39de79d_auto2108
1442	pfc4dcd51ae18686b8_auto2108
1443	7FD86BBC-66C5-11ED-8E58-68545A91F9AF
1444	-951.5 1787.5 276
1445	1E8B009C-E224-11EE-9015-68545ACDFBC3
1446	1840.5 1043.5 304
1447	3215.28 44.7821 304
1448	1018.43 1994.18 260.502
1449	2312.49 1563 312
1450	6957E6FC-6D7B-11EE-9592-68545AD2D871
1451	1A2B9FDB-66C0-11ED-8E58-68545A91F9AF
1452	scriptable_scriptable_door_glass_metal_01_mp_reinforced_glass
1453	37EA58E5-7D4A-11EE-9595-68545AD2D871
1454	d_1
1455	2AAF0262-BC9A-CD1B-A2A6-DA409562D730
1456	scriptable_me_kitchen_coffee_bag_02
1457	064BC6C2-6A42-9413-AB55-F11E5EB40ED1
1458	scriptable_paper_shredded_trash_can_01
1459	pf65104f0b4e279207_auto4
1460	63D5067D-66C0-11ED-8E58-68545A91F9AF
1461	03B19F6D-3903-11ED-8E3F-68545AAC0192
1462	tag_light_front_left_2
1463	-2645.5 -316.5 272
1464	-2375.5 889.5 274
1465	pf20602592d6e14900_auto2108
1466	CA889375-EB22-11EE-95AE-68545AD2D871
1467	5D5EB260-66A4-11ED-8E58-68545A91F9AF
1468	-1963.51 -1481 273.841
1469	0 34.999 0
1470	pf5c5de82f5c3a1fa4_auto4
1471	9004DB2A-66B2-11ED-8E58-68545A91F9AF
1472	1390.5 -1472.5 263.81
1473	pf61e80e8fa95bc84_auto2108
1474	pfef2878185736c3ad_auto4811890851452888351
1475	D1FCE742-66B8-11ED-8E58-68545A91F9AF
1476	2086.35 160.785 284.005
1477	3BD2AD56-25F0-9798-4D13-B7ECEF4D1129
1478	9FB8AFBC-DF63-6160-5AEC-8F9C409818E0
1479	0 294.999 0
1480	paper_shredded_trash_can_01
1481	tag_bink3
1482	2712.82 346.006 304
1483	1650.3 -21.7189 292.494
1484	55726A17-EE90-ECCC-E58D-B47DF10778F7
1485	E8229C1E-66B7-11ED-8E58-68545A91F9AF
1486	2724.27 348.249 288
1487	AAC25CB6-25A9-11ED-8E30-68545AAC0192
1488	2164.5 -47.5 304
1489	3216.5 43.5 296
1490	D0795D8C-4064-AD01-1BEE-5A2E23FA1382
1491	D45E2A56-6D80-11EE-9592-68545AD2D871
1492	FFF9B9E1-6D80-11EE-9592-68545AD2D871
1493	-2733.5 -288.5 272
1494	087C6CB3-90BE-C751-70B3-DCFF25D01E6D
1495	pfe7d4939c9efddeee_auto2108
1496	2804.89 1218.98 312
1497	scriptable_scriptable_construction_doors_metal_b_02_mp_orange
1498	05786B3E-55CE-81E7-8EB6-D960CB8498CD
1499	42A10991-B2CF-43B9-B644-58F4B51F7B3E
1500	-2605.52 -561.458 272
1501	DAD8460E-6D80-11EE-9592-68545AD2D871
1502	14BBD99B-E2BF-11EE-9016-68545ACDFBC3
1503	-1491.82 -1103.01 273.829
1504	-2283.5 1747.5 269
1505	player_lock_look_1_second
1506	decor_gramophone_radio_01
1507	-1738.5 -937.5 280
1508	CB7C8529-9B2B-D3EA-6226-66D81A35E58C
1509	6F6BD1C6-66B0-11ED-8E58-68545A91F9AF
1510	95E75FE8-E2BC-11EE-9016-68545ACDFBC3
1511	C1177826-1124-780C-9822-6787C7123A3F
1512	0EE2FF47-F1E3-C4B8-BA51-4C43A3FCD7DF
1513	vfx/jup/level/mp_jup_invasion/vfx_inv_dust_motes_lg
1514	pf233bb4353bfa1b5d_auto13
1515	344F2105-E223-11EE-9015-68545ACDFBC3
1516	pf54f146475bdb4b94_auto2108
1517	40CDE057-FF1A-5D22-8ACB-E91966AB3BEB
1518	wheel_center_front_right
1519	1AC142D6-01E4-F785-7DBB-0F0331565563
1520	common::veh9_civ_lnd_suv_1996
1521	6B267351-18E9-99A1-7F32-875179518716
1522	03EEB5E2-DE89-4A0F-089E-DFA7B509B7E0
1523	512B4037-04AF-11EE-AC38-68545AAE1653
1524	trunk
1525	0FD2F083-3903-11ED-8E3F-68545AAC0192
1526	A3F629BB-9102-2083-03DF-708EA22B9799
1527	scriptable_door_wooden_panel_03_painted_mp
1528	03B19F79-3903-11ED-8E3F-68545AAC0192
1529	0 341.787 0
1530	6A06576E-04CF-11EE-AC38-68545AAE1653
1531	pf48b4c4496461ebe_auto2108
1532	vfx_inv_ash_embers_01
1533	3167C71B-73B1-3AD9-724D-12802F5655D9
1534	577D6BB7-AC92-616B-7B59-FBEBDAD6EED7
1535	F1669C88-3549-11ED-8E3D-68545A91F9AF
1536	15D70CFC-D634-11EC-8E22-68545A91F9AF
1537	scriptable_cache_cash_register
1538	0C5F949B-C6A1-EC77-8979-0DDA09413990
1539	DCE9802E-E2B7-11EE-9016-68545ACDFBC3
1540	pffab16d7992b346e6_auto2108
1541	C6D3E02C-6760-7783-464E-21496696DC7F
1542	0 330 0
1543	16103A9E-9739-C7CD-FE0C-F052C58D873F
1544	pf812230f995c05877_auto2108
1545	18A8B108-7BF1-32E8-BE8F-7C63C3221F51
1546	un_office_stapler_01
1547	-27.8201 -627.006 286.098
1548	2B132BC8-0FB5-6ACA-812B-67F61FA0B991
1549	8E7F085C-B856-8323-169E-3F03CF653C31
1550	pf6488db33b48dc987_auto2108
1551	D6B05B49-FE4E-4994-C1CA-7899888F30D4
1552	0DB5B9F5-1D28-1BBB-DD28-0875C86F50AB
1553	CA1C2198-8F94-1238-D0BB-52C76AA08F24
1554	pf3a30bcf618c16a4c_auto2108
1555	15D91304-3903-11ED-8E3F-68545AAC0192
1556	AEEE84CD-E87B-DB65-7602-8EF69F0A9DDA
1557	49D62C14-66AD-11ED-8E58-68545A91F9AF
1558	7BEE2F8B-7D47-11EE-9595-68545AD2D871
1559	2439.5 682 304
1560	370ADB94-04A0-EDFD-3DD4-477078A0E38C
1561	B07FABEB-66C2-11ED-8E58-68545A91F9AF
1562	0 224 0
1563	1264.5 895.5 297.609
1564	A00C0AC0-E2CB-11EE-9016-68545ACDFBC3
1565	tag_window_front_right
1566	7E5BA369-BCFD-6945-F2DB-E661FFDB62E4
1567	pfbbb49534ff52649d_auto2108
1568	D2440030-66AF-11ED-8E58-68545A91F9AF
1569	4BA7ABC8-2AD7-0B90-8FAE-A578A0A73066
1570	1192.5 943.5 286.625
1571	0 350 0
1572	pfb53f462924c6b32a_auto2108
1573	3225 34.6846 288
1574	DBD09491-1B7C-DE43-2729-4F4460A00B00
1575	on
1576	65CB1A03-E2BC-11EE-9016-68545ACDFBC3
1577	F799137A-AE37-0B29-93F2-A41D3A712C86
1578	CDB42364-5A36-6033-93F9-F5E419F58A23
1579	pf9cfc54adf242d5a0_auto4
1580	2936.5 79.5 304
1581	49983ABC-FB4E-0F1D-81C1-438CCD1C2134
1582	-1761.5 1696.5 269
1583	D1FCE75D-66B8-11ED-8E58-68545A91F9AF
1584	E8229BF4-66B7-11ED-8E58-68545A91F9AF
1585	6526C5A6-66B1-11ED-8E58-68545A91F9AF
1586	E70BC109-5FC6-4175-C44D-E5BA79F4B6DA
1587	fire_flicker_large
1588	1757.38 782.644 304
1589	2662.5 574.5 304
1590	pfb5c2f89722757e95_auto2108
1591	86EB1344-66B0-11ED-8E58-68545A91F9AF
1592	B243B433-2FD2-11ED-8E3B-68545A91F9AF
1593	D39AA0E0-C421-A3C7-00DD-1D37122C2E13
1594	scriptable_un_office_binder_open_02
1595	BCEF5788-7D49-11EE-9595-68545AD2D871
1596	pf287ed2699d263c15_auto2108
1597	0 170.7 0
1598	E7EC55BC-69F7-51BE-4DD5-5BAD4C836C4E
1599	3FA5DC2C-EB24-11EE-95AE-68545AD2D871
1600	2576.49 -156.478 297.486
1601	uk_misc_car_parts_crate_01_empty
1602	A7B7CC4A-C32D-F8FC-ABC4-EA504946A573
1603	BBD65FD7-FE5B-2D22-438F-D20122A9248A
1604	scriptable_un_office_binder_01
1605	0 146 0
1606	35DE256C-66BF-11ED-8E58-68545A91F9AF
1607	closed_locked
1608	u
1609	CC6F9837-4661-7E7A-9B61-B42DDFC447E0
1610	base_book_group_06a
1611	base_book_group_01b
1612	hardpoint_chevron_secure_01
1613	tag_window_back_left_corner
1614	0A084D1B-FE20-247A-CA2E-ABB6E0C36801
1615	pf96f77989198c6567_auto2108
1616	pffdbc0a70313d001c_auto2108
1617	5CB099AC-04B0-11EE-AC38-68545AAE1653
1618	scriptable_base_book_01b
1619	04E91103-BDCC-BB86-1BF1-56FD4F626CBB
1620	D1FCE745-66B8-11ED-8E58-68545A91F9AF
1621	-1689.5 -81.5 272.454
1622	E8229C03-66B7-11ED-8E58-68545A91F9AF
1623	EAAE63C5-E2BA-11EE-9016-68545ACDFBC3
1624	685568EC-66B7-11ED-8E58-68545A91F9AF
1625	scriptable_veh9_civ_lnd_suv_2001
1626	1420.49 1627 282.32
1627	1F3A05F6-33A0-5485-43F3-7ECB1A0E4DD6
1628	heavy_smoke
1629	DDAE0EE4-2FDC-11ED-8E3B-68545A91F9AF
1630	C28D7D7F-E2B7-11EE-9016-68545ACDFBC3
1631	2025.5 1125.5 304
1632	15D91307-3903-11ED-8E3F-68545AAC0192
1633	CEB326C2-2FDC-11ED-8E3B-68545A91F9AF
1634	bucket_plastic
1635	-2746.03 -117.781 280
1636	390778FB-095A-F815-AE76-5DAFCB40B47E
1637	E9B0D355-77CF-F24D-F5F2-A5667317AB7D
1638	1A2B9FB7-66C0-11ED-8E58-68545A91F9AF
1639	7FD86BE3-66C5-11ED-8E58-68545A91F9AF
1640	pfd0e475505a091b50_auto46
1641	pfd0e475505a091b50_auto51
1642	scriptable_fire_flicker_medium
1643	EF00F9A2-C0F5-9421-7A32-EEB6C223825B
1644	C64A38A7-D55A-BB87-E4A6-D2FD4F1622EB
1645	auto_mp_jup_invasion_cfx.map
1646	me_construction_plank_bridge_a_07
1647	-2727.5 -282.5 272
1648	-2723.5 -534.5 272
1649	D2E06EA6-FED4-59FC-1A09-3422232CCF27
1650	1C2E0AF4-80B9-191A-BD58-CF135C681C44
1651	A1752020-C92C-3C84-67AC-A42F737E9337
1652	-651.5 1121.5 263.408
1653	window_back_right
1654	822.5 -1186.5 278.793
1655	CD0782F4-8EF7-545C-D254-EEB93D38D510
1656	40087EF9-4549-BE66-1739-4D3B2D504F3B
1657	1295106C-8411-BCBA-1500-29DDAAD4AF24
1658	1A2B9FA2-66C0-11ED-8E58-68545A91F9AF
1659	1558.82 1030.69 304
1660	5A33FA7F-F996-11ED-AC33-68545AAE1653
1661	-2614.81 -73.91 272
1662	4C53B749-6B2F-DF9D-FF72-833C44C88E4A
1663	pf95ec823875c47c84_auto2108
1664	-1957.36 -1578.87 273.815
1665	30D4CA23-65F2-11ED-8E58-68545A91F9AF
1666	pf78e8515b6aa4555d_auto2108
1667	scriptable_zmb_broom_01_old
1668	pf4eacc0d858d75346_auto2108
1669	9B58F7A1-7380-9DD4-6E86-20421728C2F7
1670	6526C5BA-66B1-11ED-8E58-68545A91F9AF
1671	-2746.81 318.09 272
1672	340820FE-2FCF-11ED-8E3B-68545A91F9AF
1673	1995.9 1434.73 312
1674	8433BDCC-1B6E-5C91-6E85-2FF52D6EEB46
1675	2B2AB1E9-8814-E016-18B4-21657D98EC3D
1676	pf31fd5eef0313bd05_auto5814699803879093915
1677	vfx_inv_dust_fog_lg_02
1678	63D5066B-66C0-11ED-8E58-68545A91F9AF
1679	C984D69D-4B88-C1DB-F58E-19144C3C09A0
1680	34E1323F-359F-D6C7-002C-E68DF6C890C8
1681	0 59.9998 0
1682	2269.59 -608.281 323
1683	6C7FC2FB-65F7-11ED-8E58-68545A91F9AF
1684	13F2833F-D638-11EC-8E22-68545A91F9AF
1685	C5CB175D-BD63-6532-11F8-CE10DBF5F54C
1686	-2649.5 -320.5 272
1687	0 178.999 0
1688	-2439.82 104.994 272
1689	0 324.998 0
1690	0 232 0
1691	6F6DFE77-B904-30E7-B99E-A3944EB8CBE3
1692	pf48e4409c4f69f22b_auto2108
1693	1668.49 1047 304
1694	2632.5 977.5 298
1695	7D511C44-9381-6D87-0299-2F1B4B1D866F
1696	1271 1308.55 274.83
1697	640.51 -764 286.023
1698	86AF6AF1-A461-9DB6-B148-3867D7D517C5
1699	40AF1E67-5AC9-94C1-12D4-78133B795158
1700	2341.19 1614.09 312
1701	2F4F4ED9-5208-C0B7-EA1E-F93004A04BFB
1702	door_rear_right
1703	-1959.75 -4.233 280
1704	2B272EF0-A2AB-813B-8958-988820AAAB5A
1705	1A2B9FE1-66C0-11ED-8E58-68545A91F9AF
1706	-2265.5 357.5 272
1707	97F33D9F-2FDC-11ED-8E3B-68545A91F9AF
1708	623F4269-66B0-11ED-8E58-68545A91F9AF
1709	1248.72 235.496 315.585
1710	0EE7FBBC-66AC-11ED-8E58-68545A91F9AF
1711	C3081CBA-83F2-0B99-C062-879A1FF512A8
1712	-2374.81 150.09 272
1713	B17625E3-75D2-4D12-5897-A32F61A07600
1714	vfx/iw8_mp/gen_amb/vfx_pigeons_ledge
1715	pf9966f7ab2311a942_auto2108
1716	scriptable_food_trash_cup_tall2
1717	-1727.5 -1152.5 274.964
1718	8A70F2CD-7B4F-C5DC-157F-9A9D5FA74B77
1719	-2249.34 947.42 258
1720	2725E107-4439-BB18-E177-B9A8763C25FD
1721	691E99A9-4C2E-5E3D-DA57-42D2BEC7A0CB
1722	56F5FCDA-8BED-D18B-DBB8-B4DA8378DA2B
1723	loop_end
1724	41BBA835-FA62-11ED-AC33-68545AAE1653
1725	pf1964184d48b3024e_auto2108
1726	5A8C2D3E-04D0-11EE-AC38-68545AAE1653
1727	07C0D6AC-CEA0-B1B3-C045-61A576830082
1728	5EF8D22A-7D79-8A9B-5477-70B48A16F587
1729	C423CDC5-D7D6-C93A-2066-ABD43EDC7498
1730	0 292.9 0
1731	pf945d53b59c3f4f3b_auto2108
1732	83FCE75F-4CFE-AA7D-F714-616582479B5C
1733	F1827D5E-0DCD-8E1C-D01B-4E694D086632
1734	45C5A88E-AF39-A649-343D-44F7CFFDF990
1735	309117EF-E224-11EE-9015-68545ACDFBC3
1736	E8229C3C-66B7-11ED-8E58-68545A91F9AF
1737	C6292691-6D82-11EE-9592-68545AD2D871
1738	0FD2F04A-3903-11ED-8E3F-68545AAC0192
1739	D9DA4059-357F-1BBD-D392-27923AD67904
1740	4AD513B9-E6E0-11EE-901D-68545ACDFBC6
1741	35DE255A-66BF-11ED-8E58-68545A91F9AF
1742	471F405C-EB24-11EE-95AE-68545AD2D871
1743	C7162EFF-5E31-46F5-57F1-AECEE68BBF16
1744	9A2E9C36-F80E-485C-FF56-9424BCC82FD1
1745	8BD417AC-B494-8658-A25A-E03E63024C8D
1746	-1663.82 904.994 280.446
1747	mp_inv_trash_drift_lrg
1748	59FD3079-764B-0446-5433-39FE9E8298A4
1749	28D8F398-66AA-11ED-8E58-68545A91F9AF
1750	E8229BF7-66B7-11ED-8E58-68545A91F9AF
1751	2040.5 915.5 304
1752	scriptable_base_book_group_02b
1753	4A2C7F0C-B666-6C01-12A2-E03051E948C7
1754	08727F44-D184-7B47-FB63-53596622A780
1755	2376.5 -392.5 305.557
1756	pfc78665e76d3dba33_auto2108
1757	1817.5 1221.5 304
1758	1554.5 169.5 306.363
1759	scriptable_un_office_paper_stack_01
1760	electrical_conduit_set_electrical_box_big
1761	-1529.53 1185.99 267.422
1762	D1FCE757-66B8-11ED-8E58-68545A91F9AF
1763	2649.5 -86.5 305.448
1764	A0DDB6A5-66B5-11ED-8E58-68545A91F9AF
1765	95EF115A-D899-48D7-B6B4-418A04060967
1766	2844.82 602.01 304
1767	veh9_mil_lnd_jltv_infil
1768	pf8ffb08d332d2e80b_auto2108
1769	99AEDCCF-A530-2B0B-0E69-8B5A4C88E2F9
1770	ED751421-A478-569A-1FAA-C9CE854E0720
1771	36FF7BC3-D635-11EC-8E22-68545A91F9AF
1772	secure_loc_s
1773	1566.5 875 290
1774	FFF5FBBA-3064-088D-5E46-EEFCCEEB8C80
1775	325A1347-EDEE-11EC-8E25-68545A91F9AF
1776	1AD10593-65F9-11ED-8E58-68545A91F9AF
1777	A368D59C-0FAF-4C5B-13A3-918C6A141042
1778	13F2830D-D638-11EC-8E22-68545A91F9AF
1779	695EEAA4-4BEA-C9A5-95C5-AB0295D54C38
1780	2973.19 686.09 312
1781	-167.5 -1620.5 298.325
1782	3E558BC3-C941-6B1A-ECFD-8434614FD28A
1783	A8DB651E-FA64-11ED-AC33-68545AAE1653
1784	0A5CDEA6-AF92-48CA-800A-8A83C1EE5EC5
1785	scriptable_paper_shredder_01
1786	13F2833A-D638-11EC-8E22-68545A91F9AF
1787	61B14303-95B3-7EA9-5A98-C98A82C90EE3
1788	15F9AF4A-69EE-88C3-F92A-FF858D6D8768
1789	B8D0892B-E2BD-11EE-9016-68545ACDFBC3
1790	513BE45A-3201-CF53-C1D5-0124D2309627
1791	C4C2679A-D636-11EC-8E22-68545A91F9AF
1792	0 191.999 0
1793	j_rope_200
1794	F87C514A-94B6-246E-20BE-7F35FA6EDFE2
1795	0 185 0
1796	pf7a7376f8b1996b2d_auto4
1797	mp_xfire_spawn_allies_start
1798	food_trash_bottle_soda_01
1799	6B4E2C81-70E9-459A-A916-1B7939E12C53
1800	0 255 0
1801	pfcb696148a97fb7d4_auto2108
1802	4CF53C2D-6849-46B5-A961-1C022E7044FE
1803	5111DA28-E223-11EE-9015-68545ACDFBC3
1804	jup_infil_blima_rope_crank_right
1805	536.5 2495.5 255.75
1806	F15A2517-65F9-11ED-8E58-68545A91F9AF
1807	0 240 0
1808	deco_dish_ornate_plate_02
1809	-2337.52 -405.458 278.191
1810	pf99b58f9890274926_auto2108
1811	D4FE7F44-FA64-11ED-AC33-68545AAE1653
1812	526768DC-6D81-11EE-9592-68545AD2D871
1813	27D3D241-66B7-11ED-8E58-68545A91F9AF
1814	04DF61FD-FC87-6B41-CB39-B5E30BD0CB87
1815	0FD2F08C-3903-11ED-8E3F-68545AAC0192
1816	-2195.5 -104.5 280
1817	2DC2AB3F-65EE-11ED-8E58-68545A91F9AF
1818	scriptables
1819	E3B0D6CE-2232-4B23-FE3C-7ECAB360AB90
1820	facial_infils
1821	0E14C79B-E2BB-11EE-9016-68545ACDFBC3
1822	50680716-364C-2D2A-1D3D-8AEBBC1FAD2E
1823	0 66 0
1824	7B8F4874-275D-AC62-9F1A-CB6AFF20B06A
1825	pf272c00e20d7fd6b3_auto2108
1826	636274DB-7D4D-11EE-9595-68545AD2D871
1827	C6FB8B27-42A9-2BE3-7F10-DA31DB270178
1828	food_cereal_box_02
1829	j_ball_le
1830	j_ball_ri
1831	30049DBF-C9AA-7058-604F-24539B075E46
1832	0 13.9997 0
1833	-2019.82 488.994 272
1834	pf7083c61f545b2991_auto2108
1835	misc_computer_mouse_black_01
1836	pf3471a7e5d3badfb6_auto2108
1837	1A2B9FCC-66C0-11ED-8E58-68545A91F9AF
1838	0 352 0
1839	031B0AAE-A887-29E9-644C-D5F75F1E5360
1840	F1E7D1CF-2FDC-11ED-8E3B-68545A91F9AF
1841	01E03D33-7D47-11EE-9595-68545AD2D871
1842	D0CA6AF1-E21A-11EE-9015-68545ACDFBC3
1843	5B0F40B4-1443-81D0-3DD5-38BBF6F57548
1844	80C562C1-66B4-11ED-8E58-68545A91F9AF
1845	1892.5 675.5 312
1846	-1676.83 -18.4941 256.342
1847	1966.5 573.5 304
1848	13A898E0-DCCD-EE69-1B61-C4105FDC8C4A
1849	-2727.5 295.5 256
1850	-1995.51 870.997 272
1851	7FD86BC8-66C5-11ED-8E58-68545A91F9AF
1852	6305AD99-04BD-11EE-AC38-68545AAE1653
1853	63D50698-66C0-11ED-8E58-68545A91F9AF
1854	3020.5 563.5 304
1855	FDF26DD6-1AF2-1111-4B61-DB30F6C6118E
1856	03B19F64-3903-11ED-8E3F-68545AAC0192
1857	1892.16 672.796 312
1858	scriptable_fluorescent_flicker_fast_invasion
1859	pf4c2de80ea80c3627_auto2108
1860	window_back_left_corner
1861	6055714E-03BC-0ACF-1994-ECE748AEB82D
1862	2255.61 144.979 306.804
1863	pf31fd5eef0313bd05_auto8481000887263363213
1864	89B58201-2DCB-C6F9-A0F0-A9D84F23916F
1865	1600.26 883.526 304
1866	pf82ba40e194bb58e9_auto2108
1867	-2643.5 -378.5 272
1868	right_70
1869	325A134A-EDEE-11EC-8E25-68545A91F9AF
1870	pf3f3aa686637edc83_auto2108
1871	2942.05 79.21 304
1872	r
1873	4
1874	1E522E55-1E0B-2ECE-68FC-5AB17226E00E
1875	door_back_left
1876	window_back_left
1877	0 154 0
1878	base_book_group_02b
1879	57F6E094-029A-46C6-90E7-53D3EE8FEF1C
1880	pfadca625e8b6d2ebe_auto2108
1881	-2563.82 676.994 280
1882	2420.88 31.18 306.769
1883	0FD2F089-3903-11ED-8E3F-68545AAC0192
1884	A247FCCB-CF6A-DB6A-F127-89365B54E43E
1885	B07FABE2-66C2-11ED-8E58-68545A91F9AF
1886	1260.5 1291.5 289.065
1887	2448.82 266.01 304
1888	pf1228c681dce2099d_auto2108
1889	scriptable_scriptable_door_wood_ornate_large_exterior_02_mp_wear
1890	1570.5 1115.5 304
1891	DE4A3E80-65F7-11ED-8E58-68545A91F9AF
1892	1832B56C-F196-5A9F-630A-70707FE374CB
1893	A00C0A9F-E2CB-11EE-9016-68545ACDFBC3
1894	15D9131C-3903-11ED-8E3F-68545AAC0192
1895	equipment_dyn_trash_soda_02
1896	646.5 2129.5 255.75
1897	D391D000-2FCF-11ED-8E3B-68545A91F9AF
1898	25913374-720F-D098-07A3-98FEF9E1A4CD
1899	1DD9917C-78D8-7051-BAA8-3B627D25974E
1900	E8491EC4-6D7B-11EE-9592-68545AD2D871
1901	-2695.98 231.033 272.207
1902	B07FABC4-66C2-11ED-8E58-68545A91F9AF
1903	-1516.47 792.409 284
1904	43B8F3AF-BDF0-E98F-11FB-CA1E2B1B4CFE
1905	pf979b363ecded1f4f_auto2108
1906	126.915 382.492 282
1907	E8229C00-66B7-11ED-8E58-68545A91F9AF
1908	pf8ad1d6160d88f259_auto2108
1909	pffbaba8eefb6c4ede_auto2108
1910	B884B6CC-E2CB-11EE-9016-68545ACDFBC3
1911	8F4F2F67-5043-D90D-BC08-9568F81C7224
1912	EC59540A-7D44-11EE-9595-68545AD2D871
1913	pfd0e475505a091b50_auto49
1914	9FEDBF45-387B-9EE4-F5FD-86952DD24EAE
1915	vfx/jup/level/mp_jup_invasion/vfx_inv_leaves_blowing_ground
1916	-2385.07 1619.37 254.433
1917	6DA619AB-66AE-11ED-8E58-68545A91F9AF
1918	9C5DBB2A-1778-3E95-8D99-32B0AEAF9D1E
1919	ee_clock_wall_mounted_modern_06
1920	2201.59 -652.281 323
1921	-2683.51 -441.003 272
1922	B0270FBD-66AF-11ED-8E58-68545A91F9AF
1923	-2626.71 433.553 280
1924	5E19BB33-8F79-9F7E-F8D8-941E55C5F76E
1925	pf9bfbb3ba4a0d8287_auto2108
1926	BDC57697-7524-5D4D-865F-44858FB8FC2C
1927	2A001D3F-65F2-11ED-8E58-68545A91F9AF
1928	D1FCE760-66B8-11ED-8E58-68545A91F9AF
1929	-2748.71 1054.57 255.239
1930	2A1BEBCE-7D4C-11EE-9595-68545AD2D871
1931	3C9ECA17-3902-11ED-8E3F-68545AAC0192
1932	016D7179-04BF-11EE-AC38-68545AAE1653
1933	07F5EAAC-DFD4-1D0E-9C05-64E5CB7411D9
1934	0 128.083 0
1935	-2642.5 -186.5 272
1936	310B93F1-1206-11EE-AC39-68545AAE1653
1937	-2639.5 -502.5 272
1938	767AC0EB-66B7-11ED-8E58-68545A91F9AF
1939	D28400DF-0FFC-14F2-721C-01AE2DABDC80
1940	0 39.9988 0
1941	B07FABCD-66C2-11ED-8E58-68545A91F9AF
1942	locked
1943	0 204 0
1944	pff76be01f08d517cc_auto13
1945	ajar_owned
1946	52DB7356-FA64-11ED-AC33-68545AAE1653
1947	-2639.5 -182.5 272
1948	359BB54D-2CFA-FFC6-9BB4-3B8356CFF4FB
1949	7FF87184-7D45-11EE-9595-68545AD2D871
1950	base_book_01a
1951	BECCBD20-7E12-3ACF-F6FB-48D2843F1EC5
1952	974ADDD6-B7DA-8F2B-D88F-96B5FC77991A
1953	4313982C-02AF-2540-2DCE-5A025AA7A1DE
1954	front_right
1955	519D44F4-6D7B-11EE-9592-68545AD2D871
1956	pffeef3e313fbf43e4_auto2108
1957	15D91331-3903-11ED-8E3F-68545AAC0192
1958	-2643.5 -442.5 272
1959	-1488.52 404.656 285.025
1960	pfa441dd7f69c6d08d_auto2108
1961	939B5C9F-04AF-11EE-AC38-68545AAE1653
1962	D8171967-E367-FD9F-6825-857088A80EB0
1963	BAFC0C42-CF49-0A98-F70E-EBADD49EAACB
1964	1672.5 1047.5 304
1965	2766.32 898.733 296
1966	scriptable_equipment_dyn_trash_soda_03
1967	vfx/jup/level/mp_jup_invasion/vfx_inv_ground_flat_dust
1968	0 123.997 0
1969	0 74.9999 0
1970	0 74.9997 0
1971	D8A751B2-66AF-11ED-8E58-68545A91F9AF
1972	ws_show_3p_weapon
1973	vfx_inv_fire_lrg_01
1974	A00C0AAA-E2CB-11EE-9016-68545ACDFBC3
1975	A2A949E3-4C62-3446-4C77-F688FCBD1949
1976	food_cans_bottles_and_jars_can_04
1977	-1942.26 -1544.5 273.769
1978	FFD9BDD5-65E9-11ED-8E58-68545A91F9AF
1979	75CC89E0-EB23-11EE-95AE-68545AD2D871
1980	E43D0252-D169-5CF3-FAF1-AB55E150F05D
1981	-2766 321 269
1982	5C76A68A-65FA-11ED-8E58-68545A91F9AF
1983	-1903.11 -1445.02 273.644
1984	96F1317C-C7FA-1B83-3597-ED0A77CE3E0D
1985	-2735.5 -418.5 272
1986	85550307-31D5-2DC4-AB93-34B8CA8C0BB9
1987	13F28367-D638-11EC-8E22-68545A91F9AF
1988	1A2B9FCF-66C0-11ED-8E58-68545A91F9AF
1989	208.5 -1202.5 302.093
1990	pf60605d3971d92824_auto2108
1991	695ED0EE-30E4-E173-509C-2FF2185F668C
1992	pf5621569c94fb3c3b_auto13110160360056907351
1993	fingers_out_start_right_hand
1994	A31DE680-9A8E-9FBF-4C14-82134C51A3CA
1995	ADF435B7-04BD-11EE-AC38-68545AAE1653
1996	pfbd0ce025b187005_auto2108
1997	108E4FFD-FA67-11ED-AC33-68545AAE1653
1998	1950.5 566.5 304
1999	-2605.5 724 273.111
2000	987F13BE-CB68-62F6-C512-480358726EC1
2001	C65A378E-F7F1-6114-5DFB-FF5738DFF85D
2002	44F9C53E-7D48-11EE-9595-68545AD2D871
2003	31877290-D19D-AA0E-4D17-760FB611FC9D
2004	scriptable_vfx_animals_pigeon_jup
2005	26.5 -365.5 280
2006	-943.5 1783.5 276
2007	BA2726DD-C463-24E9-6527-2935FDDA5594
2008	10F6306F-9656-4577-A6D4-0E9D4235C576
2009	03B19F7F-3903-11ED-8E3F-68545AAC0192
2010	9CAB3ACD-C97E-C1B7-D79F-5334E1B335A5
2011	0 193.697 0
2012	DADF18AF-04BC-11EE-AC38-68545AAE1653
2013	pf1d70dedd32b166c0_auto2108
2014	224E04D6-65EF-11ED-8E58-68545A91F9AF
2015	91163390-9665-9AB2-12DD-C37C5289DF97
2016	scriptable_paper_shredded_pile_01
2017	C373F844-E2B8-11EE-9016-68545ACDFBC3
2018	922 1188.5 271.443
2019	40CE88F3-62C2-04E2-53C4-3EE658815A11
2020	pf5621569c94fb3c3b_auto13
2021	-750.92 -1712.49 288
2022	162BDBEB-7D49-11EE-9595-68545AD2D871
2023	0FD2F05C-3903-11ED-8E3F-68545AAC0192
2024	737A8E06-E21A-11EE-9015-68545ACDFBC3
2025	E21749F6-E517-B5F5-FC1E-76FCCB69941F
2026	D404E1F4-E8F7-DAC6-FC71-2924143A6C70
2027	pf3b55225d3d787669_auto2108
2028	1258.42 1298.65 288.822
2029	-1520.03 -1301.78 284.152
2030	pf54e655a7d84878b3_auto2108
2031	7E6B7736-E2F9-11EE-9016-68545ACDFBC3
2032	EE6D83D0-E222-11EE-9015-68545ACDFBC3
2033	AED136FB-7D45-11EE-9595-68545AD2D871
2034	EA4A2EDD-976A-3296-364F-7C8F1FA3619F
2035	1540.49 1515 272.953
2036	50D1D239-EB47-606F-8352-359CEF269065
2037	75E950EA-2962-11ED-8E35-68545A91F9AF
2038	pf5550fe219ea0cd2e_auto2108
2039	EFD56E14-2BE0-4A40-022D-ABB18E31CAA3
2040	pf5f4de18cc418fba9_auto2108
2041	F1E7D1D2-2FDC-11ED-8E3B-68545A91F9AF
2042	2434.28 -324.664 297.536
2043	-1974.83 -2.494 280.552
2044	80C72BDB-DDD9-D8B9-F078-97C99543A0DD
2045	escort_vis_01
2046	pf1bfe343b0d9e22f_auto2108
2047	mp_sd_spawn_defender
2048	pf818207a8aae0d42_auto2108
2049	pf4527ba140b6c6058_auto2108
2050	685DDB40-66B0-11ED-8E58-68545A91F9AF
2051	snakecam
2052	0 329.997 0
2053	FFF9B9FA-6D80-11EE-9592-68545AD2D871
2054	pfae65134ddac1f17a_auto13110160360056907351
2055	94ACE261-FA64-11ED-AC33-68545AAE1653
2056	pfad5a5eb74f92e3e4_auto2108
2057	AC078D10-7FAF-2D47-7622-64274A2ECE62
2058	B95EB3F0-7538-EA2D-B2FE-C190A24A8AD5
2059	-1566.46 1599.52 276
2060	scriptable_bucket_plastic
2061	792BBB74-09FF-3743-03D2-7CF09DA92A50
2062	5A33FA85-F996-11ED-AC33-68545AAE1653
2063	D1FCE71B-66B8-11ED-8E58-68545A91F9AF
2064	pfef2878185736c3ad_auto12371502905524287872
2065	45B7E998-D464-68E9-9729-168A28C7A3CF
2066	2876.49 667.522 304
2067	F000F1CC-706D-D53A-DF79-4E2EABBF1624
2068	2B000C74-4226-0652-6723-C6CBF18DD7C7
2069	526.5 -453.5 291.771
2070	-1759.5 1707.5 269
2071	83334FCD-04BF-11EE-AC38-68545AAE1653
2072	1600.45 -556.807 306
2073	C93EE07B-2963-11ED-8E35-68545A91F9AF
2074	scriptable_container_espresso_cup_01
2075	bink1
2076	0 326 0
2077	FBFA050D-5A51-99F8-2622-8C77602ED97E
2078	5C4D6E24-BF78-9C40-57AD-39033E95C51B
2079	B516114B-2FE0-11ED-8E3B-68545A91F9AF
2080	BE20C30C-9BDF-80DF-03AF-629661404194
2081	386048C1-EDEE-11EC-8E25-68545A91F9AF
2082	1714.49 -86.4782 299.405
2083	1481.74 937.215 580
2084	C570BE67-60E1-3607-0347-1899B56F0842
2085	fully_open_unusable
2086	0 228.999 0
2087	0 39.9998 0
2088	-2351.51 -89.003 280
2089	pf542f85fd8666ecf4_auto2108
2090	scriptable_me_light_ceiling_fluorescent_tube_on_invasion
2091	0 274.998 0
2092	-1514.91 756.81 284
2093	D0401AFC-76EA-DD9E-A64C-6D0364EFDB4E
2094	vfx_inv_fire_smoke_slow_01
2095	2D9BC522-4B85-7DCD-57A4-250693512FFA
2096	pf123053e8e6e558f5_auto2108
2097	91F92B2D-CD10-A735-50FB-FC238C19D365
2098	A99BCA30-C4CA-6A04-FB52-99E336B566CE
2099	infil_blima_6
2100	pfaf073496e9b26dca_auto2108
2101	pf987bcfa1b9878ddd_m
2102	pf987bcfa1b9878ddd_c
2103	veh9_civ_lnd_van_palfa
2104	23F027E8-6D7E-11EE-9592-68545AD2D871
2105	scriptable_accessory_plant_pot_fake_2
2106	vfx_inv_smolder_light_sml
2107	D253A829-6761-D522-09C9-89660B59F61A
2108	DF5C2910-115A-993C-8231-1EE7AED839E2
2109	13DA9E3E-6D7E-11EE-9592-68545AD2D871
2110	6B4F8505-ED15-95E9-626C-6E6AC1888D81
2111	B1F5512B-664F-3DCC-FC54-9664D126E834
2112	pf1c5de8a4980950ac_auto2108
2113	63D50653-66C0-11ED-8E58-68545A91F9AF
2114	1273.9 1172.2 294.529
2115	scriptable_equipment_dyn_trash_soda_02
2116	uk_security_camera_redlight_head_01
2117	CF7E1491-8DE6-A5B1-71DB-6F1ECECDD3F4
2118	ladder_up
2119	E4A1D862-0729-B3F6-5B51-057147544853
2120	pf734503bf13ec4719_auto2108
2121	-171.48 -1621.54 301.534
2122	C8C6421C-2A3F-317A-F3AA-A561FE974F92
2123	-2303.5 -752.5 280
2124	F0F3FF9D-65F3-11ED-8E58-68545A91F9AF
2125	1C1D08F2-1E0C-CE69-B45E-D39A3ADC1840
2126	8985C26A-6DE4-53AD-4C1C-133534F83425
2127	B07FABDC-66C2-11ED-8E58-68545A91F9AF
2128	pfa988c916f6b43cf2_auto2108
2129	t10_decor_ashtray_01
2130	pf3fddbb0cd1497a54_auto2108
2131	53A603B8-F4D8-11ED-AC31-68545AAE1650
2132	j_wrist_ri
2133	1253.18 251.918 321.19
2134	1919.14 396.262 292.35
2135	0757C8D1-52F7-2672-C214-ED70CD96CED4
2136	0 0.0987545 0
2137	decor_misc_props_01_bottle
2138	920.5 -1524.5 269.854
2139	-2755.5 319.5 271.087
2140	-229.5 -1488.5 303.044
2141	0 264.998 0
2142	vfx/jup/level/mp_jup_invasion/vfx_inv_fire_lrg_02
2143	A4D6D842-6D81-11EE-9592-68545AD2D871
2144	-2051.53 763.991 271.969
2145	pf5a018b4c6645ac26_auto2108
2146	926F9CD4-2963-11ED-8E35-68545A91F9AF
2147	-1394.81 1806.09 276
2148	E8229C0F-66B7-11ED-8E58-68545A91F9AF
2149	839E8829-E659-E588-9579-1B3C10730DA2
2150	pf36dfd38f3fc9a69d_auto2108
2151	-1963.11 -1525.02 273.837
2152	187B37D0-E2CF-11EE-9016-68545ACDFBC3
2153	2DF217E5-3809-F912-D0A8-A3F23B85F29D
2154	pf42096117e1bb6049_auto2108
2155	F660CA36-8FB5-B412-1828-631BF65063C3
2156	mp_escort_spawn_defender
2157	38ACDBD4-6D7D-11EE-9592-68545AD2D871
2158	2361.21 1601.85 312
2159	-2011.13 521.134 272
2160	-1887.5 -1480.5 273.933
2161	95DE051D-1E19-6711-CDB8-5923844BA4EB
2162	0 199.999 0
2163	15D9133A-3903-11ED-8E3F-68545AAC0192
2164	-2398.46 951.52 274
2165	pf4636469246abeed_auto2108
2166	63D50692-66C0-11ED-8E58-68545A91F9AF
2167	86513D25-65F3-11ED-8E58-68545A91F9AF
2168	-1762.81 1670.09 269
2169	4CAFF543-FA64-11ED-AC33-68545AAE1653
2170	scriptable_food_trash_burger_box_01_open
2171	1672.5 1055.5 304
2172	55ECF742-66BE-11ED-8E58-68545A91F9AF
2173	5AB3BF45-7D46-11EE-9595-68545AD2D871
2174	door_front_left
2175	CE3147CF-6D80-11EE-9592-68545AD2D871
2176	window_over_40
2177	A292A0CE-5AA5-126D-59F8-C962DF608B13
2178	52B76894-F1DF-2290-BFCA-B1DA965D8CC7
2179	92448553-73CA-449C-723A-9B9F721880BE
2180	0FD2F06E-3903-11ED-8E3F-68545AAC0192
2181	C7715611-2FDE-11ED-8E3B-68545A91F9AF
2182	2036.5 -1252.5 288
2183	E8229C2D-66B7-11ED-8E58-68545A91F9AF
2184	pf73afd40453def202_auto13
2185	C3C8DC37-2A81-6691-85D6-28D9B6A2639C
2186	E1518AE2-7B52-C9F3-5D45-71F809190E76
2187	D4FE7F35-FA64-11ED-AC33-68545AAE1653
2188	8C073F08-FCE3-E18F-41A2-20351044B8D3
2189	8B53FCB4-1C3C-CF07-8B7B-E55483AEA371
2190	scriptable_com_trafficcone_01
2191	2300.5 507.5 304
2192	scriptable_un_office_stapler_01
2193	E3D8797C-04B9-11EE-AC38-68545AAE1653
2194	686F1041-2886-7A20-3780-F0EA4599C22B
2195	0 183.998 0
2196	-735.52 -1711.46 288
2197	pfc59a7bc4de446b66_auto2108
2198	7D6765D7-04BA-11EE-AC38-68545AAE1653
2199	15D9134F-3903-11ED-8E3F-68545AAC0192
2200	64949503-9691-B0A6-70EB-5FD7CFF26BD9
2201	A00C0AB5-E2CB-11EE-9016-68545ACDFBC3
2202	C0FA4DCC-B9C1-39EE-EED2-A4239C587D2A
2203	D69D7E62-CAFF-3053-0FC6-ACDF9C2BBD1B
2204	65B4B833-04BF-11EE-AC38-68545AAE1653
2205	0160FC48-D635-11EC-8E22-68545A91F9AF
2206	2312.5 -432.5 305.6
2207	pfe14fd0eb4a999398_auto2108
2208	-2611.51 -85.003 280
2209	pfd9d8fff242e6db9d_auto2108
2210	pfde09144c64a3ee9f_auto2108
2211	E6E7B558-F4EA-67DC-93E1-1302CA90072A
2212	3E7625FF-CEE1-CA5C-39B8-BEB422191938
2213	7F15BD44-8AA3-EE42-A654-A7CC1B60C81C
2214	2D7AFCFD-04D0-11EE-AC38-68545AAE1653
2215	4249BC0C-04BD-11EE-AC38-68545AAE1653
2216	E122625A-6D80-11EE-9592-68545AD2D871
2217	pf2ca07c5cca1a2bf7_auto2108
2218	3AC318AA-E223-11EE-9015-68545ACDFBC3
2219	703.14 739.127 270.993
2220	D1FCE748-66B8-11ED-8E58-68545A91F9AF
2221	-2727.5 -346.5 272
2222	pf1ee8640f146ca4d_auto13
2223	0 128.997 0
2224	-1263.5 1439.5 264
2225	-1345.5 -1309.5 288
2226	6DA6199F-66AE-11ED-8E58-68545A91F9AF
2227	mp_koth_spawn
2228	125529ED-7D47-11EE-9595-68545AD2D871
2229	0 325 0
2230	BA4210E3-CECC-9F51-04F5-BA03C0328B02
2231	9C4362C2-3F1F-9FBC-AB26-4F6606684BA6
2232	0 277 0
2233	-1142.85 -528.075 263.997
2234	scriptable_deco_dish_ornate_plate_02
2235	pf18e712ec98140fc8_auto2108
2236	13F28335-D638-11EC-8E22-68545A91F9AF
2237	F4014059-8F32-931D-D55E-A530E3FCCB74
2238	59A9AF4A-66AA-ECE0-1C89-8436D60990CF
2239	20C26C92-662E-F435-3166-644D7CA0A356
2240	3D3BFD9B-B98B-815B-4D8A-7C814DB6A342
2241	EB714A28-D45E-B3BD-6208-5A73C090B0DA
2242	vfx/jup/level/mp_jup_invasion/vfx_inv_dust_fog_lg_01
2243	pf47a92b45eeb9e64e_auto2108
2244	15366891-33E3-2946-C993-3D9817504B94
2245	equip_nvg
2246	1646.65 -1435.04 259.565
2247	DC56C168-6894-EA97-DE59-B85F107D29F2
2248	-2121.5 1313.5 271.999
2249	1405.08 -1512.49 261.154
2250	235C84EB-66B2-11ED-8E58-68545A91F9AF
2251	96A405F1-1B84-FF78-321E-F568E3153B27
2252	62892CED-F996-11ED-AC33-68545AAE1653
2253	A7C623E4-CFE5-0D17-CEA3-151BCD1A0DB6
2254	F13993C4-E2B7-11EE-9016-68545ACDFBC3
2255	pfab1607fede05cbc7_auto2108
2256	0 89.9988 0
2257	partially_opening_unusable
2258	0 89.9993 0
2259	C5B7C7DE-C986-0E82-F002-E3AB28F222A0
2260	72D7560E-59D4-2888-8525-28396BBB8DEF
2261	-1148 -445.5 271.5
2262	2200.5 -648.5 323
2263	-1959.5 -1584.5 273.821
2264	pf8c80ded77099a742_auto2108
2265	F2C4414D-E7CE-F5A3-0FD1-C58A85C59E12
2266	41BBA832-FA62-11ED-AC33-68545AAE1653
2267	pfbfad94ff037feab6_auto2108
2268	1304.5 406.5 291.5
2269	EA4180AF-65F4-11ED-8E58-68545A91F9AF
2270	pfe6a0e45e277aeae9_auto2108
2271	0 99.9987 0
2272	168CB1AE-2FD2-11ED-8E3B-68545A91F9AF
2273	pfef2878185736c3ad_auto1317822742815381203
2274	6DA6199C-66AE-11ED-8E58-68545A91F9AF
2275	-2291.1 1745.82 253
2276	A8DB6514-FA64-11ED-AC33-68545AAE1653
2277	5E457B2A-EB24-11EE-95AE-68545AD2D871
2278	65C09541-26DA-8498-5394-7FDA19630E23
2279	37ED2F46-82D0-CE64-136B-18442BDE7698
2280	8ABB756C-66B7-11ED-8E58-68545A91F9AF
2281	DAE3B4D0-833E-1427-C345-3CA8ADD018F1
2282	04C2F615-65F7-11ED-8E58-68545A91F9AF
2283	scriptable_base_book_stack_03a
2284	0C824E85-E77B-11EC-8E25-68545A91F9AF
2285	15D9134C-3903-11ED-8E3F-68545AAC0192
2286	F9FCFE46-6D80-11EE-9592-68545AD2D871
2287	582709CD-1206-11EE-AC39-68545AAE1653
2288	headlight_left_dead
2289	DA31C934-AA8F-8DD5-9A99-26F132D94647
2290	E3A75CBA-F26C-15E6-48EF-7A94AFFB121A
2291	2095.19 1320.09 312
2292	pf334701f7b6bfba26_auto2108
2293	me_kitchen_coffee_bag_01
2294	pf6f451f8dade475a9_auto2108
2295	pf98b0349471d01f17_auto2108
2296	1390.21 1258.01 281.403
2297	0 224.5 0
2298	-2020.03 -861.781 288.382
2299	2756.82 278.01 304
2300	pfe98c235ea657e47e_auto2108
2301	4C69CCA8-087C-11ED-8E2A-68545A91F9AF
2302	0 135 0
2303	93CB37B7-66AF-11ED-8E58-68545A91F9AF
2304	D88CC2D2-F658-A906-8E5A-788ADCCF05C3
2305	pf31fd5eef0313bd05_auto1317822742815381203
2306	pfc5e25ffe00f00a95_auto2108
2307	2813.19 70.09 322
2308	2212.88 1163.18 312
2309	245A321B-65E7-11ED-8E58-68545A91F9AF
2310	1AC2C757-6D7C-11EE-9592-68545AD2D871
2311	448F6FE6-BC22-DA1C-E5D3-D00E4B0183C7
2312	0 290 0
2313	scriptable_food_trash_can_soda_02
2314	01D1AAE7-84E3-55FC-FADE-0CF2385990C4
2315	AEF9BE56-FA64-11ED-AC33-68545AAE1653
2316	pf1fdcaa2a286622cf_auto2108
2317	vfx/jup/level/mp_jup_invasion/vfx_inv_dust_blow_soft
2318	pf31fd5eef0313bd05_auto198
2319	F65CFEC8-7174-DD87-2892-5976BA1A85D1
2320	0 92.9997 0
2321	8D01CD0F-24D5-7B99-743C-51D76A727B73
2322	construction_hardhat_lowres_01
2323	-467.5 1843.5 269
2324	E122627D-6D80-11EE-9592-68545AD2D871
2325	B389E45D-054F-50EA-00E3-5117C40A112C
2326	CC2041DA-65EE-11ED-8E58-68545A91F9AF
2327	67661C16-1C38-F066-4F0B-E1F1629C0487
2328	64EADE1F-2FD9-11ED-8E3B-68545A91F9AF
2329	D8801AFE-CB19-5F69-4C97-F71478DC5AD2
2330	2874.5 277.5 293
2331	-2714.81 886.09 271.239
2332	ED5A7249-76BD-679E-0702-60B0844E5A40
2333	2C35E47E-B529-433A-B1EC-1350C19D8E5E
2334	0 174.999 0
2335	2206.5 -322.5 297.825
2336	pf9f7d5562b117c789_auto2108
2337	playerasm_patch_mp_infil_jltv
2338	D1FCE763-66B8-11ED-8E58-68545A91F9AF
2339	pf5b0b18fc6159023a_auto2108
2340	B1E7653A-E2BD-11EE-9016-68545ACDFBC3
2341	-2718.81 302.09 272
2342	0 270 0
2343	-790.03 -1721.78 288
2344	pfb5bde8520162b44_auto2108
2345	0 19.999 0
2346	CE2C0E8E-43A5-0D6E-C79F-F487AAF99082
2347	1941 1000 293.5
2348	1A2B9FE4-66C0-11ED-8E58-68545A91F9AF
2349	1564.5 1139.5 304
2350	-2634.81 1254.09 272
2351	pfef2878185736c3ad_auto12725924414912554403
2352	62892CEA-F996-11ED-AC33-68545AAE1653
2353	869F19A6-E2B8-11EE-9016-68545ACDFBC3
2354	64F8BCB5-1888-FD93-3A08-44BBF6145413
2355	E8229C30-66B7-11ED-8E58-68545A91F9AF
2356	9C349306-D297-3DC0-8E1F-DC468D1B617B
2357	vfx_inv_dust_blow_soft
2358	2380.52 594.458 312
2359	mp_dd_spawn_defender_start
2360	scriptable_un_office_passport_01
2361	0 279.999 0
2362	pf987bcfa1b9878ddd_k
2363	pf987bcfa1b9878ddd_u
2364	6D95643B-AC63-0432-34E8-7EADA51A9527
2365	1820.5 246.5 307.35
2366	pfb59f31654663b279_auto2108
2367	pfa342f0f64d3b2d92_auto2108
2368	2775.19 264.09 304
2369	0 114.999 0
2370	food_cans_bottles_and_jars_jar_03
2371	pf3c6371ff0870eb75_auto13110160360056907351
2372	pf2b3e1bad014cf1af_auto2108
2373	8E929C4A-3319-B6FA-01C3-709DF1B31E7E
2374	2C514E39-7D49-11EE-9595-68545AD2D871
2375	6C5E75BC-362E-D678-C72A-D234B9B62BA6
2376	pf3b729934c7cbff4f_auto2108
2377	C1E96005-65F3-11ED-8E58-68545A91F9AF
2378	31070279-D635-11EC-8E22-68545A91F9AF
2379	3167.28 -63.2179 304
2380	0FD2F053-3903-11ED-8E3F-68545AAC0192
2381	vfx/jup/level/mp_jup_invasion/vfx_inv_fire_smoke_01
2382	fingers_in_start_left_hand
2383	pfb28c91382d7c4316_auto2108
2384	2944.52 98.458 304
2385	27D9E6D2-A040-17F2-0707-DEC179235BFD
2386	7C1E8997-3546-11ED-8E3D-68545A91F9AF
2387	2364.89 570.977 312
2388	pf9628252acd4f6bd0_auto2108
2389	fire_flicker
2390	E43078A8-66B5-11ED-8E58-68545A91F9AF
2391	scriptable_me_kitchen_coffee_bag_03
2392	B2390765-8393-9BF0-32B9-ED6A1D4150B6
2393	pf88d43ee93e2f7bb3_auto2108
2394	pf3ba9bb9353bf08a2_auto2108
2395	1998.65 -1233.04 288.5
2396	C7715614-2FDE-11ED-8E3B-68545A91F9AF
2397	A896B3ED-E223-11EE-9015-68545ACDFBC3
2398	8EE45024-AD1C-39C8-A38F-95AF006F15C8
2399	mp_control_spawn_defender
2400	scriptable_tool_shop_broom
2401	5708C4D8-F0F3-EE14-0A44-4E6D0595F845
2402	1D4CFCA4-1791-EFF8-BA6C-3009163F8279
2403	destroyed
2404	BA853805-0CB7-5343-D94C-A6E6992B6361
2405	0FD2F062-3903-11ED-8E3F-68545AAC0192
2406	7DCD4D41-65F1-11ED-8E58-68545A91F9AF
2407	0 8.19977 0
2408	7C1E89A9-3546-11ED-8E3D-68545A91F9AF
2409	43809D4D-6BE8-1CE7-7560-E51BAF55647C
2410	402C00A1-F4D8-11ED-AC31-68545AAE1650
2411	95B32C4C-D635-11EC-8E22-68545A91F9AF
2412	-2407.5 487.5 264
2413	03B19F70-3903-11ED-8E3F-68545AAC0192
2414	A8DB6532-FA64-11ED-AC33-68545AAE1653
2415	13F28349-D638-11EC-8E22-68545A91F9AF
2416	pfdb0d5e3ac1b4ce44_auto2108
2417	A31784D6-D524-7318-2B86-FDFBE2BB7E3C
2418	pfe94a1bf7a441862c_auto2108
2419	056EABBD-EADE-7F6B-54C5-C0FD5799AF89
2420	0 294.998 0
2421	1892.52 410.458 308.102
2422	2328.82 -493.99 305.551
2423	06D77351-EB24-11EE-95AE-68545AD2D871
2424	F8BD1D01-C11B-0D62-DC84-52B8D5A81FD3
2425	tag_bink2
2426	2750.5 242.5 304
2427	0 154.841 0
2428	pfa3aab70c5dc814e_auto2108
2429	0 340.499 0
2430	26012931-E531-F415-A10D-C80F3E3AD10E
2431	A1BA50B4-4E4C-F742-E645-7DB438BD499B
2432	F3C2C90D-7C09-14C6-D5FA-C063243B4733
2433	07C91ADD-D635-11EC-8E22-68545A91F9AF
2434	pfc94f07bf49a8a5ed_auto2108
2435	0 198.3 0
2436	9F570B6B-7D44-11EE-9595-68545AD2D871
2437	pfe70b71ec80cef1ab_auto2108
2438	vfx/jup/killstreak/vfx_ks_emp_sparks
2439	pfea03c3fcda6c9531_auto2108
2440	pf5bd11d7cf13c440b_auto2108
2441	E3F6592D-5ED6-0F32-66D3-619096554E6C
2442	2547.32 423.42 304
2443	secure_loc_x
2444	secure_loc_f
2445	71C2D9C7-490C-F363-CF08-EF2639CC75ED
2446	07628177-51CD-CD64-5E91-07AD11B46B6E
2447	34057467-3381-1B82-C2AC-C95AB75ACF22
2448	E8229BFD-66B7-11ED-8E58-68545A91F9AF
2449	C0F51AA5-6A26-5EB9-54FC-9B682451B42D
2450	0CDBA026-86C1-65DA-337C-E1194F0FE7B7
2451	C299815B-8554-F1B3-C615-EEF77AA8498F
2452	0FD2F08F-3903-11ED-8E3F-68545AAC0192
2453	pfc70435c58fdae633_auto2108
2454	15D9131F-3903-11ED-8E3F-68545AAC0192
2455	5D869FD0-4912-8F3E-5362-83593524A1B0
2456	vfx_inv_fire_sml_car_01
2457	2676.5 1397.5 312
2458	466.53 3062.6 255.75
2459	mp_escort_spawn_attacker_secondary
2460	-2541.5 -252 272
2461	C03ABA9F-E2CB-11EE-9016-68545ACDFBC3
2462	-1751.52 164.542 272
2463	1606.5 112.5 307.921
2464	A53570AC-7DE2-98A4-2484-A93684D58091
2465	E7A5E107-6D80-11EE-9592-68545AD2D871
2466	8F782280-FB03-CCD9-6BAE-6614A77AABD8
2467	vfx/jup/level/mp_jup_invasion/vfx_inv_spark_blow_01
2468	3C0BCB67-6865-CCFE-B697-062BAB47B77E
2469	1A70DA2A-60E0-6F83-B95E-380D236F7336
2470	1536.52 706.458 302.565
2471	3F627AC1-A9EE-05B5-5863-7ADC77DD7820
2472	scriptable_uk_misc_car_parts_crate_01_empty
2473	pf539d5001e0251dff_auto2108
2474	33B4AAB5-8800-B0D7-63AC-487EDEE3EE5D
2475	0 245 0
2476	0 249 0
2477	910.886 -1185.46 270.028
2478	-2336.5 497.5 280
2479	mirror_left
2480	5EC602E7-4BC4-23FE-22EE-13050C8A05C4
2481	-2726.5 -410.5 272
2482	1259.24 1300.87 288.735
2483	92D380D3-DD76-39F6-937F-886643702BF6
2484	E8229C36-66B7-11ED-8E58-68545A91F9AF
2485	wheel_center_back_left
2486	BE8378D0-D3D2-EE79-B685-5EE4CA0E3E93
2487	0 298.743 0
2488	pf961505bdf0407eb8_auto2108
2489	door_front_right
2490	B6FF2A6C-2FDC-11ED-8E3B-68545A91F9AF
2491	1897.41 268.211 284.416
2492	left_30
2493	left_70
2494	CD3B800C-1EB9-CD15-AE4A-EC0C5D5FDC5F
2495	C84D7349-66A2-11ED-8E58-68545A91F9AF
2496	529CBA78-622A-8048-24E9-E23CB688729F
2497	A1F4D2A1-66AF-11ED-8E58-68545A91F9AF
2498	0 229 0
2499	70.5 810.5 273.449
2500	1DAF3604-04BA-11EE-AC38-68545AAE1653
2501	BAC4F875-46B7-F6F7-E315-1815DB5AB4FF
2502	D286731B-F966-2846-3D8D-6DD1C876B3E9
2503	520D860D-6F96-BABB-25F5-5065E3A7232E
2504	scriptable_me_construction_plank_bridge_a_07
2505	-2077.5 413.5 271.57
2506	scriptable_un_office_clipboard_01
2507	0 74.9988 0
2508	0 355 0
2509	3BEA488B-68B6-3120-E360-8740F5E4234F
2510	pf993cac4acfbd0726_auto2108
2511	0 219.998 0
2512	pf51ed0ea0ff8fe4f5_auto2108
2513	2640.5 -88.5 304
2514	cp_disco_bar_stool_01
2515	70A48060-D4F7-95E8-E2FA-D8D8A6C051BB
2516	pf162c18733a0c5df2_auto2108
2517	-689.5 1255.5 271.579
2518	9C5B52E3-9D70-D966-5192-8A24DD75418F
2519	368ACEE8-7342-7DE7-00E2-C76699B88786
2520	0 89.9996 0
2521	0 89.9998 0
2522	pf1a9d2af593fdac17_auto2108
2523	5C76A68D-65FA-11ED-8E58-68545A91F9AF
2524	-1477.5 -492.5 295.141
2525	EA9E877A-EDED-11EC-8E25-68545A91F9AF
2526	1945.39 -473.784 322
2527	j_wrist_le
2528	F5C8B5CB-04BC-11EE-AC38-68545AAE1653
2529	DDB83B43-66B6-11ED-8E58-68545A91F9AF
2530	91BC25A5-1EEB-6690-A8BE-60BF442C9FA5
2531	C86F8F4D-E4FA-A985-5D7A-09A05D1D3051
2532	03B19F73-3903-11ED-8E3F-68545AAC0192
2533	BDDA4D95-CA14-C036-4F87-67AE89ABDB48
2534	49FD9D01-E2BB-11EE-9016-68545ACDFBC3
2535	2396.82 -425.99 305.518
2536	6EDBDD46-61BD-B023-D55B-E52CCC155BD5
2537	mp_dd_spawn_attacker
2538	pf6e909392fd3a93ea_auto2108
2539	-1355.5 -550.5 288
2540	1935.04 1022.72 288
2541	1D1D9584-FA68-11ED-AC33-68545AAE1653
2542	7A507E79-25A9-11ED-8E30-68545AAC0192
2543	7EBCADE9-0179-DA11-499A-B672B97888F4
2544	35DE2560-66BF-11ED-8E58-68545A91F9AF
2545	3E63956B-FD32-672B-1D3B-21A59C58254B
2546	670.744 -1191.21 281.232
2547	FB9D7DB5-F5D5-2A2E-CE0C-4727500DB481
2548	pf5abe14c92522dcf1_auto2108
2549	0ACDF50C-C8C8-CFE3-8A68-6AB4348D9139
2550	FBB8691A-6494-AC3C-D142-AB6FC7CBED7E
2551	A4090A2F-B0CA-3286-46B1-9217E639DED6
2552	48BF2C56-BDB7-A727-ADD7-B660BD84F3A2
2553	paper_shredded_pile_02
2554	B0BE0E7F-C216-C221-497C-D2709BCE966C
2555	rootmodelmanager
2556	E6054608-23C7-4356-60D7-AA03AE07E43D
2557	0 296.85 0
2558	2F3994F0-0597-3F11-5BDA-73F7022BB5AF
2559	-1341.5 855.5 284
2560	53A603AC-F4D8-11ED-AC31-68545AAE1650
2561	-1887.51 -1481 273.901
2562	pf581639c27f2694e7_auto2108
2563	CA99F60D-517A-AC33-73FE-4A11F7D9116B
2564	EA9F0F0A-195E-AFCE-10A9-6DBF813B6D57
2565	914.5 -1518.5 269.979
2566	1164.72 145.496 313.128
2567	pf41217d096917c009_auto2108
2568	pf79510bea0b3dc924_auto2108
2569	AC7612C0-6EE0-C870-B897-62A929EF984F
2570	-715.5 919.5 281
2571	2950.39 1491.61 312
2572	scriptable_veh9_civ_lnd_sedan_2009
2573	2313.39 -437.784 305.564
2574	1566.5 1129.5 304
2575	7FD86BB9-66C5-11ED-8E58-68545A91F9AF
2576	mp_cyber_spawn_allies
2577	pf9cada68833180a5d_auto2108
2578	com_paintcan
2579	6317F51B-4CEC-CC98-E225-DBD91AE65D64
2580	EA1BA93A-E2B6-11EE-9016-68545ACDFBC3
2581	0 13.8639 0
2582	infil_jltv_seat_6
2583	49.5 901.5 272
2584	scriptable_food_trash_can_soda_03
2585	-2087.5 -520.5 280
2586	pfae0072a72557b49d_auto2108
2587	A988DF90-7D47-11EE-9595-68545AD2D871
2588	FEA18369-2FD9-11ED-8E3B-68545A91F9AF
2589	scriptable_box_wooden_trinket_03
2590	91B53E1F-9309-BA5B-3AE1-C7507E489425
2591	pfe503f0e565c2b7e2_auto2108
2592	F0C62E19-61AF-0FFA-F196-F8AFA8C18D01
2593	679D4B2C-E223-11EE-9015-68545ACDFBC3
2594	EA9E8788-EDED-11EC-8E25-68545A91F9AF
2595	ABDA190E-E9F0-A4F0-B1DA-B9B56A1F0B35
2596	90B8073D-4E12-22CD-8034-1164180252D1
2597	0 189 0
2598	pfd5f2820fe6cf0fd0_auto2108
2599	1374.5 1141.5 288.491
2600	kitchen_cookware_pan_01
2601	fluorescent_flicker_fast_invasion
2602	F40F1532-FB7A-FBDD-311F-DF6843822CAC
2603	C25848A7-7D44-11EE-9595-68545AD2D871
2604	0 323 0
2605	-2071.82 -535.006 272
2606	0 198.998 0
2607	scriptable_trash_bag_04
2608	06C7F769-04C0-11EE-AC38-68545AAE1653
2609	A8DB650F-FA64-11ED-AC33-68545AAE1653
2610	57A0F05B-0FB0-4559-D51D-D5256E36F076
2611	D1FCE766-66B8-11ED-8E58-68545A91F9AF
2612	1256.49 1883 265.136
2613	pf6a80f4d4dcbbec96_auto2108
2614	94009349-FD4E-4EBC-6837-9BB93F922A60
2615	scriptable_ee_clock_wall_mounted_modern_06
2616	2677.5 339.5 299.711
2617	-2691.5 887.5 279.408
2618	pf2582cc4fa75f72f8_auto2108
2619	pfe767fa97b2100b33_auto2108
2620	EA4180BD-65F4-11ED-8E58-68545A91F9AF
2621	6B0E59BF-1760-EEF5-37D3-7A7FC4977039
2622	pf987bcfa1b9878ddd_t
2623	-2003.5 -952.5 280.96
2624	2143.06 1637.58 312
2625	mp_tdm_spawn_secondary
2626	05DC6FEE-4F8E-A401-1C90-F980B5A537FF
2627	0 342.999 0
2628	-2645.5 -444.5 272
2629	pff3128701f4e90bbe_auto2108
2630	electrical_conduit_set_electrical_meter_large_02
2631	2067.19 1512.09 299.83
2632	7C0BBF78-B76B-DDAB-5BEB-F207CB8BE334
2633	15D91346-3903-11ED-8E3F-68545AAC0192
2634	123737B5-F0E5-9D81-0031-4CAA765D0816
2635	-2197.24 -106.664 280
2636	0 94.9998 0
2637	0 159.999 0
2638	-2723.5 -342.5 272
2639	-2322.67 -672.411 272
2640	8FEB45FF-FA68-11ED-AC33-68545AAE1653
2641	FE806A09-EDED-11EC-8E25-68545A91F9AF
2642	21D1BD16-B849-D8AD-1862-36C8D0504B0A
2643	A53B772F-7D49-11EE-9595-68545AD2D871
2644	B7FAB6B6-D363-DF2C-7A46-0926F2BDE984
2645	7EBBE5B1-C5E6-3E60-E581-79357A320D80
2646	AA72AEF1-DD6E-F016-01FA-CF261A8A8F4F
2647	-1767.5 1691.5 269
2648	scriptable_ee_tableware_decor_item_e
2649	0 134.998 0
2650	2073.22 962.954 296
2651	pf84f44c719617e422_auto2108
2652	E7A5E111-6D80-11EE-9592-68545AD2D871
2653	-1503.5 1799.5 260
2654	-1701.5 30.5 272
2655	2757.19 234.09 304
2656	pf3bf3658e7c4d1ed9_auto2108
2657	-2727.5 -410.5 272
2658	D45E2A47-6D80-11EE-9592-68545AD2D871
2659	E8229BF1-66B7-11ED-8E58-68545A91F9AF
2660	E954B938-7CB6-F542-3228-70EB1E1F1F25
2661	scriptable_door_industrial_metal_mp_01
2662	0 119.999 0
2663	36FF7B97-D635-11EC-8E22-68545A91F9AF
2664	2450.18 704.893 296
2665	tag_light_back_right
2666	-1342.7 -1548.93 296
2667	B14DAE99-F14B-F903-0214-B1D9EC3ECD2B
2668	2134AD8A-E2CF-11EE-9016-68545ACDFBC3
2669	scriptable_base_book_stack_01b
2670	B9A4E8D4-E2CE-11EE-9016-68545ACDFBC3
2671	CB11940A-06CC-2328-71D2-8E402AF95604
2672	F074BEDD-04AF-11EE-AC38-68545AAE1653
2673	mp_dd_spawn_defender_a
2674	-2301.5 -750.5 280
2675	-2558.43 -489.7 380
2676	pf8e1464f01a233c79_auto2108
2677	scriptable_food_trash_bottle_water2_sixpack
2678	2696.82 214.01 304
2679	AA30846B-5672-D697-E083-AB87FB6D9121
2680	pfe7cdd72f6a4b48ff_auto2108
2681	4F8994C6-2FD3-11ED-8E3B-68545A91F9AF
2682	710B1CF9-2FDE-11ED-8E3B-68545A91F9AF
2683	-85.5 -918.5 286.326
2684	pf8a02032883c25661_auto4
2685	-2320.67 -416.411 263.015
2686	B9E68851-973A-E1E5-2844-68F0EC9D678F
2687	pf2e45654b53f836c4_auto2108
2688	-2502.46 1487.52 272
2689	A2745D30-E49D-BAE5-98C2-013E5D93381A
2690	C28F7618-89AE-695B-218A-77A56ABFC08D
2691	F8119C2F-66B0-11ED-8E58-68545A91F9AF
2692	me_kitchen_coffee_bag_02
2693	3C9ECA2F-3902-11ED-8E3F-68545AAC0192
2694	pfc1ffd6af0307f976_auto2108
2695	-2723.5 -278.5 272
2696	0 130 0
2697	FED8C83A-FB88-DA51-A0A8-2CCEBEE546A0
2698	-2614.46 1259.52 271.231
2699	D1FCE76F-66B8-11ED-8E58-68545A91F9AF
2700	EA27ABA3-D635-11EC-8E22-68545A91F9AF
2701	B23557BB-8478-76A7-DFC6-82A23035DAA9
2702	0 313.999 0
2703	566CCF81-2720-0D07-FB9E-DE168356D9B7
2704	0 288 0
2705	0FCF6557-FA68-11ED-AC33-68545AAE1653
2706	F6C622AB-4990-7408-ECC3-75EC391B5834
2707	15FD38E0-6A3A-B836-6061-EF2C62D718E2
2708	AB65325C-D636-11EC-8E22-68545A91F9AF
2709	red::scriptable_door_modern_hotel_01_mp
2710	D7886EF9-7C60-5D54-9241-3C54E993D282
2711	scriptable_box_wooden_trinket_01
2712	-2729.5 -540.5 272
2713	-2725.5 -344.5 272
2714	-1355.11 -757.023 280
2715	0 238.999 0
2716	2242.5 1582.5 312
2717	2756.52 742.458 304
2718	F27A5B9D-0D7F-14CC-23B3-A6DD6A334026
2719	B07FABD3-66C2-11ED-8E58-68545A91F9AF
2720	C1228435-E219-11EE-9015-68545ACDFBC3
2721	none
2722	taillight_right_dead
2723	112194D9-7220-E47E-3F11-11D2205641C5
2724	C3AC5A1C-B07B-A443-8A51-2F80521E84EF
2725	mp_dd_spawn_attacker_a
2726	58453D4C-7DB8-0541-EC29-9BBEEDCD7201
2727	0 42.6824 0
2728	0 275 0
2729	traverse
2730	-338.467 710.84 280
2731	2033.08 -1244.49 288.5
2732	2175.19 1428.09 299.83
2733	0E515938-7255-14EE-C10A-50CFFFA79F68
2734	nav_door
2735	C797F633-6D80-11EE-9592-68545AD2D871
2736	1663.4 -1439.41 261.046
2737	yellow::veh9_civ_lnd_sedan_hatchback_1985
2738	-2727.5 -474.5 272
2739	A89D05B8-04D0-11EE-AC38-68545AAE1653
2740	74E1EDB4-3546-11ED-8E3D-68545A91F9AF
2741	1974.5 521.5 304
2742	scriptable_misc_computer_mouse_black_01
2743	B44FAD73-66AD-11ED-8E58-68545A91F9AF
2744	EE8D78C2-65F1-11ED-8E58-68545A91F9AF
2745	DBE9ECEF-70D6-9E99-0F79-EE30E376031B
2746	pfad360e9bb7a03602_auto2108
2747	2109.5 1337.5 312
2748	pf480c3bcd8be226fc_auto2108
2749	159B4B51-04D0-11EE-AC38-68545AAE1653
2750	-2398.81 494.09 280
2751	pf987bcfa1b9878ddd_2
2752	pf987bcfa1b9878ddd_h
2753	9099A924-41C3-0AE7-BF4B-1D0CD4ED9380
2754	C7B2BE10-E2BE-11EE-9016-68545ACDFBC3
2755	-1553.5 937.5 280
2756	pf87a08851a3fefd1c_auto2108
2757	D1FCE733-66B8-11ED-8E58-68545A91F9AF
2758	F82C5B0B-89E1-CF60-12D1-7F665AAC1925
2759	black::veh9_civ_lnd_suv_2001
2760	0 114.998 0
2761	brown::veh9_civ_lnd_sedan_2009
2762	1DF1C2A6-FC86-2F64-4B16-CDE29829D10A
2763	0 281.092 0
2764	1876.95 -402.97 322
2765	19C154EF-8C2D-A742-E1EE-00360315027B
2766	845.084 -328.05 280
2767	0699372C-E2B8-11EE-9016-68545ACDFBC3
2768	light_back_left
2769	2B2089B7-66B6-11ED-8E58-68545A91F9AF
2770	5DBB9919-2FD9-11ED-8E3B-68545A91F9AF
2771	0BB1295B-4554-9F51-73F1-2BEC93AAD5B5
2772	5A33FAAB-F996-11ED-AC33-68545AAE1653
2773	E8229BDF-66B7-11ED-8E58-68545A91F9AF
2774	15D9132E-3903-11ED-8E3F-68545AAC0192
2775	0 105.999 0
2776	E2AB71BD-C4D0-4502-B59B-ECC482B83188
2777	vfx/jup/level/mp_jup_invasion/vfx_inv_smoke_column_lrg
2778	anim_explosion_complete
2779	2580.5 914 304
2780	pf66feec063fc9e5b4_auto2108
2781	pfef2878185736c3ad_auto17547806704253822575
2782	27927306-2FD9-11ED-8E3B-68545A91F9AF
2783	-1803.5 -340.5 280
2784	-2645.5 -380.5 272
2785	3C1B374F-475F-3AC8-BBC1-1789B9A83973
2786	C797F63D-6D80-11EE-9592-68545AD2D871
2787	67432041-D1EA-73A1-A96D-3C72DA21CEA9
2788	2721.93 447.616 304
2789	978DEE2F-4492-FD83-083B-DB986686884C
2790	f_2
2791	F456CCE9-D633-11EC-8E22-68545A91F9AF
2792	EBFC9D29-A39E-0DD2-4206-2AF7183A3A28
2793	757D59DB-8D2A-27BA-E5D1-EF0696EE9CAC
2794	-1923.5 -1475.5 281.84
2795	DE2DA3CD-5F59-FA3E-99CF-5D9F597CE58F
2796	90CA7B63-657A-527A-077B-616B64537848
2797	1492E32A-3463-5AA3-87A0-A6A64A3C9569
2798	9C1340AC-EB23-11EE-95AE-68545AD2D871
2799	6DA61999-66AE-11ED-8E58-68545A91F9AF
2800	0 259.997 0
2801	-1751.5 1707.5 269
2802	6C00B5D9-1FB4-D148-79F1-BC5092E36E92
2803	2916.61 1412.25 296
2804	-2685.5 -292.5 272
2805	610.75 3002.68 269.185
2806	prefabs/createfx/mp_sealion/misc_models/veh8_ind_lnd_buniform_static_cfx.map
2807	01F96E21-F93D-09CE-76CA-56E04D98DA94
2808	1897.77 675.798 312
2809	1863.47 415.505 307.97
2810	bash_right_90
2811	1FF31C8A-E2B7-11EE-9016-68545ACDFBC3
2812	pf50dacf696c250332_auto2108
2813	-2732.81 1104.09 271.239
2814	2602.28 -106.664 309.869
2815	F1E7D1CC-2FDC-11ED-8E3B-68545A91F9AF
2816	2243.54 1584.47 312
2817	-2482.94 310.021 274.032
2818	-2324.03 -427.781 278.492
2819	pf571fb65165001333_auto2108
2820	D1FCE736-66B8-11ED-8E58-68545A91F9AF
2821	B5B92876-1D74-DE73-AE48-4E1493254648
2822	73490C56-8A74-9C2F-30F4-4A04EE0BB58E
2823	2068.95 -641.909 306
2824	scriptable_base_book_group_02a
2825	1916.51 371.131 292.416
2826	2397.19 1350.09 312
2827	-1623.82 1608.99 276
2828	-2535.5 511.5 280
2829	414BFBF2-2FD2-11ED-8E3B-68545A91F9AF
2830	jup_infil_blima_step
2831	0FD2F095-3903-11ED-8E3F-68545AAC0192
2832	35DE254E-66BF-11ED-8E58-68545A91F9AF
2833	pf10c77448e3206ef5_auto2108
2834	-2072.05 -528.87 272
2835	B284011C-04AF-11EE-AC38-68545AAE1653
2836	6F6BD1BB-66B0-11ED-8E58-68545A91F9AF
2837	A9D868CB-09C9-7707-7BF0-4CEE44363ED5
2838	0 94.9979 0
2839	-1925.43 -1582.97 273.728
2840	1892.49 675 312
2841	secure_loc_t
2842	-2687.51 166.997 272
2843	70AF6F15-62F9-33F8-D9AD-97C09C1CC101
2844	scriptable_container_paint_can_01
2845	A8DB6505-FA64-11ED-AC33-68545AAE1653
2846	F8691598-65EA-11ED-8E58-68545A91F9AF
2847	E956FDC1-4806-4796-E6C3-5A369AD3FAA5
2848	2379.19 1616.09 299.83
2849	A311C17F-66B0-11ED-8E58-68545A91F9AF
2850	closed_usable
2851	EFD58B72-CE26-0D4D-FB27-554D86BA527D
2852	04181B85-AF59-E812-CE69-3941474BB341
2853	0 189.999 0
2854	3FF2C6D2-ED52-E5EB-FD74-9C869A7673AC
2855	9C0525E4-2CE9-7612-E04A-45C2A4B6DB6B
2856	0FD2F09E-3903-11ED-8E3F-68545AAC0192
2857	AAC25CB9-25A9-11ED-8E30-68545AAC0192
2858	-1139.5 -1298.5 296.059
2859	F9FCFE3C-6D80-11EE-9592-68545AD2D871
2860	secure_loc_a_z
2861	817.916 -296.95 274.022
2862	pff561cabebb744e78_auto2108
2863	35DE2554-66BF-11ED-8E58-68545A91F9AF
2864	-2519.5 -400.5 280
2865	2274.95 1243.79 312
2866	5D60281D-7E8C-EC9E-F225-C4C9B332271F
2867	0FD2F0A1-3903-11ED-8E3F-68545AAC0192
2868	B5E88043-4EF0-69CD-5AA6-99F9E5B9E339
2869	C72286BE-E2CB-11EE-9016-68545ACDFBC3
2870	0B71BB49-B9A7-A842-B25B-F653B8B8AC49
2871	2360.49 -509 305.51
2872	-1829.75 -168.233 264
2873	fire_flicker_medium
2874	pfa2ea76b928e71297_auto2108
2875	pf54f492191060441f_auto2108
2876	DAD84613-6D80-11EE-9592-68545AD2D871
2877	30536018-F948-8973-93FA-5BD9E2F3332F
2878	BF04985F-30C0-0BB8-95F3-6ECB926BB926
2879	2325001B-1F19-8D80-5136-CDEB2C857997
2880	0FD2F068-3903-11ED-8E3F-68545AAC0192
2881	-2613.5 -78.5 280
2882	853.18 -177.074 272.462
2883	1DE05D72-2723-35A5-4177-EE35EFC94D5D
2884	AB8B20A7-F9E0-4365-4AF6-E3ECF8008BCD
2885	0 333 0
2886	15D70D05-D634-11EC-8E22-68545A91F9AF
2887	1640.51 -24 308.482
2888	A43854E4-B358-52A3-609C-8D21AE7EDC48
2889	E4C6E867-EB23-11EE-95AE-68545AD2D871
2890	1762.5 781.5 304
2891	4542C973-3315-5F0C-9CB7-280E2D0FB688
2892	0 302 0
2893	0 308 0
2894	D5F7A303-E2B7-11EE-9016-68545ACDFBC3
2895	7614F6E9-0537-426F-99B5-C6724734A42B
2896	70815BC4-28A3-8C2D-B57B-E79A61DA2D35
2897	ik_in_end_right_hand
2898	pf8ffc3cf6b93f489d_auto2108
2899	0 9.49959 0
2900	9F1BCDF7-2963-11ED-8E35-68545A91F9AF
2901	D45E2A33-6D80-11EE-9592-68545AD2D871
2902	left_50
2903	left_90
2904	1AB6E96B-7D45-11EE-9595-68545AD2D871
2905	7554B453-2FD2-11ED-8E3B-68545A91F9AF
2906	-680.16 668.467 286
2907	0 59.999 0
2908	912.5 -1516.5 270.15
2909	83D19F4A-CA2A-CE40-0692-0140F185438E
2910	0 344 0
2911	1614.49 645.522 304.276
2912	-1168.5 349.5 271
2913	E8229C09-66B7-11ED-8E58-68545A91F9AF
2914	A7F6E3C2-66B5-11ED-8E58-68545A91F9AF
2915	B7EA8FC6-CA98-2C5F-8955-C6CCA95B6554
2916	BECC5092-35C7-DFB9-EB10-B55E677E3A40
2917	vfx_inv_fire_lrg_02
2918	F684FA42-0B1D-DE4E-97AC-69F378FD72DF
2919	C41066E7-7FB0-4EE2-208B-593ECB35D98C
2920	-1760.91 1666.81 269
2921	DB70D06C-8894-D9BE-8952-F1DEC82C4469
2922	B41CD33E-F0E4-3708-E78F-F8C934BC6473
2923	398223DC-9DAC-BC2B-599C-13CC27FC6B4F
2924	AE315D87-E219-11EE-9015-68545ACDFBC3
2925	398DED29-EB24-11EE-95AE-68545AD2D871
2926	scriptable_veh9_civ_lnd_sedan_hatchback_1985
2927	CD6C2FD7-66B5-11ED-8E58-68545A91F9AF
2928	AE97C2B1-66AC-11ED-8E58-68545A91F9AF
2929	phone_sfx
2930	1865.19 -361.91 322
2931	1894.5 675.5 312
2932	9605D9BF-EB23-11EE-95AE-68545AD2D871
2933	1397.64 -1211.6 270.357
2934	03B19F5E-3903-11ED-8E3F-68545AAC0192
2935	1FC9C082-56B0-FBA5-3F03-E2CB38EAD660
2936	-1019.5 -636.5 280
2937	3060.35 1301.44 312
2938	AEF9BE60-FA64-11ED-AC33-68545AAE1653
2939	84516737-1367-F44C-D15E-954BFFAE4831
2940	F1C73579-E2CC-11EE-9016-68545ACDFBC3
2941	mp_control_spawn_attacker_start
2942	B07FABD9-66C2-11ED-8E58-68545A91F9AF
2943	pf5461afece09fd61a_auto2108
2944	scriptable_ee_book_office_folder_pile_02
2945	1735.64 -1395.6 262.504
2946	131E8059-CF3F-BFC5-99B3-117F99789CDE
2947	pf82ea648effe0cb71_auto2108
2948	pf8e9d299979c26f90_auto2108
2949	pfa7c01a55e3da8c0b_auto2108
2950	013522A3-5BAE-0491-B3DD-35D5D9468EE1
2951	pf77c8edb71b50b912_auto2108
2952	5EF2E03C-1206-11EE-AC39-68545AAE1653
2953	-2424.59 -429.589 268.108
2954	1788.51 -256 305.161
2955	910.594 -1514.66 269.911
2956	EA6E5A88-04BF-11EE-AC38-68545AAE1653
2957	3C21E8AA-37C6-3220-19D4-8C66026E808B
2958	pf979b2ff0274eb3ad_auto2108
2959	50FEE311-E224-11EE-9015-68545ACDFBC3
2960	scriptable_scriptable_door_wooden_panel_03_painted_mp
2961	1965.66 574.8 304
2962	780.49 963 284.563
2963	D45E2A2E-6D80-11EE-9592-68545AD2D871
2964	2735.5 853.203 296
2965	1DA2A348-8BFA-A96E-309C-63C8D2159D86
2966	-1280.06 -159.091 284
2967	scriptable_paper_shredded_pile_02
2968	F1203019-8955-0C81-4301-8A8E1A13A761
2969	F73035EE-E923-9C9B-FDF5-9F5406DD5E14
2970	pfc07254d737927a42_auto2108
2971	1922.5 1185.5 304
2972	3010.5 700.5 302.732
2973	pf5e9f9868d3f763f8_auto2108
2974	5374E654-F996-11ED-AC33-68545AAE1653
2975	758EF7FE-2FD9-11ED-8E3B-68545A91F9AF
2976	0FD2F05F-3903-11ED-8E3F-68545AAC0192
2977	912.51 -1460 268.457
2978	1DF8745D-2AB9-3167-C891-2C741590AFAB
2979	685C5C5C-F4BD-5A89-994E-80195B90D2FD
2980	7E2B0FB6-2962-11ED-8E35-68545A91F9AF
2981	scriptable_un_office_binder_set_01
2982	0 125 0
2983	pf2dd3fbfe78c5dbc9_auto2108
2984	02D79154-0BD2-4443-8D12-D0C514075AB0
2985	pf891ba48caaaa4348_auto2108
2986	pf9006af2536072968_auto4
2987	window_front_left
2988	5B88F28C-B09F-A7C5-6E2D-6B37D8DCE4E1
2989	6DA619B1-66AE-11ED-8E58-68545A91F9AF
2990	B5D2D077-EB23-11EE-95AE-68545AD2D871
2991	pffde8ef5eeaae4199_auto2108
2992	BD8BA66A-BDC4-6228-AAC1-68964AC35FB4
2993	85CD4DED-65F4-11ED-8E58-68545A91F9AF
2994	84213002-3546-11ED-8E3D-68545A91F9AF
2995	6E1246B2-6B3D-4D90-CA5A-E0BF72625724
2996	0 14.9996 0
2997	6450BE03-17B2-EC5E-6974-DE85B61D6F8B
2998	pf8e6026e8663fbc6c_auto2108
2999	-483.52 -1607.46 290.313
3000	pfc15f884801ed12e0_auto2108
3001	9FB912B9-2FD2-11ED-8E3B-68545A91F9AF
3002	escort_vis_02
3003	0 284 0
3004	0 319.999 0
3005	0 319.997 0
3006	13F282FE-D638-11EC-8E22-68545A91F9AF
3007	-575.5 -740.5 282
3008	-2080.82 -529.173 272
3009	0 224.77 0
3010	C11E52CF-E2BA-11EE-9016-68545ACDFBC3
3011	49716420-F1B7-0DAF-69F3-9DF1E1CC29A4
3012	3C9ECA1A-3902-11ED-8E3F-68545AAC0192
3013	0 79.998 0
3014	D1E58929-3113-7222-B496-7052E1B36E8E
3015	12F10495-4C38-6B58-68F3-03479745CD86
3016	pffc375288bfa70cb_auto2108
3017	CA186B2F-3063-2DF1-604A-90EAECD0ACC7
3018	235C84E8-66B2-11ED-8E58-68545A91F9AF
3019	2991.75 52.4299 288
3020	C3B95135-60D8-9FE8-AA0F-EFA0D113E8AB
3021	321A89C5-DC9E-3AA4-6926-C033D947E4D9
3022	648FD1B8-9169-F7B2-68E9-4AC3FE49D6D4
3023	-2759.5 5.5 272
3024	235A0D6D-D634-11EC-8E22-68545A91F9AF
3025	bink2
3026	52AA7847-B123-8172-F755-B5E8A08BEA45
3027	pf28ffc0fed87897f6_auto2108
3028	2209.5 512.5 304
3029	A0B2D6C5-7857-E7A5-5E83-B63D2594287E
3030	35DE2551-66BF-11ED-8E58-68545A91F9AF
3031	362B95C0-AC6B-F7AE-C99C-F75485C7D5F3
3032	hide
3033	2D084DC0-C7AD-B8D3-21CD-40F0D7DBB448
3034	2BA95047-FA14-D69C-F767-230E5974D0AD
3035	pf3ca47efa2acf4012_auto2108
3036	2111.9 1342.73 312
3037	D0CA6AE6-E21A-11EE-9015-68545ACDFBC3
3038	D8546AF6-D633-11EC-8E22-68545A91F9AF
3039	E58B4B2A-9281-6FDB-ED3A-726D55203ECD
3040	1566.5 1145.5 304
3041	9CA9665D-04D0-11EE-AC38-68545AAE1653
3042	pf6c87f313b82934d6_auto2108
3043	63D50674-66C0-11ED-8E58-68545A91F9AF
3044	-1342.92 -1552.49 296
3045	infil_blima_1
3046	94ACE27A-FA64-11ED-AC33-68545AAE1653
3047	519AC60A-0C4D-96ED-6D4C-BE1BD34112E2
3048	0 344.999 0
3049	ps_dst_cash_register_partial_open
3050	pf987bcfa1b9878ddd_r
3051	pf987bcfa1b9878ddd_4
3052	CE3147DE-6D80-11EE-9592-68545AD2D871
3053	pfa1b572928084aefb_auto2108
3054	black::veh9_civ_lnd_suv_1996
3055	B26194C3-2D37-3B67-1809-2DB6918F87ED
3056	0 180.724 0
3057	-2756.5 955 267
3058	2E1636E9-044C-45BF-F461-276CF9449A74
3059	-2334.46 1127.52 274
3060	pf3a75e8b749ec36a4_auto2108
3061	B07FAB8E-66C2-11ED-8E58-68545A91F9AF
3062	taillights_dead
3063	ACC799D9-E2CE-11EE-9016-68545ACDFBC3
3064	pffe9ead4627e748f8_auto9
3065	CE3147BB-6D80-11EE-9592-68545AD2D871
3066	pfef2878185736c3ad_auto9361906952155054808
3067	868AF29C-3BF0-AA45-2DA0-2EACC79BFE0B
3068	pfa566c253aa122ef8_auto13110160360056907351
3069	pf987bcfa1b9878ddd_auto9394980077748753082
3070	0 89.9999 0
3071	0 89.9995 0
3072	AA7474E0-E2CB-11EE-9016-68545ACDFBC3
3073	BE93108A-2BB5-E17D-AECB-839658BF7272
3074	6822AF5C-8D54-913E-FBA5-A1DEEFE35B9A
3075	-1759.74 1696.93 269
3076	58A59D9D-DA37-4077-4C02-D8DDBB362991
3077	3C51C11C-D789-E981-A0D2-11DE67CE4CF0
3078	container_espresso_cup_01
3079	FF4F4C9F-B071-4C01-01A3-91D140511C01
3080	8B2D06F7-9366-B21B-725B-AAF11A398B17
3081	53D2916A-4D39-D14C-8570-CCD852F15BA4
3082	off
3083	1BA49CC2-9AD1-0D58-EEFA-A44260D4E645
3084	63D50659-66C0-11ED-8E58-68545A91F9AF
3085	scriptable_furniture_pillow_01_pattern_01
3086	38047229-2739-5C6F-10F9-E63C2B483F29
3087	D4CA6DE6-8ABB-3819-A8B2-F3897C292AB9
3088	A494BDBA-794A-B6EC-9561-A816EEA57A93
3089	2387.19 1372.09 299.83
3090	jup_infil_shared_movement_post
3091	512B4862-1291-8DE8-19B0-E4171994ED08
3092	2040.97 1504.93 296
3093	4608245D-A5B7-1F04-0545-B41BAF633E5D
3094	2C7E58D3-BDCD-ECBA-F81B-9719873A8A3B
3095	un_office_clipboard_01
3096	A3DE54FE-876D-0A17-8C0B-2FDA67ACFE20
3097	-2641.5 -184.5 272
3098	A19DD5C5-4AB9-39DC-FDE2-8E98D9D9946B
3099	1558.5 1551.5 273.242
3100	un_office_computer_monitor_01
3101	food_beer_can_single_01
3102	3E00F69B-66A9-2FBE-DDC4-9C8C70CEBA2E
3103	2182.5 1127.5 304
3104	-2641.5 -504.5 272
3105	pff4632a7e1d9eb128_auto2108
3106	pfde9ca460604add21_auto2108
3107	8AC63D27-8E4D-4C49-CAEF-175C242EFB48
3108	0BDE582D-C5A6-B7CB-D34B-997DA35D3ED1
3109	back_left
3110	-1963.11 -1437.02 273.843
3111	A79B0F1C-756D-E74E-3503-E58D51240C10
3112	9D153446-6D7D-11EE-9592-68545AD2D871
3113	C083AB0E-A7A8-59ED-46B1-C9137A5914F5
3114	D1FCE778-66B8-11ED-8E58-68545A91F9AF
3115	CD7E7F93-647D-66D0-343C-72DD0D0A0DAD
3116	5AA3723C-3BCB-FCC1-F05D-B54EBDEE48EE
3117	0 179 0
3118	jup_infil_blima_rope_fall_left
3119	trash_bag_01
3120	-799.5 1683.5 269
3121	2CA75BC9-E223-11EE-9015-68545ACDFBC3
3122	74E1ED9F-3546-11ED-8E3D-68545A91F9AF
3123	B07FABB2-66C2-11ED-8E58-68545A91F9AF
3124	714.05 1107.21 278.508
3125	0C824E7F-E77B-11EC-8E25-68545A91F9AF
3126	-2649.5 -256.5 272
3127	7ADD69EC-65ED-11ED-8E58-68545A91F9AF
3128	D8546AFC-D633-11EC-8E22-68545A91F9AF
3129	0 145.157 0
3130	054B656D-CCA5-0699-764C-3E01B453DF79
3131	36FAA222-38D7-6649-CB34-384944ABBE0C
3132	window_front_right
3133	1216.51 -856 279.281
3134	infil_jltv_seat_1
3135	63D50662-66C0-11ED-8E58-68545A91F9AF
3136	pf9c54b3dd22f1b258_auto2108
3137	19A28418-E8E2-7BCE-896C-FBF264A1D8B0
3138	food_trash_bottle_juice_01
3139	-2772 301 261.5
3140	2660.49 763.522 304
3141	pfddefcfea19ed881e_auto4
3142	escort_vis_03
3143	36E63226-6233-C159-6883-26F214F6F8E5
3144	0 319.998 0
3145	A772113E-DDEF-46E0-45D6-C9B67144EBD4
3146	4E0FEBB0-BC61-CEE7-A4C6-323E7BCD9579
3147	pf419270cbb997b0a4_auto2108
3148	0 160.998 0
3149	6E91E456-E2BC-11EE-9016-68545ACDFBC3
3150	pfd3c3dba0d4f0bc54_auto2108
3151	F4714176-95F3-BF73-6A01-D72D5B63A3FC
3152	D45E2A42-6D80-11EE-9592-68545AD2D871
3153	pfef2878185736c3ad_auto7148050091855874934
3154	0 63.9999 0
3155	2147.54 1644.47 312
3156	0 49.9997 0
3157	F415C1CA-CA81-765E-D62C-F8A2FEDE82C0
3158	-1758.91 1668.81 269
3159	86852165-2962-11ED-8E35-68545A91F9AF
3160	1AD10590-65F9-11ED-8E58-68545A91F9AF
3161	08863BDA-4ADD-246D-528A-75A88F8B53B5
3162	-2643.5 -186.5 272
3163	EAB8820C-DBE6-80FE-453E-3C8B77679964
3164	095C5435-27B7-E2C6-F27C-31A8FE6C6C61
3165	-2109.5 -10.5 280
3166	scriptable_me_electrical_box_small_01
3167	2124.5 1611.5 298
3168	scriptable_hardpoint_chevron
3169	bink3
3170	0 320 0
3171	-2699.82 144.994 272
3172	-1508.5 602.5 273
3173	1998.5 -1250.5 289.338
3174	-2527.52 -675.458 272
3175	4765D4F9-3708-8708-9504-8EF051BFFC72
3176	99A9F5C8-E2B8-11EE-9016-68545ACDFBC3
3177	79AA519C-9044-C849-BD95-C53F3CD33BCF
3178	C7715605-2FDE-11ED-8E3B-68545A91F9AF
3179	2972.89 1134.98 312
3180	pf77ff7aefe1161df9_auto2108
3181	2A5D7888-E185-5D53-58C5-ADCE43CF0767
3182	26F3A9A6-2FDA-11ED-8E3B-68545A91F9AF
3183	63D5064D-66C0-11ED-8E58-68545A91F9AF
3184	1684.52 -25.5416 308.084
3185	vfx/jup/level/mp_jup_invasion/vfx_inv_dust_fog_lg_02
3186	pff397f899c8d12b1_auto2108
3187	pf987bcfa1b9878ddd_s
3188	pf987bcfa1b9878ddd_5
3189	7C1E89B8-3546-11ED-8E3D-68545A91F9AF
3190	pf5604b990d2881daa_auto2108
3191	458D7EAB-6B8B-5E94-1EE4-04EF4095D7C4
3192	9FF01D05-66C1-11ED-8E58-68545A91F9AF
3193	pf76961e1372a1623b_auto9
3194	120A2B1E-FBB9-835A-9BEF-6BB75C883CBD
3195	scriptable_electrical_conduit_set_electrical_meter_large_01
3196	1762.52 776.458 304
3197	accessory_plant_pot_fake_2
3198	35DE2569-66BF-11ED-8E58-68545A91F9AF
3199	9E3722B5-9E18-A015-E4AE-C3EA2D21E441
3200	pfa377369091e8487f_auto2108
3201	E8229C12-66B7-11ED-8E58-68545A91F9AF
3202	8DD3E88D-8755-6B13-D97F-1EBC2FC3BCFB
3203	4FC6B485-6D7D-11EE-9592-68545AD2D871
3204	-2351.93 -89.2492 280
3205	CCC8DE4F-E2BD-11EE-9016-68545ACDFBC3
3206	8EA41FFB-EB24-11EE-95AE-68545AD2D871
3207	scriptable_food_cans_bottles_and_jars_jar_03
3208	vfx/jup/level/mp_jup_invasion/vfx_inv_smoke_column_vista
3209	0 287.088 0
3210	un_office_desk_phone_01
3211	pf14660df825938ce_auto2108
3212	B557E838-7D4B-11EE-9595-68545AD2D871
3213	0 29.9991 0
3214	scriptable_decor_framed_picture_family_photo_04
3215	3C9ECA2C-3902-11ED-8E3F-68545AAC0192
3216	-2086.45 436.163 280
3217	0 172.898 0
3218	41BBA852-FA62-11ED-AC33-68545AAE1653
3219	pfceb8aa2f470c4686_auto2108
3220	-2066.62 -633.956 272
3221	1762.5 785.5 304
3222	1394.5 1261.5 280.491
3223	172A99BD-5C07-3DC3-0261-86C59E3DF53D
3224	1256.71 1301.6 288.581
3225	1204DE5E-9554-7815-3AE7-2D4E416223E7
3226	8141C4F1-F08E-7C5A-C2A5-16DC15EEC064
3227	8F0D4B09-877C-FDDB-3783-87A7C8CD59BC
3228	0 224.933 0
3229	4732ADE7-F4D8-11ED-AC31-68545AAE1650
3230	pf403f342dd62c9caf_auto2108
3231	0 275.999 0
3232	-851.82 1204.99 271.443
3233	9A329225-6E1D-5229-5197-CE4E508311C8
3234	0 9.99965 0
3235	-1463.5 261.5 273.625
3236	jump_up_80
3237	jump_up_40
3238	C4AE822E-04D0-11EE-AC38-68545AAE1653
3239	pf7bd8527a722157d8_auto2108
3240	383BEF6A-1BD0-05CC-F9D3-CB3E6423F2B3
3241	AD92F83D-65EB-11ED-8E58-68545A91F9AF
3242	827FCC92-7D47-11EE-9595-68545AD2D871
3243	8A0B6740-66AD-11ED-8E58-68545A91F9AF
3244	2944.5 623.5 304
3245	8BD9E38A-50EA-8D29-4A51-E0875C6CDE13
3246	860.51 -760 283.266
3247	645C1FAD-B2CA-FA69-14D0-33A054943C74
3248	mp_rugby_spawn_axis
3249	-2117.5 1025.5 274
3250	0 89.9979 0
3251	-1603.52 316.542 280
3252	pf15f4833cb1059426_auto2108
3253	53A603AF-F4D8-11ED-AC31-68545AAE1650
3254	pf1fea841f9fc59a9b_auto2108
3255	0 234.998 0
3256	-807.82 1632.99 269
3257	647E81E6-044B-9ABE-30F1-264A4D0F9938
3258	7FD86BDD-66C5-11ED-8E58-68545A91F9AF
3259	3A3B5B91-66AF-11ED-8E58-68545A91F9AF
3260	-2649.5 -384.5 272
3261	4F3D3196-6D6E-B6EC-0CF7-0D82C81D0EEB
3262	secure_loc_p
3263	secure_loc_l
3264	pf3ed95a32b724c63a_auto2108
3265	79AF9817-6DA3-9700-BBFA-1D80FEAB0911
3266	DFCF1C24-DAC9-11EC-8E23-68545A91F9AF
3267	1C5D6083-66B1-11ED-8E58-68545A91F9AF
3268	scriptable_flower_vase_porcelain_01_a
3269	pf8a3f8f24b4fc7208_auto2108
3270	axis
3271	7814A974-4A2D-CE82-C9AF-1512D625C95E
3272	7FD86BF2-66C5-11ED-8E58-68545A91F9AF
3273	1968.5 -499 314.867
3274	1AC81519-AF19-03E1-7850-8D4459CFE9C2
3275	1276.71 1174.26 294.319
3276	pf2a11b1b03d438c54_auto2108
3277	0197500D-4225-D0C7-08BC-EC8F34BDDEB3
3278	scriptable_electronics_bug_zapper_01_on
3279	pf9527bc958c3271e2_auto4
3280	36AB2AFA-2FDA-11ED-8E3B-68545A91F9AF
3281	BC01A13F-EC42-6476-2A7B-E1EE902AC5ED
3282	-2529.52 -677.458 272
3283	85B648E5-8AE7-9AF6-94CD-7594A9D28895
3284	19C097C9-EDEE-11EC-8E25-68545A91F9AF
3285	7DFCFEF1-E2BD-11EE-9016-68545ACDFBC3
3286	secure_loc_g_z
3287	9AB0F8FB-66AD-11ED-8E58-68545A91F9AF
3288	-2051.5 -247.5 277
3289	2410.49 -451 305.491
3290	pfd3711f6c1e247a4e_auto2108
3291	650ABD62-D4B0-929D-CE99-4A4E944E2939
3292	-1484.5 1597.5 276
3293	DADE232C-2601-8A23-374F-B21F868D4AE7
3294	AEF9BE5B-FA64-11ED-AC33-68545AAE1653
3295	food_trash_bottle_soda_02
3296	76BB09F8-6D56-950B-862E-DF7E50F0FAF1
3297	592ABBA7-FAF8-5DA1-8FA8-F574E3D00F21
3298	pfef2878185736c3ad_auto11248499837449866476
3299	0 195 0
3300	0054BAE1-6D83-11EE-9592-68545AD2D871
3301	2281.3 -618.73 322
3302	F074BEDA-04AF-11EE-AC38-68545AAE1653
3303	un_office_binder_open_02
3304	-2709.5 -714.5 272
3305	-2642.5 -442.5 272
3306	D2563DF6-D636-11EC-8E22-68545A91F9AF
3307	815.477 -157.964 272.1
3308	D6FD5598-E2BE-11EE-9016-68545ACDFBC3
3309	21D7CC1F-6D7C-11EE-9592-68545AD2D871
3310	15D91301-3903-11ED-8E3F-68545AAC0192
3311	93CAA188-5E5D-3293-CCF7-C4FEF71ACF04
3312	1081DCD0-25B4-CB1E-AA06-DE0FCC313910
3313	0DBB12AB-8411-6EE0-6931-7A8A366B9492
3314	44FE6BA2-A0AB-033C-7CA9-136DBAAEFDF9
3315	16BD76A4-66BD-11ED-8E58-68545A91F9AF
3316	07D0F97D-9A0A-E7C2-1F64-85E01133317D
3317	-945.5 1785.5 276
3318	93CB37CB-66AF-11ED-8E58-68545A91F9AF
3319	D2DB2E82-04BC-11EE-AC38-68545AAE1653
3320	pfef2878185736c3ad_auto5814699803879093915
3321	food_cereal_box_01
3322	191A629A-A125-8B94-8E2C-5B90FCBF41B9
3323	pfef2878185736c3ad_auto198
3324	D4FE7F49-FA64-11ED-AC33-68545AAE1653
3325	0D214A0D-0D95-EE17-4095-E05395632005
3326	582709C2-1206-11EE-AC39-68545AAE1653
3327	0 84.9989 0
3328	-1927.82 420.994 272
3329	198397D2-2C9E-8BD4-A867-C3D1B28A77DC
3330	2792.5 1203.5 304
3331	scriptable_glass_beer_bottle_fn_01
3332	-1437.97 -666.57 280
3333	ADA11A0D-7002-74EB-3E5E-66B125911EC2
3334	284B81ED-66AD-11ED-8E58-68545A91F9AF
3335	-1855.5 -1152.5 275.358
3336	E08F7435-F24E-C15C-30E4-72E3F5CF50CB
3337	F074BEC3-04AF-11EE-AC38-68545AAE1653
3338	31070263-D635-11EC-8E22-68545A91F9AF
3339	0 89.9987 0
3340	344A30AC-9FC7-584F-99E6-B2ED67A01D55
3341	pf41545a16430e10ab_auto2108
3342	0D1AFB6F-D32A-24FF-40A6-D7EBBFBE55B8
3343	0 223.748 0
3344	15D9132B-3903-11ED-8E3F-68545AAC0192
3345	B0E513EE-111A-93D4-D3FC-9AD09BF83B17
3346	-2651.5 -258.5 272
3347	B28400F0-04AF-11EE-AC38-68545AAE1653
3348	ED0ECD94-B718-B818-E765-AC9AB89165FC
3349	FBFDDA68-65F4-11ED-8E58-68545A91F9AF
3350	AE5BC146-67C9-D5D0-2FE1-51EFD60C4C60
3351	pf80be2e3e11049e03_auto2108
3352	-2639.5 -438.5 272
3353	B07FAB94-66C2-11ED-8E58-68545A91F9AF
3354	BE44881A-5FDE-5359-B7FC-37127F941496
3355	10DF6B60-65EA-11ED-8E58-68545A91F9AF
3356	0D84BDF8-1A7B-5207-DEE1-1F5A01411D93
3357	1957.8 234.001 292.416
3358	-2105.71 -5.3822 280
3359	2E5E341E-4953-289E-4832-851A73A528FA
3360	-2080.5 113.5 280
3361	13F28344-D638-11EC-8E22-68545A91F9AF
3362	61A012C1-4BE9-32A2-475C-5A1D89B8433F
3363	1DB8960A-65F0-11ED-8E58-68545A91F9AF
3364	D34C8694-D30F-76BF-9E6F-3CE8C02F4BDE
3365	2164.49 1647 312
3366	93F4C147-1056-E726-4934-6C01C2B67A1E
3367	13F28371-D638-11EC-8E22-68545A91F9AF
3368	43502A5B-0F09-FB4A-28D0-1073B0574416
3369	FB2D1E6C-8601-3F8F-7F1A-52223BEFAEDC
3370	6E91E44B-E2BC-11EE-9016-68545ACDFBC3
3371	D10E3EE1-D633-11EC-8E22-68545A91F9AF
3372	65EBC8E3-95FA-0FA4-CEE0-CEDBE964C742
3373	1969.19 -489.91 322
3374	pf9a4fd596f9612f5f_auto2108
3375	tag_window_back_right
3376	2008.47 192.641 292.416
3377	12564FC5-A30D-33A2-B558-FEDE3EF431F3
3378	AB43B863-C4C1-E207-B0E9-31313BBFF421
3379	pfc10ac9df3bf911c3_auto2108
3380	A798F2F5-7D44-11EE-9595-68545AD2D871
3381	1199 -537 272.593
3382	B5AEA7E2-04BA-11EE-AC38-68545AAE1653
3383	F456CCDE-D633-11EC-8E22-68545A91F9AF
3384	mp_rugby_spawn_allies
3385	0FD2F09B-3903-11ED-8E3F-68545AAC0192
3386	F43DEDCD-D634-11EC-8E22-68545A91F9AF
3387	867 614 269.177
3388	681604AD-E3D7-563E-1F63-CE2F9B58403A
3389	8392E590-66B5-11ED-8E58-68545A91F9AF
3390	2B474778-6D7B-11EE-9592-68545AD2D871
3391	mp_ctf_spawn_axis_start
3392	7FD86C04-66C5-11ED-8E58-68545A91F9AF
3393	E8229BFA-66B7-11ED-8E58-68545A91F9AF
3394	pf6057c148a41a35b_auto2108
3395	jup_infil_blima_rope_kick_left
3396	scriptable_cp_disco_bar_stool_01
3397	9AD008E4-7D45-11EE-9595-68545AD2D871
3398	147847B7-D637-11EC-8E22-68545A91F9AF
3399	4DA6CF61-9FFB-05DB-B5A2-E1CD3DE0BF53
3400	63D5068C-66C0-11ED-8E58-68545A91F9AF
3401	-1982.01 1695.82 269
3402	mp_xfire_spawn_team_three_start
3403	A740F45C-3913-6BD2-5BC3-062C54CA293A
3404	0 237.8 0
3405	pfa0c6fc3c8bfd8eb3_auto2108
3406	1670.5 1051.5 304
3407	A4EEF46E-65F5-11ED-8E58-68545A91F9AF
3408	pfaf027870d88fd12e_auto2108
3409	35DE2566-66BF-11ED-8E58-68545A91F9AF
3410	-697.5 -1711.5 288
3411	3A46F821-2717-A844-8229-275411EF9ADA
3412	D45E2A4C-6D80-11EE-9592-68545AD2D871
3413	94ACE25C-FA64-11ED-AC33-68545AAE1653
3414	63D50665-66C0-11ED-8E58-68545A91F9AF
3415	3008.89 578.977 296
3416	EDFAC61A-0496-ACAF-1493-720164E003E7
3417	94ACE275-FA64-11ED-AC33-68545AAE1653
3418	6116F46C-66AF-11ED-8E58-68545A91F9AF
3419	E8229BEB-66B7-11ED-8E58-68545A91F9AF
3420	2277.5 1245.5 312
3421	D3D12017-04EB-6C85-B3A4-477495C31DE1
3422	2FAAC705-E2BD-11EE-9016-68545ACDFBC3
3423	08435EBF-A57B-4BE0-BE2F-BF5DCBC6EB5C
3424	-2695.5 151.5 280
3425	pf87a7993187c66de3_auto2108
3426	1764.5 779.5 304
3427	0FD2F0A4-3903-11ED-8E3F-68545AAC0192
3428	3C9ECA35-3902-11ED-8E3F-68545AAC0192
3429	2275.9 1246.73 312
3430	208483C9-537C-4A5B-A6A8-24D075764CE2
3431	pf1f40f5eda72d8873_auto2108
3432	69BF3305-801F-69B0-28DC-BD5B326DDA7A
3433	-2585.5 136.5 272
3434	41BBA82F-FA62-11ED-AC33-68545AAE1653
3435	EC4B23E5-A179-E2B8-E6C9-B221E6823ED9
3436	6F31D693-6CF8-04A5-A570-08FB2553996C
3437	-2335.82 -404.844 278.547
3438	lights_controller
3439	D7F7417D-FE0C-7E20-7D2D-6B7323F12A66
3440	pf98bed1fedf31d687_auto2108
3441	A8DB6500-FA64-11ED-AC33-68545AAE1653
3442	331951A8-5FB6-828B-0BF9-9DEA1FD61974
3443	-1510.86 801.731 284
3444	-2622.2 431.979 264
3445	fingers_out_end_right_hand
3446	pfef2878185736c3ad_auto8481000887263363213
3447	infil_blima_5
3448	BA51C28F-DAC9-11EC-8E23-68545A91F9AF
3449	AF5C2567-6D7D-11EE-9592-68545AD2D871
3450	0 270.997 0
3451	2093.19 1318.09 312
3452	pf987bcfa1b9878ddd_x
3453	pf9a6de0d16c864caf_auto2108
3454	anim_playerstandrock
3455	490E195F-581A-3680-07BE-81C676D4A4CF
3456	2749.6 347.134 288
3457	scriptable_scriptable_door_wood_ornate_01_blue2_double_r
3458	E80A937A-9A78-AA57-C85C-DF883C9C435B
3459	-1345.85 -1541.11 296
3460	pf4212cfa44e4d5231_auto2108
3461	55BEADF2-66B0-11ED-8E58-68545A91F9AF
3462	food_trash_cigarettes
3463	mp_sd_spawn_attacker
3464	vfx_inv_smoke_column_lrg
3465	E26BFD7D-A767-EEA9-12DF-5D7024623E38
3466	0 150.128 0
3467	B2840119-04AF-11EE-AC38-68545AAE1653
3468	1394.04 -1472.01 263.777
3469	pf633237df47a5d197_auto2108
3470	E5195CDD-4D2C-B445-DB5E-DEE7A8ED78C8
3471	-2399.5 489.5 280
3472	525.835 -490.075 293.186
3473	tag_mirror_right
3474	777
3475	D23C7B58-66BC-11ED-8E58-68545A91F9AF
3476	E8229C0C-66B7-11ED-8E58-68545A91F9AF
3477	3D98D0E1-8598-DD9B-D108-2A80186E8F31
3478	9E31F792-D15B-B9DD-9755-7EB3A336021A
3479	pf62e8bb33e2b96ffe_auto2108
3480	1869.5 901.5 304
3481	vfx_inv_smoke_column_vista
3482	0 318.999 0
3483	BF062A96-E2BD-11EE-9016-68545ACDFBC3
3484	un_office_tape_01
3485	pfb3f25420d7fa98ba_auto2108
3486	standby
3487	6D6A3CC5-E21A-11EE-9015-68545ACDFBC3
3488	1FEA12B9-DA9F-865F-52EC-A5E4C5307AD0
3489	0 142 0
3490	1550.05 167.21 307.468
3491	w
3492	pf758387b781bdf33d_auto2108
3493	0FD2F059-3903-11ED-8E3F-68545AAC0192
3494	15D9133D-3903-11ED-8E3F-68545AAC0192
3495	09A27C76-65F5-11ED-8E58-68545A91F9AF
3496	-2736 -476 279.961
3497	pf717089381844b228_auto2108
3498	0 160 0
3499	0 89.9977 0
3500	mp_xfire_spawn_axis_start
3501	3241A780-EB23-11EE-95AE-68545AD2D871
3502	0 0.999905 0
3503	0 253.999 0
3504	pf6387294a0722d726_auto2108
3505	6DA619AE-66AE-11ED-8E58-68545A91F9AF
3506	0 54.9997 0
3507	food_trash_carton_milk
3508	09734FD4-44D6-6C66-391F-1EECF3217F96
3509	E886C4B0-65EE-11ED-8E58-68545A91F9AF
3510	0 115 0
3511	29841CAB-A9C7-940D-5E2F-13DD36490A30
3512	0 329.5 0
3513	1308.5 1341.5 286.671
3514	-1609.5 484.5 280
3515	78310C1F-EB22-11EE-95AE-68545AD2D871
3516	1482 -1463 255.023
3517	E331D55D-3549-11ED-8E3D-68545A91F9AF
3518	B07FABC1-66C2-11ED-8E58-68545A91F9AF
3519	8A1BCB73-E8FC-9363-79C3-38CE203C1973
3520	1369.44 1134.24 289.321
3521	pfd0e475505a091b50_auto44
3522	pfd0e475505a091b50_auto53
3523	E92ADCF1-D5C5-7CD9-4683-7824EDF6EBE7
3524	-2704.5 -255.5 280
3525	0 235.1 0
3526	D07D5B1E-6D78-11EE-9592-68545AD2D871
3527	0 74.9977 0
3528	7C1E89BB-3546-11ED-8E3D-68545A91F9AF
3529	E8229C27-66B7-11ED-8E58-68545A91F9AF
3530	pff503e0aa0f4170e4_auto2108
3531	base
3532	0 325.199 0
3533	-2639.5 -374.5 272
3534	ps_dst_cash_register_fully_open
3535	1FD18D4E-EB24-11EE-95AE-68545AD2D871
3536	pf781f9e7d0d9a554c_auto2108
3537	CCC8DE44-E2BD-11EE-9016-68545ACDFBC3
3538	-2707.5 -712.5 272
3539	-1703.53 759.991 280.766
3540	A06022FD-5D55-7623-452D-208E48B07350
3541	-1791.5 -1152.5 275.565
3542	2148.89 1650.98 312
3543	39CD1EAE-FA62-11ED-AC33-68545AAE1653
3544	ik_in_start_left_hand
3545	49CABAA2-E77B-11EC-8E25-68545A91F9AF
3546	pf109874427ac338f1_auto13110160360056907351
3547	0 240.988 0
3548	allies_endzone_vis
3549	-2567.5 727.5 264
3550	1889.81 -392.277 306
3551	83CED1CC-6F03-BD45-CB07-9252570F2191
3552	1A6BE00C-7D47-11EE-9595-68545AD2D871
3553	FCF79AAB-B153-0DF7-99E0-38F8B00AC6BB
3554	0 215.999 0
3555	scriptable_food_trash_bag_paper_01
3556	door_rear_left
3557	B5161115-2FE0-11ED-8E3B-68545A91F9AF
3558	8412557F-B7B5-70CF-9ADE-1E76DAB071D8
3559	57090A54-5CB9-47D6-0B10-E1B001948597
3560	215FA041-E225-11EE-9015-68545ACDFBC3
3561	214D2614-3A77-356B-7EDA-1F6C3B19F603
3562	scriptable_me_kitchen_coffee_cup_01
3563	vfx_inv_flies_trash_01
3564	pf2d47fed3e4729c1_auto2108
3565	ECACCDD2-85B0-2DA1-CB3A-E1E153C8A7F7
3566	scriptable_food_cans_bottles_and_jars_can_04
3567	pf1513acd667fe4062_auto2108
3568	1282.89 -865.46 279.263
3569	-2470 321 263.35
3570	1993.5 1433.5 312
3571	1A2B9F9F-66C0-11ED-8E58-68545A91F9AF
3572	D1FCE73F-66B8-11ED-8E58-68545A91F9AF
3573	F2610E0A-8018-2751-5806-70C644E6F961
3574	2E982D7B-C9D0-CE63-8958-5220B6DE23D6
3575	pf50cc68bf2a5c1715_auto2108
3576	0FD2F044-3903-11ED-8E3F-68545AAC0192
3577	1278.5 1173.5 294.107
3578	0 219.999 0
3579	cp_disco_bar_stool_02
3580	583B987F-5029-14EE-CD21-AC2A60540600
3581	pf39a4a57fd4d2493_auto2108
3582	tag_window_front_left
3583	pfb7623192d0ebf3e0_auto4
3584	scriptable_un_office_tape_01
3585	1272.49 1175 294.58
3586	me_kitchen_coffee_cup_01
3587	1970.49 349.522 308.463
3588	scriptable_decor_trash_can_plastic_office_01
3589	-2731.5 -478.5 272
3590	C797F61F-6D80-11EE-9592-68545AD2D871
3591	E90F33DE-FAC8-3E05-FA73-FD863D8D95B7
3592	-1264.11 -838.15 280.25
3593	5EF2E047-1206-11EE-AC39-68545AAE1653
3594	E8DBD093-4602-91D4-E75F-7BC80785E114
3595	0 194.999 0
3596	pf74319a9ca351adb6_auto2108
3597	3C9ECA1D-3902-11ED-8E3F-68545AAC0192
3598	96BE373E-1DB0-EC8B-54E9-EEC26D750259
3599	7FD86BBF-66C5-11ED-8E58-68545A91F9AF
3600	2A603524-387C-AB1C-E680-9D2D271F53DF
3601	B031BB2B-F160-9854-8E2B-D03552A48142
3602	319B1099-E98C-2204-16B2-3126449695A9
3603	15D91316-3903-11ED-8E3F-68545AAC0192
3604	vfx/jup/level/mp_jup_invasion/vfx_inv_fire_smoke_slow_01
3605	B6692268-AAAF-96C9-B509-82635B48F3FC
3606	0 336.9 0
3607	-1478.46 1551.52 276
3608	3035.53 1273.88 296
3609	0D9B706A-EDEE-11EC-8E25-68545A91F9AF
3610	420ECFBD-3627-8B1F-7C25-D8CC5577C83E
3611	A48AE240-E219-11EE-9015-68545ACDFBC3
3612	A57D21CE-2963-11ED-8E35-68545A91F9AF
3613	7E2B0FB3-2962-11ED-8E35-68545A91F9AF
3614	AEBDD006-C39E-500E-DA9B-F7D8CD549757
3615	scriptable_electronics_store_cash_register
3616	E5CE485F-65F1-11ED-8E58-68545A91F9AF
3617	paper_shredded_pile_01
3618	scriptable_food_trash_soda_01
3619	pfea76b1cb6994637d_auto4
3620	scriptable_com_computer_mouse
3621	-2685.5 283.5 280
3622	1513.74 992.641 580
3623	44498CD6-66AB-11ED-8E58-68545A91F9AF
3624	mp_rugby_spawn_allies_start
3625	B07FABAC-66C2-11ED-8E58-68545A91F9AF
3626	278.5 1213.5 317
3627	0FD2F04D-3903-11ED-8E3F-68545AAC0192
3628	215A1044-9FDE-148A-9A1E-66549673CDCE
3629	pf31fd5eef0313bd05_auto17547806704253822575
3630	pf3c6371ff0870eb75_auto13
3631	j_rope_1
3632	2814.5 1241.5 312
3633	1A3D9105-046B-D6F3-3CF0-90CAABB4B7F5
3634	5AE31428-20F6-9D4B-CCBC-1EEBE60EB9BB
3635	-1752.5 1689.5 269
3636	-1938.26 -1548.5 257.939
3637	1672.34 1047.12 304
3638	52DB736F-FA64-11ED-AC33-68545AAE1653
3639	me_kitchen_coffee_bag_03
3640	7286C905-DB24-6688-BC0C-B076219B6E18
3641	vfx_inv_spark_blow_01
3642	unlocked
3643	2857.19 74.09 299.83
3644	scriptable_cp_disco_bar_stool_02
3645	vfx/jup/lensflares/vfx_lensflare_houselight_warm
3646	2523 427.5 304
3647	1842F19C-F898-79C1-C950-22293AE4A0FF
3648	vfx_ks_emp_sparks
3649	2953.19 622.09 304
3650	pf41e99099e5a81d3a_auto2108
3651	057FFBDA-6D7C-11EE-9592-68545AD2D871
3652	-987.5 315.5 272
3653	D10D4F22-EB22-11EE-95AE-68545AD2D871
3654	0591CA8E-65F6-11ED-8E58-68545A91F9AF
3655	-2212.5 909.5 274
3656	pf639ac110d479d0ff_auto2108
3657	1716.49 -84.4782 299.445
3658	7A3374DB-EB24-11EE-95AE-68545AD2D871
3659	42E5A5F4-BD53-038F-11E6-11A4C6B677D5
3660	46.5 918.5 272
3661	664.925 -749.835 286.338
3662	pf1e53624e0ecc507_auto2108
3663	pf1112637ca2395092_auto13
3664	pf4989191ab506c8cb_auto13110160360056907351
3665	516DF75A-2FD2-11ED-8E3B-68545A91F9AF
3666	235A0D6A-D634-11EC-8E22-68545A91F9AF
3667	35DE2563-66BF-11ED-8E58-68545A91F9AF
3668	F295707A-AF90-FD4A-7E15-5ACE827EF44E
3669	1A88B19B-BAD5-2165-135D-1C53B3295359
3670	pf7018f908826ef903_auto2108
3671	03E5F3EC-E237-6E63-B252-893C44BD6794
3672	FE7EBA1C-0973-B8E0-A0B8-BDF5FE9F7D00
3673	809.477 -243.964 272.275
3674	E9E3604D-A02E-8B1B-0F12-6B725D198CC1
3675	C7148DBC-EC2B-5845-5F0A-72BA8F9DD7E6
3676	pf2d2d3823f047972b_auto4
3677	pfddff9a3342aa3efb_auto2108
3678	1FEA3DF4-92AB-AA50-8D1A-F08DF3D5BB46
3679	6160D09C-E8B9-6409-AAC6-52A9DD068B45
3680	F456CCF4-D633-11EC-8E22-68545A91F9AF
3681	B2840122-04AF-11EE-AC38-68545AAE1653
3682	mp_escort_spawn_defender_secondary
3683	pf4407aa16d8198441_auto4
3684	2F6A89C0-73E0-E914-67EF-C481F78C3C3A
3685	35DAD660-6A54-6C34-0414-6F6D616E5F8F
3686	FD0E56F3-65F5-11ED-8E58-68545A91F9AF
3687	15D91310-3903-11ED-8E3F-68545AAC0192
3688	0 335 0
3689	16DF18C5-65F8-11ED-8E58-68545A91F9AF
3690	11A055A7-0E81-FD4A-F522-5FB0A50B04C0
3691	8EEDABD0-E2CD-11EE-9016-68545ACDFBC3
3692	799D4816-66AF-11ED-8E58-68545A91F9AF
3693	-865.5 -688.5 286.844
3694	A2353154-6C78-2770-C396-8224502EA2CB
3695	pfa7f5688b81c6d5c1_auto2108
3696	-2187.5 -365.5 282.694
3697	B58156EF-74E8-FF40-D420-AA3D7EC29CF9
3698	1814.95 1223.79 304
3699	89B099C9-EB22-11EE-95AE-68545AD2D871
3700	0 4.99913 0
3701	8ABE30C5-255A-6C4D-EBFD-5AEC01E4E099
3702	2859.19 76.09 299.83
3703	pf987bcfa1b9878ddd_3
3704	pf986fb64fc18e4819_auto2108
3705	98.5 -770.5 286.023
3706	737A8DDA-E21A-11EE-9015-68545ACDFBC3
3707	electrical_conduit_set_electrical_meter_large_01
3708	-2111.5 -8.5 280
3709	52DB7360-FA64-11ED-AC33-68545AAE1653
3710	-2643.5 -250.5 272
3711	34.5 1389.5 263.35
3712	DC899A48-F7F1-47D0-8D6C-3FF5C33BC67B
3713	1515749A-EB24-11EE-95AE-68545AD2D871
3714	29D2910F-513E-2082-00C6-9ED950D09910
3715	9EFF66AD-0059-31A7-00DB-0EC98AEF1862
3716	-2431.11 130.98 272
3717	pf59f60a298eb2e982_auto2108
3718	4B68F501-65EB-11ED-8E58-68545A91F9AF
3719	pf3191261be07c32bf_auto2108
3720	0DA35E9E-99A8-E3C7-B950-2BD6552B1008
3721	-2699.5 153.5 280
3722	pf5c49200edabd23ef_auto2108
3723	2037.5 1505.5 304
3724	2964.67 1519.26 312
3725	B516114E-2FE0-11ED-8E3B-68545A91F9AF
3726	-1959.52 -1507.46 273.826
3727	-2753.5 -718.5 272
3728	CE75F11F-66AA-11ED-8E58-68545A91F9AF
3729	0FD2F056-3903-11ED-8E3F-68545AAC0192
3730	0 203.999 0
3731	1660.88 297.18 299.448
3732	light_part
3733	vfx_inv_fire_lg_car_01
3734	0 164.999 0
3735	0 334.998 0
3736	pfb5f3a317dcefb4ed_auto2108
3737	pf47fa3b4b104f3826_auto2108
3738	04C2F5F8-65F7-11ED-8E58-68545A91F9AF
3739	pfb8344e625923a263_auto2108
3740	875ED88C-7EE2-49C2-0094-29C45E3D1758
3741	bash_left_90
3742	8A432E8B-1EA2-61C7-4E91-9276E8FAD9EF
3743	tag_windshield_back
3744	B5161154-2FE0-11ED-8E3B-68545A91F9AF
3745	un_office_pen_03
3746	7DB85978-A671-2ABE-8ECD-C17F7F0F228E
3747	49D62C09-66AD-11ED-8E58-68545A91F9AF
3748	0 309.998 0
3749	ik_in_start_right_hand
3750	pfd4ad74a252633472_auto2108
3751	-2725.5 -472.5 272
3752	9FF01CF3-66C1-11ED-8E58-68545A91F9AF
3753	pfdd9ee822faa31567_auto2108
3754	2052.5 -656.5 322
3755	2620.88 -102.82 305.466
3756	cinderblock_wall_topper_01_16
3757	h
3758	pf83d7c76c2c5cd926_auto2108
3759	7FD86BCB-66C5-11ED-8E58-68545A91F9AF
3760	fingers_in_end_left_hand
3761	-2763.5 321.5 270.866
3762	1CA13D27-65F5-11ED-8E58-68545A91F9AF
3763	5D46F5DD-3AAB-AEFA-AB42-5ECFF5BAB0D4
3764	ws_safe_offscreen
3765	-800.449 -1721.26 288
3766	4B48F52D-FF58-57A7-4276-E289E256E7F5
3767	-2649.5 -512.5 272
3768	325A1341-EDEE-11EC-8E25-68545A91F9AF
3769	DA736B9D-66AC-11ED-8E58-68545A91F9AF
3770	pf3eaf206e64cd4855_auto2108
3771	13F2832B-D638-11EC-8E22-68545A91F9AF
3772	86852162-2962-11ED-8E35-68545A91F9AF
3773	66CC27E4-3303-C332-709A-1A8FF37B5484
3774	0 170 0
3775	2014.5 1218.5 295.5
3776	-2023.5 -1528.5 275.122
3777	scriptable_misc_bottle_wine_02
3778	-2080.81 1692.09 272
3779	pf51a4c59543886d85_auto2108
3780	2FC9A3D9-6D7F-11EE-9592-68545AD2D871
3781	-2641.5 -376.5 272
3782	misc_keyboard_black_01
3783	4779E320-66B1-11ED-8E58-68545A91F9AF
3784	8A0B6754-66AD-11ED-8E58-68545A91F9AF
3785	scriptable_un_office_computer_monitor_02
3786	B07FABA0-66C2-11ED-8E58-68545A91F9AF
3787	fov_63_2
3788	E2C175A2-D635-11EC-8E22-68545A91F9AF
3789	0 12.7998 0
3790	pfd0e475505a091b50_auto54
3791	D6C242DA-1925-0564-5E6E-911CCDF8D2D8
3792	F3896620-2AA3-3B03-65D1-EBA2848654E1
3793	wheel_center_front_right_flat
3794	-2120.5 1685.5 277
3795	184A51BD-D59D-6821-E876-224D2C135BC0
3796	-2110.89 424.835 264
3797	3107026E-D635-11EC-8E22-68545A91F9AF
3798	pfef2878185736c3ad_auto5539319443251269604
3799	body
3800	0 280 0
3801	417296CB-A030-EF92-1C7F-5AFA940002B9
3802	6DA619A2-66AE-11ED-8E58-68545A91F9AF
3803	-2059.5 1715.5 269
3804	48D5E821-3298-06CA-9F69-8F9DB8602273
3805	738A8482-66AD-11ED-8E58-68545A91F9AF
3806	DB94F62A-B8DD-5073-B066-B0F0D4317866
3807	2410.88 1397.18 312
3808	FF0E6142-66B6-11ED-8E58-68545A91F9AF
3809	-791.5 1679.5 269
3810	pff0ef3c71801a441c_auto2108
3811	pfaf2c49df2911d162_auto2108
3812	2989.5 579.5 308
3813	86244D6E-4ADA-7ACF-41CF-5BBCBE96E46E
3814	ACC54005-65EA-11ED-8E58-68545A91F9AF
3815	hardpoint_vis_03
3816	-2647.5 -446.5 272
3817	2574.49 -158.478 297.487
3818	pf4052e4d3731995dd_auto2108
3819	-2710.65 -714.46 272
3820	15D91313-3903-11ED-8E3F-68545AAC0192
3821	AC267BD4-0615-F43F-FA73-A1E27948D5C0
3822	base_book_stack_01b
3823	1941.96 1226.24 304
3824	CDCF2BDF-4B72-18BD-3886-CD50184C8C8B
3825	0 249.973 0
3826	1607CABD-65FA-11ED-8E58-68545A91F9AF
3827	0 75.9995 0
3828	FFF9B9FF-6D80-11EE-9592-68545AD2D871
3829	jup_infil_jltv_vehicle_door_close
3830	7FD86BE0-66C5-11ED-8E58-68545A91F9AF
3831	53A603B2-F4D8-11ED-AC31-68545AAE1650
3832	0 228.998 0
3833	2573.19 502.09 304
3834	1394.5 1253.5 280.969
3835	1246.89 1969.23 263.739
3836	EA03E04B-2E0A-0C2F-8A5F-108DD2EB3D5C
3837	0 59.9997 0
3838	pf621fb89b618edaf6_auto2108
3839	0 312 0
3840	E8229BDC-66B7-11ED-8E58-68545A91F9AF
3841	0FD2F050-3903-11ED-8E3F-68545AAC0192
3842	1BE5F161-07D4-7968-5203-EAA283765651
3843	E52DAD99-B926-4CC8-44B6-25C0DD348C48
3844	D00B1762-73C0-9D60-A3B1-9CFADDB9CF57
3845	533B503F-D636-11EC-8E22-68545A91F9AF
3846	-2079.5 -224.5 264
3847	0 291.862 0
3848	5C5350E2-CADD-A33A-BBA2-76546FC7679C
3849	0 231 0
3850	-675.5 925.5 282.647
3851	A502E75F-2FDE-11ED-8E3B-68545A91F9AF
3852	-2447.5 55.5 280
3853	C551DAED-6D7C-11EE-9592-68545AD2D871
3854	pff839f58427bdf2f9_auto2108
3855	pf8aa132e31606a7ca_auto2108
3856	scriptable_door_wood_ornate_01_blue2_double_r
3857	27D9462C-7D47-11EE-9595-68545AD2D871
3858	63D5066E-66C0-11ED-8E58-68545A91F9AF
3859	-2603.52 -559.458 272
3860	pf38634c6f2e553fb1_auto2108
3861	pf229ed3bb47f23f87_auto2108
3862	41BBA858-FA62-11ED-AC33-68545AAE1653
3863	C797F62E-6D80-11EE-9592-68545AD2D871
3864	F7077461-7BCB-9D51-0C11-67B320F521D3
3865	108E4FEC-FA67-11ED-AC33-68545AAE1653
3866	CD074583-2B69-1018-45CA-5F54A9EF0A56
3867	DE6185C9-65EB-11ED-8E58-68545A91F9AF
3868	12DC1057-6D7C-11EE-9592-68545AD2D871
3869	-2003.5 -864.5 282
3870	d_2
3871	0A7ACAD6-0196-80A7-959E-9727759CF872
3872	-2396.81 492.09 272
3873	0FD2F086-3903-11ED-8E3F-68545AAC0192
3874	vfx/jup/level/mp_jup_invasion/vfx_inv_dust_blow_02
3875	3479F094-836C-85B3-4D91-A66D1AC43BA7
3876	4F604D0E-E94B-6E2C-1C87-16F4963A15E6
3877	-1529.08 1190.51 267.423
3878	7FD86BEC-66C5-11ED-8E58-68545A91F9AF
3879	ED94F0E1-203C-29E1-E3D7-D3A2D5768EDB
3880	4CAFF52F-FA64-11ED-AC33-68545AAE1653
3881	BD9A0E40-5D12-9043-21D9-922D0E5D9E61
3882	E127D0A0-04BF-11EE-AC38-68545AAE1653
3883	vfx_inv_leaves_fall
3884	pf8eaf9ed47b21e0f7_auto2108
3885	pffa271aad028ac90b_auto2108
3886	-2383.51 490.997 280
3887	vfx/jup/killstreak/vfx_ks_emp_sparks_lrg
3888	15D91334-3903-11ED-8E3F-68545AAC0192
3889	27D3D23E-66B7-11ED-8E58-68545A91F9AF
3890	scriptable_scriptable_door_modern_hotel_01_mp
3891	scriptable_veh9_civ_lnd_suv_1996
3892	63D50680-66C0-11ED-8E58-68545A91F9AF
3893	75757E20-5876-05EB-E166-A85144B65AE9
3894	7E0E6ED3-E5B7-C11B-601E-7CBA59CC17C8
3895	9FAB4605-FC9B-6699-5EAC-A2BBDC9D93D3
3896	0FD2F06B-3903-11ED-8E3F-68545AAC0192
3897	B07FAB97-66C2-11ED-8E58-68545A91F9AF
3898	-2494.43 -489.7 380
3899	ee_book_office_folder_02_stack_sml
3900	71E8EC5E-EA1F-9C85-C4B1-AD06ED863B38
3901	D1FCE718-66B8-11ED-8E58-68545A91F9AF
3902	6DA619A5-66AE-11ED-8E58-68545A91F9AF
3903	204673E7-E2BB-11EE-9016-68545ACDFBC3
3904	pf48ffe2153bf06927_auto2108
3905	9A83B3C2-65F9-11ED-8E58-68545A91F9AF
3906	A567213A-DD32-9D2A-DF38-00E08404CF41
3907	pf9e1191bd3164ca64_auto2108
3908	-2711.5 -720.5 272
3909	9EBAF3B9-C977-6CA0-EB08-3E7991AE7499
3910	-2544 587.5 272.25
3911	18F61475-2AA0-9474-BB5B-6F207285150F
3912	secure_loc_v
3913	2686.51 514.257 304
3914	pf3d682c09b64255b1_auto2108
3915	7590E1C3-66B0-11ED-8E58-68545A91F9AF
3916	F171ADBC-DFF5-824D-53F8-6ED1CCF592F1
3917	pf85da5ab24e0054ce_auto2108
3918	7FD86BCE-66C5-11ED-8E58-68545A91F9AF
3919	-2725.5 -280.5 272
3920	pf6eb005483c3958f9_auto2108
3921	344451A0-7676-0C43-4D85-8DADCE323E35
3922	8D9E3A12-D52E-A281-E251-AF486BFC11ED
3923	jup_infil_blima_player_grab
3924	pf6798499982b9934b_auto2108
3925	D25C0BD6-BBDD-8DEF-FC4F-62B910E4CB10
3926	0 14.9999 0
3927	2146.5 1654.5 312
3928	D8639858-C303-6563-CAFC-7BF497E08BD2
3929	veh9_civ_lnd_suv_2001
3930	-1458.82 -659.271 264.25
3931	C2D0AB25-7D4B-11EE-9595-68545AD2D871
3932	420E12C5-CBC9-5CE2-69F0-BF8E03AA1005
3933	3062.39 1307.61 312
3934	partially_open_in_use_unusable
3935	jup_infil_blima_rope_crank_left
3936	scriptable_ee_electronics_pos_cash
3937	5E434FC5-D9F0-E9B7-730F-EB486C1353C3
3938	pf51c61378b3f3358f_auto2108
3939	A50118D7-76ED-E505-675F-99D2C4CC851F
3940	pfe1817b0b9f5569ac_auto2108
3941	0 180 0
3942	BFFF69C4-B68E-B15D-5B0A-27B03F5F0205
3943	518BA45A-D928-EA38-7E3C-67E738BB63C8
3944	FE73EF0C-7D48-11EE-9595-68545AD2D871
3945	3485CFB7-8354-3AB5-A217-9C6EA258FF7E
3946	food_tex_mex_01
3947	-2059.5 1711.5 268
3948	F074BEE0-04AF-11EE-AC38-68545AAE1653
3949	D280612F-59F1-8BFE-90D7-F76524516976
3950	6637BD51-2FD3-11ED-8E3B-68545A91F9AF
3951	mp_koth_spawn_axis_start
3952	D1FCE769-66B8-11ED-8E58-68545A91F9AF
3953	1A2B9FC0-66C0-11ED-8E58-68545A91F9AF
3954	0 241 0
3955	0D1565A5-CB7D-F4CE-F0F3-CD661A4FC2D5
3956	1559.65 1027.38 304
3957	D1FCE74E-66B8-11ED-8E58-68545A91F9AF
3958	8B1E70A7-AB94-81ED-0641-8E88F0A01E81
3959	-2715.52 -103.458 280
3960	0 139.998 0
3961	pf33b9f0c98c8f5bba_auto2108
3962	-2721.5 -98.5 280
3963	CD6C2FD4-66B5-11ED-8E58-68545A91F9AF
3964	0 17.9994 0
3965	313FDC06-0E62-32BD-4A66-4A8F9FDB55CA
3966	0 63 0
3967	1600.5 881.5 304
3968	1560.5 1027.5 304
3969	591979ED-C556-ADDC-930D-5D12E5B6840E
3970	6665C150-F156-F338-22BE-6EF2F3BFF271
3971	equipment_tv_01
3972	0 13.9994 0
3973	0 215.018 0
3974	2446.28 -220.664 297.585
3975	E482C04F-66BC-11ED-8E58-68545A91F9AF
3976	171184C2-FA68-11ED-AC33-68545AAE1653
3977	vfx/jup/level/mp_jup_invasion/vfx_inv_flies_trash_01
3978	B5D3219F-3296-39F2-C784-E08958D577CF
3979	2904.89 634.977 304
3980	-1334.81 -1517.91 296
3981	F5B0EFF3-FA66-11ED-AC33-68545AAE1653
3982	63D5067A-66C0-11ED-8E58-68545A91F9AF
3983	1972.49 351.522 308.464
3984	pf31fd5eef0313bd05_auto11248499837449866476
3985	0 340 0
3986	1623.47 347.505 298.9
3987	6DA619B4-66AE-11ED-8E58-68545A91F9AF
3988	-941.5 1781.5 276
3989	2368.5 1357.5 310
3990	-1255.5 -832.5 280.25
3991	1816.5 1223.5 304
3992	14B98154-CD75-5A7D-1049-D35BFE1080F7
3993	scriptable_me_kitchen_coffee_plate_01
3994	1D73CCAB-C27A-1DDE-F8DB-8FF7C7342536
3995	D47EEA7A-D27B-316D-9381-6F5AD1397C5E
3996	mp_tdm_spawn
3997	scriptable_un_office_desk_phone_01
3998	8C55B36B-4A21-BFF6-F596-D7D4B14190F7
3999	179C70BF-F98D-B2C5-8901-7567263416DF
4000	281.52 1232.55 317
4001	pf874423976257f3c4_auto2108
4002	0AE50D8B-A768-4442-EC5A-4E6F16F89C6D
4003	2271.05 142.402 290.714
4004	3B6DC46A-50FC-A09C-C766-D03557FC6DB6
4005	180E39B7-5A48-AF1B-EF25-25B97A46A674
4006	-1961.52 -1509.46 273.833
4007	tag_light_front_right_2
4008	2450.5 699.5 312
4009	95B49096-6D7D-11EE-9592-68545AD2D871
4010	scriptable_food_trash_carton_milk
4011	-2647.5 -254.5 272
4012	02B5C991-2382-D301-D4BB-E62A24BBF993
4013	2664.5 767.5 304
4014	DEECE172-66AF-11ED-8E58-68545A91F9AF
4015	1965.5 573.5 304
4016	pf66873935a801e97_auto2108
4017	1378.59 1135.16 288.706
4018	DA7C6627-53E8-4477-C237-0959A77930CD
4019	1616.49 647.522 304.278
4020	-2584.5 605.5 280
4021	1157.18 131.918 313.046
4022	B07FAB91-66C2-11ED-8E58-68545A91F9AF
4023	289DA167-3CF9-C3FE-2B95-ADF3748F9687
4024	D4956B66-6D7D-11EE-9592-68545AD2D871
4025	E4595205-65F9-11ED-8E58-68545A91F9AF
4026	pf43b07a5ca3538a0c_auto13110160360056907351
4027	pf8cb3517cb9aae4ae_auto2108
4028	72A19C9A-65F5-11ED-8E58-68545A91F9AF
4029	63D50686-66C0-11ED-8E58-68545A91F9AF
4030	-2276.5 -394.5 280
4031	-2424.59 -523.589 268.108
4032	78E514D8-6D7B-11EE-9592-68545AD2D871
4033	0 314.999 0
4034	6E1D28C8-6601-BF2D-4DED-45EA8AB0A609
4035	-1277.28 -161.558 284
4036	mp_robj_spawn_allies_start
4037	0 144 0
4038	187B37E6-E2CF-11EE-9016-68545ACDFBC3
4039	1
4040	8A6A1DB9-35AC-4A95-0030-37DCC7635730
4041	C77A20AC-6D7D-11EE-9592-68545AD2D871
4042	077E8FD4-E21A-11EE-9015-68545ACDFBC3
4043	92675171-7D63-D537-17EE-40F002BFDECF
4044	D4FE7F3F-FA64-11ED-AC33-68545AAE1653
4045	0 54.9988 0
4046	0 1.99996 0
4047	4E21C9D0-244D-D529-D806-56E9C9E0B768
4048	0 221.499 0
4049	-2726.5 -218.5 272
4050	42EE7E7A-7D49-11EE-9595-68545AD2D871
4051	13F2834E-D638-11EC-8E22-68545A91F9AF
4052	20163E8F-AE95-7C01-D5E1-6EAE4941DF78
4053	mp_rugby_spawn_allies_secondary
4054	3159 -32 297.25
4055	1DF46F47-7AA3-9E25-DDFE-B9AF88C3495A
4056	pfef2878185736c3ad_auto4588364329929869812
4057	pf987bcfa1b9878ddd_12
4058	02BD382D-F4B4-2568-4210-6DAC19754224
4059	light_front_right
4060	DAD84622-6D80-11EE-9592-68545AD2D871
4061	glass_beer_bottle_fn_01
4062	7DDF54DA-A8B3-BAC9-F886-7C38EE3FB08E
4063	scriptable_veh9_civ_lnd_van_palfa
4064	vfx/jup/level/mp_jup_invasion/vfx_inv_leaves_fall
4065	pfd0e475505a091b50_auto55
4066	B5161148-2FE0-11ED-8E3B-68545A91F9AF
4067	05226605-66B7-11ED-8E58-68545A91F9AF
4068	0290E1BE-DCF2-802A-B2E7-EEF305BD2E42
4069	-1535.16 741.47 284
4070	pf8a8248f45fc74b5e_auto2108
4071	49CABAA8-E77B-11EC-8E25-68545A91F9AF
4072	scriptable_un_office_pen_pencil_holder_01
4073	0 231.955 0
4074	50CFD341-EF85-4D79-6E02-6623CD3EC13A
4075	A986D0EB-10E2-6D88-15DA-5CEE44E9CC2E
4076	-1394.52 352.656 284.276
4077	-2059.5 1715.5 268
4078	6B8F2BFF-329D-5CE5-3FC4-ED5C9839AD55
4079	food_trash_bag_paper_01
4080	574B202A-04D1-11EE-AC38-68545AAE1653
4081	-2642.5 -378.5 272
4082	03B19F61-3903-11ED-8E3F-68545AAC0192
4083	A8DB650A-FA64-11ED-AC33-68545AAE1653
4084	85CD4DF8-65F4-11ED-8E58-68545A91F9AF
4085	10D227B5-E2CD-11EE-9016-68545ACDFBC3
4086	-2643.5 -506.5 272
4087	A6ED84C4-3606-46EF-682C-FA4CC9A93EFA
4088	98497093-7D48-11EE-9595-68545AD2D871
4089	A230AB56-66B7-11ED-8E58-68545A91F9AF
4090	pffc70decc6c3c2cac_auto4
4091	2931.32 615.42 304
4092	hardpoint_vis_02
4093	B07FAB9A-66C2-11ED-8E58-68545A91F9AF
4094	pf1fc24547504a5289_auto2108
4095	-1523.18 -363.746 278.814
4096	equipment_box_fan_case_dyn
4097	0FD2F071-3903-11ED-8E3F-68545AAC0192
4098	4381FD0F-4EBB-59A8-896D-888CFCB36D9D
4099	-2308.75 178.179 288
4100	-2709.72 -717.004 272
4101	D3745814-05D7-25FB-886B-D226B47831BE
4102	D8546AF9-D633-11EC-8E22-68545A91F9AF
4103	78699F5F-7D45-11EE-9595-68545AD2D871
4104	0 229.998 0
4105	958AF398-1F8A-1D42-04BB-D821D67160EA
4106	210A4036-67D9-2B35-2417-BED5BBAD6B36
4107	EBF2F3D2-80BB-7767-712E-740663F838AE
4108	D981EEEC-E359-BB06-F716-3BC84FDF109E
4109	4CB3598B-EBC3-F6F4-8742-61ACF7CD0677
4110	-2639.5 -310.5 272
4111	B4FF6CC2-0D57-6BB0-3832-BB2009E3958D
4112	BBD029FD-7D4B-11EE-9595-68545AD2D871
4113	0 59.9994 0
4114	-2417.37 479.488 280
4115	5D81E27B-8870-634C-C8E0-0BC4402A3A4B
4116	2872.18 80.994 304
4117	-1520.43 775.842 284.604
4118	0 236 0
4119	B2D85077-292B-E7BF-897D-3684D37F7E7A
4120	-2402.45 493.621 280
4121	scriptable_bathroom_toilet_paper_01
4122	AA8CC058-B9E6-8CC4-14C2-3CC035C85250
4123	secure_lighting_helicopter_light_on_01
4124	base_scripted_anim_slot
4125	3C9ECA23-3902-11ED-8E3F-68545AAC0192
4126	4CAFF520-FA64-11ED-AC33-68545AAE1653
4127	1893.5 673.5 312
4128	E1D86CD2-2D94-1059-7E26-906E8EDC9F47
4129	2808.18 256.994 304
4130	BB9D6279-F3D4-DF0F-2503-87D80F9B2E80
4131	F84061AC-F8AF-5F51-F7E0-3C517E5DCC78
4132	3B1876A8-2FD9-11ED-8E3B-68545A91F9AF
4133	2366ABEF-071C-C975-94A0-408B833709D5
4134	-1720.03 -1301.78 284.152
4135	C1EEDD1F-DC9D-F547-2DC6-0E1BC3CF545E
4136	pf93bb2e4f29b6bfc_auto2108
4137	421.19 -1401.91 290.162
4138	922.04 -1518.01 274.597
4139	pfd02f60cb4b2c2418_auto2108
4140	684.5 -202.5 272.552
4141	un_office_paper_stack_01
4142	A00C0A94-E2CB-11EE-9016-68545ACDFBC3
4143	CF1EA7B2-3780-74F3-3352-2299FD4E1154
4144	822B3402-E2BB-11EE-9016-68545ACDFBC3
4145	DD9C9251-3061-71B6-80EE-DE493E9C7851
4146	free_look
4147	A84D9B31-ECBC-6C63-505F-AB63FC971210
4148	pffe167e8aa92b385d_auto2108
4149	103B8739-1AA9-E7B0-4017-816000A594AF
4150	milk_crate_iw6
4151	-2753.5 873.5 271.239
4152	scriptable_cardboard_box_small_01
4153	13624DED-020B-AEFE-D65E-ED275141117B
4154	3E9D0ABC-AFCC-5266-F74E-01D9AB5AEB54
4155	41BBA855-FA62-11ED-AC33-68545AAE1653
4156	screen
4157	CE9BC119-8213-4611-EDA3-008A60647C1B
4158	0B983F5B-C38F-1DED-6C4A-8181214B1795
4159	57A7B1DF-66A8-11ED-8E58-68545A91F9AF
4160	964295F9-0950-1207-AA8E-8EA2FFE78906
4161	DAD84627-6D80-11EE-9592-68545AD2D871
4162	DBD59584-E695-750A-F552-8F3E47E56990
4163	scriptable_emb_desk_fan_01
4164	18CD53F3-0349-C11B-467F-2CAA8B061467
4165	7D05ACD7-B20D-F556-935F-A55DE2DEAE1D
4166	83702EE4-8984-34DC-AD44-880319E54D50
4167	EAF24CC6-65F9-11ED-8E58-68545A91F9AF
4168	-2189.5 -295.5 280
4169	284B81EA-66AD-11ED-8E58-68545A91F9AF
4170	980.51 1584 277.368
4171	-2351.5 889.5 274
4172	1562.5 1127.5 304
4173	C45F3932-66BC-11ED-8E58-68545A91F9AF
4174	2063.73 -602.32 322
4175	0 108.999 0
4176	1789.62 377.531 286.416
4177	79FAC151-F29C-BBF6-D38F-56394A620E12
4178	-1253.83 -834.222 280.25
4179	B0905DBF-CBD1-6937-4E3D-89B3E2A67B59
4180	25BF0E13-8D1B-14E6-9C7A-29EA016B5B42
4181	-2735.5 -226.5 272
4182	pf73afd40453def202_auto13110160360056907351
4183	-2748.64 -162.74 256
4184	2010.88 871.18 312
4185	-1891.11 -1529.02 273.606
4186	5BD20B6C-1DDD-4A98-B383-F5FE94E9E2A2
4187	-2729.5 -476.5 272
4188	B28400F6-04AF-11EE-AC38-68545AAE1653
4189	1BBA60C9-A382-0E2B-64CA-99BE5522EF21
4190	DBFE1CF8-D657-BE1E-020B-D0053E40DCA5
4191	18B076DB-A8E6-BC29-9B0A-63C69F199585
4192	-2690.81 162.09 272
4193	FA32F72D-3549-11ED-8E3D-68545A91F9AF
4194	95AC9A73-4544-DB96-D354-7A036FD067F6
4195	2BDE2846-E112-F252-52DB-3687B4FFB59D
4196	D4956B58-6D7D-11EE-9592-68545AD2D871
4197	0 110 0
4198	2247.38 1587.12 312
4199	B07FABA6-66C2-11ED-8E58-68545A91F9AF
4200	FF5CA849-E2BA-11EE-9016-68545ACDFBC3
4201	secure_loc_u
4202	76E7C637-6A4D-6940-9391-636628B1BBC9
4203	2582.52 -63.542 300.59
4204	71E5BAA8-3F5B-2462-C3D0-2079D7E9820A
4205	B5161112-2FE0-11ED-8E3B-68545A91F9AF
4206	-2735.5 -354.5 272
4207	2380.89 1622.98 312
4208	un_office_storage_box_01
4209	B07FABBE-66C2-11ED-8E58-68545A91F9AF
4210	50985498-4A2B-0830-5D43-B4CFFDB323E0
4211	E45951F7-65F9-11ED-8E58-68545A91F9AF
4212	36C6026F-E224-11EE-9015-68545ACDFBC3
4213	2264.18 -611.006 323
4214	0 14.9998 0
4215	mp_robj_spawn_secondary
4216	8F878195-59A9-4274-FA00-45F4CEA28EE8
4217	065F52D4-928A-5B6B-EE3D-F2D58EE765C0
4218	921.08 -1520.49 269.843
4219	facial
4220	AED5F0C3-2FE0-11ED-8E3B-68545A91F9AF
4221	-2723.5 -214.5 272
4222	4CAFF552-FA64-11ED-AC33-68545AAE1653
4223	pf31fd5eef0313bd05_auto4169835558133012704
4224	secure_loc_d_2
4225	7E2B0FB0-2962-11ED-8E35-68545A91F9AF
4226	1868.5 905.5 304
4227	pf2491ec05632020d1_auto2108
4228	1214.5 -1507.5 290.1
4229	FBAFB7DC-81A1-0B70-6286-2BDF9FF6FAC2
4230	D1FCE73C-66B8-11ED-8E58-68545A91F9AF
4231	C93EE091-2963-11ED-8E35-68545A91F9AF
4232	3996B380-A933-621D-3DAE-CECEC9E1AB81
4233	E4E066FF-8294-5348-82AB-5A538EE39AC0
4234	scriptable_door_wood_ornate_large_exterior_02_mp_wear
4235	ik_out_start_left_hand
4236	7CED07DE-249E-F519-EFE1-AA21DF697CC0
4237	B740FE46-66AC-11ED-8E58-68545A91F9AF
4238	36FF7BB8-D635-11EC-8E22-68545A91F9AF
4239	0FD2F092-3903-11ED-8E3F-68545AAC0192
4240	0 48 0
4241	F074BEBD-04AF-11EE-AC38-68545AAE1653
4242	emissive_invasion::me_light_ceiling_fluorescent_tube_on_invasion
4243	3E439F85-9E77-AC1A-D358-D2ABC220AEF5
4244	0 305 0
4245	65CB19F8-E2BC-11EE-9016-68545ACDFBC3
4246	0 208 0
4247	E458FBE0-4CD5-7D39-16AA-8CED6D87B534
4248	pf7c7c33d531d4ecb8_auto2108
4249	-2085.37 530.873 280
4250	0 226 0
4251	2929.19 622.09 299.83
4252	D4FEEC1D-D27C-DCCA-698B-049DE99173A6
4253	mp_tdm_spawn_axis_start
4254	5A33FAAE-F996-11ED-AC33-68545AAE1653
4255	scriptable_vk_coffeecup
4256	5754C6B2-9835-BEE0-D465-99E033373589
4257	0 44.9985 0
4258	C5BDB018-3D7C-27C6-D2BD-BF3C96B6A074
4259	C7A522FE-C6A3-9DDD-6222-42848489F01B
4260	E1C75022-18ED-EB90-8A01-8D96A0834FC6
4261	B3CDF590-6D7F-11EE-9592-68545AD2D871
4262	0 74.9995 0
4263	2145.19 1638.09 312
4264	F1F0B43F-B0CB-91DF-516C-6C5C57446FEC
4265	decor_framed_picture_family_photo_04
4266	-2018.5 -943 272
4267	2336.88 1625.18 312
4268	-1889.5 -1433.5 273.64
4269	-1919.52 -1439.46 273.698
4270	30ADC491-E2CF-11EE-9016-68545ACDFBC3
4271	-1343.5 -1556.5 296
4272	1610.5 98.5 307.974
4273	3A623A6C-04AF-11EE-AC38-68545AAE1653
4274	black::veh9_civ_lnd_sedan_hatchback_1985
4275	scriptable_decor_coffee_mug_02
4276	26A5C634-65F8-11ED-8E58-68545A91F9AF
4277	0 288.999 0
4278	29673F73-1BF7-FE10-36BB-26791381C3D8
4279	96A12499-4E18-978C-0932-DCE2FCB71918
4280	1978.78 1079.66 288
4281	pffd2564c5ae77a22f_auto2108
4282	63D50671-66C0-11ED-8E58-68545A91F9AF
4283	1B211C1C-C6A1-82C6-E031-F2C5C816C1C5
4284	0FD2F077-3903-11ED-8E3F-68545AAC0192
4285	E8229C18-66B7-11ED-8E58-68545A91F9AF
4286	2564.5 487.5 304
4287	vfx/jup/level/mp_jup_invasion/vfx_inv_dust_fall_01
4288	0 179.998 0
4289	14C11D68-D8FC-415C-F1A4-FA4B0057BF46
4290	-2726.5 -474.5 272
4291	8257E110-7D4D-11EE-9595-68545AD2D871
4292	CD1BDC8C-904C-BA57-D770-D568BE7BA901
4293	pf15595f906cc01e1d_auto4
4294	A8DB6523-FA64-11ED-AC33-68545AAE1653
4295	8B42B2CE-41C4-0413-0B6A-68D175006D23
4296	pfef2878185736c3ad_auto6077355842360794781
4297	0 275.476 0
4298	2186FCD2-B978-7560-CB08-DCDCA948EC1A
4299	-1851.52 304.542 280
4300	1560.5 1023.5 304
4301	contested
4302	0 199.998 0
4303	191BA2AE-1CA5-350C-EC5C-5A1114AE4FA2
4304	2358.5 1635.5 312
4305	pf987bcfa1b9878ddd_d_2
4306	-495.51 -1601 290.11
4307	64.49 1879 269
4308	E8229C2A-66B7-11ED-8E58-68545A91F9AF
4309	CCCBE053-AD26-8DCA-592D-52F8936D5592
4310	0DF79388-D635-11EC-8E22-68545A91F9AF
4311	353F4266-8AB6-2F57-CEFB-1F8F18142E92
4312	810F288F-7334-3E52-40DD-0468E5FBB0C1
4313	pf73028fe78f099404_auto2108
4314	pf85c11090973b9618_auto2108
4315	F1E7D1D8-2FDC-11ED-8E3B-68545A91F9AF
4316	pf31fd5eef0313bd05_auto9361906952155054808
4317	281.68 1207.58 317
4318	0 61.9997 0
4319	1558.5 1037.5 304
4320	75E950D4-2962-11ED-8E35-68545A91F9AF
4321	D1FCE721-66B8-11ED-8E58-68545A91F9AF
4322	vfx/jup/level/mp_jup_invasion/vfx_inv_ember_burst_01
4323	pfae7588101eb90b26_auto2108
4324	2954.23 1491.72 312
4325	0 19.9992 0
4326	0F9324C8-65EF-11ED-8E58-68545A91F9AF
4327	infil_jltv_seat_3
4328	D5C99617-53FC-682F-E3DD-65EB2B031891
4329	5F582559-0584-9EB6-8407-A0861A7DB18A
4330	tag_windshield_front_pristine
4331	1A2B9FB1-66C0-11ED-8E58-68545A91F9AF
4332	CA2C2427-9552-B67A-8C9C-AAA9212B2C2E
4333	DB3786E2-A85C-024C-D77D-C60577BF1C93
4334	-2009.33 -860.314 282
4335	0 273.999 0
4336	pf41db4828cb456671_auto13110160360056907351
4337	1378.5 1131.5 288.873
4338	E8A62C05-E223-11EE-9015-68545ACDFBC3
4339	AD013AA7-FBAE-5539-AC74-0E968D393384
4340	pf20cd2706d6418f27_auto2108
4341	B07FABC7-66C2-11ED-8E58-68545A91F9AF
4342	0 358.9 0
4343	63D50668-66C0-11ED-8E58-68545A91F9AF
4344	860.49 963 279.697
4345	flower_vase_porcelain_01_a
4346	vfx_inv_ground_flat_dust
4347	pfc565f3c63ed9e273_auto13110160360056907351
4348	pfcaaafdc2ec8ff2ce_auto4
4349	-249.5 1645.5 269
4350	pf3dfa1739e62aee59_auto2108
4351	F15A2530-65F9-11ED-8E58-68545A91F9AF
4352	F645574E-D636-11EC-8E22-68545A91F9AF
4353	28D93542-2FD4-11ED-8E3B-68545A91F9AF
4354	C9B4C352-7D4D-11EE-9595-68545AD2D871
4355	84212FFF-3546-11ED-8E3D-68545A91F9AF
4356	AEF9BE6A-FA64-11ED-AC33-68545AAE1653
4357	pf691ac1fe188ddd76_auto2108
4358	pf6ee5a2fb617784f8_auto13
4359	0 276 0
4360	ACE124C0-66FA-6940-152F-4F84318A4498
4361	434C00AB-3301-7BD6-D00A-286FCD2B0F95
4362	89E55D8A-65E6-11ED-8E58-68545A91F9AF
4363	3C9ECA38-3902-11ED-8E3F-68545AAC0192
4364	0EE7FBBF-66AC-11ED-8E58-68545A91F9AF
4365	A49D9752-43C3-537F-5488-212F2ECFAF25
4366	pffcd22d7a7196aaa1_auto2108
4367	9ADF8960-D107-F623-7A34-28ECCC14655E
4368	76E39F62-6D7D-11EE-9592-68545AD2D871
4369	infil_blima_2
4370	FFF9B9F5-6D80-11EE-9592-68545AD2D871
4371	73476008-9227-4CD0-B438-A29665B06B65
4372	pfd1f8528d4d455e8e_auto2108
4373	-2566.81 -709.91 272
4374	1208.5 1271.5 288.223
4375	1757.5 781.5 304
4376	92B14192-66B7-11ED-8E58-68545A91F9AF
4377	3CFDD2E1-0396-855E-A691-28FE610CE164
4378	0 249.998 0
4379	1514.62 -198.604 302.004
4380	scriptable_com_trafficcone01
4381	45751841-1596-9C74-0F5F-AC837516EE72
4382	-2645.5 -252.5 272
4383	9B92F569-66AF-11ED-8E58-68545A91F9AF
4384	1628.5 267.5 298.732
4385	-2082.03 -517.781 272
4386	BC396271-49BE-D605-9090-5DC2CA7CCBC3
4387	1A276E59-F7B5-3CC3-6E8D-CAA1CF5C9340
4388	FBA7D0EB-74CB-5033-A9B5-D945E33DBFFD
4389	1312D61C-51A4-71C3-6EA8-B7B29BDE55DA
4390	01B1D387-9753-9A79-8495-4112344ACA9E
4391	pf6561e0efde4178b8_auto2108
4392	9C7C9A3E-A953-6802-ED9B-05628C9637CB
4393	7DCD4D3E-65F1-11ED-8E58-68545A91F9AF
4394	053C7CAA-9C5D-99FA-188B-57D8DED37CD6
4395	-2721.35 -98.566 280
4396	-781.5 -1491.5 287.473
4397	-2287.4 1748.7 269
4398	92AF1E36-441D-62AB-75E3-0E07BCB54380
4399	-1891.5 -1584.5 273.771
4400	pfb137c4d52961e37e_auto2108
4401	-1771.08 872.511 272
4402	0 99.9999 0
4403	386048BE-EDEE-11EC-8E25-68545A91F9AF
4404	E6DCDA85-F4FA-DC26-435A-290A86F2A192
4405	6EAD4B89-70E2-53AC-382F-2294CCD9F30E
4406	737026FF-1262-FE40-2792-31A401E1CA2A
4407	-1829.5 1687.5 269
4408	0 0 0
4409	7A197082-32AF-E9A9-130E-38F115D18F5B
4410	F0E2A1DD-EDED-11EC-8E25-68545A91F9AF
4411	0 9.99986 0
4412	-2424.5 382 271.872
4413	2915.5 50.5 301.828
4414	-2099.51 790.997 280
4415	partially_reopen_in_use_unusable
4416	7DE4DC10-F02B-B8FD-3ECE-63BDC95BC258
4417	scriptable_fire_flicker_fast
4418	1566.5 1125.5 304
4419	pf1527f2ae689fdf1f_auto2108
4420	jup_infil_blima_rope_fall_right
4421	vfx_lensflare_houselight_warm
4422	pfef2878185736c3ad_auto12638447910400827322
4423	pfed82bb5957e8f9bd_auto2108
4424	36569B1D-D5B2-78F5-90A8-86FAE8EBDF53
4425	pfd649ab88096090fe_auto2108
4426	mp_inv_smk_cling_white_02
4427	E994EF71-04AF-11EE-AC38-68545AAE1653
4428	C89BB1F6-B0F8-82D0-FE72-F3D7A02265BE
4429	CD9E91D5-D2A7-6905-4E02-68EDA63F0CE8
4430	5763FBE1-FF55-D04D-CE22-4EF8A80DC59B
4431	bathroom_toiletries_bottle_01
4432	9CEB4F25-C82F-7F28-FE63-19D0D04C6308
4433	-2558.43 -425.7 380
4434	scriptable_cinderblock_wall_topper_01_16
4435	pf9344ce8ec49b079f_auto2108
4436	E3109334-BC7F-AF75-C8C1-41D68E6F7DF7
4437	pf3a9462ccbe835144_auto2108
4438	0 165 0
4439	805FD8E4-66B0-11ED-8E58-68545A91F9AF
4440	BE57A3B7-E8C0-E9A7-1149-ADFC02DB0160
4441	1F0C6A1E-F941-6437-F5CB-AEDFA72711FB
4442	0 176 0
4443	21F6EA6A-45B9-E2C2-3297-CFD2CE3A6C27
4444	0F941B9B-E223-11EE-9015-68545ACDFBC3
4445	01E03D3E-7D47-11EE-9595-68545AD2D871
4446	B21EA72F-F50F-FFB7-C446-DD876C353A18
4447	0D033BA0-04BF-11EE-AC38-68545AAE1653
4448	E7A5E120-6D80-11EE-9592-68545AD2D871
4449	0 278.999 0
4450	E7A5E102-6D80-11EE-9592-68545AD2D871
4451	9F974836-570D-86F3-1B18-2F12A1433DB2
4452	A86CDF39-04AF-11EE-AC38-68545AAE1653
4453	B0C423AE-65F9-11ED-8E58-68545A91F9AF
4454	misc_bottle_wine_02
4455	016A29BD-BFC5-E7FE-E324-D6F4E2197343
4456	445367FC-5671-8A35-BDB7-15EB45F1FED3
4457	AEF9BE6F-FA64-11ED-AC33-68545AAE1653
4458	5242D4CD-D213-AE60-6F44-4D7D9B4930D0
4459	D1FCE72D-66B8-11ED-8E58-68545A91F9AF
4460	-466.91 1828.81 269
4461	E8229BE8-66B7-11ED-8E58-68545A91F9AF
4462	1584.5 847.5 304
4463	pfe77c14b65363ffb9_auto2108
4464	0FD2F07D-3903-11ED-8E3F-68545AAC0192
4465	D2509F95-10FE-9968-1A60-406E12CF6405
4466	E9E6CFE3-04B9-11EE-AC38-68545AAE1653
4467	-2733.5 -480.5 272
4468	C9F28A7C-7D4A-11EE-9595-68545AD2D871
4469	F8119C3A-66B0-11ED-8E58-68545A91F9AF
4470	96B471E7-E975-5233-24F2-E1C700098C2F
4471	C782B996-D633-11EC-8E22-68545A91F9AF
4472	2627.6 -115.866 305.854
4473	-1489.5 1809.5 276
4474	593D292A-2CFC-A999-6274-91C04B61279F
4475	scriptable_veh9_mil_lnd_jltv_infil
4476	1D6EBF4C-65F4-11ED-8E58-68545A91F9AF
4477	closed_to_fully_open_unusable
4478	79F11A60-ABB7-EF45-9D34-A3D64201F080
4479	568.5 715.5 284
4480	1A2B9F9C-66C0-11ED-8E58-68545A91F9AF
4481	DEBDC07D-66A8-11ED-8E58-68545A91F9AF
4482	scriptable_vfx_animals_rat
4483	-2070.62 -619.956 256
4484	-2041.94 832.509 261.117
4485	food_trash_can_soda_03
4486	pf7bc09281e2b4c29f_auto2108
4487	0 215 0
4488	D11DBAE4-04B9-11EE-AC38-68545AAE1653
4489	63D50650-66C0-11ED-8E58-68545A91F9AF
4490	0 310 0
4491	-799.52 -1643.46 288
4492	56DCFB1F-7D49-11EE-9595-68545AD2D871
4493	E8952E0A-6ACB-0BEC-A883-355A5A014040
4494	D4FE7F53-FA64-11ED-AC33-68545AAE1653
4495	0 324.999 0
4496	pff9a8f4858ba6988b_auto2108
4497	CEE0A340-C30D-7A8F-C016-0873569A294E
4498	1A2B9FBD-66C0-11ED-8E58-68545A91F9AF
4499	2408.18 176.994 304
4500	FA4C3315-B368-1F05-DF4B-9F053E06C8DF
4501	FB4CC58F-5FFF-DFEF-292F-205C467B2298
4502	scriptable_food_beer_can_6pack_01
4503	2200.18 -659.006 323
4504	scriptable_door_wood_ornate_01_blue2_double_l
4505	-2643.5 -314.5 272
4506	7FD86BD1-66C5-11ED-8E58-68545A91F9AF
4507	2266.55 -611.108 307
4508	B284011F-04AF-11EE-AC38-68545AAE1653
4509	-1893.52 -1509.46 273.613
4510	c2
4511	pfdc32c5a1d3e62160_auto4
4512	pf4989191ab506c8cb_auto13
4513	C373F84F-E2B8-11EE-9016-68545ACDFBC3
4514	vfx_inv_trash_drift_01
4515	B884B6D7-E2CB-11EE-9016-68545ACDFBC3
4516	147DAA58-D635-11EC-8E22-68545A91F9AF
4517	FAB0786E-787D-38B2-EA33-E96C098E0464
4518	pf8b7b30ae80f42de3_auto2108
4519	900EA1B4-B810-A46E-B85F-EE50B1BB25CE
4520	03B19F76-3903-11ED-8E3F-68545AAC0192
4521	B07FABE5-66C2-11ED-8E58-68545A91F9AF
4522	13DA9E35-6D7E-11EE-9592-68545AD2D871
4523	E482C03E-66BC-11ED-8E58-68545A91F9AF
4524	wheel_center_front_left
4525	pf663bf49338adf490_auto2108
4526	2956.89 62.977 304
4527	8DAC9726-B5D3-0774-42EA-31785FD73528
4528	2868.49 291.522 304
4529	BAB9B196-73EF-9999-9A10-A0B558BA8C1A
4530	2748.89 238.977 304
4531	mp_ctf_spawn_allies_start
4532	-2614.91 -79.1899 269
4533	vfx_animals_pigeon_jup
4534	-1587.52 168.542 280
4535	-2726.46 979.52 271.234
4536	-2326.91 1732.81 269
4537	ik_out_end_left_hand
4538	1636.52 -25.5416 308.485
4539	pffc311c6fdec99f34_auto2108
4540	5F6D7751-D1AE-E626-6177-AE7F277FE9F6
4541	1380.5 1133.5 288.733
4542	0 140 0
4543	vfx_inv_dust_blow_02
4544	3
4545	k
4546	8501509F-8540-D721-234F-1340D4983825
4547	EF6448A8-319A-E77F-598B-DA7339310A97
4548	pfcd50fc73bebcd42b_auto13110160360056907351
4549	electronics_bug_zapper_01_on
4550	A15F261A-7D4B-11EE-9595-68545AD2D871
4551	70D4C265-B7E8-4F29-24F7-97E62AABC6AC
4552	C7401BB4-7D3F-8140-31B3-4E37B3AA4A85
4553	pfec4a392957f4fdbe_auto13
4554	B07FABA3-66C2-11ED-8E58-68545A91F9AF
4555	6823D376-B5FE-5257-0C8E-D4D861A468B7
4556	pf31fd5eef0313bd05_auto12725924414912554403
4557	pf7b75cfe7da8ec42c_auto2108
4558	B5E2C451-02D5-1697-A2BE-3A7522B57A0E
4559	2D6E1A7E-A132-0E00-90E9-5D16D7938E96
4560	-103.5 -1614.5 316.85
4561	pfd9e07628e1f036ff_auto2108
4562	A6F6E4F9-7D8F-C246-BEA4-E71BE875EE7A
4563	pf31fd5eef0313bd05_auto841228406173390060
4564	0 111 0
4565	pf9698e0ec83d1dec5_auto2108
4566	pf3b07150f8534ae80_auto2108
4567	240C18B6-C779-796B-45A5-6B7AD0379928
4568	-1828.05 123.13 280
4569	-595.52 -707.458 282
4570	5D5EB26E-66A4-11ED-8E58-68545A91F9AF
4571	A86CDF23-04AF-11EE-AC38-68545AAE1653
4572	1558.5 1118.5 304
4573	-1399.5 835.5 280
4574	2004.5 857.5 304
4575	8F351CB6-6D7D-11EE-9592-68545AD2D871
4576	6F464399-8E42-39B3-7AD7-E3B5BED583BC
4577	8290D15C-11B7-FF81-F796-0E6ED8A074D9
4578	2080.5 1191.5 304
4579	0 224.999 0
4580	75E950C9-2962-11ED-8E35-68545A91F9AF
4581	2362.49 -507 305.509
4582	75E950DF-2962-11ED-8E35-68545A91F9AF
4583	F6E097A2-C904-5B1E-3056-86FDEA2B50F3
4584	0510EE88-B7E7-67B7-90D7-5935ACF6685C
4585	1275.46 1175.36 294.378
4586	AF2918EB-7D49-11EE-9595-68545AD2D871
4587	B740FE43-66AC-11ED-8E58-68545A91F9AF
4588	-2569.5 382 274.207
4589	2715.29 538.181 302.235
4590	142E1EBC-569A-394B-F866-7D61DFD3D5AB
4591	wheel_center_front_left_flat
4592	325799D7-9F18-35BC-C699-94CB12A7DA4C
4593	FB87369F-5B51-ED0C-080C-4A99E8E133EC
4594	scriptable_veh9_civ_lnd_pickup_1990
4595	7B26D258-04BF-11EE-AC38-68545AAE1653
4596	-2537.5 -375.5 272
4597	1558.5 1026.5 304
4598	1328.51 -1504 262.91
4599	2AEA572E-817A-FBA8-5430-C4E94B2FAE15
4600	9C0716BB-7908-0A27-9C0B-ACCD6DAF3B0B
4601	C7A1199B-E8C1-4964-7E06-EF5943D1113D
4602	F946A050-52B8-664D-D95E-ABB9EBD50D93
4603	hardpoint_vis_04
4604	F074BEBA-04AF-11EE-AC38-68545AAE1653
4605	pfec4a392957f4fdbe_auto13110160360056907351
4606	B0C423AB-65F9-11ED-8E58-68545A91F9AF
4607	base_book_stack_01a
4608	mp_tdm_spawn_allies_start
4609	15D70CFF-D634-11EC-8E22-68545A91F9AF
4610	0AC000B6-2CB5-C1B1-2C04-C80FFFD152E7
4611	05657124-3B22-D8E1-B2B8-FFB34A27232B
4612	604BE2BB-65F5-11ED-8E58-68545A91F9AF
4613	-2003.5 771.5 282
4614	mp_robj_spawn
4615	019E0490-65F2-11ED-8E58-68545A91F9AF
4616	-2695.5 151.5 271.087
4617	9F1BCE11-2963-11ED-8E35-68545A91F9AF
4618	1A2B9FAB-66C0-11ED-8E58-68545A91F9AF
4619	FAEAA50F-DB98-8B1D-33D9-2C9CB8D4ACA7
4620	-751.334 -1709.94 288
4621	DDB83B40-66B6-11ED-8E58-68545A91F9AF
4622	1558.62 1565.64 273.922
4623	-1339.5 -1560.5 296
4624	A64B04CB-E8CE-D69B-371E-DFE22FC9534B
4625	base_book_03b
4626	F8C7D097-6D7B-11EE-9592-68545AD2D871
4627	066BE258-9899-ADF9-1B76-F29CBE7C8C97
4628	pf5c558f8b98878fb_auto2108
4629	light_front_left_2
4630	81E507A2-7A68-6A93-1910-E01E5B1C197A
4631	-2647.5 -382.5 272
4632	mp_escort_spawn_defender_start
4633	6B5A7000-BD65-7315-87D0-0054A13B7D41
4634	C910DC6D-65E7-11ED-8E58-68545A91F9AF
4635	42CEEAC9-90F4-C65D-8FF3-79FBDBC67629
4636	4D1C6DA1-2FDA-11ED-8E3B-68545A91F9AF
4637	jltv_infil
4638	55BEADF5-66B0-11ED-8E58-68545A91F9AF
4639	C4734BFD-BCF5-CF5B-F59C-DA78E3D370C8
4640	2156.12 1647.82 312
4641	425F99C4-E98B-064D-9256-5C0B383D4197
4642	-2725.5 -536.5 272
4643	pfd72159c791799b70_auto2108
4644	pf5cf42037c51344d0_auto2108
4645	1210.5 1273.5 288.235
4646	decor_coffee_mug_02
4647	show
4648	-1343.5 -1554.5 296
4649	-2767.5 321.5 270.768
4650	2D7BEA92-2961-11ED-8E35-68545A91F9AF
4651	8BFEC8CE-2FDE-11ED-8E3B-68545A91F9AF
4652	A89B9D55-65E0-11ED-8E58-68545A91F9AF
4653	0 244.999 0
4654	D5774D11-D6A5-7D3E-3C46-A0785B98DBE4
4655	pfdb99a7b9cf0e28eb_auto2108
4656	pfef2878185736c3ad_auto17042714678656877602
4657	0 334.997 0
4658	1A2B9FD5-66C0-11ED-8E58-68545A91F9AF
4659	pfff405a2351e82c21_auto2108
4660	-1955.5 -1471.5 263.5
4661	A7F6E3C5-66B5-11ED-8E58-68545A91F9AF
4662	0 41.9999 0
4663	-2187.51 -121.003 280
4664	6A06B506-65F4-11ED-8E58-68545A91F9AF
4665	1333.5 1068 287.303
4666	-2733.5 -416.5 272
4667	-2729.5 -220.5 272
4668	1377.76 1138.48 288.584
4669	15D9130A-3903-11ED-8E3F-68545AAC0192
4670	60A3BA14-B7F2-DA5C-86AC-1047D7E46793
4671	2874.05 287.21 304
4672	7656854E-CA00-46F2-BF75-72074FE2B493
4673	traversal_door
4674	32FCFF8E-E21A-11EE-9015-68545ACDFBC3
4675	9C5B0723-52DC-A01A-B829-27DC56504F95
4676	5B054DC2-E476-A328-9733-5718C8146849
4677	C10DBE27-9EF2-7A66-BD1E-7A7BECEF6CA7
4678	pfa0e0f95af1dd13eb_auto4
4679	1607CABA-65FA-11ED-8E58-68545A91F9AF
4680	1634.52 -27.5416 308.478
4681	D1FCE754-66B8-11ED-8E58-68545A91F9AF
4682	CD53013C-FFDB-62ED-3567-3E956BB4EF6B
4683	368F4B88-CFF1-899C-B83D-BAFDCAE4E6AF
4684	on_nolight
4685	pf86f5452d2ff21782_auto2108
4686	-2591.51 10.997 272
4687	15D91349-3903-11ED-8E3F-68545AAC0192
4688	39CD1EBB-FA62-11ED-AC33-68545AAE1653
4689	3EEE9674-F441-0F38-24A2-4700E84A0AA1
4690	pf144376d3957d3826_auto2108
4691	scriptable_secure_lighting_helicopter_light_on_01
4692	ECE9EE08-9E77-374A-4539-08CBBE50F4EC
4693	tag_light_front_left
4694	327.737 -1569.84 296.232
4695	1DF27C50-E223-11EE-9015-68545ACDFBC3
4696	EE02E9D9-85FC-81C5-AA24-132A406137FA
4697	41C1FDDB-E2B7-11EE-9016-68545ACDFBC3
4698	scriptable_equipment_box_fan_case_dyn
4699	secure_loc_j
4700	E562EE82-7D4A-11EE-9595-68545AD2D871
4701	0 14.9971 0
4702	1563.27 1126.22 304
4703	B96A1C62-54D3-A15D-1E48-A8238FFAF3C1
4704	F074BEC0-04AF-11EE-AC38-68545AAE1653
4705	18897B3C-0272-5B9B-BD03-6FAD66358A55
4706	566.5 704.5 281.996
4707	-2769.75 4.17865 272
4708	scriptable_food_trash_bottle_soda_02
4709	0FF2DA26-33AC-9B9E-00FA-E86AEA23F807
4710	426.5 -1408.5 290.295
4711	512C6C6A-AD55-CEE8-09A2-22752A2F9D9C
4712	0 85.7241 0
4713	E122626E-6D80-11EE-9592-68545AD2D871
4714	danger
4715	exhaust_controller
4716	vfx/jup/level/mp_jup_invasion/vfx_inv_spark_fusebox_01
4717	17DA0FED-04BD-11EE-AC38-68545AAE1653
4718	0 9.99785 0
4719	0 278.754 0
4720	F151CDB8-B036-71AF-1871-E12EC921D35F
4721	B8AC25EE-1B96-3335-7E97-44857EBC2826
4722	0 254 0
4723	75CA5622-27DC-FBFC-EBFC-FA9CBFA64A24
4724	F3B86FBA-9D95-FF2B-46DF-EAC1EE77262F
4725	918.5 -1522.5 270.043
4726	-227.5 -1492.5 302.69
4727	52EDB5A6-E2BB-11EE-9016-68545ACDFBC3
4728	0 210 0
4729	A798F2EA-7D44-11EE-9595-68545AD2D871
4730	34082104-2FCF-11ED-8E3B-68545A91F9AF
4731	zmb_broom_01_old
4732	61D36D15-0B40-7AE5-3001-E02008AF41E3
4733	mp_ctf_spawn
4734	E1226269-6D80-11EE-9592-68545AD2D871
4735	B07FABB8-66C2-11ED-8E58-68545A91F9AF
4736	0 225 0
4737	decor_trash_can_plastic_office_01
4738	pf26cda69545be70eb_auto2108
4739	9A24E0C6-B1D5-04FD-7906-0D585C16B4E6
4740	7F8C907A-FA19-5B0A-D766-2B52ABDB102C
4741	2461.5 265.5 304
4742	pfa0ee5ea38b5b3cf2_auto2108
4743	E8229C1B-66B7-11ED-8E58-68545A91F9AF
4744	7F900C9D-0809-D882-2BE3-5926A47F6AAF
4745	vfx/jup/level/mp_jup_invasion/vfx_inv_trash_drift_01
4746	D7DF8758-0C6C-8659-3A3B-C8F78C385C89
4747	B7697A8C-3605-DDCB-68BF-E3447556764E
4748	787 1175 271.5
4749	FE43394E-AF34-41D5-260D-A07667C8A841
4750	545A91EB-6DC6-BC45-B4E7-8B583A9F2714
4751	pf96899cc65ae06743_auto2108
4752	51E0716B-E2BC-11EE-9016-68545ACDFBC3
4753	rock
4754	-1183.5 461.5 271.774
4755	4BE25D7E-74D1-039A-113F-2E762CDFFCF1
4756	0 164.998 0
4757	-823.5 -983.742 383.769
4758	furniture_pillow_01_pattern_01
4759	-2755.05 -719.999 256
4760	scriptable_ee_book_office_folder_02_stack_sml
4761	2B2089A9-66B6-11ED-8E58-68545A91F9AF
4762	pf1112637ca2395092_auto13110160360056907351
4763	com_computer_mouse
4764	2254 -606.5 311.56
4765	pfc205864f4d2818fa_auto2108
4766	3902469E-64FE-C356-8C80-4FBC1A72E287
4767	E8236C0F-F506-3A29-169D-476ABAD285B8
4768	pf924fb7d9bad9ceb9_auto2108
4769	window_back_right_corner
4770	3C9ECA29-3902-11ED-8E3F-68545AAC0192
4771	-1763.5 787.5 271.5
4772	mp_dom_spawn_axis_start
4773	D58160CD-65F7-11ED-8E58-68545A91F9AF
4774	7D040FDE-66B5-11ED-8E58-68545A91F9AF
4775	c
4776	2758F1AB-3CCE-F8A5-5BEC-D6109E963771
4777	41A64015-A932-158C-C86F-5038312563C1
4778	0 155 0
4779	pf31fd5eef0313bd05_auto18304508629794703642
4780	0 109.999 0
4781	B07FABD6-66C2-11ED-8E58-68545A91F9AF
4782	AFFA0CF6-7753-9335-37E3-D1D2C62D22B4
4783	062EC85F-E2CD-11EE-9016-68545ACDFBC3
4784	453665F6-E2F7-11EE-9016-68545ACDFBC3
4785	1952.5 1359.5 305
4786	1E0814C9-82C8-7C76-5DBF-46AE8F66F09B
4787	0 34.9995 0
4788	window_blast
4789	815DF9D4-41F7-BDFC-3748-39CB251676D3
4790	0 345.9 0
4791	pfb9fcf36a7155e18_auto2108
4792	1225.5 1305.5 287.595
4793	FD0E56E2-65F5-11ED-8E58-68545A91F9AF
4794	90E149EE-F254-5EF5-717C-5A1D317E6A4C
4795	0 54.9999 0
4796	-2076.9 -241.992 264
4797	A3348F8F-B617-62F8-8634-9B79A2693F69
4798	CB81A96E-564B-4F5F-C4DA-99B7FC61C71F
4799	pf31fd5eef0313bd05_auto12371502905524287872
4800	8969A210-B941-1004-376E-C07D56519500
4801	533A1718-4855-FA93-F244-97A9CE8F9565
4802	C6F30A5E-FA32-B3FE-0A29-5D6D5148A06F
4803	me_electrical_box_small_01
4804	pfbb06f3db46979031_auto2108
4805	EB1F535E-E2CC-11EE-9016-68545ACDFBC3
4806	1890.49 669.522 312
4807	1242.5 2029.5 262.782
4808	ECB55383-7D4A-11EE-9595-68545AD2D871
4809	C5D3CE45-25A9-11ED-8E30-68545AAC0192
4810	4CAFF548-FA64-11ED-AC33-68545AAE1653
4811	2393.5 1423.5 303.363
4812	16BCC7D1-A9D7-16FC-D188-682CAD4832DE
4813	0 144.998 0
4814	-948.682 1786.8 276
4815	94F19D1C-B5B4-E905-AD00-44CB093F9438
4816	2018.5 -1262.5 289.117
4817	pff116cf0bbc3433fc_auto2108
4818	BEE7B40B-59F7-1973-09B6-1AA16D6126D1
4819	CD6AD3FB-547A-278C-F535-FA3DB458D55C
4820	-2231.52 -395.458 280
4821	-1691.5 -901 272.318
4822	pf41db4828cb456671_auto13
4823	1559.27 1030.09 304
4824	1952.5 559.5 304
4825	-2716.81 304.09 272
4826	vfx/jup/level/mp_jup_invasion/vfx_inv_smolder_light_sml
4827	7D031E0A-E2B7-11EE-9016-68545ACDFBC3
4828	D95E0674-A27A-E899-BAEC-9DAB2D359E04
4829	1889.81 -392.277 322
4830	6B3085AD-CE57-6E56-DDD4-51008407528B
4831	D1FCE72A-66B8-11ED-8E58-68545A91F9AF
4832	1522.63 -214.218 301.427
4833	3A4EEA76-DCC8-A999-1764-48719F703259
4834	-1457.5 371.5 276.276
4835	5B64DDB6-E76C-F536-E23E-E68AE5B310F0
4836	24D86C61-6D7D-11EE-9592-68545AD2D871
4837	food_trash_can_soda_02
4838	D10E3EDE-D633-11EC-8E22-68545A91F9AF
4839	taillight_left_dead
4840	F0A05025-A0F6-442D-C5B0-C4470233C095
4841	0 254.998 0
4842	64E953CF-EB24-11EE-95AE-68545AD2D871
4843	pf9f9c1a47bf432d9f_auto2108
4844	2126B465-7194-A04E-A339-EF603A4F8155
4845	1917.69 368.914 292.33
4846	-1674.83 -68.4941 273.073
4847	0 238 0
4848	20AAD8AE-7D47-11EE-9595-68545AD2D871
4849	base_book_01b
4850	13F2836C-D638-11EC-8E22-68545A91F9AF
4851	-1159.9 443.622 268
4852	CE3147C5-6D80-11EE-9592-68545AD2D871
4853	15E99C8B-EB23-11EE-95AE-68545AD2D871
4854	1262.5 1301.5 288.625
4855	6D6A3CA9-E21A-11EE-9015-68545ACDFBC3
4856	vfx_inv_fire_smoke_01
4857	11A6B320-29F9-FAE6-7761-03BC2F9F8526
4858	slategray::veh9_civ_lnd_sedan_2009
4859	8584359D-01D2-748E-2B93-46CBEF5B09EB
4860	-2758.04 877.5 271.239
4861	1458.31 1024.64 580
4862	-1276.62 -159.177 284
4863	exhaust
4864	F52A519F-422B-7F3E-19B5-F955FFD2C3C9
4865	D20FDA6D-2FD9-11ED-8E3B-68545A91F9AF
4866	94ACE26B-FA64-11ED-AC33-68545AAE1653
4867	B1884DD4-65F8-11ED-8E58-68545A91F9AF
4868	6D6A3CBA-E21A-11EE-9015-68545ACDFBC3
4869	pfea5ebbc724781df5_auto2108
4870	B163CC41-DB05-8FA1-E2C4-1ADBC7456F74
4871	34C0D908-2877-EB63-D092-E20A8731D6BA
4872	D76E8CB9
4873	D9542507-0BF2-CC54-8DBF-44448F1A3691
4874	-2197.5 -102.5 280
4875	1941.06 150.341 286.416
4876	ik_in_end_left_hand
4877	1016.49 1631 277.246
4878	A1BB8067-7C01-7068-68C7-593E41D11817
4879	pf2aa417327427c7f8_auto2108
4880	1601.5 881.5 304
4881	-251.5 -808.5 282
4882	0 241.999 0
4883	4DB0DF89-B0D9-1849-8F9E-24C2D167D6FE
4884	FA35F0A9-D634-11EC-8E22-68545A91F9AF
4885	-2729.5 -412.5 272
4886	F43DEDBC-D634-11EC-8E22-68545A91F9AF
4887	CD7B5F06-22BD-DF3A-E6A6-F38693F9CE05
4888	pf1ee8640f146ca4d_auto13110160360056907351
4889	mirror_right
4890	0 314.998 0
4891	1F4B2F99-2D78-4103-43B9-F5D174ABEC77
4892	-1825.5 -426.5 280
4893	-2391.11 494.98 280
4894	3221.48 589.929 312
4895	14919485-E0C3-5DD8-A54E-A021031CF2FC
4896	6B8EAE3A-66AF-11ED-8E58-68545A91F9AF
4897	t
4898	f
4899	pf7ecba0ebd3a85ebe_auto4
4900	2408.82 206.01 304
4901	0 109.998 0
4902	-2726.5 -538.5 272
4903	8A59E3C3-04BB-11EE-AC38-68545AAE1653
4904	-750.16 906.467 286
4905	mp_inv_trash_blowing_paper_01
4906	9240426C-7D48-11EE-9595-68545AD2D871
4907	vfx/jup/level/mp_jup_invasion/mp_inv_smk_cling_white_02
4908	1A2B9FB4-66C0-11ED-8E58-68545A91F9AF
4909	0 342.7 0
4910	1892.49 671.522 312
4911	com_trafficcone_01
4912	0 173.999 0
4913	vfx_inv_fire_sml_01
4914	0EE732B2-AAA1-A001-B262-7EAE0B61A10A
4915	scriptable_lm_door_glass_metal_frame_l_brkn_mp
4916	1260.49 1299 288.908
4917	2D2CB00F-F5BD-E95C-34AA-37C7DBE2D9DE
4918	5E086501-8ADE-258B-6C3D-03EEFB32C24F
4919	D10E3EDB-D633-11EC-8E22-68545A91F9AF
4920	B9E4E433-0634-82E2-C517-D8EF7085431F
4921	D1FC7AFB-6AA3-6560-8A00-E3D9F6799698
4922	A7F27D26-E657-B12D-F638-9963920EF4E0
4923	1873.61 -1300.58 273.639
4924	1947.5 373.5 290.461
4925	2664.51 -73.9553 289.439
4926	food_beer_can_6pack_01
4927	pfd0e475505a091b50_auto47
4928	pfd0e475505a091b50_auto50
4929	DC41527D-DCFC-C356-85B1-37B7091E7DFB
4930	37C01DFC-1206-11EE-AC39-68545AAE1653
4931	1216.51 -932 275.922
4932	0 29.999 0
4933	scriptable_construction_hardhat_lowres_01_yellow
4934	F23A66AC-E219-11EE-9015-68545ACDFBC3
4935	1818.5 1222.5 304
4936	CE96D13B-C5D8-8858-6A6F-E5108502EAD1
4937	0 4.99998 0
4938	C5D3CE4B-25A9-11ED-8E30-68545AAC0192
4939	-2731.5 -286.5 272
4940	59885F03-0717-1E46-7440-44ED344607D1
4941	321D5068-C36E-8EF8-3EAB-DB62FE8D9AB3
4942	C77A209B-6D7D-11EE-9592-68545AD2D871
4943	pf2001f245fc7cd747_auto2108
4944	EB1F5369-E2CC-11EE-9016-68545ACDFBC3
4945	1422.5 1623.5 282.386
4946	94748FC0-F5D5-8F7A-6D68-E6838B5A68F7
4947	0 184.397 0
4948	F074BEE3-04AF-11EE-AC38-68545AAE1653
4949	braking
4950	mp_control_spawn_defender_secondary
4951	0 128.999 0
4952	FF18F573-6F9A-B10F-FAE4-ADFD74539C03
4953	D45E2A38-6D80-11EE-9592-68545AD2D871
4954	A796D375-88D7-5251-BCE0-8E7698F237B7
4955	-2651.5 -386.5 272
4956	1336.51 -440 288.325
4957	36A4F457-8AC9-08A1-88AC-0043A63B5319
4958	65C3F02F-D694-C006-CB0A-4841A9FB1142
4959	pfa5a3f1fd0163a1c2_auto4
4960	-2729.5 -348.5 272
4961	132D13D9-65E7-11ED-8E58-68545A91F9AF
4962	5336F523-1E3F-7F35-C54B-491D3DF480A5
4963	94D5D992-AA18-B656-9724-34A56BD026BC
4964	F0DB7763-04BF-11EE-AC38-68545AAE1653
4965	66D24C46-BD7F-BD91-E27C-174E3EF959AB
4966	4A0E002F-710F-F3D5-2390-1EAE6FEE5DC8
4967	E8229C33-66B7-11ED-8E58-68545A91F9AF
4968	87B5F070-54E1-B50E-FDD5-F743B36D49D9
4969	30EBE9C9-96EB-FEED-4ADD-CB7775586E8B
4970	C887C7EB-BC3C-2592-3FFA-7112F92C7BAA
4971	B64A69D8-288D-32BC-5C46-8BA67042A70D
4972	0 254.999 0
4973	ik_out_end_right_hand
4974	38023B6D-E97D-81ED-34FA-92B320C9A6BD
4975	16DF18C8-65F8-11ED-8E58-68545A91F9AF
4976	F60E9B69-72D6-A728-10B2-7A99B3455A4C
4977	0 312.479 0
4978	FFC97736-156B-8D21-3DAD-452D5CD61A45
4979	028F56ED-10B5-A06C-01DC-079CD72E1CAF
4980	0 237 0
4981	pfe828061da3252831_auto2108
4982	pfbf4b5c4995d12ed6_auto2108
4983	EEB7BF2E-28CE-16DB-A30B-0DF212B76F14
4984	ABA28E97-2963-11ED-8E35-68545A91F9AF
4985	CC85EB14-8884-B9C1-9069-0BBBF30B6FD7
4986	2063.97 -641.24 322
4987	A3EB322A-7062-E17E-2FA9-A20D11F1E139
4988	2266.55 -611.108 323
4989	C192EE57-7D4C-11EE-9595-68545AD2D871
4990	2268.5 -612.5 323
4991	8E5FB96B-E2CE-11EE-9016-68545ACDFBC3
4992	95F24AEC-65F5-11ED-8E58-68545A91F9AF
4993	0189660E-5604-3AD0-C37F-945963EC7465
4994	B07FABD0-66C2-11ED-8E58-68545A91F9AF
4995	mp_arena_spawn_allies_start
4996	pff6f1fd27f1a6a94d_auto2108
4997	pf8307624df294f199_auto2108
4998	1866.5 902.5 304
4999	9C9B57AE-66B0-11ED-8E58-68545A91F9AF
5000	9E61A261-04AF-11EE-AC38-68545AAE1653
5001	0421D31D-F7B4-6027-3C23-94F1C7C67B0C
5002	1650.63 -32.2177 308.039
5003	default
5004	end
5005	scriptable_me_kitchen_coffee_bag_01
5006	1256.5 1299.5 288.529
5007	1899.5 1012 291.5
5008	scriptable_construction_doors_metal_b_02_mp_green
5009	pfa64b0b4efe86f258_auto2108
5010	92C82F38-5A23-5C16-7F61-0A60A5F36457
5011	53A50923-C962-EEAA-6AE3-553E6BF98BBE
5012	pf64fd47499bd8618b_auto2108
5013	2E0E04B7-E2B7-11EE-9016-68545ACDFBC3
5014	3199.5 48.5 299.205
5015	0413A520-720C-9863-0A02-63923C8470CF
5016	B28400F3-04AF-11EE-AC38-68545AAE1653
5017	1242.5 1390.5 284.568
5018	pf6a4850424782dafa_auto4
5019	pf987bcfa1b9878ddd_auto12905084422526996783
5020	0 220.243 0
5021	pf95ac34aa6c9a3c7e_auto2108
5022	D36E3962-654D-6596-7C9D-BCDCE138BE94
5023	9870B4B1-F7F7-8F6B-0A9A-7FEE341E0283
5024	-2726.5 -346.5 272
5025	-787.82 -1663.01 288
5026	0 9.99958 0
5027	1A2B9FC6-66C0-11ED-8E58-68545A91F9AF
5028	13F28303-D638-11EC-8E22-68545A91F9AF
5029	explode_left_90
5030	DAD5EDD2-9719-5945-09D5-4436C5908548
5031	pf8e3d843757987a9d_auto2108
5032	3C9ECA32-3902-11ED-8E3F-68545AAC0192
5033	7A507E87-25A9-11ED-8E30-68545AAC0192
5034	scriptable_base_book_group_06a
5035	scriptable_base_book_group_01b
5036	-957.5 1779.5 276
5037	D7476EC4-C974-86E6-2BF8-46588A600236
5038	4CAFF54D-FA64-11ED-AC33-68545AAE1653
5039	scriptable_food_trash_bottle_juice_01
5040	1569.16 960.641 580
5041	B5A7A72C-7763-0405-F8B4-0D6B625820E9
5042	C797F638-6D80-11EE-9592-68545AD2D871
5043	36FF7B8C-D635-11EC-8E22-68545A91F9AF
5044	ws_raise
5045	fingers_in_end_right_hand
5046	1B2EE351-EB44-C068-887E-A8C054153223
5047	pf902f954e5ab84ece_auto4
5048	df_blima_interior
5049	pf6b651041c2735c27_auto4
5050	7FD86BD4-66C5-11ED-8E58-68545A91F9AF
5051	secure_loc_h
5052	pf914136935e8f3e79_auto2108
5053	15770677-E2B8-11EE-9016-68545ACDFBC3
5054	scriptable_flower_vase_porcelain_02_b
5055	C797F629-6D80-11EE-9592-68545AD2D871
5056	0 284.999 0
5057	93131A8D-F8B0-FEBB-B31E-0E2FD6FADEA3
5058	4732ADF2-F4D8-11ED-AC31-68545AAE1650
5059	77073BD0-2FDE-11ED-8E3B-68545A91F9AF
5060	-2645.5 -508.5 272
5061	-2651.5 -194.5 272
5062	D1A0C8F2-7D44-11EE-9595-68545AD2D871
5063	scriptable_hardpoint_chevron_secure_01
5064	B6D59EFF-EB24-11EE-95AE-68545AD2D871
5065	3021.5 1248.5 297.228
5066	electronics_fire_alarm_trigger_01
5067	A9B38EFA-E2CD-11EE-9016-68545ACDFBC3
5068	15D91325-3903-11ED-8E3F-68545AAC0192
5069	E8F83968-70A5-315B-7F17-81C4F88EDA23
5070	A64BCEDC-E719-5ABA-12AE-B09029914E57
5071	2944.89 1090.98 312
5072	pfc9c118b07c2b4061_auto2108
5073	D5334AD6-65EE-11ED-8E58-68545A91F9AF
5074	-2615.5 -76.5 280
5075	40447A35-B1C8-442E-358C-E819A5C7056E
5076	pf65ad6618f9cf9eb3_auto2108
5077	pfc9ddff56429f4c6c_auto2108
5078	no_process
5079	72A19C86-65F5-11ED-8E58-68545A91F9AF
5080	E994EF81-04AF-11EE-AC38-68545AAE1653
5081	E122625F-6D80-11EE-9592-68545AD2D871
5082	7222495C-90FC-3CC8-06B4-71095589659D
5083	73A05EBD-EF16-7D45-2465-E9015F09A704
5084	pfa4364ba707f85ca6_auto2108
5085	3D1571EC-25DA-0FF9-F1F5-3D58E8E3FCEF
5086	C782B98B-D633-11EC-8E22-68545A91F9AF
5087	secure_loc_e_z
5088	EE13A318-960B-5051-C5D1-1CA1452CBBA4
5089	2931.19 624.09 299.83
5090	2567.32 891.42 312
5091	pf31fd5eef0313bd05_auto5264131026447410680
5092	AAC25CB3-25A9-11ED-8E30-68545AAC0192
5093	386048B8-EDEE-11EC-8E25-68545A91F9AF
5094	63D5065C-66C0-11ED-8E58-68545A91F9AF
5095	BEEF4D7C-EB23-11EE-95AE-68545AD2D871
5096	F9C86EAE-C710-5BE3-E232-CA87001C1F40
5097	2864.5 279.5 304
5098	0 252 0
5099	7FD86BB6-66C5-11ED-8E58-68545A91F9AF
5100	windshield_back
5101	vfx_ks_emp_sparks_lrg
5102	F22DA340-72C1-097B-A163-F15E1BECBF2C
5103	-1759.5 1695.5 269
5104	55BB207B-6F95-DFF5-80AD-CCC91A21280A
5105	122.5 1293.5 317
5106	0 154.999 0
5107	scriptable_fire_flicker_large
5108	scriptable_crate_plastic_sml_01_red
5109	pff44f6be1abfdba09_auto4
5110	B822CFEC-061A-2351-A31B-0588A440F4DB
5111	df_stop
5112	pf43b07a5ca3538a0c_auto13
5113	0 300 0
5114	0EC03FBF-4D3C-234C-5DC1-97D254DBE2B9
5115	E8229BE5-66B7-11ED-8E58-68545A91F9AF
5116	-2637.79 -321.208 256
5117	-229.5 -1436.5 309.989
5118	-2727.5 295.5 271.969
5119	938D59E3-8BD2-6217-6B6C-DE7FC4341C93
5120	FE08E217-33C8-11ED-8E3D-68545A91F9AF
5121	un_office_pen_pencil_holder_01
5122	D6BA4FB2-7F15-36CB-C283-C856BA4DC647
5123	0 187.168 0
5124	7268662E-66AF-11ED-8E58-68545A91F9AF
5125	1764.52 778.458 304
5126	E4AE5A1A-8F68-5CF1-98FC-B452DE4C538B
5127	11FCDF19-A8DA-6DFD-F185-74739C8AE81B
5128	2D0ACD47-37DF-0D52-3A66-5C4199390538
5129	89AEA128-8DA9-5900-7590-7FE9D8756592
5130	D1FCE730-66B8-11ED-8E58-68545A91F9AF
5131	0D9B7081-EDEE-11EC-8E25-68545A91F9AF
5132	-2697.5 236.5 272.428
5133	5371597D-3305-FACD-0A98-AC87B95DC3F8
5134	147DAA69-D635-11EC-8E22-68545A91F9AF
5135	pf3f3f43277bc90851_auto4
5136	-2335.52 -403.458 278.747
5137	7C1E89A6-3546-11ED-8E3D-68545A91F9AF
5138	pf92432c13808c0e5c_auto2108
5139	1391.04 1254.7 281.433
5140	0ADCBB8A-4151-E902-AF1B-876EF272F793
5141	E19418DA-FA67-11ED-AC33-68545AAE1653
5142	-2327.5 -406.5 280
5143	3DC10BEF-30C6-9B9C-AD0E-71416D491A3F
5144	pf4dcbe31206eb3b9d_auto2108
5145	pf31fd5eef0313bd05_auto12638447910400827322
5146	0 244.998 0
5147	-2067.82 -675.006 272
5148	342DDF64-9873-63C3-17B2-EC14C663858C
5149	pfafe7cb602d2e3799_auto2108
5150	0 79.9975 0
5151	935.5 -1532.5 256.6
5152	ED0FC12C-04BE-11EE-AC38-68545AAE1653
5153	1A2B9FD2-66C0-11ED-8E58-68545A91F9AF
5154	E22960BB-5C42-5B7D-846E-3464D8FA4B43
5155	4FCE6728-66A8-11ED-8E58-68545A91F9AF
5156	F2407D87-65E8-11ED-8E58-68545A91F9AF
5157	A05FE399-12AD-C4EB-2EEA-09AA1B6D683F
5158	D8532E68-987D-ACED-603A-AAA089DD9607
5159	DEBC8564-EB23-11EE-95AE-68545AD2D871
5160	1566.5 1141.5 304
5161	2A443627-E64C-B21D-3E19-A777C9DBB87A
5162	F97C3841-EB23-11EE-95AE-68545AD2D871
5163	scriptable_kitchen_cookware_pan_01
5164	1923 -102.92 292.261
5165	DAD84618-6D80-11EE-9592-68545AD2D871
5166	01DE806C-12A2-79EE-1F1E-0D815D83B5C1
5167	wheel_center_back_right
5168	0 352.642 0
5169	04EEF71B-601D-A84C-1864-D753CBA0C732
5170	0 64.9999 0
5171	-1509.47 803.84 284
5172	DAD84609-6D80-11EE-9592-68545AD2D871
5173	5A33FA82-F996-11ED-AC33-68545AAE1653
5174	072D66B5-0AB3-264A-485E-DEDB08347E54
5175	pf11b7003857859263_auto2108
5176	0 101 0
5177	4CAFF52A-FA64-11ED-AC33-68545AAE1653
5178	F0F3FFA0-65F3-11ED-8E58-68545A91F9AF
5179	-2726.5 -282.5 272
5180	secure_loc_m
5181	secure_loc_q
5182	0 339.999 0
5183	pfac61f410cd358fce_auto2108
5184	15DD8B9F-701E-EDCB-A6E8-77D7582F0327
5185	scriptable_t10_decor_ashtray_01
5186	1939.13 -477.507 322
5187	0 188.999 0
5188	mp_escort_spawn_attacker
5189	16D70512-65EF-11ED-8E58-68545A91F9AF
5190	0511D557-92EA-9A92-5326-CFEF827F1990
5191	F13D88CA-7CB2-A46F-4932-687F561C699E
5192	6DD12E48-EB24-11EE-95AE-68545AD2D871
5193	68226C58-AFBC-51B4-0A2E-F62F67A7CB1A
5194	0 69.9978 0
5195	755EA1EB-7D47-11EE-9595-68545AD2D871
5196	2DBE8AB3-4BB5-DF19-2409-3AAD89800CD4
5197	13F28362-D638-11EC-8E22-68545A91F9AF
5198	1869 904 304.039
5199	1673.16 1050.43 304
5200	pf373bb66edae9c4da_auto2108
5201	19C097AD-EDEE-11EC-8E25-68545A91F9AF
5202	4A392793-04AF-11EE-AC38-68545AAE1653
5203	29F2891A-FA68-11ED-AC33-68545AAE1653
5204	pfc4918a7f1c5aae0b_auto2108
5205	scriptable_paris_potted_plant_small
5206	food_trash_bottle_soda_03
5207	52DB7365-FA64-11ED-AC33-68545AAE1653
5208	289FFADA-93D8-738D-C09B-5DBF7CF55D4D
5209	pf9f7ec031ec18c395_auto2108
5210	food_trash_cup_tall2
5211	pf3ca44f03594c5c8b_auto2108
5212	8B0C5FC1-66B4-11ED-8E58-68545A91F9AF
5213	1599.46 877.821 304
5214	C61BDB16-EA7C-ACC5-4AEC-454A90B14206
5215	2363.06 1369.58 312
5216	15D91337-3903-11ED-8E3F-68545AAC0192
5217	jup_infil_shared_movement_pre
5218	ED0FC143-04BE-11EE-AC38-68545AAE1653
5219	loot_container
5220	-2587.48 -705.54 272
5221	967A830C-2FD9-11ED-8E3B-68545A91F9AF
5222	A8491CD7-6D7D-11EE-9592-68545AD2D871
5223	63D50683-66C0-11ED-8E58-68545A91F9AF
5224	C32F0FE4-E64C-3EB5-2854-7D43CFD3E637
5225	-1895.36 -1594.87 273.62
5226	pfa252fdc856fd50e5_auto2108
5227	26F1CF7B-6521-53E8-B81E-23B4D15C3A7C
5228	319ECD52-85DE-FDF6-F8FC-DCAA806ECBC5
5229	0 148.999 0
5230	0 235 0
5231	-2229 385 270.5
5232	-2725.5 -216.5 272
5233	jump_down_40
5234	jump_down_80
5235	D1FCE739-66B8-11ED-8E58-68545A91F9AF
5236	scriptable_un_office_pen_03
5237	0FD2F074-3903-11ED-8E3F-68545AAC0192
5238	1394.35 1258.17 281.275
5239	un_office_binder_set_01
5240	pfe43b9e3926342538_auto2108
5241	80C562B6-66B4-11ED-8E58-68545A91F9AF
5242	25FB4683-E6AC-8CDC-3C81-6D2CA30EF480
5243	451737E3-5710-A950-AA64-C43FC6EFA7D7
5244	2040.5 919.5 304
5245	3D7AF4FB-44BE-9106-E617-8646C74CC807
5246	scriptable_hardpoint_chevron_secure_03_panel
5247	pf59b60415d556b17_auto13
5248	-708.05 -1712.87 288
5249	E8DB1183-735C-33E1-6B14-BAD40DCE7135
5250	0 315.999 0
5251	710.5 1112.5 280.087
5252	pff4a10c416a02a711_auto2108
5253	pf987bcfa1b9878ddd_auto1
5254	02AE70CB-DDD2-0882-7420-0402961FEE41
5255	scriptable_construction_doors_metal_b_02_mp_blue
5256	1CF54784-4527-B449-756E-A92FD27A7FE4
5257	711.974 1106.36 280.246
5258	6625CDE7-0AEC-C59E-C20D-8C70EEDC0C19
5259	-1341.5 -1555.5 296
5260	E303AF71-4FAE-F63D-FA2A-D65D49664601
5261	-2642.5 -250.5 272
5262	682.5 2385.5 257.758
5263	food_trash_container_02
5264	2081.96 1190.24 304
5265	-2008.5 561.5 272
5266	-2102.03 -9.78101 280
5267	1882.72 191.031 284.416
5268	headlights_dead
5269	-2727.5 -218.5 272
5270	pfa66bc99d4bd19159_auto2108
5271	28D8F392-66AA-11ED-8E58-68545A91F9AF
5272	2692.89 1394.98 312
5273	4CAFF534-FA64-11ED-AC33-68545AAE1653
5274	F1E4105D-EF4E-67B3-6F61-B3DFF498B276
5275	BCD7A75D-66AD-11ED-8E58-68545A91F9AF
5276	-1835.51 -189.003 280
5277	009FEC94-E5BC-A537-282C-FBA34F6ECB24
5278	59CD69B9-D52F-8836-D9A2-D7544DA67368
5279	456.49 2187 255.75
5280	808.886 -1189.46 278.621
5281	4E0786C0-E77A-11EC-8E25-68545A91F9AF
5282	pf7e33eddbdb46c73c_auto2108
5283	6A06B4F2-65F4-11ED-8E58-68545A91F9AF
5284	420.5 -1402.5 290.1
5285	1334.62 -446.604 272.182
5286	E8229C24-66B7-11ED-8E58-68545A91F9AF
5287	6DA71DCE-B808-6B45-9037-6F5817F7B69D
5288	pfe2f4557f4fc166f9_auto9
5289	91243944-48A7-EB07-DCFD-3EB44626F922
5290	E0F043C4-2FCF-11ED-8E3B-68545A91F9AF
5291	-551.51 -1709 288
5292	scriptable_electrical_box_street_03
5293	0E8D9A08-C034-18CE-65AD-2FA87F64D7CD
5294	D2760878-6834-6EFD-C535-121B1F803510
5295	pffda72e6f9ed17c72_auto2108
5296	0E29401E-6F40-D286-A0AD-A1A8AE7E1516
5297	pf760396cdc03e430e_auto2108
5298	0 105 0
5299	6E789161-D636-11EC-8E22-68545A91F9AF
5300	scriptable_un_appliance_water_cooler_01
5301	3F3145F8-FFDD-0E3F-CD52-0540D06E43EB
5302	0 234.999 0
5303	D591DB60-4229-BF77-CF98-DDA5C4FAD0C7
5304	noise
5305	842455A8-2C37-D019-A518-EC24C0D0D96A
5306	-1428.03 -657.781 280
5307	secure_loc_i
5308	-595.82 -715.006 282
5309	-2629.5 -83.5 280
5310	-2759.5 319.5 270.989
5311	0 238.799 0
5312	-687.5 -1680.5 288
5313	0 236.9 0
5314	38DDFF63-5C96-65F7-082D-0157A8364F4D
5315	1597.5 881.5 304
5316	122.915 298.492 282
5317	pfce48622530bcedbe_auto2108
5318	32E1B1E4-E402-4863-40F5-E404674AA9F1
5319	1392.5 1267.5 280.135
5320	94C3EB94-66B1-11ED-8E58-68545A91F9AF
5321	F9C25285-DBE2-3CB0-A88A-000353C623A9
5322	scriptable_food_trash_bottle_soda_01
5323	pf4046a9399c02e889_auto4
5324	pf53fc8c8ef6688e34_auto2108
5325	box_wooden_trinket_01
5326	340BE578-F67B-6399-2564-3973A35A8766
5327	explode_right_90
5328	-1341.5 -1526.5 296
5329	-2558.43 -553.7 380
5330	E420FC9E-E2B7-11EE-9016-68545ACDFBC3
5331	470.25 3068.32 255.75
5332	E5CE486D-65F1-11ED-8E58-68545A91F9AF
5333	CE3147D9-6D80-11EE-9592-68545AD2D871
5334	6268648E-38A1-FF38-B70F-3C1D31009C07
5335	1407 1321 279.452
5336	32809FDF-D1FC-9A0B-A67D-68E6F8A34579
5337	secure_loc_b_z
5338	85554F24-5869-7788-EDD1-4F8742C4A3C8
5339	scriptable_milk_crate_iw6
5340	light_smoke
5341	33EFFABD-2FD2-11ED-8E3B-68545A91F9AF
5342	0 190 0
5343	cardboard_box_small_01
5344	214B3403-65F2-11ED-8E58-68545A91F9AF
5345	-235.51 -1617 298.134
5346	7F7D8D69-3C9C-DC46-1F27-FE7DA99135B8
5347	prefabs/createfx/mp_jup_invasion_cfx.map
5348	pf748b27c304f3b257_auto2108
5349	1245.5 1241.5 292.304
5350	0 304.999 0
5351	1377.88 1136.17 288.577
5352	47E7ED61-6D7D-11EE-9592-68545AD2D871
5353	wheel_center_back_right_flat
5354	0 264 0
5355	0 139.999 0
5356	65C62BEA-65F1-11ED-8E58-68545A91F9AF
5357	0 60 0
5358	pf62a16d41b266c2e2_auto2108
5359	0 59.9999 0
5360	C88D2710-A08A-9871-05DC-598F7FA77D2D
5361	-1899.5 -1576.5 280
5362	6445F870-30D9-E00A-7F10-BBC3A9B0D790
5363	5B812BD3-4CB1-7ED0-2FC8-80423031D03B
5364	F8C0F836-5E68-9D25-7E23-16CB28EFA641
5365	1563.74 1027.45 304
5366	-2192.5 1045.5 274
5367	0 44.9999 0
5368	4732ADDC-F4D8-11ED-AC31-68545AAE1650
5369	E73952FE-6B92-E746-ACA5-6A3961615083
5370	0 354 0
5371	0 243.999 0
5372	C038ABF5-B9B2-7DD1-8A97-EF54BF6F6576
5373	auto_veh8_ind_lnd_buniform_static_cfx.map
5374	2448.18 240.994 304
5375	9A2BA90E-1097-9480-8081-8CE5EDC5680F
5376	325A131B-EDEE-11EC-8E25-68545A91F9AF
5377	FEC1F8A9-65EA-11ED-8E58-68545A91F9AF
5378	-1175.82 892.99 284
5379	94ACE266-FA64-11ED-AC33-68545AAE1653
5380	F5A5C299-EE69-4428-43A5-8A721C65DA44
5381	463.789 3062.57 255.75
5382	D1FCE74B-66B8-11ED-8E58-68545A91F9AF
5383	4.5 -544.5 280.75
5384	BB888704-DAC6-90C3-F0EE-B51ED3F304C2
5385	chevron_0
5386	C797F615-6D80-11EE-9592-68545AD2D871
5387	B8A73AF2-437E-43DE-D0FE-969B08278148
5388	2575.19 504.09 304
5389	705.5 2508.5 254
5390	D1FCE751-66B8-11ED-8E58-68545A91F9AF
5391	pf31fd5eef0313bd05_auto166364908278964358
5392	pf502d07c7cb23f0e4_auto2108
5393	pfdf6bd5215703f583_auto2108
5394	1827.5 1223 297.487
5395	pf989e0ee76bdd9875_auto2108
5396	DED880FC-99EF-AE8B-09B5-C4FF40DE869B
5397	53A603A9-F4D8-11ED-AC31-68545AAE1650
5398	D19786E1-DDC6-0AE9-2AF9-D6E7A6C4969A
5399	scriptable_un_office_storage_box_01
5400	0C6D9E90-7D4B-11EE-9595-68545AD2D871
5401	1524.49 717.766 286.256
5402	2F326796-F027-BA08-FA6A-D1F2900CAAAA
5403	0 165.396 0
5404	02DD2330-304B-DC28-FA5A-FA8C387ED5F5
5405	7FD86BEF-66C5-11ED-8E58-68545A91F9AF
5406	2410.5 691.5 302.235
5407	0334749B-AF2D-B740-A99D-990DCB8326E6
5408	scriptable_scriptable_door_industrial_metal_mp_01
5409	8E50C14A-66B5-11ED-8E58-68545A91F9AF
5410	food_trash_bottle_water
5411	0CF2065D-04C0-11EE-AC38-68545AAE1653
5412	36C8C21B-44AC-8A75-27A9-9CB1E43C9B4C
5413	1248.51 -500 285.145
5414	-1599.5 1773.5 276
5415	-2751.5 871.5 271.239
5416	F9D25FCD-46A0-BFA8-5DEA-34C9613DD056
5417	E1226282-6D80-11EE-9592-68545AD2D871
5418	0 209.999 0
5419	mp_control_spawn_defender_start
5420	0 9.99922 0
5421	33DCF07A-4A84-EABF-298D-0167D769F7FF
5422	-2735.5 -482.5 272
5423	-2290.96 1745.5 269
5424	9C0F2BB9-2DC6-96B3-6992-EC5D848770FA
5425	737A8DE5-E21A-11EE-9015-68545ACDFBC3
5426	2888.89 290.977 304
5427	958F9FC3-FEED-7B6C-7D4C-11356F8CAEF8
5428	E8229BE2-66B7-11ED-8E58-68545A91F9AF
5429	pfc44a95729e0f5f5c_auto4
5430	DFA9AE39-BC78-4FBC-4D73-AAB5909A5284
5431	secure_loc_k
5432	63E45EB3-66BE-11ED-8E58-68545A91F9AF
5433	-1651.5 475.5 280
5434	1BCF5651-4774-2EBF-3D6B-3CD8971EF8BA
5435	22D5BED0-66AA-11ED-8E58-68545A91F9AF
5436	-2416.59 -619.589 268.108
5437	-2731.5 -222.5 272
5438	3A24DC7E-BC0A-8E9C-7CD7-04DA5AC480BC
5439	1A2B9FC3-66C0-11ED-8E58-68545A91F9AF
5440	94B80DAC-369B-1777-D767-4CC8D9DEEC70
5441	allies
5442	scriptable_hardpoint_chevron_secure_02
5443	pf45517342a18d6ecf_auto2108
5444	C40873C9-66A8-11ED-8E58-68545A91F9AF
5445	1D3B51BB-6D80-11EE-9592-68545AD2D871
5446	42857078-5929-5207-2869-9451447FA5B1
5447	C6F3E898-6B26-100C-0D1C-19A228FC4AAB
5448	pf11306c7a3a0c4b02_auto2108
5449	pf5c14619849d3478e_auto2108
5450	28A67A33-82A9-46AB-4A57-CCFD5A6AC274
5451	0 308.999 0
5452	pf5ee210d2332d0679_auto4
5453	0 189.998 0
5454	BFB0C9EB-2963-11ED-8E35-68545A91F9AF
5455	scriptable_food_trash_bottle_soda_03
5456	-2709 1013 262
5457	-2415.5 487.5 280
5458	-1861.53 795.991 272
5459	mp_rugby_spawn_axis_start
5460	-2611.52 -95.458 280
5461	box_wooden_trinket_03
5462	325A1310-EDEE-11EC-8E25-68545A91F9AF
5463	mp_koth_spawn_allies_start
5464	15374947-66B0-11ED-8E58-68545A91F9AF
5465	731F09DA-3CC7-9831-FDA6-3C723B24C4B0
5466	pfb71c2b62e636327b_auto2108
5467	952.771 -774.724 284.559
5468	04A4BB1C-6D7F-11EE-9592-68545AD2D871
5469	80C562A5-66B4-11ED-8E58-68545A91F9AF
5470	0 187 0
5471	DF70A5DF-E2BD-11EE-9016-68545ACDFBC3
5472	7C3405D8-E2BC-11EE-9016-68545ACDFBC3
5473	un_office_binder_open_01
5474	pf2f9ea99e80599d0d_auto2108
5475	85A54BA0-11E4-6B78-9D9D-849E3EFD929B
5476	-1689.5 -705.5 273.606
5477	pfe1158a98333d203c_auto2108
5478	292E2462-DA6B-2972-EF7E-2C5DFA874B86
5479	pf48ac5a0881229830_auto2108
5480	0 266 0
5481	pfccf39d81a80ca46c_auto2108
5482	8392E59B-66B5-11ED-8E58-68545A91F9AF
5483	23851554-04D0-11EE-AC38-68545AAE1653
5484	tag_windshield_front
5485	frozen
5486	14A5D01B-3C47-F366-00AA-74FBCF1AB45A
5487	1692.49 59 308.727
5488	70A8CF78-BFD9-C255-5E0F-8E4A9084641F
5489	835033BA-1F45-AAF8-3FB1-776D4DEAB6DA
5490	096461A3-87CD-DBFE-8DF3-2172CDC05A04
5491	2229.19 -585.91 323
5492	0 220 0
5493	E1220CFD-65F4-11ED-8E58-68545A91F9AF
5494	737A8DF0-E21A-11EE-9015-68545ACDFBC3
5495	AE00BF14-04BF-11EE-AC38-68545AAE1653
5496	scriptable_un_office_pen_01
5497	-1963.5 -1576.5 280
5498	pf987bcfa1b9878ddd_auto8159733349209783633
5499	-2647.5 -190.5 272
5500	-1965.5 -1421.5 273.852
5501	F8231856-FA67-11ED-AC33-68545AAE1653
5502	0778ADD4-33D1-C690-112A-D47A80726F8D
5503	hardpoint_chevron_secure_03_panel
5504	E8229C39-66B7-11ED-8E58-68545A91F9AF
