type,name
xmodelsurfs,#accessory_roof_water_tank_01_lod0_auto4-100-ts1-abrbe9e32ae-alba300fedn40bf800000
xmodelsurfs,#appliance_fridge_stainless_01_lod0_auto5-100-ts1-abrbe9e32ae-alba16f7dbn40bf800000
xmodelsurfs,#appliance_wall_paper_napkin_dispenser_01_lod0_auto4-100-ts1-abrbe9e32ae-ala65f8c1bn40bf800000
xmodelsurfs,#awning_ceramic_tile_48_02_lod6-100-ts1-abrbe9e32aen40bf800000
xmodelsurfs,#awning_decor_iron_ornate_01_104_lod3-100-ts1-abrbe9e32aen60bf800000
xmodelsurfs,#awning_decor_iron_ornate_01_72_lod3-100-ts1-abrbe9e32aen60bf800000
xmodelsurfs,#barrier_chain_link_fence_door_02_right_rusty_lod0_auto4-101-ts1-abrbe9e32ae-alc51ecee9n210bf800000
xmodelsurfs,#bike_shop_board_display_hanger_lod0-100-ts1-abrbe9e32aen41bf800000
xmodelsurfs,#bldg_aural_chic_cornice_02_128_lod0-100-ts1-abrbe9e32aen41bf800000
xmodelsurfs,#bldg_aural_chic_cornice_02_16_lod0-100-ts1-abrbe9e32aen41bf800000
xmodelsurfs,#bldg_aural_chic_cornice_02_256_lod0-100-ts1-abrbe9e32aen41bf800000
xmodelsurfs,#bldg_aural_chic_cornice_02_32_lod0-100-ts1-abrbe9e32aen41bf800000
xmodelsurfs,#bldg_aural_chic_cornice_02_64_lod0-100-ts1-abrbe9e32aen41bf800000
xmodelsurfs,#bldg_aural_chic_cornice_02_corner_lod0-100-ts1-abrbe9e32aen41bf800000
xmodelsurfs,#bridge_rail_hook_01_1_lod0-000-ts1-abrbe9e32aen41bf800000
xmodelsurfs,#building_corner_bevel_plaster_128_lod0-100-a-ts1-abrbe9e32aen411bf800000
xmodelsurfs,#building_corner_bevel_plaster_128_lod0_auto1-100-a-ts1-abrbe9e32ae-al13255af4n410bf800000
xmodelsurfs,#building_corner_bevel_plaster_128_lod0_auto2-100-a-ts1-abrbe9e32ae-alce5e130cn410bf800000
xmodelsurfs,#building_corner_bevel_plaster_128_lod0_auto2-100-ts1-abrbe9e32ae-al4f2962aan010bf800000
xmodelsurfs,#building_corner_bevel_plaster_128_lod0_auto3-100-a-ts1-abrbe9e32ae-alb125213bn40bf800000
xmodelsurfs,#building_corner_bevel_plaster_128_lod0_auto3-100-ts1-abrbe9e32ae-alc104b1fn010bf800000
xmodelsurfs,#building_corner_bevel_plaster_24_lod0-100-a-ts1-abrbe9e32aen411bf800000
xmodelsurfs,#building_corner_bevel_plaster_24_lod0_auto1-100-a-ts1-abrbe9e32ae-al7099c6c3n410bf800000
xmodelsurfs,#building_corner_bevel_plaster_24_lod0_auto2-100-a-ts1-abrbe9e32ae-al635e1eebn410bf800000
xmodelsurfs,#building_corner_bevel_plaster_24_lod0_auto3-100-a-ts1-abrbe9e32ae-al5cbc017n410bf800000
xmodelsurfs,#building_corner_bevel_plaster_24_lod0_auto4-100-a-ts1-abrbe9e32ae-alea0bf895n410bf800000
xmodelsurfs,#building_corner_bevel_plaster_32_lod0-100-a-ts1-abrbe9e32aen411bf800000
xmodelsurfs,#building_corner_bevel_plaster_32_lod0_auto1-100-a-ts1-abrbe9e32ae-ald14b4c04n40bf800000
xmodelsurfs,#building_corner_bevel_plaster_32_lod0_auto2-100-a-ts1-abrbe9e32ae-al5c7c1b4fn40bf800000
xmodelsurfs,#building_corner_bevel_plaster_32_lod0_auto3-100-a-ts1-abrbe9e32ae-al9623101n40bf800000
xmodelsurfs,#building_corner_bevel_plaster_32_lod0_auto4-100-a-ts1-abrbe9e32ae-al1dec3827n40bf800000
xmodelsurfs,#building_corner_bevel_plaster_64_lod0-100-a-ts1-abrbe9e32aen411bf800000
xmodelsurfs,#building_corner_bevel_plaster_64_lod0_auto1-100-a-ts1-abrbe9e32ae-alc936bdb8n410bf800000
xmodelsurfs,#building_corner_bevel_plaster_64_lod0_auto2-100-a-ts1-abrbe9e32ae-alb37d6b49n410bf800000
xmodelsurfs,#building_corner_bevel_plaster_64_lod0_auto3-100-a-ts1-abrbe9e32ae-alcb8b50b2n410bf800000
xmodelsurfs,#building_corner_damage_concrete_01_lod0_auto3-101-ts1-abrbe9e32ae-ale2068038n010bf800000
xmodelsurfs,#building_corner_damage_concrete_lod0_auto4-101-ts1-abrbe9e32ae-al4900502bn010bf800000
xmodelsurfs,#building_doorframe_plaster_08_single_mp_lod0_auto4-100-ts1-abrbe9e32ae-alb256a01dn40bf800000
xmodelsurfs,#building_neoclassical_cornerstone_simple_128_lod0_auto4-100-ts1-abrbe9e32ae-al3b8b6d04n40bf800000
xmodelsurfs,#building_neoclassical_cornerstone_simple_28_128_lod0_auto4-100-ts1-abrbe9e32ae-ala319f911n40bf800000
xmodelsurfs,#building_neoclassical_cornerstone_simple_28_16_lod0-100-ts1-abrbe9e32aen41bf800000
xmodelsurfs,#building_neoclassical_cornerstone_simple_28_16_lod0_auto2-100-ts1-abrbe9e32ae-al6f3da66cn40bf800000
xmodelsurfs,#building_neoclassical_cornerstone_simple_28_32_lod0_auto2-100-ts1-abrbe9e32ae-al54c72f0n40bf800000
xmodelsurfs,#building_neoclassical_cornerstone_simple_28_32_lod0_auto4-100-ts1-abrbe9e32ae-ald82b8478n40bf800000
xmodelsurfs,#building_neoclassical_cornerstone_simple_28_64_lod0_auto4-100-ts1-abrbe9e32ae-al4495d318n40bf800000
xmodelsurfs,#building_neoclassical_cornerstone_simple_32_lod0_auto2-100-ts1-abrbe9e32ae-ald05af5bn40bf800000
xmodelsurfs,#building_neoclassical_cornerstone_simple_32_lod0_auto4-100-ts1-abrbe9e32ae-aldc71f83en40bf800000
xmodelsurfs,#building_neoclassical_stone_cornice_64_lod0_auto4-100-ts1-abrbe9e32ae-al184aa4an40bf800000
xmodelsurfs,#building_neoclassical_stone_dentil_bracket_single_lod0_auto2-100-ts1-abrbe9e32ae-al82c12874n40bf800000
xmodelsurfs,#building_neoclassical_stone_dentil_bracket_single_lod0_auto3-100-ts1-abrbe9e32ae-al4983214an40bf800000
xmodelsurfs,#building_neoclassical_stone_door_frame_01_single_mp_lod0_auto3-100-ts1-abrbe9e32ae-al1114ba37n40bf800000
xmodelsurfs,#building_neoclassical_stone_frieze_bracket_01_lod0_auto1-100-ts1-abrbe9e32ae-al3f6d4a2fn40bf800000
xmodelsurfs,#building_neoclassical_stone_pillar_capital_01_lod0-100-ts1-abrbe9e32aen41bf800000
xmodelsurfs,#building_neoclassical_stone_pillar_shaft_02_16_mp_lod0-100-ts1-abrbe9e32aen41bf800000
xmodelsurfs,#building_neoclassical_stone_window_frame_round_01_lod0_auto5-100-ts1-abrbe9e32ae-alf16514dfn40bf800000
xmodelsurfs,#building_neoclassical_stone_window_frame_round_02_lod0_auto2-100-ts1-abrbe9e32ae-ald24dffe5n40bf800000
xmodelsurfs,#building_neoclassical_stone_window_top_01_lod0_auto3-100-ts1-abrbe9e32ae-al22dc43d2n40bf800000
xmodelsurfs,#building_neoclassical_stone_window_top_01_lod0_auto4-100-ts1-abrbe9e32ae-aldcda7b1n40bf800000
xmodelsurfs,#building_neoclassical_trim_detail_16_lod0_auto4-100-ts1-abrbe9e32ae-al35e54cf2n010bf800000
xmodelsurfs,#building_neoclassical_wood_round_32x32_02_lod0_auto5-100-ts1-abrbe9e32ae-alf38b089en010bf800000
xmodelsurfs,#building_roof_lip_01_128_lod0_auto2-100-ts1-abrbe9e32ae-ald07c95bn40bf800000
xmodelsurfs,#building_roof_lip_01_64_lod0_auto3-100-ts1-abrbe9e32ae-al27957e01n40bf800000
xmodelsurfs,#building_roof_lip_01_end_lod0-100-ts1-abrbe9e32aen41bf800000
xmodelsurfs,#building_roof_lip_concrete_01_128_damaged_lod0_auto6-100-ts1-abrbe9e32ae-al67c6e272n40bf800000
xmodelsurfs,#building_roof_lip_concrete_01_16_lod0_auto3-000-ts1-abrbe9e32ae-al67116055n40bf800000
xmodelsurfs,#building_roof_lip_concrete_01_16_lod0_auto4-000-ts1-abrbe9e32ae-alf6ce6087n40bf800000
xmodelsurfs,#building_roof_lip_concrete_01_corner_outside_lod0_auto3-000-ts1-abrbe9e32ae-alf42fe683n40bf800000
xmodelsurfs,#building_roof_lip_concrete_01_corner_outside_lod0_auto4-000-ts1-abrbe9e32ae-ald320e9b1n40bf800000
xmodelsurfs,#building_support_wood_beam_05_re_size_small_lod0_auto6-100-ts1-abrbe9e32ae-al8fa2bf26n40bf800000
xmodelsurfs,#building_windowframe_plaster_04_double_mp_lod0_auto3-100-ts1-abrbe9e32ae-al2856b00cn40bf800000
xmodelsurfs,#building_windowframe_plaster_04_double_mp_lod0_auto4-100-ts1-abrbe9e32ae-alb98fb56bn40bf800000
xmodelsurfs,#building_windowframe_plaster_08_single_mp_lod0_auto3-100-ts1-abrbe9e32ae-alf7bd9a24n40bf800000
xmodelsurfs,#building_windowframe_plaster_08_single_mp_lod0_auto4-100-ts1-abrbe9e32ae-al994b3e23n40bf800000
xmodelsurfs,#building_windowframe_plaster_08_single_mp_lod0_auto5-100-ts1-abrbe9e32ae-al795fb2bdn40bf800000
xmodelsurfs,#building_wire_end_01_wall_03_lod0_auto3-101-64-ts1-abrbe9e32ae-alac70fb83n010bf800000
xmodelsurfs,#building_wire_hole_wall_03_lod0-001-ts1-abrbe9e32aen40bf800000
xmodelsurfs,#buildup_dirt_plaster_01_256_lod0_auto1-101-ts1-abrbe9e32ae-al9a857185n40bf800000
xmodelsurfs,#buildup_dirt_plaster_01_32_lod0-101-ts1-abrbe9e32aen40bf800000
xmodelsurfs,#buildup_dirt_plaster_01_32_lod0_auto3-101-ts1-abrbe9e32ae-al279b52b3n40bf800000
xmodelsurfs,#buildup_dirt_plaster_01_corner_16_lod0-101-ts1-abrbe9e32aen40bf800000
xmodelsurfs,#buildup_dirt_plaster_01_corner_16_lod0_auto3-101-ts1-abrbe9e32ae-al493eab26n40bf800000
xmodelsurfs,#ch_crate22x16x48_open_lod0_auto5-100-ts1-abrbe9e32ae-ale91677bdn40bf800000
xmodelsurfs,#ch_crate22x16x48_open_lod0_auto6-100-ts1-abrbe9e32ae-alf51634cfn40bf800000
xmodelsurfs,#ch_crate22x16x48_open_old_lod0_auto5-100-ts1-abrbe9e32ae-al8d0afe81n40bf800000
xmodelsurfs,#ch_crate22x16x48_open_old_lod0_auto6-100-ts1-abrbe9e32ae-ala863a4d1n40bf800000
xmodelsurfs,#ch_crate24x32_lod0_auto4-100-ts1-abrbe9e32ae-ala4cc6fc4n40bf800000
xmodelsurfs,#ch_crate24x32x48_simple_lodx_auto5-100-ts1-abrbe9e32ae-al9635c335n40bf800000
xmodelsurfs,#ch_crate24x32x48_simple_lodx_auto6-100-ts1-abrbe9e32ae-al48e65886n40bf800000
xmodelsurfs,#clothing_dress_shoes_mens_01_lod0_auto6-100-ts1-abrbe9e32ae-al871b37e2n40bf800000
xmodelsurfs,#clothing_hook_01_lod0-100-ts1-abrbe9e32aen41bf800000
xmodelsurfs,#concrete_fence_pillar_02_lod0_auto5-100-ts1-abrbe9e32ae-al6894557bn40bf800000
xmodelsurfs,#conduit_metal_outlet_box_cover_lod0_auto2-100-ts1-abrbe9e32ae-alee912ad8n40bf800000
xmodelsurfs,#conduit_metal_outlet_box_cover_lod0_auto3-100-ts1-abrbe9e32ae-al584a7fa9n40bf800000
xmodelsurfs,#conduit_metal_outlet_box_cover_lod0_auto4-100-ts1-abrbe9e32ae-al6ee27204n40bf800000
xmodelsurfs,#construction_doors_metal_frame_b_02_mp_lod0-100-ts1-abrbe9e32aen011bf800000
xmodelsurfs,#construction_tile_single_square_03_lod0-100-ts1-abrbe9e32aen41bf800000
xmodelsurfs,#container_electrical_box_01_small_lod0_auto4-100-ts1-abrbe9e32ae-al8691bedn010bf800000
xmodelsurfs,#container_electrical_box_01_small_lod0_auto5-100-ts1-abrbe9e32ae-al8f5a0e99n010bf800000
xmodelsurfs,#debris_glass_shards_01_lod3_auto4-100-1-ts1-abrbe9e32ae-al7a2e79e8n50bf800000
xmodelsurfs,#debris_leaf_end_left_lod0-101-ts1-abrbe9e32aen40bf800000
xmodelsurfs,#debris_leaf_end_right_lod0-101-ts1-abrbe9e32aen40bf800000
xmodelsurfs,#debris_leaf_scatter_01_lod0_auto3-101-ts1-abrbe9e32ae-al2d0cf859n40bf800000
xmodelsurfs,#debris_leaf_skirt_64_lod0-101-ts1-abrbe9e32aen40bf800000
xmodelsurfs,#debris_office_papers_01_lod0-101-ts1-abrbe9e32aen41bf800000
xmodelsurfs,#debris_office_papers_02_lod0-101-ts1-abrbe9e32aen41bf800000
xmodelsurfs,#debris_stone_blocks_01_lod0-100-ts1-abrbe9e32aen41bf800000
xmodelsurfs,#debris_stone_blocks_01_lod0_auto1-100-ts1-abrbe9e32ae-al658b8f4en40bf800000
xmodelsurfs,#debris_stone_blocks_01_lod0_auto2-100-ts1-abrbe9e32ae-alcf60c939n40bf800000
xmodelsurfs,#debris_stone_blocks_01_lodx-100-ts1-abrbe9e32aen40bf800000
xmodelsurfs,#debris_trash_floating_bottle_lod0_auto3-100-ts1-abrbe9e32ae-ale74d4695n40419a51b7
xmodelsurfs,#debris_trash_floating_bottle_lod0_auto4-100-ts1-abrbe9e32ae-alcea2d5b1n40419a51b7
xmodelsurfs,#deco_dish_ornate_plate_03_lod0_auto4-100-ts1-abrbe9e32ae-alc80e718en40bf800000
xmodelsurfs,#decor_ashtray_cigarette_01_lod0_auto3-100-ts1-abrbe9e32ae-al8281533an40bf800000
xmodelsurfs,#decor_boxes_01_lod0_auto3-100-ts1-abrbe9e32ae-al84dcb79fn40bf800000
xmodelsurfs,#decor_candle_wax_01_lod0_auto6-100-ts1-abrbe9e32ae-al7be0fedbn40bf800000
xmodelsurfs,#decor_ornate_stone_trim_128_lod0_auto6-100-ts1-abrbe9e32ae-al1445646n40bf800000
xmodelsurfs,#decor_ornate_stone_trim_16_lod0_auto5-100-ts1-abrbe9e32ae-aldc117b30n40bf800000
xmodelsurfs,#decor_ornate_stone_trim_24_lod0_auto4-100-ts1-abrbe9e32ae-alfabf6d41n40bf800000
xmodelsurfs,#decor_ornate_stone_trim_24_lod0_auto5-100-ts1-abrbe9e32ae-al47dbe02cn40bf800000
xmodelsurfs,#decor_ornate_stone_trim_8_lod0_auto3-100-ts1-abrbe9e32ae-al102faac5n40bf800000
xmodelsurfs,#decor_ornate_stone_trim_8_lod0_auto4-100-ts1-abrbe9e32ae-al2a53b9f4n40bf800000
xmodelsurfs,#decor_ornate_stone_trim_corner_lod0_auto6-100-ts1-abrbe9e32ae-al5b22855n40bf800000
xmodelsurfs,#decor_ornate_stone_trim_corner_small_lod0_auto5-100-ts1-abrbe9e32ae-al913207c7n40bf800000
xmodelsurfs,#decor_ornate_stone_trim_outer_corner_16_lod0_auto5-100-ts1-abrbe9e32ae-al53ece247n40bf800000
xmodelsurfs,#decor_painting_floral_02_lod0_auto1-100-ts1-abrbe9e32ae-al8a10995fn40bf800000
xmodelsurfs,#decor_playground_set_rock_climber_wall_lod0_auto5-100-ts1-abrbe9e32ae-alaf14b39an010bf800000
xmodelsurfs,#decor_playground_set_round_destr_lod0_auto5-100-ts1-abrbe9e32ae-alfe869db1n040bf800000
xmodelsurfs,#decor_playground_set_seesaw_lod0_auto5-000-ts1-abrbe9e32ae-al280da263n010bf800000
xmodelsurfs,#decor_playground_set_slide_lod0_auto5-100-ts1-abrbe9e32ae-al5c832c60n010bf800000
xmodelsurfs,#decor_playground_set_swing_lod0_auto5-100-ts1-abrbe9e32ae-al47759bd6n40bf800000
xmodelsurfs,#decor_pot_plant_fancy_01_sml_lod0_auto3-100-ts1-abrbe9e32ae-al9d46308fn40bf800000
xmodelsurfs,#decor_pot_plant_fancy_01_sml_lod0_auto4-100-ts1-abrbe9e32ae-alb0735fb3n40bf800000
xmodelsurfs,#decor_potted_plant_dead_02_root_lod0_auto6-101-ts1-abrbe9e32ae-alff2f5b2cn8810bf800000
xmodelsurfs,#decor_roof_snowy_chimney_02_lod0_auto2-100-ts1-abrbe9e32ae-alaed3e8ccn40bf800000
xmodelsurfs,#decor_statue_antique_01_lod0_auto5-100-ts1-abrbe9e32ae-al6e38d92bn40bf800000
xmodelsurfs,#decor_statue_antique_01_lod0_auto6-100-ts1-abrbe9e32ae-alda2003dbn40bf800000
xmodelsurfs,#decor_statue_antique_02_lod0_auto6-100-ts1-abrbe9e32ae-al4571dbcan40bf800000
xmodelsurfs,#decor_supermart_cardboard_box_close_01_banana_lod0_auto1-100-ts1-abrbe9e32ae-alb817530en40bf800000
xmodelsurfs,#decor_supermart_cardboard_box_close_01_banana_lod0_auto2-100-ts1-abrbe9e32ae-al3a32cb85n40bf800000
xmodelsurfs,#decor_supermart_cardboard_box_close_01_banana_lod0_auto3-100-ts1-abrbe9e32ae-ald87c9542n40bf800000
xmodelsurfs,#decor_supermart_cardboard_box_close_lod0-100-ts1-abrbe9e32aen41bf800000
xmodelsurfs,#decor_supermart_cardboard_box_close_lod0_auto1-100-ts1-abrbe9e32ae-alc32a9c33n40bf800000
xmodelsurfs,#decor_supermart_cardboard_box_close_lod0_auto2-100-ts1-abrbe9e32ae-al4c0c3dd3n40bf800000
xmodelsurfs,#decor_wire_rack_02_lod0_auto5-100-ts1-abrbe9e32ae-alaa8e801cn40bf800000
xmodelsurfs,#decor_wood_beam_end_01_lod0-100-ts1-abrbe9e32aen41bf800000
xmodelsurfs,#decor_wood_beam_end_01_lod0_auto1-100-ts1-abrbe9e32ae-albf35f834n40bf800000
xmodelsurfs,#decor_wood_beam_end_01_lod0_auto2-100-ts1-abrbe9e32ae-al887a37c0n40bf800000
xmodelsurfs,#decor_wood_candle_holder_01_lod0_auto4-100-ts1-abrbe9e32ae-al381e2cen40bf800000
xmodelsurfs,#decor_wood_framed_painting_white_01_lod0_auto3-100-ts1-abrbe9e32ae-aleab80d97n40bf800000
xmodelsurfs,#decor_wood_napkin_holder_01_lod0_auto3-100-ts1-abrbe9e32ae-al76eedd17n404150f166
xmodelsurfs,#destruction_debris_plaster_concrete_edge_02_lod0_auto3-101-ts1-abrbe9e32ae-al15fdd7a4n40bf800000
xmodelsurfs,#door_decor_metal_painted_01_end_white_rl_lod0_auto5-101-ts1-abrbe9e32ae-al88ea81c8n40bf800000
xmodelsurfs,#door_double_metal_wall_rusty_lod0_auto3-100-ts1-abrbe9e32ae-al6497d5f7n40bf800000
xmodelsurfs,#door_frame_metal_panel_03_mp_lod0_auto2-100-ts1-abrbe9e32ae-alb4cb31dcn40bf800000
xmodelsurfs,#door_frame_metal_panel_03_mp_lod0_auto3-100-ts1-abrbe9e32ae-alef8bb01bn40bf800000
xmodelsurfs,#door_frame_wooden_panel_03_painted_rl_lod0_auto2-100-ts1-abrbe9e32ae-alcfe6a4fan40bf800000
xmodelsurfs,#door_kitchen_traffic_swing_frame_rl_lod0_auto2-100-ts1-abrbe9e32ae-al71d189a4n40bf800000
xmodelsurfs,#door_kitchen_traffic_swing_left_rl_lod0_auto3-100-a-ts1-abrbe9e32ae-al80964f4n410bf800000
xmodelsurfs,#door_kitchen_traffic_swing_right_rl_lod0_auto3-100-a-ts1-abrbe9e32ae-alc75c960fn410bf800000
xmodelsurfs,#door_metal_roller_01_closed_large_02_lod0_auto6-100-ts1-abrbe9e32ae-ala24d7957n40bf800000
xmodelsurfs,#door_wood_ornate_01_blue_double_frame_lod0_auto2-100-ts1-abrbe9e32ae-alc40ac093n40bf800000
xmodelsurfs,#door_wood_ornate_01_blue_double_frame_lod0_auto3-100-ts1-abrbe9e32ae-alf6bd1c40n40bf800000
xmodelsurfs,#door_wood_ornate_01_orange_double_frame_lod0_auto3-100-ts1-abrbe9e32ae-aldf1e6f87n40bf800000
xmodelsurfs,#door_wood_ornate_01_orange_double_frame_rl_lod0_auto3-000-ts1-abrbe9e32ae-al6afc20d5n40bf800000
xmodelsurfs,#door_wood_ornate_01_orange_double_frame_rl_lod0_auto4-000-ts1-abrbe9e32ae-al92d14101n40bf800000
xmodelsurfs,#door_wood_rustic_worn_01_single_frame_mp_lod0-100-ts1-abrbe9e32aen41bf800000
xmodelsurfs,#door_wooden_panel_03_painted_left_rl_lod0_auto3-100-ts1-abrbe9e32ae-ald1f177bcn40bf800000
xmodelsurfs,#door_wooden_panel_mp_01_lod0_auto6-100-ts1-abrbe9e32ae-al395f61e1n40bf800000
xmodelsurfs,#door_wrought_iron_01_lodx-100-ts1-abrbe9e32aen40bf800000
xmodelsurfs,#drainage_sewer_grate_01_lod0_auto3-100-ts1-abrbe9e32ae-al9ef3376en40bf800000
xmodelsurfs,#ee_appliance_kitchen_industrial_stove_01_ceiling_vent_lod0_auto5-000-a-ts1-abrbe9e32ae-al26ff2b53n050bf800000
xmodelsurfs,#ee_appliance_kitchen_industrial_stove_01_ceiling_vent_lod0_auto6-100-a-ts1-abrbe9e32ae-ala170988an010bf800000
xmodelsurfs,#ee_building_stpete_column_brick_lod0_auto2-101-ts1-abrbe9e32ae-al98974e9dn40bf800000
xmodelsurfs,#ee_clock_wall_mounted_lod0_auto6-100-a-ts1-abrbe9e32ae-alb77dc6f0n410bf800000
xmodelsurfs,#ee_construction_tool_box_metal_01_lod0_auto6-100-ts1-abrbe9e32ae-al382b01d5n60bf800000
xmodelsurfs,#ee_decor_concrete_ornate_lion_head_01_lod0_auto6-100-ts1-abrbe9e32ae-al599b01dcn40bf800000
xmodelsurfs,#ee_decor_metal_nail_large_01_lod0-100-ts1-abrbe9e32aen41bf800000
xmodelsurfs,#ee_decor_metal_nail_large_01_lod0_auto1-100-ts1-abrbe9e32ae-al5680d591n40bf800000
xmodelsurfs,#ee_decor_metal_nail_large_01_lod0_auto2-100-ts1-abrbe9e32ae-ald1a6221en40bf800000
xmodelsurfs,#ee_decor_metal_nail_large_01_lod0_auto3-100-ts1-abrbe9e32ae-ale9675225n40bf800000
xmodelsurfs,#ee_decor_statue_04_lod0_auto6-100-ts1-abrbe9e32ae-al387144e5n40bf800000
xmodelsurfs,#ee_decor_trainstation_exterior_trim_a_128_lod0-100-ts1-abrbe9e32aen41bf800000
xmodelsurfs,#ee_decor_trainstation_exterior_trim_a_64_lod0-100-ts1-abrbe9e32aen41bf800000
xmodelsurfs,#ee_decor_trainstation_exterior_trim_a_pillar_02_crnr_lod0-100-ts1-abrbe9e32aen41bf800000
xmodelsurfs,#ee_decor_trainstation_exterior_trim_b_128_lod0-100-ts1-abrbe9e32aen011bf800000
xmodelsurfs,#ee_decor_trainstation_exterior_trim_b_64_lod0-100-ts1-abrbe9e32aen011bf800000
xmodelsurfs,#ee_decor_trainstation_exterior_trim_b_pillar_01_lod0_auto2-100-ts1-abrbe9e32ae-ala2c5eba6n010bf800000
xmodelsurfs,#ee_decor_trainstation_exterior_trim_b_pillar_01_lod0_auto3-100-ts1-abrbe9e32ae-al57a9a666n010bf800000
xmodelsurfs,#ee_decor_wallpaper_impact_a_06_lod0-100-1-ts1-abrbe9e32aen51bf800000
xmodelsurfs,#ee_door_castle_arch_frame_01_lod0_auto5-100-ts1-abrbe9e32ae-al4d4fab8dn40bf800000
xmodelsurfs,#ee_door_wooden_entrance_01_mp_lod0_auto5-100-ts1-abrbe9e32ae-alabbca953n404320fefa
xmodelsurfs,#ee_door_wooden_entrance_01_mp_lod0_auto5-100-ts1-abrbe9e32ae-alabbca953n40bf800000
xmodelsurfs,#ee_foliage_bush_hedge_low_128x16_lod3_auto5-101-1-ts1-abrbe9e32ae-al3d23c6a8001hffn70bf800000
xmodelsurfs,#ee_food_fruit_orange_stack_01_lod0-100-ts1-abrbe9e32aen41bf800000
xmodelsurfs,#ee_food_fruit_pineapple_01_lod0_auto5-001-ts1-abrbe9e32ae-ale4618185n60bf800000
xmodelsurfs,#ee_food_fruit_pineapple_01_lod0_auto6-001-ts1-abrbe9e32ae-alf926960dn60bf800000
xmodelsurfs,#ee_furniture_bar_table_lod0_auto4-100-ts1-abrbe9e32ae-al4c88e1fan40bf800000
xmodelsurfs,#ee_furniture_bar_table_lod0_auto5-100-ts1-abrbe9e32ae-al88e8896n40bf800000
xmodelsurfs,#ee_furniture_bar_table_lod0_auto6-100-ts1-abrbe9e32ae-alfbf546ddn40bf800000
xmodelsurfs,#ee_furniture_chair_patio_01_lod0_auto6-101-ts1-abrbe9e32ae-alf70745abn40bf800000
xmodelsurfs,#ee_furniture_piano_lod0_auto6-100-ts1-abrbe9e32ae-al9c481b6cn40bf800000
xmodelsurfs,#ee_furniture_table_plastic_folding_open_lod0_auto5-100-ts1-abrbe9e32ae-al13ee3c7an40bf800000
xmodelsurfs,#ee_furniture_wall_table_01_32_lod0-100-ts1-abrbe9e32aen41bf800000
xmodelsurfs,#ee_furniture_wall_table_01_32_lod0_auto1-100-ts1-abrbe9e32ae-al2fa7f82an40bf800000
xmodelsurfs,#ee_furniture_wall_table_01_32_lod0_auto2-100-ts1-abrbe9e32ae-al2fa7f82an40bf800000
xmodelsurfs,#ee_furniture_wall_table_01_64_lod0-100-ts1-abrbe9e32aen41bf800000
xmodelsurfs,#ee_furniture_wall_table_01_64_lod0_auto1-100-ts1-abrbe9e32ae-al909bfc7bn40bf800000
xmodelsurfs,#ee_furniture_wall_table_01_brace_lod0_auto2-100-ts1-abrbe9e32ae-al4df92b0dn40bf800000
xmodelsurfs,#ee_furniture_wall_table_01_brace_lod0_auto3-100-ts1-abrbe9e32ae-alf88e942cn40bf800000
xmodelsurfs,#ee_furniture_wood_spa_shelf_01_lod0_auto5-000-ts1-abrbe9e32ae-albb622a2cn40bf800000
xmodelsurfs,#ee_garbage_bag_filled_03_lod0_auto6-100-ts1-abrbe9e32ae-al6e4e5308n40bf800000
xmodelsurfs,#ee_grass_dried_flower_01_med_shelf_lod0_auto4-101-ts1-abrbe9e32ae-alf8bcc64dn60bf800000
xmodelsurfs,#ee_light_fixture_wall_mounted_02_lod0_auto6-100-ts1-abrbe9e32ae-al8a8cb3a8n40bf800000
xmodelsurfs,#ee_manmade_wood_planks_worn_a_03_lod0_auto3-100-ts1-abrbe9e32ae-al97214377n40bf800000
xmodelsurfs,#ee_manmade_wood_planks_worn_a_03_lod0_auto4-100-ts1-abrbe9e32ae-al57a3a3d3n40bf800000
xmodelsurfs,#ee_manmade_wood_planks_worn_a_03_lod0_auto5-100-ts1-abrbe9e32ae-al70681fd7n40bf800000
xmodelsurfs,#ee_manmade_wood_planks_worn_a_04_dead_lod0_auto5-100-ts1-abrbe9e32ae-alf067b8e7n40bf800000
xmodelsurfs,#ee_manmade_wood_planks_worn_a_04_dead_lod0_auto6-100-ts1-abrbe9e32ae-al7c93ea4cn40bf800000
xmodelsurfs,#ee_mansion_curtain_closed_02_gold_lod0-100-ts1-abrbe9e32aen61bf800000
xmodelsurfs,#ee_mansion_int_bar_counter_02_lod0_auto6-000-ts1-abrbe9e32ae-ala054f5f6n010bf800000
xmodelsurfs,#ee_mansion_window_frame_02_lod0_auto2-100-ts1-abrbe9e32ae-al4f86737dn40bf800000
xmodelsurfs,#ee_mansion_window_frame_02_lod0_auto3-100-ts1-abrbe9e32ae-al850efe8fn40bf800000
xmodelsurfs,#ee_pipe_05_32_lod0_auto3-100-ts1-abrbe9e32ae-alf65e702an40bf800000
xmodelsurfs,#ee_pipe_05_elbow_01_lod0_auto3-100-ts1-abrbe9e32ae-al20302a69n40bf800000
xmodelsurfs,#ee_pipe_05_elbow_01_lod0_auto4-100-ts1-abrbe9e32ae-al6c0755a6n40bf800000
xmodelsurfs,#ee_pipe_05_elbow_01_lod0_auto5-100-ts1-abrbe9e32ae-al658f8829n40bf800000
xmodelsurfs,#ee_pot_clay_small_lod0_auto4-000-ts1-abrbe9e32ae-al326bd577n40bf800000
xmodelsurfs,#ee_pot_clay_small_lod0_auto5-000-ts1-abrbe9e32ae-alff29be67n40bf800000
xmodelsurfs,#ee_sign_block_address_11_lod0_auto1-100-ts1-abrbe9e32ae-al7f7f9f0dn40bf800000
xmodelsurfs,#ee_sign_frame_post_circle_cap_lod0-100-ts1-abrbe9e32aen41bf800000
xmodelsurfs,#ee_sign_industrial_poster_02_lod0-101-ts1-abrbe9e32aen41bf800000
xmodelsurfs,#ee_sign_industrial_poster_02_lod0_auto3-101-ts1-abrbe9e32ae-al4f48ae33n40bf800000
xmodelsurfs,#ee_sign_industrial_poster_03_lod0-101-ts1-abrbe9e32aen41bf800000
xmodelsurfs,#ee_sign_street_height_control_attach_end_lod0_auto2-100-ts1-abrbe9e32ae-alf4cf032n40bf800000
xmodelsurfs,#ee_sign_street_height_control_attach_end_lod0_auto3-100-ts1-abrbe9e32ae-al6fc389d7n40bf800000
xmodelsurfs,#ee_signs_industrial_220_volt_lod0_auto4-100-ts1-abrbe9e32ae-al78617790n40bf800000
xmodelsurfs,#ee_stove_old_chimney_01_lod0-100-ts1-abrbe9e32aen41bf800000
xmodelsurfs,#ee_street_cement_curb_128_lod0_auto3-100-ts1-abrbe9e32ae-al6eeb080en40bf800000
xmodelsurfs,#ee_street_cement_curb_128_lod0_auto4-100-ts1-abrbe9e32ae-al565824b4n40bf800000
xmodelsurfs,#ee_street_cement_curb_128_lod0_auto5-100-ts1-abrbe9e32ae-al9b5b6728n40bf800000
xmodelsurfs,#ee_street_cement_curb_32_lod0-100-ts1-abrbe9e32aen41bf800000
xmodelsurfs,#ee_street_cement_curb_32_lod1-100-ts1-abrbe9e32aen40bf800000
xmodelsurfs,#ee_street_cement_curb_32_lod1_auto2-100-ts1-abrbe9e32ae-alb81a44a4n40bf800000
xmodelsurfs,#ee_street_cement_curb_64_lod0_auto1-100-ts1-abrbe9e32ae-al960e9b16n40bf800000
xmodelsurfs,#ee_street_cement_curb_64_lod0_auto2-100-ts1-abrbe9e32ae-alab667341n40bf800000
xmodelsurfs,#ee_trim_concrete_roof_64_s_lod0_auto5-100-ts1-abrbe9e32ae-al34f59baen40bf800000
xmodelsurfs,#ee_trim_concrete_roof_64_s_lod0_auto6-100-ts1-abrbe9e32ae-ale1649f20n40bf800000
xmodelsurfs,#ee_trim_large_roof_128_lod0_auto2-100-ts1-abrbe9e32ae-ald0bd1574n40bf800000
xmodelsurfs,#ee_trim_large_roof_128_lod0_auto3-100-ts1-abrbe9e32ae-al46cd4a9bn40bf800000
xmodelsurfs,#ee_trim_large_roof_128_lod0_auto4-100-ts1-abrbe9e32ae-ale951732n40bf800000
xmodelsurfs,#ee_trim_large_roof_16_lod0-100-ts1-abrbe9e32aen41bf800000
xmodelsurfs,#ee_trim_large_roof_16_lod0_auto1-100-ts1-abrbe9e32ae-alc5265c72n40bf800000
xmodelsurfs,#ee_trim_large_roof_16_lod0_auto2-100-ts1-abrbe9e32ae-al30da1e11n40bf800000
xmodelsurfs,#ee_trim_large_roof_32_lod0-100-ts1-abrbe9e32aen41bf800000
xmodelsurfs,#ee_trim_large_roof_32_lod0_auto1-100-ts1-abrbe9e32ae-ale4266684n40bf800000
xmodelsurfs,#ee_trim_large_roof_32_lod0_auto2-100-ts1-abrbe9e32ae-al5e59da1en40bf800000
xmodelsurfs,#ee_trim_large_roof_64_lod0_auto2-100-ts1-abrbe9e32ae-al6f932d87n40bf800000
xmodelsurfs,#ee_trim_large_roof_8_lod0-100-ts1-abrbe9e32aen41bf800000
xmodelsurfs,#ee_trim_large_roof_8_lod0_auto1-100-ts1-abrbe9e32ae-ala4f0b0f9n40bf800000
xmodelsurfs,#ee_trim_large_roof_corner_outside_lod0_auto2-100-ts1-abrbe9e32ae-albb83dfefn40bf800000
xmodelsurfs,#ee_trim_large_roof_corner_outside_lod0_auto3-100-ts1-abrbe9e32ae-alcad83e12n40bf800000
xmodelsurfs,#ee_trim_small_roof_128_lod0_auto1-100-ts1-abrbe9e32ae-al39d48552n40bf800000
xmodelsurfs,#ee_trim_small_roof_128_lod0_auto1-100-ts1-abrbe9e32ae-al747677bfn40bf800000
xmodelsurfs,#ee_trim_small_roof_128_lod0_auto2-100-ts1-abrbe9e32ae-al1d5342ecn40bf800000
xmodelsurfs,#ee_trim_small_roof_128_lod0_auto2-100-ts1-abrbe9e32ae-al39d48552n40bf800000
xmodelsurfs,#ee_trim_small_roof_128_lod0_auto2-100-ts1-abrbe9e32ae-al747677bfn40bf800000
xmodelsurfs,#ee_trim_small_roof_16_lod0-100-ts1-abrbe9e32aen41bf800000
xmodelsurfs,#ee_trim_small_roof_16_lod0_auto1-100-ts1-abrbe9e32ae-aldb49ccen40bf800000
xmodelsurfs,#ee_trim_small_roof_16_lod0_auto2-100-ts1-abrbe9e32ae-alc7162d9dn40bf800000
xmodelsurfs,#ee_trim_small_roof_32_destroyed_lod0_auto6-100-ts1-abrbe9e32ae-al71a1a580n40bf800000
xmodelsurfs,#ee_trim_small_roof_32_lod0-100-ts1-abrbe9e32aen41bf800000
xmodelsurfs,#ee_trim_small_roof_32_lod0_auto1-100-ts1-abrbe9e32ae-al81458693n40bf800000
xmodelsurfs,#ee_trim_small_roof_32_lod0_auto2-100-ts1-abrbe9e32ae-al53e687d9n40bf800000
xmodelsurfs,#ee_trim_small_roof_32_lod0_auto3-100-ts1-abrbe9e32ae-al50cd14acn40bf800000
xmodelsurfs,#ee_trim_small_roof_48_lod0-100-ts1-abrbe9e32aen41bf800000
xmodelsurfs,#ee_trim_small_roof_48_lod0_auto1-100-ts1-abrbe9e32ae-al5c1b5cc1n40bf800000
xmodelsurfs,#ee_trim_small_roof_48_lod0_auto2-100-ts1-abrbe9e32ae-al9579d85bn40bf800000
xmodelsurfs,#ee_trim_small_roof_48_lod0_auto2-100-ts1-abrbe9e32ae-alb7a77b4bn40bf800000
xmodelsurfs,#ee_trim_small_roof_64_lod0-100-ts1-abrbe9e32aen41bf800000
xmodelsurfs,#ee_trim_small_roof_64_lod0_auto1-100-ts1-abrbe9e32ae-al4f634e43n40bf800000
xmodelsurfs,#ee_trim_small_roof_64_lod0_auto2-100-ts1-abrbe9e32ae-al1116f9fen40bf800000
xmodelsurfs,#ee_trim_small_roof_64_lod0_auto3-100-ts1-abrbe9e32ae-al9879e034n40bf800000
xmodelsurfs,#ee_trim_small_roof_8_lod0-100-ts1-abrbe9e32aen41bf800000
xmodelsurfs,#ee_trim_small_roof_8_lod0_auto1-100-ts1-abrbe9e32ae-al70e4b63n40bf800000
xmodelsurfs,#ee_trim_small_roof_8_lod0_auto2-100-ts1-abrbe9e32ae-alb4e318d8n40bf800000
xmodelsurfs,#ee_trim_small_roof_8_lod0_auto3-100-ts1-abrbe9e32ae-ald2aff571n40bf800000
xmodelsurfs,#ee_trim_small_roof_corner_inside_lod0-100-ts1-abrbe9e32aen41bf800000
xmodelsurfs,#ee_trim_small_roof_corner_inside_lod0_auto1-100-ts1-abrbe9e32ae-al77995f1en40bf800000
xmodelsurfs,#ee_trim_small_roof_corner_inside_lod0_auto2-100-ts1-abrbe9e32ae-alc507566bn40bf800000
xmodelsurfs,#ee_trim_small_roof_corner_outside_lod0_auto1-100-ts1-abrbe9e32ae-alcaa8523en40bf800000
xmodelsurfs,#ee_trim_small_roof_corner_outside_lod0_auto1-100-ts1-abrbe9e32ae-aldabfb8abn40bf800000
xmodelsurfs,#ee_trim_small_roof_corner_outside_lod0_auto2-100-ts1-abrbe9e32ae-al8a47bac6n40bf800000
xmodelsurfs,#ee_trim_small_roof_corner_outside_lod0_auto2-100-ts1-abrbe9e32ae-alba0de95dn40bf800000
xmodelsurfs,#ee_trim_small_roof_corner_outside_lod0_auto3-100-ts1-abrbe9e32ae-alfc1461c5n40bf800000
xmodelsurfs,#ee_trim_wall_large_01_corner_lod0_auto2-100-ts1-abrbe9e32ae-al79b67090n40bf800000
xmodelsurfs,#ee_trim_wall_large_01_corner_lod0_auto3-100-ts1-abrbe9e32ae-alc9e07276n40bf800000
xmodelsurfs,#ee_trim_wall_large_01_variant_02_8_lod0_auto2-100-ts1-abrbe9e32ae-ala68051e8n40bf800000
xmodelsurfs,#ee_trim_wall_large_01_variant_4_lod0_auto2-100-ts1-abrbe9e32ae-alef94c4a9n40bf800000
xmodelsurfs,#ee_utility_pole_street_light_merged_lm_lod1_auto6-100-ts1-abrbe9e32ae-al8853a3e0n40bf800000
xmodelsurfs,#ee_utility_pole_street_light_on_lod1_auto5-100-ts1-abrbe9e32ae-alf144ed17n010bf800000
xmodelsurfs,#ee_wall_base_brick_128_lod0-100-ts1-abrbe9e32aen41bf800000
xmodelsurfs,#ee_wall_base_brick_32_lod0-100-ts1-abrbe9e32aen41bf800000
xmodelsurfs,#ee_wall_base_brick_64_lod0-100-ts1-abrbe9e32aen41bf800000
xmodelsurfs,#ee_wall_base_brick_96_lod0-100-ts1-abrbe9e32aen41bf800000
xmodelsurfs,#ee_wall_base_brick_corner_90_out_lod0_auto3-100-ts1-abrbe9e32ae-alc1055f40n010bf800000
xmodelsurfs,#electrical_box_door_rusty_wall_lod0_auto2-100-ts1-abrbe9e32ae-alab0dd1a1n40bf800000
xmodelsurfs,#electrical_box_rusted_01_lod0_auto4-100-ts1-abrbe9e32ae-al2a38a66cn40bf800000
xmodelsurfs,#electrical_box_rusted_01_lod0_auto5-100-ts1-abrbe9e32ae-aled382194n40bf800000
xmodelsurfs,#electrical_box_rusted_01_lod0_auto6-100-ts1-abrbe9e32ae-al4e17b919n40bf800000
xmodelsurfs,#electrical_conduit_1_body_joint_c_lod0_auto3-100-ts1-abrbe9e32ae-alfd30671en40bf800000
xmodelsurfs,#electrical_conduit_1_body_joint_c_lod0_auto4-100-ts1-abrbe9e32ae-al69408141n40bf800000
xmodelsurfs,#electrical_conduit_1_body_lod0-100-ts1-abrbe9e32aen41bf800000
xmodelsurfs,#electrical_conduit_1_body_lod0_auto1-100-ts1-abrbe9e32ae-alea99af96n40bf800000
xmodelsurfs,#electrical_conduit_1_coupling_screw_lod0-100-ts1-abrbe9e32aen41bf800000
xmodelsurfs,#electrical_conduit_1_elbow90_long_lod0_auto1-100-ts1-abrbe9e32ae-al4ea3ad1fn40bf800000
xmodelsurfs,#electrical_conduit_1_elbow90_long_lod0_auto2-100-ts1-abrbe9e32ae-alf7668850n40bf800000
xmodelsurfs,#electrical_conduit_1_elbow90_long_lod0_auto3-100-ts1-abrbe9e32ae-al4ad842c8n40bf800000
xmodelsurfs,#electrical_conduit_1_elbow90_long_lod0_auto4-100-ts1-abrbe9e32ae-alf9edda80n40bf800000
xmodelsurfs,#electrical_conduit_1_elbow90_short_lod0_auto2-100-ts1-abrbe9e32ae-al269933cen40bf800000
xmodelsurfs,#electrical_conduit_1_elbow90_short_lod0_auto3-100-ts1-abrbe9e32ae-alfe489480n40bf800000
xmodelsurfs,#electrical_conduit_1_elbow90_short_lod0_auto4-100-ts1-abrbe9e32ae-aleb9499dn40bf800000
xmodelsurfs,#electrical_conduit_1_straight_16_lod0-100-ts1-abrbe9e32aen41bf800000
xmodelsurfs,#electrical_conduit_1_straight_16_lod0_auto1-100-ts1-abrbe9e32ae-al5fbfa512n40bf800000
xmodelsurfs,#electrical_conduit_1_straight_16_lod0_auto2-100-ts1-abrbe9e32ae-al8b9a0ean40bf800000
xmodelsurfs,#electrical_conduit_1_straight_32_lod0-100-ts1-abrbe9e32aen41bf800000
xmodelsurfs,#electrical_conduit_1_straight_32_lod1-100-ts1-abrbe9e32aen40bf800000
xmodelsurfs,#electrical_conduit_1_straight_32_lod2-100-ts1-abrbe9e32aen40bf800000
xmodelsurfs,#electrical_conduit_1_straight_4_lod0-100-ts1-abrbe9e32aen41bf800000
xmodelsurfs,#electrical_conduit_1_straight_4_lod1-100-ts1-abrbe9e32aen40bf800000
xmodelsurfs,#electrical_conduit_1_straight_4_lod2-100-ts1-abrbe9e32aen40bf800000
xmodelsurfs,#electrical_conduit_1_straight_8_lod0-100-ts1-abrbe9e32aen41bf800000
xmodelsurfs,#electrical_conduit_1_strap_med_lod0-100-ts1-abrbe9e32aen41bf800000
xmodelsurfs,#electrical_conduit_1_strap_med_lod0_auto1-100-ts1-abrbe9e32ae-al123507efn40bf800000
xmodelsurfs,#electrical_conduit_1_strap_med_lod0_auto2-100-ts1-abrbe9e32ae-al3a5f2bdcn40bf800000
xmodelsurfs,#electrical_conduit_1_strap_med_lod0_auto3-100-ts1-abrbe9e32ae-al73069134n40bf800000
xmodelsurfs,#electrical_conduit_2_body_lod0-100-ts1-abrbe9e32aen41bf800000
xmodelsurfs,#electrical_conduit_2_coupling_bare_lod0-100-ts1-abrbe9e32aen41bf800000
xmodelsurfs,#electrical_conduit_2_elbow90_long_lod0_auto3-100-ts1-abrbe9e32ae-al89380400n40bf800000
xmodelsurfs,#electrical_conduit_2_elbow90_long_lod0_auto5-100-ts1-abrbe9e32ae-al62772ac7n40bf800000
xmodelsurfs,#electrical_conduit_2_elbow90_short_lod0_auto3-100-ts1-abrbe9e32ae-al1494d9d4n40bf800000
xmodelsurfs,#electrical_conduit_2_elbow90_short_lod0_auto4-100-ts1-abrbe9e32ae-al3520c375n40bf800000
xmodelsurfs,#electrical_conduit_2_straight_128_lod0-100-ts1-abrbe9e32aen41bf800000
xmodelsurfs,#electrical_conduit_2_straight_128_lod0_auto1-100-ts1-abrbe9e32ae-ala4b9974cn40bf800000
xmodelsurfs,#electrical_conduit_2_straight_16_lod0-100-ts1-abrbe9e32aen41bf800000
xmodelsurfs,#electrical_conduit_2_straight_16_lod0_auto1-100-ts1-abrbe9e32ae-ald3100de2n40bf800000
xmodelsurfs,#electrical_conduit_2_straight_16_lod0_auto2-100-ts1-abrbe9e32ae-al1db9e20an40bf800000
xmodelsurfs,#electrical_conduit_2_straight_16_lod0_auto3-100-ts1-abrbe9e32ae-al14e20a60n40bf800000
xmodelsurfs,#electrical_conduit_2_straight_32_lod0-100-ts1-abrbe9e32aen41bf800000
xmodelsurfs,#electrical_conduit_2_straight_32_lod0_auto1-100-ts1-abrbe9e32ae-alf51d2bden40bf800000
xmodelsurfs,#electrical_conduit_2_straight_32_lod0_auto2-100-ts1-abrbe9e32ae-al47618a7cn40bf800000
xmodelsurfs,#electrical_conduit_2_straight_32_lod0_auto3-100-ts1-abrbe9e32ae-alc8c10f1an40bf800000
xmodelsurfs,#electrical_conduit_2_straight_64_lod0-100-ts1-abrbe9e32aen41bf800000
xmodelsurfs,#electrical_conduit_2_straight_64_lod0_auto1-100-ts1-abrbe9e32ae-alc63b8a90n40bf800000
xmodelsurfs,#electrical_conduit_2_straight_64_lod0_auto2-100-ts1-abrbe9e32ae-alce4ecd43n40bf800000
xmodelsurfs,#electrical_conduit_2_straight_64_lod0_auto3-100-ts1-abrbe9e32ae-aladb3f606n40bf800000
xmodelsurfs,#electrical_conduit_2_straight_8_lod0-100-ts1-abrbe9e32aen41bf800000
xmodelsurfs,#electrical_conduit_2_straight_8_lod0_auto3-100-ts1-abrbe9e32ae-al5a1828cbn40bf800000
xmodelsurfs,#electrical_conduit_2_strap_med_lod0_auto3-100-ts1-abrbe9e32ae-al2df6cbdan40bf800000
xmodelsurfs,#electrical_conduit_plastic_box_01_lod0_auto4-100-ts1-abrbe9e32ae-al8379842cn40bf800000
xmodelsurfs,#electrical_conduit_plastic_box_01_lod0_auto5-100-ts1-abrbe9e32ae-alacfe810cn40bf800000
xmodelsurfs,#electrical_conduit_plastic_box_02_lod0_auto4-100-ts1-abrbe9e32ae-al776aea92n40bf800000
xmodelsurfs,#electrical_conduit_plastic_box_02_lod0_auto5-100-ts1-abrbe9e32ae-al193e6572n40bf800000
xmodelsurfs,#electrical_conduit_plastic_box_02_lod0_auto6-100-ts1-abrbe9e32ae-al9680b81fn40bf800000
xmodelsurfs,#electrical_conduit_plastic_box_03_lod0_auto4-100-ts1-abrbe9e32ae-ale8352b93n40bf800000
xmodelsurfs,#electrical_conduit_plastic_box_03_lod0_auto5-100-ts1-abrbe9e32ae-ale21d0ca1n40bf800000
xmodelsurfs,#electrical_conduit_plastic_box_03_lod0_auto6-100-ts1-abrbe9e32ae-al1fd313edn40bf800000
xmodelsurfs,#electrical_conduit_set_electrical_meter_big_01_lod0_auto5-100-1-ts1-abrbe9e32ae-al3e90a125n410bf800000
xmodelsurfs,#electrical_conduit_set_electrical_meter_big_03_lod0_auto5-100-ts1-abrbe9e32ae-alfe0169f1n010bf800000
xmodelsurfs,#electrical_light_switch_01_lod0-100-ts1-abrbe9e32aen41bf800000
xmodelsurfs,#electrical_light_switch_01_lod0_auto1-100-ts1-abrbe9e32ae-al875f53dn40bf800000
xmodelsurfs,#electrical_light_switch_01_lod0_auto2-100-ts1-abrbe9e32ae-al9803af30n40bf800000
xmodelsurfs,#electrical_light_switch_01_lod0_auto3-100-ts1-abrbe9e32ae-al1e88c1dan40bf800000
xmodelsurfs,#electrical_north_america_outlets_01_double_lod0_auto4-100-ts1-abrbe9e32ae-al63d3f361n40bf800000
xmodelsurfs,#electrical_wires_jumbled_a_256_lod3_auto5-100-ts1-abrbe9e32ae-al61afa66en40bf800000
xmodelsurfs,#electrical_wires_jumbled_a_256_simple_lod0_auto4-100-ts1-abrbe9e32ae-ala5f5b8fbn40bf800000
xmodelsurfs,#electrical_wires_jumbled_a_32_lod0_auto4-100-ts1-abrbe9e32ae-ala6cc0816n40bf800000
xmodelsurfs,#electrical_wires_jumbled_a_96_auto3-100-ts1-abrbe9e32ae-al1e243a77n40bf800000
xmodelsurfs,#electrical_wires_jumbled_a_96_auto4-100-ts1-abrbe9e32ae-al5a8e1bc2n40bf800000
xmodelsurfs,#electrical_wires_jumbled_a_96_simple_lod0_auto2-100-ts1-abrbe9e32ae-alb1469399n40bf800000
xmodelsurfs,#electrical_wires_jumbled_a_96_simple_lod0_auto3-100-ts1-abrbe9e32ae-al1fddf5bn40bf800000
xmodelsurfs,#electrical_wires_jumbled_a_96_simple_lod0_auto4-100-ts1-abrbe9e32ae-al6913c2f5n40bf800000
xmodelsurfs,#electrical_wires_jumbled_b_16_lod0_auto3-100-ts1-abrbe9e32ae-alc840237n40bf800000
xmodelsurfs,#electrical_wires_jumbled_b_16_lod0_auto4-100-ts1-abrbe9e32ae-al69fe53a2n40bf800000
xmodelsurfs,#electrical_wires_jumbled_b_64_lod0_auto2-100-ts1-abrbe9e32ae-al7db3dea2n40bf800000
xmodelsurfs,#electrical_wires_jumbled_b_64_lod0_auto3-100-ts1-abrbe9e32ae-al911ff16n40bf800000
xmodelsurfs,#electrical_wires_jumbled_b_64_lod0_auto4-100-ts1-abrbe9e32ae-al3d97f63dn40bf800000
xmodelsurfs,#electrical_wires_jumbled_connection_01_lod0_auto5-100-ts1-abrbe9e32ae-al49ee39fdn010bf800000
xmodelsurfs,#electronics_alarm_01_lod0_auto2-100-ts1-abrbe9e32ae-al7115b310n40bf800000
xmodelsurfs,#electronics_alarm_01_lod0_auto3-100-ts1-abrbe9e32ae-al6b88b1b3n40bf800000
xmodelsurfs,#electronics_alarm_01_lod0_auto4-100-ts1-abrbe9e32ae-al28bf14d5n40bf800000
xmodelsurfs,#electronics_fire_alarm_trigger_01_lod0_auto1-100-ts1-abrbe9e32ae-alc61c9b9an40bf800000
xmodelsurfs,#electronics_fire_alarm_trigger_01_lod0_auto2-100-ts1-abrbe9e32ae-aldb26d188n40bf800000
xmodelsurfs,#electronics_fire_alarm_trigger_01_lod0_auto3-100-ts1-abrbe9e32ae-alb194c654n40bf800000
xmodelsurfs,#equipment_ac_unit_01_cage_01_lod0_auto4-100-ts1-abrbe9e32ae-ald5959eean40bf800000
xmodelsurfs,#equipment_ac_unit_01_lod0_auto6-100-ts1-abrbe9e32ae-aldb9c7654n40bf800000
xmodelsurfs,#equipment_outdoor_patio_heater_01_lod0_auto5-100-b-ts1-abrbe9e32ae-ala284c4edn410bf800000
xmodelsurfs,#equipment_satellite_dish_01_lrg_lod0_auto5-100-ts1-abrbe9e32ae-al56e50600n40bf800000
xmodelsurfs,#equipment_toolbox_01_lod0_auto4-100-ts1-abrbe9e32ae-al6c13a09dn60bf800000
xmodelsurfs,#equipment_toolbox_01_lod0_auto5-100-ts1-abrbe9e32ae-ala6a70d12n60bf800000
xmodelsurfs,#equipment_toolbox_01_lod0_auto6-100-ts1-abrbe9e32ae-al129ffd65n60bf800000
xmodelsurfs,#fabric_towel_folded_02_lod0_auto6-100-ts1-abrbe9e32ae-ala059e648naa10bf800000
xmodelsurfs,#fence_wood_planks_01_128_lod0_auto6-100-ts1-abrbe9e32ae-al682c1de5n40bf800000
xmodelsurfs,#fence_wood_planks_01_256_damaged_lod0_auto5-100-ts1-abrbe9e32ae-al2bb38ec8n40bf800000
xmodelsurfs,#fence_wood_planks_01_64_damaged_lod0_auto4-100-a-ts1-abrbe9e32ae-al98c62dfcn40bf800000
xmodelsurfs,#flower_shop_planter_05_lod0_auto3-100-ts1-abrbe9e32ae-ald130b700n40bf800000
xmodelsurfs,#flower_shop_planter_05_lod0_auto4-100-ts1-abrbe9e32ae-alabe49cd1n40bf800000
xmodelsurfs,#foliage_alder_bush_branch_2_lod0-100-1-ts1-abrbe9e32aen70bf800000
xmodelsurfs,#foliage_alder_bush_branch_2_lod0_auto1-100-1-ts1-abrbe9e32ae-alf3d22969n70bf800000
xmodelsurfs,#foliage_alder_bush_branch_2_lod0_auto2-100-1-ts1-abrbe9e32ae-alb1c197d0n70bf800000
xmodelsurfs,#foliage_alder_bush_branch_2_lod0_auto3-100-1-ts1-abrbe9e32ae-al48b51649n70bf800000
xmodelsurfs,#foliage_flower_camomile_group_01_lod3-001-1-ts1-abrbe9e32aen70bf800000
xmodelsurfs,#foliage_flower_marigold_planter_box_long_group_01_b_lod0_auto2-100-ts1-abrbe9e32ae-alf4e9f61en60bf800000
xmodelsurfs,#foliage_grass_long_patch_03_a_lod0-100-ts1-abrbe9e32aen60bf800000
xmodelsurfs,#foliage_grass_weeds_overgrowth_broadleaf_03_lod0_auto1-101-ts1-abrbe9e32ae-al48596563hffn60bf800000
xmodelsurfs,#foliage_plant_lobby_s0p5_lod2-101-ts1-abrbe9e32ae001hffn24041e64e86
xmodelsurfs,#foliage_pot_plant_decorative_01_lrg_unpotted_lod3_auto5-001-ts1-abrbe9e32ae-al47f3ed8d001hffn60bf800000
xmodelsurfs,#foliage_pot_plant_decorative_01_lrg_unpotted_lod3_auto6-001-ts1-abrbe9e32ae-al23d7309f001hffn60bf800000
xmodelsurfs,#food_beer_can_6pack_01_lod0_auto5-100-1-ts1-abrbe9e32ae-al1d75c3b3n410bf800000
xmodelsurfs,#food_cans_bottles_and_jars_jar_03_lod0_auto3-100-ts1-abrbe9e32ae-alaae8749dn40bf800000
xmodelsurfs,#food_cans_bottles_and_jars_jar_03_lod0_auto4-100-ts1-abrbe9e32ae-al66f273f8n40bf800000
xmodelsurfs,#food_trash_bag_chips_01_lod0-100-ts1-abrbe9e32aen41bf800000
xmodelsurfs,#food_vegetable_eggplant_01_lod0-100-ts1-abrbe9e32aen41bf800000
xmodelsurfs,#food_vegetable_eggplant_01_lod0_auto1-100-ts1-abrbe9e32ae-alc3096578n40bf800000
xmodelsurfs,#food_vegetable_eggplant_01_lod0_auto2-100-ts1-abrbe9e32ae-al45e71958n40bf800000
xmodelsurfs,#fountain_ceramic_large_01_lod0_auto6-100-ts1-abrbe9e32ae-al9e4258a0n40bf800000
xmodelsurfs,#furniture_cafe_chair_01_lod0_auto6-100-ts1-abrbe9e32ae-albdd09a1fn40bf800000
xmodelsurfs,#furniture_modern_chair_01_lod0_auto6-100-ts1-abrbe9e32ae-al5afe769an40bf800000
xmodelsurfs,#furniture_painting_frame_02_brown_03_lod0-100-ts1-abrbe9e32aen41bf800000
xmodelsurfs,#furniture_painting_frame_02_brown_04_ee_lod0-100-ts1-abrbe9e32aen41bf800000
xmodelsurfs,#furniture_painting_frame_05_brown_large_lod0-100-ts1-abrbe9e32aen41bf800000
xmodelsurfs,#furniture_queen_bed_01_lod0_auto6-100-ts1-abrbe9e32ae-ald2811e4n010bf800000
xmodelsurfs,#furniture_restaurant_waiter_desk_01_lod0_auto2-100-ts1-abrbe9e32ae-al13e1fbc6n40bf800000
xmodelsurfs,#furniture_restaurant_waiter_desk_drawer_01_lod0_auto1-100-ts1-abrbe9e32ae-al8c4bffben40bf800000
xmodelsurfs,#furniture_wood_folding_chair_01_lod0_auto5-100-ts1-abrbe9e32ae-ala05550bbn40bf800000
xmodelsurfs,#glass_beer_bottle_fn_02_lod0_auto4-100-ts1-abrbe9e32ae-aldba6c9en01041992377
xmodelsurfs,#glass_beer_bottle_fn_02_lod0_auto4-100-ts1-abrbe9e32ae-aldba6c9en010bf800000
xmodelsurfs,#glass_beer_bottle_s1_f2_lod0-100-1-ts1-abrbe9e32aen4114056444b
xmodelsurfs,#glass_beer_bottle_s1_f3_lod0-100-1-ts1-abrbe9e32aen514056444b
xmodelsurfs,#gns_sign_street_mexico_pedestrian_01_dyn_lod0_auto3-101-ts1-abrbe9e32ae-al1b22c39en01041c04950
xmodelsurfs,#gns_sign_street_mexico_stop_dyn_lod0_auto3-101-ts1-abrbe9e32ae-al646715e1n01041d05315
xmodelsurfs,#ground_wires_01_subd_lod0_auto5-100-ts1-abrbe9e32ae-al9b846fd2n40bf800000
xmodelsurfs,#hardware_plywood_painted_white_01_48_lodx-100-ts1-abrbe9e32aen40bf800000
xmodelsurfs,#hardware_plywood_painted_white_01_lod0_auto5-100-ts1-abrbe9e32ae-alc338cc3en40bf800000
xmodelsurfs,#hardware_plywood_painted_white_01_lod0_auto6-100-ts1-abrbe9e32ae-alab1e9522n40bf800000
xmodelsurfs,#ivy_roots_lod0-100-ts1-abrbe9e32ae001hffn60bf800000
xmodelsurfs,#ivy_roots_lod1-100-ts1-abrbe9e32ae001hffn60bf800000
xmodelsurfs,#iw6_trash_bottle_water2_lod0_auto3-100-a-ts1-abrbe9e32ae-al25053b74nc10bf800000
xmodelsurfs,#iw6_trash_cup_short3_lod0-100-ts1-abrbe9e32aen41bf800000
xmodelsurfs,#iw6_trash_cup_tall3_lod0_auto4-100-ts1-abrbe9e32ae-albc0a3f2an40bf800000
xmodelsurfs,#kitchen_accessories_stainless_steel_wall_shelf_short_lod0_auto5-100-ts1-abrbe9e32ae-ala96d65dfn40bf800000
xmodelsurfs,#kitchen_accessories_stainless_steel_wall_shelf_short_lod0_auto6-100-ts1-abrbe9e32ae-alfdf2ee72n40bf800000
xmodelsurfs,#kitchen_metal_sink_01_lod0_auto5-100-ts1-abrbe9e32ae-al8ed3c8a3n40bf800000
xmodelsurfs,#lag_portable_radio_lod0_auto5-000-ts1-abrbe9e32ae-al71052e95n40bf800000
xmodelsurfs,#light_interior_wall_sconce_01_lod0_auto4-100-ts1-abrbe9e32ae-al1a6e4e21n010bf800000
xmodelsurfs,#light_interior_wall_sconce_01_lod0_auto5-100-ts1-abrbe9e32ae-al96aa2184n40bf800000
xmodelsurfs,#lighting_box_lights_fixture_01_lod0-100-ts1-abrbe9e32aen41bf800000
xmodelsurfs,#lighting_commercial_fixture_02_lod0_auto6-100-1-ts1-abrbe9e32ae-alf8cd6bdn410bf800000
xmodelsurfs,#lighting_modern_fixture_wall_mounted_lod0_auto4-100-ts1-abrbe9e32ae-al13490aabn010bf800000
xmodelsurfs,#lighting_modern_fixture_wall_mounted_lod0_auto5-100-ts1-abrbe9e32ae-al1054an010bf800000
xmodelsurfs,#lighting_track_lights_fixture_full_01_lod1_auto5-100-ts1-abrbe9e32ae-al86942c6n40bf800000
xmodelsurfs,#lighting_track_lights_fixture_full_01_off_lod0_auto4-100-a-ts1-abrbe9e32ae-alade7a78en40bf800000
xmodelsurfs,#lighting_wall_lamp_picture_01_lod0_auto4-100-ts1-abrbe9e32ae-al2afe574an40bf800000
xmodelsurfs,#lighting_wall_lamp_picture_01_lod0_auto5-100-ts1-abrbe9e32ae-al30fa2eb9n40bf800000
xmodelsurfs,#lighting_wall_lamp_picture_01_lod0_auto6-100-ts1-abrbe9e32ae-al32a940d6n40bf800000
xmodelsurfs,#lm_decor_parliament_corinthian_column_01_shaft_end_lod0_auto2-100-ts1-abrbe9e32ae-al65016bc7n40bf800000
xmodelsurfs,#lm_decor_parliament_corinthian_column_01_shaft_lod0_auto4-100-ts1-abrbe9e32ae-al1a84ec74n40bf800000
xmodelsurfs,#lm_door_glass_metal_frame_window_120_r_lod0-100-ts1-abrbe9e32aen41bf800000
xmodelsurfs,#lm_door_glass_metal_frame_window_32_r_lod0-100-ts1-abrbe9e32aen41bf800000
xmodelsurfs,#lm_stairs_interior_concrete_01_2_lod0_auto1-100-ts1-abrbe9e32ae-al6fde2dddn40bf800000
xmodelsurfs,#lm_stairs_interior_concrete_01_4_lod0_auto2-100-ts1-abrbe9e32ae-albcc8ed76n40bf800000
xmodelsurfs,#lm_street_concrete_sidewalk_16x16_01_lod0_auto5-100-ts1-abrbe9e32ae-alb5193f45n40bf800000
xmodelsurfs,#lm_street_concrete_sidewalk_16x16_01_lod0_auto6-100-ts1-abrbe9e32ae-alda51bfe8n40bf800000
xmodelsurfs,#lm_structural_roof_trim_128_a_lod0-100-ts1-abrbe9e32aen41bf800000
xmodelsurfs,#lm_structural_roof_trim_128_a_lod0_auto3-100-ts1-abrbe9e32ae-ald5ec9f40n40bf800000
xmodelsurfs,#lm_structural_roof_trim_16_a_lod0-100-ts1-abrbe9e32aen41bf800000
xmodelsurfs,#lm_structural_roof_trim_16_a_lod0_auto3-100-ts1-abrbe9e32ae-al5658a169n40bf800000
xmodelsurfs,#lm_structural_roof_trim_32_a_lod0-100-ts1-abrbe9e32aen41bf800000
xmodelsurfs,#lm_structural_roof_trim_32_a_lod0_auto3-100-ts1-abrbe9e32ae-alb8b52723n40bf800000
xmodelsurfs,#lm_structural_roof_trim_96_a_lod0-100-ts1-abrbe9e32aen41bf800000
xmodelsurfs,#lm_structural_roof_trim_96_a_lod0_auto3-100-ts1-abrbe9e32ae-albaff80cn40bf800000
xmodelsurfs,#lm_structural_roof_trim_corner_inside_a_lod0-100-ts1-abrbe9e32aen41bf800000
xmodelsurfs,#lm_structural_roof_trim_corner_inside_a_lod0_auto3-100-ts1-abrbe9e32ae-alc6e7c903n40bf800000
xmodelsurfs,#london_coffee_machine_cup_lod0_auto5-000-3f3-ts1-abrbe9e32ae-al9821630fn450bf800000
xmodelsurfs,#me_archway_stone_window_01_lod0_auto5-100-ts1-abrbe9e32ae-al2045bd7dn40bf800000
xmodelsurfs,#me_barber_clippers_01_lod0_auto1-101-ts1-abrbe9e32ae-alacb42cc3n010bf800000
xmodelsurfs,#me_barber_shave_kit_brush_lod0_auto3-001-ts1-abrbe9e32ae-al8a6b8f37n210bf800000
xmodelsurfs,#me_barber_shave_kit_jar_lod0_auto3-101-1-ts1-abrbe9e32ae-al68f457c3n850bf800000
xmodelsurfs,#me_building_oldtown_plaster_corner_32_lod0-100-ts1-abrbe9e32aen41bf800000
xmodelsurfs,#me_construction_machinery_quarry_cable_spline_32_lod0-100-ts1-abrbe9e32aen40bf800000
xmodelsurfs,#me_construction_machinery_quarry_cable_spline_32_lod0_auto1-100-ts1-abrbe9e32ae-al29de5d5bn40bf800000
xmodelsurfs,#me_decor_window_curtain_01_single_lod0_auto5-100-1-ts1-abrbe9e32ae-alba461fcan60bf800000
xmodelsurfs,#me_decor_window_curtain_01_single_lod0_auto6-100-1-ts1-abrbe9e32ae-al1a16b34fn60bf800000
xmodelsurfs,#me_door_frame_wood_antique_ornate_01_mp_lod0_auto1-100-ts1-abrbe9e32ae-al405e80bcn40bf800000
xmodelsurfs,#me_door_frame_wood_antique_ornate_06_rl_lod0-100-ts1-abrbe9e32aen41bf800000
xmodelsurfs,#me_door_shop_left_01_mp_lodx-100-ts1-abrbe9e32aen40bf800000
xmodelsurfs,#me_door_shop_right_01_mp_lodx-000-ts1-abrbe9e32aen40bf800000
xmodelsurfs,#me_door_trap_wood_old_01_lod0_auto4-100-ts1-abrbe9e32ae-al87f6c9een40bf800000
xmodelsurfs,#me_food_butchery_hook_01_lod0-100-ts1-abrbe9e32aen40bf800000
xmodelsurfs,#me_gate_exterior_metal_frame_01_lod0-100-ts1-abrbe9e32aen41bf800000
xmodelsurfs,#me_gate_oldtown_parapet_128_lod0_auto6-100-ts1-abrbe9e32ae-alf610425cn40bf800000
xmodelsurfs,#me_gate_oldtown_parapet_16_lod0-100-ts1-abrbe9e32aen41bf800000
xmodelsurfs,#me_gate_oldtown_parapet_256_lod0_auto6-100-ts1-abrbe9e32ae-alffa992c5n40bf800000
xmodelsurfs,#me_gate_oldtown_parapet_32_lod0-100-ts1-abrbe9e32aen41bf800000
xmodelsurfs,#me_gate_oldtown_parapet_64_lod0-100-ts1-abrbe9e32aen41bf800000
xmodelsurfs,#me_gate_oldtown_parapet_8_lod0-100-ts1-abrbe9e32aen41bf800000
xmodelsurfs,#me_gate_oldtown_parapet_damaged_260_lod0_auto6-100-ts1-abrbe9e32ae-al80de9a8fn40bf800000
xmodelsurfs,#me_gate_oldtown_parapet_endcap_lod0-100-ts1-abrbe9e32aen41bf800000
xmodelsurfs,#me_light_ceiling_fluorescent_tube_cage_small_lod0_auto5-100-ts1-abrbe9e32ae-al6fad86d7n40bf800000
xmodelsurfs,#me_marketplace_wall_corner_rough_01_lod0_auto6-100-a-ts1-abrbe9e32ae-ald12c09b6n40bf800000
xmodelsurfs,#me_marketplace_wall_corner_rough_01_lod0_auto6-100-ts1-abrbe9e32ae-alaccc553n40bf800000
xmodelsurfs,#me_plaster_barrier_fence_wall_ornate_cap_32_lod0-100-ts1-abrbe9e32aen41bf800000
xmodelsurfs,#me_plaster_barrier_fence_wall_ornate_cap_32_lod0_auto1-100-ts1-abrbe9e32ae-al7cb66046n40bf800000
xmodelsurfs,#me_plaster_barrier_fence_wall_ornate_cap_32_lod0_auto2-100-ts1-abrbe9e32ae-al79e82623n40bf800000
xmodelsurfs,#me_plaster_barrier_fence_wall_ornate_cap_64_lod0_auto2-100-ts1-abrbe9e32ae-al5921c25en40bf800000
xmodelsurfs,#me_plaster_barrier_fence_wall_ornate_cap_64_lod0_auto3-100-ts1-abrbe9e32ae-ald29e31fen40bf800000
xmodelsurfs,#me_plaster_barrier_fence_wall_ornate_cap_8_end_lod0_auto2-100-ts1-abrbe9e32ae-al2de11d7dn40bf800000
xmodelsurfs,#me_plaster_barrier_fence_wall_ornate_cap_8_end_lod0_auto3-100-ts1-abrbe9e32ae-alce5124a0n40bf800000
xmodelsurfs,#me_plaster_barrier_fence_wall_ornate_cap_8_end_lod0_auto4-100-ts1-abrbe9e32ae-al3bec4df9n40bf800000
xmodelsurfs,#me_plaster_barrier_fence_wall_ornate_cap_8_lod0-100-ts1-abrbe9e32aen41bf800000
xmodelsurfs,#me_plaster_barrier_fence_wall_ornate_cap_dmg_01_lod0-100-ts1-abrbe9e32aen41bf800000
xmodelsurfs,#me_sign_office_danger_01_lod0-100-ts1-abrbe9e32aen41bf800000
xmodelsurfs,#me_sign_office_employeeonly_01_lod0_auto1-100-ts1-abrbe9e32ae-alc022690n40bf800000
xmodelsurfs,#me_sign_office_employeeonly_01_lod0_auto2-100-ts1-abrbe9e32ae-al5da7f998n40bf800000
xmodelsurfs,#me_sign_office_employeeonly_01_lod0_auto3-100-ts1-abrbe9e32ae-al6d467144n40bf800000
xmodelsurfs,#me_single_door_wood_antique_ornate_rl_05_lod0_auto2-100-ts1-abrbe9e32ae-al8fc391bn40bf800000
xmodelsurfs,#me_store_grocery_mobile_stand_tray_02_lod0_auto5-000-b-ts1-abrbe9e32ae-al892e3365n60bf800000
xmodelsurfs,#me_trim_stone_01_24_lod0_auto3-100-ts1-abrbe9e32ae-al2fbcc7d6n40bf800000
xmodelsurfs,#me_trim_stone_01_32_lod0_auto6-100-ts1-abrbe9e32ae-al82fba71fn40bf800000
xmodelsurfs,#me_window_frame_wood_single_01_brown_small_01_noglass_lod0_auto1-101-ts1-abrbe9e32ae-al52540f78n010bf800000
xmodelsurfs,#me_window_wood_single_ornate_01_lod0_auto4-101-ts1-abrbe9e32ae-al1640e200n40bf800000
xmodelsurfs,#me_wires_marines_electric_pole_wire_05_lod0_auto2-101-ts1-abrbe9e32ae-al6904e828n40bf800000
xmodelsurfs,#medical_bottle_03_lod0_auto3-100-a-ts1-abrbe9e32ae-al1ca62394n40bf800000
xmodelsurfs,#medical_tools_tray_d_01_lod0_auto3-100-ts1-abrbe9e32ae-al384b65c7n40bf800000
xmodelsurfs,#medical_tools_tray_d_01_lod0_auto4-100-ts1-abrbe9e32ae-ald67eae1n40bf800000
xmodelsurfs,#medical_tools_tray_d_01_lod0_auto5-100-ts1-abrbe9e32ae-al988f358bn40bf800000
xmodelsurfs,#military_cp_crafting_crate_wood_lod0_auto5-000-ts1-abrbe9e32ae-alea16606en40bf800000
xmodelsurfs,#misc_luxury_bag_01_lod0_auto4-100-ts1-abrbe9e32ae-al5e3c789bn40bf800000
xmodelsurfs,#misc_luxury_bag_01_lod0_auto5-100-ts1-abrbe9e32ae-ala376b540n40bf800000
xmodelsurfs,#misc_luxury_bag_01_lod0_auto6-100-ts1-abrbe9e32ae-alf6ec7c1fn40bf800000
xmodelsurfs,#mp_flip_lion_statue_02_lod0_auto3-100-ts1-abrbe9e32ae-al55791e61n40bf800000
xmodelsurfs,#mp_flip_statue_lion_head_01_lod0_auto4-100-ts1-abrbe9e32ae-al329b37f9n40bf800000
xmodelsurfs,#mp_flip_statue_lion_head_01_lod0_auto5-100-ts1-abrbe9e32ae-aleeee7f45n40bf800000
xmodelsurfs,#mx_building_cathedral_trim_foundation_128_lod0-100-ts1-abrbe9e32aen41bf800000
xmodelsurfs,#mx_building_cathedral_trim_foundation_32_lod0-100-ts1-abrbe9e32aen41bf800000
xmodelsurfs,#mx_building_cathedral_trim_foundation_64_lod0-100-ts1-abrbe9e32aen41bf800000
xmodelsurfs,#mx_building_cathedral_trim_foundation_corner_02_lod0-100-ts1-abrbe9e32aen41bf800000
xmodelsurfs,#mx_decor_cat_ceramic_01_lod0_auto5-100-ts1-abrbe9e32ae-al59f037ffn40bf800000
xmodelsurfs,#mx_decor_ceramic_baseboard_trim_01_128_lod0-100-ts1-abrbe9e32aen41bf800000
xmodelsurfs,#mx_decor_ceramic_baseboard_trim_01_16_lod0-100-ts1-abrbe9e32aen41bf800000
xmodelsurfs,#mx_decor_ceramic_baseboard_trim_01_32_lod0-100-ts1-abrbe9e32aen41bf800000
xmodelsurfs,#mx_decor_ceramic_baseboard_trim_01_4_corner_out_lod0-100-ts1-abrbe9e32aen41bf800000
xmodelsurfs,#mx_decor_ceramic_baseboard_trim_01_64_lod0-100-ts1-abrbe9e32aen41bf800000
xmodelsurfs,#mx_decor_ceramic_baseboard_trim_01_8_lod0-100-ts1-abrbe9e32aen41bf800000
xmodelsurfs,#mx_decor_ceramic_skull_01_lod0_auto4-100-ts1-abrbe9e32ae-ald95dded7n40bf800000
xmodelsurfs,#mx_decor_figurine_woman_01_lod0_auto4-100-ts1-abrbe9e32ae-alf91e01f2n40bf800000
xmodelsurfs,#mx_decor_painting_03_a_lod0-100-ts1-abrbe9e32aen41bf800000
xmodelsurfs,#mx_decor_painting_05_a_lod0-100-ts1-abrbe9e32aen41bf800000
xmodelsurfs,#mx_decor_painting_horse_02_lod0_auto3-100-ts1-abrbe9e32ae-ale486ab77n40bf800000
xmodelsurfs,#mx_decor_painting_horse_02_lod0_auto4-100-ts1-abrbe9e32ae-alc7d0c26fn40bf800000
xmodelsurfs,#mx_door_cathedral_01_frame_single_01_mp_lod0_auto1-100-ts1-abrbe9e32ae-al4a26c0b6n40bf800000
xmodelsurfs,#mx_door_cathedral_01_mp_lod3-000-ts1-abrbe9e32aen40bf800000
xmodelsurfs,#mx_door_gate_metal_artnouveau_half_doorway_rl_lod0_auto3-100-ts1-abrbe9e32ae-al5ee25409n40bf800000
xmodelsurfs,#mx_door_metal_exterior_double_half_glass_01_left_mp_lod0_auto3-100-ts1-abrbe9e32ae-al8938d2c4n010bf800000
xmodelsurfs,#mx_door_metal_exterior_double_half_glass_01_right_mp_lod0_auto2-100-ts1-abrbe9e32ae-al167bb28cn010bf800000
xmodelsurfs,#mx_door_metal_exterior_double_half_glass_02_left_rl_lod0_auto4-100-ts1-abrbe9e32ae-alac06eb0an010bf800000
xmodelsurfs,#mx_door_metal_exterior_double_half_glass_02_right_rl_lod0_auto4-100-ts1-abrbe9e32ae-alb4f0caf3n010bf800000
xmodelsurfs,#mx_door_wood_exterior_double_01_left_mp_lod0_auto1-100-a-ts1-abrbe9e32ae-al2510da55n410bf800000
xmodelsurfs,#mx_door_wood_exterior_double_01_right_mp_lod0_auto1-100-ts1-abrbe9e32ae-al37b93f7bn010bf800000
xmodelsurfs,#mx_lighting_restaurant_ceiling_bar_light_01_lod0_auto6-100-ts1-abrbe9e32ae-al768f2af8n40bf800000
xmodelsurfs,#mx_lighting_restaurant_ceiling_bar_light_01_mount_lod0-100-ts1-abrbe9e32aen41bf800000
xmodelsurfs,#mx_lighting_restaurant_ceiling_bar_light_01_mount_lod0_auto1-100-ts1-abrbe9e32ae-al89d8709an40bf800000
xmodelsurfs,#mx_machinery_atm_01_lod0_auto4-100-ts1-abrbe9e32ae-ala91116bfn40bf800000
xmodelsurfs,#mx_sign_commercial_bar_beer_brand_01_c_lod0_auto4-100-ts1-abrbe9e32ae-al84d962ccn010bf800000
xmodelsurfs,#mx_sign_commercial_bar_table_ad_01_lod0-100-ts1-abrbe9e32aen4141199b03
xmodelsurfs,#mx_sign_commercial_common_paper_notices_01_lod0_lod0-100-ts1-abrbe9e32aen41bf800000
xmodelsurfs,#mx_sign_commercial_common_paper_notices_02_lod0_lod0-100-ts1-abrbe9e32aen41bf800000
xmodelsurfs,#mx_sign_commercial_common_paper_notices_05_lod0_lod0-100-ts1-abrbe9e32aen41bf800000
xmodelsurfs,#mx_sign_commercial_common_paper_notices_06_lod0_lod0-100-ts1-abrbe9e32aen41bf800000
xmodelsurfs,#mx_sign_commercial_doctor_02_lod0_auto2-100-ts1-abrbe9e32ae-al8356ea6dn010bf800000
xmodelsurfs,#mx_sign_commercial_ice_cream_poster_01_lod0-100-ts1-abrbe9e32aen41bf800000
xmodelsurfs,#mx_sign_commercial_ice_cream_poster_02_lod0-100-ts1-abrbe9e32aen41bf800000
xmodelsurfs,#mx_sign_commercial_ice_cream_poster_03_lod0-100-ts1-abrbe9e32aen41bf800000
xmodelsurfs,#mx_sign_commercial_market_price_tag_apple_01_lod0-100-ts1-abrbe9e32aen41bf800000
xmodelsurfs,#mx_sign_commercial_market_price_tag_banana_01_lod0-100-ts1-abrbe9e32aen41bf800000
xmodelsurfs,#mx_sign_commercial_market_price_tag_cantaloupe_01_lod0-100-ts1-abrbe9e32aen41bf800000
xmodelsurfs,#mx_sign_commercial_market_price_tag_eggplant_01_lod0-100-ts1-abrbe9e32aen41bf800000
xmodelsurfs,#mx_sign_commercial_market_price_tag_lettuce_01_lod0-100-ts1-abrbe9e32aen41bf800000
xmodelsurfs,#mx_sign_commercial_market_price_tag_orange_01_lod0-100-ts1-abrbe9e32aen41bf800000
xmodelsurfs,#mx_sign_commercial_market_price_tag_pineapple_01_lod0-100-ts1-abrbe9e32aen41bf800000
xmodelsurfs,#mx_sign_commercial_market_price_tag_strawberry_01_lod0-100-ts1-abrbe9e32aen41bf800000
xmodelsurfs,#mx_sign_commercial_market_price_tag_tomato_01_lod0-100-ts1-abrbe9e32aen41bf800000
xmodelsurfs,#mx_sign_commercial_market_price_tag_watermelon_01_lod0-100-ts1-abrbe9e32aen41bf800000
xmodelsurfs,#mx_sign_commercial_telecom_pay_phone_poster_01_lod0-100-ts1-abrbe9e32aen41bf800000
xmodelsurfs,#mx_sign_neon_woman_01_lod0_auto4-100-ts1-abrbe9e32ae-al873b7d7n40bf800000
xmodelsurfs,#mx_street_concrete_base_01_lod0_auto3-100-ts1-abrbe9e32ae-ale42ebc98n40bf800000
xmodelsurfs,#mx_street_manhole_cover_02_lod0_auto2-100-ts1-abrbe9e32ae-al43cd97f4n40bf800000
xmodelsurfs,#mx_street_manhole_cover_03_lod0_auto3-101-a-ts1-abrbe9e32ae-al150847acn40bf800000
xmodelsurfs,#mx_street_sidewalk_curb_stone_128_lod0_auto2-100-ts1-abrbe9e32ae-al22c585bdn40bf800000
xmodelsurfs,#mx_street_sidewalk_curb_stone_64_lod0_auto2-100-ts1-abrbe9e32ae-alfbc1572en40bf800000
xmodelsurfs,#mx_trim_stone_01_32_lod0-100-ts1-abrbe9e32aen41bf800000
xmodelsurfs,#mx_wall_stone_corner_32_lod0-101-ts1-abrbe9e32aen41bf800000
xmodelsurfs,#mx_window_cathedral_inset_01_mp_lod0_auto4-100-ts1-abrbe9e32ae-al715dc5c7n40bf800000
xmodelsurfs,#office_book_black_open_lod0-100-ts1-abrbe9e32aen40bf800000
xmodelsurfs,#p7_box_cardboard_a_closed_cp_raid_complex_lod0_auto3-100-ts1-abrbe9e32ae-al1ef38944n40bf800000
xmodelsurfs,#p7_box_cardboard_a_open01_lod0_auto4-100-ts1-abrbe9e32ae-al6d59b973n40bf800000
xmodelsurfs,#p7_box_cardboard_a_open01_lod0_auto5-100-ts1-abrbe9e32ae-al338681d4n40bf800000
xmodelsurfs,#p7_box_cardboard_b_closed_lod0_auto2-100-ts1-abrbe9e32ae-alab32ea6an40bf800000
xmodelsurfs,#p7_box_cardboard_b_closed_lod0_auto3-100-ts1-abrbe9e32ae-alba1abcf8n40bf800000
xmodelsurfs,#p7_box_cardboard_c_closed_lod0_auto2-100-ts1-abrbe9e32ae-al205bee3fn40bf800000
xmodelsurfs,#p7_box_cardboard_c_closed_lod0_auto3-100-ts1-abrbe9e32ae-al9f6e7feen40bf800000
xmodelsurfs,#p7_crate_wood_01_lod0_auto2-100-ts1-abrbe9e32ae-al49e81a13n40bf800000
xmodelsurfs,#p7_crate_wood_01_tall_lod0_auto3-100-ts1-abrbe9e32ae-al6fe3ce5n40bf800000
xmodelsurfs,#p7_crate_wood_01_tall_open_lid_lod0-100-ts1-abrbe9e32aen41bf800000
xmodelsurfs,#p7_crate_wood_01_tall_open_lid_lod0_auto1-100-ts1-abrbe9e32ae-al5e5528b5n40bf800000
xmodelsurfs,#p7_door_mat_coir_03_lod1-100-ts1-abrbe9e32aen40bf800000
xmodelsurfs,#painting_canvas_03_lod0-100-ts1-abrbe9e32aen011bf800000
xmodelsurfs,#patio_umbrella_open_01_lod0_auto5-100-ts1-abrbe9e32ae-alaca411a9n60bf800000
xmodelsurfs,#patio_umbrella_open_01_lod0_auto6-100-ts1-abrbe9e32ae-al32c1a717n60bf800000
xmodelsurfs,#pipe_corridor_single_bracket_02_lod0-100-ts1-abrbe9e32aen41bf800000
xmodelsurfs,#pipe_metal_painted_bend_90_sml_thin_lod0_auto3-100-ts1-abrbe9e32ae-al26a3ceadn40bf800000
xmodelsurfs,#pipe_metal_painted_bend_90_sml_thin_lod0_auto5-100-ts1-abrbe9e32ae-alb0f6bd77n40bf800000
xmodelsurfs,#pipe_metal_painted_straight_16_thin_lod0_auto3-100-ts1-abrbe9e32ae-albc401448n40bf800000
xmodelsurfs,#pipe_metal_painted_straight_16_thin_lod0_auto5-100-ts1-abrbe9e32ae-ald6f50e86n40bf800000
xmodelsurfs,#pipe_metal_painted_straight_32_thin_lod0_auto3-100-ts1-abrbe9e32ae-al2d80964an40bf800000
xmodelsurfs,#pipe_metal_painted_straight_32_thin_lod0_auto5-100-ts1-abrbe9e32ae-al47da030bn40bf800000
xmodelsurfs,#pipe_metal_painted_straight_64_thin_lod0_auto2-100-ts1-abrbe9e32ae-ald191b474n40bf800000
xmodelsurfs,#pipe_metal_painted_straight_64_thin_lod0_auto4-100-ts1-abrbe9e32ae-al6ae70753n40bf800000
xmodelsurfs,#pipe_metal_painted_straight_64_thin_lod0_auto5-100-ts1-abrbe9e32ae-al93b6c0e3n40bf800000
xmodelsurfs,#pipe_metal_painted_support_wall_thin_lod0_auto4-100-ts1-abrbe9e32ae-al3f33cdedn40bf800000
xmodelsurfs,#planter_balcony_lod0_auto6-100-ts1-abrbe9e32ae-ald9445fe9n40bf800000
xmodelsurfs,#railing_metal_decor_01_16_lod3_auto5-101-ts1-abrbe9e32ae-ale44a629fn40bf800000
xmodelsurfs,#railing_metal_decor_01_32_lod3-100-ts1-abrbe9e32aen40bf800000
xmodelsurfs,#railing_metal_decor_01_32_lod3_auto4-101-ts1-abrbe9e32ae-albfe22c60n40bf800000
xmodelsurfs,#railing_metal_decor_01_64_black_lod0-101-ts1-abrbe9e32aen011bf800000
xmodelsurfs,#railing_metal_decor_01_64_black_lod0_auto1-101-ts1-abrbe9e32ae-ala5ca244dn010bf800000
xmodelsurfs,#railing_metal_decor_01_64_black_lod0_auto3-101-1-ts1-abrbe9e32ae-ald3138c35n40bf800000
xmodelsurfs,#railing_metal_decor_01_64_lod3_auto4-101-ts1-abrbe9e32ae-al7790ae56n40bf800000
xmodelsurfs,#railing_metal_decor_01_post_lod0-100-ts1-abrbe9e32aen41bf800000
xmodelsurfs,#railing_metal_decor_pot_holder_01_lod0_auto3-100-ts1-abrbe9e32ae-al87a93b15n40bf800000
xmodelsurfs,#railing_ornate_metal_24_lod0_auto4-100-ts1-abrbe9e32ae-alea1a289bn40bf800000
xmodelsurfs,#roof_asphalt_shingle_side_16_left_lod0-100-ts1-abrbe9e32aen41bf800000
xmodelsurfs,#roof_tile_ceramic_01_120_by_24_lod4-100-ts1-abrbe9e32aen40bf800000
xmodelsurfs,#roof_tile_ceramic_01_120_cap_lod0_auto4-100-ts1-abrbe9e32ae-alb0547e78n40bf800000
xmodelsurfs,#roof_tile_ceramic_01_32_lod0_auto3-100-ts1-abrbe9e32ae-aleb581784n40bf800000
xmodelsurfs,#roof_tile_ceramic_01_64_cap_lod4-100-ts1-abrbe9e32aen40bf800000
xmodelsurfs,#roof_tile_ceramic_01_64_cap_lodx-100-ts1-abrbe9e32aen40bf800000
xmodelsurfs,#roof_tile_ceramic_01_double_lod0_auto1-100-ts1-abrbe9e32ae-al1a77ecb9n40bf800000
xmodelsurfs,#roof_tile_ceramic_01_double_lod0_auto2-100-ts1-abrbe9e32ae-al1574c701n40bf800000
xmodelsurfs,#roof_tile_ceramic_01_narrow_lod0_auto2-100-ts1-abrbe9e32ae-al908e4329n40bf800000
xmodelsurfs,#roof_tile_ceramic_01_narrow_lod4-100-ts1-abrbe9e32aen40bf800000
xmodelsurfs,#roof_tile_ceramic_01_single_row_32_lod0_auto1-100-ts1-abrbe9e32ae-ala98c8a4fn40bf800000
xmodelsurfs,#roof_tile_ceramic_01_single_row_32_lod0_auto2-100-ts1-abrbe9e32ae-ald078e105n40bf800000
xmodelsurfs,#roof_tile_ceramic_01_single_row_32_lod0_auto3-100-ts1-abrbe9e32ae-al3e32f71fn40bf800000
xmodelsurfs,#roof_tile_ceramic_01_single_row_32_lod0_auto4-100-ts1-abrbe9e32ae-al48de3c77n40bf800000
xmodelsurfs,#roof_tile_ceramic_01_single_row_cap_lod0_auto1-100-ts1-abrbe9e32ae-al29adfe82n40bf800000
xmodelsurfs,#roof_tile_ceramic_01_single_row_cap_lod0_auto2-100-ts1-abrbe9e32ae-al364f45c1n40bf800000
xmodelsurfs,#roof_tile_ceramic_01_single_row_cap_lod0_auto3-100-ts1-abrbe9e32ae-al13d312a2n40bf800000
xmodelsurfs,#roof_tile_ceramic_01_single_row_cap_lod0_auto4-100-ts1-abrbe9e32ae-alb188983en40bf800000
xmodelsurfs,#school_textbooks_02_lod0_auto4-100-ts1-abrbe9e32ae-al5ebaa969n40bf800000
xmodelsurfs,#sign_address_plate_decorative_a_01_lod0-100-ts1-abrbe9e32aen41bf800000
xmodelsurfs,#sign_address_plate_decorative_a_01_lod0_auto1-100-ts1-abrbe9e32ae-al220bcc68n40bf800000
xmodelsurfs,#sign_address_plate_decorative_a_01_lod0_auto2-100-ts1-abrbe9e32ae-al9e080775n40bf800000
xmodelsurfs,#sign_address_plate_decorative_a_01_lod0_auto3-100-ts1-abrbe9e32ae-al7c8d3632n40bf800000
xmodelsurfs,#sign_address_plate_decorative_a_02_lod0-100-ts1-abrbe9e32aen41bf800000
xmodelsurfs,#sign_address_plate_decorative_a_02_lod0_auto1-100-ts1-abrbe9e32ae-al8c318ccdn40bf800000
xmodelsurfs,#sign_address_plate_decorative_a_02_lod0_auto2-100-ts1-abrbe9e32ae-alc341b15en40bf800000
xmodelsurfs,#sign_address_plate_decorative_a_02_lod0_auto3-100-ts1-abrbe9e32ae-ald417ae6bn40bf800000
xmodelsurfs,#sign_address_plate_decorative_a_03_lod0-100-ts1-abrbe9e32aen41bf800000
xmodelsurfs,#sign_address_plate_decorative_a_03_lod0_auto1-100-ts1-abrbe9e32ae-al87aa0c1cn40bf800000
xmodelsurfs,#sign_address_plate_decorative_a_03_lod0_auto2-100-ts1-abrbe9e32ae-al39d9fda2n40bf800000
xmodelsurfs,#sign_address_plate_decorative_a_03_lod0_auto3-100-ts1-abrbe9e32ae-al97f45b09n40bf800000
xmodelsurfs,#sign_address_plate_decorative_a_05_lod0-100-ts1-abrbe9e32aen41bf800000
xmodelsurfs,#sign_address_plate_decorative_a_05_lod0_auto1-100-ts1-abrbe9e32ae-ale19ed04en40bf800000
xmodelsurfs,#sign_address_plate_decorative_a_05_lod0_auto2-100-ts1-abrbe9e32ae-al3d7b5e81n40bf800000
xmodelsurfs,#sign_address_plate_decorative_a_05_lod0_auto3-100-ts1-abrbe9e32ae-alff00617an40bf800000
xmodelsurfs,#sign_address_plate_decorative_a_end_lod0-100-ts1-abrbe9e32aen41bf800000
xmodelsurfs,#sign_address_plate_decorative_b_02_lod0-100-ts1-abrbe9e32aen41bf800000
xmodelsurfs,#sign_address_plate_decorative_b_02_lod0_auto1-100-ts1-abrbe9e32ae-al9c370dden40bf800000
xmodelsurfs,#sign_address_plate_decorative_b_02_lod0_auto2-100-ts1-abrbe9e32ae-ala37a458en40bf800000
xmodelsurfs,#sign_address_plate_decorative_b_02_lod0_auto3-100-ts1-abrbe9e32ae-al2423cca2n40bf800000
xmodelsurfs,#sign_address_plate_decorative_b_03_lod0-100-ts1-abrbe9e32aen41bf800000
xmodelsurfs,#sign_address_plate_decorative_b_03_lod0_auto1-100-ts1-abrbe9e32ae-al8150cd2dn40bf800000
xmodelsurfs,#sign_address_plate_decorative_b_03_lod0_auto2-100-ts1-abrbe9e32ae-alcbc9e41an40bf800000
xmodelsurfs,#sign_address_plate_decorative_b_03_lod0_auto3-100-ts1-abrbe9e32ae-ald22cc7ean40bf800000
xmodelsurfs,#sign_address_plate_decorative_b_end_lod0-100-ts1-abrbe9e32aen41bf800000
xmodelsurfs,#sign_address_plate_decorative_b_end_lod0_auto1-100-ts1-abrbe9e32ae-al69b1224bn40bf800000
xmodelsurfs,#sign_address_plate_decorative_b_end_lod0_auto2-100-ts1-abrbe9e32ae-al69b1224bn40bf800000
xmodelsurfs,#sign_address_plate_simple_a_01_lod0-100-ts1-abrbe9e32aen41bf800000
xmodelsurfs,#sign_address_plate_simple_a_02_lod0-100-ts1-abrbe9e32aen41bf800000
xmodelsurfs,#sign_address_plate_simple_a_03_lod0-100-ts1-abrbe9e32aen41bf800000
xmodelsurfs,#sign_address_plate_simple_a_04_lod0-100-ts1-abrbe9e32aen41bf800000
xmodelsurfs,#sign_address_plate_simple_a_05_lod0-100-ts1-abrbe9e32aen41bf800000
xmodelsurfs,#sign_address_plate_simple_a_06_lod0-100-ts1-abrbe9e32aen41bf800000
xmodelsurfs,#sign_address_plate_simple_a_09_lod0-100-ts1-abrbe9e32aen41bf800000
xmodelsurfs,#sign_advert_soda_poster_02_lod0-100-ts1-abrbe9e32aen41bf800000
xmodelsurfs,#sign_advert_soda_poster_03_lod0-100-ts1-abrbe9e32aen41bf800000
xmodelsurfs,#sign_billboard_rooftop_small_02_lod1_auto6-100-ts1-abrbe9e32ae-al7b5cb41dn40bf800000
xmodelsurfs,#sign_bodega_locksmith_02_lod0-100-ts1-abrbe9e32aen41bf800000
xmodelsurfs,#sign_commercial_mexico_no_smoking_03_lod0-100-ts1-abrbe9e32aen41bf800000
xmodelsurfs,#sign_commercial_mexico_no_smoking_04_lod0-100-ts1-abrbe9e32aen41bf800000
xmodelsurfs,#sign_commercial_mexico_tile_05_lod0_auto4-100-ts1-abrbe9e32ae-al9f053839n010bf800000
xmodelsurfs,#sign_general_store_front_stickers_credit_card_02_lod0-100-ts1-abrbe9e32aen41bf800000
xmodelsurfs,#sign_general_store_front_stickers_information_01_lod0-100-ts1-abrbe9e32aen41bf800000
xmodelsurfs,#sign_general_store_front_stickers_wifi_02_lod0-100-ts1-abrbe9e32aen41bf800000
xmodelsurfs,#sign_general_store_front_stickers_wifi_02_lod0_auto1-100-ts1-abrbe9e32ae-al51212841n40bf800000
xmodelsurfs,#sign_general_store_front_stickers_wifi_02_lod0_auto2-100-ts1-abrbe9e32ae-alcfa566f3n40bf800000
xmodelsurfs,#sign_general_store_front_stickers_wifi_02_lod0_auto3-100-ts1-abrbe9e32ae-al837f1449n40bf800000
xmodelsurfs,#sign_residential_usa_security_01_lod0-100-ts1-abrbe9e32aen011bf800000
xmodelsurfs,#sign_signage_address_set_sign_lod0-101-ts1-abrbe9e32aen40bf800000
xmodelsurfs,#sign_signage_address_set_sign_lod0_auto1-101-ts1-abrbe9e32ae-alc0cb8448n40bf800000
xmodelsurfs,#sign_signage_address_set_sign_lod0_auto2-101-ts1-abrbe9e32ae-al93294114n40bf800000
xmodelsurfs,#sign_signage_address_set_sign_lod0_auto3-101-ts1-abrbe9e32ae-al3e93d623n40bf800000
xmodelsurfs,#sign_street_mexico_arrow_02_lod0_auto1-100-ts1-abrbe9e32ae-al81e15bf9n010bf800000
xmodelsurfs,#sign_street_mexico_arrow_02_lod0_auto4-100-ts1-abrbe9e32ae-alfbc9b0ean010bf800000
xmodelsurfs,#sign_street_mexico_name_plate_02_lod0_auto2-100-ts1-abrbe9e32ae-al3e413d0cn40bf800000
xmodelsurfs,#sign_street_mexico_name_plate_02_lod0_auto3-100-ts1-abrbe9e32ae-al9a20804n40bf800000
xmodelsurfs,#sign_street_mexico_no_parking_01_lod0_auto2-100-ts1-abrbe9e32ae-al4d94ae28n010bf800000
xmodelsurfs,#sign_street_mexico_no_parking_01_lod0_auto3-100-ts1-abrbe9e32ae-al5b79fa9en010bf800000
xmodelsurfs,#sign_street_mexico_no_parking_01_lod0_auto4-100-ts1-abrbe9e32ae-alfae8c1c7n010bf800000
xmodelsurfs,#sign_street_mexico_no_parking_02_lod0_auto1-100-ts1-abrbe9e32ae-al280723d6n010bf800000
xmodelsurfs,#sign_street_mexico_speed_limit_01_lod0_auto3-100-ts1-abrbe9e32ae-al2de4ee7en010bf800000
xmodelsurfs,#stairs_concrete_rough_deep_128_lod0_auto1-100-ts1-abrbe9e32ae-al59628267n40bf800000
xmodelsurfs,#stairs_concrete_rough_deep_128_lod0_auto2-100-ts1-abrbe9e32ae-alded9d740n40bf800000
xmodelsurfs,#stairs_concrete_rough_deep_16_lod0-100-ts1-abrbe9e32aen41bf800000
xmodelsurfs,#stairs_concrete_rough_deep_32_lod0-100-ts1-abrbe9e32aen41bf800000
xmodelsurfs,#stairs_concrete_rough_deep_32_lod0_auto3-100-ts1-abrbe9e32ae-alaa9d5c48n40bf800000
xmodelsurfs,#stairs_concrete_rough_deep_48_lod0-100-ts1-abrbe9e32aen41bf800000
xmodelsurfs,#stairs_concrete_rough_deep_48_lod0_auto3-100-ts1-abrbe9e32ae-al962043f4n40bf800000
xmodelsurfs,#stairs_concrete_rough_deep_64_a_lod0-100-ts1-abrbe9e32aen41bf800000
xmodelsurfs,#stairs_concrete_rough_deep_64_a_lod0_auto1-100-ts1-abrbe9e32ae-al689b3032n40bf800000
xmodelsurfs,#stairs_concrete_rough_deep_64_b_lod0-100-ts1-abrbe9e32aen41bf800000
xmodelsurfs,#stairs_concrete_rough_deep_64_b_lod0_auto1-100-ts1-abrbe9e32ae-al9a820b44n40bf800000
xmodelsurfs,#stairs_concrete_rough_deep_corner_90_outside_lod0-100-ts1-abrbe9e32aen41bf800000
xmodelsurfs,#stairs_concrete_rough_deep_corner_90_outside_lod0_auto1-100-ts1-abrbe9e32ae-alc0b18b72n40bf800000
xmodelsurfs,#stairs_terracotta_tile_dirty_64x8_01_lod0_lod0-100-ts1-abrbe9e32aen41bf800000
xmodelsurfs,#storage_cardboard_box_01_lod0-100-ts1-abrbe9e32aen41bf800000
xmodelsurfs,#storage_cardboard_box_01_lod0_auto1-100-ts1-abrbe9e32ae-al57821be2n40bf800000
xmodelsurfs,#street_bollard_iron_ornate_02_lod0_auto5-100-ts1-abrbe9e32ae-ala556e4fn40bf800000
xmodelsurfs,#street_light_iron_ornate_01_lod0_auto6-100-ts1-abrbe9e32ae-al5113ad0n40bf800000
xmodelsurfs,#street_metal_drain_grid_01_lod0-100-ts1-abrbe9e32aen41bf800000
xmodelsurfs,#street_road_bump_01_lod0_auto3-100-ts1-abrbe9e32ae-al35dddf39n40bf800000
xmodelsurfs,#street_sign_iron_ornate_post_01_destr_base_lod0_auto4-100-ts1-abrbe9e32ae-al1cc520bn4041516918
xmodelsurfs,#street_sign_iron_ornate_post_01_destr_s1_f1_lod0_auto3-100-ts1-abrbe9e32ae-al9db682d8n4042004e0a
xmodelsurfs,#street_sign_iron_ornate_post_01_destr_s1_f2_lod0-100-ts1-abrbe9e32aen4141d2615a
xmodelsurfs,#street_sign_iron_ornate_post_01_destr_s1_f2_lod0_auto1-100-ts1-abrbe9e32ae-alf1678d00n4041d2615a
xmodelsurfs,#street_sign_iron_ornate_post_01_destr_s1_f2_lod0_auto2-100-ts1-abrbe9e32ae-ale731e790n4041d2615a
xmodelsurfs,#street_sign_iron_ornate_post_01_destr_s1_f2_lod0_auto3-100-ts1-abrbe9e32ae-al5041e9an4041d2615a
xmodelsurfs,#street_sign_iron_ornate_post_01_destr_s1_f3_lod0_auto3-100-ts1-abrbe9e32ae-al6b096c8an4041b17c19
xmodelsurfs,#trash_bin_airport_01_lod0_auto5-100-ts1-abrbe9e32ae-alb675e1bfn40bf800000
xmodelsurfs,#trash_can_metal_closed_lod0_auto5-100-ts1-abrbe9e32ae-al83be28afn40bf800000
xmodelsurfs,#trash_clothes_pile_01_lod0_auto3-100-ts1-abrbe9e32ae-ale1e87e98n40bf800000
xmodelsurfs,#trash_pile_paper_01_lod0-100-ts1-abrbe9e32aen40bf800000
xmodelsurfs,#trash_plastic_bags_lod0_auto4-100-ts1-abrbe9e32ae-al38d1faf6n60bf800000
xmodelsurfs,#trash_plastic_bags_lod0_auto5-100-ts1-abrbe9e32ae-al9f43f74bn60bf800000
xmodelsurfs,#trash_plastic_bags_torn_lod0_auto4-100-ts1-abrbe9e32ae-al9887f7b4n60bf800000
xmodelsurfs,#trash_plastic_bags_torn_lod0_auto5-100-ts1-abrbe9e32ae-alb74db15dn60bf800000
xmodelsurfs,#trim_riverbank_concrete_01_sm_128_lod0-100-ts1-abrbe9e32aen41bf800000
xmodelsurfs,#trim_riverbank_concrete_01_sm_16_lod0-100-ts1-abrbe9e32aen41bf800000
xmodelsurfs,#trim_riverbank_concrete_01_sm_16_lod0_auto3-100-ts1-abrbe9e32ae-al11ccde01n40bf800000
xmodelsurfs,#trim_riverbank_concrete_01_sm_32_lod0-100-ts1-abrbe9e32aen41bf800000
xmodelsurfs,#trim_riverbank_concrete_01_sm_64_lod0-100-ts1-abrbe9e32aen41bf800000
xmodelsurfs,#trim_riverbank_concrete_01_sm_64_lod0_auto1-100-ts1-abrbe9e32ae-ald10c3172n40bf800000
xmodelsurfs,#trim_riverbank_concrete_01_sm_64_lod0_auto2-100-ts1-abrbe9e32ae-al382cad75n40bf800000
xmodelsurfs,#trim_riverbank_concrete_01_sm_64_lod0_auto3-100-ts1-abrbe9e32ae-alb49f5ae9n40bf800000
xmodelsurfs,#trim_riverbank_concrete_01_sm_corner_01_lod0-100-ts1-abrbe9e32aen41bf800000
xmodelsurfs,#trim_stone_pavement_01_128_lod0_auto4-100-ts1-abrbe9e32ae-al6317849dn40bf800000
xmodelsurfs,#trim_stone_pavement_01_32_lod0_auto4-100-ts1-abrbe9e32ae-al8d46b0a4n40bf800000
xmodelsurfs,#trim_stone_pavement_01_40_lod0_auto3-100-ts1-abrbe9e32ae-al72b2355cn40bf800000
xmodelsurfs,#trim_stone_pavement_01_40_lod0_auto4-100-ts1-abrbe9e32ae-al430a4c96n40bf800000
xmodelsurfs,#trim_stone_pavement_01_48_lod0_auto4-100-ts1-abrbe9e32ae-al4724abben40bf800000
xmodelsurfs,#trim_stone_pavement_01_64_lod0_auto4-100-ts1-abrbe9e32ae-al862e8387n40bf800000
xmodelsurfs,#trim_stone_pavement_01_corner_lod0_auto4-100-ts1-abrbe9e32ae-al9efb8d0en40bf800000
xmodelsurfs,#trim_tunnel_stone_brick_corner_01_lod0_auto4-100-ts1-abrbe9e32ae-al5ea69045n40bf800000
xmodelsurfs,#trim_wood_beam_planks_01_128_lod0_auto6-100-ts1-abrbe9e32ae-alfd25dd11n40bf800000
xmodelsurfs,#trim_wood_beam_planks_01_96_lod0_auto6-100-ts1-abrbe9e32ae-alb43331ban40bf800000
xmodelsurfs,#trim_wood_beam_planks_02_128_lod0_auto6-100-ts1-abrbe9e32ae-alc5c03ba2n40bf800000
xmodelsurfs,#trim_wood_beam_planks_02_32_lod0_auto6-100-ts1-abrbe9e32ae-alf40e1714n40bf800000
xmodelsurfs,#trim_wood_beam_planks_02_48_lod0_auto6-100-ts1-abrbe9e32ae-ala4476378n40bf800000
xmodelsurfs,#trim_wood_beam_planks_02_96_lod0_auto6-100-ts1-abrbe9e32ae-al9946a23fn40bf800000
xmodelsurfs,#trim_wood_beam_planks_03_128_lod0_auto6-100-ts1-abrbe9e32ae-al383ddd6fn40bf800000
xmodelsurfs,#trim_wood_beam_planks_03_32_lod0_auto6-100-ts1-abrbe9e32ae-al4cd5e9f8n40bf800000
xmodelsurfs,#trim_wood_beam_planks_03_64_lod0_auto6-100-ts1-abrbe9e32ae-al10e53cf7n40bf800000
xmodelsurfs,#trim_wood_beam_planks_03_96_lod0_auto6-100-ts1-abrbe9e32ae-al9bfc2b77n40bf800000
xmodelsurfs,#uk_brick_wall_trim_01_128_half_lod0_auto6-100-ts1-abrbe9e32ae-al119389b4n40bf800000
xmodelsurfs,#uk_brick_wall_trim_01_16_endcap_half_02_lod0-100-ts1-abrbe9e32aen41bf800000
xmodelsurfs,#uk_brick_wall_trim_01_16_endcap_half_lod0-100-ts1-abrbe9e32aen41bf800000
xmodelsurfs,#uk_brick_wall_trim_01_32_half_lod0_auto2-100-ts1-abrbe9e32ae-alf1f30b49n40bf800000
xmodelsurfs,#uk_brick_wall_trim_01_32_half_lod0_auto4-100-ts1-abrbe9e32ae-al6775086an40bf800000
xmodelsurfs,#uk_brick_wall_trim_01_32_lod0_auto5-100-ts1-abrbe9e32ae-al378d1203n40bf800000
xmodelsurfs,#uk_brick_wall_trim_01_64_half_lod0_auto1-100-ts1-abrbe9e32ae-al2acb13b3n40bf800000
xmodelsurfs,#uk_brick_wall_trim_01_64_lod0_auto6-100-ts1-abrbe9e32ae-al2fa679fen40bf800000
xmodelsurfs,#uk_brick_wall_trim_01_corner_l_half_lod0-100-ts1-abrbe9e32aen41bf800000
xmodelsurfs,#uk_brick_wall_trim_01_corner_l_half_lod0_auto1-100-ts1-abrbe9e32ae-al7711653n40bf800000
xmodelsurfs,#uk_brick_wall_trim_01_corner_l_half_lod0_auto3-100-ts1-abrbe9e32ae-alf8353638n40bf800000
xmodelsurfs,#uk_brick_wall_trim_02_128_lod0_auto5-100-ts1-abrbe9e32ae-al333cbe1bn40bf800000
xmodelsurfs,#uk_brick_wall_trim_02_32_lod0_auto3-100-ts1-abrbe9e32ae-ale7d2c2cen40bf800000
xmodelsurfs,#uk_brick_wall_trim_02_32_lod0_auto4-100-ts1-abrbe9e32ae-al81b69209n40bf800000
xmodelsurfs,#uk_brick_wall_trim_02_corner_lod0_auto2-100-ts1-abrbe9e32ae-ale513aba4n40bf800000
xmodelsurfs,#uk_building_exterior_concrete_stairs_32_center_01_lod0-100-ts1-abrbe9e32aen41bf800000
xmodelsurfs,#uk_building_exterior_concrete_stairs_32_center_01_lod0_auto1-100-ts1-abrbe9e32ae-ald3498234n40bf800000
xmodelsurfs,#uk_building_exterior_concrete_stairs_32_center_01_lod0_auto2-100-ts1-abrbe9e32ae-al312e3211n40bf800000
xmodelsurfs,#uk_building_exterior_concrete_stairs_32_center_01_lod0_auto3-100-ts1-abrbe9e32ae-alf9ae4c2fn40bf800000
xmodelsurfs,#uk_building_exterior_concrete_stairs_80_01_lod0_auto6-100-ts1-abrbe9e32ae-alf75316b0n40bf800000
xmodelsurfs,#uk_building_exterior_concrete_stairs_8_left_01_lod0_auto3-100-ts1-abrbe9e32ae-al51e488bn40bf800000
xmodelsurfs,#uk_building_exterior_concrete_stairs_8_left_01_lod0_auto4-100-ts1-abrbe9e32ae-al4f683ee1n40bf800000
xmodelsurfs,#uk_building_exterior_concrete_stairs_8_left_01_lod0_auto5-100-ts1-abrbe9e32ae-alefae0af4n40bf800000
xmodelsurfs,#uk_building_exterior_concrete_stairs_8_right_01_lod0_auto3-100-ts1-abrbe9e32ae-alc3ea98f3n40bf800000
xmodelsurfs,#uk_building_exterior_concrete_stairs_8_right_01_lod0_auto4-100-ts1-abrbe9e32ae-ald23fc974n40bf800000
xmodelsurfs,#uk_building_exterior_concrete_stairs_8_right_01_lod0_auto5-100-ts1-abrbe9e32ae-al4273f39an40bf800000
xmodelsurfs,#uk_building_exterior_concrete_stairs_worn_02_lod0_auto5-100-ts1-abrbe9e32ae-alf04d48acn40bf800000
xmodelsurfs,#uk_building_exterior_concrete_stairs_worn_02_lod0_auto6-100-ts1-abrbe9e32ae-al513b635bn40bf800000
xmodelsurfs,#uk_clothing_workout_hoodie_01_lod0_auto5-100-ts1-abrbe9e32ae-al7c442ae6n40bf800000
xmodelsurfs,#uk_clothing_workout_hoodie_01_lod0_auto6-100-ts1-abrbe9e32ae-alfb2f90b3n40bf800000
xmodelsurfs,#uk_decor_window_curtain_01_r_lod0_auto3-000-1-ts1-abrbe9e32ae-al901300ebn70bf800000
xmodelsurfs,#uk_decor_window_curtain_01_r_lod0_auto4-000-1-ts1-abrbe9e32ae-aleff93715n70bf800000
xmodelsurfs,#uk_decor_window_curtain_01_r_lod0_auto5-000-1-ts1-abrbe9e32ae-al6014f453n70bf800000
xmodelsurfs,#uk_decor_window_curtain_01_r_lod0_auto6-000-1-ts1-abrbe9e32ae-ald17ac999n70bf800000
xmodelsurfs,#uk_dumpster_small_green_01_lod0_auto6-100-6f-ts1-abrbe9e32ae-alc803aa69hffn450bf800000
xmodelsurfs,#uk_foliage_plant_potted_grass_01_hanging_lod0_auto3-101-ts1-abrbe9e32ae-al532cdbf3n40bf800000
xmodelsurfs,#uk_foliage_plant_potted_palm_01_lod1_auto6-101-ts1-abrbe9e32ae-al8129e378001hffn40bf800000
xmodelsurfs,#uk_foliage_plant_potted_yucca_01_hanging_lod2_auto3-101-ts1-abrbe9e32ae-al7fe50ad3001hffn40bf800000
xmodelsurfs,#uk_foliage_small_weeds_01_lod0-101-ts1-abrbe9e32ae001hffn60bf800000
xmodelsurfs,#uk_foliage_small_weeds_02_lod0-101-ts1-abrbe9e32ae001hffn60bf800000
xmodelsurfs,#uk_foliage_vine_englishivy_hanging_long_lod0-000-ts1-abrbe9e32ae001hffn60bf800000
xmodelsurfs,#uk_foliage_vine_englishivy_hanging_long_lod1-100-ts1-abrbe9e32ae001hffn60bf800000
xmodelsurfs,#uk_foliage_vine_englishivy_hanging_med_lod0-000-ts1-abrbe9e32aen60bf800000
xmodelsurfs,#uk_foliage_vine_englishivy_hanging_med_lod1-100-ts1-abrbe9e32aen60bf800000
xmodelsurfs,#uk_foliage_vine_englishivy_short_ledge_lod2-100-ts1-abrbe9e32ae001hffn60bf800000
xmodelsurfs,#uk_foliage_vine_englishivy_small_02_lod0-100-ts1-abrbe9e32aen60bf800000
xmodelsurfs,#uk_foliage_vine_englishivy_small_02_lod1-100-ts1-abrbe9e32aen60bf800000
xmodelsurfs,#uk_garage_poster_02a_lod0-101-ts1-abrbe9e32aen40bf800000
xmodelsurfs,#uk_house_baseboard_01_128_lod0-100-a-ts1-abrbe9e32aen411bf800000
xmodelsurfs,#uk_house_baseboard_01_128_lod0-100-a-ts1-abrbe9e32aen41bf800000
xmodelsurfs,#uk_house_baseboard_01_16_lod0-100-ts1-abrbe9e32aen41bf800000
xmodelsurfs,#uk_house_baseboard_01_16_lod1-100-ts1-abrbe9e32aen40bf800000
xmodelsurfs,#uk_house_baseboard_01_2_corner_out_lod0-100-a-ts1-abrbe9e32aen41bf800000
xmodelsurfs,#uk_house_baseboard_01_2_lod0-100-ts1-abrbe9e32aen41bf800000
xmodelsurfs,#uk_house_baseboard_01_32_lod0-100-a-ts1-abrbe9e32aen411bf800000
xmodelsurfs,#uk_house_baseboard_01_32_lod0-100-a-ts1-abrbe9e32aen41bf800000
xmodelsurfs,#uk_house_baseboard_01_4_corner_out_lod0-100-a-ts1-abrbe9e32aen411bf800000
xmodelsurfs,#uk_house_baseboard_01_4_corner_out_lod0-100-a-ts1-abrbe9e32aen41bf800000
xmodelsurfs,#uk_house_baseboard_01_4_corner_out_lod1-100-a-ts1-abrbe9e32aen40bf800000
xmodelsurfs,#uk_house_baseboard_01_4_corner_out_lod1-100-a-ts1-abrbe9e32aen410bf800000
xmodelsurfs,#uk_house_baseboard_01_4_lod0-100-ts1-abrbe9e32aen41bf800000
xmodelsurfs,#uk_house_baseboard_01_64_lod0-100-a-ts1-abrbe9e32aen411bf800000
xmodelsurfs,#uk_house_baseboard_01_64_lod0-100-a-ts1-abrbe9e32aen41bf800000
xmodelsurfs,#uk_house_baseboard_01_8_angle_in_lod0-100-a-ts1-abrbe9e32aen41bf800000
xmodelsurfs,#uk_house_baseboard_01_8_corner_in_lod0-100-a-ts1-abrbe9e32aen411bf800000
xmodelsurfs,#uk_house_baseboard_01_8_corner_out_lod0-100-a-ts1-abrbe9e32aen411bf800000
xmodelsurfs,#uk_house_baseboard_01_8_corner_out_lod0-100-a-ts1-abrbe9e32aen41bf800000
xmodelsurfs,#uk_house_baseboard_01_8_doorway_a_lod0-100-ts1-abrbe9e32aen41bf800000
xmodelsurfs,#uk_house_baseboard_01_8_doorway_b_lod0-100-ts1-abrbe9e32aen41bf800000
xmodelsurfs,#uk_house_baseboard_01_8_lod0-100-ts1-abrbe9e32aen41bf800000
xmodelsurfs,#uk_house_chair_rail_01_128_lod0-100-a-ts1-abrbe9e32aen411bf800000
xmodelsurfs,#uk_house_chair_rail_01_128_lod0-100-ts1-abrbe9e32aen011bf800000
xmodelsurfs,#uk_house_chair_rail_01_128_lod0_auto1-100-a-ts1-abrbe9e32ae-al28290b6bn410bf800000
xmodelsurfs,#uk_house_chair_rail_01_128_lod0_auto1-100-ts1-abrbe9e32ae-al28290b6bn010bf800000
xmodelsurfs,#uk_house_chair_rail_01_128_lod0_auto2-100-a-ts1-abrbe9e32ae-ala39ec5a2n410bf800000
xmodelsurfs,#uk_house_chair_rail_01_128_lod0_auto2-100-ts1-abrbe9e32ae-ala39ec5a2n010bf800000
xmodelsurfs,#uk_house_chair_rail_01_128_lod0_auto3-100-a-ts1-abrbe9e32ae-al45bd30e3n410bf800000
xmodelsurfs,#uk_house_chair_rail_01_128_lod0_auto3-100-ts1-abrbe9e32ae-al45bd30e3n010bf800000
xmodelsurfs,#uk_house_chair_rail_01_16_lod0-100-ts1-abrbe9e32aen011bf800000
xmodelsurfs,#uk_house_chair_rail_01_16_lod0_auto1-100-ts1-abrbe9e32ae-al90a182d0n010bf800000
xmodelsurfs,#uk_house_chair_rail_01_16_lod0_auto2-100-ts1-abrbe9e32ae-al4419c1ecn010bf800000
xmodelsurfs,#uk_house_chair_rail_01_16_lod0_auto3-100-ts1-abrbe9e32ae-al62bc93d7n010bf800000
xmodelsurfs,#uk_house_chair_rail_01_2_lod0-100-ts1-abrbe9e32aen41bf800000
xmodelsurfs,#uk_house_chair_rail_01_32_lod0-100-ts1-abrbe9e32aen011bf800000
xmodelsurfs,#uk_house_chair_rail_01_32_lod0_auto1-100-ts1-abrbe9e32ae-ale6b6dd81n010bf800000
xmodelsurfs,#uk_house_chair_rail_01_32_lod0_auto2-100-ts1-abrbe9e32ae-al4db36104n010bf800000
xmodelsurfs,#uk_house_chair_rail_01_32_lod0_auto3-100-ts1-abrbe9e32ae-al9393a215n010bf800000
xmodelsurfs,#uk_house_chair_rail_01_4_lod0-100-ts1-abrbe9e32aen41bf800000
xmodelsurfs,#uk_house_chair_rail_01_64_lod0-100-a-ts1-abrbe9e32aen411bf800000
xmodelsurfs,#uk_house_chair_rail_01_64_lod0-100-ts1-abrbe9e32aen011bf800000
xmodelsurfs,#uk_house_chair_rail_01_64_lod0_auto1-100-a-ts1-abrbe9e32ae-al1982695cn410bf800000
xmodelsurfs,#uk_house_chair_rail_01_64_lod0_auto1-100-ts1-abrbe9e32ae-al1982695cn010bf800000
xmodelsurfs,#uk_house_chair_rail_01_64_lod0_auto2-100-a-ts1-abrbe9e32ae-alcd9eb655n410bf800000
xmodelsurfs,#uk_house_chair_rail_01_64_lod0_auto2-100-ts1-abrbe9e32ae-alcd9eb655n010bf800000
xmodelsurfs,#uk_house_chair_rail_01_64_lod0_auto3-100-a-ts1-abrbe9e32ae-al6d927de9n410bf800000
xmodelsurfs,#uk_house_chair_rail_01_64_lod0_auto3-100-ts1-abrbe9e32ae-al6d927de9n010bf800000
xmodelsurfs,#uk_house_chair_rail_01_8_corner_in_lod0-100-a-ts1-abrbe9e32aen41bf800000
xmodelsurfs,#uk_house_chair_rail_01_8_corner_out_lod0-100-a-ts1-abrbe9e32aen41bf800000
xmodelsurfs,#uk_house_chair_rail_01_8_lod0-100-ts1-abrbe9e32aen41bf800000
xmodelsurfs,#uk_house_chair_rail_01_old_4_corner_out_lod0-100-a-ts1-abrbe9e32aen411bf800000
xmodelsurfs,#uk_house_gutter_32_01_lod0_auto1-000-ts1-abrbe9e32ae-alda94f56n40bf800000
xmodelsurfs,#uk_house_gutter_32_01_lod0_auto2-000-ts1-abrbe9e32ae-ald358aa10n40bf800000
xmodelsurfs,#uk_house_gutter_32_01_lod0_auto3-000-ts1-abrbe9e32ae-ala81713ecn40bf800000
xmodelsurfs,#uk_house_gutter_64_01_lod0_auto1-000-ts1-abrbe9e32ae-al6c6c7962n40bf800000
xmodelsurfs,#uk_house_gutter_64_01_lod0_auto2-000-ts1-abrbe9e32ae-al921972f8n40bf800000
xmodelsurfs,#uk_house_gutter_64_01_lod0_auto3-000-ts1-abrbe9e32ae-al4b90156cn40bf800000
xmodelsurfs,#uk_house_gutter_head_cap_01_lod0_auto4-000-ts1-abrbe9e32ae-ald2fca8aen40bf800000
xmodelsurfs,#uk_house_gutter_head_cap_01_lod0_auto5-000-ts1-abrbe9e32ae-al6fa2b7bbn40bf800000
xmodelsurfs,#uk_house_gutter_pipe_128_01_lod0-000-ts1-abrbe9e32aen41bf800000
xmodelsurfs,#uk_house_gutter_pipe_128_01_lod0_auto1-000-ts1-abrbe9e32ae-alc1484464n40bf800000
xmodelsurfs,#uk_house_gutter_pipe_128_01_lod0_auto2-000-ts1-abrbe9e32ae-alf471838en40bf800000
xmodelsurfs,#uk_house_gutter_pipe_128_01_lod0_auto3-000-ts1-abrbe9e32ae-al88729bf9n40bf800000
xmodelsurfs,#uk_house_gutter_pipe_24_01_lod0-000-ts1-abrbe9e32aen41bf800000
xmodelsurfs,#uk_house_gutter_pipe_24_01_lod0_auto1-000-ts1-abrbe9e32ae-al550568f1n40bf800000
xmodelsurfs,#uk_house_gutter_pipe_24_01_lod0_auto2-000-ts1-abrbe9e32ae-alf0ff7425n40bf800000
xmodelsurfs,#uk_house_gutter_pipe_32_01_lod0-000-ts1-abrbe9e32aen41bf800000
xmodelsurfs,#uk_house_gutter_pipe_32_01_lod0_auto1-000-ts1-abrbe9e32ae-al2ec54aecn40bf800000
xmodelsurfs,#uk_house_gutter_pipe_32_01_lod0_auto2-000-ts1-abrbe9e32ae-al37931066n40bf800000
xmodelsurfs,#uk_house_gutter_pipe_32_01_lod0_auto3-000-ts1-abrbe9e32ae-ale4b1f613n40bf800000
xmodelsurfs,#uk_house_gutter_pipe_32_end_01_lod0_auto4-000-ts1-abrbe9e32ae-al94b41cf9n40bf800000
xmodelsurfs,#uk_house_gutter_pipe_32_end_01_lod0_auto5-000-ts1-abrbe9e32ae-al289a8076n40bf800000
xmodelsurfs,#uk_house_gutter_pipe_32_end_01_lod0_auto6-000-ts1-abrbe9e32ae-al295e51d6n40bf800000
xmodelsurfs,#uk_house_gutter_pipe_64_01_lod0-000-ts1-abrbe9e32aen41bf800000
xmodelsurfs,#uk_house_gutter_pipe_64_01_lod0_auto1-000-ts1-abrbe9e32ae-al7e8e0e6cn40bf800000
xmodelsurfs,#uk_house_gutter_pipe_64_01_lod0_auto2-000-ts1-abrbe9e32ae-alb6bda899n40bf800000
xmodelsurfs,#uk_house_gutter_pipe_64_01_lod0_auto3-000-ts1-abrbe9e32ae-al1013ffadn40bf800000
xmodelsurfs,#uk_house_gutter_pipe_bracket_01_lod0_auto2-000-ts1-abrbe9e32ae-al3a7ff301n40bf800000
xmodelsurfs,#uk_house_gutter_pipe_bracket_01_lod0_auto4-000-ts1-abrbe9e32ae-alc3183b0cn40bf800000
xmodelsurfs,#uk_house_gutter_pipe_elbow_section_01_lod0_auto3-000-ts1-abrbe9e32ae-al6f39f07bn40bf800000
xmodelsurfs,#uk_house_gutter_pipe_elbow_section_01_lod0_auto4-000-ts1-abrbe9e32ae-al152f8e64n40bf800000
xmodelsurfs,#uk_house_gutter_support_01_lod0_auto2-000-ts1-abrbe9e32ae-alcbc985d7n40bf800000
xmodelsurfs,#uk_house_gutter_support_01_lod0_auto3-000-ts1-abrbe9e32ae-al283a6732n40bf800000
xmodelsurfs,#uk_house_molding_01_128_lod0-100-a-ts1-abrbe9e32aen41bf800000
xmodelsurfs,#uk_house_molding_01_16_corner_in_lod0-100-a-ts1-abrbe9e32aen411bf800000
xmodelsurfs,#uk_house_molding_01_16_corner_in_lod0_auto1-100-a-ts1-abrbe9e32ae-alea906c98n410bf800000
xmodelsurfs,#uk_house_molding_01_16_corner_out_lod0-100-a-ts1-abrbe9e32aen411bf800000
xmodelsurfs,#uk_house_molding_01_16_corner_out_lod0_auto1-100-a-ts1-abrbe9e32ae-al418f59a7n410bf800000
xmodelsurfs,#uk_house_molding_01_16_lod0-100-a-ts1-abrbe9e32aen41bf800000
xmodelsurfs,#uk_house_molding_01_32_lod0-100-a-ts1-abrbe9e32aen411bf800000
xmodelsurfs,#uk_house_molding_01_64_lod0-100-a-ts1-abrbe9e32aen411bf800000
xmodelsurfs,#uk_house_molding_01_64_lod0-100-a-ts1-abrbe9e32aen41bf800000
xmodelsurfs,#uk_house_molding_01_8_angle_in_lod0-100-ts1-abrbe9e32aen41bf800000
xmodelsurfs,#uk_house_molding_01_8_angle_in_lod0_auto1-100-ts1-abrbe9e32ae-al937500c3n40bf800000
xmodelsurfs,#uk_house_molding_01_8_corner_in_lod0-100-ts1-abrbe9e32aen41bf800000
xmodelsurfs,#uk_house_molding_01_8_corner_out_lod0-100-ts1-abrbe9e32aen41bf800000
xmodelsurfs,#uk_house_molding_01_8_corner_out_lod0_auto1-100-ts1-abrbe9e32ae-alc2acc74bn40bf800000
xmodelsurfs,#uk_house_molding_01_8_lod0-100-ts1-abrbe9e32aen41bf800000
xmodelsurfs,#uk_house_staircase_01_old_handrail_flat_corner_lod0_auto2-000-ts1-abrbe9e32ae-alb8530856n40bf800000
xmodelsurfs,#uk_kitchen_cabinet_01_sink_a_lod0_auto4-100-ts1-abrbe9e32ae-al5af03ccen40bf800000
xmodelsurfs,#uk_lighting_victorian_outdoor_lamp_01_lod0_auto5-100-1-ts1-abrbe9e32ae-al2a5e1747n410bf800000
xmodelsurfs,#uk_metal_frame_warehouse_01_128_lod0_auto5-100-ts1-abrbe9e32ae-alab7af92cn40bf800000
xmodelsurfs,#uk_metal_frame_warehouse_01_16_lod0_auto3-100-ts1-abrbe9e32ae-al878115bbn40bf800000
xmodelsurfs,#uk_office_filebox_fakewood_01_lod0_auto4-100-ts1-abrbe9e32ae-al91bacb5bn40bf800000
xmodelsurfs,#uk_office_filebox_fakewood_closed_01_lod1_auto3-100-ts1-abrbe9e32ae-al1243f84an40bf800000
xmodelsurfs,#uk_office_filebox_fakewood_closed_01_lod1_auto4-100-ts1-abrbe9e32ae-al304b7ffen40bf800000
xmodelsurfs,#uk_portable_radio_01_lod0_auto5-001-ts1-abrbe9e32ae-al49057a26n810bf800000
xmodelsurfs,#uk_portable_radio_01_lod0_auto6-100-ts1-abrbe9e32ae-alee09b135n40bf800000
xmodelsurfs,#uk_security_camera_redlight_head_01_lod0_auto4-100-ts1-abrbe9e32ae-al7c023cc0n40bf800000
xmodelsurfs,#uk_security_camera_redlight_head_01_lod0_auto5-100-ts1-abrbe9e32ae-aled333cfan40bf800000
xmodelsurfs,#uk_siding_metal_corrugated_01_128x40_lod0_auto5-100-ts1-abrbe9e32ae-ald831ffa6n60bf800000
xmodelsurfs,#uk_siding_metal_corrugated_01_64x40_lod0_auto2-100-a-ts1-abrbe9e32ae-al8dca8766n60bf800000
xmodelsurfs,#uk_siding_metal_corrugated_01_64x40_lod0_auto3-100-a-ts1-abrbe9e32ae-ala05c079dn60bf800000
xmodelsurfs,#uk_siding_metal_corrugated_01_88_corner_lod0-101-ts1-abrbe9e32aen211bf800000
xmodelsurfs,#uk_siding_metal_corrugated_01_88_corner_lod0_auto1-100-a-ts1-abrbe9e32ae-alb2183e61n60bf800000
xmodelsurfs,#uk_siding_metal_corrugated_01_8x40_lod0-101-ts1-abrbe9e32aen211bf800000
xmodelsurfs,#uk_sign_piccadilly_theatro_01_lod0_auto5-100-ts1-abrbe9e32ae-alc245b62bn40bf800000
xmodelsurfs,#uk_street_road_curb_128_01_lod0_auto1-000-ts1-abrbe9e32ae-alb1d0a6f6n40bf800000
xmodelsurfs,#uk_street_road_curb_32_01_lod0-000-ts1-abrbe9e32aen41bf800000
xmodelsurfs,#uk_street_road_curb_paint_64_01_lod0-100-ts1-abrbe9e32aen41bf800000
xmodelsurfs,#uk_stucco_pillar_02_thin_beige_lod0_auto3-100-ts1-abrbe9e32ae-alcf7b6555n40bf800000
xmodelsurfs,#uk_townhouse_vertical_mailbox_01_lod0_auto5-000-ts1-abrbe9e32ae-alffb93dd4n40bf800000
xmodelsurfs,#uk_wall_wood_stud_frame_01_2x120_lod0-000-ts1-abrbe9e32aen41bf800000
xmodelsurfs,#uk_windows_exterior_metal_bar_02_lod0_auto3-100-ts1-abrbe9e32ae-al36b82dbfn40bf800000
xmodelsurfs,#uk_windows_exterior_metal_bar_02_lodx-100-ts1-abrbe9e32aen40bf800000
xmodelsurfs,#un_appliance_water_cooler_01_lod0_auto6-100-ts1-abrbe9e32ae-al6ecc9e72n010bf800000
xmodelsurfs,#un_foliage_bush_amaryllis_large_02_lod4-101-ts1-abrbe9e32aen60bf800000
xmodelsurfs,#un_foliage_bush_birdofparadise_medium_02_lod3-101-ts1-abrbe9e32aen210bf800000
xmodelsurfs,#un_foliage_bush_wisteria_medium_01_lod3_auto4-101-ts1-abrbe9e32ae-al3b298d8b001hffn40bf800000
xmodelsurfs,#un_foliage_shrub_mallow_small_01_lod1-101-ts1-abrbe9e32ae001hffn60bf800000
xmodelsurfs,#un_foliage_shrub_mallow_small_01_lod2-101-ts1-abrbe9e32ae001hffn60bf800000
xmodelsurfs,#un_foliage_vines_ivy_02_column_01_lod3-101-ts1-abrbe9e32ae001hffn60bf800000
xmodelsurfs,#un_foliage_vines_ivy_02_column_01_lod4-101-ts1-abrbe9e32ae001hffn60bf800000
xmodelsurfs,#un_foliage_vines_ivy_02_corner_01_lod3-101-ts1-abrbe9e32ae001hffn60bf800000
xmodelsurfs,#un_foliage_vines_ivy_02_corner_01_lod4-101-ts1-abrbe9e32ae001hffn60bf800000
xmodelsurfs,#un_foliage_vines_ivy_02_corner_02_lod3-101-ts1-abrbe9e32ae001hffn60bf800000
xmodelsurfs,#un_foliage_vines_ivy_02_corner_02_lod4-101-ts1-abrbe9e32ae001hffn60bf800000
xmodelsurfs,#un_foliage_vines_ivy_02_hanging_01_lod1-101-ts1-abrbe9e32ae001hffn60bf800000
xmodelsurfs,#un_foliage_vines_ivy_02_hanging_01_lod2-101-ts1-abrbe9e32ae001hffn60bf800000
xmodelsurfs,#un_foliage_vines_ivy_02_hanging_01_lod3-101-ts1-abrbe9e32ae001hffn60bf800000
xmodelsurfs,#un_foliage_vines_ivy_02_hanging_01_lod4-101-ts1-abrbe9e32ae001hffn60bf800000
xmodelsurfs,#un_foliage_vines_ivy_02_hanging_02_lod2-101-ts1-abrbe9e32ae001hffn60bf800000
xmodelsurfs,#un_foliage_vines_ivy_02_hanging_02_lod3-101-ts1-abrbe9e32ae001hffn60bf800000
xmodelsurfs,#un_foliage_vines_ivy_02_hanging_02_lod4-101-ts1-abrbe9e32ae001hffn60bf800000
xmodelsurfs,#un_foliage_vines_ivy_02_hanging_03_lod1-101-ts1-abrbe9e32ae001hffn60bf800000
xmodelsurfs,#un_foliage_vines_ivy_02_hanging_03_lod2-101-ts1-abrbe9e32ae001hffn60bf800000
xmodelsurfs,#un_foliage_vines_ivy_02_hanging_03_lod3-101-ts1-abrbe9e32ae001hffn60bf800000
xmodelsurfs,#un_foliage_vines_ivy_02_hanging_03_lod4-101-ts1-abrbe9e32ae001hffn60bf800000
xmodelsurfs,#un_foliage_vines_ivy_02_hanging_04_lod1-101-ts1-abrbe9e32ae001hffn60bf800000
xmodelsurfs,#un_foliage_vines_ivy_02_hanging_04_lod2-101-ts1-abrbe9e32ae001hffn60bf800000
xmodelsurfs,#un_foliage_vines_ivy_02_hanging_04_lod3-101-ts1-abrbe9e32ae001hffn60bf800000
xmodelsurfs,#un_foliage_vines_ivy_02_hanging_04_lod4-101-ts1-abrbe9e32ae001hffn60bf800000
xmodelsurfs,#un_foliage_vines_ivy_02_hanging_05_lod0-101-ts1-abrbe9e32ae001hffn60bf800000
xmodelsurfs,#un_foliage_vines_ivy_02_hanging_05_lod1-101-ts1-abrbe9e32ae001hffn60bf800000
xmodelsurfs,#un_foliage_vines_ivy_02_hanging_05_lod2-101-ts1-abrbe9e32ae001hffn60bf800000
xmodelsurfs,#un_foliage_vines_ivy_02_hanging_05_lod3-101-ts1-abrbe9e32ae001hffn60bf800000
xmodelsurfs,#un_foliage_vines_ivy_02_hanging_05_lod4-101-ts1-abrbe9e32ae001hffn60bf800000
xmodelsurfs,#un_foliage_vines_ivy_02_ledge_01_lod2-101-ts1-abrbe9e32ae001hffn60bf800000
xmodelsurfs,#un_foliage_vines_ivy_02_ledge_01_lod3-101-ts1-abrbe9e32ae001hffn60bf800000
xmodelsurfs,#un_foliage_vines_ivy_02_ledge_01_lod4-101-ts1-abrbe9e32ae001hffn60bf800000
xmodelsurfs,#un_foliage_vines_ivy_02_ledge_02_lod3-101-ts1-abrbe9e32ae001hffn60bf800000
xmodelsurfs,#un_foliage_vines_ivy_02_ledge_02_lod4-101-ts1-abrbe9e32ae001hffn60bf800000
xmodelsurfs,#un_foliage_vines_ivy_02_square_01_lod4-101-ts1-abrbe9e32ae001hffn60bf800000
xmodelsurfs,#un_foliage_vines_ivy_02_square_01_lod5-101-ts1-abrbe9e32ae001hffn60bf800000
xmodelsurfs,#un_foliage_vines_ivy_02_square_02_lod3-101-ts1-abrbe9e32ae001hffn60bf800000
xmodelsurfs,#un_foliage_vines_ivy_02_square_02_lod4-101-ts1-abrbe9e32ae001hffn60bf800000
xmodelsurfs,#un_foliage_vines_ivy_02_square_03_lod3-101-ts1-abrbe9e32ae001hffn60bf800000
xmodelsurfs,#un_foliage_vines_ivy_02_square_03_lod4-101-ts1-abrbe9e32ae001hffn60bf800000
xmodelsurfs,#un_foliage_vines_ivy_02_taper_01_lod3-101-ts1-abrbe9e32ae001hffn60bf800000
xmodelsurfs,#un_foliage_vines_ivy_02_taper_01_lod4-101-ts1-abrbe9e32ae001hffn60bf800000
xmodelsurfs,#un_foliage_vines_ivy_02_wall_04_lod3-101-ts1-abrbe9e32ae001hffn60bf800000
xmodelsurfs,#un_foliage_vines_ivy_02_wall_04_lod4-101-ts1-abrbe9e32ae001hffn60bf800000
xmodelsurfs,#un_foliage_weeds_burrmedic_medium_01_lod0-101-ts1-abrbe9e32ae001hffn60bf800000
xmodelsurfs,#un_foliage_weeds_burrmedic_medium_01_lod1-101-ts1-abrbe9e32ae001hffn60bf800000
xmodelsurfs,#un_office_dual_wall_monitor_01_fall_lod0_auto2-100-ts1-abrbe9e32ae-ala92c033bn210bf800000
xmodelsurfs,#un_office_paper_pile_01_lod0-100-ts1-abrbe9e32aen61bf800000
xmodelsurfs,#un_office_paper_pile_01_lod0_auto2-100-ts1-abrbe9e32ae-al60af1698n60bf800000
xmodelsurfs,#un_office_paper_pile_01_lod0_auto3-100-ts1-abrbe9e32ae-al5b9be415n60bf800000
xmodelsurfs,#un_office_paper_pile_02_dirty_lod0-100-ts1-abrbe9e32aen41bf800000
xmodelsurfs,#un_office_paper_pile_02_dirty_lod0_auto2-100-ts1-abrbe9e32ae-al320c1383n40bf800000
xmodelsurfs,#un_office_pen_pencil_holder_01_lod1_auto2-100-ts1-abrbe9e32ae-al9d044075n40bf800000
xmodelsurfs,#un_office_pen_pencil_holder_01_lod1_auto3-100-ts1-abrbe9e32ae-al4d29f767n40bf800000
xmodelsurfs,#un_structural_cornerstone_90_neoclassical_160_02_lod0_auto5-100-ts1-abrbe9e32ae-ald5bdcd65n40bf800000
xmodelsurfs,#un_structural_cornerstone_90_neoclassical_160_02_lod0_auto6-100-ts1-abrbe9e32ae-alfe88b41fn40bf800000
xmodelsurfs,#utility_street_curb_cement_rough_128_a_lod0_auto6-100-ts1-abrbe9e32ae-al5d4a8ab2n40bf800000
xmodelsurfs,#utility_street_curb_cement_rough_128_b_lod0_auto6-100-ts1-abrbe9e32ae-al3aee542bn40bf800000
xmodelsurfs,#utility_street_curb_cement_rough_corner_rounded_64_lod0_auto6-100-ts1-abrbe9e32ae-al8ed67a1n40bf800000
xmodelsurfs,#utility_vent_round_01_32_lod0_auto4-000-ts1-abrbe9e32ae-ala2e2f2b4n40bf800000
xmodelsurfs,#utility_vent_round_01_32_lod0_auto5-000-ts1-abrbe9e32ae-al9cdab728n40bf800000
xmodelsurfs,#utility_vent_round_01_32_lod0_auto6-000-ts1-abrbe9e32ae-al69b1d9f8n40bf800000
xmodelsurfs,#veh9_civ_lnd_sedan_2009_police_lod1_auto6-100-f695b-ts1-abrbe9e32ae-al43a21ba7-shdc04caf2n0005510bf800000
xmodelsurfs,#veh9_civ_lnd_van_cargo_static_lod1_auto6-100-2711-ts1-abrbe9e32ae-al73749892n010bf800000
xmodelsurfs,#wall_brick_orange_corner_01_64_lod0_auto3-101-ts1-abrbe9e32ae-alaee53947n40bf800000
xmodelsurfs,#wall_brick_orange_trim_08_16_lod0_auto4-100-ts1-abrbe9e32ae-al4bc0b7c2n40bf800000
xmodelsurfs,#wall_brick_orange_trim_08_16_lod0_auto5-100-ts1-abrbe9e32ae-alf08b721n40bf800000
xmodelsurfs,#wall_brick_orange_trim_08_16_lod0_auto6-100-ts1-abrbe9e32ae-al316c958bn40bf800000
xmodelsurfs,#wall_brick_orange_trim_08_48_lod0_auto4-100-ts1-abrbe9e32ae-al8a820417n40bf800000
xmodelsurfs,#wall_brick_orange_trim_08_48_lod0_auto5-100-ts1-abrbe9e32ae-al5c85d24n40bf800000
xmodelsurfs,#wall_brick_orange_trim_08_48_lod0_auto6-100-ts1-abrbe9e32ae-ald33a36dfn40bf800000
xmodelsurfs,#wall_brick_orange_trim_08_8_lod0_auto3-100-ts1-abrbe9e32ae-al5cd830e2n40bf800000
xmodelsurfs,#wall_brick_orange_trim_08_8_lod0_auto4-100-ts1-abrbe9e32ae-al1017a188n40bf800000
xmodelsurfs,#wall_brick_orange_trim_08_8_lod0_auto5-100-ts1-abrbe9e32ae-al74db805en40bf800000
xmodelsurfs,#wall_broken_brick_corner_64x64_04_lod0_auto5-101-ts1-abrbe9e32ae-alfa362984n010bf800000
xmodelsurfs,#wall_broken_brick_edge_24x64_01_lod0_auto5-101-ts1-abrbe9e32ae-alcda744ean010bf800000
xmodelsurfs,#wall_concrete_top_rough_32_lod0-100-ts1-abrbe9e32aen41bf800000
xmodelsurfs,#wall_concrete_top_rough_48_lod0-100-ts1-abrbe9e32aen41bf800000
xmodelsurfs,#wall_concrete_top_rough_corner_outside_lod0-100-ts1-abrbe9e32aen41bf800000
xmodelsurfs,#watertank_ladder_short_top_lod0_auto3-100-ts1-abrbe9e32ae-al8314e8an40bf800000
xmodelsurfs,#watertank_ladder_short_top_lod0_auto4-100-ts1-abrbe9e32ae-al5e7cdd04n40bf800000
xmodelsurfs,#watertank_ladder_short_top_lod0_auto5-100-ts1-abrbe9e32ae-alc57cben40bf800000
xmodelsurfs,#watertank_ladder_top_lod0_auto2-100-ts1-abrbe9e32ae-ald38abfd2n40bf800000
xmodelsurfs,#watertank_ladder_top_lod0_auto3-100-ts1-abrbe9e32ae-ale3398d3dn40bf800000
xmodelsurfs,#watertank_ladder_top_lod0_auto4-100-ts1-abrbe9e32ae-al59890cen40bf800000
xmodelsurfs,#watertank_ladder_top_lod0_auto5-100-ts1-abrbe9e32ae-al7236664n40bf800000
xmodelsurfs,#window_sill_modern_32_01_lod0-100-ts1-abrbe9e32aen41bf800000
xmodelsurfs,#wire_hanging_01_064x16_lod0-000-ts1-abrbe9e32aen40bf800000
xmodelsurfs,#wire_hanging_01_128x16_lod0-000-ts1-abrbe9e32aen41bf800000
xmodelsurfs,#wire_hanging_01_128x16_lod0_auto3-000-ts1-abrbe9e32ae-al9dbe23f2n40bf800000
xmodelsurfs,#wires_electrical_spline_01_lod0_auto1-100-ts1-abrbe9e32ae-al6f26e352n40bf800000
xmodelsurfs,#wires_electrical_spline_05_lod0_auto2-100-ts1-abrbe9e32ae-alb726f897n40bf800000
image,#*pdl_offset22_mp_historic_gw2
image,#ee_sign_commercial_r~13557354941005680517
image,#furniture_chair_wooden_fabric_01_r~16783035058914324492
image,#li_i_mtl_door_decor_metal_painted_01_end_white_rl_proxy_albedo
image,#li_i_mtl_door_decor_metal_painted_01_end_white_rl_proxy_depth
image,#li_i_mtl_door_decor_metal_painted_01_end_white_rl_proxy_normal
image,#li_i_mtl_me_window_wood_single_ornate_01_proxy_albedo
image,#li_i_mtl_me_window_wood_single_ornate_01_proxy_depth
image,#li_i_mtl_me_window_wood_single_ornate_01_proxy_normal
image,#li_i_mtl_railing_metal_decor_01_16_black_proxy_albedo
image,#li_i_mtl_railing_metal_decor_01_16_black_proxy_depth
image,#li_i_mtl_railing_metal_decor_01_16_black_proxy_normal
image,#li_i_mtl_railing_metal_decor_01_16_brown_proxy_albedo
image,#li_i_mtl_railing_metal_decor_01_16_brown_proxy_depth
image,#li_i_mtl_railing_metal_decor_01_16_brown_proxy_normal
image,#li_i_mtl_railing_metal_decor_01_16_green_proxy_albedo
image,#li_i_mtl_railing_metal_decor_01_16_green_proxy_depth
image,#li_i_mtl_railing_metal_decor_01_16_green_proxy_normal
image,#li_i_mtl_railing_metal_decor_01_16_proxy_albedo
image,#li_i_mtl_railing_metal_decor_01_16_proxy_depth
image,#li_i_mtl_railing_metal_decor_01_16_proxy_normal
image,#li_i_mtl_railing_metal_decor_01_32_black_proxy_depth
image,#li_i_mtl_railing_metal_decor_01_32_brown_proxy_depth
image,#li_i_mtl_railing_metal_decor_01_32_green_proxy_depth
image,#li_i_mtl_railing_metal_decor_01_32_proxy_depth
image,#li_i_mtl_uk_foliage_plant_potted_grass_01_hanging_proxy_geo
image,#li_i_mtl_uk_foliage_plant_potted_palm_01_proxy_geo
image,#li_i_mtl_uk_foliage_plant_potted_yucca_01_hanging_proxy_geo
image,#li_i_mtl_un_foliage_bush_wisteria_medium_01_proxy_geo
image,#me_wiring_mp_faridah_01_sdf~15636445953408184964
image,#veh8_civ_lnd_secho_glass_in_thermalmap
image,#veh8_civ_lnd_secho_glass_thermalmap
image,#veh8_civ_lnd_secho_grill_thermalmap
image,#white&furniture_chair_wooden_fabric_01_r~17263053818642098735
image,#white&me_traffic_cone_01_rr~3180895632060945059
fx_map_trzone,#mp_historic_gw2_48_-69_1_0_tr
gfxumbratome,#hash_e7884ec372f1753e
gfxumbratome,#hash_e758bac372c90900
gfx_map_trzone,#mp_historic_gw2_48_-69_1_0_tr
xmodel,#glass_beer_bottle_fn_01
xmodel,#mx_sign_commercial_bar_table_ad_01
xmodel,#flower_shop_planter_05_with_plant
xmodel,#decor_wood_napkin_holder_01
xmodel,#debris_trash_floating_bottle
xmodel,#decor_plastic_buckets_01_big_white
xmodel,#food_beer_can_crushed_01
xmodel,#foliage_plant_lobby_s0p5
dynentitylist,#dynentitylist22
image,#hash_bdcfdb0fccf4e284
image,#hash_c0b1b728ca072517
image,#hash_f396b5dbd3d0519a
xmodelsurfs,#electrical_conduit_2_strap_sml_lod0-100-ts1-abrbe9e32aen41bf800000
xmodelsurfs,#hash_805e939de80cc959
xmodelsurfs,#building_exterior_concrete_stairs_01_half_lod0_auto3-000-ts1-abrbe9e32ae-al1adadab4n40bf800000
xmodelsurfs,#hash_8096cf8c0c501648
xmodelsurfs,#hash_8106ad68134c722d
xmodelsurfs,#hash_81151f09aa0cdb44
xmodelsurfs,#door_wood_ornate_01_blue_double_r_lodx-100-ts1-abrbe9e32aen4043152af2
xmodelsurfs,#electrical_conduit_set_electrical_meter_large_02_lod0_auto2-100-ts1-abrbe9e32ae-al8d3b35b7n40bf800000
xmodelsurfs,#hash_81911a800248fc8d
xmodelsurfs,#mx_sign_commercial_bar_valet_keys_01_lod0_auto5-100-ts1-abrbe9e32ae-alc67885ean0010bf800000
xmodelsurfs,#hash_8234f6316a3e49b1
xmodelsurfs,#manmade_sidewalk_concrete_01_broken_03_lod0_auto2-100-ts1-abrbe9e32ae-al11096832hffn010bf800000
xmodelsurfs,#hash_8248dc2476b7fd08
xmodelsurfs,#hash_8278963f00eadf1f
xmodelsurfs,#window_blinds_office_open_03_lod0_auto3-100-ts1-abrbe9e32ae-al399dfffbhccn40bf800000
xmodelsurfs,#hash_82969caa1245a285
xmodelsurfs,#hash_829ca861195b4d78
xmodelsurfs,#hash_82e11b9828e614ee
xmodelsurfs,#hash_82fabf247d1d5765
xmodelsurfs,#hash_8302b1ba4075da85
xmodelsurfs,#decor_potted_plant_dead_07b_lod0_auto4-001-ts1-abrbe9e32ae-al39e8f660n240bf800000
xmodelsurfs,#hash_833a4a660e4c3a60
xmodelsurfs,#hash_835ffbde737aebfc
xmodelsurfs,#hash_83a0be0233f932ac
xmodelsurfs,#ee_trash_dumpster_cap_full_lod0_auto4-100-ts1-abrbe9e32ae-alc0517901n40bf800000
xmodelsurfs,#furniture_commercial_umbrella_15feet_closed_lod0_auto4-100-ts1-abrbe9e32ae-al89081fa7n60bf800000
xmodelsurfs,#hash_8486395506639f8c
xmodelsurfs,#uk_kitchen_cabinet_01_door_btm_l_lod0_auto1-100-ts1-abrbe9e32ae-albb006b6en40bf800000
xmodelsurfs,#hash_84983c5d45ce8088
xmodelsurfs,#hash_84bb2a89ad1e3f07
xmodelsurfs,#hash_8525dcacffc1bcea
xmodelsurfs,#hash_853aac53f3cefc87
xmodelsurfs,#hash_855b330fd24d11c3
xmodelsurfs,#hash_8595d097f818c1b0
xmodelsurfs,#hash_859f016b851a7901
xmodelsurfs,#hash_85c46d136599566a
xmodelsurfs,#hash_8614495c584f3b47
xmodelsurfs,#lm_street_don_bus_stop_a_01_lod0_auto5-100-ts1-abrbe9e32ae-al89c14b1cn40bf800000
xmodelsurfs,#hash_8647cb2992c4758c
xmodelsurfs,#ee_mansion_int_railing_stairway_8x12_02_lod0_auto4-000-1-ts1-abrbe9e32ae-al222b9e8en40bf800000
xmodelsurfs,#hash_86be7a40145264f9
xmodelsurfs,#construction_doors_metal_single_b_01_blue_lod0_auto3-100-ts1-abrbe9e32ae-ala6a18059n40bf800000
xmodelsurfs,#hash_870b62f913d58db7
xmodelsurfs,#dinnerware_basket_01_lod0_auto3-100-ts1-abrbe9e32ae-alc0851882n40bf800000
xmodelsurfs,#hash_87533989b41a9da0
xmodelsurfs,#hash_88121b22bf804a89
xmodelsurfs,#hash_881cfeb3bddd82a3
xmodelsurfs,#ee_machinery_rock_anchor_lod0_auto1-100-ts1-abrbe9e32ae-al5ee9b953n40bf800000
xmodelsurfs,#hash_88876936ef600d2f
xmodelsurfs,#wall_wood_stud_2x6_32_01_nails_lod0_auto1-100-ts1-abrbe9e32ae-alb5cc70fbn40bf800000
xmodelsurfs,#hash_88acfe4b07f504dd
xmodelsurfs,#hash_88b93b6852eadef9
xmodelsurfs,#hash_88c7265d7cbba300
xmodelsurfs,#pipes_metal01_lod0_auto3-100-ts1-abrbe9e32ae-al435a080en40bf800000
xmodelsurfs,#hash_88fc04bbbe5cc718
xmodelsurfs,#kitchen_knife_set_01_lod0_auto4-100-ts1-abrbe9e32ae-al83cfb28bn40bf800000
xmodelsurfs,#hash_8957539843dbc1a0
xmodelsurfs,#hash_8962d83d5d2763e2
xmodelsurfs,#hash_89af1f6e8526c5d5
xmodelsurfs,#hash_89b89bfce0f4e7c3
xmodelsurfs,#hash_89cbfaa246b269d1
xmodelsurfs,#hash_89d3a25ce049fd8f
xmodelsurfs,#hash_89dda230e8a95999
xmodelsurfs,#hash_8a186c9572b4b73d
xmodelsurfs,#hash_8a227c489a316219
xmodelsurfs,#hash_8a47b8763eb8d71b
xmodelsurfs,#hash_8ab21d87aac878ed
xmodelsurfs,#hash_8ab3240599b0d2e3
xmodelsurfs,#hash_8ad18c01424effce
xmodelsurfs,#decor_coir_door_mat_small_lod0_auto2-100-ts1-abrbe9e32ae-al1ba60734n40bf800000
xmodelsurfs,#hash_8b0a5b85b9b5393a
xmodelsurfs,#building_roof_lip_concrete_01_corner_inside_lod0_auto1-000-ts1-abrbe9e32ae-ale4156ccfn40bf800000
xmodelsurfs,#hash_8b50ca27e23edc9d
xmodelsurfs,#awning_metal_collapsible_01_damaged_lod0_auto4-101-ts1-abrbe9e32ae-al61664737na10bf800000
xmodelsurfs,#street_sidewalk_ashtray_garbage_bin_01_lod0_auto4-100-ts1-abrbe9e32ae-ale26d9e17n40bf800000
xmodelsurfs,#decor_hanged_clothes_01_sweater_lod0_auto5-100-ts1-abrbe9e32ae-alef01446fn60bf800000
xmodelsurfs,#furniture_table_wooden_small_02_lod0_auto3-100-ts1-abrbe9e32ae-al4f6843cn40bf800000
xmodelsurfs,#ee_food_fruit_watermelon_01_lod0_auto2-000-ts1-abrbe9e32ae-alb3da8aaan40bf800000
xmodelsurfs,#hash_8d833a0c07d35efe
xmodelsurfs,#hash_8dbfa86874379ecc
xmodelsurfs,#hash_8dc7cd9c6c199a05
xmodelsurfs,#building_roof_lip_concrete_01_64_damaged_lod0_auto3-000-ts1-abrbe9e32ae-aldf596c4n40bf800000
xmodelsurfs,#decor_pot_plant_fancy_01_lrg_lod0_auto2-100-ts1-abrbe9e32ae-al76b65cc9n40bf800000
xmodelsurfs,#uk_kitchen_light_hanging_ceiling_lamp_01_lod0_auto4-100-ts1-abrbe9e32ae-alcf0f9109n010bf800000
xmodelsurfs,#hash_8ebc9cddd891bde6
xmodelsurfs,#lighting_fixture_exterior_ornate_wall_01_lod0_auto5-100-a-ts1-abrbe9e32ae-ale66b086n250bf800000
xmodelsurfs,#hash_8f581eb7765340b5
xmodelsurfs,#manmade_sidewalk_concrete_01_broken_05_lod0_auto3-100-ts1-abrbe9e32ae-alc465d5dahffn010bf800000
xmodelsurfs,#hash_8fd65bf8a1683e9f
xmodelsurfs,#furniture_magazine_rack_01_lod0_auto6-100-ts1-abrbe9e32ae-al5abb793an40bf800000
xmodelsurfs,#hash_9060e4b980a11632
xmodelsurfs,#hash_90650a646ac0f2ea
xmodelsurfs,#hash_907135f59eb24556
xmodelsurfs,#ee_furniture_chair_wood_lounge_pool_lod0_auto3-100-a-ts1-abrbe9e32ae-al44ab4193n010bf800000
xmodelsurfs,#me_trim_stone_01_128_lod0_auto6-100-ts1-abrbe9e32ae-alebee8a1n40bf800000
xmodelsurfs,#ee_furniture_wood_spa_shelf_02_lod0_auto5-100-ts1-abrbe9e32ae-al642d7a4en40bf800000
xmodelsurfs,#hash_90ce530c93518c24
xmodelsurfs,#uk_clothing_sporting_goods_hat_01_lod0_auto2-100-ts1-abrbe9e32ae-alba38ea72n40bf800000
xmodelsurfs,#hash_91659a1bb39b3ea2
xmodelsurfs,#hash_917bee10ea54f91e
xmodelsurfs,#hash_919835b2b4811a30
xmodelsurfs,#hash_91bdfb5f1e91b542
xmodelsurfs,#destruction_debris_plaster_concrete_edge_06_lod0_auto2-101-ts1-abrbe9e32ae-al68722d64n40bf800000
xmodelsurfs,#construction_doors_metal_b_02_mp_lod0_auto3-100-ts1-abrbe9e32ae-ale3338f5dn40bf800000
xmodelsurfs,#hash_924d0ff55ad7f575
xmodelsurfs,#furniture_wood_barrel_table_rustic_01_lod0_auto4-100-ts1-abrbe9e32ae-alcc317bebn40bf800000
xmodelsurfs,#hash_92a6b6e62f5c4ec1
xmodelsurfs,#awning_decor_iron_ornate_01_128_lod0_auto3-100-ts1-abrbe9e32ae-ald896d527n60bf800000
xmodelsurfs,#hash_92c5368759931ef7
xmodelsurfs,#hash_92e7123ad4dc6411
xmodelsurfs,#hash_92f8519f6b357f6a
xmodelsurfs,#hash_931c3377ae2ea908
xmodelsurfs,#hash_93534fcd2bdf8ed1
xmodelsurfs,#hash_939aa5e881a31c1c
xmodelsurfs,#hash_942d14ed9335fc5c
xmodelsurfs,#wall_brick_orange_trim_08_32_lod0_auto3-100-ts1-abrbe9e32ae-ald4e0806cn40bf800000
xmodelsurfs,#hash_9486fb311f41a34a
xmodelsurfs,#hash_949dc7b95c07747c
xmodelsurfs,#hash_94a6f1526afb58f7
xmodelsurfs,#furniture_bar_shelf_02_lod0_auto2-100-ts1-abrbe9e32ae-ale297520an40bf800000
xmodelsurfs,#hash_94ce1a83e0e47511
xmodelsurfs,#hash_95ada9ed7116e920
xmodelsurfs,#hash_95b6219c1ac69347
xmodelsurfs,#hash_95c441191c0bc8b4
xmodelsurfs,#hash_962ef547a5425bb0
xmodelsurfs,#hash_966ee1be183e8fad
xmodelsurfs,#hash_96abace6e87e3839
xmodelsurfs,#hash_96ba0f52f836fa3c
xmodelsurfs,#hash_96c07fe280d5c784
xmodelsurfs,#hash_96c5267261b8f432
xmodelsurfs,#hash_96d8a265161b0efb
xmodelsurfs,#uk_lighting_ceiling_kitchen_01_lod0_auto4-100-1-ts1-abrbe9e32ae-alf8a5f6acn610bf800000
xmodelsurfs,#hash_96ff472905ca29be
xmodelsurfs,#furniture_wood_hutch_rustic_01_lod0_auto3-100-ts1-abrbe9e32ae-al5b4aead9n40bf800000
xmodelsurfs,#hash_973a3d28abdd0eb2
xmodelsurfs,#hash_975414cf6c7a9f40
xmodelsurfs,#utility_street_curb_cement_rough_corner_rounded_64_lod0_auto3-100-ts1-abrbe9e32ae-al40240d79n40bf800000
xmodelsurfs,#hash_976d7ac9835be62a
xmodelsurfs,#hash_97b454b16400de7a
xmodelsurfs,#hash_97d2f05c63748e49
xmodelsurfs,#hash_97db38d9d8b70c2a
xmodelsurfs,#food_trash_bottle_soda_03_lod0_auto2-100-ts1-abrbe9e32ae-alfcdd33fan40bf800000
xmodelsurfs,#manmade_sidewalk_concrete_01_broken_08_lod0_auto3-100-ts1-abrbe9e32ae-al673e9fb3hffn010bf800000
xmodelsurfs,#manmade_sidewalk_concrete_01_broken_06_lod0_auto3-100-ts1-abrbe9e32ae-al46119435hffn010bf800000
xmodelsurfs,#hash_986a155282fa164f
xmodelsurfs,#hash_9885be587e2833c6
xmodelsurfs,#hash_98a00256855ea936
xmodelsurfs,#uk_sign_park_cafe_02_lod0_auto5-100-ts1-abrbe9e32ae-al3af2e1fn40bf800000
xmodelsurfs,#hash_990b082189f2b43a
xmodelsurfs,#hash_991fcd604bf4ca65
xmodelsurfs,#hash_997623931285ca64
xmodelsurfs,#hash_99a2d31eb104e14c
xmodelsurfs,#hash_99b3daf426ab39ac
xmodelsurfs,#electronics_television_stand_01_lod0_auto3-100-ts1-abrbe9e32ae-al407c879n40bf800000
xmodelsurfs,#hash_99eee5f32359faaf
xmodelsurfs,#hash_9a1ba7f671c8ccff
xmodelsurfs,#building_tarp_hazmat_floor_lod0_auto4-100-ts1-abrbe9e32ae-al58eb01a8n60bf800000
xmodelsurfs,#railing_ornate_metal_96_lod2_auto3-100-ts1-abrbe9e32ae-al34ce6802n40bf800000
xmodelsurfs,#hash_9a97ab553b39a874
xmodelsurfs,#hash_9a988de7796177b6
xmodelsurfs,#hash_9ad837c544054438
xmodelsurfs,#london_coffee_machine_lod0_auto3-001-ts1-abrbe9e32ae-al175ba76fn40bf800000
xmodelsurfs,#building_cable_post_solo_metal_lod0_auto4-100-ts1-abrbe9e32ae-alc74f524dn010bf800000
xmodelsurfs,#wall_concrete_top_rough_64_lod0-100-ts1-abrbe9e32aen41bf800000
xmodelsurfs,#un_foliage_bush_roses_small_01_lod4-101-ts1-abrbe9e32ae001hffn60bf800000
xmodelsurfs,#lm_door_frame_tvstation_lod0-100-ts1-abrbe9e32aen41bf800000
xmodelsurfs,#hash_9b8db20737114db2
xmodelsurfs,#hash_9b98549e14713cd7
xmodelsurfs,#hash_9bfc265260fd8f60
xmodelsurfs,#hash_9c1f8e1c4fdbfaff
xmodelsurfs,#hash_9c496cc68870d647
xmodelsurfs,#building_roof_lip_concrete_01_end_01_lod0_auto2-000-ts1-abrbe9e32ae-al746916a5n40bf800000
xmodelsurfs,#hash_9c9fa3dca39a11de
xmodelsurfs,#hash_9cbf19f06764d8c6
xmodelsurfs,#hash_9ce40b9d3120222b
xmodelsurfs,#railing_ornate_metal_16_lod0_auto3-100-ts1-abrbe9e32ae-ale33e76d4n40bf800000
xmodelsurfs,#communication_residential_telephone_01_lod0_auto2-100-ts1-abrbe9e32ae-ale2ddcf4fn40bf800000
xmodelsurfs,#hash_9d7bf0b30ccb9a51
xmodelsurfs,#hash_9d846fae89b4aea8
xmodelsurfs,#building_roof_lip_concrete_01_48_lod0_auto1-100-ts1-abrbe9e32ae-al11efbc54n40bf800000
xmodelsurfs,#hash_9dec70fc4d8fd914
xmodelsurfs,#hash_9e2293f3253d253d
xmodelsurfs,#hash_9eb7d8216a8bbbde
xmodelsurfs,#hash_9edee93b3b9ba097
xmodelsurfs,#equipment_pole_electrical_01_short_lod0_auto1-100-1-ts1-abrbe9e32ae-al1806a0f3n410bf800000
xmodelsurfs,#hash_9f7bd4a58f5a6b51
xmodelsurfs,#hash_9fe982f073195054
xmodelsurfs,#hash_9ff41b3aca7667c0
xmodelsurfs,#hash_9ff6918d0afd2c14
xmodelsurfs,#hash_a01cc321bf90ae6e
xmodelsurfs,#electrical_distribution_box_rusty_lod0_auto2-100-ts1-abrbe9e32ae-al1b434a46n40bf800000
xmodelsurfs,#hash_a0e6d9662a9112be
xmodelsurfs,#hash_a0ef0f090d2709f5
xmodelsurfs,#flower_shop_planter_05_with_plant_lod0_auto5-101-ts1-abrbe9e32ae-alcafec039n860420b3e1e
xmodelsurfs,#hash_a0fac3c1969a7e8d
xmodelsurfs,#hash_a16930371254c449
xmodelsurfs,#hash_a1a406e17b919c89
xmodelsurfs,#ee_decor_concrete_ornate_01_lod0_auto3-100-ts1-abrbe9e32ae-al330565d1n40bf800000
xmodelsurfs,#hash_a1dd6283b9d95ae3
xmodelsurfs,#hash_a1df892365b71d33
xmodelsurfs,#door_wood_ornate_01_blue_double_l_lod0_auto6-100-ts1-abrbe9e32ae-al44924d81n4043152b58
xmodelsurfs,#hash_a2394fc1d9113b89
xmodelsurfs,#hash_a23bacaeb8c4503c
xmodelsurfs,#food_beer_can_crushed_02_lod0_auto3-100-ts1-abrbe9e32ae-al5bd7f5cbn40bf800000
xmodelsurfs,#dinnerware_plate_ornate_stack_01_lod0_auto4-100-ts1-abrbe9e32ae-al4c484338n40bf800000
xmodelsurfs,#hash_a31fc1be6ec2b9c5
xmodelsurfs,#hash_a32a67d52cdb21e8
xmodelsurfs,#hash_a34e1847c4567354
xmodelsurfs,#hash_a3788241f4936529
xmodelsurfs,#uk_appliance_dryer_machine_01_lod0_auto3-100-ts1-abrbe9e32ae-al1cc29118n40bf800000
xmodelsurfs,#ee_food_fruit_apple_01_lod0-000-ts1-abrbe9e32aen40bf800000
xmodelsurfs,#crate_fruit_filling_lrg_melons_lod0_auto6-100-ts1-abrbe9e32ae-albfd4c53cn40bf800000
xmodelsurfs,#hash_a442c282f988abb2
xmodelsurfs,#hash_a45bff979c252604
xmodelsurfs,#hash_a4633c41881b60bd
xmodelsurfs,#hash_a4662e999be09ec3
xmodelsurfs,#hash_a46a64f7685936a2
xmodelsurfs,#hash_a4b26a1d8455514b
xmodelsurfs,#decor_metal_vase_stand_01_lod0_auto5-100-ts1-abrbe9e32ae-al192f29a6n40bf800000
xmodelsurfs,#hash_a4c92de3e0ac218b
xmodelsurfs,#hash_a4e945b81d900204
xmodelsurfs,#fountain_concrete_mexico_01_lod0_auto6-100-ts1-abrbe9e32ae-al21fccd5cn40bf800000
xmodelsurfs,#furniture_bar_counter_01_end_02_lod0_auto4-100-ts1-abrbe9e32ae-aldeb4a6a2n010bf800000
xmodelsurfs,#furniture_wood_cabinet_rustic_02_lod0_auto4-100-ts1-abrbe9e32ae-al69c4c1fdn40bf800000
xmodelsurfs,#hash_a5fa51483e901ecc
xmodelsurfs,#p7_cai_work_table_metal_03_white_lod0_auto3-100-ts1-abrbe9e32ae-alccb74825n40bf800000
xmodelsurfs,#ee_furniture_table_patio_lod0_auto5-000-ts1-abrbe9e32ae-aldcaa081n40bf800000
xmodelsurfs,#hash_a66aaa62b30a459b
xmodelsurfs,#ee_foliage_bush_hedge_low_32x16_lod3-101-1-ts1-abrbe9e32ae001hffn70bf800000
xmodelsurfs,#hash_a6a278afce4629da
xmodelsurfs,#hash_a6a4045c1bf70423
xmodelsurfs,#hash_a6bf2ff0f43ac6db
xmodelsurfs,#ee_mansion_curtain_open_right_01_gold_lod0_auto3-100-ts1-abrbe9e32ae-alb026dc1an60bf800000
xmodelsurfs,#decor_breezeway_blocks_03_lod0-101-ts1-abrbe9e32aen011bf800000
xmodelsurfs,#hash_a721dbed712cd54a
xmodelsurfs,#door_metal_roller_01_destroyed_large_04_open_lod0_auto3-100-ts1-abrbe9e32ae-al9dc4ec23n40bf800000
xmodelsurfs,#com_magazine_french_stack_06_auto3-100-ts1-abrbe9e32ae-al3631a2c7n40bf800000
xmodelsurfs,#ee_food_fruit_cardboard_box_01_lod0_auto6-100-ts1-abrbe9e32ae-al70658e1an60bf800000
xmodelsurfs,#hash_a82a47128b2f1854
xmodelsurfs,#hash_a89066547d995b5c
xmodelsurfs,#hash_a8adf6a4f104fe76
xmodelsurfs,#hash_a8b58ad723e037a7
xmodelsurfs,#hash_a8c32f2997eee453
xmodelsurfs,#hash_a90c73a1bc42cf93
xmodelsurfs,#hash_a918354c723bde14
xmodelsurfs,#hash_a9423316509e3055
xmodelsurfs,#railing_ornate_metal_40_lod1_auto3-100-ts1-abrbe9e32ae-al23382d28n40bf800000
xmodelsurfs,#furniture_wood_nightstand_rustic_01_lod0_auto3-100-ts1-abrbe9e32ae-al594ba02en40bf800000
xmodelsurfs,#hash_a957c0129abc3caa
xmodelsurfs,#hash_a98765a10b3fbdae
xmodelsurfs,#hash_a9947763f5e2d29a
xmodelsurfs,#hash_a99fb72a17f4764e
xmodelsurfs,#hash_a9c57b573db24730
xmodelsurfs,#un_foliage_bush_amaryllis_large_01_flower_lod4-101-ts1-abrbe9e32ae001hffn60bf800000
xmodelsurfs,#me_window_frame_wood_single_01_white_no_glass_lod0_auto2-100-ts1-abrbe9e32ae-al398789e0n40bf800000
xmodelsurfs,#hash_aa0a3e1ae3b71a4f
xmodelsurfs,#street_bollard_iron_ornate_01_lod0_auto5-100-ts1-abrbe9e32ae-ale77243ccn40bf800000
xmodelsurfs,#hash_aa262397d21788bb
xmodelsurfs,#hash_aa49df9dcfc7b557
xmodelsurfs,#hash_aa760fb09a15e0a3
xmodelsurfs,#hash_aa7dcaa1c59a3a71
xmodelsurfs,#hash_aae5b88753fa43fb
xmodelsurfs,#hash_aafdbc16b9f09250
xmodelsurfs,#ee_mirror_wall_mounted_bathroom_lod0_auto1-100-ts1-abrbe9e32ae-al435eb6c4n40bf800000
xmodelsurfs,#building_roof_lip_concrete_01_end_02_lod0_auto2-000-ts1-abrbe9e32ae-alb744b672n40bf800000
xmodelsurfs,#hash_ab3c8b667c7261b7
xmodelsurfs,#hash_ab55c71f6fc6566d
xmodelsurfs,#eu_sign_commercial_bar_chalk_board_02_lod0-100-ts1-abrbe9e32aen011bf800000
xmodelsurfs,#roof_tile_ceramic_01_120by32_lod0_auto4-100-ts1-abrbe9e32ae-al42cae192n40bf800000
xmodelsurfs,#hash_abb5c72eb032f3b2
xmodelsurfs,#hash_abcfa82539d39cce
xmodelsurfs,#wall_brick_orange_trim_04_16_lod0_auto3-100-ts1-abrbe9e32ae-al1483e10cn40bf800000
xmodelsurfs,#hash_ac62948d6243308c
xmodelsurfs,#furniture_painting_frame_03_brown_03_lod0-100-ts1-abrbe9e32aen41bf800000
xmodelsurfs,#hash_ac72e09b8ee99d06
xmodelsurfs,#hash_acbe81e0fa48b035
xmodelsurfs,#uk_decor_window_curtain_02_l_lod0_auto3-000-1-ts1-abrbe9e32ae-alfb76e329n70bf800000
xmodelsurfs,#destruction_debris_plaster_concrete_edge_10_lod0_auto2-101-ts1-abrbe9e32ae-al56f3c58an40bf800000
xmodelsurfs,#hash_ad86dca96420a91d
xmodelsurfs,#hash_add2ac822d83249e
xmodelsurfs,#hash_ae328ab84f11c390
xmodelsurfs,#hash_ae5f897bccc962a1
xmodelsurfs,#hash_ae80a85af662b941
xmodelsurfs,#hash_ae968331d08ef365
xmodelsurfs,#hash_aed6071da1601ec9
xmodelsurfs,#hash_af2e2492caff164f
xmodelsurfs,#hash_af4cbb06f42a1be3
xmodelsurfs,#hash_af68cbddf3cfdd4a
xmodelsurfs,#hash_af778fd34cf44090
xmodelsurfs,#uk_wall_wood_stud_frame_01_corner_120_lod0-100-ts1-abrbe9e32aen41bf800000
xmodelsurfs,#hash_afaa26e82860fa1d
xmodelsurfs,#railing_ornate_metal_64_lod0_auto6-100-ts1-abrbe9e32ae-ale0b07b58n40bf800000
xmodelsurfs,#hash_afe9f38196b13f41
xmodelsurfs,#hash_b02b321756f5f2c6
xmodelsurfs,#hash_b036bfa801b13bb1
xmodelsurfs,#hash_b070daf4c223a66c
xmodelsurfs,#ee_plant_potted_large_02_lod3-000-a-ts1-abrbe9e32ae001hffn310bf800000
xmodelsurfs,#manmade_sidewalk_concrete_01_broken_01_lod0_auto3-100-ts1-abrbe9e32ae-alb2788f74hffn010bf800000
xmodelsurfs,#hash_b08bee9176346d4c
xmodelsurfs,#hash_b08d2fd1d92fa9cc
xmodelsurfs,#lm_street_concrete_sidewalk_64x64_01_lod0_auto3-100-ts1-abrbe9e32ae-alef4ab26en40bf800000
xmodelsurfs,#hash_b0f47d96d1e7fb68
xmodelsurfs,#hash_b12464e00979ba56
xmodelsurfs,#hash_b12b08d83dfa9df8
xmodelsurfs,#hash_b17f799816649155
xmodelsurfs,#hash_b19b962675b2d135
xmodelsurfs,#wires_electrical_spline_03_lod0_auto1-100-ts1-abrbe9e32ae-al512a3830n40bf800000
xmodelsurfs,#destruction_debris_plaster_concrete_edge_01_lod0_auto2-101-ts1-abrbe9e32ae-al3f5116adn40bf800000
xmodelsurfs,#ee_trim_concrete_roof_8_s_lod0_auto1-100-ts1-abrbe9e32ae-alc58fa1den40bf800000
xmodelsurfs,#hash_b2152fb5e9916240
xmodelsurfs,#hash_b254a7f050568ca5
xmodelsurfs,#railing_metal_decor_01_16_corner_lod2-100-ts1-abrbe9e32aen40bf800000
xmodelsurfs,#hash_b2b45ec8739022e1
xmodelsurfs,#hash_b2f19905467b2385
xmodelsurfs,#hash_b3189f43fef92d1b
xmodelsurfs,#hash_b32f1b474c7535f1
xmodelsurfs,#hash_b3393ae6b8033df3
xmodelsurfs,#hash_b348c96050d01974
xmodelsurfs,#mx_stairs_concrete_01_lod0_auto1-100-ts1-abrbe9e32ae-alfee10f20n40bf800000
xmodelsurfs,#hash_b3d75d2348ae94ed
xmodelsurfs,#hash_b4063b24c0906097
xmodelsurfs,#building_doorframe_woodplaster_01_lod0_auto5-100-a-ts1-abrbe9e32ae-alab61599cn110bf800000
xmodelsurfs,#hash_b49d27e14952d309
xmodelsurfs,#furniture_bar_counter_01_lod0_auto1-100-ts1-abrbe9e32ae-al6e146b2cn010bf800000
xmodelsurfs,#destruction_debris_plaster_concrete_edge_08_lod0_auto4-101-ts1-abrbe9e32ae-alf25c36f8n40bf800000
xmodelsurfs,#street_sign_wayfinder_post_01_lod0_auto3-100-ts1-abrbe9e32ae-al23b99269n40bf800000
xmodelsurfs,#flower_shop_planter_05_with_plant_lod0_auto5-101-ts1-abrbe9e32ae-alcafec039n860bf800000
xmodelsurfs,#hash_b604eb71ce396e6d
xmodelsurfs,#hash_b63ae698af8c324a
xmodelsurfs,#uk_kitchen_cabinet_01_36_top_lod0_auto1-100-ts1-abrbe9e32ae-al4fa2f200n40bf800000
xmodelsurfs,#hash_b6467cdc4cd59103
xmodelsurfs,#hash_b664982fda7a5f57
xmodelsurfs,#hash_b69a66186c84700c
xmodelsurfs,#veh8_mil_air_mindia8_spotlight_lod0_auto1-100-ts1-abrbe9e32ae-ald0eca85dn40bf800000
xmodelsurfs,#hash_b6bed4e8fcc5c27d
xmodelsurfs,#hash_b7315cd579f69a23
xmodelsurfs,#furniture_wood_standing_coat_rack_01_lod0_auto4-100-ts1-abrbe9e32ae-alf1999a7cn40bf800000
xmodelsurfs,#ee_furniture_shelf_wood_tall_lod0-100-ts1-abrbe9e32aen41bf800000
xmodelsurfs,#hash_b76a7a956c8c3b36
xmodelsurfs,#hash_b76b719c778f7ec6
xmodelsurfs,#hash_b7989f4586d75668
xmodelsurfs,#hash_b7d094b163c43089
xmodelsurfs,#furniture_chair_wooden_fabric_03_lod0_auto5-100-ts1-abrbe9e32ae-al1cbc245n40bf800000
xmodelsurfs,#wall_brick_orange_trim_08_64_lod0_auto3-100-ts1-abrbe9e32ae-alc370dc07n40bf800000
xmodelsurfs,#hash_b820b5ad941fa531
xmodelsurfs,#hash_b83c197ba8a2e5d8
xmodelsurfs,#hash_b84d6cb13238b58d
xmodelsurfs,#hash_b857c5b2075fb9bb
xmodelsurfs,#hash_b8740ade0cb8e589
xmodelsurfs,#hash_b881cca756da048f
xmodelsurfs,#furniture_modern_table_01_lod0_auto5-100-ts1-abrbe9e32ae-alab98adedn40bf800000
xmodelsurfs,#hash_b91ec9689532bdaf
xmodelsurfs,#hash_b9dd5a25930865c3
xmodelsurfs,#hash_b9ddcf665bb0ef2a
xmodelsurfs,#hash_b9edf4605c55c2ba
xmodelsurfs,#decor_potted_plant_dead_02_lod4-101-ts1-abrbe9e32aen840bf800000
xmodelsurfs,#hash_ba2e1cbe242902fd
xmodelsurfs,#hash_baa6fc7551c8b630
xmodelsurfs,#hash_baca117c334670f2
xmodelsurfs,#hash_bad0f69c9d936776
xmodelsurfs,#hash_bb1f1a279da0878a
xmodelsurfs,#ee_furniture_club_couch_b_lod0_auto3-100-ts1-abrbe9e32ae-al5a8e068an40bf800000
xmodelsurfs,#hash_bbd1552ac5b6bfa8
xmodelsurfs,#hash_bbe0dbf89a29a2b1
xmodelsurfs,#hash_bc1d367c9cc13b7d
xmodelsurfs,#watertank1_ladder_216_lod0_auto6-100-ts1-abrbe9e32ae-alafacad2an40bf800000
xmodelsurfs,#lm_machinery_maint_ac_unit_01_lodx-100-ts1-abrbe9e32aen40bf800000
xmodelsurfs,#hash_bc3de0ce1cf509d1
xmodelsurfs,#hash_bc84cdb6db56f910
xmodelsurfs,#hash_bd14e62a8309c0ce
xmodelsurfs,#hash_bd90e72a4ce8f17b
xmodelsurfs,#debris_rebar_straight_32_01_lod0_auto2-100-1-ts1-abrbe9e32ae-al740d410cn40bf800000
xmodelsurfs,#hash_be8781062cbeaaf8
xmodelsurfs,#electrical_wires_jumbled_a_vertical_lod0_auto4-101-ts1-abrbe9e32ae-al2fc998d7n810bf800000
xmodelsurfs,#uk_kitchen_cabinet_01_door_btm_r_lod0_auto1-100-ts1-abrbe9e32ae-ale07a005dn40bf800000
xmodelsurfs,#hash_befe0c6ef8cbec5b
xmodelsurfs,#hash_bf52cfdcd3a480d0
xmodelsurfs,#crate_plastic_01_large_green_lod0_auto4-100-ts1-abrbe9e32ae-al90cef30ena10bf800000
xmodelsurfs,#ee_accessory_airport_luggage_1_lod0_auto5-100-ts1-abrbe9e32ae-aldda42508n40bf800000
xmodelsurfs,#mx_decor_painting_04_a_lod0-100-ts1-abrbe9e32aen41bf800000
xmodelsurfs,#ee_wall_base_brick_corner_left_lod0_auto2-100-ts1-abrbe9e32ae-al1660a095n40bf800000
xmodelsurfs,#hash_c0d02b57a850a7d8
xmodelsurfs,#hash_c1005e9b06ef1e3f
xmodelsurfs,#ee_food_bar_cutting_board_01_lod0_auto3-100-ts1-abrbe9e32ae-alcb3e904bn40bf800000
xmodelsurfs,#hash_c16ac0c16238b8e3
xmodelsurfs,#food_beer_can_crushed_01_lod0_auto3-100-ts1-abrbe9e32ae-al5e09da1n4040b4f0a5
xmodelsurfs,#uk_kitchen_cabinet_01_door_top_32_l_lod0_auto1-100-ts1-abrbe9e32ae-al8ea919c9n40bf800000
xmodelsurfs,#hash_c261e85cabda3e4b
xmodelsurfs,#hash_c2b7c90acbb638a5
xmodelsurfs,#hash_c2dddcb8650fb0e3
xmodelsurfs,#hash_c2e33bc27f0a2e58
xmodelsurfs,#hash_c2f6280a13a8622d
xmodelsurfs,#hash_c2f8adffe31344a5
xmodelsurfs,#hash_c371c9310375195f
xmodelsurfs,#hash_c44aa4bd1b557aa4
xmodelsurfs,#hash_c46d8d4a506c79a6
xmodelsurfs,#hash_c49c0e5cc59ecd1f
xmodelsurfs,#ee_pipe_01_joint_coupling_02_lod0_auto3-100-ts1-abrbe9e32ae-alad377889n40bf800000
xmodelsurfs,#hash_c4ca558c9f0e2b3c
xmodelsurfs,#hash_c4e65213ab318485
xmodelsurfs,#hash_c4f8168f623a4dcc
xmodelsurfs,#me_door_shop_single_frame_01_mp_lod0_auto1-100-ts1-abrbe9e32ae-alb5cd0076n40bf800000
xmodelsurfs,#base_book_stack_01b_lod0_auto5-100-ts1-abrbe9e32ae-aleebc2210n40bf800000
xmodelsurfs,#me_building_oldtown_plaster_corner_128_lod0-100-ts1-abrbe9e32aen41bf800000
xmodelsurfs,#hash_c5caa99c0e4908ad
xmodelsurfs,#hash_c66a80722ed00044
xmodelsurfs,#balcony_base_concrete_01_72_lod0_auto3-100-ts1-abrbe9e32ae-al6218aaf4n40bf800000
xmodelsurfs,#hash_c7147972c8b46624
xmodelsurfs,#hash_c718ce24885137c3
xmodelsurfs,#hash_c7950cbb50ee6711
xmodelsurfs,#hash_c7cbec5a490f3329
xmodelsurfs,#debris_leaf_skirt_128_lod0-101-ts1-abrbe9e32aen40bf800000
xmodelsurfs,#hash_c817c01ebb342016
xmodelsurfs,#hash_c83af4dceea7d347
xmodelsurfs,#door_security_gate_single_mp_01_lod0_auto5-100-ts1-abrbe9e32ae-alae96b8f1n40bf800000
xmodelsurfs,#crate_fruit_filling_sml_orange_lod0_auto4-100-ts1-abrbe9e32ae-ale9899015n40bf800000
xmodelsurfs,#ee_wires_stpete_allyway_facade_02_lod0_auto4-100-ts1-abrbe9e32ae-alee872be6n40bf800000
xmodelsurfs,#kitchen_01_pan_01_lod0_auto2-100-ts1-abrbe9e32ae-ala48d74d6n40bf800000
xmodelsurfs,#hash_c8adb6b86b3ffa72
xmodelsurfs,#hash_c8dbdb5b373de748
xmodelsurfs,#lm_door_tvstation_lod0_auto3-100-ts1-abrbe9e32ae-albe620a3bn010bf800000
xmodelsurfs,#hash_c92d65e33b8eb8f3
xmodelsurfs,#utility_service_drop_roof_wire_01_right_lod0_auto4-100-ts1-abrbe9e32ae-ale3f67b64n40bf800000
xmodelsurfs,#hash_c997f9564bb84137
xmodelsurfs,#hash_c9d396f3cc33f93c
xmodelsurfs,#hash_c9d841ef20655a95
xmodelsurfs,#ee_door_wooden_entrance_01_frame_double_mp_lod0_auto1-100-ts1-abrbe9e32ae-alb40ba219n010bf800000
xmodelsurfs,#hash_ca2056a4322c5532
xmodelsurfs,#hash_ca80291e0da1d881
xmodelsurfs,#hash_ca8996ef46e014ca
xmodelsurfs,#electrical_conduit_2_body_end_lod0-100-ts1-abrbe9e32aen41bf800000
xmodelsurfs,#mx_decor_cathedral_ext_trim_02_64_lod0-100-ts1-abrbe9e32aen41bf800000
xmodelsurfs,#hash_caf5cf5abbc4d4ec
xmodelsurfs,#hash_cb6cb5d6c0291645
xmodelsurfs,#hash_cba886432015d6fc
xmodelsurfs,#hash_cbc84857a5c775d8
xmodelsurfs,#hash_cbd09c965519349e
xmodelsurfs,#eu_sign_commercial_hotel_01_b_lod0_auto3-100-ts1-abrbe9e32ae-al397596d8n010bf800000
xmodelsurfs,#hash_cc348ee8ca6916e6
xmodelsurfs,#construction_doors_metal_frame_b_02_mp_lod0-100-ts1-abrbe9e32aen41bf800000
xmodelsurfs,#ee_wall_base_brick_corner_right_lod0_auto2-100-ts1-abrbe9e32ae-alc3006808n40bf800000
xmodelsurfs,#hash_cc3ed79c958cd24c
xmodelsurfs,#ee_appliance_kitchen_industrial_stove_01_lod0_auto6-000-a-ts1-abrbe9e32ae-al2c7aee72n050bf800000
xmodelsurfs,#hash_cc690958a2fd4725
xmodelsurfs,#hash_cc7d02efaac7c1bf
xmodelsurfs,#hash_cc8238ed3ddeb74a
xmodelsurfs,#hash_cc852a1a659c38e5
xmodelsurfs,#railing_ornate_metal_16_lod0_auto2-100-ts1-abrbe9e32ae-al82a85ee4n40bf800000
xmodelsurfs,#watertank1_ladder_288_lod0_auto6-100-ts1-abrbe9e32ae-ale5f9c3bbn40bf800000
xmodelsurfs,#hash_ccd01e0e033efe9b
xmodelsurfs,#manmade_sidewalk_concrete_01_broken_07_lod0_auto2-100-ts1-abrbe9e32ae-al41c4268ehffn010bf800000
xmodelsurfs,#hash_cdf169b433151536
xmodelsurfs,#me_plaster_barrier_fence_wall_ornate_cap_corner_lod0-100-ts1-abrbe9e32aen41bf800000
xmodelsurfs,#hash_ce53317c8c3d40cc
xmodelsurfs,#hash_ce6ffa6d436fafe1
xmodelsurfs,#hash_ce9a5a2e81e02101
xmodelsurfs,#railing_neoclassical_balcony_metal_01_128_32_lod2-101-ts1-abrbe9e32aena10bf800000
xmodelsurfs,#base_book_group_03a_lod0_auto6-100-ts1-abrbe9e32ae-alb8a7b5den010bf800000
xmodelsurfs,#me_marketplace_wall_corner_rough_01_lod0_auto4-100-a-ts1-abrbe9e32ae-ale7dcdc61n40bf800000
xmodelsurfs,#furniture_bar_faucet_tap_01_lod0_auto4-100-ts1-abrbe9e32ae-alde6323d3n40bf800000
xmodelsurfs,#hash_cf89b8744237db47
xmodelsurfs,#hash_cfa02a4ce334d233
xmodelsurfs,#utility_service_drop_roof_01_lod0_auto4-100-ts1-abrbe9e32ae-al1b7cbcf3n40bf800000
xmodelsurfs,#hash_cfd08bfdd8f658a5
xmodelsurfs,#hash_cfddf51814a7720c
xmodelsurfs,#hash_cfea40a1b5e77cec
xmodelsurfs,#hash_cff20899b64e2dc8
xmodelsurfs,#hash_cff2091eb496c679
xmodelsurfs,#hash_d076899861f30627
xmodelsurfs,#hash_d09d1662ae754a1e
xmodelsurfs,#hash_d0a0fa549874ed80
xmodelsurfs,#ee_mansion_int_railing_114_01_lod0_auto6-000-1-ts1-abrbe9e32ae-ale1dff761n40bf800000
xmodelsurfs,#me_litter_pile_05_lod0_auto3-100-ts1-abrbe9e32ae-al3da10c68n40bf800000
xmodelsurfs,#hash_d0fabc6a1938b234
xmodelsurfs,#ee_decor_ceiling_medallion_04_lod0_auto2-000-ts1-abrbe9e32ae-alb4d33538n40bf800000
xmodelsurfs,#hash_d11fceada34e7998
xmodelsurfs,#hash_d14984767d792376
xmodelsurfs,#hash_d173632cce9d4ce0
xmodelsurfs,#hash_d173e5e89d05af8f
xmodelsurfs,#flower_shop_planter_04_with_plant_lod0_auto6-101-ts1-abrbe9e32ae-ala9c333da001hffn860bf800000
xmodelsurfs,#mx_lighting_exterior_fixture_barn_01_lod0_auto4-100-1-ts1-abrbe9e32ae-alfa43a71bn410bf800000
xmodelsurfs,#hash_d1f96ced071683a3
xmodelsurfs,#hash_d20686eb9dfd103f
xmodelsurfs,#hash_d23591938f9d470d
xmodelsurfs,#hash_d24524ccfa27d17e
xmodelsurfs,#hash_d2a39f6bf2b40291
xmodelsurfs,#hash_d2c43237bdb52f43
xmodelsurfs,#hash_d2e336f4cce1dc9f
xmodelsurfs,#hash_d2f8f2775b6b3156
xmodelsurfs,#accessory_phone_office_red_lod0_auto3-100-ts1-abrbe9e32ae-al15de1d22n40bf800000
xmodelsurfs,#destruction_debris_plaster_concrete_edge_04_lod0_auto3-101-ts1-abrbe9e32ae-al66dac13dn40bf800000
xmodelsurfs,#hash_d377082d373b0401
xmodelsurfs,#hash_d388fff101d29a21
xmodelsurfs,#ee_trim_concrete_roof_128_s_lod0_auto2-100-ts1-abrbe9e32ae-alfaf2c5ddn40bf800000
xmodelsurfs,#hash_d3f55350e7cd1a16
xmodelsurfs,#hash_d40e6c7ad247f4a9
xmodelsurfs,#uk_fabric_tarp_mp_hackney_yard_02_lod0_auto5-100-ts1-abrbe9e32ae-alb720685cn60bf800000
xmodelsurfs,#hash_d4253e9e24d18477
xmodelsurfs,#uk_dumpster_small_green_open_01_lod0_auto4-100-a-ts1-abrbe9e32ae-al5100296en010bf800000
xmodelsurfs,#hash_d48b7d30df7dd0ef
xmodelsurfs,#hash_d48d9c4bb5b00b39
xmodelsurfs,#construction_doors_metal_frame_b_03_mp_lod0-100-ts1-abrbe9e32aen41bf800000
xmodelsurfs,#me_light_ceiling_fluorescent_tube_bulb_small_lod0_auto4-100-ts1-abrbe9e32ae-al61114bebn010bf800000
xmodelsurfs,#hash_d5677aa27103d4cc
xmodelsurfs,#equipment_push_broom_01_lod0_auto2-100-ts1-abrbe9e32ae-al50a29481n40bf800000
xmodelsurfs,#hash_d5a07e9f8a4f9dbe
xmodelsurfs,#hash_d5d856c8bd94e45f
xmodelsurfs,#hash_d5df32871299747a
xmodelsurfs,#hash_d5fe0e55a15d7a47
xmodelsurfs,#ee_stool_wood_01_lod0_auto3-000-ts1-abrbe9e32ae-al8ec726b4n40bf800000
xmodelsurfs,#hash_d6c69b3c3a62b93e
xmodelsurfs,#debris_leaf_skirt_256_lod0_auto1-101-ts1-abrbe9e32ae-al82ebddf4n40bf800000
xmodelsurfs,#hash_d7143d3ce4a670d5
xmodelsurfs,#hash_d71f61adf3da2fa8
xmodelsurfs,#hash_d721ee4c9cd21872
xmodelsurfs,#wall_brick_orange_trim_08_endcap_r_lod0-100-ts1-abrbe9e32aen41bf800000
xmodelsurfs,#hash_d77a91b114d54cae
xmodelsurfs,#uk_stairs_exterior_wood_worn_01_single_step_lod0-100-ts1-abrbe9e32aen41bf800000
xmodelsurfs,#uk_kitchen_cabinet_01_38_btm_lod0_auto5-100-ts1-abrbe9e32ae-alb7768476n40bf800000
xmodelsurfs,#hash_d8180c41edc129fd
xmodelsurfs,#hash_d84223b81817bd4b
xmodelsurfs,#window_bar_wrought_iron_40_long_lod0_auto3-100-ts1-abrbe9e32ae-al44864ce1n40bf800000
xmodelsurfs,#hash_d8c9fad0d2f513f3
xmodelsurfs,#hash_d92f83a2fb5ca5e3
xmodelsurfs,#decor_boxes_02_lod0_auto2-100-ts1-abrbe9e32ae-al1b2c22c8n40bf800000
xmodelsurfs,#hash_d94898f23e2dcfce
xmodelsurfs,#hash_d957b2868ec4b943
xmodelsurfs,#hash_d974bba30ec1516d
xmodelsurfs,#flower_shop_planter_05_only_plant_lod0_auto5-101-ts1-abrbe9e32ae-alac81dbc6na10bf800000
xmodelsurfs,#hash_d9db923524113664
xmodelsurfs,#hash_da4f90bf801210f0
xmodelsurfs,#hash_dad0471807496cf0
xmodelsurfs,#uk_wall_wood_stud_frame_01_corner_24_lod0-100-ts1-abrbe9e32aen41bf800000
xmodelsurfs,#hash_db202f1b2ce73960
xmodelsurfs,#utility_street_telephone_booth_01_lod0_auto6-101-ts1-abrbe9e32ae-al514a172en40bf800000
xmodelsurfs,#hash_dbacf9b40b1a5d38
xmodelsurfs,#balcony_metal_cage_01_64_black_lod0_auto4-100-ts1-abrbe9e32ae-alde946d71n40bf800000
xmodelsurfs,#structural_supports_metal_pole_short_01_lod0_auto1-100-ts1-abrbe9e32ae-alb6eddae4n40bf800000
xmodelsurfs,#hash_dc676ebfaad1faf8
xmodelsurfs,#fabric_towel_folded_01_lod0_auto5-100-ts1-abrbe9e32ae-alb165ae80n60bf800000
xmodelsurfs,#hash_dc936e481f97315b
xmodelsurfs,#hash_dc949460f3b0181e
xmodelsurfs,#hash_dc999a2665829b68
xmodelsurfs,#hash_dcc376e904842e45
xmodelsurfs,#hash_dcd50cda3e97c21d
xmodelsurfs,#hash_dd2dc474952ede4a
xmodelsurfs,#hash_dd465fe7e8f59f8b
xmodelsurfs,#hash_dd49bef204938d2e
xmodelsurfs,#hash_dd5d36e2a457e796
xmodelsurfs,#hash_dd9799d3e3c62704
xmodelsurfs,#hash_ddfe9683610c6e19
xmodelsurfs,#mx_decor_cathedral_ext_trim_02_pillartop_01_lod0_auto2-100-ts1-abrbe9e32ae-al7fb4bf50n40bf800000
xmodelsurfs,#hash_de26a097f1b4525a
xmodelsurfs,#p7_door_handle_chrome_01_lod0_auto2-100-ts1-abrbe9e32ae-al4238e33fn40bf800000
xmodelsurfs,#hash_de4a96d1681d1049
xmodelsurfs,#hash_de65e069d47bdb1c
xmodelsurfs,#hash_de6dd76fd9f5b2c0
xmodelsurfs,#hash_de93f674324e92d9
xmodelsurfs,#hash_ded1b78e41216b74
xmodelsurfs,#hash_dee4588b051fcba3
xmodelsurfs,#furniture_bar_counter_01_end_lod0_auto4-100-ts1-abrbe9e32ae-alffd06b43n010bf800000
xmodelsurfs,#hash_df375b3ff0a8c2bf
xmodelsurfs,#hash_df3a9bf296a69a84
xmodelsurfs,#p7_pottery_terracotta_f_tan_lod0_auto3-100-ts1-abrbe9e32ae-al61223820n40bf800000
xmodelsurfs,#hash_dfc1c586b84eb540
xmodelsurfs,#hash_dfc52180619fb236
xmodelsurfs,#window_blinds_office_closed_01_lod0_auto2-100-ts1-abrbe9e32ae-al6ad9f4hccn40bf800000
xmodelsurfs,#hash_e048dbcd770e8288
xmodelsurfs,#hash_e05854b0df37454f
xmodelsurfs,#balcony_base_concrete_02_64_lod0_auto2-100-ts1-abrbe9e32ae-al6569d4can40bf800000
xmodelsurfs,#trash_street_debris_02_lod0_auto4-100-ts1-abrbe9e32ae-al1ec448ddn40bf800000
xmodelsurfs,#uk_furniture_lw_display_trim_01_lod0-100-ts1-abrbe9e32aen41bf800000
xmodelsurfs,#hash_e09b8912fc6795eb
xmodelsurfs,#hash_e0d03d3717d5095e
xmodelsurfs,#uk_kitchen_cabinet_01_drawer_lod0_auto1-100-ts1-abrbe9e32ae-alac30b869n40bf800000
xmodelsurfs,#hash_e1120af96acd1085
xmodelsurfs,#hash_e25957d44a41f876
xmodelsurfs,#paris_potted_plant_small_lod0_auto1-101-ts1-abrbe9e32ae-al33e390c8n240bf800000
xmodelsurfs,#hash_e286ec1b1a03671f
xmodelsurfs,#hash_e2b9ac9e36a3c3fb
xmodelsurfs,#hash_e2e4e53595392311
xmodelsurfs,#hash_e2fc32a1aa5c30c8
xmodelsurfs,#ee_utility_pole_service_drop_03_lod0_auto3-000-ts1-abrbe9e32ae-al140411dan40bf800000
xmodelsurfs,#hash_e33e89170559a487
xmodelsurfs,#uk_furniture_couch_retro_leather_01_lod0_auto4-100-ts1-abrbe9e32ae-alc9c91c36n40bf800000
xmodelsurfs,#decor_potted_plant_dead_06b_lod0_auto5-101-ts1-abrbe9e32ae-al6e4de83an210bf800000
xmodelsurfs,#building_corner_stone_01_64_lod0_auto2-100-ts1-abrbe9e32ae-ala9272df1n40bf800000
xmodelsurfs,#lm_street_concrete_sidewalk_128x128_01_lod0_auto3-100-ts1-abrbe9e32ae-al6b9d40bn40bf800000
xmodelsurfs,#hash_e3be8e80abc9ddf5
xmodelsurfs,#hash_e45a5b8677051c60
xmodelsurfs,#hash_e476209caf682cc3
xmodelsurfs,#hash_e48e2595baa49295
xmodelsurfs,#hash_e4b63dd3568f6a76
xmodelsurfs,#hash_e4c893ccdad5cdef
xmodelsurfs,#hash_e4d7f2c287a2c594
xmodelsurfs,#hash_e4e2070ffa767ad8
xmodelsurfs,#hash_e4efcdce1c22ae6f
xmodelsurfs,#hash_e4f7fd81f3c85178
xmodelsurfs,#me_trim_stone_01_64_lod0_auto6-100-ts1-abrbe9e32ae-al4a70ebc4n40bf800000
xmodelsurfs,#electrical_conduit_1_body_pull_elbow_lod0-100-ts1-abrbe9e32aen41bf800000
xmodelsurfs,#ee_can_paint_closed_03_lod0_auto5-100-ts1-abrbe9e32ae-alc8978cffn40bf800000
xmodelsurfs,#street_planter_wooden_lrg_01_lod0_auto3-100-ts1-abrbe9e32ae-ale28a6cb9n40bf800000
xmodelsurfs,#hash_e701b72dfe296184
xmodelsurfs,#destruction_debris_plaster_concrete_edge_09_lod0_auto3-101-ts1-abrbe9e32ae-alc606d51n40bf800000
xmodelsurfs,#hash_e724f6b61e7f3d98
xmodelsurfs,#foliage_pot_plant_decorative_01_lrg_lod2-101-ts1-abrbe9e32ae001hffn60bf800000
xmodelsurfs,#hash_e741da77e78297d8
xmodelsurfs,#hash_e74fd76544355053
xmodelsurfs,#hash_e7ad916a81d263e7
xmodelsurfs,#hash_e7ce2c08a32882fe
xmodelsurfs,#hash_e89a275ded64cbe5
xmodelsurfs,#lighting_track_lights_01_lod0_auto1-100-ts1-abrbe9e32ae-al7471f24en40bf800000
xmodelsurfs,#lm_machinery_hvac_roof_b_01_lod0_auto6-101-ts1-abrbe9e32ae-alf267fdb7n810bf800000
xmodelsurfs,#ee_electronics_supermarket_freezer_01_lod0_auto6-100-a-ts1-abrbe9e32ae-al883f396dn410bf800000
xmodelsurfs,#hash_e949a88773470b08
xmodelsurfs,#hash_e94e64cb073391fd
xmodelsurfs,#hash_e9bbd6124696dcfd
xmodelsurfs,#hash_e9da04eae8ae20ca
xmodelsurfs,#hash_ea0d3baa3c807a73
xmodelsurfs,#hash_ea41c972ab6b34df
xmodelsurfs,#railing_ornate_metal_128_lod0_auto5-100-ts1-abrbe9e32ae-al31df06c1n40bf800000
xmodelsurfs,#manmade_sidewalk_concrete_01_broken_02_lod0_auto2-100-ts1-abrbe9e32ae-al1e047d0chffn010bf800000
xmodelsurfs,#hash_eb0ed087be545b16
xmodelsurfs,#hash_eb25318dd7e65815
xmodelsurfs,#hash_eb4777968ee25ee6
xmodelsurfs,#hash_eb7cb63a80674a26
xmodelsurfs,#hash_ebfc5a810401226c
xmodelsurfs,#manmade_sidewalk_concrete_01_broken_09_lod0_auto4-100-ts1-abrbe9e32ae-al8f207e7fhffn010bf800000
xmodelsurfs,#hash_ec519f873c988fa2
xmodelsurfs,#me_electrical_box_street_01_lod0_auto1-100-a-ts1-abrbe9e32ae-al97cb947an410bf800000
xmodelsurfs,#uk_brick_wall_trim_01_64_half_02_lod0_auto2-100-ts1-abrbe9e32ae-alffd6f7f3n40bf800000
xmodelsurfs,#hash_ece7cc830666d916
xmodelsurfs,#mx_decor_cathedral_ext_trim_02_128_lod0_auto1-100-ts1-abrbe9e32ae-alda65a71bn40bf800000
xmodelsurfs,#wall_brick_orange_trim_08_24_lod0_auto3-100-ts1-abrbe9e32ae-al4a911289n40bf800000
xmodelsurfs,#hash_ed5384a7ede96651
xmodelsurfs,#uk_siding_metal_corrugated_01_64x24_lod0_auto1-101-ts1-abrbe9e32ae-al758ef875n210bf800000
xmodelsurfs,#uk_house_handrails_end_cap_01_lod0_auto1-000-ts1-abrbe9e32ae-alb17ff52n40bf800000
xmodelsurfs,#fountain_concrete_mexico_02_lod0_auto6-100-ts1-abrbe9e32ae-alf59af699n40bf800000
xmodelsurfs,#hash_edc2f06c57c2d559
xmodelsurfs,#hash_ee0e1c1e4fc4b1cf
xmodelsurfs,#hash_ee4f7ea3efcd1605
xmodelsurfs,#hash_ee5639ab04466708
xmodelsurfs,#railing_ornate_metal_128_lod0_auto5-100-ts1-abrbe9e32ae-al9a5e3e8cn40bf800000
xmodelsurfs,#hash_eefdabeb1b81accb
xmodelsurfs,#hash_ef31f615bfcecf88
xmodelsurfs,#destruction_debris_plaster_concrete_edge_03_lod0_auto3-101-ts1-abrbe9e32ae-alb8713f25n40bf800000
xmodelsurfs,#hash_ef6db9b6dedef3ae
xmodelsurfs,#hash_efcde976636ce87a
xmodelsurfs,#hash_efffe61ee122bc29
xmodelsurfs,#hash_f04af41632852f86
xmodelsurfs,#hash_f0570c56190db534
xmodelsurfs,#hash_f05f47fbdc577152
xmodelsurfs,#hash_f0735f04fc58168e
xmodelsurfs,#hash_f07503e8f0c4bdb7
xmodelsurfs,#hash_f0a54f0685d76c70
xmodelsurfs,#hash_f0bf50796215faa2
xmodelsurfs,#wall_concrete_top_rough_128_lod0_auto1-100-ts1-abrbe9e32ae-al524736a0n40bf800000
xmodelsurfs,#me_trim_stone_01_256_lod0_auto6-100-ts1-abrbe9e32ae-alf111b829n40bf800000
xmodelsurfs,#hash_f144aaa517ca58e5
xmodelsurfs,#decor_shoes_01_kids_lod0_auto4-100-ts1-abrbe9e32ae-al14c138bdn40bf800000
xmodelsurfs,#hash_f1583e00eb9efdbc
xmodelsurfs,#hash_f15deb2419029335
xmodelsurfs,#hash_f163c7edc5e26bbc
xmodelsurfs,#hash_f19703589504963c
xmodelsurfs,#hash_f1ba8bcc402f30ea
xmodelsurfs,#hash_f1bfa19348471407
xmodelsurfs,#hash_f1cb87b0458f614a
xmodelsurfs,#hash_f202c62016412e0b
xmodelsurfs,#me_garbage_pile_03_lod0_auto6-100-ts1-abrbe9e32ae-alf6654b9bn40bf800000
xmodelsurfs,#hash_f221cc548e503991
xmodelsurfs,#hash_f29f7ef0162199d7
xmodelsurfs,#hash_f2d7c067a776e14b
xmodelsurfs,#hash_f3111092508e0bff
xmodelsurfs,#hash_f39678fbd15c8f4d
xmodelsurfs,#railing_ornate_metal_96_lod0_auto5-100-ts1-abrbe9e32ae-alb36d56dan40bf800000
xmodelsurfs,#hash_f449a430e9a88f37
xmodelsurfs,#hash_f45b3803481d8ce9
xmodelsurfs,#hash_f475ca857a4faf76
xmodelsurfs,#ee_fabric_military_tarp_hanging_128_floor_01_lod0_auto4-100-ts1-abrbe9e32ae-al3140b0d4n210bf800000
xmodelsurfs,#roof_tile_ceramic_01_64_by_32_lod0_auto3-100-ts1-abrbe9e32ae-al764f7bebn40bf800000
xmodelsurfs,#ee_pot_clay_small_02_lod0_auto3-100-ts1-abrbe9e32ae-al68aab3f5n40bf800000
xmodelsurfs,#hash_f522a66f5369ee26
xmodelsurfs,#hash_f52bce670f8cf643
xmodelsurfs,#hash_f54757bd28b966d0
xmodelsurfs,#uk_kitchen_cabinet_01_32_top_lod0_auto1-100-ts1-abrbe9e32ae-alf8b361bdn40bf800000
xmodelsurfs,#hash_f5b4a992c55a3408
xmodelsurfs,#hash_f618a33081353861
xmodelsurfs,#hash_f629ecc956f4a516
xmodelsurfs,#hash_f64c0dfa1e9d856d
xmodelsurfs,#hash_f655afdd45f7a4ab
xmodelsurfs,#hash_f65c1d3aa0827122
xmodelsurfs,#ee_food_bread_basket_box_01_lod0_auto4-100-ts1-abrbe9e32ae-al21cc1f14n60bf800000
xmodelsurfs,#hash_f6abd95e415c4e1d
xmodelsurfs,#hash_f715433b7ad5816f
xmodelsurfs,#hash_f716d98bf7988630
xmodelsurfs,#hash_f72c4a45151d86d9
xmodelsurfs,#hash_f738a52f2ce9e4c6
xmodelsurfs,#hash_f74abe4423d5ff3e
xmodelsurfs,#hash_f74c453da6b20538
xmodelsurfs,#hash_f7573212ebd453fd
xmodelsurfs,#hash_f7944daf200daa06
xmodelsurfs,#hash_f7e29798a9e7cd30
xmodelsurfs,#furniture_chair_wooden_fabric_01_lod0_auto5-100-ts1-abrbe9e32ae-al3c63161dn010bf800000
xmodelsurfs,#electrical_wires_jumbled_b_96_lod0_auto4-100-ts1-abrbe9e32ae-al34ce95dan40bf800000
xmodelsurfs,#hash_f882cc96e6bcf885
xmodelsurfs,#hash_f888faac3a863139
xmodelsurfs,#hash_f8b855850e960019
xmodelsurfs,#decor_ornate_stone_trim_256_lod0_auto5-100-ts1-abrbe9e32ae-al1f05e41n40bf800000
xmodelsurfs,#mx_decor_cathedral_ext_trim_03_corner_01_lod0-100-ts1-abrbe9e32aen41bf800000
xmodelsurfs,#hash_f91e05a7a7e9e50a
xmodelsurfs,#clothing_hangers_01_rusty_lod0_auto2-100-ts1-abrbe9e32ae-al28c0ed8cn40bf800000
xmodelsurfs,#wall_brick_orange_trim_4_corner_lod0_auto2-100-ts1-abrbe9e32ae-al30f7625an40bf800000
xmodelsurfs,#hash_f9ca9760045ac25b
xmodelsurfs,#hash_fa789a7a4d464127
xmodelsurfs,#hash_fbbaeb8f8360afa1
xmodelsurfs,#hash_fbd110837cf3a2e5
xmodelsurfs,#hash_fbdefffa4941a0ad
xmodelsurfs,#hash_fc2387e933f5f321
xmodelsurfs,#hash_fc25cbfe9c9cc3e3
xmodelsurfs,#hash_fc304ab0c6b02bd0
xmodelsurfs,#manmade_sidewalk_concrete_01_broken_04_lod0_auto3-100-ts1-abrbe9e32ae-alb8c7b323hffn010bf800000
xmodelsurfs,#hash_fc8d8e6aa3b1a660
xmodelsurfs,#hash_fc93d01e2c05a468
xmodelsurfs,#hash_fc9b7841256bc067
xmodelsurfs,#hash_fc9f7b889c148d9e
xmodelsurfs,#hash_fca5883a12cffb20
xmodelsurfs,#hash_fcaa8806fb1adf20
xmodelsurfs,#decor_potted_plant_dead_03_lod0_auto4-101-ts1-abrbe9e32ae-al2df188ban240bf800000
xmodelsurfs,#hash_fcb78966cda47170
xmodelsurfs,#hash_fcc7e21a8f6bc879
xmodelsurfs,#hash_fcfc397935f9d1e8
xmodelsurfs,#building_awning_tarp_128x32x64_03_auto5-100-ts1-abrbe9e32ae-al293178a6n260bf800000
xmodelsurfs,#hash_fd37174b4ab8886e
xmodelsurfs,#hash_fd744f05339b4493
xmodelsurfs,#hash_fd7ffce32423f8d8
xmodelsurfs,#hash_fd91f5f1f3b637c2
xmodelsurfs,#decor_drying_rack_01_plate_01_lod0_auto3-100-ts1-abrbe9e32ae-aldae598a4n40bf800000
xmodelsurfs,#hash_fde5f17fac75dc5d
xmodelsurfs,#hash_fdef22a7f21ea9ca
xmodelsurfs,#hash_fdf68bbe371e109a
xmodelsurfs,#hash_fe238012465f4130
xmodelsurfs,#hash_fe6816ad49c28e8d
xmodelsurfs,#hash_feb4807b76139094
xmodelsurfs,#hash_fed0167b77971994
xmodelsurfs,#trim_concrete_02_88_lod0_auto3-100-ts1-abrbe9e32ae-al5da385a3n40bf800000
xmodelsurfs,#mx_decor_cathedral_ext_trim_02_pillartop_02_lod0_auto3-100-ts1-abrbe9e32ae-al3093b3cen40bf800000
xmodelsurfs,#hash_ff383976fa44baef
xmodelsurfs,#destruction_debris_plaster_concrete_edge_12_lod0_auto3-101-ts1-abrbe9e32ae-al3ee456b6n40bf800000
xmodelsurfs,#uk_brick_wall_trim_01_32_half_02_lod0-100-ts1-abrbe9e32aen41bf800000
xmodelsurfs,#hash_ff7fee7f024ce4c1
xmodelsurfs,#building_windowframe_plaster_08_40_70_lod0_auto2-100-ts1-abrbe9e32ae-al1da4b47dn40bf800000
xmodelsurfs,#hash_fff1ac1b5ff52323
streaminginfo,#mp_historic_gw2_48_-69_1_0_tr