type,name
xmodeldetailcollision,#accessory_roof_water_tank_01
xmodeldetailcollision,#awning_metal_collapsible_01_damaged
xmodeldetailcollision,#awning_metal_collapsible_01_yellow
xmodeldetailcollision,#awning_restaurant_awning_supports_01
xmodeldetailcollision,#balcony_base_concrete_01_104
xmodeldetailcollision,#balcony_base_concrete_01_128
xmodeldetailcollision,#balcony_base_concrete_01_72
xmodeldetailcollision,#balcony_base_wood_01_128
xmodeldetailcollision,#barrier_wooden_slats_02_woodslats_kit_128x64
xmodeldetailcollision,#bldg_rileys_bannister_01_black
xmodeldetailcollision,#bldg_tanto_pillar03
xmodeldetailcollision,#bldg_warrior_cornice_04_pink
xmodeldetailcollision,#bldg_warrior_cornice_thin_01_pink
xmodeldetailcollision,#bldg_warrior_panel_04_pink
xmodeldetailcollision,#building_corner_damaged_01_stone_ornate
xmodeldetailcollision,#building_exterior_concrete_stairs_01
xmodeldetailcollision,#building_exterior_concrete_stairs_01_half
xmodeldetailcollision,#building_interior_house_staircase_01_handrail_bottom
xmodeldetailcollision,#building_neoclassical_stone_dentil_bracket_128_dark_beige
xmodeldetailcollision,#building_ornate_trim_01
xmodeldetailcollision,#building_pully_hook_frame_ornate_01_white
xmodeldetailcollision,#building_roof_lip_01_blue_corner_inside
xmodeldetailcollision,#building_roof_lip_01_white_curve
xmodeldetailcollision,#building_roof_lip_01_white_end
xmodeldetailcollision,#building_support_wood_beam_01
xmodeldetailcollision,#building_support_wood_beam_01_piece_04
xmodeldetailcollision,#building_support_wood_beam_05_re_size_small
xmodeldetailcollision,#building_windowframe_plaster_04_32_62_red
xmodeldetailcollision,#building_windowframe_plaster_04_44_62
xmodeldetailcollision,#building_windowframe_plaster_08_44_52
xmodeldetailcollision,#construction_doors_metal_frame_b_02_mp
xmodeldetailcollision,#cp_disco_wall_fan_pale
xmodeldetailcollision,#debris_stone_blocks_pile_wall_1_gray
xmodeldetailcollision,#decor_ornate_stone_trim_128
xmodeldetailcollision,#decor_ornate_stone_trim_256
xmodeldetailcollision,#decor_ornate_stone_trim_corner_small
xmodeldetailcollision,#decor_statue_antique_03_black
xmodeldetailcollision,#decor_supermart_cardboard_box_close_01
xmodeldetailcollision,#dh_theatre_chair_01_full
xmodeldetailcollision,#dh_theatre_chair_02_full
xmodeldetailcollision,#dh_theatre_chair_03_full
xmodeldetailcollision,#door_decor_metal_painted_01_frame_single_white_rl
xmodeldetailcollision,#door_wood_ornate_large_exterior_01_mp_wear
xmodeldetailcollision,#door_wooden_panel_rl_01
xmodeldetailcollision,#ee_buildings_industrial_radiotower_01_translod
xmodeldetailcollision,#ee_construction_stone_wall_a_02_wall_g1
xmodeldetailcollision,#ee_fence_street_metal_01_endcap_white
xmodeldetailcollision,#ee_furniture_club_couch_b
xmodeldetailcollision,#ee_furniture_desk_reception_calumn02_160x16x16
xmodeldetailcollision,#ee_furniture_desk_reception_keypad_64
xmodeldetailcollision,#ee_furniture_desk_reception_panel_32
xmodeldetailcollision,#ee_furniture_desk_reception_section_48x16x16
xmodeldetailcollision,#ee_furniture_desk_reception_section_48x48x16
xmodeldetailcollision,#ee_garbage_bag_filled_02_white
xmodeldetailcollision,#ee_manmade_wood_planks_worn_a_02
xmodeldetailcollision,#ee_mansion_curtain_double_closed_02_blue
xmodeldetailcollision,#ee_mansion_int_railing_42_01
xmodeldetailcollision,#ee_mansion_int_railing_stairway_8x12_01
xmodeldetailcollision,#ee_mansion_int_railing_stairway_8x12_02
xmodeldetailcollision,#ee_mansion_window_1st_floor_01
xmodeldetailcollision,#ee_mansion_window_2nd_floor_02
xmodeldetailcollision,#ee_pipe_05_128
xmodeldetailcollision,#ee_pipe_05_128_angled
xmodeldetailcollision,#ee_pipe_05_256
xmodeldetailcollision,#ee_pipe_05_32
xmodeldetailcollision,#ee_storage_flight_case_nowheels_01
xmodeldetailcollision,#ee_storage_flight_case_nowheels_02
xmodeldetailcollision,#ee_trim_concrete_roof_128_s
xmodeldetailcollision,#ee_trim_concrete_roof_32
xmodeldetailcollision,#ee_trim_concrete_roof_32_s
xmodeldetailcollision,#ee_trim_concrete_roof_64_s
xmodeldetailcollision,#ee_trim_large_roof_128_stone_offwhite
xmodeldetailcollision,#ee_trim_large_roof_16_stone_offwhite
xmodeldetailcollision,#ee_trim_large_roof_32_stone_offwhite
xmodeldetailcollision,#ee_trim_large_roof_64_stone_offwhite
xmodeldetailcollision,#ee_trim_large_roof_8_stone_offwhite
xmodeldetailcollision,#ee_trim_large_roof_corner_inside_yellow
xmodeldetailcollision,#ee_trim_large_roof_corner_outside_stone_offwhite
xmodeldetailcollision,#ee_trim_large_roof_endcap_stone_beige
xmodeldetailcollision,#ee_trim_metal_corrugated_corner_88_01_white
xmodeldetailcollision,#ee_trim_small_roof_128_stone_offwhite
xmodeldetailcollision,#ee_trim_small_roof_16_stone_beige_dark
xmodeldetailcollision,#ee_trim_small_roof_48_brown
xmodeldetailcollision,#ee_trim_small_roof_64_stone_offwhite
xmodeldetailcollision,#ee_trim_small_roof_8_stone_offwhite
xmodeldetailcollision,#ee_trim_small_roof_corner_inside_brown
xmodeldetailcollision,#ee_trim_small_roof_corner_outside_stone_offwhite
xmodeldetailcollision,#ee_wall_base_concrete_corner_left
xmodeldetailcollision,#electrical_conduit_1_body_joint_lr
xmodeldetailcollision,#electrical_conduit_1_elbow45_long
xmodeldetailcollision,#electrical_north_america_outlets_01_single
xmodeldetailcollision,#furniture_red_carpet
xmodeldetailcollision,#ground_wire_rubber_03
xmodeldetailcollision,#hardware_plywood_bare_01_24_dirty
xmodeldetailcollision,#ind_flood_light_standing_tall_prop_wz
xmodeldetailcollision,#lighting_chandelier_ornate_iron_01
xmodeldetailcollision,#lighting_fixture_exterior_ornate_wall_03
xmodeldetailcollision,#lighting_fixtures_security_lamp_withcage_01_off_wz
xmodeldetailcollision,#lighting_modern_fixture_wall_mounted_on_tower_warm
xmodeldetailcollision,#lighting_track_lights_01_off_wz
xmodeldetailcollision,#lighting_track_lights_fixture_01_prop_wz
xmodeldetailcollision,#lighting_wall_lamp_picture_01_prop_wz
xmodeldetailcollision,#lm_pipes_high_pressure_32
xmodeldetailcollision,#lm_structural_railing_int_steps_08_a
xmodeldetailcollision,#lm_structural_railing_int_straight_08_a_blue
xmodeldetailcollision,#lm_structural_railing_int_straight_128_a_blue
xmodeldetailcollision,#lm_structural_railing_int_straight_16_a
xmodeldetailcollision,#lm_structural_railing_int_straight_24_a_blue
xmodeldetailcollision,#lm_structural_railing_int_straight_64_a
xmodeldetailcollision,#lm_structural_railing_int_transition_01_a
xmodeldetailcollision,#me_construction_plank_bridge_a_16
xmodeldetailcollision,#me_fountain_villa_wall_01_corner_01
xmodeldetailcollision,#me_furniture_fancy_armchair_01
xmodeldetailcollision,#me_handrails_painted_metal_ornate_32
xmodeldetailcollision,#me_handrails_painted_metal_ornate_64
xmodeldetailcollision,#me_handrails_painted_metal_ornate_end
xmodeldetailcollision,#me_light_ceiling_fluorescent_tube_cage_prop_wz
xmodeldetailcollision,#me_light_ceiling_fluorescent_tube_small_cage_prop_wz
xmodeldetailcollision,#me_marketplace_wall_corner_rough_01h
xmodeldetailcollision,#me_plaster_barrier_fence_wall_ornate_cap_128
xmodeldetailcollision,#me_plaster_barrier_fence_wall_ornate_cap_64
xmodeldetailcollision,#me_plaster_barrier_fence_wall_ornate_cap_8_end
xmodeldetailcollision,#me_plaster_barrier_fence_wall_ornate_cap_corner
xmodeldetailcollision,#me_sign_office_wf_stairup1
xmodeldetailcollision,#me_stairs_oldtown_plaster_80_set_b
xmodeldetailcollision,#mnr_chandelier_01
xmodeldetailcollision,#mout_catwalk_128_open
xmodeldetailcollision,#mout_catwalk_16_open
xmodeldetailcollision,#mout_catwalk_32_open
xmodeldetailcollision,#mout_catwalk_handrail_corner_worn
xmodeldetailcollision,#mout_catwalk_handrail_end_worn
xmodeldetailcollision,#mout_catwalk_handrail_middle_worn_16
xmodeldetailcollision,#mout_catwalk_handrail_middle_worn_32
xmodeldetailcollision,#mout_catwalk_handrail_middle_worn_48
xmodeldetailcollision,#mout_catwalk_handrail_middle_worn_64
xmodeldetailcollision,#mout_catwalk_stairs_bottom
xmodeldetailcollision,#mout_catwalk_stairs_handrail_middle_4step_rusted
xmodeldetailcollision,#mout_catwalk_stairs_middle
xmodeldetailcollision,#mout_catwalk_stairs_norail_middle_1step
xmodeldetailcollision,#mout_catwalk_stairs_top
xmodeldetailcollision,#mx_barrier_rail_metal_16
xmodeldetailcollision,#mx_decor_ceramic_baseboard_trim_01_4_corner_in
xmodeldetailcollision,#mx_decor_painting_horse_01
xmodeldetailcollision,#mx_door_frame_wood_exterior_double_01_rl_red
xmodeldetailcollision,#mx_door_wood_exterior_double_01_left_mp_trs
xmodeldetailcollision,#mx_door_wood_exterior_double_01_right_mp_trs
xmodeldetailcollision,#mx_door_wood_exterior_double_mid_glass_01_left_mp_trs
xmodeldetailcollision,#mx_door_wood_exterior_double_mid_glass_01_right_mp_trs
xmodeldetailcollision,#mx_lighting_exterior_fixture_tunnel_fluorescent_base
xmodeldetailcollision,#mx_lighting_exterior_fixture_tunnel_fluorescent_off
xmodeldetailcollision,#mx_sign_emergency_exit_light_01_prop_wz
xmodeldetailcollision,#mx_wall_stone_brick_corner_01_32
xmodeldetailcollision,#mx_wall_stone_brick_corner_02_64
xmodeldetailcollision,#p7_box_cardboard_d_closed
xmodeldetailcollision,#p7_light_lamp_desk_vintage_01_prop_wz
xmodeldetailcollision,#patio_umbrella_open_01_red
xmodeldetailcollision,#pipe_metal_painted_bend_90_sml_gray_02
xmodeldetailcollision,#pipe_metal_painted_straight_16_gray
xmodeldetailcollision,#pipe_metal_painted_straight_64_gray
xmodeldetailcollision,#railing_metal_decor_01_64_black
xmodeldetailcollision,#railing_metal_decor_01_64_brown
xmodeldetailcollision,#roof_asphalt_shingle_straight_128_brown
xmodeldetailcollision,#roof_tile_ceramic_01_120by32
xmodeldetailcollision,#roof_tile_ceramic_01_32
xmodeldetailcollision,#s4_rus_po_office_couch_ornate
xmodeldetailcollision,#sign_oilrig_triangle_high_voltage
xmodeldetailcollision,#structural_supports_metal_pole_short_01
xmodeldetailcollision,#trim_wood_beam_planks_01_64
xmodeldetailcollision,#uk_brick_wall_trim_01_32
xmodeldetailcollision,#uk_brick_wall_trim_01_64
xmodeldetailcollision,#uk_building_exterior_concrete_stairs_64_center_01
xmodeldetailcollision,#uk_building_exterior_concrete_stairs_8_left_01
xmodeldetailcollision,#uk_building_exterior_concrete_stairs_8_right_01
xmodeldetailcollision,#uk_clothing_workout_hoodie_01_red
xmodeldetailcollision,#uk_house_baseboard_01_4_corner_out_clean
xmodeldetailcollision,#uk_house_baseboard_01_old_128
xmodeldetailcollision,#uk_house_baseboard_01_old_16
xmodeldetailcollision,#uk_house_baseboard_01_old_2
xmodeldetailcollision,#uk_house_baseboard_01_old_2_corner_out
xmodeldetailcollision,#uk_house_baseboard_01_old_32
xmodeldetailcollision,#uk_house_baseboard_01_old_4
xmodeldetailcollision,#uk_house_baseboard_01_old_64
xmodeldetailcollision,#uk_house_baseboard_01_old_8
xmodeldetailcollision,#uk_house_baseboard_01_old_8_corner_in
xmodeldetailcollision,#uk_house_baseboard_01_old_8_corner_out_clean
xmodeldetailcollision,#uk_house_chair_rail_01_old_128
xmodeldetailcollision,#uk_house_chair_rail_01_old_16
xmodeldetailcollision,#uk_house_chair_rail_01_old_32
xmodeldetailcollision,#uk_house_chair_rail_01_old_64
xmodeldetailcollision,#uk_house_chair_rail_01_old_8
xmodeldetailcollision,#uk_house_chair_rail_01_old_8_corner_in
xmodeldetailcollision,#uk_house_molding_01_16_corner_out_brown
xmodeldetailcollision,#uk_house_molding_01_old_128
xmodeldetailcollision,#uk_house_molding_01_old_16
xmodeldetailcollision,#uk_house_molding_01_old_32
xmodeldetailcollision,#uk_house_molding_01_old_4
xmodeldetailcollision,#uk_house_molding_01_old_64
xmodeldetailcollision,#uk_house_molding_01_old_8
xmodeldetailcollision,#uk_house_molding_01_old_8_corner_in
xmodeldetailcollision,#uk_house_staircase_01_handrail_flat_corner
xmodeldetailcollision,#uk_kitchen_cabinet_02_38_btm
xmodeldetailcollision,#uk_kitchen_cabinet_02_sink_a
xmodeldetailcollision,#uk_lighting_ceiling_fixture_02_prop_wz
xmodeldetailcollision,#uk_metal_frame_warehouse_04
xmodeldetailcollision,#uk_scaffold_kit_128x64_01_open_02
xmodeldetailcollision,#uk_siding_metal_corrugated_01_128x88_2sided
xmodeldetailcollision,#uk_siding_metal_corrugated_01_88_corner_no_grime
xmodeldetailcollision,#uk_stairs_interior_wood_worn_01_8_steps
xmodeldetailcollision,#uk_stairs_interior_wood_worn_01_single_step
xmodeldetailcollision,#uk_street_road_curb_128_01
xmodeldetailcollision,#uk_stucco_pillar_01_thin_beige
xmodeldetailcollision,#un_metal_steel_support_c_beam_24x8x128
xmodeldetailcollision,#un_metal_steel_support_c_beam_24x8x256
xmodeldetailcollision,#un_metal_steel_support_tubing_beam_8x4x128_gray
xmodeldetailcollision,#un_metal_steel_support_tubing_beam_8x4x32_gray
xmodeldetailcollision,#un_metal_steel_support_tubing_beam_8x4x64_gray
xmodeldetailcollision,#un_metal_steel_support_tubing_beam_8x4x8_gray
xmodeldetailcollision,#un_metal_steel_support_tubing_beam_8x8x8_gray
xmodeldetailcollision,#un_metal_steel_support_w_beam_16x8x128_gray
xmodeldetailcollision,#un_structural_cornerstone_45_neoclassical_128_boulderbrown
xmodeldetailcollision,#un_structural_cornerstone_45_neoclassical_160_boulderbrown
xmodeldetailcollision,#un_structural_cornerstone_90_neoclassical_128_boulderbrown
xmodeldetailcollision,#un_structural_cornerstone_90_neoclassical_160_02_boulderbrown
xmodeldetailcollision,#un_structural_cornerstone_90_neoclassical_160_boulderbrown
xmodeldetailcollision,#un_structural_cornerstone_90_neoclassical_64_boulderbrown
xmodeldetailcollision,#utility_light_mount_support_01
xmodeldetailcollision,#utility_power_pole_transformer_01
xmodeldetailcollision,#utility_street_curb_cement_rough_64_a_painted_yellow
xmodeldetailcollision,#veh9_mil_air_heli_blima_spotlight
xmodeldetailcollision,#wall_stone_drystone_small_01
xmodeldetailcollision,#wlf_lamp_post_01
edgelist,#mapedgelist_00403
physicsasset,#accessory_roof_water_tank_01
physicsasset,#awning_metal_collapsible_01
physicsasset,#awning_metal_collapsible_01_damaged
physicsasset,#awning_restaurant_awning_support_01
physicsasset,#balcony_base_concrete_01_104
physicsasset,#balcony_base_concrete_01_128
physicsasset,#balcony_base_concrete_01_72
physicsasset,#balcony_base_wood_01_128
physicsasset,#barrier_wooden_slats_02_woodslats_kit_128x64
physicsasset,#bldg_rileys_bannister_01
physicsasset,#bldg_tanto_pillar03
physicsasset,#bldg_warrior_cornice_04
physicsasset,#bldg_warrior_cornice_thin_01
physicsasset,#bldg_warrior_panel_04
physicsasset,#building_corner_damaged_01
physicsasset,#building_exterior_concrete_stairs_01
physicsasset,#building_exterior_concrete_stairs_01_half
physicsasset,#building_interior_house_staircase_01_handrail_bottom
physicsasset,#building_neoclassical_stone_dentil_bracket_128
physicsasset,#building_ornate_trim_01
physicsasset,#building_pully_hook_frame_ornate_01
physicsasset,#building_recovery_wood_beam_01
physicsasset,#building_roof_lip_01_corner_inside
physicsasset,#building_roof_lip_01_end
physicsasset,#building_roof_lip_01_tan_curve
physicsasset,#building_support_wood_beam_01_piece_04
physicsasset,#building_support_wood_beam_05_re_size_small
physicsasset,#building_windowframe_plaster_04_32_62
physicsasset,#building_windowframe_plaster_04_44_62
physicsasset,#building_windowframe_plaster_08_44_52
physicsasset,#construction_doors_metal_frame_b_02_mp
physicsasset,#cp_disco_wall_fan
physicsasset,#debris_stone_blocks_pile_wall_1
physicsasset,#decor_ornate_stone_trim_128
physicsasset,#decor_ornate_stone_trim_256
physicsasset,#decor_ornate_stone_trim_corner_small
physicsasset,#decor_statue_antique_03
physicsasset,#decor_supermart_cardboard_box_close
physicsasset,#dh_theatre_chair_01_full
physicsasset,#dh_theatre_chair_02_full
physicsasset,#dh_theatre_chair_03_full
physicsasset,#door_decor_metal_painted_01_frame_single_white_rl
physicsasset,#door_frame_wooden_panel_mp_double_01
physicsasset,#door_security_gate_single_mp_01
physicsasset,#door_wood_ornate_large_exterior_01_mp
physicsasset,#door_wooden_panel_rl_01
physicsasset,#ee_buildings_industrial_radiotower_01_translod
physicsasset,#ee_construction_stone_wall_a_01_wall_snow_g1
physicsasset,#ee_fence_street_metal_01_endcap
physicsasset,#ee_furniture_club_couch_b
physicsasset,#ee_furniture_desk_reception_calumn02_160x16x16
physicsasset,#ee_furniture_desk_reception_keypad_64
physicsasset,#ee_furniture_desk_reception_panel_32
physicsasset,#ee_furniture_desk_reception_section_48x16x16
physicsasset,#ee_furniture_desk_reception_section_48x48x16
physicsasset,#ee_garbage_bag_filled_02
physicsasset,#ee_manmade_wood_planks_worn_a_02
physicsasset,#ee_mansion_curtain_double_closed_02_blue
physicsasset,#ee_mansion_int_railing_42_01
physicsasset,#ee_mansion_int_railing_stairway_8x12_01
physicsasset,#ee_mansion_int_railing_stairway_8x12_02
physicsasset,#ee_mansion_window_1st_floor_01
physicsasset,#ee_mansion_window_2nd_floor_02
physicsasset,#ee_pipe_05_128
physicsasset,#ee_pipe_05_128_angled
physicsasset,#ee_pipe_05_256
physicsasset,#ee_pipe_05_32
physicsasset,#ee_storage_flight_case_nowheels_01
physicsasset,#ee_storage_flight_case_nowheels_02
physicsasset,#ee_trim_concrete_roof_128_s
physicsasset,#ee_trim_concrete_roof_32
physicsasset,#ee_trim_concrete_roof_32_s
physicsasset,#ee_trim_concrete_roof_64_s
physicsasset,#ee_trim_large_roof_128
physicsasset,#ee_trim_large_roof_16
physicsasset,#ee_trim_large_roof_32
physicsasset,#ee_trim_large_roof_64
physicsasset,#ee_trim_large_roof_8
physicsasset,#ee_trim_large_roof_corner_inside
physicsasset,#ee_trim_large_roof_corner_outside
physicsasset,#ee_trim_large_roof_endcap
physicsasset,#ee_trim_metal_corrugated_corner_88_01
physicsasset,#ee_trim_small_roof_128
physicsasset,#ee_trim_small_roof_16
physicsasset,#ee_trim_small_roof_32
physicsasset,#ee_trim_small_roof_48
physicsasset,#ee_trim_small_roof_64
physicsasset,#ee_trim_small_roof_8
physicsasset,#ee_trim_small_roof_corner_inside
physicsasset,#ee_trim_small_roof_corner_outside
physicsasset,#ee_wall_base_brick_128
physicsasset,#ee_wall_base_brick_32
physicsasset,#ee_wall_base_brick_64
physicsasset,#ee_wall_base_brick_corner_90_out
physicsasset,#ee_wall_base_brick_corner_left
physicsasset,#electrical_conduit_1_body_joint_lr
physicsasset,#electrical_conduit_1_elbow45_long
physicsasset,#electrical_north_america_outlets_01
physicsasset,#furniture_painting_frame_02_brown
physicsasset,#furniture_red_carpet
physicsasset,#hardware_plywood_bare_01_24
physicsasset,#light_fixtures_exterior_01_ornate_wall_light
physicsasset,#lighting_chandelier_ornate_iron_01
physicsasset,#lighting_fixture_exterior_ornate_wall_03
physicsasset,#lighting_fixture_exterior_ornate_wall_03_post
physicsasset,#lighting_fixtures_security_lamp_01
physicsasset,#lighting_modern_fixture_wall_mounted
physicsasset,#lighting_track_lights_01
physicsasset,#lighting_track_lights_fixture_01
physicsasset,#lighting_wall_lamp_picture_01
physicsasset,#lm_pipes_high_pressure_32
physicsasset,#lm_structural_railing_int_steps_08_a
physicsasset,#lm_structural_railing_int_straight_08_a
physicsasset,#lm_structural_railing_int_straight_128_a
physicsasset,#lm_structural_railing_int_straight_16_a
physicsasset,#lm_structural_railing_int_straight_24_a
physicsasset,#lm_structural_railing_int_straight_64_a
physicsasset,#lm_structural_railing_int_transition_01_a
physicsasset,#me_construction_plank_bridge_a_16
physicsasset,#me_fountain_villa_wall_01_corner_01
physicsasset,#me_furniture_fancy_armchair_01
physicsasset,#me_handrails_painted_metal_ornate_32
physicsasset,#me_handrails_painted_metal_ornate_64
physicsasset,#me_handrails_painted_metal_ornate_end
physicsasset,#me_light_ceiling_fluorescent_tube_bulb_small
physicsasset,#me_litter_pile_01
physicsasset,#me_marketplace_wall_corner_rough_01
physicsasset,#me_plaster_barrier_fence_wall_ornate_cap_128
physicsasset,#me_plaster_barrier_fence_wall_ornate_cap_64
physicsasset,#me_plaster_barrier_fence_wall_ornate_cap_8_end
physicsasset,#me_plaster_barrier_fence_wall_ornate_cap_corner
physicsasset,#me_sign_office_wf_stairup1
physicsasset,#me_stairs_oldtown_plaster_80_set_b
physicsasset,#me_wall_red_village_plaster_adobe_corner_32_01
physicsasset,#mout_catwalk_128_open
physicsasset,#mout_catwalk_16_open
physicsasset,#mout_catwalk_32_open
physicsasset,#mout_catwalk_handrail_corner_worn
physicsasset,#mout_catwalk_handrail_end_worn
physicsasset,#mout_catwalk_handrail_middle_worn_16
physicsasset,#mout_catwalk_handrail_middle_worn_32
physicsasset,#mout_catwalk_handrail_middle_worn_48
physicsasset,#mout_catwalk_handrail_middle_worn_64
physicsasset,#mout_catwalk_stairs_bottom_b
physicsasset,#mout_catwalk_stairs_handrail_middle_4step
physicsasset,#mout_catwalk_stairs_middle
physicsasset,#mout_catwalk_stairs_norail_middle_1step
physicsasset,#mout_catwalk_stairs_top
physicsasset,#mx_barrier_rail_metal_16
physicsasset,#mx_decor_ceramic_baseboard_trim_01_4_corner_in
physicsasset,#mx_decor_painting_horse_01
physicsasset,#mx_door_frame_wood_exterior_double_01_rl
physicsasset,#mx_door_wood_exterior_double_01_left_mp
physicsasset,#mx_door_wood_exterior_double_01_right_mp
physicsasset,#mx_door_wood_exterior_double_mid_glass_01_left_mp
physicsasset,#mx_door_wood_exterior_double_mid_glass_01_right_mp
physicsasset,#mx_lighting_exterior_fixture_tunnel_fluorescent
physicsasset,#mx_lighting_exterior_fixture_tunnel_fluorescent_base
physicsasset,#mx_sign_emergency_exit_light_01
physicsasset,#mx_wall_stone_brick_corner_01_32
physicsasset,#mx_wall_stone_brick_corner_02_64
physicsasset,#p7_box_cardboard_d_closed
physicsasset,#p7_light_lamp_desk_vintage_01
physicsasset,#patio_umbrella_open_01
physicsasset,#pipe_metal_painted_bend_90_sml
physicsasset,#pipe_metal_painted_straight_16
physicsasset,#pipe_metal_painted_straight_64
physicsasset,#railing_metal_decor_01_64
physicsasset,#railing_metal_decor_01_64_black
physicsasset,#roof_asphalt_shingle_straight_128
physicsasset,#roof_tile_ceramic_01_32
physicsasset,#s4_rus_po_office_couch_ornate
physicsasset,#sign_oilrig_triangle_be_careful
physicsasset,#structural_supports_metal_pole_short_01
physicsasset,#trim_wood_beam_planks_01_64
physicsasset,#uk_brick_wall_trim_01_32
physicsasset,#uk_brick_wall_trim_01_64
physicsasset,#uk_building_exterior_concrete_stairs_64_center_01
physicsasset,#uk_building_exterior_concrete_stairs_8_left_01
physicsasset,#uk_building_exterior_concrete_stairs_8_right_01
physicsasset,#uk_clothing_workout_hoodie_01
physicsasset,#uk_decor_window_curtain_rod_02
physicsasset,#uk_house_baseboard_01_128
physicsasset,#uk_house_baseboard_01_16
physicsasset,#uk_house_baseboard_01_2
physicsasset,#uk_house_baseboard_01_2_corner_out
physicsasset,#uk_house_baseboard_01_32
physicsasset,#uk_house_baseboard_01_4
physicsasset,#uk_house_baseboard_01_4_corner_out
physicsasset,#uk_house_baseboard_01_64
physicsasset,#uk_house_baseboard_01_8
physicsasset,#uk_house_baseboard_01_8_corner_in
physicsasset,#uk_house_baseboard_01_8_corner_out
physicsasset,#uk_house_chair_rail_01_128
physicsasset,#uk_house_chair_rail_01_16
physicsasset,#uk_house_chair_rail_01_32
physicsasset,#uk_house_chair_rail_01_64
physicsasset,#uk_house_chair_rail_01_8
physicsasset,#uk_house_chair_rail_01_8_corner_in
physicsasset,#uk_house_chair_rail_01_8_corner_out
physicsasset,#uk_house_molding_01_128
physicsasset,#uk_house_molding_01_16
physicsasset,#uk_house_molding_01_16_corner_in
physicsasset,#uk_house_molding_01_16_corner_out
physicsasset,#uk_house_molding_01_32
physicsasset,#uk_house_molding_01_4
physicsasset,#uk_house_molding_01_64
physicsasset,#uk_house_molding_01_8
physicsasset,#uk_house_molding_01_8_corner_in
physicsasset,#uk_house_molding_01_8_corner_out
physicsasset,#uk_house_staircase_01_handrail_flat_corner
physicsasset,#uk_house_staircase_mp_01_old_r_1_stair
physicsasset,#uk_kitchen_cabinet_01_22_btm
physicsasset,#uk_kitchen_cabinet_01_38_btm
physicsasset,#uk_kitchen_cabinet_01_sink_a
physicsasset,#uk_lighting_ceiling_fixture_02_off
physicsasset,#uk_metal_frame_warehouse_04
physicsasset,#uk_scaffold_kit_128x64_01_open_02
physicsasset,#uk_siding_metal_corrugated_01_128x88
physicsasset,#uk_siding_metal_corrugated_01_24_corner
physicsasset,#uk_siding_metal_corrugated_01_88_corner
physicsasset,#uk_stairs_interior_wood_worn_01_8_steps
physicsasset,#uk_stairs_interior_wood_worn_01_single_step
physicsasset,#uk_street_road_curb_128_01
physicsasset,#uk_stucco_pillar_01_thin_beige
physicsasset,#un_metal_steel_support_c_beam_24x8x128
physicsasset,#un_metal_steel_support_c_beam_24x8x256
physicsasset,#un_metal_steel_support_tubing_beam_8x4x128
physicsasset,#un_metal_steel_support_tubing_beam_8x4x32
physicsasset,#un_metal_steel_support_tubing_beam_8x4x64
physicsasset,#un_metal_steel_support_tubing_beam_8x4x8
physicsasset,#un_metal_steel_support_tubing_beam_8x8x128
physicsasset,#un_metal_steel_support_tubing_beam_8x8x8
physicsasset,#un_metal_steel_support_w_beam_16x8x128
physicsasset,#un_structural_cornerstone_45_neoclassical_128
physicsasset,#un_structural_cornerstone_45_neoclassical_160
physicsasset,#un_structural_cornerstone_90_neoclassical_104
physicsasset,#un_structural_cornerstone_90_neoclassical_128
physicsasset,#un_structural_cornerstone_90_neoclassical_160
physicsasset,#un_structural_cornerstone_90_neoclassical_160_02
physicsasset,#un_structural_cornerstone_90_neoclassical_64
physicsasset,#utility_light_mount_support_01
physicsasset,#utility_power_pole_transformer_01
physicsasset,#utility_street_curb_cement_rough_64_a
physicsasset,#veh9_mil_air_heli_blima_spotlight
physicsasset,#wall_stone_drystone_small_01
physicsasset,#hash_a6857d80463ce0b2
physicsasset,#me_light_ceiling_fluorescent_tube
physicsasset,#uk_electrical_box_medium_01
xmodeldetailcollision,#hash_db253840b3a82556
physicsasset,#uk_industrial_light_01
xmodeldetailcollision,#hash_dc5b1dec3a67ef93
physicsasset,#uk_storage_wall_light_01
xmodeldetailcollision,#hash_debddaac6f498174
physicsasset,#aac_area_rug_01
xmodeldetailcollision,#aac_area_rug_01
physicsasset,#hash_bfb6b21cc38caf38
xmodeldetailcollision,#hash_bfb6b21cc38caf38
physicsasset,#hash_dc4917f6d8ff97c8
xmodeldetailcollision,#hash_dc4917f6d8ff97c8
physicsasset,#accessory_ceilling_fan_vintage
xmodeldetailcollision,#hash_d74a5e71b7325633
physicsasset,#accessory_phone_office_red
xmodeldetailcollision,#accessory_phone_office_black
physicsasset,#appliance_fridge_old_01
xmodeldetailcollision,#appliance_fridge_old_01
physicsasset,#hash_aaa081c37090d521
xmodeldetailcollision,#hash_dbd2794c9917301b
physicsasset,#balcony_base_concrete_02_64
xmodeldetailcollision,#balcony_base_concrete_02_64
physicsasset,#hash_c1082c0e67689163
xmodeldetailcollision,#hash_c1082c0e67689163
physicsasset,#hash_f103e457af3b4f67
xmodeldetailcollision,#hash_f103e457af3b4f67
physicsasset,#barrier_traffic_concrete_block_01
xmodeldetailcollision,#barrier_traffic_concrete_block_01_painted
xmodeldetailcollision,#base_book_group_03a
physicsasset,#base_book_stack_01b
xmodeldetailcollision,#base_book_stack_01b
physicsasset,#bathroom_garbage_can_01
xmodeldetailcollision,#bathroom_garbage_can_01
physicsasset,#hash_9c44bce482fba0e6
xmodeldetailcollision,#hash_c5b2b387941c29bb
physicsasset,#hash_d0a72cfb3a9025ee
xmodeldetailcollision,#hash_951839cf714123f3
physicsasset,#hash_b70331e49258b592
xmodeldetailcollision,#hash_9b163b33e1d19e8f
physicsasset,#hash_d0ae18fb3a9622a0
xmodeldetailcollision,#hash_f92261267f3d5265
physicsasset,#hash_d0a3acfb3a8d1697
xmodeldetailcollision,#hash_97fe584d9b542934
physicsasset,#hash_f30f7cf51bbc9240
xmodeldetailcollision,#hash_a852de782b4268c5
xmodeldetailcollision,#hash_8da43a16b3fa3f20
xmodeldetailcollision,#hash_abd33352a5d4b289
physicsasset,#hash_ae186ab273e969fa
xmodeldetailcollision,#hash_ae186ab273e969fa
physicsasset,#hash_9fa5bad28986b621
xmodeldetailcollision,#hash_9fa5bad28986b621
physicsasset,#hash_9296de23a45531b8
xmodeldetailcollision,#hash_9296de23a45531b8
physicsasset,#hash_e36d6dee5a9627df
xmodeldetailcollision,#hash_a3da5e11fea1a0fd
physicsasset,#hash_ec22be45c0b23d5c
xmodeldetailcollision,#hash_ec22be45c0b23d5c
physicsasset,#hash_9130ed4ccf659cca
xmodeldetailcollision,#hash_9130ed4ccf659cca
physicsasset,#hash_948a8fe3e940ba4e
xmodeldetailcollision,#hash_948a8fe3e940ba4e
physicsasset,#building_horse_stall_wood_beam_01
xmodeldetailcollision,#building_horse_stall_wood_beam_01
physicsasset,#hash_df31b304d018c56a
xmodeldetailcollision,#hash_df31b304d018c56a
physicsasset,#hash_8e093c635d665063
xmodeldetailcollision,#hash_8e093c635d665063
physicsasset,#hash_fe9cfa72cfad2379
xmodeldetailcollision,#hash_fe9cfa72cfad2379
physicsasset,#hash_fd51219ef15219df
xmodeldetailcollision,#hash_fd51219ef15219df
physicsasset,#building_neoclassical_cornerstone_simple_128
xmodeldetailcollision,#hash_d37cd61417a4567f
xmodeldetailcollision,#building_neoclassical_cornerstone_simple_128
physicsasset,#building_neoclassical_cornerstone_simple_16
xmodeldetailcollision,#building_neoclassical_cornerstone_simple_16
physicsasset,#hash_9b11c0157a1a6b36
xmodeldetailcollision,#hash_9b11c0157a1a6b36
physicsasset,#building_neoclassical_cornerstone_simple_32
xmodeldetailcollision,#building_neoclassical_cornerstone_simple_32
physicsasset,#building_neoclassical_cornerstone_simple_64
xmodeldetailcollision,#building_neoclassical_cornerstone_simple_64
physicsasset,#hash_e03d2d216f79542f
xmodeldetailcollision,#hash_e03d2d216f79542f
physicsasset,#building_neoclassical_stone_dentil_bracket_32
xmodeldetailcollision,#building_neoclassical_stone_dentil_bracket_32_dark_beige
physicsasset,#building_neoclassical_stone_dentil_bracket_64
xmodeldetailcollision,#building_neoclassical_stone_dentil_bracket_64_dark_beige
physicsasset,#building_neoclassical_stone_dentil_bracket_single
xmodeldetailcollision,#building_neoclassical_stone_dentil_bracket_single_beige
xmodeldetailcollision,#hash_a648bca55eafa47c
physicsasset,#building_neoclassical_stone_doorframe_single_08_mp_c
xmodeldetailcollision,#building_neoclassical_stone_doorframe_single_08_mp
physicsasset,#hash_c81626373ba861cc
xmodeldetailcollision,#hash_d8804fb4d0fa0722
physicsasset,#hash_bfb9317c1efbf788
xmodeldetailcollision,#hash_bfb9317c1efbf788
physicsasset,#hash_e95b98fdbc58b8f8
xmodeldetailcollision,#hash_e95b98fdbc58b8f8
physicsasset,#hash_cf9ab18cd63c07f7
xmodeldetailcollision,#hash_cf9ab18cd63c07f7
physicsasset,#hash_8696414778350946
xmodeldetailcollision,#hash_8696414778350946
physicsasset,#hash_91fd43990822e853
xmodeldetailcollision,#hash_9d92d27c12f54229
physicsasset,#hash_9c2fcc3c299fe9df
xmodeldetailcollision,#hash_9c2fcc3c299fe9df
physicsasset,#hash_9c2fcd3c299feb92
xmodeldetailcollision,#hash_9c2fcd3c299feb92
physicsasset,#building_neoclassical_trim_01_128
xmodeldetailcollision,#building_neoclassical_trim_01_128
physicsasset,#building_neoclassical_trim_01_64
xmodeldetailcollision,#building_neoclassical_trim_01_64
physicsasset,#building_neoclassical_trim_01_corner
xmodeldetailcollision,#building_neoclassical_trim_01_corner
physicsasset,#hash_b7ab4ae2016692db
xmodeldetailcollision,#hash_b7ab4ae2016692db
physicsasset,#hash_b41758c933340ccd
xmodeldetailcollision,#hash_b41758c933340ccd
physicsasset,#hash_9a0afce85573832e
xmodeldetailcollision,#hash_9a0afce85573832e
physicsasset,#hash_b8cf1e3d884e66a7
xmodeldetailcollision,#hash_b8cf1e3d884e66a7
physicsasset,#hash_fd0e754a3fc8586d
xmodeldetailcollision,#hash_fd0e754a3fc8586d
physicsasset,#hash_c5bfe9cebc77e69b
xmodeldetailcollision,#hash_c5bfe9cebc77e69b
physicsasset,#hash_c5b559cebc6e9d66
xmodeldetailcollision,#hash_c5b559cebc6e9d66
physicsasset,#hash_936b918ee4c60f34
xmodeldetailcollision,#hash_936b918ee4c60f34
physicsasset,#building_roof_lip_01_128
xmodeldetailcollision,#hash_9e28818a132e3ef1
physicsasset,#building_roof_lip_01_16
xmodeldetailcollision,#building_roof_lip_01_tan_16
physicsasset,#building_roof_lip_01_32
xmodeldetailcollision,#building_roof_lip_01_tan_32
physicsasset,#building_roof_lip_01_64
xmodeldetailcollision,#hash_b6505ddf5c7efcf2
physicsasset,#building_roof_lip_01_8
xmodeldetailcollision,#hash_838443ff626d317f
physicsasset,#building_roof_lip_01_corner_outside
xmodeldetailcollision,#hash_8851751e64b50909
physicsasset,#hash_916741c11a5a861c
xmodeldetailcollision,#hash_916741c11a5a861c
physicsasset,#hash_97b6083a29f4c2c6
xmodeldetailcollision,#hash_8435f1931f2c0b71
physicsasset,#hash_881f966f145b6b4f
xmodeldetailcollision,#hash_fd25314297ef95bb
physicsasset,#building_trim_stone_01_32
xmodeldetailcollision,#building_trim_stone_01_32
physicsasset,#building_trim_stone_01_64
xmodeldetailcollision,#hash_f027d233d7bb37bc
physicsasset,#hash_c603e7706d41f403
xmodeldetailcollision,#hash_e68de997b90896f9
physicsasset,#hash_b63ce1907f9212cc
xmodeldetailcollision,#hash_b63ce1907f9212cc
physicsasset,#hash_98e28e68cd719a11
xmodeldetailcollision,#hash_98e28e68cd719a11
physicsasset,#hash_9256c0d0f756bf1b
xmodeldetailcollision,#hash_9256c0d0f756bf1b
xmodeldetailcollision,#hash_f71dd3d0e791824b
physicsasset,#cardboard_box_damaged_01
xmodeldetailcollision,#cardboard_box_damaged_01
physicsasset,#hash_f8f323a6bad0da5d
xmodeldetailcollision,#hash_a1e7219b701997da
xmodeldetailcollision,#chair_folding_folded
physicsasset,#hash_ac864986a1c8bb6d
xmodeldetailcollision,#hash_ac864986a1c8bb6d
physicsasset,#hash_e5501bd850c9f4c2
xmodeldetailcollision,#hash_e5501bd850c9f4c2
physicsasset,#clothing_purse_02
xmodeldetailcollision,#clothing_purse_02
physicsasset,#hash_b8db9da874035a83
xmodeldetailcollision,#hash_b8db9da874035a83
physicsasset,#hash_a22b8f79e4542826
xmodeldetailcollision,#hash_a22b8e79e4542673
xmodeldetailcollision,#hash_a22b8f79e4542826
physicsasset,#hash_d9dc186550f116d5
xmodeldetailcollision,#hash_d9dc186550f116d5
physicsasset,#clothing_shirt_folded_01
xmodeldetailcollision,#clothing_shirt_folded_01
physicsasset,#clothing_wall_coat_rack_hook_02
xmodeldetailcollision,#clothing_wall_coat_rack_hook_02
physicsasset,#com_clipboard
xmodeldetailcollision,#com_clipboard
physicsasset,#com_magazine_english_stack_06
xmodeldetailcollision,#com_magazine_english_stack_06
physicsasset,#com_office_book_black_open
physicsasset,#com_paintcan
xmodeldetailcollision,#com_paintcan
physicsasset,#hash_ca8822cb9e0b0471
xmodeldetailcollision,#hash_ca8822cb9e0b0471
physicsasset,#communication_residential_telephone_01
xmodeldetailcollision,#communication_residential_telephone_01
physicsasset,#conduit_metal_outlet_switch
xmodeldetailcollision,#conduit_metal_outlet_switch
physicsasset,#construction_doors_metal_b_02_mp
xmodeldetailcollision,#construction_doors_metal_b_02_mp
physicsasset,#construction_metal_corner_caution_sml
xmodeldetailcollision,#construction_metal_corner_caution_sml
xmodeldetailcollision,#container_electrical_box_01_small
physicsasset,#container_trash_can_plastic_kitchen_01
xmodeldetailcollision,#container_trash_can_plastic_kitchen_01
physicsasset,#container_water_jug_01
xmodeldetailcollision,#container_water_jug_01
physicsasset,#hash_8672c2c867adea94
xmodeldetailcollision,#hash_8672c2c867adea94
physicsasset,#cp_town_chair_onwheels
xmodeldetailcollision,#cp_town_chair_onwheels
physicsasset,#debris_office_papers_01
xmodeldetailcollision,#debris_office_papers_01
physicsasset,#hash_cbadf759864be3cb
xmodeldetailcollision,#hash_cbadf759864be3cb
physicsasset,#hash_c70778765e347b5c
xmodeldetailcollision,#hash_c70778765e347b5c
physicsasset,#debris_stone_blocks_pile_1
physicsasset,#debris_stone_blocks_pile_2
xmodeldetailcollision,#debris_stone_blocks_pile_2_gray
physicsasset,#debris_stone_blocks_pile_corner_1
xmodeldetailcollision,#hash_8641e9f6c16ccd3d
physicsasset,#debris_stone_blocks_pile_wall_2
xmodeldetailcollision,#hash_9dbcefa57dcd6ab9
physicsasset,#decor_ashtray_cigarette_01
xmodeldetailcollision,#decor_ashtray_cigarette_01
physicsasset,#decor_barge_cover_newspaper_01
xmodeldetailcollision,#decor_barge_cover_newspaper_02
physicsasset,#decor_barrel_wood_01
xmodeldetailcollision,#decor_barrel_wood_01
physicsasset,#decor_bicycles_01
xmodeldetailcollision,#decor_bicycles_01_clean_red
physicsasset,#decor_blacksmith_tool_hammer_s_01
xmodeldetailcollision,#decor_blacksmith_tool_hammer_s_01
physicsasset,#decor_blacksmith_tool_tongs_s_01
xmodeldetailcollision,#decor_blacksmith_tool_tongs_s_01
physicsasset,#decor_blankets_01_stack_01
xmodeldetailcollision,#hash_e47d3351270e0653
physicsasset,#hash_a8970f9a9815d043
xmodeldetailcollision,#hash_e47d3551270e09b9
physicsasset,#decor_boxes_02
xmodeldetailcollision,#decor_boxes_02
physicsasset,#hash_915f471727aa98e9
xmodeldetailcollision,#hash_915f471727aa98e9
physicsasset,#hash_915f451727aa9583
xmodeldetailcollision,#hash_915f451727aa9583
physicsasset,#hash_e20547bedf8034c5
xmodeldetailcollision,#hash_e20547bedf8034c5
physicsasset,#hash_e20544bedf802fac
xmodeldetailcollision,#hash_e20544bedf802fac
physicsasset,#decor_candle_wax_01
xmodeldetailcollision,#decor_candle_wax_01
physicsasset,#decor_coir_door_mat_small
xmodeldetailcollision,#decor_coir_door_mat_small
physicsasset,#decor_curtain_hanging_01
xmodeldetailcollision,#hash_8137ecb93d957c68
physicsasset,#decor_curtains_modern_interior_half
xmodeldetailcollision,#hash_fac2e62d5237a4b4
physicsasset,#decor_curtains_modern_interior_left
xmodeldetailcollision,#hash_c74d266ee9f6b508
physicsasset,#decor_curtains_modern_interior_right
xmodeldetailcollision,#hash_a5c80686f1cec651
physicsasset,#decor_drying_rack_01_cup_01
xmodeldetailcollision,#decor_drying_rack_01_cup_01
physicsasset,#decor_drying_rack_01_plate_01
xmodeldetailcollision,#decor_drying_rack_01_plate_01
physicsasset,#decor_equipment_hand_dolly_02
xmodeldetailcollision,#decor_equipment_hand_dolly_02
physicsasset,#decor_festival_pinata_01
xmodeldetailcollision,#hash_e0bf7788d69ac52f
physicsasset,#hash_915fc8572ef6c03f
xmodeldetailcollision,#hash_d9712488d2da2926
physicsasset,#decor_festival_pinata_03
xmodeldetailcollision,#decor_festival_pinata_03
physicsasset,#decor_framed_painting_old_01
xmodeldetailcollision,#decor_framed_painting_old_01
physicsasset,#hash_da69cc704fb00642
xmodeldetailcollision,#hash_da69cc704fb00642
physicsasset,#decor_framed_painting_old_04
xmodeldetailcollision,#decor_framed_painting_old_04
physicsasset,#hash_b057a0ffc8312a64
xmodeldetailcollision,#hash_9e0582c1bf2cf8b5
physicsasset,#hash_fbfe8d93ee31b3ac
xmodeldetailcollision,#decor_hanged_clothes_01_towel_green
physicsasset,#decor_leather_travel_bag_01
xmodeldetailcollision,#decor_leather_travel_bag_01
physicsasset,#decor_medieval_ceramic_pottery_03
xmodeldetailcollision,#decor_medieval_ceramic_pottery_03
physicsasset,#hash_ac5e914ed861cc2c
xmodeldetailcollision,#hash_ac5e914ed861cc2c
physicsasset,#hash_889dcadfdff7ee2e
xmodeldetailcollision,#hash_827585407b6716d6
physicsasset,#decor_misc_props_01_bucket_metal
xmodeldetailcollision,#decor_misc_props_01_bucket_metal
physicsasset,#decor_misc_props_01_shelf_metal
xmodeldetailcollision,#decor_misc_props_01_shelf_metal
physicsasset,#decor_ornate_stone_trim_16
xmodeldetailcollision,#decor_ornate_stone_trim_white_16
physicsasset,#decor_ornate_stone_trim_24
xmodeldetailcollision,#hash_a3f298a3f1d90f4b
physicsasset,#decor_ornate_stone_trim_64
xmodeldetailcollision,#decor_ornate_stone_trim_white_64
physicsasset,#decor_ornate_stone_trim_8
xmodeldetailcollision,#hash_8dc2230e8042ef3f
physicsasset,#decor_ornate_stone_trim_corner
xmodeldetailcollision,#decor_ornate_stone_trim_white_corner
physicsasset,#decor_ornate_vent_hero_01
xmodeldetailcollision,#decor_ornate_vent_hero_01
physicsasset,#hash_b7e60cc00b8a8b28
physicsasset,#decor_painting_floral_01
xmodeldetailcollision,#decor_painting_floral_01
physicsasset,#decor_painting_floral_02
xmodeldetailcollision,#decor_painting_floral_02
physicsasset,#decor_painting_floral_03
xmodeldetailcollision,#decor_painting_floral_03
physicsasset,#decor_plastic_buckets_01_small_white
xmodeldetailcollision,#decor_plastic_buckets_01_small_white
physicsasset,#hash_f5019a8ed7275c57
xmodeldetailcollision,#hash_f5019a8ed7275c57
physicsasset,#decor_pot_plant_fancy_01_sml
xmodeldetailcollision,#decor_pot_plant_fancy_01_sml
physicsasset,#decor_potted_plant_dead_01
xmodeldetailcollision,#decor_potted_plant_dead_03
physicsasset,#decor_potted_plant_dead_01_root
physicsasset,#hash_d7a4b4fa49b224d1
physicsasset,#decor_potted_plant_dead_07_b
physicsasset,#hash_8b22bbfa66b94c76
physicsasset,#decor_religious_candle_01
xmodeldetailcollision,#decor_religious_candle_01
physicsasset,#hash_cfbcdc2d122669ed
xmodeldetailcollision,#hash_cfbcdc2d122669ed
physicsasset,#decor_religious_statue_female
physicsasset,#decor_religious_statue_horse
xmodeldetailcollision,#decor_religious_statue_horse_painted
physicsasset,#decor_shoes_01_kids
xmodeldetailcollision,#decor_shoes_01_kids
physicsasset,#decor_smuggler_notebook_01_open
xmodeldetailcollision,#decor_smuggler_notebook_01_open
physicsasset,#decor_supermart_cardboard_box_close_01_banana
xmodeldetailcollision,#decor_supermart_cardboard_box_close_01_banana
physicsasset,#decor_supermart_cardboard_box_close_01_banana_01
xmodeldetailcollision,#decor_supermart_cardboard_box_close_01_banana_01
physicsasset,#decor_trash_can_plastic_office_01
xmodeldetailcollision,#decor_trash_can_plastic_office_01
physicsasset,#decor_vintage_rug_rolled_01
xmodeldetailcollision,#decor_vintage_rug_rolled_01
physicsasset,#hash_d4226d03e29a4587
xmodeldetailcollision,#hash_d4226d03e29a4587
physicsasset,#hash_d4226e03e29a473a
xmodeldetailcollision,#hash_d4226e03e29a473a
physicsasset,#decor_wall_macrame_04
xmodeldetailcollision,#decor_wall_macrame_04
physicsasset,#hash_c2d6dfbee49aa2e0
xmodeldetailcollision,#hash_c2d6dfbee49aa2e0
physicsasset,#decor_wood_beam_end_01
xmodeldetailcollision,#decor_wood_beam_end_01
physicsasset,#decor_wood_framed_painting_white_01
xmodeldetailcollision,#decor_wood_framed_painting_white_01
physicsasset,#hash_d2d888e26c347b89
xmodeldetailcollision,#hash_d2d888e26c347b89
physicsasset,#decor_wooden_crate_01
xmodeldetailcollision,#decor_wooden_crate_01
physicsasset,#destruction_debris_plaster_concrete_edge_01
xmodeldetailcollision,#destruction_debris_plaster_concrete_edge_01
physicsasset,#destruction_debris_plaster_concrete_edge_10
xmodeldetailcollision,#destruction_debris_plaster_concrete_edge_10
physicsasset,#hash_c09e677fafe752c7
xmodeldetailcollision,#hash_c09e677fafe752c7
physicsasset,#hash_c09e687fafe7547a
xmodeldetailcollision,#hash_c09e687fafe7547a
physicsasset,#dinnerware_basket_01
xmodeldetailcollision,#dinnerware_basket_01
physicsasset,#hash_eb9185578d7b7d2b
xmodeldetailcollision,#hash_eb9185578d7b7d2b
physicsasset,#door_double_metal_wall_rusty
xmodeldetailcollision,#door_double_metal_wall_rusty
physicsasset,#door_frame_double_wood_worn_02_mp
xmodeldetailcollision,#door_frame_double_wood_worn_02_mp
physicsasset,#door_frame_metal_panel_04_painted_rusty_mp
xmodeldetailcollision,#door_frame_metal_panel_04_painted_rusty_mp_hero
physicsasset,#door_frame_single_wood_worn_02_mp
xmodeldetailcollision,#door_frame_single_wood_worn_02_mp
physicsasset,#hash_b905a7b180a94113
xmodeldetailcollision,#hash_ac65e709d39f6a37
physicsasset,#door_frame_wooden_panel_mp_01
xmodeldetailcollision,#hash_b41bd8441548a1f0
xmodeldetailcollision,#hash_b44f73b7cc193c1a
physicsasset,#hash_c87f54549b4a987d
xmodeldetailcollision,#hash_c87f54549b4a987d
physicsasset,#door_mat_coir_03
xmodeldetailcollision,#door_mat_coir_03
physicsasset,#hash_e1f213016b33fabb
xmodeldetailcollision,#door_metal_04_flat_painted_mp_lightblue
physicsasset,#door_metal_panel_03_left_mp
xmodeldetailcollision,#door_metal_panel_03_left_mp_tan
physicsasset,#door_metal_panel_04_painted_rusty_mp
xmodeldetailcollision,#door_metal_panel_04_painted_rusty_mp_hero
physicsasset,#door_metal_roller_01_closed_large_01
xmodeldetailcollision,#door_metal_roller_01_closed_large_01
physicsasset,#door_metal_roller_01_roller_large_01
xmodeldetailcollision,#hash_a8d9d6d04e827163
xmodeldetailcollision,#hash_8e39773a4a3f513a
physicsasset,#door_wood_ornate_01_blue_double_frame
xmodeldetailcollision,#door_wood_ornate_01_orange_02_double_frame
xmodeldetailcollision,#hash_ba6a5895bc2d0481
physicsasset,#hash_d9104fb34b464a22
xmodeldetailcollision,#hash_970f576c3960b35c
physicsasset,#door_wood_ornate_01_blue_double_l
xmodeldetailcollision,#door_wood_ornate_01_orange_02_double_l
physicsasset,#hash_a9809cc4d847ef29
xmodeldetailcollision,#hash_96d933eb39d85fbf
physicsasset,#door_wood_ornate_01_blue_double_r
xmodeldetailcollision,#door_wood_ornate_01_blue_double_r_white
physicsasset,#hash_9745b95b4af3f58b
xmodeldetailcollision,#hash_deff2244b91e55e6
physicsasset,#hash_ce7f1c250c0c5c22
xmodeldetailcollision,#hash_ec51164cb7e42c59
physicsasset,#hash_b68e6cb9196c3d25
xmodeldetailcollision,#hash_ce7f0e250c0c4458
physicsasset,#hash_b68e7eb9196c5bbb
xmodeldetailcollision,#hash_ce7f1c250c0c5c22
physicsasset,#door_wood_ornate_double_left_mp
xmodeldetailcollision,#door_wood_ornate_double_left_mp
physicsasset,#hash_dd560601c46fcfe1
xmodeldetailcollision,#hash_dd560601c46fcfe1
physicsasset,#door_wooden_panel_mp_01
xmodeldetailcollision,#door_wooden_panel_mp_01_white
physicsasset,#hash_a9b2e404c8d59b10
xmodeldetailcollision,#hash_f19f9fce0dbeaed7
physicsasset,#hash_900e4389ab384555
xmodeldetailcollision,#hash_ffb36ec410543223
physicsasset,#hash_bd0782509e458bfe
xmodeldetailcollision,#hash_eb4189bc99b2ffe5
physicsasset,#hash_a8d4772ca901d213
xmodeldetailcollision,#hash_cb843f46fee493e9
physicsasset,#hash_8d88026b8ab35ee9
xmodeldetailcollision,#hash_92edc576c6a2076f
physicsasset,#drainage_sewer_grate_01
xmodeldetailcollision,#drainage_sewer_grate_01
physicsasset,#ee_accessory_airport_luggage_1
xmodeldetailcollision,#hash_999dd6a264059d2e
physicsasset,#ee_accessory_airport_luggage_2
xmodeldetailcollision,#ee_accessory_airport_luggage_2
physicsasset,#ee_appliance_kitchen_industrial_stove_01_ceiling_vent
xmodeldetailcollision,#ee_appliance_kitchen_industrial_stove_01_ceiling_vent
physicsasset,#hash_f390ef2dfe2e38c1
xmodeldetailcollision,#hash_f390ef2dfe2e38c1
physicsasset,#ee_book_office_folder_01
xmodeldetailcollision,#ee_book_office_folder_01
physicsasset,#ee_book_office_folder_02_stack_lrg
xmodeldetailcollision,#ee_book_office_folder_02_stack_lrg
physicsasset,#ee_book_office_folder_pile_02
xmodeldetailcollision,#ee_book_office_folder_pile_02
physicsasset,#ee_box_plastic_closed_large
xmodeldetailcollision,#ee_box_plastic_closed_large
physicsasset,#ee_clock_wall_mounted
xmodeldetailcollision,#ee_clock_wall_mounted
physicsasset,#hash_818b854f1670186c
xmodeldetailcollision,#hash_ff6fb164635ae30b
physicsasset,#hash_fcd3c7aad38761c0
xmodeldetailcollision,#hash_c2c44a18dfb1a41d
physicsasset,#ee_construction_tool_box_metal_01
xmodeldetailcollision,#ee_construction_tool_box_metal_01
physicsasset,#hash_da954c63c5418438
xmodeldetailcollision,#hash_da954c63c5418438
physicsasset,#hash_cdadc0940cd8611a
xmodeldetailcollision,#hash_cdadc0940cd8611a
physicsasset,#hash_dbf8a4d94f4c7a62
xmodeldetailcollision,#hash_dbf8a4d94f4c7a62
physicsasset,#hash_a27a995623844009
xmodeldetailcollision,#hash_a7060848660c8e4a
physicsasset,#ee_disco_chainlink_fence_pole_lock_01
physicsasset,#ee_door_wooden_entrance_01_frame_mp
xmodeldetailcollision,#ee_door_wooden_entrance_01_frame_mp
physicsasset,#ee_door_wooden_entrance_01_mp
xmodeldetailcollision,#ee_door_wooden_entrance_01_mp
physicsasset,#ee_electrical_outlet_plate_03
xmodeldetailcollision,#ee_electrical_outlet_plate_03
physicsasset,#ee_electronics_atm_machine
xmodeldetailcollision,#un_electronics_atm_machine
physicsasset,#ee_electronics_pos_cash
xmodeldetailcollision,#ee_electronics_pos_cash
physicsasset,#ee_floor_concrete_slab_01
xmodeldetailcollision,#ee_floor_concrete_slab_01
physicsasset,#hash_b7784ead04a54237
physicsasset,#hash_e6d8cc8e1ca152b5
physicsasset,#ee_foliage_bush_hedge_low_32x16
physicsasset,#ee_food_bar_cutting_board_01
xmodeldetailcollision,#ee_food_bar_cutting_board_01
physicsasset,#ee_food_fruit_cardboard_box_01
xmodeldetailcollision,#ee_food_fruit_cardboard_box_01
physicsasset,#ee_furniture_altar_wood_table
xmodeldetailcollision,#ee_furniture_altar_wood_table
physicsasset,#hash_ab00cb42f0b9731e
xmodeldetailcollision,#hash_ab00cb42f0b9731e
physicsasset,#ee_furniture_chair_wood_lounge_pool
xmodeldetailcollision,#ee_furniture_chair_wood_lounge_pool
physicsasset,#hash_f9a4504d7a7c84bb
xmodeldetailcollision,#hash_f9a4504d7a7c84bb
physicsasset,#hash_ff3c0f74b3c6a3ad
xmodeldetailcollision,#hash_ff3c0f74b3c6a3ad
physicsasset,#hash_ff357b74b3c13c83
xmodeldetailcollision,#hash_ff357b74b3c13c83
physicsasset,#hash_ff3f8b74b3c9ac38
xmodeldetailcollision,#hash_ff3f8b74b3c9ac38
physicsasset,#hash_80e99b4488f2610e
xmodeldetailcollision,#hash_80e99b4488f2610e
physicsasset,#hash_f34a8c1d3b5d99d9
xmodeldetailcollision,#hash_f34a8c1d3b5d99d9
physicsasset,#ee_furniture_piano
xmodeldetailcollision,#ee_furniture_piano
physicsasset,#hash_fa774cddaa5c0458
xmodeldetailcollision,#hash_fa774cddaa5c0458
physicsasset,#ee_furniture_shelf_wood_short
xmodeldetailcollision,#ee_furniture_shelf_wood_short
physicsasset,#hash_8fdb724dda13f3a0
xmodeldetailcollision,#hash_8fdb724dda13f3a0
physicsasset,#ee_furniture_table_wood_round_small
xmodeldetailcollision,#ee_furniture_table_wood_round_small
physicsasset,#hash_f8d0a9cc52c2de7b
xmodeldetailcollision,#hash_f8d0a9cc52c2de7b
xmodeldetailcollision,#hash_f9d04a18ad1bc0bb
physicsasset,#ee_furniture_wall_table_01_64
xmodeldetailcollision,#ee_furniture_wall_table_01_64
xmodeldetailcollision,#hash_f9daba18ad24d390
physicsasset,#ee_furniture_wall_table_01_brace
xmodeldetailcollision,#hash_889fd35e1668982d
physicsasset,#hash_b7b65d6b468fc3dd
xmodeldetailcollision,#hash_8e65afb307c2391d
physicsasset,#ee_furniture_wall_table_01_right_end
xmodeldetailcollision,#ee_furniture_wall_table_01_right_end
physicsasset,#hash_b541bb878a1fac05
xmodeldetailcollision,#hash_b541bb878a1fac05
physicsasset,#hash_d477cd8454f59fa9
xmodeldetailcollision,#hash_d477cd8454f59fa9
xmodeldetailcollision,#hash_d477ca8454f59a90
physicsasset,#ee_garbage_bag_filled_01
xmodeldetailcollision,#ee_garbage_bag_filled_01
physicsasset,#ee_garbage_bag_filled_03
xmodeldetailcollision,#ee_garbage_bag_filled_03
physicsasset,#ee_kitchen_industrial_refrigerator_02
xmodeldetailcollision,#ee_kitchen_industrial_refrigerator_02
physicsasset,#ee_light_fixture_lamp_short_01
xmodeldetailcollision,#hash_855c257007ba89e1
physicsasset,#ee_light_fixture_lamp_tall_01
xmodeldetailcollision,#hash_c36e7dd1a8f22240
physicsasset,#ee_light_fixture_wall_mounted_02
xmodeldetailcollision,#hash_891cb7efdc030a60
physicsasset,#ee_light_fixture_wall_mounted_04
xmodeldetailcollision,#hash_f4fdfb63c429f312
physicsasset,#hash_d80be27eb04e5f5b
xmodeldetailcollision,#hash_d80be27eb04e5f5b
physicsasset,#hash_d7d62d2329f24512
xmodeldetailcollision,#hash_d7d62d2329f24512
physicsasset,#hash_819830d9d491d452
xmodeldetailcollision,#hash_b2eb92bfee2eaa5b
physicsasset,#hash_dc8f405910c3f9cf
xmodeldetailcollision,#hash_dc8f405910c3f9cf
physicsasset,#hash_96786d25fda0f4ae
xmodeldetailcollision,#hash_96786d25fda0f4ae
physicsasset,#hash_ee55c30d63a502f4
xmodeldetailcollision,#hash_a95f6c7222ca3c2d
physicsasset,#ee_mansion_int_railing_114_01
xmodeldetailcollision,#ee_mansion_int_railing_114_01
physicsasset,#ee_mansion_int_railing_33_01
xmodeldetailcollision,#ee_mansion_int_railing_33_01
physicsasset,#ee_mansion_int_railing_column_01
xmodeldetailcollision,#ee_mansion_int_railing_column_01
physicsasset,#hash_bfbc7034d2ff2f97
xmodeldetailcollision,#hash_80ef7d01a94175f8
xmodeldetailcollision,#hash_80ef8001a9417b11
physicsasset,#ee_mat_rubber_01
xmodeldetailcollision,#ee_mat_rubber_01
physicsasset,#ee_pallet_wood_boxes_wrapped_01
xmodeldetailcollision,#hash_b31a7b11a81032cd
physicsasset,#ee_pipe_05_64
xmodeldetailcollision,#ee_pipe_05_64
physicsasset,#ee_pipe_05_elbow_01
xmodeldetailcollision,#ee_pipe_05_elbow_01
physicsasset,#ee_plumbing_pipe_support_concrete_a_05
xmodeldetailcollision,#ee_plumbing_pipe_support_concrete_a_05
physicsasset,#ee_pot_clay_small
xmodeldetailcollision,#ee_pot_clay_small
physicsasset,#ee_pot_clay_small_02
xmodeldetailcollision,#ee_pot_clay_small_02
physicsasset,#hash_bac39b0297a070a2
xmodeldetailcollision,#hash_bac39b0297a070a2
physicsasset,#hash_8ddfdec6b05c1624
xmodeldetailcollision,#hash_8ddfdec6b05c1624
physicsasset,#hash_d757406250301f1c
xmodeldetailcollision,#ee_sign_plastic_floor_janitor_generic
physicsasset,#ee_signs_industrial_220_volt
xmodeldetailcollision,#hash_bd69574b4aafddac
physicsasset,#hash_f37acb43dd27c54d
xmodeldetailcollision,#hash_8fbe75bbe0302694
physicsasset,#hash_94c71facf682efec
xmodeldetailcollision,#hash_f4b2604853f5a1ae
physicsasset,#hash_f4b2654853f5aa2d
xmodeldetailcollision,#hash_f4b2654853f5aa2d
physicsasset,#hash_f4b2594853f595c9
xmodeldetailcollision,#hash_f4b2594853f595c9
physicsasset,#hash_c49d959aa866fb7a
xmodeldetailcollision,#hash_a6203569c21d99e4
physicsasset,#hash_dcba1b4e2e06510c
xmodeldetailcollision,#hash_b439bef4d56258e2
physicsasset,#hash_b686c250162700b6
xmodeldetailcollision,#hash_b686c250162700b6
physicsasset,#hash_b85504663a64ebd1
xmodeldetailcollision,#hash_b85504663a64ebd1
physicsasset,#ee_trim_concrete_roof_16_s
xmodeldetailcollision,#ee_trim_concrete_roof_16_s
physicsasset,#ee_trim_concrete_roof_8_s
xmodeldetailcollision,#ee_trim_concrete_roof_8_s
physicsasset,#ee_trim_concrete_roof_corner_out_s
xmodeldetailcollision,#ee_trim_concrete_roof_corner_out_s
physicsasset,#ee_trim_wall_large_01_32
xmodeldetailcollision,#ee_trim_wall_large_01_32_beige
physicsasset,#ee_trim_wall_large_01_64
xmodeldetailcollision,#hash_d1e48bda115ad204
physicsasset,#ee_utility_pole_service_drop_07
xmodeldetailcollision,#ee_utility_pole_service_drop_07
xmodeldetailcollision,#hash_e4a3662b12b7e726
xmodeldetailcollision,#ee_wall_base_concrete_128
xmodeldetailcollision,#ee_wall_base_concrete_32
xmodeldetailcollision,#ee_wall_base_concrete_64
xmodeldetailcollision,#ee_wall_base_concrete_corner_90_out
physicsasset,#hash_a5e32841307f92bd
xmodeldetailcollision,#hash_a5e32841307f92bd
physicsasset,#ee_wires_stpete_cables_b_corner_64
xmodeldetailcollision,#ee_wires_stpete_cables_b_corner_64
physicsasset,#electrical_antenna_rooftop01_iw9
xmodeldetailcollision,#electrical_antenna_rooftop01_iw9
physicsasset,#electrical_box_door_rusty_wall
xmodeldetailcollision,#electrical_box_door_rusty_wall
physicsasset,#electrical_box_old_rusty
xmodeldetailcollision,#electrical_box_old_rusty
physicsasset,#electrical_box_open_wall_01
xmodeldetailcollision,#electrical_box_open_wall_01
physicsasset,#electrical_box_rusted_01
xmodeldetailcollision,#electrical_box_rusted_01
physicsasset,#electrical_conduit_1_body_end
xmodeldetailcollision,#electrical_conduit_1_body_end
physicsasset,#electrical_conduit_1_body_joint_c
xmodeldetailcollision,#electrical_conduit_1_body_joint_c
physicsasset,#electrical_conduit_1_body_joint_t
xmodeldetailcollision,#electrical_conduit_1_body_joint_t
physicsasset,#hash_e7e8716dabe52867
xmodeldetailcollision,#hash_e7e8716dabe52867
physicsasset,#electrical_conduit_1_elbow90_short
xmodeldetailcollision,#electrical_conduit_1_elbow90_short
physicsasset,#electrical_conduit_1_straight_128
xmodeldetailcollision,#electrical_conduit_1_straight_128
physicsasset,#electrical_conduit_1_straight_16
xmodeldetailcollision,#electrical_conduit_1_straight_16
physicsasset,#electrical_conduit_1_straight_32
xmodeldetailcollision,#electrical_conduit_1_straight_32
physicsasset,#electrical_conduit_1_straight_64
xmodeldetailcollision,#electrical_conduit_1_straight_64
physicsasset,#hash_f4d49f907f0a129f
xmodeldetailcollision,#hash_f4d49f907f0a129f
physicsasset,#electrical_conduit_1_union
xmodeldetailcollision,#electrical_conduit_1_union
physicsasset,#hash_bc24e4560095b899
xmodeldetailcollision,#hash_bc24e4560095b899
physicsasset,#hash_c7e00564502cb59f
xmodeldetailcollision,#hash_c7e00564502cb59f
physicsasset,#hash_f6f86a055838fb47
xmodeldetailcollision,#hash_f6f86a055838fb47
physicsasset,#electrical_conduit_2_straight_32
xmodeldetailcollision,#electrical_conduit_2_straight_32
physicsasset,#hash_8d0f9dc92df2de76
xmodeldetailcollision,#hash_8d0f9dc92df2de76
physicsasset,#hash_cd35bc225afe6a18
xmodeldetailcollision,#hash_cd35bc225afe6a18
physicsasset,#electrical_conduit_2_strap_sml
xmodeldetailcollision,#electrical_conduit_2_strap_sml
physicsasset,#electrical_conduit_plastic_box_01
xmodeldetailcollision,#electrical_conduit_plastic_box_01
physicsasset,#electrical_conduit_plastic_box_02
xmodeldetailcollision,#electrical_conduit_plastic_box_02
physicsasset,#electrical_conduit_plastic_box_03
xmodeldetailcollision,#electrical_conduit_plastic_box_03
physicsasset,#electrical_conduit_set_electrical_box_02
xmodeldetailcollision,#electrical_conduit_set_electrical_box_02
physicsasset,#electrical_conduit_set_electrical_box_03
xmodeldetailcollision,#electrical_conduit_set_electrical_box_03
physicsasset,#electrical_conduit_set_electrical_box_04
xmodeldetailcollision,#electrical_conduit_set_electrical_box_04
physicsasset,#electrical_conduit_set_electrical_box_05
xmodeldetailcollision,#electrical_conduit_set_electrical_box_05
physicsasset,#electrical_conduit_set_electrical_meter_large_02
xmodeldetailcollision,#electrical_conduit_set_electrical_meter_large_02
physicsasset,#hash_9982baf338a56b67
xmodeldetailcollision,#hash_9982baf338a56b67
physicsasset,#electrical_light_switch_01
xmodeldetailcollision,#electrical_light_switch_01
physicsasset,#hash_fbf7cb9e478a66e0
xmodeldetailcollision,#hash_e9def18700b423d6
xmodeldetailcollision,#hash_fbf7cb9e478a66e0
physicsasset,#electrical_security_alarm_wall_mounted
xmodeldetailcollision,#electrical_security_alarm_wall_mounted
physicsasset,#electrical_wires_jumbled_03_outercorner
xmodeldetailcollision,#electrical_wires_jumbled_03_outercorner
physicsasset,#hash_e8240bc8ecece59b
xmodeldetailcollision,#hash_e8240bc8ecece59b
physicsasset,#hash_cceb1ec8dd27a8cb
xmodeldetailcollision,#hash_cceb1ec8dd27a8cb
physicsasset,#electrical_wires_jumbled_a_64
xmodeldetailcollision,#electrical_wires_jumbled_a_64
physicsasset,#electrical_wires_jumbled_a_96
xmodeldetailcollision,#electrical_wires_jumbled_a_96
physicsasset,#hash_c6df8eb583dfda44
xmodeldetailcollision,#hash_c6df8eb583dfda44
physicsasset,#hash_ddde19bb8ff48b68
xmodeldetailcollision,#hash_ddde19bb8ff48b68
physicsasset,#hash_839468006c1c770e
xmodeldetailcollision,#hash_839468006c1c770e
physicsasset,#hash_fc3a619f7c6c52b6
xmodeldetailcollision,#hash_fc3a619f7c6c52b6
physicsasset,#hash_fc36e19f7c69435f
xmodeldetailcollision,#hash_fc36e19f7c69435f
physicsasset,#electrical_wires_jumbled_b_96
xmodeldetailcollision,#electrical_wires_jumbled_b_96
xmodeldetailcollision,#hash_d09a89c373a28510
physicsasset,#electronics_alarm_01
xmodeldetailcollision,#electronics_alarm_01
physicsasset,#electronics_fire_alarm_bell_01_lod0
xmodeldetailcollision,#electronics_fire_alarm_bell_01_lod0
physicsasset,#electronics_fire_alarm_trigger_01_lod0
xmodeldetailcollision,#electronics_fire_alarm_trigger_01_lod0
physicsasset,#electronics_interior_speakers_02
xmodeldetailcollision,#electronics_interior_speakers_02
physicsasset,#electronics_television_wall_mount_01
xmodeldetailcollision,#electronics_television_wall_mount_01
physicsasset,#equipment_ac_unit_01
xmodeldetailcollision,#equipment_ac_unit_01
physicsasset,#hash_b58b40d99248a4dd
xmodeldetailcollision,#hash_b58b40d99248a4dd
physicsasset,#hash_b3e21eb0fd402d4d
xmodeldetailcollision,#hash_b3e21eb0fd402d4d
physicsasset,#equipment_antenna_set_01_short
xmodeldetailcollision,#equipment_antenna_set_01_short
physicsasset,#equipment_dome_surveillance_camera
xmodeldetailcollision,#equipment_dome_surveillance_camera
physicsasset,#equipment_push_broom_01
xmodeldetailcollision,#equipment_push_broom_01
physicsasset,#equipment_satellite_dish_01_lrg
xmodeldetailcollision,#equipment_satellite_dish_01_lrg
physicsasset,#equipment_satellite_dish_01_sml
xmodeldetailcollision,#equipment_satellite_dish_01_sml
physicsasset,#hash_f5cf26f15f033e60
xmodeldetailcollision,#equipment_toolbox_01_orange
physicsasset,#equipment_tv_01
xmodeldetailcollision,#equipment_tv_01
physicsasset,#fabric_pool_towel_hanging_01
xmodeldetailcollision,#fabric_pool_towel_hanging_01
physicsasset,#fabric_towel_folded_01
xmodeldetailcollision,#fabric_towel_folded_01_white
physicsasset,#hash_c52a3fb068866469
xmodeldetailcollision,#hash_c52a3fb068866469
physicsasset,#fac_metal_extinguisher_04_base
xmodeldetailcollision,#fac_metal_extinguisher_04_base
physicsasset,#hash_ce408a6ac75f75c6
xmodeldetailcollision,#hash_ce408a6ac75f75c6
physicsasset,#fence_chainlink_mid_gate_80
xmodeldetailcollision,#fence_chainlink_mid_gate_80
physicsasset,#fence_chainlink_mid_post
xmodeldetailcollision,#fence_chainlink_mid_post
physicsasset,#floor_grid_metal_complex_2e_center_01
xmodeldetailcollision,#hash_e4e6c3b803b9f4d1
physicsasset,#flower_shop_planter_04
physicsasset,#flower_shop_planter_05
xmodeldetailcollision,#flower_shop_planter_05_with_plant
physicsasset,#foliage_plant_lobby_s0p5
xmodeldetailcollision,#foliage_plant_lobby_s0p5
physicsasset,#foliage_pot_plant_decorative_01_lrg
xmodeldetailcollision,#foliage_pot_plant_decorative_01_lrg
physicsasset,#foliage_pot_plant_decorative_01_med
xmodeldetailcollision,#foliage_pot_plant_decorative_01_med
physicsasset,#food_beer_can_6pack_01
xmodeldetailcollision,#food_beer_can_6pack_01
physicsasset,#food_beer_can_crushed_01
xmodeldetailcollision,#food_beer_can_crushed_01
physicsasset,#food_cans_bottles_and_jars_jar_03
xmodeldetailcollision,#food_cans_bottles_and_jars_jar_03
physicsasset,#food_trash_bottle_soda_03
xmodeldetailcollision,#food_trash_bottle_soda_03
physicsasset,#food_trash_bottle_water
xmodeldetailcollision,#food_trash_bottle_water
physicsasset,#food_trash_soda_01
xmodeldetailcollision,#food_trash_soda_01
physicsasset,#hash_8f0b3153bc131c9d
xmodeldetailcollision,#hash_8f0b3153bc131c9d
physicsasset,#hash_db33073a3e00c5e3
xmodeldetailcollision,#hash_db33073a3e00c5e3
physicsasset,#hash_c241f9358ace59da
xmodeldetailcollision,#hash_c241f9358ace59da
physicsasset,#hash_a334683d0678f37d
xmodeldetailcollision,#hash_a334683d0678f37d
physicsasset,#hash_a334653d0678ee64
xmodeldetailcollision,#hash_a334653d0678ee64
physicsasset,#furniture_cafe_chair_01
xmodeldetailcollision,#furniture_cafe_chair_01
physicsasset,#hash_a325cccb92de453b
xmodeldetailcollision,#furniture_chair_wooden_fabric_01_hero
physicsasset,#hash_d7cc28a1b74e3170
xmodeldetailcollision,#hash_d7cc28a1b74e3170
physicsasset,#furniture_dresser_commode
xmodeldetailcollision,#furniture_dresser_commode
physicsasset,#hash_fbdedaf112933511
xmodeldetailcollision,#hash_fbdedaf112933511
physicsasset,#furniture_magazine_rack_01
xmodeldetailcollision,#furniture_magazine_rack_01
physicsasset,#furniture_modern_table_01
xmodeldetailcollision,#furniture_modern_table_01
xmodeldetailcollision,#hash_e79b097e29596d55
xmodeldetailcollision,#hash_f0ba26b673682282
physicsasset,#hash_b729b78f39c26c3e
xmodeldetailcollision,#furniture_painting_frame_03_brown_03
xmodeldetailcollision,#furniture_painting_frame_03_brown_04
physicsasset,#furniture_painting_frame_05_brown_large
xmodeldetailcollision,#furniture_painting_frame_05_brown_large
physicsasset,#hash_ba54154061374d39
xmodeldetailcollision,#hash_ba54154061374d39
physicsasset,#furniture_rug_01_flat_02
xmodeldetailcollision,#hash_d54cc5ca922c879e
physicsasset,#furniture_stool_01
xmodeldetailcollision,#furniture_stool_01
physicsasset,#furniture_table_folding_01_closed
xmodeldetailcollision,#furniture_table_folding_01_closed
physicsasset,#furniture_table_wooden_small_02
xmodeldetailcollision,#furniture_table_wooden_small_02
physicsasset,#hash_cf94deccdc9c6b20
xmodeldetailcollision,#hash_cf94deccdc9c6b20
physicsasset,#furniture_wood_barrel_table_rustic_01
xmodeldetailcollision,#furniture_wood_barrel_table_rustic_01
physicsasset,#furniture_wood_cabinet_rustic_02
xmodeldetailcollision,#furniture_wood_cabinet_rustic_02_dark
physicsasset,#hash_af5541ff6f154f84
xmodeldetailcollision,#furniture_wood_dresser_rustic_01_dark
physicsasset,#furniture_wood_folding_chair_01
xmodeldetailcollision,#chair_folding_wood
physicsasset,#hash_f81c0d3a131edbbc
xmodeldetailcollision,#hash_ce6412afcf1d1e31
physicsasset,#furniture_wood_rustic_stool_01
xmodeldetailcollision,#furniture_wood_rustic_stool_01
physicsasset,#hash_dc3d900811cb3ef9
xmodeldetailcollision,#hash_dc3d900811cb3ef9
physicsasset,#hash_d1ba005217926a18
xmodeldetailcollision,#hash_d1ba005217926a18
physicsasset,#hash_962596f286b4bd60
xmodeldetailcollision,#hash_962596f286b4bd60
physicsasset,#glass_beer_bottle_fn_01
xmodeldetailcollision,#glass_beer_bottle_fn_01
physicsasset,#glass_broken_debris_pile_06
physicsasset,#hardware_plywood_bare_01_48
xmodeldetailcollision,#hardware_plywood_bare_01_48_dirty
physicsasset,#hardware_plywood_painted_white_01
xmodeldetailcollision,#hardware_plywood_bare_01
physicsasset,#hardware_plywood_painted_white_01_48
xmodeldetailcollision,#hardware_plywood_painted_white_01_48
physicsasset,#hash_848296e769d8a593
xmodeldetailcollision,#hash_8c6797583d21c791
xmodeldetailcollision,#instrument_guitar_01
physicsasset,#hash_cd9c7ad42b35282b
xmodeldetailcollision,#hash_cd9c7ad42b35282b
physicsasset,#kitchen_01_pan_01
xmodeldetailcollision,#kitchen_01_pan_food_01
physicsasset,#kitchen_01_pot_01
xmodeldetailcollision,#kitchen_01_pot_copper_01
physicsasset,#kitchen_appliance_toaster_oven
xmodeldetailcollision,#kitchen_appliance_toaster_oven
physicsasset,#kitchen_appliance_toaster_oven_old
xmodeldetailcollision,#kitchen_appliance_toaster_oven_old
physicsasset,#kitchen_knife_set_01
xmodeldetailcollision,#kitchen_knife_set_01
physicsasset,#kitchen_metal_sink_01
xmodeldetailcollision,#kitchen_metal_sink_01
physicsasset,#kitchen_plastic_pint_cup_01
xmodeldetailcollision,#kitchen_plastic_pint_cup_01
physicsasset,#kitchen_spice_rack
xmodeldetailcollision,#kitchen_spice_rack
physicsasset,#lag_portable_radio
xmodeldetailcollision,#lag_portable_radio
physicsasset,#hash_a7d3811701484ed4
xmodeldetailcollision,#hash_a7d3811701484ed4
xmodeldetailcollision,#hash_ab82c1532b2600ca
physicsasset,#light_interior_ceiling_round_01
xmodeldetailcollision,#hash_d89dd7bbb98dce6a
physicsasset,#light_lamp_black_01
xmodeldetailcollision,#hash_bbf6daed0a50d849
physicsasset,#hash_e91b206ce6c8a124
xmodeldetailcollision,#hash_832bec05844ed706
physicsasset,#lighting_commercial_lamp_long_01
xmodeldetailcollision,#hash_a138094077752d87
physicsasset,#hash_b3b1d46538d31286
xmodeldetailcollision,#hash_977a1dbe7f4989ea
physicsasset,#hash_b3b1d36538d310d3
xmodeldetailcollision,#hash_b3b1d36538d310d3
physicsasset,#lighting_fixtures_security_lamp_holder_01
xmodeldetailcollision,#lighting_fixtures_security_lamp_holder_01
physicsasset,#lighting_interior_fluorescent_wall_light_01_long
xmodeldetailcollision,#hash_8c5a1fbb66be318d
physicsasset,#hash_86cbd1824d976ce2
xmodeldetailcollision,#hash_86cbd1824d976ce2
physicsasset,#hash_86cbd0824d976b2f
xmodeldetailcollision,#hash_86cbd0824d976b2f
physicsasset,#lm_machinery_hvac_roof_a_01
xmodeldetailcollision,#lm_machinery_hvac_roof_a_01
physicsasset,#hash_87de5fefc0f34471
xmodeldetailcollision,#hash_87de5fefc0f34471
physicsasset,#lm_machinery_maint_ac_unit_01
xmodeldetailcollision,#lm_machinery_maint_ac_unit_01
physicsasset,#lm_street_concrete_sidewalk_128x128_01
xmodeldetailcollision,#lm_street_concrete_sidewalk_128x128_01
physicsasset,#hash_fac4deaf3aede609
xmodeldetailcollision,#hash_fac4deaf3aede609
physicsasset,#lm_street_concrete_sidewalk_16x16_01_tall
xmodeldetailcollision,#lm_street_concrete_sidewalk_16x16_01_tall
physicsasset,#lm_street_concrete_sidewalk_32x16_01
xmodeldetailcollision,#lm_street_concrete_sidewalk_32x16_01
physicsasset,#lm_street_concrete_sidewalk_64x64_01
xmodeldetailcollision,#lm_street_concrete_sidewalk_64x64_01
physicsasset,#manmade_sidewalk_concrete_01_broken_02
xmodeldetailcollision,#manmade_sidewalk_concrete_01_broken_02
physicsasset,#manmade_sidewalk_concrete_01_broken_04
xmodeldetailcollision,#manmade_sidewalk_concrete_01_broken_04
physicsasset,#manmade_sidewalk_concrete_01_broken_05
xmodeldetailcollision,#manmade_sidewalk_concrete_01_broken_05
physicsasset,#manmade_sidewalk_concrete_01_broken_06
xmodeldetailcollision,#manmade_sidewalk_concrete_01_broken_06
physicsasset,#me_construction_plank_bridge_a_08
xmodeldetailcollision,#me_construction_plank_bridge_a_08
physicsasset,#me_construction_plank_bridge_a_17
xmodeldetailcollision,#me_construction_plank_bridge_a_17
physicsasset,#me_curb_trash_01
xmodeldetailcollision,#me_curb_trash_01
physicsasset,#me_curb_trash_02
xmodeldetailcollision,#me_curb_trash_02
physicsasset,#hash_9427a570dc934ce8
xmodeldetailcollision,#hash_9427a570dc934ce8
physicsasset,#me_decor_leather_bag_hanging_07
xmodeldetailcollision,#me_decor_leather_bag_hanging_07
physicsasset,#hash_dee6540d34131d7c
xmodeldetailcollision,#hash_dee6540d34131d7c
physicsasset,#me_door_shop_left_01_mp
xmodeldetailcollision,#me_door_shop_left_01_mp
physicsasset,#me_door_shop_right_01_mp
xmodeldetailcollision,#me_door_shop_right_01_mp
physicsasset,#me_door_shop_single_frame_01_mp
xmodeldetailcollision,#me_door_shop_single_frame_01_mp
physicsasset,#me_electrical_box_small_01
xmodeldetailcollision,#me_electrical_box_small_01
physicsasset,#hash_c45187f047214960
xmodeldetailcollision,#hash_c45187f047214960
physicsasset,#me_fabric_highway_rooftop_tarp_02
xmodeldetailcollision,#me_fabric_highway_rooftop_tarp_02
physicsasset,#hash_b42e7ebc0a5c6e18
xmodeldetailcollision,#hash_b42e7ebc0a5c6e18
physicsasset,#me_garbage_cardboard_flat_01
xmodeldetailcollision,#me_garbage_cardboard_flat_01
physicsasset,#me_garbage_pile_01
xmodeldetailcollision,#me_littered_clothes_01
physicsasset,#me_garbage_pile_03
xmodeldetailcollision,#me_garbage_pile_03
physicsasset,#me_gate_oldtown_parapet_128
xmodeldetailcollision,#me_gate_oldtown_parapet_128
physicsasset,#me_gate_oldtown_parapet_16
xmodeldetailcollision,#me_gate_oldtown_parapet_16
physicsasset,#me_gate_oldtown_parapet_256
xmodeldetailcollision,#me_gate_oldtown_parapet_256
physicsasset,#me_gate_oldtown_parapet_32
xmodeldetailcollision,#me_gate_oldtown_parapet_32
physicsasset,#me_gate_oldtown_parapet_64
xmodeldetailcollision,#me_gate_oldtown_parapet_64
physicsasset,#me_gate_oldtown_parapet_8
xmodeldetailcollision,#me_gate_oldtown_parapet_8
physicsasset,#me_gate_oldtown_parapet_endcap
xmodeldetailcollision,#me_gate_oldtown_parapet_endcap
physicsasset,#me_hardware_plywood_bare_a
xmodeldetailcollision,#me_hardware_plywood_bare_a
physicsasset,#hash_ba91f6ec43c7275c
xmodeldetailcollision,#hash_ba91f6ec43c7275c
physicsasset,#hash_d55c5d36a4408a53
xmodeldetailcollision,#hash_d55c5d36a4408a53
physicsasset,#me_kitchen_coffee_bag_04
xmodeldetailcollision,#me_kitchen_coffee_bag_04
physicsasset,#me_kitchen_tea_cup_01_pot_single
xmodeldetailcollision,#me_kitchen_tea_cup_01_pot_single
xmodeldetailcollision,#hash_e8fd35f1cbb6c721
xmodeldetailcollision,#me_litter_pile_01
physicsasset,#me_litter_pile_02
xmodeldetailcollision,#me_litter_pile_02
physicsasset,#me_litter_pile_05
xmodeldetailcollision,#me_litter_pile_05
physicsasset,#me_manhole_cover_02
xmodeldetailcollision,#me_manhole_cover_02
xmodeldetailcollision,#hash_b37035987ffc6a83
xmodeldetailcollision,#hash_fe5a0de370b20032
xmodeldetailcollision,#hash_fe5a1ee370b21d15
physicsasset,#me_plaster_barrier_fence_wall_ornate_cap_01
xmodeldetailcollision,#me_plaster_barrier_fence_wall_ornate_cap_01
physicsasset,#me_plaster_barrier_fence_wall_ornate_cap_16
xmodeldetailcollision,#me_plaster_barrier_fence_wall_ornate_cap_16
physicsasset,#hash_80921ec7fd669082
xmodeldetailcollision,#hash_80921ec7fd669082
physicsasset,#me_plaster_barrier_fence_wall_ornate_cap_32
xmodeldetailcollision,#me_plaster_barrier_fence_wall_ornate_cap_32
physicsasset,#me_plaster_barrier_fence_wall_ornate_cap_8
xmodeldetailcollision,#me_plaster_barrier_fence_wall_ornate_cap_8
physicsasset,#me_plaster_barrier_fence_wall_ornate_cap_corner_01
xmodeldetailcollision,#me_plaster_barrier_fence_wall_ornate_cap_corner_01
physicsasset,#hash_ed6a7638fdbc4083
xmodeldetailcollision,#hash_ed6a7638fdbc4083
physicsasset,#hash_835cc24fcfc83412
xmodeldetailcollision,#hash_c53392858b5c80af
physicsasset,#me_sign_office_cctv_01
xmodeldetailcollision,#me_sign_office_cctv_01
physicsasset,#me_sign_office_danger_01
xmodeldetailcollision,#me_sign_office_danger_01
physicsasset,#me_sign_office_employeeonly_01
xmodeldetailcollision,#me_sign_office_employeeonly_01
physicsasset,#hash_fa85fcdc55cd5352
xmodeldetailcollision,#hash_fa85fcdc55cd5352
physicsasset,#hash_8d2f6e2a9068d57a
xmodeldetailcollision,#hash_8d2f6e2a9068d57a
physicsasset,#hash_a73b0c06ae9459ff
xmodeldetailcollision,#hash_a73b0c06ae9459ff
physicsasset,#hash_baff7fa56ca14d4a
xmodeldetailcollision,#hash_baff7fa56ca14d4a
physicsasset,#me_trim_stone_01_128
xmodeldetailcollision,#me_trim_stone_01_128
physicsasset,#hash_dc55a9bf8957a22a
xmodeldetailcollision,#hash_dc55a9bf8957a22a
physicsasset,#hash_bd350e765feb8851
xmodeldetailcollision,#hash_bd350e765feb8851
physicsasset,#hash_dc592dbf895ab84d
xmodeldetailcollision,#hash_dc592dbf895ab84d
physicsasset,#me_trim_stone_01_64
xmodeldetailcollision,#me_trim_stone_01_64
physicsasset,#hash_abd9030bb714c4f2
xmodeldetailcollision,#hash_dc17bf1d8a18736a
xmodeldetailcollision,#me_wall_red_village_plaster_adobe_corner_32_01
physicsasset,#hash_97b8d7fe85f34abb
xmodeldetailcollision,#hash_b76804ae5a42c564
physicsasset,#hash_8321680bc416a043
xmodeldetailcollision,#hash_f33dd504b1a0e55f
physicsasset,#misc_keyboard_black_01
xmodeldetailcollision,#misc_keyboard_black_01
physicsasset,#hash_c10ef781c2d32c50
xmodeldetailcollision,#hash_c10ef781c2d32c50
physicsasset,#hash_c1048b81c2ca2047
xmodeldetailcollision,#hash_c1048b81c2ca2047
physicsasset,#hash_ae5282928395a837
xmodeldetailcollision,#hash_ae5282928395a837
physicsasset,#hash_8092063b3ad084a7
xmodeldetailcollision,#hash_8092063b3ad084a7
physicsasset,#hash_9c54aca31b5e0fca
xmodeldetailcollision,#hash_9c54aca31b5e0fca
physicsasset,#hash_e6bea69d69c5176d
xmodeldetailcollision,#hash_e6bea49d69c51407
physicsasset,#mx_decor_angel_doll_01
xmodeldetailcollision,#mx_decor_angel_doll_01
physicsasset,#mx_decor_cat_ceramic_01
xmodeldetailcollision,#mx_decor_cat_ceramic_01
physicsasset,#mx_decor_ceramic_baseboard_trim_01_16
xmodeldetailcollision,#mx_decor_ceramic_baseboard_trim_01_16
physicsasset,#mx_decor_ceramic_baseboard_trim_01_32
xmodeldetailcollision,#mx_decor_ceramic_baseboard_trim_01_32
physicsasset,#mx_decor_ceramic_baseboard_trim_01_4_corner_out
xmodeldetailcollision,#mx_decor_ceramic_baseboard_trim_01_4_corner_out
physicsasset,#mx_decor_ceramic_baseboard_trim_01_64
xmodeldetailcollision,#mx_decor_ceramic_baseboard_trim_01_64
physicsasset,#mx_decor_ceramic_baseboard_trim_01_8
xmodeldetailcollision,#mx_decor_ceramic_baseboard_trim_01_8
physicsasset,#mx_decor_ceramic_skull_01
xmodeldetailcollision,#mx_decor_ceramic_skull_01
physicsasset,#mx_decor_festival_dayofthedead_doll_03
xmodeldetailcollision,#mx_decor_festival_dayofthedead_doll_03
physicsasset,#mx_decor_figurine_woman_01
xmodeldetailcollision,#mx_decor_figurine_woman_01
physicsasset,#mx_decor_hanging_ceramic_pot_wall
xmodeldetailcollision,#mx_decor_hanging_ceramic_pot_wall
physicsasset,#mx_decor_painting_01_a
xmodeldetailcollision,#mx_decor_painting_01_a
physicsasset,#mx_decor_painting_02_a
xmodeldetailcollision,#mx_decor_painting_02_a
physicsasset,#mx_decor_painting_03_a
xmodeldetailcollision,#mx_decor_painting_03_a
physicsasset,#mx_decor_painting_04_a
xmodeldetailcollision,#mx_decor_painting_04_a
physicsasset,#mx_decor_painting_05_a
xmodeldetailcollision,#mx_decor_painting_05_a
physicsasset,#mx_door_frame_stone_08_single_mp
xmodeldetailcollision,#mx_door_frame_stone_08_single_mp
physicsasset,#hash_914b57bbd484286b
xmodeldetailcollision,#hash_feaac6f16e6b1721
physicsasset,#hash_daff4d4dfa3dc9e4
xmodeldetailcollision,#hash_daff4d4dfa3dc9e4
physicsasset,#mx_lighting_restaurant_ceiling_bar_light_01
xmodeldetailcollision,#hash_d8fbb33ecc29161b
physicsasset,#hash_be0920e0d531ea41
xmodeldetailcollision,#hash_be0920e0d531ea41
physicsasset,#mx_pillar_stone_base_01
xmodeldetailcollision,#mx_pillar_stone_base_01
physicsasset,#hash_a6ce9b0a2227cb93
xmodeldetailcollision,#hash_a6ce9b0a2227cb93
physicsasset,#mx_rock_cascade_05
xmodeldetailcollision,#mx_rock_cascade_05
physicsasset,#mx_rock_cascade_06
xmodeldetailcollision,#mx_rock_cascade_06
physicsasset,#hash_88cdf56716bbb1a2
xmodeldetailcollision,#hash_88cdf56716bbb1a2
physicsasset,#hash_9ce5fd08228977ab
xmodeldetailcollision,#hash_9ce5fd08228977ab
physicsasset,#hash_a0f9b5cee4d0c0ed
xmodeldetailcollision,#hash_a0f9b5cee4d0c0ed
physicsasset,#hash_a0f9b2cee4d0bbd4
xmodeldetailcollision,#hash_a0f9b2cee4d0bbd4
physicsasset,#hash_d723377e2797c53f
xmodeldetailcollision,#hash_d723377e2797c53f
physicsasset,#hash_cef63a16c3ad2f31
xmodeldetailcollision,#hash_cef63a16c3ad2f31
physicsasset,#hash_ba154f7c8f670969
xmodeldetailcollision,#hash_ba154f7c8f670969
physicsasset,#mx_street_concrete_base_01
xmodeldetailcollision,#mx_street_concrete_base_01
physicsasset,#mx_street_manhole_cover_03
xmodeldetailcollision,#mx_street_manhole_cover_03
physicsasset,#hash_c34228ee2aef2a02
xmodeldetailcollision,#hash_c34228ee2aef2a02
physicsasset,#hash_c337b8ee2ae6172d
xmodeldetailcollision,#hash_c337b8ee2ae6172d
xmodeldetailcollision,#hash_a3f8b7bc02016b55
physicsasset,#hash_8cd11a97750c120b
xmodeldetailcollision,#hash_de5893bdd51c2c71
physicsasset,#hash_b38bc201abd09428
xmodeldetailcollision,#hash_96ac194e55b94fe6
physicsasset,#hash_b5e70b7093fd5e5e
xmodeldetailcollision,#hash_b5e70b7093fd5e5e
xmodeldetailcollision,#hash_e5c4a5bf20a45454
physicsasset,#hash_cc1a1ec21deb2cf1
xmodeldetailcollision,#hash_c6861253bd9bcce7
physicsasset,#hash_d8187312f522a63a
xmodeldetailcollision,#hash_b54b03c0b0bec090
physicsasset,#hash_93dd46eef7bcca42
xmodeldetailcollision,#hash_93dd46eef7bcca42
physicsasset,#hash_ee450be51a3e7dee
xmodeldetailcollision,#hash_ee450be51a3e7dee
physicsasset,#hash_c2133e8a5d1ced4b
xmodeldetailcollision,#hash_c2133e8a5d1ced4b
physicsasset,#hash_f6d005a5da3fe41b
xmodeldetailcollision,#hash_ac7359ca78d74045
physicsasset,#hash_eaa9c9b871fc89d2
xmodeldetailcollision,#hash_ce96bc5284d9f3b8
physicsasset,#mx_window_frame_stone_04_double_mp
xmodeldetailcollision,#mx_window_frame_stone_04_double_mp
physicsasset,#hash_f5679f4ea4cbcee7
xmodeldetailcollision,#hash_de1bf81ac5767ab5
physicsasset,#hash_f6903c1daadd363c
xmodeldetailcollision,#hash_a97c1f150839f8b2
physicsasset,#hash_ec292a1c947e28bb
xmodeldetailcollision,#hash_ea51ed3634695967
physicsasset,#hash_ec292b1c947e2a6e
xmodeldetailcollision,#hash_a783df0fb878cfe2
physicsasset,#hash_dc147a067f88f9a5
xmodeldetailcollision,#hash_dc147a067f88f9a5
physicsasset,#p7_box_cardboard_b_closed
xmodeldetailcollision,#p7_box_cardboard_b_closed
physicsasset,#p7_box_cardboard_c_closed
xmodeldetailcollision,#p7_box_cardboard_c_closed
xmodeldetailcollision,#p7_box_cardboard_c_open01
physicsasset,#p7_box_cardboard_d_open02
xmodeldetailcollision,#p7_box_cardboard_d_open02
physicsasset,#p7_crate_wood_01_tall
xmodeldetailcollision,#p7_crate_wood_01_tall
physicsasset,#hash_c254f9b2dad99d2c
xmodeldetailcollision,#hash_fbd8d23f2e2b93d9
physicsasset,#hash_d8b7f93ee1b7dd10
xmodeldetailcollision,#hash_d8b7f93ee1b7dd10
physicsasset,#paris_potted_plant_small
xmodeldetailcollision,#paris_potted_plant_small
physicsasset,#patio_umbrella_closed_01
xmodeldetailcollision,#patio_umbrella_closed_01_lm
physicsasset,#hash_8d40289f6c8250a9
xmodeldetailcollision,#electronics_store_register_touchpad
physicsasset,#hash_ed1a222cd654a441
xmodeldetailcollision,#hash_ed1a222cd654a441
physicsasset,#hash_a51d50069ecf2635
xmodeldetailcollision,#hash_a51d50069ecf2635
physicsasset,#pipe_metal_painted_bend_90_sml_thin
xmodeldetailcollision,#hash_febb09a9b3321279
physicsasset,#pipe_metal_painted_straight_16_thin
xmodeldetailcollision,#pipe_metal_painted_straight_16_thin
physicsasset,#pipe_metal_painted_straight_32_thin
xmodeldetailcollision,#pipe_metal_painted_straight_32_thin
physicsasset,#pipe_metal_painted_straight_64_thin
xmodeldetailcollision,#hash_a8578cfa36f3b02a
physicsasset,#pipe_metal_painted_support_wall_thin
xmodeldetailcollision,#pipe_metal_painted_support_wall_thin
physicsasset,#pipes_metal01
xmodeldetailcollision,#pipes_metal01
physicsasset,#pipes_metal02
xmodeldetailcollision,#pipes_metal02
physicsasset,#planter_balcony
xmodeldetailcollision,#planter_balcony
physicsasset,#planter_bridge
xmodeldetailcollision,#planter_bridge
physicsasset,#hash_d586f9010f716808
xmodeldetailcollision,#hash_bcd11ff671ab6e5f
physicsasset,#hash_eb6050962bdc1140
xmodeldetailcollision,#hash_a2a338aae52fbde7
physicsasset,#railing_metal_decor_01_32
xmodeldetailcollision,#hash_985e743ec6341b15
physicsasset,#railing_metal_decor_01_post
xmodeldetailcollision,#hash_da9ce674b895b332
physicsasset,#hash_d2e22de408e192ff
xmodeldetailcollision,#hash_9a138662ca10ebd3
physicsasset,#hash_d2dbb5e408dc5b69
xmodeldetailcollision,#hash_fc19d4ac820f6dcd
physicsasset,#hash_bb60861e367bfc92
xmodeldetailcollision,#hash_d2efdd99628e0069
physicsasset,#hash_e24ce5d57c10d81f
xmodeldetailcollision,#hash_e24ce5d57c10d81f
physicsasset,#railing_neoclassical_window_metal_01_56_6
xmodeldetailcollision,#railing_neoclassical_window_metal_01_56_6
physicsasset,#railing_ornate_metal_128
xmodeldetailcollision,#railing_ornate_metal_128_black
physicsasset,#railing_ornate_metal_16
xmodeldetailcollision,#railing_ornate_metal_16_black
physicsasset,#railing_ornate_metal_24
xmodeldetailcollision,#railing_ornate_metal_24_black
physicsasset,#railing_ornate_metal_40
xmodeldetailcollision,#railing_ornate_metal_40
physicsasset,#railing_ornate_metal_64
xmodeldetailcollision,#railing_ornate_metal_64_black
physicsasset,#railing_ornate_metal_96
xmodeldetailcollision,#railing_ornate_metal_96_black
physicsasset,#residential_ceiling_fan_modern_off
xmodeldetailcollision,#hash_f35a9017adbc5c0c
physicsasset,#hash_b76c218e234503b9
xmodeldetailcollision,#hash_b76c218e234503b9
physicsasset,#hash_b76c1f8e23450053
xmodeldetailcollision,#hash_b76c1f8e23450053
physicsasset,#hash_d651e449cfc0890e
xmodeldetailcollision,#hash_d651e449cfc0890e
physicsasset,#rock_nordic_coastal_cliff_large_02_a
xmodeldetailcollision,#rock_nordic_coastal_cliff_large_02_a
physicsasset,#hash_bd31449f5933f97c
xmodeldetailcollision,#hash_8df4b1bd0de66683
physicsasset,#roof_asphalt_shingle_straight_16
xmodeldetailcollision,#hash_b703941503c02669
physicsasset,#roof_asphalt_shingle_straight_32
xmodeldetailcollision,#hash_b56bda773c1ab5f3
physicsasset,#roof_tile_ceramic_01_120by32
physicsasset,#hash_e12ad9ba5de1065f
xmodeldetailcollision,#hash_e12ad9ba5de1065f
physicsasset,#hash_ba0e2bbae2a8e898
xmodeldetailcollision,#hash_ba0e2bbae2a8e898
physicsasset,#hash_f808f5547156a9b6
xmodeldetailcollision,#hash_f808f5547156a9b6
physicsasset,#hash_ade1ee7baa91dc09
xmodeldetailcollision,#hash_ade1ee7baa91dc09
physicsasset,#hash_fd42cc4438cc237b
xmodeldetailcollision,#hash_fd42cc4438cc237b
xmodeldetailcollision,#s4_hus_potted_plant_large_05
physicsasset,#hash_885fb448d9e98836
xmodeldetailcollision,#hash_885fb448d9e98836
physicsasset,#hash_c5a3a8efbc3ab1fe
xmodeldetailcollision,#hash_8f8fa53bc856195a
physicsasset,#s4_tra_flower_vase_04
xmodeldetailcollision,#s4_tra_flower_vase_04
physicsasset,#s4_usa_ship_electrical_wall_box_switch_01
xmodeldetailcollision,#s4_usa_ship_electrical_wall_box_switch_01
physicsasset,#sandbag_wall_pieces_arrey_sp_long_01
xmodeldetailcollision,#sandbag_wall_pieces_arrey_sp_long_01
physicsasset,#sandbag_wall_pieces_endcap_mp_01
xmodeldetailcollision,#sandbag_wall_pieces_endcap_mp_01
physicsasset,#sandbag_wall_pieces_endcap_mp_02
xmodeldetailcollision,#sandbag_wall_pieces_endcap_mp_02
physicsasset,#sandbag_wall_pieces_endcap_sp_01
xmodeldetailcollision,#sandbag_wall_pieces_endcap_sp_01
physicsasset,#sandbag_wall_pieces_endcap_sp_02
xmodeldetailcollision,#sandbag_wall_pieces_endcap_sp_02
physicsasset,#school_textbooks_02
xmodeldetailcollision,#school_textbooks_02
physicsasset,#hash_bb3dc3afa735e253
xmodeldetailcollision,#hash_bb3dc3afa735e253
physicsasset,#hash_f6e84dc8f0b960af
xmodeldetailcollision,#hash_f6e84dc8f0b960af
physicsasset,#hash_8056d2a2176931ec
xmodeldetailcollision,#hash_8056d2a2176931ec
physicsasset,#hash_d808cf60df24aeae
xmodeldetailcollision,#hash_d808cf60df24aeae
physicsasset,#hash_b8c600d160ac3e10
xmodeldetailcollision,#hash_b8c600d160ac3e10
physicsasset,#hash_c7790e0323718a86
xmodeldetailcollision,#hash_c7790e0323718a86
physicsasset,#hash_c7790d03237188d3
xmodeldetailcollision,#hash_c7790d03237188d3
physicsasset,#hash_9b89ada6cf70a569
xmodeldetailcollision,#hash_9b89ada6cf70a569
physicsasset,#hash_dfd0e7e2f54b9d17
xmodeldetailcollision,#hash_dfd0e7e2f54b9d17
physicsasset,#stairs_concrete_rough_deep_32
xmodeldetailcollision,#stairs_concrete_rough_deep_32
physicsasset,#hash_dfdb5fe2f554bd84
xmodeldetailcollision,#hash_dfdb5fe2f554bd84
physicsasset,#stairs_concrete_rough_deep_64_a
xmodeldetailcollision,#stairs_concrete_rough_deep_64_a
physicsasset,#hash_8e39c99c47d96557
xmodeldetailcollision,#hash_8e39c99c47d96557
physicsasset,#hash_c6c1c057ab26bc78
xmodeldetailcollision,#hash_da1bbbddc819501b
physicsasset,#hash_a6bbfbba69dc5392
xmodeldetailcollision,#hash_dd41a07eebe7c7b1
physicsasset,#storage_cardboard_box_01
xmodeldetailcollision,#storage_cardboard_box_01
physicsasset,#storage_rack_weapon_hook_02
physicsasset,#street_bench_iron_ornate_01
xmodeldetailcollision,#street_bench_iron_ornate_01
physicsasset,#hash_ce2b9c770c11e0ed
xmodeldetailcollision,#hash_ce2b9c770c11e0ed
physicsasset,#hash_ce2b99770c11dbd4
xmodeldetailcollision,#hash_ce2b99770c11dbd4
physicsasset,#hash_f06e3982f1932671
xmodeldetailcollision,#hash_f06e3982f1932671
physicsasset,#street_metal_drain_grid_01
xmodeldetailcollision,#street_metal_drain_grid_01
physicsasset,#street_planter_concrete_med_01
xmodeldetailcollision,#street_planter_concrete_med_01
physicsasset,#hash_d9c22148f8dfd8c3
xmodeldetailcollision,#hash_d9c22148f8dfd8c3
physicsasset,#street_road_bump_01
xmodeldetailcollision,#street_road_bump_01
physicsasset,#street_road_bump_01_112
xmodeldetailcollision,#street_road_bump_01_112
physicsasset,#hash_9888e3fb640eb891
xmodeldetailcollision,#hash_9888e3fb640eb891
physicsasset,#hash_cdd14be72cdb3b67
xmodeldetailcollision,#hash_cdd14be72cdb3b67
physicsasset,#hash_955372f085adce18
xmodeldetailcollision,#hash_955372f085adce18
physicsasset,#tool_broom_wood_01
xmodeldetailcollision,#tool_broom_wood_01
physicsasset,#tool_jerry_can_01
xmodeldetailcollision,#tool_jerry_can_01
physicsasset,#tool_paint_brush_01
xmodeldetailcollision,#tool_paint_brush_01
physicsasset,#tool_watercan_01
xmodeldetailcollision,#tool_watercan_01
physicsasset,#trash_bin_airport_01
xmodeldetailcollision,#trash_bin_airport_01
physicsasset,#hash_9c2170a11e65444a
xmodeldetailcollision,#hash_9c2170a11e65444a
physicsasset,#trash_plastic_bags
xmodeldetailcollision,#hash_f6f5fb993e947238
physicsasset,#trash_plastic_bin_green_01
xmodeldetailcollision,#trash_plastic_bin_blue_01
physicsasset,#trash_rubbish_debris_01
xmodeldetailcollision,#trash_rubbish_debris_01
physicsasset,#hash_c775a17e78bcda4e
xmodeldetailcollision,#hash_c775a17e78bcda4e
physicsasset,#trash_street_debris_02
xmodeldetailcollision,#trash_street_debris_02
physicsasset,#trim_concrete_02_88
xmodeldetailcollision,#trim_concrete_02_88
physicsasset,#trim_riverbank_concrete_01_sm_128
xmodeldetailcollision,#trim_riverbank_concrete_01_sm_128
physicsasset,#trim_riverbank_concrete_01_sm_16
xmodeldetailcollision,#trim_riverbank_concrete_01_sm_16
physicsasset,#trim_riverbank_concrete_01_sm_32
xmodeldetailcollision,#trim_riverbank_concrete_01_sm_32
physicsasset,#trim_riverbank_concrete_01_sm_64
xmodeldetailcollision,#trim_riverbank_concrete_01_sm_64
physicsasset,#trim_riverbank_concrete_01_sm_corner_01
xmodeldetailcollision,#trim_riverbank_concrete_01_sm_corner_01
xmodeldetailcollision,#hash_e8f2c23ffbfecba9
xmodeldetailcollision,#hash_b4badce89b613a89
xmodeldetailcollision,#hash_b4be60e89b6450ac
xmodeldetailcollision,#hash_b4be68e89b645e44
xmodeldetailcollision,#hash_b4c4f0e89b69b10a
xmodeldetailcollision,#hash_ca967452cebf2cb5
physicsasset,#trim_wood_beam_planks_01_16
xmodeldetailcollision,#trim_wood_beam_planks_01_16
physicsasset,#trim_wood_beam_planks_02_128
xmodeldetailcollision,#trim_wood_beam_planks_02_128
physicsasset,#trim_wood_beam_planks_02_96
xmodeldetailcollision,#trim_wood_beam_planks_02_96
physicsasset,#trim_wood_beam_planks_03_128
xmodeldetailcollision,#trim_wood_beam_planks_03_128
physicsasset,#trim_wood_beam_planks_03_32
xmodeldetailcollision,#trim_wood_beam_planks_03_32
physicsasset,#trim_wood_beam_planks_03_64
xmodeldetailcollision,#trim_wood_beam_planks_03_64
physicsasset,#trim_wood_beam_planks_03_96
xmodeldetailcollision,#trim_wood_beam_planks_03_96
physicsasset,#hash_c57c515d5c77d511
xmodeldetailcollision,#hash_c57c515d5c77d511
physicsasset,#uk_appliance_microwave_02
xmodeldetailcollision,#uk_appliance_microwave_02
physicsasset,#uk_appliance_washing_machine_01
xmodeldetailcollision,#uk_appliance_washing_machine_01
physicsasset,#hash_84b2ecbdce368a7e
xmodeldetailcollision,#hash_84b2ecbdce368a7e
physicsasset,#hash_8138d9d557e419c0
xmodeldetailcollision,#hash_8138d9d557e419c0
physicsasset,#hash_808a94aaa855550c
xmodeldetailcollision,#hash_808a94aaa855550c
physicsasset,#hash_f41feebd622721ea
xmodeldetailcollision,#hash_f41feebd622721ea
physicsasset,#hash_c7ef1d945b7aff55
xmodeldetailcollision,#hash_c7ef1d945b7aff55
physicsasset,#hash_e7ed929bdc761d4b
xmodeldetailcollision,#hash_e7ed929bdc761d4b
physicsasset,#hash_fc2b943716d959d3
xmodeldetailcollision,#hash_fc2b943716d959d3
physicsasset,#uk_brick_wall_trim_02_64
xmodeldetailcollision,#uk_brick_wall_trim_02_64
physicsasset,#hash_da987c9a2cad8cd3
xmodeldetailcollision,#hash_da987c9a2cad8cd3
physicsasset,#hash_de3d982bb9a34d12
xmodeldetailcollision,#hash_de3d982bb9a34d12
physicsasset,#uk_chair_folding_01_open
xmodeldetailcollision,#hash_a82a0eb6e22ca4d5
physicsasset,#uk_clothing_sporting_goods_hat_01
xmodeldetailcollision,#uk_clothing_sporting_goods_hat_01_red
physicsasset,#uk_corkboard_garage_48x36_01_old
xmodeldetailcollision,#uk_corkboard_garage_48x36_01_old
physicsasset,#hash_e6cc54ad7d1bfe9b
xmodeldetailcollision,#hash_f2f8daf0d9ec419d
physicsasset,#hash_8405749f6b2828be
xmodeldetailcollision,#hash_8405749f6b2828be
physicsasset,#uk_decor_window_curtain_02_l
xmodeldetailcollision,#uk_decor_window_curtain_02_l_c
physicsasset,#uk_decor_window_curtain_rod_01
xmodeldetailcollision,#uk_decor_window_curtain_rod_01
xmodeldetailcollision,#hash_9cbea2368ced33f2
physicsasset,#uk_dumpster_small_green_open_01
xmodeldetailcollision,#uk_dumpster_small_green_open_01
physicsasset,#uk_fire_extinguisher_small_01
xmodeldetailcollision,#uk_fire_extinguisher_small_01
physicsasset,#uk_fire_extinguisher_small_01a
xmodeldetailcollision,#uk_fire_extinguisher_small_01a
physicsasset,#uk_foliage_plant_potted_fern_01
xmodeldetailcollision,#uk_foliage_plant_potted_yucca_01
xmodeldetailcollision,#uk_foliage_plant_potted_palm_01
physicsasset,#uk_foliage_plant_potted_fern_01_hanging
xmodeldetailcollision,#uk_foliage_plant_potted_fern_01_hanging_winter
physicsasset,#uk_foliage_plant_potted_fern_01_hanging_winter
physicsasset,#uk_foliage_plant_potted_fern_02
xmodeldetailcollision,#uk_foliage_plant_potted_fern_02
physicsasset,#uk_foliage_plant_potted_grass_01_hanging
physicsasset,#uk_foliage_plant_potted_yucca_01_hanging
physicsasset,#uk_furniture_armchair_retro_leather_01
xmodeldetailcollision,#uk_furniture_armchair_retro_leather_01
physicsasset,#uk_furniture_couch_retro_leather_01
xmodeldetailcollision,#uk_furniture_couch_retro_leather_01
physicsasset,#hash_f43c6fc3afebd035
xmodeldetailcollision,#hash_f43c6fc3afebd035
physicsasset,#hash_bf99e4a452ee7488
xmodeldetailcollision,#hash_bf99e4a452ee7488
physicsasset,#uk_garage_workbench_01
xmodeldetailcollision,#uk_garage_workbench_01
physicsasset,#uk_garage_workbench_02
xmodeldetailcollision,#uk_garage_workbench_02
physicsasset,#uk_house_baseboard_01_16_damaged_l
xmodeldetailcollision,#uk_house_baseboard_01_16_old_damaged_l
physicsasset,#hash_8cac417a50fc670c
xmodeldetailcollision,#hash_8fd0e7fa3bab42ae
physicsasset,#uk_house_chair_rail_01_4
xmodeldetailcollision,#hash_a5c140802f2f0987
xmodeldetailcollision,#uk_house_chair_rail_01_old_4_corner_out
physicsasset,#uk_house_gutter_pipe_128_01
xmodeldetailcollision,#hash_d356a4310bb8c1ae
physicsasset,#uk_house_gutter_pipe_24_01
xmodeldetailcollision,#hash_ed476d30d9932b95
physicsasset,#uk_house_gutter_pipe_32_01
xmodeldetailcollision,#hash_8a1ee029b6ec0cc8
physicsasset,#uk_house_gutter_pipe_32_end_01
xmodeldetailcollision,#hash_aa4721c227c25d02
physicsasset,#uk_house_gutter_pipe_64_01
xmodeldetailcollision,#hash_fab1fd950bc0ad79
physicsasset,#uk_house_gutter_pipe_bracket_01
xmodeldetailcollision,#uk_house_gutter_pipe_bracket_01_tin
physicsasset,#uk_house_gutter_pipe_elbow_section_03
xmodeldetailcollision,#hash_fe569f427d7f6fbe
physicsasset,#uk_house_gutter_pipe_groundspout_01
xmodeldetailcollision,#hash_c6f8a791623daac1
xmodeldetailcollision,#uk_house_molding_01_old_16_corner_in
physicsasset,#hash_af81dc8fbfb44cd5
xmodeldetailcollision,#hash_ad0c7f63bf0c9853
physicsasset,#hash_af81ce8fbfb4350b
xmodeldetailcollision,#hash_ad0c9d63bf0ccb4d
physicsasset,#hash_df805d22be99c8b9
xmodeldetailcollision,#hash_bd600b62d4113f9f
xmodeldetailcollision,#hash_eae78fac2a2e3d14
physicsasset,#hash_be025a47a6f34279
xmodeldetailcollision,#hash_be025a47a6f34279
physicsasset,#hash_f470cef442ff9310
xmodeldetailcollision,#hash_baa5ba9c7177a536
physicsasset,#hash_8e2ce1173c2ea89b
xmodeldetailcollision,#hash_8e2ce1173c2ea89b
physicsasset,#hash_854dc9dd26f94a2b
xmodeldetailcollision,#hash_854dc9dd26f94a2b
physicsasset,#hash_cc3cab25008f4077
xmodeldetailcollision,#hash_cc3cab25008f4077
physicsasset,#hash_aafddab0e1a2f77f
xmodeldetailcollision,#hash_aafddab0e1a2f77f
physicsasset,#hash_aabae2133f5d9683
xmodeldetailcollision,#hash_aabae2133f5d9683
physicsasset,#hash_f2bc2b506715cff3
xmodeldetailcollision,#hash_f2bc2b506715cff3
xmodeldetailcollision,#hash_fbfc9d6fe8bf84bb
physicsasset,#hash_d0e5fc96620dd72b
xmodeldetailcollision,#hash_d0e5fc96620dd72b
physicsasset,#hash_b63fff2499d260c6
xmodeldetailcollision,#hash_bb919353830bd9e7
physicsasset,#uk_industrial_light_02
xmodeldetailcollision,#hash_8c47eb6d1d82d642
physicsasset,#uk_janitor_mop_bucket_01
xmodeldetailcollision,#uk_janitor_mop_bucket_01
xmodeldetailcollision,#hash_e9c8ed20bbf60a6c
physicsasset,#uk_kitchen_cabinet_01_36_top
xmodeldetailcollision,#uk_kitchen_cabinet_01_36_top
physicsasset,#uk_kitchen_cabinet_01_door_btm_l
xmodeldetailcollision,#uk_kitchen_cabinet_03_door_btm_l
physicsasset,#uk_kitchen_cabinet_01_door_btm_r
xmodeldetailcollision,#uk_kitchen_cabinet_03_door_btm_r
physicsasset,#hash_f218e04cac79554e
xmodeldetailcollision,#hash_81cadb547f6a4192
physicsasset,#uk_kitchen_wood_table_01
xmodeldetailcollision,#uk_kitchen_wood_table_01
physicsasset,#uk_ladder_metal_worn_01
xmodeldetailcollision,#uk_ladder_metal_worn_01
physicsasset,#hash_e30b3284f163068d
xmodeldetailcollision,#hash_f77077e95a11dc85
physicsasset,#uk_metal_frame_warehouse_05_02
xmodeldetailcollision,#uk_metal_frame_warehouse_05_02
physicsasset,#uk_office_filebox_fakewood_01
xmodeldetailcollision,#uk_office_filebox_fakewood_01
physicsasset,#uk_office_filebox_fakewood_closed_01
xmodeldetailcollision,#uk_office_filebox_fakewood_closed_01
physicsasset,#uk_portable_radio_01
xmodeldetailcollision,#uk_portable_radio_01
physicsasset,#uk_scaffold_kit_128x64_01
xmodeldetailcollision,#uk_scaffold_kit_128x64_01
xmodeldetailcollision,#uk_scaffold_kit_boards_128_01
physicsasset,#uk_security_camera_redlight_base_01
xmodeldetailcollision,#uk_security_camera_redlight_base_01
physicsasset,#uk_security_camera_redlight_head_01
xmodeldetailcollision,#uk_security_camera_redlight_head_01
physicsasset,#hash_911df0ca5479c0ed
xmodeldetailcollision,#hash_911df0ca5479c0ed
xmodeldetailcollision,#hash_fcd4501fc71da4bd
xmodeldetailcollision,#uk_siding_metal_corrugated_01_24_corner
physicsasset,#uk_siding_metal_corrugated_01_64x40
xmodeldetailcollision,#uk_siding_metal_corrugated_01_64x40_rust_2sided
xmodeldetailcollision,#hash_ee5abe42ab742845
physicsasset,#uk_sign_construction_hardhat_06
xmodeldetailcollision,#uk_sign_construction_hardhat_06
physicsasset,#hash_a107fb41bebf2f0b
xmodeldetailcollision,#hash_a107fb41bebf2f0b
physicsasset,#uk_stairs_exterior_wood_worn_01_handrail
xmodeldetailcollision,#uk_stairs_exterior_wood_worn_01_handrail
physicsasset,#hash_be37955ccb12b3b7
xmodeldetailcollision,#hash_be37955ccb12b3b7
physicsasset,#hash_d964bce1a91523f3
xmodeldetailcollision,#hash_d964bce1a91523f3
physicsasset,#hash_cafa922cc20baee2
xmodeldetailcollision,#hash_cafa922cc20baee2
physicsasset,#hash_da365f06939be0a7
xmodeldetailcollision,#hash_da365f06939be0a7
physicsasset,#hash_ac796d1b448f3a40
xmodeldetailcollision,#hash_ac796d1b448f3a40
physicsasset,#un_foliage_bush_roses_small_01
physicsasset,#hash_9d20a2e8a10d2152
physicsasset,#hash_a7bf508d5498bb11
xmodeldetailcollision,#hash_a7bf508d5498bb11
physicsasset,#hash_fed8803fbe0ccca1
physicsasset,#hash_d48fb98c6dac16b6
xmodeldetailcollision,#hash_d48fb98c6dac16b6
physicsasset,#hash_bec7347d0e6e8f5c
xmodeldetailcollision,#hash_bec7347d0e6e8f5c
physicsasset,#un_foliage_tree_ficus_large_01
xmodeldetailcollision,#un_foliage_tree_ficus_large_01
physicsasset,#hash_ae67c1efb55b0a2e
xmodeldetailcollision,#hash_ae67c1efb55b0a2e
physicsasset,#hash_a460013afe45557b
xmodeldetailcollision,#hash_a460013afe45557b
physicsasset,#hash_836dd7761c8dac23
xmodeldetailcollision,#hash_836dd7761c8dac23
physicsasset,#hash_988d68249515be13
xmodeldetailcollision,#hash_988d68249515be13
physicsasset,#hash_8aadbdc029714d31
xmodeldetailcollision,#hash_8aadbdc029714d31
physicsasset,#hash_9cf34985ff338f1e
xmodeldetailcollision,#hash_9cf34985ff338f1e
physicsasset,#un_furniture_bench_wood_worn
xmodeldetailcollision,#un_furniture_bench_wood_worn
physicsasset,#un_industrial_wooden_pallet_01
xmodeldetailcollision,#un_industrial_wooden_pallet_01
physicsasset,#hash_9c98f5b2bd8c4cc7
xmodeldetailcollision,#hash_bc876ac5276463e6
physicsasset,#un_metal_steel_support_tubing_beam_8x4x16
xmodeldetailcollision,#hash_f0dbe5ba5c7fea77
xmodeldetailcollision,#un_metal_steel_support_tubing_beam_8x8x128_gray
xmodeldetailcollision,#un_metal_steel_support_tubing_beam_8x8x128
physicsasset,#un_office_computer_monitor_02
xmodeldetailcollision,#un_office_computer_monitor_02
physicsasset,#un_office_dual_wall_monitor_01
xmodeldetailcollision,#un_office_dual_wall_monitor_01
physicsasset,#un_office_dual_wall_monitor_01_fall
xmodeldetailcollision,#un_office_dual_wall_monitor_01_fall
physicsasset,#hash_f638f8f546ae9326
xmodeldetailcollision,#hash_f638f8f546ae9326
physicsasset,#hash_851c5c3492c9f5f0
xmodeldetailcollision,#un_office_pen_pencil_holder_01
xmodeldetailcollision,#un_office_queue_post_strap_01
physicsasset,#un_signage_flag_stand_01_usa
xmodeldetailcollision,#hash_e035eb2bd222c62c
xmodeldetailcollision,#hash_f4d38a33232c21e0
physicsasset,#hash_d1ba705319e3de7c
xmodeldetailcollision,#hash_d1ba705319e3de7c
physicsasset,#hash_b35207b9f8e4692d
xmodeldetailcollision,#hash_b35207b9f8e4692d
physicsasset,#utility_service_drop_roof_wire_01_right
xmodeldetailcollision,#utility_service_drop_roof_wire_01_right
physicsasset,#utility_street_curb_cement_rough_128_a
xmodeldetailcollision,#utility_street_curb_cement_rough_128_a_painted_yellow
xmodeldetailcollision,#utility_street_curb_cement_rough_128_a
physicsasset,#utility_street_curb_cement_rough_128_b
xmodeldetailcollision,#utility_street_curb_cement_rough_128_b
xmodeldetailcollision,#hash_deb5bf1b08352182
physicsasset,#hash_9bbec88a8fd765ca
xmodeldetailcollision,#hash_9bbec88a8fd765ca
physicsasset,#hash_da6c160c297e43a5
xmodeldetailcollision,#hash_da6c160c297e43a5
xmodeldetailcollision,#utility_street_curb_cement_rough_64_a
physicsasset,#utility_street_curb_cement_rough_64_b
xmodeldetailcollision,#utility_street_curb_cement_rough_64_b
physicsasset,#hash_c3e140f3e1806929
xmodeldetailcollision,#hash_db9e69639554e528
physicsasset,#utility_street_curb_cement_rough_corner_in_12
xmodeldetailcollision,#utility_street_curb_cement_rough_corner_in_12
physicsasset,#utility_street_curb_cement_rough_corner_rounded_20
xmodeldetailcollision,#utility_street_curb_cement_rough_corner_rounded_20
physicsasset,#hash_ed8251107a081247
xmodeldetailcollision,#hash_ed8251107a081247
physicsasset,#utility_street_telephone_booth_01
xmodeldetailcollision,#utility_street_telephone_booth_01
physicsasset,#hash_b57739b9a447b32b
xmodeldetailcollision,#hash_b57739b9a447b32b
xmodeldetailcollision,#hash_cef89c922951ae5e
physicsasset,#hash_bffde401369d4b89
xmodeldetailcollision,#hash_bffde401369d4b89
physicsasset,#veh9_ind_lnd_delivery_box_truck_static
xmodeldetailcollision,#veh9_ind_lnd_delivery_box_truck_static
physicsasset,#vent_industrial_exhaust_01
xmodeldetailcollision,#vent_industrial_exhaust_01
physicsasset,#vent_wall_rectangle_01
xmodeldetailcollision,#vent_wall_rectangle_01
physicsasset,#wall_brick_orange_trim_4_16
xmodeldetailcollision,#wall_brick_orange_trim_4_16
physicsasset,#hash_b4dcf7e439b1a67a
xmodeldetailcollision,#hash_b4dcf7e439b1a67a
physicsasset,#wall_brick_orange_trim_4_32
xmodeldetailcollision,#wall_brick_orange_trim_4_32
physicsasset,#hash_92147f357d7bf478
xmodeldetailcollision,#hash_92147f357d7bf478
physicsasset,#hash_b4c867e439a008c0
xmodeldetailcollision,#hash_b4c867e439a008c0
physicsasset,#wall_brick_orange_trim_4_8
xmodeldetailcollision,#wall_brick_orange_trim_4_8
physicsasset,#wall_brick_orange_trim_4_96
xmodeldetailcollision,#wall_brick_orange_trim_4_96
physicsasset,#hash_cd0a3988d50fbe41
xmodeldetailcollision,#hash_cd0a3988d50fbe41
physicsasset,#wall_concrete_top_rough_128
xmodeldetailcollision,#wall_concrete_top_rough_128
physicsasset,#wall_concrete_top_rough_64
xmodeldetailcollision,#wall_concrete_top_rough_64
physicsasset,#wall_concrete_top_rough_corner_outside
xmodeldetailcollision,#wall_concrete_top_rough_corner_outside
physicsasset,#hash_d430ae71f1d1d694
xmodeldetailcollision,#hash_d430ae71f1d1d694
physicsasset,#hash_bb3c0b0f1256c1aa
xmodeldetailcollision,#hash_bb3c0b0f1256c1aa
physicsasset,#hash_b214d00f0d03eaac
xmodeldetailcollision,#hash_b214d00f0d03eaac
physicsasset,#hash_f3e3e2719dbcc156
xmodeldetailcollision,#hash_f3e3e2719dbcc156
physicsasset,#watertank_ladder_72
xmodeldetailcollision,#watertank_ladder_72
physicsasset,#watertank_ladder_short_top
xmodeldetailcollision,#watertank_ladder_short_top
physicsasset,#watertank_ladder_top
xmodeldetailcollision,#watertank_ladder_top
physicsasset,#hash_d786320df79c8646
xmodeldetailcollision,#hash_d786320df79c8646
physicsasset,#hash_b63de059eda0f8c9
xmodeldetailcollision,#hash_df6191a69300df52
physicsasset,#hash_cd463541316a5dce
xmodeldetailcollision,#hash_cd463541316a5dce
physicsasset,#hash_a748525a543cfa86
xmodeldetailcollision,#hash_fd00e17d23bb4f9c
physicsasset,#hash_d55deaaeac226c61
xmodeldetailcollision,#hash_d55deaaeac226c61
physicsasset,#hash_a0e5e98014011f59
xmodeldetailcollision,#hash_a0e5e98014011f59
physicsasset,#wire_hanging_01_128x16
xmodeldetailcollision,#wire_hanging_01_128x16
physicsasset,#wires_electrical_set_hanging_01
physicsasset,#worn_cardboard_box_stack_01
xmodeldetailcollision,#me_garbage_box_cardboard_stack_01
xmodeldetailcollision,#hash_803fb0cd4730c5af
xmodeldetailcollision,#hash_84ec1a947070f948
xmodeldetailcollision,#hash_84ec1b947070fafb
xmodeldetailcollision,#ceiling_tile_office_vent_01_white
xmodeldetailcollision,#hash_8c928f786467fced
xmodeldetailcollision,#hash_8dd7c8f2afaa90b3
xmodeldetailcollision,#hash_8f18af4e5c2c5af5
xmodeldetailcollision,#hash_8fb940743850ff0e
xmodeldetailcollision,#hash_938f2c516d8c1a9e
xmodeldetailcollision,#hash_938f2e516d8c1e04
xmodeldetailcollision,#hash_938f31516d8c231d
xmodeldetailcollision,#hash_9474f22ec312d136
xmodeldetailcollision,#hash_a3a72b824310e7df
xmodeldetailcollision,#hash_ac70db2a26a167f0
xmodeldetailcollision,#hash_afdb47017a5276d5
xmodeldetailcollision,#hash_b4c9f000be98b10f
xmodeldetailcollision,#hash_ba688cb9494ec7b2
xmodeldetailcollision,#hash_bc3d788807ec120f
xmodeldetailcollision,#eu_sign_street_one_way_02
xmodeldetailcollision,#hash_c1c3e49dd2d9eb2c
xmodeldetailcollision,#hash_c1c3e69dd2d9ee92
xmodeldetailcollision,#hash_c1c3e79dd2d9f045
xmodeldetailcollision,#hash_c30286fc2d4ad8cc
xmodeldetailcollision,#hash_c5e69691f9e9c736
xmodeldetailcollision,#hash_c6a2a646289286c8
xmodeldetailcollision,#hash_c7ecbb8610b14afd
xmodeldetailcollision,#hash_ce4cbda71bbba9b6
xmodeldetailcollision,#hash_d1bb809f45bcda62
xmodeldetailcollision,#hash_d253e2b2bc26dbf1
xmodeldetailcollision,#hash_d6a00c052d6d246a
xmodeldetailcollision,#hash_d6a00d052d6d261d
xmodeldetailcollision,#hash_d99d0a6593a5a1e2
xmodeldetailcollision,#hash_dbe50227e1be2bd2
xmodeldetailcollision,#hash_e5db8e36b04edd97
xmodeldetailcollision,#hash_f09be457b46a9e2c
xmodeldetailcollision,#hash_f4869383c86b7721
xmodeldetailcollision,#un_office_paper_pile_02_dirty
collisiontile,#collisiontile_00_0402_base