type,name
edgelist,#mapedgelist_00595
physicsasset,#device_laptop_01_open_cinematic_3d
xmodeldetailcollision,#device_laptop_01_open_cinematic_3d
physicsasset,#ee_electronics_television_wall_mounted_large
xmodeldetailcollision,#hash_c13a935f96ed5c21
physicsasset,#ee_light_mounted_exterior_industrial_caged_02
xmodeldetailcollision,#ee_light_mounted_exterior_industrial_caged_02_off_wz
physicsasset,#light_ceiling_bulb_01
xmodeldetailcollision,#hash_e55c92b03dbbd046
physicsasset,#me_light_ceiling_fluorescent_tube
xmodeldetailcollision,#me_light_ceiling_fluorescent_tube_cage_prop_wz
physicsasset,#uk_electrical_box_medium_01
xmodeldetailcollision,#hash_db253840b3a82556
physicsasset,#uk_industrial_light_01
xmodeldetailcollision,#hash_dc5b1dec3a67ef93
physicsasset,#uk_storage_wall_light_01
xmodeldetailcollision,#hash_debddaac6f498174
physicsasset,#accessory_air_vent_cover_square_01
xmodeldetailcollision,#accessory_air_vent_cover_square_01
physicsasset,#accessory_ceilling_fan_vintage
xmodeldetailcollision,#hash_d74a5e71b7325633
physicsasset,#accessory_roof_water_tank_01
xmodeldetailcollision,#accessory_roof_water_tank_01
physicsasset,#accessory_security_sensor_gate_01
xmodeldetailcollision,#accessory_security_sensor_gate_01
physicsasset,#hash_d4d48226eb23ba55
xmodeldetailcollision,#hash_d4d48226eb23ba55
physicsasset,#hash_cf7e1ecf1fdbf496
xmodeldetailcollision,#hash_cf7e1ecf1fdbf496
physicsasset,#hash_aaa081c37090d521
xmodeldetailcollision,#hash_aaa081c37090d521
physicsasset,#appliance_water_heater_01
xmodeldetailcollision,#appliance_water_heater_01
physicsasset,#awning_cloth_universal_01
xmodeldetailcollision,#hash_bef32055284c5d77
physicsasset,#awning_cloth_universal_modular_flat_center
xmodeldetailcollision,#hash_dd4be39a05bf3754
physicsasset,#hash_d7e2418bbd0004b2
xmodeldetailcollision,#hash_b57b348f608bf6d3
xmodeldetailcollision,#awning_metal_collapsible_03
physicsasset,#balcony_base_concrete_01_72
xmodeldetailcollision,#balcony_base_concrete_01_72
physicsasset,#barrier_chain_link_fence_96_01_rusty
xmodeldetailcollision,#barrier_chain_link_fence_96_01_b
physicsasset,#hash_965d3803f303a00c
xmodeldetailcollision,#hash_965d3803f303a00c
physicsasset,#barrier_traffic_concrete_block_01
xmodeldetailcollision,#barrier_traffic_concrete_block_01_painted
physicsasset,#base_book_01a
xmodeldetailcollision,#base_book_01a
physicsasset,#base_book_group_01a
xmodeldetailcollision,#base_book_group_01b
physicsasset,#base_book_group_02a
xmodeldetailcollision,#base_book_group_02a
physicsasset,#base_book_group_03b
xmodeldetailcollision,#base_book_group_03b
physicsasset,#base_book_group_04a
xmodeldetailcollision,#base_book_group_04a
physicsasset,#base_book_stack_01b
xmodeldetailcollision,#base_book_stack_01b
physicsasset,#bathroom_bathtub_01_clean
xmodeldetailcollision,#bathroom_bathtub_01_clean
physicsasset,#bathroom_garbage_can_01
xmodeldetailcollision,#bathroom_garbage_can_01
physicsasset,#bathroom_garbage_can_02
xmodeldetailcollision,#bathroom_garbage_can_02
physicsasset,#bathroom_mirror_broken_01
xmodeldetailcollision,#bathroom_mirror_broken_01
physicsasset,#bathroom_portable_toilet_01
xmodeldetailcollision,#bathroom_portable_toilet_01
physicsasset,#hash_b49a7f024439e1dc
xmodeldetailcollision,#hash_b49a7f024439e1dc
physicsasset,#hash_d552d2bd9b016881
xmodeldetailcollision,#hash_d552d2bd9b016881
physicsasset,#hash_d85fb5b3050a3022
xmodeldetailcollision,#hash_d85fb5b3050a3022
physicsasset,#bathroom_sink_countertop_01
xmodeldetailcollision,#bathroom_sink_countertop_01
physicsasset,#bathroom_soap_dispenser_01
xmodeldetailcollision,#bathroom_soap_dispenser_01
physicsasset,#bathroom_toilet_01
xmodeldetailcollision,#bathroom_toilet_01
physicsasset,#bathroom_toilet_paper_holder_01
xmodeldetailcollision,#bathroom_toilet_paper_holder_01
physicsasset,#hash_978f141dcadee218
xmodeldetailcollision,#hash_978f141dcadee218
physicsasset,#bathroom_wall_shower_unit_01
xmodeldetailcollision,#bathroom_wall_shower_unit_01
physicsasset,#hash_cba17ff335e82017
xmodeldetailcollision,#hash_cba17ff335e82017
physicsasset,#hash_e29d5dfe67d90310
xmodeldetailcollision,#bin_plastic_01
physicsasset,#box_styrofoam_l_tape_01
xmodeldetailcollision,#box_styrofoam_l_tape_01
physicsasset,#box_styrofoam_m_01
xmodeldetailcollision,#box_styrofoam_m_01
physicsasset,#box_wooden_trinket_03
xmodeldetailcollision,#box_wooden_trinket_03
physicsasset,#bridge_rail_hook_01_1
xmodeldetailcollision,#bridge_rail_hook_01_1
physicsasset,#building_awning_destroyed_storefront_frame_04
xmodeldetailcollision,#building_awning_destroyed_storefront_frame_04
physicsasset,#hash_eebb1b6e0f923eed
xmodeldetailcollision,#hash_eebb1b6e0f923eed
physicsasset,#building_awning_tarp_64x32x64_03
xmodeldetailcollision,#hash_ed4701b9d6910893
physicsasset,#building_cable_post_wood_pole_20_feet
xmodeldetailcollision,#hash_b59560befeb48d8a
physicsasset,#building_corrugated_metal4x4
xmodeldetailcollision,#hash_a8e461f11c6d986f
physicsasset,#building_corrugated_metal4x8
xmodeldetailcollision,#building_corrugated_metal4x8_holes
physicsasset,#building_corrugated_metal8x2_holes
xmodeldetailcollision,#building_corrugated_metal8x2_holes
physicsasset,#hash_9296de23a45531b8
xmodeldetailcollision,#hash_9296de23a45531b8
physicsasset,#hash_948a8fe3e940ba4e
xmodeldetailcollision,#hash_948a8fe3e940ba4e
physicsasset,#building_horse_stall_wood_beam_128_01
xmodeldetailcollision,#building_horse_stall_wood_beam_128_01
physicsasset,#building_roof_lip_01_128
xmodeldetailcollision,#hash_9e28818a132e3ef1
physicsasset,#building_roof_lip_01_16
xmodeldetailcollision,#building_roof_lip_01_tan_16
physicsasset,#building_roof_lip_01_32
xmodeldetailcollision,#building_roof_lip_01_tan_32
physicsasset,#building_roof_lip_01_48
xmodeldetailcollision,#hash_b649e5df5c79c55c
physicsasset,#building_roof_lip_01_64
xmodeldetailcollision,#hash_b6505ddf5c7efcf2
physicsasset,#building_roof_lip_01_8
xmodeldetailcollision,#hash_838443ff626d317f
physicsasset,#building_roof_lip_01_corner_inside
xmodeldetailcollision,#building_roof_lip_01_blue_corner_inside
physicsasset,#building_roof_lip_01_corner_outside
xmodeldetailcollision,#hash_8851751e64b50909
physicsasset,#building_roof_lip_01_corner_top
xmodeldetailcollision,#building_roof_lip_01_tan_corner_top
physicsasset,#building_roof_lip_01_end
xmodeldetailcollision,#hash_a1ee41893c127815
physicsasset,#building_roof_lip_concrete_01_128
xmodeldetailcollision,#building_roof_lip_concrete_01_128_02
physicsasset,#building_roof_lip_concrete_01_16
xmodeldetailcollision,#building_roof_lip_concrete_01_16_02
physicsasset,#building_roof_lip_concrete_01_32
xmodeldetailcollision,#building_roof_lip_concrete_01_32_02
physicsasset,#building_roof_lip_concrete_01_64
xmodeldetailcollision,#building_roof_lip_concrete_01_64_02
physicsasset,#building_roof_lip_concrete_01_64_damaged
xmodeldetailcollision,#building_roof_lip_concrete_01_64_damaged
physicsasset,#building_roof_lip_concrete_01_corner_inside
xmodeldetailcollision,#building_roof_lip_concrete_01_corner_inside
physicsasset,#building_roof_lip_concrete_01_corner_outside
xmodeldetailcollision,#building_roof_lip_concrete_01_corner_outside
physicsasset,#building_roof_lip_concrete_01_end_01
xmodeldetailcollision,#building_roof_lip_concrete_01_end_01_02
physicsasset,#building_roof_lip_concrete_01_end_02
xmodeldetailcollision,#building_roof_lip_concrete_01_end_02
physicsasset,#hash_f74e515b1c47b25c
xmodeldetailcollision,#hash_f74e515b1c47b25c
physicsasset,#hash_a69cb071c97a56a6
xmodeldetailcollision,#hash_a69cb071c97a56a6
physicsasset,#building_support_wood_beam_05_re_size
xmodeldetailcollision,#building_support_wood_beam_05_re_size
physicsasset,#building_support_wood_beam_05_re_size_small
xmodeldetailcollision,#building_support_wood_beam_05_re_size_small
physicsasset,#building_support_wood_beam_06_re_size_01
xmodeldetailcollision,#building_support_wood_beam_06_re_size_01
physicsasset,#hash_97b6083a29f4c2c6
xmodeldetailcollision,#hash_97b6083a29f4c2c6
physicsasset,#hash_881f966f145b6b4f
xmodeldetailcollision,#hash_881f966f145b6b4f
physicsasset,#building_trim_stone_01_32
xmodeldetailcollision,#building_trim_stone_01_32
physicsasset,#building_trim_stone_01_64
xmodeldetailcollision,#building_trim_stone_01_64
physicsasset,#hash_ef8a5249a62ccf03
xmodeldetailcollision,#hash_ef8a5249a62ccf03
physicsasset,#hash_877663095425ff0a
xmodeldetailcollision,#building_wall_broken_cap_64x16_01_tan2
physicsasset,#hash_877662095425fd57
xmodeldetailcollision,#building_wall_broken_cap_64x16_02_tan2
physicsasset,#building_wall_broken_corner_24x24_04
xmodeldetailcollision,#building_wall_broken_corner_24x24_04_tan2
physicsasset,#hash_8fef7d1990aa7646
xmodeldetailcollision,#hash_f90105a1f41cca34
physicsasset,#hash_b18e7634ada6696d
xmodeldetailcollision,#hash_b18e7634ada6696d
physicsasset,#building_wall_corner_cinder_block_messy_01_128
xmodeldetailcollision,#building_wall_corner_cinder_block_messy_01_128
physicsasset,#building_windowframe_plaster_04_44_62
xmodeldetailcollision,#building_windowframe_plaster_04_44_62
physicsasset,#hash_9256c0d0f756bf1b
xmodeldetailcollision,#hash_9256c0d0f756bf1b
xmodeldetailcollision,#hash_f71dd3d0e791824b
physicsasset,#cardboard_box_damaged_01
xmodeldetailcollision,#cardboard_box_damaged_01
physicsasset,#cardboard_box_small_01
xmodeldetailcollision,#cardboard_box_small_01
physicsasset,#hash_d5c29554a5e622e2
xmodeldetailcollision,#hash_f714ca881d3c4b29
physicsasset,#ceiling_tiles_01_dirty_128_02
xmodeldetailcollision,#hash_d1ae0886ad666f1e
physicsasset,#ceiling_tiles_01_dirty_128x64_01
xmodeldetailcollision,#ceiling_tiles_01_clean_128x64_01
physicsasset,#ch_crate24x32x64
xmodeldetailcollision,#hash_d8334c6b75abf2a5
physicsasset,#ch_crate72x64
xmodeldetailcollision,#hash_c42c80400f5f58ed
xmodeldetailcollision,#chair_folding_folded
physicsasset,#cinderblock_01_02
xmodeldetailcollision,#cinderblock_01_02
physicsasset,#cinderblock_pallet_01
xmodeldetailcollision,#cinderblock_pallet_01
physicsasset,#cinderblock_wall_topper_01_16
xmodeldetailcollision,#cinderblock_wall_topper_02_16
physicsasset,#cinderblock_wall_topper_01_32
xmodeldetailcollision,#cinderblock_wall_topper_02_32
physicsasset,#hash_f05699e125935911
xmodeldetailcollision,#cinderblock_wall_topper_02_64
physicsasset,#clothing_jeans_folded_02
xmodeldetailcollision,#clothing_jeans_folded_02
physicsasset,#clothing_messy_pile_04
xmodeldetailcollision,#clothing_messy_pile_04
physicsasset,#clothing_purse_02
xmodeldetailcollision,#clothing_purse_02
physicsasset,#clothing_retail_store_hanger_blouse_02
xmodeldetailcollision,#clothing_retail_store_hanger_blouse_02
physicsasset,#clothing_retail_store_hanger_dress_02
xmodeldetailcollision,#clothing_retail_store_hanger_dress_01
physicsasset,#hash_b8db9da874035a83
xmodeldetailcollision,#hash_b8db9da874035a83
physicsasset,#hash_a22b8d79e45424c0
xmodeldetailcollision,#hash_a22b8d79e45424c0
physicsasset,#clothing_retail_store_stackpile_02
xmodeldetailcollision,#clothing_retail_store_stackpile_02
physicsasset,#clothing_shirt_folded_01
xmodeldetailcollision,#clothing_shirt_folded_01
physicsasset,#clothing_wall_coat_rack_hook_01
xmodeldetailcollision,#clothing_wall_coat_rack_hook_01
physicsasset,#clothing_wall_coat_rack_hook_02
xmodeldetailcollision,#clothing_wall_coat_rack_hook_02
physicsasset,#hash_9e69cd944ad5fe52
xmodeldetailcollision,#hash_9e69cd944ad5fe52
physicsasset,#hash_9e81f9b12389c737
xmodeldetailcollision,#hash_9e81f9b12389c737
physicsasset,#hash_ce9f8ad52aa6c2da
xmodeldetailcollision,#hash_ce9f8ad52aa6c2da
physicsasset,#com_folding_chair
xmodeldetailcollision,#com_folding_chair
physicsasset,#com_gas_pipes01
xmodeldetailcollision,#com_gas_pipes01
physicsasset,#com_gas_pipes02
xmodeldetailcollision,#com_gas_pipes02
physicsasset,#hash_c37ad8f88b547f42
xmodeldetailcollision,#hash_ecd338b974d5b97b
physicsasset,#com_magazine_english_stack_06
xmodeldetailcollision,#com_magazine_english_stack_06
physicsasset,#com_paintcan
xmodeldetailcollision,#com_paintcan
physicsasset,#com_pallet_2
xmodeldetailcollision,#com_pallet_2
physicsasset,#com_pc_monitor_a
xmodeldetailcollision,#com_pc_monitor_a
physicsasset,#com_potted_plant_small_b
xmodeldetailcollision,#com_potted_plant_small_b
physicsasset,#com_restaurantkitchentable_1
xmodeldetailcollision,#com_restaurantkitchentable_1
physicsasset,#hash_96f8ecfa7ca96ec6
xmodeldetailcollision,#hash_96f8ecfa7ca96ec6
physicsasset,#com_tv2
xmodeldetailcollision,#com_tv2
physicsasset,#communication_residential_telephone_01
xmodeldetailcollision,#communication_residential_telephone_01
physicsasset,#computer_pc_tower_01
xmodeldetailcollision,#computer_pc_tower_01
physicsasset,#hash_dfd4b04c486f52c8
xmodeldetailcollision,#hash_dfd4b04c486f52c8
physicsasset,#construction_doors_metal_frame_b_02_mp
xmodeldetailcollision,#construction_doors_metal_frame_b_02_mp
physicsasset,#construction_doors_metal_frame_b_03_mp
physicsasset,#hash_bbcce72c068dca08
xmodeldetailcollision,#door_metal_single_b_02_grey_nophysics
xmodeldetailcollision,#dyn_door_metal_single_b_01_grey
physicsasset,#construction_doors_metal_single_frame_b_01_blue
xmodeldetailcollision,#door_metal_single_frame_b_01_grey
physicsasset,#construction_generator_light_tower_01
xmodeldetailcollision,#construction_generator_light_tower_01
physicsasset,#construction_metal_corner_caution
xmodeldetailcollision,#construction_metal_corner_caution
physicsasset,#construction_window_frames_metal_double_01_white
xmodeldetailcollision,#hash_e4cc6daf422a9e81
physicsasset,#construction_window_frames_metal_single_01_white
xmodeldetailcollision,#hash_be7865298883d6a2
physicsasset,#construction_window_frames_wood_double_brown
xmodeldetailcollision,#window_frames_wood_double_brown
physicsasset,#construction_window_frames_wood_single_brown
xmodeldetailcollision,#window_frames_wood_single_white
physicsasset,#hash_dfce6e5902f68f95
xmodeldetailcollision,#hash_ce734e707f677a0b
physicsasset,#hash_9af120dcc0a634e1
xmodeldetailcollision,#container_barrel_plastic_01_closed
physicsasset,#container_dumpster_large_01_trash
xmodeldetailcollision,#container_dumpster_large_01_trash
xmodeldetailcollision,#container_electrical_box_01_small
physicsasset,#container_trash_can_plastic_kitchen_01
xmodeldetailcollision,#container_trash_can_plastic_kitchen_01
physicsasset,#container_water_industrial_caged_01
xmodeldetailcollision,#container_water_industrial_caged_01
physicsasset,#hash_e75c37a818248560
xmodeldetailcollision,#hash_dd39919c20aaa51a
physicsasset,#cp_disco_bottle_glass_liquor_02
xmodeldetailcollision,#cp_disco_bottle_glass_liquor_02
physicsasset,#cp_disco_folding_chair_folded_lod0
xmodeldetailcollision,#cp_disco_folding_chair_folded_lod0
physicsasset,#hash_9a77d3bb3b0697b5
xmodeldetailcollision,#hash_9a77d3bb3b0697b5
physicsasset,#cp_disco_monitor_speaker
xmodeldetailcollision,#cp_disco_monitor_speaker
physicsasset,#cp_disco_pizza_box_open
xmodeldetailcollision,#cp_disco_pizza_box_open
physicsasset,#hash_c56edd16896bb984
xmodeldetailcollision,#hash_c56edd16896bb984
physicsasset,#cp_disco_record_milk_crate
xmodeldetailcollision,#cp_disco_record_milk_crate
physicsasset,#cp_disco_street_lamp_pole_tall_01
xmodeldetailcollision,#cp_disco_street_lamp_pole_tall_01
physicsasset,#cp_disco_table_diner_booth_01
xmodeldetailcollision,#cp_disco_table_diner_booth_01
physicsasset,#cp_disco_wall_fan
xmodeldetailcollision,#cp_disco_wall_fan_pale
physicsasset,#cp_rave_desk_01
xmodeldetailcollision,#cp_rave_desk_01
physicsasset,#hash_8672c2c867adea94
xmodeldetailcollision,#hash_8672c2c867adea94
physicsasset,#cp_rave_magazine_single_01
xmodeldetailcollision,#cp_rave_magazine_single_03b
physicsasset,#cp_rave_magazine_stack_01
xmodeldetailcollision,#cp_rave_magazine_stack_01
physicsasset,#hash_ed11a6419c37643b
xmodeldetailcollision,#hash_ed11a6419c37643b
physicsasset,#hash_c554a4f13f9a48ed
xmodeldetailcollision,#hash_c554a4f13f9a48ed
physicsasset,#hash_e09590d856064338
xmodeldetailcollision,#hash_ef019096cb3277dc
physicsasset,#crate_plastic_01_small_green
xmodeldetailcollision,#crate_plastic_sml_01_green
physicsasset,#hash_e65b540e8d071aab
xmodeldetailcollision,#hash_e65b540e8d071aab
physicsasset,#debris_corrugated_panels_metal_flat_white_large
xmodeldetailcollision,#debris_corrugated_panels_metal_flat_white_large
physicsasset,#debris_corrugated_panels_metal_flat_white_middle
xmodeldetailcollision,#debris_corrugated_panels_metal_flat_white_middle
physicsasset,#hash_8b8271482f710302
xmodeldetailcollision,#hash_ad592d1ef98ad4a8
physicsasset,#debris_fabric_pile_04
xmodeldetailcollision,#debris_fabric_pile_04
physicsasset,#debris_junk_tire_01
xmodeldetailcollision,#debris_junk_tire_01
physicsasset,#debris_office_papers_01
xmodeldetailcollision,#debris_office_papers_01
physicsasset,#hash_ed0314af6cc47337
xmodeldetailcollision,#hash_ed0314af6cc47337
physicsasset,#debris_rebar_straight_32_01
xmodeldetailcollision,#debris_rebar_straight_32_01
physicsasset,#debris_stone_blocks_pile_1
physicsasset,#debris_stone_blocks_pile_2
xmodeldetailcollision,#debris_stone_blocks_pile_2_gray
physicsasset,#debris_trash_floating_bottle
xmodeldetailcollision,#debris_trash_floating_bottle
physicsasset,#decor_ashtray_cigarette_01
xmodeldetailcollision,#decor_ashtray_cigarette_01
physicsasset,#hash_ed793853c6626196
xmodeldetailcollision,#hash_f6a4dc4777c0e20b
physicsasset,#decor_barrel_metal_keg_01
xmodeldetailcollision,#decor_barrel_metal_keg_01
physicsasset,#decor_barrel_wood_01
xmodeldetailcollision,#decor_barrel_wood_01
physicsasset,#hash_caa00d9a56bfeb81
xmodeldetailcollision,#hash_ae382068101f7cfa
physicsasset,#decor_barrels_gameplay_water
xmodeldetailcollision,#decor_barrels_gameplay_water
physicsasset,#decor_bicycles_01
xmodeldetailcollision,#decor_bicycles_01_clean_red
physicsasset,#decor_blankets_01_stack_01
xmodeldetailcollision,#hash_e47d3351270e0653
physicsasset,#hash_a8970e9a9815ce90
xmodeldetailcollision,#hash_e47d3451270e0806
physicsasset,#hash_a8970f9a9815d043
xmodeldetailcollision,#hash_e47d3551270e09b9
physicsasset,#decor_boxes_01
xmodeldetailcollision,#decor_boxes_01
physicsasset,#decor_boxes_02
xmodeldetailcollision,#decor_boxes_02
physicsasset,#hash_ad203a95af296fe7
xmodeldetailcollision,#hash_ad203a95af296fe7
physicsasset,#hash_e20547bedf8034c5
xmodeldetailcollision,#hash_e20547bedf8034c5
physicsasset,#hash_e20544bedf802fac
xmodeldetailcollision,#hash_e20544bedf802fac
physicsasset,#hash_f397ace6233ab4d2
xmodeldetailcollision,#hash_fe2895495016927b
physicsasset,#decor_candle_wax_01
xmodeldetailcollision,#decor_candle_wax_01
physicsasset,#decor_cardboard_box_closed_01
xmodeldetailcollision,#decor_cardboard_box_closed_01
physicsasset,#hash_966dc6c4f405c97f
xmodeldetailcollision,#hash_966dc6c4f405c97f
physicsasset,#decor_coir_door_mat_small
xmodeldetailcollision,#decor_coir_door_mat_small
physicsasset,#decor_containers_01_small_blue
xmodeldetailcollision,#hash_974c5dd04f7be76c
physicsasset,#decor_curtains_modern_interior_rod_03
xmodeldetailcollision,#decor_curtains_modern_interior_rod_03
physicsasset,#decor_drying_rack_01
xmodeldetailcollision,#decor_drying_rack_01_clean
physicsasset,#decor_drying_rack_01_cup_01
xmodeldetailcollision,#decor_drying_rack_01_cup_01
physicsasset,#decor_equipment_hand_dolly_02
xmodeldetailcollision,#decor_equipment_hand_dolly_02
physicsasset,#decor_festival_pinata_01
xmodeldetailcollision,#decor_festival_pinata_01
physicsasset,#decor_festival_pinata_02
xmodeldetailcollision,#hash_d9712588d2da2ad9
physicsasset,#decor_festival_pinata_03
xmodeldetailcollision,#decor_festival_pinata_03
physicsasset,#decor_framed_painting_old_01
xmodeldetailcollision,#decor_framed_painting_old_01
physicsasset,#decor_framed_painting_old_02
xmodeldetailcollision,#decor_framed_painting_old_02
physicsasset,#decor_framed_painting_old_02_small
xmodeldetailcollision,#decor_framed_painting_old_02_small
physicsasset,#hash_da69cc704fb00642
xmodeldetailcollision,#hash_da69cc704fb00642
physicsasset,#decor_framed_painting_old_04
xmodeldetailcollision,#decor_framed_painting_old_04
physicsasset,#hash_9bbd30c87dd29e56
xmodeldetailcollision,#hash_9bbd30c87dd29e56
physicsasset,#hash_b057a0ffc8312a64
xmodeldetailcollision,#decor_hanged_clothes_01_sweater_green
physicsasset,#hash_889dcadfdff7ee2e
xmodeldetailcollision,#hash_827585407b6716d6
physicsasset,#decor_misc_props_01_shelf_metal
xmodeldetailcollision,#decor_misc_props_01_shelf_metal
physicsasset,#hash_f65e8dcdc078e1b1
xmodeldetailcollision,#hash_f65e8dcdc078e1b1
physicsasset,#decor_mx_fruit_tent_01
xmodeldetailcollision,#decor_mx_fruit_tent_01
physicsasset,#decor_ornate_stone_trim_64
xmodeldetailcollision,#decor_ornate_stone_trim_white_64
physicsasset,#decor_ornate_stone_trim_8
xmodeldetailcollision,#decor_ornate_stone_trim_8
physicsasset,#decor_painting_floral_01
xmodeldetailcollision,#decor_painting_floral_01
physicsasset,#decor_painting_floral_02
xmodeldetailcollision,#decor_painting_floral_02
physicsasset,#decor_painting_floral_03
xmodeldetailcollision,#decor_painting_floral_03
physicsasset,#hash_d310a0e74e31f790
xmodeldetailcollision,#hash_d310a0e74e31f790
physicsasset,#decor_painting_modern_b_01
xmodeldetailcollision,#decor_painting_modern_b_01
physicsasset,#hash_bcf5dc2388e47b5c
xmodeldetailcollision,#hash_bcf5dc2388e47b5c
physicsasset,#decor_plastic_buckets_01_big_white
xmodeldetailcollision,#decor_plastic_buckets_01_big_white
physicsasset,#decor_plastic_buckets_01_small_white
xmodeldetailcollision,#decor_plastic_buckets_01_small_white
physicsasset,#hash_f5019a8ed7275c57
xmodeldetailcollision,#hash_f5019a8ed7275c57
physicsasset,#decor_pot_plant_fancy_01_sml_with_flowers
xmodeldetailcollision,#decor_pot_plant_fancy_01_sml_with_flowers
physicsasset,#decor_pot_plant_fancy_01_sml_with_kale
xmodeldetailcollision,#decor_pot_plant_fancy_01_sml_with_kale
physicsasset,#hash_d7a4b4fa49b224d1
xmodeldetailcollision,#hash_dfcccafa4e2bfcf3
physicsasset,#hash_dfcccafa4e2bfcf3
physicsasset,#decor_potted_plant_dead_09_a
xmodeldetailcollision,#hash_f97ae41dbc8623f1
physicsasset,#decor_school_hanging_flower_01
xmodeldetailcollision,#decor_school_hanging_flower_01
physicsasset,#decor_shoes_01_kids
xmodeldetailcollision,#decor_shoes_01_kids
physicsasset,#hash_93131af59b097e57
xmodeldetailcollision,#hash_a044a15c4b551d35
physicsasset,#decor_shoes_01_sandals_male_brown
xmodeldetailcollision,#decor_shoes_01_sandals_male_brown
physicsasset,#decor_sign_wet_floor_01
xmodeldetailcollision,#decor_sign_wet_floor_01
physicsasset,#decor_smuggler_notebook_01_open
xmodeldetailcollision,#decor_smuggler_notebook_01_open
physicsasset,#decor_supermart_cardboard_box_close
xmodeldetailcollision,#decor_supermart_cardboard_box_close_01
physicsasset,#decor_trash_can_plastic_office_01
xmodeldetailcollision,#decor_trash_can_plastic_office_01
physicsasset,#decor_vase_01_small
xmodeldetailcollision,#decor_vase_01_small
physicsasset,#decor_wall_macrame_01
xmodeldetailcollision,#decor_wall_macrame_01
physicsasset,#hash_d4226e03e29a473a
xmodeldetailcollision,#hash_d4226e03e29a473a
physicsasset,#decor_wall_macrame_04
xmodeldetailcollision,#decor_wall_macrame_04
physicsasset,#decor_wheelbarrow_01
xmodeldetailcollision,#decor_wheelbarrow_01
physicsasset,#decor_wicker_laundry_basket_01
xmodeldetailcollision,#decor_wicker_laundry_basket_01
physicsasset,#decor_wood_framed_painting_white_01
xmodeldetailcollision,#decor_wood_framed_painting_white_01
physicsasset,#decor_wood_napkin_single
xmodeldetailcollision,#decor_wood_napkin_holder_01
physicsasset,#hash_d2d888e26c347b89
xmodeldetailcollision,#hash_d2d888e26c347b89
physicsasset,#decor_wooden_crate_01
xmodeldetailcollision,#decor_wooden_crate_01
physicsasset,#decor_wooden_tray_01
xmodeldetailcollision,#decor_wooden_tray_01
physicsasset,#hash_d1692f86062f84d0
xmodeldetailcollision,#hash_d1692f86062f84d0
physicsasset,#dinnerware_basket_01
xmodeldetailcollision,#dinnerware_basket_01
physicsasset,#dinnerware_plate_ornate_01
xmodeldetailcollision,#dinnerware_plate_ornate_01
physicsasset,#dinnerware_plate_ornate_stack_01
xmodeldetailcollision,#dinnerware_plate_ornate_stack_01
physicsasset,#hash_eb9185578d7b7d2b
xmodeldetailcollision,#hash_eb9185578d7b7d2b
physicsasset,#door_decor_metal_painted_01_frame_single_white_rl
xmodeldetailcollision,#door_decor_metal_painted_01_frame_single_white_rl
physicsasset,#door_frame_double_wooden_office_01_mp
xmodeldetailcollision,#door_frame_double_wooden_office_01_mp
physicsasset,#door_frame_glass_metal_01_double_mp
xmodeldetailcollision,#door_frame_glass_metal_01_double_mp
physicsasset,#door_frame_glass_metal_01_mp
xmodeldetailcollision,#door_frame_glass_metal_01_mp
physicsasset,#door_frame_metal_04_flat_painted_clean_mp
xmodeldetailcollision,#door_frame_metal_04_flat_painted_clean_mp_tan
physicsasset,#hash_8450ebb0661cd2b3
xmodeldetailcollision,#hash_e915b37e8cdbbcb4
physicsasset,#door_frame_metal_panel_04_painted_rusty_mp
xmodeldetailcollision,#door_frame_metal_panel_04_painted_rusty_mp_hero
physicsasset,#door_frame_single_industrial_metal_mp_01
xmodeldetailcollision,#door_frame_single_industrial_metal_mp_01
physicsasset,#door_frame_single_wood_worn_02_mp
xmodeldetailcollision,#door_frame_single_wood_worn_02_mp
physicsasset,#door_frame_wooden_hollow_02_mp
xmodeldetailcollision,#door_frame_wooden_hollow_02_mp
physicsasset,#door_frame_wooden_office_01_mp
xmodeldetailcollision,#door_frame_wooden_office_01_mp
physicsasset,#door_frame_wooden_panel_03_painted_mp
xmodeldetailcollision,#door_frame_wooden_panel_03_painted_mp
physicsasset,#door_frame_wooden_panel_mp_01
xmodeldetailcollision,#door_frame_wooden_panel_mp_01
physicsasset,#door_frame_wooden_panel_mp_double_01
xmodeldetailcollision,#hash_da5858db9f5ec508
physicsasset,#door_glass_metal_01_mp
xmodeldetailcollision,#door_glass_metal_01_mp_reinforced_glass
physicsasset,#hash_d74ee2e2174c201d
xmodeldetailcollision,#hash_d74ee2e2174c201d
physicsasset,#hash_afd0e3e1389f5613
xmodeldetailcollision,#hash_afd0e3e1389f5613
physicsasset,#hash_8776febb52c9cec8
xmodeldetailcollision,#hash_8776febb52c9cec8
physicsasset,#hash_e620d33d795c78fa
xmodeldetailcollision,#hash_e620d33d795c78fa
physicsasset,#hash_c87f54549b4a987d
xmodeldetailcollision,#hash_c87f54549b4a987d
physicsasset,#door_mechanic_metal_rollup_01
xmodeldetailcollision,#door_mechanic_metal_rollup_01
physicsasset,#hash_ba83d0ac1a2cb313
xmodeldetailcollision,#hash_ba83d0ac1a2cb313
physicsasset,#door_metal_barn_01_door_frame
xmodeldetailcollision,#door_metal_barn_01_door_frame
physicsasset,#hash_e9e71999405b6c44
xmodeldetailcollision,#hash_e9e71999405b6c44
physicsasset,#hash_f3308e2fe1413ef9
xmodeldetailcollision,#door_prison_cell_metal_mp
physicsasset,#hash_80c74c544b8276b0
xmodeldetailcollision,#hash_80c74c544b8276b0
physicsasset,#door_security_gate_single_mp_01
xmodeldetailcollision,#door_security_gate_single_mp_01_green
physicsasset,#hash_8df341d298ee16bd
xmodeldetailcollision,#hash_8df341d298ee16bd
physicsasset,#door_security_gate_single_mp_open_right
xmodeldetailcollision,#door_security_gate_single_mp_open_right
physicsasset,#hash_d37718ce0dcf677a
xmodeldetailcollision,#hash_d37718ce0dcf677a
physicsasset,#door_wood_ornate_01_blue_double_frame
xmodeldetailcollision,#hash_f7bad5eeb0d56b09
physicsasset,#door_wood_ornate_01_blue_double_l
xmodeldetailcollision,#door_wood_ornate_01_blue_double_l_white
physicsasset,#door_wood_ornate_01_blue_double_r
xmodeldetailcollision,#door_wood_ornate_01_blue_double_r_white
physicsasset,#door_wooden_hollow_clean_01_single_mp
xmodeldetailcollision,#hash_8d9a7d4bca235b81
physicsasset,#door_wooden_office_01_mp
xmodeldetailcollision,#door_wooden_office_01_mp
physicsasset,#door_wooden_panel_03_painted_left_mp
xmodeldetailcollision,#door_wooden_panel_03_painted_left_mp
physicsasset,#door_wooden_panel_mp_01
xmodeldetailcollision,#door_wooden_panel_mp_01_green
physicsasset,#drainage_manhole_cover_square
xmodeldetailcollision,#ee_drainage_curb_cover_square
physicsasset,#drainage_sewer_grate_01
xmodeldetailcollision,#drainage_sewer_grate_01
physicsasset,#duct_metal_square_elbow_right_45_end
xmodeldetailcollision,#duct_metal_square_elbow_right_45_end
physicsasset,#duct_metal_square_elbow_right_90
xmodeldetailcollision,#duct_metal_square_elbow_right_90
physicsasset,#duct_metal_square_straight_128
xmodeldetailcollision,#duct_metal_square_straight_128
physicsasset,#duct_metal_square_straight_64
xmodeldetailcollision,#duct_metal_square_straight_64
physicsasset,#duct_metal_square_vent
xmodeldetailcollision,#duct_metal_square_vent
physicsasset,#ee_accessory_airport_luggage_2
xmodeldetailcollision,#ee_accessory_airport_luggage_2
physicsasset,#ee_appliance_kitchen_industrial_stove_01
xmodeldetailcollision,#ee_appliance_kitchen_industrial_stove_01
physicsasset,#ee_appliance_kitchen_industrial_stove_01_ceiling_vent
xmodeldetailcollision,#ee_appliance_kitchen_industrial_stove_01_ceiling_vent
physicsasset,#ee_appliance_kitchen_industrial_stove_02
xmodeldetailcollision,#ee_appliance_kitchen_industrial_stove_02
physicsasset,#hash_f1f5d909d5592c74
xmodeldetailcollision,#hash_f1f5d909d5592c74
physicsasset,#hash_f390ef2dfe2e38c1
xmodeldetailcollision,#hash_e8d327885912a3bb
physicsasset,#hash_8ec5fc7367e14259
xmodeldetailcollision,#hash_8ec5fc7367e14259
physicsasset,#ee_book_office_folder_02
xmodeldetailcollision,#ee_book_office_folder_02
physicsasset,#ee_book_office_folder_02_stack_lrg
xmodeldetailcollision,#ee_book_office_folder_02_stack_lrg
physicsasset,#ee_book_office_folder_pile_01
xmodeldetailcollision,#ee_book_office_folder_pile_01
physicsasset,#ee_book_shelf_basic_tall_a
xmodeldetailcollision,#ee_book_shelf_basic_tall_a
physicsasset,#hash_83b56767b10f3655
xmodeldetailcollision,#hash_83b56767b10f3655
physicsasset,#ee_building_base_128
xmodeldetailcollision,#ee_building_base_128
physicsasset,#ee_building_base_16
xmodeldetailcollision,#ee_building_base_16
physicsasset,#hash_aacd7b4a9855dd35
xmodeldetailcollision,#hash_aacd7b4a9855dd35
physicsasset,#hash_aabc774a98476336
xmodeldetailcollision,#hash_aabc774a98476336
physicsasset,#hash_84d587becd6dbea6
xmodeldetailcollision,#hash_84d587becd6dbea6
physicsasset,#ee_building_base_corner_outside
xmodeldetailcollision,#ee_building_base_corner_outside
physicsasset,#hash_e90ba5f94751d24f
xmodeldetailcollision,#hash_e90ba5f94751d24f
physicsasset,#hash_b4eefa5ba7feb4bb
xmodeldetailcollision,#hash_b4eefa5ba7feb4bb
physicsasset,#hash_bca7daa471717f30
xmodeldetailcollision,#hash_bca7daa471717f30
physicsasset,#hash_ca30c2be3f5bd53b
xmodeldetailcollision,#hash_ca30c2be3f5bd53b
physicsasset,#hash_dc50e0581fecd12d
xmodeldetailcollision,#hash_dc50e0581fecd12d
physicsasset,#hash_dc4a4c581fe76a03
xmodeldetailcollision,#hash_dc4a4c581fe76a03
physicsasset,#hash_dc545c581fefd9b8
xmodeldetailcollision,#hash_dc545c581fefd9b8
physicsasset,#ee_cardboard_box_01
xmodeldetailcollision,#ee_cardboard_box_01
physicsasset,#ee_clock_wall_mounted_modern
xmodeldetailcollision,#ee_clock_wall_mounted_modern
physicsasset,#ee_construction_plywood_stacks_48height
xmodeldetailcollision,#ee_construction_plywood_stacks_48height
physicsasset,#ee_construction_stone_wall_a_01_wall_snow_g1
xmodeldetailcollision,#ee_construction_stone_wall_a_01_wall_snow_g1
physicsasset,#ee_construction_tool_box_metal_01
xmodeldetailcollision,#ee_construction_tool_box_metal_01
physicsasset,#hash_d73f4dd6db20b107
xmodeldetailcollision,#hash_d73f4dd6db20b107
physicsasset,#ee_decor_trainstation_window_frame_b_closed
xmodeldetailcollision,#ee_decor_trainstation_window_frame_b_closed
physicsasset,#ee_door_wooden_entrance_01_frame_double_mp
xmodeldetailcollision,#ee_door_wooden_entrance_01_frame_double_mp
physicsasset,#ee_door_wooden_entrance_01_frame_mp
xmodeldetailcollision,#ee_door_wooden_entrance_01_frame_mp
physicsasset,#ee_electronics_atm_machine
xmodeldetailcollision,#un_electronics_atm_machine
physicsasset,#ee_electronics_pos_cash
xmodeldetailcollision,#ee_electronics_pos_cash
physicsasset,#ee_electronics_supermarket_freezer_01
xmodeldetailcollision,#ee_electronics_supermarket_freezer_01
physicsasset,#hash_f5a48c0b3b8913cb
xmodeldetailcollision,#hash_f5a48c0b3b8913cb
physicsasset,#ee_electronics_television_wall_mounted_large_broken
xmodeldetailcollision,#ee_electronics_television_wall_mounted_large_broken
physicsasset,#ee_electronics_television_wall_mounted_medium
xmodeldetailcollision,#ee_electronics_television_wall_mounted_medium
physicsasset,#ee_fabric_military_tarp_hanging_floor_01
xmodeldetailcollision,#ee_fabric_military_tarp_hanging_floor_01
physicsasset,#ee_fence_street_metal_01_endcap
xmodeldetailcollision,#ee_fence_street_metal_01_endcap_white
physicsasset,#hash_d8bc62ceda35bb47
xmodeldetailcollision,#hash_d8bc62ceda35bb47
physicsasset,#hash_a859041544c15bc3
xmodeldetailcollision,#hash_a859041544c15bc3
physicsasset,#hash_a863141544c9cb78
xmodeldetailcollision,#hash_a863141544c9cb78
physicsasset,#ee_fixture_shower_head_01
xmodeldetailcollision,#ee_fixture_shower_head_01
physicsasset,#hash_9734b9cdca63a4f9
xmodeldetailcollision,#hash_9734b9cdca63a4f9
physicsasset,#hash_b7784ead04a54237
physicsasset,#hash_b7453aad0479c6a2
xmodeldetailcollision,#hash_b7453aad0479c6a2
physicsasset,#hash_e6d8cc8e1ca152b5
physicsasset,#ee_foliage_fallen_tree_trunk_large_01
xmodeldetailcollision,#ee_foliage_fallen_tree_trunk_large_01
physicsasset,#ee_food_bag_rice_01
xmodeldetailcollision,#ee_food_bag_rice_01
physicsasset,#ee_food_bag_rice_02
xmodeldetailcollision,#ee_food_bag_rice_02
physicsasset,#ee_food_bar_cutting_board_01
xmodeldetailcollision,#ee_food_bar_cutting_board_01
physicsasset,#ee_food_bread_basket_02
xmodeldetailcollision,#ee_food_bread_basket_02
physicsasset,#ee_food_bread_basket_03
xmodeldetailcollision,#ee_food_bread_basket_03
physicsasset,#ee_food_bread_basket_box_01
xmodeldetailcollision,#ee_food_bread_basket_box_01
physicsasset,#ee_food_fruit_apple_01
physicsasset,#ee_food_fruit_apple_02
xmodeldetailcollision,#ee_food_fruit_apple_02
physicsasset,#ee_food_fruit_banana_bunch
xmodeldetailcollision,#ee_food_fruit_banana_bunch
physicsasset,#ee_food_fruit_cardboard_box_01
xmodeldetailcollision,#ee_food_fruit_cardboard_box_01
physicsasset,#ee_food_fruit_pineapple_01
xmodeldetailcollision,#ee_food_fruit_pineapple_01
physicsasset,#ee_food_fruit_watermelon_01
xmodeldetailcollision,#ee_food_fruit_watermelon_01
physicsasset,#hash_c13fe85ae1c3ecbd
xmodeldetailcollision,#hash_c13fe85ae1c3ecbd
physicsasset,#hash_c13fe55ae1c3e7a4
xmodeldetailcollision,#hash_c13fe55ae1c3e7a4
physicsasset,#ee_furniture_airport_seat_standalone
xmodeldetailcollision,#ee_furniture_airport_seat_standalone
physicsasset,#ee_furniture_altar_wood_table
xmodeldetailcollision,#ee_furniture_altar_wood_table
physicsasset,#ee_furniture_bar_table
xmodeldetailcollision,#ee_furniture_bar_table
physicsasset,#ee_furniture_bed_double_01
xmodeldetailcollision,#ee_furniture_bed_double_01
physicsasset,#hash_ab00cb42f0b9731e
xmodeldetailcollision,#hash_ab00cb42f0b9731e
physicsasset,#ee_furniture_chair_desk_01
xmodeldetailcollision,#ee_furniture_chair_desk_01
physicsasset,#hash_f1ccf7e03d56183a
xmodeldetailcollision,#hash_f1ccf7e03d56183a
physicsasset,#ee_furniture_desk_conference_vintage_128
xmodeldetailcollision,#ee_furniture_desk_conference_vintage_128
physicsasset,#hash_89ea5f20704ec6c6
xmodeldetailcollision,#hash_89ea5f20704ec6c6
physicsasset,#hash_80e9974488f25a42
xmodeldetailcollision,#hash_80e9974488f25a42
physicsasset,#ee_furniture_desk_reception_section_48x16x16
xmodeldetailcollision,#ee_furniture_desk_reception_section_48x16x16
physicsasset,#ee_furniture_lounge_table
xmodeldetailcollision,#ee_furniture_lounge_table
physicsasset,#ee_furniture_military_bunk_bed_a
xmodeldetailcollision,#ee_furniture_military_bunk_bed_a
physicsasset,#hash_ef5eab942feaf180
xmodeldetailcollision,#hash_ef5eab942feaf180
physicsasset,#ee_furniture_piano
xmodeldetailcollision,#ee_furniture_piano
physicsasset,#hash_e021b19e63ecb916
xmodeldetailcollision,#hash_e021b19e63ecb916
physicsasset,#hash_fa774cddaa5c0458
xmodeldetailcollision,#hash_fa774cddaa5c0458
physicsasset,#ee_furniture_shelf_wood_short
xmodeldetailcollision,#ee_furniture_shelf_wood_short
physicsasset,#hash_8fdb724dda13f3a0
xmodeldetailcollision,#hash_8fdb724dda13f3a0
physicsasset,#hash_f8d0a9cc52c2de7b
xmodeldetailcollision,#hash_f8d0a9cc52c2de7b
physicsasset,#ee_furniture_wall_table_01_64
xmodeldetailcollision,#ee_furniture_wall_table_01_64
physicsasset,#ee_furniture_wall_table_01_brace
xmodeldetailcollision,#ee_furniture_wall_table_01_brace
physicsasset,#ee_furniture_wall_table_01_right_end
xmodeldetailcollision,#ee_furniture_wall_table_01_right_end
physicsasset,#hash_d477cd8454f59fa9
xmodeldetailcollision,#hash_bf262fdf1f992dbe
xmodeldetailcollision,#hash_d477ca8454f59a90
physicsasset,#ee_furniture_wood_spa_shelf_03
xmodeldetailcollision,#ee_furniture_wood_spa_shelf_03
physicsasset,#ee_furniture_wood_spa_shelf_04
xmodeldetailcollision,#ee_furniture_wood_spa_shelf_04
physicsasset,#hash_d477d18454f5a675
xmodeldetailcollision,#hash_d477d18454f5a675
physicsasset,#hash_9487306740abf9ab
xmodeldetailcollision,#hash_9487306740abf9ab
physicsasset,#hash_d499309a8281587f
xmodeldetailcollision,#hash_d499309a8281587f
physicsasset,#hash_9140bc0549e11171
xmodeldetailcollision,#hash_9140bc0549e11171
physicsasset,#hash_c0caf9d5e92955da
xmodeldetailcollision,#hash_c0caf9d5e92955da
physicsasset,#ee_garbage_bag_filled_01
xmodeldetailcollision,#ee_garbage_bag_filled_01
physicsasset,#ee_garbage_bag_filled_02
xmodeldetailcollision,#ee_garbage_bag_filled_02_white
physicsasset,#ee_garbage_bag_filled_03
xmodeldetailcollision,#hash_f28691d272d25c72
physicsasset,#ee_gate_iron_door_post_01
xmodeldetailcollision,#ee_gate_iron_door_post_01
physicsasset,#ee_ladder_wood_step
xmodeldetailcollision,#ee_ladder_wood_step
physicsasset,#ee_light_fixture_lamp_short_01
xmodeldetailcollision,#hash_be540384a8585a8d
physicsasset,#ee_light_fixture_lamp_tall_01
xmodeldetailcollision,#hash_c36e7dd1a8f22240
physicsasset,#ee_light_fixture_lamp_tall_03
xmodeldetailcollision,#ee_light_fixture_lamp_tall_03
physicsasset,#ee_light_fixture_wall_mounted_02
xmodeldetailcollision,#hash_891cb7efdc030a60
physicsasset,#ee_light_fixture_wall_mounted_04
xmodeldetailcollision,#hash_84213aa9df2e62bc
physicsasset,#ee_lighting_string_light_caged_01
xmodeldetailcollision,#ee_lighting_string_light_caged_01_prop_wz
physicsasset,#hash_d80be27eb04e5f5b
xmodeldetailcollision,#hash_d80be27eb04e5f5b
physicsasset,#ee_manmade_wood_planks_worn_a_02
xmodeldetailcollision,#ee_manmade_wood_planks_worn_a_06
physicsasset,#hash_ade04ce0ac241ee7
xmodeldetailcollision,#hash_ade04ce0ac241ee7
physicsasset,#ee_manmade_wood_planks_worn_a_04
xmodeldetailcollision,#ee_manmade_wood_planks_worn_a_04
physicsasset,#ee_manmade_wood_planks_worn_a_05
xmodeldetailcollision,#ee_manmade_wood_planks_worn_a_05
physicsasset,#ee_mansion_int_railing_33_01
xmodeldetailcollision,#ee_mansion_int_railing_33_01_light
physicsasset,#ee_mansion_int_railing_column_01
xmodeldetailcollision,#ee_mansion_int_railing_column_01_light
physicsasset,#hash_a115e83a0571c1fd
xmodeldetailcollision,#hash_a115e83a0571c1fd
physicsasset,#ee_mansion_int_railing_stairway_8x12_02
xmodeldetailcollision,#hash_97d80861d944018a
physicsasset,#ee_mat_rubber_01
xmodeldetailcollision,#ee_mat_rubber_01
physicsasset,#ee_mirror_wall_mounted_bathroom
xmodeldetailcollision,#ee_mirror_wall_mounted_bathroom
physicsasset,#ee_pallet_wood_boxes_wrapped_02
xmodeldetailcollision,#ee_pallet_wood_boxes_wrapped_02
physicsasset,#ee_pillar_concrete_pipe_support_32
xmodeldetailcollision,#ee_pillar_concrete_pipe_support_32
physicsasset,#ee_pillar_concrete_pipe_support_base
xmodeldetailcollision,#ee_pillar_concrete_pipe_support_base
physicsasset,#hash_e6ab5c47c76af476
xmodeldetailcollision,#hash_9c3fcc9843acd886
physicsasset,#hash_d94e597e61d76391
xmodeldetailcollision,#hash_d94e597e61d76391
physicsasset,#ee_pipe_05_128
xmodeldetailcollision,#hash_ad4370e13222a557
physicsasset,#ee_pipe_05_32
xmodeldetailcollision,#ee_pipe_05_32
physicsasset,#ee_pipe_05_elbow_01
xmodeldetailcollision,#ee_pipe_05_elbow_01
physicsasset,#hash_b97918ea7b345827
xmodeldetailcollision,#hash_afe6e64c7caa9909
physicsasset,#ee_post_metal_painted_01_base
xmodeldetailcollision,#ee_post_metal_painted_01_base
physicsasset,#hash_8ddfdec6b05c1624
xmodeldetailcollision,#hash_8ddfdec6b05c1624
physicsasset,#ee_rock_dirt_muddy_ground_a_01
xmodeldetailcollision,#hash_83c6066e8462c161
physicsasset,#ee_rock_dirt_muddy_ground_a_03
xmodeldetailcollision,#hash_847b8bf2ff1aad43
physicsasset,#ee_rock_riverbed_cluster_02_lg_01
xmodeldetailcollision,#ee_rock_riverbed_cluster_02_lg_01
physicsasset,#ee_rock_riverbed_cluster_02_md_04
xmodeldetailcollision,#ee_rock_riverbed_cluster_02_md_04
physicsasset,#ee_rock_riverbed_cluster_02_sm_02
xmodeldetailcollision,#ee_rock_riverbed_cluster_02_sm_02
physicsasset,#hash_e007ab79d1934352
xmodeldetailcollision,#hash_d0234ba00d951b4e
physicsasset,#ee_sign_frame_02_128
xmodeldetailcollision,#ee_sign_frame_02_128
physicsasset,#hash_a45be2040e17bccf
xmodeldetailcollision,#hash_a45be2040e17bccf
physicsasset,#ee_sign_frame_post_circle_bracket
xmodeldetailcollision,#ee_sign_frame_post_circle_bracket
physicsasset,#ee_sign_frame_post_circle_cap
xmodeldetailcollision,#hash_83a2f628bbfbef24
physicsasset,#hash_d757406250301f1c
xmodeldetailcollision,#ee_sign_plastic_floor_janitor_generic
physicsasset,#hash_98062a28cb2d053b
xmodeldetailcollision,#hash_98062a28cb2d053b
xmodeldetailcollision,#hash_b4bc29d558bb1fd1
physicsasset,#hash_f37acb43dd27c54d
xmodeldetailcollision,#hash_8fbe75bbe0302694
physicsasset,#ee_signs_industrial_fire_hazard
xmodeldetailcollision,#ee_signs_industrial_fire_hazard
physicsasset,#ee_sink_bathroom_simple
xmodeldetailcollision,#ee_sink_bathroom_simple
physicsasset,#ee_sink_kitchen_industrial
xmodeldetailcollision,#ee_sink_kitchen_industrial
physicsasset,#hash_c6249fc917d1cd64
xmodeldetailcollision,#hash_c6249fc917d1cd64
physicsasset,#ee_street_cement_curb_01
xmodeldetailcollision,#ee_street_cement_curb_01
physicsasset,#ee_street_cement_curb_128
xmodeldetailcollision,#ee_street_cement_curb_128
physicsasset,#ee_street_cement_curb_32
xmodeldetailcollision,#ee_street_cement_curb_32
physicsasset,#ee_street_cement_curb_64
xmodeldetailcollision,#ee_street_cement_curb_64
physicsasset,#hash_c1aa42054928dc8d
xmodeldetailcollision,#hash_c1aa42054928dc8d
physicsasset,#hash_85da1d124194ed2a
xmodeldetailcollision,#hash_85da1d124194ed2a
physicsasset,#hash_83f1d913fedfa682
xmodeldetailcollision,#hash_83f1d913fedfa682
physicsasset,#hash_9b33f7de804ab11a
xmodeldetailcollision,#hash_9b33f7de804ab11a
physicsasset,#hash_9b3de7de8052ea6f
xmodeldetailcollision,#hash_9b3de7de8052ea6f
physicsasset,#hash_9b3a7bde804ffd14
xmodeldetailcollision,#hash_9b3a7bde804ffd14
physicsasset,#hash_9b4b77de805e697b
xmodeldetailcollision,#hash_9b4b77de805e697b
physicsasset,#hash_e02d32b5e87a1a57
xmodeldetailcollision,#hash_e02d32b5e87a1a57
physicsasset,#ee_trim_concrete_roof_128_s
xmodeldetailcollision,#ee_trim_concrete_roof_128_s
physicsasset,#ee_trim_concrete_roof_16_s
xmodeldetailcollision,#ee_trim_concrete_roof_16_s
physicsasset,#ee_trim_concrete_roof_256_s
xmodeldetailcollision,#ee_trim_concrete_roof_256_s
physicsasset,#ee_trim_concrete_roof_32_s
xmodeldetailcollision,#ee_trim_concrete_roof_32_s
physicsasset,#ee_trim_concrete_roof_4_s
xmodeldetailcollision,#ee_trim_concrete_roof_4_s
physicsasset,#ee_trim_concrete_roof_64_s
xmodeldetailcollision,#ee_trim_concrete_roof_64_s
physicsasset,#ee_trim_concrete_roof_8_s
xmodeldetailcollision,#ee_trim_concrete_roof_8_s
physicsasset,#ee_trim_concrete_roof_cap_01_mirrored_s
xmodeldetailcollision,#ee_trim_concrete_roof_cap_01_mirrored_s
physicsasset,#ee_trim_concrete_roof_cap_01_s
xmodeldetailcollision,#ee_trim_concrete_roof_cap_01_s
physicsasset,#ee_trim_concrete_roof_corner_in_s
xmodeldetailcollision,#ee_trim_concrete_roof_corner_in_s
physicsasset,#ee_trim_concrete_roof_corner_out_s
xmodeldetailcollision,#ee_trim_concrete_roof_corner_out_s
physicsasset,#hash_dc1997dd3209103b
xmodeldetailcollision,#hash_dc1997dd3209103b
physicsasset,#hash_dc199cdd320918ba
xmodeldetailcollision,#hash_dc199cdd320918ba
physicsasset,#ee_trim_large_roof_128
xmodeldetailcollision,#ee_trim_large_roof_128_stone_offwhite
physicsasset,#ee_trim_large_roof_16
xmodeldetailcollision,#ee_trim_large_roof_16_stone_offwhite
physicsasset,#ee_trim_large_roof_corner_inside
xmodeldetailcollision,#hash_d701666ba7ac3886
physicsasset,#ee_trim_large_roof_corner_outside
xmodeldetailcollision,#ee_trim_large_roof_corner_outside_stone_offwhite
physicsasset,#ee_trim_large_roof_endcap
xmodeldetailcollision,#hash_eaa9425571c70317
physicsasset,#ee_trim_metal_corrugated_corner_24_01
xmodeldetailcollision,#ee_trim_metal_corrugated_corner_24_01_white
physicsasset,#hash_c2fad9a20560f509
xmodeldetailcollision,#hash_e8d16381ffb0e6ef
physicsasset,#ee_trim_metal_corrugated_corner_88_01
xmodeldetailcollision,#ee_trim_metal_corrugated_corner_88_01_white
physicsasset,#hash_b5e5e030f4a7de8a
xmodeldetailcollision,#hash_e471ee4e8de225b8
physicsasset,#ee_trim_small_roof_128
xmodeldetailcollision,#hash_919b1a9fdac0b4ef
physicsasset,#ee_trim_small_roof_16
xmodeldetailcollision,#hash_b69644e3933da997
physicsasset,#ee_trim_small_roof_32
xmodeldetailcollision,#hash_988e52c8474f1b29
physicsasset,#ee_trim_small_roof_32_destroyed_02
xmodeldetailcollision,#ee_trim_small_roof_32_destroyed_02_stone_beige
physicsasset,#ee_trim_small_roof_48
xmodeldetailcollision,#hash_84876bca0e3a8289
physicsasset,#ee_trim_small_roof_64
xmodeldetailcollision,#hash_be81bed38d219262
physicsasset,#ee_trim_small_roof_8
xmodeldetailcollision,#hash_b5d95e40d79f0a02
physicsasset,#ee_trim_small_roof_corner_inside
xmodeldetailcollision,#ee_trim_small_roof_corner_inside_stone_offwhite
physicsasset,#ee_trim_small_roof_corner_outside
xmodeldetailcollision,#hash_95be9f33aa988f2d
physicsasset,#hash_e97d40ab00dd6c7a
xmodeldetailcollision,#hash_e6563f460284186f
physicsasset,#ee_trim_top_metal_bevel_white_08_small
xmodeldetailcollision,#ee_trim_top_metal_bevel_white_08_small
physicsasset,#ee_trim_top_metal_bevel_white_128
xmodeldetailcollision,#ee_trim_top_metal_bevel_white_128
physicsasset,#ee_trim_top_metal_bevel_white_128_small
xmodeldetailcollision,#ee_trim_top_metal_bevel_white_128_small
physicsasset,#hash_8d2af10d821233fa
xmodeldetailcollision,#hash_8d2af10d821233fa
physicsasset,#ee_trim_top_metal_bevel_white_16_small
xmodeldetailcollision,#ee_trim_top_metal_bevel_white_16_small
physicsasset,#ee_trim_top_metal_bevel_white_256
xmodeldetailcollision,#ee_trim_top_metal_bevel_white_256
physicsasset,#ee_trim_top_metal_bevel_white_256_small
xmodeldetailcollision,#ee_trim_top_metal_bevel_white_256_small
physicsasset,#hash_8d31f50d82185974
xmodeldetailcollision,#hash_8d31f50d82185974
physicsasset,#ee_trim_top_metal_bevel_white_32_small
xmodeldetailcollision,#ee_trim_top_metal_bevel_white_32_small
physicsasset,#ee_trim_top_metal_bevel_white_64
xmodeldetailcollision,#ee_trim_top_metal_bevel_white_64
physicsasset,#ee_trim_top_metal_bevel_white_64_small
xmodeldetailcollision,#ee_trim_top_metal_bevel_white_64_small
physicsasset,#ee_trim_top_metal_bevel_white_corner
xmodeldetailcollision,#ee_trim_top_metal_bevel_white_corner
physicsasset,#ee_trim_top_metal_bevel_white_corner_concave
xmodeldetailcollision,#ee_trim_top_metal_bevel_white_corner_concave
physicsasset,#ee_trim_top_metal_bevel_white_corner_small
xmodeldetailcollision,#ee_trim_top_metal_bevel_white_corner_small
physicsasset,#hash_b6158bf505520ace
xmodeldetailcollision,#hash_b6158bf505520ace
physicsasset,#hash_e8bc75b42b81acc2
xmodeldetailcollision,#hash_e8bc75b42b81acc2
physicsasset,#hash_c2c0e22b320a4d2c
xmodeldetailcollision,#hash_cf885e40a528e1e2
physicsasset,#hash_813812660cd6caed
xmodeldetailcollision,#hash_d665a8d8a97cf543
physicsasset,#ee_trim_top_metal_white_16
xmodeldetailcollision,#hash_b3f3ed5772b99d72
physicsasset,#ee_trim_top_metal_white_256
xmodeldetailcollision,#hash_bd4cabd89b8603a3
physicsasset,#ee_trim_top_metal_white_32
xmodeldetailcollision,#ee_trim_top_metal_black_32
physicsasset,#ee_trim_top_metal_white_64
xmodeldetailcollision,#hash_cf8f4e40a52ee560
physicsasset,#ee_trim_top_metal_white_corner
xmodeldetailcollision,#hash_e7a80adf0757bc4b
physicsasset,#hash_81739ceba4e8f15b
physicsasset,#hash_aa6742647163dc19
xmodeldetailcollision,#hash_eec915967c86b0c6
physicsasset,#hash_f427d58bf1e02910
xmodeldetailcollision,#hash_f427d58bf1e02910
physicsasset,#hash_f427d78bf1e02c76
xmodeldetailcollision,#hash_f427d78bf1e02c76
xmodeldetailcollision,#hash_c2c7bc1a088158c2
physicsasset,#hash_89fe724f183b165a
xmodeldetailcollision,#hash_89fe724f183b165a
physicsasset,#hash_c4f53286f0d7f87a
xmodeldetailcollision,#hash_c4f53286f0d7f87a
physicsasset,#hash_dd6a878a057c7942
xmodeldetailcollision,#hash_9c9aa7a4a0cc19a1
physicsasset,#ee_wainscot_stained_32
xmodeldetailcollision,#hash_9ac8e69812c2155b
physicsasset,#hash_9447f1e3be7a3c43
xmodeldetailcollision,#hash_a83b25775ba4eed8
physicsasset,#ee_wall_dutch_brick_corner_01_16
xmodeldetailcollision,#hash_9fef3f21fdcdcb2e
physicsasset,#ee_wall_dutch_brick_corner_01_32
xmodeldetailcollision,#hash_fe059824df4f109c
physicsasset,#ee_wall_dutch_brick_corner_01_64
xmodeldetailcollision,#hash_9d301c5619a692bd
physicsasset,#ee_wall_dutch_brick_corner_01_8
xmodeldetailcollision,#hash_c79e4780dbe25df5
physicsasset,#ee_window_bars_02
xmodeldetailcollision,#ee_window_bars_02
physicsasset,#hash_a25f7e451a83fa23
xmodeldetailcollision,#hash_e1d7977e354a2fb9
physicsasset,#ee_wires_stpete_allyway_ornament_03
xmodeldetailcollision,#ee_wires_stpete_allyway_ornament_03
physicsasset,#ee_wires_stpete_allyway_ornament_04
xmodeldetailcollision,#ee_wires_stpete_allyway_ornament_04
physicsasset,#electrical_ac_unit_plastic
xmodeldetailcollision,#electrical_ac_unit_plastic
physicsasset,#electrical_antenna_rooftop01_iw9
xmodeldetailcollision,#electrical_antenna_rooftop01_iw9
physicsasset,#electrical_antenna_rooftop02_iw9
xmodeldetailcollision,#electrical_antenna_rooftop02_iw9
physicsasset,#electrical_box_door_rusty_wall
xmodeldetailcollision,#electrical_box_door_rusty_wall
physicsasset,#electrical_box_multi_port_01
xmodeldetailcollision,#electrical_box_multi_port_01
physicsasset,#electrical_box_old_rusty
xmodeldetailcollision,#electrical_box_old_rusty
physicsasset,#electrical_box_rusted_01
xmodeldetailcollision,#electrical_box_rusted_01
physicsasset,#electrical_box_small_02
xmodeldetailcollision,#electrical_box_small_02
physicsasset,#electrical_box_street_03
xmodeldetailcollision,#electrical_box_street_03
physicsasset,#hash_acc303dc4303c7fa
xmodeldetailcollision,#hash_acc303dc4303c7fa
physicsasset,#hash_bd3c600cc9ee498e
xmodeldetailcollision,#hash_bd3c600cc9ee498e
physicsasset,#electrical_conduit_1_body_end
xmodeldetailcollision,#electrical_conduit_1_body_end
physicsasset,#electrical_conduit_1_body_joint_slb
xmodeldetailcollision,#electrical_conduit_1_body_joint_slb
physicsasset,#electrical_conduit_1_body_joint_tb
xmodeldetailcollision,#electrical_conduit_1_body_joint_tb
physicsasset,#hash_c5da1c79a2435def
xmodeldetailcollision,#hash_c5da1c79a2435def
physicsasset,#hash_e7e8716dabe52867
xmodeldetailcollision,#hash_e7e8716dabe52867
physicsasset,#electrical_conduit_1_elbow90_short
xmodeldetailcollision,#electrical_conduit_1_elbow90_short_black
physicsasset,#electrical_conduit_1_straight_128
xmodeldetailcollision,#hash_c9468cad44b38c4a
physicsasset,#electrical_conduit_1_straight_16
xmodeldetailcollision,#electrical_conduit_1_straight_16_black
physicsasset,#electrical_conduit_1_straight_256
xmodeldetailcollision,#electrical_conduit_1_straight_256
physicsasset,#electrical_conduit_1_straight_32
xmodeldetailcollision,#electrical_conduit_1_straight_32
physicsasset,#electrical_conduit_1_straight_4
xmodeldetailcollision,#electrical_conduit_1_straight_4
physicsasset,#electrical_conduit_1_straight_64
xmodeldetailcollision,#electrical_conduit_1_straight_64
physicsasset,#hash_f4d49f907f0a129f
xmodeldetailcollision,#hash_f4d49f907f0a129f
physicsasset,#hash_9713aff2a1d6068c
xmodeldetailcollision,#hash_9713aff2a1d6068c
physicsasset,#electrical_conduit_1_strap_med
xmodeldetailcollision,#electrical_conduit_1_strap_med
physicsasset,#electrical_conduit_1_strap_sml
xmodeldetailcollision,#electrical_conduit_1_strap_sml
physicsasset,#electrical_conduit_1_union
xmodeldetailcollision,#electrical_conduit_1_union
physicsasset,#electrical_conduit_2_coupling_ribbed
xmodeldetailcollision,#electrical_conduit_2_coupling_ribbed_olive
physicsasset,#electrical_conduit_2_elbow90_long
xmodeldetailcollision,#hash_d30faea4cc27aab4
physicsasset,#electrical_conduit_2_elbow90_short
xmodeldetailcollision,#hash_8ae5b0bee96ca514
physicsasset,#electrical_conduit_2_straight_128
xmodeldetailcollision,#hash_c129c6ec5e46ce69
physicsasset,#electrical_conduit_2_straight_16
xmodeldetailcollision,#electrical_conduit_2_straight_16
xmodeldetailcollision,#electrical_conduit_2_straight_16_olive
physicsasset,#electrical_conduit_2_straight_32
xmodeldetailcollision,#electrical_conduit_2_straight_32
physicsasset,#hash_8d0f9dc92df2de76
xmodeldetailcollision,#hash_8d0f9dc92df2de76
physicsasset,#hash_d34498f5de8fa184
xmodeldetailcollision,#hash_d34498f5de8fa184
physicsasset,#hash_cd35bc225afe6a18
xmodeldetailcollision,#hash_cd35bc225afe6a18
physicsasset,#electrical_conduit_2_strap_sml
xmodeldetailcollision,#electrical_conduit_2_strap_sml
physicsasset,#electrical_conduit_2_union
xmodeldetailcollision,#electrical_conduit_2_union
physicsasset,#electrical_conduit_plastic_box_01
xmodeldetailcollision,#electrical_conduit_plastic_box_01
physicsasset,#electrical_conduit_plastic_box_02
xmodeldetailcollision,#electrical_conduit_plastic_box_02
physicsasset,#electrical_conduit_plastic_box_03
xmodeldetailcollision,#electrical_conduit_plastic_box_03
physicsasset,#electrical_conduit_set_electrical_box_01
xmodeldetailcollision,#electrical_conduit_set_electrical_box_01
physicsasset,#electrical_conduit_set_electrical_box_02
xmodeldetailcollision,#electrical_conduit_set_electrical_box_02
physicsasset,#electrical_conduit_set_electrical_box_03
xmodeldetailcollision,#electrical_conduit_set_electrical_box_03
physicsasset,#electrical_conduit_set_electrical_box_04
xmodeldetailcollision,#electrical_conduit_set_electrical_box_04
physicsasset,#electrical_conduit_set_electrical_box_05
xmodeldetailcollision,#electrical_conduit_set_electrical_box_05
physicsasset,#electrical_conduit_set_electrical_box_big
xmodeldetailcollision,#electrical_conduit_set_electrical_box_big
physicsasset,#electrical_conduit_set_electrical_box_medium
xmodeldetailcollision,#electrical_conduit_set_electrical_box_medium
physicsasset,#electrical_conduit_set_electrical_meter_01
xmodeldetailcollision,#hash_8a0fbb0c8c09ec66
physicsasset,#electrical_conduit_set_electrical_meter_big_01
xmodeldetailcollision,#electrical_conduit_set_electrical_meter_big_01
physicsasset,#electrical_conduit_set_electrical_meter_big_03
xmodeldetailcollision,#electrical_conduit_set_electrical_meter_big_03
physicsasset,#hash_fa05a9901a36b52a
xmodeldetailcollision,#hash_fa05a9901a36b52a
physicsasset,#electrical_conduit_set_electrical_meter_large_01
xmodeldetailcollision,#electrical_conduit_set_electrical_meter_large_01
physicsasset,#electrical_conduit_set_electrical_meter_large_02
xmodeldetailcollision,#electrical_conduit_set_electrical_meter_large_02
physicsasset,#electrical_conduit_set_electrical_meter_small_03
xmodeldetailcollision,#electrical_conduit_set_electrical_meter_small_01
physicsasset,#electrical_distribution_box_01
xmodeldetailcollision,#hash_9a96b6eb29ae6ba7
physicsasset,#electrical_distribution_box_02
xmodeldetailcollision,#electrical_distribution_box_02
physicsasset,#hash_9982baf338a56b67
xmodeldetailcollision,#hash_9982baf338a56b67
physicsasset,#electrical_docks_service_box_01
xmodeldetailcollision,#electrical_docks_service_box_01
physicsasset,#electrical_interior_outlet_01
xmodeldetailcollision,#electrical_interior_outlet_01
physicsasset,#electrical_junction_wooden_box
xmodeldetailcollision,#electrical_junction_wooden_box
physicsasset,#hash_a66fd88608046d5b
xmodeldetailcollision,#hash_a66fd88608046d5b
physicsasset,#electrical_light_switch_01
xmodeldetailcollision,#electrical_light_switch_01
physicsasset,#electrical_north_america_outlets_01
xmodeldetailcollision,#hash_83c27a89c9103c33
physicsasset,#hash_fbf7cb9e478a66e0
xmodeldetailcollision,#hash_e9def18700b423d6
physicsasset,#electrical_security_number_pad_01
xmodeldetailcollision,#electrical_security_number_pad_01
physicsasset,#electrical_street_box_01
xmodeldetailcollision,#electrical_street_box_01
physicsasset,#hash_a210255bb5004bc2
xmodeldetailcollision,#hash_a210255bb5004bc2
physicsasset,#electrical_street_box_02
xmodeldetailcollision,#electrical_street_box_02
physicsasset,#electrical_water_meter_01
xmodeldetailcollision,#electrical_water_meter_01
physicsasset,#electrical_wires_jumbled_01
xmodeldetailcollision,#electrical_wires_jumbled_01
physicsasset,#hash_e33b787c58b14c9c
xmodeldetailcollision,#hash_e33b787c58b14c9c
physicsasset,#electrical_wires_jumbled_03_outercorner
xmodeldetailcollision,#electrical_wires_jumbled_03_outercorner
physicsasset,#hash_e8240bc8ecece59b
xmodeldetailcollision,#hash_e8240bc8ecece59b
physicsasset,#electrical_wires_jumbled_a_256
xmodeldetailcollision,#electrical_wires_jumbled_a_256
physicsasset,#electrical_wires_jumbled_a_64
xmodeldetailcollision,#electrical_wires_jumbled_a_64
physicsasset,#electrical_wires_jumbled_a_96
xmodeldetailcollision,#electrical_wires_jumbled_a_96
physicsasset,#hash_c6df8eb583dfda44
xmodeldetailcollision,#hash_c6df8eb583dfda44
physicsasset,#hash_ddde19bb8ff48b68
xmodeldetailcollision,#hash_ddde19bb8ff48b68
physicsasset,#hash_839468006c1c770e
xmodeldetailcollision,#hash_839468006c1c770e
physicsasset,#hash_fc40ed9f7c71ac48
xmodeldetailcollision,#hash_fc40ed9f7c71ac48
physicsasset,#electrical_wires_jumbled_b_96
xmodeldetailcollision,#electrical_wires_jumbled_b_96
xmodeldetailcollision,#hash_d09a89c373a28510
physicsasset,#hash_cb8b3aec42281923
xmodeldetailcollision,#hash_cb8b3aec42281923
physicsasset,#electronics_alarm_01
xmodeldetailcollision,#electronics_alarm_01
physicsasset,#electronics_command_phone_01
xmodeldetailcollision,#electronics_command_phone_01
physicsasset,#electronics_computer_pc_tower_02
xmodeldetailcollision,#electronics_computer_pc_tower_02
physicsasset,#electronics_fire_alarm_01_lod0
xmodeldetailcollision,#electronics_fire_alarm_01_lod0
physicsasset,#electronics_fire_alarm_bell_01_lod0
xmodeldetailcollision,#electronics_fire_alarm_bell_01_lod0
physicsasset,#electronics_fire_alarm_trigger_01_lod0
xmodeldetailcollision,#electronics_fire_alarm_trigger_01_lod0
physicsasset,#electronics_fire_alarm_trigger_02
xmodeldetailcollision,#electronics_fire_alarm_trigger_02
physicsasset,#electronics_interior_speakers_01
xmodeldetailcollision,#electronics_interior_speakers_01
physicsasset,#electronics_interior_speakers_02
xmodeldetailcollision,#electronics_interior_speakers_02
physicsasset,#electronics_interior_speakers_03
xmodeldetailcollision,#electronics_interior_speakers_03
physicsasset,#electronics_store_cash_register
xmodeldetailcollision,#electronics_store_register_whole
physicsasset,#hash_861a3182662728ad
xmodeldetailcollision,#hash_861a3182662728ad
physicsasset,#electronics_television_wall_mount_01
xmodeldetailcollision,#electronics_television_wall_mount_01
physicsasset,#electronics_tv_camera_s1_f3
xmodeldetailcollision,#electronics_tv_camera_s1_f3
physicsasset,#hash_b94e06d8300ae06c
xmodeldetailcollision,#hash_b94e06d8300ae06c
physicsasset,#equipment_ac_unit_01
xmodeldetailcollision,#equipment_ac_unit_01
physicsasset,#hash_b58b3dd992489fc4
xmodeldetailcollision,#hash_b58b3dd992489fc4
physicsasset,#hash_b3e21eb0fd402d4d
xmodeldetailcollision,#hash_b3e21eb0fd402d4d
physicsasset,#equipment_antenna_set_01_middle
xmodeldetailcollision,#equipment_antenna_set_01_middle
physicsasset,#equipment_antenna_set_01_short
xmodeldetailcollision,#equipment_antenna_set_01_short
physicsasset,#equipment_box_fan
xmodeldetailcollision,#equipment_box_fan
physicsasset,#hash_977dda0876cf27f0
xmodeldetailcollision,#hash_e1246a0df96257ac
physicsasset,#equipment_dome_surveillance_camera
xmodeldetailcollision,#equipment_dome_surveillance_camera
physicsasset,#equipment_pole_electrical_01_short
xmodeldetailcollision,#equipment_pole_electrical_01_short
physicsasset,#equipment_pole_electrical_01_tall
xmodeldetailcollision,#equipment_pole_electrical_01_tall
physicsasset,#equipment_push_broom_01
xmodeldetailcollision,#equipment_push_broom_01
xmodeldetailcollision,#equipment_roof_vent_medium
physicsasset,#hash_b7825f6d27c4c24e
xmodeldetailcollision,#hash_b7825f6d27c4c24e
physicsasset,#hash_f5cf26f15f033e60
xmodeldetailcollision,#equipment_toolbox_01_orange
physicsasset,#equipment_tv_01
xmodeldetailcollision,#equipment_tv_01
physicsasset,#eu_decor_bar_glass_beer_01_empty
xmodeldetailcollision,#eu_decor_bar_glass_beer_01_b_empty
physicsasset,#hash_9bada06ab01fe19b
xmodeldetailcollision,#hash_9bada06ab01fe19b
physicsasset,#hash_ca8ae089172a2a46
xmodeldetailcollision,#hash_ca8ae089172a2a46
physicsasset,#eu_sign_commercial_cafe_menu_display_free_standing_01
xmodeldetailcollision,#eu_sign_commercial_cafe_menu_display_free_standing_01
physicsasset,#eu_sign_commercial_general_atm_06
xmodeldetailcollision,#eu_sign_commercial_general_atm_06
physicsasset,#eu_sign_commercial_general_cafe_neon_04
xmodeldetailcollision,#eu_sign_commercial_general_cafe_neon_04_prop_wz
physicsasset,#eu_sign_commercial_general_open_neon_02
physicsasset,#hash_a97b4d17ada06c28
xmodeldetailcollision,#hash_e1c6bb89e14d6a54
physicsasset,#eu_street_manhole_03
xmodeldetailcollision,#eu_street_manhole_03
physicsasset,#hash_a52ff94c724304fb
xmodeldetailcollision,#hash_a52ff94c724304fb
physicsasset,#hash_9443455c26351363
xmodeldetailcollision,#hash_9443455c26351363
physicsasset,#fabric_pool_towel_hanging_01
xmodeldetailcollision,#fabric_pool_towel_hanging_01
physicsasset,#fabric_towel_folded_01
xmodeldetailcollision,#fabric_towel_folded_01_white
physicsasset,#hash_c52a3fb068866469
xmodeldetailcollision,#hash_c52a3fb068866469
physicsasset,#fac_keyboard
xmodeldetailcollision,#fac_keyboard
physicsasset,#fac_metal_extinguisher_04_base
xmodeldetailcollision,#fac_metal_extinguisher_04_base
physicsasset,#hash_ed71c4f11a9ad167
xmodeldetailcollision,#hash_91fc88f0efe2c0b8
physicsasset,#hash_8c351ffeaa07bc13
xmodeldetailcollision,#hash_8c351ffeaa07bc13
physicsasset,#hash_86da182f2f4581b7
xmodeldetailcollision,#hash_86da182f2f4581b7
physicsasset,#hash_c5d652d6e9b0703a
xmodeldetailcollision,#hash_c5d652d6e9b0703a
physicsasset,#fence_chainlink_lrg_post
xmodeldetailcollision,#fence_chainlink_lrg_post
physicsasset,#hash_8c52d10d8d3e3e3c
xmodeldetailcollision,#hash_8c52d10d8d3e3e3c
physicsasset,#fixture_greece_wood_shelf_01
xmodeldetailcollision,#fixture_greece_wood_shelf_01
physicsasset,#floor_grate_catwalk_metal_02
xmodeldetailcollision,#floor_grate_catwalk_metal_02
physicsasset,#hash_d2ba09e7375ecc49
xmodeldetailcollision,#hash_d2ba09e7375ecc49
physicsasset,#hash_d2ba07e7375ec8e3
xmodeldetailcollision,#hash_d2ba07e7375ec8e3
physicsasset,#flower_vase_porcelain_01
xmodeldetailcollision,#flower_vase_porcelain_01_a
physicsasset,#flower_vase_porcelain_02
xmodeldetailcollision,#flower_vase_porcelain_02_b
physicsasset,#foliage_pot_plant_decorative_01_med
xmodeldetailcollision,#foliage_pot_plant_decorative_01_med
physicsasset,#hash_c7dc50252b462a52
xmodeldetailcollision,#hash_f08caddf79a0e2cf
physicsasset,#food_beer_can_single_01
xmodeldetailcollision,#food_beer_can_single_01
physicsasset,#food_bread
xmodeldetailcollision,#food_bread
physicsasset,#food_cans_bottles_and_jars_bottle_01
xmodeldetailcollision,#food_cans_bottles_and_jars_bottle_01
physicsasset,#food_cans_bottles_and_jars_can_03
xmodeldetailcollision,#food_cans_bottles_and_jars_can_03
physicsasset,#food_cans_bottles_and_jars_can_06
xmodeldetailcollision,#food_cans_bottles_and_jars_can_06
physicsasset,#food_cans_bottles_and_jars_jar_03
xmodeldetailcollision,#food_cans_bottles_and_jars_jar_03
physicsasset,#food_cereal_box_01
xmodeldetailcollision,#food_cereal_box_02
xmodeldetailcollision,#food_cereal_box_01
physicsasset,#food_honey_jar_01_filled
xmodeldetailcollision,#food_honey_jar_01_filled
physicsasset,#food_trash_bag_chips_01
xmodeldetailcollision,#food_trash_bag_chips_01
physicsasset,#food_trash_bag_paper_01
xmodeldetailcollision,#food_trash_bag_paper_01
physicsasset,#food_trash_bottle_juice_01
xmodeldetailcollision,#food_trash_bottle_juice_01
physicsasset,#food_trash_bottle_soda_03
xmodeldetailcollision,#food_trash_bottle_soda_03
physicsasset,#food_trash_bottle_water
xmodeldetailcollision,#food_trash_bottle_water
physicsasset,#food_trash_bottle_water2_sixpack
xmodeldetailcollision,#food_trash_bottle_water2_sixpack
physicsasset,#food_trash_can_soda_03_center_pivot
xmodeldetailcollision,#food_trash_can_soda_03_center_pivot
physicsasset,#food_trash_carton_juice
xmodeldetailcollision,#food_trash_carton_juice
physicsasset,#food_trash_container_02_open
xmodeldetailcollision,#food_trash_container_02_open
physicsasset,#fountain_concrete_mexico_01
xmodeldetailcollision,#fountain_concrete_mexico_01
physicsasset,#furniture_bar_faucet_tap_01
xmodeldetailcollision,#furniture_bar_faucet_tap_01
physicsasset,#hash_a334683d0678f37d
xmodeldetailcollision,#hash_a334683d0678f37d
physicsasset,#hash_a334653d0678ee64
xmodeldetailcollision,#hash_a334653d0678ee64
physicsasset,#furniture_bar_stool_velvet_01
xmodeldetailcollision,#furniture_bar_stool_velvet_01
physicsasset,#hash_9866418655ced733
xmodeldetailcollision,#hash_9866418655ced733
physicsasset,#furniture_bench_wooden_outdoor_01
xmodeldetailcollision,#furniture_bench_wooden_outdoor_01
physicsasset,#hash_803fafcd4730c3fc
xmodeldetailcollision,#hash_803fafcd4730c3fc
physicsasset,#hash_b6134c8e27780856
xmodeldetailcollision,#hash_b6134c8e27780856
physicsasset,#furniture_cafe_chair_01
xmodeldetailcollision,#furniture_cafe_chair_01
physicsasset,#furniture_cafe_table_02
xmodeldetailcollision,#furniture_cafe_table_02
physicsasset,#hash_d7618835221982ae
xmodeldetailcollision,#hash_d7618835221982ae
physicsasset,#hash_934977dcee1e7b19
xmodeldetailcollision,#hash_934977dcee1e7b19
physicsasset,#hash_a325cecb92de48a1
xmodeldetailcollision,#hash_a325cecb92de48a1
physicsasset,#furniture_chair_wooden_leather_01b
xmodeldetailcollision,#furniture_chair_wooden_leather_01b
physicsasset,#hash_d6d17c8a5a98c9e6
xmodeldetailcollision,#hash_d6d17c8a5a98c9e6
physicsasset,#hash_c68faebd66c743f7
xmodeldetailcollision,#hash_c68faebd66c743f7
physicsasset,#furniture_desk_office_vintage
xmodeldetailcollision,#furniture_desk_office_vintage
physicsasset,#hash_a637cce1f2f482ef
xmodeldetailcollision,#hash_a637cce1f2f482ef
physicsasset,#furniture_dresser_commode
xmodeldetailcollision,#furniture_dresser_commode
physicsasset,#furniture_dresser_mirror
xmodeldetailcollision,#furniture_dresser_mirror
physicsasset,#hash_fbdedaf112933511
xmodeldetailcollision,#hash_fbdedaf112933511
physicsasset,#furniture_interior_bench_brown_01
xmodeldetailcollision,#furniture_interior_bench_brown_01
physicsasset,#furniture_lab_cabinet_a_lower_01
xmodeldetailcollision,#furniture_lab_cabinet_a_lower_01
physicsasset,#furniture_lab_cabinet_a_lower_02
xmodeldetailcollision,#furniture_lab_cabinet_a_lower_02
physicsasset,#hash_eaf7d23fb55fe44a
xmodeldetailcollision,#hash_eaf7d23fb55fe44a
physicsasset,#furniture_magazine_rack_01
xmodeldetailcollision,#furniture_magazine_rack_01
physicsasset,#furniture_mattresses_01_big
xmodeldetailcollision,#hash_a13c5c58cfa438a9
physicsasset,#furniture_metal_bar_stool_01
xmodeldetailcollision,#furniture_metal_bar_stool_01
physicsasset,#furniture_milk_bucket_01
xmodeldetailcollision,#furniture_milk_bucket_01
physicsasset,#hash_e75e215697d57d9f
xmodeldetailcollision,#hash_e75e215697d57d9f
physicsasset,#hash_85868fcf37bf0d93
xmodeldetailcollision,#hash_85868fcf37bf0d93
physicsasset,#hash_858690cf37bf0f46
xmodeldetailcollision,#hash_858690cf37bf0f46
physicsasset,#hash_a2c2fb1bcb8a747f
xmodeldetailcollision,#hash_a2c2fb1bcb8a747f
physicsasset,#hash_ad1ad2ed7c0fe9ba
xmodeldetailcollision,#hash_ad1ad2ed7c0fe9ba
physicsasset,#furniture_painting_frame_02_brown
xmodeldetailcollision,#furniture_painting_frame_02_brown_04_ee
xmodeldetailcollision,#furniture_painting_frame_02_brown
physicsasset,#hash_b729b78f39c26c3e
xmodeldetailcollision,#furniture_painting_frame_03_brown_03
physicsasset,#furniture_painting_frame_03_brown_small_ee
xmodeldetailcollision,#furniture_painting_frame_03_brown_small_ee
physicsasset,#furniture_painting_frame_05_brown_large
xmodeldetailcollision,#furniture_painting_frame_05_brown_large
physicsasset,#furniture_park_marble_stool_01
xmodeldetailcollision,#furniture_park_marble_stool_01
physicsasset,#furniture_phone_booth_phone_01
xmodeldetailcollision,#furniture_phone_booth_phone_01
physicsasset,#furniture_plastic_chair_01
xmodeldetailcollision,#hash_c85828e6da77d0f8
physicsasset,#hash_f40b10ef9e1fd38d
xmodeldetailcollision,#hash_f40b10ef9e1fd38d
physicsasset,#furniture_queen_bed_02
xmodeldetailcollision,#furniture_queen_bed_02
physicsasset,#furniture_queen_pillow_01
xmodeldetailcollision,#furniture_queen_pillow_01
physicsasset,#hash_de0b3bc536ae681b
xmodeldetailcollision,#hash_de0b3bc536ae681b
physicsasset,#furniture_rack_coat_hanging_coat_short
xmodeldetailcollision,#furniture_rack_coat_hanging_coat_short
physicsasset,#furniture_restaurant_waiter_desk_01
xmodeldetailcollision,#furniture_restaurant_waiter_desk_01
physicsasset,#furniture_restaurant_waiter_desk_drawer_01
xmodeldetailcollision,#furniture_restaurant_waiter_desk_drawer_01
physicsasset,#hash_ba54154061374d39
xmodeldetailcollision,#hash_ffe2059dcdd89b67
physicsasset,#furniture_rug_01_flat_02
xmodeldetailcollision,#hash_d54cc5ca922c879e
physicsasset,#furniture_rug_01_flat_04
xmodeldetailcollision,#hash_9b3ae2f691f6a5ed
xmodeldetailcollision,#furniture_rug_01_flat_04
physicsasset,#hash_91e3998117be33d9
xmodeldetailcollision,#hash_91e3998117be33d9
physicsasset,#furniture_square_white_table_01
xmodeldetailcollision,#furniture_square_white_table_01
physicsasset,#furniture_storage_safe_interactive_01
xmodeldetailcollision,#furniture_storage_safe_interactive_01
physicsasset,#hash_cfeb91c62227b073
xmodeldetailcollision,#hash_cfeb91c62227b073
physicsasset,#furniture_table_folding_01_open
xmodeldetailcollision,#furniture_table_folding_01_open
physicsasset,#hash_d692da982a41095a
xmodeldetailcollision,#hash_d692da982a41095a
physicsasset,#furniture_table_wooden_small_02
xmodeldetailcollision,#furniture_table_wooden_small_02
physicsasset,#hash_ac04528905b120ee
xmodeldetailcollision,#hash_ac04528905b120ee
physicsasset,#furniture_tiletop_cabinet_01
xmodeldetailcollision,#furniture_tiletop_cabinet_01
physicsasset,#hash_ad291f8b835773c2
xmodeldetailcollision,#hash_ad291f8b835773c2
physicsasset,#furniture_tv_stand_01_wooden
xmodeldetailcollision,#furniture_tv_stand_01_wooden
physicsasset,#hash_cf94deccdc9c6b20
xmodeldetailcollision,#hash_cf94deccdc9c6b20
physicsasset,#furniture_wood_bed_rustic_01
xmodeldetailcollision,#furniture_wood_bed_rustic_01
physicsasset,#furniture_wood_bookcase_large_01
xmodeldetailcollision,#furniture_wood_bookcase_large_01
xmodeldetailcollision,#furniture_wood_bookcase_large_old_01
physicsasset,#furniture_wood_cabinet_rustic_01
xmodeldetailcollision,#furniture_wood_cabinet_rustic_01
physicsasset,#furniture_wood_cabinet_rustic_02
xmodeldetailcollision,#furniture_wood_cabinet_rustic_02_dark
physicsasset,#hash_db9b860bba4f9381
xmodeldetailcollision,#hash_9a162c1de19cb762
physicsasset,#hash_af5541ff6f154f84
xmodeldetailcollision,#furniture_wood_dresser_rustic_01_dark
physicsasset,#furniture_wood_folding_chair_01
xmodeldetailcollision,#chair_folding_wood
physicsasset,#hash_f94f038445530f16
xmodeldetailcollision,#hash_f94f038445530f16
physicsasset,#hash_f81c0d3a131edbbc
xmodeldetailcollision,#hash_ce6412afcf1d1e31
physicsasset,#hash_d142116ffe28a7fb
xmodeldetailcollision,#hash_d142116ffe28a7fb
physicsasset,#furniture_wood_rustic_stool_01
xmodeldetailcollision,#furniture_wood_rustic_stool_01
physicsasset,#furniture_wood_rustic_table_01
xmodeldetailcollision,#furniture_wood_rustic_table_01
physicsasset,#hash_dc3d900811cb3ef9
xmodeldetailcollision,#hash_d3b8e24bf5dc82ae
physicsasset,#hash_d1ba005217926a18
xmodeldetailcollision,#hash_d1ba005217926a18
physicsasset,#hash_cd9e06d01226716b
xmodeldetailcollision,#hash_cd9e06d01226716b
physicsasset,#hash_c9e32d08484178b9
xmodeldetailcollision,#hash_c9e32d08484178b9
physicsasset,#furniture_wooden_brown_chair_01
xmodeldetailcollision,#furniture_wooden_brown_chair_01
physicsasset,#furniture_wooden_interior_bench
xmodeldetailcollision,#furniture_wooden_interior_bench
physicsasset,#furniture_wooden_rack_shelf_32
xmodeldetailcollision,#furniture_wooden_rack_shelf_32
physicsasset,#furniture_wooden_rack_shelf_64
xmodeldetailcollision,#furniture_wooden_rack_shelf_64
physicsasset,#furniture_wooden_step_stool_01
xmodeldetailcollision,#furniture_wooden_step_stool_01
physicsasset,#hash_f03cf759cd8ec1b0
xmodeldetailcollision,#hash_fca7b5698648e8dd
physicsasset,#glass_broken_frame_corner_01
xmodeldetailcollision,#hash_f99048835fd919c7
physicsasset,#glass_broken_frame_corner_03
xmodeldetailcollision,#glass_broken_frame_corner_03
physicsasset,#hash_b51a340ba664e33d
xmodeldetailcollision,#hash_b51a340ba664e33d
physicsasset,#hardware_plywood_bare_01_24
xmodeldetailcollision,#hardware_plywood_bare_01_24_dirty
physicsasset,#hardware_plywood_bare_01_48
xmodeldetailcollision,#hardware_plywood_bare_01_48_dirty
physicsasset,#hardware_plywood_painted_white_01
xmodeldetailcollision,#hardware_plywood_bare_01
physicsasset,#hardware_plywood_painted_white_01_24
xmodeldetailcollision,#hardware_plywood_painted_white_01_24
physicsasset,#hardware_plywood_painted_white_01_48
xmodeldetailcollision,#hardware_plywood_painted_white_01_48
physicsasset,#hash_d77030e75ae487d6
xmodeldetailcollision,#hash_d77030e75ae487d6
physicsasset,#hash_c035c280a162bfa1
xmodeldetailcollision,#hash_c035c280a162bfa1
physicsasset,#industrial_conduit_metal_1_strap_med
xmodeldetailcollision,#industrial_conduit_metal_1_strap_med
xmodeldetailcollision,#instrument_guitar_01
physicsasset,#hash_cd9c7ad42b35282b
xmodeldetailcollision,#hash_cd9c7ad42b35282b
physicsasset,#kitchen_01_metal_dish_01_group
xmodeldetailcollision,#kitchen_01_metal_dish_01_group
physicsasset,#kitchen_01_pot_01
xmodeldetailcollision,#kitchen_01_pot_food_01
physicsasset,#kitchen_01_teapot_01
xmodeldetailcollision,#kitchen_01_teapot_01
physicsasset,#hash_a0437e33172fe24b
xmodeldetailcollision,#hash_a0437e33172fe24b
physicsasset,#kitchen_appliance_toaster_02
xmodeldetailcollision,#kitchen_appliance_toaster_02
physicsasset,#kitchen_appliance_toaster_oven
xmodeldetailcollision,#kitchen_appliance_toaster_oven
physicsasset,#hash_9b96a724f0afcf28
xmodeldetailcollision,#hash_9b96aa24f0afd441
physicsasset,#kitchen_knife_set_01
xmodeldetailcollision,#kitchen_knife_set_01
physicsasset,#kitchen_metal_sink_01
xmodeldetailcollision,#kitchen_metal_sink_01
physicsasset,#kitchen_spice_rack
xmodeldetailcollision,#kitchen_spice_rack
physicsasset,#ladder_old_wood_01_160
xmodeldetailcollision,#ladder_old_wood_01_160
physicsasset,#lag_portable_radio
xmodeldetailcollision,#lag_portable_radio
physicsasset,#light_fixtures_exterior_01_modern_wall
physicsasset,#light_interior_ceiling_round_01
xmodeldetailcollision,#hash_d89dd7bbb98dce6a
xmodeldetailcollision,#hash_fba28cc005f7eefc
physicsasset,#hash_d377fb3830b10e22
xmodeldetailcollision,#hash_d377fb3830b10e22
physicsasset,#light_lamp_black_01
xmodeldetailcollision,#hash_bbf6daed0a50d849
physicsasset,#lighting_ceiling_interior_flat_square
xmodeldetailcollision,#lighting_ceiling_interior_flat_square_prop_wz
physicsasset,#hash_e91b206ce6c8a124
xmodeldetailcollision,#hash_832bec05844ed706
physicsasset,#lighting_commercial_lamp_long_01
xmodeldetailcollision,#hash_a138094077752d87
physicsasset,#lighting_fixture_bulb_incandescent
xmodeldetailcollision,#hash_d3195a4a8a9817a0
physicsasset,#hash_b3b1d46538d31286
xmodeldetailcollision,#hash_977a1dbe7f4989ea
physicsasset,#hash_dd1496ddb74c96b6
xmodeldetailcollision,#hash_dd1496ddb74c96b6
physicsasset,#hash_85b1593de19064ce
xmodeldetailcollision,#hash_85b1593de19064ce
physicsasset,#hash_cdfa1a4e50fd1f44
xmodeldetailcollision,#hash_cdfa1a4e50fd1f44
physicsasset,#lighting_fixture_motion_sensor_01
xmodeldetailcollision,#lighting_fixture_motion_sensor_01
physicsasset,#lighting_fixtures_security_lamp_01
xmodeldetailcollision,#hash_8770853c5275908b
physicsasset,#lighting_fixtures_security_lamp_holder_01
xmodeldetailcollision,#lighting_fixtures_security_lamp_holder_01
physicsasset,#hash_be73e5b0c27f2b13
xmodeldetailcollision,#hash_95b33b7ac2882765
physicsasset,#lighting_interior_fluorescent_wall_light_01
xmodeldetailcollision,#hash_ec61cb1bf890d57a
physicsasset,#lighting_interior_fluorescent_wall_light_01_long
xmodeldetailcollision,#hash_8c5a1fbb66be318d
physicsasset,#lighting_modern_fixture_wall_mounted
xmodeldetailcollision,#hash_f2001c1154044e76
physicsasset,#lighting_track_lights_01
xmodeldetailcollision,#lighting_track_lights_01_off_wz
physicsasset,#lighting_track_lights_fixture_01
xmodeldetailcollision,#lighting_track_lights_fixture_01_prop_wz
physicsasset,#hash_86cbd1824d976ce2
xmodeldetailcollision,#hash_86cbd1824d976ce2
physicsasset,#hash_86cbd0824d976b2f
xmodeldetailcollision,#hash_86cbd0824d976b2f
physicsasset,#lighting_wall_lamp_picture_01
xmodeldetailcollision,#lighting_wall_lamp_picture_01_prop_wz
physicsasset,#hash_9961d2d5dfd2406a
xmodeldetailcollision,#hash_94bbcc0d8ce92386
physicsasset,#hash_9961d1d5dfd23eb7
xmodeldetailcollision,#hash_94bbcb0d8ce921d3
physicsasset,#lm_appliance_store_freezer_door_01
xmodeldetailcollision,#appliance_store_freezer_door_01
physicsasset,#lm_appliance_store_freezer_shelve_01
xmodeldetailcollision,#appliance_store_freezer_shelve_01
physicsasset,#lm_barrier_plastic_red_01
xmodeldetailcollision,#lm_barrier_plastic_red_01
physicsasset,#lm_construction_marble_trim_01_128
xmodeldetailcollision,#lm_construction_marble_trim_01_128
physicsasset,#hash_ef2f782a556945ee
xmodeldetailcollision,#hash_ef2f782a556945ee
physicsasset,#hash_f1baf2ef314a1592
xmodeldetailcollision,#hash_f1baf2ef314a1592
physicsasset,#lm_construction_marble_trim_01_32
xmodeldetailcollision,#lm_construction_marble_trim_01_32
physicsasset,#hash_ef2bf82a55663697
xmodeldetailcollision,#hash_ef2bf82a55663697
physicsasset,#hash_dfe596e633fc2eb7
xmodeldetailcollision,#hash_dfe596e633fc2eb7
physicsasset,#hash_e132cf72a8b0ed6d
xmodeldetailcollision,#hash_e132cf72a8b0ed6d
physicsasset,#lm_construction_marble_trim_corn_out
xmodeldetailcollision,#lm_construction_marble_trim_corn_out
physicsasset,#lm_don_bldg_com_tower_01_parapet_128
xmodeldetailcollision,#lm_don_bldg_com_tower_01_parapet_128
physicsasset,#lm_don_bldg_com_tower_01_parapet_32
xmodeldetailcollision,#lm_don_bldg_com_tower_01_parapet_32
physicsasset,#lm_don_bldg_com_tower_01_parapet_corner_out
xmodeldetailcollision,#lm_don_bldg_com_tower_01_parapet_corner_out
physicsasset,#lm_door_frame_tvstation
xmodeldetailcollision,#lm_door_frame_tvstation
physicsasset,#hash_f8d992b9d8d92023
xmodeldetailcollision,#hash_f8d992b9d8d92023
physicsasset,#lm_door_glass_metal_frame_l_brkn_mp
xmodeldetailcollision,#lm_door_glass_metal_frame_l_brkn_mp
physicsasset,#lm_door_glass_metal_frame_l_brkn_plank_mp
xmodeldetailcollision,#lm_door_glass_metal_frame_l_brkn_plank_mp
physicsasset,#lm_door_glass_metal_frame_window_128_72
xmodeldetailcollision,#lm_door_glass_metal_frame_window_128_72
physicsasset,#lm_door_glass_metal_frame_window_32
xmodeldetailcollision,#lm_door_glass_metal_frame_window_32
physicsasset,#lm_door_glass_metal_frame_window_60_104
xmodeldetailcollision,#lm_door_glass_metal_frame_window_60_104
physicsasset,#hash_86891770eb3f2bcb
xmodeldetailcollision,#hash_86891770eb3f2bcb
physicsasset,#lm_door_glass_metal_frame_window_trainstation_03
xmodeldetailcollision,#lm_door_glass_metal_frame_window_trainstation_03
physicsasset,#lm_door_stadium_supporter_security_door_hinge
xmodeldetailcollision,#lm_door_stadium_supporter_security_door_hinge
physicsasset,#hash_a1878cad0b4aadf3
xmodeldetailcollision,#door_tvstation
physicsasset,#lm_fence_street_metal_128
xmodeldetailcollision,#lm_fence_street_metal_128
physicsasset,#hash_c5fc2efcc8a13f3b
xmodeldetailcollision,#hash_c5fc2efcc8a13f3b
physicsasset,#hash_c6c9225d8e5281b6
xmodeldetailcollision,#hash_bf7e72a89e4cb0f2
physicsasset,#hash_87de5fefc0f34471
xmodeldetailcollision,#hash_87de5fefc0f34471
physicsasset,#lm_machinery_hvac_roof_c_01
xmodeldetailcollision,#lm_machinery_hvac_roof_c_01
physicsasset,#lm_machinery_maint_ac_unit_01
xmodeldetailcollision,#lm_machinery_maint_ac_unit_01
physicsasset,#lm_pillar_tvstation_antenna_tower_small
xmodeldetailcollision,#lm_pillar_tvstation_antenna_tower_small
physicsasset,#hash_94f424965bd34fec
xmodeldetailcollision,#hash_94f424965bd34fec
physicsasset,#hash_bf832e8b1279246c
xmodeldetailcollision,#hash_bf832e8b1279246c
physicsasset,#hash_a4943be07aafe7a4
xmodeldetailcollision,#hash_a4943be07aafe7a4
physicsasset,#hash_970ba6566d445b10
xmodeldetailcollision,#hash_aae5fee2849ea733
physicsasset,#lm_roof_brick_02_32_corner
xmodeldetailcollision,#hash_ff1f05c7a5c0a7d6
physicsasset,#lm_roof_brick_128
xmodeldetailcollision,#roof_brick_128_nodecal
physicsasset,#lm_roof_brick_16
xmodeldetailcollision,#hash_92ceac10a5ff3ea3
physicsasset,#lm_roof_brick_32
xmodeldetailcollision,#roof_brick_32_nodecal
physicsasset,#lm_roof_brick_48
xmodeldetailcollision,#hash_e54313f5d32c62c4
physicsasset,#lm_roof_brick_64
xmodeldetailcollision,#roof_brick_64_nodecal
physicsasset,#lm_roof_brick_96
xmodeldetailcollision,#hash_88d3df360871ca5b
physicsasset,#lm_shop_rack_01
xmodeldetailcollision,#lm_shop_rack_01
physicsasset,#lm_shop_rack_01_58
xmodeldetailcollision,#lm_shop_rack_01_58
physicsasset,#lm_shop_shelves_02
xmodeldetailcollision,#lm_shop_shelves_02
physicsasset,#lm_shop_shelves_02_128
xmodeldetailcollision,#lm_shop_shelves_02_128
physicsasset,#lm_shop_shelves_02_64
xmodeldetailcollision,#lm_shop_shelves_02_64
physicsasset,#lm_shop_shelves_02_64_plate
xmodeldetailcollision,#lm_shop_shelves_02_64_plate
xmodeldetailcollision,#storage_shelf_beam_horizontal_front
physicsasset,#lm_storage_shelf_beam_horizontal_side
xmodeldetailcollision,#storage_shelf_beam_horizontal_side
physicsasset,#lm_storage_shelf_beam_vertical_corner
xmodeldetailcollision,#storage_shelf_beam_vertical_corner
physicsasset,#lm_storage_shelf_wood_plank
xmodeldetailcollision,#storage_shelf_beam_wood_plank
physicsasset,#lm_street_concrete_sidewalk_128x64_01
xmodeldetailcollision,#lm_street_concrete_sidewalk_128x64_01
physicsasset,#hash_fac4deaf3aede609
xmodeldetailcollision,#hash_fac4deaf3aede609
physicsasset,#hash_98d3762bba5ba356
xmodeldetailcollision,#hash_98d3762bba5ba356
physicsasset,#lm_street_concrete_sidewalk_32x32_01
xmodeldetailcollision,#lm_street_concrete_sidewalk_32x32_01
physicsasset,#hash_a4e54fcd96b78aba
xmodeldetailcollision,#hash_a4e54fcd96b78aba
physicsasset,#lm_street_concrete_sidewalk_64x64_01
xmodeldetailcollision,#lm_street_concrete_sidewalk_64x64_01
physicsasset,#hash_c1b57d04c405718c
xmodeldetailcollision,#hash_c1b57d04c405718c
physicsasset,#lm_structural_railing_int_steps_08_a
xmodeldetailcollision,#lm_structural_railing_int_steps_08_a
physicsasset,#lm_structural_railing_int_straight_128_a
xmodeldetailcollision,#lm_structural_railing_int_straight_128_a
physicsasset,#lm_structural_railing_int_straight_64_a
xmodeldetailcollision,#lm_structural_railing_int_straight_64_a
physicsasset,#lm_structural_railing_int_transition_01_a
xmodeldetailcollision,#lm_structural_railing_int_transition_01_a
physicsasset,#lm_structural_window_frame_only_res_02_b
xmodeldetailcollision,#lm_structural_window_frame_only_res_02_b
physicsasset,#hash_fad47588c18b5f87
xmodeldetailcollision,#hash_d53451602c283737
physicsasset,#hash_d479db3a950bb13a
xmodeldetailcollision,#hash_f41a22d01e28b2fe
physicsasset,#hash_94876f8af62e6e05
xmodeldetailcollision,#hash_939480fd025d8dc5
physicsasset,#lm_structural_window_frame_res_03_a
xmodeldetailcollision,#lm_structural_window_frame_res_03_a
physicsasset,#lm_wall_corner_16_in
xmodeldetailcollision,#lm_wall_corner_128_out
xmodeldetailcollision,#lm_wall_corner_64_in
xmodeldetailcollision,#lm_wall_corner_128_in
xmodeldetailcollision,#hash_aa9b4ef6f001cb93
xmodeldetailcollision,#lm_wall_corner_16_out
xmodeldetailcollision,#lm_wall_corner_32_in
xmodeldetailcollision,#lm_wall_corner_96_in
xmodeldetailcollision,#lm_wall_corner_16_in
xmodeldetailcollision,#lm_wall_corner_64_out
xmodeldetailcollision,#lm_wall_corner_32_out
physicsasset,#hash_9aa17be3f05388b1
xmodeldetailcollision,#hash_9aa17be3f05388b1
physicsasset,#hash_afd39a11f2fafbb2
xmodeldetailcollision,#hash_afd39a11f2fafbb2
physicsasset,#hash_821d467b5ad0333e
xmodeldetailcollision,#hash_821d467b5ad0333e
physicsasset,#hash_a51f8511ec57a003
xmodeldetailcollision,#hash_a51f8511ec57a003
physicsasset,#hash_a51f8611ec57a1b6
xmodeldetailcollision,#hash_a51f8611ec57a1b6
physicsasset,#lm_window_frame_metal_02_b_ah
xmodeldetailcollision,#lm_window_frame_metal_02_b_ah
physicsasset,#lm_window_frame_metal_03_a_ah
xmodeldetailcollision,#lm_window_frame_metal_03_a_ah
physicsasset,#hash_c74fbb42bbf9c387
xmodeldetailcollision,#hash_c74fbb42bbf9c387
physicsasset,#london_coffee_machine
xmodeldetailcollision,#london_coffee_machine
xmodeldetailcollision,#london_coffee_machine_cup
physicsasset,#london_computer_monitor
xmodeldetailcollision,#london_computer_monitor
physicsasset,#hash_d94e9538005373a9
xmodeldetailcollision,#hash_d94e9538005373a9
physicsasset,#hash_bf0e02d49243eb6a
xmodeldetailcollision,#hash_bf0e02d49243eb6a
physicsasset,#hash_fb63f5d4d2b35468
xmodeldetailcollision,#hash_fb63f5d4d2b35468
physicsasset,#machinery_generator_trailer_01_lg
xmodeldetailcollision,#machinery_generator_trailer_01_lg
physicsasset,#machinery_hose02
xmodeldetailcollision,#machinery_hose02
physicsasset,#machinery_scissor_lift_01
xmodeldetailcollision,#machinery_scissor_lift_01
physicsasset,#machinery_scissor_lift_01_platform
xmodeldetailcollision,#machinery_scissor_lift_01_platform
physicsasset,#machinery_scissor_lift_01_rods
xmodeldetailcollision,#machinery_scissor_lift_01_rods
physicsasset,#manmade_sidewalk_concrete_01
xmodeldetailcollision,#manmade_sidewalk_concrete_01
physicsasset,#manmade_sidewalk_concrete_01_broken_01
xmodeldetailcollision,#manmade_sidewalk_concrete_01_broken_01
physicsasset,#manmade_sidewalk_concrete_01_broken_02
xmodeldetailcollision,#manmade_sidewalk_concrete_01_broken_02
physicsasset,#manmade_sidewalk_concrete_01_broken_13
xmodeldetailcollision,#manmade_sidewalk_concrete_01_broken_13
physicsasset,#hash_a01fd3aee6b73bf5
xmodeldetailcollision,#hash_a01fd3aee6b73bf5
physicsasset,#me_appliance_vending_machine_snack_a
xmodeldetailcollision,#hash_e832e2d6011455c5
physicsasset,#hash_cf08a517bb7834ff
xmodeldetailcollision,#hash_b3c10d2578f752c9
physicsasset,#me_appliance_vending_machine_soda_a
xmodeldetailcollision,#hash_846d7704cc01d1ee
physicsasset,#me_appliance_vending_machine_soda_a_damaged
xmodeldetailcollision,#me_appliance_vending_machine_soda_a_damaged
physicsasset,#hash_9c21c593e9d05af0
xmodeldetailcollision,#hash_b71fac17a4d24cde
physicsasset,#me_building_oldtown_plaster_corner_128
xmodeldetailcollision,#me_building_oldtown_plaster_corner_128
physicsasset,#hash_c8a7b01d016091a4
xmodeldetailcollision,#hash_c8a7b01d016091a4
physicsasset,#hash_c8a4a41d015e4769
xmodeldetailcollision,#hash_c8a4a41d015e4769
physicsasset,#me_construction_plank_bridge_a_08
xmodeldetailcollision,#me_construction_plank_bridge_a_08
physicsasset,#me_construction_plank_bridge_a_15
xmodeldetailcollision,#me_construction_plank_bridge_a_15
physicsasset,#me_construction_plank_bridge_a_17
xmodeldetailcollision,#me_construction_plank_bridge_a_17
physicsasset,#me_curb_trash_01
xmodeldetailcollision,#me_curb_trash_01
physicsasset,#me_curb_trash_02
xmodeldetailcollision,#me_curb_trash_02
physicsasset,#me_decor_leather_bag_01
xmodeldetailcollision,#me_decor_leather_bag_01
physicsasset,#me_door_hatch_door_01
xmodeldetailcollision,#me_door_hatch_door_01
physicsasset,#me_door_shop_single_frame_01_mp
xmodeldetailcollision,#me_door_shop_single_frame_01_mp
physicsasset,#me_electric_generator_01
xmodeldetailcollision,#me_electric_generator_01
physicsasset,#me_electrical_box_small_01
xmodeldetailcollision,#me_electrical_box_small_01
physicsasset,#me_electrical_box_street_01
xmodeldetailcollision,#me_electrical_box_street_01
physicsasset,#me_electrical_garage_arm_01
xmodeldetailcollision,#me_electrical_garage_arm_01
physicsasset,#me_electrical_garage_arm_base_01
xmodeldetailcollision,#me_electrical_garage_arm_base_01_yellow
physicsasset,#hash_c45187f047214960
xmodeldetailcollision,#hash_c45187f047214960
physicsasset,#me_fabric_highway_rooftop_tarp_02
xmodeldetailcollision,#me_fabric_highway_rooftop_tarp_02
physicsasset,#hash_f80f29763ca6578e
xmodeldetailcollision,#hash_93aefd4ef9d8dc37
physicsasset,#me_foliage_tree_dry_lrg
xmodeldetailcollision,#me_foliage_tree_dry_lrg
physicsasset,#hash_c1ea6077ed25daaf
xmodeldetailcollision,#hash_c1ea6077ed25daaf
physicsasset,#hash_b4efe5a6751a6839
xmodeldetailcollision,#hash_b4efe5a6751a6839
physicsasset,#hash_980169ba5d8289c0
xmodeldetailcollision,#hash_d11cc1693d99e983
physicsasset,#hash_d11cc1693d99e983
physicsasset,#hash_b8e0f14c4ed94ce9
xmodeldetailcollision,#hash_b8e0f44c4ed95202
physicsasset,#hash_f9385cd8b8d51c55
physicsasset,#me_garbage_box_cardboard_01
xmodeldetailcollision,#me_garbage_box_cardboard_01
physicsasset,#me_garbage_cardboard_flat_01
xmodeldetailcollision,#me_garbage_cardboard_flat_01
physicsasset,#me_garbage_pile_01
xmodeldetailcollision,#me_littered_clothes_01
physicsasset,#me_hand_pallet_jack_01
xmodeldetailcollision,#me_hand_pallet_jack_01
physicsasset,#hash_ba91f6ec43c7275c
xmodeldetailcollision,#hash_ba91f6ec43c7275c
physicsasset,#me_kitchen_coffee_bag_01
xmodeldetailcollision,#me_kitchen_coffee_bag_01
physicsasset,#me_kitchen_coffee_bag_04
xmodeldetailcollision,#me_kitchen_coffee_bag_04
physicsasset,#me_kitchen_decor_plates_stand
xmodeldetailcollision,#me_kitchen_decor_plates_stand
physicsasset,#me_light_ceiling_fluorescent_tube_bulb_small
xmodeldetailcollision,#me_light_ceiling_fluorescent_tube_small_cage_prop_wz
xmodeldetailcollision,#hash_e8fd35f1cbb6c721
physicsasset,#me_litter_pile_01
xmodeldetailcollision,#me_litter_pile_07
xmodeldetailcollision,#me_litter_pile_01
physicsasset,#me_litter_pile_03
xmodeldetailcollision,#me_litter_pile_03
physicsasset,#me_litter_pile_05
xmodeldetailcollision,#me_litter_pile_05
physicsasset,#me_manhole_cover_02
xmodeldetailcollision,#me_manhole_cover_02
physicsasset,#me_marketplace_wall_corner_rough_01
xmodeldetailcollision,#hash_d1901103dda22c46
xmodeldetailcollision,#hash_d8fba5e294f03705
xmodeldetailcollision,#hash_fe5a0de370b20032
xmodeldetailcollision,#hash_fe5a21e370b2222e
xmodeldetailcollision,#hash_fe5a22e370b223e1
xmodeldetailcollision,#hash_fe5a24e370b22747
physicsasset,#me_metal_chimney_pipe_cap_03
xmodeldetailcollision,#me_metal_chimney_pipe_cap_03
physicsasset,#hash_9365f2c7643ac6c5
xmodeldetailcollision,#hash_9365f2c7643ac6c5
physicsasset,#me_metal_panel_sliding_security_gate_256
xmodeldetailcollision,#me_metal_panel_sliding_security_gate_256
physicsasset,#me_metal_panel_sliding_security_gate_beam_128
xmodeldetailcollision,#me_metal_panel_sliding_security_gate_beam_128
physicsasset,#me_metal_panel_sliding_security_gate_post_01
xmodeldetailcollision,#me_metal_panel_sliding_security_gate_post_01
physicsasset,#me_plaster_barrier_fence_wall_ornate_cap_01
xmodeldetailcollision,#me_plaster_barrier_fence_wall_ornate_cap_01
physicsasset,#me_plaster_barrier_fence_wall_ornate_cap_02
xmodeldetailcollision,#me_plaster_barrier_fence_wall_ornate_cap_02
physicsasset,#me_plaster_barrier_fence_wall_ornate_cap_128
xmodeldetailcollision,#me_plaster_barrier_fence_wall_ornate_cap_128
physicsasset,#me_plaster_barrier_fence_wall_ornate_cap_16
xmodeldetailcollision,#me_plaster_barrier_fence_wall_ornate_cap_16
physicsasset,#hash_80921ec7fd669082
xmodeldetailcollision,#hash_80921ec7fd669082
physicsasset,#me_plaster_barrier_fence_wall_ornate_cap_32
xmodeldetailcollision,#me_plaster_barrier_fence_wall_ornate_cap_32
physicsasset,#me_plaster_barrier_fence_wall_ornate_cap_64
xmodeldetailcollision,#me_plaster_barrier_fence_wall_ornate_cap_64
physicsasset,#me_plaster_barrier_fence_wall_ornate_cap_8
xmodeldetailcollision,#me_plaster_barrier_fence_wall_ornate_cap_8
physicsasset,#me_plaster_barrier_fence_wall_ornate_cap_8_end
xmodeldetailcollision,#me_plaster_barrier_fence_wall_ornate_cap_8_end
physicsasset,#me_pottery_vase_ornate_01
xmodeldetailcollision,#me_pottery_vase_ornate_01
physicsasset,#me_refrigerated_merchandiser_01
xmodeldetailcollision,#me_refrigerated_merchandiser_01_clean_prop_wz
physicsasset,#hash_af915d0ce1596b2e
xmodeldetailcollision,#hash_af915d0ce1596b2e
physicsasset,#me_refrigerated_merchandiser_door_01
xmodeldetailcollision,#me_refrigerated_merchandiser_door_01
physicsasset,#me_riverbed_rock_cluster_02_lg_01
physicsasset,#me_riverbed_rock_cluster_02_lg_02
xmodeldetailcollision,#hash_ab93dfc457adf867
physicsasset,#me_riverbed_rock_cluster_02_md_01
physicsasset,#me_rock_cliff_coastal_01_a
xmodeldetailcollision,#hash_aced4d5031271ef8
physicsasset,#hash_c24921da1e9600ec
xmodeldetailcollision,#hash_a91ddd9a3b88baf7
physicsasset,#hash_8aaa9c39eff67c13
xmodeldetailcollision,#hash_ff8ee2a5dd905796
physicsasset,#hash_92b990b8642852da
xmodeldetailcollision,#hash_92b990b8642852da
physicsasset,#me_sign_office_cctv_01
xmodeldetailcollision,#me_sign_office_cctv_01
physicsasset,#me_sign_office_donutenter_01
xmodeldetailcollision,#hash_ed724b39d3fde062
physicsasset,#me_sign_office_employeeonly_01
xmodeldetailcollision,#me_sign_office_employeeonly_01
physicsasset,#me_sign_office_hazard_01
xmodeldetailcollision,#me_sign_office_hazard_01
physicsasset,#me_sign_office_nocig_01
physicsasset,#me_sign_office_wf_calendar1
xmodeldetailcollision,#me_sign_office_wf_calendar1
physicsasset,#me_sign_office_wf_calendar2
physicsasset,#me_sign_office_wf_deskcalendar1
xmodeldetailcollision,#me_sign_office_wf_deskcalendar1
physicsasset,#hash_bde3d7ab8fb664fe
xmodeldetailcollision,#hash_bde3d7ab8fb664fe
physicsasset,#hash_8d2f6e2a9068d57a
xmodeldetailcollision,#hash_8d2f6e2a9068d57a
physicsasset,#me_stairs_oldtown_plaster_80_set_b
xmodeldetailcollision,#me_stairs_oldtown_plaster_80_set_b
physicsasset,#hash_a73b0c06ae9459ff
xmodeldetailcollision,#hash_a73b0c06ae9459ff
physicsasset,#me_trim_stone_01_128
xmodeldetailcollision,#me_trim_stone_01_128
physicsasset,#hash_dc592dbf895ab84d
xmodeldetailcollision,#hash_dc592dbf895ab84d
physicsasset,#me_trim_stone_01_64
xmodeldetailcollision,#me_trim_stone_01_64
physicsasset,#me_wall_red_village_plaster_adobe_corner_32_01
xmodeldetailcollision,#me_wall_red_village_plaster_adobe_corner_32_01
physicsasset,#me_window_frame_wood_single_01_white
xmodeldetailcollision,#hash_9df9ce9d1a53f430
physicsasset,#hash_ae96bf55a2512d4c
xmodeldetailcollision,#hash_8a43e762e66561ce
physicsasset,#me_wires_marines_hospital_str_128_a
xmodeldetailcollision,#me_wires_marines_hospital_str_128_a
physicsasset,#hash_956fb9657bae831a
xmodeldetailcollision,#hash_956fb9657bae831a
physicsasset,#medical_centrifuge_01
xmodeldetailcollision,#medical_centrifuge_01
physicsasset,#medical_clipboard_wall_a
xmodeldetailcollision,#medical_clipboard_wall_a
physicsasset,#hash_f4e91da042c200cb
xmodeldetailcollision,#hash_f4e91da042c200cb
xmodeldetailcollision,#hash_cc201abee9389926
physicsasset,#medical_tools_tray_01
xmodeldetailcollision,#medical_tools_tray_01
physicsasset,#metal_chain_01_draped_02
xmodeldetailcollision,#metal_chain_01_draped_02
physicsasset,#metal_chain_01_locked
xmodeldetailcollision,#metal_chain_01_locked
physicsasset,#metal_drain_grate_01
xmodeldetailcollision,#metal_drain_grate_01_wet
physicsasset,#misc_bottle_wine_01
xmodeldetailcollision,#misc_bottle_wine_03
physicsasset,#hash_da8e37384f0bdcbf
xmodeldetailcollision,#hash_da8e37384f0bdcbf
physicsasset,#mout_catwalk_support_brace_ibeam_32
xmodeldetailcollision,#mout_catwalk_support_brace_ibeam_32_mp_rust
physicsasset,#mout_catwalk_support_brace_ibeam_64
xmodeldetailcollision,#mout_catwalk_support_brace_ibeam_64_mp_rust
physicsasset,#mout_catwalk_support_brace_ibeam_8
xmodeldetailcollision,#mout_catwalk_support_brace_ibeam_8
physicsasset,#mout_catwalk_support_brace_ibeam_96
xmodeldetailcollision,#mout_catwalk_support_brace_ibeam_96
physicsasset,#mout_catwalk_support_pillar_128
xmodeldetailcollision,#hash_dbb615c199e162c3
physicsasset,#mout_railing_wood_64_solid
xmodeldetailcollision,#mout_railing_wood_64_solid_painted
physicsasset,#hash_b370a7d00298cab7
xmodeldetailcollision,#hash_b370a7d00298cab7
physicsasset,#hash_bda23af9cf629f88
xmodeldetailcollision,#hash_bda23af9cf629f88
physicsasset,#hash_f9aaf3098d5a9ac7
xmodeldetailcollision,#hash_f9aaf3098d5a9ac7
physicsasset,#hash_d3274677b7a10a01
xmodeldetailcollision,#hash_d3274677b7a10a01
physicsasset,#mx_decor_angel_doll_01
xmodeldetailcollision,#mx_decor_angel_doll_01
physicsasset,#hash_dee6612f4827ca1a
xmodeldetailcollision,#hash_dee6612f4827ca1a
physicsasset,#hash_96d371172715cadf
xmodeldetailcollision,#hash_96d371172715cadf
physicsasset,#hash_abecabd9daa18d76
xmodeldetailcollision,#hash_abecabd9daa18d76
physicsasset,#hash_baef78ba0d4aaca3
xmodeldetailcollision,#hash_baef78ba0d4aaca3
physicsasset,#hash_c2593fcc8769f2da
xmodeldetailcollision,#hash_c2593fcc8769f2da
physicsasset,#mx_decor_cat_ceramic_01
xmodeldetailcollision,#mx_decor_cat_ceramic_01
physicsasset,#mx_decor_ceramic_baseboard_trim_01_128
xmodeldetailcollision,#mx_decor_ceramic_baseboard_trim_01_128
physicsasset,#mx_decor_ceramic_baseboard_trim_01_16
xmodeldetailcollision,#mx_decor_ceramic_baseboard_trim_01_16
physicsasset,#mx_decor_ceramic_baseboard_trim_01_32
xmodeldetailcollision,#mx_decor_ceramic_baseboard_trim_01_32
physicsasset,#mx_decor_ceramic_baseboard_trim_01_4
xmodeldetailcollision,#mx_decor_ceramic_baseboard_trim_01_4
physicsasset,#mx_decor_ceramic_baseboard_trim_01_4_corner_in
xmodeldetailcollision,#mx_decor_ceramic_baseboard_trim_01_4_corner_in
physicsasset,#mx_decor_ceramic_baseboard_trim_01_4_corner_out
xmodeldetailcollision,#mx_decor_ceramic_baseboard_trim_01_4_corner_out
physicsasset,#mx_decor_ceramic_baseboard_trim_01_64
xmodeldetailcollision,#mx_decor_ceramic_baseboard_trim_01_64
physicsasset,#mx_decor_ceramic_baseboard_trim_01_8
xmodeldetailcollision,#mx_decor_ceramic_baseboard_trim_01_8
physicsasset,#hash_a974d95cb35a14a7
xmodeldetailcollision,#hash_a974d95cb35a14a7
physicsasset,#hash_c141815c9bc71839
xmodeldetailcollision,#hash_c141815c9bc71839
physicsasset,#hash_c13a955c9bc11b87
xmodeldetailcollision,#hash_c13a955c9bc11b87
physicsasset,#hash_cfdfdf68f787c7d6
xmodeldetailcollision,#hash_cfdfdf68f787c7d6
physicsasset,#hash_f2a15b056236e134
xmodeldetailcollision,#hash_f2a15b056236e134
physicsasset,#hash_c8af0a25c3c66221
xmodeldetailcollision,#hash_c8af0a25c3c66221
physicsasset,#hash_c1297d5c9bb27f8c
xmodeldetailcollision,#hash_c1297d5c9bb27f8c
physicsasset,#hash_cfdfeb68f787dc3a
xmodeldetailcollision,#hash_cfdfeb68f787dc3a
physicsasset,#mx_decor_ceramic_skull_01
xmodeldetailcollision,#mx_decor_ceramic_skull_01
physicsasset,#mx_decor_ceramic_skull_02
xmodeldetailcollision,#mx_decor_ceramic_skull_02
physicsasset,#mx_decor_festival_dayofthedead_doll_01
xmodeldetailcollision,#mx_decor_festival_dayofthedead_doll_01
physicsasset,#mx_decor_festival_dayofthedead_doll_03
xmodeldetailcollision,#mx_decor_festival_dayofthedead_doll_03
physicsasset,#mx_decor_figurine_woman_01
xmodeldetailcollision,#mx_decor_figurine_woman_01
physicsasset,#mx_decor_framed_picture_ceramic_glass_01
xmodeldetailcollision,#mx_decor_framed_picture_ceramic_glass_01
physicsasset,#mx_decor_hanging_ceramic_pot_wall
xmodeldetailcollision,#mx_decor_hanging_ceramic_pot_wall
physicsasset,#mx_decor_mirror_led_wood_frame
xmodeldetailcollision,#mx_decor_mirror_led_wood_frame
xmodeldetailcollision,#mx_decor_mirror_led_wood_frame_broken
physicsasset,#mx_decor_painting_01_a
xmodeldetailcollision,#mx_decor_painting_01_a
physicsasset,#hash_df8f291304d129cd
xmodeldetailcollision,#hash_df8f291304d129cd
physicsasset,#mx_decor_painting_02_a
xmodeldetailcollision,#mx_decor_painting_02_a
physicsasset,#mx_decor_painting_03_a
xmodeldetailcollision,#mx_decor_painting_03_a
physicsasset,#mx_decor_painting_04_a
xmodeldetailcollision,#mx_decor_painting_04_a
physicsasset,#hash_8ae4dc131d5e0ff6
xmodeldetailcollision,#hash_8ae4dc131d5e0ff6
physicsasset,#mx_decor_painting_05_a
xmodeldetailcollision,#mx_decor_painting_05_a
physicsasset,#hash_9e54361036cf30ca
xmodeldetailcollision,#hash_9e54351036cf2f17
physicsasset,#mx_decor_stone_angel_figure_02
xmodeldetailcollision,#mx_decor_stone_angel_figure_02
physicsasset,#hash_8317ede2b28fb610
xmodeldetailcollision,#hash_8317ede2b28fb610
physicsasset,#hash_c51c9420dfbcd0ca
xmodeldetailcollision,#hash_c51c9420dfbcd0ca
physicsasset,#hash_8e458b608a5a5ba0
xmodeldetailcollision,#hash_8e458b608a5a5ba0
physicsasset,#hash_b3c52fde8dd44a1a
xmodeldetailcollision,#hash_b3c52fde8dd44a1a
physicsasset,#hash_b9f81da0e9c43980
xmodeldetailcollision,#hash_b9f81da0e9c43980
physicsasset,#hash_c69e9a91b3195495
xmodeldetailcollision,#hash_c69e9a91b3195495
physicsasset,#hash_ea1b97a306a2887e
xmodeldetailcollision,#hash_ea1b97a306a2887e
physicsasset,#hash_82ea81e73967fa3f
xmodeldetailcollision,#hash_8e901451560a9359
physicsasset,#mx_lighting_exterior_fixture_tunnel_fluorescent
xmodeldetailcollision,#hash_c1e1ef61a373f4a2
physicsasset,#hash_a6f111b2925894ca
xmodeldetailcollision,#hash_a6f111b2925894ca
physicsasset,#hash_b0fa1cf558f52592
xmodeldetailcollision,#hash_b0fa1cf558f52592
physicsasset,#mx_lighting_restaurant_ceiling_bar_light_01
xmodeldetailcollision,#hash_d8fbb33ecc29161b
physicsasset,#hash_be0920e0d531ea41
xmodeldetailcollision,#hash_be0920e0d531ea41
xmodeldetailcollision,#mx_lighting_restaurant_ceiling_light_glass_01_mount
physicsasset,#hash_c3c60e27cf2b6dcb
xmodeldetailcollision,#hash_c3c60e27cf2b6dcb
physicsasset,#hash_d4f07c27d8d931f5
xmodeldetailcollision,#hash_d4f07c27d8d931f5
physicsasset,#mx_sign_commercial_bar_table_ad_01
xmodeldetailcollision,#mx_sign_commercial_bar_table_ad_01
physicsasset,#mx_sign_commercial_bar_valet_01
xmodeldetailcollision,#mx_sign_commercial_bar_valet_01
physicsasset,#hash_88cdf56716bbb1a2
xmodeldetailcollision,#hash_b8945d2f6fa25090
physicsasset,#mx_sign_commercial_billboard_convenience_store_01
xmodeldetailcollision,#mx_sign_commercial_billboard_convenience_store_01
physicsasset,#hash_91166f7118ccea8b
xmodeldetailcollision,#hash_91166f7118ccea8b
physicsasset,#hash_9116707118ccec3e
xmodeldetailcollision,#hash_9116707118ccec3e
physicsasset,#hash_9ce5fd08228977ab
xmodeldetailcollision,#hash_9ce5fd08228977ab
physicsasset,#hash_a0f9b5cee4d0c0ed
xmodeldetailcollision,#hash_a0f9b5cee4d0c0ed
physicsasset,#hash_a0f9b2cee4d0bbd4
xmodeldetailcollision,#hash_a0f9b2cee4d0bbd4
physicsasset,#mx_sign_commercial_common_fire_extinguisher_03
xmodeldetailcollision,#mx_sign_commercial_common_fire_extinguisher_03
physicsasset,#mx_sign_commercial_ice_cream_01
xmodeldetailcollision,#mx_sign_commercial_ice_cream_01
physicsasset,#mx_sign_commercial_market_01
xmodeldetailcollision,#mx_sign_commercial_market_01
physicsasset,#hash_e70f2a3da08e7904
xmodeldetailcollision,#hash_e70f2a3da08e7904
physicsasset,#hash_ace4542e77636e6e
xmodeldetailcollision,#hash_ace4542e77636e6e
physicsasset,#mx_sign_emergency_exit_light_01
xmodeldetailcollision,#mx_sign_emergency_exit_light_01_prop_wz
physicsasset,#mx_sign_neon_spanish_text_01
physicsasset,#hash_8f4133b61f7a11cc
physicsasset,#hash_c698589146ef0993
xmodeldetailcollision,#hash_c698589146ef0993
physicsasset,#hash_cef63a16c3ad2f31
xmodeldetailcollision,#hash_cef63a16c3ad2f31
physicsasset,#hash_c6c009389196a09a
xmodeldetailcollision,#hash_c6c009389196a09a
physicsasset,#hash_e0b61b3b9b89f192
xmodeldetailcollision,#hash_e0b61b3b9b89f192
physicsasset,#hash_dd33d8bfd845de6d
xmodeldetailcollision,#hash_dd33d8bfd845de6d
physicsasset,#hash_a801cebfb9cb6a2f
xmodeldetailcollision,#hash_a801cebfb9cb6a2f
physicsasset,#hash_91325c7986e58ab8
xmodeldetailcollision,#hash_91325c7986e58ab8
physicsasset,#hash_e7033374c7955569
xmodeldetailcollision,#hash_e7033374c7955569
physicsasset,#hash_de81997e73171bd8
xmodeldetailcollision,#hash_de81997e73171bd8
physicsasset,#hash_cf0a6b7e6adb58ee
xmodeldetailcollision,#hash_cf0a6b7e6adb58ee
physicsasset,#mx_street_concrete_base_01
xmodeldetailcollision,#mx_street_concrete_base_01
physicsasset,#mx_street_concrete_base_02
xmodeldetailcollision,#mx_street_concrete_base_02
physicsasset,#mx_street_manhole_cover_02
xmodeldetailcollision,#mx_street_manhole_cover_02
physicsasset,#mx_street_nogales_food_cart_01
xmodeldetailcollision,#mx_street_nogales_food_cart_01
physicsasset,#hash_e095a0da3ea4742c
xmodeldetailcollision,#hash_e095a0da3ea4742c
physicsasset,#hash_e095a1da3ea475df
xmodeldetailcollision,#hash_e095a1da3ea475df
physicsasset,#hash_a731d7b8ad1a9520
xmodeldetailcollision,#hash_a731d7b8ad1a9520
physicsasset,#hash_9fc42cb8a93eb300
xmodeldetailcollision,#hash_9fc42cb8a93eb300
physicsasset,#hash_a4a8cbd7d14bf392
xmodeldetailcollision,#hash_a4a8cbd7d14bf392
physicsasset,#hash_a49e5bd7d142e0bd
xmodeldetailcollision,#hash_a49e5bd7d142e0bd
xmodeldetailcollision,#hash_bf70f9fdda803c45
physicsasset,#hash_dd41c5bdd42f2f89
xmodeldetailcollision,#hash_dd41c5bdd42f2f89
physicsasset,#hash_8ed737fe208a36c1
xmodeldetailcollision,#hash_8ed737fe208a36c1
physicsasset,#mx_window_exterior_metal_double_36_combined_thin
xmodeldetailcollision,#mx_window_exterior_metal_double_36_combined_thin_trs
physicsasset,#hash_f6d005a5da3fe41b
xmodeldetailcollision,#hash_ac7359ca78d74045
physicsasset,#mx_window_exterior_wood_30_56
xmodeldetailcollision,#mx_window_exterior_wood_30_56_saba_ems
physicsasset,#hash_d9fab9ae07752b68
xmodeldetailcollision,#hash_d9fab9ae07752b68
physicsasset,#oil_drum_big_01
xmodeldetailcollision,#oil_drum_big_01_yellow
physicsasset,#hash_dc147a067f88f9a5
xmodeldetailcollision,#hash_dc147a067f88f9a5
physicsasset,#p7_box_cardboard_b_closed
xmodeldetailcollision,#p7_box_cardboard_b_closed
physicsasset,#p7_box_cardboard_c_closed
xmodeldetailcollision,#p7_box_cardboard_c_closed
xmodeldetailcollision,#p7_box_cardboard_c_open01
physicsasset,#p7_box_cardboard_d_closed
xmodeldetailcollision,#p7_box_cardboard_d_closed
physicsasset,#p7_box_cardboard_d_open02
xmodeldetailcollision,#p7_box_cardboard_d_open02
physicsasset,#hash_c254f9b2dad99d2c
xmodeldetailcollision,#hash_fbd8d23f2e2b93d9
physicsasset,#p7_debris_wood_plank_old_64
xmodeldetailcollision,#hash_8b5fe05a974b0374
physicsasset,#p7_door_handle_chrome_01
xmodeldetailcollision,#p7_door_handle_chrome_01
physicsasset,#p7_duct_metal_rectangle_vent
xmodeldetailcollision,#p7_duct_metal_rectangle_vent
physicsasset,#p7_picture_frame_large
xmodeldetailcollision,#p7_picture_frame_large_02
xmodeldetailcollision,#p7_picture_frame_large_01
physicsasset,#p7_pottery_terracotta_a_tan
xmodeldetailcollision,#p7_pottery_terracotta_a_tan
physicsasset,#hash_91ece5681fa6a35f
xmodeldetailcollision,#hash_91ece5681fa6a35f
physicsasset,#hash_8fa28c03dfd76d3d
xmodeldetailcollision,#hash_d4fa8f76eb9b5628
physicsasset,#hash_d8b7f93ee1b7dd10
xmodeldetailcollision,#hash_d8b7f93ee1b7dd10
physicsasset,#painting_canvas_bass_01
xmodeldetailcollision,#painting_canvas_drums_01
physicsasset,#paris_potted_plant_small
xmodeldetailcollision,#paris_potted_plant_small
physicsasset,#hash_9df86eff406be09d
xmodeldetailcollision,#hash_9df86eff406be09d
physicsasset,#hash_8d40289f6c8250a9
xmodeldetailcollision,#electronics_store_register_touchpad
physicsasset,#picture_frame_painting_large_13_townhouse
xmodeldetailcollision,#picture_frame_painting_large_13_townhouse
physicsasset,#hash_97be7433ab887ea4
xmodeldetailcollision,#hash_97be7433ab887ea4
physicsasset,#hash_d1fa010ddc48f5d2
xmodeldetailcollision,#hash_d1fa010ddc48f5d2
physicsasset,#pipe_corridor_single_bracket_02
xmodeldetailcollision,#pipe_corridor_single_bracket_02
physicsasset,#pipe_metal_painted_bend_90_sml
xmodeldetailcollision,#pipe_metal_painted_bend_90_sml_gray_02
physicsasset,#pipe_metal_painted_bend_90_sml_thin
xmodeldetailcollision,#pipe_metal_painted_bend_90_sml_thin
physicsasset,#hash_c4fc834d50e3cdfd
xmodeldetailcollision,#hash_a62a6e7a32c6f97d
physicsasset,#pipe_metal_painted_joint_2way
xmodeldetailcollision,#pipe_metal_painted_joint_2way_black
physicsasset,#pipe_metal_painted_joint_2way_thin
xmodeldetailcollision,#hash_ffcc98ac6c9b89ad
physicsasset,#pipe_metal_painted_joint_3way
xmodeldetailcollision,#hash_a38ebefd7c30239c
physicsasset,#pipe_metal_painted_sprinkler
xmodeldetailcollision,#pipe_metal_painted_sprinkler
physicsasset,#pipe_metal_painted_straight_128
xmodeldetailcollision,#pipe_metal_painted_straight_128_red
physicsasset,#pipe_metal_painted_straight_128_thin
xmodeldetailcollision,#pipe_metal_painted_straight_128_thin
physicsasset,#pipe_metal_painted_straight_16
xmodeldetailcollision,#pipe_metal_painted_straight_16_gray
physicsasset,#pipe_metal_painted_straight_16_thin
xmodeldetailcollision,#pipe_metal_painted_straight_16_thin
physicsasset,#pipe_metal_painted_straight_32
xmodeldetailcollision,#hash_b62d759e8fe4ccdd
physicsasset,#pipe_metal_painted_straight_32_thin
xmodeldetailcollision,#hash_cbd34ce75ac30f79
physicsasset,#pipe_metal_painted_straight_4_thin
xmodeldetailcollision,#hash_93863ef2febcef78
xmodeldetailcollision,#pipe_metal_painted_straight_4_thin
physicsasset,#pipe_metal_painted_straight_64
xmodeldetailcollision,#pipe_metal_painted_straight_64_gray
physicsasset,#pipe_metal_painted_straight_64_thin
xmodeldetailcollision,#pipe_metal_painted_straight_64_thin
physicsasset,#hash_ef5f4344cd8d6e8b
xmodeldetailcollision,#hash_ef5f4344cd8d6e8b
physicsasset,#pipe_metal_painted_support_wall
xmodeldetailcollision,#hash_c67e16ec581408b1
physicsasset,#pipe_metal_painted_support_wall_thin
xmodeldetailcollision,#pipe_metal_painted_support_wall_thin
physicsasset,#pipe_metal_painted_thin_damaged_02
xmodeldetailcollision,#pipe_metal_painted_thin_damaged_02_red
physicsasset,#hash_94722ec8a0812c99
xmodeldetailcollision,#hash_f0a78cb45b95301d
physicsasset,#pipes_metal01
xmodeldetailcollision,#pipes_metal01
physicsasset,#pipes_metal02
xmodeldetailcollision,#pipes_metal02
physicsasset,#planter_shrub_02
xmodeldetailcollision,#planter_shrub_02_clean_white
physicsasset,#planter_window
xmodeldetailcollision,#planter_window_destr
physicsasset,#plumbing_hazmat_pipe_64
xmodeldetailcollision,#plumbing_hazmat_pipe_64
physicsasset,#railing_metal_decor_01_post
xmodeldetailcollision,#railing_metal_decor_01_post
physicsasset,#railing_ornate_metal_16
xmodeldetailcollision,#hash_e1d19417b1b4200d
physicsasset,#railing_ornate_metal_64
xmodeldetailcollision,#hash_a311fe86cbbc9ee4
physicsasset,#hash_9fe4ef5e3342610c
xmodeldetailcollision,#hash_9fe4ef5e3342610c
physicsasset,#residential_ceiling_fan_modern_off
xmodeldetailcollision,#hash_f35a9017adbc5c0c
physicsasset,#residential_ceiling_smoke_alarm
xmodeldetailcollision,#residential_ceiling_smoke_alarm
physicsasset,#residential_ceiling_vent
xmodeldetailcollision,#residential_ceiling_vent
physicsasset,#residential_ceiling_vent_light
xmodeldetailcollision,#residential_ceiling_vent_light
physicsasset,#residential_exterior_vent_16x16
xmodeldetailcollision,#residential_exterior_vent_16x16_painted_white
physicsasset,#residential_exterior_vent_16x32
xmodeldetailcollision,#residential_exterior_vent_16x32_bare
physicsasset,#residential_thermostat
xmodeldetailcollision,#residential_thermostat
physicsasset,#residential_vent_01
xmodeldetailcollision,#residential_vent_01
physicsasset,#hash_d05a28ec9d1fd5c1
xmodeldetailcollision,#hash_d05a28ec9d1fd5c1
physicsasset,#hash_d21148401eaed4ff
xmodeldetailcollision,#hash_ef47f368b45a295c
physicsasset,#roof_asphalt_shingle_cap_shallow_64
xmodeldetailcollision,#roof_asphalt_shingle_cap_shallow_64
physicsasset,#hash_d596025288b80b0a
xmodeldetailcollision,#hash_9526cbc0fead0491
physicsasset,#hash_9f98d0a63c04c6f7
xmodeldetailcollision,#hash_a78f658c9a953644
physicsasset,#hash_d772593ef486af2b
xmodeldetailcollision,#hash_b81cddd5022f5978
physicsasset,#hash_d7794d3ef48cb975
xmodeldetailcollision,#hash_a7c44c0aa19962da
physicsasset,#roof_asphalt_shingle_edge_64
xmodeldetailcollision,#hash_e9031b03ef7fc88d
physicsasset,#roof_asphalt_shingle_edge_cap_shallow
xmodeldetailcollision,#roof_asphalt_shingle_edge_cap_shallow
physicsasset,#roof_asphalt_shingle_side_16_left
xmodeldetailcollision,#roof_asphalt_shingle_side_16_left_brown
physicsasset,#hash_bd31449f5933f97c
xmodeldetailcollision,#hash_8df4b1bd0de66683
physicsasset,#hash_e1ce3beb451b3ad5
xmodeldetailcollision,#hash_b5c0fb048e7e637a
physicsasset,#hash_f6aa03a8100e69ae
xmodeldetailcollision,#hash_dd243289c203c275
physicsasset,#hash_965e3361d1272a70
xmodeldetailcollision,#hash_d27bb960f702b0f7
physicsasset,#hash_bea5cad5a560ecc5
xmodeldetailcollision,#hash_bdcdd67470b383ca
physicsasset,#roof_asphalt_shingle_straight_128
xmodeldetailcollision,#roof_asphalt_shingle_straight_128
physicsasset,#roof_asphalt_shingle_straight_16
xmodeldetailcollision,#hash_b703941503c02669
physicsasset,#roof_asphalt_shingle_straight_32
xmodeldetailcollision,#hash_b56bda773c1ab5f3
physicsasset,#roof_asphalt_shingle_straight_64
xmodeldetailcollision,#hash_8214f31dbaa8cdf0
physicsasset,#roof_tile_ceramic_01_120_cap
xmodeldetailcollision,#roof_tile_ceramic_01_120_cap
physicsasset,#roof_tile_ceramic_01_120by32
xmodeldetailcollision,#roof_tile_ceramic_01_120by32
physicsasset,#hash_f808f5547156a9b6
xmodeldetailcollision,#hash_f808f5547156a9b6
physicsasset,#hash_ade1ee7baa91dc09
xmodeldetailcollision,#hash_ade1ee7baa91dc09
physicsasset,#roof_top_trim_32
xmodeldetailcollision,#roof_top_trim_32
physicsasset,#roof_top_trim_64
xmodeldetailcollision,#roof_top_trim_64
physicsasset,#roof_top_trim_8_corner
xmodeldetailcollision,#roof_top_trim_8_corner
physicsasset,#s4_afr_limestone_rocks_01b
xmodeldetailcollision,#s4_afr_limestone_rocks_01b_burnt
xmodeldetailcollision,#s4_afr_limestone_rocks_01c_burnt
physicsasset,#s4_afr_quarry_cliff_01
xmodeldetailcollision,#hash_f835023b467ebd1b
physicsasset,#s4_afr_wooden_table_01
xmodeldetailcollision,#s4_afr_wooden_table_01
physicsasset,#s4_ger_kitchen_shelf_stuffers_01
xmodeldetailcollision,#s4_ger_kitchen_shelf_stuffers_01
physicsasset,#hash_b84c3e14a62c6f87
xmodeldetailcollision,#hash_b84c3e14a62c6f87
physicsasset,#school_locker_closed_01
xmodeldetailcollision,#school_locker_closed_01
physicsasset,#security_camera_small_white_01
xmodeldetailcollision,#security_camera_small_white_01
physicsasset,#hash_907e9abe5464dad1
xmodeldetailcollision,#hash_907e9abe5464dad1
physicsasset,#sign_advert_soda_02
xmodeldetailcollision,#sign_advert_soda_02
physicsasset,#hash_bb3dc3afa735e253
xmodeldetailcollision,#hash_bb3dc3afa735e253
physicsasset,#hash_893819c3f979d91e
xmodeldetailcollision,#hash_893819c3f979d91e
physicsasset,#hash_893817c3f979d5b8
xmodeldetailcollision,#hash_8b8b0484d9878cfc
physicsasset,#hash_893812c3f979cd39
xmodeldetailcollision,#hash_893812c3f979cd39
physicsasset,#hash_893811c3f979cb86
xmodeldetailcollision,#hash_dd7286b01f69fbca
physicsasset,#hash_893814c3f979d09f
xmodeldetailcollision,#hash_893814c3f979d09f
physicsasset,#hash_893813c3f979ceec
xmodeldetailcollision,#hash_893813c3f979ceec
physicsasset,#hash_89382ac3f979f601
xmodeldetailcollision,#hash_89382ac3f979f601
physicsasset,#hash_893827c3f979f0e8
xmodeldetailcollision,#hash_893827c3f979f0e8
physicsasset,#sign_clock_04
xmodeldetailcollision,#sign_clock_04
physicsasset,#hash_bbab04031f3e019f
xmodeldetailcollision,#hash_bbab04031f3e019f
physicsasset,#hash_bbab05031f3e0352
xmodeldetailcollision,#hash_bbab05031f3e0352
physicsasset,#hash_bbab06031f3e0505
xmodeldetailcollision,#hash_bbab06031f3e0505
physicsasset,#hash_bbaaff031f3df920
xmodeldetailcollision,#hash_bbaaff031f3df920
physicsasset,#sign_commercial_mexico_restaurant_menu_01
xmodeldetailcollision,#sign_commercial_mexico_restaurant_menu_01
physicsasset,#sign_commercial_mexico_restaurant_menu_board_02
xmodeldetailcollision,#sign_commercial_mexico_restaurant_menu_board_02
physicsasset,#hash_d9cbde6b06786ea1
xmodeldetailcollision,#hash_d9cbde6b06786ea1
physicsasset,#sign_commercial_mexico_restaurant_menu_board_04
xmodeldetailcollision,#sign_commercial_mexico_restaurant_menu_board_04
physicsasset,#sign_commercial_mexico_restaurant_menu_board_06
xmodeldetailcollision,#sign_commercial_mexico_restaurant_menu_board_06
physicsasset,#sign_commercial_mexico_restaurant_menu_stack_01
xmodeldetailcollision,#sign_commercial_mexico_restaurant_menu_stack_01
physicsasset,#hash_a811917f819f272c
xmodeldetailcollision,#hash_a811917f819f272c
physicsasset,#hash_a811927f819f28df
xmodeldetailcollision,#hash_a811927f819f28df
physicsasset,#sign_commercial_mexico_tile_06
xmodeldetailcollision,#sign_commercial_mexico_tile_06
physicsasset,#hash_9da4e52d36a71979
xmodeldetailcollision,#hash_9da4e52d36a71979
physicsasset,#sign_emergency_exit_light_02
xmodeldetailcollision,#sign_emergency_exit_light_02
physicsasset,#hash_b4172c3cd29c4fe6
xmodeldetailcollision,#hash_b4172c3cd29c4fe6
physicsasset,#hash_dd5c6ac20702e789
xmodeldetailcollision,#hash_dd5c6ac20702e789
physicsasset,#hash_c7790e0323718a86
xmodeldetailcollision,#hash_c7790e0323718a86
physicsasset,#hash_9143fcf32d827999
xmodeldetailcollision,#hash_a5c159bf3f6d551d
physicsasset,#hash_914408f32d828dfd
xmodeldetailcollision,#hash_e1f21303ebb9fac1
physicsasset,#hash_d42b2f4c429a1aa8
xmodeldetailcollision,#hash_9d3b2080a8884354
physicsasset,#hash_9a3b33532884a576
xmodeldetailcollision,#hash_db5b989e89880462
physicsasset,#stairs_exterior_stone_64
xmodeldetailcollision,#stairs_exterior_stone_64
physicsasset,#stairs_metal_small
xmodeldetailcollision,#stairs_metal_small
xmodeldetailcollision,#hash_dc6f381a51c5b708
physicsasset,#storage_cardboard_box_02
xmodeldetailcollision,#storage_cardboard_box_02
physicsasset,#storage_cardboard_package_box_01
xmodeldetailcollision,#storage_cardboard_package_box_01
physicsasset,#storage_container_plastic_airport_single
xmodeldetailcollision,#storage_container_plastic_security_single
physicsasset,#storage_container_plastic_airport_stack
xmodeldetailcollision,#storage_container_plastic_security_stack
physicsasset,#storage_metal_shelf_office_large
xmodeldetailcollision,#storage_metal_shelf_office_large
physicsasset,#storage_rack_weapon_hook_02
physicsasset,#storage_shoe_rack_01
xmodeldetailcollision,#storage_shoe_rack_01
physicsasset,#storage_wooden_crate_slot_01
xmodeldetailcollision,#storage_wooden_crate_slot_01
physicsasset,#store_cabinet_a_upper_01
xmodeldetailcollision,#store_cabinet_a_upper_01
physicsasset,#hash_89a2ef1ca7432691
xmodeldetailcollision,#hash_89a2ef1ca7432691
physicsasset,#hash_d6e72142ee8cfe5b
xmodeldetailcollision,#hash_d6e72142ee8cfe5b
physicsasset,#hash_ce2b9c770c11e0ed
xmodeldetailcollision,#hash_ce2b9c770c11e0ed
physicsasset,#hash_ce2b99770c11dbd4
xmodeldetailcollision,#hash_ce2b99770c11dbd4
physicsasset,#hash_96fcfad88e0a8b82
xmodeldetailcollision,#hash_96fcfad88e0a8b82
physicsasset,#hash_f06e3982f1932671
xmodeldetailcollision,#hash_f06e3982f1932671
physicsasset,#street_metal_drain_grid_01
xmodeldetailcollision,#street_metal_drain_grid_01
physicsasset,#street_planter_concrete_med_01
xmodeldetailcollision,#street_planter_concrete_med_01
physicsasset,#street_road_bump_01_112
xmodeldetailcollision,#street_road_bump_01_112
physicsasset,#hash_c46f6de0f2ff7aab
xmodeldetailcollision,#hash_c46f6de0f2ff7aab
physicsasset,#hash_90f70606588c9651
xmodeldetailcollision,#hash_a2669f3e9d87f479
physicsasset,#hash_df1c398fa288ef39
xmodeldetailcollision,#hash_b622be2cdf5a4adf
physicsasset,#structural_bracket_iron_rusted_32_l_01
xmodeldetailcollision,#structural_bracket_iron_rusted_32_l_01
physicsasset,#structural_bracket_iron_rusted_32_l_02
xmodeldetailcollision,#structural_bracket_iron_rusted_32_l_02
physicsasset,#structural_bracket_iron_rusted_32_thin_l_02
xmodeldetailcollision,#structural_bracket_iron_rusted_32_thin_l_02
physicsasset,#structural_bracket_iron_rusted_32_thin_l_03
xmodeldetailcollision,#structural_bracket_iron_rusted_32_thin_l_03
physicsasset,#structural_bracket_iron_rusted_32_x_01
xmodeldetailcollision,#structural_bracket_iron_rusted_32_x_01
physicsasset,#structural_bracket_iron_rusted_junction_01
xmodeldetailcollision,#structural_bracket_iron_rusted_junction_01
physicsasset,#hash_f7157a6ca13a51d7
xmodeldetailcollision,#hash_f7157a6ca13a51d7
physicsasset,#hash_f7157b6ca13a538a
xmodeldetailcollision,#hash_f7157b6ca13a538a
physicsasset,#structural_heavy_basement_concrete_pillar_160
xmodeldetailcollision,#structural_heavy_basement_concrete_pillar_160
physicsasset,#hash_f3c5cdd54416db42
xmodeldetailcollision,#hash_f3c5cdd54416db42
physicsasset,#structural_supports_metal_pole_short_01
xmodeldetailcollision,#structural_supports_metal_pole_short_01
physicsasset,#tall_fan
xmodeldetailcollision,#tall_fan
physicsasset,#tool_broom_wood_01
xmodeldetailcollision,#tool_broom_wood_01
physicsasset,#tool_heavy_duty_jack_01
xmodeldetailcollision,#tool_heavy_duty_jack_01
physicsasset,#tool_jerry_can_01
xmodeldetailcollision,#tool_jerry_can_01
physicsasset,#tool_paint_brush_01
xmodeldetailcollision,#tool_paint_brush_01
physicsasset,#tool_shop_broom
xmodeldetailcollision,#tool_shop_broom
physicsasset,#hash_b6397e5bd7e575ed
xmodeldetailcollision,#hash_f2206e31aa31686e
physicsasset,#toy_stuffed_animal_bunny_01
xmodeldetailcollision,#toy_stuffed_animal_bunny_01
physicsasset,#hash_9c2170a11e65444a
xmodeldetailcollision,#hash_9c2170a11e65444a
physicsasset,#trash_bin_metal_01
xmodeldetailcollision,#trash_bin_metal_01
physicsasset,#trash_bin_metal_02
xmodeldetailcollision,#trash_bin_metal_02
physicsasset,#trash_clothes_pile_01
xmodeldetailcollision,#trash_clothes_pile_01
physicsasset,#trash_modern_container_trash
xmodeldetailcollision,#hash_fe46f7ecf51f7920
physicsasset,#trash_plastic_bin_green_01
xmodeldetailcollision,#trash_plastic_bin_blue_01
physicsasset,#trash_rubbish_debris_01
xmodeldetailcollision,#trash_rubbish_debris_01
physicsasset,#trash_rubbish_debris_02
xmodeldetailcollision,#trash_rubbish_debris_02
physicsasset,#hash_c775a17e78bcda4e
xmodeldetailcollision,#hash_c775a17e78bcda4e
physicsasset,#trash_street_debris_02
xmodeldetailcollision,#trash_street_debris_02
physicsasset,#hash_d09aaf0d4a943b0b
xmodeldetailcollision,#hash_d09aaf0d4a943b0b
physicsasset,#hash_fa21f3b55722ef9f
xmodeldetailcollision,#hash_fa21f3b55722ef9f
physicsasset,#hash_88484804dc670328
xmodeldetailcollision,#hash_88484804dc670328
physicsasset,#hash_b56a3b5b3ac4d2cc
xmodeldetailcollision,#hash_88109d5f29ab3ea7
xmodeldetailcollision,#hash_b56a3b5b3ac4d2cc
physicsasset,#hash_b563cf5b3abfaf9a
xmodeldetailcollision,#hash_b563cf5b3abfaf9a
physicsasset,#hash_b5593f5b3ab66665
xmodeldetailcollision,#hash_b5593f5b3ab66665
physicsasset,#hash_b3261c024fb6de35
xmodeldetailcollision,#hash_b3261c024fb6de35
physicsasset,#trim_edging_stone_scalloped_16
xmodeldetailcollision,#trim_edging_stone_scalloped_16_red
physicsasset,#trim_edging_stone_scalloped_32
xmodeldetailcollision,#trim_edging_stone_scalloped_32_red
physicsasset,#trim_edging_stone_scalloped_64
xmodeldetailcollision,#trim_edging_stone_scalloped_64
physicsasset,#trim_metal_top_white_64_small
xmodeldetailcollision,#trim_metal_top_brown_64_small
physicsasset,#trim_plaster_short_128_01
xmodeldetailcollision,#trim_plaster_short_128_01
physicsasset,#hash_c4c01cfec02135fb
xmodeldetailcollision,#hash_c4c01cfec02135fb
physicsasset,#hash_f2f730c2d6d59fc6
xmodeldetailcollision,#hash_f2f730c2d6d59fc6
physicsasset,#hash_fa8b00e3244dc384
xmodeldetailcollision,#hash_fa8b00e3244dc384
physicsasset,#trim_plaster_short_corner_01
xmodeldetailcollision,#trim_plaster_short_corner_01
physicsasset,#trim_riverbank_concrete_01_sm_128
xmodeldetailcollision,#trim_riverbank_concrete_01_sm_128
physicsasset,#trim_riverbank_concrete_01_sm_32
xmodeldetailcollision,#trim_riverbank_concrete_01_sm_32
physicsasset,#trim_wood_beam_planks_01_128
xmodeldetailcollision,#trim_wood_beam_planks_01_128
physicsasset,#trim_wood_beam_planks_01_16
xmodeldetailcollision,#trim_wood_beam_planks_01_16
physicsasset,#trim_wood_beam_planks_01_32
xmodeldetailcollision,#trim_wood_beam_planks_01_32
physicsasset,#trim_wood_beam_planks_01_48
xmodeldetailcollision,#trim_wood_beam_planks_01_48
physicsasset,#trim_wood_beam_planks_01_64
xmodeldetailcollision,#trim_wood_beam_planks_01_64
physicsasset,#trim_wood_beam_planks_01_96
xmodeldetailcollision,#trim_wood_beam_planks_01_96
physicsasset,#trim_wood_beam_planks_02_128
xmodeldetailcollision,#trim_wood_beam_planks_02_128
physicsasset,#trim_wood_beam_planks_02_16
xmodeldetailcollision,#trim_wood_beam_planks_02_16
physicsasset,#trim_wood_beam_planks_02_96
xmodeldetailcollision,#trim_wood_beam_planks_02_96
physicsasset,#trim_wood_beam_planks_03_128
xmodeldetailcollision,#trim_wood_beam_planks_03_128
physicsasset,#trim_wood_beam_planks_03_64
xmodeldetailcollision,#trim_wood_beam_planks_03_64
physicsasset,#hash_d33f66b25cdf613d
xmodeldetailcollision,#hash_d33f66b25cdf613d
physicsasset,#uk_ac_unit_old_01
xmodeldetailcollision,#ac_unit_large
physicsasset,#hash_c57c515d5c77d511
xmodeldetailcollision,#hash_c57c515d5c77d511
physicsasset,#uk_appliance_dryer_machine_02
xmodeldetailcollision,#uk_appliance_dryer_machine_02
physicsasset,#hash_9c7754692bda0da2
xmodeldetailcollision,#hash_9c7754692bda0da2
physicsasset,#uk_appliance_fridge_mini_02
xmodeldetailcollision,#hash_835bfff65171ed0c
physicsasset,#uk_appliance_microwave_02
xmodeldetailcollision,#uk_appliance_microwave_02
physicsasset,#hash_dcd0d2f0653a2c6e
xmodeldetailcollision,#hash_dcd0d2f0653a2c6e
physicsasset,#hash_fd56e13cef9c8cd7
xmodeldetailcollision,#hash_fd56e13cef9c8cd7
physicsasset,#hash_bc39096472624acf
xmodeldetailcollision,#hash_bc390a6472624c82
physicsasset,#uk_automotive_car_battery_01
xmodeldetailcollision,#uk_automotive_car_battery_01
physicsasset,#uk_automotive_lift_01_single
xmodeldetailcollision,#uk_automotive_lift_01_single
physicsasset,#uk_automotive_lift_4_post_01
xmodeldetailcollision,#uk_automotive_lift_4_post_01
physicsasset,#uk_automotive_tire_rack_hanging
xmodeldetailcollision,#uk_automotive_tire_rack_hanging
physicsasset,#hash_fe412f906ffad343
xmodeldetailcollision,#hash_fe412f906ffad343
physicsasset,#hash_965996191fc38eb9
xmodeldetailcollision,#hash_965996191fc38eb9
physicsasset,#uk_battery_charger_01
xmodeldetailcollision,#uk_battery_charger_01
physicsasset,#uk_bottle_oil_med_02
xmodeldetailcollision,#uk_bottle_oil_med_02_green
physicsasset,#hash_c0c1e098418b2e6d
xmodeldetailcollision,#hash_c0c1e098418b2e6d
physicsasset,#hash_c0c1de98418b2b07
xmodeldetailcollision,#hash_c0c1de98418b2b07
physicsasset,#hash_84b2ecbdce368a7e
xmodeldetailcollision,#hash_84b2ecbdce368a7e
physicsasset,#hash_8138d9d557e419c0
xmodeldetailcollision,#hash_8138d9d557e419c0
physicsasset,#uk_brick_wall_trim_01_32
xmodeldetailcollision,#uk_brick_wall_trim_01_32
physicsasset,#hash_f41feebd622721ea
xmodeldetailcollision,#hash_f41feebd622721ea
physicsasset,#uk_brick_wall_trim_01_64
xmodeldetailcollision,#uk_brick_wall_trim_01_64
physicsasset,#hash_c3f13fb61c6b094b
xmodeldetailcollision,#hash_c3f13fb61c6b094b
physicsasset,#hash_eca4106a5f31742b
xmodeldetailcollision,#hash_eca4106a5f31742b
physicsasset,#hash_eca41e6a5f318bf5
xmodeldetailcollision,#hash_eca41e6a5f318bf5
physicsasset,#hash_e7ed929bdc761d4b
xmodeldetailcollision,#hash_e7ed929bdc761d4b
physicsasset,#hash_fc2b943716d959d3
xmodeldetailcollision,#hash_fc2b943716d959d3
physicsasset,#uk_brick_wall_trim_02_64
xmodeldetailcollision,#uk_brick_wall_trim_02_64
physicsasset,#hash_da987c9a2cad8cd3
xmodeldetailcollision,#hash_da987c9a2cad8cd3
physicsasset,#hash_f57b2e99ecf51e08
xmodeldetailcollision,#hash_f57b2e99ecf51e08
physicsasset,#uk_building_exterior_concrete_stairs_32_center_01
xmodeldetailcollision,#uk_building_exterior_concrete_stairs_32_center_01
physicsasset,#uk_building_exterior_concrete_stairs_8_left_01
xmodeldetailcollision,#uk_building_exterior_concrete_stairs_8_left_01
physicsasset,#uk_building_exterior_concrete_stairs_8_right_01
xmodeldetailcollision,#uk_building_exterior_concrete_stairs_8_right_01
physicsasset,#uk_cabinet_display_wood_02
xmodeldetailcollision,#uk_cabinet_display_wood_02
physicsasset,#uk_car_body_paint_filler_01_destr
xmodeldetailcollision,#container_paint_can_01
physicsasset,#uk_chair_folding_01_open
xmodeldetailcollision,#hash_a82a0eb6e22ca4d5
physicsasset,#hash_abf59c5974cead0a
xmodeldetailcollision,#hash_ed6ee9fbfb3e7197
physicsasset,#hash_90670d8c22dddaa1
xmodeldetailcollision,#hash_ebf8b68657a18fec
physicsasset,#uk_clothing_workout_shirt_folded_01
xmodeldetailcollision,#uk_clothing_workout_shirt_folded_01_red
physicsasset,#uk_corkboard_garage_48x36_01_old
xmodeldetailcollision,#uk_corkboard_garage_48x36_01_old
physicsasset,#uk_corkboard_garage_96x48_01_old
xmodeldetailcollision,#uk_corkboard_garage_96x48_01_old
physicsasset,#uk_decor_white_board_rolling_01
xmodeldetailcollision,#uk_decor_white_board_rolling_01
physicsasset,#uk_decor_window_curtain_01_l
xmodeldetailcollision,#uk_decor_window_curtain_01_l
physicsasset,#hash_8405749f6b2828be
xmodeldetailcollision,#hash_8405749f6b2828be
physicsasset,#uk_decor_window_curtain_01_tied_r
xmodeldetailcollision,#uk_decor_window_curtain_01_tied_r
physicsasset,#uk_decor_window_curtain_rod_01
xmodeldetailcollision,#uk_decor_window_curtain_rod_01
physicsasset,#uk_decor_window_curtain_rod_02
xmodeldetailcollision,#hash_9cbea2368ced33f2
physicsasset,#hash_e2de496228b17064
xmodeldetailcollision,#hash_e2de496228b17064
physicsasset,#uk_doors_garage_sectional_01_roller
xmodeldetailcollision,#uk_doors_garage_sectional_01_roller
physicsasset,#uk_doors_garage_sectional_01_roller_closed
xmodeldetailcollision,#uk_doors_garage_sectional_01_roller_closed
physicsasset,#uk_dumpster_small_green_01
xmodeldetailcollision,#hash_8931a517759a94ac
physicsasset,#uk_electronics_sporting_goods_pos_system_01
xmodeldetailcollision,#uk_electronics_sporting_goods_pos_system_01
xmodeldetailcollision,#uk_file_cabinet_garage_01
xmodeldetailcollision,#uk_file_cabinet_garage_04
xmodeldetailcollision,#uk_file_cabinet_garage_big_01
physicsasset,#uk_fire_extinguisher_small_01
xmodeldetailcollision,#uk_fire_extinguisher_small_01
physicsasset,#uk_fire_extinguisher_small_01a
xmodeldetailcollision,#uk_fire_extinguisher_small_01a
physicsasset,#uk_foliage_plant_potted_fern_01
xmodeldetailcollision,#uk_foliage_plant_potted_palm_01
physicsasset,#uk_foliage_plant_potted_fern_01_hanging_winter
xmodeldetailcollision,#uk_foliage_plant_potted_fern_01_hanging_winter
physicsasset,#uk_foliage_plant_potted_yucca_01_hanging
physicsasset,#hash_acab983362eb50b6
xmodeldetailcollision,#hash_acab983362eb50b6
physicsasset,#uk_furniture_couch_leather
xmodeldetailcollision,#uk_furniture_couch_leather
physicsasset,#uk_furniture_couch_retro_leather_01
xmodeldetailcollision,#uk_furniture_couch_retro_leather_01
physicsasset,#hash_fc45ba8b70b20918
xmodeldetailcollision,#hash_fc45ba8b70b20918
physicsasset,#hash_afe6a45b937d6a5f
xmodeldetailcollision,#hash_afe6a45b937d6a5f
physicsasset,#hash_bf99e4a452ee7488
xmodeldetailcollision,#hash_bf99e4a452ee7488
physicsasset,#uk_garage_workbench_01
xmodeldetailcollision,#uk_garage_workbench_01
physicsasset,#uk_gas_tank_thin_cylinder
xmodeldetailcollision,#uk_gas_tank_thin_cylinder_2
physicsasset,#uk_house_baseboard_01_128
xmodeldetailcollision,#uk_house_baseboard_01_128_clean
physicsasset,#uk_house_baseboard_01_16
xmodeldetailcollision,#uk_house_baseboard_01_old_16
physicsasset,#uk_house_baseboard_01_2
xmodeldetailcollision,#uk_house_baseboard_01_old_2
physicsasset,#uk_house_baseboard_01_2_corner_out
xmodeldetailcollision,#uk_house_baseboard_01_old_2_corner_out
physicsasset,#uk_house_baseboard_01_32
xmodeldetailcollision,#hash_d56c42e61d47d165
physicsasset,#uk_house_baseboard_01_4
xmodeldetailcollision,#hash_c8f82b855da61dd4
physicsasset,#uk_house_baseboard_01_4_corner_out
xmodeldetailcollision,#hash_bada3ab2f4433dcb
physicsasset,#uk_house_baseboard_01_64
xmodeldetailcollision,#uk_house_baseboard_01_old_64
physicsasset,#uk_house_baseboard_01_8
xmodeldetailcollision,#uk_house_baseboard_01_old_8
physicsasset,#uk_house_baseboard_01_8_angle_in
xmodeldetailcollision,#hash_f239964a41c2d84b
physicsasset,#uk_house_baseboard_01_8_corner_in
xmodeldetailcollision,#hash_fd5cb28b883a70ea
physicsasset,#uk_house_baseboard_01_8_corner_out
xmodeldetailcollision,#hash_a3f7209635246604
physicsasset,#hash_8bbef9d6d56caffa
xmodeldetailcollision,#hash_94040ee76a3de721
physicsasset,#uk_house_baseboard_stairs_endcap_top_01
xmodeldetailcollision,#hash_b275ea4565f5f227
physicsasset,#uk_house_chair_rail_01_128
xmodeldetailcollision,#uk_house_chair_rail_01_old_128
physicsasset,#uk_house_chair_rail_01_16
xmodeldetailcollision,#uk_house_chair_rail_01_old_16
physicsasset,#uk_house_chair_rail_01_2
xmodeldetailcollision,#hash_a5c13e802f2f0621
physicsasset,#uk_house_chair_rail_01_32
xmodeldetailcollision,#uk_house_chair_rail_01_old_32
physicsasset,#uk_house_chair_rail_01_4
xmodeldetailcollision,#hash_a5c140802f2f0987
physicsasset,#uk_house_chair_rail_01_64
xmodeldetailcollision,#uk_house_chair_rail_01_old_64
physicsasset,#uk_house_chair_rail_01_8
xmodeldetailcollision,#uk_house_chair_rail_01_old_8
physicsasset,#hash_e96497c7c89419b5
xmodeldetailcollision,#hash_b1a4f5ba4cb72a0f
physicsasset,#uk_house_chair_rail_01_8_corner_in
xmodeldetailcollision,#uk_house_chair_rail_01_old_8_corner_in
physicsasset,#uk_house_chair_rail_01_8_corner_out
xmodeldetailcollision,#uk_house_chair_rail_01_old_4_corner_out
xmodeldetailcollision,#uk_house_chair_rail_01_old_8_corner_out
physicsasset,#uk_house_chair_rail_01_8_window_a
xmodeldetailcollision,#uk_house_chair_rail_01_old_8_window_a
physicsasset,#uk_house_chair_rail_01_8_window_b
xmodeldetailcollision,#uk_house_chair_rail_01_old_8_window_b
physicsasset,#uk_house_gutter_128_01
xmodeldetailcollision,#uk_house_gutter_128_01_tin
physicsasset,#uk_house_gutter_32_01
xmodeldetailcollision,#uk_house_gutter_32_01_tin
physicsasset,#uk_house_gutter_64_01
xmodeldetailcollision,#uk_house_gutter_64_01_tin
physicsasset,#uk_house_gutter_end_cap_01
xmodeldetailcollision,#uk_house_gutter_end_cap_01_tin
physicsasset,#uk_house_gutter_head_cap_01
xmodeldetailcollision,#uk_house_gutter_head_cap_01_tin
physicsasset,#uk_house_gutter_pipe_128_01
xmodeldetailcollision,#hash_d356a4310bb8c1ae
physicsasset,#uk_house_gutter_pipe_24_01
xmodeldetailcollision,#hash_ed476d30d9932b95
physicsasset,#uk_house_gutter_pipe_32_01
xmodeldetailcollision,#hash_8a1ee029b6ec0cc8
physicsasset,#uk_house_gutter_pipe_32_end_01
xmodeldetailcollision,#hash_aa4721c227c25d02
physicsasset,#uk_house_gutter_pipe_64_01
xmodeldetailcollision,#hash_fab1fd950bc0ad79
physicsasset,#uk_house_gutter_pipe_bracket_01
xmodeldetailcollision,#uk_house_gutter_pipe_bracket_01_tin
physicsasset,#uk_house_gutter_pipe_bracket_02
xmodeldetailcollision,#uk_house_gutter_pipe_bracket_02
physicsasset,#uk_house_gutter_pipe_elbow_section_01
xmodeldetailcollision,#uk_house_gutter_pipe_elbow_section_01_tin
physicsasset,#uk_house_gutter_pipe_elbow_section_02
xmodeldetailcollision,#hash_88088372aeb14065
physicsasset,#uk_house_gutter_pipe_elbow_section_03
xmodeldetailcollision,#hash_fe569f427d7f6fbe
physicsasset,#uk_house_gutter_pipe_funnel_01
xmodeldetailcollision,#uk_house_gutter_pipe_funnel_01_tin
physicsasset,#uk_house_gutter_pipe_groundspout_01
xmodeldetailcollision,#hash_c6f8a791623daac1
physicsasset,#uk_house_gutter_support_01
xmodeldetailcollision,#uk_house_gutter_support_01_tin
physicsasset,#uk_house_handrails_64
xmodeldetailcollision,#uk_house_handrails_64
physicsasset,#uk_house_handrails_end_cap_01
xmodeldetailcollision,#uk_house_handrails_end_cap_01
physicsasset,#uk_house_molding_01_128
xmodeldetailcollision,#hash_b0401e6c868a6471
physicsasset,#uk_house_molding_01_16
xmodeldetailcollision,#uk_house_molding_01_16
physicsasset,#uk_house_molding_01_16_corner_in
xmodeldetailcollision,#uk_house_molding_01_16_corner_in
xmodeldetailcollision,#hash_ba8e4c233aec2dc0
xmodeldetailcollision,#uk_house_molding_01_16_corner_in_brown
physicsasset,#uk_house_molding_01_16_corner_out
xmodeldetailcollision,#uk_house_molding_01_16_corner_out_brown
xmodeldetailcollision,#hash_cf0d4c5c60b55f09
xmodeldetailcollision,#uk_house_molding_01_16_corner_out
physicsasset,#hash_df805d22be99c8b9
xmodeldetailcollision,#hash_bd600b62d4113f9f
xmodeldetailcollision,#hash_df805d22be99c8b9
physicsasset,#uk_house_molding_01_32
xmodeldetailcollision,#uk_house_molding_01_32
physicsasset,#uk_house_molding_01_4
xmodeldetailcollision,#hash_a41790f664d3aabc
xmodeldetailcollision,#uk_house_molding_01_4
physicsasset,#uk_house_molding_01_64
xmodeldetailcollision,#hash_ddca1010db51ece0
physicsasset,#uk_house_molding_01_8
xmodeldetailcollision,#hash_81987c9207d55138
physicsasset,#uk_house_molding_01_8_angle_in
xmodeldetailcollision,#hash_e81b1df07fc31214
physicsasset,#uk_house_molding_01_8_corner_in
xmodeldetailcollision,#uk_house_molding_01_old_8_corner_in
xmodeldetailcollision,#uk_house_molding_01_8_corner_in
physicsasset,#uk_house_molding_01_8_corner_out
xmodeldetailcollision,#uk_house_molding_01_8_corner_out
xmodeldetailcollision,#hash_eae78fac2a2e3d14
physicsasset,#uk_industrial_light_02
xmodeldetailcollision,#hash_8c47eb6d1d82d642
physicsasset,#uk_interior_office_ceiling_tile_01
xmodeldetailcollision,#uk_lighting_interior_office_ceiling_tile_01_prop_wz
physicsasset,#uk_janitor_mop_bucket_01
xmodeldetailcollision,#uk_janitor_mop_bucket_01
physicsasset,#uk_kitchen_cabinet_01_16_top
xmodeldetailcollision,#hash_f1a37ada0413eea0
physicsasset,#uk_kitchen_cabinet_01_22_btm
xmodeldetailcollision,#uk_kitchen_cabinet_03_22_btm
xmodeldetailcollision,#hash_e9c8ed20bbf60a6c
physicsasset,#hash_9017ca45beab3065
xmodeldetailcollision,#hash_92c49ee1cc99495b
physicsasset,#hash_f862bb0d1de724e8
xmodeldetailcollision,#hash_b1aba9002fc72906
xmodeldetailcollision,#hash_f862bb0d1de724e8
physicsasset,#uk_kitchen_cabinet_01_36_top
xmodeldetailcollision,#uk_kitchen_cabinet_03_36_top
physicsasset,#uk_kitchen_cabinet_01_38_btm
xmodeldetailcollision,#hash_814df5aa29d9147e
physicsasset,#hash_ad4358180c0483ca
xmodeldetailcollision,#hash_9761752b703c3dbc
physicsasset,#uk_kitchen_cabinet_01_btm_corner_a
xmodeldetailcollision,#hash_dce14cf1c5ae5f58
physicsasset,#uk_kitchen_cabinet_01_btm_corner_a_door_l
xmodeldetailcollision,#hash_a11ca9a5201a57ea
xmodeldetailcollision,#uk_kitchen_cabinet_01_btm_corner_a_door_l
xmodeldetailcollision,#hash_dc01b7dc4c40ba71
physicsasset,#hash_ac4eb212e32142d6
xmodeldetailcollision,#hash_a11caba5201a5b50
xmodeldetailcollision,#hash_ac4eb212e32142d6
physicsasset,#hash_fd921b92099ea9a1
xmodeldetailcollision,#hash_dce149f1c5ae5a3f
physicsasset,#hash_e4ff3fd2b4475ddb
xmodeldetailcollision,#hash_c2e1ae3013379269
physicsasset,#hash_fd920592099e843f
xmodeldetailcollision,#hash_dce15ff1c5ae7fa1
physicsasset,#hash_8646167478478c69
xmodeldetailcollision,#hash_a19ad78e4f3763db
physicsasset,#hash_8a6830147f6fb070
xmodeldetailcollision,#hash_8a6830147f6fb070
xmodeldetailcollision,#hash_a62b06679b59d175
xmodeldetailcollision,#hash_b5b80f2252f05446
physicsasset,#hash_8a682e147f6fad0a
xmodeldetailcollision,#hash_8a682e147f6fad0a
xmodeldetailcollision,#hash_a62af8679b59b9ab
xmodeldetailcollision,#hash_b5b8292252f08074
physicsasset,#uk_kitchen_cabinet_01_door_top_l
xmodeldetailcollision,#hash_c7e4249713b706b8
physicsasset,#uk_kitchen_cabinet_01_door_top_r
xmodeldetailcollision,#hash_c7e4329713b71e82
physicsasset,#uk_kitchen_cabinet_01_drawer
xmodeldetailcollision,#uk_kitchen_cabinet_03_drawer
physicsasset,#uk_kitchen_cabinet_01_island_b
xmodeldetailcollision,#hash_86930321230852c2
xmodeldetailcollision,#hash_8714fe8e1967eee3
physicsasset,#hash_bbee5c3191e01827
xmodeldetailcollision,#hash_bea8d48fc207783d
physicsasset,#uk_kitchen_cabinet_01_sink_a
xmodeldetailcollision,#uk_kitchen_cabinet_03_sink_a
physicsasset,#hash_f355017670ceee0c
xmodeldetailcollision,#hash_90b46472abfe2df2
physicsasset,#hash_9c6cda5fbdff93d7
xmodeldetailcollision,#hash_9c6cda5fbdff93d7
physicsasset,#hash_f218e04cac79554e
xmodeldetailcollision,#hash_81cadb547f6a4192
physicsasset,#hash_b850665235e5c8bc
xmodeldetailcollision,#hash_b850665235e5c8bc
physicsasset,#uk_kitchen_wood_table_01
xmodeldetailcollision,#uk_kitchen_wood_table_01
physicsasset,#uk_ladder_metal_worn_01
xmodeldetailcollision,#uk_ladder_metal_worn_01
physicsasset,#hash_e30b3284f163068d
xmodeldetailcollision,#hash_f77077e95a11dc85
physicsasset,#uk_lighting_ceiling_fixture_02_off
xmodeldetailcollision,#uk_lighting_ceiling_fixture_02_prop_wz
physicsasset,#hash_9a58091e1a0c222a
xmodeldetailcollision,#hash_c18c3a924db2149e
physicsasset,#hash_ac3e8aa88943248a
xmodeldetailcollision,#hash_c00758ac59b3c4e4
physicsasset,#uk_metal_frame_warehouse_01_256
xmodeldetailcollision,#uk_metal_frame_warehouse_01_256
physicsasset,#uk_metal_frame_warehouse_05
xmodeldetailcollision,#uk_metal_frame_warehouse_05
physicsasset,#uk_metal_frame_warehouse_05_02
xmodeldetailcollision,#uk_metal_frame_warehouse_05_02
physicsasset,#uk_metal_frame_warehouse_05_03
xmodeldetailcollision,#uk_metal_frame_warehouse_05_03
physicsasset,#uk_metal_frame_warehouse_05_04
xmodeldetailcollision,#uk_metal_frame_warehouse_05_04
physicsasset,#hash_f970ecec47005106
xmodeldetailcollision,#hash_f970ecec47005106
physicsasset,#uk_metal_frame_warehouse_short
xmodeldetailcollision,#uk_metal_frame_warehouse_short
physicsasset,#uk_misc_aerosol_can_01
xmodeldetailcollision,#uk_misc_aerosol_can_01
physicsasset,#uk_newspaper_stack_01
xmodeldetailcollision,#uk_newspaper_stack_01
physicsasset,#uk_office_filebox_fakewood_closed_01
xmodeldetailcollision,#uk_office_filebox_fakewood_closed_01
physicsasset,#uk_portable_radio_01
xmodeldetailcollision,#uk_portable_radio_01
physicsasset,#uk_security_camera_redlight_01
xmodeldetailcollision,#uk_security_camera_redlight_01
physicsasset,#uk_security_camera_redlight_base_01
xmodeldetailcollision,#uk_security_camera_redlight_base_01
physicsasset,#uk_security_camera_redlight_head_01
xmodeldetailcollision,#uk_security_camera_redlight_head_01
physicsasset,#uk_shelf_garage_02_19x43x71
xmodeldetailcollision,#uk_shelf_garage_02_19x43x71
physicsasset,#uk_shelf_garage_02_19x54x71
xmodeldetailcollision,#uk_shelf_garage_02_19x54x71
physicsasset,#hash_a05cef9280e486a3
xmodeldetailcollision,#hash_a05cef9280e486a3
physicsasset,#uk_shipping_crate_wood_closed_01
xmodeldetailcollision,#ch_crate64x64_simple
physicsasset,#uk_siding_metal_corrugated_01_112_corner
xmodeldetailcollision,#hash_fe38b4eb52eaf577
physicsasset,#uk_siding_metal_corrugated_01_128x24
xmodeldetailcollision,#uk_siding_metal_corrugated_01_128x24_2sided_light_red
physicsasset,#uk_siding_metal_corrugated_01_128x40
xmodeldetailcollision,#uk_siding_metal_corrugated_01_128x40_2sided
physicsasset,#uk_siding_metal_corrugated_01_128x88
xmodeldetailcollision,#hash_d203c99910021133
physicsasset,#hash_c39156ae2af46529
xmodeldetailcollision,#hash_c39156ae2af46529
physicsasset,#hash_9eccf9d9daa2e962
xmodeldetailcollision,#hash_ee432cd04d25d8b0
physicsasset,#uk_siding_metal_corrugated_01_24_corner
xmodeldetailcollision,#uk_siding_metal_corrugated_01_24_corner
xmodeldetailcollision,#uk_siding_metal_corrugated_01_24_corner_white2
physicsasset,#hash_e4c752b9f813e534
xmodeldetailcollision,#hash_9dd3a37944fa9182
physicsasset,#hash_e4db52b9f8248e3e
xmodeldetailcollision,#hash_84a17999855d7ca4
physicsasset,#uk_siding_metal_corrugated_01_256x48
xmodeldetailcollision,#uk_siding_metal_corrugated_01_256x48_2sided
physicsasset,#uk_siding_metal_corrugated_01_40_corner
xmodeldetailcollision,#uk_siding_metal_corrugated_01_40_corner_no_grime
physicsasset,#uk_siding_metal_corrugated_01_64x24
xmodeldetailcollision,#uk_siding_metal_corrugated_01_64x24_rust_2sided
physicsasset,#uk_siding_metal_corrugated_01_64x40
xmodeldetailcollision,#uk_siding_metal_corrugated_01_64x40_rust_2sided
xmodeldetailcollision,#uk_siding_metal_corrugated_01_64x40_dmg
physicsasset,#uk_siding_metal_corrugated_01_64x48
xmodeldetailcollision,#uk_siding_metal_corrugated_01_64x48_unpainted_2sided
physicsasset,#uk_siding_metal_corrugated_01_64x88
xmodeldetailcollision,#hash_b834302917f445ed
xmodeldetailcollision,#uk_siding_metal_corrugated_01_64x88_dmg
physicsasset,#uk_siding_metal_corrugated_01_88_corner
xmodeldetailcollision,#hash_cea2510510b68701
physicsasset,#uk_siding_metal_corrugated_01_8x40
xmodeldetailcollision,#uk_siding_metal_corrugated_01_8x40
physicsasset,#hash_cf192d6fa4c176c9
xmodeldetailcollision,#hash_fc12ec8d6e7c7b42
physicsasset,#uk_sign_pizzeria_standing_sign_01
xmodeldetailcollision,#uk_sign_pizzeria_standing_sign_01
physicsasset,#uk_storage_retail_package_electronics_02
xmodeldetailcollision,#uk_storage_retail_package_electronics_02
physicsasset,#uk_street_road_curb_01
xmodeldetailcollision,#uk_street_road_curb_01
physicsasset,#uk_street_road_curb_128_01
xmodeldetailcollision,#uk_street_road_curb_128_01
physicsasset,#hash_96a562f4a00ea080
xmodeldetailcollision,#hash_96a562f4a00ea080
physicsasset,#uk_street_road_curb_32_01
xmodeldetailcollision,#uk_street_road_curb_32_01
physicsasset,#hash_be37955ccb12b3b7
xmodeldetailcollision,#hash_9964e8134e33faf4
physicsasset,#hash_9964e8134e33faf4
physicsasset,#hash_d5bd205fcab3fc8b
xmodeldetailcollision,#hash_d5bd205fcab3fc8b
physicsasset,#uk_street_road_curb_ramp_32_01a
xmodeldetailcollision,#uk_street_road_curb_ramp_32_01a
physicsasset,#uk_street_road_curb_ramp_32_01b
xmodeldetailcollision,#uk_street_road_curb_ramp_32_01b
physicsasset,#uk_tire_stack_01
xmodeldetailcollision,#uk_tire_stack_01
physicsasset,#uk_tool_box_large_01
xmodeldetailcollision,#uk_tool_box_large_01
physicsasset,#uk_tool_box_large_03
xmodeldetailcollision,#uk_tool_box_large_03b
physicsasset,#uk_tool_box_large_05
xmodeldetailcollision,#uk_tool_box_large_05b
physicsasset,#hash_d964bce1a91523f3
xmodeldetailcollision,#hash_d964bce1a91523f3
physicsasset,#uk_tv_vcr_player_01
xmodeldetailcollision,#uk_tv_vcr_player_01
physicsasset,#uk_wall_brick_corner_02_64
xmodeldetailcollision,#uk_wall_brick_corner_02_64_brown
physicsasset,#hash_c91a2631ba9631b4
xmodeldetailcollision,#hash_c91a2631ba9631b4
physicsasset,#hash_8e541f5eaccf9f0d
xmodeldetailcollision,#hash_8e541f5eaccf9f0d
physicsasset,#uk_windows_exterior_metal_bar_02
xmodeldetailcollision,#uk_windows_exterior_metal_bar_02
physicsasset,#hash_fc9d6c02354b71c1
xmodeldetailcollision,#hash_fc9d6c02354b71c1
physicsasset,#un_appliance_water_cooler_01
xmodeldetailcollision,#un_appliance_water_cooler_01
physicsasset,#un_appliance_water_cooler_02
xmodeldetailcollision,#un_appliance_water_cooler_02
physicsasset,#un_appliance_water_gallon_01
xmodeldetailcollision,#un_appliance_water_gallon_01
physicsasset,#hash_e7fb583004fbced6
physicsasset,#hash_efdc96f6721ef389
xmodeldetailcollision,#hash_efdc96f6721ef389
physicsasset,#hash_b5c9a98b37e3173c
xmodeldetailcollision,#hash_b5c9a98b37e3173c
physicsasset,#hash_9a4cfdf62ec89aba
xmodeldetailcollision,#hash_9a4cfdf62ec89aba
physicsasset,#hash_e81670607ee14089
xmodeldetailcollision,#hash_e81670607ee14089
physicsasset,#hash_e9dc5f024b14e964
xmodeldetailcollision,#hash_e9dc5f024b14e964
physicsasset,#un_foliage_cactus_yucca_small_01
xmodeldetailcollision,#un_foliage_cactus_yucca_small_01
physicsasset,#hash_cbee8554fe80eb91
xmodeldetailcollision,#hash_cbee8554fe80eb91
physicsasset,#hash_8d2e804bb50fa88f
xmodeldetailcollision,#hash_8d2e804bb50fa88f
physicsasset,#hash_9afb2d446480a54e
xmodeldetailcollision,#hash_9afb2d446480a54e
physicsasset,#un_foliage_tree_fanpalm_small_02
xmodeldetailcollision,#un_foliage_tree_fanpalm_small_02
physicsasset,#hash_a460013afe45557b
xmodeldetailcollision,#hash_a460013afe45557b
physicsasset,#hash_a460023afe45572e
xmodeldetailcollision,#hash_a460023afe45572e
physicsasset,#un_industrial_wooden_pallet_01
xmodeldetailcollision,#un_industrial_wooden_pallet_01
physicsasset,#un_industrial_wooden_pallet_01_dead
xmodeldetailcollision,#un_industrial_wooden_pallet_01_dead
physicsasset,#un_industrial_wooden_pallet_stack_02
xmodeldetailcollision,#un_industrial_wooden_pallet_stack_02
physicsasset,#un_metal_steel_support_c_beam_16x4x128
xmodeldetailcollision,#un_metal_steel_support_c_beam_16x4x128_gray
physicsasset,#un_metal_steel_support_c_beam_16x4x256
xmodeldetailcollision,#un_metal_steel_support_c_beam_16x4x256_gray
physicsasset,#un_metal_steel_support_h_beam_16x16x256
xmodeldetailcollision,#hash_ac90dad6d6f8aee0
physicsasset,#un_metal_steel_support_h_beam_16x16x32
xmodeldetailcollision,#hash_dc2c20b1c9b52232
physicsasset,#un_metal_steel_support_h_beam_24x24x128
xmodeldetailcollision,#hash_e668f16da5c21a2e
physicsasset,#hash_a3bbe67fecaf65fa
xmodeldetailcollision,#hash_b6298de260b3fe36
physicsasset,#un_metal_steel_support_h_beam_24x24x256
xmodeldetailcollision,#hash_869bc37626c0c3b2
physicsasset,#un_metal_steel_support_h_beam_24x24x32
xmodeldetailcollision,#hash_ae8933fa39a2cb90
physicsasset,#un_metal_steel_support_h_beam_24x24x64
xmodeldetailcollision,#hash_e405a62d561adb6b
physicsasset,#un_metal_steel_support_tubing_beam_8x4x128
xmodeldetailcollision,#un_metal_steel_support_tubing_beam_8x4x128
physicsasset,#un_metal_steel_support_tubing_beam_8x4x32
xmodeldetailcollision,#un_metal_steel_support_tubing_beam_8x4x32
physicsasset,#un_metal_steel_support_tubing_beam_8x4x64
xmodeldetailcollision,#un_metal_steel_support_tubing_beam_8x4x64_gray
physicsasset,#un_metal_steel_support_tubing_beam_8x8x16
xmodeldetailcollision,#hash_f69e9a8dffebc82f
physicsasset,#un_metal_steel_support_tubing_beam_8x8x32
xmodeldetailcollision,#hash_c43e6c80f5915019
physicsasset,#un_office_binder_01
xmodeldetailcollision,#un_office_binder_01_black
physicsasset,#un_office_binder_set_01
xmodeldetailcollision,#un_office_binder_set_01
physicsasset,#un_office_computer_monitor_01
xmodeldetailcollision,#un_office_computer_monitor_01
physicsasset,#un_office_computer_monitor_02
xmodeldetailcollision,#un_office_computer_monitor_02
physicsasset,#un_office_copier_machine_01_on
xmodeldetailcollision,#un_office_copier_machine_01
physicsasset,#un_office_desk_01_long
xmodeldetailcollision,#un_office_desk_01_long
physicsasset,#hash_ce4734b4553a0ef9
xmodeldetailcollision,#hash_ce4734b4553a0ef9
physicsasset,#un_office_desk_phone_01
xmodeldetailcollision,#un_office_desk_phone_01
physicsasset,#un_office_paper_shredder_01
xmodeldetailcollision,#un_office_paper_shredder_01
physicsasset,#un_office_paper_stack_01
xmodeldetailcollision,#un_office_paper_stack_01
physicsasset,#hash_851c5c3492c9f5f0
xmodeldetailcollision,#un_office_pen_pencil_holder_01
physicsasset,#un_office_queue_post_01
xmodeldetailcollision,#un_office_queue_post_01
physicsasset,#un_office_queue_post_02_signage
xmodeldetailcollision,#un_office_queue_post_02_signage
xmodeldetailcollision,#un_office_queue_post_strap_01
physicsasset,#un_office_queue_strap_64
xmodeldetailcollision,#un_office_queue_strap_64
physicsasset,#un_office_steel_book_rack_01_small
xmodeldetailcollision,#un_office_steel_book_rack_01_small
physicsasset,#un_office_storage_box_01
xmodeldetailcollision,#un_office_storage_box_01
physicsasset,#un_office_walkthrough_metal_detector_01
xmodeldetailcollision,#un_office_walkthrough_metal_detector_01
physicsasset,#hash_fb7656e619213b8a
xmodeldetailcollision,#hash_fb7656e619213b8a
physicsasset,#hash_dfbee1c91bcc584e
xmodeldetailcollision,#hash_ad0afd6bd8bd3dac
physicsasset,#un_signage_flag_stand_01_usa
xmodeldetailcollision,#un_signage_flag_stand_01_usa
physicsasset,#hash_929e498393b73f7b
xmodeldetailcollision,#hash_929e498393b73f7b
physicsasset,#un_stairs_exterior_concrete_short_128
xmodeldetailcollision,#un_stairs_exterior_concrete_short_128
physicsasset,#hash_84ab580395e7de41
xmodeldetailcollision,#hash_84ab580395e7de41
physicsasset,#hash_804db423274393d2
xmodeldetailcollision,#hash_804db423274393d2
physicsasset,#un_structural_cornerstone_90_neoclassical_104
xmodeldetailcollision,#hash_ea5b63763c875d45
physicsasset,#utility_garbage_bin_wheeled_black_body
xmodeldetailcollision,#utility_garbage_bin_wheeled_black_body
physicsasset,#utility_garbage_bin_wheeled_lid
xmodeldetailcollision,#utility_garbage_bin_wheeled_lid
physicsasset,#hash_d1ba705319e3de7c
xmodeldetailcollision,#hash_d1ba705319e3de7c
physicsasset,#utility_satellite_dish
xmodeldetailcollision,#utility_satellite_dish
physicsasset,#utility_service_drop_roof_01
xmodeldetailcollision,#utility_service_drop_roof_01
physicsasset,#utility_service_drop_roof_01_med
xmodeldetailcollision,#utility_service_drop_roof_01_med
physicsasset,#hash_b35207b9f8e4692d
xmodeldetailcollision,#hash_b35207b9f8e4692d
physicsasset,#utility_street_curb_cement_rough_128_a
xmodeldetailcollision,#utility_street_curb_cement_rough_128_a_painted_yellow
xmodeldetailcollision,#utility_street_curb_cement_rough_128_a
physicsasset,#utility_street_curb_cement_rough_128_b
xmodeldetailcollision,#hash_fdc694be1d066981
physicsasset,#utility_street_curb_cement_rough_64_a
xmodeldetailcollision,#utility_street_curb_cement_rough_64_a_painted_yellow
physicsasset,#utility_street_curb_cement_rough_64_b
xmodeldetailcollision,#hash_a1210e6bd379088c
physicsasset,#utility_street_curb_cement_rough_64_d
xmodeldetailcollision,#hash_82d07c4a7459f7e2
physicsasset,#utility_street_curb_cement_rough_corner_rounded_20
xmodeldetailcollision,#utility_street_curb_cement_rough_corner_rounded_20
physicsasset,#utility_street_curb_cement_rough_corner_rounded_64
xmodeldetailcollision,#utility_street_curb_cement_rough_corner_rounded_64_painted_red
physicsasset,#hash_ed8251107a081247
xmodeldetailcollision,#hash_ed8251107a081247
physicsasset,#utility_street_telephone_booth_01
xmodeldetailcollision,#utility_street_telephone_booth_01
physicsasset,#utility_vent_box_01_04
xmodeldetailcollision,#utility_vent_box_01_04
physicsasset,#utility_vent_box_01_08
xmodeldetailcollision,#utility_vent_box_01_08
physicsasset,#utility_vent_box_01_16
xmodeldetailcollision,#utility_vent_box_01_16
physicsasset,#utility_vent_box_01_32
xmodeldetailcollision,#utility_vent_box_01_32
physicsasset,#utility_vent_box_01_48
xmodeldetailcollision,#utility_vent_box_01_48
physicsasset,#utility_vent_box_01_64
xmodeldetailcollision,#utility_vent_box_01_64
physicsasset,#utility_vent_box_bend_02
xmodeldetailcollision,#utility_vent_box_bend_02
physicsasset,#utility_vent_box_curve_01
xmodeldetailcollision,#hash_d87eb708d27e6b70
physicsasset,#utility_vent_round_01_32
xmodeldetailcollision,#hash_e4e62f9d3d6edb21
physicsasset,#utility_vent_round_01_64
xmodeldetailcollision,#utility_vent_round_01_64
physicsasset,#hash_af29b108920c383b
xmodeldetailcollision,#hash_af29b108920c383b
physicsasset,#hash_a985fba4152e70f4
xmodeldetailcollision,#hash_95cfe6f7fd830722
physicsasset,#hash_b302847698435145
xmodeldetailcollision,#hash_d33f02cbdbdd5cdd
physicsasset,#hash_da6a5a2e69ce3f86
xmodeldetailcollision,#hash_da6a5a2e69ce3f86
physicsasset,#veh9_civ_lnd_pickup_1990
xmodeldetailcollision,#hash_b6143f214a377214
physicsasset,#veh9_civ_lnd_pickup_1990_flatbed_static
xmodeldetailcollision,#hash_863e992952e18a58
physicsasset,#veh9_civ_lnd_pickup_1990_static
xmodeldetailcollision,#hash_dbf3e6054376c03e
physicsasset,#hash_a6696e9ec3f50882
xmodeldetailcollision,#hash_a6696e9ec3f50882
xmodeldetailcollision,#hash_f6116613fb4cf59a
physicsasset,#hash_ddffe559307ae282
xmodeldetailcollision,#hash_e8f438384d1c05e8
physicsasset,#veh9_civ_lnd_sedan_hatchback_1985_body
xmodeldetailcollision,#veh9_civ_lnd_sedan_hatchback_1985_body
xmodeldetailcollision,#hash_855510927f9f3efe
physicsasset,#hash_9a488469887b58a6
xmodeldetailcollision,#hash_9a488469887b58a6
physicsasset,#hash_995f9779fdb6d6e2
xmodeldetailcollision,#hash_995f9779fdb6d6e2
physicsasset,#hash_83a9725ccfca0f08
xmodeldetailcollision,#hash_83a9725ccfca0f08
physicsasset,#vent_industrial_exhaust_01
xmodeldetailcollision,#vent_industrial_exhaust_01
physicsasset,#hash_f4f314efc5ae9fcd
xmodeldetailcollision,#hash_f4f314efc5ae9fcd
physicsasset,#hash_c2f70ab6d3a5c857
xmodeldetailcollision,#hash_c2f70ab6d3a5c857
physicsasset,#wall_brick_orange_corner_01_16
xmodeldetailcollision,#wall_brick_orange_corner_01_16
physicsasset,#hash_b3f7aefba05c3b4f
xmodeldetailcollision,#hash_b3f7aefba05c3b4f
physicsasset,#hash_b165d9dca315465d
xmodeldetailcollision,#hash_b165d9dca315465d
physicsasset,#wall_brick_orange_trim_4_16
xmodeldetailcollision,#wall_brick_orange_trim_4_16
physicsasset,#hash_b4dcf7e439b1a67a
xmodeldetailcollision,#hash_b4dcf7e439b1a67a
physicsasset,#wall_brick_orange_trim_4_32
xmodeldetailcollision,#wall_brick_orange_trim_4_32
physicsasset,#hash_92147f357d7bf478
xmodeldetailcollision,#hash_92147f357d7bf478
physicsasset,#hash_b4c867e439a008c0
xmodeldetailcollision,#hash_b4c867e439a008c0
physicsasset,#hash_b4cf77e439a6429e
xmodeldetailcollision,#hash_b4cf77e439a6429e
physicsasset,#wall_brick_orange_trim_4_8
xmodeldetailcollision,#wall_brick_orange_trim_4_8
physicsasset,#wall_brick_orange_trim_4_96
xmodeldetailcollision,#wall_brick_orange_trim_4_96
physicsasset,#hash_cd0a3988d50fbe41
xmodeldetailcollision,#hash_cd0a3988d50fbe41
physicsasset,#wall_brick_orange_trim_4_endcap_l
xmodeldetailcollision,#wall_brick_orange_trim_4_endcap_l
physicsasset,#hash_db21e365ee1e9bb6
xmodeldetailcollision,#hash_db21e365ee1e9bb6
physicsasset,#hash_862327bfa8f57f4f
xmodeldetailcollision,#hash_862327bfa8f57f4f
physicsasset,#hash_8629b3bfa8fad8e1
xmodeldetailcollision,#hash_8629b3bfa8fad8e1
physicsasset,#wall_brick_orange_trim_8_64
xmodeldetailcollision,#wall_brick_orange_trim_8_64
physicsasset,#hash_863e37bfa90c6237
xmodeldetailcollision,#hash_863e37bfa90c6237
physicsasset,#hash_9ec7be1c41204995
xmodeldetailcollision,#hash_86336f36bfbd74ab
physicsasset,#wall_cinderblock_decorative_pillar_short
xmodeldetailcollision,#wall_cinderblock_decorative_01_pillar_short
physicsasset,#wall_concrete_top_rough_128
xmodeldetailcollision,#wall_concrete_top_rough_128
physicsasset,#wall_concrete_top_rough_32
xmodeldetailcollision,#wall_concrete_top_rough_32
physicsasset,#wall_concrete_top_rough_48
xmodeldetailcollision,#wall_concrete_top_rough_48
physicsasset,#wall_concrete_top_rough_64
xmodeldetailcollision,#wall_concrete_top_rough_64
physicsasset,#wall_concrete_top_rough_corner_outside
xmodeldetailcollision,#wall_concrete_top_rough_corner_outside
physicsasset,#wall_corrugated_metal_oilrig_attachment_02
xmodeldetailcollision,#wall_corrugated_metal_oilrig_attachment_02
physicsasset,#wall_corrugated_metal_oilrig_roof_ventilation_01
xmodeldetailcollision,#hash_c34b5f408dac0cd5
physicsasset,#wall_metal_corrugated_commerical_01_128x128
xmodeldetailcollision,#wall_metal_corrugated_commerical_01_128x128
physicsasset,#wall_panel_plastic_corner_01
xmodeldetailcollision,#wall_panel_plastic_corner_01
physicsasset,#wall_panel_plastic_corner_64
xmodeldetailcollision,#wall_panel_plastic_corner_64
physicsasset,#hash_fbf498d6c76d1999
xmodeldetailcollision,#hash_fbf498d6c76d1999
physicsasset,#hash_97fc2f998165d3ba
xmodeldetailcollision,#hash_97fc2f998165d3ba
physicsasset,#hash_9a8933bda7916a37
xmodeldetailcollision,#hash_a71bb0238fd30e15
physicsasset,#hash_daa404afcf8407d7
xmodeldetailcollision,#hash_86c234c6c18168f5
physicsasset,#hash_da936cafcf76455c
xmodeldetailcollision,#hash_c65f082252ebbbaa
physicsasset,#hash_c6ee08b949068556
xmodeldetailcollision,#hash_f346f371e7e640c4
physicsasset,#wall_refractory_brick_corner_01_32
xmodeldetailcollision,#hash_e614c2c84b23c607
physicsasset,#wall_wood_stud_2x6_64_01
xmodeldetailcollision,#wall_wood_stud_2x6_64_marks_01
physicsasset,#hash_bb3c0b0f1256c1aa
xmodeldetailcollision,#hash_bb3c0b0f1256c1aa
physicsasset,#hash_b214d00f0d03eaac
xmodeldetailcollision,#hash_b214d00f0d03eaac
physicsasset,#hash_b2335c0f0d1dd61f
xmodeldetailcollision,#hash_b2335c0f0d1dd61f
physicsasset,#hash_f3e3e2719dbcc156
xmodeldetailcollision,#hash_f3e3e2719dbcc156
physicsasset,#watertank_ladder_72
xmodeldetailcollision,#watertank_ladder_72
physicsasset,#watertank_ladder_short_top
xmodeldetailcollision,#watertank_ladder_short_top
physicsasset,#watertank_ladder_top
xmodeldetailcollision,#hash_e327406af122221b
physicsasset,#window_bar_iron_ornate_01_58_long
xmodeldetailcollision,#window_bar_iron_ornate_01_58_long
physicsasset,#hash_8a480cb3fec918c8
xmodeldetailcollision,#hash_8a480cb3fec918c8
physicsasset,#hash_d55deaaeac226c61
xmodeldetailcollision,#hash_d55deaaeac226c61
physicsasset,#hash_a3cfa34bf79d1514
xmodeldetailcollision,#hash_a3cfa34bf79d1514
physicsasset,#hash_8cf4ab8b69a5a9af
xmodeldetailcollision,#hash_dde86d4d2517d476
physicsasset,#hash_e9ed5e5055fd4767
xmodeldetailcollision,#hash_e9ed5e5055fd4767
physicsasset,#hash_e48013827df56949
xmodeldetailcollision,#window_cover_set_metal_mesh_bars_48_khaki
physicsasset,#hash_ec71b75d8068f74a
xmodeldetailcollision,#window_cover_set_metal_mesh_bars_96_khaki
physicsasset,#hash_a163bf486afe05b6
xmodeldetailcollision,#hash_a163bf486afe05b6
physicsasset,#hash_ee7fe487e2bf59be
xmodeldetailcollision,#hash_ee7fe487e2bf59be
physicsasset,#hash_f6a87a87e73a0b60
xmodeldetailcollision,#hash_f6a87a87e73a0b60
physicsasset,#window_exterior_metal_bar_d_1
xmodeldetailcollision,#window_exterior_metal_bar_d_1
physicsasset,#window_exterior_metal_bar_flat_deco_black_96
xmodeldetailcollision,#hash_93ac98198a227d93
physicsasset,#hash_f9e1d33d58532abc
xmodeldetailcollision,#hash_f9e1d33d58532abc
physicsasset,#hash_a890ea97d1bcacaf
xmodeldetailcollision,#hash_882156c43e704f76
physicsasset,#wire_hanging_01_128x16
xmodeldetailcollision,#wire_hanging_01_128x16
physicsasset,#hash_95c915683f8a7eb8
xmodeldetailcollision,#hash_95c915683f8a7eb8
physicsasset,#wires_hanging_ceiling_extension_cord_02_base
xmodeldetailcollision,#wires_hanging_ceiling_extension_cord_02_base
physicsasset,#worn_cardboard_box_stack_01
xmodeldetailcollision,#me_garbage_box_cardboard_stack_01
xmodeldetailcollision,#ground_wire_bundle_05
xmodeldetailcollision,#hash_8176973a318b3e2e
xmodeldetailcollision,#hash_81828ac48091979e
xmodeldetailcollision,#hash_89382bc3f979f7b4
xmodeldetailcollision,#uk_decor_fast_food_table_cloth_plastic_02
xmodeldetailcollision,#hash_8c401d56823055b8
xmodeldetailcollision,#hash_8dd7c8f2afaa90b3
xmodeldetailcollision,#mx_sign_commercial_common_paper_notices_01_lod0
xmodeldetailcollision,#electrical_wires_jumbled_a_256_simple
xmodeldetailcollision,#hash_9131a511d8cafdc4
xmodeldetailcollision,#hash_9474f22ec312d136
xmodeldetailcollision,#hash_94a44e154cfd225d
xmodeldetailcollision,#hash_96a3893f72e06cdf
xmodeldetailcollision,#hash_96a38a3f72e06e92
xmodeldetailcollision,#ee_wires_stpete_cables_a_128
xmodeldetailcollision,#hash_97f21b99815d5d39
xmodeldetailcollision,#hash_9d1c0eefcf1b8cb1
xmodeldetailcollision,#hash_a3a72b824310e7df
xmodeldetailcollision,#hash_a9ffb8a7312a4db9
xmodeldetailcollision,#hash_afdb47017a5276d5
xmodeldetailcollision,#hash_b163841fb41f52a3
xmodeldetailcollision,#hash_b4c9f000be98b10f
xmodeldetailcollision,#hash_b4c9f100be98b2c2
xmodeldetailcollision,#mx_sign_commercial_common_paper_notices_03_lod0
xmodeldetailcollision,#hash_b9b2d60eacec9268
xmodeldetailcollision,#hash_ba688cb9494ec7b2
xmodeldetailcollision,#mx_sign_commercial_telecom_pay_phone_poster_01
xmodeldetailcollision,#hash_be0fbe1a305f89d9
xmodeldetailcollision,#hash_c30286fc2d4ad8cc
xmodeldetailcollision,#hash_c6ac174d7e045abb
xmodeldetailcollision,#hash_c6b30b4d7e0a6505
xmodeldetailcollision,#eu_trim_modern_interior_wall_wood_01_64
xmodeldetailcollision,#hash_c750eabda5bb9fb2
xmodeldetailcollision,#hash_c9f395b25e2919a6
xmodeldetailcollision,#hash_cb7277919c39ba6a
xmodeldetailcollision,#hash_cf5f7e8e353e46f7
xmodeldetailcollision,#hash_d1bb809f45bcda62
xmodeldetailcollision,#modelkit_concrete_damage_hinge_01
xmodeldetailcollision,#hash_d447e82bc09567f3
xmodeldetailcollision,#sign_bodega_locksmith_02
xmodeldetailcollision,#hash_d6a00c052d6d246a
xmodeldetailcollision,#hash_d6a00d052d6d261d
xmodeldetailcollision,#hash_dacdac036260116e
xmodeldetailcollision,#ee_wires_stpete_allyway_ornament_05
xmodeldetailcollision,#hash_dbe50227e1be2bd2
xmodeldetailcollision,#decor_light_strand_bowed_64_01_prop_wz
xmodeldetailcollision,#electrical_wires_roof_04
xmodeldetailcollision,#hash_ea03f849ecffe525
xmodeldetailcollision,#hash_ec011d00197e02ce
xmodeldetailcollision,#mx_sign_commercial_bar_menu_01_lod0
xmodeldetailcollision,#office_military_paper
xmodeldetailcollision,#hash_f09be457b46a9e2c
xmodeldetailcollision,#hash_f09be757b46aa345
xmodeldetailcollision,#hash_f4869383c86b7721
xmodeldetailcollision,#hash_f68f269a945e2c44
xmodeldetailcollision,#hash_fa02f81bb177aab4
xmodeldetailcollision,#hash_fbeaf4a3cf725e12
collisiontile,#collisiontile_00_0594_base