type,name
xmodeldetailcollision,#appliance_water_heater_02_white
xmodeldetailcollision,#aprt_entrance_stairs_02
xmodeldetailcollision,#awning_decor_iron_ornate_01_128
xmodeldetailcollision,#bathroom_urinal_clean_01
xmodeldetailcollision,#brokenglass_pile01_no_transmission
xmodeldetailcollision,#building_corner_plaster_01_128
xmodeldetailcollision,#building_corrugated_metal4x4_simple
xmodeldetailcollision,#building_exterior_concrete_stairs_01
xmodeldetailcollision,#building_roof_lip_01_grey_48
xmodeldetailcollision,#building_roof_lip_01_tan_corner_inside
xmodeldetailcollision,#building_roof_lip_01_tan_corner_top
xmodeldetailcollision,#building_roof_lip_01_tan_end
xmodeldetailcollision,#building_roof_lip_concrete_01_64_damaged_02
xmodeldetailcollision,#building_wall_broken_corner_48x48_04_tan2
xmodeldetailcollision,#building_wall_corner_brick_01_128
xmodeldetailcollision,#buildup_sand_plaster_02_128
xmodeldetailcollision,#ceiling_panel_metal_128
xmodeldetailcollision,#ceiling_panel_metal_16
xmodeldetailcollision,#ceiling_panel_metal_32
xmodeldetailcollision,#ceiling_panel_metal_64
xmodeldetailcollision,#ceiling_panel_metal_8
xmodeldetailcollision,#ch_crate48x64_simple
xmodeldetailcollision,#ch_crate72x64_simple
xmodeldetailcollision,#cinderblock_wall_endcap_02_24
xmodeldetailcollision,#com_restaurantchair_1
xmodeldetailcollision,#construction_metal_plate_ship_rust_blue
xmodeldetailcollision,#construction_metal_plate_ship_rust_red
xmodeldetailcollision,#container_cooler_01
xmodeldetailcollision,#cp_disco_lounge_chair
xmodeldetailcollision,#cp_rave_bathroom_sink
xmodeldetailcollision,#crate_plastic_sml_01_red
xmodeldetailcollision,#debris_scrap_metal_junkyard_12
xmodeldetailcollision,#debris_stone_blocks_pile_2_gray
xmodeldetailcollision,#decor_barrels_01_blue
xmodeldetailcollision,#decor_cafe_wood_decorative_01_element_01
xmodeldetailcollision,#decor_cafe_wood_decorative_01_post_128
xmodeldetailcollision,#decor_cafe_wood_decorative_01_post_32
xmodeldetailcollision,#decor_cafe_wood_decorative_01_post_64
xmodeldetailcollision,#decor_luxury_dining_table
xmodeldetailcollision,#decor_luxury_dining_table_standing
xmodeldetailcollision,#decor_mooring_ship_deck_cylinder_double_02
xmodeldetailcollision,#decor_ornate_stone_trim_corner_small
xmodeldetailcollision,#dh_theater_curtain_01
xmodeldetailcollision,#door_frame_double_industrial_metal_mp_02_grey_02
xmodeldetailcollision,#door_frame_metal_04_flat_painted_clean_mp_lightblue
xmodeldetailcollision,#door_frame_metal_panel_01_single_mp_hero
xmodeldetailcollision,#door_frame_wooden_panel_03_painted_mp_tint
xmodeldetailcollision,#door_metal_office_single_frame_01_mp
xmodeldetailcollision,#door_vertical_plastic_blinds_double_closed
xmodeldetailcollision,#door_vertical_plastic_blinds_double_partially
xmodeldetailcollision,#door_vertical_plastic_blinds_single_closed
xmodeldetailcollision,#door_watertight_56x96_left_mp
xmodeldetailcollision,#door_watertight_56x96_right_mp
xmodeldetailcollision,#door_watertight_frame_56x96_right_mp
xmodeldetailcollision,#door_wood_ornate_01_blue_double_frame
xmodeldetailcollision,#ee_appliance_washer_door
xmodeldetailcollision,#ee_bathroom_toilet_divider_02
xmodeldetailcollision,#ee_building_exterior_concrete_stairs_divider_01_dark
xmodeldetailcollision,#ee_building_firestation_01_poster_02
xmodeldetailcollision,#ee_door_metal_worn_door_01_brown
xmodeldetailcollision,#ee_door_metal_worn_roller_01
xmodeldetailcollision,#ee_fabric_military_tarp_hanging_128_01_white_light
xmodeldetailcollision,#ee_fence_street_metal_01_blue
xmodeldetailcollision,#ee_fence_street_metal_01_endcap_blue
xmodeldetailcollision,#ee_fence_street_metal_02_blue
xmodeldetailcollision,#ee_furniture_club_bar_appliances
xmodeldetailcollision,#ee_furniture_club_bar_appliances_e
xmodeldetailcollision,#ee_furniture_lab_office_divider
xmodeldetailcollision,#ee_furniture_wall_table_red_01_left_end
xmodeldetailcollision,#ee_furniture_wall_table_red_01_right_end
xmodeldetailcollision,#ee_light_fixture_lamp_tall_03_off_wz
xmodeldetailcollision,#ee_pipe_02_joint_coupling_01_rust
xmodeldetailcollision,#ee_pipe_03_32_adopter
xmodeldetailcollision,#ee_pipe_04_valve_02_yellow
xmodeldetailcollision,#ee_pipe_05_128
xmodeldetailcollision,#ee_pipe_05_256
xmodeldetailcollision,#ee_pipe_05_32_rust
xmodeldetailcollision,#ee_pipe_05_64
xmodeldetailcollision,#ee_pipe_05_elbow_01_rust
xmodeldetailcollision,#ee_pipe_05_t_rust
xmodeldetailcollision,#ee_rock_dirt_muddy_ground_a_02_light
xmodeldetailcollision,#ee_rock_riverbed_cluster_02_lg_03
xmodeldetailcollision,#ee_rock_riverbed_cluster_02_md_04
xmodeldetailcollision,#ee_sign_commercial_menu_board_07
xmodeldetailcollision,#ee_sign_corporate_01_use_stairs_fire
xmodeldetailcollision,#ee_sign_oil_rig_life_jacket_02
xmodeldetailcollision,#ee_sign_oil_rig_life_jacket_03
xmodeldetailcollision,#ee_trim_small_roof_128_brown
xmodeldetailcollision,#ee_trim_small_roof_16_stone_beige
xmodeldetailcollision,#ee_trim_small_roof_32_stone_beige
xmodeldetailcollision,#ee_trim_small_roof_8_stone_beige
xmodeldetailcollision,#ee_trim_small_roof_corner_outside_gray
xmodeldetailcollision,#ee_utility_toilet_01
xmodeldetailcollision,#ee_window_sill_small_01
xmodeldetailcollision,#electrical_distribution_box_01_mp
xmodeldetailcollision,#electrical_distribution_cabinet_wall_base
xmodeldetailcollision,#electrical_distribution_cabinet_wall_lid
xmodeldetailcollision,#electrical_flat_conduit_kit_single_4
xmodeldetailcollision,#electrical_flat_conduit_kit_single_48
xmodeldetailcollision,#electrical_flat_conduit_kit_single_8
xmodeldetailcollision,#electrical_flat_conduit_kit_single_96
xmodeldetailcollision,#electrical_flat_conduit_kit_single_outside_corner
xmodeldetailcollision,#electrical_flat_conduit_kit_tjunction_small
xmodeldetailcollision,#electrical_north_america_outlets_01_single_white
xmodeldetailcollision,#electronics_control_panel_box_med_02
xmodeldetailcollision,#electronics_control_panel_rectangular_big
xmodeldetailcollision,#electronics_control_panel_rectangular_med_02
xmodeldetailcollision,#electronics_control_panel_rectangular_small
xmodeldetailcollision,#electronics_fire_alarm_01_white_off
xmodeldetailcollision,#electronics_monitor_hanging_ship_interior_bracket
xmodeldetailcollision,#floor_metal_plate_dmg_rust_128x32
xmodeldetailcollision,#furniture_bed_bunk_children_metal_frame_black
xmodeldetailcollision,#furniture_bunk_bed_wood_ship_furled
xmodeldetailcollision,#furniture_fire_hose_box_base
xmodeldetailcollision,#furniture_fire_hose_box_lid
xmodeldetailcollision,#furniture_modern_table_03
xmodeldetailcollision,#furniture_rug_01_flat_01
xmodeldetailcollision,#furniture_rug_01_flat_02
xmodeldetailcollision,#furniture_table_wood_stationary_ship_54x34
xmodeldetailcollision,#glass_broken_debris_pile_02
xmodeldetailcollision,#glass_broken_debris_pile_03
xmodeldetailcollision,#glass_broken_frame_corner_01
xmodeldetailcollision,#ladder_old_wood_01_160
xmodeldetailcollision,#lighting_ceiling_interior_rectangle
xmodeldetailcollision,#lighting_fixtures_security_lamp_withcage_01_off_wz
xmodeldetailcollision,#lm_door_glass_metal_frame_door_160
xmodeldetailcollision,#lm_door_glass_metal_frame_window_trainstation_03
xmodeldetailcollision,#lm_street_concrete_sidewalk_16x16_01
xmodeldetailcollision,#lobster_cage_empty_01
xmodeldetailcollision,#machinery_ac_unit_condenser_01
xmodeldetailcollision,#machinery_ac_unit_condenser_01_paver
xmodeldetailcollision,#machinery_boat_holder
xmodeldetailcollision,#machinery_chimney_metal_ship_huge_mp
xmodeldetailcollision,#machinery_industrial_water_pump_01
xmodeldetailcollision,#machinery_railroad_track_pipes_01
xmodeldetailcollision,#machinery_railroad_track_switch_01
xmodeldetailcollision,#machinery_rope_ship_deck_hoist_drum_single
xmodeldetailcollision,#manmade_metal_plate_128x64
xmodeldetailcollision,#me_appliance_vending_machine_soda_a
xmodeldetailcollision,#me_building_clinic_column
xmodeldetailcollision,#me_building_clinic_decor
xmodeldetailcollision,#me_building_clinic_fence
xmodeldetailcollision,#me_building_clinic_roof_decor_01
xmodeldetailcollision,#me_building_clinic_roof_decor_02
xmodeldetailcollision,#me_ceiling_tile_1x1_a
xmodeldetailcollision,#me_construction_plank_bridge_a_03_simple
xmodeldetailcollision,#me_construction_plank_bridge_a_13_simple
xmodeldetailcollision,#me_construction_plank_bridge_a_14_simple
xmodeldetailcollision,#me_construction_plank_bridge_a_20_simple
xmodeldetailcollision,#me_garbage_box_cardboard_stack_01
xmodeldetailcollision,#me_gas_lantern_02_on_warm_wz
xmodeldetailcollision,#me_lamp_ornate_standing_01
xmodeldetailcollision,#me_light_ceiling_fluorescent_tube_cage_on_neutral_wz
xmodeldetailcollision,#me_machinery_water_pump_hose_corner_01_yellow
xmodeldetailcollision,#me_marketplace_wall_corner_rough_01j
xmodeldetailcollision,#me_marketplace_wall_corner_rough_01w
xmodeldetailcollision,#me_rock_cliff_01_curve_a
xmodeldetailcollision,#me_rock_cliff_01_small_a
xmodeldetailcollision,#me_sign_gas_01
xmodeldetailcollision,#me_sign_street_set_hanging_rectangular_blank
xmodeldetailcollision,#me_signs_industrial_220_volt
xmodeldetailcollision,#me_signs_industrial_blank
xmodeldetailcollision,#me_wall_lobby_wainscoting_x64_b
xmodeldetailcollision,#me_wires_marines_hospital_str_016_a
xmodeldetailcollision,#medical_bed_01
xmodeldetailcollision,#medical_bed_01_mattress
xmodeldetailcollision,#medical_blood_transfer_cart_01
xmodeldetailcollision,#medical_cabinet_02
xmodeldetailcollision,#medical_curtain_01_32
xmodeldetailcollision,#medical_curtain_01_64
xmodeldetailcollision,#medical_curtain_01_corner
xmodeldetailcollision,#medical_curtain_track_01_128
xmodeldetailcollision,#medical_curtain_track_01_32
xmodeldetailcollision,#medical_curtain_track_01_64
xmodeldetailcollision,#medical_curtain_track_01_ceiling_mount
xmodeldetailcollision,#medical_handrail_str_016_a
xmodeldetailcollision,#medical_handrail_str_032_a
xmodeldetailcollision,#medical_handrail_str_064_a
xmodeldetailcollision,#medical_handrail_str_128_a
xmodeldetailcollision,#mout_catwalk_256_rusted
xmodeldetailcollision,#mout_catwalk_cap_rusted
xmodeldetailcollision,#mout_catwalk_railing_64_worn
xmodeldetailcollision,#mout_catwalk_stairs_bottom_rusted
xmodeldetailcollision,#mout_catwalk_stairs_connector_rusted
xmodeldetailcollision,#mout_catwalk_stairs_middle_rusted
xmodeldetailcollision,#mout_catwalk_stairs_norail_middle_4step
xmodeldetailcollision,#mout_catwalk_support_brace_48x128
xmodeldetailcollision,#mout_catwalk_support_brace_92x96
xmodeldetailcollision,#mout_catwalk_support_brace_96x128
xmodeldetailcollision,#mout_catwalk_support_brace_96x96
xmodeldetailcollision,#mout_catwalk_support_brace_angle_92x96
xmodeldetailcollision,#mout_catwalk_support_brace_ibeam_64
xmodeldetailcollision,#mout_catwalk_support_brace_ibeam_96_mp_rust
xmodeldetailcollision,#mout_catwalk_support_brace_left_64x128
xmodeldetailcollision,#oil_drum_big_01
xmodeldetailcollision,#p7_box_cardboard_d_open02
xmodeldetailcollision,#p7_medical_wheelchair_01
xmodeldetailcollision,#pillar_concrete_bricks_column_white_02
xmodeldetailcollision,#pipe_corridor_single_half_01
xmodeldetailcollision,#pipe_metal_painted_bend_90_sml
xmodeldetailcollision,#pipe_metal_painted_curve_16_64
xmodeldetailcollision,#pipe_metal_painted_curve_16_64_thin
xmodeldetailcollision,#pipe_metal_painted_joint_2way
xmodeldetailcollision,#pipe_metal_painted_joint_3way_gray
xmodeldetailcollision,#pipe_metal_painted_straight_128_red
xmodeldetailcollision,#pipe_metal_painted_straight_128_thin_gray
xmodeldetailcollision,#pipe_metal_painted_straight_16
xmodeldetailcollision,#pipe_metal_painted_straight_32_red
xmodeldetailcollision,#pipe_metal_painted_straight_64_orange
xmodeldetailcollision,#pipe_set_pmars_merged_02_a
xmodeldetailcollision,#pipe_set_pmars_merged_02_b
xmodeldetailcollision,#pipe_set_pmars_merged_03_a
xmodeldetailcollision,#pipe_set_pmars_straight
xmodeldetailcollision,#pipes_metal01_plaster_offwhite
xmodeldetailcollision,#railing_handrail_metal_ship_interior_16
xmodeldetailcollision,#railing_handrail_metal_ship_interior_32
xmodeldetailcollision,#railing_handrail_metal_ship_interior_64
xmodeldetailcollision,#railing_handrail_metal_ship_interior_8
xmodeldetailcollision,#railing_handrail_metal_ship_interior_end
xmodeldetailcollision,#railing_handrail_metal_ship_interior_support
xmodeldetailcollision,#railing_metal_decor_01_post_brown
xmodeldetailcollision,#railing_metal_ship_16_mp
xmodeldetailcollision,#railing_metal_ship_32_end_01_mp
xmodeldetailcollision,#railing_metal_ship_32_end_02_mp
xmodeldetailcollision,#railing_metal_ship_corner_02_mp
xmodeldetailcollision,#railing_metal_ship_island_deck_128_mp
xmodeldetailcollision,#railing_metal_ship_island_deck_24x64_mp
xmodeldetailcollision,#railing_metal_ship_island_deck_24x80_mp
xmodeldetailcollision,#railing_metal_ship_island_deck_48x16_mp
xmodeldetailcollision,#railing_metal_ship_island_deck_48x96_mp
xmodeldetailcollision,#railing_metal_ship_island_deck_80_mp
xmodeldetailcollision,#railing_metal_ship_island_deck_convex_left_mp
xmodeldetailcollision,#railing_metal_ship_island_deck_convex_right_mp
xmodeldetailcollision,#railing_metal_ship_island_deck_corner_mp
xmodeldetailcollision,#railing_metal_ship_island_deck_l_corner_mp
xmodeldetailcollision,#railing_metal_ship_island_deck_r_corner_mp
xmodeldetailcollision,#railing_metal_ship_island_deck_support_mp
xmodeldetailcollision,#railing_metal_ship_warp_01_mp
xmodeldetailcollision,#railing_metal_ship_warp_02_mp
xmodeldetailcollision,#railing_ship_deck_04
xmodeldetailcollision,#residential_ceiling_smoke_alarm
xmodeldetailcollision,#river_bed_dirt_pile_03
xmodeldetailcollision,#sign_emergency_exit_light_02_off_wz
xmodeldetailcollision,#sign_mp_crash2_burgertown
xmodeldetailcollision,#sign_mp_crash2_burgertown_02
xmodeldetailcollision,#sign_oilrig_fire_exit_arrow
xmodeldetailcollision,#sign_oilrig_general_alarm_button
xmodeldetailcollision,#sign_oilrig_life_jackets
xmodeldetailcollision,#sign_oilrig_stairs_fall
xmodeldetailcollision,#stairs_industrial_handrail_bars_01b_mrr
xmodeldetailcollision,#stairs_industrial_handrail_bars_01b_mrr_pristine
xmodeldetailcollision,#stairs_industrial_handrail_endcap_01a_straight
xmodeldetailcollision,#stairs_industrial_handrail_endcap_01b_straight
xmodeldetailcollision,#stairs_industrial_handrail_middle_01_straight
xmodeldetailcollision,#stairs_metal_ship_exterior_mp
xmodeldetailcollision,#stationary_overhang_support_metal_island_1st_deck_mp
xmodeldetailcollision,#stationary_overhang_support_metal_island_2nd_deck_left_mp
xmodeldetailcollision,#stationary_overhang_support_metal_island_2nd_deck_mp
xmodeldetailcollision,#stationary_overhang_support_metal_island_2nd_deck_right_mp
xmodeldetailcollision,#stationary_overhang_support_metal_island_3rd_deck_left_mp
xmodeldetailcollision,#stationary_overhang_support_metal_island_3rd_deck_right_mp
xmodeldetailcollision,#stationary_overhang_support_metal_island_4th_deck
xmodeldetailcollision,#stationary_overhang_support_metal_island_4th_top_deck
xmodeldetailcollision,#stationary_overhang_support_metal_whole
xmodeldetailcollision,#storage_cabinet_ship_long
xmodeldetailcollision,#storage_file_box_metal_yellow
xmodeldetailcollision,#storage_food_shelf_metal_white
xmodeldetailcollision,#storage_shelf_beam_horizontal_front_grey
xmodeldetailcollision,#storage_shelf_beam_horizontal_side
xmodeldetailcollision,#storage_shelf_beam_vertical_corner
xmodeldetailcollision,#storage_shipping_container_20ft_closed_lm_red
xmodeldetailcollision,#street_metal_bollard_base_01
xmodeldetailcollision,#structural_bracket_iron_rusted_junction_01
xmodeldetailcollision,#tool_anchor_metal_ship_huge
xmodeldetailcollision,#tower_01_parapet_corner_out_64x64
xmodeldetailcollision,#uk_cinder_block_corner_01_8x128_beige
xmodeldetailcollision,#uk_cinder_block_corner_01_8x88_w
xmodeldetailcollision,#uk_decor_fast_food_booth_01
xmodeldetailcollision,#uk_decor_window_curtain_02_l_c
xmodeldetailcollision,#uk_desk_office_01
xmodeldetailcollision,#uk_doors_garage_sectional_01_closed
xmodeldetailcollision,#uk_doors_garage_sectional_01_frame
xmodeldetailcollision,#uk_fabric_kiosk_tarp_straight_256_01
xmodeldetailcollision,#uk_file_cabinet_garage_big_01
xmodeldetailcollision,#uk_file_cabinet_garage_big_clean_beige
xmodeldetailcollision,#uk_file_cabinet_garage_big_empty_beige
xmodeldetailcollision,#uk_file_cabinet_garage_big_rusty_shell_beige
xmodeldetailcollision,#uk_house_baseboard_01_128
xmodeldetailcollision,#uk_house_baseboard_01_16
xmodeldetailcollision,#uk_house_baseboard_01_2_brown
xmodeldetailcollision,#uk_house_baseboard_01_8_doorway_a
xmodeldetailcollision,#uk_house_baseboard_01_old_64
xmodeldetailcollision,#uk_house_chair_rail_01_16_brown
xmodeldetailcollision,#uk_house_chair_rail_01_4_brown
xmodeldetailcollision,#uk_house_chair_rail_01_8_brown
xmodeldetailcollision,#uk_house_chair_rail_01_8_corner_in
xmodeldetailcollision,#uk_house_chair_rail_01_8_corner_out_brown
xmodeldetailcollision,#uk_house_chair_rail_01_old_128
xmodeldetailcollision,#uk_house_chair_rail_01_old_32
xmodeldetailcollision,#uk_house_chair_rail_01_old_64
xmodeldetailcollision,#uk_house_molding_01_8_brown
xmodeldetailcollision,#uk_house_molding_01_old_32
xmodeldetailcollision,#uk_industrial_light_01_off_wz
xmodeldetailcollision,#uk_lighting_ceiling_fixture_01_on_cool_wz
xmodeldetailcollision,#uk_lighting_ceiling_fixture_02_on_neutral_wz
xmodeldetailcollision,#uk_metal_frame_warehouse
xmodeldetailcollision,#uk_metal_frame_warehouse_02@mp_rust
xmodeldetailcollision,#uk_metal_frame_warehouse_04
xmodeldetailcollision,#uk_metal_frame_warehouse_05
xmodeldetailcollision,#uk_siding_metal_corrugated_01_128x40_gray
xmodeldetailcollision,#uk_siding_metal_corrugated_01_128x88_2sided
xmodeldetailcollision,#uk_siding_metal_corrugated_01_32x48_2sided
xmodeldetailcollision,#uk_siding_metal_corrugated_01_40_corner_gray
xmodeldetailcollision,#uk_siding_metal_corrugated_01_64x24_2sided
xmodeldetailcollision,#uk_siding_metal_corrugated_01_64x40_dmg
xmodeldetailcollision,#uk_siding_metal_corrugated_01_64x40_rust_2sided
xmodeldetailcollision,#uk_siding_metal_corrugated_01_64x40_rust_white
xmodeldetailcollision,#uk_siding_metal_corrugated_01_64x88_2sided_light_red
xmodeldetailcollision,#uk_siding_metal_corrugated_01_88_corner_gray
xmodeldetailcollision,#uk_sign_construction_hardhat_09
xmodeldetailcollision,#uk_storage_wall_light_01_cage_off_wz
xmodeldetailcollision,#uk_wall_wood_stud_frame_01_24x120
xmodeldetailcollision,#un_appliance_water_cooler_01
xmodeldetailcollision,#un_metal_steel_support_bracket_end_plate_02_white
xmodeldetailcollision,#un_metal_steel_support_c_beam_16x4x16_gray
xmodeldetailcollision,#un_metal_steel_support_c_beam_16x4x256_gray
xmodeldetailcollision,#un_metal_steel_support_c_beam_16x4x8_gray
xmodeldetailcollision,#un_metal_steel_support_c_beam_24x8x128_gray
xmodeldetailcollision,#un_metal_steel_support_c_beam_24x8x16_gray
xmodeldetailcollision,#un_metal_steel_support_c_beam_24x8x256_blue
xmodeldetailcollision,#un_metal_steel_support_h_beam_16x16x128_gray
xmodeldetailcollision,#un_metal_steel_support_h_beam_16x16x16_gray
xmodeldetailcollision,#un_metal_steel_support_h_beam_16x16x256_gray
xmodeldetailcollision,#un_metal_steel_support_h_beam_16x16x32_white
xmodeldetailcollision,#un_metal_steel_support_h_beam_16x16x64_gray
xmodeldetailcollision,#un_metal_steel_support_tubing_beam_8x4x128_raw_metal
xmodeldetailcollision,#un_metal_steel_support_tubing_beam_8x4x16_gray
xmodeldetailcollision,#un_metal_steel_support_tubing_beam_8x4x256_gray
xmodeldetailcollision,#un_metal_steel_support_tubing_beam_8x4x32_gray
xmodeldetailcollision,#un_metal_steel_support_tubing_beam_8x4x64_gray
xmodeldetailcollision,#un_metal_steel_support_tubing_beam_8x8x64_gray
xmodeldetailcollision,#un_metal_steel_support_w_beam_16x8x128_blue
xmodeldetailcollision,#un_metal_steel_support_w_beam_16x8x16_gray
xmodeldetailcollision,#un_metal_steel_support_w_beam_16x8x256_blue
xmodeldetailcollision,#un_metal_steel_support_w_beam_16x8x32_gray
xmodeldetailcollision,#un_metal_steel_support_w_beam_16x8x64_gray
xmodeldetailcollision,#un_metal_steel_support_w_beam_16x8x8_gray
xmodeldetailcollision,#un_metal_steel_support_w_beam_24x12x128_gray
xmodeldetailcollision,#un_metal_steel_support_w_beam_24x12x16_gray
xmodeldetailcollision,#un_metal_steel_support_w_beam_24x12x256_gray
xmodeldetailcollision,#un_metal_steel_support_w_beam_24x12x32_gray
xmodeldetailcollision,#un_metal_steel_support_w_beam_24x12x64_gray
xmodeldetailcollision,#un_office_dual_wall_monitor_01_169_off
xmodeldetailcollision,#un_office_server_rack_01_black
xmodeldetailcollision,#un_office_server_rack_large_01_black
xmodeldetailcollision,#un_wall_set_marble_01_high_pillar
xmodeldetailcollision,#utility_vent_adapter_01_md
xmodeldetailcollision,#utility_vent_box_01_04
xmodeldetailcollision,#utility_vent_box_01_16
xmodeldetailcollision,#utility_vent_box_01_32_black
xmodeldetailcollision,#utility_vent_box_01_64
xmodeldetailcollision,#utility_vent_box_curve_01_black
xmodeldetailcollision,#utility_vent_hanger_box_02_short_black
xmodeldetailcollision,#utility_vent_hanger_round_01_short
xmodeldetailcollision,#utility_vent_round_01_16
xmodeldetailcollision,#utility_vent_round_01_32_black
xmodeldetailcollision,#utility_vent_round_01_64
xmodeldetailcollision,#utility_vent_round_01_curve_01
xmodeldetailcollision,#utility_vent_round_01_curve_02
xmodeldetailcollision,#utility_vent_round_tjoint_01
xmodeldetailcollision,#veh8_civ_air_plima_table_01
xmodeldetailcollision,#veh8_civ_lnd_techo_rebel_armor_16
xmodeldetailcollision,#veh8_mil_lnd_benches_double
xmodeldetailcollision,#veh8_mil_lnd_benches_single
xmodeldetailcollision,#veh9_civ_sea_boat_canal
xmodeldetailcollision,#vent_ceiling_ship_interior_semicircle
xmodeldetailcollision,#vent_fan_metal_ship_deck_goose_neck_90degree_wall
xmodeldetailcollision,#vent_fan_metal_ship_deck_goose_neck_medium
xmodeldetailcollision,#vent_metal_ship_interior_round
xmodeldetailcollision,#wall_corner_metal_104
xmodeldetailcollision,#wall_corner_metal_108
xmodeldetailcollision,#wall_corner_metal_120
xmodeldetailcollision,#wall_corner_metal_ship_interior_104
xmodeldetailcollision,#wall_corrugated_metal_oilrig_attachment_02_gray
xmodeldetailcollision,#wall_plaster_decorative_pillar_white
xmodeldetailcollision,#wall_wood_stud_2x6_32_01_nails
xmodeldetailcollision,#window_air_conditioner_02
xmodeldetailcollision,#window_industrial_frame_64x96_02
xmodeldetailcollision,#window_modern_blinds_01_open_32
xmodeldetailcollision,#window_modern_blinds_01_open_partial_32_01
xmodeldetailcollision,#window_office_frame_07_b
xmodeldetailcollision,#wz_train_crate_tarp_01_b
edgelist,#mapedgelist_00301
physicsasset,#appliance_water_heater_02
physicsasset,#aprt_entrance_stairs_02
physicsasset,#awning_decor_iron_ornate_01_128
physicsasset,#bathroom_urinal_dirty_01
physicsasset,#building_awning_destroyed_storefront_frame_04
physicsasset,#building_corner_bevel_plaster_01_128
physicsasset,#building_corrugated_metal4x4
physicsasset,#building_exterior_concrete_stairs_01
physicsasset,#building_roof_lip_01_48
physicsasset,#building_roof_lip_01_corner_inside
physicsasset,#building_roof_lip_01_corner_top
physicsasset,#building_roof_lip_01_end
physicsasset,#building_roof_lip_concrete_01_64_damaged
physicsasset,#building_wall_broken_corner_48x48_04
physicsasset,#buildup_dirt_plaster_01_128
physicsasset,#ceiling_panel_metal_128
physicsasset,#ceiling_panel_metal_16
physicsasset,#ceiling_panel_metal_32
physicsasset,#ceiling_panel_metal_64
physicsasset,#ceiling_panel_metal_8
physicsasset,#ch_crate48x64
physicsasset,#ch_crate72x64
physicsasset,#cinderblock_wall_endcap_01_24
physicsasset,#com_restaurantchair_1
physicsasset,#construction_metal_plate_ship_rust_blue
physicsasset,#construction_metal_plate_ship_rust_red
physicsasset,#construction_window_frames_wood_single_brown
physicsasset,#container_cooler_01
physicsasset,#container_water_industrial_caged_01
physicsasset,#cp_disco_lounge_chair
physicsasset,#cp_rave_bathroom_sink
physicsasset,#crate_plastic_01_small_green
physicsasset,#debris_stone_blocks_pile_2
physicsasset,#decor_barrels_01
physicsasset,#decor_barrels_01_damaged
physicsasset,#decor_cafe_wood_decorative_01_element_01
physicsasset,#decor_cafe_wood_decorative_01_post_128
physicsasset,#decor_cafe_wood_decorative_01_post_32
physicsasset,#decor_cafe_wood_decorative_01_post_64
physicsasset,#decor_luxury_dining_table
physicsasset,#decor_luxury_dining_table_standing
physicsasset,#decor_mooring_ship_deck_cylinder_double_02
physicsasset,#decor_ornate_stone_trim_corner_small
physicsasset,#decor_water_storage_container_01_white
physicsasset,#dh_theater_curtain_01
physicsasset,#door_frame_double_industrial_metal_mp_01
physicsasset,#door_frame_double_industrial_metal_mp_02
physicsasset,#door_frame_metal_04_flat_painted_clean_mp
physicsasset,#door_frame_metal_panel_01_single_mp_hero
physicsasset,#door_frame_single_industrial_metal_mp_01
physicsasset,#door_frame_wooden_panel_03_painted_mp
physicsasset,#door_vertical_plastic_blinds_double_closed
physicsasset,#door_vertical_plastic_blinds_double_partially
physicsasset,#door_vertical_plastic_blinds_single_closed
physicsasset,#door_watertight_56x96_left_mp
physicsasset,#door_watertight_56x96_right_mp
physicsasset,#door_watertight_frame_56x96_left_mp
physicsasset,#door_watertight_frame_56x96_right_mp
physicsasset,#door_wood_ornate_01_blue_double_frame
physicsasset,#ee_appliance_washer_door
physicsasset,#ee_bathroom_toilet_divider_01
physicsasset,#ee_building_exterior_concrete_stairs_divider_01
physicsasset,#ee_building_firestation_01_poster_02
physicsasset,#ee_door_metal_worn_door_01
physicsasset,#ee_door_metal_worn_roller_01
physicsasset,#ee_fabric_military_tarp_hanging_128_01
physicsasset,#ee_fence_street_metal_01
physicsasset,#ee_fence_street_metal_01_endcap
physicsasset,#ee_fence_street_metal_02
physicsasset,#ee_furniture_club_bar_appliances
physicsasset,#ee_furniture_club_bar_appliances_e
physicsasset,#ee_furniture_lab_office_divider
physicsasset,#ee_furniture_wall_table_01_left_end
physicsasset,#ee_furniture_wall_table_01_right_end
physicsasset,#ee_light_fixture_lamp_tall_03
physicsasset,#ee_pipe_02_joint_coupling_01
physicsasset,#ee_pipe_03_32_adopter
physicsasset,#ee_pipe_04_t
physicsasset,#ee_pipe_04_valve_02
physicsasset,#ee_pipe_05_128
physicsasset,#ee_pipe_05_256
physicsasset,#ee_pipe_05_32
physicsasset,#ee_pipe_05_64
physicsasset,#ee_pipe_05_elbow_01
physicsasset,#ee_pipe_05_t
physicsasset,#ee_rock_dirt_muddy_ground_a_02
physicsasset,#ee_rock_riverbed_cluster_02_lg_03
physicsasset,#ee_rock_riverbed_cluster_02_md_04
physicsasset,#ee_sign_commercial_menu_board_07
physicsasset,#ee_sign_corporate_01_use_stairs_fire
physicsasset,#ee_sign_oil_rig_life_jacket_02
physicsasset,#ee_sign_oil_rig_life_jacket_03
physicsasset,#ee_signs_industrial_220_volt
physicsasset,#ee_signs_industrial_extinguisher
physicsasset,#ee_trim_small_roof_128
physicsasset,#ee_trim_small_roof_16
physicsasset,#ee_trim_small_roof_32
physicsasset,#ee_trim_small_roof_8
physicsasset,#ee_trim_small_roof_corner_outside
physicsasset,#ee_utility_toilet_01
physicsasset,#ee_wall_base_brick_128
physicsasset,#ee_wall_base_brick_32
physicsasset,#ee_wall_base_brick_64
physicsasset,#ee_wall_base_brick_corner_90_out
physicsasset,#ee_wall_base_brick_corner_right
physicsasset,#ee_window_sill_small_01
physicsasset,#electrical_conduit_1_strap_sml
physicsasset,#electrical_distribution_box_01
physicsasset,#electrical_distribution_cabinet_wall_base
physicsasset,#electrical_distribution_cabinet_wall_lid
physicsasset,#electrical_flat_conduit_kit_single_4
physicsasset,#electrical_flat_conduit_kit_single_48
physicsasset,#electrical_flat_conduit_kit_single_8
physicsasset,#electrical_flat_conduit_kit_single_96
physicsasset,#electrical_flat_conduit_kit_single_outside_corner
physicsasset,#electrical_flat_conduit_kit_tjunction_small
physicsasset,#electrical_north_america_outlets_01
physicsasset,#electrical_north_america_outlets_01_double
physicsasset,#electrical_wires_jumbled_b_128
physicsasset,#electronics_control_panel_box_med_02
physicsasset,#electronics_control_panel_rectangular_big
physicsasset,#electronics_control_panel_rectangular_med_02
physicsasset,#electronics_control_panel_rectangular_small
physicsasset,#electronics_fire_alarm_01_lod0
physicsasset,#electronics_monitor_hanging_ship_interior_bracket
physicsasset,#floor_metal_plate_dmg_rust_128x32
physicsasset,#furniture_bed_bunk_children_metal_frame_white
physicsasset,#furniture_bunk_bed_wood_ship_furled
physicsasset,#furniture_cafe_chair_01
physicsasset,#furniture_fire_hose_box_base
physicsasset,#furniture_fire_hose_box_lid
physicsasset,#furniture_modern_table_03
physicsasset,#furniture_painting_frame_03_brown
physicsasset,#furniture_rug_01_flat_01
physicsasset,#furniture_rug_01_flat_02
physicsasset,#furniture_rug_01_flat_04
physicsasset,#furniture_storage_bin_plastic_01
physicsasset,#furniture_table_wood_stationary_ship_54x34
physicsasset,#furniture_wood_bookcase_large_01
physicsasset,#glass_broken_debris_pile_02
physicsasset,#glass_broken_debris_pile_03
physicsasset,#glass_broken_debris_pile_05
physicsasset,#glass_broken_frame_corner_01
physicsasset,#ladder_old_wood_01_160
physicsasset,#lighting_ceiling_interior_rectangle
physicsasset,#lighting_fixtures_security_lamp_01
physicsasset,#lm_door_glass_metal_frame_door_160
physicsasset,#lm_door_glass_metal_frame_window_trainstation_03
physicsasset,#lm_storage_shelf_beam_horizontal_front
physicsasset,#lm_storage_shelf_beam_horizontal_side
physicsasset,#lm_storage_shelf_beam_vertical_corner
physicsasset,#lm_street_concrete_sidewalk_16x16_01
physicsasset,#lobster_cage_empty
physicsasset,#machinery_ac_unit_condenser_01
physicsasset,#machinery_ac_unit_condenser_01_paver
physicsasset,#machinery_boat_holder
physicsasset,#machinery_chimney_metal_ship_huge_mp
physicsasset,#machinery_industrial_water_pump_01
physicsasset,#machinery_railroad_track_pipes_01
physicsasset,#machinery_railroad_track_switch_01
physicsasset,#machinery_rope_ship_deck_hoist_drum_single
physicsasset,#manmade_metal_plate_128x64
physicsasset,#me_appliance_vending_machine_soda_a
physicsasset,#me_building_clinic_column
physicsasset,#me_building_clinic_decor
physicsasset,#me_building_clinic_fence
physicsasset,#me_building_clinic_roof_decor_01
physicsasset,#me_building_clinic_roof_decor_02
physicsasset,#me_construction_plank_bridge_a_03
physicsasset,#me_construction_plank_bridge_a_05
physicsasset,#me_construction_plank_bridge_a_13
physicsasset,#me_construction_plank_bridge_a_14
physicsasset,#me_construction_plank_bridge_a_15
physicsasset,#me_construction_plank_bridge_a_17
physicsasset,#me_construction_plank_bridge_a_20
physicsasset,#me_lamp_ornate_standing_01_dyn
physicsasset,#me_machinery_water_pump_hose_16
physicsasset,#me_machinery_water_pump_hose_64
physicsasset,#me_machinery_water_pump_hose_corner_01
physicsasset,#me_marketplace_wall_corner_rough_01
physicsasset,#me_rock_cliff_01_curve_a
physicsasset,#me_rock_cliff_01_small_a
physicsasset,#me_sign_gas_01
physicsasset,#me_sign_street_set_hanging_rectangular_blank
physicsasset,#me_wall_lobby_wainscoting_x64_b
physicsasset,#me_wires_marines_hospital_str_016_a
physicsasset,#medical_bed_01
physicsasset,#medical_bed_01_mattress
physicsasset,#medical_blood_transfer_cart_01
physicsasset,#medical_cabinet_01
physicsasset,#medical_curtain_01_32
physicsasset,#medical_curtain_01_64
physicsasset,#medical_curtain_01_corner
physicsasset,#medical_curtain_track_01_128
physicsasset,#medical_curtain_track_01_32
physicsasset,#medical_curtain_track_01_64
physicsasset,#medical_curtain_track_01_ceiling_mount
physicsasset,#medical_handrail_str_016_a
physicsasset,#medical_handrail_str_032_a
physicsasset,#medical_handrail_str_064_a
physicsasset,#medical_handrail_str_128_a
physicsasset,#misc_spare_tire_small_01
physicsasset,#mout_catwalk_256
physicsasset,#mout_catwalk_cap
physicsasset,#mout_catwalk_railing_64
physicsasset,#mout_catwalk_stairs_bottom_b
physicsasset,#mout_catwalk_stairs_connector
physicsasset,#mout_catwalk_stairs_middle
physicsasset,#mout_catwalk_stairs_norail_middle_4step
physicsasset,#mout_catwalk_support_brace_48x128
physicsasset,#mout_catwalk_support_brace_92x96
physicsasset,#mout_catwalk_support_brace_96x128
physicsasset,#mout_catwalk_support_brace_96x96
physicsasset,#mout_catwalk_support_brace_angle_92x96
physicsasset,#mout_catwalk_support_brace_ibeam_01
physicsasset,#mout_catwalk_support_brace_ibeam_64
physicsasset,#mout_catwalk_support_brace_ibeam_96_mp_rust
physicsasset,#mout_catwalk_support_brace_left_64x128
physicsasset,#oil_drum_big_01
physicsasset,#p7_box_cardboard_d_open02
physicsasset,#p7_debris_junkyard_scrap_bit_12
physicsasset,#p7_debris_wood_plank_old_64
physicsasset,#p7_medical_wheelchair_01
physicsasset,#pillar_concrete_bricks_column_02
physicsasset,#pipe_corridor_single_half_01
physicsasset,#pipe_metal_painted_bend_90_sml
physicsasset,#pipe_metal_painted_curve_16_64
physicsasset,#pipe_metal_painted_curve_16_64_thin
physicsasset,#pipe_metal_painted_joint_2way
physicsasset,#pipe_metal_painted_joint_3way
physicsasset,#pipe_metal_painted_straight_128
physicsasset,#pipe_metal_painted_straight_128_thin
physicsasset,#pipe_metal_painted_straight_16
physicsasset,#pipe_metal_painted_straight_32
physicsasset,#pipe_metal_painted_straight_64
physicsasset,#pipe_set_pmars_merged_02_a
physicsasset,#pipe_set_pmars_merged_02_b
physicsasset,#pipe_set_pmars_merged_03_a
physicsasset,#pipe_set_pmars_straight
physicsasset,#pipes_metal01
physicsasset,#railing_handrail_metal_ship_interior_16
physicsasset,#railing_handrail_metal_ship_interior_32
physicsasset,#railing_handrail_metal_ship_interior_64
physicsasset,#railing_handrail_metal_ship_interior_8
physicsasset,#railing_handrail_metal_ship_interior_end
physicsasset,#railing_handrail_metal_ship_interior_support
physicsasset,#railing_metal_decor_01_post
physicsasset,#railing_metal_ship_16_mp
physicsasset,#railing_metal_ship_32_end_01_mp
physicsasset,#railing_metal_ship_32_end_02_mp
physicsasset,#railing_metal_ship_corner_02_mp
physicsasset,#railing_metal_ship_island_deck_128_mp
physicsasset,#railing_metal_ship_island_deck_24x64_mp
physicsasset,#railing_metal_ship_island_deck_24x80_mp
physicsasset,#railing_metal_ship_island_deck_48x16_mp
physicsasset,#railing_metal_ship_island_deck_48x96_mp
physicsasset,#railing_metal_ship_island_deck_80_mp
physicsasset,#railing_metal_ship_island_deck_convex_left_mp
physicsasset,#railing_metal_ship_island_deck_convex_right_mp
physicsasset,#railing_metal_ship_island_deck_corner_mp
physicsasset,#railing_metal_ship_island_deck_l_corner_mp
physicsasset,#railing_metal_ship_island_deck_r_corner_mp
physicsasset,#railing_metal_ship_island_deck_support_mp
physicsasset,#railing_metal_ship_warp_01_mp
physicsasset,#railing_metal_ship_warp_02_mp
physicsasset,#railing_ship_deck_04
physicsasset,#residential_ceiling_smoke_alarm
physicsasset,#river_bed_dirt_pile_03
physicsasset,#sign_emergency_exit_light_02
physicsasset,#sign_mp_crash2_burgertown
physicsasset,#sign_mp_crash2_burgertown_02
physicsasset,#sign_oilrig_emergency_shutdown_button
physicsasset,#sign_oilrig_fire_exit_arrow
physicsasset,#sign_oilrig_first_aid
physicsasset,#sign_oilrig_stairs_fall
physicsasset,#stairs_industrial_handrail_bars_01a_straight
physicsasset,#stairs_industrial_handrail_bars_01b_mrr
physicsasset,#stairs_industrial_handrail_endcap_01a_straight
physicsasset,#stairs_industrial_handrail_endcap_01b_straight_simple
physicsasset,#stairs_industrial_handrail_middle_01_straight
physicsasset,#stairs_metal_ship_exterior_mp
physicsasset,#stationary_overhang_support_metal_island_1st_deck_mp
physicsasset,#stationary_overhang_support_metal_island_2nd_deck_left_mp
physicsasset,#stationary_overhang_support_metal_island_2nd_deck_mp
physicsasset,#stationary_overhang_support_metal_island_2nd_deck_right_mp
physicsasset,#stationary_overhang_support_metal_island_3rd_deck_left_mp
physicsasset,#stationary_overhang_support_metal_island_3rd_deck_right_mp
physicsasset,#stationary_overhang_support_metal_island_4th_deck
physicsasset,#stationary_overhang_support_metal_island_4th_top_deck
physicsasset,#stationary_overhang_support_metal_whole
physicsasset,#storage_cabinet_ship_long
physicsasset,#storage_file_box_metal_yellow
physicsasset,#storage_food_shelf_metal_white
physicsasset,#storage_shipping_container_20ft_closed
physicsasset,#street_dumpster_01_yellow
physicsasset,#street_metal_bollard_base_01
physicsasset,#structural_bracket_iron_rusted_junction_01
physicsasset,#tool_anchor_metal_ship_huge
physicsasset,#tower_01_parapet_corner_out_64x64
physicsasset,#uk_cinder_block_corner_01_8x128_w
physicsasset,#uk_cinder_block_corner_01_8x88_w
physicsasset,#uk_decor_fast_food_booth_01
physicsasset,#uk_decor_window_curtain_02_l
physicsasset,#uk_desk_office_01
physicsasset,#uk_doors_garage_sectional_01_closed
physicsasset,#uk_doors_garage_sectional_01_frame
physicsasset,#uk_fabric_kiosk_tarp_straight_256_01
physicsasset,#uk_file_cabinet_garage_big_01
physicsasset,#uk_file_cabinet_garage_big_clean
physicsasset,#uk_file_cabinet_garage_big_empty
physicsasset,#uk_file_cabinet_garage_big_rusty_shell
physicsasset,#uk_house_baseboard_01_128
physicsasset,#uk_house_baseboard_01_16
physicsasset,#uk_house_baseboard_01_2
physicsasset,#uk_house_baseboard_01_64
physicsasset,#uk_house_baseboard_01_8_corner_out
physicsasset,#uk_house_chair_rail_01_128
physicsasset,#uk_house_chair_rail_01_16
physicsasset,#uk_house_chair_rail_01_32
physicsasset,#uk_house_chair_rail_01_4
physicsasset,#uk_house_chair_rail_01_64
physicsasset,#uk_house_chair_rail_01_8
physicsasset,#uk_house_chair_rail_01_8_corner_in
physicsasset,#uk_house_chair_rail_01_8_corner_out
physicsasset,#uk_house_gutter_pipe_64_01
physicsasset,#uk_house_molding_01_32
physicsasset,#uk_house_molding_01_4
physicsasset,#uk_house_molding_01_8
physicsasset,#uk_interior_office_ceiling_tile_01
physicsasset,#uk_kitchen_cabinet_01_22_btm
physicsasset,#uk_kitchen_cabinet_01_btm_corner_a
physicsasset,#uk_kitchen_cabinet_01_sink_a
physicsasset,#uk_lighting_ceiling_fixture_01
physicsasset,#uk_lighting_ceiling_fixture_02_on
physicsasset,#uk_metal_frame_warehouse
physicsasset,#uk_metal_frame_warehouse_02
physicsasset,#uk_metal_frame_warehouse_04
physicsasset,#uk_metal_frame_warehouse_05
physicsasset,#uk_metal_frame_warehouse_05_03
physicsasset,#uk_siding_metal_corrugated_01_128x40
physicsasset,#uk_siding_metal_corrugated_01_128x88
physicsasset,#uk_siding_metal_corrugated_01_32x48
physicsasset,#uk_siding_metal_corrugated_01_40_corner
physicsasset,#uk_siding_metal_corrugated_01_64x24
physicsasset,#uk_siding_metal_corrugated_01_64x40
physicsasset,#uk_siding_metal_corrugated_01_64x88
physicsasset,#uk_siding_metal_corrugated_01_88_corner
physicsasset,#uk_sign_construction_hardhat_09
physicsasset,#uk_stucco_pillar_01_beige
physicsasset,#uk_tool_box_large_03
physicsasset,#uk_wall_wood_stud_frame_01_24x120
physicsasset,#un_appliance_water_cooler_01
physicsasset,#un_metal_steel_support_bracket_end_plate_02
physicsasset,#un_metal_steel_support_c_beam_16x4x16
physicsasset,#un_metal_steel_support_c_beam_16x4x256
physicsasset,#un_metal_steel_support_c_beam_16x4x8
physicsasset,#un_metal_steel_support_c_beam_24x8x128
physicsasset,#un_metal_steel_support_c_beam_24x8x16
physicsasset,#un_metal_steel_support_c_beam_24x8x256
physicsasset,#un_metal_steel_support_c_beam_24x8x64
physicsasset,#un_metal_steel_support_h_beam_16x16x128
physicsasset,#un_metal_steel_support_h_beam_16x16x16
physicsasset,#un_metal_steel_support_h_beam_16x16x256
physicsasset,#un_metal_steel_support_h_beam_16x16x32
physicsasset,#un_metal_steel_support_h_beam_16x16x64
physicsasset,#un_metal_steel_support_tubing_beam_8x4x128
physicsasset,#un_metal_steel_support_tubing_beam_8x4x16
physicsasset,#un_metal_steel_support_tubing_beam_8x4x256
physicsasset,#un_metal_steel_support_tubing_beam_8x4x32
physicsasset,#un_metal_steel_support_tubing_beam_8x4x64
physicsasset,#un_metal_steel_support_tubing_beam_8x8x128
physicsasset,#un_metal_steel_support_tubing_beam_8x8x64
physicsasset,#un_metal_steel_support_w_beam_16x8x128
physicsasset,#un_metal_steel_support_w_beam_16x8x16
physicsasset,#un_metal_steel_support_w_beam_16x8x256
physicsasset,#un_metal_steel_support_w_beam_16x8x32
physicsasset,#un_metal_steel_support_w_beam_16x8x64
physicsasset,#un_metal_steel_support_w_beam_16x8x8
physicsasset,#un_metal_steel_support_w_beam_24x12x128
physicsasset,#un_metal_steel_support_w_beam_24x12x16
physicsasset,#un_metal_steel_support_w_beam_24x12x256
physicsasset,#un_metal_steel_support_w_beam_24x12x32
physicsasset,#un_metal_steel_support_w_beam_24x12x64
physicsasset,#un_office_dual_wall_monitor_01
physicsasset,#un_office_server_rack_01
physicsasset,#un_office_server_rack_large_01
physicsasset,#un_stairs_exterior_tile_64
physicsasset,#un_wall_set_marble_01_high_pillar
physicsasset,#utility_street_curb_cement_rough_corner_rounded_64
physicsasset,#utility_vent_adapter_01_lg
physicsasset,#utility_vent_adapter_01_md
physicsasset,#utility_vent_box_01_04
physicsasset,#utility_vent_box_01_16
physicsasset,#utility_vent_box_01_32
physicsasset,#utility_vent_box_01_64
physicsasset,#utility_vent_box_curve_01
physicsasset,#utility_vent_hanger_box_02_short_black
physicsasset,#utility_vent_hanger_round_01_short
physicsasset,#utility_vent_round_01_16
physicsasset,#utility_vent_round_01_32
physicsasset,#utility_vent_round_01_64
physicsasset,#utility_vent_round_01_curve_01
physicsasset,#utility_vent_round_01_curve_02
physicsasset,#utility_vent_round_tjoint_01
physicsasset,#veh8_civ_air_plima_table_01
physicssfxeventasset,#hash_b76c5712d66ce4a9
physicsasset,#veh8_civ_lnd_techo_rebel_armor_16
physicsasset,#veh8_mil_lnd_benches_double
physicsasset,#veh8_mil_lnd_benches_single
physicsasset,#veh9_civ_sea_boat_canal
physicsasset,#vent_ceiling_ship_interior_semicircle
physicsasset,#vent_fan_metal_ship_deck_goose_neck_90degree_wall
physicsasset,#vent_fan_metal_ship_deck_goose_neck_medium
physicsasset,#vent_metal_ship_interior_round
physicsasset,#wall_corner_metal_104
physicsasset,#wall_corner_metal_108
physicsasset,#wall_corner_metal_120
physicsasset,#wall_corner_metal_ship_interior_104
physicsasset,#wall_corrugated_metal_oilrig_attachment_02
physicsasset,#wall_plaster_decorative_pillar
physicsasset,#wall_wood_stud_2x6_32_01
physicsasset,#watertank_ladder_36
physicsasset,#window_air_conditioner_01
physicsasset,#window_frame_ship_deck_rectangle_36x48
physicsasset,#window_frame_ship_deck_rectangle_48x48
physicsasset,#window_industrial_frame_64x96_02
physicsasset,#window_modern_blinds_01_open_32
physicsasset,#window_modern_blinds_01_open_partial_32_01
physicsasset,#window_office_frame_07
physicsasset,#window_square_old_01a
physicsasset,#worn_cardboard_box_stack_01
physicsasset,#debris_corrugated_panels_metal_flat_white_large
xmodeldetailcollision,#debris_corrugated_panels_metal_flat_red_large
physicsasset,#debris_corrugated_panels_metal_flat_white_middle
xmodeldetailcollision,#debris_corrugated_panels_metal_flat_red_middle
physicsasset,#door_metal_roller_01_closed_large_01_emb
xmodeldetailcollision,#door_metal_roller_01_closed_large_01_emb
physicsasset,#ee_light_mounted_exterior_industrial_caged_02
xmodeldetailcollision,#ee_light_mounted_exterior_industrial_caged_02_off_wz
physicsasset,#ee_manmade_mine_ladder_a_cover
xmodeldetailcollision,#ee_manmade_mine_ladder_a_cover
physicsasset,#furniture_desk_office_vintage
xmodeldetailcollision,#furniture_desk_office_vintage
physicsasset,#hardware_plywood_painted_white_01
xmodeldetailcollision,#hardware_plywood_bare_01
physicsasset,#kitchen_appliance_refrigerator_old_01_rig_skeleton
xmodeldetailcollision,#kitchen_appliance_refrigerator_old_01_rig_skeleton
physicsasset,#light_ceiling_bulb_01
xmodeldetailcollision,#hash_ba3d1811b895fca8
physicsasset,#me_light_ceiling_fluorescent_tube
physicsasset,#me_window_security_bars_01
xmodeldetailcollision,#me_window_security_bars_01
physicsasset,#uk_dumpster_small_green_01
xmodeldetailcollision,#uk_dumpster_small_white_01
physicsasset,#uk_electrical_box_medium_01
xmodeldetailcollision,#uk_electrical_box_medium_01
xmodeldetailcollision,#hash_db253840b3a82556
physicsasset,#uk_industrial_light_01
physicsasset,#uk_lighting_interior_office_ceiling_tile_01
xmodeldetailcollision,#uk_lighting_interior_office_ceiling_tile_01_on_neutral_wz
physicsasset,#uk_storage_wall_light_01
physicsasset,#un_industrial_wooden_pallet_01
xmodeldetailcollision,#un_industrial_wooden_pallet_01
physicsasset,#window_industrial_frame_64x96_01
xmodeldetailcollision,#window_industrial_frame_64x96_01
physicsasset,#accessory_ceilling_fan_vintage
xmodeldetailcollision,#hash_d4008490ef694937
physicsasset,#accessory_fire_sprinkler_ceiling_vintage
xmodeldetailcollision,#accessory_fire_sprinkler_ceiling_vintage
physicsasset,#hash_b868831ab3cadedb
xmodeldetailcollision,#hash_b868831ab3cadedb
physicsasset,#accessory_roof_water_tank_01
xmodeldetailcollision,#accessory_roof_water_tank_01
physicsasset,#accessory_security_sensor_gate_01
xmodeldetailcollision,#accessory_security_sensor_gate_01
physicsasset,#appliance_display_refridgerator_large
xmodeldetailcollision,#appliance_display_refridgerator_large
physicsasset,#hash_868ad6f2b25ddfa0
xmodeldetailcollision,#hash_868ad6f2b25ddfa0
physicsasset,#barrier_traffic_concrete_block_01
xmodeldetailcollision,#hash_b8405389a3a91b62
physicsasset,#bathroom_garbage_can_02
xmodeldetailcollision,#bathroom_garbage_can_02
physicsasset,#bathroom_mirror_broken_01
xmodeldetailcollision,#bathroom_mirror_broken_01
physicsasset,#bathroom_portable_toilet_01
xmodeldetailcollision,#bathroom_portable_toilet_01
physicsasset,#hash_d85fb3b3050a2cbc
xmodeldetailcollision,#hash_d85fb3b3050a2cbc
physicsasset,#hash_a8f46770a045ef39
xmodeldetailcollision,#hash_a8f46770a045ef39
physicsasset,#bathroom_toilet_01
xmodeldetailcollision,#bathroom_toilet_01
physicsasset,#bathroom_toilet_paper_holder_01
xmodeldetailcollision,#bathroom_toilet_paper_holder_01
physicsasset,#hash_978f141dcadee218
xmodeldetailcollision,#hash_978f141dcadee218
physicsasset,#beacon_life_preserver_hook
xmodeldetailcollision,#beacon_life_preserver_hook
physicsasset,#bike_shop_board_display_hanger
xmodeldetailcollision,#bike_shop_board_display_hanger
physicsasset,#boat_life_saver_01
xmodeldetailcollision,#boat_life_saver_01
physicsasset,#bridge_rail_hook_01_1
xmodeldetailcollision,#bridge_rail_hook_01_1
physicsasset,#bucket_rusted_empty_01
xmodeldetailcollision,#bucket_rusted_empty_01
xmodeldetailcollision,#hash_eebb0e6e0f9228d6
xmodeldetailcollision,#building_awning_destroyed_storefront_frame_04
physicsasset,#hash_badd817a0139712a
xmodeldetailcollision,#hash_badd817a0139712a
physicsasset,#building_corner_bevel_plaster_01_32
xmodeldetailcollision,#hash_a6f9539c610eeba4
physicsasset,#hash_9bbe045f69511561
xmodeldetailcollision,#building_corrugated_metal2x8_simple
physicsasset,#building_corrugated_metal4x8
xmodeldetailcollision,#building_corrugated_metal4x8
physicsasset,#building_drain_pipes_02
xmodeldetailcollision,#building_drain_pipes_02
physicsasset,#building_drain_pipes_03
xmodeldetailcollision,#building_drain_pipes_03
physicsasset,#hash_948a8fe3e940ba4e
xmodeldetailcollision,#hash_948a8fe3e940ba4e
physicsasset,#hash_dcbbcff5132f74e3
xmodeldetailcollision,#hash_dcbbcff5132f74e3
physicsasset,#hash_b2427036eb0b3b2b
xmodeldetailcollision,#hash_b2427036eb0b3b2b
physicsasset,#building_roof_lip_01_128
xmodeldetailcollision,#building_roof_lip_01_grey_128
physicsasset,#building_roof_lip_01_16
xmodeldetailcollision,#hash_d7c1807b5b0cd057
physicsasset,#building_roof_lip_01_32
xmodeldetailcollision,#building_roof_lip_01_grey_32
physicsasset,#building_roof_lip_01_64
xmodeldetailcollision,#hash_df8d2cfd947d8688
physicsasset,#building_roof_lip_01_8
xmodeldetailcollision,#hash_9af7bc8fe104adb0
physicsasset,#building_roof_lip_01_corner_outside
xmodeldetailcollision,#building_roof_lip_01_grey_corner_outside
physicsasset,#building_roof_lip_concrete_01_128
xmodeldetailcollision,#building_roof_lip_concrete_01_128
physicsasset,#building_roof_lip_concrete_01_128_damaged
xmodeldetailcollision,#building_roof_lip_concrete_01_128_damaged_02
physicsasset,#building_roof_lip_concrete_01_16
xmodeldetailcollision,#building_roof_lip_concrete_01_16
physicsasset,#building_roof_lip_concrete_01_256
xmodeldetailcollision,#building_roof_lip_concrete_01_256
physicsasset,#building_roof_lip_concrete_01_32
xmodeldetailcollision,#building_roof_lip_concrete_01_32
physicsasset,#building_roof_lip_concrete_01_48
xmodeldetailcollision,#building_roof_lip_concrete_01_48
physicsasset,#building_roof_lip_concrete_01_64
xmodeldetailcollision,#building_roof_lip_concrete_01_64
physicsasset,#building_roof_lip_concrete_01_corner_inside
xmodeldetailcollision,#building_roof_lip_concrete_01_corner_inside
physicsasset,#building_roof_lip_concrete_01_corner_outside
xmodeldetailcollision,#building_roof_lip_concrete_01_corner_outside
physicsasset,#building_roof_lip_concrete_01_end_01
xmodeldetailcollision,#building_roof_lip_concrete_01_end_01
physicsasset,#building_support_wood_beam_01_piece_01
xmodeldetailcollision,#building_support_wood_beam_01_piece_01
physicsasset,#hash_898d090c3b9bd909
xmodeldetailcollision,#hash_898d090c3b9bd909
physicsasset,#building_support_wood_beam_05_re_size_small
xmodeldetailcollision,#building_support_wood_beam_05_re_size_small
physicsasset,#hash_988c72101af45f3f
xmodeldetailcollision,#hash_988c72101af45f3f
physicsasset,#hash_881f966f145b6b4f
xmodeldetailcollision,#hash_881f966f145b6b4f
physicsasset,#building_trim_stone_01_32
xmodeldetailcollision,#building_trim_stone_01_32
physicsasset,#building_trim_stone_01_64
xmodeldetailcollision,#building_trim_stone_01_64
physicsasset,#hash_ef8a5249a62ccf03
xmodeldetailcollision,#hash_ef8a5249a62ccf03
physicsasset,#building_wall_bottom_damage_end_b
xmodeldetailcollision,#building_wall_bottom_damage_end_b
physicsasset,#building_wall_broken_cap_128x16_01
xmodeldetailcollision,#building_wall_broken_cap_128x16_01_tan2
physicsasset,#hash_8aae9196a4be872a
xmodeldetailcollision,#hash_ce18baf328d8cfe8
physicsasset,#hash_bf41c7bd02944118
xmodeldetailcollision,#hash_c1406fde9bfc2e1e
physicsasset,#hash_877663095425ff0a
xmodeldetailcollision,#building_wall_broken_cap_64x16_01_tan2
physicsasset,#hash_877662095425fd57
xmodeldetailcollision,#building_wall_broken_cap_64x16_02_tan2
physicsasset,#hash_daeeb9d2f712a1c6
xmodeldetailcollision,#hash_a9bb601e9ce89cb4
physicsasset,#hash_daeeb7d2f7129e60
xmodeldetailcollision,#building_wall_broken_corner_24x24_03_tan2
physicsasset,#hash_eef560f183faa0d2
xmodeldetailcollision,#hash_868370646604cb20
physicsasset,#hash_eef55ff183fa9f1f
xmodeldetailcollision,#hash_9f98da409261e1db
physicsasset,#building_wall_corner_brick_01_128
physicsasset,#hash_b189445c5ba36f1c
xmodeldetailcollision,#hash_9b700953775adb93
xmodeldetailcollision,#hash_f71dd3d0e791824b
physicsasset,#ch_crate24x32x48
xmodeldetailcollision,#ch_crate24x32x48_simple
physicsasset,#ch_crate24x32x64
xmodeldetailcollision,#hash_d8334c6b75abf2a5
xmodeldetailcollision,#chair_folding_folded
physicsasset,#cinderblock_wall_topper_01_08
xmodeldetailcollision,#cinderblock_wall_topper_02_08
physicsasset,#hash_dcf7ad92cb0a94ec
xmodeldetailcollision,#hash_f605c9a3e9291585
physicsasset,#cinderblock_wall_topper_01_16
xmodeldetailcollision,#cinderblock_wall_topper_02_16
physicsasset,#cinderblock_wall_topper_01_32
xmodeldetailcollision,#cinderblock_wall_topper_02_32
physicsasset,#cinderblock_wall_topper_01_48
xmodeldetailcollision,#cinderblock_wall_topper_02_48
physicsasset,#hash_f05699e125935911
xmodeldetailcollision,#cinderblock_wall_topper_02_64
physicsasset,#com_restaurantkitchentable_1
xmodeldetailcollision,#com_restaurantkitchentable_1
physicsasset,#hash_f95e516a2ebe28a4
xmodeldetailcollision,#hash_f95e516a2ebe28a4
physicsasset,#hash_9f50d9416a37dad9
xmodeldetailcollision,#hash_9f50d9416a37dad9
physicsasset,#hash_9f50d6416a37d5c0
xmodeldetailcollision,#hash_9f50d6416a37d5c0
physicsasset,#conduit_metal_outlet_switch
xmodeldetailcollision,#conduit_metal_outlet_switch
physicsasset,#construction_generator_light_base_01
xmodeldetailcollision,#construction_generator_light_base_01
physicsasset,#construction_metal_corner_caution_sml
xmodeldetailcollision,#construction_metal_corner_caution_sml
physicsasset,#hash_afed85282b2f83c1
xmodeldetailcollision,#hash_afed85282b2f83c1
physicsasset,#hash_cc72084bd2c8d521
xmodeldetailcollision,#hash_cc72084bd2c8d521
physicsasset,#construction_window_frames_metal_double_01_white
xmodeldetailcollision,#hash_a4b19d60852030ef
xmodeldetailcollision,#window_frames_wood_single_brown
physicsasset,#hash_9af120dcc0a634e1
xmodeldetailcollision,#container_barrel_plastic_01_closed_black
xmodeldetailcollision,#container_electrical_box_01_small
physicsasset,#container_fertilizer_bag_stack_02
xmodeldetailcollision,#container_cement_bag_stack_02
physicsasset,#container_trash_can_plastic_kitchen_01
xmodeldetailcollision,#container_trash_can_plastic_kitchen_01
xmodeldetailcollision,#container_water_industrial_caged_01
physicsasset,#hash_e75c37a818248560
xmodeldetailcollision,#hash_e75c37a818248560
physicsasset,#corner_damage_02_32
xmodeldetailcollision,#corner_damage_02_32
physicsasset,#cp_disco_street_barricade
xmodeldetailcollision,#cp_disco_street_barricade
physicsasset,#hash_8672c2c867adea94
xmodeldetailcollision,#hash_8672c2c867adea94
physicsasset,#debris_junk_tire_01
xmodeldetailcollision,#debris_junk_tire_01
physicsasset,#hash_cbadf759864be3cb
xmodeldetailcollision,#hash_cbadf759864be3cb
physicsasset,#debris_rebar_straight_32_01
xmodeldetailcollision,#debris_rebar_straight_32_01
physicsasset,#debris_stone_blocks_pile_1
physicsasset,#debris_stone_blocks_pile_curve_sidewalk_2
xmodeldetailcollision,#debris_stone_blocks_pile_curve_sidewalk_2
physicsasset,#debris_stone_blocks_pile_wall_1
xmodeldetailcollision,#debris_stone_blocks_pile_wall_1
physicsasset,#debris_stone_blocks_pile_wall_2
xmodeldetailcollision,#debris_stone_blocks_pile_wall_2
xmodeldetailcollision,#decor_barrels_01_damaged_red
physicsasset,#decor_bicycles_01
xmodeldetailcollision,#hash_95fc7c2a655f96a5
physicsasset,#hash_e98d2769a3787c91
xmodeldetailcollision,#hash_e98d2769a3787c91
physicsasset,#decor_blankets_01_stack_01
xmodeldetailcollision,#decor_blankets_01_stack_pattern_2_01
physicsasset,#hash_a8970e9a9815ce90
xmodeldetailcollision,#hash_8c0cfc40b526495c
physicsasset,#hash_a8970f9a9815d043
xmodeldetailcollision,#decor_blankets_01_stack_pattern_2_03
physicsasset,#decor_cafe_wood_decorative_01_element_02_128
xmodeldetailcollision,#decor_cafe_wood_decorative_01_element_02_128
physicsasset,#hash_df987cd40725e32e
xmodeldetailcollision,#hash_df987cd40725e32e
physicsasset,#hash_dfa974d4073448c9
xmodeldetailcollision,#hash_dfa974d4073448c9
physicsasset,#decor_cafe_wood_decorative_01_element_03_corner
xmodeldetailcollision,#decor_cafe_wood_decorative_01_element_03_corner
physicsasset,#decor_drying_rack_01
xmodeldetailcollision,#decor_drying_rack_01_clean
physicsasset,#decor_equipment_hand_dolly_02
xmodeldetailcollision,#decor_equipment_hand_dolly_02
physicsasset,#decor_fishing_nets_pile_02
xmodeldetailcollision,#decor_fishing_nets_pile_02
physicsasset,#decor_fishing_nets_pile_03
xmodeldetailcollision,#decor_fishing_nets_pile_03
physicsasset,#decor_framed_painting_old_03
xmodeldetailcollision,#decor_framed_painting_old_03
physicsasset,#hash_cac25573b663742b
xmodeldetailcollision,#hash_cac25573b663742b
physicsasset,#decor_luxury_dining_chair
xmodeldetailcollision,#decor_luxury_dining_chair
physicsasset,#decor_misc_props_01_shelf_metal
xmodeldetailcollision,#decor_misc_props_01_shelf_metal
physicsasset,#decor_mooring_ship_deck_cylinder_double
xmodeldetailcollision,#decor_mooring_ship_deck_cylinder_double
physicsasset,#decor_ornate_stone_trim_128
xmodeldetailcollision,#decor_ornate_stone_trim_128
physicsasset,#decor_ornate_stone_trim_16
xmodeldetailcollision,#decor_ornate_stone_trim_white_16
physicsasset,#decor_ornate_stone_trim_24
xmodeldetailcollision,#decor_ornate_stone_trim_24
physicsasset,#decor_ornate_stone_trim_256
xmodeldetailcollision,#decor_ornate_stone_trim_256
physicsasset,#decor_ornate_stone_trim_64
xmodeldetailcollision,#decor_ornate_stone_trim_64
physicsasset,#decor_ornate_stone_trim_8
xmodeldetailcollision,#decor_ornate_stone_trim_8
physicsasset,#decor_ornate_stone_trim_corner
xmodeldetailcollision,#decor_ornate_stone_trim_corner
physicsasset,#decor_radiator_01
xmodeldetailcollision,#decor_radiator_01
physicsasset,#hash_affb31d944064cad
xmodeldetailcollision,#decor_supermart_cardboard_box_open_01
physicsasset,#decor_trash_can_plastic_office_01
xmodeldetailcollision,#decor_trash_can_plastic_office_01
physicsasset,#decor_vintage_rug_rolled_01
xmodeldetailcollision,#decor_vintage_rug_rolled_01
xmodeldetailcollision,#decor_water_storage_container_01_white
physicsasset,#door_double_metal_wall_rusty
xmodeldetailcollision,#door_double_metal_wall_rusty
physicsasset,#door_frame_glass_metal_01_double_mp
xmodeldetailcollision,#door_frame_glass_metal_01_double_mp
physicsasset,#door_frame_glass_metal_01_mp
xmodeldetailcollision,#door_frame_glass_metal_01_mp
xmodeldetailcollision,#door_frame_metal_04_flat_painted_clean_mp
physicsasset,#door_frame_metal_panel_03_mp_single
xmodeldetailcollision,#door_frame_metal_panel_03_mp_single
xmodeldetailcollision,#door_frame_metal_panel_03_mp_single_tan
physicsasset,#door_frame_wooden_panel_03_double_painted_mp
xmodeldetailcollision,#hash_c2dbe4f748589378
xmodeldetailcollision,#door_frame_wooden_panel_03_painted_mp
physicsasset,#door_frame_wooden_panel_mp_01
xmodeldetailcollision,#door_frame_wooden_panel_mp_01_white
physicsasset,#hash_ff162cd9b2645130
xmodeldetailcollision,#hash_ff162cd9b2645130
physicsasset,#door_metal_barn_02_sliding_frame
xmodeldetailcollision,#door_metal_barn_02_sliding_frame
physicsasset,#door_metal_panel_01_mp_hero
xmodeldetailcollision,#door_metal_panel_01_mp_tan
physicsasset,#door_metal_roller_01_frames_large_01
xmodeldetailcollision,#door_metal_roller_01_frames_large
physicsasset,#door_metal_roller_01_roller_large_01
xmodeldetailcollision,#door_metal_roller_01_roller_large_01
physicsasset,#door_metal_ship_deck_side
xmodeldetailcollision,#door_metal_ship_deck_side
physicsasset,#door_security_gate_single_mp_01
xmodeldetailcollision,#hash_9594c43ec2c257f7
physicsasset,#door_wood_ornate_01_blue_double_l
xmodeldetailcollision,#door_wood_ornate_01_green_double_l
physicsasset,#door_wood_ornate_01_blue_double_r
xmodeldetailcollision,#door_wood_ornate_01_orange_02_double_r
physicsasset,#door_wooden_panel_mp_01
xmodeldetailcollision,#door_wooden_panel_mp_01_white
physicsasset,#drainage_manhole_cover_square
xmodeldetailcollision,#ee_drainage_curb_cover_square
physicsasset,#duct_metal_rectangle_vent
xmodeldetailcollision,#duct_metal_rectangle_vent
physicsasset,#duct_metal_square_elbow_right_90
xmodeldetailcollision,#duct_metal_square_elbow_right_90
physicsasset,#duct_metal_square_straight_128
xmodeldetailcollision,#duct_metal_square_straight_128
physicsasset,#duct_metal_square_straight_64
xmodeldetailcollision,#duct_metal_square_straight_64
physicsasset,#duct_metal_square_vent
xmodeldetailcollision,#duct_metal_square_vent
physicsasset,#dynlt_com_floodlight_off
xmodeldetailcollision,#dynlt_com_floodlight_off_wz
physicsasset,#hash_d27ccfee72e6a432
xmodeldetailcollision,#hash_b87c6b32f9a8d87a
physicsasset,#ee_appliance_kitchen_industrial_stove_01
xmodeldetailcollision,#ee_appliance_kitchen_industrial_stove_01
physicsasset,#ee_appliance_kitchen_industrial_stove_01_ceiling_vent
xmodeldetailcollision,#ee_appliance_kitchen_industrial_stove_01_ceiling_vent
physicsasset,#hash_af8491427b64f6d5
xmodeldetailcollision,#hash_af8491427b64f6d5
physicsasset,#hash_f390ef2dfe2e38c1
xmodeldetailcollision,#hash_e8d327885912a3bb
physicsasset,#hash_b1c83c4ad6d849ce
xmodeldetailcollision,#hash_b1c83c4ad6d849ce
physicsasset,#ee_box_plastic_closed_large
xmodeldetailcollision,#ee_box_plastic_closed_large
physicsasset,#ee_building_firestation_01_paper_03
xmodeldetailcollision,#ee_building_firestation_01_paper_03
physicsasset,#hash_af6c315d42dc5529
xmodeldetailcollision,#hash_af6c315d42dc5529
physicsasset,#ee_clock_wall_mounted_modern
xmodeldetailcollision,#ee_clock_wall_mounted_modern_06
physicsasset,#ee_clock_wall_mounted_modern_06
physicsasset,#ee_construction_plywood_stacks_48height
xmodeldetailcollision,#ee_construction_plywood_stacks_48height
physicsasset,#hash_a9f4e5a656062b82
xmodeldetailcollision,#hash_a9f4e5a656062b82
physicsasset,#hash_f51d05c0a61f54dd
xmodeldetailcollision,#hash_f51d05c0a61f54dd
physicsasset,#ee_electronics_atm_machine
xmodeldetailcollision,#un_electronics_atm_machine
physicsasset,#ee_electronics_supermarket_freezer_01
xmodeldetailcollision,#ee_electronics_supermarket_freezer_01
physicsasset,#hash_fc19e10b3e91c27a
xmodeldetailcollision,#hash_fc19e10b3e91c27a
physicsasset,#ee_electronics_television_wall_mounted_medium
xmodeldetailcollision,#ee_electronics_television_wall_mounted_medium
physicsasset,#ee_furniture_bar_stool
xmodeldetailcollision,#ee_furniture_bar_stool
physicsasset,#hash_ab00cb42f0b9731e
xmodeldetailcollision,#hash_ab00cb42f0b9731e
physicsasset,#ee_furniture_chair_desk_01
xmodeldetailcollision,#ee_furniture_chair_desk_01
physicsasset,#hash_f1ccf7e03d56183a
xmodeldetailcollision,#hash_f1ccf7e03d56183a
xmodeldetailcollision,#ee_furniture_damaged_desk_chair_damaged
physicsasset,#ee_furniture_rug_hanging_ukraine_05
xmodeldetailcollision,#ee_furniture_rug_hanging_ukraine_05
physicsasset,#ee_furniture_shelf_wood_short
xmodeldetailcollision,#ee_furniture_shelf_wood_short
physicsasset,#ee_furniture_wall_table_01_64
xmodeldetailcollision,#hash_f9daba18ad24d390
physicsasset,#ee_furniture_wood_spa_shelf_03
xmodeldetailcollision,#ee_furniture_wood_spa_shelf_03
physicsasset,#ee_garbage_bag_filled_01
xmodeldetailcollision,#ee_garbage_bag_filled_01_gray
physicsasset,#ee_garbage_bag_filled_02
xmodeldetailcollision,#ee_garbage_bag_filled_02_gray
physicsasset,#ee_garbage_bag_filled_03
xmodeldetailcollision,#ee_garbage_bag_filled_03
physicsasset,#ee_light_fixture_lamp_short_01
xmodeldetailcollision,#hash_e504c61764ffe9cb
physicsasset,#ee_light_fixture_lamp_tall_01
xmodeldetailcollision,#hash_d9c494a4401f79ea
physicsasset,#ee_light_fixture_wall_mounted_02
xmodeldetailcollision,#hash_a741505a09866f8a
physicsasset,#ee_light_fixture_wall_mounted_03
xmodeldetailcollision,#hash_cdf2ce86e77366eb
physicsasset,#ee_light_fixture_wall_mounted_04
xmodeldetailcollision,#hash_84213aa9df2e62bc
physicsasset,#ee_lighting_string_light_caged_01
xmodeldetailcollision,#hash_c3a1752b4d4364cb
physicsasset,#ee_machinery_industrial_fan
xmodeldetailcollision,#ee_machinery_industrial_fan
physicsasset,#ee_machinery_industrial_mount
xmodeldetailcollision,#ee_machinery_industrial_mount
physicsasset,#ee_machinery_industrial_turbine
xmodeldetailcollision,#ee_machinery_industrial_turbine
physicsasset,#ee_manmade_wood_planks_worn_a_01
xmodeldetailcollision,#ee_manmade_wood_planks_worn_a_01
physicsasset,#ee_manmade_wood_planks_worn_a_02
xmodeldetailcollision,#ee_manmade_wood_planks_worn_a_06
physicsasset,#hash_ade04ce0ac241ee7
xmodeldetailcollision,#hash_ade04ce0ac241ee7
physicsasset,#hash_b7daf91c699a42f4
xmodeldetailcollision,#hash_b7daf91c699a42f4
physicsasset,#ee_mat_rubber_01
xmodeldetailcollision,#ee_mat_rubber_01
physicsasset,#ee_pallet_wood_boxes_wrapped_01
xmodeldetailcollision,#hash_b31a7b11a81032cd
physicsasset,#ee_pillar_concrete_construction_01
xmodeldetailcollision,#ee_pillar_concrete_construction_01
physicsasset,#ee_pillar_concrete_pipe_support_base
xmodeldetailcollision,#ee_pillar_concrete_pipe_support_base
xmodeldetailcollision,#ee_pipe_04_t
physicsasset,#hash_8ebd27315d9dd8e2
xmodeldetailcollision,#hash_9594bb27b6051fe3
physicsasset,#hash_92101cec336a8fd4
xmodeldetailcollision,#hash_92101cec336a8fd4
physicsasset,#ee_rock_riverbed_cluster_02_lg_01
xmodeldetailcollision,#hash_87aac6a23e9a76f9
physicsasset,#ee_rock_riverbed_cluster_02_lg_02
xmodeldetailcollision,#hash_f6122c725119da74
physicsasset,#ee_rock_riverbed_cluster_02_md_01
xmodeldetailcollision,#hash_d2dbbdcdfc6ed8c9
physicsasset,#ee_rock_riverbed_cluster_02_md_03
xmodeldetailcollision,#ee_rock_riverbed_cluster_02_md_03_wet
physicsasset,#hash_f0ca3b68c94c66e7
xmodeldetailcollision,#hash_f0ca3b68c94c66e7
physicsasset,#ee_shed_metal_corrugated_storage_roof_02_flat
xmodeldetailcollision,#ee_shed_metal_corrugated_storage_roof_02_flat
physicsasset,#hash_9d0d59f02cb5ea01
xmodeldetailcollision,#hash_9d0d59f02cb5ea01
physicsasset,#hash_a1ccd571f4a0cf9e
xmodeldetailcollision,#hash_f68f279a945e2df7
physicsasset,#ee_signs_industrial_fire_hazard
xmodeldetailcollision,#me_signs_industrial_fire_hazard
physicsasset,#ee_signs_industrial_flammable_storage
xmodeldetailcollision,#me_signs_industrial_flammable_storage
physicsasset,#ee_sink_bathroom_simple
xmodeldetailcollision,#ee_sink_bathroom_simple
physicsasset,#ee_supplies_white_board_01
xmodeldetailcollision,#hash_eac323d7c56a76c1
physicsasset,#ee_trim_concrete_roof_128
xmodeldetailcollision,#ee_trim_concrete_roof_128
physicsasset,#ee_trim_concrete_roof_128_s
xmodeldetailcollision,#ee_trim_concrete_roof_128_s
physicsasset,#ee_trim_concrete_roof_256_s
xmodeldetailcollision,#ee_trim_concrete_roof_256_s
physicsasset,#ee_trim_concrete_roof_32_s
xmodeldetailcollision,#ee_trim_concrete_roof_32_s
physicsasset,#ee_trim_concrete_roof_8_s
xmodeldetailcollision,#ee_trim_concrete_roof_8_s
physicsasset,#ee_trim_concrete_roof_corner_in_s
xmodeldetailcollision,#ee_trim_concrete_roof_corner_in_s
physicsasset,#ee_trim_concrete_roof_corner_out
xmodeldetailcollision,#ee_trim_concrete_roof_corner_out
physicsasset,#ee_trim_metal_corrugated_corner_24_01
xmodeldetailcollision,#ee_trim_metal_corrugated_corner_24_01_white
physicsasset,#hash_c2fad9a20560f509
xmodeldetailcollision,#hash_e8d16381ffb0e6ef
physicsasset,#ee_trim_metal_corrugated_corner_88_01
xmodeldetailcollision,#ee_trim_metal_corrugated_corner_88_01_white
physicsasset,#ee_trim_rubber_dock_bumper_01
xmodeldetailcollision,#ee_trim_rubber_dock_bumper_01
physicsasset,#ee_trim_small_roof_64
xmodeldetailcollision,#hash_d333682df577e352
xmodeldetailcollision,#ee_wall_base_concrete_128
xmodeldetailcollision,#ee_wall_base_concrete_32
xmodeldetailcollision,#ee_wall_base_concrete_64
xmodeldetailcollision,#ee_wall_base_concrete_corner_90_out
physicsasset,#ee_wall_base_brick_corner_left
xmodeldetailcollision,#ee_wall_base_concrete_corner_left
xmodeldetailcollision,#ee_wall_base_concrete_corner_right
physicsasset,#ee_wall_base_brick_pillar_small
xmodeldetailcollision,#ee_wall_base_concrete_pillar_small
physicsasset,#ee_wall_dam_railing_24_01
xmodeldetailcollision,#ee_wall_dam_railing_24_01
physicsasset,#hash_d60755fa62e0c96f
xmodeldetailcollision,#hash_d60755fa62e0c96f
physicsasset,#ee_wall_dam_railing_end_cap_01
xmodeldetailcollision,#ee_wall_dam_railing_end_cap_01
physicsasset,#hash_998873ffafece8be
xmodeldetailcollision,#hash_998873ffafece8be
physicsasset,#hash_998871ffafece558
xmodeldetailcollision,#hash_998871ffafece558
physicsasset,#ee_wires_stpete_allyway_ornament_04
xmodeldetailcollision,#ee_wires_stpete_allyway_ornament_04
physicsasset,#ee_wires_stpete_cables_b_corner_64
xmodeldetailcollision,#ee_wires_stpete_cables_b_corner_64
physicsasset,#hash_88efdcb5aedd9b8f
xmodeldetailcollision,#hash_88efdcb5aedd9b8f
physicsasset,#ee_wires_wolf_lair_custom
xmodeldetailcollision,#ee_wires_wolf_lair_custom
physicsasset,#electrical_antenna_rooftop02_iw9
xmodeldetailcollision,#electrical_antenna_rooftop02_iw9
physicsasset,#electrical_box_door_rusty_wall
xmodeldetailcollision,#electrical_box_door_rusty_wall
physicsasset,#electrical_box_multi_port_01
xmodeldetailcollision,#cp_electrical_box_multi_port_melee
physicsasset,#hash_beb5aba00e47e58b
xmodeldetailcollision,#hash_f874359ce32eabaf
physicsasset,#electrical_box_old_rusty
xmodeldetailcollision,#electrical_box_old_rusty
physicsasset,#electrical_box_rusted_01
xmodeldetailcollision,#electrical_box_rusted_01
physicsasset,#electrical_cell_door_button_red
xmodeldetailcollision,#electrical_cell_door_button_red
physicsasset,#electrical_conduit_1_body_bend_elbow
xmodeldetailcollision,#electrical_conduit_1_body_bend_elbow
physicsasset,#electrical_conduit_1_body_joint_c
xmodeldetailcollision,#electrical_conduit_1_body_joint_c
physicsasset,#hash_fa8c85e9ba44d232
xmodeldetailcollision,#electrical_conduit_1_body_joint_lr
physicsasset,#electrical_conduit_1_body_joint_t
xmodeldetailcollision,#electrical_conduit_1_body_joint_t
physicsasset,#electrical_conduit_1_body_pull_elbow
xmodeldetailcollision,#electrical_conduit_1_body_pull_elbow
physicsasset,#hash_e7e8716dabe52867
xmodeldetailcollision,#hash_e7e8716dabe52867
physicsasset,#electrical_conduit_1_elbow90_short
xmodeldetailcollision,#electrical_conduit_1_elbow90_short_black
physicsasset,#electrical_conduit_1_straight_128
xmodeldetailcollision,#electrical_conduit_1_straight_128
physicsasset,#electrical_conduit_1_straight_16
xmodeldetailcollision,#electrical_conduit_1_straight_16_black
physicsasset,#electrical_conduit_1_straight_256
xmodeldetailcollision,#electrical_conduit_1_straight_256
physicsasset,#electrical_conduit_1_straight_32
xmodeldetailcollision,#electrical_conduit_1_straight_32
physicsasset,#electrical_conduit_1_straight_4
xmodeldetailcollision,#electrical_conduit_1_straight_4
physicsasset,#electrical_conduit_1_straight_64
xmodeldetailcollision,#electrical_conduit_1_straight_64_black
physicsasset,#hash_f4d49f907f0a129f
xmodeldetailcollision,#hash_f4d49f907f0a129f
physicsasset,#hash_9713aff2a1d6068c
xmodeldetailcollision,#hash_9713aff2a1d6068c
physicsasset,#electrical_conduit_1_strap_med
xmodeldetailcollision,#electrical_conduit_1_strap_med
xmodeldetailcollision,#electrical_conduit_1_strap_sml
physicsasset,#electrical_conduit_1_union
xmodeldetailcollision,#electrical_conduit_1_union
physicsasset,#hash_c7e00564502cb59f
xmodeldetailcollision,#hash_c7e00564502cb59f
physicsasset,#electrical_conduit_2_body_joint_c
xmodeldetailcollision,#electrical_conduit_2_body_joint_c
physicsasset,#hash_d2ce35c3e3f8482d
xmodeldetailcollision,#hash_d2ce35c3e3f8482d
physicsasset,#hash_e0ee62e1cb797b6c
xmodeldetailcollision,#hash_e0ee62e1cb797b6c
physicsasset,#hash_aa4f86545c4ac5a8
xmodeldetailcollision,#hash_aa4f86545c4ac5a8
physicsasset,#hash_f6f86a055838fb47
xmodeldetailcollision,#hash_f6f86a055838fb47
physicsasset,#electrical_conduit_2_coupling_screw
xmodeldetailcollision,#electrical_conduit_2_coupling_screw
physicsasset,#electrical_conduit_2_elbow90_long
xmodeldetailcollision,#electrical_conduit_2_elbow90_long
physicsasset,#electrical_conduit_2_straight_128
xmodeldetailcollision,#electrical_conduit_2_straight_128
physicsasset,#electrical_conduit_2_straight_16
xmodeldetailcollision,#electrical_conduit_2_straight_16
physicsasset,#electrical_conduit_2_straight_32
xmodeldetailcollision,#electrical_conduit_2_straight_32
physicsasset,#hash_8d0f9dc92df2de76
xmodeldetailcollision,#hash_8d0f9dc92df2de76
physicsasset,#hash_cd35bc225afe6a18
xmodeldetailcollision,#hash_cd35bc225afe6a18
physicsasset,#electrical_conduit_2_union
xmodeldetailcollision,#electrical_conduit_2_union
physicsasset,#electrical_conduit_plastic_box_01
xmodeldetailcollision,#electrical_conduit_plastic_box_01
physicsasset,#electrical_conduit_plastic_box_02
xmodeldetailcollision,#electrical_conduit_plastic_box_02
physicsasset,#electrical_conduit_plastic_box_03
xmodeldetailcollision,#electrical_conduit_plastic_box_03
physicsasset,#electrical_conduit_set_electrical_box_01
xmodeldetailcollision,#electrical_conduit_set_electrical_box_01
physicsasset,#electrical_conduit_set_electrical_box_02
xmodeldetailcollision,#electrical_conduit_set_electrical_box_02
physicsasset,#electrical_conduit_set_electrical_box_03
xmodeldetailcollision,#electrical_conduit_set_electrical_box_03
physicsasset,#electrical_conduit_set_electrical_box_04
xmodeldetailcollision,#electrical_conduit_set_electrical_box_04
physicsasset,#electrical_conduit_set_electrical_box_05
xmodeldetailcollision,#electrical_conduit_set_electrical_box_05
physicsasset,#electrical_conduit_set_electrical_box_big
xmodeldetailcollision,#electrical_conduit_set_electrical_box_big
physicsasset,#electrical_conduit_set_electrical_box_medium
xmodeldetailcollision,#electrical_conduit_set_electrical_box_medium
physicsasset,#electrical_distribution_box_02
xmodeldetailcollision,#electrical_distribution_box_02
physicsasset,#electrical_flat_conduit_kit_single_16
xmodeldetailcollision,#hash_d45131932af498d5
physicsasset,#electrical_interior_outlet_01
xmodeldetailcollision,#electrical_interior_outlet_01
physicsasset,#electrical_light_switch_01
xmodeldetailcollision,#electrical_light_switch_01
physicsasset,#electrical_multiple_control_metal_box_double
xmodeldetailcollision,#electrical_multiple_control_metal_box_double
xmodeldetailcollision,#hash_d15347166cf893de
physicsasset,#electrical_office_security_lock_01
xmodeldetailcollision,#electrical_office_security_lock_01
physicsasset,#electrical_phone_jack_01
xmodeldetailcollision,#electrical_phone_jack_01
physicsasset,#electrical_security_alarm_wall_mounted
xmodeldetailcollision,#electrical_security_alarm_wall_mounted
physicsasset,#electrical_street_box_01
xmodeldetailcollision,#electrical_street_box_01
physicsasset,#electrical_street_box_02
xmodeldetailcollision,#electrical_street_box_02
physicsasset,#electrical_wires_jumbled_a_256
xmodeldetailcollision,#electrical_wires_jumbled_a_256
physicsasset,#hash_80449fb64f614e63
xmodeldetailcollision,#hash_80449fb64f614e63
physicsasset,#electrical_wires_jumbled_a_64
xmodeldetailcollision,#electrical_wires_jumbled_a_64
physicsasset,#electrical_wires_jumbled_a_96
xmodeldetailcollision,#electrical_wires_jumbled_a_96
physicsasset,#hash_c6df8eb583dfda44
xmodeldetailcollision,#hash_c6df8eb583dfda44
xmodeldetailcollision,#electrical_wires_jumbled_b_128
physicsasset,#hash_fc40ed9f7c71ac48
xmodeldetailcollision,#hash_fc40ed9f7c71ac48
physicsasset,#electrical_wires_jumbled_b_64
xmodeldetailcollision,#electrical_wires_jumbled_b_64
physicsasset,#electronic_shop_shelves_01
xmodeldetailcollision,#electronic_shop_shelves_01
physicsasset,#hash_f8411bbc730ded9f
xmodeldetailcollision,#hash_f8411bbc730ded9f
physicsasset,#electronics_fire_alarm_bell_01_lod0
xmodeldetailcollision,#electronics_fire_alarm_bell_01_lod0
physicsasset,#electronics_fire_alarm_trigger_01_lod0
xmodeldetailcollision,#electronics_fire_alarm_trigger_01_lod0
physicsasset,#electronics_fire_alarm_trigger_02
xmodeldetailcollision,#electronics_fire_alarm_trigger_02
physicsasset,#equipment_ac_unit_01
xmodeldetailcollision,#equipment_ac_unit_01
xmodeldetailcollision,#hash_f816ef856bd42380
physicsasset,#hash_b58b40d99248a4dd
xmodeldetailcollision,#hash_b58b40d99248a4dd
physicsasset,#hash_b58b3dd992489fc4
xmodeldetailcollision,#hash_b58b3dd992489fc4
physicsasset,#equipment_ac_unit_old_01
xmodeldetailcollision,#equipment_ac_unit_old_01
physicsasset,#hash_b3e21eb0fd402d4d
xmodeldetailcollision,#hash_b3e21eb0fd402d4d
physicsasset,#equipment_antenna_set_01_short
xmodeldetailcollision,#equipment_antenna_set_01_short
physicsasset,#equipment_box_fan
xmodeldetailcollision,#equipment_box_fan
physicsasset,#equipment_dome_surveillance_camera
xmodeldetailcollision,#equipment_dome_surveillance_camera
physicsasset,#equipment_pole_electrical_01_tall
xmodeldetailcollision,#equipment_pole_electrical_01_tall
xmodeldetailcollision,#equipment_roof_vent_medium
physicsasset,#equipment_roofvent1
xmodeldetailcollision,#equipment_roofvent1
physicsasset,#equipment_satellite_dish_01_lrg
xmodeldetailcollision,#equipment_satellite_dish_01_lrg
physicsasset,#equipment_satellite_dish_01_sml
xmodeldetailcollision,#equipment_satellite_dish_01_sml
physicsasset,#equipment_security_camera_small_base_01
xmodeldetailcollision,#equipment_security_camera_small_base_01
physicsasset,#equipment_security_camera_small_head_01
xmodeldetailcollision,#equipment_security_camera_small_head_01
physicsasset,#equipment_tv_01
xmodeldetailcollision,#equipment_tv_01
physicsasset,#equipment_water_heater_01
xmodeldetailcollision,#equipment_water_heater_01
physicsasset,#hash_96850e00147204e5
xmodeldetailcollision,#hash_d2bab2db907a1e31
physicsasset,#fabric_towel_folded_01
xmodeldetailcollision,#fabric_towel_folded_01_white
physicsasset,#hash_ea9153c9141d57f3
xmodeldetailcollision,#hash_910cd5ed066c22d1
physicsasset,#hash_fe345cbf75df44bd
xmodeldetailcollision,#hash_fe345cbf75df44bd
physicsasset,#floor_metal_plate_dmg_rust_64x64
xmodeldetailcollision,#floor_metal_plate_dmg_rust_64x64
physicsasset,#food_trash_bag_paper_01
xmodeldetailcollision,#food_trash_bag_paper_01
physicsasset,#food_trash_bottle_soda_03
xmodeldetailcollision,#food_trash_bottle_soda_04
physicsasset,#food_trash_cup_soda_med_01a_stack
xmodeldetailcollision,#food_trash_cup_soda_lrg_01
physicsasset,#hash_a334653d0678ee64
xmodeldetailcollision,#hash_a334653d0678ee64
physicsasset,#furniture_bed_bunk_children_mattress
xmodeldetailcollision,#furniture_bed_bunk_children_mattress
xmodeldetailcollision,#furniture_cafe_chair_01
physicsasset,#hash_81c53de54fff4e3d
xmodeldetailcollision,#hash_95500f65a1b65d93
physicsasset,#hash_a1d93a4f8e96e0b7
xmodeldetailcollision,#hash_c198aff20b26e2d5
physicsasset,#hash_a1d93b4f8e96e26a
xmodeldetailcollision,#hash_83fa96ace0b25383
physicsasset,#furniture_fan
xmodeldetailcollision,#furniture_fan_off_wz
physicsasset,#hash_a5f39af3af33cb81
xmodeldetailcollision,#hash_a5f39af3af33cb81
physicsasset,#hash_be6677ef3cf898c0
xmodeldetailcollision,#hash_be6677ef3cf898c0
physicsasset,#hash_fbdedaf112933511
xmodeldetailcollision,#hash_fbdedaf112933511
physicsasset,#furniture_fire_hose_box_closed
xmodeldetailcollision,#furniture_fire_hose_box_closed
physicsasset,#hash_e8c89b6ee5585957
xmodeldetailcollision,#hash_e43b88ad4b15f3d7
physicsasset,#furniture_heating_stove_01_box_b
xmodeldetailcollision,#furniture_heating_stove_01_box_b
physicsasset,#hash_d237bc366b3f6372
xmodeldetailcollision,#hash_d237bc366b3f6372
physicsasset,#furniture_painting_frame_02_brown
xmodeldetailcollision,#furniture_painting_frame_02_brown
xmodeldetailcollision,#furniture_painting_frame_02_brown_02
xmodeldetailcollision,#furniture_painting_frame_03_brown_03
xmodeldetailcollision,#furniture_painting_frame_03_brown_04
xmodeldetailcollision,#furniture_painting_frame_03_brown_03_ee
physicsasset,#furniture_painting_frame_04_brown_large
xmodeldetailcollision,#furniture_painting_frame_04_brown_large
xmodeldetailcollision,#furniture_painting_frame_04_brown_large_02
physicsasset,#furniture_painting_frame_05_brown_large
xmodeldetailcollision,#furniture_painting_frame_05_brown_large
physicsasset,#furniture_plastic_chair_01
xmodeldetailcollision,#furniture_plastic_chair_01
physicsasset,#furniture_plastic_stool_white
xmodeldetailcollision,#furniture_plastic_stool_white
physicsasset,#furniture_queen_pillow_01
xmodeldetailcollision,#furniture_queen_pillow_01
physicsasset,#hash_b2c3bde2c425c18d
xmodeldetailcollision,#hash_b2c3bde2c425c18d
physicsasset,#furniture_rug_01_flat_03
xmodeldetailcollision,#furniture_rug_01_flat_03
xmodeldetailcollision,#furniture_rug_01_flat_04
xmodeldetailcollision,#furniture_storage_bin_plastic_01
physicsasset,#furniture_storage_bin_plastic_stacked_01
xmodeldetailcollision,#furniture_storage_bin_plastic_stacked_01
physicsasset,#furniture_table_folding_01_closed
xmodeldetailcollision,#furniture_table_folding_01_closed
physicsasset,#furniture_table_folding_01_open
xmodeldetailcollision,#furniture_table_folding_01_open
physicsasset,#hash_85ad5ee651d68b94
xmodeldetailcollision,#hash_85ad5ee651d68b94
physicsasset,#furniture_weapon_racks_01
xmodeldetailcollision,#furniture_weapon_racks_01
xmodeldetailcollision,#furniture_wood_bookcase_large_old_01
physicsasset,#hash_ad2423f8af62148a
xmodeldetailcollision,#hash_bc600d88971849d7
physicsasset,#hash_b03d3798ea5fb750
xmodeldetailcollision,#hash_84f62ae22898f17b
physicsasset,#hash_db9b860bba4f9381
xmodeldetailcollision,#hash_9a162c1de19cb762
physicsasset,#hash_d1ba005217926a18
xmodeldetailcollision,#hash_d1ba005217926a18
physicsasset,#glass_broken_frame_edge_01
xmodeldetailcollision,#hash_aa3a72c69ce35df3
physicsasset,#guardtower_armored_plane_01
xmodeldetailcollision,#guardtower_armored_plane_01
physicsasset,#hardware_plywood_bare_01_24
xmodeldetailcollision,#hardware_plywood_bare_01_24
physicsasset,#hardware_plywood_bare_01_48
xmodeldetailcollision,#hardware_plywood_bare_01_48
physicsasset,#hardware_plywood_osb_bare_01_24
xmodeldetailcollision,#hardware_plywood_osb_bare_01_24
physicsasset,#hardware_plywood_osb_bare_01_48
xmodeldetailcollision,#hardware_plywood_osb_bare_01_48
physicsasset,#hardware_plywood_painted_white_01_24
xmodeldetailcollision,#hardware_plywood_painted_white_01_24
physicsasset,#hardware_plywood_painted_white_01_48
xmodeldetailcollision,#hardware_plywood_painted_white_01_48
physicsasset,#hash_9a67754618c824c1
xmodeldetailcollision,#hash_9a67754618c824c1
physicsasset,#hash_88e5341dab0a8f8b
xmodeldetailcollision,#hash_88e5341dab0a8f8b
physicsasset,#hash_88e5421dab0aa755
xmodeldetailcollision,#hash_88e5421dab0aa755
physicsasset,#industrial_conduit_metal_1_body_joint_t
xmodeldetailcollision,#industrial_conduit_metal_1_body_joint_t
physicsasset,#industrial_conduit_metal_1_coupling_screw
xmodeldetailcollision,#industrial_conduit_metal_1_coupling_screw
physicsasset,#hash_82999e38db2cf305
xmodeldetailcollision,#hash_82999e38db2cf305
physicsasset,#hash_848296e769d8a593
xmodeldetailcollision,#hash_848296e769d8a593
physicsasset,#hash_dace2d1e8bb80d4c
xmodeldetailcollision,#hash_dace2d1e8bb80d4c
physicsasset,#industrial_conduit_metal_1_strap_med
xmodeldetailcollision,#industrial_conduit_metal_1_strap_med
physicsasset,#hash_aaca0e812673fd36
xmodeldetailcollision,#hash_aaca0e812673fd36
physicsasset,#kitchen_metal_sink_01
xmodeldetailcollision,#kitchen_metal_sink_01
physicsasset,#kitchen_refrigerators_01_body
xmodeldetailcollision,#kitchen_refrigerators_01_body
physicsasset,#lag_portable_radio
xmodeldetailcollision,#lag_portable_radio
physicsasset,#light_exterior_hanging_cafe_light_fixtures_off
xmodeldetailcollision,#hash_938192897a27f5e2
physicsasset,#light_exterior_wall_cafe_light_fixtures
xmodeldetailcollision,#light_exterior_wall_cafe_light_fixtures_off_wz
physicsasset,#hash_e91b206ce6c8a124
xmodeldetailcollision,#hash_9d3ffaa6a675ac5a
physicsasset,#lighting_fixture_bulb_incandescent
xmodeldetailcollision,#hash_a32abe00fc02c9e0
xmodeldetailcollision,#hash_ecea6c0a8be0e8ca
physicsasset,#lighting_fixtures_security_lamp_holder_01
xmodeldetailcollision,#lighting_fixtures_security_lamp_holder_01
physicsasset,#lighting_interior_fluorescent_wall_light_01_long
xmodeldetailcollision,#hash_9b46356462cbd6e1
physicsasset,#lm_appliance_store_freezer_shelve_01
xmodeldetailcollision,#appliance_store_freezer_shelve_01
physicsasset,#lm_door_glass_metal_frame_window_128_72
xmodeldetailcollision,#lm_door_glass_metal_frame_window_128_72
physicsasset,#hash_86891770eb3f2bcb
xmodeldetailcollision,#hash_86891770eb3f2bcb
physicsasset,#hash_b1d68489e0ebff5c
xmodeldetailcollision,#hash_b1d68489e0ebff5c
physicsasset,#lm_machinery_hvac_roof_a_01
xmodeldetailcollision,#lm_machinery_hvac_roof_a_01
physicsasset,#hash_87de5fefc0f34471
xmodeldetailcollision,#hash_87de5fefc0f34471
physicsasset,#lm_machinery_hvac_roof_c_01
xmodeldetailcollision,#lm_machinery_hvac_roof_c_01
physicsasset,#hash_97b50ecb196c4dd0
xmodeldetailcollision,#hash_97b50ecb196c4dd0
physicsasset,#lm_shop_rack_01_58
xmodeldetailcollision,#lm_shop_rack_01_58
physicsasset,#hash_97b903faa01adf1b
xmodeldetailcollision,#hash_97b903faa01adf1b
physicsasset,#lm_storage_shelf_beam_horizontal_support_short
xmodeldetailcollision,#storage_shelf_beam_horizontal_support_short
physicsasset,#lm_storage_shelf_beam_vertical_middle
xmodeldetailcollision,#storage_shelf_beam_vertical_middle
physicsasset,#lm_storage_shelf_corner_bumper
xmodeldetailcollision,#lm_storage_shelf_corner_bumper
physicsasset,#lm_street_concrete_sidewalk_128x64_01
xmodeldetailcollision,#lm_street_concrete_sidewalk_128x64_01
physicsasset,#lm_street_concrete_sidewalk_16x16_01_tall
xmodeldetailcollision,#lm_street_concrete_sidewalk_16x16_01_tall
physicsasset,#lm_street_concrete_sidewalk_32x16_01
xmodeldetailcollision,#lm_street_concrete_sidewalk_32x16_01
physicsasset,#lm_street_don_bus_stop_a_01
xmodeldetailcollision,#lm_street_don_bus_stop_a_01
physicsasset,#lm_structural_window_frame_only_res_02_b
xmodeldetailcollision,#lm_structural_window_frame_only_res_02_b
physicsasset,#lm_structural_window_frame_res_02_b
xmodeldetailcollision,#hash_f943905ae947ecca
physicsasset,#lm_structural_window_frame_res_03_a
xmodeldetailcollision,#lm_structural_window_frame_res_03_a
physicsasset,#hash_db60ea6243903150
xmodeldetailcollision,#hash_db60ea6243903150
physicsasset,#lm_wall_corner_16_in
xmodeldetailcollision,#lm_wall_corner_128_out
xmodeldetailcollision,#lm_wall_corner_64_in
xmodeldetailcollision,#lm_wall_corner_16_out
xmodeldetailcollision,#lm_wall_corner_64_out
xmodeldetailcollision,#lm_wall_corner_32_out
physicsasset,#lm_window_frame_metal_01_b
xmodeldetailcollision,#lm_window_frame_metal_01_b
physicsasset,#lm_window_frame_metal_02_b_ah
xmodeldetailcollision,#lm_window_frame_metal_02_b_ah
physicsasset,#hash_b897930b1f33cfdb
xmodeldetailcollision,#hash_b897930b1f33cfdb
physicsasset,#machinery_cable_ship_deck_large
xmodeldetailcollision,#machinery_cable_ship_deck_large
physicsasset,#manmade_metal_plate_221x58
xmodeldetailcollision,#manmade_metal_plate_221x58
physicsasset,#hash_cf08a517bb7834ff
xmodeldetailcollision,#hash_b3c10d2578f752c9
physicsasset,#hash_a17e60251316a261
xmodeldetailcollision,#hash_a17e60251316a261
physicsasset,#hash_f31484508403dc6c
xmodeldetailcollision,#hash_f31484508403dc6c
physicsasset,#hash_c7f95b35ffb71f2c
xmodeldetailcollision,#hash_c7f95b35ffb71f2c
physicsasset,#me_ceiling_tile_1x1_a
xmodeldetailcollision,#hash_bf9013d3ff737bf4
physicsasset,#hash_bdc8e81629f1642c
xmodeldetailcollision,#hash_bdc8e81629f1642c
physicsasset,#me_construction_plank_bridge_a_08
xmodeldetailcollision,#me_construction_plank_bridge_a_08
xmodeldetailcollision,#hash_82fc3703d4778467
xmodeldetailcollision,#hash_c7e2941ec0673a09
physicsasset,#me_construction_plank_bridge_a_21
xmodeldetailcollision,#me_construction_plank_bridge_a_21
physicsasset,#me_construction_staircase_01_1
xmodeldetailcollision,#me_construction_staircase_01_1
physicsasset,#me_curb_trash_02
xmodeldetailcollision,#me_curb_trash_02
physicsasset,#me_debris_concrete_slab_platform_01
xmodeldetailcollision,#me_debris_concrete_slab_platform_01
physicsasset,#hash_f238e334b28ce1d0
xmodeldetailcollision,#hash_f238e334b28ce1d0
physicsasset,#hash_f36fbc6f54e7bc37
xmodeldetailcollision,#hash_f36fbc6f54e7bc37
physicsasset,#hash_92e7656f3205079f
xmodeldetailcollision,#hash_92e7656f3205079f
physicsasset,#me_door_hatch_roof_01
xmodeldetailcollision,#me_door_hatch_roof_01
physicsasset,#me_electrical_box_small_01
xmodeldetailcollision,#me_electrical_box_small_01
physicsasset,#me_electrical_garage_numpad_01
xmodeldetailcollision,#me_electrical_garage_numpad_01
physicsasset,#me_food_butchery_hook_01
physicsasset,#hash_a378868a21c9bf1d
xmodeldetailcollision,#hash_a378868a21c9bf1d
physicsasset,#me_garbage_box_cardboard_01
xmodeldetailcollision,#me_garbage_box_cardboard_01
physicsasset,#me_garbage_cardboard_flat_01
xmodeldetailcollision,#container_cardboard_chinese_01
physicsasset,#me_garbage_pile_01
xmodeldetailcollision,#me_littered_clothes_01
physicsasset,#me_gas_lantern_01
physicsasset,#hash_81d8b44624e17bab
xmodeldetailcollision,#hash_81d8b44624e17bab
physicsasset,#hash_f3c4084e05b6b78a
xmodeldetailcollision,#hash_f3c4084e05b6b78a
physicsasset,#me_kitchen_cabinet_long_01
xmodeldetailcollision,#me_kitchen_cabinet_long_01
physicsasset,#hash_877fa8281ca4a869
xmodeldetailcollision,#hash_877fa8281ca4a869
physicsasset,#me_light_ceiling_fluorescent_tube_bulb_small
xmodeldetailcollision,#me_light_ceiling_fluorescent_tube_small_cage_on_neutral_wz
xmodeldetailcollision,#me_light_ceiling_fluorescent_tube_bulb_small_on_neutral_wz
physicsasset,#me_litter_pile_01
xmodeldetailcollision,#me_litter_pile_01
physicsasset,#me_litter_pile_02
xmodeldetailcollision,#me_litter_pile_02
physicsasset,#me_litter_pile_03
xmodeldetailcollision,#me_litter_pile_03
xmodeldetailcollision,#hash_dda3cd3d126d14a1
xmodeldetailcollision,#hash_e1ad5418293e257a
physicsasset,#me_machinery_water_pump_hose_bend_01
xmodeldetailcollision,#me_machinery_water_pump_hose_bend_01_yellow
physicsasset,#me_machinery_water_pump_hose_bend_02
xmodeldetailcollision,#me_machinery_water_pump_hose_bend_02
physicsasset,#me_machinery_water_pump_hose_corner_02
xmodeldetailcollision,#me_machinery_water_pump_hose_corner_02_yellow
physicsasset,#me_machinery_water_pump_hose_nozzle_01
xmodeldetailcollision,#me_machinery_water_pump_hose_nozzle_01
physicsasset,#hash_e48c2f61ffb4a485
xmodeldetailcollision,#hash_e48c2f61ffb4a485
physicsasset,#me_manhole_cover_02
xmodeldetailcollision,#me_manhole_cover_02
xmodeldetailcollision,#me_marketplace_wall_corner_rough_01d
physicsasset,#hash_e6365c4f173f41fd
xmodeldetailcollision,#hash_e6365c4f173f41fd
physicsasset,#me_refrigerated_merchandiser_01
xmodeldetailcollision,#hash_f63967cda1a8f8b1
physicsasset,#me_refrigerated_merchandiser_door_01
xmodeldetailcollision,#me_refrigerated_merchandiser_door_01
physicsasset,#hash_e5f10530201f155a
xmodeldetailcollision,#hash_e5f10530201f155a
physicsasset,#hash_e5f10430201f13a7
xmodeldetailcollision,#hash_e5f10430201f13a7
physicsasset,#me_rock_cliff_01
xmodeldetailcollision,#me_rock_cliff_01
physicsasset,#me_rock_cluster_round_large_01
xmodeldetailcollision,#me_rock_cluster_round_large_01
physicsasset,#me_rock_cluster_round_large_02
xmodeldetailcollision,#me_rock_cluster_round_large_02
physicsasset,#hash_a9778b17176d4b44
xmodeldetailcollision,#hash_90e32bfab5a773e3
physicsasset,#hash_a9778a17176d4991
xmodeldetailcollision,#hash_afbc222635d34e96
physicsasset,#hash_ed6a7638fdbc4083
xmodeldetailcollision,#hash_ed6a7638fdbc4083
physicsasset,#hash_92b990b8642852da
xmodeldetailcollision,#hash_92b990b8642852da
physicsasset,#me_rock_massive_nordic_coastal_cliff
xmodeldetailcollision,#me_rock_massive_nordic_coastal_cliff
physicsasset,#me_rock_medium_a_01
xmodeldetailcollision,#hash_b9e5c3cd7854f3aa
physicsasset,#hash_abaf50bb9dff09e5
xmodeldetailcollision,#hash_b9efb5cd785d3065
physicsasset,#hash_c76e6bd2319b5875
xmodeldetailcollision,#hash_c76e6bd2319b5875
physicsasset,#me_rollup_metal_door_01_open
xmodeldetailcollision,#me_rollup_metal_door_01_open
physicsasset,#me_sign_office_cctv_01
xmodeldetailcollision,#me_sign_office_cctv_01
physicsasset,#me_sign_office_employeeonly_01
xmodeldetailcollision,#me_sign_office_employeeonly_01
physicsasset,#me_sign_office_hazard_01
xmodeldetailcollision,#me_sign_office_hazard_01
physicsasset,#me_sign_office_nocig_01
xmodeldetailcollision,#hash_ed724b39d3fde062
physicsasset,#me_sign_office_wf_calendar4
xmodeldetailcollision,#me_sign_office_wf_calendar2
physicsasset,#hash_bde3d7ab8fb664fe
xmodeldetailcollision,#hash_bde3d7ab8fb664fe
physicsasset,#me_snack_package_chips_large_bag_02
xmodeldetailcollision,#me_snack_package_chips_large_bag_02
physicsasset,#hash_ffca685e4430ea21
xmodeldetailcollision,#hash_ffca685e4430ea21
physicsasset,#hash_cd58686d46aa53ae
xmodeldetailcollision,#hash_dfffd3132c63f442
physicsasset,#me_window_wood_ornate_01
xmodeldetailcollision,#me_window_wood_ornate_01
physicsasset,#medical_cabinet_short_01
xmodeldetailcollision,#medical_cabinet_short_01
physicsasset,#hash_b00eb6d148661ec2
xmodeldetailcollision,#hash_b00eb6d148661ec2
physicsasset,#medical_iv_stand_static
xmodeldetailcollision,#medical_iv_stand_static
physicsasset,#metal_chain_01_locked
xmodeldetailcollision,#metal_chain_01_locked
physicsasset,#military_ascendertop_cable_coil_01
physicsasset,#military_ascendertop_heavy
xmodeldetailcollision,#military_ascendertop_heavy
physicsasset,#misc_keyboard_black_01
xmodeldetailcollision,#misc_keyboard_black_01
xmodeldetailcollision,#me_garbage_tire_spare_01
physicsasset,#mout_catwalk_stairs_top
xmodeldetailcollision,#mout_catwalk_stairs_top_rusted
physicsasset,#mout_catwalk_support_base_01
xmodeldetailcollision,#mout_catwalk_support_base_01
xmodeldetailcollision,#mout_catwalk_support_brace_ibeam_01
physicsasset,#mout_catwalk_support_brace_ibeam_16
xmodeldetailcollision,#mout_catwalk_support_brace_ibeam_16_mp_rust
physicsasset,#mout_catwalk_support_brace_ibeam_16_mp_rust
physicsasset,#mout_catwalk_support_brace_ibeam_32
xmodeldetailcollision,#mout_catwalk_support_brace_ibeam_32
physicsasset,#mout_catwalk_support_brace_ibeam_32_mp_rust
physicsasset,#mout_catwalk_support_brace_ibeam_64_mp_rust
physicsasset,#mout_catwalk_support_brace_ibeam_8
xmodeldetailcollision,#mout_catwalk_support_brace_ibeam_8
physicsasset,#mout_catwalk_support_brace_ibeam_96
physicsasset,#mout_catwalk_support_brace_left_64x96
xmodeldetailcollision,#mout_catwalk_support_brace_left_64x96
physicsasset,#mout_catwalk_support_brace_right_64x128
xmodeldetailcollision,#mout_catwalk_support_brace_right_64x128
physicsasset,#mout_catwalk_support_brace_x_128x128
xmodeldetailcollision,#mout_catwalk_support_brace_x_128x128
physicsasset,#hash_a0f9b5cee4d0c0ed
xmodeldetailcollision,#hash_a0f9b5cee4d0c0ed
physicsasset,#mx_sign_commercial_common_fire_extinguisher_03
xmodeldetailcollision,#mx_sign_commercial_common_fire_extinguisher_03
physicsasset,#p7_box_cardboard_a_closed
xmodeldetailcollision,#p7_box_cardboard_a_closed
physicsasset,#p7_box_cardboard_a_open01
xmodeldetailcollision,#p7_box_cardboard_a_open01
physicsasset,#p7_box_cardboard_b_closed
xmodeldetailcollision,#p7_box_cardboard_b_closed
physicsasset,#p7_box_cardboard_b_open02
xmodeldetailcollision,#p7_box_cardboard_b_open02
physicsasset,#p7_box_cardboard_d_closed
xmodeldetailcollision,#p7_box_cardboard_d_closed
physicsasset,#p7_debris_junkyard_scrap_bit_07
xmodeldetailcollision,#debris_scrap_metal_junkyard_07
xmodeldetailcollision,#hash_8b5fe05a974b0374
physicsasset,#hash_aae375d089bf405c
xmodeldetailcollision,#hash_aae375d089bf405c
physicsasset,#pillar_concrete_02_16x128
xmodeldetailcollision,#pillar_concrete_02_16x128
physicsasset,#pillar_metal_support_ship_deck_arch
xmodeldetailcollision,#pillar_metal_support_ship_deck_arch
physicsasset,#pipe_corridor_single_01
xmodeldetailcollision,#pipe_corridor_single_01
physicsasset,#pipe_corridor_single_bracket_01
xmodeldetailcollision,#pipe_corridor_single_bracket_01
physicsasset,#pipe_corridor_single_eighth_01
xmodeldetailcollision,#pipe_corridor_single_eighth_01
physicsasset,#pipe_corridor_single_eighth_02
xmodeldetailcollision,#pipe_corridor_single_eighth_02
physicsasset,#pipe_corridor_single_elbow_01
xmodeldetailcollision,#pipe_corridor_single_elbow_01
physicsasset,#pipe_corridor_single_elbow_02
xmodeldetailcollision,#pipe_corridor_single_elbow_02
physicsasset,#pipe_corridor_single_quarter_01
xmodeldetailcollision,#pipe_corridor_single_quarter_01
physicsasset,#hash_e2ec10d2573dc154
xmodeldetailcollision,#hash_e2ec10d2573dc154
physicsasset,#pipe_metal_painted_bend_90_med
xmodeldetailcollision,#pipe_metal_painted_bend_90_med_red
physicsasset,#pipe_metal_painted_bend_90_med_thin
xmodeldetailcollision,#pipe_metal_painted_bend_90_med_thin
physicsasset,#pipe_metal_painted_bend_90_sml_thin
xmodeldetailcollision,#pipe_metal_painted_bend_90_sml_thin
physicsasset,#pipe_metal_painted_joint_2way_thin
xmodeldetailcollision,#pipe_metal_painted_joint_2way_thin
xmodeldetailcollision,#pipe_metal_painted_joint_3way
physicsasset,#pipe_metal_painted_joint_3way_thin
xmodeldetailcollision,#pipe_metal_painted_joint_3way_thin
physicsasset,#pipe_metal_painted_sprinkler
xmodeldetailcollision,#pipe_metal_painted_sprinkler
physicsasset,#pipe_metal_painted_straight_16_thin
xmodeldetailcollision,#pipe_metal_painted_straight_16_thin
physicsasset,#pipe_metal_painted_straight_32_thin
xmodeldetailcollision,#pipe_metal_painted_straight_32_thin
physicsasset,#pipe_metal_painted_straight_4_thin
xmodeldetailcollision,#pipe_metal_painted_straight_4_thin
physicsasset,#pipe_metal_painted_straight_64_thin
xmodeldetailcollision,#pipe_metal_painted_straight_64_thin
physicsasset,#pipe_metal_painted_valve_large
xmodeldetailcollision,#pipe_metal_painted_valve_large
physicsasset,#hash_c22f5566d8066849
xmodeldetailcollision,#hash_c22f5566d8066849
physicsasset,#railing_metal_ship_128_mp
xmodeldetailcollision,#railing_metal_ship_128_mp
physicsasset,#railing_metal_ship_16_end_01_mp
xmodeldetailcollision,#railing_metal_ship_16_end_01_mp
physicsasset,#railing_metal_ship_16_end_02_mp
xmodeldetailcollision,#railing_metal_ship_16_end_02_mp
physicsasset,#railing_metal_ship_32_mp
xmodeldetailcollision,#railing_metal_ship_32_mp
physicsasset,#railing_metal_ship_64_mp
xmodeldetailcollision,#railing_metal_ship_64_mp
physicsasset,#railing_metal_ship_6_mp
xmodeldetailcollision,#railing_metal_ship_6_mp
physicsasset,#railing_metal_ship_corner_01_mp
xmodeldetailcollision,#railing_metal_ship_corner_01_mp
physicsasset,#railing_metal_ship_deck_1panel
xmodeldetailcollision,#railing_metal_ship_deck_1panel
physicsasset,#railing_metal_ship_deck_256
xmodeldetailcollision,#railing_metal_ship_deck_256
physicsasset,#railing_metal_ship_deck_64
xmodeldetailcollision,#railing_metal_ship_deck_64
physicsasset,#railing_metal_ship_deck_rectangle
xmodeldetailcollision,#railing_metal_ship_deck_rectangle
physicsasset,#railing_ornate_metal_16
xmodeldetailcollision,#railing_ornate_metal_16_black
physicsasset,#railing_ornate_metal_24
xmodeldetailcollision,#railing_ornate_metal_24_black
physicsasset,#residential_exterior_vent_16x32
xmodeldetailcollision,#hash_c6466af38b255f64
physicsasset,#rock_coral_kit_01
xmodeldetailcollision,#hash_de5cf0e860649472
physicsasset,#rock_coral_kit_02
xmodeldetailcollision,#hash_8dfbc3041d217e4d
physicsasset,#rock_coral_kit_03
xmodeldetailcollision,#hash_b6bfacf8d240f60c
physicsasset,#rock_coral_kit_04
xmodeldetailcollision,#hash_91bbef121b1536ef
physicsasset,#rock_coral_kit_05
xmodeldetailcollision,#hash_e3faf10bb8338276
physicsasset,#rock_ocean_coral_large_01
xmodeldetailcollision,#hash_9c99eb9deaf17dd0
physicsasset,#rock_ocean_coral_medium_01
xmodeldetailcollision,#hash_9cd4b3fa589c59be
physicsasset,#hash_a671141a1ab1a677
xmodeldetailcollision,#hash_a671141a1ab1a677
physicsasset,#school_locker_closed_01_door
xmodeldetailcollision,#school_locker_closed_01_door
physicsasset,#school_locker_closed_01_main
xmodeldetailcollision,#school_locker_closed_01_main
physicsasset,#school_locker_door_01
xmodeldetailcollision,#school_locker_door_01
physicsasset,#school_locker_open_01
physicsasset,#hash_b9c74dfe1dab6c0c
xmodeldetailcollision,#hash_b9c74dfe1dab6c0c
physicsasset,#hash_bbab06031f3e0505
xmodeldetailcollision,#hash_bbab06031f3e0505
physicsasset,#sign_emergency_exit_light_01
xmodeldetailcollision,#hash_87e974c13c3c6042
physicsasset,#speaker_public_iw6
xmodeldetailcollision,#com_public_speaker_01
xmodeldetailcollision,#stairs_industrial_handrail_bars_01a_straight
physicsasset,#hash_cb4e1ee90b2bc5f6
xmodeldetailcollision,#hash_cb4e1ee90b2bc5f6
physicsasset,#hash_860e0c6fe51d1886
xmodeldetailcollision,#hash_860e0c6fe51d1886
physicsasset,#hash_8d03e3ddf9495585
xmodeldetailcollision,#hash_8d03e3ddf9495585
physicsasset,#hash_fd34e19cd1aecee8
xmodeldetailcollision,#hash_fd34e19cd1aecee8
physicsasset,#hash_ee0cf4a558d01998
xmodeldetailcollision,#hash_ee0cf4a558d01998
physicsasset,#hash_ee0cf9a558d02217
xmodeldetailcollision,#hash_ee0cf9a558d02217
physicsasset,#hash_d934222278a87716
xmodeldetailcollision,#hash_d934222278a87716
physicsasset,#hash_928c0add45645508
xmodeldetailcollision,#hash_928c0add45645508
physicsasset,#storage_cardboard_package_box_01
xmodeldetailcollision,#storage_cardboard_package_box_01
physicsasset,#storage_offshore_container_86x44x48
xmodeldetailcollision,#storage_offshore_container_86x44x48
xmodeldetailcollision,#street_dumpster_01_green
physicsasset,#street_road_bump_01
xmodeldetailcollision,#street_road_bump_01
physicsasset,#structural_bracket_iron_rusted_32_l_01
xmodeldetailcollision,#structural_bracket_iron_rusted_32_l_01
physicsasset,#structural_bracket_iron_rusted_32_thin_01
xmodeldetailcollision,#structural_bracket_iron_rusted_32_thin_01
physicsasset,#structural_bracket_iron_rusted_32_thin_l_03
xmodeldetailcollision,#structural_bracket_iron_rusted_32_thin_l_03
physicsasset,#hash_f3c5cdd54416db42
xmodeldetailcollision,#hash_f3c5cdd54416db42
physicsasset,#hash_9c2170a11e65444a
xmodeldetailcollision,#hash_9c2170a11e65444a
physicsasset,#trash_bin_metal_03
xmodeldetailcollision,#trash_bin_metal_03
physicsasset,#hash_b7d60daf8eb3d49a
xmodeldetailcollision,#hash_b7d60daf8eb3d49a
physicsasset,#trash_clothes_pile_01
xmodeldetailcollision,#trash_clothes_pile_01
physicsasset,#hash_da15ab59e05d2176
xmodeldetailcollision,#hash_da15ab59e05d2176
physicsasset,#hash_87afb20a977adfed
xmodeldetailcollision,#hash_87afb20a977adfed
physicsasset,#trash_plastic_bin_green_01
xmodeldetailcollision,#hash_c1cb1aafc7698c25
physicsasset,#trash_rubbish_debris_02
xmodeldetailcollision,#trash_rubbish_debris_02
physicsasset,#trim_metal_top_white_08_small
xmodeldetailcollision,#hash_fc9efb6533624dea
physicsasset,#trim_metal_top_white_16_small
xmodeldetailcollision,#hash_bdd84803182f09f9
physicsasset,#trim_metal_top_white_64_small
xmodeldetailcollision,#hash_86cb5bc0122d8498
physicsasset,#trim_metal_top_white_corner_small
xmodeldetailcollision,#hash_ebef8f3c7e63513f
physicsasset,#uk_ac_unit_old_01
xmodeldetailcollision,#ac_unit_large
physicsasset,#uk_appliance_washing_machine_01
xmodeldetailcollision,#uk_appliance_washing_machine_01
physicsasset,#uk_barrier_yellow_post_01
xmodeldetailcollision,#uk_barrier_yellow_post_01
physicsasset,#hash_c0c1de98418b2b07
xmodeldetailcollision,#hash_c0c1de98418b2b07
physicsasset,#hash_84b2ecbdce368a7e
xmodeldetailcollision,#hash_84b2ecbdce368a7e
physicsasset,#uk_brick_wall_trim_01_32
xmodeldetailcollision,#uk_brick_wall_trim_01_32
physicsasset,#hash_f41feebd622721ea
xmodeldetailcollision,#hash_f41feebd622721ea
physicsasset,#uk_brick_wall_trim_01_64
xmodeldetailcollision,#uk_brick_wall_trim_01_64
physicsasset,#hash_c3f13fb61c6b094b
xmodeldetailcollision,#hash_c3f13fb61c6b094b
physicsasset,#hash_eca4106a5f31742b
xmodeldetailcollision,#hash_eca4106a5f31742b
physicsasset,#hash_eca41e6a5f318bf5
xmodeldetailcollision,#hash_eca41e6a5f318bf5
physicsasset,#hash_de3d982bb9a34d12
xmodeldetailcollision,#hash_de3d982bb9a34d12
physicsasset,#uk_building_exterior_concrete_stairs_worn_02
xmodeldetailcollision,#uk_building_exterior_concrete_stairs_worn_02
physicsasset,#uk_building_exterior_concrete_stairs_worn_03
xmodeldetailcollision,#uk_building_exterior_concrete_stairs_worn_03
physicsasset,#uk_chair_folding_01_open
xmodeldetailcollision,#hash_a82a0eb6e22ca4d5
physicsasset,#uk_chairs_waiting_room_01
xmodeldetailcollision,#uk_chairs_waiting_room_01
physicsasset,#hash_9ee0ea95cb2f4ca7
xmodeldetailcollision,#hash_9ee0ea95cb2f4ca7
physicsasset,#uk_corkboard_garage_32x24_01_old
xmodeldetailcollision,#uk_corkboard_garage_32x24_01_old
physicsasset,#uk_corkboard_garage_48x36_01
xmodeldetailcollision,#uk_corkboard_garage_48x36_01
physicsasset,#uk_corkboard_garage_48x36_01_old
xmodeldetailcollision,#uk_corkboard_garage_48x36_01_old
physicsasset,#uk_corkboard_garage_96x48_01
xmodeldetailcollision,#uk_corkboard_garage_96x48_01
physicsasset,#uk_corkboard_garage_96x48_01_old
xmodeldetailcollision,#uk_corkboard_garage_96x48_01_old
physicsasset,#uk_decor_window_curtain_rod_01
xmodeldetailcollision,#uk_decor_window_curtain_rod_01
physicsasset,#uk_electrical_box_medium_01_no_door
xmodeldetailcollision,#uk_electrical_box_medium_01_no_door
physicsasset,#uk_fabric_kiosk_tarp_straight_80_01
xmodeldetailcollision,#uk_fabric_kiosk_tarp_straight_80_01
physicsasset,#uk_furniture_couch_retro_leather_01
xmodeldetailcollision,#uk_furniture_couch_retro_leather_01
physicsasset,#uk_garage_workbench_01
xmodeldetailcollision,#uk_garage_workbench_01
physicsasset,#uk_garage_workbench_02
xmodeldetailcollision,#uk_garage_workbench_02
physicsasset,#uk_house_baseboard_01_2_corner_out
xmodeldetailcollision,#uk_house_baseboard_01_old_2_corner_out
physicsasset,#uk_house_baseboard_01_32
xmodeldetailcollision,#uk_house_baseboard_01_old_32
physicsasset,#uk_house_baseboard_01_4
xmodeldetailcollision,#uk_house_baseboard_01_old_4
physicsasset,#uk_house_baseboard_01_8
xmodeldetailcollision,#uk_house_baseboard_01_old_8
physicsasset,#uk_house_baseboard_01_8_corner_in
xmodeldetailcollision,#uk_house_baseboard_01_old_8_corner_in
physicsasset,#uk_house_chair_rail_01_2
xmodeldetailcollision,#hash_cb5a5ac4c6eccb48
xmodeldetailcollision,#uk_house_chair_rail_01_old_4_corner_out
physicsasset,#uk_house_gutter_pipe_128_01
xmodeldetailcollision,#uk_house_gutter_pipe_128_01
physicsasset,#uk_house_gutter_pipe_24_01
xmodeldetailcollision,#hash_ed476d30d9932b95
physicsasset,#uk_house_gutter_pipe_32_01
xmodeldetailcollision,#uk_house_gutter_pipe_32_01
physicsasset,#uk_house_gutter_pipe_32_end_01
xmodeldetailcollision,#uk_house_gutter_pipe_32_end_01
xmodeldetailcollision,#uk_house_gutter_pipe_64_01
physicsasset,#uk_house_gutter_pipe_bracket_01
xmodeldetailcollision,#uk_house_gutter_pipe_bracket_01
physicsasset,#uk_house_gutter_pipe_bracket_02
xmodeldetailcollision,#uk_house_gutter_pipe_bracket_02
physicsasset,#uk_house_gutter_pipe_elbow_section_01
xmodeldetailcollision,#uk_house_gutter_pipe_elbow_section_01
physicsasset,#uk_house_gutter_pipe_elbow_section_03
xmodeldetailcollision,#uk_house_gutter_pipe_elbow_section_03
physicsasset,#uk_house_gutter_pipe_funnel_01
xmodeldetailcollision,#uk_house_gutter_pipe_funnel_01
physicsasset,#uk_house_molding_01_128
xmodeldetailcollision,#uk_house_molding_01_old_128
physicsasset,#uk_house_molding_01_16
xmodeldetailcollision,#uk_house_molding_01_old_16
physicsasset,#uk_house_molding_01_16_corner_in
xmodeldetailcollision,#uk_house_molding_01_old_16_corner_in
xmodeldetailcollision,#uk_house_molding_01_4
physicsasset,#uk_house_molding_01_64
xmodeldetailcollision,#uk_house_molding_01_old_64
physicsasset,#uk_house_molding_01_8_corner_in
xmodeldetailcollision,#uk_house_molding_01_8_corner_in
xmodeldetailcollision,#hash_9a4b0f52cfdd2c0a
physicsasset,#uk_house_molding_01_8_corner_out
xmodeldetailcollision,#hash_98b9bdef96cf2fb5
physicsasset,#uk_industrial_light_02
xmodeldetailcollision,#hash_da47c651111ad76c
physicsasset,#uk_janitor_mop_bucket_01
xmodeldetailcollision,#uk_janitor_mop_bucket_01
xmodeldetailcollision,#uk_kitchen_cabinet_01_22_btm
physicsasset,#uk_kitchen_cabinet_01_38_btm
xmodeldetailcollision,#uk_kitchen_cabinet_01_38_btm
xmodeldetailcollision,#uk_kitchen_cabinet_01_btm_corner_a
physicsasset,#uk_kitchen_cabinet_01_island_b
xmodeldetailcollision,#hash_86930321230852c2
xmodeldetailcollision,#uk_kitchen_cabinet_01_sink_a
physicsasset,#uk_kitchen_wood_table_01
xmodeldetailcollision,#uk_kitchen_wood_table_01
physicsasset,#uk_ladder_metal_worn_01
xmodeldetailcollision,#uk_ladder_metal_worn_01
xmodeldetailcollision,#hash_f997e9d08d9fe489
physicsasset,#hash_a06f83bd43f14b3d
xmodeldetailcollision,#hash_a06f83bd43f14b3d
physicsasset,#uk_metal_frame_warehouse_05_02
xmodeldetailcollision,#uk_metal_frame_warehouse_05_02
xmodeldetailcollision,#uk_metal_frame_warehouse_05_03
physicsasset,#uk_metal_frame_warehouse_05_04
xmodeldetailcollision,#uk_metal_frame_warehouse_05_04
physicsasset,#uk_metal_frame_warehouse_06
xmodeldetailcollision,#uk_metal_frame_warehouse_06
physicsasset,#uk_metal_frame_warehouse_08
xmodeldetailcollision,#uk_metal_frame_warehouse_08
physicsasset,#hash_f970ecec47005106
xmodeldetailcollision,#hash_f970ecec47005106
physicsasset,#uk_metal_frame_warehouse_64
xmodeldetailcollision,#uk_metal_frame_warehouse_64
physicsasset,#uk_metal_frame_warehouse_short
xmodeldetailcollision,#uk_metal_frame_warehouse_short
physicsasset,#uk_metal_garbage_can_01
xmodeldetailcollision,#uk_metal_garbage_can_01
physicsasset,#uk_security_camera_redlight_base_01
xmodeldetailcollision,#uk_security_camera_redlight_base_01
physicsasset,#uk_security_camera_redlight_head_01
xmodeldetailcollision,#uk_security_camera_redlight_head_01
physicsasset,#uk_shelf_garage_02_19x43x71
xmodeldetailcollision,#uk_shelf_garage_02_19x43x71
physicsasset,#uk_shelf_garage_02_19x54x71
xmodeldetailcollision,#uk_shelf_garage_02_19x54x71
physicsasset,#hash_a05cef9280e486a3
xmodeldetailcollision,#hash_a05cef9280e486a3
physicsasset,#uk_shelf_garage_rolling_01_16x64x68
xmodeldetailcollision,#uk_shelf_garage_rolling_01_16x64x68
physicsasset,#hash_911df0ca5479c0ed
xmodeldetailcollision,#hash_911df0ca5479c0ed
physicsasset,#uk_shipping_crate_wood_closed_01
xmodeldetailcollision,#ch_crate64x64_simple
xmodeldetailcollision,#uk_siding_metal_corrugated_01_64x88_dmg
physicsasset,#hash_ac9ff8f62850bdb7
xmodeldetailcollision,#hash_ac9ff8f62850bdb7
physicsasset,#uk_sign_construction_hardhat_12
xmodeldetailcollision,#uk_sign_construction_hardhat_12
physicsasset,#hash_e9575fd49a853bd0
xmodeldetailcollision,#hash_e9575fd49a853bd0
physicsasset,#uk_sign_warning_industrial_05
xmodeldetailcollision,#uk_sign_warning_industrial_06
xmodeldetailcollision,#uk_sign_warning_industrial_05
physicsasset,#uk_sign_warning_industrial_07
xmodeldetailcollision,#uk_sign_warning_industrial_10
xmodeldetailcollision,#hash_b0f950b62871062a
physicsasset,#uk_tire_stack_01
xmodeldetailcollision,#uk_tire_stack_01
xmodeldetailcollision,#uk_tool_box_large_03
physicsasset,#hash_d964bce1a91523f3
xmodeldetailcollision,#hash_d964bce1a91523f3
physicsasset,#hash_8cae2f616bec3d1d
xmodeldetailcollision,#hash_8cae2f616bec3d1d
physicsasset,#hash_d9ed419c70f87792
xmodeldetailcollision,#hash_d9ed419c70f87792
physicsasset,#hash_df215308994de397
xmodeldetailcollision,#hash_df215308994de397
physicsasset,#hash_cafa922cc20baee2
xmodeldetailcollision,#hash_cafa922cc20baee2
physicsasset,#hash_da365f06939be0a7
xmodeldetailcollision,#hash_da365f06939be0a7
physicsasset,#uk_walls_drywall_01_32x120
xmodeldetailcollision,#uk_walls_drywall_01_32x120
physicsasset,#uk_walls_drywall_01_64x120
xmodeldetailcollision,#uk_walls_drywall_01_64x120
physicsasset,#uk_windows_exterior_metal_bar_02
xmodeldetailcollision,#uk_windows_exterior_metal_bar_02
physicsasset,#hash_fc9d6c02354b71c1
xmodeldetailcollision,#hash_fc9d6c02354b71c1
physicsasset,#uk_yellow_component_bin_filled_01
xmodeldetailcollision,#uk_yellow_component_bin_filled_01
physicsasset,#un_foliage_coral_staghorn_medium_01
xmodeldetailcollision,#un_foliage_coral_staghorn_medium_01
physicsasset,#un_foliage_coral_tube_small_01
xmodeldetailcollision,#un_foliage_coral_tube_small_01
physicsasset,#un_foliage_tree_datepalm_medium_01
xmodeldetailcollision,#un_foliage_tree_datepalm_medium_01_reactive
physicsasset,#hash_b62a56cb2e7fe957
xmodeldetailcollision,#hash_835a3fc04e473833
physicsasset,#hash_dea07bdc54c6f056
xmodeldetailcollision,#hash_d13fb541a19a400c
physicsasset,#hash_92c279def114230a
xmodeldetailcollision,#hash_b386c5292b18a530
physicsasset,#un_industrial_wooden_pallet_stack_01
xmodeldetailcollision,#un_industrial_wooden_pallet_stack_01
physicsasset,#un_industrial_wooden_pallet_stack_02
xmodeldetailcollision,#un_industrial_wooden_pallet_stack_02
physicsasset,#hash_9c98f5b2bd8c4cc7
xmodeldetailcollision,#hash_bc876ac5276463e6
physicsasset,#un_metal_steel_support_c_beam_16x4x128
xmodeldetailcollision,#un_metal_steel_support_c_beam_16x4x128_gray
physicsasset,#un_metal_steel_support_c_beam_16x4x32
xmodeldetailcollision,#hash_c7cb34f3d16dde3e
physicsasset,#un_metal_steel_support_c_beam_16x4x64
xmodeldetailcollision,#un_metal_steel_support_c_beam_16x4x64_gray
physicsasset,#un_metal_steel_support_c_beam_24x8x32
xmodeldetailcollision,#hash_ff1e2bb0c0682027
xmodeldetailcollision,#hash_bc3d848b3ec17066
xmodeldetailcollision,#un_metal_steel_support_tubing_beam_8x8x128_gray
physicsasset,#un_office_binder_open_01
xmodeldetailcollision,#un_office_binder_open_01
physicsasset,#un_office_binder_set_01
xmodeldetailcollision,#un_office_binder_set_01
physicsasset,#un_office_computer_monitor_01
xmodeldetailcollision,#un_office_computer_monitor_01
physicsasset,#un_office_computer_monitor_01_169
xmodeldetailcollision,#un_office_computer_monitor_01_169
physicsasset,#hash_ce4734b4553a0ef9
xmodeldetailcollision,#hash_ce4734b4553a0ef9
physicsasset,#un_office_desk_phone_01
xmodeldetailcollision,#un_office_desk_phone_01
physicsasset,#hash_ec25b51a10dcc32d
xmodeldetailcollision,#hash_ec25b51a10dcc32d
physicsasset,#hash_f638f8f546ae9326
xmodeldetailcollision,#hash_f638f8f546ae9326
physicsasset,#un_office_paper_shredder_01
xmodeldetailcollision,#un_office_paper_shredder_01
physicsasset,#un_office_paper_shredder_01_panel
xmodeldetailcollision,#un_office_paper_shredder_01_panel
physicsasset,#un_office_paper_stack_01
xmodeldetailcollision,#un_office_paper_stack_01
physicsasset,#un_office_steel_book_rack_01_large
xmodeldetailcollision,#un_office_steel_book_rack_01_large
physicsasset,#un_office_steel_book_rack_01_small
xmodeldetailcollision,#un_office_steel_book_rack_01_small
physicsasset,#un_office_storage_box_01
xmodeldetailcollision,#un_office_storage_box_01
physicsasset,#un_office_storage_box_open_01
xmodeldetailcollision,#un_office_storage_box_open_01
xmodeldetailcollision,#un_stairs_exterior_tile_64
physicsasset,#utility_life_raft_01
xmodeldetailcollision,#utility_life_raft_01
physicsasset,#hash_e279dd0235468ffc
xmodeldetailcollision,#hash_e279dd0235468ffc
physicsasset,#utility_street_curb_cement_rough_128_b
xmodeldetailcollision,#hash_b1daa963c835c5df
physicsasset,#utility_street_curb_cement_rough_64_a
xmodeldetailcollision,#utility_street_curb_cement_rough_64_a
physicsasset,#utility_street_curb_cement_rough_64_b
xmodeldetailcollision,#utility_street_curb_cement_rough_64_b
xmodeldetailcollision,#utility_street_curb_cement_rough_corner_rounded_64_painted_red
xmodeldetailcollision,#utility_vent_adapter_01_lg
physicsasset,#utility_vent_adapter_01_sm
xmodeldetailcollision,#utility_vent_adapter_01_sm
physicsasset,#utility_vent_box_01_08
xmodeldetailcollision,#utility_vent_box_01_08
physicsasset,#utility_vent_round_01_08
xmodeldetailcollision,#utility_vent_round_01_08
xmodeldetailcollision,#hash_eeff9d5c342280e3
physicsasset,#utility_vent_round_outlet_01
xmodeldetailcollision,#utility_vent_round_outlet_01
physicsasset,#veh8_civ_lnd_palfa_interior_bench_02
xmodeldetailcollision,#veh8_civ_lnd_palfa_interior_bench_02
physicsasset,#veh8_civ_lnd_techo_rebel_armor_03
xmodeldetailcollision,#veh8_civ_lnd_techo_rebel_armor_03
physicsasset,#veh8_civ_lnd_techo_rebel_armor_04
xmodeldetailcollision,#veh8_civ_lnd_techo_rebel_armor_04
physicsasset,#veh8_civ_lnd_techo_rebel_armor_06
xmodeldetailcollision,#veh8_civ_lnd_techo_rebel_armor_06
physicsasset,#veh8_civ_lnd_techo_rebel_armor_15
xmodeldetailcollision,#veh8_civ_lnd_techo_rebel_armor_15
physicsasset,#hash_e66f6b5cd9cae985
xmodeldetailcollision,#hash_e66f6b5cd9cae985
physicsasset,#hash_9c3de5642c52eed4
xmodeldetailcollision,#hash_9c3de5642c52eed4
physicsasset,#hash_9c3dcb642c52c2a6
xmodeldetailcollision,#hash_9c3dcb642c52c2a6
physicsasset,#hash_9c4ae5642c5d7930
xmodeldetailcollision,#hash_9c4ae5642c5d7930
physicsasset,#hash_9c4ae3642c5d75ca
xmodeldetailcollision,#hash_9c4ae3642c5d75ca
physicsasset,#hash_d7974c913ebbd5c3
xmodeldetailcollision,#hash_d7974c913ebbd5c3
physicsasset,#veh9_civ_lnd_sedan_2009_static_dst
xmodeldetailcollision,#veh9_civ_lnd_sedan_2009_static_dst
physicsasset,#hash_ea94f5489ac293cd
xmodeldetailcollision,#hash_ea94f5489ac293cd
physicsasset,#veh9_civ_lnd_sedan_2009_wheel
xmodeldetailcollision,#veh9_civ_lnd_sedan_2009_wheel
physicsasset,#veh9_mil_sea_armored_patrol_boat_speaker
xmodeldetailcollision,#veh9_mil_sea_armored_patrol_boat_speaker
physicsasset,#vent_industrial_exhaust_01
xmodeldetailcollision,#hash_8b70cd2b28c220fc
physicsasset,#vent_metal_wall_ship_deck_large
xmodeldetailcollision,#vent_metal_wall_ship_deck_large
physicsasset,#hash_d6997fe2db8be36c
xmodeldetailcollision,#hash_d6997fe2db8be36c
physicsasset,#hash_e8025d7cc7f67024
xmodeldetailcollision,#hash_e8025d7cc7f67024
physicsasset,#wall_metal_ship_deck_252x92
xmodeldetailcollision,#wall_metal_ship_deck_252x92
physicsasset,#hash_bb3c0b0f1256c1aa
xmodeldetailcollision,#hash_bb3c0b0f1256c1aa
physicsasset,#hash_b214d00f0d03eaac
xmodeldetailcollision,#hash_b214d00f0d03eaac
physicsasset,#hash_b2335c0f0d1dd61f
xmodeldetailcollision,#hash_b2335c0f0d1dd61f
xmodeldetailcollision,#watertank_ladder_36
physicsasset,#watertank_ladder_72
xmodeldetailcollision,#watertank_ladder_72
physicsasset,#watertank_ladder_short_top
xmodeldetailcollision,#watertank_ladder_short_top
physicsasset,#window_cover_set_wood_shutters_01_48_white
xmodeldetailcollision,#window_cover_set_wood_shutters_01_48_white
physicsasset,#window_exterior_metal_bar_d_1
xmodeldetailcollision,#window_exterior_metal_bar_d_1
physicsasset,#window_industrial_112x48_04
xmodeldetailcollision,#window_industrial_112x48_04_grey
physicsasset,#hash_9c6430b639ccfc45
xmodeldetailcollision,#hash_9c6430b639ccfc45
physicsasset,#window_metal_white_rusty_small
xmodeldetailcollision,#window_metal_white_rusty_small
physicsasset,#hash_8beee0486e45872e
xmodeldetailcollision,#hash_8beee0486e45872e
xmodeldetailcollision,#window_square_old_01
physicsasset,#hash_c513546345df213a
xmodeldetailcollision,#hash_c513546345df213a
physicsasset,#wire_hanging_01_128x16
xmodeldetailcollision,#wire_hanging_01_128x16
physicsasset,#wires_electrical_set_hanging_01
physicsasset,#wires_hanging_ceiling_extension_cord_02
xmodeldetailcollision,#wires_hanging_ceiling_extension_cord_02
physicsasset,#wz_train_crate_tarp_01
physicsasset,#zmb_broom_01_old
xmodeldetailcollision,#zmb_broom_01_old
xmodeldetailcollision,#hash_84ec1b947070fafb
xmodeldetailcollision,#ee_wires_stpete_cables_b_64
xmodeldetailcollision,#electrical_wires_jumbled_a_256_simple
xmodeldetailcollision,#me_rubble_pile_concrete_chunk_ground_cover_128
xmodeldetailcollision,#ground_wire_rubber_03
xmodeldetailcollision,#ground_wire_rubber_04
xmodeldetailcollision,#hash_c0033d1d04a82e52
xmodeldetailcollision,#hash_dacdac036260116e
xmodeldetailcollision,#hash_e07fcef73702f252
xmodeldetailcollision,#ee_rock_riverbed_cluster_02_lg_01_periph_wet
xmodeldetailcollision,#hash_e5bbd8818ca9bb2c
xmodeldetailcollision,#electrical_wires_roof_04
xmodeldetailcollision,#rock_outcrop_rough_small_05_coastal
xmodeldetailcollision,#hash_f9d9bceacd4cb6bb
xmodeldetailcollision,#hash_fbabb01a5e95173f
collisiontile,#collisiontile_00_0300_base