type,name
netconststrings,#ncs_acc_level
netconststrings,#ncs_acl_level
netconststrings,#ncs_ait_level
netconststrings,#ncs_anm_level
netconststrings,#ncs_atr_level
netconststrings,#ncs_bs2_level
netconststrings,#ncs_cam_level
netconststrings,#ncs_ccr_level
netconststrings,#ncs_cin_level
netconststrings,#ncs_cmo_level
netconststrings,#ncs_cob_level
netconststrings,#ncs_exx_level
netconststrings,#ncs_ges_level
netconststrings,#ncs_hic_level
netconststrings,#ncs_hnt_level
netconststrings,#ncs_hol_level
netconststrings,#ncs_img_level
netconststrings,#ncs_loc_level
netconststrings,#ncs_lui_level
netconststrings,#ncs_mat_level
netconststrings,#ncs_mdl_level
netconststrings,#ncs_mic_level
netconststrings,#ncs_nms_level
netconststrings,#ncs_obj_level
netconststrings,#ncs_pas_level
netconststrings,#ncs_rmb_level
netconststrings,#ncs_rmg_level
netconststrings,#ncs_sbd_level
netconststrings,#ncs_shk_level
netconststrings,#ncs_sic_level
netconststrings,#ncs_stk_level
netconststrings,#ncs_sut_level
netconststrings,#ncs_tag_level
netconststrings,#ncs_tgt_level
netconststrings,#ncs_tre_level
netconststrings,#ncs_vcm_level
netconststrings,#ncs_veh_level
netconststrings,#ncs_vfx_level
netconststrings,#ncs_vsn_level
netconststrings,#ncs_wep_level
netconststrings,#ncs_xac_level
netconststrings,#ncs_xcm_level
rawfile,#animtrees/cloth.atr
rawfile,#animtrees/generic_human_move_pistol.atr
rawfile,#animtrees/generic_human_stairs_down_pstl_fixed.atr
rawfile,#animtrees/generic_human_stairs_up_pstl_fixed.atr
rawfile,#animtrees/generic_human_strafe_pistol.atr
rawfile,#animtrees/generic_human_strafe_reverse_pistol.atr
rawfile,#animtrees/generic_human_strafe_start_pistol.atr
rawfile,#cp/constbaselines/bl_cp_sv_cave_pm_cp_wave_sv.bin
rawfile,#cp_sv_cave_pm
rawfile,#scripts/cp/maps/cp_sv_cave_pm/cp_sv_cave_pm_fx.gsc
rawfile,#scripts/cp/maps/cp_sv_cave_pm/gen/cp_sv_cave_pm_fx.gsc
rawfile,#scripts/cp/maps/cp_sv_cave_pm/gen/cp_sv_cave_pm_sound.gsc
rawfile,#vision/cp_sv_cave_pm.vision
rawfile,#vision/nvg_base_mp_cave.vision
keyvaluepairs,#cp_sv_cave_pm
physicsasset,#accessory_sling_backpack_01
physicsasset,#afr_busted_steel_ladder
physicsasset,#ammo_press_die_01
physicsasset,#ammo_press_die_bin_01
physicsasset,#ammo_press_die_bin_01_full
physicsasset,#awning_wood_support_beam_01
physicsasset,#awning_wood_support_beam_02
physicsasset,#awning_wood_support_beam_03
physicsasset,#bag_canvas_01_flat
physicsasset,#barrier_traffic_concrete_block_01
physicsasset,#box_wooden_grenade_01
physicsasset,#bucket_rusted_empty_01
physicsasset,#building_awning_rusted_flat_64
physicsasset,#building_awning_tarp_128x32x64_03
physicsasset,#building_awning_tarp_64x32x64_03
physicsasset,#building_balcony_rail_01_pattern_white_straight_32
physicsasset,#building_balcony_rail_01_pattern_white_straight_64
physicsasset,#building_cable_post_light_on_wood
physicsasset,#building_cable_post_wood
physicsasset,#building_cable_post_wood_pole_30_feet
physicsasset,#building_corrugated_metal4x4
physicsasset,#building_corrugated_metal4x8
physicsasset,#building_corrugated_metal8x2_holes
physicsasset,#building_corrugated_metal8x8_holes
physicsasset,#building_door_wood_worn_out_01
physicsasset,#building_door_wood_worn_out_02
physicsasset,#building_door_wood_worn_out_frame_01
physicsasset,#building_door_wood_worn_out_frame_02
physicsasset,#building_doorframe_woodplaster_01
physicsasset,#building_drain_pipes_02
physicsasset,#building_hanging_tarps_01_white
physicsasset,#building_hanging_tarps_02_white
physicsasset,#building_horse_door_frame_01
physicsasset,#building_roof_lip_01_128
physicsasset,#building_roof_lip_01_16
physicsasset,#building_roof_lip_01_32
physicsasset,#building_roof_lip_01_48
physicsasset,#building_roof_lip_01_64
physicsasset,#building_roof_lip_01_8
physicsasset,#building_roof_lip_01_corner_inside
physicsasset,#building_roof_lip_01_corner_outside
physicsasset,#building_support_wood_beam_01_piece_01
physicsasset,#building_support_wood_beam_01_piece_02
physicsasset,#building_support_wood_beam_01_piece_03
physicsasset,#building_support_wood_beam_01_piece_04
physicsasset,#building_support_wood_beam_04_re_size
physicsasset,#building_support_wood_beam_04_re_size_small
physicsasset,#building_support_wood_beam_05_re_size
physicsasset,#building_support_wood_beam_05_re_size_small
physicsasset,#building_tarps_doorways_cloth_01_white
physicsasset,#building_wall_broken_cap_128x16_01
physicsasset,#building_wall_broken_cap_128x16_02
physicsasset,#building_wall_broken_cap_128x16_04
physicsasset,#building_wall_broken_cap_128x8_01
physicsasset,#building_wall_broken_cap_128x8_03
physicsasset,#building_wall_broken_cap_64x16_01
physicsasset,#building_wall_broken_cap_64x16_02
physicsasset,#building_wall_broken_corner_24x24_01
physicsasset,#building_wall_broken_corner_24x24_02
physicsasset,#building_wall_broken_corner_48x48_01
physicsasset,#building_wall_broken_corner_48x48_02
physicsasset,#building_wall_broken_corner_64x48_01
physicsasset,#building_wall_broken_edge_32x128_01
physicsasset,#building_wall_broken_edge_48x128_01
physicsasset,#building_wall_corner_brick_02_128
physicsasset,#building_wall_window_brick_01
physicsasset,#building_wall_window_brick_broken_01
physicsasset,#cave_wires_ceiling_01c
physicsasset,#ch_crate24x32x48
physicsasset,#ch_crate24x32x48_open
physicsasset,#ch_crate24x32x64
physicsasset,#ch_crate48x64
physicsasset,#ch_crate72x64
physicsasset,#ch_crate72x64_open
physicsasset,#cinderblock_01_01
physicsasset,#cinderblock_stacked_01
physicsasset,#cinderblock_wall_endcap_01_24
physicsasset,#cinderblock_wall_endcap_01_32
physicsasset,#cinderblock_wall_topper_01_08
physicsasset,#cinderblock_wall_topper_01_16
physicsasset,#cinderblock_wall_topper_01_32
physicsasset,#cinderblock_wall_topper_01_48
physicsasset,#cinderblock_wall_topper_01_64
physicsasset,#com_duct_tape_1
physicsasset,#com_powerline_tower
physicsasset,#conduit_metal_outlet_box
physicsasset,#construction_window_frames_wood_single_brown
physicsasset,#container_barrel_plastic_01_closed_white
physicsasset,#container_gas_tank_01
physicsasset,#container_water_industrial_caged_01
physicsasset,#corner_damage_02
physicsasset,#couch_ornate_destroyed_02
physicsasset,#cp_rave_bathroom_sink
physicsasset,#crate_plastic_01_small_green
physicsasset,#debris_cinderblock_pile_a_01
physicsasset,#debris_fabric_pile_03
physicsasset,#debris_fabric_pile_04
physicsasset,#debris_fabric_pile_05
physicsasset,#debris_junk_tire_01
physicsasset,#debris_stone_blocks_01
physicsasset,#debris_stone_blocks_02
physicsasset,#debris_stone_blocks_03
physicsasset,#debris_stone_blocks_04
physicsasset,#debris_stone_blocks_05
physicsasset,#debris_stone_blocks_06
physicsasset,#debris_stone_blocks_pile_1
physicsasset,#debris_stone_blocks_pile_2
physicsasset,#debris_stone_blocks_pile_corner_1
physicsasset,#debris_stone_blocks_pile_curve_sidewalk_1
physicsasset,#debris_stone_blocks_pile_curve_sidewalk_2
physicsasset,#debris_stone_blocks_pile_wall_1
physicsasset,#debris_stone_blocks_pile_wall_2
physicsasset,#decor_barrel_wood_01
physicsasset,#decor_blankets_01_single_pattern_1_01
physicsasset,#decor_blankets_01_single_pattern_1_03
physicsasset,#decor_blankets_01_single_pattern_1_04
physicsasset,#decor_blankets_01_stack_01
physicsasset,#decor_blankets_01_stack_02
physicsasset,#decor_blankets_01_stack_03
physicsasset,#decor_cafe_planters_02
physicsasset,#decor_containers_01_small_blue
physicsasset,#decor_containers_01_small_damaged_destr_s1_f1
physicsasset,#decor_drying_rack_01
physicsasset,#decor_drying_rack_01_cup_01
physicsasset,#decor_drying_rack_01_plate_01
physicsasset,#decor_drying_rack_01_plate_02
physicsasset,#decor_drying_rack_01_plate_03
physicsasset,#decor_hanged_clothes_01_sweater
physicsasset,#decor_hanged_clothes_01_towel
physicsasset,#decor_metal_barrel_faucet_01
physicsasset,#decor_misc_props_01_bottle
physicsasset,#decor_misc_props_01_jar_small
physicsasset,#decor_misc_props_01_shelf_metal
physicsasset,#decor_ornate_stone_trim_8
physicsasset,#decor_plastic_buckets_01_big_white
physicsasset,#decor_rope_thick_draped_01
physicsasset,#decor_serving_tray_01_single
physicsasset,#decor_shoes_01_sandals_female_blue_left
physicsasset,#decor_shoes_01_sandals_female_blue_right
physicsasset,#decor_shoes_01_sandals_male_brown_left
physicsasset,#decor_shoes_01_sandals_male_brown_right
physicsasset,#decor_water_storage_container_01_white
physicsasset,#decor_wheelbarrow_01
physicsasset,#destruction_debris_plaster_concrete_edge_01
physicsasset,#destruction_debris_plaster_concrete_edge_02
physicsasset,#destruction_debris_plaster_concrete_edge_03
physicsasset,#destruction_debris_plaster_concrete_edge_04
physicsasset,#destruction_debris_plaster_concrete_edge_05
physicsasset,#destruction_debris_plaster_concrete_edge_06
physicsasset,#destruction_debris_plaster_concrete_edge_07
physicsasset,#destruction_debris_plaster_concrete_edge_08
physicsasset,#destruction_debris_plaster_concrete_edge_09
physicsasset,#destruction_debris_plaster_concrete_edge_10
physicsasset,#destruction_debris_plaster_concrete_edge_11
physicsasset,#destruction_debris_plaster_concrete_edge_12
physicsasset,#door_metal_roller_01_destroyed_large_04_open
physicsasset,#door_metal_roller_01_frames_large_01
physicsasset,#door_metal_roller_01_roller_large_01
physicsasset,#door_security_gate_single_mp_01
physicsasset,#door_wood_ornate_01_blue_double_frame
physicsasset,#door_wood_ornate_01_blue_double_l
physicsasset,#door_wood_ornate_01_blue_double_r
physicsasset,#ee_construction_tool_box_metal_01_destr
physicsasset,#ee_fence_trainyard_gate_left_animated
physicsasset,#ee_fence_trainyard_gate_right_animated
physicsasset,#ee_foliage_tree_branch_04
physicsasset,#ee_furniture_rug_hanging_ukraine_02
physicsasset,#ee_industrial_light_hanging_on
physicsasset,#ee_light_fixture_wall_mounted_03
physicsasset,#ee_light_fixture_wall_mounted_04
physicsasset,#ee_light_mounted_exterior_industrial_caged_02
physicsasset,#ee_machinery_oven_coal_door
physicsasset,#ee_machinery_oven_coal_hatch
physicsasset,#ee_machinery_rock_anchor
physicsasset,#ee_manmade_mine_ladder_a
physicsasset,#ee_manmade_tunnel_straight_a
physicsasset,#ee_manmade_tunnel_wall_bent_a
physicsasset,#ee_manmade_tunnel_wall_corner_inner_a
physicsasset,#ee_manmade_tunnel_wall_corner_outer_a
physicsasset,#ee_manmade_tunnel_wall_straight_a
physicsasset,#ee_manmade_wood_beams_worn_a_01
physicsasset,#ee_manmade_wood_planks_worn_a_02
physicsasset,#ee_manmade_wood_planks_worn_a_05
physicsasset,#ee_military_chemical_canister_double_01
physicsasset,#ee_military_chemical_missile_stacked_01
physicsasset,#ee_roofing_storage_support_beam_01
physicsasset,#ee_roofing_storage_support_frame_01
physicsasset,#ee_stool_wood_01
physicsasset,#electrical_conduit_1_body_joint_c
physicsasset,#electrical_conduit_set_electrical_box_03
physicsasset,#electrical_conduit_set_electrical_box_big
physicsasset,#electrical_conduit_set_electrical_box_big_destr
physicsasset,#electrical_conduit_set_electrical_box_big_destr_s1_f1
physicsasset,#electrical_conduit_set_electrical_box_medium
physicsasset,#electrical_wires_jumbled_01
physicsasset,#electrical_wires_jumbled_03_outercorner
physicsasset,#electrical_wires_jumbled_a_32
physicsasset,#electrical_wires_jumbled_a_96
physicsasset,#electrical_wires_jumbled_b_128
physicsasset,#electrical_wires_jumbled_b_64
physicsasset,#equipment_antenna_set_01_short
physicsasset,#equipment_antenna_set_01_tall_destr_s1_f3
physicsasset,#equipment_box_fan_anim
physicsasset,#equipment_military_generator_01
physicsasset,#equipment_military_radio_old_06
physicsasset,#equipment_mortar_shell_improvised_02_bare
physicsasset,#equipment_mortar_shell_improvised_02b_bare
physicsasset,#equipment_pole_electrical_01_tall
physicsasset,#equipment_propane_burner_stove_01_white
physicsasset,#equipment_propane_burner_stove_01_white_destr_d1
physicsasset,#equipment_satellite_dish_01_lrg
physicsasset,#equipment_satellite_dish_01_lrg_destr
physicsasset,#equipment_satellite_dish_01_sml
physicsasset,#equipment_satellite_dish_01_sml_destr
physicsasset,#equipment_tv_01
physicsasset,#equipment_tv_01_destr
physicsasset,#fence_metal_gate_01
physicsasset,#fence_modular_metal_01_64
physicsasset,#fence_post_wooden_round_01_a
physicsasset,#firniture_basic_couches_02
physicsasset,#firniture_basic_couches_03
physicsasset,#foliage_tree_syrian_olive_02_trunk
physicsasset,#food_cans_bottles_and_jars_can_01
physicsasset,#food_cans_bottles_and_jars_jar_03
physicsasset,#frag_grenade_wm
physicsasset,#furniture_cafe_chair_01
physicsasset,#furniture_dresser_commode
physicsasset,#furniture_dresser_commode_damaged
physicsasset,#furniture_fan_anim
physicsasset,#furniture_futon_couch_mat_pilows_futon_01
physicsasset,#furniture_futon_couch_mat_pilows_pilow_01
physicsasset,#furniture_futon_couch_mat_pilows_pilow_02
physicsasset,#furniture_heating_stove_01_round
physicsasset,#furniture_mattresses_01_small
physicsasset,#furniture_plastic_chair_01
physicsasset,#furniture_plastic_stool_white
physicsasset,#furniture_rug_01_corner_long_03
physicsasset,#furniture_rug_01_corner_long_04
physicsasset,#furniture_rug_01_corner_short_02
physicsasset,#furniture_rug_01_flat_02
physicsasset,#furniture_rug_01_flat_04
physicsasset,#furniture_tiletop_cabinet_01
physicsasset,#furniture_wood_bookcase_large_01
physicsasset,#furniture_wood_dresser_02_drawer
physicsasset,#furniture_wood_dresser_02_empty
physicsasset,#glass_broken_frame_edge_06
physicsasset,#hardware_plywood_bare_01_24
physicsasset,#hardware_plywood_bare_01_48
physicsasset,#hardware_plywood_osb_bare_01_24
physicsasset,#hardware_plywood_osb_bare_01_64
physicsasset,#hardware_plywood_painted_white_01
physicsasset,#hardware_plywood_painted_white_01_24
physicsasset,#hardware_plywood_painted_white_01_48
physicsasset,#industrial_conduit_metal_1_body_joint_ll
physicsasset,#industrial_conduit_metal_1_brace_support
physicsasset,#industrial_conduit_metal_1_coupling_screw
physicsasset,#jumbled_electrical_wire_loop_big
physicsasset,#jumbled_electrical_wire_loop_small
physicsasset,#kitchen_01_pan_01
physicsasset,#kitchen_01_teapot_01
physicsasset,#kitchen_countertop_01_64
physicsasset,#kitchen_countertop_01_sink_64
physicsasset,#kitchen_refrigerators_01_double_door
physicsasset,#light_ceiling_bulb_01
physicsasset,#loot_ammo_40mmgrenade
physicsasset,#machinery_lathe_large_01
physicsasset,#me_awning_wood_long_01
physicsasset,#me_bag_poly_tile_01
physicsasset,#me_barber_cabinet_broken
physicsasset,#me_building_bird_alcove_03
physicsasset,#me_construction_plank_bridge_a_01
physicsasset,#me_construction_plank_bridge_a_02
physicsasset,#me_construction_plank_bridge_a_03
physicsasset,#me_construction_plank_bridge_a_04
physicsasset,#me_construction_plank_bridge_a_05
physicsasset,#me_construction_plank_bridge_a_06
physicsasset,#me_construction_plank_bridge_a_07
physicsasset,#me_construction_plank_bridge_a_08
physicsasset,#me_construction_plank_bridge_a_09
physicsasset,#me_construction_plank_bridge_a_10
physicsasset,#me_construction_plank_bridge_a_11
physicsasset,#me_construction_plank_bridge_a_12
physicsasset,#me_construction_plank_bridge_a_13
physicsasset,#me_construction_plank_bridge_a_14
physicsasset,#me_construction_plank_bridge_a_15
physicsasset,#me_construction_plank_bridge_a_16
physicsasset,#me_construction_plank_bridge_a_17
physicsasset,#me_decor_pillow_floor_01_b
physicsasset,#me_decor_rug_rolled_bent_01
physicsasset,#me_decor_rug_rolled_double_01
physicsasset,#me_decor_rug_rolled_short_02
physicsasset,#me_decor_wood_container_01
physicsasset,#me_decor_wood_container_02
physicsasset,#me_doors_saferoom_gate_01
physicsasset,#me_electric_generator_01
physicsasset,#me_electrical_box_small_01
physicsasset,#me_fabric_camo_netting_euphrates_03
physicsasset,#me_fabric_highway_rooftop_tarp_03
physicsasset,#me_fabric_highway_window_tarp_01
physicsasset,#me_fabric_highway_window_tarp_02
physicsasset,#me_foliage_tree_dry_lrg
physicsasset,#me_foliage_tree_dry_med
physicsasset,#me_foliage_tree_dry_sml
physicsasset,#me_foliage_tree_olive_dead_01
physicsasset,#me_foliage_tree_palm_dead_01
physicsasset,#me_furniture_cushion_floor_01
physicsasset,#me_furniture_fancy_debris_03
physicsasset,#me_furniture_fancy_pile_01
physicsasset,#me_furniture_fancy_table_sm_01_broken
physicsasset,#me_furniture_table_tile_01
physicsasset,#me_gas_lantern_01
physicsasset,#me_instrument_oud_guitar_01
physicsasset,#me_kitchen_cabinet_door_left_01
physicsasset,#me_kitchen_cabinet_door_right_01
physicsasset,#me_kitchen_cabinet_short_01
physicsasset,#me_lamp_ornate_standing_01
physicsasset,#me_lattice_screen_wood_ornate_03
physicsasset,#me_light_ceiling_fluorescent_tube
physicsasset,#me_lighting_fixtures_marketplace_01
physicsasset,#me_lighting_fixtures_marketplace_attachment_01
physicsasset,#me_metal_chimney_pipe_cap_03
physicsasset,#me_metal_power_pole_01
physicsasset,#me_metal_power_pole_02
physicsasset,#me_military_propane_cannon_01
physicsasset,#me_old_wooden_table_01
physicsasset,#me_plaster_barrier_fence_collumn_01
physicsasset,#me_plaster_barrier_fence_wall_ornate_collumn_cap_01
physicsasset,#me_riverbed_rock_cluster_02_edge_01
physicsasset,#me_riverbed_rock_cluster_02_lg_01
physicsasset,#me_riverbed_rock_cluster_02_lg_02
physicsasset,#me_riverbed_rock_cluster_02_lg_03
physicsasset,#me_riverbed_rock_cluster_02_md_01
physicsasset,#me_riverbed_rock_cluster_02_md_02
physicsasset,#me_riverbed_rock_cluster_02_md_03
physicsasset,#me_riverbed_rock_cluster_md_01
physicsasset,#me_riverbed_rock_cluster_md_02
physicsasset,#me_riverbed_rock_cluster_md_03
physicsasset,#me_riverbed_rock_cluster_md_04
physicsasset,#me_rock_large_01
physicsasset,#me_rock_large_b_01
physicsasset,#me_rock_medium_a_01
physicsasset,#me_rock_medium_a_02
physicsasset,#me_rock_round_small_a_01
physicsasset,#me_rock_round_small_a_02
physicsasset,#me_rock_round_small_a_05
physicsasset,#me_rock_round_small_a_06
physicsasset,#me_rock_round_small_a_07
physicsasset,#me_rock_round_small_a_09
physicsasset,#me_rock_round_small_a_10
physicsasset,#me_rock_round_small_a_11
physicsasset,#me_rock_round_small_a_12
physicsasset,#me_rock_round_small_a_13
physicsasset,#me_rock_round_small_a_14
physicsasset,#me_rock_round_small_a_15
physicsasset,#me_rock_round_small_a_16
physicsasset,#me_rock_round_small_a_17
physicsasset,#me_rock_round_small_a_18
physicsasset,#me_rock_round_small_a_19
physicsasset,#me_rock_round_small_a_20
physicsasset,#me_rock_round_small_a_21
physicsasset,#me_rock_round_small_a_22
physicsasset,#me_rock_round_small_a_23
physicsasset,#me_rock_sandstone_cliff_low_01
physicsasset,#me_rock_sandstone_cliff_low_02
physicsasset,#me_rock_stair_steps_02
physicsasset,#me_rock_stair_steps_03
physicsasset,#me_rock_stair_steps_04
physicsasset,#me_rock_stair_steps_05
physicsasset,#me_rock_stair_steps_06
physicsasset,#me_roof_village_dryleaf_section_01
physicsasset,#me_roof_village_dryleaf_section_02
physicsasset,#me_roof_village_dryleaf_section_02_damaged
physicsasset,#me_roof_village_dryleaf_section_04
physicsasset,#me_roof_village_dryleaf_section_05
physicsasset,#me_rubble_concrete_plaster_chunk_01
physicsasset,#me_rubble_concrete_plaster_chunk_02
physicsasset,#me_sign_minefield
physicsasset,#me_structural_wall_stone_a_01
physicsasset,#me_structural_wall_stone_a_02
physicsasset,#me_structural_wall_stone_a_03
physicsasset,#me_structural_wall_stone_a_04
physicsasset,#me_structural_wall_stone_a_05
physicsasset,#me_structural_wall_stone_a_06
physicsasset,#me_structural_wall_stone_a_07
physicsasset,#me_structural_wall_stone_a_08
physicsasset,#me_structural_wall_stone_a_09
physicsasset,#me_trim_plaster_old_rough_damage_01_corner
physicsasset,#me_window_double_wood_frame_01
physicsasset,#me_window_double_wood_shutter_left_01
physicsasset,#me_window_double_wood_shutter_right_01
physicsasset,#metal_chain_01_wrapped
physicsasset,#military_cp_crafting_crate_metal
physicsasset,#military_cp_crafting_crate_wood
physicsasset,#military_crate_slim_stackable_01
physicsasset,#military_ied_shell_01
physicsasset,#military_prop_ar_akilo47
physicsasset,#misc_interior_soccer_ball_01
physicsasset,#misc_interior_soccer_ball_01_des
physicsasset,#misc_propane_rocket
physicsasset,#misc_propane_rocket_part_01
physicsasset,#misc_spare_tire_small_01
physicsasset,#misc_tools_hammer_01
physicsasset,#misc_tools_pliers_01
physicsasset,#misc_tools_wrench_01
physicsasset,#moving_crane_hook_01
physicsasset,#mp_nova_rug_rack
physicsasset,#oil_drum_big_01
physicsasset,#p7_bottle_plastic_16oz_blue
physicsasset,#p7_crate_wood_01_open
physicsasset,#p7_wires_metal_recessed
physicsasset,#pot_clay_01_bright
physicsasset,#pot_clay_02_bright
physicsasset,#pot_clay_03_bright
physicsasset,#pot_clay_03_piece_01_bright
physicsasset,#prop_uav_radio
physicsasset,#prop_uav_radio_destr
physicsasset,#river_bed_dirt_pile_03
physicsasset,#rock_cliff_scotland_02
physicsasset,#rock_cliff_scotland_03
physicsasset,#rock_cliff_scotland_04
physicsasset,#rock_dirt_wall_eroded_01
physicsasset,#rock_dirt_wall_eroded_01b
physicsasset,#rock_dirt_wall_eroded_02
physicsasset,#rock_dirt_wall_eroded_short_01
physicsasset,#rock_medium_scotland_01
physicsasset,#rolled_tarp_01
physicsasset,#rubble_pile_cmu_conc_corner_mid_01
physicsasset,#rubble_pile_cmu_conc_edge_mid_01
physicsasset,#rubble_pile_cmu_conc_edge_mid_02
physicsasset,#rubble_pile_cmu_conc_large_01
physicsasset,#rubble_pile_cmu_conc_large_02
physicsasset,#rubble_pile_cmu_conc_mid_01
physicsasset,#rubble_pile_cmu_conc_mid_02
physicsasset,#rubble_pile_cmu_conc_small_01
physicsasset,#sandbag_wall_pieces_arrey_mp_short_01
physicsasset,#sandbag_wall_pieces_block_mp_01
physicsasset,#sandbag_wall_pieces_corner_sp_01
physicsasset,#sandbag_wall_pieces_endcap_mp_01
physicsasset,#sandbag_wall_pieces_endcap_mp_02
physicsasset,#sandbag_wall_pieces_endcap_sp_01
physicsasset,#sandbag_wall_pieces_endcap_sp_02
physicsasset,#scriptablecollmapmodeldummydefault
physicsasset,#scriptbrushmodeldummydefault
physicsasset,#shanty_bldg_buildkit_02_02_a
physicsasset,#shanty_bldg_buildkit_02_03_b
physicsasset,#shanty_bldg_buildkit_02_04_b
physicsasset,#shanty_bldg_buildkit_02_roof_a
physicsasset,#shanty_bldg_buildkit_03_02_a
physicsasset,#shanty_bldg_buildkit_03_03_a
physicsasset,#shanty_bldg_buildkit_03_roof_a
physicsasset,#storage_chicken_coop_01
physicsasset,#structural_bracket_iron_rusted_32_t_01
physicsasset,#structural_bracket_iron_rusted_32_thin_01
physicsasset,#structural_bracket_iron_rusted_32_thin_l_02
physicsasset,#structural_bracket_iron_rusted_32_thin_l_03
physicsasset,#structural_bracket_iron_rusted_32_x_01
physicsasset,#structural_bracket_iron_rusted_junction_01
physicsasset,#syrk_window_damaged_01_rvl
physicsasset,#syrk_window_damaged_02_rvl
physicsasset,#syrkistan_cafe_sheesha_damages
physicsasset,#terrain_dirt_pile_01
physicsasset,#tool_hammer_01
physicsasset,#tool_portable_barrel_gas_pump_01
physicsasset,#tool_rake_shovel_01
physicsasset,#tool_screwdriver_01
physicsasset,#triggermodeldummydefault
physicsasset,#triggermodelstaticdummydefault
physicsasset,#uk_bottle_oil_small_01
physicsasset,#uk_building_exterior_concrete_stairs_worn_02
physicsasset,#uk_car_body_paint_filler_01_destr
physicsasset,#uk_garage_workbench_01
physicsasset,#uk_garage_workbench_02
physicsasset,#uk_gas_tank_thin_cylinder
physicsasset,#uk_gas_tank_thin_cylinder_cracked_destr
physicsasset,#uk_industrial_light_01
physicsasset,#uk_misc_car_parts_crate_01
physicsasset,#uk_misc_car_parts_crate_01_empty
physicsasset,#uk_misc_hand_towel_dirty_02
physicsasset,#uk_shelf_garage_02_19x43x71
physicsasset,#uk_shipping_crate_wood_closed_01
physicsasset,#uk_shipping_crate_wood_open_side_01
physicsasset,#uk_siding_metal_corrugated_01_64x88
physicsasset,#uk_stairs_int_wood_worn_02_2step
physicsasset,#uk_stairs_int_wood_worn_02_4step
physicsasset,#uk_stairs_int_wood_worn_02_8step
physicsasset,#uk_stucco_pillar_02_thin_beige
physicsasset,#uk_tire_stack_01
physicsasset,#uk_toilet_garage_01_destr
physicsasset,#un_industrial_wooden_pallet_01
physicsasset,#un_industrial_wooden_pallet_stack_01
physicsasset,#usmc_military_backpack_01
physicsasset,#veh8_civ_lnd_hindia
physicsasset,#veh8_civ_lnd_hindia_static
physicsasset,#veh8_civ_lnd_hindia_static_dst
physicsasset,#veh8_civ_lnd_techo_rebel_armor_03
physicsasset,#veh8_civ_lnd_techo_rebel_armor_04
physicsasset,#veh8_civ_lnd_techo_rebel_armor_06
physicsasset,#veh8_civ_lnd_techo_rebel_armor_09
physicsasset,#veh8_civ_lnd_techo_rebel_armor_13
physicsasset,#veh8_civ_lnd_techo_rebel_armor_16
physicsasset,#veh8_civ_lnd_techo_rebel_armor_static
physicsasset,#veh8_civ_lnd_techo_rebel_static
physicsasset,#veh8_civ_lnd_trike_cart_static
physicsasset,#veh8_mil_air_ahotel64_blade_1
physicsasset,#veh8_mil_air_ahotel64_dst_engine
physicsasset,#veh8_mil_air_ahotel64_dst_landing_gear
physicsasset,#veh8_mil_air_ahotel64_dst_rear_rotor
physicsasset,#veh8_mil_air_ahotel64_dst_sensor
physicsasset,#veh8_mil_air_blima_dst
physicsasset,#veh8_mil_air_mquebec9_static_crashed_front
physicsasset,#veh8_mil_air_mquebec9_static_crashed_scrap_01
physicsasset,#veh8_mil_air_mquebec9_static_crashed_scrap_02
physicsasset,#veh8_mil_air_mquebec9_static_crashed_scrap_03
physicsasset,#veh8_mil_air_mquebec9_static_crashed_tail
physicsasset,#veh8_mil_lnd_tango72_scan_static_barrel_dst
physicsasset,#veh8_mil_lnd_tango72_scan_static_turret_dst
physicsasset,#veh8_mil_lnd_umike_rebel_static
physicsasset,#veh_civ_lnd_motorcycle_old_01
physicsasset,#vfx_debris_metal_shrapnel_a_05
physicsasset,#vfx_debris_metal_shrapnel_a_08
physicsasset,#vfx_debris_metal_shrapnel_a_10
physicsasset,#vfx_debris_metal_shrapnel_a_12
physicsasset,#vfx_debris_metal_shrapnel_a_13
physicsasset,#vfx_debris_metal_shrapnel_a_14
physicsasset,#vfx_debris_metal_shrapnel_a_15
physicsasset,#vfx_debris_metal_shrapnel_a_16
physicsasset,#vfx_debris_rock_plaster_a_06
physicsasset,#vfx_debris_rocks_1_g3
physicsasset,#vfx_debris_rocks_1_g4
physicsasset,#vfx_debris_wood_broken_1_g1
physicsasset,#vfx_debris_wood_chip_pieces_1_g1
physicsasset,#vfx_debris_wood_splinters_1_g1
physicsasset,#weapon_vm_mg_zulu_23_mp_cave_static
physicsasset,#winch_02
physicsasset,#window_cover_set_metal_mesh_bars_96_white
physicsasset,#window_cover_set_wood_shutters_01_48_white
physicsasset,#window_exterior_metal_bar_c_1
physicsasset,#window_exterior_metal_bar_flat_deco_black_48
physicsasset,#window_square_old_01a
physicsfxpipeline,#physfxpip_no_bounce_callback
physicsfxpipeline,#physfxpip_sparks_callback
physicsfxshape,#ammo_press_die_01
physicsfxshape,#ammo_press_die_bin_01
physicsfxshape,#debris_stone_blocks_03
physicsfxshape,#debris_stone_blocks_05
physicsfxshape,#phys_cinderblock_01_destr_s1_f1
physicsfxshape,#phys_cinderblock_01_destr_s1_f2
physicsfxshape,#phys_cinderblock_01_destr_s1_f3
physicsfxshape,#phys_cinderblock_01_destr_s1_f4
physicsfxshape,#phys_cinderblock_wall_endcap_01_24_destr_s1_f1
physicsfxshape,#phys_cinderblock_wall_endcap_01_24_destr_s1_f10
physicsfxshape,#phys_cinderblock_wall_endcap_01_24_destr_s1_f11
physicsfxshape,#phys_cinderblock_wall_endcap_01_24_destr_s1_f12
physicsfxshape,#phys_cinderblock_wall_endcap_01_24_destr_s1_f13
physicsfxshape,#phys_cinderblock_wall_endcap_01_24_destr_s1_f14
physicsfxshape,#phys_cinderblock_wall_endcap_01_24_destr_s1_f15
physicsfxshape,#phys_cinderblock_wall_endcap_01_24_destr_s1_f16
physicsfxshape,#phys_cinderblock_wall_endcap_01_24_destr_s1_f2
physicsfxshape,#phys_cinderblock_wall_endcap_01_24_destr_s1_f3
physicsfxshape,#phys_cinderblock_wall_endcap_01_24_destr_s1_f4
physicsfxshape,#phys_cinderblock_wall_endcap_01_24_destr_s1_f5
physicsfxshape,#phys_cinderblock_wall_endcap_01_24_destr_s1_f6
physicsfxshape,#phys_cinderblock_wall_endcap_01_24_destr_s1_f7
physicsfxshape,#phys_cinderblock_wall_endcap_01_24_destr_s1_f8
physicsfxshape,#phys_cinderblock_wall_endcap_01_24_destr_s1_f9
physicsfxshape,#phys_cinderblock_wall_topper_01_16_destr_s1_f1
physicsfxshape,#phys_cinderblock_wall_topper_01_16_destr_s1_f2
physicsfxshape,#phys_cinderblock_wall_topper_01_16_destr_s1_f3
physicsfxshape,#phys_cinderblock_wall_topper_01_16_destr_s1_f4
physicsfxshape,#phys_cinderblock_wall_topper_01_16_destr_s1_f5
physicsfxshape,#phys_decor_cafe_sheesha_damaged_s1_f1
physicsfxshape,#phys_decor_cafe_sheesha_damaged_s1_f2
physicsfxshape,#phys_decor_cafe_sheesha_damaged_s1_f3
physicsfxshape,#phys_decor_cafe_sheesha_damaged_s1_f4
physicsfxshape,#phys_decor_cafe_sheesha_damaged_s1_f5
physicsfxshape,#phys_decor_drying_rack_01_cup_01_s1_f1
physicsfxshape,#phys_decor_drying_rack_01_cup_01_s1_f2
physicsfxshape,#phys_decor_drying_rack_01_cup_01_s1_f3
physicsfxshape,#phys_decor_drying_rack_01_plate_01_s1_f1
physicsfxshape,#phys_decor_drying_rack_01_plate_01_s1_f2
physicsfxshape,#phys_decor_drying_rack_01_plate_01_s1_f3
physicsfxshape,#phys_decor_drying_rack_01_plate_02_s1_f1
physicsfxshape,#phys_decor_drying_rack_01_plate_02_s1_f2
physicsfxshape,#phys_decor_drying_rack_01_plate_02_s1_f3
physicsfxshape,#phys_decor_drying_rack_01_plate_03_s1_f1
physicsfxshape,#phys_decor_drying_rack_01_plate_03_s1_f2
physicsfxshape,#phys_decor_drying_rack_01_plate_03_s1_f3
physicsfxshape,#phys_decor_misc_props_01_bottle_destr_s1_f3
physicsfxshape,#phys_decor_misc_props_01_bottle_destr_s1_f4
physicsfxshape,#phys_decor_misc_props_01_jar_cap_destr
physicsfxshape,#phys_equipment_box_fan_s1_f2
physicsfxshape,#phys_equipment_tv_01_destr_s1_f1
physicsfxshape,#phys_equipment_tv_01_destr_s1_f2
physicsfxshape,#phys_equipment_tv_01_destr_s1_f3
physicsfxshape,#phys_equipment_tv_01_destr_s1_f4
physicsfxshape,#phys_furniture_plastic_stool_white_s1_f1
physicsfxshape,#phys_furniture_plastic_stool_white_s1_f2
physicsfxshape,#phys_furniture_plastic_stool_white_s1_f3
physicsfxshape,#phys_furniture_plastic_stool_white_s1_f4
physicsfxshape,#phys_furniture_plastic_stool_white_s1_f5
physicsfxshape,#phys_kitchen_01_teapot_01_destr_s1_f1
physicsfxshape,#phys_kitchen_01_teapot_01_destr_s1_f2
physicsfxshape,#phys_kitchen_01_teapot_01_destr_s1_f3
physicsfxshape,#phys_kitchen_01_teapot_01_destr_s1_f4
physicsfxshape,#phys_misc_propane_rocket_d2
physicsfxshape,#phys_pot_clay_02_dark_destr_s1_f1
physicsfxshape,#phys_pot_clay_02_dark_destr_s1_f2
physicsfxshape,#phys_pot_clay_02_dark_destr_s1_f3
physicsfxshape,#phys_pot_clay_02_dark_destr_s1_f4
physicsfxshape,#phys_pot_clay_old_01_s1_f1
physicsfxshape,#phys_pot_clay_old_01_s1_f2
physicsfxshape,#phys_pot_clay_old_01_s1_f3
physicsfxshape,#phys_pot_clay_old_01_s1_f4
physicsfxshape,#phys_pot_clay_old_01_s1_f5
physicsfxshape,#phys_proxy_vfx_pistol_shell
physicsfxshape,#phys_proxy_vfx_rifle_shell
physicsfxshape,#phys_proxy_vfx_shotgun_shell
physicsfxshape,#phys_uk_misc_car_parts_crate_01_destr_g1
physicsfxshape,#phys_uk_misc_car_parts_crate_01_destr_g2
physicsfxshape,#phys_uk_misc_car_parts_crate_01_destr_g3
physicsfxshape,#phys_uk_misc_car_parts_crate_01_destr_g4
physicsfxshape,#phys_uk_misc_car_parts_crate_01_destr_g5
physicsfxshape,#phys_uk_yellow_component_bin_filled_01_destr_s1_f1
physicsfxshape,#pot_clay_03_piece_01_bright
physicsfxshape,#veh8_mil_air_ahotel64_blade_1
physicsfxshape,#veh8_mil_air_ahotel64_dst_engine
physicsfxshape,#veh8_mil_air_ahotel64_dst_landing_gear
physicsfxshape,#veh8_mil_air_ahotel64_dst_rear_rotor
physicsfxshape,#veh8_mil_air_ahotel64_dst_sensor
physicsfxshape,#vfx_debris_rock_plaster_a
physicsfxshape,#vfx_debris_wood_splinter_a
xanim,#cp_exfil_blima_hvt_lf_price_idle
xanim,#cp_exfil_blima_plr01_idle_wm
xanim,#cp_exfil_blima_plr02_idle_wm
xanim,#cp_exfil_blima_plr02_wm
xanim,#cp_exfil_blima_plr03_idle_wm
xanim,#cp_exfil_blima_plr04_idle_wm
xanim,#cp_exfil_blima_plr04_wm
xanim,#cp_fulton_group_player_1_evac
xanim,#cp_fulton_group_player_1_hookup
xanim,#cp_fulton_group_player_1_idle
xanim,#cp_fulton_group_player_2_evac
xanim,#cp_fulton_group_player_2_hookup
xanim,#cp_fulton_group_player_2_idle
xanim,#cp_fulton_group_player_3_evac
xanim,#cp_fulton_group_player_3_hookup
xanim,#cp_fulton_group_player_3_idle
xanim,#cp_fulton_group_player_4_evac
xanim,#cp_fulton_group_player_4_hookup
xanim,#cp_fulton_group_player_4_idle
xanim,#cp_fulton_hostage_evac_player
xanim,#cp_player_usb_hack
xanim,#cp_player_usb_insert
xanim,#cp_player_usb_pullout
xanim,#cp_scripted_747_ending_breach_plr
xanim,#cp_scripted_747_ending_exit_plr1
xanim,#cp_scripted_747_ending_exit_plr2
xanim,#cp_scripted_747_ending_exit_plr3
xanim,#cp_scripted_747_ending_exit_plr4
xanim,#cp_scripted_747_ending_jump_plr1
xanim,#cp_scripted_747_ending_jump_plr2
xanim,#cp_scripted_747_ending_jump_plr3
xanim,#cp_scripted_747_ending_jump_plr4
xanim,#cp_scripted_computerinterface_enter
xanim,#cp_scripted_computerinterface_exit
xanim,#cp_scripted_computerinterface_idle
xanim,#cp_scripted_fixdecho_enter
xanim,#cp_scripted_fixdecho_exit
xanim,#cp_scripted_fixdecho_idle
xanim,#cp_scripted_interrogation_grab_player
xanim,#cp_scripted_plane_door_close
xanim,#cp_scripted_plane_door_open
xanim,#cp_scripted_plane_sit_exit
xanim,#cp_scripted_plane_sit_in
xanim,#cp_scripted_plane_sit_loop_01
xanim,#cp_scripted_plane_sit_loop_02
xanim,#cp_scripted_plane_sit_loop_03
xanim,#cp_scripted_tacops_plane_idle
xanim,#cp_scripted_tacops_plane_land
xanim,#cp_scripted_tacops_plane_takeoff
xanim,#cp_scripted_tape_server_steel_ally
xanim,#equipment_box_fan_anim_loop
xanim,#equipment_box_fan_anim_stop
xanim,#est_blima_doors_open
xanim,#hm_grnd_yel_standingconsole_enter
xanim,#hm_grnd_yel_standingconsole_exit
xanim,#hm_grnd_yel_standingconsole_noloop
xanim,#mp_infil_lbravo_b_guy1_exit_wm
xanim,#mp_infil_lbravo_b_guy1_wm
xanim,#mp_infil_lbravo_b_guy2_exit_wm
xanim,#mp_infil_lbravo_b_guy2_wm
xanim,#mp_infil_lbravo_b_guy3_exit_wm
xanim,#mp_infil_lbravo_b_guy3_wm
xanim,#mp_infil_lbravo_b_guy4_exit_wm
xanim,#mp_infil_lbravo_b_guy4_wm
xanim,#mp_infil_lbravo_b_guy5_exit_wm
xanim,#mp_infil_lbravo_b_guy5_wm
xanim,#mp_infil_lbravo_b_guy6_exit_wm
xanim,#mp_infil_lbravo_b_guy6_wm
xanim,#reb_smtobj_pstl_look_down_death01
xanim,#reb_smtobj_pstl_look_down_death02
xanim,#reb_smtobj_pstl_look_down_enter
xanim,#reb_smtobj_pstl_look_down_exit
xanim,#reb_smtobj_pstl_look_down_loop_srt
xanim,#reb_smtobj_pstl_look_down_pain_2
xanim,#reb_smtobj_pstl_look_down_pain_4
xanim,#reb_smtobj_pstl_look_down_pain_6
xanim,#reb_smtobj_pstl_look_down_pain_8
xanim,#reb_smtobj_pstl_look_down_react_2
xanim,#reb_smtobj_pstl_look_down_react_4
xanim,#reb_smtobj_pstl_look_down_react_6
xanim,#reb_smtobj_pstl_look_down_react_8
xanim,#reb_smtobj_pstl_look_under_low_death01
xanim,#reb_smtobj_pstl_look_under_low_death02
xanim,#reb_smtobj_pstl_look_under_low_enter
xanim,#reb_smtobj_pstl_look_under_low_exit
xanim,#reb_smtobj_pstl_look_under_low_loop_srt
xanim,#reb_smtobj_pstl_look_under_low_pain_2
xanim,#reb_smtobj_pstl_look_under_low_pain_4
xanim,#reb_smtobj_pstl_look_under_low_pain_6
xanim,#reb_smtobj_pstl_look_under_low_pain_8
xanim,#reb_smtobj_pstl_look_under_low_react_2
xanim,#reb_smtobj_pstl_look_under_low_react_4
xanim,#reb_smtobj_pstl_look_under_low_react_6
xanim,#reb_smtobj_pstl_look_under_low_react_8
xanim,#reb_stl_alert_pstl_idle01
xanim,#reb_stl_alert_pstl_idle02
xanim,#reb_stl_alert_pstl_idle03
xanim,#reb_stl_alert_pstl_idle04
xanim,#reb_stl_alert_pstl_idle05
xanim,#reb_stl_idle_sit_laptop_death01_8
xanim,#reb_stl_idle_sit_phone01_death01_6
xanim,#reb_stl_idle_sit_phone01_death01_6_chair
xanim,#reb_stl_idle_sit_phone01_death03_2
xanim,#reb_stl_idle_sit_phone01_death03_2_chair
xanim,#reb_stl_idle_stand_cellphone_react
xanim,#reb_stl_idle_stand_pstl_smoking
xanim,#reb_stl_idle_stand_pstl_smoking_end
xanim,#reb_stl_idle_stand_pstl_smoking_start
xanim,#reb_stl_patrol_pstl_idle01
xanim,#reb_stl_patrol_pstl_idle02
xanim,#reb_stl_patrol_pstl_idle03
xanim,#reb_stl_patrol_pstl_idle04
xanim,#reb_stl_patrol_pstl_idle05
xanim,#reb_stl_patrol_pstl_idle06
xanim,#reb_stl_patrol_pstl_idle_react_lg_2
xanim,#reb_stl_patrol_pstl_idle_react_lg_4
xanim,#reb_stl_patrol_pstl_idle_react_lg_6
xanim,#reb_stl_patrol_pstl_idle_react_lg_8
xanim,#reb_stl_patrol_pstl_idle_react_md_2
xanim,#reb_stl_patrol_pstl_idle_react_md_4
xanim,#reb_stl_patrol_pstl_idle_react_md_6
xanim,#reb_stl_patrol_pstl_idle_react_md_8
xanim,#reb_stl_patrol_pstl_idle_react_sm_2
xanim,#reb_stl_patrol_pstl_idle_react_sm_4
xanim,#reb_stl_patrol_pstl_idle_react_sm_6
xanim,#reb_stl_patrol_pstl_idle_react_sm_8
xanim,#reb_stl_patrol_pstl_idle_react_sm_up01
xanim,#reb_stl_patrol_pstl_turn_2l
xanim,#reb_stl_patrol_pstl_turn_2r
xanim,#reb_stl_patrol_pstl_turn_4
xanim,#reb_stl_patrol_pstl_turn_6
xanim,#reb_stl_patrol_pstl_turn_8
xanim,#reb_stl_patrol_pstl_walk01
xanim,#reb_stl_patrol_pstl_walk_arrival_l_1
xanim,#reb_stl_patrol_pstl_walk_arrival_l_2
xanim,#reb_stl_patrol_pstl_walk_arrival_l_3
xanim,#reb_stl_patrol_pstl_walk_arrival_l_4
xanim,#reb_stl_patrol_pstl_walk_arrival_l_6
xanim,#reb_stl_patrol_pstl_walk_arrival_l_7
xanim,#reb_stl_patrol_pstl_walk_arrival_l_8
xanim,#reb_stl_patrol_pstl_walk_arrival_l_9
xanim,#reb_stl_patrol_pstl_walk_arrival_r_1
xanim,#reb_stl_patrol_pstl_walk_arrival_r_2
xanim,#reb_stl_patrol_pstl_walk_arrival_r_3
xanim,#reb_stl_patrol_pstl_walk_arrival_r_4
xanim,#reb_stl_patrol_pstl_walk_arrival_r_6
xanim,#reb_stl_patrol_pstl_walk_arrival_r_7
xanim,#reb_stl_patrol_pstl_walk_arrival_r_8
xanim,#reb_stl_patrol_pstl_walk_arrival_r_9
xanim,#reb_stl_patrol_pstl_walk_exit_1
xanim,#reb_stl_patrol_pstl_walk_exit_2
xanim,#reb_stl_patrol_pstl_walk_exit_3
xanim,#reb_stl_patrol_pstl_walk_exit_4
xanim,#reb_stl_patrol_pstl_walk_exit_6
xanim,#reb_stl_patrol_pstl_walk_exit_7
xanim,#reb_stl_patrol_pstl_walk_exit_8
xanim,#reb_stl_patrol_pstl_walk_exit_9
xanim,#reb_stl_trans_pstl_exposed_idle_to_alert
xanim,#reb_stl_trans_pstl_exposed_walk_to_alert_walk
xanim,#reb_stl_trans_pstl_patrol_to_exposed_idle
xanim,#reb_stl_trans_pstl_patrol_walk_to_cqb_walk
xanim,#sdr_cas_kill_exposed_burst_03
xanim,#sdr_cas_kill_exposed_burst_04
xanim,#sdr_cas_kill_exposed_burst_05
xanim,#sdr_cas_kill_exposed_burst_06
xanim,#sdr_cas_kill_exposed_semi_01
xanim,#sdr_cas_kill_exposed_semi_02
xanim,#sdr_cas_kill_exposed_semi_03
xanim,#sdr_cas_kill_exposed_semi_04
xanim,#sdr_cas_kill_exposed_semi_05
xanim,#sdr_cas_kill_exposed_shoot_auto_02
xanim,#sdr_com_cover_crouch_left_pstl_to_cover_crouch
xanim,#sdr_com_cover_crouch_left_pstl_to_cover_crouch_right
xanim,#sdr_com_cover_crouch_left_pstl_to_cover_stand
xanim,#sdr_com_cover_crouch_lmg_reload01
xanim,#sdr_com_cover_crouch_pstl_aim_aim_2
xanim,#sdr_com_cover_crouch_pstl_aim_aim_4
xanim,#sdr_com_cover_crouch_pstl_aim_aim_5
xanim,#sdr_com_cover_crouch_pstl_aim_aim_6
xanim,#sdr_com_cover_crouch_pstl_aim_aim_8
xanim,#sdr_com_cover_crouch_pstl_aim_to_hide
xanim,#sdr_com_cover_crouch_pstl_exp_to_hide
xanim,#sdr_com_cover_crouch_pstl_hide_conceal_add
xanim,#sdr_com_cover_crouch_pstl_hide_idle
xanim,#sdr_com_cover_crouch_pstl_hide_to_aim
xanim,#sdr_com_cover_crouch_pstl_hide_to_exp
xanim,#sdr_com_cover_crouch_pstl_hide_to_lean
xanim,#sdr_com_cover_crouch_pstl_hide_to_left
xanim,#sdr_com_cover_crouch_pstl_hide_to_look
xanim,#sdr_com_cover_crouch_pstl_hide_to_right
xanim,#sdr_com_cover_crouch_pstl_hide_twitch01
xanim,#sdr_com_cover_crouch_pstl_hide_twitch02
xanim,#sdr_com_cover_crouch_pstl_hide_twitch03
xanim,#sdr_com_cover_crouch_pstl_hide_twitch04
xanim,#sdr_com_cover_crouch_pstl_hide_twitch05
xanim,#sdr_com_cover_crouch_pstl_hide_twitch06
xanim,#sdr_com_cover_crouch_pstl_jog_arrival_l_1
xanim,#sdr_com_cover_crouch_pstl_jog_arrival_l_2
xanim,#sdr_com_cover_crouch_pstl_jog_arrival_l_3
xanim,#sdr_com_cover_crouch_pstl_jog_arrival_l_4
xanim,#sdr_com_cover_crouch_pstl_jog_arrival_l_6
xanim,#sdr_com_cover_crouch_pstl_jog_arrival_r_1
xanim,#sdr_com_cover_crouch_pstl_jog_arrival_r_2
xanim,#sdr_com_cover_crouch_pstl_jog_arrival_r_3
xanim,#sdr_com_cover_crouch_pstl_jog_arrival_r_4
xanim,#sdr_com_cover_crouch_pstl_jog_arrival_r_6
xanim,#sdr_com_cover_crouch_pstl_jog_exit_1
xanim,#sdr_com_cover_crouch_pstl_jog_exit_2
xanim,#sdr_com_cover_crouch_pstl_jog_exit_3
xanim,#sdr_com_cover_crouch_pstl_jog_exit_4
xanim,#sdr_com_cover_crouch_pstl_jog_exit_6
xanim,#sdr_com_cover_crouch_pstl_jog_exit_7
xanim,#sdr_com_cover_crouch_pstl_jog_exit_8l
xanim,#sdr_com_cover_crouch_pstl_jog_exit_8r
xanim,#sdr_com_cover_crouch_pstl_jog_exit_9
xanim,#sdr_com_cover_crouch_pstl_jog_exitfull_1
xanim,#sdr_com_cover_crouch_pstl_jog_exitfull_2
xanim,#sdr_com_cover_crouch_pstl_jog_exitfull_3
xanim,#sdr_com_cover_crouch_pstl_jog_exitfull_4
xanim,#sdr_com_cover_crouch_pstl_jog_exitfull_6
xanim,#sdr_com_cover_crouch_pstl_jog_exitfull_7
xanim,#sdr_com_cover_crouch_pstl_jog_exitfull_8l
xanim,#sdr_com_cover_crouch_pstl_jog_exitfull_8r
xanim,#sdr_com_cover_crouch_pstl_jog_exitfull_9
xanim,#sdr_com_cover_crouch_pstl_lean_aim_2
xanim,#sdr_com_cover_crouch_pstl_lean_aim_4
xanim,#sdr_com_cover_crouch_pstl_lean_aim_5_twitch01
xanim,#sdr_com_cover_crouch_pstl_lean_aim_5_twitch02
xanim,#sdr_com_cover_crouch_pstl_lean_aim_5_twitch03
xanim,#sdr_com_cover_crouch_pstl_lean_aim_5_twitch04
xanim,#sdr_com_cover_crouch_pstl_lean_aim_5_twitch05
xanim,#sdr_com_cover_crouch_pstl_lean_aim_5_twitch06
xanim,#sdr_com_cover_crouch_pstl_lean_aim_5_twitch07
xanim,#sdr_com_cover_crouch_pstl_lean_aim_5_twitch08
xanim,#sdr_com_cover_crouch_pstl_lean_aim_5_twitch09
xanim,#sdr_com_cover_crouch_pstl_lean_aim_5_twitch10
xanim,#sdr_com_cover_crouch_pstl_lean_aim_5_twitch11
xanim,#sdr_com_cover_crouch_pstl_lean_aim_5_twitch12
xanim,#sdr_com_cover_crouch_pstl_lean_aim_5_twitch13
xanim,#sdr_com_cover_crouch_pstl_lean_aim_5_twitch14
xanim,#sdr_com_cover_crouch_pstl_lean_aim_6
xanim,#sdr_com_cover_crouch_pstl_lean_aim_8
xanim,#sdr_com_cover_crouch_pstl_lean_to_hide
xanim,#sdr_com_cover_crouch_pstl_left_to_hide
xanim,#sdr_com_cover_crouch_pstl_look_idle
xanim,#sdr_com_cover_crouch_pstl_look_peek01
xanim,#sdr_com_cover_crouch_pstl_look_peek02
xanim,#sdr_com_cover_crouch_pstl_look_peek03
xanim,#sdr_com_cover_crouch_pstl_look_peek04
xanim,#sdr_com_cover_crouch_pstl_look_to_hide
xanim,#sdr_com_cover_crouch_pstl_look_to_hide_fast
xanim,#sdr_com_cover_crouch_pstl_lvar_aim_to_hide
xanim,#sdr_com_cover_crouch_pstl_lvar_exp_to_hide
xanim,#sdr_com_cover_crouch_pstl_lvar_hide_to_aim
xanim,#sdr_com_cover_crouch_pstl_lvar_hide_to_lean
xanim,#sdr_com_cover_crouch_pstl_lvar_hide_to_left
xanim,#sdr_com_cover_crouch_pstl_lvar_hide_to_right
xanim,#sdr_com_cover_crouch_pstl_lvar_lean_to_hide
xanim,#sdr_com_cover_crouch_pstl_lvar_left_to_hide
xanim,#sdr_com_cover_crouch_pstl_lvar_look_idle
xanim,#sdr_com_cover_crouch_pstl_lvar_look_move_down_fast
xanim,#sdr_com_cover_crouch_pstl_lvar_look_move_up
xanim,#sdr_com_cover_crouch_pstl_lvar_peek01
xanim,#sdr_com_cover_crouch_pstl_lvar_peek02
xanim,#sdr_com_cover_crouch_pstl_lvar_right_to_hide
xanim,#sdr_com_cover_crouch_pstl_right_to_hide
xanim,#sdr_com_cover_crouch_pstl_run_arrival_l_1
xanim,#sdr_com_cover_crouch_pstl_run_arrival_l_2
xanim,#sdr_com_cover_crouch_pstl_run_arrival_l_3
xanim,#sdr_com_cover_crouch_pstl_run_arrival_l_4
xanim,#sdr_com_cover_crouch_pstl_run_arrival_l_6
xanim,#sdr_com_cover_crouch_pstl_run_arrival_r_1
xanim,#sdr_com_cover_crouch_pstl_run_arrival_r_2
xanim,#sdr_com_cover_crouch_pstl_run_arrival_r_3
xanim,#sdr_com_cover_crouch_pstl_run_arrival_r_4
xanim,#sdr_com_cover_crouch_pstl_run_arrival_r_6
xanim,#sdr_com_cover_crouch_pstl_run_exit_1
xanim,#sdr_com_cover_crouch_pstl_run_exit_2
xanim,#sdr_com_cover_crouch_pstl_run_exit_3
xanim,#sdr_com_cover_crouch_pstl_run_exit_4
xanim,#sdr_com_cover_crouch_pstl_run_exit_6
xanim,#sdr_com_cover_crouch_pstl_run_exit_7
xanim,#sdr_com_cover_crouch_pstl_run_exit_8l
xanim,#sdr_com_cover_crouch_pstl_run_exit_8r
xanim,#sdr_com_cover_crouch_pstl_run_exit_9
xanim,#sdr_com_cover_crouch_pstl_run_exitfull_1
xanim,#sdr_com_cover_crouch_pstl_run_exitfull_2
xanim,#sdr_com_cover_crouch_pstl_run_exitfull_3
xanim,#sdr_com_cover_crouch_pstl_run_exitfull_4
xanim,#sdr_com_cover_crouch_pstl_run_exitfull_6
xanim,#sdr_com_cover_crouch_pstl_run_exitfull_7
xanim,#sdr_com_cover_crouch_pstl_run_exitfull_8l
xanim,#sdr_com_cover_crouch_pstl_run_exitfull_8r
xanim,#sdr_com_cover_crouch_pstl_run_exitfull_9
xanim,#sdr_com_cover_crouch_pstl_rvar_aim_to_hide
xanim,#sdr_com_cover_crouch_pstl_rvar_exp_to_hide
xanim,#sdr_com_cover_crouch_pstl_rvar_hide_to_aim
xanim,#sdr_com_cover_crouch_pstl_rvar_hide_to_exp
xanim,#sdr_com_cover_crouch_pstl_rvar_hide_to_lean
xanim,#sdr_com_cover_crouch_pstl_rvar_hide_to_left
xanim,#sdr_com_cover_crouch_pstl_rvar_hide_to_right
xanim,#sdr_com_cover_crouch_pstl_rvar_lean_to_hide
xanim,#sdr_com_cover_crouch_pstl_rvar_left_to_hide
xanim,#sdr_com_cover_crouch_pstl_rvar_look_idle
xanim,#sdr_com_cover_crouch_pstl_rvar_look_move_down_fast
xanim,#sdr_com_cover_crouch_pstl_rvar_look_move_up
xanim,#sdr_com_cover_crouch_pstl_rvar_peek01
xanim,#sdr_com_cover_crouch_pstl_rvar_right_to_hide
xanim,#sdr_com_cover_crouch_pstl_to_cover_crouch_left
xanim,#sdr_com_cover_crouch_pstl_to_cover_crouch_right
xanim,#sdr_com_cover_crouch_pstl_to_shuffle_left
xanim,#sdr_com_cover_crouch_pstl_to_shuffle_right
xanim,#sdr_com_cover_crouch_pstl_turn_2r
xanim,#sdr_com_cover_crouch_pstl_turn_4
xanim,#sdr_com_cover_crouch_pstl_turn_6
xanim,#sdr_com_cover_crouch_right_pstl_to_cover_crouch
xanim,#sdr_com_cover_crouch_right_pstl_to_cover_crouch_left
xanim,#sdr_com_cover_crouch_right_pstl_to_cover_stand
xanim,#sdr_com_cover_left_crouch_lmg_reload01
xanim,#sdr_com_cover_left_crouch_pstl_exp_to_fullexp
xanim,#sdr_com_cover_left_crouch_pstl_exp_to_hide
xanim,#sdr_com_cover_left_crouch_pstl_fullexp_to_exp
xanim,#sdr_com_cover_left_crouch_pstl_fullexp_to_hide
xanim,#sdr_com_cover_left_crouch_pstl_hide_idle
xanim,#sdr_com_cover_left_crouch_pstl_hide_to_exp
xanim,#sdr_com_cover_left_crouch_pstl_hide_to_fullexp
xanim,#sdr_com_cover_left_crouch_pstl_hide_to_lean
xanim,#sdr_com_cover_left_crouch_pstl_hide_to_look
xanim,#sdr_com_cover_left_crouch_pstl_hide_twitch05
xanim,#sdr_com_cover_left_crouch_pstl_jog_arrival_l_1
xanim,#sdr_com_cover_left_crouch_pstl_jog_arrival_l_2
xanim,#sdr_com_cover_left_crouch_pstl_jog_arrival_l_3
xanim,#sdr_com_cover_left_crouch_pstl_jog_arrival_l_4
xanim,#sdr_com_cover_left_crouch_pstl_jog_arrival_l_6
xanim,#sdr_com_cover_left_crouch_pstl_jog_arrival_l_7
xanim,#sdr_com_cover_left_crouch_pstl_jog_arrival_l_8l
xanim,#sdr_com_cover_left_crouch_pstl_jog_arrival_l_8r
xanim,#sdr_com_cover_left_crouch_pstl_jog_arrival_r_1
xanim,#sdr_com_cover_left_crouch_pstl_jog_arrival_r_2
xanim,#sdr_com_cover_left_crouch_pstl_jog_arrival_r_3
xanim,#sdr_com_cover_left_crouch_pstl_jog_arrival_r_4
xanim,#sdr_com_cover_left_crouch_pstl_jog_arrival_r_6
xanim,#sdr_com_cover_left_crouch_pstl_jog_arrival_r_7
xanim,#sdr_com_cover_left_crouch_pstl_jog_arrival_r_8
xanim,#sdr_com_cover_left_crouch_pstl_jog_arrival_r_8l
xanim,#sdr_com_cover_left_crouch_pstl_jog_arrival_r_8r
xanim,#sdr_com_cover_left_crouch_pstl_jog_exit_1
xanim,#sdr_com_cover_left_crouch_pstl_jog_exit_2
xanim,#sdr_com_cover_left_crouch_pstl_jog_exit_3
xanim,#sdr_com_cover_left_crouch_pstl_jog_exit_4
xanim,#sdr_com_cover_left_crouch_pstl_jog_exit_6
xanim,#sdr_com_cover_left_crouch_pstl_jog_exit_7
xanim,#sdr_com_cover_left_crouch_pstl_jog_exit_8l
xanim,#sdr_com_cover_left_crouch_pstl_jog_exit_8r
xanim,#sdr_com_cover_left_crouch_pstl_jog_exit_9
xanim,#sdr_com_cover_left_crouch_pstl_jog_exitfull_1
xanim,#sdr_com_cover_left_crouch_pstl_jog_exitfull_2
xanim,#sdr_com_cover_left_crouch_pstl_jog_exitfull_3
xanim,#sdr_com_cover_left_crouch_pstl_jog_exitfull_4
xanim,#sdr_com_cover_left_crouch_pstl_jog_exitfull_6
xanim,#sdr_com_cover_left_crouch_pstl_jog_exitfull_7
xanim,#sdr_com_cover_left_crouch_pstl_jog_exitfull_8l
xanim,#sdr_com_cover_left_crouch_pstl_jog_exitfull_8r
xanim,#sdr_com_cover_left_crouch_pstl_jog_exitfull_9
xanim,#sdr_com_cover_left_crouch_pstl_lean_aim_1
xanim,#sdr_com_cover_left_crouch_pstl_lean_aim_2
xanim,#sdr_com_cover_left_crouch_pstl_lean_aim_3
xanim,#sdr_com_cover_left_crouch_pstl_lean_aim_4
xanim,#sdr_com_cover_left_crouch_pstl_lean_aim_5
xanim,#sdr_com_cover_left_crouch_pstl_lean_aim_6
xanim,#sdr_com_cover_left_crouch_pstl_lean_aim_7
xanim,#sdr_com_cover_left_crouch_pstl_lean_aim_8
xanim,#sdr_com_cover_left_crouch_pstl_lean_aim_9
xanim,#sdr_com_cover_left_crouch_pstl_lean_idle
xanim,#sdr_com_cover_left_crouch_pstl_lean_to_hide
xanim,#sdr_com_cover_left_crouch_pstl_look_idle
xanim,#sdr_com_cover_left_crouch_pstl_look_to_hide
xanim,#sdr_com_cover_left_crouch_pstl_look_to_hide_fast
xanim,#sdr_com_cover_left_crouch_pstl_peek01
xanim,#sdr_com_cover_left_crouch_pstl_peek02
xanim,#sdr_com_cover_left_crouch_pstl_peek03
xanim,#sdr_com_cover_left_crouch_pstl_peek04
xanim,#sdr_com_cover_left_crouch_pstl_run_arrival_l_1
xanim,#sdr_com_cover_left_crouch_pstl_run_arrival_l_2
xanim,#sdr_com_cover_left_crouch_pstl_run_arrival_l_3
xanim,#sdr_com_cover_left_crouch_pstl_run_arrival_l_4
xanim,#sdr_com_cover_left_crouch_pstl_run_arrival_l_6
xanim,#sdr_com_cover_left_crouch_pstl_run_arrival_l_7
xanim,#sdr_com_cover_left_crouch_pstl_run_arrival_l_8
xanim,#sdr_com_cover_left_crouch_pstl_run_arrival_l_8l
xanim,#sdr_com_cover_left_crouch_pstl_run_arrival_l_8r
xanim,#sdr_com_cover_left_crouch_pstl_run_arrival_r_1
xanim,#sdr_com_cover_left_crouch_pstl_run_arrival_r_2
xanim,#sdr_com_cover_left_crouch_pstl_run_arrival_r_3
xanim,#sdr_com_cover_left_crouch_pstl_run_arrival_r_4
xanim,#sdr_com_cover_left_crouch_pstl_run_arrival_r_6
xanim,#sdr_com_cover_left_crouch_pstl_run_arrival_r_7
xanim,#sdr_com_cover_left_crouch_pstl_run_arrival_r_8
xanim,#sdr_com_cover_left_crouch_pstl_run_arrival_r_8l
xanim,#sdr_com_cover_left_crouch_pstl_run_arrival_r_8r
xanim,#sdr_com_cover_left_crouch_pstl_run_exit_1
xanim,#sdr_com_cover_left_crouch_pstl_run_exit_2
xanim,#sdr_com_cover_left_crouch_pstl_run_exit_3
xanim,#sdr_com_cover_left_crouch_pstl_run_exit_4
xanim,#sdr_com_cover_left_crouch_pstl_run_exit_6
xanim,#sdr_com_cover_left_crouch_pstl_run_exit_7
xanim,#sdr_com_cover_left_crouch_pstl_run_exit_8l
xanim,#sdr_com_cover_left_crouch_pstl_run_exit_8r
xanim,#sdr_com_cover_left_crouch_pstl_run_exit_9
xanim,#sdr_com_cover_left_crouch_pstl_run_exitfull_1
xanim,#sdr_com_cover_left_crouch_pstl_run_exitfull_2
xanim,#sdr_com_cover_left_crouch_pstl_run_exitfull_3
xanim,#sdr_com_cover_left_crouch_pstl_run_exitfull_4
xanim,#sdr_com_cover_left_crouch_pstl_run_exitfull_6
xanim,#sdr_com_cover_left_crouch_pstl_run_exitfull_7
xanim,#sdr_com_cover_left_crouch_pstl_run_exitfull_8l
xanim,#sdr_com_cover_left_crouch_pstl_run_exitfull_8r
xanim,#sdr_com_cover_left_crouch_pstl_run_exitfull_9
xanim,#sdr_com_cover_left_crouch_pstl_to_shuffle_right
xanim,#sdr_com_cover_left_crouch_pstl_turn_2
xanim,#sdr_com_cover_left_crouch_pstl_turn_4
xanim,#sdr_com_cover_left_crouch_pstl_turn_6
xanim,#sdr_com_cover_left_crouch_pstl_turn_8
xanim,#sdr_com_cover_left_stand_lmg_reload01
xanim,#sdr_com_cover_left_stand_pstl_exp_to_full_exp
xanim,#sdr_com_cover_left_stand_pstl_full_exp_to_exp
xanim,#sdr_com_cover_left_stand_pstl_full_exp_to_hide
xanim,#sdr_com_cover_left_stand_pstl_hide_idle
xanim,#sdr_com_cover_left_stand_pstl_hide_to_exp
xanim,#sdr_com_cover_left_stand_pstl_hide_to_full_exp
xanim,#sdr_com_cover_left_stand_pstl_hide_to_lean
xanim,#sdr_com_cover_left_stand_pstl_hide_to_look
xanim,#sdr_com_cover_left_stand_pstl_hide_twitch01
xanim,#sdr_com_cover_left_stand_pstl_jog_arrival_l_1
xanim,#sdr_com_cover_left_stand_pstl_jog_arrival_l_2
xanim,#sdr_com_cover_left_stand_pstl_jog_arrival_l_3
xanim,#sdr_com_cover_left_stand_pstl_jog_arrival_l_4
xanim,#sdr_com_cover_left_stand_pstl_jog_arrival_l_6
xanim,#sdr_com_cover_left_stand_pstl_jog_arrival_l_7
xanim,#sdr_com_cover_left_stand_pstl_jog_arrival_l_8
xanim,#sdr_com_cover_left_stand_pstl_jog_arrival_l_8l
xanim,#sdr_com_cover_left_stand_pstl_jog_arrival_l_8r
xanim,#sdr_com_cover_left_stand_pstl_jog_arrival_r_1
xanim,#sdr_com_cover_left_stand_pstl_jog_arrival_r_2
xanim,#sdr_com_cover_left_stand_pstl_jog_arrival_r_3
xanim,#sdr_com_cover_left_stand_pstl_jog_arrival_r_4
xanim,#sdr_com_cover_left_stand_pstl_jog_arrival_r_6
xanim,#sdr_com_cover_left_stand_pstl_jog_arrival_r_7
xanim,#sdr_com_cover_left_stand_pstl_jog_arrival_r_8
xanim,#sdr_com_cover_left_stand_pstl_jog_arrival_r_8l
xanim,#sdr_com_cover_left_stand_pstl_jog_arrival_r_8r
xanim,#sdr_com_cover_left_stand_pstl_jog_exit_1
xanim,#sdr_com_cover_left_stand_pstl_jog_exit_2
xanim,#sdr_com_cover_left_stand_pstl_jog_exit_3
xanim,#sdr_com_cover_left_stand_pstl_jog_exit_4
xanim,#sdr_com_cover_left_stand_pstl_jog_exit_6
xanim,#sdr_com_cover_left_stand_pstl_jog_exit_7
xanim,#sdr_com_cover_left_stand_pstl_jog_exit_8l
xanim,#sdr_com_cover_left_stand_pstl_jog_exit_8r
xanim,#sdr_com_cover_left_stand_pstl_jog_exit_9
xanim,#sdr_com_cover_left_stand_pstl_jog_exitfull_1
xanim,#sdr_com_cover_left_stand_pstl_jog_exitfull_2
xanim,#sdr_com_cover_left_stand_pstl_jog_exitfull_3
xanim,#sdr_com_cover_left_stand_pstl_jog_exitfull_4
xanim,#sdr_com_cover_left_stand_pstl_jog_exitfull_6
xanim,#sdr_com_cover_left_stand_pstl_jog_exitfull_7
xanim,#sdr_com_cover_left_stand_pstl_jog_exitfull_8l
xanim,#sdr_com_cover_left_stand_pstl_jog_exitfull_8r
xanim,#sdr_com_cover_left_stand_pstl_jog_exitfull_9
xanim,#sdr_com_cover_left_stand_pstl_lean_aim_1
xanim,#sdr_com_cover_left_stand_pstl_lean_aim_2
xanim,#sdr_com_cover_left_stand_pstl_lean_aim_3
xanim,#sdr_com_cover_left_stand_pstl_lean_aim_4
xanim,#sdr_com_cover_left_stand_pstl_lean_aim_5
xanim,#sdr_com_cover_left_stand_pstl_lean_aim_6
xanim,#sdr_com_cover_left_stand_pstl_lean_aim_7
xanim,#sdr_com_cover_left_stand_pstl_lean_aim_8
xanim,#sdr_com_cover_left_stand_pstl_lean_aim_9
xanim,#sdr_com_cover_left_stand_pstl_lean_idle
xanim,#sdr_com_cover_left_stand_pstl_lean_to_hide
xanim,#sdr_com_cover_left_stand_pstl_look
xanim,#sdr_com_cover_left_stand_pstl_look_idle
xanim,#sdr_com_cover_left_stand_pstl_look_to_hide
xanim,#sdr_com_cover_left_stand_pstl_look_to_hide_fast
xanim,#sdr_com_cover_left_stand_pstl_run_arrival_l_1
xanim,#sdr_com_cover_left_stand_pstl_run_arrival_l_2
xanim,#sdr_com_cover_left_stand_pstl_run_arrival_l_3
xanim,#sdr_com_cover_left_stand_pstl_run_arrival_l_4
xanim,#sdr_com_cover_left_stand_pstl_run_arrival_l_6
xanim,#sdr_com_cover_left_stand_pstl_run_arrival_l_7
xanim,#sdr_com_cover_left_stand_pstl_run_arrival_l_8
xanim,#sdr_com_cover_left_stand_pstl_run_arrival_l_8l
xanim,#sdr_com_cover_left_stand_pstl_run_arrival_l_8r
xanim,#sdr_com_cover_left_stand_pstl_run_arrival_r_1
xanim,#sdr_com_cover_left_stand_pstl_run_arrival_r_2
xanim,#sdr_com_cover_left_stand_pstl_run_arrival_r_3
xanim,#sdr_com_cover_left_stand_pstl_run_arrival_r_4
xanim,#sdr_com_cover_left_stand_pstl_run_arrival_r_6
xanim,#sdr_com_cover_left_stand_pstl_run_arrival_r_7
xanim,#sdr_com_cover_left_stand_pstl_run_arrival_r_8
xanim,#sdr_com_cover_left_stand_pstl_run_arrival_r_8l
xanim,#sdr_com_cover_left_stand_pstl_run_arrival_r_8r
xanim,#sdr_com_cover_left_stand_pstl_run_exit_1
xanim,#sdr_com_cover_left_stand_pstl_run_exit_2
xanim,#sdr_com_cover_left_stand_pstl_run_exit_3
xanim,#sdr_com_cover_left_stand_pstl_run_exit_4
xanim,#sdr_com_cover_left_stand_pstl_run_exit_6
xanim,#sdr_com_cover_left_stand_pstl_run_exit_7
xanim,#sdr_com_cover_left_stand_pstl_run_exit_8l
xanim,#sdr_com_cover_left_stand_pstl_run_exit_8r
xanim,#sdr_com_cover_left_stand_pstl_run_exit_9
xanim,#sdr_com_cover_left_stand_pstl_run_exitfull_1
xanim,#sdr_com_cover_left_stand_pstl_run_exitfull_2
xanim,#sdr_com_cover_left_stand_pstl_run_exitfull_3
xanim,#sdr_com_cover_left_stand_pstl_run_exitfull_4
xanim,#sdr_com_cover_left_stand_pstl_run_exitfull_6
xanim,#sdr_com_cover_left_stand_pstl_run_exitfull_7
xanim,#sdr_com_cover_left_stand_pstl_run_exitfull_8l
xanim,#sdr_com_cover_left_stand_pstl_run_exitfull_8r
xanim,#sdr_com_cover_left_stand_pstl_run_exitfull_9
xanim,#sdr_com_cover_left_stand_pstl_to_cover_right_stand
xanim,#sdr_com_cover_left_stand_pstl_to_shuffle_right
xanim,#sdr_com_cover_left_stand_pstl_turn_2
xanim,#sdr_com_cover_left_stand_pstl_turn_4
xanim,#sdr_com_cover_left_stand_pstl_turn_6
xanim,#sdr_com_cover_left_stand_pstl_turn_8
xanim,#sdr_com_cover_pstl_shuffle_left
xanim,#sdr_com_cover_pstl_shuffle_right
xanim,#sdr_com_cover_right_crouch_lmg_reload01
xanim,#sdr_com_cover_right_crouch_pstl_exp_to_full_exp
xanim,#sdr_com_cover_right_crouch_pstl_exp_to_hide
xanim,#sdr_com_cover_right_crouch_pstl_full_exp_to_exp
xanim,#sdr_com_cover_right_crouch_pstl_full_exp_to_hide
xanim,#sdr_com_cover_right_crouch_pstl_hide_idle
xanim,#sdr_com_cover_right_crouch_pstl_hide_to_exp
xanim,#sdr_com_cover_right_crouch_pstl_hide_to_full_exp
xanim,#sdr_com_cover_right_crouch_pstl_hide_to_lean
xanim,#sdr_com_cover_right_crouch_pstl_hide_to_look
xanim,#sdr_com_cover_right_crouch_pstl_hide_twitch01
xanim,#sdr_com_cover_right_crouch_pstl_hide_twitch02
xanim,#sdr_com_cover_right_crouch_pstl_jog_arrival_l_1
xanim,#sdr_com_cover_right_crouch_pstl_jog_arrival_l_2
xanim,#sdr_com_cover_right_crouch_pstl_jog_arrival_l_3
xanim,#sdr_com_cover_right_crouch_pstl_jog_arrival_l_4
xanim,#sdr_com_cover_right_crouch_pstl_jog_arrival_l_6
xanim,#sdr_com_cover_right_crouch_pstl_jog_arrival_l_8
xanim,#sdr_com_cover_right_crouch_pstl_jog_arrival_l_8l
xanim,#sdr_com_cover_right_crouch_pstl_jog_arrival_l_8r
xanim,#sdr_com_cover_right_crouch_pstl_jog_arrival_l_9
xanim,#sdr_com_cover_right_crouch_pstl_jog_arrival_r_1
xanim,#sdr_com_cover_right_crouch_pstl_jog_arrival_r_2
xanim,#sdr_com_cover_right_crouch_pstl_jog_arrival_r_3
xanim,#sdr_com_cover_right_crouch_pstl_jog_arrival_r_4
xanim,#sdr_com_cover_right_crouch_pstl_jog_arrival_r_6
xanim,#sdr_com_cover_right_crouch_pstl_jog_arrival_r_8
xanim,#sdr_com_cover_right_crouch_pstl_jog_arrival_r_8l
xanim,#sdr_com_cover_right_crouch_pstl_jog_arrival_r_8r
xanim,#sdr_com_cover_right_crouch_pstl_jog_arrival_r_9
xanim,#sdr_com_cover_right_crouch_pstl_jog_exit_1
xanim,#sdr_com_cover_right_crouch_pstl_jog_exit_2
xanim,#sdr_com_cover_right_crouch_pstl_jog_exit_3
xanim,#sdr_com_cover_right_crouch_pstl_jog_exit_4
xanim,#sdr_com_cover_right_crouch_pstl_jog_exit_6
xanim,#sdr_com_cover_right_crouch_pstl_jog_exit_7
xanim,#sdr_com_cover_right_crouch_pstl_jog_exit_8l
xanim,#sdr_com_cover_right_crouch_pstl_jog_exit_8r
xanim,#sdr_com_cover_right_crouch_pstl_jog_exit_9
xanim,#sdr_com_cover_right_crouch_pstl_jog_exitfull_1
xanim,#sdr_com_cover_right_crouch_pstl_jog_exitfull_2
xanim,#sdr_com_cover_right_crouch_pstl_jog_exitfull_3
xanim,#sdr_com_cover_right_crouch_pstl_jog_exitfull_4
xanim,#sdr_com_cover_right_crouch_pstl_jog_exitfull_6
xanim,#sdr_com_cover_right_crouch_pstl_jog_exitfull_7
xanim,#sdr_com_cover_right_crouch_pstl_jog_exitfull_8l
xanim,#sdr_com_cover_right_crouch_pstl_jog_exitfull_8r
xanim,#sdr_com_cover_right_crouch_pstl_jog_exitfull_9
xanim,#sdr_com_cover_right_crouch_pstl_lean_aim_1
xanim,#sdr_com_cover_right_crouch_pstl_lean_aim_2
xanim,#sdr_com_cover_right_crouch_pstl_lean_aim_3
xanim,#sdr_com_cover_right_crouch_pstl_lean_aim_4
xanim,#sdr_com_cover_right_crouch_pstl_lean_aim_6
xanim,#sdr_com_cover_right_crouch_pstl_lean_aim_7
xanim,#sdr_com_cover_right_crouch_pstl_lean_aim_8
xanim,#sdr_com_cover_right_crouch_pstl_lean_aim_9
xanim,#sdr_com_cover_right_crouch_pstl_lean_idle
xanim,#sdr_com_cover_right_crouch_pstl_lean_to_hide
xanim,#sdr_com_cover_right_crouch_pstl_look_idle
xanim,#sdr_com_cover_right_crouch_pstl_look_to_hide
xanim,#sdr_com_cover_right_crouch_pstl_look_to_hide_fast
xanim,#sdr_com_cover_right_crouch_pstl_run_arrival_l_1
xanim,#sdr_com_cover_right_crouch_pstl_run_arrival_l_2
xanim,#sdr_com_cover_right_crouch_pstl_run_arrival_l_3
xanim,#sdr_com_cover_right_crouch_pstl_run_arrival_l_4
xanim,#sdr_com_cover_right_crouch_pstl_run_arrival_l_6
xanim,#sdr_com_cover_right_crouch_pstl_run_arrival_l_8
xanim,#sdr_com_cover_right_crouch_pstl_run_arrival_l_8l
xanim,#sdr_com_cover_right_crouch_pstl_run_arrival_l_8r
xanim,#sdr_com_cover_right_crouch_pstl_run_arrival_l_9
xanim,#sdr_com_cover_right_crouch_pstl_run_arrival_r_1
xanim,#sdr_com_cover_right_crouch_pstl_run_arrival_r_2
xanim,#sdr_com_cover_right_crouch_pstl_run_arrival_r_3
xanim,#sdr_com_cover_right_crouch_pstl_run_arrival_r_4
xanim,#sdr_com_cover_right_crouch_pstl_run_arrival_r_6
xanim,#sdr_com_cover_right_crouch_pstl_run_arrival_r_8
xanim,#sdr_com_cover_right_crouch_pstl_run_arrival_r_8l
xanim,#sdr_com_cover_right_crouch_pstl_run_arrival_r_8r
xanim,#sdr_com_cover_right_crouch_pstl_run_arrival_r_9
xanim,#sdr_com_cover_right_crouch_pstl_run_exit_1
xanim,#sdr_com_cover_right_crouch_pstl_run_exit_2
xanim,#sdr_com_cover_right_crouch_pstl_run_exit_3
xanim,#sdr_com_cover_right_crouch_pstl_run_exit_4
xanim,#sdr_com_cover_right_crouch_pstl_run_exit_6
xanim,#sdr_com_cover_right_crouch_pstl_run_exit_7
xanim,#sdr_com_cover_right_crouch_pstl_run_exit_8l
xanim,#sdr_com_cover_right_crouch_pstl_run_exit_8r
xanim,#sdr_com_cover_right_crouch_pstl_run_exit_9
xanim,#sdr_com_cover_right_crouch_pstl_run_exitfull_1
xanim,#sdr_com_cover_right_crouch_pstl_run_exitfull_2
xanim,#sdr_com_cover_right_crouch_pstl_run_exitfull_3
xanim,#sdr_com_cover_right_crouch_pstl_run_exitfull_4
xanim,#sdr_com_cover_right_crouch_pstl_run_exitfull_6
xanim,#sdr_com_cover_right_crouch_pstl_run_exitfull_7
xanim,#sdr_com_cover_right_crouch_pstl_run_exitfull_8l
xanim,#sdr_com_cover_right_crouch_pstl_run_exitfull_8r
xanim,#sdr_com_cover_right_crouch_pstl_run_exitfull_9
xanim,#sdr_com_cover_right_crouch_pstl_to_shuffle_left
xanim,#sdr_com_cover_right_crouch_pstl_turn_2
xanim,#sdr_com_cover_right_crouch_pstl_turn_4
xanim,#sdr_com_cover_right_crouch_pstl_turn_6
xanim,#sdr_com_cover_right_crouch_pstl_turn_8
xanim,#sdr_com_cover_right_stand_lmg_reload01
xanim,#sdr_com_cover_right_stand_pstl_exp_to_full_exp
xanim,#sdr_com_cover_right_stand_pstl_exp_to_hide
xanim,#sdr_com_cover_right_stand_pstl_full_exp_to_exp
xanim,#sdr_com_cover_right_stand_pstl_full_exp_to_hide
xanim,#sdr_com_cover_right_stand_pstl_hide_idle
xanim,#sdr_com_cover_right_stand_pstl_hide_to_exp
xanim,#sdr_com_cover_right_stand_pstl_hide_to_full_exp
xanim,#sdr_com_cover_right_stand_pstl_hide_to_lean
xanim,#sdr_com_cover_right_stand_pstl_hide_to_look
xanim,#sdr_com_cover_right_stand_pstl_hide_twitch02
xanim,#sdr_com_cover_right_stand_pstl_hide_twitch08
xanim,#sdr_com_cover_right_stand_pstl_jog_arrival_l_1
xanim,#sdr_com_cover_right_stand_pstl_jog_arrival_l_2
xanim,#sdr_com_cover_right_stand_pstl_jog_arrival_l_3
xanim,#sdr_com_cover_right_stand_pstl_jog_arrival_l_4
xanim,#sdr_com_cover_right_stand_pstl_jog_arrival_l_6
xanim,#sdr_com_cover_right_stand_pstl_jog_arrival_l_8
xanim,#sdr_com_cover_right_stand_pstl_jog_arrival_l_8l
xanim,#sdr_com_cover_right_stand_pstl_jog_arrival_l_8r
xanim,#sdr_com_cover_right_stand_pstl_jog_arrival_l_9
xanim,#sdr_com_cover_right_stand_pstl_jog_arrival_r_1
xanim,#sdr_com_cover_right_stand_pstl_jog_arrival_r_2
xanim,#sdr_com_cover_right_stand_pstl_jog_arrival_r_3
xanim,#sdr_com_cover_right_stand_pstl_jog_arrival_r_4
xanim,#sdr_com_cover_right_stand_pstl_jog_arrival_r_6
xanim,#sdr_com_cover_right_stand_pstl_jog_arrival_r_8
xanim,#sdr_com_cover_right_stand_pstl_jog_arrival_r_8l
xanim,#sdr_com_cover_right_stand_pstl_jog_arrival_r_8r
xanim,#sdr_com_cover_right_stand_pstl_jog_arrival_r_9
xanim,#sdr_com_cover_right_stand_pstl_jog_exit_1
xanim,#sdr_com_cover_right_stand_pstl_jog_exit_2
xanim,#sdr_com_cover_right_stand_pstl_jog_exit_3
xanim,#sdr_com_cover_right_stand_pstl_jog_exit_4
xanim,#sdr_com_cover_right_stand_pstl_jog_exit_6
xanim,#sdr_com_cover_right_stand_pstl_jog_exit_7
xanim,#sdr_com_cover_right_stand_pstl_jog_exit_8l
xanim,#sdr_com_cover_right_stand_pstl_jog_exit_8r
xanim,#sdr_com_cover_right_stand_pstl_jog_exit_9
xanim,#sdr_com_cover_right_stand_pstl_jog_exitfull_1
xanim,#sdr_com_cover_right_stand_pstl_jog_exitfull_2
xanim,#sdr_com_cover_right_stand_pstl_jog_exitfull_3
xanim,#sdr_com_cover_right_stand_pstl_jog_exitfull_4
xanim,#sdr_com_cover_right_stand_pstl_jog_exitfull_6
xanim,#sdr_com_cover_right_stand_pstl_jog_exitfull_7
xanim,#sdr_com_cover_right_stand_pstl_jog_exitfull_8l
xanim,#sdr_com_cover_right_stand_pstl_jog_exitfull_8r
xanim,#sdr_com_cover_right_stand_pstl_jog_exitfull_9
xanim,#sdr_com_cover_right_stand_pstl_lean_aim_1
xanim,#sdr_com_cover_right_stand_pstl_lean_aim_2
xanim,#sdr_com_cover_right_stand_pstl_lean_aim_3
xanim,#sdr_com_cover_right_stand_pstl_lean_aim_4
xanim,#sdr_com_cover_right_stand_pstl_lean_aim_5
xanim,#sdr_com_cover_right_stand_pstl_lean_aim_6
xanim,#sdr_com_cover_right_stand_pstl_lean_aim_7
xanim,#sdr_com_cover_right_stand_pstl_lean_aim_8
xanim,#sdr_com_cover_right_stand_pstl_lean_aim_9
xanim,#sdr_com_cover_right_stand_pstl_lean_idle
xanim,#sdr_com_cover_right_stand_pstl_lean_to_hide
xanim,#sdr_com_cover_right_stand_pstl_look01
xanim,#sdr_com_cover_right_stand_pstl_look02
xanim,#sdr_com_cover_right_stand_pstl_look_idle
xanim,#sdr_com_cover_right_stand_pstl_look_to_hide
xanim,#sdr_com_cover_right_stand_pstl_look_to_hide_fast
xanim,#sdr_com_cover_right_stand_pstl_run_arrival_l_1
xanim,#sdr_com_cover_right_stand_pstl_run_arrival_l_2
xanim,#sdr_com_cover_right_stand_pstl_run_arrival_l_3
xanim,#sdr_com_cover_right_stand_pstl_run_arrival_l_4
xanim,#sdr_com_cover_right_stand_pstl_run_arrival_l_6
xanim,#sdr_com_cover_right_stand_pstl_run_arrival_l_8
xanim,#sdr_com_cover_right_stand_pstl_run_arrival_l_8l
xanim,#sdr_com_cover_right_stand_pstl_run_arrival_l_8r
xanim,#sdr_com_cover_right_stand_pstl_run_arrival_l_9
xanim,#sdr_com_cover_right_stand_pstl_run_arrival_r_1
xanim,#sdr_com_cover_right_stand_pstl_run_arrival_r_2
xanim,#sdr_com_cover_right_stand_pstl_run_arrival_r_3
xanim,#sdr_com_cover_right_stand_pstl_run_arrival_r_4
xanim,#sdr_com_cover_right_stand_pstl_run_arrival_r_6
xanim,#sdr_com_cover_right_stand_pstl_run_arrival_r_8
xanim,#sdr_com_cover_right_stand_pstl_run_arrival_r_8l
xanim,#sdr_com_cover_right_stand_pstl_run_arrival_r_8r
xanim,#sdr_com_cover_right_stand_pstl_run_arrival_r_9
xanim,#sdr_com_cover_right_stand_pstl_run_exit_1
xanim,#sdr_com_cover_right_stand_pstl_run_exit_2
xanim,#sdr_com_cover_right_stand_pstl_run_exit_3
xanim,#sdr_com_cover_right_stand_pstl_run_exit_4
xanim,#sdr_com_cover_right_stand_pstl_run_exit_6
xanim,#sdr_com_cover_right_stand_pstl_run_exit_7
xanim,#sdr_com_cover_right_stand_pstl_run_exit_8l
xanim,#sdr_com_cover_right_stand_pstl_run_exit_8r
xanim,#sdr_com_cover_right_stand_pstl_run_exit_9
xanim,#sdr_com_cover_right_stand_pstl_run_exitfull_1
xanim,#sdr_com_cover_right_stand_pstl_run_exitfull_2
xanim,#sdr_com_cover_right_stand_pstl_run_exitfull_3
xanim,#sdr_com_cover_right_stand_pstl_run_exitfull_4
xanim,#sdr_com_cover_right_stand_pstl_run_exitfull_6
xanim,#sdr_com_cover_right_stand_pstl_run_exitfull_7
xanim,#sdr_com_cover_right_stand_pstl_run_exitfull_8l
xanim,#sdr_com_cover_right_stand_pstl_run_exitfull_8r
xanim,#sdr_com_cover_right_stand_pstl_run_exitfull_9
xanim,#sdr_com_cover_right_stand_pstl_to_cover_left_stand
xanim,#sdr_com_cover_right_stand_pstl_to_shuffle_left
xanim,#sdr_com_cover_right_stand_pstl_turn_2
xanim,#sdr_com_cover_right_stand_pstl_turn_4
xanim,#sdr_com_cover_right_stand_pstl_turn_6
xanim,#sdr_com_cover_right_stand_pstl_turn_8
xanim,#sdr_com_cover_stand_lmg_reload01
xanim,#sdr_com_cover_stand_pstl_aim_high_2
xanim,#sdr_com_cover_stand_pstl_aim_high_4
xanim,#sdr_com_cover_stand_pstl_aim_high_5
xanim,#sdr_com_cover_stand_pstl_aim_high_6
xanim,#sdr_com_cover_stand_pstl_aim_high_8
xanim,#sdr_com_cover_stand_pstl_aim_high_to_hide
xanim,#sdr_com_cover_stand_pstl_aim_to_hide
xanim,#sdr_com_cover_stand_pstl_hide_idle
xanim,#sdr_com_cover_stand_pstl_hide_to_aim
xanim,#sdr_com_cover_stand_pstl_hide_to_aim_high
xanim,#sdr_com_cover_stand_pstl_hide_twitch01
xanim,#sdr_com_cover_stand_pstl_hide_twitch02
xanim,#sdr_com_cover_stand_pstl_hide_twitch03
xanim,#sdr_com_cover_stand_pstl_hide_twitch04
xanim,#sdr_com_cover_stand_pstl_hide_twitch05
xanim,#sdr_com_cover_stand_pstl_jog_arrival_l_1
xanim,#sdr_com_cover_stand_pstl_jog_arrival_l_2
xanim,#sdr_com_cover_stand_pstl_jog_arrival_l_3
xanim,#sdr_com_cover_stand_pstl_jog_arrival_l_4
xanim,#sdr_com_cover_stand_pstl_jog_arrival_l_6
xanim,#sdr_com_cover_stand_pstl_jog_arrival_r_1
xanim,#sdr_com_cover_stand_pstl_jog_arrival_r_2
xanim,#sdr_com_cover_stand_pstl_jog_arrival_r_3
xanim,#sdr_com_cover_stand_pstl_jog_arrival_r_4
xanim,#sdr_com_cover_stand_pstl_jog_arrival_r_6
xanim,#sdr_com_cover_stand_pstl_jog_exit_1
xanim,#sdr_com_cover_stand_pstl_jog_exit_2
xanim,#sdr_com_cover_stand_pstl_jog_exit_3
xanim,#sdr_com_cover_stand_pstl_jog_exit_4
xanim,#sdr_com_cover_stand_pstl_jog_exit_6
xanim,#sdr_com_cover_stand_pstl_jog_exit_7
xanim,#sdr_com_cover_stand_pstl_jog_exit_8l
xanim,#sdr_com_cover_stand_pstl_jog_exit_8r
xanim,#sdr_com_cover_stand_pstl_jog_exit_9
xanim,#sdr_com_cover_stand_pstl_jog_exitfull_1
xanim,#sdr_com_cover_stand_pstl_jog_exitfull_2
xanim,#sdr_com_cover_stand_pstl_jog_exitfull_3
xanim,#sdr_com_cover_stand_pstl_jog_exitfull_4
xanim,#sdr_com_cover_stand_pstl_jog_exitfull_6
xanim,#sdr_com_cover_stand_pstl_jog_exitfull_7
xanim,#sdr_com_cover_stand_pstl_jog_exitfull_8l
xanim,#sdr_com_cover_stand_pstl_jog_exitfull_8r
xanim,#sdr_com_cover_stand_pstl_jog_exitfull_9
xanim,#sdr_com_cover_stand_pstl_look_idle
xanim,#sdr_com_cover_stand_pstl_look_idle_high
xanim,#sdr_com_cover_stand_pstl_look_move_down
xanim,#sdr_com_cover_stand_pstl_look_move_down_fast
xanim,#sdr_com_cover_stand_pstl_look_move_down_fast_high
xanim,#sdr_com_cover_stand_pstl_look_move_down_high
xanim,#sdr_com_cover_stand_pstl_look_move_up
xanim,#sdr_com_cover_stand_pstl_look_move_up_high
xanim,#sdr_com_cover_stand_pstl_look_quick01
xanim,#sdr_com_cover_stand_pstl_look_quick01_high
xanim,#sdr_com_cover_stand_pstl_look_quick02
xanim,#sdr_com_cover_stand_pstl_run_arrival_l_1
xanim,#sdr_com_cover_stand_pstl_run_arrival_l_2
xanim,#sdr_com_cover_stand_pstl_run_arrival_l_3
xanim,#sdr_com_cover_stand_pstl_run_arrival_l_4
xanim,#sdr_com_cover_stand_pstl_run_arrival_l_6
xanim,#sdr_com_cover_stand_pstl_run_arrival_r_1
xanim,#sdr_com_cover_stand_pstl_run_arrival_r_2
xanim,#sdr_com_cover_stand_pstl_run_arrival_r_3
xanim,#sdr_com_cover_stand_pstl_run_arrival_r_4
xanim,#sdr_com_cover_stand_pstl_run_arrival_r_6
xanim,#sdr_com_cover_stand_pstl_run_exit_1
xanim,#sdr_com_cover_stand_pstl_run_exit_2
xanim,#sdr_com_cover_stand_pstl_run_exit_3
xanim,#sdr_com_cover_stand_pstl_run_exit_4
xanim,#sdr_com_cover_stand_pstl_run_exit_6
xanim,#sdr_com_cover_stand_pstl_run_exit_7
xanim,#sdr_com_cover_stand_pstl_run_exit_8l
xanim,#sdr_com_cover_stand_pstl_run_exit_8r
xanim,#sdr_com_cover_stand_pstl_run_exit_9
xanim,#sdr_com_cover_stand_pstl_run_exitfull_1
xanim,#sdr_com_cover_stand_pstl_run_exitfull_2
xanim,#sdr_com_cover_stand_pstl_run_exitfull_3
xanim,#sdr_com_cover_stand_pstl_run_exitfull_4
xanim,#sdr_com_cover_stand_pstl_run_exitfull_6
xanim,#sdr_com_cover_stand_pstl_run_exitfull_7
xanim,#sdr_com_cover_stand_pstl_run_exitfull_8l
xanim,#sdr_com_cover_stand_pstl_run_exitfull_8r
xanim,#sdr_com_cover_stand_pstl_run_exitfull_9
xanim,#sdr_com_cover_stand_pstl_to_cover_crouch
xanim,#sdr_com_cover_stand_pstl_to_cover_crouch_left
xanim,#sdr_com_cover_stand_pstl_to_cover_crouch_right
xanim,#sdr_com_cover_stand_pstl_to_shuffle_left
xanim,#sdr_com_cover_stand_pstl_to_shuffle_right
xanim,#sdr_com_cover_stand_pstl_turn_2r
xanim,#sdr_com_cover_stand_pstl_turn_4
xanim,#sdr_com_cover_stand_pstl_turn_6
xanim,#sdr_com_crouch_lmg_aim_5
xanim,#sdr_com_crouch_lmg_setup_in
xanim,#sdr_com_crouch_lmg_setup_out
xanim,#sdr_com_exposed_crouch_lmg_reload01_fixed
xanim,#sdr_com_exposed_crouch_pstl_ads
xanim,#sdr_com_exposed_crouch_pstl_aim_1
xanim,#sdr_com_exposed_crouch_pstl_aim_2
xanim,#sdr_com_exposed_crouch_pstl_aim_3
xanim,#sdr_com_exposed_crouch_pstl_aim_4
xanim,#sdr_com_exposed_crouch_pstl_aim_5
xanim,#sdr_com_exposed_crouch_pstl_aim_5_twitch01
xanim,#sdr_com_exposed_crouch_pstl_aim_5_twitch02
xanim,#sdr_com_exposed_crouch_pstl_aim_5_twitch03
xanim,#sdr_com_exposed_crouch_pstl_aim_5_twitch04
xanim,#sdr_com_exposed_crouch_pstl_aim_5_twitch05
xanim,#sdr_com_exposed_crouch_pstl_aim_5_twitch06
xanim,#sdr_com_exposed_crouch_pstl_aim_5_twitch07
xanim,#sdr_com_exposed_crouch_pstl_aim_5_twitch08
xanim,#sdr_com_exposed_crouch_pstl_aim_5_twitch09
xanim,#sdr_com_exposed_crouch_pstl_aim_5_twitch10
xanim,#sdr_com_exposed_crouch_pstl_aim_5_twitch11
xanim,#sdr_com_exposed_crouch_pstl_aim_6
xanim,#sdr_com_exposed_crouch_pstl_aim_7
xanim,#sdr_com_exposed_crouch_pstl_aim_8
xanim,#sdr_com_exposed_crouch_pstl_aim_9
xanim,#sdr_com_exposed_crouch_pstl_gun_down
xanim,#sdr_com_exposed_crouch_pstl_jog_arrival_l_1
xanim,#sdr_com_exposed_crouch_pstl_jog_arrival_l_2
xanim,#sdr_com_exposed_crouch_pstl_jog_arrival_l_3
xanim,#sdr_com_exposed_crouch_pstl_jog_arrival_l_4
xanim,#sdr_com_exposed_crouch_pstl_jog_arrival_l_6
xanim,#sdr_com_exposed_crouch_pstl_jog_arrival_l_7
xanim,#sdr_com_exposed_crouch_pstl_jog_arrival_l_8
xanim,#sdr_com_exposed_crouch_pstl_jog_arrival_l_9
xanim,#sdr_com_exposed_crouch_pstl_jog_arrival_r_1
xanim,#sdr_com_exposed_crouch_pstl_jog_arrival_r_2
xanim,#sdr_com_exposed_crouch_pstl_jog_arrival_r_3
xanim,#sdr_com_exposed_crouch_pstl_jog_arrival_r_4
xanim,#sdr_com_exposed_crouch_pstl_jog_arrival_r_6
xanim,#sdr_com_exposed_crouch_pstl_jog_arrival_r_7
xanim,#sdr_com_exposed_crouch_pstl_jog_arrival_r_8
xanim,#sdr_com_exposed_crouch_pstl_jog_arrival_r_9
xanim,#sdr_com_exposed_crouch_pstl_jog_exit_1
xanim,#sdr_com_exposed_crouch_pstl_jog_exit_2
xanim,#sdr_com_exposed_crouch_pstl_jog_exit_3
xanim,#sdr_com_exposed_crouch_pstl_jog_exit_4
xanim,#sdr_com_exposed_crouch_pstl_jog_exit_6
xanim,#sdr_com_exposed_crouch_pstl_jog_exit_7
xanim,#sdr_com_exposed_crouch_pstl_jog_exit_8
xanim,#sdr_com_exposed_crouch_pstl_jog_exit_9
xanim,#sdr_com_exposed_crouch_pstl_jog_exitfull_1
xanim,#sdr_com_exposed_crouch_pstl_jog_exitfull_2
xanim,#sdr_com_exposed_crouch_pstl_jog_exitfull_3
xanim,#sdr_com_exposed_crouch_pstl_jog_exitfull_4
xanim,#sdr_com_exposed_crouch_pstl_jog_exitfull_6
xanim,#sdr_com_exposed_crouch_pstl_jog_exitfull_7
xanim,#sdr_com_exposed_crouch_pstl_jog_exitfull_8
xanim,#sdr_com_exposed_crouch_pstl_jog_exitfull_9
xanim,#sdr_com_exposed_crouch_pstl_nvg_ads
xanim,#sdr_com_exposed_crouch_pstl_pain01_torso_md_b_turn_exp
xanim,#sdr_com_exposed_crouch_pstl_pain01_torso_md_l_turn_exp
xanim,#sdr_com_exposed_crouch_pstl_pain01_torso_md_r_turn_exp
xanim,#sdr_com_exposed_crouch_pstl_pain_offset
xanim,#sdr_com_exposed_crouch_pstl_ready
xanim,#sdr_com_exposed_crouch_pstl_run_arrival_l_1
xanim,#sdr_com_exposed_crouch_pstl_run_arrival_l_2
xanim,#sdr_com_exposed_crouch_pstl_run_arrival_l_3
xanim,#sdr_com_exposed_crouch_pstl_run_arrival_l_4
xanim,#sdr_com_exposed_crouch_pstl_run_arrival_l_6
xanim,#sdr_com_exposed_crouch_pstl_run_arrival_l_7
xanim,#sdr_com_exposed_crouch_pstl_run_arrival_l_8
xanim,#sdr_com_exposed_crouch_pstl_run_arrival_l_9
xanim,#sdr_com_exposed_crouch_pstl_run_arrival_r_1
xanim,#sdr_com_exposed_crouch_pstl_run_arrival_r_2
xanim,#sdr_com_exposed_crouch_pstl_run_arrival_r_3
xanim,#sdr_com_exposed_crouch_pstl_run_arrival_r_4
xanim,#sdr_com_exposed_crouch_pstl_run_arrival_r_6
xanim,#sdr_com_exposed_crouch_pstl_run_arrival_r_7
xanim,#sdr_com_exposed_crouch_pstl_run_arrival_r_8
xanim,#sdr_com_exposed_crouch_pstl_run_arrival_r_9
xanim,#sdr_com_exposed_crouch_pstl_run_exit_1
xanim,#sdr_com_exposed_crouch_pstl_run_exit_2
xanim,#sdr_com_exposed_crouch_pstl_run_exit_3
xanim,#sdr_com_exposed_crouch_pstl_run_exit_4
xanim,#sdr_com_exposed_crouch_pstl_run_exit_6
xanim,#sdr_com_exposed_crouch_pstl_run_exit_7
xanim,#sdr_com_exposed_crouch_pstl_run_exit_8
xanim,#sdr_com_exposed_crouch_pstl_run_exit_9
xanim,#sdr_com_exposed_crouch_pstl_run_exitfull_1
xanim,#sdr_com_exposed_crouch_pstl_run_exitfull_2
xanim,#sdr_com_exposed_crouch_pstl_run_exitfull_3
xanim,#sdr_com_exposed_crouch_pstl_run_exitfull_4
xanim,#sdr_com_exposed_crouch_pstl_run_exitfull_6
xanim,#sdr_com_exposed_crouch_pstl_run_exitfull_7
xanim,#sdr_com_exposed_crouch_pstl_run_exitfull_8
xanim,#sdr_com_exposed_crouch_pstl_run_exitfull_9
xanim,#sdr_com_exposed_crouch_pstl_to_prone
xanim,#sdr_com_exposed_crouch_pstl_to_stand
xanim,#sdr_com_exposed_crouch_pstl_turn_2l
xanim,#sdr_com_exposed_crouch_pstl_turn_2r
xanim,#sdr_com_exposed_crouch_pstl_turn_4
xanim,#sdr_com_exposed_crouch_pstl_turn_6
xanim,#sdr_com_exposed_crouch_pstl_twitch01
xanim,#sdr_com_exposed_crouch_pstl_twitch02
xanim,#sdr_com_exposed_crouch_reload01_pistol
xanim,#sdr_com_exposed_crouch_reload02_pistol
xanim,#sdr_com_exposed_lmg_aim_1
xanim,#sdr_com_exposed_lmg_aim_2
xanim,#sdr_com_exposed_lmg_aim_3
xanim,#sdr_com_exposed_lmg_aim_4
xanim,#sdr_com_exposed_lmg_aim_5
xanim,#sdr_com_exposed_lmg_aim_5_twitch01
xanim,#sdr_com_exposed_lmg_aim_6
xanim,#sdr_com_exposed_lmg_aim_7
xanim,#sdr_com_exposed_lmg_aim_8
xanim,#sdr_com_exposed_lmg_aim_9
xanim,#sdr_com_exposed_lmg_jog_arrival_l_1
xanim,#sdr_com_exposed_lmg_jog_arrival_l_2
xanim,#sdr_com_exposed_lmg_jog_arrival_l_3
xanim,#sdr_com_exposed_lmg_jog_arrival_l_4
xanim,#sdr_com_exposed_lmg_jog_arrival_l_6
xanim,#sdr_com_exposed_lmg_jog_arrival_l_7
xanim,#sdr_com_exposed_lmg_jog_arrival_l_8
xanim,#sdr_com_exposed_lmg_jog_arrival_l_9
xanim,#sdr_com_exposed_lmg_jog_arrival_r_1
xanim,#sdr_com_exposed_lmg_jog_arrival_r_2
xanim,#sdr_com_exposed_lmg_jog_arrival_r_3
xanim,#sdr_com_exposed_lmg_jog_arrival_r_4
xanim,#sdr_com_exposed_lmg_jog_arrival_r_6
xanim,#sdr_com_exposed_lmg_jog_arrival_r_7
xanim,#sdr_com_exposed_lmg_jog_arrival_r_8
xanim,#sdr_com_exposed_lmg_jog_arrival_r_9
xanim,#sdr_com_exposed_lmg_jog_exit_1
xanim,#sdr_com_exposed_lmg_jog_exit_2
xanim,#sdr_com_exposed_lmg_jog_exit_3
xanim,#sdr_com_exposed_lmg_jog_exit_4
xanim,#sdr_com_exposed_lmg_jog_exit_6
xanim,#sdr_com_exposed_lmg_jog_exit_7
xanim,#sdr_com_exposed_lmg_jog_exit_8
xanim,#sdr_com_exposed_lmg_jog_exit_9
xanim,#sdr_com_exposed_lmg_run_arrival_l_1
xanim,#sdr_com_exposed_lmg_run_arrival_l_2
xanim,#sdr_com_exposed_lmg_run_arrival_l_3
xanim,#sdr_com_exposed_lmg_run_arrival_l_4
xanim,#sdr_com_exposed_lmg_run_arrival_l_6
xanim,#sdr_com_exposed_lmg_run_arrival_l_7
xanim,#sdr_com_exposed_lmg_run_arrival_l_8
xanim,#sdr_com_exposed_lmg_run_arrival_l_9
xanim,#sdr_com_exposed_lmg_run_arrival_r_1
xanim,#sdr_com_exposed_lmg_run_arrival_r_2
xanim,#sdr_com_exposed_lmg_run_arrival_r_3
xanim,#sdr_com_exposed_lmg_run_arrival_r_4
xanim,#sdr_com_exposed_lmg_run_arrival_r_6
xanim,#sdr_com_exposed_lmg_run_arrival_r_7
xanim,#sdr_com_exposed_lmg_run_arrival_r_8
xanim,#sdr_com_exposed_lmg_run_arrival_r_9
xanim,#sdr_com_exposed_lmg_run_exit_1
xanim,#sdr_com_exposed_lmg_run_exit_2
xanim,#sdr_com_exposed_lmg_run_exit_3
xanim,#sdr_com_exposed_lmg_run_exit_4
xanim,#sdr_com_exposed_lmg_run_exit_6
xanim,#sdr_com_exposed_lmg_run_exit_7
xanim,#sdr_com_exposed_lmg_run_exit_8
xanim,#sdr_com_exposed_lmg_run_exit_9
xanim,#sdr_com_exposed_prone_pstl_aim_2
xanim,#sdr_com_exposed_prone_pstl_aim_4
xanim,#sdr_com_exposed_prone_pstl_aim_5
xanim,#sdr_com_exposed_prone_pstl_aim_6
xanim,#sdr_com_exposed_prone_pstl_aim_8
xanim,#sdr_com_exposed_prone_pstl_fire01
xanim,#sdr_com_exposed_prone_pstl_grenade01
xanim,#sdr_com_exposed_prone_pstl_idle
xanim,#sdr_com_exposed_prone_pstl_jog_arrival_l_1
xanim,#sdr_com_exposed_prone_pstl_jog_arrival_l_2
xanim,#sdr_com_exposed_prone_pstl_jog_arrival_l_3
xanim,#sdr_com_exposed_prone_pstl_jog_arrival_l_4
xanim,#sdr_com_exposed_prone_pstl_jog_arrival_l_6
xanim,#sdr_com_exposed_prone_pstl_jog_arrival_l_7
xanim,#sdr_com_exposed_prone_pstl_jog_arrival_l_8
xanim,#sdr_com_exposed_prone_pstl_jog_arrival_l_9
xanim,#sdr_com_exposed_prone_pstl_jog_arrival_r_1
xanim,#sdr_com_exposed_prone_pstl_jog_arrival_r_2
xanim,#sdr_com_exposed_prone_pstl_jog_arrival_r_3
xanim,#sdr_com_exposed_prone_pstl_jog_arrival_r_4
xanim,#sdr_com_exposed_prone_pstl_jog_arrival_r_6
xanim,#sdr_com_exposed_prone_pstl_jog_arrival_r_7
xanim,#sdr_com_exposed_prone_pstl_jog_arrival_r_8
xanim,#sdr_com_exposed_prone_pstl_jog_arrival_r_9
xanim,#sdr_com_exposed_prone_pstl_jog_exit_1
xanim,#sdr_com_exposed_prone_pstl_jog_exit_2
xanim,#sdr_com_exposed_prone_pstl_jog_exit_3
xanim,#sdr_com_exposed_prone_pstl_jog_exit_4
xanim,#sdr_com_exposed_prone_pstl_jog_exit_6
xanim,#sdr_com_exposed_prone_pstl_jog_exit_7
xanim,#sdr_com_exposed_prone_pstl_jog_exit_9
xanim,#sdr_com_exposed_prone_pstl_reload01
xanim,#sdr_com_exposed_prone_pstl_run_arrival_l_1
xanim,#sdr_com_exposed_prone_pstl_run_arrival_l_2
xanim,#sdr_com_exposed_prone_pstl_run_arrival_l_3
xanim,#sdr_com_exposed_prone_pstl_run_arrival_l_4
xanim,#sdr_com_exposed_prone_pstl_run_arrival_l_6
xanim,#sdr_com_exposed_prone_pstl_run_arrival_l_7
xanim,#sdr_com_exposed_prone_pstl_run_arrival_l_8
xanim,#sdr_com_exposed_prone_pstl_run_arrival_l_9
xanim,#sdr_com_exposed_prone_pstl_run_arrival_r_1
xanim,#sdr_com_exposed_prone_pstl_run_arrival_r_2
xanim,#sdr_com_exposed_prone_pstl_run_arrival_r_3
xanim,#sdr_com_exposed_prone_pstl_run_arrival_r_4
xanim,#sdr_com_exposed_prone_pstl_run_arrival_r_6
xanim,#sdr_com_exposed_prone_pstl_run_arrival_r_7
xanim,#sdr_com_exposed_prone_pstl_run_arrival_r_8
xanim,#sdr_com_exposed_prone_pstl_run_arrival_r_9
xanim,#sdr_com_exposed_prone_pstl_run_exit_1
xanim,#sdr_com_exposed_prone_pstl_run_exit_2
xanim,#sdr_com_exposed_prone_pstl_run_exit_3
xanim,#sdr_com_exposed_prone_pstl_run_exit_4
xanim,#sdr_com_exposed_prone_pstl_run_exit_6
xanim,#sdr_com_exposed_prone_pstl_run_exit_7
xanim,#sdr_com_exposed_prone_pstl_run_exit_8
xanim,#sdr_com_exposed_prone_pstl_run_exit_9
xanim,#sdr_com_exposed_prone_pstl_to_crouch
xanim,#sdr_com_exposed_prone_pstl_to_exposed01
xanim,#sdr_com_exposed_prone_pstl_twitch03
xanim,#sdr_com_exposed_pstl_aim_1
xanim,#sdr_com_exposed_pstl_aim_2
xanim,#sdr_com_exposed_pstl_aim_3
xanim,#sdr_com_exposed_pstl_aim_4
xanim,#sdr_com_exposed_pstl_aim_5
xanim,#sdr_com_exposed_pstl_aim_5_twitch01
xanim,#sdr_com_exposed_pstl_aim_5_twitch02
xanim,#sdr_com_exposed_pstl_aim_5_twitch03
xanim,#sdr_com_exposed_pstl_aim_5_twitch04
xanim,#sdr_com_exposed_pstl_aim_5_twitch05
xanim,#sdr_com_exposed_pstl_aim_5_twitch06
xanim,#sdr_com_exposed_pstl_aim_5_twitch07
xanim,#sdr_com_exposed_pstl_aim_5_twitch08
xanim,#sdr_com_exposed_pstl_aim_5_twitch09
xanim,#sdr_com_exposed_pstl_aim_5_twitch10
xanim,#sdr_com_exposed_pstl_aim_5_twitch11
xanim,#sdr_com_exposed_pstl_aim_5_twitch12
xanim,#sdr_com_exposed_pstl_aim_5_twitch13
xanim,#sdr_com_exposed_pstl_aim_5_twitch14
xanim,#sdr_com_exposed_pstl_aim_6
xanim,#sdr_com_exposed_pstl_aim_7
xanim,#sdr_com_exposed_pstl_aim_8
xanim,#sdr_com_exposed_pstl_aim_9
xanim,#sdr_com_exposed_pstl_jog_arrival_l_1
xanim,#sdr_com_exposed_pstl_jog_arrival_l_2
xanim,#sdr_com_exposed_pstl_jog_arrival_l_3
xanim,#sdr_com_exposed_pstl_jog_arrival_l_4
xanim,#sdr_com_exposed_pstl_jog_arrival_l_6
xanim,#sdr_com_exposed_pstl_jog_arrival_l_7
xanim,#sdr_com_exposed_pstl_jog_arrival_l_8
xanim,#sdr_com_exposed_pstl_jog_arrival_l_9
xanim,#sdr_com_exposed_pstl_jog_arrival_r_1
xanim,#sdr_com_exposed_pstl_jog_arrival_r_2
xanim,#sdr_com_exposed_pstl_jog_arrival_r_3
xanim,#sdr_com_exposed_pstl_jog_arrival_r_4
xanim,#sdr_com_exposed_pstl_jog_arrival_r_6
xanim,#sdr_com_exposed_pstl_jog_arrival_r_7
xanim,#sdr_com_exposed_pstl_jog_arrival_r_8
xanim,#sdr_com_exposed_pstl_jog_arrival_r_9
xanim,#sdr_com_exposed_pstl_jog_exit_1
xanim,#sdr_com_exposed_pstl_jog_exit_2
xanim,#sdr_com_exposed_pstl_jog_exit_3
xanim,#sdr_com_exposed_pstl_jog_exit_4
xanim,#sdr_com_exposed_pstl_jog_exit_6
xanim,#sdr_com_exposed_pstl_jog_exit_7
xanim,#sdr_com_exposed_pstl_jog_exit_8
xanim,#sdr_com_exposed_pstl_jog_exit_9
xanim,#sdr_com_exposed_pstl_jog_exitfull_1
xanim,#sdr_com_exposed_pstl_jog_exitfull_2
xanim,#sdr_com_exposed_pstl_jog_exitfull_3
xanim,#sdr_com_exposed_pstl_jog_exitfull_4
xanim,#sdr_com_exposed_pstl_jog_exitfull_6
xanim,#sdr_com_exposed_pstl_jog_exitfull_7
xanim,#sdr_com_exposed_pstl_jog_exitfull_8
xanim,#sdr_com_exposed_pstl_jog_exitfull_9
xanim,#sdr_com_exposed_pstl_player_evasion_2
xanim,#sdr_com_exposed_pstl_player_evasion_4
xanim,#sdr_com_exposed_pstl_player_evasion_6
xanim,#sdr_com_exposed_pstl_player_evasion_8
xanim,#sdr_com_exposed_pstl_run_arrival_l_1
xanim,#sdr_com_exposed_pstl_run_arrival_l_2
xanim,#sdr_com_exposed_pstl_run_arrival_l_3
xanim,#sdr_com_exposed_pstl_run_arrival_l_4
xanim,#sdr_com_exposed_pstl_run_arrival_l_6
xanim,#sdr_com_exposed_pstl_run_arrival_l_7
xanim,#sdr_com_exposed_pstl_run_arrival_l_8
xanim,#sdr_com_exposed_pstl_run_arrival_l_9
xanim,#sdr_com_exposed_pstl_run_arrival_r_1
xanim,#sdr_com_exposed_pstl_run_arrival_r_2
xanim,#sdr_com_exposed_pstl_run_arrival_r_3
xanim,#sdr_com_exposed_pstl_run_arrival_r_4
xanim,#sdr_com_exposed_pstl_run_arrival_r_6
xanim,#sdr_com_exposed_pstl_run_arrival_r_7
xanim,#sdr_com_exposed_pstl_run_arrival_r_8
xanim,#sdr_com_exposed_pstl_run_arrival_r_9
xanim,#sdr_com_exposed_pstl_run_exit_1
xanim,#sdr_com_exposed_pstl_run_exit_2
xanim,#sdr_com_exposed_pstl_run_exit_3
xanim,#sdr_com_exposed_pstl_run_exit_4
xanim,#sdr_com_exposed_pstl_run_exit_6
xanim,#sdr_com_exposed_pstl_run_exit_7
xanim,#sdr_com_exposed_pstl_run_exit_8
xanim,#sdr_com_exposed_pstl_run_exit_9
xanim,#sdr_com_exposed_pstl_run_exitfull_1
xanim,#sdr_com_exposed_pstl_run_exitfull_2
xanim,#sdr_com_exposed_pstl_run_exitfull_3
xanim,#sdr_com_exposed_pstl_run_exitfull_4
xanim,#sdr_com_exposed_pstl_run_exitfull_6
xanim,#sdr_com_exposed_pstl_run_exitfull_7
xanim,#sdr_com_exposed_pstl_run_exitfull_8
xanim,#sdr_com_exposed_pstl_run_exitfull_9
xanim,#sdr_com_exposed_pstl_to_crouch_idle
xanim,#sdr_com_exposed_pstl_to_prone01
xanim,#sdr_com_exposed_pstl_twitch01
xanim,#sdr_com_exposed_pstl_twitch02
xanim,#sdr_com_exposed_pstl_twitch03
xanim,#sdr_com_exposed_pstl_twitch04
xanim,#sdr_com_exposed_reload01_pistol
xanim,#sdr_com_exposed_reload02_pistol
xanim,#sdr_com_exposed_stand_lmg_ads
xanim,#sdr_com_exposed_stand_lmg_gun_down
xanim,#sdr_com_exposed_stand_lmg_nvg_ads
xanim,#sdr_com_exposed_stand_lmg_ready
xanim,#sdr_com_exposed_stand_lmg_reload01_fixed
xanim,#sdr_com_exposed_stand_pstl_ads
xanim,#sdr_com_exposed_stand_pstl_dodge_4
xanim,#sdr_com_exposed_stand_pstl_dodge_6
xanim,#sdr_com_exposed_stand_pstl_fullpain01_turn_torso_lower_md_b
xanim,#sdr_com_exposed_stand_pstl_fullpain01_turn_torso_lower_md_l
xanim,#sdr_com_exposed_stand_pstl_fullpain01_turn_torso_lower_md_r
xanim,#sdr_com_exposed_stand_pstl_fullpain01_turn_torso_upper_md_b
xanim,#sdr_com_exposed_stand_pstl_fullpain01_turn_torso_upper_md_r
xanim,#sdr_com_exposed_stand_pstl_fullpain02_turn_torso_lower_md_b
xanim,#sdr_com_exposed_stand_pstl_fullpain02_turn_torso_lower_md_l
xanim,#sdr_com_exposed_stand_pstl_fullpain02_turn_torso_lower_md_r
xanim,#sdr_com_exposed_stand_pstl_fullpain02_turn_torso_upper_md_b
xanim,#sdr_com_exposed_stand_pstl_fullpain02_turn_torso_upper_md_r
xanim,#sdr_com_exposed_stand_pstl_fullpain03_turn_torso_lower_md_b
xanim,#sdr_com_exposed_stand_pstl_fullpain03_turn_torso_lower_md_l
xanim,#sdr_com_exposed_stand_pstl_fullpain03_turn_torso_lower_md_r
xanim,#sdr_com_exposed_stand_pstl_fullpain03_turn_torso_upper_md_b
xanim,#sdr_com_exposed_stand_pstl_fullpain03_turn_torso_upper_md_r
xanim,#sdr_com_exposed_stand_pstl_gun_down
xanim,#sdr_com_exposed_stand_pstl_melee01
xanim,#sdr_com_exposed_stand_pstl_melee02
xanim,#sdr_com_exposed_stand_pstl_melee03
xanim,#sdr_com_exposed_stand_pstl_melee04
xanim,#sdr_com_exposed_stand_pstl_nvg_ads
xanim,#sdr_com_exposed_stand_pstl_pain_offset
xanim,#sdr_com_exposed_stand_pstl_ready
xanim,#sdr_com_exposed_stand_pstl_run_to_melee01
xanim,#sdr_com_exposed_stand_pstl_to_melee01
xanim,#sdr_com_exposed_stand_pstl_turn_1
xanim,#sdr_com_exposed_stand_pstl_turn_2l
xanim,#sdr_com_exposed_stand_pstl_turn_2r
xanim,#sdr_com_exposed_stand_pstl_turn_3
xanim,#sdr_com_exposed_stand_pstl_turn_4
xanim,#sdr_com_exposed_stand_pstl_turn_6
xanim,#sdr_com_exposed_stand_pstl_turn_7
xanim,#sdr_com_exposed_stand_pstl_turn_9
xanim,#sdr_com_exposed_stand_pstl_zero_arrival_fixed_l_1
xanim,#sdr_com_exposed_stand_pstl_zero_arrival_fixed_l_2
xanim,#sdr_com_exposed_stand_pstl_zero_arrival_fixed_l_3
xanim,#sdr_com_exposed_stand_pstl_zero_arrival_fixed_l_4
xanim,#sdr_com_exposed_stand_pstl_zero_arrival_fixed_l_6
xanim,#sdr_com_exposed_stand_pstl_zero_arrival_fixed_l_7
xanim,#sdr_com_exposed_stand_pstl_zero_arrival_fixed_l_8
xanim,#sdr_com_exposed_stand_pstl_zero_arrival_fixed_l_9
xanim,#sdr_com_exposed_stand_pstl_zero_arrival_fixed_r_1
xanim,#sdr_com_exposed_stand_pstl_zero_arrival_fixed_r_2
xanim,#sdr_com_exposed_stand_pstl_zero_arrival_fixed_r_3
xanim,#sdr_com_exposed_stand_pstl_zero_arrival_fixed_r_4
xanim,#sdr_com_exposed_stand_pstl_zero_arrival_fixed_r_6
xanim,#sdr_com_exposed_stand_pstl_zero_arrival_fixed_r_7
xanim,#sdr_com_exposed_stand_pstl_zero_arrival_fixed_r_8
xanim,#sdr_com_exposed_stand_pstl_zero_arrival_fixed_r_9
xanim,#sdr_com_prone_lmg_aim_1
xanim,#sdr_com_prone_lmg_aim_2
xanim,#sdr_com_prone_lmg_aim_3
xanim,#sdr_com_prone_lmg_aim_4
xanim,#sdr_com_prone_lmg_aim_5
xanim,#sdr_com_prone_lmg_aim_6
xanim,#sdr_com_prone_lmg_aim_7
xanim,#sdr_com_prone_lmg_aim_8
xanim,#sdr_com_prone_lmg_aim_9
xanim,#sdr_com_prone_lmg_setup_in
xanim,#sdr_com_prone_lmg_setup_out
xanim,#sdr_com_prone_pstl_crawl
xanim,#sdr_com_pstl_jog_loop01
xanim,#sdr_com_pstl_jog_turn_l_1
xanim,#sdr_com_pstl_jog_turn_l_2
xanim,#sdr_com_pstl_jog_turn_l_3
xanim,#sdr_com_pstl_jog_turn_l_4
xanim,#sdr_com_pstl_jog_turn_l_6
xanim,#sdr_com_pstl_jog_turn_r_1
xanim,#sdr_com_pstl_jog_turn_r_2
xanim,#sdr_com_pstl_jog_turn_r_3
xanim,#sdr_com_pstl_jog_turn_r_4
xanim,#sdr_com_pstl_jog_turn_r_6
xanim,#sdr_com_pstl_lean_l_jog
xanim,#sdr_com_pstl_lean_l_run
xanim,#sdr_com_pstl_lean_r_jog
xanim,#sdr_com_pstl_lean_r_run
xanim,#sdr_com_pstl_run_loop01
xanim,#sdr_com_pstl_run_turn_l_1
xanim,#sdr_com_pstl_run_turn_l_2
xanim,#sdr_com_pstl_run_turn_l_3
xanim,#sdr_com_pstl_run_turn_l_4
xanim,#sdr_com_pstl_run_turn_l_6
xanim,#sdr_com_pstl_run_turn_r_1
xanim,#sdr_com_pstl_run_turn_r_2
xanim,#sdr_com_pstl_run_turn_r_3
xanim,#sdr_com_pstl_run_turn_r_4
xanim,#sdr_com_pstl_run_turn_r_6
xanim,#sdr_com_pstl_shuffle_left_to_cover_crouch
xanim,#sdr_com_pstl_shuffle_left_to_cover_left_crouch
xanim,#sdr_com_pstl_shuffle_left_to_cover_left_stand
xanim,#sdr_com_pstl_shuffle_left_to_cover_stand
xanim,#sdr_com_pstl_shuffle_right_to_cover_crouch
xanim,#sdr_com_pstl_shuffle_right_to_cover_right_crouch
xanim,#sdr_com_pstl_shuffle_right_to_cover_right_stand
xanim,#sdr_com_pstl_shuffle_right_to_cover_stand
xanim,#sdr_com_pstl_strafe_to_exposed_feet_apart
xanim,#sdr_com_pstl_strafe_to_exposed_feet_together
xanim,#sdr_com_pstl_strafe_to_exposed_l_foot_forward
xanim,#sdr_com_pstl_strafe_to_exposed_r_foot_forward
xanim,#sdr_com_stairs_pstl_run_fixed_forward_down
xanim,#sdr_com_stairs_pstl_run_fixed_forward_down_l
xanim,#sdr_com_stairs_pstl_run_fixed_forward_down_r
xanim,#sdr_com_stairs_pstl_run_fixed_forward_up
xanim,#sdr_com_stairs_pstl_run_fixed_forward_up_l
xanim,#sdr_com_stairs_pstl_run_fixed_forward_up_r
xanim,#sdr_com_stand_high_lmg_aim_1
xanim,#sdr_com_stand_high_lmg_aim_2
xanim,#sdr_com_stand_high_lmg_aim_3
xanim,#sdr_com_stand_high_lmg_aim_4
xanim,#sdr_com_stand_high_lmg_aim_5
xanim,#sdr_com_stand_high_lmg_aim_6
xanim,#sdr_com_stand_high_lmg_aim_7
xanim,#sdr_com_stand_high_lmg_aim_8
xanim,#sdr_com_stand_high_lmg_aim_9
xanim,#sdr_com_stand_high_lmg_setup_in
xanim,#sdr_com_stand_high_lmg_setup_out
xanim,#sdr_com_stand_lmg_aim_1
xanim,#sdr_com_stand_lmg_aim_2
xanim,#sdr_com_stand_lmg_aim_3
xanim,#sdr_com_stand_lmg_aim_4
xanim,#sdr_com_stand_lmg_aim_5
xanim,#sdr_com_stand_lmg_aim_6
xanim,#sdr_com_stand_lmg_aim_7
xanim,#sdr_com_stand_lmg_aim_8
xanim,#sdr_com_stand_lmg_aim_9
xanim,#sdr_com_stand_lmg_reload
xanim,#sdr_com_stand_lmg_setup_in
xanim,#sdr_com_stand_lmg_setup_out
xanim,#sdr_com_trans_crouch_pstl_to_hide_cover_left_crouch_2
xanim,#sdr_com_trans_crouch_pstl_to_hide_cover_left_crouch_4
xanim,#sdr_com_trans_crouch_pstl_to_hide_cover_left_crouch_6
xanim,#sdr_com_trans_exp2_pstl_to_cover_right_crouch
xanim,#sdr_com_trans_exp2_pstl_to_cover_right_stand
xanim,#sdr_com_trans_exp4_pstl_to_cover_right_crouch
xanim,#sdr_com_trans_exp4_pstl_to_cover_right_stand
xanim,#sdr_com_trans_exp6_pstl_to_cover_right_crouch
xanim,#sdr_com_trans_exp6_pstl_to_cover_right_stand
xanim,#sdr_com_trans_exposed_crouch_pstl_to_cover_crouch_01_2
xanim,#sdr_com_trans_exposed_crouch_pstl_to_cover_crouch_01_4
xanim,#sdr_com_trans_exposed_crouch_pstl_to_cover_crouch_01_6
xanim,#sdr_com_trans_exposed_crouch_pstl_to_cover_crouch_02_2
xanim,#sdr_com_trans_exposed_crouch_pstl_to_cover_crouch_02_4
xanim,#sdr_com_trans_exposed_crouch_pstl_to_cover_crouch_02_6
xanim,#sdr_com_trans_exposed_crouch_pstl_to_cover_left_crouch01_8
xanim,#sdr_com_trans_exposed_crouch_pstl_to_cover_left_crouch02_8
xanim,#sdr_com_trans_exposed_crouch_pstl_to_cover_left_crouch03_8
xanim,#sdr_com_trans_exposed_crouch_pstl_to_cover_left_stand01_2
xanim,#sdr_com_trans_exposed_crouch_pstl_to_cover_left_stand01_4
xanim,#sdr_com_trans_exposed_crouch_pstl_to_cover_left_stand01_6
xanim,#sdr_com_trans_exposed_crouch_pstl_to_cover_left_stand01_8
xanim,#sdr_com_trans_exposed_crouch_pstl_to_cover_right_crouch01_8
xanim,#sdr_com_trans_exposed_crouch_pstl_to_cover_right_crouch02_8
xanim,#sdr_com_trans_exposed_crouch_pstl_to_cover_right_crouch03_8
xanim,#sdr_com_trans_exposed_crouch_pstl_to_cover_right_stand01_2
xanim,#sdr_com_trans_exposed_crouch_pstl_to_cover_right_stand01_4
xanim,#sdr_com_trans_exposed_crouch_pstl_to_cover_right_stand01_6
xanim,#sdr_com_trans_exposed_crouch_pstl_to_cover_right_stand01_8
xanim,#sdr_com_trans_exposed_crouch_pstl_to_cover_stand01_2
xanim,#sdr_com_trans_exposed_crouch_pstl_to_cover_stand01_4
xanim,#sdr_com_trans_exposed_crouch_pstl_to_cover_stand01_6
xanim,#sdr_com_trans_exposed_crouch_pstl_to_cover_stand01_8
xanim,#sdr_com_trans_exposed_crouch_pstl_to_cover_stand02_2
xanim,#sdr_com_trans_exposed_crouch_pstl_to_cover_stand02_4
xanim,#sdr_com_trans_exposed_crouch_pstl_to_cover_stand02_6
xanim,#sdr_com_trans_exposed_crouch_pstl_to_cover_stand02_8
xanim,#sdr_com_trans_exposed_stand_pstl_to_cover_crouch_6
xanim,#sdr_com_trans_exposed_stand_pstl_to_cover_left_crouch02_2
xanim,#sdr_com_trans_exposed_stand_pstl_to_cover_left_crouch02_4
xanim,#sdr_com_trans_exposed_stand_pstl_to_cover_left_crouch02_6
xanim,#sdr_com_trans_exposed_stand_pstl_to_cover_left_crouch02_8
xanim,#sdr_com_trans_exposed_stand_pstl_to_cover_left_stand01_8
xanim,#sdr_com_trans_exposed_stand_pstl_to_cover_left_stand02_8
xanim,#sdr_com_trans_exposed_stand_pstl_to_cover_left_stand03_8
xanim,#sdr_com_trans_exposed_stand_pstl_to_cover_right_crouch02_2
xanim,#sdr_com_trans_exposed_stand_pstl_to_cover_right_crouch02_4
xanim,#sdr_com_trans_exposed_stand_pstl_to_cover_right_crouch02_6
xanim,#sdr_com_trans_exposed_stand_pstl_to_cover_right_crouch02_8
xanim,#sdr_com_trans_exposed_stand_pstl_to_cover_right_stand01_8
xanim,#sdr_com_trans_exposed_stand_pstl_to_cover_right_stand02_8
xanim,#sdr_com_trans_exposed_stand_pstl_to_cover_right_stand03_8
xanim,#sdr_com_trans_exposed_stand_pstl_to_cover_stand_2
xanim,#sdr_com_trans_exposed_stand_pstl_to_cover_stand_4
xanim,#sdr_com_trans_exposed_stand_pstl_to_cover_stand_6
xanim,#sdr_com_trans_exposed_stand_pstl_to_cover_stand_8
xanim,#sdr_com_trans_pstl_cover_left_stand_to_crouch
xanim,#sdr_com_trans_pstl_cover_right_stand_to_crouch
xanim,#sdr_com_trans_pstl_crouch_to_cover_left_stand
xanim,#sdr_com_trans_pstl_crouch_to_cover_right_stand
xanim,#sdr_com_trans_stand_pstl_to_cover_left_stand_2
xanim,#sdr_com_trans_stand_pstl_to_cover_left_stand_4
xanim,#sdr_com_trans_stand_pstl_to_cover_left_stand_6
xanim,#sdr_cp_hostage_cutout_blima_dst_1_player
xanim,#sdr_cp_hostage_cutout_blima_dst_2_player
xanim,#sdr_cp_hostage_cutout_blima_dst_3_player
xanim,#sdr_cp_hostage_cutout_blima_dst_4_player
xanim,#sdr_cp_hostage_cutout_blima_dst_pullout_player
xanim,#sdr_cp_hostage_cutout_blima_dst_putaway_player
xanim,#sdr_cp_hostage_dropoff_blima_l_player
xanim,#sdr_cp_hostage_dropoff_blima_r_player
xanim,#sdr_cp_hostage_dropoff_ground_get_up_pilot
xanim,#sdr_cp_hostage_dropoff_ground_idle_female
xanim,#sdr_cp_hostage_dropoff_ground_idle_pilot
xanim,#sdr_cp_hostage_dropoff_ground_pilot
xanim,#sdr_cp_hostage_dropoff_ground_player
xanim,#sdr_cp_hostage_dropoff_truck_decho
xanim,#sdr_cp_hostage_dropoff_truck_idle_pilot
xanim,#sdr_cp_hostage_dropoff_truck_pilot
xanim,#sdr_cp_hostage_dropoff_truck_player
xanim,#sdr_cp_hostage_pickup_blimadestroyed_player
xanim,#sdr_cp_hostage_pickup_ground_pilot
xanim,#sdr_cp_hostage_pickup_ground_pilot_female
xanim,#sdr_cp_hostage_pickup_truck_decho
xanim,#sdr_cp_hostage_pickup_truck_pilot
xanim,#sdr_cp_hostage_pickup_truck_player
xanim,#sdr_cp_hostage_walk_hostage
xanim,#sdr_cp_hostage_walk_player
xanim,#sdr_cp_tirefix_end
xanim,#sdr_cp_tirefix_loop
xanim,#sdr_cp_tirefix_start
xanim,#sdr_cp_veh_lbravo_seat_2_getin
xanim,#sdr_cp_veh_lbravo_seat_2_idle
xanim,#sdr_cqb_cover_crouch_pstl_fast_arrival_l_1
xanim,#sdr_cqb_cover_crouch_pstl_fast_arrival_l_2
xanim,#sdr_cqb_cover_crouch_pstl_fast_arrival_l_3
xanim,#sdr_cqb_cover_crouch_pstl_fast_arrival_l_4
xanim,#sdr_cqb_cover_crouch_pstl_fast_arrival_l_6
xanim,#sdr_cqb_cover_crouch_pstl_fast_arrival_r_1
xanim,#sdr_cqb_cover_crouch_pstl_fast_arrival_r_2
xanim,#sdr_cqb_cover_crouch_pstl_fast_arrival_r_3
xanim,#sdr_cqb_cover_crouch_pstl_fast_arrival_r_4
xanim,#sdr_cqb_cover_crouch_pstl_fast_arrival_r_6
xanim,#sdr_cqb_cover_crouch_pstl_fast_exit_1
xanim,#sdr_cqb_cover_crouch_pstl_fast_exit_2
xanim,#sdr_cqb_cover_crouch_pstl_fast_exit_3
xanim,#sdr_cqb_cover_crouch_pstl_fast_exit_4
xanim,#sdr_cqb_cover_crouch_pstl_fast_exit_6
xanim,#sdr_cqb_cover_crouch_pstl_fast_exit_7
xanim,#sdr_cqb_cover_crouch_pstl_fast_exit_8l
xanim,#sdr_cqb_cover_crouch_pstl_fast_exit_8r
xanim,#sdr_cqb_cover_crouch_pstl_fast_exit_9
xanim,#sdr_cqb_cover_crouch_pstl_fast_exitfull_1
xanim,#sdr_cqb_cover_crouch_pstl_fast_exitfull_2
xanim,#sdr_cqb_cover_crouch_pstl_fast_exitfull_3
xanim,#sdr_cqb_cover_crouch_pstl_fast_exitfull_4
xanim,#sdr_cqb_cover_crouch_pstl_fast_exitfull_6
xanim,#sdr_cqb_cover_crouch_pstl_fast_exitfull_7
xanim,#sdr_cqb_cover_crouch_pstl_fast_exitfull_8l
xanim,#sdr_cqb_cover_crouch_pstl_fast_exitfull_8r
xanim,#sdr_cqb_cover_crouch_pstl_fast_exitfull_9
xanim,#sdr_cqb_cover_crouch_pstl_walk_arrival_l_1
xanim,#sdr_cqb_cover_crouch_pstl_walk_arrival_l_2
xanim,#sdr_cqb_cover_crouch_pstl_walk_arrival_l_3
xanim,#sdr_cqb_cover_crouch_pstl_walk_arrival_l_4
xanim,#sdr_cqb_cover_crouch_pstl_walk_arrival_l_6
xanim,#sdr_cqb_cover_crouch_pstl_walk_arrival_r_1
xanim,#sdr_cqb_cover_crouch_pstl_walk_arrival_r_2
xanim,#sdr_cqb_cover_crouch_pstl_walk_arrival_r_3
xanim,#sdr_cqb_cover_crouch_pstl_walk_arrival_r_4
xanim,#sdr_cqb_cover_crouch_pstl_walk_arrival_r_6
xanim,#sdr_cqb_cover_crouch_pstl_walk_exit_1
xanim,#sdr_cqb_cover_crouch_pstl_walk_exit_2
xanim,#sdr_cqb_cover_crouch_pstl_walk_exit_3
xanim,#sdr_cqb_cover_crouch_pstl_walk_exit_4
xanim,#sdr_cqb_cover_crouch_pstl_walk_exit_6
xanim,#sdr_cqb_cover_crouch_pstl_walk_exit_7
xanim,#sdr_cqb_cover_crouch_pstl_walk_exit_8l
xanim,#sdr_cqb_cover_crouch_pstl_walk_exit_8r
xanim,#sdr_cqb_cover_crouch_pstl_walk_exit_9
xanim,#sdr_cqb_cover_crouch_pstl_walk_exitfull_1
xanim,#sdr_cqb_cover_crouch_pstl_walk_exitfull_2
xanim,#sdr_cqb_cover_crouch_pstl_walk_exitfull_3
xanim,#sdr_cqb_cover_crouch_pstl_walk_exitfull_4
xanim,#sdr_cqb_cover_crouch_pstl_walk_exitfull_6
xanim,#sdr_cqb_cover_crouch_pstl_walk_exitfull_7
xanim,#sdr_cqb_cover_crouch_pstl_walk_exitfull_8l
xanim,#sdr_cqb_cover_crouch_pstl_walk_exitfull_8r
xanim,#sdr_cqb_cover_crouch_pstl_walk_exitfull_9
xanim,#sdr_cqb_cover_left_crouch_pstl_fast_arrival_l_1
xanim,#sdr_cqb_cover_left_crouch_pstl_fast_arrival_l_2
xanim,#sdr_cqb_cover_left_crouch_pstl_fast_arrival_l_3
xanim,#sdr_cqb_cover_left_crouch_pstl_fast_arrival_l_4
xanim,#sdr_cqb_cover_left_crouch_pstl_fast_arrival_l_6
xanim,#sdr_cqb_cover_left_crouch_pstl_fast_arrival_l_7
xanim,#sdr_cqb_cover_left_crouch_pstl_fast_arrival_l_8
xanim,#sdr_cqb_cover_left_crouch_pstl_fast_arrival_l_8l
xanim,#sdr_cqb_cover_left_crouch_pstl_fast_arrival_l_8r
xanim,#sdr_cqb_cover_left_crouch_pstl_fast_arrival_r_1
xanim,#sdr_cqb_cover_left_crouch_pstl_fast_arrival_r_2
xanim,#sdr_cqb_cover_left_crouch_pstl_fast_arrival_r_3
xanim,#sdr_cqb_cover_left_crouch_pstl_fast_arrival_r_4
xanim,#sdr_cqb_cover_left_crouch_pstl_fast_arrival_r_6
xanim,#sdr_cqb_cover_left_crouch_pstl_fast_arrival_r_7
xanim,#sdr_cqb_cover_left_crouch_pstl_fast_arrival_r_8
xanim,#sdr_cqb_cover_left_crouch_pstl_fast_arrival_r_8l
xanim,#sdr_cqb_cover_left_crouch_pstl_fast_arrival_r_8r
xanim,#sdr_cqb_cover_left_crouch_pstl_fast_exit_1
xanim,#sdr_cqb_cover_left_crouch_pstl_fast_exit_2
xanim,#sdr_cqb_cover_left_crouch_pstl_fast_exit_3
xanim,#sdr_cqb_cover_left_crouch_pstl_fast_exit_4
xanim,#sdr_cqb_cover_left_crouch_pstl_fast_exit_6
xanim,#sdr_cqb_cover_left_crouch_pstl_fast_exit_7
xanim,#sdr_cqb_cover_left_crouch_pstl_fast_exit_8l
xanim,#sdr_cqb_cover_left_crouch_pstl_fast_exit_8r
xanim,#sdr_cqb_cover_left_crouch_pstl_fast_exit_9
xanim,#sdr_cqb_cover_left_crouch_pstl_fast_exitfull_1
xanim,#sdr_cqb_cover_left_crouch_pstl_fast_exitfull_2
xanim,#sdr_cqb_cover_left_crouch_pstl_fast_exitfull_3
xanim,#sdr_cqb_cover_left_crouch_pstl_fast_exitfull_4
xanim,#sdr_cqb_cover_left_crouch_pstl_fast_exitfull_6
xanim,#sdr_cqb_cover_left_crouch_pstl_fast_exitfull_7
xanim,#sdr_cqb_cover_left_crouch_pstl_fast_exitfull_8l
xanim,#sdr_cqb_cover_left_crouch_pstl_fast_exitfull_8r
xanim,#sdr_cqb_cover_left_crouch_pstl_fast_exitfull_9
xanim,#sdr_cqb_cover_left_crouch_pstl_walk_arrival_l_1
xanim,#sdr_cqb_cover_left_crouch_pstl_walk_arrival_l_2
xanim,#sdr_cqb_cover_left_crouch_pstl_walk_arrival_l_3
xanim,#sdr_cqb_cover_left_crouch_pstl_walk_arrival_l_4
xanim,#sdr_cqb_cover_left_crouch_pstl_walk_arrival_l_6
xanim,#sdr_cqb_cover_left_crouch_pstl_walk_arrival_l_7
xanim,#sdr_cqb_cover_left_crouch_pstl_walk_arrival_l_8
xanim,#sdr_cqb_cover_left_crouch_pstl_walk_arrival_l_8l
xanim,#sdr_cqb_cover_left_crouch_pstl_walk_arrival_l_8r
xanim,#sdr_cqb_cover_left_crouch_pstl_walk_arrival_r_1
xanim,#sdr_cqb_cover_left_crouch_pstl_walk_arrival_r_2
xanim,#sdr_cqb_cover_left_crouch_pstl_walk_arrival_r_3
xanim,#sdr_cqb_cover_left_crouch_pstl_walk_arrival_r_4
xanim,#sdr_cqb_cover_left_crouch_pstl_walk_arrival_r_6
xanim,#sdr_cqb_cover_left_crouch_pstl_walk_arrival_r_7
xanim,#sdr_cqb_cover_left_crouch_pstl_walk_arrival_r_8
xanim,#sdr_cqb_cover_left_crouch_pstl_walk_arrival_r_8l
xanim,#sdr_cqb_cover_left_crouch_pstl_walk_arrival_r_8r
xanim,#sdr_cqb_cover_left_crouch_pstl_walk_exit_1
xanim,#sdr_cqb_cover_left_crouch_pstl_walk_exit_2
xanim,#sdr_cqb_cover_left_crouch_pstl_walk_exit_3
xanim,#sdr_cqb_cover_left_crouch_pstl_walk_exit_4
xanim,#sdr_cqb_cover_left_crouch_pstl_walk_exit_6
xanim,#sdr_cqb_cover_left_crouch_pstl_walk_exit_7
xanim,#sdr_cqb_cover_left_crouch_pstl_walk_exit_8l
xanim,#sdr_cqb_cover_left_crouch_pstl_walk_exit_8r
xanim,#sdr_cqb_cover_left_crouch_pstl_walk_exit_9
xanim,#sdr_cqb_cover_left_crouch_pstl_walk_exitfull_1
xanim,#sdr_cqb_cover_left_crouch_pstl_walk_exitfull_2
xanim,#sdr_cqb_cover_left_crouch_pstl_walk_exitfull_3
xanim,#sdr_cqb_cover_left_crouch_pstl_walk_exitfull_4
xanim,#sdr_cqb_cover_left_crouch_pstl_walk_exitfull_6
xanim,#sdr_cqb_cover_left_crouch_pstl_walk_exitfull_7
xanim,#sdr_cqb_cover_left_crouch_pstl_walk_exitfull_8l
xanim,#sdr_cqb_cover_left_crouch_pstl_walk_exitfull_8r
xanim,#sdr_cqb_cover_left_crouch_pstl_walk_exitfull_9
xanim,#sdr_cqb_cover_left_stand_pstl_fast_arrival_l_1
xanim,#sdr_cqb_cover_left_stand_pstl_fast_arrival_l_2
xanim,#sdr_cqb_cover_left_stand_pstl_fast_arrival_l_3
xanim,#sdr_cqb_cover_left_stand_pstl_fast_arrival_l_4
xanim,#sdr_cqb_cover_left_stand_pstl_fast_arrival_l_6
xanim,#sdr_cqb_cover_left_stand_pstl_fast_arrival_l_7
xanim,#sdr_cqb_cover_left_stand_pstl_fast_arrival_l_8
xanim,#sdr_cqb_cover_left_stand_pstl_fast_arrival_l_8l
xanim,#sdr_cqb_cover_left_stand_pstl_fast_arrival_l_8r
xanim,#sdr_cqb_cover_left_stand_pstl_fast_arrival_r_1
xanim,#sdr_cqb_cover_left_stand_pstl_fast_arrival_r_2
xanim,#sdr_cqb_cover_left_stand_pstl_fast_arrival_r_3
xanim,#sdr_cqb_cover_left_stand_pstl_fast_arrival_r_4
xanim,#sdr_cqb_cover_left_stand_pstl_fast_arrival_r_6
xanim,#sdr_cqb_cover_left_stand_pstl_fast_arrival_r_7
xanim,#sdr_cqb_cover_left_stand_pstl_fast_arrival_r_8
xanim,#sdr_cqb_cover_left_stand_pstl_fast_exit_1
xanim,#sdr_cqb_cover_left_stand_pstl_fast_exit_2
xanim,#sdr_cqb_cover_left_stand_pstl_fast_exit_3
xanim,#sdr_cqb_cover_left_stand_pstl_fast_exit_4
xanim,#sdr_cqb_cover_left_stand_pstl_fast_exit_6
xanim,#sdr_cqb_cover_left_stand_pstl_fast_exit_7
xanim,#sdr_cqb_cover_left_stand_pstl_fast_exit_8l
xanim,#sdr_cqb_cover_left_stand_pstl_fast_exit_8r
xanim,#sdr_cqb_cover_left_stand_pstl_fast_exit_9
xanim,#sdr_cqb_cover_left_stand_pstl_fast_exitfull_1
xanim,#sdr_cqb_cover_left_stand_pstl_fast_exitfull_2
xanim,#sdr_cqb_cover_left_stand_pstl_fast_exitfull_3
xanim,#sdr_cqb_cover_left_stand_pstl_fast_exitfull_4
xanim,#sdr_cqb_cover_left_stand_pstl_fast_exitfull_6
xanim,#sdr_cqb_cover_left_stand_pstl_fast_exitfull_7
xanim,#sdr_cqb_cover_left_stand_pstl_fast_exitfull_8l
xanim,#sdr_cqb_cover_left_stand_pstl_fast_exitfull_8r
xanim,#sdr_cqb_cover_left_stand_pstl_fast_exitfull_9
xanim,#sdr_cqb_cover_left_stand_pstl_walk_arrival_l_1
xanim,#sdr_cqb_cover_left_stand_pstl_walk_arrival_l_2
xanim,#sdr_cqb_cover_left_stand_pstl_walk_arrival_l_3
xanim,#sdr_cqb_cover_left_stand_pstl_walk_arrival_l_4
xanim,#sdr_cqb_cover_left_stand_pstl_walk_arrival_l_6
xanim,#sdr_cqb_cover_left_stand_pstl_walk_arrival_l_7
xanim,#sdr_cqb_cover_left_stand_pstl_walk_arrival_l_8
xanim,#sdr_cqb_cover_left_stand_pstl_walk_arrival_l_8l
xanim,#sdr_cqb_cover_left_stand_pstl_walk_arrival_l_8r
xanim,#sdr_cqb_cover_left_stand_pstl_walk_arrival_r_1
xanim,#sdr_cqb_cover_left_stand_pstl_walk_arrival_r_2
xanim,#sdr_cqb_cover_left_stand_pstl_walk_arrival_r_3
xanim,#sdr_cqb_cover_left_stand_pstl_walk_arrival_r_4
xanim,#sdr_cqb_cover_left_stand_pstl_walk_arrival_r_6
xanim,#sdr_cqb_cover_left_stand_pstl_walk_arrival_r_7
xanim,#sdr_cqb_cover_left_stand_pstl_walk_arrival_r_8
xanim,#sdr_cqb_cover_left_stand_pstl_walk_arrival_r_8l
xanim,#sdr_cqb_cover_left_stand_pstl_walk_arrival_r_8r
xanim,#sdr_cqb_cover_left_stand_pstl_walk_exit_1
xanim,#sdr_cqb_cover_left_stand_pstl_walk_exit_2
xanim,#sdr_cqb_cover_left_stand_pstl_walk_exit_3
xanim,#sdr_cqb_cover_left_stand_pstl_walk_exit_4
xanim,#sdr_cqb_cover_left_stand_pstl_walk_exit_6
xanim,#sdr_cqb_cover_left_stand_pstl_walk_exit_7
xanim,#sdr_cqb_cover_left_stand_pstl_walk_exit_8l
xanim,#sdr_cqb_cover_left_stand_pstl_walk_exit_8r
xanim,#sdr_cqb_cover_left_stand_pstl_walk_exit_9
xanim,#sdr_cqb_cover_left_stand_pstl_walk_exitfull_1
xanim,#sdr_cqb_cover_left_stand_pstl_walk_exitfull_2
xanim,#sdr_cqb_cover_left_stand_pstl_walk_exitfull_3
xanim,#sdr_cqb_cover_left_stand_pstl_walk_exitfull_4
xanim,#sdr_cqb_cover_left_stand_pstl_walk_exitfull_6
xanim,#sdr_cqb_cover_left_stand_pstl_walk_exitfull_7
xanim,#sdr_cqb_cover_left_stand_pstl_walk_exitfull_8l
xanim,#sdr_cqb_cover_left_stand_pstl_walk_exitfull_8r
xanim,#sdr_cqb_cover_left_stand_pstl_walk_exitfull_9
xanim,#sdr_cqb_cover_right_crouch_pstl_fast_arrival_l_1
xanim,#sdr_cqb_cover_right_crouch_pstl_fast_arrival_l_2
xanim,#sdr_cqb_cover_right_crouch_pstl_fast_arrival_l_3
xanim,#sdr_cqb_cover_right_crouch_pstl_fast_arrival_l_4
xanim,#sdr_cqb_cover_right_crouch_pstl_fast_arrival_l_6
xanim,#sdr_cqb_cover_right_crouch_pstl_fast_arrival_l_8
xanim,#sdr_cqb_cover_right_crouch_pstl_fast_arrival_l_8l
xanim,#sdr_cqb_cover_right_crouch_pstl_fast_arrival_l_8r
xanim,#sdr_cqb_cover_right_crouch_pstl_fast_arrival_l_9
xanim,#sdr_cqb_cover_right_crouch_pstl_fast_arrival_r_1
xanim,#sdr_cqb_cover_right_crouch_pstl_fast_arrival_r_2
xanim,#sdr_cqb_cover_right_crouch_pstl_fast_arrival_r_3
xanim,#sdr_cqb_cover_right_crouch_pstl_fast_arrival_r_4
xanim,#sdr_cqb_cover_right_crouch_pstl_fast_arrival_r_6
xanim,#sdr_cqb_cover_right_crouch_pstl_fast_arrival_r_8
xanim,#sdr_cqb_cover_right_crouch_pstl_fast_arrival_r_8l
xanim,#sdr_cqb_cover_right_crouch_pstl_fast_arrival_r_8r
xanim,#sdr_cqb_cover_right_crouch_pstl_fast_arrival_r_9
xanim,#sdr_cqb_cover_right_crouch_pstl_fast_exit_1
xanim,#sdr_cqb_cover_right_crouch_pstl_fast_exit_2
xanim,#sdr_cqb_cover_right_crouch_pstl_fast_exit_3
xanim,#sdr_cqb_cover_right_crouch_pstl_fast_exit_4
xanim,#sdr_cqb_cover_right_crouch_pstl_fast_exit_6
xanim,#sdr_cqb_cover_right_crouch_pstl_fast_exit_7
xanim,#sdr_cqb_cover_right_crouch_pstl_fast_exit_8l
xanim,#sdr_cqb_cover_right_crouch_pstl_fast_exit_8r
xanim,#sdr_cqb_cover_right_crouch_pstl_fast_exit_9
xanim,#sdr_cqb_cover_right_crouch_pstl_fast_exitfull_1
xanim,#sdr_cqb_cover_right_crouch_pstl_fast_exitfull_2
xanim,#sdr_cqb_cover_right_crouch_pstl_fast_exitfull_3
xanim,#sdr_cqb_cover_right_crouch_pstl_fast_exitfull_4
xanim,#sdr_cqb_cover_right_crouch_pstl_fast_exitfull_6
xanim,#sdr_cqb_cover_right_crouch_pstl_fast_exitfull_7
xanim,#sdr_cqb_cover_right_crouch_pstl_fast_exitfull_8l
xanim,#sdr_cqb_cover_right_crouch_pstl_fast_exitfull_8r
xanim,#sdr_cqb_cover_right_crouch_pstl_fast_exitfull_9
xanim,#sdr_cqb_cover_right_crouch_pstl_walk_arrival_l_1
xanim,#sdr_cqb_cover_right_crouch_pstl_walk_arrival_l_2
xanim,#sdr_cqb_cover_right_crouch_pstl_walk_arrival_l_3
xanim,#sdr_cqb_cover_right_crouch_pstl_walk_arrival_l_4
xanim,#sdr_cqb_cover_right_crouch_pstl_walk_arrival_l_6
xanim,#sdr_cqb_cover_right_crouch_pstl_walk_arrival_l_8
xanim,#sdr_cqb_cover_right_crouch_pstl_walk_arrival_l_8l
xanim,#sdr_cqb_cover_right_crouch_pstl_walk_arrival_l_8r
xanim,#sdr_cqb_cover_right_crouch_pstl_walk_arrival_l_9
xanim,#sdr_cqb_cover_right_crouch_pstl_walk_arrival_r_1
xanim,#sdr_cqb_cover_right_crouch_pstl_walk_arrival_r_2
xanim,#sdr_cqb_cover_right_crouch_pstl_walk_arrival_r_3
xanim,#sdr_cqb_cover_right_crouch_pstl_walk_arrival_r_4
xanim,#sdr_cqb_cover_right_crouch_pstl_walk_arrival_r_6
xanim,#sdr_cqb_cover_right_crouch_pstl_walk_arrival_r_8
xanim,#sdr_cqb_cover_right_crouch_pstl_walk_arrival_r_8l
xanim,#sdr_cqb_cover_right_crouch_pstl_walk_arrival_r_8r
xanim,#sdr_cqb_cover_right_crouch_pstl_walk_arrival_r_9
xanim,#sdr_cqb_cover_right_crouch_pstl_walk_exit_1
xanim,#sdr_cqb_cover_right_crouch_pstl_walk_exit_2
xanim,#sdr_cqb_cover_right_crouch_pstl_walk_exit_3
xanim,#sdr_cqb_cover_right_crouch_pstl_walk_exit_4
xanim,#sdr_cqb_cover_right_crouch_pstl_walk_exit_6
xanim,#sdr_cqb_cover_right_crouch_pstl_walk_exit_7
xanim,#sdr_cqb_cover_right_crouch_pstl_walk_exit_8l
xanim,#sdr_cqb_cover_right_crouch_pstl_walk_exit_8r
xanim,#sdr_cqb_cover_right_crouch_pstl_walk_exit_9
xanim,#sdr_cqb_cover_right_crouch_pstl_walk_exitfull_1
xanim,#sdr_cqb_cover_right_crouch_pstl_walk_exitfull_2
xanim,#sdr_cqb_cover_right_crouch_pstl_walk_exitfull_3
xanim,#sdr_cqb_cover_right_crouch_pstl_walk_exitfull_4
xanim,#sdr_cqb_cover_right_crouch_pstl_walk_exitfull_6
xanim,#sdr_cqb_cover_right_crouch_pstl_walk_exitfull_7
xanim,#sdr_cqb_cover_right_crouch_pstl_walk_exitfull_8l
xanim,#sdr_cqb_cover_right_crouch_pstl_walk_exitfull_8r
xanim,#sdr_cqb_cover_right_crouch_pstl_walk_exitfull_9
xanim,#sdr_cqb_cover_right_stand_pstl_fast_arrival_l_1
xanim,#sdr_cqb_cover_right_stand_pstl_fast_arrival_l_2
xanim,#sdr_cqb_cover_right_stand_pstl_fast_arrival_l_3
xanim,#sdr_cqb_cover_right_stand_pstl_fast_arrival_l_4
xanim,#sdr_cqb_cover_right_stand_pstl_fast_arrival_l_6
xanim,#sdr_cqb_cover_right_stand_pstl_fast_arrival_l_8
xanim,#sdr_cqb_cover_right_stand_pstl_fast_arrival_l_8l
xanim,#sdr_cqb_cover_right_stand_pstl_fast_arrival_l_8r
xanim,#sdr_cqb_cover_right_stand_pstl_fast_arrival_l_9
xanim,#sdr_cqb_cover_right_stand_pstl_fast_arrival_r_1
xanim,#sdr_cqb_cover_right_stand_pstl_fast_arrival_r_2
xanim,#sdr_cqb_cover_right_stand_pstl_fast_arrival_r_3
xanim,#sdr_cqb_cover_right_stand_pstl_fast_arrival_r_4
xanim,#sdr_cqb_cover_right_stand_pstl_fast_arrival_r_6
xanim,#sdr_cqb_cover_right_stand_pstl_fast_arrival_r_8
xanim,#sdr_cqb_cover_right_stand_pstl_fast_arrival_r_8l
xanim,#sdr_cqb_cover_right_stand_pstl_fast_arrival_r_8r
xanim,#sdr_cqb_cover_right_stand_pstl_fast_arrival_r_9
xanim,#sdr_cqb_cover_right_stand_pstl_fast_exit_1
xanim,#sdr_cqb_cover_right_stand_pstl_fast_exit_2
xanim,#sdr_cqb_cover_right_stand_pstl_fast_exit_3
xanim,#sdr_cqb_cover_right_stand_pstl_fast_exit_4
xanim,#sdr_cqb_cover_right_stand_pstl_fast_exit_6
xanim,#sdr_cqb_cover_right_stand_pstl_fast_exit_7
xanim,#sdr_cqb_cover_right_stand_pstl_fast_exit_8l
xanim,#sdr_cqb_cover_right_stand_pstl_fast_exit_8r
xanim,#sdr_cqb_cover_right_stand_pstl_fast_exit_9
xanim,#sdr_cqb_cover_right_stand_pstl_fast_exitfull_1
xanim,#sdr_cqb_cover_right_stand_pstl_fast_exitfull_2
xanim,#sdr_cqb_cover_right_stand_pstl_fast_exitfull_3
xanim,#sdr_cqb_cover_right_stand_pstl_fast_exitfull_4
xanim,#sdr_cqb_cover_right_stand_pstl_fast_exitfull_6
xanim,#sdr_cqb_cover_right_stand_pstl_fast_exitfull_7
xanim,#sdr_cqb_cover_right_stand_pstl_fast_exitfull_8l
xanim,#sdr_cqb_cover_right_stand_pstl_fast_exitfull_8r
xanim,#sdr_cqb_cover_right_stand_pstl_fast_exitfull_9
xanim,#sdr_cqb_cover_right_stand_pstl_walk_arrival_l_1
xanim,#sdr_cqb_cover_right_stand_pstl_walk_arrival_l_2
xanim,#sdr_cqb_cover_right_stand_pstl_walk_arrival_l_3
xanim,#sdr_cqb_cover_right_stand_pstl_walk_arrival_l_4
xanim,#sdr_cqb_cover_right_stand_pstl_walk_arrival_l_6
xanim,#sdr_cqb_cover_right_stand_pstl_walk_arrival_l_8l
xanim,#sdr_cqb_cover_right_stand_pstl_walk_arrival_l_8r
xanim,#sdr_cqb_cover_right_stand_pstl_walk_arrival_l_9
xanim,#sdr_cqb_cover_right_stand_pstl_walk_arrival_r_1
xanim,#sdr_cqb_cover_right_stand_pstl_walk_arrival_r_2
xanim,#sdr_cqb_cover_right_stand_pstl_walk_arrival_r_3
xanim,#sdr_cqb_cover_right_stand_pstl_walk_arrival_r_4
xanim,#sdr_cqb_cover_right_stand_pstl_walk_arrival_r_6
xanim,#sdr_cqb_cover_right_stand_pstl_walk_arrival_r_8l
xanim,#sdr_cqb_cover_right_stand_pstl_walk_arrival_r_8r
xanim,#sdr_cqb_cover_right_stand_pstl_walk_arrival_r_9
xanim,#sdr_cqb_cover_right_stand_pstl_walk_exit_1
xanim,#sdr_cqb_cover_right_stand_pstl_walk_exit_2
xanim,#sdr_cqb_cover_right_stand_pstl_walk_exit_3
xanim,#sdr_cqb_cover_right_stand_pstl_walk_exit_4
xanim,#sdr_cqb_cover_right_stand_pstl_walk_exit_6
xanim,#sdr_cqb_cover_right_stand_pstl_walk_exit_7
xanim,#sdr_cqb_cover_right_stand_pstl_walk_exit_8l
xanim,#sdr_cqb_cover_right_stand_pstl_walk_exit_8r
xanim,#sdr_cqb_cover_right_stand_pstl_walk_exit_9
xanim,#sdr_cqb_cover_right_stand_pstl_walk_exitfull_1
xanim,#sdr_cqb_cover_right_stand_pstl_walk_exitfull_2
xanim,#sdr_cqb_cover_right_stand_pstl_walk_exitfull_3
xanim,#sdr_cqb_cover_right_stand_pstl_walk_exitfull_4
xanim,#sdr_cqb_cover_right_stand_pstl_walk_exitfull_6
xanim,#sdr_cqb_cover_right_stand_pstl_walk_exitfull_7
xanim,#sdr_cqb_cover_right_stand_pstl_walk_exitfull_8l
xanim,#sdr_cqb_cover_right_stand_pstl_walk_exitfull_8r
xanim,#sdr_cqb_cover_right_stand_pstl_walk_exitfull_9
xanim,#sdr_cqb_cover_stand_pstl_fast_arrival_l_1
xanim,#sdr_cqb_cover_stand_pstl_fast_arrival_l_2
xanim,#sdr_cqb_cover_stand_pstl_fast_arrival_l_3
xanim,#sdr_cqb_cover_stand_pstl_fast_arrival_l_4
xanim,#sdr_cqb_cover_stand_pstl_fast_arrival_l_6
xanim,#sdr_cqb_cover_stand_pstl_fast_arrival_r_1
xanim,#sdr_cqb_cover_stand_pstl_fast_arrival_r_2
xanim,#sdr_cqb_cover_stand_pstl_fast_arrival_r_3
xanim,#sdr_cqb_cover_stand_pstl_fast_arrival_r_4
xanim,#sdr_cqb_cover_stand_pstl_fast_arrival_r_6
xanim,#sdr_cqb_cover_stand_pstl_fast_exit_1
xanim,#sdr_cqb_cover_stand_pstl_fast_exit_2
xanim,#sdr_cqb_cover_stand_pstl_fast_exit_3
xanim,#sdr_cqb_cover_stand_pstl_fast_exit_4
xanim,#sdr_cqb_cover_stand_pstl_fast_exit_6
xanim,#sdr_cqb_cover_stand_pstl_fast_exit_7
xanim,#sdr_cqb_cover_stand_pstl_fast_exit_8l
xanim,#sdr_cqb_cover_stand_pstl_fast_exit_8r
xanim,#sdr_cqb_cover_stand_pstl_fast_exit_9
xanim,#sdr_cqb_cover_stand_pstl_fast_exitfull_1
xanim,#sdr_cqb_cover_stand_pstl_fast_exitfull_2
xanim,#sdr_cqb_cover_stand_pstl_fast_exitfull_3
xanim,#sdr_cqb_cover_stand_pstl_fast_exitfull_4
xanim,#sdr_cqb_cover_stand_pstl_fast_exitfull_6
xanim,#sdr_cqb_cover_stand_pstl_fast_exitfull_7
xanim,#sdr_cqb_cover_stand_pstl_fast_exitfull_8l
xanim,#sdr_cqb_cover_stand_pstl_fast_exitfull_8r
xanim,#sdr_cqb_cover_stand_pstl_fast_exitfull_9
xanim,#sdr_cqb_cover_stand_pstl_walk_arrival_l_1
xanim,#sdr_cqb_cover_stand_pstl_walk_arrival_l_2
xanim,#sdr_cqb_cover_stand_pstl_walk_arrival_l_3
xanim,#sdr_cqb_cover_stand_pstl_walk_arrival_l_4
xanim,#sdr_cqb_cover_stand_pstl_walk_arrival_l_6
xanim,#sdr_cqb_cover_stand_pstl_walk_arrival_r_1
xanim,#sdr_cqb_cover_stand_pstl_walk_arrival_r_2
xanim,#sdr_cqb_cover_stand_pstl_walk_arrival_r_3
xanim,#sdr_cqb_cover_stand_pstl_walk_arrival_r_4
xanim,#sdr_cqb_cover_stand_pstl_walk_arrival_r_6
xanim,#sdr_cqb_cover_stand_pstl_walk_exit_1
xanim,#sdr_cqb_cover_stand_pstl_walk_exit_2
xanim,#sdr_cqb_cover_stand_pstl_walk_exit_3
xanim,#sdr_cqb_cover_stand_pstl_walk_exit_4
xanim,#sdr_cqb_cover_stand_pstl_walk_exit_6
xanim,#sdr_cqb_cover_stand_pstl_walk_exit_7
xanim,#sdr_cqb_cover_stand_pstl_walk_exit_8l
xanim,#sdr_cqb_cover_stand_pstl_walk_exit_8r
xanim,#sdr_cqb_cover_stand_pstl_walk_exit_9
xanim,#sdr_cqb_cover_stand_pstl_walk_exitfull_1
xanim,#sdr_cqb_cover_stand_pstl_walk_exitfull_2
xanim,#sdr_cqb_cover_stand_pstl_walk_exitfull_3
xanim,#sdr_cqb_cover_stand_pstl_walk_exitfull_4
xanim,#sdr_cqb_cover_stand_pstl_walk_exitfull_6
xanim,#sdr_cqb_cover_stand_pstl_walk_exitfull_7
xanim,#sdr_cqb_cover_stand_pstl_walk_exitfull_8l
xanim,#sdr_cqb_cover_stand_pstl_walk_exitfull_8r
xanim,#sdr_cqb_cover_stand_pstl_walk_exitfull_9
xanim,#sdr_cqb_crouch_pstl_walk01
xanim,#sdr_cqb_exp_interior_pstl_ads
xanim,#sdr_cqb_exp_interior_pstl_gun_down
xanim,#sdr_cqb_exp_interior_pstl_nvg_ads
xanim,#sdr_cqb_exp_interior_pstl_ready
xanim,#sdr_cqb_exposed_crouch_pstl_fast_arrival_l_1
xanim,#sdr_cqb_exposed_crouch_pstl_fast_arrival_l_2
xanim,#sdr_cqb_exposed_crouch_pstl_fast_arrival_l_3
xanim,#sdr_cqb_exposed_crouch_pstl_fast_arrival_l_4
xanim,#sdr_cqb_exposed_crouch_pstl_fast_arrival_l_6
xanim,#sdr_cqb_exposed_crouch_pstl_fast_arrival_l_7
xanim,#sdr_cqb_exposed_crouch_pstl_fast_arrival_l_8
xanim,#sdr_cqb_exposed_crouch_pstl_fast_arrival_l_9
xanim,#sdr_cqb_exposed_crouch_pstl_fast_arrival_r_1
xanim,#sdr_cqb_exposed_crouch_pstl_fast_arrival_r_2
xanim,#sdr_cqb_exposed_crouch_pstl_fast_arrival_r_3
xanim,#sdr_cqb_exposed_crouch_pstl_fast_arrival_r_4
xanim,#sdr_cqb_exposed_crouch_pstl_fast_arrival_r_6
xanim,#sdr_cqb_exposed_crouch_pstl_fast_arrival_r_7
xanim,#sdr_cqb_exposed_crouch_pstl_fast_arrival_r_8
xanim,#sdr_cqb_exposed_crouch_pstl_fast_arrival_r_9
xanim,#sdr_cqb_exposed_crouch_pstl_fast_exit_1
xanim,#sdr_cqb_exposed_crouch_pstl_fast_exit_2
xanim,#sdr_cqb_exposed_crouch_pstl_fast_exit_3
xanim,#sdr_cqb_exposed_crouch_pstl_fast_exit_4
xanim,#sdr_cqb_exposed_crouch_pstl_fast_exit_6
xanim,#sdr_cqb_exposed_crouch_pstl_fast_exit_7
xanim,#sdr_cqb_exposed_crouch_pstl_fast_exit_8
xanim,#sdr_cqb_exposed_crouch_pstl_fast_exit_9
xanim,#sdr_cqb_exposed_crouch_pstl_fast_exitfull_1
xanim,#sdr_cqb_exposed_crouch_pstl_fast_exitfull_2
xanim,#sdr_cqb_exposed_crouch_pstl_fast_exitfull_3
xanim,#sdr_cqb_exposed_crouch_pstl_fast_exitfull_4
xanim,#sdr_cqb_exposed_crouch_pstl_fast_exitfull_6
xanim,#sdr_cqb_exposed_crouch_pstl_fast_exitfull_7
xanim,#sdr_cqb_exposed_crouch_pstl_fast_exitfull_8
xanim,#sdr_cqb_exposed_crouch_pstl_fast_exitfull_9
xanim,#sdr_cqb_exposed_crouch_pstl_walk_arrival_l_1
xanim,#sdr_cqb_exposed_crouch_pstl_walk_arrival_l_2
xanim,#sdr_cqb_exposed_crouch_pstl_walk_arrival_l_3
xanim,#sdr_cqb_exposed_crouch_pstl_walk_arrival_l_4
xanim,#sdr_cqb_exposed_crouch_pstl_walk_arrival_l_6
xanim,#sdr_cqb_exposed_crouch_pstl_walk_arrival_l_7
xanim,#sdr_cqb_exposed_crouch_pstl_walk_arrival_l_8
xanim,#sdr_cqb_exposed_crouch_pstl_walk_arrival_l_9
xanim,#sdr_cqb_exposed_crouch_pstl_walk_arrival_r_1
xanim,#sdr_cqb_exposed_crouch_pstl_walk_arrival_r_2
xanim,#sdr_cqb_exposed_crouch_pstl_walk_arrival_r_3
xanim,#sdr_cqb_exposed_crouch_pstl_walk_arrival_r_4
xanim,#sdr_cqb_exposed_crouch_pstl_walk_arrival_r_6
xanim,#sdr_cqb_exposed_crouch_pstl_walk_arrival_r_7
xanim,#sdr_cqb_exposed_crouch_pstl_walk_arrival_r_8
xanim,#sdr_cqb_exposed_crouch_pstl_walk_arrival_r_9
xanim,#sdr_cqb_exposed_crouch_pstl_walk_exit_1
xanim,#sdr_cqb_exposed_crouch_pstl_walk_exit_2
xanim,#sdr_cqb_exposed_crouch_pstl_walk_exit_3
xanim,#sdr_cqb_exposed_crouch_pstl_walk_exit_4
xanim,#sdr_cqb_exposed_crouch_pstl_walk_exit_6
xanim,#sdr_cqb_exposed_crouch_pstl_walk_exit_7
xanim,#sdr_cqb_exposed_crouch_pstl_walk_exit_8
xanim,#sdr_cqb_exposed_crouch_pstl_walk_exit_9
xanim,#sdr_cqb_exposed_crouch_pstl_walk_exitfull_1
xanim,#sdr_cqb_exposed_crouch_pstl_walk_exitfull_2
xanim,#sdr_cqb_exposed_crouch_pstl_walk_exitfull_3
xanim,#sdr_cqb_exposed_crouch_pstl_walk_exitfull_4
xanim,#sdr_cqb_exposed_crouch_pstl_walk_exitfull_6
xanim,#sdr_cqb_exposed_crouch_pstl_walk_exitfull_7
xanim,#sdr_cqb_exposed_crouch_pstl_walk_exitfull_8
xanim,#sdr_cqb_exposed_crouch_pstl_walk_exitfull_9
xanim,#sdr_cqb_exposed_idle_pstl_lookaround01
xanim,#sdr_cqb_exposed_idle_pstl_lookaround02
xanim,#sdr_cqb_exposed_idle_pstl_lookaround03
xanim,#sdr_cqb_exposed_idle_pstl_lookaround04
xanim,#sdr_cqb_exposed_idle_pstl_lookaround05
xanim,#sdr_cqb_exposed_lmg_fast_arrival_l_1
xanim,#sdr_cqb_exposed_lmg_fast_arrival_l_2
xanim,#sdr_cqb_exposed_lmg_fast_arrival_l_3
xanim,#sdr_cqb_exposed_lmg_fast_arrival_l_4
xanim,#sdr_cqb_exposed_lmg_fast_arrival_l_6
xanim,#sdr_cqb_exposed_lmg_fast_arrival_l_7
xanim,#sdr_cqb_exposed_lmg_fast_arrival_l_8
xanim,#sdr_cqb_exposed_lmg_fast_arrival_l_9
xanim,#sdr_cqb_exposed_lmg_fast_arrival_r_1
xanim,#sdr_cqb_exposed_lmg_fast_arrival_r_2
xanim,#sdr_cqb_exposed_lmg_fast_arrival_r_3
xanim,#sdr_cqb_exposed_lmg_fast_arrival_r_4
xanim,#sdr_cqb_exposed_lmg_fast_arrival_r_6
xanim,#sdr_cqb_exposed_lmg_fast_arrival_r_7
xanim,#sdr_cqb_exposed_lmg_fast_arrival_r_8
xanim,#sdr_cqb_exposed_lmg_fast_arrival_r_9
xanim,#sdr_cqb_exposed_lmg_fast_exit_1
xanim,#sdr_cqb_exposed_lmg_fast_exit_2
xanim,#sdr_cqb_exposed_lmg_fast_exit_3
xanim,#sdr_cqb_exposed_lmg_fast_exit_4
xanim,#sdr_cqb_exposed_lmg_fast_exit_6
xanim,#sdr_cqb_exposed_lmg_fast_exit_7
xanim,#sdr_cqb_exposed_lmg_fast_exit_8
xanim,#sdr_cqb_exposed_lmg_fast_exit_9
xanim,#sdr_cqb_exposed_lmg_walk_arrival_l_1
xanim,#sdr_cqb_exposed_lmg_walk_arrival_l_2
xanim,#sdr_cqb_exposed_lmg_walk_arrival_l_3
xanim,#sdr_cqb_exposed_lmg_walk_arrival_l_4
xanim,#sdr_cqb_exposed_lmg_walk_arrival_l_6
xanim,#sdr_cqb_exposed_lmg_walk_arrival_l_7
xanim,#sdr_cqb_exposed_lmg_walk_arrival_l_8
xanim,#sdr_cqb_exposed_lmg_walk_arrival_l_9
xanim,#sdr_cqb_exposed_lmg_walk_arrival_r_1
xanim,#sdr_cqb_exposed_lmg_walk_arrival_r_2
xanim,#sdr_cqb_exposed_lmg_walk_arrival_r_3
xanim,#sdr_cqb_exposed_lmg_walk_arrival_r_4
xanim,#sdr_cqb_exposed_lmg_walk_arrival_r_6
xanim,#sdr_cqb_exposed_lmg_walk_arrival_r_7
xanim,#sdr_cqb_exposed_lmg_walk_arrival_r_8
xanim,#sdr_cqb_exposed_lmg_walk_arrival_r_9
xanim,#sdr_cqb_exposed_lmg_walk_exit_1
xanim,#sdr_cqb_exposed_lmg_walk_exit_2
xanim,#sdr_cqb_exposed_lmg_walk_exit_3
xanim,#sdr_cqb_exposed_lmg_walk_exit_4
xanim,#sdr_cqb_exposed_lmg_walk_exit_6
xanim,#sdr_cqb_exposed_lmg_walk_exit_7
xanim,#sdr_cqb_exposed_lmg_walk_exit_8
xanim,#sdr_cqb_exposed_lmg_walk_exit_9
xanim,#sdr_cqb_exposed_prone_pstl_fast_arrival_l_1
xanim,#sdr_cqb_exposed_prone_pstl_fast_arrival_l_2
xanim,#sdr_cqb_exposed_prone_pstl_fast_arrival_l_3
xanim,#sdr_cqb_exposed_prone_pstl_fast_arrival_l_4
xanim,#sdr_cqb_exposed_prone_pstl_fast_arrival_l_6
xanim,#sdr_cqb_exposed_prone_pstl_fast_arrival_l_7
xanim,#sdr_cqb_exposed_prone_pstl_fast_arrival_l_8
xanim,#sdr_cqb_exposed_prone_pstl_fast_arrival_l_9
xanim,#sdr_cqb_exposed_prone_pstl_fast_arrival_r_1
xanim,#sdr_cqb_exposed_prone_pstl_fast_arrival_r_2
xanim,#sdr_cqb_exposed_prone_pstl_fast_arrival_r_3
xanim,#sdr_cqb_exposed_prone_pstl_fast_arrival_r_4
xanim,#sdr_cqb_exposed_prone_pstl_fast_arrival_r_6
xanim,#sdr_cqb_exposed_prone_pstl_fast_arrival_r_7
xanim,#sdr_cqb_exposed_prone_pstl_fast_arrival_r_8
xanim,#sdr_cqb_exposed_prone_pstl_fast_arrival_r_9
xanim,#sdr_cqb_exposed_prone_pstl_fast_exit_1
xanim,#sdr_cqb_exposed_prone_pstl_fast_exit_2
xanim,#sdr_cqb_exposed_prone_pstl_fast_exit_3
xanim,#sdr_cqb_exposed_prone_pstl_fast_exit_4
xanim,#sdr_cqb_exposed_prone_pstl_fast_exit_6
xanim,#sdr_cqb_exposed_prone_pstl_fast_exit_7
xanim,#sdr_cqb_exposed_prone_pstl_fast_exit_8
xanim,#sdr_cqb_exposed_prone_pstl_fast_exit_9
xanim,#sdr_cqb_exposed_prone_pstl_walk_arrival_l_1
xanim,#sdr_cqb_exposed_prone_pstl_walk_arrival_l_2
xanim,#sdr_cqb_exposed_prone_pstl_walk_arrival_l_3
xanim,#sdr_cqb_exposed_prone_pstl_walk_arrival_l_4
xanim,#sdr_cqb_exposed_prone_pstl_walk_arrival_l_6
xanim,#sdr_cqb_exposed_prone_pstl_walk_arrival_l_7
xanim,#sdr_cqb_exposed_prone_pstl_walk_arrival_l_8
xanim,#sdr_cqb_exposed_prone_pstl_walk_arrival_l_9
xanim,#sdr_cqb_exposed_prone_pstl_walk_arrival_r_1
xanim,#sdr_cqb_exposed_prone_pstl_walk_arrival_r_2
xanim,#sdr_cqb_exposed_prone_pstl_walk_arrival_r_3
xanim,#sdr_cqb_exposed_prone_pstl_walk_arrival_r_4
xanim,#sdr_cqb_exposed_prone_pstl_walk_arrival_r_6
xanim,#sdr_cqb_exposed_prone_pstl_walk_arrival_r_7
xanim,#sdr_cqb_exposed_prone_pstl_walk_arrival_r_8
xanim,#sdr_cqb_exposed_prone_pstl_walk_arrival_r_9
xanim,#sdr_cqb_exposed_prone_pstl_walk_exit_1
xanim,#sdr_cqb_exposed_prone_pstl_walk_exit_2
xanim,#sdr_cqb_exposed_prone_pstl_walk_exit_3
xanim,#sdr_cqb_exposed_prone_pstl_walk_exit_4
xanim,#sdr_cqb_exposed_prone_pstl_walk_exit_6
xanim,#sdr_cqb_exposed_prone_pstl_walk_exit_7
xanim,#sdr_cqb_exposed_prone_pstl_walk_exit_8
xanim,#sdr_cqb_exposed_prone_pstl_walk_exit_9
xanim,#sdr_cqb_exposed_pstl_fast_arrival_l_1
xanim,#sdr_cqb_exposed_pstl_fast_arrival_l_2
xanim,#sdr_cqb_exposed_pstl_fast_arrival_l_3
xanim,#sdr_cqb_exposed_pstl_fast_arrival_l_4
xanim,#sdr_cqb_exposed_pstl_fast_arrival_l_6
xanim,#sdr_cqb_exposed_pstl_fast_arrival_l_7
xanim,#sdr_cqb_exposed_pstl_fast_arrival_l_8
xanim,#sdr_cqb_exposed_pstl_fast_arrival_l_9
xanim,#sdr_cqb_exposed_pstl_fast_arrival_r_1
xanim,#sdr_cqb_exposed_pstl_fast_arrival_r_2
xanim,#sdr_cqb_exposed_pstl_fast_arrival_r_3
xanim,#sdr_cqb_exposed_pstl_fast_arrival_r_4
xanim,#sdr_cqb_exposed_pstl_fast_arrival_r_6
xanim,#sdr_cqb_exposed_pstl_fast_arrival_r_7
xanim,#sdr_cqb_exposed_pstl_fast_arrival_r_8
xanim,#sdr_cqb_exposed_pstl_fast_arrival_r_9
xanim,#sdr_cqb_exposed_pstl_fast_exit_1
xanim,#sdr_cqb_exposed_pstl_fast_exit_2
xanim,#sdr_cqb_exposed_pstl_fast_exit_3
xanim,#sdr_cqb_exposed_pstl_fast_exit_4
xanim,#sdr_cqb_exposed_pstl_fast_exit_6
xanim,#sdr_cqb_exposed_pstl_fast_exit_7
xanim,#sdr_cqb_exposed_pstl_fast_exit_8
xanim,#sdr_cqb_exposed_pstl_fast_exit_9
xanim,#sdr_cqb_exposed_pstl_fast_exitfull_1
xanim,#sdr_cqb_exposed_pstl_fast_exitfull_2
xanim,#sdr_cqb_exposed_pstl_fast_exitfull_3
xanim,#sdr_cqb_exposed_pstl_fast_exitfull_4
xanim,#sdr_cqb_exposed_pstl_fast_exitfull_6
xanim,#sdr_cqb_exposed_pstl_fast_exitfull_7
xanim,#sdr_cqb_exposed_pstl_fast_exitfull_8
xanim,#sdr_cqb_exposed_pstl_fast_exitfull_9
xanim,#sdr_cqb_exposed_pstl_shuffle_arrival_l_1
xanim,#sdr_cqb_exposed_pstl_shuffle_arrival_l_2
xanim,#sdr_cqb_exposed_pstl_shuffle_arrival_l_3
xanim,#sdr_cqb_exposed_pstl_shuffle_arrival_l_4
xanim,#sdr_cqb_exposed_pstl_shuffle_arrival_l_6
xanim,#sdr_cqb_exposed_pstl_shuffle_arrival_l_7
xanim,#sdr_cqb_exposed_pstl_shuffle_arrival_l_8
xanim,#sdr_cqb_exposed_pstl_shuffle_arrival_l_9
xanim,#sdr_cqb_exposed_pstl_shuffle_arrival_r_1
xanim,#sdr_cqb_exposed_pstl_shuffle_arrival_r_2
xanim,#sdr_cqb_exposed_pstl_shuffle_arrival_r_3
xanim,#sdr_cqb_exposed_pstl_shuffle_arrival_r_4
xanim,#sdr_cqb_exposed_pstl_shuffle_arrival_r_6
xanim,#sdr_cqb_exposed_pstl_shuffle_arrival_r_7
xanim,#sdr_cqb_exposed_pstl_shuffle_arrival_r_8
xanim,#sdr_cqb_exposed_pstl_shuffle_arrival_r_9
xanim,#sdr_cqb_exposed_pstl_shuffle_exit_1
xanim,#sdr_cqb_exposed_pstl_shuffle_exit_2
xanim,#sdr_cqb_exposed_pstl_shuffle_exit_3
xanim,#sdr_cqb_exposed_pstl_shuffle_exit_4
xanim,#sdr_cqb_exposed_pstl_shuffle_exit_6
xanim,#sdr_cqb_exposed_pstl_shuffle_exit_7
xanim,#sdr_cqb_exposed_pstl_shuffle_exit_8
xanim,#sdr_cqb_exposed_pstl_shuffle_exit_9
xanim,#sdr_cqb_exposed_pstl_shuffle_exitfull_1
xanim,#sdr_cqb_exposed_pstl_shuffle_exitfull_2
xanim,#sdr_cqb_exposed_pstl_shuffle_exitfull_3
xanim,#sdr_cqb_exposed_pstl_shuffle_exitfull_4
xanim,#sdr_cqb_exposed_pstl_shuffle_exitfull_6
xanim,#sdr_cqb_exposed_pstl_shuffle_exitfull_7
xanim,#sdr_cqb_exposed_pstl_shuffle_exitfull_8
xanim,#sdr_cqb_exposed_pstl_shuffle_exitfull_9
xanim,#sdr_cqb_exposed_pstl_walk_arrival_l_1
xanim,#sdr_cqb_exposed_pstl_walk_arrival_l_2
xanim,#sdr_cqb_exposed_pstl_walk_arrival_l_3
xanim,#sdr_cqb_exposed_pstl_walk_arrival_l_4
xanim,#sdr_cqb_exposed_pstl_walk_arrival_l_6
xanim,#sdr_cqb_exposed_pstl_walk_arrival_l_7
xanim,#sdr_cqb_exposed_pstl_walk_arrival_l_8
xanim,#sdr_cqb_exposed_pstl_walk_arrival_l_9
xanim,#sdr_cqb_exposed_pstl_walk_arrival_r_1
xanim,#sdr_cqb_exposed_pstl_walk_arrival_r_2
xanim,#sdr_cqb_exposed_pstl_walk_arrival_r_3
xanim,#sdr_cqb_exposed_pstl_walk_arrival_r_4
xanim,#sdr_cqb_exposed_pstl_walk_arrival_r_6
xanim,#sdr_cqb_exposed_pstl_walk_arrival_r_7
xanim,#sdr_cqb_exposed_pstl_walk_arrival_r_8
xanim,#sdr_cqb_exposed_pstl_walk_arrival_r_9
xanim,#sdr_cqb_exposed_pstl_walk_exit_1
xanim,#sdr_cqb_exposed_pstl_walk_exit_2
xanim,#sdr_cqb_exposed_pstl_walk_exit_3
xanim,#sdr_cqb_exposed_pstl_walk_exit_4
xanim,#sdr_cqb_exposed_pstl_walk_exit_6
xanim,#sdr_cqb_exposed_pstl_walk_exit_7
xanim,#sdr_cqb_exposed_pstl_walk_exit_8
xanim,#sdr_cqb_exposed_pstl_walk_exit_9
xanim,#sdr_cqb_exposed_pstl_walk_exitfull_1
xanim,#sdr_cqb_exposed_pstl_walk_exitfull_2
xanim,#sdr_cqb_exposed_pstl_walk_exitfull_3
xanim,#sdr_cqb_exposed_pstl_walk_exitfull_4
xanim,#sdr_cqb_exposed_pstl_walk_exitfull_6
xanim,#sdr_cqb_exposed_pstl_walk_exitfull_7
xanim,#sdr_cqb_exposed_pstl_walk_exitfull_8
xanim,#sdr_cqb_exposed_pstl_walk_exitfull_9
xanim,#sdr_cqb_exposed_stand_pstl_walk_zero_arrival_l_1
xanim,#sdr_cqb_exposed_stand_pstl_walk_zero_arrival_l_2
xanim,#sdr_cqb_exposed_stand_pstl_walk_zero_arrival_l_3
xanim,#sdr_cqb_exposed_stand_pstl_walk_zero_arrival_l_4
xanim,#sdr_cqb_exposed_stand_pstl_walk_zero_arrival_l_6
xanim,#sdr_cqb_exposed_stand_pstl_walk_zero_arrival_l_7
xanim,#sdr_cqb_exposed_stand_pstl_walk_zero_arrival_l_8
xanim,#sdr_cqb_exposed_stand_pstl_walk_zero_arrival_l_9
xanim,#sdr_cqb_exposed_stand_pstl_walk_zero_arrival_r_1
xanim,#sdr_cqb_exposed_stand_pstl_walk_zero_arrival_r_2
xanim,#sdr_cqb_exposed_stand_pstl_walk_zero_arrival_r_3
xanim,#sdr_cqb_exposed_stand_pstl_walk_zero_arrival_r_4
xanim,#sdr_cqb_exposed_stand_pstl_walk_zero_arrival_r_6
xanim,#sdr_cqb_exposed_stand_pstl_walk_zero_arrival_r_7
xanim,#sdr_cqb_exposed_stand_pstl_walk_zero_arrival_r_8
xanim,#sdr_cqb_exposed_stand_pstl_walk_zero_arrival_r_9
xanim,#sdr_cqb_pstl_fast_ads
xanim,#sdr_cqb_pstl_fast_aim_1
xanim,#sdr_cqb_pstl_fast_aim_2
xanim,#sdr_cqb_pstl_fast_aim_3
xanim,#sdr_cqb_pstl_fast_aim_4
xanim,#sdr_cqb_pstl_fast_aim_6
xanim,#sdr_cqb_pstl_fast_aim_7
xanim,#sdr_cqb_pstl_fast_aim_8
xanim,#sdr_cqb_pstl_fast_aim_9
xanim,#sdr_cqb_pstl_fast_gun_down
xanim,#sdr_cqb_pstl_fast_nvg_ads
xanim,#sdr_cqb_pstl_fast_ready
xanim,#sdr_cqb_pstl_fast_turn_l_1
xanim,#sdr_cqb_pstl_fast_turn_l_2
xanim,#sdr_cqb_pstl_fast_turn_l_3
xanim,#sdr_cqb_pstl_fast_turn_l_4
xanim,#sdr_cqb_pstl_fast_turn_l_6
xanim,#sdr_cqb_pstl_interior_idle
xanim,#sdr_cqb_pstl_interior_trans_exposed_stand_to_idle
xanim,#sdr_cqb_pstl_lean_l_fast
xanim,#sdr_cqb_pstl_lean_l_shuffle
xanim,#sdr_cqb_pstl_lean_l_walk
xanim,#sdr_cqb_pstl_lean_r_fast
xanim,#sdr_cqb_pstl_lean_r_shuffle
xanim,#sdr_cqb_pstl_lean_r_walk
xanim,#sdr_cqb_pstl_look_linger_walk_exit_1
xanim,#sdr_cqb_pstl_look_linger_walk_exit_2
xanim,#sdr_cqb_pstl_look_linger_walk_exit_3
xanim,#sdr_cqb_pstl_look_linger_walk_exit_4
xanim,#sdr_cqb_pstl_look_linger_walk_exit_6
xanim,#sdr_cqb_pstl_shuffle_turn_l_1
xanim,#sdr_cqb_pstl_shuffle_turn_l_2
xanim,#sdr_cqb_pstl_shuffle_turn_l_3
xanim,#sdr_cqb_pstl_shuffle_turn_l_4
xanim,#sdr_cqb_pstl_shuffle_turn_l_6
xanim,#sdr_cqb_pstl_strafe_fast_1
xanim,#sdr_cqb_pstl_strafe_fast_1_alt
xanim,#sdr_cqb_pstl_strafe_fast_1_alt_max
xanim,#sdr_cqb_pstl_strafe_fast_1_max
xanim,#sdr_cqb_pstl_strafe_fast_2
xanim,#sdr_cqb_pstl_strafe_fast_2_max
xanim,#sdr_cqb_pstl_strafe_fast_2b
xanim,#sdr_cqb_pstl_strafe_fast_2b_max
xanim,#sdr_cqb_pstl_strafe_fast_3
xanim,#sdr_cqb_pstl_strafe_fast_3_alt
xanim,#sdr_cqb_pstl_strafe_fast_3_alt_max
xanim,#sdr_cqb_pstl_strafe_fast_3_max
xanim,#sdr_cqb_pstl_strafe_fast_4
xanim,#sdr_cqb_pstl_strafe_fast_4_max
xanim,#sdr_cqb_pstl_strafe_fast_4b
xanim,#sdr_cqb_pstl_strafe_fast_4b_max
xanim,#sdr_cqb_pstl_strafe_fast_6
xanim,#sdr_cqb_pstl_strafe_fast_6_max
xanim,#sdr_cqb_pstl_strafe_fast_6b
xanim,#sdr_cqb_pstl_strafe_fast_6b_max
xanim,#sdr_cqb_pstl_strafe_fast_7
xanim,#sdr_cqb_pstl_strafe_fast_7_alt
xanim,#sdr_cqb_pstl_strafe_fast_7_alt_max
xanim,#sdr_cqb_pstl_strafe_fast_7_max
xanim,#sdr_cqb_pstl_strafe_fast_8
xanim,#sdr_cqb_pstl_strafe_fast_8_max
xanim,#sdr_cqb_pstl_strafe_fast_9
xanim,#sdr_cqb_pstl_strafe_fast_9_alt
xanim,#sdr_cqb_pstl_strafe_fast_9_alt_max
xanim,#sdr_cqb_pstl_strafe_fast_9_max
xanim,#sdr_cqb_pstl_strafe_fast_start_1
xanim,#sdr_cqb_pstl_strafe_fast_start_2
xanim,#sdr_cqb_pstl_strafe_fast_start_3
xanim,#sdr_cqb_pstl_strafe_fast_start_3_alt
xanim,#sdr_cqb_pstl_strafe_fast_start_4
xanim,#sdr_cqb_pstl_strafe_fast_start_6
xanim,#sdr_cqb_pstl_strafe_fast_start_7
xanim,#sdr_cqb_pstl_strafe_fast_start_7_alt
xanim,#sdr_cqb_pstl_strafe_fast_start_8
xanim,#sdr_cqb_pstl_strafe_fast_start_9
xanim,#sdr_cqb_pstl_strafe_fast_stop_l_1
xanim,#sdr_cqb_pstl_strafe_fast_stop_l_2
xanim,#sdr_cqb_pstl_strafe_fast_stop_l_3
xanim,#sdr_cqb_pstl_strafe_fast_stop_l_4
xanim,#sdr_cqb_pstl_strafe_fast_stop_l_6
xanim,#sdr_cqb_pstl_strafe_fast_stop_l_7
xanim,#sdr_cqb_pstl_strafe_fast_stop_l_8
xanim,#sdr_cqb_pstl_strafe_fast_stop_l_9
xanim,#sdr_cqb_pstl_strafe_fast_stop_r_1
xanim,#sdr_cqb_pstl_strafe_fast_stop_r_2
xanim,#sdr_cqb_pstl_strafe_fast_stop_r_3
xanim,#sdr_cqb_pstl_strafe_fast_stop_r_4
xanim,#sdr_cqb_pstl_strafe_fast_stop_r_6
xanim,#sdr_cqb_pstl_strafe_fast_stop_r_7
xanim,#sdr_cqb_pstl_strafe_fast_stop_r_8
xanim,#sdr_cqb_pstl_strafe_fast_stop_r_9
xanim,#sdr_cqb_pstl_strafe_shuffle_1
xanim,#sdr_cqb_pstl_strafe_shuffle_1_alt
xanim,#sdr_cqb_pstl_strafe_shuffle_2
xanim,#sdr_cqb_pstl_strafe_shuffle_2b
xanim,#sdr_cqb_pstl_strafe_shuffle_3
xanim,#sdr_cqb_pstl_strafe_shuffle_3_alt
xanim,#sdr_cqb_pstl_strafe_shuffle_4
xanim,#sdr_cqb_pstl_strafe_shuffle_4b
xanim,#sdr_cqb_pstl_strafe_shuffle_6
xanim,#sdr_cqb_pstl_strafe_shuffle_6b
xanim,#sdr_cqb_pstl_strafe_shuffle_7
xanim,#sdr_cqb_pstl_strafe_shuffle_7_alt
xanim,#sdr_cqb_pstl_strafe_shuffle_8
xanim,#sdr_cqb_pstl_strafe_shuffle_9
xanim,#sdr_cqb_pstl_strafe_shuffle_9_alt
xanim,#sdr_cqb_pstl_strafe_shuffle_start_1
xanim,#sdr_cqb_pstl_strafe_shuffle_start_2
xanim,#sdr_cqb_pstl_strafe_shuffle_start_3
xanim,#sdr_cqb_pstl_strafe_shuffle_start_3_alt
xanim,#sdr_cqb_pstl_strafe_shuffle_start_4
xanim,#sdr_cqb_pstl_strafe_shuffle_start_6
xanim,#sdr_cqb_pstl_strafe_shuffle_start_7
xanim,#sdr_cqb_pstl_strafe_shuffle_start_7_alt
xanim,#sdr_cqb_pstl_strafe_shuffle_start_8
xanim,#sdr_cqb_pstl_strafe_shuffle_start_9
xanim,#sdr_cqb_pstl_strafe_shuffle_stop_l_1
xanim,#sdr_cqb_pstl_strafe_shuffle_stop_l_2
xanim,#sdr_cqb_pstl_strafe_shuffle_stop_l_3
xanim,#sdr_cqb_pstl_strafe_shuffle_stop_l_4
xanim,#sdr_cqb_pstl_strafe_shuffle_stop_l_6
xanim,#sdr_cqb_pstl_strafe_shuffle_stop_l_7
xanim,#sdr_cqb_pstl_strafe_shuffle_stop_l_8
xanim,#sdr_cqb_pstl_strafe_shuffle_stop_l_9
xanim,#sdr_cqb_pstl_strafe_shuffle_stop_r_1
xanim,#sdr_cqb_pstl_strafe_shuffle_stop_r_2
xanim,#sdr_cqb_pstl_strafe_shuffle_stop_r_3
xanim,#sdr_cqb_pstl_strafe_shuffle_stop_r_4
xanim,#sdr_cqb_pstl_strafe_shuffle_stop_r_6
xanim,#sdr_cqb_pstl_strafe_shuffle_stop_r_7
xanim,#sdr_cqb_pstl_strafe_shuffle_stop_r_8
xanim,#sdr_cqb_pstl_strafe_shuffle_stop_r_9
xanim,#sdr_cqb_pstl_strafe_trans_fast1_fast9
xanim,#sdr_cqb_pstl_strafe_trans_fast2_fast8
xanim,#sdr_cqb_pstl_strafe_trans_fast3_fast7
xanim,#sdr_cqb_pstl_strafe_trans_fast4_fast6
xanim,#sdr_cqb_pstl_strafe_trans_fast6_fast4
xanim,#sdr_cqb_pstl_strafe_trans_fast7_fast3
xanim,#sdr_cqb_pstl_strafe_trans_fast8_fast2
xanim,#sdr_cqb_pstl_strafe_trans_fast9_fast1
xanim,#sdr_cqb_pstl_strafe_trans_poi_fast_l_2_to_4
xanim,#sdr_cqb_pstl_strafe_trans_poi_fast_l_2_to_6
xanim,#sdr_cqb_pstl_strafe_trans_poi_fast_l_2_to_8
xanim,#sdr_cqb_pstl_strafe_trans_poi_fast_l_4_to_2
xanim,#sdr_cqb_pstl_strafe_trans_poi_fast_l_4_to_6
xanim,#sdr_cqb_pstl_strafe_trans_poi_fast_l_4_to_8
xanim,#sdr_cqb_pstl_strafe_trans_poi_fast_l_6_to_2
xanim,#sdr_cqb_pstl_strafe_trans_poi_fast_l_6_to_4
xanim,#sdr_cqb_pstl_strafe_trans_poi_fast_l_6_to_8
xanim,#sdr_cqb_pstl_strafe_trans_poi_fast_l_8_to_2
xanim,#sdr_cqb_pstl_strafe_trans_poi_fast_l_8_to_4
xanim,#sdr_cqb_pstl_strafe_trans_poi_fast_l_8_to_6
xanim,#sdr_cqb_pstl_strafe_trans_poi_fast_r_2_to_4
xanim,#sdr_cqb_pstl_strafe_trans_poi_fast_r_2_to_6
xanim,#sdr_cqb_pstl_strafe_trans_poi_fast_r_2_to_8
xanim,#sdr_cqb_pstl_strafe_trans_poi_fast_r_4_to_2
xanim,#sdr_cqb_pstl_strafe_trans_poi_fast_r_4_to_6
xanim,#sdr_cqb_pstl_strafe_trans_poi_fast_r_4_to_8
xanim,#sdr_cqb_pstl_strafe_trans_poi_fast_r_6_to_2
xanim,#sdr_cqb_pstl_strafe_trans_poi_fast_r_6_to_4
xanim,#sdr_cqb_pstl_strafe_trans_poi_fast_r_6_to_8
xanim,#sdr_cqb_pstl_strafe_trans_poi_fast_r_8_to_2
xanim,#sdr_cqb_pstl_strafe_trans_poi_fast_r_8_to_4
xanim,#sdr_cqb_pstl_strafe_trans_poi_fast_r_8_to_6
xanim,#sdr_cqb_pstl_strafe_trans_poi_shuffle_l_2_to_4
xanim,#sdr_cqb_pstl_strafe_trans_poi_shuffle_l_2_to_6
xanim,#sdr_cqb_pstl_strafe_trans_poi_shuffle_l_2_to_8
xanim,#sdr_cqb_pstl_strafe_trans_poi_shuffle_l_4_to_2
xanim,#sdr_cqb_pstl_strafe_trans_poi_shuffle_l_4_to_6
xanim,#sdr_cqb_pstl_strafe_trans_poi_shuffle_l_4_to_8
xanim,#sdr_cqb_pstl_strafe_trans_poi_shuffle_l_6_to_2
xanim,#sdr_cqb_pstl_strafe_trans_poi_shuffle_l_6_to_4
xanim,#sdr_cqb_pstl_strafe_trans_poi_shuffle_l_6_to_8
xanim,#sdr_cqb_pstl_strafe_trans_poi_shuffle_l_8_to_2
xanim,#sdr_cqb_pstl_strafe_trans_poi_shuffle_l_8_to_4
xanim,#sdr_cqb_pstl_strafe_trans_poi_shuffle_l_8_to_6
xanim,#sdr_cqb_pstl_strafe_trans_poi_shuffle_r_2_to_4
xanim,#sdr_cqb_pstl_strafe_trans_poi_shuffle_r_2_to_6
xanim,#sdr_cqb_pstl_strafe_trans_poi_shuffle_r_2_to_8
xanim,#sdr_cqb_pstl_strafe_trans_poi_shuffle_r_4_to_2
xanim,#sdr_cqb_pstl_strafe_trans_poi_shuffle_r_4_to_6
xanim,#sdr_cqb_pstl_strafe_trans_poi_shuffle_r_4_to_8
xanim,#sdr_cqb_pstl_strafe_trans_poi_shuffle_r_6_to_2
xanim,#sdr_cqb_pstl_strafe_trans_poi_shuffle_r_6_to_4
xanim,#sdr_cqb_pstl_strafe_trans_poi_shuffle_r_6_to_8
xanim,#sdr_cqb_pstl_strafe_trans_poi_shuffle_r_8_to_2
xanim,#sdr_cqb_pstl_strafe_trans_poi_shuffle_r_8_to_4
xanim,#sdr_cqb_pstl_strafe_trans_poi_shuffle_r_8_to_6
xanim,#sdr_cqb_pstl_strafe_trans_poi_walk_l_2_to_4
xanim,#sdr_cqb_pstl_strafe_trans_poi_walk_l_2_to_6
xanim,#sdr_cqb_pstl_strafe_trans_poi_walk_l_2_to_8
xanim,#sdr_cqb_pstl_strafe_trans_poi_walk_l_4_to_2
xanim,#sdr_cqb_pstl_strafe_trans_poi_walk_l_4_to_6
xanim,#sdr_cqb_pstl_strafe_trans_poi_walk_l_4_to_8
xanim,#sdr_cqb_pstl_strafe_trans_poi_walk_l_6_to_2
xanim,#sdr_cqb_pstl_strafe_trans_poi_walk_l_6_to_4
xanim,#sdr_cqb_pstl_strafe_trans_poi_walk_l_6_to_8
xanim,#sdr_cqb_pstl_strafe_trans_poi_walk_l_8_to_2
xanim,#sdr_cqb_pstl_strafe_trans_poi_walk_l_8_to_4
xanim,#sdr_cqb_pstl_strafe_trans_poi_walk_l_8_to_6
xanim,#sdr_cqb_pstl_strafe_trans_poi_walk_r_2_to_4
xanim,#sdr_cqb_pstl_strafe_trans_poi_walk_r_2_to_6
xanim,#sdr_cqb_pstl_strafe_trans_poi_walk_r_2_to_8
xanim,#sdr_cqb_pstl_strafe_trans_poi_walk_r_4_to_2
xanim,#sdr_cqb_pstl_strafe_trans_poi_walk_r_4_to_6
xanim,#sdr_cqb_pstl_strafe_trans_poi_walk_r_4_to_8
xanim,#sdr_cqb_pstl_strafe_trans_poi_walk_r_6_to_2
xanim,#sdr_cqb_pstl_strafe_trans_poi_walk_r_6_to_4
xanim,#sdr_cqb_pstl_strafe_trans_poi_walk_r_6_to_8
xanim,#sdr_cqb_pstl_strafe_trans_poi_walk_r_8_to_2
xanim,#sdr_cqb_pstl_strafe_trans_poi_walk_r_8_to_4
xanim,#sdr_cqb_pstl_strafe_trans_poi_walk_r_8_to_6
xanim,#sdr_cqb_pstl_strafe_trans_shuffle1_shuffle9
xanim,#sdr_cqb_pstl_strafe_trans_shuffle2_shuffle8
xanim,#sdr_cqb_pstl_strafe_trans_shuffle3_shuffle7
xanim,#sdr_cqb_pstl_strafe_trans_shuffle4_shuffle6
xanim,#sdr_cqb_pstl_strafe_trans_shuffle6_shuffle4
xanim,#sdr_cqb_pstl_strafe_trans_shuffle7_shuffle3
xanim,#sdr_cqb_pstl_strafe_trans_shuffle8_shuffle2
xanim,#sdr_cqb_pstl_strafe_trans_shuffle9_shuffle1
xanim,#sdr_cqb_pstl_strafe_trans_walk1_walk9
xanim,#sdr_cqb_pstl_strafe_trans_walk2_walk8
xanim,#sdr_cqb_pstl_strafe_trans_walk3_walk7
xanim,#sdr_cqb_pstl_strafe_trans_walk4_walk6
xanim,#sdr_cqb_pstl_strafe_trans_walk6_walk4
xanim,#sdr_cqb_pstl_strafe_trans_walk7_walk3
xanim,#sdr_cqb_pstl_strafe_trans_walk8_walk2
xanim,#sdr_cqb_pstl_strafe_trans_walk9_walk1
xanim,#sdr_cqb_pstl_strafe_walk_1
xanim,#sdr_cqb_pstl_strafe_walk_1_alt
xanim,#sdr_cqb_pstl_strafe_walk_2
xanim,#sdr_cqb_pstl_strafe_walk_2b
xanim,#sdr_cqb_pstl_strafe_walk_3
xanim,#sdr_cqb_pstl_strafe_walk_3_alt
xanim,#sdr_cqb_pstl_strafe_walk_4
xanim,#sdr_cqb_pstl_strafe_walk_4b
xanim,#sdr_cqb_pstl_strafe_walk_6
xanim,#sdr_cqb_pstl_strafe_walk_6b
xanim,#sdr_cqb_pstl_strafe_walk_7
xanim,#sdr_cqb_pstl_strafe_walk_7_alt
xanim,#sdr_cqb_pstl_strafe_walk_8
xanim,#sdr_cqb_pstl_strafe_walk_9
xanim,#sdr_cqb_pstl_strafe_walk_9_alt
xanim,#sdr_cqb_pstl_strafe_walk_start_1
xanim,#sdr_cqb_pstl_strafe_walk_start_2
xanim,#sdr_cqb_pstl_strafe_walk_start_3
xanim,#sdr_cqb_pstl_strafe_walk_start_3_alt
xanim,#sdr_cqb_pstl_strafe_walk_start_4
xanim,#sdr_cqb_pstl_strafe_walk_start_6
xanim,#sdr_cqb_pstl_strafe_walk_start_7
xanim,#sdr_cqb_pstl_strafe_walk_start_7_alt
xanim,#sdr_cqb_pstl_strafe_walk_start_8
xanim,#sdr_cqb_pstl_strafe_walk_start_9
xanim,#sdr_cqb_pstl_strafe_walk_stop_l_1
xanim,#sdr_cqb_pstl_strafe_walk_stop_l_2
xanim,#sdr_cqb_pstl_strafe_walk_stop_l_3
xanim,#sdr_cqb_pstl_strafe_walk_stop_l_4
xanim,#sdr_cqb_pstl_strafe_walk_stop_l_6
xanim,#sdr_cqb_pstl_strafe_walk_stop_l_7
xanim,#sdr_cqb_pstl_strafe_walk_stop_l_8
xanim,#sdr_cqb_pstl_strafe_walk_stop_l_9
xanim,#sdr_cqb_pstl_strafe_walk_stop_r_1
xanim,#sdr_cqb_pstl_strafe_walk_stop_r_2
xanim,#sdr_cqb_pstl_strafe_walk_stop_r_3
xanim,#sdr_cqb_pstl_strafe_walk_stop_r_4
xanim,#sdr_cqb_pstl_strafe_walk_stop_r_6
xanim,#sdr_cqb_pstl_strafe_walk_stop_r_7
xanim,#sdr_cqb_pstl_strafe_walk_stop_r_8
xanim,#sdr_cqb_pstl_strafe_walk_stop_r_9
xanim,#sdr_cqb_pstl_walk_turn_l_1
xanim,#sdr_cqb_pstl_walk_turn_l_2
xanim,#sdr_cqb_pstl_walk_turn_l_3
xanim,#sdr_cqb_pstl_walk_turn_l_4
xanim,#sdr_cqb_pstl_walk_turn_l_6
xanim,#sdr_cqb_stairs_pstl_fast_forward_down
xanim,#sdr_cqb_stairs_pstl_fast_forward_down_l
xanim,#sdr_cqb_stairs_pstl_fast_forward_down_r
xanim,#sdr_cqb_stairs_pstl_fast_forward_up
xanim,#sdr_cqb_stairs_pstl_fast_forward_up_l
xanim,#sdr_cqb_stairs_pstl_fast_forward_up_r
xanim,#sdr_cqb_stairs_pstl_walk_forward_down
xanim,#sdr_cqb_stairs_pstl_walk_forward_down_l
xanim,#sdr_cqb_stairs_pstl_walk_forward_down_r
xanim,#sdr_cqb_stairs_pstl_walk_forward_up
xanim,#sdr_cqb_stairs_pstl_walk_forward_up_l
xanim,#sdr_cqb_stairs_pstl_walk_forward_up_r
xanim,#sdr_cqb_walk_pain_lmg_md_2_01
xanim,#sdr_cqb_walk_pain_lmg_md_2_02
xanim,#sdr_cqb_walk_pain_lmg_md_2_03
xanim,#sdr_cqb_walk_pain_lmg_md_2_04
xanim,#sdr_cqb_walk_pain_lmg_md_2_05
xanim,#sdr_cqb_walk_pain_lmg_md_8_01
xanim,#sdr_cqb_walk_pain_lmg_shrt_8_01
xanim,#sdr_cqb_walk_pain_lmg_shrt_8_02
xanim,#sdr_cqb_walk_pain_lmg_shrt_8_03
xanim,#sdr_cqb_walk_pain_lmg_shrt_8_04
xanim,#veh8_common_pickup_door_lf_open_slight
xanim,#veh8_common_pickup_door_lf_wiggle
xanim,#veh8_common_pickup_door_rf_open_slight
xanim,#veh8_common_pickup_door_rf_wiggle
xanim,#veh8_common_pickup_expl_lb_2
xanim,#veh8_common_pickup_expl_lf_2
xanim,#veh8_common_pickup_expl_rb_2
xanim,#veh8_common_pickup_expl_rf_2
xanim,#veh8_common_pickup_expl_rock
xanim,#veh8_common_pickup_hood_open_expl
xanim,#veh8_common_pickup_hood_wiggle
xanim,#veh8_common_pickup_rocking_lb
xanim,#veh8_common_pickup_rocking_lf
xanim,#veh8_common_pickup_rocking_rb
xanim,#veh8_common_pickup_rocking_rf
xanim,#veh8_common_pickup_trunk_open_expl
xanim,#veh8_common_pickup_trunk_wiggle
xanim,#veh8_common_preload
xanim,#viewmodel_c4_fire
xanim,#viewmodel_c4_hold_fire
xanim,#vm_carry_ally_in_ally
xanim,#vm_carry_ally_in_ally_female
xanim,#vm_carry_ally_in_player
xanim,#vm_carry_ally_out_ally
xanim,#vm_carry_ally_out_player
xanim,#vm_firemancarry_loop
xanim,#vm_firemancarry_loop_rhand
xanim,#vm_ges_carry_ally_in
xanim,#vm_ges_carry_ally_in_rhand
xanim,#vm_ges_carry_ally_loop
xanim,#vm_ges_carry_ally_loop_rhand
xanim,#vm_ges_carry_ally_out
xanim,#vm_ges_carry_ally_out_rhand
xanim,#vm_ges_revive_ally
xanim,#vm_ges_revive_ally_rhand
xanim,#vm_gesture_zombies_revive_jock_d
xanim,#vm_gesture_zombies_revive_jock_l
xanim,#vm_gesture_zombies_revive_jock_r
xanim,#vm_gesture_zombies_revive_jock_rhand_d
xanim,#vm_gesture_zombies_revive_jock_rhand_l
xanim,#vm_gesture_zombies_revive_jock_rhand_r
xanim,#vm_gesture_zombies_revive_jock_rhand_u
xanim,#vm_gesture_zombies_revive_jock_u
xanim,#vm_hostage_dropoff_ground_pilot
xanim,#vm_hostage_dropoff_ground_player
xanim,#vm_hostage_dropoff_truck_decho
xanim,#vm_hostage_dropoff_truck_pilot
xanim,#vm_hostage_dropoff_truck_player
xanim,#vm_hostage_pickup_ground_pilot
xanim,#vm_hostage_pickup_ground_player
xanim,#vm_hostage_pickup_truck_decho
xanim,#vm_hostage_pickup_truck_pilot
xanim,#vm_hostage_pickup_truck_player
xmodelsurfs,#accessory_sling_backpack_01_lod010v41
xmodelsurfs,#accessory_sling_backpack_01_lod0_auto110v40
xmodelsurfs,#accessory_sling_backpack_01_lod0_auto1_auto210v40
xmodelsurfs,#accessory_sling_backpack_01_lod0_auto1_auto2_auto310v40
xmodelsurfs,#ammo_press_die_01_lod010v41
xmodelsurfs,#ammo_press_die_01_lod0_auto110v40
xmodelsurfs,#ammo_press_die_bin_01_full_lod010v41
xmodelsurfs,#ammo_press_die_bin_01_full_lod0_auto110v40
xmodelsurfs,#ammo_press_die_bin_01_full_lod0_auto1_auto210v40
xmodelsurfs,#ammo_press_die_bin_01_lod010v41
xmodelsurfs,#ammo_press_die_bin_01_lod0_auto110v40
xmodelsurfs,#ammo_press_die_bin_01_lod0_auto1_auto210v40
xmodelsurfs,#attachment_wm_tac_light_held_auto010v4110v410
xmodelsurfs,#attachment_wm_tac_light_held_auto0_auto110v410
xmodelsurfs,#attachment_wm_tac_light_held_auto0_auto1_auto210v410
xmodelsurfs,#attachment_wm_tac_light_held_auto0_auto1_auto2_auto310v410
xmodelsurfs,#awning_wood_support_beam_01_lod010v41
xmodelsurfs,#awning_wood_support_beam_01_lod0_auto110v40
xmodelsurfs,#awning_wood_support_beam_01_lod0_auto1_auto210v40
xmodelsurfs,#awning_wood_support_beam_01_lod0_auto1_auto2_auto310v40
xmodelsurfs,#awning_wood_support_beam_02_lod010v41
xmodelsurfs,#awning_wood_support_beam_02_lod0_auto110v40
xmodelsurfs,#awning_wood_support_beam_02_lod0_auto1_auto210v40
xmodelsurfs,#awning_wood_support_beam_02_lod0_auto1_auto2_auto310v40
xmodelsurfs,#awning_wood_support_beam_03_lod010v41
xmodelsurfs,#awning_wood_support_beam_03_lod0_auto110v40
xmodelsurfs,#awning_wood_support_beam_03_lod0_auto1_auto210v40
xmodelsurfs,#awning_wood_support_beam_03_lod0_auto1_auto2_auto310v40
xmodelsurfs,#bag_canvas_01_flat_lod010v41
xmodelsurfs,#bag_canvas_01_flat_lod0_auto110v40
xmodelsurfs,#bag_canvas_01_flat_lod0_auto1_auto210v40
xmodelsurfs,#bag_canvas_01_flat_lod0_auto1_auto2_auto310v40
xmodelsurfs,#bag_canvas_01_flat_lod0_auto1_auto2_auto3_auto410v40
xmodelsurfs,#bag_canvas_01_flat_lod0_auto1_auto2_auto3_auto4_auto510v40
xmodelsurfs,#barrier_traffic_concrete_block_01_lod010v41
xmodelsurfs,#barrier_traffic_concrete_block_01_lod0_auto110v40
xmodelsurfs,#barrier_traffic_concrete_block_01_lod0_auto1_auto210v40
xmodelsurfs,#barrier_traffic_concrete_block_01_lod0_auto1_auto2_auto310v40
xmodelsurfs,#barrier_traffic_concrete_block_01_lod0_auto1_auto2_auto3_auto410v40
xmodelsurfs,#body_civ_london_female_6_1_lod02070f6a5bbv00010
xmodelsurfs,#body_civ_london_female_6_2_lod12070f6a5bbv40
xmodelsurfs,#body_civ_london_female_6_2_lod1_auto22070f6a5bb-abr94b146b8-v40
xmodelsurfs,#body_civ_london_female_6_2_lod1_auto2_auto32070f6a5bb-abr8b84bc60-v40
xmodelsurfs,#body_civ_london_female_6_2_lod1_auto2_auto3_auto42070f6a5bb-abrc155ef56-v40
xmodelsurfs,#body_civ_london_female_6_2_lod1_auto2_auto3_auto4_auto52070f6a5bb-abr607ded89-v40
xmodelsurfs,#body_mp_western_fireteam_west_ar_1_1_lod020905e14c4v0000000020000040
xmodelsurfs,#body_mp_western_fireteam_west_ar_1_1_lod0_auto120905e14c4-abr00474d7e-v0000000020000040
xmodelsurfs,#body_mp_western_fireteam_west_ar_1_1_lod0_auto1_auto220905e14c4-abr10d29512-v0000000080000040
xmodelsurfs,#body_mp_western_fireteam_west_ar_1_1_lod0_auto1_auto2_auto320905e14c4-abr475a99f3-v0000000080000040
xmodelsurfs,#body_mp_western_fireteam_west_ar_1_1_lod0_auto1_auto2_auto3_auto420905e14c4-abr445d39de-v0000000080000040
xmodelsurfs,#body_mp_western_fireteam_west_ar_1_1_lod0_auto1_auto2_auto3_auto4_auto520905e14c4-abrb243c15b-v0000000800000040
xmodelsurfs,#body_mp_western_fireteam_west_dmr_1_1_lod02093e824bdv000000008000040
xmodelsurfs,#body_mp_western_fireteam_west_dmr_1_1_lod0_auto12093e824bd-abr00474d7e-v000000008000010
xmodelsurfs,#body_mp_western_fireteam_west_dmr_1_1_lod0_auto1_auto22093e824bd-abr20a0e628-v000000008000010
xmodelsurfs,#body_mp_western_fireteam_west_dmr_1_1_lod0_auto1_auto2_auto32093e824bd-abr5dc5319c-v000000008000010
xmodelsurfs,#body_mp_western_fireteam_west_dmr_1_1_lod0_auto1_auto2_auto3_auto42093e824bd-abrc6652fe1-v000000008000010
xmodelsurfs,#body_mp_western_fireteam_west_dmr_1_1_lod0_auto1_auto2_auto3_auto4_auto52093e824bd-abrc3a89114-v000000000800010
xmodelsurfs,#body_mp_western_fireteam_west_lmg_1_1_lod0204f8f26c2v000000000020000010
xmodelsurfs,#body_mp_western_fireteam_west_lmg_1_1_lod0_auto1204f8f26c2-abr3297ac97-v000000000080000010
xmodelsurfs,#body_mp_western_fireteam_west_lmg_1_1_lod0_auto1_auto2204f8f26c2-abr21c10726-v000000000080000010
xmodelsurfs,#body_mp_western_fireteam_west_lmg_1_1_lod0_auto1_auto2_auto3204f8f26c2-abr1d41b4d8-v000000000080000010
xmodelsurfs,#body_mp_western_fireteam_west_lmg_1_1_lod0_auto1_auto2_auto3_auto4204f8f26c2-abr386a7e79-v000000000080000010
xmodelsurfs,#body_mp_western_fireteam_west_lmg_1_1_lod0_auto1_auto2_auto3_auto4_auto5204f8f26c2-abra9c2ce5e-v000000000002000010
xmodelsurfs,#body_mp_western_fireteam_west_smg_1_1_lod020ce842693v00000008000040
xmodelsurfs,#body_mp_western_fireteam_west_smg_1_1_lod0_auto120ce842693-abr023850a8-v00000008000040
xmodelsurfs,#body_mp_western_fireteam_west_smg_1_1_lod0_auto1_auto220ce842693-abr06970fca-v00000008000040
xmodelsurfs,#body_mp_western_fireteam_west_smg_1_1_lod0_auto1_auto2_auto320ce842693-abr3ffa1215-v00000008000040
xmodelsurfs,#body_mp_western_fireteam_west_smg_1_1_lod0_auto1_auto2_auto3_auto420ce842693-abrc41b2eb1-v00000008000040
xmodelsurfs,#body_mp_western_fireteam_west_smg_1_1_lod0_auto1_auto2_auto3_auto4_auto520ce842693-abr58633abd-v000000080010
xmodelsurfs,#box_wooden_grenade_01_lod010-1-v411
xmodelsurfs,#box_wooden_grenade_01_lod0_auto110-1-v410
xmodelsurfs,#box_wooden_grenade_01_lodx10v40
xmodelsurfs,#bucket_rusted_empty_01_lod010v41
xmodelsurfs,#bucket_rusted_empty_01_lod0_auto110v40
xmodelsurfs,#bucket_rusted_empty_01_lod0_auto1_auto210v40
xmodelsurfs,#bucket_rusted_empty_01_lod0_auto1_auto2_auto310v40
xmodelsurfs,#building_awning_rusted_flat_64_lod010v261
xmodelsurfs,#building_awning_rusted_flat_64_lod0_auto110v260
xmodelsurfs,#building_awning_rusted_flat_64_lodx10v60
xmodelsurfs,#building_awning_tarp_128x32x64_0300v261
xmodelsurfs,#building_awning_tarp_128x32x64_03_auto100v260
xmodelsurfs,#building_awning_tarp_128x32x64_03_auto1_auto200v260
xmodelsurfs,#building_awning_tarp_128x32x64_03_auto1_auto2_auto300v260
xmodelsurfs,#building_awning_tarp_64x32x64_0300v261
xmodelsurfs,#building_awning_tarp_64x32x64_03_auto100v260
xmodelsurfs,#building_awning_tarp_64x32x64_03_auto1_auto200v260
xmodelsurfs,#building_awning_tarp_64x32x64_03_auto1_auto2_auto300v260
xmodelsurfs,#building_balcony_rail_01_pattern_white_straight_32_lod000v41
xmodelsurfs,#building_balcony_rail_01_pattern_white_straight_32_lod0_auto100v40
xmodelsurfs,#building_balcony_rail_01_pattern_white_straight_32_lod0_auto1_auto200v40
xmodelsurfs,#building_balcony_rail_01_pattern_white_straight_32_lod0_auto1_auto2_auto300v40
xmodelsurfs,#building_balcony_rail_01_pattern_white_straight_64_lod000v41
xmodelsurfs,#building_balcony_rail_01_pattern_white_straight_64_lod0_auto100v40
xmodelsurfs,#building_balcony_rail_01_pattern_white_straight_64_lod0_auto1_auto200v40
xmodelsurfs,#building_balcony_rail_01_pattern_white_straight_64_lod0_auto1_auto2_auto300v40
xmodelsurfs,#building_balcony_rail_01_pattern_white_straight_64_lod0_auto1_auto2_auto3_auto400v40
xmodelsurfs,#building_cable_post_solo_metal_lod010v011
xmodelsurfs,#building_cable_post_solo_metal_lod0_auto110v010
xmodelsurfs,#building_cable_post_solo_metal_lod0_auto1_auto210v010
xmodelsurfs,#building_cable_post_solo_metal_lod0_auto1_auto2_auto310v010
xmodelsurfs,#building_cable_post_wood_cross_lod000v41
xmodelsurfs,#building_cable_post_wood_cross_lod0_auto100v40
xmodelsurfs,#building_cable_post_wood_cross_lod0_auto1_auto200v40
xmodelsurfs,#building_cable_post_wood_cross_lod0_auto1_auto2_auto300v40
xmodelsurfs,#building_cable_post_wood_cross_lod0_auto1_auto2_auto3_auto400v40
xmodelsurfs,#building_cable_post_wood_lod010v41
xmodelsurfs,#building_cable_post_wood_lod0_auto110v40
xmodelsurfs,#building_cable_post_wood_lod0_auto1_auto210v40
xmodelsurfs,#building_cable_post_wood_lod0_auto1_auto2_auto310v40
xmodelsurfs,#building_cable_post_wood_pole_30_feet_lod010v41
xmodelsurfs,#building_cable_post_wood_pole_30_feet_lod0_auto110v40
xmodelsurfs,#building_cable_post_wood_pole_30_feet_lod0_auto1_auto210v40
xmodelsurfs,#building_cable_post_wood_pole_30_feet_lod0_auto1_auto2_auto310v40
xmodelsurfs,#building_corrugated_metal4x4_holes_lod010va11
xmodelsurfs,#building_corrugated_metal4x4_holes_lod0_auto110v60
xmodelsurfs,#building_corrugated_metal4x4_lod010v61
xmodelsurfs,#building_corrugated_metal4x4_lod0_auto110v60
xmodelsurfs,#building_corrugated_metal4x4_lod0_auto1_auto210v40
xmodelsurfs,#building_corrugated_metal4x8_holes_lod010va11
xmodelsurfs,#building_corrugated_metal4x8_holes_lod110v60
xmodelsurfs,#building_corrugated_metal4x8_lodx10v60
xmodelsurfs,#building_corrugated_metal8x2_holes_lod010va11
xmodelsurfs,#building_corrugated_metal8x2_holes_lod0_auto110v60
xmodelsurfs,#building_corrugated_metal8x2_holes_lodx10v60
xmodelsurfs,#building_corrugated_metal8x8_holes_lod010va11
xmodelsurfs,#building_corrugated_metal8x8_holes_lod0_auto110va10
xmodelsurfs,#building_corrugated_metal8x8_holes_lod0_auto1_auto210va10
xmodelsurfs,#building_corrugated_metal8x8_holes_lod0_auto1_auto2_auto310v60
xmodelsurfs,#building_door_wood_worn_out_01_lod000v411
xmodelsurfs,#building_door_wood_worn_out_01_lod0_auto100v410
xmodelsurfs,#building_door_wood_worn_out_01_lod0_auto1_auto200v40
xmodelsurfs,#building_door_wood_worn_out_01_lod0_auto1_auto2_auto310v40
xmodelsurfs,#building_door_wood_worn_out_02_flipped_lodx10v40
xmodelsurfs,#building_door_wood_worn_out_02_lod010v411
xmodelsurfs,#building_door_wood_worn_out_02_lod0_auto110v410
xmodelsurfs,#building_door_wood_worn_out_02_lod0_auto1_auto210v410
xmodelsurfs,#building_door_wood_worn_out_02_lod0_auto1_auto2_auto310v40
xmodelsurfs,#building_door_wood_worn_out_frame_01_lod000v411
xmodelsurfs,#building_door_wood_worn_out_frame_01_lod0_auto100v410
xmodelsurfs,#building_door_wood_worn_out_frame_01_lod0_auto1_auto200v40
xmodelsurfs,#building_door_wood_worn_out_frame_02_lod010v411
xmodelsurfs,#building_door_wood_worn_out_frame_02_lod0_auto110v40
xmodelsurfs,#building_doorframe_woodplaster_01_lod010v111
xmodelsurfs,#building_doorframe_woodplaster_01_lod0_auto110v110
xmodelsurfs,#building_doorframe_woodplaster_01_lod0_auto1_auto210v110
xmodelsurfs,#building_doorframe_woodplaster_01_lod0_auto1_auto2_auto310v110
xmodelsurfs,#building_drain_pipes_02_lod010v41
xmodelsurfs,#building_drain_pipes_02_lod0_auto110v40
xmodelsurfs,#building_hanging_tarps_01_white_lod0_auto010v610v61
xmodelsurfs,#building_hanging_tarps_01_white_lod0_auto0_auto110v60
xmodelsurfs,#building_hanging_tarps_01_white_lod0_auto0_auto1_auto210v60
xmodelsurfs,#building_hanging_tarps_01_white_lod0_auto0_auto1_auto2_auto310v60
xmodelsurfs,#building_hanging_tarps_02_white_lod0_auto010va110va11
xmodelsurfs,#building_hanging_tarps_02_white_lod0_auto0_auto110va10
xmodelsurfs,#building_hanging_tarps_02_white_lod0_auto0_auto1_auto210va10
xmodelsurfs,#building_horse_door_frame_01_lod000-2-v051
xmodelsurfs,#building_horse_door_frame_01_lod0_auto100-2-v40
xmodelsurfs,#building_horse_door_frame_01_lod0_auto1_auto200-2-v40
xmodelsurfs,#building_horse_door_frame_01_lod0_auto1_auto2_auto300-2-v40
xmodelsurfs,#building_roof_lip_01_128_lod010v41
xmodelsurfs,#building_roof_lip_01_128_lod0_auto110v40
xmodelsurfs,#building_roof_lip_01_128_lod0_auto1_auto210v40
xmodelsurfs,#building_roof_lip_01_128_lodx10v40
xmodelsurfs,#building_roof_lip_01_16_lod010v41
xmodelsurfs,#building_roof_lip_01_16_lod0_auto110v40
xmodelsurfs,#building_roof_lip_01_32_lod010v41
xmodelsurfs,#building_roof_lip_01_48_lod010v41
xmodelsurfs,#building_roof_lip_01_64_lod010v41
xmodelsurfs,#building_roof_lip_01_8_lod010v41
xmodelsurfs,#building_roof_lip_01_corner_inside_lod010v41
xmodelsurfs,#building_roof_lip_01_corner_outside_lod010v41
xmodelsurfs,#building_support_wood_beam_01_piece_01_lod010v41
xmodelsurfs,#building_support_wood_beam_01_piece_01_lod0_auto110v40
xmodelsurfs,#building_support_wood_beam_01_piece_01_lodx10v40
xmodelsurfs,#building_support_wood_beam_01_piece_02_lod010v41
xmodelsurfs,#building_support_wood_beam_01_piece_02_lod0_auto110v40
xmodelsurfs,#building_support_wood_beam_01_piece_02_lodx10v40
xmodelsurfs,#building_support_wood_beam_01_piece_03_lod010v41
xmodelsurfs,#building_support_wood_beam_01_piece_03_lod0_auto110v40
xmodelsurfs,#building_support_wood_beam_01_piece_03_lod0_auto1_auto210v40
xmodelsurfs,#building_support_wood_beam_01_piece_03_lod0_auto1_auto2_auto310v40
xmodelsurfs,#building_support_wood_beam_01_piece_04_lod010v41
xmodelsurfs,#building_support_wood_beam_01_piece_04_lod0_auto110v40
xmodelsurfs,#building_support_wood_beam_01_piece_04_lod0_auto1_auto210v40
xmodelsurfs,#building_support_wood_beam_01_piece_04_lod0_auto1_auto2_auto310v40
xmodelsurfs,#building_support_wood_beam_04_re_size_lod010v41
xmodelsurfs,#building_support_wood_beam_04_re_size_lod0_auto110v40
xmodelsurfs,#building_support_wood_beam_04_re_size_lod0_auto1_auto210v40
xmodelsurfs,#building_support_wood_beam_04_re_size_lod0_auto1_auto2_auto310v40
xmodelsurfs,#building_support_wood_beam_04_re_size_small_lod010v41
xmodelsurfs,#building_support_wood_beam_04_re_size_small_lod0_auto110v40
xmodelsurfs,#building_support_wood_beam_04_re_size_small_lod0_auto1_auto210v40
xmodelsurfs,#building_support_wood_beam_04_re_size_small_lodx10v40
xmodelsurfs,#building_support_wood_beam_05_re_size_lod010v41
xmodelsurfs,#building_support_wood_beam_05_re_size_lod0_auto110v40
xmodelsurfs,#building_support_wood_beam_05_re_size_lod0_auto1_auto210v40
xmodelsurfs,#building_support_wood_beam_05_re_size_lod0_auto1_auto2_auto310v40
xmodelsurfs,#building_support_wood_beam_05_re_size_lod0_auto1_auto2_auto3_auto410v40
xmodelsurfs,#building_support_wood_beam_05_re_size_small_lod010v41
xmodelsurfs,#building_support_wood_beam_05_re_size_small_lod0_auto110v40
xmodelsurfs,#building_support_wood_beam_05_re_size_small_lod0_auto1_auto210v40
xmodelsurfs,#building_support_wood_beam_05_re_size_small_lod310v40
xmodelsurfs,#building_tarps_doorways_cloth_01_anim_lod010v60
xmodelsurfs,#building_tarps_doorways_cloth_01_anim_lod0_auto110v60
xmodelsurfs,#building_tarps_doorways_cloth_01_anim_lod0_auto1_auto210v60
xmodelsurfs,#building_tarps_doorways_cloth_01_anim_lod0_auto1_auto2_auto310v60
xmodelsurfs,#building_tarps_doorways_cloth_01_anim_lod0_auto1_auto2_auto3_auto410v60
xmodelsurfs,#building_tarps_doorways_cloth_02_white_lod010va11
xmodelsurfs,#building_tarps_doorways_cloth_02_white_lod0_auto110va10
xmodelsurfs,#building_tarps_doorways_cloth_02_white_lod0_auto1_auto210va10
xmodelsurfs,#building_tarps_doorways_cloth_02_white_lod0_auto1_auto2_auto310va10
xmodelsurfs,#building_tarps_doorways_cloth_02_white_lod0_auto1_auto2_auto3_auto410va10
xmodelsurfs,#building_wall_broken_cap_128x16_01_lod010v41
xmodelsurfs,#building_wall_broken_cap_128x16_01_lod0_auto110v40
xmodelsurfs,#building_wall_broken_cap_128x16_01_lod0_auto1_auto210v40
xmodelsurfs,#building_wall_broken_cap_128x16_01_lod0_auto1_auto2_auto310v40
xmodelsurfs,#building_wall_broken_cap_128x16_01_lod0_auto1_auto2_auto3_auto410v40
xmodelsurfs,#building_wall_broken_cap_128x16_02_lod010v41
xmodelsurfs,#building_wall_broken_cap_128x16_02_lod0_auto110v40
xmodelsurfs,#building_wall_broken_cap_128x16_02_lod0_auto1_auto210v40
xmodelsurfs,#building_wall_broken_cap_128x16_02_lod0_auto1_auto2_auto310v40
xmodelsurfs,#building_wall_broken_cap_128x16_02_lod0_auto1_auto2_auto3_auto410v40
xmodelsurfs,#building_wall_broken_cap_128x16_04_lod010v41
xmodelsurfs,#building_wall_broken_cap_128x16_04_lod0_auto110v40
xmodelsurfs,#building_wall_broken_cap_128x16_04_lod0_auto1_auto210v40
xmodelsurfs,#building_wall_broken_cap_128x16_04_lod0_auto1_auto2_auto310v40
xmodelsurfs,#building_wall_broken_cap_128x16_04_lod0_auto1_auto2_auto3_auto410v40
xmodelsurfs,#building_wall_broken_cap_128x8_01_lod010v41
xmodelsurfs,#building_wall_broken_cap_128x8_01_lod0_auto110v40
xmodelsurfs,#building_wall_broken_cap_128x8_01_lod0_auto1_auto210v40
xmodelsurfs,#building_wall_broken_cap_128x8_01_lod0_auto1_auto2_auto310v40
xmodelsurfs,#building_wall_broken_cap_128x8_03_lod010v41
xmodelsurfs,#building_wall_broken_cap_128x8_03_lod0_auto110v40
xmodelsurfs,#building_wall_broken_cap_128x8_03_lod0_auto1_auto210v40
xmodelsurfs,#building_wall_broken_cap_128x8_03_lod0_auto1_auto2_auto310v40
xmodelsurfs,#building_wall_broken_cap_64x16_01_lod010v41
xmodelsurfs,#building_wall_broken_cap_64x16_01_lod0_auto110v40
xmodelsurfs,#building_wall_broken_cap_64x16_01_lod0_auto1_auto210v40
xmodelsurfs,#building_wall_broken_cap_64x16_01_lod0_auto1_auto2_auto310v40
xmodelsurfs,#building_wall_broken_cap_64x16_02_lod010v41
xmodelsurfs,#building_wall_broken_cap_64x16_02_lod0_auto110v40
xmodelsurfs,#building_wall_broken_cap_64x16_02_lod0_auto1_auto210v40
xmodelsurfs,#building_wall_broken_cap_64x16_02_lod0_auto1_auto2_auto310v40
xmodelsurfs,#building_wall_broken_corner_24x24_01_lod010v41
xmodelsurfs,#building_wall_broken_corner_24x24_01_lod0_auto110v40
xmodelsurfs,#building_wall_broken_corner_24x24_01_lod0_auto1_auto210v40
xmodelsurfs,#building_wall_broken_corner_24x24_01_lod0_auto1_auto2_auto310v40
xmodelsurfs,#building_wall_broken_corner_24x24_02_lod010v41
xmodelsurfs,#building_wall_broken_corner_24x24_02_lod0_auto110v40
xmodelsurfs,#building_wall_broken_corner_24x24_02_lod0_auto1_auto210v40
xmodelsurfs,#building_wall_broken_corner_24x24_02_lod0_auto1_auto2_auto310v40
xmodelsurfs,#building_wall_broken_corner_48x48_01_lod010v41
xmodelsurfs,#building_wall_broken_corner_48x48_01_lod0_auto110v40
xmodelsurfs,#building_wall_broken_corner_48x48_01_lod0_auto1_auto210v40
xmodelsurfs,#building_wall_broken_corner_48x48_01_lod0_auto1_auto2_auto310v40
xmodelsurfs,#building_wall_broken_corner_48x48_02_lod010v41
xmodelsurfs,#building_wall_broken_corner_48x48_02_lod0_auto110v40
xmodelsurfs,#building_wall_broken_corner_48x48_02_lod0_auto1_auto210v40
xmodelsurfs,#building_wall_broken_corner_48x48_02_lod0_auto1_auto2_auto310v40
xmodelsurfs,#building_wall_broken_corner_64x48_01_lod010v41
xmodelsurfs,#building_wall_broken_corner_64x48_01_lod0_auto110v40
xmodelsurfs,#building_wall_broken_corner_64x48_01_lod0_auto1_auto210v40
xmodelsurfs,#building_wall_broken_corner_64x48_01_lod0_auto1_auto2_auto310v40
xmodelsurfs,#building_wall_broken_edge_32x128_01_lod010v41
xmodelsurfs,#building_wall_broken_edge_32x128_01_lod0_auto110v40
xmodelsurfs,#building_wall_broken_edge_32x128_01_lod0_auto1_auto210v40
xmodelsurfs,#building_wall_broken_edge_32x128_01_lod0_auto1_auto2_auto310v40
xmodelsurfs,#building_wall_broken_edge_48x128_01_lod010v41
xmodelsurfs,#building_wall_broken_edge_48x128_01_lod0_auto110v40
xmodelsurfs,#building_wall_broken_edge_48x128_01_lod0_auto1_auto210v40
xmodelsurfs,#building_wall_broken_edge_48x128_01_lod0_auto1_auto2_auto310v40
xmodelsurfs,#building_wall_corner_brick_02_128_lod010v41
xmodelsurfs,#building_wall_corner_brick_02_128_lod0_auto110v40
xmodelsurfs,#building_wall_corner_brick_02_128_lod0_auto1_auto210v40
xmodelsurfs,#building_wall_corner_brick_02_128_lod0_auto1_auto2_auto310v40
xmodelsurfs,#building_wall_window_brick_01_lod010-2-v051
xmodelsurfs,#building_wall_window_brick_01_lod0_auto110-2-v050
xmodelsurfs,#building_wall_window_brick_01_lod0_auto1_auto210-2-v050
xmodelsurfs,#building_wall_window_brick_01_lod0_auto1_auto2_auto310-2-v40
xmodelsurfs,#building_wall_window_brick_broken_01_lod010v41
xmodelsurfs,#building_wall_window_brick_broken_01_lod0_auto110v40
xmodelsurfs,#building_wall_window_brick_broken_01_lod0_auto1_auto210v40
xmodelsurfs,#building_wall_window_brick_broken_01_lod0_auto1_auto2_auto310v40
xmodelsurfs,#building_wall_window_brick_broken_01_lod0_auto1_auto2_auto3_auto410v40
xmodelsurfs,#busted_steel_ladderlod0_lod010v41
xmodelsurfs,#busted_steel_ladderlod0_lod110v40
xmodelsurfs,#busted_steel_ladderlod0_lod210v40
xmodelsurfs,#cave_wires_ceiling_01_lod000v041
xmodelsurfs,#cave_wires_ceiling_01_lod0_auto100v040
xmodelsurfs,#cave_wires_ceiling_01_lod0_auto1_auto200v040
xmodelsurfs,#cave_wires_ceiling_01_lod0_auto1_auto2_auto300v010
xmodelsurfs,#cave_wires_ceiling_01_lod0_auto1_auto2_auto3_auto400v010
xmodelsurfs,#cave_wires_ceiling_01_lod0_auto1_auto2_auto3_auto4_auto500v010
xmodelsurfs,#cave_wires_ceiling_01b_lod000v041
xmodelsurfs,#cave_wires_ceiling_01b_lod0_auto100v040
xmodelsurfs,#cave_wires_ceiling_01b_lod0_auto1_auto200v040
xmodelsurfs,#cave_wires_ceiling_01b_lod0_auto1_auto2_auto300v010
xmodelsurfs,#cave_wires_ceiling_01b_lod0_auto1_auto2_auto3_auto400v010
xmodelsurfs,#cave_wires_ceiling_01b_lod0_auto1_auto2_auto3_auto4_auto500v010
xmodelsurfs,#cave_wires_ceiling_01c_lod000v41
xmodelsurfs,#cave_wires_ceiling_01c_lod0_auto100v40
xmodelsurfs,#cave_wires_ceiling_01c_lod0_auto1_auto200v40
xmodelsurfs,#cave_wires_ceiling_01c_lod0_auto1_auto2_auto300v40
xmodelsurfs,#cave_wires_ceiling_01c_lod0_auto1_auto2_auto3_auto400v40
xmodelsurfs,#cave_wires_ground_01_lod000v011
xmodelsurfs,#cave_wires_ground_01_lod0_auto100v010
xmodelsurfs,#cave_wires_ground_01_lod0_auto1_auto200v010
xmodelsurfs,#cave_wires_ground_01_lod0_auto1_auto2_auto300v010
xmodelsurfs,#cave_wires_ground_01_lod0_auto1_auto2_auto3_auto400v010
xmodelsurfs,#cave_wires_ground_01_lod0_auto1_auto2_auto3_auto4_auto500v010
xmodelsurfs,#ch_crate24x32x48_lod010v41
xmodelsurfs,#ch_crate24x32x48_lod0_auto110v40
xmodelsurfs,#ch_crate24x32x48_lod0_auto1_auto210v40
xmodelsurfs,#ch_crate24x32x48_lodx10v40
xmodelsurfs,#ch_crate24x32x48_open_lod010v41
xmodelsurfs,#ch_crate24x32x48_open_lod0_auto110v40
xmodelsurfs,#ch_crate24x32x48_open_lod0_auto1_auto210v40
xmodelsurfs,#ch_crate24x32x48_open_lodx10v40
xmodelsurfs,#ch_crate24x32x64_lod010v41
xmodelsurfs,#ch_crate24x32x64_lod0_auto110v40
xmodelsurfs,#ch_crate24x32x64_lod0_auto1_auto210v40
xmodelsurfs,#ch_crate24x32x64_lodx10v40
xmodelsurfs,#ch_crate48x64_lod010v41
xmodelsurfs,#ch_crate48x64_lod0_auto110v40
xmodelsurfs,#ch_crate48x64_lod0_auto1_auto210v40
xmodelsurfs,#ch_crate48x64_lod0_auto1_auto2_auto310v40
xmodelsurfs,#ch_crate48x64_lodx10v40
xmodelsurfs,#ch_crate72x64_lod010v41
xmodelsurfs,#ch_crate72x64_lod0_auto110v40
xmodelsurfs,#ch_crate72x64_lod0_auto1_auto210v40
xmodelsurfs,#ch_crate72x64_lodx10v40
xmodelsurfs,#ch_crate72x64_open_lod010v41
xmodelsurfs,#ch_crate72x64_open_lod0_auto110v40
xmodelsurfs,#ch_crate72x64_open_lod0_auto1_auto210v40
xmodelsurfs,#ch_crate72x64_open_lodx10v40
xmodelsurfs,#cinderblock_01_01_lod010v41
xmodelsurfs,#cinderblock_01_01_lod0_auto110v40
xmodelsurfs,#cinderblock_01_01_lod0_auto1_auto210v40
xmodelsurfs,#cinderblock_01_destr_s1_f1_lod010v40
xmodelsurfs,#cinderblock_01_destr_s1_f1_lod0_auto110v40
xmodelsurfs,#cinderblock_01_destr_s1_f1_lod0_auto1_auto210v40
xmodelsurfs,#cinderblock_01_destr_s1_f2_lod010v40
xmodelsurfs,#cinderblock_01_destr_s1_f2_lod0_auto110v40
xmodelsurfs,#cinderblock_01_destr_s1_f2_lod0_auto1_auto210v40
xmodelsurfs,#cinderblock_01_destr_s1_f3_lod010v40
xmodelsurfs,#cinderblock_01_destr_s1_f3_lod0_auto110v40
xmodelsurfs,#cinderblock_01_destr_s1_f4_lod010v40
xmodelsurfs,#cinderblock_01_destr_s1_f4_lod0_auto110v40
xmodelsurfs,#cinderblock_stacked_01_lod010v41
xmodelsurfs,#cinderblock_stacked_01_lod0_auto110v40
xmodelsurfs,#cinderblock_stacked_01_lod0_auto1_auto210v40
xmodelsurfs,#cinderblock_stacked_01_lod0_auto1_auto2_auto310v40
xmodelsurfs,#cinderblock_stacked_01_lodx10v40
xmodelsurfs,#cinderblock_wall_endcap_01_24_destr_s1_f10_lod010v010
xmodelsurfs,#cinderblock_wall_endcap_01_24_destr_s1_f10_lod0_auto110v010
xmodelsurfs,#cinderblock_wall_endcap_01_24_destr_s1_f10_lod0_auto1_auto210v010
xmodelsurfs,#cinderblock_wall_endcap_01_24_destr_s1_f11_lod010v010
xmodelsurfs,#cinderblock_wall_endcap_01_24_destr_s1_f11_lod0_auto110v010
xmodelsurfs,#cinderblock_wall_endcap_01_24_destr_s1_f11_lod0_auto1_auto210v010
xmodelsurfs,#cinderblock_wall_endcap_01_24_destr_s1_f12_lod010v010
xmodelsurfs,#cinderblock_wall_endcap_01_24_destr_s1_f12_lod0_auto110v010
xmodelsurfs,#cinderblock_wall_endcap_01_24_destr_s1_f12_lod0_auto1_auto210v010
xmodelsurfs,#cinderblock_wall_endcap_01_24_destr_s1_f13_lod010v010
xmodelsurfs,#cinderblock_wall_endcap_01_24_destr_s1_f13_lod0_auto110v010
xmodelsurfs,#cinderblock_wall_endcap_01_24_destr_s1_f13_lod0_auto1_auto210v010
xmodelsurfs,#cinderblock_wall_endcap_01_24_destr_s1_f14_lod010v010
xmodelsurfs,#cinderblock_wall_endcap_01_24_destr_s1_f14_lod0_auto110v010
xmodelsurfs,#cinderblock_wall_endcap_01_24_destr_s1_f14_lod0_auto1_auto210v010
xmodelsurfs,#cinderblock_wall_endcap_01_24_destr_s1_f15_lod010v010
xmodelsurfs,#cinderblock_wall_endcap_01_24_destr_s1_f15_lod0_auto110v010
xmodelsurfs,#cinderblock_wall_endcap_01_24_destr_s1_f15_lod0_auto1_auto210v010
xmodelsurfs,#cinderblock_wall_endcap_01_24_destr_s1_f16_lod010v010
xmodelsurfs,#cinderblock_wall_endcap_01_24_destr_s1_f16_lod0_auto110v010
xmodelsurfs,#cinderblock_wall_endcap_01_24_destr_s1_f16_lod0_auto1_auto210v010
xmodelsurfs,#cinderblock_wall_endcap_01_24_destr_s1_f1_lod010v010
xmodelsurfs,#cinderblock_wall_endcap_01_24_destr_s1_f1_lod0_auto110v010
xmodelsurfs,#cinderblock_wall_endcap_01_24_destr_s1_f1_lod0_auto1_auto210v010
xmodelsurfs,#cinderblock_wall_endcap_01_24_destr_s1_f2_lod010v010
xmodelsurfs,#cinderblock_wall_endcap_01_24_destr_s1_f2_lod0_auto110v010
xmodelsurfs,#cinderblock_wall_endcap_01_24_destr_s1_f2_lod0_auto1_auto210v010
xmodelsurfs,#cinderblock_wall_endcap_01_24_destr_s1_f3_lod010v010
xmodelsurfs,#cinderblock_wall_endcap_01_24_destr_s1_f3_lod0_auto110v010
xmodelsurfs,#cinderblock_wall_endcap_01_24_destr_s1_f3_lod0_auto1_auto210v010
xmodelsurfs,#cinderblock_wall_endcap_01_24_destr_s1_f4_lod010v010
xmodelsurfs,#cinderblock_wall_endcap_01_24_destr_s1_f4_lod0_auto110v010
xmodelsurfs,#cinderblock_wall_endcap_01_24_destr_s1_f4_lod0_auto1_auto210v010
xmodelsurfs,#cinderblock_wall_endcap_01_24_destr_s1_f5_lod010v010
xmodelsurfs,#cinderblock_wall_endcap_01_24_destr_s1_f5_lod0_auto110v010
xmodelsurfs,#cinderblock_wall_endcap_01_24_destr_s1_f5_lod0_auto1_auto210v010
xmodelsurfs,#cinderblock_wall_endcap_01_24_destr_s1_f6_lod010v010
xmodelsurfs,#cinderblock_wall_endcap_01_24_destr_s1_f6_lod0_auto110v010
xmodelsurfs,#cinderblock_wall_endcap_01_24_destr_s1_f6_lod0_auto1_auto210v010
xmodelsurfs,#cinderblock_wall_endcap_01_24_destr_s1_f7_lod010v010
xmodelsurfs,#cinderblock_wall_endcap_01_24_destr_s1_f7_lod0_auto110v010
xmodelsurfs,#cinderblock_wall_endcap_01_24_destr_s1_f7_lod0_auto1_auto210v010
xmodelsurfs,#cinderblock_wall_endcap_01_24_destr_s1_f8_lod010v010
xmodelsurfs,#cinderblock_wall_endcap_01_24_destr_s1_f8_lod0_auto110v010
xmodelsurfs,#cinderblock_wall_endcap_01_24_destr_s1_f8_lod0_auto1_auto210v010
xmodelsurfs,#cinderblock_wall_endcap_01_24_destr_s1_f9_lod010v010
xmodelsurfs,#cinderblock_wall_endcap_01_24_destr_s1_f9_lod0_auto110v010
xmodelsurfs,#cinderblock_wall_endcap_01_24_destr_s1_f9_lod0_auto1_auto210v010
xmodelsurfs,#cinderblock_wall_endcap_01_24_lod010v011
xmodelsurfs,#cinderblock_wall_endcap_01_24_lod0_auto110v010
xmodelsurfs,#cinderblock_wall_endcap_01_24_lod0_auto1_auto210v40
xmodelsurfs,#cinderblock_wall_endcap_01_24_lod310v40
xmodelsurfs,#cinderblock_wall_endcap_01_32_lod010v41
xmodelsurfs,#cinderblock_wall_endcap_01_32_lod0_auto110v40
xmodelsurfs,#cinderblock_wall_endcap_01_32_lod0_auto1_auto210v40
xmodelsurfs,#cinderblock_wall_endcap_01_32_lod310v40
xmodelsurfs,#cinderblock_wall_topper_01_08_lod010v41
xmodelsurfs,#cinderblock_wall_topper_01_08_lod0_auto110v40
xmodelsurfs,#cinderblock_wall_topper_01_08_lod0_auto1_auto210v40
xmodelsurfs,#cinderblock_wall_topper_01_16_destr_s1_f1_lod010v40
xmodelsurfs,#cinderblock_wall_topper_01_16_destr_s1_f1_lod0_auto110v40
xmodelsurfs,#cinderblock_wall_topper_01_16_destr_s1_f2_lod010v40
xmodelsurfs,#cinderblock_wall_topper_01_16_destr_s1_f2_lod0_auto110v40
xmodelsurfs,#cinderblock_wall_topper_01_16_destr_s1_f3_lod010v40
xmodelsurfs,#cinderblock_wall_topper_01_16_destr_s1_f3_lod0_auto110v40
xmodelsurfs,#cinderblock_wall_topper_01_16_destr_s1_f4_lod010v40
xmodelsurfs,#cinderblock_wall_topper_01_16_destr_s1_f4_lod0_auto110v40
xmodelsurfs,#cinderblock_wall_topper_01_16_destr_s1_f5_lod010v40
xmodelsurfs,#cinderblock_wall_topper_01_16_destr_s1_f5_lod0_auto110v40
xmodelsurfs,#cinderblock_wall_topper_01_16_lod010v011
xmodelsurfs,#cinderblock_wall_topper_01_16_lod0_auto110v010
xmodelsurfs,#cinderblock_wall_topper_01_16_lodx10v40
xmodelsurfs,#cinderblock_wall_topper_01_32_lod010v011
xmodelsurfs,#cinderblock_wall_topper_01_32_lod0_auto110v010
xmodelsurfs,#cinderblock_wall_topper_01_32_lod0_auto110v40
xmodelsurfs,#cinderblock_wall_topper_01_32_lod0_auto1_auto210v010
xmodelsurfs,#cinderblock_wall_topper_01_32_lod0_auto1_auto210v40
xmodelsurfs,#cinderblock_wall_topper_01_32_lod310v40
xmodelsurfs,#cinderblock_wall_topper_01_48_lod010v41
xmodelsurfs,#cinderblock_wall_topper_01_48_lod0_auto110v40
xmodelsurfs,#cinderblock_wall_topper_01_48_lod0_auto1_auto210v40
xmodelsurfs,#cinderblock_wall_topper_01_64_lod010v011
xmodelsurfs,#cinderblock_wall_topper_01_64_lod0_auto110v010
xmodelsurfs,#cinderblock_wall_topper_01_64_lod0_auto1_auto210v40
xmodelsurfs,#cinderblock_wall_topper_01_64_lod0_auto1_auto2_auto310v40
xmodelsurfs,#conduit_metal_outlet_box_lod010v41
xmodelsurfs,#conduit_metal_outlet_box_lod0_auto110v40
xmodelsurfs,#construction_window_frames_wood_painted_single_white_lod010v011
xmodelsurfs,#construction_window_frames_wood_painted_single_white_lod0_auto110v010
xmodelsurfs,#construction_window_frames_wood_painted_single_white_lod0_auto1_auto210-1-v40
xmodelsurfs,#construction_wood_lath_01_lrg_beam_lod0_auto010v410v41
xmodelsurfs,#construction_wood_lath_01_lrg_beam_lod0_auto0_auto110v40
xmodelsurfs,#construction_wood_lath_01_lrg_beam_lod0_auto0_auto1_auto210v40
xmodelsurfs,#container_barrel_plastic_01_closed_white_lod010v41
xmodelsurfs,#container_barrel_plastic_01_closed_white_lod0_auto110v40
xmodelsurfs,#container_barrel_plastic_01_closed_white_lod0_auto1_auto210v40
xmodelsurfs,#container_barrel_plastic_01_closed_white_lod0_auto1_auto2_auto310v40
xmodelsurfs,#container_barrel_plastic_01_closed_white_lod0_auto1_auto2_auto3_auto410v40
xmodelsurfs,#container_barrel_plastic_01_closed_white_lodx10v40
xmodelsurfs,#container_gas_tank_01_lod010v41
xmodelsurfs,#container_gas_tank_01_lod0_auto110v40
xmodelsurfs,#container_gas_tank_01_lod0_auto1_auto210v40
xmodelsurfs,#container_gas_tank_01_lodx10v40
xmodelsurfs,#container_water_industrial_caged_01_lod000v011
xmodelsurfs,#container_water_industrial_caged_01_lod0_auto100v010
xmodelsurfs,#container_water_industrial_caged_01_lod0_auto1_auto200v010
xmodelsurfs,#container_water_industrial_caged_01_lod0_auto1_auto2_auto300v40
xmodelsurfs,#container_water_industrial_caged_01_lod0_auto1_auto2_auto3_auto400v40
xmodelsurfs,#corner_damage_02_b_lod010-1-v411
xmodelsurfs,#corner_damage_02_b_lod0_auto110-1-v410
xmodelsurfs,#corner_damage_02_b_lod0_auto1_auto210-1-v410
xmodelsurfs,#corner_damage_02_b_lod0_auto1_auto2_auto310-1-v40
xmodelsurfs,#couch_ornate_destroyed_02_lod010v041
xmodelsurfs,#couch_ornate_destroyed_02_lod0_auto110v040
xmodelsurfs,#couch_ornate_destroyed_02_lod0_auto1_auto210v040
xmodelsurfs,#couch_ornate_destroyed_02_lod0_auto1_auto2_auto310v040
xmodelsurfs,#couch_ornate_destroyed_02_lodx10v40
xmodelsurfs,#cp_rave_bathroom_sink_lod010v41
xmodelsurfs,#cp_rave_bathroom_sink_lod0_auto110v40
xmodelsurfs,#cp_rave_bathroom_sink_lod0_auto1_auto210v40
xmodelsurfs,#crate_plastic_sml_01_green_lod010va11
xmodelsurfs,#crate_plastic_sml_01_green_lod0_auto110va10
xmodelsurfs,#crate_plastic_sml_01_green_lod0_auto1_auto210va10
xmodelsurfs,#crate_plastic_sml_01_green_lod0_auto1_auto2_auto310va10
xmodelsurfs,#debris_cinderblock_pile_a_01_lod010v41
xmodelsurfs,#debris_cinderblock_pile_a_01_lod0_auto110v40
xmodelsurfs,#debris_cinderblock_pile_a_01_lod0_auto1_auto210v40
xmodelsurfs,#debris_cinderblock_pile_a_01_lod0_auto1_auto2_auto310v40
xmodelsurfs,#debris_fabric_pile_03_lod010v41
xmodelsurfs,#debris_fabric_pile_03_lod0_auto110v40
xmodelsurfs,#debris_fabric_pile_03_lod0_auto1_auto210v40
xmodelsurfs,#debris_fabric_pile_03_lod0_auto1_auto2_auto310v40
xmodelsurfs,#debris_fabric_pile_04_lod010v41
xmodelsurfs,#debris_fabric_pile_04_lod0_auto110v40
xmodelsurfs,#debris_fabric_pile_04_lod0_auto1_auto210v40
xmodelsurfs,#debris_fabric_pile_04_lod0_auto1_auto2_auto310v40
xmodelsurfs,#debris_fabric_pile_05_lod010v41
xmodelsurfs,#debris_fabric_pile_05_lod0_auto110v40
xmodelsurfs,#debris_fabric_pile_05_lod0_auto1_auto210v40
xmodelsurfs,#debris_fabric_pile_05_lod0_auto1_auto2_auto310v40
xmodelsurfs,#debris_fabric_pile_05_lod0_auto1_auto2_auto3_auto410v40
xmodelsurfs,#debris_junk_tire_01_lod000v41
xmodelsurfs,#debris_junk_tire_01_lod0_auto100v40
xmodelsurfs,#debris_junk_tire_01_lod0_auto1_auto200v40
xmodelsurfs,#debris_junk_tire_01_lod0_auto1_auto2_auto300v40
xmodelsurfs,#debris_stone_blocks_01_lod010v41
xmodelsurfs,#debris_stone_blocks_02_lod010v41
xmodelsurfs,#debris_stone_blocks_02_lod0_auto110v40
xmodelsurfs,#debris_stone_blocks_03_lod010v41
xmodelsurfs,#debris_stone_blocks_03_lod0_auto110v40
xmodelsurfs,#debris_stone_blocks_03_lod0_auto1_auto210v40
xmodelsurfs,#debris_stone_blocks_04_lod010v41
xmodelsurfs,#debris_stone_blocks_04_lod0_auto110v40
xmodelsurfs,#debris_stone_blocks_05_lod010v41
xmodelsurfs,#debris_stone_blocks_05_lod0_auto110v40
xmodelsurfs,#debris_stone_blocks_05_lod0_auto1_auto210v40
xmodelsurfs,#debris_stone_blocks_06_lod010v41
xmodelsurfs,#debris_stone_blocks_06_lod0_auto110v40
xmodelsurfs,#debris_stone_blocks_06_lod0_auto1_auto210v40
xmodelsurfs,#debris_stone_blocks_pile_1_lod010v41
xmodelsurfs,#debris_stone_blocks_pile_1_lod0_auto110v40
xmodelsurfs,#debris_stone_blocks_pile_1_lod0_auto1_auto210v40
xmodelsurfs,#debris_stone_blocks_pile_1_lod0_auto1_auto2_auto310v40
xmodelsurfs,#debris_stone_blocks_pile_2_lod010v41
xmodelsurfs,#debris_stone_blocks_pile_2_lod0_auto110v40
xmodelsurfs,#debris_stone_blocks_pile_2_lod0_auto1_auto210v40
xmodelsurfs,#debris_stone_blocks_pile_2_lod0_auto1_auto2_auto310v40
xmodelsurfs,#debris_stone_blocks_pile_corner_1_lod010v41
xmodelsurfs,#debris_stone_blocks_pile_corner_1_lod0_auto110v40
xmodelsurfs,#debris_stone_blocks_pile_corner_1_lod0_auto1_auto210v40
xmodelsurfs,#debris_stone_blocks_pile_corner_1_lod0_auto1_auto2_auto310v40
xmodelsurfs,#debris_stone_blocks_pile_curve_sidewalk_1_lod010v41
xmodelsurfs,#debris_stone_blocks_pile_curve_sidewalk_1_lod0_auto110v40
xmodelsurfs,#debris_stone_blocks_pile_curve_sidewalk_1_lod0_auto1_auto210v40
xmodelsurfs,#debris_stone_blocks_pile_curve_sidewalk_1_lod0_auto1_auto2_auto310v40
xmodelsurfs,#debris_stone_blocks_pile_curve_sidewalk_2_lod010v41
xmodelsurfs,#debris_stone_blocks_pile_curve_sidewalk_2_lod0_auto110v40
xmodelsurfs,#debris_stone_blocks_pile_curve_sidewalk_2_lod0_auto1_auto210v40
xmodelsurfs,#debris_stone_blocks_pile_curve_sidewalk_2_lod0_auto1_auto2_auto310v40
xmodelsurfs,#debris_stone_blocks_pile_curve_sidewalk_2_lod0_auto1_auto2_auto3_auto410v40
xmodelsurfs,#debris_stone_blocks_pile_curve_sidewalk_2_lod0_auto1_auto2_auto3_auto4_auto510v40
xmodelsurfs,#debris_stone_blocks_pile_wall_1_lod010v41
xmodelsurfs,#debris_stone_blocks_pile_wall_1_lod0_auto110v40
xmodelsurfs,#debris_stone_blocks_pile_wall_1_lod0_auto1_auto210v40
xmodelsurfs,#debris_stone_blocks_pile_wall_1_lod0_auto1_auto2_auto310v40
xmodelsurfs,#debris_stone_blocks_pile_wall_2_lod010v41
xmodelsurfs,#debris_stone_blocks_pile_wall_2_lod0_auto110v40
xmodelsurfs,#debris_stone_blocks_pile_wall_2_lod0_auto1_auto210v40
xmodelsurfs,#debris_stone_blocks_pile_wall_2_lod0_auto1_auto2_auto310v40
xmodelsurfs,#decor_barrel_wood_01_lod010v41
xmodelsurfs,#decor_barrel_wood_01_lod0_auto110v40
xmodelsurfs,#decor_barrel_wood_01_lod0_auto1_auto210v40
xmodelsurfs,#decor_barrel_wood_01_lod0_auto1_auto2_auto310v40
xmodelsurfs,#decor_blankets_01_single_pattern_1_01_lod010v41
xmodelsurfs,#decor_blankets_01_single_pattern_1_01_lod0_auto110v40
xmodelsurfs,#decor_blankets_01_single_pattern_1_01_lod0_auto1_auto210v40
xmodelsurfs,#decor_blankets_01_single_pattern_1_01_lod0_auto1_auto2_auto310v40
xmodelsurfs,#decor_blankets_01_single_pattern_1_03_lod010v41
xmodelsurfs,#decor_blankets_01_single_pattern_1_03_lod0_auto110v40
xmodelsurfs,#decor_blankets_01_single_pattern_1_03_lod0_auto1_auto210v40
xmodelsurfs,#decor_blankets_01_single_pattern_1_04_lod010v41
xmodelsurfs,#decor_blankets_01_single_pattern_1_04_lod0_auto110v40
xmodelsurfs,#decor_blankets_01_single_pattern_1_04_lod0_auto1_auto210v40
xmodelsurfs,#decor_blankets_01_single_pattern_1_04_lod0_auto1_auto2_auto310v40
xmodelsurfs,#decor_blankets_01_stack_01_lod0_auto010v410v41
xmodelsurfs,#decor_blankets_01_stack_01_lod0_auto0_auto110v40
xmodelsurfs,#decor_blankets_01_stack_01_lod0_auto0_auto1_auto210v40
xmodelsurfs,#decor_blankets_01_stack_01_lod0_auto0_auto1_auto2_auto310v40
xmodelsurfs,#decor_blankets_01_stack_02_lod0_auto010v410v41
xmodelsurfs,#decor_blankets_01_stack_02_lod0_auto0_auto110v40
xmodelsurfs,#decor_blankets_01_stack_02_lod0_auto0_auto1_auto210v40
xmodelsurfs,#decor_blankets_01_stack_02_lod0_auto0_auto1_auto2_auto310v40
xmodelsurfs,#decor_blankets_01_stack_02_lod0_auto0_auto1_auto2_auto3_auto410v40
xmodelsurfs,#decor_blankets_01_stack_03_lod0_auto010v410v41
xmodelsurfs,#decor_blankets_01_stack_03_lod0_auto0_auto110v40
xmodelsurfs,#decor_blankets_01_stack_03_lod0_auto0_auto1_auto210v40
xmodelsurfs,#decor_blankets_01_stack_03_lod0_auto0_auto1_auto2_auto310v40
xmodelsurfs,#decor_blankets_01_stack_03_lod0_auto0_auto1_auto2_auto3_auto410v40
xmodelsurfs,#decor_cafe_planters_02_lod010v241
xmodelsurfs,#decor_cafe_planters_02_lod110v240
xmodelsurfs,#decor_cafe_planters_02_lod210v240
xmodelsurfs,#decor_cafe_planters_02_lod310v60
xmodelsurfs,#decor_cafe_sheesha_damaged_s1_f1_lod010-1-v410
xmodelsurfs,#decor_cafe_sheesha_damaged_s1_f1_lod0_auto110-1-v410
xmodelsurfs,#decor_cafe_sheesha_damaged_s1_f1_lod0_auto1_auto210-1-v410
xmodelsurfs,#decor_cafe_sheesha_damaged_s1_f2_lod010v40
xmodelsurfs,#decor_cafe_sheesha_damaged_s1_f3_lod010v50
xmodelsurfs,#decor_cafe_sheesha_damaged_s1_f3_lod0_auto110v50
xmodelsurfs,#decor_cafe_sheesha_damaged_s1_f4_lod010-1-v410
xmodelsurfs,#decor_cafe_sheesha_damaged_s1_f5_lod010v40
xmodelsurfs,#decor_cafe_sheesha_damaged_s1_f5_lod0_auto110v40
xmodelsurfs,#decor_containers_01_small_blue_lod010-85-ve71
xmodelsurfs,#decor_containers_01_small_blue_lod0_auto110-85-ve70
xmodelsurfs,#decor_containers_01_small_blue_lod0_auto1_auto210-85-ve70
xmodelsurfs,#decor_containers_small_01_destr_s1_f1_lod010-2-ve71
xmodelsurfs,#decor_containers_small_01_destr_s1_f1_lod0_auto110-2-ve70
xmodelsurfs,#decor_containers_small_01_destr_s1_f1_lod0_auto1_auto210-2-vf10
xmodelsurfs,#decor_drying_rack_01_clean_lod010v41
xmodelsurfs,#decor_drying_rack_01_clean_lod0_auto110v40
xmodelsurfs,#decor_drying_rack_01_clean_lod0_auto1_auto210v40
xmodelsurfs,#decor_drying_rack_01_clean_lod0_auto1_auto2_auto310v40
xmodelsurfs,#decor_drying_rack_01_clean_lod0_auto1_auto2_auto3_auto410v40
xmodelsurfs,#decor_drying_rack_01_clean_lod0_auto1_auto2_auto3_auto4_auto510v40
xmodelsurfs,#decor_drying_rack_01_cup_01_lod010v41
xmodelsurfs,#decor_drying_rack_01_cup_01_lod0_auto110v40
xmodelsurfs,#decor_drying_rack_01_cup_01_s1_f1_lod010v40
xmodelsurfs,#decor_drying_rack_01_cup_01_s1_f1_lod0_auto110v40
xmodelsurfs,#decor_drying_rack_01_cup_01_s1_f2_lod010v40
xmodelsurfs,#decor_drying_rack_01_cup_01_s1_f2_lod0_auto110v40
xmodelsurfs,#decor_drying_rack_01_cup_01_s1_f2_lod0_auto1_auto210v40
xmodelsurfs,#decor_drying_rack_01_cup_01_s1_f3_lod010v40
xmodelsurfs,#decor_drying_rack_01_cup_01_s1_f3_lod0_auto110v40
xmodelsurfs,#decor_drying_rack_01_plate_01_lod010v41
xmodelsurfs,#decor_drying_rack_01_plate_01_lod0_auto110v40
xmodelsurfs,#decor_drying_rack_01_plate_01_s1_f1_lod010v40
xmodelsurfs,#decor_drying_rack_01_plate_01_s1_f1_lod0_auto110v40
xmodelsurfs,#decor_drying_rack_01_plate_01_s1_f2_lod010v40
xmodelsurfs,#decor_drying_rack_01_plate_01_s1_f2_lod0_auto110v40
xmodelsurfs,#decor_drying_rack_01_plate_01_s1_f3_lod010v40
xmodelsurfs,#decor_drying_rack_01_plate_01_s1_f3_lod0_auto110v40
xmodelsurfs,#decor_drying_rack_01_plate_01_s1_f3_lod0_auto1_auto210v40
xmodelsurfs,#decor_drying_rack_01_plate_02_lod010v41
xmodelsurfs,#decor_drying_rack_01_plate_02_lod0_auto110v40
xmodelsurfs,#decor_drying_rack_01_plate_02_lod0_auto1_auto210v40
xmodelsurfs,#decor_drying_rack_01_plate_02_s1_f1_lod010v40
xmodelsurfs,#decor_drying_rack_01_plate_02_s1_f1_lod0_auto110v40
xmodelsurfs,#decor_drying_rack_01_plate_02_s1_f2_lod010v40
xmodelsurfs,#decor_drying_rack_01_plate_02_s1_f2_lod0_auto110v40
xmodelsurfs,#decor_drying_rack_01_plate_02_s1_f3_lod010v40
xmodelsurfs,#decor_drying_rack_01_plate_02_s1_f3_lod0_auto110v40
xmodelsurfs,#decor_drying_rack_01_plate_03_lod010v41
xmodelsurfs,#decor_drying_rack_01_plate_03_lod0_auto110v40
xmodelsurfs,#decor_drying_rack_01_plate_03_lod0_auto1_auto210v40
xmodelsurfs,#decor_drying_rack_01_plate_03_s1_f1_lod010v40
xmodelsurfs,#decor_drying_rack_01_plate_03_s1_f1_lod0_auto110v40
xmodelsurfs,#decor_drying_rack_01_plate_03_s1_f1_lod0_auto1_auto210v40
xmodelsurfs,#decor_drying_rack_01_plate_03_s1_f2_lod010v40
xmodelsurfs,#decor_drying_rack_01_plate_03_s1_f2_lod0_auto110v40
xmodelsurfs,#decor_drying_rack_01_plate_03_s1_f2_lod0_auto1_auto210v40
xmodelsurfs,#decor_drying_rack_01_plate_03_s1_f3_lod010v40
xmodelsurfs,#decor_drying_rack_01_plate_03_s1_f3_lod0_auto110v40
xmodelsurfs,#decor_drying_rack_01_plate_03_s1_f3_lod0_auto1_auto210v40
xmodelsurfs,#decor_hanged_clothes_01_sweater_lod010v61
xmodelsurfs,#decor_hanged_clothes_01_sweater_lod0_auto110v60
xmodelsurfs,#decor_hanged_clothes_01_sweater_lod0_auto1_auto210v60
xmodelsurfs,#decor_hanged_clothes_01_sweater_lod0_auto1_auto2_auto310v60
xmodelsurfs,#decor_hanged_clothes_01_towel_lod010v61
xmodelsurfs,#decor_hanged_clothes_01_towel_lod0_auto110v60
xmodelsurfs,#decor_hanged_clothes_01_towel_lod0_auto1_auto210v60
xmodelsurfs,#decor_hanged_clothes_01_towel_lod0_auto1_auto2_auto310v60
xmodelsurfs,#decor_metal_barrel_faucet_01_lod010v61
xmodelsurfs,#decor_metal_barrel_faucet_01_lod0_auto110v60
xmodelsurfs,#decor_metal_barrel_faucet_01_lod0_auto1_auto210v60
xmodelsurfs,#decor_metal_barrel_faucet_01_lod0_auto1_auto2_auto310v60
xmodelsurfs,#decor_misc_props_01_bottle_destr_s1_f3_lod010-1-v510
xmodelsurfs,#decor_misc_props_01_bottle_destr_s1_f3_lod0_auto110-1-v50
xmodelsurfs,#decor_misc_props_01_bottle_destr_s1_f4_lod010-1-v510
xmodelsurfs,#decor_misc_props_01_bottle_lod000-1-v511
xmodelsurfs,#decor_misc_props_01_bottle_lod0_auto100-1-v50
xmodelsurfs,#decor_misc_props_01_jar_cap_destr_lod010v40
xmodelsurfs,#decor_misc_props_01_jar_cap_destr_lod0_auto110v40
xmodelsurfs,#decor_misc_props_01_jar_small_lod000-1-v451
xmodelsurfs,#decor_misc_props_01_jar_small_lod0_auto100-1-v450
xmodelsurfs,#decor_misc_props_01_jar_small_lod0_auto1_auto200-1-v450
xmodelsurfs,#decor_misc_props_01_shelf_metal_lod010v41
xmodelsurfs,#decor_misc_props_01_shelf_metal_lod0_auto110v40
xmodelsurfs,#decor_misc_props_01_shelf_metal_lod0_auto1_auto210v40
xmodelsurfs,#decor_ornate_stone_trim_8_lod000v011
xmodelsurfs,#decor_ornate_stone_trim_8_lod0_auto100v010
xmodelsurfs,#decor_ornate_stone_trim_8_lod0_auto1_auto200v010
xmodelsurfs,#decor_plastic_buckets_01_big_white_lod010v41
xmodelsurfs,#decor_plastic_buckets_01_big_white_lod0_auto110v40
xmodelsurfs,#decor_plastic_buckets_01_big_white_lod0_auto1_auto210v40
xmodelsurfs,#decor_plastic_buckets_01_big_white_lod0_auto1_auto2_auto310v40
xmodelsurfs,#decor_rope_thick_draped_01_lod010v810
xmodelsurfs,#decor_rope_thick_draped_01_lod0_auto110v810
xmodelsurfs,#decor_rope_thick_draped_01_lod0_auto1_auto210v40
xmodelsurfs,#decor_rope_thick_draped_01_lod0_auto1_auto2_auto310v40
xmodelsurfs,#decor_rope_thick_draped_01_lod0_auto1_auto2_auto3_auto410v40
xmodelsurfs,#decor_rope_thick_large_bridge_lod010v41
xmodelsurfs,#decor_rope_thick_large_bridge_lod0_auto110v40
xmodelsurfs,#decor_rope_thick_large_bridge_lod0_auto1_auto210v40
xmodelsurfs,#decor_serving_tray_01_single_lod010v011
xmodelsurfs,#decor_serving_tray_01_single_lod0_auto110v010
xmodelsurfs,#decor_serving_tray_01_single_lod0_auto1_auto210v010
xmodelsurfs,#decor_serving_tray_01_single_lod0_auto1_auto2_auto310v010
xmodelsurfs,#decor_shoes_01_sandals_female_blue_left_lod010v41
xmodelsurfs,#decor_shoes_01_sandals_female_blue_left_lod0_auto110v40
xmodelsurfs,#decor_shoes_01_sandals_female_blue_left_lod0_auto1_auto210v40
xmodelsurfs,#decor_shoes_01_sandals_female_blue_right_lod010v41
xmodelsurfs,#decor_shoes_01_sandals_female_blue_right_lod0_auto110v40
xmodelsurfs,#decor_shoes_01_sandals_female_blue_right_lod0_auto1_auto210v40
xmodelsurfs,#decor_shoes_01_sandals_male_brown_left_lod010v41
xmodelsurfs,#decor_shoes_01_sandals_male_brown_left_lod0_auto110v40
xmodelsurfs,#decor_shoes_01_sandals_male_brown_left_lod0_auto1_auto210v40
xmodelsurfs,#decor_shoes_01_sandals_male_brown_left_lod0_auto1_auto2_auto310v40
xmodelsurfs,#decor_shoes_01_sandals_male_brown_right_lod010v41
xmodelsurfs,#decor_shoes_01_sandals_male_brown_right_lod0_auto110v40
xmodelsurfs,#decor_shoes_01_sandals_male_brown_right_lod0_auto1_auto210v40
xmodelsurfs,#decor_water_storage_container_01_white_lod010v41
xmodelsurfs,#decor_water_storage_container_01_white_lod0_auto110v40
xmodelsurfs,#decor_water_storage_container_01_white_lod0_auto1_auto210v40
xmodelsurfs,#decor_water_storage_container_01_white_lodx10v40
xmodelsurfs,#decor_wheelbarrow_01_lod010v011
xmodelsurfs,#decor_wheelbarrow_01_lod0_auto110v010
xmodelsurfs,#decor_wheelbarrow_01_lod0_auto1_auto210v010
xmodelsurfs,#decor_wheelbarrow_01_lod0_auto1_auto2_auto310v010
xmodelsurfs,#decor_wheelbarrow_01_lod0_auto1_auto2_auto3_auto410v40
xmodelsurfs,#decor_worn_curtains_large_02_lod010-2-v270
xmodelsurfs,#decor_worn_curtains_large_02_lod0_auto110-2-v270
xmodelsurfs,#decor_worn_curtains_large_02_lod0_auto1_auto210-2-ve10
xmodelsurfs,#decor_worn_curtains_large_02_lod0_auto1_auto2_auto310-2-ve10
xmodelsurfs,#destruction_debris_plaster_concrete_edge_01_lod010v41
xmodelsurfs,#destruction_debris_plaster_concrete_edge_01_lod0_auto110v40
xmodelsurfs,#destruction_debris_plaster_concrete_edge_01_lod0_auto1_auto210v40
xmodelsurfs,#destruction_debris_plaster_concrete_edge_01_lod0_auto1_auto2_auto310v40
xmodelsurfs,#destruction_debris_plaster_concrete_edge_02_lod010v41
xmodelsurfs,#destruction_debris_plaster_concrete_edge_02_lod0_auto110v40
xmodelsurfs,#destruction_debris_plaster_concrete_edge_02_lod0_auto1_auto210v40
xmodelsurfs,#destruction_debris_plaster_concrete_edge_02_lod0_auto1_auto2_auto310v40
xmodelsurfs,#destruction_debris_plaster_concrete_edge_03_lod010v41
xmodelsurfs,#destruction_debris_plaster_concrete_edge_03_lod0_auto110v40
xmodelsurfs,#destruction_debris_plaster_concrete_edge_03_lod0_auto1_auto210v40
xmodelsurfs,#destruction_debris_plaster_concrete_edge_04_lod010v41
xmodelsurfs,#destruction_debris_plaster_concrete_edge_04_lod0_auto110v40
xmodelsurfs,#destruction_debris_plaster_concrete_edge_04_lod0_auto1_auto210v40
xmodelsurfs,#destruction_debris_plaster_concrete_edge_05_lod010v41
xmodelsurfs,#destruction_debris_plaster_concrete_edge_05_lod0_auto110v40
xmodelsurfs,#destruction_debris_plaster_concrete_edge_05_lod0_auto1_auto210v40
xmodelsurfs,#destruction_debris_plaster_concrete_edge_06_lod010v41
xmodelsurfs,#destruction_debris_plaster_concrete_edge_06_lod0_auto110v40
xmodelsurfs,#destruction_debris_plaster_concrete_edge_06_lod0_auto1_auto210v40
xmodelsurfs,#destruction_debris_plaster_concrete_edge_07_lod010v41
xmodelsurfs,#destruction_debris_plaster_concrete_edge_07_lod0_auto110v40
xmodelsurfs,#destruction_debris_plaster_concrete_edge_07_lod0_auto1_auto210v40
xmodelsurfs,#destruction_debris_plaster_concrete_edge_07_lod0_auto1_auto2_auto310v40
xmodelsurfs,#destruction_debris_plaster_concrete_edge_07_lod0_auto1_auto2_auto3_auto410v40
xmodelsurfs,#destruction_debris_plaster_concrete_edge_08_lod010v41
xmodelsurfs,#destruction_debris_plaster_concrete_edge_08_lod0_auto110v40
xmodelsurfs,#destruction_debris_plaster_concrete_edge_08_lod0_auto1_auto210v40
xmodelsurfs,#destruction_debris_plaster_concrete_edge_08_lod0_auto1_auto2_auto310v40
xmodelsurfs,#destruction_debris_plaster_concrete_edge_08_lod0_auto1_auto2_auto3_auto410v40
xmodelsurfs,#destruction_debris_plaster_concrete_edge_09_lod010v41
xmodelsurfs,#destruction_debris_plaster_concrete_edge_09_lod0_auto110v40
xmodelsurfs,#destruction_debris_plaster_concrete_edge_09_lod0_auto1_auto210v40
xmodelsurfs,#destruction_debris_plaster_concrete_edge_10_lod010v41
xmodelsurfs,#destruction_debris_plaster_concrete_edge_10_lod0_auto110v40
xmodelsurfs,#destruction_debris_plaster_concrete_edge_10_lod0_auto1_auto210v40
xmodelsurfs,#destruction_debris_plaster_concrete_edge_11_lod010v40
xmodelsurfs,#destruction_debris_plaster_concrete_edge_11_lod0_auto110v40
xmodelsurfs,#destruction_debris_plaster_concrete_edge_11_lod0_auto1_auto210v40
xmodelsurfs,#destruction_debris_plaster_concrete_edge_12_lod010v41
xmodelsurfs,#destruction_debris_plaster_concrete_edge_12_lod0_auto110v40
xmodelsurfs,#destruction_debris_plaster_concrete_edge_12_lod0_auto1_auto210v40
xmodelsurfs,#dogtags_iw7_fr_lod000-85-vc50
xmodelsurfs,#dogtags_iw7_fr_lod0_auto100-85-vc50
xmodelsurfs,#dogtags_iw7_fr_lod0_auto1_auto200-85-vc50
xmodelsurfs,#dogtags_iw7_fr_lod0_auto1_auto2_auto300-85-vc50
xmodelsurfs,#door_metal_roller_01_destroyed_large_04_open_lod010v41
xmodelsurfs,#door_metal_roller_01_destroyed_large_04_open_lod0_auto110v40
xmodelsurfs,#door_metal_roller_01_destroyed_large_04_open_lod110v40
xmodelsurfs,#door_metal_roller_01_frames_large_lod010v41
xmodelsurfs,#door_metal_roller_01_frames_large_lod0_auto110v40
xmodelsurfs,#door_metal_roller_01_roller_large_01_lod010v41
xmodelsurfs,#door_metal_roller_01_roller_large_01_lod0_auto110v40
xmodelsurfs,#door_metal_roller_01_roller_large_01_lod0_auto1_auto210v40
xmodelsurfs,#door_metal_roller_01_roller_large_01_lod0_auto1_auto2_auto310v40
xmodelsurfs,#door_security_gate_single_mp_01_lod010v41
xmodelsurfs,#door_security_gate_single_mp_01_lod0_auto110v40
xmodelsurfs,#door_security_gate_single_mp_01_lod0_auto1_auto210v40
xmodelsurfs,#door_security_gate_single_mp_01_lod0_auto1_auto2_auto310v40
xmodelsurfs,#door_wood_ornate_01_blue_double_frame_lod010v41
xmodelsurfs,#door_wood_ornate_01_blue_double_frame_lod0_auto110v40
xmodelsurfs,#door_wood_ornate_01_blue_double_l_lod010v40
xmodelsurfs,#door_wood_ornate_01_blue_double_l_lod010v41
xmodelsurfs,#door_wood_ornate_01_blue_double_l_lod0_auto110v40
xmodelsurfs,#door_wood_ornate_01_blue_double_l_lod0_auto1_auto210v40
xmodelsurfs,#door_wood_ornate_01_blue_double_l_lod0_auto1_auto2_auto310v40
xmodelsurfs,#door_wood_ornate_01_blue_double_r_lod010v40
xmodelsurfs,#door_wood_ornate_01_blue_double_r_lod010v41
xmodelsurfs,#door_wood_ornate_01_blue_double_r_lod0_auto110v40
xmodelsurfs,#door_wood_ornate_01_blue_double_r_lod0_auto1_auto210v40
xmodelsurfs,#door_wood_ornate_01_blue_double_r_lod0_auto1_auto2_auto310v40
xmodelsurfs,#duct_tape_1_lod010v41
xmodelsurfs,#duct_tape_1_lod110v40
xmodelsurfs,#duct_tape_1_lod210v40
xmodelsurfs,#ee_construction_tool_box_metal_01_destr_lod010va61
xmodelsurfs,#ee_construction_tool_box_metal_01_destr_lod0_auto110va60
xmodelsurfs,#ee_construction_tool_box_metal_01_destr_lod0_auto1_auto210va60
xmodelsurfs,#ee_construction_tool_box_metal_01_destr_lod0_auto1_auto2_auto310va60
xmodelsurfs,#ee_fence_trainyard_gate_left_animated_lod010v061
xmodelsurfs,#ee_fence_trainyard_gate_left_animated_lod0_auto110v060
xmodelsurfs,#ee_fence_trainyard_gate_left_animated_lod0_auto1_auto210v810
xmodelsurfs,#ee_fence_trainyard_gate_left_animated_lod0_auto1_auto2_auto310v810
xmodelsurfs,#ee_fence_trainyard_gate_left_animated_lod0_auto1_auto2_auto3_auto410v810
xmodelsurfs,#ee_fence_trainyard_gate_left_animated_lod0_auto1_auto2_auto3_auto4_auto510-1-v40
xmodelsurfs,#ee_fence_trainyard_gate_right_animated_lod010v061
xmodelsurfs,#ee_fence_trainyard_gate_right_animated_lod0_auto110v060
xmodelsurfs,#ee_fence_trainyard_gate_right_animated_lod0_auto1_auto210v060
xmodelsurfs,#ee_fence_trainyard_gate_right_animated_lod0_auto1_auto2_auto310v810
xmodelsurfs,#ee_fence_trainyard_gate_right_animated_lod0_auto1_auto2_auto3_auto410v810
xmodelsurfs,#ee_fence_trainyard_gate_right_animated_lod0_auto1_auto2_auto3_auto4_auto510v810
xmodelsurfs,#ee_foliage_grass_wild_long_128_lod010v60
xmodelsurfs,#ee_foliage_grass_wild_long_128_lod110v60
xmodelsurfs,#ee_foliage_grass_wild_long_128_lod210v60
xmodelsurfs,#ee_foliage_grass_wild_long_128_lod310v60
xmodelsurfs,#ee_foliage_grass_wild_long_128_lod410v60
xmodelsurfs,#ee_foliage_grass_wild_long_64_lod010v60
xmodelsurfs,#ee_foliage_grass_wild_long_64_lod110v60
xmodelsurfs,#ee_foliage_grass_wild_long_64_lod210v60
xmodelsurfs,#ee_foliage_grass_wild_long_64_lod310v60
xmodelsurfs,#ee_foliage_grass_wild_long_64_lod410v60
xmodelsurfs,#ee_foliage_tree_branch_04_lod010v41
xmodelsurfs,#ee_foliage_tree_branch_04_lod0_auto110v40
xmodelsurfs,#ee_foliage_tree_branch_04_lod0_auto1_auto210v40
xmodelsurfs,#ee_foliage_tree_branch_04_lod0_auto1_auto2_auto310v40
xmodelsurfs,#ee_foliage_tree_branch_04_lod0_auto1_auto2_auto3_auto410v40
xmodelsurfs,#ee_furniture_rug_hanging_ukraine_02_lod010v041
xmodelsurfs,#ee_furniture_rug_hanging_ukraine_02_lod0_auto110v040
xmodelsurfs,#ee_furniture_rug_hanging_ukraine_02_lod0_auto1_auto210-1-v40
xmodelsurfs,#ee_industrial_light_hanging_on_lod000v41
xmodelsurfs,#ee_industrial_light_hanging_on_lod0_auto100v40
xmodelsurfs,#ee_industrial_light_hanging_on_lod0_auto1_auto200v40
xmodelsurfs,#ee_industrial_light_hanging_on_lod0_auto1_auto2_auto300v40
xmodelsurfs,#ee_light_fixture_wall_mounted_03_lod000v011
xmodelsurfs,#ee_light_fixture_wall_mounted_03_lod000vc11
xmodelsurfs,#ee_light_fixture_wall_mounted_03_lod0_auto100v010
xmodelsurfs,#ee_light_fixture_wall_mounted_03_lod0_auto100vc10
xmodelsurfs,#ee_light_fixture_wall_mounted_03_lod0_auto1_auto200v010
xmodelsurfs,#ee_light_fixture_wall_mounted_03_lod0_auto1_auto200vc10
xmodelsurfs,#ee_light_fixture_wall_mounted_03_lodx10v40
xmodelsurfs,#ee_light_fixture_wall_mounted_04_lod000v011
xmodelsurfs,#ee_light_fixture_wall_mounted_04_lod000v41
xmodelsurfs,#ee_light_fixture_wall_mounted_04_lod0_auto100v010
xmodelsurfs,#ee_light_fixture_wall_mounted_04_lod0_auto100v40
xmodelsurfs,#ee_light_fixture_wall_mounted_04_lod0_auto1_auto200v010
xmodelsurfs,#ee_light_fixture_wall_mounted_04_lod0_auto1_auto200v40
xmodelsurfs,#ee_light_mounted_exterior_industrial_caged_02_lod000v41
xmodelsurfs,#ee_light_mounted_exterior_industrial_caged_02_lod0_auto100v40
xmodelsurfs,#ee_light_mounted_exterior_industrial_caged_02_lod0_auto1_auto200v40
xmodelsurfs,#ee_machinery_oven_coal_door_lod010v011
xmodelsurfs,#ee_machinery_oven_coal_door_lod0_auto110v40
xmodelsurfs,#ee_machinery_oven_coal_door_lod0_auto1_auto210v40
xmodelsurfs,#ee_machinery_oven_coal_door_lod0_auto1_auto2_auto310v40
xmodelsurfs,#ee_machinery_oven_coal_hatch_lod000v41
xmodelsurfs,#ee_machinery_oven_coal_hatch_lod0_auto100v40
xmodelsurfs,#ee_machinery_oven_coal_hatch_lod0_auto1_auto200v40
xmodelsurfs,#ee_machinery_oven_coal_hatch_lod0_auto1_auto2_auto300v40
xmodelsurfs,#ee_machinery_rock_anchor_lod010v41
xmodelsurfs,#ee_machinery_rock_anchor_lod110v40
xmodelsurfs,#ee_machinery_rock_anchor_lod210v40
xmodelsurfs,#ee_manmade_mine_ladder_a_lod010v011
xmodelsurfs,#ee_manmade_mine_ladder_a_lod0_auto110v010
xmodelsurfs,#ee_manmade_mine_ladder_a_lod0_auto1_auto210v010
xmodelsurfs,#ee_manmade_mine_ladder_a_lod0_auto1_auto2_auto310-1-v40
xmodelsurfs,#ee_manmade_mine_ladder_a_lod0_auto1_auto2_auto3_auto410-1-v40
xmodelsurfs,#ee_manmade_tunnel_straight_a_lod010v41
xmodelsurfs,#ee_manmade_tunnel_straight_a_lod0_auto110v40
xmodelsurfs,#ee_manmade_tunnel_straight_a_lod0_auto1_auto210v40
xmodelsurfs,#ee_manmade_tunnel_straight_a_lod0_auto1_auto2_auto310v40
xmodelsurfs,#ee_manmade_tunnel_straight_a_lod0_auto1_auto2_auto3_auto410v40
xmodelsurfs,#ee_manmade_tunnel_straight_a_lod0_auto1_auto2_auto3_auto4_auto510v40
xmodelsurfs,#ee_manmade_tunnel_wall_bent_a_lod010v41
xmodelsurfs,#ee_manmade_tunnel_wall_bent_a_lod0_auto110v40
xmodelsurfs,#ee_manmade_tunnel_wall_bent_a_lod0_auto1_auto210v40
xmodelsurfs,#ee_manmade_tunnel_wall_bent_a_lod0_auto1_auto2_auto310v40
xmodelsurfs,#ee_manmade_tunnel_wall_bent_a_lod0_auto1_auto2_auto3_auto410v40
xmodelsurfs,#ee_manmade_tunnel_wall_bent_a_lod0_auto1_auto2_auto3_auto4_auto510v40
xmodelsurfs,#ee_manmade_tunnel_wall_corner_inner_a_lod010v41
xmodelsurfs,#ee_manmade_tunnel_wall_corner_inner_a_lod0_auto110v40
xmodelsurfs,#ee_manmade_tunnel_wall_corner_inner_a_lod0_auto1_auto210v40
xmodelsurfs,#ee_manmade_tunnel_wall_corner_inner_a_lod0_auto1_auto2_auto310v40
xmodelsurfs,#ee_manmade_tunnel_wall_corner_inner_a_lod0_auto1_auto2_auto3_auto410v40
xmodelsurfs,#ee_manmade_tunnel_wall_corner_inner_a_lod0_auto1_auto2_auto3_auto4_auto510v40
xmodelsurfs,#ee_manmade_tunnel_wall_corner_outer_a_lod010v41
xmodelsurfs,#ee_manmade_tunnel_wall_corner_outer_a_lod0_auto110v40
xmodelsurfs,#ee_manmade_tunnel_wall_corner_outer_a_lod0_auto1_auto210v40
xmodelsurfs,#ee_manmade_tunnel_wall_corner_outer_a_lod0_auto1_auto2_auto310v40
xmodelsurfs,#ee_manmade_tunnel_wall_corner_outer_a_lod0_auto1_auto2_auto3_auto410v40
xmodelsurfs,#ee_manmade_tunnel_wall_corner_outer_a_lod0_auto1_auto2_auto3_auto4_auto510v40
xmodelsurfs,#ee_manmade_tunnel_wall_straight_a_lod010v41
xmodelsurfs,#ee_manmade_tunnel_wall_straight_a_lod0_auto110v40
xmodelsurfs,#ee_manmade_tunnel_wall_straight_a_lod0_auto1_auto210v40
xmodelsurfs,#ee_manmade_tunnel_wall_straight_a_lod0_auto1_auto2_auto310v40
xmodelsurfs,#ee_manmade_tunnel_wall_straight_a_lod0_auto1_auto2_auto3_auto410v40
xmodelsurfs,#ee_manmade_wood_beams_worn_a_01_lod010v011
xmodelsurfs,#ee_manmade_wood_beams_worn_a_01_lod0_auto110v010
xmodelsurfs,#ee_manmade_wood_beams_worn_a_01_lod0_auto1_auto210v010
xmodelsurfs,#ee_manmade_wood_beams_worn_a_01_lod0_auto1_auto2_auto310v40
xmodelsurfs,#ee_manmade_wood_planks_worn_a_02_lod000v011
xmodelsurfs,#ee_manmade_wood_planks_worn_a_02_lod0_auto100v40
xmodelsurfs,#ee_manmade_wood_planks_worn_a_05_lod010v011
xmodelsurfs,#ee_manmade_wood_planks_worn_a_05_lod0_auto110v010
xmodelsurfs,#ee_manmade_wood_planks_worn_a_05_lod0_auto1_auto210v010
xmodelsurfs,#ee_manmade_wood_planks_worn_a_05_lod0_auto1_auto2_auto310v40
xmodelsurfs,#ee_military_chemical_canister_double_01_lod010v41
xmodelsurfs,#ee_military_chemical_canister_double_01_lod0_auto110v40
xmodelsurfs,#ee_military_chemical_canister_double_01_lod0_auto1_auto210v40
xmodelsurfs,#ee_military_chemical_canister_double_01_lod0_auto1_auto2_auto310v40
xmodelsurfs,#ee_military_chemical_canister_double_01_lod0_auto1_auto2_auto3_auto410v40
xmodelsurfs,#ee_military_chemical_canister_double_01_lod0_auto1_auto2_auto3_auto4_auto510v40
xmodelsurfs,#ee_military_chemical_missile_stacked_01_lod010v41
xmodelsurfs,#ee_military_chemical_missile_stacked_01_lod0_auto110v40
xmodelsurfs,#ee_military_chemical_missile_stacked_01_lod0_auto1_auto210v40
xmodelsurfs,#ee_military_chemical_missile_stacked_01_lod0_auto1_auto2_auto310v40
xmodelsurfs,#ee_military_chemical_missile_stacked_01_lod0_auto1_auto2_auto3_auto410v40
xmodelsurfs,#ee_roofing_storage_support_beam_01_lod000-1-v411
xmodelsurfs,#ee_roofing_storage_support_beam_01_lod0_auto100-1-v40
xmodelsurfs,#ee_roofing_storage_support_beam_01_lod0_auto1_auto200-1-v40
xmodelsurfs,#ee_roofing_storage_support_frame_01_lod000v41
xmodelsurfs,#ee_roofing_storage_support_frame_01_lod0_auto100v40
xmodelsurfs,#ee_roofing_storage_support_frame_01_lod0_auto1_auto200v40
xmodelsurfs,#ee_stool_wood_01_lod000v41
xmodelsurfs,#ee_stool_wood_01_lod0_auto100v40
xmodelsurfs,#ee_stool_wood_01_lod0_auto1_auto200v40
xmodelsurfs,#electrical_cables_unique_marketplace_01_lod010v40
xmodelsurfs,#electrical_cables_unique_marketplace_01_lod0_auto110v40
xmodelsurfs,#electrical_cables_unique_marketplace_01_lod0_auto1_auto210v40
xmodelsurfs,#electrical_cables_unique_marketplace_01_lod0_auto1_auto2_auto310v40
xmodelsurfs,#electrical_conduit_1_body_joint_c_lod010v41
xmodelsurfs,#electrical_conduit_1_body_joint_c_lod0_auto110v40
xmodelsurfs,#electrical_conduit_set_electrical_box_03_lod010v41
xmodelsurfs,#electrical_conduit_set_electrical_box_03_lod0_auto110v40
xmodelsurfs,#electrical_conduit_set_electrical_box_03_lod0_auto1_auto210v40
xmodelsurfs,#electrical_conduit_set_electrical_box_big_destr_lod010va60
xmodelsurfs,#electrical_conduit_set_electrical_box_big_destr_lod0_auto110va60
xmodelsurfs,#electrical_conduit_set_electrical_box_big_destr_lod0_auto1_auto210va60
xmodelsurfs,#electrical_conduit_set_electrical_box_big_destr_s1_f1_lod010v41
xmodelsurfs,#electrical_conduit_set_electrical_box_big_destr_s1_f1_lod0_auto110v40
xmodelsurfs,#electrical_conduit_set_electrical_box_big_lod010v41
xmodelsurfs,#electrical_conduit_set_electrical_box_big_lod110v40
xmodelsurfs,#electrical_conduit_set_electrical_box_big_lod210v40
xmodelsurfs,#electrical_conduit_set_electrical_box_big_lodx10v40
xmodelsurfs,#electrical_conduit_set_electrical_box_medium_lod010v41
xmodelsurfs,#electrical_conduit_set_electrical_box_medium_lod0_auto110v40
xmodelsurfs,#electrical_conduit_set_electrical_box_medium_lod0_auto1_auto210v40
xmodelsurfs,#electrical_conduit_set_electrical_box_medium_lodx10v40
xmodelsurfs,#electrical_wires_jumbled_01_lod010v811
xmodelsurfs,#electrical_wires_jumbled_01_lod0_auto110v410
xmodelsurfs,#electrical_wires_jumbled_01_lod0_auto1_auto210v410
xmodelsurfs,#electrical_wires_jumbled_01_lod0_auto1_auto2_auto310v410
xmodelsurfs,#electrical_wires_jumbled_03_outercorner10v811
xmodelsurfs,#electrical_wires_jumbled_03_outercorner_auto110v810
xmodelsurfs,#electrical_wires_jumbled_03_outercorner_auto1_auto210v810
xmodelsurfs,#electrical_wires_jumbled_03_outercorner_auto1_auto2_auto310v810
xmodelsurfs,#electrical_wires_jumbled_03_outercorner_auto1_auto2_auto3_auto410-1-v40
xmodelsurfs,#electrical_wires_jumbled_a_32_lod010v41
xmodelsurfs,#electrical_wires_jumbled_a_32_lod0_auto110v40
xmodelsurfs,#electrical_wires_jumbled_a_32_lod0_auto1_auto210v40
xmodelsurfs,#electrical_wires_jumbled_a_9610v41
xmodelsurfs,#electrical_wires_jumbled_a_96_auto110v40
xmodelsurfs,#electrical_wires_jumbled_a_96_auto1_auto210v40
xmodelsurfs,#electrical_wires_jumbled_b_128_lod010v41
xmodelsurfs,#electrical_wires_jumbled_b_128_lod0_auto110v40
xmodelsurfs,#electrical_wires_jumbled_b_128_lod0_auto1_auto210v40
xmodelsurfs,#electrical_wires_jumbled_b_128_lod0_auto1_auto2_auto310v40
xmodelsurfs,#electrical_wires_jumbled_b_128_lod0_auto1_auto2_auto3_auto410v40
xmodelsurfs,#electrical_wires_jumbled_b_64_lod010v41
xmodelsurfs,#electrical_wires_jumbled_b_64_lod0_auto110v40
xmodelsurfs,#equipment_antenna_set_01_short_lod010v41
xmodelsurfs,#equipment_antenna_set_01_short_lod0_auto110v40
xmodelsurfs,#equipment_antenna_set_01_short_lod0_auto1_auto210v40
xmodelsurfs,#equipment_antenna_set_01_short_lod0_auto1_auto2_auto310v40
xmodelsurfs,#equipment_antenna_set_01_short_lod0_auto1_auto2_auto3_auto410v40
xmodelsurfs,#equipment_antenna_set_01_tall_destr_s1_f3_lod010v40
xmodelsurfs,#equipment_antenna_set_01_tall_destr_s1_f3_lod0_auto110v40
xmodelsurfs,#equipment_box_fan_anim_lod010v0810
xmodelsurfs,#equipment_box_fan_anim_lod0_auto110v060
xmodelsurfs,#equipment_box_fan_anim_lod0_auto1_auto210v810
xmodelsurfs,#equipment_box_fan_anim_lod0_auto1_auto2_auto310v40
xmodelsurfs,#equipment_box_fan_anim_lod0_auto1_auto2_auto3_auto410v40
xmodelsurfs,#equipment_box_fan_anim_lod0_auto1_auto2_auto3_auto4_auto510v40
xmodelsurfs,#equipment_box_fan_s1_f1_lod010v40
xmodelsurfs,#equipment_box_fan_s1_f2_lod010v40
xmodelsurfs,#equipment_box_fan_s1_f3_lod010v40
xmodelsurfs,#equipment_military_generator_01_lod010v011
xmodelsurfs,#equipment_military_generator_01_lod110v010
xmodelsurfs,#equipment_military_generator_01_lod210v010
xmodelsurfs,#equipment_military_generator_01_lod2_auto310v010
xmodelsurfs,#equipment_military_generator_01_lodx10v40
xmodelsurfs,#equipment_military_radio_old_black_06_lod000-1-v411
xmodelsurfs,#equipment_military_radio_old_black_06_lod0_auto100-1-v410
xmodelsurfs,#equipment_military_radio_old_black_06_lod0_auto1_auto200-1-v410
xmodelsurfs,#equipment_military_radio_old_black_06_lod0_auto1_auto2_auto300-1-v40
xmodelsurfs,#equipment_mortar_shell_improvised_02_bare_lod010v41
xmodelsurfs,#equipment_mortar_shell_improvised_02_bare_lod0_auto110v40
xmodelsurfs,#equipment_mortar_shell_improvised_02_bare_lod0_auto1_auto210v40
xmodelsurfs,#equipment_mortar_shell_improvised_02b_bare_lod010v41
xmodelsurfs,#equipment_mortar_shell_improvised_02b_bare_lod0_auto110v40
xmodelsurfs,#equipment_pole_electrical_01_tall_lod010-1-v411
xmodelsurfs,#equipment_pole_electrical_01_tall_lod0_auto110-1-v40
xmodelsurfs,#equipment_propane_burner_stove_01_white_destr_d1_lod010v41
xmodelsurfs,#equipment_propane_burner_stove_01_white_destr_d1_lod0_auto110v40
xmodelsurfs,#equipment_propane_burner_stove_01_white_destr_d1_lod0_auto1_auto210v40
xmodelsurfs,#equipment_propane_burner_stove_01_white_destr_d1_lod0_auto1_auto2_auto310v40
xmodelsurfs,#equipment_propane_burner_stove_01_white_destr_d1_lod0_auto1_auto2_auto3_auto410v40
xmodelsurfs,#equipment_propane_burner_stove_01_white_lod010v40
xmodelsurfs,#equipment_propane_burner_stove_01_white_lod0_auto110v40
xmodelsurfs,#equipment_propane_burner_stove_01_white_lod0_auto1_auto210v40
xmodelsurfs,#equipment_propane_burner_stove_01_white_lod0_auto1_auto2_auto310v40
xmodelsurfs,#equipment_propane_burner_stove_01_white_lod0_auto1_auto2_auto3_auto410v40
xmodelsurfs,#equipment_satellite_dish_01_lrg_destr_lod010-cb2c-v00551
xmodelsurfs,#equipment_satellite_dish_01_lrg_destr_lod0_auto110-cb2c-v00550
xmodelsurfs,#equipment_satellite_dish_01_lrg_destr_lod0_auto1_auto210-cb2c-v00510
xmodelsurfs,#equipment_satellite_dish_01_lrg_destr_lod0_auto1_auto2_auto310-cb2c-v0450
xmodelsurfs,#equipment_satellite_dish_01_lrg_destr_lod0_auto1_auto2_auto3_auto410-cb2c-v040
xmodelsurfs,#equipment_satellite_dish_01_lrg_lod010-cb2c-v04511
xmodelsurfs,#equipment_satellite_dish_01_lrg_lod0_auto110-cb2c-v04510
xmodelsurfs,#equipment_satellite_dish_01_lrg_lod0_auto1_auto210-2318c7-v010
xmodelsurfs,#equipment_satellite_dish_01_lrg_lod0_auto1_auto2_auto310-2318c7-v010
xmodelsurfs,#equipment_satellite_dish_01_sml_destr_lod010-18d-v00511
xmodelsurfs,#equipment_satellite_dish_01_sml_destr_lod0_auto110-18d-v00510
xmodelsurfs,#equipment_satellite_dish_01_sml_destr_lod0_auto1_auto210-18d-v0050
xmodelsurfs,#equipment_satellite_dish_01_sml_destr_lod0_auto1_auto2_auto310-18d-v040
xmodelsurfs,#equipment_satellite_dish_01_sml_lod010-109-v0511
xmodelsurfs,#equipment_satellite_dish_01_sml_lod0_auto110-109-v010
xmodelsurfs,#equipment_satellite_dish_01_sml_lod0_auto1_auto210-109-v010
xmodelsurfs,#equipment_tv_01_destr_lod000-1-v610
xmodelsurfs,#equipment_tv_01_destr_lod0_auto100-1-v610
xmodelsurfs,#equipment_tv_01_destr_lod0_auto1_auto200-1-v610
xmodelsurfs,#equipment_tv_01_destr_lod0_auto1_auto2_auto310-1-v610
xmodelsurfs,#equipment_tv_01_destr_lod0_auto1_auto2_auto3_auto410-1-v60
xmodelsurfs,#equipment_tv_01_destr_s1_f1_lod010v60
xmodelsurfs,#equipment_tv_01_destr_s1_f1_lod0_auto110v60
xmodelsurfs,#equipment_tv_01_destr_s1_f2_lod010v60
xmodelsurfs,#equipment_tv_01_destr_s1_f2_lod0_auto110v60
xmodelsurfs,#equipment_tv_01_destr_s1_f3_lod010v60
xmodelsurfs,#equipment_tv_01_destr_s1_f4_lod010v60
xmodelsurfs,#equipment_tv_01_destr_s1_f4_lod0_auto110v60
xmodelsurfs,#equipment_tv_01_lod010v41
xmodelsurfs,#equipment_tv_01_lod0_auto110v40
xmodelsurfs,#equipment_tv_01_lod0_auto1_auto210v40
xmodelsurfs,#equipment_tv_01_lod0_auto1_auto2_auto310v40
xmodelsurfs,#equipment_tv_01_screen_lod010v41
xmodelsurfs,#fence_metal_gate_01_lod010v41
xmodelsurfs,#fence_metal_gate_01_lod0_auto110v40
xmodelsurfs,#fence_metal_gate_01_lod0_auto1_auto210v40
xmodelsurfs,#fence_metal_gate_01_lod0_auto1_auto2_auto310v40
xmodelsurfs,#fence_metal_gate_01_lod0_auto1_auto2_auto3_auto410v40
xmodelsurfs,#fence_metal_gate_01_lod0_auto1_auto2_auto3_auto4_auto510v40
xmodelsurfs,#fence_modular_metal_01_64_lod010v41
xmodelsurfs,#fence_modular_metal_01_64_lod0_auto110v40
xmodelsurfs,#fence_modular_metal_01_64_lod0_auto1_auto210v40
xmodelsurfs,#fence_modular_metal_01_64_lod0_auto1_auto2_auto310v40
xmodelsurfs,#fence_post_wooden_round_01_a_lod010v41
xmodelsurfs,#fence_post_wooden_round_01_a_lod0_auto110v40
xmodelsurfs,#fence_post_wooden_round_01_a_lod0_auto1_auto210v40
xmodelsurfs,#fence_post_wooden_round_01_a_lod0_auto1_auto2_auto310v40
xmodelsurfs,#firniture_basic_couches_02_lod010v41
xmodelsurfs,#firniture_basic_couches_02_lod0_auto110v40
xmodelsurfs,#firniture_basic_couches_02_lod0_auto1_auto210v40
xmodelsurfs,#firniture_basic_couches_02_lod0_auto1_auto2_auto310v40
xmodelsurfs,#firniture_basic_couches_02_lodx10v40
xmodelsurfs,#firniture_basic_couches_03_lod010v41
xmodelsurfs,#firniture_basic_couches_03_lod0_auto110v40
xmodelsurfs,#firniture_basic_couches_03_lod0_auto1_auto210v40
xmodelsurfs,#firniture_basic_couches_03_lod0_auto1_auto2_auto310v40
xmodelsurfs,#firniture_basic_couches_03_lodx10v40
xmodelsurfs,#foliage_bush_salsola_01_lod010v60
xmodelsurfs,#foliage_bush_salsola_01_lod0_auto110v60
xmodelsurfs,#foliage_bush_salsola_01_lod0_auto1_auto210v60
xmodelsurfs,#foliage_bush_salsola_01_wall_lod000v60
xmodelsurfs,#foliage_bush_salsola_01_wall_lod0_auto100v60
xmodelsurfs,#foliage_bush_salsola_01_wall_lod0_auto1_auto200v60
xmodelsurfs,#foliage_bush_salsola_01_wall_lod0_auto1_auto2_auto300v60
xmodelsurfs,#foliage_bush_salsola_01_wall_lod0_auto1_auto2_auto3_auto410v40
xmodelsurfs,#foliage_grass_dry_arid_01_lod010v60
xmodelsurfs,#foliage_grass_dry_arid_01_lod110v60
xmodelsurfs,#foliage_grass_dry_arid_01_lod210v60
xmodelsurfs,#foliage_grass_dry_arid_01_lod310v60
xmodelsurfs,#foliage_grass_dry_arid_01_wall_lod110v60
xmodelsurfs,#foliage_grass_dry_arid_01_wall_lod210v60
xmodelsurfs,#foliage_grass_dry_arid_01_wall_lod310v60
xmodelsurfs,#foliage_grass_dry_arid_01_wall_static_lod010v60
xmodelsurfs,#foliage_grass_dry_arid_clump_01_static_lod010v60
xmodelsurfs,#foliage_grass_dry_arid_clump_02_static_lod010v60
xmodelsurfs,#foliage_grass_dry_arid_small_01_static_lod010v60
xmodelsurfs,#foliage_grass_dry_arid_small_01_static_lod0_auto110v60
xmodelsurfs,#foliage_grass_dry_arid_small_01_static_lod0_auto1_auto210v60
xmodelsurfs,#foliage_grass_dry_arid_small_01_static_lod0_auto1_auto2_auto310v60
xmodelsurfs,#foliage_grass_dry_arid_strip_01_static_lod010v60
xmodelsurfs,#foliage_grass_dry_arid_strip_01_static_lod0_auto110v60
xmodelsurfs,#foliage_grass_dry_arid_strip_01_static_lod0_auto1_auto210v60
xmodelsurfs,#foliage_grass_dry_arid_strip_01_static_lod0_auto1_auto2_auto310v60
xmodelsurfs,#foliage_grass_dry_arid_weed_tall_01_static_lod010v60
xmodelsurfs,#foliage_grass_dry_arid_weed_tall_02_lod010v60
xmodelsurfs,#foliage_grass_long_bunch_01_a_lod010-1-ve10
xmodelsurfs,#foliage_grass_long_bunch_01_a_lod110v60
xmodelsurfs,#foliage_grass_long_bunch_01_a_lod210v60
xmodelsurfs,#foliage_grass_long_bunch_02_a_lod010-1-vb10
xmodelsurfs,#foliage_grass_long_bunch_09_a_lod010v60
xmodelsurfs,#foliage_grass_long_patch_01_a_lod010v60
xmodelsurfs,#foliage_grass_long_patch_01_a_lod110v60
xmodelsurfs,#foliage_tree_syrian_olive_02_dead_lod000v211
xmodelsurfs,#foliage_tree_syrian_olive_02_dead_lod110v210
xmodelsurfs,#foliage_tree_syrian_olive_02_dead_lod1_auto210v210
xmodelsurfs,#foliage_tree_syrian_olive_02_dead_lod1_auto2_auto310v210
xmodelsurfs,#foliage_tree_syrian_olive_02_dead_lod1_auto2_auto3_auto410v210
xmodelsurfs,#foliage_tree_syrian_olive_02_dead_lod1_auto2_auto3_auto4_auto510v40
xmodelsurfs,#foliage_tree_syrian_olive_02_trunk_lod010v211
xmodelsurfs,#foliage_tree_syrian_olive_02_trunk_lod110v210
xmodelsurfs,#foliage_tree_syrian_olive_02_trunk_lod210v210
xmodelsurfs,#foliage_tree_syrian_olive_02_trunk_lod2_auto310v40
xmodelsurfs,#food_cans_bottles_and_jars_can_01_lod010v41
xmodelsurfs,#food_cans_bottles_and_jars_can_01_lod0_auto110v40
xmodelsurfs,#food_cans_bottles_and_jars_can_01_lod0_auto1_auto210v40
xmodelsurfs,#food_cans_bottles_and_jars_jar_02_lod010-2-v451
xmodelsurfs,#food_cans_bottles_and_jars_jar_02_lod0_auto110-2-v450
xmodelsurfs,#food_cans_bottles_and_jars_jar_02_lod0_auto1_auto210-2-v450
xmodelsurfs,#food_cans_bottles_and_jars_jar_02_lod0_auto1_auto2_auto310-2-v450
xmodelsurfs,#food_cans_bottles_and_jars_jar_03_lod010v41
xmodelsurfs,#food_cans_bottles_and_jars_jar_03_lod0_auto110v40
xmodelsurfs,#food_cans_bottles_and_jars_jar_03_lod0_auto1_auto210v40
xmodelsurfs,#food_cans_bottles_and_jars_jar_03_lod0_auto1_auto2_auto310v40
xmodelsurfs,#frag_grenade_wm_lod010v41
xmodelsurfs,#frag_grenade_wm_lod0_auto110v40
xmodelsurfs,#frag_grenade_wm_lod0_auto1_auto210v40
xmodelsurfs,#fullbody_civ_syrkistan_male_8_1_carry10c85273bd-6-v000050
xmodelsurfs,#fullbody_female_morales_carry_lod010c85273bd-5-v02020410
xmodelsurfs,#fullbody_pilot_helicopter_british_carry10c85273bd-4ab-v00000000510
xmodelsurfs,#furniture_cafe_chair_01_broken_lod010v41
xmodelsurfs,#furniture_cafe_chair_01_broken_lod0_auto110v40
xmodelsurfs,#furniture_cafe_chair_01_broken_lod0_auto1_auto210v40
xmodelsurfs,#furniture_cafe_chair_01_broken_lod0_auto1_auto2_auto310v40
xmodelsurfs,#furniture_cafe_chair_01_lod010v41
xmodelsurfs,#furniture_cafe_chair_01_lod0_auto110v40
xmodelsurfs,#furniture_cafe_chair_01_lod0_auto1_auto210v40
xmodelsurfs,#furniture_cafe_chair_01_lod0_auto1_auto2_auto310v40
xmodelsurfs,#furniture_cafe_chair_01_lod0_auto1_auto2_auto3_auto410v40
xmodelsurfs,#furniture_dresser_commode_damaged_lod010-1-v451
xmodelsurfs,#furniture_dresser_commode_damaged_lod0_auto110-1-v450
xmodelsurfs,#furniture_dresser_commode_damaged_lod0_auto1_auto210-1-v40
xmodelsurfs,#furniture_dresser_commode_lod010-1-v411
xmodelsurfs,#furniture_dresser_commode_lod110v40
xmodelsurfs,#furniture_dresser_commode_lodx10v40
xmodelsurfs,#furniture_fan_anim_lod010v41
xmodelsurfs,#furniture_fan_anim_lod0_auto110v40
xmodelsurfs,#furniture_fan_anim_lod0_auto1_auto210v40
xmodelsurfs,#furniture_fan_anim_lod0_auto1_auto2_auto310v40
xmodelsurfs,#furniture_futon_couch_mat_pilows_futon_01_lod010v41
xmodelsurfs,#furniture_futon_couch_mat_pilows_futon_01_lod0_auto110v40
xmodelsurfs,#furniture_futon_couch_mat_pilows_futon_01_lod0_auto1_auto210v40
xmodelsurfs,#furniture_futon_couch_mat_pilows_futon_01_lod0_auto1_auto2_auto310v40
xmodelsurfs,#furniture_futon_couch_mat_pilows_pilow_01_lod010v41
xmodelsurfs,#furniture_futon_couch_mat_pilows_pilow_01_lod0_auto110v40
xmodelsurfs,#furniture_futon_couch_mat_pilows_pilow_01_lod0_auto1_auto210v40
xmodelsurfs,#furniture_futon_couch_mat_pilows_pilow_02_pattern_01_lod010v41
xmodelsurfs,#furniture_futon_couch_mat_pilows_pilow_02_pattern_01_lod0_auto110v40
xmodelsurfs,#furniture_futon_couch_mat_pilows_pilow_02_pattern_01_lod0_auto1_auto210v40
xmodelsurfs,#furniture_heating_stove_01_round_lod000v011
xmodelsurfs,#furniture_heating_stove_01_round_lod110v40
xmodelsurfs,#furniture_heating_stove_01_round_lod210v40
xmodelsurfs,#furniture_mattresses_01_small_dirt1_red_lod010v41
xmodelsurfs,#furniture_mattresses_01_small_dirt1_red_lod0_auto110v40
xmodelsurfs,#furniture_mattresses_01_small_dirt1_red_lod0_auto1_auto210v40
xmodelsurfs,#furniture_mattresses_01_small_dirt1_red_lod0_auto1_auto2_auto310v40
xmodelsurfs,#furniture_mattresses_01_small_dirt1_red_lod0_auto1_auto2_auto3_auto410v40
xmodelsurfs,#furniture_plastic_chair_01_lod010v41
xmodelsurfs,#furniture_plastic_chair_01_lod0_auto110v40
xmodelsurfs,#furniture_plastic_chair_01_lod0_auto1_auto210v40
xmodelsurfs,#furniture_plastic_stool_white_lod010v41
xmodelsurfs,#furniture_plastic_stool_white_lod0_auto110v40
xmodelsurfs,#furniture_plastic_stool_white_lod0_auto1_auto210v40
xmodelsurfs,#furniture_plastic_stool_white_s1_f1_lod010v40
xmodelsurfs,#furniture_plastic_stool_white_s1_f1_lod0_auto110v40
xmodelsurfs,#furniture_plastic_stool_white_s1_f2_lod010v40
xmodelsurfs,#furniture_plastic_stool_white_s1_f2_lod0_auto110v40
xmodelsurfs,#furniture_plastic_stool_white_s1_f3_lod010v40
xmodelsurfs,#furniture_plastic_stool_white_s1_f3_lod0_auto110v40
xmodelsurfs,#furniture_plastic_stool_white_s1_f4_lod010v40
xmodelsurfs,#furniture_plastic_stool_white_s1_f4_lod0_auto110v40
xmodelsurfs,#furniture_plastic_stool_white_s1_f5_lod010v40
xmodelsurfs,#furniture_plastic_stool_white_s1_f5_lod0_auto110v40
xmodelsurfs,#furniture_plastic_stool_white_s1_f5_lod0_auto1_auto210v40
xmodelsurfs,#furniture_plastic_stool_white_s1_f5_lod0_auto1_auto2_auto310v40
xmodelsurfs,#furniture_rug_01_corner_long_03_lod010v011
xmodelsurfs,#furniture_rug_01_corner_long_03_lod0_auto110v010
xmodelsurfs,#furniture_rug_01_corner_long_03_lod0_auto1_auto210v010
xmodelsurfs,#furniture_rug_01_corner_long_03_lodx10v40
xmodelsurfs,#furniture_rug_01_corner_long_04_lod010v41
xmodelsurfs,#furniture_rug_01_corner_long_04_lod0_auto110v40
xmodelsurfs,#furniture_rug_01_corner_long_04_lod0_auto1_auto210v40
xmodelsurfs,#furniture_rug_01_corner_long_04_lodx10v40
xmodelsurfs,#furniture_rug_01_corner_short_02_lod010v41
xmodelsurfs,#furniture_rug_01_corner_short_02_lod0_auto110v40
xmodelsurfs,#furniture_rug_01_corner_short_02_lod0_auto1_auto210v40
xmodelsurfs,#furniture_rug_01_corner_short_02_lodx10v40
xmodelsurfs,#furniture_rug_01_flat_02_lod010v41
xmodelsurfs,#furniture_rug_01_flat_02_lod0_auto110v40
xmodelsurfs,#furniture_rug_01_flat_02_lod0_auto1_auto210v40
xmodelsurfs,#furniture_rug_01_flat_02_lodx10v40
xmodelsurfs,#furniture_rug_01_flat_04_lod010v41
xmodelsurfs,#furniture_rug_01_flat_04_lod0_auto110v40
xmodelsurfs,#furniture_rug_01_flat_04_lod0_auto1_auto210v40
xmodelsurfs,#furniture_rug_01_flat_04_lodx10v40
xmodelsurfs,#furniture_tiletop_cabinet_01_lod010v41
xmodelsurfs,#furniture_tiletop_cabinet_01_lod0_auto110v40
xmodelsurfs,#furniture_tiletop_cabinet_01_lod0_auto1_auto210v40
xmodelsurfs,#furniture_tiletop_cabinet_01_lod0_auto1_auto2_auto310v40
xmodelsurfs,#furniture_wood_bookcase_large_old_01_lod010-1-v411
xmodelsurfs,#furniture_wood_bookcase_large_old_01_lod0_auto110-1-v410
xmodelsurfs,#furniture_wood_bookcase_large_old_01_lodx10v40
xmodelsurfs,#furniture_wood_dresser_02_drawer_lod010v41
xmodelsurfs,#furniture_wood_dresser_02_drawer_lod0_auto110v40
xmodelsurfs,#furniture_wood_dresser_02_empty_lod010v41
xmodelsurfs,#furniture_wood_dresser_02_empty_lod0_auto110v40
xmodelsurfs,#furniture_wood_dresser_02_empty_lod0_auto1_auto210v40
xmodelsurfs,#furniture_wood_dresser_02_empty_lod0_auto1_auto2_auto310v40
xmodelsurfs,#fx_glass_piece01_lod010v50
xmodelsurfs,#fx_rifle_shell10v40
xmodelsurfs,#fx_rifle_shell_lod110v40
xmodelsurfs,#glass_broken_frame_edge_04_lod010v50
xmodelsurfs,#glass_broken_frame_edge_05_lod010v50
xmodelsurfs,#glass_broken_frame_edge_05_lod110v50
xmodelsurfs,#glass_broken_frame_edge_06_lod010v51
xmodelsurfs,#glass_broken_frame_edge_06_lod0_auto110v50
xmodelsurfs,#ground_wire_rubber_01_lod010v40
xmodelsurfs,#ground_wire_rubber_01_lod0_auto110v40
xmodelsurfs,#ground_wire_rubber_01_lod0_auto1_auto210v40
xmodelsurfs,#ground_wire_rubber_01_lod0_auto1_auto2_auto310v40
xmodelsurfs,#hardware_plywood_bare_01_24_lod010v041
xmodelsurfs,#hardware_plywood_bare_01_24_lod0_auto110v040
xmodelsurfs,#hardware_plywood_bare_01_24_lod0_auto1_auto210v040
xmodelsurfs,#hardware_plywood_bare_01_24_lod0_auto1_auto2_auto310v040
xmodelsurfs,#hardware_plywood_bare_01_48_lod010v041
xmodelsurfs,#hardware_plywood_bare_01_48_lod0_auto110v040
xmodelsurfs,#hardware_plywood_bare_01_48_lod0_auto1_auto210v040
xmodelsurfs,#hardware_plywood_osb_bare_01_24_lod010v041
xmodelsurfs,#hardware_plywood_osb_bare_01_24_lod0_auto110v010
xmodelsurfs,#hardware_plywood_osb_bare_01_24_lod0_auto1_auto210v40
xmodelsurfs,#hardware_plywood_osb_bare_01_64_lod010v041
xmodelsurfs,#hardware_plywood_osb_bare_01_64_lod0_auto110v040
xmodelsurfs,#hardware_plywood_osb_bare_01_64_lod0_auto1_auto210v40
xmodelsurfs,#hardware_plywood_painted_white_01_24_lod010v041
xmodelsurfs,#hardware_plywood_painted_white_01_24_lod0_auto110v010
xmodelsurfs,#hardware_plywood_painted_white_01_24_lod0_auto1_auto210v40
xmodelsurfs,#hardware_plywood_painted_white_01_48_lod010v041
xmodelsurfs,#hardware_plywood_painted_white_01_48_lod0_auto110v040
xmodelsurfs,#hardware_plywood_painted_white_01_48_lod0_auto1_auto210v040
xmodelsurfs,#hardware_plywood_painted_white_01_48_lod0_auto1_auto2_auto310-85-v40
xmodelsurfs,#hardware_plywood_painted_white_01_lod010v041
xmodelsurfs,#hardware_plywood_painted_white_01_lod0_auto110v040
xmodelsurfs,#hardware_plywood_painted_white_01_lod0_auto1_auto210v010
xmodelsurfs,#hardware_plywood_painted_white_01_lod0_auto1_auto210v40
xmodelsurfs,#hardware_plywood_painted_white_01_lod0_auto1_auto2_auto310v40
xmodelsurfs,#head_mp_western_fireteam_west_ar_1_1208fba13cfv00000050
xmodelsurfs,#head_mp_western_fireteam_west_ar_1_1_auto1208fba13cfv000000410
xmodelsurfs,#head_mp_western_fireteam_west_ar_1_1_auto1_auto2208fba13cf-abrc95fad74-v0000050
xmodelsurfs,#head_mp_western_fireteam_west_ar_1_1_auto1_auto2_auto3208fba13cf-abrce6b5563-v0000010
xmodelsurfs,#head_mp_western_fireteam_west_ar_1_1_auto1_auto2_auto3_auto4208fba13cf-abr7efd3812-v000010
xmodelsurfs,#head_mp_western_fireteam_west_ar_1_1_auto1_auto2_auto3_auto4_auto5208fba13cf-abr66900c2c-v0010
xmodelsurfs,#head_mp_western_fireteam_west_dmr_1_1202b801014v080410
xmodelsurfs,#head_mp_western_fireteam_west_dmr_1_1_auto1202b801014v080410
xmodelsurfs,#head_mp_western_fireteam_west_dmr_1_1_auto1_auto2202b801014-abr01a8b57a-v080410
xmodelsurfs,#head_mp_western_fireteam_west_dmr_1_1_auto1_auto2_auto3202b801014-abr5e2181ce-v080410
xmodelsurfs,#head_mp_western_fireteam_west_dmr_1_1_auto1_auto2_auto3_auto4202b801014-abr96025098-v00010
xmodelsurfs,#head_mp_western_fireteam_west_dmr_1_1_auto1_auto2_auto3_auto4_auto5202b801014-abr33f9b27f-v0010
xmodelsurfs,#head_mp_western_fireteam_west_lmg_1_1202b801014v0000050
xmodelsurfs,#head_mp_western_fireteam_west_lmg_1_1_auto1202b801014v0000050
xmodelsurfs,#head_mp_western_fireteam_west_lmg_1_1_auto1_auto2202b801014-abr01a8b57a-v0000050
xmodelsurfs,#head_mp_western_fireteam_west_lmg_1_1_auto1_auto2_auto3202b801014-abr5e2181ce-v0000050
xmodelsurfs,#head_mp_western_fireteam_west_lmg_1_1_auto1_auto2_auto3_auto4202b801014-abr96025098-v000040
xmodelsurfs,#head_mp_western_fireteam_west_lmg_1_1_auto1_auto2_auto3_auto4_auto5202b801014-abr33f9b27f-v00040
xmodelsurfs,#head_mp_western_fireteam_west_smg_1_120cbc17812v0000410
xmodelsurfs,#head_mp_western_fireteam_west_smg_1_1_auto120cbc17812v0000410
xmodelsurfs,#head_mp_western_fireteam_west_smg_1_1_auto1_auto220cbc17812-abr05582ed3-v0000410
xmodelsurfs,#head_mp_western_fireteam_west_smg_1_1_auto1_auto2_auto320cbc17812-abr3ad2c2ae-v000050
xmodelsurfs,#head_mp_western_fireteam_west_smg_1_1_auto1_auto2_auto3_auto420cbc17812-abr04f8933c-v00040
xmodelsurfs,#head_mp_western_fireteam_west_smg_1_1_auto1_auto2_auto3_auto4_auto520cbc17812-abr8e1de16f-v0010
xmodelsurfs,#head_sc_f_daly_carry20v22410
xmodelsurfs,#head_sc_f_daly_carry_auto120v2240
xmodelsurfs,#head_sc_f_daly_carry_auto1_auto220-abr5d59132b-v2240
xmodelsurfs,#head_sc_f_daly_carry_auto1_auto2_auto320-3--abr5d59132b-v240
xmodelsurfs,#head_sc_f_daly_carry_auto1_auto2_auto3_auto420-3--abr5d59132b-v210
xmodelsurfs,#industrial_conduit_metal_1_body_joint_ll_lod010v41
xmodelsurfs,#industrial_conduit_metal_1_body_joint_ll_lod110v40
xmodelsurfs,#industrial_conduit_metal_1_body_joint_ll_lod210v40
xmodelsurfs,#industrial_conduit_metal_1_brace_support_lod010v41
xmodelsurfs,#industrial_conduit_metal_1_coupling_screw_lod010v41
xmodelsurfs,#industrial_conduit_metal_1_coupling_screw_lod110v40
xmodelsurfs,#industrial_conduit_metal_1_coupling_screw_lod210v40
xmodelsurfs,#iw6_tool_hammer_01_lod010v41
xmodelsurfs,#iw6_tool_hammer_01_lod0_auto110v40
xmodelsurfs,#jumbled_electrical_wire_loop_big_lod010v61
xmodelsurfs,#jumbled_electrical_wire_loop_big_lod0_auto110v60
xmodelsurfs,#jumbled_electrical_wire_loop_big_lod0_auto1_auto210v60
xmodelsurfs,#jumbled_electrical_wire_loop_big_lod0_auto1_auto2_auto310v60
xmodelsurfs,#jumbled_electrical_wire_loop_big_lod0_auto1_auto2_auto3_auto410v60
xmodelsurfs,#jumbled_electrical_wire_loop_small_lod010v61
xmodelsurfs,#jumbled_electrical_wire_loop_small_lod0_auto110v60
xmodelsurfs,#jumbled_electrical_wire_loop_small_lod0_auto1_auto210v60
xmodelsurfs,#jumbled_electrical_wire_loop_small_lod0_auto1_auto2_auto310v60
xmodelsurfs,#jumbled_electrical_wire_loop_small_lod0_auto1_auto2_auto3_auto410v60
xmodelsurfs,#kitchen_01_pan_01_lod010v41
xmodelsurfs,#kitchen_01_pan_01_lod0_auto110v40
xmodelsurfs,#kitchen_01_pan_01_lod0_auto1_auto210v40
xmodelsurfs,#kitchen_01_teapot_01_destr_s1_f1_lod010v60
xmodelsurfs,#kitchen_01_teapot_01_destr_s1_f1_lod0_auto110v60
xmodelsurfs,#kitchen_01_teapot_01_destr_s1_f2_lod010v60
xmodelsurfs,#kitchen_01_teapot_01_destr_s1_f2_lod0_auto110v60
xmodelsurfs,#kitchen_01_teapot_01_destr_s1_f3_lod010v60
xmodelsurfs,#kitchen_01_teapot_01_destr_s1_f3_lod0_auto110v60
xmodelsurfs,#kitchen_01_teapot_01_destr_s1_f4_lod010v60
xmodelsurfs,#kitchen_01_teapot_01_destr_s1_f4_lod0_auto110v60
xmodelsurfs,#kitchen_01_teapot_01_lod000v61
xmodelsurfs,#kitchen_01_teapot_01_lod0_auto100v60
xmodelsurfs,#kitchen_01_teapot_01_lod0_auto1_auto200v60
xmodelsurfs,#kitchen_01_teapot_01_lod0_auto1_auto2_auto300v60
xmodelsurfs,#kitchen_countertop_01_64_lod010-1-v61
xmodelsurfs,#kitchen_countertop_01_64_lod0_auto110-1-v60
xmodelsurfs,#kitchen_countertop_01_sink_64_lod010-1-v61
xmodelsurfs,#kitchen_countertop_01_sink_64_lod0_auto110-1-v60
xmodelsurfs,#kitchen_countertop_01_sink_64_lod0_auto1_auto210-1-v60
xmodelsurfs,#kitchen_countertop_01_sink_64_lod0_auto1_auto2_auto310-1-v60
xmodelsurfs,#kitchen_refrigerators_01_double_door_lod010v011
xmodelsurfs,#kitchen_refrigerators_01_double_door_lod0_auto110v010
xmodelsurfs,#kitchen_refrigerators_01_double_door_lod0_auto1_auto210v010
xmodelsurfs,#kitchen_refrigerators_01_double_door_lod0_auto1_auto2_auto310v40
xmodelsurfs,#kitchen_refrigerators_01_double_door_lod0_auto1_auto2_auto3_auto410v40
xmodelsurfs,#kitchen_refrigerators_01_double_door_lod0_auto1_auto2_auto3_auto4_auto510v40
xmodelsurfs,#light_ceiling_bulb_01_lod010-2-v451
xmodelsurfs,#light_ceiling_bulb_01_lod0_auto110-2-v450
xmodelsurfs,#light_ceiling_bulb_01_lod0_auto1_auto210-2-v410
xmodelsurfs,#machinery_lathe_large_01_lod010v041
xmodelsurfs,#machinery_lathe_large_01_lod0_auto110v040
xmodelsurfs,#machinery_lathe_large_01_lod0_auto1_auto210v040
xmodelsurfs,#machinery_lathe_large_01_lod0_auto1_auto2_auto310v040
xmodelsurfs,#machinery_lathe_large_01_lod0_auto1_auto2_auto3_auto410v040
xmodelsurfs,#me_awning_wood_long_01_lod010v41
xmodelsurfs,#me_awning_wood_long_01_lod0_auto110v40
xmodelsurfs,#me_awning_wood_long_01_lod0_auto1_auto210v40
xmodelsurfs,#me_awning_wood_long_01_lod0_auto1_auto2_auto310v40
xmodelsurfs,#me_bag_poly_tile_01_lod0_auto010v410v41
xmodelsurfs,#me_bag_poly_tile_01_lod0_auto0_auto110v40
xmodelsurfs,#me_bag_poly_tile_01_lod0_auto0_auto1_auto210v40
xmodelsurfs,#me_bag_poly_tile_01_lod0_auto0_auto1_auto2_auto310v40
xmodelsurfs,#me_barber_cabinet_broken_lod010-3-v0411
xmodelsurfs,#me_barber_cabinet_broken_lod0_auto110-3-v0410
xmodelsurfs,#me_barber_cabinet_broken_lod0_auto1_auto210-3-v0410
xmodelsurfs,#me_barber_cabinet_broken_lod0_auto1_auto2_auto310-3-v0410
xmodelsurfs,#me_barber_cabinet_broken_lod0_auto1_auto2_auto3_auto410-3-v0410
xmodelsurfs,#me_barber_cabinet_broken_lod0_auto1_auto2_auto3_auto4_auto510-3-v040
xmodelsurfs,#me_building_bird_alcove_01_lod010v41
xmodelsurfs,#me_building_bird_alcove_01_lod0_auto110v40
xmodelsurfs,#me_building_bird_alcove_01_lod0_auto1_auto210v40
xmodelsurfs,#me_building_bird_alcove_01_lod0_auto1_auto2_auto310v40
xmodelsurfs,#me_building_bird_alcove_03_lod010v41
xmodelsurfs,#me_building_bird_alcove_03_lod0_auto110v40
xmodelsurfs,#me_building_bird_alcove_03_lod0_auto1_auto210v40
xmodelsurfs,#me_building_bird_alcove_03_lod0_auto1_auto2_auto310v40
xmodelsurfs,#me_construction_plank_bridge_a_01_lod010v011
xmodelsurfs,#me_construction_plank_bridge_a_01_lod0_auto110v010
xmodelsurfs,#me_construction_plank_bridge_a_01_lod0_auto1_auto210v010
xmodelsurfs,#me_construction_plank_bridge_a_01_lod0_auto1_auto2_auto310v40
xmodelsurfs,#me_construction_plank_bridge_a_02_lod010v011
xmodelsurfs,#me_construction_plank_bridge_a_02_lod0_auto110v010
xmodelsurfs,#me_construction_plank_bridge_a_02_lod0_auto1_auto210v010
xmodelsurfs,#me_construction_plank_bridge_a_02_lod0_auto1_auto2_auto310v40
xmodelsurfs,#me_construction_plank_bridge_a_02_lod0_auto1_auto2_auto3_auto410v40
xmodelsurfs,#me_construction_plank_bridge_a_03_lod010v41
xmodelsurfs,#me_construction_plank_bridge_a_03_lod0_auto110v40
xmodelsurfs,#me_construction_plank_bridge_a_03_lod0_auto1_auto210v40
xmodelsurfs,#me_construction_plank_bridge_a_03_lod0_auto1_auto2_auto310v40
xmodelsurfs,#me_construction_plank_bridge_a_04_lod010v41
xmodelsurfs,#me_construction_plank_bridge_a_04_lod0_auto110v40
xmodelsurfs,#me_construction_plank_bridge_a_04_lod0_auto1_auto210v40
xmodelsurfs,#me_construction_plank_bridge_a_04_lod0_auto1_auto2_auto310v40
xmodelsurfs,#me_construction_plank_bridge_a_05_lod010v41
xmodelsurfs,#me_construction_plank_bridge_a_05_lod0_auto110v40
xmodelsurfs,#me_construction_plank_bridge_a_05_lod0_auto1_auto210v40
xmodelsurfs,#me_construction_plank_bridge_a_06_lod010v41
xmodelsurfs,#me_construction_plank_bridge_a_06_lod0_auto110v40
xmodelsurfs,#me_construction_plank_bridge_a_06_lod0_auto1_auto210v40
xmodelsurfs,#me_construction_plank_bridge_a_07_lod010v41
xmodelsurfs,#me_construction_plank_bridge_a_07_lod0_auto110v40
xmodelsurfs,#me_construction_plank_bridge_a_07_lod0_auto1_auto210v40
xmodelsurfs,#me_construction_plank_bridge_a_08_lod010v41
xmodelsurfs,#me_construction_plank_bridge_a_08_lod0_auto110v40
xmodelsurfs,#me_construction_plank_bridge_a_08_lod0_auto1_auto210v40
xmodelsurfs,#me_construction_plank_bridge_a_09_lod010v41
xmodelsurfs,#me_construction_plank_bridge_a_09_lod0_auto110v40
xmodelsurfs,#me_construction_plank_bridge_a_09_lod0_auto1_auto210v40
xmodelsurfs,#me_construction_plank_bridge_a_09_lod0_auto1_auto2_auto310v40
xmodelsurfs,#me_construction_plank_bridge_a_10_lod010v41
xmodelsurfs,#me_construction_plank_bridge_a_10_lod0_auto110v40
xmodelsurfs,#me_construction_plank_bridge_a_10_lod0_auto1_auto210v40
xmodelsurfs,#me_construction_plank_bridge_a_10_lod0_auto1_auto2_auto310v40
xmodelsurfs,#me_construction_plank_bridge_a_11_lod010v41
xmodelsurfs,#me_construction_plank_bridge_a_11_lod0_auto110v40
xmodelsurfs,#me_construction_plank_bridge_a_11_lod0_auto1_auto210v40
xmodelsurfs,#me_construction_plank_bridge_a_12_lod010v41
xmodelsurfs,#me_construction_plank_bridge_a_12_lod0_auto110v40
xmodelsurfs,#me_construction_plank_bridge_a_12_lod0_auto1_auto210v40
xmodelsurfs,#me_construction_plank_bridge_a_13_lod010v41
xmodelsurfs,#me_construction_plank_bridge_a_13_lod0_auto110v40
xmodelsurfs,#me_construction_plank_bridge_a_13_lod0_auto1_auto210v40
xmodelsurfs,#me_construction_plank_bridge_a_14_lod010v41
xmodelsurfs,#me_construction_plank_bridge_a_14_lod0_auto110v40
xmodelsurfs,#me_construction_plank_bridge_a_14_lod0_auto1_auto210v40
xmodelsurfs,#me_construction_plank_bridge_a_15_lod010v41
xmodelsurfs,#me_construction_plank_bridge_a_15_lod0_auto110v40
xmodelsurfs,#me_construction_plank_bridge_a_16_lod010v41
xmodelsurfs,#me_construction_plank_bridge_a_16_lod0_auto110v40
xmodelsurfs,#me_construction_plank_bridge_a_16_lod0_auto1_auto210v40
xmodelsurfs,#me_construction_plank_bridge_a_17_lod010v41
xmodelsurfs,#me_construction_plank_bridge_a_17_lod0_auto110v40
xmodelsurfs,#me_construction_plank_bridge_a_17_lod0_auto1_auto210v40
xmodelsurfs,#me_decor_pillow_floor_01_b_lod000v41
xmodelsurfs,#me_decor_pillow_floor_01_b_lod0_auto100v40
xmodelsurfs,#me_decor_pillow_floor_01_b_lod0_auto1_auto200v40
xmodelsurfs,#me_decor_pillow_floor_01_b_lod0_auto1_auto2_auto300v40
xmodelsurfs,#me_decor_rug_rolled_bent_01_lod010v41
xmodelsurfs,#me_decor_rug_rolled_bent_01_lod0_auto110v40
xmodelsurfs,#me_decor_rug_rolled_bent_01_lod0_auto1_auto210v40
xmodelsurfs,#me_decor_rug_rolled_bent_01_lod0_auto1_auto2_auto310v40
xmodelsurfs,#me_decor_rug_rolled_double_01_lod010v061
xmodelsurfs,#me_decor_rug_rolled_double_01_lod0_auto110v060
xmodelsurfs,#me_decor_rug_rolled_double_01_lod0_auto1_auto210v060
xmodelsurfs,#me_decor_rug_rolled_double_01_lod0_auto1_auto2_auto310v060
xmodelsurfs,#me_decor_rug_rolled_double_01_lod0_auto1_auto2_auto3_auto410v010
xmodelsurfs,#me_decor_rug_rolled_short_02_lod000v61
xmodelsurfs,#me_decor_rug_rolled_short_02_lod0_auto100v60
xmodelsurfs,#me_decor_rug_rolled_short_02_lod0_auto1_auto200v60
xmodelsurfs,#me_decor_rug_rolled_short_02_lod0_auto1_auto2_auto300v60
xmodelsurfs,#me_decor_wood_container_01_lod010v41
xmodelsurfs,#me_decor_wood_container_01_lod0_auto110v40
xmodelsurfs,#me_decor_wood_container_01_lod0_auto1_auto210v40
xmodelsurfs,#me_decor_wood_container_01_lod0_auto1_auto2_auto310v40
xmodelsurfs,#me_decor_wood_container_02_lod010v41
xmodelsurfs,#me_decor_wood_container_02_lod0_auto110v40
xmodelsurfs,#me_decor_wood_container_02_lod0_auto1_auto210v40
xmodelsurfs,#me_decor_wood_container_02_lod0_auto1_auto2_auto310v40
xmodelsurfs,#me_doors_saferoom_gate_01_lod000v011
xmodelsurfs,#me_doors_saferoom_gate_01_lod0_auto100v010
xmodelsurfs,#me_doors_saferoom_gate_01_lod0_auto1_auto200v010
xmodelsurfs,#me_doors_saferoom_gate_01_lod0_auto1_auto2_auto300v010
xmodelsurfs,#me_electric_generator_01_lod000-1-v41
xmodelsurfs,#me_electric_generator_01_lod0_auto100-1-v40
xmodelsurfs,#me_electric_generator_01_lod0_auto1_auto200-1-v40
xmodelsurfs,#me_electric_generator_01_lod0_auto1_auto2_auto300-1-v40
xmodelsurfs,#me_electric_generator_01_lod0_auto1_auto2_auto3_auto400-1-v40
xmodelsurfs,#me_electric_generator_01_lod0_auto1_auto2_auto3_auto4_auto500-1-v40
xmodelsurfs,#me_electrical_box_small_01_lod000v41
xmodelsurfs,#me_electrical_box_small_01_lod0_auto100v40
xmodelsurfs,#me_electrical_box_small_01_lod0_auto1_auto200v40
xmodelsurfs,#me_electrical_box_small_01_lod0_auto1_auto2_auto300v40
xmodelsurfs,#me_fabric_camo_netting_cave_01_lod000v211
xmodelsurfs,#me_fabric_camo_netting_cave_01_lod0_auto100v210
xmodelsurfs,#me_fabric_camo_netting_cave_01_lod0_auto1_auto200v210
xmodelsurfs,#me_fabric_camo_netting_cave_01_lod0_auto1_auto2_auto300v210
xmodelsurfs,#me_fabric_camo_netting_cave_01_lod0_auto1_auto2_auto3_auto400v210
xmodelsurfs,#me_fabric_camo_netting_cave_01_lod0_auto1_auto2_auto3_auto4_auto500v210
xmodelsurfs,#me_fabric_camo_netting_cave_02_lod000v211
xmodelsurfs,#me_fabric_camo_netting_cave_02_lod0_auto100v210
xmodelsurfs,#me_fabric_camo_netting_cave_02_lod0_auto1_auto200v210
xmodelsurfs,#me_fabric_camo_netting_cave_02_lod0_auto1_auto2_auto300v210
xmodelsurfs,#me_fabric_camo_netting_cave_02_lod0_auto1_auto2_auto3_auto400v210
xmodelsurfs,#me_fabric_camo_netting_cave_02_lod0_auto1_auto2_auto3_auto4_auto500v210
xmodelsurfs,#me_fabric_camo_netting_cave_03_lod010v211
xmodelsurfs,#me_fabric_camo_netting_cave_03_lod0_auto110v210
xmodelsurfs,#me_fabric_camo_netting_cave_03_lod0_auto1_auto210v210
xmodelsurfs,#me_fabric_camo_netting_cave_03_lod0_auto1_auto2_auto310v210
xmodelsurfs,#me_fabric_camo_netting_cave_03_lod0_auto1_auto2_auto3_auto410v210
xmodelsurfs,#me_fabric_camo_netting_cave_03_lod0_auto1_auto2_auto3_auto4_auto510v210
xmodelsurfs,#me_fabric_camo_netting_euphrates_03_lod010v211
xmodelsurfs,#me_fabric_camo_netting_euphrates_03_lod0_auto110v210
xmodelsurfs,#me_fabric_camo_netting_euphrates_03_lod0_auto1_auto210v210
xmodelsurfs,#me_fabric_camo_netting_euphrates_03_lod0_auto1_auto2_auto310v210
xmodelsurfs,#me_fabric_camo_netting_euphrates_03_lod0_auto1_auto2_auto3_auto410v210
xmodelsurfs,#me_fabric_camo_netting_euphrates_03_lod0_auto1_auto2_auto3_auto4_auto510v210
xmodelsurfs,#me_fabric_camo_netting_euphrates_04_lod010v210
xmodelsurfs,#me_fabric_camo_netting_euphrates_04_lod0_auto110v210
xmodelsurfs,#me_fabric_camo_netting_euphrates_04_lod0_auto1_auto210v210
xmodelsurfs,#me_fabric_camo_netting_euphrates_04_lod0_auto1_auto2_auto310v210
xmodelsurfs,#me_fabric_camo_netting_euphrates_04_lod0_auto1_auto2_auto3_auto410v210
xmodelsurfs,#me_fabric_camo_netting_euphrates_04_lod0_auto1_auto2_auto3_auto4_auto510v210
xmodelsurfs,#me_fabric_hanging_tarps_a_06_dynamics_lod010v60
xmodelsurfs,#me_fabric_hanging_tarps_a_06_dynamics_lod0_auto110v60
xmodelsurfs,#me_fabric_hanging_tarps_a_06_dynamics_lod0_auto1_auto210v60
xmodelsurfs,#me_fabric_hanging_tarps_a_06_dynamics_lod0_auto1_auto2_auto310v60
xmodelsurfs,#me_fabric_hanging_tarps_a_07_dynamics_lod010v60
xmodelsurfs,#me_fabric_hanging_tarps_a_07_dynamics_lod0_auto110v60
xmodelsurfs,#me_fabric_hanging_tarps_a_07_dynamics_lod0_auto1_auto210v60
xmodelsurfs,#me_fabric_hanging_tarps_a_07_dynamics_lod0_auto1_auto2_auto310v60
xmodelsurfs,#me_fabric_hanging_tarps_a_07_dynamics_lod0_auto1_auto2_auto3_auto410v60
xmodelsurfs,#me_fabric_hanging_tarps_a_08_dynamics_lod010v60
xmodelsurfs,#me_fabric_hanging_tarps_a_08_dynamics_lod0_auto110v60
xmodelsurfs,#me_fabric_hanging_tarps_a_09_dynamics_lod010v60
xmodelsurfs,#me_fabric_hanging_tarps_a_09_dynamics_lod0_auto110v60
xmodelsurfs,#me_fabric_hanging_tarps_a_09_dynamics_lod0_auto1_auto210v60
xmodelsurfs,#me_fabric_hanging_tarps_a_09_dynamics_lod0_auto1_auto2_auto310v60
xmodelsurfs,#me_fabric_hanging_tarps_a_09_lod010v60
xmodelsurfs,#me_fabric_hanging_tarps_a_09_lod0_auto110v60
xmodelsurfs,#me_fabric_hanging_tarps_a_11_dynamics_lod010v60
xmodelsurfs,#me_fabric_hanging_tarps_a_11_dynamics_lod0_auto110v60
xmodelsurfs,#me_fabric_hanging_tarps_a_11_dynamics_lod0_auto1_auto210v60
xmodelsurfs,#me_fabric_hanging_tarps_a_11_dynamics_lod0_auto1_auto2_auto310v60
xmodelsurfs,#me_fabric_hanging_tarps_a_11_dynamics_lod0_auto1_auto2_auto3_auto410v60
xmodelsurfs,#me_fabric_highway_rooftop_tarp_03_lod010va11
xmodelsurfs,#me_fabric_highway_rooftop_tarp_03_lod0_auto110va10
xmodelsurfs,#me_fabric_highway_rooftop_tarp_03_lod0_auto1_auto210va10
xmodelsurfs,#me_fabric_highway_rooftop_tarp_03_lod0_auto1_auto2_auto310va10
xmodelsurfs,#me_fabric_highway_rooftop_tarp_03_lod0_auto1_auto2_auto3_auto410va10
xmodelsurfs,#me_fabric_highway_window_tarp_01_lod010va11
xmodelsurfs,#me_fabric_highway_window_tarp_01_lod0_auto110va10
xmodelsurfs,#me_fabric_highway_window_tarp_01_lod0_auto1_auto210va10
xmodelsurfs,#me_fabric_highway_window_tarp_01_lod0_auto1_auto2_auto310-1-v60
xmodelsurfs,#me_fabric_highway_window_tarp_01_lod0_auto1_auto2_auto310va10
xmodelsurfs,#me_fabric_highway_window_tarp_02_lod010va11
xmodelsurfs,#me_fabric_highway_window_tarp_02_lod0_auto110va10
xmodelsurfs,#me_fabric_highway_window_tarp_02_lod0_auto1_auto210va10
xmodelsurfs,#me_fabric_highway_window_tarp_02_lod0_auto1_auto2_auto310v60
xmodelsurfs,#me_foliage_shrub_dry_01_lrg_lod010ve11
xmodelsurfs,#me_foliage_shrub_dry_01_lrg_lod0_auto110ve10
xmodelsurfs,#me_foliage_shrub_dry_01_lrg_lod0_auto1_auto210v60
xmodelsurfs,#me_foliage_shrub_dry_01_lrg_lod0_auto1_auto2_auto310v60
xmodelsurfs,#me_foliage_shrub_dry_01_med_lod010ve10
xmodelsurfs,#me_foliage_shrub_dry_01_med_lod0_auto110ve10
xmodelsurfs,#me_foliage_shrub_dry_01_med_lod0_auto1_auto210ve10
xmodelsurfs,#me_foliage_shrub_dry_01_med_lod0_auto1_auto2_auto310v60
xmodelsurfs,#me_foliage_shrub_dry_01_sm_lod010ve10
xmodelsurfs,#me_foliage_shrub_dry_01_sm_lod0_auto110v60
xmodelsurfs,#me_foliage_shrub_dry_01_sm_lod0_auto1_auto210v60
xmodelsurfs,#me_foliage_shrub_dry_01_sm_lod0_auto1_auto2_auto310v60
xmodelsurfs,#me_foliage_tree_dry_lod010v41
xmodelsurfs,#me_foliage_tree_dry_lod0_auto110v40
xmodelsurfs,#me_foliage_tree_dry_lod0_auto1_auto210v40
xmodelsurfs,#me_foliage_tree_dry_lod0_auto1_auto2_auto310v40
xmodelsurfs,#me_foliage_tree_dry_lod0_auto1_auto2_auto3_auto410v40
xmodelsurfs,#me_foliage_tree_dry_lod0_auto1_auto2_auto3_auto4_auto510v40
xmodelsurfs,#me_foliage_tree_dry_med_lod010v41
xmodelsurfs,#me_foliage_tree_dry_med_lod0_auto110v40
xmodelsurfs,#me_foliage_tree_dry_med_lod0_auto1_auto210v40
xmodelsurfs,#me_foliage_tree_dry_med_lod0_auto1_auto2_auto310v40
xmodelsurfs,#me_foliage_tree_dry_med_lod0_auto1_auto2_auto3_auto410v40
xmodelsurfs,#me_foliage_tree_dry_med_lod0_auto1_auto2_auto3_auto4_auto510v40
xmodelsurfs,#me_foliage_tree_dry_sml_lod010v41
xmodelsurfs,#me_foliage_tree_dry_sml_lod0_auto110v40
xmodelsurfs,#me_foliage_tree_dry_sml_lod0_auto1_auto210v40
xmodelsurfs,#me_foliage_tree_dry_sml_lod0_auto1_auto2_auto310v40
xmodelsurfs,#me_foliage_tree_dry_sml_lod0_auto1_auto2_auto3_auto410v40
xmodelsurfs,#me_foliage_tree_dry_sml_lod0_auto1_auto2_auto3_auto4_auto510v40
xmodelsurfs,#me_foliage_tree_palm_dead_01_lod0010-1-vf41
xmodelsurfs,#me_foliage_tree_palm_dead_01_lod0110-1-vf40
xmodelsurfs,#me_foliage_tree_palm_dead_01_lod0210-1-vf40
xmodelsurfs,#me_foliage_tree_palm_dead_01_lod0310-1-vf40
xmodelsurfs,#me_foliage_tree_palm_dead_01_lod03_auto410v40
xmodelsurfs,#me_furniture_cushion_floor_01_lod010v41
xmodelsurfs,#me_furniture_cushion_floor_01_lod0_auto110v40
xmodelsurfs,#me_furniture_cushion_floor_01_lod0_auto1_auto210v40
xmodelsurfs,#me_furniture_cushion_floor_01_lod0_auto1_auto2_auto310v40
xmodelsurfs,#me_furniture_cushion_floor_01_lod0_auto1_auto2_auto3_auto410v40
xmodelsurfs,#me_furniture_fancy_debris_03_lod010v011
xmodelsurfs,#me_furniture_fancy_debris_03_lod0_auto110v010
xmodelsurfs,#me_furniture_fancy_debris_03_lod0_auto1_auto210v010
xmodelsurfs,#me_furniture_fancy_debris_03_lod0_auto1_auto2_auto310v010
xmodelsurfs,#me_furniture_fancy_debris_03_lod0_auto1_auto2_auto3_auto410v010
xmodelsurfs,#me_furniture_fancy_pile_01_lod010v011
xmodelsurfs,#me_furniture_fancy_pile_01_lod0_auto110v010
xmodelsurfs,#me_furniture_fancy_pile_01_lod0_auto1_auto210v010
xmodelsurfs,#me_furniture_fancy_pile_01_lod0_auto1_auto2_auto310v010
xmodelsurfs,#me_furniture_fancy_pile_01_lod0_auto1_auto2_auto3_auto410v010
xmodelsurfs,#me_furniture_fancy_table_sm_01_broken_lod010v011
xmodelsurfs,#me_furniture_fancy_table_sm_01_broken_lod0_auto110v010
xmodelsurfs,#me_furniture_fancy_table_sm_01_broken_lod0_auto1_auto210v010
xmodelsurfs,#me_furniture_fancy_table_sm_01_broken_lod0_auto1_auto2_auto310v40
xmodelsurfs,#me_furniture_fancy_table_sm_01_broken_lod0_auto1_auto2_auto3_auto410v40
xmodelsurfs,#me_furniture_table_tile_01_lod010v41
xmodelsurfs,#me_furniture_table_tile_01_lod0_auto110v40
xmodelsurfs,#me_furniture_table_tile_01_lod0_auto1_auto210v40
xmodelsurfs,#me_furniture_table_tile_01_lod0_auto1_auto2_auto310v40
xmodelsurfs,#me_gas_lantern_01_lastlod10-1-v410
xmodelsurfs,#me_gas_lantern_01_lod000-1-v411
xmodelsurfs,#me_gas_lantern_01_lod0_auto100-1-v410
xmodelsurfs,#me_gas_lantern_01_lod0_auto1_auto200-1-v410
xmodelsurfs,#me_instrument_oud_guitar_01_lod010v41
xmodelsurfs,#me_instrument_oud_guitar_01_lod0_auto110v40
xmodelsurfs,#me_instrument_oud_guitar_01_lod0_auto1_auto210v40
xmodelsurfs,#me_kitchen_cabinet_door_left_01_lod010v011
xmodelsurfs,#me_kitchen_cabinet_door_left_01_lod110v010
xmodelsurfs,#me_kitchen_cabinet_door_left_01_lod210v40
xmodelsurfs,#me_kitchen_cabinet_door_right_01_lod010v011
xmodelsurfs,#me_kitchen_cabinet_door_right_01_lod110v010
xmodelsurfs,#me_kitchen_cabinet_door_right_01_lod210v40
xmodelsurfs,#me_kitchen_cabinet_short_01_lod010v041
xmodelsurfs,#me_kitchen_cabinet_short_01_lod0_auto110-1-v010
xmodelsurfs,#me_kitchen_cabinet_short_01_lod0_auto1_auto210-1-v010
xmodelsurfs,#me_kitchen_cabinet_short_01_lod0_auto1_auto2_auto310-1-v40
xmodelsurfs,#me_lamp_ornate_standing_01_lod010v61
xmodelsurfs,#me_lamp_ornate_standing_01_lod0_auto110v60
xmodelsurfs,#me_lamp_ornate_standing_01_lod0_auto1_auto210v60
xmodelsurfs,#me_lamp_ornate_standing_01_lod0_auto1_auto2_auto310v60
xmodelsurfs,#me_lamp_ornate_standing_01_lod0_auto1_auto2_auto3_auto410v60
xmodelsurfs,#me_lattice_screen_wood_ornate_03_lod010v61
xmodelsurfs,#me_lattice_screen_wood_ornate_03_lodx10v60
xmodelsurfs,#me_light_ceiling_fluorescent_tube_on_lod010v011
xmodelsurfs,#me_light_ceiling_fluorescent_tube_on_lod0_auto110v010
xmodelsurfs,#me_light_ceiling_fluorescent_tube_on_lod0_auto1_auto210v010
xmodelsurfs,#me_light_ceiling_fluorescent_tube_on_lod0_auto1_auto2_auto310v010
xmodelsurfs,#me_light_ceiling_fluorescent_tube_on_lod0_auto1_auto2_auto310v40
xmodelsurfs,#me_light_ceiling_fluorescent_tube_on_lod0_auto1_auto2_auto3_auto410v010
xmodelsurfs,#me_light_ceiling_fluorescent_tube_on_lod0_auto1_auto2_auto3_auto410v40
xmodelsurfs,#me_lighting_fixtures_marketplace_01_sway_lod000-1-v051
xmodelsurfs,#me_lighting_fixtures_marketplace_01_sway_lod0_auto100-1-v410
xmodelsurfs,#me_lighting_fixtures_marketplace_01_sway_lod0_auto1_auto200-1-v410
xmodelsurfs,#me_lighting_fixtures_marketplace_01_sway_lod0_auto1_auto2_auto300-1-v410
xmodelsurfs,#me_lighting_fixtures_marketplace_attachment_01_lod000v011
xmodelsurfs,#me_lighting_fixtures_marketplace_attachment_01_lod0_auto100v40
xmodelsurfs,#me_lighting_fixtures_marketplace_attachment_01_lod0_auto1_auto200v40
xmodelsurfs,#me_lighting_fixtures_marketplace_attachment_01_lod0_auto1_auto2_auto300v40
xmodelsurfs,#me_litter_pile_01_lod010v40
xmodelsurfs,#me_litter_pile_01_lod0_auto110v40
xmodelsurfs,#me_litter_pile_01_lod0_auto1_auto210v40
xmodelsurfs,#me_litter_pile_01_lod0_auto1_auto2_auto310v40
xmodelsurfs,#me_litter_pile_01_lod0_auto1_auto2_auto3_auto410v40
xmodelsurfs,#me_litter_pile_04_lod010v40
xmodelsurfs,#me_litter_pile_04_lod0_auto110v40
xmodelsurfs,#me_litter_pile_04_lod0_auto1_auto210v40
xmodelsurfs,#me_litter_pile_04_lod0_auto1_auto2_auto310v40
xmodelsurfs,#me_metal_chimney_pipe_cap_03_lod000v61
xmodelsurfs,#me_metal_chimney_pipe_cap_03_lod0_auto100v60
xmodelsurfs,#me_metal_chimney_pipe_cap_03_lod0_auto1_auto200v60
xmodelsurfs,#me_metal_chimney_pipe_cap_03_lod0_auto1_auto2_auto300v60
xmodelsurfs,#me_metal_power_pole_01_lod010v011
xmodelsurfs,#me_metal_power_pole_01_lod0_auto110v40
xmodelsurfs,#me_metal_power_pole_01_lod0_auto1_auto210v40
xmodelsurfs,#me_metal_power_pole_01_lod0_auto1_auto2_auto310v40
xmodelsurfs,#me_metal_power_pole_01_lod0_auto1_auto2_auto3_auto410v40
xmodelsurfs,#me_metal_power_pole_02_lod010v41
xmodelsurfs,#me_metal_power_pole_02_lod0_auto110v40
xmodelsurfs,#me_metal_power_pole_02_lod0_auto1_auto210v40
xmodelsurfs,#me_metal_power_pole_02_lod0_auto1_auto2_auto310v40
xmodelsurfs,#me_military_propane_cannon_01_lod010v011
xmodelsurfs,#me_military_propane_cannon_01_lod0_auto110v010
xmodelsurfs,#me_military_propane_cannon_01_lod0_auto1_auto210v010
xmodelsurfs,#me_military_propane_cannon_01_lod0_auto1_auto2_auto310v010
xmodelsurfs,#me_military_propane_cannon_01_lod0_auto1_auto2_auto3_auto410v010
xmodelsurfs,#me_military_propane_cannon_01_lod0_auto1_auto2_auto3_auto4_auto510v010
xmodelsurfs,#me_old_wooden_table_01_lod010v41
xmodelsurfs,#me_old_wooden_table_01_lod0_auto110v40
xmodelsurfs,#me_old_wooden_table_01_lod0_auto1_auto210v40
xmodelsurfs,#me_old_wooden_table_01_lod0_auto1_auto2_auto310v40
xmodelsurfs,#me_plaster_barrier_fence_collumn_01_lod010v0411
xmodelsurfs,#me_plaster_barrier_fence_collumn_01_lod0_auto110v0410
xmodelsurfs,#me_plaster_barrier_fence_collumn_01_lod0_auto1_auto210v0410
xmodelsurfs,#me_plaster_barrier_fence_collumn_01_lod0_auto1_auto2_auto310v0410
xmodelsurfs,#me_plaster_barrier_fence_wall_ornate_collumn_cap_01_lod010v41
xmodelsurfs,#me_plaster_barrier_fence_wall_ornate_collumn_cap_01_lod0_auto110v40
xmodelsurfs,#me_plaster_barrier_fence_wall_ornate_collumn_cap_01_lod0_auto1_auto210v40
xmodelsurfs,#me_riverbed_rock_cluster_02_edge_01_lod010v41
xmodelsurfs,#me_riverbed_rock_cluster_02_edge_01_lod0_auto110v40
xmodelsurfs,#me_riverbed_rock_cluster_02_edge_01_lod0_auto1_auto210v40
xmodelsurfs,#me_riverbed_rock_cluster_02_edge_01_lod0_auto1_auto2_auto310v40
xmodelsurfs,#me_riverbed_rock_cluster_02_edge_01_lod0_auto1_auto2_auto3_auto410v40
xmodelsurfs,#me_riverbed_rock_cluster_02_edge_01_lod0_auto1_auto2_auto3_auto4_auto510v40
xmodelsurfs,#me_riverbed_rock_cluster_02_lg_01_lod010v41
xmodelsurfs,#me_riverbed_rock_cluster_02_lg_01_lod0_auto110v40
xmodelsurfs,#me_riverbed_rock_cluster_02_lg_01_lod0_auto1_auto210v40
xmodelsurfs,#me_riverbed_rock_cluster_02_lg_01_lod0_auto1_auto2_auto310v40
xmodelsurfs,#me_riverbed_rock_cluster_02_lg_01_lod0_auto1_auto2_auto3_auto410v40
xmodelsurfs,#me_riverbed_rock_cluster_02_lg_01_lod0_auto1_auto2_auto3_auto4_auto510v40
xmodelsurfs,#me_riverbed_rock_cluster_02_lg_02_lod010v41
xmodelsurfs,#me_riverbed_rock_cluster_02_lg_02_lod0_auto110v40
xmodelsurfs,#me_riverbed_rock_cluster_02_lg_02_lod0_auto1_auto210v40
xmodelsurfs,#me_riverbed_rock_cluster_02_lg_02_lod0_auto1_auto2_auto310v40
xmodelsurfs,#me_riverbed_rock_cluster_02_lg_02_lod0_auto1_auto2_auto3_auto410v40
xmodelsurfs,#me_riverbed_rock_cluster_02_lg_03_lod010v41
xmodelsurfs,#me_riverbed_rock_cluster_02_lg_03_lod0_auto110v40
xmodelsurfs,#me_riverbed_rock_cluster_02_lg_03_lod0_auto1_auto210v40
xmodelsurfs,#me_riverbed_rock_cluster_02_lg_03_lod0_auto1_auto2_auto310v40
xmodelsurfs,#me_riverbed_rock_cluster_02_md_01_lod010v41
xmodelsurfs,#me_riverbed_rock_cluster_02_md_01_lod0_auto110v40
xmodelsurfs,#me_riverbed_rock_cluster_02_md_01_lod0_auto1_auto210v40
xmodelsurfs,#me_riverbed_rock_cluster_02_md_01_lod0_auto1_auto2_auto310v40
xmodelsurfs,#me_riverbed_rock_cluster_02_md_02_lod010v41
xmodelsurfs,#me_riverbed_rock_cluster_02_md_02_lod0_auto110v40
xmodelsurfs,#me_riverbed_rock_cluster_02_md_02_lod0_auto1_auto210v40
xmodelsurfs,#me_riverbed_rock_cluster_02_md_02_lod0_auto1_auto2_auto310v40
xmodelsurfs,#me_riverbed_rock_cluster_02_md_03_lod010v41
xmodelsurfs,#me_riverbed_rock_cluster_02_md_03_lod0_auto110v40
xmodelsurfs,#me_riverbed_rock_cluster_02_md_03_lod0_auto1_auto210v40
xmodelsurfs,#me_riverbed_rock_cluster_02_md_03_lod0_auto1_auto2_auto310v40
xmodelsurfs,#me_riverbed_rock_cluster_02_md_04_lod010v40
xmodelsurfs,#me_riverbed_rock_cluster_02_md_04_lod0_auto110v40
xmodelsurfs,#me_riverbed_rock_cluster_02_md_04_lod0_auto1_auto210v40
xmodelsurfs,#me_riverbed_rock_cluster_md_01_lod000v41
xmodelsurfs,#me_riverbed_rock_cluster_md_01_lod0_auto100v40
xmodelsurfs,#me_riverbed_rock_cluster_md_01_lod0_auto1_auto200v40
xmodelsurfs,#me_riverbed_rock_cluster_md_01_lod0_auto1_auto2_auto300v40
xmodelsurfs,#me_riverbed_rock_cluster_md_02_lod000v41
xmodelsurfs,#me_riverbed_rock_cluster_md_02_lod0_auto100v40
xmodelsurfs,#me_riverbed_rock_cluster_md_02_lod0_auto1_auto200v40
xmodelsurfs,#me_riverbed_rock_cluster_md_02_lod0_auto1_auto2_auto300v40
xmodelsurfs,#me_riverbed_rock_cluster_md_02_lod0_auto1_auto2_auto3_auto400v40
xmodelsurfs,#me_riverbed_rock_cluster_md_03_lod000v41
xmodelsurfs,#me_riverbed_rock_cluster_md_03_lod0_auto100v40
xmodelsurfs,#me_riverbed_rock_cluster_md_03_lod0_auto1_auto200v40
xmodelsurfs,#me_riverbed_rock_cluster_md_03_lod0_auto1_auto2_auto300v40
xmodelsurfs,#me_riverbed_rock_cluster_md_03_lod0_auto1_auto2_auto3_auto400v40
xmodelsurfs,#me_riverbed_rock_cluster_md_04_lod000v41
xmodelsurfs,#me_riverbed_rock_cluster_md_04_lod0_auto100v40
xmodelsurfs,#me_riverbed_rock_cluster_md_04_lod0_auto1_auto200v40
xmodelsurfs,#me_riverbed_rock_cluster_md_04_lod0_auto1_auto2_auto300v40
xmodelsurfs,#me_riverbed_rock_cluster_md_04_lod0_auto1_auto2_auto3_auto400v40
xmodelsurfs,#me_riverbed_rock_cluster_md_04_lod0_auto1_auto2_auto3_auto4_auto500v40
xmodelsurfs,#me_rock_large_01_lod0_auto010v410v41
xmodelsurfs,#me_rock_large_01_lod0_auto0_auto110v40
xmodelsurfs,#me_rock_large_01_lod0_auto0_auto1_auto210v40
xmodelsurfs,#me_rock_large_01_lod0_auto0_auto1_auto2_auto310v40
xmodelsurfs,#me_rock_large_01_lod0_auto0_auto1_auto2_auto3_auto410v40
xmodelsurfs,#me_rock_large_b_01_lod010v41
xmodelsurfs,#me_rock_large_b_01_lod0_auto110v40
xmodelsurfs,#me_rock_large_b_01_lod0_auto1_auto210v40
xmodelsurfs,#me_rock_large_b_01_lod0_auto1_auto2_auto310v40
xmodelsurfs,#me_rock_large_b_01_lod0_auto1_auto2_auto3_auto410v40
xmodelsurfs,#me_rock_large_b_01_lod0_auto1_auto2_auto3_auto4_auto510v40
xmodelsurfs,#me_rock_medium_a_01_lod010v41
xmodelsurfs,#me_rock_medium_a_01_lod0_auto110v40
xmodelsurfs,#me_rock_medium_a_01_lod0_auto1_auto210v40
xmodelsurfs,#me_rock_medium_a_01_lod0_auto1_auto2_auto310v40
xmodelsurfs,#me_rock_medium_a_01_lod0_auto1_auto2_auto3_auto410v40
xmodelsurfs,#me_rock_medium_a_02_lod010v41
xmodelsurfs,#me_rock_medium_a_02_lod0_auto110v40
xmodelsurfs,#me_rock_medium_a_02_lod0_auto1_auto210v40
xmodelsurfs,#me_rock_medium_a_02_lod0_auto1_auto2_auto310v40
xmodelsurfs,#me_rock_medium_a_02_lod0_auto1_auto2_auto3_auto410v40
xmodelsurfs,#me_rock_round_small_a_01_lod0_auto010v410v41
xmodelsurfs,#me_rock_round_small_a_01_lod0_auto0_auto110v40
xmodelsurfs,#me_rock_round_small_a_01_lod0_auto0_auto1_auto210v40
xmodelsurfs,#me_rock_round_small_a_01_lod0_auto0_auto1_auto2_auto310v40
xmodelsurfs,#me_rock_round_small_a_02_lod0_auto010v410v41
xmodelsurfs,#me_rock_round_small_a_02_lod0_auto0_auto110v40
xmodelsurfs,#me_rock_round_small_a_02_lod0_auto0_auto1_auto210v40
xmodelsurfs,#me_rock_round_small_a_05_lod0_auto010v410v41
xmodelsurfs,#me_rock_round_small_a_05_lod0_auto0_auto110v40
xmodelsurfs,#me_rock_round_small_a_05_lod0_auto0_auto1_auto210v40
xmodelsurfs,#me_rock_round_small_a_06_lod0_auto010v410v41
xmodelsurfs,#me_rock_round_small_a_06_lod0_auto0_auto110v40
xmodelsurfs,#me_rock_round_small_a_06_lod0_auto0_auto1_auto210v40
xmodelsurfs,#me_rock_round_small_a_07_lod0_auto010v410v41
xmodelsurfs,#me_rock_round_small_a_07_lod0_auto0_auto110v40
xmodelsurfs,#me_rock_round_small_a_07_lod0_auto0_auto1_auto210v40
xmodelsurfs,#me_rock_round_small_a_09_lod0_auto010v410v41
xmodelsurfs,#me_rock_round_small_a_09_lod0_auto0_auto110v40
xmodelsurfs,#me_rock_round_small_a_09_lod0_auto0_auto1_auto210v40
xmodelsurfs,#me_rock_round_small_a_10_lod0_auto010v410v41
xmodelsurfs,#me_rock_round_small_a_10_lod0_auto0_auto110v40
xmodelsurfs,#me_rock_round_small_a_10_lod0_auto0_auto1_auto210v40
xmodelsurfs,#me_rock_round_small_a_11_lod0_auto010v410v41
xmodelsurfs,#me_rock_round_small_a_11_lod0_auto0_auto110v40
xmodelsurfs,#me_rock_round_small_a_11_lod0_auto0_auto1_auto210v40
xmodelsurfs,#me_rock_round_small_a_12_lod0_auto010v410v41
xmodelsurfs,#me_rock_round_small_a_12_lod0_auto0_auto110v40
xmodelsurfs,#me_rock_round_small_a_12_lod0_auto0_auto1_auto210v40
xmodelsurfs,#me_rock_round_small_a_12_lod0_auto0_auto1_auto2_auto310v40
xmodelsurfs,#me_rock_round_small_a_12_lod0_auto0_auto1_auto2_auto3_auto410v40
xmodelsurfs,#me_rock_round_small_a_13_lod010v41
xmodelsurfs,#me_rock_round_small_a_13_lod0_auto110v40
xmodelsurfs,#me_rock_round_small_a_13_lod0_auto1_auto210v40
xmodelsurfs,#me_rock_round_small_a_13_lod0_auto1_auto2_auto310v40
xmodelsurfs,#me_rock_round_small_a_13_lod0_auto1_auto2_auto3_auto410v40
xmodelsurfs,#me_rock_round_small_a_14_lod010v41
xmodelsurfs,#me_rock_round_small_a_14_lod0_auto110v40
xmodelsurfs,#me_rock_round_small_a_14_lod0_auto1_auto210v40
xmodelsurfs,#me_rock_round_small_a_14_lod0_auto1_auto2_auto310v40
xmodelsurfs,#me_rock_round_small_a_14_lod0_auto1_auto2_auto3_auto410v40
xmodelsurfs,#me_rock_round_small_a_15_lod010v41
xmodelsurfs,#me_rock_round_small_a_15_lod0_auto110v40
xmodelsurfs,#me_rock_round_small_a_15_lod0_auto1_auto210v40
xmodelsurfs,#me_rock_round_small_a_15_lod0_auto1_auto2_auto310v40
xmodelsurfs,#me_rock_round_small_a_15_lod0_auto1_auto2_auto3_auto410v40
xmodelsurfs,#me_rock_round_small_a_16_lod010v41
xmodelsurfs,#me_rock_round_small_a_16_lod0_auto110v40
xmodelsurfs,#me_rock_round_small_a_16_lod0_auto1_auto210v40
xmodelsurfs,#me_rock_round_small_a_16_lod0_auto1_auto2_auto310v40
xmodelsurfs,#me_rock_round_small_a_16_lod0_auto1_auto2_auto3_auto410v40
xmodelsurfs,#me_rock_round_small_a_17_lod010v41
xmodelsurfs,#me_rock_round_small_a_17_lod0_auto110v40
xmodelsurfs,#me_rock_round_small_a_17_lod0_auto1_auto210v40
xmodelsurfs,#me_rock_round_small_a_18_lod010v41
xmodelsurfs,#me_rock_round_small_a_18_lod0_auto110v40
xmodelsurfs,#me_rock_round_small_a_18_lod0_auto1_auto210v40
xmodelsurfs,#me_rock_round_small_a_18_lod0_auto1_auto2_auto310v40
xmodelsurfs,#me_rock_round_small_a_18_lod0_auto1_auto2_auto3_auto410v40
xmodelsurfs,#me_rock_round_small_a_18_lod0_auto1_auto2_auto3_auto4_auto510v40
xmodelsurfs,#me_rock_round_small_a_19_lod010v41
xmodelsurfs,#me_rock_round_small_a_19_lod0_auto110v40
xmodelsurfs,#me_rock_round_small_a_19_lod0_auto1_auto210v40
xmodelsurfs,#me_rock_round_small_a_19_lod0_auto1_auto2_auto310v40
xmodelsurfs,#me_rock_round_small_a_19_lod0_auto1_auto2_auto3_auto410v40
xmodelsurfs,#me_rock_round_small_a_20_lod0_auto010v410v41
xmodelsurfs,#me_rock_round_small_a_20_lod0_auto0_auto110v40
xmodelsurfs,#me_rock_round_small_a_20_lod0_auto0_auto1_auto210v40
xmodelsurfs,#me_rock_round_small_a_20_lod0_auto0_auto1_auto2_auto310v40
xmodelsurfs,#me_rock_round_small_a_20_lod0_auto0_auto1_auto2_auto3_auto410v40
xmodelsurfs,#me_rock_round_small_a_20_lod0_auto0_auto1_auto2_auto3_auto4_auto510v40
xmodelsurfs,#me_rock_round_small_a_21_lod010004v41
xmodelsurfs,#me_rock_round_small_a_21_lod0_auto110004v40
xmodelsurfs,#me_rock_round_small_a_21_lod0_auto1_auto210004v40
xmodelsurfs,#me_rock_round_small_a_21_lod0_auto1_auto2_auto310004v40
xmodelsurfs,#me_rock_round_small_a_21_lod0_auto1_auto2_auto3_auto410004v40
xmodelsurfs,#me_rock_round_small_a_21_lod0_auto1_auto2_auto3_auto4_auto510004v40
xmodelsurfs,#me_rock_round_small_a_22_lod0_auto010v410v41
xmodelsurfs,#me_rock_round_small_a_22_lod0_auto0_auto110v40
xmodelsurfs,#me_rock_round_small_a_22_lod0_auto0_auto1_auto210v40
xmodelsurfs,#me_rock_round_small_a_22_lod0_auto0_auto1_auto2_auto310v40
xmodelsurfs,#me_rock_round_small_a_22_lod0_auto0_auto1_auto2_auto3_auto410v40
xmodelsurfs,#me_rock_round_small_a_22_lod0_auto0_auto1_auto2_auto3_auto4_auto510v40
xmodelsurfs,#me_rock_round_small_a_23_lod010v41
xmodelsurfs,#me_rock_round_small_a_23_lod0_auto110v40
xmodelsurfs,#me_rock_round_small_a_23_lod0_auto1_auto210v40
xmodelsurfs,#me_rock_round_small_a_23_lod0_auto1_auto2_auto310v40
xmodelsurfs,#me_rock_round_small_a_23_lod0_auto1_auto2_auto3_auto410v40
xmodelsurfs,#me_rock_round_small_a_23_lod0_auto1_auto2_auto3_auto4_auto510v40
xmodelsurfs,#me_rock_sandstone_cliff_low_01_lod010v41
xmodelsurfs,#me_rock_sandstone_cliff_low_01_lod0_auto110v40
xmodelsurfs,#me_rock_sandstone_cliff_low_01_lod0_auto1_auto210v40
xmodelsurfs,#me_rock_sandstone_cliff_low_01_lod0_auto1_auto2_auto310v40
xmodelsurfs,#me_rock_sandstone_cliff_low_01_lod0_auto1_auto2_auto3_auto410v40
xmodelsurfs,#me_rock_sandstone_cliff_low_02_lod010v41
xmodelsurfs,#me_rock_sandstone_cliff_low_02_lod0_auto110v40
xmodelsurfs,#me_rock_sandstone_cliff_low_02_lod0_auto1_auto210v40
xmodelsurfs,#me_rock_sandstone_cliff_low_02_lod0_auto1_auto2_auto310v40
xmodelsurfs,#me_rock_sandstone_cliff_low_02_lod0_auto1_auto2_auto3_auto410v40
xmodelsurfs,#me_rock_stair_steps_02_lod010v41
xmodelsurfs,#me_rock_stair_steps_02_lod0_auto110v40
xmodelsurfs,#me_rock_stair_steps_02_lod0_auto1_auto210v40
xmodelsurfs,#me_rock_stair_steps_03_lod010v41
xmodelsurfs,#me_rock_stair_steps_03_lod0_auto110v40
xmodelsurfs,#me_rock_stair_steps_03_lod0_auto1_auto210v40
xmodelsurfs,#me_rock_stair_steps_03_lod0_auto1_auto2_auto310v40
xmodelsurfs,#me_rock_stair_steps_03_lod0_auto1_auto2_auto3_auto410v40
xmodelsurfs,#me_rock_stair_steps_03_lod0_auto1_auto2_auto3_auto4_auto510v40
xmodelsurfs,#me_rock_stair_steps_04_lod010v41
xmodelsurfs,#me_rock_stair_steps_04_lod0_auto110v40
xmodelsurfs,#me_rock_stair_steps_04_lod0_auto1_auto210v40
xmodelsurfs,#me_rock_stair_steps_04_lod0_auto1_auto2_auto310v40
xmodelsurfs,#me_rock_stair_steps_05_lod010v41
xmodelsurfs,#me_rock_stair_steps_05_lod0_auto110v40
xmodelsurfs,#me_rock_stair_steps_05_lod0_auto1_auto210v40
xmodelsurfs,#me_rock_stair_steps_05_lod0_auto1_auto2_auto310v40
xmodelsurfs,#me_rock_stair_steps_05_lod0_auto1_auto2_auto3_auto410v40
xmodelsurfs,#me_rock_stair_steps_06_lod010v41
xmodelsurfs,#me_rock_stair_steps_06_lod0_auto110v40
xmodelsurfs,#me_rock_stair_steps_06_lod0_auto1_auto210v40
xmodelsurfs,#me_rock_stair_steps_06_lod0_auto1_auto2_auto310v40
xmodelsurfs,#me_roof_village_drleaf_section_01_lod000v61
xmodelsurfs,#me_roof_village_drleaf_section_01_lod0_auto100v60
xmodelsurfs,#me_roof_village_drleaf_section_01_lod0_auto1_auto200v60
xmodelsurfs,#me_roof_village_drleaf_section_01_lod0_auto1_auto2_auto300v60
xmodelsurfs,#me_roof_village_drleaf_section_01_lod0_auto1_auto2_auto3_auto400v60
xmodelsurfs,#me_roof_village_dryleaf_section_02_damaged_lod000v61
xmodelsurfs,#me_roof_village_dryleaf_section_02_damaged_lod0_auto100v60
xmodelsurfs,#me_roof_village_dryleaf_section_02_damaged_lod0_auto1_auto200v60
xmodelsurfs,#me_roof_village_dryleaf_section_02_damaged_lod0_auto1_auto2_auto300v60
xmodelsurfs,#me_roof_village_dryleaf_section_02_damaged_lod0_auto1_auto2_auto3_auto400v60
xmodelsurfs,#me_roof_village_dryleaf_section_02_lod000v61
xmodelsurfs,#me_roof_village_dryleaf_section_02_lod0_auto100v60
xmodelsurfs,#me_roof_village_dryleaf_section_02_lod0_auto1_auto200v60
xmodelsurfs,#me_roof_village_dryleaf_section_02_lod0_auto1_auto2_auto300v60
xmodelsurfs,#me_roof_village_dryleaf_section_02_lod0_auto1_auto2_auto3_auto400v60
xmodelsurfs,#me_roof_village_dryleaf_section_03_stuctureless_lod000v60
xmodelsurfs,#me_roof_village_dryleaf_section_03_stuctureless_lod0_auto100v60
xmodelsurfs,#me_roof_village_dryleaf_section_03_stuctureless_lod0_auto1_auto200v60
xmodelsurfs,#me_roof_village_dryleaf_section_03_stuctureless_lod0_auto1_auto2_auto300v60
xmodelsurfs,#me_roof_village_dryleaf_section_03_stuctureless_lod0_auto1_auto2_auto3_auto400v60
xmodelsurfs,#me_roof_village_dryleaf_section_04_lod000v61
xmodelsurfs,#me_roof_village_dryleaf_section_04_lod0_auto100v60
xmodelsurfs,#me_roof_village_dryleaf_section_04_lod0_auto1_auto200v60
xmodelsurfs,#me_roof_village_dryleaf_section_05_lod000v61
xmodelsurfs,#me_roof_village_dryleaf_section_05_lod0_auto100v60
xmodelsurfs,#me_roof_village_dryleaf_section_05_lod0_auto1_auto200v60
xmodelsurfs,#me_roof_village_dryleaf_section_05_lod0_auto1_auto2_auto300v60
xmodelsurfs,#me_roof_village_dryleaf_section_ground_debris_02_lod000v60
xmodelsurfs,#me_roof_village_dryleaf_section_ground_debris_03_lod000v60
xmodelsurfs,#me_rubble_concrete_plaster_chunk_01_lod010v40
xmodelsurfs,#me_rubble_concrete_plaster_chunk_01_lod0_auto110v40
xmodelsurfs,#me_rubble_concrete_plaster_chunk_01_lod0_auto1_auto210v40
xmodelsurfs,#me_rubble_concrete_plaster_chunk_02_lod010v40
xmodelsurfs,#me_rubble_concrete_plaster_chunk_02_lod0_auto110v40
xmodelsurfs,#me_rubble_concrete_plaster_chunk_02_lod0_auto1_auto210v40
xmodelsurfs,#me_rubble_pile_concrete_chunk_ground_cover_128_lod010v40
xmodelsurfs,#me_rubble_pile_concrete_chunk_ground_cover_128_lod0_auto110v40
xmodelsurfs,#me_rubble_pile_concrete_chunk_ground_cover_128_lod0_auto1_auto210v40
xmodelsurfs,#me_rubble_pile_concrete_chunk_ground_cover_128_lod0_auto1_auto2_auto310v40
xmodelsurfs,#me_rubble_pile_concrete_chunk_ground_cover_128_lod0_auto1_auto2_auto3_auto410v40
xmodelsurfs,#me_rubble_pile_concrete_chunk_ground_cover_128_lod0_auto1_auto2_auto3_auto4_auto510v40
xmodelsurfs,#me_rubble_pile_concrete_chunk_ground_cover_32_lod010v40
xmodelsurfs,#me_rubble_pile_concrete_chunk_ground_cover_32_lod0_auto110v40
xmodelsurfs,#me_rubble_pile_concrete_chunk_ground_cover_32_lod0_auto1_auto210v40
xmodelsurfs,#me_rubble_pile_concrete_chunk_ground_cover_32_lod0_auto1_auto2_auto310v40
xmodelsurfs,#me_rubble_pile_concrete_chunk_ground_cover_64_lod010v40
xmodelsurfs,#me_rubble_pile_concrete_chunk_ground_cover_64_lod0_auto110v40
xmodelsurfs,#me_rubble_pile_concrete_chunk_ground_cover_64_lod0_auto1_auto210v40
xmodelsurfs,#me_rubble_pile_concrete_chunk_ground_cover_64_lod0_auto1_auto2_auto310v40
xmodelsurfs,#me_rubble_pile_concrete_chunk_ground_cover_low_density_128_lod010v40
xmodelsurfs,#me_rubble_pile_concrete_chunk_ground_cover_low_density_128_lod0_auto110v40
xmodelsurfs,#me_rubble_pile_concrete_chunk_ground_cover_low_density_128_lod0_auto1_auto210v40
xmodelsurfs,#me_rubble_pile_concrete_chunk_ground_cover_low_density_128_lod0_auto1_auto2_auto310v40
xmodelsurfs,#me_rubble_pile_concrete_chunk_ground_cover_low_density_128_lod0_auto1_auto2_auto3_auto410v40
xmodelsurfs,#me_sign_minefield_lod010v011
xmodelsurfs,#me_structural_wall_stone_a_01_lod010v41
xmodelsurfs,#me_structural_wall_stone_a_01_lod0_auto110v40
xmodelsurfs,#me_structural_wall_stone_a_01_lod0_auto1_auto210v40
xmodelsurfs,#me_structural_wall_stone_a_01_lod0_auto1_auto2_auto310v40
xmodelsurfs,#me_structural_wall_stone_a_01_lod0_auto1_auto2_auto3_auto410v40
xmodelsurfs,#me_structural_wall_stone_a_02_lod010v41
xmodelsurfs,#me_structural_wall_stone_a_02_lod0_auto110v40
xmodelsurfs,#me_structural_wall_stone_a_02_lod0_auto1_auto210v40
xmodelsurfs,#me_structural_wall_stone_a_02_lod0_auto1_auto2_auto310v40
xmodelsurfs,#me_structural_wall_stone_a_02_lod0_auto1_auto2_auto3_auto410v40
xmodelsurfs,#me_structural_wall_stone_a_03_lod010v41
xmodelsurfs,#me_structural_wall_stone_a_03_lod0_auto110v40
xmodelsurfs,#me_structural_wall_stone_a_03_lod0_auto1_auto210v40
xmodelsurfs,#me_structural_wall_stone_a_03_lod0_auto1_auto2_auto310v40
xmodelsurfs,#me_structural_wall_stone_a_03_lod0_auto1_auto2_auto3_auto410v40
xmodelsurfs,#me_structural_wall_stone_a_04_lod010v41
xmodelsurfs,#me_structural_wall_stone_a_04_lod0_auto110v40
xmodelsurfs,#me_structural_wall_stone_a_04_lod0_auto1_auto210v40
xmodelsurfs,#me_structural_wall_stone_a_04_lod0_auto1_auto2_auto310v40
xmodelsurfs,#me_structural_wall_stone_a_04_lod0_auto1_auto2_auto3_auto410v40
xmodelsurfs,#me_structural_wall_stone_a_05_lod010v41
xmodelsurfs,#me_structural_wall_stone_a_05_lod0_auto110v40
xmodelsurfs,#me_structural_wall_stone_a_05_lod0_auto1_auto210v40
xmodelsurfs,#me_structural_wall_stone_a_05_lod0_auto1_auto2_auto310v40
xmodelsurfs,#me_structural_wall_stone_a_05_lod0_auto1_auto2_auto3_auto410v40
xmodelsurfs,#me_structural_wall_stone_a_06_lod010v41
xmodelsurfs,#me_structural_wall_stone_a_06_lod0_auto110v40
xmodelsurfs,#me_structural_wall_stone_a_06_lod0_auto1_auto210v40
xmodelsurfs,#me_structural_wall_stone_a_06_lod0_auto1_auto2_auto310v40
xmodelsurfs,#me_structural_wall_stone_a_06_lod0_auto1_auto2_auto3_auto410v40
xmodelsurfs,#me_structural_wall_stone_a_07_lod010v41
xmodelsurfs,#me_structural_wall_stone_a_07_lod0_auto110v40
xmodelsurfs,#me_structural_wall_stone_a_07_lod0_auto1_auto210v40
xmodelsurfs,#me_structural_wall_stone_a_07_lod0_auto1_auto2_auto310v40
xmodelsurfs,#me_structural_wall_stone_a_08_lod010v41
xmodelsurfs,#me_structural_wall_stone_a_08_lod0_auto110v40
xmodelsurfs,#me_structural_wall_stone_a_08_lod0_auto1_auto210v40
xmodelsurfs,#me_structural_wall_stone_a_09_lod010v41
xmodelsurfs,#me_structural_wall_stone_a_09_lod0_auto110v40
xmodelsurfs,#me_structural_wall_stone_a_09_lod0_auto1_auto210v40
xmodelsurfs,#me_trim_plaster_old_rough_damage_01_corner_lod010v41
xmodelsurfs,#me_trim_plaster_old_rough_damage_01_corner_lod0_auto110v40
xmodelsurfs,#me_trim_plaster_old_rough_damage_01_corner_lod0_auto1_auto210v40
xmodelsurfs,#me_trim_plaster_old_rough_damage_01_corner_lod0_auto1_auto2_auto310v40
xmodelsurfs,#me_window_double_wood_frame_01_lod000v411
xmodelsurfs,#me_window_double_wood_frame_01_lod0_auto100v410
xmodelsurfs,#me_window_double_wood_frame_01_lod0_auto1_auto200v410
xmodelsurfs,#me_window_double_wood_frame_01_lod0_auto1_auto2_auto300v410
xmodelsurfs,#me_window_double_wood_shutter_left_01_lod010v41
xmodelsurfs,#me_window_double_wood_shutter_left_01_lod0_auto110v40
xmodelsurfs,#me_window_double_wood_shutter_left_01_lod0_auto1_auto210v40
xmodelsurfs,#me_window_double_wood_shutter_left_01_lod0_auto1_auto2_auto310v40
xmodelsurfs,#me_window_double_wood_shutter_right_01_lod010v41
xmodelsurfs,#me_window_double_wood_shutter_right_01_lod0_auto110v40
xmodelsurfs,#me_window_double_wood_shutter_right_01_lod0_auto1_auto210v40
xmodelsurfs,#metal_chain_01_wrapped_lod010v011
xmodelsurfs,#metal_chain_01_wrapped_lod0_auto110v010
xmodelsurfs,#metal_chain_01_wrapped_lod0_auto1_auto210v40
xmodelsurfs,#metal_chain_01_wrapped_lod0_auto1_auto2_auto310v40
xmodelsurfs,#military_cp_crafting_crate_metal_lod010-1-v051
xmodelsurfs,#military_cp_crafting_crate_metal_lod0_auto110-1-v050
xmodelsurfs,#military_cp_crafting_crate_metal_lod0_auto1_auto210-1-v410
xmodelsurfs,#military_cp_crafting_crate_metal_lod0_auto1_auto2_auto310-1-v40
xmodelsurfs,#military_cp_crafting_crate_wood_lod000v051
xmodelsurfs,#military_cp_crafting_crate_wood_lod100v40
xmodelsurfs,#military_cp_crafting_crate_wood_lod200v40
xmodelsurfs,#military_cp_crafting_crate_wood_lod2_auto300v40
xmodelsurfs,#military_crate_slim_stackable_01_lod010-1-v411
xmodelsurfs,#military_crate_slim_stackable_01_lod0_auto110-1-v410
xmodelsurfs,#military_crate_slim_stackable_01_lod0_auto1_auto210-1-v410
xmodelsurfs,#military_crate_slim_stackable_01_lod0_auto1_auto2_auto310-1-v40
xmodelsurfs,#military_crate_slim_stackable_01_lod510v40
xmodelsurfs,#military_ied_shell_01_lod010v41
xmodelsurfs,#military_ied_shell_01_lod0_auto110v40
xmodelsurfs,#military_ied_shell_01_lod0_auto1_auto210v40
xmodelsurfs,#military_ied_shell_01_lod0_auto1_auto2_auto310v40
xmodelsurfs,#military_ied_shell_02_lod010v41
xmodelsurfs,#military_ied_shell_02_lod0_auto110v40
xmodelsurfs,#military_ied_shell_02_lod0_auto1_auto210v40
xmodelsurfs,#military_prop_ar_akilo47_lod010v41
xmodelsurfs,#military_prop_ar_akilo47_lod0_auto110v40
xmodelsurfs,#military_prop_ar_akilo47_lod0_auto1_auto210v40
xmodelsurfs,#military_prop_ar_akilo47_lod0_auto1_auto2_auto310v40
xmodelsurfs,#military_prop_ar_akilo47_lod0_auto1_auto2_auto3_auto410v40
xmodelsurfs,#military_prop_ar_akilo47_lod0_auto1_auto2_auto3_auto4_auto510v40
xmodelsurfs,#misc_interior_soccer_ball_01_des_lod010v41
xmodelsurfs,#misc_interior_soccer_ball_01_des_lod0_auto110v40
xmodelsurfs,#misc_interior_soccer_ball_01_lod010v41
xmodelsurfs,#misc_interior_soccer_ball_01_lod110v40
xmodelsurfs,#misc_interior_soccer_ball_01_lod210v40
xmodelsurfs,#misc_propane_rocket_lod010v011
xmodelsurfs,#misc_propane_rocket_lod0_auto110v010
xmodelsurfs,#misc_propane_rocket_lod0_auto1_auto210v010
xmodelsurfs,#misc_propane_rocket_lod0_auto1_auto2_auto310v010
xmodelsurfs,#misc_propane_rocket_part_01_lod010v41
xmodelsurfs,#misc_propane_rocket_part_01_lod0_auto110v40
xmodelsurfs,#misc_propane_rocket_part_01_lod0_auto1_auto210v40
xmodelsurfs,#misc_spare_tire_small_01_lod010v41
xmodelsurfs,#misc_spare_tire_small_01_lod0_auto110v40
xmodelsurfs,#misc_spare_tire_small_01_lod0_auto1_auto210v40
xmodelsurfs,#misc_spare_tire_small_01_lod0_auto1_auto2_auto310v40
xmodelsurfs,#misc_tools_hammer_01_lod000v41
xmodelsurfs,#misc_tools_hammer_01_lod0_auto100v40
xmodelsurfs,#misc_tools_pliers_01_lod000v41
xmodelsurfs,#misc_tools_pliers_01_lod0_auto100v40
xmodelsurfs,#misc_tools_pliers_01_lod0_auto1_auto200v40
xmodelsurfs,#misc_tools_pliers_01_lod0_auto1_auto2_auto300v40
xmodelsurfs,#misc_tools_wrench_01_lod000v41
xmodelsurfs,#misc_tools_wrench_01_lod0_auto100v40
xmodelsurfs,#misc_tools_wrench_01_lod0_auto1_auto200v40
xmodelsurfs,#moving_crane_hook_01_lod000v41
xmodelsurfs,#moving_crane_hook_01_lod100v40
xmodelsurfs,#moving_crane_hook_01_lod200v40
xmodelsurfs,#moving_crane_hook_01_lod300v40
xmodelsurfs,#moving_crane_hook_01_lod400v40
xmodelsurfs,#mp_nova_rug_rack_lod010v011
xmodelsurfs,#mp_nova_rug_rack_lod0_auto110v010
xmodelsurfs,#mp_nova_rug_rack_lod0_auto1_auto210v010
xmodelsurfs,#mp_nova_rug_rack_lod0_auto1_auto2_auto310v010
xmodelsurfs,#mp_nova_rug_rack_lod0_auto1_auto2_auto3_auto410v010
xmodelsurfs,#mp_nova_rug_rack_lod0_auto1_auto2_auto3_auto4_auto510v010
xmodelsurfs,#offhand_smartphone_wm_on10v011
xmodelsurfs,#offhand_smartphone_wm_on_auto110v010
xmodelsurfs,#offhand_smartphone_wm_on_auto1_auto210v010
xmodelsurfs,#oil_drum_big_01_lod010-1-v41
xmodelsurfs,#oil_drum_big_01_lod0_auto110-1-v40
xmodelsurfs,#oil_drum_big_01_lod0_auto1_auto210-1-v40
xmodelsurfs,#oil_drum_big_01_lod0_auto1_auto2_auto310-1-v40
xmodelsurfs,#p7_bottle_plastic_16oz_water_lod010va71
xmodelsurfs,#p7_bottle_plastic_16oz_water_lod0_auto110va70
xmodelsurfs,#p7_bottle_plastic_16oz_water_lod0_auto1_auto210va70
xmodelsurfs,#p7_crate_wood_01_open_lod010v41
xmodelsurfs,#p7_crate_wood_01_open_lod0_auto110v40
xmodelsurfs,#p7_crate_wood_01_open_lod0_auto1_auto210v40
xmodelsurfs,#p7_wires_metal_recessed_lod010v011
xmodelsurfs,#p7_wires_metal_recessed_lod0_auto110v010
xmodelsurfs,#p7_wires_metal_recessed_lod0_auto1_auto210v010
xmodelsurfs,#p7_wires_metal_recessed_lod0_auto1_auto2_auto310v40
xmodelsurfs,#p7_wires_metal_recessed_lod0_auto1_auto2_auto3_auto410v40
xmodelsurfs,#periph_mountain_rocky_billow_01_pc1_lod010v50
xmodelsurfs,#periph_mountain_rocky_billow_01_pc1_lod110v50
xmodelsurfs,#periph_mountain_rocky_billow_01_pc1_lod210v50
xmodelsurfs,#periph_mountain_rocky_billow_01_pc2_lod010v50
xmodelsurfs,#periph_mountain_rocky_billow_01_pc2_lod110v50
xmodelsurfs,#periph_mountain_rocky_billow_01_pc2_lod210v50
xmodelsurfs,#periph_mountain_rocky_billow_01_pc3_lod010v50
xmodelsurfs,#periph_mountain_rocky_billow_01_pc3_lod110v50
xmodelsurfs,#periph_mountain_rocky_billow_01_pc3_lod210v50
xmodelsurfs,#periph_mountain_rocky_billow_01_pc4_lod010v50
xmodelsurfs,#periph_mountain_rocky_billow_01_pc4_lod110v50
xmodelsurfs,#periph_mountain_rocky_billow_01_pc4_lod210v50
xmodelsurfs,#periph_mountain_rocky_billow_01_sml_pc1_lod010v50
xmodelsurfs,#periph_mountain_rocky_billow_01_sml_pc2_lod010v50
xmodelsurfs,#periph_mountain_rocky_billow_01_sml_pc3_lod010v50
xmodelsurfs,#periph_mountain_rocky_billow_01_sml_pc4_lod010v50
xmodelsurfs,#periph_mountain_rocky_billow_02_pc1_lod010v50
xmodelsurfs,#periph_mountain_rocky_billow_02_pc1_lod210v50
xmodelsurfs,#periph_mountain_rocky_billow_02_pc2_lod010v50
xmodelsurfs,#periph_mountain_rocky_billow_02_pc2_lod110v50
xmodelsurfs,#periph_mountain_rocky_billow_02_pc2_lod210v50
xmodelsurfs,#periph_mountain_rocky_billow_02_pc3_lod010v50
xmodelsurfs,#periph_mountain_rocky_billow_02_pc3_lod110v50
xmodelsurfs,#periph_mountain_rocky_billow_02_pc3_lod210v50
xmodelsurfs,#periph_mountain_rocky_billow_02_pc4_lod010v50
xmodelsurfs,#periph_mountain_rocky_billow_02_pc4_lod110v50
xmodelsurfs,#periph_mountain_rocky_billow_02_pc4_lod210v50
xmodelsurfs,#periph_mountain_rocky_billow_02_sml_pc3_lod010v50
xmodelsurfs,#periph_mountain_rocky_billowland_01_pc2_lod010v50
xmodelsurfs,#periph_mountain_rocky_billowland_01_pc3_lod010v50
xmodelsurfs,#periph_mountain_rocky_billowland_01_pc4_lod010v50
xmodelsurfs,#periph_mountain_rocky_billowland_01_pc5_lod010v50
xmodelsurfs,#periph_mountain_rocky_billowland_01_pc6_lod010v50
xmodelsurfs,#periph_mountain_rocky_billowland_01_pc7_lod010v50
xmodelsurfs,#portable_barrel_gas_pump_01_lod010-1-v411
xmodelsurfs,#portable_barrel_gas_pump_01_lod0_auto110-1-v410
xmodelsurfs,#portable_barrel_gas_pump_01_lod0_auto1_auto210-1-v410
xmodelsurfs,#portable_barrel_gas_pump_01_lod0_auto1_auto2_auto310-1-v410
xmodelsurfs,#pot_clay_01_bright_lod010v41
xmodelsurfs,#pot_clay_01_bright_lod0_auto110v40
xmodelsurfs,#pot_clay_01_bright_lod0_auto1_auto210v40
xmodelsurfs,#pot_clay_01_bright_lod0_auto1_auto2_auto310v40
xmodelsurfs,#pot_clay_02_bright_lod010v41
xmodelsurfs,#pot_clay_02_bright_lod0_auto110v40
xmodelsurfs,#pot_clay_02_bright_lod0_auto1_auto210v40
xmodelsurfs,#pot_clay_02_bright_lod0_auto1_auto2_auto310v40
xmodelsurfs,#pot_clay_02_bright_lod0_auto1_auto2_auto3_auto410v40
xmodelsurfs,#pot_clay_02_bright_lod0_auto1_auto2_auto3_auto4_auto510v40
xmodelsurfs,#pot_clay_02_dark_destr_s1_f1_lod010v40
xmodelsurfs,#pot_clay_02_dark_destr_s1_f1_lod0_auto110v40
xmodelsurfs,#pot_clay_02_dark_destr_s1_f2_lod010v40
xmodelsurfs,#pot_clay_02_dark_destr_s1_f2_lod0_auto110v40
xmodelsurfs,#pot_clay_02_dark_destr_s1_f2_lod0_auto1_auto210v40
xmodelsurfs,#pot_clay_02_dark_destr_s1_f3_lod010v40
xmodelsurfs,#pot_clay_02_dark_destr_s1_f3_lod0_auto110v40
xmodelsurfs,#pot_clay_02_dark_destr_s1_f3_lod0_auto1_auto210v40
xmodelsurfs,#pot_clay_02_dark_destr_s1_f4_lod010v40
xmodelsurfs,#pot_clay_02_dark_destr_s1_f4_lod0_auto110v40
xmodelsurfs,#pot_clay_03_bright_lod010v41
xmodelsurfs,#pot_clay_03_bright_lod0_auto110v40
xmodelsurfs,#pot_clay_03_bright_lod0_auto1_auto210v40
xmodelsurfs,#pot_clay_03_bright_lod0_auto1_auto2_auto310v40
xmodelsurfs,#pot_clay_03_piece_01_bright_lod010v41
xmodelsurfs,#pot_clay_old_01_s1_f1_lod010v40
xmodelsurfs,#pot_clay_old_01_s1_f1_lod0_auto110v40
xmodelsurfs,#pot_clay_old_01_s1_f1_lod0_auto1_auto210v40
xmodelsurfs,#pot_clay_old_01_s1_f2_lod010v40
xmodelsurfs,#pot_clay_old_01_s1_f2_lod0_auto110v40
xmodelsurfs,#pot_clay_old_01_s1_f2_lod0_auto1_auto210v40
xmodelsurfs,#pot_clay_old_01_s1_f3_lod010v40
xmodelsurfs,#pot_clay_old_01_s1_f3_lod0_auto110v40
xmodelsurfs,#pot_clay_old_01_s1_f3_lod0_auto1_auto210v40
xmodelsurfs,#pot_clay_old_01_s1_f4_lod010v40
xmodelsurfs,#pot_clay_old_01_s1_f4_lod0_auto110v40
xmodelsurfs,#pot_clay_old_01_s1_f4_lod0_auto1_auto210v40
xmodelsurfs,#pot_clay_old_01_s1_f5_lod010v40
xmodelsurfs,#pot_clay_old_01_s1_f5_lod0_auto110v40
xmodelsurfs,#pot_clay_old_01_s1_f5_lod0_auto1_auto210v40
xmodelsurfs,#power_tower_wire_le1_lod010v40
xmodelsurfs,#power_tower_wire_le1_lod110v40
xmodelsurfs,#powerline_tower_lod010v40
xmodelsurfs,#powerline_tower_lod110v40
xmodelsurfs,#powerline_tower_lod210v40
xmodelsurfs,#prop_uav_radio_destr_lod010v41
xmodelsurfs,#prop_uav_radio_destr_lod0_auto110v40
xmodelsurfs,#prop_uav_radio_destr_lod0_auto1_auto210v40
xmodelsurfs,#river_bed_dirt_pile_03_lod010v41
xmodelsurfs,#river_bed_dirt_pile_03_lod0_auto110v40
xmodelsurfs,#river_bed_dirt_pile_03_lod0_auto1_auto210v40
xmodelsurfs,#river_bed_dirt_pile_03_lod0_auto1_auto2_auto310v40
xmodelsurfs,#river_bed_dirt_pile_03_lod0_auto1_auto2_auto3_auto410v40
xmodelsurfs,#river_bed_dirt_pile_03_lod0_auto1_auto2_auto3_auto4_auto510v40
xmodelsurfs,#rock_cliff_scotland_02_lod010-1-v511
xmodelsurfs,#rock_cliff_scotland_02_lod0_auto110-1-v510
xmodelsurfs,#rock_cliff_scotland_02_lod0_auto1_auto210-1-v510
xmodelsurfs,#rock_cliff_scotland_02_lod0_auto1_auto2_auto310-1-v510
xmodelsurfs,#rock_cliff_scotland_02_lod0_auto1_auto2_auto3_auto410-1-v510
xmodelsurfs,#rock_cliff_scotland_03_lod010-1-v511
xmodelsurfs,#rock_cliff_scotland_03_lod0_auto110-1-v510
xmodelsurfs,#rock_cliff_scotland_03_lod0_auto1_auto210-1-v510
xmodelsurfs,#rock_cliff_scotland_03_lod0_auto1_auto2_auto310-1-v510
xmodelsurfs,#rock_cliff_scotland_04_lod010-1-v511
xmodelsurfs,#rock_cliff_scotland_04_lod0_auto110-1-v510
xmodelsurfs,#rock_cliff_scotland_04_lod0_auto1_auto210-1-v510
xmodelsurfs,#rock_cliff_scotland_04_lod0_auto1_auto2_auto310-1-v510
xmodelsurfs,#rock_cliff_scotland_04_lod0_auto1_auto2_auto3_auto410-1-v510
xmodelsurfs,#rock_cliff_scotland_04_lod0_auto1_auto2_auto3_auto4_auto510-1-v510
xmodelsurfs,#rock_dirt_wall_eroded_01_lod010v51
xmodelsurfs,#rock_dirt_wall_eroded_01_lod0_auto110v50
xmodelsurfs,#rock_dirt_wall_eroded_01_lod0_auto1_auto210v50
xmodelsurfs,#rock_dirt_wall_eroded_01_lod0_auto1_auto2_auto310v50
xmodelsurfs,#rock_dirt_wall_eroded_01_lod0_auto1_auto2_auto3_auto410v50
xmodelsurfs,#rock_dirt_wall_eroded_01_lod0_auto1_auto2_auto3_auto4_auto510v50
xmodelsurfs,#rock_dirt_wall_eroded_01a_lod010v51
xmodelsurfs,#rock_dirt_wall_eroded_01a_lod0_auto110v50
xmodelsurfs,#rock_dirt_wall_eroded_01a_lod0_auto1_auto210v50
xmodelsurfs,#rock_dirt_wall_eroded_01a_lod0_auto1_auto2_auto310v50
xmodelsurfs,#rock_dirt_wall_eroded_01a_lod0_auto1_auto2_auto3_auto410v50
xmodelsurfs,#rock_dirt_wall_eroded_01a_lod0_auto1_auto2_auto3_auto4_auto510v50
xmodelsurfs,#rock_dirt_wall_eroded_01b_lod010v51
xmodelsurfs,#rock_dirt_wall_eroded_01b_lod0_auto110v50
xmodelsurfs,#rock_dirt_wall_eroded_01b_lod0_auto1_auto210v50
xmodelsurfs,#rock_dirt_wall_eroded_01b_lod0_auto1_auto2_auto310v50
xmodelsurfs,#rock_dirt_wall_eroded_01b_lod0_auto1_auto2_auto3_auto410v50
xmodelsurfs,#rock_dirt_wall_eroded_01b_lod0_auto1_auto2_auto3_auto4_auto510v50
xmodelsurfs,#rock_dirt_wall_eroded_02_lod010-1-v511
xmodelsurfs,#rock_dirt_wall_eroded_02_lod0_auto110-1-v510
xmodelsurfs,#rock_dirt_wall_eroded_02_lod0_auto1_auto210-1-v510
xmodelsurfs,#rock_dirt_wall_eroded_02_lod0_auto1_auto2_auto310-1-v510
xmodelsurfs,#rock_dirt_wall_eroded_02_lod0_auto1_auto2_auto3_auto410-1-v510
xmodelsurfs,#rock_dirt_wall_eroided_short_01_lod010v51
xmodelsurfs,#rock_dirt_wall_eroided_short_01_lod0_auto110v50
xmodelsurfs,#rock_dirt_wall_eroided_short_01_lod0_auto1_auto210v50
xmodelsurfs,#rock_dirt_wall_eroided_short_01_lod0_auto1_auto2_auto310v50
xmodelsurfs,#rock_dirt_wall_eroided_short_01_lod0_auto1_auto2_auto3_auto410v50
xmodelsurfs,#rock_medium_scotland_01_lod010-1-v511
xmodelsurfs,#rock_medium_scotland_01_lod0_auto110-1-v510
xmodelsurfs,#rock_medium_scotland_01_lod0_auto1_auto210-1-v510
xmodelsurfs,#rock_medium_scotland_01_lod0_auto1_auto2_auto310-1-v510
xmodelsurfs,#rock_medium_scotland_01_lod0_auto1_auto2_auto3_auto410-1-v510
xmodelsurfs,#rock_small_scotland_group_01_lod010v41
xmodelsurfs,#rock_small_scotland_group_01_lod0_auto110v40
xmodelsurfs,#rock_small_scotland_group_01_lod0_auto1_auto210v40
xmodelsurfs,#rock_small_scotland_group_01_lod0_auto1_auto2_auto310v40
xmodelsurfs,#rock_small_scotland_group_02_lod010v41
xmodelsurfs,#rock_small_scotland_group_02_lod0_auto110v40
xmodelsurfs,#rock_small_scotland_group_02_lod0_auto1_auto210v40
xmodelsurfs,#rock_small_scotland_group_02_lod0_auto1_auto2_auto310v40
xmodelsurfs,#rock_small_scotland_group_02_lod0_auto1_auto2_auto3_auto410v40
xmodelsurfs,#rock_small_scotland_group_03_lod010v41
xmodelsurfs,#rock_small_scotland_group_03_lod0_auto110v40
xmodelsurfs,#rock_small_scotland_group_03_lod0_auto1_auto210v40
xmodelsurfs,#rock_small_scotland_group_03_lod0_auto1_auto2_auto310v40
xmodelsurfs,#rock_small_scotland_group_03_lod0_auto1_auto2_auto3_auto410v40
xmodelsurfs,#rolled_tarp_01_lod010v41
xmodelsurfs,#rolled_tarp_01_lod0_auto110v40
xmodelsurfs,#rolled_tarp_01_lod0_auto1_auto210v40
xmodelsurfs,#rolled_tarp_01_lod0_auto1_auto2_auto310v40
xmodelsurfs,#rubble_concrete_pile_large_01_lod010v41
xmodelsurfs,#rubble_concrete_pile_large_01_lod0_auto110v40
xmodelsurfs,#rubble_concrete_pile_large_01_lod0_auto1_auto210v40
xmodelsurfs,#rubble_concrete_pile_large_01_lod0_auto1_auto2_auto310v40
xmodelsurfs,#rubble_concrete_pile_large_02_lod010v41
xmodelsurfs,#rubble_concrete_pile_large_02_lod0_auto110v40
xmodelsurfs,#rubble_concrete_pile_large_02_lod0_auto1_auto210v40
xmodelsurfs,#rubble_concrete_pile_large_02_lod0_auto1_auto2_auto310v40
xmodelsurfs,#rubble_pile_cmu_conc_corner_mid_01_lod010v41
xmodelsurfs,#rubble_pile_cmu_conc_corner_mid_01_lod0_auto110v40
xmodelsurfs,#rubble_pile_cmu_conc_corner_mid_01_lod0_auto1_auto210v40
xmodelsurfs,#rubble_pile_cmu_conc_corner_mid_01_lod0_auto1_auto2_auto310v40
xmodelsurfs,#rubble_pile_cmu_conc_edge_mid_01_lod010v41
xmodelsurfs,#rubble_pile_cmu_conc_edge_mid_01_lod0_auto110v40
xmodelsurfs,#rubble_pile_cmu_conc_edge_mid_01_lod0_auto1_auto210v40
xmodelsurfs,#rubble_pile_cmu_conc_edge_mid_01_lod0_auto1_auto2_auto310v40
xmodelsurfs,#rubble_pile_cmu_conc_edge_mid_02_lod010v41
xmodelsurfs,#rubble_pile_cmu_conc_edge_mid_02_lod0_auto110v40
xmodelsurfs,#rubble_pile_cmu_conc_edge_mid_02_lod0_auto1_auto210v40
xmodelsurfs,#rubble_pile_cmu_conc_edge_mid_02_lod0_auto1_auto2_auto310v40
xmodelsurfs,#rubble_pile_cmu_conc_edge_mid_02_lod0_auto1_auto2_auto3_auto410v40
xmodelsurfs,#rubble_pile_cmu_conc_mid_01_lod0_auto010v410v41
xmodelsurfs,#rubble_pile_cmu_conc_mid_01_lod0_auto0_auto110v40
xmodelsurfs,#rubble_pile_cmu_conc_mid_01_lod0_auto0_auto1_auto210v40
xmodelsurfs,#rubble_pile_cmu_conc_mid_01_lod0_auto0_auto1_auto2_auto310v40
xmodelsurfs,#rubble_pile_cmu_conc_mid_02_lod0_auto010v410v41
xmodelsurfs,#rubble_pile_cmu_conc_mid_02_lod0_auto0_auto110v40
xmodelsurfs,#rubble_pile_cmu_conc_mid_02_lod0_auto0_auto1_auto210v40
xmodelsurfs,#rubble_pile_cmu_conc_small_01_lod010v41
xmodelsurfs,#rubble_pile_cmu_conc_small_01_lod0_auto110v40
xmodelsurfs,#rubble_pile_cmu_conc_small_01_lod0_auto1_auto210v40
xmodelsurfs,#rubble_wall_dirt_edge_01_lod010v50
xmodelsurfs,#rubble_wall_dirt_edge_01_lod0_auto110v50
xmodelsurfs,#rubble_wall_dirt_edge_01_lod0_auto1_auto210v50
xmodelsurfs,#sandbag_wall_pieces_arrey_mp_short_01_lod010v811
xmodelsurfs,#sandbag_wall_pieces_arrey_mp_short_01_lod0_auto110v40
xmodelsurfs,#sandbag_wall_pieces_arrey_mp_short_01_lod0_auto1_auto210v40
xmodelsurfs,#sandbag_wall_pieces_arrey_mp_short_01_lod0_auto1_auto2_auto310v40
xmodelsurfs,#sandbag_wall_pieces_block_mp_01_lod010v811
xmodelsurfs,#sandbag_wall_pieces_block_mp_01_lod0_auto110v40
xmodelsurfs,#sandbag_wall_pieces_block_mp_01_lod0_auto1_auto210v40
xmodelsurfs,#sandbag_wall_pieces_block_mp_01_lod0_auto1_auto2_auto310v40
xmodelsurfs,#sandbag_wall_pieces_corner_sp_01_lod010v811
xmodelsurfs,#sandbag_wall_pieces_corner_sp_01_lod0_auto110v40
xmodelsurfs,#sandbag_wall_pieces_corner_sp_01_lod0_auto1_auto210v40
xmodelsurfs,#sandbag_wall_pieces_endcap_mp_01_lod010v811
xmodelsurfs,#sandbag_wall_pieces_endcap_mp_01_lod0_auto110v40
xmodelsurfs,#sandbag_wall_pieces_endcap_mp_01_lod0_auto1_auto210v40
xmodelsurfs,#sandbag_wall_pieces_endcap_mp_01_lod0_auto1_auto2_auto310v40
xmodelsurfs,#sandbag_wall_pieces_endcap_mp_02_lod010v811
xmodelsurfs,#sandbag_wall_pieces_endcap_mp_02_lod0_auto110v40
xmodelsurfs,#sandbag_wall_pieces_endcap_mp_02_lod0_auto1_auto210v40
xmodelsurfs,#sandbag_wall_pieces_endcap_mp_02_lod0_auto1_auto2_auto310v40
xmodelsurfs,#sandbag_wall_pieces_endcap_mp_02_lod0_auto1_auto2_auto3_auto410v40
xmodelsurfs,#sandbag_wall_pieces_endcap_sp_01_lod010v811
xmodelsurfs,#sandbag_wall_pieces_endcap_sp_01_lod0_auto110v40
xmodelsurfs,#sandbag_wall_pieces_endcap_sp_01_lod0_auto1_auto210v40
xmodelsurfs,#sandbag_wall_pieces_endcap_sp_02_lod010v811
xmodelsurfs,#sandbag_wall_pieces_endcap_sp_02_lod0_auto110v40
xmodelsurfs,#sandbag_wall_pieces_endcap_sp_02_lod0_auto1_auto210v40
xmodelsurfs,#sandbag_wall_pieces_endcap_sp_02_lod0_auto1_auto2_auto310v40
xmodelsurfs,#shanty_bldg_buildkit_02_02_a_lod000v241
xmodelsurfs,#shanty_bldg_buildkit_02_02_a_lod0_auto100v240
xmodelsurfs,#shanty_bldg_buildkit_02_02_a_lod0_auto1_auto200v240
xmodelsurfs,#shanty_bldg_buildkit_02_02_a_lod0_auto1_auto2_auto300v240
xmodelsurfs,#shanty_bldg_buildkit_02_02_a_lod510v40
xmodelsurfs,#shanty_bldg_buildkit_02_03_b_lod000v011
xmodelsurfs,#shanty_bldg_buildkit_02_03_b_lod0_auto100v010
xmodelsurfs,#shanty_bldg_buildkit_02_03_b_lod0_auto1_auto200v010
xmodelsurfs,#shanty_bldg_buildkit_02_03_b_lod0_auto1_auto2_auto300v010
xmodelsurfs,#shanty_bldg_buildkit_02_03_b_lod0_auto1_auto2_auto3_auto400v010
xmodelsurfs,#shanty_bldg_buildkit_02_04_b_lod000-2-v271
xmodelsurfs,#shanty_bldg_buildkit_02_04_b_lod0_auto100-2-v270
xmodelsurfs,#shanty_bldg_buildkit_02_04_b_lod0_auto1_auto200-2-v270
xmodelsurfs,#shanty_bldg_buildkit_02_04_b_lod0_auto1_auto2_auto300-2-v270
xmodelsurfs,#shanty_bldg_buildkit_02_04_b_lod510v40
xmodelsurfs,#shanty_bldg_buildkit_02_roof_a_lod000v061
xmodelsurfs,#shanty_bldg_buildkit_02_roof_a_lod0_auto100v060
xmodelsurfs,#shanty_bldg_buildkit_02_roof_a_lod0_auto1_auto200v060
xmodelsurfs,#shanty_bldg_buildkit_02_roof_a_lod0_auto1_auto2_auto300v060
xmodelsurfs,#shanty_bldg_buildkit_02_roof_a_lod0_auto1_auto2_auto3_auto400v060
xmodelsurfs,#shanty_bldg_buildkit_02_roof_a_lod510v40
xmodelsurfs,#shanty_bldg_buildkit_02_structure_a_lod000v40
xmodelsurfs,#shanty_bldg_buildkit_02_structure_a_lod0_auto100v40
xmodelsurfs,#shanty_bldg_buildkit_02_structure_a_lod0_auto1_auto200v40
xmodelsurfs,#shanty_bldg_buildkit_02_structure_a_lod0_auto1_auto2_auto300v40
xmodelsurfs,#shanty_bldg_buildkit_03_02_a_lod000v00011
xmodelsurfs,#shanty_bldg_buildkit_03_02_a_lod0_auto100v00010
xmodelsurfs,#shanty_bldg_buildkit_03_02_a_lod0_auto1_auto200v00010
xmodelsurfs,#shanty_bldg_buildkit_03_02_a_lod0_auto1_auto2_auto300v00010
xmodelsurfs,#shanty_bldg_buildkit_03_02_a_lod0_auto1_auto2_auto3_auto400v00010
xmodelsurfs,#shanty_bldg_buildkit_03_02_a_lod510v40
xmodelsurfs,#shanty_bldg_buildkit_03_03_a_lod000-18d-v0551
xmodelsurfs,#shanty_bldg_buildkit_03_03_a_lod0_auto100-18d-v0550
xmodelsurfs,#shanty_bldg_buildkit_03_03_a_lod0_auto1_auto200-18d-v0550
xmodelsurfs,#shanty_bldg_buildkit_03_03_a_lod0_auto1_auto2_auto300-18d-v0550
xmodelsurfs,#shanty_bldg_buildkit_03_03_a_lod0_auto1_auto2_auto3_auto400-18d-v0550
xmodelsurfs,#shanty_bldg_buildkit_03_03_a_lod0_auto1_auto2_auto3_auto4_auto500-18d-v0550
xmodelsurfs,#shanty_bldg_buildkit_03_roof_a_lod000v0011
xmodelsurfs,#shanty_bldg_buildkit_03_roof_a_lod0_auto100v0010
xmodelsurfs,#shanty_bldg_buildkit_03_roof_a_lod0_auto1_auto200v0010
xmodelsurfs,#shell_casings_ar_01_lod010v40
xmodelsurfs,#shell_casings_ar_01_lod0_auto110v40
xmodelsurfs,#shell_casings_ar_01_lod0_auto1_auto210v40
xmodelsurfs,#shell_casings_ar_01_lod0_auto1_auto2_auto310v40
xmodelsurfs,#shell_casings_ar_02_lod010v40
xmodelsurfs,#shell_casings_ar_02_lod0_auto110v40
xmodelsurfs,#shell_casings_ar_02_lod0_auto1_auto210v40
xmodelsurfs,#shell_casings_ar_02_lod0_auto1_auto2_auto310v40
xmodelsurfs,#skyway_foliage_hedge_01_lod010-1-vf10
xmodelsurfs,#skyway_foliage_hedge_01_lod110-1-vf10
xmodelsurfs,#skyway_foliage_hedge_01_lod210-1-vf10
xmodelsurfs,#storage_chicken_coop_01_lod010001v841
xmodelsurfs,#storage_chicken_coop_01_lod0_auto110001v010
xmodelsurfs,#storage_chicken_coop_01_lod0_auto1_auto210001v010
xmodelsurfs,#structural_bracket_iron_rusted_32_t_01_lod000v41
xmodelsurfs,#structural_bracket_iron_rusted_32_t_01_lod0_auto100v40
xmodelsurfs,#structural_bracket_iron_rusted_32_t_01_lod0_auto1_auto200v40
xmodelsurfs,#structural_bracket_iron_rusted_32_thin_01_lod000v41
xmodelsurfs,#structural_bracket_iron_rusted_32_thin_l_01_lod110v40
xmodelsurfs,#structural_bracket_iron_rusted_32_thin_l_02_lod010v41
xmodelsurfs,#structural_bracket_iron_rusted_32_thin_l_02_lod110v40
xmodelsurfs,#structural_bracket_iron_rusted_32_thin_l_02_lod210v40
xmodelsurfs,#structural_bracket_iron_rusted_32_thin_l_03_lod000v41
xmodelsurfs,#structural_bracket_iron_rusted_32_thin_l_03_lod110v40
xmodelsurfs,#structural_bracket_iron_rusted_32_thin_l_03_lod210v40
xmodelsurfs,#structural_bracket_iron_rusted_32_thin_l_03_lod310v40
xmodelsurfs,#structural_bracket_iron_rusted_32_x_01_lod000v41
xmodelsurfs,#structural_bracket_iron_rusted_32_x_01_lod0_auto100v40
xmodelsurfs,#structural_bracket_iron_rusted_32_x_01_lod0_auto1_auto200v40
xmodelsurfs,#structural_bracket_iron_rusted_junction_01_lod000v41
xmodelsurfs,#structural_bracket_iron_rusted_junction_01_lod0_auto100v40
xmodelsurfs,#syrk_window_damaged_01_rvl_lod010-1-v411
xmodelsurfs,#syrk_window_damaged_01_rvl_lod0_auto110-1-v410
xmodelsurfs,#syrk_window_damaged_01_rvl_lod0_auto1_auto210-1-v410
xmodelsurfs,#syrk_window_damaged_01_rvl_lod0_auto1_auto2_auto310-1-v410
xmodelsurfs,#syrk_window_damaged_01_rvl_lod0_auto1_auto2_auto3_auto410-1-v410
xmodelsurfs,#syrk_window_damaged_02_rvl_lod010-1-v411
xmodelsurfs,#syrk_window_damaged_02_rvl_lod0_auto110-1-v410
xmodelsurfs,#syrk_window_damaged_02_rvl_lod0_auto1_auto210-1-v410
xmodelsurfs,#syrk_window_damaged_02_rvl_lod0_auto1_auto2_auto310-1-v410
xmodelsurfs,#syrkistan_cafe_sheesha_cord_01_lod010v40
xmodelsurfs,#syrkistan_cafe_sheesha_cord_01_lod0_auto110v40
xmodelsurfs,#syrkistan_cafe_sheesha_cord_01_lod0_auto1_auto210v40
xmodelsurfs,#syrkistan_cafe_sheesha_damages_lod010-1-v051
xmodelsurfs,#syrkistan_cafe_sheesha_damages_lod0_auto110-1-v410
xmodelsurfs,#syrkistan_cafe_sheesha_damages_lod0_auto1_auto210-1-v410
xmodelsurfs,#syrkistan_cafe_sheesha_damages_lod0_auto1_auto2_auto310-1-v410
xmodelsurfs,#terrain_dirt_pile_01_lod010v41
xmodelsurfs,#terrain_dirt_pile_01_lod0_auto110v40
xmodelsurfs,#terrain_dirt_pile_01_lod0_auto1_auto210v40
xmodelsurfs,#terrain_dirt_pile_01_lod0_auto1_auto2_auto310v40
xmodelsurfs,#terrain_dirt_pile_01_lod0_auto1_auto2_auto3_auto410v40
xmodelsurfs,#terrain_dirt_pile_01_lod0_auto1_auto2_auto3_auto4_auto510v40
xmodelsurfs,#tool_metal_nail_01_lod010v41
xmodelsurfs,#tool_metal_nail_01_lod0_auto110v40
xmodelsurfs,#tool_rake_shovel_01_lod010-2-v071
xmodelsurfs,#tool_rake_shovel_01_lod110-2-v010
xmodelsurfs,#tool_rake_shovel_01_lod210-2-v40
xmodelsurfs,#tool_screwdriver_01_lod010v41
xmodelsurfs,#tool_screwdriver_01_lod0_auto110v40
xmodelsurfs,#uav_radio_lod010v41
xmodelsurfs,#uav_radio_lod0_auto110v40
xmodelsurfs,#uav_radio_lod210v40
xmodelsurfs,#uk_bottle_oil_small_01_lod010v41
xmodelsurfs,#uk_bottle_oil_small_01_lod0_auto110v40
xmodelsurfs,#uk_building_exterior_concrete_stairs_worn_02_lod010v41
xmodelsurfs,#uk_building_exterior_concrete_stairs_worn_02_lod0_auto110v40
xmodelsurfs,#uk_building_exterior_concrete_stairs_worn_02_lod0_auto1_auto210v40
xmodelsurfs,#uk_car_body_paint_filler_01_destr_lod010v41
xmodelsurfs,#uk_car_body_paint_filler_01_destr_lod0_auto110v40
xmodelsurfs,#uk_car_body_paint_filler_01_destr_lod0_auto1_auto210v40
xmodelsurfs,#uk_fabric_tarp_mp_hackney_yard_01_lod0_auto010v610v60
xmodelsurfs,#uk_fabric_tarp_mp_hackney_yard_01_lod0_auto0_auto110v60
xmodelsurfs,#uk_fabric_tarp_mp_hackney_yard_01_lod0_auto0_auto1_auto210v60
xmodelsurfs,#uk_fabric_tarp_mp_hackney_yard_01_lod0_auto0_auto1_auto2_auto310v60
xmodelsurfs,#uk_fabric_tarp_mp_hackney_yard_01_lod0_auto0_auto1_auto2_auto3_auto410v60
xmodelsurfs,#uk_foliage_small_weeds_02_lod010v60
xmodelsurfs,#uk_garage_workbench_01_lod010v41
xmodelsurfs,#uk_garage_workbench_01_lod0_auto110v40
xmodelsurfs,#uk_garage_workbench_01_lod0_auto1_auto210v40
xmodelsurfs,#uk_garage_workbench_01_lod0_auto1_auto2_auto310v40
xmodelsurfs,#uk_garage_workbench_02_lod010v41
xmodelsurfs,#uk_garage_workbench_02_lod0_auto110v40
xmodelsurfs,#uk_garage_workbench_02_lod0_auto1_auto210v40
xmodelsurfs,#uk_garage_workbench_02_lod0_auto1_auto2_auto310v40
xmodelsurfs,#uk_gas_tank_thin_cylinder_cracked_destr_lod010v61
xmodelsurfs,#uk_gas_tank_thin_cylinder_cracked_destr_lod0_auto110v60
xmodelsurfs,#uk_gas_tank_thin_cylinder_cracked_destr_lod0_auto1_auto210v60
xmodelsurfs,#uk_gas_tank_thin_cylinder_cracked_destr_lod0_auto1_auto2_auto310v60
xmodelsurfs,#uk_gas_tank_thin_cylinder_destr_lod0_auto110v60
xmodelsurfs,#uk_gas_tank_thin_cylinder_destr_lod0_auto1_auto210v60
xmodelsurfs,#uk_gas_tank_thin_cylinder_destr_lod0_auto1_auto2_auto310v60
xmodelsurfs,#uk_gas_tank_thin_cylinder_lod010v61
xmodelsurfs,#uk_gas_tank_thin_cylinder_lod0_auto110v60
xmodelsurfs,#uk_gas_tank_thin_cylinder_lod0_auto1_auto210v60
xmodelsurfs,#uk_gas_tank_thin_cylinder_lod0_auto1_auto2_auto310v60
xmodelsurfs,#uk_gas_tank_thin_cylinder_lod0_auto1_auto2_auto3_auto410v60
xmodelsurfs,#uk_industrial_light_01_lod000v011
xmodelsurfs,#uk_industrial_light_01_lod000v41
xmodelsurfs,#uk_industrial_light_01_lod0_auto100v010
xmodelsurfs,#uk_industrial_light_01_lod0_auto100v40
xmodelsurfs,#uk_industrial_light_01_lod0_auto1_auto200v010
xmodelsurfs,#uk_industrial_light_01_lod0_auto1_auto200v40
xmodelsurfs,#uk_industrial_light_01_lod0_auto1_auto2_auto300v010
xmodelsurfs,#uk_industrial_light_01_lod0_auto1_auto2_auto300v40
xmodelsurfs,#uk_industrial_light_01_lod0_auto1_auto2_auto3_auto400v010
xmodelsurfs,#uk_industrial_light_01_lod0_auto1_auto2_auto3_auto400v40
xmodelsurfs,#uk_misc_car_parts_crate_01_destr_g1_lod010v40
xmodelsurfs,#uk_misc_car_parts_crate_01_destr_g1_lod0_auto110v40
xmodelsurfs,#uk_misc_car_parts_crate_01_destr_g1_lod0_auto1_auto210v40
xmodelsurfs,#uk_misc_car_parts_crate_01_destr_g2_lod010v40
xmodelsurfs,#uk_misc_car_parts_crate_01_destr_g2_lod0_auto110v40
xmodelsurfs,#uk_misc_car_parts_crate_01_destr_g2_lod0_auto1_auto210v40
xmodelsurfs,#uk_misc_car_parts_crate_01_destr_g2_lod0_auto1_auto2_auto310v40
xmodelsurfs,#uk_misc_car_parts_crate_01_destr_g2_lod0_auto1_auto2_auto3_auto410v40
xmodelsurfs,#uk_misc_car_parts_crate_01_destr_g3_lod010v40
xmodelsurfs,#uk_misc_car_parts_crate_01_destr_g3_lod0_auto110v40
xmodelsurfs,#uk_misc_car_parts_crate_01_destr_g3_lod0_auto1_auto210v40
xmodelsurfs,#uk_misc_car_parts_crate_01_destr_g4_lod010v40
xmodelsurfs,#uk_misc_car_parts_crate_01_destr_g4_lod0_auto110v40
xmodelsurfs,#uk_misc_car_parts_crate_01_destr_g4_lod0_auto1_auto210v40
xmodelsurfs,#uk_misc_car_parts_crate_01_destr_g5_lod010v40
xmodelsurfs,#uk_misc_car_parts_crate_01_destr_g5_lod0_auto110v40
xmodelsurfs,#uk_misc_car_parts_crate_01_destr_g5_lod0_auto1_auto210v40
xmodelsurfs,#uk_misc_car_parts_crate_01_empty_lod010v61
xmodelsurfs,#uk_misc_car_parts_crate_01_empty_lod0_auto110v60
xmodelsurfs,#uk_misc_car_parts_crate_01_empty_lodx10v40
xmodelsurfs,#uk_misc_car_parts_crate_01_lod010v41
xmodelsurfs,#uk_misc_car_parts_crate_01_lod0_auto110v40
xmodelsurfs,#uk_misc_car_parts_crate_01_lod0_auto1_auto210v40
xmodelsurfs,#uk_misc_car_parts_crate_01_lodx10v40
xmodelsurfs,#uk_misc_hand_towel_dirty_02_lod000v61
xmodelsurfs,#uk_misc_hand_towel_dirty_02_lod0_auto100v60
xmodelsurfs,#uk_misc_hand_towel_dirty_02_lodx10v60
xmodelsurfs,#uk_shelf_garage_02_19x43x71_lod010va11
xmodelsurfs,#uk_shelf_garage_02_19x43x71_lod0_auto110va10
xmodelsurfs,#uk_shelf_garage_02_19x43x71_lod0_auto1_auto210va10
xmodelsurfs,#uk_shelf_garage_02_19x43x71_lodx10v60
xmodelsurfs,#uk_shipping_crate_wood_closed_01_lod010v41
xmodelsurfs,#uk_shipping_crate_wood_closed_01_lod0_auto110v40
xmodelsurfs,#uk_shipping_crate_wood_closed_01_lod0_auto1_auto210v40
xmodelsurfs,#uk_shipping_crate_wood_closed_01_lodx10v40
xmodelsurfs,#uk_shipping_crate_wood_open_side_01_lod010v41
xmodelsurfs,#uk_shipping_crate_wood_open_side_01_lod0_auto110v40
xmodelsurfs,#uk_shipping_crate_wood_open_side_01_lod0_auto1_auto210v40
xmodelsurfs,#uk_shipping_crate_wood_open_side_01_lodx10v40
xmodelsurfs,#uk_siding_metal_corrugated_01_64x88_rust_lod010v211
xmodelsurfs,#uk_siding_metal_corrugated_01_64x88_rust_lod0_auto110-1-v60
xmodelsurfs,#uk_siding_metal_corrugated_01_64x88_rust_lod310v60
xmodelsurfs,#uk_stairs_int_wood_worn_02_2step_lod010v41
xmodelsurfs,#uk_stairs_int_wood_worn_02_2step_lod0_auto110v40
xmodelsurfs,#uk_stairs_int_wood_worn_02_2step_lod0_auto1_auto210v40
xmodelsurfs,#uk_stairs_int_wood_worn_02_2step_lod0_auto1_auto2_auto310v40
xmodelsurfs,#uk_stairs_int_wood_worn_02_4step_lod010v41
xmodelsurfs,#uk_stairs_int_wood_worn_02_4step_lod0_auto110v40
xmodelsurfs,#uk_stairs_int_wood_worn_02_4step_lod0_auto1_auto210v40
xmodelsurfs,#uk_stairs_int_wood_worn_02_4step_lod0_auto1_auto2_auto310v40
xmodelsurfs,#uk_stairs_int_wood_worn_02_8step_lastlod00v40
xmodelsurfs,#uk_stairs_int_wood_worn_02_8step_lod010v41
xmodelsurfs,#uk_stairs_int_wood_worn_02_8step_lod0_auto110v40
xmodelsurfs,#uk_stucco_pillar_02_thin_beige_lod010v41
xmodelsurfs,#uk_stucco_pillar_02_thin_beige_lod0_auto110v40
xmodelsurfs,#uk_stucco_pillar_02_thin_beige_lod0_auto1_auto210v40
xmodelsurfs,#uk_stucco_pillar_02_thin_beige_lod0_auto1_auto2_auto310v40
xmodelsurfs,#uk_tire_stack_01_lod010v41
xmodelsurfs,#uk_tire_stack_01_lod0_auto110v40
xmodelsurfs,#uk_tire_stack_01_lod0_auto1_auto210v40
xmodelsurfs,#uk_tire_stack_01_lod0_auto1_auto2_auto310v40
xmodelsurfs,#uk_tire_stack_01_lod0_auto1_auto2_auto3_auto410v40
xmodelsurfs,#uk_toilet_garage_01_destr_lod010v00011
xmodelsurfs,#uk_toilet_garage_01_destr_lod0_auto110v00010
xmodelsurfs,#uk_toilet_garage_01_destr_lod0_auto1_auto210v00010
xmodelsurfs,#uk_toilet_garage_01_destr_lod0_auto1_auto2_auto310v00010
xmodelsurfs,#uk_toilet_garage_01_destr_lod0_auto1_auto2_auto3_auto410v00010
xmodelsurfs,#uk_toilet_garage_01_destr_lod0_auto1_auto2_auto3_auto4_auto510v00010
xmodelsurfs,#uk_yellow_component_bin_filled_01_destr_s1_f1_lod010v40
xmodelsurfs,#uk_yellow_component_bin_filled_01_destr_s1_f1_lod0_auto110v40
xmodelsurfs,#un_industrial_wooden_pallet_01_lod000v41
xmodelsurfs,#un_industrial_wooden_pallet_01_lod100v40
xmodelsurfs,#un_industrial_wooden_pallet_01_lod200v40
xmodelsurfs,#un_industrial_wooden_pallet_01_lod300v40
xmodelsurfs,#un_industrial_wooden_pallet_01_lod400v40
xmodelsurfs,#un_industrial_wooden_pallet_01_lod500v40
xmodelsurfs,#un_industrial_wooden_pallet_stack_01_lod000v41
xmodelsurfs,#un_industrial_wooden_pallet_stack_01_lod100v40
xmodelsurfs,#un_industrial_wooden_pallet_stack_01_lod200v40
xmodelsurfs,#un_industrial_wooden_pallet_stack_01_lod300v40
xmodelsurfs,#un_industrial_wooden_pallet_stack_01_lod410v40
xmodelsurfs,#un_industrial_wooden_pallet_stack_01_lod510v40
xmodelsurfs,#usmc_military_backpack_01_lod010v41
xmodelsurfs,#usmc_military_backpack_01_lod0_auto110v40
xmodelsurfs,#usmc_military_backpack_01_lod0_auto1_auto210v40
xmodelsurfs,#usmc_military_backpack_01_lod0_auto1_auto2_auto310v40
xmodelsurfs,#usmc_military_backpack_01_lod0_auto1_auto2_auto3_auto410v40
xmodelsurfs,#usmc_military_backpack_01_lod0_auto1_auto2_auto3_auto4_auto510v40
xmodelsurfs,#veh8_civ_lnd_hindia_lod010-8c-v0000000000004555555511
xmodelsurfs,#veh8_civ_lnd_hindia_lod110-87a3-v00000000000055555550
xmodelsurfs,#veh8_civ_lnd_hindia_lod1_auto210-456873-v0000000000055555510
xmodelsurfs,#veh8_civ_lnd_hindia_lod1_auto2_auto310-456873-v00000000045555550
xmodelsurfs,#veh8_civ_lnd_hindia_lod1_auto2_auto3_auto410-ada0f4-v0000000040
xmodelsurfs,#veh8_civ_lnd_hindia_static_dst_lod010-4-v00000411
xmodelsurfs,#veh8_civ_lnd_hindia_static_dst_lod110-5-v00000050
xmodelsurfs,#veh8_civ_lnd_hindia_static_dst_lod1_auto210-5-v0000010
xmodelsurfs,#veh8_civ_lnd_hindia_static_dst_lod1_auto2_auto310-5-v000010
xmodelsurfs,#veh8_civ_lnd_hindia_static_dst_lod1_auto2_auto3_auto410-5-v00010
xmodelsurfs,#veh8_civ_lnd_hindia_static_dst_lod1_auto2_auto3_auto4_auto510-5-v040
xmodelsurfs,#veh8_civ_lnd_hindia_static_lod010-cb30-v0000551
xmodelsurfs,#veh8_civ_lnd_hindia_static_lod110-87a4-v0000550
xmodelsurfs,#veh8_civ_lnd_hindia_static_lod1_auto210-4567ef-v000450
xmodelsurfs,#veh8_civ_lnd_hindia_static_lod1_auto2_auto310-4567ef-v000510
xmodelsurfs,#veh8_civ_lnd_hindia_static_lod1_auto2_auto3_auto410-ad5deb-v0040
xmodelsurfs,#veh8_civ_lnd_techo_rebel_armor_03_lod010v41
xmodelsurfs,#veh8_civ_lnd_techo_rebel_armor_03_lod0_auto110v40
xmodelsurfs,#veh8_civ_lnd_techo_rebel_armor_03_lod0_auto1_auto210v40
xmodelsurfs,#veh8_civ_lnd_techo_rebel_armor_03_lod0_auto1_auto2_auto310v40
xmodelsurfs,#veh8_civ_lnd_techo_rebel_armor_04_lod010v41
xmodelsurfs,#veh8_civ_lnd_techo_rebel_armor_04_lod0_auto110v40
xmodelsurfs,#veh8_civ_lnd_techo_rebel_armor_04_lod0_auto1_auto210v40
xmodelsurfs,#veh8_civ_lnd_techo_rebel_armor_04_lod0_auto1_auto2_auto310v40
xmodelsurfs,#veh8_civ_lnd_techo_rebel_armor_06_lod010v41
xmodelsurfs,#veh8_civ_lnd_techo_rebel_armor_06_lod0_auto110v40
xmodelsurfs,#veh8_civ_lnd_techo_rebel_armor_06_lod0_auto1_auto210v40
xmodelsurfs,#veh8_civ_lnd_techo_rebel_armor_06_lod0_auto1_auto2_auto310v40
xmodelsurfs,#veh8_civ_lnd_techo_rebel_armor_09_lod010v011
xmodelsurfs,#veh8_civ_lnd_techo_rebel_armor_09_lod0_auto110v010
xmodelsurfs,#veh8_civ_lnd_techo_rebel_armor_09_lod0_auto1_auto210v40
xmodelsurfs,#veh8_civ_lnd_techo_rebel_armor_09_lod0_auto1_auto2_auto310v40
xmodelsurfs,#veh8_civ_lnd_techo_rebel_armor_13_lod010v41
xmodelsurfs,#veh8_civ_lnd_techo_rebel_armor_13_lod0_auto110v40
xmodelsurfs,#veh8_civ_lnd_techo_rebel_armor_13_lod0_auto1_auto210v40
xmodelsurfs,#veh8_civ_lnd_techo_rebel_armor_13_lod0_auto1_auto2_auto310v40
xmodelsurfs,#veh8_civ_lnd_techo_rebel_armor_16_lod010v41
xmodelsurfs,#veh8_civ_lnd_techo_rebel_armor_16_lod0_auto110v40
xmodelsurfs,#veh8_civ_lnd_techo_rebel_armor_16_lod0_auto1_auto210v40
xmodelsurfs,#veh8_civ_lnd_techo_rebel_armor_static_lod010-6-v00051
xmodelsurfs,#veh8_civ_lnd_techo_rebel_armor_static_lod110-5-v00050
xmodelsurfs,#veh8_civ_lnd_techo_rebel_armor_static_lod1_auto210-5-v00050
xmodelsurfs,#veh8_civ_lnd_techo_rebel_armor_static_lod1_auto2_auto310-5-v00410
xmodelsurfs,#veh8_civ_lnd_techo_rebel_armor_static_lod1_auto2_auto3_auto410-5-v0410
xmodelsurfs,#veh8_civ_lnd_techo_rebel_armor_static_lod1_auto2_auto3_auto4_auto510-5-v040
xmodelsurfs,#veh8_civ_lnd_techo_rebel_static_lod010-5-v00411
xmodelsurfs,#veh8_civ_lnd_techo_rebel_static_lod110-4-v00410
xmodelsurfs,#veh8_civ_lnd_techo_rebel_static_lod1_auto210-4-v00410
xmodelsurfs,#veh8_civ_lnd_techo_rebel_static_lod1_auto2_auto310-4-v0050
xmodelsurfs,#veh8_civ_lnd_techo_rebel_static_lod1_auto2_auto3_auto410-4-v050
xmodelsurfs,#veh8_civ_lnd_techo_rebel_static_lod1_auto2_auto3_auto4_auto510-4-v010
xmodelsurfs,#veh8_civ_lnd_trike_cart_static_lod010v011
xmodelsurfs,#veh8_civ_lnd_trike_cart_static_lod110v010
xmodelsurfs,#veh8_civ_lnd_trike_cart_static_lod1_auto210v010
xmodelsurfs,#veh8_civ_lnd_trike_cart_static_lod1_auto2_auto310v010
xmodelsurfs,#veh8_civ_lnd_trike_cart_static_lod1_auto2_auto3_auto410v010
xmodelsurfs,#veh8_civ_lnd_trike_cart_static_lod1_auto2_auto3_auto4_auto510v40
xmodelsurfs,#veh8_mil_air_ahotel64_blade_1_lod010v41
xmodelsurfs,#veh8_mil_air_ahotel64_blade_1_lod0_auto110v40
xmodelsurfs,#veh8_mil_air_ahotel64_blade_1_lod0_auto1_auto210v40
xmodelsurfs,#veh8_mil_air_ahotel64_dst_engine_lod010v61
xmodelsurfs,#veh8_mil_air_ahotel64_dst_engine_lod0_auto110v60
xmodelsurfs,#veh8_mil_air_ahotel64_dst_engine_lod0_auto1_auto210v60
xmodelsurfs,#veh8_mil_air_ahotel64_dst_engine_lod0_auto1_auto2_auto310v60
xmodelsurfs,#veh8_mil_air_ahotel64_dst_landing_gear_lod010v41
xmodelsurfs,#veh8_mil_air_ahotel64_dst_landing_gear_lod0_auto110v40
xmodelsurfs,#veh8_mil_air_ahotel64_dst_landing_gear_lod0_auto1_auto210v40
xmodelsurfs,#veh8_mil_air_ahotel64_dst_rear_rotor_lod010v41
xmodelsurfs,#veh8_mil_air_ahotel64_dst_rear_rotor_lod0_auto110v40
xmodelsurfs,#veh8_mil_air_ahotel64_dst_rear_rotor_lod0_auto1_auto210v40
xmodelsurfs,#veh8_mil_air_ahotel64_dst_sensor_lod010v41
xmodelsurfs,#veh8_mil_air_ahotel64_dst_sensor_lod0_auto110v40
xmodelsurfs,#veh8_mil_air_ahotel64_dst_sensor_lod0_auto1_auto210v40
xmodelsurfs,#veh8_mil_air_blima_dst_lod010v041
xmodelsurfs,#veh8_mil_air_blima_dst_lod0_auto110v040
xmodelsurfs,#veh8_mil_air_blima_dst_lod0_auto1_auto210v040
xmodelsurfs,#veh8_mil_air_blima_dst_lod0_auto1_auto2_auto310v040
xmodelsurfs,#veh8_mil_air_blima_dst_lod0_auto1_auto2_auto3_auto410v40
xmodelsurfs,#veh8_mil_air_blima_dst_lod0_auto1_auto2_auto3_auto4_auto510v40
xmodelsurfs,#veh8_mil_air_mquebec9_static_crashed_front_lod010v41
xmodelsurfs,#veh8_mil_air_mquebec9_static_crashed_front_lod110v40
xmodelsurfs,#veh8_mil_air_mquebec9_static_crashed_front_lod210v40
xmodelsurfs,#veh8_mil_air_mquebec9_static_crashed_front_lod310v40
xmodelsurfs,#veh8_mil_air_mquebec9_static_crashed_front_lod410v40
xmodelsurfs,#veh8_mil_air_mquebec9_static_crashed_front_lod4_auto510v40
xmodelsurfs,#veh8_mil_air_mquebec9_static_crashed_scrap_01_lod010v41
xmodelsurfs,#veh8_mil_air_mquebec9_static_crashed_scrap_01_lod110v40
xmodelsurfs,#veh8_mil_air_mquebec9_static_crashed_scrap_01_lod1_auto210v40
xmodelsurfs,#veh8_mil_air_mquebec9_static_crashed_scrap_01_lod1_auto2_auto310v40
xmodelsurfs,#veh8_mil_air_mquebec9_static_crashed_scrap_01_lod1_auto2_auto3_auto410v40
xmodelsurfs,#veh8_mil_air_mquebec9_static_crashed_scrap_02_lod010v41
xmodelsurfs,#veh8_mil_air_mquebec9_static_crashed_scrap_02_lod110v40
xmodelsurfs,#veh8_mil_air_mquebec9_static_crashed_scrap_02_lod1_auto210v40
xmodelsurfs,#veh8_mil_air_mquebec9_static_crashed_scrap_02_lod1_auto2_auto310v40
xmodelsurfs,#veh8_mil_air_mquebec9_static_crashed_scrap_02_lod1_auto2_auto3_auto410v40
xmodelsurfs,#veh8_mil_air_mquebec9_static_crashed_scrap_03_lod010v41
xmodelsurfs,#veh8_mil_air_mquebec9_static_crashed_scrap_03_lod110v40
xmodelsurfs,#veh8_mil_air_mquebec9_static_crashed_scrap_03_lod1_auto210v40
xmodelsurfs,#veh8_mil_air_mquebec9_static_crashed_scrap_03_lod1_auto2_auto310v40
xmodelsurfs,#veh8_mil_air_mquebec9_static_crashed_scrap_03_lod1_auto2_auto3_auto410v40
xmodelsurfs,#veh8_mil_air_mquebec9_static_crashed_tail_lod010v41
xmodelsurfs,#veh8_mil_air_mquebec9_static_crashed_tail_lod110v40
xmodelsurfs,#veh8_mil_air_mquebec9_static_crashed_tail_lod1_auto210v40
xmodelsurfs,#veh8_mil_air_mquebec9_static_crashed_tail_lod1_auto2_auto310v40
xmodelsurfs,#veh8_mil_air_mquebec9_static_crashed_tail_lod1_auto2_auto3_auto410v40
xmodelsurfs,#veh8_mil_lnd_tango72_scan_static_barrel_dst_lod010v41
xmodelsurfs,#veh8_mil_lnd_tango72_scan_static_barrel_dst_lod110v40
xmodelsurfs,#veh8_mil_lnd_tango72_scan_static_barrel_dst_lod1_auto210v40
xmodelsurfs,#veh8_mil_lnd_tango72_scan_static_barrel_dst_lod1_auto2_auto310v40
xmodelsurfs,#veh8_mil_lnd_tango72_scan_static_barrel_dst_lod1_auto2_auto3_auto410v40
xmodelsurfs,#veh8_mil_lnd_tango72_scan_static_barrel_dst_lod1_auto2_auto3_auto4_auto510v40
xmodelsurfs,#veh8_mil_lnd_tango72_scan_static_turret_dst_lod010-86-v0511
xmodelsurfs,#veh8_mil_lnd_tango72_scan_static_turret_dst_lod110-1-v050
xmodelsurfs,#veh8_mil_lnd_tango72_scan_static_turret_dst_lod1_auto210-1-v410
xmodelsurfs,#veh8_mil_lnd_tango72_scan_static_turret_dst_lod1_auto2_auto310-1-v40
xmodelsurfs,#veh8_mil_lnd_tango72_scan_static_turret_dst_lod1_auto2_auto3_auto410-1-v40
xmodelsurfs,#veh8_mil_lnd_tango72_scan_static_turret_dst_lod1_auto2_auto3_auto4_auto510-1-v40
xmodelsurfs,#veh8_mil_lnd_umike_rebel_static_lod010v00011
xmodelsurfs,#veh8_mil_lnd_umike_rebel_static_lod0_auto110v0040
xmodelsurfs,#veh8_mil_lnd_umike_rebel_static_lod0_auto1_auto210v0040
xmodelsurfs,#veh8_mil_lnd_umike_rebel_static_lod0_auto1_auto2_auto310v0040
xmodelsurfs,#veh8_mil_lnd_umike_rebel_static_lod0_auto1_auto2_auto3_auto410v0040
xmodelsurfs,#veh8_mil_lnd_umike_rebel_static_lod0_auto1_auto2_auto3_auto4_auto510v0040
xmodelsurfs,#veh_civ_lnd_motorcycle_old_01_lod000v011
xmodelsurfs,#veh_civ_lnd_motorcycle_old_01_lod0_auto100v010
xmodelsurfs,#veh_civ_lnd_motorcycle_old_01_lod0_auto1_auto200v010
xmodelsurfs,#veh_civ_lnd_motorcycle_old_01_lod0_auto1_auto2_auto300v010
xmodelsurfs,#veh_civ_lnd_motorcycle_old_01_lod0_auto1_auto2_auto3_auto400v010
xmodelsurfs,#veh_civ_lnd_motorcycle_old_01_lod0_auto1_auto2_auto3_auto4_auto500v010
xmodelsurfs,#vfx_burning_wood_posts_lod010v50
xmodelsurfs,#vfx_debris_glass_bottle_wine_shard_a_06_lod0_auto110v60
xmodelsurfs,#vfx_debris_metal_shrapnel_a_05_lod010v61
xmodelsurfs,#vfx_debris_metal_shrapnel_a_05_lod0_auto110v60
xmodelsurfs,#vfx_debris_metal_shrapnel_a_08_lod010v61
xmodelsurfs,#vfx_debris_metal_shrapnel_a_08_lod0_auto110v60
xmodelsurfs,#vfx_debris_metal_shrapnel_a_10_lod010v61
xmodelsurfs,#vfx_debris_metal_shrapnel_a_10_lod0_auto110v60
xmodelsurfs,#vfx_debris_metal_shrapnel_a_12_lod010v61
xmodelsurfs,#vfx_debris_metal_shrapnel_a_12_lod0_auto110v60
xmodelsurfs,#vfx_debris_metal_shrapnel_a_13_lod010v61
xmodelsurfs,#vfx_debris_metal_shrapnel_a_13_lod0_auto110v60
xmodelsurfs,#vfx_debris_metal_shrapnel_a_14_lod010v61
xmodelsurfs,#vfx_debris_metal_shrapnel_a_14_lod0_auto110v60
xmodelsurfs,#vfx_debris_metal_shrapnel_a_15_lod010v61
xmodelsurfs,#vfx_debris_metal_shrapnel_a_15_lod0_auto110v60
xmodelsurfs,#vfx_debris_metal_shrapnel_a_16_lod010v61
xmodelsurfs,#vfx_debris_metal_shrapnel_a_16_lod0_auto110v60
xmodelsurfs,#vfx_debris_rock_plaster_a_06_lod010v41
xmodelsurfs,#vfx_debris_rock_plaster_a_06_lod0_auto110v40
xmodelsurfs,#vfx_debris_rocks_1_g3_lod010v41
xmodelsurfs,#vfx_debris_rocks_1_g4_lod010v41
xmodelsurfs,#vfx_debris_wood_broken_1_g1_lod010v41
xmodelsurfs,#vfx_debris_wood_chip_pieces_1_g1_lod010v41
xmodelsurfs,#vfx_debris_wood_splinters_1_g1_lod010v41
xmodelsurfs,#vfx_equipment_tv_01_screen_gw_ghosttease1.lod010v51
xmodelsurfs,#viewhands_alex_gloves_a20v0010
xmodelsurfs,#weapon_vm_mg_zulu_23_mp_cave_static_lod010v41
xmodelsurfs,#weapon_vm_mg_zulu_23_mp_cave_static_lod0_auto110v40
xmodelsurfs,#weapon_vm_mg_zulu_23_mp_cave_static_lod0_auto1_auto210v40
xmodelsurfs,#weapon_vm_mg_zulu_23_mp_cave_static_lod0_auto1_auto2_auto310v40
xmodelsurfs,#weapon_vm_mg_zulu_23_mp_cave_static_lod0_auto1_auto2_auto3_auto410v40
xmodelsurfs,#winch_02_lod010v011
xmodelsurfs,#winch_02_lod0_auto110v010
xmodelsurfs,#winch_02_lod0_auto1_auto210v010
xmodelsurfs,#winch_02_lod0_auto1_auto2_auto310v40
xmodelsurfs,#winch_02_lod0_auto1_auto2_auto3_auto410v40
xmodelsurfs,#window_cover_set_metal_mesh_bars_96_white_lod010001v011
xmodelsurfs,#window_cover_set_metal_mesh_bars_96_white_lod0_auto110001v010
xmodelsurfs,#window_cover_set_metal_mesh_bars_96_white_lod0_auto1_auto210001v010
xmodelsurfs,#window_cover_set_metal_mesh_bars_96_white_lod0_auto1_auto2_auto310001v010
xmodelsurfs,#window_cover_set_metal_mesh_bars_96_white_lod0_auto1_auto2_auto3_auto410001v010
xmodelsurfs,#window_cover_set_wood_shutters_01_48_white_lod010v41
xmodelsurfs,#window_cover_set_wood_shutters_01_48_white_lod0_auto110v40
xmodelsurfs,#window_cover_set_wood_shutters_01_48_white_lod0_auto1_auto210v40
xmodelsurfs,#window_cover_set_wood_shutters_01_48_white_lodx10v40
xmodelsurfs,#window_exterior_metal_bar_c_1_lod010v41
xmodelsurfs,#window_exterior_metal_bar_c_1_lod0_auto110v40
xmodelsurfs,#window_exterior_metal_bar_c_1_lod0_auto1_auto210v40
xmodelsurfs,#window_exterior_metal_bar_flat_deco_black_48_lod010v41
xmodelsurfs,#window_exterior_metal_bar_flat_deco_black_48_lod0_auto110v40
xmodelsurfs,#window_exterior_metal_bar_flat_deco_black_48_lod0_auto1_auto210v40
xmodelsurfs,#window_exterior_metal_bar_flat_horizontal_black_48_lod010v41
xmodelsurfs,#window_exterior_metal_bar_flat_horizontal_black_48_lod0_auto110v40
xmodelsurfs,#window_exterior_metal_bar_flat_horizontal_black_48_lod0_auto1_auto210v40
xmodelsurfs,#window_square_old_01a_lod010v41
xmodelsurfs,#window_square_old_01a_lod0_auto110v40
xmodelsurfs,#window_square_old_01a_lod0_auto1_auto210v40
xmodelsurfs,#window_square_old_01a_lod0_auto1_auto2_auto310v40
xmodelsurfs,#window_square_old_01a_lod0_auto1_auto2_auto3_auto410v40
xmodelsurfs,#wire_hanging_01_032x16_lod000v40
xmodelsurfs,#wire_hanging_01_032x32_lod000v40
xmodelsurfs,#wire_hanging_01_032x32_lod0_auto100v40
xmodelsurfs,#wire_hanging_01_032x32_lod0_auto1_auto200v40
xmodelsurfs,#wire_hanging_01_048x08_lod000v40
xmodelsurfs,#wire_hanging_01_048x08_lod0_auto100v40
xmodelsurfs,#wire_hanging_01_048x08_lod0_auto1_auto200v40
xmodelsurfs,#wire_hanging_01_064x16_lod000v40
xmodelsurfs,#wire_hanging_01_064x16_lod0_auto100v40
xmodelsurfs,#wire_hanging_01_064x32_lod000v40
xmodelsurfs,#wire_hanging_01_096x16_lod000v40
xmodelsurfs,#wire_hanging_01_128x16_lod000v40
xmodelsurfs,#wire_hanging_01_128x32_lod000v40
xmodelsurfs,#wire_hanging_01_128x32_lod0_auto100v40
xmodelsurfs,#wire_hanging_01_128x48_lod000v40
xmodelsurfs,#wire_hanging_01_128x48_lod0_auto100v40
xmodelsurfs,#wire_hanging_01_128x48_lod0_auto1_auto200v40
xmodelsurfs,#wire_hanging_01_128x64_lod000v40
xmodelsurfs,#wire_hanging_01_128x64_lod0_auto100v40
xmodelsurfs,#wire_hanging_01_128x64_lod0_auto1_auto200v40
xmodelsurfs,#wires_electrical_set_hanging_03_lod000v41
xmodelsurfs,#wires_electrical_set_hanging_03_lod0_auto100v40
xmodelsurfs,#wires_electrical_set_hanging_03_lod0_auto1_auto200v40
xmodelsurfs,#wires_electrical_set_hanging_03_lod0_auto1_auto2_auto300v40
xmodelsurfs,#wires_ground_01_large_01_lod000v40
xmodelsurfs,#wires_ground_01_large_01_lod0_auto100v40
xmodelsurfs,#wires_ground_01_large_01_lod0_auto1_auto200v40
xmodelsurfs,#wires_ground_01_large_01_lod0_auto1_auto2_auto300v40
xmodelsurfs,#wires_ground_01_large_01_lod0_auto1_auto2_auto3_auto400v40
xmodelsurfs,#wires_ground_01_large_01_lod0_auto1_auto2_auto3_auto4_auto500v40
xmodelsurfs,#zmb_w_card_lod020v40
xmodelsurfs,#zulu23_base_chains_01_lod000v41
xmodelsurfs,#zulu23_base_chains_01_lod0_auto100v40
xmodelsurfs,#zulu23_base_chains_01_lod0_auto1_auto200v40
xmodelsurfs,#zulu23_base_chains_01_lod0_auto1_auto2_auto300v40
xmodelsurfs,#zulu23_base_chains_01_lod0_auto1_auto2_auto3_auto400v40
image,#$outdoor
image,#*heightmap0
image,#*ieslookup
image,#*reflection_probe_albedo0_octahedron
image,#*reflection_probe_albedo12_octahedron
image,#*reflection_probe_albedo15_octahedron
image,#*reflection_probe_albedo3_octahedron
image,#*reflection_probe_albedo6_octahedron
image,#*reflection_probe_albedo9_octahedron
image,#*reflection_probe_array_octahedron
image,#*reflection_probe_normal10_octahedron
image,#*reflection_probe_normal13_octahedron
image,#*reflection_probe_normal16_octahedron
image,#*reflection_probe_normal1_octahedron
image,#*reflection_probe_normal4_octahedron
image,#*reflection_probe_normal7_octahedron
image,#*reflection_probe_secondary_diffuse11_octahedron
image,#*reflection_probe_secondary_diffuse14_octahedron
image,#*reflection_probe_secondary_diffuse17_octahedron
image,#*reflection_probe_secondary_diffuse2_octahedron
image,#*reflection_probe_secondary_diffuse5_octahedron
image,#*reflection_probe_secondary_diffuse8_octahedron
image,#18percentgrey_c&defaultspec~9137353087990019317
image,#accessory_barrel_bomb_strap_01_c&defaultspec~2284222027021348645
image,#accessory_barrel_bomb_strap_01_n&accessory_barrel_bomb_strap_01_g~460226885399241566
image,#accessory_patch_superfaction_west_n&accessory_patch_superfaction_west_g~5107551033576263771
image,#accessory_patch_superfaction_west_sheen
image,#arms_dust_layer_a_c&defaultspec~327420262577319881
image,#arms_dust_layer_a_m~2297421417726596678
image,#attachment_vm_tac_light_c&attachment_vm_tac_light_s~15048321698928641563
image,#attachment_vm_tac_light_n&attachment_vm_tac_light_g~1075537164643388318
image,#attachment_wm_tac_light_thermalmap
image,#backpack_c&backpack_s~2135111284405493582
image,#bag_canvas_01_n&bag_canvas_01_g~13542830698341371160
image,#bag_canvas_arabic_01_c&defaultspec~1448454041098132626
image,#barrier_traffic_concrete_block_01_c&defaultspec~11700639294938064678
image,#barrier_traffic_concrete_block_01_crack_c&defaultspec~7995035924350502827
image,#barrier_traffic_concrete_block_01_crack_c~11925187449210163176
image,#barrier_traffic_concrete_block_01_crack_n&barrier_traffic_concrete_block_01_crack_o&barrier_traffic_concret~12825360833045610693
image,#barrier_traffic_concrete_block_01_m
image,#barrier_traffic_concrete_block_01_n&barrier_traffic_concrete_block_01_g~13212419364559217751
image,#barrier_traffic_concrete_block_01_t~17408441298631157493
image,#base_male_arm_l_skintone_02_dust_thermalmap
image,#bio_tr_syria_olive_cl_lush_abs_256~163728280719147556
image,#bio_tr_syria_olive_cl_lush_albedo&defaultspec~5085173907246507148
image,#bio_tr_syria_olive_cl_normal&bio_tr_syria_olive_cl_gloss_02~6931773729459352850
image,#bio_tr_syria_olive_cl_o~10312561448707059678
image,#black&black~6158429116504472555
image,#black&building_cable_post_wire_s~10843464756362261423
image,#blendmap_white_200200200
image,#body_civ_london_female_6_2_lod1_c&body_civ_london_female_6_2_lod1_s~13558708154571413819
image,#body_civ_london_female_6_2_lod1_n&body_civ_london_female_6_2_lod1_g~15795391335105415067
image,#body_civ_london_female_6_2_lod1_thermal
image,#box_wooden_grenade_01_c&box_wooden_grenade_01_s~18239862065167350791
image,#box_wooden_grenade_01_n&box_wooden_grenade_01_g~16914474562161846510
image,#box_wooden_grenade_01_r~5533660795105740598
image,#bucket_rusted_empty_01_c&bucket_rusted_empty_01_s~3015265169301695473
image,#bucket_rusted_empty_01_n&bucket_rusted_empty_01_g~16063480072347397953
image,#building_awning_rusted_metal_c&defaultspec~3322017908529059123
image,#building_awning_rusted_metal_n&building_awning_rusted_metal_g~16827984742702061884
image,#building_awning_rusted_metal_proxy_c&defaultspec~9519436336766178429
image,#building_awning_rusted_metal_proxy_n&building_awning_rusted_metal_proxy_g~6134799754003347446
image,#building_awning_rusted_metal_proxy_sdf~6303540389804385498
image,#building_awning_rusted_metal_sdf~9050281609504341152
image,#building_balcony_rail_c&defaultspec~7087948269171966252
image,#building_balcony_rail_decal_c&defaultspec~3708014679509973668
image,#building_balcony_rail_decal_c~14668268349959818574
image,#building_balcony_rail_decal_n&building_balcony_rail_decal_g~17172123847419725010
image,#building_balcony_rail_n&building_balcony_rail_g~8248348068449851596
image,#building_cable_post_c&building_cable_post_s~1120719020852560572
image,#building_cable_post_n&building_cable_post_g~13026596267388520154
image,#building_cable_post_wire_n&building_cable_post_wire_g~15313470552777307948
image,#building_door_wood_worn_out_01_a
image,#building_door_wood_worn_out_01_c&building_door_wood_worn_out_01_s~7236582752737162077
image,#building_door_wood_worn_out_01_decals_c&defaultspec~16422368503986411380
image,#building_door_wood_worn_out_01_decals_c~5445056275434616267
image,#building_door_wood_worn_out_01_decals_n&building_door_wood_worn_out_01_decals_g~3949307932988302963
image,#building_door_wood_worn_out_01_n&building_door_wood_worn_out_01_g~17861685939450624636
image,#building_doorframe_woodplaster_01_edited_c&building_doorframe_woodplaster_01_r~5024186236891184804
image,#building_doorframe_woodplaster_01_edited_c&defaultspec~17137627187229531357
image,#building_doorframe_woodplaster_01_n&building_doorframe_woodplaster_01_g~18324403786937694110
image,#building_drain_pipes_01_c&building_drain_pipes_01_s~7382720365471894253
image,#building_drain_pipes_01_n&building_drain_pipes_01_g~15041760707402210325
image,#building_hanging_tarps_c&building_hanging_tarps_r~1457776665766479413
image,#building_hanging_tarps_c&defaultspec~12588891041157100693
image,#building_hanging_tarps_n&building_hanging_tarps_g~1537331149127692926
image,#building_hanging_tarps_na_c&defaultspec~4323607279975033124
image,#building_horse_stall_props_01_c&defaultspec~715767097931183020
image,#building_horse_stall_props_01_decals_c&defaultspec~10375236477902636499
image,#building_horse_stall_props_01_decals_n&white~15297753847065101990
image,#building_horse_stall_props_01_decals_r~5974270676968118409
image,#building_horse_stall_props_01_n&building_horse_stall_props_01_g~974461074484237918
image,#building_metal_corrugated_set_01_a~2102854846674428031
image,#building_metal_corrugated_set_01_c&building_metal_corrugated_set_01_s~5039389224165719150
image,#building_metal_corrugated_set_01_lodx_c&building_metal_corrugated_set_01_lodx_s~12448774735952278816
image,#building_metal_corrugated_set_01_lodx_n&building_metal_corrugated_set_01_lodx_g~11234849298966418226
image,#building_metal_corrugated_set_01_n&building_metal_corrugated_set_01_g~3285074313442981160
image,#building_metal_corrugated_set_01_rust_decal_c&defaultspec~7560352838093088497
image,#building_metal_corrugated_set_01_rust_decal_c~4951194215710279827
image,#building_metal_corrugated_set_01_rust_decal_n&building_metal_corrugated_set_01_rust_decal_g~17780524083398700160
image,#building_ornament_stone_set_01_travertine_edges_c&defaultspec~16825373715813483059
image,#building_ornament_stone_set_01_travertine_edges_c~1894948692240584037
image,#building_ornament_stone_set_01_travertine_edges_n&building_ornament_stone_set_01_travertine_edges_g~1936328666697577026
image,#building_ornament_stone_set_01_travertine_stains_c&defaultspec~8268340672874334201
image,#building_ornament_stone_set_01_travertine_stains_c~14874762018008211115
image,#building_ornament_stone_set_01_travertine_stains_n&decor_ornate_stone_trim_01_g~670518104141897334
image,#building_roof_lip_01_c&defaultspec~12734756176134645563
image,#building_roof_lip_01_c~3109761423471828885
image,#building_roof_lip_01_n&building_roof_lip_01_g~9729476204138152250
image,#building_support_wood_beam_04_c&defaultspec~8213516804653138077
image,#building_support_wood_beam_04_n&building_support_wood_beam_04_g~5911881363097382013
image,#building_support_wood_beam_05_c&defaultspec~861987257576914466
image,#building_support_wood_beam_05_n&building_support_wood_beam_05_g~11390221378263782159
image,#building_tarps_doorways_cloth_01_c&defaultspec~12339859679155357710
image,#building_tarps_doorways_cloth_01_n&building_tarps_doorways_cloth_01_g~9919548352670311182
image,#building_tarps_doorways_cloth_01_r~6305211666503058587
image,#building_tarps_doorways_cloth_02_c&defaultspec~5840920244684466539
image,#building_wall_corner_brick_02_c&defaultspec~17037562453929840076
image,#building_wall_corner_brick_02_n&building_wall_corner_brick_02_g~3232746785271687957
image,#building_wall_corner_brick_02_sdf~4666140126435116076
image,#bullet_holes_01_c&bullet_holes_01_r~6076608375298673537
image,#bullet_holes_01_c&defaultspec~15492576921790729246
image,#bullet_holes_01_n&bullet_holes_01_g~9590468618516573762
image,#caulk_shadow&defaultspec~5488513622606206166
image,#ceramic_floor_tile_01_c&defaultspec~13007135087442797989
image,#ceramic_floor_tile_01_n&ceramic_floor_tile_01_g~3954183050786545657
image,#ceramic_floor_tile_02_c&defaultspec~6848683623100190791
image,#ceramic_floor_tile_05_c&defaultspec~12515304363195555961
image,#ceramic_tile_ornate_broken_03_c&ceramic_tile_ornate_broken_r~5171138218078784725
image,#ceramic_tile_ornate_broken_03_c&defaultspec~1879365922362041278
image,#ceramic_tile_ornate_broken_n&ceramic_tile_ornate_broken_03_g~11942416642748639129
image,#cinderblock_top_01_c&defaultspec~13891485831907823600
image,#cinderblock_top_01_n&cinderblock_top_01_g~2986267425671402489
image,#civ_london_female_blue_athletic_jacket_c&civ_london_female_blue_athletic_jacket_s~5948977102205242146
image,#civ_london_female_blue_athletic_jacket_n&civ_london_female_blue_athletic_jacket_g~360622712630140999
image,#civ_london_female_blue_athletic_jacket_thermalmap
image,#civ_london_female_blue_jeans_c&civ_london_female_blue_jeans_s~2833659633130400113
image,#civ_london_female_blue_jeans_n&civ_london_female_blue_jeans_g~10482912702091525363
image,#civ_london_female_blue_jeans_thermalmap
image,#civ_london_female_green_jacket_a
image,#civ_london_female_green_jacket_c&civ_london_female_green_jacket_s~3956252808272777007
image,#civ_london_female_green_jacket_n&civ_london_female_green_jacket_g~6665176847898475993
image,#civ_london_female_green_jacket_thermalmap
image,#civ_london_female_trainers_01_c&defaultspec~14316292409577056746
image,#civ_london_female_trainers_01_thermalmap
image,#civ_syrkistan_brown_cargo_pants_male_b_thermalmap
image,#civ_syrkistan_brown_cargo_pants_male_c&civ_syrkistan_brown_cargo_pants_male_s~13925979641106879687
image,#civ_syrkistan_brown_cargo_pants_male_m1~6059189447025030862
image,#civ_syrkistan_brown_cargo_pants_male_n&civ_syrkistan_brown_cargo_pants_male_g~14501680706523440015
image,#civ_syrkistan_brown_sweater_male_a_thermalmap
image,#civ_syrkistan_brown_sweater_male_c&civ_syrkistan_brown_sweater_male_s~17564330335421425825
image,#civ_syrkistan_brown_sweater_male_m1~17289277606729048820
image,#civ_syrkistan_brown_sweater_male_m2
image,#civ_syrkistan_brown_sweater_male_n&civ_syrkistan_brown_sweater_male_g~14902021930008611955
image,#cloth_01_generic_worn_c&defaultspec~12156510564171575895
image,#cloth_01_generic_worn_c~11949486704055909936
image,#cloth_01_generic_worn_n&cloth_01_generic_worn_g~17715458807380083183
image,#cloth_02_generic_pristine_c&defaultspec~5758106253721735717
image,#cloth_02_generic_pristine_n&cloth_01_generic_pristine_g~15988835133158134906
image,#com_brokenglass_ground01_nml&com_brokenglass_ground01_cos~11374685899230548245
image,#com_powerline_tower_col&com_powerline_tower_spc~16728300522695459412
image,#com_powerline_tower_wire_col&com_powerline_tower_wire_spc~12357233986496421321
image,#compass_map_mp_cave
image,#concrete_brushed_spotty_01_c&defaultspec~3167123666998981598
image,#concrete_brushed_spotty_01_n&concrete_brushed_spotty_01_g~9528016251422581793
image,#concrete_cinder_block_damage_n&concrete_cinder_block_damage_g~7588885547106174942
image,#concrete_cinder_block_damage_tan_c&concrete_cinder_block_damage_r~3011398501804305064
image,#concrete_cinder_block_damage_tan_c&defaultspec~13967940553043493608
image,#concrete_cinder_block_messy_01_n&concrete_cinder_block_messy_01_g~10745498461968932647
image,#concrete_cinder_block_messy_tan_01_c&defaultspec~10454810357153664360
image,#concrete_cracked_wall_damaged_01_c&defaultspec~14232795071467948481
image,#concrete_cracked_wall_damaged_01_n&concrete_cracked_wall_damaged_01_g~16139272470527611547
image,#concrete_damaged_02_c&defaultspec~8309201426837944066
image,#concrete_damaged_02_c_gray&defaultspec~17756879170552844243
image,#concrete_damaged_02_n&concrete_damaged_02_g~2409695649219327655
image,#concrete_edge_wear_bevel_01_c&defaultspec~10732243077083745963
image,#concrete_edge_wear_bevel_01_n&white~1994984436108403536
image,#concrete_floor_tiles_damaged_mix_02_c&defaultspec~1049412762301509020
image,#concrete_floor_tiles_damaged_mix_02_n&concrete_floor_tiles_damaged_mix_02_g~9015346064820186734
image,#concrete_micro_01_n&white~2917022958505323624
image,#concrete_rough_n&concrete_rough_o&concrete_rough_g~9213543710211376193
image,#concrete_rubble_pile_01_c&defaultspec~172833794645051564
image,#concrete_rubble_pile_01_n&white~8175008074336263492
image,#concrete_tile_base_01_c&defaultspec~15835650706948701987
image,#concrete_tile_base_01_n&concrete_tile_base_01_o&concrete_tile_base_01_g~8096634136282218601
image,#conduit_metal_outlets_c&conduit_metal_outlets_s~15032397726833659748
image,#conduit_metal_outlets_n&conduit_metal_outlets_o&conduit_metal_outlets_g~5571030082011263357
image,#construction_doors_wood_01_n&construction_doors_wood_01_g~2093253866669989290
image,#construction_doors_wood_01_white_c&construction_doors_wood_01_s~17034514363462690300
image,#construction_doors_wood_01_white_tint~7494824542019097497
image,#construction_window_frames_wood_painted_white_c&defaultspec~1074811298251860348
image,#construction_window_frames_wood_painted_white_n&construction_window_frames_wood_painted_white_g~5933275159901743430
image,#construction_window_frames_wood_painted_white_tint~17774064559541848500
image,#construction_wood_lath_01_c&defaultspec~9885881907860165250
image,#construction_wood_lath_01_n&construction_wood_lath_01_g~9215889872939523913
image,#container_barrel_plastic_01_closed_c&defaultspec~10686644551048241663
image,#container_barrel_plastic_01_closed_n&container_barrel_plastic_01_closed_g~951510601762442857
image,#container_barrel_plastic_01_closed_tint~8962431656119784844
image,#container_gas_tank_01_c&container_gas_tank_01_s~13650459953797179027
image,#container_gas_tank_01_n&container_gas_tank_01_g~16073679046636231969
image,#corner_damage_02_alt_c&corner_damage_02_alt_r~12975925951111650620
image,#corner_damage_02_alt_c&defaultspec~18014444891936864223
image,#corner_damage_02_alt_r
image,#corner_damage_02_n&corner_damage_02_g~8826725975800326644
image,#couch_ornate_destroyed_fabric_01_n&couch_ornate_destroyed_fabric_01_g~17570219352626596504
image,#couch_ornate_destroyed_fabric_02_c&defaultspec~16107554510143665503
image,#couch_ornate_destroyed_fabric_03_c&defaultspec~16758833530926576755
image,#couch_ornate_destroyed_fabric_03_n&couch_ornate_destroyed_fabric_03_g~17801814666548877428
image,#couch_ornate_destroyed_wood_c&defaultspec~15644737167627146086
image,#couch_ornate_destroyed_wood_n&couch_ornate_destroyed_wood_g~12974778266142376118
image,#cp_disco_metal_rusted_01_c&defaultspec~2314723057290344262
image,#cp_disco_metal_rusted_01_n&cp_disco_metal_rusted_01_g~8156926359223213831
image,#cp_rave_bathroom_sink_c&cp_rave_bathroom_sink_s~15645566552372136895
image,#cp_rave_bathroom_sink_n&cp_rave_bathroom_sink_o&cp_rave_bathroom_sink_g~888427026227444421
image,#crate_plastic_01_c&defaultspec~16595801426203149484
image,#crate_plastic_01_c~3771694207692515934
image,#crate_plastic_01_n&crate_plastic_01_g~11266394567371340386
image,#cw_black_dec&defaultspec~15527789758882303200
image,#debris_cinderblock_pile_a_01_c&defaultspec~9048798970783360897
image,#debris_cinderblock_pile_a_01_n&debris_cinderblock_pile_a_01_g~11036056003135396278
image,#debris_fabric_pile_03_c&defaultspec~5148629373377666202
image,#debris_fabric_pile_03_n&debris_fabric_pile_03_g~17675122019532119780
image,#debris_fabric_pile_04_c&defaultspec~14158998460995586774
image,#debris_fabric_pile_04_n&debris_fabric_pile_04_o&debris_fabric_pile_04_g~14872141950179147031
image,#debris_fabric_pile_05_c&defaultspec~6225979777770183782
image,#debris_fabric_pile_05_n&debris_fabric_pile_04_g~12328420726615731125
image,#debris_junk_01_c&defaultspec~13611463803174964541
image,#debris_junk_01_h~5479509834987422115
image,#debris_junk_01_n&debris_junk_01_g~3193306359768569369
image,#debris_junk_tire_01_dirty_c&defaultspec~3698308085525933860
image,#debris_junk_tire_01_n&debris_junk_tire_01_dirty_g~5086539261925156026
image,#debris_stone_blocks_damage_01_c&defaultspec~205179419240800501
image,#debris_stone_blocks_damage_01_n&debris_stone_blocks_damage_01_g~15246601576022447770
image,#decal_burn_mark_01_c&defaultspec~17560570068605690432
image,#decal_dirt_rocky_01_c&defaultspec~8494456890127345079
image,#decal_dirt_rocky_01_c~7424200639590262052
image,#decal_dirt_rocky_01_n&decal_dirt_rocky_01_g~9909214712802263624
image,#decal_dirt_soil_erosion_01_light_c&defaultspec~15139715257895962252
image,#decal_dirt_soil_erosion_01_light_n&decal_dirt_soil_erosion_01_light_g~14891898666792695912
image,#decal_footprint_mud_01_n&decal_footprint_sand_01_g~9134237004073688556
image,#decal_footprint_sand_01_c&defaultspec~6830225738788279972
image,#decal_footprint_sand_01_c~14186922743708750625
image,#decal_graffiti_tag_arabic_03_c&defaultspec~17686680206984794877
image,#decal_graffiti_tag_arabic_03_c~7629101747949745912
image,#decal_grime_01_c&defaultspec~12547108446777267876
image,#decal_grime_01_c~4947694872817019699
image,#decal_grime_01_n&decal_grime_01_g~3215614242889948082
image,#decal_mask_burn_01~atlasbc4
image,#decal_mask_burn_04~atlasbc4
image,#decal_mask_burn_05~atlasbc4
image,#decal_mask_scatter_01_c~atlasbc4
image,#decal_mask_scatter_02_c~atlasbc4
image,#decal_mask_scatter_03_c~atlasbc4
image,#decal_mask_scatter_04_c~atlasbc4
image,#decal_mask_scatter_05_c~atlasbc4
image,#decal_mask_scatter_07_c~atlasbc4
image,#decal_mask_scatter_08_c~atlasbc4
image,#decal_mask_scatter_09_c~atlasbc4
image,#decal_mask_scatter_10_c~atlasbc4
image,#decal_mask_scatter_11_c~atlasbc4
image,#decal_mask_stain_02_c~atlasbc4
image,#decal_mask_stain_03_c~atlasbc4
image,#decal_mask_stain_04_c~atlasbc4
image,#decal_mask_stain_07_c~atlasbc4
image,#decal_mask_stencil_rectangle_softedge~atlasbc4
image,#decal_mud_tire_track_01_c~1386862877854932682
image,#decal_mud_tire_track_01_light_c&defaultspec~1401458874887426197
image,#decal_mud_tire_track_01_n&decal_mud_tire_track_01_g~1221828050918878557
image,#decal_rust_01_c&defaultspec~13609354014926417317
image,#decal_rust_01_n&decal_rust_01_g~7492244621662822229
image,#decal_stain_leaking_01_c&defaultspec~14763714750903127411
image,#decal_stain_leaking_01_c~14939483437761305585
image,#decal_stain_leaking_02_c&defaultspec~12813491166381260388
image,#decal_stain_leaking_02_c&defaultspec~18307960986532785642
image,#decal_stain_leaking_02_c~14386815800356117344
image,#decals_grime_dirt_dust_01_c&defaultspec~13179255127666456066
image,#decals_grime_dirt_dust_01_c~6774031529529216765
image,#decals_grime_dirt_dust_01_n&decals_grime_dirt_dust_01_g~12395024505590252813
image,#decals_grime_dirt_oil_01_c&defaultspec~1379802730427652829
image,#decals_grime_dirt_oil_01_c~13465094132608344369
image,#decals_grime_dirt_oil_01_c~14930339940915309459
image,#decals_grime_dirt_oil_01_n&white~4117956164091569580
image,#decals_rust_spots_leaking_scratches_01_c&defaultspec~6005891870505973938
image,#decals_rust_spots_leaking_scratches_01_c~13009832175803024296
image,#decals_rust_spots_leaking_scratches_01_n&decals_rust_spots_leaking_scratches_01_g~4500955309805372837
image,#decals_wood_edge_damage_01_c&defaultspec~16075969628216835787
image,#decals_wood_edge_damage_01_c~15039583279970559885
image,#decals_wood_edge_damage_01_n&decals_wood_edge_damage_01_g~6036140963812157758
image,#decor_barrel_wood_01_c&defaultspec~16932069919259311588
image,#decor_barrel_wood_01_n&decor_barrel_wood_01_g~4623522634158913156
image,#decor_blankets_01_pattern_1_c&defaultspec~7109910824861312920
image,#decor_blankets_01_pattern_1_n&decor_blankets_01_pattern_1_g~12526771756093731044
image,#decor_blankets_01_pattern_2_c&defaultspec~7519478941549900518
image,#decor_blankets_01_pattern_2_n&decor_blankets_01_pattern_2_g~6950258602630678388
image,#decor_blankets_01_pattern_3_c&defaultspec~13056986813234682735
image,#decor_blankets_01_pattern_3_n&decor_blankets_01_pattern_3_g~16056570907162268781
image,#decor_cafe_planters_c&defaultspec~1900614153902021160
image,#decor_cafe_planters_n&decor_cafe_planters_g~12957731460406331126
image,#decor_cafe_planters_proxy_c&defaultspec~3142453648641196206
image,#decor_cafe_planters_proxy_sdf~18096055387386400966
image,#decor_cafe_planters_trees_abs_256~9591503196011961321
image,#decor_cafe_planters_trees_c&defaultspec~16394771302976813374
image,#decor_cafe_planters_trees_n&decor_cafe_planters_trees_g~13639665202664978721
image,#decor_cafe_planters_trees_sdf~2996076423212055813
image,#decor_cafe_planters_trees_t~8838207466156569720
image,#decor_containers_01_c&defaultspec~5642715490359111062
image,#decor_containers_01_c~17437024377686485264
image,#decor_containers_01_n&decor_containers_01_g~6093456268720340599
image,#decor_drying_rack_01_c&decor_drying_rack_01_s~6576643981313559294
image,#decor_drying_rack_01_n&decor_drying_rack_01_g~10577267935097737709
image,#decor_hanged_clothes_01_n&decor_hanged_clothes_01_g~6669108343693633977
image,#decor_hanged_clothes_01_ping_c&defaultspec~6948746659325210314
image,#decor_metal_wall_faucet_02_c&decor_metal_wall_faucet_02_s~7618775499871292620
image,#decor_metal_wall_faucet_02_n&decor_metal_wall_faucet_02_g~14743657474251167607
image,#decor_misc_props_01_c&decor_misc_props_01_s~13359175400267893477
image,#decor_misc_props_01_c~2089947486074795786
image,#decor_misc_props_01_c~8003746912610106737
image,#decor_misc_props_01_n&decor_misc_props_01_g~415040630145568853
image,#decor_ornate_stone_trim_01_c&defaultspec~15256448558434212963
image,#decor_ornate_stone_trim_01_n&decor_ornate_stone_trim_01_g~10058891307346582343
image,#decor_plastic_buckets_01_c&decor_plastic_buckets_01_s~13123017899767853594
image,#decor_plastic_buckets_01_n&decor_plastic_buckets_01_g~8437809662975700316
image,#decor_propane_tank_01_fa_c&decor_propane_tank_01_fa_s~2876665805384681639
image,#decor_propane_tank_01_fa_n&decor_propane_tank_01_fa_g~724372004305985253
image,#decor_rope_thick_pile_01_c&defaultspec~9692256386991894002
image,#decor_rope_thick_pile_01_n&decor_rope_thick_pile_01_g~15001750801987735529
image,#decor_rope_thick_pile_01_sdf~8383350016080374154
image,#decor_rug_rolled_short_01_decal_c&defaultspec~14774497612111186654
image,#decor_rug_rolled_short_01_decal_n&decor_rug_rolled_short_01_decal_g~10653627707960933650
image,#decor_rug_rolled_short_01_decal_sdf~5146145188736768101
image,#decor_serving_tray_01_c&decor_serving_tray_01_s~1533657020630881966
image,#decor_serving_tray_01_decals_c&decor_serving_tray_01_decals_s~277438889760610723
image,#decor_serving_tray_01_decals_n&decor_serving_tray_01_decals_g~10778540273412083024
image,#decor_serving_tray_01_decals_sdf~5874384554527564846
image,#decor_serving_tray_01_n&decor_serving_tray_01_g~4906531175633409381
image,#decor_shoes_01_c&defaultspec~11345539907383562405
image,#decor_shoes_01_n&decor_shoes_01_g~14627691220540346
image,#decor_shoes_01_v2_c&defaultspec~6372159942580399714
image,#decor_water_storage_container_01_clean_micro_c&defaultspec~5381650346179080409
image,#decor_water_storage_container_01_clean_micro_n&decor_water_storage_container_01_clean_micro_g~8919903276538668095
image,#decor_water_storage_container_01_decals_c&defaultspec~12900763754474795531
image,#decor_water_storage_container_01_decals_c~16242523940132891320
image,#decor_water_storage_container_01_dirt_micro_c&defaultspec~5405867615368578849
image,#decor_water_storage_container_01_dirt_micro_c~13422357687987611041
image,#decor_water_storage_container_01_micro_r
image,#decor_water_storage_container_01_proxy_c&defaultspec~9658263746185406060
image,#decor_water_storage_container_01_proxy_c~17709877490403700393
image,#decor_water_storage_container_01_proxy_n&decor_water_storage_container_01_proxy_g~14890072581208118886
image,#decor_water_storage_container_base_01_c&decor_water_storage_container_base_01_s~16576624630761114729
image,#decor_water_storage_container_base_01_c~7620318907221812317
image,#decor_water_storage_container_base_01_n&decor_water_storage_container_base_01_g~12010118440389646058
image,#decor_water_storage_container_clean_micro_r
image,#decor_wheelbarrow_01_c&defaultspec~15999393705924577093
image,#decor_wheelbarrow_01_n&decor_wheelbarrow_01_o&decor_wheelbarrow_01_g~3945960666182617727
image,#decor_worn_curtains_details_c&defaultspec~9854200704152532458
image,#decor_worn_curtains_details_c~15387382114893839085
image,#decor_worn_curtains_details_n&decor_worn_curtains_details_g~15542875070810614403
image,#decor_worn_curtains_large_c&defaultspec~5015729686033621981
image,#decor_worn_curtains_large_c~8317563451405447141
image,#decor_worn_curtains_large_n&decor_worn_curtains_large_g~3992631723443985752
image,#decor_worn_curtains_large_sdf~12711844783643977836
image,#default_card_specular
image,#destruction_debris_plaster_concrete_edge_01_c&defaultspec~5700146138756230083
image,#destruction_debris_plaster_concrete_edge_01_n&destruction_debris_plaster_concrete_edge_01_g~5016492918383158926
image,#destruction_debris_plaster_concrete_edge_01_sdf~88050204723103680
image,#detail_wavy01&glass_shattered_cos~6699443288238810469
image,#dirt_bird_shit_c&defaultspec~7865739937848609241
image,#dirt_bird_shit_c~14376691972446289748
image,#dirt_bird_shit_n&dirt_bird_shit_g~3968968640344080162
image,#dirt_construction_tire_tread_01_n&dirt_construction_tire_tread_01_o&dirt_construction_tire_tread_01_wet_g~12690311841977077904
image,#dirt_construction_tire_tread_01_wet_c&defaultspec~3353167461592710287
image,#dirt_dry_mud_compacted_01_c&defaultspec~17214088203756753506
image,#dirt_dry_mud_compacted_01_light_c&defaultspec~15067580507908966582
image,#dirt_dry_mud_compacted_01_n&dirt_dry_mud_compacted_01_g~1677381076712874316
image,#dirt_dust_01_c&defaultspec~2124036605860243305
image,#dirt_dust_01_n&dirt_dust_01_g~16781822157900910172
image,#dirt_dust_brown_01_c&defaultspec~15553031039181461787
image,#dirt_dust_brown_01_n&dirt_dust_brown_01_g~18304667264677422746
image,#dirt_rocky_02_c&defaultspec~6639534942889127292
image,#dirt_rocky_02_n&dirt_rocky_02_g~4669468693062668557
image,#dirt_rocky_pebbles_01_c&defaultspec~12478684240972424274
image,#dirt_rocky_pebbles_01_light_c&defaultspec~13685921306483666771
image,#dirt_rocky_pebbles_01_light_h~6760291852099502249
image,#dirt_rocky_pebbles_01_n&dirt_rocky_pebbles_01_o&dirt_rocky_pebbles_01_light_g~10409415517762202240
image,#dirt_rocky_pebbles_01_n&dirt_rocky_pebbles_01_wet_o&dirt_rocky_pebbles_01_wet_g~8640099088707877117
image,#dirt_soil_01_b_c&defaultspec~14938540878978572205
image,#dirt_soil_01_b_c2&defaultspec~2507894119631815152
image,#dirt_soil_01_footprints_n&dirt_soil_01_footprints_o&dirt_soil_01_g~12710489195253561042
image,#dirt_soil_01_n&dirt_soil_01_o&dirt_soil_01_g~4908174621662477740
image,#dirt_soil_erosion_01_c&defaultspec~16710185867489240221
image,#dirt_soil_erosion_01_c2&defaultspec~4887928836884922766
image,#dirt_soil_erosion_01_c3&defaultspec~7065949477182029997
image,#dirt_soil_erosion_01_n&dirt_soil_erosion_01_g&dirt_soil_erosion_01_g~503208593986598513
image,#dirt_soil_erosion_01_n&dirt_soil_erosion_01_g~9664377374163014219
image,#dirt_soil_erosion_02_c2&defaultspec~421988229365536835
image,#dirt_soil_erosion_02_n&dirt_soil_erosion_02_g~17101211696575246170
image,#dirt_stones_eroded_01_light_c&defaultspec~10845739906900069985
image,#dirt_stones_eroded_01_n&dirt_stones_eroded_01_g~6686928090078248634
image,#dns_farm_tools_iw6_col&farm_tools_iw6_spc~3171292118382674489
image,#dogtags_iw7_c&dogtags_iw7_s~9082955849644437153
image,#dogtags_iw7_n&dogtags_iw7_o&dogtags_iw7_g~10254090048861718318
image,#door_metal_roller_01_c&door_metal_roller_01_s~10865092228064940008
image,#door_metal_roller_01_n&door_metal_roller_01_g~4291789718244714308
image,#door_security_gate_c&door_security_gate_s~1443174991013494324
image,#door_security_gate_m~16378328475875632678
image,#door_security_gate_n&door_security_gate_g~18339168427223112636
image,#door_wood_ornate_01_c&door_wood_ornate_01_s~10163085919781628211
image,#door_wood_ornate_01_mp_c&defaultspec~2155045216099978337
image,#door_wood_ornate_01_mp_n&door_wood_ornate_01_mp_g~5710047250956528562
image,#door_wood_ornate_01_mp_tint_r~10215552540976245653
image,#door_wood_ornate_01_n&door_wood_ornate_01_g~14896923159190503730
image,#duct_tape_01_c&duct_tape_01_s~599367034519144822
image,#duct_tape_01_n&duct_tape_01_g~15641666677709742128
image,#duct_tape_01_sdf~18092973069725280541
image,#ee_construction_tool_box_metal_01_c&ee_construction_tool_box_metal_01_s~5843562821021466823
image,#ee_construction_tool_box_metal_01_n&ee_construction_tool_box_metal_01_g~2372920044414035960
image,#ee_fence_trainyard_gate_c&defaultspec~6494842845070624975
image,#ee_fence_trainyard_gate_n&ee_fence_trainyard_gate_g~11238345977071883499
image,#ee_fence_trainyard_gate_wire_fence_c&defaultspec~11226725501652556001
image,#ee_fence_trainyard_gate_wire_fence_n&macro_metal_wire_fence_01_g~4991800687609557330
image,#ee_fence_trainyard_gate_wire_fence_sdf~13416118455449043325
image,#ee_foliage_tree_branch_c&defaultspec~3621925156458389527
image,#ee_foliage_tree_branch_n&ee_foliage_tree_branch_g~3406866435635581147
image,#ee_furniture_rug_hanging_ukraine_01_c&ee_furniture_rug_hanging_ukraine_01_s~17933454559043962271
image,#ee_furniture_rug_hanging_ukraine_01_n&ee_furniture_rug_hanging_ukraine_01_g~2636828281997483388
image,#ee_industrial_light_hanging_on_reveal
image,#ee_light_fixture_wall_mounted_c&defaultspec~2050544567781595753
image,#ee_light_fixture_wall_mounted_e
image,#ee_light_fixture_wall_mounted_e~17868638174192868840
image,#ee_light_fixture_wall_mounted_n&ee_light_fixture_wall_mounted_g~13965122533066942138
image,#ee_light_mounted_exterior_industrial_caged_01_c&ee_light_mounted_exterior_industrial_caged_01_s~11748590901500294621
image,#ee_light_mounted_exterior_industrial_caged_01_e&ee_light_mounted_exterior_industrial_caged_01_s~15003264180685438717
image,#ee_light_mounted_exterior_industrial_caged_01_e_green
image,#ee_light_mounted_exterior_industrial_caged_01_e_green~16823906339653883285
image,#ee_light_mounted_exterior_industrial_caged_01_e~3131746974902887398
image,#ee_light_mounted_exterior_industrial_caged_01_n&ee_light_mounted_exterior_industrial_caged_01_g~4842810583896353526
image,#ee_machinery_oven_coal_c&defaultspec~9075808614230465529
image,#ee_machinery_oven_coal_n&ee_machinery_oven_coal_g~25895805784482212
image,#ee_machinery_rock_anchor_c&ee_machinery_rock_anchor_s~10109171188192225336
image,#ee_machinery_rock_anchor_n&ee_machinery_rock_anchor_g~9934350285236517997
image,#ee_manmade_tunnel_straight_a_light_c&defaultspec~2461421032698229149
image,#ee_manmade_tunnel_straight_a_n&ee_manmade_tunnel_straight_a_g~9747109033020139347
image,#ee_manmade_tunnel_walls_light_c&defaultspec~2370597581164872372
image,#ee_manmade_tunnel_walls_light_n&ee_manmade_tunnel_walls_g~9397298277441913989
image,#ee_manmade_wood_structures_c&defaultspec~15872568265837595603
image,#ee_manmade_wood_structures_n&ee_manmade_wood_structures_g~12890974602633155509
image,#ee_military_chemical_canister_01_c&ee_military_chemical_canister_01_s~7259138190100521645
image,#ee_military_chemical_canister_01_n&ee_military_chemical_canister_01_g~4451232422368806411
image,#ee_military_chemical_missile_stacked_01_c&ee_military_chemical_missile_stacked_01_s~3215881265843806374
image,#ee_military_chemical_missile_stacked_01_n&ee_military_chemical_missile_stacked_01_g~6004918116462227030
image,#ee_roofing_storage_01_c&defaultspec~13469474975873540586
image,#ee_roofing_storage_01_n&ee_roofing_storage_01_g~12440728150444160666
image,#electrical_conduit_parts_c&electrical_conduit_parts_s~7310837374023496222
image,#electrical_conduit_parts_n&electrical_conduit_parts_g~16897723850440940241
image,#electrical_conduit_set_c&electrical_conduit_set_s~11037483791350671441
image,#electrical_conduit_set_n&electrical_conduit_set_g~2300357107297915409
image,#equipment_antenna_set_01_c&equipment_antenna_set_01_s~1487613583316109446
image,#equipment_antenna_set_01_n&equipment_antenna_set_01_g~7295505973182520193
image,#equipment_box_fan_c&equipment_box_fan_s~18193296096296422011
image,#equipment_box_fan_n&equipment_box_fan_g~16889985305471275963
image,#equipment_military_generator_01_c&equipment_military_generator_01_s~12246827817960511239
image,#equipment_military_generator_01_m
image,#equipment_military_generator_01_m_02
image,#equipment_military_generator_01_m_03
image,#equipment_military_generator_01_n&equipment_military_generator_01_o&equipment_military_generator_01_g~896827206376464875
image,#equipment_military_generator_01_rustspots_c&defaultspec~4317333776184828793
image,#equipment_military_generator_01_rustspots_c~4489345724816720169
image,#equipment_military_generator_01_rustspots_n&equipment_military_generator_01_rustspots_g~10618314023321679379
image,#equipment_military_generator_01_tile_01_c&equipment_military_generator_01_tile_01_s~17797150886193328686
image,#equipment_military_generator_01_tile_01_n&equipment_military_generator_01_tile_01_g~16066635172323635152
image,#equipment_military_generator_01_tile_rust_c&defaultspec~12148067795573420987
image,#equipment_military_generator_01_tile_rust_n&equipment_military_generator_01_tile_rust_g~16640439456715682163
image,#equipment_military_radio_old_black_06_c&equipment_military_radio_old_black_06_s~6198196090166306417
image,#equipment_military_radio_old_black_06_c~18257708582238237661
image,#equipment_military_radio_old_black_06_n&equipment_military_radio_old_black_06_g~14978684646327301033
image,#equipment_mortar_shell_improvised_02_bare_c&equipment_mortar_shell_improvised_02_bare_s~5965123025614698172
image,#equipment_mortar_shell_improvised_02_bare_n&equipment_mortar_shell_improvised_02_bare_g~1651190914054355908
image,#equipment_mortar_shell_pile_01_c&equipment_mortar_shell_pile_01_s~17745037339177530181
image,#equipment_mortar_shell_pile_01_d~9088005740726403466
image,#equipment_mortar_shell_pile_01_n&equipment_mortar_shell_pile_01_g~15225208537847760397
image,#equipment_pole_electrical_01_c&equipment_pole_electrical_01_s~4328361774747986591
image,#equipment_pole_electrical_01_c~9352326017205308708
image,#equipment_pole_electrical_01_n&equipment_pole_electrical_01_g~17104727659244025888
image,#equipment_propane_burner_stove_01_c&equipment_propane_burner_stove_01_s~13952586961433501849
image,#equipment_propane_burner_stove_01_c~9419161782240506156
image,#equipment_propane_burner_stove_01_n&equipment_propane_burner_stove_01_g~15187610285108146097
image,#equipment_satellite_alpha
image,#equipment_satellite_alpha_02
image,#equipment_satellite_black&defaultspec~14646390207076629987
image,#equipment_satellite_dish_01_c&defaultspec~1948034258765583326
image,#equipment_satellite_dish_01_c~18065673084857007812
image,#equipment_satellite_dish_01_c~8185242928701555072
image,#equipment_satellite_yellow&defaultspec~4660354439643852808
image,#equipment_tv_01_c&equipment_tv_01_s~14898813809625542431
image,#equipment_tv_01_n&equipment_tv_01_g~14058069135146195412
image,#equipment_tv_glass_destr_a~23227783550543396
image,#equipment_tv_glass_destr_c&defaultspec~5356041463049202296
image,#equipment_tv_glass_destr_n&equipment_tv_glass_destr_g~2277773145994638443
image,#fabric_camo_netting_desert_01_c&defaultspec~16832560001227744823
image,#fabric_camo_netting_desert_01_n&fabric_camo_netting_desert_01_g~6856526028434254447
image,#fabric_camo_netting_desert_01_r~16909341752551460352
image,#fabric_truck_cargo_cover_01_n&tarp_mp_faridah_01_g~8292371423335999735
image,#fac_black_rubber_trim_col&defaultspec~16239439382806311803
image,#fac_black_rubber_trim_nml&white~8988055690025671934
image,#fac_window_smudge_dec_col&defaultspec~6925723917825445577
image,#fac_window_smudge_dec_col~11170374622183337916
image,#farm_tools_iw6_nml&farm_tools_iw6_cos~12813601271677598138
image,#fence_metal_gate_01_c&defaultspec~11417058520329118395
image,#fence_metal_gate_01_n&fence_metal_gate_01_g~12838874333089375241
image,#fence_modular_metal_01_c&fence_modular_metal_01_s~4446975187524083877
image,#fence_modular_metal_01_c~1718259510606630498
image,#fence_modular_metal_01_n&fence_modular_metal_01_g~15361064564633164066
image,#fence_post_wooden_a_c&defaultspec~15822229893086448524
image,#fence_post_wooden_a_n&fence_post_wooden_a_g~6639330298551359344
image,#field_grass_01_n&field_grass_01_g~1666217575021987362
image,#field_grass_01_trans_256~1043270670053834442
image,#field_grass_02_c&defaultspec~5709846628326327904
image,#field_grass_02_opacity~12926831674776024052
image,#fireteam_west_gloves_green_legal_c&hero_alex_gloves_a_s~6679257919031623662
image,#fireteam_west_gloves_green_legal_thermalmap
image,#fireteam_west_gloves_legal_c&hero_alex_gloves_a_s~7413790920262042082
image,#fireteam_west_gloves_legal_thermalmap
image,#fireteam_west_patch_c&defaultspec~8452767952042562331
image,#fireteam_west_patch_thermalmap
image,#firniture_basic_couches_02_c&defaultspec~17878586143377780715
image,#firniture_basic_couches_02_n&firniture_basic_couches_02_g~9777405453300756257
image,#firniture_basic_couches_03_n&firniture_basic_couches_04_g~10773485032847544048
image,#firniture_basic_couches_04_c&defaultspec~12211500227810482326
image,#foliage_bush_salsola_01_abs_dry_256~12231179196198118822
image,#foliage_bush_salsola_01_c_dry&defaultspec~7216982831777304899
image,#foliage_bush_salsola_01_n&foliage_bush_salsola_01_g~12441521817863494311
image,#foliage_bush_salsola_01_opacity~8520170207374658745
image,#foliage_bush_salsola_01_t~173436813511899042
image,#foliage_grass_dry_arid_01_abs_256~9240659970736917536
image,#foliage_grass_dry_arid_01_c&defaultspec~9205479458248568997
image,#foliage_grass_dry_arid_01_n&foliage_grass_dry_arid_01_g~13858183798373313197
image,#foliage_grass_dry_arid_01_opacity~8965270003615720155
image,#foliage_grass_long_01_c_low&defaultspec~15598176197964053605
image,#foliage_grass_long_01_green_low_abs_256~10068132495228279729
image,#foliage_grass_long_01_n_low&foliage_grass_long_01_g~6190648877869327746
image,#foliage_grass_long_01_opacity~4970441499370406374
image,#foliage_grass_long_01_opacity~7965525286881995506
image,#foliage_grass_long_01_yellow_c_low&defaultspec~16098112324083321031
image,#foliage_grass_long_01_yellow_low_abs_256~10553025760432070955
image,#foliage_grass_long_shadowcaster_c&defaultspec~17376446102596191096
image,#foliage_grass_long_shadowcaster_o_2k~14080700148685099174
image,#foliage_tree_palm_date_trunk_n&me_foliage_tree_palm_dead_trunk_01_sg~17899874507432830342
image,#food_cans_bottles_and_jars_c&food_cans_bottles_and_jars_s~1310615457746304735
image,#food_cans_bottles_and_jars_c~15389669082580652187
image,#food_cans_bottles_and_jars_n&food_cans_bottles_and_jars_g~16003486190129862919
image,#furniture_cafe_chair_c&furniture_cafe_chair_s~5823871855034832065
image,#furniture_cafe_chair_n&furniture_cafe_chair_g~5090083367385551280
image,#furniture_dresser_c&defaultspec~1509873583543774567
image,#furniture_dresser_commode_lodx_c&defaultspec~1545278499508954512
image,#furniture_dresser_commode_lodx_n&gray~10652271096579382822
image,#furniture_dresser_damaged_c&furniture_dresser_s~12187977718921403813
image,#furniture_dresser_decals_c&defaultspec~16186604376350955028
image,#furniture_dresser_decals_c~15380517986570048649
image,#furniture_dresser_decals_n&furniture_dresser_decals_g~44874745269256578
image,#furniture_dresser_n&furniture_dresser_damaged_g~2647651732022908454
image,#furniture_fan_01_c&furniture_fan_01_s~16296703501721651511
image,#furniture_fan_01_n&furniture_fan_01_g~12142847683947038719
image,#furniture_futon_couch_mat_optimized_01_c&defaultspec~4181331841145530166
image,#furniture_futon_couch_mat_optimized_02_c&defaultspec~7191097564514249501
image,#furniture_futon_couch_mat_optimized_02_n&furniture_futon_couch_mat_optimized_01_g~2555895847608673472
image,#furniture_futon_couch_mat_optimized_02_n&furniture_futon_couch_mat_optimized_02_g~16175087681952894903
image,#furniture_heating_stove_01_c&furniture_heating_stove_01_s~10679330269503387414
image,#furniture_heating_stove_01_n&furniture_heating_stove_01_g~11602525455313612149
image,#furniture_mattresses_01_c&defaultspec~10603625918759331263
image,#furniture_mattresses_01_n&furniture_mattresses_01_o&furniture_mattresses_01_g~13913485995898886908
image,#furniture_painting_frame_back_light_c&defaultspec~14597982005404667630
image,#furniture_painting_frame_back_light_n&furniture_painting_frame_back_light_g~5745932913501130406
image,#furniture_plastic_chair_01_c&defaultspec~52140251116956140
image,#furniture_plastic_chair_01_n&furniture_plastic_chair_01_g~10836834329103474718
image,#furniture_plastic_stool_c&furniture_plastic_stool_s~15858770525145249808
image,#furniture_plastic_stool_n&furniture_plastic_stool_g~5113633786953306678
image,#furniture_rug_01_patterns01_c&defaultspec~9983396519378948081
image,#furniture_rug_01_patterns01_masc~15027683218122142944
image,#furniture_rug_01_patterns01_n&furniture_rug_01_patterns01_g~14783537377184986114
image,#furniture_rug_01_patterns01_n&furniture_rug_01_patterns02_g~12646364387409814567
image,#furniture_rug_01_patterns02_c&defaultspec~1544875362836682518
image,#furniture_rug_01_ukraine_patterns01_c&defaultspec~6300652632413812742
image,#furniture_rug_01_ukraine_patterns01_n&furniture_rug_01_ukraine_patterns01_g~8505793633019994156
image,#furniture_tiletop_cabinet_01_c&furniture_tiletop_cabinet_01_s~13333739039409571427
image,#furniture_tiletop_cabinet_01_n&furniture_tiletop_cabinet_01_g~11391332526301363695
image,#furniture_wood_bookcase_large_01_c&defaultspec~8650828047861024353
image,#furniture_wood_bookcase_large_01_decals_c&defaultspec~13358858405174562730
image,#furniture_wood_bookcase_large_01_decals_c~1532821672715427192
image,#furniture_wood_bookcase_large_01_decals_n&furniture_wood_bookcase_large_01_decals_g~9120070332765419260
image,#furniture_wood_bookcase_large_01_n&furniture_wood_bookcase_large_01_g~1424349490727452252
image,#furniture_wood_bookcase_large_01_proxy_c&defaultspec~13932437465092585886
image,#furniture_wood_dresser_c&furniture_wood_dresser_s~14772369122532866602
image,#furniture_wood_dresser_n&furniture_wood_dresser_g~2255168237939472811
image,#garbage_pile_01_c&defaultspec~4569739200089253601
image,#garbage_pile_01_n&garbage_pile_01_g~13261133486306183173
image,#glass_dirty_old_01_a~738354479044810769
image,#glass_dirty_old_01_c&defaultspec~12431423522795897872
image,#glass_generic_01_a~4974952412047651742
image,#glass_generic_01_c&defaultspec~5582707285481476722
image,#glass_shattered_col&glass_shattered_spc~16745495058306245057
image,#glass_shattered_col~17181076069879026936
image,#gradingclutmp_cave_clut
image,#grass_brown_01_n&grass_brown_01_o&grass_brown_01_g~16263039456795174461
image,#grass_brown_02_c&defaultspec~16548230514723383599
image,#gray&shiny_lense_spc~13240611710124688008
image,#head_sc_f_daly_c&head_sc_f_daly_s~12051047216791205521
image,#head_sc_f_daly_n&head_sc_f_daly_g~13052554417497778831
image,#head_sc_f_daly_z~225072894819891860
image,#head_sc_m_kargorgis_c&head_sc_m_kargorgis_s~17773528084090010956
image,#head_sc_m_kargorgis_n&head_sc_m_kargorgis_g~4867132129906598734
image,#head_sc_m_kargorgis_z~12188797786479171387
image,#hud_icon_grenade_incoming_plasma
image,#hud_icon_survival_ammo
image,#hud_icon_survival_equipment
image,#hud_us_splash_grenade
image,#icon_ability_plasma_grenade
image,#icon_pl_zombie
image,#identitynormalmap&com_powerline_tower_cos~5417284318192310716
image,#identitynormalmap&com_powerline_tower_wire_cos~2575468507512066417
image,#identitynormalmap&crate_plastic_01_g~4596081020211218506
image,#identitynormalmap&decal_burn_mark_01_g~12599723522757521635
image,#identitynormalmap&decal_footprint_mud_01_g~9977930141865955216
image,#identitynormalmap&decal_stain_leaking_01_g~17291779510600943603
image,#identitynormalmap&decal_stain_leaking_02_g~6678085742271311697
image,#identitynormalmap&decals_grime_dirt_dust_01_g~10229821056978372325
image,#identitynormalmap&decor_water_storage_container_01_decals_g~15626258171188597137
image,#identitynormalmap&decor_water_storage_container_01_dirt_micro_g~2194304455579060159
image,#identitynormalmap&fac_window_smudge_dec_spc~6771759443594181204
image,#identitynormalmap&glass_dirty_old_02_g~2157278419560031879
image,#identitynormalmap&glass_generic_01_g~7587117361266210878
image,#identitynormalmap&macro_smudge_01_g~3216876760230320452
image,#identitynormalmap&offhand_smartphone_screen_g~12739311068897997100
image,#identitynormalmap&periph_terrain_desert_sandy_01_g~855477020909138508
image,#identitynormalmap&plaster_peeling_bottom_stain_g~13825613004231467745
image,#identitynormalmap&shiny_lense_cos~16927984283375712988
image,#identitynormalmap&signage_propaganda_graffiti_01_g~15652754513881952499
image,#identitynormalmap&uk_shelf_garage_rolling_decal_g~15167625553284173476
image,#img_load_bar_bg
image,#img_load_diamond_000
image,#img_load_diamond_001
image,#img_load_diamond_002
image,#img_load_diamond_003
image,#img_load_diamond_004
image,#img_load_diamond_005
image,#img_load_diamond_006
image,#img_load_diamond_007
image,#img_load_diamond_008
image,#img_load_diamond_009
image,#img_load_diamond_010
image,#img_load_diamond_011
image,#img_load_diamond_012
image,#img_load_diamond_013
image,#img_load_diamond_014
image,#img_load_diamond_015
image,#img_load_diamond_016
image,#img_load_enemy_spawn
image,#img_load_faction_bg
image,#img_load_friendly_spawn
image,#img_load_map_bg
image,#img_load_noteam_spawn
image,#img_load_objective
image,#industrial_conduit_metal_parts_c&industrial_conduit_metal_parts_s~14762537611368571175
image,#industrial_conduit_metal_parts_n&industrial_conduit_metal_parts_g~11414022711296991451
image,#jumbled_electrical_wire_set_c&defaultspec~17885302896986298673
image,#jumbled_electrical_wire_set_n&jumbled_electrical_wire_set_g~10490986020237052665
image,#kitchen_01_c&kitchen_01_s~18366936189526747394
image,#kitchen_01_food_01_c&kitchen_01_food_01_s~5646678859894342933
image,#kitchen_01_food_01_n&kitchen_01_food_01_g~794261829025244829
image,#kitchen_01_n&kitchen_01_g~5810781278251059488
image,#kitchen_countertop_01_c&defaultspec~1302730382669796516
image,#kitchen_countertop_01_n&kitchen_countertop_01_g~9302554273094236531
image,#kitchen_refrigerators_01_c&kitchen_refrigerators_01_s~17093797496300304267
image,#kitchen_refrigerators_01_decal_c&defaultspec~12059549743826552931
image,#kitchen_refrigerators_01_decal_c~6902592117204378794
image,#kitchen_refrigerators_01_decal_n&kitchen_refrigerators_01_decal_g~13132091058742926157
image,#kitchen_refrigerators_01_n&kitchen_refrigerators_01_g~14529552861671472713
image,#kitchen_refrigerators_metal_01_c&defaultspec~7493506718058362515
image,#kitchen_refrigerators_metal_01_n&kitchen_refrigerators_metal_01_g~15695680439892498006
image,#ladder_old_wood_01_160_c&ladder_old_wood_01_160_s~17406750367332689496
image,#ladder_old_wood_01_160_n&ladder_old_wood_01_160_g~2656283027535920894
image,#li_i_mtl_building_corrugated_metal4x4_proxy_albedo
image,#li_i_mtl_building_corrugated_metal4x4_proxy_depth
image,#li_i_mtl_building_corrugated_metal4x4_proxy_normal
image,#li_i_mtl_building_corrugated_metal4x4_proxy_specular
image,#li_i_mtl_building_corrugated_metal4x4_proxy_translucence
image,#li_i_mtl_foliage_bush_salsola_01_wall_dry_proxy_albedo
image,#li_i_mtl_foliage_bush_salsola_01_wall_dry_proxy_depth
image,#li_i_mtl_foliage_bush_salsola_01_wall_dry_proxy_geo
image,#li_i_mtl_foliage_bush_salsola_01_wall_dry_proxy_normal
image,#li_i_mtl_foliage_bush_salsola_01_wall_dry_proxy_translucence
image,#li_i_mtl_foliage_tree_syrian_olive_02_trunk_proxy_albedo
image,#li_i_mtl_foliage_tree_syrian_olive_02_trunk_proxy_depth
image,#li_i_mtl_foliage_tree_syrian_olive_02_trunk_proxy_geo
image,#li_i_mtl_foliage_tree_syrian_olive_02_trunk_proxy_normal
image,#li_i_mtl_foliage_tree_syrian_olive_02_trunk_proxy_translucence
image,#li_i_mtl_me_foliage_tree_dry_lrg_proxy_albedo
image,#li_i_mtl_me_foliage_tree_dry_lrg_proxy_depth
image,#li_i_mtl_me_foliage_tree_dry_lrg_proxy_geo
image,#li_i_mtl_me_foliage_tree_dry_lrg_proxy_normal
image,#li_i_mtl_me_foliage_tree_dry_med_proxy_albedo
image,#li_i_mtl_me_foliage_tree_dry_med_proxy_depth
image,#li_i_mtl_me_foliage_tree_dry_med_proxy_geo
image,#li_i_mtl_me_foliage_tree_dry_med_proxy_normal
image,#li_i_mtl_me_foliage_tree_dry_sml_proxy_albedo
image,#li_i_mtl_me_foliage_tree_dry_sml_proxy_depth
image,#li_i_mtl_me_foliage_tree_dry_sml_proxy_geo
image,#li_i_mtl_me_foliage_tree_dry_sml_proxy_normal
image,#li_i_mtl_me_foliage_tree_olive_dead_01_proxy_albedo
image,#li_i_mtl_me_foliage_tree_olive_dead_01_proxy_depth
image,#li_i_mtl_me_foliage_tree_olive_dead_01_proxy_geo
image,#li_i_mtl_me_foliage_tree_olive_dead_01_proxy_normal
image,#li_i_mtl_me_foliage_tree_olive_dead_01_proxy_translucence
image,#li_i_mtl_me_foliage_tree_palm_dead_01_proxy_albedo
image,#li_i_mtl_me_foliage_tree_palm_dead_01_proxy_depth
image,#li_i_mtl_me_foliage_tree_palm_dead_01_proxy_geo
image,#li_i_mtl_me_foliage_tree_palm_dead_01_proxy_normal
image,#li_i_mtl_me_foliage_tree_palm_dead_01_proxy_translucence
image,#light_ceiling_bulb_c&light_ceiling_bulb_s~2972372980345499907
image,#light_ceiling_bulb_c~12518815609347322046
image,#light_ceiling_bulb_e~7984190470966026492
image,#light_ceiling_bulb_n&light_ceiling_bulb_g~16747510657098427373
image,#liquid_oil_pool_01_c&liquid_oil_pool_01_s~4917166965094566665
image,#liquid_oil_pool_01_c&water_puddle_tiling_01_rvl_r~8888706544573406267
image,#liquid_oil_pool_01_n&liquid_oil_pool_01_g~13249517389716820361
image,#loading_mp_cave_bg
image,#machinery_ammo_press_01_c&machinery_ammo_press_01_s~6812469125334755724
image,#machinery_ammo_press_01_n&machinery_ammo_press_01_g~12308239416603925805
image,#machinery_lathe_large_01_details_c&machinery_lathe_large_01_details_s~11682696937592959507
image,#machinery_lathe_large_01_details_c~9107732374822387935
image,#machinery_lathe_large_01_details_n&machinery_lathe_large_01_details_g~9530263540987378362
image,#machinery_lathe_large_01_details_r
image,#machinery_lathe_large_01_details_sdf~6418056969764260002
image,#machinery_lathe_large_01_r
image,#macro_concrete_damaged_01_c&defaultspec~18246076183585376594
image,#macro_concrete_damaged_01_n&macro_concrete_damaged_01_g~245709341239023770
image,#macro_concrete_damaged_02_c&defaultspec~5110306788833060872
image,#macro_concrete_damaged_02_n&macro_concrete_damaged_02_g~13461989250130438833
image,#macro_concrete_grainy_cracked_ss_c&defaultspec~10164903198286668032
image,#macro_dirt_cloth_stained_c&defaultspec~9801494514656018696
image,#macro_dirt_cloth_stained_opacity~8682292522462265406
image,#macro_sand_soil_c&defaultspec~1779602495715173130
image,#macro_smudge_01_c&defaultspec~2825928884697372446
image,#macro_smudge_01_c~11885163139380106834
image,#masking_tape_col&masking_tape_spc~6341548274692161358
image,#masking_tape_nml&masking_tape_cos~15757455825132955507
image,#me_awning_wood_short_01_metal_c&me_awning_wood_short_01_metal_s~1052729151084606431
image,#me_awning_wood_short_01_metal_n&me_awning_wood_short_01_metal_g~17478786719293057815
image,#me_awning_wood_short_01_wood_c&defaultspec~14717360296909362484
image,#me_awning_wood_short_01_wood_n&macro_wood_awning_short_01_g~1982919262736472541
image,#me_bag_poly_tile_01_c&defaultspec~7821985509439044870
image,#me_bag_poly_tile_01_n&me_bag_poly_tile_01_g~12843705201368907619
image,#me_barber_cabinet_c&defaultspec~16450039379253580425
image,#me_barber_cabinet_n&me_barber_cabinet_g~6733268965800922592
image,#me_building_bird_alcove_01_c&defaultspec~12522901731864759025
image,#me_building_bird_alcove_01_n&me_building_bird_alcove_01_g~4611704957208594547
image,#me_building_bird_alcove_02_c&defaultspec~7002681187138047694
image,#me_building_bird_alcove_02_n&me_building_bird_alcove_02_g~5202398725788905975
image,#me_building_bird_alcove_03_c&defaultspec~13483165506503706732
image,#me_building_bird_alcove_03_n&me_building_bird_alcove_03_g~7589277756037244956
image,#me_construction_plank_bridge_b_c&defaultspec~163479944449681352
image,#me_construction_plank_bridge_b_m
image,#me_construction_plank_bridge_b_m01
image,#me_construction_plank_bridge_b_n&me_construction_plank_bridge_b_g~14529717843685428068
image,#me_decor_pillow_floor_01_b_c&defaultspec~435117310112008972
image,#me_decor_pillow_floor_01_b_n&me_decor_pillow_floor_01_b_g~1068312873418442875
image,#me_decor_rug_rolled_bent_01_c&defaultspec~11227855572514948396
image,#me_decor_rug_rolled_bent_01_n&me_decor_rug_rolled_bent_01_g~3934760359368254344
image,#me_decor_rug_rolled_bent_01_sdf~16326110812935747367
image,#me_decor_rug_rolled_double_01_c&defaultspec~3441475749943844706
image,#me_decor_rug_rolled_double_01_n&me_decor_rug_rolled_double_01_g~5095470647287298764
image,#me_decor_rug_rolled_double_02_c&defaultspec~16182401576774787478
image,#me_decor_rug_rolled_double_02_n&me_decor_rug_rolled_double_02_g~3645363653173824721
image,#me_decor_rug_rolled_short_02_c&defaultspec~17922075075186749347
image,#me_decor_rug_rolled_short_02_n&me_decor_rug_rolled_short_02_g~128445979604231750
image,#me_decor_rug_rolled_short_02_sdf~4592680853583769156
image,#me_decor_wood_container_01_c&defaultspec~3342620096960625575
image,#me_decor_wood_container_01_n&me_decor_wood_container_01_g~17229349118606503169
image,#me_decor_wood_container_02_c&defaultspec~6998825195615266762
image,#me_decor_wood_container_02_n&me_decor_wood_container_02_g~15853918137075086620
image,#me_doors_saferoom_kit_c&defaultspec~237752576747361313
image,#me_doors_saferoom_kit_n&me_doors_saferoom_kit_g~2879651484942896958
image,#me_doors_saferoom_kit_sdf~16143399025494762736
image,#me_electric_generator_01_c&me_electric_generator_01_s~7826441248779835174
image,#me_electric_generator_01_n&me_electric_generator_01_g~1396412553526579965
image,#me_electrical_box_small_01_c&defaultspec~13912969384937386280
image,#me_electrical_box_small_01_n&me_electrical_box_small_01_g~1812951289544600550
image,#me_foliage_shrub_dry_01_c#0~2833285146838251925
image,#me_foliage_shrub_dry_01_c&defaultspec~12086716248241529323
image,#me_foliage_shrub_dry_01_n&me_foliage_shrub_dry_01_g~8146976662348851682
image,#me_foliage_tree_dry_c&defaultspec~9771041632560613803
image,#me_foliage_tree_dry_n&me_foliage_tree_dry_g~17175872956722678246
image,#me_foliage_tree_olive_master_trunk_albedo&defaultspec~7692653257456689081
image,#me_foliage_tree_olive_master_trunk_normal&me_foliage_tree_olive_master_trunk_gloss~11599102645702084628
image,#me_foliage_tree_palm_dead_01_c&defaultspec~9609700004706820009
image,#me_foliage_tree_palm_dead_01_n&me_foliage_tree_palm_dead_01_g~2434186696357583435
image,#me_foliage_tree_palm_dead_01_opacity_4k~7183914946916442375
image,#me_foliage_tree_palm_dead_01_thickness~9364480633476572838
image,#me_foliage_tree_palm_dead_01_translucency_256~12270200715894580076
image,#me_foliage_tree_palm_dead_trunk_c&defaultspec~2447743413036782090
image,#me_furniture_cushion_floor_01_c&defaultspec~2536333034361813511
image,#me_furniture_cushion_floor_01_n&me_furniture_cushion_floor_01_g~11383907377991460965
image,#me_furniture_fancy_chairswood_damaged_01_c&defaultspec~15167764564976935046
image,#me_furniture_fancy_chairswood_damaged_01_n&me_furniture_fancy_chairswood_damaged_01_g~14327637873598534974
image,#me_furniture_fancy_table_low_01_broken_c&defaultspec~13806806134143180706
image,#me_furniture_fancy_table_low_01_broken_n&me_furniture_fancy_table_low_01_broken_g~2162131044185638600
image,#me_furniture_table_tile_01_c&defaultspec~14861595444181313259
image,#me_furniture_table_tile_01_n&me_furniture_table_tile_01_g~12215468881185021749
image,#me_gas_lantern_01_c&me_gas_lantern_01_s~17547830011879069976
image,#me_gas_lantern_01_c~15409982646989719361
image,#me_gas_lantern_01_c~6825858996076095950
image,#me_gas_lantern_01_n&me_gas_lantern_01_g~14255320324769227855
image,#me_instrument_oud_guitar_01_c&defaultspec~3289394638068015762
image,#me_instrument_oud_guitar_01_n&me_instrument_oud_guitar_01_g~679388882451706135
image,#me_kitchen_cabinet_long_01_c&me_kitchen_cabinet_long_01_s~740421431120740217
image,#me_kitchen_cabinet_long_01_n&me_kitchen_cabinet_long_01_g~2290551049774660857
image,#me_kitchen_cabinet_long_01_tile_c&defaultspec~12101484791189904557
image,#me_kitchen_cabinet_long_01_tile_n&me_kitchen_cabinet_long_01_tile_g~10015212871530914929
image,#me_lamp_ornate_standing_01_c&me_lamp_ornate_standing_01_s~17214543813404559236
image,#me_lamp_ornate_standing_01_n&me_lamp_ornate_standing_01_g~3513874492259295839
image,#me_lamp_ornate_standing_01_sdf~18424747854389055857
image,#me_lattice_screen_wood_ornate_a~14949589502755013275
image,#me_lattice_screen_wood_ornate_c&defaultspec~10920291479454483818
image,#me_lattice_screen_wood_ornate_n&me_lattice_screen_wood_ornate_g~5623614581940830498
image,#me_light_ceiling_fluorescent_tube_c&defaultspec~11381304258451407473
image,#me_light_ceiling_fluorescent_tube_e
image,#me_light_ceiling_fluorescent_tube_e~5021066466664261332
image,#me_light_ceiling_fluorescent_tube_n&me_light_ceiling_fluorescent_tube_g~15225120180961081132
image,#me_lighting_fixtures_marketplace_01_c&me_lighting_fixtures_marketplace_01_s~3156489745942424858
image,#me_lighting_fixtures_marketplace_01_n&me_lighting_fixtures_marketplace_01_g~1702049233278214975
image,#me_litter_pile_01_c&defaultspec~878150764897668784
image,#me_litter_pile_01_n&me_litter_pile_01_g~13788198955036795554
image,#me_litter_pile_02_c&defaultspec~9465232164184694284
image,#me_litter_pile_02_n&me_litter_pile_02_g~11472496051783196094
image,#me_metal_chimney_pipe_cap_01_c&defaultspec~3669242193684222515
image,#me_metal_chimney_pipe_cap_01_n&me_metal_chimney_pipe_cap_01_g~12987668935299212063
image,#me_military_propane_cannon_01_c&me_military_propane_cannon_01_s~11548130204243174713
image,#me_military_propane_cannon_01_n&me_military_propane_cannon_01_g~11084430606013306707
image,#me_old_wooden_table_01_c&defaultspec~17440085775826039387
image,#me_old_wooden_table_01_c~11562280711447033232
image,#me_old_wooden_table_01_n&me_old_wooden_table_01_g~71761089252783469
image,#me_plaster_barrier_fence_wall_ornate_collumn_cap_c&defaultspec~81033277892392646
image,#me_plaster_barrier_fence_wall_ornate_collumn_cap_n&me_plaster_barrier_fence_wall_ornate_collumn_cap_g~4506429327920470622
image,#me_riverbed_rock_clusters_01_c&defaultspec~13707957080038095457
image,#me_riverbed_rock_clusters_01_c2&defaultspec~12128050938330473781
image,#me_riverbed_rock_clusters_01_c2_m
image,#me_riverbed_rock_clusters_01_n&me_riverbed_rock_clusters_01_g~10222678501541797351
image,#me_riverbed_rock_clusters_02_lg_01_c&defaultspec~73293373958287200
image,#me_riverbed_rock_clusters_02_lg_01_m
image,#me_riverbed_rock_clusters_02_lg_01_n&me_riverbed_rock_clusters_02_lg_01_g~2550089515430975500
image,#me_riverbed_rock_clusters_02_lg_01_n&me_riverbed_rock_clusters_02_lg_01_wet_g~15763012988538864310
image,#me_riverbed_rock_clusters_02_lg_01_wet_c&defaultspec~14555610449722373500
image,#me_riverbed_rock_clusters_02_lg_02_c&defaultspec~10227779699905622961
image,#me_riverbed_rock_clusters_02_lg_02_n&me_riverbed_rock_clusters_02_lg_02_g~2091183934076108709
image,#me_riverbed_rock_clusters_02_lg_02_n&me_riverbed_rock_clusters_02_lg_02_wet_g~16844438504873121615
image,#me_riverbed_rock_clusters_02_lg_02_wet_c&defaultspec~15246844028326563713
image,#me_riverbed_rock_pile_02_edge_c&defaultspec~9741090557740328184
image,#me_riverbed_rock_pile_02_edge_m
image,#me_riverbed_rock_pile_02_edge_n&me_riverbed_rock_pile_02_edge_g~3671502971688515574
image,#me_rock_cave_wall_01_light_tile_c&defaultspec~6125849159055800093
image,#me_rock_cave_wall_01_tile_c&defaultspec~5711513005504451848
image,#me_rock_cave_wall_01_tile_d~11794504713770543759
image,#me_rock_cave_wall_01_tile_n&me_rock_cave_wall_01_tile_g~10161713707192168656
image,#me_rock_large_01_c&defaultspec~5962692557540609786
image,#me_rock_large_01_n&me_rock_large_01_s~6218457536455004521
image,#me_rock_large_b_01_c&defaultspec~15267826742088866361
image,#me_rock_large_b_01_n&me_rock_large_b_01_s~15491363098789886665
image,#me_rock_medium_a_01_c&defaultspec~9800225435666971073
image,#me_rock_medium_a_01_n&me_rock_medium_a_01_s~13205049735493665439
image,#me_rock_round_small_a_01_c&defaultspec~14829547316059978900
image,#me_rock_round_small_a_01_n&me_rock_round_small_a_01_g~13642969859672806249
image,#me_rock_sandstone_cliff_low_01_c&defaultspec~7460339380077250045
image,#me_rock_sandstone_cliff_low_01_n&me_rock_sandstone_cliff_low_01_g~7873602759805684604
image,#me_rock_stair_steps_01_c&defaultspec~12310125420958471355
image,#me_rock_stair_steps_01_m
image,#me_rock_stair_steps_01_n&me_rock_stair_steps_01_g~10686917640307379216
image,#me_roof_village_dryleaf_section_01_c&defaultspec~4245573125379469229
image,#me_roof_village_dryleaf_section_01_c~12874253196014141727
image,#me_roof_village_dryleaf_section_01_n&me_roof_village_dryleaf_section_01_g~9977363476765824486
image,#me_roof_village_dryleaf_section_01_trans~2177053313016775898
image,#me_rubble_concrete_plaster_chunk_01_c&defaultspec~14303331242640556242
image,#me_rubble_concrete_plaster_chunk_01_n&me_rubble_concrete_plaster_chunk_01_g~9524158329597157521
image,#me_rubble_concrete_plaster_chunk_02_c&defaultspec~8306675749586151482
image,#me_rubble_pile_concrete_chunk_ground_cover_c&defaultspec~17149316940381777416
image,#me_rubble_pile_concrete_chunk_ground_cover_n&me_rubble_pile_concrete_chunk_ground_cover_g~11123446084802843715
image,#me_sign_minefield_c&defaultspec~14220880708487735140
image,#me_sign_minefield_n&me_sign_minefield_g~4592474161634193703
image,#me_structural_wall_stone_a_01_c&defaultspec~7306919551576479638
image,#me_structural_wall_stone_a_01_m
image,#me_structural_wall_stone_a_01_n&me_structural_wall_stone_a_01_g~8340994043510549789
image,#me_structural_wall_stone_a_01b_c&defaultspec~5752809068714891411
image,#me_trim_plaster_old_rough_damage_01_c&defaultspec~771781667720792409
image,#me_trim_plaster_old_rough_damage_01_n&me_trim_plaster_old_rough_damage_01_g~1643858948608063243
image,#me_trim_plaster_old_rough_damage_01_sdf~14820053074649030630
image,#me_wiring_mp_faridah_01_c&defaultspec~7301793576185457804
image,#me_wiring_mp_faridah_01_n&me_wiring_mp_faridah_01_g~3778744568679542156
image,#me_wiring_mp_faridah_01_sdf~12275357226663422713
image,#metal_anodized_rebar_01_c&defaultspec~17641760366804183748
image,#metal_anodized_rebar_01_n&metal_anodized_rebar_01_g~4755663591066011397
image,#metal_bare_rusted_02_c&metal_bare_rusted_02_s~7435709316436995159
image,#metal_bare_rusted_02_n&metal_bare_rusted_02_g~14585463064529034286
image,#metal_chains_01_c&metal_chains_01_s~1134456335267314468
image,#metal_chains_01_n&metal_chains_01_g~9940697003771686407
image,#metal_paint_wear_c&defaultspec~63799508009128988
image,#metal_paint_wear_c~8626743816727212527
image,#metal_paint_wear_n&metal_paint_wear_g~1809213931279507878
image,#metal_retaining_wall_mesh_01_c&metal_retaining_wall_mesh_01_s~1794506326574463751
image,#metal_retaining_wall_mesh_01_n&metal_retaining_wall_mesh_01_g~12984475481426308240
image,#metal_retaining_wall_mesh_01_opacity&metal_retaining_wall_mesh_01_r~2125618063543917246
image,#metal_retaining_wall_mesh_02_c&metal_retaining_wall_mesh_02_s~12660963937114918013
image,#metal_retaining_wall_mesh_02_n&metal_retaining_wall_mesh_02_g~15147210047920434837
image,#metal_retaining_wall_mesh_02_opacity&metal_retaining_wall_mesh_02_r~9370842801633645684
image,#metal_wire_fence_01_c_low&defaultspec~15899609107166816879
image,#metal_wire_fence_01_n_low&metal_wire_fence_01_g_low~13752641922961515582
image,#metal_wire_fence_01_sdf~4828232854222316302
image,#micro_concrete_damage_01_c~5240101307409645394
image,#micro_concrete_damage_01_n&white~15327881536379577532
image,#micro_concrete_exposed_c~4987451795184380616
image,#micro_concrete_exposed_n&white~10543155732698406902
image,#micro_concrete_noise_c~14286329402336459779
image,#micro_concrete_noise_n&white~4429234617260617924
image,#micro_concrete_standard_01_c~8039881254831009460
image,#micro_concrete_stone_01_256ppi_c~10205257385740746689
image,#micro_concrete_stone_01_256ppi_n&white~7303055553263218464
image,#micro_fabric_carpet_outdoor_01_c~6378796875889038061
image,#micro_fabric_carpet_outdoor_01_n&white~6669483052696435338
image,#micro_fabric_carpet_pattern_01_c~4098200323574017399
image,#micro_fabric_carpet_pattern_01_n&white~13340498116488120406
image,#micro_fabric_shower_curtain_01_c~4176212544515876608
image,#micro_fabric_showercurtain_01_n&white~8299105698211848839
image,#micro_fabric_tarp_c&defaultspec~9399198577327579230
image,#micro_fabric_tarp_n&micro_fabric_tarp_o&micro_fabric_tarp_g~6415643302072707366
image,#micro_paint_simple_01_c~1820899125650926048
image,#micro_wood_grain_c~559394301147793900
image,#micro_wood_grain_n&white~17444132547226751383
image,#micro_wood_maple_01_c~11172398352703844810
image,#micro_wood_maple_01_n&white~8342103508260379351
image,#micro_wood_vein_heavy_vertical_01_c~1215193127130030863
image,#military_cp_crafting_crate_metal_c&defaultspec~4196296625820377488
image,#military_cp_crafting_crate_metal_detail_c&defaultspec~3850874366480674239
image,#military_cp_crafting_crate_metal_detail_c~16792499303822258850
image,#military_cp_crafting_crate_metal_detail_n&military_cp_crafting_crate_metal_g~6750179468423169463
image,#military_cp_crafting_crate_metal_n&military_cp_crafting_crate_metal_g~10747977721294551586
image,#military_cp_crafting_crate_wood_c&military_cp_crafting_crate_wood_s~17249622208497687689
image,#military_cp_crafting_crate_wood_lod_c&military_cp_crafting_crate_wood_lod_s~11097187064833309043
image,#military_cp_crafting_crate_wood_lod_n&military_cp_crafting_crate_wood_lod_g~11059988630267903412
image,#military_cp_crafting_crate_wood_n&military_cp_crafting_crate_wood_g~14098737295686802497
image,#military_cp_crafting_crate_wood_nails_c&defaultspec~7968023152820731347
image,#military_cp_crafting_crate_wood_nails_c~12689586076879630845
image,#military_cp_crafting_crate_wood_nails_n&military_cp_crafting_crate_wood_nails_g~14239299556548645200
image,#military_crate_large_stackable_01_uv2_c&military_crate_large_stackable_01_uv2_s~4040697365215352292
image,#military_crate_large_stackable_01_uv2_c~9669495129108052097
image,#military_crate_large_stackable_01_uv2_n&military_crate_large_stackable_01_uv2_g~12418063891943378459
image,#military_crate_large_stackable_02_c&defaultspec~12073363010100252360
image,#military_crate_large_stackable_02_c~9941923739099700652
image,#military_crate_large_stackable_02_n&military_crate_large_stackable_02_g~13825457013908108044
image,#military_ied_shell_01_c&defaultspec~4513247924938944130
image,#military_ied_shell_01_n&military_ied_shell_01_g~15666991668408975074
image,#military_prop_ar_akilo47_c&defaultspec~185861608704847963
image,#military_prop_ar_akilo47_n&military_prop_ar_akilo47_g~1286439228983591963
image,#misc_interior_soccer_ball_01_c&defaultspec~17526808420959013071
image,#misc_interior_soccer_ball_01_n&misc_interior_soccer_ball_01_o&misc_interior_soccer_ball_01_g~18331944789717029371
image,#misc_propane_rocket_c&misc_propane_rocket_s~2417415003292018815
image,#misc_propane_rocket_c~14414179306227723867
image,#misc_propane_rocket_n&misc_propane_rocket_g~12206109037042916850
image,#misc_spare_tire_small_01_c&defaultspec~894499310485626935
image,#misc_spare_tire_small_01_n&misc_spare_tire_small_01_g~3894251100918790852
image,#misc_tools_hammer_01_c&misc_tools_hammer_01_s~15686735532795784482
image,#misc_tools_hammer_01_n&misc_tools_hammer_01_g~17048633689619255497
image,#misc_tools_pliers_01_c&misc_tools_pliers_01_s~15337385312518173317
image,#misc_tools_pliers_01_n&misc_tools_pliers_01_g~641524163983895704
image,#misc_tools_wrench_01_c&misc_tools_wrench_01_s~5614689883865028215
image,#misc_tools_wrench_01_n&misc_tools_wrench_01_g~3177229707880693882
image,#misc_trike_cart_01_c&misc_trike_cart_01_s~16215365319601559221
image,#misc_trike_cart_01_n&misc_trike_cart_01_g~11784096513570220921
image,#moving_crane_01_c&moving_crane_01_s~10515900182232015125
image,#moving_crane_01_n&moving_crane_01_g~2949776331288892286
image,#mp_nova_rug_rack_rug_c&defaultspec~278343829619467354
image,#mp_nova_rug_rack_rug_n&mp_nova_rug_rack_rug_o&mp_nova_rug_rack_rug_g~4458997851325972775
image,#mp_nova_rug_rack_rug_sdf~15948868125201169264
image,#mp_nova_rug_rack_wood_c&mp_nova_rug_rack_wood_s~17998513143074020154
image,#mp_nova_rug_rack_wood_n&mp_nova_rug_rack_wood_g~2895658893998567544
image,#mtl_cp_town_tent_strap_01_c&defaultspec~16407107437634110422
image,#mtl_cp_town_tent_strap_01_n&mtl_cp_town_tent_strap_01_o&mtl_cp_town_tent_strap_01_g~11652621369644659833
image,#mtl_light_metal_recessed_led_c&mtl_p7_light_metal_recessed_led_s~11718298690869259281
image,#mtl_p7_crate_wood_01_c&defaultspec~4013209402876530545
image,#mtl_p7_crate_wood_01_n&mtl_p7_crate_wood_01_g~4453360419224585528
image,#mtl_p7_light_metal_recessed_led_n&mtl_p7_light_metal_recessed_led_o&mtl_p7_light_metal_recessed_led_g~16493734371712735904
image,#mtl_p7_wires_metal_recessed_c&mtl_p7_wires_metal_recessed_s~15205853006726952959
image,#mtl_p7_wires_metal_recessed_n&mtl_p7_wires_metal_recessed_o&mtl_p7_wires_metal_recessed_g~7692184852826502928
image,#mud_dry_tracks_01_c&defaultspec~15595373633393682800
image,#mud_dry_tracks_01_h~2512701671286899234
image,#mud_dry_tracks_01_n&white~6351110335806326361
image,#mv_lamp_gobo~3469171725218448942
image,#nb_glass_broken_debris_01_a~13152132144444044402
image,#nb_glass_broken_debris_01_c&defaultspec~10568437404827221372
image,#nb_glass_broken_debris_01_n&nb_glass_broken_debris_01_g~6937821271698510421
image,#offhand_smartphone_screen_c&defaultspec~2934209631827478987
image,#offhand_smartphone_screen_e~6324822398506757614
image,#olive_01_tileable_branch_portion_albedo_test&defaultspec~3904429149006050543
image,#olive_01_tileable_branch_portion_n&olive_01_tileable_branch_portion_gloss~4537971540485025776
image,#olive_canopy_abs_256~1878438352228586781
image,#olive_canopy_c&defaultspec~16863067213668208706
image,#olive_canopy_normal&olive_canopy_g~12180182394418318572
image,#olive_canopy_opacity_leaf_reduction~3871261653834766020
image,#p7_bottle_plastic_16oz_water_c&defaultspec~17652177118879262306
image,#p7_bottle_plastic_16oz_water_c~10755461635775991638
image,#p7_bottle_plastic_2litre_n&white~8594009136680238090
image,#paint_micro_01_n&white~340933521789377634
image,#periph_mountain_microdetail_01_c&defaultspec~628942091678741632
image,#periph_mountain_rocky_billow_01_c~5374365008857658768
image,#periph_mountain_rocky_billow_02_c~14695143560344572864
image,#periph_mountain_rocky_billowland_01_c~16979671721342897728
image,#periph_rock_foliage_bush_02_c&defaultspec~6009726753697372677
image,#periph_rock_foliage_bush_02_opacity~13904232455694418463
image,#periph_terrain_sand_billow_01_c&defaultspec~17192407477691750064
image,#pillows_optimized_c&defaultspec~14741094826807868889
image,#pillows_optimized_n&pillows_optimized_g~2638280632902867506
image,#plaster_brick_grout_01_c&defaultspec~10816124306991870721
image,#plaster_brick_grout_01_c&plaster_brick_grout_01_r~17138127140418173533
image,#plaster_brick_grout_01_n&plaster_brick_grout_01_g~10979010558713189460
image,#plaster_cracked_damage_01_c&defaultspec~4883303183603162446
image,#plaster_cracked_damage_01_c~7117883856922929921
image,#plaster_cracked_damage_01_n&plaster_cracked_damage_01_g~18139411277219724772
image,#plaster_offwhite_dmg_02_c&defaultspec~4488977368088858145
image,#plaster_offwhite_dmg_02_n&plaster_offwhite_dmg_02_g~16178416599512081667
image,#plaster_old_rough_02_c&defaultspec~7074725097007736007
image,#plaster_old_rough_02_n&plaster_old_rough_02_g~508236431929419719
image,#plaster_old_rough_03_brown_c2&defaultspec~7762468845534352366
image,#plaster_old_rough_03_brown_n&plaster_old_rough_03_brown_g~18179577010044204472
image,#plaster_old_rough_03_brown_trim_rvl_01_c&defaultspec~10711834138568971998
image,#plaster_old_rough_03_brown_trim_rvl_01_n&plaster_old_rough_03_brown_trim_rvl_01_g~6278459209344904885
image,#plaster_painted_cracked_01_c&defaultspec~14035548650587715035
image,#plaster_painted_cracked_01_c&plaster_painted_cracked_01_r~1997813216013591970
image,#plaster_painted_cracked_01_n&plaster_painted_cracked_01_g~16914992399531439583
image,#plaster_painted_white_02_c&defaultspec~12589240972894416292
image,#plaster_painted_white_02_c_tan_bright&defaultspec~7211543807198479719
image,#plaster_painted_white_02_n&plaster_painted_white_02_g~15597937019187775082
image,#plaster_peeling_01_grey_n&plaster_peeling_01_grey_dec_g~15049992242613568330
image,#plaster_peeling_01_white_c&defaultspec~5935450118936027115
image,#plaster_peeling_bottom_stain_c&defaultspec~12021032112576332584
image,#plaster_peeling_bottom_stain_c&defaultspec~15829227538762838586
image,#plaster_peeling_bottom_stain_c~2280621574544849437
image,#plaster_peeling_bottom_stain_c~8107544803880723226
image,#plaster_peeling_bottom_stain_n&plaster_peeling_bottom_stain_g~17926983127393330522
image,#plaster_peeling_bottom_stain_n&plaster_peeling_bottom_stain_o&plaster_peeling_bottom_stain_g~1387807120445235133
image,#plaster_ruined_01_c&defaultspec~7741253944311502803
image,#plaster_ruined_01_n&plaster_ruined_01_g~16092442423574946806
image,#plaster_tan_cracked_wall_painted_01_c&defaultspec~8039078974570857293
image,#plaster_tan_cracked_wall_painted_01_n&plaster_tan_cracked_wall_painted_01_g~6988346727713066890
image,#plastic_rough_01_c&defaultspec~8058896488940662961
image,#plastic_rough_01_n&plastic_rough_01_g~17723194910334813207
image,#plywood_clean_01_c&defaultspec~4771657700080770534
image,#plywood_clean_01_n&plywood_clean_01_g~17610072072698224294
image,#plywood_dirty_01_c&defaultspec~4177451736462245434
image,#plywood_dirty_01_n&plywood_dirty_01_g~8645131726128926195
image,#plywood_osb_01_c&defaultspec~3107325302228839935
image,#plywood_osb_01_n&white~11409558381986039184
image,#plywood_painted_01_c&defaultspec~14928089465254993602
image,#plywood_painted_01_m~3569608130547236051
image,#plywood_painted_01_n&plywood_painted_01_g~11696392148306232616
image,#portable_barrel_gas_pump_c&portable_barrel_gas_pump_s~13373780678325122104
image,#portable_barrel_gas_pump_n&portable_barrel_gas_pump_g~6855025171099617448
image,#pot_clay_01_bright_c&defaultspec~18249595858593485984
image,#pot_clay_01_bright_c~7606030983915394805
image,#pot_clay_01_bright_n&pot_clay_01_bright_g~732935166870887700
image,#pot_clay_02_bright_c&defaultspec~2946236954274285912
image,#pot_clay_02_bright_c~7029569948847631783
image,#pot_clay_02_bright_n&pot_clay_02_bright_g~7430593278697108417
image,#pot_clay_03_bright_c&defaultspec~6701303056639527719
image,#pot_clay_03_bright_n&pot_clay_03_bright_g~8908434302141532622
image,#river_bed_island_large_01_c&defaultspec~1895436127930480370
image,#river_bed_island_large_01_c2&defaultspec~1791179419223474518
image,#riverbed_dirt_path_01_c&defaultspec~15050377473374175681
image,#riverbed_dirt_path_01_d~14116633935235588784
image,#riverbed_dirt_path_01_n&riverbed_dirt_path_01_g~4597244724788813356
image,#rock_cliff_scotland_02_c2&defaultspec~1499193005693088142
image,#rock_cliff_scotland_02_n&rock_cliff_scotland_02_g~6030535620147252068
image,#rock_dirt_wall_eroded_01_c&defaultspec~11028105551950511895
image,#rock_dirt_wall_eroded_01_m1
image,#rock_dirt_wall_eroded_01_m2
image,#rock_dirt_wall_eroded_01_n&rock_dirt_wall_eroded_01_g~4292737311111266599
image,#rock_dirt_wall_eroded_02_c&defaultspec~16986828664558251199
image,#rock_dirt_wall_eroded_02_n&rock_dirt_wall_eroded_02_g~2236564372135671031
image,#rock_medium_scotland_01_c2&defaultspec~10624078006525711338
image,#rock_medium_scotland_01_n&rock_medium_scotland_01_g~549361083866334644
image,#rock_small_scotland_01_n&rock_small_scotland_01_g~15808157487745786984
image,#rock_small_scotland_03_c&defaultspec~6284886623436365483
image,#rolled_tarp_01_c&rolled_tarp_01_s~7543718287880732142
image,#rolled_tarp_01_n&rolled_tarp_01_g~16886589671240321186
image,#rolled_tarp_01_rvl&
image,#rolled_tarp_01_tile_c&defaultspec~16247168481591454745
image,#rolled_tarp_01_tile_n&rolled_tarp_01_tile_o&rolled_tarp_01_tile_g~16504863800039066939
image,#rubble_concrete_pile_large_01_c&defaultspec~13710178847156923064
image,#rubble_concrete_pile_large_01_n&rubble_concrete_pile_large_01_g~12963929900244407368
image,#rubble_concrete_pile_large_02_c&defaultspec~6931790692352866506
image,#rubble_concrete_pile_large_02_n&rubble_concrete_pile_large_02_g~11661502269780493132
image,#rubble_pile_cmu_conc_01_2k_c&defaultspec~8387862285422354689
image,#rubble_pile_cmu_conc_01_2k_n&rubble_pile_cmu_conc_01_2k_g~7224879576576336304
image,#rubble_pile_cmu_conc_02_2k_c&defaultspec~9023566997387683017
image,#rubble_pile_cmu_conc_02_2k_n&rubble_pile_cmu_conc_02_2k_g~8352355671118148455
image,#rubble_pile_large_01_blend_m
image,#rubble_pile_large_01_n&rubble_pile_large_01_g~6996774667061903278
image,#rubble_pile_large_01_softblend&defaultspec~18075873714815470158
image,#rubble_wall_dirt_edge_01_c&defaultspec~18021900602672464362
image,#rubble_wall_dirt_edge_01_n&rubble_wall_dirt_edge_01_g~2524767612936671926
image,#rubble_wall_dirt_edge_01_sdf~6951149587287888815
image,#rust_plane_01_c&defaultspec~16927018734755013314
image,#rust_plane_01_n&rust_plane_01_g~14276045470521248077
image,#sandbag_array_set_a~11680708974077656699
image,#sandbag_array_set_c&defaultspec~10152415238778734300
image,#sandbag_array_set_n&sandbag_array_set_g~2446154940779829871
image,#sandbag_array_set_t~9902739212247652969
image,#sas_hydration_pack_c&defaultspec~13402764478084912760
image,#sas_urban_ar_mag_pouch_c&defaultspec~2051678256466526646
image,#sas_urban_ar_mag_pouch_thermalmap
image,#sas_urban_boots_c&usmc_boots_s~14987811894677003448
image,#sas_urban_boots_thermalmap
image,#sas_urban_cqc_dropleg_holster_c&defaultspec~11137536762825797636
image,#sas_urban_cqc_dropleg_holster_thermalmap
image,#sas_urban_crouch_guard_stencil_a_c&defaultspec~2918976504567034404
image,#sas_urban_crouch_guard_stencil_a_thermalmap
image,#sas_urban_crye_pants_c&usmc_crye_pants_s~2007228286609246552
image,#sas_urban_crye_pants_lmg_c&usmc_crye_pants_s~15741001898994633968
image,#sas_urban_crye_pants_lmg_thermalmap
image,#sas_urban_crye_pants_smg_c&usmc_crye_pants_s~17835268377663299694
image,#sas_urban_crye_pants_smg_thermalmap
image,#sas_urban_crye_pants_thermalmap
image,#sas_urban_crye_shirt_c&defaultspec~16227173691490609686
image,#sas_urban_crye_shirt_thermalmap
image,#sas_urban_dump_pouch_rolled_c&defaultspec~14911721375408386508
image,#sas_urban_dump_pouch_rolled_thermalmap
image,#sas_urban_dump_pouch_stencil_a_c&defaultspec~8089194774872551551
image,#sas_urban_dump_pouch_stencil_a_thermalmap
image,#sas_urban_flash_grenade_pouch_c&flash_grenade_pouch_01_s~17480298809070445596
image,#sas_urban_flash_grenade_pouch_thermalmap
image,#sas_urban_grenade_pouch_c&usmc_grenade_pouch_s~6200864474363799652
image,#sas_urban_grenade_pouch_thermalmap
image,#sas_urban_hydration_pack_thermalmap
image,#sas_urban_hydration_stencil_a_c&hero_alex_hydration_a_s~11185038886758095902
image,#sas_urban_hydration_stencil_a_thermalmap
image,#sas_urban_id_pouch_c&defaultspec~3232366152873299816
image,#sas_urban_id_pouch_thermalmap
image,#sas_urban_large_buckle_02_c&defaultspec~9366249624130175177
image,#sas_urban_large_buckle_02_thermalmap
image,#sas_urban_lmg_kneepad_thermalmap
image,#sas_urban_lmg_pouch_stencil_a_c&defaultspec~1251357844166462173
image,#sas_urban_lmg_pouch_stencil_a_thermalmap
image,#sas_urban_medical_pouch_stencil_a_c&defaultspec~9126542528945023973
image,#sas_urban_medical_pouch_stencil_a_thermalmap
image,#sas_urban_molle_dropleg_c&defaultspec~3215741332776003751
image,#sas_urban_molle_dropleg_thermalmap
image,#sas_urban_neck_guard_green_c&defaultspec~2849725405953626214
image,#sas_urban_neck_guard_green_thermalmap
image,#sas_urban_pistol_mag_pouch_thermalmap
image,#sas_urban_pistol_pouch_c&defaultspec~15213813499162846601
image,#sas_urban_pouch_large_stencil_a_c&defaultspec~17247984863975292859
image,#sas_urban_pouch_large_stencil_a_thermalmap
image,#sas_urban_radio_pouch_c&defaultspec~8162549314165901031
image,#sas_urban_radio_pouch_stencil_a_c&defaultspec~16661590856360708558
image,#sas_urban_radio_pouch_stencil_a_thermalmap
image,#sas_urban_radio_pouch_thermalmap
image,#sas_urban_shoulders_lmg_c&defaultspec~13717932137867167079
image,#sas_urban_shoulders_lmg_thermalmap
image,#sas_urban_sniper_pouch_c&usmc_sniper_pouch_s~1702152685108273470
image,#sas_urban_sniper_pouch_thermalmap
image,#sas_urban_vest_c&usmc_vest_s~7523543165847172291
image,#sas_urban_vest_thermalmap
image,#shanty_bldg_buildkit_02_03_b_ts_r01
image,#shanty_buildkit_vista_c&shanty_buildkit_vista_s~7260960092516070109
image,#shanty_buildkit_vista_n&shanty_buildkit_vista_g~12580734261613715239
image,#shanty_buildkit_vista_sdf~384856077825543082
image,#signage_hookah_cafe_01_c&defaultspec~876014373033287999
image,#signage_hookah_cafe_01_n&signage_hookah_cafe_01_g~1245539505740782334
image,#signage_propaganda_graffiti_05_c&defaultspec~719147718266120630
image,#signage_propaganda_graffiti_05_c&signage_propaganda_graffiti_01_r~6062851500408939233
image,#sky_dev_thermal_360
image,#sky_mp_cave
image,#sling_backpack_01_c&defaultspec~8897040104788514860
image,#stain_grunge_leaking_multi_rvl_c&defaultspec~8323471362466994914
image,#stain_grunge_leaking_multi_rvl_c~12958169333649424984
image,#stain_leak_rust_01_c&defaultspec~9420878962881035618
image,#stain_leak_rust_01_c~12025757515767236857
image,#steel_ladder_col&steel_ladder_spc~12912553165534292550
image,#steel_ladder_nml&steel_ladder_cos~15629484951621348797
image,#stencil_patch_urban_d09_c&defaultspec~17684305933290563760
image,#stencil_patch_urban_d09_thermalmap
image,#stencil_patch_urban_m31_c&defaultspec~4901459968429960066
image,#stencil_patch_urban_m31_thermalmap
image,#stencil_patch_urban_z20_c&defaultspec~11753410067956316034
image,#stencil_patch_urban_z20_thermalmap
image,#stone_cave_rock_wall_01_light_c&defaultspec~4811710609479813324
image,#stone_cave_rock_wall_01_light_d~277201221200933263
image,#stone_cave_rock_wall_01_light_n&stone_cave_rock_wall_01_light_g~1420634268655301728
image,#stone_coal_soot_01_c&defaultspec~6522579611740945701
image,#stone_coal_soot_01_c_noalpha&defaultspec~8220736058838011072
image,#stone_coal_soot_01_n&stone_coal_soot_01_g~6437729255764327983
image,#stone_wall_01_c&defaultspec~7182711885692417692
image,#stone_wall_01_d~12712350015836964903
image,#stone_wall_01_n&stone_wall_01_g~11278943084240128699
image,#stone_wall_rough_a_01_c&defaultspec~14152973509529659755
image,#stone_wall_rough_a_01_n&stone_wall_rough_a_01_s~7737335788285169481
image,#storage_chicken_coop_01_poop_c&defaultspec~18339964371972570518
image,#storage_chicken_coop_01_poop_c~10971860495045049009
image,#storage_chicken_coop_01_poop_n&storage_chicken_coop_01_poop_g~14924760871669122114
image,#storage_chicken_coop_01_wire_c&defaultspec~2459257645072224245
image,#storage_chicken_coop_01_wire_c~10137960081842235369
image,#storage_chicken_coop_01_wire_n&storage_chicken_coop_01_wire_g~3972384125485158184
image,#storage_oil_drum_01_c&defaultspec~3970264942178759239
image,#storage_oil_drum_01_m~4651644532670987176
image,#storage_oil_drum_01_n&storage_oil_drum_01_g~15562328284520437821
image,#structural_bracket_iron_rusted_c&defaultspec~2455704391991385485
image,#structural_bracket_iron_rusted_n&structural_bracket_iron_rusted_g~18045383987976592819
image,#sun_flare~8993829727474502704
image,#sun~15372938067450949760
image,#syrk_window_damaged_g8_01_c&defaultspec~3211338694332913372
image,#syrk_window_damaged_g8_01_c~11275352153608555826
image,#syrk_window_damaged_g8_01_n&syrk_window_damaged_g8_01_o&white~17596846633248406255
image,#syrkistan_cafe_sheesha_02_c&syrkistan_cafe_sheesha_02_s~15271639693232954124
image,#syrkistan_cafe_sheesha_02_c~5780910265273860229
image,#syrkistan_cafe_sheesha_02_n&syrkistan_cafe_sheesha_02_g~17685835407324770444
image,#syrkistan_cafe_sheesha_c&syrkistan_cafe_sheesha_s~6278640847745700121
image,#syrkistan_cafe_sheesha_c~13697029166929138968
image,#syrkistan_cafe_sheesha_n&syrkistan_cafe_sheesha_02_g~5679935840152346987
image,#t7_decal_damage_concrete_edge_01_c&defaultspec~7853842294051958391
image,#t7_decal_damage_concrete_edge_01_n&t7_decal_damage_concrete_edge_01_g~6228481334514934888
image,#t7_decal_damage_concrete_edge_01_n&t7_decal_damage_concrete_edge_01_o&white~14917480364501266339
image,#tarp_mp_faridah_01_c&fabric_truck_cargo_cover_01_s~12949150777588861028
image,#tarp_mp_faridah_01_t~5766604356581223812
image,#tarpaulin_generic_01_pristine_c&defaultspec~17603567671527803931
image,#tarpaulin_generic_01_pristine_n&tarpaulin_generic_01_pristine_g~982034044102605567
image,#tarpaulin_generic_01_pristine_n&tarpaulin_generic_01_worn_g~4274411092585301944
image,#tarpaulin_generic_01_worn_c&defaultspec~6083501633954032512
image,#tarpaulin_generic_01_worn_c~7768729014624572031
image,#terrain_dirt_pile_01_n&terrain_dirt_pile_01_g~13855544944307043961
image,#tm_scotland_lh_cloud_c&defaultspec~1239031913987297328
image,#tm_scotland_lh_cloud_c~18117192778778810248
image,#tool_metal_leaf_rake_01_c&defaultspec~17005698890340433862
image,#tool_metal_leaf_rake_01_n&tool_metal_leaf_rake_01_g~4814356061256502008
image,#tool_rake_shovel_01_c&defaultspec~1427250044682279452
image,#tool_rake_shovel_01_c~12393198243873616223
image,#tool_rake_shovel_01_n&tool_rake_shovel_01_g~7101470910444857657
image,#tool_screwdriver_01_c&tool_screwdriver_01_s~14597794412772146718
image,#tool_screwdriver_01_n&tool_screwdriver_01_g~2270189193404111446
image,#tool_security_padlock_01_c&tool_security_padlock_01_s~13640362168375508239
image,#tool_security_padlock_01_n&tool_security_padlock_01_g~4324280995406191375
image,#uav_radio_col&gas_canisters_backpack_spc~13039013417478563506
image,#uav_radio_nml&gas_canisters_backpack_cos~18144045119113027192
image,#uk_bottle_oil_small_01_c&defaultspec~935572014211734760
image,#uk_bottle_oil_small_01_n&uk_bottle_oil_small_01_g~9491136054557836745
image,#uk_bottle_oil_small_01_x~3634165008477139987
image,#uk_building_exterior_concrete_stairs_worn_c&defaultspec~12293693357653962816
image,#uk_building_exterior_concrete_stairs_worn_n&uk_building_exterior_concrete_stairs_worn_g~9416430965584663008
image,#uk_car_body_paint_filler_01_c&uk_car_body_paint_filler_01_s~16135579113106303146
image,#uk_car_body_paint_filler_01_n&uk_car_body_paint_filler_01_g~16258039890007892308
image,#uk_foliage_small_weeds_01_c&defaultspec~5532354239250646545
image,#uk_foliage_small_weeds_01_n&uk_foliage_small_weeds_01_g~16090908674957805606
image,#uk_foliage_small_weeds_01_opacity_2k~5750045733675778493
image,#uk_foliage_small_weeds_01_translucency~11858010871373242795
image,#uk_garage_workbench_01_c&defaultspec~131328448207045135
image,#uk_garage_workbench_01_n&uk_garage_workbench_01_g~3585335407305643179
image,#uk_garage_workbench_02_wheels_c&uk_garage_workbench_02_wheels_s~2876292159920949760
image,#uk_garage_workbench_02_wheels_n&uk_garage_workbench_02_wheels_g~3193404326437609954
image,#uk_gas_tank_thin_cylinder_2_c&defaultspec~5029395684611911136
image,#uk_gas_tank_thin_cylinder_c&defaultspec~1789119972129458985
image,#uk_gas_tank_thin_cylinder_n&uk_gas_tank_thin_cylinder_g~2827364394990303553
image,#uk_industrial_light_01_c&uk_industrial_light_01_s~15390752612646172183
image,#uk_industrial_light_01_e
image,#uk_industrial_light_01_e~4477568307056425540
image,#uk_industrial_light_01_n&uk_industrial_light_01_g~4064644119368486864
image,#uk_misc_car_parts_crate_01_c&uk_misc_car_parts_crate_01_s~10172658370614146903
image,#uk_misc_car_parts_crate_01_n&uk_misc_car_parts_crate_01_g~3589815592200466272
image,#uk_misc_car_parts_crate_01_sdf~12914922640236360177
image,#uk_misc_hand_towel_dirty_01_c&defaultspec~992393026155961984
image,#uk_misc_hand_towel_dirty_01_n&uk_misc_hand_towel_dirty_01_g~629802609199094454
image,#uk_shelf_garage_rolling_c&uk_shelf_garage_rolling_s~928839481019173148
image,#uk_shelf_garage_rolling_decal_c&defaultspec~2219167453151937472
image,#uk_shelf_garage_rolling_decal_c&uk_shelf_garage_rolling_decal_s~12319263052010355920
image,#uk_shelf_garage_rolling_decal_c~13210022195136305013
image,#uk_shelf_garage_rolling_decal_n&uk_shelf_garage_rolling_decal_g~3463988525189895378
image,#uk_shelf_garage_rolling_decal_sdf~18121470202254867939
image,#uk_shelf_garage_rolling_n&uk_shelf_garage_rolling_g~8401042544185672837
image,#uk_shelf_garage_rolling_tile_c&uk_shelf_garage_rolling_tile_s~460905658259655325
image,#uk_shelf_garage_rolling_tile_n&uk_shelf_garage_rolling_tile_g~5241144612355560516
image,#uk_shipping_crate_lod1_c&uk_shipping_crate_lod1_s~11771705338000069009
image,#uk_shipping_crate_lod1_n&uk_shipping_crate_lod1_g~6454804149105713160
image,#uk_shipping_crate_wood_c&uk_shipping_crate_wood_01_s~1782823558870733
image,#uk_shipping_crate_wood_decal_c&uk_shipping_crate_wood_decal_s~10599949662223208337
image,#uk_shipping_crate_wood_decal_c~2096299033051054335
image,#uk_shipping_crate_wood_decal_n&uk_shipping_crate_wood_decal_g~17261656109129279859
image,#uk_shipping_crate_woodl_n&uk_shipping_crate_wood_g~4623398427193945976
image,#uk_siding_metal_corrugated_01_bolt_c&uk_siding_metal_corrugated_01_bolt_s~9769823570702945097
image,#uk_siding_metal_corrugated_01_bolt_n&uk_siding_metal_corrugated_01_bolt_g~16936221785407595077
image,#uk_siding_metal_corrugated_01_bolt_r~242486528683456594
image,#uk_siding_metal_corrugated_01_c&defaultspec~5487257402428003952
image,#uk_siding_metal_corrugated_01_grime_dec_c&defaultspec~2908312765242756627
image,#uk_siding_metal_corrugated_01_grime_dec_c~3206209683879104558
image,#uk_siding_metal_corrugated_01_grime_dec_n&uk_siding_metal_corrugated_01_grime_dec_s~11214490920825517726
image,#uk_siding_metal_corrugated_01_n&uk_siding_metal_corrugated_01_g~736212266776223218
image,#uk_siding_metal_corrugated_01_n&uk_siding_metal_corrugated_01_unpainted_g~6138457045733973295
image,#uk_siding_metal_corrugated_01_unpainted_c&uk_siding_metal_corrugated_01_unpainted_s~11139120804137152639
image,#uk_stairs_interior_wood_worn_02_base_c&defaultspec~5059689460331905355
image,#uk_stairs_interior_wood_worn_02_base_n&uk_stairs_interior_wood_worn_02_base_g~11647219597947329789
image,#uk_stairs_interior_wood_worn_02_ends_c&defaultspec~12660735911323579318
image,#uk_stairs_interior_wood_worn_02_ends_c~3349864267125310605
image,#uk_stairs_interior_wood_worn_02_ends_n&uk_stairs_interior_wood_worn_02_ends_g~605779269877579426
image,#uk_stairs_interior_wood_worn_02_ends_r
image,#uk_stucco_pillar_01_beige_c&defaultspec~17859513622553056191
image,#uk_stucco_pillar_01_beige_n&uk_stucco_pillar_01_beige_g~13441811470134307859
image,#uk_tire_stack_01_dirty_c&defaultspec~13484809425093478829
image,#uk_tire_stack_01_n&uk_tire_stack_01_g~5703192672185138713
image,#uk_toilet_garage_01_c&defaultspec~4682615249581134895
image,#uk_toilet_garage_01_n&uk_toilet_garage_01_g~17094879972867792309
image,#uk_wood_rough_old_01_c&defaultspec~4813078886272757712
image,#uk_wood_rough_old_01_n&uk_wood_rough_old_01_g~17216507784862171334
image,#uk_yellow_component_bin_filled_01_c&uk_yellow_component_bin_filled_01_s~583426339313787338
image,#uk_yellow_component_bin_filled_01_n&uk_yellow_component_bin_filled_01_g~13418381837455948240
image,#un_industrial_wooden_pallet_01_c&defaultspec~5488716951624776561
image,#un_industrial_wooden_pallet_01_n&un_industrial_wooden_pallet_01_g~4998140753788667722
image,#un_plywood_edge_chipped_01_c&defaultspec~12716934239918162757
image,#un_plywood_edge_chipped_01_c~18133167581061174589
image,#un_plywood_edge_chipped_01_n&un_plywood_edge_chipped_01_o&un_plywood_edge_chipped_01_g~6688129814600370337
image,#usmc_backpack_thermalmap
image,#usmc_boots_n&usmc_boots_g~27917105327756826
image,#usmc_crye_pants_lmg_n&usmc_crye_pants_g~1478016968113187459
image,#usmc_crye_pants_smg_n&usmc_crye_pants_g~3045435711661989698
image,#usmc_lmg_pouch_n&usmc_lmg_pouch_s~8943143195225954453
image,#usmc_neck_guard_n&usmc_neck_guard_s~6998811188472821578
image,#usmc_shoulders_lmg_n&usmc_shoulders_lmg_g~10506490404478373502
image,#veh8_civ_lnd_hindia_glass_dst_c&defaultspec~6407310154216009709
image,#veh8_civ_lnd_hindia_glass_dst_n&veh8_civ_lnd_hindia_glass_dst_g~9293481843269995120
image,#veh8_civ_lnd_techo_rebel_armor_02_c&defaultspec~2331718434495184828
image,#veh8_civ_lnd_techo_rebel_armor_02_n&veh8_civ_lnd_techo_rebel_armor_02_g~9733973440200206753
image,#veh8_civ_lnd_techo_rebel_armor_02_thermalmap
image,#veh8_ind_lnd_foscar_02_wheel_c&defaultspec~5402271323533179593
image,#veh8_ind_lnd_foscar_02_wheel_n&veh8_ind_lnd_foscar_02_wheel_g~6121060972992363192
image,#veh8_mil_air_blima_body2_dst_c&veh8_mil_air_blima_body2_dst_s~11390834969937394783
image,#veh8_mil_air_blima_body2_dst_n&veh8_mil_air_blima_body2_dst_g~8322090434941318222
image,#veh8_mil_air_blima_dst_c&veh8_mil_air_blima_dst_s~4878126818474176926
image,#veh8_mil_air_blima_dst_n&veh8_mil_air_blima_dst_g~7579774580372744776
image,#veh8_mil_air_blima_interior_rotor_dst_c&veh8_mil_air_blima_interior_rotor_dst_s~5499043816588684135
image,#veh8_mil_air_blima_interior_rotor_dst_n&veh8_mil_air_blima_interior_rotor_dst_g~9784758736092940126
image,#veh8_mil_air_mquebec9_debris_c&defaultspec~2656057569154680413
image,#veh8_mil_air_mquebec9_debris_n&veh8_mil_air_mquebec9_debris_g~10744403857430164385
image,#veh8_mil_air_mquebec9_static_crashed_front_c&defaultspec~4424206450791099957
image,#veh8_mil_air_mquebec9_static_crashed_front_n&veh8_mil_air_mquebec9_static_crashed_front_g~9818409552275149030
image,#veh8_mil_lnd_tango72_scan_body_1_dst_c&veh8_mil_lnd_tango72_scan_body_1_dst_s~11728060765681761363
image,#veh8_mil_lnd_tango72_scan_body_1_dst_n&veh8_mil_lnd_tango72_scan_body_1_dst_g~4978431475700253543
image,#veh8_mil_lnd_tango72_scan_decals_c&defaultspec~2459638528507159556
image,#veh8_mil_lnd_tango72_scan_decals_c~8756525828639857031
image,#veh8_mil_lnd_tango72_scan_decals_n&veh8_mil_lnd_tango72_scan_decals_g~13385550751355694906
image,#veh8_mil_lnd_tango72_scan_metalmesh_c&defaultspec~6948484115206531023
image,#veh8_mil_lnd_tango72_scan_metalmesh_c~7138339797718071769
image,#veh8_mil_lnd_tango72_scan_metalmesh_n&white~17266601274204392761
image,#veh8_mil_lnd_tango72_scan_turret_dst_c&veh8_mil_lnd_tango72_scan_body_1_dst_s~5488307556892734193
image,#veh8_mil_lnd_tango72_scan_turret_dst_n&veh8_mil_lnd_tango72_scan_turret_dst_g~7070852515939506387
image,#veh8_mil_lnd_umike_body_01_rebel_c&veh8_mil_lnd_umike_body_01_rebel_s~10105285650728899511
image,#veh8_mil_lnd_umike_body_01_rebel_n&veh8_mil_lnd_umike_body_01_rebel_g~15698947753997368306
image,#veh8_mil_lnd_umike_body_02_rebel_c&defaultspec~16013099217485341179
image,#veh8_mil_lnd_umike_body_02_rebel_n&veh8_mil_lnd_umike_body_02_rebel_g~17797232564093974517
image,#veh8_mil_lnd_umike_interior_rebel_c&defaultspec~8087780297632266825
image,#veh8_mil_lnd_umike_interior_rebel_n&veh8_mil_lnd_umike_interior_rebel_g~2188528906526313983
image,#veh8_mil_lnd_umike_wheel_c&defaultspec~4941561300353157401
image,#veh8_mil_lnd_umike_wheel_n&veh8_mil_lnd_umike_wheel_g~17907481644784828611
image,#veh_civ_lnd_motorcycle_old_01_c&veh_civ_lnd_motorcycle_old_01_s~17291257342464141692
image,#veh_civ_lnd_motorcycle_old_01_n&veh_civ_lnd_motorcycle_old_01_o&veh_civ_lnd_motorcycle_old_01_g~13171106936491103505
image,#vfx_anml_insect_air_moth_2_loop~15026244373857929971
image,#vfx_anml_insect_air_moth_2_loop~8704769661043975335
image,#vfx_anml_insect_air_moth_atlas~5603220727852506270
image,#vfx_anml_insect_air_moth_atlas~83208128286600358
image,#vfx_debris_ceramic_sheet_1_c~12957523052736340134
image,#vfx_debris_ceramic_sheet_1_c~8188380377483299057
image,#vfx_debris_distant_dust_motes~14411897761715793446
image,#vfx_debris_distant_dust_motes~5719015696761906038
image,#vfx_debug_phyx_shape&defaultspec~9462970255382187268
image,#vfx_decal_glass_debris_ground_c&com_brokenglass_ground01_spc~15809522121488257609
image,#vfx_decal_glass_debris_ground_c~15583055026516362252
image,#vfx_decal_ice_crack_grow_1_c&defaultspec~11181479861974432912
image,#vfx_dist_heatshimmer_16f_loop
image,#vfx_energy_dome_shield_tile_03~1930617623327982493
image,#vfx_flash_cloudy_anim_1_c~2849091607982498447
image,#vfx_fluid_blood_splat_1_c&gray~14995831164142010427
image,#vfx_fluid_blood_splat_1_n&white~1066620242206288215
image,#vfx_fluid_drop_1_n&vfx_fluid_common_water_1_g~12540665976577759035
image,#vfx_fluid_drops_atlas_c_c&vfx_fluid_common_water_1_s~17829351749320099935
image,#vfx_fluid_drops_atlas_c_c~15786662313083751747
image,#vfx_fluid_explode_mblur_c&vfx_fluid_common_water_1_s~16995328631093796435
image,#vfx_fluid_explode_mblur_n&vfx_fluid_common_water_1_g~12905836277226492250
image,#vfx_fluid_splash_nozzle_anim_3_n&vfx_fluid_common_water_1_g~13598550259780447619
image,#vfx_fluid_splash_top_med_anim_1_c&vfx_fluid_common_water_1_s~14495067340981864332
image,#vfx_fluid_splash_top_med_anim_1_c~1180580147111164478
image,#vfx_fluid_splash_top_med_anim_1_n&vfx_fluid_common_water_1_g~5872726878680696258
image,#vfx_fluid_uv_distort_01
image,#vfx_glass_crack_round_1_n&white~6844070841813749717
image,#vfx_misc_gw_ghosttease1_e~8055846863367088594
image,#vfx_noise_crunchy_high_01
image,#vfx_particulate_dust_sheet_1_c~10943070315397992990
image,#vfx_particulate_dust_sheet_1_c~11785201608851124611
image,#vfx_postfx_bokeh_sharp_sheet_1_c~12152473381305564999
image,#vfx_postfx_bokeh_sharp_sheet_1_c~2982143633814753353
image,#vfx_postfx_star_fan_1_c~13992998565833159180
image,#vfx_pyro_fire_fuel_g2_med_base_1_c~1320263305663954033
image,#vfx_pyro_fire_fuel_g2_med_base_1_c~6678429497137200909
image,#vfx_pyro_fire_fuel_g2_med_grnd_loop_1_c~1039800899447605072
image,#vfx_pyro_fire_fuel_g2_med_grnd_loop_1_c~16493522263664553906
image,#vfx_vol_smoke_generic_ball_4x8_n&white~10538333479877740103
image,#vfx_vol_smoke_wispy_rise_anim_1_c&black~9369930693775543537
image,#vfx_vol_smoke_wispy_rise_anim_1_c~4435102898022386213
image,#vfx_vol_wtr_rain_drop_sheet_c~11692055120144668087
image,#vfx_vol_wtr_rain_drop_sheet_c~13452345420575822307
image,#viewmodel_hero_alex_gloves_a_c&viewmodel_hero_alex_gloves_a_s~15697467458963598680
image,#wall_stain_01_c&defaultspec~6344218242023903328
image,#wall_stain_01_c&wall_stain_01_r~7900123420273498115
image,#water_puddle_muddy_01_c&defaultspec~12854458236859864603
image,#water_puddle_tiling_01_rvl_c&defaultspec~14120557205314425774
image,#water_puddle_tiling_01_rvl_n&water_puddle_muddy_01_g~4867886365530095302
image,#water_puddle_tiling_01_rvl_n&water_puddle_tiling_01_rvl_g~10156818165794537628
image,#water_stream_scrolling_dist
image,#water_tank_industrial_caged_c&defaultspec~1614781489298788434
image,#water_tank_industrial_caged_n&water_tank_industrial_caged_g~16133618812603207160
image,#water_tank_industrial_caged_parts_c&defaultspec~7111015400616675086
image,#water_tank_industrial_caged_parts_n&water_tank_industrial_caged_parts_g~6968674992428089318
image,#weapon_vm_mg_zulu23_base_c&weapon_vm_mg_zulu23_base_s~17973179431746213211
image,#weapon_vm_mg_zulu23_base_n&weapon_vm_mg_zulu23_base_g~9193221826301686884
image,#weapon_vm_mg_zulu23_turret_c&weapon_vm_mg_zulu23_turret_s~9297119257275532269
image,#weapon_vm_mg_zulu23_turret_n&weapon_vm_mg_zulu23_turret_g~10534419182373303171
image,#whisp_spiral~17629264439765661721
image,#whisp_spiral~5003703918712991093
image,#white&ceramic_floor_tile_01_r_inv~2799963263679857810
image,#white&ceramic_floor_tile_01_r~13533623349412284656
image,#white&concrete_cracked_wall_damaged_01_r~2719380752849770548
image,#white&concrete_damaged_02_r2~6464523829314227730
image,#white&concrete_floor_tiles_damaged_mix_02_r~7175027526740532448
image,#white&concrete_paint_patches_clean_01_r~15710986854214640169
image,#white&concrete_rubble_pile_01_r2~17914150007132019238
image,#white&debris_junk_01_r~11927427584635732233
image,#white&dirt_construction_tire_tread_01_r~9192500727049138316
image,#white&dirt_dry_mud_compacted_01_h~665813316283603708
image,#white&dirt_dust_01_r~261775814512967907
image,#white&dirt_dust_brown_01_r~13040938887249273029
image,#white&dirt_rocky_02_r~6872714463779449813
image,#white&dirt_rocky_pebbles_01_light_h~3743640804980414040
image,#white&dirt_soil_01_footprints_r~2733788741387360441
image,#white&dirt_soil_01_r~8979589588566336143
image,#white&dirt_soil_erosion_01_h~17945005601588725021
image,#white&dirt_soil_erosion_02_h~7372688236251644508
image,#white&dirt_stones_eroded_01_r~2955086291975173139
image,#white&equipment_mortar_shell_pile_01_d~14695235574535923785
image,#white&grass_brown_02_r~7891060569032576925
image,#white&me_rock_cave_wall_01_tile_r~15239337121769281628
image,#white&mud_dry_tracks_01_r~17668427763374194781
image,#white&plaster_offwhite_02_r~1140740427430439451
image,#white&plaster_offwhite_dmg_01_r~13728817997178289312
image,#white&plaster_offwhite_dmg_02_r~11333984747517463920
image,#white&plaster_old_rough_02_r~970846361683974209
image,#white&plaster_old_rough_03_brown_trim_rvl_01_r~8146436122738670258
image,#white&riverbed_dirt_path_01_d~13541745027667606891
image,#white&stone_cave_rock_wall_01_light_r~12625647161294939615
image,#white&stone_coal_soot_01_r~15578442942760404699
image,#white&stone_wall_01_r~6684779577898117164
image,#white&t7_decal_damage_concrete_edge_01_r~326022911072425963
image,#white&water_puddle_tiling_01_rvl_r~12591731671436173712
image,#white&wood_frame_worn_trim_01_r~9432724819644750942
image,#winch_01_c&winch_01_s~16896085621210105816
image,#winch_01_n&winch_01_g~12245289352882025875
image,#winch_01_r
image,#window_cover_set_c&defaultspec~13953524778686041383
image,#window_cover_set_mesh_c&defaultspec~6890620909117702274
image,#window_cover_set_mesh_n&window_cover_set_mesh_g~6050150128907987338
image,#window_cover_set_mesh_sdf~200537737039658206
image,#window_cover_set_n&window_cover_set_g~10305565956695396541
image,#window_exterior_metal_bar_a_1_c&me_handrails_painted_metal_ornate_s~13630004108097240590
image,#window_exterior_metal_bar_a_1_c~859958174147051769
image,#window_exterior_metal_bar_a_1_n&me_handrails_painted_metal_ornate_g~1188187264111982342
image,#window_square_old_01_n&window_square_old_01_g~1374422666951703806
image,#window_square_old_01_raw_c&window_square_old_01_s~13759212377226671191
image,#window_square_old_01_raw_sdf~12106760605959846511
image,#wires_hanging_01_c&wires_hanging_01_s~3550518622700634038
image,#wires_hanging_01_c~11774751144801646953
image,#wires_hanging_01_n&wires_hanging_01_g~9097107750301134925
image,#wood_bare_dark_worn_01_c&defaultspec~15844294677920214569
image,#wood_bare_dark_worn_01_n&wood_bare_dark_worn_01_g~15657189313931173758
image,#wood_beam_stairs_trim_01_c&defaultspec~10688750987739994871
image,#wood_beam_stairs_trim_01_n&wood_beam_stairs_trim_01_g~17332767741535605326
image,#wood_clean_old_01_c&defaultspec~4493845379992735049
image,#wood_clean_old_01_n&wood_clean_old_01_g~6678477281862209461
image,#wood_dark_01_c&defaultspec~10104406901728255964
image,#wood_dark_01_n&wood_dark_01_g~4895434488613433568
image,#wood_frame_worn_trim_01_c&defaultspec~11464772122053392827
image,#wood_frame_worn_trim_01_n&wood_frame_worn_trim_01_g~7047089301329000018
image,#wood_plywood_edge_trim_01_c&defaultspec~17348491563908943493
image,#wood_plywood_edge_trim_01_n&wood_plywood_edge_trim_01_g~15456822431358486151
image,#wood_plywood_edge_trim_dirty_01_c&defaultspec~10942995105886131024
image,#wood_plywood_edge_trim_dirty_01_n&wood_plywood_edge_trim_dirty_01_g~810822586409611215
image,#wood_rough_old_01_c&defaultspec~14958640802101765498
image,#wood_rough_old_01_n&wood_rough_old_01_g~18007272428418847225
image,#wood_worn_micro_01_n&white~6696135754569725342
image,#zmb_w_card_c&defaultspec~15750637531016027261
image,#zmb_w_card_n&zmb_w_card_g~11874099356065811171
com_map,#maps/cp/cp_sv_cave_pm.d3dbsp
glass_map,#maps/cp/cp_sv_cave_pm.d3dbsp
aipaths,#maps/cp/cp_sv_cave_pm.d3dbsp
navmesh,#maps/cp/cp_sv_cave_pm.d3dbsp
tacgraph,#maps/cp/cp_sv_cave_pm.d3dbsp
gfx_map_trzone,#cp_sv_cave_pm
lightdef,#light_fx_default
lightdef,#light_ies_flashlight
lightdef,#light_ies_nvg_flashlight
lightdef,#light_ies_sconce_zmb
lightdef,#light_point_linear
gradingclut,#mp_cave_clut
fogspline,#vision/cp_sv_cave_pm.vision
gesture,#ges_pilot_carry_loop
gesture,#ges_revive_ally
gesture,#ges_vm_carry_ally
scriptfile,#1599
scriptfile,#1600
scriptfile,#1629
scriptfile,#1689
scriptfile,#1727
scriptfile,#1735
scriptfile,#1754
scriptfile,#1764
scriptfile,#1771
scriptfile,#1775
scriptfile,#2035
scriptfile,#2036
scriptfile,#2037
scriptfile,#2038
scriptfile,#2039
scriptfile,#2040
scriptfile,#2041
scriptfile,#2042
scriptfile,#2043
scriptfile,#2044
scriptfile,#2045
scriptfile,#2046
scriptfile,#2047
scriptfile,#2048
scriptfile,#2127
scriptfile,#2128
scriptfile,#2178
scriptfile,#2179
scriptfile,#2183
scriptfile,#2219
scriptfile,#2220
scriptfile,#2491
scriptfile,#2492
scriptfile,#58195
scriptfile,#58204
scriptfile,#scripts/cp/gametypes/cp_strike.gsc
scriptfile,#scripts/cp/gametypes/cp_survival.gsc
scriptfile,#scripts/cp/gametypes/cp_wave_sv.gsc
scriptfile,#scripts/cp/gametypes/none.gsc
scriptfile,#scripts/cp/maps/cp_sv_cave_pm/cp_sv_cave_pm.gsc
scriptfile,#scripts/cp/maps/cp_sv_cave_pm/cp_sv_cave_pm_create_script.gsc
scriptfile,#scripts/cp/maps/cp_sv_cave_pm/cp_sv_cave_pm_fx.gsc
scriptfile,#scripts/cp/maps/cp_sv_cave_pm/cp_sv_cave_pm_interactions.gsc
scriptfile,#scripts/cp/maps/cp_sv_cave_pm/cp_sv_cave_pm_precache.gsc
scriptfile,#scripts/cp/maps/cp_sv_cave_pm/gen/cp_sv_cave_pm_art.gsc
scriptfile,#scripts/cp/maps/cp_sv_cave_pm/gen/cp_sv_cave_pm_fx.gsc
scriptfile,#scripts/cp/maps/cp_sv_cave_pm/gen/cp_sv_cave_pm_sound.gsc
stringtable,#animselectortables/bomber_traverse_warp_across.csv
stringtable,#animselectortables/bomber_traverse_warp_down.csv
stringtable,#animselectortables/bomber_traverse_warp_external.csv
stringtable,#animselectortables/bomber_traverse_warp_over.csv
stringtable,#animselectortables/bomber_traverse_warp_up.csv
stringtable,#animselectortables/soldier_traverse_warp_across_cp.csv
stringtable,#animselectortables/soldier_traverse_warp_over_cp.csv
stringtable,#cp/computer_screen_1_folders.csv
stringtable,#cp/computer_screen_2_folders.csv
stringtable,#cp/computer_screen_3_folders.csv
stringtable,#cp/cp_hints.csv
stringtable,#cp/cp_sv_cave_pm_objectives.csv
stringtable,#cp/cp_sv_cave_pm_objectives_matrix.csv
stringtable,#cp/cp_sv_cave_pm_wave_table.csv
stringtable,#cp/hitmarkericons.csv
stringtable,#cp/number_screen_1_folders.csv
stringtable,#cp/zombies/coop_destruction_table.csv
stringtable,#mp/iw8_default_agent_definition.csv
stringtable,#scripts/cp/maps/cp_sv_cave_pm/cp_sv_cave_pm_weaponrank_event.csv
stringtable,#sp/stealth_radio.csv
vectorfield,#vectorfields/basic_east
vectorfield,#vectorfields/basic_north
vectorfield,#vectorfields/basic_northeast
vectorfield,#vectorfields/basic_northwest
vectorfield,#vectorfields/basic_south
vectorfield,#vectorfields/basic_southeast
vectorfield,#vectorfields/basic_southwest
vectorfield,#vectorfields/basic_west
rumblegraph,#damage_heavy_h.rmb
rumblegraph,#damage_heavy_l.rmb
rumblegraph,#damage_heavy_tr.rmb
rumble,#cp_chopper_rumble
aianimset,#playerasm_patch_cp
aianimset,#soldier_cp_lmg
aianimset,#soldier_cp_pistol
dynamicbones,#dynamic_female_carry
dynamicbones,#dynamic_pilot_carry
coverselector,#cover_hunt_hunker
clothasset,#me_fabric_hanging_tarps_a_06_dynamics_cloth
clothasset,#me_fabric_hanging_tarps_a_07_dynamics_cloth
clothasset,#me_fabric_hanging_tarps_a_08_dynamics_cloth
clothasset,#me_fabric_hanging_tarps_a_09_dynamics_cloth
clothasset,#me_fabric_hanging_tarps_a_11_dynamics_cloth
xanim,#viewmodel_jump_additive
xanim,#viewmodel_jump_land_additive
xanim,#viewmodel_honeybadger_walk
xanim,#viewmodel_sc2010_prone_crawl_in
xanim,#viewmodel_sc2010_prone_crawl_f
xanim,#viewmodel_sc2010_prone_crawl_l
xanim,#viewmodel_sc2010_prone_crawl_r
xanim,#viewmodel_sc2010_prone_drop
xanim,#viewmodel_c4_idle
xanim,#viewmodel_c4_pullout
xanim,#viewmodel_c4_putaway
xanim,#viewmodel_c4_quick_raise
xanim,#viewmodel_c4_quick_drop
xanim,#viewmodel_c4_sprint_in
xanim,#viewmodel_c4_sprint_loop
xanim,#viewmodel_c4_sprint_out
xanim,#viewmodel_c4_fire_offhand
xanim,#viewmodel_static_ads_down
animpkg,#c4_mp_package
xmodeldetailcollision,#accessory_sling_backpack_01
xmodeldetailcollision,#afr_busted_steel_ladder
xmodeldetailcollision,#ammo_press_die_01
xmodeldetailcollision,#ammo_press_die_bin_01
xmodeldetailcollision,#ammo_press_die_bin_01_full
xmodeldetailcollision,#awning_wood_support_beam_01
xmodeldetailcollision,#awning_wood_support_beam_02
xmodeldetailcollision,#awning_wood_support_beam_03
xmodeldetailcollision,#bag_canvas_arabic_01_flat
xmodeldetailcollision,#barrier_traffic_concrete_block_01
xmodeldetailcollision,#box_wooden_grenade_01
xmodeldetailcollision,#bucket_rusted_empty_01
xmodeldetailcollision,#building_awning_rusted_flat_64
xmodeldetailcollision,#building_awning_tarp_128x32x64_03
xmodeldetailcollision,#building_awning_tarp_64x32x64_03_tarpaulin_orange
xmodeldetailcollision,#building_balcony_rail_01_pattern_white_straight_32
xmodeldetailcollision,#building_balcony_rail_01_pattern_white_straight_64
xmodeldetailcollision,#building_cable_post_solo
xmodeldetailcollision,#building_cable_post_wood
xmodeldetailcollision,#building_cable_post_wood_cross
xmodeldetailcollision,#building_cable_post_wood_pole_30_feet
xmodeldetailcollision,#building_corrugated_metal4x4
xmodeldetailcollision,#building_corrugated_metal4x8_holes
xmodeldetailcollision,#building_door_wood_worn_out_01
xmodeldetailcollision,#building_door_wood_worn_out_02
xmodeldetailcollision,#building_door_wood_worn_out_frame_01
xmodeldetailcollision,#building_door_wood_worn_out_frame_02
xmodeldetailcollision,#building_doorframe_woodplaster_01
xmodeldetailcollision,#building_drain_pipes_02
xmodeldetailcollision,#building_hanging_tarps_01_blue_no_alpha
xmodeldetailcollision,#building_hanging_tarps_02_white
xmodeldetailcollision,#building_horse_door_frame_01
xmodeldetailcollision,#building_roof_lip_01_tan_128
xmodeldetailcollision,#building_roof_lip_01_tan_16
xmodeldetailcollision,#building_roof_lip_01_tan_32
xmodeldetailcollision,#building_roof_lip_01_tan_48
xmodeldetailcollision,#building_roof_lip_01_tan_64
xmodeldetailcollision,#building_roof_lip_01_tan_8
xmodeldetailcollision,#building_roof_lip_01_tan_corner_inside
xmodeldetailcollision,#building_roof_lip_01_tan_corner_outside
xmodeldetailcollision,#building_support_wood_beam_01_piece_01
xmodeldetailcollision,#building_support_wood_beam_01_piece_02
xmodeldetailcollision,#building_support_wood_beam_01_piece_03
xmodeldetailcollision,#building_support_wood_beam_01_piece_04
xmodeldetailcollision,#building_support_wood_beam_04_re_size
xmodeldetailcollision,#building_support_wood_beam_04_re_size_small
xmodeldetailcollision,#building_support_wood_beam_05_re_size
xmodeldetailcollision,#building_support_wood_beam_05_re_size_small
xmodeldetailcollision,#building_tarps_doorways_cloth_02_white
xmodeldetailcollision,#building_wall_broken_cap_128x16_01_tan2
xmodeldetailcollision,#building_wall_broken_cap_128x16_02_tan2
xmodeldetailcollision,#building_wall_broken_cap_128x16_04_tan
xmodeldetailcollision,#building_wall_broken_cap_128x8_01_tan
xmodeldetailcollision,#building_wall_broken_cap_128x8_03_tan2
xmodeldetailcollision,#building_wall_broken_cap_64x16_01_tan
xmodeldetailcollision,#building_wall_broken_cap_64x16_02_tan2
xmodeldetailcollision,#building_wall_broken_corner_24x24_01_tan
xmodeldetailcollision,#building_wall_broken_corner_24x24_02_tan2
xmodeldetailcollision,#building_wall_broken_corner_48x48_01_tan2
xmodeldetailcollision,#building_wall_broken_corner_48x48_02_tan
xmodeldetailcollision,#building_wall_broken_corner_64x48_01_tan2
xmodeldetailcollision,#building_wall_broken_edge_32x128_01_tan
xmodeldetailcollision,#building_wall_broken_edge_48x128_01_tan2
xmodeldetailcollision,#building_wall_corner_brick_02_128
xmodeldetailcollision,#building_wall_window_brick_01
xmodeldetailcollision,#building_wall_window_brick_broken_01
xmodeldetailcollision,#cave_wires_ceiling_01
xmodeldetailcollision,#cave_wires_ceiling_01b
xmodeldetailcollision,#cave_wires_ceiling_01c
xmodeldetailcollision,#cave_wires_ground_01
xmodeldetailcollision,#ch_crate24x32x48
xmodeldetailcollision,#ch_crate24x32x48_open
xmodeldetailcollision,#ch_crate24x32x64
xmodeldetailcollision,#ch_crate48x64
xmodeldetailcollision,#ch_crate72x64
xmodeldetailcollision,#ch_crate72x64_open
xmodeldetailcollision,#cinderblock_01_01
xmodeldetailcollision,#cinderblock_stacked_01
xmodeldetailcollision,#cinderblock_wall_endcap_01_24_clip
xmodeldetailcollision,#cinderblock_wall_endcap_02_32
xmodeldetailcollision,#cinderblock_wall_topper_01_08
xmodeldetailcollision,#cinderblock_wall_topper_01_16
xmodeldetailcollision,#cinderblock_wall_topper_01_32
xmodeldetailcollision,#cinderblock_wall_topper_01_48
xmodeldetailcollision,#cinderblock_wall_topper_01_64
xmodeldetailcollision,#com_duct_tape_1
xmodeldetailcollision,#com_junktire_dirty
xmodeldetailcollision,#conduit_metal_outlet_box
xmodeldetailcollision,#construction_wood_lath_01_lrg_beam
xmodeldetailcollision,#container_barrel_plastic_01_closed
xmodeldetailcollision,#container_gas_tank_01
xmodeldetailcollision,#container_water_industrial_caged_01
xmodeldetailcollision,#corner_damage_02
xmodeldetailcollision,#corrugated_metal4x4_holes
xmodeldetailcollision,#corrugated_metal8x2_holes
xmodeldetailcollision,#corrugated_metal8x8_holes
xmodeldetailcollision,#couch_ornate_destroyed_02
xmodeldetailcollision,#cp_rave_bathroom_sink
xmodeldetailcollision,#crate_plastic_sml_01_dirt_red
xmodeldetailcollision,#debris_cinderblock_pile_a_01
xmodeldetailcollision,#debris_fabric_pile_03
xmodeldetailcollision,#debris_fabric_pile_04
xmodeldetailcollision,#debris_fabric_pile_05
xmodeldetailcollision,#debris_stone_blocks_01
xmodeldetailcollision,#debris_stone_blocks_02
xmodeldetailcollision,#debris_stone_blocks_03
xmodeldetailcollision,#debris_stone_blocks_04
xmodeldetailcollision,#debris_stone_blocks_05
xmodeldetailcollision,#debris_stone_blocks_06
xmodeldetailcollision,#debris_stone_blocks_pile_1_gray
xmodeldetailcollision,#debris_stone_blocks_pile_2_gray
xmodeldetailcollision,#debris_stone_blocks_pile_corner_1_dustable
xmodeldetailcollision,#debris_stone_blocks_pile_curve_sidewalk_1
xmodeldetailcollision,#debris_stone_blocks_pile_curve_sidewalk_2_dustable
xmodeldetailcollision,#debris_stone_blocks_pile_wall_1_dustable
xmodeldetailcollision,#debris_stone_blocks_pile_wall_2_gray
xmodeldetailcollision,#decor_barrel_wood_01
xmodeldetailcollision,#decor_blankets_01_single_pattern_2_03
xmodeldetailcollision,#decor_blankets_01_single_pattern_3_01
xmodeldetailcollision,#decor_blankets_01_single_pattern_3_04
xmodeldetailcollision,#decor_blankets_01_stack_pattern_1_02
xmodeldetailcollision,#decor_blankets_01_stack_pattern_2_01
xmodeldetailcollision,#decor_blankets_01_stack_pattern_2_03
xmodeldetailcollision,#decor_cafe_planters_02
xmodeldetailcollision,#decor_cafe_sheesha_damaged_silver
xmodeldetailcollision,#decor_containers_01_small_blue
xmodeldetailcollision,#decor_containers_01_small_destr_blue
xmodeldetailcollision,#decor_drying_rack_01_clean
xmodeldetailcollision,#decor_drying_rack_01_cup_01
xmodeldetailcollision,#decor_drying_rack_01_plate_01
xmodeldetailcollision,#decor_drying_rack_01_plate_02
xmodeldetailcollision,#decor_drying_rack_01_plate_03
xmodeldetailcollision,#decor_hanged_clothes_01_sweater_ping
xmodeldetailcollision,#decor_hanged_clothes_01_towel_ping
xmodeldetailcollision,#decor_metal_barrel_faucet_01
xmodeldetailcollision,#decor_misc_props_01_bottle
xmodeldetailcollision,#decor_misc_props_01_jar_small
xmodeldetailcollision,#decor_misc_props_01_shelf_metal
xmodeldetailcollision,#decor_ornate_stone_trim_8
xmodeldetailcollision,#decor_plastic_buckets_01_big_white
xmodeldetailcollision,#decor_rope_thick_large_bridge
xmodeldetailcollision,#decor_serving_tray_01_single_gray
xmodeldetailcollision,#decor_shoes_01_sandals_female_brown_left
xmodeldetailcollision,#decor_shoes_01_sandals_female_brown_right
xmodeldetailcollision,#decor_shoes_01_sandals_male_blue_left
xmodeldetailcollision,#decor_shoes_01_sandals_male_blue_right
xmodeldetailcollision,#decor_water_storage_container_01_dark
xmodeldetailcollision,#decor_wheelbarrow_01
xmodeldetailcollision,#destruction_debris_plaster_concrete_edge_01
xmodeldetailcollision,#destruction_debris_plaster_concrete_edge_02
xmodeldetailcollision,#destruction_debris_plaster_concrete_edge_03
xmodeldetailcollision,#destruction_debris_plaster_concrete_edge_04
xmodeldetailcollision,#destruction_debris_plaster_concrete_edge_05
xmodeldetailcollision,#destruction_debris_plaster_concrete_edge_06
xmodeldetailcollision,#destruction_debris_plaster_concrete_edge_07
xmodeldetailcollision,#destruction_debris_plaster_concrete_edge_08
xmodeldetailcollision,#destruction_debris_plaster_concrete_edge_09
xmodeldetailcollision,#destruction_debris_plaster_concrete_edge_10
xmodeldetailcollision,#destruction_debris_plaster_concrete_edge_12
xmodeldetailcollision,#dns_tool_hammer01_iw6
xmodeldetailcollision,#door_metal_roller_01_destroyed_large_04_open
xmodeldetailcollision,#door_metal_roller_01_frames_large
xmodeldetailcollision,#door_metal_roller_01_roller_large_01
xmodeldetailcollision,#door_security_gate_single_mp_01_green
xmodeldetailcollision,#door_wood_ornate_01_blue_double_frame
xmodeldetailcollision,#door_wood_ornate_01_blue_double_l
xmodeldetailcollision,#door_wood_ornate_01_blue_double_r
xmodeldetailcollision,#ee_construction_tool_box_metal_01_destr
xmodeldetailcollision,#ee_fence_trainyard_gate_left_animated
xmodeldetailcollision,#ee_fence_trainyard_gate_right_animated
xmodeldetailcollision,#ee_foliage_tree_branch_04
xmodeldetailcollision,#ee_furniture_rug_hanging_ukraine_02
xmodeldetailcollision,#ee_industrial_light_hanging_off
xmodeldetailcollision,#ee_light_fixture_wall_mounted_03
xmodeldetailcollision,#ee_light_fixture_wall_mounted_04
xmodeldetailcollision,#ee_light_mounted_exterior_industrial_caged_02_on
xmodeldetailcollision,#ee_light_mounted_exterior_industrial_caged_02_spear_pm
xmodeldetailcollision,#ee_machinery_oven_coal_door
xmodeldetailcollision,#ee_machinery_oven_coal_hatch
xmodeldetailcollision,#ee_machinery_rock_anchor
xmodeldetailcollision,#ee_manmade_mine_ladder_a
xmodeldetailcollision,#ee_manmade_tunnel_straight_a_light
xmodeldetailcollision,#ee_manmade_tunnel_wall_bent_a_light
xmodeldetailcollision,#ee_manmade_tunnel_wall_corner_inner_a_light
xmodeldetailcollision,#ee_manmade_tunnel_wall_corner_outer_a_light
xmodeldetailcollision,#ee_manmade_tunnel_wall_straight_a_light
xmodeldetailcollision,#ee_manmade_wood_beams_worn_a_01
xmodeldetailcollision,#ee_manmade_wood_planks_worn_a_02
xmodeldetailcollision,#ee_manmade_wood_planks_worn_a_05
xmodeldetailcollision,#ee_military_chemical_canister_double_01
xmodeldetailcollision,#ee_military_chemical_missile_stacked_01
xmodeldetailcollision,#ee_roofing_storage_support_beam_01
xmodeldetailcollision,#ee_roofing_storage_support_frame_01
xmodeldetailcollision,#ee_stool_wood_01
xmodeldetailcollision,#electrical_conduit_1_body_joint_c
xmodeldetailcollision,#electrical_conduit_set_electrical_box_03
xmodeldetailcollision,#electrical_conduit_set_electrical_box_big
xmodeldetailcollision,#electrical_conduit_set_electrical_box_big_destr_s1_f1
xmodeldetailcollision,#electrical_conduit_set_electrical_box_medium
xmodeldetailcollision,#electrical_wires_jumbled_01
xmodeldetailcollision,#electrical_wires_jumbled_03_outercorner
xmodeldetailcollision,#electrical_wires_jumbled_a_32
xmodeldetailcollision,#electrical_wires_jumbled_a_96
xmodeldetailcollision,#electrical_wires_jumbled_b_128
xmodeldetailcollision,#electrical_wires_jumbled_b_64
xmodeldetailcollision,#equipment_antenna_set_01_short
xmodeldetailcollision,#equipment_military_generator_01
xmodeldetailcollision,#equipment_military_radio_old_06
xmodeldetailcollision,#equipment_mortar_shell_improvised_02_bare
xmodeldetailcollision,#equipment_mortar_shell_improvised_02b_bare
xmodeldetailcollision,#equipment_pole_electrical_01_tall
xmodeldetailcollision,#equipment_propane_burner_stove_01_red_destr_d1
xmodeldetailcollision,#equipment_satellite_dish_01_lrg
xmodeldetailcollision,#equipment_satellite_dish_01_lrg_destr
xmodeldetailcollision,#equipment_satellite_dish_01_sml
xmodeldetailcollision,#equipment_tv_01
xmodeldetailcollision,#equipment_tv_01_screen_gw_ghosttease1
xmodeldetailcollision,#equipment_tv_01_screen_static
xmodeldetailcollision,#fence_metal_gate_01
xmodeldetailcollision,#fence_modular_metal_01_64_khaki
xmodeldetailcollision,#fence_post_wooden_round_01_a
xmodeldetailcollision,#firniture_couch_rural_04
xmodeldetailcollision,#foliage_tree_syrian_olive_02_trunk
xmodeldetailcollision,#food_cans_bottles_and_jars_can_01
xmodeldetailcollision,#food_cans_bottles_and_jars_jar_02
xmodeldetailcollision,#food_cans_bottles_and_jars_jar_03
xmodeldetailcollision,#frag_grenade_wm
xmodeldetailcollision,#furniture_cafe_chair_01
xmodeldetailcollision,#furniture_cafe_chair_01_broken
xmodeldetailcollision,#furniture_couch_rural_02
xmodeldetailcollision,#furniture_dresser_commode
xmodeldetailcollision,#furniture_dresser_commode_damaged
xmodeldetailcollision,#furniture_fan_anim
xmodeldetailcollision,#furniture_futon_couch_mat_pillows_futon_01_pattern_01
xmodeldetailcollision,#furniture_heating_stove_01_round
xmodeldetailcollision,#furniture_mattresses_01_small_dirt1_red
xmodeldetailcollision,#furniture_pillow_01_pattern_01
xmodeldetailcollision,#furniture_pillow_02_pattern_01
xmodeldetailcollision,#furniture_plastic_chair_01_aquamarine
xmodeldetailcollision,#furniture_plastic_stool_white
xmodeldetailcollision,#furniture_rug_01_corner_long_07_dirty
xmodeldetailcollision,#furniture_rug_01_corner_long_08
xmodeldetailcollision,#furniture_rug_01_corner_short_06
xmodeldetailcollision,#furniture_rug_01_flat_02
xmodeldetailcollision,#furniture_rug_01_flat_04
xmodeldetailcollision,#furniture_tiletop_cabinet_01
xmodeldetailcollision,#furniture_wood_bookcase_large_old_01
xmodeldetailcollision,#furniture_wood_dresser_02_light_drawer
xmodeldetailcollision,#furniture_wood_dresser_02_light_empty
xmodeldetailcollision,#glass_broken_frame_edge_06
xmodeldetailcollision,#hardware_plywood_bare_01
xmodeldetailcollision,#hardware_plywood_bare_01_24_dirty
xmodeldetailcollision,#hardware_plywood_osb_bare_01_24
xmodeldetailcollision,#hardware_plywood_osb_bare_01_64
xmodeldetailcollision,#hardware_plywood_painted_white_01_48
xmodeldetailcollision,#industrial_conduit_metal_1_body_joint_ll
xmodeldetailcollision,#industrial_conduit_metal_1_brace_support
xmodeldetailcollision,#industrial_conduit_metal_1_coupling_screw
xmodeldetailcollision,#jumbled_electrical_wire_loop_big
xmodeldetailcollision,#jumbled_electrical_wire_loop_small
xmodeldetailcollision,#kitchen_01_pan_food_01
xmodeldetailcollision,#kitchen_01_teapot_01
xmodeldetailcollision,#kitchen_countertop_01_64
xmodeldetailcollision,#kitchen_countertop_01_sink_64
xmodeldetailcollision,#kitchen_refrigerators_01_double_door
xmodeldetailcollision,#light_ceiling_bulb_01_on
xmodeldetailcollision,#machinery_lathe_large_01
xmodeldetailcollision,#me_awning_wood_long_01
xmodeldetailcollision,#me_bag_poly_tile_01
xmodeldetailcollision,#me_barber_cabinet_broken
xmodeldetailcollision,#me_building_bird_alcove_02
xmodeldetailcollision,#me_building_bird_alcove_03
xmodeldetailcollision,#me_construction_plank_bridge_a_01
xmodeldetailcollision,#me_construction_plank_bridge_a_02
xmodeldetailcollision,#me_construction_plank_bridge_a_03
xmodeldetailcollision,#me_construction_plank_bridge_a_04
xmodeldetailcollision,#me_construction_plank_bridge_a_05
xmodeldetailcollision,#me_construction_plank_bridge_a_06
xmodeldetailcollision,#me_construction_plank_bridge_a_07
xmodeldetailcollision,#me_construction_plank_bridge_a_08
xmodeldetailcollision,#me_construction_plank_bridge_a_09
xmodeldetailcollision,#me_construction_plank_bridge_a_10
xmodeldetailcollision,#me_construction_plank_bridge_a_11
xmodeldetailcollision,#me_construction_plank_bridge_a_12
xmodeldetailcollision,#me_construction_plank_bridge_a_13
xmodeldetailcollision,#me_construction_plank_bridge_a_14
xmodeldetailcollision,#me_construction_plank_bridge_a_15
xmodeldetailcollision,#me_construction_plank_bridge_a_16
xmodeldetailcollision,#me_construction_plank_bridge_a_17
xmodeldetailcollision,#me_decor_pillow_floor_01_b
xmodeldetailcollision,#me_decor_rug_rolled_bent_01
xmodeldetailcollision,#me_decor_rug_rolled_double_01
xmodeldetailcollision,#me_decor_rug_rolled_short_02
xmodeldetailcollision,#me_decor_wood_container_01
xmodeldetailcollision,#me_decor_wood_container_02
xmodeldetailcollision,#me_doors_saferoom_gate_01
xmodeldetailcollision,#me_electric_generator_01
xmodeldetailcollision,#me_electrical_box_small_01
xmodeldetailcollision,#me_fabric_camo_netting_cave_01
xmodeldetailcollision,#me_fabric_camo_netting_cave_02
xmodeldetailcollision,#me_fabric_camo_netting_cave_03
xmodeldetailcollision,#me_fabric_camo_netting_euphrates_03
xmodeldetailcollision,#me_fabric_highway_rooftop_tarp_03
xmodeldetailcollision,#me_fabric_highway_window_tarp_01_blue
xmodeldetailcollision,#me_fabric_highway_window_tarp_02_blue
xmodeldetailcollision,#me_foliage_shrub_dry_01_lrg
xmodeldetailcollision,#me_foliage_tree_dry_lrg
xmodeldetailcollision,#me_foliage_tree_dry_med
xmodeldetailcollision,#me_foliage_tree_dry_sml
xmodeldetailcollision,#me_foliage_tree_olive_dead_01
xmodeldetailcollision,#me_foliage_tree_palm_dead_01
xmodeldetailcollision,#me_furniture_cushion_floor_01
xmodeldetailcollision,#me_furniture_fancy_debris_03
xmodeldetailcollision,#me_furniture_fancy_pile_01
xmodeldetailcollision,#me_furniture_fancy_table_sm_01_broken
xmodeldetailcollision,#me_furniture_table_tile_01
xmodeldetailcollision,#me_garbage_tire_spare_01
xmodeldetailcollision,#me_gas_lantern_01
xmodeldetailcollision,#me_instrument_oud_guitar_01
xmodeldetailcollision,#me_kitchen_cabinet_door_left_01
xmodeldetailcollision,#me_kitchen_cabinet_door_right_01
xmodeldetailcollision,#me_kitchen_cabinet_short_01
xmodeldetailcollision,#me_lamp_ornate_standing_01
xmodeldetailcollision,#me_lattice_screen_wood_ornate_03
xmodeldetailcollision,#me_light_ceiling_fluorescent_tube_strong_runner_pm
xmodeldetailcollision,#me_light_ceiling_fluorescent_tube_strong_runner_pm_on
xmodeldetailcollision,#me_lighting_fixtures_marketplace_01_sway
xmodeldetailcollision,#me_lighting_fixtures_marketplace_attachment_01
xmodeldetailcollision,#me_metal_chimney_pipe_cap_03
xmodeldetailcollision,#me_metal_power_pole_01
xmodeldetailcollision,#me_metal_power_pole_02
xmodeldetailcollision,#me_military_propane_cannon_01
xmodeldetailcollision,#me_old_wooden_table_01
xmodeldetailcollision,#me_plaster_barrier_fence_collumn_01
xmodeldetailcollision,#me_plaster_barrier_fence_wall_ornate_collumn_cap_01
xmodeldetailcollision,#me_riverbed_rock_cluster_02_edge_01
xmodeldetailcollision,#me_riverbed_rock_cluster_02_lg_01_wet
xmodeldetailcollision,#me_riverbed_rock_cluster_02_lg_02
xmodeldetailcollision,#me_riverbed_rock_cluster_02_lg_03
xmodeldetailcollision,#me_riverbed_rock_cluster_02_md_01_wet
xmodeldetailcollision,#me_riverbed_rock_cluster_02_md_02_wet
xmodeldetailcollision,#me_riverbed_rock_cluster_02_md_03_wet
xmodeldetailcollision,#me_riverbed_rock_cluster_md_01_b
xmodeldetailcollision,#me_riverbed_rock_cluster_md_02
xmodeldetailcollision,#me_riverbed_rock_cluster_md_03_b
xmodeldetailcollision,#me_riverbed_rock_cluster_md_04_b
xmodeldetailcollision,#me_rock_large_01
xmodeldetailcollision,#me_rock_large_b_01
xmodeldetailcollision,#me_rock_medium_a_01
xmodeldetailcollision,#me_rock_medium_a_02
xmodeldetailcollision,#me_rock_round_small_a_01
xmodeldetailcollision,#me_rock_round_small_a_02
xmodeldetailcollision,#me_rock_round_small_a_05
xmodeldetailcollision,#me_rock_round_small_a_06
xmodeldetailcollision,#me_rock_round_small_a_07
xmodeldetailcollision,#me_rock_round_small_a_09
xmodeldetailcollision,#me_rock_round_small_a_10
xmodeldetailcollision,#me_rock_round_small_a_11
xmodeldetailcollision,#me_rock_round_small_a_12
xmodeldetailcollision,#me_rock_round_small_a_13
xmodeldetailcollision,#me_rock_round_small_a_14
xmodeldetailcollision,#me_rock_round_small_a_15
xmodeldetailcollision,#me_rock_round_small_a_16
xmodeldetailcollision,#me_rock_round_small_a_17
xmodeldetailcollision,#me_rock_round_small_a_18
xmodeldetailcollision,#me_rock_round_small_a_19
xmodeldetailcollision,#me_rock_round_small_a_20
xmodeldetailcollision,#me_rock_round_small_a_21
xmodeldetailcollision,#me_rock_round_small_a_22
xmodeldetailcollision,#me_rock_round_small_a_23
xmodeldetailcollision,#me_rock_sandstone_cliff_low_01
xmodeldetailcollision,#me_rock_sandstone_cliff_low_02
xmodeldetailcollision,#me_rock_small_01_group_a
xmodeldetailcollision,#me_rock_small_01_group_b
xmodeldetailcollision,#me_rock_small_01_group_c
xmodeldetailcollision,#me_rock_stair_steps_02
xmodeldetailcollision,#me_rock_stair_steps_03
xmodeldetailcollision,#me_rock_stair_steps_04
xmodeldetailcollision,#me_rock_stair_steps_05
xmodeldetailcollision,#me_rock_stair_steps_06
xmodeldetailcollision,#me_roof_village_dryleaf_section_01
xmodeldetailcollision,#me_roof_village_dryleaf_section_02
xmodeldetailcollision,#me_roof_village_dryleaf_section_02_damaged
xmodeldetailcollision,#me_roof_village_dryleaf_section_04
xmodeldetailcollision,#me_roof_village_dryleaf_section_05
xmodeldetailcollision,#me_sign_minefield
xmodeldetailcollision,#me_structural_wall_stone_a_01b
xmodeldetailcollision,#me_structural_wall_stone_a_02b
xmodeldetailcollision,#me_structural_wall_stone_a_03b
xmodeldetailcollision,#me_structural_wall_stone_a_04b
xmodeldetailcollision,#me_structural_wall_stone_a_05
xmodeldetailcollision,#me_structural_wall_stone_a_06b
xmodeldetailcollision,#me_structural_wall_stone_a_07b
xmodeldetailcollision,#me_structural_wall_stone_a_08b
xmodeldetailcollision,#me_structural_wall_stone_a_09
xmodeldetailcollision,#me_trim_plaster_old_rough_damage_01_corner
xmodeldetailcollision,#me_window_double_wood_frame_01
xmodeldetailcollision,#me_window_double_wood_shutter_left_01
xmodeldetailcollision,#me_window_double_wood_shutter_right_01
xmodeldetailcollision,#metal_chain_01_wrapped
xmodeldetailcollision,#military_cp_crafting_crate_metal
xmodeldetailcollision,#military_cp_crafting_crate_wood
xmodeldetailcollision,#military_crate_slim_stackable_01
xmodeldetailcollision,#military_ied_shell_01
xmodeldetailcollision,#military_ied_shell_02
xmodeldetailcollision,#military_prop_ar_akilo47
xmodeldetailcollision,#misc_interior_soccer_ball_01
xmodeldetailcollision,#misc_interior_soccer_ball_01_des
xmodeldetailcollision,#misc_propane_rocket
xmodeldetailcollision,#misc_propane_rocket_d2
xmodeldetailcollision,#misc_tools_hammer_01
xmodeldetailcollision,#misc_tools_pliers_01
xmodeldetailcollision,#misc_tools_wrench_01
xmodeldetailcollision,#moving_crane_hook_01
xmodeldetailcollision,#mp_nova_rug_rack
xmodeldetailcollision,#offhand_wm_smartphone_on
xmodeldetailcollision,#oil_drum_big_01_blue
xmodeldetailcollision,#p7_bottle_plastic_16oz_water
xmodeldetailcollision,#p7_crate_wood_01_open
xmodeldetailcollision,#p7_wires_metal_recessed
xmodeldetailcollision,#pot_clay_02_dark
xmodeldetailcollision,#pot_clay_03_bright
xmodeldetailcollision,#pot_clay_03_piece_01_bright
xmodeldetailcollision,#pot_clay_old_01
xmodeldetailcollision,#prop_uav_radio
xmodeldetailcollision,#prop_uav_radio_destr
xmodeldetailcollision,#river_bed_dirt_pile_03
xmodeldetailcollision,#rock_cliff_scotland_02_light
xmodeldetailcollision,#rock_cliff_scotland_03_light
xmodeldetailcollision,#rock_cliff_scotland_04_light
xmodeldetailcollision,#rock_dirt_wall_eroded_01
xmodeldetailcollision,#rock_dirt_wall_eroded_01a
xmodeldetailcollision,#rock_dirt_wall_eroded_01b
xmodeldetailcollision,#rock_dirt_wall_eroded_02
xmodeldetailcollision,#rock_dirt_wall_eroded_short_01
xmodeldetailcollision,#rock_medium_scotland_01_light
xmodeldetailcollision,#rolled_tarp_01
xmodeldetailcollision,#rubble_pile_cmu_conc_corner_mid_01
xmodeldetailcollision,#rubble_pile_cmu_conc_edge_mid_01
xmodeldetailcollision,#rubble_pile_cmu_conc_edge_mid_02
xmodeldetailcollision,#rubble_pile_cmu_conc_large_01
xmodeldetailcollision,#rubble_pile_cmu_conc_large_02
xmodeldetailcollision,#rubble_pile_cmu_conc_mid_01
xmodeldetailcollision,#rubble_pile_cmu_conc_mid_02
xmodeldetailcollision,#rubble_pile_cmu_conc_small_01
xmodeldetailcollision,#sandbag_wall_pieces_arrey_mp_short_01
xmodeldetailcollision,#sandbag_wall_pieces_block_mp_01
xmodeldetailcollision,#sandbag_wall_pieces_corner_sp_01
xmodeldetailcollision,#sandbag_wall_pieces_endcap_mp_01
xmodeldetailcollision,#sandbag_wall_pieces_endcap_mp_02
xmodeldetailcollision,#sandbag_wall_pieces_endcap_sp_01
xmodeldetailcollision,#sandbag_wall_pieces_endcap_sp_02
xmodeldetailcollision,#shanty_bldg_buildkit_02_02_a
xmodeldetailcollision,#shanty_bldg_buildkit_02_03_b
xmodeldetailcollision,#shanty_bldg_buildkit_02_04_b
xmodeldetailcollision,#shanty_bldg_buildkit_02_roof_a
xmodeldetailcollision,#shanty_bldg_buildkit_03_02_a
xmodeldetailcollision,#shanty_bldg_buildkit_03_03_a
xmodeldetailcollision,#shanty_bldg_buildkit_03_roof_a
xmodeldetailcollision,#storage_chicken_coop_01
xmodeldetailcollision,#structural_bracket_iron_rusted_32_t_01
xmodeldetailcollision,#structural_bracket_iron_rusted_32_thin_01
xmodeldetailcollision,#structural_bracket_iron_rusted_32_thin_l_02
xmodeldetailcollision,#structural_bracket_iron_rusted_32_thin_l_03
xmodeldetailcollision,#structural_bracket_iron_rusted_32_x_01
xmodeldetailcollision,#structural_bracket_iron_rusted_junction_01
xmodeldetailcollision,#syrk_window_damaged_01_rvl
xmodeldetailcollision,#syrk_window_damaged_02_rvl
xmodeldetailcollision,#terrain_dirt_pile_01_light
xmodeldetailcollision,#tool_metal_nail_01
xmodeldetailcollision,#tool_portable_barrel_gas_pump_01
xmodeldetailcollision,#tool_rake_shovel_01
xmodeldetailcollision,#tool_screwdriver_01
xmodeldetailcollision,#uk_bottle_oil_small_01
xmodeldetailcollision,#uk_building_exterior_concrete_stairs_worn_02
xmodeldetailcollision,#uk_car_body_paint_filler_01_destr
xmodeldetailcollision,#uk_garage_workbench_01
xmodeldetailcollision,#uk_garage_workbench_02
xmodeldetailcollision,#uk_gas_tank_thin_cylinder_2
xmodeldetailcollision,#uk_gas_tank_thin_cylinder_2_cracked
xmodeldetailcollision,#uk_industrial_light_01
xmodeldetailcollision,#uk_industrial_light_01_on
xmodeldetailcollision,#uk_misc_car_parts_crate_01
xmodeldetailcollision,#uk_misc_car_parts_crate_01_empty
xmodeldetailcollision,#uk_misc_hand_towel_dirty_02
xmodeldetailcollision,#uk_shelf_garage_02_19x43x71
xmodeldetailcollision,#uk_shipping_crate_wood_closed_01
xmodeldetailcollision,#uk_shipping_crate_wood_open_side_01
xmodeldetailcollision,#uk_siding_metal_corrugated_01_64x88_rust_unpainted_2sided
xmodeldetailcollision,#uk_stairs_int_wood_worn_02_2step
xmodeldetailcollision,#uk_stairs_int_wood_worn_02_4step
xmodeldetailcollision,#uk_stairs_int_wood_worn_02_8step
xmodeldetailcollision,#uk_stucco_pillar_02_thin_beige
xmodeldetailcollision,#uk_tire_stack_01_dirty
xmodeldetailcollision,#uk_toilet_garage_01_destr
xmodeldetailcollision,#un_industrial_wooden_pallet_01
xmodeldetailcollision,#un_industrial_wooden_pallet_stack_01
xmodeldetailcollision,#usmc_military_backpack_01
xmodeldetailcollision,#veh8_civ_lnd_hindia_mp
xmodeldetailcollision,#veh8_civ_lnd_hindia_static
xmodeldetailcollision,#veh8_civ_lnd_hindia_static_dst
xmodeldetailcollision,#veh8_civ_lnd_techo_rebel_armor_03
xmodeldetailcollision,#veh8_civ_lnd_techo_rebel_armor_04
xmodeldetailcollision,#veh8_civ_lnd_techo_rebel_armor_06
xmodeldetailcollision,#veh8_civ_lnd_techo_rebel_armor_09
xmodeldetailcollision,#veh8_civ_lnd_techo_rebel_armor_13
xmodeldetailcollision,#veh8_civ_lnd_techo_rebel_armor_16
xmodeldetailcollision,#veh8_civ_lnd_techo_rebel_armor_static
xmodeldetailcollision,#veh8_civ_lnd_techo_rebel_static
xmodeldetailcollision,#veh8_civ_lnd_trike_cart_static
xmodeldetailcollision,#veh8_mil_air_ahotel64_blade_1
xmodeldetailcollision,#veh8_mil_air_ahotel64_dst_engine
xmodeldetailcollision,#veh8_mil_air_ahotel64_dst_landing_gear
xmodeldetailcollision,#veh8_mil_air_ahotel64_dst_rear_rotor
xmodeldetailcollision,#veh8_mil_air_ahotel64_dst_sensor
xmodeldetailcollision,#veh8_mil_air_blima_dst
xmodeldetailcollision,#veh8_mil_air_mquebec9_static_crashed_front
xmodeldetailcollision,#veh8_mil_air_mquebec9_static_crashed_scrap_01
xmodeldetailcollision,#veh8_mil_air_mquebec9_static_crashed_scrap_02
xmodeldetailcollision,#veh8_mil_air_mquebec9_static_crashed_scrap_03
xmodeldetailcollision,#veh8_mil_air_mquebec9_static_crashed_tail
xmodeldetailcollision,#veh8_mil_lnd_tango72_scan_static_barrel_dst
xmodeldetailcollision,#veh8_mil_lnd_tango72_scan_static_turret_dst
xmodeldetailcollision,#veh8_mil_lnd_umike_rebel_static
xmodeldetailcollision,#veh_civ_lnd_motorcycle_old_01
xmodeldetailcollision,#vfx_debris_metal_shrapnel_a_05
xmodeldetailcollision,#vfx_debris_metal_shrapnel_a_08
xmodeldetailcollision,#vfx_debris_metal_shrapnel_a_10
xmodeldetailcollision,#vfx_debris_metal_shrapnel_a_12
xmodeldetailcollision,#vfx_debris_metal_shrapnel_a_13
xmodeldetailcollision,#vfx_debris_metal_shrapnel_a_14
xmodeldetailcollision,#vfx_debris_metal_shrapnel_a_15
xmodeldetailcollision,#vfx_debris_metal_shrapnel_a_16
xmodeldetailcollision,#vfx_debris_rock_plaster_a_06
xmodeldetailcollision,#vfx_debris_rocks_1_g3
xmodeldetailcollision,#vfx_debris_rocks_1_g4
xmodeldetailcollision,#vfx_debris_wood_broken_1_g1
xmodeldetailcollision,#vfx_debris_wood_chip_pieces_1_g1
xmodeldetailcollision,#vfx_debris_wood_splinters_1_g1
xmodeldetailcollision,#weapon_vm_mg_zulu_23_mp_cave_static
xmodeldetailcollision,#winch_02
xmodeldetailcollision,#window_cover_set_metal_mesh_bars_96_white
xmodeldetailcollision,#window_cover_set_wood_shutters_01_48_white
xmodeldetailcollision,#window_exterior_metal_bar_c_1
xmodeldetailcollision,#window_exterior_metal_bar_flat_deco_skyblue_48
xmodeldetailcollision,#window_exterior_metal_bar_flat_horizontal_black_48
xmodeldetailcollision,#window_frames_wood_painted_single_white
xmodeldetailcollision,#window_square_old_01a
xmodeldetailcollision,#wires_electrical_set_hanging_03
xmodeldetailcollision,#zulu23_base_chains_01
streamkey,#cp_sv_cave_pm_all_loaded
streamkey,#cp_sv_cave_pm_strtree_-1
streamkey,#cp_sv_cave_pm_strtree_0
streamkey,#cp_sv_cave_pm_strtree_1
streamkey,#cp_sv_cave_pm_strtree_10
streamkey,#cp_sv_cave_pm_strtree_11
streamkey,#cp_sv_cave_pm_strtree_12
streamkey,#cp_sv_cave_pm_strtree_13
streamkey,#cp_sv_cave_pm_strtree_14
streamkey,#cp_sv_cave_pm_strtree_15
streamkey,#cp_sv_cave_pm_strtree_16
streamkey,#cp_sv_cave_pm_strtree_17
streamkey,#cp_sv_cave_pm_strtree_18
streamkey,#cp_sv_cave_pm_strtree_19
streamkey,#cp_sv_cave_pm_strtree_2
streamkey,#cp_sv_cave_pm_strtree_20
streamkey,#cp_sv_cave_pm_strtree_21
streamkey,#cp_sv_cave_pm_strtree_22
streamkey,#cp_sv_cave_pm_strtree_23
streamkey,#cp_sv_cave_pm_strtree_24
streamkey,#cp_sv_cave_pm_strtree_25
streamkey,#cp_sv_cave_pm_strtree_26
streamkey,#cp_sv_cave_pm_strtree_27
streamkey,#cp_sv_cave_pm_strtree_28
streamkey,#cp_sv_cave_pm_strtree_29
streamkey,#cp_sv_cave_pm_strtree_3
streamkey,#cp_sv_cave_pm_strtree_30
streamkey,#cp_sv_cave_pm_strtree_31
streamkey,#cp_sv_cave_pm_strtree_32
streamkey,#cp_sv_cave_pm_strtree_33
streamkey,#cp_sv_cave_pm_strtree_34
streamkey,#cp_sv_cave_pm_strtree_35
streamkey,#cp_sv_cave_pm_strtree_36
streamkey,#cp_sv_cave_pm_strtree_37
streamkey,#cp_sv_cave_pm_strtree_38
streamkey,#cp_sv_cave_pm_strtree_39
streamkey,#cp_sv_cave_pm_strtree_4
streamkey,#cp_sv_cave_pm_strtree_40
streamkey,#cp_sv_cave_pm_strtree_5
streamkey,#cp_sv_cave_pm_strtree_6
streamkey,#cp_sv_cave_pm_strtree_7
streamkey,#cp_sv_cave_pm_strtree_8
streamkey,#cp_sv_cave_pm_strtree_9
sfxpkg,#iw8_la_fallback_sfxpackage
sfxpkg,#iw8_hellfire_sfxpackage_cp
sfxpkg,#splash_grenade_mp_sfxpackage
sfxpkg,#super_default_mp_sfx_package
soundbank,#cp_sv_cave_pm.all
decalvolumematerial,#i/decal_burn_mark_01
decalvolumematerial,#i/decal_dirt_rocky_01
decalvolumematerial,#i/decal_dirt_soil_erosion_01_light
decalvolumematerial,#i/decal_footprint_sand_01
decalvolumematerial,#i/decal_grime_01
decalvolumematerial,#i/decal_mud_tire_track_light_01
decalvolumematerial,#i/decal_plus_stone_coal_soot_01
decalvolumematerial,#i/decal_rust_01
decalvolumematerial,#i/decal_stain_leaking_01_dark
decalvolumematerial,#i/decal_stain_leaking_02_dark
decalvolumematerial,#i/vfx_decal_glass_debris_ground
image,#vfx_decal_ice_crack_grow_1_c~12539926588791917035
decalvolumematerial,#i/vfx_decal_ice_crack_1
stterrain,#cp_sv_cave_pm
decalvolumemask,#decal_mask_burn_01
decalvolumemask,#decal_mask_burn_04
decalvolumemask,#decal_mask_burn_05
decalvolumemask,#decal_mask_scatter_01_c
decalvolumemask,#decal_mask_scatter_02_c
decalvolumemask,#decal_mask_scatter_03_c
decalvolumemask,#decal_mask_scatter_04_c
decalvolumemask,#decal_mask_scatter_05_c
decalvolumemask,#decal_mask_scatter_07_c
decalvolumemask,#decal_mask_scatter_08_c
decalvolumemask,#decal_mask_scatter_09_c
decalvolumemask,#decal_mask_scatter_10_c
decalvolumemask,#decal_mask_scatter_11_c
decalvolumemask,#decal_mask_stain_02_c
decalvolumemask,#decal_mask_stain_03_c
decalvolumemask,#decal_mask_stain_04_c
decalvolumemask,#decal_mask_stain_07_c
decalvolumemask,#decal_mask_stencil_rectangle_softedge
fx_map_trzone,#cp_sv_cave_pm
edgelist,#mapedgelist_00000
material,#mo/sling_backpack_01
xmodel,#accessory_sling_backpack_01
material,#mo/machinery_ammo_press_01
xmodel,#ammo_press_die_01
xmodel,#ammo_press_die_bin_01
xmodel,#ammo_press_die_bin_01_full
material,#mo/attachment_wm_tac_light
material,#mo/attachment_wm_tac_light_glass
xmodel,#attachment_wm_tac_light_held
scriptable,#soldier_scriptable_base
proceduralbones,#procedural_femalehero_acc
material,#mo/civ_london_female_blue_athletic_jacket_a
material,#mo/civ_london_female_blue_jeans_tan
material,#mo/al_qatala_desert_09_leg
material,#mo/civ_london_female_trainers_02
material,#mo/base_female_arm_l
material,#mo/civ_london_female_green_jacket
material,#mo/body_civ_london_female_6_2_lod1
physicsasset,#iw8_ragdoll_human_female
xmodel,#body_civ_london_female_6_2
proceduralbones,#procedural_male_vest_acc
dynamicbones,#dynamic_mp_western_firearm_west_dynamic
material,#mco/sas_urban_crye_pants
material,#mco/sas_urban_crye_shirt
material,#mco/sas_urban_vest
material,#mco/sas_urban_cqc_dropleg_holster
material,#mco/sas_urban_boots
material,#mco/sas_urban_hydration_pack
material,#mco/sas_urban_molle_dropleg
material,#mco/sas_urban_ar_mag_pouch
material,#mco/gun_sling
material,#mco/fireteam_west_gloves_legal
material,#mco/m18_smoke_grenade
material,#mco/sas_urban_pistol_mag_pouch
material,#mco/sas_urban_medical_pouch_stencil_a
material,#mco/sas_urban_id_pouch
material,#mco/sas_urban_radio_pouch
material,#mco/sas_urban_grenade_pouch
material,#mo/radio
material,#mco/plastic_handcuffs_a_yellow
material,#mco/ar_mag
material,#mco/sas_urban_hydration_nozzle_a
material,#mco/smg_pistol_mag
material,#mco/sas_urban_large_buckle_02
material,#mco/fireteam_west_patch
material,#mco/stencil_patch_urban_z20
material,#mco/hero_alex_carabiner_a
material,#mco/sas_urban_velcro_band
material,#mco/gun_sling_buckle
material,#mco/usmc_ir_patch
material,#mco/usmc_grenade_top
physicsasset,#iw8_ragdoll_human_male
xmodel,#body_mp_western_fireteam_west_ar_1_1
material,#mco/sas_urban_crye_pants_smg
material,#mco/sas_urban_sniper_pouch
material,#mco/sas_urban_dump_pouch_stencil_a
material,#mco/fireteam_west_gloves_green_legal
material,#mco/sas_urban_pouch_large_stencil_a
material,#mco/sas_urban_dump_pouch_rolled
material,#mco/tourniquet_rolled
material,#mco/stencil_patch_urban_m31
material,#mco/electrical_tape_a
material,#mco/price_carabiner_black
xmodel,#body_mp_western_fireteam_west_dmr_1_1
proceduralbones,#procedural_male_gun_acc
dynamicbones,#dynamic_mp_western_firearm_west_lmg
material,#mco/sas_urban_crye_pants_lmg
material,#mco/sas_urban_lmg_pouch_stencil_a
material,#mco/sas_urban_shoulders_lmg
material,#mco/sas_urban_lmg_kneepad
material,#mco/sas_urban_hydration_stencil_a
material,#mco/sas_urban_crouch_guard_stencil_a
material,#mco/sas_urban_neck_guard_green
material,#mco/price_holster_black_stencil_a
material,#mco/holster_extender
material,#mco/sas_urban_flash_grenade_pouch
material,#mco/buckle_master_coyote
material,#mco/buckle_master_urban
material,#mco/stencil_patch_urban_k17
material,#mco/flash_grenade_01
xmodel,#body_mp_western_fireteam_west_lmg_1_1
material,#mco/sas_urban_smg_pouch
material,#mco/sas_urban_radio_pouch_stencil_a
material,#mco/stencil_patch_urban_d09
material,#mco/chemlight_a_yellow
material,#mco/chemlight_a_ir
xmodel,#body_mp_western_fireteam_west_smg_1_1
material,#mo/bucket_rusted_empty_01
xmodel,#bucket_rusted_empty_01
material,#mo/cinderblock_01
material,#mo/cinderblock_01_lod
xmodel,#cinderblock_01_01
xmodel,#cinderblock_01_01_clip
xmodel,#cinderblock_01_destr_s1_f1
xmodel,#cinderblock_01_destr_s1_f2
xmodel,#cinderblock_01_destr_s1_f3
xmodel,#cinderblock_01_destr_s1_f4
material,#mo/concrete_cinder_block_base_tan
xmodel,#cinderblock_wall_endcap_01_24_clip
material,#mco/concrete_cinder_block_base_tan
material,#mco/cinderblock_01
xmodel,#cinderblock_wall_endcap_01_24_destr_s1_f1
xmodel,#cinderblock_wall_endcap_01_24_destr_s1_f10
xmodel,#cinderblock_wall_endcap_01_24_destr_s1_f11
xmodel,#cinderblock_wall_endcap_01_24_destr_s1_f12
xmodel,#cinderblock_wall_endcap_01_24_destr_s1_f13
xmodel,#cinderblock_wall_endcap_01_24_destr_s1_f14
xmodel,#cinderblock_wall_endcap_01_24_destr_s1_f15
xmodel,#cinderblock_wall_endcap_01_24_destr_s1_f16
xmodel,#cinderblock_wall_endcap_01_24_destr_s1_f2
xmodel,#cinderblock_wall_endcap_01_24_destr_s1_f3
xmodel,#cinderblock_wall_endcap_01_24_destr_s1_f4
xmodel,#cinderblock_wall_endcap_01_24_destr_s1_f5
xmodel,#cinderblock_wall_endcap_01_24_destr_s1_f6
xmodel,#cinderblock_wall_endcap_01_24_destr_s1_f7
xmodel,#cinderblock_wall_endcap_01_24_destr_s1_f8
xmodel,#cinderblock_wall_endcap_01_24_destr_s1_f9
xmodel,#cinderblock_wall_topper_01_16
xmodel,#cinderblock_wall_topper_01_16_destr_s1_f1
xmodel,#cinderblock_wall_topper_01_16_destr_s1_f2
xmodel,#cinderblock_wall_topper_01_16_destr_s1_f3
xmodel,#cinderblock_wall_topper_01_16_destr_s1_f4
xmodel,#cinderblock_wall_topper_01_16_destr_s1_f5
material,#mo/mtl_masking_tape
xmodel,#com_duct_tape_1
material,#mo/debris_junk_tire_01_dirty
xmodel,#com_junktire_dirty
material,#mo/container_gas_tank_01
xmodel,#container_gas_tank_01
material,#mo/cp_rave_bathroom_sink
xmodel,#cp_rave_bathroom_sink
material,#mo/debris_stone_blocks_damage_01
xmodel,#debris_stone_blocks_03
xmodel,#debris_stone_blocks_05
material,#mso/syrkistan_cafe_sheesha
material,#mo/syrkistan_cafe_sheesha
material,#mo/syrkistan_cafe_sheesha_glass_green_01
xmodel,#decor_cafe_sheesha_damaged_silver
material,#mo/syrkistan_cafe_sheesha_glass_01
xmodel,#decor_cafe_sheesha_damaged_silver_s1_f1
xmodel,#decor_cafe_sheesha_damaged_silver_s1_f2
xmodel,#decor_cafe_sheesha_damaged_silver_s1_f3
xmodel,#decor_cafe_sheesha_damaged_silver_s1_f4
xmodel,#decor_cafe_sheesha_damaged_silver_s1_f5
material,#mo/decor_containers_01
material,#mo/decor_containers_01_blue_in
material,#mo/decor_containers_01_blue
xmodel,#decor_containers_01_small_blue
xmodel,#decor_containers_01_small_destr_blue
material,#mo/decor_containers_01_gray_in
material,#mo/decor_containers_01_gray
xmodel,#decor_containers_01_small_destr_gray
xmodel,#decor_containers_01_small_gray
material,#mo/decor_drying_rack_01
xmodel,#decor_drying_rack_01_cup_01
xmodel,#decor_drying_rack_01_cup_01_s1_f1
xmodel,#decor_drying_rack_01_cup_01_s1_f2
xmodel,#decor_drying_rack_01_cup_01_s1_f3
xmodel,#decor_drying_rack_01_plate_01
xmodel,#decor_drying_rack_01_plate_01_s1_f1
xmodel,#decor_drying_rack_01_plate_01_s1_f2
xmodel,#decor_drying_rack_01_plate_01_s1_f3
xmodel,#decor_drying_rack_01_plate_02
xmodel,#decor_drying_rack_01_plate_02_s1_f1
xmodel,#decor_drying_rack_01_plate_02_s1_f2
xmodel,#decor_drying_rack_01_plate_02_s1_f3
xmodel,#decor_drying_rack_01_plate_03
xmodel,#decor_drying_rack_01_plate_03_s1_f1
xmodel,#decor_drying_rack_01_plate_03_s1_f2
xmodel,#decor_drying_rack_01_plate_03_s1_f3
material,#mo/decor_misc_props_01_glass_02
material,#mo/decor_misc_props_01_glass_01
xmodel,#decor_misc_props_01_bottle
xmodel,#decor_misc_props_01_bottle_destr_s1_f3
xmodel,#decor_misc_props_01_bottle_destr_s1_f4
material,#mo/decor_misc_props_01
xmodel,#decor_misc_props_01_jar_cap_destr
xmodel,#decor_misc_props_01_jar_small
material,#mo/decor_plastic_buckets_01_blue
xmodel,#decor_plastic_buckets_01_big_blue
material,#mo/decor_plastic_buckets_01_white
xmodel,#decor_plastic_buckets_01_big_white
material,#mo/decor_serving_tray_01_gray
material,#mo/decor_serving_tray_01_decals
xmodel,#decor_serving_tray_01_single_gray
material,#mo/decor_shoes_02
xmodel,#decor_shoes_01_sandals_female_brown_left
xmodel,#decor_shoes_01_sandals_female_brown_right
xmodel,#decor_shoes_01_sandals_male_blue_left
xmodel,#decor_shoes_01_sandals_male_blue_right
material,#mo/decor_shoes_01
xmodel,#decor_shoes_01_sandals_male_brown_left
xmodel,#decor_shoes_01_sandals_male_brown_right
material,#mo/mtl_farm_tools_iw6_512
xmodel,#dns_tool_hammer01_iw6
material,#mo/dogtags_iw7_friend
material,#mo/dogtags_iw7_tech_scroll_fr
material,#mo/dogtags_iw7_rim_fill_fr
xmodel,#dogtags_iw7_friend
material,#m2o/door_wood_ornate_01_mp_blue
xmodel,#door_wood_ornate_01_blue_double_l
xmodel,#door_wood_ornate_01_blue_double_l_nophysics
xmodel,#door_wood_ornate_01_blue_double_r
xmodel,#door_wood_ornate_01_blue_double_r_nophysics
material,#mo/ee_construction_tool_box_metal_01
xmodel,#ee_construction_tool_box_metal_01_destr
material,#m2o/ee_fence_trainyard_gate
material,#m2o/ee_fence_trainyard_gate_wire_fence
material,#m2o/ee_fence_trainyard_gate_lod
xmodel,#ee_fence_trainyard_gate_left_animated
xmodel,#ee_fence_trainyard_gate_right_animated
material,#mco/ee_industrial_light_hanging_cave_on
xmodel,#ee_industrial_light_hanging_cave_on
material,#mco/ee_industrial_light_hanging_off
xmodel,#ee_industrial_light_hanging_off
material,#mco/ee_industrial_light_hanging_on
xmodel,#ee_industrial_light_hanging_on
material,#mo/ee_light_fixture_wall_mounted
material,#mo/ee_light_fixture_wall_mounted_glass
xmodel,#ee_light_fixture_wall_mounted_03
material,#mo/ee_light_fixture_wall_mounted_lit
xmodel,#ee_light_fixture_wall_mounted_03_lit
xmodel,#ee_light_fixture_wall_mounted_04
xmodel,#ee_light_fixture_wall_mounted_04_lit
material,#mo/ee_light_mounted_exterior_industrial_caged_01_on_green
xmodel,#ee_light_mounted_exterior_industrial_caged_02_on_green
material,#mo/ee_light_mounted_exterior_industrial_caged_01_spear_pm
xmodel,#ee_light_mounted_exterior_industrial_caged_02_spear_pm
material,#mo/ee_light_mounted_exterior_industrial_caged_01_spear_pm_on
xmodel,#ee_light_mounted_exterior_industrial_caged_02_spear_pm_on
material,#mo/electrical_conduit_set_metal
xmodel,#electrical_conduit_set_electrical_box_03
xmodel,#electrical_conduit_set_electrical_box_big
material,#mco/electrical_conduit_set_metal_ds
material,#mo/electrical_conduit_set_metal_ds
material,#mo/electrical_conduit_set_plastic_ds
xmodel,#electrical_conduit_set_electrical_box_big_destr
xmodel,#electrical_conduit_set_electrical_box_medium
material,#mo/equipment_box_fan
material,#mso/equipment_box_fan
material,#mo/equipment_box_fan_streamers
xmodel,#equipment_box_fan_anim
xmodel,#equipment_box_fan_s1_f1
xmodel,#equipment_box_fan_s1_f2
xmodel,#equipment_box_fan_s1_f3
material,#mo/equipment_military_radio_old_black_06
material,#mo/equipment_military_radio_old_black_06_glass
xmodel,#equipment_military_radio_old_06
material,#mo/equipment_mortar_shell_improvised_02_bare
xmodel,#equipment_mortar_shell_improvised_02_bare
xmodel,#equipment_mortar_shell_improvised_02b_bare
material,#mo/equipment_propane_burner_stove_01_red
xmodel,#equipment_propane_burner_stove_01_red
xmodel,#equipment_propane_burner_stove_01_red_destr_d1
material,#m2o/equipment_satellite_dish_01_plastic
material,#m2o/equipment_satellite_dish_01_metal
material,#m2o/equipment_satellite_dish_01_black
material,#m2o/equipment_satellite_dish_01_decal_02
material,#m2o/equipment_satellite_dish_01_decal_01
material,#m2o/equipment_satellite_dish_01_decal_03
material,#m2o/equipment_satellite_dish_01_metal_lod
xmodel,#equipment_satellite_dish_01_lrg
xmodel,#equipment_satellite_dish_01_lrg_destr
material,#m2o/equipment_satellite_dish_01_new_01
material,#mo/equipment_satellite_dish_01_decal_01
material,#mo/equipment_satellite_dish_01_decal_03
material,#m2o/equipment_satellite_dish_01_new_01_lod
xmodel,#equipment_satellite_dish_01_sml
xmodel,#equipment_satellite_dish_01_sml_destr
material,#mco/equipment_tv_01_combined
xmodel,#equipment_tv_01
material,#mo/equipment_tv_01
material,#mo/equipment_tv_01_glass_destr
xmodel,#equipment_tv_01_destr
xmodel,#equipment_tv_01_destr_s1_f1
xmodel,#equipment_tv_01_destr_s1_f2
xmodel,#equipment_tv_01_destr_s1_f3
xmodel,#equipment_tv_01_destr_s1_f4
material,#mo/generic_tv_static_gw_ghosttease1
xmodel,#equipment_tv_01_screen_gw_ghosttease1
material,#mo/electronics_train_control_monitor_static
xmodel,#equipment_tv_01_screen_static
material,#mo/food_cans_bottles_and_jars_01_metal
xmodel,#food_cans_bottles_and_jars_can_01
material,#mo/food_cans_bottles_and_jars_01
material,#mo/food_cans_bottles_and_jars_03
material,#mo/food_cans_bottles_and_jars_02
xmodel,#food_cans_bottles_and_jars_jar_02
xmodel,#food_cans_bottles_and_jars_jar_03
material,#elcq/vfx_postfx_glow_round_3
material,#elcq/vfx_postfx_flare_streak_1
material,#elc/vfx_debug_test_1
vfx,#vfx/iw7/_requests/mp/power/vfx_splash_grenade_light_en
vfx,#vfx/iw7/_requests/mp/power/vfx_splash_grenade_light_fr
vfx,#vfx/iw8/core/molotov/vfx_molotov_explosion
scriptable,#power_mp_splashgrenade
material,#mo/do_not_use
xmodel,#frag_grenade_wm
material,#mo/civ_syrkistan_brown_sweater_male_a
material,#mo/civ_syrkistan_brown_cargo_pants_male_b
material,#mo/al_qatala_sandal
material,#mo/head_sc_m_kargorgis
material,#mo/al_qatala_leg
material,#mo/base_male_arm_l_skintone_02_dust
material,#mo/head_shared_inside_mouth
material,#mo/head_sc_m_kargorgis_eyes
material,#mo/head_shared_eyelashes
xmodel,#fullbody_civ_syrkistan_male_8_1_carry
material,#mo/head_sc_f_daly_haircard
material,#mo/head_sc_f_daly
material,#mo/head_sc_f_daly_eyes
xmodel,#fullbody_female_morales_carry
material,#mo/flight_suit_pants
material,#mo/spetsnaz_ar_vest
material,#mo/flight_suit_shirt
material,#mo/pilot_helmet
material,#mo/hero_alex_boot_a
material,#mo/hero_alex_arm_l
material,#mo/pilot_gloves_gray
material,#mo/spetsnaz_id_pouch
material,#mo/devil_dogs_v2_rolled_sleeves
material,#mo/spetsnaz_med_pouch
material,#mo/hero_alex_arm_r
material,#mo/kyle_desert_watch
material,#mo/disk_strobe
material,#mo/flag_patch_uk
material,#mo/buckle_master_urban
material,#mo/pararescue_altimeter_glass
material,#mo/pilot_helmet_glass
xmodel,#fullbody_pilot_helicopter_british_carry
material,#mo/furniture_plastic_stool
xmodel,#furniture_plastic_stool_white
xmodel,#furniture_plastic_stool_white_s1_f1
xmodel,#furniture_plastic_stool_white_s1_f2
xmodel,#furniture_plastic_stool_white_s1_f3
xmodel,#furniture_plastic_stool_white_s1_f4
xmodel,#furniture_plastic_stool_white_s1_f5
material,#mo/com_glass_shattered_piece
xmodel,#fx_glass_piece01
material,#mo/mtl_fx_shell
physicsasset,#vfx_rifle_shell
xmodel,#fx_rifle_shell
material,#m2o/plywood_dirty_01
material,#m2o/wood_plywood_edge_trim_01_dirty
xmodel,#hardware_plywood_bare_01_24_dirty
material,#mo/head_sc_m_green
material,#mo/sas_urban_fast_helmet
material,#mo/sas_urban_headset
material,#mo/callsign_20
material,#mo/head_sc_m_green_eyes
material,#mo/usmc_ir_patch
material,#mo/fireteam_west_blood_patches_a
xmodel,#head_mp_western_fireteam_west_ar_1_1
material,#mo/head_sc_m_ferragamo
material,#mo/sas_urban_cap
material,#mo/head_sc_m_ferragamo_beardcard
material,#mo/head_sc_m_ferragamo_eyes
material,#mso/head_shared_eyelashes
xmodel,#head_mp_western_fireteam_west_dmr_1_1
material,#mo/sas_urban_helmet_stencil_a
material,#mo/head_sc_m_colvin
material,#mo/sas_urban_helmet_rail
material,#mo/sas_urban_light
material,#mo/usmc_helmet_velcro
material,#mo/usmc_shroud
material,#mo/head_sc_m_colvin_eyes
xmodel,#head_mp_western_fireteam_west_lmg_1_1
material,#mo/head_sc_m_valladares
material,#mo/callsign_09
material,#mo/head_sc_m_valladares_eyes
xmodel,#head_mp_western_fireteam_west_smg_1_1
material,#mo/head_sc_f_daly_opt
material,#mo/head_shared_inside_mouth_opt
material,#mo/head_sc_f_daly_eyes_opt
xmodel,#head_sc_f_daly_carry
material,#mo/kitchen_01_food_01
xmodel,#kitchen_01_pan_food_01
material,#mo/kitchen_01
xmodel,#kitchen_01_teapot_01
xmodel,#kitchen_01_teapot_01_destr_s1_f1
xmodel,#kitchen_01_teapot_01_destr_s1_f2
xmodel,#kitchen_01_teapot_01_destr_s1_f3
xmodel,#kitchen_01_teapot_01_destr_s1_f4
material,#mo/me_construction_plank_bridge_b
material,#mo/me_construction_plank_bridge_b_lod
xmodel,#me_construction_plank_bridge_a_11
material,#mo/me_decor_wood_container_01
xmodel,#me_decor_wood_container_01
material,#mo/me_decor_wood_container_02
xmodel,#me_decor_wood_container_02
material,#mo/me_electric_generator_01
xmodel,#me_electric_generator_01
material,#mo/me_electrical_box_small_01
xmodel,#me_electrical_box_small_01
material,#mo/building_tarps_doorways_cloth_02_alpha_white
xmodel,#me_fabric_hanging_tarps_a_06_dynamics
material,#mo/building_tarps_doorways_cloth_01_alpha_green
xmodel,#me_fabric_hanging_tarps_a_07_dynamics
xmodel,#me_fabric_hanging_tarps_a_08_dynamics
material,#mo/building_tarps_doorways_cloth_03_alpha_blue
xmodel,#me_fabric_hanging_tarps_a_09_dynamics
xmodel,#me_fabric_hanging_tarps_a_11_dynamics
material,#mo/misc_spare_tire_small_01_rubber
xmodel,#me_garbage_tire_spare_01
material,#mo/me_instrument_oud_guitar_01
xmodel,#me_instrument_oud_guitar_01
material,#m2o/me_kitchen_cabinet_long_01_tile
material,#m2o/me_kitchen_cabinet_long_01
xmodel,#me_kitchen_cabinet_door_left_01
xmodel,#me_kitchen_cabinet_door_right_01
material,#mo/me_light_ceiling_fluorescent_tube
material,#mo/me_light_ceiling_fluorescent_tube_off
xmodel,#me_light_ceiling_fluorescent_tube_strong_runner_pm
material,#mo/me_light_ceiling_fluorescent_tube_on_strong_runner_pm
xmodel,#me_light_ceiling_fluorescent_tube_strong_runner_pm_on
material,#mo/me_structural_wall_stone_a_01
xmodel,#me_structural_wall_stone_a_08
material,#mo/me_structural_wall_stone_a_01b
xmodel,#me_structural_wall_stone_a_08b
xmodel,#me_structural_wall_stone_a_09
xmodel,#me_structural_wall_stone_a_09b
material,#mo/metal_chains_01
material,#mo/tool_security_padlock_01
xmodel,#metal_chain_01_wrapped
material,#mo/misc_interior_soccer_ball_01
xmodel,#misc_interior_soccer_ball_01
xmodel,#misc_interior_soccer_ball_01_des
material,#mo/decor_propane_tank_01_fa
material,#mo/misc_propane_rocket_m1
xmodel,#misc_propane_rocket
xmodel,#misc_propane_rocket_d2
material,#mo/misc_tools_hammer_01
xmodel,#misc_tools_hammer_01
material,#mco/misc_tools_pliers_01
xmodel,#misc_tools_pliers_01
material,#mo/misc_tools_wrench_01
xmodel,#misc_tools_wrench_01
material,#mo/offhand_smartphone_body
material,#mo/offhand_smartphone_glass
physicsasset,#offhand_wm_smartphone
xmodel,#offhand_wm_smartphone_on
material,#mo/mtl_p7_bottle_plastic_16oz_water_backlit
material,#mo/mtl_p7_bottle_plastic_16oz_water_opaque
material,#mo/mtl_p7_bottle_plastic_16oz_water
xmodel,#p7_bottle_plastic_16oz_water
material,#mo/pot_clay_01_dark
xmodel,#pot_clay_01_dark
material,#mo/pot_clay_02_dark
xmodel,#pot_clay_02_dark
xmodel,#pot_clay_02_dark_destr_s1_f1
xmodel,#pot_clay_02_dark_destr_s1_f2
xmodel,#pot_clay_02_dark_destr_s1_f3
xmodel,#pot_clay_02_dark_destr_s1_f4
material,#mo/pot_clay_03_bright
xmodel,#pot_clay_03_bright
xmodel,#pot_clay_03_piece_01_bright
material,#mo/pot_clay_01_bright
xmodel,#pot_clay_old_01
xmodel,#pot_clay_old_01_dark_s1_f1
xmodel,#pot_clay_old_01_dark_s1_f2
xmodel,#pot_clay_old_01_dark_s1_f3
xmodel,#pot_clay_old_01_dark_s1_f4
xmodel,#pot_clay_old_01_dark_s1_f5
xmodel,#pot_clay_old_01_s1_f1
xmodel,#pot_clay_old_01_s1_f2
xmodel,#pot_clay_old_01_s1_f3
xmodel,#pot_clay_old_01_s1_f4
xmodel,#pot_clay_old_01_s1_f5
material,#mo/mtl_uav_radio
xmodel,#prop_uav_radio
material,#mco/mtl_uav_radio
xmodel,#prop_uav_radio_destr
material,#tmco/mtl_steel_ladder
material,#tmo/mtl_steel_ladder
xmodel,#tm/afr_busted_steel_ladder
material,#tmo/me_construction_plank_bridge_b
xmodel,#tm/awning_wood_support_beam_01
xmodel,#tm/awning_wood_support_beam_02
xmodel,#tm/awning_wood_support_beam_03
material,#tmo/bag_canvas_arabic_01
xmodel,#tm/bag_canvas_arabic_01_flat
material,#tm2o/barrier_traffic_concrete_block_01
xmodel,#tm/barrier_traffic_concrete_block_01
material,#tmo/box_wooden_grenade_01
material,#tmo/box_wooden_grenade_01_decals
xmodel,#tm/box_wooden_grenade_01
material,#tm2o/building_awning_rusted_metal
material,#tm2o/building_awning_rusted_metal_01
material,#tm2o/building_awning_rusted_metal_alpha
material,#tmco/building_awning_rusted_metal_proxy
xmodel,#tm/building_awning_rusted_flat_64
material,#tmco/building_awning_tarp_set
material,#tmco/metal_paint_wear
material,#tmco/building_awning_tarp_set_worn
xmodel,#tm/building_awning_tarp_128x32x64_03
material,#tmo/metal_paint_wear
xmodel,#tm/building_awning_tarp_64x32x64_03
material,#tmco/building_awning_tarp_set_tarpaulin_orange
material,#tmco/building_awning_tarp_set_tarpaulin_worn_orange
xmodel,#tm/building_awning_tarp_64x32x64_03_tarpaulin_orange
material,#tmco/building_balcony_rail_white
xmodel,#tm/building_balcony_rail_01_pattern_white_straight_32
xmodel,#tm/building_balcony_rail_01_pattern_white_straight_64
material,#tmo/building_cable_post_wood_metal
material,#tmo/building_cable_post_wire
xmodel,#tm/building_cable_post_solo
material,#tmco/building_cable_post_wood_metal_combined
material,#tmco/building_cable_post_wood_metal
xmodel,#tm/building_cable_post_wood
xmodel,#tm/building_cable_post_wood_cross
xmodel,#tm/building_cable_post_wood_pole_30_feet
material,#tm2o/building_metal_corrugated_set_01
material,#tmo/li_mtl_building_corrugated_metal4x4_proxy
xmodel,#tm/building_corrugated_metal4x4
material,#tm2o/building_metal_corrugated_set_01_alpha
xmodel,#tm/building_corrugated_metal4x4_holes
material,#tmo/building_metal_corrugated_set_01_lodx
xmodel,#tm/building_corrugated_metal4x8_holes
material,#tmo/building_door_wood_worn_out_01
material,#tmo/building_door_wood_worn_out_01_decals
material,#tmo/building_door_wood_worn_out_01_lod
xmodel,#tm/building_door_wood_worn_out_01
material,#tmo/building_door_wood_worn_out_01_decals_longfalloff
xmodel,#tm/building_door_wood_worn_out_02
xmodel,#tm/building_door_wood_worn_out_frame_01
xmodel,#tm/building_door_wood_worn_out_frame_02
material,#tmco/building_doorframe_woodplaster_01_a
material,#tmco/building_doorframe_woodplaster_01
xmodel,#tm/building_doorframe_woodplaster_01
material,#tmo/building_drain_pipes_01
xmodel,#tm/building_drain_pipes_02
material,#tmco/building_hanging_tarps_blue
xmodel,#tm/building_hanging_tarps_01_blue_no_alpha
material,#tmco/building_hanging_tarps_white
material,#tmco/building_hanging_tarps_alpha_white
xmodel,#tm/building_hanging_tarps_02_white
material,#tmo/building_horse_stall_props_01
material,#tmo/building_horse_stall_props_01_metal
material,#tmo/building_horse_stall_props_01_decals
xmodel,#tm/building_horse_door_frame_01
material,#tmo/building_roof_lip_01_tan
xmodel,#tm/building_roof_lip_01_tan_128
xmodel,#tm/building_roof_lip_01_tan_16
xmodel,#tm/building_roof_lip_01_tan_32
xmodel,#tm/building_roof_lip_01_tan_48
xmodel,#tm/building_roof_lip_01_tan_64
xmodel,#tm/building_roof_lip_01_tan_8
xmodel,#tm/building_roof_lip_01_tan_corner_inside
xmodel,#tm/building_roof_lip_01_tan_corner_outside
material,#tmo/building_support_wood_beam_04
material,#tmo/building_support_wood_beam_04_lod
xmodel,#tm/building_support_wood_beam_01_piece_01
xmodel,#tm/building_support_wood_beam_01_piece_02
material,#tmo/building_support_wood_beam_05
material,#tmo/building_support_wood_beam_05_lod
xmodel,#tm/building_support_wood_beam_01_piece_03
xmodel,#tm/building_support_wood_beam_01_piece_04
material,#tm2o/building_support_wood_beam_04
material,#tm2o/building_support_wood_beam_04_lod
xmodel,#tm/building_support_wood_beam_04_re_size
xmodel,#tm/building_support_wood_beam_04_re_size_small
material,#tm2o/building_support_wood_beam_05
material,#tm2o/building_support_wood_beam_05_lod
xmodel,#tm/building_support_wood_beam_05_re_size
xmodel,#tm/building_support_wood_beam_05_re_size_small
material,#tmco/building_tarps_doorways_cloth_01_green
xmodel,#tm/building_tarps_doorways_cloth_01_anim_green_no_alpha
material,#tmo/building_tarps_doorways_cloth_02_white
material,#tmo/building_tarps_doorways_cloth_02_alpha_white
xmodel,#tm/building_tarps_doorways_cloth_02_white
material,#tmco/concrete_cinder_block_base_tan_model_no_secondary
xmodel,#tm/building_wall_broken_cap_128x16_01_tan
material,#tmco/concrete_cinder_block_messy_tan_01_model_no_secondary
xmodel,#tm/building_wall_broken_cap_128x16_01_tan2
xmodel,#tm/building_wall_broken_cap_128x16_02_tan
xmodel,#tm/building_wall_broken_cap_128x16_02_tan2
xmodel,#tm/building_wall_broken_cap_128x16_04_tan
xmodel,#tm/building_wall_broken_cap_128x16_04_tan2
xmodel,#tm/building_wall_broken_cap_128x8_01_tan
xmodel,#tm/building_wall_broken_cap_128x8_03_tan
xmodel,#tm/building_wall_broken_cap_128x8_03_tan2
xmodel,#tm/building_wall_broken_cap_64x16_01_tan
xmodel,#tm/building_wall_broken_cap_64x16_01_tan2
xmodel,#tm/building_wall_broken_cap_64x16_02_tan
xmodel,#tm/building_wall_broken_cap_64x16_02_tan2
xmodel,#tm/building_wall_broken_corner_24x24_01_tan
xmodel,#tm/building_wall_broken_corner_24x24_02_tan2
xmodel,#tm/building_wall_broken_corner_48x48_01_tan2
xmodel,#tm/building_wall_broken_corner_48x48_02_tan
xmodel,#tm/building_wall_broken_corner_48x48_02_tan2
xmodel,#tm/building_wall_broken_corner_64x48_01_tan2
xmodel,#tm/building_wall_broken_edge_32x128_01_tan
xmodel,#tm/building_wall_broken_edge_32x128_01_tan2
xmodel,#tm/building_wall_broken_edge_48x128_01_tan
xmodel,#tm/building_wall_broken_edge_48x128_01_tan2
material,#tmo/building_wall_corner_brick_02
xmodel,#tm/building_wall_corner_brick_02_128
material,#tmo/window_square_old_01
material,#tmo/plaster_old_rough_02
material,#tmco/plaster_old_rough_02_dec
material,#tmco/plaster_old_rough_02
xmodel,#tm/building_wall_window_brick_01
xmodel,#tm/building_wall_window_brick_broken_01
material,#tmo/wires_hanging_01
material,#tmo/wires_hanging_01_yellow
material,#tmo/wires_hanging_01_red
xmodel,#tm/cave_wires_ceiling_01
xmodel,#tm/cave_wires_ceiling_01b
xmodel,#tm/cave_wires_ceiling_01c
xmodel,#tm/cave_wires_ground_01
material,#tm2o/uk_shipping_crate_wood_01
material,#tm2o/uk_shipping_crate_wood_01_lod
material,#tmo/uk_shipping_crate_wood_lod1
xmodel,#tm/ch_crate24x32x48
xmodel,#tm/ch_crate24x32x48_open
xmodel,#tm/ch_crate24x32x64
xmodel,#tm/ch_crate48x64
xmodel,#tm/ch_crate72x64
xmodel,#tm/ch_crate72x64_open
material,#tmo/cinderblock_01
material,#tmo/cinderblock_01_lod
xmodel,#tm/cinderblock_01_01
xmodel,#tm/cinderblock_stacked_01
material,#tmo/concrete_cinder_block_base_tan
xmodel,#tm/cinderblock_wall_endcap_01_24
material,#tmco/cinderblock_02_combined
xmodel,#tm/cinderblock_wall_endcap_02_32
xmodel,#tm/cinderblock_wall_topper_01_08
xmodel,#tm/cinderblock_wall_topper_01_16
xmodel,#tm/cinderblock_wall_topper_01_32
material,#tmco/cinderblock_01_combined
xmodel,#tm/cinderblock_wall_topper_01_48
xmodel,#tm/cinderblock_wall_topper_01_64
material,#tmo/concrete_cinder_block_messy_tan_01
xmodel,#tm/cinderblock_wall_topper_02_08
xmodel,#tm/cinderblock_wall_topper_02_16
xmodel,#tm/cinderblock_wall_topper_02_32
xmodel,#tm/cinderblock_wall_topper_02_48
xmodel,#tm/cinderblock_wall_topper_02_64
material,#tmo/debris_junk_tire_01_dirty
xmodel,#tm/com_junktire_dirty
material,#tmo/mtl_com_powerline_tower
xmodel,#tm/com_powerline_tower
material,#tmo/mtl_powertower_wires
xmodel,#tm/com_powerline_tower_wire_le1
material,#tmo/mtl_p7_conduit_metal_outlets
xmodel,#tm/conduit_metal_outlet_box
material,#tmo/construction_wood_lath_01
xmodel,#tm/construction_wood_lath_01_lrg_beam
material,#tm2co/container_barrel_plastic_01_closed_blue
material,#tmco/container_barrel_plastic_01_closed_blue
xmodel,#tm/container_barrel_plastic_01_closed
material,#tm2co/container_barrel_plastic_01_closed_black
material,#tmco/container_barrel_plastic_01_closed_black
xmodel,#tm/container_barrel_plastic_01_closed_black
material,#tm2co/container_barrel_plastic_01_closed_white
material,#tmco/container_barrel_plastic_01_closed_white
xmodel,#tm/container_barrel_plastic_01_closed_white
material,#tm2o/water_tank_industrial_caged
material,#tmo/water_tank_industrial_caged_parts
material,#tm2o/water_tank_industrial_caged_lod
xmodel,#tm/container_water_industrial_caged_01
material,#tm2co/corner_damage_alt_02
material,#tm2co/corner_damage_alt_02a
material,#tm2co/corner_damage_alt_02_lod
material,#tm2co/corner_damage_alt_02a_lod
xmodel,#tm/corner_damage_02
xmodel,#tm/corrugated_metal4x4_holes
material,#tmo/building_metal_corrugated_set_01
xmodel,#tm/corrugated_metal8x2_holes
material,#tm2o/building_metal_corrugated_set_01_lod
xmodel,#tm/corrugated_metal8x8_holes
material,#tmo/couch_ornate_destroyed_fabric_02
material,#tmo/couch_ornate_destroyed_wood
material,#tmo/couch_ornate_destroyed_fabric_03
xmodel,#tm/couch_ornate_destroyed_02
material,#tm2o/crate_plastic_01_dirt_red
material,#tm2o/crate_plastic_01_dirt_red_noalpha
xmodel,#tm/crate_plastic_sml_01_dirt_red
material,#tmo/debris_cinderblock_pile_a_01
xmodel,#tm/debris_cinderblock_pile_a_01
material,#tmo/debris_fabric_pile_03
xmodel,#tm/debris_fabric_pile_03
material,#tmo/debris_fabric_pile_04
xmodel,#tm/debris_fabric_pile_04
material,#tmo/debris_fabric_pile_05
xmodel,#tm/debris_fabric_pile_05
material,#tmo/debris_stone_blocks_damage_01
xmodel,#tm/debris_stone_blocks_01
xmodel,#tm/debris_stone_blocks_02
xmodel,#tm/debris_stone_blocks_03
xmodel,#tm/debris_stone_blocks_04
xmodel,#tm/debris_stone_blocks_06
material,#tmo/me_rubble_concrete_plaster_chunk_02
xmodel,#tm/debris_stone_blocks_pile_1
material,#tmo/me_rubble_concrete_plaster_chunk_02_dustable
xmodel,#tm/debris_stone_blocks_pile_1_dustable
material,#tmo/me_rubble_concrete_plaster_chunk_01
material,#tmo/me_rubble_concrete_plaster_chunk_01_lod
xmodel,#tm/debris_stone_blocks_pile_1_gray
xmodel,#tm/debris_stone_blocks_pile_2_gray
xmodel,#tm/debris_stone_blocks_pile_corner_1_dustable
xmodel,#tm/debris_stone_blocks_pile_curve_sidewalk_1
xmodel,#tm/debris_stone_blocks_pile_curve_sidewalk_2_dustable
xmodel,#tm/debris_stone_blocks_pile_wall_1_dustable
xmodel,#tm/debris_stone_blocks_pile_wall_2
xmodel,#tm/debris_stone_blocks_pile_wall_2_gray
material,#tmo/decor_barrel_wood_01
xmodel,#tm/decor_barrel_wood_01
material,#tmo/decor_blankets_01_pattern_2
xmodel,#tm/decor_blankets_01_single_pattern_2_03
material,#tmo/decor_blankets_01_pattern_3
xmodel,#tm/decor_blankets_01_single_pattern_3_01
xmodel,#tm/decor_blankets_01_single_pattern_3_04
material,#tmo/decor_blankets_01_pattern_1
xmodel,#tm/decor_blankets_01_stack_pattern_1_02
xmodel,#tm/decor_blankets_01_stack_pattern_2_01
xmodel,#tm/decor_blankets_01_stack_pattern_2_03
xmodel,#tm/decor_blankets_01_stack_pattern_3_02
material,#tmo/decor_cafe_planters_leafs
material,#tmo/decor_cafe_planters
material,#tmo/decor_cafe_planters_trees
material,#tmo/decor_cafe_planters_proxy
xmodel,#tm/decor_cafe_planters_02
material,#tmo/syrkistan_cafe_sheesha_02
xmodel,#tm/decor_cafe_sheesha_cord_01
material,#tmso/decor_drying_rack_01
material,#tmo/decor_drying_rack_01
xmodel,#tm/decor_drying_rack_01_clean
material,#tmo/decor_hanged_clothes_01_ping
xmodel,#tm/decor_hanged_clothes_01_sweater_ping
material,#tmo/decor_hanged_clothes_01_ping_transmission
xmodel,#tm/decor_hanged_clothes_01_towel_ping
material,#tmo/decor_metal_wall_faucet_02
xmodel,#tm/decor_metal_barrel_faucet_01
material,#tmo/decor_misc_props_01
xmodel,#tm/decor_misc_props_01_shelf_metal
material,#tm2o/decor_ornate_stone_trim_01
material,#tm2o/decor_ornate_stone_trim_01_d
material,#tm2o/decor_ornate_stone_trim_01_lod
material,#tm2o/decor_ornate_stone_trim_01_d_lod
xmodel,#tm/decor_ornate_stone_trim_8
material,#tmo/decor_rope_thick_pile_01
material,#tmo/decor_rope_thick_pile_01_transp
xmodel,#tm/decor_rope_thick_draped_01
xmodel,#tm/decor_rope_thick_large_bridge
material,#tm2o/decor_water_storage_container_01_dark
material,#tmo/decor_water_storage_container_01_proxy_dark
xmodel,#tm/decor_water_storage_container_01_dark
material,#tm2co/decor_wheelbarrow_01
material,#tm2co/decor_wheelbarrow_01_wood
xmodel,#tm/decor_wheelbarrow_01
material,#tmco/decor_worn_curtains_large
material,#tmco/decor_worn_curtains_details
material,#tmco/decor_worn_curtains_torns
xmodel,#tm/decor_worn_curtains_large_02
material,#tmo/destruction_debris_plaster_concrete_edge_01
xmodel,#tm/destruction_debris_plaster_concrete_edge_01
xmodel,#tm/destruction_debris_plaster_concrete_edge_02
xmodel,#tm/destruction_debris_plaster_concrete_edge_03
xmodel,#tm/destruction_debris_plaster_concrete_edge_04
xmodel,#tm/destruction_debris_plaster_concrete_edge_05
xmodel,#tm/destruction_debris_plaster_concrete_edge_06
xmodel,#tm/destruction_debris_plaster_concrete_edge_07
xmodel,#tm/destruction_debris_plaster_concrete_edge_08
xmodel,#tm/destruction_debris_plaster_concrete_edge_09
xmodel,#tm/destruction_debris_plaster_concrete_edge_10
xmodel,#tm/destruction_debris_plaster_concrete_edge_11
xmodel,#tm/destruction_debris_plaster_concrete_edge_12
material,#tmo/mtl_farm_tools_iw6_512
xmodel,#tm/dns_tool_hammer01_iw6
material,#tmo/door_metal_roller_01
xmodel,#tm/door_metal_roller_01_destroyed_large_04_open
xmodel,#tm/door_metal_roller_01_frames_large
xmodel,#tm/door_metal_roller_01_roller_large_01
material,#tmo/door_security_gate_green
xmodel,#tm/door_security_gate_single_mp_01_green
material,#tm2o/door_wood_ornate_01_mp_blue
xmodel,#tm/door_wood_ornate_01_blue_double_frame
xmodel,#tm/door_wood_ornate_01_blue_double_l
xmodel,#tm/door_wood_ornate_01_blue_double_r
material,#tm2o/ee_fence_trainyard_gate
material,#tm2o/ee_fence_trainyard_gate_wire_fence
xmodel,#tm/ee_fence_trainyard_gate_right_animated
material,#tmco/ee_foliage_grass_wild_long
material,#tmo/ee_foliage_grass_wild_long_noflag
xmodel,#tm/ee_foliage_grass_wild_long_128
xmodel,#tm/ee_foliage_grass_wild_long_64
material,#tmo/ee_foliage_tree_branch_01
xmodel,#tm/ee_foliage_tree_branch_04
material,#tmo/furniture_rug_01_ukraine_patterns01
material,#tmo/furniture_rug_01_op
material,#tmco/ee_furniture_rug_hanging_ukraine_rope_01
xmodel,#tm/ee_furniture_rug_hanging_ukraine_02
material,#tmco/ee_industrial_light_hanging_on
xmodel,#tm/ee_industrial_light_hanging_on
xmodel,#tm/ee_industrial_light_hanging_on_cave_am
material,#tmo/ee_light_fixture_wall_mounted
material,#tmo/ee_light_fixture_wall_mounted_glass
xmodel,#tm/ee_light_fixture_wall_mounted_03
material,#tmo/ee_light_fixture_wall_mounted_lit
xmodel,#tm/ee_light_fixture_wall_mounted_03_lit
xmodel,#tm/ee_light_fixture_wall_mounted_04
xmodel,#tm/ee_light_fixture_wall_mounted_04_lit
material,#tmo/ee_light_mounted_exterior_industrial_caged_01_on
xmodel,#tm/ee_light_mounted_exterior_industrial_caged_02_on
material,#tmo/ee_machinery_oven_coal
xmodel,#tm/ee_machinery_oven_coal_door
xmodel,#tm/ee_machinery_oven_coal_hatch
material,#tmo/ee_machinery_rock_anchor
xmodel,#tm/ee_machinery_rock_anchor
material,#tmo/uk_stairs_interior_wood_worn_02_base
material,#tmo/metal_bare_rusted_02
xmodel,#tm/ee_manmade_mine_ladder_a
material,#tmo/ee_manmade_tunnel_straight_a_light
xmodel,#tm/ee_manmade_tunnel_straight_a_light
material,#tmo/ee_manmade_tunnel_walls_light
xmodel,#tm/ee_manmade_tunnel_wall_bent_a_light
xmodel,#tm/ee_manmade_tunnel_wall_corner_inner_a_light
xmodel,#tm/ee_manmade_tunnel_wall_corner_outer_a_light
xmodel,#tm/ee_manmade_tunnel_wall_straight_a_light
material,#tmo/ee_manmade_wood_planks_worn
material,#tmo/ee_manmade_wood_planks_worn_ends
xmodel,#tm/ee_manmade_wood_beams_worn_a_01
xmodel,#tm/ee_manmade_wood_planks_worn_a_02
xmodel,#tm/ee_manmade_wood_planks_worn_a_05
material,#tmo/ee_military_chemical_canister_01
xmodel,#tm/ee_military_chemical_canister_double_01
material,#tmco/ee_military_chemical_missile_stacked_01_layers
xmodel,#tm/ee_military_chemical_missile_stacked_01
material,#tmo/ee_roofing_storage_01
material,#tmo/ee_roofing_storage_01_decal_01
xmodel,#tm/ee_roofing_storage_support_beam_01
xmodel,#tm/ee_roofing_storage_support_frame_01
material,#tm2o/ee_stool_wood_01
xmodel,#tm/ee_stool_wood_01
material,#tmo/fac_rubber_trim_black
xmodel,#tm/electrical_cables_unique_marketplace_01
material,#tmo/electrical_conduit_parts
xmodel,#tm/electrical_conduit_1_body_joint_c
material,#tmo/electrical_conduit_set_metal
xmodel,#tm/electrical_conduit_set_electrical_box_03
xmodel,#tm/electrical_conduit_set_electrical_box_big
material,#tmo/electrical_conduit_set_plastic
xmodel,#tm/electrical_conduit_set_electrical_box_big_destr_s1_f1
xmodel,#tm/electrical_conduit_set_electrical_box_medium
material,#tmo/me_wiring_mp_faridah_01_nontrans
material,#tmo/duct_tape_01
material,#tmo/nodraw
xmodel,#tm/electrical_wires_jumbled_01
xmodel,#tm/electrical_wires_jumbled_03_outercorner
xmodel,#tm/electrical_wires_jumbled_a_32
xmodel,#tm/electrical_wires_jumbled_a_96
xmodel,#tm/electrical_wires_jumbled_b_128
xmodel,#tm/electrical_wires_jumbled_b_64
material,#tmo/equipment_antenna_set_01
xmodel,#tm/equipment_antenna_set_01_short
xmodel,#tm/equipment_antenna_set_01_tall_destr_s1_f3
material,#tm2o/equipment_military_generator_01
material,#tm2o/equipment_military_generator_01_rust
material,#tm2o/equipment_military_generator_01_lod01
material,#tm2o/equipment_military_generator_01_lod02
xmodel,#tm/equipment_military_generator_01
material,#tmo/equipment_mortar_shell_improvised_02_bare
xmodel,#tm/equipment_mortar_shell_improvised_02b_bare
material,#tmo/equipment_pole_electrical_01
material,#tmo/equipment_pole_electrical_01_decal
xmodel,#tm/equipment_pole_electrical_01_tall
material,#tm2o/equipment_satellite_dish_01_plastic
material,#tm2o/equipment_satellite_dish_01_metal
material,#tm2o/equipment_satellite_dish_01_black
material,#tm2o/equipment_satellite_dish_01_decal_02
material,#tm2o/equipment_satellite_dish_01_decal_01
material,#tm2o/equipment_satellite_dish_01_decal_03
material,#tm2o/equipment_satellite_dish_01_metal_lod
xmodel,#tm/equipment_satellite_dish_01_lrg
material,#tm2o/equipment_satellite_dish_01_new_01
material,#tmo/equipment_satellite_dish_01_decal_01
material,#tmo/equipment_satellite_dish_01_decal_03
material,#tm2o/equipment_satellite_dish_01_new_01_lod
xmodel,#tm/equipment_satellite_dish_01_sml
material,#tmo/fence_metal_gate_01
xmodel,#tm/fence_metal_gate_01
material,#tmo/fence_modular_metal_01_khaki
xmodel,#tm/fence_modular_metal_01_64_khaki
material,#tmo/fence_post_wooden_a
xmodel,#tm/fence_post_wooden_round_01_a
material,#tmo/firniture_basic_couches_04
xmodel,#tm/firniture_couch_rural_04
material,#tmo/foliage_bush_salsola_01_dry
xmodel,#tm/foliage_bush_salsola_01_dry
material,#tmo/li_mtl_foliage_bush_salsola_01_wall_dry_proxy
xmodel,#tm/foliage_bush_salsola_01_wall_dry
material,#tmco/foliage_grass_dry_arid_01
xmodel,#tm/foliage_grass_dry_arid_01
material,#tmo/foliage_grass_dry_arid_01_static
xmodel,#tm/foliage_grass_dry_arid_01_wall_static
xmodel,#tm/foliage_grass_dry_arid_clump_01_static
xmodel,#tm/foliage_grass_dry_arid_clump_02_static
xmodel,#tm/foliage_grass_dry_arid_small_01_static
xmodel,#tm/foliage_grass_dry_arid_strip_01_static
material,#tmco/foliage_grass_dry_arid_01_static
xmodel,#tm/foliage_grass_dry_arid_weed_tall_01_static
xmodel,#tm/foliage_grass_dry_arid_weed_tall_02
material,#tmco/foliage_grass_long_01_green_low
material,#tmco/foliage_grass_long_01_shadowcaster
material,#tmo/foliage_grass_long_01_green_low_no_flag
xmodel,#tm/foliage_grass_long_bunch_01_a
material,#tmco/foliage_grass_long_01_yellow_low
material,#tmo/foliage_grass_long_01_yellow_low_no_flag
xmodel,#tm/foliage_grass_long_bunch_01_b
xmodel,#tm/foliage_grass_long_bunch_02_a
xmodel,#tm/foliage_grass_long_bunch_09_a
xmodel,#tm/foliage_grass_long_bunch_09_b
xmodel,#tm/foliage_grass_long_patch_01_a
material,#tmo/me_foliage_tree_olive_canopy
material,#tmco/me_foliage_tree_olive_master_trunk_branches
material,#tmo/li_mtl_foliage_tree_syrian_olive_02_trunk_proxy
xmodel,#tm/foliage_tree_syrian_olive_02_trunk
material,#tmo/food_cans_bottles_and_jars_01
xmodel,#tm/food_cans_bottles_and_jars_jar_03
material,#tmo/furniture_cafe_chair
xmodel,#tm/furniture_cafe_chair_01
xmodel,#tm/furniture_cafe_chair_01_broken
material,#tmco/firniture_basic_couches_02
xmodel,#tm/furniture_couch_rural_02
material,#tmo/furniture_dresser
material,#tmo/decor_water_storage_container_01_decals
material,#tmo/furniture_dresser_commode_lodx_mat
xmodel,#tm/furniture_dresser_commode
material,#tmo/furniture_dresser_damaged
material,#tmo/furniture_dresser_decals
xmodel,#tm/furniture_dresser_commode_damaged
material,#tmo/furniture_fan
xmodel,#tm/furniture_fan_anim
material,#tmo/furniture_futon_couch_mat_pilows_unique_pattern_01_optimized
xmodel,#tm/furniture_futon_couch_mat_pillows_futon_01_pattern_01
material,#tmo/furniture_futon_couch_mat_pilows_unique_pattern_02_optimized
xmodel,#tm/furniture_futon_couch_mat_pillows_futon_01_pattern_02
material,#tmso/furniture_heating_stove_01
material,#tmo/furniture_heating_stove_01
material,#tmco/furniture_heating_stove_01
xmodel,#tm/furniture_heating_stove_01_round
material,#tm2o/furniture_mattresses_01_white
material,#tm2o/furniture_mattresses_01_white_lod
xmodel,#tm/furniture_mattresses_01_small_dirt1_red
material,#tmo/furniture_futon_couch_mat_pilows_tile_pillow_01_optimized
xmodel,#tm/furniture_pillow_01_pattern_01
xmodel,#tm/furniture_pillow_02_pattern_01
material,#tmo/furniture_plastic_chair_01_aquamarine
xmodel,#tm/furniture_plastic_chair_01_aquamarine
material,#tmo/furniture_plastic_chair_01
xmodel,#tm/furniture_plastic_chair_01_white
material,#tmo/furniture_plastic_stool
xmodel,#tm/furniture_plastic_stool_white
material,#tmo/furniture_rug_01_patterns02_dirty
xmodel,#tm/furniture_rug_01_corner_long_07_dirty
material,#tmo/furniture_rug_01_patterns02
xmodel,#tm/furniture_rug_01_corner_long_08
xmodel,#tm/furniture_rug_01_corner_short_06
material,#tmo/furniture_rug_01_patterns01
xmodel,#tm/furniture_rug_01_flat_02
xmodel,#tm/furniture_rug_01_flat_04
material,#tmo/furniture_table_folding_01_open
material,#tmo/furniture_table_folding_01_dirt
material,#tmo/furniture_table_folding_01_decals_reuse
xmodelsurfs,#furniture_table_folding_01_open_lod010-2-v451
xmodelsurfs,#furniture_table_folding_01_open_lod0_auto110-2-v450
xmodelsurfs,#furniture_table_folding_01_open_lod0_auto1_auto210-2-v450
xmodelsurfs,#furniture_table_folding_01_open_lod0_auto1_auto2_auto310-2-v40
xmodelsurfs,#furniture_table_folding_01_open_lod0_auto1_auto2_auto3_auto410-2-v40
physicsasset,#furniture_table_folding_01_open
xmodeldetailcollision,#furniture_table_folding_01_open
xmodel,#tm/furniture_table_folding_01_open
material,#tmo/furniture_tiletop_cabinet_01_ceramic
xmodel,#tm/furniture_tiletop_cabinet_01
material,#tmo/furniture_wood_bookcase_large_01
material,#tmo/furniture_wood_bookcase_large_01_decals
material,#tmo/furniture_wood_bookcase_large_01_proxy
xmodel,#tm/furniture_wood_bookcase_large_old_01
material,#tmo/furniture_wood_dresser_light
xmodel,#tm/furniture_wood_dresser_02_light_drawer
xmodel,#tm/furniture_wood_dresser_02_light_empty
material,#tmo/mtl_glass_broken_debris_01
xmodel,#tm/glass_broken_frame_edge_04
xmodel,#tm/glass_broken_frame_edge_05
xmodel,#tm/glass_broken_frame_edge_06
material,#tmo/me_wiring_mp_faridah_01
xmodel,#tm/ground_wire_rubber_01
material,#tm2o/mout_cover_plywood_01
material,#tm2o/mout_cover_plywood_01_chipped
material,#tm2o/wood_plywood_edge_trim_01
xmodel,#tm/hardware_plywood_bare_01
xmodel,#tm/hardware_plywood_bare_01_24
xmodel,#tm/hardware_plywood_bare_01_48
material,#tm2o/plywood_osb_01
xmodel,#tm/hardware_plywood_osb_bare_01_24
xmodel,#tm/hardware_plywood_osb_bare_01_64
material,#tm2o/mout_cover_plywood_01_painted_white
material,#tm2o/mout_cover_plywood_01_painted_white_chipped
xmodel,#tm/hardware_plywood_painted_white_01
xmodel,#tm/hardware_plywood_painted_white_01_24
xmodel,#tm/hardware_plywood_painted_white_01_48
material,#tmo/mtl_industrial_conduit_metal_parts
xmodel,#tm/industrial_conduit_metal_1_body_joint_ll
xmodel,#tm/industrial_conduit_metal_1_brace_support
xmodel,#tm/industrial_conduit_metal_1_coupling_screw
material,#tmo/jumbled_electrical_wire_set
xmodel,#tm/jumbled_electrical_wire_loop_big
xmodel,#tm/jumbled_electrical_wire_loop_small
material,#tmo/kitchen_countertop_01
xmodel,#tm/kitchen_countertop_01_64
material,#tmo/kitchen_countertop_01_sink
xmodel,#tm/kitchen_countertop_01_sink_64
material,#tm2co/kitchen_refrigerators_01_metal_optimized
material,#tm2co/kitchen_refrigerators_01_optimized
material,#tm2co/kitchen_refrigerators_01_optimized_lod
xmodel,#tm/kitchen_refrigerators_01_double_door
material,#tmo/light_ceiling_bulb
material,#tmo/light_ceiling_bulb_glass
material,#tmo/light_ceiling_bulb_on
xmodel,#tm/light_ceiling_bulb_01_on
xmodel,#tm/loot_ammo_40mmgrenade
material,#tm2o/machinery_lathe_large_01
material,#tm2o/machinery_lathe_large_01_details
material,#tm2o/machinery_lathe_large_01_tint
xmodel,#tm/machinery_lathe_large_01
material,#tm2co/me_awning_wood_short_01_single
material,#tm2co/me_awning_wood_short_01_single_lod
xmodel,#tm/me_awning_wood_long_01
material,#tmco/me_bag_poly_tile_01
xmodel,#tm/me_bag_poly_tile_01
material,#tm2o/me_barber_cabinet_painted
material,#tm2o/me_barber_cabinet_painted_cap
material,#tm2o/wood_rough_old_01
material,#tm2o/me_barber_cabinet_painted_glass
xmodel,#tm/me_barber_cabinet_broken
material,#tmo/me_construction_plank_bridge_a_bld
material,#tmo/me_construction_plank_bridge_b_lod
xmodel,#tm/me_construction_plank_bridge_a_01
xmodel,#tm/me_construction_plank_bridge_a_02
material,#tmco/me_construction_plank_bridge_a_02_destr_combined
material,#tmco/me_construction_plank_bridge_b_lod
xmodel,#tm/me_construction_plank_bridge_a_03
xmodel,#tm/me_construction_plank_bridge_a_04
xmodel,#tm/me_construction_plank_bridge_a_05
xmodel,#tm/me_construction_plank_bridge_a_06
xmodel,#tm/me_construction_plank_bridge_a_07
xmodel,#tm/me_construction_plank_bridge_a_08
xmodel,#tm/me_construction_plank_bridge_a_09
xmodel,#tm/me_construction_plank_bridge_a_10
xmodel,#tm/me_construction_plank_bridge_a_12
xmodel,#tm/me_construction_plank_bridge_a_13
xmodel,#tm/me_construction_plank_bridge_a_14
xmodel,#tm/me_construction_plank_bridge_a_15
xmodel,#tm/me_construction_plank_bridge_a_16
xmodel,#tm/me_construction_plank_bridge_a_17
material,#tmo/me_decor_pillow_floor_01_b
xmodel,#tm/me_decor_pillow_floor_01_b
material,#tmo/me_decor_rug_rolled_bent_02
xmodel,#tm/me_decor_rug_rolled_bent_01
material,#tm2o/me_decor_rug_rolled_double_01
material,#tm2o/me_decor_rug_rolled_double_02
material,#tm2o/me_decor_rug_rolled_short_01_fur
xmodel,#tm/me_decor_rug_rolled_double_01
material,#tmo/me_decor_rug_rolled_short_02
xmodel,#tm/me_decor_rug_rolled_short_02
material,#tmo/me_decor_wood_container_02
xmodel,#tm/me_decor_wood_container_02
material,#tmo/me_doors_saferoom_kit_lattice
material,#tmo/me_doors_saferoom_kit
xmodel,#tm/me_doors_saferoom_gate_01
material,#tmco/fabric_camo_netting_desert_01_2sided_flag_intense
material,#tmco/accessory_barrel_bomb_strap_01_tan
xmodel,#tm/me_fabric_camo_netting_cave_01
xmodel,#tm/me_fabric_camo_netting_cave_02
xmodel,#tm/me_fabric_camo_netting_cave_03
material,#tmco/fabric_camo_netting_desert_01_2sided_flag
material,#tmo/accessory_barrel_bomb_strap_01_tan
material,#tmo/fabric_camo_netting_desert_01
xmodel,#tm/me_fabric_camo_netting_euphrates_03
material,#tmco/fabric_camo_netting_desert_01
xmodel,#tm/me_fabric_camo_netting_euphrates_04
material,#tmo/building_tarps_doorways_cloth_03_alpha_blue
xmodel,#tm/me_fabric_hanging_tarps_a_09
material,#tmco/building_tarps_doorways_cloth_02_alpha_white
material,#tmco/building_tarps_doorways_cloth_02_white
xmodel,#tm/me_fabric_highway_rooftop_tarp_03
xmodel,#tm/me_fabric_highway_window_tarp_01
material,#tmo/building_tarps_doorways_cloth_03_blue
xmodel,#tm/me_fabric_highway_window_tarp_01_blue
xmodel,#tm/me_fabric_highway_window_tarp_02_blue
material,#tmo/me_foliage_shrub_dry_01
material,#tmco/foliage_tree_syria_olive_leaves_flag
xmodel,#tm/me_foliage_shrub_dry_01_lrg
xmodel,#tm/me_foliage_shrub_dry_01_med
xmodel,#tm/me_foliage_shrub_dry_01_sm
material,#tmo/me_foliage_tree_dry
material,#tmo/li_mtl_me_foliage_tree_dry_lrg_proxy
xmodel,#tm/me_foliage_tree_dry_lrg
material,#tmo/li_mtl_me_foliage_tree_dry_med_proxy
xmodel,#tm/me_foliage_tree_dry_med
material,#tmo/li_mtl_me_foliage_tree_dry_sml_proxy
xmodel,#tm/me_foliage_tree_dry_sml
material,#tmco/me_foliage_tree_olive_canopy_flag
material,#tmo/li_mtl_me_foliage_tree_olive_dead_01_proxy
xmodel,#tm/me_foliage_tree_olive_dead_01
material,#tmo/me_foliage_tree_palm_dead_shadowcaster
material,#tmo/me_foliage_tree_palm_dead_fronds_01
material,#tmo/me_foliage_tree_palm_dead_trunk_01
material,#tmo/li_mtl_me_foliage_tree_palm_dead_01_proxy
xmodel,#tm/me_foliage_tree_palm_dead_01
material,#tmo/me_furniture_cushion_floor_01
xmodel,#tm/me_furniture_cushion_floor_01
material,#tmo/me_furniture_fancy_chairswood_damaged_01
material,#tmo/me_furniture_fancy_table_low_01_broken
xmodel,#tm/me_furniture_fancy_debris_03
xmodel,#tm/me_furniture_fancy_pile_01
xmodel,#tm/me_furniture_fancy_table_sm_01_broken
material,#tmo/me_furniture_table_tile_01
xmodel,#tm/me_furniture_table_tile_01
material,#tmo/misc_spare_tire_small_01_rubber
xmodel,#tm/me_garbage_tire_spare_01
material,#tmo/me_gas_lantern_01
material,#tmo/me_gas_lantern_01_glass
xmodel,#tm/me_gas_lantern_01
material,#tm2o/me_kitchen_cabinet_long_01_tile
material,#tm2o/me_kitchen_cabinet_long_01_tabletop
material,#tm2o/me_kitchen_cabinet_long_01
material,#tm2o/me_kitchen_cabinet_long_01_tile_lod
material,#tm2o/me_kitchen_cabinet_long_01_tabletop_lod
xmodel,#tm/me_kitchen_cabinet_short_01
material,#tmo/me_lamp_ornate_standing_1
xmodel,#tm/me_lamp_ornate_standing_01
material,#tmco/me_lattice_screen_wood_ornate
material,#tmo/me_lattice_screen_wood_ornate
xmodel,#tm/me_lattice_screen_wood_ornate_03
material,#tmo/me_light_ceiling_fluorescent_tube
material,#tmo/me_light_ceiling_fluorescent_tube_on
xmodel,#tm/me_light_ceiling_fluorescent_tube_on
material,#tmo/me_lighting_fixtures_marketplace_01
material,#tmso/me_lighting_fixtures_marketplace_01
material,#tmo/me_lighting_fixtures_marketplace_01_glass
xmodel,#tm/me_lighting_fixtures_marketplace_01_sway
xmodel,#tm/me_lighting_fixtures_marketplace_attachment_01
material,#tmco/me_litter_pile_01_single
xmodel,#tm/me_litter_pile_01
material,#tmo/me_garbage_pile_01
xmodel,#tm/me_litter_pile_04
material,#tmo/me_metal_chimney_pipe_cap_01
material,#tmo/me_metal_chimney_pipe_cap_01_lod
xmodel,#tm/me_metal_chimney_pipe_cap_03
material,#tm2co/me_metal_power_pole_details
material,#tmo/me_metal_power_pole_01_holders
material,#tm2co/me_metal_power_pole_tile_lod
xmodel,#tm/me_metal_power_pole_01
xmodel,#tm/me_metal_power_pole_02
material,#tmo/me_military_propane_cannon_01
material,#tmo/veh8_mil_lnd_umike_wheel_non_thermal
xmodel,#tm/me_military_propane_cannon_01
material,#tm2o/me_old_wooden_table_01
xmodel,#tm/me_old_wooden_table_01
material,#tm2co/me_plaster_barrier_fence_wall_stain_01
material,#tm2co/me_plaster_barrier_fence_wall
material,#tm2co/me_plaster_barrier_fence_wall_edge
material,#tm2co/concrete_cracked_wall_damaged_01_rvl
xmodel,#tm/me_plaster_barrier_fence_collumn_01
material,#tmo/me_plaster_barrier_fence_wall_ornate_collumn_cap
xmodel,#tm/me_plaster_barrier_fence_wall_ornate_collumn_cap_01
material,#tmo/me_riverbed_rock_cluster_02_edge_01
xmodel,#tm/me_riverbed_rock_cluster_02_edge_01
material,#tmo/me_riverbed_rock_cluster_02_lg_01
xmodel,#tm/me_riverbed_rock_cluster_02_lg_01
material,#tmo/me_riverbed_rock_cluster_02_lg_01_wet
xmodel,#tm/me_riverbed_rock_cluster_02_lg_01_wet
material,#tmo/me_riverbed_rock_cluster_02_lg_02
xmodel,#tm/me_riverbed_rock_cluster_02_lg_02
xmodel,#tm/me_riverbed_rock_cluster_02_lg_03
xmodel,#tm/me_riverbed_rock_cluster_02_md_01
xmodel,#tm/me_riverbed_rock_cluster_02_md_01_wet
xmodel,#tm/me_riverbed_rock_cluster_02_md_02
material,#tmo/me_riverbed_rock_cluster_02_lg_02_wet
xmodel,#tm/me_riverbed_rock_cluster_02_md_02_wet
xmodel,#tm/me_riverbed_rock_cluster_02_md_03
xmodel,#tm/me_riverbed_rock_cluster_02_md_03_wet
xmodel,#tm/me_riverbed_rock_cluster_02_md_04
xmodel,#tm/me_riverbed_rock_cluster_02_md_04_wet
material,#tmo/riverbed_rock_clusters_01_a
xmodel,#tm/me_riverbed_rock_cluster_md_01_b
material,#tmo/riverbed_rock_clusters_01
xmodel,#tm/me_riverbed_rock_cluster_md_02
xmodel,#tm/me_riverbed_rock_cluster_md_02_b
xmodel,#tm/me_riverbed_rock_cluster_md_03_b
xmodel,#tm/me_riverbed_rock_cluster_md_04_b
material,#tmo/me_rock_large_01
xmodel,#tm/me_rock_large_01
material,#tmo/me_rock_large_b_01
xmodel,#tm/me_rock_large_b_01
material,#tmo/me_rock_medium_a_01
xmodel,#tm/me_rock_medium_a_01
xmodel,#tm/me_rock_medium_a_02
material,#tmo/me_rock_round_small_a_01
xmodel,#tm/me_rock_round_small_a_01
xmodel,#tm/me_rock_round_small_a_02
xmodel,#tm/me_rock_round_small_a_05
xmodel,#tm/me_rock_round_small_a_06
xmodel,#tm/me_rock_round_small_a_07
xmodel,#tm/me_rock_round_small_a_09
xmodel,#tm/me_rock_round_small_a_10
xmodel,#tm/me_rock_round_small_a_11
material,#tmco/me_rock_round_small_a_01_blend
xmodel,#tm/me_rock_round_small_a_12
xmodel,#tm/me_rock_round_small_a_13
xmodel,#tm/me_rock_round_small_a_14
xmodel,#tm/me_rock_round_small_a_15
xmodel,#tm/me_rock_round_small_a_16
xmodel,#tm/me_rock_round_small_a_17
xmodel,#tm/me_rock_round_small_a_18
xmodel,#tm/me_rock_round_small_a_19
xmodel,#tm/me_rock_round_small_a_20
xmodel,#tm/me_rock_round_small_a_21
xmodel,#tm/me_rock_round_small_a_22
xmodel,#tm/me_rock_round_small_a_23
material,#tmo/me_rock_sandstone_cliff_low_01
xmodel,#tm/me_rock_sandstone_cliff_low_01
xmodel,#tm/me_rock_sandstone_cliff_low_02
material,#tmo/me_rock_small_01
xmodel,#tm/me_rock_small_01_group_a
xmodel,#tm/me_rock_small_01_group_b
xmodel,#tm/me_rock_small_01_group_c
material,#tmo/me_rock_stair_steps_01
xmodel,#tm/me_rock_stair_steps_02
xmodel,#tm/me_rock_stair_steps_03
xmodel,#tm/me_rock_stair_steps_04
xmodel,#tm/me_rock_stair_steps_05
xmodel,#tm/me_rock_stair_steps_06
material,#tmo/me_roof_village_dryleaf_section_01
xmodel,#tm/me_roof_village_dryleaf_section_01
xmodel,#tm/me_roof_village_dryleaf_section_02
xmodel,#tm/me_roof_village_dryleaf_section_02_damaged
xmodel,#tm/me_roof_village_dryleaf_section_03_stuctureless
xmodel,#tm/me_roof_village_dryleaf_section_04
xmodel,#tm/me_roof_village_dryleaf_section_05
xmodel,#tm/me_roof_village_dryleaf_section_ground_debris_02
xmodel,#tm/me_roof_village_dryleaf_section_ground_debris_03
xmodel,#tm/me_rubble_concrete_plaster_chunk_01
xmodel,#tm/me_rubble_concrete_plaster_chunk_02
material,#tmo/me_rubble_pile_concrete_chunk_ground_cover
material,#tmo/me_rubble_pile_concrete_chunk_ground_cover_lod
xmodel,#tm/me_rubble_pile_concrete_chunk_ground_cover_128
material,#tmo/rubble_pile_large_01
xmodel,#tm/me_rubble_pile_concrete_chunk_ground_cover_32
material,#tmo/rubble_pile_large_01_dust
xmodel,#tm/me_rubble_pile_concrete_chunk_ground_cover_32_dust
xmodel,#tm/me_rubble_pile_concrete_chunk_ground_cover_64
xmodel,#tm/me_rubble_pile_concrete_chunk_ground_cover_low_density_128
material,#tmo/me_sign_minefield
material,#tmo/cp_disco_metal_rusted_01
xmodel,#tm/me_sign_minefield
material,#tmo/me_structural_wall_stone_a_01
xmodel,#tm/me_structural_wall_stone_a_01
material,#tmo/me_structural_wall_stone_a_01b
xmodel,#tm/me_structural_wall_stone_a_01b
xmodel,#tm/me_structural_wall_stone_a_02
xmodel,#tm/me_structural_wall_stone_a_02b
xmodel,#tm/me_structural_wall_stone_a_03
xmodel,#tm/me_structural_wall_stone_a_03b
xmodel,#tm/me_structural_wall_stone_a_04
xmodel,#tm/me_structural_wall_stone_a_04b
xmodel,#tm/me_structural_wall_stone_a_05
xmodel,#tm/me_structural_wall_stone_a_05b
xmodel,#tm/me_structural_wall_stone_a_06
xmodel,#tm/me_structural_wall_stone_a_06b
xmodel,#tm/me_structural_wall_stone_a_07
xmodel,#tm/me_structural_wall_stone_a_07b
xmodel,#tm/me_structural_wall_stone_a_08
xmodel,#tm/me_structural_wall_stone_a_08b
xmodel,#tm/me_structural_wall_stone_a_09
xmodel,#tm/me_structural_wall_stone_a_09b
material,#tmo/me_trim_plaster_old_rough_damage_01
xmodel,#tm/me_trim_plaster_old_rough_damage_01_corner
material,#tmo/door_wood_ornate_01_baseonly
material,#tmco/t7_decal_damage_concrete_edge_01_rev
material,#tmco/door_wood_ornate_01_baseonly
xmodel,#tm/me_window_double_wood_frame_01
xmodel,#tm/me_window_double_wood_shutter_left_01
xmodel,#tm/me_window_double_wood_shutter_right_01
material,#tmo/metal_chains_01
material,#tmo/tool_security_padlock_01
xmodel,#tm/metal_chain_01_wrapped
material,#tmco/military_cp_crafting_crate_metal
material,#tmo/military_cp_crafting_crate_metal_detail_without_alpha
material,#tmco/military_cp_crafting_crate_metal_detail
xmodel,#tm/military_cp_crafting_crate_metal
material,#tmo/military_cp_crafting_crate_wood
material,#tmo/military_cp_crafting_crate_wood_metal
material,#tmo/military_cp_crafting_crate_wood_nails
material,#tmo/military_cp_crafting_crate_wood_lod
xmodel,#tm/military_cp_crafting_crate_wood
material,#tmo/military_crate_large_stackable_01
material,#tmo/military_crate_large_stackable_01_lod
xmodelsurfs,#military_crate_large_stackable_01_lod010v41
xmodelsurfs,#military_crate_large_stackable_01_lod0_auto110v40
xmodelsurfs,#military_crate_large_stackable_01_lod0_auto1_auto210v40
xmodelsurfs,#military_crate_large_stackable_01_lod0_auto1_auto2_auto310v40
xmodelsurfs,#military_crate_large_stackable_01_lod410v40
physicsasset,#military_crate_large_stackable_01
xmodeldetailcollision,#military_crate_large_stackable_01
xmodel,#tm/military_crate_large_stackable_01
material,#tmo/military_crate_slim_stackable
material,#tmo/military_crate_slim_stackable_decals
xmodel,#tm/military_crate_slim_stackable_01
material,#tmco/military_ied_shell_01
material,#tmo/military_ied_shell_01
xmodel,#tm/military_ied_shell_01
xmodel,#tm/military_ied_shell_02
material,#tmo/military_prop_ar_akilo47
xmodel,#tm/military_prop_ar_akilo47
material,#tmo/moving_crane_01
material,#tmco/moving_crane_01
xmodel,#tm/moving_crane_hook_01
material,#tmo/mp_nova_rug_rack_rugs
material,#tmo/mp_nova_rug_rack_wood
xmodel,#tm/mp_nova_rug_rack
scriptable,#equip_at_mine_mp
material,#tmo/offhand_wm_at_mine_body
xmodelsurfs,#offhand_wm_at_mine_bomb_lod110v011
xmodelsurfs,#offhand_wm_at_mine_bomb_lod1_auto110v010
xmodelsurfs,#offhand_wm_at_mine_bomb_lod1_auto1_auto210v40
xmodelsurfs,#offhand_wm_at_mine_bomb_lod1_auto1_auto2_auto310v40
physicsasset,#offhand_wm_at_mine_bomb
xmodeldetailcollision,#offhand_wm_at_mine_bomb_mp
xmodel,#tm/offhand_wm_at_mine_bomb_mp
material,#tmo/oil_drum_01
xmodel,#tm/oil_drum_big_01
material,#tmo/oil_drum_01_blue
xmodel,#tm/oil_drum_big_01_blue
material,#tmo/mtl_p7_crate_wood_01
xmodel,#tm/p7_crate_wood_01_open
material,#tmo/mtl_p7_light_metal_recessed_led
material,#tmo/mtl_p7_wires_metal_recessed
xmodel,#tm/p7_wires_metal_recessed
material,#tmo/periph_mountain_rocky_billow_01
xmodel,#tm/periph_mountain_rocky_billow_01_pc1
xmodel,#tm/periph_mountain_rocky_billow_01_pc2
xmodel,#tm/periph_mountain_rocky_billow_01_pc3
xmodel,#tm/periph_mountain_rocky_billow_01_pc4
xmodel,#tm/periph_mountain_rocky_billow_01_sml_pc1
xmodel,#tm/periph_mountain_rocky_billow_01_sml_pc2
xmodel,#tm/periph_mountain_rocky_billow_01_sml_pc3
xmodel,#tm/periph_mountain_rocky_billow_01_sml_pc4
material,#tmo/periph_mountain_rocky_billow_02
xmodel,#tm/periph_mountain_rocky_billow_02_pc1
xmodel,#tm/periph_mountain_rocky_billow_02_pc2
xmodel,#tm/periph_mountain_rocky_billow_02_pc3
xmodel,#tm/periph_mountain_rocky_billow_02_pc4
xmodel,#tm/periph_mountain_rocky_billow_02_sml_pc3
material,#tmo/periph_mountain_rocky_billowland_01
xmodel,#tm/periph_mountain_rocky_billowland_01_pc2
xmodel,#tm/periph_mountain_rocky_billowland_01_pc3
xmodel,#tm/periph_mountain_rocky_billowland_01_pc4
xmodel,#tm/periph_mountain_rocky_billowland_01_pc5
xmodel,#tm/periph_mountain_rocky_billowland_01_pc6
xmodel,#tm/periph_mountain_rocky_billowland_01_pc7
material,#tmo/periph_rock_foliage_bush_02_mp_cave
xmodel,#tm/periph_rock_foliage_bush_02_mp_cave
material,#tmo/river_bed_island_large_01
material,#tmo/river_bed_island_large_01_lod
xmodel,#tm/river_bed_dirt_pile_03
material,#tmo/river_bed_island_large_02
material,#tmo/river_bed_island_large_02_lod
xmodel,#tm/river_bed_dirt_pile_03_bright
material,#tmo/rock_cliff_scotland_02_light
material,#tmo/model_shadowcaster
xmodel,#tm/rock_cliff_scotland_02_light
xmodel,#tm/rock_cliff_scotland_02_light_distant
xmodel,#tm/rock_cliff_scotland_03_light
xmodel,#tm/rock_cliff_scotland_04_light
material,#tmo/rock_dirt_wall_eroded_01
xmodel,#tm/rock_dirt_wall_eroded_01
xmodel,#tm/rock_dirt_wall_eroded_01a
xmodel,#tm/rock_dirt_wall_eroded_01b
material,#tmo/rock_dirt_wall_eroded_02
xmodel,#tm/rock_dirt_wall_eroded_02
xmodel,#tm/rock_dirt_wall_eroded_short_01
material,#tmo/rock_medium_scotland_01_light
material,#tmo/shadowcaster
xmodel,#tm/rock_medium_scotland_01_light
material,#tmo/rolled_tarp_01
xmodel,#tm/rolled_tarp_01
material,#tmo/rubble_pile_cmu_conc_02
material,#tmo/rubble_pile_cmu_conc_02_lod
xmodel,#tm/rubble_pile_cmu_conc_corner_mid_01
xmodel,#tm/rubble_pile_cmu_conc_edge_mid_01
xmodel,#tm/rubble_pile_cmu_conc_edge_mid_02
material,#tmo/rubble_concrete_pile_large_01
material,#tmo/rubble_concrete_pile_large_01_lod
xmodel,#tm/rubble_pile_cmu_conc_large_01
material,#tmo/rubble_concrete_pile_large_02
material,#tmo/rubble_concrete_pile_large_02_lod
xmodel,#tm/rubble_pile_cmu_conc_large_02
xmodel,#tm/rubble_pile_cmu_conc_mid_01
material,#tmo/rubble_pile_cmu_conc_01
xmodel,#tm/rubble_pile_cmu_conc_mid_02
xmodel,#tm/rubble_pile_cmu_conc_small_01
material,#tmo/rubble_wall_dirt_edge_01
xmodel,#tm/rubble_wall_dirt_edge_01
material,#tm2co/sandbag_array_set
material,#tm2co/sandbag_array_set_alpha
xmodel,#tm/sandbag_wall_pieces_arrey_mp_short_01
material,#tm2o/sandbag_array_set
material,#tm2o/sandbag_array_set_alpha
xmodel,#tm/sandbag_wall_pieces_block_mp_01
material,#tm2o/sandbag_array_set_clean
xmodel,#tm/sandbag_wall_pieces_corner_sp_01
xmodel,#tm/sandbag_wall_pieces_endcap_mp_01
xmodel,#tm/sandbag_wall_pieces_endcap_mp_02
xmodel,#tm/sandbag_wall_pieces_endcap_sp_01
material,#tm2o/sandbag_array_set_lod02
xmodel,#tm/sandbag_wall_pieces_endcap_sp_02
material,#tmo/wood_dark_01
material,#tmo/uk_scaffold_kit_wood_01a
material,#tmo/shanty_bldg_buildkit_vista
xmodel,#tm/shanty_bldg_buildkit_02_02_a
material,#tmco/shanty_bldg_buildkit_02_03_b_ts
xmodel,#tm/shanty_bldg_buildkit_02_03_b
material,#tmo/building_metal_corrugated_set_01_decal
xmodel,#tm/shanty_bldg_buildkit_02_04_b
material,#tmo/wood_bare_dark_worn_01
material,#tmco/uk_scaffold_kit_wood_01a
xmodel,#tm/shanty_bldg_buildkit_02_roof_a
xmodel,#tm/shanty_bldg_buildkit_02_structure_a
material,#tmo/uk_siding_metal_corrugated_01
material,#tmo/uk_siding_metal_corrugated_01_olive
material,#tmo/uk_siding_metal_corrugated_01_unpainted
material,#tmo/metal_anodized_rebar_01
xmodel,#tm/shanty_bldg_buildkit_03_02_a
material,#tmo/concrete_damaged_02_gray
material,#tmco/plaster_old_rough_03_blue_rvl
material,#tmco/plaster_old_rough_03_brown_rvl
material,#tmo/plaster_peeling_bottom_stain
material,#tmco/concrete_damaged_02_gray
material,#tmco/plaster_peeling_bottom_stain
xmodel,#tm/shanty_bldg_buildkit_03_03_a
material,#tmo/uk_siding_metal_corrugated_01_brown
material,#tmo/uk_siding_metal_corrugated_01_blue
xmodel,#tm/shanty_bldg_buildkit_03_roof_a
material,#tmo/vfx_shell_ar_no_thermal
xmodel,#tm/shell_casings_ar_01
xmodel,#tm/shell_casings_ar_02
material,#tm2o/storage_chicken_coop_01_wood_lod
material,#tm2o/storage_chicken_coop_01_wire
material,#tm2o/storage_chicken_coop_01_poop
material,#tm2o/storage_chicken_coop_01_wood
xmodel,#tm/storage_chicken_coop_01
material,#tmo/mtl_structural_bracket_iron_rusted
xmodel,#tm/structural_bracket_iron_rusted_32_t_01
xmodel,#tm/structural_bracket_iron_rusted_32_thin_01
xmodel,#tm/structural_bracket_iron_rusted_32_thin_l_02
xmodel,#tm/structural_bracket_iron_rusted_32_thin_l_03
xmodel,#tm/structural_bracket_iron_rusted_32_x_01
xmodel,#tm/structural_bracket_iron_rusted_junction_01
material,#tmo/syrk_window_damaged_side01
material,#tmco/syrk_window_damaged_rvl
material,#tmco/syrk_window_damaged_side01
xmodel,#tm/syrk_window_damaged_01_rvl
xmodel,#tm/syrk_window_damaged_02_rvl
xmodel,#tm/terrain_dirt_pile_01_light
material,#tmo/tool_metal_nail_01
xmodel,#tm/tool_metal_nail_01
material,#tmo/tool_portable_barrel_gas_pump_01
material,#tmo/glass_dirty_old_01
xmodel,#tm/tool_portable_barrel_gas_pump_01
material,#tmo/tool_rake_shovel_01
material,#tmo/tool_rake_shovel_01_wood
material,#tmo/tool_rake_shovel_01_alpha
xmodel,#tm/tool_rake_shovel_01
material,#tmo/uk_building_exterior_concrete_stairs_worn
xmodel,#tm/uk_building_exterior_concrete_stairs_worn_02
material,#tmco/tarp_mp_faridah_blue_flag_hackney_flag_weak
xmodel,#tm/uk_fabric_tarp_mp_hackney_yard_01
material,#tmo/uk_foliage_small_weeds_01
xmodel,#tm/uk_foliage_small_weeds_02
material,#tm2co/uk_garage_workbench_01
material,#tm2co/uk_garage_workbench_01_lod
material,#tm2o/uk_garage_workbench_01_lod
xmodel,#tm/uk_garage_workbench_01
xmodel,#tm/uk_garage_workbench_02
material,#tmo/uk_industrial_light_01
xmodel,#tm/uk_industrial_light_01
material,#tmo/uk_industrial_light_02_glass_lit
xmodel,#tm/uk_industrial_light_01_on
material,#tmo/uk_misc_hand_towel_dirty_01
xmodel,#tm/uk_misc_hand_towel_dirty_02
material,#tm2co/uk_shelf_garage_rolling_metal_b
material,#tm2o/uk_shelf_garage_rolling
material,#tmo/uk_shelf_garage_rolling_metal_b_lod_02
xmodel,#tm/uk_shelf_garage_02_19x43x71
xmodel,#tm/uk_shipping_crate_wood_closed_01
xmodel,#tm/uk_shipping_crate_wood_open_side_01
material,#tm2o/uk_siding_metal_corrugated_01_unpainted_2sided
material,#tmo/uk_siding_metal_corrugated_01_bolt
xmodel,#tm/uk_siding_metal_corrugated_01_64x88_rust_unpainted_2sided
material,#tm2o/uk_stairs_interior_wood_worn_02_base_reveal
material,#tm2o/uk_stairs_interior_wood_worn_02_base_reveal_lod
xmodel,#tm/uk_stairs_int_wood_worn_02_2step
xmodel,#tm/uk_stairs_int_wood_worn_02_4step
material,#tmo/uk_stairs_interior_wood_worn_02_base_reveal_lod
xmodel,#tm/uk_stairs_int_wood_worn_02_8step
material,#tmo/uk_stucco_pillar_01_beige
xmodel,#tm/uk_stucco_pillar_02_thin_beige
material,#tmo/uk_tire_stack_01_dirty
xmodel,#tm/uk_tire_stack_01_dirty
material,#tmo/un_industrial_wooden_pallet_01
xmodel,#tm/un_industrial_wooden_pallet_01
xmodel,#tm/un_industrial_wooden_pallet_stack_01
material,#tmco/veh8_civ_lnd_hindia_carriage_no_thermal
material,#tmco/veh8_civ_lnd_hindia_no_thermal
material,#tmco/veh8_civ_lnd_hindia_interior_no_thermal
material,#tmco/veh8_civ_lnd_hindia_engine_no_thermal
material,#tmo/veh8_civ_lnd_hindia_wheel_no_thermal
material,#tmco/veh8_civ_lnd_hindia_bedbars_no_thermal
material,#tmo/veh8_civ_lnd_license_plate_frame_no_thermal
material,#tmo/veh8_civ_lnd_license_plate_urz_01
material,#tmo/veh8_civ_lnd_hindia_metal_grill_no_thermal
material,#tmo/veh8_civ_lnd_hindia_glass_in_no_thermal
material,#tmco/veh8_civ_lnd_hindia_glass_no_thermal
material,#tmo/veh8_civ_lnd_hindia_carriage_no_thermal
material,#tmo/veh8_civ_lnd_hindia_engine_no_thermal
material,#tmo/veh8_civ_lnd_hindia_bedbars_no_thermal
material,#tmo/veh8_civ_lnd_hindia_glass_no_thermal
material,#tmco/veh8_civ_lnd_hindia_glass_opaque
xmodel,#tm/veh8_civ_lnd_hindia_static
material,#tmo/veh8_civ_lnd_techo_rebel_armor_02
xmodel,#tm/veh8_civ_lnd_techo_rebel_armor_03
xmodel,#tm/veh8_civ_lnd_techo_rebel_armor_04
xmodel,#tm/veh8_civ_lnd_techo_rebel_armor_06
material,#tmo/veh8_civ_lnd_techo_rebel_armor_01
xmodel,#tm/veh8_civ_lnd_techo_rebel_armor_09
xmodel,#tm/veh8_civ_lnd_techo_rebel_armor_13
xmodel,#tm/veh8_civ_lnd_techo_rebel_armor_16
material,#tmo/veh8_civ_lnd_techo_armor_no_thermal
material,#tmo/veh8_civ_lnd_techo_rebel_armor_01_no_thermal
material,#tmo/veh8_civ_lnd_techo_rebel_armor_02_no_thermal
material,#tmo/veh8_civ_lnd_techo_interior_armor_no_thermal
material,#tmo/veh8_civ_lnd_techo_armor_wheel_no_thermal
material,#tmo/veh8_civ_lnd_techo_engine_no_thermal
material,#tmo/veh8_civ_lnd_techo_rebel_glass_no_thermal
xmodel,#tm/veh8_civ_lnd_techo_rebel_armor_static
xmodel,#tm/veh8_civ_lnd_techo_rebel_static
material,#tmo/misc_trike_cart_01_no_thermal
material,#tmo/misc_trike_cart_01_wheels_no_thermal
xmodel,#tm/veh8_civ_lnd_trike_cart_static
material,#tmo/veh8_mil_air_mquebec9_static_crashed
xmodel,#tm/veh8_mil_air_mquebec9_static_crashed_front
material,#tmo/veh8_mil_air_mquebec9_debris
xmodel,#tm/veh8_mil_air_mquebec9_static_crashed_scrap_01
xmodel,#tm/veh8_mil_air_mquebec9_static_crashed_scrap_02
xmodel,#tm/veh8_mil_air_mquebec9_static_crashed_scrap_03
xmodel,#tm/veh8_mil_air_mquebec9_static_crashed_tail
material,#tmco/veh8_mil_lnd_tango72_scan_turret_dst
xmodel,#tm/veh8_mil_lnd_tango72_scan_static_barrel_dst
material,#tmo/veh8_mil_lnd_tango72_scan_turret_dst
material,#tmo/veh8_mil_lnd_tango72_scan_body_1_dst
material,#tmo/veh8_mil_lnd_tango72_scan_metalmesh_no_thermal
material,#tmo/veh8_mil_lnd_tango72_scan_decals_no_thermal
xmodel,#tm/veh8_mil_lnd_tango72_scan_static_turret_dst
material,#tmo/veh8_mil_lnd_umike_body_01_rebel
material,#tmo/veh8_mil_lnd_umike_body_02_rebel
material,#tmo/veh8_mil_lnd_umike_interior_rebel
material,#tmo/veh8_mil_lnd_umike_wheel_no_thermal
material,#tmo/veh8_mil_lnd_umike_interior_wood_rebel
xmodel,#tm/veh8_mil_lnd_umike_rebel_static
material,#tmo/veh_civ_lnd_motorcycle_old_01
material,#tmo/veh_civ_lnd_motorcycle_old_01_rubber
xmodel,#tm/veh_civ_lnd_motorcycle_old_01
material,#tmco/weapon_wm_mg_zulu23_turret
xmodel,#tm/weapon_vm_mg_zulu_23_mp_cave_static
material,#tm2o/weapon_vm_la_rpapa7_body_rear
material,#tm2o/weapon_vm_la_rpapa7_rocket
material,#tm2o/weapon_vm_la_rpapa7_body_front
material,#tm2o/weapon_vm_la_rpapa7_grip
material,#tm2o/weapon_vm_la_rpapa7_ironsights
xmodelsurfs,#weapon_wm_la_rpapa7_lod110v0041
xmodelsurfs,#weapon_wm_la_rpapa7_lod1_auto110v0040
xmodelsurfs,#weapon_wm_la_rpapa7_lod1_auto1_auto210v0040
xmodelsurfs,#weapon_wm_la_rpapa7_lod1_auto1_auto2_auto310v0040
xmodelsurfs,#weapon_wm_la_rpapa7_lod1_auto1_auto2_auto3_auto410v0040
physicsasset,#weapon_wm_la_rpapa7
xmodeldetailcollision,#weapon_wm_la_rpapa7
material,#i/sticker_1_blank
material,#i/sticker_2_blank
material,#i/sticker_3_blank
xmodel,#tm/weapon_wm_la_rpapa7
material,#tmo/winch_01
material,#tmso/metal_chains_01
xmodel,#tm/winch_02
material,#tmco/window_cover_set_mesh
material,#tmco/fence_modular_metal_01_black
xmodel,#tm/window_cover_set_metal_mesh_bars_96_white
material,#tmco/window_cover_set_white
xmodel,#tm/window_cover_set_wood_shutters_01_48_white
material,#tmo/window_exterior_metal_bar_c_1
xmodel,#tm/window_exterior_metal_bar_c_1
material,#tmo/fence_modular_metal_01_skyblue
xmodel,#tm/window_exterior_metal_bar_flat_deco_skyblue_48
material,#tmo/fence_modular_metal_01_black
xmodel,#tm/window_exterior_metal_bar_flat_horizontal_black_48
material,#tmo/construction_window_frames_wood_painted_white
material,#tmo/construction_doors_wood_01_white
xmodel,#tm/window_frames_wood_painted_single_white
xmodel,#tm/window_square_old_01a
xmodel,#tm/wire_hanging_01_032x16
xmodel,#tm/wire_hanging_01_032x32
xmodel,#tm/wire_hanging_01_048x08
xmodel,#tm/wire_hanging_01_064x16
xmodel,#tm/wire_hanging_01_064x32
xmodel,#tm/wire_hanging_01_096x16
xmodel,#tm/wire_hanging_01_128x16
xmodel,#tm/wire_hanging_01_128x32
xmodel,#tm/wire_hanging_01_128x48
xmodel,#tm/wire_hanging_01_128x64
xmodel,#tm/wires_electrical_set_hanging_03
xmodel,#tm/wires_ground_01_large_01
xmodel,#tm/zulu23_base_chains_01
material,#tml/ee_manmade_tunnel_straight_a_light
xmodel,#tml/ee_manmade_tunnel_straight_a_light
material,#tml/ee_manmade_tunnel_walls_light
xmodel,#tml/ee_manmade_tunnel_wall_corner_inner_a_light
material,#tmlc/me_building_bird_alcove_01
xmodel,#tml/me_building_bird_alcove_01
material,#tmlc/me_building_bird_alcove_02
xmodel,#tml/me_building_bird_alcove_02
material,#tml/me_building_bird_alcove_03
xmodel,#tml/me_building_bird_alcove_03
material,#tml/me_rock_medium_a_01
xmodel,#tml/me_rock_medium_a_01
xmodel,#tml/me_rock_medium_a_02
material,#tml/me_rock_stair_steps_01
xmodel,#tml/me_rock_stair_steps_05
material,#tml/rock_cliff_scotland_02_light
material,#tml/model_shadowcaster
xmodel,#tml/rock_cliff_scotland_02_light
material,#tml/rock_dirt_wall_eroded_01
xmodel,#tml/rock_dirt_wall_eroded_01
xmodel,#tml/rock_dirt_wall_eroded_01a
material,#tml/rock_dirt_wall_eroded_02
xmodel,#tml/rock_dirt_wall_eroded_02
xmodel,#tml/rock_dirt_wall_eroded_short_01
material,#tml/syrk_window_damaged_side01
material,#tmlc/syrk_window_damaged_rvl
material,#tmlc/syrk_window_damaged_side01
xmodel,#tml/syrk_window_damaged_01_rvl
material,#mo/tool_screwdriver_01
xmodel,#tool_screwdriver_01
material,#mo/uk_bottle_oil_small_01
xmodel,#uk_bottle_oil_small_01
material,#mo/uk_car_body_paint_filler_01
xmodel,#uk_car_body_paint_filler_01_destr
material,#mo/uk_gas_tank_thin_cylinder
xmodel,#uk_gas_tank_thin_cylinder
material,#mo/uk_gas_tank_thin_cylinder_2
xmodel,#uk_gas_tank_thin_cylinder_2
xmodel,#uk_gas_tank_thin_cylinder_2_cracked
xmodel,#uk_gas_tank_thin_cylinder_cracked_destr
material,#mo/uk_industrial_light_01
xmodel,#uk_industrial_light_01
material,#mo/uk_industrial_light_02_glass_lit
xmodel,#uk_industrial_light_01_on
material,#mo/uk_misc_car_parts_crate_02
xmodel,#uk_misc_car_parts_crate_01
material,#mo/uk_misc_car_parts_crate_01
xmodel,#uk_misc_car_parts_crate_01_destr_g1
xmodel,#uk_misc_car_parts_crate_01_destr_g2
xmodel,#uk_misc_car_parts_crate_01_destr_g3
xmodel,#uk_misc_car_parts_crate_01_destr_g4
xmodel,#uk_misc_car_parts_crate_01_destr_g5
material,#mo/uk_misc_car_parts_crate_01_plastic
xmodel,#uk_misc_car_parts_crate_01_empty
material,#mo/uk_toilet_garage_01
xmodel,#uk_toilet_garage_01_destr
material,#mo/uk_yellow_component_bin_filled_01
xmodel,#uk_yellow_component_bin_filled_01_destr_s1_f1
material,#mo/usmc_backpack
xmodel,#usmc_military_backpack_01
material,#mco/veh8_civ_lnd_hindia_carriage
material,#mco/veh8_civ_lnd_hindia
material,#mco/veh8_civ_lnd_hindia_interior
material,#mco/veh8_civ_lnd_hindia_engine
material,#mo/veh8_civ_lnd_hindia
material,#mo/veh8_civ_lnd_hindia_wheel
material,#mo/veh8_civ_lnd_hindia_interior
material,#mco/veh8_civ_lnd_hindia_bedbars
material,#mo/veh8_civ_lnd_hindia_carriage
material,#mo/veh8_civ_lnd_license_plate_frame
material,#mo/veh8_civ_lnd_license_plate_urz_01
material,#mo/veh8_civ_lnd_hindia_glass
material,#mo/veh8_civ_lnd_hindia_glass_in
material,#mco/veh8_civ_lnd_hindia_glass
material,#mo/veh8_civ_lnd_hindia_metal_grill
material,#mo/veh8_civ_lnd_hindia_engine
material,#mo/veh8_civ_lnd_hindia_bedbars
material,#mo/veh8_civ_lnd_hindia_glass_opaque
xmodel,#veh8_civ_lnd_hindia_mp
material,#mo/veh8_civ_lnd_hindia_carriage_no_thermal
material,#mo/veh8_civ_lnd_hindia_dst
material,#mo/veh8_civ_lnd_hindia_interior_dst
material,#mo/veh8_civ_lnd_hindia_engine_no_thermal
material,#mo/veh8_civ_lnd_hindia_wheel_no_thermal
material,#mo/veh8_civ_lnd_hindia_bedbars_no_thermal
material,#mo/veh8_civ_lnd_hindia_glass_dst
material,#mo/veh8_civ_lnd_hindia_metal_grill_no_thermal
material,#mo/veh8_civ_lnd_hindia_dst_lod
xmodel,#veh8_civ_lnd_hindia_static_dst
material,#mo/veh8_mil_air_ahotel64_exterior_02
xmodel,#veh8_mil_air_ahotel64_blade_1
material,#mo/veh8_mil_air_ahotel64
xmodelsurfs,#veh8_mil_air_ahotel64_dst_engine_lod0_auto1_auto2_auto3_auto410v60
xmodel,#veh8_mil_air_ahotel64_dst_engine
xmodelsurfs,#veh8_mil_air_ahotel64_dst_landing_gear_lod0_auto1_auto2_auto310v40
xmodel,#veh8_mil_air_ahotel64_dst_landing_gear
xmodelsurfs,#veh8_mil_air_ahotel64_dst_rear_rotor_lod0_auto1_auto2_auto310v40
xmodel,#veh8_mil_air_ahotel64_dst_rear_rotor
xmodelsurfs,#veh8_mil_air_ahotel64_dst_sensor_lod0_auto1_auto2_auto310v40
xmodel,#veh8_mil_air_ahotel64_dst_sensor
material,#mco/veh8_mil_air_blima_body2_dst_no_thermal
material,#mco/veh8_mil_air_blima_body1_dst_no_thermal
material,#mo/veh8_mil_air_blima_interior_rotor
xmodel,#veh8_mil_air_blima_dst
material,#mo/vfx_test_burning_plate_1
xmodel,#vfx_burning_wood_post_square
material,#mo/vfx_debris_metal_shrapnel_a
xmodel,#vfx_debris_metal_shrapnel_a_05
xmodel,#vfx_debris_metal_shrapnel_a_08
xmodel,#vfx_debris_metal_shrapnel_a_10
xmodel,#vfx_debris_metal_shrapnel_a_12
xmodel,#vfx_debris_metal_shrapnel_a_13
xmodel,#vfx_debris_metal_shrapnel_a_14
xmodel,#vfx_debris_metal_shrapnel_a_15
xmodel,#vfx_debris_metal_shrapnel_a_16
material,#mo/vfx_debris_rock_plaster_a
xmodel,#vfx_debris_rock_plaster_a_06
material,#mo/mtl_debris_rocks_1
xmodel,#vfx_debris_rocks_1_g3
xmodel,#vfx_debris_rocks_1_g4
material,#mo/mtl_debris_wood_broken_1
xmodel,#vfx_debris_wood_broken_1_g1
material,#mo/mtl_debris_wood_chip_pieces_1
xmodel,#vfx_debris_wood_chip_pieces_1_g1
material,#mo/mtl_debris_wood_splinters_1
xmodel,#vfx_debris_wood_splinters_1_g1
scriptable,#spplayerrigscriptable
proceduralbones,#procedurual_viewmodel
material,#mo/viewmodel_arms_usmc
material,#mo/vm_hero_alex_gloves_a
material,#mo/viewmodel_hands_sanders
material,#mo/viewmodel_hands_tattoo_sanders
xmodel,#viewhands_alex_gloves_a
material,#mo/zmb_w_card
xmodel,#zmb_w_card
animpkg,#sentry_shock_mp_anim_package
vfxpkg,#iw8_apache_mg_vfx_package
sfxpkg,#iw8_apache_m230_sfxpackage
image,#hud_icon_killstreak_apache
xmodel,#projectile_tag
vfx,#vfx/iw8/weap/_tracer/vfx_apache_tracer
rumble,#minigun_rumble
tracer,#iw8_proto_lmg
material,#hud_icon_killstreak_apache
weapon,#apache_turret_cp
xmodel,#weapon_vm_la_rpapa7
xmodel,#weapon_vm_stream_la
xmodel,#weapon_wm_la_rpapa7
xmodel,#weapon_wm_stream_la
xmodel,#viewhands_base_iw8
animpkg,#iw8_la_rpapa7_animpackage
vfxpkg,#iw8_weapons_rpg_mp_vfxpkg
material,#hud_reticle_hip_rpg7
material,#weapon_missing_image
image,#icon_weapon_la_rpapa7
rumblegraph,#swayspeedtodeadzone.rmb
rumblegraph,#swayspeedtogunoffset.rmb
xmodel,#weapon_wm_missile_rpapa7
vfx,#vfx/core/expl/weap/gre/vfx_exp_gre_dud
vfx,#vfx/iw8/weap/_explo/vfx_explo_frag_gren_airb
vfx,#vfx/core/smktrail/vfx_rpg_trail_2
rumble,#heavygun_fire
rumble,#defaultweapon_melee
xmodel,#weapon_stow_back_rpapa7
attachment,#xmags_cp_rpapa7
material,#icon_weapon_la_rpapa7
weapon,#iw8_la_rpapa7_heli_cp
xmodel,#viewhands_mp_base_iw8
material,#reticle_center_cross
weapon,#super_default_zm
xmodel,#tag_origin
vfxpkg,#power_base_mp_vfx_package
material,#hud_icon_grenade_incoming_plasma
gesture,#ges_equip_frag_throw
material,#icon_ability_plasma_grenade
material,#hud_us_splash_grenade
weapon,#vip_carry_cp
vfx,#vfx/core/expl/aerial_explosion_heli_large
vfx,#vfx/core/shell/20mm_resting
material,#elcq/gfx_whisp_spiral
vfx,#vfx/core/smktrail/smoke_trail_white_heli
vfx,#vfx/iw7/core/shell/mag/ammo_case_resting_asphalt_dry
vfx,#vfx/iw7/core/shell/mag/ammo_case_resting_asphalt_wet
vfx,#vfx/iw7/core/shell/mag/ammo_case_resting_bark
vfx,#vfx/iw7/core/shell/mag/ammo_case_resting_brick
vfx,#vfx/iw7/core/shell/mag/ammo_case_resting_carpet_metal
vfx,#vfx/iw7/core/shell/mag/ammo_case_resting_carpet_solid
vfx,#vfx/iw7/core/shell/mag/ammo_case_resting_carpet_wood
vfx,#vfx/iw7/core/shell/mag/ammo_case_resting_ceramic
vfx,#vfx/iw7/core/shell/mag/ammo_case_resting_cloth
vfx,#vfx/iw7/core/shell/mag/ammo_case_resting_concrete_dry
vfx,#vfx/iw7/core/shell/mag/ammo_case_resting_concrete_wet
vfx,#vfx/iw7/core/shell/mag/ammo_case_resting_cushion
vfx,#vfx/iw7/core/shell/mag/ammo_case_resting_default
vfx,#vfx/iw7/core/shell/mag/ammo_case_resting_dirt
vfx,#vfx/iw7/core/shell/mag/ammo_case_resting_flesh
vfx,#vfx/iw7/core/shell/mag/ammo_case_resting_foliage_dry
vfx,#vfx/iw7/core/shell/mag/ammo_case_resting_foliage_wet
vfx,#vfx/iw7/core/shell/mag/ammo_case_resting_fruit
vfx,#vfx/iw7/core/shell/mag/ammo_case_resting_glass_broken
vfx,#vfx/iw7/core/shell/mag/ammo_case_resting_glass_pane
vfx,#vfx/iw7/core/shell/mag/ammo_case_resting_glass_solid
vfx,#vfx/iw7/core/shell/mag/ammo_case_resting_glass_vehicle
vfx,#vfx/iw7/core/shell/mag/ammo_case_resting_grass_short
vfx,#vfx/iw7/core/shell/mag/ammo_case_resting_grass_tall
vfx,#vfx/iw7/core/shell/mag/ammo_case_resting_gravel
vfx,#vfx/iw7/core/shell/mag/ammo_case_resting_ice_solid
vfx,#vfx/iw7/core/shell/mag/ammo_case_resting_ice_thin
vfx,#vfx/iw7/core/shell/mag/ammo_case_resting_metal_grate
vfx,#vfx/iw7/core/shell/mag/ammo_case_resting_metal_thick
vfx,#vfx/iw7/core/shell/mag/ammo_case_resting_metal_thin
vfx,#vfx/iw7/core/shell/mag/ammo_case_resting_mud
vfx,#vfx/iw7/core/shell/mag/ammo_case_resting_none
vfx,#vfx/iw7/core/shell/mag/ammo_case_resting_paper
vfx,#vfx/iw7/core/shell/mag/ammo_case_resting_plaster
vfx,#vfx/iw7/core/shell/mag/ammo_case_resting_plastic
vfx,#vfx/iw7/core/shell/mag/ammo_case_resting_riotshield
vfx,#vfx/iw7/core/shell/mag/ammo_case_resting_rock
vfx,#vfx/iw7/core/shell/mag/ammo_case_resting_rubber
vfx,#vfx/iw7/core/shell/mag/ammo_case_resting_sand
vfx,#vfx/iw7/core/shell/mag/ammo_case_resting_slush
vfx,#vfx/iw7/core/shell/mag/ammo_case_resting_snow
vfx,#vfx/iw7/core/shell/mag/ammo_case_resting_user_terrain_1
vfx,#vfx/iw7/core/shell/mag/ammo_case_resting_user_terrain_10
vfx,#vfx/iw7/core/shell/mag/ammo_case_resting_user_terrain_2
vfx,#vfx/iw7/core/shell/mag/ammo_case_resting_user_terrain_3
vfx,#vfx/iw7/core/shell/mag/ammo_case_resting_user_terrain_4
vfx,#vfx/iw7/core/shell/mag/ammo_case_resting_user_terrain_5
vfx,#vfx/iw7/core/shell/mag/ammo_case_resting_user_terrain_6
vfx,#vfx/iw7/core/shell/mag/ammo_case_resting_user_terrain_7
vfx,#vfx/iw7/core/shell/mag/ammo_case_resting_user_terrain_8
vfx,#vfx/iw7/core/shell/mag/ammo_case_resting_user_terrain_9
vfx,#vfx/iw7/core/shell/mag/ammo_case_resting_water
vfx,#vfx/iw7/core/shell/mag/ammo_case_resting_water_knee
vfx,#vfx/iw7/core/shell/mag/ammo_case_resting_water_waist
vfx,#vfx/iw7/core/shell/mag/ammo_case_resting_wood_floor
vfx,#vfx/iw7/core/shell/mag/ammo_case_resting_wood_solid
xmodel,#fx_pistol_shell
physicsfxpipeline,#physfxpip_debris
vfx,#vfx/iw7/core/shell/pistol/pistol_resting_asphalt_dry
vfx,#vfx/iw7/core/shell/pistol/pistol_resting_asphalt_wet
vfx,#vfx/iw7/core/shell/pistol/pistol_resting_bark
vfx,#vfx/iw7/core/shell/pistol/pistol_resting_brick
vfx,#vfx/iw7/core/shell/pistol/pistol_resting_carpet_metal
vfx,#vfx/iw7/core/shell/pistol/pistol_resting_carpet_solid
vfx,#vfx/iw7/core/shell/pistol/pistol_resting_carpet_wood
vfx,#vfx/iw7/core/shell/pistol/pistol_resting_ceramic
vfx,#vfx/iw7/core/shell/pistol/pistol_resting_cloth
vfx,#vfx/iw7/core/shell/pistol/pistol_resting_code_reserved
vfx,#vfx/iw7/core/shell/pistol/pistol_resting_concrete_dry
vfx,#vfx/iw7/core/shell/pistol/pistol_resting_concrete_wet
vfx,#vfx/iw7/core/shell/pistol/pistol_resting_cushion
vfx,#vfx/iw7/core/shell/pistol/pistol_resting_default
vfx,#vfx/iw7/core/shell/pistol/pistol_resting_dirt
vfx,#vfx/iw7/core/shell/pistol/pistol_resting_flesh
vfx,#vfx/iw7/core/shell/pistol/pistol_resting_foliage_dry
vfx,#vfx/iw7/core/shell/pistol/pistol_resting_foliage_wet
vfx,#vfx/iw7/core/shell/pistol/pistol_resting_fruit
vfx,#vfx/iw7/core/shell/pistol/pistol_resting_glass_broken
vfx,#vfx/iw7/core/shell/pistol/pistol_resting_glass_pane
vfx,#vfx/iw7/core/shell/pistol/pistol_resting_glass_solid
vfx,#vfx/iw7/core/shell/pistol/pistol_resting_glass_vehicle
vfx,#vfx/iw7/core/shell/pistol/pistol_resting_grass_short
vfx,#vfx/iw7/core/shell/pistol/pistol_resting_grass_tall
vfx,#vfx/iw7/core/shell/pistol/pistol_resting_gravel
vfx,#vfx/iw7/core/shell/pistol/pistol_resting_ice_solid
vfx,#vfx/iw7/core/shell/pistol/pistol_resting_ice_thin
vfx,#vfx/iw7/core/shell/pistol/pistol_resting_metal_grate
vfx,#vfx/iw7/core/shell/pistol/pistol_resting_metal_thick
vfx,#vfx/iw7/core/shell/pistol/pistol_resting_metal_thin
vfx,#vfx/iw7/core/shell/pistol/pistol_resting_mud
vfx,#vfx/iw7/core/shell/pistol/pistol_resting_none
vfx,#vfx/iw7/core/shell/pistol/pistol_resting_paper
vfx,#vfx/iw7/core/shell/pistol/pistol_resting_plaster
vfx,#vfx/iw7/core/shell/pistol/pistol_resting_plastic
vfx,#vfx/iw7/core/shell/pistol/pistol_resting_riotshield
vfx,#vfx/iw7/core/shell/pistol/pistol_resting_rock
vfx,#vfx/iw7/core/shell/pistol/pistol_resting_rubber
vfx,#vfx/iw7/core/shell/pistol/pistol_resting_sand
vfx,#vfx/iw7/core/shell/pistol/pistol_resting_slush
vfx,#vfx/iw7/core/shell/pistol/pistol_resting_snow
vfx,#vfx/iw7/core/shell/pistol/pistol_resting_user_terrain_1
vfx,#vfx/iw7/core/shell/pistol/pistol_resting_user_terrain_10
vfx,#vfx/iw7/core/shell/pistol/pistol_resting_user_terrain_2
vfx,#vfx/iw7/core/shell/pistol/pistol_resting_user_terrain_3
vfx,#vfx/iw7/core/shell/pistol/pistol_resting_user_terrain_4
vfx,#vfx/iw7/core/shell/pistol/pistol_resting_user_terrain_5
vfx,#vfx/iw7/core/shell/pistol/pistol_resting_user_terrain_6
vfx,#vfx/iw7/core/shell/pistol/pistol_resting_user_terrain_7
vfx,#vfx/iw7/core/shell/pistol/pistol_resting_user_terrain_8
vfx,#vfx/iw7/core/shell/pistol/pistol_resting_user_terrain_9
vfx,#vfx/iw7/core/shell/pistol/pistol_resting_water
vfx,#vfx/iw7/core/shell/pistol/pistol_resting_water_knee
vfx,#vfx/iw7/core/shell/pistol/pistol_resting_water_waist
vfx,#vfx/iw7/core/shell/pistol/pistol_resting_wood_floor
vfx,#vfx/iw7/core/shell/pistol/pistol_resting_wood_solid
xmodel,#vfx_shell_ar
vfx,#vfx/iw7/core/shell/rifle/rifle_resting_asphalt_dry
vfx,#vfx/iw7/core/shell/rifle/rifle_resting_asphalt_wet
vfx,#vfx/iw7/core/shell/rifle/rifle_resting_bark
vfx,#vfx/iw7/core/shell/rifle/rifle_resting_brick
vfx,#vfx/iw7/core/shell/rifle/rifle_resting_carpet_metal
vfx,#vfx/iw7/core/shell/rifle/rifle_resting_carpet_solid
vfx,#vfx/iw7/core/shell/rifle/rifle_resting_carpet_wood
vfx,#vfx/iw7/core/shell/rifle/rifle_resting_ceramic
vfx,#vfx/iw7/core/shell/rifle/rifle_resting_cloth
vfx,#vfx/iw7/core/shell/rifle/rifle_resting_code_reserved
vfx,#vfx/iw7/core/shell/rifle/rifle_resting_concrete_dry
vfx,#vfx/iw7/core/shell/rifle/rifle_resting_concrete_wet
vfx,#vfx/iw7/core/shell/rifle/rifle_resting_cushion
vfx,#vfx/iw7/core/shell/rifle/rifle_resting_default
vfx,#vfx/iw7/core/shell/rifle/rifle_resting_dirt
vfx,#vfx/iw7/core/shell/rifle/rifle_resting_flesh
vfx,#vfx/iw7/core/shell/rifle/rifle_resting_foliage_dry
vfx,#vfx/iw7/core/shell/rifle/rifle_resting_foliage_wet
vfx,#vfx/iw7/core/shell/rifle/rifle_resting_fruit
vfx,#vfx/iw7/core/shell/rifle/rifle_resting_glass_broken
vfx,#vfx/iw7/core/shell/rifle/rifle_resting_glass_pane
vfx,#vfx/iw7/core/shell/rifle/rifle_resting_glass_solid
vfx,#vfx/iw7/core/shell/rifle/rifle_resting_glass_vehicle
vfx,#vfx/iw7/core/shell/rifle/rifle_resting_grass_short
vfx,#vfx/iw7/core/shell/rifle/rifle_resting_grass_tall
vfx,#vfx/iw7/core/shell/rifle/rifle_resting_gravel
vfx,#vfx/iw7/core/shell/rifle/rifle_resting_ice_solid
vfx,#vfx/iw7/core/shell/rifle/rifle_resting_ice_thin
vfx,#vfx/iw7/core/shell/rifle/rifle_resting_metal_grate
vfx,#vfx/iw7/core/shell/rifle/rifle_resting_metal_thick
vfx,#vfx/iw7/core/shell/rifle/rifle_resting_metal_thin
vfx,#vfx/iw7/core/shell/rifle/rifle_resting_mud
vfx,#vfx/iw7/core/shell/rifle/rifle_resting_none
vfx,#vfx/iw7/core/shell/rifle/rifle_resting_paper
vfx,#vfx/iw7/core/shell/rifle/rifle_resting_plaster
vfx,#vfx/iw7/core/shell/rifle/rifle_resting_plastic
vfx,#vfx/iw7/core/shell/rifle/rifle_resting_riotshield
vfx,#vfx/iw7/core/shell/rifle/rifle_resting_rock
vfx,#vfx/iw7/core/shell/rifle/rifle_resting_rubber
vfx,#vfx/iw7/core/shell/rifle/rifle_resting_sand
vfx,#vfx/iw7/core/shell/rifle/rifle_resting_slush
vfx,#vfx/iw7/core/shell/rifle/rifle_resting_snow
vfx,#vfx/iw7/core/shell/rifle/rifle_resting_user_terrain_1
vfx,#vfx/iw7/core/shell/rifle/rifle_resting_user_terrain_10
vfx,#vfx/iw7/core/shell/rifle/rifle_resting_user_terrain_2
vfx,#vfx/iw7/core/shell/rifle/rifle_resting_user_terrain_3
vfx,#vfx/iw7/core/shell/rifle/rifle_resting_user_terrain_4
vfx,#vfx/iw7/core/shell/rifle/rifle_resting_user_terrain_5
vfx,#vfx/iw7/core/shell/rifle/rifle_resting_user_terrain_6
vfx,#vfx/iw7/core/shell/rifle/rifle_resting_user_terrain_7
vfx,#vfx/iw7/core/shell/rifle/rifle_resting_user_terrain_8
vfx,#vfx/iw7/core/shell/rifle/rifle_resting_user_terrain_9
vfx,#vfx/iw7/core/shell/rifle/rifle_resting_water
vfx,#vfx/iw7/core/shell/rifle/rifle_resting_water_knee
vfx,#vfx/iw7/core/shell/rifle/rifle_resting_water_waist
vfx,#vfx/iw7/core/shell/rifle/rifle_resting_wood_floor
vfx,#vfx/iw7/core/shell/rifle/rifle_resting_wood_solid
xmodel,#fx_bullet_chain
vfx,#vfx/iw7/core/shell/saw_link_resting
vfx,#vfx/iw7/core/shell/shotgun/shotgun_resting_asphalt_dry
vfx,#vfx/iw7/core/shell/shotgun/shotgun_resting_asphalt_wet
vfx,#vfx/iw7/core/shell/shotgun/shotgun_resting_bark
vfx,#vfx/iw7/core/shell/shotgun/shotgun_resting_brick
vfx,#vfx/iw7/core/shell/shotgun/shotgun_resting_carpet_metal
vfx,#vfx/iw7/core/shell/shotgun/shotgun_resting_carpet_solid
vfx,#vfx/iw7/core/shell/shotgun/shotgun_resting_carpet_wood
vfx,#vfx/iw7/core/shell/shotgun/shotgun_resting_ceramic
vfx,#vfx/iw7/core/shell/shotgun/shotgun_resting_cloth
vfx,#vfx/iw7/core/shell/shotgun/shotgun_resting_code_reserved
vfx,#vfx/iw7/core/shell/shotgun/shotgun_resting_concrete_dry
vfx,#vfx/iw7/core/shell/shotgun/shotgun_resting_concrete_wet
vfx,#vfx/iw7/core/shell/shotgun/shotgun_resting_cushion
vfx,#vfx/iw7/core/shell/shotgun/shotgun_resting_default
vfx,#vfx/iw7/core/shell/shotgun/shotgun_resting_dirt
vfx,#vfx/iw7/core/shell/shotgun/shotgun_resting_flesh
vfx,#vfx/iw7/core/shell/shotgun/shotgun_resting_foliage_dry
vfx,#vfx/iw7/core/shell/shotgun/shotgun_resting_foliage_wet
vfx,#vfx/iw7/core/shell/shotgun/shotgun_resting_fruit
vfx,#vfx/iw7/core/shell/shotgun/shotgun_resting_glass_broken
vfx,#vfx/iw7/core/shell/shotgun/shotgun_resting_glass_pane
vfx,#vfx/iw7/core/shell/shotgun/shotgun_resting_glass_solid
vfx,#vfx/iw7/core/shell/shotgun/shotgun_resting_glass_vehicle
vfx,#vfx/iw7/core/shell/shotgun/shotgun_resting_grass_short
vfx,#vfx/iw7/core/shell/shotgun/shotgun_resting_grass_tall
vfx,#vfx/iw7/core/shell/shotgun/shotgun_resting_gravel
vfx,#vfx/iw7/core/shell/shotgun/shotgun_resting_ice_solid
vfx,#vfx/iw7/core/shell/shotgun/shotgun_resting_ice_thin
vfx,#vfx/iw7/core/shell/shotgun/shotgun_resting_metal_grate
vfx,#vfx/iw7/core/shell/shotgun/shotgun_resting_metal_thick
vfx,#vfx/iw7/core/shell/shotgun/shotgun_resting_metal_thin
vfx,#vfx/iw7/core/shell/shotgun/shotgun_resting_mud
xmodel,#fx_shotgun_shell
vfx,#vfx/iw7/core/shell/shotgun/shotgun_resting_none
vfx,#vfx/iw7/core/shell/shotgun/shotgun_resting_paper
vfx,#vfx/iw7/core/shell/shotgun/shotgun_resting_plaster
vfx,#vfx/iw7/core/shell/shotgun/shotgun_resting_plastic
vfx,#vfx/iw7/core/shell/shotgun/shotgun_resting_riotshield
vfx,#vfx/iw7/core/shell/shotgun/shotgun_resting_rock
vfx,#vfx/iw7/core/shell/shotgun/shotgun_resting_rubber
vfx,#vfx/iw7/core/shell/shotgun/shotgun_resting_sand
vfx,#vfx/iw7/core/shell/shotgun/shotgun_resting_slush
vfx,#vfx/iw7/core/shell/shotgun/shotgun_resting_snow
vfx,#vfx/iw7/core/shell/shotgun/shotgun_resting_user_terrain_1
vfx,#vfx/iw7/core/shell/shotgun/shotgun_resting_user_terrain_10
vfx,#vfx/iw7/core/shell/shotgun/shotgun_resting_user_terrain_2
vfx,#vfx/iw7/core/shell/shotgun/shotgun_resting_user_terrain_3
vfx,#vfx/iw7/core/shell/shotgun/shotgun_resting_user_terrain_4
vfx,#vfx/iw7/core/shell/shotgun/shotgun_resting_user_terrain_5
vfx,#vfx/iw7/core/shell/shotgun/shotgun_resting_user_terrain_6
vfx,#vfx/iw7/core/shell/shotgun/shotgun_resting_user_terrain_7
vfx,#vfx/iw7/core/shell/shotgun/shotgun_resting_user_terrain_8
vfx,#vfx/iw7/core/shell/shotgun/shotgun_resting_user_terrain_9
vfx,#vfx/iw7/core/shell/shotgun/shotgun_resting_water
vfx,#vfx/iw7/core/shell/shotgun/shotgun_resting_water_knee
vfx,#vfx/iw7/core/shell/shotgun/shotgun_resting_water_waist
vfx,#vfx/iw7/core/shell/shotgun/shotgun_resting_wood_floor
vfx,#vfx/iw7/core/shell/shotgun/shotgun_resting_wood_solid
vfx,#vfx/iw7/core/shell/shotgun_resting
material,#elcq/vfx_flash_cloudy_anim_1
material,#elcq/vfx_vol_smoke_soft_billow_loop_1
material,#elcq/vfx_vol_steam_pipe_burst_anim_1
material,#elcq/vfx_vol_smoke_puff_rolling_anim_1
vfx,#vfx/iw7/prop/vfx_soccer_ball-01
material,#i/vfx_decal_glass_debris_ground
vfx,#vfx/iw7/prop/vfx_veh_civ_lnd_un_bus_glass_decal
vfx,#vfx/iw8_mp/killstreak/vfx_apache_exp_ch
vfx,#vfx/iw8_mp/killstreak/vfx_heli_parts_cld_01
material,#elcq/vfx_dist_ring_3
material,#elcq/vfx_vol_smoke_thick_anim_1
vfx,#vfx/iw8/core/blima/vfx_blima_explosion
material,#elcq/vfx_pyro_fire_thruster_core_1
material,#elcq/vfx_dist_heat_haze_loop
material,#elcq/vfx_pyro_fireball_roll_anim_large_1
material,#elcq/vfx_pyro_spark_shapes_long_sheet_1
vfx,#vfx/iw8/core/lbravo/vfx_lbravo_rocket_pod_launch
material,#elcq/vfx_postfx_glow_1
material,#ecf/vfx_postfx_glow_1
material,#ecf/vfx_postfx_brackets_1
material,#ecf/vfx_postfx_bokeh_sharp_sheet_1
material,#ecf/vfx_postfx_glow_round_5
material,#ecf/vfx_postfx_flare_rainbow_ring_solid_1
material,#ecf/vfx_postfx_flare_streaks_soft_1
material,#ecf/vfx_postfx_dirty_lens_main_1
vfx,#vfx/iw8/core/light/vfx_flashlight_npc
vfx,#vfx/iw8/core/stealth/vfx_player_silhouette_stand
material,#elcq/vfx_fluid_viscous_splash_anim_4
vfx,#vfx/iw8/level/gen_amb/vfx_water_drips_splash_ch
vfx,#vfx/iw8/prop/dynolight/death/vfx_dynolight_spark_burst_01_ch
material,#elcq/vfx_postfx_star_1
material,#ecf/vfx_postfx_flare_anamorphic_3
vfx,#vfx/iw8/prop/dynolight/death/vfx_dynolight_negz_death1_ch
vfx,#vfx/iw8/prop/dynolight/death/vfx_dynolight_posx_death1_ch
material,#elcq/vfx_pyro_spark_streak_fat_sheet_1
material,#elcq/vfx_vol_tendril_thin_fork_anim_1
material,#elcq/vfx_vol_smoke_wispy_swirl_loop_1
material,#elcq/vfx_pyro_spark_dot_flicker_loop_1
material,#elcq/vfx_debris_embers_sheet_2
material,#elcq/vfx_pyro_spark_burst_core_sheet_1
material,#elcq/vfx_pyro_spark_shapes_sheet_4
vfx,#vfx/iw8/prop/dynolight/death/vfx_dynolight_spark_burst_03_ch
vfx,#vfx/iw8/prop/dynolight/death/vfx_dynolight_posx_death3_ch
vfx,#vfx/iw8/prop/scriptables/decor_misc_props_01_bottle_debris
material,#elcq/vfx_dist_heat_loop_heavy_1
vfx,#vfx/iw8/prop/scriptables/equipment_box_fan
material,#elcq/vfx_vol_smoke_roll_anim_1
material,#elcq/vfx_debris_rocks_atlas
vfx,#vfx/iw8/prop/scriptables/shared/vfx_cinderblock_dust_sml
material,#elcq/vfx_pyro_fire_tall_loop_1
material,#elcq/vfx_pyro_fire_base_anim_1
vfx,#vfx/iw8/prop/scriptables/shared/vfx_propane_flamer_med
material,#elcq/vfx_dist_heat_3_heavy
material,#elcq/vfx_vol_dust_turbulent_corner_anim_1
vfx,#vfx/iw8/prop/scriptables/shared/vfx_propane_smoke_med
vfx,#vfx/iw8/prop/scriptables/shared/vfx_propane_smoke_sml
physicsfxshape,#vfx_physfxpip_particle_spark
vfx,#vfx/iw8_mp/gen_amb/vfx_residual_fire_tiny
physicsfxpipeline,#physfxpip_sparks
vfx,#vfx/iw8/prop/scriptables/shared/vfx_sparks_fly_electrical_med
vfx,#vfx/iw8/prop/scriptables/shared/vfx_sparks_fly_electrical_sml
material,#elcq/vfx_debris_ceramic_sheet_1
vfx,#vfx/iw8/prop/scriptables/shared/vfx_styrofoam_dust_lrg
material,#elcq/vfx_debris_glass_shard_1
vfx,#vfx/iw8/prop/scriptables/shared/vfx_tv_exp_sparks_med
vfx,#vfx/iw8/prop/scriptables/uk_misc_car_parts_crate_01_debris
vfx,#vfx/iw8/prop/scriptables/vfx_ammo_press_die_bin_01_full_debris
vfx,#vfx/iw8/prop/scriptables/vfx_cinderblock_01_s1_debris
vfx,#vfx/iw8/prop/scriptables/vfx_cinderblock_wall_endcap_01_24_debris
vfx,#vfx/iw8/prop/scriptables/vfx_cinderblock_wall_topper_01_16_s1_debris
material,#i/vfx_fluid_viscous_paint_splat_s04_dec
material,#i/vfx_fluid_viscous_paint_splat_s03_dec
material,#i/vfx_fluid_viscous_paint_splat_s02_dec
material,#i/vfx_fluid_viscous_paint_splat_s01_dec
material,#elcq/vfx_fluid_viscous_paint_splat_1
vfx,#vfx/iw8/prop/scriptables/vfx_container_paint_can_01_ch_black
vfx,#vfx/iw8/prop/scriptables/vfx_container_paint_can_01_ch_tan
vfx,#vfx/iw8/prop/scriptables/vfx_container_paint_can_01_ch_white
vfx,#vfx/iw8/prop/scriptables/vfx_cp_rave_bathroom_sink_debris
vfx,#vfx/iw8/prop/scriptables/vfx_decor_drying_rack_01_cup_01_debris
vfx,#vfx/iw8/prop/scriptables/vfx_decor_drying_rack_01_plate_01_debris
vfx,#vfx/iw8/prop/scriptables/vfx_decor_drying_rack_01_plate_02_debris
vfx,#vfx/iw8/prop/scriptables/vfx_decor_drying_rack_01_plate_03_debris
vfx,#vfx/iw8/prop/scriptables/vfx_decor_misc_props_01_jar_debris
vfx,#vfx/iw8/prop/scriptables/vfx_electrical_conduit_set_electrical_box_03_debris
vfx,#vfx/iw8/prop/scriptables/vfx_electrical_conduit_set_electrical_box_big_debris
vfx,#vfx/iw8/prop/scriptables/vfx_electrical_conduit_set_electrical_box_medium_debris
material,#elcq/vfx_vol_smoke_white_anim_1
material,#elcq/vfx_vol_smoke_wispy_loop_1
vfx,#vfx/iw8/prop/scriptables/vfx_equipment_box_fan_debris
physicsfxpipeline,#physfxpip_debris_collide
vfx,#vfx/iw8/prop/scriptables/vfx_equipment_industrial_toolbox_02
vfx,#vfx/iw8/prop/scriptables/vfx_equipment_military_radio_old_04_debris
vfx,#vfx/iw8/prop/scriptables/vfx_equipment_propane_burner_stove_01_white_s1
vfx,#vfx/iw8/prop/scriptables/shared/vfx_propane_flamer_sml
vfx,#vfx/iw8/prop/scriptables/vfx_equipment_propane_burner_stove_01_white_s2
vfx,#vfx/iw8/prop/scriptables/vfx_equipment_satellite_dish_01_lrg_debris
vfx,#vfx/iw8/prop/scriptables/vfx_equipment_satellite_dish_01_sml_debris
vfx,#vfx/iw8/prop/scriptables/vfx_equipment_tv_01_anim
material,#elcq/vfx_debris_glass_shard_sheet_2
vfx,#vfx/iw8/prop/scriptables/vfx_equipment_tv_01_death
material,#elcq/vfx_fluid_viscous_drop_1
material,#elcq/vfx_fluid_water_radial_squirt_1
material,#elcq/vfx_fluid_water_splash_top_med_anim_1
vfx,#vfx/iw8/prop/scriptables/vfx_food_cans_bottles_and_jars_can_01_debris
vfx,#vfx/iw8/prop/scriptables/vfx_furniture_plastic_stool_white_debris
material,#elcq/vfx_vol_dust_ball_anim_1
material,#elcq/vfx_particulate_dust_sheet_1
vfx,#vfx/iw8/prop/scriptables/vfx_imp_shot_puff_sml
vfx,#vfx/iw8/prop/scriptables/vfx_kitchen_01_teapot_01_destr_debris
vfx,#vfx/iw8/prop/scriptables/vfx_me_electrical_box_small_01
vfx,#vfx/iw8/prop/scriptables/vfx_me_electric_generator_01_destr
vfx,#vfx/iw8/prop/scriptables/vfx_me_structural_wall_stone_a_debris
xmodel,#vfx_debris_metal_shrapnel_a_01
xmodel,#vfx_debris_metal_shrapnel_a_02
xmodel,#vfx_debris_metal_shrapnel_a_03
xmodel,#vfx_debris_metal_shrapnel_a_04
xmodel,#vfx_debris_metal_shrapnel_a_06
xmodel,#vfx_debris_metal_shrapnel_a_07
xmodel,#vfx_debris_metal_shrapnel_a_09
xmodel,#vfx_debris_metal_shrapnel_a_11
physicsfxshape,#vfx_debris_rock_bits_a
vfx,#vfx/iw8/prop/scriptables/shared/vfx_propane_exp_sml
vfx,#vfx/iw8/prop/scriptables/vfx_misc_propane_rocket_s3
vfx,#vfx/iw8/prop/scriptables/vfx_pot_clay_02_dark_destr_debris
vfx,#vfx/iw8/weap/_impact/dirt/vfx_imp_dirt_sml
vfx,#vfx/iw8/prop/scriptables/vfx_pot_clay_03_bright_debris
vfx,#vfx/iw8/prop/scriptables/vfx_pot_clay_old_01_dark_destr
vfx,#vfx/iw8/prop/scriptables/vfx_pot_clay_old_01_destr
vfx,#vfx/iw8/prop/scriptables/vfx_syrkistan_cafe_sheesha_dammaged_silver_destr
vfx,#vfx/iw8/prop/scriptables/vfx_uk_car_body_paint_filler_01
material,#elcq/vfx_fluid_water_splash_nozzle_anim_3
vfx,#vfx/iw8/prop/scriptables/vfx_uk_gas_tank_thin_cylinder_debris
vfx,#vfx/iw8/prop/scriptables/vfx_uk_gas_tank_thin_cylinder_nitrogen_base
vfx,#vfx/iw8/veh/scriptables/shared/vfx_veh_jump_land_dust
material,#elcq/vfx_pyro_fire_fuel_ground_lrg_loop_1
material,#elcq/vfx_pyro_spark_dot_1
vfx,#vfx/iw8/veh/scriptables/vfx_veh_fire_spread_hindia
vfx,#vfx/iw8/veh/scriptables/vfx_veh_smoke_ground_flareup
vfx,#vfx/iw8/veh/scriptables/vfx_veh_wheel_air_leak_child
vfx,#vfx/iw8/veh/scriptables/vfx_veh_wheel_air_leak_right
material,#elcq/vfx_pyro_fire_fuel_lick_sml_loop_2_eo_z1
material,#elcq/vfx_pyro_fire_fuel_cling_02
xmodel,#vfx_debris_metal_a_01
vfx,#vfx/iw8/weap/_explo/debris/vfx_explo_xx_cld_firechunk_01
vfx,#vfx/iw8/weap/_explo/debris/vfx_explo_xx_cld_firechunk_01s
material,#elcq/vfx_fluid_blood_splash_anim_1
material,#elcq/vfx_fluid_blood_splat_sheet_6
material,#i/vfx_fluid_blood_splat_s01_dec
material,#i/vfx_fluid_blood_splat_s02_dec
vfx,#vfx/iw8/weap/_explo/gib/vfx_imp_gore_coll_chunkland_l01
xmodel,#vfx_debris_flesh_chunk_a_02
material,#elcq/vfx_fluid_blood_squib_front_anim_5
vfx,#vfx/iw8/weap/_explo/suicide/vfx_gib_dir1_a_chunk01
vfx,#vfx/iw8/weap/_explo/suicide/vfx_gib_dir1_a
vfx,#vfx/iw8/weap/_explo/suicide/vfx_gib_dir1
vfx,#vfx/iw8/weap/_explo/vfx_explo_cld_chockhit_ice
material,#elcq/vfx_debris_dirt_filler_sheet_1
material,#elcq/vfx_debug_test_1
vfx,#vfx/core/expl/shared/vfx_exp_small_decal
vfx,#vfx/iw8/weap/_explo/rpg/vfx_explo_rpg_cld_grndsmk
xmodel,#vfx_debris_asphalt_1_g1
xmodel,#vfx_debris_concrete_1_g1
xmodel,#vfx_debris_dirt_chunks_1_g1
physicsfxpipeline,#physfxpip_debris_callback
physicsfxshape,#phys_vfx_debris_asphalt_1
vfx,#vfx/iw8/veh/scriptables/shared/vfx_veh_exp_debris_ch2
vfx,#vfx/iw8_mp/equipment/flashbang/vfx_flash_bang_cld_sparks
material,#elcq/vfx_pyro_fireball_expl_rise_2
material,#elcq/vfx_vol_smoke_expl_flack_anim_1
material,#elcq/vfx_pyro_fireball_burst_anim_1
material,#elcq/vfx_pyro_fireball_expl_fxelem_anim_3
vfx,#vfx/core/expl/shared/vfx_exp_small_debris_rocks
material,#elcq/vfx_debris_screendirt_1
material,#elcq/vfx_pyro_spark_filler_sheet_1
material,#elcq/vfx_dist_blast_wave_loop_1
vectorfield,#vectorfields/vf_spherical_out_med_force_fthd_d16
material,#elcq/vfx_postfx_glow_abstract_2
material,#elcq/vfx_pyro_spark_streak_wiggle_sheet_1
vfx,#vfx/iw8/weap/_explo/vfx_explo_cld_chockhit_main
vfx,#vfx/iw8/weap/_explo/vfx_explo_explosive_bow_ch
material,#elcq/vfx_fluid_water_ripple_ring_sheet_1_nn
material,#i/vfx_decal_water_ripple_1
vfx,#vfx/iw8/weap/_explo/vfx_explo_frag_gren_cld_chockhit_water
vfx,#vfx/iw8/wind/basic_directions/vfx_basic_wind_debug
vfx,#vfx/iw8/wind/basic_directions/vfx_basic_wind_east_medium
vfx,#vfx/iw8/wind/basic_directions/vfx_basic_wind_east_strong
vfx,#vfx/iw8/wind/basic_directions/vfx_basic_wind_east_weak
vfx,#vfx/iw8/wind/basic_directions/vfx_basic_wind_north_medium
vfx,#vfx/iw8/wind/basic_directions/vfx_basic_wind_north_strong
vfx,#vfx/iw8/wind/basic_directions/vfx_basic_wind_north_weak
vfx,#vfx/iw8/wind/basic_directions/vfx_basic_wind_northeast_medium
vfx,#vfx/iw8/wind/basic_directions/vfx_basic_wind_northeast_strong
vfx,#vfx/iw8/wind/basic_directions/vfx_basic_wind_northeast_weak
vfx,#vfx/iw8/wind/basic_directions/vfx_basic_wind_northwest_medium
vfx,#vfx/iw8/wind/basic_directions/vfx_basic_wind_northwest_strong
vfx,#vfx/iw8/wind/basic_directions/vfx_basic_wind_northwest_weak
vfx,#vfx/iw8/wind/basic_directions/vfx_basic_wind_south_medium
vfx,#vfx/iw8/wind/basic_directions/vfx_basic_wind_south_strong
vfx,#vfx/iw8/wind/basic_directions/vfx_basic_wind_south_weak
vfx,#vfx/iw8/wind/basic_directions/vfx_basic_wind_southeast_medium
vfx,#vfx/iw8/wind/basic_directions/vfx_basic_wind_southeast_strong
vfx,#vfx/iw8/wind/basic_directions/vfx_basic_wind_southeast_weak
vfx,#vfx/iw8/wind/basic_directions/vfx_basic_wind_southwest_medium
vfx,#vfx/iw8/wind/basic_directions/vfx_basic_wind_southwest_strong
vfx,#vfx/iw8/wind/basic_directions/vfx_basic_wind_southwest_weak
vfx,#vfx/iw8/wind/basic_directions/vfx_basic_wind_west_medium
vfx,#vfx/iw8/wind/basic_directions/vfx_basic_wind_west_strong
vfx,#vfx/iw8/wind/basic_directions/vfx_basic_wind_west_weak
vfx,#vfx/iw8_br/island/equip/shared/vfx_equip_debris_smoke_01
material,#elcq/vfx_vol_tendril_thick_fork_anim_1
xmodel,#vfx_debris_metal_a_02
xmodel,#vfx_debris_metal_a_03
xmodel,#vfx_debris_metal_a_04
xmodel,#vfx_debris_metal_a_05
xmodel,#vfx_debris_metal_a_06
xmodel,#vfx_debris_metal_a_07
xmodel,#vfx_debris_metal_a_08
xmodel,#vfx_debris_metal_a_09
xmodel,#vfx_debris_metal_a_10
vfx,#vfx/iw8/weap/_explo/debris/vfx_explo_xx_cld_firechunk_01xs
vfx,#vfx/iw8_cp/chopper/vfx_chopper_arm02
material,#elcq/vfx_pyro_spark_filler_sheet_1_adis
vfx,#vfx/iw8_cp/chopper/vfx_chopper_air_explosion
material,#elcq/vfx_particulate_ash_loop_emis_3
material,#elcq/vfx_particulate_ash_loop_1
material,#elcq/vfx_particulate_ash_loop_2
material,#elcq/vfx_particulate_ash_loop_3
material,#elcq/vfx_pyro_fire_burst_rise_anim_1
material,#elcq/vfx_pyro_fire_fuel_puff_med_anim_1
vfx,#vfx/iw8_cp/chopper/vfx_chopper_plume
vfx,#vfx/iw8/level/embassy/vfx_heli_crash_ch1
material,#elcq/vfx_dist_heat_shimmer_blast_1
physicsfxshape,#vfx_debris_metal_shrapnel_a_01
material,#i/vfx_decal_surface_scorch_1
vfx,#vfx/iw8_cp/chopper/vfx_cp_chopper_ground_exp
material,#elcq/vfx_pyro_spark_dot_sheet_1
xmodel,#vfx_debris_glass_shard_a_01
xmodel,#vfx_debris_glass_shard_a_02
xmodel,#vfx_debris_glass_shard_a_03
xmodel,#vfx_debris_glass_shard_a_04
physicsfxshape,#vfx_debris_glass_shard_b
material,#elcq/vfx_flash_bolt_sheet_1
material,#elcq/vfx_vol_smoke_wispy_rise_anim_1
vfx,#vfx/iw8_cp/level/cp_stk_faridah/vfx_chopper_sparks
vfx,#vfx/iw8_mp/equipment/c4/vfx_gen_c4_exp2_water_ch
vfx,#vfx/iw8_mp/equipment/c4/vfx_c4_exp_water
vfx,#vfx/iw8_mp/equipment/emp/vfx_emp_secondary_posx
vfx,#vfx/iw8_mp/equipment/flashbang/vfx_spark_crack_npop
vfx,#vfx/iw8_mp/equipment/flashbang/vfx_flash_bang_cld_water_sparks
material,#elcq/vfx_postfx_ray_2
material,#elcq/vfx_vol_tendril_thin_explosion_sml_anim_1
material,#elcq/vfx_vol_smk_wispy_swirl_b
xmodel,#offhand_wm_grenade_flash_destr
physicsfxshape,#offhand_wm_grenade_flash
material,#elcq/vfx_fluid_water_splash_anim_1_nospec
material,#elcq/vfx_fluid_water_ripple_sheet_1_nn
vfx,#vfx/iw8_mp/equipment/flashbang/vfx_flash_bang_water_ch
vfx,#vfx/iw8_mp/equipment/flashbang/vfx_flash_bang_water
material,#elcq/vfx_vol_smoke_white_anim_1_nothermal
material,#elcq/vfx_vol_smoke_wispy_swirl_loop_1_nothermal
material,#elcq/vfx_vol_smk_wispy_swirl_b_nothermal
vfx,#vfx/iw8_mp/equipment/gas_grenade/vfx_gas_gren_cld_sparks
xmodel,#offhand_wm_grenade_teargas
material,#elcq/vfx_particulate_mote_1
vfx,#vfx/iw8_mp/equipment/gas_grenade/vfx_gas_exp_wtr_ch
vfx,#vfx/iw8_mp/equipment/gas_grenade/vfx_gas_exp_water
xmodel,#vfx_debris_rock_bits_a_01
xmodel,#vfx_debris_rock_bits_a_02
xmodel,#vfx_debris_rock_bits_a_03
xmodel,#vfx_debris_rock_bits_a_04
xmodel,#vfx_debris_rock_bits_a_05
xmodel,#vfx_debris_rock_bits_a_06
xmodel,#vfx_debris_rock_bits_a_07
xmodel,#vfx_debris_rock_bits_a_08
xmodel,#vfx_debris_rock_bits_a_09
xmodel,#vfx_debris_rock_bits_a_10
xmodel,#vfx_debris_rock_bits_a_11
xmodel,#vfx_debris_rock_bits_a_12
xmodel,#vfx_debris_rock_bits_a_13
xmodel,#vfx_debris_rock_bits_a_14
xmodel,#vfx_debris_rock_bits_a_15
xmodel,#vfx_debris_rock_bits_a_16
material,#elcq/vfx_debris_metal_shrapnel_sheet_1
material,#elcq/vfx_debris_wood_chips_sheet_1
vfx,#vfx/iw8/weap/_explo/vfx_explo_frag_gren_cld_shraphit2
material,#elcq/vfx_postfx_chromatic_round_1
vfx,#vfx/iw8_mp/equipment/c4/vfx_explo_c4_cld_debris
vfx,#vfx/iw8/weap/_explo/vfx_explo_frag_gren_cld_chockhit1
material,#elcq/vfx_water_splashes_nn
vfx,#vfx/iw8_mp/equipment/mine/vfx_at_mine_exp_wtr_ch
vfx,#vfx/iw8_mp/equipment/mine/vfx_at_mine_exp_water
material,#elcq/vfx_debris_dust_motes_distant
vfx,#vfx/iw8_mp/gen_amb/vfx_dust_motes_med
material,#i/vfx_decal_spotfire_sheet_1
material,#elcq/vfx_pyro_fire_fuel_lick_med_loop_2
vfx,#vfx/iw8_mp/gen_amb/vfx_fire_sml
vfx,#vfx/iw8_mp/gen_amb/vfx_fire_sml_nd
material,#elcq/vfx_pyro_fire_fuel_g2_xsml_grnd_loop_1
vfx,#vfx/iw8_mp/gen_amb/vfx_fire_tiny
material,#ecf/vfx_postfx_glow_cloudy_hard_1
material,#ecf/vfx_postfx_star_fan_1
material,#ecf/vfx_postfx_flare_streak_1
vfx,#vfx/iw8_mp/gen_amb/vfx_flood_light_flare_bright
material,#elcq/vfx_animal_insect_mosquito_loop_1
vfx,#vfx/iw8_mp/gen_amb/vfx_gnat_swarm_1
material,#elcq/vfx_vol_dust_impact_anim_4_z15
material,#elcq/vfx_vol_dust_impact_anim_2
material,#elcq/vfx_vol_dust_impact_anim_3
material,#elcq/vfx_vol_dust_impact_anim_4_radial
vfx,#vfx/iw8_mp/killstreak/vfx_ac130_small_sparkarm
vfx,#vfx/iw8_mp/killstreak/shared/vfx_40mm_ch_asphalt
vfx,#vfx/iw8_mp/killstreak/shared/vfx_40mm_ch_ice
vfx,#vfx/iw8_mp/level/hackyard/vfx_explo_c4_cld_sparkarm1
material,#i/vfx_decal_crater_1
vfx,#vfx/iw8_mp/killstreak/vfx_apache_mg_linger_ch
vfx,#vfx/iw8_mp/killstreak/vfx_apache_mg_linger2_ch
material,#elcq/vfx_debris_sand_filler_lrg_sheet_2
vfx,#vfx/iw8_mp/killstreak/shared/vfx_40mm_imp_asphalt
xmodel,#vfx_debris_ice_1_g1
xmodel,#vfx_debris_ice_1_g2
xmodel,#vfx_debris_ice_1_g4
physicsfxpipeline,#physfxpip_ice
physicsfxshape,#phys_vfx_debris_ceramic_tile_broken_1
material,#i/vfx_decal_ice_crack_grow_long_1
material,#i/vfx_decal_ice_crack_grow_long_2
material,#elcq/vfx_debris_snow_a_atl
material,#elcq/vfx_debris_filler_sheet_2
vfx,#vfx/iw8_mp/killstreak/shared/vfx_40mm_imp_ice
vfx,#vfx/iw8/core/apache/vfx_apache_ks_imapct_metal
material,#i/vfx_decal_imp_metal_pen_01
material,#i/vfx_decal_imp_metal_pen_05
material,#i/vfx_decal_imp_metal_pen_04
material,#i/vfx_decal_imp_metal_pen_03
material,#i/vfx_decal_imp_metal_pen_02
vfx,#vfx/iw8_mp/killstreak/shared/vfx_40mm_imp_metal
vfx,#vfx/iw8_mp/killstreak/vfx_ac130_grnd_hit_40mm_ch_a
material,#elcq/vfx_fluid_water_splash_2_nospec
vfx,#vfx/iw8_mp/killstreak/shared/vfx_40mm_imp_mud
vfx,#vfx/iw8_mp/killstreak/shared/vfx_40mm_imp_snow
vfx,#vfx/iw8_mp/killstreak/shared/vfx_40mm_imp_wood
vfx,#vfx/iw8_mp/killstreak/shared/vfx_ac130_small_debris_ice
material,#elcq/vfx_dist_ring_4
vfx,#vfx/iw8_mp/killstreak/shared/vfx_40mm_v_ch_ice1
vfx,#vfx/iw8_mp/gen_amb/vfx_residual_fire_sml
vfx,#vfx/iw8_mp/killstreak/shared/vfx_40mm_v_ch_ice2
vfx,#vfx/iw8_mp/killstreak/shared/vfx_40mm_v_ch_metal1
vfx,#vfx/iw8_mp/killstreak/vfx_ac130_small_debris
vfx,#vfx/iw8_mp/killstreak/shared/vfx_40mm_v_ch_metal2
vfx,#vfx/iw8_mp/killstreak/vfx_ac130_md_impact_ch
vfx,#vfx/iw8_mp/killstreak/shared/vfx_ac130_med_imp_chockhit1
vfx,#vfx/iw8_mp/killstreak/shared/vfx_40mm_v_imp_metal
vfx,#vfx/iw8_mp/killstreak/shared/vfx_40mm_v_imp_snow
material,#elcq/vfx_vol_smoke_wispy_swirl_anim_b
vfx,#vfx/iw8_mp/killstreak/shared/vfx_bubbling_water_sml_ch
vfx,#vfx/iw8_mp/killstreak/shared/vfx_carepkg_landing_water_ch
material,#elcq/vfx_pyro_spark_burst_sheet_1
material,#elcq/vfx_postfx_crescent_1
material,#elcq/vfx_pyro_spark_filler_sheet_2
vfx,#vfx/iw8_mp/killstreak/shared/vfx_cluster_exp_wtr_ch
vfx,#vfx/iw8_mp/killstreak/shared/vfx_cluster_exp_water
vfx,#vfx/iw8_mp/killstreak/shared/vfx_cluster_water_blast_ch
vfx,#vfx/iw8_mp/killstreak/shared/vfx_cluster_water_blast
vfx,#vfx/iw8/weap/_impact/veh_explode/vfx_water_impact_1
vfx,#vfx/iw8_mp/killstreak/shared/vfx_cluster_water_impact
vfx,#vfx/iw8_mp/killstreak/shared/vfx_imp_chockhit_snow
vfx,#vfx/iw8_mp/killstreak/tank/vfx_tank_dropoff_water_ch
vfx,#vfx/iw8_mp/killstreak/vfx_toma_missile_exp_shrap_ice
material,#ecf/vfx_postfx_flare_rainbow_1
vfx,#vfx/iw8_mp/level/cave/vfx_cave_bulb_light_flare
material,#elcq/vfx_pyro_fire_ceiling_loop_1
vfx,#vfx/iw8_mp/level/cave/vfx_cave_ceiling_fire
material,#elcq/vfx_pyro_fire_base_anim_2
material,#elcq/vfx_pyro_fire_base_med_loop_1
vfx,#vfx/iw8_mp/level/cave/vfx_cave_ceiling_fire_drip_ch
vfx,#vfx/iw8_mp/level/cave/vfx_cave_ceiling_fire_drip_impact_ch
vfx,#vfx/iw8_mp/level/cave/vfx_cave_ceiling_fire_drip
vfx,#vfx/iw8_mp/level/cave/vfx_cave_chimney_smoke_1
material,#elcq/vfx_vol_smoke_wispy_loop_2
vfx,#vfx/iw8_mp/level/cave/vfx_cave_chimney_smoke_2
material,#elcq/vfx_postfx_bokeh_sharp_sheet_1_lit
vfx,#vfx/iw8_mp/level/cave/vfx_cave_constant_motes
vfx,#vfx/iw8_mp/level/cave/vfx_cave_drone_fire
material,#elcq/vfx_pyro_fire_fuel_g2_med_base_loop_1
material,#elcq/vfx_pyro_fire_fuel_g2_med_grnd_loop_1
vfx,#vfx/iw8_mp/level/cave/vfx_cave_drone_fire_med
material,#elcq/vfx_pyro_fire_fuel_g2_sml_grnd_loop_1
vfx,#vfx/iw8_mp/level/cave/vfx_cave_drone_fire_sml
vfx,#vfx/iw8_mp/level/cave/vfx_cave_drone_fire_tiny
material,#elcq/vfx_vol_smoke_puff_ball_lrg_loop_1
vfx,#vfx/iw8_mp/level/cave/vfx_cave_drone_smoke_ch
vfx,#vfx/iw8_mp/level/cave/vfx_cave_drone_smoke
material,#elcq/vfx_particulate_bokeh_sharp_sheet_1
vfx,#vfx/iw8_mp/level/cave/vfx_cave_dust_motes_sml
vfx,#vfx/iw8_mp/level/cave/vfx_cave_dust_pocket_sm
vfx,#vfx/iw8_mp/level/spear/vfx_spr_falling_dust_ceiling_ch1
xmodel,#vfx_debris_rocks_1_g1
xmodel,#vfx_debris_rocks_1_g2
vfx,#vfx/iw8_mp/level/spear/vfx_spr_falling_dust_ceiling_ch2
vfx,#vfx/iw8_mp/level/cave/vfx_cave_falling_dust_ceiling
material,#elcq/vfx_dist_heatshimmer_extra_heavy
material,#elcq/vfx_burning_plate_1
vfx,#vfx/iw8_mp/level/cave/vfx_cave_fireplace_fire
material,#ecf/vfx_postfx_glow_streak_1
material,#ecf/vfx_postfx_stripe_1
vfx,#vfx/iw8_mp/level/cave/vfx_cave_flood_light_flare
vfx,#vfx/iw8_mp/level/cave/vfx_cave_gd_steam_a
vfx,#vfx/iw8_mp/level/cave/vfx_cave_gd_steam_b
vfx,#vfx/iw8_mp/level/cave/vfx_cave_headlight_lensflare
material,#ecf/vfx_postfx_anamorphic_streaks_1
vfx,#vfx/iw8_mp/level/cave/vfx_cave_lantern_lensflare
material,#elcq/vfx_anml_insect_moth_02_loop
vfx,#vfx/iw8_mp/level/cave/vfx_cave_moth_a
vfx,#vfx/iw8_mp/level/cave/vfx_cave_orange_lensflare
vfx,#vfx/iw8_mp/level/cave/vfx_cave_smoke_hole_ceiling
vfx,#vfx/iw8_mp/level/cave/vfx_cave_tree_fire
material,#elcq/vfx_vol_weather_rain_drop_sheet_1
vfx,#vfx/iw8_mp/level/cave/vfx_cave_water_pour_sm
vfx,#vfx/iw8_mp/level/cave/vfx_cave_wood_beam_fire_1
material,#elcq/vfx_animal_insect_moth_loop_1
vfx,#vfx/iw8_mp/level/hackyard/vfx_moths
vfx,#vfx/iw8_mp/lightswitch/vfx_ee_industrial_light_hanging_on_flare
vfx,#vfx/iw8_mp/lightswitch/vfx_ee_light_mounted_exterior_industrial_caged_02_spear_pm_on
vfx,#vfx/iw8_mp/lightswitch/vfx_light_ee_light_fixture_wall_mounted_03_flare
vfx,#vfx/iw8_mp/lightswitch/vfx_light_me_light_ceiling_fluorescent_tube_strong_runner_pm_flare
material,#elcq/vfx_anml_insect_moth_01_loop
vfx,#vfx/iw8_mp/lightswitch/vfx_lightswitch_moths_negz
vfx,#vfx/iw8_mp/lightswitch/vfx_lightswitch_sparks
vfx,#vfx/iw8_mp/lightswitch/vfx_uk_industrial_light_01_on_flare
vfx,#vfx/iw8_mp/vehicle/vfx_mkilo_spooky_trail_arm_ch
xmodel,#p7_skulls_bones_arm_upper
material,#elcq/vfx_debris_plaster_dust_filler_lrg_sheet_1
material,#i/vfx_decal_imp_concrete_m03
material,#i/vfx_decal_imp_concrete_m02
vfx,#vfx/iw8_mp/vehicle/vfx_mkilo_spooky_trail_concrete_ch
vfx,#vfx/iw8_mp/vehicle/vfx_mkilo_spooky_trail_ice_ch
material,#i/vfx_decal_imp_dirt_m02
vfx,#vfx/iw8_mp/vehicle/vfx_mkilo_spooky_trail_mud_ch
material,#elcq/vfx_fluid_water_splash_anim_3_nospec
material,#i/vfx_decal_imp_dirt_m01
vfx,#vfx/iw8_mp/vehicle/vfx_mkilo_spooky_trail_sand_ch
material,#i/vfx_decal_surface_snow_1_nn
vfx,#vfx/iw8_mp/vehicle/vfx_mkilo_spooky_trail_snow_ch
vfx,#vfx/iw8_mp/vehicle/vfx_mkilo_spooky_trail_water_ch
scriptable,#accessory_sling_backpack_01
scriptable,#ammo_press_die_bin_01_full
scriptable,#bucket_rusted_empty_01
scriptable,#cinderblock_01_01
scriptable,#cinderblock_01_01_clip
scriptable,#cinderblock_wall_endcap_01_24_clip
scriptable,#cinderblock_wall_topper_01_16
scriptable,#com_duct_tape_1
scriptable,#com_junktire_dirty
vfx,#vfx/iw8/prop/scriptables/vfx_equipment_propane_burner_stove_01_white_s3
rumble,#damage_heavy
scriptable,#container_gas_tank_01
scriptable,#decor_cafe_sheesha_damaged_silver
scriptable,#decor_containers_01_small_blue
scriptable,#decor_containers_01_small_gray
scriptable,#decor_drying_rack_01_cup_01
scriptable,#decor_drying_rack_01_cup_01_static
scriptable,#decor_drying_rack_01_plate_01
scriptable,#decor_drying_rack_01_plate_01_static
scriptable,#decor_drying_rack_01_plate_02_static
scriptable,#decor_drying_rack_01_plate_03
scriptable,#decor_drying_rack_01_plate_03_static
scriptable,#decor_misc_props_01_bottle
scriptable,#decor_misc_props_01_jar_small
scriptable,#decor_plastic_buckets_01_big_blue
scriptable,#decor_plastic_buckets_01_big_white
scriptable,#decor_serving_tray_01_single_gray
scriptable,#decor_shoes_01_sandals_female_brown_left
scriptable,#decor_shoes_01_sandals_female_brown_right
scriptable,#decor_shoes_01_sandals_male_blue_left
scriptable,#decor_shoes_01_sandals_male_blue_right
scriptable,#decor_shoes_01_sandals_male_brown_left
scriptable,#decor_shoes_01_sandals_male_brown_right
scriptable,#dns_tool_hammer01_iw6
scriptable,#ee_construction_tool_box_metal_01
scriptable,#electrical_conduit_set_electrical_box_03
scriptable,#electrical_conduit_set_electrical_box_big
scriptable,#electrical_conduit_set_electrical_box_medium
scriptable,#equipment_box_fan
scriptable,#equipment_military_radio_old_06
scriptable,#equipment_mortar_shell_improvised_02_bare
scriptable,#equipment_mortar_shell_improvised_02b_bare
scriptable,#equipment_propane_burner_stove_01_red
scriptable,#equipment_satellite_dish_01_lrg
scriptable,#equipment_satellite_dish_01_sml
scriptable,#equipment_tv_01
scriptable,#equipment_tv_01_off
scriptable,#food_cans_bottles_and_jars_can_01
scriptable,#food_cans_bottles_and_jars_jar_02
scriptable,#food_cans_bottles_and_jars_jar_03
scriptable,#furniture_plastic_stool_white
scriptable,#kitchen_01_pan_food_01
scriptable,#kitchen_01_teapot_01
scriptable,#light_ee_industrial_light_hanging
scriptable,#light_ee_industrial_light_hanging_cave
scriptable,#light_ee_light_fixture_wall_mounted_03
scriptable,#light_ee_light_fixture_wall_mounted_04
scriptable,#light_ee_light_mounted_exterior_industrial_caged_02_spear_pm
scriptable,#light_me_light_ceiling_fluorescent_tube_strong_runner_pm
scriptable,#light_sparks
scriptable,#light_uk_industrial_light_01
scriptable,#me_decor_wood_container_01
scriptable,#me_decor_wood_container_02
scriptable,#me_electric_generator_01
scriptable,#me_garbage_tire_spare_01
scriptable,#me_instrument_oud_guitar_01
scriptable,#me_kitchen_cabinet_door_left_01
scriptable,#me_kitchen_cabinet_door_right_01
scriptable,#me_structural_wall_stone_a_08
scriptable,#me_structural_wall_stone_a_08b
scriptable,#me_structural_wall_stone_a_09
scriptable,#me_structural_wall_stone_a_09b
scriptable,#misc_interior_soccer_ball_01
scriptable,#misc_propane_rocket
scriptable,#misc_tools_hammer_01
scriptable,#misc_tools_wrench_01
scriptable,#pot_clay_02_dark
scriptable,#pot_clay_03_bright
scriptable,#pot_clay_old_01
scriptable,#pot_clay_old_01_dark
scriptable,#prop_uav_radio
scriptable,#scriptable_door_wood_ornate_01_blue_double_l
scriptable,#scriptable_door_wood_ornate_01_blue_double_r
scriptable,#uk_bottle_oil_small_01
scriptable,#uk_car_body_paint_filler_01
vfx,#vfx/iw8/prop/scriptables/vfx_uk_gas_tank_thin_cylinder_destr_debris
scriptable,#uk_gas_tank_thin_cylinder
vfx,#vfx/iw8/prop/scriptables/vfx_uk_gas_tank_thin_cylinder_2_destr_debris
scriptable,#uk_gas_tank_thin_cylinder_2
scriptable,#uk_misc_car_parts_crate_01
scriptable,#uk_toilet_garage_01
scriptable,#usmc_military_backpack_01
xmodel,#veh8_civ_lnd_hindia_wheel_dst
vfx,#vfx/iw8/veh/scriptables/vfx_veh_smoke_ground_light
vfx,#vfx/iw8/veh/scriptables/vfx_veh_smoke_ground_heavy
vfx,#vfx/iw8/veh/scriptables/vfx_veh_fire_engine_flareup
vfx,#vfx/iw8/veh/scriptables/shared/vfx_veh_engine_oil_pool
vfx,#vfx/iw8/veh/scriptables/vfx_veh_explosion_sedan
vfx,#vfx/iw8/veh/scriptables/vfx_veh_fire_linger
rumble,#grenade_rumble
vfx,#vfx/iw8/veh/scriptables/vfx_veh_glass_window_side
vfx,#vfx/iw8/veh/scriptables/vfx_veh_glass_windshield
xanim,#veh8_common_pickup_trunk_open_slight
xanim,#veh8_common_pickup_hood_open_slight
xanim,#veh8_common_pickup_flattire_rb
xanim,#veh8_common_pickup_flattire_rf
xanim,#veh8_common_pickup_flattire_lb
vfx,#vfx/iw8/veh/scriptables/vfx_veh_wheel_air_leak_left
xanim,#veh8_common_pickup_flattire_lf
xanim,#veh8_common_pickup_expl_lf
xanim,#veh8_common_pickup_expl_rf
xanim,#veh8_common_pickup_expl_lb
xanim,#veh8_common_pickup_expl_rb
scriptable,#veh8_civ_lnd_hindia_mp
dynentitylist,#dynentitylist0
carryobject,#hostage_mage
carryobject,#hostage_morales
carryobject,#hostage_pilot
camera,#helmetcam_forward
suitanimpackage,#iw8_defaultsuitanimpackage_mp
suitanimpackage,#akimbo_l
suitanimpackage,#akimbo_r
suitanimpackage,#demeanor
suitanimpackage,#demeanor_safe
aiasm,#playerasm
aianimset,#playerasm_cp
scriptable,#player_scriptable_cp
rumble,#ground_pound_start
rumble,#ground_pound_land
rumble,#player_mediumheightlanding
rumble,#player_highheightlanding
rumble,#player_extremeheightlanding
rumble,#viewmodel_small
footstepvfx,#suit_footstep_creep_vfx
footstepvfx,#suit_footstep_walk_vfx
footstepvfx,#suit_footstep_run_vfx
xmodel,#misc_vm_br_parachute
xmodel,#misc_wm_br_parachute
cinematicmotion,#iw8_skydive_freefall
rumblegraph,#skydive_freefall_horizontal_look_force.rmb
rumblegraph,#skydive_freefall_horizontal_stick_force.rmb
rumblegraph,#skydive_freefall_horizontal_look_drag.rmb
rumblegraph,#skydive_freefall_horizontal_stick_drag.rmb
rumblegraph,#skydive_freefall_vertical_look_drag.rmb
rumblegraph,#skydive_freefall_vertical_stick_drag_increase.rmb
rumblegraph,#skydive_freefall_vertical_stick_drag_reduction.rmb
rumblegraph,#skydive_freefall_turn_multiplier_graph.rmb
rumblegraph,#skydive_freefall_turn_multiplier_pitch_graph.rmb
cinematicmotion,#iw8_skydive_canopy
rumblegraph,#skydive_canopy_horizontal_look_force.rmb
rumblegraph,#skydive_canopy_horizontal_stick_force.rmb
rumblegraph,#skydive_canopy_horizontal_look_drag.rmb
rumblegraph,#skydive_canopy_horizontal_stick_drag.rmb
rumblegraph,#skydive_canopy_vertical_look_drag.rmb
rumblegraph,#skydive_canopy_vertical_stick_drag_increase.rmb
rumblegraph,#skydive_canopy_vertical_stick_drag_reduction.rmb
rumblegraph,#skydive_canopy_turn_multiplier_graph.rmb
rumblegraph,#skydive_canopy_turn_multiplier_pitch_graph.rmb
rumblegraph,#skydive_wmanim_freefall_lstickx_to_roll.rmb
rumblegraph,#skydive_wmanim_freefall_rstickx_to_roll.rmb
rumblegraph,#skydive_cam_freefall_pitch_to_dist.rmb
rumblegraph,#skydive_cam_freefall_pitch_to_forward_offset.rmb
rumblegraph,#skydive_cam_parachute_pitch_to_dist.rmb
rumblegraph,#skydive_cam_parachute_pitch_to_forward_offset.rmb
rumblegraph,#skydive_cam_parachute_pitch_to_pitch_forward_offset.rmb
rumblegraph,#skydive_cam_parachute_pitch_to_roll_side_offset.rmb
rumblegraph,#skydive_cam_parachute_pitch_to_roll_up_offset.rmb
suit,#iw8_hvtcarry_cp
xmodelsurfs,#offhand_wm_at_mine_lod1_auto110v010
xmodelsurfs,#offhand_wm_at_mine_lod1_auto1_auto200v40
xmodelsurfs,#offhand_wm_grenade_flash_destr_lod0_auto110v60
xmodelsurfs,#offhand_wm_grenade_flash_destr_lod0_auto1_auto210v60
xmodelsurfs,#offhand_wm_grenade_flash_destr_lod0_auto1_auto2_auto310v60
xmodelsurfs,#offhand_wm_grenade_smoke_lod1_auto110v40
xmodelsurfs,#offhand_wm_grenade_smoke_lod1_auto1_auto210v40
xmodelsurfs,#offhand_wm_grenade_teargas_lod1_auto110v40
xmodelsurfs,#offhand_wm_grenade_teargas_lod1_auto1_auto210v40
xmodelsurfs,#space_suit_chunks_02_lod0_auto110v40
xmodelsurfs,#space_suit_chunks_04_lod0_auto110v40
xmodelsurfs,#veh8_civ_lnd_hindia_wheel_dst_lod0_auto110v010
xmodelsurfs,#veh8_civ_lnd_hindia_wheel_dst_lod0_auto1_auto210v010
xmodelsurfs,#vfx_dome_shield_fill_lod0_auto110v50
xmodelsurfs,#vfx_dome_shield_fill_lod0_auto1_auto210v50
streaminginfo,#cp_sv_cave_pm
camera,#cam_car_orbit
camera,#killcam_car
vfx,#vfx/code/tread/heli_dust_default
vfx,#vfx/code/tread/heli_water
material,#icon_minimap_apache
vehicle,#veh_apache_cp
vfx,#vfx/iw7/core/shell/ammo_case_resting
vfx,#vfx/iw7/core/shell/pistol_resting
vfx,#vfx/iw7/core/shell/ar/vfx_se_ar_resting
vfx,#vfx/iw8_mp/equipment/vfx_null
vfx,#vfx/iw8_mp/equipment/smoke_grenade/vfx_smoke_gren_ch
vfx,#vfx/iw8_mp/killstreak/shared/vfx_bubbling_water
vfx,#vfx/iw8_mp/equipment/gas_grenade/vfx_gas_exp_ch
vfx,#vfx/iw8_mp/killstreak/shared/vfx_25mm_water_impact
vfx,#vfx/iw8_mp/equipment/flashbang/vfx_flash_bang_ch
vfx,#vfx/iw8_mp/equipment/thermite/vfx_thermite_burn_ch
vfx,#vfx/iw8_mp/equipment/thermite/vfx_thermite_end_ch
vfx,#vfx/iw8_mp/equipment/mine/vfx_at_mine_exp_ch
vfx,#vfx/iw8_mp/killstreak/shared/vfx_105mm_water_impact
vfx,#vfx/iw8_mp/equipment/c4/vfx_gen_c4_exp2_ch
vfx,#vfx/iw8_mp/equipment/c4/vfx_gen_c4_exp2_ice_ch
vfx,#vfx/iw8_mp/equipment/c4/vfx_gen_c4_exp2_metal_ch
vfx,#vfx/iw8_mp/equipment/c4/vfx_gen_c4_exp2_sand_ch
vfx,#vfx/iw8_mp/equipment/c4/vfx_gen_c4_exp_wall_ch
vfx,#vfx/iw8/weap/_explo/cruise_missile/vfx_expl_cruise_main
vfx,#vfx/iw8_mp/killstreak/shared/vfx_carepkg_landing_dust_ch
vfx,#vfx/iw8_mp/killstreak/shared/vfx_cluster_exp_ch
vfx,#vfx/iw8_mp/killstreak/vfx_toma_missile_exp_shrap_ch
vfx,#vfx/iw8_mp/killstreak/shared/vfx_a10_impacts_ch
vfx,#vfx/iw8_mp/killstreak/shared/vfx_40mm_water_impact
vfx,#vfx/iw8_mp/killstreak/shared/vfx_ac130_40mm_impact_v_ch
vfx,#vfx/iw8_mp/killstreak/shared/vfx_ac130_40mm_impact_w_ch
vfx,#vfx/iw8_mp/killstreak/shared/vfx_40mm_imp_gen
vfx,#vfx/core/expl/vfx_tank_miss_exp_ch_a
vfx,#vfx/iw8_mp/killstreak/tank/vfx_tank_dropoff_dust_ch
vfx,#vfx/iw8_mp/vehicle/vfx_mkilo_spooky_trail_ch
vfx,#vfx/iw8_mp/equipment/vfx_aalpha12_projectile_explo_child
vfx,#vfx/iw8_mp/equipment/vfx_aalpha12_projectile_explo_ice
vfx,#vfx/iw8_mp/equipment/vfx_aalpha12_projectile_explo_mud
vfx,#vfx/iw8_mp/equipment/vfx_aalpha12_projectile_explo_snow
vfx,#vfx/iw8_mp/equipment/vfx_aalpha12_projectile_explo_water
vfx,#vfx/core/expl/vfx_projectile_small_exp
vfx,#vfx/core/expl/vfx_projectile_small_exp_shal_wat
vfx,#vfx/core/expl/vfx_projectile_small_exp_water
surfacefx,#void
vfx,#vfx/iw8/weap/_impact/bark/vfx_imp_bark_solid_med
vfx,#vfx/iw8/weap/_impact/concrete/vfx_imp_concrete_sml
vfx,#vfx/iw8/weap/_impact/cloth/vfx_imp_cloth_med
vfx,#vfx/iw8/weap/_impact/flesh/vfx_imp_flesh_sml
vfx,#vfx/iw8/weap/_impact/foliage/vfx_imp_foliage_med
vfx,#vfx/iw8/weap/_impact/glass/vfx_imp_glass_sml
vfx,#vfx/iw8/weap/_impact/grass/vfx_imp_grass_med
vfx,#vfx/iw8/weap/_impact/gravel/vfx_imp_gravel_med
vfx,#vfx/iw8/weap/_impact/ice/vfx_imp_ice_med
vfx,#vfx/iw8/weap/_impact/metal/vfx_imp_metal_nonpen_sml
vfx,#vfx/iw8/weap/_impact/mud/vfx_imp_mud_sml
vfx,#vfx/iw8/weap/_impact/paper/vfx_imp_paper_med
vfx,#vfx/iw8/weap/_impact/plaster/vfx_imp_plaster_sml
vfx,#vfx/iw8/weap/_impact/rock/vfx_imp_rock_med
vfx,#vfx/iw8/weap/_impact/sand/vfx_imp_sand_sml
vfx,#vfx/iw8/weap/_impact/snow/vfx_imp_snow_med
vfx,#vfx/iw8/weap/_impact/water/vfx_imp_water_med
vfx,#vfx/iw8/weap/_impact/wood_solid/vfx_imp_wood_solid_sml
vfx,#vfx/iw8/weap/_impact/asphalt/vfx_imp_asphalt_sml
vfx,#vfx/iw8/weap/_impact/tile/vfx_imp_tile_med
vfx,#vfx/iw8/weap/_impact/plastic/vfx_imp_plastic_med
vfx,#vfx/iw8/weap/_impact/rubber/vfx_imp_rubber_med
vfx,#vfx/iw8/weap/_impact/splash/vfx_imp_splash_med
vfx,#vfx/iw8/weap/_impact/metal/vfx_imp_metal_thick_sml
vfx,#vfx/iw8/weap/_impact/riotshield/vfx_imp_riotshield_sml
vfx,#vfx/iw8/weap/_impact/slush/vfx_imp_slush_med
vfx,#vfx/iw8/weap/_impact/cushion/vfx_imp_cushion_med
vfx,#vfx/iw8/weap/_impact/generic/vfx_imp_generic_sml
vfx,#vfx/iw8/weap/_impact/glass_bltprf/vfx_imp_glassbltprf_med
vfx,#vfx/iw8/weap/_impact/body_armor/vfx_imp_bodyarmor_med
vfx,#vfx/iw8/weap/_impact/drywall/vfx_imp_drywall_sml
vfx,#vfx/iw8/weap/_impact/mud_riverbed/vfx_imp_mudriverbed_med
vfx,#vfx/iw8/weap/_impact/kevlar/vfx_imp_kevlar_med
vfx,#vfx/iw8/weap/_impact/flesh/vfx_imp_flesh_med
vfx,#vfx/iw8/weap/_impact/flesh/vfx_imp_flesh_fatal_head_med
vfx,#vfx/iw8/weap/_impact/concrete/vfx_imp_concrete_sml_exit
vfx,#vfx/iw8/weap/_impact/flesh/vfx_imp_flesh_sml_exit
vfx,#vfx/iw8/weap/_impact/metal/vfx_imp_metal_thick_sml_exit
vfx,#vfx/iw8/weap/_impact/plaster/vfx_imp_plaster_sml_exit
vfx,#vfx/iw8/weap/_impact/wood_solid/vfx_imp_wood_solid_sml_exit
vfx,#vfx/iw8/weap/_impact/drywall/vfx_imp_drywall_sml_exit
vfx,#vfx/iw8/weap/_impact/flesh/vfx_imp_flesh_med_exit
vfx,#vfx/iw8/weap/_impact/flesh/vfx_imp_flesh_lrg_exit
vfx,#vfx/iw8/weap/_impact/concrete/vfx_imp_concrete_med
vfx,#vfx/iw8/weap/_impact/dirt/vfx_imp_dirt_med
vfx,#vfx/iw8/weap/_impact/glass/vfx_imp_glass_med
vfx,#vfx/iw8/weap/_impact/metal/vfx_imp_metal_nonpen_med
vfx,#vfx/iw8/weap/_impact/metal/vfx_imp_metal_thick_med
vfx,#vfx/iw8/weap/_impact/mud/vfx_imp_mud_med
vfx,#vfx/iw8/weap/_impact/plaster/vfx_imp_plaster_med
vfx,#vfx/iw8/weap/_impact/sand/vfx_imp_sand_med
vfx,#vfx/iw8/weap/_impact/wood_solid/vfx_imp_wood_solid_med
vfx,#vfx/iw8/weap/_impact/asphalt/vfx_imp_asphalt_med
vfx,#vfx/iw8/weap/_impact/riotshield/vfx_imp_riotshield_med
vfx,#vfx/iw8/weap/_impact/generic/vfx_imp_generic_med
vfx,#vfx/iw8/weap/_impact/metal/vfx_imp_metal_thick_lrg_heli
vfx,#vfx/iw8/weap/_impact/drywall/vfx_imp_drywall_med
vfx,#vfx/iw8/weap/_impact/cinder/vfx_imp_cinder_med
vfx,#vfx/iw8/weap/_impact/flesh/vfx_imp_flesh_fatal_med
vfx,#vfx/iw8/weap/_impact/concrete/vfx_imp_concrete_med_exit
vfx,#vfx/iw8/weap/_impact/metal/vfx_imp_metal_thick_med_exit
vfx,#vfx/iw8/weap/_impact/plaster/vfx_imp_plaster_med_exit
vfx,#vfx/iw8/weap/_impact/wood_solid/vfx_imp_wood_solid_med_exit
vfx,#vfx/iw8/weap/_impact/drywall/vfx_imp_drywall_med_exit
vfx,#vfx/iw8/weap/_impact/concrete/vfx_imp_concrete_lrg
vfx,#vfx/iw8/weap/_impact/dirt/vfx_imp_dirt_lrg
vfx,#vfx/iw8/weap/_impact/flesh/vfx_imp_flesh_lrg
vfx,#vfx/iw8/weap/_impact/glass/vfx_imp_glass_lrg
vfx,#vfx/iw8/weap/_impact/metal/vfx_imp_metal_nonpen_lrg
vfx,#vfx/iw8/weap/_impact/mud/vfx_imp_mud_lrg
vfx,#vfx/iw8/weap/_impact/plaster/vfx_imp_plaster_lrg
vfx,#vfx/iw8/weap/_impact/sand/vfx_imp_sand_lrg
vfx,#vfx/iw8/weap/_impact/wood_solid/vfx_imp_wood_solid_lrg
vfx,#vfx/iw8/weap/_impact/asphalt/vfx_imp_asphalt_lrg
vfx,#vfx/iw8/weap/_impact/metal/vfx_imp_metal_thick_lrg
vfx,#vfx/iw8/weap/_impact/concrete/vfx_imp_concrete_lrg_exit
vfx,#vfx/iw8/weap/_impact/metal/vfx_imp_metal_thick_lrg_exit
vfx,#vfx/iw8/weap/_impact/plaster/vfx_imp_plaster_lrg_exit
vfx,#vfx/iw8/weap/_impact/wood_solid/vfx_imp_wood_solid_lrg_exit
vfx,#vfx/iw8/weap/_impact/drywall/vfx_imp_drywall_lrg_exit
vfx,#vfx/iw8/weap/_impact/wood_solid/vfx_imp_wood_solid_12g
vfx,#vfx/iw8/weap/_impact/concrete/vfx_imp_concrete_12g
vfx,#vfx/iw8/weap/_impact/cloth/vfx_imp_cloth_12g
vfx,#vfx/iw8/weap/_impact/dirt/vfx_imp_dirt_12g
vfx,#vfx/iw8/weap/_impact/flesh/vfx_imp_flesh_12g
vfx,#vfx/iw8/weap/_impact/glass/vfx_imp_glass_12g
vfx,#vfx/iw8/weap/_impact/grass/vfx_imp_grass_12g
vfx,#vfx/iw8/weap/_impact/gravel/vfx_imp_gravel_12g
vfx,#vfx/iw8/weap/_impact/ice/vfx_imp_ice_12g
vfx,#vfx/iw8/weap/_impact/metal/vfx_imp_metal_nonpen_12g
vfx,#vfx/iw8/weap/_impact/mud/vfx_imp_mud_12g
vfx,#vfx/iw8/weap/_impact/paper/vfx_imp_paper_12g
vfx,#vfx/iw8/weap/_impact/plaster/vfx_imp_plaster_12g
vfx,#vfx/iw8/weap/_impact/rock/vfx_imp_rock_12g
vfx,#vfx/iw8/weap/_impact/sand/vfx_imp_sand_12g
vfx,#vfx/iw8/weap/_impact/snow/vfx_imp_snow_12g
vfx,#vfx/iw8/weap/_impact/water/vfx_imp_water_12g
vfx,#vfx/iw8/weap/_impact/asphalt/vfx_imp_asphalt_12g
vfx,#vfx/iw8/weap/_impact/plastic/vfx_imp_plastic_12g
vfx,#vfx/iw8/weap/_impact/rubber/vfx_imp_rubber_12g
vfx,#vfx/iw8/weap/_impact/metal/vfx_imp_metal_thick_12g
vfx,#vfx/iw8/weap/_impact/riotshield/vfx_imp_riotshield_12g
vfx,#vfx/iw8/weap/_impact/slush/vfx_imp_slush_12g
vfx,#vfx/iw8/weap/_impact/cushion/vfx_imp_cushion_12g
vfx,#vfx/iw8/weap/_impact/glass_bltprf/vfx_imp_glassbltprf_12g
vfx,#vfx/iw8/weap/_impact/tile/vfx_imp_tile_12g
vfx,#vfx/iw8/weap/_impact/drywall/vfx_imp_drywall_12g
vfx,#vfx/iw8/weap/_impact/generic/vfx_imp_generic_12g
vfx,#vfx/iw8/weap/_impact/flesh/vfx_imp_flesh_12g_exit
vfx,#vfx/iw8/weap/_impact/drywall/vfx_imp_drywall_12g_exit
vfx,#vfx/iw8/weap/_knife/vfx_imp_knife_generic
vfx,#vfx/iw8/weap/_knife/vfx_imp_knife_dirt
vfx,#vfx/iw8/weap/_knife/vfx_imp_knife_concrete
vfx,#vfx/iw8/weap/_knife/vfx_imp_knife_flesh
vfx,#vfx/iw8/weap/_knife/vfx_imp_knife_metal
vfx,#vfx/iw8/weap/_impact/water/vfx_imp_water_sml_xup
vfx,#vfx/iw8/weap/_knife/vfx_imp_knife_glass
vfx,#vfx/iw8/weap/_bounce/vfx_bounce_generic
vfx,#vfx/iw8/weap/_bounce/vfx_bounce_ice
vfx,#vfx/iw8/weap/_bounce/vfx_bounce_metal
vfx,#vfx/iw8/weap/_bounce/vfx_bounce_mud
vfx,#vfx/iw8/weap/_explo/vfx_explo_frag_gren
vfx,#vfx/iw8/weap/_explo/frag_alt/vfx_explo_frag_gren_ice
vfx,#vfx/iw8/weap/_explo/frag_alt/vfx_explo_frag_gren_snow
vfx,#vfx/iw8/weap/_explo/frag_alt/vfx_explo_frag_gren_water
vfx,#vfx/core/expl/vfx_projectile_small_exp_ice
vfx,#vfx/core/expl/vfx_projectile_small_exp_metal
vfx,#vfx/core/expl/vfx_projectile_small_exp_mud
vfx,#vfx/core/expl/vfx_projectile_small_exp_sand
vfx,#vfx/core/expl/vfx_projectile_small_exp_snow
vfx,#vfx/core/expl/vfx_projectile_small_exp_wood
vfx,#vfx/core/expl/vfx_projectile_exp
vfx,#vfx/core/expl/vfx_projectile_exp_ice
vfx,#vfx/core/expl/vfx_projectile_exp_metal
vfx,#vfx/core/expl/vfx_projectile_exp_mud
vfx,#vfx/core/expl/vfx_projectile_exp_sand
vfx,#vfx/core/expl/vfx_projectile_exp_shal_wat
vfx,#vfx/core/expl/vfx_projectile_exp_wood
vfx,#vfx/core/expl/vfx_projectile_exp_water
vfx,#vfx/iw8/weap/_impact/generic/vfx_imp_generic_xxl
vfx,#vfx/iw8/weap/_impact/concrete/vfx_imp_concrete_xxl
vfx,#vfx/iw8/weap/_impact/dirt/vfx_imp_dirt_xxl
vfx,#vfx/iw8/weap/_impact/flesh/vfx_imp_flesh_xxl
vfx,#vfx/iw8/weap/_impact/grass/vfx_imp_grass_xxl
vfx,#vfx/iw8/weap/_impact/asphalt/vfx_imp_asphalt_xxl
vfx,#vfx/iw8/weap/_impact/metal/vfx_imp_metal_thick_xxl
vfx,#vfx/iw8/weap/_impact/mud/vfx_imp_mud_xxl
vfx,#vfx/iw8/weap/_impact/plaster/vfx_imp_plaster_xxl
vfx,#vfx/iw8/weap/_impact/sand/vfx_imp_sand_xxl
vfx,#vfx/iw8/weap/_impact/water/vfx_imp_water_xxl
vfx,#vfx/iw8/weap/_impact/wood_solid/vfx_imp_wood_solid_xxl
vfx,#vfx/iw8/weap/_impact/foliage/vfx_imp_foliage_lrg
vfx,#vfx/iw8/weap/_impact/drywall/vfx_imp_drywall_lrg
vfx,#vfx/iw8/weap/_impact/veh_explode/vfx_veh_exp_generic
vfx,#vfx/iw8/weap/_impact/veh_explode/vfx_veh_exp_wood
vfx,#vfx/iw8/weap/_impact/veh_explode/vfx_veh_exp_cinder
vfx,#vfx/iw8/weap/_impact/veh_explode/vfx_veh_exp_concrete
vfx,#vfx/iw8/weap/_impact/veh_explode/vfx_veh_exp_dirt
vfx,#vfx/iw8/weap/_impact/veh_explode/vfx_veh_exp_flesh
vfx,#vfx/iw8/weap/_impact/veh_explode/vfx_veh_exp_metal
vfx,#vfx/iw8/weap/_impact/veh_explode/vfx_veh_exp_mud
vfx,#vfx/iw8/weap/_impact/veh_explode/vfx_veh_exp_plaster
vfx,#vfx/iw8/weap/_impact/veh_explode/vfx_veh_exp_sand
vfx,#vfx/iw8/weap/_impact/veh_explode/vfx_veh_exp_water
vfx,#vfx/iw8/weap/_impact/veh_explode/vfx_veh_exp_asphalt
vfx,#vfx/iw8/weap/_impact/veh_explode/vfx_veh_exp_drywall
vfx,#vfx/iw8_mp/killstreak/vfx_ahotel64_rocket_explosion
vfx,#vfx/iw8_mp/killstreak/chopper/vfx_rocket_exp_ice
vfx,#vfx/iw8/weap/_explo/25mm_gun/vfx_explo_25mm_gen
vfx,#vfx/iw8/weap/_explo/25mm_gun/vfx_explo_25mm_ice
vfx,#vfx/iw8/weap/_explo/25mm_gun/vfx_explo_25mm_metal
vfx,#vfx/iw8/weap/_explo/25mm_gun/vfx_explo_25mm_mud
vfx,#vfx/iw8/weap/_explo/25mm_gun/vfx_explo_25mm_asphalt
vfx,#vfx/iw8/weap/_explo/25mm_gun/vfx_explo_25mm_snow
vfx,#vfx/iw8/weap/_explo/25mm_gun/vfx_explo_25mm_wood
vfx,#vfx/iw8/core/apache/vfx_apache_mg_impact
vfx,#vfx/iw8/core/apache/vfx_apache_mg_impact_asphalt
vfx,#vfx/iw8/core/apache/vfx_apache_mg_impact_ice
vfx,#vfx/iw8/core/apache/vfx_apache_mg_impact_metal
vfx,#vfx/iw8/core/apache/vfx_apache_mg_impact_mud
vfx,#vfx/iw8/core/apache/vfx_apache_mg_impact_snow
vfx,#vfx/iw8/core/apache/vfx_apache_mg_impact_wood
vfx,#vfx/iw8_mp/equipment/concussion_grenade/vfx_con_air
vfx,#vfx/iw8_mp/equipment/concussion_grenade/vfx_concuss_ch
vfx,#vfx/iw8_mp/equipment/concussion_grenade/vfx_con_water
vfx,#vfx/iw8_mp/killstreak/shared/vfx_ac130_105mm_impact
vfx,#vfx/iw8/weap/_impact/_mtx/nail/vfx_imp_nail
vfx,#vfx/iw8/weap/_impact/_mtx/nail/vfx_imp_nail_bounce
vfx,#vfx/iw8/weap/_impact/_mtx/red/vfx_imp_concrete_med
vfx,#vfx/iw8/weap/_impact/_mtx/red/vfx_imp_dirt_med
vfx,#vfx/iw8/weap/_impact/_mtx/red/vfx_imp_flesh_med
vfx,#vfx/iw8/weap/_impact/_mtx/red/vfx_imp_metal_nonpen_med
vfx,#vfx/iw8/weap/_impact/_mtx/red/vfx_imp_metal_thick_med
vfx,#vfx/iw8/weap/_impact/_mtx/red/vfx_imp_flesh_fatal_med
vfx,#vfx/iw8/weap/_impact/_mtx/red/vfx_imp_flesh_fatal_head_med
vfx,#vfx/iw8/weap/_impact/_mtx/red/vfx_imp_mtx_sparks_lrg
vfx,#vfx/iw8/weap/_impact/_mtx/red/vfx_imp_mtx_sparks_lrg_cut
vfx,#vfx/iw8/weap/_impact/_mtx/red/vfx_imp_mtx_sparks_lrg_rad
vfx,#vfx/iw8/weap/_impact/_mtx/red/vfx_imp_mtx_sparks_lrg_short
vfx,#vfx/iw8/weap/_impact/_mtx/red/vfx_imp_mtx_sparks_lrg_water
vfx,#vfx/iw8/weap/_impact/_mtx/red/vfx_imp_mtx_sparks_lrg_wood
vfx,#vfx/iw8/weap/_impact/_mtx/red/vfx_imp_mtx_sparks_lrg_shld
vfx,#vfx/iw8/weap/_impact/_mtx/blue/vfx_imp_concrete_med
vfx,#vfx/iw8/weap/_impact/_mtx/blue/vfx_imp_dirt_med
vfx,#vfx/iw8/weap/_impact/_mtx/blue/vfx_imp_flesh_med
vfx,#vfx/iw8/weap/_impact/_mtx/blue/vfx_imp_metal_nonpen_med
vfx,#vfx/iw8/weap/_impact/_mtx/blue/vfx_imp_metal_thick_med
vfx,#vfx/iw8/weap/_impact/_mtx/blue/vfx_imp_flesh_fatal_med
vfx,#vfx/iw8/weap/_impact/_mtx/blue/vfx_imp_flesh_fatal_head_med
vfx,#vfx/iw8/weap/_impact/_mtx/blue/vfx_imp_mtx_sparks_lrg
vfx,#vfx/iw8/weap/_impact/_mtx/blue/vfx_imp_mtx_sparks_lrg_cut
vfx,#vfx/iw8/weap/_impact/_mtx/blue/vfx_imp_mtx_sparks_lrg_shld
vfx,#vfx/iw8/weap/_impact/_mtx/blue/vfx_imp_mtx_sparks_lrg_rad
vfx,#vfx/iw8/weap/_impact/_mtx/blue/vfx_imp_mtx_sparks_lrg_short
vfx,#vfx/iw8/weap/_impact/_mtx/blue/vfx_imp_mtx_sparks_lrg_wood
vfx,#vfx/iw8/weap/_impact/_mtx/cyan/vfx_imp_mtx_sparks_lrg
vfx,#vfx/iw8/weap/_impact/_mtx/cyan/vfx_imp_mtx_sparks_lrg_cut
vfx,#vfx/iw8/weap/_impact/_mtx/cyan/vfx_imp_mtx_sparks_lrg_flesh
vfx,#vfx/iw8/weap/_impact/_mtx/cyan/vfx_imp_mtx_sparks_lrg_rad
vfx,#vfx/iw8/weap/_impact/_mtx/cyan/vfx_imp_mtx_sparks_lrg_short
vfx,#vfx/iw8/weap/_impact/_mtx/cyan/vfx_imp_mtx_sparks_lrg_shld
vfx,#vfx/iw8/weap/_impact/_mtx/cyan/vfx_imp_mtx_sparks_lrg_wood
vfx,#vfx/iw8/weap/_impact/_mtx/pink/vfx_imp_concrete_med
vfx,#vfx/iw8/weap/_impact/_mtx/pink/vfx_imp_dirt_med
vfx,#vfx/iw8/weap/_impact/_mtx/pink/vfx_imp_flesh_med
vfx,#vfx/iw8/weap/_impact/_mtx/pink/vfx_imp_metal_nonpen_med
vfx,#vfx/iw8/weap/_impact/_mtx/pink/vfx_imp_metal_thick_med
vfx,#vfx/iw8/weap/_impact/_mtx/pink/vfx_imp_flesh_fatal_med
vfx,#vfx/iw8/weap/_impact/_mtx/pink/vfx_imp_flesh_fatal_head_med
vfx,#vfx/iw8/weap/_impact/_mtx/pink/vfx_imp_mtx_sparks_lrg
vfx,#vfx/iw8/weap/_impact/_mtx/pink/vfx_imp_mtx_sparks_lrg_cut
vfx,#vfx/iw8/weap/_impact/_mtx/pink/vfx_imp_mtx_sparks_lrg_rad
vfx,#vfx/iw8/weap/_impact/_mtx/pink/vfx_imp_mtx_sparks_lrg_short
vfx,#vfx/iw8/weap/_impact/_mtx/pink/vfx_imp_mtx_sparks_lrg_water
vfx,#vfx/iw8/weap/_impact/_mtx/pink/vfx_imp_mtx_sparks_lrg_wood
vfx,#vfx/iw8/weap/_impact/_mtx/pink/vfx_imp_mtx_sparks_lrg_shld
vfx,#vfx/iw8/weap/_impact/_mtx/anime/vfx_imp_flesh_med
vfx,#vfx/iw8/weap/_impact/_mtx/anime/vfx_imp_flesh_fatal_med
vfx,#vfx/iw8/weap/_impact/_mtx/anime/vfx_imp_flesh_fatal_head
vfx,#vfx/iw8/weap/_impact/_mtx/anime/vfx_imp_mtx_sparks_lrg
vfx,#vfx/iw8/weap/_impact/_mtx/anime/vfx_imp_mtx_sparks_water
vfx,#vfx/iw8/weap/_impact/_mtx/grn/vfx_imp_concrete_med
vfx,#vfx/iw8/weap/_impact/_mtx/grn/vfx_imp_dirt_med
vfx,#vfx/iw8/weap/_impact/_mtx/grn/vfx_imp_flesh_med
vfx,#vfx/iw8/weap/_impact/_mtx/grn/vfx_imp_metal_nonpen_med
vfx,#vfx/iw8/weap/_impact/_mtx/grn/vfx_imp_metal_thick_med
vfx,#vfx/iw8/weap/_impact/_mtx/grn/vfx_imp_flesh_fatal_med
vfx,#vfx/iw8/weap/_impact/_mtx/grn/vfx_imp_flesh_fatal_head_med
vfx,#vfx/iw8/weap/_impact/_mtx/grn/vfx_imp_mtx_sparks_lrg
vfx,#vfx/iw8/weap/_impact/_mtx/grn/vfx_imp_mtx_sparks_lrg_cut
vfx,#vfx/iw8/weap/_impact/_mtx/grn/vfx_imp_mtx_sparks_lrg_rad
vfx,#vfx/iw8/weap/_impact/_mtx/grn/vfx_imp_mtx_sparks_lrg_short
vfx,#vfx/iw8/weap/_impact/_mtx/grn/vfx_imp_mtx_sparks_lrg_water
vfx,#vfx/iw8/weap/_impact/_mtx/grn/vfx_imp_mtx_sparks_lrg_wood
vfx,#vfx/iw8/weap/_impact/_mtx/grn/vfx_imp_mtx_sparks_lrg_shld
vfx,#vfx/iw8/weap/_impact/_mtx/purp/vfx_imp_concrete_med
vfx,#vfx/iw8/weap/_impact/_mtx/purp/vfx_imp_dirt_med
vfx,#vfx/iw8/weap/_impact/_mtx/purp/vfx_imp_flesh_med
vfx,#vfx/iw8/weap/_impact/_mtx/purp/vfx_imp_metal_nonpen_med
vfx,#vfx/iw8/weap/_impact/_mtx/purp/vfx_imp_metal_thick_med
vfx,#vfx/iw8/weap/_impact/_mtx/purp/vfx_imp_flesh_fatal_med
vfx,#vfx/iw8/weap/_impact/_mtx/purp/vfx_imp_flesh_fatal_head_med
vfx,#vfx/iw8/weap/_impact/_mtx/purp/vfx_imp_mtx_sparks_lrg
vfx,#vfx/iw8/weap/_impact/_mtx/purp/vfx_imp_mtx_sparks_lrg_cut
vfx,#vfx/iw8/weap/_impact/_mtx/purp/vfx_imp_mtx_sparks_lrg_rad
vfx,#vfx/iw8/weap/_impact/_mtx/purp/vfx_imp_mtx_sparks_lrg_short
vfx,#vfx/iw8/weap/_impact/_mtx/purp/vfx_imp_mtx_sparks_lrg_water
vfx,#vfx/iw8/weap/_impact/_mtx/purp/vfx_imp_mtx_sparks_lrg_wood
vfx,#vfx/iw8/weap/_impact/_mtx/purp/vfx_imp_mtx_sparks_lrg_shld
vfx,#vfx/iw8/weap/_impact/flesh/vfx_imp_flesh_cryo_rounds
vfx,#vfx/iw8/weap/_impact/flesh/vfx_imp_flesh_fatal_cryo
vfx,#vfx/iw8/weap/_impact/_mtx/cryo/vfx_imp_cryo_med_a
vfx,#vfx/iw8/weap/_impact/_mtx/ice/vfx_imp_ice_med_a
vfx,#vfx/iw8/weap/_impact/_mtx/ice/vfx_imp_ice_med_water
vfx,#vfx/iw8/weap/_impact/_mtx/ice/vfx_imp_ice_med_fatal
vfx,#vfx/iw8/weap/_impact/_mtx/flag/vfx_imp_concrete_med
vfx,#vfx/iw8/weap/_impact/_mtx/flag/vfx_imp_dirt_med
vfx,#vfx/iw8/weap/_impact/_mtx/flag/vfx_imp_flesh_med
vfx,#vfx/iw8/weap/_impact/_mtx/flag/vfx_imp_metal_nonpen_med
vfx,#vfx/iw8/weap/_impact/_mtx/flag/vfx_imp_metal_thick_med
vfx,#vfx/iw8/weap/_impact/_mtx/flag/vfx_imp_flesh_fatal_med
vfx,#vfx/iw8/weap/_impact/_mtx/flag/vfx_imp_flesh_fatal_head_med
vfx,#vfx/iw8/weap/_impact/_mtx/flag/vfx_imp_mtx_sparks_lrg
vfx,#vfx/iw8/weap/_impact/_mtx/flag/vfx_imp_mtx_sparks_lrg_cut
vfx,#vfx/iw8/weap/_impact/_mtx/flag/vfx_imp_mtx_sparks_lrg_rad
vfx,#vfx/iw8/weap/_impact/_mtx/flag/vfx_imp_mtx_sparks_lrg_short
vfx,#vfx/iw8/weap/_impact/_mtx/flag/vfx_imp_mtx_sparks_lrg_water
vfx,#vfx/iw8/weap/_impact/_mtx/flag/vfx_imp_mtx_sparks_lrg_wood
vfx,#vfx/iw8/weap/_impact/_mtx/flag/vfx_imp_mtx_sparks_lrg_shld
vfx,#vfx/iw8/weap/_impact/_mtx/gold/vfx_imp_bark_solid_med
vfx,#vfx/iw8/weap/_impact/_mtx/gold/vfx_imp_concrete_med
vfx,#vfx/iw8/weap/_impact/_mtx/gold/vfx_imp_cloth_med
vfx,#vfx/iw8/weap/_impact/_mtx/gold/vfx_imp_dirt_med
vfx,#vfx/iw8/weap/_impact/_mtx/gold/vfx_imp_flesh_med
vfx,#vfx/iw8/weap/_impact/_mtx/gold/vfx_imp_foliage_med
vfx,#vfx/iw8/weap/_impact/_mtx/gold/vfx_imp_glass_med
vfx,#vfx/iw8/weap/_impact/_mtx/gold/vfx_imp_grass_med
vfx,#vfx/iw8/weap/_impact/_mtx/gold/vfx_imp_gravel_med
vfx,#vfx/iw8/weap/_impact/_mtx/gold/vfx_imp_ice_med
vfx,#vfx/iw8/weap/_impact/_mtx/gold/vfx_imp_metal_nonpen_med
vfx,#vfx/iw8/weap/_impact/_mtx/gold/vfx_imp_metal_thick_med
vfx,#vfx/iw8/weap/_impact/_mtx/gold/vfx_imp_mud_med
vfx,#vfx/iw8/weap/_impact/_mtx/gold/vfx_imp_paper_med
vfx,#vfx/iw8/weap/_impact/_mtx/gold/vfx_imp_plaster_med
vfx,#vfx/iw8/weap/_impact/_mtx/gold/vfx_imp_sand_med
vfx,#vfx/iw8/weap/_impact/_mtx/gold/vfx_imp_snow_med
vfx,#vfx/iw8/weap/_impact/_mtx/gold/vfx_imp_water_med
vfx,#vfx/iw8/weap/_impact/_mtx/gold/vfx_imp_wood_solid_med
vfx,#vfx/iw8/weap/_impact/_mtx/gold/vfx_imp_asphalt_med
vfx,#vfx/iw8/weap/_impact/_mtx/gold/vfx_imp_tile_med
vfx,#vfx/iw8/weap/_impact/_mtx/gold/vfx_imp_plastic_med
vfx,#vfx/iw8/weap/_impact/_mtx/gold/vfx_imp_rubber_med
vfx,#vfx/iw8/weap/_impact/_mtx/gold/vfx_imp_splash_med
vfx,#vfx/iw8/weap/_impact/_mtx/gold/vfx_imp_riotshield_med
vfx,#vfx/iw8/weap/_impact/_mtx/gold/vfx_imp_glassbltprf_med
vfx,#vfx/iw8/weap/_impact/_mtx/gold/vfx_imp_bodyarmor_med
vfx,#vfx/iw8/weap/_impact/_mtx/gold/vfx_imp_drywall_med
vfx,#vfx/iw8/weap/_impact/_mtx/gold/vfx_imp_kevlar_med
vfx,#vfx/iw8/weap/_impact/_mtx/gold/vfx_imp_flesh_fatal_med
vfx,#vfx/iw8/weap/_impact/_mtx/gold/vfx_imp_flesh_fatal_head_med
vfx,#vfx/iw8/weap/_impact/_mtx/gold/vfx_imp_flesh_med_exit
vfx,#vfx/iw8/weap/_impact/_mtx/gold/vfx_imp_flesh_fatal_exit
vfx,#vfx/iw8/weap/_impact/_mtx/shdw/vfx_imp_concrete_med
vfx,#vfx/iw8/weap/_impact/_mtx/shdw/vfx_imp_dirt_med
vfx,#vfx/iw8/weap/_impact/_mtx/shdw/vfx_imp_flesh_med
vfx,#vfx/iw8/weap/_impact/_mtx/shdw/vfx_imp_metal_nonpen_med
vfx,#vfx/iw8/weap/_impact/_mtx/shdw/vfx_imp_metal_thick_med
vfx,#vfx/iw8/weap/_impact/_mtx/shdw/vfx_imp_flesh_fatal_med
vfx,#vfx/iw8/weap/_impact/_mtx/shdw/vfx_imp_flesh_fatal_head_med
vfx,#vfx/iw8/weap/_impact/_mtx/shdw/vfx_imp_mtx_sparks_lrg
vfx,#vfx/iw8/weap/_impact/_mtx/shdw/vfx_imp_mtx_sparks_lrg_cut
vfx,#vfx/iw8/weap/_impact/_mtx/shdw/vfx_imp_mtx_sparks_lrg_rad
vfx,#vfx/iw8/weap/_impact/_mtx/shdw/vfx_imp_mtx_sparks_lrg_short
vfx,#vfx/iw8/weap/_impact/_mtx/shdw/vfx_imp_mtx_sparks_lrg_water
vfx,#vfx/iw8/weap/_impact/_mtx/shdw/vfx_imp_mtx_sparks_lrg_wood
vfx,#vfx/iw8/weap/_impact/_mtx/shdw/vfx_imp_mtx_sparks_lrg_shld
vfx,#vfx/iw8/weap/_impact/flesh/vfx_imp_flesh_sml_exit_shdw
vfx,#vfx/iw8/weap/_impact/flesh/vfx_imp_flesh_lrg_exit_shdw
vfx,#vfx/iw8/weap/_impact/flesh/vfx_imp_flesh_med_exit_shdw
vfx,#vfx/iw8/weap/_impact/flesh/vfx_imp_flesh_dismemb_rounds_itl
vfx,#vfx/iw8/weap/_impact/_mtx/itly/vfx_imp_mtx_sparks_lrg
vfx,#vfx/iw8/weap/_impact/_mtx/itly/vfx_imp_mtx_sparks_lrg_cut
vfx,#vfx/iw8/weap/_impact/_mtx/itly/vfx_imp_mtx_sparks_lrg_rad
vfx,#vfx/iw8/weap/_impact/_mtx/itly/vfx_imp_mtx_sparks_lrg_short
vfx,#vfx/iw8/weap/_impact/_mtx/itly/vfx_imp_mtx_sparks_lrg_water
vfx,#vfx/iw8/weap/_impact/_mtx/itly/vfx_imp_mtx_sparks_lrg_wood
vfx,#vfx/iw8/weap/_impact/_mtx/itly/vfx_imp_mtx_sparks_lrg_shld
vfx,#vfx/iw8/weap/_impact/_mtx/8bit/vfx_imp_mtx_8bit_brown
vfx,#vfx/iw8/weap/_impact/_mtx/8bit/vfx_imp_mtx_8bit_reddish
vfx,#vfx/iw8/weap/_impact/_mtx/8bit/vfx_imp_mtx_8bit_grey
vfx,#vfx/iw8/weap/_impact/_mtx/8bit/vfx_imp_mtx_8bit_flesh
vfx,#vfx/iw8/weap/_impact/_mtx/8bit/vfx_imp_mtx_8bit_white
vfx,#vfx/iw8/weap/_impact/_mtx/8bit/vfx_imp_mtx_8bit_grass
vfx,#vfx/iw8/weap/_impact/_mtx/8bit/vfx_imp_mtx_8bit_metal
vfx,#vfx/iw8/weap/_impact/_mtx/8bit/vfx_imp_mtx_8bit_drkbrown
vfx,#vfx/iw8/weap/_impact/_mtx/8bit/vfx_imp_mtx_8bit_tan
vfx,#vfx/iw8/weap/_impact/_mtx/8bit/vfx_imp_mtx_8bit_water
vfx,#vfx/iw8/weap/_impact/_mtx/8bit/vfx_imp_mtx_8bit_flesh_fatal
vfx,#vfx/iw8/weap/_impact/_mtx/8bit/vfx_imp_mtx_8bit_flesh_exit
vfx,#vfx/iw8/weap/_impact/_mtx/8bit/vfx_imp_flesh_fat_exit
vfx,#vfx/iw8/weap/_impact/_mtx/lite/vfx_imp_flesh_med
vfx,#vfx/iw8/weap/_impact/_mtx/lite/vfx_imp_flesh_fatal_med
vfx,#vfx/iw8/weap/_impact/_mtx/lite/vfx_imp_flesh_fatal_head_med
vfx,#vfx/iw8/weap/_impact/_mtx/lite/vfx_imp_mtx_sparks_lrg
vfx,#vfx/iw8/weap/_impact/_mtx/lite/vfx_imp_mtx_sparks_lrg_water
vfx,#vfx/iw8/weap/_impact/_mtx/soul/vfx_imp_soul_core
vfx,#vfx/iw8/weap/_impact/_mtx/soul/vfx_imp_soul_flesh
vfx,#vfx/iw8/weap/_impact/_mtx/soul/vfx_imp_soul_water
vfx,#vfx/iw8/weap/_impact/_mtx/soul/vfx_imp_soul_flesh_fatal
vfx,#vfx/iw8/weap/_impact/_mtx/yelo/vfx_imp_concrete_med
vfx,#vfx/iw8/weap/_impact/_mtx/yelo/vfx_imp_dirt_med
vfx,#vfx/iw8/weap/_impact/_mtx/yelo/vfx_imp_flesh_med
vfx,#vfx/iw8/weap/_impact/_mtx/yelo/vfx_imp_metal_nonpen_med
vfx,#vfx/iw8/weap/_impact/_mtx/yelo/vfx_imp_metal_thick_med
vfx,#vfx/iw8/weap/_impact/_mtx/yelo/vfx_imp_flesh_fatal_med
vfx,#vfx/iw8/weap/_impact/_mtx/yelo/vfx_imp_flesh_fatal_head_med
vfx,#vfx/iw8/weap/_impact/_mtx/yelo/vfx_imp_mtx_sparks_lrg
vfx,#vfx/iw8/weap/_impact/_mtx/yelo/vfx_imp_mtx_sparks_lrg_cut
vfx,#vfx/iw8/weap/_impact/_mtx/yelo/vfx_imp_mtx_sparks_lrg_rad
vfx,#vfx/iw8/weap/_impact/_mtx/yelo/vfx_imp_mtx_sparks_lrg_short
vfx,#vfx/iw8/weap/_impact/_mtx/yelo/vfx_imp_mtx_sparks_lrg_water
vfx,#vfx/iw8/weap/_impact/_mtx/yelo/vfx_imp_mtx_sparks_lrg_wood
vfx,#vfx/iw8/weap/_impact/_mtx/yelo/vfx_imp_mtx_sparks_lrg_shld
vfx,#vfx/iw8/weap/_impact/_mtx/dark/vfx_imp_mtx_sparks_lrg
vfx,#vfx/iw8/weap/_impact/_mtx/dark/vfx_imp_flesh_med
vfx,#vfx/iw8/weap/_impact/_mtx/dark/vfx_imp_mtx_sparks_lrg_water
vfx,#vfx/iw8/weap/_impact/_mtx/dark/vfx_imp_flesh_fatal_med
vfx,#vfx/iw8/weap/_impact/_mtx/dark/vfx_imp_flesh_fatal_head_med
vfx,#vfx/iw8/weap/_impact/_mtx/amthy/vfx_imp_amthy_wood
vfx,#vfx/iw8/weap/_impact/_mtx/amthy/vfx_imp_amthy_con
vfx,#vfx/iw8/weap/_impact/_mtx/amthy/vfx_imp_amthy_cloth
vfx,#vfx/iw8/weap/_impact/_mtx/amthy/vfx_imp_amthy_dirt
vfx,#vfx/iw8/weap/_impact/_mtx/amthy/vfx_imp_amthy_flesh
vfx,#vfx/iw8/weap/_impact/_mtx/amthy/vfx_imp_amthy_core
vfx,#vfx/iw8/weap/_impact/_mtx/amthy/vfx_imp_amthy_glas
vfx,#vfx/iw8/weap/_impact/_mtx/amthy/vfx_imp_amthy_ice
vfx,#vfx/iw8/weap/_impact/_mtx/amthy/vfx_imp_amthy_met
vfx,#vfx/iw8/weap/_impact/_mtx/amthy/vfx_imp_amthy_paper
vfx,#vfx/iw8/weap/_impact/_mtx/amthy/vfx_imp_amthy_water
vfx,#vfx/iw8/weap/_impact/_mtx/amthy/vfx_imp_amthy_flesh_fat
vfx,#vfx/iw8/weap/_impact/_mtx/emrl/vfx_imp_emrld_wood
vfx,#vfx/iw8/weap/_impact/_mtx/emrl/vfx_imp_emrld_con
vfx,#vfx/iw8/weap/_impact/_mtx/emrl/vfx_imp_emrld_cloth
vfx,#vfx/iw8/weap/_impact/_mtx/emrl/vfx_imp_emrld_dirt
vfx,#vfx/iw8/weap/_impact/_mtx/emrl/vfx_imp_emrld_flesh
vfx,#vfx/iw8/weap/_impact/_mtx/emrl/vfx_imp_emrld_core
vfx,#vfx/iw8/weap/_impact/_mtx/emrl/vfx_imp_emrld_glas
vfx,#vfx/iw8/weap/_impact/_mtx/emrl/vfx_imp_emrld_ice
vfx,#vfx/iw8/weap/_impact/_mtx/emrl/vfx_imp_emrld_met
vfx,#vfx/iw8/weap/_impact/_mtx/emrl/vfx_imp_emrld_paper
vfx,#vfx/iw8/weap/_impact/_mtx/emrl/vfx_imp_emrld_water
vfx,#vfx/iw8/weap/_impact/_mtx/emrl/vfx_imp_emrld_flesh_fat
vfx,#vfx/iw8/weap/_impact/flesh/vfx_imp_flesh_dismemb_rounds_wft
vfx,#vfx/iw8/weap/_impact/_mtx/wft/vfx_imp_mtx_sparks_lrg
vfx,#vfx/iw8/weap/_impact/_mtx/acid/vfx_imp_acid_wood
vfx,#vfx/iw8/weap/_impact/_mtx/acid/vfx_imp_acid_con
vfx,#vfx/iw8/weap/_impact/_mtx/acid/vfx_imp_acid_cloth
vfx,#vfx/iw8/weap/_impact/_mtx/acid/vfx_imp_acid_dirt
vfx,#vfx/iw8/weap/_impact/_mtx/acid/vfx_imp_acid_flesh_dead
vfx,#vfx/iw8/weap/_impact/_mtx/acid/vfx_imp_mtx_sparks_lrg
vfx,#vfx/iw8/weap/_impact/_mtx/acid/vfx_imp_acid_glas
vfx,#vfx/iw8/weap/_impact/_mtx/acid/vfx_imp_acid_ice
vfx,#vfx/iw8/weap/_impact/_mtx/acid/vfx_imp_acid_met
vfx,#vfx/iw8/weap/_impact/_mtx/acid/vfx_imp_acid_paper
vfx,#vfx/iw8/weap/_impact/_mtx/acid/vfx_imp_acid_water
vfx,#vfx/iw8/weap/_impact/_mtx/acid/vfx_imp_acid_flesh
vfx,#vfx/iw8/weap/_impact/_mtx/acid/vfx_imp_acid_flesh_fatal
vfx,#vfx/iw8/weap/_impact/_mtx/saw/vfx_imp_flesh_lrg
vfx,#vfx/iw8/weap/_impact/flesh/vfx_imp_flesh_fatal_saw
vfx,#vfx/iw8/weap/_impact/_mtx/saw/vfx_imp_mtx_sparks_lrg
vfx,#vfx/iw8/weap/_impact/flesh/vfx_imp_flesh_saw_exit
vfx,#vfx/iw8/weap/_impact/_mtx/tcm/vfx_imp_flesh_lrg
vfx,#vfx/iw8/weap/_impact/flesh/vfx_imp_flesh_fatal_tcm
vfx,#vfx/iw8/weap/_impact/_mtx/tcm/vfx_imp_mtx_sparks_lrg
vfx,#vfx/iw8/weap/_impact/_mtx/blck/vfx_imp_blacklight_wood
vfx,#vfx/iw8/weap/_impact/_mtx/blck/vfx_imp_blacklight_con
vfx,#vfx/iw8/weap/_impact/_mtx/blck/vfx_imp_blacklight_cloth
vfx,#vfx/iw8/weap/_impact/_mtx/blck/vfx_imp_blacklight_dirt
vfx,#vfx/iw8/weap/_impact/_mtx/blck/vfx_imp_blacklight_flesh
vfx,#vfx/iw8/weap/_impact/_mtx/blck/vfx_imp_mtx_expl_lrg
vfx,#vfx/iw8/weap/_impact/_mtx/blck/vfx_imp_blacklight_glas
vfx,#vfx/iw8/weap/_impact/_mtx/blck/vfx_imp_blacklight_ice
vfx,#vfx/iw8/weap/_impact/_mtx/blck/vfx_imp_blacklight_met
vfx,#vfx/iw8/weap/_impact/_mtx/blck/vfx_imp_blacklight_paper
vfx,#vfx/iw8/weap/_impact/_mtx/blck/vfx_imp_blacklight_water
vfx,#vfx/iw8/weap/_impact/_mtx/rnbw/vfx_imp_rainbow_wood
vfx,#vfx/iw8/weap/_impact/_mtx/rnbw/vfx_imp_rainbow_con
vfx,#vfx/iw8/weap/_impact/_mtx/rnbw/vfx_imp_rainbow_cloth
vfx,#vfx/iw8/weap/_impact/_mtx/rnbw/vfx_imp_rainbow_dirt
vfx,#vfx/iw8/weap/_impact/_mtx/rnbw/vfx_imp_rainbow_flesh
vfx,#vfx/iw8/weap/_impact/_mtx/rnbw/vfx_imp_mtx_sparks_lrg
vfx,#vfx/iw8/weap/_impact/_mtx/rnbw/vfx_imp_rainbow_glas
vfx,#vfx/iw8/weap/_impact/_mtx/rnbw/vfx_imp_rainbow_ice
vfx,#vfx/iw8/weap/_impact/_mtx/rnbw/vfx_imp_rainbow_met
vfx,#vfx/iw8/weap/_impact/_mtx/rnbw/vfx_imp_rainbow_paper
vfx,#vfx/iw8/weap/_impact/_mtx/rnbw/vfx_imp_rainbow_water
vfx,#vfx/iw8/weap/_impact/_mtx/rnbw/vfx_imp_rainbow_flesh_fatal
vfx,#vfx/iw8/weap/_impact/_mtx/cherb/vfx_imp_mtx_sakura_wood
vfx,#vfx/iw8/weap/_impact/_mtx/cherb/vfx_imp_mtx_sakura_con
vfx,#vfx/iw8/weap/_impact/_mtx/cherb/vfx_imp_mtx_sakura_cloth
vfx,#vfx/iw8/weap/_impact/_mtx/cherb/vfx_imp_mtx_sakura_dirt
vfx,#vfx/iw8/weap/_impact/_mtx/cherb/vfx_imp_mtx_sakura_c
vfx,#vfx/iw8/weap/_impact/_mtx/cherb/vfx_imp_mtx_sakura_glas
vfx,#vfx/iw8/weap/_impact/_mtx/cherb/vfx_imp_mtx_sakura_base
vfx,#vfx/iw8/weap/_impact/_mtx/cherb/vfx_imp_mtx_sakura_ice
vfx,#vfx/iw8/weap/_impact/_mtx/cherb/vfx_imp_mtx_sakura_met
vfx,#vfx/iw8/weap/_impact/_mtx/cherb/vfx_imp_mtx_sakura_paper
vfx,#vfx/iw8/weap/_impact/_mtx/cherb/vfx_imp_mtx_sakura_snow
vfx,#vfx/iw8/weap/_impact/_mtx/cherb/vfx_imp_mtx_sakura_wat
vfx,#vfx/iw8/weap/_impact/_mtx/cherb/vfx_imp_mtx_sakura_fatal
vfx,#vfx/iw8/weap/_impact/_mtx/samu/vfx_imp_mtx_samurai_wood
vfx,#vfx/iw8/weap/_impact/_mtx/samu/vfx_imp_mtx_samurai_con
vfx,#vfx/iw8/weap/_impact/_mtx/samu/vfx_imp_mtx_samurai_cloth
vfx,#vfx/iw8/weap/_impact/_mtx/samu/vfx_imp_mtx_samurai_dirt
vfx,#vfx/iw8/weap/_impact/_mtx/samu/vfx_imp_mtx_samurai_c
vfx,#vfx/iw8/weap/_impact/_mtx/samu/vfx_imp_mtx_samurai_glas
vfx,#vfx/iw8/weap/_impact/_mtx/samu/vfx_imp_mtx_samurai_base
vfx,#vfx/iw8/weap/_impact/_mtx/samu/vfx_imp_mtx_samurai_ice
vfx,#vfx/iw8/weap/_impact/_mtx/samu/vfx_imp_mtx_samurai_met
vfx,#vfx/iw8/weap/_impact/_mtx/samu/vfx_imp_mtx_samurai_paper
vfx,#vfx/iw8/weap/_impact/_mtx/samu/vfx_imp_mtx_samurai_snow
vfx,#vfx/iw8/weap/_impact/_mtx/samu/vfx_imp_mtx_samurai_wat
vfx,#vfx/iw8/weap/_impact/_mtx/samu/vfx_imp_mtx_samurai_flesh
vfx,#vfx/iw8/weap/_impact/_mtx/samu/vfx_imp_mtx_samurai_fatal
vfx,#vfx/iw8/weap/_impact/_mtx/samu/vfx_imp_flesh_samurai_exit
vfx,#vfx/iw8/weap/_impact/flesh/vfx_imp_flesh_dismemb_rounds
vfx,#vfx/iw8/weap/_impact/_mtx/reg/vfx_imp_mtx_expl_lrg
vfx,#vfx/iw8/weap/_impact/_mtx/reg/vfx_imp_mtx_expl_lrg_cut
vfx,#vfx/iw8/weap/_impact/_mtx/reg/vfx_imp_mtx_expl_lrg_rad
vfx,#vfx/iw8/weap/_impact/_mtx/reg/vfx_imp_mtx_expl_lrg_short
vfx,#vfx/iw8/weap/_impact/_mtx/reg/vfx_imp_mtx_expl_lrg_water
vfx,#vfx/iw8/weap/_impact/_mtx/reg/vfx_imp_mtx_expl_lrg_wood
vfx,#vfx/iw8/weap/_impact/_mtx/reg/vfx_imp_mtx_expl_lrg_shld
vfx,#vfx/iw8/weap/_impact/flesh/vfx_imp_flesh_dismemb_rounds_amb
vfx,#vfx/iw8/weap/_impact/_mtx/amb/vfx_imp_mtx_expl_lrg
vfx,#vfx/iw8/weap/_impact/_mtx/amb/vfx_imp_mtx_expl_lrg_cut
vfx,#vfx/iw8/weap/_impact/_mtx/amb/vfx_imp_mtx_expl_lrg_rad
vfx,#vfx/iw8/weap/_impact/_mtx/amb/vfx_imp_mtx_expl_lrg_short
vfx,#vfx/iw8/weap/_impact/_mtx/amb/vfx_imp_mtx_expl_lrg_water
vfx,#vfx/iw8/weap/_impact/_mtx/amb/vfx_imp_mtx_expl_lrg_wood
vfx,#vfx/iw8/weap/_impact/_mtx/amb/vfx_imp_mtx_expl_lrg_shld
vfx,#vfx/iw8/weap/_impact/flesh/vfx_imp_flesh_dismemb_rounds_red
vfx,#vfx/iw8/weap/_impact/_mtx/red/vfx_imp_mtx_expl_lrg
vfx,#vfx/iw8/weap/_impact/_mtx/red/vfx_imp_mtx_expl_lrg_cut
vfx,#vfx/iw8/weap/_impact/_mtx/red/vfx_imp_mtx_expl_lrg_rad
vfx,#vfx/iw8/weap/_impact/_mtx/red/vfx_imp_mtx_expl_lrg_short
vfx,#vfx/iw8/weap/_impact/_mtx/red/vfx_imp_mtx_expl_lrg_water
vfx,#vfx/iw8/weap/_impact/_mtx/red/vfx_imp_mtx_expl_lrg_wood
vfx,#vfx/iw8/weap/_impact/_mtx/red/vfx_imp_mtx_expl_lrg_shld
vfx,#vfx/iw8/weap/_impact/flesh/vfx_imp_flesh_dismemb_rounds_blu
vfx,#vfx/iw8/weap/_impact/_mtx/blue/vfx_imp_mtx_expl_lrg
vfx,#vfx/iw8/weap/_impact/_mtx/blue/vfx_imp_mtx_expl_lrg_cut
vfx,#vfx/iw8/weap/_impact/_mtx/blue/vfx_imp_mtx_expl_lrg_rad
vfx,#vfx/iw8/weap/_impact/_mtx/blue/vfx_imp_mtx_expl_lrg_short
vfx,#vfx/iw8/weap/_impact/_mtx/blue/vfx_imp_mtx_expl_lrg_water
vfx,#vfx/iw8/weap/_impact/_mtx/blue/vfx_imp_mtx_expl_lrg_wood
vfx,#vfx/iw8/weap/_impact/_mtx/blue/vfx_imp_mtx_expl_lrg_shld
vfx,#vfx/iw8/weap/_impact/flesh/vfx_imp_flesh_dismemb_rounds_shd
vfx,#vfx/iw8/weap/_impact/_mtx/shdw/vfx_imp_mtx_expl_lrg
vfx,#vfx/iw8/weap/_impact/_mtx/shdw/vfx_imp_mtx_expl_lrg_cut
vfx,#vfx/iw8/weap/_impact/_mtx/shdw/vfx_imp_mtx_expl_lrg_rad
vfx,#vfx/iw8/weap/_impact/_mtx/shdw/vfx_imp_mtx_expl_lrg_short
vfx,#vfx/iw8/weap/_impact/_mtx/shdw/vfx_imp_mtx_expl_lrg_water
vfx,#vfx/iw8/weap/_impact/_mtx/shdw/vfx_imp_mtx_expl_lrg_wood
vfx,#vfx/iw8/weap/_impact/_mtx/shdw/vfx_imp_mtx_expl_lrg_shld
vfx,#vfx/iw8/weap/_impact/_mtx/ray/vfx_imp_ray_main
vfx,#vfx/iw8/weap/_impact/_mtx/ray/vfx_imp_ray_flesh
vfx,#vfx/iw8/weap/_impact/_mtx/ray/vfx_imp_ray_water
vfx,#vfx/iw8/weap/_impact/_mtx/ray/vfx_imp_ray_flesh_fatal
vfx,#vfx/iw8/weap/_impact/_mtx/fire/vfx_imp_fire_dis
vfx,#vfx/iw8/weap/_impact/_mtx/fire/vfx_imp_flesh_med
vfx,#vfx/iw8/weap/_impact/_mtx/fire/vfx_imp_fire_dis_metal
vfx,#vfx/iw8/weap/_impact/_mtx/fire/vfx_imp_fire_dis_snow
vfx,#vfx/iw8/weap/_impact/_mtx/fire/vfx_imp_flesh_fatal_med
vfx,#vfx/iw8/weap/_impact/_mtx/fire/vfx_imp_flesh_fatal_head_med
vfx,#vfx/iw8/weap/_impact/_mtx/fire/vfx_imp_fire_dis_flesh
vfx,#vfx/iw8/weap/_impact/_mtx/fire/vfx_imp_fire_dis_glass
vfx,#vfx/iw8/weap/_impact/_mtx/fire/vfx_imp_fire_dis_exit
vfx,#vfx/iw8/weap/_impact/_mtx/fire/vfx_imp_fire_dis_exit_qk
vfx,#vfx/iw8/weap/_impact/_mtx/luck/vfx_imp_bark_solid_med
vfx,#vfx/iw8/weap/_impact/_mtx/luck/vfx_imp_concrete_med
vfx,#vfx/iw8/weap/_impact/_mtx/luck/vfx_imp_cloth_med
vfx,#vfx/iw8/weap/_impact/_mtx/luck/vfx_imp_dirt_med
vfx,#vfx/iw8/weap/_impact/_mtx/luck/vfx_imp_flesh_med
vfx,#vfx/iw8/weap/_impact/_mtx/luck/vfx_imp_foliage_med
vfx,#vfx/iw8/weap/_impact/_mtx/luck/vfx_imp_glass_med
vfx,#vfx/iw8/weap/_impact/_mtx/luck/vfx_imp_grass_med
vfx,#vfx/iw8/weap/_impact/_mtx/luck/vfx_imp_gravel_med
vfx,#vfx/iw8/weap/_impact/_mtx/luck/vfx_imp_ice_med
vfx,#vfx/iw8/weap/_impact/_mtx/luck/vfx_imp_metal_nonpen_med
vfx,#vfx/iw8/weap/_impact/_mtx/luck/vfx_imp_metal_thick_med
vfx,#vfx/iw8/weap/_impact/_mtx/luck/vfx_imp_mud_med
vfx,#vfx/iw8/weap/_impact/_mtx/luck/vfx_imp_paper_med
vfx,#vfx/iw8/weap/_impact/_mtx/luck/vfx_imp_plaster_med
vfx,#vfx/iw8/weap/_impact/_mtx/luck/vfx_imp_sand_med
vfx,#vfx/iw8/weap/_impact/_mtx/luck/vfx_imp_snow_med
vfx,#vfx/iw8/weap/_impact/_mtx/luck/vfx_imp_water_med
vfx,#vfx/iw8/weap/_impact/_mtx/luck/vfx_imp_wood_solid_med
vfx,#vfx/iw8/weap/_impact/_mtx/luck/vfx_imp_asphalt_med
vfx,#vfx/iw8/weap/_impact/_mtx/luck/vfx_imp_tile_med
vfx,#vfx/iw8/weap/_impact/_mtx/luck/vfx_imp_plastic_med
vfx,#vfx/iw8/weap/_impact/_mtx/luck/vfx_imp_rubber_med
vfx,#vfx/iw8/weap/_impact/_mtx/luck/vfx_imp_splash_med
vfx,#vfx/iw8/weap/_impact/_mtx/luck/vfx_imp_riotshield_med
vfx,#vfx/iw8/weap/_impact/_mtx/luck/vfx_imp_glassbltprf_med
vfx,#vfx/iw8/weap/_impact/_mtx/luck/vfx_imp_bodyarmor_med
vfx,#vfx/iw8/weap/_impact/_mtx/luck/vfx_imp_drywall_med
vfx,#vfx/iw8/weap/_impact/_mtx/luck/vfx_imp_mudriverbed_med
vfx,#vfx/iw8/weap/_impact/_mtx/luck/vfx_imp_kevlar_med
vfx,#vfx/iw8/weap/_impact/_mtx/luck/vfx_imp_flesh_fatal_med
vfx,#vfx/iw8/weap/_impact/_mtx/luck/vfx_imp_flesh_fatal_head_med
vfx,#vfx/iw8/weap/_impact/_mtx/luck/vfx_imp_flesh_med_exit
vfx,#vfx/iw8/weap/_impact/_mtx/luck/vfx_imp_flesh_fatal_exit
vfx,#vfx/iw8/weap/_impact/_mtx/frost/vfx_imp_flesh_frost_rounds
vfx,#vfx/iw8/weap/_impact/_mtx/frost/vfx_imp_flesh_fatal_med
vfx,#vfx/iw8/weap/_impact/_mtx/frost/vfx_imp_flesh_fatal_head
vfx,#vfx/iw8/weap/_impact/_mtx/frost/vfx_imp_frost_med_a
vfx,#vfx/iw8/weap/_impact/_mtx/elec/vfx_imp_bark_solid_med
vfx,#vfx/iw8/weap/_impact/_mtx/elec/vfx_imp_concrete_med
vfx,#vfx/iw8/weap/_impact/_mtx/elec/vfx_imp_cloth_med
vfx,#vfx/iw8/weap/_impact/_mtx/elec/vfx_imp_dirt_med
vfx,#vfx/iw8/weap/_impact/_mtx/elec/vfx_imp_flesh_med
vfx,#vfx/iw8/weap/_impact/_mtx/elec/vfx_imp_foliage_med
vfx,#vfx/iw8/weap/_impact/_mtx/elec/vfx_imp_glass_med
vfx,#vfx/iw8/weap/_impact/_mtx/elec/vfx_imp_grass_med
vfx,#vfx/iw8/weap/_impact/_mtx/elec/vfx_imp_gravel_med
vfx,#vfx/iw8/weap/_impact/_mtx/elec/vfx_imp_ice_med
vfx,#vfx/iw8/weap/_impact/_mtx/elec/vfx_imp_metal_nonpen_med
vfx,#vfx/iw8/weap/_impact/_mtx/elec/vfx_imp_metal_thick_med
vfx,#vfx/iw8/weap/_impact/_mtx/elec/vfx_imp_mud_med
vfx,#vfx/iw8/weap/_impact/_mtx/elec/vfx_imp_paper_med
vfx,#vfx/iw8/weap/_impact/_mtx/elec/vfx_imp_plaster_med
vfx,#vfx/iw8/weap/_impact/_mtx/elec/vfx_imp_sand_med
vfx,#vfx/iw8/weap/_impact/_mtx/elec/vfx_imp_snow_med
vfx,#vfx/iw8/weap/_impact/_mtx/elec/vfx_imp_water_med
vfx,#vfx/iw8/weap/_impact/_mtx/elec/vfx_imp_wood_solid_med
vfx,#vfx/iw8/weap/_impact/_mtx/elec/vfx_imp_asphalt_med
vfx,#vfx/iw8/weap/_impact/_mtx/elec/vfx_imp_tile_med
vfx,#vfx/iw8/weap/_impact/_mtx/elec/vfx_imp_plastic_med
vfx,#vfx/iw8/weap/_impact/_mtx/elec/vfx_imp_rubber_med
vfx,#vfx/iw8/weap/_impact/_mtx/elec/vfx_imp_splash_med
vfx,#vfx/iw8/weap/_impact/_mtx/elec/vfx_imp_riotshield_med
vfx,#vfx/iw8/weap/_impact/_mtx/elec/vfx_imp_glassbltprf_med
vfx,#vfx/iw8/weap/_impact/_mtx/elec/vfx_imp_bodyarmor_med
vfx,#vfx/iw8/weap/_impact/_mtx/elec/vfx_imp_drywall_med
vfx,#vfx/iw8/weap/_impact/_mtx/elec/vfx_imp_mudriverbed_med
vfx,#vfx/iw8/weap/_impact/_mtx/elec/vfx_imp_kevlar_med
vfx,#vfx/iw8/weap/_impact/_mtx/elec/vfx_imp_flesh_fatal_med
vfx,#vfx/iw8/weap/_impact/_mtx/elec/vfx_imp_flesh_fatal_head_med
vfx,#vfx/iw8/weap/_impact/_mtx/elec/vfx_imp_flesh_med_exit
vfx,#vfx/iw8/weap/_impact/_mtx/elec/vfx_imp_flesh_fatal_exit
vfx,#vfx/iw8/weap/_impact/_mtx/elec/vfx_imp_flesh_med_yelo
vfx,#vfx/iw8/weap/_impact/_mtx/elec/vfx_imp_fls_fat_md_yelo
vfx,#vfx/iw8/weap/_impact/_mtx/elec/vfx_fls_fat_head_yelo
vfx,#vfx/iw8/weap/_impact/_mtx/elec/vfx_imp_elec_assist_yellow
vfx,#vfx/iw8/weap/_impact/_mtx/elec/vfx_imp_flesh_med_purp
vfx,#vfx/iw8/weap/_impact/_mtx/elec/vfx_imp_fls_fat_md_purp
vfx,#vfx/iw8/weap/_impact/_mtx/elec/vfx_fls_fat_head_purp
vfx,#vfx/iw8/weap/_impact/_mtx/elec/vfx_imp_elec_assist_purple
vfx,#vfx/iw8/weap/_impact/_mtx/joke/vfx_imp_bark_solid_med
vfx,#vfx/iw8/weap/_impact/_mtx/joke/vfx_imp_concrete_med
vfx,#vfx/iw8/weap/_impact/_mtx/joke/vfx_imp_cloth_med
vfx,#vfx/iw8/weap/_impact/_mtx/joke/vfx_imp_dirt_med
vfx,#vfx/iw8/weap/_impact/_mtx/joke/vfx_imp_flesh_med
vfx,#vfx/iw8/weap/_impact/_mtx/joke/vfx_imp_foliage_med
vfx,#vfx/iw8/weap/_impact/_mtx/joke/vfx_imp_glass_med
vfx,#vfx/iw8/weap/_impact/_mtx/joke/vfx_imp_grass_med
vfx,#vfx/iw8/weap/_impact/_mtx/joke/vfx_imp_gravel_med
vfx,#vfx/iw8/weap/_impact/_mtx/joke/vfx_imp_ice_med
vfx,#vfx/iw8/weap/_impact/_mtx/joke/vfx_imp_metal_nonpen_med
vfx,#vfx/iw8/weap/_impact/_mtx/joke/vfx_imp_metal_thick_med
vfx,#vfx/iw8/weap/_impact/_mtx/joke/vfx_imp_mud_med
vfx,#vfx/iw8/weap/_impact/_mtx/joke/vfx_imp_paper_med
vfx,#vfx/iw8/weap/_impact/_mtx/joke/vfx_imp_plaster_med
vfx,#vfx/iw8/weap/_impact/_mtx/joke/vfx_imp_sand_med
vfx,#vfx/iw8/weap/_impact/_mtx/joke/vfx_imp_snow_med
vfx,#vfx/iw8/weap/_impact/_mtx/joke/vfx_imp_water_med
vfx,#vfx/iw8/weap/_impact/_mtx/joke/vfx_imp_wood_solid_med
vfx,#vfx/iw8/weap/_impact/_mtx/joke/vfx_imp_asphalt_med
vfx,#vfx/iw8/weap/_impact/_mtx/joke/vfx_imp_tile_med
vfx,#vfx/iw8/weap/_impact/_mtx/joke/vfx_imp_plastic_med
vfx,#vfx/iw8/weap/_impact/_mtx/joke/vfx_imp_rubber_med
vfx,#vfx/iw8/weap/_impact/_mtx/joke/vfx_imp_splash_med
vfx,#vfx/iw8/weap/_impact/_mtx/joke/vfx_imp_riotshield_med
vfx,#vfx/iw8/weap/_impact/_mtx/joke/vfx_imp_glassbltprf_med
vfx,#vfx/iw8/weap/_impact/_mtx/joke/vfx_imp_bodyarmor_med
vfx,#vfx/iw8/weap/_impact/_mtx/joke/vfx_imp_drywall_med
vfx,#vfx/iw8/weap/_impact/_mtx/joke/vfx_imp_mudriverbed_med
vfx,#vfx/iw8/weap/_impact/_mtx/joke/vfx_imp_kevlar_med
vfx,#vfx/iw8/weap/_impact/_mtx/joke/vfx_imp_flesh_fatal_med
vfx,#vfx/iw8/weap/_impact/_mtx/joke/vfx_imp_fatal_head_med
vfx,#vfx/iw8/weap/_impact/_mtx/joke/vfx_imp_flesh_med_exit
vfx,#vfx/iw8/weap/_impact/_mtx/joke/vfx_imp_flesh_fatal_exit
vfx,#vfx/iw8/weap/_impact/_mtx/reefer/vfx_imp_bark_solid_med
vfx,#vfx/iw8/weap/_impact/_mtx/reefer/vfx_imp_concrete_med
vfx,#vfx/iw8/weap/_impact/_mtx/reefer/vfx_imp_cloth_med
vfx,#vfx/iw8/weap/_impact/_mtx/reefer/vfx_imp_dirt_med
vfx,#vfx/iw8/weap/_impact/_mtx/reefer/vfx_imp_flesh_med
vfx,#vfx/iw8/weap/_impact/_mtx/reefer/vfx_imp_foliage_med
vfx,#vfx/iw8/weap/_impact/_mtx/reefer/vfx_imp_glass_med
vfx,#vfx/iw8/weap/_impact/_mtx/reefer/vfx_imp_grass_med
vfx,#vfx/iw8/weap/_impact/_mtx/reefer/vfx_imp_gravel_med
vfx,#vfx/iw8/weap/_impact/_mtx/reefer/vfx_imp_ice_med
vfx,#vfx/iw8/weap/_impact/_mtx/reefer/vfx_imp_metal_nonpen_med
vfx,#vfx/iw8/weap/_impact/_mtx/reefer/vfx_imp_metal_thick_med
vfx,#vfx/iw8/weap/_impact/_mtx/reefer/vfx_imp_mud_med
vfx,#vfx/iw8/weap/_impact/_mtx/reefer/vfx_imp_paper_med
vfx,#vfx/iw8/weap/_impact/_mtx/reefer/vfx_imp_plaster_med
vfx,#vfx/iw8/weap/_impact/_mtx/reefer/vfx_imp_sand_med
vfx,#vfx/iw8/weap/_impact/_mtx/reefer/vfx_imp_snow_med
vfx,#vfx/iw8/weap/_impact/_mtx/reefer/vfx_imp_water_med
vfx,#vfx/iw8/weap/_impact/_mtx/reefer/vfx_imp_wood_solid_med
vfx,#vfx/iw8/weap/_impact/_mtx/reefer/vfx_imp_asphalt_med
vfx,#vfx/iw8/weap/_impact/_mtx/reefer/vfx_imp_tile_med
vfx,#vfx/iw8/weap/_impact/_mtx/reefer/vfx_imp_plastic_med
vfx,#vfx/iw8/weap/_impact/_mtx/reefer/vfx_imp_rubber_med
vfx,#vfx/iw8/weap/_impact/_mtx/reefer/vfx_imp_splash_med
vfx,#vfx/iw8/weap/_impact/_mtx/reefer/vfx_imp_riotshield_med
vfx,#vfx/iw8/weap/_impact/_mtx/reefer/vfx_imp_glassbltprf_med
vfx,#vfx/iw8/weap/_impact/_mtx/reefer/vfx_imp_bodyarmor_med
vfx,#vfx/iw8/weap/_impact/_mtx/reefer/vfx_imp_drywall_med
vfx,#vfx/iw8/weap/_impact/_mtx/reefer/vfx_imp_mudriverbed_med
vfx,#vfx/iw8/weap/_impact/_mtx/reefer/vfx_imp_kevlar_med
vfx,#vfx/iw8/weap/_impact/_mtx/reefer/vfx_imp_flesh_fatal_med
vfx,#vfx/iw8/weap/_impact/_mtx/reefer/vfx_imp_fatal_head_med
vfx,#vfx/iw8/weap/_impact/_mtx/reefer/vfx_imp_flesh_med_exit
vfx,#vfx/iw8/weap/_impact/_mtx/reefer/vfx_imp_flesh_fatal_exit
vfx,#vfx/iw8/weap/_impact/_mtx/dbnr/vfx_imp_bark_solid_med
vfx,#vfx/iw8/weap/_impact/_mtx/dbnr/vfx_imp_concrete_med
vfx,#vfx/iw8/weap/_impact/_mtx/dbnr/vfx_imp_cloth_med
vfx,#vfx/iw8/weap/_impact/_mtx/dbnr/vfx_imp_dirt_med
vfx,#vfx/iw8/weap/_impact/_mtx/dbnr/vfx_imp_flesh_med
vfx,#vfx/iw8/weap/_impact/_mtx/dbnr/vfx_imp_foliage_med
vfx,#vfx/iw8/weap/_impact/_mtx/dbnr/vfx_imp_glass_med
vfx,#vfx/iw8/weap/_impact/_mtx/dbnr/vfx_imp_grass_med
vfx,#vfx/iw8/weap/_impact/_mtx/dbnr/vfx_imp_gravel_med
vfx,#vfx/iw8/weap/_impact/_mtx/dbnr/vfx_imp_ice_med
vfx,#vfx/iw8/weap/_impact/_mtx/dbnr/vfx_imp_metal_nonpen_med
vfx,#vfx/iw8/weap/_impact/_mtx/dbnr/vfx_imp_metal_thick_med
vfx,#vfx/iw8/weap/_impact/_mtx/dbnr/vfx_imp_mud_med
vfx,#vfx/iw8/weap/_impact/_mtx/dbnr/vfx_imp_paper_med
vfx,#vfx/iw8/weap/_impact/_mtx/dbnr/vfx_imp_plaster_med
vfx,#vfx/iw8/weap/_impact/_mtx/dbnr/vfx_imp_sand_med
vfx,#vfx/iw8/weap/_impact/_mtx/dbnr/vfx_imp_snow_med
vfx,#vfx/iw8/weap/_impact/_mtx/dbnr/vfx_imp_water_med
vfx,#vfx/iw8/weap/_impact/_mtx/dbnr/vfx_imp_wood_solid_med
vfx,#vfx/iw8/weap/_impact/_mtx/dbnr/vfx_imp_asphalt_med
vfx,#vfx/iw8/weap/_impact/_mtx/dbnr/vfx_imp_tile_med
vfx,#vfx/iw8/weap/_impact/_mtx/dbnr/vfx_imp_plastic_med
vfx,#vfx/iw8/weap/_impact/_mtx/dbnr/vfx_imp_rubber_med
vfx,#vfx/iw8/weap/_impact/_mtx/dbnr/vfx_imp_splash_med
vfx,#vfx/iw8/weap/_impact/_mtx/dbnr/vfx_imp_riotshield_med
vfx,#vfx/iw8/weap/_impact/_mtx/dbnr/vfx_imp_glassbltprf_med
vfx,#vfx/iw8/weap/_impact/_mtx/dbnr/vfx_imp_bodyarmor_med
vfx,#vfx/iw8/weap/_impact/_mtx/dbnr/vfx_imp_drywall_med
vfx,#vfx/iw8/weap/_impact/_mtx/dbnr/vfx_imp_mudriverbed_med
vfx,#vfx/iw8/weap/_impact/_mtx/dbnr/vfx_imp_kevlar_med
vfx,#vfx/iw8/weap/_impact/_mtx/dbnr/vfx_imp_flesh_fatal_med
vfx,#vfx/iw8/weap/_impact/_mtx/dbnr/vfx_imp_fatal_head_med
vfx,#vfx/iw8/weap/_impact/_mtx/dbnr/vfx_imp_flesh_med_exit
vfx,#vfx/iw8/weap/_impact/_mtx/dbnr/vfx_imp_flesh_fatal_exit
vfx,#vfx/iw8/weap/_impact/_mtx/rune/vfx_imp_bark_solid_med
vfx,#vfx/iw8/weap/_impact/_mtx/rune/vfx_imp_concrete_med
vfx,#vfx/iw8/weap/_impact/_mtx/rune/vfx_imp_cloth_med
vfx,#vfx/iw8/weap/_impact/_mtx/rune/vfx_imp_dirt_med
vfx,#vfx/iw8/weap/_impact/_mtx/rune/vfx_imp_flesh_med
vfx,#vfx/iw8/weap/_impact/_mtx/rune/vfx_imp_foliage_med
vfx,#vfx/iw8/weap/_impact/_mtx/rune/vfx_imp_glass_med
vfx,#vfx/iw8/weap/_impact/_mtx/rune/vfx_imp_grass_med
vfx,#vfx/iw8/weap/_impact/_mtx/rune/vfx_imp_gravel_med
vfx,#vfx/iw8/weap/_impact/_mtx/rune/vfx_imp_ice_med
vfx,#vfx/iw8/weap/_impact/_mtx/rune/vfx_imp_metal_nonpen_med
vfx,#vfx/iw8/weap/_impact/_mtx/rune/vfx_imp_metal_thick_med
vfx,#vfx/iw8/weap/_impact/_mtx/rune/vfx_imp_mud_med
vfx,#vfx/iw8/weap/_impact/_mtx/rune/vfx_imp_paper_med
vfx,#vfx/iw8/weap/_impact/_mtx/rune/vfx_imp_plaster_med
vfx,#vfx/iw8/weap/_impact/_mtx/rune/vfx_imp_sand_med
vfx,#vfx/iw8/weap/_impact/_mtx/rune/vfx_imp_snow_med
vfx,#vfx/iw8/weap/_impact/_mtx/rune/vfx_imp_water_med
vfx,#vfx/iw8/weap/_impact/_mtx/rune/vfx_imp_wood_solid_med
vfx,#vfx/iw8/weap/_impact/_mtx/rune/vfx_imp_asphalt_med
vfx,#vfx/iw8/weap/_impact/_mtx/rune/vfx_imp_tile_med
vfx,#vfx/iw8/weap/_impact/_mtx/rune/vfx_imp_plastic_med
vfx,#vfx/iw8/weap/_impact/_mtx/rune/vfx_imp_rubber_med
vfx,#vfx/iw8/weap/_impact/_mtx/rune/vfx_imp_splash_med
vfx,#vfx/iw8/weap/_impact/_mtx/rune/vfx_imp_riotshield_med
vfx,#vfx/iw8/weap/_impact/_mtx/rune/vfx_imp_glassbltprf_med
vfx,#vfx/iw8/weap/_impact/_mtx/rune/vfx_imp_bodyarmor_med
vfx,#vfx/iw8/weap/_impact/_mtx/rune/vfx_imp_drywall_med
vfx,#vfx/iw8/weap/_impact/_mtx/rune/vfx_imp_mudriverbed_med
vfx,#vfx/iw8/weap/_impact/_mtx/rune/vfx_imp_kevlar_med
vfx,#vfx/iw8/weap/_impact/_mtx/rune/vfx_imp_flesh_fatal_med
vfx,#vfx/iw8/weap/_impact/_mtx/rune/vfx_imp_flesh_fatal_head_med
vfx,#vfx/iw8/weap/_impact/_mtx/rune/vfx_imp_flesh_med_exit
vfx,#vfx/iw8/weap/_impact/_mtx/rune/vfx_imp_flesh_fatal_exit
vfx,#vfx/iw8/weap/_impact/_mtx/chem/vfx_imp_chem_wood
vfx,#vfx/iw8/weap/_impact/_mtx/chem/vfx_imp_chem_con
vfx,#vfx/iw8/weap/_impact/_mtx/chem/vfx_imp_chem_cloth
vfx,#vfx/iw8/weap/_impact/_mtx/chem/vfx_imp_chem_dirt
vfx,#vfx/iw8/weap/_impact/_mtx/chem/vfx_imp_chem_flesh_dead
vfx,#vfx/iw8/weap/_impact/_mtx/chem/vfx_imp_mtx_sparks_lrg
vfx,#vfx/iw8/weap/_impact/_mtx/chem/vfx_imp_chem_glas
vfx,#vfx/iw8/weap/_impact/_mtx/chem/vfx_imp_chem_ice
vfx,#vfx/iw8/weap/_impact/_mtx/chem/vfx_imp_chem_met
vfx,#vfx/iw8/weap/_impact/_mtx/chem/vfx_imp_chem_paper
vfx,#vfx/iw8/weap/_impact/_mtx/chem/vfx_imp_chem_water
vfx,#vfx/iw8/weap/_impact/_mtx/chem/vfx_imp_chem_flesh
vfx,#vfx/iw8/weap/_impact/_mtx/chem/vfx_imp_chem_flesh_fatal
vfx,#vfx/iw8/weap/_impact/_mtx/blast/vfx_imp_blast_core
vfx,#vfx/iw8/weap/_impact/_mtx/blast/vfx_imp_blast_flesh
vfx,#vfx/iw8/weap/_impact/_mtx/blast/vfx_imp_blast_water
vfx,#vfx/iw8/weap/_impact/_mtx/blast/vfx_imp_blast_flesh_fatal
vfx,#vfx/iw8/weap/_impact/_mtx/blast/vfx_imp_blast_head_fatal
vfx,#vfx/iw8/weap/_impact/_mtx/beer/vfx_imp_beer
vfx,#vfx/iw8/weap/_impact/_mtx/beer/vfx_imp_flesh_med
vfx,#vfx/iw8/weap/_impact/_mtx/beer/vfx_imp_beer_water
vfx,#vfx/iw8/weap/_impact/_mtx/beer/vfx_imp_flesh_fatal_med
vfx,#vfx/iw8/weap/_impact/_mtx/beer/vfx_imp_flesh_fat_head
vfx,#vfx/iw8/weap/_impact/_mtx/rdwht/vfx_imp_flesh
vfx,#vfx/iw8/weap/_impact/_mtx/rdwht/vfx_imp_mtx_sparks_lrg
vfx,#vfx/iw8/weap/_impact/_mtx/gldwht/vfx_imp_flesh
vfx,#vfx/iw8/weap/_impact/_mtx/gldwht/vfx_imp_mtx_sparks_lrg
vfx,#vfx/iw8/weap/_impact/_mtx/gldred/vfx_imp_gldred
vfx,#vfx/iw8/weap/_impact/_mtx/ambpurp/vfx_imp_flesh_med
vfx,#vfx/iw8/weap/_impact/_mtx/ambpurp/vfx_imp_flesh_fatal_med
vfx,#vfx/iw8/weap/_impact/_mtx/ambpurp/vfx_imp_flesh_fat_head
vfx,#vfx/iw8/weap/_impact/_mtx/ambpurp/vfx_imp_mtx_sparks_lrg
vfx,#vfx/iw8/weap/_impact/_mtx/ambpurp/vfx_imp_sparks_lrg_cut
vfx,#vfx/iw8/weap/_impact/_mtx/ambpurp/vfx_imp_sparks_lrg_rad
vfx,#vfx/iw8/weap/_impact/_mtx/ambpurp/vfx_imp_sparks_lrg_shrt
vfx,#vfx/iw8/weap/_impact/_mtx/ambpurp/vfx_imp_sparks_lrg_wtr
vfx,#vfx/iw8/weap/_impact/_mtx/ambpurp/vfx_imp_sparks_lrg_wood
vfx,#vfx/iw8/weap/_impact/_mtx/ambpurp/vfx_imp_sparks_lrg_shld
vfx,#vfx/iw8/weap/_impact/_mtx/radact/vfx_imp_ra_wood
vfx,#vfx/iw8/weap/_impact/_mtx/radact/vfx_imp_ra_con
vfx,#vfx/iw8/weap/_impact/_mtx/radact/vfx_imp_ra_cloth
vfx,#vfx/iw8/weap/_impact/_mtx/radact/vfx_imp_ra_dirt
vfx,#vfx/iw8/weap/_impact/_mtx/radact/vfx_imp_ra_flesh_dead
vfx,#vfx/iw8/weap/_impact/_mtx/radact/vfx_imp_ra_sparks_lrg
vfx,#vfx/iw8/weap/_impact/_mtx/radact/vfx_imp_ra_glas
vfx,#vfx/iw8/weap/_impact/_mtx/radact/vfx_imp_ra_ice
vfx,#vfx/iw8/weap/_impact/_mtx/radact/vfx_imp_ra_met
vfx,#vfx/iw8/weap/_impact/_mtx/radact/vfx_imp_ra_paper
vfx,#vfx/iw8/weap/_impact/_mtx/radact/vfx_imp_ra_water
vfx,#vfx/iw8/weap/_impact/_mtx/radact/vfx_imp_ra_flesh
vfx,#vfx/iw8/weap/_impact/_mtx/radact/vfx_imp_ra_flesh_fatal
vfx,#vfx/iw8/weap/_impact/_mtx/rablu/vfx_imp_flesh_med
vfx,#vfx/iw8/weap/_impact/_mtx/rablu/vfx_imp_flesh_fatal_med
vfx,#vfx/iw8/weap/_impact/_mtx/rablu/vfx_imp_flesh_fat_head
vfx,#vfx/iw8/weap/_impact/_mtx/rablu/vfx_imp_mtx_sparks_lrg
vfx,#vfx/iw8/weap/_impact/_mtx/fwork/vfx_imp_fwork_flesh
vfx,#vfx/iw8/weap/_impact/_mtx/fwork/vfx_imp_fwork_flesh_fatal
vfx,#vfx/iw8/weap/_impact/_mtx/fwork/vfx_imp_fwork_fatal_head
vfx,#vfx/iw8/weap/_impact/_mtx/fwork/vfx_imp_fwork_core
vfx,#vfx/iw8/weap/_impact/_mtx/paintball/vfx_imp_paintball
vfx,#vfx/iw8/weap/_impact/_mtx/paintball/vfx_imp_paintball2
vfx,#vfx/iw8/weap/_impact/_mtx/paintball/vfx_imp_paintball3
vfx,#vfx/iw8/weap/_impact/_mtx/paintball/vfx_imp_paintball4
vfx,#vfx/iw8/weap/_impact/_mtx/blured/vfx_imp_flesh_med
vfx,#vfx/iw8/weap/_impact/_mtx/blured/vfx_imp_flesh_fatal_med
vfx,#vfx/iw8/weap/_impact/_mtx/blured/vfx_imp_flesh_fat_head
vfx,#vfx/iw8/weap/_impact/_mtx/blured/vfx_imp_mtx_sparks_lrg
vfx,#vfx/iw8/weap/_impact/_mtx/blured/vfx_imp_mtx_sparks_lrg_cut
vfx,#vfx/iw8/weap/_impact/_mtx/blured/vfx_imp_mtx_sparks_lrg_rad
vfx,#vfx/iw8/weap/_impact/_mtx/blured/vfx_imp_sparks_lrg_shrt
vfx,#vfx/iw8/weap/_impact/_mtx/blured/vfx_imp_sparks_lrg_wtr
vfx,#vfx/iw8/weap/_impact/_mtx/blured/vfx_imp_sparks_lrg_wood
vfx,#vfx/iw8/weap/_impact/_mtx/blured/vfx_imp_sparks_lrg_shld
vfx,#vfx/iw8/weap/_impact/_mtx/mfury/vfx_imp_mfury
vfx,#vfx/iw8/weap/_impact/_mtx/mfury/vfx_imp_mfury_water
vfx,#vfx/iw8/weap/_impact/_mtx/mfury/vfx_imp_mfury_flesh
vfx,#vfx/iw8/weap/_impact/_mtx/mfury/vfx_imp_mfury_flesh_fatal
vfx,#vfx/iw8/weap/_impact/_mtx/mfury/vfx_imp_mfury_head_fatal
vfx,#vfx/iw8/weap/_impact/_mtx/blufire/vfx_imp_fire_dis
vfx,#vfx/iw8/weap/_impact/_mtx/blufire/vfx_imp_flesh_med
vfx,#vfx/iw8/weap/_impact/_mtx/blufire/vfx_imp_fire_dis_metal
vfx,#vfx/iw8/weap/_impact/_mtx/blufire/vfx_imp_flesh_fatal_med
vfx,#vfx/iw8/weap/_impact/_mtx/blufire/vfx_flesh_fat_head_med
vfx,#vfx/iw8/weap/_impact/_mtx/blufire/vfx_imp_fire_dis_flesh
vfx,#vfx/iw8/weap/_impact/_mtx/blufire/vfx_imp_fire_dis_glass
vfx,#vfx/iw8/weap/_impact/_mtx/blufire/vfx_imp_fire_dis_water
vfx,#vfx/iw8/weap/_impact/_mtx/genie/vfx_imp_flesh_med
vfx,#vfx/iw8/weap/_impact/_mtx/genie/vfx_imp_flesh_fatal_med
vfx,#vfx/iw8/weap/_impact/_mtx/genie/vfx_imp_fatal_head_med
vfx,#vfx/iw8/weap/_impact/_mtx/numb/vfx_imp_mtx_sparks_lrg
vfx,#vfx/iw8/weap/_impact/_mtx/numb/vfx_imp_mtx_sparks_lrg_cut
vfx,#vfx/iw8/weap/_impact/_mtx/numb/vfx_imp_mtx_sparks_lrg_rad
vfx,#vfx/iw8/weap/_impact/_mtx/numb/vfx_imp_mtx_sparks_lrg_short
vfx,#vfx/iw8/weap/_impact/_mtx/numb/vfx_imp_mtx_sparks_lrg_water
vfx,#vfx/iw8/weap/_impact/_mtx/numb/vfx_imp_mtx_sparks_lrg_wood
vfx,#vfx/iw8/weap/_impact/_mtx/numb/vfx_imp_mtx_sparks_lrg_shld
vfx,#vfx/iw8/weap/_impact/_mtx/rdgltch/vfx_imp_flesh
vfx,#vfx/iw8/weap/_impact/_mtx/rdgltch/vfx_imp_mtx_sparks_lrg
vfx,#vfx/iw8/weap/_impact/_mtx/fsword/vfx_imp_fsword
vfx,#vfx/iw8/weap/_impact/_mtx/fsword/vfx_imp_fsword_flesh
vfx,#vfx/iw8/weap/_impact/_mtx/fsword/vfx_imp_fsword_water
vfx,#vfx/iw8/weap/_impact/_mtx/fsword/vfx_imp_fsword_flesh_fatal
vfx,#vfx/iw8/weap/_impact/_mtx/fsword/vfx_imp_fsword_head_fatal
vfx,#vfx/iw8/weap/_impact/_mtx/codmas/vfx_imp_codmas_assist
vfx,#vfx/iw8/weap/_impact/_mtx/aot/vfx_imp_aot
vfx,#vfx/iw8/weap/_impact/_mtx/aot/vfx_imp_aot_flesh
vfx,#vfx/iw8/weap/_impact/_mtx/aot/vfx_imp_aot2
vfx,#vfx/iw8/weap/_impact/_mtx/ash/vfx_imp_ash
vfx,#vfx/iw8/weap/_impact/_mtx/ash/vfx_imp_ash_flesh_med
vfx,#vfx/iw8/weap/_impact/_mtx/lsr/vfx_imp_lsr
vfx,#vfx/iw8/weap/_impact/_mtx/lsr/vfx_imp_lsr_flesh
vfx,#vfx/iw8/weap/_impact/_mtx/lunar/vfx_imp_lun_01
vfx,#vfx/iw8/weap/_impact/_mtx/mecha/vfx_imp_mecha
vfx,#vfx/iw8/weap/_impact/_mtx/mecha/vfx_imp_mecha_flesh
vfx,#vfx/iw8/weap/_impact/_mtx/mecha/vfx_imp_mecha2_flesh
vfx,#vfx/iw8/weap/_impact/_mtx/arctic/vfx_imp_arctic
vfx,#vfx/iw8/weap/_impact/_mtx/arctic/vfx_imp_arctic_flesh
vfx,#vfx/iw8/weap/_impact/_mtx/yeti/vfx_imp_yeti
vfx,#vfx/iw8/weap/_impact/_mtx/night/vfx_imp_night
vfx,#vfx/iw8/weap/_impact/_mtx/night/vfx_imp_night_flesh
vfx,#vfx/iw8/weap/_impact/_mtx/diesel/vfx_imp_diesel
vfx,#vfx/iw8/weap/_impact/_mtx/diesel/vfx_imp_diesel_flesh
vfx,#vfx/iw8/weap/_impact/_mtx/s4gld/vfx_imp_s4gld
vfx,#vfx/iw8/weap/_impact/_mtx/s4gld/vfx_imp_s4gld_flesh
vfx,#vfx/iw8/weap/_impact/_mtx/val/vfx_imp_val
vfx,#vfx/iw8/weap/_impact/_mtx/carn/vfx_imp_carn
vfx,#vfx/iw8/weap/_impact/_mtx/lions/vfx_imp_lions
vfx,#vfx/iw8/weap/_impact/_mtx/lions/vfx_imp_lions_flesh
vfx,#vfx/iw8/weap/_impact/_mtx/lions/vfx_imp_lions2
vfx,#vfx/iw8/weap/_impact/_mtx/gbay/vfx_imp_gbay
vfx,#vfx/iw8/weap/_impact/_mtx/gbay/vfx_imp_gbay_flesh
vfx,#vfx/iw8/weap/_impact/_mtx/gbay/vfx_imp_gbay2
vfx,#vfx/iw8/weap/_impact/_mtx/gbay/vfx_imp_gbay2_flesh
vfx,#vfx/iw8/weap/_impact/_mtx/ken/vfx_imp_ken
vfx,#vfx/iw8/weap/_impact/_mtx/ken/vfx_imp_ken_flesh
vfx,#vfx/iw8/weap/_impact/_mtx/cerberus/vfx_imp_cerberus
vfx,#vfx/iw8/weap/_impact/_mtx/cerberus/vfx_imp_cerberus_lg
vfx,#vfx/iw8/weap/_impact/_mtx/cerberus/vfx_imp_cerberus_grn
vfx,#vfx/iw8/weap/_impact/_mtx/cerberus/vfx_imp_cerberus_lg_grn
vfx,#vfx/iw8/weap/_impact/_mtx/lions/vfx_imp_419_flesh
vfx,#vfx/iw8/weap/_impact/_mtx/war/vfx_imp_war
vfx,#vfx/iw8/weap/_impact/_mtx/war/vfx_imp_war_flesh
vfx,#vfx/iw8/weap/_impact/_mtx/radio/vfx_imp_radio
vfx,#vfx/iw8/weap/_impact/_mtx/radio/vfx_imp_radio_flesh
vfx,#vfx/iw8/weap/_impact/_mtx/street/vfx_imp_street
vfx,#vfx/iw8/weap/_impact/_mtx/street/vfx_imp_street_flesh
vfx,#vfx/iw8/weap/_impact/_mtx/drgbt/vfx_imp_drgbt
vfx,#vfx/iw8/weap/_impact/_mtx/drgbt/vfx_imp_drgbt_flesh
vfx,#vfx/iw8/weap/_impact/_mtx/pitfall/vfx_imp_pitfall
vfx,#vfx/iw8/weap/_impact/_mtx/holo/vfx_imp_holo
vfx,#vfx/iw8/weap/_impact/_mtx/aether/vfx_imp_aether
vfx,#vfx/iw8/weap/_impact/_mtx/tesla/vfx_imp_tesla
vfx,#vfx/iw8/weap/_impact/_mtx/tesla/vfx_imp_tesla_flesh
vfx,#vfx/iw8/weap/_impact/_mtx/tesla/vfx_imp_tesla2
vfx,#vfx/iw8/weap/_impact/_mtx/tesla/vfx_imp_tesla2_flesh
vfx,#vfx/iw8/weap/_impact/_mtx/famine/vfx_imp_famine
vfx,#vfx/iw8/weap/_impact/_mtx/famine/vfx_imp_famine_flesh
vfx,#vfx/iw8/weap/_impact/_mtx/july/vfx_imp_july
vfx,#vfx/iw8/weap/_impact/_mtx/july/vfx_imp_july_flesh
vfx,#vfx/iw8/weap/_impact/_mtx/s4purp/vfx_imp_s4purp
vfx,#vfx/iw8/weap/_impact/_mtx/bard/vfx_imp_bard
vfx,#vfx/iw8/weap/_impact/_mtx/atomic/vfx_imp_atomic
vfx,#vfx/iw8/weap/_impact/_mtx/atomic/vfx_imp_atomic_flesh
vfx,#vfx/iw8/weap/_impact/_mtx/punk/vfx_imp_punk
vfx,#vfx/iw8/weap/_impact/_mtx/callum/vfx_imp_callum
vfx,#vfx/iw8/weap/_impact/_mtx/obon/vfx_imp_obon
vfx,#vfx/iw8/weap/_impact/_mtx/obon/vfx_imp_obon_flesh
vfx,#vfx/iw8/weap/_impact/_mtx/led/vfx_imp_led
vfx,#vfx/iw8/weap/_impact/_mtx/palmer/vfx_imp_palmer
vfx,#vfx/iw8/weap/_impact/_mtx/palmer/vfx_imp_palmer_flesh
vfx,#vfx/iw8/weap/_impact/_mtx/space/vfx_imp_space
vfx,#vfx/iw8/weap/_impact/_mtx/s4anime/vfx_imp_s4anime
vfx,#vfx/iw8/weap/_impact/_mtx/s4anime/vfx_imp_s4anime_flesh
vfx,#vfx/iw8/weap/_impact/_mtx/dino/vfx_imp_dino
vfx,#vfx/iw8/weap/_impact/_mtx/animal/vfx_imp_animal
vfx,#vfx/iw8/weap/_impact/_mtx/dogget/vfx_imp_dogget
vfx,#vfx/iw8/weap/_impact/_mtx/dogget/vfx_imp_dogget_flesh
vfx,#vfx/iw8/weap/_impact/_mtx/dogget/vfx_imp_dogget_fatal
vfx,#vfx/iw8/weap/_impact/_mtx/winter/vfx_imp_winter
vfx,#vfx/iw8/weap/_impact/_mtx/death/vfx_imp_death
vfx,#vfx/iw8/weap/_impact/_mtx/death/vfx_imp_death_flesh
vfx,#vfx/iw8/weap/_impact/_mtx/retro/vfx_imp_retro
vfx,#vfx/iw8/weap/_impact/_mtx/retro/vfx_imp_retro_flesh
vfx,#vfx/iw8/weap/_impact/_mtx/retro/vfx_imp_retro_flesh_fatal
vfx,#vfx/iw8/weap/_impact/_mtx/em1beam/vfx_imp_em1beam
vfx,#vfx/iw8/weap/_impact/_mtx/dna/vfx_imp_dna
vfx,#vfx/iw8/weap/_impact/_mtx/dna/vfx_imp_dna_flesh
vfx,#vfx/iw8/weap/_impact/_mtx/evil/vfx_imp_evil
vfx,#vfx/iw8/weap/_impact/_mtx/ua/vfx_imp_ua
vfx,#vfx/iw8/weap/_impact/_mtx/ua/vfx_imp_ua_flesh
vfx,#vfx/iw8/weap/_impact/_mtx/ua/vfx_imp_ua_flesh_lg
vfx,#vfx/iw8/weap/_impact/_mtx/ua/vfx_imp_ua2
vfx,#vfx/iw8/weap/_impact/_mtx/ua/vfx_imp_ua2_flesh
vfx,#vfx/iw8/weap/_impact/_mtx/ua/vfx_imp_ua2_flesh_lg
vfx,#vfx/iw8/weap/_impact/_mtx/hopper/vfx_imp_hop
vfx,#vfx/iw8/weap/_impact/_mtx/hopper/vfx_imp_hop_flesh
vfx,#vfx/iw8/weap/_impact/_mtx/hopper/vfx_imp_hop_flesh_fatal
vfx,#vfx/iw8/weap/_impact/_mtx/pest/vfx_imp_pest
vfx,#vfx/iw8/weap/_impact/_mtx/pest/vfx_imp_pest_flesh
vfx,#vfx/iw8/weap/_impact/_mtx/pest/vfx_imp_pest_flesh_fatal
vfx,#vfx/iw8/weap/_impact/_mtx/pest/vfx_imp_pestbeam
vfx,#vfx/iw8/weap/_impact/_mtx/pest/vfx_imp_pestbeam_flesh_fatal
vfx,#vfx/iw8/weap/_impact/_mtx/s4space/vfx_imp_s4space
vfx,#vfx/iw8/weap/_impact/_mtx/s4space/vfx_imp_s4space_flesh
vfx,#vfx/iw8/weap/_impact/_mtx/s4space/vfx_imp_s4space_fatal
vfx,#vfx/iw8/weap/_impact/_mtx/anubis/vfx_imp_anubis
vfx,#vfx/iw8/weap/_impact/_mtx/anubis/vfx_imp_anubis_flesh
vfx,#vfx/iw8/weap/_impact/_mtx/anubis/vfx_imp_anubis_flesh_fatal
vfx,#vfx/iw8/weap/_impact/_mtx/sweet/vfx_imp_sweet
vfx,#vfx/iw8/weap/_impact/_mtx/sweet/vfx_imp_sweet_fatal
vfx,#vfx/iw8/weap/_impact/_mtx/animelove/vfx_imp_animelove
vfx,#vfx/iw8/weap/_impact/_mtx/seraph/vfx_imp_seraph
vfx,#vfx/iw8/weap/_impact/_mtx/weed/vfx_imp_flesh_lrg
vfx,#vfx/iw8/weap/_impact/_mtx/weed/vfx_imp_flesh_fatal_med
vfx,#vfx/iw8/weap/_impact/_mtx/weed/vfx_imp_flesh_fatal_head_med
vfx,#vfx/iw8/weap/_impact/_mtx/weed/vfx_imp_mtx_sparks_lrg
vfx,#vfx/iw8/weap/_impact/_mtx/weed/vfx_imp_flesh_fatal_exit
vfx,#vfx/iw8/weap/_impact/dragon/vfx_imp_dragon12g_gen
vfx,#vfx/iw8/weap/_impact/dragon/vfx_imp_dragon12g_reflect
vfx,#vfx/iw8/weap/_impact/dragon/vfx_imp_dragon12g_riotshield
vfx,#vfx/iw8/weap/_impact/dragon/vfx_imp_dragon12g_flesh
vfx,#vfx/iw8/weap/_impact/db_lite/vfx_imp_dragon12g_gen
vfx,#vfx/iw8/weap/_impact/db_lite/vfx_imp_dragon12g_reflect
vfx,#vfx/iw8/weap/_impact/db_lite/vfx_imp_dragon12g_riotshield
vfx,#vfx/iw8/weap/_impact/db_lite/vfx_imp_dragon12g_flesh
vfx,#vfx/iw8/weap/_impact/airplane/vfx_plane_mg_impact
vfx,#vfx/iw8/weap/_impact/airplane/vfx_plane_mg_brick_impact
vfx,#vfx/iw8/weap/_impact/airplane/vfx_plane_mg_concrete_impact
vfx,#vfx/iw8/weap/_impact/airplane/vfx_plane_mg_dirt_impact
vfx,#vfx/iw8/weap/_impact/airplane/vfx_plane_mg_foliage_impact
vfx,#vfx/iw8/weap/_impact/airplane/vfx_plane_mg_grass_impact
vfx,#vfx/iw8/weap/_impact/airplane/vfx_plane_mg_metal_impact
vfx,#vfx/iw8/weap/_impact/airplane/vfx_plane_mg_mud_impact
vfx,#vfx/iw8/weap/_impact/airplane/vfx_plane_mg_rock_impact
vfx,#vfx/iw8/weap/_impact/airplane/vfx_plane_mg_sand_impact
vfx,#vfx/iw8/weap/_impact/airplane/vfx_plane_mg_wet_sand_impact
vfx,#vfx/iw8/weap/_impact/airplane/vfx_plane_mg_water_impact
vfx,#vfx/iw8/weap/_impact/airplane/vfx_plane_mg_asphalt_impact
vfx,#vfx/iw8_br/island/weap/_imp/turret/vfx_aa_gun_impact
impactfx,#cp_sv_cave_pm
material,#tw/shadowcaster
material,#tw/caulk_shadow
material,#tw/cinderblock_top_01
material,#tw/concrete_cinder_block_base_tan
material,#tw/concrete_cinder_block_messy_tan_01
material,#tw/concrete_floor_tiles_damaged_mix_01_b
material,#tw/plaster_old_rough_02
material,#tw/plaster_ruined_01
material,#tw/window_exterior_metal_bar_d_2
material,#tw/wood_dark_01
material,#tw/plywood_clean_01
material,#tw/plywood_painted_01
material,#tw/wood_beam_stairs_trim_01
material,#tw/wood_plywood_edge_trim_01
material,#tw/ceramic_floor_tile_02
material,#tw/ceramic_tile_ornate_broken_03
material,#tw/concrete_brushed_spotty_01
material,#tw/concrete_damaged_02
material,#tw/concrete_damaged_02_gray
material,#tw/concrete_rubble_pile_01
material,#tw/dirt_soil_erosion_02_light
material,#tw/dirt_stones_eroded_light_01
material,#tw/me_rock_cave_wall_01_light_tile
material,#tw/me_rock_cave_wall_01_tile
material,#tw/plaster_old_rough_03_brown
material,#tw/plaster_old_rough_03_light_brown
material,#tw/plaster_old_rough_03_orange
material,#tw/plaster_old_rough_03_white
material,#tw/riverbed_dirt_path_01
material,#tw/stone_cave_rock_wall_01_light
material,#tw/stone_wall_rough_a_01
material,#tw/dirt_soil_erosion_01
material,#tw/dirt_soil_erosion_01_light
material,#tw/signage_hookah_cafe_01
material,#tw/concrete_tile_base_01
material,#tw/fac_rubber_trim_black
material,#tw/rubber_wires_hanging_01
material,#twc/concrete_cinder_block_base_tan
material,#twc/periph_terrain_sand_billow_01
material,#twc/plaster_old_rough_02
material,#twc/plaster_ruined_01
material,#twc/wood_bare_dark_worn_01
material,#twc/concrete_brushed_spotty_01
material,#twc/concrete_damaged_02
material,#twc/concrete_damaged_02_gray
material,#twc/concrete_rough_ridges_01_tan
material,#twc/plaster_old_rough_03_light_brown
material,#twc/dirt_soil_erosion_01
material,#twc/dirt_soil_erosion_01_light
material,#tw/dirt_rocky_02
material,#tw/dirt_rocky_pebbles_01_light_nodis
material,#twc/dirt_rocky_02
material,#twc4/383n_11
material,#twc4/10n_11
material,#twc4/327n_11
material,#twc4/20n_11
material,#twc4/413n_11
material,#twc4/286n_49n
material,#twc4/286n_4n
material,#twc4/286n_5n
material,#tw4/383n_31n
material,#tw4/64n_160n
material,#tw4/97n_45n
material,#tw4/13n_14n
material,#tw4/13n_38n
material,#tw4/206n_38n
material,#tw4/20n_134n
material,#tw4/20n_85n
material,#tw4/29n_260n
material,#tw4/29n_485n
material,#tw4/29n_585n
material,#tw4/41n_1233n
material,#tw4/719n_38n
material,#tw4/89n_76n
material,#tw4/41n_117n
material,#tw4/133n_134n
material,#tw4/25n_14n
material,#tw4/25n_5n
material,#tw4/25n_8n
material,#tw/uk_scaffold_kit_wood_01
material,#tw/me_awning_wood_short_01_wood
material,#twc4/103n_36n
material,#twc4/103n_59n
material,#twc4/129n_134n
material,#twc4/129n_191n
material,#twc4/129n_43n
material,#twc4/129n_58n
material,#twc4/17n_5n
material,#twc4/63n_134n
material,#twc4/63n_160n
material,#twc4/63n_21n
material,#twc4/63n_31n
material,#twc4/63n_38n
material,#twc4/63n_42n
material,#twc4/63n_45n
material,#twc4/63n_58n
material,#twc4/64n_101n
material,#twc4/64n_113n
material,#twc4/64n_147n
material,#twc4/64n_14n
material,#twc4/64n_191n
material,#twc4/64n_21n
material,#twc4/64n_30n
material,#twc4/64n_38n
material,#twc4/64n_399n
material,#twc4/64n_3n
material,#twc4/64n_49n
material,#twc4/64n_51n
material,#twc4/64n_57n
material,#twc4/64n_58n
material,#twc4/64n_5n
material,#twc4/64n_81n
material,#twc4/64n_85n
material,#twc4/64n_86n
material,#twc4/64n_90n
material,#twc4/70n_113n
material,#twc4/70n_134n
material,#twc4/70n_144n
material,#twc4/70n_191n
material,#twc4/70n_21n
material,#twc4/70n_31n
material,#twc4/70n_38n
material,#twc4/70n_399n
material,#twc4/70n_3n
material,#twc4/70n_42n
material,#twc4/70n_51n
material,#twc4/70n_58n
material,#twc4/70n_71n
material,#twc4/70n_85n
material,#twc4/70n_86n
material,#twc4/97n_113n
material,#twc4/97n_274n
material,#twc4/97n_42n
material,#twc4/97n_51n
material,#twc4/97n_57n
material,#twc4/97n_59n
material,#twc4/97n_86n
material,#twc4/63n_117n
material,#twc4/63n_54n
material,#twc4/64n_54n
material,#twc4/70n_54n
material,#twc4/10n_153n
material,#twc4/10n_249n
material,#twc4/122n_123n
material,#twc4/327n_249n
material,#twc4/1055n_191n
material,#twc4/1055n_58n
material,#twc4/105n_237n
material,#twc4/105n_247n
material,#twc4/105n_315n
material,#twc4/105n_3n
material,#twc4/105n_47n
material,#twc4/105n_4n
material,#twc4/105n_5n
material,#twc4/105n_61n
material,#twc4/105n_79n
material,#twc4/105n_94n
material,#twc4/125n_485n
material,#twc4/125n_51n
material,#twc4/125n_58n
material,#twc4/127n_58n
material,#twc4/1359n_134n
material,#twc4/13n_110n
material,#twc4/13n_134n
material,#twc4/13n_160n
material,#twc4/13n_188n
material,#twc4/13n_210n
material,#twc4/13n_21n
material,#twc4/13n_264n
material,#twc4/13n_38n
material,#twc4/13n_43n
material,#twc4/13n_51n
material,#twc4/13n_57n
material,#twc4/13n_58n
material,#twc4/13n_59n
material,#twc4/13n_5n
material,#twc4/13n_86n
material,#twc4/13n_90n
material,#twc4/13n_976n
material,#twc4/152n_315n
material,#twc4/152n_3n
material,#twc4/152n_61n
material,#twc4/152n_76n
material,#twc4/152n_92n
material,#twc4/16n_49n
material,#twc4/16n_5n
material,#twc4/16n_76n
material,#twc4/16n_8n
material,#twc4/206n_207n
material,#twc4/206n_31n
material,#twc4/206n_38n
material,#twc4/206n_43n
material,#twc4/206n_58n
material,#twc4/20n_101n
material,#twc4/20n_144n
material,#twc4/20n_188n
material,#twc4/20n_21n
material,#twc4/20n_274n
material,#twc4/20n_31n
material,#twc4/20n_38n
material,#twc4/20n_45n
material,#twc4/20n_51n
material,#twc4/20n_57n
material,#twc4/20n_58n
material,#twc4/20n_59n
material,#twc4/20n_85n
material,#twc4/20n_86n
material,#twc4/291n_5n
material,#twc4/29n_101n
material,#twc4/29n_134n
material,#twc4/29n_144n
material,#twc4/29n_21n
material,#twc4/29n_274n
material,#twc4/29n_30n
material,#twc4/29n_31n
material,#twc4/29n_38n
material,#twc4/29n_43n
material,#twc4/29n_45n
material,#twc4/29n_51n
material,#twc4/29n_57n
material,#twc4/29n_58n
material,#twc4/29n_59n
material,#twc4/29n_71n
material,#twc4/29n_81n
material,#twc4/29n_85n
material,#twc4/29n_86n
material,#twc4/413n_76n
material,#twc4/41n_110n
material,#twc4/41n_113n
material,#twc4/41n_1233n
material,#twc4/41n_147n
material,#twc4/41n_14n
material,#twc4/41n_160n
material,#twc4/41n_191n
material,#twc4/41n_210n
material,#twc4/41n_21n
material,#twc4/41n_223n
material,#twc4/41n_30n
material,#twc4/41n_31n
material,#twc4/41n_36n
material,#twc4/41n_38n
material,#twc4/41n_42n
material,#twc4/41n_43n
material,#twc4/41n_51n
material,#twc4/41n_57n
material,#twc4/41n_585n
material,#twc4/41n_58n
material,#twc4/41n_59n
material,#twc4/41n_5n
material,#twc4/41n_71n
material,#twc4/41n_86n
material,#twc4/41n_877n
material,#twc4/41n_8n
material,#twc4/41n_915n
material,#twc4/52n_21n
material,#twc4/52n_57n
material,#twc4/52n_58n
material,#twc4/577n_59n
material,#twc4/719n_134n
material,#twc4/719n_59n
material,#twc4/89n_237n
material,#twc4/89n_433n
material,#twc4/89n_49n
material,#twc4/89n_61n
material,#twc4/89n_92n
material,#twc4/1055n_54n
material,#twc4/13n_54n
material,#twc4/206n_54n
material,#twc4/20n_54n
material,#twc4/29n_54n
material,#twc4/41n_54n
material,#twc4/52n_54n
material,#twc4/89n_54n
material,#twc4/13n_22n
material,#twc4/133n_249n
material,#twc4/25n_153n
material,#twc4/25n_210n
material,#twc4/25n_264n
material,#twc4/25n_38n
material,#twc4/25n_47n
material,#twc4/25n_49n
material,#twc4/25n_4n
material,#twc4/25n_59n
material,#twc4/25n_5n
material,#twc4/25n_61n
material,#twc4/25n_79n
material,#twc4/25n_94n
material,#twc4/78n_315n
material,#twc4/78n_3n
material,#twc4/78n_49n
material,#twc4/78n_4n
material,#twc4/78n_5n
material,#twc4/78n_61n
material,#twc4/78n_79n
material,#twc4/78n_94n
material,#twc4/242n_47n
material,#twc4/345n_346n
material,#twc4/345n_59n
material,#twc4/286n_18n
material,#tw4/67n_18n
material,#tw4/25n_230n
material,#tw/rock_dirt_wall_eroded_01
material,#twc4/103n_18n
material,#twc4/17n_18n
material,#twc4/17n_35n
material,#twc4/2n_18n
material,#twc4/2n_217n
material,#twc4/2n_35n
material,#twc4/2n_36n
material,#twc4/2n_3n
material,#twc4/2n_4n
material,#twc4/2n_59n
material,#twc4/2n_5n
material,#twc4/2n_61n
material,#twc4/2n_92n
material,#twc4/105n_35n
material,#twc4/13n_35n
material,#twc4/16n_27n
material,#twc4/41n_230n
material,#twc4/421n_35n
material,#twc4/67n_49n
material,#twc4/67n_4n
material,#twc4/67n_59n
material,#twc4/67n_5n
material,#twc4/25n_18n
material,#twc4/25n_27n
material,#twc4/25n_35n
material,#twc4/78n_230n
material,#twc4/78n_35n
material,#twc4/70n_57n_11
material,#twc4/20n_144n_11
material,#twc4/20n_57n_11
material,#twc4/29n_144n_11
material,#twc4/29n_57n_11
material,#twc4/10n_11_249n
material,#twc4/20n_11_31n
material,#twc4/286n_4n_5n
material,#tw4/206n_38n_54n
material,#twc4/103n_36n_59n
material,#twc4/129n_207n_58n
material,#twc4/129n_207n_59n
material,#twc4/129n_57n_58n
material,#twc4/63n_160n_38n
material,#twc4/63n_21n_58n
material,#twc4/63n_45n_21n
material,#twc4/63n_45n_38n
material,#twc4/63n_45n_86n
material,#twc4/63n_58n_31n
material,#twc4/64n_101n_14n
material,#twc4/64n_101n_38n
material,#twc4/64n_101n_51n
material,#twc4/64n_101n_57n
material,#twc4/64n_113n_14n
material,#twc4/64n_113n_399n
material,#twc4/64n_113n_58n
material,#twc4/64n_147n_101n
material,#twc4/64n_147n_14n
material,#twc4/64n_147n_38n
material,#twc4/64n_147n_51n
material,#twc4/64n_21n_51n
material,#twc4/64n_21n_58n
material,#twc4/64n_30n_58n
material,#twc4/64n_30n_86n
material,#twc4/64n_38n_113n
material,#twc4/64n_38n_51n
material,#twc4/64n_38n_57n
material,#twc4/64n_43n_21n
material,#twc4/64n_43n_57n
material,#twc4/64n_43n_86n
material,#twc4/64n_49n_21n
material,#twc4/64n_57n_399n
material,#twc4/64n_57n_51n
material,#twc4/64n_61n_5n
material,#twc4/64n_81n_160n
material,#twc4/64n_81n_31n
material,#twc4/64n_81n_38n
material,#twc4/64n_81n_45n
material,#twc4/64n_81n_51n
material,#twc4/64n_86n_31n
material,#twc4/64n_86n_51n
material,#twc4/64n_86n_58n
material,#twc4/64n_90n_58n
material,#twc4/70n_113n_14n
material,#twc4/70n_113n_51n
material,#twc4/70n_160n_38n
material,#twc4/70n_191n_21n
material,#twc4/70n_191n_43n
material,#twc4/70n_191n_71n
material,#twc4/70n_21n_144n
material,#twc4/70n_21n_51n
material,#twc4/70n_38n_21n
material,#twc4/70n_38n_31n
material,#twc4/70n_38n_51n
material,#twc4/70n_38n_58n
material,#twc4/70n_38n_86n
material,#twc4/70n_399n_71n
material,#twc4/70n_42n_45n
material,#twc4/70n_42n_71n
material,#twc4/70n_42n_85n
material,#twc4/70n_43n_38n
material,#twc4/70n_43n_399n
material,#twc4/70n_45n_86n
material,#twc4/70n_51n_71n
material,#twc4/70n_85n_113n
material,#twc4/70n_85n_21n
material,#twc4/70n_85n_38n
material,#twc4/70n_85n_399n
material,#twc4/70n_85n_43n
material,#twc4/70n_86n_21n
material,#twc4/70n_86n_469n
material,#twc4/70n_86n_51n
material,#twc4/70n_86n_58n
material,#twc4/70n_86n_71n
material,#twc4/97n_113n_51n
material,#twc4/97n_134n_59n
material,#twc4/97n_274n_57n
material,#twc4/97n_86n_31n
material,#twc4/63n_21n_54n
material,#twc4/63n_86n_54n
material,#twc4/64n_101n_54n
material,#twc4/64n_21n_54n
material,#twc4/64n_51n_54n
material,#twc4/64n_57n_54n
material,#twc4/64n_81n_54n
material,#twc4/64n_85n_54n
material,#twc4/70n_21n_54n
material,#twc4/70n_71n_117n
material,#twc4/70n_85n_54n
material,#twc4/70n_86n_117n
material,#twc4/70n_86n_54n
material,#twc4/97n_113n_54n
material,#twc4/97n_86n_54n
material,#twc4/70n_113n_22n
material,#twc4/70n_85n_22n
material,#twc4/70n_86n_22n
material,#twc4/10n_153n_249n
material,#twc4/10n_3n_249n
material,#twc4/1055n_58n_59n
material,#twc4/105n_153n_61n
material,#twc4/105n_247n_5n
material,#twc4/105n_3n_237n
material,#twc4/105n_3n_4n
material,#twc4/105n_3n_5n
material,#twc4/105n_3n_61n
material,#twc4/105n_4n_217n
material,#twc4/105n_5n_5n
material,#twc4/105n_61n_315n
material,#twc4/105n_61n_4n
material,#twc4/105n_61n_5n
material,#twc4/105n_79n_247n
material,#twc4/105n_79n_5n
material,#twc4/105n_79n_61n
material,#twc4/105n_94n_3n
material,#twc4/105n_94n_61n
material,#twc4/125n_101n_58n
material,#twc4/125n_485n_58n
material,#twc4/125n_51n_399n
material,#twc4/125n_58n_399n
material,#twc4/125n_58n_51n
material,#twc4/125n_86n_58n
material,#twc4/127n_36n_59n
material,#twc4/127n_38n_58n
material,#twc4/13n_110n_59n
material,#twc4/13n_134n_43n
material,#twc4/13n_134n_57n
material,#twc4/13n_134n_59n
material,#twc4/13n_188n_134n
material,#twc4/13n_21n_51n
material,#twc4/13n_264n_5n
material,#twc4/13n_38n_58n
material,#twc4/13n_38n_59n
material,#twc4/13n_38n_90n
material,#twc4/13n_85n_58n
material,#twc4/13n_86n_51n
material,#twc4/13n_90n_399n
material,#twc4/13n_90n_58n
material,#twc4/13n_976n_134n
material,#twc4/152n_3n_315n
material,#twc4/152n_3n_74n
material,#twc4/152n_61n_92n
material,#twc4/16n_49n_76n
material,#twc4/16n_5n_5n
material,#twc4/16n_8n_490n
material,#twc4/16n_8n_49n
material,#twc4/16n_8n_5n
material,#twc4/16n_8n_74n
material,#twc4/16n_8n_76n
material,#twc4/206n_207n_31n
material,#twc4/206n_207n_38n
material,#twc4/206n_207n_43n
material,#twc4/206n_207n_51n
material,#twc4/206n_43n_38n
material,#twc4/206n_43n_399n
material,#twc4/206n_58n_51n
material,#twc4/20n_101n_21n
material,#twc4/20n_144n_31n
material,#twc4/20n_160n_31n
material,#twc4/20n_160n_86n
material,#twc4/20n_188n_101n
material,#twc4/20n_188n_134n
material,#twc4/20n_188n_228n
material,#twc4/20n_188n_249n
material,#twc4/20n_188n_315n
material,#twc4/20n_188n_59n
material,#twc4/20n_188n_5n
material,#twc4/20n_21n_14n
material,#twc4/20n_21n_58n
material,#twc4/20n_274n_86n
material,#twc4/20n_38n_21n
material,#twc4/20n_38n_31n
material,#twc4/20n_38n_57n
material,#twc4/20n_38n_86n
material,#twc4/20n_45n_21n
material,#twc4/20n_45n_58n
material,#twc4/20n_45n_59n
material,#twc4/20n_57n_144n
material,#twc4/20n_57n_31n
material,#twc4/20n_57n_51n
material,#twc4/20n_57n_57n
material,#twc4/20n_57n_58n
material,#twc4/20n_57n_86n
material,#twc4/20n_58n_31n
material,#twc4/20n_58n_51n
material,#twc4/20n_58n_59n
material,#twc4/20n_85n_36n
material,#twc4/20n_85n_4n
material,#twc4/20n_85n_58n
material,#twc4/20n_85n_86n
material,#twc4/20n_86n_144n
material,#twc4/20n_86n_31n
material,#twc4/20n_86n_51n
material,#twc4/20n_86n_58n
material,#twc4/29n_101n_101n
material,#twc4/29n_101n_21n
material,#twc4/29n_101n_260n
material,#twc4/29n_101n_51n
material,#twc4/29n_101n_57n
material,#twc4/29n_101n_71n
material,#twc4/29n_144n_31n
material,#twc4/29n_21n_260n
material,#twc4/29n_21n_51n
material,#twc4/29n_21n_71n
material,#twc4/29n_274n_228n
material,#twc4/29n_274n_38n
material,#twc4/29n_274n_51n
material,#twc4/29n_274n_57n
material,#twc4/29n_274n_58n
material,#twc4/29n_274n_59n
material,#twc4/29n_30n_31n
material,#twc4/29n_30n_43n
material,#twc4/29n_30n_58n
material,#twc4/29n_38n_58n
material,#twc4/29n_43n_58n
material,#twc4/29n_45n_21n
material,#twc4/29n_45n_260n
material,#twc4/29n_45n_30n
material,#twc4/29n_45n_31n
material,#twc4/29n_45n_38n
material,#twc4/29n_45n_43n
material,#twc4/29n_45n_585n
material,#twc4/29n_45n_58n
material,#twc4/29n_485n_38n
material,#twc4/29n_485n_58n
material,#twc4/29n_51n_228n
material,#twc4/29n_51n_59n
material,#twc4/29n_57n_31n
material,#twc4/29n_57n_51n
material,#twc4/29n_57n_58n
material,#twc4/29n_58n_31n
material,#twc4/29n_58n_51n
material,#twc4/29n_81n_38n
material,#twc4/29n_85n_21n
material,#twc4/29n_85n_51n
material,#twc4/29n_86n_58n
material,#twc4/41n_110n_59n
material,#twc4/41n_113n_14n
material,#twc4/41n_113n_51n
material,#twc4/41n_1233n_59n
material,#twc4/41n_134n_43n
material,#twc4/41n_147n_399n
material,#twc4/41n_147n_58n
material,#twc4/41n_160n_110n
material,#twc4/41n_160n_43n
material,#twc4/41n_160n_58n
material,#twc4/41n_160n_59n
material,#twc4/41n_191n_160n
material,#twc4/41n_191n_59n
material,#twc4/41n_210n_43n
material,#twc4/41n_210n_51n
material,#twc4/41n_210n_8n
material,#twc4/41n_21n_14n
material,#twc4/41n_21n_51n
material,#twc4/41n_21n_58n
material,#twc4/41n_223n_59n
material,#twc4/41n_30n_86n
material,#twc4/41n_346n_36n
material,#twc4/41n_346n_59n
material,#twc4/41n_36n_59n
material,#twc4/41n_38n_113n
material,#twc4/41n_38n_21n
material,#twc4/41n_38n_31n
material,#twc4/41n_38n_38n
material,#twc4/41n_38n_51n
material,#twc4/41n_38n_57n
material,#twc4/41n_38n_86n
material,#twc4/41n_42n_191n
material,#twc4/41n_42n_223n
material,#twc4/41n_42n_38n
material,#twc4/41n_42n_399n
material,#twc4/41n_42n_43n
material,#twc4/41n_42n_58n
material,#twc4/41n_42n_71n
material,#twc4/41n_43n_38n
material,#twc4/41n_43n_51n
material,#twc4/41n_45n_86n
material,#twc4/41n_51n_14n
material,#twc4/41n_51n_31n
material,#twc4/41n_57n_144n
material,#twc4/41n_57n_14n
material,#twc4/41n_57n_86n
material,#twc4/41n_585n_86n
material,#twc4/41n_58n_59n
material,#twc4/41n_86n_144n
material,#twc4/41n_86n_14n
material,#twc4/41n_86n_31n
material,#twc4/41n_86n_51n
material,#twc4/41n_86n_58n
material,#twc4/41n_8n_43n
material,#twc4/41n_8n_51n
material,#twc4/41n_915n_43n
material,#twc4/52n_101n_21n
material,#twc4/52n_57n_31n
material,#twc4/52n_57n_58n
material,#twc4/719n_134n_59n
material,#twc4/89n_61n_92n
material,#twc4/89n_92n_237n
material,#twc4/125n_58n_117n
material,#twc4/13n_21n_54n
material,#twc4/13n_51n_54n
material,#twc4/13n_86n_54n
material,#twc4/13n_90n_117n
material,#twc4/206n_207n_54n
material,#twc4/206n_38n_54n
material,#twc4/206n_399n_54n
material,#twc4/206n_43n_54n
material,#twc4/20n_188n_54n
material,#twc4/20n_21n_54n
material,#twc4/20n_51n_54n
material,#twc4/20n_57n_54n
material,#twc4/20n_58n_54n
material,#twc4/20n_85n_54n
material,#twc4/29n_101n_54n
material,#twc4/29n_21n_117n
material,#twc4/29n_21n_54n
material,#twc4/29n_274n_54n
material,#twc4/29n_30n_54n
material,#twc4/29n_45n_54n
material,#twc4/29n_51n_54n
material,#twc4/29n_57n_54n
material,#twc4/29n_81n_54n
material,#twc4/41n_113n_54n
material,#twc4/41n_21n_54n
material,#twc4/41n_223n_54n
material,#twc4/41n_42n_117n
material,#twc4/41n_51n_54n
material,#twc4/41n_57n_54n
material,#twc4/41n_71n_117n
material,#twc4/41n_86n_54n
material,#twc4/52n_57n_54n
material,#twc4/89n_433n_54n
material,#twc4/89n_49n_54n
material,#twc4/13n_160n_22n
material,#twc4/13n_90n_22n
material,#twc4/20n_21n_22n
material,#twc4/20n_45n_22n
material,#twc4/41n_113n_22n
material,#twc4/41n_38n_22n
material,#twc4/206n_54n_31n
material,#twc4/29n_54n_31n
material,#twc4/29n_54n_59n
material,#twc4/29n_54n_54n
material,#twc4/13n_22n_59n
material,#twc4/13n_22n_5n
material,#twc4/25n_153n_5n
material,#twc4/25n_153n_61n
material,#twc4/25n_210n_153n
material,#twc4/25n_210n_315n
material,#twc4/25n_210n_4n
material,#twc4/25n_210n_5n
material,#twc4/25n_210n_61n
material,#twc4/25n_210n_79n
material,#twc4/25n_210n_94n
material,#twc4/25n_264n_5n
material,#twc4/25n_3n_5n
material,#twc4/25n_47n_3n
material,#twc4/25n_47n_4n
material,#twc4/25n_47n_61n
material,#twc4/25n_49n_5n
material,#twc4/25n_4n_217n
material,#twc4/25n_4n_264n
material,#twc4/25n_4n_5n
material,#twc4/25n_61n_315n
material,#twc4/25n_61n_4n
material,#twc4/25n_61n_5n
material,#twc4/25n_79n_153n
material,#twc4/25n_79n_4n
material,#twc4/25n_79n_5n
material,#twc4/25n_79n_61n
material,#twc4/25n_8n_315n
material,#twc4/25n_94n_153n
material,#twc4/25n_94n_315n
material,#twc4/25n_94n_4n
material,#twc4/25n_94n_59n
material,#twc4/25n_94n_5n
material,#twc4/25n_94n_61n
material,#twc4/78n_210n_4n
material,#twc4/78n_3n_247n
material,#twc4/78n_3n_61n
material,#twc4/78n_47n_3n
material,#twc4/78n_49n_4n
material,#twc4/78n_4n_315n
material,#twc4/78n_61n_4n
material,#twc4/78n_79n_4n
material,#twc4/78n_79n_61n
material,#twc4/78n_94n_315n
material,#twc4/78n_94n_3n
material,#twc4/78n_94n_4n
material,#twc4/78n_94n_59n
material,#twc4/78n_94n_61n
material,#twc4/242n_47n_8n
material,#twc4/345n_346n_191n
material,#twc4/345n_346n_381n
material,#twc4/345n_346n_38n
material,#twc4/345n_346n_59n
material,#twc4/17n_18n_35n
material,#twc4/17n_18n_3n
material,#twc4/17n_18n_5n
material,#twc4/17n_35n_5n
material,#twc4/2n_18n_3n
material,#twc4/2n_18n_5n
material,#twc4/2n_35n_217n
material,#twc4/2n_35n_36n
material,#twc4/2n_35n_59n
material,#twc4/2n_35n_5n
material,#twc4/2n_35n_92n
material,#twc4/2n_36n_59n
material,#twc4/2n_3n_217n
material,#twc4/2n_3n_35n
material,#twc4/2n_3n_3n
material,#twc4/2n_3n_4n
material,#twc4/2n_3n_5n
material,#twc4/2n_3n_61n
material,#twc4/2n_3n_92n
material,#twc4/2n_4n_264n
material,#twc4/2n_4n_35n
material,#twc4/2n_4n_59n
material,#twc4/2n_4n_5n
material,#twc4/2n_4n_92n
material,#twc4/2n_5n_5n
material,#twc4/2n_61n_35n
material,#twc4/2n_61n_4n
material,#twc4/2n_61n_5n
material,#twc4/2n_8n_5n
material,#twc4/2n_92n_59n
material,#twc4/64n_85n_230n
material,#twc4/105n_35n_315n
material,#twc4/105n_35n_5n
material,#twc4/105n_3n_35n
material,#twc4/105n_47n_35n
material,#twc4/105n_4n_35n
material,#twc4/105n_61n_35n
material,#twc4/105n_79n_35n
material,#twc4/105n_94n_35n
material,#twc4/16n_27n_5n
material,#twc4/16n_8n_27n
material,#twc4/16n_8n_35n
material,#twc4/20n_188n_230n
material,#twc4/20n_18n_188n
material,#twc4/41n_160n_27n
material,#twc4/41n_18n_59n
material,#twc4/41n_230n_5n
material,#twc4/52n_18n_59n
material,#twc4/67n_18n_4n
material,#twc4/67n_18n_5n
material,#twc4/67n_49n_4n
material,#twc4/67n_49n_5n
material,#twc4/67n_4n_5n
material,#twc4/89n_35n_237n
material,#twc4/25n_153n_27n
material,#twc4/25n_18n_35n
material,#twc4/25n_18n_4n
material,#twc4/25n_210n_35n
material,#twc4/25n_230n_5n
material,#twc4/25n_27n_5n
material,#twc4/25n_35n_230n
material,#twc4/25n_35n_5n
material,#twc4/25n_47n_35n
material,#twc4/25n_4n_35n
material,#twc4/25n_61n_35n
material,#twc4/25n_79n_35n
material,#twc4/25n_8n_27n
material,#twc4/25n_94n_27n
material,#twc4/25n_94n_35n
material,#twc4/78n_247n_35n
material,#twc4/78n_3n_35n
material,#twc4/78n_47n_35n
material,#twc4/78n_49n_35n
material,#twc4/78n_61n_35n
material,#twc4/78n_79n_35n
material,#twc4/78n_94n_230n
material,#twc4/78n_94n_35n
material,#twc4/20n_57n_57n_11
material,#twc4/20n_57n_86n_11
material,#twc4/20n_86n_144n_11
material,#twc4/20n_57n_11_31n
material,#twc4/63n_45n_38n_86n
material,#twc4/64n_101n_38n_14n
material,#twc4/64n_101n_38n_51n
material,#twc4/64n_101n_38n_57n
material,#twc4/64n_147n_101n_14n
material,#twc4/64n_147n_101n_38n
material,#twc4/64n_147n_101n_51n
material,#twc4/64n_21n_51n_51n
material,#twc4/64n_21n_58n_31n
material,#twc4/64n_21n_58n_51n
material,#twc4/64n_30n_86n_58n
material,#twc4/64n_38n_113n_14n
material,#twc4/64n_38n_38n_57n
material,#twc4/64n_38n_57n_399n
material,#twc4/64n_49n_49n_21n
material,#twc4/64n_81n_38n_51n
material,#twc4/64n_81n_45n_31n
material,#twc4/64n_81n_45n_38n
material,#twc4/70n_113n_469n_14n
material,#twc4/70n_191n_399n_71n
material,#twc4/70n_191n_43n_399n
material,#twc4/70n_21n_144n_144n
material,#twc4/70n_21n_51n_144n
material,#twc4/70n_42n_45n_71n
material,#twc4/70n_43n_399n_71n
material,#twc4/70n_45n_38n_86n
material,#twc4/70n_85n_38n_21n
material,#twc4/70n_85n_38n_399n
material,#twc4/70n_85n_43n_38n
material,#twc4/70n_86n_21n_51n
material,#twc4/70n_86n_21n_71n
material,#twc4/97n_86n_51n_31n
material,#twc4/63n_21n_58n_54n
material,#twc4/64n_101n_57n_54n
material,#twc4/64n_21n_51n_54n
material,#twc4/64n_57n_51n_54n
material,#twc4/64n_81n_160n_54n
material,#twc4/64n_81n_51n_54n
material,#twc4/70n_21n_71n_117n
material,#twc4/70n_85n_38n_54n
material,#twc4/70n_86n_21n_117n
material,#twc4/70n_86n_51n_117n
material,#twc4/70n_86n_51n_54n
material,#twc4/70n_86n_71n_117n
material,#twc4/97n_113n_51n_54n
material,#twc4/64n_21n_58n_22n
material,#twc4/64n_81n_54n_31n
material,#twc4/97n_86n_54n_31n
material,#twc4/64n_21n_22n_31n
material,#twc4/70n_86n_22n_117n
material,#twc4/70n_22n_71n_117n
material,#twc4/10n_3n_153n_249n
material,#twc4/105n_3n_153n_61n
material,#twc4/105n_3n_61n_4n
material,#twc4/105n_3n_61n_5n
material,#twc4/105n_61n_4n_217n
material,#twc4/105n_61n_5n_5n
material,#twc4/105n_79n_247n_5n
material,#twc4/105n_79n_61n_5n
material,#twc4/105n_94n_3n_61n
material,#twc4/105n_94n_61n_5n
material,#twc4/125n_485n_58n_51n
material,#twc4/125n_485n_86n_58n
material,#twc4/125n_58n_51n_399n
material,#twc4/125n_86n_58n_51n
material,#twc4/13n_38n_90n_58n
material,#twc4/13n_90n_58n_399n
material,#twc4/152n_3n_74n_315n
material,#twc4/16n_8n_3n_74n
material,#twc4/16n_8n_49n_5n
material,#twc4/206n_207n_38n_51n
material,#twc4/206n_207n_43n_38n
material,#twc4/206n_207n_43n_51n
material,#twc4/206n_207n_51n_31n
material,#twc4/206n_43n_38n_399n
material,#twc4/206n_43n_38n_51n
material,#twc4/20n_160n_86n_31n
material,#twc4/20n_188n_38n_59n
material,#twc4/20n_188n_61n_5n
material,#twc4/20n_21n_58n_260n
material,#twc4/20n_21n_58n_31n
material,#twc4/20n_274n_57n_86n
material,#twc4/20n_38n_21n_14n
material,#twc4/20n_38n_57n_31n
material,#twc4/20n_45n_21n_58n
material,#twc4/20n_45n_58n_59n
material,#twc4/20n_57n_51n_31n
material,#twc4/20n_57n_57n_58n
material,#twc4/20n_57n_58n_31n
material,#twc4/20n_57n_86n_31n
material,#twc4/20n_57n_86n_58n
material,#twc4/20n_85n_36n_59n
material,#twc4/20n_85n_86n_58n
material,#twc4/20n_86n_144n_31n
material,#twc4/20n_86n_58n_31n
material,#twc4/29n_101n_21n_260n
material,#twc4/29n_101n_21n_51n
material,#twc4/29n_101n_21n_71n
material,#twc4/29n_21n_51n_260n
material,#twc4/29n_274n_51n_228n
material,#twc4/29n_45n_21n_31n
material,#twc4/29n_45n_30n_31n
material,#twc4/29n_45n_30n_585n
material,#twc4/29n_45n_31n_260n
material,#twc4/29n_45n_38n_21n
material,#twc4/29n_45n_38n_58n
material,#twc4/29n_45n_43n_31n
material,#twc4/29n_485n_38n_58n
material,#twc4/29n_57n_51n_228n
material,#twc4/41n_110n_36n_59n
material,#twc4/41n_110n_59n_59n
material,#twc4/41n_113n_469n_14n
material,#twc4/41n_113n_469n_51n
material,#twc4/41n_1233n_1233n_59n
material,#twc4/41n_160n_110n_59n
material,#twc4/41n_160n_43n_38n
material,#twc4/41n_160n_86n_31n
material,#twc4/41n_191n_160n_59n
material,#twc4/41n_210n_43n_51n
material,#twc4/41n_210n_8n_43n
material,#twc4/41n_210n_8n_51n
material,#twc4/41n_21n_51n_14n
material,#twc4/41n_346n_36n_59n
material,#twc4/41n_38n_113n_14n
material,#twc4/41n_38n_38n_86n
material,#twc4/41n_38n_51n_31n
material,#twc4/41n_38n_57n_144n
material,#twc4/41n_38n_57n_51n
material,#twc4/41n_38n_57n_86n
material,#twc4/41n_38n_86n_144n
material,#twc4/41n_38n_86n_14n
material,#twc4/41n_38n_86n_31n
material,#twc4/41n_38n_86n_51n
material,#twc4/41n_38n_86n_58n
material,#twc4/41n_42n_191n_71n
material,#twc4/41n_42n_38n_58n
material,#twc4/41n_42n_71n_71n
material,#twc4/41n_45n_38n_86n
material,#twc4/41n_45n_86n_58n
material,#twc4/41n_585n_86n_14n
material,#twc4/41n_86n_51n_14n
material,#twc4/41n_86n_51n_31n
material,#twc4/89n_61n_92n_237n
material,#twc4/125n_101n_58n_117n
material,#twc4/13n_21n_51n_54n
material,#twc4/13n_86n_51n_54n
material,#twc4/13n_90n_58n_117n
material,#twc4/206n_207n_399n_54n
material,#twc4/206n_207n_43n_54n
material,#twc4/206n_207n_51n_54n
material,#twc4/20n_21n_14n_54n
material,#twc4/20n_57n_51n_54n
material,#twc4/20n_57n_58n_54n
material,#twc4/20n_58n_51n_54n
material,#twc4/20n_85n_86n_54n
material,#twc4/20n_86n_51n_54n
material,#twc4/29n_101n_21n_54n
material,#twc4/29n_21n_51n_54n
material,#twc4/29n_45n_21n_54n
material,#twc4/29n_45n_30n_54n
material,#twc4/29n_58n_51n_54n
material,#twc4/29n_81n_38n_54n
material,#twc4/41n_21n_51n_54n
material,#twc4/41n_21n_58n_54n
material,#twc4/41n_38n_57n_54n
material,#twc4/41n_38n_86n_54n
material,#twc4/41n_42n_191n_117n
material,#twc4/41n_42n_71n_117n
material,#twc4/41n_57n_144n_54n
material,#twc4/41n_57n_14n_54n
material,#twc4/41n_57n_86n_54n
material,#twc4/41n_585n_86n_54n
material,#twc4/41n_86n_144n_54n
material,#twc4/41n_86n_14n_54n
material,#twc4/41n_86n_51n_54n
material,#twc4/41n_86n_58n_54n
material,#twc4/52n_57n_58n_54n
material,#twc4/89n_49n_433n_54n
material,#twc4/13n_38n_90n_22n
material,#twc4/20n_45n_21n_22n
material,#twc4/41n_113n_14n_22n
material,#twc4/41n_38n_113n_22n
material,#twc4/41n_42n_191n_22n
material,#twc4/206n_207n_54n_31n
material,#twc4/20n_188n_54n_249n
material,#twc4/20n_188n_54n_59n
material,#twc4/20n_57n_54n_31n
material,#twc4/29n_274n_54n_59n
material,#twc4/29n_45n_54n_31n
material,#twc4/29n_51n_54n_228n
material,#twc4/29n_51n_54n_59n
material,#twc4/89n_49n_54n_54n
material,#twc4/13n_38n_22n_59n
material,#twc4/20n_21n_22n_31n
material,#twc4/41n_42n_22n_71n
material,#twc4/13n_90n_22n_117n
material,#twc4/25n_210n_153n_61n
material,#twc4/25n_210n_61n_4n
material,#twc4/25n_210n_61n_5n
material,#twc4/25n_210n_79n_153n
material,#twc4/25n_210n_79n_61n
material,#twc4/25n_210n_94n_153n
material,#twc4/25n_210n_94n_315n
material,#twc4/25n_210n_94n_4n
material,#twc4/25n_210n_94n_5n
material,#twc4/25n_210n_94n_61n
material,#twc4/25n_47n_3n_61n
material,#twc4/25n_47n_4n_217n
material,#twc4/25n_47n_61n_4n
material,#twc4/25n_4n_264n_5n
material,#twc4/25n_61n_4n_217n
material,#twc4/25n_61n_4n_5n
material,#twc4/25n_61n_61n_5n
material,#twc4/25n_79n_153n_61n
material,#twc4/25n_79n_61n_315n
material,#twc4/25n_94n_153n_315n
material,#twc4/25n_94n_153n_5n
material,#twc4/25n_94n_153n_61n
material,#twc4/25n_94n_4n_5n
material,#twc4/25n_94n_61n_315n
material,#twc4/25n_94n_61n_4n
material,#twc4/25n_94n_61n_5n
material,#twc4/25n_94n_79n_61n
material,#twc4/78n_61n_4n_315n
material,#twc4/78n_79n_4n_315n
material,#twc4/78n_79n_61n_315n
material,#twc4/78n_79n_61n_4n
material,#twc4/78n_79n_79n_4n
material,#twc4/78n_94n_61n_315n
material,#twc4/78n_94n_61n_4n
material,#twc4/78n_94n_61n_59n
material,#twc4/78n_94n_79n_4n
material,#twc4/78n_94n_79n_61n
material,#twc4/345n_346n_381n_59n
material,#twc4/345n_346n_38n_59n
material,#twc4/17n_18n_35n_5n
material,#twc4/17n_18n_3n_5n
material,#twc4/2n_18n_3n_5n
material,#twc4/2n_35n_217n_59n
material,#twc4/2n_35n_36n_59n
material,#twc4/2n_35n_92n_59n
material,#twc4/2n_3n_247n_35n
material,#twc4/2n_3n_35n_230n
material,#twc4/2n_3n_35n_5n
material,#twc4/2n_3n_3n_5n
material,#twc4/2n_3n_4n_35n
material,#twc4/2n_3n_4n_5n
material,#twc4/2n_3n_61n_35n
material,#twc4/2n_3n_61n_5n
material,#twc4/2n_4n_35n_217n
material,#twc4/2n_4n_35n_59n
material,#twc4/2n_4n_35n_5n
material,#twc4/2n_4n_36n_59n
material,#twc4/2n_4n_4n_35n
material,#twc4/2n_61n_35n_59n
material,#twc4/2n_79n_4n_35n
material,#twc4/2n_8n_61n_5n
material,#twc4/64n_85n_230n_59n
material,#twc4/105n_3n_35n_5n
material,#twc4/105n_3n_4n_35n
material,#twc4/105n_47n_61n_35n
material,#twc4/105n_4n_35n_217n
material,#twc4/105n_61n_35n_315n
material,#twc4/105n_79n_247n_35n
material,#twc4/105n_79n_35n_5n
material,#twc4/105n_94n_3n_35n
material,#twc4/105n_94n_61n_35n
material,#twc4/16n_8n_27n_5n
material,#twc4/16n_8n_35n_5n
material,#twc4/16n_8n_49n_35n
material,#twc4/20n_188n_230n_249n
material,#twc4/41n_160n_27n_31n
material,#twc4/67n_18n_4n_5n
material,#twc4/67n_49n_4n_5n
material,#twc4/89n_35n_92n_237n
material,#twc4/20n_188n_230n_54n
material,#twc4/25n_18n_35n_5n
material,#twc4/25n_18n_4n_217n
material,#twc4/25n_18n_4n_35n
material,#twc4/25n_18n_61n_4n
material,#twc4/25n_210n_35n_5n
material,#twc4/25n_210n_61n_35n
material,#twc4/25n_35n_230n_5n
material,#twc4/25n_47n_18n_35n
material,#twc4/25n_47n_3n_35n
material,#twc4/25n_47n_4n_35n
material,#twc4/25n_47n_61n_35n
material,#twc4/25n_47n_8n_27n
material,#twc4/25n_4n_35n_217n
material,#twc4/25n_4n_35n_5n
material,#twc4/25n_61n_35n_5n
material,#twc4/25n_61n_4n_35n
material,#twc4/25n_79n_35n_5n
material,#twc4/25n_79n_4n_35n
material,#twc4/25n_79n_61n_35n
material,#twc4/25n_79n_79n_35n
material,#twc4/25n_94n_27n_5n
material,#twc4/25n_94n_35n_5n
material,#twc4/78n_3n_247n_35n
material,#twc4/78n_3n_61n_35n
material,#twc4/78n_47n_3n_35n
material,#twc4/78n_49n_3n_35n
material,#twc4/78n_94n_3n_35n
material,#twc4/70n_85n_38n_38n_399n
material,#twc4/70n_86n_21n_51n_117n
material,#twc4/70n_86n_21n_71n_117n
material,#twc4/105n_3n_153n_61n_5n
material,#twc4/125n_485n_86n_58n_51n
material,#twc4/206n_207n_43n_38n_399n
material,#twc4/206n_207n_43n_38n_51n
material,#twc4/29n_101n_21n_51n_260n
material,#twc4/41n_113n_113n_14n_14n
material,#twc4/206n_207n_43n_51n_54n
material,#twc4/29n_101n_21n_51n_54n
material,#twc4/20n_45n_21n_58n_22n
material,#twc4/206n_207n_51n_54n_31n
material,#twc4/89n_49n_433n_54n_54n
material,#twc4/41n_42n_191n_22n_71n
material,#twc4/25n_61n_61n_4n_5n
material,#twc4/25n_94n_79n_61n_315n
material,#twc4/78n_79n_61n_4n_315n
material,#twc4/78n_94n_79n_61n_315n
material,#twc4/345n_346n_381n_38n_59n
material,#twc4/64n_49n_49n_21n_65dn
material,#twc4/2n_3n_61n_247n_35n
material,#tw/mtl_cp_town_tent_strap_01
material,#tw4/105n_138n
material,#twc4/152n_138n
material,#twc4/242n_138n
material,#twc4/105n_138n_237n
material,#twc4/242n_138n_237n
material,#twc4/152n_61n_138n
material,#twc4/16n_8n_138n
material,#twc4/1359n_134n_687n
material,#twc4/242n_47n_138n
material,#twc4/345n_346n_687n
material,#twc4/41n_27n_687n
material,#twc4/242n_3n_138n_237n
material,#twc4/345n_346n_687n_59n
material,#twc4/152n_3n_74n_138n
material,#twc4/25n_94n_4n_687n
material,#twc4/242n_47n_8n_138n
material,#twc4/41n_160n_27n_687n
material,#tw/stone_wall_01
material,#tw/mud_dry_tracks_01_dsp
material,#tw/equipment_mortar_shell_pile_01
material,#tw/me_rock_cave_wall_01_light_tile_dsp
material,#tw/riverbed_dirt_path_01_dsp
material,#tw/stone_wall_01_dsp
material,#tw/dirt_rocky_pebbles_01_light
material,#tw4/125n_65dn
material,#twc4/244dn_134n
material,#twc4/244dn_188n
material,#twc4/244dn_30n
material,#twc4/244dn_86n
material,#twc4/7dn_237n
material,#twc4/7dn_490n
material,#twc4/7dn_79n
material,#twc4/7dn_8n
material,#twc4/439dn_36n
material,#twc4/64n_65dn
material,#twc4/70n_65dn
material,#twc4/97n_65dn
material,#twc4/13n_65dn
material,#twc4/152n_295dn
material,#twc4/206n_65dn
material,#twc4/20n_65dn
material,#twc4/29n_65dn
material,#twc4/52n_65dn
material,#twc4/89n_295dn
material,#twc4/152n_183dn
material,#twc4/152n_913dn
material,#twc4/16n_183dn
material,#twc4/168dn_5n
material,#twc4/168dn_8n
material,#twc4/197dn_30n
material,#twc4/369dn_18n
material,#twc4/369dn_35n
material,#twc4/369dn_3n
material,#twc4/369dn_5n
material,#twc4/7dn_138n
material,#twc4/168dn_18n
material,#twc4/168dn_35n
material,#twc4/64n_65dn_51n
material,#twc4/64n_65dn_5n
material,#twc4/13n_65dn_14n
material,#twc4/152n_295dn_92n
material,#twc4/206n_65dn_144n
material,#twc4/20n_65dn_315n
material,#twc4/20n_65dn_31n
material,#twc4/89n_295dn_49n
material,#twc4/29n_65dn_54n
material,#twc4/25n_65dn_14n
material,#twc4/244dn_101n_21n
material,#twc4/244dn_188n_228n
material,#twc4/244dn_188n_58n
material,#twc4/244dn_188n_59n
material,#twc4/244dn_21n_58n
material,#twc4/244dn_30n_38n
material,#twc4/7dn_8n_490n
material,#twc4/7dn_8n_79n
material,#twc4/64n_101n_65dn
material,#twc4/64n_113n_65dn
material,#twc4/64n_21n_65dn
material,#twc4/64n_30n_65dn
material,#twc4/64n_3n_65dn
material,#twc4/64n_49n_65dn
material,#twc4/64n_57n_65dn
material,#twc4/64n_86n_65dn
material,#twc4/64n_90n_65dn
material,#twc4/70n_21n_65dn
material,#twc4/97n_134n_65dn
material,#twc4/125n_58n_65dn
material,#twc4/13n_21n_65dn
material,#twc4/13n_86n_65dn
material,#twc4/20n_188n_65dn
material,#twc4/20n_30n_65dn
material,#twc4/20n_57n_65dn
material,#twc4/29n_101n_65dn
material,#twc4/29n_21n_65dn
material,#twc4/29n_30n_65dn
material,#twc4/29n_57n_65dn
material,#twc4/29n_81n_65dn
material,#twc4/52n_57n_65dn
material,#twc4/25n_4n_65dn
material,#twc4/197dn_30n_247n
material,#twc4/197dn_30n_30n
material,#twc4/197dn_30n_38n
material,#twc4/244dn_3n_35n
material,#twc4/369dn_18n_5n
material,#twc4/369dn_35n_5n
material,#twc4/369dn_3n_35n
material,#twc4/369dn_3n_5n
material,#twc4/7dn_8n_35n
material,#twc4/64n_65dn_230n
material,#twc4/29n_65dn_230n
material,#twc4/25n_27n_65dn
material,#twc4/152n_183dn_913dn
material,#twc4/7dn_138n_237n
material,#twc4/7dn_8n_138n
material,#twc4/168dn_35n_5n
material,#twc4/168dn_8n_35n
material,#twc4/244dn_188n_59n_228n
material,#twc4/64n_21n_65dn_51n
material,#twc4/64n_3n_65dn_5n
material,#twc4/64n_86n_65dn_51n
material,#twc4/70n_21n_65dn_144n
material,#twc4/125n_58n_65dn_399n
material,#twc4/13n_38n_65dn_14n
material,#twc4/20n_188n_65dn_228n
material,#twc4/20n_188n_65dn_315n
material,#twc4/20n_188n_65dn_5n
material,#twc4/20n_57n_65dn_31n
material,#twc4/13n_86n_65dn_54n
material,#twc4/13n_86n_65dn_65dn
material,#twc4/64n_30n_86n_65dn
material,#twc4/64n_43n_57n_65dn
material,#twc4/64n_49n_21n_65dn
material,#twc4/125n_101n_58n_65dn
material,#twc4/125n_38n_58n_65dn
material,#twc4/20n_188n_38n_65dn
material,#twc4/29n_101n_57n_65dn
material,#twc4/29n_30n_43n_65dn
material,#twc4/29n_81n_38n_65dn
material,#twc4/25n_61n_4n_65dn
material,#twc4/168dn_18n_183dn
material,#twc4/25n_153n_27n_65dn
material,#twc4/64n_21n_65dn_230n
material,#twc4/64n_57n_65dn_230n
material,#twc4/29n_81n_65dn_230n
material,#twc4/369dn_3n_35n_5n
material,#twc4/7dn_8n_79n_35n
material,#twc4/64n_65dn_51n_230n
material,#twc4/197dn_30n_30n_38n
material,#twc4/7dn_92n_138n_237n
material,#twc4/13n_86n_86n_65dn_65dn
material,#twc4/64n_57n_65dn_51n_230n
material,#twc4/29n_81n_38n_65dn_230n
material,#tw/metal_retaining_wall_mesh_01
material,#tw/metal_wire_fence_01_low
material,#twc/metal_retaining_wall_mesh_02
material,#tw/mv_mtl_lamp_ornate
material,#tw/sky_mp_cave
material,#twc4/18n_5n
material,#twc/stone_cave_rock_wall_01_light_rvl
material,#twc/metal_retaining_wall_mesh_01_rvl
material,#twc/ceramic_floor_tile_01_rvl
material,#twc/dirt_dry_compacted_01_light_rvl
material,#twc/dirt_soil_erosion_02_light_rvl
material,#twc/dirt_dust_brown_01_rvl
material,#twc4/3n_61n
material,#twc4/346n_381n_38n_59n
material,#twc/concrete_damaged_02_rvl
material,#twc/me_rock_cave_wall_01_light_tile_rev
material,#twc/scotland_cloud04
material,#twc/dirt_rocky_pebbles_01_wet_rev_nodis
material,#twc/t7_decal_damage_concrete_edge_01_rev
material,#twc/dirt_rocky_pebbles_01_dec_nodis
material,#twc/plaster_old_rough_03_light_brown_rvl
material,#twc/plaster_old_rough_03_white_rvl
material,#twc/plaster_cracked_damage_01_hi_sort
material,#twc/plaster_old_rough_03_brown_rvl
material,#twc/plaster_ruined_01_rvl
material,#twc/dirt_rocky_pebbles_01_light_rev_nodis
material,#twc4/101n_21n
material,#twc4/57n_58n
material,#twc4/101n_21n_51n_54n
material,#twc/stone_wall_01_dec
material,#tw/plaster_peeling_bottom_stain
material,#tw/concrete_rubble_pile_01_rev02
material,#twc/plaster_peeling_bottom_stain
material,#twc/plaster_old_rough_03_brown_trim_rvl_01
material,#twc4/144n_11
material,#twc/clk_black_top_sort_dec
material,#twc/concrete_edge_wear_bevel_01
material,#twc/dirt_bird_shit_hi_sort
material,#twc/dirt_soil_erosion_01_light_rvl
material,#twc/plaster_cracked_damage_01_top3
material,#twc/dirt_stones_eroded_01_light_rvl_topsort
material,#twc/heat_distortion_100
material,#i/decal_plus_stone_coal_soot_01
material,#i/decal_dirt_rocky_01
material,#i/decal_burn_mark_01
material,#i/decal_stain_leaking_02_dark
material,#i/decal_stain_leaking_01_dark
material,#i/decal_rust_01
material,#i/decal_grime_01
material,#i/decal_footprint_sand_01
material,#i/decal_dirt_soil_erosion_01_light
material,#i/decal_mud_tire_track_light_01
material,#sun
material,#sun_flare
image,#concrete_cinder_block_base_n&concrete_cinder_block_base_g~16784408591773689051
image,#concrete_cinder_block_base_tan_c&defaultspec~18049091654797033562
gfx_map,#maps/cp/cp_sv_cave_pm.d3dbsp
fx_map,#maps/cp/cp_sv_cave_pm.d3dbsp
physicsasset,#scriptvehiclecollmapmodeldummydefault
vfx,#vfx/iw8_mp/equipment/emp/vfx_emp_secondary_omni
map_ents,#maps/cp/cp_sv_cave_pm.d3dbsp
col_map,#maps/cp/cp_sv_cave_pm.d3dbsp