type,name
netconststrings,#hash_375b8d9611609cd8
netconststrings,#hash_770bb7e849a62a3c
rawfile,#eng_ingame_base_mp
keyvaluepairs,#eng_ingame_base_mp
image,#hud_faction_usmc
image,#hud_icon_perk_overkill
image,#hud_icon_perk_overkill_pro
image,#hud_icon_perk_overkill_pro_sm
image,#hud_icon_perk_overkill_sm
image,#icon_waypoint_kill
image,#iw7_waypoint_reset
image,#nuke_skull
localize,#br_elite_broken_arrow/bomb_expires
localize,#br_elite_broken_arrow/bomb_incoming
localize,#br_elite_broken_arrow/next_task
localize,#br_elite_broken_arrow/protect_nuke
localize,#codcaster/an_all_norespawns
localize,#codcaster/an_bomb_pickup
localize,#codcaster/an_bomb_planted
localize,#codcaster/an_control_progress
localize,#codcaster/an_ctf_captured
localize,#codcaster/an_ctf_killcarrier
localize,#codcaster/an_ctf_pickup
localize,#codcaster/an_ctf_return
localize,#codcaster/an_defusing
localize,#codcaster/an_emp_pickup
localize,#codcaster/an_emp_planted
localize,#codcaster/an_first_blood
localize,#codcaster/an_gunfight_flag
localize,#codcaster/an_hardpoint_available
localize,#codcaster/an_hardpoint_new
localize,#codcaster/an_hq_available
localize,#codcaster/an_hq_captured
localize,#codcaster/an_hq_destroyed
localize,#codcaster/an_hq_new
localize,#codcaster/an_killstreak
localize,#codcaster/an_last_player_standing
localize,#codcaster/an_multikill
localize,#codcaster/an_secure_point
localize,#codcaster/an_secure_point_all
localize,#coop_crafting/ammo_crate_splash
localize,#coop_crafting/armor_splash
localize,#coop_crafting/assault_drone_used
localize,#coop_crafting/c4_launcher
localize,#coop_crafting/deployable_cover
localize,#coop_crafting/deployable_cover_splash
localize,#coop_crafting/drone_splash
localize,#coop_crafting/drone_strike
localize,#coop_crafting/grenade_crate_splash
localize,#coop_crafting/health_pack
localize,#coop_crafting/health_pack_splash
localize,#coop_crafting/molotov_launcher
localize,#hash_59d1b7582e7ba6ab
localize,#coop_crafting/respawn_used
localize,#coop_crafting/sentry_splash
localize,#coop_crafting/thermite_launcher
localize,#coop_game_play/cannot_drop_mission_item
localize,#coop_game_play/cannot_drop_now
localize,#coop_game_play/cant_drop_weapon_while_swimming
localize,#coop_game_play/cant_pick_up_weapon_while_swimming
localize,#coop_game_play/drop_warhead
localize,#coop_game_play/generic_unavailable
localize,#coop_game_play/incursion_wave_started
localize,#coop_game_play/mine_exploded
localize,#COOP_GAME_PLAY/MINE_EXPLODED_ALEX
localize,#COOP_GAME_PLAY/MINE_EXPLODED_FARAH
localize,#COOP_GAME_PLAY/MINE_EXPLODED_PRICE
localize,#coop_game_play/need_reviving
localize,#coop_game_play/player_revived
localize,#coop_game_play/reinforcements_deployed
localize,#coop_game_play/reinforcements_deployed_desc
localize,#coop_game_play/respawn_buy_player
localize,#coop_game_play/respawn_buy_player_desc
localize,#coop_game_play/respawn_chopper
localize,#coop_game_play/revive_ready
localize,#coop_game_play/revive_ready_desc
localize,#coop_game_play/self_revive_used
localize,#coop_game_play/server_shut_down_warning_minutes
localize,#coop_game_play/server_shut_down_warning_seconds
localize,#coop_game_play/super_button_keys
localize,#coop_game_play/super_button_keys_kbm
localize,#coop_game_play/used_revive_team
localize,#coop_game_play/wave_ended
localize,#coop_game_play/wave_started
localize,#cp_cpu_hacking/found_all_intel_desc
localize,#cp_cpu_hacking/found_hacking_intel
localize,#cp_cpu_hacking/found_intel_1
localize,#cp_cpu_hacking/found_intel_10
localize,#cp_cpu_hacking/found_intel_11
localize,#cp_cpu_hacking/found_intel_12
localize,#cp_cpu_hacking/found_intel_13
localize,#cp_cpu_hacking/found_intel_14
localize,#cp_cpu_hacking/found_intel_15
localize,#cp_cpu_hacking/found_intel_16
localize,#cp_cpu_hacking/found_intel_17
localize,#cp_cpu_hacking/found_intel_18
localize,#cp_cpu_hacking/found_intel_19
localize,#cp_cpu_hacking/found_intel_2
localize,#cp_cpu_hacking/found_intel_3
localize,#cp_cpu_hacking/found_intel_4
localize,#cp_cpu_hacking/found_intel_5
localize,#cp_cpu_hacking/found_intel_6
localize,#cp_cpu_hacking/found_intel_7
localize,#cp_cpu_hacking/found_intel_8
localize,#cp_cpu_hacking/found_intel_9
localize,#cp_dwn_twn_objectives/roof_defend
localize,#cp_intel_iw9/distance_to_nearest_unclaimed
localize,#cp_intel_iw9/fragments_remaining_in_mission_x
localize,#cp_intel_iw9/intel_already_have
localize,#cp_mission_esc/plant_charge
localize,#DEV_PH/HEALTH
localize,#DEV_PH/HEIGHT
localize,#DEV_PH/ORIGINX
localize,#DEV_PH/ORIGINY
localize,#DEV_PH/ORIGINZ
localize,#DEV_PH/PITCH
localize,#DEV_PH/RANGE
localize,#DEV_PH/ROLL
localize,#DEV_PH/YAW
localize,#dmz/bb_flooded_warp
localize,#dmz/bb_radiation_warp
localize,#dmz/bb_safe_warp
localize,#DMZ/BOSS_TRAPPER_WHEELSON_HACK_PROGRESS
localize,#dmz/cant_place_gas_canister
localize,#dmz/cant_use_gas_canister
localize,#dmz/exfil_purchased
localize,#dmz/exfil_purchased_failed
localize,#dmz/inactive_uav_tower
localize,#dmz/insufficient_money_uav_tower
localize,#dmz/samsite_block_killstreak_err_msg
localize,#dmz/samsite_capture_progress
localize,#dmz/upload_station_progress
localize,#dmz/upload_station_use_err
localize,#equipment/adrenaline_ready
localize,#equipment/plant_failed
localize,#equipment/support_box_ready
localize,#equipment/tactical_cover_ready
localize,#equipment_hints/ammo_box_use
localize,#equipment_hints/armor_box_use
localize,#equipment_hints/blastshield_box_use
localize,#equipment_hints/door_barricade_can_remove
localize,#equipment_hints/door_barricade_cannot_remove
localize,#equipment_hints/haunted_box_use
localize,#EQUIPMENT_HINTS/LEADER_BOX_USE
localize,#equipment_hints/self_revive_box_use
localize,#equipment_hints/support_box_use
localize,#ftue_mobile/go_here
localize,#ftue_mobile/move_to_position_obj
localize,#ftue_mobile/open
localize,#ftue_mobile/pick_up
localize,#ftue_mobile/pick_up_ammo_obj
localize,#ftue_mobile/pick_up_loot
localize,#ftue_mobile/reach_extraction_point_obj
localize,#ftue_mobile/shoot_ads_test
localize,#ftue_mobile/shoot_test
localize,#killstreaks/air_space_too_crowded
localize,#killstreaks/air_space_too_crowded_area
localize,#killstreaks/air_space_too_crowded_area_time
localize,#killstreaks/air_space_too_crowded_time
localize,#hash_5393cb32713f163e
localize,#killstreaks/blocked_refund_killstreak
localize,#killstreaks/cannot_be_picked_up
localize,#killstreaks/cannot_be_picked_up_water
localize,#killstreaks/cannot_be_placed
localize,#killstreaks/cannot_be_placed_air
localize,#killstreaks/cannot_be_placed_player
localize,#killstreaks/cannot_be_used
localize,#killstreaks/cannot_be_used_outofbounds
localize,#killstreaks/cannot_be_used_water
localize,#killstreaks/cannot_reconnect
localize,#killstreaks/cannot_switch
localize,#killstreaks/early_exit
localize,#killstreaks/invalid_point
localize,#killstreaks/jugg_cannot_be_picked_up
localize,#killstreaks/jugg_cannot_be_used
localize,#killstreaks/jugg_cannot_become
localize,#killstreaks/max_airdrops
localize,#killstreaks/max_friendly_chopper_gunner
localize,#killstreaks/max_friendly_counter_uav
localize,#killstreaks/max_friendly_vtol_jet
localize,#killstreaks/max_friendly_wheelson
localize,#killstreaks/not_enough_space
localize,#killstreaks/nuke_already_inbound
localize,#killstreaks/placement_canceled
localize,#killstreaks/placement_canceled_water
localize,#killstreaks/supply_sweep_assist
localize,#hash_48fa8ecee630be2a
localize,#killstreaks/too_many_vehicles
localize,#killstreaks/turret_dying
localize,#hash_42f0bb0e0b646b2e
localize,#killstreaks/unavailable
localize,#killstreaks/unavailable_for_n
localize,#killstreaks/unavailable_in_level
localize,#killstreaks/unavailable_using_turret
localize,#killstreaks/unavailable_when_jammed
localize,#killstreaks/vehicle_refund_killstreak
localize,#killstreaks_hints/bradley_capture
localize,#killstreaks_hints/crate_pickup
localize,#KILLSTREAKS_HINTS/CRUISE_PREDATOR_PICKUP_GL
localize,#killstreaks_hints/jugg_crate_pickup
localize,#killstreaks_hints/press_for_use
localize,#killstreaks_hints/sentry_dismantle
localize,#killstreaks_hints/sentry_other_use
localize,#killstreaks_hints/sentry_owner_use
localize,#killstreaks_hints/sentry_place
localize,#killstreaks_hints/sentry_use
localize,#killstreaks_hints/sentry_use_gl
localize,#killstreaks_hints/splash_hint_gamepad
localize,#hash_2f75b4d941c25b17
localize,#lua_menu_cp/recharge
localize,#hash_15b0e639cdbc2c94
localize,#lua_menu_cp/super_mark_ready
localize,#lua_menu_mobile/br_mini_mgl_introduction_desc
localize,#lua_menu_mobile/br_mini_mgl_introduction_title
localize,#lua_menu_mobile/br_vanilla_introduction_desc
localize,#lua_menu_mobile/br_vanilla_introduction_title
localize,#hash_62ad98a28b188ee8
localize,#lua_menu_mobile/mini_mgl_welcome_title
localize,#lua_menu_mp/cannot_place_super_trophy
localize,#lua_menu_mp/countdown_reset
localize,#lua_menu_mp/countdown_reset_desc
localize,#lua_menu_mp/countdown_start
localize,#lua_menu_mp/countdown_start_desc
localize,#lua_menu_mp/place_super_trophy
localize,#lua_menu_mp/suit_ftl
localize,#lua_menu_mp/suit_heavy
localize,#lua_menu_mp/suit_operator
localize,#lua_menu_mp/suit_scout
localize,#lua_menu_mp/suit_sniper
localize,#match_status_hint/cap_def_tdef_flag
localize,#match_status_hint/capture_controlzone
localize,#match_status_hint/capture_defend_flags
localize,#hash_6b6a23692d5d0dba
localize,#hash_3aecdedd3569298a
localize,#match_status_hint/capture_hardpoint
localize,#match_status_hint/capture_hq
localize,#hash_25cf4f7845c8d597
localize,#hash_7e9a5196b2c2305d
localize,#hash_1e94e3190a5cf895
localize,#hash_6f1e5bed1b3aeefa
localize,#hash_710770a0d7198baa
localize,#match_status_hint/common_kill
localize,#hash_25d0d65f988c3863
localize,#match_status_hint/control_hardpoint
localize,#hash_46180af9f6de5df8
localize,#hash_34a0fda58da6c056
localize,#hash_1c2fecd7198491ae
localize,#hash_291449d769f943a0
localize,#hash_4b21989c52ee0866
localize,#hash_1dcbd15a825f92c7
localize,#match_status_hint/defend_bomb
localize,#match_status_hint/defend_controlzone
localize,#hash_7a30d758240b5b86
localize,#match_status_hint/defend_hq
localize,#match_status_hint/defend_sites
localize,#hash_6e3a2582a99847f
localize,#match_status_hint/defuse_bomb
localize,#match_status_hint/destroy_hq
localize,#match_status_hint/escort_bomb
localize,#hash_2766e633c8c45163
localize,#hash_46bd247c17b6b5ca
localize,#hash_65018a5ba60874b
localize,#hash_105a82b39eb38223
localize,#match_status_hint/infect_infect
localize,#match_status_hint/infect_survive
localize,#match_status_hint/kill_collect_tags
localize,#hash_1cdbdc30a9441f52
localize,#hash_37a718f426323cbd
localize,#hash_341c350c176e89d0
localize,#match_status_hint/pickup_bomb
localize,#match_status_hint/plant_bomb
localize,#hash_5797c5d31772660a
localize,#hash_10908a8391585dd9
localize,#hash_58563ae87d9dc005
localize,#hash_3f5b8514b864f78
localize,#hash_370d8bb8b159618
localize,#hash_23468491f20a02fe
localize,#hash_4b7ad544cf0412f9
localize,#medals_mp/30_streak_desc
localize,#medals_mp/air_kill
localize,#medals_mp/air_kill_desc
localize,#medals_mp/air_to_air_kill
localize,#medals_mp/air_to_air_kill_desc
localize,#medals_mp/assisted_suicide
localize,#medals_mp/assisted_suicide_desc
localize,#medals_mp/avenger
localize,#medals_mp/avenger_desc
localize,#medals_mp/backfire
localize,#medals_mp/backfire_desc
localize,#medals_mp/backstab_desc
localize,#medals_mp/br_elite_arrow_defuse_score
localize,#medals_mp/br_elite_arrow_kill_score
localize,#medals_mp/buzkill_desc
localize,#medals_mp/buzzkill
localize,#medals_mp/comeback
localize,#medals_mp/comeback_desc
localize,#medals_mp/cruise_predator_kill
localize,#medals_mp/double_kill_desc
localize,#medals_mp/eight_kill_desc
localize,#medals_mp/explosive_stick_desc
localize,#medals_mp/first_place_kill
localize,#medals_mp/first_place_kill_desc
localize,#medals_mp/firstblood
localize,#medals_mp/firstblood_desc
localize,#medals_mp/fist_kill
localize,#medals_mp/fist_kill_desc
localize,#medals_mp/five_kill_desc
localize,#medals_mp/four_kill_desc
localize,#medals_mp/grenade_double_desc
localize,#medals_mp/gun_butt
localize,#medals_mp/gun_butt_desc
localize,#medals_mp/headshot
localize,#medals_mp/headshot_desc
localize,#medals_mp/item_impact_desc
localize,#medals_mp/kill_apc_rus
localize,#medals_mp/kill_apc_rus_desc
localize,#medals_mp/kill_jumper
localize,#medals_mp/kill_jumper_desc
localize,#medals_mp/kill_ss_ac130
localize,#medals_mp/kill_ss_ac130_desc
localize,#medals_mp/kill_ss_assault_drone
localize,#medals_mp/kill_ss_assault_drone_desc
localize,#medals_mp/kill_ss_auto_drone
localize,#medals_mp/kill_ss_auto_drone_desc
localize,#medals_mp/kill_ss_bradley
localize,#medals_mp/kill_ss_bradley_desc
localize,#medals_mp/kill_ss_chopper_gunner
localize,#medals_mp/kill_ss_chopper_gunner_desc
localize,#medals_mp/kill_ss_cluster_spike
localize,#medals_mp/kill_ss_cluster_spike_desc
localize,#medals_mp/kill_ss_counter_uav
localize,#medals_mp/kill_ss_counter_uav_desc
localize,#medals_mp/kill_ss_cruise_predator
localize,#medals_mp/kill_ss_cruise_predator_desc
localize,#medals_mp/kill_ss_directional_uav
localize,#medals_mp/kill_ss_directional_uav_desc
localize,#medals_mp/kill_ss_dronedrop
localize,#medals_mp/kill_ss_dronedrop_desc
localize,#medals_mp/kill_ss_flash_turret
localize,#medals_mp/kill_ss_flash_turret_desc
localize,#medals_mp/kill_ss_fuel_airstrike
localize,#medals_mp/kill_ss_fuel_airstrike_desc
localize,#medals_mp/kill_ss_hover_jet
localize,#medals_mp/kill_ss_hover_jet_desc
localize,#medals_mp/kill_ss_manual_turret
localize,#medals_mp/kill_ss_manual_turret_desc
localize,#medals_mp/kill_ss_multi_airstrike
localize,#medals_mp/kill_ss_multi_airstrike_desc
localize,#medals_mp/kill_ss_pac_sentry
localize,#medals_mp/kill_ss_pac_sentry_desc
localize,#medals_mp/kill_ss_radar_drone
localize,#medals_mp/kill_ss_radar_drone_desc
localize,#medals_mp/kill_ss_recon_drone
localize,#medals_mp/kill_ss_recon_drone_desc
localize,#medals_mp/kill_ss_scrambler_drone
localize,#medals_mp/kill_ss_scrambler_drone_desc
localize,#medals_mp/kill_ss_sentry_gun
localize,#medals_mp/kill_ss_sentry_gun_desc
localize,#medals_mp/kill_ss_support_box
localize,#medals_mp/kill_ss_support_box_desc
localize,#medals_mp/kill_ss_toma_strike
localize,#medals_mp/kill_ss_toma_strike_desc
localize,#medals_mp/kill_ss_uav
localize,#medals_mp/kill_ss_uav_desc
localize,#medals_mp/launcher_direct_hit
localize,#medals_mp/launcher_direct_hit_desc
localize,#medals_mp/longshot_desc
localize,#medals_mp/low_health_kill
localize,#medals_mp/low_health_kill_desc
localize,#hash_3e045717b7975a24
localize,#medals_mp/mantle_kill
localize,#medals_mp/mantle_kill_desc
localize,#medals_mp/mode_dom_neutralized
localize,#medals_mp/mode_gun_melee_1st_place_desc
localize,#medals_mp/mode_kc_own_tags
localize,#medals_mp/multi_kill_desc
localize,#medals_mp/one_shot_kill
localize,#medals_mp/one_shot_kill_desc
localize,#medals_mp/one_shot_two_kills_desc
localize,#medals_mp/pointblank
localize,#medals_mp/pointblank_desc
localize,#medals_mp/posthumous
localize,#medals_mp/posthumous_desc
localize,#medals_mp/quad_feed
localize,#medals_mp/quad_feed_desc
localize,#medals_mp/revenge_desc
localize,#medals_mp/save_teammate
localize,#medals_mp/save_teammate_desc
localize,#medals_mp/savior
localize,#medals_mp/savior_desc
localize,#medals_mp/seven_kill_desc
localize,#medals_mp/simultaneous_kill
localize,#medals_mp/simultaneous_kill_desc
localize,#medals_mp/six_kill_desc
localize,#medals_mp/slide_kill
localize,#medals_mp/slide_kill_desc
localize,#medals_mp/streak_10_desc
localize,#medals_mp/streak_15
localize,#medals_mp/streak_15_desc
localize,#medals_mp/streak_20_desc
localize,#medals_mp/streak_25
localize,#medals_mp/streak_25_desc
localize,#medals_mp/streak_5
localize,#medals_mp/streak_5_desc
localize,#medals_mp/streak_max
localize,#medals_mp/streak_max_desc
localize,#medals_mp/stunned_kill
localize,#medals_mp/stunned_kill_desc
localize,#medals_mp/throwingknife_kill_desc
localize,#medals_mp/triple_kill_desc
localize,#misc_messages_mp/alerted
localize,#misc_messages_mp/axe
localize,#misc_messages_mp/buddy_boost_end
localize,#misc_messages_mp/buddy_boost_start
localize,#misc_messages_mp/healing_players
localize,#misc_messages_mp/in_healing_range
localize,#misc_messages_mp/no_healing_players
localize,#MISC_MESSAGES_MP/NO_TIARA_HELD
localize,#misc_messages_mp/out_of_healing_range
localize,#misc_messages_mp/scavenger
localize,#misc_messages_mp/scavenger_equipment
localize,#misc_messages_mp/spotted
localize,#misc_messages_mp/throwing_knife
localize,#mp/activate_disguise_error
localize,#mp/activate_mover
localize,#mp/autobalance_next_round
localize,#mp/autobalance_seconds
localize,#mp/balloon_extract_deny_no_room
localize,#mp/balloon_extract_leaving_in
localize,#mp/balloon_extract_tip
localize,#mp/blink_knife_failed
localize,#mp/bomb_site
localize,#mp/bombsite_in_use
localize,#mp/br_activate_killstreak
localize,#mp/br_activate_mobile_armory
localize,#mp/br_activate_satellite_truck
localize,#mp/br_ai_gulag_vent_unable
localize,#mp/br_all_deny_jugg
localize,#mp/br_already_equipped_item
localize,#mp/br_ammo_deny_no_room
localize,#mp/br_armor_deny_armor_full
localize,#mp/br_armor_deny_not_better
localize,#mp/br_attach_deny_incompatible
localize,#mp/br_attach_deny_no_room
localize,#mp/br_crate
localize,#mp/br_dom_gulag_key_earned
localize,#mp/br_equip_deny_backpack_less
localize,#mp/br_equip_deny_no_room
localize,#mp/br_equip_deny_plate_carrier_less
localize,#mp/br_equip_deny_plate_carrier_same
localize,#mp/br_extraction_cancelled
localize,#mp/br_extraction_in_progress
localize,#mp/br_extraction_not_in_zone
localize,#mp/br_gulag_bet_ammount
localize,#mp/br_gulag_bet_ammount_lost
localize,#mp/br_gulag_bet_ammount_won
localize,#mp/br_gulag_bet_available
localize,#mp/br_gulag_bet_fighter_name_loser
localize,#mp/br_gulag_bet_fighter_name_winner
localize,#mp/br_gulag_focus_bet
localize,#mp/br_gulag_focus_bet_change
localize,#mp/br_gulag_focus_bet_clear
localize,#mp/br_gulag_focus_bet_increase
localize,#mp/br_gulag_jailbreak
localize,#mp/br_gulag_jailbreak_in
localize,#mp/br_gulag_travel
localize,#mp/br_killstreak_deny_already_have
localize,#mp/br_mobile_armory_already_used
localize,#mp/br_multi_circle_label_a
localize,#mp/br_multi_circle_label_b
localize,#mp/br_multi_circle_label_c
localize,#mp/br_multi_circle_label_d
localize,#mp/br_not_enough_plunder
localize,#mp/br_pickup_deny_parachuting
localize,#mp/br_pickup_item_max_limit
localize,#mp/br_pickup_player
localize,#mp/br_plunder_banked
localize,#mp/br_plunder_gone
localize,#mp/br_plunder_stole
localize,#mp/br_press_to_deploy
localize,#mp/br_press_to_select_infil
localize,#mp/br_respawn_body
localize,#mp/br_respawn_charging
localize,#mp/br_respawn_death_countdown
localize,#mp/br_respawn_drop_body
localize,#mp/br_respawn_take
localize,#mp/br_use_exfil_chopper
localize,#mp/br_use_mobile_armory
localize,#mp/br_use_plunder_cache
localize,#mp/br_use_satellite_truck
localize,#mp/br_weapon_deny_already_have
localize,#mp/breach
localize,#mp/breach_defuse
localize,#mp/cannot_deposit_cash_balloon_full
localize,#mp/cannot_deposit_cash_balloon_leaving
localize,#mp/cannot_deposit_cash_heli_full
localize,#mp/cannot_deposit_cash_heli_leaving
localize,#mp/cannot_deposit_ls
localize,#mp/cannot_deposit_no_cash
localize,#mp/cannot_use_gas_can
localize,#mp/cannot_use_gas_can_electric
localize,#mp/cannot_use_gas_can_in_palfa
localize,#mp/cannot_use_gas_can_palfa
localize,#mp/cannot_use_generic
localize,#mp/cannot_use_mrap_key
localize,#mp/cant_plant_without_bomb
localize,#mp/cash_balloon_blocked
localize,#mp/cash_balloon_cannot_place
localize,#mp/cash_balloon_leaving_in_n
localize,#mp/cash_balloon_too_many
localize,#mp/cash_heli_leaving_in_n
localize,#mp/charging
localize,#mp/charging_fuel_only
localize,#mp/connected
localize,#mp/deny_carry_object
localize,#mp/deny_equip_pickup
localize,#mp/deny_use_carry
localize,#mp/deny_vehicle_drop
localize,#mp/disabled_while_not_swimming
localize,#mp/disabled_while_swim_sprint
localize,#mp/dm_new_target
localize,#mp/dmz_loot_crate_capture
localize,#mp/dmz_plunder_crate_capture
localize,#mp/door_use_alarm
localize,#mp/door_use_breach
localize,#mp/door_use_close
localize,#mp/door_use_lock
localize,#mp/door_use_locked
localize,#mp/door_use_open
localize,#mp/door_use_open_double
localize,#mp/door_use_remove_alarm
localize,#mp/emp_pickup_use
localize,#MP/ENEMY_FLAG_CAPTURED_BY
localize,#MP/ENEMY_FLAG_DROPPED_BY
localize,#MP/ENEMY_FLAG_RETURNED
localize,#MP/ENEMY_FLAG_TAKEN_BY
localize,#mp/esc_cache_use_hint
localize,#mp/explosives_defused_by
localize,#mp/explosives_dropped_by
localize,#MP/EXPLOSIVES_PLANTED_BY
localize,#mp/explosve_damage_only
localize,#mp/extract_balloon_blocked
localize,#mp/extract_balloon_cannot_place
localize,#mp/first_blood
localize,#MP/FLAG_RETURNED
localize,#MP/FLAG_TAKEN_BY
localize,#mp/friendly_fire_kick_warning
localize,#mp/friendly_fire_punish_switch
localize,#MP/FRIENDLY_FLAG_CAPTURED_BY
localize,#mp/front_revealed
localize,#mp/gas_can_full
localize,#mp/gas_can_is_empty
localize,#mp/gas_can_siphon_on_ev
localize,#mp/generic_loot_crate_capture
localize,#MP/GET_KILLSTREAK
localize,#mp/hold_to_defuse_emp
localize,#mp/hold_to_drop_hostage
localize,#mp/hold_to_escort_hostage
localize,#mp/hold_to_escort_vip
localize,#mp/hold_to_get_off_chopper
localize,#mp/hold_to_get_on_chopper
localize,#mp/hold_to_pickup_hostage
localize,#mp/hold_to_pickup_vip
localize,#mp/hold_to_plant_emp
localize,#mp/host_endgame_response
localize,#mp/lethals_unavailable_for_n
localize,#mp/light_switch
localize,#mp/missing_gulag_key
localize,#mp/mrap_already_unlocked
localize,#mp/no_valid_targets
localize,#mp/num_revives_left
localize,#mp/placeholder_cannot_deposit_full
localize,#mp/placeholder_cannot_deposit_leaving
localize,#mp/placeholder_leaving_in_n
localize,#mp/player_already_being_revived
localize,#mp/refueling
localize,#mp/revive_blocked
localize,#mp/rewind_failed
localize,#mp/scav_pickup_prompt
localize,#mp/scorpion_trophy_bank
localize,#mp/scorpion_trophy_upload
localize,#mp/securing_position
localize,#mp/squad_spawn_selection
localize,#mp/supers_unavailable
localize,#mp/supers_unavailable_arb_up
localize,#mp/supers_unavailable_equip
localize,#mp/supers_unavailable_for_n
localize,#mp/support_box_incompat
localize,#mp/tac_cover_cannot_place
localize,#mp/tac_cover_door_too_close
localize,#mp/tac_cover_place_in_doorway
localize,#mp/tac_insert_cannot_place
localize,#mp/tac_insert_spawn_selection
localize,#mp/teleport_failed
localize,#mp/vehicle_full_gas
localize,#mp/vehicle_is_empty
localize,#MP/VEHICLE_PURCHASE_FAILED
localize,#mp/weapon_drop_incompat
localize,#mp/weapon_drop_too_many_attachments
localize,#mp_aniyah/callout_palace
localize,#mp_aniyah/callout_pool_house
localize,#mp_aniyah/callout_school
localize,#mp_aniyah/callout_shanty_town
localize,#mp_aniyah/callout_taxi_building
localize,#mp_arm/rally_point_apc
localize,#mp_arm/rally_point_boat
localize,#mp_arm/rally_point_heli
localize,#mp_arm/rally_point_truck
localize,#mp_bio_lab/bio_labs_exfil_activate
localize,#mp_bio_lab/bio_labs_exfil_activate_desc
localize,#mp_bio_lab/bio_labs_exfil_extracted
localize,#mp_bio_lab/bio_labs_exfil_extracted_desc
localize,#mp_bio_lab/bio_labs_exfil_extracting
localize,#mp_bio_lab/bio_labs_exfil_extracting_desc
localize,#mp_bio_lab/bio_labs_exfil_warn
localize,#mp_bio_lab/bio_labs_exfil_warn_desc
localize,#mp_bio_lab/cache_locked_armory_room
localize,#mp_bio_lab/cache_locked_black_door
localize,#mp_bio_lab/cache_locked_blue_door
localize,#mp_bio_lab/cache_locked_gold_door
localize,#mp_bio_lab/cache_locked_green_door
localize,#mp_bio_lab/cache_locked_red_door
localize,#mp_bio_lab/cache_locked_security_room
localize,#mp_bio_lab/callout_archives
localize,#mp_bio_lab/callout_armory_room
localize,#mp_bio_lab/callout_core_lab
localize,#mp_bio_lab/callout_generator_room
localize,#mp_bio_lab/callout_side_lab
localize,#mp_biobunker/callout_boss_tac
localize,#mp_biobunker/callout_controlroom_tac
localize,#mp_biobunker/callout_dark_tac
localize,#mp_biobunker/callout_datacenter_tac
localize,#mp_biobunker/callout_flooded_tac
localize,#mp_biobunker/callout_office_tac
localize,#mp_biobunker/callout_radiation_tac
localize,#mp_biobunker/callout_shop_tac
localize,#mp_biobunker/code_on_wall_safe_door_locked
localize,#mp_biobunker/data_center_safe_door_locked
localize,#mp_biobunker/data_center_safe_door_unlock
localize,#mp_biobunker/stairwell_key_need
localize,#mp_biobunker/stairwell_key_unlock
localize,#mp_biobunker/workshop_key_need
localize,#mp_biobunker/workshop_key_unlock
localize,#mp_boneyard_gw/callout_purple_plane
localize,#mp_boneyard_gw/callout_red_plane
localize,#mp_boneyard_gw/callout_scrap_yard_office
localize,#mp_boneyard_gw/callout_scrap_yard_warehouse
localize,#mp_boneyard_gw/callout_vista_point
localize,#mp_br_ingame/abandonedcache
localize,#mp_br_ingame/airspace_crowded_deployable_kiosk
localize,#mp_br_ingame/already_have_gulag_token
localize,#mp_br_ingame/already_have_plate_pouch_item
localize,#mp_br_ingame/already_have_respawn_token
localize,#mp_br_ingame/already_have_self_revive_item
localize,#mp_br_ingame/already_have_specialist_bonus_item
localize,#mp_br_ingame/already_have_super
localize,#mp_br_ingame/arming_silo
localize,#mp_br_ingame/armor_insert_in_progress
localize,#MP_BR_INGAME/ATTRACT_GULAG_AREA
localize,#MP_BR_INGAME/ATTRACT_GULAG_PROMPT
localize,#MP_BR_INGAME/ATTRACT_KOTH_BEST
localize,#MP_BR_INGAME/ATTRACT_KOTH_BEST_PLAYER
localize,#MP_BR_INGAME/ATTRACT_KOTH_CAPTURE
localize,#MP_BR_INGAME/ATTRACT_RT_COUNTDOWN
localize,#MP_BR_INGAME/ATTRACT_RT_CURRENT_RECORD
localize,#MP_BR_INGAME/ATTRACT_RT_CURRENT_RECORD_HOLDER
localize,#MP_BR_INGAME/ATTRACT_RT_FIND_VEHICLE
localize,#MP_BR_INGAME/ATTRACT_RT_FINISH_NEW_RECORD
localize,#MP_BR_INGAME/ATTRACT_RT_FINISH_NEW_RECORD_SPLIT
localize,#MP_BR_INGAME/ATTRACT_RT_FINISH_SPLIT
localize,#MP_BR_INGAME/ATTRACT_RT_GET_TO_START
localize,#MP_BR_INGAME/ATTRACT_RT_GO
localize,#MP_BR_INGAME/ATTRACT_RT_LAP_OF_3
localize,#MP_BR_INGAME/ATTRACT_RT_OOB
localize,#MP_BR_INGAME/ATTRACT_RT_OOV
localize,#MP_BR_INGAME/ATTRACT_RT_RECORD_BEAT
localize,#MP_BR_INGAME/ATTRACT_RT_SPLIT_NEG
localize,#MP_BR_INGAME/ATTRACT_RT_SPLIT_POS
localize,#MP_BR_INGAME/ATTRACT_RT_STOP
localize,#MP_BR_INGAME/ATTRACT_RT_TOO_CLOSE
localize,#MP_BR_INGAME/ATTRACT_SR_DISTANCE
localize,#MP_BR_INGAME/ATTRACT_SR_NAME
localize,#mp_br_ingame/black_site
localize,#mp_br_ingame/cannot_stow_in_gulag
localize,#mp_br_ingame/cash_machine_atm
localize,#mp_br_ingame/cash_machine_vending_machine
localize,#hash_f6604931d5672c6
localize,#hash_15953505b0c3a657
localize,#mp_br_ingame/delta_ee_main_scan_code_1
localize,#mp_br_ingame/delta_ee_main_scan_code_2
localize,#mp_br_ingame/delta_ee_main_scan_code_3
localize,#mp_br_ingame/delta_ee_main_scan_code_4
localize,#mp_br_ingame/delta_ee_main_scan_crate_decrypted
localize,#mp_br_ingame/delta_headstone_message
localize,#mp_br_ingame/dmz_tut_cash_grab
localize,#mp_br_ingame/dmz_tut_deposit
localize,#mp_br_ingame/dmz_tut_transfer
localize,#mp_br_ingame/dmz_tut_welcome
localize,#mp_br_ingame/evac_arrive
localize,#mp_br_ingame/evac_start
localize,#mp_br_ingame/evac_wait
localize,#mp_br_ingame/extract
localize,#mp_br_ingame/extract_collect_plunder
localize,#mp_br_ingame/extract_cost
localize,#mp_br_ingame/extract_cost_million
localize,#mp_br_ingame/extract_cost_text
localize,#mp_br_ingame/extract_helipad
localize,#mp_br_ingame/extract_helipads_active
localize,#mp_br_ingame/extract_max
localize,#mp_br_ingame/extract_num
localize,#mp_br_ingame/extract_plunder_text
localize,#mp_br_ingame/extracted_success
localize,#mp_br_ingame/fortress
localize,#mp_br_ingame/gulag_break_key_splash_title
localize,#mp_br_ingame/gulag_break_participation_splash_title
localize,#mp_br_ingame/hacker_phone_already_hacked
localize,#hash_432ae5505bcc6c98
localize,#mp_br_ingame/infil_deploy
localize,#mp_br_ingame/inflation_cash_deployment_gained
localize,#mp_br_ingame/inflation_cash_deployment_lost
localize,#mp_br_ingame/inflation_cash_deployments_closed
localize,#mp_br_ingame/interrogate_blocked
localize,#mp_br_ingame/interrogate_blocked_stance
localize,#mp_br_ingame/interrogate_blocked_swimming
localize,#mp_br_ingame/interrogation_in_progress
localize,#mp_br_ingame/leader_plunder_text
localize,#mp_br_ingame/loadout_already_equipped
localize,#mp_br_ingame/missile_silo
localize,#mp_br_ingame/mission_assassin_2_time_warning_min
localize,#mp_br_ingame/mission_assassin_2_time_warning_sec
localize,#mp_br_ingame/mobile_armory_action_error
localize,#mp_br_ingame/multi_circle_label_alpha
localize,#mp_br_ingame/multi_circle_label_bravo
localize,#mp_br_ingame/multi_circle_label_charlie
localize,#mp_br_ingame/multi_circle_label_delta
localize,#mp_br_ingame/no_more_respawn
localize,#mp_br_ingame/not_enough_plunder_activate
localize,#mp_br_ingame/not_playable
localize,#hash_348692d969165b70
localize,#MP_BR_INGAME/PHARAOH_DEFAULT
localize,#mp_br_ingame/pickup_poison
localize,#mp_br_ingame/pickup_propane
localize,#mp_br_ingame/plunder_death_loss
localize,#mp_br_ingame/plunder_held_limit_reached
localize,#mp_br_ingame/repair_vehicle_failed
localize,#mp_br_ingame/replace_vehicle_failed
localize,#mp_br_ingame/reward_icon_name_vip
localize,#MP_BR_INGAME/SANDBOX_GLOBAL_KILLS
localize,#MP_BR_INGAME/SANDBOX_REDEPLOY
localize,#MP_BR_INGAME/SB_CANT_DAMAGE_COMBAT_AREA
localize,#MP_BR_INGAME/SB_CANT_DAMAGE_SAFE_AREA
localize,#MP_BR_INGAME/SB_ENTER_COMBAT_AREA
localize,#MP_BR_INGAME/SB_ENTER_SAFE_AREA
localize,#MP_BR_INGAME/SB_EXIT_COMBAT_AREA
localize,#MP_BR_INGAME/SB_EXIT_SAFE_AREA
localize,#mp_br_ingame/splash_evac_arrived
localize,#mp_br_ingame/splash_evac_arrived_desc
localize,#mp_br_ingame/splash_evac_incoming
localize,#mp_br_ingame/splash_evac_incoming_desc
localize,#mp_br_ingame/splash_evac_welcome
localize,#mp_br_ingame/splash_evac_welcome_desc
localize,#mp_br_ingame/splash_extract_extracted
localize,#mp_br_ingame/splash_extract_extracted_desc
localize,#mp_br_ingame/splash_extraction_arrived
localize,#mp_br_ingame/splash_extraction_failed
localize,#mp_br_ingame/splash_extraction_failed_desc
localize,#mp_br_ingame/splash_extraction_started
localize,#mp_br_ingame/splash_extraction_started_desc
localize,#mp_br_ingame/splash_extraction_welcome
localize,#mp_br_ingame/splash_extraction_welcome_desc
localize,#mp_br_ingame/splash_late_circle_now
localize,#mp_br_ingame/splash_late_circle_now_desc
localize,#mp_br_ingame/splash_late_circle_soon
localize,#mp_br_ingame/splash_late_circle_soon_desc
localize,#mp_br_ingame/splash_risk_flag_spawn
localize,#mp_br_ingame/splash_risk_flag_spawn_desc
localize,#mp_br_ingame/splash_risk_welcome
localize,#mp_br_ingame/splash_risk_welcome_desc
localize,#mp_br_ingame/splash_sandbox_welcome
localize,#mp_br_ingame/splash_sandbox_welcome_desc
localize,#mp_br_ingame/st_place
localize,#mp_br_ingame/stronghold_ai_count
localize,#MP_BR_INGAME/SWAMPMONSTER_DEFAULT
localize,#mp_br_ingame/too_many_teammates
localize,#mp_br_ingame/truckwar_gas_is_approaching_far_desc
localize,#mp_br_ingame/truckwar_gas_is_approaching_medium_desc
localize,#mp_br_ingame/tut_combat
localize,#mp_br_ingame/tut_plunder_loot
localize,#mp_br_ingame/tut_tacmap
localize,#mp_br_ingame/tut_team_work
localize,#mp_br_ingame/tut_welcome
localize,#mp_br_ingame/unlock_vehicle
localize,#mp_br_ingame/unusable_deployable_kiosk
localize,#mp_br_ingame/unusable_disguised_kiosk
localize,#mp_br_ingame/unusable_kiosk
localize,#hash_4ffa5fd8b753654f
localize,#mp_br_ingame/will_revive_into_crouch
localize,#mp_br_ingame/will_revive_into_prone
localize,#mp_br_ingame/x1_card_use
localize,#mp_br_ingame/your_plunder_text
localize,#mp_br_ingame/your_team_plunder_text
localize,#hash_1034430d896e5618
localize,#hash_6913dbb8b80b9163
localize,#hash_6fdecc79b2c030ae
localize,#hash_75e010cd75938649
localize,#hash_7b43da14f97b4c0d
localize,#hash_cd9dfaba1935381
localize,#hash_cd9deaba19351ce
localize,#hash_cd9e1aba19356e7
localize,#hash_16cddf823d08d839
localize,#hash_417741ef07c7aec2
localize,#hash_430effbf1efc7d10
localize,#hash_6f4b5ac65e124494
localize,#hash_f549bf6ebd4163a
localize,#hash_7b30f3a4235c1415
localize,#hash_5ba6795e7d99a2a6
localize,#hash_1ada8da191c217
localize,#hash_3302c3fce174e3ef
localize,#hash_1b0acb3531793ca6
localize,#hash_4c05288419ac695
localize,#hash_18ff765c99025bb1
localize,#hash_3fcd09dc81252709
localize,#hash_2f52a68ff0fa951d
localize,#hash_46b36ac2b38b55a0
localize,#hash_5139b0ac0ce0c57e
localize,#hash_19e501b57dbb7d0e
localize,#hash_63dc109e2ac4c56e
localize,#hash_6d737965d0c098ef
localize,#hash_ec19aa8eeea0105
localize,#hash_1206664e2069b914
localize,#hash_3aff4addd4153c77
localize,#hash_1b4138928ed00751
localize,#hash_6fe0ad8c2c949fe
localize,#hash_6bb4631b95bb7469
localize,#hash_586f5dcb062c23e5
localize,#hash_251c3991107ade44
localize,#hash_ec1424a893f96dd
localize,#hash_6600acd7122c3449
localize,#mp_dmz_locks/cache_locked_airport_lounge
localize,#mp_dmz_locks/cache_locked_baggage_handling
localize,#mp_dmz_locks/cache_locked_canal_uw_container
localize,#mp_dmz_locks/cache_locked_caves_bench_container
localize,#mp_dmz_locks/cache_locked_clocktower_container
localize,#mp_dmz_locks/cache_locked_control_room
localize,#mp_dmz_locks/cache_locked_crash_briefcase_1
localize,#mp_dmz_locks/cache_locked_crash_lrg_1
localize,#mp_dmz_locks/cache_locked_crash_lrg_2
localize,#mp_dmz_locks/cache_locked_crash_sm_1
localize,#mp_dmz_locks/cache_locked_crash_sm_2
localize,#mp_dmz_locks/cache_locked_crash_sm_3
localize,#mp_dmz_locks/cache_locked_crash_wp_case
localize,#mp_dmz_locks/cache_locked_dc_briefcase_1
localize,#mp_dmz_locks/cache_locked_dc_toolbox_1
localize,#mp_dmz_locks/cache_locked_delta_animalcare
localize,#mp_dmz_locks/cache_locked_delta_apartment
localize,#mp_dmz_locks/cache_locked_delta_bikeparking
localize,#mp_dmz_locks/cache_locked_delta_cityhall
localize,#mp_dmz_locks/cache_locked_delta_cruiseterminal
localize,#mp_dmz_locks/cache_locked_delta_firestation
localize,#mp_dmz_locks/cache_locked_delta_floatinghouse
localize,#mp_dmz_locks/cache_locked_delta_homeboat
localize,#mp_dmz_locks/cache_locked_delta_newmuseum
localize,#mp_dmz_locks/cache_locked_delta_oldmuseum
localize,#mp_dmz_locks/cache_locked_delta_sewers
localize,#mp_dmz_locks/cache_locked_delta_shoppingmall
localize,#mp_dmz_locks/cache_locked_delta_stables
localize,#mp_dmz_locks/cache_locked_delta_stadium
localize,#mp_dmz_locks/cache_locked_delta_sunkenhouse
localize,#mp_dmz_locks/cache_locked_delta_townhouse
localize,#mp_dmz_locks/cache_locked_delta_underbridge
localize,#mp_dmz_locks/cache_locked_delta_university
localize,#mp_dmz_locks/cache_locked_delta_windmill
localize,#mp_dmz_locks/cache_locked_end_pyro_tunnel
localize,#mp_dmz_locks/cache_locked_end_runway
localize,#mp_dmz_locks/cache_locked_fishing_box_dock
localize,#mp_dmz_locks/cache_locked_fortress
localize,#hash_33921ab946fa7b98
localize,#mp_dmz_locks/cache_locked_gravesite_container
localize,#mp_dmz_locks/cache_locked_hallway_locker
localize,#hash_2fbda53d4b68085b
localize,#mp_dmz_locks/cache_locked_hydro_island_room
localize,#mp_dmz_locks/cache_locked_police_locker
localize,#mp_dmz_locks/cache_locked_powersubstation_container
localize,#mp_dmz_locks/cache_locked_sealion_canal_crate
localize,#mp_dmz_locks/cache_locked_sealion_castle_armory
localize,#mp_dmz_locks/cache_locked_sealion_couple_bag
localize,#mp_dmz_locks/cache_locked_sealion_farmers_toolbox
localize,#mp_dmz_locks/cache_locked_sealion_misplaced_crate
localize,#mp_dmz_locks/cache_locked_sealion_observatory_fridge
localize,#mp_dmz_locks/cache_locked_sealion_office_fridge
localize,#mp_dmz_locks/cache_locked_sealion_shadow_toolbox
localize,#mp_dmz_locks/cache_locked_sealion_shipwreck_crate
localize,#mp_dmz_locks/cache_locked_sealion_travelers_bag
localize,#mp_dmz_locks/cache_locked_sealion_worker_toolbox
localize,#mp_dmz_locks/cache_locked_ship_above_water
localize,#mp_dmz_locks/cache_locked_ship_bridge
localize,#mp_dmz_locks/cache_locked_ship_center
localize,#mp_dmz_locks/cache_locked_sunken_ship
localize,#mp_dmz_locks/cache_locked_tower_hill
localize,#mp_dmz_locks/cache_locked_underbridge
localize,#mp_dmz_locks/cache_locked_underground_passage
localize,#mp_dmz_locks/cache_locked_underwater_ship
localize,#mp_dmz_locks/cache_locked_waterpit_container
localize,#mp_dmz_locks/cache_unlock_delta_animalcare
localize,#mp_dmz_locks/cache_unlock_delta_apartment
localize,#mp_dmz_locks/cache_unlock_delta_bikeparking
localize,#mp_dmz_locks/cache_unlock_delta_cruiseterminal
localize,#mp_dmz_locks/cache_unlock_delta_firestation
localize,#mp_dmz_locks/cache_unlock_delta_floatinghouse
localize,#mp_dmz_locks/cache_unlock_delta_homeboat
localize,#mp_dmz_locks/cache_unlock_delta_stadium
localize,#mp_dmz_locks/cache_unlock_delta_townhouse
localize,#mp_dmz_locks/locked
localize,#mp_dmz_locks/locked_airport_maintenance
localize,#mp_dmz_locks/locked_antiquities_office
localize,#mp_dmz_locks/locked_apartment_closet
localize,#mp_dmz_locks/locked_apartment_snipernest
localize,#mp_dmz_locks/locked_auto_shop_sunken
localize,#mp_dmz_locks/locked_biobunker_fortress
localize,#mp_dmz_locks/locked_blacksite
localize,#mp_dmz_locks/locked_br_fortress
localize,#mp_dmz_locks/locked_cartel_warehouse
localize,#mp_dmz_locks/locked_cell_phone_shop
localize,#mp_dmz_locks/locked_civic_center
localize,#mp_dmz_locks/locked_cliff_room
localize,#mp_dmz_locks/locked_conference_room
localize,#mp_dmz_locks/locked_control_tower
localize,#mp_dmz_locks/locked_crane_building
localize,#mp_dmz_locks/locked_delta_aquarium
localize,#mp_dmz_locks/locked_delta_cityhall
localize,#mp_dmz_locks/locked_delta_firestation
localize,#mp_dmz_locks/locked_delta_oldmuseum
localize,#mp_dmz_locks/locked_delta_stadium
localize,#mp_dmz_locks/locked_delta_terminal
localize,#mp_dmz_locks/locked_delta_trainstation
localize,#mp_dmz_locks/locked_destroyed_telescope
localize,#mp_dmz_locks/locked_diamond_drill
localize,#mp_dmz_locks/locked_dressing_room
localize,#mp_dmz_locks/locked_embassy
localize,#mp_dmz_locks/locked_exhume_warehouse
localize,#mp_dmz_locks/locked_firefighttest01
localize,#mp_dmz_locks/locked_fish_shack
localize,#mp_dmz_locks/locked_fort
localize,#mp_dmz_locks/locked_fort_barrack1
localize,#mp_dmz_locks/locked_fortress
localize,#mp_dmz_locks/locked_gaming_room
localize,#mp_dmz_locks/locked_graveyard_house
localize,#mp_dmz_locks/locked_grocery_office
localize,#mp_dmz_locks/locked_groundskeepers
localize,#mp_dmz_locks/locked_hotel_room1
localize,#mp_dmz_locks/locked_hotel_room2
localize,#mp_dmz_locks/locked_hydro_apt
localize,#mp_dmz_locks/locked_hydro_storage
localize,#mp_dmz_locks/locked_hydro_weapondrop
localize,#mp_dmz_locks/locked_interrogation_room
localize,#mp_dmz_locks/locked_lighthouse_room
localize,#mp_dmz_locks/locked_mobile_office
localize,#mp_dmz_locks/locked_mountain_top_room
localize,#mp_dmz_locks/locked_munitions_storage
localize,#mp_dmz_locks/locked_neigh_storage_room
localize,#mp_dmz_locks/locked_north_guard_shack
localize,#mp_dmz_locks/locked_officequarters1
localize,#mp_dmz_locks/locked_officequarters2
localize,#mp_dmz_locks/locked_police_academy
localize,#mp_dmz_locks/locked_police_academy_barracks
localize,#mp_dmz_locks/locked_police_academy_lockerroom
localize,#mp_dmz_locks/locked_police_lockerroom
localize,#mp_dmz_locks/locked_poppy_home
localize,#mp_dmz_locks/locked_post_office
localize,#mp_dmz_locks/locked_post_office_stronghold
localize,#mp_dmz_locks/locked_power_substation
localize,#mp_dmz_locks/locked_quarry_control
localize,#mp_dmz_locks/locked_quarry_office
localize,#mp_dmz_locks/locked_quarry_storage
localize,#mp_dmz_locks/locked_quiet_bedroom
localize,#mp_dmz_locks/locked_resort_entrance
localize,#mp_dmz_locks/locked_safe_room
localize,#mp_dmz_locks/locked_scientist_apartment
localize,#mp_dmz_locks/locked_sealion_beachclub_bathroom
localize,#mp_dmz_locks/locked_sealion_castle
localize,#mp_dmz_locks/locked_sealion_cityhall
localize,#mp_dmz_locks/locked_sealion_ferry_booth
localize,#mp_dmz_locks/locked_sealion_hotel_room_403
localize,#mp_dmz_locks/locked_sealion_lab_office
localize,#mp_dmz_locks/locked_sealion_port_harbor_control
localize,#mp_dmz_locks/locked_sealion_port_manager_office
localize,#mp_dmz_locks/locked_sealion_watertreatment_cc
localize,#mp_dmz_locks/locked_sec_camera_room
localize,#mp_dmz_locks/locked_secret_comms
localize,#mp_dmz_locks/locked_server_room
localize,#mp_dmz_locks/locked_shopping_booth
localize,#mp_dmz_locks/locked_sira_apartment
localize,#mp_dmz_locks/locked_sira_mall
localize,#mp_dmz_locks/locked_skeleton_room
localize,#mp_dmz_locks/locked_small_confer_room
localize,#mp_dmz_locks/locked_smugglers_warehouse
localize,#mp_dmz_locks/locked_south_guard_shack
localize,#mp_dmz_locks/locked_spotters_view
localize,#mp_dmz_locks/locked_sunken_office
localize,#mp_dmz_locks/locked_sunken_second_office
localize,#mp_dmz_locks/locked_supply_room
localize,#MP_DMZ_LOCKS/LOCKED_TESTUNIQUEDOOR
localize,#mp_dmz_locks/locked_trapper_door
localize,#mp_dmz_locks/locked_tv_computer_room
localize,#mp_dmz_locks/locked_tv_station
localize,#mp_dmz_locks/locked_underground_shack
localize,#mp_dmz_locks/locked_western_storage
localize,#mp_dmz_locks/locked_yum_burger
localize,#MP_DMZ_LOCKS/OPEN_FORTRESS
localize,#MP_DMZ_LOCKS/OPEN_TESTUNIQUEDOOR
localize,#MP_DMZ_LOCKS/STUCK
localize,#mp_dmz_locks/unlock_airport_maintenance
localize,#mp_dmz_locks/unlock_antiquities_office
localize,#mp_dmz_locks/unlock_apartment_closet
localize,#mp_dmz_locks/unlock_apartment_snipernest
localize,#mp_dmz_locks/unlock_auto_shop_sunken
localize,#mp_dmz_locks/unlock_biobunker_fortress
localize,#mp_dmz_locks/unlock_blacksite
localize,#mp_dmz_locks/unlock_cartel_warehouse
localize,#mp_dmz_locks/unlock_cell_phone_shop
localize,#mp_dmz_locks/unlock_civic_center
localize,#mp_dmz_locks/unlock_cliff_room
localize,#mp_dmz_locks/unlock_conference_room
localize,#mp_dmz_locks/unlock_control_room
localize,#mp_dmz_locks/unlock_control_tower
localize,#mp_dmz_locks/unlock_crane_building
localize,#mp_dmz_locks/unlock_deadbolt
localize,#mp_dmz_locks/unlock_delta_aquarium
localize,#mp_dmz_locks/unlock_delta_cityhall
localize,#mp_dmz_locks/unlock_delta_firestation
localize,#mp_dmz_locks/unlock_delta_oldmuseum
localize,#mp_dmz_locks/unlock_delta_stadium
localize,#mp_dmz_locks/unlock_delta_terminal
localize,#mp_dmz_locks/unlock_delta_trainstation
localize,#mp_dmz_locks/unlock_destroyed_telescope
localize,#mp_dmz_locks/unlock_door
localize,#mp_dmz_locks/unlock_dressing_room
localize,#mp_dmz_locks/unlock_embassy
localize,#mp_dmz_locks/unlock_exhume_warehouse
localize,#mp_dmz_locks/unlock_firefighttest01
localize,#mp_dmz_locks/unlock_fish_shack
localize,#mp_dmz_locks/unlock_fort
localize,#mp_dmz_locks/unlock_fort_barrack1
localize,#mp_dmz_locks/unlock_fortress
localize,#mp_dmz_locks/unlock_gaming_room
localize,#mp_dmz_locks/unlock_graveyard_house
localize,#mp_dmz_locks/unlock_grocery_office
localize,#mp_dmz_locks/unlock_groundskeepers
localize,#mp_dmz_locks/unlock_hotel_room1
localize,#mp_dmz_locks/unlock_hotel_room2
localize,#mp_dmz_locks/unlock_hydro_apt
localize,#mp_dmz_locks/unlock_hydro_storage
localize,#mp_dmz_locks/unlock_hydro_weapondrop
localize,#mp_dmz_locks/unlock_interrogation_room
localize,#mp_dmz_locks/unlock_lighthouse_room
localize,#mp_dmz_locks/unlock_mobile_office
localize,#mp_dmz_locks/unlock_mountain_top_room
localize,#mp_dmz_locks/unlock_munitions_storage
localize,#mp_dmz_locks/unlock_neigh_storage_room
localize,#mp_dmz_locks/unlock_north_guard_shack
localize,#mp_dmz_locks/unlock_office_quarters1
localize,#mp_dmz_locks/unlock_office_quarters2
localize,#mp_dmz_locks/unlock_police_academy
localize,#mp_dmz_locks/unlock_police_academy_barracks
localize,#mp_dmz_locks/unlock_police_academy_lockerroom
localize,#mp_dmz_locks/unlock_police_lockerroom
localize,#mp_dmz_locks/unlock_poppy_home
localize,#mp_dmz_locks/unlock_post_office
localize,#mp_dmz_locks/unlock_post_office_stronghold
localize,#mp_dmz_locks/unlock_power_substation
localize,#mp_dmz_locks/unlock_quarry_control
localize,#mp_dmz_locks/unlock_quarry_office
localize,#mp_dmz_locks/unlock_quarry_storage
localize,#mp_dmz_locks/unlock_quiet_bedroom
localize,#mp_dmz_locks/unlock_resort_entrance
localize,#mp_dmz_locks/unlock_safe_house
localize,#mp_dmz_locks/unlock_scientist_apartment
localize,#mp_dmz_locks/unlock_sealion_beachclub_bathroom
localize,#mp_dmz_locks/unlock_sealion_castle
localize,#mp_dmz_locks/unlock_sealion_cityhall
localize,#mp_dmz_locks/unlock_sealion_ferry_booth
localize,#mp_dmz_locks/unlock_sealion_hotel_room_403
localize,#mp_dmz_locks/unlock_sealion_lab_office
localize,#mp_dmz_locks/unlock_sealion_port_harbor_control
localize,#mp_dmz_locks/unlock_sealion_port_manager_office
localize,#mp_dmz_locks/unlock_sealion_watertreatment_cc
localize,#mp_dmz_locks/unlock_sec_camera_room
localize,#mp_dmz_locks/unlock_secret_comms
localize,#mp_dmz_locks/unlock_server_room
localize,#mp_dmz_locks/unlock_shopping_booth
localize,#mp_dmz_locks/unlock_sira_apartment
localize,#mp_dmz_locks/unlock_sira_mall
localize,#mp_dmz_locks/unlock_skeleton_room
localize,#mp_dmz_locks/unlock_small_confer_room
localize,#mp_dmz_locks/unlock_smugglers_warehouse
localize,#mp_dmz_locks/unlock_south_guard_shack1
localize,#mp_dmz_locks/unlock_spotters_view
localize,#MP_DMZ_LOCKS/UNLOCK_STRONGOLD_WITH_SKELETON
localize,#mp_dmz_locks/unlock_sunken_office
localize,#mp_dmz_locks/unlock_sunken_second_office
localize,#mp_dmz_locks/unlock_supply_room
localize,#MP_DMZ_LOCKS/UNLOCK_TESTUNIQUEDOOR
localize,#mp_dmz_locks/unlock_trapper_door
localize,#mp_dmz_locks/unlock_tv_computer_room
localize,#mp_dmz_locks/unlock_tv_station
localize,#mp_dmz_locks/unlock_underground_shack
localize,#mp_dmz_locks/unlock_western_storage
localize,#mp_dmz_locks/unlock_yum_burger
localize,#mp_dmz_missions/contract_icon_label
localize,#mp_dmz_missions/dmz_destroy_sam_plant_error
localize,#MP_DMZ_MISSIONS/DMZ_DESTROY_SAM_PROGRESS_TEXT
localize,#mp_dmz_missions/dmz_destroy_sam_samsite_defuse_hint
localize,#mp_dmz_missions/dmz_destroy_sam_samsite_plant_hint
localize,#mp_dmz_missions/geiger_search_contract_cancelled_err
localize,#MP_DMZ_MISSIONS/GEIGER_SEARCH_GC_CACHE_ERR
localize,#mp_dmz_missions/hostage_bar_title
localize,#mp_dmz_missions/hostage_heli_msg
localize,#mp_dmz_missions/hostage_place_err
localize,#mp_dmz_missions/locked_hostage_door
localize,#mp_dmz_missions/safe_paused
localize,#mp_dmz_missions/stash_drill_progress_title
localize,#mp_dmz_missions/trap_door_unlock
localize,#mp_dmz_missions/unlock_hostage_door
localize,#mp_downtown_gw/bank
localize,#mp_downtown_gw/bloc
localize,#mp_downtown_gw/construct
localize,#mp_downtown_gw/museum
localize,#mp_downtown_gw/parliament
localize,#mp_farms2_gw/callout_central_barn
localize,#mp_farms2_gw/callout_hay_storage
localize,#mp_farms2_gw/callout_launchers
localize,#mp_farms2_gw/callout_silos
localize,#mp_farms2_gw/callout_windmills
localize,#mp_ingame_only/ammo_restock_on_cooldown
localize,#MP_INGAME_ONLY/AMMO_RESTOCK_STOCK_FULL
localize,#mp_ingame_only/armor_restock_stock_full
localize,#mp_ingame_only/body_earned
localize,#mp_ingame_only/cannot_refill_minigun
localize,#mp_ingame_only/equipment_maxed
localize,#MP_INGAME_ONLY/EXFIL_CHOPPER
localize,#mp_ingame_only/head_earned
localize,#mp_ingame_only/hold_to_start_game
localize,#mp_ingame_only/jugg_killed_jugg
localize,#mp_ingame_only/juggernaut_kill
localize,#mp_ingame_only/killed_juggernaut
localize,#mp_ingame_only/koth_overtime_warning
localize,#mp_ingame_only/low_battery
localize,#mp_ingame_only/obj_bank_caps
localize,#mp_ingame_only/obj_bomb_caps
localize,#mp_ingame_only/obj_capture_caps
localize,#mp_ingame_only/obj_clearing_caps
localize,#mp_ingame_only/obj_defuse_caps
localize,#mp_ingame_only/obj_destroying_caps
localize,#mp_ingame_only/obj_kill_caps
localize,#mp_ingame_only/obj_recover_caps
localize,#mp_ingame_only/obj_reinforcing_caps
localize,#mp_ingame_only/obj_scoring_caps
localize,#mp_ingame_only/obj_take_caps
localize,#mp_ingame_only/obj_target_caps
localize,#mp_ingame_only/pickup_atmine
localize,#mp_ingame_only/pickup_bunkerbuster
localize,#mp_ingame_only/pickup_c4
localize,#mp_ingame_only/pickup_claymore
localize,#mp_ingame_only/pickup_decoy
localize,#mp_ingame_only/pickup_flash
localize,#mp_ingame_only/pickup_frag
localize,#mp_ingame_only/pickup_hb_sensor
localize,#mp_ingame_only/pickup_molotov
localize,#mp_ingame_only/pickup_semtex
localize,#mp_ingame_only/pickup_shock_stick
localize,#mp_ingame_only/pickup_smoke
localize,#mp_ingame_only/pickup_snapshot
localize,#mp_ingame_only/pickup_stim
localize,#mp_ingame_only/pickup_stun
localize,#mp_ingame_only/pickup_thermite
localize,#mp_ingame_only/pickup_tknife
localize,#mp_ingame_only/pickup_trophy_system
localize,#mp_ingame_only/pickup_tstar
localize,#mp_ingame_only/pillage_depot_open
localize,#MP_INGAME_ONLY/REVEAL_BUNKER_ENTRANCE
localize,#mp_ingame_only/safe
localize,#mp_ingame_only/splashes_beta_max_rank
localize,#mp_ingame_only/splashes_beta_max_rank_desc
localize,#mp_ingame_only/teamscore_notify_1
localize,#mp_ingame_only/teamscore_notify_10
localize,#mp_ingame_only/teamscore_notify_15
localize,#mp_ingame_only/teamscore_notify_2
localize,#mp_ingame_only/teamscore_notify_20
localize,#mp_ingame_only/teamscore_notify_25
localize,#mp_ingame_only/teamscore_notify_3
localize,#mp_ingame_only/teamscore_notify_4
localize,#mp_ingame_only/teamscore_notify_5
localize,#mp_ingame_only/teamscore_notify_6
localize,#mp_ingame_only/teamscore_notify_7
localize,#mp_ingame_only/teamscore_notify_8
localize,#mp_ingame_only/teamscore_notify_9
localize,#mp_ingame_only/use_mortar
localize,#mp_ingame_only/weapon_splash_title
localize,#mp_layover_gw/callout_car_dealership
localize,#mp_layover_gw/callout_parking_garage
localize,#mp_layover_gw/callout_parking_lot
localize,#mp_layover_gw/callout_police_station
localize,#mp_layover_gw/callout_underpass
localize,#mp_mode_rugby/crate_use
localize,#mp_mode_rugby/ingame_objective
localize,#mp_patch/destroy_ti
localize,#mp_patch/pickup_ti
localize,#mp_ph/alive
localize,#MP_PH/CHANGE
localize,#MP_PH/CLONE
localize,#mp_ph/final_whistle
localize,#MP_PH/FLASH
localize,#MP_PH/LOCK
localize,#MP_PH/LOCKED
localize,#MP_PH/SLOPE
localize,#MP_PH/SLOPE_PC
localize,#MP_PH/SLOPED
localize,#MP_PH/SLOPED_PC
localize,#MP_PH/SPECCOMMANDS
localize,#MP_PH/SPECKEY
localize,#MP_PH/SPIN
localize,#MP_PH/SPIN_PC
localize,#mp_ph/starts_in
localize,#mp_ph/whistle_in
localize,#mp_ph/whistling
localize,#MP_PH/ZOOM
localize,#mp_ping_ingame/assim_failed_disabled
localize,#mp_ping_ingame/assim_failed_disabled_enemy
localize,#mp_ping_ingame/assim_failed_elite_contract
localize,#mp_ping_ingame/assim_failed_player_in_vehicle
localize,#mp_ping_ingame/assim_failed_player_not_downed
localize,#mp_ping_ingame/assim_failed_team_size
localize,#mp_ping_ingame/blocked_by_interrogate
localize,#mp_port2_gw/callout_bodyshop
localize,#mp_port2_gw/callout_lumber
localize,#mp_port2_gw/callout_processing_center
localize,#mp_port2_gw/callout_storage
localize,#mp_port2_gw/callout_vacant
localize,#mp_promenade_gw/callout_center
localize,#mp_promenade_gw/callout_east_shops
localize,#mp_promenade_gw/callout_roundabout
localize,#mp_promenade_gw/callout_west_shops
localize,#mp_quarry2/callout_block
localize,#mp_quarry2/callout_bridge
localize,#mp_quarry2/callout_manage
localize,#mp_quarry2/callout_rail
localize,#mp_quarry2/callout_ship
localize,#mp_riverside_gw/callout_farmstead
localize,#mp_riverside_gw/callout_hideout
localize,#mp_riverside_gw/callout_hilltop
localize,#mp_riverside_gw/callout_school
localize,#mp_riverside_gw/callout_storage
localize,#mp_saba/callout_s5_reveal_tac
localize,#hash_7865ca1356f12bfc
localize,#hash_7e4981b68f9d3fbd
localize,#hash_2919e8ae2bc7f38
localize,#hash_6bc3dd9cd529ec40
localize,#hash_222f23dc88616e72
localize,#hash_6842c8f826fd9cb4
localize,#hash_65074279f486cc0f
localize,#hash_6c46de3df83318ba
localize,#hash_582d5b54449570fb
localize,#hash_7131ac8750eab9cf
localize,#hash_540dc91a400ed3b8
localize,#hash_645848a982eb505a
localize,#hash_7aa4fc106b39ffa3
localize,#hash_6d7d374322fd055b
localize,#hash_4129a055a106374e
localize,#hash_63694fc0d47191c3
localize,#hash_49999a17888d079a
localize,#hash_7605af823ce1129a
localize,#hash_544eb5a424fbb03c
localize,#mp_zxp/charged_jump
localize,#mpui/max_xp
localize,#mpui/max_xp_desc
localize,#mpui/prestige
localize,#objectives_ph/attacker
localize,#objectives_ph/attacker_hint
localize,#objectives_ph/attacker_score
localize,#objectives_ph/defender
localize,#objectives_ph/defender_hint
localize,#objectives_ph/defender_score
localize,#perks/ability_deadsilence_ready
localize,#perks/ability_empdrone_ready
localize,#perks/ability_tac_insert_ready
localize,#perks/desc_boom
localize,#perks/desc_quickdraw
localize,#perks/desc_steady_aim
localize,#perks/hold_to_scavenge
localize,#perks/perk_package_activate_armored
localize,#perks/perk_package_activate_ghost
localize,#perks/perk_package_activate_hardline
localize,#perks/perk_package_activate_overclock
localize,#perks/perk_package_activate_overwatch
localize,#perks/perk_package_activate_restock
localize,#perks/perk_package_activate_surveillance
localize,#perks/perk_package_earn_coldblood
localize,#perks/perk_package_earn_fasthands
localize,#perks/perk_package_earn_ghost
localize,#perks/perk_package_earn_hardline
localize,#perks/perk_package_earn_highalert
localize,#perks/perk_package_earn_overclock
localize,#perks/perk_package_earn_overwatch
localize,#perks/perk_package_earn_quickfix
localize,#perks/perk_package_earn_restock
localize,#perks/perk_package_earn_survivor
localize,#perks/perk_package_earn_t2
localize,#perks/perk_package_earn_t3
localize,#perks/perk_package_earn_t3_sub
localize,#perks/upgrade_blastshield
localize,#perks/upgrade_dead_silence
localize,#perks/upgrade_fast_reload
localize,#perks/upgrade_holdbreath
localize,#perks/upgrade_lightweight
localize,#perks/upgrade_marathon
localize,#perks/upgrade_menu_blocked
localize,#perks/upgrade_quickswap
localize,#perks/upgrade_selectivehearing
localize,#perks/upgrade_throwback
localize,#perks/upgrade_tracker
localize,#pmc/dont_have_hacked_laptop
localize,#PMC/DOWNLOAD_FLIGHT_PATH_DATA
localize,#PMC/DOWNLOADING_SERVER_DATA
localize,#pmc/hacked_thumb_drive_required
localize,#pmc/no_documents_err_msg
localize,#pmc/no_tracking_devices_in_backpack
localize,#pmc/not_all_bombs_are_planted
localize,#pmc/not_all_gas_stations_are_occupied
localize,#PMC_S2/ARMING_BOMB
localize,#hash_39a6b5546963eafe
localize,#PMC_S2/DOWNLOADING_BLACKBOX
localize,#hash_7622ad084b793c03
localize,#hash_2afe56a32329b2a8
localize,#pmc_s2/radiation_damage_increase
localize,#hash_2e1d134a868fb99d
localize,#hash_23af405501141483
localize,#hash_6a7809cc63d0d490
localize,#PMC_S4/BUNKER_EXIT_SECURING_PROGRESS_TITLE
localize,#hash_707600770dd6d606
localize,#hash_2c21fd194b74e3ab
localize,#rank/player_was_promoted
localize,#rank/promoted
localize,#rank/promoted_weapon
localize,#hash_159da1d36a32718
localize,#hash_2042f7b754084c24
localize,#hash_295c84d4d5341610
localize,#hash_6831f077ac3d744e
localize,#splashes/accepted_plea
localize,#hash_3e1419f4306608f0
localize,#hash_ad221d90fa24427
localize,#hash_1974b15d712bf498
localize,#SPLASHES/ARM_KILLSTREAK_INCOMING
localize,#splashes/assault
localize,#splashes/assist
localize,#splashes/assist_cranked
localize,#splashes/assist_decoy
localize,#splashes/assist_ffa
localize,#splashes/assist_hardline
localize,#splashes/assist_marked
localize,#splashes/assist_ping
localize,#splashes/assist_secured_position
localize,#splashes/back_flip
localize,#splashes/ball_carrier_kill
localize,#splashes/ballmode_enemy_stunned
localize,#splashes/ballmode_goal_assist
localize,#splashes/ballmode_goal_score
localize,#splashes/ballmode_goal_score_banner
localize,#splashes/ballmode_goal_score_enemy_banner
localize,#splashes/ballmode_goal_score_reverse
localize,#splashes/ballmode_goal_score_teammate
localize,#splashes/ballmode_overtime_banner
localize,#splashes/ballmode_pulse
localize,#splashes/ballmode_rammed_ball
localize,#splashes/ballmode_rammed_player
localize,#splashes/ballmode_save
localize,#splashes/ballmode_touched_ball
localize,#splashes/banked_tag
localize,#splashes/banked_tag_desc
localize,#splashes/banked_ten_tags
localize,#splashes/beacon_bonus
localize,#splashes/binoculars_assist
localize,#splashes/binoculars_enemy_marked
localize,#splashes/bio_labs_armory_room_opened
localize,#splashes/bio_labs_data_center_hacked
localize,#splashes/bio_labs_data_center_hacked_desc
localize,#splashes/bio_labs_entry_hack_begin
localize,#splashes/bio_labs_entry_hack_hacked
localize,#splashes/bio_labs_entry_hack_hacked_desc
localize,#splashes/bio_labs_entry_hack_in_progress
localize,#splashes/bio_labs_entry_hack_in_progress_desc
localize,#splashes/bio_labs_hack_success
localize,#splashes/bio_labs_high_security_area_captured
localize,#splashes/bio_labs_high_security_area_opened
localize,#splashes/bio_labs_high_security_area_under_attack
localize,#splashes/bio_labs_lpcon_bravo
localize,#splashes/bio_labs_lpcon_bravo_desc
localize,#splashes/bio_labs_lpcon_charlie
localize,#splashes/bio_labs_lpcon_charlie_desc
localize,#splashes/bio_labs_lpcon_delta
localize,#splashes/bio_labs_lpcon_delta_desc
localize,#splashes/bio_labs_lpcon_echo
localize,#splashes/bio_labs_lpcon_echo_desc
localize,#splashes/bio_labs_lpcon_raised
localize,#splashes/bio_labs_third_floor_opened
localize,#splashes/bio_labs_velikan_revealed
localize,#splashes/bio_labs_wheelson_on_patrol
localize,#splashes/biobunker_boss_area_opened_1
localize,#splashes/biobunker_boss_area_opened_2
localize,#splashes/biobunker_boss_rusher_recharging
localize,#splashes/biobunker_boss_safe_room_opened
localize,#splashes/biobunker_dark_area_opened_1
localize,#splashes/biobunker_dark_area_opened_2
localize,#splashes/biobunker_data_center_opened
localize,#splashes/biobunker_hack_success
localize,#splashes/biobunker_secret_area_unlock
localize,#splashes/blackhat_hack
localize,#splashes/bm_out_of_top_10
localize,#splashes/bm_out_of_top_10_desc
localize,#splashes/bm_player_marked
localize,#splashes/bm_player_marked_desc
localize,#splashes/bm_player_unmarked
localize,#splashes/bm_player_unmarked_desc
localize,#splashes/bomb_defused
localize,#splashes/bomb_dropped
localize,#splashes/bomb_pickup
localize,#splashes/bomb_pickup_desc
localize,#splashes/bomb_pickup_team
localize,#splashes/bomb_pickup_team_desc
localize,#splashes/bomb_planted
localize,#splashes/bomb_taken
localize,#splashes/bombsite_detonate
localize,#splashes/bounty_collected
localize,#splashes/bounty_increased
localize,#splashes/bounty_new
localize,#splashes/br_ai_gulag_afk_door
localize,#splashes/br_ai_gulag_afk_door_desc
localize,#splashes/br_ai_gulag_cable_tempered
localize,#splashes/br_ai_gulag_cable_tempered_desc
localize,#splashes/br_ai_gulag_cargo_success
localize,#splashes/br_ai_gulag_cargo_success_desc
localize,#splashes/br_ai_gulag_overtime_end
localize,#splashes/br_ai_gulag_overtime_end_desc
localize,#splashes/br_ai_gulag_reached_end
localize,#splashes/br_ai_gulag_reached_end_desc
localize,#splashes/br_ai_gulag_score_xp
localize,#splashes/br_ai_gulag_start
localize,#splashes/br_ai_gulag_start_desc
localize,#splashes/br_ai_gulag_vent_success
localize,#splashes/br_ai_gulag_vent_success_desc
localize,#splashes/br_attraction_racetrack_1_star
localize,#splashes/br_attraction_racetrack_2_star
localize,#splashes/br_attraction_racetrack_3_star
localize,#splashes/br_bank_alarm_active
localize,#splashes/br_contract_cancel_request_title
localize,#splashes/br_dom_gulag_start
localize,#splashes/br_dom_gulag_start_desc
localize,#splashes/br_durable_loot_extract_title
localize,#splashes/br_elite_arrow_bomb_can_arm
localize,#splashes/br_elite_arrow_bomb_can_arm_desc
localize,#splashes/br_elite_arrow_deactivated
localize,#splashes/br_elite_arrow_deactivated_desc
localize,#splashes/br_elite_arrow_locate_elements
localize,#splashes/br_elite_arrow_locate_elements_desc
localize,#splashes/br_enemy_downed
localize,#splashes/br_enemy_eliminated
localize,#splashes/br_gulag_start
localize,#splashes/br_gulag_start_desc
localize,#splashes/br_gulag_team_in
localize,#splashes/br_gulag_winner
localize,#splashes/br_item_extract_desc
localize,#splashes/br_killstreak_purchased_desc
localize,#splashes/br_large_gulag_got_key_enemy
localize,#splashes/br_large_gulag_got_key_enemy_desc
localize,#splashes/br_large_gulag_got_key_self
localize,#splashes/br_large_gulag_got_key_self_desc
localize,#splashes/br_large_gulag_start
localize,#splashes/br_large_gulag_start_desc
localize,#splashes/br_mission_capture_the_objective
localize,#splashes/br_mission_reward_tier_up
localize,#hash_f571e242099b2a4
localize,#splashes/br_mission_timedrun_sale_available
localize,#splashes/br_mission_timer_expired
localize,#splashes/br_mobile_armory_active
localize,#splashes/br_prematch_welcome_splash_desc
localize,#splashes/br_prematch_welcome_splash_dmz_desc
localize,#splashes/br_prematch_welcome_splash_title
localize,#splashes/br_ready_jump_c130
localize,#splashes/br_respawn_start
localize,#splashes/br_sales_event
localize,#splashes/br_sales_event_all_desc
localize,#splashes/br_sales_event_selective_desc
localize,#splashes/br_satellite_truck_active
localize,#splashes/br_second_wind
localize,#splashes/br_spawn_match
localize,#splashes/br_teammate_down
localize,#splashes/br_teammate_revived
localize,#splashes/br_vehicle_repaired
localize,#splashes/br_vehicle_replaced
localize,#splashes/br_welcome_splash_desc
localize,#splashes/br_welcome_splash_title
localize,#splashes/brjugg_welcome
localize,#splashes/brjugg_welcome_desc
localize,#splashes/brking_welcome
localize,#splashes/brking_welcome_desc
localize,#splashes/brmini_welcome
localize,#splashes/brmini_welcome_desc
localize,#splashes/brtruck_welcome
localize,#splashes/brtruck_welcome_desc
localize,#splashes/bunkerbuster_stuck_desc
localize,#splashes/burnout
localize,#splashes/cap_hostage
localize,#splashes/cap_hostage_desc
localize,#splashes/capture
localize,#splashes/capture_kill
localize,#splashes/capture_neutral
localize,#splashes/capture_neutral_b
localize,#splashes/carrier_kill
localize,#splashes/cash_banked
localize,#splashes/chainkill
localize,#splashes/collected_bounty
localize,#splashes/combo
localize,#splashes/contract_complete
localize,#splashes/contract_complete_joint_ops_desc
localize,#splashes/contract_complete_team_0_desc
localize,#splashes/contract_complete_team_1_desc
localize,#splashes/contract_complete_team_2_desc
localize,#splashes/contract_complete_team_3_desc
localize,#splashes/contract_end
localize,#splashes/contract_start
localize,#splashes/cop_activate
localize,#splashes/cop_attack
localize,#splashes/cop_captured_enemy
localize,#splashes/cop_captured_friendly
localize,#splashes/cop_defend
localize,#splashes/cop_defused
localize,#splashes/cop_hold_enemy
localize,#splashes/cop_hold_friendly
localize,#splashes/cop_planted
localize,#splashes/cop_target
localize,#splashes/cp_mission_intel_complete
localize,#splashes/cp_mission_intel_expired
localize,#splashes/cp_mission_intel_mission_accepted
localize,#splashes/cp_mission_intel_mission_in_progress
localize,#splashes/cp_mission_intel_relocated
localize,#splashes/cp_mission_intel_spawned
localize,#splashes/cranked
localize,#splashes/dead_drop_reduced
localize,#splashes/defcon
localize,#splashes/defcon_four
localize,#splashes/defcon_one
localize,#splashes/defcon_three
localize,#splashes/defcon_two
localize,#splashes/defend
localize,#splashes/defender
localize,#splashes/defender_desc
localize,#splashes/defuse
localize,#splashes/denied
localize,#splashes/denied_desc
localize,#splashes/denied_kill
localize,#splashes/deployable_kiosk_destroyed
localize,#splashes/destroyed_ac130
localize,#splashes/destroyed_airdrop
localize,#splashes/destroyed_airdrop_multiple
localize,#splashes/destroyed_assault_drone
localize,#splashes/destroyed_auto_drone
localize,#splashes/destroyed_chopper_gunner
localize,#splashes/destroyed_cluster_spike
localize,#splashes/destroyed_cruise_predator
localize,#splashes/destroyed_cyberbombsite
localize,#splashes/destroyed_directional_uav
localize,#splashes/destroyed_escort_airdrop
localize,#splashes/destroyed_hover_jet
localize,#splashes/destroyed_insertion
localize,#splashes/destroyed_juggernaut
localize,#splashes/destroyed_objective
localize,#splashes/destroyed_pac_sentry
localize,#splashes/destroyed_scrambler_drone
localize,#splashes/destroyed_sentry_gun
localize,#splashes/destroyed_toma_strike
localize,#SPLASHES/DESTROYED_UAP
localize,#splashes/destroyed_uav
localize,#SPLASHES/DESTROYED_UFO
localize,#splashes/destroyed_vehicle_heavy
localize,#splashes/destroyed_vehicle_light
localize,#splashes/destroyed_vehicle_medium
localize,#splashes/destroyed_vehicle_tire
localize,#splashes/direct_hit
localize,#splashes/disabled_at_mine
localize,#splashes/disabled_bomb_drone
localize,#splashes/disabled_c4
localize,#splashes/disabled_claymore
localize,#splashes/disabled_cluster_spike
localize,#splashes/disabled_recon_drone
localize,#splashes/disabled_sentry_gun
localize,#splashes/disabled_smoke_airdrop
localize,#splashes/disabled_turret
localize,#splashes/disabled_vehicle_heavy
localize,#splashes/disabled_vehicle_light
localize,#splashes/disabled_vehicle_medium
localize,#splashes/disabled_wheelson
localize,#splashes/disguise_destroyed
localize,#splashes/dmz_bounty_complete
localize,#splashes/dmz_bounty_on_enemy_player
localize,#splashes/dmz_bounty_on_enemy_player_desc
localize,#splashes/dmz_bounty_on_enemy_player_increase
localize,#splashes/dmz_bounty_on_enemy_player_increase_desc
localize,#splashes/dmz_bounty_on_friendly_player
localize,#splashes/dmz_bounty_on_friendly_player_desc
localize,#splashes/dmz_bounty_on_friendly_player_increase
localize,#splashes/dmz_bounty_on_friendly_player_increase_desc
localize,#splashes/dmz_bunker_safe_started
localize,#splashes/dmz_bunker_safe_unlocked
localize,#splashes/dmz_chemist_revealed
localize,#splashes/dmz_chopper_boss_inbound
localize,#splashes/dmz_chopper_revealed
localize,#splashes/dmz_chopper_revealed_circle
localize,#splashes/dmz_contract_assigned
localize,#splashes/dmz_contract_complete
localize,#splashes/dmz_destroy_sam_invited
localize,#splashes/dmz_door_unlocked
localize,#splashes/dmz_exfil_ready
localize,#splashes/dmz_extraction_bonus
localize,#splashes/dmz_fortress_unlocked
localize,#hash_d49056e20560a7d
localize,#splashes/dmz_global_trap_start
localize,#splashes/dmz_hunt_contract_revealed
localize,#splashes/dmz_jugg_boss_inbound
localize,#splashes/dmz_jugg_revealed
localize,#splashes/dmz_laser_trap_defused
localize,#splashes/dmz_laser_trap_disabled
localize,#splashes/dmz_limited_edition_weapon
localize,#splashes/dmz_limited_edition_weapon_desc
localize,#splashes/dmz_lootbox_extracted_chemist
localize,#splashes/dmz_lootbox_extracted_generic
localize,#hash_3d914887020e3f67
localize,#splashes/dmz_lootbox_extracted_jugg
localize,#hash_bc7d9155662d1d1
localize,#hash_2b9a3a966e61d762
localize,#splashes/dmz_poi_visited
localize,#splashes/dmz_pyro_revealed
localize,#splashes/dmz_rat_revealed
localize,#splashes/dmz_rusher_revealed
localize,#splashes/dmz_safe_defend_assigned
localize,#splashes/dmz_safe_defend_started
localize,#splashes/dmz_safe_defend_success
localize,#splashes/dmz_safe_defend_unlocked
localize,#splashes/dmz_safe_opened
localize,#splashes/dmz_safes_revealed
localize,#splashes/dmz_stronghold_unlocked
localize,#splashes/dmz_supply_drop_opened
localize,#hash_35c75f7c782012d
localize,#splashes/dmz_trap_defused
localize,#splashes/dmz_trap_destroyed
localize,#splashes/dmz_trapper_boss_key_gained
localize,#splashes/dmz_trapper_revealed
localize,#splashes/dmz_uav_tower_activated_others
localize,#splashes/dmz_uav_tower_activated_team
localize,#splashes/dmz_uav_tower_used
localize,#splashes/dog_tag_kill_confirm
localize,#splashes/dog_tag_recovered
localize,#splashes/donut
localize,#splashes/double_battle_xp
localize,#splashes/double_keys
localize,#splashes/double_kill_short
localize,#splashes/double_mission_xp
localize,#splashes/double_weapon_xp
localize,#splashes/double_xp
localize,#splashes/downed_player
localize,#splashes/downed_victim
localize,#splashes/dropped_enemy_gun_rank
localize,#splashes/dropped_gun_rank
localize,#splashes/dz_hold
localize,#splashes/dz_secured
localize,#splashes/earned_unlock_desc
localize,#splashes/eight_kill_short
localize,#splashes/eliminated
localize,#splashes/eliminated_an_enemy
localize,#splashes/emp_defused
localize,#splashes/emp_defused_desc
localize,#splashes/emp_defused_enemy
localize,#splashes/emp_defused_enemy_desc
localize,#splashes/emp_pickup
localize,#splashes/emp_pickup_desc
localize,#splashes/emp_pickup_enemy
localize,#splashes/emp_pickup_enemy_desc
localize,#splashes/emp_planted
localize,#splashes/emp_planted_desc
localize,#splashes/emp_planted_enemy
localize,#splashes/emp_planted_enemy_desc
localize,#splashes/emped_killstreak
localize,#splashes/emped_player
localize,#splashes/emped_vehicle
localize,#splashes/en_defcon
localize,#splashes/enemy_cap_hostage
localize,#splashes/enemy_hostage
localize,#splashes/enemy_hostage_desc
localize,#splashes/esc_challenge_complete
localize,#splashes/execution
localize,#splashes/exfil_arm_start_losers
localize,#splashes/exfil_arm_start_winners
localize,#splashes/exfil_bmo_start_winners
localize,#splashes/exfil_start_losers
localize,#splashes/exfil_start_winners
localize,#splashes/exfil_success
localize,#splashes/final_survivor
localize,#splashes/first_infected
localize,#splashes/first_infected_desc
localize,#splashes/first_survivor
localize,#splashes/first_survivor_desc
localize,#splashes/firstblood
localize,#splashes/five_kill_short
localize,#splashes/flag_capture
localize,#splashes/flag_force_timer
localize,#splashes/flag_grab
localize,#splashes/flag_hold_timer_en
localize,#splashes/flag_hold_timer_fr
localize,#splashes/flagpickup
localize,#splashes/flagpickup_desc
localize,#splashes/flagreturn
localize,#splashes/flagreturn_desc
localize,#splashes/flare_gun_attacker_stuck_desc
localize,#splashes/fr_defcon
localize,#splashes/frenzykill
localize,#splashes/front_flip
localize,#splashes/furykill
localize,#splashes/gained_gun_rank
localize,#splashes/generic_perk_upgrade
localize,#hash_7840609893eed5d9
localize,#splashes/got_infected
localize,#splashes/gwtdm_carepackages_inc
localize,#splashes/gwtdm_tier2_agents
localize,#splashes/gwtdm_tier3_agents
localize,#splashes/gwtdm_vehicle_inc
localize,#splashes/gwtdm_vehicles2_inc
localize,#splashes/hijacked_airdrop
localize,#splashes/hijacker
localize,#splashes/hijacker_desc
localize,#splashes/hitman_kill
localize,#splashes/hitman_kill_all_desc
localize,#splashes/hitman_kill_desc
localize,#splashes/hitman_kill_single_desc
localize,#splashes/hp_hold
localize,#splashes/hp_quick_cap
localize,#splashes/hp_secured
localize,#splashes/hq_capture
localize,#splashes/hq_captured
localize,#splashes/hq_captured_desc
localize,#splashes/hq_destroy
localize,#splashes/hq_destroyed
localize,#splashes/hq_new
localize,#splashes/hq_secured
localize,#SPLASHES/HVT_KILL
localize,#splashes/hvt_rank_demotion
localize,#splashes/hvt_rank_up_1
localize,#splashes/hvt_rank_up_2
localize,#splashes/hvt_rank_up_3
localize,#splashes/hvt_rank_up_4
localize,#splashes/hvt_rank_up_5
localize,#splashes/hvt_rank_up_6
localize,#splashes/infect_all
localize,#splashes/infect_super_ti_set
localize,#splashes/infected_survivor
localize,#splashes/interrogation_desc
localize,#splashes/interrogation_signal_lost
localize,#splashes/interrogation_signal_lost_desc
localize,#splashes/interrogation_squad_marked_strength
localize,#splashes/jugg_capture
localize,#splashes/jugg_captured
localize,#splashes/jugg_down_en
localize,#splashes/jugg_down_fr
localize,#splashes/jugg_lost
localize,#splashes/jugg_player
localize,#splashes/jugg_player_desc
localize,#hash_6266a3489de27a52
localize,#splashes/kill_confirmed
localize,#splashes/kill_cranked
localize,#splashes/kill_streaking
localize,#splashes/killed_carrier
localize,#splashes/killed_emp_carrier
localize,#splashes/killed_flag_carrier
localize,#splashes/killed_flag_carrier_desc
localize,#splashes/killed_ko_carrier
localize,#splashes/killstreak_use
localize,#splashes/kiosk_purchase
localize,#splashes/ko_force_timer
localize,#splashes/ko_hold_timer_en
localize,#splashes/ko_hold_timer_fr
localize,#splashes/ko_obj_grab
localize,#splashes/ko_obj_pickup
localize,#splashes/ko_obj_pickup_desc
localize,#splashes/ko_obj_pickup_desc_enemy
localize,#splashes/ko_obj_pickup_enemy
localize,#splashes/ko_obj_pickup_friendly
localize,#splashes/lap_1
localize,#splashes/lap_2
localize,#splashes/lap_3
localize,#splashes/lap_4
localize,#splashes/lap_5
localize,#splashes/lap_final
localize,#splashes/last_enemy_alive
localize,#splashes/last_enemy_alive_desc
localize,#splashes/last_stand_kill
localize,#splashes/last_team_member_alive
localize,#splashes/last_team_member_alive_desc
localize,#splashes/left_flip
localize,#splashes/looted
localize,#splashes/looted_special
localize,#splashes/manual_flare_missile_redirect
localize,#splashes/megakill
localize,#splashes/mission_completion_helper
localize,#splashes/mission_completion_helper_desc
localize,#splashes/mo_money_kill
localize,#splashes/mo_money_kill_desc
localize,#splashes/molotov_stuck_desc
localize,#splashes/munitions_box_teammate_used
localize,#splashes/nac_nac_left
localize,#splashes/nac_nac_right
localize,#splashes/nine_kill_short
localize,#splashes/ninja_defuse
localize,#splashes/ninja_defuse_desc
localize,#splashes/nuke_kill
localize,#splashes/nuke_kill_desc
localize,#splashes/nuke_kill_single_desc
localize,#splashes/nuke_landed
localize,#splashes/objective_new
localize,#splashes/objective_update
localize,#splashes/package_pickup
localize,#splashes/penetration_kill
localize,#splashes/perk_marked_target
localize,#splashes/plant
localize,#splashes/player_hostage
localize,#splashes/player_hostage_desc
localize,#splashes/plea_confirm_ping
localize,#splashes/plea_for_help_requested
localize,#splashes/proximityassist
localize,#splashes/proximitykill
localize,#splashes/quad_kill_short
localize,#splashes/radio_used
localize,#splashes/rally_spawn_apc
localize,#splashes/rally_spawn_boat
localize,#splashes/rally_spawn_heli
localize,#splashes/recon_enemy_marked
localize,#splashes/recon_equipment_marked
localize,#splashes/recon_killstreak_marked
localize,#splashes/refresh_kill
localize,#splashes/refresh_kill_desc
localize,#splashes/refresh_kill_single_desc
localize,#splashes/restart_the_drill
localize,#splashes/resurgence_audacious_kill
localize,#splashes/resurgence_fearless_kill
localize,#splashes/resurgence_hunter
localize,#splashes/resurgence_hunter_double
localize,#splashes/resurgence_hunter_spree
localize,#splashes/resurgence_on_the_move
localize,#splashes/revived
localize,#splashes/reviver
localize,#splashes/reviver_desc
localize,#splashes/right_flip
localize,#splashes/risk_absorbed_team
localize,#splashes/risk_oither_teams
localize,#splashes/risk_oither_teams_desc
localize,#splashes/risk_top_team
localize,#splashes/risk_top_team_desc
localize,#splashes/saved_objective
localize,#splashes/scavenged_xp
localize,#splashes/scorpion_trophy_banked
localize,#splashes/scorpion_trophy_collected
localize,#splashes/scorpion_trophy_collected_max
localize,#splashes/scorpion_trophy_collected_max_br_desc
localize,#splashes/scorpion_trophy_collected_max_core_desc
localize,#splashes/scorpion_trophy_collected_max_plunder_desc
localize,#splashes/scorpion_trophy_denied
localize,#splashes/scorpion_trophy_recovered
localize,#splashes/scrap_assist
localize,#splashes/secured_position
localize,#splashes/secured_position_a
localize,#splashes/secured_position_b
localize,#splashes/secured_position_c
localize,#splashes/secured_position_d
localize,#splashes/secured_position_e
localize,#splashes/seven_kill_short
localize,#splashes/shieldassist
localize,#splashes/shieldassist_desc
localize,#splashes/six_kill_short
localize,#hash_6495888ab45c4769
localize,#splashes/soccer_goal_them
localize,#splashes/soccer_goal_us
localize,#splashes/soccer_multiball
localize,#splashes/sound_veil_effect
localize,#splashes/specialty_quickdraw
localize,#splashes/specialty_quickdraw_desc
localize,#splashes/specialty_scavenger
localize,#splashes/specialty_scavenger_desc
localize,#splashes/specialty_specialist
localize,#splashes/specialty_specialist_desc
localize,#splashes/specialty_steadyaim
localize,#splashes/specialty_steadyaim_desc
localize,#splashes/squad_spawn
localize,#splashes/sr_ally_eliminated
localize,#splashes/sr_ally_respawned
localize,#splashes/sr_eliminated
localize,#splashes/sr_enemy_eliminated
localize,#splashes/sr_enemy_respawned
localize,#splashes/sr_respawned
localize,#splashes/stoppie
localize,#splashes/stopping_power_loaded
localize,#splashes/stronghold_hero_caves
localize,#splashes/stronghold_hero_civic_center
localize,#splashes/stronghold_hero_control_tower
localize,#SPLASHES/STRONGHOLD_HERO_DELTA_AQUARIUM
localize,#SPLASHES/STRONGHOLD_HERO_DELTA_CASTLE
localize,#SPLASHES/STRONGHOLD_HERO_DELTA_CITYHALL
localize,#SPLASHES/STRONGHOLD_HERO_DELTA_FIRESTATION
localize,#SPLASHES/STRONGHOLD_HERO_DELTA_FLEAMARKET
localize,#SPLASHES/STRONGHOLD_HERO_DELTA_FLOATINGHOUSE
localize,#SPLASHES/STRONGHOLD_HERO_DELTA_LIBRARY
localize,#SPLASHES/STRONGHOLD_HERO_DELTA_MARINA
localize,#SPLASHES/STRONGHOLD_HERO_DELTA_NEWMUSEUM
localize,#SPLASHES/STRONGHOLD_HERO_DELTA_OLDMUSEUM
localize,#SPLASHES/STRONGHOLD_HERO_DELTA_POLICESTATION
localize,#SPLASHES/STRONGHOLD_HERO_DELTA_STADIUM
localize,#SPLASHES/STRONGHOLD_HERO_DELTA_TERMINAL
localize,#SPLASHES/STRONGHOLD_HERO_DELTA_TRAINSTATION
localize,#splashes/stronghold_hero_embassy
localize,#splashes/stronghold_hero_entering
localize,#splashes/stronghold_hero_exhume_warehouse
localize,#splashes/stronghold_hero_fort_underground
localize,#splashes/stronghold_hero_oilfield
localize,#splashes/stronghold_hero_police_academy
localize,#splashes/stronghold_hero_post_office_stronghold
localize,#splashes/stronghold_hero_resort_entrance
localize,#SPLASHES/STRONGHOLD_HERO_SEALION_CASTLE
localize,#SPLASHES/STRONGHOLD_HERO_SEALION_CITYHALL
localize,#splashes/stronghold_hero_ship
localize,#splashes/stronghold_hero_sira_mall
localize,#splashes/stronghold_hero_terminal
localize,#splashes/stronghold_infil_contract_accepted_desc
localize,#splashes/stronghold_infil_contract_completed
localize,#splashes/stronghold_infil_contract_failed
localize,#splashes/stronghold_infil_contract_none
localize,#splashes/stronghold_infil_contract_poached
localize,#splashes/strongholds_infil_contract_accepted
localize,#splashes/stuck_semtex
localize,#splashes/stuck_semtex_desc
localize,#splashes/stuck_shock_stick_desc
localize,#splashes/stuck_sonar_desc
localize,#splashes/super_bamboozle
localize,#splashes/super_bamboozle_assist
localize,#splashes/super_battlerage_extend
localize,#splashes/superkill
localize,#splashes/superman
localize,#splashes/suppression_rounds_activated
localize,#splashes/survivor
localize,#hash_2623240716467497
localize,#splashes/tac_insert_fail_br_too_far
localize,#splashes/tac_insert_success_br
localize,#splashes/tactical_camera_enemy_agent_marked
localize,#splashes/tactical_camera_enemy_killed_assist
localize,#splashes/tactical_camera_enemy_player_marked
localize,#splashes/tag_collected
localize,#splashes/tag_denied
localize,#splashes/tags_retrieved
localize,#splashes/team_collected
localize,#splashes/team_confirmed
localize,#splashes/team_hostage
localize,#splashes/team_hostage_desc
localize,#splashes/team_wiped
localize,#splashes/teamkill
localize,#splashes/tempered_plate_broken
localize,#splashes/thermite_attacker_stuck_desc
localize,#splashes/thermite_victim_stuck_desc
localize,#splashes/three_plate_broken
localize,#splashes/time_added
localize,#splashes/time_added_desc
localize,#splashes/timeadded
localize,#splashes/top_gun_rank
localize,#splashes/train_safe_under_attack
localize,#splashes/triple_kill_short
localize,#splashes/triplekill
localize,#splashes/ultrakill
localize,#splashes/used_smoke_airdrop
localize,#splashes/vehicle_critical_damage
localize,#splashes/vip_ai_kill_popup
localize,#splashes/vip_boss_kill_popup
localize,#splashes/vip_kill_popup
localize,#splashes/vip_loot_popup
localize,#splashes/warning
localize,#splashes/weapon_box_teammate_used
localize,#splashes/weapon_ranked_up
localize,#splashes/weapon_ranked_up_desc
localize,#splashes/wheelie
localize,#splashes/youve_been_eliminated
localize,#splashes/zones_scored_enemy
localize,#splashes/zones_scored_friendly
localize,#hash_361e76eb84c08b5d
localize,#hash_2bf183c65419a5e9
localize,#hash_67fb542485f10cfc
localize,#hash_79f6f5a5cbd43652
localize,#hash_3615babc6fe281e0
localize,#hash_8635f92f14cf891
localize,#hash_5b05eacc249dfa38
localize,#hash_1de7a6b90bcaa3cd
localize,#hash_3ba6c7c5740d5097
localize,#hash_486f93710b9419e3
localize,#hash_486f94710b941b96
localize,#hash_32ba531a7dded48f
localize,#hash_5a96a607256682bc
localize,#hash_24da88fdb3772942
localize,#hash_24c21c3966792a19
localize,#hash_45d40c7440f1b930
localize,#hash_713151a404ab951d
localize,#hash_269fd06b981ab326
localize,#hash_5d6d31a6484cd606
localize,#hash_1cebac85ff42dfaa
localize,#hash_6ad06b0293266eee
localize,#hash_6ae79d8b8b8f87e8
localize,#hash_4a69718a0d37cad7
localize,#hash_36aceb633b3f4b65
localize,#hash_7d6ff8d0c082bc5b
localize,#hash_3e93b027af875c0c
localize,#hash_1088e2243e91197d
localize,#hash_30fc7508e9319d01
localize,#hash_725fece77b8e84ac
localize,#hash_1bdba96ae957c315
localize,#hash_d61c72f87164d48
localize,#hash_6d2734da3bf0f233
localize,#hash_7ea371b1745d85d9
localize,#hash_690051c871bfee9
localize,#hash_4328827c97a33d7
localize,#hash_500a1b3ed3a1866b
localize,#hash_76f3bca2532d63e0
localize,#hash_11b9997550448be8
localize,#hash_1473c0e5f76192ed
localize,#hash_a27e56b25da4e74
localize,#hash_a27e86b25da538d
localize,#hash_a27e76b25da51da
localize,#hash_7400b46baa4bc471
localize,#hash_7400b16baa4bbf58
localize,#hash_7400b26baa4bc10b
localize,#hash_24906fe5b8364302
localize,#hash_79ba2c8f02324615
localize,#hash_79ba298f023240fc
localize,#hash_79ba2a8f023242af
localize,#hash_18fb40d664ea1a3a
localize,#hash_18fb3fd664ea1887
localize,#hash_18fb3ed664ea16d4
localize,#hash_12e07600aa818c71
localize,#hash_2066c9ae84f27b38
localize,#hash_2066ccae84f28051
localize,#hash_2066cbae84f27e9e
localize,#hash_751078ae6c648895
localize,#hash_751075ae6c64837c
localize,#hash_751076ae6c64852f
localize,#hash_745ce500e258cdc6
localize,#hash_6f57008b147e06f1
localize,#hash_6f56fd8b147e01d8
localize,#hash_6f56fe8b147e038b
localize,#hash_789c755aebed3426
localize,#hash_789c745aebed3273
localize,#hash_789c735aebed30c0
localize,#hash_4ee27a1d416fbd80
localize,#hash_20a7e196bab74c69
localize,#hash_20a7de96bab74750
localize,#hash_20a7df96bab74903
localize,#hash_42aca29685da4d5c
localize,#hash_42aca59685da5275
localize,#hash_42aca49685da50c2
localize,#hash_4254cb1d83a13b7f
localize,#hash_1e111ab4f5088040
localize,#hash_1e111db4f5088559
localize,#hash_1e111cb4f50883a6
localize,#hash_10210d010ea3f39f
localize,#hash_10210e010ea3f552
localize,#hash_10210f010ea3f705
localize,#hash_2c04d5f34f6874e4
localize,#hash_668bd0c951ee8cbd
localize,#hash_668bcdc951ee87a4
localize,#hash_668bcec951ee8957
localize,#hash_96a71c91dcafb10
localize,#hash_96a74c91dcb0029
localize,#hash_96a73c91dcafe76
localize,#hash_4daa36f31a3a3e33
localize,#hash_2d779a5c52baf2c
localize,#hash_2d77ca5c52bb445
localize,#hash_2d77ba5c52bb292
localize,#hash_6a28fd81bb1283cb
localize,#hash_6a28fe81bb12857e
localize,#hash_6a28ff81bb128731
localize,#hash_4fa27e1e3180349
localize,#hash_4fa24e1e317fe30
localize,#hash_3934d7a0728ca6e5
localize,#hash_3934d4a0728ca1cc
localize,#hash_35726a2198de0c73
localize,#hash_35726b2198de0e26
localize,#hash_2d55edd58e9fd0dc
localize,#hash_2d55f0d58e9fd5f5
localize,#hash_b0a3d4b7c72f034
localize,#hash_b0a404b7c72f54d
localize,#hash_6fcf46315806da8e
localize,#hash_6fcf45315806d8db
localize,#hash_6fcf44315806d728
localize,#hash_39f5b34dd876f0da
localize,#hash_39f5b24dd876ef27
localize,#hash_39f5b14dd876ed74
localize,#hash_39f5b04dd876ebc1
localize,#hash_6a3cc9ebe6cb6edc
localize,#hash_6a3cccebe6cb73f5
localize,#hash_6a3ccbebe6cb7242
localize,#hash_6a3cc6ebe6cb69c3
localize,#hash_6a3cc5ebe6cb6810
localize,#hash_6a3cc8ebe6cb6d29
localize,#hash_3da50706e394d923
localize,#hash_1823a4dc0ff455cd
localize,#hash_3a86cc5dc86557ba
localize,#hash_3a86cb5dc8655607
localize,#hash_3a86ca5dc8655454
localize,#hash_7ed6af56632cc0b6
localize,#hash_7ed6ae56632cbf03
localize,#hash_7ed6ad56632cbd50
localize,#hash_7ed6b456632cc935
localize,#hash_5abeede02e4e1e78
localize,#hash_5abef0e02e4e2391
localize,#hash_5abeefe02e4e21de
localize,#hash_5abef2e02e4e26f7
localize,#hash_5abef1e02e4e2544
localize,#hash_5abef4e02e4e2a5d
localize,#hash_4dde89cff18cd87f
localize,#hash_25a61fe7cd7003b9
localize,#hash_275a0bbc11c9be97
localize,#hash_275a0cbc11c9c04a
localize,#hash_275a0dbc11c9c1fd
localize,#hash_45d49bde68501913
localize,#hash_45d49cde68501ac6
localize,#hash_45d49dde68501c79
localize,#hash_45d49ede68501e2c
localize,#hash_5e0830a1351ceff9
localize,#hash_5e082da1351ceae0
localize,#hash_5e082ea1351cec93
localize,#hash_5e0833a1351cf512
localize,#hash_5e0834a1351cf6c5
localize,#hash_5e0831a1351cf1ac
localize,#hash_58ba61331b6c45e2
localize,#hash_55ab935cb6966f60
localize,#hash_6a6e085b013cd5e3
localize,#hash_6a6e095b013cd796
localize,#hash_6a6e0a5b013cd949
localize,#hash_715bc16313402a3f
localize,#hash_715bc26313402bf2
localize,#hash_715bc36313402da5
localize,#hash_715bbc63134021c0
localize,#hash_6615e48986b8fd85
localize,#hash_6615e18986b8f86c
localize,#hash_6615e28986b8fa1f
localize,#hash_6615df8986b8f506
localize,#hash_6615e08986b8f6b9
localize,#hash_6615dd8986b8f1a0
localize,#hash_5300c61c1b47bffe
localize,#hash_4ea06003038153bc
localize,#hash_208057dc2e71211d
localize,#hash_27a27fdc320c392a
localize,#hash_3d2fe542096ed8c9
localize,#hash_4876ed42108fbf7e
localize,#hash_6512490831c5d5cb
localize,#hash_4c00cd0823d5de0c
localize,#hash_74805b1899547034
localize,#hash_6cd5331895440b8f
localize,#hash_429307fa93ee7cec
localize,#hash_3ab1dffa8fb088d7
localize,#hash_3d6fc4882b05a853
localize,#hash_3d91c4882b228eb9
localize,#hash_6dbd00184bdb7c17
localize,#hash_6dbd01184bdb7dca
localize,#hash_6dbd02184bdb7f7d
localize,#hash_7e963185abc8410
localize,#hash_7e966185abc8929
localize,#hash_7e965185abc8776
localize,#hash_449b71abd3637dd7
localize,#hash_449b72abd3637f8a
localize,#hash_449b73abd363813d
localize,#hash_1d8f749ee386fe12
localize,#hash_1d8f739ee386fc5f
localize,#hash_1d8f729ee386faac
localize,#hash_4196909ef852d4a6
localize,#hash_41968f9ef852d2f3
localize,#hash_41968e9ef852d140
localize,#hash_162a0740d548ff16
localize,#hash_162a0640d548fd63
localize,#hash_162a0540d548fbb0
localize,#hash_70f8df2f15faf440
localize,#hash_70f8e22f15faf959
localize,#hash_70f8e12f15faf7a6
localize,#hash_380027781848fa07
localize,#hash_380028781848fbba
localize,#hash_380029781848fd6d
localize,#hash_13f8eb78037ced13
localize,#hash_13f8ec78037ceec6
localize,#hash_13f8ed78037cf079
localize,#hash_1c68408818c596d5
localize,#hash_5b1a8c7109b5eb37
localize,#hash_5b1a8d7109b5ecea
localize,#hash_5b1a8e7109b5ee9d
localize,#hash_109b3c600ed64a69
localize,#hash_109b39600ed64550
localize,#hash_109b3a600ed64703
localize,#hash_1cc720881915f4f9
localize,#hash_66a45787f9cf6c8d
localize,#hash_66a45487f9cf6774
localize,#hash_66a45587f9cf6927
localize,#hash_54822187ef4f663c
localize,#hash_336e166ecd0951af
localize,#hash_336e176ecd095362
localize,#hash_336e186ecd095515
localize,#hash_3abccb6ed0ca943e
localize,#hash_3abcca6ed0ca928b
localize,#hash_3abcc96ed0ca90d8
localize,#hash_42e5646ed5454af9
localize,#hash_42e5616ed54545e0
localize,#hash_42e5626ed5454793
localize,#hash_4d9a196edbe9b688
localize,#hash_4d9a1c6edbe9bba1
localize,#hash_4d9a1b6edbe9b9ee
localize,#hash_3790fe88707095c4
localize,#hash_379106887070a35c
localize,#hash_379b20887079240f
localize,#hash_379b188870791677
localize,#hash_379802887076bb3e
localize,#hash_37980a887076c8d6
localize,#hash_6c2fc699ac1d74aa
localize,#hash_6c2fc599ac1d72f7
localize,#hash_6c2fc499ac1d7144
localize,#hash_64079199a7a367db
localize,#hash_64079299a7a3698e
localize,#hash_64079399a7a36b41
localize,#hash_59525899a0fe1c00
localize,#hash_59525b99a0fe2119
localize,#hash_59525a99a0fe1f66
localize,#hash_37b00588708b5238
localize,#hash_37b32f88708dcf6d
localize,#hash_37b32c88708dca54
localize,#hash_37b32d88708dcc07
localize,#hash_dcc1aa0030e2a15
localize,#hash_43751069527fe06f
localize,#hash_4360f069526f0105
localize,#hash_6ea95bdbcf90d9db
localize,#hash_6ea95cdbcf90db8e
localize,#hash_6ea95ddbcf90dd41
localize,#hash_435306dbb702e06c
localize,#hash_435309dbb702e585
localize,#hash_435308dbb702e3d2
localize,#hash_47423cf301f8c9e3
localize,#hash_47423df301f8cb96
localize,#hash_47423ef301f8cd49
localize,#hash_5abe47e23bf657b6
localize,#hash_5abe46e23bf65603
localize,#hash_5abe45e23bf65450
localize,#hash_3a1cabe22a0cd0a2
localize,#hash_3a1caae22a0cceef
localize,#hash_3a1ca9e22a0ccd3c
localize,#hash_6d3772c97aa551ba
localize,#hash_6d3771c97aa55007
localize,#hash_6d3770c97aa54e54
localize,#hash_5b82eab856e5f484
localize,#hash_5b82edb856e5f99d
localize,#hash_5b82ecb856e5f7ea
localize,#hash_4ad03aba36b8a8eb
localize,#hash_4ad03bba36b8aa9e
localize,#hash_4ad03cba36b8ac51
localize,#hash_62f9c6b9fbf0088f
localize,#hash_62f9c7b9fbf00a42
localize,#hash_62f9c8b9fbf00bf5
localize,#hash_6716b46966f5eae9
localize,#hash_34be97f602849bbb
localize,#hash_34be98f602849d6e
localize,#hash_34be99f602849f21
localize,#hash_3e2da7e3cc33f20d
localize,#hash_3e2da4e3cc33ecf4
localize,#hash_3e2da5e3cc33eea7
localize,#hash_6723946967003ee5
localize,#hash_311cb36947d20869
localize,#hash_311cb06947d20350
localize,#hash_311cb16947d20503
localize,#hash_1f4b8d693d967470
localize,#hash_51f0463b58a9cf3
localize,#hash_51f0563b58a9ea6
localize,#hash_51f0663b58aa059
localize,#hash_c6e3963b94cb902
localize,#hash_c6e3863b94cb74f
localize,#hash_c6e3763b94cb59c
localize,#hash_14967263bdc6cc9d
localize,#hash_14966f63bdc6c784
localize,#hash_14967063bdc6c937
localize,#hash_59c8cf639cfcd9e4
localize,#hash_59c8d2639cfcdefd
localize,#hash_59c8d1639cfcdd4a
localize,#hash_6cd9726921727528
localize,#hash_6cd95a6921724c60
localize,#hash_6ce35469217a96b3
localize,#hash_6ce36c69217abf7b
localize,#hash_6ce0766921789aa2
localize,#hash_6ce06e6921788d0a
localize,#hash_3c8ef44be1ade636
localize,#hash_3c8ef34be1ade483
localize,#hash_3c8ef24be1ade2d0
localize,#hash_353fdf4bddec0087
localize,#hash_353fe04bddec023a
localize,#hash_353fe14bddec03ed
localize,#hash_2d17a64bd971ecec
localize,#hash_2d17a94bd971f205
localize,#hash_2d17a84bd971f052
localize,#hash_6cc16169215dc664
localize,#hash_6cc54b69216189d9
localize,#hash_6cc54869216184c0
localize,#hash_6cc5496921618673
localize,#hash_3e76e63fb2f2d981
localize,#hash_c6394fa72cdbb46
localize,#hash_c8594fa72eaa1ac
localize,#hash_a1029ae20b5d9e6
localize,#hash_a1028ae20b5d833
localize,#hash_a1027ae20b5d680
localize,#hash_35667eae3943d355
localize,#hash_35667bae3943ce3c
localize,#hash_35667cae3943cfef
localize,#hash_313e3a0b1e6cfb6a
localize,#hash_313e390b1e6cf9b7
localize,#hash_313e380b1e6cf804
localize,#hash_56b336fe1187a2b3
localize,#hash_56b337fe1187a466
localize,#hash_56b338fe1187a619
localize,#hash_7abaf2fe26548927
localize,#hash_7abaf3fe26548ada
localize,#hash_7abaf4fe26548c8d
localize,#hash_3669e3b07cc0f0c3
localize,#hash_3669e4b07cc0f276
localize,#hash_3669e5b07cc0f429
localize,#hash_56bb139ee4e14435
localize,#hash_56bb109ee4e13f1c
localize,#hash_56bb119ee4e140cf
localize,#hash_66ec2a6313f71d5e
localize,#hash_66ec296313f71bab
localize,#hash_66ec286313f719f8
localize,#hash_4ec29e634ebfbdba
localize,#hash_4ec29d634ebfbc07
localize,#hash_4ec29c634ebfba54
localize,#hash_30de38fa87fbb680
localize,#hash_6cc585cf661097a2
localize,#hash_6cc584cf661095ef
localize,#hash_6cc583cf6610943c
localize,#hash_47945dbda6c28ccc
localize,#hash_479460bda6c291e5
localize,#hash_47945fbda6c29032
localize,#hash_309a58fa87c22014
localize,#hash_634a49faa41b391c
localize,#hash_634a4cfaa41b3e35
localize,#hash_634a4bfaa41b3c82
localize,#hash_7579d7faaea65f51
localize,#hash_306b9a9a459728d2
localize,#hash_306b999a4597271f
localize,#hash_306b989a4597256c
localize,#hash_25b6e59a3ef2bd43
localize,#hash_25b6e69a3ef2bef6
localize,#hash_25b6e79a3ef2c0a9
localize,#hash_1f414c9a3be99b08
localize,#hash_1f414f9a3be9a021
localize,#hash_1f414e9a3be99e6e
localize,#hash_148c979a35452f79
localize,#hash_148c949a35452a60
localize,#hash_148c959a35452c13
localize,#hash_28587afacb266491
localize,#hash_285882facb267229
localize,#hash_285b98facb28cd62
localize,#hash_285b90facb28bfca
localize,#hash_285f76facb2c7c73
localize,#hash_285f8efacb2ca53b
localize,#hash_2208ca70a082e6f7
localize,#hash_2208cb70a082e8aa
localize,#hash_2208cc70a082ea5d
localize,#hash_287ddf70a38b28e6
localize,#hash_287dde70a38b2733
localize,#hash_287ddd70a38b2580
localize,#hash_33331870aa3074c1
localize,#hash_33331570aa306fa8
localize,#hash_33331670aa30715b
localize,#hash_2839a3facb0bf9ad
localize,#hash_284491facb15e29c
localize,#hash_284494facb15e7b5
localize,#hash_284493facb15e602
localize,#hash_12549f66c4fb3dc8
localize,#hash_7e0e7fb66c94b332
localize,#hash_7dfa9fb66c844088
localize,#hash_38114390e239599a
localize,#hash_38114290e23957e7
localize,#hash_38114190e2395634
localize,#hash_1de54090d358f4c1
localize,#hash_1de53d90d358efa8
localize,#hash_1de53e90d358f15b
localize,#hash_5c59c2ddb7e585e6
localize,#hash_5c59c1ddb7e58433
localize,#hash_5c59c0ddb7e58280
localize,#hash_1dd637cbea7016d7
localize,#hash_1dd638cbea70188a
localize,#hash_1dd639cbea701a3d
localize,#hash_7aa87bcbd65cd423
localize,#hash_7aa87ccbd65cd5d6
localize,#hash_7aa87dcbd65cd789
localize,#hash_6ddbdcc618071187
localize,#hash_6ddbddc61807133a
localize,#hash_6ddbdec6180714ed
localize,#hash_774accb3e1b63179
localize,#hash_774ac9b3e1b62c60
localize,#hash_774acab3e1b62e13
localize,#hash_5c0ec2dbefb0e062
localize,#hash_5c0ec1dbefb0deaf
localize,#hash_5c0ec0dbefb0dcfc
localize,#hash_165edc047d9076
localize,#hash_165ddc047d8ec3
localize,#hash_165cdc047d8d10
localize,#hash_59a1fbb657732bb4
localize,#hash_513915818d4782e6
localize,#hash_513914818d478133
localize,#hash_513913818d477f80
localize,#hash_2ce1ed6fceb31bd0
localize,#hash_2ce1f06fceb320e9
localize,#hash_2ce1ef6fceb31f36
localize,#hash_59e5dbb657acc220
localize,#hash_2f164b626537048
localize,#hash_2f167b626537561
localize,#hash_2f166b6265373ae
localize,#hash_150662b630c88d15
localize,#hash_acf5407cdb07936
localize,#hash_acf5307cdb07783
localize,#hash_acf5207cdb075d0
localize,#hash_3803f07c9ee9387
localize,#hash_3804007c9ee953a
localize,#hash_3804107c9ee96ed
localize,#hash_7b580607c5747fec
localize,#hash_7b580907c5748505
localize,#hash_7b580807c5748352
localize,#hash_36252907e63d9925
localize,#hash_36252607e63d940c
localize,#hash_36252707e63d95bf
localize,#hash_3eaf1db5fff585d5
localize,#hash_3eaf15b5fff5783d
localize,#hash_3eb1fbb5fff781e6
localize,#hash_3eb213b5fff7aaae
localize,#hash_3eb5f9b5fffb6757
localize,#hash_3eb601b5fffb74ef
localize,#hash_535f641fa18d2ff3
localize,#hash_535f651fa18d31a6
localize,#hash_535f661fa18d3359
localize,#hash_5aae991fa54f4c02
localize,#hash_5aae981fa54f4a4f
localize,#hash_5aae971fa54f489c
localize,#hash_62d6d21fa9c95f9d
localize,#hash_62d6cf1fa9c95a84
localize,#hash_62d6d01fa9c95c37
localize,#hash_3e900eb5ffdabbc9
localize,#hash_3e9afcb5ffe4a4b8
localize,#hash_3e9affb5ffe4a9d1
localize,#hash_3e9afeb5ffe4a81e
localize,#hash_225d9e00b5ddd94
localize,#hash_3ccfffd644fe8710
localize,#hash_3cd002d644fe8c29
localize,#hash_3cd001d644fe8a76
localize,#hash_562286d653262875
localize,#hash_562283d65326235c
localize,#hash_562284d65326250f
localize,#hash_4df9edd64eab71ba
localize,#hash_4df9ecd64eab7007
localize,#hash_4df9ebd64eab6e54
localize,#hash_16938fbe847b3fb3
localize,#hash_169390be847b4166
localize,#hash_169391be847b4319
localize,#hash_2148c4be8b2084c2
localize,#hash_2148c3be8b20830f
localize,#hash_2148c2be8b20815c
localize,#hash_2970fdbe8f9a985d
localize,#hash_2970fabe8f9a9344
localize,#hash_2970fbbe8f9a94f7
localize,#hash_6b3d5abe6bed7ca4
localize,#hash_6b3d5dbe6bed81bd
localize,#hash_6b3d5cbe6bed800a
localize,#hash_4c9e99bea3ada4b1
localize,#hash_4c9e96bea3ad9f98
localize,#hash_4c9e97bea3ada14b
localize,#hash_1f45edbe4176dc6d
localize,#hash_1f45eabe4176d754
localize,#hash_1f45ebbe4176d907
localize,#hash_521c9fc45e425452
localize,#hash_521c9ec45e42529f
localize,#hash_521c9dc45e4250ec
localize,#hash_4767eac4579de8c3
localize,#hash_4767ebc4579dea76
localize,#hash_4767ecc4579dec29
localize,#hash_58534f6b27b13d5d
localize,#hash_58534c6b27b13844
localize,#hash_58534d6b27b139f7
localize,#hash_3e27486b18d0d1b8
localize,#hash_3e274b6b18d0d6d1
localize,#hash_3e274a6b18d0d51e
localize,#hash_1ee9b9de22901707
localize,#hash_1ed4f9de227e27bd
localize,#hash_2bc1b33c7d62bc6c
localize,#hash_2447ffb7a0f0faac
localize,#hash_244802b7a0f0ffc5
localize,#hash_244801b7a0f0fe12
localize,#hash_3e7406b7afd16651
localize,#hash_3e7403b7afd16138
localize,#hash_3e7404b7afd162eb
localize,#hash_37254db7ac101cf6
localize,#hash_37254cb7ac101b43
localize,#hash_37254bb7ac101990
localize,#hash_57134f9ea9520b0f
localize,#hash_5713509ea9520cc2
localize,#hash_5713519ea9520e75
localize,#hash_5e62049ead134d9e
localize,#hash_5e62039ead134beb
localize,#hash_5e62029ead134a38
localize,#hash_683d1d9eb2febf59
localize,#hash_683d1a9eb2feba40
localize,#hash_683d1b9eb2febbf3
localize,#hash_6f8c529eb6c0db68
localize,#hash_6f8c559eb6c0e081
localize,#hash_6f8c549eb6c0dece
localize,#hash_4e61119eec56a4b5
localize,#hash_4e610e9eec569f9c
localize,#hash_4e610f9eec56a14f
localize,#hash_718ead9f0069b109
localize,#hash_718eaa9f0069abf0
localize,#hash_718eab9f0069ada3
localize,#hash_64c29faaa3a5076e
localize,#hash_64c29eaaa3a505bb
localize,#hash_64c29daaa3a50408
localize,#hash_5c9a6aaa9f2afa9f
localize,#hash_5c9a6baa9f2afc52
localize,#hash_5c9a6caa9f2afe05
localize,#hash_69e09015d2db3be1
localize,#hash_69e08d15d2db36c8
localize,#hash_69e08e15d2db387b
localize,#hash_4fb48915c3fad03c
localize,#hash_4fb48c15c3fad555
localize,#hash_4fb48b15c3fad3a2
localize,#hash_26cec2bb690b82b
localize,#hash_28f342bb6ae18e9
localize,#hash_3d27d4361974160
localize,#hash_4327d62e26de3f09
localize,#hash_4327d32e26de39f0
localize,#hash_4327d42e26de3ba3
localize,#hash_2aaeef2e196f9e44
localize,#hash_2aaef22e196fa35d
localize,#hash_2aaef12e196fa1aa
localize,#hash_31fd882e1d30b13f
localize,#hash_31fd892e1d30b2f2
localize,#hash_31fd8a2e1d30b4a5
localize,#hash_67d746283be776aa
localize,#hash_67d745283be774f7
localize,#hash_67d744283be77344
localize,#hash_5faf1128376d69db
localize,#hash_5faf1228376d6b8e
localize,#hash_5faf1328376d6d41
localize,#hash_54f9d82830c81e00
localize,#hash_54f9db2830c82319
localize,#hash_54f9da2830c82166
localize,#hash_4e84c3282dbfdc11
localize,#hash_4e84c0282dbfd6f8
localize,#hash_4e84c1282dbfd8ab
localize,#hash_6d238427f5ffb404
localize,#hash_6d238727f5ffb91d
localize,#hash_6d238627f5ffb76a
localize,#hash_4c824827e416d010
localize,#hash_4c824b27e416d529
localize,#hash_4c824a27e416d376
localize,#hash_3a2762129924bcb
localize,#hash_3a2772129924d7e
localize,#hash_3a2782129924f31
localize,#hash_af1ab212d5467da
localize,#hash_af1aa212d546627
localize,#hash_af1a9212d546474
localize,#hash_533dc657cd644bc4
localize,#hash_533dc957cd6450dd
localize,#hash_533dc857cd644f2a
localize,#hash_6bb6ad57dad2ec89
localize,#hash_6bb6aa57dad2e770
localize,#hash_6bb6ab57dad2e923
localize,#hash_78281eb9ae1780d2
localize,#hash_7849eeb9ae3415a8
localize,#hash_bf3855fee3fd5c9
localize,#hash_9afc008a68644d
localize,#hash_9af9008a685f34
localize,#hash_9afa008a6860e7
localize,#hash_666ef5007b87f8a8
localize,#hash_666ef8007b87fdc1
localize,#hash_666ef7007b87fc0e
localize,#hash_6e970e008001d5e3
localize,#hash_6e970f008001d796
localize,#hash_6e9710008001d949
localize,#hash_7a1c4bf5b601260e
localize,#hash_7a1c4af5b601245b
localize,#hash_7a1c49f5b60122a8
localize,#hash_704096f5b014ab3f
localize,#hash_704097f5b014acf2
localize,#hash_704098f5b014aea5
localize,#hash_68f1fdf5ac539844
localize,#hash_68f200f5ac539d5d
localize,#hash_68f1fff5ac539baa
localize,#hash_257220f5ce8e45fd
localize,#hash_25721df5ce8e40e4
localize,#hash_25721ef5ce8e4297
localize,#hash_50c851f5e71c0240
localize,#hash_50c854f5e71c0759
localize,#hash_50c853f5e71c05a6
localize,#hash_5ec6edf55e2fdc54
localize,#hash_5ec6f0f55e2fe16d
localize,#hash_5ec6eff55e2fdfba
localize,#hash_15e77beea3abfb2f
localize,#hash_15e77ceea3abfce2
localize,#hash_15e77deea3abfe95
localize,#hash_1d3630eea76d3dbe
localize,#hash_1d362feea76d3c0b
localize,#hash_1d362eeea76d3a58
localize,#hash_ce96c6cdf8a2080
localize,#hash_ce96f6cdf8a2599
localize,#hash_ce96e6cdf8a23e6
localize,#hash_2715736cee6a8c25
localize,#hash_2715706cee6a870c
localize,#hash_2715716cee6a88bf
localize,#hash_4cad58ec7ffe1d0e
localize,#hash_4ccf80ec801b476c
localize,#hash_3e9e27d484b59b55
localize,#hash_4e95ffc56b5b142f
localize,#hash_4e99e9c56b5ed7a4
localize,#hash_4e99ecc56b5edcbd
localize,#hash_4e99ebc56b5edb0a
localize,#hash_4e99e6c56b5ed28b
localize,#hash_4e99e0c56b5ec859
localize,#hash_4e69e3c56b35a9b0
localize,#hash_4e6e00c56b39c3ce
localize,#hash_4e6e01c56b39c581
localize,#hash_4e4bb1c56b1c572b
localize,#hash_11ad9d237b192d33
localize,#hash_11b18f237b1cfe40
localize,#hash_11b192237b1d0359
localize,#hash_11b191237b1d01a6
localize,#hash_11b194237b1d06bf
localize,#hash_11b19e237b1d17bd
localize,#hash_119cb9237b0ae994
localize,#hash_11a09e237b0ea48a
localize,#hash_11a09f237b0ea63d
localize,#hash_117e67237af160af
localize,#hash_11eb7df4f1d6ef7e
localize,#hash_11e893f4f1d4df09
localize,#hash_11e890f4f1d4d9f0
localize,#hash_11e891f4f1d4dba3
localize,#hash_11e896f4f1d4e422
localize,#hash_11e89cf4f1d4ee54
localize,#hash_11ef91f4f1dafa51
localize,#hash_11f99cf4f1e36187
localize,#hash_11f99bf4f1e35fd4
localize,#hash_120dc3f4f1f44cd6
localize,#hash_2681287c66ab6592
localize,#hash_267e467c66a962b5
localize,#hash_267e437c66a95d9c
localize,#hash_267e447c66a95f4f
localize,#hash_267e417c66a95a36
localize,#hash_267e477c66a96468
localize,#hash_26a0347c66c62a85
localize,#hash_26aa277c66ce68f3
localize,#hash_26aa267c66ce6740
localize,#hash_2651867c6682e18a
localize,#hash_664fc3a765e1cede
localize,#hash_664fc2a765e1cd2b
localize,#hash_664fc1a765e1cb78
localize,#hash_d1dcca37d6a5bb2
localize,#hash_d1dcba37d6a59ff
localize,#hash_d1dcaa37d6a584c
localize,#hash_7ab1f459d207b503
localize,#hash_7ab1f559d207b6b6
localize,#hash_7ab1f659d207b869
localize,#hash_56dec8af0d8b3bc7
localize,#hash_56dec9af0d8b3d7a
localize,#hash_56decaaf0d8b3f2d
localize,#hash_2a8bb3b08af21bbf
localize,#hash_2a8bb4b08af21d72
localize,#hash_2a8bb5b08af21f25
localize,#hash_3bb601b0949fa989
localize,#hash_3bb5feb0949fa470
localize,#hash_3bb5ffb0949fa623
localize,#hash_4e934fb09fbecbd3
localize,#hash_4e9350b09fbecd86
localize,#hash_4e9351b09fbecf39
localize,#hash_39b3a6b04af6d3e8
localize,#hash_39b3a9b04af6d901
localize,#hash_39b3a8b04af6d74e
localize,#hash_3df1517125546d13
localize,#hash_3df1527125546ec6
localize,#hash_3df1537125547079
localize,#hash_4f1b3f712f0157bd
localize,#hash_4f1b3c712f0152a4
localize,#hash_4f1b3d712f015457
localize,#hash_1d4fb571136ae5ff
localize,#hash_1d4fb671136ae7b2
localize,#hash_1d4fb771136ae965
localize,#hash_8700c70bea2ee14
localize,#hash_8700f70bea2f32d
localize,#hash_8700e70bea2f17a
localize,#hash_156c97f1bf960782
localize,#hash_156c96f1bf9605cf
localize,#hash_156c95f1bf96041c
localize,#hash_368c9f1b52faf78
localize,#hash_368ccf1b52fb491
localize,#hash_368cbf1b52fb2de
localize,#hash_723e7bf1ab8221ae
localize,#hash_723e7af1ab821ffb
localize,#hash_723e79f1ab821e48
localize,#hash_703c04f161d91c79
localize,#hash_703c01f161d91760
localize,#hash_703c02f161d91913
localize,#hash_1a67afe905048706
localize,#hash_1a67aee905048553
localize,#hash_1a67ade9050483a0
localize,#hash_78a61e8f9e564bc
localize,#hash_78a64e8f9e569d5
localize,#hash_78a63e8f9e56822
localize,#hash_3d956be91917c9ba
localize,#hash_3d956ae91917c807
localize,#hash_3d9569e91917c654
localize,#hash_4f0f14e96afc98a5
localize,#hash_4f0f11e96afc938c
localize,#hash_4f0f12e96afc953f
localize,#hash_75d88ee55ee55ff7
localize,#hash_75d88fe55ee561aa
localize,#hash_75d890e55ee5635d
localize,#hash_3788d10aed85bdab
localize,#hash_3788d20aed85bf5e
localize,#hash_3788d30aed85c111
localize,#hash_50cedbc84814f7ba
localize,#hash_50cedac84814f607
localize,#hash_50ced9c84814f454
localize,#hash_25895f8a11257f6e
localize,#hash_25895e8a11257dbb
localize,#hash_25895d8a11257c08
localize,#hash_e73d1ce0bf0881a
localize,#hash_e73d0ce0bf08667
localize,#hash_e73cfce0bf084b4
localize,#hash_57d47f40692ea1d6
localize,#hash_57d47e40692ea023
localize,#hash_57d47d40692e9e70
localize,#hash_506f944225f789d3
localize,#hash_506f954225f78b86
localize,#hash_506f964225f78d39
localize,#hash_e70994f5d348587
localize,#hash_e709a4f5d34873a
localize,#hash_e709b4f5d3488ed
localize,#hash_759748ff834ad69
localize,#hash_759718ff834a850
localize,#hash_759728ff834aa03
localize,#hash_1fba6e69a536fd1d
localize,#hash_1fba6b69a536f804
localize,#hash_1fba6c69a536f9b7
localize,#hash_2d9ac3f1ae61c658
localize,#hash_2d9ac6f1ae61cb71
localize,#hash_2d9ac5f1ae61c9be
localize,#hash_1b58a8fb01521c1c
localize,#hash_1b58abfb01522135
localize,#hash_1b58aafb01521f82
localize,#hash_358ec3093cc03b6e
localize,#hash_357a98093caf4953
localize,#hash_35a2a0093cd0a8ff
localize,#hash_189eaf090bf4ced9
localize,#hash_189eac090bf4c9c0
localize,#hash_35a2ae093cd0c0c9
localize,#hash_306491eb6ea2fcd6
localize,#hash_306490eb6ea2fb23
localize,#hash_30648feb6ea2f970
localize,#hash_306496eb6ea30555
localize,#hash_3595c8093cc6629b
localize,#hash_5bbae6eb8730f645
localize,#hash_5bbae3eb8730f12c
localize,#hash_5bbae4eb8730f2df
localize,#hash_546bcdeb836f09ca
localize,#hash_546bcceb836f0817
localize,#hash_546bcbeb836f0664
localize,#hash_4a9098eb7d83687b
localize,#hash_4a9099eb7d836a2e
localize,#hash_4a909aeb7d836be1
localize,#hash_1d37eceb1b4ca037
localize,#hash_1d37edeb1b4ca1ea
localize,#hash_1d37eeeb1b4ca39d
localize,#hash_4e0b32df8cdd4ffa
localize,#hash_4e0b31df8cdd4e47
localize,#hash_4e0b30df8cdd4c94
localize,#hash_3ee3bfdfccd97151
localize,#hash_3ee3bcdfccd96c38
localize,#hash_3ee3bddfccd96deb
localize,#hash_c8ec1f15a52c5d5
localize,#hash_c8ebef15a52c0bc
localize,#hash_3598ae093cc86c44
localize,#hash_3598af093cc86df7
localize,#hash_3598ac093cc868de
localize,#hash_6beda5f1486a1841
localize,#hash_6beda2f1486a1328
localize,#hash_3598aa093cc86578
localize,#hash_3598bc093cc8840e
localize,#hash_35589c093c9269b9
localize,#hash_eb3ef55b8e2efc2
localize,#hash_eb3ee55b8e2ee0f
localize,#hash_eb3ed55b8e2ec5c
localize,#hash_3558aa093c928183
localize,#hash_3554a7093c8e9393
localize,#hash_3543b9093c803ef6
localize,#hash_2325c9210e4b8396
localize,#hash_2325c8210e4b81e3
localize,#hash_6422412bbb4499ed
localize,#hash_64223e2bbb4494d4
localize,#hash_64223f2bbb449687
localize,#hash_64223c2bbb44916e
localize,#hash_521ed32bb0dee503
localize,#hash_521ed42bb0dee6b6
localize,#hash_521ed52bb0dee869
localize,#hash_35479c093c83f686
localize,#hash_4959a1b826083722
localize,#hash_4960aeb8260e6be7
localize,#hash_496d86b82618b24b
localize,#hash_f1edc77810c9ab5
localize,#hash_f1ed977810c959c
localize,#hash_496d9cb82618d7ad
localize,#hash_3ae1e79b3767f822
localize,#hash_3ae1e69b3767f66f
localize,#hash_3ae1e59b3767f4bc
localize,#hash_3ae1e49b3767f309
localize,#hash_497b9eb82625186f
localize,#hash_20b5e49b28879349
localize,#hash_20b5e19b28878e30
localize,#hash_20b5e29b28878fe3
localize,#hash_16014b9b21e3574e
localize,#hash_16014a9b21e3559b
localize,#hash_1601499b21e353e8
localize,#hash_f8b969b1eda057f
localize,#hash_f8b979b1eda0732
localize,#hash_f8b989b1eda08e5
localize,#hash_26dba29ae3589ae3
localize,#hash_26dba39ae3589c96
localize,#hash_26dba49ae3589e49
localize,#hash_3c813094163297fe
localize,#hash_3c812f941632964b
localize,#hash_3c812e9416329498
localize,#hash_720295947ce44d5d
localize,#hash_720292947ce44844
localize,#hash_720293947ce449f7
localize,#hash_170c17a12317c121
localize,#hash_170c14a12317bc08
localize,#hash_497e84b826272218
localize,#hash_497e85b8262723cb
localize,#hash_497e8ab826272c4a
localize,#hash_37adb3a135014835
localize,#hash_37adb0a13501431c
localize,#hash_497e88b8262728e4
localize,#hash_497e9ab82627477a
localize,#hash_498f8ab826359f7d
localize,#hash_419dc5cb20b616f6
localize,#hash_419dc4cb20b61543
localize,#hash_419dc3cb20b61390
localize,#hash_498f98b82635b747
localize,#hash_498c8db826336ebf
localize,#hash_49968fb8263bc6aa
localize,#hash_4aa00fdc877a0dd2
localize,#hash_4aa00edc877a0c1f
localize,#hash_15c777e78296a9b9
localize,#hash_15c774e78296a4a0
localize,#hash_15c775e78296a653
localize,#hash_15c77ae78296aed2
localize,#hash_2ea29e77777876f
localize,#hash_2ea2ae777778922
localize,#hash_2ea2be777778ad5
localize,#hash_499a7ab8263f8bd2
localize,#hash_2128bdf5128e106c
localize,#hash_213ceaf5129f05ed
localize,#hash_2113e2f5127bf341
localize,#hash_36de09bcfc85c3b
localize,#hash_36de19bcfc85dee
localize,#hash_2113d4f5127bdb77
localize,#hash_2462bbe49fa89a8
localize,#hash_2462ebe49fa8ec1
localize,#hash_2462dbe49fa8d0e
localize,#hash_24630be49fa9227
localize,#hash_2121baf51287eca5
localize,#hash_666728be39a8904f
localize,#hash_666729be39a89202
localize,#hash_66672abe39a893b5
localize,#hash_5e3e8fbe352dd994
localize,#hash_5e3e92be352ddead
localize,#hash_5e3e91be352ddcfa
localize,#hash_7790f6be43554499
localize,#hash_7790f3be43553f80
localize,#hash_7790f4be43554133
localize,#hash_24e9c2bea58c433d
localize,#hash_24e9bfbea58c3e24
localize,#hash_24e9c0bea58c3fd7
localize,#hash_256a50b38caed6d8
localize,#hash_256a53b38caedbf1
localize,#hash_256a52b38caeda3e
localize,#hash_2c6bdb3311d240f
localize,#hash_2c6beb3311d25c2
localize,#hash_2c6bfb3311d2775
localize,#hash_5dbcbba68ae8d6cb
localize,#hash_5dbcbca68ae8d87e
localize,#hash_2117c8f5127fafea
localize,#hash_2117c9f5127fb19d
localize,#hash_2117c2f5127fa5b8
localize,#hash_39b59fa6761d0037
localize,#hash_39b5a0a6761d01ea
localize,#hash_2117c4f5127fa91e
localize,#hash_2117d2f5127fc0e8
localize,#hash_215ee6f512bbe587
localize,#hash_23f6ce53ffba96bc
localize,#hash_23f6d153ffba9bd5
localize,#hash_23f6d053ffba9a22
localize,#hash_215ed8f512bbcdbd
localize,#hash_215bd1f512b98c01
localize,#hash_2172c7f512cc59e4
localize,#hash_6609f483c25357e8
localize,#hash_6609f783c2535d01
localize,#hash_8b5bc6c2c216173
localize,#hash_8b5bd6c2c216326
localize,#hash_8b5be6c2c2164d9
localize,#hash_8b5bf6c2c21668c
localize,#hash_182d2a6c345d911d
localize,#hash_182d276c345d8c04
localize,#hash_182d286c345d8db7
localize,#hash_2168d2f512c41810
localize,#hash_56c51ff7ec0ce503
localize,#hash_56cbfaf7ec12c4d2
localize,#hash_56a2f2f7ebefb226
localize,#hash_6d2c2ac9c34487a8
localize,#hash_6d2c2dc9c3448cc1
localize,#hash_56a304f7ebefd0bc
localize,#hash_7e1207e899246feb
localize,#hash_7e1208e89924719e
localize,#hash_7e1209e899247351
localize,#hash_7e120ae899247504
localize,#hash_56b00af7ebfa654a
localize,#hash_52bbb2e88096767c
localize,#hash_52bbb5e880967b95
localize,#hash_52bbb4e8809679e2
localize,#hash_5a0a6be88457bfd7
localize,#hash_5a0a6ce88457c18a
localize,#hash_5a0a6de88457c33d
localize,#hash_623300e888d26fc6
localize,#hash_6232ffe888d26e13
localize,#hash_6232fee888d26c60
localize,#hash_f8bcce8eb096e6a
localize,#hash_f8bcbe8eb096cb7
localize,#hash_f8bcae8eb096b04
localize,#hash_606b86f47aea5327
localize,#hash_606b87f47aea54da
localize,#hash_606b88f47aea568d
localize,#hash_706c59f43ba6c5b0
localize,#hash_706c5cf43ba6cac9
localize,#hash_706c5bf43ba6c916
localize,#hash_4a62f8053ec25fc8
localize,#hash_4a62fb053ec264e1
localize,#hash_56bafcf7ec045505
localize,#hash_56bafbf7ec045352
localize,#hash_56baf6f7ec044ad3
localize,#hash_29c1dc052cd9b234
localize,#hash_29c1df052cd9b74d
localize,#hash_56baf8f7ec044e39
localize,#hash_56bb06f7ec046603
localize,#hash_56fb06f7ec3a49f8
localize,#hash_61aceaa180ce6b3b
localize,#hash_61aceba180ce6cee
localize,#hash_61aceca180ce6ea1
localize,#hash_56fb18f7ec3a688e
localize,#hash_56ff03f7ec3e2db6
localize,#hash_570219f7ec4088ef
localize,#hash_180860b349ca03db
localize,#hash_180861b349ca058e
localize,#hash_755bf8cadffaea70
localize,#hash_755bfbcadffaef89
localize,#hash_755bfacadffaedd6
localize,#hash_755bfdcadffaf2ef
localize,#hash_83966caeb1a431a
localize,#hash_83965caeb1a4167
localize,#hash_83964caeb1a3fb4
localize,#hash_570c06f7ec48bd2b
localize,#hash_e3c4abfbbe3a05b
localize,#hash_e4355bfbbe9d1ba
localize,#hash_e512dbfbbf5cb1e
localize,#hash_4d3524bae803530
localize,#hash_4d3554bae803a49
localize,#hash_e513fbfbbf5e9b4
localize,#hash_15b92f6a84601d73
localize,#hash_15b9306a84601f26
localize,#hash_15b9316a846020d9
localize,#hash_15b9326a8460228c
localize,#hash_e5e45bfbc007e42
localize,#hash_6a62fa6a6bd25a64
localize,#hash_6a62fd6a6bd25f7d
localize,#hash_6a62fc6a6bd25dca
localize,#hash_71b2136a6f9446df
localize,#hash_71b2146a6f944892
localize,#hash_71b2156a6f944a45
localize,#hash_79da486a740e53ae
localize,#hash_79da476a740e51fb
localize,#hash_79da466a740e5048
localize,#hash_13b6d46a3ab747d2
localize,#hash_13b6d36a3ab7461f
localize,#hash_13b6d26a3ab7446c
localize,#hash_4c00ee752ab4c16f
localize,#hash_4c00ef752ab4c322
localize,#hash_4c00f0752ab4c4d5
localize,#hash_720b0175892a76b8
localize,#hash_720b0475892a7bd1
localize,#hash_720b0375892a7a1e
localize,#hash_388f9f8242003bd0
localize,#hash_388fa282420040e9
localize,#hash_e6837bfbc08bafd
localize,#hash_e6836bfbc08b94a
localize,#hash_e6831bfbc08b0cb
localize,#hash_171483822f5dea7c
localize,#hash_171486822f5def95
localize,#hash_e6833bfbc08b431
localize,#hash_e6841bfbc08cbfb
localize,#hash_e0621bfbbb5cb40
localize,#hash_7834709340296713
localize,#hash_78347193402968c6
localize,#hash_7834729340296a79
localize,#hash_e0633bfbbb5e9d6
localize,#hash_e093ebfbbb8325e
localize,#hash_e0d34bfbbbc0a37
localize,#hash_253e56a4bbba0e03
localize,#hash_253e57a4bbba0fb6
localize,#hash_f499ebca23945a8
localize,#hash_f49a1bca2394ac1
localize,#hash_f49a0bca239490e
localize,#hash_f49a3bca2394e27
localize,#hash_1ec06cbcaa746572
localize,#hash_1ec06bbcaa7463bf
localize,#hash_1ec06abcaa74620c
localize,#hash_e1721bfbbc43e73
localize,#hash_24876623cb34051f
localize,#hash_24876723cb3406d2
localize,#hash_77ff5429f9e860f8
localize,#hash_77ff5729f9e86611
localize,#hash_122b5b2a08c8cc9d
localize,#hash_122b582a08c8c784
localize,#hash_71f659e246a8279f
localize,#hash_71f65ae246a82952
localize,#hash_71f65be246a82b05
localize,#hash_71f654e246a81f20
localize,#hash_71f655e246a820d3
localize,#hash_71f656e246a82286
localize,#hash_318307cf75fd26cf
localize,#hash_318308cf75fd2882
localize,#hash_3c37bccf7ca1925e
localize,#hash_3c37bbcf7ca190ab
localize,#hash_42acd5cf7fa9db19
localize,#hash_42acd2cf7fa9d600
localize,#hash_4d620acf864f2028
localize,#hash_4d620dcf864f2541
localize,#hash_71cd64e24685353c
localize,#hash_5e47e7ee5c2f086b
localize,#hash_5e47e8ee5c2f0a1e
localize,#hash_65969cee5ff04afa
localize,#hash_65969bee5ff04947
localize,#hash_6dbf35ee646b01b5
localize,#hash_6dbf32ee646afc9c
localize,#hash_32f192ee43a10efc
localize,#hash_32f195ee43a11415
localize,#hash_3a404bee47625857
localize,#hash_3a404cee47625a0a
localize,#hash_4268e0ee4bdd0846
localize,#hash_4268dfee4bdd0693
localize,#hash_6fc1aceeae1406ea
localize,#hash_6fc1abeeae140537
localize,#hash_40a166fa3df4eba7
localize,#hash_40a167fa3df4ed5a
localize,#hash_50a239f9feb15e30
localize,#hash_50a23cf9feb16349
localize,#hash_45eda4f9f80d2901
localize,#hash_45eda1f9f80d23e8
localize,#hash_45eda2f9f80d259b
localize,#hash_2a98d80b01ccf848
localize,#hash_2a98db0b01ccfd61
localize,#hash_4677df0b121ef86d
localize,#hash_4677dc0b121ef354
localize,#hash_3bc3260b0b7a8612
localize,#hash_3bc3250b0b7a845f
localize,#hash_3bc3240b0b7a82ac
localize,#hash_106cd50af2ec936f
localize,#hash_106cd60af2ec9522
localize,#hash_106cd70af2ec96d5
localize,#hash_9f7bc0aefe44ab4
localize,#hash_9f7bf0aefe44fcd
localize,#hash_234a230afe0bb5b9
localize,#hash_234a200afe0bb0a0
localize,#hash_71e566e24699ca83
localize,#hash_9d565a6dafdc91c
localize,#hash_9d568a6dafdce35
localize,#hash_41e2caa743d903bb
localize,#hash_41e2cba743d9056e
localize,#hash_27b6c3a734f89816
localize,#hash_27b6c2a734f89663
localize,#hash_168c75a72b4b0a4c
localize,#hash_168c78a72b4b0f65
localize,#hash_722963e246d39236
localize,#hash_3108e8b8e3f4a993
localize,#hash_3108e9b8e3f4ab46
localize,#hash_3bbd9db8ea991522
localize,#hash_3bbd9cb8ea99136f
localize,#hash_4232d6b8eda1943d
localize,#hash_4232d3b8eda18f24
localize,#hash_5b2b3b8cb66e684
localize,#hash_5b2b6b8cb66eb9d
localize,#hash_783e40b90cd49c5b
localize,#hash_783e41b90cd49e0e
localize,#hash_5591d8d0a30582f0
localize,#hash_5591dbd0a3058809
localize,#hash_6ee45fd0b12d2455
localize,#hash_6ee45cd0b12d1f3c
localize,#hash_686f46d0ae24db9a
localize,#hash_686f45d0ae24d9e7
localize,#hash_3d18f5d09596e8f7
localize,#hash_3d18f6d09596eaaa
localize,#hash_146d5d238886fa2b
localize,#hash_146d5e238886fbde
localize,#hash_153eb2a57d6b1e4
localize,#hash_153ee2a57d6b6fd
localize,#hash_1b80522a66b7c0a9
localize,#hash_1b804f2a66b7bb90
localize,#hash_2988fc69da3be6e3
localize,#hash_2988fd69da3be896
localize,#hash_2988fe69da3bea49
localize,#hash_2988ff69da3bebfc
localize,#hash_29890069da3bedaf
localize,#hash_29890169da3bef62
localize,#hash_5538f75424592273
localize,#hash_5538f85424592426
localize,#hash_5c882c54281b3e82
localize,#hash_5c882b54281b3ccf
localize,#hash_64b065542c95521d
localize,#hash_64b062542c954d04
localize,#hash_29e2c2540bcb5f64
localize,#hash_29e2c5540bcb647d
localize,#hash_29b1ef69da5ed5e0
localize,#hash_287437353e277737
localize,#hash_287438353e2778ea
localize,#hash_324f4c354412e226
localize,#hash_324f4b354412e073
localize,#hash_399e853547d50501
localize,#hash_399e823547d4ffe8
localize,#hash_44531a354e793a30
localize,#hash_44531d354e793f49
localize,#hash_4c7b533552f34dcb
localize,#hash_4c7b543552f34f7e
localize,#hash_53ca883556b569da
localize,#hash_53ca873556b56827
localize,#hash_3ba0dc35917dd3d6
localize,#hash_3ba0db35917dd223
localize,#hash_2887ee3c60ce6bdb
localize,#hash_2887ef3c60ce6d8e
localize,#hash_707a093bf7f257bc
localize,#hash_707a0c3bf7f25cd5
localize,#hash_2eadac3c1b9f7375
localize,#hash_2eada93c1b9f6e5c
localize,#hash_2eadaa3c1b9f700f
localize,#hash_4cfd274cfd385094
localize,#hash_4cfd2a4cfd3855ad
localize,#hash_664f8e4d0b5fbb99
localize,#hash_664f8b4d0b5fb680
localize,#hash_5fda754d085772de
localize,#hash_5fda744d0857712b
localize,#hash_5fda734d08576f78
localize,#hash_792cdc4d167edde3
localize,#hash_792cdd4d167edf96
localize,#hash_792cde4d167ee149
localize,#hash_7104c34d120500a8
localize,#hash_7104c64d120505c1
localize,#hash_b30ca4d20e56c4d
localize,#hash_b30c74d20e56734
localize,#hash_29aef169da5ca36f
localize,#hash_71ed8b9b84e697d8
localize,#hash_71ed8e9b84e69cf1
localize,#hash_4f49f89b2954e50f
localize,#hash_4f49f99b2954e6c2
localize,#hash_7a9fc99b41e1fe32
localize,#hash_7a9fc89b41e1fc7f
localize,#hash_67c2fb9b36c3b568
localize,#hash_67c2fe9b36c3ba81
localize,#hash_296af669da22df22
localize,#hash_55b3166ab6619faf
localize,#hash_55b3176ab661a162
localize,#hash_5d01cb6aba22e23e
localize,#hash_5d01ca6aba22e08b
localize,#hash_652a646abe9d98f9
localize,#hash_652a616abe9d93e0
localize,#hash_6fdf196ac5420488
localize,#hash_6fdf1c6ac54209a1
localize,#hash_1b356e6addcffdf7
localize,#hash_1b356f6addcfffaa
localize,#hash_249ac683af7223cc
localize,#hash_249ac983af7228e5
localize,#hash_3d13cd83bce0faf1
localize,#hash_3d13ca83bce0f5d8
localize,#hash_35c51483b91fb196
localize,#hash_35c51383b91fafe3
localize,#hash_4ff11b83c8001d3b
localize,#hash_4ff11c83c8001eee
localize,#hash_46cfaa41df61ec46
localize,#hash_46cfa941df61ea93
localize,#hash_7bcf6c3bfd5f14bd
localize,#hash_7bcf693bfd5f0fa4
localize,#hash_6356653beff03d98
localize,#hash_6356683beff042b1
localize,#hash_34736dda5ffd8356
localize,#hash_34736cda5ffd81a3
localize,#hash_34736bda5ffd7ff0
localize,#hash_347372da5ffd8bd5
localize,#hash_347371da5ffd8a22
localize,#hash_347370da5ffd886f
localize,#hash_544480777746dbc2
localize,#hash_54447f777746da0f
localize,#hash_498f4b7770a196b3
localize,#hash_498f4c7770a19866
localize,#hash_4240b2776ce083b8
localize,#hash_4240b5776ce088d1
localize,#hash_38657d7766f4e269
localize,#hash_38657a7766f4dd50
localize,#hash_349c62da602075b9
localize,#hash_7d2aa053a85cab66
localize,#hash_7d2a9f53a85ca9b3
localize,#hash_76b58b53a5546977
localize,#hash_76b58c53a5546b2a
localize,#hash_6c00d2539eaff71c
localize,#hash_6c00d5539eaffc35
localize,#hash_2880f553c0eaa4d5
localize,#hash_2880f253c0ea9fbc
localize,#hash_220bdc53bde25c1a
localize,#hash_220bdb53bde25a67
localize,#hash_1756a753b73d170b
localize,#hash_1756a853b73d18be
localize,#hash_7f2d9b53f20690e7
localize,#hash_7f2d9c53f206929a
localize,#hash_705e014dea06e8ca
localize,#hash_705e004dea06e717
localize,#hash_4a546e4d8b920d01
localize,#hash_4a546b4d8b9207e8
localize,#hash_5509034d92364230
localize,#hash_5509064d92364749
localize,#hash_5509054d92364596
localize,#hash_640105ad0367de5
localize,#hash_6400d5ad03678cc
localize,#hash_6c14095ac1561240
localize,#hash_6c140c5ac1561759
localize,#hash_7363425ac518351b
localize,#hash_7363435ac51836ce
localize,#hash_7363445ac5183881
localize,#hash_5aea3b5ab7a95df6
localize,#hash_5aea3a5ab7a95c43
localize,#hash_5aea395ab7a95a90
localize,#hash_6238f45abb6aa751
localize,#hash_6238f15abb6aa238
localize,#hash_480ced5aac8a3bac
localize,#hash_480cf05aac8a40c5
localize,#hash_349170da601685fe
localize,#hash_9832bcacede3d69
localize,#hash_98328cacede3850
localize,#hash_18aa9eca8ee21c12
localize,#hash_18aa9dca8ee21a5f
localize,#hash_6d544dca7654296f
localize,#hash_6d544eca76542b22
localize,#hash_319bca81734bb9
localize,#hash_3198ca817346a0
localize,#hash_34ba5bda60396763
localize,#hash_5344a0952095e99e
localize,#hash_53449f952095e7eb
localize,#hash_4bf5eb951cd4a70f
localize,#hash_4bf5ec951cd4a8c2
localize,#hash_43cd52951859f054
localize,#hash_43cd55951859f56d
localize,#hash_7e9af5953923e30d
localize,#hash_7e9af2953923ddf4
localize,#hash_17ed5895474b4746
localize,#hash_17ed5795474b4593
localize,#hash_4fb90a12fb59cdd
localize,#hash_4fb8da12fb597c4
localize,#hash_6acf89a120d53138
localize,#hash_6acf8ca120d53651
localize,#hash_721e22a124964433
localize,#hash_721e23a1249645e6
localize,#hash_59a53ba11727a36e
localize,#hash_59a53aa11727a1bb
localize,#hash_1494dc4c5986f0c2
localize,#hash_1494db4c5986ef0f
localize,#hash_74e13e4054ccc2d9
localize,#hash_74e13b4054ccbdc0
localize,#hash_5b8ed74046a557d4
localize,#hash_5b8eda4046a55ced
localize,#hash_2baf36fbdd04267a
localize,#hash_2baf35fbdd0424c7
localize,#hash_2baf34fbdd042314
localize,#hash_2baf33fbdd042161
localize,#hash_2baf32fbdd041fae
localize,#hash_2baf31fbdd041dfb
localize,#hash_e98aa7bf2861b66
localize,#hash_e98a97bf28619b3
localize,#hash_823957bef7dd977
localize,#hash_823967bef7ddb2a
localize,#hash_7d6edc7be8d9671c
localize,#hash_7d6edf7be8d96c35
localize,#hash_39eeff7c0b1414d5
localize,#hash_39eefc7c0b140fbc
localize,#hash_2bbd23fbdd10438d
localize,#hash_65b28a9fc1704bc2
localize,#hash_65b2899fc1704a0f
localize,#hash_5afd559fbacb06b3
localize,#hash_5afd569fbacb0866
localize,#hash_53aebc9fb709f3b8
localize,#hash_53aebf9fb709f8d1
localize,#hash_49d3879fb11e5269
localize,#hash_49d3849fb11e4d50
localize,#hash_42846e9fad5c65ee
localize,#hash_42846d9fad5c643b
localize,#hash_3a5c399fa8e2591f
localize,#hash_3a5c3a9fa8e25ad2
localize,#hash_51ac459f6d60ee83
localize,#hash_51ac469f6d60f036
localize,#hash_3c23d393b6caac1e
localize,#hash_3c23d293b6caaa6b
localize,#hash_7357b8941eed1c7d
localize,#hash_7357b5941eed1764
localize,#hash_36d79593fcb26ec4
localize,#hash_36d79893fcb273dd
localize,#hash_36d79793fcb2722a
localize,#hash_41dcbaa5ad2014c1
localize,#hash_41dcb7a5ad200fa8
localize,#hash_25fdb3a59cce149c
localize,#hash_25fdb6a59cce19b5
localize,#hash_30b26ca5a37286f7
localize,#hash_30b26da5a37288aa
localize,#hash_30b26ea5a3728a5d
localize,#hash_5c08bda5bc00799a
localize,#hash_5c08bca5bc0077e7
localize,#hash_5c08bba5bc007634
localize,#hash_627dd6a5bf08c255
localize,#hash_627dd3a5bf08bd3c
localize,#hash_492b4fa5b0e120f0
localize,#hash_492b52a5b0e12609
localize,#hash_2bce21fbdd1eb35a
localize,#hash_b0cadcf72fd6fd5
localize,#hash_b0caacf72fd6abc
localize,#hash_6c6de8cfaabd9116
localize,#hash_6c6de7cfaabd8f63
localize,#hash_699efcfb99dfcbb
localize,#hash_699f0cfb99dfe6e
localize,#hash_17c43dcfc34b8a85
localize,#hash_17c43acfc34b856c
localize,#hash_2bdc14fbdd2ada9f
localize,#hash_3af28ae138efe63a
localize,#hash_3af289e138efe487
localize,#hash_303dd5e1324b7aab
localize,#hash_303dd6e1324b7c5e
localize,#hash_29c89ce12f42fb90
localize,#hash_29c89fe12f4300a9
localize,#hash_1f1387e1289dece1
localize,#hash_1f1384e1289de7c8
localize,#hash_73bd32e1100ff372
localize,#hash_73bd31e1100ff1bf
localize,#hash_171c9ae7249f78d9
localize,#hash_171c97e7249f73c0
localize,#hash_7dca33e716780dd4
localize,#hash_7dca36e7167812ed
localize,#hash_5f2cce71af2c48f
localize,#hash_5f2cde71af2c642
localize,#hash_31489de7337fddb2
localize,#hash_31489ce7337fdbff
localize,#hash_4a3a72ba85dcd1b8
localize,#hash_4a3a75ba85dcd6d1
localize,#hash_4a3a74ba85dcd51e
localize,#hash_1022ea8b1c2f04e
localize,#hash_1022da8b1c2ee9b
localize,#hash_1022ca8b1c2ece8
localize,#hash_6dd569a85e6c5d4f
localize,#hash_6dd56aa85e6c5f02
localize,#hash_6dd56ba85e6c60b5
localize,#hash_2bdc0969b4b5d2f7
localize,#hash_2bdc0869b4b5d144
localize,#hash_2bdbfe69b4b5c046
localize,#hash_2bdbfc69b4b5bce0
localize,#hash_5e01af2bc6ffc400
localize,#hash_5e01b22bc6ffc919
localize,#hash_5e01b12bc6ffc766
localize,#hash_782db62bd5e02fa5
localize,#hash_782db32bd5e02a8c
localize,#hash_782db42bd5e02c3f
localize,#hash_2bc7d669b4a4d344
localize,#hash_47f6466be824df1c
localize,#hash_47f6496be824e435
localize,#hash_47f6486be824e282
localize,#hash_2ce3a2189f6de91a
localize,#hash_2ce3a1189f6de767
localize,#hash_2ce3a0189f6de5b4
localize,#hash_2ee5fd18e916bebb
localize,#hash_2ee5fe18e916c06e
localize,#hash_2ee5ff18e916c221
localize,#hash_277d3a0e5f83bcb3
localize,#hash_277d390e5f83bb00
localize,#hash_277d470e5f83d2ca
localize,#hash_277d450e5f83cf64
localize,#hash_54f892dcde0774d4
localize,#hash_54f895dcde0779ed
localize,#hash_54f894dcde07783a
localize,#hash_6e4af9dcec2edfd9
localize,#hash_6e4af6dcec2edac0
localize,#hash_6e4af7dcec2edc73
localize,#hash_2769070e5f72bd00
localize,#hash_180e2505c42228cd
localize,#hash_180e2205c42223b4
localize,#hash_180e2305c4222567
localize,#hash_4dfc40f3ef4f46c3
localize,#hash_4dfc41f3ef4f4876
localize,#hash_4dfc42f3ef4f4a29
localize,#hash_620285f4435ea402
localize,#hash_620284f4435ea24f
localize,#hash_620283f4435ea09c
localize,#hash_71c313b4da8f7fda
localize,#hash_71c314b4da8f818d
localize,#hash_71c306b4da8f69c3
localize,#hash_71c308b4da8f6d29
localize,#hash_630a5788cef97df5
localize,#hash_630a5488cef978dc
localize,#hash_630a5588cef97a8f
localize,#hash_49b7d088c0d1dc90
localize,#hash_49b7d388c0d1e1a9
localize,#hash_49b7d288c0d1dff6
localize,#hash_71aebeb4da7e4661
localize,#hash_754797e9a15a8589
localize,#hash_754794e9a15a8070
localize,#hash_754795e9a15a8223
localize,#hash_2e30541e2fa21297
localize,#hash_2e30551e2fa2144a
localize,#hash_2e30561e2fa215fd
localize,#hash_3faa791e8187b436
localize,#hash_3faa781e8187b283
localize,#hash_3faa771e8187b0d0
localize,#hash_2040249f7b2709de
localize,#hash_2040259f7b270b91
localize,#hash_20401f9f7b27015f
localize,#hash_2040219f7b2704c5
localize,#hash_411d6a6caceadb51
localize,#hash_411d676cacead638
localize,#hash_411d686cacead7eb
localize,#hash_26f1636c9e0a6fac
localize,#hash_26f1666c9e0a74c5
localize,#hash_26f1656c9e0a7312
localize,#hash_1ff56f9f7ae79dd5
localize,#hash_45cac5c79bf7c4b3
localize,#hash_45d8efc79c04496d
localize,#hash_45d8ecc79c044454
localize,#hash_45bdc7c79bed3dbd
localize,#hash_459b8fc79bcff82f
localize,#hash_764ace969f8febcf
localize,#hash_763cb8969f838911
localize,#hash_763cb5969f8383f8
localize,#hash_7621d0969f6cea21
localize,#hash_75ff80969f4f7bcb
localize,#hash_598bf1b9ef596526
localize,#hash_597de7b9ef4d16cc
localize,#hash_597deab9ef4d1be5
localize,#hash_5962efb9ef365cac
localize,#hash_594147b9ef1a0bce
localize,#hash_1fa4c21b47609aaa
localize,#hash_1fb2c81b476ce238
localize,#hash_1fb2cb1b476ce751
localize,#hash_1f96e01b47549048
localize,#hash_1f75101b4737fb72
localize,#hash_584e4f6ba7af4fe7
localize,#hash_584e506ba7af519a
localize,#hash_584e516ba7af534d
localize,#hash_6302e46bae538516
localize,#hash_6302e36bae538363
localize,#hash_6302e26bae5381b0
localize,#hash_75d80183ab36576a
localize,#hash_75d80083ab3655b7
localize,#hash_75d7ff83ab365404
localize,#hash_5a620f28f7a0c5af
localize,#hash_5a621028f7a0c762
localize,#hash_5a621128f7a0c915
localize,#hash_61b0c428fb62083e
localize,#hash_61b0c328fb62068b
localize,#hash_61b0c228fb6204d8
localize,#hash_57f6e904a7e37d58
localize,#hash_af43b04c47da984
localize,#hash_372103cf02bc4aa3
localize,#hash_372104cf02bc4c56
localize,#hash_372105cf02bc4e09
localize,#hash_41d5b8cf0960b632
localize,#hash_41d5b7cf0960b47f
localize,#hash_41d5b6cf0960b2cc
localize,#hash_310fade7cc23870e
localize,#hash_310face7cc23855b
localize,#hash_310fabe7cc2383a8
localize,#hash_61e0a38d8b3c0d0b
localize,#hash_61e0a48d8b3c0ebe
localize,#hash_61e0a58d8b3c1071
localize,#hash_6c95d88d91e1521a
localize,#hash_6c95d78d91e15067
localize,#hash_6c95d68d91e14eb4
localize,#hash_20009ee6eede271c
localize,#hash_49ac28e6be0d0270
localize,#hash_756bca3c5581b492
localize,#hash_756bc93c5581b2df
localize,#hash_756bc83c5581b12c
localize,#hash_6e1d153c51c07203
localize,#hash_6e1d163c51c073b6
localize,#hash_6e1d173c51c07569
localize,#hash_487630435e292213
localize,#hash_487631435e2923c6
localize,#hash_487632435e292579
localize,#hash_76b069f5f602cbfa
localize,#hash_76b068f5f602ca47
localize,#hash_76b067f5f602c894
localize,#hash_6f61b4f5f241896b
localize,#hash_6f61b5f5f2418b1e
localize,#hash_6f61b6f5f2418cd1
localize,#hash_6245f7e5313f3041
localize,#hash_38de45e56249ddc1
localize,#hash_50d64ede3c5cd286
localize,#hash_50d64dde3c5cd0d3
localize,#hash_50d64cde3c5ccf20
localize,#hash_48adb9de37e22297
localize,#hash_48adbade37e2244a
localize,#hash_48adbbde37e225fd
localize,#hash_5d84fce51cdd4ddf
localize,#hash_5d84fde51cdd4f92
localize,#hash_5d84fee51cdd5145
localize,#hash_7b95ee9cc4dc94ee
localize,#hash_7b95ed9cc4dc933b
localize,#hash_7b95ec9cc4dc9188
localize,#hash_736db99cc062881f
localize,#hash_736dba9cc06289d2
localize,#hash_736dbb9cc0628b85
localize,#hash_57ef815d4ff69dcd
localize,#hash_256c375d33c3db75
localize,#hash_7ec256137ae290b0
localize,#hash_7ec259137ae295c9
localize,#hash_7ec258137ae29416
localize,#hash_30d409437cbdcf73
localize,#hash_30d40a437cbdd126
localize,#hash_30d40b437cbdd2d9
localize,#hash_38233e43807feb82
localize,#hash_38233d43807fe9cf
localize,#hash_38233c43807fe81c
localize,#hash_76566143a42c2dbb
localize,#hash_76566243a42c2f6e
localize,#hash_76566343a42c3121
localize,#hash_7ccb9643a734a60a
localize,#hash_7ccb9543a734a457
localize,#hash_7ccb9443a734a2a4
localize,#hash_241cf9432c708e43
localize,#hash_241cfa432c708ff6
localize,#hash_241cfb432c7091a9
localize,#hash_787638316a196132
localize,#hash_787637316a195f7f
localize,#hash_2f4b14a8a86f4218
localize,#hash_2f4b17a8a86f4731
localize,#hash_2f4b16a8a86f457e
localize,#hash_15f891a89a47a77f
localize,#hash_15f892a89a47a932
localize,#hash_15f893a89a47aae5
localize,#hash_3b1f4ea1f36b570
localize,#hash_3b1f7ea1f36ba89
localize,#hash_3b1f6ea1f36b8d6
localize,#hash_1d047bea2d5e56d5
localize,#hash_1d0478ea2d5e51bc
localize,#hash_1d0479ea2d5e536f
localize,#hash_168f62ea2a560e1a
localize,#hash_168f61ea2a560c67
localize,#hash_168f60ea2a560ab4
localize,#hash_6b3911ea11c81b77
localize,#hash_6b3912ea11c81d2a
localize,#hash_6b3913ea11c81edd
localize,#hash_608458ea0b23a91c
localize,#hash_60845bea0b23ae35
localize,#hash_60845aea0b23ac82
localize,#hash_7c635fea1b75a941
localize,#hash_7c635cea1b75a428
localize,#hash_7c635dea1b75a5db
localize,#hash_71ae26ea14d05d66
localize,#hash_71ae25ea14d05bb3
localize,#hash_71ae24ea14d05a00
localize,#hash_465855e9fc434443
localize,#hash_465856e9fc4345f6
localize,#hash_465857e9fc4347a9
localize,#hash_179013da15e86baa
localize,#hash_179012da15e869f7
localize,#hash_179011da15e86844
localize,#hash_f67deda116e5edb
localize,#hash_f67dfda116e608e
localize,#hash_f67e0da116e6241
localize,#hash_4b2a5da0ac91300
localize,#hash_4b2a8da0ac91819
localize,#hash_4b2a7da0ac91666
localize,#hash_7e3d90da07c0d111
localize,#hash_7e3d8dda07c0cbf8
localize,#hash_7e3d8eda07c0cdab
localize,#hash_7388d7da011c5eb6
localize,#hash_7388d6da011c5d03
localize,#hash_7388d5da011c5b50
localize,#hash_6c39c2d9fd5a7907
localize,#hash_6c39c3d9fd5a7aba
localize,#hash_6c39c4d9fd5a7c6d
localize,#hash_641189d9f8e0656c
localize,#hash_64118cd9f8e06a85
localize,#hash_64118bd9f8e068d2
localize,#hash_595c74d9f23b56bd
localize,#hash_595c71d9f23b51a4
localize,#hash_595c72d9f23b5357
localize,#hash_719c2426605e5301
localize,#hash_719c2126605e4de8
localize,#hash_719c2226605e4f9b
localize,#hash_59231d2652ef7bdc
localize,#hash_5923202652ef80f5
localize,#hash_59231f2652ef7f42
localize,#hash_6071d62656b0c537
localize,#hash_6071d72656b0c6ea
localize,#hash_6071d82656b0c89d
localize,#hash_bc827266f3eb7da
localize,#hash_bc826266f3eb627
localize,#hash_bc825266f3eb474
localize,#hash_15a34026752a2995
localize,#hash_15a33d26752a247c
localize,#hash_15a33e26752a262f
localize,#hash_7c50b92667028830
localize,#hash_7c50bc2667028d49
localize,#hash_7c50bb2667028b96
localize,#hash_478f2266b7c9bcb
localize,#hash_478f3266b7c9d7e
localize,#hash_478f4266b7c9f31
localize,#hash_25a4332635e6d27e
localize,#hash_25a4322635e6d0cb
localize,#hash_25a4312635e6cf18
localize,#hash_7e26bd9983557836
localize,#hash_7e26bc9983557683
localize,#hash_7e26bb99835574d0
localize,#hash_76d7a8997f939287
localize,#hash_76d7a9997f93943a
localize,#hash_76d7aa997f9395ed
localize,#hash_6eaf6f997b197eec
localize,#hash_6eaf72997b198405
localize,#hash_6eaf71997b198252
localize,#hash_297c92999be29825
localize,#hash_297c8f999be2930c
localize,#hash_297c90999be294bf
localize,#hash_222df9999821852a
localize,#hash_222df89998218377
localize,#hash_222df799982181c4
localize,#hash_1a05c49993a7785b
localize,#hash_1a05c59993a77a0e
localize,#hash_1a05c69993a77bc1
localize,#hash_f508b998d022c80
localize,#hash_f508e998d023199
localize,#hash_f508d998d022fe6
localize,#hash_43591e99628b8c49
localize,#hash_43591b99628b8730
localize,#hash_43591c99628b88e3
localize,#hash_5108d5df785039d
localize,#hash_5108a5df784fe84
localize,#hash_5108b5df7850037
localize,#hash_6ae4865de8a497f8
localize,#hash_6ae4895de8a49d11
localize,#hash_6ae4885de8a49b5e
localize,#hash_75991f5def48d3f3
localize,#hash_7599205def48d5a6
localize,#hash_7599215def48d759
localize,#hash_59ba385ddef70a2e
localize,#hash_59ba375ddef7087b
localize,#hash_59ba365ddef706c8
localize,#hash_646f515de59c1fa9
localize,#hash_646f4e5de59c1a90
localize,#hash_646f4f5de59c1c43
localize,#hash_4a42ea5dd6bb10e4
localize,#hash_4a42ed5dd6bb15fd
localize,#hash_4a42ec5dd6bb144a
localize,#hash_5192035dda7cfd5f
localize,#hash_5192045dda7cff12
localize,#hash_5192055dda7d00c5
localize,#hash_4190ac5e19bfaa8a
localize,#hash_4190ab5e19bfa8d7
localize,#hash_4190aa5e19bfa724
localize,#hash_456ec443261e318e
localize,#hash_456ec343261e2fdb
localize,#hash_456ec243261e2e28
localize,#hash_3b930f432031b6bf
localize,#hash_3b9310432031b872
localize,#hash_3b9311432031ba25
localize,#hash_344476431c70a3c4
localize,#hash_344479431c70a8dd
localize,#hash_344478431c70a72a
localize,#hash_70c499433eab517d
localize,#hash_70c496433eab4c64
localize,#hash_70c497433eab4e17
localize,#hash_66e9604338bfa962
localize,#hash_66e95f4338bfa7af
localize,#hash_66e95e4338bfa5fc
localize,#hash_5f9aab4334fe66d3
localize,#hash_5f9aac4334fe6886
localize,#hash_5f9aad4334fe6a39
localize,#hash_54e592432e595158
localize,#hash_54e595432e595671
localize,#hash_54e594432e5954be
localize,#hash_123fb543514da2d1
localize,#hash_123fb243514d9db8
localize,#hash_123fb343514d9f6b
localize,#hash_49d91490aa92ea25
localize,#hash_49d91190aa92e50c
localize,#hash_49d91290aa92e6bf
localize,#hash_2fad0d909bb27e80
localize,#hash_2fad10909bb28399
localize,#hash_2fad0f909bb281e6
localize,#hash_3a624690a257ca5b
localize,#hash_3a624790a257cc0e
localize,#hash_3a624890a257cdc1
localize,#hash_1e833f909205ca36
localize,#hash_1e833e909205c883
localize,#hash_1e833d909205c6d0
localize,#hash_2937f89098aa3c91
localize,#hash_2937f59098aa3778
localize,#hash_2937f69098aa392b
localize,#hash_f0bf19089c9d0ec
localize,#hash_f0bf49089c9d605
localize,#hash_f0bf39089c9d452
localize,#hash_17342a908e43e487
localize,#hash_17342b908e43e63a
localize,#hash_17342c908e43e7ed
localize,#hash_7de1a390801c4322
localize,#hash_7de1a290801c416f
localize,#hash_7de1a190801c3fbc
localize,#hash_5143fb758845f6e4
localize,#hash_5143fe758845fbfd
localize,#hash_5143fd758845fa4a
localize,#hash_50e4f6ec5e796e37
localize,#hash_50e4f7ec5e796fea
localize,#hash_50e4f8ec5e79719d
localize,#hash_5ac00bec6464d926
localize,#hash_5ac00aec6464d773
localize,#hash_5ac009ec6464d5c0
localize,#hash_b629eec370b0fef
localize,#hash_b629fec370b11a2
localize,#hash_b62a0ec370b1355
localize,#hash_161753ec3daf7b7e
localize,#hash_161752ec3daf79cb
localize,#hash_161751ec3daf7818
localize,#hash_5cc306ecae0ebea7
localize,#hash_5cc307ecae0ec05a
localize,#hash_5cc308ecae0ec20d
localize,#hash_246515da9b6a1a06
localize,#hash_246514da9b6a1853
localize,#hash_6c6eb8ff516319ac
localize,#hash_6c6ebbff51631ec5
localize,#hash_6c6ebaff51631d12
localize,#hash_17c50dff69f1131b
localize,#hash_17c50eff69f114ce
localize,#hash_17c50fff69f11681
localize,#hash_6b29b945b0e15f24
localize,#hash_6b29bc45b0e1643d
localize,#hash_6b29bb45b0e1628a
localize,#hash_5562045bfc26de9
localize,#hash_5561d45bfc268d0
localize,#hash_5561e45bfc26a83
localize,#hash_7e070745bc00816e
localize,#hash_7e070645bc007fbb
localize,#hash_7e070545bc007e08
localize,#hash_167fee45c96f2233
localize,#hash_167fef45c96f23e6
localize,#hash_167ff045c96f2599
localize,#hash_f315545c5ae0f38
localize,#hash_f315845c5ae1451
localize,#hash_f315745c5ae129e
localize,#hash_295d5c45d48e7add
localize,#hash_295d5945d48e75c4
localize,#hash_295d5a45d48e7777
localize,#hash_21352345d0146742
localize,#hash_21352245d014658f
localize,#hash_21352145d01463dc
localize,#hash_3a87aa45de3c08a7
localize,#hash_3a87ab45de3c0a5a
localize,#hash_3a87ac45de3c0c0d
localize,#hash_5f9d988ea051532e
localize,#hash_5f9d978ea051517b
localize,#hash_5f9d968ea0514fc8
localize,#hash_5775638e9bd7465f
localize,#hash_5775648e9bd74812
localize,#hash_5775658e9bd749c5
localize,#hash_50264a8e981559e4
localize,#hash_50264d8e98155efd
localize,#hash_50264c8e98155d4a
localize,#hash_af3ed8eb8df4c9d
localize,#hash_af3ea8eb8df4784
localize,#hash_af3eb8eb8df4937
localize,#hash_2cbb48eb4653902
localize,#hash_2cbb38eb465374f
localize,#hash_2cbb28eb465359c
localize,#hash_7b7c7f8eb0a31cf3
localize,#hash_7b7c808eb0a31ea6
localize,#hash_7b7c818eb0a32059
localize,#hash_70c7e68ea9fee0f8
localize,#hash_70c7e98ea9fee611
localize,#hash_70c7e88ea9fee45e
localize,#hash_2e21898eccf258f1
localize,#hash_2e21868eccf253d8
localize,#hash_2e21878eccf2558b
localize,#hash_65bb68dc263879c5
localize,#hash_65bb65dc263874ac
localize,#hash_65bb66dc2638765f
localize,#hash_4d4261dc18c9a2a0
localize,#hash_4d4264dc18c9a7b9
localize,#hash_4d4263dc18c9a606
localize,#hash_54911adc1c8aebfb
localize,#hash_54911bdc1c8aedae
localize,#hash_54911cdc1c8aef61
localize,#hash_3a6513dc0daa8056
localize,#hash_3a6512dc0daa7ea3
localize,#hash_3a6511dc0daa7cf0
localize,#hash_4519ccdc144ef2b1
localize,#hash_4519c9dc144eed98
localize,#hash_4519cadc144eef4b
localize,#hash_293ac5dc03fcf28c
localize,#hash_293ac8dc03fcf7a5
localize,#hash_293ac7dc03fcf5f2
localize,#hash_33167edc09e97427
localize,#hash_33167fdc09e975da
localize,#hash_331680dc09e9778d
localize,#hash_19c3f7dbfbc1d2c2
localize,#hash_19c3f6dbfbc1d10f
localize,#hash_19c3f5dbfbc1cf5c
localize,#hash_529d4890ff4f9cc2
localize,#hash_529d4790ff4f9b0f
localize,#hash_529d4690ff4f995c
localize,#hash_47e81390f8aa57b3
localize,#hash_47e81490f8aa5966
localize,#hash_47e81590f8aa5b19
localize,#hash_40997a90f4e944b8
localize,#hash_40997d90f4e949d1
localize,#hash_40997c90f4e9481e
localize,#hash_36be4590eefda369
localize,#hash_36be4290eefd9e50
localize,#hash_36be4390eefda003
localize,#hash_2f6f2c90eb3bb6ee
localize,#hash_2f6f2b90eb3bb53b
localize,#hash_2f6f2a90eb3bb388
localize,#hash_2746f790e6c1aa1f
localize,#hash_2746f890e6c1abd2
localize,#hash_2746f990e6c1ad85
localize,#hash_1c91de90e01c94a4
localize,#hash_1c91e190e01c99bd
localize,#hash_1c91e090e01c980a
localize,#hash_1e94b99129c643c5
localize,#hash_1e94b69129c63eac
localize,#hash_1e94b79129c6405f
localize,#hash_5986f855737ef1c9
localize,#hash_5986f555737eecb0
localize,#hash_5986f655737eee63
localize,#hash_3da81155632d2804
localize,#hash_3da81455632d2d1d
localize,#hash_3da81355632d2b6a
localize,#hash_485caa5569d163ff
localize,#hash_485cab5569d165b2
localize,#hash_485cac5569d16765
localize,#hash_73b2fb55825f56a2
localize,#hash_73b2fa55825f54ef
localize,#hash_73b2f955825f533c
localize,#hash_7a2834558567d5bd
localize,#hash_7a2831558567d0a4
localize,#hash_7a2832558567d257
localize,#hash_61af2d5577f8fe98
localize,#hash_61af305577f903b1
localize,#hash_61af2f5577f901fe
localize,#hash_68fe46557bbaeb13
localize,#hash_68fe47557bbaecc6
localize,#hash_68fe48557bbaee79
localize,#hash_145497559448ddb6
localize,#hash_145496559448dc03
localize,#hash_145495559448da50
localize,#hash_3371e825918d21ca
localize,#hash_3371e725918d2017
localize,#hash_3371e625918d1e64
localize,#hash_2996b3258ba1807b
localize,#hash_2996b4258ba1822e
localize,#hash_2996b5258ba183e1
localize,#hash_2247fa2587e03720
localize,#hash_2247fd2587e03c39
localize,#hash_2247fc2587e03a86
localize,#hash_1a1f652583658731
localize,#hash_1a1f622583658218
localize,#hash_1a1f6325836583cb
localize,#hash_f6aac257cc114d6
localize,#hash_f6aab257cc11323
localize,#hash_f6aaa257cc11170
localize,#hash_81c1725790008a7
localize,#hash_81c182579000a5a
localize,#hash_81c192579000c0d
localize,#hash_7e405e257313870c
localize,#hash_7e40612573138c25
localize,#hash_7e40602573138a72
localize,#hash_76f1c9256f527add
localize,#hash_76f1c6256f5275c4
localize,#hash_76f1c7256f527777
localize,#hash_65b5f86cf575f2a1
localize,#hash_65b5f56cf575ed88
localize,#hash_65b5f66cf575ef3b
localize,#hash_4b89f16ce69586fc
localize,#hash_4b89f46ce6958c15
localize,#hash_4b89f36ce6958a62
localize,#hash_52d8aa6cea56d057
localize,#hash_52d8ab6cea56d20a
localize,#hash_52d8ac6cea56d3bd
localize,#hash_7e2efb6d02e4c2fa
localize,#hash_7e2efa6d02e4c147
localize,#hash_7e2ef96d02e4bf94
localize,#hash_657946d075f79b5
localize,#hash_657916d075f749c
localize,#hash_657926d075f764f
localize,#hash_6d050d6cf937d850
localize,#hash_6d05106cf937dd69
localize,#hash_6d050f6cf937dbb6
localize,#hash_76e0466cff23806b
localize,#hash_76e0476cff23821e
localize,#hash_76e0486cff2383d1
localize,#hash_1658876cc81c229e
localize,#hash_1658866cc81c20eb
localize,#hash_1658856cc81c1f38
localize,#hash_4694f9cd30ce46bd
localize,#hash_4694f6cd30ce41a4
localize,#hash_4694f7cd30ce4357
localize,#hash_41a9667963a5a45e
localize,#hash_41a9657963a5a2ab
localize,#hash_41a9647963a5a0f8
localize,#hash_36f4b1795d0138cf
localize,#hash_36f4b2795d013a82
localize,#hash_36f4b3795d013c35
localize,#hash_6521e798a5b0206
localize,#hash_6521d798a5b0053
localize,#hash_6521c798a5afea0
localize,#hash_7e29897985e05217
localize,#hash_7e298a7985e053ca
localize,#hash_7e298b7985e0557d
localize,#hash_4a217679b057cbce
localize,#hash_4a217579b057ca1b
localize,#hash_4a217479b057c868
localize,#hash_686faf67cece408b
localize,#hash_686fb067cece423e
localize,#hash_6c859c62ea2b2091
localize,#hash_6c859962ea2b1b78
localize,#hash_6c859a62ea2b1d2b
localize,#hash_5d81f62f852bb2a
localize,#hash_5d81e62f852b977
localize,#hash_5d81d62f852b7c4
localize,#hash_6a59dc203680a319
localize,#hash_6a59d92036809e00
localize,#hash_6a59da2036809fb3
localize,#hash_5107752028593814
localize,#hash_5107782028593d2d
localize,#hash_5107772028593b7a
localize,#hash_59300e202cd3eecf
localize,#hash_59300f202cd3f082
localize,#hash_593010202cd3f235
localize,#hash_485df20456107f2
localize,#hash_485de204561063f
localize,#hash_485dd204561048c
localize,#hash_f3b18204c0653cd
localize,#hash_f3b15204c064eb4
localize,#hash_f3b16204c065067
localize,#hash_750f11203d25e828
localize,#hash_750f14203d25ed41
localize,#hash_750f13203d25eb8e
localize,#hash_7d372a20419fc563
localize,#hash_7d372b20419fc716
localize,#hash_7d372c20419fc8c9
localize,#hash_288d7b205a2db806
localize,#hash_288d7a205a2db653
localize,#hash_288d79205a2db4a0
localize,#hash_58d99c257a89925f
localize,#hash_58d99d257a899412
localize,#hash_58d99e257a8995c5
localize,#hash_6101d1257f039f2e
localize,#hash_6101d0257f039d7b
localize,#hash_6101cf257f039bc8
localize,#hash_6bb6ea2585a8b4a9
localize,#hash_6bb6e72585a8af90
localize,#hash_6bb6e82585a8b143
localize,#hash_722c1f2588b12cf8
localize,#hash_722c222588b13211
localize,#hash_722c212588b1305e
localize,#hash_7ce0b8258f5568f3
localize,#hash_7ce0b9258f556aa6
localize,#hash_7ce0ba258f556c59
localize,#hash_42fed2593178502
localize,#hash_42fec259317834f
localize,#hash_42feb259317819c
localize,#hash_c5826259791989d
localize,#hash_c58232597919384
localize,#hash_c58242597919537
localize,#hash_170cbb259e35cdcc
localize,#hash_170cbe259e35d2e5
localize,#hash_170cbd259e35d132
localize,#hash_7dd10c839a8b1f34
localize,#hash_7dd10f839a8b244d
localize,#hash_7dd10e839a8b229a
localize,#hash_17237383a8b28a39
localize,#hash_17237083a8b28520
localize,#hash_17237183a8b286d3
localize,#hash_efada83a437d37e
localize,#hash_efad983a437d1cb
localize,#hash_efad883a437d018
localize,#hash_284dc183b2601803
localize,#hash_284dc283b26019b6
localize,#hash_284dc383b2601b69
localize,#hash_1e722883ac73ccc8
localize,#hash_1e722b83ac73d1e1
localize,#hash_1e722a83ac73d02e
localize,#hash_3a512f83bcc5cced
localize,#hash_3a512c83bcc5c7d4
localize,#hash_3a512d83bcc5c987
localize,#hash_2f9c7683b6215a92
localize,#hash_2f9c7583b62158df
localize,#hash_2f9c7483b621572c
localize,#hash_49c87d83c501c637
localize,#hash_49c87e83c501c7ea
localize,#hash_49c87f83c501c99d
localize,#hash_5126d179bbd8613
localize,#hash_5126e179bbd87c6
localize,#hash_5126f179bbd8979
localize,#hash_fc72217a261f1a2
localize,#hash_fc72117a261efef
localize,#hash_fc72017a261ee3c
localize,#hash_163c5b17a56a70bd
localize,#hash_163c5817a56a6ba4
localize,#hash_163c5917a56a6d57
localize,#hash_59bc3817832fc304
localize,#hash_59bc3b17832fc81d
localize,#hash_59bc3a17832fc66a
localize,#hash_6470d11789d3feff
localize,#hash_6470d21789d400b2
localize,#hash_6470d31789d40265
localize,#hash_6ae686178cdd50ce
localize,#hash_6ae685178cdd4f1b
localize,#hash_6ae684178cdd4d68
localize,#hash_759b1f1793818cc9
localize,#hash_759b1c17938187b0
localize,#hash_759b1d1793818963
localize,#hash_41928c17bdf82d00
localize,#hash_41928f17bdf83219
localize,#hash_41928e17bdf83066
localize,#hash_55347cede406ec18
localize,#hash_55347fede406f131
localize,#hash_55347eede406ef7e
localize,#hash_6dad83edf175c33d
localize,#hash_6dad80edf175be24
localize,#hash_6dad81edf175bfd7
localize,#hash_67384aedee6d4422
localize,#hash_673849edee6d426f
localize,#hash_673848edee6d40bc
localize,#hash_3be1f9edd5df517f
localize,#hash_3be1faedd5df5332
localize,#hash_3be1fbedd5df54e5
localize,#hash_312d60edcf3b1584
localize,#hash_312d63edcf3b1a9d
localize,#hash_312d62edcf3b18ea
localize,#hash_4d0c47eddf8cdf49
localize,#hash_4d0c44eddf8cda30
localize,#hash_4d0c45eddf8cdbe3
localize,#hash_4257aeedd8e8a34e
localize,#hash_4257adedd8e8a19b
localize,#hash_4257acedd8e89fe8
localize,#hash_23b8edee10a8cb5b
localize,#hash_23b8eeee10a8cd0e
localize,#hash_23b8efee10a8cec1
localize,#hash_4c5a73c13e863f6b
localize,#hash_4c5a74c13e86411e
localize,#hash_4c5a75c13e8642d1
localize,#hash_53a928c1424781fa
localize,#hash_53a927c142478047
localize,#hash_53a926c142477e94
localize,#hash_5bd1c1c146c238b5
localize,#hash_5bd1bec146c2339c
localize,#hash_5bd1bfc146c2354f
localize,#hash_21041ec125f845fc
localize,#hash_210421c125f84b15
localize,#hash_210420c125f84962
localize,#hash_2852d7c129b98f57
localize,#hash_2852d8c129b9910a
localize,#hash_2852d9c129b992bd
localize,#hash_307b6cc12e343f46
localize,#hash_307b6bc12e343d93
localize,#hash_307b6ac12e343be0
localize,#hash_3b3025c134d8b1a1
localize,#hash_3b3022c134d8ac88
localize,#hash_3b3023c134d8ae3b
localize,#hash_7cfd02c1112c6f68
localize,#hash_7cfd05c1112c7481
localize,#hash_7cfd04c1112c72ce
localize,#hash_19fd84209715ac20
localize,#hash_19fd87209715b139
localize,#hash_19fd86209715af86
localize,#hash_32768b20a4848345
localize,#hash_32768820a4847e2c
localize,#hash_32768920a4847fdf
localize,#hash_2b277220a0c296ca
localize,#hash_2b277120a0c29517
localize,#hash_2b277020a0c29364
localize,#hash_7fd1a12088357da7
localize,#hash_7fd1a22088357f5a
localize,#hash_7fd1a3208835810d
localize,#hash_75f5e8208248fc0c
localize,#hash_75f5eb2082490125
localize,#hash_75f5ea208248ff72
localize,#hash_11d4ef20929afc31
localize,#hash_11d4ec20929af718
localize,#hash_11d4ed20929af8cb
localize,#hash_72036208bf689d6
localize,#hash_72035208bf68823
localize,#hash_72034208bf68670
localize,#hash_5bc9e52073689733
localize,#hash_5bc9e620736898e6
localize,#hash_5bc9e72073689a99
localize,#hash_5ebf65132ee18c69
localize,#hash_5ebf62132ee18750
localize,#hash_5ebf63132ee18903
localize,#hash_49754a8529a6659a
localize,#hash_4975498529a663e7
localize,#hash_4975488529a66234
localize,#hash_3ec015852301208b
localize,#hash_3ec016852301223e
localize,#hash_3ec01785230123f1
localize,#hash_3f2f28502380752
localize,#hash_3f2f1850238059f
localize,#hash_3f2f085023803ec
localize,#hash_793e3d84fb939bc3
localize,#hash_793e3e84fb939d76
localize,#hash_793e3f84fb939f29
localize,#hash_51ecda857657b38a
localize,#hash_51ecd9857657b1d7
localize,#hash_51ecd8857657b024
localize,#hash_6610837346ab45d7
localize,#hash_6610847346ab478a
localize,#hash_3d627a8e784f8dd
localize,#hash_3d624a8e784f3c4
localize,#hash_3d625a8e784f577
localize,#hash_587fd2a8cef6ff6e
localize,#hash_587fd1a8cef6fdbb
localize,#hash_587fd0a8cef6fc08
localize,#hash_591687ea5f053675
localize,#hash_591684ea5f05315c
localize,#hash_591685ea5f05330f
localize,#hash_3fc400ea50dd9510
localize,#hash_3fc403ea50dd9a29
localize,#hash_3fc402ea50dd9876
localize,#hash_463939ea53e6142b
localize,#hash_46393aea53e615de
localize,#hash_46393bea53e61791
localize,#hash_2dc032ea46773d06
localize,#hash_2dc031ea46773b53
localize,#hash_2dc030ea467739a0
localize,#hash_350eebea4a388661
localize,#hash_350ee8ea4a388148
localize,#hash_350ee9ea4a3882fb
localize,#hash_1ae2e4ea3b581abc
localize,#hash_1ae2e7ea3b581fd5
localize,#hash_1ae2e6ea3b581e22
localize,#hash_25979dea41fc8d17
localize,#hash_25979eea41fc8eca
localize,#hash_25979fea41fc907d
localize,#hash_9b896ea31aa8cf2
localize,#hash_9b895ea31aa8b3f
localize,#hash_9b894ea31aa898c
localize,#hash_b53506fce53505b
localize,#hash_b53516fce53520e
localize,#hash_b53526fce5353c1
localize,#hash_137b856fd2cd5d2a
localize,#hash_137b846fd2cd5b77
localize,#hash_137b836fd2cd59c4
localize,#hash_1aca1e6fd68e7025
localize,#hash_1aca1b6fd68e6b0c
localize,#hash_1aca1c6fd68e6cbf
localize,#hash_5ffcfb6fb5c556ec
localize,#hash_5ffcfe6fb5c55c05
localize,#hash_5ffcfd6fb5c55a52
localize,#hash_6825346fba3f6a87
localize,#hash_6825356fba3f6c3a
localize,#hash_6825366fba3f6ded
localize,#hash_6f74496fbe015036
localize,#hash_6f74486fbe014e83
localize,#hash_6f74476fbe014cd0
localize,#hash_7a29026fc4a5c291
localize,#hash_7a28ff6fc4a5bd78
localize,#hash_7a29006fc4a5bf2b
localize,#hash_3ccedf6fa1b17118
localize,#hash_3ccee26fa1b17631
localize,#hash_3ccee16fa1b1747e
localize,#hash_369a0c90372d2d0
localize,#hash_369a3c90372d7e9
localize,#hash_369a2c90372d636
localize,#hash_1cbc27c9119a7435
localize,#hash_1cbc24c9119a6f1c
localize,#hash_1cbc25c9119a70cf
localize,#hash_14938ec90d1fbd7a
localize,#hash_14938dc90d1fbbc7
localize,#hash_14938cc90d1fba14
localize,#hash_693d3dc8f491cad7
localize,#hash_693d3ec8f491cc8a
localize,#hash_693d3fc8f491ce3d
localize,#hash_61ee84c8f0d0817c
localize,#hash_61ee87c8f0d08695
localize,#hash_61ee86c8f0d084e2
localize,#hash_7c1a8bc8ffb0ed21
localize,#hash_7c1a88c8ffb0e808
localize,#hash_7c1a89c8ffb0e9bb
localize,#hash_7165d2c8f90c7ac6
localize,#hash_7165d1c8f90c7913
localize,#hash_7165d0c8f90c7760
localize,#hash_460f81c8e07e8823
localize,#hash_460f82c8e07e89d6
localize,#hash_460f83c8e07e8b89
localize,#hash_1da79817399875c7
localize,#hash_1da799173998777a
localize,#hash_1da79a173998792d
localize,#hash_285cad17403d8476
localize,#hash_285cac17403d82c3
localize,#hash_285cab17403d8110
localize,#hash_2fab661743fecdd1
localize,#hash_2fab631743fec8b8
localize,#hash_2fab641743feca6b
localize,#hash_39867b1749ea38c0
localize,#hash_39867e1749ea3dd9
localize,#hash_39867d1749ea3c26
localize,#hash_40d5b4174dac5b9b
localize,#hash_40d5b5174dac5d4e
localize,#hash_40d5b6174dac5f01
localize,#hash_48fde9175226686a
localize,#hash_48fde817522666b7
localize,#hash_48fde71752266504
localize,#hash_53b2821758caa465
localize,#hash_53b27f1758ca9f4c
localize,#hash_53b2801758caa0ff
localize,#hash_51b027170f21cec4
localize,#hash_51b02a170f21d3dd
localize,#hash_51b029170f21d22a
localize,#hash_6cf087ed8129b4ac
localize,#hash_6cf08aed8129b9c5
localize,#hash_6cf089ed8129b812
localize,#hash_71c8eed900a2051
localize,#hash_71c8bed900a1b38
localize,#hash_71c8ced900a1ceb
localize,#hash_7fcdd5ed8c48d6f6
localize,#hash_7fcdd4ed8c48d543
localize,#hash_7fcdd3ed8c48d390
localize,#hash_1846dced99b7ae1b
localize,#hash_1846dded99b7afce
localize,#hash_1846deed99b7b181
localize,#hash_10f7a3ed95f58b40
localize,#hash_10f7a6ed95f59059
localize,#hash_10f7a5ed95f58ea6
localize,#hash_2b23aaeda4d5f6e5
localize,#hash_2b23a7eda4d5f1cc
localize,#hash_2b23a8eda4d5f37f
localize,#hash_206f11ed9e31baea
localize,#hash_206f10ed9e31b937
localize,#hash_206f0fed9e31b784
localize,#hash_306fe8ed5eee343f
localize,#hash_306fe9ed5eee35f2
localize,#hash_306feaed5eee37a5
localize,#hash_3c64f5944d1d76f
localize,#hash_3c6505944d1d922
localize,#hash_3c6515944d1dad5
localize,#hash_e7b04594b7642fe
localize,#hash_e7b03594b76414b
localize,#hash_e7b02594b763f98
localize,#hash_16a39d594ff0f9b9
localize,#hash_16a39a594ff0f4a0
localize,#hash_16a39b594ff0f653
localize,#hash_1df2525953b23c48
localize,#hash_1df2555953b24161
localize,#hash_1df2545953b23fae
localize,#hash_27cdeb59599e8783
localize,#hash_27cdec59599e8936
localize,#hash_27cded59599e8ae9
localize,#hash_2f1ca0595d5fca12
localize,#hash_2f1c9f595d5fc85f
localize,#hash_2f1c9e595d5fc6ac
localize,#hash_39d1595964043c6d
localize,#hash_39d1565964043754
localize,#hash_39d1575964043907
localize,#hash_41f9ee59687eec5c
localize,#hash_41f9f159687ef175
localize,#hash_41f9f059687eefc2
localize,#hash_27ee7fb3b562cf84
localize,#hash_27ee82b3b562d49d
localize,#hash_27ee81b3b562d2ea
localize,#hash_43cd66b3c5b49949
localize,#hash_43cd63b3c5b49430
localize,#hash_43cd64b3c5b495e3
localize,#hash_3918cdb3bf105d4e
localize,#hash_3918ccb3bf105b9b
localize,#hash_3918cbb3bf1059e8
localize,#hash_5344b4b3cdf09293
localize,#hash_5344b5b3cdf09446
localize,#hash_5344b6b3cdf095f9
localize,#hash_4bf59bb3ca2ea618
localize,#hash_4bf59eb3ca2eab31
localize,#hash_4bf59db3ca2ea97e
localize,#hash_646ea2b3d79d7d3d
localize,#hash_646e9fb3d79d7824
localize,#hash_646ea0b3d79d79d7
localize,#hash_5df969b3d494fe22
localize,#hash_5df968b3d494fc6f
localize,#hash_5df967b3d494fabc
localize,#hash_774bf0b3e2bc9f87
localize,#hash_774bf1b3e2bca13a
localize,#hash_774bf2b3e2bca2ed
localize,#hash_3979e73582847183
localize,#hash_396f7b35827b657a
localize,#hash_3968ec35827606cf
localize,#hash_b86e04a7e635b4f
localize,#hash_b97744a7e7116fe
localize,#hash_babdd4a7e827273
localize,#hash_a46a068fdb57419
localize,#hash_a579c68fdc3e080
localize,#hash_a5ead68fdca1c11
localize,#hash_5abbaa5336cd9aa
localize,#hash_5b5a6a533750c33
localize,#hash_593ada5335831b2
localize,#hash_2c6b6e4bfc382812
localize,#hash_2c757a4bfc4090fb
localize,#hash_2c8a014bfc521f6a
localize,#hash_2797a910d6914897
localize,#hash_2797aa10d6914a4a
localize,#hash_2797ab10d6914bfd
localize,#hash_1ce2f010cfecd63c
localize,#hash_1ce2f310cfecdb55
localize,#hash_1ce2f210cfecd9a2
localize,#hash_7ff365a8c6337bf0
localize,#hash_7ff368a8c6338109
localize,#hash_7ff367a8c6337f56
localize,#hash_81b9ea8caad8f8b
localize,#hash_81b9fa8caad913e
localize,#hash_81ba0a8caad92f1
localize,#hash_4bd048e0c7a4fa02
localize,#hash_4bd047e0c7a4f84f
localize,#hash_4bd046e0c7a4f69c
localize,#hash_53f881e0cc1f0d9d
localize,#hash_53f87ee0cc1f0884
localize,#hash_53f87fe0cc1f0a37
localize,#hash_380fd1fa622fd3da
localize,#hash_380fd0fa622fd227
localize,#hash_380fcffa622fd074
localize,#hash_27169aeef76d68f6
localize,#hash_271699eef76d6743
localize,#hash_271698eef76d6590
localize,#hash_4576e7a6e7a3f126
localize,#hash_4576e6a6e7a3ef73
localize,#hash_4576e5a6e7a3edc0
localize,#hash_2dba21838557f0f8
localize,#hash_2dba24838557f611
localize,#hash_2dba23838557f45e
localize,#hash_f1b6083bd181905
localize,#hash_f1b5d83bd1813ec
localize,#hash_f1b5e83bd18159f
localize,#hash_3dbb18834614a0ad
localize,#hash_3dbb158346149b94
localize,#hash_3dbb168346149d47
localize,#hash_399fbad6669fa73c
localize,#hash_6841608e2f488834
localize,#hash_6841638e2f488d4d
localize,#hash_6841628e2f488b9a
localize,#hash_593df16ba2336ad9
localize,#hash_593dee6ba23365c0
localize,#hash_593def6ba2336773
localize,#hash_494426bbac15d7c
localize,#hash_494456bbac16295
localize,#hash_494446bbac160e2
localize,#hash_12d7645dc7332364
localize,#hash_12d7675dc733287d
localize,#hash_12d7665dc73326ca
localize,#hash_2d03cb5dd6143229
localize,#hash_2d03c85dd6142d10
localize,#hash_2d03c95dd6142ec3
localize,#hash_1659787188ca589a
localize,#hash_1659777188ca56e7
localize,#hash_1659767188ca5534
localize,#hash_1a07139b27395566
localize,#hash_1a07129b273953b3
localize,#hash_1a07119b27395200
localize,#hash_17b4b08933c7f60f
localize,#hash_17b4b18933c7f7c2
localize,#hash_17b4b28933c7f975
localize,#hash_71ecd335e46bb432
localize,#hash_71ecd235e46bb27f
localize,#hash_71ecd135e46bb0cc
localize,#hash_50545fb86cea247
localize,#hash_50546fb86cea3fa
localize,#hash_50547fb86cea5ad
localize,#hash_6bf74af2a41ecf97
localize,#hash_6bf74bf2a41ed14a
localize,#hash_6bf74cf2a41ed2fd
localize,#hash_702dcde34042fa52
localize,#hash_702dcce34042f89f
localize,#hash_702dcbe34042f6ec
localize,#hash_15c48b57e85e054b
localize,#hash_15c48c57e85e06fe
localize,#hash_15c48d57e85e08b1
localize,#hash_4c6d7e4d3d5357fb
localize,#hash_4c6d7f4d3d5359ae
localize,#hash_4c6d804d3d535b61
localize,#hash_451ec54d39920ea0
localize,#hash_451ec84d399213b9
localize,#hash_451ec74d39921206
localize,#hash_24908058f6eb9fdc
localize,#hash_24908358f6eba4f5
localize,#hash_24908258f6eba342
localize,#hash_2bdf3958faace937
localize,#hash_2bdf3a58faaceaea
localize,#hash_2bdf3b58faacec9d
localize,#hash_39591582725501ee
localize,#hash_395914827255003b
localize,#hash_395913827254fe88
localize,#hash_40a82e827616ee69
localize,#hash_40a82b827616e950
localize,#hash_40a82c827616eb03
localize,#hash_4f27fe99976ebb66
localize,#hash_4f27fd99976eb9b3
localize,#hash_4f27fc99976eb800
localize,#hash_688367931563fc22
localize,#hash_688366931563fa6f
localize,#hash_688365931563f8bc
localize,#hash_c160cceb908fcca
localize,#hash_c160bceb908fb17
localize,#hash_c160aceb908f964
localize,#hash_5650b6ed1e8a7b64
localize,#hash_5650b9ed1e8a807d
localize,#hash_5650b8ed1e8a7eca
localize,#hash_344bf5ed53677a71
localize,#hash_344bf2ed53677558
localize,#hash_344bf3ed5367770b
localize,#hash_63c58decdd1d6f79
localize,#hash_63c58aecdd1d6a60
localize,#hash_63c58becdd1d6c13
localize,#hash_15efca6fe18ad5f0
localize,#hash_194fe5f8152d03b0
localize,#hash_194fe8f8152d08c9
localize,#hash_194fe7f8152d0716
localize,#hash_602d960fe79935cd
localize,#hash_602d930fe79930b4
localize,#hash_602d940fe7993267
localize,#hash_b83c7100026f210
localize,#hash_b83ca100026f729
localize,#hash_b83c9100026f576
localize,#hash_6843b14184394c48
localize,#hash_6843b44184395161
localize,#hash_6843b34184394fae
localize,#hash_422b841948b4c6d
localize,#hash_422b541948b4754
localize,#hash_422b641948b4907
localize,#hash_6ff6a5a33338a96e
localize,#hash_6ff6a4a33338a7bb
localize,#hash_6ff6a3a33338a608
localize,#hash_f2938890d974aea
localize,#hash_f2937890d974937
localize,#hash_f2936890d974784
localize,#hash_25630d79b420fafb
localize,#hash_25630e79b420fcae
localize,#hash_25630f79b420fe61
localize,#hash_f59d867b4d7a84e
localize,#hash_f59d767b4d7a69b
localize,#hash_f59d667b4d7a4e8
localize,#hash_495ed3fe5b3b2163
localize,#hash_495ed4fe5b3b2316
localize,#hash_495ed5fe5b3b24c9
localize,#hash_28492139d82b6783
localize,#hash_28492239d82b6936
localize,#hash_28492339d82b6ae9
localize,#hash_26958c287528b336
localize,#hash_26958b287528b183
localize,#hash_26958a287528afd0
localize,#hash_120f615a9331fdbf
localize,#hash_120f625a9331ff72
localize,#hash_120f635a93320125
localize,#hash_43116b685fae78e6
localize,#hash_43116a685fae7733
localize,#hash_431169685fae7580
localize,#hash_4dc6a4686653c4c1
localize,#hash_4dc6a1686653bfa8
localize,#hash_4dc6a2686653c15b
localize,#hash_22a596729dbbef29
localize,#hash_22a593729dbbea10
localize,#hash_22a594729dbbebc3
localize,#hash_17f07d729716d9ae
localize,#hash_17f07c729716d7fb
localize,#hash_17f07b729716d648
localize,#hash_2bab316684ea2c4f
localize,#hash_2bab326684ea2e02
localize,#hash_2bab336684ea2fb5
localize,#hash_23829866806f7594
localize,#hash_23829b66806f7aad
localize,#hash_23829a66806f78fa
localize,#hash_13f88870b71e4a93
localize,#hash_13f88970b71e4c46
localize,#hash_13f88a70b71e4df9
localize,#hash_7edcbf773cc53377
localize,#hash_7edcc0773cc5352a
localize,#hash_7edcc1773cc536dd
localize,#hash_480cb2a102a28e8b
localize,#hash_480cb3a102a2903e
localize,#hash_480cb4a102a291f1
localize,#hash_48e758c3c67d9199
localize,#hash_48e755c3c67d8c80
localize,#hash_48e756c3c67d8e33
localize,#hash_743da9c3df0b843c
localize,#hash_743dacc3df0b8955
localize,#hash_743dabc3df0b87a2
localize,#hash_39c001c40679e284
localize,#hash_39c004c40679e79d
localize,#hash_39c003c40679e5ea
localize,#hash_2e7358d325129a85
localize,#hash_228441dcc6336191
localize,#hash_22843edcc6335c78
localize,#hash_22843fdcc6335e2b
localize,#hash_1f4f89e2c3cbd158
localize,#hash_1f4f8ce2c3cbd671
localize,#hash_1f4f8be2c3cbd4be
localize,#hash_b0c8e2fb8bf965
localize,#hash_b0c5e2fb8bf44c
localize,#hash_b0c6e2fb8bf5ff
localize,#hash_7aaad7164343c809
localize,#hash_7aaad4164343c2f0
localize,#hash_7aaad5164343c4a3
localize,#hash_6231f01635d52744
localize,#hash_6231f31635d52c5d
localize,#hash_6231f21635d52aaa
localize,#hash_3293acfa7936da0f
localize,#hash_3293adfa7936dbc2
localize,#hash_3293aefa7936dd75
localize,#hash_6add31f407a333df
localize,#hash_6add32f407a33592
localize,#hash_6add33f407a33745
localize,#hash_313874e2ce393c9a
localize,#hash_313873e2ce393ae7
localize,#hash_313872e2ce393934
localize,#hash_2aa5f1d0d72ada23
localize,#hash_2aa5f2d0d72adbd6
localize,#hash_2aa5f3d0d72add89
localize,#hash_119ae8ca2b92426
localize,#hash_119ad8ca2b92273
localize,#hash_119ac8ca2b920c0
localize,#hash_6267217456421142
localize,#hash_6267207456420f8f
localize,#hash_62671f7456420ddc
localize,#hash_2156f66286a20d13
localize,#hash_2156f76286a20ec6
localize,#hash_2156f86286a21079
localize,#hash_3776e1d72681f176
localize,#hash_3776e0d72681efc3
localize,#hash_3776dfd72681ee10
localize,#hash_56a87e59df30f09a
localize,#hash_56a87d59df30eee7
localize,#hash_56a87c59df30ed34
localize,#hash_5d1d9759e2393955
localize,#hash_5d1d9459e239343c
localize,#hash_5d1d9559e23935ef
localize,#hash_323000bc3f336d45
localize,#hash_322ffdbc3f33682c
localize,#hash_322ffebc3f3369df
localize,#hash_2ae0e7bc3b7180ca
localize,#hash_2ae0e6bc3b717f17
localize,#hash_2ae0e5bc3b717d64
localize,#hash_39d994c1ff6eb2db
localize,#hash_39d995c1ff6eb48e
localize,#hash_39d996c1ff6eb641
localize,#hash_2f245bc1f8c96700
localize,#hash_2f245ec1f8c96c19
localize,#hash_2f245dc1f8c96a66
localize,#hash_cf74bcb94a28eff
localize,#hash_cf74ccb94a290b2
localize,#hash_cf74dcb94a29265
localize,#hash_739c62d216ae27c3
localize,#hash_739c63d216ae2976
localize,#hash_739c64d216ae2b29
localize,#hash_7b899dfbb8b94e2f
localize,#hash_7b899efbb8b94fe2
localize,#hash_7b899ffbb8b95195
localize,#hash_314ef3dd5337cf95
localize,#hash_314ef0dd5337ca7c
localize,#hash_314ef1dd5337cc2f
localize,#hash_50c734dd1c3071c8
localize,#hash_50c737dd1c3076e1
localize,#hash_50c736dd1c30752e
localize,#hash_22277cdd9333ea20
localize,#hash_22277fdd9333ef39
localize,#hash_22277edd9333ed86
localize,#hash_6ac451f4c92a8619
localize,#hash_5eda1cf5177c604d
localize,#hash_5eda19f5177c5b34
localize,#hash_5eda1af5177c5ce7
localize,#hash_52937436612a6bdc
localize,#hash_52937736612a70f5
localize,#hash_52937636612a6f42
localize,#hash_273d2336489c7939
localize,#hash_273d2036489c7420
localize,#hash_273d2136489c75d3
localize,#hash_73dbb923a7d8347d
localize,#hash_73dbb623a7d82f64
localize,#hash_73dbb723a7d83117
localize,#hash_57fcb22397863458
localize,#hash_57fcb52397863971
localize,#hash_57fcb423978637be
localize,#hash_24044f53d3bfd3d3
localize,#hash_24045053d3bfd586
localize,#hash_24045153d3bfd739
localize,#hash_2ee1c8f50af4073
localize,#hash_2ee1d8f50af4226
localize,#hash_2ee1e8f50af43d9
localize,#hash_61077decf3c1e6
localize,#hash_61067decf3c033
localize,#hash_61057decf3be80
localize,#hash_6bdb5cb00afde5ef
localize,#hash_6bdb5db00afde7a2
localize,#hash_6bdb5eb00afde955
localize,#hash_3667a446f32a6482
localize,#hash_3667a346f32a62cf
localize,#hash_3667a246f32a611c
localize,#hash_3bc85f70930b2c2e
localize,#hash_3bc85e70930b2a7b
localize,#hash_3bc85d70930b28c8
localize,#hash_4ea51c5f3c993577
localize,#hash_4ea51d5f3c99372a
localize,#hash_4ea51e5f3c9938dd
localize,#hash_3d4abf91ed3c634a
localize,#hash_3d4abe91ed3c6197
localize,#hash_3d4abd91ed3c5fe4
localize,#hash_3a3937d295208c90
localize,#hash_3a393ad2952091a9
localize,#hash_3a3939d295208ff6
localize,#hash_3a393cd29520950f
localize,#hash_3a393bd29520935c
localize,#hash_74b6ffd26db264a8
localize,#hash_74b702d26db269c1
localize,#hash_74b701d26db2680e
localize,#hash_74b704d26db26d27
localize,#hash_74b703d26db26b74
localize,#hash_121aa7d76a5fc86d
localize,#hash_10a024d2b75d78e4
localize,#hash_10a027d2b75d7dfd
localize,#hash_10a026d2b75d7c4a
localize,#hash_10a021d2b75d73cb
localize,#hash_10a020d2b75d7218
localize,#hash_56225cd2decba0cc
localize,#hash_56225fd2decba5e5
localize,#hash_56225ed2decba432
localize,#hash_562259d2decb9bb3
localize,#hash_562258d2decb9a00
localize,#hash_1f9d22e327db7659
localize,#hash_7d533ca8f7c4e761
localize,#hash_7d5339a8f7c4e248
localize,#hash_7d533aa8f7c4e3fb
localize,#hash_7d533fa8f7c4ec7a
localize,#hash_7d5340a8f7c4ee2d
localize,#hash_37d0e4a8d0568919
localize,#hash_37d0e1a8d0568400
localize,#hash_37d0e2a8d05685b3
localize,#hash_37d0e7a8d0568e32
localize,#hash_37d0e8a8d0568fe5
localize,#hash_390f2fe6c885d000
localize,#hash_5c9e04ca8a906d25
localize,#hash_5c9e01ca8a90680c
localize,#hash_5c9e02ca8a9069bf
localize,#hash_5c9dffca8a9064a6
localize,#hash_5c9e00ca8a906659
localize,#hash_171bccca6322453d
localize,#hash_171bc9ca63224024
localize,#hash_171bcaca632241d7
localize,#hash_171bc7ca63223cbe
localize,#hash_171bc8ca63223e71
localize,#hash_1da8e107aab8505c
localize,#hash_94b03796cee558e
localize,#hash_94b02796cee53db
localize,#hash_94b01796cee5228
localize,#hash_52154012f2b7d4bb
localize,#hash_52154112f2b7d66e
localize,#hash_52154212f2b7d821
localize,#hash_41b9a30d8b07efc
localize,#hash_41b9d30d8b08415
localize,#hash_41b9c30d8b08262
localize,#hash_d4472ac0978e0a1
localize,#hash_d446fac0978db88
localize,#hash_d4470ac0978dd3b
localize,#hash_b3d39f70b406d6
localize,#hash_b3d29f70b40523
localize,#hash_b3d19f70b40370
localize,#hash_337f238679151739
localize,#hash_337f208679151220
localize,#hash_337f2186791513d3
localize,#hash_78d298e0b4104ccd
localize,#hash_78d295e0b41047b4
localize,#hash_78d296e0b4104967
localize,#hash_769dc0c90859aeb8
localize,#hash_769dc3c90859b3d1
localize,#hash_769dc2c90859b21e
localize,#hash_f79d5d080a6b4d6
localize,#hash_f79d4d080a6b323
localize,#hash_f79d3d080a6b170
localize,#hash_267f44c325b525c5
localize,#hash_26c89592b00258cd
localize,#hash_540289a5dd4cd2ba
localize,#hash_540288a5dd4cd107
localize,#hash_540287a5dd4ccf54
localize,#hash_5d8fecffbe0922ef
localize,#hash_5d8fedffbe0924a2
localize,#hash_5d8feeffbe092655
localize,#hash_f0368adce71c3e0
localize,#hash_f036badce71c8f9
localize,#hash_f036aadce71c746
localize,#hash_6aa9d80a058a3eb5
localize,#hash_6aa9d50a058a399c
localize,#hash_6aa9d60a058a3b4f
localize,#hash_7216813ec072caba
localize,#hash_7216803ec072c907
localize,#hash_72167f3ec072c754
localize,#hash_4d8d91270161f15d
localize,#hash_4d8d8e270161ec44
localize,#hash_4d8d8f270161edf7
localize,#hash_77a5edfceb364539
localize,#hash_77a5eafceb364020
localize,#hash_77a5ebfceb3641d3
localize,#hash_4ccfb5e05839fcc4
localize,#hash_4ccfb8e0583a01dd
localize,#hash_4ccfb7e0583a002a
localize,#hash_7f1222ea6b3bec6a
localize,#hash_7f1221ea6b3beab7
localize,#hash_7f1220ea6b3be904
localize,#hash_495be78cce830881
localize,#hash_344b109e6d7e06b9
localize,#hash_40d5c90426b13997
localize,#hash_40d5ca0426b13b4a
localize,#hash_40d5cb0426b13cfd
localize,#hash_53e19721ee95d652
localize,#hash_53e19621ee95d49f
localize,#hash_53e19521ee95d2ec
localize,#hash_1fe9291dafbc79b5
localize,#hash_1fe9261dafbc749c
localize,#hash_1fe9271dafbc764f
localize,#hash_28b4e7aa6498b6c0
localize,#hash_28b4eaaa6498bbd9
localize,#hash_28b4e9aa6498ba26
localize,#hash_319ae6dfb0aa78a7
localize,#hash_319ae7dfb0aa7a5a
localize,#hash_319ae8dfb0aa7c0d
localize,#hash_7fe3f6d3a18ac568
localize,#hash_7fe3f9d3a18aca81
localize,#hash_7fe3f8d3a18ac8ce
localize,#hash_5652b99d5c2e7ab8
localize,#hash_5652bc9d5c2e7fd1
localize,#hash_5652bb9d5c2e7e1e
localize,#hash_5c1f8991fd695279
localize,#hash_5c1f8691fd694d60
localize,#hash_5c1f8791fd694f13
localize,#hash_4c94848ad286648b
localize,#hash_4c94858ad286663e
localize,#hash_4c94868ad28667f1
localize,#hash_384d3506acf7d344
localize,#hash_6450841356a47260
localize,#hash_3e9c5a3162450e3
localize,#hash_3e9c6a316245296
localize,#hash_3e9c7a316245449
localize,#hash_30110e0fa020f466
localize,#hash_30110d0fa020f2b3
localize,#hash_30110c0fa020f100
localize,#hash_7988a3d6ce7911b9
localize,#hash_7988a0d6ce790ca0
localize,#hash_7988a1d6ce790e53
localize,#hash_4dd78471b6510d94
localize,#hash_4dd78771b65112ad
localize,#hash_4dd78671b65110fa
localize,#hash_77b1b602c98cc0b
localize,#hash_77b1c602c98cdbe
localize,#hash_77b1d602c98cf71
localize,#hash_2b50eb5a40e9030c
localize,#hash_2b50ee5a40e90825
localize,#hash_2b50ed5a40e90672
localize,#hash_7cb9d61e4e67b294
localize,#hash_7cb9d91e4e67b7ad
localize,#hash_7cb9d81e4e67b5fa
localize,#hash_2e8e2617d9cb9415
localize,#hash_2e8e2317d9cb8efc
localize,#hash_2e8e2417d9cb90af
localize,#hash_78e5b90dc3e67b6f
localize,#hash_78e5ba0dc3e67d22
localize,#hash_78e5bb0dc3e67ed5
localize,#hash_1c8ad9ef0f1ae420
localize,#hash_5d4550b9a38f56bc
localize,#hash_4e285053e18b9d3e
localize,#hash_4e284f53e18b9b8b
localize,#hash_7112c9bfec9d9f6a
localize,#hash_7112c8bfec9d9db7
localize,#hash_121c5a766c5b15d0
localize,#hash_121c5d766c5b1ae9
localize,#hash_6e9315ad92d674eb
localize,#hash_6e9316ad92d6769e
localize,#hash_3258839c7db307f3
localize,#hash_3258849c7db309a6
localize,#hash_40fcf5243e82c702
localize,#hash_40fcf4243e82c54f
localize,#hash_40fcf3243e82c39c
localize,#hash_4829daa1d3a8ebb
localize,#hash_4829eaa1d3a906e
localize,#hash_4829faa1d3a9221
localize,#hash_5c1580fd882c620a
localize,#hash_5c157ffd882c6057
localize,#hash_5c157efd882c5ea4
localize,#hash_5c157dfd882c5cf1
localize,#hash_5c157cfd882c5b3e
localize,#hash_44aec95bff76383c
localize,#hash_44aecc5bff763d55
localize,#hash_44aecb5bff763ba2
localize,#hash_44aec65bff763323
localize,#hash_cdb965b06e44353
localize,#hash_cdb975b06e44506
localize,#hash_cdb985b06e446b9
localize,#hash_cdb995b06e4486c
localize,#hash_cdb9a5b06e44a1f
localize,#hash_5777cdff037516b6
localize,#hash_66f143062e489cc1
localize,#hash_7e43afc86b6e35ae
localize,#hash_7e43aec86b6e33fb
localize,#hash_7e43adc86b6e3248
localize,#hash_186368561e0647ff
localize,#hash_186369561e0649b2
localize,#hash_18636a561e064b65
localize,#hash_6ff6cba988f8f4ce
localize,#hash_6ff6caa988f8f31b
localize,#hash_6ff6c9a988f8f168
localize,#hash_6ff6d0a988f8fd4d
localize,#hash_6ff6cfa988f8fb9a
localize,#hash_48f93d4dce324b28
localize,#hash_48f9404dce325041
localize,#hash_48f93f4dce324e8e
localize,#hash_48f9424dce3253a7
localize,#hash_5268624cf971e7c7
localize,#hash_5268634cf971e97a
localize,#hash_5268644cf971eb2d
localize,#hash_52685d4cf971df48
localize,#hash_52685e4cf971e0fb
localize,#hash_4f2675175c23c0ea
localize,#hash_1911d9dbadacdf2d
localize,#hash_5c7b26bdf8a4768b
localize,#hash_5c7b27bdf8a4783e
localize,#hash_5c7b28bdf8a479f1
localize,#hash_5ead33753fdc1b8e
localize,#hash_5ead32753fdc19db
localize,#hash_5ead31753fdc1828
localize,#hash_17f0b0c92ac5580b
localize,#hash_17f0b1c92ac559be
localize,#hash_17f0b2c92ac55b71
localize,#hash_17f0b3c92ac55d24
localize,#hash_17f0b4c92ac55ed7
localize,#hash_143ff01b73ee035
localize,#hash_143fc01b73edb1c
localize,#hash_143fd01b73edccf
localize,#hash_143fa01b73ed7b6
localize,#hash_45cec203001eefce
localize,#hash_45cec103001eee1b
localize,#hash_45cec003001eec68
localize,#hash_45cec703001ef84d
localize,#hash_45cec603001ef69a
localize,#hash_5020574a41ac155b
localize,#hash_5a62aa20aa2c1524
localize,#hash_548a39b0a987515f
localize,#hash_548a3ab0a9875312
localize,#hash_548a3bb0a98754c5
localize,#hash_7b2672d1a9ada60a
localize,#hash_7b2671d1a9ada457
localize,#hash_7b2670d1a9ada2a4
localize,#hash_20ee5024f909e7e7
localize,#hash_20ee5124f909e99a
localize,#hash_20ee5224f909eb4d
localize,#hash_20ee4b24f909df68
localize,#hash_20ee4c24f909e11b
localize,#hash_2418071f2900c909
localize,#hash_2418041f2900c3f0
localize,#hash_2418051f2900c5a3
localize,#hash_24180a1f2900ce22
localize,#hash_24d392204be4453a
localize,#hash_24d391204be44387
localize,#hash_24d390204be441d4
localize,#hash_24d38f204be44021
localize,#hash_24d38e204be43e6e
localize,#hash_6f60c3b1c5d38927
localize,#hash_4036e6ceb73cee68
localize,#hash_35544eff84c76858
localize,#hash_355451ff84c76d71
localize,#hash_355450ff84c76bbe
localize,#hash_40249357d15927dc
localize,#hash_40249657d1592cf5
localize,#hash_40249557d1592b42
localize,#hash_cd83b53b0c6f1fc
localize,#hash_cd83e53b0c6f715
localize,#hash_cd83d53b0c6f562
localize,#hash_468514e9d90fd4ea
localize,#hash_468513e9d90fd337
localize,#hash_468512e9d90fd184
localize,#hash_5e685bfe1d8d80ca
localize,#hash_5e685afe1d8d7f17
localize,#hash_5e6859fe1d8d7d64
localize,#hash_2345bcbd816081b4
localize,#hash_2345bfbd816086cd
localize,#hash_2345bebd8160851a
localize,#hash_46132a582c644fc8
localize,#hash_46132d582c6454e1
localize,#hash_46132c582c64532e
localize,#hash_e8ec902e576a790
localize,#hash_e8ecc02e576aca9
localize,#hash_e8ecb02e576aaf6
localize,#hash_3dae966c200fec09
localize,#hash_3dae936c200fe6f0
localize,#hash_3dae946c200fe8a3
localize,#hash_155cb1ac15e6c38d
localize,#hash_155caeac15e6be74
localize,#hash_155cafac15e6c027
localize,#hash_19d91b9b3b0dd735
localize,#hash_19d9189b3b0dd21c
localize,#hash_19d9199b3b0dd3cf
localize,#hash_5829b144f5008fa5
localize,#hash_5829ae44f5008a8c
localize,#hash_5829af44f5008c3f
localize,#hash_612c17de7dfa3175
localize,#hash_612c14de7dfa2c5c
localize,#hash_612c15de7dfa2e0f
localize,#hash_6b101b7d83082675
localize,#hash_6b10187d8308215c
localize,#hash_6b10197d8308230f
localize,#hash_2cf0f122b32ce969
localize,#hash_2cf0ee22b32ce450
localize,#hash_2cf0ef22b32ce603
localize,#hash_3874c921ed312f49
localize,#hash_3874c621ed312a30
localize,#hash_3874c721ed312be3
localize,#hash_16cd58886f6a2c0c
localize,#hash_16cd5b886f6a3125
localize,#hash_16cd5a886f6a2f72
localize,#hash_435c6a98e09b36f0
localize,#hash_435c6d98e09b3c09
localize,#hash_435c6c98e09b3a56
localize,#hash_696e01b5bce49728
localize,#hash_696e04b5bce49c41
localize,#hash_696e03b5bce49a8e
localize,#hash_6ffb55b1061d3d98
localize,#hash_6ffb58b1061d42b1
localize,#hash_6ffb57b1061d40fe
localize,#hash_6962fe3a122e8b99
localize,#hash_6962fb3a122e8680
localize,#hash_6962fc3a122e8833
localize,#hash_641abee21b8fd9d3
localize,#hash_641abfe21b8fdb86
localize,#hash_641ac0e21b8fdd39
localize,#hash_557a66c38ff04042
localize,#hash_557a65c38ff03e8f
localize,#hash_557a64c38ff03cdc
localize,#hash_76f4adb7fcab9f02
localize,#hash_76f4acb7fcab9d4f
localize,#hash_76f4abb7fcab9b9c
localize,#hash_5472728ba707c6b8
localize,#hash_5472758ba707cbd1
localize,#hash_5472748ba707ca1e
localize,#hash_326136df08b6d8bc
localize,#hash_326139df08b6ddd5
localize,#hash_326138df08b6dc22
localize,#hash_2a435edfd195bbdc
localize,#hash_2a4361dfd195c0f5
localize,#hash_2a4360dfd195bf42
localize,#hash_18ce9c8171f694ad
localize,#hash_18ce998171f68f94
localize,#hash_18ce9a8171f69147
localize,#hash_68408226f3223c91
localize,#hash_68407f26f3223778
localize,#hash_68408026f322392b
localize,#hash_146242dba661ebe1
localize,#hash_14623fdba661e6c8
localize,#hash_146240dba661e87b
localize,#hash_d33ed23cb2d13b
localize,#hash_d33fd23cb2d2ee
localize,#hash_d340d23cb2d4a1
localize,#hash_4f5552e6a9bf4e
localize,#hash_4f5452e6a9bd9b
localize,#hash_4f5352e6a9bbe8
localize,#hash_651a84fd512af68
localize,#hash_651ab4fd512b481
localize,#hash_651aa4fd512b2ce
localize,#hash_3b8d105ff8a5db3d
localize,#hash_3b8d0d5ff8a5d624
localize,#hash_3b8d0e5ff8a5d7d7
localize,#hash_7767c665205f8e85
localize,#hash_7767c365205f896c
localize,#hash_7767c465205f8b1f
localize,#hash_53aa0b92b9bf5a61
localize,#hash_53aa0892b9bf5548
localize,#hash_53aa0992b9bf56fb
localize,#hash_852ec55afc0e8f5
localize,#hash_852e955afc0e3dc
localize,#hash_852ea55afc0e58f
localize,#hash_581665388554032d
localize,#hash_581662388553fe14
localize,#hash_581663388553ffc7
localize,#hash_35c526655b1fa649
localize,#hash_20868c87ea59d98d
localize,#hash_20868987ea59d474
localize,#hash_20868a87ea59d627
localize,#hash_2502f6770f80ed35
localize,#hash_2502f3770f80e81c
localize,#hash_2502f4770f80e9cf
localize,#hash_24153a4631b5dced
localize,#hash_78eca87226254cb9
localize,#hash_78eca572262547a0
localize,#hash_78eca67226254953
localize,#hash_4224990aebeabaf9
localize,#hash_4224960aebeab5e0
localize,#hash_4224970aebeab793
localize,#hash_59bba5caccf2ed2b
localize,#hash_1e63bcb88986e9e7
localize,#hash_1e63bdb88986eb9a
localize,#hash_1e63beb88986ed4d
localize,#hash_79358b7b030b753
localize,#hash_79359b7b030b906
localize,#hash_7935ab7b030bab9
localize,#hash_70b7b1a0ae8dba8c
localize,#hash_7614d30a923080cc
localize,#hash_7614d60a923085e5
localize,#hash_7614d50a92308432
localize,#hash_2976e271c987e98c
localize,#hash_2976e571c987eea5
localize,#hash_2976e471c987ecf2
localize,#hash_6aaa9b4d14cbdc34
localize,#hash_774c5021710115d4
localize,#hash_774c532171011aed
localize,#hash_774c52217101193a
localize,#hash_4df2071685da76c4
localize,#hash_4df20a1685da7bdd
localize,#hash_4df2091685da7a2a
localize,#hash_3341c13129133c88
localize,#hash_3341c431291341a1
localize,#hash_3341c33129133fee
localize,#hash_2b8c889ca2d0adac
localize,#hash_2b8c8b9ca2d0b2c5
localize,#hash_2b8c8a9ca2d0b112
localize,#hash_62549803dd0b3f6c
localize,#hash_62549b03dd0b4485
localize,#hash_62549a03dd0b42d2
localize,#hash_35b1392bf8cf0d62
localize,#hash_35b1382bf8cf0baf
localize,#hash_35b1372bf8cf09fc
localize,#hash_2feda3abe54b7fa4
localize,#hash_2feda6abe54b84bd
localize,#hash_2feda5abe54b830a
localize,#hash_11e7323657935918
localize,#hash_11e7353657935e31
localize,#hash_11e7343657935c7e
localize,#hash_15e2b8477f1e3680
localize,#hash_15e2bb477f1e3b99
localize,#hash_15e2ba477f1e39e6
localize,#hash_5862b0adfafcd599
localize,#hash_5862adadfafcd080
localize,#hash_5862aeadfafcd233
localize,#hash_1b892488b976cfbd
localize,#hash_1b892188b976caa4
localize,#hash_1b892288b976cc57
localize,#hash_5fc575de50b335c5
localize,#hash_5fc572de50b330ac
localize,#hash_5fc573de50b3325f
localize,#hash_4093a3df1940f2ad
localize,#hash_4093a0df1940ed94
localize,#hash_4093a1df1940ef47
localize,#hash_2b31a4b57ff166c5
localize,#hash_2b31a1b57ff161ac
localize,#hash_2b31a2b57ff1635f
localize,#hash_311beee77c76ed59
localize,#hash_311bebe77c76e840
localize,#hash_311bece77c76e9f3
localize,#hash_23cedf852a3b0699
localize,#hash_23cedc852a3b0180
localize,#hash_23cedd852a3b0333
localize,#hash_48d406f5d23bf001
localize,#hash_137f9bc54de838a5
localize,#hash_137f98c54de8338c
localize,#hash_6ee8d8a73e258db5
localize,#hash_1c3aa261a69ecda1
localize,#hash_1c3a9f61a69ec888
localize,#hash_1a4fee77de464d83
localize,#hash_3b671550d3b5e69f
localize,#hash_3b671650d3b5e852
localize,#hash_2ae6789ae1be7474
localize,#hash_5e22fa6391972094
localize,#hash_5e22fd63919725ad
localize,#hash_57088ef3609bd4cc
localize,#hash_2e0852cf635c288c
localize,#hash_2e0855cf635c2da5
localize,#hash_79cfa714409303e0
localize,#hash_79cfaa14409308f9
localize,#hash_79cfa91440930746
localize,#hash_6c180600e1514f14
localize,#hash_6c180900e151542d
localize,#hash_6c180800e151527a
localize,#hash_3d69c54c2be74104
localize,#hash_3d69c84c2be7461d
localize,#hash_3d69c74c2be7446a
localize,#hash_33e936bc65ca7e8a
localize,#hash_33e935bc65ca7cd7
localize,#hash_33e934bc65ca7b24
localize,#hash_33e933bc65ca7971
localize,#hash_11085038de71bd4b
localize,#hash_11085138de71befe
localize,#hash_11085238de71c0b1
localize,#hash_431046b7a5a89037
localize,#hash_431047b7a5a891ea
localize,#hash_431048b7a5a8939d
localize,#hash_5b02a5ff049f21cd
localize,#hash_5b02a2ff049f1cb4
localize,#hash_5b02a3ff049f1e67
localize,#hash_42ad4f98706390d9
localize,#hash_42ad4c9870638bc0
localize,#hash_42ad4d9870638d73
localize,#hash_1e9bf1e2dfb60d4c
localize,#hash_1e9bf4e2dfb61265
localize,#hash_1e9bf3e2dfb610b2
localize,#hash_5a5ab53aa2e03c0e
localize,#hash_5a5ab43aa2e03a5b
localize,#hash_5a5ab33aa2e038a8
localize,#hash_3e0405cc7128eb0c
localize,#hash_3e0408cc7128f025
localize,#hash_3e0407cc7128ee72
localize,#hash_620ba1cc85f59b20
localize,#hash_620ba4cc85f5a039
localize,#hash_620ba3cc85f59e86
localize,#hash_1340bcc06b6297e
localize,#hash_1340acc06b627cb
localize,#hash_13409cc06b62618
localize,#hash_4d670dd0d5328d92
localize,#hash_4d670cd0d5328bdf
localize,#hash_4d670bd0d5328a2c
localize,#hash_c6ab9c62839b467
localize,#hash_c6abac62839b61a
localize,#hash_c6abbc62839b7cd
localize,#hash_5d1e6ca1827d2ac6
localize,#hash_5d1e6ba1827d2913
localize,#hash_5d1e6aa1827d2760
localize,#hash_570c9aba4be3947d
localize,#hash_570c97ba4be38f64
localize,#hash_570c98ba4be39117
localize,#hash_15f0d4780648a553
localize,#hash_15f0d5780648a706
localize,#hash_15f0d6780648a8b9
localize,#hash_35bab50fab44427f
localize,#hash_35bab60fab444432
localize,#hash_35bab70fab4445e5
localize,#hash_66a1efe8a3cc02cc
localize,#hash_66a1f2e8a3cc07e5
localize,#hash_66a1f1e8a3cc0632
localize,#hash_80b77633729f3dc
localize,#hash_80b7a633729f8f5
localize,#hash_80b79633729f742
localize,#hash_4cc25b58a320bb20
localize,#hash_4cc25e58a320c039
localize,#hash_4cc25d58a320be86
localize,#hash_323a8b0f0c9bfeb8
localize,#hash_323a8e0f0c9c03d1
localize,#hash_323a8d0f0c9c021e
localize,#hash_5da7308984f62731
localize,#hash_5da72d8984f62218
localize,#hash_5da72e8984f623cb
localize,#hash_43acc0d2065d6a5
localize,#hash_43ac90d2065d18c
localize,#hash_43aca0d2065d33f
localize,#hash_13be2c56680e433d
localize,#hash_13be2956680e3e24
localize,#hash_13be2a56680e3fd7
localize,#hash_4b501aa640a38c4d
localize,#hash_4b5017a640a38734
localize,#hash_4b5018a640a388e7
localize,#hash_4b5015a640a383ce
localize,#hash_7ccce5bfc26927b4
localize,#hash_7ccce8bfc2692ccd
localize,#hash_7ccce7bfc2692b1a
localize,#hash_3ab24c3ed9343b30
localize,#hash_3ab24f3ed9344049
localize,#hash_3ab24e3ed9343e96
localize,#hash_2436ab63a1cee90a
localize,#hash_2436aa63a1cee757
localize,#hash_2436a963a1cee5a4
localize,#hash_26273e0512031786
localize,#hash_26273d05120315d3
localize,#hash_26273c0512031420
localize,#hash_3808e003f1e1a8bb
localize,#hash_3808e103f1e1aa6e
localize,#hash_3808e203f1e1ac21
localize,#hash_5b2033db1a71a6b5
localize,#hash_5b2030db1a71a19c
localize,#hash_5b2031db1a71a34f
localize,#hash_75edbca284d83fbb
localize,#hash_75edbda284d8416e
localize,#hash_75edbea284d84321
localize,#hash_510d20a26f539ee7
localize,#hash_510d21a26f53a09a
localize,#hash_510d22a26f53a24d
localize,#hash_35b7c2a21782552d
localize,#hash_35b7bfa217825014
localize,#hash_35b7c0a2178251c7
localize,#hash_35a8431bdb68a061
localize,#hash_35a8401bdb689b48
localize,#hash_35a8411bdb689cfb
localize,#hash_793b5722dbd40dcc
localize,#hash_793b5a22dbd412e5
localize,#hash_793b5922dbd41132
localize,#hash_4cc6da499cabc099
localize,#hash_4cc6d7499cabbb80
localize,#hash_4cc6d8499cabbd33
localize,#hash_33895073744d8306
localize,#hash_33894f73744d8153
localize,#hash_33894e73744d7fa0
localize,#hash_10edda32191c4b0c
localize,#hash_10eddd32191c5025
localize,#hash_10eddc32191c4e72
localize,#hash_3d61c15e4cf77264
localize,#hash_3d61c45e4cf7777d
localize,#hash_3d61c35e4cf775ca
localize,#hash_5165bcc4727032e7
localize,#hash_5165bdc47270349a
localize,#hash_5165bec47270364d
localize,#hash_1380d21fc847604d
localize,#hash_1380cf1fc8475b34
localize,#hash_1380d01fc8475ce7
localize,#hash_37b004f1c2d9a631
localize,#hash_37b001f1c2d9a118
localize,#hash_37b002f1c2d9a2cb
localize,#hash_5e7e4dfcabd6c001
localize,#hash_5e7e4afcabd6bae8
localize,#hash_5e7e4bfcabd6bc9b
localize,#hash_9819012596cfed9
localize,#hash_9818d12596cf9c0
localize,#hash_268ca827f6bf0d59
localize,#hash_384f44ede010166d
localize,#hash_384f41ede0101154
localize,#hash_8168c0e35347b1d
localize,#hash_3488d536571a125b
localize,#hash_3488d636571a140e
localize,#hash_6c1bb0e6af7e3f03
localize,#hash_2644f0b7bfd17150
localize,#hash_2644f3b7bfd17669
localize,#hash_722ff6a582046dac
localize,#hash_3ba0002a0b448a08
localize,#hash_3ba0032a0b448f21
localize,#hash_512457d18b7813e4
localize,#hash_7432b875e1eaaa4
localize,#hash_7432e875e1eafbd
localize,#hash_7432d875e1eae0a
localize,#hash_693cba11d0668418
localize,#hash_693cbd11d0668931
localize,#hash_693cbc11d066877e
localize,#hash_6d384022f7f16180
localize,#hash_6d384322f7f16699
localize,#hash_6d384222f7f164e6
localize,#hash_7e9a0d5c7196acb5
localize,#hash_7e9a0a5c7196a79c
localize,#hash_7e9a0b5c7196a94f
localize,#hash_2816759d300d99cf
localize,#hash_2816769d300d9b82
localize,#hash_2816779d300d9d35
localize,#hash_36af27948337ce
localize,#hash_36ae279483361b
localize,#hash_36ad2794833468
localize,#hash_5ecb369e7ac71670
localize,#hash_5ecb399e7ac71b89
localize,#hash_5ecb389e7ac719d6
localize,#hash_365ef67c192d2484
localize,#hash_365ef97c192d299d
localize,#hash_365ef87c192d27ea
localize,#hash_226554d6661b5394
localize,#hash_226557d6661b58ad
localize,#hash_226556d6661b56fa
localize,#hash_517701205436dfc5
localize,#hash_5176fe205436daac
localize,#hash_5176ff205436dc5f
localize,#hash_57614b5250bc6659
localize,#hash_5761485250bc6140
localize,#hash_5761495250bc62f3
localize,#hash_4a143beffe807f99
localize,#hash_4a1438effe807a80
localize,#hash_4a1439effe807c33
localize,#hash_6d0332bf4e63de1a
localize,#hash_6d0331bf4e63dc67
localize,#hash_6d0330bf4e63dab4
localize,#hash_464735769f6b0fe4
localize,#hash_464738769f6b14fd
localize,#hash_464737769f6b134a
localize,#hash_37c5f50697b9b439
localize,#hash_37c5f20697b9af20
localize,#hash_37c5f30697b9b0d3
localize,#hash_6ef462c058e5d29
localize,#hash_6ef432c058e5810
localize,#hash_6ef442c058e59c3
localize,#hash_335aae9874cbd2ad
localize,#hash_335aab9874cbcd94
localize,#hash_335aac9874cbcf47
localize,#hash_37d7188799f2e655
localize,#hash_37d7158799f2e13c
localize,#hash_37d7168799f2e2ef
localize,#hash_5093f41c12d54229
localize,#hash_6da7c04912400fad
localize,#hash_6da7bd4912400a94
localize,#hash_72242a3837672355
localize,#hash_7224273837671e3c
localize,#hash_7224283837671fef
localize,#hash_6dc7327a38d5dbcd
localize,#hash_69ba6ed66f9c43d9
localize,#hash_69ba6bd66f9c3ec0
localize,#hash_5c6d5f741d605d19
localize,#hash_5c6d5c741d605800
localize,#hash_5c6d5d741d6059b3
localize,#hash_1e19a65509cf7d0b
localize,#hash_7fa6e08cfd9ebc87
localize,#hash_7fa6e18cfd9ebe3a
localize,#hash_67237c8c22d6f573
localize,#hash_67237d8c22d6f726
localize,#hash_67237e8c22d6f8d9
localize,#hash_b867f576643566c
localize,#hash_3de28f21efd4216c
localize,#hash_3de29221efd42685
localize,#hash_4d1d962e09704e2c
localize,#hash_4d1d992e09705345
localize,#hash_4d1d982e09705192
localize,#hash_57960698a9f18794
localize,#hash_2bec2eccf84d2b74
localize,#hash_2bec31ccf84d308d
localize,#hash_44465c20e974764
localize,#hash_44468c20e974c7d
localize,#hash_44467c20e974aca
localize,#hash_72000a6ba6f01528
localize,#hash_72000d6ba6f01a41
localize,#hash_72000c6ba6f0188e
localize,#hash_6bfd51d7221e414c
localize,#hash_6bfd54d7221e4665
localize,#hash_6bfd53d7221e44b2
localize,#hash_1f5f613e5975aa0c
localize,#hash_1f5f643e5975af25
localize,#hash_1f5f633e5975ad72
localize,#hash_65ce84c03d7ec410
localize,#hash_65ce87c03d7ec929
localize,#hash_65ce86c03d7ec776
localize,#hash_19b5f6c326870fda
localize,#hash_19b5f5c326870e27
localize,#hash_19b5f4c326870c74
localize,#hash_5eb28d331e498e9a
localize,#hash_5eb28c331e498ce7
localize,#hash_5eb28b331e498b34
localize,#hash_b054b6adc447b44
localize,#hash_b054e6adc44805d
localize,#hash_b054d6adc447eaa
localize,#hash_14c6d9fa35196b38
localize,#hash_14c6dcfa35197051
localize,#hash_14c6dbfa35196e9e
localize,#hash_1fc957b528594c20
localize,#hash_1fc95ab528595139
localize,#hash_1fc959b528594f86
localize,#hash_a79ce200621a139
localize,#hash_a79cb2006219c20
localize,#hash_a79cc2006219dd3
localize,#hash_52f439a48edf0a5d
localize,#hash_52f436a48edf0544
localize,#hash_52f437a48edf06f7
localize,#hash_6db50af53e1bebe5
localize,#hash_6db507f53e1be6cc
localize,#hash_6db508f53e1be87f
localize,#hash_71ebc125575c3823
localize,#hash_71ebc225575c39d6
localize,#hash_71ebc325575c3b89
localize,#hash_318fd1a850341005
localize,#hash_318fcea850340aec
localize,#hash_318fcfa850340c9f
localize,#hash_3587f834ff572c4d
localize,#hash_3587f534ff572734
localize,#hash_3587f634ff5728e7
localize,#hash_625efef557438a65
localize,#hash_625efbf55743854c
localize,#hash_625efcf5574386ff
localize,#hash_90ad1826ea1fd79
localize,#hash_90ace826ea1f860
localize,#hash_90acf826ea1fa13
localize,#hash_7f23c2201f493fb9
localize,#hash_7f23bf201f493aa0
localize,#hash_7f23c0201f493c53
localize,#hash_2fe8c8f67483d129
localize,#hash_2fe8c5f67483cc10
localize,#hash_5c543162e3c146ad
localize,#hash_5c542e62e3c14194
localize,#hash_7de62aade94c71dd
localize,#hash_527c95be4497f445
localize,#hash_527c92be4497ef2c
localize,#hash_5866dff0411d7ad9
localize,#hash_5866dcf0411d75c0
localize,#hash_3be448ca49d72959
localize,#hash_6fdad90a5a857597
localize,#hash_6fdada0a5a85774a
localize,#hash_6e5351a6cf1ff387
localize,#hash_6e5352a6cf1ff53a
localize,#hash_6e8e6ceb7d60f38f
localize,#hash_5fc1634d941f2148
localize,#hash_5fc1664d941f2661
localize,#hash_2c8f003bc155586c
localize,#hash_2c8f033bc1555d85
localize,#hash_4d5865a727524b48
localize,#hash_5e39e321442ea440
localize,#hash_5e39e621442ea959
localize,#hash_1a989fe6c9ce6274
localize,#hash_1a98a2e6c9ce678d
localize,#hash_32d7cce90b9df810
localize,#hash_60ac7b8578714c28
localize,#hash_60ac7e8578715141
localize,#hash_60ac7d8578714f8e
localize,#hash_5aa9c2f0f39f784c
localize,#hash_5aa9c5f0f39f7d65
localize,#hash_5aa9c4f0f39f7bb2
localize,#hash_e0bd2582af6e10c
localize,#hash_e0bd5582af6e625
localize,#hash_e0bd4582af6e472
localize,#hash_5626953abf9e5e52
localize,#hash_5626943abf9e5c9f
localize,#hash_5626933abf9e5aec
localize,#hash_7dff8ce0bdece902
localize,#hash_7dff8be0bdece74f
localize,#hash_7dff8ae0bdece59c
localize,#hash_79b1bc84adc5b244
localize,#hash_79b1bf84adc5b75d
localize,#hash_79b1be84adc5b5aa
localize,#hash_3734b14069aa238
localize,#hash_3734e14069aa751
localize,#hash_3734d14069aa59e
localize,#hash_e75c8cef9da8320
localize,#hash_e75cbcef9da8839
localize,#hash_e75cacef9da8686
localize,#hash_67ef8bb245c74f76
localize,#hash_67ef8ab245c74dc3
localize,#hash_67ef89b245c74c10
localize,#hash_79263f39d7a2d839
localize,#hash_79263c39d7a2d320
localize,#hash_79263d39d7a2d4d3
localize,#hash_41a0aabe6060415d
localize,#hash_41a0a7be60603c44
localize,#hash_41a0a8be60603df7
localize,#hash_5c617c0f0f9d22e5
localize,#hash_5c61790f0f9d1dcc
localize,#hash_5c617a0f0f9d1f7f
localize,#hash_77d9e1d8adb2374f
localize,#hash_77d9e2d8adb23902
localize,#hash_77d9e3d8adb23ab5
localize,#hash_5bb1cd169065ffcd
localize,#hash_5bb1ca169065fab4
localize,#hash_5bb1cb169065fc67
localize,#hash_510b700f28c4c165
localize,#hash_510b6d0f28c4bc4c
localize,#hash_510b6e0f28c4bdff
localize,#hash_77b7429c40233479
localize,#hash_77b73f9c40232f60
localize,#hash_77b7409c40233113
localize,#hash_6dd03339f0ca76b9
localize,#hash_6dd03039f0ca71a0
localize,#hash_6dd03139f0ca7353
localize,#hash_268b0961bc08f1f3
localize,#hash_268b0a61bc08f3a6
localize,#hash_268b0b61bc08f559
localize,#hash_4598b880467df1f4
localize,#hash_4598bb80467df70d
localize,#hash_4598ba80467df55a
localize,#hash_3ce8fb9da4fa8608
localize,#hash_3ce8fe9da4fa8b21
localize,#hash_3ce8fd9da4fa896e
localize,#hash_7caaa29e90e645d0
localize,#hash_7caaa59e90e64ae9
localize,#hash_7caaa49e90e64936
localize,#hash_44b2c4970129a506
localize,#hash_44b2c3970129a353
localize,#hash_44b2c2970129a1a0
localize,#hash_6fb8b16d6b357d46
localize,#hash_6fb8b06d6b357b93
localize,#hash_688e16d5b906c95e
localize,#hash_688e15d5b906c7ab
localize,#hash_688e14d5b906c5f8
localize,#hash_74d15ce8df3020fa
localize,#hash_74d15be8df301f47
localize,#hash_74d15ae8df301d94
localize,#hash_4fe2376b727aa980
localize,#hash_4fe23a6b727aae99
localize,#hash_4fe2396b727aace6
localize,#hash_14faebdac540ffb4
localize,#hash_14faeedac54104cd
localize,#hash_14faeddac541031a
localize,#hash_69ed22cfd8a7f2a4
localize,#hash_69ed25cfd8a7f7bd
localize,#hash_69ed24cfd8a7f60a
localize,#hash_37188ccf5f6d63fa
localize,#hash_37188bcf5f6d6247
localize,#hash_37188acf5f6d6094
localize,#hash_3e548a0baa898235
localize,#hash_3e54870baa897d1c
localize,#hash_3e54880baa897ecf
localize,#hash_5a0c2cdd586a7a29
localize,#hash_5a0c29dd586a7510
localize,#hash_5a0c2add586a76c3
localize,#hash_622a04dc8f8b9709
localize,#hash_622a01dc8f8b91f0
localize,#hash_622a02dc8f8b93a3
localize,#hash_5a41b3a196b499a3
localize,#hash_5a41b4a196b49b56
localize,#hash_5a41b5a196b49d09
localize,#hash_28f16108ef5b7bf1
localize,#hash_28f15e08ef5b76d8
localize,#hash_3625adc88c3a5d89
localize,#hash_3625aac88c3a5870
localize,#hash_3625abc88c3a5a23
localize,#hash_5719748fb172d7a9
localize,#hash_5719718fb172d290
localize,#hash_5719728fb172d443
localize,#hash_4e2928f490da7359
localize,#hash_4e2925f490da6e40
localize,#hash_4e2926f490da6ff3
localize,#hash_114f9ccf4f546d7d
localize,#hash_114f99cf4f546864
localize,#hash_114f9acf4f546a17
localize,#hash_558bee24e690d385
localize,#hash_558beb24e690ce6c
localize,#hash_558bec24e690d01f
localize,#hash_7657cb984ee87d6f
localize,#hash_7657cc984ee87f22
localize,#hash_7657cd984ee880d5
localize,#hash_40da70c1956f5690
localize,#hash_40da73c1956f5ba9
localize,#hash_40da72c1956f59f6
localize,#hash_67d78621e2f893a4
localize,#hash_67d78921e2f898bd
localize,#hash_67d78821e2f8970a
localize,#hash_5591647c315930b4
localize,#hash_5591677c315935cd
localize,#hash_5591667c3159341a
localize,#hash_6122ad0f824caa5e
localize,#hash_6122ac0f824ca8ab
localize,#hash_6122ab0f824ca6f8
localize,#hash_fc6801157fb7b38
localize,#hash_fc6831157fb8051
localize,#hash_fc6821157fb7e9e
localize,#hash_5bc780b6217b832d
localize,#hash_5bc77db6217b7e14
localize,#hash_5bc77eb6217b7fc7
localize,#hash_68eba4888ad108cc
localize,#hash_68eba7888ad10de5
localize,#hash_68eba6888ad10c32
localize,#hash_6884e9716927b2b0
localize,#hash_6884ec716927b7c9
localize,#hash_6884eb716927b616
localize,#hash_6709783324d2ade8
localize,#hash_67097b3324d2b301
localize,#hash_67097a3324d2b14e
localize,#hash_64d25742d1d3d081
localize,#hash_64d25442d1d3cb68
localize,#hash_64d25542d1d3cd1b
localize,#hash_485de283173ee895
localize,#hash_485ddf83173ee37c
localize,#hash_485de083173ee52f
localize,#hash_19d4db65ee4470cd
localize,#hash_19d4d865ee446bb4
localize,#hash_19d4d965ee446d67
localize,#hash_2285813b4a7593c9
localize,#hash_22857e3b4a758eb0
localize,#hash_22857f3b4a759063
localize,#hash_13a9ca3985f77fc3
localize,#hash_13a9cb3985f78176
localize,#hash_13a9cc3985f78329
localize,#hash_4b77025e533ecd12
localize,#hash_4b77015e533ecb5f
localize,#hash_4b77005e533ec9ac
localize,#hash_53a5ee07790d1cdd
localize,#hash_53a5eb07790d17c4
localize,#hash_53a5ec07790d1977
localize,#hash_62e1c839c2fd9521
localize,#hash_62e1c539c2fd9008
localize,#hash_62e1c639c2fd91bb
localize,#hash_7601e9df75569bd1
localize,#hash_7601e6df755696b8
localize,#hash_7601e7df7556986b
localize,#hash_739d5b6180312c2d
localize,#hash_739d586180312714
localize,#hash_430f4107015cd411
localize,#hash_430f3e07015ccef8
localize,#hash_1db2607692ca5ff1
localize,#hash_863d12c52e914c1
localize,#hash_863ce2c52e90fa8
localize,#hash_3efa2999104a0fd5
localize,#hash_3efa2699104a0abc
localize,#hash_512ea04bebac91e5
localize,#hash_522dbfd5795f88a3
localize,#hash_522dc0d5795f8a56
localize,#hash_19e99f47ccd80093
localize,#hash_19e9a047ccd80246
localize,#hash_833e96a19d573bb
localize,#hash_ab4f8112a3ef124
localize,#hash_ab4fb112a3ef63d
localize,#hash_6cae869b9c86ca98
localize,#hash_6cae899b9c86cfb1
localize,#hash_accad7f1d404d4
localize,#hash_164c670076e995bc
localize,#hash_164c6a0076e99ad5
localize,#hash_2c2020789375fa00
localize,#hash_2c2023789375ff19
localize,#hash_394f96980e24f8bc
localize,#hash_11f6a622242ac7dc
localize,#hash_11f6a922242accf5
localize,#hash_11f6a822242acb42
localize,#hash_56ad8a1790218f20
localize,#hash_56ad8d1790219439
localize,#hash_56ad8c1790219286
localize,#hash_3c25b9cdf99cd2b8
localize,#hash_3c25bccdf99cd7d1
localize,#hash_3c25bbcdf99cd61e
localize,#hash_1f9aa9044a0265bb
localize,#hash_1f9aaa044a02676e
localize,#hash_727bdb47e49dc077
localize,#hash_727bdc47e49dc22a
localize,#hash_727bdd47e49dc3dd
localize,#hash_1796c73dd8bc94d2
localize,#hash_1796c63dd8bc931f
localize,#hash_1796c53dd8bc916c
localize,#hash_7669e73c6c716a54
localize,#hash_7669ea3c6c716f6d
localize,#hash_7669e93c6c716dba
localize,#hash_173a75ee570884e7
localize,#hash_173a76ee5708869a
localize,#hash_572dd641b544521d
localize,#hash_572dd341b5444d04
localize,#hash_696680e722793509
localize,#hash_69667de722792ff0
localize,#hash_69667ee7227931a3
localize,#hash_1bcfe3305884d0fc
localize,#hash_1bcfe6305884d615
localize,#hash_1bcfe5305884d462
localize,#hash_1e2a68d04659b7e
localize,#hash_1e2a58d046599cb
localize,#hash_1e2a48d04659818
localize,#hash_533a9da56d2c8d80
localize,#hash_533aa0a56d2c9299
localize,#hash_533a9fa56d2c90e6
localize,#hash_4d5ed5f394ce6b40
localize,#hash_4d5ed8f394ce7059
localize,#hash_4d5ed7f394ce6ea6
localize,#hash_77863f1f8a2b5ac2
localize,#hash_77863e1f8a2b590f
localize,#hash_77863d1f8a2b575c
localize,#hash_a77ab13a1c068d7
localize,#hash_a77ac13a1c06a8a
localize,#hash_297989f4aa89bf2d
localize,#hash_297986f4aa89ba14
localize,#hash_297987f4aa89bbc7
localize,#hash_3788d39b303b0726
localize,#hash_3788d29b303b0573
localize,#hash_7e6663b302a702e3
localize,#hash_7e6664b302a70496
localize,#hash_7e6665b302a70649
localize,#hash_2186c678e79d27d1
localize,#hash_2186c378e79d22b8
localize,#hash_2186c478e79d246b
localize,#hash_339babac31007d2f
localize,#hash_339bacac31007ee2
localize,#hash_339badac31008095
localize,#hash_e6205db1c73d92b
localize,#hash_e6206db1c73dade
localize,#hash_e6207db1c73dc91
localize,#hash_49a289f9edff626
localize,#hash_49a279f9edff473
localize,#hash_d61c04f785cfa08
localize,#hash_d61c34f785cff21
localize,#hash_d61c24f785cfd6e
localize,#hash_5ac87baf21a6b2c
localize,#hash_5ac8abaf21a7045
localize,#hash_5ac89baf21a6e92
localize,#hash_3c7497222c54fcec
localize,#hash_3c749a222c550205
localize,#hash_3c7499222c550052
localize,#hash_6c825d35f45e691d
localize,#hash_6c825a35f45e6404
localize,#hash_6c825b35f45e65b7
localize,#hash_541c61ea75b7ef61
localize,#hash_541c5eea75b7ea48
localize,#hash_541c5fea75b7ebfb
localize,#hash_6aa283902af41f11
localize,#hash_6aa280902af419f8
localize,#hash_6aa281902af41bab
localize,#hash_358d2f82777eac74
localize,#hash_358d3282777eb18d
localize,#hash_1535c362cdd93acc
localize,#hash_1535c662cdd93fe5
localize,#hash_1535c562cdd93e32
localize,#hash_437eeeee4c5278ad
localize,#hash_437eebee4c527394
localize,#hash_437eecee4c527547
localize,#hash_66e8f76d0c05e62f
localize,#hash_66e8f86d0c05e7e2
localize,#hash_66e8f96d0c05e995
localize,#hash_2b545cf5b095b940
localize,#hash_2b545ff5b095be59
localize,#hash_4035fd2a2a116fba
localize,#hash_4035fc2a2a116e07
localize,#hash_3a16d71706670756
localize,#hash_3a16d617066705a3
localize,#hash_3a16d517066703f0
localize,#hash_261430be75d0928b
localize,#hash_261431be75d0943e
localize,#hash_261432be75d095f1
localize,#hash_7275cced11b8bf85
localize,#hash_7275c9ed11b8ba6c
localize,#hash_7275caed11b8bc1f
localize,#hash_37a0ee1644443fc3
localize,#hash_37a0ef1644444176
localize,#hash_37a0f01644444329
localize,#hash_6ce6d54048862e73
localize,#hash_6ce6d64048863026
localize,#hash_6ce6d740488631d9
localize,#hash_7a8c55eab4f16271
localize,#hash_7a8c52eab4f15d58
localize,#hash_7a8c53eab4f15f0b
localize,#hash_3c62a9f562a3df5c
localize,#hash_3c62acf562a3e475
localize,#hash_4ccce12f32f4e1d6
localize,#hash_4ccce02f32f4e023
localize,#hash_4cccdf2f32f4de70
localize,#hash_37cc12c320d788e9
localize,#hash_37cc0fc320d783d0
localize,#hash_6e13cae854eff4fc
localize,#hash_6e13cde854effa15
localize,#hash_6e13cce854eff862
localize,#hash_56ac25b2100c0c52
localize,#hash_56ac24b2100c0a9f
localize,#hash_56ac23b2100c08ec
localize,#hash_7d3c530933004af4
localize,#hash_7d3c56093300500d
localize,#hash_7d3c550933004e5a
localize,#hash_901ad90c2e1b24c
localize,#hash_901b090c2e1b765
localize,#hash_901af90c2e1b5b2
localize,#hash_60788180daeff991
localize,#hash_60787e80daeff478
localize,#hash_3844780fb27b2f11
localize,#hash_3844750fb27b29f8
localize,#hash_3844760fb27b2bab
localize,#hash_2c53f16c35aea105
localize,#hash_2c53ee6c35ae9bec
localize,#hash_2c53ef6c35ae9d9f
localize,#hash_3a2451b57be5791d
localize,#hash_3a244eb57be57404
localize,#hash_3a244fb57be575b7
localize,#hash_7b050529978abd94
localize,#hash_7b050829978ac2ad
localize,#hash_7b050729978ac0fa
localize,#hash_7255c846f6082b28
localize,#hash_7255cb46f6083041
localize,#hash_7255ca46f6082e8e
localize,#hash_376ae6f1ac368070
localize,#hash_376ae9f1ac368589
localize,#hash_376ae8f1ac3683d6
localize,#hash_473828a7f3fd027e
localize,#hash_473827a7f3fd00cb
localize,#hash_473826a7f3fcff18
localize,#hash_690ef0333d72aa20
localize,#hash_690ef3333d72af39
localize,#hash_690ef2333d72ad86
localize,#hash_7da52cf3dc847854
localize,#hash_7da52ff3dc847d6d
localize,#hash_7da52ef3dc847bba
localize,#hash_544ae3e8f15dd944
localize,#hash_544ae6e8f15dde5d
localize,#hash_544ae5e8f15ddcaa
localize,#hash_1e22ce881f9f33d5
localize,#hash_1e22cb881f9f2ebc
localize,#hash_1e22cc881f9f306f
localize,#hash_6369a42d52a71fc9
localize,#hash_6369a12d52a71ab0
localize,#hash_6369a22d52a71c63
localize,#hash_6d3afc2c8b3aaaa9
localize,#hash_6d3af92c8b3aa590
localize,#hash_6d3afa2c8b3aa743
localize,#hash_114a48a5b7ed25a9
localize,#hash_114a45a5b7ed2090
localize,#hash_114a46a5b7ed2243
localize,#hash_545e7fefb4495ef9
localize,#hash_545e7cefb44959e0
localize,#hash_545e7defb4495b93
localize,#hash_68a1c94d2358f61d
localize,#hash_68a1c64d2358f104
localize,#hash_68a1c74d2358f2b7
localize,#hash_2cdd9aa2ba9482a5
localize,#hash_2cdd97a2ba947d8c
localize,#hash_2cdd98a2ba947f3f
localize,#hash_7a9f444160660f00
localize,#hash_7a9f474160661419
localize,#hash_7a9f464160661266
localize,#hash_3fb7f8b0b32c6534
localize,#hash_3fb7fbb0b32c6a4d
localize,#hash_3fb7fab0b32c689a
localize,#hash_14aa2fa5c6935824
localize,#hash_14aa32a5c6935d3d
localize,#hash_14aa31a5c6935b8a
localize,#hash_dcf079d8047ebb9
localize,#hash_dcf049d8047e6a0
localize,#hash_dcf059d8047e853
localize,#hash_17f509bbdf35cf3
localize,#hash_17f519bbdf35ea6
localize,#hash_17f529bbdf36059
localize,#hash_4d04f0221326f2e2
localize,#hash_4d04ef221326f12f
localize,#hash_4d04ee221326ef7c
localize,#hash_2dbedd37a90a0a7c
localize,#hash_2dbee037a90a0f95
localize,#hash_2dbedf37a90a0de2
localize,#hash_7275c12d1500d1c0
localize,#hash_7275c42d1500d6d9
localize,#hash_7275c32d1500d526
localize,#hash_563af0e37d0a80d8
localize,#hash_563af3e37d0a85f1
localize,#hash_563af2e37d0a843e
localize,#hash_f5f80329bb3cdd1
localize,#hash_f5f7d329bb3c8b8
localize,#hash_f5f7e329bb3ca6b
localize,#hash_5bcd241156504dc5
localize,#hash_5bcd2111565048ac
localize,#hash_5bcd221156504a5f
localize,#hash_6d03845a9f6a4edd
localize,#hash_6d03815a9f6a49c4
localize,#hash_6d03825a9f6a4b77
localize,#hash_a2d521c5d87848e
localize,#hash_a2d511c5d8782db
localize,#hash_a2d501c5d878128
localize,#hash_3456ad7469abb0a8
localize,#hash_3456b07469abb5c1
localize,#hash_3456af7469abb40e
localize,#hash_456b0d296f83a07d
localize,#hash_456b0a296f839b64
localize,#hash_456b0b296f839d17
localize,#hash_6b12aa23fe30fded
localize,#hash_6b12a723fe30f8d4
localize,#hash_6b12a823fe30fa87
localize,#hash_64145cf10f53ddd1
localize,#hash_641459f10f53d8b8
localize,#hash_64145af10f53da6b
localize,#hash_e4825fbfb334721
localize,#hash_e4822fbfb334208
localize,#hash_e4823fbfb3343bb
localize,#hash_366c3bae13c03b7d
localize,#hash_366c38ae13c03664
localize,#hash_7aa88d03aafca185
localize,#hash_7aa88a03aafc9c6c
localize,#hash_7aa88b03aafc9e1f
localize,#hash_32955dc8fc638749
localize,#hash_32955ac8fc638230
localize,#hash_3c66b5c834f71229
localize,#hash_3c66b2c834f70d10
localize,#hash_3c66b3c834f70ec3
localize,#hash_7c419e9ed4b0e677
localize,#hash_7c419f9ed4b0e82a
localize,#hash_4d79d33c6fd35183
localize,#hash_4d79d43c6fd35336
localize,#hash_4d79d53c6fd354e9
localize,#hash_131ef24d1520975c
localize,#hash_131ef54d15209c75
localize,#hash_5fd29a48f48e617c
localize,#hash_5fd29d48f48e6695
localize,#hash_4b71fe15fc4d1b84
localize,#hash_4b720115fc4d209d
localize,#hash_37785c70493b4a94
localize,#hash_37785f70493b4fad
localize,#hash_37785e70493b4dfa
localize,#hash_6a568d8e70dcbed8
localize,#hash_6a56908e70dcc3f1
localize,#hash_6a568f8e70dcc23e
localize,#hash_7526d1e6bd6e7e5c
localize,#hash_7526d4e6bd6e8375
localize,#hash_7526d3e6bd6e81c2
localize,#hash_41da79e29cdc487c
localize,#hash_41da7ce29cdc4d95
localize,#hash_41da7be29cdc4be2
localize,#hash_163136b52d0127b2
localize,#hash_163135b52d0125ff
localize,#hash_163134b52d01244c
localize,#hash_5847fb4c6d75d834
localize,#hash_5847fe4c6d75dd4d
localize,#hash_5847fd4c6d75db9a
localize,#hash_7b1568e71879a648
localize,#hash_7b156be71879ab61
localize,#hash_7b156ae71879a9ae
localize,#hash_43910791d18bfe10
localize,#hash_43910a91d18c0329
localize,#hash_43910991d18c0176
localize,#hash_72b0d4fb0c254289
localize,#hash_72b0d1fb0c253d70
localize,#hash_72b0d2fb0c253f23
localize,#hash_4a5ef03b01fc1a0d
localize,#hash_4a5eed3b01fc14f4
localize,#hash_4a5eee3b01fc16a7
localize,#hash_4edb5a2a27232db5
localize,#hash_4edb572a2723289c
localize,#hash_4edb582a27232a4f
localize,#hash_73d0aa6b5ca1e2bd
localize,#hash_73d0a76b5ca1dda4
localize,#hash_73d0a86b5ca1df57
localize,#hash_20125a0c6f1d7cf5
localize,#hash_2012570c6f1d77dc
localize,#hash_2012580c6f1d798f
localize,#hash_61f32fb19f423fe9
localize,#hash_61f32cb19f423ad0
localize,#hash_61f32db19f423c83
localize,#hash_6d7707b0d94685c9
localize,#hash_6d7704b0d94680b0
localize,#hash_6d7705b0d9468263
localize,#hash_22c0ddbb45277d09
localize,#hash_3c8d1c1968433aad
localize,#hash_759a879e066526eb
localize,#hash_5a4c68f695b0b54c
localize,#hash_2e2a529e16d354f4
localize,#hash_74580b1738ee7b48
localize,#hash_74580e1738ee8061
localize,#hash_74580d1738ee7eae
localize,#hash_4125a8056624b26c
localize,#hash_4125ab056624b785
localize,#hash_4125aa056624b5d2
localize,#hash_5060af117fc0df2c
localize,#hash_5060b2117fc0e445
localize,#hash_5060b1117fc0e292
localize,#hash_70aaf376aaa0e7d6
localize,#hash_70aaf276aaa0e623
localize,#hash_70aaf176aaa0e470
localize,#hash_4cf94567985307d0
localize,#hash_4cf9486798530ce9
localize,#hash_4cf9476798530b36
localize,#hash_771924cd9c892a65
localize,#hash_771921cd9c89254c
localize,#hash_771922cd9c8926ff
localize,#hash_73d347b09b866564
localize,#hash_73d34ab09b866a7d
localize,#hash_73d349b09b8668ca
localize,#hash_57bacde4d52e84d8
localize,#hash_57bad0e4d52e89f1
localize,#hash_57bacfe4d52e883e
localize,#hash_5f1c53f5ff9c8b40
localize,#hash_5f1c56f5ff9c9059
localize,#hash_5f1c55f5ff9c8ea6
localize,#hash_29ffbe8757860659
localize,#hash_29ffbb8757860140
localize,#hash_29ffbc87578602f3
localize,#hash_6d2632621600007d
localize,#hash_6d262f6215fffb64
localize,#hash_6d26306215fffd17
localize,#hash_316283b7ad3c6685
localize,#hash_316280b7ad3c616c
localize,#hash_316281b7ad3c631f
localize,#hash_59698be60c55d611
localize,#hash_596988e60c55d0f8
localize,#hash_596989e60c55d2ab
localize,#hash_228c53d84891aceb
localize,#hash_228c54d84891ae9e
localize,#hash_228c55d84891b051
localize,#hash_773f845ef5c2061a
localize,#hash_773f835ef5c20467
localize,#hash_773f825ef5c202b4
localize,#hash_7cceb28edc7a9785
localize,#hash_7cceaf8edc7a926c
localize,#hash_7cceb08edc7a941f
localize,#hash_28cdfcc5be1ba019
localize,#hash_28cdf9c5be1b9b00
localize,#hash_28cdfac5be1b9cb3
localize,#hash_756bed5e86c43759
localize,#hash_756bea5e86c43240
localize,#hash_756beb5e86c433f3
localize,#hash_533ff057d3160f08
localize,#hash_533ff357d3161421
localize,#hash_533ff257d316126e
localize,#hash_4b8ab7c34cd3802c
localize,#hash_4b8abac34cd38545
localize,#hash_4b8ab9c34cd38392
localize,#hash_252c72a870e11ec
localize,#hash_252ca2a870e1705
localize,#hash_252c92a870e1552
localize,#hash_4febd2d28f4e5224
localize,#hash_4febd5d28f4e573d
localize,#hash_4febd4d28f4e558a
localize,#hash_31e5615d01962b98
localize,#hash_31e5645d019630b1
localize,#hash_31e5635d01962efe
localize,#hash_35e0e76e29210900
localize,#hash_35e0ea6e29210e19
localize,#hash_35e0e96e29210c66
localize,#hash_7860dfd4a4ffa819
localize,#hash_7860dcd4a4ffa300
localize,#hash_7860ddd4a4ffa4b3
localize,#hash_3b8753af6379a23d
localize,#hash_3b8750af63799d24
localize,#hash_3b8751af63799ed7
localize,#hash_7fc3a504fab60845
localize,#hash_7fc3a204fab6032c
localize,#hash_7fc3a304fab604df
localize,#hash_4b2fd3dc29f43945
localize,#hash_4b2fd0dc29f4342c
localize,#hash_4b2fd1dc29f435df
localize,#hash_511a1e0e2679bfd9
localize,#hash_511a1b0e2679bac0
localize,#hash_511a1c0e2679bc73
localize,#hash_43cd0eabd43dd919
localize,#hash_43cd0babd43dd400
localize,#hash_43cd0cabd43dd5b3
localize,#hash_1dc00154b711e855
localize,#hash_158cf2976a5f4581
localize,#hash_158cef976a5f4068
localize,#hash_158cf0976a5f421b
localize,#hash_158cf5976a5f4a9a
localize,#hash_1b88113162263e81
localize,#hash_68de0bce3dfc5bb
localize,#hash_68de1bce3dfc76e
localize,#hash_287fd84bb74f1441
localize,#hash_6cdf9f2376cbec65
localize,#hash_6cdf9c2376cbe74c
localize,#hash_6cdf9d2376cbe8ff
localize,#hash_6cdf9a2376cbe3e6
localize,#hash_2e1dc86f0f1de715
localize,#hash_62fe399c0748c937
localize,#hash_62fe3a9c0748caea
localize,#hash_737fab46de7ab0af
localize,#hash_60ed321722ca63e3
localize,#hash_60ed331722ca6596
localize,#hash_60ed341722ca6749
localize,#hash_60ed351722ca68fc
localize,#hash_77332b23d416992b
localize,#hash_364524a0614a544d
localize,#hash_364521a0614a4f34
localize,#hash_75dcbfbeab4929c0
localize,#hash_38a12a1b005af828
localize,#hash_38a12d1b005afd41
localize,#hash_38a12c1b005afb8e
localize,#hash_38a12f1b005b00a7
localize,#hash_45483fdccacb6d44
localize,#hash_406a73145c893da6
localize,#hash_406a72145c893bf3
localize,#hash_5bb713d0aeb53e68
localize,#hash_4c835fd19ed07370
localize,#hash_4c8362d19ed07889
localize,#hash_4c8361d19ed076d6
localize,#hash_4c8364d19ed07bef
localize,#hash_412b73ef6bf0218c
localize,#hash_5a191d1c08882f6e
localize,#hash_5a191c1c08882dbb
localize,#hash_7a5860ebd2fee9ec
localize,#hash_7a5863ebd2feef05
localize,#hash_7a5862ebd2feed52
localize,#hash_253472fc42be6050
localize,#hash_253475fc42be6569
localize,#hash_253474fc42be63b6
localize,#hash_4b458a191f06e708
localize,#hash_4b458d191f06ec21
localize,#hash_4b458c191f06ea6e
localize,#hash_31173046ab0487ce
localize,#hash_31172f46ab04861b
localize,#hash_31172e46ab048468
localize,#hash_2d2a77cced6e8640
localize,#hash_2d2a7acced6e8b59
localize,#hash_2d2a79cced6e89a6
localize,#hash_49dd1dac8e099718
localize,#hash_49dd20ac8e099c31
localize,#hash_49dd1fac8e099a7e
localize,#hash_56af8c7d3f23e59c
localize,#hash_56af8f7d3f23eab5
localize,#hash_56af8e7d3f23e902
localize,#hash_4cde347e06905abc
localize,#hash_4cde377e06905fd5
localize,#hash_4cde367e06905e22
localize,#hash_7a43d85198dec162
localize,#hash_7a43d75198debfaf
localize,#hash_7a43d65198debdfc
localize,#hash_6cc3d847b94dd994
localize,#hash_6cc3db47b94ddead
localize,#hash_6cc3da47b94ddcfa
localize,#hash_56a1d6b0fae62f8d
localize,#hash_56a1d3b0fae62a74
localize,#hash_56a1d4b0fae62c27
localize,#hash_24603c567a9f6971
localize,#hash_246039567a9f6458
localize,#hash_24603a567a9f660b
localize,#hash_4e948561667fac41
localize,#hash_4e948261667fa728
localize,#hash_4e948361667fa8db
localize,#hash_39128eca4cb621eb
localize,#hash_39128fca4cb6239e
localize,#hash_391290ca4cb62551
localize,#hash_1e1627ac888fdb35
localize,#hash_1e1624ac888fd61c
localize,#hash_1e1625ac888fd7cf
localize,#hash_1c3679e0ee06bc41
localize,#hash_1c3676e0ee06b728
localize,#hash_1c3677e0ee06b8db
localize,#hash_52ccd24dab67b755
localize,#hash_52cccf4dab67b23c
localize,#hash_52ccd04dab67b3ef
localize,#hash_2443cb30826d3f8d
localize,#hash_2443c830826d3a74
localize,#hash_2443c930826d3c27
localize,#hash_7a65573fdec18b67
localize,#hash_7a65583fdec18d1a
localize,#hash_7a65593fdec18ecd
localize,#hash_62f2726b469a601
localize,#hash_62f2426b469a0e8
localize,#hash_62f2526b469a29b
localize,#hash_38b74bf6f750d709
localize,#hash_1f9233e86a3f88cd
localize,#hash_1f9230e86a3f83b4
localize,#hash_1f9231e86a3f8567
localize,#hash_11e13c15649aa7bd
localize,#hash_52838a551a6c94ad
localize,#hash_183ee275c4b893f9
localize,#hash_183edf75c4b88ee0
localize,#hash_183ee075c4b89093
localize,#hash_4fdf5a31c5255f39
localize,#hash_b90f5d9b88e80eb
localize,#hash_6feaee6add3f7427
localize,#hash_6feaef6add3f75da
localize,#hash_6feaf06add3f778d
localize,#hash_5afc75f7d810c46f
localize,#hash_7042d73247da0f4c
localize,#hash_71ba7a6b0f33070c
localize,#hash_71ba7d6b0f330c25
localize,#hash_71ba7c6b0f330a72
localize,#hash_7f0789cd616eedcc
localize,#hash_7f078ccd616ef2e5
localize,#hash_4420c0d9c8fcaef4
localize,#hash_21d521ff3d6dff14
localize,#hash_21d524ff3d6e042d
localize,#hash_21d523ff3d6e027a
localize,#hash_74b540bba97a6b70
localize,#hash_60e205f4205be548
localize,#hash_60e208f4205bea61
localize,#hash_60e207f4205be8ae
localize,#hash_2dafa2e24d921c6c
localize,#hash_2dafa5e24d922185
localize,#hash_2dafa4e24d921fd2
localize,#hash_3ceaa9ee672e492c
localize,#hash_3ceaacee672e4e45
localize,#hash_3ceaabee672e4c92
localize,#hash_5ad5f42f01e230
localize,#hash_5ad8f42f01e749
localize,#hash_5ad7f42f01e596
localize,#hash_2085420a750c455a
localize,#hash_2085410a750c43a7
localize,#hash_101b3f9bfa4ef1fa
localize,#hash_101b3e9bfa4ef047
localize,#hash_605d428d82f3cf64
localize,#hash_605d458d82f3d47d
localize,#hash_605d448d82f3d2ca
localize,#hash_4444c8c1bc9beed8
localize,#hash_4444cbc1bc9bf3f1
localize,#hash_4444cac1bc9bf23e
localize,#hash_4ba64ed2e709f540
localize,#hash_4ba651d2e709fa59
localize,#hash_4ba650d2e709f8a6
localize,#hash_1689b9643ef37059
localize,#hash_1689b6643ef36b40
localize,#hash_1689b7643ef36cf3
localize,#hash_59b02d3efd6d6a7d
localize,#hash_59b02a3efd6d6564
localize,#hash_59b02b3efd6d6717
localize,#hash_1dec7e9494a9d085
localize,#hash_1dec7b9494a9cb6c
localize,#hash_1dec7c9494a9cd1f
localize,#hash_62813cadd23a7643
localize,#hash_62813dadd23a77f6
localize,#hash_62813eadd23a79a9
localize,#hash_194f614835e3ff95
localize,#hash_194f5e4835e3fa7c
localize,#hash_2071cd30c99fe025
localize,#hash_2071ca30c99fdb0c
localize,#hash_6958ad6bc3e80185
localize,#hash_6958aa6bc3e7fc6c
localize,#hash_6958ab6bc3e7fe1f
localize,#hash_1557f7a2a5890a19
localize,#hash_1557f4a2a5890500
localize,#hash_1557f5a2a58906b3
localize,#hash_61f5e83b6e31a159
localize,#hash_61f5e53b6e319c40
localize,#hash_61f5e63b6e319df3
localize,#hash_97e94782bbd3e31
localize,#hash_97e91782bbd3918
localize,#hash_74fd104bafc464d1
localize,#hash_471062cbb30a14f5
localize,#hash_47105fcbb30a0fdc
localize,#hash_4ca0587c2661d2c5
localize,#hash_204c587a6e2597b3
localize,#hash_204c597a6e259966
localize,#hash_3a5a19a548ab49b
localize,#hash_1c4f84f727bea8b8
localize,#hash_1c4f87f727beadd1
localize,#hash_502a1846d15b4e34
localize,#hash_343659ab3635ff20
localize,#hash_34365cab36360439
localize,#hash_34c14ec848da399c
localize,#hash_2dc6c6e42c6d0e7c
localize,#hash_2dc6c9e42c6d1395
localize,#hash_2dc6c8e42c6d11e2
localize,#hash_727daad99863d5c0
localize,#hash_727dadd99863dad9
localize,#hash_727dacd99863d926
localize,#hash_5642da90006d84d8
localize,#hash_5642dd90006d89f1
localize,#hash_5642dc90006d883e
localize,#hash_b3063009feeee2a
localize,#hash_b3062009feeec77
localize,#hash_b3061009feeeac4
localize,#hash_654e65b7f1afc3b4
localize,#hash_654e68b7f1afc8cd
localize,#hash_1633bde177304b69
localize,#hash_1633bae177304650
localize,#hash_1633bbe177304803
localize,#hash_696aff09b8d342a8
localize,#hash_696b0209b8d347c1
localize,#hash_696b0109b8d3460e
localize,#hash_6368467534016ecc
localize,#hash_63684975340173e5
localize,#hash_6368487534017232
localize,#hash_16ca55dc6b58d78c
localize,#hash_16ca58dc6b58dca5
localize,#hash_16ca57dc6b58daf2
localize,#hash_120072235ec080bd
localize,#hash_12006f235ec07ba4
localize,#hash_120070235ec07d57
localize,#hash_4563d4b0c66d0e81
localize,#hash_4563d1b0c66d0968
localize,#hash_4563d2b0c66d0b1b
localize,#hash_5be976567ba864b1
localize,#hash_5be973567ba85f98
localize,#hash_5be974567ba8614b
localize,#hash_2cc507340d476835
localize,#hash_2cc504340d47631c
localize,#hash_2cc505340d4764cf
localize,#hash_56416f74cbbe554f
localize,#hash_56417074cbbe5702
localize,#hash_2e61a8ff3033f34e
localize,#hash_2e61a7ff3033f19b
localize,#hash_2e61a6ff3033efe8
localize,#hash_256ea93069685031
localize,#hash_256ea63069684b18
localize,#hash_256ea73069684ccb
localize,#hash_4c0244b404d7ffa5
localize,#hash_4c0241b404d7fa8c
localize,#hash_4c0242b404d7fc3f
localize,#hash_5b85a4fd4c806c3d
localize,#hash_5b85a1fd4c806724
localize,#hash_5b85a2fd4c8068d7
localize,#hash_705705981a68f5
localize,#hash_705405981a63dc
localize,#hash_7d0f0603a76e06c5
localize,#hash_958d81a9359d2d1
localize,#hash_958d51a9359cdb8
localize,#hash_76aa888084df2a31
localize,#hash_6753d2c310d8f54f
localize,#hash_6753d3c310d8f702
localize,#hash_7f723781698baa77
localize,#hash_1fefa6ac8602e384
localize,#hash_1fefa9ac8602e89d
localize,#hash_5caa9aacd8f971c0
localize,#hash_679c9ae39ed65f5c
localize,#hash_679c9de39ed66475
localize,#hash_37383562345bd618
localize,#hash_6f4e79b64a261710
localize,#hash_6f4e7cb64a261c29
localize,#hash_6f4e7bb64a261a76
localize,#hash_164b8f1697af5424
localize,#hash_164b921697af593d
localize,#hash_164b911697af578a
localize,#hash_4056d70e60ff134
localize,#hash_4057070e60ff64d
localize,#hash_4056f70e60ff49a
localize,#hash_174604eb59d5734d
localize,#hash_174601eb59d56e34
localize,#hash_174602eb59d56fe7
localize,#hash_61d131fb470355b9
localize,#hash_aa47b9ae527690
localize,#hash_aa4ab9ae527ba9
localize,#hash_aa49b9ae5279f6
localize,#hash_228733cff5cd94ba
localize,#hash_228732cff5cd9307
localize,#hash_3491b9bc975ac25a
localize,#hash_3491b8bc975ac0a7
localize,#hash_3491b7bc975abef4
localize,#hash_175fad7d3f87c94c
localize,#hash_175fb07d3f87ce65
localize,#hash_175faf7d3f87ccb2
localize,#hash_16f8f2661dde7330
localize,#hash_16f8f5661dde7849
localize,#hash_16f8f4661dde7696
localize,#hash_157d8127d9896e68
localize,#hash_157d8427d9897381
localize,#hash_157d8327d98971ce
localize,#hash_13466037868a9101
localize,#hash_13465d37868a8be8
localize,#hash_13465e37868a8d9b
localize,#hash_76d1eb77cbf5a915
localize,#hash_76d1e877cbf5a3fc
localize,#hash_76d1e977cbf5a5af
localize,#hash_4848e45aa2fb314d
localize,#hash_4848e15aa2fb2c34
localize,#hash_4848e25aa2fb2de7
localize,#hash_506efdc58317deb2
localize,#hash_506efcc58317dcff
localize,#hash_506efbc58317db4c
localize,#hash_6f694740f1210336
localize,#hash_50d8e19552ea9093
localize,#hash_50d8e29552ea9246
localize,#hash_50d8e39552ea93f9
localize,#hash_5c400523b46bb545
localize,#hash_5c400223b46bb02c
localize,#hash_6541ebbd3d647d95
localize,#hash_6541e8bd3d64787c
localize,#hash_6541e9bd3d647a2f
localize,#hash_219f6fc2dc3dd5d
localize,#hash_219f3fc2dc3d844
localize,#hash_219f4fc2dc3d9f7
localize,#hash_1155d12e77b455a1
localize,#hash_1155ce2e77b45088
localize,#hash_1155cf2e77b4523b
localize,#hash_2475f2d42a0d5c51
localize,#hash_2475efd42a0d5738
localize,#hash_2475f0d42a0d58eb
localize,#hash_8d85df75baf4268
localize,#hash_8d860f75baf4781
localize,#hash_8d85ff75baf45ce
localize,#hash_7d6d7aea6f71b68c
localize,#hash_7d6d7dea6f71bba5
localize,#hash_7d6d7cea6f71b9f2
localize,#hash_aba8a4cc1ad9d4c
localize,#hash_aba8d4cc1ada265
localize,#hash_aba8c4cc1ada0b2
localize,#hash_4fa36264711f77f4
localize,#hash_4fa36564711f7d0d
localize,#hash_4fa36464711f7b5a
localize,#hash_2ed05e5e5eba21b9
localize,#hash_2ed05b5e5eba1ca0
localize,#hash_2ed05c5e5eba1e53
localize,#hash_362aabcfaf14e726
localize,#hash_362aaacfaf14e573
localize,#hash_362aa9cfaf14e3c0
localize,#hash_961ba1672d96a2e
localize,#hash_961b91672d9687b
localize,#hash_961b81672d966c8
localize,#hash_4604a751aebee484
localize,#hash_4604aa51aebee99d
localize,#hash_4604a951aebee7ea
localize,#hash_7cbc03089a6e3578
localize,#hash_7cbc06089a6e3a91
localize,#hash_7cbc05089a6e38de
localize,#hash_26a8919c36aa760
localize,#hash_26a8c19c36aac79
localize,#hash_26a8b19c36aaac6
localize,#hash_6510db6830579979
localize,#hash_6510d86830579460
localize,#hash_6510d96830579613
localize,#hash_795424c59f67309d
localize,#hash_795421c59f672b84
localize,#hash_795422c59f672d37
localize,#hash_3d8ff61b36a2bd25
localize,#hash_3d8ff31b36a2b80c
localize,#hash_3d8ff41b36a2b9bf
localize,#hash_73a294e00f4d66a7
localize,#hash_73a295e00f4d685a
localize,#hash_73a296e00f4d6a0d
localize,#hash_b23e8e5d44794d2
localize,#hash_b23e7e5d447931f
localize,#hash_b23e6e5d447916c
localize,#hash_1b487fccfbd53d71
localize,#hash_1b487cccfbd53858
localize,#hash_1b487dccfbd53a0b
localize,#hash_55f164c1fcf6d641
localize,#hash_55f161c1fcf6d128
localize,#hash_55f162c1fcf6d2db
localize,#hash_69fbc9ec5659fda5
localize,#hash_69fbc6ec5659f88c
localize,#hash_69fbc7ec5659fa3f
localize,#hash_4844bea08a496bb9
localize,#hash_4844bba08a4966a0
localize,#hash_4844bca08a496853
localize,#hash_117caf39500ed9f9
localize,#hash_117cac39500ed4e0
localize,#hash_117cad39500ed693
localize,#hash_783086e88a7bffb4
localize,#hash_783089e88a7c04cd
localize,#hash_783088e88a7c031a
localize,#hash_6fe7b53dc71e5ac2
localize,#hash_6fe7b43dc71e590f
localize,#hash_6fe7b33dc71e575c
localize,#hash_6fe7b23dc71e55a9
localize,#hash_737413d8b9c16a6
localize,#hash_737403d8b9c14f3
localize,#hash_7373f3d8b9c1340
localize,#hash_737463d8b9c1f25
localize,#hash_56c6d4435208cfe2
localize,#hash_56c6d3435208ce2f
localize,#hash_56c6d2435208cc7c
localize,#hash_56c6d1435208cac9
localize,#hash_56c6d0435208c916
localize,#hash_4d754443049dde32
localize,#hash_4d754343049ddc7f
localize,#hash_4d754243049ddacc
localize,#hash_4d754143049dd919
localize,#hash_47f7be3d4a0a0811
localize,#hash_47f7bb3d4a0a02f8
localize,#hash_47f7bc3d4a0a04ab
localize,#hash_47f7c13d4a0a0d2a
localize,#hash_47f7c23d4a0a0edd
localize,#hash_47f7bf3d4a0a09c4
localize,#hash_4c6a7c3d03697b2b
localize,#hash_4c6a7d3d03697cde
localize,#hash_4c6a7e3d03697e91
localize,#hash_4c6a7f3d03698044
localize,#hash_3b402e3cf9bbed61
localize,#hash_3b402b3cf9bbe848
localize,#hash_3b402c3cf9bbe9fb
localize,#hash_3b40313cf9bbf27a
localize,#hash_fe9d93ce12df3f2
localize,#hash_fe9d83ce12df23f
localize,#hash_fe9d73ce12df08c
localize,#hash_fe9d63ce12deed9
localize,#hash_fe9d53ce12ded26
localize,#hash_fe9d43ce12deb73
localize,#hash_fe9d33ce12de9c0
localize,#hash_1e40b2361046ae7e
localize,#hash_1e40b1361046accb
localize,#hash_1e40b0361046ab18
localize,#hash_1e40b7361046b6fd
localize,#hash_1e40b6361046b54a
localize,#hash_314595c5909a0f7f
localize,#hash_1032179be08cf625
localize,#hash_78323bcbdecb4d96
localize,#hash_78323acbdecb4be3
localize,#hash_783239cbdecb4a30
localize,#hash_783240cbdecb5615
localize,#hash_4ad98fcb7c948552
localize,#hash_4ad98ecb7c94839f
localize,#hash_4ad98dcb7c9481ec
localize,#hash_4ad98ccb7c948039
localize,#hash_73cf77ecd9081096
localize,#hash_73cf76ecd9080ee3
localize,#hash_73cf75ecd9080d30
localize,#hash_73cf7cecd9081915
localize,#hash_73cf7becd9081762
localize,#hash_6717e7ec88b9f5e6
localize,#hash_6717e6ec88b9f433
localize,#hash_6717e5ec88b9f280
localize,#hash_6717ecec88b9fe65
localize,#hash_4319b1e5e3bbc575
localize,#hash_4319aee5e3bbc05c
localize,#hash_4319afe5e3bbc20f
localize,#hash_4319ace5e3bbbcf6
localize,#hash_4319ade5e3bbbea9
localize,#hash_4319aae5e3bbb990
localize,#hash_19c5d7e614d6d807
localize,#hash_19c5d8e614d6d9ba
localize,#hash_19c5d9e614d6db6d
localize,#hash_19c5d2e614d6cf88
localize,#hash_4c6ac1e63125dda5
localize,#hash_4c6abee63125d88c
localize,#hash_4c6abfe63125da3f
localize,#hash_4c6abce63125d526
localize,#hash_5b92b4e5f12a95ce
localize,#hash_5b92b3e5f12a941b
localize,#hash_5b92b2e5f12a9268
localize,#hash_5b92b9e5f12a9e4d
localize,#hash_5b92b8e5f12a9c9a
localize,#hash_5b92b7e5f12a9ae7
localize,#hash_5b92b6e5f12a9934
localize,#hash_196ce5dafb40a162
localize,#hash_196ce4dafb409faf
localize,#hash_196ce3dafb409dfc
localize,#hash_196ce2dafb409c49
localize,#hash_196ce1dafb409a96
localize,#hash_2edda17b3da51383
localize,#hash_1e97e392de909251
localize,#hash_7351be4a18cbcd7b
localize,#hash_7351bf4a18cbcf2e
localize,#hash_7351c04a18cbd0e1
localize,#hash_7351c14a18cbd294
localize,#hash_76ba498f26a6ef
localize,#hash_76bb498f26a8a2
localize,#hash_76bc498f26aa55
localize,#hash_76b5498f269e70
localize,#hash_2d95c48366610687
localize,#hash_2d95c5836661083a
localize,#hash_2d95c683666109ed
localize,#hash_2d95bf836660fe08
localize,#hash_2d95c0836660ffbb
localize,#hash_236ab483183d4a97
localize,#hash_236ab583183d4c4a
localize,#hash_236ab683183d4dfd
localize,#hash_236aaf83183d4218
localize,#hash_4caa426a62ea2394
localize,#hash_4caa456a62ea28ad
localize,#hash_4caa446a62ea26fa
localize,#hash_4caa3f6a62ea1e7b
localize,#hash_4caa3e6a62ea1cc8
localize,#hash_4caa416a62ea21e1
localize,#hash_ce03c6ad0400e22
localize,#hash_ce03b6ad0400c6f
localize,#hash_ce03a6ad0400abc
localize,#hash_ce0396ad0400909
localize,#hash_56d5526ab10ddf84
localize,#hash_56d5556ab10de49d
localize,#hash_56d5546ab10de2ea
localize,#hash_56d54f6ab10dda6b
localize,#hash_4960df6af27b955b
localize,#hash_4960e06af27b970e
localize,#hash_4960e16af27b98c1
localize,#hash_4960e26af27b9a74
localize,#hash_4960e36af27b9c27
localize,#hash_4960e46af27b9dda
localize,#hash_4960e56af27b9f8d
localize,#hash_7587ce719bf4b2e7
localize,#hash_7587cf719bf4b49a
localize,#hash_7587d0719bf4b64d
localize,#hash_7587c9719bf4aa68
localize,#hash_7587ca719bf4ac1b
localize,#hash_3aaa1623595159b6
localize,#hash_5c45844d09d1f178
localize,#hash_54ccd5b3ebd01cbf
localize,#hash_54ccd6b3ebd01e72
localize,#hash_54ccd7b3ebd02025
localize,#hash_54ccd0b3ebd01440
localize,#hash_335239b3d92ea4eb
localize,#hash_33523ab3d92ea69e
localize,#hash_33523bb3d92ea851
localize,#hash_33523cb3d92eaa04
localize,#hash_7d334cc1f3a6f95b
localize,#hash_7d334dc1f3a6fb0e
localize,#hash_7d334ec1f3a6fcc1
localize,#hash_7d334fc1f3a6fe74
localize,#hash_7d3350c1f3a70027
localize,#hash_707bbcc1a358deab
localize,#hash_707bbdc1a358e05e
localize,#hash_707bbec1a358e211
localize,#hash_707bbfc1a358e3c4
localize,#hash_1d214aa8f0e8e0a8
localize,#hash_1d214da8f0e8e5c1
localize,#hash_1d214ca8f0e8e40e
localize,#hash_1d214fa8f0e8e927
localize,#hash_1d214ea8f0e8e774
localize,#hash_1d2151a8f0e8ec8d
localize,#hash_146f0ca933ed7a4e
localize,#hash_146f0ba933ed789b
localize,#hash_146f0aa933ed76e8
localize,#hash_146f11a933ed82cd
localize,#hash_274bdaa93f0bc318
localize,#hash_274bdda93f0bc831
localize,#hash_274bdca93f0bc67e
localize,#hash_274bdfa93f0bcb97
localize,#hash_52a22fa95799bc87
localize,#hash_52a230a95799be3a
localize,#hash_52a231a95799bfed
localize,#hash_52a22aa95799b408
localize,#hash_52a22ba95799b5bb
localize,#hash_52a22ca95799b76e
localize,#hash_52a22da95799b921
localize,#hash_46d7d6b02aab60bb
localize,#hash_46d7d7b02aab626e
localize,#hash_46d7d8b02aab6421
localize,#hash_46d7d9b02aab65d4
localize,#hash_46d7dab02aab6787
localize,#hash_2e81ecc8c0224f6a
localize,#hash_9538aabe78bf244
localize,#hash_46cac33477a4f206
localize,#hash_46cac23477a4f053
localize,#hash_46cac13477a4eea0
localize,#hash_15e38ae96e40b8c5
localize,#hash_38e34de0633bd3b2
localize,#hash_38e34ce0633bd1ff
localize,#hash_38e34be0633bd04c
localize,#hash_6556b93122334d71
localize,#hash_42c04bbc2e88aacf
localize,#hash_42c04cbc2e88ac82
localize,#hash_42c04dbc2e88ae35
localize,#hash_1c51ad725ff3ff98
localize,#hash_5f22e569e9a14d4b
localize,#hash_5f22e669e9a14efe
localize,#hash_5f22e769e9a150b1
localize,#hash_7b94ab7ff2d34364
localize,#hash_7a3397036c36cde9
localize,#hash_5bc94d36f3f77f5
localize,#hash_3df090bcd8687fcc
localize,#hash_50694b5ced59c240
localize,#hash_23fb09290d00649
localize,#hash_1c4afa2dbaa84755
localize,#hash_39e379f4a962f7ac
localize,#hash_6ff4946942bcb220
localize,#hash_4adb8216c579d7ab
localize,#hash_228bfc56580b4475
localize,#hash_228bf956580b3f5c
localize,#hash_228bfa56580b410f
localize,#hash_228bf756580b3bf6
localize,#hash_939755649e3a310
localize,#hash_939785649e3a829
localize,#hash_939775649e3a676
localize,#hash_9397a5649e3ab8f
localize,#hash_faeae564cec222b
localize,#hash_faeaf564cec23de
localize,#hash_faeb0564cec2591
localize,#hash_faeb1564cec2744
localize,#hash_481c4906b94b2653
localize,#hash_481c4a06b94b2806
localize,#hash_481c4b06b94b29b9
localize,#hash_481c4c06b94b2b6c
localize,#hash_4f6afe06bd0c68e2
localize,#hash_4f6afd06bd0c672f
localize,#hash_4f6afc06bd0c657c
localize,#hash_4f6afb06bd0c63c9
localize,#hash_59463706c2f810fd
localize,#hash_59463406c2f80be4
localize,#hash_59463506c2f80d97
localize,#hash_59463206c2f8087e
localize,#hash_4896681d4b53a38f
localize,#hash_4896691d4b53a542
localize,#hash_48966a1d4b53a6f5
localize,#hash_4896631d4b539b10
localize,#hash_4fe51d1d4f14e61e
localize,#hash_4fe51c1d4f14e46b
localize,#hash_4fe51b1d4f14e2b8
localize,#hash_4fe5221d4f14ee9d
localize,#hash_59c0361d550057d9
localize,#hash_59c0331d550052c0
localize,#hash_59c0341d55005473
localize,#hash_59c0391d55005cf2
localize,#hash_5c13c93c68c77f3b
localize,#hash_5c13ca3c68c780ee
localize,#hash_148f163bf7b04b52
localize,#hash_148f153bf7b0499f
localize,#hash_619444b24ad21956
localize,#hash_619443b24ad217a3
localize,#hash_619442b24ad215f0
localize,#hash_619449b24ad221d5
localize,#hash_5a45afb247110d27
localize,#hash_5a45b0b247110eda
localize,#hash_5a45b1b24711108d
localize,#hash_5a45aab2471104a8
localize,#hash_5069f6b241248b8c
localize,#hash_5069f9b2412490a5
localize,#hash_5069f8b241248ef2
localize,#hash_5069f3b241248673
localize,#hash_52ef7ef7fd75f500
localize,#hash_67a1a074eb1d690f
localize,#hash_37e001d7d9f3ce89
localize,#hash_37dffed7d9f3c970
localize,#hash_37dfffd7d9f3cb23
localize,#hash_37e004d7d9f3d3a2
localize,#hash_1f671ad7cc852dc4
localize,#hash_1f671dd7cc8532dd
localize,#hash_1f671cd7cc85312a
localize,#hash_1f6717d7cc8528ab
localize,#hash_26b5b3d7d04640bf
localize,#hash_26b5b4d7d0464272
localize,#hash_26b5b5d7d0464425
localize,#hash_26b5aed7d0463840
localize,#hash_660855118a19ada7
localize,#hash_660856118a19af5a
localize,#hash_660857118a19b10d
localize,#hash_660850118a19a528
localize,#hash_6d56ea118ddab9d6
localize,#hash_6d56e9118ddab823
localize,#hash_6d56e8118ddab670
localize,#hash_6d56ef118ddac255
localize,#hash_780ba311947f2c31
localize,#hash_780ba011947f2718
localize,#hash_780ba111947f28cb
localize,#hash_780ba611947f314a
localize,#hash_65811571e5a16e1b
localize,#hash_65811671e5a16fce
localize,#hash_65811771e5a17181
localize,#hash_65811871e5a17334
localize,#hash_6da94a71ea1b7aea
localize,#hash_6da94971ea1b7937
localize,#hash_6da94871ea1b7784
localize,#hash_6da94771ea1b75d1
localize,#hash_785de371f0bfb6e5
localize,#hash_785de071f0bfb1cc
localize,#hash_785de171f0bfb37f
localize,#hash_785dde71f0bfae66
localize,#hash_5e6aff5a2b977707
localize,#hash_5e6b005a2b9778ba
localize,#hash_17bfcc59bb390d5e
localize,#hash_17bfcb59bb390bab
localize,#hash_3a5581c644d08b4a
localize,#hash_3a5580c644d08997
localize,#hash_3a557fc644d087e4
localize,#hash_3a557ec644d08631
localize,#hash_307a4cc63ee4e9fb
localize,#hash_307a4dc63ee4ebae
localize,#hash_307a4ec63ee4ed61
localize,#hash_307a4fc63ee4ef14
localize,#hash_292b93c63b23a0a0
localize,#hash_292b96c63b23a5b9
localize,#hash_292b95c63b23a406
localize,#hash_292b98c63b23a91f
localize,#hash_5654f5148558430c
localize,#hash_473fe81cf33c8e4d
localize,#hash_445ab145a50f2603
localize,#hash_445ab245a50f27b6
localize,#hash_445ab345a50f2969
localize,#hash_445ab445a50f2b1c
localize,#hash_4ba96645a8d06892
localize,#hash_4ba96545a8d066df
localize,#hash_4ba96445a8d0652c
localize,#hash_4ba96345a8d06379
localize,#hash_565e1f45af74daed
localize,#hash_565e1c45af74d5d4
localize,#hash_565e1d45af74d787
localize,#hash_565e1a45af74d26e
localize,#hash_3dcb0c5d28a2d6a1
localize,#hash_3dcb095d28a2d188
localize,#hash_3dcb0a5d28a2d33b
localize,#hash_3dcb0f5d28a2dbba
localize,#hash_239f055d19c26afc
localize,#hash_239f085d19c27015
localize,#hash_239f075d19c26e62
localize,#hash_239f025d19c265e3
localize,#hash_2aedbe5d1d83b457
localize,#hash_2aedbf5d1d83b60a
localize,#hash_2aedc05d1d83b7bd
localize,#hash_2aedb95d1d83abd8
localize,#hash_10a4ec80f3f03a3d
localize,#hash_10a4e980f3f03524
localize,#hash_10a4ea80f3f036d7
localize,#hash_10a4e780f3f031be
localize,#hash_782be580e6816318
localize,#hash_782be880e6816831
localize,#hash_782be780e681667e
localize,#hash_782bea80e6816b97
localize,#hash_7f7afe80ea434f93
localize,#hash_7f7aff80ea435146
localize,#hash_7f7b0080ea4352f9
localize,#hash_7f7b0180ea4354ac
localize,#hash_29fabd1764001109
localize,#hash_29faba1764000bf0
localize,#hash_4bff7e172f2311fc
localize,#hash_4bff81172f231715
localize,#hash_4ce168f7d637f340
localize,#hash_4ce16bf7d637f859
localize,#hash_4ce16af7d637f6a6
localize,#hash_4ce16df7d637fbbf
localize,#hash_670d6ff7e5185ee5
localize,#hash_670d6cf7e51859cc
localize,#hash_670d6df7e5185b7f
localize,#hash_670d6af7e5185666
localize,#hash_5c58d6f7de7422ea
localize,#hash_5c58d5f7de742137
localize,#hash_5c58d4f7de741f84
localize,#hash_5c58d3f7de741dd1
localize,#hash_788dd0f8e10ec502
localize,#hash_24bdc7407fdbec86
localize,#hash_5c16ada7ad272428
localize,#hash_5c16b0a7ad272941
localize,#hash_5c16afa7ad27278e
localize,#hash_5c16b2a7ad272ca7
localize,#hash_7642b4a7bc078fcd
localize,#hash_7642b1a7bc078ab4
localize,#hash_7642b2a7bc078c67
localize,#hash_7642afa7bc07874e
localize,#hash_6b8d7ba7b56243f2
localize,#hash_6b8d7aa7b562423f
localize,#hash_6b8d79a7b562408c
localize,#hash_6b8d78a7b5623ed9
localize,#hash_57edb985c850a2c6
localize,#hash_57edb885c850a113
localize,#hash_57edb785c8509f60
localize,#hash_57edbe85c850ab45
localize,#hash_4fc52485c3d5f2d7
localize,#hash_4fc52585c3d5f48a
localize,#hash_4fc52685c3d5f63d
localize,#hash_4fc51f85c3d5ea58
localize,#hash_48766b85c014a97c
localize,#hash_48766e85c014ae95
localize,#hash_48766d85c014ace2
localize,#hash_48766885c014a463
localize,#hash_44799eb0eba6d9a
localize,#hash_44798eb0eba6be7
localize,#hash_44797eb0eba6a34
localize,#hash_44796eb0eba6881
localize,#hash_799264eb0815288b
localize,#hash_799265eb08152a3e
localize,#hash_799266eb08152bf1
localize,#hash_799267eb08152da4
localize,#hash_716a2beb039b14f0
localize,#hash_716a2eeb039b1a09
localize,#hash_716a2deb039b1856
localize,#hash_716a30eb039b1d6f
localize,#hash_5edef1740dba6a82
localize,#hash_5edef0740dba68cf
localize,#hash_105a8473e118920b
localize,#hash_105a8573e11893be
localize,#hash_2e5fac8f9618ae0b
localize,#hash_2e5fad8f9618afbe
localize,#hash_2e5fae8f9618b171
localize,#hash_2e5faf8f9618b324
localize,#hash_3914e18f9cbdf31a
localize,#hash_3914e08f9cbdf167
localize,#hash_3914df8f9cbdefb4
localize,#hash_3914de8f9cbdee01
localize,#hash_3f89fa8f9fc63bd5
localize,#hash_3f89f78f9fc636bc
localize,#hash_3f89f88f9fc6386f
localize,#hash_3f89f58f9fc63356
localize,#hash_729889e007fe0dfd
localize,#hash_15cb00ec990a04fe
localize,#hash_140b0bf33161d940
localize,#hash_140b0ef33161de59
localize,#hash_140b0df33161dca6
localize,#hash_140b10f33161e1bf
localize,#hash_2e3712f3404244e5
localize,#hash_2e370ff340423fcc
localize,#hash_2e3710f34042417f
localize,#hash_2e370df340423c66
localize,#hash_238279f3399e08ea
localize,#hash_238278f3399e0737
localize,#hash_238277f3399e0584
localize,#hash_238276f3399e03d1
localize,#hash_3211e7e0a56fd39e
localize,#hash_3211e6e0a56fd1eb
localize,#hash_3211e5e0a56fd038
localize,#hash_3211ece0a56fdc1d
localize,#hash_2ac332e0a1ae910f
localize,#hash_2ac333e0a1ae92c2
localize,#hash_2ac334e0a1ae9475
localize,#hash_2ac32de0a1ae8890
localize,#hash_229a99e09d33da54
localize,#hash_229a9ce09d33df6d
localize,#hash_229a9be09d33ddba
localize,#hash_229a96e09d33d53b
localize,#hash_3311c7c2fc20c5c2
localize,#hash_3311c6c2fc20c40f
localize,#hash_3311c5c2fc20c25c
localize,#hash_3311c4c2fc20c0a9
localize,#hash_285c92c2f57b80b3
localize,#hash_285c93c2f57b8266
localize,#hash_285c94c2f57b8419
localize,#hash_285c95c2f57b85cc
localize,#hash_210df9c2f1ba6db8
localize,#hash_210dfcc2f1ba72d1
localize,#hash_210dfbc2f1ba711e
localize,#hash_210dfec2f1ba7637
localize,#hash_14c5b61256020a4a
localize,#hash_14c5b51256020897
localize,#hash_3c171911db3df283
localize,#hash_3c171a11db3df436
localize,#hash_61cfd334ff816263
localize,#hash_61cfd434ff816416
localize,#hash_61cfd534ff8165c9
localize,#hash_61cfd634ff81677c
localize,#hash_691e88350342a4f2
localize,#hash_691e87350342a33f
localize,#hash_691e86350342a18c
localize,#hash_691e853503429fd9
localize,#hash_73d3c13509e7f0cd
localize,#hash_73d3be3509e7ebb4
localize,#hash_73d3bf3509e7ed67
localize,#hash_73d3bc3509e7e84e
localize,#hash_43c154109938ee85
localize,#hash_8a2b260e346ea5e
localize,#hash_8a2b160e346e8ab
localize,#hash_8a2b060e346e6f8
localize,#hash_1bac4dc8b4573a88
localize,#hash_1bac50c8b4573fa1
localize,#hash_1bac4fc8b4573dee
localize,#hash_342554c8c1c611ad
localize,#hash_342551c8c1c60c94
localize,#hash_342552c8c1c60e47
localize,#hash_2cd69bc8be04c852
localize,#hash_2cd69ac8be04c69f
localize,#hash_2cd699c8be04c4ec
localize,#hash_1804ac8a576d5af
localize,#hash_1804bc8a576d762
localize,#hash_1804cc8a576d915
localize,#hash_77a531c89f8b63f4
localize,#hash_77a534c89f8b690d
localize,#hash_77a533c89f8b675a
localize,#hash_3a6686eccc728888
localize,#hash_3a6689eccc728da1
localize,#hash_3a6688eccc728bee
localize,#hash_93129943d9ee569
localize,#hash_93126943d9ee050
localize,#hash_93127943d9ee203
localize,#hash_42b159abb8f0f8a6
localize,#hash_42b158abb8f0f6f3
localize,#hash_42b157abb8f0f540
localize,#hash_38d644abb3058db7
localize,#hash_38d645abb3058f6a
localize,#hash_38d646abb305911d
localize,#hash_31878babaf44445c
localize,#hash_31878eabaf444975
localize,#hash_31878dabaf4447c2
localize,#hash_6e07aeabd17ef215
localize,#hash_6e07ababd17eecfc
localize,#hash_6e07acabd17eeeaf
localize,#hash_642c95abcb93805a
localize,#hash_642c94abcb937ea7
localize,#hash_642c93abcb937cf4
localize,#hash_422a3a0c1478ef7a
localize,#hash_422a390c1478edc7
localize,#hash_422a380c1478ec14
localize,#hash_3adb850c10b7aceb
localize,#hash_3adb860c10b7ae9e
localize,#hash_3adb870c10b7b051
localize,#hash_31004c0c0acc04d0
localize,#hash_31004f0c0acc09e9
localize,#hash_31004e0c0acc0836
localize,#hash_29b1370c070a1f21
localize,#hash_29b1340c070a1a08
localize,#hash_29b1350c070a1bbb
localize,#hash_1efc7e0c0065acc6
localize,#hash_1efc7d0c0065ab13
localize,#hash_1efc7c0c0065a960
localize,#hash_47360a4beee6c437
localize,#hash_1e74919514ea80e2
localize,#hash_1e74909514ea7f2f
localize,#hash_1e748f9514ea7d7c
localize,#hash_51a3a494e9bb166b
localize,#hash_51a3a594e9bb181e
localize,#hash_51a3a694e9bb19d1
localize,#hash_6a54d506d477c36b
localize,#hash_6a54d606d477c51e
localize,#hash_6a54d706d477c6d1
localize,#hash_71a38a06d83905fa
localize,#hash_71a38906d8390447
localize,#hash_71a38806d8390294
localize,#hash_79cc2306dcb3bcb5
localize,#hash_79cc2006dcb3b79c
localize,#hash_79cc2106dcb3b94f
localize,#hash_3efe8006bbe9c9fc
localize,#hash_3efe8306bbe9cf15
localize,#hash_3efe8206bbe9cd62
localize,#hash_464d3906bfab1357
localize,#hash_464d3a06bfab150a
localize,#hash_464d3b06bfab16bd
localize,#hash_a14c4f8db04af1d
localize,#hash_faf78a46cea864a
localize,#hash_faf77a46cea8497
localize,#hash_faf76a46cea82e4
localize,#hash_4353887a18693dbc
localize,#hash_43538b7a186942d5
localize,#hash_43538a7a18694122
localize,#hash_5d7f8f7a2749a961
localize,#hash_5d7f8c7a2749a448
localize,#hash_5d7f8d7a2749a5fb
localize,#hash_5630d67a23886006
localize,#hash_5630d57a23885e53
localize,#hash_5630d47a23885ca0
localize,#hash_6ea9dd7a30f7372b
localize,#hash_6ea9de7a30f738de
localize,#hash_6ea9df7a30f73a91
localize,#hash_6834a47a2deeb810
localize,#hash_6834a77a2deebd29
localize,#hash_6834a67a2deebb76
localize,#hash_8d7b9e57d773584
localize,#hash_8d7bce57d773a9d
localize,#hash_8d7bbe57d7738ea
localize,#hash_70377c8d8e862405
localize,#hash_7037798d8e861eec
localize,#hash_70377a8d8e86209f
localize,#hash_73631cf49d5a1cda
localize,#hash_73631bf49d5a1b27
localize,#hash_73631af49d5a1974
localize,#hash_6c13e7f4999800cb
localize,#hash_6c13e8f49998027e
localize,#hash_6c13e9f499980431
localize,#hash_63ebaef4951ded30
localize,#hash_63ebb1f4951df249
localize,#hash_63ebb0f4951df096
localize,#hash_593719f48e79b801
localize,#hash_593716f48e79b2e8
localize,#hash_593717f48e79b49b
localize,#hash_51e7e0f48ab79526
localize,#hash_51e7dff48ab79373
localize,#hash_51e7def48ab791c0
localize,#hash_4a6f3c8f59d37b06
localize,#hash_4a6f3b8f59d37953
localize,#hash_4a6f3a8f59d377a0
localize,#hash_4246a78f5558cb17
localize,#hash_4246a88f5558ccca
localize,#hash_4246a98f5558ce7d
localize,#hash_3791ee8f4eb458bc
localize,#hash_3791f18f4eb45dd5
localize,#hash_3791f08f4eb45c22
localize,#hash_75c5918f72617475
localize,#hash_75c58e8f72616f5c
localize,#hash_75c58f8f7261710f
localize,#hash_6d9cf88f6de6bdba
localize,#hash_6d9cf78f6de6bc07
localize,#hash_6d9cf68f6de6ba54
localize,#hash_73b01644872064c3
localize,#hash_5b3c0320eeead34e
localize,#hash_5b3c0220eeead19b
localize,#hash_5b3c0120eeeacfe8
localize,#hash_f441620c4735997
localize,#hash_f441720c4735b4a
localize,#hash_f441820c4735cfd
localize,#hash_7da3a95dc89db25f
localize,#hash_7da3aa5dc89db412
localize,#hash_7da3ab5dc89db5c5
localize,#hash_5cbde5dcd17bf2e
localize,#hash_5cbdd5dcd17bd7b
localize,#hash_5cbdc5dcd17bbc8
localize,#hash_1080f75dd3bcd4a9
localize,#hash_1080f45dd3bccf90
localize,#hash_1080f55dd3bcd143
localize,#hash_16f62c5dd6c54cf8
localize,#hash_16f62f5dd6c55211
localize,#hash_16f62e5dd6c5505e
localize,#hash_21aac55ddd6988f3
localize,#hash_21aac65ddd698aa6
localize,#hash_21aac75ddd698c59
localize,#hash_3cfc8178d678a489
localize,#hash_800b40f39163307
localize,#hash_800b50f391634ba
localize,#hash_800b60f3916366d
localize,#hash_2ab999fc7dce2fa5
localize,#hash_2ab996fc7dce2a8c
localize,#hash_2ab997fc7dce2c3f
localize,#hash_108d92fc6eedc400
localize,#hash_108d95fc6eedc919
localize,#hash_108d94fc6eedc766
localize,#hash_1b42cbfc75930fdb
localize,#hash_1b42ccfc7593118e
localize,#hash_1b42cdfc75931341
localize,#hash_7f63c4fc65410fb6
localize,#hash_7f63c3fc65410e03
localize,#hash_7f63c2fc65410c50
localize,#hash_a187dfc6be58211
localize,#hash_a187afc6be57cf8
localize,#hash_a187bfc6be57eab
localize,#hash_3c5988b138f29db9
localize,#hash_3c5985b138f298a0
localize,#hash_3c5986b138f29a53
localize,#hash_6a28e609c4e317d8
localize,#hash_6a28e909c4e31cf1
localize,#hash_6a28e809c4e31b3e
localize,#hash_268ba5a48d0f0be3
localize,#hash_268ba6a48d0f0d96
localize,#hash_268ba7a48d0f0f49
localize,#hash_2dda5aa490d04e72
localize,#hash_2dda59a490d04cbf
localize,#hash_2dda58a490d04b0c
localize,#hash_388f93a497759a4d
localize,#hash_388f90a497759534
localize,#hash_388f91a4977596e7
localize,#hash_7a5bf0a473c87e94
localize,#hash_7a5bf3a473c883ad
localize,#hash_7a5bf2a473c881fa
localize,#hash_28489a47843354f
localize,#hash_2848aa478433702
localize,#hash_2848ba4784338b5
localize,#hash_50c405c371168ebf
localize,#hash_50c406c371169072
localize,#hash_50c407c371169225
localize,#hash_5a9fbac37703098e
localize,#hash_5a9fb9c3770307db
localize,#hash_5a9fb8c377030628
localize,#hash_61ee53c37ac41c89
localize,#hash_61ee50c37ac41770
localize,#hash_61ee51c37ac41923
localize,#hash_6a1688c37f3e2958
localize,#hash_6a168bc37f3e2e71
localize,#hash_6a168ac37f3e2cbe
localize,#hash_74cba1c385e33ed3
localize,#hash_74cba2c385e34086
localize,#hash_74cba3c385e34239
localize,#hash_333a079283f73ba2
localize,#hash_68119f971ecd0e0b
localize,#hash_6811a0971ecd0fbe
localize,#hash_6811a1971ecd1171
localize,#hash_36960c974b6ee682
localize,#hash_36960b974b6ee4cf
localize,#hash_36960a974b6ee31c
localize,#hash_57a2b9e4c53ba546
localize,#hash_57a2b8e4c53ba393
localize,#hash_57a2b7e4c53ba1e0
localize,#hash_4f7a24e4c0c0f557
localize,#hash_4f7a25e4c0c0f70a
localize,#hash_4f7a26e4c0c0f8bd
localize,#hash_482b6be4bcffabfc
localize,#hash_482b6ee4bcffb115
localize,#hash_482b6de4bcffaf62
localize,#hash_2f90ee4ddc99eb5
localize,#hash_2f90be4ddc9999c
localize,#hash_2f90ce4ddc99b4f
localize,#hash_7ad075e4d94ee7fa
localize,#hash_7ad074e4d94ee647
localize,#hash_7ad073e4d94ee494
localize,#hash_403ce43f510a7d10
localize,#hash_150c83f2a3d3ca13
localize,#hash_150c84f2a3d3cbc6
localize,#hash_150c85f2a3d3cd79
localize,#hash_27574dda288e0a9
localize,#hash_27571dda288db90
localize,#hash_27572dda288dd43
localize,#hash_68490ddd93a7d1e4
localize,#hash_684910dd93a7d6fd
localize,#hash_68490fdd93a7d54a
localize,#hash_6f9826dd9769be5f
localize,#hash_6f9827dd9769c012
localize,#hash_6f9828dd9769c1c5
localize,#hash_1aee77ddaff7b102
localize,#hash_1aee76ddaff7af4f
localize,#hash_1aee75ddaff7ad9c
localize,#hash_2316b0ddb471c49d
localize,#hash_2316adddb471bf84
localize,#hash_2316aeddb471c137
localize,#hash_12929490ae277465
localize,#hash_12929190ae276f4c
localize,#hash_12929290ae2770ff
localize,#hash_7c4f5a41484600e4
localize,#hash_7c4f5d41484605fd
localize,#hash_7c4f5c414846044a
localize,#hash_3bc481267cc1247
localize,#hash_3bc491267cc13fa
localize,#hash_3bc4a1267cc15ad
localize,#hash_e715d126e7120f6
localize,#hash_e715c126e711f43
localize,#hash_e715b126e711d90
localize,#hash_15c0161272326a51
localize,#hash_15c0131272326538
localize,#hash_15c01412723266eb
localize,#hash_1f9b2b12781dd540
localize,#hash_1f9b2e12781dda59
localize,#hash_1f9b2d12781dd8a6
localize,#hash_26ea64127bdff81b
localize,#hash_26ea65127bdff9ce
localize,#hash_26ea66127bdffb81
localize,#hash_30160877ae35a6bb
localize,#hash_30160977ae35a86e
localize,#hash_30160a77ae35aa21
localize,#hash_368b3d77b13e1f0a
localize,#hash_368b3c77b13e1d57
localize,#hash_368b3b77b13e1ba4
localize,#hash_41405677b7e33485
localize,#hash_41405377b7e32f6c
localize,#hash_41405477b7e3311f
localize,#hash_4bfb37795a7ad4c
localize,#hash_4bfb67795a7b265
localize,#hash_4bfb57795a7b0b2
localize,#hash_b356c7798b105e7
localize,#hash_b356d7798b1079a
localize,#hash_b356e7798b1094d
localize,#hash_62ab8215373c82fe
localize,#hash_2ca16a09bcfe63a7
localize,#hash_2ca16b09bcfe655a
localize,#hash_2ca16c09bcfe670d
localize,#hash_65f5b7094c9f207e
localize,#hash_65f5b6094c9f1ecb
localize,#hash_65f5b5094c9f1d18
localize,#hash_5d5dec70ecc7386a
localize,#hash_5d5deb70ecc736b7
localize,#hash_5d5dea70ecc73504
localize,#hash_5535b770e84d2b9b
localize,#hash_5535b870e84d2d4e
localize,#hash_5535b970e84d2f01
localize,#hash_4de67e70e48b08c0
localize,#hash_4de68170e48b0dd9
localize,#hash_4de68070e48b0c26
localize,#hash_440b6970de9f9dd1
localize,#hash_440b6670de9f98b8
localize,#hash_440b6770de9f9a6b
localize,#hash_3cbcb070dade5476
localize,#hash_3cbcaf70dade52c3
localize,#hash_3cbcae70dade5110
localize,#hash_21b4dec19030c8ec
localize,#hash_3e6b3d8f4223f390
localize,#hash_218d3e1d257153c
localize,#hash_3847c07a8f3f4d72
localize,#hash_eb6ca6af6fbf1ad
localize,#hash_747c3039282408d5
localize,#hash_1302b6f413cd932e
localize,#hash_1302b5f413cd917b
localize,#hash_1302b4f413cd8fc8
localize,#hash_5ce2836b3d7606b5
localize,#hash_5ce2806b3d76019c
localize,#hash_5ce2816b3d76034f
localize,#hash_438ffc6b2f4e6550
localize,#hash_438fff6b2f4e6a69
localize,#hash_438ffe6b2f4e68b6
localize,#hash_4d6b356b353a0d6b
localize,#hash_4d6b366b353a0f1e
localize,#hash_216d466c8656164e
localize,#hash_216d456c8656149b
localize,#hash_216d446c865612e8
localize,#hash_65d0b6d59bc7841
localize,#hash_59d2e22a8e5680ad
localize,#hash_5dbabd20842ce9da
localize,#hash_5dbabc20842ce827
localize,#hash_5dbabb20842ce674
localize,#hash_6e0d5a23d76f0f01
localize,#hash_6e0d5723d76f09e8
localize,#hash_6e0d5823d76f0b9b
localize,#hash_55945323ca0037dc
localize,#hash_55945623ca003cf5
localize,#hash_55945523ca003b42
localize,#hash_5ce30c23cdc18137
localize,#hash_5ce30d23cdc182ea
localize,#hash_235cd522d3bdf102
localize,#hash_235cd422d3bdef4f
localize,#hash_235cd322d3bded9c
localize,#hash_791155f4c66ded8d
localize,#hash_67555d364bd22e99
localize,#hash_3b179b66e278f4b7
localize,#hash_3b179c66e278f66a
localize,#hash_3b179d66e278f81d
localize,#hash_49531c4f61ce5a5c
localize,#hash_49531f4f61ce5f75
localize,#hash_49531e4f61ce5dc2
localize,#hash_61cc234f6f3d3181
localize,#hash_61cc204f6f3d2c68
localize,#hash_61cc214f6f3d2e1b
localize,#hash_5a7cea4f6b7b0ea6
localize,#hash_5a7ce94f6b7b0cf3
localize,#hash_fcc694e67c9f773
localize,#hash_fcc6a4e67c9f926
localize,#hash_fcc6b4e67c9fad9
localize,#hash_7787b48fd3cc737c
localize,#hash_4d7f3d4e74c07a40
localize,#hash_7fde9805d35da083
localize,#hash_7fde9905d35da236
localize,#hash_7fde9a05d35da3e9
localize,#hash_35ab59cb4304e948
localize,#hash_35ab5ccb4304ee61
localize,#hash_35ab5bcb4304ecae
localize,#hash_518a60cb5356e96d
localize,#hash_518a5dcb5356e454
localize,#hash_518a5ecb5356e607
localize,#hash_46d5a7cb4cb27712
localize,#hash_46d5a6cb4cb2755f
localize,#hash_40cdfeca6fb6f3e7
localize,#hash_40cdffca6fb6f59a
localize,#hash_40ce00ca6fb6f74d
localize,#hash_6136f13782dde728
localize,#hash_467409f4c1ab5e9c
localize,#hash_749fe74daa2ffe8e
localize,#hash_749fe64daa2ffcdb
localize,#hash_749fe54daa2ffb28
localize,#hash_5de1cb3b25bcd9cd
localize,#hash_5b5a4d12acf63da2
localize,#hash_5b5a4c12acf63bef
localize,#hash_5b5a4b12acf63a3c
localize,#hash_3f576d7a1a8e7bba
localize,#hash_3f576c7a1a8e7a07
localize,#hash_3f576b7a1a8e7854
localize,#hash_6b644646e33887b9
localize,#hash_18a3fa253dd06d46
localize,#hash_18a3f9253dd06b93
localize,#hash_18a3f8253dd069e0
localize,#hash_2c2aacd863f2e297
localize,#hash_2c2aadd863f2e44a
localize,#hash_2c2aaed863f2e5fd
localize,#hash_1b69b9bbcc5ef360
localize,#hash_342ffb36391aa63
localize,#hash_34300b36391ac16
localize,#hash_34301b36391adc9
localize,#hash_6f3ea9775365f9e3
localize,#hash_6f3eaa775365fb96
localize,#hash_6f3eab775365fd49
localize,#hash_145e86621949d7bc
localize,#hash_4035e6b5aca497b7
localize,#hash_4035e7b5aca4996a
localize,#hash_4035e8b5aca49b1d
localize,#hash_776550ff7b0560bf
localize,#hash_776551ff7b056272
localize,#hash_776552ff7b056425
localize,#hash_123a1d0aebb41012
localize,#hash_123a1c0aebb40e5f
localize,#hash_123a1b0aebb40cac
localize,#hash_1f335271103889c6
localize,#hash_1f33517110388813
localize,#hash_1f33507110388660
localize,#hash_5ae36c7c03192c63
localize,#hash_5ae36d7c03192e16
localize,#hash_5ae36e7c03192fc9
localize,#hash_50782d95d8fb674
localize,#hash_1e4dba726cf5c68d
localize,#hash_1e4db7726cf5c174
localize,#hash_1e4db8726cf5c327
localize,#hash_386f04897c3a0e43
localize,#hash_386f05897c3a0ff6
localize,#hash_386f06897c3a11a9
localize,#hash_386f07897c3a135c
localize,#hash_4032504df1225d1e
localize,#hash_40324f4df1225b6b
localize,#hash_40324e4df12259b8
localize,#hash_131bbdfa9e04d8b2
localize,#hash_131bbcfa9e04d6ff
localize,#hash_131bbbfa9e04d54c
localize,#hash_131bbafa9e04d399
localize,#hash_131bb9fa9e04d1e6
localize,#hash_581d6805de506cff
localize,#hash_581d6905de506eb2
localize,#hash_581d6a05de507065
localize,#hash_581d6305de506480
localize,#hash_581d6405de506633
localize,#hash_4e88f218dea4e41c
localize,#hash_4e88f518dea4e935
localize,#hash_2d6867fd110b9326
localize,#hash_4c3a99afe8aa7d40
localize,#hash_22da88aa1969302b
localize,#hash_31f9395d514dd353
localize,#hash_31f93a5d514dd506
localize,#hash_31f93b5d514dd6b9
localize,#hash_625e0526ad7c02ee
localize,#hash_625e0426ad7c013b
localize,#hash_625e0326ad7bff88
localize,#hash_32f473da70ed1e62
localize,#hash_32f472da70ed1caf
localize,#hash_32f471da70ed1afc
localize,#hash_771c9de5b07fe86f
localize,#hash_771c9ee5b07fea22
localize,#hash_771c9fe5b07febd5
localize,#hash_6ff186ba3142a8e8
localize,#hash_5569535045a370f9
localize,#hash_5569505045a36be0
localize,#hash_5569515045a36d93
localize,#hash_1b12ff1d80123a4f
localize,#hash_1b13001d80123c02
localize,#hash_1b13011d80123db5
localize,#hash_1b12fa1d801231d0
localize,#hash_d45cb24097a2f62
localize,#hash_d45ca24097a2daf
localize,#hash_d45c924097a2bfc
localize,#hash_6d6e819b16b4fdb6
localize,#hash_6d6e809b16b4fc03
localize,#hash_6d6e7f9b16b4fa50
localize,#hash_6d6e869b16b50635
localize,#hash_6d6e859b16b50482
localize,#hash_7fa39ba12196f553
localize,#hash_7fa39ca12196f706
localize,#hash_7fa39da12196f8b9
localize,#hash_7fa39ea12196fa6c
localize,#hash_7fa39fa12196fc1f
localize,#hash_730e2d0341195d90
localize,#hash_730e3003411962a9
localize,#hash_146d39c48f7a042
localize,#hash_1d55e54f1e3d8c4c
localize,#hash_4b2f844816581f8f
localize,#hash_7fedeb02805c7b41
localize,#hash_7fede802805c7628
localize,#hash_7fede902805c77db
localize,#hash_c9dbb2c23ff289c
localize,#hash_c9dbe2c23ff2db5
localize,#hash_c9dbd2c23ff2c02
localize,#hash_573504739f44bfd0
localize,#hash_573507739f44c4e9
localize,#hash_573506739f44c336
localize,#hash_60df067f06450ea5
localize,#hash_60df037f0645098c
localize,#hash_60df047f06450b3f
localize,#hash_5fa7be3f7f03ddca
localize,#hash_1c5c994d0230cfc3
localize,#hash_1c5c9a4d0230d176
localize,#hash_1c5c9b4d0230d329
localize,#hash_61415f3068ac5cf5
localize,#hash_61415c3068ac57dc
localize,#hash_61415d3068ac598f
localize,#hash_61415a3068ac5476
localize,#hash_5342f17f9401f18
localize,#hash_5343217f9402431
localize,#hash_5343117f940227e
localize,#hash_1cba41ad60dd49bc
localize,#hash_1cba44ad60dd4ed5
localize,#hash_1cba43ad60dd4d22
localize,#hash_1cba3ead60dd44a3
localize,#hash_1cba3dad60dd42f0
localize,#hash_7dc343b3e0989151
localize,#hash_7dc340b3e0988c38
localize,#hash_7dc341b3e0988deb
localize,#hash_7dc346b3e098966a
localize,#hash_7dc347b3e098981d
localize,#hash_6c55bd95fd087556
localize,#hash_6c55bc95fd0873a3
localize,#hash_3079576270bb9a8c
localize,#hash_6c6fc13864d5e242
localize,#hash_7549dc2d9890c125
localize,#hash_28fc005e93416d72
localize,#hash_28fbff5e93416bbf
localize,#hash_28fbfe5e93416a0c
localize,#hash_64679476f0c4243b
localize,#hash_64679576f0c425ee
localize,#hash_64679676f0c427a1
localize,#hash_6bd01de1999eec2b
localize,#hash_6bd01ee1999eedde
localize,#hash_6bd01fe1999eef91
localize,#hash_47d163daf49fdb6e
localize,#hash_47d162daf49fd9bb
localize,#hash_47d161daf49fd808
localize,#hash_6012dc14c2725a29
localize,#hash_2a10f54dbfdaad34
localize,#hash_2a10f84dbfdab24d
localize,#hash_2a10f74dbfdab09a
localize,#hash_497dee2433f07a3e
localize,#hash_497ded2433f0788b
localize,#hash_497dec2433f076d8
localize,#hash_497df32433f082bd
localize,#hash_19a061fa7c3a8a2f
localize,#hash_19a062fa7c3a8be2
localize,#hash_19a063fa7c3a8d95
localize,#hash_708434b31397444f
localize,#hash_708435b313974602
localize,#hash_708436b3139747b5
localize,#hash_70842fb313973bd0
localize,#hash_708430b313973d83
localize,#hash_578a0aacbd74b9c2
localize,#hash_578a09acbd74b80f
localize,#hash_578a08acbd74b65c
localize,#hash_578a07acbd74b4a9
localize,#hash_578a06acbd74b2f6
localize,#hash_4e4877fc87496d2d
localize,#hash_4e4874fc87496814
localize,#hash_2f867ef66b667913
localize,#hash_687da497f04f6d3d
localize,#hash_3b4ad5a2a7835e56
localize,#hash_25d2892bb35792ca
localize,#hash_25d2882bb3579117
localize,#hash_25d2872bb3578f64
localize,#hash_48a8dd4370f78193
localize,#hash_48a8de4370f78346
localize,#hash_48a8df4370f784f9
localize,#hash_537766ae1cb57283
localize,#hash_537767ae1cb57436
localize,#hash_537768ae1cb575e9
localize,#hash_17c6cca329d3f666
localize,#hash_17c6cba329d3f4b3
localize,#hash_17c6caa329d3f300
localize,#hash_679705c179b7b251
localize,#hash_64e45e9e6a7f21dc
localize,#hash_64e4619e6a7f26f5
localize,#hash_64e4609e6a7f2542
localize,#hash_6bc2fb3bff566b76
localize,#hash_6bc2fa3bff5669c3
localize,#hash_6bc2f93bff566810
localize,#hash_6bc3003bff5673f5
localize,#hash_387f0f1244bcaf47
localize,#hash_387f101244bcb0fa
localize,#hash_387f111244bcb2ad
localize,#hash_1115e1cadd8afde7
localize,#hash_1115e2cadd8aff9a
localize,#hash_1115e3cadd8b014d
localize,#hash_1115dccadd8af568
localize,#hash_1115ddcadd8af71b
localize,#hash_7668b7c485f6deda
localize,#hash_7668b6c485f6dd27
localize,#hash_7668b5c485f6db74
localize,#hash_7668b4c485f6d9c1
localize,#hash_7668b3c485f6d80e
localize,#hash_171ba4856934f0c5
localize,#hash_171ba1856934ebac
localize,#hash_196d889e8a42251b
localize,#hash_39a56ec881889ac5
localize,#hash_ca8bfd338ea51ae
localize,#hash_61d9b5f0a6c4c352
localize,#hash_61d9b4f0a6c4c19f
localize,#hash_61d9b3f0a6c4bfec
localize,#hash_19df4a090164511b
localize,#hash_19df4b09016452ce
localize,#hash_19df4c0901645481
localize,#hash_22fa5373abafd40b
localize,#hash_22fa5473abafd5be
localize,#hash_22fa5573abafd771
localize,#hash_7d49196d0540084e
localize,#hash_7d49186d0540069b
localize,#hash_7d49176d054004e8
localize,#hash_293997355012c589
localize,#hash_293994355012c070
localize,#hash_293995355012c223
localize,#hash_5f882adfd07a0094
localize,#hash_5f882ddfd07a05ad
localize,#hash_5f882cdfd07a03fa
localize,#hash_1c8ef2e41fb57d9e
localize,#hash_1c8ef1e41fb57beb
localize,#hash_1c8ef0e41fb57a38
localize,#hash_2f0410ab380ecd1c
localize,#hash_a8a3b646023b9e
localize,#hash_a8a2b6460239eb
localize,#hash_a8a1b646023838
localize,#hash_50cb178c8e4c4b8f
localize,#hash_50cb188c8e4c4d42
localize,#hash_29616a452719c0af
localize,#hash_29616b452719c262
localize,#hash_29616c452719c415
localize,#hash_eb4403ecf85a1a2
localize,#hash_eb43f3ecf859fef
localize,#hash_eb43e3ecf859e3c
localize,#hash_1f35e4cf17bf8d
localize,#hash_1f32e4cf17ba74
localize,#hash_1f33e4cf17bc27
localize,#hash_4f1aa4684b5e0a0f
localize,#hash_4f1aa5684b5e0bc2
localize,#hash_4f1aa6684b5e0d75
localize,#hash_4c441a3b4b36cce8
localize,#hash_4c43d13b4b3650dd
localize,#hash_2e6dbb2f1e8f422e
localize,#hash_2e6dba2f1e8f407b
localize,#hash_2e6db92f1e8f3ec8
localize,#hash_4dbe97d15ec77456
localize,#hash_4dbe96d15ec772a3
localize,#hash_4dbe95d15ec770f0
localize,#hash_1de12ba7a711baa7
localize,#hash_1de12ca7a711bc5a
localize,#hash_1de12da7a711be0d
localize,#hash_4b497e5b566ef047
localize,#hash_4b497f5b566ef1fa
localize,#hash_4b49805b566ef3ad
localize,#hash_324f5455004c65ba
localize,#hash_324f5355004c6407
localize,#hash_324f5255004c6254
localize,#hash_514f4115e218e325
localize,#hash_514f3e15e218de0c
localize,#hash_514f3f15e218dfbf
localize,#hash_2c0886e220458700
localize,#hash_2c0889e220458c19
localize,#hash_2c0888e220458a66
localize,#hash_7ab75f041dddf08a
localize,#hash_7ab75e041dddeed7
localize,#hash_7ab75d041ddded24
localize,#hash_41ac2dc35cb3a650
localize,#hash_6006a5bc2c3c5eaa
localize,#hash_6006a4bc2c3c5cf7
localize,#hash_6006a3bc2c3c5b44
localize,#hash_48f79d3eb4d0873
localize,#hash_48f7ad3eb4d0a26
localize,#hash_48f7bd3eb4d0bd9
localize,#hash_dab033e959964e3
localize,#hash_dab043e95996696
localize,#hash_dab053e95996849
localize,#hash_51fae933a2b8c246
localize,#hash_51fae833a2b8c093
localize,#hash_51fae733a2b8bee0
localize,#hash_e1ccfea3e4e33e1
localize,#hash_e1cccea3e4e2ec8
localize,#hash_e1ccdea3e4e307b
localize,#hash_4373545e9e263d93
localize,#hash_4373555e9e263f46
localize,#hash_4373565e9e2640f9
localize,#hash_43b5401c97d2988c
localize,#hash_43b50f1c97d24549
localize,#hash_2a92a929467e277a
localize,#hash_2a92a829467e25c7
localize,#hash_2a92a729467e2414
localize,#hash_315116c08f2454ef
localize,#hash_315117c08f2456a2
localize,#hash_315118c08f245855
localize,#hash_238462c7188d2382
localize,#hash_238461c7188d21cf
localize,#hash_238460c7188d201c
localize,#hash_3ac993e25c71856
localize,#hash_3ac983e25c716a3
localize,#hash_3ac973e25c714f0
localize,#hash_15e1b34430a90ff3
localize,#hash_15e1b44430a911a6
localize,#hash_15e1b54430a91359
localize,#hash_ea03c501a6ee730
localize,#hash_ea03f501a6eec49
localize,#hash_ea03e501a6eea96
localize,#hash_2e8238cdacb79b3d
localize,#hash_2e8235cdacb79624
localize,#hash_2e8236cdacb797d7
localize,#hash_6551309a43bb5247
localize,#hash_6551319a43bb53fa
localize,#hash_6551329a43bb55ad
localize,#hash_ebcc68826222fa1
localize,#hash_771a7b7dafca50f3
localize,#hash_771a7c7dafca52a6
localize,#hash_771a7d7dafca5459
localize,#hash_7e04c74223faaf0e
localize,#hash_7e04c64223faad5b
localize,#hash_7e04c54223faaba8
localize,#hash_781635facf6a7582
localize,#hash_781634facf6a73cf
localize,#hash_781633facf6a721c
localize,#hash_147660012870290f
localize,#hash_1476610128702ac2
localize,#hash_1476620128702c75
localize,#hash_4a9e8b20c733a32c
localize,#hash_4a9e8e20c733a845
localize,#hash_4a9e8d20c733a692
localize,#hash_fd0741e7c9a41ae
localize,#hash_fd0731e7c9a3ffb
localize,#hash_fd0721e7c9a3e48
localize,#hash_70a05c6b5119d8c5
localize,#hash_70a0a56b511a54d0
localize,#hash_77b52ca4eb8cf2a7
localize,#hash_77b52da4eb8cf45a
localize,#hash_77b52ea4eb8cf60d
localize,#hash_4286aa54df0881f3
localize,#hash_4286ab54df0883a6
localize,#hash_4286ac54df088559
localize,#hash_4970f6195338e00e
localize,#hash_4970f5195338de5b
localize,#hash_4970f4195338dca8
localize,#hash_438264d1fea8a682
localize,#hash_438263d1fea8a4cf
localize,#hash_438262d1fea8a31c
localize,#hash_5fe28ed857ae5a0f
localize,#hash_5fe28fd857ae5bc2
localize,#hash_5fe290d857ae5d75
localize,#hash_160ab9f7f671d42c
localize,#hash_160abcf7f671d945
localize,#hash_160abbf7f671d792
localize,#hash_65f6c447d35e1f99
localize,#hash_65f6c147d35e1a80
localize,#hash_65f6c247d35e1c33
localize,#hash_29fa22a4cb09e453
localize,#hash_29fa23a4cb09e606
localize,#hash_29fa24a4cb09e7b9
localize,#hash_7d2f814bb30118c5
localize,#hash_7cbd4597be6285ef
localize,#hash_7cbd4697be6287a2
localize,#hash_7cbd4797be628955
localize,#hash_6ef0919e47cb5482
localize,#hash_6ef0909e47cb52cf
localize,#hash_6ef08f9e47cb511c
localize,#hash_4f18c81555054956
localize,#hash_4f18c715550547a3
localize,#hash_4f18c615550545f0
localize,#hash_614de21b5fe740f3
localize,#hash_614de31b5fe742a6
localize,#hash_614de41b5fe74459
localize,#hash_5a0c6b2749ad1830
localize,#hash_5a0c6e2749ad1d49
localize,#hash_5a0c6d2749ad1b96
localize,#hash_1c0805ce8ce1faa2
localize,#hash_1c0804ce8ce1f8ef
localize,#hash_1c0803ce8ce1f73c
localize,#hash_7b92eef2783e1ee9
localize,#hash_7b929ff2783d98ac
localize,#hash_406fea03843c2c13
localize,#hash_406feb03843c2dc6
localize,#hash_406fec03843c2f79
localize,#hash_414b1b75ca5a07c
localize,#hash_58a946dc10cf7628
localize,#hash_6376aac4a2f9ef8a
localize,#hash_19225ca5832050b5
localize,#hash_3df0398295e9936d
localize,#hash_48c5e71506af7095
localize,#hash_68cfd337cc76f2c1
localize,#hash_36ad6dda9a7ad05c
localize,#hash_41abf84f1f937218
localize,#hash_4b526b6b890bce46
localize,#hash_4b526a6b890bcc93
localize,#hash_4b52696b890bcae0
localize,#hash_12e6c30093be95bb
localize,#hash_277e953c77860285
localize,#hash_781132153db1b4f2
localize,#hash_781131153db1b33f
localize,#hash_781130153db1b18c
localize,#hash_1b6fd106fddf357
localize,#hash_800fec852f9ae31
localize,#hash_2766e867f108080f
localize,#hash_2766e967f10809c2
localize,#hash_2766ea67f1080b75
localize,#hash_6a81aa40dc229d2a
localize,#hash_3d10a88d6aa3b858
localize,#hash_15ee86e88ed7c98b
localize,#hash_15ee87e88ed7cb3e
localize,#hash_15ee88e88ed7ccf1
localize,#hash_7d9d2f4308b403a6
localize,#hash_78119d8b263a3024
localize,#hash_1814f6986f285d9d
localize,#hash_1814f3986f285884
localize,#hash_75757ab5e474ed7c
localize,#hash_757962b5e478ad8b
localize,#hash_755a77b5e45e20ab
localize,#hash_755e7fb5e462171a
localize,#hash_7561a8b5e464929c
localize,#hash_75a87eb5e4a04de1
localize,#hash_55f0b0c77d02adc0
localize,#hash_6e5d1406d8d76251
localize,#hash_6e5d1106d8d75d38
localize,#hash_48b33e9b7c6be9e8
localize,#hash_48b6269b7c6df6f7
localize,#hash_4898239b7c54f44f
localize,#hash_489b3b9b7c5752ee
localize,#hash_489e6c9b7c59dc08
localize,#hash_48793a9b7c3a6ad5
localize,#hash_270bfc66b295bccc
localize,#hash_13a154ff8cf754d3
localize,#hash_13a155ff8cf75686
localize,#hash_547fce1b2f59f7ce
localize,#hash_54759e1b2f5151b9
localize,#hash_549ab31b2f7091a5
localize,#hash_5490c71b2f685f1c
localize,#hash_5494001b2f6af5ce
localize,#hash_54b2ca1b2f854a9b
localize,#hash_7625d84ff92e12c2
localize,#hash_c3ee4d5063b24c8
localize,#hash_c3ee7d5063b29e1
localize,#hash_1073c1e44b9888e5
localize,#hash_107df1e44ba12efa
localize,#hash_1058dce44b81ef0e
localize,#hash_1062c4e44b8a1acb
localize,#hash_105f8be44b878419
localize,#hash_10adc5e44bca07f8
localize,#hash_7233bbaf84a79dbd
localize,#hash_60f8909b9e1baf30
localize,#hash_60f8939b9e1bb449
localize,#hash_645eac14df2ab47d
localize,#hash_64699c14df34a0d2
localize,#hash_647aa714df4326b6
localize,#hash_6484bf14df4ba403
localize,#hash_6480f614df4818a1
localize,#hash_6498a014df5c1860
localize,#hash_435b85e015e0cb45
localize,#hash_434b6e575d6c21e
localize,#hash_434b5e575d6c06b
localize,#hash_434b4e575d6beb8
localize,#hash_7d034e284ee17e2b
localize,#hash_7d034f284ee17fde
localize,#hash_7d0350284ee18191
localize,#hash_4feaa5e387300ec
localize,#hash_4fead5e38730605
localize,#hash_4feac5e38730452
localize,#hash_1132ba58188ed26
localize,#hash_1132aa58188eb73
localize,#hash_11329a58188e9c0
localize,#hash_3fc8a2bd4f7b0ba8
localize,#hash_3fc8a5bd4f7b10c1
localize,#hash_3fc8a4bd4f7b0f0e
localize,#hash_8ec9eb69f5cdf6d
localize,#hash_8ec9bb69f5cda54
localize,#hash_8ec9cb69f5cdc07
localize,#hash_4c6c7bb67d2231b4
localize,#hash_4c6c7eb67d2236cd
localize,#hash_4c6c7db67d22351a
localize,#hash_56facecf97b4994a
localize,#hash_56facdcf97b49797
localize,#hash_56facccf97b495e4
localize,#hash_2ba4fdcf7f278027
localize,#hash_2ba4fecf7f2781da
localize,#hash_2ba4ffcf7f27838d
localize,#hash_6a88227bd7fa97b0
localize,#hash_6a88257bd7fa9cc9
localize,#hash_6a88247bd7fa9b16
localize,#hash_6906597075745c76
localize,#hash_6906587075745ac3
localize,#hash_6906577075745910
localize,#hash_6fd5158cf3a42b37
localize,#hash_6fd5168cf3a42cea
localize,#hash_6fd5178cf3a42e9d
localize,#hash_23b608307579939
localize,#hash_23b5d8307579420
localize,#hash_23b5e83075795d3
localize,#hash_62e130821c3474a9
localize,#hash_62e12d821c346f90
localize,#hash_62e12e821c347143
localize,#hash_77da4087a9949922
localize,#hash_17a1af40a0b1abfc
localize,#hash_17a1b240a0b1b115
localize,#hash_17a1b140a0b1af62
localize,#hash_55f9e852df8e815d
localize,#hash_625d230573ff350a
localize,#hash_625d220573ff3357
localize,#hash_625d210573ff31a4
localize,#hash_148a8fc18ecbb31f
localize,#hash_148a90c18ecbb4d2
localize,#hash_148a91c18ecbb685
localize,#hash_45fe0b6f9f345410
localize,#hash_45fe0e6f9f345929
localize,#hash_45fe0d6f9f345776
localize,#hash_1abdbb41b996c91a
localize,#hash_1abdba41b996c767
localize,#hash_1abdb941b996c5b4
localize,#hash_3c23da17e66fb69c
localize,#hash_3c23dd17e66fbbb5
localize,#hash_3c23dc17e66fba02
localize,#hash_547d61136518a61
localize,#hash_547d31136518548
localize,#hash_547d411365186fb
localize,#hash_ffceb113cf69910
localize,#hash_ffcee113cf69e29
localize,#hash_ffced113cf69c76
localize,#hash_29d0c628f56263be
localize,#hash_29d0c528f562620b
localize,#hash_29d0c428f5626058
localize,#hash_4323ad29038aa843
localize,#hash_4323ae29038aa9f6
localize,#hash_4323af29038aaba9
localize,#hash_5366d9d5d360cb64
localize,#hash_5366dcd5d360d07d
localize,#hash_5366dbd5d360ceca
localize,#hash_3f2f48cf7ed5ce92
localize,#hash_3f2f47cf7ed5ccdf
localize,#hash_3f2f46cf7ed5cb2c
localize,#hash_2a13f4e7660da0e3
localize,#hash_2a13f5e7660da296
localize,#hash_2a13f6e7660da449
localize,#hash_12337dda076d94d
localize,#hash_12334dda076d434
localize,#hash_12335dda076d5e7
localize,#hash_60ef07dcb49a10fd
localize,#hash_60ef04dcb49a0be4
localize,#hash_60ef05dcb49a0d97
localize,#hash_2c6a623312b672e
localize,#hash_50ce2d93f9aa68a8
localize,#hash_50ce3093f9aa6dc1
localize,#hash_50ce2f93f9aa6c0e
localize,#hash_4d6b26342c2a75c9
localize,#hash_4cf6f49b99dc96c7
localize,#hash_4cf6f59b99dc987a
localize,#hash_4cf6f69b99dc9a2d
localize,#hash_6255c1b24b3293a2
localize,#hash_6255c0b24b3291ef
localize,#hash_6255bfb24b32903c
localize,#hash_57ca248e09f2d105
localize,#hash_57ca218e09f2cbec
localize,#hash_57ca228e09f2cd9f
localize,#hash_14bd987d00f5ff13
localize,#hash_14bd997d00f600c6
localize,#hash_14bd9a7d00f60279
localize,#hash_6cc481837b7dc5ad
localize,#hash_6cc47e837b7dc094
localize,#hash_6cc47f837b7dc247
localize,#hash_37ebe58e769a5ac8
localize,#hash_37ebe88e769a5fe1
localize,#hash_37ebe78e769a5e2e
localize,#hash_309d308e72d91839
localize,#hash_309d2d8e72d91320
localize,#hash_309d2e8e72d914d3
localize,#hash_4027d5959dbb6307
localize,#hash_4027d6959dbb64ba
localize,#hash_4027d7959dbb666d
localize,#hash_6b7e2695b64955aa
localize,#hash_6b7e2595b64953f7
localize,#hash_6b7e2495b6495244
localize,#hash_185e014204b6f575
localize,#hash_185dfe4204b6f05c
localize,#hash_185dff4204b6f20f
localize,#hash_292f9248565ec947
localize,#hash_292f9348565ecafa
localize,#hash_292f9448565eccad
localize,#hash_31613e532c37953a
localize,#hash_31613d532c379387
localize,#hash_31613c532c3791d4
localize,#hash_5468635af2a85748
localize,#hash_5468665af2a85c61
localize,#hash_5468655af2a85aae
localize,#hash_3434b35a06cc6878
localize,#hash_3434b65a06cc6d91
localize,#hash_3434b55a06cc6bde
localize,#hash_3079f47599dd05af
localize,#hash_44648cffb3fc40e1
localize,#hash_446489ffb3fc3bc8
localize,#hash_44648affb3fc3d7b
localize,#hash_7a56bc82e5728550
localize,#hash_119fe6a6212b28d3
localize,#hash_119fe7a6212b2a86
localize,#hash_119fe8a6212b2c39
localize,#hash_eab038e43054436
localize,#hash_eab028e43054283
localize,#hash_eab018e430540d0
localize,#hash_31737718f60cee89
localize,#hash_31737418f60ce970
localize,#hash_31737518f60ceb23
localize,#hash_23f4d16655669f87
localize,#hash_23f4d2665566a13a
localize,#hash_23f4d3665566a2ed
localize,#hash_555b522ae16b1cf1
localize,#hash_555b4f2ae16b17d8
localize,#hash_555b502ae16b198b
localize,#hash_c3756319189492c
localize,#hash_c37593191894e45
localize,#hash_c37583191894c92
localize,#hash_4a6a7931b5358b65
localize,#hash_4a6a7631b535864c
localize,#hash_4a6a7731b53587ff
localize,#hash_11dc863c6537bd2b
localize,#hash_11dc873c6537bede
localize,#hash_11dc883c6537c091
localize,#hash_79637f3c57c8e606
localize,#hash_79637e3c57c8e453
localize,#hash_79637d3c57c8e2a0
localize,#hash_6a1231e8cc327619
localize,#hash_6a122ee8cc327100
localize,#hash_6a122fe8cc3272b3
localize,#hash_43cc7aef482c7453
localize,#hash_43cc7bef482c7606
localize,#hash_43cc7cef482c77b9
localize,#hash_67f256fb06453bd6
localize,#hash_67f255fb06453a23
localize,#hash_67f254fb06453870
localize,#hash_3cff34025895ae8c
localize,#hash_3cff37025895b3a5
localize,#hash_3cff36025895b1f2
localize,#hash_79c6400cfba571c
localize,#hash_79c6700cfba5c35
localize,#hash_79c6600cfba5a82
localize,#hash_79d4a739eb581eab
localize,#hash_7e5bc5a790ed46dd
localize,#hash_7e5bc2a790ed41c4
localize,#hash_7e5bc3a790ed4377
localize,#hash_548b70a0c95c92c
localize,#hash_1b8c8e6cd9713188
localize,#hash_1b8c916cd97136a1
localize,#hash_351268297865f34
localize,#hash_35129829786644d
localize,#hash_4b6306b44493b091
localize,#hash_4b6303b44493ab78
localize,#hash_4856c30ba0facf2d
localize,#hash_4856c00ba0faca14
localize,#hash_4d659fc7fed06be8
localize,#hash_4d65a2c7fed07101
localize,#hash_415cee2bb7fd7899
localize,#hash_3abf160939a52630
localize,#hash_6126d25cc1618109
localize,#hash_6126cf5cc1617bf0
localize,#hash_3ffbad5cf6f779ea
localize,#hash_3ffbac5cf6f77837
localize,#hash_7201455c82d6f432
localize,#hash_7201445c82d6f27f
localize,#hash_287e47ed89aa06bc
localize,#hash_287e4aed89aa0bd5
localize,#hash_1de12a55ffeab1dd
localize,#hash_7d6b49f5922bde5c
localize,#hash_28f0999d8f5825cd
localize,#hash_28f0969d8f5820b4
localize,#hash_4242fc9d9d7f8a06
localize,#hash_4242fb9d9d7f8853
localize,#hash_612549dc37c53ce
localize,#hash_612539dc37c521b
localize,#hash_23800b09141650d2
localize,#hash_23800a0914164f1f
localize,#hash_1f7dde55fd3360bb
localize,#hash_c0d2e332e75b192
localize,#hash_2a29c70e2ca99e23
localize,#hash_2a29c80e2ca99fd6
localize,#hash_4608ca0e3cfb977c
localize,#hash_4608cd0e3cfb9c95
localize,#hash_b8b220e6469f5c4
localize,#hash_b8b250e6469fadd
localize,#hash_b380ea8339f7b1
localize,#hash_b37dea8339f298
localize,#hash_5b475b4a4994e8ec
localize,#hash_e71a2e4f162004d
localize,#hash_7e414145cbfa1814
localize,#hash_7e414445cbfa1d2d
localize,#hash_6e404e460b3d6f2b
localize,#hash_6e404f460b3d70de
localize,#hash_33c2864632ab9713
localize,#hash_33c2874632ab98c6
localize,#hash_4ba2c8172038fff9
localize,#hash_4ba2c5172038fae0
localize,#hash_608f7090539d4ea4
localize,#hash_743608b322886475
localize,#hash_56640c32bb194e2c
localize,#hash_56640f32bb195345
localize,#hash_3deb0932adaa7dd3
localize,#hash_3deb0a32adaa7f86
localize,#hash_7868d132863c55eb
localize,#hash_7868d232863c579e
localize,#hash_7150049b441301bf
localize,#hash_7150059b44130372
localize,#hash_3f5bd158be7c279e
localize,#hash_3f5bd058be7c25eb
localize,#hash_18d5facb7f02ea51
localize,#hash_18d5f7cb7f02e538
localize,#hash_18d5f8cb7f02e6eb
localize,#hash_21bb5600cb13958c
localize,#hash_21bb5900cb139aa5
localize,#hash_21bb5800cb1398f2
localize,#hash_3d9a5d00db6595b1
localize,#hash_3d9a5a00db659098
localize,#hash_3d9a5b00db65924b
localize,#hash_381341f4e58ca621
localize,#hash_38133ef4e58ca108
localize,#hash_38133ff4e58ca2bb
localize,#hash_1de73af4d6ac3a7c
localize,#hash_1de73df4d6ac3f95
localize,#hash_1de73cf4d6ac3de2
localize,#hash_460b1264ead8d134
localize,#hash_460b1564ead8d64d
localize,#hash_460b1464ead8d49a
localize,#hash_5f5d7964f9003c39
localize,#hash_5f5d7664f9003720
localize,#hash_5f5d7764f90038d3
localize,#hash_66ac2e64fcc17ec8
localize,#hash_66ac3164fcc183e1
localize,#hash_66ac3064fcc1822e
localize,#hash_36099f652a1b4ecb
localize,#hash_3609a0652a1b507e
localize,#hash_3609a1652a1b5231
localize,#hash_593b351b87afbc72
localize,#hash_593b341b87afbabf
localize,#hash_75c451304d75e45b
localize,#hash_75c452304d75e60e
localize,#hash_ded5d3012ac6a7f
localize,#hash_ded5e3012ac6c32
localize,#hash_5ec6b19999726e4d
localize,#hash_31786808b1b8d54f
localize,#hash_31786908b1b8d702
localize,#hash_1ca76d5b39bb5bc4
localize,#hash_1ca7705b39bb60dd
localize,#hash_1ca76f5b39bb5f2a
localize,#hash_3b281d5c2425b614
localize,#hash_3b28205c2425bb2d
localize,#hash_3b281f5c2425b97a
localize,#hash_6757d25c3d6c4363
localize,#hash_6757d35c3d6c4516
localize,#hash_6757d45c3d6c46c9
localize,#hash_2b272a5c63690d2b
localize,#hash_2b272b5c63690ede
localize,#hash_2b272c5c63691091
localize,#hash_35dbdf5c6a0d78ba
localize,#hash_35dbde5c6a0d7707
localize,#hash_35dbdd5c6a0d7554
localize,#hash_70a9625c8ad73513
localize,#hash_70a9635c8ad736c6
localize,#hash_70a9645c8ad73879
localize,#hash_695a495c87154898
localize,#hash_695a4c5c87154db1
localize,#hash_695a4b5c87154bfe
localize,#hash_2672478db80461d2
localize,#hash_501ebe73d3d4dc0b
localize,#hash_501ebf73d3d4ddbe
localize,#hash_133d5bb66319738a
localize,#hash_133d5ab6631971d7
localize,#hash_78d19f9590c6ddd5
localize,#hash_78d19c9590c6d8bc
localize,#hash_78d19d9590c6da6f
localize,#hash_3501b2840938f440
localize,#hash_3501b5840938f959
localize,#hash_3501b4840938f7a6
localize,#hash_4f2db98418195fe5
localize,#hash_4f2db68418195acc
localize,#hash_4f2db78418195c7f
localize,#hash_2cc5e67ce218292d
localize,#hash_2cc5e37ce2182414
localize,#hash_2cc5e47ce21825c7
localize,#hash_144cdf7cd4a95208
localize,#hash_144ce27cd4a95721
localize,#hash_144ce17cd4a9556e
localize,#hash_1007d72ab02bedd8
localize,#hash_1007da2ab02bf2f1
localize,#hash_1007d92ab02bf13e
localize,#hash_2be6de2ac07dedfd
localize,#hash_2be6db2ac07de8e4
localize,#hash_2be6dc2ac07dea97
localize,#hash_6f66bb2a9e434044
localize,#hash_6f66be2a9e43455d
localize,#hash_6f66bd2a9e4343aa
localize,#hash_3b5e2c2ac8b9e747
localize,#hash_3b5e2d2ac8b9e8fa
localize,#hash_3b5e2e2ac8b9eaad
localize,#hash_133a73d3e364fde6
localize,#hash_133a72d3e364fc33
localize,#hash_249eb0b5cdf53d3f
localize,#hash_249eb1b5cdf53ef2
localize,#hash_c75a4b608beb71b
localize,#hash_c75a5b608beb8ce
localize,#hash_6c492ca556ee1c39
localize,#hash_5d5d79ba2377a63
localize,#hash_5d5d89ba2377c16
localize,#hash_ee6c767a70153e8
localize,#hash_ee6ca67a7015901
localize,#hash_ee6c967a701574e
localize,#hash_4523176930957598
localize,#hash_45231a6930957ab1
localize,#hash_45231969309578fe
localize,#hash_2bd09469226ddaff
localize,#hash_2bd09569226ddcb2
localize,#hash_2bd09669226dde65
localize,#hash_70796c6949236f07
localize,#hash_70796d69492370ba
localize,#hash_70796e694923726d
localize,#hash_77c881694ce554b6
localize,#hash_77c880694ce55303
localize,#hash_77c87f694ce55150
localize,#hash_1f198468d22099cf
localize,#hash_1f198568d2209b82
localize,#hash_1f198668d2209d35
localize,#hash_16f0eb68cda5e314
localize,#hash_16f0ee68cda5e82d
localize,#hash_16f0ed68cda5e67a
localize,#hash_7c5ea0c313e6cf86
localize,#hash_3157fa014dc18ec2
localize,#hash_3157f9014dc18d0f
localize,#hash_41657d42e60ae593
localize,#hash_41657e42e60ae746
localize,#hash_32f8f2ae3d265c64
localize,#hash_32f8f5ae3d26617d
localize,#hash_32f8f4ae3d265fca
localize,#hash_690ff7ded2544f7d
localize,#hash_690ff4ded2544a64
localize,#hash_690ff5ded2544c17
localize,#hash_4d30f0dec2024f58
localize,#hash_4d30f3dec2025471
localize,#hash_4d30f2dec20252be
localize,#hash_2a0ccbe97f4e0228
localize,#hash_2a0ccee97f4e0741
localize,#hash_2a0ccde97f4e058e
localize,#hash_4438d2e98e2e6dcd
localize,#hash_4438cfe98e2e68b4
localize,#hash_4438d0e98e2e6a67
localize,#hash_6ed61c4401c7ae9d
localize,#hash_6ed6194401c7a984
localize,#hash_6ed61a4401c7ab37
localize,#hash_54aa1543f2e742f8
localize,#hash_54aa1843f2e74811
localize,#hash_54aa1743f2e7465e
localize,#hash_4e34e043efdecaa9
localize,#hash_4e34dd43efdec590
localize,#hash_4e34de43efdec743
localize,#hash_ab4ff4412197196
localize,#hash_ab4fe4412196fe3
localize,#hash_ab4fd4412196e30
localize,#hash_6fea0b97cf69444f
localize,#hash_6fea0c97cf694602
localize,#hash_77120ee9b16e2c22
localize,#hash_77120de9b16e2a6f
localize,#hash_17b3aae9c357b336
localize,#hash_17b3a9e9c357b183
localize,#hash_1c4ea01a401487e0
localize,#hash_15a34e49f1164fbe
localize,#hash_15a34d49f1164e0b
localize,#hash_5ed75a21c711a5c9
localize,#hash_5ed75721c711a0b0
localize,#hash_5ed75821c711a263
localize,#hash_29740a203e3574d9
localize,#hash_297407203e356fc0
localize,#hash_297408203e357173
localize,#hash_43a00d204d15d9b2
localize,#hash_43a00c204d15d7ff
localize,#hash_43a00b204d15d64c
localize,#hash_76f65207312a37a
localize,#hash_76f64207312a1c7
localize,#hash_76f63207312a014
localize,#hash_20b0206f5160eb
localize,#hash_20b1206f51629e
localize,#hash_20b2206f516451
localize,#hash_4cf19d209a80cb62
localize,#hash_4cf19c209a80c9af
localize,#hash_4cf19b209a80c7fc
localize,#hash_56ccd620a06c737d
localize,#hash_56ccd320a06c6e64
localize,#hash_56ccd420a06c7017
localize,#hash_512f1aaf30f84ac3
localize,#hash_557b7e6c3c9dc52e
localize,#hash_557b7d6c3c9dc37b
localize,#hash_140fe129aecac22f
localize,#hash_140fe229aecac3e2
localize,#hash_6ece5960bae29268
localize,#hash_6ece5c60bae29781
localize,#hash_6ece5b60bae295ce
localize,#hash_1e6e8653fc212c01
localize,#hash_1e6e8353fc2126e8
localize,#hash_1e6e8453fc21289b
localize,#hash_5f57f53eeb254dc
localize,#hash_5f58253eeb259f5
localize,#hash_5f58153eeb25842
localize,#hash_7b723259e889b874
localize,#hash_7b723559e889bd8d
localize,#hash_7b723459e889bbda
localize,#hash_14c49959f6b12379
localize,#hash_14c49659f6b11e60
localize,#hash_14c49759f6b12013
localize,#hash_16f561eecb3c3861
localize,#hash_16f55eeecb3c3348
localize,#hash_16f55feecb3c34fb
localize,#hash_7cc95aeebc5bccbc
localize,#hash_7cc95deebc5bd1d5
localize,#hash_7cc95ceebc5bd022
localize,#hash_3afcfdeee008e875
localize,#hash_3afcfaeee008e35c
localize,#hash_3afcfbeee008e50f
localize,#hash_6b9f0ceeb2ae3ef2
localize,#hash_6b9f0beeb2ae3d3f
localize,#hash_6b9f0aeeb2ae3b8c
localize,#hash_38ba629a68107233
localize,#hash_38ba639a681073e6
localize,#hash_67837c4b386ee3f6
localize,#hash_67837b4b386ee243
localize,#hash_437be04b23a233e2
localize,#hash_437bdf4b23a2322f
localize,#hash_15436cc08cff6c3c
localize,#hash_19c8f292058f9322
localize,#hash_19c8f192058f916f
localize,#hash_33ea7685b6361f9d
localize,#hash_33ea7385b6361a84
localize,#hash_33ea7485b6361c37
localize,#hash_55d12686a383a2ed
localize,#hash_55d12386a3839dd4
localize,#hash_55d12486a3839f87
localize,#hash_2a7ad1868af5a97e
localize,#hash_2a7ad0868af5a7cb
localize,#hash_2a7acf868af5a618
localize,#hash_6f238986b1ab0726
localize,#hash_6f238886b1ab0573
localize,#hash_6f238786b1ab03c0
localize,#hash_65487486abbf9c37
localize,#hash_65487586abbf9dea
localize,#hash_65487686abbf9f9d
localize,#hash_34a5e186d919656e
localize,#hash_34a5e086d91963bb
localize,#hash_34a5df86d9196208
localize,#hash_3bf4fa86dcdb51e9
localize,#hash_3bf4f786dcdb4cd0
localize,#hash_3bf4f886dcdb4e83
localize,#hash_5e210796d19050f7
localize,#hash_5c209514e0abab58
localize,#hash_5488fe8063d4f9b4
localize,#hash_2c7264b64a8194ba
localize,#hash_39606667455f5905
localize,#hash_68379c36b424787d
localize,#hash_3137871e35485746
localize,#hash_3137861e35485593
localize,#hash_3137851e354853e0
localize,#hash_31378c1e35485fc5
localize,#hash_d8e695b8930f34a
localize,#hash_2ad6a59129a06385
localize,#hash_5df64dc7e9ee3df2
localize,#hash_5df64cc7e9ee3c3f
localize,#hash_5df64bc7e9ee3a8c
localize,#hash_5df64ac7e9ee38d9
localize,#hash_29768370506130f6
localize,#hash_b590f1d05140f31
localize,#hash_d4c041a9d44910f
localize,#hash_d4c051a9d4492c2
localize,#hash_d4c061a9d449475
localize,#hash_d4bff1a9d448890
localize,#hash_4f621cadb7e8d5bf
localize,#hash_4068b8e21cbe1958
localize,#hash_7bd3a29b3b14528b
localize,#hash_7bd3a39b3b14543e
localize,#hash_7bd3a49b3b1455f1
localize,#hash_7bd3a59b3b1457a4
localize,#hash_6f3551b034c88d4b
localize,#hash_7b69addfd8549124
localize,#hash_597364a9748fa814
localize,#hash_597367a9748fad2d
localize,#hash_597366a9748fab7a
localize,#hash_497271a9b3d2ff2b
localize,#hash_497272a9b3d300de
localize,#hash_497273a9b3d30291
localize,#hash_19a95ea9e1e592a2
localize,#hash_19a95da9e1e590ef
localize,#hash_19a95ca9e1e58f3c
localize,#hash_7ffe099eba27f7c4
localize,#hash_7ffe0c9eba27fcdd
localize,#hash_7ffe0b9eba27fb2a
localize,#hash_811c574d8d9810d
localize,#hash_811c274d8d97bf4
localize,#hash_811c374d8d97da7
localize,#hash_2708c36e591e3978
localize,#hash_2708c66e591e3e91
localize,#hash_2708c56e591e3cde
localize,#hash_6476ae870049bf16
localize,#hash_6476ad870049bd63
localize,#hash_6476ac870049bbb0
localize,#hash_15194186d2eff5df
localize,#hash_15194286d2eff792
localize,#hash_15194386d2eff945
localize,#hash_2b984f800682bd3a
localize,#hash_2b984e800682bb87
localize,#hash_2b984d800682b9d4
localize,#hash_118d40da53674382
localize,#hash_118d3fda536741cf
localize,#hash_118d3eda5367401c
localize,#hash_3ce315da6bf46371
localize,#hash_3ce312da6bf45e58
localize,#hash_3ce313da6bf4600b
localize,#hash_5d8d02c28c1a70db
localize,#hash_5d8d03c28c1a728e
localize,#hash_5d8d04c28c1a7441
localize,#hash_1657aac2633a7e13
localize,#hash_1657abc2633a7fc6
localize,#hash_1657acc2633a8179
localize,#hash_12cbaa15e3b1cbb6
localize,#hash_12cba915e3b1ca03
localize,#hash_12cba815e3b1c850
localize,#hash_59595f2d6de5acd2
localize,#hash_59595e2d6de5ab1f
localize,#hash_59595d2d6de5a96c
localize,#hash_6c7251269e951b99
localize,#hash_6c724e269e951680
localize,#hash_6c724f269e951833
localize,#hash_5b48832694e8674f
localize,#hash_5b48842694e86902
localize,#hash_5b48852694e86ab5
localize,#hash_6e754826e83efa4e
localize,#hash_6e754726e83ef89b
localize,#hash_6e754626e83ef6e8
localize,#hash_1521626f35d4318
localize,#hash_1521926f35d4831
localize,#hash_1521826f35d467e
localize,#hash_3f70bbfd3140faff
localize,#hash_3f70bcfd3140fcb2
localize,#hash_3f70bdfd3140fe65
localize,#hash_2d39f883a9f54d70
localize,#hash_2d39fb83a9f55289
localize,#hash_2d39fa83a9f550d6
localize,#hash_4f3ebd837518552f
localize,#hash_4f3ebe83751856e2
localize,#hash_4f3ebf8375185895
localize,#hash_27edba83efdd1016
localize,#hash_27edb983efdd0e63
localize,#hash_27edb883efdd0cb0
localize,#hash_37bd657db01e2038
localize,#hash_37bd687db01e2551
localize,#hash_37bd677db01e239e
localize,#hash_674ae995be0b8691
localize,#hash_674ae695be0b8178
localize,#hash_674ae795be0b832b
localize,#hash_5cc6e78a565193fc
localize,#hash_5cc6ea8a56519915
localize,#hash_5cc6e98a56519762
localize,#hash_72500aa76e7925c2
localize,#hash_725009a76e79240f
localize,#hash_725008a76e79225c
localize,#hash_2d1d2da78f423efb
localize,#hash_2d1d2ea78f4240ae
localize,#hash_2d1d2fa78f424261
localize,#hash_d6a0b9b8a88e3c6
localize,#hash_d6a0a9b8a88e213
localize,#hash_d6a099b8a88e060
localize,#hash_21849cb462d05576
localize,#hash_21849bb462d053c3
localize,#hash_21849ab462d05210
localize,#hash_75839b453ef4d7d
localize,#hash_75836b453ef4864
localize,#hash_75837b453ef4a17
localize,#hash_3f5e5ede101ff447
localize,#hash_3f5e5fde101ff5fa
localize,#hash_3f5e60de101ff7ad
localize,#hash_7ab586dde96a603f
localize,#hash_7ab587dde96a61f2
localize,#hash_7ab588dde96a63a5
localize,#hash_3bfa1ce7c65efe12
localize,#hash_3bfa1be7c65efc5f
localize,#hash_3bfa1ae7c65efaac
localize,#hash_67643a0063242ba6
localize,#hash_67643900632429f3
localize,#hash_6764380063242840
localize,#hash_51dc4bf4ac8ec98d
localize,#hash_51dc48f4ac8ec474
localize,#hash_51dc49f4ac8ec627
localize,#hash_3fd85df4a2283b23
localize,#hash_3fd85ef4a2283cd6
localize,#hash_3fd85ff4a2283e89
localize,#hash_53dea2f4f6379862
localize,#hash_53dea1f4f63796af
localize,#hash_53dea0f4f63794fc
localize,#hash_2139b8f4d9e892c4
localize,#hash_2139bbf4d9e897dd
localize,#hash_2139baf4d9e8962a
localize,#hash_e70b70d530184eb
localize,#hash_e70b80d5301869e
localize,#hash_e70b90d53018851
localize,#hash_35d7f83a0d2a372d
localize,#hash_35d7f53a0d2a3214
localize,#hash_35d7f63a0d2a33c7
localize,#hash_4f2a5b3a1b519b66
localize,#hash_4f2a5a3a1b5199b3
localize,#hash_4f2a593a1b519800
localize,#hash_c847e3a3e45ecdf
localize,#hash_c847f3a3e45ee92
localize,#hash_c84803a3e45f045
localize,#hash_12bd93411bbd45fd
localize,#hash_12bd90411bbd40e4
localize,#hash_12bd91411bbd4297
localize,#hash_3744af0a2856c848
localize,#hash_3744b20a2856cd61
localize,#hash_3744b10a2856cbae
localize,#hash_17743110a759459d
localize,#hash_17742e10a7594084
localize,#hash_17742f10a7594237
localize,#hash_5904ce175e1badd3
localize,#hash_5904cf175e1baf86
localize,#hash_5904d0175e1bb139
localize,#hash_24fc5b178892846a
localize,#hash_24fc5a17889282b7
localize,#hash_24fc591788928104
localize,#hash_f4c8d22047051cf
localize,#hash_f4c8e2204705382
localize,#hash_f4c8f2204705535
localize,#hash_2a227c6ac60508d3
localize,#hash_2a227d6ac6050a86
localize,#hash_2a227e6ac6050c39
localize,#hash_429b7f6ad373d92c
localize,#hash_429b826ad373de45
localize,#hash_429b816ad373dc92
localize,#hash_33107a63a890eb3e
localize,#hash_33107963a890e98b
localize,#hash_33107863a890e7d8
localize,#hash_77b93263cf4648e6
localize,#hash_77b93163cf464733
localize,#hash_77b93063cf464580
localize,#hash_3654faac1d2221e7
localize,#hash_3654fbac1d22239a
localize,#hash_3654fcac1d22254d
localize,#hash_4bfafdb6b18d086f
localize,#hash_4bfafeb6b18d0a22
localize,#hash_4bfaffb6b18d0bd5
localize,#hash_23b26bbce3dd5788
localize,#hash_23b26ebce3dd5ca1
localize,#hash_23b26dbce3dd5aee
localize,#hash_34dcb9bced8ae552
localize,#hash_34dcb8bced8ae39f
localize,#hash_34dcb7bced8ae1ec
localize,#hash_36df14bd3733baf3
localize,#hash_36df15bd3733bca6
localize,#hash_36df16bd3733be59
localize,#hash_25b546bd2d8706a9
localize,#hash_25b543bd2d870190
localize,#hash_25b544bd2d870343
localize,#hash_3dc96081ab64190e
localize,#hash_3dc95f81ab64175b
localize,#hash_3dc95e81ab6415a8
localize,#hash_1e0a866396d646c9
localize,#hash_1e0a836396d641b0
localize,#hash_1e0a846396d64363
localize,#hash_7cdf6163cc6c3faa
localize,#hash_7cdf6063cc6c3df7
localize,#hash_7cdf5f63cc6c3c44
localize,#hash_2430446351a74e63
localize,#hash_2430456351a75016
localize,#hash_2430466351a751c9
localize,#hash_1460b969916674a1
localize,#hash_1460b66991666f88
localize,#hash_1460b7699166713b
localize,#hash_74b7bd7529834bdc
localize,#hash_74b7c075298350f5
localize,#hash_74b7bf7529834f42
localize,#hash_540d3f7ba7cc2571
localize,#hash_540d3c7ba7cc2058
localize,#hash_540d3d7ba7cc220b
localize,#hash_57aff48631d18d6f
localize,#hash_57aff58631d18f22
localize,#hash_57aff68631d190d5
localize,#hash_270d61865f2b56a6
localize,#hash_270d60865f2b54f3
localize,#hash_270d5f865f2b5340
localize,#hash_1d46038d7be6e05b
localize,#hash_1d46048d7be6e20e
localize,#hash_1d46058d7be6e3c1
localize,#hash_2a1242933a3bffd7
localize,#hash_2a1243933a3c018a
localize,#hash_2a1244933a3c033d
localize,#hash_7ebc6d9321aedfe8
localize,#hash_7ebc709321aee501
localize,#hash_7ebc6f9321aee34e
localize,#hash_3605e0ced12bcd1a
localize,#hash_3605dfced12bcb67
localize,#hash_3605deced12bc9b4
localize,#hash_708388cea9bd6ed2
localize,#hash_708387cea9bd6d1f
localize,#hash_708386cea9bd6b6c
localize,#hash_7f2cd8d4bbaa3373
localize,#hash_7f2cd9d4bbaa3526
localize,#hash_7f2cdad4bbaa36d9
localize,#hash_62cd43dfc4359fb3
localize,#hash_62cd44dfc435a166
localize,#hash_62cd45dfc435a319
localize,#hash_4fb451e6938630ec
localize,#hash_4fb454e693863605
localize,#hash_4fb453e693863452
localize,#hash_5f2b9fe69bc22a36
localize,#hash_5f2b9ee69bc22883
localize,#hash_5f2b9de69bc226d0
localize,#hash_4db17ae649dc8897
localize,#hash_4db17be649dc8a4a
localize,#hash_4db17ce649dc8bfd
localize,#hash_13064e666e531f5
localize,#hash_13061e666e52cdc
localize,#hash_13062e666e52e8f
localize,#hash_3d5846ecd11af86a
localize,#hash_3d5845ecd11af6b7
localize,#hash_3d5844ecd11af504
localize,#hash_29492649bfa6abf2
localize,#hash_29492549bfa6aa3f
localize,#hash_29492449bfa6a88c
localize,#hash_6c38daf75790d05e
localize,#hash_6c38d9f75790ceab
localize,#hash_6c38d8f75790ccf8
localize,#hash_497c9789091c9a3f
localize,#hash_497c9889091c9bf2
localize,#hash_497c9989091c9da5
localize,#hash_3af6d3838c264cab
localize,#hash_3af6d4838c264e5e
localize,#hash_3af6d5838c265011
localize,#hash_3a663d85ecd647fb
localize,#hash_12025591701bfdf1
localize,#hash_12025491701bfc3e
localize,#hash_12025391701bfa8b
localize,#hash_3a663e85ecd649ae
localize,#hash_3a663f85ecd64b61
localize,#hash_3a664085ecd64d14
localize,#hash_3a664185ecd64ec7
localize,#hash_3a664285ecd6507a
localize,#hash_3a664385ecd6522d
localize,#hash_3a663485ecd638b0
localize,#hash_3a663585ecd63a63
localize,#hash_210d1cc8401c017c
localize,#hash_45493444ef963424
localize,#hash_45493544ef9635d7
localize,#hash_45493644ef96378a
localize,#hash_210d1fc8401c0695
localize,#hash_210d1ec8401c04e2
localize,#hash_210d19c8401bfc63
localize,#hash_210d18c8401bfab0
localize,#hash_210d1bc8401bffc9
localize,#hash_210d1ac8401bfe16
localize,#hash_210d25c8401c10c7
localize,#hash_210d24c8401c0f14
localize,#hash_7725113b30b08f11
localize,#hash_77250e3b30b089f8
localize,#hash_626d617fe20e8f00
localize,#hash_626d647fe20e9419
localize,#hash_3514402e8ec9de72
localize,#hash_35143f2e8ec9dcbf
localize,#hash_35143e2e8ec9db0c
localize,#hash_1ae83d2e7fe97999
localize,#hash_1ae83a2e7fe97480
localize,#hash_1ae83b2e7fe97633
localize,#hash_7682bf7b4d0da849
localize,#hash_7682bc7b4d0da330
localize,#hash_404a0e498d58c7db
localize,#hash_404a0f498d58c98e
localize,#hash_2570ae594e928c49
localize,#hash_7d4d630102dbe07b
localize,#hash_7d4d640102dbe22e
localize,#hash_7d4d650102dbe3e1
localize,#hash_5bd2c700f03a68a7
localize,#hash_5bd2c800f03a6a5a
localize,#hash_5bd2c900f03a6c0d
localize,#hash_3fc50edb3265febf
localize,#hash_3fc50fdb32660072
localize,#hash_6c6ad77d5ca5c921
localize,#hash_f8293724fedc55f
localize,#hash_f8294724fedc712
localize,#hash_f8295724fedc8c5
localize,#hash_6e574e72858387e0
localize,#hash_6e57517285838cf9
localize,#hash_6e57507285838b46
localize,#hash_7c55ea71fc9761f4
localize,#hash_7c55ed71fc97670d
localize,#hash_7c55ec71fc97655a
localize,#hash_642c3e72375fcbf0
localize,#hash_642c4172375fd109
localize,#hash_642c4072375fcf56
localize,#hash_642c4372375fd46f
localize,#hash_44812d2880033e05
localize,#hash_44812a28800338ec
localize,#hash_3038fcdd118428b4
localize,#hash_3038ffdd11842dcd
localize,#hash_425012b4dc8a68a6
localize,#hash_425011b4dc8a66f3
localize,#hash_425010b4dc8a6540
localize,#hash_6da667b4f5186215
localize,#hash_6da664b4f5185cfc
localize,#hash_6da665b4f5185eaf
localize,#hash_737330dc97acfabd
localize,#hash_73732ddc97acf5a4
localize,#hash_2312082da0425e57
localize,#hash_2312092da042600a
localize,#hash_3f7bf7f4786acd55
localize,#hash_27c3e3041e9388bf
localize,#hash_27c3e4041e938a72
localize,#hash_27c3e5041e938c25
localize,#hash_4bcb7f04336038d3
localize,#hash_4bcb800433603a86
localize,#hash_4bcb810433603c39
localize,#hash_74d51f24fd32166b
localize,#hash_74d52024fd32181e
localize,#hash_6364304d889b0665
localize,#hash_4f4a69d8e971ad9b
localize,#hash_4f4a6ad8e971af4e
localize,#hash_4f4a6bd8e971b101
localize,#hash_6024dcd8aae720c4
localize,#hash_6024dfd8aae725dd
localize,#hash_6024ded8aae7242a
localize,#hash_3c1da0d8961b13d0
localize,#hash_3c1da3d8961b18e9
localize,#hash_3c1da2d8961b1736
localize,#hash_55f9ccd85cc364d4
localize,#hash_55f9cfd85cc369ed
localize,#hash_55f9ced85cc3683a
localize,#hash_55f9c9d85cc35fbb
localize,#hash_2a69676835294784
localize,#hash_2a696a6835294c9d
localize,#hash_15ccd6ab52622175
localize,#hash_15ccd3ab52621c5c
localize,#hash_564e16ef2f6ef6f7
localize,#hash_564e17ef2f6ef8aa
localize,#hash_564e18ef2f6efa5d
localize,#hash_6ec6f9ef3cdd90f0
localize,#hash_6ec6fcef3cdd9609
localize,#hash_6ec6fbef3cdd9456
localize,#hash_16eaebf2b150982c
localize,#hash_16eaeef2b1509d45
localize,#hash_141ff41d812d4642
localize,#hash_141ff31d812d448f
localize,#hash_5d1477bb67257dac
localize,#hash_49a9e7b4bd26491e
localize,#hash_49a9e6b4bd26476b
localize,#hash_49a9e5b4bd2645b8
localize,#hash_6db103b4d1f21fb2
localize,#hash_6db102b4d1f21dff
localize,#hash_6db101b4d1f21c4c
localize,#hash_293dca04ef89dd82
localize,#hash_293dc904ef89dbcf
localize,#hash_4d297fa3aaa29cd4
localize,#hash_c53d7c79913e70a
localize,#hash_c53d6c79913e557
localize,#hash_c53d5c79913e3a4
localize,#hash_2f327cc764f05c29
localize,#hash_2f3279c764f05710
localize,#hash_2f327ac764f058c3
localize,#hash_a5160c74f6ae1d5
localize,#hash_a515dc74f6adcbc
localize,#hash_a515ec74f6ade6f
localize,#hash_227aecc714a24179
localize,#hash_227ae9c714a23c60
localize,#hash_227aeac714a23e13
localize,#hash_227aefc714a24692
localize,#hash_13193c32bbb27860
localize,#hash_13193f32bbb27d79
localize,#hash_1c52bc818a0d0861
localize,#hash_1c52b9818a0d0348
localize,#hash_29f6ea64a9ccbc03
localize,#hash_29f6eb64a9ccbdb6
localize,#hash_29f6ec64a9ccbf69
localize,#hash_7f7a356491f7c334
localize,#hash_7f7a386491f7c84d
localize,#hash_7f7a376491f7c69a
localize,#hash_3cad103cb4cc3b78
localize,#hash_3cad133cb4cc4091
localize,#hash_55e95062c4186676
localize,#hash_55e94f62c41864c3
localize,#hash_13259230007f3820
localize,#hash_6274fca57c57f476
localize,#hash_6274fba57c57f2c3
localize,#hash_3bca48caa1cf91e0
localize,#hash_3620b49387591590
localize,#hash_3620b79387591aa9
localize,#hash_3620b693875918f6
localize,#hash_cccda93b8742822
localize,#hash_cccd993b874266f
localize,#hash_cccd893b87424bc
localize,#hash_38f3c99a61ed45ae
localize,#hash_38f3c89a61ed43fb
localize,#hash_38f3c79a61ed4248
localize,#hash_2b7f569aa35afb85
localize,#hash_2b7f539aa35af66c
localize,#hash_2b7f549aa35af81f
localize,#hash_36f1529a18444079
localize,#hash_36f14f9a18443b60
localize,#hash_36f1509a18443d13
localize,#hash_1ec7c69a530ce0d5
localize,#hash_1ec7c39a530cdbbc
localize,#hash_1ec7c49a530cdd6f
localize,#hash_1ec7c19a530cd856
localize,#hash_6b1bd83791712f11
localize,#hash_750f2feb9f81ecfd
localize,#hash_6baebc97970e03d8
localize,#hash_51a31dbfdb64bac
localize,#super_mp/br_extract_flare
localize,#hash_19646e814c213f5b
localize,#super_mp/remote_detonation_ready
localize,#super_mp/super_cannot_use_air
localize,#SUPER_MP/SUPER_CANNOT_USE_SPACE
localize,#super_mp/super_cannot_use_swim
localize,#super_mp/super_cannot_use_underwater
localize,#SUPER_MP/TACTICAL_CAMERA_INVALID_DEPLOYMENT
localize,#super_mp/tactical_camera_max_team_num
localize,#super_mp/tactical_camera_out_of_range
localize,#super_mp/vehicle_drop_cannot_use_oob
localize,#vehicles/cannot_enter_turret
localize,#vehicles/cannot_exit
localize,#vehicles/grenade_turret_locked
localize,#vehicles/lean_out_blocked
localize,#vehicles/repair_tire
localize,#vehicles/seat_switch_occupied
localize,#vehicles/seat_switch_too_soon
localize,#vehicles_hints/jltv_enter
localize,#vehicles_hints/little_bird_enter
localize,#hash_5c76d7232188e517
localize,#weapon/cannot_drop_equipment
localize,#weapon/cheytac
localize,#weapon/crdb
localize,#hash_717f055d2c88360b
localize,#hash_e936bbc4a6151d
localize,#hash_2d1f489e2502a764
localize,#weapon/minilmg
localize,#weapon/mp28
localize,#WEAPON/PICKUP_AXE
localize,#weapon/revolver
localize,#weapon/rvn
localize,#weapon/spas
localize,#hash_1194613034c7ec35
localize,#weapon/udm45
localize,#weapon/ump45
localize,#weapon/vr
localize,#hash_481e71735f867de9
sndasset,#hash_60e2c0e78b3004e7
sndasset,#hash_2c9cb7d6769071de
sndasset,#hash_7e2fd25bac695fa3
sndasset,#hash_589257b7463adf8a
sndasset,#hash_55412a25846d82d9
sndasset,#hash_3b0c2ce8cfce17c1
sndasset,#hash_3767c5dc7bdc284a
sndasset,#hash_17ec5c05421ce606
sndasset,#hash_6891dd10a0dc2f5e
sndasset,#hash_21b2085e73d59604
sndasset,#hash_62bfd0af5d344aed
sndasset,#hash_45ad16da07f60156
sndasset,#hash_3caa8631daeb812f
sndasset,#hash_7033c3927731090b
sndasset,#hash_7e3afcdca6a415bb
sndasset,#hash_1202a141ea311a59
sndasset,#hash_7a7e07d9a15385d6
sndasset,#hash_5684435922473346
sndasset,#hash_4a7538f97bfa7cae
sndasset,#hash_2e5307d5e6b790b1
sndasset,#hash_4c557433030b706
sndasset,#hash_231663e0748a232a
sndasset,#hash_52479f82487bab31
sndasset,#hash_2d6ce65c21101795
sndasset,#hash_1928b5c5de5c0524
sndasset,#hash_4332ec174b4129d8
sndasset,#hash_723fa1fd512ac513
sndasset,#hash_3e9ff0f61123493f
sndasset,#hash_59269f769153a68e
sndasset,#hash_1c90413e2e3453b6
sndasset,#hash_52bad089c3a20755
sndasset,#hash_1556384d7db98514
sndasset,#hash_5870e95dfad7b465
sndasset,#hash_36b8bf9e529b73c5
sndasset,#hash_226163d4cc61e6e2
sndasset,#hash_58da51e75979691c
sndasset,#hash_705337efe00af007
sndasset,#hash_77bfbdcdd31e2112
sndasset,#hash_30768c6583298e1f
sndasset,#hash_46565bcec16a7a39
sndasset,#hash_3cea9f1713938bab
sndasset,#hash_80f9652cc8f0134
sndasset,#hash_1cfb8a5abcf53dea
sndasset,#hash_12c450d1b285de77
sndasset,#hash_3b8379bcd62150fd
sndasset,#hash_ec50dd399a51540
sndasset,#hash_201a9ed185106929
sndasset,#hash_23c37b49497e246e
sndasset,#hash_5161f00f22c7e1f
sndasset,#hash_6ab6b4d8d6c3b3a0
sndasset,#hash_19fc7cd4baa8d20b
sndasset,#hash_5f67df279365c2de
sndasset,#hash_66b28b04ee84fb1b
sndasset,#hash_47f91dd623022525
sndasset,#hash_2f57edf89422d10f
sndasset,#hash_1eadf57636928b30
sndasset,#hash_48bfaddb163840e3
sndasset,#hash_54ae51d103df14ac
sndasset,#hash_d49c7d88adb6760
sndasset,#hash_4cb3a16b5f70a3af
sndasset,#hash_7f05d882096559b2
sndasset,#hash_4124f73f9063773d
sndasset,#hash_26f353b71cc2d14
sndasset,#hash_2065298ee094a9eb
sndasset,#hash_5d5170b51cc6565c
sndasset,#hash_5f6875089f09dd4f
sndasset,#hash_55b85269da63ba72
sndasset,#hash_aa6d55cfaacb07e
sndasset,#hash_1250af0e84515d0c
sndasset,#hash_40c3721794925735
sndasset,#hash_3a5940635ba6ae17
sndasset,#hash_147678f9d0336fc3
sndasset,#hash_32a22ff259e7edec
sndasset,#hash_72644ef73e740f53
sndasset,#hash_66ccfd497eae678e
sndasset,#hash_6ac8b82731d1b901
sndasset,#hash_4a6242c3503f0f40
sndasset,#hash_6ce3377aa2d8c67
sndasset,#hash_21f3350ae345179e
sndasset,#hash_6e05144d10742f93
sndasset,#hash_273732fe90d12416
sndasset,#hash_3b0c75aa51f54ac2
sndasset,#hash_47630ff06b3eeacd
sndasset,#hash_23961f21b24187a9
sndasset,#hash_957bbed1e045df
sndasset,#hash_2a97305db71a3cb6
sndasset,#hash_57a35e1edae4fdf8
sndasset,#hash_1e36c796ee759440
sndasset,#hash_61c0fe09defe7669
sndasset,#hash_2a13cb752262c20a
sndasset,#hash_46d79193e89fb899
sndasset,#hash_78d5a51d69af73f1
sndasset,#hash_6e2df30febe4a000
sndasset,#hash_13e89c4b1d45ebe7
sndasset,#hash_318b0be3acb48008
sndasset,#hash_ac4a3fc9f1f860b
sndasset,#hash_4e2362702acf28d
sndasset,#hash_26005067cb45d6f7
sndasset,#hash_48cad127b48c38b0
sndasset,#hash_2a8e9aa8164a61a0
sndasset,#hash_193e36dd61de296b
sndasset,#hash_4ea79a24bcf7314f
sndasset,#hash_34e27aadb97c2385
sndasset,#hash_1a9f2a17baeebd2d
sndasset,#hash_55fc23560f264fa2
sndasset,#hash_63117b3db2c9ee58
sndasset,#hash_7ff8bf07109f391e
sndasset,#hash_548b267ab65e293
sndasset,#hash_1c8b66fc98f56957
sndasset,#hash_4423ad46b842bf29
sndasset,#hash_6caf377798e2960b
sndasset,#hash_19b0b75616d86bba
sndasset,#hash_2857df5739e34de9
sndasset,#hash_265367b816afa1b5
sndasset,#hash_3dc62231042f20a6
sndasset,#hash_250b3286c98cfa5c
sndasset,#hash_1d9406b8d69018b3
sndasset,#hash_41b009bd4f5c11bc
sndasset,#hash_20efe582e486a195
sndasset,#hash_72fba1228fa12908
sndasset,#hash_49e9b418c878ce77
sndasset,#hash_7faf364441c756ed
sndasset,#hash_60cc3a61f72f2d17
sndasset,#hash_44da576163aa0ee
sndasset,#hash_1216be8afcf9dfa0
sndasset,#hash_1b263097137c4b98
sndasset,#hash_4ebac3384a3fee01
sndasset,#hash_2882c010523e2a2
sndasset,#hash_7759b4eb6b243bd1
sndasset,#hash_1437d77e63ffe6f9
sndasset,#hash_38ee569b16026ab8
sndasset,#hash_1296f75658c22abf
sndasset,#hash_5a061596e5b08ee0
sndasset,#hash_1f4ffe00592027d3
sndasset,#hash_34867770df8be825
sndasset,#hash_4a4f67a1bb6e2b3f
sndasset,#hash_6c8dc35f37a2c298
sndasset,#hash_48ac26ce8742b808
sndasset,#hash_43ed9b8c60a87e13
sndasset,#hash_46835f9010b93567
sndasset,#hash_41f76ebc7f17067d
sndasset,#hash_1b46aef3021aecf5
sndasset,#hash_716b5ca49421701a
sndasset,#hash_266e797b6dd59a90
sndasset,#hash_7230cd3b767ed8e6
sndasset,#hash_28492b179cd5e97b
sndasset,#hash_296c3266045b387f
sndasset,#hash_21e7f2f635a5fe01
sndasset,#hash_23d057fc791ff283
sndasset,#hash_60e00e92fdc43a02
sndasset,#hash_707735c98b543171
sndasset,#hash_325095c0f213049d
sndasset,#hash_4ad642ba86024fbe
sndasset,#hash_1475062066d322e4
sndasset,#hash_7d562d09b3b0fc2b
sndasset,#hash_46b8d003347029c4
sndasset,#hash_4110f8d1201269ed
sndasset,#hash_5d1110864df6d7d0
sndasset,#hash_3af8ae2695eb899f
sndasset,#hash_30c777cac806a265
sndasset,#hash_2a1a86300618d7c9
sndasset,#hash_28d93b7e06565f20
sndasset,#hash_585116e1dedfd33e
sndasset,#hash_2481542c5a3441d2
sndasset,#hash_11479b7b89252a93
sndasset,#hash_5ea0fa107635177c
sndasset,#hash_7701470d4206f7d7
sndasset,#hash_2be6ef8be8d31c9b
sndasset,#hash_54e5b179f060766a
sndasset,#hash_63ebb811deb09ded
sndasset,#hash_6d33344c1efcb65a
sndasset,#hash_331d9bd49d67bc71
sndasset,#hash_5fa638cd9516507
sndasset,#hash_486368947cde3e1d
sndasset,#hash_6d31a1e56fd4429a
sndasset,#hash_2db494d5810d280e
sndasset,#hash_6d19991dfd5ce1d5
sndasset,#hash_6651c1aac5fb2ed1
sndasset,#hash_3e65cc9ccc09bd93
sndasset,#hash_2bdcfb25481e21f7
sndasset,#hash_2aba65f200d492e0
sndasset,#hash_522b01f0ba60d6b6
sndasset,#hash_51a0897393d0d8c
sndasset,#hash_5598cf3add0f8af1
sndasset,#hash_a424b1d162b57d
sndasset,#hash_13eea443f80d08df
sndasset,#hash_35feed9cf0b0b375
sndasset,#hash_68f452f80ed76730
sndasset,#hash_1e9afb340f293033
sndasset,#hash_68ff81d4433f81e3
sndasset,#hash_19fe76b58e5d7294
sndasset,#hash_464ddcb021e69bf2
sndasset,#hash_751399d9ddf42975
sndasset,#hash_67b6c4bae0ffcbe6
sndasset,#hash_765480f27db1af0f
sndasset,#hash_4136491d9d2f513a
sndasset,#hash_3a899651882f8455
sndasset,#hash_79c59870934f4bdf
sndasset,#hash_7e4da7014e45130c
sndasset,#hash_c37d3fd9c93b9f3
sndasset,#hash_4ae9aade3ba0860b
sndasset,#hash_3d301637c291320d
sndasset,#hash_1da4b2170560a1fe
sndasset,#hash_14a7a92db86eb039
sndasset,#hash_12e971600083b524
sndasset,#hash_338e75bc600b5e10
sndasset,#hash_31292e5f8783154b
sndasset,#hash_217f5aaceda14702
sndasset,#hash_2a275590e2f2ee73
sndasset,#hash_29788d00c4bd1598
sndasset,#hash_242adabd9bbdbbd6
sndasset,#hash_65c3c6b45372fc8e
sndasset,#hash_211c47e440d8781f
sndasset,#hash_1ae33c51189f3bbf
sndasset,#hash_62a6646ea8739ee2
sndasset,#hash_633dde45c12106c2
sndasset,#hash_795aee25caba9cec
sndasset,#hash_3e4e9ab3a4f5707e
sndasset,#hash_594ee6378e199bdd
sndasset,#hash_5df25ae1b83ea841
sndasset,#hash_37ba673d86b26b61
sndasset,#hash_3c6080c80a04e1aa
sndasset,#hash_7321e8e9ddab5744
sndasset,#hash_3a8e32891f4c40ba
sndasset,#hash_621e1bf3e4529224
sndasset,#hash_10d663ff5020f8b5
sndasset,#hash_1e4d986f880a40c4
sndasset,#hash_691a6baaf06fda16
sndasset,#hash_399702eb1f4a4ac1
sndasset,#hash_49be5b9860bd6c97
sndasset,#hash_f57dec36dca87b4
sndasset,#hash_7a4a344accc0a39b
sndasset,#hash_581538d6533f478
sndasset,#hash_617549dd12876579
sndasset,#hash_6ee4e356fcdbb9b0
sndasset,#hash_40b4a752cf25df5a
sndasset,#hash_6c7d8a44186c5174
sndasset,#hash_4de6c3d94355277b
sndasset,#hash_3867b03890d416e3
sndasset,#hash_71d2f7e695bba6b5
sndasset,#hash_7090fcb9b34c2506
sndasset,#hash_12f9eab8c44e8901
sndasset,#hash_4b6899988b6dd8cc
sndasset,#hash_a51a32221497208
sndasset,#hash_1ed429cc2a5cb613
sndasset,#hash_69de77c4905b220a
sndasset,#hash_68e44ef3fe666b3b
sndasset,#hash_5ca05cc9451e5130
sndasset,#hash_1ceb58d6d32ffd7e
sndasset,#hash_e0e7b5c2c60aec6
sndasset,#hash_82f874ada86f1d7
sndasset,#hash_5e5de1eb62e73397
sndasset,#hash_57ae29d82a1bcc3a
sndasset,#hash_1d8aaf3e73ba3faa
sndasset,#hash_73c6bf15d5185154
sndasset,#hash_4099f6b37f7d9836
sndasset,#hash_65edf807606dc965
sndasset,#hash_316f5942ab18c0e9
sndasset,#hash_66a666dd0a108299
sndasset,#hash_177285ca42f5e302
sndasset,#hash_5d11729a4bb80c5c
sndasset,#hash_2828ef770e3b6b22
sndasset,#hash_2a46b940ace6cbcc
sndasset,#hash_3abb7ae1e531750d
sndasset,#hash_62bc32eacf4eb71c
sndasset,#hash_1ff4103339ac1eae
sndasset,#hash_dcfcfccc4878a69
sndasset,#hash_3ea59315a397f68f
sndasset,#hash_609411712870f47c
sndasset,#hash_453f78361b313dd3
sndasset,#hash_1a3a7a631cb33380
sndasset,#hash_55d7018026b912b1
sndasset,#hash_659e192199e59268
sndasset,#hash_7c96006a8c73542
sndasset,#hash_32d795a55f48f491
sndasset,#hash_30c34ccbf518c800
sndasset,#hash_1806c0269ba581c1
sndasset,#hash_573e7f1f8e7b373e
sndasset,#hash_691e2c8abd03329e
sndasset,#hash_463c28ccc3071752
sndasset,#hash_6523b8957bb5bda8
sndasset,#hash_3ca583c383d003bd
sndasset,#hash_6cff4ccf88e2d462
sndasset,#hash_395e0efe58f24759
sndasset,#hash_ceddf479b78fa0b
sndasset,#hash_63cec351ff7a5bba
sndasset,#hash_39909e5828faba17
sndasset,#hash_53bbcbbec6912980
sndasset,#hash_17250d791a74d948
sndasset,#hash_5421e3d2364d5cd7
sndasset,#hash_2ec4b1fc801973f9
sndasset,#hash_457a2db56b657e17
sndasset,#hash_630d68764e9a5c8c
sndasset,#hash_3b235287fa600b02
sndasset,#hash_4e291b92dc9a1422
sndasset,#hash_523ef27f9b21eb54
sndasset,#hash_7b1edf365c845178
sndasset,#hash_6298095d66ac36f6
sndasset,#hash_23af1bd5d424d4ad
sndasset,#hash_3f31adfceaacba42
sndasset,#hash_441daaaff4d19a78
sndasset,#hash_7adfd13ff5a73be6
sndasset,#hash_1f9924d2f7fa05c3
sndasset,#hash_417eee908e206359
sndasset,#hash_58b7c9c48a3925ff
sndasset,#hash_2c2d2620b215627a
sndasset,#hash_7b282a1e9da37cbf
sndasset,#hash_3480af9dc4d7ba09
sndasset,#hash_547ccbbaccb5d239
sndasset,#hash_494e85c8d293abad
sndasset,#hash_7fad7fbcbc8e898b
sndasset,#hash_6ef90159aa6cc8b8
sndasset,#hash_4b9868f295274c8d
sndasset,#hash_3313f371286ede06
sndasset,#hash_2aea111ef4d973ce
sndasset,#hash_6090185d7dfd10b5
sndasset,#hash_45b716b3a07aee2a
sndasset,#hash_5ec3b177aee4dae3
sndasset,#hash_4fb9c3b31db22910
sndasset,#hash_320ae67f9c8c92d8
sndasset,#hash_2b25f6bc6861a671
sndasset,#hash_7e73e70d37941d77
sndasset,#hash_445c69f6e18de272
sndasset,#hash_5c8c1da421daf442
sndasset,#hash_4061e7a645c749d8
sndasset,#hash_63e0a51218ceab8d
sndasset,#hash_77597303ebb51275
sndasset,#hash_4af1f860178137cc
sndasset,#hash_a9c817162bc991b
sndasset,#hash_61cfd7ce69f90263
sndasset,#hash_1dab2e1095485373
sndasset,#hash_6c8ee5f8bae4a716
sndasset,#hash_32bc16cf281df8d0
sndasset,#hash_3c8fa2a826400cc7
sndasset,#hash_7f77aca7f22c2d27
sndasset,#hash_485a94bc9947c01a
sndasset,#hash_39c58991e1270bdc
sndasset,#hash_5816ff96326903b2
sndasset,#hash_7a5985443398182a
sndasset,#hash_659165c7d8407724
sndasset,#hash_5e3f9826ea31633c
sndasset,#hash_e582efda8a6154a
sndasset,#hash_790a62728a1e79d2
sndasset,#hash_5b13a2fba4982ff2
sndasset,#hash_1b036768eef1a395
sndasset,#hash_6b52875961c70253
sndasset,#hash_3014e7dd5e750f56
sndasset,#hash_6aeb6bb8e9398753
sndasset,#hash_768e3b717ef1ba69
sndasset,#hash_3f7b0581d61ea8cb
sndasset,#hash_390b53a27b4a119f
sndasset,#hash_6e168bd487ad174f
sndasset,#hash_32ea276506436e49
sndasset,#hash_7436c3900a4633dd
sndasset,#hash_497c3b3cc94242b7
sndasset,#hash_6d76c2db9f487693
sndasset,#hash_646164fde63f2bbd
sndasset,#hash_34fedc52f39dcaa9
sndasset,#hash_470dfec07c5eeb76
sndasset,#hash_48937d4f41986f5e
sndasset,#hash_53cc2f64f4ae7073
sndasset,#hash_442745797bd4cce5
sndasset,#hash_1dbaa2361a35edf3
sndasset,#hash_537522aec286b8d2
sndasset,#hash_77098b5418bacadf
sndasset,#hash_ae0ec68f5919020
sndasset,#hash_7fe847bf28b7df85
sndasset,#hash_4477b4727a26ba6d
sndasset,#hash_38f023ec92f14d21
sndasset,#hash_2f5fbdafdcb51613
sndasset,#hash_7fda9fb1ff8703a
sndasset,#hash_4f32016d2e71a98f
sndasset,#hash_3ebc25640306325
sndasset,#hash_43fa00ef14bef6b7
sndasset,#hash_235af87cc50fe878
sndasset,#hash_aef39369b4ea33b
sndasset,#hash_6e10e00584b113f2
sndasset,#hash_1b5bbc25336aadaf
sndasset,#hash_6b46b7abae834c0
sndasset,#hash_2649288043500516
sndasset,#hash_3decedcb133fb51e
sndasset,#hash_4111460ae2756a63
sndasset,#hash_2e2c61867178eaab
sndasset,#hash_55c2899c3a90d54c
sndasset,#hash_1b5d0d6a774db329
sndasset,#hash_2c27b7a10eca7fbb
sndasset,#hash_62b90a79a43b0306
sndasset,#hash_2fa6537e6dc55ed1
sndasset,#hash_4df44af8971065
sndasset,#hash_56f4a9dca4e3bbca
sndasset,#hash_4573e54c78196c00
sndasset,#hash_4a8d9bac86ce8a1b
sndasset,#hash_5c8a6588eeb0ec48
sndasset,#hash_2a7ddf0883dd3532
sndasset,#hash_4c3f2153bff41dc4
sndasset,#hash_5d8b026e5cada0b
sndasset,#hash_4b75b8913bd97f4f
sndasset,#hash_4a9c14caf89bb498
sndasset,#hash_407bafb267e8d9ad
sndasset,#hash_4d4133626b09b5c6
sndasset,#hash_edf99f3bf069bf1
sndasset,#hash_3e97c0983b49107d
sndasset,#hash_5eb918843a79bb3e
sndasset,#hash_6c9c5de36ced6e63
sndasset,#hash_666f0b7994b95923
sndasset,#hash_7e1811ed66773f81
sndasset,#hash_45ef2fd6b09d9e05
sndasset,#hash_46ba3a5dc86f3be8
sndasset,#hash_3b51da7b4824b2f7
sndasset,#hash_5212e19a3699625f
sndasset,#hash_4da2d0b05daca0b8
sndasset,#hash_417ce5b1b35041b2
sndasset,#hash_4848d8f3d0e17fa5
sndasset,#hash_7fcba123f1d922e6
sndasset,#hash_87cf95394c57bfb
sndasset,#hash_7c39df3b189c87f2
sndasset,#hash_6e59cb5b16ef4ecc
sndasset,#hash_58e2b4b6609fbaa0
sndasset,#hash_569bd754ad54ba10
sndasset,#hash_4156f6dc805c95c3
sndasset,#hash_723dd78bd80c5f23
sndasset,#hash_2e6237ab798b351a
sndasset,#hash_55c97d2ab753cd37
sndasset,#hash_67932c64fb5d8fe8
sndasset,#hash_7f663427172ce80c
sndasset,#hash_199c6d56652661be
sndasset,#hash_66c60f0c0f15be4b
sndasset,#hash_32b532d0174e31f
sndasset,#hash_d84b4b235fe81e0
sndasset,#hash_21acfb90be7b80b1
sndasset,#hash_2779c0a3c31c52e3
sndasset,#hash_7b64d8309d956481
sndasset,#hash_40edbb3c7719a029
sndasset,#hash_59b6aad7974139b1
sndasset,#hash_40eb67cb72a01c9d
sndasset,#hash_2e507880b5eb6a98
sndasset,#hash_6b76dbe539b44083
sndasset,#hash_14b7f78aee57ccc0
sndasset,#hash_2d9711671729b07a
sndasset,#hash_1f3f222e6fcee876
sndasset,#hash_4be787b67e9080cc
sndasset,#hash_5584c044580b71c7
sndasset,#hash_61959652f0ea3ac5
sndasset,#hash_189702d680b8959e
sndasset,#hash_361fd9b6bc7e65a8
sndasset,#hash_372d6eb6817318a4
sndasset,#hash_76c4ca573bc8d2a4
sndasset,#hash_1289fb5e680adbe6
sndasset,#hash_cf3ac65e543bfdb
sndasset,#hash_52ee7c7b8148bcb
sndasset,#hash_38c9f99c42a71f39
sndasset,#hash_3239fface1f6aabd
sndasset,#hash_2473b2ae66c1430
sndasset,#hash_302c58b46686c881
sndasset,#hash_1d1b7012a745be5e
sndasset,#hash_4a100866a73eb5b5
sndasset,#hash_6de88bb7c2487d8a
sndasset,#hash_5295d9b4491e5e1f
sndasset,#hash_1e07ce5e2c239a8c
sndasset,#hash_34ad0b95bb6d82e
sndasset,#hash_5789822527c5ebd5
sndasset,#hash_155f4c38f0c2c646
sndasset,#hash_4163d4f737e993dd
sndasset,#hash_3c45bb0027283d44
sndasset,#hash_1059fc75972ceb85
sndasset,#hash_6204ba8d06e175fb
sndasset,#hash_5df1c026b47175e
sndasset,#hash_532455f7e46726e0
sndasset,#hash_170775c89587e4f4
sndasset,#hash_c95aedca1625e57
sndasset,#hash_1cc6cac9c63533d3
sndasset,#hash_277f8db96b4412af
sndasset,#hash_4e8aa15224621d00
sndasset,#hash_76a5492f9c73e3f3
sndasset,#hash_6082f0ab48eea0a9
sndasset,#hash_56ebfe190e31cd2b
sndasset,#hash_2050fe880b5c96a
sndasset,#hash_218b0e5150fb0869
sndasset,#hash_123da862cdda9a5e
sndasset,#hash_45b9866a2007df6b
sndasset,#hash_348d789dfe6084a2
sndasset,#hash_891147a00f9c24f
sndasset,#hash_692e90f10fcae6ed
sndasset,#hash_463ae0ab4a77de96
sndasset,#hash_7f1e3e4bc81b8a00
sndasset,#hash_61c61f2079f81688
sndasset,#hash_67a8cad32834be49
sndasset,#hash_62ce8049a18cb8b1
sndasset,#hash_7c92e700179fc115
sndasset,#hash_1c9149dfe287d065
sndasset,#hash_6a1b1ef57ad6623c
sndasset,#hash_55accac737d8abf6
sndasset,#hash_67a6c2d544de16d9
sndasset,#hash_6dbcaec21501f504
sndasset,#hash_4dc12a889f13771
sndasset,#hash_746b6c0b7ed788a4
sndasset,#hash_6a5a9e085c745ebf
sndasset,#hash_6829d2e1375968e
sndasset,#hash_499062a1492a39b5
sndasset,#hash_6c91fc1d0cfc9ff0
sndasset,#hash_51fd3813f401ab8
sndasset,#hash_2a56f90844afb720
sndasset,#hash_7c42156f7ca3b318
sndasset,#hash_53a29e8fa2de0fa1
sndasset,#hash_1f2a6176c425a37c
sndasset,#hash_2ba4ac71573e4f6d
sndasset,#hash_268a22a53dd42fef
sndasset,#hash_5456aa78686767cb
sndasset,#hash_71f936e6a98cefc2
sndasset,#hash_20361f4bae637586
sndasset,#hash_5cd7f5f159ae9888
sndasset,#hash_6f2c3fa1e9ae1ef9
sndasset,#hash_fe74c9a1d2cd0cb
sndasset,#hash_b29587a53a8c829
sndasset,#hash_2b9cbd93dd45194d
sndasset,#hash_59f8aeea2ac55ccd
sndasset,#hash_5b4a8bf75213c5ae
sndasset,#hash_1ec70a1d0b9979d1
sndasset,#hash_4c136db57433b7fc
sndasset,#hash_34d4714630807043
sndasset,#hash_511d091d52fc453e
sndasset,#hash_14b9accf2721f2b1
sndasset,#hash_303c33af2a083ec9
sndasset,#hash_76ee80c83e65390
sndasset,#hash_100d85ff32b6b9cc
sndasset,#hash_46744dfddc8f57fc
sndasset,#hash_2f7b62f4e22255f3
sndasset,#hash_4baa1120ce3c435a
sndasset,#hash_55d884317f285805
sndasset,#hash_7922fbb5fb6b25ca
sndasset,#hash_1eb43cc784d686b0
sndasset,#hash_655aac44423a780c
sndasset,#hash_1bbbb06cb49f512a
sndasset,#hash_6425d7c47743a534
sndasset,#hash_8bb49504ab44ba2
sndasset,#hash_795a5522c5bbfbbb
sndasset,#hash_4fc4f06023ea6798
sndasset,#hash_dcdd7339b304279
sndasset,#hash_40c1f2530f25e8bf
sndasset,#hash_294b7956699bc7a
sndasset,#hash_1697e6e898a5bc34
sndasset,#hash_3f7f44bee6d4b8d8
sndasset,#hash_4e7e81a49dc59573
sndasset,#hash_660df90b208db2ff
sndasset,#hash_4ebb7ce9b77089f3
sndasset,#hash_279000433b74a08c
sndasset,#hash_6c52dad40d4fa7b7
sndasset,#hash_1ac222d4180665bd
sndasset,#hash_d7a54c0135e1267
sndasset,#hash_69cf681120433406
sndasset,#hash_bc616279440fa05
sndasset,#hash_5f68c054e7b63bca
sndasset,#hash_594a3d839b4cdf5f
sndasset,#hash_46548a09636d7df6
sndasset,#hash_3f6bb71f69f00b13
sndasset,#hash_2ae1f865b84df091
sndasset,#hash_42522dfa85814912
sndasset,#hash_5a8e73057a994dc4
sndasset,#hash_77f804f28b72917c
sndasset,#hash_7ee78b0961062fc5
sndasset,#hash_7f4a69d92cd2ff25
sndasset,#hash_2d0f52098543d4b1
sndasset,#hash_2274d66aa382af31
sndasset,#hash_8cea964de82ed0
sndasset,#hash_2b5f9c86c7c38e6a
sndasset,#hash_35910b6464a4a775
sndasset,#hash_327a334d682fd4b8
sndasset,#hash_4096a4ffce04200d
sndasset,#hash_66181f7a296b41e0
sndasset,#hash_25c19d425fecd543
sndasset,#hash_603c3bb2660d8d8a
sndasset,#hash_6f3db74e8db7cd21
sndasset,#hash_60b3364777a0afd4
sndasset,#hash_4e9ce6bd54bbddbc
sndasset,#hash_5ee340d99ef6eac4
sndasset,#hash_1a5599b8ec901b2c
sndasset,#hash_408e1597baf98d5d
sndasset,#hash_d825621b4591c50
sndasset,#hash_ca982bb0b3ea979
sndasset,#hash_2d9e405ec63e84f3
sndasset,#hash_300d773c4d15367
sndasset,#hash_41891c1d3c693f46
sndasset,#hash_5e41df658ee10882
sndasset,#hash_45bffc683966c504
sndasset,#hash_52fe65dc5ab1026d
sndasset,#hash_56260ce69d197ca7
sndasset,#hash_77e1e1ac24d5e6cd
sndasset,#hash_4cb800b7860207a1
sndasset,#hash_4d023d2f34842c79
sndasset,#hash_1615ad5a0ac00c32
sndasset,#hash_46d5d732f6fe3435
sndasset,#hash_1f37b37f622c69e0
sndasset,#hash_1e5bb5025e1f90f7
sndasset,#hash_69d598f35f688db2
sndasset,#hash_2b1cc5941c17fb45
sndasset,#hash_4ab1b2e932092505
sndasset,#hash_6ce56dba1cf144cc
sndasset,#hash_1f94731f88026568
sndasset,#hash_4fc11729834aa510
sndasset,#hash_305cabd25f2b3607
sndasset,#hash_7e2974c344d9492e
sndasset,#hash_2ca5f2822888c6e9
sndasset,#hash_393f8bc76bf3226
sndasset,#hash_8d5c7e4f1fbf264
sndasset,#hash_42cbbb0443675b30
sndasset,#hash_4b4c33d910ebf3b6
sndasset,#hash_2ac0f153a56b380
sndasset,#hash_543aa03d52c4c59e
sndasset,#hash_55cc06b3d06a2217
sndasset,#hash_1b84578958efe15b
sndasset,#hash_73bd2fb3feef8766
sndasset,#hash_588b555e171f20ac
sndasset,#hash_dd5c3e3e9187139
sndasset,#hash_34908197d1af6f0b
sndasset,#hash_13f9d02fe5487dbd
sndasset,#hash_a4e43013f34dd70
sndasset,#hash_155fe5dbae56788
sndasset,#hash_3168631c8bec6b3c
sndasset,#hash_43bda913495909b
sndasset,#hash_2265461fe990a010
sndasset,#hash_47e949055b482fee
sndasset,#hash_5b09bb1d8096ebf0
sndasset,#hash_616e58ee8b280259
sndasset,#hash_1516d4533e927f12
sndasset,#hash_6ec23ea6dd01b6a1
sndasset,#hash_312a150a5fb4db0c
sndasset,#hash_6097a759d9915e49
sndasset,#hash_4382da71e0449ffc
sndasset,#hash_5ae1a62bcb74f69a
sndasset,#hash_3dd60aaaf20bf2b1
sndasset,#hash_40975c4e223479c3
sndasset,#hash_1816c03627122bff
sndasset,#hash_4980ac99c11bb3b6
sndasset,#hash_5a57752a3f1a486a
sndasset,#hash_18f6abfeac60f616
sndasset,#hash_4030615923a14ada
sndasset,#hash_2997c01193317e1b
sndasset,#hash_3b76f2d8391eb383
sndasset,#hash_7d0481240665b99a
sndasset,#hash_1dd3a85d415fcd4b
sndasset,#hash_dced15dca2f790a
sndasset,#hash_6e12bde6bc9040af
sndasset,#hash_5cd64a61cf4dbdd4
sndasset,#hash_6dfb01c1e3a96e81
sndasset,#hash_59643f3e69f50bde
sndasset,#hash_39367bb160668061
sndasset,#hash_247d0c0b33f3a751
sndasset,#hash_5626545b9b023949
sndasset,#hash_5409c4aacfb9569
sndasset,#hash_16a658257d06493a
sndasset,#hash_514c5a6093dd9b6f
sndasset,#hash_381532e86e25abfe
sndasset,#hash_437e8f4a3aafdba2
sndasset,#hash_62b3f7d3b2b90cc0
sndasset,#hash_27bfbc39942aef91
sndasset,#hash_2d1d54987ca86153
sndasset,#hash_3a4544516b46ba3f
sndasset,#hash_577a872c2074a226
sndasset,#hash_467b24f5a182e3c2
sndasset,#hash_6582b3783c7562e
sndasset,#hash_63b4743a55d59d6e
sndasset,#hash_5ae572f1e61a286a
sndasset,#hash_37e8eaaae0d0b887
sndasset,#hash_2fa126018a82a02c
sndasset,#hash_33fd429edf9954f5
sndasset,#hash_4096ea09e67ad8e
sndasset,#hash_715876c6439df303
sndasset,#hash_2f9e8235c002a528
sndasset,#hash_738f42bd7a02eb60
sndasset,#hash_57ef9f3696ef66ef
sndasset,#hash_742f1949cae4281f
sndasset,#hash_1737fd3ec4915f35
sndasset,#hash_1b8b5961b81f8a24
sndasset,#hash_3ded76fe26a8b015
sndasset,#hash_4bf42aa1119df478
sndasset,#hash_7e51dbf1d17ed769
sndasset,#hash_33ff20846b7e8c73
sndasset,#hash_464d7bacbff330d1
sndasset,#hash_182295874e00225
sndasset,#hash_6e628f805b50b56f
sndasset,#hash_4961b2e8cb3f1379
sndasset,#hash_baf1bd6508bdc76
sndasset,#hash_3e6576fa4c444267
sndasset,#hash_40ab01a6b45aad52
sndasset,#hash_40d96aa722ebae28
sndasset,#hash_5a8073056e8e062d
sndasset,#hash_3dedb93b11cc3eb7
sndasset,#hash_3c10a67f6d26f669
sndasset,#hash_6a4f2db9792a0914
sndasset,#hash_216038081592d34c
sndasset,#hash_787420e013458e48
sndasset,#hash_432dbd2c32b3072f
sndasset,#hash_38ecc5e52fa1048c
sndasset,#hash_28ea2340316dae1a
sndasset,#hash_76aad5dfb269a214
sndasset,#hash_530cd4c35901c7bd
sndasset,#hash_249a1ed16ea3e8d6
sndasset,#hash_214bff86a7eece45
sndasset,#hash_746676a923484348
sndasset,#hash_475b7816b727f265
sndasset,#hash_3197048db7771998
sndasset,#hash_477cfa7bcdee0fd6
sndasset,#hash_a9dc319361c32d5
sndasset,#hash_adc98e34aa6e7af
sndasset,#hash_6e084b812ede404b
sndasset,#hash_25ae9381aae5dfea
sndasset,#hash_70a837bb535a4cb6
sndasset,#hash_131350d70b65bd3a
sndasset,#hash_4d3e89d437f0694e
sndasset,#hash_4b579ef2f1abeb67
sndasset,#hash_2d7aab4c8e2d43df
sndasset,#hash_55c5610207a5032e
sndasset,#hash_5e340323929fbf47
sndasset,#hash_4ceab2ad8d65546e
sndasset,#hash_2a3613699ccfd473
sndasset,#hash_32e13f2a69190060
sndasset,#hash_d515d8679656ef5
sndasset,#hash_1b7375818adc4622
sndasset,#hash_8797dacb63e2cbd
sndasset,#hash_1d7723caf22a80bd
sndasset,#hash_3e186e9bc95eaa35
sndasset,#hash_677c9bdf426e9ff5
sndasset,#hash_1fc02b7d8bb4d61e
sndasset,#hash_243eb7fdbb0ccfcb
sndasset,#hash_73cbdf5d099ad772
sndasset,#hash_2ba095a7015deee
sndasset,#hash_7ec2573fa773dc04
sndasset,#hash_640c2019b594aadd
sndasset,#hash_14ccf7b7bf2269f7
sndasset,#hash_60b784442b838b13
sndasset,#hash_1d58cc172627da82
sndasset,#hash_60e38d14edb88c66
sndasset,#hash_22313fdc2d2f30ca
sndasset,#hash_6cb26e1c14a349ba
sndasset,#hash_50f5c2064403fc1e
sndasset,#hash_117a9d1d6d7c4863
sndasset,#hash_c773070d3639b28
sndasset,#hash_109614582b75fa71
sndasset,#hash_27d4422175341a4a
sndasset,#hash_403517b1f2b0f98f
sndasset,#hash_41e6546a987550a4
sndasset,#hash_25ae6b1dd460a404
sndasset,#hash_337484b2ea09f343
sndasset,#hash_154a4ef09ef279e3
sndasset,#hash_19fef37bb510aa51
sndasset,#hash_7bfde0df51bc2910
sndasset,#hash_eb038bad6412f21
sndasset,#hash_79175d0b75b4b484
sndasset,#hash_4071c66eca03637d
sndasset,#hash_47c35abc39746c1f
sndasset,#hash_2538efd78f057dad
sndasset,#hash_52c6b78ff098ded9
sndasset,#hash_4f59aa38dd89f5a3
sndasset,#hash_2aabd91a35e1285d
sndasset,#hash_36a08ac6bdf0e4ea
sndasset,#hash_64b83c689a3a44d5
sndasset,#hash_78966f701e9f4c6
sndasset,#hash_3821d03a67140b23
sndasset,#hash_194a2f96aeb851d
sndasset,#hash_1387650c22bd2cdf
sndasset,#hash_2c30249020e741d
sndasset,#hash_13479aa7e3501393
sndasset,#hash_4994bbbc57b99e4a
sndasset,#hash_23a0141a9223bbbb
sndasset,#hash_13d5398901805cd2
sndasset,#hash_1925d70cbc310602
sndasset,#hash_6a1cd1f2a543b6a6
sndasset,#hash_798dc845be7d3167
sndasset,#hash_3cc607ffb86986e5
sndasset,#hash_5cbe0a7ab22cd8e0
sndasset,#hash_166ebc53a1930e69
sndasset,#hash_6a604d01ad1a0b63
sndasset,#hash_209335f1f4c4ebee
sndasset,#hash_760b86661b19807e
sndasset,#hash_7c305213682c14ff
sndasset,#hash_4c88c7eb075b1d63
sndasset,#hash_253da1b0861dadfc
sndasset,#hash_34370061522c1ee6
sndasset,#hash_d36c0ab91ba89dd
sndasset,#hash_78cbf60668cdd026
sndasset,#hash_204be0cdf62523a0
sndasset,#hash_1035e150802cc328
sndasset,#hash_5b3a81bdf6ca724f
sndasset,#hash_5e47376ac4b014d2
sndasset,#hash_47616532f8078926
sndasset,#hash_515d28e7929b4eda
sndasset,#hash_10c89e168db6107
sndasset,#hash_5419bd0babda5b1c
sndasset,#hash_ab40a2bdb97e20b
sndasset,#hash_597b519c043a45dd
sndasset,#hash_64493932e725d7b9
sndasset,#hash_1a51b954a53aadaf
sndasset,#hash_810ca8dfff249aa
sndasset,#hash_1a61923f1aeb756c
sndasset,#hash_e8905eeaa47cf72
sndasset,#hash_8a3f62b028d9c8f
sndasset,#hash_723d8e8745c390b9
sndasset,#hash_85e8b3675eb7a4e
sndasset,#hash_49921cfbe8fd1af6
sndasset,#hash_49ffecfbb4a94e93
sndasset,#hash_4006513e6747a00d
sndasset,#hash_1f380a61cb8035af
sndasset,#hash_4bbc62339255e36d
sndasset,#hash_d5b9c419e83c6c3
sndasset,#hash_2494d66434e8747a
sndasset,#hash_1987bf7a151544ab
sndasset,#hash_2368baa376230bdc
sndasset,#hash_7cfaf9220842cb72
sndasset,#hash_7247dba73b2beff6
sndasset,#hash_57818cc670f671fc
sndasset,#hash_4a3d2d485a824638
sndasset,#hash_75898c6f7bf37ea2
sndasset,#hash_41ce0b62ccc040cd
sndasset,#hash_fc0d9a064316613
sndasset,#hash_55e1f825636aaefe
sndasset,#hash_379f0cda5b1cbee
sndasset,#hash_5dd772b13d75b24f
sndasset,#hash_80d791e3eb52133
sndasset,#hash_e7314e91e1bd80c
sndasset,#hash_357a8558de751536
sndasset,#hash_4b50788516dfe17a
sndasset,#hash_462383d0279f6df6
sndasset,#hash_454fd946f088c85f
sndasset,#hash_631022691721f438
sndasset,#hash_6a2babe97d18d2ed
sndasset,#hash_573b601f1365a862
sndasset,#hash_6153711eb48f1256
sndasset,#hash_74705803a7b17e8a
sndasset,#hash_43a9e2e35ddf2697
sndasset,#hash_4269fbcb9af4846c
sndasset,#hash_689e47e3eb316a3b
sndasset,#hash_5e0dd87c0312886d
sndasset,#hash_1b11ff0227151e69
sndasset,#hash_4981862d56c85416
sndasset,#hash_b4048458e2feeda
sndasset,#hash_2622c1c659905bc
sndasset,#hash_4e688ecabf5eae42
sndasset,#hash_bbaf5f340c4891f
sndasset,#hash_3fd65b92bc483829
sndasset,#hash_300723d2acc5ce95
sndasset,#hash_38bc2c6d19da6cf3
sndasset,#hash_1ea22c1bc76bb44e
sndasset,#hash_11720c866349c992
sndasset,#hash_fad73433f313f8
sndasset,#hash_2dcdfa28b1aae39e
sndasset,#hash_15caa2b341406a94
sndasset,#hash_11c1e358a2bb4e67
sndasset,#hash_1dad4b5546e57590
sndasset,#hash_533fb4e8eab15238
sndasset,#hash_2ebcec98ccd0aa33
sndasset,#hash_4e527467fa25e13d
sndasset,#hash_71b014bfd72905b
sndasset,#hash_7e720046220c0583
sndasset,#hash_711ea83aa3713f9c
sndasset,#hash_1f54d7da016e325d
sndasset,#hash_6aef0ce072e16aa8
sndasset,#hash_5c436cdb5756ea49
sndasset,#hash_348ce239b366b86d
sndasset,#hash_1890494d5c123f70
sndasset,#hash_788fbd6c8dde3e2
sndasset,#hash_9f0b9e330841bd7
sndasset,#hash_1eb40342254f8a09
sndasset,#hash_2476010f2e15bf21
sndasset,#hash_4adc34868f2b00a9
sndasset,#hash_2c0d284e362cbaf
sndasset,#hash_12f9710fd129437
sndasset,#hash_5179f855fc4dbf82
sndasset,#hash_4e219acd8f37da65
sndasset,#hash_562ecd0a8bad0381
sndasset,#hash_579ed0c75575dfc9
sndasset,#hash_435372be557cd1a4
sndasset,#hash_40a4085939dc2f2f
sndasset,#hash_724c05e6d2575880
sndasset,#hash_1cdc62269e0d4d9e
sndasset,#hash_194f630ef7b49dd4
sndasset,#hash_6a65dd592c17e49c
sndasset,#hash_b19f315dfe8ca87
sndasset,#hash_3229b42395f52d7f
sndasset,#hash_1312c650551d9917
sndasset,#hash_56932024d9a44998
sndasset,#hash_1a50402dcefd0de8
sndasset,#hash_23030c60de885031
sndasset,#hash_4060253694d7c38b
sndasset,#hash_694fea8d508cd4e6
sndasset,#hash_85505860e9de21a
sndasset,#hash_e3cfc7134b371c0
sndasset,#hash_3e35d55a9b6d3bf6
sndasset,#hash_16f5cc8410ce8cac
sndasset,#hash_11c2fa009bee1a6f
sndasset,#hash_67287b20f4a365d8
sndasset,#hash_50fce502881ca9fe
sndasset,#hash_7b08e88f055744bb
sndasset,#hash_3c838065e8a88435
sndasset,#hash_1d57cd146e12fd3a
sndasset,#hash_67272439ac482854
sndasset,#hash_19bc583558ae9861
sndasset,#hash_75c05931c646d97c
sndasset,#hash_5d80756e1c5d9a0
sndasset,#hash_5f10184b4f45fa51
sndasset,#hash_75fcd3bd479f8395
sndasset,#hash_2113a174621a7bc8
sndasset,#hash_2ed282402e9dd23a
sndasset,#hash_263c8d2253d41f35
sndasset,#hash_239c5530b08699a1
sndasset,#hash_5759bf8d18d844d4
sndasset,#hash_7dfff8869af58641
sndasset,#hash_6ad22fb52a095de8
sndasset,#hash_382dd7a268d933f
sndasset,#hash_4b61dec87a233816
sndasset,#hash_314ec47335c3c3dd
sndasset,#hash_248b5385727af559
sndasset,#hash_2c3b2959e7d142c1
sndasset,#hash_28ffdb63dc725e6c
sndasset,#hash_4f661384c69ca657
sndasset,#hash_33bcd8342bfc0088
sndasset,#hash_4e0532887f0d8a56
sndasset,#hash_4d0e6ccd5e72481c
sndasset,#hash_5bee5ab179f15ea2
sndasset,#hash_3fd66cef9598164f
sndasset,#hash_2563eb916f4ad727
sndasset,#hash_7195f15fb265616f
sndasset,#hash_1fa4aa5132120330
sndasset,#hash_590c6ae907765030
sndasset,#hash_6ac52c48519d1b80
sndasset,#hash_4d6f3cc2e1c227c4
sndasset,#hash_5ee4b9766cac5d06
sndasset,#hash_70f86d270af2a2d7
sndasset,#hash_534c321877b2120f
sndasset,#hash_4586ad137354f27a
sndasset,#hash_68b8b2c08f53d6da
sndasset,#hash_4bd457f7dcc44173
sndasset,#hash_3821bec6fd105b53
sndasset,#hash_1abf6fe5b233f18c
sndasset,#hash_4702d8632b40f492
sndasset,#hash_6569efb690a8cedd
sndasset,#hash_7aa1812fa185aade
sndasset,#hash_64c9164400aaa595
sndasset,#hash_6ddc1c8398197f87
sndasset,#hash_6311cc46e29e20e1
sndasset,#hash_39571fb2acd8582e
sndasset,#hash_63aaea54c92b969c
sndasset,#hash_61c5e900685be482
sndasset,#hash_738de787aa244d29
sndasset,#hash_241e844f73c2212a
sndasset,#hash_493c66ddadf0839
sndasset,#hash_39742ba21bc695a6
sndasset,#hash_d6a0940bfa85dbd
sndasset,#hash_5876e228c0757734
sndasset,#hash_18608464670fd39b
sndasset,#hash_34fa5ce6ad77762a
sndasset,#hash_32f7ffdaeb151db8
sndasset,#hash_7310f65c498369a4
sndasset,#hash_2a576e5702e6a666
sndasset,#hash_2021299a63b924c2
sndasset,#hash_18bbf4093204c801
sndasset,#hash_555043db951a51e8
sndasset,#hash_2166a6ceb0d158bb
sndasset,#hash_37c2b28beeead194
sndasset,#hash_7d9675e63b0ce17b
sndasset,#hash_270c5110792df508
sndasset,#hash_6b2bcd2bd436aae7
sndasset,#hash_139199cf6ca4bea2
sndasset,#hash_43dd4a086b8b5f40
sndasset,#hash_432d9e503e24853c
sndasset,#hash_277eac04c048f84e
sndasset,#hash_e2b1413b0017ad0
sndasset,#hash_65056df7bfbff053
sndasset,#hash_776e2cbbd6624bd0
sndasset,#hash_62688db8edf47953
sndasset,#hash_3f7f246c211b41f2
sndasset,#hash_71cd5a38247a1697
sndasset,#hash_766f5b6d54075de6
sndasset,#hash_4ec25cf1bce4440
sndasset,#hash_69798003f34fbfb5
sndasset,#hash_36f54d1ab7d25f76
sndasset,#hash_599a8cb07fa0871
sndasset,#hash_5a7c341ca620258a
sndasset,#hash_7aa400bd4cef37a5
sndasset,#hash_7520fbffdb13da73
sndasset,#hash_2e2857b130d49ee3
sndasset,#hash_788740ef9d9d520d
sndasset,#hash_3acd304aadb4a999
sndasset,#hash_3ea72699fa7f16da
sndasset,#hash_3eee08bce0d5fb55
sndasset,#hash_7f0499ffa7a972d6
sndasset,#hash_2dce03681a651ce2
sndasset,#hash_25bf802a4835bde8
sndasset,#hash_18541a8371513c0e
sndasset,#hash_243d16846fd8dd51
sndasset,#hash_e0abf92cc8d403a
sndasset,#hash_5f9be4042489e329
sndasset,#hash_2963adcadcb22d7b
sndasset,#hash_43c021d04fa57b95
sndasset,#hash_68deafbc394e2dea
sndasset,#hash_2ab466f823907a78
sndasset,#hash_f43ca71a39ada6
sndasset,#hash_6b3987f59fc1a5dd
sndasset,#hash_72ceccc9ee997906
sndasset,#hash_6c7e42316e636a25
sndasset,#hash_53fd93150ab862e2
sndasset,#hash_358cca031fe0e8b1
sndasset,#hash_5b10a3b4e115fe48
sndasset,#hash_1ad72be6d3d05927
sndasset,#hash_356dfdc3b1ccbc26
sndasset,#hash_2407dbbe8ecc4244
sndasset,#hash_40793ab7022c8828
sndasset,#hash_17f2aab6e9eeb94a
sndasset,#hash_1487c5b0760da04e
sndasset,#hash_68a172fb0e8c0b5d
sndasset,#hash_4f61dd36e2c02a0c
sndasset,#hash_24168643e832b19f
sndasset,#hash_50da60276ed04038
sndasset,#hash_cff010e15c45337
sndasset,#hash_347c9dfbb90e148c
sndasset,#hash_4aef646a953973b3
sndasset,#hash_262e41fb42e25856
sndasset,#hash_78b18d17432434b4
sndasset,#hash_6a9de8b3ccc7cd40
sndasset,#hash_1a407ec78c35c1f2
sndasset,#hash_629cf941b28c9534
sndasset,#hash_5d8f242e01356e77
sndasset,#hash_295e6bc6809a1634
sndasset,#hash_1a040841c4fd2777
sndasset,#hash_7863cb95a1522e6e
sndasset,#hash_d70ae03f27016f3
sndasset,#hash_6f1f9f8f94bd33f2
sndasset,#hash_7ef7d1c73441e75c
sndasset,#hash_2784e5b617685b81
sndasset,#hash_579a26789fc2b4fa
sndasset,#hash_6615f720002dad7d
sndasset,#hash_6c4dfcd74c0e66fe
sndasset,#hash_32f69a8505a5b121
sndasset,#hash_362974b096142faf
sndasset,#hash_29d9c46a07f0a92f
sndasset,#hash_63a864c3c73bd0d9
sndasset,#hash_1c969b5c0d920225
sndasset,#hash_7c5b35155a3e2646
sndasset,#hash_3174f1ad01180f21
sndasset,#hash_11d9a99b025dee72
sndasset,#hash_592bb90941db5b5e
sndasset,#hash_48b7f191ec6807aa
sndasset,#hash_1919fb7eaada02a8
sndasset,#hash_4b8e859591e1ea3b
sndasset,#hash_6843ab6b7fb3b144
sndasset,#hash_cb51add1a73bc0b
sndasset,#hash_3448167187ef0561
sndasset,#hash_38d5b2ed75b0db57
sndasset,#hash_797450833078ef9c
sndasset,#hash_13ebbbdac32c95ae
sndasset,#hash_3af48e680b3f2c74
sndasset,#hash_df9096b116d72bf
sndasset,#hash_3abf3e50ff5fa918
sndasset,#hash_25b1ebe4282bc54b
sndasset,#hash_82cc8ee73d96c50
sndasset,#hash_10b3dbd97467e94f
sndasset,#hash_2f04975a06304a7a
sndasset,#hash_29f298801aaba969
sndasset,#hash_393c383fc7ddee0c
sndasset,#hash_2430b5655834af5e
sndasset,#hash_753cf4e04ae7a522
sndasset,#hash_6fe9f3182935edc0
sndasset,#hash_304724e43e10c304
sndasset,#hash_50da85d92f5dcee7
sndasset,#hash_5abc8d192eba4236
sndasset,#hash_2a977d640a9ba35
sndasset,#hash_7f2e0b83dfde6032
sndasset,#hash_7227b44f79562de1
sndasset,#hash_6907598391b2e462
sndasset,#hash_1df7f1b5a5e4231
sndasset,#hash_2a7ae87dabc91d18
sndasset,#hash_2e8e22b7b5307bba
sndasset,#hash_36deb9ac50295de6
sndasset,#hash_17f39a3736e76a04
sndasset,#hash_7ceedf0cf139ab96
sndasset,#hash_54faf6edb8474395
sndasset,#hash_1a2ff85320d8749a
sndasset,#hash_3bf95168adab8549
sndasset,#hash_609cb5f2b612d35c
sndasset,#hash_7fb9d862275a701
sndasset,#hash_728879c93f0d6db4
sndasset,#hash_7c14c0162d0fd3be
sndasset,#hash_1dd5ce4af4afc41f
sndasset,#hash_670ffd0f155ecb20
sndasset,#hash_285b1d865caf251b
sndasset,#hash_672082c06db0414
sndasset,#hash_131f59b16c2844c7
sndasset,#hash_2385b64ba2a4c6a1
sndasset,#hash_7c84bd7926076fcd
sndasset,#hash_2e4b477284844b
sndasset,#hash_7d0b07318bf58afb
sndasset,#hash_60e2702a588bd008
sndasset,#hash_51e5b0b05bbbb117
sndasset,#hash_7bc8e968db905714
sndasset,#hash_eb586c0d2c1a90
sndasset,#hash_11fab4c1067c08ab
sndasset,#hash_2b5585193b804faf
sndasset,#hash_56e2bf1e21d2b2fc
sndasset,#hash_4b76f4cbcb0e6403
sndasset,#hash_7b602cd30f4fa0bc
sndasset,#hash_500bad0e8bd6985a
sndasset,#hash_149625d963105948
sndasset,#hash_159e11951129de33
sndasset,#hash_687e1e484f2e269d
sndasset,#hash_ad74b35b281c15b
sndasset,#hash_299952062d3761c0
sndasset,#hash_2d6593dbdbcc8997
sndasset,#hash_5955946fb7438b94
sndasset,#hash_7b49c1b0114c0fa3
sndasset,#hash_4b3c706ea64d2cdc
sndasset,#hash_686f7e84641a65b1
sndasset,#hash_10924b1fa26fc7ca
sndasset,#hash_39cae9bf53691d5f
sndasset,#hash_4bfb23f7be6ee1c9
sndasset,#hash_3b9f49d176e4df51
sndasset,#hash_407050f12de08f1f
sndasset,#hash_4951edcb95348d07
sndasset,#hash_55e36d041c4eb064
sndasset,#hash_6daf6a854c05133d
sndasset,#hash_347b90489912326e
sndasset,#hash_7d38f283b26fbdf3
sndasset,#hash_63090fe88a746e4c
sndasset,#hash_62f3fce19568a209
sndasset,#hash_2ea4fb4035c07be2
sndasset,#hash_661468b7d2abf01
sndasset,#hash_31b7f6822a29090f
sndasset,#hash_19abb5872c923d15
sndasset,#hash_46a6a4dc39b53fa3
sndasset,#hash_6062c24a3bb432c3
sndasset,#hash_7a867018ecd66900
sndasset,#hash_27db7f0545788601
sndasset,#hash_49c9a8f76beedcd2
sndasset,#hash_7a35b0300ef8d0c9
sndasset,#hash_550d201ef62dc10
sndasset,#hash_415afc3f3deb3281
sndasset,#hash_6667bd4f1aba3c53
sndasset,#hash_740ec1b4f5b8dd18
sndasset,#hash_3d4d73f477a05d97
sndasset,#hash_19c0103c1d334dd2
sndasset,#hash_f342a6ffa5f2901
sndasset,#hash_6b5427459c89ba38
sndasset,#hash_1a7dc3b5b529ee5a
sndasset,#hash_1c8cfd32b5e217f4
sndasset,#hash_27cbddec493d0eb6
sndasset,#hash_368bc9aa912debe4
sndasset,#hash_10a63eba38ebf2c7
sndasset,#hash_567fb8742d12c60a
sndasset,#hash_55a8cde1b7b5a219
sndasset,#hash_e765161f76ab059
sndasset,#hash_4bd996f020e7f053
sndasset,#hash_4efb3d680f921eb7
sndasset,#hash_2f97fb8da66be2a4
sndasset,#hash_2b6443478b29accb
sndasset,#hash_1ee7f2426d8fb0e4
sndasset,#hash_3f8b42f8198b26b2
sndasset,#hash_6c0ea06c812f0190
sndasset,#hash_2856a8044555523b
sndasset,#hash_6afa39e541209dd5
sndasset,#hash_6e24836171a742d3
sndasset,#hash_3081893c9f8c0668
sndasset,#hash_29e21ecf63447b3f
sndasset,#hash_7a88c6b518c12a0c
sndasset,#hash_3d79501f457768eb
sndasset,#hash_66c2b51794c4fc84
sndasset,#hash_40682c66c0f83a59
sndasset,#hash_96023dbbddd5b92
sndasset,#hash_5113ce3860e67ea7
sndasset,#hash_31f9395242631501
sndasset,#hash_3d47f28f8b0c8b79
sndasset,#hash_1c4fdf565ebdfab7
sndasset,#hash_39a4b65a907d348f
sndasset,#hash_47379319b628767c
sndasset,#hash_517a3ea5d7e7a125
sndasset,#hash_7cf36fcf4f488d46
sndasset,#hash_2914d4e7e737d8bb
sndasset,#hash_7162bef06910dab4
sndasset,#hash_1888552a2e504301
sndasset,#hash_ce969d3d49ed47a
sndasset,#hash_7280a66b589789
sndasset,#hash_5c5a1297ddf87007
sndasset,#hash_73037ded1a1bc6ed
sndasset,#hash_26ed2c7f94918feb
sndasset,#hash_4469e4c743ec6a2b
sndasset,#hash_247ecb34eafddc18
sndasset,#hash_1b4124b37bb58c59
sndasset,#hash_8fbe16e0778419a
sndasset,#hash_4a11f351673551a1
sndasset,#hash_e55af96b0c18e38
sndasset,#hash_7d350521d5c62aa9
sndasset,#hash_252e8236f943699b
sndasset,#hash_78f49059febc4600
sndasset,#hash_d5dfa720ce2dc5f
sndasset,#hash_79c9fc894db3042a
sndasset,#hash_4a906797a00c59b9
sndasset,#hash_2e91b8f1b028f400
sndasset,#hash_569b4e45ba0ca9b2
sndasset,#hash_654482f70752712c
sndasset,#hash_3c251b390e35abfe
sndasset,#hash_2483e96187fc34c
sndasset,#hash_afb3c2006c07fdf
sndasset,#hash_794b7a6d2e8dee02
sndasset,#hash_a1369c378204841
sndasset,#hash_5e83fe0c258b4881
sndasset,#hash_294123fb19547f02
sndasset,#hash_3815cf904da84732
sndasset,#hash_18d4c8e9e5a059bc
sndasset,#hash_2d7af74085368207
sndasset,#hash_1bb9306f3ea85e1a
sndasset,#hash_48c6bfd36b90ad0d
sndasset,#hash_27a0cf17fa0580e2
sndasset,#hash_3c5a63cd3ca9552d
sndasset,#hash_655a443066f18fca
sndasset,#hash_72075228a9d5a363
sndasset,#hash_4441b1256fdc575f
sndasset,#hash_5fedfa2fd42a443d
sndasset,#hash_4689e219608914c6
sndasset,#hash_15e3a505cdd2f9a5
sndasset,#hash_331d958214bad82e
sndasset,#hash_6b41c47242f833be
sndasset,#hash_605c98286f355401
sndasset,#hash_72e55bbb8d5f8796
sndasset,#hash_3b4ec7a5ccc35ca
sndasset,#hash_19244a46a794a73d
sndasset,#hash_442be80dc8fee9df
sndasset,#hash_5fe9feb2b8f3e830
sndasset,#hash_2c5be9f0854308c
sndasset,#hash_1058580fe0be804c
sndasset,#hash_7f1c29ec9801294e
sndasset,#hash_5b071f5590c61b1e
sndasset,#hash_6c6092711358ed51
sndasset,#hash_4298513840912d89
sndasset,#hash_782d436fb44218ff
sndasset,#hash_40f96191db8938f0
sndasset,#hash_5091dfb3d20f457b
sndasset,#hash_71b33d35332b2fe
sndasset,#hash_53fe746ac3f1e809
sndasset,#hash_664af45cddf9aacd
sndasset,#hash_5a88d8a817237757
sndasset,#hash_6846ca5913df2494
sndasset,#hash_666dbfdc743d074d
sndasset,#hash_519bf69877483d23
sndasset,#hash_74cf051263a69cd2
sndasset,#hash_3dddef7adcc1616d
sndasset,#hash_5710013abafb7b9f
sndasset,#hash_269cf6568ad412f9
sndasset,#hash_54ac496ba3bea9ac
sndasset,#hash_5c7b6c548b45e1d2
sndasset,#hash_2e8908ef93118e84
sndasset,#hash_4e85a8e473f86f9e
sndasset,#hash_a6b883c301a3b73
sndasset,#hash_36dbf58351e3fa31
sndasset,#hash_36adeab4f9beee54
sndasset,#hash_3b6f947764a31d72
sndasset,#hash_204a9e5fe5139478
sndasset,#hash_6a4c44729e4eac4e
sndasset,#hash_4c6dcfb55ea1797c
sndasset,#hash_515a90f9f9503c32
sndasset,#hash_3bfd96306ea8de5e
sndasset,#hash_67d60f3cc7064c1c
sndasset,#hash_58a07e7f17286638
sndasset,#hash_26dc90d51d99efdd
sndasset,#hash_4cfd98f2e0157b2
sndasset,#hash_4776bc068fb736e3
sndasset,#hash_59f1bfc21bb8a482
sndasset,#hash_688c99c6cb57c76f
sndasset,#hash_4aaf04783913d9f3
sndasset,#hash_779a0de3ac0c1c9e
sndasset,#hash_50a8c1d533a2ea9f
sndasset,#hash_1a701a2d0249aecc
sndasset,#hash_7d5a882cf79c09d3
sndasset,#hash_475b15c62012bc2f
sndasset,#hash_46264f506e23bd10
sndasset,#hash_61b54277fd68d506
sndasset,#hash_4115be2d7d5d53de
sndasset,#hash_3ceda1de8bb1404
sndasset,#hash_7b923b8686e670bb
sndasset,#hash_5660116e88c51cf4
sndasset,#hash_e7c7907830e205c
sndasset,#hash_7a7782a69f70c1a3
sndasset,#hash_63c2be67eb225131
sndasset,#hash_70058423ffff4eb5
sndasset,#hash_218cc2e855eb5a92
sndasset,#hash_48769b1638563631
sndasset,#hash_5533e3fd496aef67
sndasset,#hash_31af8c17edab517a
sndasset,#hash_1c1266a5608346ed
sndasset,#hash_7071298b3e22f142
sndasset,#hash_6364144cdbdb040d
sndasset,#hash_1fc291363020d0aa
sndasset,#hash_1c7ba0320e848e43
sndasset,#hash_48aca3b5c99dcf3f
sndasset,#hash_4fa38fdbd6af669d
sndasset,#hash_2643f666adaa6626
sndasset,#hash_2e5f62af47f68785
sndasset,#hash_6127ba8c26b1030e
sndasset,#hash_31d5060ac38ad31e
sndasset,#hash_382f3470795b9ae1
sndasset,#hash_1b472913f24fed76
sndasset,#hash_66affad8cbe975aa
sndasset,#hash_11963bce16669f1d
sndasset,#hash_393498506b82d53f
sndasset,#hash_691e679564d88010
sndasset,#hash_66beba791869f76c
sndasset,#hash_20b89f3464bc61c4
sndasset,#hash_78f86095b6ab712e
sndasset,#hash_302b5dae1340877e
sndasset,#hash_4acc80d44a079154
sndasset,#hash_61801b21836dd8e9
sndasset,#hash_484166a4aa36975f
sndasset,#hash_5ded90c8e84783b5
sndasset,#hash_9b3f002a8a1445b
sndasset,#hash_7e5d66abb8c4e85e
sndasset,#hash_af16c4b3cb0bb54
sndasset,#hash_4b9d89b23f3df22d
sndasset,#hash_7b0f34ec92798237
sndasset,#hash_fc985ab803f3e6d
sndasset,#hash_6464f008aa7567ad
sndasset,#hash_5ceeca03ab8ad703
sndasset,#hash_48fb053412d90ecd
sndasset,#hash_750175f8d88fae16
sndasset,#hash_933d5c5a2efc15c
sndasset,#hash_55b3699554e60ba0
sndasset,#hash_1189662ce729632d
sndasset,#hash_7194ab5cb3753bb7
sndasset,#hash_29c766959a05013b
sndasset,#hash_4a66521c7843825c
sndasset,#hash_564f5859d06919fc
sndasset,#hash_7ae81f340bb2ee64
sndasset,#hash_4e9c2f2b0ffaf07d
sndasset,#hash_4565eb54040cb157
sndasset,#hash_2594df84f7900487
sndasset,#hash_4d0f2203983ca3
sndasset,#hash_5963b42cdb60ead5
sndasset,#hash_3a11089490aa3b89
sndasset,#hash_1fd97df00ceeca3e
sndasset,#hash_6b8886f33792a67c
sndasset,#hash_3d262cb386dee498
sndasset,#hash_6ef6a0d050717243
sndasset,#hash_f28bd9d97e1d612
sndasset,#hash_98562c6186adfc3
sndasset,#hash_65b12abd46b50ee2
sndasset,#hash_79e9b6a46052424f
sndasset,#hash_87b8b9ecd1bc453
sndasset,#hash_28443042035e5c41
sndasset,#hash_3578be9c1b4b33ff
sndasset,#hash_25a56a319c163ac
sndasset,#hash_642d6b537b72631a
sndasset,#hash_5d1446111027de8f
sndasset,#hash_6ab02f0610e7bff0
sndasset,#hash_3f3ca52c8027ec75
sndasset,#hash_3570b38d105f383e
sndasset,#hash_4cbc6102c20c6ee4
sndasset,#hash_24029edc2f3337c2
sndasset,#hash_24c5354064f579d4
sndasset,#hash_3411e3b09210d53c
sndasset,#hash_7188e9961007e01a
sndasset,#hash_230baac57491791
sndasset,#hash_7140b428d2cef256
sndasset,#hash_9dce928fc2ceec5
sndasset,#hash_6dbd9a46bb597eb5
sndasset,#hash_7452f65c3ff3692
sndasset,#hash_3794a7a3447e6175
sndasset,#hash_359462fed35e8cda
sndasset,#hash_2e1e738630d7c187
sndasset,#hash_40e8380b8076b97a
sndasset,#hash_6ea103d1201c6d8d
sndasset,#hash_41de5758175a7682
sndasset,#hash_69a7cfbd1971bb9c
sndasset,#hash_7bd1100e17c99266
sndasset,#hash_3aef1302ec80e98b
sndasset,#hash_55a2ed4dbbc2d1b2
sndasset,#hash_635314ef8578f49
sndasset,#hash_31fd4d5ababe2079
sndasset,#hash_4ee6b7e149858e30
sndasset,#hash_209e6f2041d6e497
sndasset,#hash_5a3a4e8783fe77b5
sndasset,#hash_2a008ac401552892
sndasset,#hash_6e175b258d9a4a8
sndasset,#hash_7941af8d17364555
sndasset,#hash_c36de183653d713
sndasset,#hash_2852386696aba177
sndasset,#hash_79eac9c6fad29165
sndasset,#hash_31efd790dadbf4d3
sndasset,#hash_6476d9621bbdac6c
sndasset,#hash_66af87b266c0c222
sndasset,#hash_4b4b84e029a3143a
sndasset,#hash_34f62d046229431d
sndasset,#hash_506c524a9583313c
sndasset,#hash_634be0a118216ba7
sndasset,#hash_5536f324f0cb5110
sndasset,#hash_4a56371b90db378e
sndasset,#hash_609431b6ed4fe38a
sndasset,#hash_2f8e49d21611b729
sndasset,#hash_46e3494a129d31c6
sndasset,#hash_4f560ccb47941480
sndasset,#hash_f91fd0ae94fb15d
sndasset,#hash_33a35c1662f3b3c0
sndasset,#hash_5a5c5b7aafc149d6
sndasset,#hash_203e7547addbe3b0
sndasset,#hash_4263e1d7d8dfe2b1
sndasset,#hash_10b6b7044f82ab43
sndasset,#hash_12d39ace1322231d
sndasset,#hash_4a743f0e837770f5
sndasset,#hash_2ceab09d2cf8a746
sndasset,#hash_428d12757f411964
sndasset,#hash_3ffa71080dd63061
sndasset,#hash_24aabeb31a83cf23
sndasset,#hash_a411a81b5e114f1
sndasset,#hash_3bcc9e36172ba1f1
sndasset,#hash_19f54ede0776a33b
sndasset,#hash_25aa658dc2c13a49
sndasset,#hash_7d2d04669cb680c3
sndasset,#hash_6dffc11cd118fe87
sndasset,#hash_40c983ca6f5c6faf
sndasset,#hash_2ba98c55f7c89542
sndasset,#hash_4f5beffbec7e2c5
sndasset,#hash_6a01418a89429fbc
sndasset,#hash_2bb2cfb301f38eb1
sndasset,#hash_170dbb7266d0f176
sndasset,#hash_1dce09815e4d4a7c
sndasset,#hash_7aee3cabf64de847
sndasset,#hash_78b5c10e50f7b1ba
sndasset,#hash_58c1c22e36da4baf
sndasset,#hash_2dbbbab5f8b3e8c2
sndasset,#hash_4d43f0cde0ba78da
sndasset,#hash_5e8e9221bb43309b
sndasset,#hash_6ee6ac9bd7af9033
sndasset,#hash_364417f844b733d7
sndasset,#hash_235ea05cd07360fb
sndasset,#hash_24b08d7336ee265a
sndasset,#hash_2277e7aed5713423
sndasset,#hash_50d08d8f0e4e53f3
sndasset,#hash_eb5117746451054
sndasset,#hash_1683987fa638d2e2
sndasset,#hash_7e54acea6acd4a8b
sndasset,#hash_279b3f99c5e89f95
sndasset,#hash_f7a3779d5b52cde
sndasset,#hash_6ab3dfdbd1bbd162
sndasset,#hash_77aa848e7e20c165
sndasset,#hash_17514ca94579c28a
sndasset,#hash_865f8b8aceae977
sndasset,#hash_e6192679d860eca
sndasset,#hash_13a13cd6952b4b9d
sndasset,#hash_3a7d854d6192d352
sndasset,#hash_17bd32b58f381a2c
sndasset,#hash_7a699ffa4949dbd6
sndasset,#hash_9c3b85db48a761b
sndasset,#hash_4cd6707bd34a46a2
sndasset,#hash_3ec004915aebab9
sndasset,#hash_19b487a280c742c9
sndasset,#hash_71735fbc7844e460
sndasset,#hash_1d25f7fee5f557c7
sndasset,#hash_25bfb0bcc074db05
sndasset,#hash_10b18a4e065fe02
sndasset,#hash_3833298dcd7e31f8
sndasset,#hash_323af5f4b85d5525
sndasset,#hash_549bba6037508e63
sndasset,#hash_7390ca0c5a58e267
sndasset,#hash_7833536a76442cd5
sndasset,#hash_1c097dec9d813f83
sndasset,#hash_13799de658f33a7c
sndasset,#hash_52e511c14a255432
sndasset,#hash_1a6dd258853829ca
sndasset,#hash_15ab2835f0dc0cd
sndasset,#hash_6c73acf9da9ddc0c
sndasset,#hash_1c8c82ea720af557
sndasset,#hash_2c7118c7a550d720
sndasset,#hash_59b142926fa9a2be
sndasset,#hash_4379f5077de17ffa
sndasset,#hash_581fe2546ee3cb39
sndasset,#hash_668ab83d1b2635f6
sndasset,#hash_2199c5362526c6b0
sndasset,#hash_37621c9a64924d2d
sndasset,#hash_5e3a6beed4b2da90
sndasset,#hash_421d170058ddc866
sndasset,#hash_2d1f0b18630ffa80
sndasset,#hash_5a694a26ab8d2ae1
sndasset,#hash_1c8000f9ed317373
sndasset,#hash_6033fa387e75cd4d
sndasset,#hash_20cfdbe426a79065
sndasset,#hash_26d10e8009fa7956
sndasset,#hash_46c97dc84e30b0f4
sndasset,#hash_3f3ca6d32a09571
sndasset,#hash_7f98f5c11dcfe033
sndasset,#hash_1ea16f5767af7a81
sndasset,#hash_b2aab0adb515c01
sndasset,#hash_1e660e7f0ea3438b
sndasset,#hash_50c06c461303fd59
sndasset,#hash_1b658475e7b1a33
sndasset,#hash_5cecbc23351ed8f8
sndasset,#hash_153e63ce2b8ba7df
sndasset,#hash_6f7ed0caa5ffb012
sndasset,#hash_77668d37eeee0a86
sndasset,#hash_132ad3a7971bcd4c
sndasset,#hash_c05d03518b6e3e1
sndasset,#hash_1a1d9d70e0542f86
sndasset,#hash_4ae91e309dc946ac
sndasset,#hash_4b02c3cb57417f97
sndasset,#hash_7b665638c06c7a2a
sndasset,#hash_65c2c105c7ff255f
sndasset,#hash_24e973635a13adf2
sndasset,#hash_3d03350a1860c52a
sndasset,#hash_1b327e5a068308eb
sndasset,#hash_285bd8eb685e2ac3
sndasset,#hash_1ce61b2c1a9f1467
sndasset,#hash_39f1dec28818128b
sndasset,#hash_5be214fb0f6ec6aa
sndasset,#hash_3ddffb7357056e33
sndasset,#hash_6279d6fcfa77ae83
sndasset,#hash_3a1b2ac6f4005ba4
sndasset,#hash_5dcbabd58160e452
sndasset,#hash_382a0442a3f0f253
sndasset,#hash_371353c3ea9112c
sndasset,#hash_1db9b1dd49631267
sndasset,#hash_59e40a828538a29b
sndasset,#hash_507b346cd1b9ba7c
sndasset,#hash_63e215bb8a1b39bc
sndasset,#hash_4eaa7ee6911eec51
sndasset,#hash_2fef79af96da4bfa
sndasset,#hash_300e8fa055902a2e
sndasset,#hash_7f4a16e65177e1c9
sndasset,#hash_5f83db7ab5c66f29
sndasset,#hash_3bc45b8bdf4d35fc
sndasset,#hash_262bd6529f6b3517
sndasset,#hash_1ae08a337d2b940b
sndasset,#hash_6d7904440c8ec6ec
sndasset,#hash_54d2c0b05f360e6c
sndasset,#hash_f19beac4cee3201
sndasset,#hash_27f166dfb69ef82f
sndasset,#hash_155d3a5d3c7d8e1e
sndasset,#hash_1cdaae85ac80a2f9
sndasset,#hash_9065515e4852a9e
sndasset,#hash_49e7b155471aeeef
sndasset,#hash_6f69c83a65b5b958
sndasset,#hash_31a02f569fd17534
sndasset,#hash_1c5c15224b5e0797
sndasset,#hash_3b9a5678fd8be03f
sndasset,#hash_7720852b5efbcdae
sndasset,#hash_2335a7d358bbfd29
sndasset,#hash_301fa44e4c0007b5
sndasset,#hash_3d978889ef548d6c
sndasset,#hash_7e6086303572d14e
sndasset,#hash_4ccb387c853f21f7
sndasset,#hash_9488b3626467c40
sndasset,#hash_6a9f1774f007901c
sndasset,#hash_2b8d8a752068048f
sndasset,#hash_55147449ccdbfb07
sndasset,#hash_6bbb5474ad72106
sndasset,#hash_7fc741bedecff8d6
sndasset,#hash_79002dd8f232574d
sndasset,#hash_4efca8e761829624
sndasset,#hash_59f576fd40117de
sndasset,#hash_71f81e4728c47035
sndasset,#hash_1576e1a289a2c4b7
sndasset,#hash_33a4dce160385082
sndasset,#hash_280421216eeafbe9
sndasset,#hash_19f5553461583c4b
sndasset,#hash_19e0c7797691ed6f
sndasset,#hash_6a4d2c35fd1ef4fa
sndasset,#hash_f78722506d388f0
sndasset,#hash_4a6efe64e6e36d6b
sndasset,#hash_264b0ad044c44e76
sndasset,#hash_3345fb6c653c0fec
sndasset,#hash_3d5b176955fe738d
sndasset,#hash_13a9b98fb3d44e44
sndasset,#hash_4a4323a54d8c4fb3
sndasset,#hash_60be9a23aca10c9d
sndasset,#hash_2131ed34815a59f7
sndasset,#hash_1ecc316ae2131188
sndasset,#hash_75bc8ec70fa17fba
sndasset,#hash_4cffacda61b25b72
sndasset,#hash_54ad759d5a8e013c
sndasset,#hash_39d4d5736ad98e13
sndasset,#hash_b733371d09f88d5
sndasset,#hash_44ef16133f11907f
sndasset,#hash_5f1a91c8ea28e03d
sndasset,#hash_644e26543ce87874
sndasset,#hash_5e6f2609d1166923
sndasset,#hash_57cd09a738906575
sndasset,#hash_771e6d52069661ed
sndasset,#hash_33a1b6d7eadc4b38
sndasset,#hash_2abde5849e66dc70
sndasset,#hash_77ab66bb0d357d10
sndasset,#hash_63d76aeb0eaf3949
sndasset,#hash_662b4269267da343
sndasset,#hash_6529c1c81410c805
sndasset,#hash_6e5d1f927a390e6f
sndasset,#hash_682d1c6963578570
sndasset,#hash_6d5687444340d46d
sndasset,#hash_160d49a490481174
sndasset,#hash_333483c378d14914
sndasset,#hash_9bd14f8d65ead20
sndasset,#hash_6e81a2c9fd52ae99
sndasset,#hash_42ffb03e16a8fb9
sndasset,#hash_5641587e104e6e1
sndasset,#hash_19e3485f3e6fb1ed
sndasset,#hash_2ef35135d60e4a00
sndasset,#hash_b4ed7d6f0426c6e
sndasset,#hash_4556349c5d1d7c32
sndasset,#hash_77931cec2fc8fcb8
sndasset,#hash_925479f0e4ac75
sndasset,#hash_6df084969347281c
sndasset,#hash_865e65bf697079a
sndasset,#hash_405a017c3e1ed8ac
sndasset,#hash_7c72f056cad09981
sndasset,#hash_7ef00231d1d374c3
sndasset,#hash_720b9c74e9c8653
sndasset,#hash_3c48fe75706ed066
sndasset,#hash_3ec6b55a40da25e8
sndasset,#hash_7673254fe5969536
sndasset,#hash_32dd59a938681ba
sndasset,#hash_36db8bc4fc47ea80
sndasset,#hash_6af0d544022bd775
sndasset,#hash_427102d0c3771b9a
sndasset,#hash_38629436c7ea459c
sndasset,#hash_76f766f7de627ad9
sndasset,#hash_5e5c723008be36e
sndasset,#hash_ce9c0be75c82c0f
sndasset,#hash_795f335e318dea4a
sndasset,#hash_608ba9f6d900330d
sndasset,#hash_412db1264ba4255b
sndasset,#hash_5841a97393112b5e
sndasset,#hash_31291ade02b8e9f0
sndasset,#hash_7e5bc0cfebb85228
sndasset,#hash_62f88aab3b863fe2
sndasset,#hash_e052ba548b4fafc
sndasset,#hash_15fbe854490b7298
sndasset,#hash_3c3a143552f8f332
sndasset,#hash_66796236cbc242cc
sndasset,#hash_197767a85514d7e3
sndasset,#hash_61d0bc8660a606cd
sndasset,#hash_6461f581d0952739
sndasset,#hash_1122f4603275e01f
sndasset,#hash_16255c0a154f1a9b
sndasset,#hash_9a0512a7101ca25
sndasset,#hash_34d3245018f8adc7
sndasset,#hash_71b3ea6ccac76e1e
sndasset,#hash_327a9cc4788e2223
sndasset,#hash_1d48ce2810d71af7
sndasset,#hash_3021d2387d1cf793
sndasset,#hash_729e595153d943ce
sndasset,#hash_3ddc58f4bbc14ff2
sndasset,#hash_3efe0e1c110677cd
sndasset,#hash_59170bfd64be8b2c
sndasset,#hash_65f05b773776a13d
sndasset,#hash_19d7551fcd68811f
sndasset,#hash_3e81ecbfbb63db4d
sndasset,#hash_491802c35b2b84eb
sndasset,#hash_3dd597386f3ecef3
sndasset,#hash_6888a99df10ce129
sndasset,#hash_21feff0c6320bbdc
sndasset,#hash_cb980736662a7a4
sndasset,#hash_7aff4843d800906c
sndasset,#hash_555c061697fe6aba
sndasset,#hash_e03c0037c83479d
sndasset,#hash_12e8dfc35db19c7a
sndasset,#hash_437241cff5a065e2
sndasset,#hash_6da564bc157b4c3f
sndasset,#hash_2c24c3e87f1f4327
sndasset,#hash_4eba23a29731ab75
sndasset,#hash_15adf980da52676d
sndasset,#hash_2d3a0be42e50c95e
sndasset,#hash_1de2df0f54d6f6df
sndasset,#hash_5bbbd9e11351c203
sndasset,#hash_67b0441ecacf23d5
sndasset,#hash_77f216fca09ce6b9
sndasset,#hash_7b57682d3b89f6ff
sndasset,#hash_e9b14beccdfde00
sndasset,#hash_66dba5599bf501ce
sndasset,#hash_14a7e6321a8a9d48
sndasset,#hash_58684fbaa519ece3
sndasset,#hash_7938a9dd773b4f29
sndasset,#hash_4fc528c1e62ef439
sndasset,#hash_17bf6450c36a139e
sndasset,#hash_100de4fc45dd076
sndasset,#hash_4d8b82d153edaa11
sndasset,#hash_2098f5d4e70d8598
sndasset,#hash_719075946d92d8fa
sndasset,#hash_3ce46fbcb69a7a13
sndasset,#hash_6e1329b711690159
sndasset,#hash_42fa9ee6e5b8a7d5
sndasset,#hash_29683facda4900c3
sndasset,#hash_7a602a3998ad753b
sndasset,#hash_78f73b417422df24
sndasset,#hash_787a194a16610b4f
sndasset,#hash_779313226bfb0b6
sndasset,#hash_f79d9296ed0c0b2
sndasset,#hash_66d9d9257c0df2b2
sndasset,#hash_57991fa9c1600d41
sndasset,#hash_2e872dc1fcd071d8
sndasset,#hash_3393e925b16de1c2
sndasset,#hash_4aafd13915cbd2d8
sndasset,#hash_75a1bd40110697eb
sndasset,#hash_2dca2bf16fa36b59
sndasset,#hash_2b326cde2bb41a78
sndasset,#hash_21b604d2f2b76873
sndasset,#hash_2a82c4c1f60f563e
sndasset,#hash_3f6185c60502e792
sndasset,#hash_6253bb73fcd2b0ea
sndasset,#hash_63ca4cc6a63515eb
sndasset,#hash_797236163792e7b3
sndasset,#hash_9c1ffb1cb45e4b4
sndasset,#hash_17b6a6ee737cf011
sndasset,#hash_1fee55dadc9ebe7c
sndasset,#hash_302d72e0e27af026
sndasset,#hash_7c0a1496709a8034
sndasset,#hash_67324a5b513a0bb7
sndasset,#hash_518320cae8f92684
sndasset,#hash_5b4c3f2303d89d27
sndasset,#hash_6f75ffac00323091
sndasset,#hash_38e17557b2c01f67
sndasset,#hash_3e1f7fe61c7f65e
sndasset,#hash_73e2f3d15772e4af
sndasset,#hash_3e5831fdb1abc0ab
sndasset,#hash_3784c96477b31676
sndasset,#hash_775207b25f63361f
sndasset,#hash_216bcfd333b1fe1
sndasset,#hash_73c7f61eabe42a2b
sndasset,#hash_1ca0295aa8a833e
sndasset,#hash_61799a5f68ae9b54
sndasset,#hash_411c4e71fab9be95
sndasset,#hash_2ce9b8a14e1d98df
sndasset,#hash_7d2ae69c9208e12a
sndasset,#hash_798412190c16a698
sndasset,#hash_213b29d34f2487f9
sndasset,#hash_44823c9ab9b4173a
sndasset,#hash_6e3fcbea087f7cd9
sndasset,#hash_7ee3ebbcffa3c340
sndasset,#hash_1f6b5a40e65d7192
sndasset,#hash_3490d0089eebcf3d
sndasset,#hash_55a3952858aa91e4
sndasset,#hash_e221273fc02bbaa
sndasset,#hash_7fd399e8d7952a03
sndasset,#hash_7500023f59704e42
sndasset,#hash_14f3f9b59fd77234
sndasset,#hash_5f1feccd9e4b53a2
sndasset,#hash_1305add7a70d1eb9
sndasset,#hash_1420f1ad5cad3a07
sndasset,#hash_6ed8a385241ee38
sndasset,#hash_26a3678e0decdc13
sndasset,#hash_2b8c758367bf9f00
sndasset,#hash_38159d91fe523077
sndasset,#hash_1f96540621187fc8
sndasset,#hash_d1bb5d70d14c4c6
sndasset,#hash_1ef68aa43f61a76f
sndasset,#hash_5d25208032784d79
sndasset,#hash_4817af03dcf7e754
sndasset,#hash_4eff6b2d95fe2a5b
sndasset,#hash_53312a6ccf6b62bb
sndasset,#hash_41c99205db852643
sndasset,#hash_1f429eca2d581936
sndasset,#hash_6e6b3f67aeddf241
sndasset,#hash_21183f6cd6a95b19
sndasset,#hash_5adfcedd7f3e569
sndasset,#hash_236cbee85813929e
sndasset,#hash_424c6d55ade3d82b
sndasset,#hash_14e60edf63713d2e
sndasset,#hash_c0bfc60d8f38b8e
sndasset,#hash_1c133d7c804d6cc2
sndasset,#hash_de6fb7db81f37fd
sndasset,#hash_37d2c82473395197
sndasset,#hash_79528397180f6c89
sndasset,#hash_2e9f8a8c17e731e5
sndasset,#hash_3b534ff1cc29e9cb
sndasset,#hash_26e63446bbe45458
sndasset,#hash_b3a5d983fe8a7b2
sndasset,#hash_78e76d3957b077f8
sndasset,#hash_252dc3ca8c29e0f4
sndasset,#hash_66e7b4d95f951b45
sndasset,#hash_618a33e2bdfae774
sndasset,#hash_63a56add6f8c568d
sndasset,#hash_5aa42afdb8c2a9
sndasset,#hash_94cae045b9b1fd3
sndasset,#hash_7f3897de0fb4fcb6
sndasset,#hash_1dc8ef06db8ab2fc
sndasset,#hash_733980f112c51afd
sndasset,#hash_6a93120985341a67
sndasset,#hash_19b4d5402eeafe2
sndasset,#hash_33d1f842022b68d0
sndasset,#hash_56dee6d34ff1a981
sndasset,#hash_662a1e3f0a7df592
sndasset,#hash_449f3d1fe31552e1
sndasset,#hash_1e9c92ff2488fba8
sndasset,#hash_2abd4fce5c71186a
sndasset,#hash_449b7f103a4b6255
sndasset,#hash_3842939f8820e90c
sndasset,#hash_51999b11ebde7972
sndasset,#hash_4c45a16bdffe100b
sndasset,#hash_5340f82dd173a94a
sndasset,#hash_118fce3c61494d8c
sndasset,#hash_157b288eb4107eca
sndasset,#hash_685035069f6d5711
sndasset,#hash_1617e79221c8ebf
sndasset,#hash_360e303d4dec5270
sndasset,#hash_dd5bd7448020acb
sndasset,#hash_76fc84081e950d28
sndasset,#hash_2a02a3111200856f
sndasset,#hash_272bced565ea06d0
sndasset,#hash_6f8ee4284009e50e
sndasset,#hash_6b780af0d04d5f57
sndasset,#hash_53e2a185302ff2d1
sndasset,#hash_1f66836e3a674ebc
sndasset,#hash_855c083a7706723
sndasset,#hash_7e32f24510a66ef3
sndasset,#hash_6ddddb68d8db906b
sndasset,#hash_11956ae1ac0a3d9e
sndasset,#hash_7bd6b5f311671db9
sndasset,#hash_13ab627f20117c81
sndasset,#hash_52c6bca5c5050c21
sndasset,#hash_2c2435e61abed376
sndasset,#hash_7198de2a0e49cd03
sndasset,#hash_42a5f250dd57f7a6
sndasset,#hash_2443e810da8a8aa6
sndasset,#hash_32160795d04e95ca
sndasset,#hash_14d32a636ef08185
sndasset,#hash_56486bf9a5e04a6f
sndasset,#hash_1542c5a55aad6f51
sndasset,#hash_281cff0e4a17e18d
sndasset,#hash_17b0645f201cd943
sndasset,#hash_6a9b313accc8b4e0
sndasset,#hash_6143605fc166305a
sndasset,#hash_7f0a4149293d9f00
sndasset,#hash_27ca80e692337f1c
sndasset,#hash_24eed8433447be4d
sndasset,#hash_249e4c7a54938a0c
sndasset,#hash_de88e71ca03a6e5
sndasset,#hash_1606832c8c81825f
sndasset,#hash_176297cea116b6a5
sndasset,#hash_14ebe6a4456f0e6c
sndasset,#hash_1c419df46a57953e
sndasset,#hash_21a8f96be74968b3
sndasset,#hash_3ecd77b9bda3055
sndasset,#hash_5434cff1254050c0
sndasset,#hash_d2742ffd6732242
sndasset,#hash_748501d21f5c4dcb
sndasset,#hash_6271ff9c6ad1ad9c
sndasset,#hash_11abeafe6109f467
sndasset,#hash_6a18466dc82c6562
sndasset,#hash_172f0ecd8304315c
sndasset,#hash_310f58b3ff8efb23
sndasset,#hash_6422299e4afee1aa
sndasset,#hash_1868dd4fe9cc767c
sndasset,#hash_5555ae4d5fec42d
sndasset,#hash_382e335d0f5f49d4
sndasset,#hash_bc53d298f955b56
sndasset,#hash_51441ab3b1912f4c
sndasset,#hash_71819e301179521b
sndasset,#hash_52610ab9ddcf6cc1
sndasset,#hash_3cd955f21285404e
sndasset,#hash_5c3b89eadfb2838d
sndasset,#hash_4022d53ac9f1bcc6
sndasset,#hash_2e9b80f1a3265b1
sndasset,#hash_5d4297ba65227f2e
sndasset,#hash_2d21d28f3b4754e0
sndasset,#hash_54714a50b2475fe1
sndasset,#hash_4d1e38091b4b1743
sndasset,#hash_6b96bb1b2230ef12
sndasset,#hash_35304fea73275a21
sndasset,#hash_62eb78fd6af5329
sndasset,#hash_5c5c7594d9268cbd
sndasset,#hash_49d07838c9bf3940
sndasset,#hash_18f4635c064079af
sndasset,#hash_76f598d447f443b3
sndasset,#hash_101ece437cb3ae63
sndasset,#hash_691f2cb4b137d0b4
sndasset,#hash_2846cde89a089341
sndasset,#hash_aff615ce2ab68e8
sndasset,#hash_297c8528f01b1324
sndasset,#hash_7e55544fa6e99e4c
sndasset,#hash_11d1ef0ee7e41143
sndasset,#hash_6025badcc3b2f371
sndasset,#hash_4aa07a056f5691d3
sndasset,#hash_5f6dbb1509ba7a9f
sndasset,#hash_604ce07113b5df5
sndasset,#hash_5af9f76b80bf6cd2
sndasset,#hash_5027e0c0757a5044
sndasset,#hash_2da39f89253d5dae
sndasset,#hash_78fed810a2e2839a
sndasset,#hash_6f7afac354e30ee3
sndasset,#hash_7b703d75f9e98966
sndasset,#hash_6a2d78e3415d4c67
sndasset,#hash_353bc4550a27eab6
sndasset,#hash_7e952d60f446751a
sndasset,#hash_7b3d6a84c7db02b5
sndasset,#hash_16973b334db8fb99
sndasset,#hash_5c18c2de93f93f0c
sndasset,#hash_75a25affa94f7e3c
sndasset,#hash_1ff37dc11d9c0511
sndasset,#hash_6a58251b6e359317
sndasset,#hash_2633bbf70702bb38
sndasset,#hash_4ca5de7b8c976671
sndasset,#hash_53d2b4a58454c330
sndasset,#hash_68427eaad99e6991
sndasset,#hash_315369293f62f17f
sndasset,#hash_5b92f10e1c8889c4
sndasset,#hash_6d98b95c4ac51bf9
sndasset,#hash_1b23bce7ebb31017
sndasset,#hash_6cc981d635878e24
sndasset,#hash_3e40cdbf98890925
sndasset,#hash_248d5611145fe2bd
sndasset,#hash_5e9e3f28dcc9e3f9
sndasset,#hash_3928aaad992302f6
sndasset,#hash_5ba15b409ef06832
sndasset,#hash_3286010f0a9ad949
sndasset,#hash_2db326e13e6be60c
sndasset,#hash_4c00f1092b2bec93
sndasset,#hash_62cba28b37496df4
sndasset,#hash_65b26c5371fa21bf
sndasset,#hash_28a12cdd29c2c8bd
sndasset,#hash_3ec17247c06e0684
sndasset,#hash_4497cb7d91cb27e
sndasset,#hash_39057afc143e6b53
sndasset,#hash_1561d7254cd7ad5a
sndasset,#hash_35624dfd418e5c82
sndasset,#hash_5caee4e0225667e8
sndasset,#hash_62cbf61c07f1a657
sndasset,#hash_4dd3c419131ed5c
sndasset,#hash_71098e699235b73a
sndasset,#hash_6ad15734fe6f13e2
sndasset,#hash_7d8c529c1e04f6b5
sndasset,#hash_fbd6f4ccc20ea3a
sndasset,#hash_5e50fea27d195f89
sndasset,#hash_7fe6422d54e649d5
sndasset,#hash_2a2e330a630922c7
sndasset,#hash_34fa2d10e8b4cbce
sndasset,#hash_756901781b38d912
sndasset,#hash_906d8d4626549aa
sndasset,#hash_3335650b747e757e
sndasset,#hash_4b998c0b5bd4442c
sndasset,#hash_32bff96abe5954ad
sndasset,#hash_347eac68b859f653
sndasset,#hash_3f6bb11915ffecb3
sndasset,#hash_35dacb556880e17d
sndasset,#hash_120b50f4a3f7bce2
sndasset,#hash_433b293d5dea98b
sndasset,#hash_4347c41472e7ef56
sndasset,#hash_552ce1191909f5ee
sndasset,#hash_358c02d920208ad2
sndasset,#hash_605d20fad9cffdbd
sndasset,#hash_7cebaee22fc33171
sndasset,#hash_750daef50dad1184
sndasset,#hash_3fbdd996b6b195f4
sndasset,#hash_4fb8026849f7fc99
sndasset,#hash_e711c59ebfcddff
sndasset,#hash_5617769c1bea9bf0
sndasset,#hash_506f48dd19684a79
sndasset,#hash_77c961ba1ca28ba8
sndasset,#hash_37641952655bc229
sndasset,#hash_429f823b97d3ea7
sndasset,#hash_4e9e86d6e12dadac
sndasset,#hash_7c65986e93e53591
sndasset,#hash_3678101d25e0810f
sndasset,#hash_39a328b23b32781c
sndasset,#hash_e82b28e06d17d
sndasset,#hash_291b9334b7180c5
sndasset,#hash_4431261bc24bdd31
sndasset,#hash_670778c9dd39401e
sndasset,#hash_2939448115363a3a
sndasset,#hash_76a10d3a92baaed1
sndasset,#hash_1be65ed071b9f634
sndasset,#hash_5581470d868568b
sndasset,#hash_12e7b140d7a7579c
sndasset,#hash_4c7592ca3e7b5297
sndasset,#hash_6642fc71ab65ee55
sndasset,#hash_6fe9dd2c95660ddc
sndasset,#hash_16e84ad821c22886
sndasset,#hash_31538861fc787cb
sndasset,#hash_6c2d5f5acaa6f4f2
sndasset,#hash_4aaf03cd991cecca
sndasset,#hash_4f27d87b769869c0
sndasset,#hash_195ba4af4f9e5a0f
sndasset,#hash_4d596b470f5bc224
sndasset,#hash_5da8eb4fcacb6272
sndasset,#hash_683e91f749f5ff0a
sndasset,#hash_4c58e5703ccfbffd
sndasset,#hash_23f89387a2665642
sndasset,#hash_36194e77b6c82f11
sndasset,#hash_307cec492f71fabd
sndasset,#hash_34e8d7d708e02dbf
sndasset,#hash_341843f25bda9ae6
sndasset,#hash_544c6cc58dd4eda
sndasset,#hash_610fcc5ba2b7eaa2
sndasset,#hash_65473c7d0b93c9b6
sndasset,#hash_54755afd1dd935f4
sndasset,#hash_2a0c5fcc569e5da5
sndasset,#hash_423845b9ae943eb
sndasset,#hash_383bdc082eb18c2b
sndasset,#hash_45b44b73b00483b5
sndasset,#hash_1dcff6eacb8fccfa
sndasset,#hash_53a65e6c8d05dff3
sndasset,#hash_56097c04cdf2997e
sndasset,#hash_50a47fcc77accae5
sndasset,#hash_5ba7ae1e92fec28d
sndasset,#hash_5fb47efd64b90644
sndasset,#hash_3ce046a81360c6f1
sndasset,#hash_1c00087892cd94d7
sndasset,#hash_2ab5c06020208996
sndasset,#hash_4b109fb268ac8b97
sndasset,#hash_74b5089f15888bfe
sndasset,#hash_1cf66c9bfb1913a3
sndasset,#hash_389071b9b61e60b7
sndasset,#hash_3d5a7049e6c5a7a8
sndasset,#hash_5376e4dfeae7ef58
sndasset,#hash_303e78657aa11f12
sndasset,#hash_56bd6ad60db2bbbb
sndasset,#hash_2263eacfaf012f3b
sndasset,#hash_37ce65c24000b3d9
sndasset,#hash_3d1c5e2ec7dcede5
sndasset,#hash_7dbdd9614a45a58b
sndasset,#hash_62eb1c9f2b637f44
sndasset,#hash_46497835b16deecf
sndasset,#hash_678167b02c40cf8
sndasset,#hash_3a3ff751b1c4a8a5
sndasset,#hash_258f934843f960d3
sndasset,#hash_7e0f09fd89bcf1eb
sndasset,#hash_517f32348108842c
sndasset,#hash_119e783c38609780
sndasset,#hash_2127633871e8831a
sndasset,#hash_387c746115048682
sndasset,#hash_7a9275dee71eb7c8
sndasset,#hash_38738f5f0e4bf00f
sndasset,#hash_7a5a73d084406468
sndasset,#hash_78710618aaf88a5c
sndasset,#hash_cbf2fd470e75d66
sndasset,#hash_556876be4bc88490
sndasset,#hash_1496e2747c0575e5
sndasset,#hash_4c18c48113e89bf5
sndasset,#hash_30e6085e113fab52
sndasset,#hash_4524a7c6e7ebdad8
sndasset,#hash_5883b30b3eab8dd8
sndasset,#hash_7d0c614fa3141aca
sndasset,#hash_63b13630ef9f261c
sndasset,#hash_10145a031f3408ee
sndasset,#hash_a7ba958f111cc4a
sndasset,#hash_38612ae9d983852b
sndasset,#hash_319f72f807299d9e
sndasset,#hash_14b988d3a74d1219
sndasset,#hash_21169a8ffbf1a186
sndasset,#hash_428b675d223b6d41
sndasset,#hash_6953c9c88e1bb4d5
sndasset,#hash_3280323317ff093c
sndasset,#hash_6dafa8855497ffde
sndasset,#hash_4bb48719cb3c6f0d
sndasset,#hash_1cc307feb312de10
sndasset,#hash_75c4850da7c9ab55
sndasset,#hash_57990293098a10d6
sndasset,#hash_4206ea9da123be5f
sndasset,#hash_499bba45df4138ce
sndasset,#hash_4d50c8f7e7d0471
sndasset,#hash_54e79756133dbdea
sndasset,#hash_1a29ef18081721a4
sndasset,#hash_2e5c99615dbdc70e
sndasset,#hash_1cb1146ae350fe5
sndasset,#hash_431a111b10535cd1
sndasset,#hash_46496381394d08b
sndasset,#hash_45574ef8cdb96fe2
sndasset,#hash_29dc7bfaf611558a
sndasset,#hash_59706f9a797832ba
sndasset,#hash_df16d21f475270c
sndasset,#hash_17123825b91349a
sndasset,#hash_313d93d50880dba
sndasset,#hash_75a11115f8cfd689
sndasset,#hash_da750c2d864cccc
sndasset,#hash_3bd329159f4fb9cc
sndasset,#hash_18352dcfa78f428c
sndasset,#hash_ca782710e7ab6c4
sndasset,#hash_7096f43b099101a
sndasset,#hash_3f1a8e4ae4587b5
sndasset,#hash_6fab0b30e29dc013
sndasset,#hash_b136541013b270f
sndasset,#hash_27dfe891b711f423
sndasset,#hash_28a5d48abd1af59e
sndasset,#hash_52b7494b6e8ac493
sndasset,#hash_e61d8ad1e5ec71c
sndasset,#hash_683944272945ac9b
sndasset,#hash_3d475255bc8512bf
sndasset,#hash_233af8c14bfd7ecd
sndasset,#hash_409c1e849c1740c3
sndasset,#hash_545bbe18a0b3d161
sndasset,#hash_293aadc692ba3a7
sndasset,#hash_5b75b93ba475fea6
sndasset,#hash_19c362c9df615d71
sndasset,#hash_39d0ab80e474b0f5
sndasset,#hash_1b1c018766954c33
sndasset,#hash_75f8a5589e12627
sndasset,#hash_60eb9941f54660
sndasset,#hash_792001d45f80b219
sndasset,#hash_4be78b09d4878e42
sndasset,#hash_5fdf5b6e7b7c528b
sndasset,#hash_5140776dd2ef50b
sndasset,#hash_5848c178a92efec9
sndasset,#hash_162c707fc6e92195
sndasset,#hash_2db9d0474ec21d17
sndasset,#hash_34ec48b20353634
sndasset,#hash_732423cd5b833df
sndasset,#hash_4226aa61e0d02828
sndasset,#hash_414a2381f7bc0a31
sndasset,#hash_7f91da8f16b3b423
sndasset,#hash_d78b8c791bd873b
sndasset,#hash_2f5dbbd47121ae1c
sndasset,#hash_4fd03756b3952c8a
sndasset,#hash_77cf3c6997121e8b
sndasset,#hash_7da70eb156499614
sndasset,#hash_28f76545c329f278
sndasset,#hash_347cf254e8308530
sndasset,#hash_6e5a87ce4469a718
sndasset,#hash_5af184f77c32824b
sndasset,#hash_718a2fa837a9f88c
sndasset,#hash_6969db2676d161c7
sndasset,#hash_223e1b17dec13e22
sndasset,#hash_b09e32354fa24e5
sndasset,#hash_41339a7f0fd6ea62
sndasset,#hash_6bdaa5133b9a1fec
sndasset,#hash_297ad73f194be43c
sndasset,#hash_1c9d571de1c287e4
sndasset,#hash_4bd33c4a84553360
sndasset,#hash_1fa8c3830b47c4f9
sndasset,#hash_2c442ff65895a5a
sndasset,#hash_3f4d911067bb805b
sndasset,#hash_720deb3b9b17816e
sndasset,#hash_d821fc5807a8849
sndasset,#hash_38e40dc2ce0b6876
sndasset,#hash_10db7248b87eaf1
sndasset,#hash_67c9de59f7fbda65
sndasset,#hash_7b3d1f3e2856a7ac
sndasset,#hash_dd0cc5e69f6220e
sndasset,#hash_675522730526ef9d
sndasset,#hash_70dfa36c5a900f40
sndasset,#hash_115d9714e3601485
sndasset,#hash_727b607ee2766b06
sndasset,#hash_405c7fd13936914f
sndasset,#hash_99240c3c84e08fe
sndasset,#hash_45963a688fcb5852
sndasset,#hash_58821fa7373ffc5e
sndasset,#hash_17bb668fffd776f8
sndasset,#hash_24d4868f416c426
sndasset,#hash_6e9cad53d28099f3
sndasset,#hash_5bc5e25ed3c55d0f
sndasset,#hash_39e83147a25a78cd
sndasset,#hash_d847b69970fda97
sndasset,#hash_28b23e9ae6f1e5da
sndasset,#hash_6aa55d851309f978
sndasset,#hash_6deb71bd3a8118f5
sndasset,#hash_db7b20b4d5e2cca
sndasset,#hash_6db5cf501207cd2a
sndasset,#hash_1310842d5d8c198
sndasset,#hash_28d4dfa4e541abdc
sndasset,#hash_441653fa70b7e7fc
sndasset,#hash_39965b232391de61
sndasset,#hash_71632bd3948f3279
sndasset,#hash_382cd596f2c2c46a
sndasset,#hash_550931bebcaf3be3
sndasset,#hash_10fbcabc9911ca2a
sndasset,#hash_2e4098cd74f793bf
sndasset,#hash_649ccf039a6d2e40
sndasset,#hash_694485c4b66d98c0
sndasset,#hash_3ce04fc3cd616963
sndasset,#hash_90d991596f812d1
sndasset,#hash_192d821f627d080c
sndasset,#hash_5a36bac683adea59
sndasset,#hash_2f4e3d6f76c82e64
sndasset,#hash_38794b77265dd3a4
sndasset,#hash_5dacb1872555614
sndasset,#hash_10a088732b0f50a6
sndasset,#hash_46ef257574e79d90
sndasset,#hash_2f539d30de0ff34e
sndasset,#hash_55141c0c23a40db2
sndasset,#hash_103adbdcee76fbf0
sndasset,#hash_181149baee036648
sndasset,#hash_2288735c20f146ef
sndasset,#hash_2c1a25922c72d096
sndasset,#hash_5f31c44eb065c875
sndasset,#hash_4637d33b8eb86d0c
sndasset,#hash_5a2cd21539806ba4
sndasset,#hash_6723cac01056df4a
sndasset,#hash_52ccc35af2230378
sndasset,#hash_746b610e0557d262
sndasset,#hash_1018b723dbfdd55
sndasset,#hash_68b7390935596128
sndasset,#hash_45c4f3c505234947
sndasset,#hash_193999eb214daa7c
sndasset,#hash_4a9039612ce157d4
sndasset,#hash_4203be7021fa9f8f
sndasset,#hash_6126329e7d0628d7
sndasset,#hash_60c3324e0e2e3d95
sndasset,#hash_633cf0b3d3178ff4
sndasset,#hash_2ae0743e29ce2d07
sndasset,#hash_add2ae997940c35
sndasset,#hash_7dcc129b77fc1d40
sndasset,#hash_1d45f730f4376e6b
sndasset,#hash_5838e22cb194d19f
sndasset,#hash_420cae95b17ae1bf
sndasset,#hash_53d24dbe99485019
sndasset,#hash_794c8687a4821a53
sndasset,#hash_1c2bb39406c2f86a
sndasset,#hash_7b88b1a799b1eb65
sndasset,#hash_16926d7e67388b3c
sndasset,#hash_3d8293a49b2407b9
sndasset,#hash_49db984df372b60f
sndasset,#hash_3ab39bd2e0212744
sndasset,#hash_434c4cb6da190bbb
sndasset,#hash_6e10f5a94e28b3b1
sndasset,#hash_767465e3c045ba78
sndasset,#hash_200758c86efef883
sndasset,#hash_509cd75c40ece330
sndasset,#hash_74d80320fe43fed3
sndasset,#hash_239b9bf8e9f34072
sndasset,#hash_6d26db2272eb4d50
sndasset,#hash_3c264fc1bf77544b
sndasset,#hash_458f6f30f503e4dd
sndasset,#hash_23792a321cdf7886
sndasset,#hash_13d7ab9c6c174199
sndasset,#hash_63960156addb059e
sndasset,#hash_549fd9c95e8177e1
sndasset,#hash_4e8c9792a724795a
sndasset,#hash_59d08eb80a13c101
sndasset,#hash_2dd6c0ae1936d88c
sndasset,#hash_1c3d789618c9d745
sndasset,#hash_534b4875cef1e63b
sndasset,#hash_25c1a671da85f0f1
sndasset,#hash_1632892cf1dfe98b
sndasset,#hash_33ea476c5ae797dc
sndasset,#hash_1608090221387b04
sndasset,#hash_1dcfc69183be59e5
sndasset,#hash_6594e784118c57e5
sndasset,#hash_2eac9a80192a0d9c
sndasset,#hash_78ea63da97c9307f
sndasset,#hash_5dcf998b5c2f1b49
sndasset,#hash_33805f0c825252b7
sndasset,#hash_1e134c744171b22c
sndasset,#hash_262958fc432b0759
sndasset,#hash_22702a2132431397
sndasset,#hash_6dfa50b7b86c2ae4
sndasset,#hash_378f0bf77bb49b42
sndasset,#hash_272f9c0b6b626aed
sndasset,#hash_4c9b7c1d0dc8c8f8
sndasset,#hash_15e3308dce408af0
sndasset,#hash_fe4d79948d0c4d0
sndasset,#hash_705892ebce68d254
sndasset,#hash_a42af3e63f3d2ff
sndasset,#hash_31f50a87e25b7b40
sndasset,#hash_ba0b674ec215850
sndasset,#hash_35f1a7e3bebd78f3
sndasset,#hash_6c49bf431ef24789
sndasset,#hash_28acd0b37841771
sndasset,#hash_5b28ce261cda1c43
sndasset,#hash_2d9ae2e188270fde
sndasset,#hash_6a877124e1a36a6e
sndasset,#hash_1bbdedbe16785a4d
sndasset,#hash_2140529fd0746df0
sndasset,#hash_3ffc3c0e059c3419
sndasset,#hash_661c23ad72b54b18
sndasset,#hash_47ef2fbc64263960
sndasset,#hash_42df79ca371eefd7
sndasset,#hash_76413750e2591b9
sndasset,#hash_5ed82de7fb28445d
sndasset,#hash_54e58cdce6011bc4
sndasset,#hash_ec313d82442d84f
sndasset,#hash_1b1db3bf37b8a92
sndasset,#hash_361244ad0427f9bc
sndasset,#hash_3ab5d63f669a417a
sndasset,#hash_663a9d9f81fbb78d
sndasset,#hash_4a26ecac1ca26600
sndasset,#hash_4ba966699f7d394f
sndasset,#hash_133db49435ebbb36
sndasset,#hash_4fd411727bc327ac
sndasset,#hash_51785af59f6deeb9
sndasset,#hash_40d946eab5dff337
sndasset,#hash_44d1d1a51beae9b7
sndasset,#hash_7f9749ecd4ae3a8d
sndasset,#hash_150571df7c4980a1
sndasset,#hash_48aa34e479da786d
sndasset,#hash_7af27925aa8805b8
sndasset,#hash_27d08dc2ef8d11b3
sndasset,#hash_6ba5f2451494fb28
sndasset,#hash_7afadd2804121d97
sndasset,#hash_56c9ed19d1d2a702
sndasset,#hash_2a4c26f29692c508
sndasset,#hash_7392223ba9ac4192
sndasset,#hash_30b7f3701da02ed
sndasset,#hash_1ee663aaeb60c90a
sndasset,#hash_110dcdc3d08f96cb
sndasset,#hash_735dce09eed8a7e5
sndasset,#hash_7ab756051dc1e14
sndasset,#hash_6e750f5910c16f58
sndasset,#hash_2bad7befbd6d37c9
sndasset,#hash_5aa54feb86490680
sndasset,#hash_66682e2ad0ca5b2b
sndasset,#hash_1d9fe6af1708a28
sndasset,#hash_16b3a737368af6ab
sndasset,#hash_1c134e6f671bbaaa
sndasset,#hash_682104b3b2473a88
sndasset,#hash_3bb870771b3852b3
sndasset,#hash_634561893a345d75
sndasset,#hash_6c086ab300fcc72e
sndasset,#hash_22210bb444958b71
sndasset,#hash_24ba0402e7850876
sndasset,#hash_71d1d0bf26b14dc9
sndasset,#hash_14ad30c018320742
sndasset,#hash_10c0014d791b7399
sndasset,#hash_76afff7dd0d1ec6b
sndasset,#hash_3a490d9beaffd6e8
sndasset,#hash_7148ef31a14aa700
sndasset,#hash_1ce8cdc749f51c0c
sndasset,#hash_4da15aa4a4304ff6
sndasset,#hash_615ae0bf890c126d
sndasset,#hash_3663da9604df217f
sndasset,#hash_564a23ee51565158
sndasset,#hash_8f532aa0aab180d
sndasset,#hash_d76ec1625818408
sndasset,#hash_3fbf7debadbbec6d
sndasset,#hash_1e6fddba4e65da51
sndasset,#hash_5398d73fce16649f
sndasset,#hash_567393ce2e11fba1
sndasset,#hash_1646044a7dc1d081
sndasset,#hash_b5660bd3e379a9
sndasset,#hash_49a7e48641adb80c
sndasset,#hash_5c7c3e1ef244dd7d
sndasset,#hash_d1656ef93eeda75
sndasset,#hash_78e877fd74fbb40
sndasset,#hash_2c42b05a5e6b556f
sndasset,#hash_75126740eb65ade8
sndasset,#hash_40f335701ed27f3
sndasset,#hash_3ffcb5e60125353f
sndasset,#hash_696dd0ec13ed3068
sndasset,#hash_fa9e4923c0083d5
sndasset,#hash_5f15bc3fc5c8420b
sndasset,#hash_4dc3a57e44d92437
sndasset,#hash_4c52acf77f9cc0d7
sndasset,#hash_6972e892e9e47257
sndasset,#hash_18aabc00d82c58a0
sndasset,#hash_2c810a069e9bc630
sndasset,#hash_75fa0c52ba86b96c
sndasset,#hash_495c9baa152ab24a
sndasset,#hash_2452d0cc1060f6b5
sndasset,#hash_7a77a32942ad6321
sndasset,#hash_6f902eb084ab0657
sndasset,#hash_7101f9ba87cd2d2e
sndasset,#hash_253b726205254c28
sndasset,#hash_776629737817984c
sndasset,#hash_13254b189c5e5781
sndasset,#hash_1145a0c517b9ecef
sndasset,#hash_77cafd151e3c9d5c
sndasset,#hash_18614e3f8ed95955
sndasset,#hash_62dcbaf4cdc073c7
sndasset,#hash_20d590884b9aaaa7
sndasset,#hash_798ddc54fc9bca27
sndasset,#hash_73176a4d71005490
sndasset,#hash_1449a75b3e61a180
sndasset,#hash_2498990d33d76dc
sndasset,#hash_6a0860664d8f029f
sndasset,#hash_3568932a8d647525
sndasset,#hash_25b16695041044b
sndasset,#hash_5fc20ed24e960247
sndasset,#hash_5a601d3e3319b2fe
sndasset,#hash_7810d06f5c3929f8
sndasset,#hash_78f04d752cb165dc
sndasset,#hash_5d1b87f054adcff1
sndasset,#hash_76bde7cae83b325f
sndasset,#hash_3522d946cec8466c
sndasset,#hash_41e35923fe565125
sndasset,#hash_1fefbdf2fcae202c
sndasset,#hash_2e4132a92bebea50
sndasset,#hash_33b5b7face3998e8
sndasset,#hash_2b7d307dcf54019b
sndasset,#hash_1b401d047e79a693
sndasset,#hash_4a0f5c22aa8d670b
sndasset,#hash_90b7713aa4f1740
sndasset,#hash_2821c2999ddde7de
sndasset,#hash_2e54863cb01e3198
sndasset,#hash_32f561e1bfd13dd0
sndasset,#hash_3204a660fdf35f75
sndasset,#hash_52c83788fa585fab
sndasset,#hash_33d846ac90e7a563
sndasset,#hash_66bcb523a7a9ca6a
sndasset,#hash_415d5717f3df851c
sndasset,#hash_14ee1323b61fcf29
sndasset,#hash_76e8088487afd9be
sndasset,#hash_7627ecdf1a5fb314
sndasset,#hash_126d637e8390a6e8
sndasset,#hash_1b9e947b972dc5c0
sndasset,#hash_5698b4039d8701d3
sndasset,#hash_3aa12c8edce4123b
sndasset,#hash_41981697e99f5233
sndasset,#hash_49933f4429c9c1df
sndasset,#hash_1b0c5375d3c17d76
sndasset,#hash_4636397d4bd524a8
sndasset,#hash_7b5e6ab8a00c8a78
sndasset,#hash_5d073672df66799d
sndasset,#hash_19bd3f3b57cad483
sndasset,#hash_673c07c7c7937f1b
sndasset,#hash_1828e971eac41822
sndasset,#hash_1a507aab75b75484
sndasset,#hash_1a98567c2c313ef1
sndasset,#hash_ab1d5f1a7a05636
sndasset,#hash_37b9169a852ba4ca
sndasset,#hash_1e1675829780193e
sndasset,#hash_118d3ff3849d9f94
sndasset,#hash_2cb79a2e07e5ebba
sndasset,#hash_2ebb3c94c0eb7d55
sndasset,#hash_70ec10d153212270
sndasset,#hash_63d535a6df941ba2
sndasset,#hash_269dc68be22f5c00
sndasset,#hash_68e2dcc5eb899476
sndasset,#hash_5f87c904721db4a9
sndasset,#hash_5b2f71cc736cb083
sndasset,#hash_148f809f19340cdf
sndasset,#hash_5da9816923388fc6
sndasset,#hash_dc87fc04c63e3d9
sndasset,#hash_181730ce55a5f458
sndasset,#hash_4bc49ad55014d719
sndasset,#hash_591ba5cb65514558
sndasset,#hash_29ca3fc599e61017
sndasset,#hash_ac8d5e52f38c7e5
sndasset,#hash_1f764d208397274c
sndasset,#hash_4e408a59ca222c13
sndasset,#hash_4ab792ec761216c
sndasset,#hash_b2a07f694ebc488
sndasset,#hash_6d04fdf8125bab3d
sndasset,#hash_544d33a08c28c8fc
sndasset,#hash_5db140b7da9d1833
sndasset,#hash_32612b83ca32ca8c
sndasset,#hash_130b648371281f40
sndasset,#hash_428127c82107ba5d
sndasset,#hash_28711b645aa9709c
sndasset,#hash_1eb2aea2175b82b8
sndasset,#hash_c8c735c1a18831b
sndasset,#hash_5644f149e5c16436
sndasset,#hash_3b109bd429fd722c
sndasset,#hash_5a298c70b837203b
sndasset,#hash_719378c18e023188
sndasset,#hash_42c5e08643ed9c4b
sndasset,#hash_395ca068366f1330
sndasset,#hash_4aeec291c92c85dc
sndasset,#hash_59fae420e29063ab
sndasset,#hash_356e30f9ce9423bf
sndasset,#hash_6fba0fb083292760
sndasset,#hash_18beae01b1ac106b
sndasset,#hash_46f01f4895b2025d
sndasset,#hash_4c30c1aea68a01e5
sndasset,#hash_2d9375e23e98cc29
sndasset,#hash_c8cadcf65bcc3fc
sndasset,#hash_58571c993e047a6d
sndasset,#hash_8c58b88439a9d18
sndasset,#hash_d126cc04b5f9325
sndasset,#hash_4bcea193bd554928
sndasset,#hash_309c0e365219589a
sndasset,#hash_4c181ba4af650c02
sndasset,#hash_7c3c3ec87b555e2b
sndasset,#hash_62305aa82b94cf6f
sndasset,#hash_63eb2af7d27bfcc9
sndasset,#hash_734eb6e646b8827c
sndasset,#hash_2dc10ddfb1524159
sndasset,#hash_6acaf26b00bb48ad
sndasset,#hash_c9aaf92c833ae93
sndasset,#hash_ee2fe81ee6b2bc6
sndasset,#hash_163e4b97dcedc927
sndasset,#hash_2561f057d6cd9f8b
sndasset,#hash_1e1f73a8b47367d
sndasset,#hash_3441f3eaeaebfd05
sndasset,#hash_5eaa582dedd32dc9
sndasset,#hash_7220f1a10810741c
sndasset,#hash_485be59f5e33b68d
sndasset,#hash_1491fb2749cdcd38
sndasset,#hash_5bb8fd24e42b45c5
sndasset,#hash_4b34cbada281eb48
sndasset,#hash_7857019e35b73a
sndasset,#hash_297309066aa5c922
sndasset,#hash_7a0873ddc672adcb
sndasset,#hash_6b7e4ef794dfb8f
sndasset,#hash_2cfe07ac4b5c7969
sndasset,#hash_7ac9f8c554289a00
sndasset,#hash_564c5141b1f7bf9
sndasset,#hash_1af20604cdba86cd
sndasset,#hash_1ceccbfe5e2b33
sndasset,#hash_16ec54564a6dd4dc
sndasset,#hash_1aff8c900652d488
sndasset,#hash_6f161a02e9f4642a
sndasset,#hash_533ba57bc2500856
sndasset,#hash_85d5b32fe6e6f5e
sndasset,#hash_246e6ff166fc3f32
sndasset,#hash_7d774e63299296b3
sndasset,#hash_2d3bffc748f7efa
sndasset,#hash_3cd81b6607d85e53
sndasset,#hash_a84a0132d6eecae
sndasset,#hash_49dfbca07039c10d
sndasset,#hash_1f79bf26e0a9baed
sndasset,#hash_636a548f8f93d21f
sndasset,#hash_2470e962c45cbbe8
sndasset,#hash_2ebfa59bbb0a5a62
sndasset,#hash_5f0df817b0dfff72
sndasset,#hash_76f747b287ada937
sndasset,#hash_5ae4ab43d974f53c
sndasset,#hash_75f805ab254f2d6e
sndasset,#hash_6d8d2b4139017fa2
sndasset,#hash_3121c9a660684eae
sndasset,#hash_13c38ce3f9741b9
sndasset,#hash_6bf4dcc5fb4ece1
sndasset,#hash_19b49e5b0a59a406
sndasset,#hash_6eb3e77db579cb2e
sndasset,#hash_2448015ef2890542
sndasset,#hash_570711cafd0e27e3
sndasset,#hash_6ca25e49b209300a
sndasset,#hash_5f78e1970dd2b923
sndasset,#hash_635737e2dbf0bd7e
sndasset,#hash_1f3b0c994661cf5d
sndasset,#hash_61e764d81d449e1d
sndasset,#hash_448d11a948f1fb6f
sndasset,#hash_6c93bd659ccc0698
sndasset,#hash_201441c167380c72
sndasset,#hash_847f58dd487e382
sndasset,#hash_114b37e48cef556f
sndasset,#hash_1e4b043448ec192c
sndasset,#hash_1876e79395a8ee3e
sndasset,#hash_580eb014fe203852
sndasset,#hash_64f34b066cca67f7
sndasset,#hash_645582a29d184cd4
sndasset,#hash_7638d6416ce4a13a
sndasset,#hash_f36f2b71bb405db
sndasset,#hash_2696242f1ad8f95
sndasset,#hash_3e07db4cbb41d0d8
sndasset,#hash_72dd0dddab2ed2bb
sndasset,#hash_e9016ba86a55ab9
sndasset,#hash_619ee2b3aa2428fd
sndasset,#hash_6a380e11183688ac
sndasset,#hash_23ae517d19ad6db9
sndasset,#hash_33791b760a1c400d
sndasset,#hash_3363d11fdd09b71b
sndasset,#hash_6a01798a6d0d980
sndasset,#hash_4744dcff4bce3ae8
sndasset,#hash_1dacdb997c6798fe
sndasset,#hash_36e6f7103320a363
sndasset,#hash_64c443173532c85d
sndasset,#hash_3875a8f3ea612430
sndasset,#hash_1f270b38219593
sndasset,#hash_1e3c119ea000cd89
sndasset,#hash_7b5bd2c19aa31432
sndasset,#hash_4fc85be9068036a8
sndasset,#hash_32d06685affe230b
sndasset,#hash_37cd5a8313c3ca0f
sndasset,#hash_290174098311ffd6
sndasset,#hash_4861202450aba04d
sndasset,#hash_4b09e4173ef97ce5
sndasset,#hash_29c2a43ab68ff427
sndasset,#hash_4fc59bea45d431ce
sndasset,#hash_443e2aa6fef915b2
sndasset,#hash_2088d8ccc5c0568e
sndasset,#hash_375cfcc28daf8207
sndasset,#hash_526bdfe72a0b0aaf
sndasset,#hash_67bc1aa3e2147928
sndasset,#hash_573e898a5781689a
sndasset,#hash_53e70685a08c331e
sndasset,#hash_4dd2e6358b36aa32
sndasset,#hash_370061b2f470054e
sndasset,#hash_4edc08d7af429af6
sndasset,#hash_5714f321158ce954
sndasset,#hash_15281633f18f00ed
sndasset,#hash_46e7d33f7bdb85e9
sndasset,#hash_9d56f93a784c28e
sndasset,#hash_5b4ffcbd9a39edb2
sndasset,#hash_156c72b67e6b73ba
sndasset,#hash_22e5b8207d7db2b8
sndasset,#hash_20f9eb28aefc9b11
sndasset,#hash_7957f14fd6215f35
sndasset,#hash_7cfef94bf2b0d2f
sndasset,#hash_4b974f78c5ce6354
sndasset,#hash_5fa4117a50214438
sndasset,#hash_1954c856049fda44
sndasset,#hash_6fec307ae8ae70b3
sndasset,#hash_513fc9f1d04a13ef
sndasset,#hash_57990c7918a3474d
sndasset,#hash_63507e2dcf5a7323
sndasset,#hash_4a091c3a1a3d964d
sndasset,#hash_2c9294b1203620e7
sndasset,#hash_583c048fa568c72b
sndasset,#hash_2eef3a20525a6383
sndasset,#hash_5d756ab5fb9cc88f
sndasset,#hash_263cd19fe0f3611e
sndasset,#hash_2b1b2ae5685d8462
sndasset,#hash_15eb61279f77031c
sndasset,#hash_7b832326d8b89e38
sndasset,#hash_20962afc5d6f07ea
sndasset,#hash_3741bf2f8c4c1e9d
sndasset,#hash_6aa92fafb64cc735
sndasset,#hash_d5ad0282feaf0eb
sndasset,#hash_be1c0a45a239e23
sndasset,#hash_6e4832792ab3d7ab
sndasset,#hash_4f235a29ef7bddeb
sndasset,#hash_372a5a30e57c172
sndasset,#hash_3cdb245a567b476f
sndasset,#hash_6cf331564571349a
sndasset,#hash_55802aa4844573c3
sndasset,#hash_58574bb9fe403a1c
sndasset,#hash_1821a4c242aa77f5
sndasset,#hash_40515bef6ae8b820
sndasset,#hash_1fb62e8efb4176b2
sndasset,#hash_172884c02cf5d7a8
sndasset,#hash_6ed39ae52399429d
sndasset,#hash_41b791e745f05b2c
sndasset,#hash_170e530c010b56f5
sndasset,#hash_74abb3ffae3ae762
sndasset,#hash_1c30f0d4080660bb
sndasset,#hash_29d474cf2ba4a197
sndasset,#hash_24783b23cf76b35f
sndasset,#hash_2d7ad1f9c79d1d91
sndasset,#hash_67f89876990fa786
sndasset,#hash_52b2d6f1ffbd8ffc
sndasset,#hash_53d2ae4d0e90a1f0
sndasset,#hash_34285704e2aeab4c
sndasset,#hash_783401e612b5f9c9
sndasset,#hash_6964a453e260a159
sndasset,#hash_5417d04c98c80dbd
sndasset,#hash_4f123370c29640de
sndasset,#hash_77620d70c759e937
sndasset,#hash_325e584da07408c1
sndasset,#hash_63d2ab7a7e78eaf7
sndasset,#hash_402c02b764ff90f4
sndasset,#hash_4f414e4fd2408ae
sndasset,#hash_2466776598b98778
sndasset,#hash_28c6a44d944853
sndasset,#hash_49f5091ce79c24c6
sndasset,#hash_28b318725cd87289
sndasset,#hash_2266574fcfcce86c
sndasset,#hash_b55b01bbf37a792
sndasset,#hash_50fc9a332f6d7622
sndasset,#hash_31c0244fd3b1b7fc
sndasset,#hash_366647f9fa0c942e
sndasset,#hash_5dbc5e1e0dce979b
sndasset,#hash_390c8afa57618b6c
sndasset,#hash_5330610e7f7100a4
sndasset,#hash_6ff841c40a5c7b2c
sndasset,#hash_685fbac4dda9a17f
sndasset,#hash_5156bf59b98905ca
sndasset,#hash_714feb0ec931693d
sndasset,#hash_7c7ce5b304a493f0
sndasset,#hash_23aaebc224dee1b8
sndasset,#hash_4be49f2f2f983196
sndasset,#hash_35c2035e39881872
sndasset,#hash_bc5f6681555be5b
sndasset,#hash_1df40eda95f83e06
sndasset,#hash_527d0e21908c2a01
sndasset,#hash_4897d88974ab1cb9
sndasset,#hash_24086c10b5dd337d
sndasset,#hash_56c374789f97dffd
sndasset,#hash_7c79385eded04477
sndasset,#hash_1bd4d901a61847ac
sndasset,#hash_67f8db9e7d33c75d
sndasset,#hash_3e43b2e14e71a4c1
sndasset,#hash_645052a100a53c53
sndasset,#hash_3d656331ad295235
sndasset,#hash_7e7518db963aa813
sndasset,#hash_3e981e937981b9aa
sndasset,#hash_7d2ef80d7d45b163
sndasset,#hash_7aa4716d5f9d0251
sndasset,#hash_5b3edfeb1c83f11
sndasset,#hash_6cc04a694775d0f9
sndasset,#hash_20de5ec88b464cc7
sndasset,#hash_17c1864c547a6d20
sndasset,#hash_586c32685ea0aac7
sndasset,#hash_6e6473fdc0afee40
sndasset,#hash_9dea941e8e750b7
sndasset,#hash_6b90101a0c61818e
sndasset,#hash_29bae370b6aca3b
sndasset,#hash_100f683356ee2542
sndasset,#hash_43caad8f0d4f01c9
sndasset,#hash_7e8e7c3054e575d4
sndasset,#hash_287a6ae034fb5ac7
sndasset,#hash_5767f32122baecbb
sndasset,#hash_55b6a0697b31cd4
sndasset,#hash_3a9a32620955eef6
sndasset,#hash_51c376f20dd4450d
sndasset,#hash_2d4e3c7964514a88
sndasset,#hash_5d82c9b371ec93eb
sndasset,#hash_4beb70d9e0241e8d
sndasset,#hash_6a3a5acb1c889d34
sndasset,#hash_23f5faf7c15bcb47
sndasset,#hash_2ad74bf73261b0a4
sndasset,#hash_4280c00ee36ae60a
sndasset,#hash_7e9b3546f2e6091f
sndasset,#hash_8255004b3551e88
sndasset,#hash_2ab262cc0ae6f074
sndasset,#hash_59da5dd73da00d18
sndasset,#hash_510e9f34048879cd
sndasset,#hash_2134f21a736f23b2
sndasset,#hash_6d6dc6366ff3341f
sndasset,#hash_7d97d29341027ef
sndasset,#hash_23642fe04045696c
sndasset,#hash_5e1390e84dbf7e02
sndasset,#hash_76eb7d8765ddb5a4
sndasset,#hash_3aa8c1567ddd7be3
sndasset,#hash_6ed3fa89f4df6f19
sndasset,#hash_5a960b6a77cf4836
sndasset,#hash_5eb2a447a5eba6e3
sndasset,#hash_40a1ebf5723d5164
sndasset,#hash_677517cee05bccac
sndasset,#hash_e7bedfe0df55cd7
sndasset,#hash_3fc3eb8c917e4cd5
sndasset,#hash_3bfb7d061947c2f4
sndasset,#hash_21b874cedabeea0b
sndasset,#hash_49aaaac9510bde8f
sndasset,#hash_1ee9dc87f6c4c315
sndasset,#hash_690de680e499615d
sndasset,#hash_307a7bbd9a835a72
sndasset,#hash_11c7b4891c13a901
sndasset,#hash_126caf223a158bbb
sndasset,#hash_12762ef6797a9da8
sndasset,#hash_4692054518c61494
sndasset,#hash_d38ac7a8e8d5a5
sndasset,#hash_282662fe709c709d
sndasset,#hash_3d04641cf9bcdc7
sndasset,#hash_35d1c033f36d0b64
sndasset,#hash_6c927a440271dc2a
sndasset,#hash_731c6ee4a8285b2b
sndasset,#hash_21a3ab0b98883cd
sndasset,#hash_1b876f5776249005
sndasset,#hash_1efe9a9464f85f1a
sndasset,#hash_697e3ae026a3042a
sndasset,#hash_5f9f6ca6a56dc86e
sndasset,#hash_193b1ee62ddc213c
sndasset,#hash_6707f04674f96ea2
sndasset,#hash_69840d2c3b4520e8
sndasset,#hash_7412235184278ecb
sndasset,#hash_5a89b58f825ee670
sndasset,#hash_11432cf20ba467d8
sndasset,#hash_77ac5f817ef299ce
sndasset,#hash_9ff656a7c7afb87
sndasset,#hash_3d732f5abb74b709
sndasset,#hash_6fe10861772f4c0
sndasset,#hash_365139c1bb632ea3
sndasset,#hash_39923d2a2ea399b9
sndasset,#hash_6f40da154aa78362
sndasset,#hash_7aeaaf895dff95f0
sndasset,#hash_171cdaaf838437db
sndasset,#hash_7d24b330dd53cab9
sndasset,#hash_52febb6932a5707d
sndasset,#hash_4a192190cd0e637d
sndasset,#hash_65e91a7cab67ca95
sndasset,#hash_360ad4861b67cfea
sndasset,#hash_7d79ad95287c75de
sndasset,#hash_4adcdb1c9c0e0d02
sndasset,#hash_5e4d730d9a32246d
sndasset,#hash_5a1b88013ae568b7
sndasset,#hash_20f601428487341f
sndasset,#hash_33f94f6ebf339b8c
sndasset,#hash_1567f55a71a044ca
sndasset,#hash_36249e7e7a6539ce
sndasset,#hash_1c968d66f95f2089
sndasset,#hash_571679a41552dfe
sndasset,#hash_3fd54954f0056066
sndasset,#hash_2317971e1606c48f
sndasset,#hash_3c4d67b4cbbc285d
sndasset,#hash_673a3a461559ba19
sndasset,#hash_252624c7e93413e6
sndasset,#hash_38017ad299a8ef6c
sndasset,#hash_5be7c09cccdb8df4
sndasset,#hash_3fedd615cc4c21df
sndasset,#hash_76ebc7146de44df7
sndasset,#hash_4eebf6cb07cb5093
sndasset,#hash_4b0f4167c8e267e8
sndasset,#hash_68130a96eed9db44
sndasset,#hash_c6d4e38d54d0768
sndasset,#hash_4a57e18651e99e94
sndasset,#hash_38ba3e7efcd28f83
sndasset,#hash_702c3c6d41a4d0bf
sndasset,#hash_4ab013ad25fad47d
sndasset,#hash_3bc7654db4f08ef3
sndasset,#hash_4664fe6fc5a2b5dd
sndasset,#hash_67f2ff28e58274f7
sndasset,#hash_251bc9833db1ca1b
sndasset,#hash_77875b85283ba633
sndasset,#hash_295140099403a25f
sndasset,#hash_4a59fed92545cb2e
sndasset,#hash_2b635f5753e273f2
sndasset,#hash_5edb72f2c05db60c
sndasset,#hash_4852aba1a8a54b68
sndasset,#hash_30b833cbc9920b9a
sndasset,#hash_25f7e535d59804d
sndasset,#hash_55e40cb381577e45
sndasset,#hash_1d9379e02768be3b
sndasset,#hash_4cf6fe1302a69c93
sndasset,#hash_5e920825baf259db
sndasset,#hash_22a30fd33556569b
sndasset,#hash_7f31067564d6e4c2
sndasset,#hash_27aff5d439002e1f
sndasset,#hash_4a645fd495cf152a
sndasset,#hash_6226d4525ec83fd3
sndasset,#hash_772503fd2d7124ec
sndasset,#hash_3aa41e2f6ef4cd65
sndasset,#hash_5e1aa0a3a24fbff0
sndasset,#hash_6b7a2443363f8682
sndasset,#hash_471ab5e85ab5a8f8
sndasset,#hash_6c0150daa84747ed
sndasset,#hash_125d99b5b8a2445c
sndasset,#hash_1d87ad8ca015e045
sndasset,#hash_47ea38618d1d72b2
sndasset,#hash_4e3289df1a45dc4b
sndasset,#hash_857e9a03ca567a7
sndasset,#hash_477e26108e81e82f
sndasset,#hash_7ce72dab56efc381
sndasset,#hash_1b9c1950f5f4f56
sndasset,#hash_2156264f178a15cc
sndasset,#hash_16015c512d61a240
sndasset,#hash_4cf38e6739edc29c
sndasset,#hash_35ebfeee2dd941d9
sndasset,#hash_67c8ffbf910ab689
sndasset,#hash_774148e12fe728cd
sndasset,#hash_462595b10a613cae
sndasset,#hash_1511821297db8787
sndasset,#hash_13558756a6914611
sndasset,#hash_14f5b644f915eb27
sndasset,#hash_21ba51443f703824
sndasset,#hash_42c43afce82e13fe
sndasset,#hash_6b2d933f36510068
sndasset,#hash_7b78df68faf20323
sndasset,#hash_3bb5f42846c33176
sndasset,#hash_19c5984e0647bdb9
sndasset,#hash_50b51dba5d88fc7c
sndasset,#hash_5690ac7a87318742
sndasset,#hash_2003551bcbfd7d12
sndasset,#hash_556444b56e0474c
sndasset,#hash_68a7510bc0fe059e
sndasset,#hash_33eb0c53a05b60cb
sndasset,#hash_26048d524ba34fdc
sndasset,#hash_53cbe4d99a8256f4
sndasset,#hash_497607d085899c
sndasset,#hash_5b58153c48b00dcf
sndasset,#hash_247b6955ec322e7a
sndasset,#hash_4ca584fcd3f952ad
sndasset,#hash_26cef94eab09e5c0
sndasset,#hash_622a1e7f8b2921c8
sndasset,#hash_32633a2da5f11cc6
sndasset,#hash_554eb93fdcb138a2
sndasset,#hash_12bbb2a5d6eaf907
sndasset,#hash_198ce34bf466c5c2
sndasset,#hash_26eb942708f820f1
sndasset,#hash_d2809ed313f65c
sndasset,#hash_3ab3ed71a729d165
sndasset,#hash_3ca6b0bd98ec0fcd
sndasset,#hash_b2af116b4309c99
sndasset,#hash_4c09f40284464950
sndasset,#hash_71d51fb497fa52ad
sndasset,#hash_60f11696a98d0846
sndasset,#hash_da3d15a992ac7fb
sndasset,#hash_59b5e51e51e4fbc5
sndasset,#hash_7a11613df039dc4b
sndasset,#hash_5c9a029ad5d3728e
sndasset,#hash_71d2b17f20853f53
sndasset,#hash_2e7d48e0ed374ef0
sndasset,#hash_686fc3e1ad8df31
sndasset,#hash_6455440caec81889
sndasset,#hash_1ac1e85f060f3bcd
sndasset,#hash_61ca5f7a3c03203c
sndasset,#hash_6415a85931956d37
sndasset,#hash_380399976dd32ad0
sndasset,#hash_4d6ef1dcc2776d77
sndasset,#hash_3e1e5e6ec81e2ebe
sndasset,#hash_77a9069ce7c248eb
sndasset,#hash_206a8f7a6d30c032
sndasset,#hash_1f38cb016fa08319
sndasset,#hash_1a05ae5e7e468a44
sndasset,#hash_430bbb41955f79d7
sndasset,#hash_e51b097df72ff0b
sndasset,#hash_7a7b1ab67882224
sndasset,#hash_28c5710b1ef145e6
sndasset,#hash_56c8f217f467d67d
sndasset,#hash_475a5595ce6ec898
sndasset,#hash_3ef0dbe075deaadb
sndasset,#hash_58effa4a71c00e7d
sndasset,#hash_64678b10b8c49a04
sndasset,#hash_144f89953a5669b7
sndasset,#hash_753e7893ad219ad4
sndasset,#hash_5ea425958b704ffa
sndasset,#hash_3921fa4b5e244c6f
sndasset,#hash_511d5a6c480fe738
sndasset,#hash_66699917a4add484
sndasset,#hash_53778571339e6bc8
sndasset,#hash_76b9c30a5d1891fd
sndasset,#hash_7276d75b6d27b7e2
sndasset,#hash_69300804ae0032cf
sndasset,#hash_6fb923000379bfbf
sndasset,#hash_6402cae251c179dc
sndasset,#hash_36e2a687bf089f46
sndasset,#hash_10b76f3b80f68bd4
sndasset,#hash_769cf5243adac113
sndasset,#hash_3b4c7f5fd6924b3d
sndasset,#hash_a45f70f13849d06
sndasset,#hash_7de87b45385e9fb3
sndasset,#hash_72968e64ad2016f9
sndasset,#hash_5820f25d2b1c6bfc
sndasset,#hash_29e04a208fdd5c27
sndasset,#hash_2ccb0ddc5f67d399
sndasset,#hash_168eebcec1f97d04
sndasset,#hash_26a57b9e899605db
sndasset,#hash_634bc639a0681ed1
sndasset,#hash_3cd9ad5de27f1d45
sndasset,#hash_681fdfb17e76e50d
sndasset,#hash_1981342cf49bd377
sndasset,#hash_5d11ffe019eb1811
sndasset,#hash_15213a2943fd62cb
sndasset,#hash_47ac6a2aad22b605
sndasset,#hash_33b3b7a42222b9e4
sndasset,#hash_515098a78856e395
sndasset,#hash_141bda8011d4f273
sndasset,#hash_7eba97e481b6f964
sndasset,#hash_40e49772658922df
sndasset,#hash_62a9eb99d1aedc03
sndasset,#hash_4755dff6e4bef1f0
sndasset,#hash_ac7ff90ca00f72
sndasset,#hash_430f56a56799b69b
sndasset,#hash_6612baa34ba37b41
sndasset,#hash_86ec3e16a9bc4a2
sndasset,#hash_6846f065c88d39e6
sndasset,#hash_51d998fc63114467
sndasset,#hash_699fb83b4ee81e2a
sndasset,#hash_2112477879d31f00
sndasset,#hash_1c364cf51bc840a4
sndasset,#hash_8be18c9833d142b
sndasset,#hash_37434b563bb2556f
sndasset,#hash_325a2f1addfe1b88
sndasset,#hash_7db30bd129655458
sndasset,#hash_2f0127b0f9aa1a0e
sndasset,#hash_2fa10b619f28ae3b
sndasset,#hash_446689f76e9b546a
sndasset,#hash_79863bf03a224826
sndasset,#hash_d36ba341e57495d
sndasset,#hash_53a63c4a84455fef
sndasset,#hash_50abfd88833d81c
sndasset,#hash_23391e3f15ef004
sndasset,#hash_69ab529ca04e8871
sndasset,#hash_2c1fe52b818d47a2
sndasset,#hash_4cef97033f1ce73e
sndasset,#hash_4c6a7728362b246a
sndasset,#hash_608e4b0a7f050631
sndasset,#hash_4d59c253cdba1ab9
sndasset,#hash_d0c4cf023279fbb
sndasset,#hash_24fcf0f361c2ddb4
sndasset,#hash_182faadfaeaa2c50
sndasset,#hash_780d593e9b4c0f7
sndasset,#hash_1d8fe82ea0aec985
sndasset,#hash_5af804c486e49afd
sndasset,#hash_2f4c01c67b8c47d7
sndasset,#hash_41e95f29bce1a26f
sndasset,#hash_29982f0347dada9b
sndasset,#hash_35a30cae591362af
sndasset,#hash_30a0272bccba2ba
sndasset,#hash_3e99999185df91f2
sndasset,#hash_7694571ddf28b31d
sndasset,#hash_4407a9d1c065bb89
sndasset,#hash_3d68e5e5ce02dcfd
sndasset,#hash_3206ffc601214467
sndasset,#hash_7202c557f4f9bda
sndasset,#hash_7217c66f3c83fe32
sndasset,#hash_54cf72a92fc97ce0
sndasset,#hash_1c9c6eb3c533f99f
sndasset,#hash_78e8ed3cd4a498d3
sndasset,#hash_291d5c973499bba7
sndasset,#hash_24dcd90c468c84e8
sndasset,#hash_25f7705bb2e703a4
sndasset,#hash_3fd6c44e65c344e
sndasset,#hash_5a6b33d68dc35288
sndasset,#hash_50636657cffb4afa
sndasset,#hash_333d705224320c28
sndasset,#hash_fd266de58f25228
sndasset,#hash_39a386e959ccb450
sndasset,#hash_1f102a93c1425c0c
sndasset,#hash_3bd2247fe61c78c5
sndasset,#hash_296d64bd995e203d
sndasset,#hash_540386c19f3912f7
sndasset,#hash_2c1ed65f345f9007
sndasset,#hash_c01030a51295099
sndasset,#hash_44c8f62ce10985a
sndasset,#hash_4d0576528ee9f6ae
sndasset,#hash_4706802288acbcc0
sndasset,#hash_c9f26f4003d0a50
sndasset,#hash_57ec68d0f0001d2c
sndasset,#hash_2e3feceeab685f48
sndasset,#hash_429efb8da1d512b5
sndasset,#hash_48c33e6fc87dc564
sndasset,#hash_3b8942c420de6c45
sndasset,#hash_449c09ed1a563bc0
sndasset,#hash_72585f62172d8aff
sndasset,#hash_67b529b76504772a
sndasset,#hash_ccb059e8481c263
sndasset,#hash_5154fe24182766ed
sndasset,#hash_5b6368e920699fc3
sndasset,#hash_33bea23c31875711
sndasset,#hash_8d4a70465d05dd7
sndasset,#hash_74695de42d8fc4c2
sndasset,#hash_364ef6fcf9304fe9
sndasset,#hash_13aa955e7b2dcff8
sndasset,#hash_431194d0b4ebd7de
sndasset,#hash_310680c5ab43169c
sndasset,#hash_1381f0ed9077482
sndasset,#hash_56fdba2bff227e99
sndasset,#hash_4aa034f14f6988ff
sndasset,#hash_2ee2acf49e0e9c5b
sndasset,#hash_79b1a41c4394467d
sndasset,#hash_1aa82e5ee41d9402
sndasset,#hash_7d378a9f02eff46e
sndasset,#hash_3ead34ebf4c12382
sndasset,#hash_5a659fc9b32f4445
sndasset,#hash_fd9ba0acfc47548
sndasset,#hash_37389198b36a1b6
sndasset,#hash_4fe5faa99a3ab7c
sndasset,#hash_3f623c82c879a073
sndasset,#hash_367ca146cd13aead
sndasset,#hash_75a6599b3a19602b
sndasset,#hash_3261cab8f4140538
sndasset,#hash_61274accdef14cdd
sndasset,#hash_62034e0d31fe1f2
sndasset,#hash_7bf03be773a85f53
sndasset,#hash_2495a6151c1fd7ad
sndasset,#hash_46f65c2dc9bf0999
sndasset,#hash_61300f15bda32e18
sndasset,#hash_287f8ce295fc2711
sndasset,#hash_3302df99a1eb3ec8
sndasset,#hash_33d458125e09fe6b
sndasset,#hash_6a62b38a156d127
sndasset,#hash_4869aefa5d174487
sndasset,#hash_7747b6e828224b1a
sndasset,#hash_524b884714df22e1
sndasset,#hash_7f43396f42145fee
sndasset,#hash_3b55326961659b9f
sndasset,#hash_6c1af34ea7cc86bf
sndasset,#hash_666ab2730906965
sndasset,#hash_5a243cb4391adc61
sndasset,#hash_764454f08376a298
sndasset,#hash_88bce5599d66065
sndasset,#hash_7918e89f8b890f8e
sndasset,#hash_779f72f88ec5f1c6
sndasset,#hash_15e0c35b122bcaee
sndasset,#hash_68997ff2f39603a
sndasset,#hash_2a9ed6b76053a878
sndasset,#hash_561302263c789c87
sndasset,#hash_219e564cf43c6d76
sndasset,#hash_17a8bde7c4c4372
sndasset,#hash_a5c0ec92afa83a8
sndasset,#hash_1db54e158049e1fe
sndasset,#hash_6a3936e06080c2d0
sndasset,#hash_33ff440500617359
sndasset,#hash_19c62d7e93ebdc14
sndasset,#hash_238ca2090bfc0fde
sndasset,#hash_27633c2a9e58532
sndasset,#hash_5f2122a74ea64a16
sndasset,#hash_2f8b6d5134cc72e0
sndasset,#hash_7b4dd1379d5764db
sndasset,#hash_279a2601f5344744
sndasset,#hash_3fdbeed2c1d43a97
sndasset,#hash_2256c4f331d29a7c
sndasset,#hash_13bcead4822d24e5
sndasset,#hash_597ce81663d0e5dc
sndasset,#hash_432df19c1509a41b
sndasset,#hash_81a8bfee1b55a2
sndasset,#hash_4438cf763799472f
sndasset,#hash_5524db8eb0e076e6
sndasset,#hash_6a3e73581cddc4bc
sndasset,#hash_45c9bb7cf77ebc2f
sndasset,#hash_7927dff1b2b53d3b
sndasset,#hash_642858291835cb0e
sndasset,#hash_4eeb24351771929f
sndasset,#hash_5e41bf0652376542
sndasset,#hash_60b56a5799f7c546
sndasset,#hash_6a215ffc0e5d2c13
sndasset,#hash_5640c2f5eddbfee8
sndasset,#hash_766a678d95065aa7
sndasset,#hash_4a0a7aab05da2c11
sndasset,#hash_6167c307408b0b6
sndasset,#hash_68a4598a11348b4f
sndasset,#hash_78fa0abc1ebb0617
sndasset,#hash_2c798b84376aec9f
sndasset,#hash_7a44f1179b19da4e
sndasset,#hash_78e2473494214d35
sndasset,#hash_3b7192d8c318feb2
sndasset,#hash_147a63f7cc9f29fc
sndasset,#hash_100e3e99dbd5343b
sndasset,#hash_1a10984582cd6479
sndasset,#hash_204448c1c6f5b3df
sndasset,#hash_149b4bde79587830
sndasset,#hash_b7e197e7d61d17a
sndasset,#hash_6cec4caa708b4b89
sndasset,#hash_54697d273f4afe10
sndasset,#hash_bf5ef4cf2c4c0db
sndasset,#hash_6c5b920d7aca23ef
sndasset,#hash_3195f0ffb57606d8
sndasset,#hash_8bc07338ffe74fe
sndasset,#hash_63e0a6c19e4987e1
sndasset,#hash_4376dfc9a1a2cf74
sndasset,#hash_6b21f3729aa02e2
sndasset,#hash_322e4ba3596b2cee
sndasset,#hash_11d5e4b976183276
sndasset,#hash_24d5efad664def69
sndasset,#hash_69c59bbdcd704ddc
sndasset,#hash_46c8c98a760b4268
sndasset,#hash_41c60335c0bb7df5
sndasset,#hash_59011c8c8f950ef3
sndasset,#hash_5547f5d70107e722
sndasset,#hash_2e9c60c3adc9cfe
sndasset,#hash_64eff7a7951056bc
sndasset,#hash_d894bba2ac4ebc7
sndasset,#hash_153430ceed4e5681
sndasset,#hash_4555fe93ea1a4848
sndasset,#hash_7fce21f68f39536a
sndasset,#hash_c6da00a5e6c9103
sndasset,#hash_382acfc1d64564aa
sndasset,#hash_e7475629dcb01a
sndasset,#hash_670c53efb5bd0ede
sndasset,#hash_2d5b158ddb9ecd5f
sndasset,#hash_592565421949a752
sndasset,#hash_5bc1ae667fd7db18
sndasset,#hash_400b30114f510a5c
sndasset,#hash_2f6b34ab024dbf28
sndasset,#hash_13167a41025674fb
sndasset,#hash_543ed36cc2bd8cf9
sndasset,#hash_60547c83115a48d4
sndasset,#hash_47fb312bcf958196
sndasset,#hash_5b2c2f5fbe3c0bf3
sndasset,#hash_24ff537b1640e402
sndasset,#hash_56724e9aa50beaee
sndasset,#hash_5b7e60557be5b985
sndasset,#hash_670cf61a86e58634
sndasset,#hash_59761ff0f14f8cd6
sndasset,#hash_9454afa1c3716fc
sndasset,#hash_11a4ce128969cf8
sndasset,#hash_63dcfeac1a54be3a
sndasset,#hash_133d5d4b27997fc6
sndasset,#hash_22038574c7a75672
sndasset,#hash_6c0bcbcb5f2b0339
sndasset,#hash_9840eed4d51efd1
sndasset,#hash_4ef51301b8940d13
sndasset,#hash_2f484445968b52ac
sndasset,#hash_439a2648e78a8358
sndasset,#hash_7f46346abec8e7df
sndasset,#hash_19e3b87186e3a8cd
sndasset,#hash_4c7d9faee1bc9f75
sndasset,#hash_6e8b9db2067b6c6f
sndasset,#hash_1a93baf08e511097
sndasset,#hash_13525c8d16b487b3
sndasset,#hash_2805f006ff73f047
sndasset,#hash_2b3184651da2f172
sndasset,#hash_c356ba03dbaa43a
sndasset,#hash_27cdb285844a8c5
sndasset,#hash_13e8a266eddf9561
sndasset,#hash_33fd463e61bd4e05
sndasset,#hash_2ba7572e577b0bf
sndasset,#hash_3d34e1ea714c83c2
sndasset,#hash_26c47f819eaeff0a
sndasset,#hash_2df5f5ef5be7d5c8
sndasset,#hash_1da03bb26dcd8577
sndasset,#hash_16437cb8c572a8cb
sndasset,#hash_459ba9ce8984549f
sndasset,#hash_43ca058b91cf6c10
sndasset,#hash_593e7e098973892c
sndasset,#hash_47c40a2af712aac6
sndasset,#hash_2e8861c9f24c4e10
sndasset,#hash_2e1c3cf30a9c7d82
sndasset,#hash_10f499505fbec990
sndasset,#hash_7628769964c50390
sndasset,#hash_574b57f51309cd98
sndasset,#hash_7e5c69ed1520f054
sndasset,#hash_3e899464a381972d
sndasset,#hash_25fa3eefe0e4e3b5
sndasset,#hash_3352701b55dd55ef
sndasset,#hash_77486793c77b6fcf
sndasset,#hash_164724dbb5f87881
sndasset,#hash_164228ea51433fb2
sndasset,#hash_28bb0f6ebccadc96
sndasset,#hash_3b698258addaf418
sndasset,#hash_455129f2b04d1568
sndasset,#hash_5482f68dd0d3c684
sndasset,#hash_55bf9a3a79e8d6a0
sndasset,#hash_639811b232ddc4bd
sndasset,#hash_76009a2516c5a5bb
sndasset,#hash_75a6a57c648965dd
sndasset,#hash_2c205b0e52fac018
sndasset,#hash_6334203e6225d844
sndasset,#hash_43bf409191cc3df2
sndasset,#hash_7842f15bfa74f19b
sndasset,#hash_31ae79f03fd8cce9
sndasset,#hash_33b0f31b9eb0991b
sndasset,#hash_7e13daa82c9760e
sndasset,#hash_9df9aa87f05bbea
sndasset,#hash_675ab7d594e2aaaa
sndasset,#hash_1cf9b340c115d221
sndasset,#hash_74064650b0f09c27
sndasset,#hash_4119e880620587a6
sndasset,#hash_719c40ae88955414
sndasset,#hash_5513c7d00f8ae600
sndasset,#hash_50605879b8926231
sndasset,#hash_177c2ebaed56dfb7
sndasset,#hash_42e8eb0a80ecf365
sndasset,#hash_7902ac4cd21e89e5
sndasset,#hash_7bc026ca3e164c7a
sndasset,#hash_2ed3d6bf3dfb0496
sndasset,#hash_2945db403bf867ba
sndasset,#hash_4ac3350ef3d6d44d
sndasset,#hash_535fa3b3be8ce660
sndasset,#hash_2fb0333d77aa35ce
sndasset,#hash_77ca8c3b377c8754
sndasset,#hash_31351a2e218ba7b
sndasset,#hash_4f5e9a27eeac60b5
sndasset,#hash_3a51f544b30a8783
sndasset,#hash_7d42d577872ee260
sndasset,#hash_4590cf9e347cb735
sndasset,#hash_5ca2b02896b9210a
sndasset,#hash_11f2ac51c4d1461b
sndasset,#hash_64feea13f0b67625
sndasset,#hash_1810c2d23661fe31
sndasset,#hash_2916d22581d0deb1
sndasset,#hash_48cf73e8062fa5c9
sndasset,#hash_5937e022ff244720
sndasset,#hash_4b5ff65879eb4ad3
sndasset,#hash_28cc3c2d752b4f4f
sndasset,#hash_3a569b7e30ade23f
sndasset,#hash_3e2f1bde68357e2
sndasset,#hash_294ec0398921f489
sndasset,#hash_2b6fb577d4e2a1e6
sndasset,#hash_45913cfacfa9ae77
sndasset,#hash_537a39dffc3c12d7
sndasset,#hash_4ce78466be7eefcd
sndasset,#hash_744f783d43cf259
sndasset,#hash_3ff68fe201bdecb0
sndasset,#hash_2e3b95e308f0ded
sndasset,#hash_701c62633f1f1ab6
sndasset,#hash_64551d49cf9c453e
sndasset,#hash_7afdea83396c22f6
sndasset,#hash_54c406dc50eda0d2
sndasset,#hash_5fc4ad93dc73f270
sndasset,#hash_49a2e2ffd76554af
sndasset,#hash_173dd8835d86d64e
sndasset,#hash_3cc39e3c6b14f26a
sndasset,#hash_38d93c5e65075dd0
sndasset,#hash_7bdb969cb3038fb6
sndasset,#hash_6bdcb5d3d8749b88
sndasset,#hash_226fa8c557fbdf41
sndasset,#hash_5d5d367d1c86a0bc
sndasset,#hash_3a349d572843bff6
sndasset,#hash_2e7902ba6231455a
sndasset,#hash_58edeb86e1b37bde
sndasset,#hash_51748cd77a520838
sndasset,#hash_e6764c46c968383
sndasset,#hash_3c31aef77d01b8dc
sndasset,#hash_7483516a0b34300a
sndasset,#hash_18eedf3aa6bea334
sndasset,#hash_59879fd4e2bb309d
sndasset,#hash_5c7cb37d0574f964
sndasset,#hash_47d5e8ffc1ac4f03
sndasset,#hash_5aaf4e3fdc3eb04a
sndasset,#hash_347ed335bc2e0407
sndasset,#hash_241eea06e98bfefe
sndasset,#hash_43f68cb006348b14
sndasset,#hash_17a166d58e7ab37
sndasset,#hash_6149f769a1273eb3
sndasset,#hash_4df8aefce78d0036
sndasset,#hash_7b12ea5b61257fe7
sndasset,#hash_51d0b81d9f1dfdba
sndasset,#hash_24ddac10cb4497fe
sndasset,#hash_6ea65727d32e25bb
sndasset,#hash_7d6dd749113d48e0
sndasset,#hash_533aad6760eaed7f
sndasset,#hash_28f2bceeb8f5ea69
sndasset,#hash_4d27c64d0922cbce
sndasset,#hash_54e8832ee8bb76e7
sndasset,#hash_452b2bd2093aa22f
sndasset,#hash_15467affbd876337
sndasset,#hash_45abc23bb60d01c6
sndasset,#hash_4f72b4bd4fac1a1d
sndasset,#hash_32218accd18b28fa
sndasset,#hash_479700d71f58f924
sndasset,#hash_3c489a46408f5813
sndasset,#hash_39b6885e78cd3161
sndasset,#hash_2cdbc169cc9c40d7
sndasset,#hash_430a117d79d43b38
sndasset,#hash_71afc82c76ae4372
sndasset,#hash_655614ad42997621
sndasset,#hash_3d77931d9bc73168
sndasset,#hash_6779159601d0b083
sndasset,#hash_3a0fa7e77e918ea7
sndasset,#hash_468338acf569b550
sndasset,#hash_3a9b820c000be7b6
sndasset,#hash_100ee767c6abf459
sndasset,#hash_14d4247a7afb0d2c
sndasset,#hash_41e6e6403debee7a
sndasset,#hash_1e4d3570596ebdc6
sndasset,#hash_57d74c4e5700b75e
sndasset,#hash_601f7cda75d448f1
sndasset,#hash_5fa5235433434b54
sndasset,#hash_28b8b8283e58a830
sndasset,#hash_4bd165a43df3a5ed
sndasset,#hash_13a09ff43b018bbb
sndasset,#hash_6161adce4d16a75a
sndasset,#hash_1de0a3dcf60afb46
sndasset,#hash_3e65434878f4c394
sndasset,#hash_668a8140d0315dbf
sndasset,#hash_240feb2f244fa9ab
sndasset,#hash_5cfe1ec76dbb94d8
sndasset,#hash_2c3bb67e163c2a83
sndasset,#hash_1df9cc1db25ffb3f
sndasset,#hash_671cf2286319b98e
sndasset,#hash_3beedfb04657b3ed
sndasset,#hash_657b3af58ff0f02d
sndasset,#hash_1fc9f814d64840af
sndasset,#hash_38ecf97e2ad9bf2c
sndasset,#hash_109e1044af913aac
sndasset,#hash_1ff824fbf44c6c97
sndasset,#hash_45cca515f2652104
sndasset,#hash_32277f6b0e98b274
sndasset,#hash_4d690c7a2456a585
sndasset,#hash_30a02b64c248b716
sndasset,#hash_553cbd08141cef56
sndasset,#hash_3418546d1d8219e6
sndasset,#hash_4cf9690ab5dde8a0
sndasset,#hash_63f473f3056abb12
sndasset,#hash_3294744dd40f5a55
sndasset,#hash_35e0f046c561efd4
sndasset,#hash_65543c0cec9196d0
sndasset,#hash_5e5f848419a4c582
sndasset,#hash_307aef1698c457dc
sndasset,#hash_66b744871736151e
sndasset,#hash_357d5428d0b7818c
sndasset,#hash_191229238ad71765
sndasset,#hash_3668e8dd85a59187
sndasset,#hash_6dd6adb807a53230
sndasset,#hash_191003b2a266dc8c
sndasset,#hash_36ab4bf9832023c2
sndasset,#hash_701614f34f4cba52
sndasset,#hash_68c6a76697972d9d
sndasset,#hash_3cc270c9f636bfa7
sndasset,#hash_3c63705978eb635c
sndasset,#hash_7aad8ad8b98c4d7
sndasset,#hash_2a8e50d7aa4500ab
sndasset,#hash_17ed916ba5d7dd8d
sndasset,#hash_18f5b2454b661788
sndasset,#hash_6737cb4ca3cf7946
sndasset,#hash_da98da8087542c9
sndasset,#hash_1b48bdd21030541
sndasset,#hash_3fadd46f38c4cfbb
sndasset,#hash_195f7b1f33c7d859
sndasset,#hash_1ad13e249845407
sndasset,#hash_62068e09bfbc20b
sndasset,#hash_34a70003deb454f2
sndasset,#hash_6dc261b36c47a0b5
sndasset,#hash_5ce43a8ea8c0d1cf
sndasset,#hash_721cc2fb4d429c41
sndasset,#hash_65c54aef67804d51
sndasset,#hash_481574e72507d656
sndasset,#hash_2692973f12b17b88
sndasset,#hash_60bcea0975549ec4
sndasset,#hash_3b90f9709863fcb6
sndasset,#hash_5356ebff8c343f09
sndasset,#hash_75b986d917aa804c
sndasset,#hash_39bf8adb1c41f0e9
sndasset,#hash_5968319f46df1fb
sndasset,#hash_11e2102725acd05
sndasset,#hash_777082d4df3adedd
sndasset,#hash_db739b375305431
sndasset,#hash_15242d4daa9c1bd5
sndasset,#hash_3abbc2dd4ee4320f
sndasset,#hash_989bbc4bc7ff1df
sndasset,#hash_2b643302945292b4
sndasset,#hash_28bd6d93da0946b4
sndasset,#hash_87378bc84262843
sndasset,#hash_eb295d57a073562
sndasset,#hash_6e55b602b8fc1d5
sndasset,#hash_365ffcbd3be19350
sndasset,#hash_5ad324e3945ec1f0
sndasset,#hash_c13d7aafbaf754f
sndasset,#hash_1189efb841e435df
sndasset,#hash_4700266719844cdd
sndasset,#hash_37672a36ddead828
sndasset,#hash_16413951a5245b40
sndasset,#hash_5ee8838e5c071128
sndasset,#hash_28d6c8895ab80645
sndasset,#hash_12ed03f531b549ad
sndasset,#hash_690ca8ff4e462369
sndasset,#hash_77e5b7a0f4d54695
sndasset,#hash_5f3d3d937fa66b3b
sndasset,#hash_5d68838a565223bf
sndasset,#hash_4c24d10764d0f216
sndasset,#hash_28d92952959d9ab1
sndasset,#hash_1ddb08d6d90c0310
sndasset,#hash_4bc914985eaf7da6
sndasset,#hash_448e66679bc1a1ff
sndasset,#hash_1761e57739c7d6e5
sndasset,#hash_501e447722fcf0f6
sndasset,#hash_7a2a8ae6263bbf36
sndasset,#hash_64eda9768ae43e46
sndasset,#hash_55f3f428caf75480
sndasset,#hash_7552b83a844b0cb2
sndasset,#hash_1ec38ff033371458
sndasset,#hash_70b6c191580bd6b4
sndasset,#hash_3804afa3ee5dd4f3
sndasset,#hash_3e983c674d57c9e2
sndasset,#hash_4c52d82e9c9828fc
sndasset,#hash_33942451c41690fe
sndasset,#hash_45b6fa377ee4eb6c
sndasset,#hash_7d757341d633aa45
sndasset,#hash_9d4d8c3a1005e67
sndasset,#hash_73d23967c5235910
sndasset,#hash_4e1459526fd105ec
sndasset,#hash_29a1186f3ab10222
sndasset,#hash_433836ed40827232
sndasset,#hash_4d35065802573fd
sndasset,#hash_2ce02ab265996b87
sndasset,#hash_48d8e3f54e5da5bc
sndasset,#hash_76ad5ff3b60cba37
sndasset,#hash_37db000344b4ee0b
sndasset,#hash_6ec756a525be81ed
sndasset,#hash_61be787fa98c83e8
sndasset,#hash_7fa05e59384b0b66
sndasset,#hash_711f96d06151529
sndasset,#hash_4c5fee27303aca1
sndasset,#hash_2a52f11c04bd799b
sndasset,#hash_162c270931daa1b9
sndasset,#hash_2f21ab6b737b71e7
sndasset,#hash_41b5c4e0f235076b
sndasset,#hash_22926964fde44552
sndasset,#hash_3b5a181c86076095
sndasset,#hash_20120d2556d060af
sndasset,#hash_7a65694f91fc2521
sndasset,#hash_251cdc0f737890b1
sndasset,#hash_7541ccede8d9e7b6
sndasset,#hash_6d8c47759ed6cce8
sndasset,#hash_6c5818fe54383fa4
sndasset,#hash_504b9efd2e97fe96
sndasset,#hash_2abc7346294869
sndasset,#hash_507286f03bf1e3ac
sndasset,#hash_1ed8b22dad46fec9
sndasset,#hash_379b819b90c758f4
sndasset,#hash_7c64cf0f15a622e5
sndasset,#hash_b1f25733508323d
sndasset,#hash_4ffed83d9f899a11
sndasset,#hash_2fe48b24173064b5
sndasset,#hash_4761d7cdc65eda6f
sndasset,#hash_6c332f13be45a4bf
sndasset,#hash_6b43d9268a45b94
sndasset,#hash_52fefafea79de294
sndasset,#hash_34a69e05a3c25b23
sndasset,#hash_296f36cf60d940c2
sndasset,#hash_1b5d5e1a829219b5
sndasset,#hash_3047a7d80915bb30
sndasset,#hash_5a656806b2862cd0
sndasset,#hash_1dff97bfeb3aad2f
sndasset,#hash_5e72aeb39341783f
sndasset,#hash_10ff719d28d25dbd
sndasset,#hash_686dabececc67c88
sndasset,#hash_7f58cacb0fb287a0
sndasset,#hash_149ab5e0918a6f88
sndasset,#hash_4b34fc03cce0fe84
sndasset,#hash_482c3a7c25a52e0d
sndasset,#hash_e1b2441a566c8c9
sndasset,#hash_2d5165932123b3b5
sndasset,#hash_61b468acea3f2a1b
sndasset,#hash_f6d3248583be11f
sndasset,#hash_2fd28ec53cd670f6
sndasset,#hash_494bdec6cdd0b611
sndasset,#hash_4ad323b5a94bfaf0
sndasset,#hash_1206d7adec975406
sndasset,#hash_4df036d67f71bf5f
sndasset,#hash_2b36d62b25e02d2
sndasset,#hash_63f0bfa9d3a906c9
sndasset,#hash_44dbedc636fd13b1
sndasset,#hash_7b050963338ba1cd
sndasset,#hash_2b39f2faf496ad97
sndasset,#hash_6a2fa945b46fe29b
sndasset,#hash_4d5b17d93ea92143
sndasset,#hash_1cf51e792a2a2fab
sndasset,#hash_76e2b56fabd8a387
sndasset,#hash_42ebfca602ee01
sndasset,#hash_145006b0764af0d
sndasset,#hash_2248fef1dfb4e701
sndasset,#hash_b68552509b1afff
sndasset,#hash_65a8a105161d6626
sndasset,#hash_7d45cff16f01c200
sndasset,#hash_4bea36df8dc06a4f
sndasset,#hash_58db106df119c9c7
sndasset,#hash_6a5f090abab7b911
sndasset,#hash_bbd88500f9eb4bd
sndasset,#hash_661ca121536360ea
sndasset,#hash_7b5f83d739345848
sndasset,#hash_76df6cc585ae7b87
sndasset,#hash_43351db4f0c8bf4c
sndasset,#hash_5cf0694b3a433c0c
sndasset,#hash_4fdba23ec17c8a02
sndasset,#hash_2d0e9747f9963357
sndasset,#hash_7c853c281d72286f
sndasset,#hash_13386a63315ed760
sndasset,#hash_479e2bf355297b84
sndasset,#hash_5ebc3c01ef24aec8
sndasset,#hash_167100b173d022d2
sndasset,#hash_1a7b4cfde76d3d0
sndasset,#hash_5cbda81862286b78
sndasset,#hash_50f5ec05d6ec8d5
sndasset,#hash_826f625dc1da616
sndasset,#hash_42dbed6336b4fd94
sndasset,#hash_68ad57a1ea4274a6
sndasset,#hash_65876a516aa3aeee
sndasset,#hash_1d60c65e215d8a69
sndasset,#hash_2e9011983de56113
sndasset,#hash_191d70eede45a60f
sndasset,#hash_112c54f751bf710d
sndasset,#hash_1c9ee18059c3111e
sndasset,#hash_3e08c909f385662b
sndasset,#hash_148374a47897a912
sndasset,#hash_7d4163d4dc0fc69a
sndasset,#hash_4679a6023c91b23e
sndasset,#hash_5fffbe8eb10c3c36
sndasset,#hash_2ea10b94fda387f2
sndasset,#hash_4da55efcec69f6ba
sndasset,#hash_30f4d28ee54a2728
sndasset,#hash_58038151aa2f0af8
sndasset,#hash_343dc575d3729fc7
sndasset,#hash_b33230fe58c5af3
sndasset,#hash_7040a087cc0f9ce8
sndasset,#hash_2e4c00bb058f4639
sndasset,#hash_6809544b15428b52
sndasset,#hash_f2e1f50596636a3
sndasset,#hash_3899980b0cf3d297
sndasset,#hash_7e762b72065cebac
sndasset,#hash_5328f0629140af2c
sndasset,#hash_2de7342b4dcf7512
sndasset,#hash_5afdc5c1a9417b47
sndasset,#hash_1ff5d837f57d4503
sndasset,#hash_4394e8ae7e34ab1f
sndasset,#hash_2cfa0fd5513cb6f2
sndasset,#hash_11ce34878cc4f4a2
sndasset,#hash_37d0186724b452a
sndasset,#hash_61a884a123e8cdc4
sndasset,#hash_6ffd1252f2a9cf80
sndasset,#hash_4699ee82c6d006fc
sndasset,#hash_3cd656362602abf1
sndasset,#hash_50fd0177ea56ee6e
sndasset,#hash_6cb58dfdc9fc9eb3
sndasset,#hash_3071d14f3300bc69
sndasset,#hash_60572add04f2afe8
sndasset,#hash_57a864845b9a6db2
sndasset,#hash_626929ddd96a0129
sndasset,#hash_30ac3f36aba42c91
sndasset,#hash_12e449cfde0c292d
sndasset,#hash_38fb6bd0480172f7
sndasset,#hash_7695cbb2fcea4ebb
sndasset,#hash_2ef2c7fb0ef443c0
sndasset,#hash_3000b95dc94f648b
sndasset,#hash_2fa85edcd5da346d
sndasset,#hash_548beb83f2a0e861
sndasset,#hash_c963d427a295a2d
sndasset,#hash_585aade686a66861
sndasset,#hash_3237372704f6645f
sndasset,#hash_730bb2f7569f9786
sndasset,#hash_4e140eaea3b91760
sndasset,#hash_ff8949b423ada2f
sndasset,#hash_74679e8df03c6927
sndasset,#hash_41c87984a2091e71
sndasset,#hash_779bfa39e8598b9d
sndasset,#hash_7419d371eba4bb4a
sndasset,#hash_6fe7093c65a3e9a8
sndasset,#hash_423a6890ef69dae7
sndasset,#hash_178e890216ff36ac
sndasset,#hash_72a49302c2c0476c
sndasset,#hash_77bcea9e1a9d3e2
sndasset,#hash_4471bb9f72be8337
sndasset,#hash_60cb147ed43fbc8f
sndasset,#hash_5f2d6cf0ab95eb40
sndasset,#hash_e65c82d55fa70e4
sndasset,#hash_1189b186264bb028
sndasset,#hash_517f6d1248a5b7b2
sndasset,#hash_1fa7a64949814430
sndasset,#hash_5d7d5a7f60eed4d8
sndasset,#hash_15fc40069994d9b5
sndasset,#hash_4bcaef39fe3176f6
sndasset,#hash_73be2e4caf2e3f4
sndasset,#hash_420340a926200606
sndasset,#hash_7dbc44210c49af4e
sndasset,#hash_21f38cfd321ad149
sndasset,#hash_26dc30f1725ac9f3
sndasset,#hash_3b0ac2fbeb680d6f
sndasset,#hash_3583c33c06ff1eed
sndasset,#hash_4cd0f428d9ef8d7e
sndasset,#hash_424338c0a1ea920b
sndasset,#hash_2a21fa1830288872
sndasset,#hash_4be195b47897f707
sndasset,#hash_420bb07d669fbe1e
sndasset,#hash_74cd44946ba62896
sndasset,#hash_5557dca1287c7d2
sndasset,#hash_7590b647ff3f6f1a
sndasset,#hash_61184f5700361008
sndasset,#hash_36c480036233dd58
sndasset,#hash_71df0bff35c64327
sndasset,#hash_3e64c38cc2e11653
sndasset,#hash_f4dfa71761c4cc8
sndasset,#hash_4021757769f86599
sndasset,#hash_6e13ac7dc7c52932
sndasset,#hash_2563538b2638ea83
sndasset,#hash_76513216b5c442f7
sndasset,#hash_635f8fde0d50088c
sndasset,#hash_650df8bd80f0f0c
sndasset,#hash_7427acb0518e3772
sndasset,#hash_6948c22b53bf7727
sndasset,#hash_6e5bac3458b14ae3
sndasset,#hash_3b43b18bc9274c7f
sndasset,#hash_41e5c129fa4704b6
sndasset,#hash_caebe9941cd2482
sndasset,#hash_513f70bc8eab908a
sndasset,#hash_3e3fbba56049ea64
sndasset,#hash_50f45440deb37a60
sndasset,#hash_3cc661624ca075c
sndasset,#hash_6ff12bbab8365d51
sndasset,#hash_325f5d7b6c9ce14e
sndasset,#hash_31f0265d7a1ad313
sndasset,#hash_53bcb5f1c5a17349
sndasset,#hash_319d02241f8951c8
sndasset,#hash_23e51b15d878c996
sndasset,#hash_93f24210b34244e
sndasset,#hash_25aa73c7f8230e2e
sndasset,#hash_6f2fc7f287d3ea53
sndasset,#hash_74998341d8549476
sndasset,#hash_1a7eedc976c86c8d
sndasset,#hash_f4e969c03090816
sndasset,#hash_66947515b9d61eee
sndasset,#hash_67f76a19b1e09517
sndasset,#hash_76e0987a54914f62
sndasset,#hash_6db5b75f986edb6f
sndasset,#hash_3f230a70af3ff05e
sndasset,#hash_55d041218ce20490
sndasset,#hash_50e3e6e06ae1c5d5
sndasset,#hash_539a34628ae64582
sndasset,#hash_4b039eb8515dc116
sndasset,#hash_4a110db4227b9259
sndasset,#hash_ed57e026717e078
sndasset,#hash_41a33d431fb164c6
sndasset,#hash_144540b4129cd8f9
sndasset,#hash_40497b27faf006d3
sndasset,#hash_4f85d2e8d4545176
sndasset,#hash_13471ccd48364f39
sndasset,#hash_5c1cf7d75b7feb97
sndasset,#hash_363cccc6618f1cd0
sndasset,#hash_459935e4697253d4
sndasset,#hash_10a2a7763c99ad85
sndasset,#hash_33f0be0848f5b5cf
sndasset,#hash_79623535cc28ee30
sndasset,#hash_1085db0d0bcd359b
sndasset,#hash_2922fedf83e3314e
sndasset,#hash_30c9322d4f595cc3
sndasset,#hash_ba7c295243a9e73
sndasset,#hash_4ef5468aeabff796
sndasset,#hash_5941f1f91596a02d
sndasset,#hash_2a46c5b48e235536
sndasset,#hash_74a0bde59896b40e
sndasset,#hash_48a61e2077fafcbd
sndasset,#hash_7a779077b9e36802
sndasset,#hash_53b65fc663dca68f
sndasset,#hash_59ea1f2f092eb7fe
sndasset,#hash_5dc030f942a346b0
sndasset,#hash_68cd88e9db15bf69
sndasset,#hash_6cf086bd7fba41a2
sndasset,#hash_a89e86c098d80b6
sndasset,#hash_20abbf61b6ed21f9
sndasset,#hash_37ffd87493114118
sndasset,#hash_5ba9a58bb304ade6
sndasset,#hash_527bf8bf4c389619
sndasset,#hash_7bff7d91bfb9ce73
sndasset,#hash_74b65781c1098b96
sndasset,#hash_181721795ff18fd9
sndasset,#hash_1ed1ea48c2019d37
sndasset,#hash_15039c841f0aeb70
sndasset,#hash_20a021c625bd03f4
sndasset,#hash_4e9fc6721bf544a5
sndasset,#hash_2e9fd24f02586d6f
sndasset,#hash_450748189e1b2f50
sndasset,#hash_5cd73143762410bd
sndasset,#hash_741a1e3484498c71
sndasset,#hash_4349c5893bf80fbf
sndasset,#hash_1817d87dbe033ff0
sndasset,#hash_194882f2d2497fc9
sndasset,#hash_66f48343e646016a
sndasset,#hash_47d34372e72ad9ad
sndasset,#hash_65861d5590954795
sndasset,#hash_500e3ce4850d97ac
sndasset,#hash_54e6fb09783e59e1
sndasset,#hash_78deda84c71f03c1
sndasset,#hash_7f4553501d1666be
sndasset,#hash_4dbadddefe649b7b
sndasset,#hash_7837f7f53816e05e
sndasset,#hash_5d4efdceef578845
sndasset,#hash_4c9cf3b36a7fe3a9
sndasset,#hash_2aab2945b2c28eac
sndasset,#hash_31504b9f91cf692b
sndasset,#hash_1609a79a62f0dabd
sndasset,#hash_491f60e53c13350e
sndasset,#hash_75c3ac93a5d2410c
sndasset,#hash_79c29d6ef064de15
sndasset,#hash_42a71f8d5c842196
sndasset,#hash_3acc1b2c3a8b81e8
sndasset,#hash_a74682cf4cc615f
sndasset,#hash_5ebf292ac3dbc267
sndasset,#hash_bff5d80d3617c7a
sndasset,#hash_3754c8f12f1b4e40
sndasset,#hash_2162d22dd8b82889
sndasset,#hash_182be5dc4555a90d
sndasset,#hash_38aaf2a3470dc501
sndasset,#hash_7f7d8aa1bf069de5
sndasset,#hash_27742e84c57324c0
sndasset,#hash_48292f86aafc8a39
sndasset,#hash_5871792aa18f32da
sndasset,#hash_26cd4ac695e6c71d
sndasset,#hash_3b349c1ba48b01e5
sndasset,#hash_66383dab99cf30bc
sndasset,#hash_3b77dcff467351c9
sndasset,#hash_6f8b35fd3f62642c
sndasset,#hash_2aca5b59b0d30971
sndasset,#hash_568e143da34d034b
sndasset,#hash_6663fc48640367ae
sndasset,#hash_33d4ef2b24985d15
sndasset,#hash_122d9fa23e34cdf9
sndasset,#hash_68c42d03c5829d5c
sndasset,#hash_486f4bb5188a88fb
sndasset,#hash_272dd3a7836ea98d
sndasset,#hash_776056b981b1ff3e
sndasset,#hash_2282fe96965c857c
sndasset,#hash_1b6498170aa28b65
sndasset,#hash_2a358e6aeaf10806
sndasset,#hash_7556330f52a2e978
sndasset,#hash_2086c2cd75b3cbcf
sndasset,#hash_462226c30f749837
sndasset,#hash_a2f88a79c66716a
sndasset,#hash_416961238e042310
sndasset,#hash_799c9815728268b9
sndasset,#hash_4de31134c3fcc04d
sndasset,#hash_51af061d7683f159
sndasset,#hash_6f636ed523e7635a
sndasset,#hash_40c1ee1f4561ca24
sndasset,#hash_4d02bdfd75b7ecbf
sndasset,#hash_528204c943637051
sndasset,#hash_460bea9e6a4a7eea
sndasset,#hash_46d869c7883edbc6
sndasset,#hash_2b8ede27cd36b06b
sndasset,#hash_4009a7f33f3845e6
sndasset,#hash_683b88bdfe936f82
sndasset,#hash_533a082223bb6f49
sndasset,#hash_41823ff28dd759fc
sndasset,#hash_2ea47e77955ac651
sndasset,#hash_653d0d173f090ea7
sndasset,#hash_595b5f53410e1901
sndasset,#hash_58ffd338336c185
sndasset,#hash_2ef53e536316ec8f
sndasset,#hash_474ed5f3fec5fb34
sndasset,#hash_7d62e9cc63c78536
sndasset,#hash_35d7a280afd33479
sndasset,#hash_7c052f6864fcbf12
sndasset,#hash_3e43fef7f85c6412
sndasset,#hash_5e353f43b213974b
sndasset,#hash_110bf84adaec98b9
sndasset,#hash_599ddb6152b2ecc1
sndasset,#hash_20536edefbcae5f0
sndasset,#hash_34cbcf2bfcd28102
sndasset,#hash_32386fb224070f81
sndasset,#hash_244c87f37896f0cf
sndasset,#hash_3e5446a5b93a695e
sndasset,#hash_705de23ce3a31c1b
sndasset,#hash_3f8c2cbb8800619
sndasset,#hash_740fbe0cbd4eaad7
sndasset,#hash_3699af390594f2d1
sndasset,#hash_46b5ffa744bc3eac
sndasset,#hash_6072c23b3445e704
sndasset,#hash_54cd87e23eb31c1d
sndasset,#hash_17281cb6d103319a
sndasset,#hash_757ce27a5ca7e52a
sndasset,#hash_1ba6b16c33a16427
sndasset,#hash_325555a265fa7ce2
sndasset,#hash_43d74b9d5313ecad
sndasset,#hash_59fd67edd0ffea41
sndasset,#hash_7f656ef6a3857e90
sndasset,#hash_5d28a7fe2bbc7715
sndasset,#hash_65eacd833d141256
sndasset,#hash_60300693feed1301
sndasset,#hash_432206ad9a80b129
sndasset,#hash_2f4a47ae0bd1ff52
sndasset,#hash_145c882546060043
sndasset,#hash_4f52cf9fdf60dce7
sndasset,#hash_52f811d00fc58e4f
sndasset,#hash_e322f9f8533d918
sndasset,#hash_17210dedfde190dd
sndasset,#hash_277653817c2a4fae
sndasset,#hash_5c88cb8132a1a499
sndasset,#hash_2da8a7472dc4b491
sndasset,#hash_bac42ed77a8b6ca
sndasset,#hash_7d450cc61fdb882b
sndasset,#hash_251a23345269012f
sndasset,#hash_4a3657087da8e2e7
sndasset,#hash_4a32530c4fe163e
sndasset,#hash_637301309131f1ab
sndasset,#hash_3b89da4d217068c8
sndasset,#hash_2f64d7a3fcaa2997
sndasset,#hash_5ffacf36461f76c7
sndasset,#hash_382daed6fb7af44c
sndasset,#hash_2fa809b0dc5e4b11
sndasset,#hash_190ebe1f5a96f5d
sndasset,#hash_64dfa4f4fd2a1901
sndasset,#hash_7014d0f8745f6477
sndasset,#hash_32f5e79608265798
sndasset,#hash_66d3f3b582f72099
sndasset,#hash_52babb7458f48b64
sndasset,#hash_32f39a3b28a7a16e
sndasset,#hash_3a886e6f0006ba05
sndasset,#hash_2c8e2dea07ecb9d6
sndasset,#hash_aa747894c80cbe2
sndasset,#hash_25e2d410750b4830
sndasset,#hash_1d0eca905753db0f
sndasset,#hash_2b118b86113984b0
sndasset,#hash_3a6a86c84c32b481
sndasset,#hash_2bda1721b80d042c
sndasset,#hash_16f07e60840e0146
sndasset,#hash_602330e8d683614d
sndasset,#hash_7c39ab35fa4c352e
sndasset,#hash_329fbfe990af3dfa
sndasset,#hash_1ce4259919d38e38
sndasset,#hash_62d162e5d57bc708
sndasset,#hash_27519ca7f30d9e5c
sndasset,#hash_34cda7160c4cf5c9
sndasset,#hash_4a23273f741046cf
sndasset,#hash_7e0ee456a62f835e
sndasset,#hash_3acc7046974c8146
sndasset,#hash_760491203a784ed0
sndasset,#hash_1d5d422e7ff73b56
sndasset,#hash_674713bfa56cc393
sndasset,#hash_795a499cf149601d
sndasset,#hash_7158fccd84c1adc4
sndasset,#hash_5caafcc2506560a1
sndasset,#hash_375d4915a736db96
sndasset,#hash_a0333cf917b756a
sndasset,#hash_3ebf68d5c4769847
sndasset,#hash_504ca769eb9f8b71
sndasset,#hash_6694b714e36e4785
sndasset,#hash_632db5f1f77fa22f
sndasset,#hash_64a14a40c75833f3
sndasset,#hash_49f43dc2d1b40872
sndasset,#hash_1a946abf30b1dc16
sndasset,#hash_7e02913967a311c1
sndasset,#hash_435f4ba26dee4cc2
sndasset,#hash_5a9fcf2662eab396
sndasset,#hash_ec0666e5847e0b2
sndasset,#hash_6bb81f8622b5200a
sndasset,#hash_977feeea9808d5b
sndasset,#hash_33b72fc19a75f0fb
sndasset,#hash_bf368d8d5f6667a
sndasset,#hash_51e2a4f47843221c
sndasset,#hash_708c0c3217213d5e
sndasset,#hash_2940440de970ae2e
sndasset,#hash_43da0f9902d89f2b
sndasset,#hash_33eff83794053430
sndasset,#hash_321f4362ea85cd48
sndasset,#hash_79dad6b449d07d27
sndasset,#hash_10d91bfa16b747c7
sndasset,#hash_5b5747cc24e57798
sndasset,#hash_141325d9d7b94949
sndasset,#hash_42444a3323d3a5b7
sndasset,#hash_507ae7c7ee0e30c3
sndasset,#hash_296e21443551a7ae
sndasset,#hash_293d1e5268afc86
sndasset,#hash_492665e89daccb73
sndasset,#hash_60d2719101c9d331
sndasset,#hash_7fd3889e735adad2
sndasset,#hash_5fe2b6892c7d0e74
sndasset,#hash_750f8296cd95559c
sndasset,#hash_684280edf70ab1f1
sndasset,#hash_78fd6b016ce14c77
sndasset,#hash_108af6a820021bbd
sndasset,#hash_514ea0df1ae56487
sndasset,#hash_319be1e502e0008a
sndasset,#hash_3fcc15cac1431620
sndasset,#hash_55c5c2e6bdda912
sndasset,#hash_af3b66ff49d238d
sndasset,#hash_36d7d92fa5845c6d
sndasset,#hash_65414878112a3a74
sndasset,#hash_5d17fd202f93d331
sndasset,#hash_70761b3d395a2186
sndasset,#hash_7f107700faa9a5ba
sndasset,#hash_72c406dfa31050d7
sndasset,#hash_5343758b3b4a1e81
sndasset,#hash_3e825d3808fc0135
sndasset,#hash_6902e4758a8c47bf
sndasset,#hash_11ea7ddc2ff65383
sndasset,#hash_79ec5ba631775bfe
sndasset,#hash_67c8b3dd308730ca
sndasset,#hash_44348a0ccea17711
sndasset,#hash_452cf43e840d7372
sndasset,#hash_33fa62d383cccf86
sndasset,#hash_7168915eafc530a2
sndasset,#hash_6b70d58fd001be7a
sndasset,#hash_253ffe07fb46ca87
sndasset,#hash_2f26feee2b4cf4b
sndasset,#hash_681164b0b4eb51aa
sndasset,#hash_2be1b90314d94d4c
sndasset,#hash_4c7b331853642bce
sndasset,#hash_e2e6ad0ba92a15e
sndasset,#hash_59ce9d4cbedeebdb
sndasset,#hash_748c2abc92f53bc0
sndasset,#hash_281864498a051e98
sndasset,#hash_10d49fe7fa761297
sndasset,#hash_67bf53b4e3d22597
sndasset,#hash_1b1cd81dd876c028
sndasset,#hash_55206b35abf565b9
sndasset,#hash_6d0e58c73a6506a7
sndasset,#hash_9e1b8901a2ebcf3
sndasset,#hash_41b4c9b211873dde
sndasset,#hash_39958009f8578c56
sndasset,#hash_21e96e26c9f69603
sndasset,#hash_533469c0ac1954a1
sndasset,#hash_b91b45ce914e122
sndasset,#hash_37cb3393c6b0fbe4
sndasset,#hash_7c1133d80d50b21f
sndasset,#hash_18f6f166e1714dd0
sndasset,#hash_71c2c65ec548839f
sndasset,#hash_2bed14d8f5a620b0
sndasset,#hash_392429e0a0d9bae1
sndasset,#hash_52c87a3f6e0a8681
sndasset,#hash_47e9da9d9750b12b
sndasset,#hash_b20c0effaabc96c
sndasset,#hash_13978fa82ac10aec
sndasset,#hash_48f8ae6e681d3a6f
sndasset,#hash_69cfda864a8c9a02
sndasset,#hash_1cc1f09a60771097
sndasset,#hash_31d6fe0c7fb85c22
sndasset,#hash_74a6a0be69a49c45
sndasset,#hash_33a2c7dfcfabd769
sndasset,#hash_5e90da7914eddd36
sndasset,#hash_1066cf477655e1ce
sndasset,#hash_11c2af80413aaf30
sndasset,#hash_446ad6a82d685128
sndasset,#hash_c97be4a08a67785
sndasset,#hash_1f14e518da406295
sndasset,#hash_360b8d8419c2d627
sndasset,#hash_5be6ff08e63b139b
sndasset,#hash_179516382db5bee1
sndasset,#hash_12a8a9be6c1e1fb1
sndasset,#hash_11eeddef47f0c1e9
sndasset,#hash_7cb744138215ffe0
sndasset,#hash_7dbee020fff7d4cc
sndasset,#hash_57b6b977a0b15891
sndasset,#hash_7617f12a92b76863
sndasset,#hash_6fb7e789025e5add
sndasset,#hash_787b4dd579160cd5
sndasset,#hash_6c6a3526386f4cf6
sndasset,#hash_3ed75baaf1a2cdbf
sndasset,#hash_133c34a8c1c9345b
sndasset,#hash_7f1cc4b9b017cf70
sndasset,#hash_64144b37c568ed34
sndasset,#hash_411c9746abb90be3
sndasset,#hash_149b1cd2c64ac057
sndasset,#hash_39c7f677e61baef0
sndasset,#hash_1f777b4d3fe1ac44
sndasset,#hash_24699f7a5bad4e01
sndasset,#hash_3babccc4db7b9a37
sndasset,#hash_5338cca2541c0d18
sndasset,#hash_209925db14ce79ca
sndasset,#hash_ada97fc4b2eab39
sndasset,#hash_3ac0aefcf6075087
sndasset,#hash_51f002e6b7bd1c64
sndasset,#hash_4aabfedd0361f2e4
sndasset,#hash_4815b9acf19ca999
sndasset,#hash_76c3131c353c2418
sndasset,#hash_495c2a8f6c671f69
sndasset,#hash_5137a709a9aeed29
sndasset,#hash_7bac664cf23f32e3
sndasset,#hash_2781c0f2549b859d
sndasset,#hash_125e78a58ac09b44
sndasset,#hash_57338e7c701b7dbe
sndasset,#hash_797a473ad2dfc340
sndasset,#hash_286f7813f1e9d72c
sndasset,#hash_273d9d627a91d00d
sndasset,#hash_ddf33661b30b605
sndasset,#hash_20b92fa2df1197e0
sndasset,#hash_54d38475df38dffe
sndasset,#hash_48074543ae398406
sndasset,#hash_48dcab82e72431a8
sndasset,#hash_264fbfc2688c94f0
sndasset,#hash_5ff479b12c2320bd
sndasset,#hash_65e857d860b2cc4d
sndasset,#hash_1c3190d83753b451
sndasset,#hash_3952ef4b49ee6cea
sndasset,#hash_700c047169540945
sndasset,#hash_7119cf1c576cc6a9
sndasset,#hash_1f05f1bfda1615e1
sndasset,#hash_4aa18c09ed2ec2b8
sndasset,#hash_6235ec7f8ce47755
sndasset,#hash_6a00b2ef54fbcf99
sndasset,#hash_6f84ef4147cee32f
sndasset,#hash_2477a213b1145235
sndasset,#hash_7096c9fcd4b96c3d
sndasset,#hash_15dcee865e784ddc
sndasset,#hash_316ddd7f0e95d697
sndasset,#hash_62431824ea119313
sndasset,#hash_3452ccb2f164c678
sndasset,#hash_ca7c3d6c2fefd6d
sndasset,#hash_5804c54ae71717a7
sndasset,#hash_45d814f51f6758e2
sndasset,#hash_19fd9f0756493b38
sndasset,#hash_ecc2b1cedac76c
sndasset,#hash_34164cb7057b3c69
sndasset,#hash_622544c2c1e31b1f
sndasset,#hash_784af62b55609360
sndasset,#hash_22487624f6e48692
sndasset,#hash_326b09ffabddcd21
sndasset,#hash_30218533fa28beff
sndasset,#hash_3c8929637c0fc041
sndasset,#hash_6af6d0c6890321ac
sndasset,#hash_3e6e0ecfaae71fb1
sndasset,#hash_c9e701eab67b29c
sndasset,#hash_4345815c9e1a0f5f
sndasset,#hash_9ae9a0340a2e5a
sndasset,#hash_4ca3ac8f377ba006
sndasset,#hash_193aab83ee89173
sndasset,#hash_57ac28f61c8a293e
sndasset,#hash_17eba4e14fb0495b
sndasset,#hash_d0cea441a5f5522
sndasset,#hash_28aef43b0934364f
sndasset,#hash_7b0b0e3e0d2e2337
sndasset,#hash_4b94568e6ef0593e
sndasset,#hash_bb87c87e891025e
sndasset,#hash_582db4b69ebff598
sndasset,#hash_24904179f615d696
sndasset,#hash_2191779a5ab4fd2
sndasset,#hash_412b120c862d46fc
sndasset,#hash_8b87d90685d3786
sndasset,#hash_7d503ccf42a8e1f3
sndasset,#hash_1648262ac138443b
sndasset,#hash_6d1ea2ef2fdbcb6d
sndasset,#hash_3f99e682e63f9616
sndasset,#hash_1163cb6014616368
sndasset,#hash_14491b8dcaddb0fb
sndasset,#hash_1f9ff4a39ee4d2ac
sndasset,#hash_79df4f553ad1c4ed
sndasset,#hash_bd1d0a2f4a4774c
sndasset,#hash_65947a96fbbb6bc1
sndasset,#hash_29890bc93dd4b820
sndasset,#hash_50e019d402243af4
sndasset,#hash_16d44d7d19f25d64
sndasset,#hash_4dfae89810cc2bbc
sndasset,#hash_42c1b39964e3c5f9
sndasset,#hash_ecbc7170c2a1cc0
sndasset,#hash_7b157319d7bb60e1
sndasset,#hash_18ada7961c62fcf2
sndasset,#hash_56b18108b48e4be3
sndasset,#hash_22d4a363ab053ee8
sndasset,#hash_2b45b3c0fcb487f3
sndasset,#hash_7bbffe3920609d86
sndasset,#hash_7dad8342193b33c4
sndasset,#hash_604f849332dfc0f5
sndasset,#hash_2eb76ca8d3bb69e3
sndasset,#hash_22fabf37c068297c
sndasset,#hash_4a00a568beb925c2
sndasset,#hash_5ae5b59c54244ce7
sndasset,#hash_2fb27315a93b2b1e
sndasset,#hash_2f61b38653f28fb3
sndasset,#hash_6c4326ec4c7a3ab3
sndasset,#hash_74dd88215eeb3384
sndasset,#hash_47aa757ba348e4ec
sndasset,#hash_4e5788ba94b2e970
sndasset,#hash_32b6610babeeb643
sndasset,#hash_6e2605670fd66a34
sndasset,#hash_700cfe5331755f5d
sndasset,#hash_7a19ad78283d046d
sndasset,#hash_4f9f79eb8cd0339b
sndasset,#hash_43fa406fcdb52adb
sndasset,#hash_6bfdde906f8b32b5
sndasset,#hash_4eb1921b722ece83
sndasset,#hash_58bcf32fbbc0e547
sndasset,#hash_a2c8f0f7cd6d85d
sndasset,#hash_4f4bc68070f828b4
sndasset,#hash_7c3bf1512b290f52
sndasset,#hash_57db5cdb3cba93c1
sndasset,#hash_6ef21d9a6255d81d
sndasset,#hash_5e4926c7ed975617
sndasset,#hash_aba0a8ddaa98f17
sndasset,#hash_6a0918ed2ed3145a
sndasset,#hash_4488d502e2d7912f
sndasset,#hash_26a9df566c545dd6
sndasset,#hash_4d515d32c8d37b01
sndasset,#hash_339b2134e762fcc1
sndasset,#hash_167406b86e361fbb
sndasset,#hash_9f68f7db020cf57
sndasset,#hash_18d56ae45ecc7e96
sndasset,#hash_896c0a36fc47dfe
sndasset,#hash_226b18c49189e579
sndasset,#hash_6529bc4e511ef201
sndasset,#hash_529c7015703d18ff
sndasset,#hash_3b64af0e4212509f
sndasset,#hash_549bf8046d2d8b9d
sndasset,#hash_38db2e3d624ef05b
sndasset,#hash_77edc402628130d9
sndasset,#hash_71961340bffff6e0
sndasset,#hash_3ed62aa5448a8992
sndasset,#hash_44316fc8d10ac506
sndasset,#hash_73f0a2410c92f691
sndasset,#hash_6c0bb43b48c0a9a7
sndasset,#hash_167668e5f1e61248
sndasset,#hash_403c0e4f307922b
sndasset,#hash_a75cdc72100f903
sndasset,#hash_144bb206dc851aca
sndasset,#hash_67c066149c6da56a
sndasset,#hash_43f72501b74ff165
sndasset,#hash_56d69f98cc93d36f
sndasset,#hash_6a47d28f68cb8301
sndasset,#hash_585aec9e839df478
sndasset,#hash_36a0f861af765b09
sndasset,#hash_71786169714bf570
sndasset,#hash_1f38bf6d393295af
sndasset,#hash_a3253ac42df332a
sndasset,#hash_544011f0d0a89d6a
sndasset,#hash_33f56df1634d3899
sndasset,#hash_210de3ee0f791d52
sndasset,#hash_2b4327cf11331c91
sndasset,#hash_5333d962f52d7f1f
sndasset,#hash_347fd46f1bbb81f5
sndasset,#hash_53d3692cef7e19c
sndasset,#hash_34ffb6ae8c69733f
sndasset,#hash_1070673f876e02ed
sndasset,#hash_72fcfd0f1c0c9406
sndasset,#hash_523194fdb70eb134
sndasset,#hash_467c31bfe2b375b7
sndasset,#hash_3ea89c2fc63ea06c
sndasset,#hash_2f8749a6998dba4a
sndasset,#hash_4275db990b933f98
sndasset,#hash_174d1496be1a1661
sndasset,#hash_7b5c3c6c0b5c1cc8
sndasset,#hash_75c361b937152cc2
sndasset,#hash_48282fb665f0ee5d
sndasset,#hash_2b80db6614f0b27b
sndasset,#hash_69641cc7f7801349
sndasset,#hash_2016def375e2b068
sndasset,#hash_5e004dc3fc990a73
sndasset,#hash_62ba8d5ba1ae3d61
sndasset,#hash_360dd2a6ce9ffa22
sndasset,#hash_c4a010754819800
sndasset,#hash_44b35b79a763203
sndasset,#hash_1dfa0382ea1467a8
sndasset,#hash_25e8702200ec1a6e
sndasset,#hash_561f96e68e587324
sndasset,#hash_2ba14895c2864935
sndasset,#hash_299a291d336e99b4
sndasset,#hash_1fb3bacb246f357e
sndasset,#hash_33ad9795e9e855d1
sndasset,#hash_343fbbfe7690fb9
sndasset,#hash_57660f8bcfddaba6
sndasset,#hash_e1aeb68b05e19fb
sndasset,#hash_22f41018c398bbc0
sndasset,#hash_2c070993be24edde
sndasset,#hash_64c13297cfecc64d
sndasset,#hash_33fdd63cd9b7c459
sndasset,#hash_62cb771f1585118a
sndasset,#hash_33de371b318b3afb
sndasset,#hash_671fbba5b3e8be78
sndasset,#hash_1e50ec4d058c723b
sndasset,#hash_abbe52fccffd661
sndasset,#hash_5dc9e3ba3a746df7
sndasset,#hash_5de948df45bcd4e1
sndasset,#hash_2f2dceec7fa07af0
sndasset,#hash_1df5aafc0abfbada
sndasset,#hash_1b7bfd0647e2a981
sndasset,#hash_3d5561ba498a117
sndasset,#hash_515f249db1c1ba24
sndasset,#hash_6b68000f4a41f2d2
sndasset,#hash_66fda0d6aeacb729
sndasset,#hash_20737ee63c69715
sndasset,#hash_6c793e0e44db3dd
sndasset,#hash_39bbf53c948fd058
sndasset,#hash_13e932fc94cedf4f
sndasset,#hash_147af89f977448fd
sndasset,#hash_5d23f9c7a519b76e
sndasset,#hash_8ae18f186879483
sndasset,#hash_106cd96cf562712d
sndasset,#hash_3a938d63870bab34
sndasset,#hash_228cc688f3dbc4d
sndasset,#hash_4bb0ea7eb83244a5
sndasset,#hash_254659031d3fc9b9
sndasset,#hash_bfa544dd752d18f
sndasset,#hash_1ad573765091aae8
sndasset,#hash_6e5d82d81d250dbf
sndasset,#hash_21a31cd70496bcfd
sndasset,#hash_68bc6d496c5441df
sndasset,#hash_74f2bd74e3842ff7
sndasset,#hash_16507efd3d4bbc45
sndasset,#hash_6e1889f426d59e2f
sndasset,#hash_51897d638d2559ad
sndasset,#hash_5e32b02613d61b0
sndasset,#hash_461688655f513bad
sndasset,#hash_5bddd37cb4e6040
sndasset,#hash_70c166b1a81c2e67
sndasset,#hash_11de1a6d80cc9771
sndasset,#hash_13710b6b6d90a281
sndasset,#hash_193b7c7204591463
sndasset,#hash_648c59f330aec64
sndasset,#hash_13c513069a7b3783
sndasset,#hash_2a2e00d401f3d9b0
sndasset,#hash_c6e509a7dfa1dc7
sndasset,#hash_22c8326b26bab2e6
sndasset,#hash_49ff2c85e877ffce
sndasset,#hash_7422622a7583ceca
sndasset,#hash_302ad740d06bf7dd
sndasset,#hash_290f92a3f4558aac
sndasset,#hash_134354834c36ce97
sndasset,#hash_1f6afee2b39886dc
sndasset,#hash_4f34fb664c14dab6
sndasset,#hash_4b6d0de9d745bb3f
sndasset,#hash_266404f2f68f577e
sndasset,#hash_3e49b3cc634b41d1
sndasset,#hash_391258399d073042
sndasset,#hash_5d5018a50adbc18c
sndasset,#hash_5018989ffb9eeae1
sndasset,#hash_589b073bae097308
sndasset,#hash_627e5037c8d2b81d
sndasset,#hash_32d7a73b766df0f4
sndasset,#hash_4125f2c3ba3bd48a
sndasset,#hash_61ceaaf47b9329a6
sndasset,#hash_157b3e132131d568
sndasset,#hash_1be90892abdb7cb
sndasset,#hash_79068e5fa30c96e8
sndasset,#hash_5242d08484b32803
sndasset,#hash_4cf7f6ad7ad3be80
sndasset,#hash_7034e794455e1399
sndasset,#hash_4fb3ad04129e4bd5
sndasset,#hash_706ca601d89dbb04
sndasset,#hash_3941a37546ec386b
sndasset,#hash_b69411fb751f9f5
sndasset,#hash_30b4e9cc0ce13c9b
sndasset,#hash_24cd628ed5f906af
sndasset,#hash_2d9b9fd3a7e844eb
sndasset,#hash_4da9101bfd19d6af
sndasset,#hash_1c00f8c5f82d832d
sndasset,#hash_5c6e3345a352c8be
sndasset,#hash_f963714f60b7d66
sndasset,#hash_3b078d08b36e2bad
sndasset,#hash_1c04012e0df63673
sndasset,#hash_378e455971ca90c3
sndasset,#hash_6b023496a96e0f01
sndasset,#hash_42de5586197bac3c
sndasset,#hash_1c5ce0ebb667bcef
sndasset,#hash_1a1edc9b95aa9f69
sndasset,#hash_713b12c932281c17
sndasset,#hash_156b666db276b68f
sndasset,#hash_6e46a29377b47ea8
sndasset,#hash_560e3d77753e1dba
sndasset,#hash_4af202a5efd511ee
sndasset,#hash_79e6046b124b41c9
sndasset,#hash_7cb2542bebec9bc5
sndasset,#hash_7206a3a5271d76f4
sndasset,#hash_6a4f1b74882e801c
sndasset,#hash_460c46595b80fbe5
sndasset,#hash_5db6ca3813cb190b
sndasset,#hash_5a3d783a4374cf5f
sndasset,#hash_7a34dde88a6d1e3f
sndasset,#hash_2750707d5c4c211c
sndasset,#hash_6c5a7739559b873e
sndasset,#hash_54f2f33c5252dc32
sndasset,#hash_4c8d7b7f482ea0c3
sndasset,#hash_19283ba5ebc85a
sndasset,#hash_7b39c80c5453fad2
sndasset,#hash_d755c9b299ee338
sndasset,#hash_787cb97bb6367746
sndasset,#hash_1f725d701818cb80
sndasset,#hash_38efe8709eb789b2
sndasset,#hash_5fd25221e1eabeea
sndasset,#hash_31534a2ac763ad0a
sndasset,#hash_63d495451d158632
sndasset,#hash_1aafd2eeabd55454
sndasset,#hash_489cfa45e61bc2ba
sndasset,#hash_1d8ffa990dbea9e3
sndasset,#hash_2b471df48a2174a3
sndasset,#hash_5dc4fd273c12e036
sndasset,#hash_1c5e8b1ed1a9445d
sndasset,#hash_fb367c5a2a3da60
sndasset,#hash_1bdb603d9331ae36
sndasset,#hash_585f4367ce1e235f
sndasset,#hash_6b6c015cfadd70f6
sndasset,#hash_7de8a47e94cc35eb
sndasset,#hash_5d8d1ba799bac95f
sndasset,#hash_6bf3cde92d3bed52
sndasset,#hash_2266d6b91e5a1c1a
sndasset,#hash_44c0b3ec4b34dccb
sndasset,#hash_136933f4a65178b7
sndasset,#hash_450768ccc95b2e7a
sndasset,#hash_527789550949c260
sndasset,#hash_2097bb8f40b9432e
sndasset,#hash_60efc58ba848cce6
sndasset,#hash_69b3f4c98f62ce48
sndasset,#hash_29e2f5487894aadb
sndasset,#hash_739798e1fb84ad78
sndasset,#hash_1a1d08b9d74a9cfb
sndasset,#hash_7fe345ded2e81eff
sndasset,#hash_33c487d0de7a0e31
sndasset,#hash_4c01917c381cc465
sndasset,#hash_1ed842b93784f3f6
sndasset,#hash_728b67ee13663367
sndasset,#hash_71e4dc4786d8db8
sndasset,#hash_48dbe2bb5d4ecb3b
sndasset,#hash_5fbf2b1d5daeb73f
sndasset,#hash_360ab51b1824b971
sndasset,#hash_78cbfeb6a8f9e7a5
sndasset,#hash_3279d42b5b86f436
sndasset,#hash_2ffbc53f98c34aa7
sndasset,#hash_5ad0bd9731b3c736
sndasset,#hash_380654a1c8e58b6d
sndasset,#hash_12ff842a9ffcac19
sndasset,#hash_e356add6bde627
sndasset,#hash_2a67824b077efe63
sndasset,#hash_749e9ac0b03cb1c4
sndasset,#hash_6e7aea3e201156e9
sndasset,#hash_20f04ab78d7f6ba9
sndasset,#hash_7409401d94d739ac
sndasset,#hash_5800a6a53e949a9e
sndasset,#hash_4581c4cc52d3e7d2
sndasset,#hash_51cfdbfe50e03f32
sndasset,#hash_403b3d75f92d3bd9
sndasset,#hash_15fb92a521c71dfa
sndasset,#hash_58d378ec5fde4191
sndasset,#hash_1f41d7000df1ff54
sndasset,#hash_6f0b6b3155a896c6
sndasset,#hash_749cf249f46d371a
sndasset,#hash_40e94c46806afcaa
sndasset,#hash_45c5c2c631d813d1
sndasset,#hash_50e1d7dfcfc82e2
sndasset,#hash_67bb7a7b9c063b29
sndasset,#hash_5cfab5221e36a7b2
sndasset,#hash_4597f6b06b5ec228
sndasset,#hash_3f5daa057112299
sndasset,#hash_7f9786a528201a0b
sndasset,#hash_3485e88ddaf72728
sndasset,#hash_6482dee0cbb3abab
sndasset,#hash_1e4b88ef4519bc05
sndasset,#hash_7442029d3bc218bf
sndasset,#hash_4d5108cb897265c0
sndasset,#hash_5bc8edbab903d86f
sndasset,#hash_213f5678eef58890
sndasset,#hash_48163d3edec37d6
sndasset,#hash_53ff2c3c9fc65a0
sndasset,#hash_5cbd45b2785cbe74
sndasset,#hash_2f2d9351b7a5df15
sndasset,#hash_239b9c87fd6bf727
sndasset,#hash_7f387adebd390a4c
sndasset,#hash_116ec206728f3be9
sndasset,#hash_3ad2b499de56fb71
sndasset,#hash_1c3163a51139dafd
sndasset,#hash_3c5e0816bd194355
sndasset,#hash_6b982e72d24251e1
sndasset,#hash_63f8d31a590ecf2b
sndasset,#hash_3f5941e59e2c753e
sndasset,#hash_9fc5fc9c6a72c00
sndasset,#hash_2be05557e7df2e47
sndasset,#hash_6ff6ce66db949d88
sndasset,#hash_28fdd8b2a313d16
sndasset,#hash_2e17ee17bd7b4424
sndasset,#hash_1dd5cd82c417e16d
sndasset,#hash_d239ccde9eb9afa
sndasset,#hash_75479286c861ae15
sndasset,#hash_76390bdf8bf890b1
sndasset,#hash_29da61351313753d
sndasset,#hash_dd0281df5383e0f
sndasset,#hash_74c2f3e787c54c62
sndasset,#hash_14175e82c87d2ca4
sndasset,#hash_30f6a45a207989c3
sndasset,#hash_72ef63b505e77702
sndasset,#hash_727018d45e058fa2
sndasset,#hash_214eb8099b428396
sndasset,#hash_742e5a800780ab63
sndasset,#hash_1a52b684905e4acc
sndasset,#hash_470d4a7a4b7ef910
sndasset,#hash_609ab24761791cab
sndasset,#hash_986efb6185b9d14
sndasset,#hash_2888064ca4d6ba28
sndasset,#hash_3818f13b4e60d595
sndasset,#hash_6aedface1e672a6
sndasset,#hash_2954078accbcf732
sndasset,#hash_454ed3c2cb932d7e
sndasset,#hash_a6a1282ad9ef7df
sndasset,#hash_8d45603736cdfb
sndasset,#hash_7cce5eafa89a9756
sndasset,#hash_548552df203d3457
sndasset,#hash_2262c75342747c03
sndasset,#hash_580b15f32622c171
sndasset,#hash_6c41f77bdecb1cfd
sndasset,#hash_40e10e689248a611
sndasset,#hash_1bbe473f516a9e8c
sndasset,#hash_689d66cb57c030c8
sndasset,#hash_10be8774e3ccf956
sndasset,#hash_1a5d76ea133ad0e3
sndasset,#hash_13294d0909059de7
sndasset,#hash_16351afbb3dd1605
sndasset,#hash_5395f2b6821707c0
sndasset,#hash_3155cb2b590d2df2
sndasset,#hash_53eff8c048a2753f
sndasset,#hash_4db5630d100886ec
sndasset,#hash_2bdf9b2be95120fa
sndasset,#hash_716ccff6d7338b9f
sndasset,#hash_487df96acbbbccaf
sndasset,#hash_53df0390ea77f064
sndasset,#hash_24948b75ade485e4
sndasset,#hash_3204ed04b658ca27
sndasset,#hash_3a626f2b077badcc
sndasset,#hash_144881823164b7b4
sndasset,#hash_4ea79a0755e2fbc9
sndasset,#hash_13da081784c4f9aa
sndasset,#hash_42c0942e49e98be5
sndasset,#hash_7258dd18390fb739
sndasset,#hash_7dd9951e604cb399
sndasset,#hash_6415e9b9ebc5a720
sndasset,#hash_a2ccb6285961360
sndasset,#hash_60465546ca1619b5
sndasset,#hash_2440bd5b115b2123
sndasset,#hash_25cddc162a216c33
sndasset,#hash_47a2fd718aa9424b
sndasset,#hash_2d606fdeb46eb5c7
sndasset,#hash_6c0f41388ceff92d
sndasset,#hash_26fc67d3c85a970b
sndasset,#hash_3893ef63a9b7eebc
sndasset,#hash_31c4c8d4ef6d92b7
sndasset,#hash_6c7a0e86efc5396e
sndasset,#hash_6ff414cf5df3fa33
sndasset,#hash_772089ac95de15f0
sndasset,#hash_25c56817a72185bd
sndasset,#hash_1dafd317556114cb
sndasset,#hash_68bf5f6f0349e2a
sndasset,#hash_558bd3c4f5b63c43
sndasset,#hash_4d40ce4fb938165
sndasset,#hash_78de7047954cb1e1
sndasset,#hash_6256686b938e2c04
sndasset,#hash_5ff7c18dfe5f19e3
sndasset,#hash_5075e0b1655b8bd7
sndasset,#hash_348d0cdd1978dca1
sndasset,#hash_5cad80dfaf3e0044
sndasset,#hash_faf2d8dbc795fad
sndasset,#hash_42bdc8d4e25e6bf6
sndasset,#hash_1504c0e7381f3eae
sndasset,#hash_49c657a4a8b64a0
sndasset,#hash_25f78649454e970d
sndasset,#hash_6cac39426d2cc70c
sndasset,#hash_508d9abdffc2a4fd
sndasset,#hash_3e223aa38398fd80
sndasset,#hash_6f5d21b926af8370
sndasset,#hash_4e05df0f313e6a8d
sndasset,#hash_706e4f3c62c01a41
sndasset,#hash_363438d9f25e044d
sndasset,#hash_75609cc68f7b7ea1
sndasset,#hash_72ef27c87edd60bc
sndasset,#hash_414ae5bfb268c558
sndasset,#hash_66a01c4733c7f786
sndasset,#hash_7df49e5069baf8ee
sndasset,#hash_208d07ee75aee1b8
sndasset,#hash_714cb44dc57af031
sndasset,#hash_3e3024b18a1d027e
sndasset,#hash_288e02c27fde21c8
sndasset,#hash_4745606a80f7ceb6
sndasset,#hash_1d34845b4c5b2db3
sndasset,#hash_32b7f340a24eb973
sndasset,#hash_33df6e50a062b8f5
sndasset,#hash_38600b05d7b8fefc
sndasset,#hash_265de93897b58a2e
sndasset,#hash_31d23f7b2a2439e2
sndasset,#hash_678b106cb1b42ad1
sndasset,#hash_c779bd082f0ac1d
sndasset,#hash_3b5808fe3ff5d6a4
sndasset,#hash_98852f9cb2dc57
sndasset,#hash_451fd21934e06936
sndasset,#hash_687da20e2dcb2d3e
sndasset,#hash_3fea94b915ebd27b
sndasset,#hash_7c962bd1ce753ac5
sndasset,#hash_77cf714ed95bf3c1
sndasset,#hash_7d516a98295d39fb
sndasset,#hash_5927fa14a0ecbb9d
sndasset,#hash_60303d4b2377af64
sndasset,#hash_11fad7094cb35fad
sndasset,#hash_571fe2ad5724baf5
sndasset,#hash_4cfb5add498b6689
sndasset,#hash_65ed69d0476d71fb
sndasset,#hash_f72a20ae403f814
sndasset,#hash_1ae525fe01db930f
sndasset,#hash_50e46ee3fcff8ef7
sndasset,#hash_1087ab90bb557209
sndasset,#hash_6f374498607c6d63
sndasset,#hash_3535d656ffcc583e
sndasset,#hash_17ad231941331a36
sndasset,#hash_732ebefb82d4cb6c
sndasset,#hash_436d9279f2fba4d0
sndasset,#hash_169fbc377bb5f3d4
sndasset,#hash_2fc6549d0b57a5de
sndasset,#hash_7eeb9bd821df421a
sndasset,#hash_4bf7f9a10bf616d3
sndasset,#hash_72d285553eb6922a
sndasset,#hash_38226262f30ba703
sndasset,#hash_702e82a5b1c08718
sndasset,#hash_1b119ba7ca19cd23
sndasset,#hash_5e8b42eb26bb84b8
sndasset,#hash_6125df357ac9ebfc
sndasset,#hash_652672884cbefdf1
sndasset,#hash_69a3f57cdd64d0aa
sndasset,#hash_7412c815b2956cc9
sndasset,#hash_17276164fb31b22c
sndasset,#hash_3b0a3ba99aef25bb
sndasset,#hash_78510bbbd725cb18
sndasset,#hash_3d2714e3417a273f
sndasset,#hash_53147cd488a32b2a
sndasset,#hash_2b5d2af01ac3c1a7
sndasset,#hash_35515977187908e7
sndasset,#hash_10748ccfc17ece8d
sndasset,#hash_47097c574d5a5681
sndasset,#hash_75745840faf86a5a
sndasset,#hash_1595820b2f4fdec6
sndasset,#hash_4e72d4340a2a3e58
sndasset,#hash_4409c00f4d3bf4f3
sndasset,#hash_4c5fc54c1c12eb5c
sndasset,#hash_864f4ad8c15a216
sndasset,#hash_65ae62d4577c97e0
sndasset,#hash_35292565dd97ba6e
sndasset,#hash_330c183e7ce2559b
sndasset,#hash_36f23c0d2872213b
sndasset,#hash_c70950e1da16b3d
sndasset,#hash_32f9eab5c345bcd
sndasset,#hash_7647ec8fc3fdee39
sndasset,#hash_63e0e5e09eca54c0
sndasset,#hash_7462b433f9289dff
sndasset,#hash_6806698a0ef8a063
sndasset,#hash_5e2aeb8f50766f72
sndasset,#hash_21010d9b0280e767
sndasset,#hash_3648902eb8e4d0ab
sndasset,#hash_8e0937174c7438a
sndasset,#hash_14e847239d9dd831
sndasset,#hash_2d4182705deb37bd
sndasset,#hash_3abd5383919c5030
sndasset,#hash_2a71470c80f0590
sndasset,#hash_9a245963d1dbcc2
sndasset,#hash_7ea915706065c361
sndasset,#hash_388f8853d670fd08
sndasset,#hash_49768b514f7ca27a
sndasset,#hash_156c8d6342ae8de9
sndasset,#hash_fbae6fa35304131
sndasset,#hash_70fd3feb9fe55abd
sndasset,#hash_46c69d99a3549344
sndasset,#hash_7e207e9e7853912f
sndasset,#hash_79c2b49b27cf54c1
sndasset,#hash_27922b34c7aadf64
sndasset,#hash_774613ef4e44aa2
sndasset,#hash_1b018764400030d2
sndasset,#hash_11dbc5dd1197b4fe
sndasset,#hash_781b12e64434fc7f
sndasset,#hash_6618e83440bf733d
sndasset,#hash_610fc49d0a41f8ff
sndasset,#hash_211e9bf49b497e9
sndasset,#hash_60b84ddb6a0da1d3
sndasset,#hash_672e317db41204e0
sndasset,#hash_70e7c6e7d099f199
sndasset,#hash_1e2d689d8658fd45
sndasset,#hash_162165287b871809
sndasset,#hash_6daa55b9c0005761
sndasset,#hash_505f5fd0820a7f2d
sndasset,#hash_5f531a8c4525a3b4
sndasset,#hash_5a40df9effadda7f
sndasset,#hash_7e0b8291bbc5a9b1
sndasset,#hash_ac1da4cf4cfd0f4
sndasset,#hash_39e0cbee5a82603
sndasset,#hash_6c83681e81be35c7
sndasset,#hash_57142f50fb51437c
sndasset,#hash_46093e57100ec73e
sndasset,#hash_72c58d4b9c019388
sndasset,#hash_605b0ab081171c1
sndasset,#hash_2393e99eedcd87c
sndasset,#hash_88b33d0c0f0b58a
sndasset,#hash_6962116ecafe2227
sndasset,#hash_74ecb405c4437bad
sndasset,#hash_9c54a82c44f2881
sndasset,#hash_1b08d2d82e385365
sndasset,#hash_1f11d3a05d523588
sndasset,#hash_7c7d0e8e73524c30
sndasset,#hash_7b4e919f9af7e750
sndasset,#hash_4dc55a81a905a00d
sndasset,#hash_7cac9b4ead441c2a
sndasset,#hash_5238f57d0755d2f
sndasset,#hash_46339082a87fc7dc
sndasset,#hash_b10bf44aaeddf4e
sndasset,#hash_35df35e75533762c
sndasset,#hash_3dfee484039afdc6
sndasset,#hash_4ab4326837f64050
sndasset,#hash_585b20515f300049
sndasset,#hash_40a0381164773b4
sndasset,#hash_3a8b12a8f16461a2
sndasset,#hash_175fc675367b2eef
sndasset,#hash_36af1baef686d38
sndasset,#hash_5f9fa3ed576d662a
sndasset,#hash_33f34ab745efb7cf
sndasset,#hash_60b49f4c789374a6
sndasset,#hash_2bbdf2678cd5ada3
sndasset,#hash_21d778d079d3cedc
sndasset,#hash_5902cf02e7a23acb
sndasset,#hash_7b1f410bb0cf8f11
sndasset,#hash_759513f29d0c085e
sndasset,#hash_3f78285a167b98b2
sndasset,#hash_146b7f0cb5a2978f
sndasset,#hash_3163e3977915dd00
sndasset,#hash_14f480c3f0bab54f
sndasset,#hash_f29c2c82b2b4bb5
sndasset,#hash_5ff1e67dfc842bf2
sndasset,#hash_eda9b67be86660c
sndasset,#hash_66d3b0bcb10d46a9
sndasset,#hash_5b585ed7263dfe96
sndasset,#hash_7c6a5d09b6c63a45
sndasset,#hash_5d004821e1c3570f
sndasset,#hash_2e1cb195230b41c
sndasset,#hash_203b6f9ecbfef949
sndasset,#hash_111d683faf83f874
sndasset,#hash_6586e81d90e1305b
sndasset,#hash_eca28d986cbfd48
sndasset,#hash_587979f6698b03ee
sndasset,#hash_58a4dfc477347935
sndasset,#hash_6b5a9506a0e73fe1
sndasset,#hash_2ebc91edd4221e0c
sndasset,#hash_4a799a9e92dabc63
sndasset,#hash_69fd6726d4b3b780
sndasset,#hash_24c28bf0677e3116
sndasset,#hash_28423743a41c944d
sndasset,#hash_35717b1b454937fa
sndasset,#hash_22847a34acf5030f
sndasset,#hash_16acb4aa44dfb910
sndasset,#hash_7a078a14376363cc
sndasset,#hash_f20f36a475617ec
sndasset,#hash_5bd018f05a80a33c
sndasset,#hash_64831add8f042b91
sndasset,#hash_3b0d2005fc6f9b17
sndasset,#hash_1fd17ea9fb75196e
sndasset,#hash_666fce877bd1a798
sndasset,#hash_691e679095280791
sndasset,#hash_744d9d1a34f02744
sndasset,#hash_21c594b9550f1971
sndasset,#hash_74880ca5aaee70dc
sndasset,#hash_2d00275f986ba70e
sndasset,#hash_42d8c02f8626d54c
sndasset,#hash_794d7e482c06d87a
sndasset,#hash_2114086977ca17c6
sndasset,#hash_13a4eabda5743cae
sndasset,#hash_5c0cfcd8c6aa6e03
sndasset,#hash_14816b7617b738bc
sndasset,#hash_144de2e3b17bef20
sndasset,#hash_15bf7d99ecbaf190
sndasset,#hash_5e57b9e4625adf30
sndasset,#hash_72b04298a60ef5d0
sndasset,#hash_73b9cac4e781918b
sndasset,#hash_9ed95f9fea3cd5c
sndasset,#hash_475d866380cd7195
sndasset,#hash_22cb97fd61b8b1a0
sndasset,#hash_51c65b081dcba807
sndasset,#hash_43c5ae400c2bb789
sndasset,#hash_6e8db0fcedea51ab
sndasset,#hash_26844d69730f7823
sndasset,#hash_79f2c087f1f923e
sndasset,#hash_1360197209266c94
sndasset,#hash_6fb8f4e242d32749
sndasset,#hash_d61abb07bc4ff53
sndasset,#hash_4daa340849881ba4
sndasset,#hash_1c9a45c95144e9cf
sndasset,#hash_3987759cc892b8c
sndasset,#hash_6ba23df4476a09c7
sndasset,#hash_5652e8f111d763be
sndasset,#hash_21495cf8ed919d49
sndasset,#hash_51d0ea367740e980
sndasset,#hash_17fb1033edadc6a7
sndasset,#hash_2141097f98874641
sndasset,#hash_505098bbcf8c6b0c
sndasset,#hash_15bcb86be70167eb
sndasset,#hash_62f9700129976615
sndasset,#hash_50f48c48c4b78a47
sndasset,#hash_6b6b964405ae17cf
sndasset,#hash_53cbd657173456fe
sndasset,#hash_383b5db3098077b2
sndasset,#hash_62cb4a203e187fa8
sndasset,#hash_1466692235139d72
sndasset,#hash_4622e550c28ca61a
sndasset,#hash_200c6f70b110b18a
sndasset,#hash_443814065b817197
sndasset,#hash_6a5ab8875cd88b0e
sndasset,#hash_28fbb8963a75f00a
sndasset,#hash_25e92ecfa7394d02
sndasset,#hash_564d87bdcca74ad2
sndasset,#hash_253c3a9d76f7cc1f
sndasset,#hash_718e4a9deef33096
sndasset,#hash_115e78387be59a28
sndasset,#hash_32b1e44755f2f2b0
sndasset,#hash_2ab06238023b7900
sndasset,#hash_bb7eed9d4457165
sndasset,#hash_75d527f438b388f0
sndasset,#hash_551ce2eaa9b08e9b
sndasset,#hash_a52675d4643e3a5
sndasset,#hash_c366d34a6fa050d
sndasset,#hash_70bff5ab5757e414
sndasset,#hash_403ab68aed2aa191
sndasset,#hash_5f63c75ebd02dd33
sndasset,#hash_615747a26a31372d
sndasset,#hash_5b9deaf1df5c19d5
sndasset,#hash_7917552fed97815c
sndasset,#hash_5957a305e8241d19
sndasset,#hash_4ad0d8305d6f7c4a
sndasset,#hash_53ecb4e8e0ce93ad
sndasset,#hash_6881a88f3daad9d3
sndasset,#hash_20ce2656d05830f7
sndasset,#hash_25aa71f415458871
sndasset,#hash_66eabeefacccd6c1
sndasset,#hash_22388a7c86ec1121
sndasset,#hash_5b1708690f8154ed
sndasset,#hash_46c2f80e2e794499
sndasset,#hash_1384e203700b6c08
sndasset,#hash_6b1d2e3ccc74c9bc
sndasset,#hash_4bf1a4ebc837d6ef
sndasset,#hash_127010f7a61bd5fc
sndasset,#hash_1e6caf9a8d1ddff4
sndasset,#hash_23f6c36a486d79af
sndasset,#hash_53d1473ad4312fdf
sndasset,#hash_6e3a810036ab8c29
sndasset,#hash_3e759bbee8a656c1
sndasset,#hash_1572333fc34027a3
sndasset,#hash_6be82aaa02376645
sndasset,#hash_482de256038206c5
sndasset,#hash_5d9da80be8c874e8
sndasset,#hash_41e90d9eff6abbd4
sndasset,#hash_3531e1d683d58046
sndasset,#hash_53b5f49bc406b4c9
sndasset,#hash_3ff4b3cbb1aadf2
sndasset,#hash_4ebd659d50d2d9e0
sndasset,#hash_7a7cb9ebf61ef0c0
sndasset,#hash_1efbfbbb52314ac4
sndasset,#hash_2ccb068cffdf863a
sndasset,#hash_712fe467eb49a040
sndasset,#hash_62b078aee05f6a3a
sndasset,#hash_359e0b858fe81876
sndasset,#hash_4f46aa6ba360defa
sndasset,#hash_3a8c7002739d98fe
sndasset,#hash_2966cedddb95a948
sndasset,#hash_48ba4e6b74fea949
sndasset,#hash_12ae07151aacb7cf
sndasset,#hash_7bb653f0f39c4f38
sndasset,#hash_3200928993316b40
sndasset,#hash_40ba595fa559fb49
sndasset,#hash_4b694cec1ff9d31c
sndasset,#hash_1db6edbb593c753e
sndasset,#hash_ff6ef3479358c0c
sndasset,#hash_2d27813469002dc7
sndasset,#hash_505519116575c9cb
sndasset,#hash_4da3698d26b71ede
sndasset,#hash_1d79cded42540e9a
sndasset,#hash_68f7fea66b1bb2b3
sndasset,#hash_221ffb2ac93e0313
sndasset,#hash_7b2f67754c121ed7
sndasset,#hash_6e3360ce5e0c7b6
sndasset,#hash_195d0b5ac3fdd245
sndasset,#hash_54eb737d83b83713
sndasset,#hash_46e085bf9a7f65f
sndasset,#hash_55b3bbb5309f2283
sndasset,#hash_5d59e4c8f36cc9f6
sndasset,#hash_3bae29d521499d2b
sndasset,#hash_1aa9fbf846ed7fcd
sndasset,#hash_2a52eca1b4d19df0
sndasset,#hash_4238b926412aa4aa
sndasset,#hash_180e64af205e9844
sndasset,#hash_424507011cef5fbd
sndasset,#hash_531af2cd1288b812
sndasset,#hash_7c983c96f256a46
sndasset,#hash_95252d68622c362
sndasset,#hash_26a4d8e992656d04
sndasset,#hash_4cb417774aa514b6
sndasset,#hash_d8a923c03e9de56
sndasset,#hash_47fc644862c332ed
sndasset,#hash_77d7d240425d46df
sndasset,#hash_496fed57ceab0c7b
sndasset,#hash_660dbf7fd6338c2a
sndasset,#hash_77669457b1983449
sndasset,#hash_6886da63bb9dcbf
sndasset,#hash_135e7a927300823
sndasset,#hash_9fc07fdd870c716
sndasset,#hash_7019044a48a30b0b
sndasset,#hash_1be64a6ef9fbdfad
sndasset,#hash_2f7ee95c5615d850
sndasset,#hash_31ca68c494889e7b
sndasset,#hash_72db4fc81b501f7f
sndasset,#hash_55b374dc05e04e32
sndasset,#hash_342bf1a6f8bb09a8
sndasset,#hash_27e9dd7c99b8b5dc
sndasset,#hash_677281522ab95ec2
sndasset,#hash_6d55c8107a3d53c
sndasset,#hash_6ee25c7a8bbeeb6e
sndasset,#hash_1dbbe15191b5b77b
sndasset,#hash_1508e66ac761a67c
sndasset,#hash_1b5adba19975838a
sndasset,#hash_7c31b93fa382f027
sndasset,#hash_7bb84a85cabe6995
sndasset,#hash_79d2a65fe59e0821
sndasset,#hash_7cc02be738127fe8
sndasset,#hash_405bb72a3cb72487
sndasset,#hash_2d070987694b0d99
sndasset,#hash_8bc567e5cd749c5
sndasset,#hash_6b8670c3a16e351c
sndasset,#hash_23546e3981b4c747
sndasset,#hash_65abfcba71218fa1
sndasset,#hash_821fa3486f591d6
sndasset,#hash_589ae9b5419d7357
sndasset,#hash_5a6b408775702764
sndasset,#hash_1dc4e0dc438c84f5
sndasset,#hash_61af49df5f0541d6
sndasset,#hash_3c4b21e2246d63cc
sndasset,#hash_206a64d49f440d7e
sndasset,#hash_7e17596598011e4b
sndasset,#hash_57384806d279faec
sndasset,#hash_388c043851f939da
sndasset,#hash_29aae68b1b661f57
sndasset,#hash_5c91774091add108
sndasset,#hash_3a35ec6c07763e7a
sndasset,#hash_ffde45ef27e0687
sndasset,#hash_3257761f017a630f
sndasset,#hash_770fc13abed4ba5b
sndasset,#hash_23789a0b0e37f4d5
sndasset,#hash_750efcca7bc76500
sndasset,#hash_3c0935aaf3251232
sndasset,#hash_593110970894e37f
sndasset,#hash_6dbbe5cc768a9e0e
sndasset,#hash_35a0add4c3c25998
sndasset,#hash_76b6bc4a2f8228de
sndasset,#hash_2733666b1b88bc62
sndasset,#hash_33530142b965247c
sndasset,#hash_5b14912c163a0a75
sndasset,#hash_3a2b83faca07fe8b
sndasset,#hash_494b4ccb1083c280
sndasset,#hash_20f7393c092217fc
sndasset,#hash_73f6ca6e70d47587
sndasset,#hash_7e9ac16e878b196e
sndasset,#hash_725e6c4600aa22d1
sndasset,#hash_1177b44ed23015c6
sndasset,#hash_b7ca9dcd633d8c9
sndasset,#hash_1b70cb79592a9011
sndasset,#hash_2622b558b44e7f14
sndasset,#hash_7a43d0d78ede6d86
sndasset,#hash_78c4e97823ed79d3
sndasset,#hash_2ced4872d8edb97a
sndasset,#hash_42a0ffcef60d6c94
sndasset,#hash_618caad4e884c54a
sndasset,#hash_43d69c6e1d2fbc97
sndasset,#hash_2ff513ac6efc78cf
sndasset,#hash_42e087c32a2eb8b3
sndasset,#hash_4473fff469643c1b
sndasset,#hash_40df000651ffe15f
sndasset,#hash_200e0fdb8bd9bdec
sndasset,#hash_513e29e457b26715
sndasset,#hash_ab02a81e09d5ca1
sndasset,#hash_64f4823cfa073a09
sndasset,#hash_2d81c3ecc25bd3b1
sndasset,#hash_73010e9c58db363d
sndasset,#hash_52f2c8640d4f224f
sndasset,#hash_77d96c63d5598c02
sndasset,#hash_50fdb98884f5dbd5
sndasset,#hash_2474a0d7f11946a4
sndasset,#hash_14ce4dfb76c5e5ca
sndasset,#hash_236bbeab1b22ce81
sndasset,#hash_2821b43000f16f64
sndasset,#hash_e33412b1cb139b
sndasset,#hash_12e0d69c3c199ffb
sndasset,#hash_7b6f24c1ee9c223a
sndasset,#hash_5b2a4b1c2e1ebe47
sndasset,#hash_7150bd9f809ac74b
sndasset,#hash_13a3c90e87ddb67e
sndasset,#hash_45464095eebeb2d9
sndasset,#hash_50aac192f65a9585
sndasset,#hash_3218b1da24421e2d
sndasset,#hash_5bef8663a37d15c0
sndasset,#hash_6541b775288519a0
sndasset,#hash_73718470b4b67612
sndasset,#hash_4459bb7b754d565
sndasset,#hash_7b02370029957a5e
sndasset,#hash_3ca930973e15e822
sndasset,#hash_15ecf737189398c4
sndasset,#hash_638c934824eb5af3
sndasset,#hash_1655630742d97ef9
sndasset,#hash_54ceb81150ed917a
sndasset,#hash_7be5da1d37736d4e
sndasset,#hash_16a3fccbf7af88a0
sndasset,#hash_3594abbcdcb8e97f
sndasset,#hash_1a2ba97a5142817
sndasset,#hash_4d0b918c4bc03afc
sndasset,#hash_79ce084a13869894
sndasset,#hash_1a4bc2d68f78223a
sndasset,#hash_532d3332ea94779
sndasset,#hash_6a88ba783c3d8152
sndasset,#hash_600286eeeb3a6af1
sndasset,#hash_34b6452171d6f945
sndasset,#hash_5ff71ba77334b127
sndasset,#hash_27ba121fe4263eba
sndasset,#hash_18ef4861cc6eff4a
sndasset,#hash_656871da786323c9
sndasset,#hash_4ed3e9db7ea804ed
sndasset,#hash_6922821c515dc96f
sndasset,#hash_fb06476f145fa42
sndasset,#hash_3f3d21968d001bed
sndasset,#hash_2a0369eb7ee44a17
sndasset,#hash_53c2cf23cfb48204
sndasset,#hash_34c43747de4b450b
sndasset,#hash_6689e8cf865277c4
sndasset,#hash_5933703b196f69f3
sndasset,#hash_62a690b4b257a87
sndasset,#hash_2124ed8eb7c02d
sndasset,#hash_5bd714b71854cf69
sndasset,#hash_a55d0e9b5935ee
sndasset,#hash_701752d79340e9a1
sndasset,#hash_30ac19ae0654f607
sndasset,#hash_59c482fcf45ffca0
sndasset,#hash_3117898aae839835
sndasset,#hash_2ee60d0e53a6c7da
sndasset,#hash_4929b62999edae75
sndasset,#hash_3e843daa8f3b96a8
sndasset,#hash_57f48df8a1bf0f6f
sndasset,#hash_3af42d91843c26aa
sndasset,#hash_b3996da8b38aa48
sndasset,#hash_2d8eed3a1316d33d
sndasset,#hash_9ae2ae393778121
sndasset,#hash_617bbaf9687122ff
sndasset,#hash_23b43afbdf52cde9
sndasset,#hash_74dfc73fc22baa36
sndasset,#hash_442ae2b45a81bc13
sndasset,#hash_63e49fb2b4cdcec
sndasset,#hash_5199c18a0f389104
sndasset,#hash_be11612de4bcf0
sndasset,#hash_5daadcf07bb56076
sndasset,#hash_1602d05306d31bd7
sndasset,#hash_5a5bda7df2851d37
sndasset,#hash_676a6efc8dc66975
sndasset,#hash_74ed72c65c135f00
sndasset,#hash_7225adacdd515461
sndasset,#hash_49aa5bd5ea3d95b1
sndasset,#hash_2de799a71339902b
sndasset,#hash_27ecdc9f6cdf5729
sndasset,#hash_6887a58b60bb638a
sndasset,#hash_5dc0a3c7aa27bc45
sndasset,#hash_6ddba9cc6f25bf6c
sndasset,#hash_2889524f6009513
sndasset,#hash_5a6ed5c300ab26ad
sndasset,#hash_fcb51ff6585c26
sndasset,#hash_50f00b8ecf34f4d1
sndasset,#hash_7292e8dc6d3bb86a
sndasset,#hash_6235b265df88e827
sndasset,#hash_59f69d7135f9dbaa
sndasset,#hash_670fac9692f34c4f
sndasset,#hash_73316fc55a11cfa8
sndasset,#hash_2e3f7bc9d1444c63
sndasset,#hash_128406256ab076c4
sndasset,#hash_76c216a48b478c3c
sndasset,#hash_4f0c72996bb7f820
sndasset,#hash_128192ae55ac6fc5
sndasset,#hash_2007e4765d4b734b
sndasset,#hash_5a5fbd461343229c
sndasset,#hash_6ea0d90914487234
sndasset,#hash_321a20e82d335cd3
sndasset,#hash_5dadd51e0f62db00
sndasset,#hash_61254fba9bb7a3b9
sndasset,#hash_44f4683476dae7c0
sndasset,#hash_1bfde27c15c918e5
sndasset,#hash_6ffca564f22977a9
sndasset,#hash_105d615d2440be53
sndasset,#hash_69e0799a90f8bf98
sndasset,#hash_78399b39d979126f
sndasset,#hash_c83542b8067ff70
sndasset,#hash_7d26536b89a4450f
sndasset,#hash_6436ae1ecb35f23e
sndasset,#hash_21e090aac41df030
sndasset,#hash_73b5920ee584b1ae
sndasset,#hash_2b7677cbb619314a
sndasset,#hash_583a6eeb263c9604
sndasset,#hash_e40dfbd947cd9f3
sndasset,#hash_107608f5d36c07e0
sndasset,#hash_234e545e1d5416a3
sndasset,#hash_30f4058ba4d83b34
sndasset,#hash_457bcde00849f940
sndasset,#hash_75bcf3b170bbf716
sndasset,#hash_6b1e3278412d9dbe
sndasset,#hash_4adbf6d7d6565207
sndasset,#hash_6c21f1a0af616230
sndasset,#hash_3ad5f1bd77ed479a
sndasset,#hash_59653e7ec37b1d1
sndasset,#hash_3e352bc14ff4862a
sndasset,#hash_66256275040d7a35
sndasset,#hash_4431e811d280b5a2
sndasset,#hash_25d36f6f18fc9c33
sndasset,#hash_7f6f5813c4a863b0
sndasset,#hash_120c708ac71b8205
sndasset,#hash_1b6cbcdad54d2d17
sndasset,#hash_4b7bc3878a5cf904
sndasset,#hash_29afdad9ef0b06f4
sndasset,#hash_60307526e8ffd1e7
sndasset,#hash_1d14d3d8fd1dc849
sndasset,#hash_f4b1d398bf4d2cf
sndasset,#hash_35cb1b1783ba9eba
sndasset,#hash_82de6c1fbc79aae
sndasset,#hash_386cc3dc16f0af12
sndasset,#hash_37ce296c8b3ef504
sndasset,#hash_107fccdc5842b34f
sndasset,#hash_a0472b25cd6d906
sndasset,#hash_5514855440dd2171
sndasset,#hash_1742479138efdbd1
sndasset,#hash_402c59856b2186d6
sndasset,#hash_15d0fdf724ae7fe2
sndasset,#hash_50f3dc65a0dac8e
sndasset,#hash_5a8b3bad2dc8ac56
sndasset,#hash_62f3de33cb01412e
sndasset,#hash_50c7469faf06c65f
sndasset,#hash_595c2b09f4a0948c
sndasset,#hash_3627017a6a16a086
sndasset,#hash_3731abb55f351095
sndasset,#hash_2ccaea48b02ae210
sndasset,#hash_50fb7abd5cf3c9a3
sndasset,#hash_7cf4305bb5516660
sndasset,#hash_6c88c8889ed6393f
sndasset,#hash_25e9f617484c07ca
sndasset,#hash_1e93df4a38f0f48c
sndasset,#hash_5e3b6c86d039a647
sndasset,#hash_7f7032fcd9db6e7a
sndasset,#hash_21d039df35cfbb53
sndasset,#hash_13d1ef01936b85ee
sndasset,#hash_782f787bf8bfb2b5
sndasset,#hash_579e9583a171bcd0
sndasset,#hash_2e93a22de6c0d77e
sndasset,#hash_48fd3043958994f1
sndasset,#hash_237064a448783463
sndasset,#hash_29008e1532cc34d6
sndasset,#hash_7df440abb34f56b4
sndasset,#hash_22f0190ff4d5b8ad
sndasset,#hash_7a618c9de3be4fcc
sndasset,#hash_492bf2c2ab38ac7f
sndasset,#hash_5dffd1ff587bebd8
sndasset,#hash_357aae832933de56
sndasset,#hash_34525a4dc5328ba0
sndasset,#hash_79506d0a73dcbfc7
sndasset,#hash_c503ccb8d8e0eb4
sndasset,#hash_15246c6677904d0f
sndasset,#hash_484462e76082cc30
sndasset,#hash_1f16a9a67254152d
sndasset,#hash_40930f61a1250d8f
sndasset,#hash_7d55a5ddedb917d9
sndasset,#hash_5ec943cc282f40dd
sndasset,#hash_3909683926f9acce
sndasset,#hash_2a5cdcfc27669b85
sndasset,#hash_714f2983ec962f64
sndasset,#hash_7f50bea27bd4e166
sndasset,#hash_4b1486e16f017e94
sndasset,#hash_2a5d8d1d4b58b0e5
sndasset,#hash_32b892abfeaee1bf
sndasset,#hash_4e627d3743a59a19
sndasset,#hash_633a1ff2eec6217f
sndasset,#hash_4ca1eed72ba6a97b
sndasset,#hash_5a5510b7ff74bf7f
sndasset,#hash_36f9a604b5b22b39
sndasset,#hash_17ac1cfe7565dbd2
sndasset,#hash_5dc3cff86ca2f849
sndasset,#hash_54f9fd1ed2fd2708
sndasset,#hash_379868bb2b281342
sndasset,#hash_3a5786443769ed38
sndasset,#hash_6a65a0a9bec7b2e7
sndasset,#hash_1ee3c348359890c6
sndasset,#hash_17fedc884faf4f33
sndasset,#hash_1836455bc1c9305e
sndasset,#hash_37add0621b5fad0d
sndasset,#hash_15e98718b66832d2
sndasset,#hash_755a8aea868ed1a5
sndasset,#hash_7a791cf79e214c25
sndasset,#hash_5ac37e2f4a2a601f
sndasset,#hash_69d2b165f2428e11
sndasset,#hash_2aea7bbeafa7c0a4
sndasset,#hash_1ac91e33002e520a
sndasset,#hash_2817b52e24ee1eea
sndasset,#hash_1a9be18dabe81532
sndasset,#hash_11d42ed127572a93
sndasset,#hash_2d00ff2bffb6e252
sndasset,#hash_4c4e8832400331b9
sndasset,#hash_5241b5b81ec96e22
sndasset,#hash_2c20c5638999b9d1
sndasset,#hash_481178db47bc1839
sndasset,#hash_7b66d7deccb7076b
sndasset,#hash_54253f1c912cc2d4
sndasset,#hash_f42d3ddc8aef94d
sndasset,#hash_4deb209eadfbbea0
sndasset,#hash_518f457b79144fd6
sndasset,#hash_1b4d1b4d2d946da0
sndasset,#hash_3b4680e189fbdf1a
sndasset,#hash_2544a03de621a15e
sndasset,#hash_5ae18bc6b3eca4bc
sndasset,#hash_4f7265418724db9d
sndasset,#hash_262e9c8459023ef
sndasset,#hash_6cef4e8875f8251b
sndasset,#hash_26448b813c1a0802
sndasset,#hash_5991ce1ccfdaaf1f
sndasset,#hash_5e48fb67075379cd
sndasset,#hash_6e38ebaadea5076d
sndasset,#hash_558d693ca27f9ac0
sndasset,#hash_4086327801e5d299
sndasset,#hash_75eb35147cd9118f
sndasset,#hash_7e8e7835c71bc4a3
sndasset,#hash_d0cf30241faa3e1
sndasset,#hash_7266785d82f71ba
sndasset,#hash_6d18f2a27d063626
sndasset,#hash_363f5095baa3c7f0
sndasset,#hash_3191f389e13f078a
sndasset,#hash_417f82f9de9afa0e
sndasset,#hash_9e62d4010cd5f0c
sndasset,#hash_46fe3495ec81a3eb
sndasset,#hash_5527dc3f12f688f2
sndasset,#hash_50ae5da94d0be18c
sndasset,#hash_9859eeea2d80a40
sndasset,#hash_177d07c8e9bf0749
sndasset,#hash_261c2357bb987335
sndasset,#hash_3e47659683abaea5
sndasset,#hash_142e6c5ccbb684d1
sndasset,#hash_7a182856cdf70165
sndasset,#hash_112969bf684003f6
sndasset,#hash_6e771a9842f674f0
sndasset,#hash_75b9f90f7b816c28
sndasset,#hash_4d2850470fdc7555
sndasset,#hash_5a3009b6ac6e69a2
sndasset,#hash_ab1ae914bed2ed0
sndasset,#hash_6d46ec1348c034f0
sndasset,#hash_452e5c721273d471
sndasset,#hash_7d4425ca7900a4b4
sndasset,#hash_5abbcd7aa513419a
sndasset,#hash_187a3f51e874523b
sndasset,#hash_11062f5572825ace
sndasset,#hash_312442150dffa533
sndasset,#hash_3619c125da8a3821
sndasset,#hash_6794536edb53c4ed
sndasset,#hash_25b3ce730a2127bd
sndasset,#hash_10e21fc383605969
sndasset,#hash_584d9e785b8b792d
sndasset,#hash_120f05d4bd331640
sndasset,#hash_d7d9a527c28a7bd
sndasset,#hash_23ff542fa39b9ea9
sndasset,#hash_4579700763de5360
sndasset,#hash_a4caccdf72a459e
sndasset,#hash_2f2e12aa797a4b3e
sndasset,#hash_344a3f245533a4b1
sndasset,#hash_76b8c6139fdc03e6
sndasset,#hash_4cbc081e57edb590
sndasset,#hash_10e76f7d18a820a6
sndasset,#hash_6aa04d601d44c156
sndasset,#hash_6ed03c6db74f1c9
sndasset,#hash_1db6fbef39bd8aae
sndasset,#hash_98879b197d58348
sndasset,#hash_33e75a737c36f704
sndasset,#hash_4f6e6190e2e27b34
sndasset,#hash_76fc8bf4321f6edf
sndasset,#hash_5a568adf2928465c
sndasset,#hash_6a8f342a7033bc4e
sndasset,#hash_501fc2fc11d59ccd
sndasset,#hash_59f5679ec90e3081
sndasset,#hash_5e5b76e7ce9ead46
sndasset,#hash_3994ad73a8c3a54b
sndasset,#hash_5919672388d93515
sndasset,#hash_6526c30a937f3b19
sndasset,#hash_364980bbf19654fe
sndasset,#hash_1a314ffed151e8a1
sndasset,#hash_2e4051891df6c863
sndasset,#hash_5ec7c14b2c60c7e8
sndasset,#hash_7d28eb34d301c7cf
sndasset,#hash_11c12954f75b52ee
sndasset,#hash_768c3fec9349ffd1
sndasset,#hash_536883bbed8963e6
sndasset,#hash_dc1e23ae7ad52d6
sndasset,#hash_3c1cc31e0270fc08
sndasset,#hash_119cf61f46ec12ea
sndasset,#hash_4bbedb815908fe97
sndasset,#hash_478feb1497c29041
sndasset,#hash_6e130063b895fc2e
sndasset,#hash_22c5ec780739568
sndasset,#hash_7ce8bcea59346d27
sndasset,#hash_7eb2bf934915b2a
sndasset,#hash_4088a864a9cb539f
sndasset,#hash_7e1b3cfa66dc513d
sndasset,#hash_308b612ea703ad3a
sndasset,#hash_4a5c77b3d943783a
sndasset,#hash_36e5a354e6ea05d1
sndasset,#hash_6ccd7b4b997bacf0
sndasset,#hash_58a98f41a32f447d
sndasset,#hash_3dd5bb8abd2072c8
sndasset,#hash_70ee6f8e0544ab12
sndasset,#hash_184364f69503eb71
sndasset,#hash_136a9107404d732
sndasset,#hash_5d6bca1460416dc3
sndasset,#hash_240d25426df61923
sndasset,#hash_6c03b24a56cf906a
sndasset,#hash_28c5d31464bd1000
sndasset,#hash_e85e7a84b85164e
sndasset,#hash_7994ad3c513611ae
sndasset,#hash_3eca94b20b66c415
sndasset,#hash_237f32a0e7654603
sndasset,#hash_65ab7123b7d446d
sndasset,#hash_155f91dc8cafa95d
sndasset,#hash_3d9b49511535afa2
sndasset,#hash_216d813fba1c65ae
sndasset,#hash_bcd20fdba5e3257
sndasset,#hash_18eb43e0e5beee57
sndasset,#hash_57bfe568f7bb7e62
sndasset,#hash_1ca0927f01822fa7
sndasset,#hash_4c2823382d9f4ba2
sndasset,#hash_6b0fa3ff7d461a41
sndasset,#hash_4c8cb1af5bbfd421
sndasset,#hash_42a3ef25aef9a7bb
sndasset,#hash_8803cb0719ccdda
sndasset,#hash_7b4415d54e645382
sndasset,#hash_6783b4192a8b39c4
sndasset,#hash_60ae3a6c47a4a43e
sndasset,#hash_64f0776acbcef0c3
sndasset,#hash_7cbc96777b5f2675
sndasset,#hash_34371872a0dc5317
sndasset,#hash_6d429fb733a46b7d
sndasset,#hash_68dd5b3d51387da9
sndasset,#hash_4c9616de9a5c6dd7
sndasset,#hash_2dc9b0efd2fcf2d2
sndasset,#hash_7c6077a4a6283c
sndasset,#hash_5ff2255e567dc552
sndasset,#hash_40c4624dfabdf94
sndasset,#hash_7884ab88bf923219
sndasset,#hash_2d05234881ab6002
sndasset,#hash_714f199137ee723c
sndasset,#hash_53bafc5b0a82181
sndasset,#hash_2397c5593d0b477a
sndasset,#hash_6ce9b9a47d0cc95f
sndasset,#hash_551da1ad63a85f64
sndasset,#hash_c6c31bed9f5825e
sndasset,#hash_1af2e1814a3701e3
sndasset,#hash_12da02f8cb552e95
sndasset,#hash_4bf2b9786ec43ab7
sndasset,#hash_5e89de1b22eae19d
sndasset,#hash_5e78c817c3003d25
sndasset,#hash_675289b31a407ac3
sndasset,#hash_6d3cecc4afa62dc4
sndasset,#hash_60211a64293dbad7
sndasset,#hash_24aa96d4b0d42409
sndasset,#hash_783a2171c4686288
sndasset,#hash_40f3e999db90a4e
sndasset,#hash_1e312bc1a8fd6840
sndasset,#hash_36a040c8067a20c2
sndasset,#hash_6b4efa26087e072a
sndasset,#hash_78b09db6457ea2ac
sndasset,#hash_2691a5cc2532d519
sndasset,#hash_7e72785ada700843
sndasset,#hash_670478f45cecaafb
sndasset,#hash_25f60d0f201253cd
sndasset,#hash_5e69f7d7e71d192a
sndasset,#hash_9a47c7402fb9bc2
sndasset,#hash_681955a00c6d9ff2
sndasset,#hash_64df6c2ec63b174e
sndasset,#hash_363096c85f86eac5
sndasset,#hash_50daa56346f3490f
sndasset,#hash_589c7edfe68557a7
sndasset,#hash_5e3ae8dd8f21559
sndasset,#hash_2e373995d4fc2578
sndasset,#hash_4e445ebebf17609e
sndasset,#hash_7dca109542dfa3d0
sndasset,#hash_4b5589563b451432
sndasset,#hash_1538c6b3e6414cdc
sndasset,#hash_21d9d742c66786f6
sndasset,#hash_7201c2ac7f6e3e69
sndasset,#hash_534d8e148474dfd5
sndasset,#hash_7905e4243acda7e1
sndasset,#hash_7bdf36dcf019d6a8
sndasset,#hash_6c1f9fd520ccf2c5
sndasset,#hash_7de97f1ddc122651
sndasset,#hash_4f9c505271e2b74b
sndasset,#hash_3bdeece472ed8503
sndasset,#hash_30e2b010027dc12b
sndasset,#hash_2c639676d9c3c0ec
sndasset,#hash_290b964f708e6611
sndasset,#hash_46a5f2d31f5aef25
sndasset,#hash_6dc936bb0f05d6ec
sndasset,#hash_9f0369fc5eb1749
sndasset,#hash_570d7f01a66a197d
sndasset,#hash_b890e386d7fd707
sndasset,#hash_61bd5433727b82fa
sndasset,#hash_7b1b000fc8a6ee01
sndasset,#hash_2954378de2f0af0d
sndasset,#hash_450b7e6a57c6574a
sndasset,#hash_21de2c4d767c3416
sndasset,#hash_19180bf8c53b7523
sndasset,#hash_a446d170c21c766
sndasset,#hash_4a017c1f1c3e9e
sndasset,#hash_51c6c05dc090ed70
sndasset,#hash_66963f92b0ff7e20
sndasset,#hash_23f4fba061ed564c
sndasset,#hash_322542813b1d5b5b
sndasset,#hash_5c87b39a29545c76
sndasset,#hash_55eac2383c39cd2a
sndasset,#hash_253336a8c9f80fb7
sndasset,#hash_783ce29df1753faa
sndasset,#hash_7daa6bc78e672dca
sndasset,#hash_683e1acddb3327c
sndasset,#hash_33cbe528fab25779
sndasset,#hash_4d71fbf97376efae
sndasset,#hash_343519828617ee78
sndasset,#hash_5a2396e9f8a598ad
sndasset,#hash_4d21351fbf808d61
sndasset,#hash_3209e197d724bef1
sndasset,#hash_625d507c5500b3ad
sndasset,#hash_2a715dd37af4bc59
sndasset,#hash_5763f0ca5e88f3eb
sndasset,#hash_357c021a2884a3a9
sndasset,#hash_747cc15123bb7d4a
sndasset,#hash_560c7b4776be8bf5
sndasset,#hash_5f78f0445a25a859
sndasset,#hash_782ac9a5ba8b92e9
sndasset,#hash_250667b31046ce15
sndasset,#hash_7bac6e3f5af029a1
sndasset,#hash_34622688b02d2bc3
sndasset,#hash_28ac1f9319b23831
sndasset,#hash_4a90049888db1852
sndasset,#hash_5c4986d029eebd3f
sndasset,#hash_1991f6fe5817d6bb
sndasset,#hash_4b29678182f4ad2f
sndasset,#hash_734335106eb9bd83
sndasset,#hash_7cd7b1d2394f6847
sndasset,#hash_68b0b128e7319c15
sndasset,#hash_e269094a06e9537
sndasset,#hash_74590fd95799e2cc
sndasset,#hash_2fe834f2753962cc
sndasset,#hash_3d8c95eb27f3392
sndasset,#hash_657b44738d4638de
sndasset,#hash_597a3cf2ccd023fa
sndasset,#hash_164f60399d759014
sndasset,#hash_73f21f938ec224
sndasset,#hash_38e735177d05e0da
sndasset,#hash_e245374d22be423
sndasset,#hash_667a8dfb4a125ac4
sndasset,#hash_7c434f1df8510aba
sndasset,#hash_6e80a2a471a8a3e6
sndasset,#hash_7733a12231440bb2
sndasset,#hash_378cb22e5baa04c
sndasset,#hash_77aa281c2c09cb8c
sndasset,#hash_25a9355dcb9f57f2
sndasset,#hash_5db00398bb1a17db
sndasset,#hash_2c0c3a5d948465de
sndasset,#hash_5ed3845871b3ea97
sndasset,#hash_74dfba6237405967
sndasset,#hash_40e0899e21b5bd72
sndasset,#hash_659f42fd4e0b5a52
sndasset,#hash_22c8429f949f9a3c
sndasset,#hash_6be52251c2c46951
sndasset,#hash_5c34c6fe929a1e78
sndasset,#hash_38975729f14b2c30
sndasset,#hash_ca13c84e4139053
sndasset,#hash_6fc5f98615fe6408
sndasset,#hash_60c3faab3baf24b5
sndasset,#hash_f10ba176ad87bc1
sndasset,#hash_3f4561160aeca295
sndasset,#hash_7cccfd433f98eafa
sndasset,#hash_122e5538065de5ce
sndasset,#hash_14239ac7cd4a5347
sndasset,#hash_1faded504a07fd17
sndasset,#hash_7a2448da1248d182
sndasset,#hash_6326ed4142fef2c2
sndasset,#hash_4d112f63b069430c
sndasset,#hash_19a2b61eaffb2b8a
sndasset,#hash_3d41fb835d54640c
sndasset,#hash_7a0dae9f05dffa17
sndasset,#hash_59f7cdd92eb30ec
sndasset,#hash_6505bed2e25d4e4d
sndasset,#hash_5f2bbbd9ddb1828
sndasset,#hash_2224730dd4e54a1d
sndasset,#hash_7c841f21fbc8c971
sndasset,#hash_194ad3832c83c9a5
sndasset,#hash_3ccb288c4248e3ed
sndasset,#hash_3235524ef77cd5f0
sndasset,#hash_2d6d42329bfe7424
sndasset,#hash_4734c1cc5a05d6a3
sndasset,#hash_3f82b708d8c7a16f
sndasset,#hash_7ea88de9dfcdfda9
sndasset,#hash_4931bade0894e00c
sndasset,#hash_26d649db178c4019
sndasset,#hash_5631ed4ee19af86b
sndasset,#hash_106188f6de3a8769
sndasset,#hash_3965389af34d8166
sndasset,#hash_384cebf143f879a9
sndasset,#hash_37c5f973faa818be
sndasset,#hash_411dd808f1670646
sndasset,#hash_63853bed79179856
sndasset,#hash_307b2695d1996de5
sndasset,#hash_1f979b8ce8d8daa8
sndasset,#hash_612e9b8172c92efc
sndasset,#hash_521a68c227e5875b
sndasset,#hash_11389c57db901667
sndasset,#hash_3ce42dc61b29dc41
sndasset,#hash_6696ded9c4001321
sndasset,#hash_59b608a53a09d2d3
sndasset,#hash_416a5816040c71cc
sndasset,#hash_868feb3594af5d1
sndasset,#hash_f2504a31e3f685e
sndasset,#hash_43868bb6b97bfe91
sndasset,#hash_4451f05b2729f3e6
sndasset,#hash_6f0f55b9a76053de
sndasset,#hash_67e91f45720bffce
sndasset,#hash_21f5de2a47a7c6c5
sndasset,#hash_1baeea7409d9d4a4
sndasset,#hash_5310d51d63d59f6c
sndasset,#hash_7703b94307f0cd55
sndasset,#hash_4ab21e17d81335f
sndasset,#hash_24d971406405ec61
sndasset,#hash_62d7e12c6b54a550
sndasset,#hash_65f6b3f7f5bfae8
sndasset,#hash_52101b62a017d339
sndasset,#hash_2f30408bb1d66af3
sndasset,#hash_43d3b7708bdf043
sndasset,#hash_7878587f470852f6
sndasset,#hash_1fbfa348b8ac0c2a
sndasset,#hash_4bf0703e83d2342f
sndasset,#hash_216d243f82ba63ed
sndasset,#hash_3da4caf7a216d14
sndasset,#hash_3cf8927dd132bb8b
sndasset,#hash_73710ef67b4c4903
sndasset,#hash_416e25b7c94f2dca
sndasset,#hash_6dd7afcbe964b77a
sndasset,#hash_563366af6c8885f3
sndasset,#hash_427532c49cad85dc
sndasset,#hash_9b9c5a275b59853
sndasset,#hash_5c64d59c648dbfbb
sndasset,#hash_5024272a85b364c2
sndasset,#hash_50ccbd57224d2352
sndasset,#hash_61447d2f68bbdea5
sndasset,#hash_3303ce0118fb7f55
sndasset,#hash_4c8dde9d27e23d55
sndasset,#hash_78fd14987cf8ffb4
sndasset,#hash_6b6705a75f6c0fa8
sndasset,#hash_7666625d4fbddf42
sndasset,#hash_528a97e98a86890f
sndasset,#hash_58dda969038fa1f4
sndasset,#hash_509cce92e7539475
sndasset,#hash_278b03c8c508b10d
sndasset,#hash_23d6ef43cb7f06b6
sndasset,#hash_135ba2d09931f545
sndasset,#hash_6e9e0803aafdb7ad
sndasset,#hash_655e37bb043e1593
sndasset,#hash_c1f1aff86163195
sndasset,#hash_7fba7fd8f7671b51
sndasset,#hash_19cc8b877d86dbf1
sndasset,#hash_1c1fdebf51399ec1
sndasset,#hash_5fa8d826e205b629
sndasset,#hash_1484f2fc90963710
sndasset,#hash_7d9b04d40a993adc
sndasset,#hash_1428722b3a88ef66
sndasset,#hash_7eb9866d028fb8ad
sndasset,#hash_7841a4934d7ba1ff
sndasset,#hash_6f35c3b79845f49f
sndasset,#hash_9a00b27aec398f8
sndasset,#hash_4662970a059b0626
sndasset,#hash_58542646bb0b5ce
sndasset,#hash_431a94b2552391af
sndasset,#hash_3ed0e90fa176a0ab
sndasset,#hash_170f0de86002ff53
sndasset,#hash_107957f1612d7920
sndasset,#hash_78da89193265f4a3
sndasset,#hash_82f8c4bbdd0377e
sndasset,#hash_75b4c7d5c34ca324
sndasset,#hash_1bdd8e7c411ff3fb
sndasset,#hash_667835e7f3e0bcb9
sndasset,#hash_5023343263489ae4
sndasset,#hash_5c87777d6b6b145a
sndasset,#hash_199f0cf08593ab6e
sndasset,#hash_2dfbcfd3bf83162d
sndasset,#hash_3ec0c27c3b0235fc
sndasset,#hash_2adf3e3df5bd1f9a
sndasset,#hash_7d20d30d499b577a
sndasset,#hash_7d77ab553df0fa33
sndasset,#hash_70657431c6fbf8e7
sndasset,#hash_4ef20996176f5d0f
sndasset,#hash_cf3c97d9bf4f25c
sndasset,#hash_448734b11dd5fefa
sndasset,#hash_3d97aea1055a6fd7
sndasset,#hash_7501fc47862383b1
sndasset,#hash_605e2f453239efd5
sndasset,#hash_2959866721068cef
sndasset,#hash_70f01ce95333e805
sndasset,#hash_23ccc49c523024d9
sndasset,#hash_13d54bea5726b6f3
sndasset,#hash_65ed92d5e5c933cf
sndasset,#hash_53ed257fbe4f0a13
sndasset,#hash_1530421e5f76e359
sndasset,#hash_4d0dc33adda3f938
sndasset,#hash_550750da7435fafe
sndasset,#hash_f29e231b79fff3c
sndasset,#hash_5f68b72ecf727b20
sndasset,#hash_33eeca7ddc1d66e6
sndasset,#hash_7f3b9cdec8137e04
sndasset,#hash_5b16dfc22685f5c6
sndasset,#hash_4659d781f90bf72e
sndasset,#hash_18cf62cd0629d5e2
sndasset,#hash_74c55953a88b1bcf
sndasset,#hash_735f2c538d827cd5
sndasset,#hash_72476db73b4d3a4d
sndasset,#hash_7f4f86533862cefe
sndasset,#hash_18888c5d1daf43c6
sndasset,#hash_4e7c461c9bc96ade
sndasset,#hash_5b3451c4cea118c7
sndasset,#hash_57441b33889b81f
sndasset,#hash_36d7cdd2708be6ea
sndasset,#hash_1fc27810c939e533
sndasset,#hash_40abd738c915b171
sndasset,#hash_48ce8cb4aab924b2
sndasset,#hash_459db07840066968
sndasset,#hash_3fc6e531b29749c8
sndasset,#hash_f3e8e1d42a817fa
sndasset,#hash_4793c46796c7fe6
sndasset,#hash_c5753c21975241c
sndasset,#hash_5ddaea9a610d047b
sndasset,#hash_53bb5b8d6843a9e9
sndasset,#hash_21d0d4bd35af8e89
sndasset,#hash_45275191e4a86000
sndasset,#hash_8d901091f39fe04
sndasset,#hash_1e5ce8be759ce31b
sndasset,#hash_1cf4fa81bdc3067d
sndasset,#hash_5fffff7b854d7efd
sndasset,#hash_76e8338d13a22f2c
sndasset,#hash_6d328986a4af78a
sndasset,#hash_1cfa2dc73b627757
sndasset,#hash_fb032d7c983fa3e
sndasset,#hash_5bf80ed6329c8110
sndasset,#hash_5586bd5e8945c450
sndasset,#hash_5b93d5abbf190da5
sndasset,#hash_3ac68af1ed84db22
sndasset,#hash_36bfad6a79c0c1ce
sndasset,#hash_4d4126e8b8b54d5e
sndasset,#hash_1dde59291c96007
sndasset,#hash_8be9ebdb5019a21
sndasset,#hash_25b8b4d42aeb6b35
sndasset,#hash_2a3225af2040df34
sndasset,#hash_6d3bd1805d236c7f
sndasset,#hash_4e4e72c052ecec71
sndasset,#hash_2fad0c5816f99206
sndasset,#hash_4956c25608048cbb
sndasset,#hash_e3cf9a8b3296f2c
sndasset,#hash_78bcd477f8c786de
sndasset,#hash_2d0f531adb54f19c
sndasset,#hash_d92250047901087
sndasset,#hash_75d15750b69a1467
sndasset,#hash_49facc95548aedb8
sndasset,#hash_5e95036d00198a7
sndasset,#hash_500055507046f94c
sndasset,#hash_750985812a10186d
sndasset,#hash_23cba3e48ffcf4c7
sndasset,#hash_48cd41ad3d6fb6ec
sndasset,#hash_3077dbe138e17d0d
sndasset,#hash_23ae7823286ece59
sndasset,#hash_3b2a9f7037b87d16
sndasset,#hash_488126521a4a462b
sndasset,#hash_6a745860cfd93d50
sndasset,#hash_26ec1fab6eabc05b
sndasset,#hash_12f493d990877066
sndasset,#hash_21b1deb11dd38928
sndasset,#hash_6419542924da6133
sndasset,#hash_2cf37ddd457d43de
sndasset,#hash_4b446741481a2477
sndasset,#hash_8a98c1060fa637a
sndasset,#hash_1b9e77925aa4116e
sndasset,#hash_33a964d4b3c14c5f
sndasset,#hash_77f325f854522a9b
sndasset,#hash_58179d43c33a87e3
sndasset,#hash_ea700ffe4daa260
sndasset,#hash_113b8101c2fa30e8
sndasset,#hash_2318ae6c059f9150
sndasset,#hash_471f35cc525f8019
sndasset,#hash_25f63886430ace58
sndasset,#hash_298c5b437f6dee
sndasset,#hash_5292277617b9420a
sndasset,#hash_127f2af51bd102a8
sndasset,#hash_cf0f6cce8771631
sndasset,#hash_486311e9404f01b1
sndasset,#hash_43021a5d732d894f
sndasset,#hash_2453e5ce90c6bdea
sndasset,#hash_20edf1ea3f99ea01
sndasset,#hash_ae1e882c2e00020
sndasset,#hash_54516ae89003d742
sndasset,#hash_68a1692e8761ffe3
sndasset,#hash_2c68cc2ab08d4a76
sndasset,#hash_7ddbfbc25e6337d2
sndasset,#hash_2230d90b6eb79d73
sndasset,#hash_44b1c87455f40727
sndasset,#hash_19aee2668ddd034f
sndasset,#hash_72711f2f94166416
sndasset,#hash_3a1975d66e833dd2
sndasset,#hash_67d25df664880abe
sndasset,#hash_298f530a8f264930
sndasset,#hash_14965fe6c7c408cf
sndasset,#hash_3864a5ec90e5c401
sndasset,#hash_3d2dca414f7fbfba
sndasset,#hash_3fdd445bc8862f1a
sndasset,#hash_7dd0ddf3066f2df8
sndasset,#hash_6cb69867a9a8581d
sndasset,#hash_70a027f6ba6ff0c3
sndasset,#hash_562d5956d69b7319
sndasset,#hash_43ab7213859b9180
sndasset,#hash_7f0a4c5be539ae6b
sndasset,#hash_67252a5cf8015e40
sndasset,#hash_5f77fbe33fa58a9f
sndasset,#hash_14a36224286854ea
sndasset,#hash_626c36eae4ff9a89
sndasset,#hash_43bb7dabd8d63d30
sndasset,#hash_1201fb12f3ec8dc4
sndasset,#hash_1529b282f0f82245
sndasset,#hash_5e46bb50202fc662
sndasset,#hash_fee9908aee48fb0
sndasset,#hash_609b2659878d70a5
sndasset,#hash_3da8fd2827be8654
sndasset,#hash_348f946805f8c3
sndasset,#hash_2da2b5ea796359dd
sndasset,#hash_3957374b1f7b406
sndasset,#hash_1bc1c573b0400bee
sndasset,#hash_1ce4b269de11adcc
sndasset,#hash_24f024e960c03d97
sndasset,#hash_2ab9a066cecb445a
sndasset,#hash_664ff7a8fb415463
sndasset,#hash_7f01457fb7a0465a
sndasset,#hash_55e052a515cf20e3
sndasset,#hash_5d82103a2638a40a
sndasset,#hash_3f04ad7563cdb7d9
sndasset,#hash_1075e66be150e518
sndasset,#hash_1e7bf7d839dbb6e3
sndasset,#hash_255592d520a6dd78
sndasset,#hash_13de0b425fa08a75
sndasset,#hash_226c2aaf43542868
sndasset,#hash_3a4140e91d50d3ed
sndasset,#hash_42460a0ed7bd04e2
sndasset,#hash_77e99463f087369
sndasset,#hash_9227af44117a009
sndasset,#hash_1003519d51e5f106
sndasset,#hash_def57bd9093c0a8
sndasset,#hash_5ec6449b8434db92
sndasset,#hash_27084ad3fb06baae
sndasset,#hash_54743c67d3d23911
sndasset,#hash_1259d427a39d1159
sndasset,#hash_721c93e1401da71a
sndasset,#hash_4da35e9d246c82fd
sndasset,#hash_7e7a67fe0e89323e
sndasset,#hash_6773314459725d07
sndasset,#hash_1bc2566796b4129e
sndasset,#hash_29ce5b1bfda6d905
sndasset,#hash_623ec1ff080ff51c
sndasset,#hash_3714176a112cd68f
sndasset,#hash_55c67a0cdc606110
sndasset,#hash_3560b282ec4441c0
sndasset,#hash_2a9c4ae14814e5c5
sndasset,#hash_67a47bae2a87f62d
sndasset,#hash_4d21f6b566a14ec8
sndasset,#hash_1eb895c3c36e39b1
sndasset,#hash_69d989aad835bdee
sndasset,#hash_17a22283cdf81f8f
sndasset,#hash_71f66db4934b6788
sndasset,#hash_3c435521edc97427
sndasset,#hash_119c05ab7a25a4ce
sndasset,#hash_65f303ba3b1cc2cf
sndasset,#hash_57567b2381f86253
sndasset,#hash_d324b001ce19026
sndasset,#hash_2fba8f72884a2c9a
sndasset,#hash_11573b99f43f1ee0
sndasset,#hash_7a00be96449d7c2f
sndasset,#hash_79e19a9e42c0942d
sndasset,#hash_7f9788341eed94c3
sndasset,#hash_32dca277f41e4e63
sndasset,#hash_3353d8bd08b85b14
sndasset,#hash_64938f992e3ab928
sndasset,#hash_1472e57f6f4318f
sndasset,#hash_657a3d6a5bfc0698
sndasset,#hash_acd1ea771db2c61
sndasset,#hash_1f4f38b9e2d3440c
sndasset,#hash_a3e1861a1949615
sndasset,#hash_6f171fff1b46090a
sndasset,#hash_49c240d554adcd73
sndasset,#hash_3924e9d19967b6c4
sndasset,#hash_59b6164b97bdf2bf
sndasset,#hash_787738586e0d6fa7
sndasset,#hash_31ee020cfbe03366
sndasset,#hash_3f747776e2e21639
sndasset,#hash_7ff4079127406cd
sndasset,#hash_7311dc41e13cb24e
sndasset,#hash_198658a71b796ba2
sndasset,#hash_6fab8064f10d793a
sndasset,#hash_2acb533c04a34c47
sndasset,#hash_1bb6cb0bfcd611e9
sndasset,#hash_59096f8ca986cc04
sndasset,#hash_257afef2508b4e10
sndasset,#hash_3079c4e6c4f33857
sndasset,#hash_2d89b6510f1695cb
sndasset,#hash_82322e627f22703
sndasset,#hash_1acd4d47963756a8
sndasset,#hash_3f903ecf40f18c59
sndasset,#hash_59790b49fd5bf56f
sndasset,#hash_7605f0cdfa2740b0
sndasset,#hash_30386dc566a55b41
sndasset,#hash_1f326d30e9a619ec
sndasset,#hash_6a054ff2baf7ae47
sndasset,#hash_2d5b95f3713db1bb
sndasset,#hash_b5d035ca9572f88
sndasset,#hash_20cf0e7bf8c75c16
sndasset,#hash_59e175d896e01efe
sndasset,#hash_126fd018f5dbd18b
sndasset,#hash_1bbe777e781b7d82
sndasset,#hash_7c688167e2c021d7
sndasset,#hash_451b99d11ee122d1
sndasset,#hash_2262992c9237565c
sndasset,#hash_437cefebce1c29d1
sndasset,#hash_4409077afaef4fe7
sndasset,#hash_57c423ffcbd4902e
sndasset,#hash_4dc89fdd5dcdfd11
sndasset,#hash_4f7c2582f6aa9634
sndasset,#hash_3b54fc07994102fb
sndasset,#hash_475254853774efe9
sndasset,#hash_31c5f733936ae417
sndasset,#hash_26cec978b022cca
sndasset,#hash_28381685b23a6b00
sndasset,#hash_aafff88e3057f96
sndasset,#hash_6fea855550caf693
sndasset,#hash_2404ec55270cf0e3
sndasset,#hash_7d42033f6c5b8304
sndasset,#hash_270fe355c1a52b52
sndasset,#hash_70cd209f602001ae
sndasset,#hash_75749e1b491fe000
sndasset,#hash_7dc0b30719732c77
sndasset,#hash_3c9feb40afa08c83
sndasset,#hash_4bca532b45505ffe
sndasset,#hash_5454a2ce16b85b86
sndasset,#hash_7eff834d27e70d2e
sndasset,#hash_d15664fa187d7fc
sndasset,#hash_87122a6b7ade79d
sndasset,#hash_4450053c4ae05214
sndasset,#hash_49584b3bb722ae56
sndasset,#hash_3f579ca54de0f727
sndasset,#hash_6e99a3c31ab5fb4d
sndasset,#hash_7285b0a8bff08f27
sndasset,#hash_3dedb5c92ae924c4
sndasset,#hash_4da230ac784f468d
sndasset,#hash_c4c612a657115c3
sndasset,#hash_345e7c930d1bed0c
sndasset,#hash_7b8b1f33ce63f47d
sndasset,#hash_25c5b402775a5a0
sndasset,#hash_6a86e03c909eebe3
sndasset,#hash_17db44f0820e7e63
sndasset,#hash_5cd2f1d2950c41c2
sndasset,#hash_1f2b6c3ec16419dc
sndasset,#hash_41a846a1c2130bac
sndasset,#hash_7816f50e79b8ab6a
sndasset,#hash_62e78deccd1577dc
sndasset,#hash_6244487a6344762e
sndasset,#hash_1c340c0bb8ae9425
sndasset,#hash_7c4ab84e0555ee68
sndasset,#hash_48f690cf1eacff55
sndasset,#hash_2e41bea7e2f3a4ab
sndasset,#hash_54ef1733c6a578b2
sndasset,#hash_4be374ac0b3aee6f
sndasset,#hash_27c922c20fc8eabf
sndasset,#hash_347b036149780c6d
sndasset,#hash_7acadca2da8000ec
sndasset,#hash_1b35772517252c5f
sndasset,#hash_6025bef72c7f5606
sndasset,#hash_2079a5e36796c67e
sndasset,#hash_3997c3496cea0fa
sndasset,#hash_58d08083c2972dc5
sndasset,#hash_1e7d5423cb7f4311
sndasset,#hash_61f4ff4f0e2cd6f0
sndasset,#hash_d2c006741de56aa
sndasset,#hash_527c6303050c214c
sndasset,#hash_4a3a6a66a1f55774
sndasset,#hash_43058da09a327d2b
sndasset,#hash_5cf27724b5007a67
sndasset,#hash_5f5c8956515a6452
sndasset,#hash_42ca1bf59b007cee
sndasset,#hash_7a6bdfc7e451f7e1
sndasset,#hash_14c153d71b8e585c
sndasset,#hash_5cb6b571ad0ad8de
sndasset,#hash_7f8e85f2cbc5c876
sndasset,#hash_7c11e9b21d98eaa3
sndasset,#hash_6dc35d434084db82
sndasset,#hash_251a84a98fe1f7dd
sndasset,#hash_28e83e8f27c2aafc
sndasset,#hash_33324b8a3bf7782f
sndasset,#hash_5a468da33fee425a
sndasset,#hash_a5ea7ac24da109c
sndasset,#hash_709aed8722188733
sndasset,#hash_5a2e02c9f12f055e
sndasset,#hash_668255af6eb543ef
sndasset,#hash_59ab628e5ee4dd54
sndasset,#hash_3eaf0ef49aa65d1c
sndasset,#hash_dfb1ab5aff9d66f
sndasset,#hash_4d3b6fb1cdb31793
sndasset,#hash_213e12de5810da85
sndasset,#hash_62bc1f1fb159eeb4
sndasset,#hash_5eefb90fcba0ac29
sndasset,#hash_66fcdebe183082d4
sndasset,#hash_7ce69d22c330790e
sndasset,#hash_6eda1965b347801f
sndasset,#hash_7601851507f3902
sndasset,#hash_422538f81d880d8c
sndasset,#hash_810f3808265f891
sndasset,#hash_c8e7eaf2497842
sndasset,#hash_4881d0c1ac311f0b
sndasset,#hash_42a81f52a9aee952
sndasset,#hash_29dd07a05c75c384
sndasset,#hash_6d28318b092f5659
sndasset,#hash_6c4022e06383c3c9
sndasset,#hash_64d3e78f02325498
sndasset,#hash_6ca9b0ea39d43ac5
sndasset,#hash_2677f5a846ad054
sndasset,#hash_78a506307d30a0a8
sndasset,#hash_3274a564c96141bc
sndasset,#hash_7b2d4163b505b229
sndasset,#hash_74feab90aa6047c5
sndasset,#hash_21d44808ae87e9bf
sndasset,#hash_e2da3e33de3cb10
sndasset,#hash_2c5b17ea6e0a2b3e
sndasset,#hash_64fedf00cb48dd91
sndasset,#hash_6415bb6c65556979
sndasset,#hash_1f2d07b363f2a2dd
sndasset,#hash_576c70f13987541c
sndasset,#hash_26a4df899e6c493d
sndasset,#hash_75ebd44dd83cc0d
sndasset,#hash_1d8ca4ea29c053e
sndasset,#hash_ef3067bead88610
sndasset,#hash_4d1774ae41932f32
sndasset,#hash_4df03319fb25b658
sndasset,#hash_40f1764498704423
sndasset,#hash_572005774933bb56
sndasset,#hash_7d2eea4a4c51d128
sndasset,#hash_59e7d1fd7fbf0427
sndasset,#hash_9fa6b65dcbe123b
sndasset,#hash_4b87d1dda281afd8
sndasset,#hash_42701b523c963d48
sndasset,#hash_732c29679379a6a8
sndasset,#hash_40cd3e6bf6f9eaeb
sndasset,#hash_44a20e4e212d62f9
sndasset,#hash_5b2a02ccbad29ad
sndasset,#hash_4e5a71567037e280
sndasset,#hash_75601db30fc293d1
sndasset,#hash_29c38c51fe6c58c0
sndasset,#hash_b0c86a1156f7284
sndasset,#hash_737f0020b5c0b543
sndasset,#hash_6243dea5aa0762f0
sndasset,#hash_5b0c276b72809de8
sndasset,#hash_3b1f7e561130fabd
sndasset,#hash_13ca1bbfd08b89c6
sndasset,#hash_247b404fd126c31
sndasset,#hash_7924703c30b313e7
sndasset,#hash_1f7a9c385a7417c0
sndasset,#hash_7db1d8199cb53dbe
sndasset,#hash_199c2232f7417476
sndasset,#hash_2d4573ef164121e4
sndasset,#hash_47e4be0a6fce60ed
sndasset,#hash_4ae39d3cd7d24a1c
sndasset,#hash_5041f45727207280
sndasset,#hash_2c3aff1a63a14d21
sndasset,#hash_11b1f1e6d46d9f0
sndasset,#hash_f15839b8d4787b9
sndasset,#hash_60de5a3724e9416c
sndasset,#hash_16b115b91bfcd20
sndasset,#hash_7ee4bdc55de807aa
sndasset,#hash_567445244304ad
sndasset,#hash_7996f1c82547ccc8
sndasset,#hash_4cf9b4738f55ba2b
sndasset,#hash_a0cc901bb410a2a
sndasset,#hash_157eb09c1cc034e9
sndasset,#hash_6d91861f9336f270
sndasset,#hash_7642edd0d6c665fc
sndasset,#hash_3ea1ff76038c971e
sndasset,#hash_412fef31d08b697b
sndasset,#hash_a22ad3830d47ae3
sndasset,#hash_774483799e71cd8
sndasset,#hash_5ed9debd06a5be59
sndasset,#hash_54c62f2543b2d37d
sndasset,#hash_f4b20b7c67bd070
sndasset,#hash_958faa3ecd57471
sndasset,#hash_113913e9f09dc3c0
sndasset,#hash_4afb22a1c10f1b27
sndasset,#hash_52d723ec5ce6cf08
sndasset,#hash_6cd7eb42c6825014
sndasset,#hash_6c89522906f3c55e
sndasset,#hash_283e76c2fc9c6de1
sndasset,#hash_3a4adf504f6b16d0
sndasset,#hash_7c547bce6e45379c
sndasset,#hash_21d62c8df47121b8
sndasset,#hash_63b056374a5e7d1
sndasset,#hash_16c305fa417b73ac
sndasset,#hash_55a5a8bb857755e9
sndasset,#hash_419d6151654e0703
sndasset,#hash_66b7ada36a8de89b
sndasset,#hash_7c71abcaa0a13563
sndasset,#hash_ce901c3084a8e6e
sndasset,#hash_58ef37a48a0e8fac
sndasset,#hash_3cf246f5aa25d9b6
sndasset,#hash_302c90f1cd9b8f7c
sndasset,#hash_62c16662b561e935
sndasset,#hash_4bd43fe6ad2efea2
sndasset,#hash_62efc8d70fb0e9b5
sndasset,#hash_4b4f4ad2ca6de719
sndasset,#hash_2efd991a4ddfe14d
sndasset,#hash_3c8aeffeb2182f74
sndasset,#hash_3f05aa45e42583fa
sndasset,#hash_4d4d0e6adaf51299
sndasset,#hash_3cfa9135531ef90
sndasset,#hash_47a4a39d35bf03be
sndasset,#hash_338cc59f1d034e7d
sndasset,#hash_5fd72826d3e96e8d
sndasset,#hash_5cf60c8ccf81aaea
sndasset,#hash_75a3578197ebfe5c
sndasset,#hash_4f7e1c79e98cc70b
sndasset,#hash_5715af41e47230af
sndasset,#hash_71ed66ef366ed3a9
sndasset,#hash_495652eb7f433160
sndasset,#hash_172646a79068594e
sndasset,#hash_5afe1ac2ff9c3357
sndasset,#hash_23334fd9862d2672
sndasset,#hash_20eda13ab2f5d758
sndasset,#hash_31e0b6c57e77f5fe
sndasset,#hash_21cd93f6c2880551
sndasset,#hash_42f78d100c0f552d
sndasset,#hash_44964d0a49603b22
sndasset,#hash_73a8e1ab5c7b6735
sndasset,#hash_4b0d32eb1aaf5f99
sndasset,#hash_1aaa116c49f6e97d
sndasset,#hash_40ad925aa7865a64
sndasset,#hash_c01bbd426a12dea
sndasset,#hash_3e9ea0e5da33bb29
sndasset,#hash_77a2956220555fe0
sndasset,#hash_30219eebc1cce4ce
sndasset,#hash_7c579758d39fdb52
sndasset,#hash_6d7cd7163a6764e5
sndasset,#hash_739ef2a082b8f289
sndasset,#hash_5e39ece146834dc2
sndasset,#hash_5d760841f3857855
sndasset,#hash_75a98fc3635cef39
sndasset,#hash_4925ad010cbe93b4
sndasset,#hash_51549b63c6483023
sndasset,#hash_78879f22a02caf97
sndasset,#hash_48be588c2e26275
sndasset,#hash_5a4d39e91348e97c
sndasset,#hash_6cfa3f121e7f3732
sndasset,#hash_4f6804d781a49a87
sndasset,#hash_79cadb5c00f89d22
sndasset,#hash_55ad0454684cb8c8
sndasset,#hash_3ddef92ca7a89cf8
sndasset,#hash_6ab72abdf5158c57
sndasset,#hash_7348d9d19f21b273
sndasset,#hash_727feeee2f668781
sndasset,#hash_5e51b39c4ec25878
sndasset,#hash_e16c6bd095cb536
sndasset,#hash_6b53488c3141a943
sndasset,#hash_c0d0c277f68f14e
sndasset,#hash_a44db31e671fd8c
sndasset,#hash_6a140410fd39ee96
sndasset,#hash_5b00b6687f1a305c
sndasset,#hash_1f6298d74e3ea215
sndasset,#hash_2035304d54564002
sndasset,#hash_2ddc8433b677d695
sndasset,#hash_24781610e62fa79
sndasset,#hash_346d1ccef422b4ad
sndasset,#hash_4623e68ec06d1b54
sndasset,#hash_8023614a824945a
sndasset,#hash_b8dd4a963feef79
sndasset,#hash_7491ba6b8a1d7370
sndasset,#hash_551ceb7795711e1e
sndasset,#hash_3f8a51755a2535dd
sndasset,#hash_59f6c931d3c04bed
sndasset,#hash_faee3cf1a9f4cca
sndasset,#hash_7f75ec43fd9fb83c
sndasset,#hash_187f0f2ccc8acbeb
sndasset,#hash_f2b9f8315d9158f
sndasset,#hash_52ab0d81407fae89
sndasset,#hash_43999fb728809b40
sndasset,#hash_3709ecfeaaeae2e
sndasset,#hash_226b6cd99278dbb7
sndasset,#hash_7fad5cdea699a552
sndasset,#hash_1de304dd441b2d38
sndasset,#hash_464619fba87eb65e
sndasset,#hash_343c6502a5f82b31
sndasset,#hash_6b28fdfcd2a4dd0d
sndasset,#hash_2fc7f1b34577582
sndasset,#hash_63ee95e4aef7cf15
sndasset,#hash_1eebb23bb88e3f9
sndasset,#hash_6a1482fb63be2bdd
sndasset,#hash_664c65aac8c8a5c4
sndasset,#hash_64cb46d121f212ca
sndasset,#hash_8352645f2916b89
sndasset,#hash_641e825d1d6fa240
sndasset,#hash_1ba93d0135cfc32e
sndasset,#hash_3acaba58529c432
sndasset,#hash_4cc6c5df70d195c5
sndasset,#hash_115b64c41985fde9
sndasset,#hash_5c945e339087e822
sndasset,#hash_37d468fdd6ab3e35
sndasset,#hash_45f473a77f52e499
sndasset,#hash_56984ed0d90f3214
sndasset,#hash_7bb47ebd06458783
sndasset,#hash_639d228c6ae0c5f7
sndasset,#hash_5b74e074e41119d5
sndasset,#hash_222b57b18b98935c
sndasset,#hash_264c74ec32ba8b12
sndasset,#hash_35f74b9518db0267
sndasset,#hash_5920c2285bb6e802
sndasset,#hash_2955b7b6d7498ea8
sndasset,#hash_57ec5ac1be9e48d8
sndasset,#hash_2ef6c1ab151a28b7
sndasset,#hash_5289502b1547a353
sndasset,#hash_367ba2d0d4574261
sndasset,#hash_280308b93e9c7d8
sndasset,#hash_2e91b4f8aebd0d96
sndasset,#hash_2313aace14a77850
sndasset,#hash_72b4154021506d8f
sndasset,#hash_12c5cadc43989fb
sndasset,#hash_7630eb467ae8fd9
sndasset,#hash_8bc1e6304e7e297
sndasset,#hash_5555dd0b2d24a5fe
sndasset,#hash_472a97d302d12427
sndasset,#hash_5711b3358bf36bc2
sndasset,#hash_3f3142698957e568
sndasset,#hash_4b859834751012cc
sndasset,#hash_36f5d89003e3a8fb
sndasset,#hash_765a4e59ffb446df
sndasset,#hash_44067658ff3c6946
sndasset,#hash_7dfa4486a7d436f9
sndasset,#hash_42cd0c17f25cb7c5
sndasset,#hash_1c61270a78bba350
sndasset,#hash_33710b15d5ce224e
sndasset,#hash_6dc1045320f91cfb
sndasset,#hash_67c79560b80ef0d1
sndasset,#hash_24872f46daaea608
sndasset,#hash_7e7b0ea7c2cccc86
sndasset,#hash_30835de66eda06f8
sndasset,#hash_dc510f2fd9c6a57
sndasset,#hash_4126efe5fb1e4c73
sndasset,#hash_a13b9c6f0a02a86
sndasset,#hash_4a6fbe420d459f39
sndasset,#hash_7bfcf8ae7ff2f305
sndasset,#hash_216d0552ee5db8bb
sndasset,#hash_2bd72d6150505dc6
sndasset,#hash_26a43682360dc9d4
sndasset,#hash_7324569584d381f5
sndasset,#hash_7d19e2fc1f733ffc
sndasset,#hash_37503e11f30c3ab2
sndasset,#hash_67d9c8f80a75aa28
sndasset,#hash_607999912024b147
sndasset,#hash_a9f0745cdf3cce3
sndasset,#hash_79c716f31e7b40da
sndasset,#hash_68a9e9a12b508bed
sndasset,#hash_345081e75d3db181
sndasset,#hash_62de468597eb29a5
sndasset,#hash_3a9d8f4cfa1d2aac
sndasset,#hash_6de5b9e95fba562
sndasset,#hash_57f453aa51b16631
sndasset,#hash_4457249ccccee8e8
sndasset,#hash_70e39433e9ba1e6
sndasset,#hash_472b8bd4d06198c1
sndasset,#hash_4a3de1d7c41668b8
sndasset,#hash_3ac8c2903334b476
sndasset,#hash_7d4cacd9f8c1ca20
sndasset,#hash_5b9f86b9bb865f9f
sndasset,#hash_47f8cd97b689f3cb
sndasset,#hash_91f350453dce262
sndasset,#hash_54de8ad58abad875
sndasset,#hash_279429c3380283d9
sndasset,#hash_6858dc8120b0411f
sndasset,#hash_3192cedabace9dfa
sndasset,#hash_3114525c2e5ff850
sndasset,#hash_1c41e6c1b1d2aa74
sndasset,#hash_26e91e4b1d6dd8e3
sndasset,#hash_f72ea3e588f8557
sndasset,#hash_77cee50b1a5ab0
sndasset,#hash_26e8eb1eafce0eef
sndasset,#hash_cc2c793cde14d5b
sndasset,#hash_5c8b5f3d8dce38b9
sndasset,#hash_38906f73c7facff7
sndasset,#hash_56533d3c66829a5e
sndasset,#hash_3ad449b9dd2a0f07
sndasset,#hash_1643843d1ed342a2
sndasset,#hash_2a74e4012d9ea948
sndasset,#hash_26a9baf2837d1b2c
sndasset,#hash_694160d1896e3edb
sndasset,#hash_6093c02b8cff43f
sndasset,#hash_1e7ff9e3c7794926
sndasset,#hash_7b3517c8d0e71e59
sndasset,#hash_7f8364afd5446125
sndasset,#hash_678b064b0b1fa230
sndasset,#hash_77eb509050c22f2e
sndasset,#hash_67e3e077b3db38db
sndasset,#hash_69f6d7af4d461db1
sndasset,#hash_12c935c8c42d8768
sndasset,#hash_210cd4d688257d66
sndasset,#hash_64c9195e3075a0d8
sndasset,#hash_29e32f1766a5b0b7
sndasset,#hash_1c37793ed44a3b53
sndasset,#hash_22cdc6d4fc24eb66
sndasset,#hash_69dda2e435ed2b99
sndasset,#hash_75b1793bf0955e65
sndasset,#hash_731311a5cb185f9b
sndasset,#hash_6617e3caa4b75326
sndasset,#hash_2957a740f302be34
sndasset,#hash_550ddec268b1f0d5
sndasset,#hash_140494f24822885c
sndasset,#hash_6e35c93887d46a12
sndasset,#hash_3660b08a5305b388
sndasset,#hash_2250192d005938a7
sndasset,#hash_ffc16aa9ce97e43
sndasset,#hash_2095aeed80aabc3a
sndasset,#hash_79b7e1f19f02a6cd
sndasset,#hash_a3f10c518796961
sndasset,#hash_53877be4f7a20c85
sndasset,#hash_700c2d3ec096f78c
sndasset,#hash_3bde013fff91d8c2
sndasset,#hash_7451dc5eebba9511
sndasset,#hash_2f4e639e981e1a48
sndasset,#hash_17d2bc80730018c6
sndasset,#hash_42df199b97b325a1
sndasset,#hash_1542bc8c351e7018
sndasset,#hash_1fbcb890842b16d6
sndasset,#hash_24982e73204d2c80
sndasset,#hash_6a58cef7a044bf7f
sndasset,#hash_52b7230420bf7cab
sndasset,#hash_3c0bbf415c1293c2
sndasset,#hash_71bf34c3566baa55
sndasset,#hash_53d55383e6678539
sndasset,#hash_3e7e5a372e27adff
sndasset,#hash_6ccee40458efd5a
sndasset,#hash_32fa7cc1f413ba30
sndasset,#hash_606cfc402ea3dbd4
sndasset,#hash_5412e2f5f50ca543
sndasset,#hash_50616a3ad8d6b1b7
sndasset,#hash_7785863c2e572f04
sndasset,#hash_5eb990ea6418d3b3
sndasset,#hash_466160bc5b8f4fc8
sndasset,#hash_239ec1d4035765f
sndasset,#hash_1f64b70b7d86366f
sndasset,#hash_1c48d9628fee4803
sndasset,#hash_7cd8a88b4123e623
sndasset,#hash_450c2bfa7f77dad8
sndasset,#hash_7ebefe18df94afbb
sndasset,#hash_d48bf85562a22e3
sndasset,#hash_70caf1a12f82e8b8
sndasset,#hash_735ab9c75cb29f6b
sndasset,#hash_5698300172fc417d
sndasset,#hash_7d476056e8ed9c7a
sndasset,#hash_f0731981ad8712d
sndasset,#hash_35bec15ebf485906
sndasset,#hash_535ffc6ee9f31c3c
sndasset,#hash_6dacadcfac340c46
sndasset,#hash_3e2122479c53604a
sndasset,#hash_10b178519b6f2465
sndasset,#hash_5faf169748193922
sndasset,#hash_5d9d28ba396fddba
sndasset,#hash_7d029d7c3e51ac69
sndasset,#hash_217cabfd62653cc2
sndasset,#hash_39a6a3202439b83
sndasset,#hash_5797c148a6dd462d
sndasset,#hash_17a1a829f00b9687
sndasset,#hash_1bc41dc4dd0a8e41
sndasset,#hash_62dca0e53a3d658d
sndasset,#hash_1c56033834c19716
sndasset,#hash_3e716cb0cd782342
sndasset,#hash_4f5368be0dd83bf2
sndasset,#hash_45d2a1526ca42660
sndasset,#hash_5c727aab71c9af29
sndasset,#hash_1f83ff567801f38e
sndasset,#hash_27fe3185fb622b1
sndasset,#hash_37196fac89c360c6
sndasset,#hash_1283834307fda4fa
sndasset,#hash_70c5fd93818f4d85
sndasset,#hash_33b1906f53ef149e
sndasset,#hash_30a37c1c034a1cf9
sndasset,#hash_2fa501319a75702b
sndasset,#hash_18c577f3f41cc25c
sndasset,#hash_55f39834a387cdd7
sndasset,#hash_7ccd705579b8ff8c
sndasset,#hash_2d08479c09f767ef
sndasset,#hash_643ea6ef3a300e96
sndasset,#hash_3ce55b7da49533e9
sndasset,#hash_3c5e5854486ad484
sndasset,#hash_35fb00d330d348ba
sndasset,#hash_1a586de43c9114fa
sndasset,#hash_1673fd1b5c5dd23d
sndasset,#hash_38d700b02527b2e3
sndasset,#hash_ef088405f6eb508
sndasset,#hash_6fbcaf44080e55c9
sndasset,#hash_15e340e9c604d65c
sndasset,#hash_52f849bb39b08122
sndasset,#hash_956b28981d53d4b
sndasset,#hash_483099fc729eb159
sndasset,#hash_5c0e03c70934e2f0
sndasset,#hash_6c470cbd42f3e4ae
sndasset,#hash_6c1e920c33d89c51
sndasset,#hash_398f70694bfb5e2f
sndasset,#hash_63690be8d937d6ae
sndasset,#hash_1be0f552a66a3877
sndasset,#hash_523fa31a8db6ee96
sndasset,#hash_15ade8c66a162731
sndasset,#hash_6ef86dbb2dd5b20e
sndasset,#hash_65ae47af65c1ffc1
sndasset,#hash_5018495645ce3b05
sndasset,#hash_5c4709e13d7d08c1
sndasset,#hash_1c1ef6f7e7404c85
sndasset,#hash_a96f85bee0961e3
sndasset,#hash_58f5b8156f5f2380
sndasset,#hash_1203bca068f20ff8
sndasset,#hash_670d25364f99a981
sndasset,#hash_6ebe75006528b653
sndasset,#hash_27dcd4ae92d37cc
sndasset,#hash_6efebfd1da8d72c6
sndasset,#hash_7e5c616d541a69b0
sndasset,#hash_5183a2e773f74543
sndasset,#hash_191c38f298dd561f
sndasset,#hash_296cad7a9a0ae9a2
sndasset,#hash_65794fb05923538
sndasset,#hash_646f34aa90510995
sndasset,#hash_6b8b1ed8c15b7ca8
sndasset,#hash_46d814a78041b3c6
sndasset,#hash_62cafb391fd2f23e
sndasset,#hash_2f2db3eb0ab9a6b9
sndasset,#hash_2349d2035bc1f9fb
sndasset,#hash_428bc08804a2a3e0
sndasset,#hash_66a74c31850540c5
sndasset,#hash_10fa13757ac1cb48
sndasset,#hash_5fd43615259866e6
sndasset,#hash_562bdbbf65cc8d6f
sndasset,#hash_48db5f9474055493
sndasset,#hash_7a75db0dd03c2b1c
sndasset,#hash_4d2d61503c11f5b4
sndasset,#hash_252b555eb9279709
sndasset,#hash_420ecc7e274d02ec
sndasset,#hash_4ffcc61a7956fdf8
sndasset,#hash_4e726cbbe80cb305
sndasset,#hash_100166796a1b4032
sndasset,#hash_2d0ad16e535f050b
sndasset,#hash_5760175f961417f1
sndasset,#hash_1c7f2ec7fdd52336
sndasset,#hash_6152ce90a2f1a8ee
sndasset,#hash_5e3abec07b7345f
sndasset,#hash_d5dc37dbdb987de
sndasset,#hash_7b54e8c26fa46eda
sndasset,#hash_356a53d8a34f012e
sndasset,#hash_1603cbcadc10b9a0
sndasset,#hash_69d3c9b6ee8efb3a
sndasset,#hash_7527a9197a9c1699
sndasset,#hash_58fcf2742d082d4a
sndasset,#hash_4f9789093399f98d
sndasset,#hash_3bcba7f662b0e33b
sndasset,#hash_1b576ec6788a49e4
sndasset,#hash_149e32fdea29d903
sndasset,#hash_88bb525e2cae4d1
sndasset,#hash_3982eed459e4ccf2
sndasset,#hash_676568ba06bac156
sndasset,#hash_25a92c96befb27e4
sndasset,#hash_4a2a75787709327d
sndasset,#hash_13b2df1e0bf2c1e9
sndasset,#hash_3a7b4ab0d4c3bee6
sndasset,#hash_7ff9308f70e9b924
sndasset,#hash_7fbebc1f4464e31b
sndasset,#hash_40ebf268794d08ca
sndasset,#hash_4f28d121b083712b
sndasset,#hash_2435c69811f23881
sndasset,#hash_13ec52951ff190e8
sndasset,#hash_24c26031e7aa16f6
sndasset,#hash_39ca5ebde2b87fff
sndasset,#hash_96ddd0e53d3bd89
sndasset,#hash_4257f2802127958
sndasset,#hash_1e25c21f8e960886
sndasset,#hash_2e82f9d3bd9926ba
sndasset,#hash_25ce75b4c37ca00
sndasset,#hash_dfc71406411717
sndasset,#hash_6818eac55462bf2c
sndasset,#hash_1a52d2c9fef8c79b
sndasset,#hash_202fd4d148ebdb67
sndasset,#hash_328148af33425e96
sndasset,#hash_43ce76aa4209f631
sndasset,#hash_4748f61e3fa450f7
sndasset,#hash_1399e714b9d2cd0
sndasset,#hash_50856125b9c6a83e
sndasset,#hash_4e9d7229be3d2b43
sndasset,#hash_4ec8c762ba6426e6
sndasset,#hash_3f87f002417c460e
sndasset,#hash_232adfe97aa645ee
sndasset,#hash_4adb5cb5714d72d2
sndasset,#hash_4a9f1fe9ec200a15
sndasset,#hash_3b9ae78ade17cb26
sndasset,#hash_5b9aca0b5338db19
sndasset,#hash_4dd0c54ec4055085
sndasset,#hash_293c2d3555bc5516
sndasset,#hash_34d3369ae524c3d8
sndasset,#hash_1138a048a849d2c7
sndasset,#hash_26c61029059b6a9
sndasset,#hash_cc53e3e4e68343d
sndasset,#hash_4af943a2ad77c612
sndasset,#hash_2648018d7d5dce40
sndasset,#hash_7364b6ef517c2a0f
sndasset,#hash_2b4bc5399a134f96
sndasset,#hash_59dbb756b7f128f7
sndasset,#hash_3432c510fd9f4af5
sndasset,#hash_17483628e6a7abac
sndasset,#hash_67ca8ef8a511182a
sndasset,#hash_2bcc5012f719601b
sndasset,#hash_7b6b3fb30336e49d
sndasset,#hash_360ce2353cf34b76
sndasset,#hash_3335ad282e20baa8
sndasset,#hash_f1a9d1062223dae
sndasset,#hash_5380147f041cf986
sndasset,#hash_527eae0ea06f43f8
sndasset,#hash_3e7541c81a428cde
sndasset,#hash_1f2b78bd578febdd
sndasset,#hash_6808b5baa9e57767
sndasset,#hash_47ba5ab57117df95
sndasset,#hash_4cff0ed007726d35
sndasset,#hash_6ba855a3b4eb9e8f
sndasset,#hash_1745c046841cab8d
sndasset,#hash_6e13dbb20ef34154
sndasset,#hash_27561841cefbacc6
sndasset,#hash_73c142a7d6a110e6
sndasset,#hash_193d0032022662a3
sndasset,#hash_b4917db38a5211f
sndasset,#hash_27ffabd2c6510ffc
sndasset,#hash_804aa122c3b35f2
sndasset,#hash_1265b87c4448492e
sndasset,#hash_28e7754b9af21f1a
sndasset,#hash_79b6534487148bf7
sndasset,#hash_790cbc4f9f8ba480
sndasset,#hash_46431429dabc7cb2
sndasset,#hash_3c28c7a43777df2a
sndasset,#hash_69128367b5585f7f
sndasset,#hash_4ec3213a8fbc6eb
sndasset,#hash_1be705c79cb1f38
sndasset,#hash_3715094fb8cb9e6
sndasset,#hash_30617aae4585131a
sndasset,#hash_542f7fc9f65a49a6
sndasset,#hash_2ac59651839fef5b
sndasset,#hash_6d212100304fe2e6
sndasset,#hash_5790768b57f45db0
sndasset,#hash_5cb235641bea760
sndasset,#hash_7bea4a2c4074f0ad
sndasset,#hash_18d42961694dd45d
sndasset,#hash_4ec58700bf7fae46
sndasset,#hash_41e9f0b98aca242c
sndasset,#hash_5b2c6a2dd73cbb18
sndasset,#hash_2dfa3978b4645fd0
sndasset,#hash_2a4f3d6c367515dd
sndasset,#hash_1a5732f772de480d
sndasset,#hash_1851654be5db3a79
sndasset,#hash_44ca8f741ec3258d
sndasset,#hash_7403005f31e1de18
sndasset,#hash_7b961664b18f619c
sndasset,#hash_26ff852677d5971f
sndasset,#hash_3bac1e1c749f5f4f
sndasset,#hash_d62439475169c67
sndasset,#hash_627ab34158817f65
sndasset,#hash_5d65837f6cb3b73a
sndasset,#hash_652c02d443514cb5
sndasset,#hash_4af44d868052eb81
sndasset,#hash_770f68839af235f5
sndasset,#hash_115c2bd483309980
sndasset,#hash_4eef93a8b24efb4
sndasset,#hash_4ea37e17aef0d9e7
sndasset,#hash_266865a85a192747
sndasset,#hash_160f6212e07c5b9f
sndasset,#hash_25d7c34085b516cd
sndasset,#hash_7c0bbffef566e952
sndasset,#hash_e54959d25fe11fd
sndasset,#hash_15e80b96c1bfd18c
sndasset,#hash_26f9af05fe8d7b68
sndasset,#hash_6fa139f02dc7655c
sndasset,#hash_4a22551caa7f1c8e
sndasset,#hash_230c9b0166f558ed
sndasset,#hash_73d58cb37d20e6cb
sndasset,#hash_f4c6d60d2c9bb6d
sndasset,#hash_5e81d6f016d21eb8
sndasset,#hash_6f851ae67a7cc4da
sndasset,#hash_57dc495e7a7b9b05
sndasset,#hash_719ef841aa844e92
sndasset,#hash_7f0debe6d786bfa9
sndasset,#hash_26e617c4374c30fe
sndasset,#hash_460d56d722ec703c
sndasset,#hash_4081667954e4e65
sndasset,#hash_14ef9d4ba2fbe509
sndasset,#hash_33a83c88b61be887
sndasset,#hash_2e2f177d4dd44e3e
sndasset,#hash_2e01b8396dc1a89c
sndasset,#hash_5126a02f8cc5b427
sndasset,#hash_1ecb552a70c383bb
sndasset,#hash_1bbead5b33b3cb6e
sndasset,#hash_760b5603c8ce5ee0
sndasset,#hash_2864918b1b1d7bca
sndasset,#hash_6f9eec1fe7a90f8a
sndasset,#hash_4353b33cb77fcc57
sndasset,#hash_452e65c94731cd3e
sndasset,#hash_1a3cc78dc11212c5
sndasset,#hash_7deee941f1ebfcaa
sndasset,#hash_d6e6daaa6fe534
sndasset,#hash_2c860132636e8799
sndasset,#hash_74c8eaf5cca184bb
sndasset,#hash_cc262c6b283f56b
sndasset,#hash_496d97986560c4a
sndasset,#hash_7130cef19c54dc8c
sndasset,#hash_3211d061282c20
sndasset,#hash_3abce9fbd5b437a0
sndasset,#hash_33c126f9bf4bb74c
sndasset,#hash_53e593bcd4eae4f4
sndasset,#hash_1c64fd9c5d64b2b5
sndasset,#hash_1a7e46fbfea90d03
sndasset,#hash_2a4666f37a21d46f
sndasset,#hash_67de2867db32ca77
sndasset,#hash_ac99d148de5b175
sndasset,#hash_1b39fe9072ac23dd
sndasset,#hash_77791ce8406448d3
sndasset,#hash_3e188c50b69da56
sndasset,#hash_25041f9d7319bc12
sndasset,#hash_3b8cfc8eabeb293e
sndasset,#hash_66e7fac8245420d4
sndasset,#hash_2a1c5dfd54c5816f
sndasset,#hash_1b118ccffde221d1
sndasset,#hash_580341cec0fff364
sndasset,#hash_c8b87ec82f2ace
sndasset,#hash_428f91ce8cdfb317
sndasset,#hash_62b095c3e6a9de9f
sndasset,#hash_370ada7d1dae854b
sndasset,#hash_7f2fae7ff1978a7d
sndasset,#hash_5174bc786e5c7372
sndasset,#hash_7a9f829bdaa8185
sndasset,#hash_3f9c963809683fc7
sndasset,#hash_42d740fe740784ec
sndasset,#hash_772dbad685bec132
sndasset,#hash_1f9139adec205548
sndasset,#hash_70d46a4e70d31aba
sndasset,#hash_3011fa329e4c0711
sndasset,#hash_44e4ac85869e904d
sndasset,#hash_7aaab00689863f2b
sndasset,#hash_6033c1543d999f4d
sndasset,#hash_17c875ba4f9c9e98
sndasset,#hash_69e63b250f58515b
sndasset,#hash_249e90faa4236b19
sndasset,#hash_3915d827fe4fb272
sndasset,#hash_73bb8621450d6d86
sndasset,#hash_44bd38210747acde
sndasset,#hash_5a433375012c059c
sndasset,#hash_3db3a6c7070f6345
sndasset,#hash_7c5c62d57142bd69
sndasset,#hash_1b565fa949fb4e7
sndasset,#hash_36cb91690a2b269e
sndasset,#hash_5ee916a3e115617c
sndasset,#hash_64b2a467d6058507
sndasset,#hash_3a7416be7a5df436
sndasset,#hash_74e57041c43c264e
sndasset,#hash_2a462b9d290ceec0
sndasset,#hash_1fcdd4fb67107f01
sndasset,#hash_1ee3785788472e6a
sndasset,#hash_de29587366c964
sndasset,#hash_5a79271385f3489e
sndasset,#hash_266670288f894225
sndasset,#hash_5cc4a867ab2ea78a
sndasset,#hash_28900a13930377ff
sndasset,#hash_29e343bb939f8940
sndasset,#hash_232cbff749533eb9
sndasset,#hash_cb1712fee59ad56
sndasset,#hash_6ffefd31e154b32a
sndasset,#hash_5994f06ca6424d0f
sndasset,#hash_40af723c171ea125
sndasset,#hash_503378fb08f73e00
sndasset,#hash_c4fd07a2e165bc8
sndasset,#hash_2dd3ebbdda4f0ff7
sndasset,#hash_1a61d000edc243fe
sndasset,#hash_12b8be2a101f0263
sndasset,#hash_3d7110ec9f274acf
sndasset,#hash_1dc526cf723d91d7
sndasset,#hash_5cd64818b8b28f4a
sndasset,#hash_6646b94bffe7b155
sndasset,#hash_7200ef092683f48d
sndasset,#hash_3a7bed5d7534600a
sndasset,#hash_1414223c12e99126
sndasset,#hash_3611a4ee799b2c1e
sndasset,#hash_4ca73d7a94bd2034
sndasset,#hash_591699e16288e9e4
sndasset,#hash_28c307b91cb3f2d7
sndasset,#hash_1414bf7471516716
sndasset,#hash_7b3ccf17fdc86388
sndasset,#hash_55d5b91180ba2e77
sndasset,#hash_6db60e2ea19abeff
sndasset,#hash_8fca85f6d5cbb2b
sndasset,#hash_54814736d9169bde
sndasset,#hash_231d14a41da12bc5
sndasset,#hash_647b1f65ced38f48
sndasset,#hash_6fb610825ffeba27
sndasset,#hash_f05e679e43352a3
sndasset,#hash_4fb13b9acc6176a4
sndasset,#hash_43f48775b7a491ea
sndasset,#hash_5120223419d2d66e
sndasset,#hash_37a2ef38cc199dd6
sndasset,#hash_6f552c25b41d65b2
sndasset,#hash_25e39e877d4eca14
sndasset,#hash_3341acc3c6e225a0
sndasset,#hash_312636120275e093
sndasset,#hash_6900d2d6d05e26f5
sndasset,#hash_c3f841d7ef46b3e
sndasset,#hash_5a2ee8ae480b1869
sndasset,#hash_6ac3bcc916c9baaa
sndasset,#hash_3b5be2fe81571c05
sndasset,#hash_52fddbf9fee4e88b
sndasset,#hash_6ac67369e710dbd2
sndasset,#hash_53870a145376a192
sndasset,#hash_3644dbfa67d2e13c
sndasset,#hash_53664647f94659b9
sndasset,#hash_36ee88d945de0d25
sndasset,#hash_679cddf0a08a69ac
sndasset,#hash_7f3061c1cccf54ae
sndasset,#hash_1bba9949093ce6a9
sndasset,#hash_413a36306ba334c3
sndasset,#hash_403d9da3b7ad24b7
sndasset,#hash_42cc33f82f6aaf31
sndasset,#hash_784765d4e2f92da0
sndasset,#hash_36d66138a65f9321
sndasset,#hash_60139d631a62ec9e
sndasset,#hash_3a4e93ee226400e9
sndasset,#hash_71203b3d8b8ebc71
sndasset,#hash_1692eb241c5d8c86
sndasset,#hash_9ca88e339181a7
sndasset,#hash_26f0cb7267f72f55
sndasset,#hash_5d1256567f084ea9
sndasset,#hash_2221b154819a9210
sndasset,#hash_4dc3e6504d9f8937
sndasset,#hash_71c2ff19e85569d3
sndasset,#hash_299fe863a4f80c67
sndasset,#hash_6431a56c6a8ed792
sndasset,#hash_86f858ae57097c5
sndasset,#hash_304b15410aa51054
sndasset,#hash_d901844ca56f0f8
sndasset,#hash_6263f63ed35475f0
sndasset,#hash_24f367fc44cb6ca8
sndasset,#hash_5a3bb77c8427419a
sndasset,#hash_36cc615f2882575e
sndasset,#hash_7b839ba91d1e3f11
sndasset,#hash_60168c3de39abc6c
sndasset,#hash_77ed4265df5cf4d9
sndasset,#hash_5a3ea999e700ef8f
sndasset,#hash_7975bb105dcf656c
sndasset,#hash_d938371e1b4eefd
sndasset,#hash_1e46cdc31a65f921
sndasset,#hash_25b5aa52651300e6
sndasset,#hash_29709ec93c162fc8
sndasset,#hash_c3e45ca30c42da8
sndasset,#hash_63c2d7a89830d80
sndasset,#hash_2d79ee88d5218790
sndasset,#hash_52e5c2ecbf9cace0
sndasset,#hash_2ecd278c7ae49a9e
sndasset,#hash_38180dadf0fd7f3c
sndasset,#hash_337ae83e66499530
sndasset,#hash_5f53d6ac91ad3155
sndasset,#hash_55ff278f73b08ae2
sndasset,#hash_53c0deab19ab472b
sndasset,#hash_424d43069dba4f23
sndasset,#hash_e97bee608ca2200
sndasset,#hash_634b473a4e4a4e74
sndasset,#hash_3dd2df9ca7d8e000
sndasset,#hash_58f7b51fc12e8df3
sndasset,#hash_3510c6affcfc5455
sndasset,#hash_12a88c305ec7fd42
sndasset,#hash_cb49aec69374fc9
sndasset,#hash_19801db3dcbfa08a
sndasset,#hash_5927ae73b482e665
sndasset,#hash_5509363295428215
sndasset,#hash_5248b53a89492532
sndasset,#hash_1118aede9293d772
sndasset,#hash_722f9ae8260d7b9c
sndasset,#hash_7f318f45bbc70519
sndasset,#hash_60f2086311345805
sndasset,#hash_668a994991b5608c
sndasset,#hash_124e3b7a7555db8e
sndasset,#hash_52d919664acfb509
sndasset,#hash_2ba2db58f855d0a3
sndasset,#hash_cb212f04c90a897
sndasset,#hash_5fe93c9fbf795d86
sndasset,#hash_6e82051ccf4be880
sndasset,#hash_70ea0d55adb22e81
sndasset,#hash_48bd8d0d065e76fe
sndasset,#hash_47bcbbf8d9d17549
sndasset,#hash_7a60df90b577c051
sndasset,#hash_7746fe878dbea668
sndasset,#hash_723bb9d3e705de6
sndasset,#hash_caa0f9dd0938ffe
sndasset,#hash_68382b4d506a0909
sndasset,#hash_4b29859f43103618
sndasset,#hash_4a0087f6b879a7ae
sndasset,#hash_688cabd628ebbc33
sndasset,#hash_7279a2aa571b95e9
sndasset,#hash_2ad78ac4f59fa9b8
sndasset,#hash_6f69284c95e2e4e4
sndasset,#hash_18f4d1724620bb4
sndasset,#hash_fdd7823cbd903d8
sndasset,#hash_433da288a39360d0
sndasset,#hash_357007c98d527b08
sndasset,#hash_50ea4aedfcba467a
sndasset,#hash_3d707df268611c8e
sndasset,#hash_2210b383446d64ab
sndasset,#hash_3d21dbbc0732e83b
sndasset,#hash_33ac070bfffcb439
sndasset,#hash_4be9d0ffc1aed9df
sndasset,#hash_1b25defbb4b6c1cc
sndasset,#hash_575cb3ff2a094ae0
sndasset,#hash_7bf4f4a243035b39
sndasset,#hash_40bef0280d818e77
sndasset,#hash_37b1b1b4d0ca9628
sndasset,#hash_4c132e6498f30388
sndasset,#hash_10899f38da11660
sndasset,#hash_1128e364d037b640
sndasset,#hash_505d85bb59844073
sndasset,#hash_5c7e62ef764ab9fe
sndasset,#hash_7ad409f23b4d281c
sndasset,#hash_c3035dd4c7eead5
sndasset,#hash_2b4684a1f0aac8cb
sndasset,#hash_b12d79d6ff2ba31
sndasset,#hash_4c1548b1a12f18b7
sndasset,#hash_4b59bac5a0a90ece
sndasset,#hash_1f8574ba5653b650
sndasset,#hash_5d04a92a8a128be2
sndasset,#hash_52188f74d355f7e4
sndasset,#hash_452afc370686c250
sndasset,#hash_371e4891427ac5d4
sndasset,#hash_4c89afc29d5da58a
sndasset,#hash_50988ec44d3a77bb
sndasset,#hash_5f0d0d82dca2e2d3
sndasset,#hash_31875c7d6acdb36
sndasset,#hash_3270edc0563bcf03
sndasset,#hash_79eb616eb9a58ab7
sndasset,#hash_4a395dca04e2e2dd
sndasset,#hash_467c62bef618fd1
sndasset,#hash_26ddb0dc327e49c3
sndasset,#hash_2091a3e2709e342b
sndasset,#hash_3d2738b1b2a67598
sndasset,#hash_6f201607a6955501
sndasset,#hash_5ed369dfc7ce77e
sndasset,#hash_3a5dab9dc8af5bb1
sndasset,#hash_329a301f84c47123
sndasset,#hash_7a41e08b711819e0
sndasset,#hash_6c3cd580e8fc3475
sndasset,#hash_497d67e2229f1826
sndasset,#hash_1c759f3ab39a5445
sndasset,#hash_14612d38fd9545ec
sndasset,#hash_5a793c69a75933b0
sndasset,#hash_6297430228e4e342
sndasset,#hash_382cdf21c49b8625
sndasset,#hash_55b7bee6046bc78a
sndasset,#hash_6b7748fcb891cd80
sndasset,#hash_61b9bb9ab365b1c
sndasset,#hash_5e00c0c1d2088720
sndasset,#hash_4407758260538fed
sndasset,#hash_b8e3e629dae3201
sndasset,#hash_53d1d3c6f7f5d60c
sndasset,#hash_1fcc23acfa751790
soundbank,#hash_344fa2773d591a0d
soundbank,#hash_7e00a3f8933c5c3a
soundbank,#hash_3034f3fe8f3dc27c