type,name
netconststrings,#hash_66841dd03b4df28a
netconststrings,#hash_1f489a9ba8920c1e
rawfile,#eng_mp_sealion
keyvaluepairs,#eng_mp_sealion
image,#hash_1573f9f71eef601a
image,#hash_417efc15ea8743e2
localize,#hash_21748c2c2fb5b6b7
localize,#hash_7d8edf75de3a4ae9
localize,#hash_56ee58cbb8412992
localize,#hash_ee03bb67eb374ef
localize,#hash_40ab4987b62abba1
localize,#hash_318b2668fa1b8ac0
localize,#hash_5b9f6758dccb0548
localize,#hash_43ab4a7a29f85b1c
localize,#hash_6c8f7be808a05164
localize,#hash_38eea736b2a346a1
localize,#hash_4c98a91b3b453adb
localize,#hash_74fdce66c1f6798
localize,#hash_5f747dcba7351b80
localize,#hash_4dd9ac005d9eb169
localize,#hash_77c51b5c79402e63
localize,#hash_31541b3086f81498
localize,#hash_67d0bae823a20280
localize,#hash_4ade095f337455f4
localize,#hash_584bec28f722a5fc
localize,#hash_24b33be3aefdc734
localize,#hash_71e271d7db369e3c
localize,#hash_2ae7f668af512efd
localize,#hash_2586104d1b2aa347
localize,#hash_7e8aff90f5ded0fe
localize,#hash_4cb0a32a8677c94e
localize,#hash_1f8e6515c9ecdc3e
localize,#hash_136a5abb2b96f18e
localize,#hash_469808ee9c808a8c
localize,#hash_5349b367ce35dbf4
localize,#hash_63df20ca7c9875f1
localize,#hash_3101a021a660c74b
localize,#hash_4c86a522767a134a
localize,#hash_1d8d61b925f4d4fa
localize,#hash_458b25ede627c47c
localize,#hash_1abcd115655c4d04
localize,#hash_5172a208fe30634f
localize,#hash_69715d465a6a4c1
localize,#hash_50fbf8c8bc0f5d50
localize,#hash_397862dfaa8e8578
localize,#hash_5bbf1e6ba22164b
localize,#hash_245f6a9e79bd105d
localize,#hash_235c599e4d4480ea
localize,#hash_4213f2e2c4297fda
localize,#hash_30d15ccf461b3873
localize,#hash_36bec60d540a3c65
localize,#hash_5886109bc508264b
localize,#hash_635f93f3e355405d
localize,#hash_6676e259c1acd974
localize,#hash_6de3229771f0807c
localize,#hash_75ab83cef85bb63b
localize,#hash_67a1956463727d2d
localize,#hash_bf195c3c4bf304e
localize,#hash_54091a6d7889ccfe
localize,#hash_6d45143817ebaf29
localize,#hash_431a0c9dc17b3923
localize,#hash_6bf4ce5b0c9f2217
localize,#hash_40c2402d2d6c8b09
localize,#hash_10c984d6e2484fad
localize,#hash_17de54c20b74c317
localize,#hash_29599547476906f8
localize,#hash_1b8b3067a51cd20
localize,#hash_39e2f5f10643189
localize,#hash_4b4a3614146c8743
localize,#hash_4105f2c477c9d38f
localize,#hash_71181c67ef9e6601
localize,#hash_514b68514ad79fa9
localize,#hash_59f9e1afdbce3aa3
localize,#hash_296e373c67aef1da
localize,#hash_165ca9c38c49676a
localize,#hash_719e379df9fd1af5
localize,#hash_6f7067745e92c6df
localize,#hash_1d8502a2bcc5b633
localize,#hash_5946cee6964f9b25
localize,#hash_4aaf479cfe7e22e8
localize,#hash_59b77eb94185ad30
localize,#hash_d14964b6c7fa66d
localize,#hash_3c57e4969e01efd7
localize,#hash_c8f7d90e6ce4d70
localize,#hash_4107517dc3daa7d8
localize,#hash_3387941edde394a2
localize,#hash_8ea820cc6b74772
localize,#hash_75d501182a0f0e93
localize,#hash_5aee7d0295bc8245
localize,#hash_1eefe9f572d59617
localize,#hash_3fa504a70c836709
localize,#dmz/activate_uav_tower
localize,#dmz/activate_uav_tower_cost
localize,#hash_276b77249eedb6d7
localize,#DMZ/BOSS_TRAPPER_ALARM_DISABLE
localize,#DMZ/BOSS_TRAPPER_WHEELSON_HACK
localize,#DMZ/NO_ACCESS
localize,#DMZ/OPEN_GARAGE_DOOR
localize,#DMZ/SAMSITE_CAPTURE_HINT
localize,#DMZ/UPLOAD_POINT_USE_HINT
localize,#INTERACTABLE_NOTES_SABA/HINT_NOTE_EMAIL
localize,#hash_131b12664bff9fff
localize,#hash_2c33cb4ad1505faf
localize,#MP_BR_INGAME/DMZ_EXFIL_FINAL_TAC_ICON_LABEL
localize,#MP_BR_INGAME/DMZ_EXFIL_TAC_ICON_LABEL
localize,#MP_BR_INGAME/DMZ_PERSONAL_EXFIL_TAC_ICON_LABEL
localize,#hash_6c9593f151379ae2
localize,#mp_br_ingame/reward_icon_name_dataheist
localize,#MP_BR_INGAME/REWARD_ICON_NAME_PAYPHONE
localize,#MP_BR_INGAME/REWARD_ICON_NAME_WINDCHIMES
localize,#hash_2f25fa077ad73c64
localize,#mp_br_pe_dataheist/capture_state_blocked
localize,#mp_br_pe_dataheist/capture_state_downloading
localize,#mp_br_pe_dataheist/capture_state_interference
localize,#hash_469d249c4620cfc5
localize,#hash_61cd4924f3e1c88f
localize,#hash_49e0bc382538393e
localize,#hash_3758817c613de88e
localize,#hash_43a7bae1f74fc5b
localize,#hash_558d0cfe7596050d
localize,#hash_5bb711682b384e72
localize,#hash_4b1abcd9e49c30e2
localize,#hash_28a5446dd1c499ec
localize,#hash_3b059b94c4a85694
localize,#hash_4b4fbe30672624
localize,#hash_41652df221e061dd
localize,#hash_43802476f3b6d4d8
localize,#MP_DMZ_MISSIONS/DMZ_CALL_HELI
localize,#hash_71bd62a1b52f4141
localize,#hash_25a5ad015c541453
localize,#MP_SEALION/SEALION_SIDEQUEST_RADIO
localize,#hash_1a2d2b18cc50c0f6
localize,#hash_12ad1f37b9a58e81
localize,#hash_68a89ef0b8420ffc
localize,#hash_90878feb1bc351b
localize,#hash_281b11baa8e5bd11
localize,#PMC/PLANT_HACKED_LAPTOP
localize,#hash_19b4c18e994f0830
localize,#hash_28032dd6a199bc97
localize,#hash_6b71265709244578
localize,#hash_cd7e69e938814a0
localize,#hash_79e67d8b143a91e6
localize,#hash_2dc6d97cfa37948
localize,#hash_1fa4f8eb17361f9f
localize,#hash_3891a4e61bdb03c3
localize,#hash_7bb3e1e17f7a12cb
localize,#hash_24f4c07f086142f8
localize,#hash_20dd04d4a01b214c
localize,#hash_199fb6dfe760be50
localize,#hash_5bdf8f50a21bcf3f
localize,#hash_1e385c83e81aac3e
localize,#hash_22413df214222182
localize,#hash_30e529ff33aae83c
localize,#hash_6c7c2d40cab73040
localize,#hash_60b89adb5a5d7c63
localize,#hash_6ba5399f49f2eb35
localize,#hash_79c27d0d6e6ee0f1
localize,#hash_5f3189559c63a636
localize,#hash_3a77936b20383cc3
localize,#hash_36739922346cd0d3
localize,#hash_4f97024279f8a40a
localize,#hash_2947fd34492643c4
localize,#hash_3fbc0d16ee612f10
localize,#hash_3187dc41e7e58db0
localize,#hash_112deb1f24bfdd13
localize,#hash_44f467a0c40ccf4
localize,#hash_214b55614bc1b5be
localize,#hash_21d489d68d10a82c
localize,#hash_2a00f55cd0256f17
localize,#hash_2def9cdc293e5209
localize,#hash_2431abe47233587c
localize,#hash_7efbcfe03bdab96f
localize,#hash_6e4418c39f4d3300
localize,#hash_362dcb49d56cc41f
localize,#hash_2802d13c888310c9
localize,#hash_3e1f420ff5f0b87e
localize,#hash_5e7cb7ea0f5acb70
localize,#hash_130495a3805b61d8
localize,#hash_13d3e7ad165967bf
localize,#hash_1af22c6dfe9c1c91
localize,#SPLASHES/SEALION_SIDEQUEST_DOJO_START
localize,#SPLASHES/SEALION_SIDEQUEST_DOJO_START_DESC
localize,#SPLASHES/SEALION_SIDEQUEST_PAYPHONE_SUCCESS
localize,#SPLASHES/SEALION_SIDEQUEST_PAYPHONE_SUCCESS_DESC
localize,#SPLASHES/SEALION_SIDEQUEST_WINDCHIME_END
localize,#SPLASHES/SEALION_SIDEQUEST_WINDCHIME_END_DESC
localize,#hash_45628fcc10919c67
localize,#hash_1cd39ca25c9cbf53
localize,#hash_3c4798b46171f0ae
localize,#hash_78ca20956f4e1366
localize,#hash_3ad50396a288f36c
localize,#hash_3ad50696a288f885
localize,#hash_3ad50596a288f6d2
localize,#hash_17388921a209e2c5
localize,#hash_17388621a209ddac
localize,#hash_32d95a3e7a7bd32e
localize,#hash_32d9593e7a7bd17b
localize,#hash_32d9583e7a7bcfc8
localize,#hash_7810869634dafcd0
localize,#hash_7810899634db01e9
localize,#hash_7810889634db0036
localize,#hash_63fc5cd2bebd4e83
localize,#hash_63fc5dd2bebd5036
localize,#hash_63fc5ed2bebd51e9
localize,#hash_3b3dd6f04255c037
localize,#hash_3b3dd7f04255c1ea
localize,#hash_3b3dd8f04255c39d
localize,#hash_7c265bfcf8db2d54
localize,#hash_7c265efcf8db326d
localize,#hash_7c265dfcf8db30ba
localize,#hash_31a7a0fd5f8cac53
localize,#hash_31a7a1fd5f8cae06
localize,#hash_31a7a2fd5f8cafb9
localize,#hash_31f7ad0f09553cd5
localize,#hash_31f7aa0f095537bc
localize,#hash_31f7ab0f0955396f
localize,#hash_6a1580ef0c74366
localize,#hash_6a1570ef0c741b3
localize,#hash_6a1560ef0c74000
localize,#hash_2d84ef0f4ff5c9bb
localize,#hash_2d84f00f4ff5cb6e
localize,#hash_2d84f10f4ff5cd21
localize,#hash_3eaf3d0f59a35785
localize,#hash_3eaf3a0f59a3526c
localize,#hash_3eaf3b0f59a3541f
localize,#hash_8a4530f3a7128e7
localize,#hash_8a4540f3a712a9a
localize,#hash_8a4550f3a712c4d
localize,#hash_194fc3690f733cfc
localize,#hash_194fc6690f734215
localize,#hash_194fc5690f734062
localize,#hash_5149f16255a85c77
localize,#hash_5149f26255a85e2a
localize,#hash_69c2d4626316f670
localize,#hash_69c2d7626316fb89
localize,#hash_534c48629f512b4c
localize,#hash_534c4b629f513065
localize,#hash_534c4a629f512eb2
localize,#hash_59c20162a25a83e7
localize,#hash_59c20262a25a859a
localize,#hash_4a60219de178d110
localize,#hash_4a60249de178d629
localize,#hash_4a60239de178d476
localize,#hash_41ade39e247d6ab6
localize,#hash_41ade29e247d6903
localize,#hash_41ade19e247d6750
localize,#hash_3ab30700ce3e0994
localize,#hash_3ab30a00ce3e0ead
localize,#hash_3ab30900ce3e0cfa
localize,#hash_40bb45130ccaac8c
localize,#hash_40bb48130ccab1a5
localize,#hash_40bb47130ccaaff2
localize,#hash_6bb0751619d8ba9a
localize,#hash_6bb0741619d8b8e7
localize,#hash_6bb0731619d8b734
localize,#hash_c11ab243a75838
localize,#hash_788034b8875d89ca
localize,#hash_5cbe5db82f305395
localize,#hash_eef6b8442003a4
localize,#hash_1681cd7147865fbb
localize,#hash_6cf459847a658bc2
localize,#hash_1d96c59cd1326a89
localize,#hash_744185bd105ad0e5
localize,#hash_744182bd105acbcc
localize,#hash_3c3e2349a85aeca6
localize,#hash_2d1b76c93d2dc4e
localize,#hash_205c73c5d4c32bf0
localize,#hash_205c76c5d4c33109
localize,#hash_205c75c5d4c32f56
localize,#hash_205c78c5d4c3346f
localize,#hash_205c77c5d4c332bc
localize,#hash_205c7ac5d4c337d5
localize,#hash_205c79c5d4c33622
localize,#hash_6c1a2d125fed54f2
localize,#hash_6c1a2c125fed533f
localize,#hash_64cb78125c2c1263
localize,#hash_64cb79125c2c1416
localize,#hash_5ea5ba12a15b0ac9
localize,#hash_5ea5b712a15b05b0
localize,#hash_475194574ce05413
localize,#hash_475195574ce055c6
localize,#hash_43703a98fcb22274
localize,#hash_43703d98fcb2278d
localize,#hash_23f7f99933b98041
localize,#hash_23f7f69933b97b28
localize,#hash_4d81eb40074d4270
localize,#hash_4d81ee40074d4789
localize,#hash_39fdd84b0dcf9a5
localize,#hash_39fda84b0dcf48c
localize,#hash_39fdb84b0dcf63f
localize,#hash_39fd884b0dcf126
localize,#hash_39fd984b0dcf2d9
localize,#hash_39fd684b0dcedc0
localize,#hash_3797fc5a7e1a5059
localize,#hash_3791005a7e143877
localize,#hash_3786fb5a7e0bdb73
localize,#hash_3783ef5a7e099138
localize,#hash_37b60d5a7e336acb
localize,#hash_37d2015a7e4bd11f
localize,#hash_37d1fd5a7e4bca53
localize,#hash_37cb125a7e45cf54
localize,#hash_37c70e5a7e41dfb1
localize,#hash_1ec4bf48b7a837d9
localize,#hash_1ec4bc48b7a832c0
localize,#hash_1ec4bd48b7a83473
localize,#hash_1ec4c248b7a83cf2
localize,#hash_1ec4c348b7a83ea5
localize,#hash_1ec4c048b7a8398c
localize,#hash_552e1aa92367162d
localize,#hash_5527fea923627aeb
localize,#hash_553909a9237100cf
localize,#hash_55351da9236d39f4
localize,#hash_551713a923542b67
localize,#hash_54faffa9233b8eb3
localize,#hash_54fb03a9233b957f
localize,#hash_54f510a923373fe8
localize,#hash_54f114a923335ddd
localize,#hash_1aeaec5fc8ce2e6d
localize,#hash_1aeae95fc8ce2954
localize,#hash_1aeaea5fc8ce2b07
localize,#hash_5fbb3290f41f761d
localize,#hash_5fbb2f90f41f7104
localize,#hash_5fbb3090f41f72b7
localize,#hash_2a39cd908d6dc0be
localize,#hash_2a39cc908d6dbf0b
localize,#hash_2a39cb908d6dbd58
localize,#hash_22eb189089ac7e2f
localize,#hash_22eb199089ac7fe2
localize,#hash_22eb1a9089ac8195
localize,#hash_190fff9083c10c74
localize,#hash_1910029083c1118d
localize,#hash_1910019083c10fda
localize,#hash_190ffc9083c1075b
localize,#hash_10fdeebbe4ba9267
localize,#hash_10fdefbbe4ba941a
localize,#hash_4042b62b6a3f9ee6
localize,#hash_4b2b2aaa1383007d
localize,#hash_4b2b27aa1382fb64
localize,#hash_4b2b28aa1382fd17
localize,#hash_4b2b25aa1382f7fe
localize,#hash_1fd555a9faf5e08e
localize,#hash_1fd554a9faf5dedb
localize,#hash_1fd553a9faf5dd28
localize,#hash_403f812b6a3d0f00
localize,#hash_403f842b6a3d1419
localize,#hash_403f832b6a3d1266
localize,#hash_403f862b6a3d177f
localize,#hash_6f818c990ef5d1e5
localize,#hash_6f8189990ef5cccc
localize,#hash_53532e98b66c976b
localize,#hash_53532f98b66c991e
localize,#hash_53533098b66c9ad1
localize,#hash_7c92bc8001197068
localize,#hash_7c92bf8001197581
localize,#hash_6419b97ff3aaa00f
localize,#hash_6419ba7ff3aaa1c2
localize,#hash_27e8918019a69057
localize,#hash_27e8928019a6920a
localize,#hash_360cd85085213c22
localize,#hash_360cd75085213a6f
localize,#hash_64505126f85a4e50
localize,#hash_64505426f85a5369
localize,#hash_457fe4212f9e33aa
localize,#hash_457fe3212f9e31f7
localize,#hash_406eea2b6a65322d
localize,#hash_406ee22b6a652495
localize,#hash_692521b67b2b10c7
localize,#hash_1eed2e9e15fe76cf
localize,#hash_182157d9a1e7dd12
localize,#hash_44a076dd4e8351cd
localize,#hash_fb4c890514e7dd1
localize,#hash_2f75cf071e5ccf5c
localize,#hash_79b969aa6deb456e
localize,#hash_4decebaabc853f14
localize,#vehicles_hints/acv_enter
localize,#vehicles_hints/atv_enter
localize,#VEHICLES_HINTS/PALFA_ENTER
localize,#VEHICLES_HINTS/PATROL_BOAT_ENTER
localize,#hash_98e41e2c44b8d0a
localize,#VEHICLES_HINTS/RHIB_ENTER
localize,#vehicles_hints/suv_enter
localize,#hash_2f9dcfd6fb6605b9
techset,#hash_e84a5c6c5970ffd7
image,#$white
image,#$identitypackednog
image,#$black
image,#ads_scope_lens_reflection_1_thermalmap
material,#hash_63f0f33faf5dca06
sndasset,#hash_6eb56af4292a4521
sndasset,#hash_76901fc30a915cc5
sndasset,#hash_7757959e9663be8d
sndasset,#hash_3d249e152a9b7b2e
sndasset,#hash_37d843165d6772ce
sndasset,#hash_7142c42bb71c5064
sndasset,#hash_1862b6fdb99fd917
sndasset,#hash_16f214b7e790f867
sndasset,#hash_3f605590dc443beb
sndasset,#hash_1abcddf3752dd70c
sndasset,#hash_5f74997500ad9740
sndasset,#hash_30080a9e43214e92
sndasset,#hash_13d9b79a81384aed
sndasset,#hash_9477bb84d813771
sndasset,#hash_17ec66778ac1a131
sndasset,#hash_e2e67260fb4d3ca
sndasset,#hash_6209ceff7b3f5fa
sndasset,#hash_71a38bd67d4d1128
sndasset,#hash_100984836f25debb
sndasset,#hash_40d2b9a969751e80
sndasset,#hash_4e423c16ab9209c8
sndasset,#hash_4c557cc5a525be3d
sndasset,#hash_3ad44b5a655b3a35
sndasset,#hash_1685d9d295eb2dde
sndasset,#hash_5374e29f1d9e98d2
sndasset,#hash_7f468e37ccaaeb8b
sndasset,#hash_4c8fc3040da18f0f
sndasset,#hash_553455dd6ca51314
sndasset,#hash_5a246622d20c7bfc
sndasset,#hash_737fc9c828a30871
sndasset,#hash_299208034aa80ecf
sndasset,#hash_620119a8232f40ff
sndasset,#hash_7096f5d504a48213
sndasset,#hash_652f59910c6cf822
sndasset,#hash_19d565bab3069271
sndasset,#hash_25ff589c75245aef
sndasset,#hash_6039534253dd33ab
sndasset,#hash_61e04e847817966c
sndasset,#hash_7e7283bb15e49ea0
sndasset,#hash_32b6822f68e99ec4
sndasset,#hash_49480309c6e7d38c
sndasset,#hash_10e6d121e4afb1e7
sndasset,#hash_19d05a469f2abe52
sndasset,#hash_19d423b9f5a75d34
sndasset,#hash_208fee1d226c55ee
sndasset,#hash_357579f7fa35a4d7
sndasset,#hash_6bbcd92bac600b05
sndasset,#hash_2ec82b772836a389
sndasset,#hash_5016b08d0362df91
sndasset,#hash_9b8f0c2b527cf74
sndasset,#hash_73f95864bed306c3
sndasset,#hash_6637cb654f11d851
sndasset,#hash_5b7557b17d1caf89
sndasset,#hash_3ad248656fdfa2e
sndasset,#hash_61d3e6b79f432766
sndasset,#hash_335798854e553166
sndasset,#hash_40266c5ca9c34a
sndasset,#hash_63f8bf1e5e7e5791
sndasset,#hash_2050ff0e4e339bb4
sndasset,#hash_300241a7bfd8643e
sndasset,#hash_36cac16cbc60505c
sndasset,#hash_7c7d31c72027d0d9
sndasset,#hash_1781356428e3ca83
sndasset,#hash_76442cc16cdb174b
sndasset,#hash_7b71068fd6cd099f
sndasset,#hash_2efd924a4cb64a4e
sndasset,#hash_67cfa96c9707bf75
sndasset,#hash_52a7e474b10f9563
sndasset,#hash_2cd24bb657ad1f5f
sndasset,#hash_251427a5dbd455b8
sndasset,#hash_665db5a393080a64
sndasset,#hash_64e73c14d5182840
sndasset,#hash_6003dbfad5be6fe8
sndasset,#hash_2a444cb5d6047e43
sndasset,#hash_627d09831977566
sndasset,#hash_2b86e9fc099fe278
sndasset,#hash_7c2f2a4d4acaf432
sndasset,#hash_7fad175af2881153
sndasset,#hash_a6a670531b20f77
sndasset,#hash_1a88b1f6f0562db4
sndasset,#hash_38f517fc68624f13
sndasset,#hash_3883cd2a615cf3c8
sndasset,#hash_6952bf6741c6d4a0
sndasset,#hash_69a8a4dd283d7725
sndasset,#hash_376cdf9bed5cc7a2
sndasset,#hash_14d794ebab58489f
sndasset,#hash_2b17d77671ceffb9
sndasset,#hash_20db9ccfa3c374ae
sndasset,#hash_4e5078bb71dcede1
sndasset,#hash_51eac2cea82ab012
sndasset,#hash_3e3dc7983537602
sndasset,#hash_4eb7f8973f89760f
sndasset,#hash_589f71d6ddaad1d8
sndasset,#hash_e6e093fa5d176b9
sndasset,#hash_65f1e77ed94e102b
sndasset,#hash_4d65b520374f28d8
sndasset,#hash_15b6e1ee34c584a7
sndasset,#hash_6c8c96429a662f9c
sndasset,#hash_105a095371419524
sndasset,#hash_65ebe8f5e73c17b9
sndasset,#hash_21d29bc67ac1cc96
sndasset,#hash_238db02c7dc36193
sndasset,#hash_5ee7be8e3bade482
sndasset,#hash_3f7f314cfd70bd0a
sndasset,#hash_6559ab8e1ba2862
sndasset,#hash_1452371f44524b07
sndasset,#hash_46246d394f861588
sndasset,#hash_1c1527d82fa5fb8c
sndasset,#hash_62d1057dd66adeee
sndasset,#hash_5756d76d1f6183b8
sndasset,#hash_48a47a73dc3f26c9
sndasset,#hash_648cc11828766bc9
sndasset,#hash_36fa3c3d764f7e9a
sndasset,#hash_767e520ce7a7e600
sndasset,#hash_5eab628e58233123
sndasset,#hash_35629e05134b3ced
sndasset,#hash_5264f761f9a6c71d
sndasset,#hash_72cf5cf833751da3
sndasset,#hash_718c7aeae8fca610
sndasset,#hash_4c0548350f39d2f7
sndasset,#hash_7d75da832598c66b
sndasset,#hash_4cbfbabb17a2b349
sndasset,#hash_1818ebc47b545735
sndasset,#hash_19d294f6e7f5f0e
sndasset,#hash_17348e1dfea94c48
sndasset,#hash_4a1085b08f0115b7
sndasset,#hash_1ca3f4d2075b81b1
sndasset,#hash_6cb7e0b49f94520e
sndasset,#hash_5f853a2669dd3078
sndasset,#hash_4c82c6b91339acc4
sndasset,#hash_79e94470162a390
sndasset,#hash_71ac220414024545
sndasset,#hash_40f53cc90e2ee94e
sndasset,#hash_4c8e1044238baf2a
sndasset,#hash_3c5d4948682a5428
sndasset,#hash_def734a3b8957da
sndasset,#hash_35498d264d2fe3c3
sndasset,#hash_2cdbccf482a2191f
sndasset,#hash_180331e3ab20e528
sndasset,#hash_5d4bf2cd4bce322
sndasset,#hash_2e8ce2ca8814fcc1
sndasset,#hash_5765b9db4c84263
sndasset,#hash_717a9e41a4fdf847
sndasset,#hash_554cc8ea6a5b3f21
sndasset,#hash_5839ce861c23ad06
sndasset,#hash_18f2f01f92501895
sndasset,#hash_ab0dd877d7b4631
sndasset,#hash_14f5c316c3e004a3
sndasset,#hash_1b012d335f0dd7a7
sndasset,#hash_52e3611a6f7bef98
sndasset,#hash_61326c8726106ae
sndasset,#hash_5247e90ddbe980ed
sndasset,#hash_67641033288db663
sndasset,#hash_4bc5958cce631ff4
sndasset,#hash_761acb9b65d11cce
sndasset,#hash_3ad026100535690e
sndasset,#hash_6a868689f2a057de
sndasset,#hash_7cf8a0073e7cb883
sndasset,#hash_d9c2e235701de84
sndasset,#hash_4dd7977c662b2c0
sndasset,#hash_367b9ebf008af612
sndasset,#hash_46681e3d97a8886c
sndasset,#hash_7fd1232f9f98dde5
sndasset,#hash_11b07d9c0c50e915
sndasset,#hash_df1c5f706b8aba6
sndasset,#hash_7ad49682ea1792c4
sndasset,#hash_fe034dfade2cf07
sndasset,#hash_726917e047fb3939
sndasset,#hash_25c884f4a5ca80c1
sndasset,#hash_538d1cefcbd42c4f
sndasset,#hash_37bb499de3c9b41c
sndasset,#hash_41b2321c67a52a73
sndasset,#hash_62549bae50287cf
sndasset,#hash_5d1925d7f420442d
sndasset,#hash_6b05da579e941d9
sndasset,#hash_630a7d73573fb7fa
sndasset,#hash_7ef00126b7f0f604
sndasset,#hash_1156b62c47476b73
sndasset,#hash_f0ce4942baf8745
sndasset,#hash_473ef9a9e02810b2
sndasset,#hash_59cfb8b7c18cd2f8
sndasset,#hash_1c06d1604e3b443f
sndasset,#hash_47488285c089dc12
sndasset,#hash_691aa2d0956627ed
sndasset,#hash_491d3eea11a5ab82
sndasset,#hash_230ebbc1ff42b68d
sndasset,#hash_29202c54793a665e
sndasset,#hash_6844c2ac719c5fa5
sndasset,#hash_73f3636961cf8720
sndasset,#hash_4d52918976444313
sndasset,#hash_1ec5b444ef67dc00
sndasset,#hash_29975e897b87086b
sndasset,#hash_2fd19e500324578c
sndasset,#hash_9679fab28819d7b
sndasset,#hash_856bde1e310556e
sndasset,#hash_5070beafbc3deb11
sndasset,#hash_24508d0177aec67e
sndasset,#hash_37d9b74d76a4a5a9
sndasset,#hash_1317f2f35e30eb15
sndasset,#hash_2bc08fa55282301f
sndasset,#hash_7cee73f1a998cecd
sndasset,#hash_4a2481adb24c8d5b
sndasset,#hash_3a56097779807566
sndasset,#hash_7e8fc083d7e6a1d6
sndasset,#hash_520731c6e45e7aa7
sndasset,#hash_236db2298b0594db
sndasset,#hash_1e704604b9e22c
sndasset,#hash_38341b9750396e4c
sndasset,#hash_7df19a4aeeabe890
sndasset,#hash_2097d584108c924c
sndasset,#hash_bd3edad0558172c
sndasset,#hash_1099848de8214564
sndasset,#hash_5a4c0a87cc797e99
sndasset,#hash_61cf14cd60decd89
sndasset,#hash_70f47c1334b028b6
sndasset,#hash_12b49d64e4bc68dd
sndasset,#hash_1ea10a4f4b24226a
sndasset,#hash_2d1914aa7bc91685
sndasset,#hash_ac5908b6629476d
sndasset,#hash_7e385cb96807ca7d
sndasset,#hash_698f0cc857ef2e6f
sndasset,#hash_6e4f4f160956d296
sndasset,#hash_5cfc9caa5b5347c0
sndasset,#hash_4bbe419fc83a8f22
sndasset,#hash_116fa64a8ff9478a
sndasset,#hash_2abdfbfda71c92e0
sndasset,#hash_463c2c43239d135c
sndasset,#hash_64ecfd4dcb26f33a
sndasset,#hash_752d585d91e51925
sndasset,#hash_4f34614ff6131e57
sndasset,#hash_4031f05db10cffdb
sndasset,#hash_745286b792dacaef
sndasset,#hash_57ec37c397d18f27
sndasset,#hash_66710ee6670c1d85
sndasset,#hash_4cec69df6b7afac1
sndasset,#hash_572e0f6c8b5c05d5
sndasset,#hash_793b6178c7617763
sndasset,#hash_5bbec8a137da734e
sndasset,#hash_5493af6b3757881c
sndasset,#hash_7972d5e74fe69ee
sndasset,#hash_36a2fa7b03f1c920
sndasset,#hash_78dc3a93c9774bdc
sndasset,#hash_3d222114b8f805f8
sndasset,#hash_34fdacffa4e0b82f
sndasset,#hash_58c577dacf9035
sndasset,#hash_6c46152c72e81442
sndasset,#hash_2e1092cc2d36ff54
sndasset,#hash_3fbf74cb007d9df7
sndasset,#hash_1e0801eec2cb8103
sndasset,#hash_7b78a69212dac719
sndasset,#hash_700fc2782ec7aba5
sndasset,#hash_6c7988767e9bf8c7
sndasset,#hash_1f7d702016be3ff1
sndasset,#hash_5e84426e507d1efa
sndasset,#hash_bc318f4cb64501c
sndasset,#hash_63ef8c81bacbd81b
sndasset,#hash_5daae708d5668a98
sndasset,#hash_35c66e7892dd3609
sndasset,#hash_305d9527760227a
sndasset,#hash_2da80b3576a52162
sndasset,#hash_25dccefb3602f8c
sndasset,#hash_44e56da825ea4e48
sndasset,#hash_1a66e72a908feb03
sndasset,#hash_4661c370b4a2cce3
sndasset,#hash_6a508e9511c51f4f
sndasset,#hash_2e507cac28697daf
sndasset,#hash_126f7a0b265bb0ad
sndasset,#hash_59405d2bd004083f
sndasset,#hash_3d49f31efb4c7f23
sndasset,#hash_295c8e3a0885d6ba
sndasset,#hash_6ec1ad5bbd5ea04a
sndasset,#hash_8413a59d7851620
sndasset,#hash_760750e6decdc64c
sndasset,#hash_39f27aa953234f6e
sndasset,#hash_77cd410c077251c
sndasset,#hash_5dccbe496c86f60c
sndasset,#hash_119118e67fb2ebd6
sndasset,#hash_5c8cfff039581614
sndasset,#hash_1665516c4893767f
sndasset,#hash_5e48e1d132532625
sndasset,#hash_3c275a055372f26b
sndasset,#hash_6667111da0a27859
sndasset,#hash_3c8214123f4be027
sndasset,#hash_109de430a1a8ac05
sndasset,#hash_5003da32ecaeea40
sndasset,#hash_1c8ea1024d21f230
sndasset,#hash_4a19d0bafbd7b0c5
sndasset,#hash_6c6849b0eae78025
sndasset,#hash_213658122c3f032
sndasset,#hash_2ddf0f515089949e
sndasset,#hash_5ab2cdcfdfdd703a
sndasset,#hash_48a871f5ef556f2
sndasset,#hash_4c67d82823d66aee
sndasset,#hash_157d8792a1c4d8f6
sndasset,#hash_e55f17408f78487
sndasset,#hash_4407dcec1ff0042f
sndasset,#hash_53e2261dff56a74
sndasset,#hash_1a5af23776ed092b
sndasset,#hash_442907c94f90cae4
sndasset,#hash_d0482ef45902baf
sndasset,#hash_4fe0893ef5f5069b
sndasset,#hash_3576bcefb20dbcb
sndasset,#hash_3097b913ca06fbe9
sndasset,#hash_184a51d5d06b4d0
sndasset,#hash_1419233e6eb44c1a
sndasset,#hash_5bae6e0095900568
sndasset,#hash_1ad0f202e526e798
sndasset,#hash_10e12fca8f314606
sndasset,#hash_9f193a0c7d4ad3e
sndasset,#hash_6121cc14ec5bb724
sndasset,#hash_45ad61eac0b24e77
sndasset,#hash_210be429c406da4d
sndasset,#hash_4e3c361e1a953671
sndasset,#hash_10ca5ccdd1a03f55
sndasset,#hash_172bef862d90eed
sndasset,#hash_fcb08932df4803
sndasset,#hash_30d01ee3ff309463
sndasset,#hash_66c57ae556aa6f63
sndasset,#hash_3da4d39319c3e421
sndasset,#hash_1b88dcfb4cd79290
sndasset,#hash_4d868dc3fcc0e0b6
sndasset,#hash_7d0b6d4ef0c93194
sndasset,#hash_1fc5a11ac3e3103a
sndasset,#hash_39d379b64b0ee526
sndasset,#hash_42c0a5e42b3c297a
sndasset,#hash_55d3f60d6a144139
sndasset,#hash_866fd2bfade3ec7
sndasset,#hash_48a0a23de756d310
sndasset,#hash_3632d876de67566e
sndasset,#hash_29b1353512f032bd
sndasset,#hash_39ba08cfe6f9b95
sndasset,#hash_626462c2eac274fb
sndasset,#hash_d202789f8308c13
sndasset,#hash_3399ca463332c6d9
sndasset,#hash_de3aa8ceba5aca3
sndasset,#hash_43efe9e3bb5fe898
sndasset,#hash_68d71f129f49ba52
sndasset,#hash_2579802d79b8d6d1
sndasset,#hash_1a9b5e52a170aba6
sndasset,#hash_28239c788fbb793b
sndasset,#hash_2f8be4245bde41ec
sndasset,#hash_22f03075e326faa8
sndasset,#hash_791d12838d1be53a
sndasset,#hash_2f7cb74254378fb2
sndasset,#hash_36b5e7548f32f105
sndasset,#hash_562e0f994e29ebad
sndasset,#hash_6f015e84cb4c01ad
sndasset,#hash_4fc568dc5a0b682d
sndasset,#hash_2dc9886ac0bc378b
sndasset,#hash_13923eb93d4c43a9
sndasset,#hash_3b08998a496beafd
sndasset,#hash_7d40f2e60869af8c
sndasset,#hash_7d02d09023fbc240
sndasset,#hash_876ce41e7d8c2e
sndasset,#hash_297c7f720b07dcaa
sndasset,#hash_58178369a43e570c
sndasset,#hash_71c46d482e626d52
sndasset,#hash_4b89298c98f567ae
sndasset,#hash_40687892daf461b4
sndasset,#hash_5628fcd157308152
sndasset,#hash_4fb1d477d4497df1
sndasset,#hash_17b64399250f034f
sndasset,#hash_13eee6398067eaa9
sndasset,#hash_6748a107f534d4bb
sndasset,#hash_1074f80fa021a79
sndasset,#hash_40ee197eb2a48fa7
sndasset,#hash_309e2f764e1ba15a
sndasset,#hash_290e9a65e0eee7aa
sndasset,#hash_7206a37f093f0853
sndasset,#hash_33e7aceca4cff1cf
sndasset,#hash_5a1a46dba7f45c70
sndasset,#hash_38eba3dcdbc462a0
sndasset,#hash_66f3d255335bb764
sndasset,#hash_159f87cef7991a78
sndasset,#hash_3d2c3e9cb99ae638
sndasset,#hash_4cf453c83a82efe8
sndasset,#hash_620aae6ea881b0c5
sndasset,#hash_4eece903a85664cd
sndasset,#hash_259ffdce862fbb0a
sndasset,#hash_56311fca21aab6d1
sndasset,#hash_4eada89cc0d4649e
sndasset,#hash_11fe741b366e3199
sndasset,#hash_1d80f753076afa89
sndasset,#hash_c1740ede8d398e9
sndasset,#hash_a713f1862ecbec3
sndasset,#hash_3a86fe31a6e64b82
sndasset,#hash_4fb13f0f1c35d3dc
sndasset,#hash_53c668f70ee79366
sndasset,#hash_5c1c2b8870438d16
sndasset,#hash_5488c7aa6118704c
sndasset,#hash_cb3b3393d82d200
sndasset,#hash_6c1be735e5025eee
sndasset,#hash_61ab14686a2cdd21
sndasset,#hash_2dcb5a975905f9db
sndasset,#hash_c032be2a9dd462f
sndasset,#hash_155b5de48c76ec7b
sndasset,#hash_13d7f20e619ca72b
sndasset,#hash_3c78a229876b87c1
sndasset,#hash_4330bb138050589d
sndasset,#hash_a4d9970ef830069
sndasset,#hash_fd3d03bd6d640a7
sndasset,#hash_73e6fdc0f464280a
sndasset,#hash_2203719cf8b294a8
sndasset,#hash_5d411bfc2034ff12
sndasset,#hash_53b66895a2b032ec
sndasset,#hash_235a369e9af2b508
sndasset,#hash_170a6fd28adb81f4
sndasset,#hash_374b1689e9234a83
sndasset,#hash_30dc8999a1438429
sndasset,#hash_a6c834a9d6cb27e
sndasset,#hash_69f2b68250aac2c8
sndasset,#hash_113d52b0ea99cf8b
sndasset,#hash_18e2c7f02f133517
sndasset,#hash_28964dde7bb2cafd
sndasset,#hash_3372fde2d66f1aa1
sndasset,#hash_28759ef2769cc1b3
sndasset,#hash_7de96e46d221a145
sndasset,#hash_747e84244defff76
sndasset,#hash_1f8d6b8daa6508d0
sndasset,#hash_63a38b44bce3b2ff
sndasset,#hash_45e8634b1cecfc2c
sndasset,#hash_25ab02e9ee1abb9d
sndasset,#hash_3dd3714b883369e
sndasset,#hash_4c03cb2d80d4bece
sndasset,#hash_1a34951c6b0421f8
sndasset,#hash_3819ec34956e1eec
sndasset,#hash_31fe77943f468fff
sndasset,#hash_336b6bded7e67d0f
sndasset,#hash_a046053211636a3
sndasset,#hash_23d70c1d8fd8fdbb
sndasset,#hash_4aca98cc935bcc49
sndasset,#hash_605c3a331db770c3
sndasset,#hash_3107d6de066d4997
sndasset,#hash_68bd6238a0b15b06
sndasset,#hash_36cefe7fb2cdd43e
sndasset,#hash_68a0478d467ac424
sndasset,#hash_21d8ef4aeee91728
sndasset,#hash_51ab708d93440e92
sndasset,#hash_5c6d2c3014ac16c8
sndasset,#hash_2d8c47eb73e42338
sndasset,#hash_32d324692c1e673a
sndasset,#hash_518040064a8ba8a8
sndasset,#hash_4c36b4daab0ff8bb
sndasset,#hash_4440f8e8520a76f1
sndasset,#hash_76696ad96df1552e
sndasset,#hash_6dd5fffcd61998fa
sndasset,#hash_2e98b7d18803640e
sndasset,#hash_75b401a46af56295
sndasset,#hash_6602cd6800522d43
sndasset,#hash_3079c008997c10f4
sndasset,#hash_45337cdc14e29c11
sndasset,#hash_3fa29b41921bfbe7
sndasset,#hash_35f30b92991d709e
sndasset,#hash_3282dbe16a2f13bd
sndasset,#hash_2113426d3f9b9752
sndasset,#hash_3195d5c28f41ea2
sndasset,#hash_1f66208b6367c617
sndasset,#hash_e4b2fb2c1cf48f8
sndasset,#hash_6cf2d1082941301c
sndasset,#hash_1e061d7e18f011e
sndasset,#hash_50896d7947bd9ef9
sndasset,#hash_18ac3a008dbc2e1
sndasset,#hash_6e231bd7b6dcc7ce
sndasset,#hash_4126a14be74801f9
sndasset,#hash_1c2d07d01e67145e
sndasset,#hash_359a99d226792df5
sndasset,#hash_5adc1292eebe4a03
sndasset,#hash_351af53db0a84923
sndasset,#hash_37938119e0e3d1de
sndasset,#hash_37f77c1adefad05
sndasset,#hash_3e297684c4fa1349
sndasset,#hash_d21489efcd42937
sndasset,#hash_7a8892d6df13c055
sndasset,#hash_12517578f47c4ff0
sndasset,#hash_6d0e04e2c1d46d80
sndasset,#hash_70683be7bdf90595
sndasset,#hash_3851dc52c821114e
sndasset,#hash_7f3ea18b75c81062
sndasset,#hash_5964005850a13f3f
sndasset,#hash_664414df45df25c4
sndasset,#hash_c8fa669b091089b
sndasset,#hash_6cc17146c05eebef
sndasset,#hash_a94186289729454
sndasset,#hash_6cf27a322375fb7f
sndasset,#hash_586065ca4323d16b
sndasset,#hash_39e80f38b3cff15b
sndasset,#hash_77b7f3f2171cc9e0
sndasset,#hash_fdd0eef49accc0a
sndasset,#hash_671f67ee65f568d5
sndasset,#hash_594858abf53ee7b8
sndasset,#hash_3fc0179df9368945
sndasset,#hash_a5794a44c4e16
sndasset,#hash_1542d771ffef2c3e
sndasset,#hash_72546b7135ff6994
sndasset,#hash_13dae13032a73991
sndasset,#hash_7c4a4905e3172340
sndasset,#hash_3ff01c027ce8c0d0
sndasset,#hash_430acdc059a077ac
sndasset,#hash_784f071cd423c1c8
sndasset,#hash_392f9d950ac0a3df
sndasset,#hash_2d6775ac1b0f8845
sndasset,#hash_428eec2aeca43992
sndasset,#hash_66ad0c720865c5b3
sndasset,#hash_4b9c21d598605d55
sndasset,#hash_1559ce84e068a5ac
sndasset,#hash_463e77d58c16496b
sndasset,#hash_3edf6023c9372288
sndasset,#hash_108ee20c74497f68
sndasset,#hash_381a324e9ce57839
sndasset,#hash_749b7801aefab24a
sndasset,#hash_49166cc4833d772
sndasset,#hash_3759602c8219cb1c
sndasset,#hash_7f9a5e0e44696453
sndasset,#hash_75313fca7edd4853
sndasset,#hash_5b5a12399eb64678
sndasset,#hash_6539b4bb0724b01f
sndasset,#hash_478e8467c8c12a7c
sndasset,#hash_3d1c370d881ef463
sndasset,#hash_1ac1249ec871c371
sndasset,#hash_277b443e81469581
sndasset,#hash_7ce8416dfa858bc4
sndasset,#hash_1c3a1ca5b9d7342f
sndasset,#hash_1568f4c40af9e0eb
sndasset,#hash_124976c8fa7a0ec9
sndasset,#hash_760265f92f537377
sndasset,#hash_2e6d01349b0e418a
sndasset,#hash_31fc9e860fff1ba
sndasset,#hash_43eac383b02a0b63
sndasset,#hash_6432c797d54b1b90
sndasset,#hash_5de293ef23421a68
sndasset,#hash_49bb2ff9231c515d
sndasset,#hash_7f4bcc0c097046da
sndasset,#hash_3eb2c5dd8fb22e01
sndasset,#hash_463858f221a80395
sndasset,#hash_541ca636135b638e
sndasset,#hash_3ee86e1722e91d29
sndasset,#hash_1dbe53996759299
sndasset,#hash_3ee83e3dd1e295b9
sndasset,#hash_64b4d88066de0b92
sndasset,#hash_781e28b963b6cecc
sndasset,#hash_6f8c4cfc8575ef57
sndasset,#hash_3b961727405d2fb6
sndasset,#hash_74a53b0378a63d6b
sndasset,#hash_118710467bd0c1dc
sndasset,#hash_301df91c173bdfec
sndasset,#hash_68ab302e435e4a0a
sndasset,#hash_1b7f3cee1f96ec17
sndasset,#hash_7e371dc01651b77a
sndasset,#hash_6396167893e984aa
sndasset,#hash_1b47cbc212fe0f36
sndasset,#hash_6dea0eab28b1ec0a
sndasset,#hash_b59fa6b2c34b669
sndasset,#hash_3c8fa4bcd4b93a57
sndasset,#hash_7b75b4ef1ccc8b60
sndasset,#hash_3d4f0132c0950545
sndasset,#hash_4f884774a9c1403
sndasset,#hash_20ef9eb3da414da2
sndasset,#hash_127d35293c0e05a1
sndasset,#hash_202d02c2d6f32956
sndasset,#hash_e59c194765f226
sndasset,#hash_1335dcf0eed2962b
sndasset,#hash_27efed88cc2d493c
sndasset,#hash_1dba5d0e847dc4f8
sndasset,#hash_3c076c8f99a55b0a
sndasset,#hash_6f5f889e02fd2a15
sndasset,#hash_99362fa18fd9e9d
sndasset,#hash_7f8e4939ce968fb2
sndasset,#hash_79c436a2f017db7d
sndasset,#hash_12f9ad607076f39a
sndasset,#hash_2e248c384d581601
sndasset,#hash_2a72d70c7626fa7f
sndasset,#hash_4f66180e058e5f0f
sndasset,#hash_4ed7a1eb168f0f82
sndasset,#hash_247517f71973f7a1
sndasset,#hash_6435dc78da79eef5
sndasset,#hash_5ad39cba3ce212d3
sndasset,#hash_4c029354d4e9071
sndasset,#hash_7e12bc6676b9ec44
sndasset,#hash_5749e4af091b6d94
sndasset,#hash_460872cf1e0c6a71
sndasset,#hash_40f0451e12a8772
sndasset,#hash_1b37189c10c0f92e
sndasset,#hash_2bca7c4701c04d43
sndasset,#hash_9a6538b5a39e038
sndasset,#hash_3e5d1b9c063cdacf
sndasset,#hash_45a20bfe26bc1973
sndasset,#hash_f284ab96ee113a8
sndasset,#hash_4bf8c791f1cedfd3
sndasset,#hash_2bf02f1bb715e867
sndasset,#hash_72ca7a205d200487
sndasset,#hash_4161c4a454c2953c
sndasset,#hash_2fc4952b685af736
sndasset,#hash_34cb0ac84f964f9
sndasset,#hash_35cce70010133c3c
sndasset,#hash_7bac5466e4ce6b71
sndasset,#hash_5f9ede5c4eba042
sndasset,#hash_21fb6f081638e70a
sndasset,#hash_66e6970eab5518f0
sndasset,#hash_44f9ca73d9082045
sndasset,#hash_23145c83e7d3b7c
sndasset,#hash_6680c171ffb6702
sndasset,#hash_30b6cda1189d8f0d
sndasset,#hash_220ca782238c572c
sndasset,#hash_37dc595ba7fb5cc9
sndasset,#hash_4deb7261fd7a8c69
sndasset,#hash_7594e0046fa66792
sndasset,#hash_5be9b0d29619b4ab
sndasset,#hash_50ae1c3b2abb6f74
sndasset,#hash_3a532d46dabef920
sndasset,#hash_444294b737d6ebfb
sndasset,#hash_d1d11b9556c0916
sndasset,#hash_43b55c0652f83f9b
sndasset,#hash_600e02a9e655f997
sndasset,#hash_3e35461118e14cf8
sndasset,#hash_4487f5534126df5
sndasset,#hash_731e93891ca5068e
sndasset,#hash_6c3cfe91bc143aae
sndasset,#hash_55ab8133718a9251
sndasset,#hash_2f87a039cb9a5808
sndasset,#hash_1ec1cf6c22420af5
sndasset,#hash_403cc3e031978a65
sndasset,#hash_67a56792e112e9e6
sndasset,#hash_5072282bf62e0f77
sndasset,#hash_2e262a1168d48eb0
sndasset,#hash_24eadd8a6e34d9fa
sndasset,#hash_7f9806629e049612
sndasset,#hash_769e58287d494489
sndasset,#hash_7b030235e96afd82
sndasset,#hash_50d2890e8e54de65
sndasset,#hash_7eb519e4d61dfd69
sndasset,#hash_4e48a07affd8b618
sndasset,#hash_3b685257047679b7
sndasset,#hash_62b023f86d104a4c
sndasset,#hash_3c74ca3a3077a934
sndasset,#hash_17c501e9525a61eb
sndasset,#hash_7cb248ff25c96c28
sndasset,#hash_5ddee201138cb517
sndasset,#hash_80fd958bdab66eb
sndasset,#hash_615b732123610542
sndasset,#hash_2283ced11f89c75
sndasset,#hash_3985e4d95525fdde
sndasset,#hash_6dee871e9b2668d6
sndasset,#hash_52d6b72c824747ed
sndasset,#hash_740986b7cf21d6ae
sndasset,#hash_af57c72a2d4afc9
sndasset,#hash_4170b8769b44ca2d
sndasset,#hash_618c9fe49d57a29c
sndasset,#hash_4e85b760214a00a3
sndasset,#hash_150a750b445229f
sndasset,#hash_1bd75396c4dde34
sndasset,#hash_4f310650bf4a538d
sndasset,#hash_6b721322d3895155
sndasset,#hash_7ea8750e60e675a9
sndasset,#hash_6b5932a7e69797e2
sndasset,#hash_463d23f4da780227
sndasset,#hash_137a79e6ae9e7936
sndasset,#hash_49902465459918ba
sndasset,#hash_4423104f82b4192c
sndasset,#hash_b80ba70acd4af2d
sndasset,#hash_47b90855e8ee4f4a
sndasset,#hash_4a0c011979507673
sndasset,#hash_51d03beb38201eef
sndasset,#hash_1e1ed3cbaaf3a363
sndasset,#hash_1dec5b3261cd7130
sndasset,#hash_a1251a3042c64ad
sndasset,#hash_38f3201e26350cd4
sndasset,#hash_26f78ea899bfd6b4
sndasset,#hash_4ae119d7ee91dad6
sndasset,#hash_50764ac54188703
sndasset,#hash_60ba1689a8427700
sndasset,#hash_662bf176977c0b89
sndasset,#hash_54bc7c523ad30081
sndasset,#hash_798582cb40eb7635
sndasset,#hash_7c37559ec815e516
sndasset,#hash_6504c32484ae37f3
sndasset,#hash_3b790d2e664ab0b2
sndasset,#hash_1d88b6dcd93b32f6
sndasset,#hash_7447ddf94f915798
sndasset,#hash_1db7b349f778d6a
sndasset,#hash_1913029a5f04b88
sndasset,#hash_52b8d6f62ac1bb46
sndasset,#hash_65a0d66bcd5bd4d0
sndasset,#hash_20ebae524345e1f4
sndasset,#hash_53d71a2ef341670
sndasset,#hash_2710bbb3a1ea833c
sndasset,#hash_2c8cb37b447b9015
sndasset,#hash_13c06c2a408139c0
sndasset,#hash_20a63d04059893f2
sndasset,#hash_42f07e3eaa4a038c
sndasset,#hash_1375f4e7bffdba5d
sndasset,#hash_3a17bb554ca79a2b
sndasset,#hash_48182e4ffb1cb3e9
sndasset,#hash_4744b8760a32d44c
sndasset,#hash_161c2b56b26054ee
sndasset,#hash_1b559c59773b382b
sndasset,#hash_76c67b4c77535a31
sndasset,#hash_6eb0b29f09860d79
sndasset,#hash_4c3b737e8595d765
sndasset,#hash_15a487e2c0c4eb65
sndasset,#hash_75faa23813d687cd
sndasset,#hash_661ef2ae3d043959
sndasset,#hash_77cbb90e14b158dc
sndasset,#hash_78f18c81d6afa009
sndasset,#hash_7c0a71d6e8ab9cf5
sndasset,#hash_75bafe8a3965ca5d
sndasset,#hash_41e468b966deae78
sndasset,#hash_29e6692ff7d16a0
sndasset,#hash_42be28446659e524
sndasset,#hash_16fdedd15d83f8df
sndasset,#hash_35052a2166dc03ed
sndasset,#hash_202988245d3ab68
sndasset,#hash_1c51dfa37d37c16
sndasset,#hash_3d0764a70a5b18dc
sndasset,#hash_6e5246d3b9cafa4e
sndasset,#hash_103ce28c2009da1e
sndasset,#hash_699c06931a6b759a
sndasset,#hash_4acf68f98cd697ea
sndasset,#hash_6647d51d7657d4a3
sndasset,#hash_3777cf6c509b9ab6
sndasset,#hash_59babb7e0e031540
sndasset,#hash_53f401a94b96a43e
sndasset,#hash_4b08b814e8392e9b
sndasset,#hash_4afd179244b930d5
sndasset,#hash_6579dd170dbed83
sndasset,#hash_24ad63ec77ac1f2a
sndasset,#hash_6183aac848a50884
sndasset,#hash_28f75b6ff4def959
sndasset,#hash_33a46bcfefecfc9f
sndasset,#hash_6f8eea90f9662cef
sndasset,#hash_47474c216463df13
sndasset,#hash_415cc185e274a3cf
sndasset,#hash_f9a6e94acdb4a57
sndasset,#hash_320fa247afb3e607
sndasset,#hash_5658f496409a59ea
sndasset,#hash_26e14ce228586ee7
sndasset,#hash_59406fda1ccd532b
sndasset,#hash_915ee81eafd4ed7
sndasset,#hash_6c0411ff511dfdde
sndasset,#hash_294b215a09d59842
sndasset,#hash_6f196918a098c6
sndasset,#hash_475fee2250c4a32d
sndasset,#hash_584a07356c793eeb
sndasset,#hash_6dda42d4b19b356
sndasset,#hash_1557aae9e2986ed4
sndasset,#hash_62a12610eeec26f2
sndasset,#hash_5ca8362e7ee06b8c
sndasset,#hash_229a83bef4293c68
sndasset,#hash_583a0a8fa314d8c4
sndasset,#hash_d6da8a59fb5f118
sndasset,#hash_a1542228785c7a1
sndasset,#hash_5137f489fabfd7f4
sndasset,#hash_7a0c907ad58431a6
sndasset,#hash_4ee6a34a8e5cc288
sndasset,#hash_56e3cca495e1d901
sndasset,#hash_ef0849e6902352f
sndasset,#hash_6b6597c7399aa6f5
sndasset,#hash_11888937f94b3770
sndasset,#hash_7aab7dbc8ba7f8ba
sndasset,#hash_30064d0fba374687
sndasset,#hash_681e42554a7e9bed
sndasset,#hash_66d3126b0e70cd95
sndasset,#hash_4606853758fed421
sndasset,#hash_556a053371f8fdf9
sndasset,#hash_1228887db259eaf1
sndasset,#hash_7f3f5515d523eb25
sndasset,#hash_ef18e0b39e14958
sndasset,#hash_3e56dd6fc6adc56d
sndasset,#hash_5a3c682424476a19
sndasset,#hash_340a68a9d48c5779
sndasset,#hash_4999798a85b616bc
sndasset,#hash_710db700288157b4
sndasset,#hash_1ba11d39c41a9650
sndasset,#hash_4ec893e51f1268b3
sndasset,#hash_39a475c1493cfce9
sndasset,#hash_60c65e195871d672
sndasset,#hash_1a37cb47c1f7be18
sndasset,#hash_26ab5db52a8f834a
sndasset,#hash_6ee9153dcc21ae4
sndasset,#hash_5feb05c2f3a9a533
sndasset,#hash_7110462ae6ddf757
sndasset,#hash_605c058c462c0e8d
sndasset,#hash_14ea583ed86c8191
sndasset,#hash_2ecef90119acdbdd
sndasset,#hash_5557a79a7cfc5175
sndasset,#hash_52afee2eba672e1a
sndasset,#hash_62d6bcba127c2304
sndasset,#hash_121e4463beebdfc4
sndasset,#hash_1482ddedf3351912
sndasset,#hash_5ee887701307e96c
sndasset,#hash_680c7c7ebb924dc2
sndasset,#hash_6fb56fb8ea1b8439
sndasset,#hash_184b55950a9c48d9
sndasset,#hash_4d2c0401e6b41caf
sndasset,#hash_1dde4675b094070b
sndasset,#hash_1c2bb3e61c4f320f
sndasset,#hash_75b05abd73d5ac33
sndasset,#hash_6adad87dd3d9f240
sndasset,#hash_4eda7099352a218e
sndasset,#hash_7c9fadccfc7ecc9e
sndasset,#hash_d9562d6600c0714
sndasset,#hash_376d52550b684586
sndasset,#hash_7435a4559721db48
sndasset,#hash_305a585b51e6caf7
sndasset,#hash_2f4dc30b08fca0ab
sndasset,#hash_23bc02fe01540569
sndasset,#hash_7b2ef5b355ebbded
sndasset,#hash_2cc05e318abb6799
sndasset,#hash_ca1549bb2cd76f9
sndasset,#hash_5e9a79627de13dae
sndasset,#hash_74fe16d23b1f38d8
sndasset,#hash_18f47938c81cac88
sndasset,#hash_55e45f5cff114571
sndasset,#hash_5d588994f05e5492
sndasset,#hash_35381d159e6eeb83
sndasset,#hash_192efdb50f980ddc
sndasset,#hash_66ea8b43886c1374
sndasset,#hash_2c889f8f54ef5491
sndasset,#hash_b78c99a89a17215
sndasset,#hash_4c1773df61382f9c
sndasset,#hash_3984263d363bff07
sndasset,#hash_23577519c3be9434
sndasset,#hash_1193bd7712e8ea03
sndasset,#hash_e9405c5ca346d10
sndasset,#hash_3d2b31e5bccac83d
sndasset,#hash_602c2607aead06b9
sndasset,#hash_76251ef5df7078a0
sndasset,#hash_3be42a613e56898a
sndasset,#hash_2e964882b84ba563
sndasset,#hash_2092d4a1f996939e
sndasset,#hash_6b695cef9ef92a5f
sndasset,#hash_6317faa1209d9844
sndasset,#hash_7f270aa659e89315
sndasset,#hash_2e28a1e0aa6bf0e
sndasset,#hash_2fc093009ebfa0ca
sndasset,#hash_5c70ed301b8bc1d3
sndasset,#hash_447d2abc1fb5551b
sndasset,#hash_2fe38a183835487e
sndasset,#hash_55698a7adcfc49bd
sndasset,#hash_4dc93c12b548502
sndasset,#hash_34b05fd88cfd3e55
sndasset,#hash_31c110cbb9f8d9da
sndasset,#hash_467449bc02181c8f
sndasset,#hash_2933e6751fb2aebf
sndasset,#hash_35fe79002e9e74d2
sndasset,#hash_72b717fc53990678
sndasset,#hash_f9ae3122190b2ad
sndasset,#hash_3588a10bfac40124
sndasset,#hash_4b82199fde75bc45
sndasset,#hash_54aa67884822030e
sndasset,#hash_1a444f5c846d09ff
sndasset,#hash_4bf34ccd69e44288
sndasset,#hash_73b7c2305bb48c90
sndasset,#hash_34c4e2e1dd57c0b5
sndasset,#hash_5834c3977a14fd81
sndasset,#hash_78c086fb16004ce8
sndasset,#hash_47a32c87e719aba3
sndasset,#hash_49e93d44f0e1e8
sndasset,#hash_25c1ca162c4dc1bf
sndasset,#hash_62f64c9dc6d3144c
sndasset,#hash_378bb9bec48248c9
sndasset,#hash_10851f5e245cde55
sndasset,#hash_539ea445e5927704
sndasset,#hash_5554b5e5cba9e1b6
sndasset,#hash_1013dab1de791ebf
sndasset,#hash_3602cf23b13b311a
sndasset,#hash_71b9f9e148cf9a5f
sndasset,#hash_67b8c45bd91a0c33
sndasset,#hash_2c4d003c15f64316
sndasset,#hash_11fc5c300b4d5c3
sndasset,#hash_1b94febe5810ca3b
sndasset,#hash_784de39f8506d1c5
sndasset,#hash_547643e66cc9cf11
sndasset,#hash_1f5e340b2a621c80
sndasset,#hash_31c9cb2b633da194
sndasset,#hash_7025eaa15ccf5924
sndasset,#hash_7bf33b2e30d76b69
sndasset,#hash_52bc2efeb1cdc313
sndasset,#hash_23835c51a8754104
sndasset,#hash_39df55405b5d0a7d
sndasset,#hash_cca8630a7e26182
sndasset,#hash_287f928280b38bdc
sndasset,#hash_68ddebddc1dd7b96
sndasset,#hash_4e47268419404ad0
sndasset,#hash_d76284c1d897d85
sndasset,#hash_12251fe6632cb478
sndasset,#hash_12f05ebf334a386a
sndasset,#hash_2c9b4858f9ad7c07
sndasset,#hash_5e4005c666718d00
sndasset,#hash_5aee0e782d9d49e
sndasset,#hash_6c08cd42bb164eee
sndasset,#hash_7cdba746070553b8
sndasset,#hash_2fcfe464296975e3
sndasset,#hash_335a6cffdb3521ad
sndasset,#hash_773c70ffaa64e58b
sndasset,#hash_72d58cbba9b73b0c
sndasset,#hash_11c8cadf721d405a
sndasset,#hash_60dc599469290a5b
sndasset,#hash_40c801fc31d9a384
sndasset,#hash_3ba49a7a849c4023
sndasset,#hash_d9c60d790529627
sndasset,#hash_84b3ece75f01f31
sndasset,#hash_9dead75eacdbe0f
sndasset,#hash_167da96b0b86a634
sndasset,#hash_5e5a776099082d41
sndasset,#hash_52199269d7815705
sndasset,#hash_2e77134acaaf4728
sndasset,#hash_248ef38581c712c5
sndasset,#hash_2a08bfe6239dc3e9
sndasset,#hash_5b9f6c010f8632af
sndasset,#hash_712727d3500ddad3
sndasset,#hash_4d68cf0a020e8512
sndasset,#hash_67436c29e181a432
sndasset,#hash_501f1bfed7bd0656
sndasset,#hash_44ed86f14da02103
sndasset,#hash_ac4a358b4586c69
sndasset,#hash_6c807c67186134d2
sndasset,#hash_1d1602d0d38d0673
sndasset,#hash_6f0a9d2656bbd324
sndasset,#hash_42ab530ca6afa4d6
sndasset,#hash_7e53efa94b35d7e4
sndasset,#hash_4285456d98ffc9ae
sndasset,#hash_3ee5c0ea9bfc5ad7
sndasset,#hash_4e8d7ee2e5c810aa
sndasset,#hash_2964daef66ea7c6c
sndasset,#hash_4b84bb91355532e9
sndasset,#hash_2fade0df03cb06e2
sndasset,#hash_37da9085512ec4e4
sndasset,#hash_4d39dc3198a02ab0
sndasset,#hash_308fdaed6bcc5c22
sndasset,#hash_6c45e94e8f2ce6f5
sndasset,#hash_58fd32988fdc3413
sndasset,#hash_216f6519ee56015d
sndasset,#hash_46d06c75c82e059e
sndasset,#hash_438fdd6eb5150030
sndasset,#hash_fc26e3b74ec6ad9
sndasset,#hash_3d15413eb11c8de2
sndasset,#hash_340e20062ce58a65
sndasset,#hash_24b2142e6ce68ff1
sndasset,#hash_15c54a6cd10d7fdf
sndasset,#hash_22db48f66bb00fcd
sndasset,#hash_3e3aa44b1b80360e
sndasset,#hash_567976b2192a54eb
sndasset,#hash_6af900e96bbca807
sndasset,#hash_3d4172435983fdf2
sndasset,#hash_3ddc283001f09297
sndasset,#hash_23589db20475ffb7
sndasset,#hash_5e36ba4eaaffa8b9
sndasset,#hash_418cad6242ef3ba5
sndasset,#hash_14b542ca1fe788a4
sndasset,#hash_cf72f2f2902df30
sndasset,#hash_297eec9d940d7a80
sndasset,#hash_5e0c0fb1a77f935d
sndasset,#hash_51b95397210f42ff
sndasset,#hash_113658fba919bf8
sndasset,#hash_21b524512aeadd11
sndasset,#hash_6287e9b5fd99ea9e
sndasset,#hash_3916b05921c4e3a8
sndasset,#hash_10b346fc4cd3986a
sndasset,#hash_4ee45b1638b1eeac
sndasset,#hash_b38918257caede9
sndasset,#hash_5403f13af76c2674
sndasset,#hash_3b3333da19385a3e
sndasset,#hash_18e4018652334af3
sndasset,#hash_2324fb71d1cd4414
sndasset,#hash_41d49eb84ee13cca
sndasset,#hash_6a43a083204ed012
sndasset,#hash_7af79ce4d7c7266c
sndasset,#hash_13d929f42d088cf7
sndasset,#hash_3c6816bf17848d19
sndasset,#hash_4f06445ff45885a7
sndasset,#hash_39a049fe3dcd1da0
sndasset,#hash_656e2d206bcd8a96
sndasset,#hash_4fec563db21b7d3f
sndasset,#hash_24c3cba392236a68
sndasset,#hash_578a899b7d57234f
sndasset,#hash_44145d298f699c33
sndasset,#hash_ab27db9cea20015
sndasset,#hash_1051d93076793e8b
sndasset,#hash_760c4e664be1f756
sndasset,#hash_67ffbb77321af4d4
sndasset,#hash_7f017f56ac85b42f
sndasset,#hash_79183a2cfe77326d
sndasset,#hash_3b00d00aa5a3073a
sndasset,#hash_2e7047f841191ad7
sndasset,#hash_483b5d9865be24dd
sndasset,#hash_477a07c46776dc09
sndasset,#hash_aa03778b4b9ba03
sndasset,#hash_5c5c6cdbcf5411c7
sndasset,#hash_41a592c36fe1866b
sndasset,#hash_401217855e9d3d9
sndasset,#hash_65f1bd056d5e12ac
sndasset,#hash_5fb905647098c798
sndasset,#hash_1036fa885e73b481
sndasset,#hash_1e3f3e851ded8c24
sndasset,#hash_7d8c3361b0e7c8b8
sndasset,#hash_63ef09a684c884aa
sndasset,#hash_1ce10ae736943a62
sndasset,#hash_27759854e3164e7c
sndasset,#hash_228c794ea1fbe748
sndasset,#hash_1b425c345cef9a2a
sndasset,#hash_3911f40b01ceac21
sndasset,#hash_20d2d8f221b219cb
sndasset,#hash_312198c5f4eb84b8
sndasset,#hash_6bcf80d12c5280d
sndasset,#hash_f71d56f50d4367f
sndasset,#hash_6cac7627b667de3
sndasset,#hash_67cfd730859bd0ad
sndasset,#hash_78e168d504571b59
sndasset,#hash_6f762eeaece51985
sndasset,#hash_7ec19e0cd911de7f
sndasset,#hash_6a88d0ffe24fadc6
sndasset,#hash_248efbec56076b26
sndasset,#hash_7d5432d8de6f00a7
sndasset,#hash_3bef91a3e43c7582
sndasset,#hash_2e597a193fd45f9a
sndasset,#hash_5b2a6f018782bdf4
sndasset,#hash_3fe4393cf913725c
sndasset,#hash_4646d393da3bc2ce
sndasset,#hash_2bfa3c45ab26e5d2
sndasset,#hash_48d8ac55e0c17fe0
sndasset,#hash_3eb713850273d49b
sndasset,#hash_78d0720cca6da741
sndasset,#hash_4eb4727a3fb153d6
sndasset,#hash_74db553eabcf6563
sndasset,#hash_768e32ac9e77d7a1
sndasset,#hash_cce0c26bce4f6d
sndasset,#hash_5e9b2a0f1dc7f277
sndasset,#hash_47d8b7e1c782793b
sndasset,#hash_70ac028731997267
sndasset,#hash_3649c0f4f6218545
sndasset,#hash_35ab8fda12c82808
sndasset,#hash_19a58f269894506c
sndasset,#hash_1d517772b8babf7d
sndasset,#hash_3c354e675574bc10
sndasset,#hash_1e184fcc645217cc
sndasset,#hash_55e1b5e0a3a0497e
sndasset,#hash_75ea5b3b704fcda6
sndasset,#hash_5031de8f59cfa70
sndasset,#hash_335a917daf2ef3d6
sndasset,#hash_44e3cb453a8ba792
sndasset,#hash_325ac2656e3f6951
sndasset,#hash_71eac8f954d8eceb
sndasset,#hash_3f6a02988afd4451
sndasset,#hash_21af347363fa4051
sndasset,#hash_3b715e31b64cd590
sndasset,#hash_5cffed37d614e309
sndasset,#hash_6553c428bb122ed5
sndasset,#hash_60978b0f557e1b99
sndasset,#hash_1c5f8d8cf35b06ca
sndasset,#hash_d4ad5f6826d7d10
sndasset,#hash_2f887317c59405
sndasset,#hash_5c102f33b5e5fbea
sndasset,#hash_d38aadd715b14a5
sndasset,#hash_54d835cc80b77955
sndasset,#hash_7339dc66803fc753
sndasset,#hash_138c21b9f144d93a
sndasset,#hash_130b96be9b7df892
sndasset,#hash_3259b426c79fc88
sndasset,#hash_48867df24e12f04e
sndasset,#hash_17fb175e51b1c75d
sndasset,#hash_3d0d9983a51c0d92
sndasset,#hash_56419c254f657ad4
sndasset,#hash_79c11308bbfce3e0
sndasset,#hash_2af56ee257b4ee21
sndasset,#hash_3dd23f0bb3f73983
sndasset,#hash_3cf9b412f065b998
sndasset,#hash_5757e47c3e174391
sndasset,#hash_74000531779c8262
sndasset,#hash_6c76aa07bff0d5e8
sndasset,#hash_36037c43a3263208
sndasset,#hash_393732a91a7f78b7
sndasset,#hash_7d7839d5b35848fd
sndasset,#hash_5e0d4a694b88a72f
sndasset,#hash_4ac71de207b7d783
sndasset,#hash_2c203be5349b6906
sndasset,#hash_2581ad47fd2602db
sndasset,#hash_2745a2a61c9024f7
sndasset,#hash_39a564f81e097477
sndasset,#hash_6e1e26c0a4a5c30
sndasset,#hash_65504d355931f942
sndasset,#hash_6c875db5344de31b
sndasset,#hash_1f1ac1b20caff508
sndasset,#hash_6f857a1267a619ff
sndasset,#hash_4936850bae88c147
sndasset,#hash_435249f4b6ffcec1
sndasset,#hash_3de5109aab751400
sndasset,#hash_60a3a96ba00e999c
sndasset,#hash_34866537aa83fb96
sndasset,#hash_30c60c4ffe9474e0
sndasset,#hash_2e5599aa5279b333
sndasset,#hash_21218a84ebb68a0c
sndasset,#hash_63adfa66743f775e
sndasset,#hash_58ee78ab03780a8e
sndasset,#hash_42120564b112c67f
sndasset,#hash_264e938b626cb65
sndasset,#hash_2dc171eef238dc76
sndasset,#hash_7430b427dd79aa9f
sndasset,#hash_3728571d718dd474
sndasset,#hash_360a82a999f2e05a
sndasset,#hash_3f3ff6e4322710b6
sndasset,#hash_5f4ad64ff3c7b325
sndasset,#hash_1025a0c4a27a358f
sndasset,#hash_371559c9b1eecca5
sndasset,#hash_1ef631c17488bc9d
sndasset,#hash_3b01d988f6ed684c
sndasset,#hash_55d430b3c244e8ad
sndasset,#hash_63e46b4b90360e61
sndasset,#hash_508bd78ddb5695d5
sndasset,#hash_1f8f325d77ba1326
sndasset,#hash_6395608ecb119b24
sndasset,#hash_72909243c40fe069
sndasset,#hash_34524d577a63840e
sndasset,#hash_27242f3260fd08d1
sndasset,#hash_52f07f181b23dc09
sndasset,#hash_e57dfe6b805b07
sndasset,#hash_7ec728df5ba04a4e
sndasset,#hash_6dae051f3293ca36
sndasset,#hash_7005cf25da421b0c
sndasset,#hash_562838dddf944b2a
sndasset,#hash_5f955c454e28d159
sndasset,#hash_3835092dc1005c56
sndasset,#hash_10d094bf446f9b50
sndasset,#hash_6826ed7139ca09c
sndasset,#hash_450afdef7a7068bd
sndasset,#hash_3aa32907a7f271b7
sndasset,#hash_70424f37fca3eaec
sndasset,#hash_669d402f1f1e1a05
sndasset,#hash_75f48d297f0b3e9e
sndasset,#hash_5b77b4b5ff81ab3b
sndasset,#hash_48eddd86cf545da1
sndasset,#hash_580969e3da2e5b4c
sndasset,#hash_25d08296c7dd649b
sndasset,#hash_5a3e78b1d7a2037c
sndasset,#hash_60b5a80d9db081c4
sndasset,#hash_4676a02e34b95cdf
sndasset,#hash_42fbcaba1879befc
sndasset,#hash_46c2476b4fdf69c1
sndasset,#hash_70f610f2fc5ad517
sndasset,#hash_6026a4fc5523f34a
sndasset,#hash_56ceb91c22e83919
sndasset,#hash_6271291228bc6a6a
sndasset,#hash_1e5ca8aa890172ea
sndasset,#hash_4050990d534c0735
sndasset,#hash_62f59a50d05de842
sndasset,#hash_5b03f1a9141a7267
sndasset,#hash_4813f986ae9038d5
sndasset,#hash_425b5857dd4246a0
sndasset,#hash_4f5be0d56b3c91df
sndasset,#hash_7ec44f847cb92928
sndasset,#hash_496da6729a9d578
sndasset,#hash_1ec303e165c80f03
sndasset,#hash_13dbaa30fc835e70
sndasset,#hash_74eb3be897d61b29
sndasset,#hash_d4baba8e4352f73
sndasset,#hash_5d46f84c5438edf9
sndasset,#hash_6ab88551474a104c
sndasset,#hash_6c889e0ea38e9bbf
sndasset,#hash_70368c451871e811
sndasset,#hash_637a8351b6bb9de3
sndasset,#hash_514407a179cd4a4a
sndasset,#hash_7cf8042b6e66bb7e
sndasset,#hash_5ad6861d47eebd16
sndasset,#hash_100ee8c445cb2255
sndasset,#hash_43253fece239dd84
sndasset,#hash_a41e97dc48a5d0d
sndasset,#hash_d48436ae9ec23c3
sndasset,#hash_7177aa9306063552
sndasset,#hash_5803397e66becfc8
sndasset,#hash_51fb7a222dd4063e
sndasset,#hash_4ecde277fd7eb11f
sndasset,#hash_681840c2298fee18
sndasset,#hash_1ce36a61702176ed
sndasset,#hash_4eb9700fd3d8150
sndasset,#hash_4b4e7956e1668e60
sndasset,#hash_2715ea1697c4ca14
sndasset,#hash_f76e9bc89e292b1
sndasset,#hash_aaa1d55e6124d76
sndasset,#hash_498cd0a511b2c50a
sndasset,#hash_6017fd3c2808634e
sndasset,#hash_7296067b18b43833
sndasset,#hash_7a1eabded4c33a07
sndasset,#hash_23e540bae8e9b6b9
sndasset,#hash_435e5fe5946aade2
sndasset,#hash_4baf614f3ebbe4a3
sndasset,#hash_5c21fd3687844bae
sndasset,#hash_643c10b846823072
sndasset,#hash_1294c4f75f54445
sndasset,#hash_1df3d6b1701f8281
sndasset,#hash_33a80dd712c5f9ab
sndasset,#hash_396ac869220c7b28
sndasset,#hash_1ddfb613f5266ec5
sndasset,#hash_2b9a30e1c723465c
sndasset,#hash_6faa806d0ab0d253
sndasset,#hash_19e3033ccf63041
sndasset,#hash_1232622d64aea667
sndasset,#hash_f3a7d055aee2e8a
sndasset,#hash_40f9d563c86a8659
sndasset,#hash_308d2f710ed48a4f
sndasset,#hash_5d1e3a8315f38699
sndasset,#hash_2aaafd648707e198
sndasset,#hash_6097146f8febd514
sndasset,#hash_531608dc56d14cdc
sndasset,#hash_29992d8f49ee0a37
sndasset,#hash_44d4ca48398cad62
sndasset,#hash_9174fe89d296d6f
sndasset,#hash_16f91bffbd6600e1
sndasset,#hash_4f27b966ce4006c4
sndasset,#hash_4e53f81e9302585a
sndasset,#hash_440ef9599064b098
sndasset,#hash_402bc3a429d3b8dd
sndasset,#hash_7e9c9158deccd41e
sndasset,#hash_17f7a144d66d5e77
sndasset,#hash_279932976fc828ca
sndasset,#hash_73c9e3642f59c9f6
sndasset,#hash_61637ff7101e7842
sndasset,#hash_36bee772123dd46f
sndasset,#hash_68e4bf20ac80a880
sndasset,#hash_3868bdd0a4973428
sndasset,#hash_40cb0dda942ca14c
sndasset,#hash_3b5e83b0c202b0c1
sndasset,#hash_5ced4ca8658ea9d
sndasset,#hash_494050e1ca0ddacf
sndasset,#hash_8d443cc69edd274
sndasset,#hash_7533b603b7c790a1
sndasset,#hash_735d04cf35214160
sndasset,#hash_4df953d5173e2088
sndasset,#hash_73a320871723863f
sndasset,#hash_17b5c63ad780eff3
sndasset,#hash_7685cdd2cd10c58d
sndasset,#hash_134c7ef4e545c5a6
sndasset,#hash_498355becfea7c93
sndasset,#hash_670a8c045e4f402e
sndasset,#hash_2d626ef721c38bf5
sndasset,#hash_5a40fe6cfdfac59f
sndasset,#hash_541306e35cf95b5d
sndasset,#hash_546a6c2a5a1cd168
sndasset,#hash_6a3688bed61faec3
sndasset,#hash_154671a58e0f7a05
sndasset,#hash_2f8bcd42a4039407
sndasset,#hash_2353bc5b5c7222e6
sndasset,#hash_79f015da3e0da812
sndasset,#hash_211e0a6d579f6b32
sndasset,#hash_397079e3d93bc641
sndasset,#hash_9c0994eb4cb1db0
sndasset,#hash_4eec195a838fed51
sndasset,#hash_1285f8e0cacf87d7
sndasset,#hash_29cfe17e9cb7416e
sndasset,#hash_c8de1dffcf607ec
sndasset,#hash_50db9e471b92680a
sndasset,#hash_7bb250326b3e2a9b
sndasset,#hash_e776ec891ed5e9c
sndasset,#hash_7ef56738c93b7769
sndasset,#hash_22a9b379861e037c
sndasset,#hash_40c029007dd7fc5c
sndasset,#hash_3b9e1c5da4af1ce8
sndasset,#hash_3da3566a44595a3d
sndasset,#hash_b6f98efa0882d9a
sndasset,#hash_76586c0ffb62ae7e
sndasset,#hash_3c0d73868a911102
sndasset,#hash_5aab5a9b0538024f
sndasset,#hash_4a657635dd4741cb
sndasset,#hash_34e64323ac67a9d5
sndasset,#hash_523c52e833d8e21e
sndasset,#hash_41969e2c9b633e8f
sndasset,#hash_6d3c75b5382074c2
sndasset,#hash_60c5fb95105eb3b6
sndasset,#hash_4ba94aaf33de0211
sndasset,#hash_50fda74372d64ef5
sndasset,#hash_33cc097d681185f7
sndasset,#hash_20f774229d9be34
sndasset,#hash_3d2414b693c09cf9
sndasset,#hash_34f36c428f97c1d8
sndasset,#hash_7ea505f7fe721c88
sndasset,#hash_154987f93d99e33a
sndasset,#hash_23aaa52458abb8e5
sndasset,#hash_142bca077af9a4bc
sndasset,#hash_34acda2c19eb4126
sndasset,#hash_1001f690842e7045
sndasset,#hash_276be11d1692bae9
sndasset,#hash_54c504bcca854432
sndasset,#hash_642142b35481b8ed
sndasset,#hash_4295a1362bb37fa1
sndasset,#hash_1b6959784c4bc3aa
sndasset,#hash_57f50b8cc91dcbb0
sndasset,#hash_688d41e27dcd6113
sndasset,#hash_ddf0159c1ce35e
sndasset,#hash_1d0bea3ad3b28e24
sndasset,#hash_7385383031d187f
sndasset,#hash_95fb6fd36d780c7
sndasset,#hash_206425a1827df658
sndasset,#hash_8f0b7334e8aa95f
sndasset,#hash_30173d5f0cff861f
sndasset,#hash_7d0e0c83959fb2c4
sndasset,#hash_1b4aaa01fa2d5026
sndasset,#hash_2d4cbdeef1df211
sndasset,#hash_71a5b26787002d18
sndasset,#hash_4a94b4a3fe0402ea
sndasset,#hash_7d0d4ae4bff345a1
sndasset,#hash_5dd68ae1f79694b5
sndasset,#hash_172448a0dc2eb2ce
sndasset,#hash_31b60b4a4a5c77e9
sndasset,#hash_6792796e9bd0a85
sndasset,#hash_3134351dd120d9fd
sndasset,#hash_5f83c59dd22c6646
sndasset,#hash_4ec79d0df73a3bb2
sndasset,#hash_66f14ea473b2cca3
sndasset,#hash_42e82d3590c15beb
sndasset,#hash_72930b9852e01146
sndasset,#hash_2cbc2fdeb380d08
sndasset,#hash_2de9916087d33547
sndasset,#hash_34fd337ea39bdd87
sndasset,#hash_52f1cf6a56ab2c72
sndasset,#hash_7cedc33b78158283
sndasset,#hash_2e1925f8a4e17026
sndasset,#hash_1f43a31d5291875e
sndasset,#hash_710d917c3d390cec
sndasset,#hash_b79766b9dc5df9e
sndasset,#hash_938a48b5cef3e95
sndasset,#hash_61b2a35b3c1dd653
sndasset,#hash_5486906f89583d7a
sndasset,#hash_26dd7a467d2f4e4b
sndasset,#hash_499a74f369ba0e08
sndasset,#hash_4255c6e92bd9bee5
sndasset,#hash_37ef18cb50a2ec12
sndasset,#hash_672e0ded864f8b5d
sndasset,#hash_3253845ba8612e3d
sndasset,#hash_6c8dc5cdd325fa60
sndasset,#hash_220c04c91091f6e2
sndasset,#hash_3aaa7c3517ee7d1c
sndasset,#hash_55b6da8f81987d8b
sndasset,#hash_950c0b4ae52a8d9
sndasset,#hash_3e6dcf7d74003fb8
sndasset,#hash_9800a192c82b818
sndasset,#hash_76c175461c41f73d
sndasset,#hash_2f60359773616e1d
sndasset,#hash_1ac00097546eea0a
sndasset,#hash_4cb16b749d791218
sndasset,#hash_2e3571038e145d9f
sndasset,#hash_658d6d62298f144
sndasset,#hash_4d315305ca1440eb
sndasset,#hash_4758f9ed96564f5b
sndasset,#hash_ccac464e106bac9
sndasset,#hash_28899b980f8c93b7
sndasset,#hash_421f638589746040
sndasset,#hash_691765fadb864ab8
sndasset,#hash_2d1f979681c4a151
sndasset,#hash_70c2206ace674800
sndasset,#hash_746f473894874fc1
sndasset,#hash_2591646ad5ba76dc
sndasset,#hash_55f018dfbe1ea1f5
sndasset,#hash_205f8636ce773374
sndasset,#hash_480bd329343660f6
sndasset,#hash_60cda33bdb62b2d5
sndasset,#hash_77c258d54eff3785
sndasset,#hash_7eba8de3d05d040b
sndasset,#hash_1d34075091ed6448
sndasset,#hash_2ff53f9c5b1ca7d0
sndasset,#hash_62f771604de68559
sndasset,#hash_2016cedd5efbe539
sndasset,#hash_4efed7bd2a63c7e8
sndasset,#hash_22a38b3e637e769a
sndasset,#hash_64155ffbd43623b1
sndasset,#hash_664541134e13d65
sndasset,#hash_643c8a11d514a944
sndasset,#hash_c2151c4946f5ccd
sndasset,#hash_183834828c591e98
sndasset,#hash_6e6728d23de4fa20
sndasset,#hash_7fa9b9f105369bee
sndasset,#hash_232ccf82999b2624
sndasset,#hash_38ce4cb0a9eaad3b
sndasset,#hash_554f428b5e615fe9
sndasset,#hash_3f0f9729a3eda574
sndasset,#hash_60c8c33661a45581
sndasset,#hash_2d923cd4b53c25ca
sndasset,#hash_44dd1ccd6a610817
sndasset,#hash_7359ff475a652894
sndasset,#hash_6f191c1749b86ae7
sndasset,#hash_4d8aa6f886dac9bf
sndasset,#hash_350b63fed4fe4be
sndasset,#hash_610ff36468d05638
sndasset,#hash_1f03427156af602
sndasset,#hash_4cb718854a277b35
sndasset,#hash_2651895a0b74fdbf
sndasset,#hash_6c5bee76a5f08246
sndasset,#hash_31a7566936b64426
sndasset,#hash_440441eadafeca5f
sndasset,#hash_1ede557b2eeb4a27
sndasset,#hash_1f0469ce83194dbc
sndasset,#hash_177802c059714b2e
sndasset,#hash_2d4083369eda2799
sndasset,#hash_4842a00db2257b8e
sndasset,#hash_5560b6f4f30acbf5
sndasset,#hash_2e72bc04db8bfcdd
sndasset,#hash_e1ce4995eff88c3
sndasset,#hash_22a12f69ceef8ccd
sndasset,#hash_12581e4d50cddf4e
sndasset,#hash_7e6a4a5fd145c4be
sndasset,#hash_4f083abc39051ba3
sndasset,#hash_2f7b7663e15a7e86
sndasset,#hash_55c019541dbe3afb
sndasset,#hash_2c46da08a1fd7af6
sndasset,#hash_7d9760c115ea6d5f
sndasset,#hash_33c4d44af912e4de
sndasset,#hash_961803ba585edd0
sndasset,#hash_7207882979977453
sndasset,#hash_47f8f8fa05d23feb
sndasset,#hash_6e225a4f746433d9
sndasset,#hash_1ec02e36b3aa416a
sndasset,#hash_4370a9f3da07c58e
sndasset,#hash_18a3cfc38ab9029f
sndasset,#hash_438e171655f44d2f
sndasset,#hash_432d69fc7d7bb25a
sndasset,#hash_1d6c13d6824bea9c
sndasset,#hash_16696560af45aecb
sndasset,#hash_2cbb0d57d8a7e26b
sndasset,#hash_1537a45ff5995f66
sndasset,#hash_12bd8a394862ad4f
sndasset,#hash_23f4bc9e59bab26a
sndasset,#hash_29d0900efc4f8a5a
sndasset,#hash_46a81cc85d0d6cd0
sndasset,#hash_65e57c2f82cbffe2
sndasset,#hash_31b0b3aa0793aa91
sndasset,#hash_3af1c97ba6107487
sndasset,#hash_73abe7fe97da7f36
sndasset,#hash_7c8c7edec037360f
sndasset,#hash_1b9235695c07470c
sndasset,#hash_67e2e1efcbe91da1
sndasset,#hash_5a965c26c51f8686
sndasset,#hash_18ceb2c4b0c77b51
sndasset,#hash_6a9f67ad8ca2c601
sndasset,#hash_4899758a9f093ffc
sndasset,#hash_6b1e59895178ebd6
sndasset,#hash_3bfde1d57720b3f8
sndasset,#hash_193ac6d432f9ca1f
sndasset,#hash_35f9dbdb08b31985
sndasset,#hash_75aeeef50bd33a74
sndasset,#hash_66c64da341d0cbdc
sndasset,#hash_2279d413b3edb511
sndasset,#hash_a7913d17e1167c1
sndasset,#hash_a0672217f497a5e
sndasset,#hash_378d61d442330edc
sndasset,#hash_313e596fe886eef3
sndasset,#hash_53d64ee090891df0
sndasset,#hash_2ae7d1052bf2321f
sndasset,#hash_1e4329d72c6a6c67
sndasset,#hash_746013d88f110fad
sndasset,#hash_78908f4b3275dd0b
sndasset,#hash_714ec1c63c7adc3c
sndasset,#hash_53d0a99960bf85cc
sndasset,#hash_424cae8c519e84ed
sndasset,#hash_507a1e4fd8212ec4
sndasset,#hash_36c36dccddd2d845
sndasset,#hash_2ad6df989da60f8
sndasset,#hash_3cf1800e2794ea19
sndasset,#hash_41adf3779d9400d8
sndasset,#hash_78e08325c4d8dbca
sndasset,#hash_6e5220aba7bcb851
sndasset,#hash_3a0201f01e6df369
sndasset,#hash_6a8a96bd216f1b33
sndasset,#hash_656c1601c15dc960
sndasset,#hash_70791a7f6735383a
sndasset,#hash_6aacc87686194595
sndasset,#hash_35d53b370685022b
sndasset,#hash_42df65511fc14bf2
sndasset,#hash_10d4cf8264892091
sndasset,#hash_3883a3fa23b311c9
sndasset,#hash_6c93b80b02750a28
sndasset,#hash_72c23415de85889b
sndasset,#hash_2cf036226e9482fc
sndasset,#hash_179d228fca99bab7
sndasset,#hash_1239b8d03f6f77ac
sndasset,#hash_65af70756eef5401
sndasset,#hash_33ecccf3fbe2de0d
sndasset,#hash_4bbdfe5a73d3dd28
sndasset,#hash_67a91a2f6d6dd588
sndasset,#hash_60e3e130f4cc075d
sndasset,#hash_435fd53287512d02
sndasset,#hash_51eab2aeca3d6d86
sndasset,#hash_334884ccd194279f
sndasset,#hash_a293df81b9f0d94
sndasset,#hash_48443b3e1a1cfc31
sndasset,#hash_131cea958d22c782
sndasset,#hash_4c9474993d1422bd
sndasset,#hash_7d33df466f9aa5fa
sndasset,#hash_4b133ceadb242290
sndasset,#hash_40489dccc7b0e8d3
sndasset,#hash_3366330d02d6d7e1
sndasset,#hash_13dbbaffa7b0b880
sndasset,#hash_14b616fdbc40f7bb
sndasset,#hash_32dd50a9a3555007
sndasset,#hash_5d7217b79bda0ea2
sndasset,#hash_377683d5f0fdb8f1
sndasset,#hash_1d213cbda1ade07a
sndasset,#hash_2951dc74e4104b69
sndasset,#hash_74ff31a203be02ce
sndasset,#hash_48626481752dc6b3
sndasset,#hash_35f177e1a8fa098b
sndasset,#hash_14bf2171ca5241ce
sndasset,#hash_67f7e30be723e53e
sndasset,#hash_6ea8b9be627f3443
sndasset,#hash_f716baba8bdd6cc
sndasset,#hash_1e86413ff4a2e4c4
sndasset,#hash_61a53583309bd8c9
sndasset,#hash_6eb604c86dd09d5a
sndasset,#hash_24fc182985492357
sndasset,#hash_d49bf0ea4e7b994
sndasset,#hash_32f96a3d99343e9f
sndasset,#hash_50cb2f4712c70274
sndasset,#hash_230cb953b4740886
sndasset,#hash_4d75a2af87fc8179
sndasset,#hash_218ef1e61763f4af
sndasset,#hash_645b39eb24406126
sndasset,#hash_2716e0d154c655d5
sndasset,#hash_2b4f494a2a327875
sndasset,#hash_1929c7870a196584
sndasset,#hash_60008c216009b597
sndasset,#hash_88ef8d172d3cec8
sndasset,#hash_e4cbd0f6aeb3ca3
sndasset,#hash_74afd4d870b5e048
sndasset,#hash_674b843ef8fbb505
sndasset,#hash_af46681a270cb99
sndasset,#hash_40ff7f79f4368c9c
sndasset,#hash_2f2fbf0b902bd3ec
sndasset,#hash_26fd100117d3c391
sndasset,#hash_36c23af9e4a6d946
sndasset,#hash_3b124a99847b6582
sndasset,#hash_4ead87d0316a160b
sndasset,#hash_3bb8feb712ef9170
sndasset,#hash_141c36b9f935c92d
sndasset,#hash_3be578e697aff6e
sndasset,#hash_3e414db0dfe252ce
sndasset,#hash_5b998a90183cc7f2
sndasset,#hash_56e1e016a61f0ac7
sndasset,#hash_585ca7c29ae10696
sndasset,#hash_5b6071ba0b8571f0
sndasset,#hash_719581a40d3c1598
sndasset,#hash_3ba9153637e0053e
sndasset,#hash_550d635f2136b01
sndasset,#hash_458e319f28a0933b
sndasset,#hash_4b44abe8396e139c
sndasset,#hash_136c9ae63997d635
sndasset,#hash_2af88d1f5addf2e1
sndasset,#hash_7bde88ec1b124217
sndasset,#hash_5c5d7792deb4f03b
sndasset,#hash_17eaf5ea6ea5b680
sndasset,#hash_515c73018a83446c
sndasset,#hash_2ee0466935003df5
sndasset,#hash_20435881ddf7e8b0
sndasset,#hash_7dc206b400769f1e
sndasset,#hash_96329745250731e
sndasset,#hash_d8aea93babcc040
sndasset,#hash_77f20680a588d8fb
sndasset,#hash_3d833e7bc5d1da4d
sndasset,#hash_4828b4722ba20372
sndasset,#hash_24bb51a34b7cc84f
sndasset,#hash_557a4666f11c71e7
sndasset,#hash_623c506a1a600855
sndasset,#hash_4eff235a1c45ee9d
sndasset,#hash_8d5558b9c8e79aa
sndasset,#hash_9ed2a52fcc620ce
sndasset,#hash_311fe4879464dc3
sndasset,#hash_5b9dcbce76a23792
sndasset,#hash_1e2ff22e869faa8c
sndasset,#hash_75920bd34d1392fc
sndasset,#hash_2b54e159709be3fa
sndasset,#hash_207e787b5320166d
sndasset,#hash_36248f72f5a82f57
sndasset,#hash_775976e28d559058
sndasset,#hash_4feb2e631ff36221
sndasset,#hash_50a8f7bbb2c606ed
sndasset,#hash_653bb6a0c9d6b94b
sndasset,#hash_7b8065ce0baec5e7
sndasset,#hash_641b2c5142e3e705
sndasset,#hash_7c971055595dcfc0
sndasset,#hash_6cf83e2ee58b7b74
sndasset,#hash_5a6ed88ee72f366
sndasset,#hash_58bfacba8043f9d9
sndasset,#hash_a60a1a23af299bc
sndasset,#hash_63d6c7cc6b9df3c0
sndasset,#hash_450b8e8169a323e9
sndasset,#hash_72d0eb2ff3d48287
sndasset,#hash_7b4d33054fb1ebac
sndasset,#hash_6e9a2705c0cce295
sndasset,#hash_2ae97fdbead7991d
sndasset,#hash_76bd57c6a3cd2c7e
sndasset,#hash_bbd7c4509ef1fc7
sndasset,#hash_3aa0139dd882d059
sndasset,#hash_1ec75be74097ccf1
sndasset,#hash_2e638150a52a1b08
sndasset,#hash_79b1327cad0ed433
sndasset,#hash_2ffe45e3614892bd
sndasset,#hash_5f71c18c6885980e
sndasset,#hash_5c3da6ef0739a184
sndasset,#hash_7d30c3c4eed50367
sndasset,#hash_39250abca6cb2b88
sndasset,#hash_2abaf8ca71c67f38
sndasset,#hash_32af4f51058e0c7b
sndasset,#hash_6ea863b94f3b6a2a
sndasset,#hash_e2aa08f8fb99e2
sndasset,#hash_2fd66162a866c060
sndasset,#hash_4cb4fbf901a9b9b
sndasset,#hash_4be2d5e3e095b006
sndasset,#hash_202436dac641ab52
sndasset,#hash_4677df62ed4b5fc3
sndasset,#hash_1140ae0e880c0619
sndasset,#hash_21551d290ec5858e
sndasset,#hash_47e33107f553e21b
sndasset,#hash_19fe0a7b7723b0af
sndasset,#hash_25476352c3cc2e5c
sndasset,#hash_a948ffbe1e07771
sndasset,#hash_2b873fcd6f33e857
sndasset,#hash_6da40f75103e7ccb
sndasset,#hash_61e7fab6f6004eba
sndasset,#hash_2c5e8875c4c64d4d
sndasset,#hash_4f6087f71bf074f7
sndasset,#hash_36cf4a7874489260
sndasset,#hash_2e0db77bfad24c3e
sndasset,#hash_791fc26de9f18721
sndasset,#hash_4f0c5840855c6056
sndasset,#hash_7d9cb5b4aa070482
sndasset,#hash_43a9aee37e7dcab1
sndasset,#hash_6a897f3199a59c6c
sndasset,#hash_2f854a4a58ea6b70
sndasset,#hash_46a81446b16e5282
sndasset,#hash_7ab81dd310a78f55
sndasset,#hash_1a07b757fb865a40
sndasset,#hash_367b7e49c94676d4
sndasset,#hash_65326d2d2893bb05
sndasset,#hash_6096d2421df879bb
sndasset,#hash_5bdf740defafa060
sndasset,#hash_71c6e617b4840989
sndasset,#hash_5bebd7cdd10a8b61
sndasset,#hash_31332c27e25370ba
sndasset,#hash_73e431de408820d3
sndasset,#hash_2fcd57d1124ead65
sndasset,#hash_1ef188d52be3624d
sndasset,#hash_5791864b63676184
sndasset,#hash_78dfdf38e4f34977
sndasset,#hash_4d15f59f09f099d1
sndasset,#hash_6ebb7d76e665bc4a
sndasset,#hash_6d250a305f27cef8
sndasset,#hash_692d24ae0453b1cb
sndasset,#hash_27b7a25929b0b20c
sndasset,#hash_749312f875cfc80c
sndasset,#hash_3aea25a6b2f3fe0c
sndasset,#hash_658312f80cbce1be
sndasset,#hash_7ec776848b935f0e
sndasset,#hash_25c06bf0cc0ba2c5
sndasset,#hash_70ba3ba455be1866
sndasset,#hash_26ca347947aceb8d
sndasset,#hash_5d935575399fbb16
sndasset,#hash_1111a94039fb4bd3
sndasset,#hash_78a0bbf85b19ef29
sndasset,#hash_3a7f057ac151e1f0
sndasset,#hash_492f3e9d0b4ca2fe
sndasset,#hash_1c7ca7ddd26effe7
sndasset,#hash_5001380efdf24fed
sndasset,#hash_4c845a5709faed99
sndasset,#hash_5100ec59f21d2a49
sndasset,#hash_5719991b20f5d4a6
sndasset,#hash_1cbddf2edebb006b
sndasset,#hash_24a828e99888a7ca
sndasset,#hash_19a07853717222c5
sndasset,#hash_77f3654c289ae7b8
sndasset,#hash_28a85037e67f46f6
sndasset,#hash_288409236956c2e1
sndasset,#hash_62b558de7f0f7fa1
sndasset,#hash_3eeec63d3bd97132
sndasset,#hash_1aebd04d154c3952
sndasset,#hash_7c3a5a5b8b80d0ac
sndasset,#hash_2152c8ee2e4fee40
sndasset,#hash_4ad5fc1bff963f37
sndasset,#hash_21a33b5f4bbb6b48
sndasset,#hash_3bc0268f4482433b
sndasset,#hash_5a0f1c90b0e64b10
sndasset,#hash_583da6fcaaa47195
sndasset,#hash_4f24036b0d66ef5b
sndasset,#hash_2bb11d2f22a6573e
sndasset,#hash_3917207daeb09384
sndasset,#hash_7504ac313cc3d0ad
sndasset,#hash_183a039ed9328f63
sndasset,#hash_e54a7bbfa04dd67
sndasset,#hash_4ed5a89b59db8363
sndasset,#hash_1a99329b832c3090
sndasset,#hash_6e6e23ec71ac5ac5
sndasset,#hash_54b36c85a5c3f410
sndasset,#hash_ded016435c21d8f
sndasset,#hash_7d918ffa9a3aa4c2
sndasset,#hash_5f63109578e3b5d0
sndasset,#hash_1f83d43d458ba7ef
sndasset,#hash_e8c005897adedbf
sndasset,#hash_64f46cdfd00733b0
sndasset,#hash_1bb10c5edcfa5158
sndasset,#hash_13170a10dfa718a
sndasset,#hash_5f77f21b083f0432
sndasset,#hash_6c26c08ce6108401
sndasset,#hash_14b8815333fb60d2
sndasset,#hash_4e5b26cca52c9141
sndasset,#hash_48ad20e48d019ea2
sndasset,#hash_2e42a6201aa08727
sndasset,#hash_1cb234335e7fe04d
sndasset,#hash_386c76da293b094c
sndasset,#hash_679e2a32469cd72a
sndasset,#hash_15875b0a2fc76663
sndasset,#hash_78670be743417f99
sndasset,#hash_662b066a7d28d745
sndasset,#hash_247fb1ad6c4568dd
sndasset,#hash_5612559dd14497c2
sndasset,#hash_209e27e646a6f7d7
sndasset,#hash_76383eee30f474ee
sndasset,#hash_2810d5c28d5fced1
sndasset,#hash_67416be1eae5ba1c
sndasset,#hash_74b78cea794add0a
sndasset,#hash_35d36cc4e3a641bd
sndasset,#hash_7dd73b576f5c199d
sndasset,#hash_1d29278011dd492e
sndasset,#hash_531da93497aecc95
sndasset,#hash_30b8c03145be7fb3
sndasset,#hash_30002100b412ef6f
sndasset,#hash_7b770117e977aa22
sndasset,#hash_63a26ed54df2390f
sndasset,#hash_1e10b0bb0397e514
sndasset,#hash_2871d00663e23cc
sndasset,#hash_6bbb0ff618c8bd4
sndasset,#hash_4dfa36fedde48031
sndasset,#hash_36ab2fc3b5d1a5d6
sndasset,#hash_7048703818677e22
sndasset,#hash_232fdcdc7182ac93
sndasset,#hash_2e6079d3ab17340b
sndasset,#hash_5a1a3978820a6703
sndasset,#hash_1cbded3ebb57e4a
sndasset,#hash_11b55b11c6f145d6
sndasset,#hash_3954742a7099648c
sndasset,#hash_35565ee86040c8e
sndasset,#hash_2fb43658bc7b2f6b
sndasset,#hash_1f2b7a2f88036a94
sndasset,#hash_7e4d1c94943d2bd3
sndasset,#hash_7f99bd6a19dbd79f
sndasset,#hash_70c47ca1e5099b87
sndasset,#hash_1b4900c439a7d0dc
sndasset,#hash_23c5a0c9991a1569
sndasset,#hash_4cc3582e68b71bc3
sndasset,#hash_75f3152bec1ff9f4
sndasset,#hash_2a4910013cdba012
sndasset,#hash_38fdcee472eb41e0
sndasset,#hash_6db115177c37b2cd
sndasset,#hash_a4604d7dce0914f
sndasset,#hash_9a7869e7cfd0c85
sndasset,#hash_3917e6cc6940bd81
sndasset,#hash_4b540b325d877b0c
sndasset,#hash_597465dc22f884b9
sndasset,#hash_3787cb75b88dd31a
sndasset,#hash_2f45d441921870c6
sndasset,#hash_5e1bb78b0d814966
sndasset,#hash_5f382b85120b9a63
sndasset,#hash_5d90fa60c811a75c
sndasset,#hash_acecb75718bd4e0
sndasset,#hash_1e9f73d1dcc6fe89
sndasset,#hash_5184802530ed9735
sndasset,#hash_275e06bf778c92d9
sndasset,#hash_7000ae4ca65f3144
sndasset,#hash_2d3e3c384b4304c8
sndasset,#hash_516f619d28dce6e6
sndasset,#hash_44714a5b0e13e4c8
sndasset,#hash_1ba255340fd7620d
sndasset,#hash_1fd0376a8b86025e
sndasset,#hash_76b01b9f8c7dfb81
sndasset,#hash_49b652776b61fd69
sndasset,#hash_4e35cb5402d9d3b9
sndasset,#hash_2be0275e2fe104a6
sndasset,#hash_19d7df3cf13b75ff
sndasset,#hash_649a97be9e525e49
sndasset,#hash_62cd044386d4e832
sndasset,#hash_5fa08bb4117d8d84
sndasset,#hash_13027a6ab93026d6
sndasset,#hash_6dd1d1eb69657037
sndasset,#hash_31f2cdf8276aed89
sndasset,#hash_76aab07ed2d0b6e7
sndasset,#hash_737e4160bd0b650b
sndasset,#hash_46b679ebc05018c6
sndasset,#hash_6158d5b0ebe4d33
sndasset,#hash_2005db94d8bbe7d0
sndasset,#hash_f698394fe3b4eb0
sndasset,#hash_312d7370fe101780
sndasset,#hash_86c15e5d0dee1fd
sndasset,#hash_457e3da6828aca2a
sndasset,#hash_5412b4c9d62a17c6
sndasset,#hash_67f2ee65b887e7ef
sndasset,#hash_45269f6c7c32361f
sndasset,#hash_161e55776957374f
sndasset,#hash_391c0a8696843496
sndasset,#hash_34825dd911a5b90a
sndasset,#hash_53d63576f91a8fa0
sndasset,#hash_399dd2beebe5e7ba
sndasset,#hash_3d20f42957fad57f
sndasset,#hash_5bdbb00e225c0158
sndasset,#hash_5677051cab57ba8f
sndasset,#hash_36ba05992c8e7b13
sndasset,#hash_6882d818936532d3
sndasset,#hash_146698bf14a3e778
sndasset,#hash_37b9fd43f83df8cd
sndasset,#hash_3d94d67b287f2b77
sndasset,#hash_3b793e11268589e0
sndasset,#hash_78ccc4b762f4eed6
sndasset,#hash_2680411e7718141c
sndasset,#hash_7a99d1b777f39e59
sndasset,#hash_668821ad37f11600
sndasset,#hash_10076446bef72f2a
sndasset,#hash_83b4fc649df5b1b
sndasset,#hash_22474cf9de6c99f
sndasset,#hash_2e1ca46bafd19822
sndasset,#hash_3d38f72e5be5669c
sndasset,#hash_69b332ab9e18de2d
sndasset,#hash_11dcb85516a4e079
sndasset,#hash_5d1ea979b6922c4
sndasset,#hash_5f622208675dc7a6
sndasset,#hash_2ac57bce8cb5103f
sndasset,#hash_15190784a99d054b
sndasset,#hash_1b8d2626be32d5e3
sndasset,#hash_158ae1a5a0f30627
sndasset,#hash_3b4bdc498268a750
sndasset,#hash_6bf07a452bdfeaba
sndasset,#hash_5d8407bbb1751fe5
sndasset,#hash_1db967f06b473ad1
sndasset,#hash_310dcf81f1bf792
sndasset,#hash_7adb5922a0b9710c
sndasset,#hash_39dd91d42e3cedb
sndasset,#hash_7d3f4f30c39eafdf
sndasset,#hash_22c95cc692d8a24
sndasset,#hash_706a4e3fb6f9ca46
sndasset,#hash_759406d7f4877b15
sndasset,#hash_4de85528afd537c1
sndasset,#hash_4780ac681241ecfe
sndasset,#hash_e330b49e3728c60
sndasset,#hash_26ac33a3e9e0499f
sndasset,#hash_74d9910d304de5eb
sndasset,#hash_76626526fa2e5774
sndasset,#hash_4e92c3265543fc96
sndasset,#hash_36d96334a8f7dff1
sndasset,#hash_6990faf2d2283175
sndasset,#hash_529c107c8b424bf6
sndasset,#hash_328393849e3a6898
sndasset,#hash_683c50ee52af500f
sndasset,#hash_5ed61760ea3acc5b
sndasset,#hash_5a1fdf7833730214
sndasset,#hash_1738e769d710bef6
sndasset,#hash_78f906d09bdc12a9
sndasset,#hash_4eabb51c1087ac6d
sndasset,#hash_748c0211f85f727e
sndasset,#hash_3b105991cca42ce0
sndasset,#hash_587f8535ae8baeef
sndasset,#hash_7d78d795cb4deafb
sndasset,#hash_39b6dca47211d978
sndasset,#hash_67daca825bbf462
sndasset,#hash_646e33b5c33157be
sndasset,#hash_78c020c368c871a0
sndasset,#hash_184e77e8788345ee
sndasset,#hash_27fdc03ec89a8cd0
sndasset,#hash_7d6080b19f98f640
sndasset,#hash_78a120c8c89731ea
sndasset,#hash_515ba350a45e2348
sndasset,#hash_3c01b85ecc997b2
sndasset,#hash_2f0a89ced40a3e4b
sndasset,#hash_3565235297cc004f
sndasset,#hash_9a7394c8d5e94a9
sndasset,#hash_30cc21ca9dd3f26d
sndasset,#hash_41e435a140e93deb
sndasset,#hash_72e5dc533d820b2f
sndasset,#hash_10db166088f027cd
sndasset,#hash_285c6e1c58415ed9
sndasset,#hash_278d3912447ef004
sndasset,#hash_2079719ff314c466
sndasset,#hash_33bf86b288d7d784
sndasset,#hash_46c2ce6021d14ae6
sndasset,#hash_49542fd1b984c1fe
sndasset,#hash_7584ce07f97ceb60
sndasset,#hash_4ed0eca82d40a22e
sndasset,#hash_5f9094c941473990
sndasset,#hash_408942a0ab819b71
sndasset,#hash_278466d3318eb3f5
sndasset,#hash_76d02d4d8adefe87
sndasset,#hash_db70181712cd9b3
sndasset,#hash_4ed7ea35f7e1311
sndasset,#hash_7aca7975bbdc30d5
sndasset,#hash_204f72909305e453
sndasset,#hash_3e391b407a0758d7
sndasset,#hash_b12ff9e762593f2
sndasset,#hash_4581d54b2c53232c
sndasset,#hash_9eda50477b2958a
sndasset,#hash_70c4f374bacf3064
sndasset,#hash_4d59c566500f54
sndasset,#hash_37703b7ea447e6b6
sndasset,#hash_13c73f1c7d049534
sndasset,#hash_50ea06e83bab58d6
sndasset,#hash_4dd86b6bc2fd08bf
sndasset,#hash_51cff356a3d71ecb
sndasset,#hash_6a4d33381d475695
sndasset,#hash_4393139a1f6a1a41
sndasset,#hash_1294a9bae941133f
sndasset,#hash_77fe12ea5a002e4b
sndasset,#hash_4af2a057fa444219
sndasset,#hash_6a48ce6c41bba9dd
sndasset,#hash_11740bc1f38aaaaa
sndasset,#hash_584d07f1ecd72e44
sndasset,#hash_59e6bea7cdd2d85c
sndasset,#hash_1a5dc93cadd784fe
sndasset,#hash_3a8d95e6c3aad40a
sndasset,#hash_5e70378caf305be4
sndasset,#hash_3fa049b2e65c8123
sndasset,#hash_690d09f90d3ae1e7
sndasset,#hash_7cb21a2321bb9661
sndasset,#hash_4b90aaca32f52b65
sndasset,#hash_5dc4c7369a257513
sndasset,#hash_65b80f548b55dd17
sndasset,#hash_718db199fc4e0bbd
sndasset,#hash_3fbb90625d08c449
sndasset,#hash_5c8fd52057d02dbe
sndasset,#hash_62de3606b0d133a0
sndasset,#hash_3256098f80f468b0
sndasset,#hash_7452c9523d9b9bda
sndasset,#hash_18269b36a9715542
sndasset,#hash_778b3d347a3ec37c
sndasset,#hash_7a96a282c12df134
sndasset,#hash_717a225d1bc1ecd6
sndasset,#hash_6bf80c1eb42b1fe1
sndasset,#hash_2f2b1f44f18657e5
sndasset,#hash_5cff0afea825c437
sndasset,#hash_3b5f9b7414df3ae3
sndasset,#hash_2f2376987227c059
sndasset,#hash_1ea4d610b722799d
sndasset,#hash_54f1d4de58ecb1df
sndasset,#hash_b148b92b9c705ab
sndasset,#hash_2b966b91d1fb80ec
sndasset,#hash_606ddf3b119b2e4e
sndasset,#hash_5080e10e45c28b06
sndasset,#hash_216b1f13b734f668
sndasset,#hash_5e3bad6012df6118
sndasset,#hash_14a0206433741bc2
sndasset,#hash_7b7760dea7557286
sndasset,#hash_1efe276f375f7ce8
sndasset,#hash_da296731ea5df7
sndasset,#hash_16a5c0a7714d9f23
sndasset,#hash_15aa35a96c9ff24d
sndasset,#hash_647b87b32c95ae59
sndasset,#hash_237e5887ff870bdf
sndasset,#hash_70c440bdd6bbd3ab
sndasset,#hash_17d8194e7ffb1349
sndasset,#hash_349deee50768b6cd
sndasset,#hash_76a21288fd2588b2
sndasset,#hash_291a94fd8d3c66c
sndasset,#hash_1d6c96d8307de05c
sndasset,#hash_320405feb9773cce
sndasset,#hash_44f06ffc5a4b6ef0
sndasset,#hash_29c6dd9c2ff397db
sndasset,#hash_19b6717300f36adf
sndasset,#hash_41e7b27d1f4b9cfe
sndasset,#hash_7c004519d5e2b2fb
sndasset,#hash_6bbef42ca252d0ff
sndasset,#hash_49159c4eb0ad498b
sndasset,#hash_4e9719408ce2ffb2
sndasset,#hash_268aa8639b5ecb6c
sndasset,#hash_69831475d9a972bf
sndasset,#hash_3483b778f8465006
sndasset,#hash_39adcb9ed6144e90
sndasset,#hash_55aff9c0ffc207a
sndasset,#hash_3659b11272f54089
sndasset,#hash_49df9ec5ee94f28d
sndasset,#hash_46b0f81c1abc2568
sndasset,#hash_fb2a01a6b88c7dd
sndasset,#hash_5adbdac2688bbd09
sndasset,#hash_6fc5cabd22d4180d
sndasset,#hash_5e2ff54ecbaacb10
sndasset,#hash_2b412b93443b45fa
sndasset,#hash_5cf832afc7934ea9
sndasset,#hash_1a9f6d0b08a9c418
sndasset,#hash_4195be056f6d854a
sndasset,#hash_95c992394e67a4
sndasset,#hash_48069bcedf221357
sndasset,#hash_55b50e0115567c43
sndasset,#hash_6f52f3129ab664c2
sndasset,#hash_692dc567f9d6cbf7
sndasset,#hash_1687f35fc3bac1bb
sndasset,#hash_309dcc12fc83bfff
sndasset,#hash_259ea9d1d026e0ae
sndasset,#hash_34096be85fb26510
sndasset,#hash_49c3976899482923
sndasset,#hash_30f6a18b17e0cc58
sndasset,#hash_4ffdd581f3128b82
sndasset,#hash_5471e45596bc9a5b
sndasset,#hash_523b96f54138625f
sndasset,#hash_48d2ff9a9cf7125a
sndasset,#hash_1e8d431b317874b4
sndasset,#hash_34e891a52630122d
sndasset,#hash_2632a0bb5f25fc79
sndasset,#hash_6f2346a79a1281ac
sndasset,#hash_35b18b6cd7ee858e
sndasset,#hash_4eaf05d9446bf36f
sndasset,#hash_724dd18f40e5687b
sndasset,#hash_242801c456ddf1c0
sndasset,#hash_3dd0f64e7335794f
sndasset,#hash_6c3d4a3cdea93842
sndasset,#hash_1b1e387f3ebd9277
sndasset,#hash_25ff6cc40f05eac9
sndasset,#hash_1c99b719b27d3904
sndasset,#hash_1c02abeb22b93982
sndasset,#hash_28ced41a06278a62
sndasset,#hash_20482abbc19289b
sndasset,#hash_51cf3bbff7a429c6
sndasset,#hash_20d1d152e9d70cc6
sndasset,#hash_da5f8d14f614f0
sndasset,#hash_7b0a0851462ac15d
sndasset,#hash_2f6e5f6e5896439f
sndasset,#hash_2c94d14fc6bf23b8
sndasset,#hash_14befc47d42cc00c
sndasset,#hash_5407d3c203715d2e
sndasset,#hash_6e88df2618eb7a42
sndasset,#hash_2ed7c3b794cd127c
sndasset,#hash_6b3554e862d6364e
sndasset,#hash_554ec79cabd4eb70
sndasset,#hash_172a302bb4b847ce
sndasset,#hash_a2678dbd800aff0
sndasset,#hash_f2d5e190eaf4266
sndasset,#hash_5388da9496176308
sndasset,#hash_38a4689e86183637
sndasset,#hash_79a895a87ad550e3
sndasset,#hash_77bda4b59725ca55
sndasset,#hash_40a215eaf6cb981
sndasset,#hash_7c5c67099bdde84d
sndasset,#hash_7ce2a4b20367d059
sndasset,#hash_1fddb3f9faea5365
sndasset,#hash_73b4a6c1bf6d2551
sndasset,#hash_5499c02439688251
sndasset,#hash_9c04da55832ac95
sndasset,#hash_246b1334f94c28ff
sndasset,#hash_4c7a1775b98a518b
sndasset,#hash_5cd8b02a8995c00c
sndasset,#hash_6e3883f2a50c5d2e
sndasset,#hash_7add841fc304777e
sndasset,#hash_4325492d09871be0
sndasset,#hash_8b384e086b1bb64
sndasset,#hash_6a5e0a49048ec506
sndasset,#hash_5348eef6235822e4
sndasset,#hash_44f1664f043cb86
sndasset,#hash_13ed9dd3c149d824
sndasset,#hash_5d7c42649437f446
sndasset,#hash_41c592de8abf08a0
sndasset,#hash_1cee44fb4b9c590a
sndasset,#hash_7e20b867d8a249e5
sndasset,#hash_35610b2e3b2278d1
sndasset,#hash_7fa91405adc8cba7
sndasset,#hash_13b3dee1529d3713
sndasset,#hash_7aaa28330d0aabf7
sndasset,#hash_18f3e346a117c923
sndasset,#hash_5c31e7e024fd4eeb
sndasset,#hash_45e3cd93ff4e9e2f
sndasset,#hash_79b8823404b0cd87
sndasset,#hash_564b44e54e05e6b3
sndasset,#hash_3045752be37df8c9
sndasset,#hash_43d4e72b088e774d
sndasset,#hash_44a09e940db7655a
sndasset,#hash_711358220b368db4
sndasset,#hash_625b724151fa91f8
sndasset,#hash_279bfcf088a04de2
sndasset,#hash_2300c2ea264149f6
sndasset,#hash_3ce6f8cb8602a298
sndasset,#hash_7e7d47111bd11cb2
sndasset,#hash_4174dcdd6c76026c
sndasset,#hash_39f06d2452b80c4a
sndasset,#hash_599cfa8ba4069ca4
sndasset,#hash_1d4c3d5f6cbd28d2
sndasset,#hash_3742104103d14fcc
sndasset,#hash_710bd4a9c25a92db
sndasset,#hash_4d03ea7b7b47bdf
sndasset,#hash_843c6188bffd7e1
sndasset,#hash_760026be44f97fe5
sndasset,#hash_548b160db0802a01
sndasset,#hash_2a03be16b28f3145
sndasset,#hash_6fc8c54273f596c9
sndasset,#hash_170120c6303c914d
sndasset,#hash_21fd0233b4358b5d
sndasset,#hash_5956f6543fd5e929
sndasset,#hash_3bd7e1b11c942d4b
sndasset,#hash_72ffc42183196d4f
sndasset,#hash_3971c97b4b248b40
sndasset,#hash_7a7851a1e643d0ea
sndasset,#hash_65cb24ccdfa55f29
sndasset,#hash_8d23daefe095210
sndasset,#hash_7f79d6b88baf7afa
sndasset,#hash_341df3654f71c823
sndasset,#hash_56ba00b668db56e7
sndasset,#hash_f87152d340ddace
sndasset,#hash_22ebd958e1f688f0
sndasset,#hash_3d3f04b2fe36a479
sndasset,#hash_55655b82cb9fc6fd
sndasset,#hash_7b24c0b709197d94
sndasset,#hash_2fe902db02158176
sndasset,#hash_55cb9af76d870507
sndasset,#hash_47c850142c585d33
sndasset,#hash_75b260f550d13933
sndasset,#hash_352fa06b031aed77
sndasset,#hash_18a3e61f7af01df2
sndasset,#hash_52bc690e79ca812c
sndasset,#hash_117ed5fcc7add59d
sndasset,#hash_58ea4e1df960e3e9
sndasset,#hash_37fdc3865dc65f40
sndasset,#hash_172f261588a0ccea
sndasset,#hash_fa6932cf65061c9
sndasset,#hash_2cf5b993d667124d
sndasset,#hash_4447da00da108494
sndasset,#hash_6f809b9343833676
sndasset,#hash_518e775e5ad409ed
sndasset,#hash_11c63c319daee6b9
sndasset,#hash_7b7c6dce4eee514
sndasset,#hash_741f95e9d2f787f6
sndasset,#hash_276125cdde0f46ab
sndasset,#hash_f580b9639daf36f
sndasset,#hash_617ddf8c4dbac98a
sndasset,#hash_24a96a87f1834c64
sndasset,#hash_53b2a5319ad26fb3
sndasset,#hash_6cced95c73a400f7
sndasset,#hash_33696c9f854cfa6a
sndasset,#hash_639d46f64a61b884
sndasset,#hash_3c8da2cd9288e367
sndasset,#hash_373b759e3d6b9553
sndasset,#hash_79d6c77e182aca76
sndasset,#hash_2a973ff9ea045418
sndasset,#hash_24b14fd85daebdd9
sndasset,#hash_351d00be6bcd821d
sndasset,#hash_7f93a983f2a0fd74
sndasset,#hash_f094691c562e96
sndasset,#hash_709a10c7879f5acd
sndasset,#hash_20016b5d1e2017d9
sndasset,#hash_6739721e93180100
sndasset,#hash_1d291f9ca152102a
sndasset,#hash_4542f4cf4f7e6890
sndasset,#hash_50cc8a10f8c82e7a
sndasset,#hash_7dc34f8893d5e76c
sndasset,#hash_35b3fb5e9901d1ce
sndasset,#hash_249ae07d10306d88
sndasset,#hash_3756b94bd581fd72
sndasset,#hash_262305a72311479f
sndasset,#hash_4bf15c1ef96c1feb
sndasset,#hash_77cd0eb55a53a805
sndasset,#hash_7c0ca35a01b526b1
sndasset,#hash_1d4ffbdff641ae52
sndasset,#hash_218480fbc3d7f04c
sndasset,#hash_5f048eafb3ba2b73
sndasset,#hash_d5ed79f2a02ee37
sndasset,#hash_7cca5b0e2f261115
sndasset,#hash_3f2b7c954f4539c1
sndasset,#hash_2cdffdbf34c54f6c
sndasset,#hash_1ddd98cb0ea709ce
sndasset,#hash_71f5932530cb822b
sndasset,#hash_2a0130c105c8f5ef
sndasset,#hash_7327d711a3b00948
sndasset,#hash_2ec18c748cb189b2
sndasset,#hash_7919f91bf7587bf9
sndasset,#hash_2cf399ee27711d7d
sndasset,#hash_c8ba82d7ba0040a
sndasset,#hash_2ab1ee2b28e1ebe4
sndasset,#hash_49158898b56c0b32
sndasset,#hash_4438082c13a13dec
sndasset,#hash_4c0d8a6ffa1c0dc
sndasset,#hash_47a78cecdca06e7e
sndasset,#hash_5d3227349799213
sndasset,#hash_2de667831fdf1417
sndasset,#hash_768ccc67c78de913
sndasset,#hash_54907a0626c2b917
sndasset,#hash_58160e5418bb1bdf
sndasset,#hash_7bae3fc147e03ab
sndasset,#hash_bc50bfeb9a08f19
sndasset,#hash_538c3c393d4f70dd
sndasset,#hash_64268ae154451a3c
sndasset,#hash_70aa095d27779a9e
sndasset,#hash_6683efa311133e84
sndasset,#hash_18fded6d32701fe6
sndasset,#hash_351f00af31711bef
sndasset,#hash_46fa34cc0c2911fb
sndasset,#hash_3d60a59dbcbd5d2d
sndasset,#hash_26d0096d3dd7fd79
sndasset,#hash_5dca36918419683b
sndasset,#hash_5e83c779738f237f
sndasset,#hash_37c6a7889e6dea99
sndasset,#hash_29abdf567d1cd35d
sndasset,#hash_5ddd3798812fbac
sndasset,#hash_18659edfbaa1b38e
sndasset,#hash_73cd607546c2902c
sndasset,#hash_22b0d1e07f85210e
sndasset,#hash_6c1c34469bc82fe9
sndasset,#hash_94e44481147ab2d
sndasset,#hash_5d216f5b5f95463a
sndasset,#hash_16ad3726ab983bd4
sndasset,#hash_1257b0116a1dbf86
sndasset,#hash_797158203db743e8
sndasset,#hash_5705f3a91e2dc94b
sndasset,#hash_2e197f46e018c14f
sndasset,#hash_7f9c75d746672d30
sndasset,#hash_2d05163241da995a
sndasset,#hash_14b3b791faad2067
sndasset,#hash_100da7a957b12c53
sndasset,#hash_403f6e966acc7aa0
sndasset,#hash_3b77c8acb0036f0a
sndasset,#hash_1f7f018e06de4e1b
sndasset,#hash_2a2796a3421cc29f
sndasset,#hash_6e6eb0c662cf2def
sndasset,#hash_595d0706a4fe07fb
sndasset,#hash_25db3aec308d029f
sndasset,#hash_253ecee620b370eb
sndasset,#hash_358ac0f2c8ff0474
sndasset,#hash_56b4bf781a98e396
sndasset,#hash_14d6066fc7ca8c9e
sndasset,#hash_7b39af86894002c0
sndasset,#hash_171be9d09a7c18a4
sndasset,#hash_355efc1bc8dbe5c6
sndasset,#hash_14d6b3d2f49181cc
sndasset,#hash_3f86650081b35e6e
sndasset,#hash_75174498d2306999
sndasset,#hash_68ad19113ae9f05d
sndasset,#hash_1d30f808a653e22d
sndasset,#hash_4a2d93e1f11f6c79
sndasset,#hash_7b427279a8ac5774
sndasset,#hash_4d1f8541fbfdfc96
sndasset,#hash_4a1b796bb16b25aa
sndasset,#hash_1b721b8a4294bf44
sndasset,#hash_518feedd3642a236
sndasset,#hash_d536b3b8814058
sndasset,#hash_6f10b5c81637b50a
sndasset,#hash_38d005345fd55ee4
sndasset,#hash_41a21d864f794969
sndasset,#hash_7dbc746c41d387ad
sndasset,#hash_231507aff23adb57
sndasset,#hash_4124c64172bbd443
sndasset,#hash_31bdd80a40111e60
sndasset,#hash_57f7d5c10907c44a
sndasset,#hash_23d46425de16a645
sndasset,#hash_2f0beebb2b8b5271
sndasset,#hash_3b40a7926de0a703
sndasset,#hash_3086c50162acbe07
sndasset,#hash_5737c1cefd85e0a2
sndasset,#hash_4e53d9caee22701c
sndasset,#hash_48c558445f5298a1
sndasset,#hash_676c85b05360a025
sndasset,#hash_567525ddfa37bc56
sndasset,#hash_671cb931954368b8
sndasset,#hash_79bb3fe40c54372b
sndasset,#hash_47fe37076198f4ef
sndasset,#hash_e75507be9aeea3c
sndasset,#hash_17675c39ef830a9e
sndasset,#hash_43fc001a1ff65f8
sndasset,#hash_31498472e64649e2
sndasset,#hash_367e62b733f9e60a
sndasset,#hash_4275f2d9693851e4
sndasset,#hash_25a7abb92641bd15
sndasset,#hash_ba1758a6830bdc1
sndasset,#hash_7018c5ed367f3f9d
sndasset,#hash_8737d5d4040e1e9
sndasset,#hash_300c59be135c6e7d
sndasset,#hash_2be2ff2cb876ca89
sndasset,#hash_5ebc91eb441e7c4f
sndasset,#hash_736862621778281b
sndasset,#hash_797f10538df8949a
sndasset,#hash_30d3b70a85461674
sndasset,#hash_355d04de3410b082
sndasset,#hash_1487da76111e13c
sndasset,#hash_5abd3b123cb88aa1
sndasset,#hash_35244698d6013625
sndasset,#hash_57d0cc50d7dcec3f
sndasset,#hash_5b54dcbf1f1f194b
sndasset,#hash_7b65ca5f80b9156d
sndasset,#hash_370bbaa028855939
sndasset,#hash_16c9bc653015c3fb
sndasset,#hash_6e90f9021f7305bf
sndasset,#hash_72647378e1ad5186
sndasset,#hash_619cb43cfab0b9e8
sndasset,#hash_38f7ebcbca6124f6
sndasset,#hash_639957c6c4025398
sndasset,#hash_28361a81092428c7
sndasset,#hash_5c37c0958168c273
sndasset,#hash_10e74138f6c0186c
sndasset,#hash_664765bbf0dcc4ce
sndasset,#hash_24351800c61fa0ec
sndasset,#hash_72f0ba0050d38e4e
sndasset,#hash_61c407a2aca4b229
sndasset,#hash_45e1d01658a85aed
sndasset,#hash_43fc1044fe0907d6
sndasset,#hash_4948491084f69b38
sndasset,#hash_9cca71ea4229a7d
sndasset,#hash_6a4f901a5751ce89
sndasset,#hash_14b8b846130a128a
sndasset,#hash_3390ba2e9a668764
sndasset,#hash_6881ffd83b039925
sndasset,#hash_7569f693cdca8a91
sndasset,#hash_c3c6ef979310a0d
sndasset,#hash_2fe022427204fa99
sndasset,#hash_5ee4224d601b509d
sndasset,#hash_5003dd3e35a574e9
sndasset,#hash_3b766b8e6e136e36
sndasset,#hash_5caf7563b6b82458
sndasset,#hash_71b85cf70d1ab960
sndasset,#hash_7818aee022ecb54a
sndasset,#hash_48e1110921a9c542
sndasset,#hash_9a8fb7ae672137c
sndasset,#hash_27fc5bae63377c82
sndasset,#hash_b5f3a44a18ac53c
sndasset,#hash_54679f502563c00f
sndasset,#hash_470668d2ac621c5b
sndasset,#hash_5e8bffaf606fa903
sndasset,#hash_52c0d6be04ce8407
sndasset,#hash_5ad5d38ec702de6e
sndasset,#hash_171819e688978650
sndasset,#hash_7d8bf2fa1ad4957c
sndasset,#hash_6814a99a0ee1795e
sndasset,#hash_12d25675a08eef8
sndasset,#hash_65fc5d34bb044e2
sndasset,#hash_65f0000f8e1fe3a4
sndasset,#hash_4cde1f00784166c6
sndasset,#hash_1551ec45707568d3
sndasset,#hash_294c15feac849657
sndasset,#hash_2353552af4772619
sndasset,#hash_18598ea471d1d5dd
sndasset,#hash_42f77a1b4eec522e
sndasset,#hash_23e0d2bad8c4990
sndasset,#hash_36a871305cc18427
sndasset,#hash_540bc8ad68b19093
sndasset,#hash_54dff62af7a3b3f1
sndasset,#hash_3a8ec250d0632d75
sndasset,#hash_15530b52f493e780
sndasset,#hash_6bf9f504432d33aa
sndasset,#hash_1c6bb098e37e512f
sndasset,#hash_176db54f67057fbb
sndasset,#hash_45df7c1a62e0533c
sndasset,#hash_62d09935aa18a59e
sndasset,#hash_4e0bcfb020a3b3ed
sndasset,#hash_6f7394d08f61a4b9
sndasset,#hash_45c4899e9575848e
sndasset,#hash_424ec0a3d0cb7a30
sndasset,#hash_44ec99422bef447e
sndasset,#hash_38e05d7b183662e0
sndasset,#hash_4e69b2b63d377928
sndasset,#hash_2fc83e21e1887ed2
sndasset,#hash_5875f87e2172c2af
sndasset,#hash_3fea07781a0c643b
sndasset,#hash_2e6fde218121775f
sndasset,#hash_1dcc02e99276662b
sndasset,#hash_1fae1896856255d3
sndasset,#hash_348dd2da01463d57
sndasset,#hash_492dfc154a4d97dd
sndasset,#hash_7dad9d3d9bcfbea9
sndasset,#hash_eb95b91b70026b8
sndasset,#hash_641b29810cf47622
sndasset,#hash_1c6987fc165fac78
sndasset,#hash_38ab8ba006328d62
sndasset,#hash_34244567e6f7d68b
sndasset,#hash_374443eaf0bcb80f
sndasset,#hash_55e99d48a88031c9
sndasset,#hash_40e78f62bb04824d
sndasset,#hash_6ec1a77a99b9fcb7
sndasset,#hash_750d22bdd0161463
sndasset,#hash_43dd4202799a22d5
sndasset,#hash_194281fc3e8ff301
sndasset,#hash_73f1d45491622370
sndasset,#hash_526ce8f924aedc1a
sndasset,#hash_4ce2ba6a55a8c00
sndasset,#hash_4e932533239bd12a
sndasset,#hash_52089ac35aded915
sndasset,#hash_1189ab6d728a91c1
sndasset,#hash_50120316aba72fce
sndasset,#hash_65213ef9da7467f0
sndasset,#hash_60df006712ade3e2
sndasset,#hash_7251170ebd1f60dc
sndasset,#hash_3b045f33ed8712bf
sndasset,#hash_61ce46d7555cfccb
sndasset,#hash_47e473bae2c4f944
sndasset,#hash_1455544cb832bb26
sndasset,#hash_6e3005454d76dc1b
sndasset,#hash_661e7c288be7ac9f
sndasset,#hash_22543f266cf8b2d4
sndasset,#hash_25ebd5a5ffb22136
sndasset,#hash_4b2a0f606fc19ff
sndasset,#hash_3aaa84c13d5e848b
sndasset,#hash_70208c8e26a9efeb
sndasset,#hash_5af6c272cebae12f
sndasset,#hash_5b303650462950db
sndasset,#hash_2874c032ed53f5df
sndasset,#hash_595852cdb4029d60
sndasset,#hash_6cb3c5e20f01e14a
sndasset,#hash_279d35b32d32ea8a
sndasset,#hash_6a88dc4749a20f64
sndasset,#hash_3ae8b7879224bb38
sndasset,#hash_560ce01e4516e3a2
sndasset,#hash_1658a49f5ad68f90
sndasset,#hash_6c49d76e505437a
sndasset,#hash_57803e61dcbca7c5
sndasset,#hash_76498e5558dce6f1
sndasset,#hash_2b9b07f4162d5811
sndasset,#hash_5cce46183f35dfd5
sndasset,#hash_5deaa7e17ffcf6c0
sndasset,#hash_4e78c3509ef8636a
sndasset,#hash_2dec9bfeb9801c15
sndasset,#hash_64ffff2b56cac503
sndasset,#hash_5164bbbef64df6ce
sndasset,#hash_7c53af8358e08cae
sndasset,#hash_66106432746af09f
sndasset,#hash_7bfb1eade584f254
sndasset,#hash_548b6ec2b2599e44
sndasset,#hash_ca11b1cec6e2251
sndasset,#hash_51073f5ecee373ae
sndasset,#hash_27861f882b7ce975
sndasset,#hash_3c1a2ff2f83f0a42
sndasset,#hash_738c13b8c63894cd
sndasset,#hash_5179d402e0d05135
sndasset,#hash_53e87c57b55d3ff5
sndasset,#hash_6638b828bced462e
sndasset,#hash_2bd34f2492d0f148
sndasset,#hash_5c21ebc406493baa
sndasset,#hash_4aa703c0c2d1f71a
sndasset,#hash_6e11e30e41c06017
sndasset,#hash_72985816c6c47b6b
sndasset,#hash_24020bcbe28a5e6
sndasset,#hash_29d415a95143b77f
sndasset,#hash_3cee1dd9b8c76d0b
sndasset,#hash_5f759ade0a95a687
sndasset,#hash_7df15eaa4e5fd1b3
sndasset,#hash_3339f60fc0e1ceda
sndasset,#hash_4fc333c1f2cc5a34
sndasset,#hash_21ab193371b0b5ca
sndasset,#hash_4ee0fb762df2924
sndasset,#hash_78f5b837b77d3850
sndasset,#hash_48115f83f5ddfdba
sndasset,#hash_4db1c37d022ea966
sndasset,#hash_57b0b2aa4a023808
sndasset,#hash_b5584bbdc4bc53f
sndasset,#hash_68cf9621b2d7044b
sndasset,#hash_144f6a1f2c6eeb2b
sndasset,#hash_19b08151667490ef
sndasset,#hash_6227bbff2de309a9
sndasset,#hash_7d970b56a47f316d
sndasset,#hash_62c797257f3ff73d
sndasset,#hash_7abc5335899d6c9
sndasset,#hash_24fba0859412fe6c
sndasset,#hash_109fbc641527b6ce
sndasset,#hash_632f3f866281f1f0
sndasset,#hash_b5f6f7968fcb79a
sndasset,#hash_19653a5911db8ef2
sndasset,#hash_1ca9e6a632a1342c
sndasset,#hash_22dc3ac348bd9ff4
sndasset,#hash_6986b0bdea320616
sndasset,#hash_495ace27d05e6a71
sndasset,#hash_69ce7890c1a8c0f5
sndasset,#hash_6d77c2461d2866d9
sndasset,#hash_1469ea87fed3dd1d
sndasset,#hash_ad8b715212c6c33
sndasset,#hash_16694d0a167da677
sndasset,#hash_d80fa0989b63a7b
sndasset,#hash_4d5d00e4b11d93f
sndasset,#hash_679f00881938e2e6
sndasset,#hash_480beeb9ad457488
sndasset,#hash_36aa5c63fcb3787e
sndasset,#hash_14ba95f01d9e7ee0
sndasset,#hash_48388f611e6d02e4
sndasset,#hash_270fd88bce166b86
sndasset,#hash_1c4c5246f95d610a
sndasset,#hash_396dc9efe49ee2e4
sndasset,#hash_18610487d07686db
sndasset,#hash_24efbc230b8bd7df
sndasset,#hash_b2a01e9b3607bcf
sndasset,#hash_2d5405f7ca48f69b
sndasset,#hash_799a944163a06d39
sndasset,#hash_e36bd5368871a3d
sndasset,#hash_b8de50c9c811db4
sndasset,#hash_36630ae298d92256
sndasset,#hash_5e5846e62f2e9fbf
sndasset,#hash_c5e4839c8a83cb
sndasset,#hash_d82a61469c5a30a
sndasset,#hash_6c0caf53e64468e4
sndasset,#hash_36bbd955b593c3b0
sndasset,#hash_7f6c2f5ea7e9ccda
sndasset,#hash_68cdb837027f0b95
sndasset,#hash_6d8faea7afe71941
sndasset,#hash_1fd9fbc3ff228c8c
sndasset,#hash_45365e4502ac72ae
sndasset,#hash_711848d9eaa378b1
sndasset,#hash_7eb7e240ecfe6db5
sndasset,#hash_6220fce077322e96
sndasset,#hash_67992329d323a578
sndasset,#hash_6f25a021febe51d
sndasset,#hash_7dea2671144be269
sndasset,#hash_5d6e8f6cc0eea20d
sndasset,#hash_583011459946c299
sndasset,#hash_449e00af3b61198
sndasset,#hash_78572501030f5d42
sndasset,#hash_1c110aa427d02aa3
sndasset,#hash_313a87d40fa46e67
sndasset,#hash_3c66fa25764e991e
sndasset,#hash_70380ae60efdd840
sndasset,#hash_6d190ad1b921d2a9
sndasset,#hash_670a4eef8400ec6d
sndasset,#hash_50e98509cef7d7e4
sndasset,#hash_4e1ee8ba4af8ca86
sndasset,#hash_76e7eb1577c7a322
sndasset,#hash_383e3deef599a79c
sndasset,#hash_5294424074d33af7
sndasset,#hash_2cc9ee25efdd1623
sndasset,#hash_2b07d3ab06c2aace
sndasset,#hash_13660c9c6c02f8f0
sndasset,#hash_3e3b3944fe759213
sndasset,#hash_2d07f55075531417
sndasset,#hash_1866e78e83b73bc0
sndasset,#hash_2dd772f07b93126a
sndasset,#hash_3b34c64919f8fbc7
sndasset,#hash_3ecdc0a040145b73
sndasset,#hash_fefe9a8da60337f
sndasset,#hash_79e778c7ce23610b
sndasset,#hash_2ca5a212d6035eca
sndasset,#hash_70d489ac8fd08424
sndasset,#hash_6579432f29d76725
sndasset,#hash_67c5eb086eff3491
sndasset,#hash_64166167ebc82fa0
sndasset,#hash_338ed627a54c6e0a
sndasset,#hash_f2339c44e2637fb
sndasset,#hash_6ad2ef55bd7e1bf
sndasset,#hash_23a2de47ec1c2b8e
sndasset,#hash_6d551ef9dd640f30
sndasset,#hash_5d0d9b86f6b6409c
sndasset,#hash_3bce31cb312e37be
sndasset,#hash_7d773b7f1929f601
sndasset,#hash_16b0db4a6eb11545
sndasset,#hash_f3025c8109a5738
sndasset,#hash_159942e3032a37a2
sndasset,#hash_6de76a6336d4118d
sndasset,#hash_3db8ffa519abe119
sndasset,#hash_1dc09a8d6435c252
sndasset,#hash_24c211aa8583ac4c
sndasset,#hash_7c4e6670bf8e73f1
sndasset,#hash_61aae34593ab6d75
sndasset,#hash_6036aa8dc8352349
sndasset,#hash_47d69200f07ce6cd
sndasset,#hash_7d1519aac08a6f84
sndasset,#hash_6f95bfc286d212e6
sndasset,#hash_4370f4e78b74dfd1
sndasset,#hash_2418c79f8c31d515
sndasset,#hash_6cac3d6a76790171
sndasset,#hash_214c1c0d997725f5
sndasset,#hash_d01ad343919cf1f
sndasset,#hash_244544995753866b
sndasset,#hash_15b11c37aba35fd5
sndasset,#hash_22fde0e93e648a01
sndasset,#hash_62339b65aefbb46
sndasset,#hash_3e1d3f460c7b0228
sndasset,#hash_2d6f248dea4b8386
sndasset,#hash_3b0f002c3e920fe8
sndasset,#hash_3a62ab5390f48bc0
sndasset,#hash_1c88e59bad69026a
sndasset,#hash_1ed8473b6b904d3a
sndasset,#hash_a26e2a36791f0d4
sndasset,#hash_6e975e0bad4ec58b
sndasset,#hash_1e8d78e76451250f
sndasset,#hash_2f5013258ad36933
sndasset,#hash_6714593329d37d77
sndasset,#hash_7be77cb011bf595
sndasset,#hash_6b37a0fe55799741
sndasset,#hash_3a7a4937fe49c8f
sndasset,#hash_d99dbc6930461db
sndasset,#hash_446449add1b06d8
sndasset,#hash_46e6d0cde2502b02
sndasset,#hash_6c21b9fdcf139380
sndasset,#hash_5c1a3bf1b3c4b7aa
sndasset,#hash_59149fead9d3255e
sndasset,#hash_5ff1fc29d7f08100
sndasset,#hash_32508f2bde2ba3a4
sndasset,#hash_5b7720788a4ca6c6
sndasset,#hash_16594d56fe575d1d
sndasset,#hash_7450311d9f8b4a69
sndasset,#hash_fec5c1b35941bf5
sndasset,#hash_1df8bb757fba0461
sndasset,#hash_13b349b0c2360b13
sndasset,#hash_27f82b8531dbdf17
sndasset,#hash_6459c44039c4b1a9
sndasset,#hash_183895148453296d
sndasset,#hash_7dc384217d092402
sndasset,#hash_5a2fd8f49d798bbc
sndasset,#hash_16775f6cc979239a
sndasset,#hash_645658eee4336374
sndasset,#hash_744ae4800252c1d4
sndasset,#hash_4b6a653facbbee36
sndasset,#hash_4f46ba551700a04e
sndasset,#hash_537fb6189e1fe970
sndasset,#hash_78e191e686b4efe8
sndasset,#hash_7f8cbf9d68c8e4a5
sndasset,#hash_4e5a778b535fb852
sndasset,#hash_4c1c80bfdefa441c
sndasset,#hash_2ab65cabc16e923e
sndasset,#hash_b5b8d3eab18a5c2
sndasset,#hash_635810ecbcc7e4fc
sndasset,#hash_4de4eb35cfd5e4fe
sndasset,#hash_3f35f61b005b7460
sndasset,#hash_5435aecd3398f08c
sndasset,#hash_495bd1ea2ddd1eae
sndasset,#hash_74607173272ea5da
sndasset,#hash_1a9c703fac897f34
sndasset,#hash_45607899f68c6a45
sndasset,#hash_50931ecce03e1e71
sndasset,#hash_6e0a2e60301b16d0
sndasset,#hash_427c2278228c093a
sndasset,#hash_57b4800bdf459474
sndasset,#hash_27dbfd7b5f829396
sndasset,#hash_6ed3cfaed9d4f406
sndasset,#hash_3a46cd7000cd9168
sndasset,#hash_281c3a80841e195c
sndasset,#hash_5833137c64dba7fe
sndasset,#hash_2b2761b093f1c3a5
sndasset,#hash_34d497506cfdfa11
sndasset,#hash_4ff81343c9736cc1
sndasset,#hash_6b27329e6233e385
sndasset,#hash_6a5aa84f04fee9c1
sndasset,#hash_56417ab2bde73a85
sndasset,#hash_95d52629c4118e3
sndasset,#hash_3f0341dc1534ef27
sndasset,#hash_b3f0697c561dbff
sndasset,#hash_fa41044df0c8a8b
sndasset,#hash_62d4b77aaa2bda6d
sndasset,#hash_b40d1e680798839
sndasset,#hash_2bc92a539b282b10
sndasset,#hash_49f2a9ea0b7765fa
sndasset,#hash_7c1bd79689cc2d91
sndasset,#hash_268d990e1c897055
sndasset,#hash_6dd8de7944d26fc7
sndasset,#hash_73997bbda8343773
sndasset,#hash_365b836b08523487
sndasset,#hash_3d6558c65316bbb3
sndasset,#hash_32efdf57768723e1
sndasset,#hash_5686df0b70c3e3e5
sndasset,#hash_78b291a4bf28c782
sndasset,#hash_2b3099b13de8c63c
sndasset,#hash_311afddf4b0df852
sndasset,#hash_7d2f0f02fb7c8e4c
sndasset,#hash_52ba3b21ac6467f0
sndasset,#hash_5415c59f2a6c599a
sndasset,#hash_25b613386ac43bfc
sndasset,#hash_af06f0d14ffdcde
sndasset,#hash_2fbb6866c8658fb6
sndasset,#hash_791acb287cda18d8
sndasset,#hash_1501e54454ecf384
sndasset,#hash_7984a0726f931ee6
sndasset,#hash_3157e050ef850b8f
sndasset,#hash_253364f66d054edb
sndasset,#hash_176c3d6fdb7ed4b2
sndasset,#hash_2f5e885342d42a6c
sndasset,#hash_61f8c4394cd6a812
sndasset,#hash_66de7e119480b28c
sndasset,#hash_1ae565b268752ee0
sndasset,#hash_4794c671ae0f25ca
sndasset,#hash_165db2c670d3e71a
sndasset,#hash_98c3d5e05bffdf4
sndasset,#hash_4295ed6f80d165a7
sndasset,#hash_36fc5b0904b4c513
sndasset,#hash_6f3216ba23b2c727
sndasset,#hash_2778097feabc7993
sndasset,#hash_4cd1405ed6ef197f
sndasset,#hash_6ad1ce229ea2530b
sndasset,#hash_48cfdc3979b4ce71
sndasset,#hash_7de111ffdf796cf5
sndasset,#hash_36821f757cc66b99
sndasset,#hash_1965524dedc0b65d
sndasset,#hash_66555989cd4cf88f
sndasset,#hash_435c3341c77f5db
sndasset,#hash_60376b63d2ecfd72
sndasset,#hash_27b00a15ad9fefac
sndasset,#hash_3e8e502ca64e5e3b
sndasset,#hash_6a59b11785e6457f
sndasset,#hash_21fefe34165ae43d
sndasset,#hash_189f537111257dc9
sndasset,#hash_29119cd41962c359
sndasset,#hash_1bfa3c0dbf32a29d
sndasset,#hash_18071d30fd4b0067
sndasset,#hash_d417054d97ecc53
sndasset,#hash_3cad64e8a1fb5ac4
sndasset,#hash_11c3988dc5196fa6
sndasset,#hash_11d0b062dd8aed70
sndasset,#hash_227d41d218fa1a
sndasset,#hash_367605cf6e7ba90e
sndasset,#hash_5dc8771c0cc897b0
sndasset,#hash_6dd51b2dc8c5848a
sndasset,#hash_16933a8bad179d64
sndasset,#hash_6de0137145d390d8
sndasset,#hash_6ef7a56960d18902
sndasset,#hash_5866773484a2b01e
sndasset,#hash_ba2e4d58408bd40
sndasset,#hash_78ec6afa70321161
sndasset,#hash_17d953298eb4bc65
sndasset,#hash_6db13912b2113c44
sndasset,#hash_6e793457236ea426
sndasset,#hash_1003cb560747e6f8
sndasset,#hash_3592aa62e5ba2ce2
sndasset,#hash_68cce415a2ea6f02
sndasset,#hash_69d90c33b1a78cbc
sndasset,#hash_635a77ba9814e5a8
sndasset,#hash_65b7b1bfaf967452
sndasset,#hash_2f226d55b879c601
sndasset,#hash_2415417246ae8545
sndasset,#hash_526943a1b8319dd5
sndasset,#hash_24b2884a21128401
sndasset,#hash_624d90de90a2c22d
sndasset,#hash_1a81d35756600c79
sndasset,#hash_55af615ba7420bdf
sndasset,#hash_f475fc0220cd3ab
sndasset,#hash_4ad48becd99787eb
sndasset,#hash_5aa9e4b2498ca92f
sndasset,#hash_ab91daca1de70a1
sndasset,#hash_67934a2f9ee52825
sndasset,#hash_fac647c7e5a564c
sndasset,#hash_2648db5a05da8bee
sndasset,#hash_5ba4dd6b9c34f865
sndasset,#hash_1b430515f29cf451
sndasset,#hash_bdf336d21f48e2b
sndasset,#hash_210c64f4fba099ef
sndasset,#hash_1708c9ea08bcf013
sndasset,#hash_376dac50fdd86e17
sndasset,#hash_52d65052f784fe1d
sndasset,#hash_5591446d8fda8d69
sndasset,#hash_1dcecfbc4613dc0e
sndasset,#hash_c47d5d72ec250b0
sndasset,#hash_3f0c700db940af13
sndasset,#hash_526a0058f15d0212
sndasset,#hash_43b21dac858cccc5
sndasset,#hash_38383748fbcce99a
sndasset,#hash_5f47d50a545e235d
sndasset,#hash_7a738c63e678b129
sndasset,#hash_3b47bedf62c010c0
sndasset,#hash_6520494b1f2f716a
sndasset,#hash_147de62c0141ddbb
sndasset,#hash_5253cfe65d5b93ff
sndasset,#hash_2cbe605dad7ab3c7
sndasset,#hash_2a0e788c96e8373
sndasset,#hash_45f53db98c5c3f44
sndasset,#hash_bf92dd8aaecd26
sndasset,#hash_6e9b73b83b205917
sndasset,#hash_6e47cd14e724fe83
sndasset,#hash_1ac0045d6405156c
sndasset,#hash_728dbe3d64c9bce
sndasset,#hash_427f41034f7ee9f4
sndasset,#hash_238b39146595a416
sndasset,#hash_546a6ba48d77a201
sndasset,#hash_6a4704e2a5f29945
sndasset,#hash_bcd0ce8036f84ba
sndasset,#hash_5ee94240305f6754
sndasset,#hash_3bd8c9f3797383d3
sndasset,#hash_6ff8279eb2f70757
sndasset,#hash_c845d6beba46
sndasset,#hash_57a0e76a541d9f28
sndasset,#hash_2071aea5b619bd44
sndasset,#hash_32b41b7a07228726
sndasset,#hash_42b16d1847ce9565
sndasset,#hash_6219cbfa5d06ab51
sndasset,#hash_2cd4057d695613d6
sndasset,#hash_d6b2df29eba3f38
sndasset,#hash_314410b10475e889
sndasset,#hash_71288a1350e5ea8d
sndasset,#hash_1050131b48d8e11f
sndasset,#hash_6515753a19ab7c6b
sndasset,#hash_33e75a1081437eb4
sndasset,#hash_303c53757b2ea556
sndasset,#hash_37fec53a4fe1f65b
sndasset,#hash_4486bc85b6c2f65f
sndasset,#hash_71ee4946f287483e
sndasset,#hash_357c1c7604197320
sndasset,#hash_3ee407b66da2c38d
sndasset,#hash_18be5637cf4eb719
sndasset,#hash_220d7cc39760369
sndasset,#hash_6f179027c99375ad
sndasset,#hash_64012537bba774be
sndasset,#hash_591871835977a8a0
sndasset,#hash_64c7a532ca700415
sndasset,#hash_4e8c3682f87c32c1
sndasset,#hash_70980ef1245da006
sndasset,#hash_6226ab187ee01568
sndasset,#hash_5f65f390938a015e
sndasset,#hash_5eeea50044bf9500
sndasset,#hash_8c438bfec672def
sndasset,#hash_1bde9d67cac607fb
sndasset,#hash_4932345440f6a408
sndasset,#hash_46a4867d163a10f2
sndasset,#hash_17a1e8cd11848769
sndasset,#hash_633ae7e015d881ad
sndasset,#hash_5bd2d59d99f96008
sndasset,#hash_62caea59a820c4f2
sndasset,#hash_1ab7fb48579d9be
sndasset,#hash_892b094aea6b7a0
sndasset,#hash_23785ad3a1897617
sndasset,#hash_41d234adfacd3583
sndasset,#hash_7bc0da7753ac4e2c
sndasset,#hash_332123ebe8959b0e
sndasset,#hash_790a378ad65e7b4b
sndasset,#hash_254607c632a1974f
sndasset,#hash_78c329611bdeffd1
sndasset,#hash_656e0ace367c3515
sndasset,#hash_5315af3dd3630eca
sndasset,#hash_4c5c37ad7ab19424
sndasset,#hash_302e14c76104e591
sndasset,#hash_3c90c8679ba89855
sndasset,#hash_148280908cdc29c4
sndasset,#hash_5f91083190bf7ca6
sndasset,#hash_19f4e5b4755af47
sndasset,#hash_197a1cb111c0c5f3
sndasset,#hash_71149fd3382cadcb
sndasset,#hash_1c2dfa8d7bc81ecf
sndasset,#hash_775706c5d08dc4b8
sndasset,#hash_fdbe61554249022
sndasset,#hash_2f1cbb3090e80a9b
sndasset,#hash_105174b2576da81f
sndasset,#hash_9bfa7b1f0280898
sndasset,#hash_5a1191e20c67e242
sndasset,#hash_18e346a979740ad0
sndasset,#hash_40e0f8c5a0fa653a
sndasset,#hash_2f425315f753fb95
sndasset,#hash_38e0cb26999fe941
sndasset,#hash_544708357783333e
sndasset,#hash_4c1c4f4045d35420
sndasset,#hash_40b5528073567777
sndasset,#hash_7680c251df2a7ba3
sndasset,#hash_7df7e0f2e11046c2
sndasset,#hash_1fcf08fdd33527fc
sndasset,#hash_e9b57cdbede8c8
sndasset,#hash_44b4b16e63a9f832
sndasset,#hash_3b72359f145dc599
sndasset,#hash_50e88fcefe8c845d
sndasset,#hash_6afc14b4eddd75da
sndasset,#hash_64d39a761443ef34
sndasset,#hash_54998ca82f5ad925
sndasset,#hash_755f07582c084a91
sndasset,#hash_6a049fb4f60aa4cb
sndasset,#hash_4bbfe69209e4a3cf
sndasset,#hash_5cfa88d220113768
sndasset,#hash_250ae50ff2d35792
sndasset,#hash_6d22badf26bd6758
sndasset,#hash_1b5d2aeddf907c82
sndasset,#hash_3cb04110afed39ee
sndasset,#hash_504f0f94619be8d0
sndasset,#hash_3089085369423c9f
sndasset,#hash_73367c8afeccdeeb
sndasset,#hash_25e3ffb0a5730a4c
sndasset,#hash_49e62138eaf027ee
sndasset,#hash_3f78641002b6ba49
sndasset,#hash_4efa564fd2204bcd
sndasset,#hash_483cbc0f46bf20aa
sndasset,#hash_29a3e11b3cfcd044
sndasset,#hash_130a755bdd8259ce
sndasset,#hash_476b6084d799a5f0
sndasset,#hash_1fce88ade9239bd0
sndasset,#hash_6f7951b642e9783a
sndasset,#hash_116490d4d08e1e68
sndasset,#hash_51b1748433c6ac92
sndasset,#hash_15106148806e58e0
sndasset,#hash_2a852ad014ce63ca
sndasset,#hash_1fe1cb68d7521eab
sndasset,#hash_2eb240d2f4247b6f
sndasset,#hash_2434cde84eada17e
sndasset,#hash_b8772450d5659e0
sndasset,#hash_67283d412f7420f5
sndasset,#hash_3444d72e6e6df361
sndasset,#hash_5d94346b44c70619
sndasset,#hash_8ab0ecab37575dd
sndasset,#hash_60d480ca4c21ea28
sndasset,#hash_e8cdb9697fc31d2
sndasset,#hash_1bd11023e6a42565
sndasset,#hash_3db69474a73d5b51
sndasset,#hash_1ea15eaf773c35aa
sndasset,#hash_492594fc430def44
sndasset,#hash_5c05abf9cd38dfd7
sndasset,#hash_679dbd14345491c3
sndasset,#hash_20effdd4ee90e661
sndasset,#hash_2598d5406c931b65
sndasset,#hash_4ad6e46107360cd1
sndasset,#hash_1c2f966e47883c15
sndasset,#hash_28028e13d749b47b
sndasset,#hash_ead4b3e019e073f
sndasset,#hash_3dd2c26e517ef6a3
sndasset,#hash_608cfed182b55267
sndasset,#hash_49848f74211c71ff
sndasset,#hash_379c4149e4508c8b
sndasset,#hash_4cecb38cbbef3605
sndasset,#hash_119f065fba910b1
sndasset,#hash_2963646556b85e61
sndasset,#hash_1fe63ff13868365
sndasset,#hash_14f2dcf164d87d
sndasset,#hash_70ed0266c79bc889
sndasset,#hash_2dcc766115eb9c1d
sndasset,#hash_70a73d4a90f5a769
sndasset,#hash_37443f48834bb5f8
sndasset,#hash_2d10ffc24fe939e2
sndasset,#hash_37f025b1aaad48c8
sndasset,#hash_7d6cf264356c1832
sndasset,#hash_5dca96445e0486c
sndasset,#hash_2f289f9dae2f54ce
sndasset,#hash_6c260cfffac7a2d0
sndasset,#hash_332a27ca293e2d3a
sndasset,#hash_b95a09833325755
sndasset,#hash_1112c956bda94081
sndasset,#hash_31d411dc339a5c91
sndasset,#hash_55d6c3e1a7bb9d55
sndasset,#hash_4468e0153405f602
sndasset,#hash_7474b087de32c1bc
sndasset,#hash_67a1ef9aba5387ff
sndasset,#hash_7b0d3565bdba0e8b
sndasset,#hash_38b58afdbd96b524
sndasset,#hash_51ba01ba2c736b46
sndasset,#hash_17759493df0034af
sndasset,#hash_3cf2a7ad26f37a3b
sndasset,#hash_69b9c7409bc6421f
sndasset,#hash_1484fd9d64a1ff6b
sndasset,#hash_613e11867dcbbda9
sndasset,#hash_2533f6747204cd6d
sndasset,#hash_2c25c69abc3e1ead
sndasset,#hash_6f3d83469341d1f9
sndasset,#hash_616002ecc7b38957
sndasset,#hash_6c43785faa731e43
sndasset,#hash_3f345fd613d6dc2a
sndasset,#hash_73ddabc8bd4d52c4
sndasset,#hash_318500a22f87ed25
sndasset,#hash_56cfbdc613bf0691
sndasset,#hash_6c47bbd8f70bd262
sndasset,#hash_afab41a0bb39c5c
sndasset,#hash_42e41dc2310f246
sndasset,#hash_2f5a0adb2b194728
sndasset,#hash_fe2a93efddbc5a7
sndasset,#hash_1d564d204b77e513
sndasset,#hash_131029f33333b014
sndasset,#hash_39b9304c38a008f6
sndasset,#hash_4e1c999686071221
sndasset,#hash_54cf4c8103fa9ca5
sndasset,#hash_795f61825283160
sndasset,#hash_bc54a620bd21d4a
sndasset,#hash_7b2cbcfe1d1562b2
sndasset,#hash_112ad04ac8d9146c
sndasset,#hash_3db88c5783d0c916
sndasset,#hash_338818cf8df264f8
sndasset,#hash_13414ced95e22aa8
sndasset,#hash_3ec920981f8a2352
sndasset,#hash_2e0ae8121c8f061c
sndasset,#hash_2990d69b0849983e
sndasset,#hash_5641fa5e40a8e178
sndasset,#hash_51aeea910b740c62
sndasset,#hash_4fb5753f35b79c4c
sndasset,#hash_48b9938a27e89dee
sndasset,#hash_15cce668e890267e
sndasset,#hash_4f6a15906601c8e0
sndasset,#hash_78d581fe3ef751aa
sndasset,#hash_554a72909e01c344
sndasset,#hash_fd38d2275f32b5a
sndasset,#hash_71c4667d34501fb4
sndasset,#hash_2ffb255f284ac4a9
sndasset,#hash_2bb32375230a826d
sndasset,#hash_3d40826a12e25e35
sndasset,#hash_326d5dde397e9a21
sndasset,#hash_299c6ca60bfdcdbd
sndasset,#hash_6b1e61821254ca49
sndasset,#hash_20762f93702049fd
sndasset,#hash_3742ceb6ed97ad09
sndasset,#hash_5b8f3355c86a501e
sndasset,#hash_50460f7dc27b9d40
sndasset,#hash_1f79a579c237716c
sndasset,#hash_6d3ea95381de2fce
sndasset,#hash_238d364fcc787b71
sndasset,#hash_5c369ec249c753f5
sndasset,#hash_96236107b9de376
sndasset,#hash_61149d7dbee0ff18
sndasset,#hash_1fea53a1be12bb43
sndasset,#hash_6413db4e79c808c7
sndasset,#hash_4d6be37ba4814758
sndasset,#hash_25eedf57bd101c82
sndasset,#hash_6df7ba24b85fab7c
sndasset,#hash_68a177fa5cc6fb5e
sndasset,#hash_61f89265d0f6a242
sndasset,#hash_47164589b7ad8a7c
sndasset,#hash_524a09b9b4ce2d92
sndasset,#hash_6973e257f900530c
sndasset,#hash_792c3850de560e86
sndasset,#hash_76aaa0bce133d0e8
sndasset,#hash_5f5d84ec7f6c00e5
sndasset,#hash_7b500c24b9ea3dd1
sndasset,#hash_23686184b12103b4
sndasset,#hash_71b91282c1eb1456
sndasset,#hash_2e62fe67f1536633
sndasset,#hash_2aaf7459df145477
sndasset,#hash_22668128dc80980b
sndasset,#hash_1130fe3bb3e8c8f
sndasset,#hash_761db5e6bd31dcb2
sndasset,#hash_3a3cb8e82460426c
sndasset,#hash_54cee533cb43f2af
sndasset,#hash_622d360733d1f43b
sndasset,#hash_7511d2c96e265954
sndasset,#hash_225ee48f3cca84b6
sndasset,#hash_52549c090175f7dd
sndasset,#hash_7c3c5ea9c82cdea9
sndasset,#hash_58314fcabfb04bff
sndasset,#hash_5cc76584b5c1da8b
sndasset,#hash_6b183e7e1b92b52f
sndasset,#hash_6d0c294b64502bbb
sndasset,#hash_1960f2be4f3f330d
sndasset,#hash_347f4a66bd78d599
sndasset,#hash_4099e73dad1fc3c5
sndasset,#hash_45cd2ae19cc8baf1
sndasset,#hash_4653fdf2b003d8d9
sndasset,#hash_7a579f75d4e4f31d
sndasset,#hash_37de7224ae099be7
sndasset,#hash_6f5cd1809c17eed3
sndasset,#hash_621a7ca29adc94cb
sndasset,#hash_52c07bb0c47473cf
sndasset,#hash_3117ef263380cdab
sndasset,#hash_35b66f13efa8286f
sndasset,#hash_7bfd7b9a5006865b
sndasset,#hash_ec894d5886a65f
sndasset,#hash_4a1ad7c87cc1d19e
sndasset,#hash_570246c23271b1c0
sndasset,#hash_7c08fe417474672e
sndasset,#hash_55c76cb604de6890
sndasset,#hash_2148ae84b0f19a2
sndasset,#hash_5ab360dc52cd7b1c
sndasset,#hash_2d8ad2d95c9fc66a
sndasset,#hash_23521aa5cbde9c84
sndasset,#hash_1dd64a5845d5f843
sndasset,#hash_68391424a48a9fc7
sndasset,#hash_3a2d412ac9df0f37
sndasset,#hash_7aaa0448fd953be3
sndasset,#hash_48cf39da38b1113c
sndasset,#hash_546b7d1e6a7e1f9e
sndasset,#hash_a3978e74daf24e1
sndasset,#hash_2477e89784a646e5
sndasset,#hash_6ba3a9d65e1b4446
sndasset,#hash_2642934b940afd28
sndasset,#hash_62f38cb0ded53ca5
sndasset,#hash_77dc5fb6ea0fc511
sndasset,#hash_5362973e75705165
sndasset,#hash_65dcd57fe6a5f51
sndasset,#hash_626b7c4184bd0d8b
sndasset,#hash_6cd5971d95c6fd0f
sndasset,#hash_786076853e813aaf
sndasset,#hash_35f16e4f5c54cc3b
sndasset,#hash_382cb81fd3c828dd
sndasset,#hash_5b1cc1dd453fd1a9
sndasset,#hash_12319fdfae709e34
sndasset,#hash_7130bf96db2cd3d6
sndasset,#hash_3e41812bbe6e14db
sndasset,#hash_51ab6bcb6513c1df
sndasset,#hash_782948ca541f9200
sndasset,#hash_3de4f182849232a
sndasset,#hash_3c5e7951199901d8
sndasset,#hash_7a1904c2e5f63c02
sndasset,#hash_6b313ef55f3f5279
sndasset,#hash_2bc519ff9c0710fd
sndasset,#hash_303509202333093e
sndasset,#hash_4d62c7d8836f1620
sndasset,#hash_5ff5d79a6dd1a85b
sndasset,#hash_111f1ef87828cc5f
sndasset,#hash_282a35ce45f8cbe
sndasset,#hash_113d0145ba98f0a0
sndasset,#hash_2f7325e8b71df7c0
sndasset,#hash_41e2c79aea25c66a
sndasset,#hash_1affa97e88740044
sndasset,#hash_3f50defe6cc87026
sndasset,#hash_4e8108de0b77c7a
sndasset,#hash_546ba2ece2643594
sndasset,#hash_6a53c62cc5f1ada6
sndasset,#hash_79944e82511b7bc8
sndasset,#hash_535c91520f3eb4aa
sndasset,#hash_2ded7396459b0c44
sndasset,#hash_52912d6bdae4760e
sndasset,#hash_21dccfeda131deb0
sndasset,#hash_4645e93191eb3348
sndasset,#hash_e04133622f6c7b2
sndasset,#hash_5e5a29cbed6ed200
sndasset,#hash_6a0a7de6026ee32a
sndasset,#hash_64ab2b6aa850c290
sndasset,#hash_1555ddc73164fc7a
sndasset,#hash_229129db434a4f5f
sndasset,#hash_4463823739b1ee2b
sndasset,#hash_61886246864b8fc3
sndasset,#hash_5da1a63b833f3647
sndasset,#hash_3405a68d2fa5fd73
sndasset,#hash_f6e9ee589292437
sndasset,#hash_3fe46474b02c93ef
sndasset,#hash_7b9ce617b65879fb
sndasset,#hash_324c819c43872cd4
sndasset,#hash_20211f989d4f4f36
sndasset,#hash_2247ae3f6d165062
sndasset,#hash_c08175cebee565c
sndasset,#hash_218148610bf87e93
sndasset,#hash_7dd2d0a360618997
sndasset,#hash_333731ddb86ce28
sndasset,#hash_332216bd2e685dd2
sndasset,#hash_319cdc69508c89f5
sndasset,#hash_6fec5d34bd588e61
sndasset,#hash_1daa51216c4801fe
sndasset,#hash_6448b05fb37eab60
sndasset,#hash_6bbacb1e9e6ce1f2
sndasset,#hash_5abca39f58324d2c
sndasset,#hash_5eb5371d5eb9316c
sndasset,#hash_1b07e131018b6fce
sndasset,#hash_290fbe5c24e415d4
sndasset,#hash_ee3348e23b76a36
sndasset,#hash_67abe9c615830974
sndasset,#hash_3e17ec0be6b8d296
sndasset,#hash_74c2cc289573f117
sndasset,#hash_26326f25a68c683
sndasset,#hash_47a3529ec9ae95f2
sndasset,#hash_46d41243d322e92c
sndasset,#hash_3511bcc9de40ae41
sndasset,#hash_5c8f296821333805
sndasset,#hash_6c6551df81951e6d
sndasset,#hash_66f84fc76056d439
sndasset,#hash_4762d2abc07e6914
sndasset,#hash_bcb4a8fe41f93f6
sndasset,#hash_6806bb40cfcd319
sndasset,#hash_27bb4289aa25bcdd
sndasset,#hash_149b1ab4e2ab0f8e
sndasset,#hash_5ffadea0bd0e3b30
sndasset,#hash_288dc90c5e7ad51b
sndasset,#hash_77a0a9fe9c8af79f
sndasset,#hash_58d6077b65e86cdd
sndasset,#hash_18a55df11fe21da9
sndasset,#hash_5b49d97ce0f39e3d
sndasset,#hash_bbde06e0d396bc9
sndasset,#hash_24697e94dab742a7
sndasset,#hash_7600308c291b3c13
sndasset,#hash_f6a6f887c07ad77
sndasset,#hash_a3e6214460e5da3
sndasset,#hash_cd59f7239fea4a3
sndasset,#hash_5b23b8f5fc219c67
sndasset,#hash_23c356707c66e9e9
sndasset,#hash_45a827490dad992d
sndasset,#hash_d59492290054ddd
sndasset,#hash_14fcfbcccd3720a9
sndasset,#hash_27785ede29852ce9
sndasset,#hash_17e8046f351f822d
sndasset,#hash_51a44f6ed8589269
sndasset,#hash_193447922b66c2ad
sndasset,#hash_4b1f8286cae03264
sndasset,#hash_be63a4258ccca06
sndasset,#hash_f2d0fbdcabdb8dc
sndasset,#hash_6f0450908521567e
sndasset,#hash_40b4c4b47eea6960
sndasset,#hash_7fd4a64a751dc54a
sndasset,#hash_2398427a83790534
sndasset,#hash_5bb87b8f8112a8d6
sndasset,#hash_7c87fa205b924381
sndasset,#hash_491efc2db79e0dc5
sndasset,#hash_16c4a3fec9bcdf45
sndasset,#hash_735ad51b76d5d71
sndasset,#hash_c6f92dba008edc6
sndasset,#hash_b490bb49a289a8
sndasset,#hash_1d5f7ca5a948ca7b
sndasset,#hash_574ae60ba05f893f
sndasset,#hash_10b0365b7cddfc50
sndasset,#hash_798147a3d771c9ba
sndasset,#hash_1e658683cb4aee53
sndasset,#hash_4ebf3ecbe8de36d7
sndasset,#hash_22a332d8b57a8693
sndasset,#hash_4e2526223cfaa197
sndasset,#hash_4e3b3b5c46f96f15
sndasset,#hash_d758bc60cee93c1
sndasset,#hash_93bd3b84b1cde39
sndasset,#hash_233040bc5370cd3d
sndasset,#hash_7a4a86a32534f46b
sndasset,#hash_2e4fd50fb1da9eaf
sndasset,#hash_4ce2d7c489574ea6
sndasset,#hash_76de4914a512bec8
sndasset,#hash_3e2249d6a7f903f9
sndasset,#hash_25615334e5d5b57d
sndasset,#hash_392af51aabb8411e
sndasset,#hash_25f9427a4e69d040
sndasset,#hash_dfbbefaedb9201a
sndasset,#hash_1f0d82f2d2ff08f4
sndasset,#hash_6eb9dd1abd5d14a3
sndasset,#hash_71e35e5a7406ec67
sndasset,#hash_47bae1cdb70afab8
sndasset,#hash_7d92ff94f8ec7222
sndasset,#hash_2ce4a10663eaf8c5
sndasset,#hash_212772c6cc5039f1
sndasset,#hash_f0ed56092f5fd64
sndasset,#hash_723d222c64484b06
sndasset,#hash_3dd813b638678cae
sndasset,#hash_6799ea588bece910
sndasset,#hash_d60d31f46b540e2
sndasset,#hash_28b1c2849b7a57dc
sndasset,#hash_27a76d7a00476e4
sndasset,#hash_29f166696db04786
sndasset,#hash_89354dc9fa69750
sndasset,#hash_4927a9923033baba
sndasset,#hash_1224cec1edaa257c
sndasset,#hash_64885c647518295e
sndasset,#hash_3e03c40a692b7d70
sndasset,#hash_45ef93b9bcd0aa1a
sndasset,#hash_7dca46998f8c84ca
sndasset,#hash_6d7d6779d3963624
sndasset,#hash_3dd81a3392074e86
sndasset,#hash_3e3259c2833f90e8
sndasset,#hash_36498c4304a78356
sndasset,#hash_6db89b404fe35db8
sndasset,#hash_7d21126cf9361035
sndasset,#hash_39d36819e1907021
sndasset,#hash_13c1530dd61a5d39
sndasset,#hash_73016b9b3b0eea3d
sndasset,#hash_36b3c83cab569aa1
sndasset,#hash_522a6065ffc16625
sndasset,#hash_4da3d0647870aa01
sndasset,#hash_2b18de271990b145
sndasset,#hash_37a4e7b73ac38b76
sndasset,#hash_105e4bc61a00f718
sndasset,#hash_565f98c2364df56c
sndasset,#hash_db037d0753b3bce
sndasset,#hash_2a19d8124187346e
sndasset,#hash_65a1d24e3f60c850
sndasset,#hash_7814bd2719e48b1f
sndasset,#hash_62ec34f63b923a6b
sndasset,#hash_3a623a96c92090e3
sndasset,#hash_72234f2bff505727
sndasset,#hash_335193fa0863832b
sndasset,#hash_db48ebaa4fb58ef
sndasset,#hash_2af1d2ddb668353c
sndasset,#hash_4963b9df9390b9e
sndasset,#hash_3d2bda513d9115ce
sndasset,#hash_78e1b3871b2459f0
sndasset,#hash_22b5d54fe783a99c
sndasset,#hash_4a2e93ddc517d2be
sndasset,#hash_62971fb9bc14e835
sndasset,#hash_4feab7b62b2df821
sndasset,#hash_2d2314cd6b874ead
sndasset,#hash_5c60717a7a6f61f9
sndasset,#hash_41d6d69ade9686a9
sndasset,#hash_55ef7a22deaa886d
sndasset,#hash_54387a6c9a3c3d4a
sndasset,#hash_7e56b2d4276f8fa4
sndasset,#hash_2f47ae94107f35a0
sndasset,#hash_7479a3d67a8fc00a
sndasset,#hash_289010e4671c1a2
sndasset,#hash_2b481b1d3b84731c
sndasset,#hash_68ef8ac322377723
sndasset,#hash_62eeaab8c6c403e7
sndasset,#hash_30564a8e4b895367
sndasset,#hash_4f7acf9286f6e553
sndasset,#hash_2f50f8bf2207eaf
sndasset,#hash_3cf8bca0c114183b
sndasset,#hash_b7eedac8b11f98b
sndasset,#hash_5da1e7910656410f
sndasset,#hash_53e0b506bdf98d9f
sndasset,#hash_483b7817a83b31eb
sndasset,#hash_2c77ab8b5caf7332
sndasset,#hash_789cd9c3c275ec
sndasset,#hash_1d32b376b60327dc
sndasset,#hash_1ebfea1e81f1437e
sndasset,#hash_2dcc5912da214a82
sndasset,#hash_1d07917ff416f3c
sndasset,#hash_3e099ddccc3e27fd
sndasset,#hash_a4f43d76d108709
sndasset,#hash_669cfec18bb664a9
sndasset,#hash_6ebd6d0285e9626d
sndasset,#hash_5b3c2b200c0a2521
sndasset,#hash_2a817f66fa08f5a5
sndasset,#hash_b353c7b6e329170
sndasset,#hash_282a3d76c8d5661a
sndasset,#hash_534e73866d32f662
sndasset,#hash_1b3209c30dbe885c
sndasset,#hash_7418b701e4b39e84
sndasset,#hash_751ca81711353fe6
sndasset,#hash_5794f2d97c27e103
sndasset,#hash_654f00b24c3c2c07
sndasset,#hash_7a5e70935aff8807
sndasset,#hash_230419dc55310633
sndasset,#hash_64272878e01f7e73
sndasset,#hash_18686798e6900737
sndasset,#hash_6645998c9d1af476
sndasset,#hash_3675ad41ba489218
sndasset,#hash_77a85e9e43375468
sndasset,#hash_5deb507b45928e92
sndasset,#hash_8452ef0cd504e66
sndasset,#hash_af06180b1570708
sndasset,#hash_76292d0ad1294111
sndasset,#hash_361f5d0c41afad5
sndasset,#hash_7cea5b87e63cd0ae
sndasset,#hash_4147716d0f8e3510
sndasset,#hash_46d187e17e39cb16
sndasset,#hash_1d32613c7d622af8
sndasset,#hash_71822de502c5fc4b
sndasset,#hash_338c0af609127a4f
sndasset,#hash_5fa990345e3f05f
sndasset,#hash_49c54ac986c5312b
sndasset,#hash_2005d9c600ed49db
sndasset,#hash_5239e31e233740df
sndasset,#hash_4ddbe65613555e28
sndasset,#hash_528a1a4baea0dd2
sndasset,#hash_11b3c4932bc9a170
sndasset,#hash_1451979396e0961a
sndasset,#hash_62c77616fdad5a4c
sndasset,#hash_160e1e63de9d17ee
sndasset,#hash_337ffdfe44fa757d
sndasset,#hash_71c9b7ba80797f89
sndasset,#hash_146b884486ec8c51
sndasset,#hash_35171add14668a95
sndasset,#hash_217c1ac5c467c379
sndasset,#hash_345e6215874c3fd
sndasset,#hash_6314df34d159e002
sndasset,#hash_77715b0daa8a3fbc
sndasset,#hash_74b8aeb9ab1d2f22
sndasset,#hash_4ce578726fa6cb9c
sndasset,#hash_271ba7c082f09bd2
sndasset,#hash_dbb3e056454c8cc
sndasset,#hash_7a23f8fd9ab0f46f
sndasset,#hash_78c05f1d7efecb7b
sndasset,#hash_7e7857b064a3d643
sndasset,#hash_3472ce74e1379c7
sndasset,#hash_4ddf5da749ec3eb7
sndasset,#hash_6990d4b720d99a63
sndasset,#hash_320a69ae56453eac
sndasset,#hash_3677bce5f4cf9c8e
sndasset,#hash_5dc05f40666791c0
sndasset,#hash_57c58f00b360546a
sndasset,#hash_2c2f7f8128f6bf5c
sndasset,#hash_7ca6eae7135fd9fe
sndasset,#hash_21524051efe2271f
sndasset,#hash_37aa2191233d8e6b
sndasset,#hash_30c92e1bdad1e4e9
sndasset,#hash_6952113951faaa2d
sndasset,#hash_7468ece4110a4a7a
sndasset,#hash_40edac676db5df94
sndasset,#hash_24b877b4e9dfac79
sndasset,#hash_c7832e6634ddefd
sndasset,#hash_453ad89093e9ca84
sndasset,#hash_2db17404d56043e6
sndasset,#hash_773fc809c51e4f7c
sndasset,#hash_10da9bbdd668675e
sndasset,#hash_4dbb4850a42cb6e0
sndasset,#hash_2bd24967bc58bdca
sndasset,#hash_78ea7805c2a2a315
sndasset,#hash_42e57e1ffae5afc1
sndasset,#hash_9f7f90bcce3d0da
sndasset,#hash_2239bbcc0a672034
sndasset,#hash_61f7c8b71aef5bae
sndasset,#hash_138675784327f610
sndasset,#hash_1f1136e8df537f0f
sndasset,#hash_23ff0d1eca2ef95b
sndasset,#hash_7809e945c2056a0b
sndasset,#hash_2f5d6ca04a8fc28f
sndasset,#hash_1dc9e551ac08a3e
sndasset,#hash_71cc107ca591f920
sndasset,#hash_6fa90bf1b8d6e4b8
sndasset,#hash_4a0fb76f4fabf022
sndasset,#hash_20e48d21fe9e069f
sndasset,#hash_57736f3c18effceb
sndasset,#hash_3eaea1ab348eef0a
sndasset,#hash_5632c0d61f94cce4
sndasset,#hash_214e492a5d30a6cf
sndasset,#hash_7f037485ec97979b
sndasset,#hash_2b4be13f76b45a21
sndasset,#hash_1fb0a81f0ecd74a5
sndasset,#hash_672546bc95518b49
sndasset,#hash_564193941d891ecd
sndasset,#hash_11516cd1af3a3126
sndasset,#hash_7af88176a3195648
sndasset,#hash_1c011503751ccb77
sndasset,#hash_60a864ef99a4f7a3
sndasset,#hash_49d08c11e0d1aaf9
sndasset,#hash_1dda300c1fc44a7d
sndasset,#hash_24a57418ee340bea
sndasset,#hash_1f0a02336f7c7d04
sndasset,#hash_3557f3ae6a97193a
sndasset,#hash_7ef2ad69cbaad4d4
sndasset,#hash_7635f2c77898c5
sndasset,#hash_45c90b3e505519f1
sndasset,#hash_5634dca5d7642d37
sndasset,#hash_2e003032987bd5e3
sndasset,#hash_5e0e04f8275f530
sndasset,#hash_63c29bc75261f15a
sndasset,#hash_6b45ad91e45c5a4b
sndasset,#hash_498975868b24d44f
sndasset,#hash_5662d5be68a76606
sndasset,#hash_7c3f1f328d63a768
sndasset,#hash_12572bcd80cc300a
sndasset,#hash_5a11794f072eefe4
sndasset,#hash_ccc1d287c386b5a
sndasset,#hash_38ed7090d97dfb4
sndasset,#hash_1b05ea501a141c53
sndasset,#hash_d6886f8dfb700d7
sndasset,#hash_745172de92c64dd4
sndasset,#hash_70b692a595631236
sndasset,#hash_690ad88078dde22c
sndasset,#hash_1e48226c7e09d70e
sndasset,#hash_6cee3d48f616aa29
sndasset,#hash_7d336a11786b42ed
sndasset,#hash_67170c3231dbcc31
sndasset,#hash_626ca9090ed9b835
sndasset,#hash_36d785d59ff95c94
sndasset,#hash_653d5d20ddfebe76
sndasset,#hash_6c6320f52359c4ce
sndasset,#hash_a627e6f113606f0
sndasset,#hash_79a032ebc7a9b805
sndasset,#hash_7e2f910adc9d56b1
sndasset,#hash_6266edd3a286181c
sndasset,#hash_142a20f2b2498e3e
sndasset,#hash_9644cbe5d89f649
sndasset,#hash_9086d3eca87fcd
sndasset,#hash_3e12067aae848fb7
sndasset,#hash_373a5aac184aed63
sndasset,#hash_333bc1b2d2fb0df3
sndasset,#hash_5a8cd963836385b7
sndasset,#hash_474fe0cf95ab9a44
sndasset,#hash_6362512a150cfe26
sndasset,#hash_4acf21ddf421dbf1
sndasset,#hash_39d4d98b09bca575
sndasset,#hash_5813de4b5108bd97
sndasset,#hash_414e23d21d20dc03
sndasset,#hash_12093849cafea24c
sndasset,#hash_5011d4a24dbefee
sndasset,#hash_4beb96145334070
sndasset,#hash_2e3f1a08378f131a
sndasset,#hash_7218d50dfe6aba1b
sndasset,#hash_16620ab17622869f
sndasset,#hash_777f2b61baa504bd
sndasset,#hash_3c2e6bdcd2c50f49
sndasset,#hash_29dbdf11a7d1610e
sndasset,#hash_5c7a3c17f1ebfb0
sndasset,#hash_2b3646bf7cab1065
sndasset,#hash_663f59a00e383c51
sndasset,#hash_7ea868471faf45d8
sndasset,#hash_e7a347f74ba8802
sndasset,#hash_8f7795609863860
sndasset,#hash_4710344f7414d24a
sndasset,#hash_1f1faafec908577c
sndasset,#hash_766b9f3db9397f5e
sndasset,#hash_6225e888e387a9d9
sndasset,#hash_471c159ad468c61d
sndasset,#hash_7b21c386ecbe86de
sndasset,#hash_453ea59935d63580
sndasset,#hash_5cafbd1b30f77e4a
sndasset,#hash_6ce7634809c3b2a4
sndasset,#hash_43e635138206f58b
sndasset,#hash_48245349bb6bb50f
sndasset,#hash_3cc85c3057caa27f
sndasset,#hash_56f7bf26a1424e0b
sndasset,#hash_6e219123f606926a
sndasset,#hash_28169558a3178084
sndasset,#hash_7d85e2cede09bb1c
sndasset,#hash_6f4b46f584af973e
sndasset,#hash_566d6e1df4f059b3
sndasset,#hash_16933890e6197ef7
sndasset,#hash_3488112bfe1879c6
sndasset,#hash_3ee646ea4d9dada8
sndasset,#hash_1ed5bb0b1a11f983
sndasset,#hash_6acd85795b68a587
sndasset,#hash_76c4af6d1b8d72f5
sndasset,#hash_1ebedac7862ca961
sndasset,#hash_42c5d65f245a10e5
sndasset,#hash_4288c70c049a6dd1
sndasset,#hash_1842fddcf0bd449a
sndasset,#hash_55e7dab378362674
sndasset,#hash_55cdb2155141c76b
sndasset,#hash_cf86170272e37af
sndasset,#hash_67478b40c13b9145
sndasset,#hash_5f69dd51d1203371
sndasset,#hash_245f6b72a2854d0e
sndasset,#hash_1e2c6d66c6d73e98
sndasset,#hash_634191254885c442
sndasset,#hash_5a2d661c85d76191
sndasset,#hash_54b7f91444668c55
sndasset,#hash_1ee704d2c66b03b0
sndasset,#hash_4c8726b79548a4f9
sndasset,#hash_684b0183a76209e5
sndasset,#hash_5c3ec276d4c9b8d1
sndasset,#hash_13bea8c0aa6b4eac
sndasset,#hash_7976e5633227cc8e
sndasset,#hash_6ff467a3534af87d
sndasset,#hash_3a8f693f9e7260a4
sndasset,#hash_264bcd065c852956
sndasset,#hash_54271ca14b568fb8
sndasset,#hash_73bd3103f323d363
sndasset,#hash_1f0dc6429d9c0ea7
sndasset,#hash_3e3e85d682e9bdc6
sndasset,#hash_7dd63f28c835f79f
sndasset,#hash_2385004cef72cfc3
sndasset,#hash_6f44879d2decf647
sndasset,#hash_3e8a9d81889ac236
sndasset,#hash_79d67b29edd5a058
sndasset,#hash_38ca07e5577c2feb
sndasset,#hash_66f3e7f4612ffb8a
sndasset,#hash_126c7f6ede76364
sndasset,#hash_fccdf45fddebd06
sndasset,#hash_5390dcc9b6f72ddd
sndasset,#hash_b862a952380c0a9
sndasset,#hash_22f8316a6c89a264
sndasset,#hash_13185b2a7ade5845
sndasset,#hash_7eaab138d8b3a691
sndasset,#hash_23cb3101cf273b55
sndasset,#hash_42a9b88319b38398
sndasset,#hash_3254c912d3467342
sndasset,#hash_1d2f75f86a792871
sndasset,#hash_5b782657a2926209
sndasset,#hash_234b08173eb7e70d
sndasset,#hash_6d84a7882e23e123
sndasset,#hash_20eae392fd1501e7
sndasset,#hash_3cbabb4e2d045616
sndasset,#hash_760ae903d843ebf8
sndasset,#hash_a501398294f8735
sndasset,#hash_16ff8aaebfaf7521
sndasset,#hash_304ff6b747fdeae
sndasset,#hash_258afbdc29489f10
sndasset,#hash_c6c6276d314b246
sndasset,#hash_646c59770a0c8728
sndasset,#hash_52b1374863a94bd2
sndasset,#hash_3c05698c14a0d8cc
sndasset,#hash_6ac3395ff51af2cc
sndasset,#hash_3cd03d577ea4116e
sndasset,#hash_2ce542ae9be688c
sndasset,#hash_7845c3bb2a0a86ae
sndasset,#hash_463448fb265c41b7
sndasset,#hash_3465c573ae68c363
sndasset,#hash_4df4a35a8803637a
sndasset,#hash_4631bb8e4b648a94
sndasset,#hash_52d96bc00d7fd25
sndasset,#hash_21a6c9f21c553691
sndasset,#hash_5bd020c520b57871
sndasset,#hash_53db275e311f2af5
sndasset,#hash_8a2a1a2eebef731
sndasset,#hash_77b365f16f815935
sndasset,#hash_4affe5d316ac702b
sndasset,#hash_3a14fbcf8050ffef
sndasset,#hash_36f8bdbd56b10b01
sndasset,#hash_2ebc62c6a3a03445
sndasset,#hash_22ae989390e1a778
sndasset,#hash_48b42299ad649e62
sndasset,#hash_7e371cc61c4d4e07
sndasset,#hash_47cd23564409833
sndasset,#hash_7643954bcc29571c
sndasset,#hash_61e58acbd580eb3e
sndasset,#hash_37768f61d7bf0240
sndasset,#hash_3feba5c7f445d5ea
sndasset,#hash_62ade8633cf9754
sndasset,#hash_d6d66e7e2e97eb6
sndasset,#hash_e7063e961a0476e
sndasset,#hash_25063dcde7f12150
sndasset,#hash_61cc3b84a2951b9a
sndasset,#hash_3526adc6f6b44b74
sndasset,#hash_6639165840504151
sndasset,#hash_47dfce66e9e78995
sndasset,#hash_7c4425d33018754c
sndasset,#hash_4a3f4a480c3688ee
sndasset,#hash_1dadebb58f8146db
sndasset,#hash_16cfc7ffa03417df
sndasset,#hash_52fdf1c26f7bd903
sndasset,#hash_71d7d08ab2651407
sndasset,#hash_caa8c8308ecc06b
sndasset,#hash_2c344b42d06682af
sndasset,#hash_26ad2cfa3c3586fd
sndasset,#hash_e65b94f78104409
sndasset,#hash_2f928d5c38b25967
sndasset,#hash_7ed81cff14503753
sndasset,#hash_692de49be7e1fe52
sndasset,#hash_1ceb4b3f45f6e04c
sndasset,#hash_659639193d903d31
sndasset,#hash_5c03f3172b6b6b35
sndasset,#hash_1f71b2bcb8cba4ba
sndasset,#hash_5eeea9a8583fc754
sndasset,#hash_f81aeadcecee42a
sndasset,#hash_3b0f9b1336886ac4
sndasset,#hash_23ddc6fd5668ee66
sndasset,#hash_4a1f3d7481ce708
sndasset,#hash_3ab086ff7fe151a0
sndasset,#hash_5318b073d118940a
sndasset,#hash_58097508778903c0
sndasset,#hash_41bb24735a836a6a
sndasset,#hash_48e6156509d015e3
sndasset,#hash_8b0cfd2bb42c627
sndasset,#hash_293c6a5b69bb1ca6
sndasset,#hash_5e38b950f768c8
sndasset,#hash_1b88569b9778b961
sndasset,#hash_392e5b94d897b465
sndasset,#hash_36cf6dea9e4ca15
sndasset,#hash_52c6c37d6a0c4c1
sndasset,#hash_7a691e7b641925b5
sndasset,#hash_46a3ee8260c8c0a1
sndasset,#hash_3b9dac757aa4fd5a
sndasset,#hash_74329df3740855b4
sndasset,#hash_3c5f824edd48991a
sndasset,#hash_6537a2f53694d3f4
sndasset,#hash_3385d496c66f320e
sndasset,#hash_6a6980aa2db092b0
sndasset,#hash_25355d3456b76c20
sndasset,#hash_7fe17da3a5dd38a
sndasset,#hash_764a9e3602f843e5
sndasset,#hash_36d0570a59e626d1
sndasset,#hash_12b83e1cd902bf0d
sndasset,#hash_59208bb5300ff999
sndasset,#hash_2991c01ea3028085
sndasset,#hash_7236a9d4d277e031
sndasset,#hash_5ad2eddd85d6c647
sndasset,#hash_24c5d201ca32aaf3
sndasset,#hash_15ce5cd408726319
sndasset,#hash_3f57609e063c6cdd
sndasset,#hash_7ef496ad8dbde25b
sndasset,#hash_766da4cd86873a5f
sndasset,#hash_3be91a17b242ac56
sndasset,#hash_375c944858de38b8
sndasset,#hash_632f5b4c94b85184
sndasset,#hash_2b6218b5522478e6
sndasset,#hash_1bcb2c31ce16b054
sndasset,#hash_65b2eb4bb3c229b6
sndasset,#hash_bbfbd77e412f2c8
sndasset,#hash_182af631f620d632
sndasset,#hash_7b818d5b85d994e8
sndasset,#hash_43039fd3a0868012
sndasset,#hash_525d518a9e2a3dda
sndasset,#hash_31965172c4c54734
sndasset,#hash_97ff0f64e2e0b1f
sndasset,#hash_6cdd0fec62feba6b
sndasset,#hash_de38f75d4607167
sndasset,#hash_63cd83cdc6937f53
sndasset,#hash_7776ac1ce09e01cf
sndasset,#hash_5e3f04e81c8fc89b
sndasset,#hash_6fb36daf165bb90d
sndasset,#hash_4852e330e6fca799
sndasset,#hash_512f7ad127ac2c33
sndasset,#hash_456abb9dbf64e677
sndasset,#hash_2d01f05ffcfacb75
sndasset,#hash_30c38400c99ae2e1
sndasset,#hash_5624d277984823e8
sndasset,#hash_345f1b41a97dcd12
sndasset,#hash_10d64c1cfc0869ce
sndasset,#hash_27d9e5061811d5f0
sndasset,#hash_4ffd72a095a80d16
sndasset,#hash_10672e169259b0f8
sndasset,#hash_78a5dffd608d4c9e
sndasset,#hash_2b2c2e62801042c0
sndasset,#hash_21c7a298f7b0f282
sndasset,#hash_cb448fc15f673c
sndasset,#hash_7daeba189042056c
sndasset,#hash_4e46b953d3d6bce
sndasset,#hash_151357fdf4296f99
sndasset,#hash_7c29890554b3425d
sndasset,#hash_61759d254787afa1
sndasset,#hash_5100a36d346e8525
sndasset,#hash_18fc702e0218af61
sndasset,#hash_3b4a3dd53a4fd665
sndasset,#hash_c193f26e67be56b
sndasset,#hash_5b06909c2f13d1af
sndasset,#hash_4bd76d19ac4517ad
sndasset,#hash_6a30c97c200e1cf9
sndasset,#hash_118ceed8838ac7d7
sndasset,#hash_38852241381149c3
sndasset,#hash_2b579d6d203e85aa
sndasset,#hash_48f8c9164412df44
sndasset,#hash_10bc91df377086a8
sndasset,#hash_57634cc8efafb752
sndasset,#hash_4794bdd7e0926ca7
sndasset,#hash_2040b7f24a2d0d7a
sndasset,#hash_6de6f04ec2cd6d10
sndasset,#hash_8480f20160b53ff
sndasset,#hash_463fc9295613d31b
sndasset,#hash_9479768f2a0fb89
sndasset,#hash_64b40e395110e946
sndasset,#hash_6e78abfeb87d3d33
sndasset,#hash_d463553150f1ffc
sndasset,#hash_467f7e17781ff56c
sndasset,#hash_7e20ed7dd713bce
sndasset,#hash_19f807f412482432
sndasset,#hash_225b5714d618e8ec
sndasset,#hash_4abc0ca588ba1feb
sndasset,#hash_4b7404873edd712f
sndasset,#hash_6a62c8a8ba2c0e3a
sndasset,#hash_1a1c2bc2dab793d4
sndasset,#hash_7be54532448bf55f
sndasset,#hash_4da9c8b21ed1202b
sndasset,#hash_64fcc3ffc84dc51f
sndasset,#hash_55354ac42647a86b
sndasset,#hash_7a4212dd76066161
sndasset,#hash_5429d7f368efac65
sndasset,#hash_32da1657c2bf8e88
sndasset,#hash_718082165585c072
sndasset,#hash_609db288be0e577
sndasset,#hash_10e26beaa03f05a3
sndasset,#hash_79e7f1d91c10f899
sndasset,#hash_77aa9fa3e8f73d5d
sndasset,#hash_1d9457082fe43342
sndasset,#hash_12c0a0bf8a969d7c
sndasset,#hash_6d40c2e22280660b
sndasset,#hash_65ad7f0c4a77368f
sndasset,#hash_3230d1b84b6d80d1
sndasset,#hash_5f6eaa2d6b021815
sndasset,#hash_7606d18819082dda
sndasset,#hash_3926e063df91734
sndasset,#hash_1177af977d3e20bd
sndasset,#hash_739637261d92e349
sndasset,#hash_1358e97aafd0d0ee
sndasset,#hash_5027f27d2c254dd0
sndasset,#hash_3150735318ab3b8c
sndasset,#hash_2dc22fcf7bfe1fae
sndasset,#hash_64eff91d594078b8
sndasset,#hash_809d592bbc82c22
sndasset,#hash_51aa8c153a57c8a
sndasset,#hash_1015f950a6648564
sndasset,#hash_3ec40b7dcafc417b
sndasset,#hash_d712f11b10c8e3f
sndasset,#hash_12ffd9e864315c88
sndasset,#hash_25e1359275d46a72
sndasset,#hash_236aab481e09ca31
sndasset,#hash_4e7e4585d1cef235
sndasset,#hash_3b7c8675099065e2
sndasset,#hash_1d08d40f1e8ba6dc
sndasset,#hash_49e4a8098cbc8c3f
sndasset,#hash_67de923409d9f94b
sndasset,#hash_4f18beb238f5f1dd
sndasset,#hash_466e78a5622e8ca9
sndasset,#hash_affd3b30d443751
sndasset,#hash_37635bc81a1bab95
sndasset,#hash_1a82bdecbab83924
sndasset,#hash_7c10cbc1ad117746
sndasset,#hash_15b166b2d8886f6b
sndasset,#hash_3b0a433491112faf
sndasset,#hash_161cb4eb6e307fa4
sndasset,#hash_225af41b2345bac6
sndasset,#hash_555887807184adbe
sndasset,#hash_6fa90d08de9eb3a0
sndasset,#hash_4fe69ec3e702054a
sndasset,#hash_2df2fa1174bbe7a4
sndasset,#hash_59d91a1f525770bb
sndasset,#hash_17ac530104916cff
sndasset,#hash_62c606bb1280f24c
sndasset,#hash_18b0acfb7160dfee
sndasset,#hash_35ddf6bbee4c5f78
sndasset,#hash_19be62aac5d9c662
sndasset,#hash_4f4b9ffd02ddc6c9
sndasset,#hash_412e4f2e67e7214d
sndasset,#hash_2e1f51ab9cd61bbc
sndasset,#hash_2d289d1e38aa2f1e
sndasset,#hash_55ebe40029421e32
sndasset,#hash_736a9b7b604896ec
sndasset,#hash_41e688241e2ae517
sndasset,#hash_77cb8d6d46312283
sndasset,#hash_102ad81f900c014a
sndasset,#hash_1aff7ea2b9f05ba4
sndasset,#hash_bda871ccf6203fb
sndasset,#hash_1eb449c20c6fc5bf
sndasset,#hash_78be722ebf994d7f
sndasset,#hash_71f897ca1dfc6f0b
sndasset,#hash_2fb2af3d797e45c5
sndasset,#hash_4eb3f810e52900f1
sndasset,#hash_18e978b5a625ccd9
sndasset,#hash_384163635f0e4f1d
sndasset,#hash_36c0140814777c86
sndasset,#hash_cd0880799ad5ae8
sndasset,#hash_1080bcc4b01cf7b1
sndasset,#hash_3f870550ca908ab5
sndasset,#hash_5e6002e7b692efb0
sndasset,#hash_418ad67946cfd0da
sndasset,#hash_dcf1372cb1e1169
sndasset,#hash_43ade794055cdfad
sndasset,#hash_64e3328496d328ee
sndasset,#hash_452529a9a27d55d0
sndasset,#hash_e4cfaafd2328166
sndasset,#hash_49fb9719faeec008
sndasset,#hash_3990d1e3e9272934
sndasset,#hash_ee3e5bd0a5294d6
sndasset,#hash_40d8fa6649d21259
sndasset,#hash_73e53590f1f42f9d
sndasset,#hash_7c4037e3c6c66da4
sndasset,#hash_42d9064debccc4c6
sndasset,#hash_19fa30dfb3048769
sndasset,#hash_2ed1d4738a5881ad
sndasset,#hash_45f631c7e1091555
sndasset,#hash_49d658cc8460ba81
sndasset,#hash_7b143f4e5c599267
sndasset,#hash_69ca31d5b2954253
sndasset,#hash_72d65f7d52fced02
sndasset,#hash_5b57bd6f52fa46bc
sndasset,#hash_5836400bdeedb55d
sndasset,#hash_31b61f3fc722729
sndasset,#hash_155f3dce9f503eab
sndasset,#hash_75b4b00a64aadb6f
sndasset,#hash_10ad645fe311b9a4
sndasset,#hash_4258955c7e6328c6
sndasset,#hash_5f34aa4e2343b5bd
sndasset,#hash_46f234009c6d8249
sndasset,#hash_246732affb273da3
sndasset,#hash_51ac40eb52ec767
sndasset,#hash_7f4da7adbf493230
sndasset,#hash_2ce7a6612254885a
sndasset,#hash_68a61f9b186ca88f
sndasset,#hash_78bd0cb6989905db
sndasset,#hash_626767fd5a896128
sndasset,#hash_425fe554ba4536d2
sndasset,#hash_3a2e8cad0b8363e6
sndasset,#hash_6de7bd51087f5788
sndasset,#hash_fff59b7258f39a
sndasset,#hash_505b44880ee0d374
sndasset,#hash_63a262f2a0d3e344
sndasset,#hash_71c73e699adb3926
sndasset,#hash_2f9f76b746ccb255
sndasset,#hash_43b6ce8a51087181
sndasset,#hash_1b6ed3d58feb43ae
sndasset,#hash_24bb88b466a2ae10
sndasset,#hash_431277d86104ad87
sndasset,#hash_47fb83f1dd3586b3
sndasset,#hash_1281a312defda358
sndasset,#hash_3be172573d3fb082
sndasset,#hash_3a131563ca27f049
sndasset,#hash_36eb49987d442dcd
sndasset,#hash_f77bc61e862745f
sndasset,#hash_7528bb297c5a3d2b
sndasset,#hash_3d6f3199e9c8be4b
sndasset,#hash_61d6d8266177804f
sndasset,#hash_58193576a433913a
sndasset,#hash_47eae393e4dd3cd4
sndasset,#hash_4b410f3ad64a546d
sndasset,#hash_6282d675d4c6b639
sndasset,#hash_22e568aa4bf751c6
sndasset,#hash_6f50b03d583b35a8
sndasset,#hash_609a669fb9d1cbfc
sndasset,#hash_692a1b3bb4de8cde
sndasset,#hash_7802fe9bca5a6040
sndasset,#hash_7077ce7d1d472fea
sndasset,#hash_672cfd1da0721315
sndasset,#hash_1fbef4e6367dffc1
sndasset,#hash_7b42686b56344b9a
sndasset,#hash_3d0599ee2723db74
sndasset,#hash_1f401bf1707372ca
sndasset,#hash_5641810edd704024
sndasset,#hash_5f35fa873018455b
sndasset,#hash_6a1bd96c4979835f
sndasset,#hash_435b652e733f9146
sndasset,#hash_769f60e98bf6c428
sndasset,#hash_4983c0ed952ccc94
sndasset,#hash_542f4b7b8d430e76
sndasset,#hash_74dc4ad27b0b31d5
sndasset,#hash_1d47273c3e7ec001
sndasset,#hash_18bb4044ba3ae4c4
sndasset,#hash_2f00b5330acfcda6
sndasset,#hash_4431395bd7b22ee5
sndasset,#hash_28a8fbdf1e1a07d1
sndasset,#hash_2636046850549501
sndasset,#hash_218c0a1c7b029245
sndasset,#hash_4deb240e09d86987
sndasset,#hash_4383a8bcd6ef3ab3
sndasset,#hash_28c6c2d0efdc2553
sndasset,#hash_192b87026cc7bd7
sndasset,#hash_2188086d67ab4fb8
sndasset,#hash_7a19cb73e51f5122
sndasset,#hash_b4b4a3df86a65af
sndasset,#hash_469612ad124e6d3b
sndasset,#hash_376b551ce67acc0e
sndasset,#hash_51e08f93e5f120b0
sndasset,#hash_3c6e68d831e595a7
sndasset,#hash_4072ce82ab635513
sndasset,#hash_4342464d0bee7920
sndasset,#hash_602b66c71d09da8a
sndasset,#hash_5d24faaa18e940
sndasset,#hash_707c7c83cfb02aea
sndasset,#hash_6c6c50c4fc07f18e
sndasset,#hash_2342b35ebf8da130
sndasset,#hash_58ea60bb155ccef
sndasset,#hash_6115a085d1e384fb
sndasset,#hash_76e7898a9f79ae96
sndasset,#hash_2708553581ca2578
sndasset,#hash_471bec8313c255ab
sndasset,#hash_3fab627ac34fc06f
sndasset,#hash_d655eb3caf87f93
sndasset,#hash_77f4d1368ccbec97
sndasset,#hash_78353605b9760b05
sndasset,#hash_84982c695ff6fb1
sndasset,#hash_72ad43fb0c7ed44
sndasset,#hash_14eeb102e85f1726
sndasset,#hash_691041ffd0c4f3a3
sndasset,#hash_600587eac8882967
sndasset,#hash_45969d65ee29f705
sndasset,#hash_41f7288f4b4bb3b1
sndasset,#hash_165e3a34a536bbd6
sndasset,#hash_c4d2bf5a42b3738
sndasset,#hash_25e2f3e2cd766e5f
sndasset,#hash_4e3107187e97eb2b
sndasset,#hash_1183a3f480df7bd5
sndasset,#hash_19b14e733c3b5e01
sndasset,#hash_1a360e823eba056
sndasset,#hash_3f9ee03b8e3c94b8
sndasset,#hash_2804f8559aeafb71
sndasset,#hash_48beac52090ed3f5
sndasset,#hash_4909c6e66f58ea92
sndasset,#hash_82be0fae1e96a0c
sndasset,#hash_38e3c41c446816a8
sndasset,#hash_6ed28378e50c6752
sndasset,#hash_11a1025890d46f2c
sndasset,#hash_4e8ab4d85bc45e0e
sndasset,#hash_2d7449e1715449ce
sndasset,#hash_26ff5f5aff2975f0
sndasset,#hash_49db51a52cf8287f
sndasset,#hash_755e0b144559200b
sndasset,#hash_7c5def5545d52484
sndasset,#hash_26ae4a53dca811e6
sndasset,#hash_2e60b38587cc003d
sndasset,#hash_64ff7c697b51c9
sndasset,#hash_20a138eb25432f16
sndasset,#hash_639260dbd56bd6f8
sndasset,#hash_7488b51ee30c2a5b
sndasset,#hash_57a0b444259d125f
sndasset,#hash_60735677e63d2501
sndasset,#hash_2a16ab4a2f924245
sndasset,#hash_208b118d07436ced
sndasset,#hash_6cf6075af8c02fb9
sndasset,#hash_92235e28d1baac8
sndasset,#hash_1f254cf7b8affe32
sndasset,#hash_4f08e19f8c36a577
sndasset,#hash_1563ab4982e845a3
sndasset,#hash_152f3b8d37bec20
sndasset,#hash_414d9be3575b538a
sndasset,#hash_475c2976777d6de2
sndasset,#hash_751c6e2e3e85bedc
sndasset,#hash_227f2a6dc2b91ce
sndasset,#hash_229c4887ac3a4df0
sndasset,#hash_35494cb5acc7f637
sndasset,#hash_54fca19d764c90e3
sndasset,#hash_1e18cea70e213c58
sndasset,#hash_67a3afdb6c5ddb82
sndasset,#hash_18f3e832ff1a554
sndasset,#hash_f2c017bcfe0e8b6
sndasset,#hash_1f1d2e61ad30a1ed
sndasset,#hash_2ef4f35fb66daeb9
sndasset,#hash_54a196016c09ece0
sndasset,#hash_235f142849409fca
sndasset,#hash_2682735601807646
sndasset,#hash_30f562f418e15328
sndasset,#hash_2162b5bd4a9400d3
sndasset,#hash_327fcf5199495e57
sndasset,#hash_565b33adf47ea5ce
sndasset,#hash_33c9b8bfa6a309f0
sndasset,#hash_7cc352c9212c79af
sndasset,#hash_50f69f065da4293b
sndasset,#hash_3df7f32f2dee04cb
sndasset,#hash_7cd8cf046c92c3cf
sndasset,#hash_34e1c0f915363fb9
sndasset,#hash_e315e9942081bd
sndasset,#hash_682fb235284f778d
sndasset,#hash_7fcd35b50ea05319
sndasset,#hash_2dbf9a2df9881d0a
sndasset,#hash_63dd0152aafd96e4
sndasset,#hash_500cf48e10656cd
sndasset,#hash_4589de3b194b8bd9
sndasset,#hash_15ff3694a98282fc
sndasset,#hash_7a2439170afb51de
sndasset,#hash_1bb7455fe1a56f2d
sndasset,#hash_2b6ddd31290af379
sndasset,#hash_5c68f6b639a7f53a
sndasset,#hash_59244ecbbe47e8d4
sndasset,#hash_7d9d11acce7e02f
sndasset,#hash_76f23484f1d15eb1
sndasset,#hash_2170e1a35238a78c
sndasset,#hash_45daa145a9ef50d8
sndasset,#hash_6596788666b21c58
sndasset,#hash_21612f8f890a60aa
sndasset,#hash_20f43d060f64790b
sndasset,#hash_77c5fdbc3b31ed3f
sndasset,#hash_d8d89de7e43a0b7
sndasset,#hash_50afbcedfbf6d039
sndasset,#hash_33d75e25a3ed633d
sndasset,#hash_5919f34d8fa6803e
sndasset,#hash_684f850dfc5c1b20
sndasset,#hash_337233db418ea1f2
sndasset,#hash_26af9248a7bf8d2c
sndasset,#hash_2b1d8702e9ff7840
sndasset,#hash_7d992231e0f77ea
sndasset,#hash_f6c87d7c08561e4
sndasset,#hash_15088f72e5d92886
sndasset,#hash_44d33c929cbb844f
sndasset,#hash_689a0127d982401b
sndasset,#hash_6b9629f31ffbfc6c
sndasset,#hash_72dcda9c0b6df0ce
sndasset,#hash_67dc89d0f6cca482
sndasset,#hash_59d7524ecec93d3c
sndasset,#hash_37d301f84676f14a
sndasset,#hash_2da94b299cab2ba4
sndasset,#hash_3a34bd88a89209bc
sndasset,#hash_44eb48aa04e3391e
sndasset,#hash_34112b5f4ec1703c
sndasset,#hash_55b162290b28dc9e
sndasset,#hash_53e284571c35569
sndasset,#hash_550b753ee16e2bad
sndasset,#hash_2068cb0d3f22b646
sndasset,#hash_3b5deca7dd201328
sndasset,#hash_517b2bb70ba447ff
sndasset,#hash_2ee433afdf744e8b
sndasset,#hash_73cf3891e14897f3
sndasset,#hash_61b417e1bc83e3b7
sndasset,#hash_61f824712e57e1d3
sndasset,#hash_87ff38138336157
sndasset,#hash_3920ebcd5accac7b
sndasset,#hash_71592f29ff3ef3f
sndasset,#hash_34bed1fd46daceac
sndasset,#hash_287ba8825c464c8e
sndasset,#hash_63f3ee58f0f9ad9d
sndasset,#hash_13dd19bb01256be9
sndasset,#hash_e26e888460d75d
sndasset,#hash_163ad2cb220c4d29
sndasset,#hash_46548e0a30f1807d
sndasset,#hash_42d09ba67090c089
sndasset,#hash_cb09f1e284f9ae3
sndasset,#hash_7aea38555ea53527
sndasset,#hash_3d476944de22d5df
sndasset,#hash_31bd5a9c49ef1ab
sndasset,#hash_3ddf2d5426ad73f6
sndasset,#hash_58e1d9d96f3ae098
sndasset,#hash_25167abc9dff3ae7
sndasset,#hash_72ee1f0d2cea6bd3
sndasset,#hash_2fd1e7146d0861b8
sndasset,#hash_7e401bc60f914722
sndasset,#hash_287544c113124ec0
sndasset,#hash_7960403b7ea96b6a
sndasset,#hash_52a966759b2e4c1e
sndasset,#hash_2dea16982e9e1140
sndasset,#hash_523ad079d8c06dee
sndasset,#hash_706b51b7aad104d0
sndasset,#hash_33c95de5a3666e29
sndasset,#hash_124d7cbd016c0eed
sndasset,#hash_38a4ae6e0a3f9352
sndasset,#hash_4e86185f4ad97f4c
sndasset,#hash_1aa93d1fa9d5ce9c
sndasset,#hash_4f93e516592e21be
sndasset,#hash_1738b1425c16e3f4
sndasset,#hash_5bf3d8a557df5216
sndasset,#hash_27442149d4a6ccbe
sndasset,#hash_d163fa0e6a6b0a0
sndasset,#hash_1eddac16a8357e72
sndasset,#hash_78617deafd13d2ac
sndasset,#hash_4ff0140439712013
sndasset,#hash_98b0fa73f66fe17
sndasset,#hash_38654952f0112344
sndasset,#hash_5ac0129e5c0af926
sndasset,#hash_14dc439182ef1ea1
sndasset,#hash_4f68dbff42647225
sndasset,#hash_2c2ed8f9c2fa2d89
sndasset,#hash_753dcf9a0d9e998d
sndasset,#hash_2613dcbd42764691
sndasset,#hash_30cac430abab1b55
sndasset,#hash_54d60e70751bc6b5
sndasset,#hash_1d4025bfba7703a1
sndasset,#hash_9eb795ee3d49d16
sndasset,#hash_3e24181db13560f8
sndasset,#hash_1d415bf11dda0f3
sndasset,#hash_604393dc02e05eb7
sndasset,#hash_1e51d224b5980fbf
sndasset,#hash_3d77f792cfb0d3cb
sndasset,#hash_2f74fa0acc1cbeb7
sndasset,#hash_4fe95e920e9b1a63
sndasset,#hash_592203c0299940ad
sndasset,#hash_47267ac11793f7f9
sndasset,#hash_28c8194e02fec8d
sndasset,#hash_1373934135df9219
sndasset,#hash_fd2d2c93dfeee90
sndasset,#hash_6dd63590c5f8007a
sndasset,#hash_3a444c321026a7e5
sndasset,#hash_69e91d1d843ed2d1
sndasset,#hash_53619fc8d3604c02
sndasset,#hash_4e5897d86fbe03bc
sndasset,#hash_42d1656567494bce
sndasset,#hash_5b2f83d02dbd3bf0
sndasset,#hash_6d337266beda3264
sndasset,#hash_10301509367aca06
sndasset,#hash_6bd598a8adcd0410
sndasset,#hash_442675c7a1150fa
sndasset,#hash_140d43c1572125f3
sndasset,#hash_9f57931cc0ecdb7
sndasset,#hash_2fc04c7dd736acb8
sndasset,#hash_63e8a6696f864822
sndasset,#hash_6e1a2ed98a2ef68e
sndasset,#hash_2b0ad5a96bb69030
sndasset,#hash_6084831ae008d62e
sndasset,#hash_35f4b657563b5590
sndasset,#hash_65be4cdab8cf3b20
sndasset,#hash_48e0853be648e08a
sndasset,#hash_22a11a6ecb038618
sndasset,#hash_4732f08ccbc06ac2
sndasset,#hash_64405a6abc2367b5
sndasset,#hash_16bf37ea0a1446a1
sndasset,#hash_3cec656ab6f84e42
sndasset,#hash_b5ceb2b6f8b0e7c
sndasset,#hash_6a07607629d9bb43
sndasset,#hash_6673337d8dbd08c7
sndasset,#hash_67e3873740bd03bf
sndasset,#hash_64e0aee738032fcb
sndasset,#hash_4e489ed9628541e7
sndasset,#hash_2d4e3c53d4a520d3
sndasset,#hash_4a1da8eecf8c71f7
sndasset,#hash_1db34a26af435b23
sndasset,#hash_17af6df8d78d7e50
sndasset,#hash_3722f3adb3250fba
sndasset,#hash_79be30312342bbf9
sndasset,#hash_2c6c19d6e187dd7d
sndasset,#hash_378e03258db19a59
sndasset,#hash_30f53105b7b5c79d
sndasset,#hash_5f4b97e14707c291
sndasset,#hash_43ffd773f1460f55
sndasset,#hash_12d48c15c4b78fe7
sndasset,#hash_ca5a4f2b4654ad3
sndasset,#hash_471a424d284aef0b
sndasset,#hash_701c3e3aab84318f
sndasset,#hash_1a732f51b08e6f82
sndasset,#hash_2d9e0ed87c8be3c
sndasset,#hash_5519e0f04afa6dbf
sndasset,#hash_5b37896951a72dcb
sndasset,#hash_7c173b70674d6982
sndasset,#hash_2e07f17a6d276c3c
sndasset,#hash_48c6d6a20e8b5898
sndasset,#hash_5a7324089befd242
sndasset,#hash_4debbf5608c3cf58
sndasset,#hash_25450f40071ab482
sndasset,#hash_af42a5b60da757d
sndasset,#hash_382d676708197f89
sndasset,#hash_1a16c0abf931135d
sndasset,#hash_3fd1d66e0b6b8129
sndasset,#hash_4d5da90a4bb59e65
sndasset,#hash_1e00ade050192651
sndasset,#hash_723acc30f3fe399c
sndasset,#hash_45298e32c81d82be
sndasset,#hash_b42f840d181f5be
sndasset,#hash_5ca46a7e15618ba0
sndasset,#hash_34c62dc7c81498f6
sndasset,#hash_2aa0254afa702f98
sndasset,#hash_35f5eb16c6203a5f
sndasset,#hash_d164229eab9cf2b
sndasset,#hash_5d0e4cc13d33b5b3
sndasset,#hash_4f463657203e12f7
sndasset,#hash_17ec8cbe569c4c93
sndasset,#hash_5c62b1c1a3063397
sndasset,#hash_4021b60c7c32fbf6
sndasset,#hash_575df428c42e7898
sndasset,#hash_28a6745442c5ac4
sndasset,#hash_1e07d7a7c80c6fa6
sndasset,#hash_2e3242f7539c209c
sndasset,#hash_26af22066cd3d7be
sndasset,#hash_5ff2225f5f763181
sndasset,#hash_639e2eb50b4f17c5
sndasset,#hash_51dc6970863d7b49
sndasset,#hash_5e226deb0a26eecd
sndasset,#hash_7834c6345fdb062
sndasset,#hash_7d6ce0eb157c4c0d
sndasset,#hash_752465c09af14093
sndasset,#hash_2dc28aab97e13cd2
sndasset,#hash_463cb478cf0d0bcc
sndasset,#hash_285c4e5c0c5431e6
sndasset,#hash_11f1b5a608b0188
sndasset,#hash_5e855721ca64c897
sndasset,#hash_3f84dfc98d471d03
sndasset,#hash_323daa848248c63
sndasset,#hash_1605b8fe07d99a7
sndasset,#hash_32dd74370e946acd
sndasset,#hash_1cf1fbcfb78547d9
sndasset,#hash_386660457b2c3d91
sndasset,#hash_15c3e91c2b4fa055
sndasset,#hash_38f7b83021792304
sndasset,#hash_aadb1c8bdf47d66
sndasset,#hash_18edc5e4ae595209
sndasset,#hash_2c9248173c06b70d
sndasset,#hash_3c9242451868aed3
sndasset,#hash_32ab4ca7f494a857
sndasset,#hash_54aa0f46e3f3a2c2
sndasset,#hash_5b1cbcc27939bbfc
sndasset,#hash_7c2a93b57ea6b6
sndasset,#hash_2731adadaa13fdd8
sndasset,#hash_58a8e044b5860f67
sndasset,#hash_249e31ca2d8b9953
sndasset,#hash_148c07e7f94787c8
sndasset,#hash_29aed24cea287532
sndasset,#hash_5817cd12f4c99842
sndasset,#hash_2e20138bd61eac7c
sndasset,#hash_4f3d2d6efdde726a
sndasset,#hash_7781ab9a2e532084
sndasset,#hash_3121e64c65fe3258
sndasset,#hash_1c41a87bceacfd82
sndasset,#hash_2278a4cfde41270a
sndasset,#hash_60b0b99ed2b074e4
sndasset,#hash_1154e338a558cf8a
sndasset,#hash_88b61271c1b9e64
sndasset,#hash_44b67509476c82fb
sndasset,#hash_613137290214e2bf
sndasset,#hash_2dd3d5739449977d
sndasset,#hash_67b4df46e27a589
sndasset,#hash_1a8fb98c946c1b07
sndasset,#hash_50665e4cdc0bdf33
sndasset,#hash_3635ebd903f5f75
sndasset,#hash_40692798ce681ee1
sndasset,#hash_1ed5a77ed08a6686
sndasset,#hash_644962ea5fe1d8e8
sndasset,#hash_624dc95b582ecf36
sndasset,#hash_2cdc1b618478a758
sndasset,#hash_3462067012477c06
sndasset,#hash_284a34839682968
sndasset,#hash_54cf1cc2557e9682
sndasset,#hash_6efee6efc9cdd33c
sndasset,#hash_2e125c20a603a69d
sndasset,#hash_48ad594fc1ab6e9
sndasset,#hash_3e415b03ef956b74
sndasset,#hash_7041acc91668b896
sndasset,#hash_51fdfacb6955f441
sndasset,#hash_38a925653694a05
sndasset,#hash_5b2066c33e677f5d
sndasset,#hash_7fe5a9dac2f4529
sndasset,#hash_79f8936ecf662aaf
sndasset,#hash_2df03277403d9c3b
sndasset,#hash_1978059afd0198f4
sndasset,#hash_4c4b1e5b9c955116
sndasset,#hash_68c7346e28c60d56
sndasset,#hash_3f4633b282d6bbb8
sndasset,#hash_6f43b21281b650f3
sndasset,#hash_220c63e4c8c6eb7
sndasset,#hash_6b090b2b5fe1f37b
sndasset,#hash_7cc83da54f94643f
sndasset,#hash_77b2e4f2fcd9acc2
sndasset,#hash_64e0467e705399fc
sndasset,#hash_1115cf885566caae
sndasset,#hash_70184ca5944de310
sndasset,#hash_72776a46fe35b294
sndasset,#hash_6cd14c99d4f00076
sndasset,#hash_575a03b98ae16ede
sndasset,#hash_55dc56b46965ed80
sndasset,#hash_168216e26217b6e1
sndasset,#hash_1e0746b2c38abce5
sndasset,#hash_6bc4ec05cd1fc9d6
sndasset,#hash_5052f31fe517a138
sndasset,#hash_1ebff331d0b7086c
sndasset,#hash_4251799c8abb94ce
sndasset,#hash_59340e443a785887
sndasset,#hash_4b51fae19ebea7b3
sndasset,#hash_16ebc28018ee7ad
sndasset,#hash_10dc7aedbb98cf9
sndasset,#hash_7fc18144df1eba84
sndasset,#hash_117ac767e63913e6
sndasset,#hash_1df95b0b8cbf6075
sndasset,#hash_2f209a4bc35281e1
sndasset,#hash_28e9ef0aeb878a0f
sndasset,#hash_41ce56c573dd3a5b
sndasset,#hash_34cc86c5fcd8de0b
sndasset,#hash_79afdc77645d9e8f
sndasset,#hash_6a57bb7cbca651c5
sndasset,#hash_2e20258e269da4f1
sndasset,#hash_2c6b7a8b50e41e3d
sndasset,#hash_37811d146c3aebc9
sndasset,#hash_148cbc78a049f1f1
sndasset,#hash_3a0bfdc100592775
sndasset,#hash_218767ec90b15cc
sndasset,#hash_76840a36afff9a6e
sndasset,#hash_1923f568585c20aa
sndasset,#hash_7ba6084b0eb3d044
sndasset,#hash_7d88e480f7c2bba0
sndasset,#hash_6df2e87a3928920a
sndasset,#hash_218ebff4f94df3fe
sndasset,#hash_5f37449360ff4160
sndasset,#hash_1ce7ed065b87aec1
sndasset,#hash_7a4ac5d3a15d6985
sndasset,#hash_57dd2de237a02129
sndasset,#hash_6297c8ff74da47ed
sndasset,#hash_7f7d3cbf70cba7db
sndasset,#hash_6ecef76b7b219adf
sndasset,#hash_4ca8f0d85a8d2071
sndasset,#hash_3e624b55b31522f5
sndasset,#hash_64bbb856cc0db3dc
sndasset,#hash_108a818499fd677e
sndasset,#hash_66a428e9d79ee8c5
sndasset,#hash_6c821e5c1c4609f1
sndasset,#hash_6ead8cd96f56600e
sndasset,#hash_1dd3e92e6a235cb0
sndasset,#hash_f765314f8377f82
sndasset,#hash_7e0cdb1a2ec9ee3c
sndasset,#hash_2de503677748ad12
sndasset,#hash_1680a21fbfaaa18c
sndasset,#hash_698305f0ae9eb229
sndasset,#hash_6c182338a0565aed
sndasset,#hash_ced4629aff50b49
sndasset,#hash_345c95c19dc39ecd
sndasset,#hash_51db9c5719e5b6f0
sndasset,#hash_3877611a6f23e69a
sndasset,#hash_54a4787f22a18ee0
sndasset,#hash_22beaf45acf845ca
sndasset,#hash_6c1a51aadb78ce5
sndasset,#hash_64bfc1d81d1961d1
sndasset,#hash_29977c1ffdf6c9ed
sndasset,#hash_71981019579f26b9
sndasset,#hash_55e91e23ac52346f
sndasset,#hash_4ef2d25d4da8b7b
sndasset,#hash_1247148aa271cec7
sndasset,#hash_1610e0ca2b2bf473
sndasset,#hash_23e12b26ddf3318e
sndasset,#hash_51bcc49d46076130
sndasset,#hash_2da1b18ec83ff40b
sndasset,#hash_728a42e48657208f
sndasset,#hash_535a60332819af65
sndasset,#hash_7d49171d38d5b951
sndasset,#hash_173dc46d0b1c42e8
sndasset,#hash_394e6751775bca12
sndasset,#hash_1892b71bd305dfd8
sndasset,#hash_2ab2a7ee30fc1602
sndasset,#hash_2173700ea9bd77c5
sndasset,#hash_30e619db264d56f1
sndasset,#hash_433130c44ee51ffe
sndasset,#hash_2f563054a6ad4560
sndasset,#hash_4770f198696d9618
sndasset,#hash_3472adc7e9649ac2
sndasset,#hash_44f0b038b203da58
sndasset,#hash_42c55f1e646cf582
sndasset,#hash_7fd178b561caceba
sndasset,#hash_564cd10b50510554
sndasset,#hash_6b307966e6143eb4
sndasset,#hash_57dfc1c82768e556
sndasset,#hash_7d1870ca84ad5710
sndasset,#hash_2b5d752c122f69fa
sndasset,#hash_6700e41ab2c1d0d5
sndasset,#hash_1e56c83978f43d01
sndasset,#hash_721bc1d00bd0de67
sndasset,#hash_60643a90672fa653
sndasset,#hash_5c6d60fd7cba4429
sndasset,#hash_3effab4fcd73d0ed
sndasset,#hash_561545d1978def5f
sndasset,#hash_562f975c3018ce2b
sndasset,#hash_6f0fd8b5ba2bc260
sndasset,#hash_1249b0ece53d304a
sndasset,#hash_5df34c62c3631e60
sndasset,#hash_73b40aa9c5bdc44a
sndasset,#hash_6c3f727001b496f8
sndasset,#hash_6a05449a0ea23ce2
sndasset,#hash_7c80210a3b4398e4
sndasset,#hash_7d887c59192e6d86
sndasset,#hash_65e49d3bb7c47703
sndasset,#hash_ac907ee79e62e07
sndasset,#hash_43ba777ec8b7ef52
sndasset,#hash_57b26cc72d7d134c
sndasset,#hash_15bf9b39fa48b377
sndasset,#hash_5aae77fddfafafa3
sndasset,#hash_75979096bbb42a73
sndasset,#hash_5a539aed74468b37
sndasset,#hash_3d67a72c1bc3247d
sndasset,#hash_6b8c1ac4a98b2c89
sndasset,#hash_3d7dcfe3e0e0aaf6
sndasset,#hash_12fbb8309ecf2598
sndasset,#hash_23086e0ca7aced60
sndasset,#hash_5b5edabd7efed14a
sndasset,#hash_582de61edced6041
sndasset,#hash_415074ef0db00e05
sndasset,#hash_55f0c18cc6bc89e5
sndasset,#hash_54aa66edc938d1
sndasset,#hash_59408b2ffe5f9040
sndasset,#hash_906ff613128bfea
sndasset,#hash_2259512976950b8
sndasset,#hash_209c41395703b422
sndasset,#hash_588f16a19a27d816
sndasset,#hash_521d1de6ded331f8
sndasset,#hash_1a8e5eb62cab2b5c
sndasset,#hash_374c25598add9dfe
sndasset,#hash_4d3ec6aa9458453
sndasset,#hash_6062b68fcce238d7
sndasset,#hash_16b9f22639426ac8
sndasset,#hash_7353ac20972c3e32
sndasset,#hash_3e823ad20cc8a46e
sndasset,#hash_215e7984820f1850
sndasset,#hash_5aa8c6ba3aa6e68d
sndasset,#hash_31e9cef19b664019
sndasset,#hash_96f95d55f4a7f47
sndasset,#hash_6b985cefe38d35f3
sndasset,#hash_44a2449c4571b86a
sndasset,#hash_6559dd6071433284
sndasset,#hash_6d6b04275ec22b2b
sndasset,#hash_19a72544152650ef
sndasset,#hash_7cf5868035e90dd
sndasset,#hash_fc6d1ae0b7a09a9
sndasset,#hash_253557a57617e4e1
sndasset,#hash_77f2e6efc4a886e5
sndasset,#hash_6e74e0086561006f
sndasset,#hash_886aa667a0b6f7b
sndasset,#hash_6e01ca01df2e2ec7
sndasset,#hash_56e3e60e47c51473
sndasset,#hash_6ecde2e1b9e6a397
sndasset,#hash_381ca330862cce03
sndasset,#hash_352276c473163e3e
sndasset,#hash_2e968175d73e9520
sndasset,#hash_6840897680f46b1c
sndasset,#hash_3b53e19b0251a73e
sndasset,#hash_22c9777e8c03874a
sndasset,#hash_721a0e8302252da4
sndasset,#hash_68fb2d89c9157940
sndasset,#hash_449090f1cefbdaea
sndasset,#hash_2ed834ee7222406b
sndasset,#hash_6a647d5f271702af
sndasset,#hash_72e81bb11dc8293
sndasset,#hash_102c14354d371597
sndasset,#hash_e211c2b9cc72e9d
sndasset,#hash_314f93be58084ee9
sndasset,#hash_10398503e1fbb39b
sndasset,#hash_1ae65992fd02031f
sndasset,#hash_2f967ae4529a96c2
sndasset,#hash_7763d1eb0d217fc
sndasset,#hash_7da9552e33769143
sndasset,#hash_862b2883fffcac7
sndasset,#hash_2c835b6f61fc8264
sndasset,#hash_5477ff9331dfba06
sndasset,#hash_cb4d4211921c250
sndasset,#hash_5596ea5b6fa35bba
sndasset,#hash_3a5ae2e9e8a20788
sndasset,#hash_7110424319348b72
sndasset,#hash_67165b13dbf51a13
sndasset,#hash_3479fc9e3f4ac17
sndasset,#hash_57314f4789553a4b
sndasset,#hash_2eae63418423744f
sndasset,#hash_1de581dc87f3023e
sndasset,#hash_93e283dcdc66120
sndasset,#hash_1d70c3519cadc862
sndasset,#hash_3fc01a701331be5c
sndasset,#hash_2a40985c2b670763
sndasset,#hash_3e7df9cd3f212aa7
sndasset,#hash_2f44442fa5f01c77
sndasset,#hash_39247900f9e74aa3
sndasset,#hash_57e3ba6a358669a1
sndasset,#hash_3ce7d60e1cf47325
sndasset,#hash_469197baf418aa65
sndasset,#hash_48b6d57255eca51
sndasset,#hash_57a7be00849e4598
sndasset,#hash_7e494a043e637942
sndasset,#hash_296c04952e187955
sndasset,#hash_17dd93ad8cbc6681
sndasset,#hash_2ad2cd73539238bf
sndasset,#hash_733549b2368aecb
sndasset,#hash_5d44b39a5d242e36
sndasset,#hash_7bb3b6e959b26458
sndasset,#hash_4a203be4c6d5ce42
sndasset,#hash_697873cbc9338e7c
sndasset,#hash_7910a8ee4fe971b3
sndasset,#hash_11eae065a05dc6f7
sndasset,#hash_4ab49db5dffe562c
sndasset,#hash_279c366e9b9eb30e
sndasset,#hash_1f2deb4ee1eb483e
sndasset,#hash_60edc282ffc57320
sndasset,#hash_2ab37e03993f329e
sndasset,#hash_579af678101834c0
sndasset,#hash_698d5275cf77ba1c
sndasset,#hash_39f6a0f11ecf343e
sndasset,#hash_7f7e7b5271ea894e
sndasset,#hash_486beab880f0470
sndasset,#hash_40da2997307f734e
sndasset,#hash_755584611a898270
sndasset,#hash_646bff3e760be22f
sndasset,#hash_4e90d18270ce92bb
sndasset,#hash_4ec125a7a5eb6c99
sndasset,#hash_37dc6aa5787a195d
sndasset,#hash_184d09198a5ff973
sndasset,#hash_6c6c002e656d9837
sndasset,#hash_1f39dc06e6274729
sndasset,#hash_4ef266b5a2d9f9ed
sndasset,#hash_2ea86fbcd90d31ca
sndasset,#hash_7bbad1bceafb1d24
sndasset,#hash_650e7fd2b20fbfa2
sndasset,#hash_76b47c69a6c9ad1c
sndasset,#hash_6a077374483be32
sndasset,#hash_4e290f7476e976ec
sndasset,#hash_1a1e9bb82ba7a1c6
sndasset,#hash_2af16bb28a8a25a8
sndasset,#hash_79c09b0a20d48819
sndasset,#hash_7d4a59fc8282bbdd
sndasset,#hash_537924247e32598
sndasset,#hash_235c3dee66c61942
sndasset,#hash_1c808f836443160d
sndasset,#hash_4ba3255b86f79e99
sndasset,#hash_41771952656b92d1
sndasset,#hash_22631ba39b70e15
sndasset,#hash_2673e7ed5aff43e3
sndasset,#hash_62f24f2cdb8d9027
sndasset,#hash_3d9db38ef71bb410
sndasset,#hash_2b9d13fdb85f60fa
sndasset,#hash_6cf155fdbba804a2
sndasset,#hash_93cc2b5b43e5c1c
sndasset,#hash_7ca9d09aa298d54f
sndasset,#hash_3659bc88c0a2931b
sndasset,#hash_3c38b3947d2123e7
sndasset,#hash_e702128688186d3
sndasset,#hash_25a1ad356ab2154e
sndasset,#hash_7930316491322870
sndasset,#hash_293067512714a8e2
sndasset,#hash_c269beef96f8fdc
sndasset,#hash_54383ecd6b7cfd8
sndasset,#hash_2e2fce635c2be602
sndasset,#hash_16efbdd782a23642
sndasset,#hash_68e20949244fc67c
sndasset,#hash_22b944ec6d53ae45
sndasset,#hash_65f363914d756a71
sndasset,#hash_5f8d55b519f32162
sndasset,#hash_6f9407a3b2dd295c
sndasset,#hash_58ede04c8e13d548
sndasset,#hash_420e0ab277c16db2
sndasset,#hash_656c79db74f72deb
sndasset,#hash_1c5296e03445db2f
sndasset,#hash_2bc08b8515aa939
sndasset,#hash_5ee92984f8644e3d
sndasset,#hash_1b467c912e1fef00
sndasset,#hash_eef60c84fef1a2a
sndasset,#hash_1e9699cde02e9549
sndasset,#hash_5b7f885bad27fccd
sndasset,#hash_72d63ccc8350857b
sndasset,#hash_e50080ad9cada3f
sndasset,#hash_3c839e1ca4c2286f
sndasset,#hash_1a891dfc8f2de77b
sndasset,#hash_4dda9e60ad8e7599
sndasset,#hash_74412811b540945d
sndasset,#hash_6c5ae02d730360c1
sndasset,#hash_7115d6c0dbe73f85
sndasset,#hash_19f276debd277d15
sndasset,#hash_2e4d5352489fdc1
sndasset,#hash_504b95133d3bc6b0
sndasset,#hash_26b1a8259c20f5da
sndasset,#hash_4cd1e1e33da95886
sndasset,#hash_7ef109a6110d6ee8
sndasset,#hash_6414b8a2ef3f462c
sndasset,#hash_7fe92a6751b830e
sndasset,#hash_3d8a9df7865d19f2
sndasset,#hash_24aa0c03c947f52c
sndasset,#hash_12f24e05ecff3df5
sndasset,#hash_3527f6d6483c2a61
sndasset,#hash_59a973f59047dbb5
sndasset,#hash_273be054f83522a1
sndasset,#hash_4a63a0da99d90267
sndasset,#hash_3f67908bcf3d9253
sndasset,#hash_4d05ba27b64a3c65
sndasset,#hash_60afdb64d2fe4051
sndasset,#hash_26ef92a9fd1bafa8
sndasset,#hash_5df7dde2e6da9252
sndasset,#hash_491cb8f72802ec49
sndasset,#hash_500fcc12394ba1cd
sndasset,#hash_767957fd0241f8fa
sndasset,#hash_21f82c511dff5b14
sndasset,#hash_71edead78e41c506
sndasset,#hash_23744284546c6468
sndasset,#hash_5ea2a4db68b5bdb6
sndasset,#hash_1fc5a1d7e0e7e2d8
sndasset,#hash_3b840d7d23792a15
sndasset,#hash_65348181eac1e4c1
sndasset,#hash_55ca6f5e044ad0a5
sndasset,#hash_5910fabbc1d00111
sndasset,#hash_7258abdc6fbb615b
sndasset,#hash_42e8d9d496d96e3c
sndasset,#hash_65904eb80ac377fa
sndasset,#hash_159d6a451012c205
sndasset,#hash_63ea8cfc0507cc6a
sndasset,#hash_1cb92ecfd894ee84
sndasset,#hash_3c41c97121a9cf0c
sndasset,#hash_bf6b4bb64042a2e
sndasset,#hash_7ce2012406199694
sndasset,#hash_682046ff9a792c76
sndasset,#hash_419f6b7fe93b0c45
sndasset,#hash_7040013406dac471
sndasset,#hash_12d95ddca16c7c39
sndasset,#hash_1bd5273e6da6e73d
sndasset,#hash_76eea47670870f07
sndasset,#hash_5fcc29556f803b33
sndasset,#hash_19377a21a8df2b30
sndasset,#hash_1ab131c9676dd35a
sndasset,#hash_73117e1c6933c096
sndasset,#hash_58056531e331b78
sndasset,#hash_593577e50be345ea
sndasset,#hash_15f73ad25e43eb04
sndasset,#hash_3c183d57222cc9fb
sndasset,#hash_148f3d920d657bf
sndasset,#hash_222f57437098d73b
sndasset,#hash_66e082baedcd107f
sndasset,#hash_70f2ab9f697f5dd
sndasset,#hash_f91bd1c097e18a9
sndasset,#hash_66bf26ff0147a7ce
sndasset,#hash_4831cc647132cff0
sndasset,#hash_2321ebb6b4deada8
sndasset,#hash_202e2917166ecc52
sndasset,#hash_2a75d7b3ba51870
sndasset,#hash_35b763b751059b1a
sndasset,#hash_51f00ba8d4a7739
sndasset,#hash_62d661ca036cf83d
sndasset,#hash_695e987544141db5
sndasset,#hash_53a1ea6c7186a8a1
sndasset,#hash_29781350d973eba3
sndasset,#hash_10b2d4f01ee21167
sndasset,#hash_4d3a736db82e71c3
sndasset,#hash_26abc4697d909c47
sndasset,#hash_2a9ef8c06efe5483
sndasset,#hash_40120322257dd687
sndasset,#hash_37c61962f4f53f78
sndasset,#hash_4afd358165e86662
sndasset,#hash_1ae691710e565651
sndasset,#hash_ccdac6e95f3a895
sndasset,#hash_6b38851dd388d129
sndasset,#hash_3fcbce5968b657ed
sndasset,#hash_a59edb49b51921
sndasset,#hash_7c81513de82d51a5
sndasset,#hash_6d071f4342a24ae6
sndasset,#hash_4d869f8f6e18ac88
sndasset,#hash_176bccad0729c52c
sndasset,#hash_3ad837d4fe60a00e
sndasset,#hash_6609326988b60f6e
sndasset,#hash_412babecc22d7950
sndasset,#hash_7f50671853a85570
sndasset,#hash_5ae42731c488321a
sndasset,#hash_424abc14e12449e9
sndasset,#hash_7a37d5e30ca9b92d
sndasset,#hash_57bf03751f362c72
sndasset,#hash_405bfee4fc631cac
sndasset,#hash_2378ba419fa0745a
sndasset,#hash_2f7433ea998d5ab4
sndasset,#hash_3c6348ecef9ad96c
sndasset,#hash_4e822b1e505f67ce
sndasset,#hash_7dbe363b683408e3
sndasset,#hash_afb124d9b87bf27
sndasset,#hash_4063f08342f14d45
sndasset,#hash_5b32ba03e3fe771
sndasset,#hash_45380b436ba7d775
sndasset,#hash_1013b40af17e86e1
sndasset,#hash_6f6e7fbe7010ca91
sndasset,#hash_2d5d77aa05142755
sndasset,#hash_2f419385dede076
sndasset,#hash_63d460d77591d618
sndasset,#hash_4d4d10908d6d4f7b
sndasset,#hash_4c396a8f0490f83f
sndasset,#hash_45a4dc0d0fe3b767
sndasset,#hash_369ab39ebf539153
sndasset,#hash_35abe623bce3b657
sndasset,#hash_6d2da9fd51b68543
sndasset,#hash_4422cf17faea6ce0
sndasset,#hash_680a34d1ff121fca
sndasset,#hash_7779f647739edd62
sndasset,#hash_73661828801edd5c
sndasset,#hash_37584ea25dc478b8
sndasset,#hash_3ab4d49e22d42c22
sndasset,#hash_6e5c995ac26f4ef6
sndasset,#hash_653403a784e09198
sndasset,#hash_266e5505ba4df287
sndasset,#hash_27e279c1061d35b3
sndasset,#hash_207e5576db0a42cc
sndasset,#hash_245784513150016e
sndasset,#hash_c60b1ad9f2acc0
sndasset,#hash_16b77a6f5059c56a
sndasset,#hash_659a3b3372a6feda
sndasset,#hash_f59bc7527edea34
sndasset,#hash_20d66ac11bf41e5d
sndasset,#hash_279d218ea466c229
sndasset,#hash_1d00e49856206263
sndasset,#hash_5df3fd64997d5ba7
sndasset,#hash_2e8e9b007df897df
sndasset,#hash_62454817f49cf7ab
sndasset,#hash_325d260aa4bf048f
sndasset,#hash_4c36564a5a8a99db
sndasset,#hash_33277363f3f54614
sndasset,#hash_3ad1e4b235990af6
sndasset,#hash_614b381ab608c82d
sndasset,#hash_65b9be7fe5505e79
sndasset,#hash_7b685bae56f6d01d
sndasset,#hash_6f6ef9f267d2c369
sndasset,#hash_a8c893cea8d5d5d
sndasset,#hash_67c11a086ec01f29
sndasset,#hash_3f0efcaeb2846c1a
sndasset,#hash_185a45cc8f156cf4
sndasset,#hash_20e86e1413a14020
sndasset,#hash_64dc83458692cf8a
sndasset,#hash_2b4485b2c0e77d4a
sndasset,#hash_120a2810c4294fa4
sndasset,#hash_6f7a5e1d00e3c90c
sndasset,#hash_9a19396def3d82e
sndasset,#hash_15bfcc786e73d1e5
sndasset,#hash_507286b1e57a10d1
sndasset,#hash_217b9ace661968be
sndasset,#hash_8ea92a8be9104a0
sndasset,#hash_7cf1eb947d9b338e
sndasset,#hash_230434f032d42730
sndasset,#hash_38923a0dd7682e48
sndasset,#hash_2ffc334b3739d8b2
sndasset,#hash_26f444cc7aec07a7
sndasset,#hash_357966dec2156b13
sndasset,#hash_14a38a2fdcd0f9a9
sndasset,#hash_7c217a35dfe3016d
sndasset,#hash_32a49b28ba598e70
sndasset,#hash_5c77cb437b83a985
sndasset,#hash_52d3f15e637e2359
sndasset,#hash_19776159eaa378e8
sndasset,#hash_5e2318f82cca0146
sndasset,#hash_7fcdf35d6b0c98e6
sndasset,#hash_21c09d2729d19038
sndasset,#hash_838bf025bc6b535
sndasset,#hash_713709d609c3d5e0
sndasset,#hash_34f9d815da69142b
sndasset,#hash_4609c32e449dddd6
sndasset,#hash_83b566ac22e1819
sndasset,#hash_2d52f91d6dc56bdd
sndasset,#hash_35593b9d055a6e10
sndasset,#hash_59fc0d8099a54efa
sndasset,#hash_564c4dc3e5022dfb
sndasset,#hash_5991042b0c403bf
sndasset,#hash_2e52a46a6eda7b90
sndasset,#hash_13b66ebb1641877a
sndasset,#hash_5276725e01220e1e
sndasset,#hash_62a73ba168361740
sndasset,#hash_4f0d425499836b42
sndasset,#hash_44dfc9829859457c
sndasset,#hash_7c184bd3d05695fb
sndasset,#hash_6b91cdafbd783bbf
sndasset,#hash_10758be641f1372c
sndasset,#hash_1f617837cb5b60e
sndasset,#hash_7369857259a2cd21
sndasset,#hash_22be8d8009a1eda5
sndasset,#hash_46545a040e797a3b
sndasset,#hash_7c3f7a804c2a197f
sndasset,#hash_69113c017fda2e3f
sndasset,#hash_6c1c880051639f4b
sndasset,#hash_31784c544fbebede
sndasset,#hash_1dc4706dde1bdd80
sndasset,#hash_57bbadb6fec7ed9d
sndasset,#hash_30b384b77e682be9
sndasset,#hash_61948efdc4baae5e
sndasset,#hash_1c6a4b16d5347c00
sndasset,#hash_6b19d2dcb01f90b8
sndasset,#hash_40baf21a1bfe7422
sndasset,#hash_39883e8779370678
sndasset,#hash_6f8b45db30be5b62
sndasset,#hash_2aa4672aad661311
sndasset,#hash_1fa9bea2ec9430d5
sndasset,#hash_11c348718f002dce
sndasset,#hash_5548fbbf010aa1f0
sndasset,#hash_229cd0f56f34b82f
sndasset,#hash_2bdc9e87be3554bb
sndasset,#hash_257edbf21fbeadb5
sndasset,#hash_6283689c741c58a1
sndasset,#hash_13c28c4f9e785a5
sndasset,#hash_7fb850fc7b5c0011
sndasset,#hash_1d82e2b995856cfc
sndasset,#hash_67f1ba3fbaffcfde
sndasset,#hash_7e3875a94cc09df
sndasset,#hash_3db2fa4c83960dab
sndasset,#hash_8cb864f9d189fac
sndasset,#hash_4a0b922fcdb81f8e
sndasset,#hash_5feed105376e1502
sndasset,#hash_f513906dd4cbebc
sndasset,#hash_15c37fe223bd58ae
sndasset,#hash_ddceadc0892cd10
sndasset,#hash_7e5dd3f0cf073f87
sndasset,#hash_5365670686a7fcb3
sndasset,#hash_748597cdb9ad1760
sndasset,#hash_7fb3786a7c730f4a
sndasset,#hash_7bcb7068a2e979dd
sndasset,#hash_39b1a59e29ac24a9
sndasset,#hash_50898d5ca85926ef
sndasset,#hash_59d83c17817352fb
sndasset,#hash_1c28134f16da69f2
sndasset,#hash_183695703cdde52c
sndasset,#hash_7ccf0fb134582176
sndasset,#hash_509d70e16e92f918
sndasset,#hash_173162ce0a77b378
sndasset,#hash_1bb04eb887634262
sndasset,#hash_6db69d9a4b7fd458
sndasset,#hash_6daf7fbe3ae2a382
sndasset,#hash_67b778fa924ed910
sndasset,#hash_c82eab75578affa
sndasset,#hash_7d37d778a6bac8a8
sndasset,#hash_32462d5816bb3d52
sndasset,#hash_6b6049d240400d0e
sndasset,#hash_38b9f77d592343b0
sndasset,#hash_54a378dee8ae8ac2
sndasset,#hash_20e44d77499173fc
sndasset,#hash_c932a6d4987b748
sndasset,#hash_25b5c515af25d3b2
sndasset,#hash_79afced99f6383a0
sndasset,#hash_2af64a715725ea0a
sndasset,#hash_89aed8efde45e56
sndasset,#hash_48cc3f8b7a1a0eb8
sndasset,#hash_5aca20084ca5abda
sndasset,#hash_6eef5f194c0cd134
sndasset,#hash_706f2921cec4bc3d
sndasset,#hash_1e1362dcdd8405c9
sndasset,#hash_55298469ac554a03
sndasset,#hash_569c43b02245c707
sndasset,#hash_4f3166749f2c9ed1
sndasset,#hash_48353f4f3256b215
sndasset,#hash_299cbb07bae1070f
sndasset,#hash_4832180b443a915b
sndasset,#hash_76d513b438cf7def
sndasset,#hash_69cc14c5383cf7fb
sndasset,#hash_8654d49e70f3d1
sndasset,#hash_349a43b86ff59115
sndasset,#hash_6fa53e447a14d51b
sndasset,#hash_534af0a50d18f79f
sndasset,#hash_590b3ac98a6c8e1d
sndasset,#hash_341d0fe1b1073d69
sndasset,#hash_1c53da86ddc235bb
sndasset,#hash_20a14e9ef6d9bff
sndasset,#hash_49f429cc6df228fd
sndasset,#hash_47478f80cd16ea09
sndasset,#hash_21b99b43e7527597
sndasset,#hash_24fdb5c689d30403
sndasset,#hash_2c6e55f61b7a4b91
sndasset,#hash_5792efb6cd4b0a55
sndasset,#hash_1cacfea8f42335c4
sndasset,#hash_d776e2da03120a6
sndasset,#hash_5a77de43e37f1aec
sndasset,#hash_6fc0e326db43bc4e
sndasset,#hash_3b1dd14afe78b102
sndasset,#hash_8656adf5eff12bc
sndasset,#hash_d296f72a1bcf1de
sndasset,#hash_15215d7391879680
sndasset,#hash_233e52e0ec4ed90e
sndasset,#hash_3a335594f75427b0
sndasset,#hash_2f118da46731faa2
sndasset,#hash_2eb2f3e214747e1c
sndasset,#hash_795141d05c0aea44
sndasset,#hash_bc20813f308ee26
sndasset,#hash_5e469e02a329d41c
sndasset,#hash_7f00b6b6c173423e
sndasset,#hash_301b5e5a2eae8792
sndasset,#hash_7216fb0bc607210c
sndasset,#hash_27569a6786e25916
sndasset,#hash_197c5001735d14f8
sndasset,#hash_6f75dfe289f2e298
sndasset,#hash_7b7ab266ca1e3042
sndasset,#hash_a00c047dcd9bd78
sndasset,#hash_71db551491712062
sndasset,#hash_7b9117dad9940b5f
sndasset,#hash_37f699d5e40da22b
sndasset,#hash_31a31325f3f07461
sndasset,#hash_5e53ca1e3530565
sndasset,#hash_2f7f29c06f02fc0b
sndasset,#hash_70cb4e3c3d13388f
sndasset,#hash_13cffc3e8f93f56d
sndasset,#hash_336294f4a7e9f939
sndasset,#hash_4b53253e5600520d
sndasset,#hash_530c4c70e1fdd299
sndasset,#hash_9914ba351981b33
sndasset,#hash_2aaadbc167985377
sndasset,#hash_2dce52b4c38a5161
sndasset,#hash_7f95663614557c65
sndasset,#hash_2ec04c6a502f407f
sndasset,#hash_601a5a9e1b97680b
sndasset,#hash_649c08561d245e15
sndasset,#hash_2f688704677f00c1
sndasset,#hash_5b5a577c1803029b
sndasset,#hash_6f77b843498b901f
sndasset,#hash_56cb9695236584d9
sndasset,#hash_3bcd6e2ef8e2771d
sndasset,#hash_3fe3fe6e3ff25c67
sndasset,#hash_366c4a30504f6053
sndasset,#hash_67ea0737dea4a3d6
sndasset,#hash_600a3d2ef3bbef38
sndasset,#hash_239d45b36bc2ce6a
sndasset,#hash_5688e5f59fbab484
sndasset,#hash_283543112021161c
sndasset,#hash_536aa96d465c83e
sndasset,#hash_224042dcfb0fd0c4
sndasset,#hash_6d5a71dd1adf11a6
sndasset,#hash_48a18783cf45e1c4
sndasset,#hash_70bf3bcdd1a4a6
sndasset,#hash_2da86a263f695eec
sndasset,#hash_6de99e3e6304084e
sndasset,#hash_e4e5d2d5a62f502
sndasset,#hash_68e25f6e6bf5ebc
sndasset,#hash_391df84d7cdf9dde
sndasset,#hash_81aae81bf281a80
sndasset,#hash_78399e4289c39264
sndasset,#hash_370d5ef1f07aea06
sndasset,#hash_4de14419d461d10c
sndasset,#hash_76b651bb5000f02e
sndasset,#hash_2343c97dc8935da2
sndasset,#hash_264cf3a99d1bc71c
sndasset,#hash_4dae7841b32897e
sndasset,#hash_43d4ee7fc4cc11e0
sndasset,#hash_7c3b9965a28d0c41
sndasset,#hash_29e44263aba79205
sndasset,#hash_5e032e8e6ba028d7
sndasset,#hash_329b10a8c17fccc3
sndasset,#hash_792f0a3d283a8f45
sndasset,#hash_39c272499ce86d71
sndasset,#hash_4f9cf7a375d90f8b
sndasset,#hash_4a6144720a6fc30f
sndasset,#hash_26acba4cd86334a3
sndasset,#hash_7b6f3c6f50a54c67
sndasset,#hash_635270f8d264a9c5
sndasset,#hash_764cc4087a9acf1
sndasset,#hash_8a25cfdd8c0b18f
sndasset,#hash_21da89dd8bd280db
sndasset,#hash_59d35d42c4aa06f9
sndasset,#hash_29f960fc3687de7d
sndasset,#hash_4871c619e2dcf7c7
sndasset,#hash_68b1c9f31a96cf73
sndasset,#hash_2bed8c1a3b5f0c9
sndasset,#hash_2ac10912e35f4d
sndasset,#hash_797b99fd9d48f1c3
sndasset,#hash_7cf3e6998fd01c47
sndasset,#hash_485bd212db77ea55
sndasset,#hash_1fbb9b1fc6f1981
sndasset,#hash_40636bfd0506617c
sndasset,#hash_79d3b8ad329b5d5e
sndasset,#hash_ade0be08f8e9094
sndasset,#hash_3f360bfe5839da76
sndasset,#hash_1b4660a038c852f9
sndasset,#hash_56be78aa1db7427d
sndasset,#hash_438d4b967fac6205
sndasset,#hash_52ccc515960914b1
sndasset,#hash_6aa8987fdb39f03b
sndasset,#hash_1a166c2a9573bb7f
sndasset,#hash_731ba4b57db77ef0
sndasset,#hash_1852bf549e143e9a
sndasset,#hash_1a9f471bdfc10f2e
sndasset,#hash_4967244b19136090
sndasset,#hash_d5d960b5089ca3e
sndasset,#hash_7b7fab9386e5b920
sndasset,#hash_5cfa9cad22c37aef
sndasset,#hash_7571f4bacb59cefb
sndasset,#hash_760e98ab503c7ed7
sndasset,#hash_29680eba6f910ec3
sndasset,#hash_24d412459cf0e9bd
sndasset,#hash_3f287ed6df09e49
sndasset,#hash_362749dd2c2c3e8e
sndasset,#hash_2be9427528796830
sndasset,#hash_1facce74e5f6adc0
sndasset,#hash_b0b22f4ed50286a
sndasset,#hash_583e7e91998955e8
sndasset,#hash_743ada5d92682312
sndasset,#hash_73f2c95e79a5cce5
sndasset,#hash_7b1a9e4660bc21d1
sndasset,#hash_3df0336d40445a39
sndasset,#hash_1c8c77f4bf0dc13d
sndasset,#hash_45b84ae6dd02dadf
sndasset,#hash_19d1066aa252e0ab
sndasset,#hash_4741500bcc41aa8c
sndasset,#hash_7f171b387a210cae
sndasset,#hash_6cabeb7a25998d0f
sndasset,#hash_7a438da4b12635b
sndasset,#hash_9026061d3e0b05
sndasset,#hash_627beef5fc576fb1
sndasset,#hash_290b344848ae43c3
sndasset,#hash_1c704dc019f2d247
sndasset,#hash_171b73d283502561
sndasset,#hash_606214af939e7865
sndasset,#hash_5b714a30396d1114
sndasset,#hash_1edc68b51fa8bf6
sndasset,#hash_2efbd95ed88a5144
sndasset,#hash_2e7a2a56a1f3c326
sndasset,#hash_5a1c5f8c91c62ae1
sndasset,#hash_60fc5bb3c0998e5
sndasset,#hash_3073298f40225542
sndasset,#hash_6b0be57b0ab1c37c
sndasset,#hash_291f31ebf3398d3e
sndasset,#hash_406afb43649c2220
sndasset,#hash_580a3727037c9373
sndasset,#hash_1930fe8f99412637
sndasset,#hash_15f87c3fedef00e8
sndasset,#hash_7782e19913874412
sndasset,#hash_5947af260f6d29f
sndasset,#hash_4abddc8dd9bee0eb
sndasset,#hash_4f7f15e9d8ba2d78
sndasset,#hash_1c4735f6779c7062
sndasset,#hash_3e5c7edaaa824fc3
sndasset,#hash_3c1f73296feb7647
sndasset,#hash_3c2de411bb86d9d7
sndasset,#hash_669cf823cc003fc3
sndasset,#hash_218220f47975b177
sndasset,#hash_2d894aae1141e9a3
sndasset,#hash_58938df9104ad5ac
sndasset,#hash_323b9f46ce7f018e
sndasset,#hash_23cbe89d550a2a06
sndasset,#hash_2de90d7758bd7368
sndasset,#hash_78b2195ab009a56c
sndasset,#hash_25302b0a8fb04bce
sndasset,#hash_cb14c780f2ca504
sndasset,#hash_2bd426e51c33c366
sndasset,#hash_3c6b7668ff1e20c1
sndasset,#hash_6a2163cc5dbf7f85
sndasset,#hash_29d7ebefb9656895
sndasset,#hash_717d5951807f1041
sndasset,#hash_1ef24b001c93130c
sndasset,#hash_51127f1afe61762e
sndasset,#hash_14d5dab33bdfb714
sndasset,#hash_4c48e0a7f70cbdf6
sndasset,#hash_4b78392587d799ba
sndasset,#hash_58c1f73cf8518654
sndasset,#hash_6ed55401439489a6
sndasset,#hash_701f86623a2e8fc8
sndasset,#hash_5a8b13487652aefa
sndasset,#hash_6075ae9415d1bd14
sndasset,#hash_ad5d0586299e5b9
sndasset,#hash_7660439dfe65b3bd
sndasset,#hash_34199536bed2c847
sndasset,#hash_4cdd71d9ca7b70f3
sndasset,#hash_7da27c88dfdc7790
sndasset,#hash_726dccf4605dfb7a
sndasset,#hash_2f4e3897c2642515
sndasset,#hash_382a27ad208ef5c1
sndasset,#hash_422201d4f0b63093
sndasset,#hash_322def9f4f715f97
sndasset,#hash_1dd8f95d97cf5ed2
sndasset,#hash_3cdc0c5de03831cc
sndasset,#hash_5a7b5a78723e7b51
sndasset,#hash_4689ba5cc30bf795
sndasset,#hash_4f9d389d99f65026
sndasset,#hash_4e9021b4dfaf5348
sndasset,#hash_53d6348353b002bb
sndasset,#hash_8fd8ddb4445e2ff
sndasset,#hash_5b3e7c2f1fd2cb6c
sndasset,#hash_243c4c1bce35fdce
sndasset,#hash_4ea2c880a71b8428
sndasset,#hash_7374fffa646bfd2
sndasset,#hash_7c9a73ef2460bdba
sndasset,#hash_5c685aeb66427254
sndasset,#hash_6bb7c19f87b89585
sndasset,#hash_6a7a8bd22493ff31
sndasset,#hash_1e0a7a4121e752d
sndasset,#hash_470222e8de544579
sndasset,#hash_240338cfc3d1a62d
sndasset,#hash_4695bd9be7ea3879
sndasset,#hash_58330ad13311c77f
sndasset,#hash_41b85c2c4e179d0b
sndasset,#hash_552f177ccefc662a
sndasset,#hash_233973b83df5b0c4
sndasset,#hash_1db94dc1b250ad2
sndasset,#hash_2bfe25183791b5cc
sndasset,#hash_4b3aec2cccf2271
sndasset,#hash_14eaa1a7d56fe8f5
sndasset,#hash_2bb9539dcb7e7029
sndasset,#hash_48f62ff11188d4ed
sndasset,#hash_12fb3912b9295e3b
sndasset,#hash_2809c6747e97457f
sndasset,#hash_360929cbf287bef9
sndasset,#hash_63bae14a8976067d
sndasset,#hash_58b886e2fdbb1527
sndasset,#hash_567e7639be3ea393
sndasset,#hash_65a009c146a145da
sndasset,#hash_6d699bfaac1d5f34
sndasset,#hash_54c13270a4e3712a
sndasset,#hash_493c774105dcf1c4
sndasset,#hash_27087dca01c4acd3
sndasset,#hash_1650f417ac53e257
sndasset,#hash_649e3be79fb8ec20
sndasset,#hash_c7ab66094f2538a
sndasset,#hash_4aa16219f01ebef8
sndasset,#hash_54de48538e3fb4e2
sndasset,#hash_3eec34ea0dc094d
sndasset,#hash_4861f1fd5a589359
sndasset,#hash_5aa1d8197eb55f8a
sndasset,#hash_371813fbee874e64
sndasset,#hash_b32fa151a305b51
sndasset,#hash_2c4aff7ffc559795
sndasset,#hash_7a6040a784c8ee1e
sndasset,#hash_1754e718a7eb740
sndasset,#hash_3db10c25fa62bb19
sndasset,#hash_457b8f9f429e74dd
sndasset,#hash_49338f5dcb5f8409
sndasset,#hash_49e1874574200d0d
sndasset,#hash_f94a25980187169
sndasset,#hash_74038bdf4defffad
sndasset,#hash_6f88d87c9f6bf002
sndasset,#hash_7d708688c6266fbc
sndasset,#hash_7b63d719e02a5d5c
sndasset,#hash_1b50afe50dc1f3fe
sndasset,#hash_8c84342076d37e6
sndasset,#hash_5346bae9b1b45388
sndasset,#hash_13a495bfaeefd146
sndasset,#hash_4baa466e5b9f8428
sndasset,#hash_410df5ef506b75fb
sndasset,#hash_115712c0a4adbbf
sndasset,#hash_3b8668469acaca27
sndasset,#hash_34f0b401d743a293
sndasset,#hash_28e8d80bece9cc8a
sndasset,#hash_6567edc4e4ef7564
sndasset,#hash_1f619ac2c014ef6e
sndasset,#hash_43532101949e1950
sndasset,#hash_62559285c7e652a0
sndasset,#hash_d01943c0c71f70a
sndasset,#hash_2dde14dec1fcf05c
sndasset,#hash_1f14b84bf00eccfe
sndasset,#hash_54ec8e79040e8b78
sndasset,#hash_75101a342a28ca62
sndasset,#hash_69ff874a9d665caf
sndasset,#hash_6a62623d6d04f23b
sndasset,#hash_2c0b5d829ec419b5
sndasset,#hash_2fc3e87e25ed1ca1
sndasset,#hash_2147ef776b6db8c2
sndasset,#hash_2ba88f0a348c3dfc
sndasset,#hash_49ba99f986c00a83
sndasset,#hash_37e4c6b1b4c33887
sndasset,#hash_25119cc3274d5025
sndasset,#hash_7d28da5e2d124f91
sndasset,#hash_40c4f33fc3e9f49c
sndasset,#hash_5f58bd1280b4d3be
sndasset,#hash_18f166ccb3517c9b
sndasset,#hash_5ffd47877d68be1f
sndasset,#hash_12acc153cdec2f18
sndasset,#hash_67ed88a268b3c5c2
sndasset,#hash_6179068356d1bf89
sndasset,#hash_264138d58a700f8d
sndasset,#hash_2eb8715d3b54abfa
sndasset,#hash_6f3af0552b589414
sndasset,#hash_595aa3403a99aae2
sndasset,#hash_6534137e36b355dc
sndasset,#hash_5db2e5b4aa5080c
sndasset,#hash_3b195a9cd9c5352e
sndasset,#hash_4f68c17589158f83
sndasset,#hash_5ff6b0f30fe7a787
sndasset,#hash_72145b7b78975663
sndasset,#hash_6580c3597a85b7a7
sndasset,#hash_1f5268e00a4ac3cf
sndasset,#hash_3252deaca0b2ce9b
sndasset,#hash_159356c47125c749
sndasset,#hash_303e576e857452cd
sndasset,#hash_21b9e8f1a2c24fcc
sndasset,#hash_d9405a3a5df086e
sndasset,#hash_83f97fafd4c9f94
sndasset,#hash_7e2b4ca11befa776
sndasset,#hash_4b672bb741191aff
sndasset,#hash_6d9671fb07ffe78b
sndasset,#hash_53f1c7699e8977eb
sndasset,#hash_3ac5d857b07c792f
sndasset,#hash_1219a928649701d9
sndasset,#hash_2aeb606e3fc7ce1d
sndasset,#hash_7183ee5d37d184a7
sndasset,#hash_78a1c2e96796c213
sndasset,#hash_28685194ecbf3185
sndasset,#hash_34d5d2c316ba5331
sndasset,#hash_505b47de5348ec0
sndasset,#hash_19bdb714b0682b6a
sndasset,#hash_4841390d11167bb0
sndasset,#hash_d806059f3a6f4da
sndasset,#hash_7f1bab05f45d5545
sndasset,#hash_fc239e00e56ff71
sndasset,#hash_5991a75c147e1e1e
sndasset,#hash_7f447b1ff3704740
sndasset,#hash_398c616a577afb72
sndasset,#hash_47abca551db529ac
sndasset,#hash_7909b7371875a8af
sndasset,#hash_1e21bf79cd67563b
sndasset,#hash_3a3ffcacd87b0ef4
sndasset,#hash_2629743d3169f316
sndasset,#hash_4f5ccc826f72adab
sndasset,#hash_560a949564f1c86f
sndasset,#hash_6fdb9fd413855464
sndasset,#hash_60572fc94ebcf006
sndasset,#hash_38b71afa0984b52f
sndasset,#hash_65e8556c9ce62bbb
sndasset,#hash_7b932149b9e9901b
sndasset,#hash_43cb280f86cb489f
sndasset,#hash_6d4cd3a9265b44b
sndasset,#hash_5b5d95a67e06a24f
sndasset,#hash_36867f68558c5950
sndasset,#hash_5751c8b8861c0ba
sndasset,#hash_3fcbbb4932a8d59a
sndasset,#hash_4f09165b3f593974
sndasset,#hash_10b0484b8e15a9e8
sndasset,#hash_180fa0db2b749f12
sndasset,#hash_1f14d3f3ec6acd40
sndasset,#hash_ae137f7b9c356ea
sndasset,#hash_3c7cf4d89594c8d5
sndasset,#hash_471e93c6133a2501
sndasset,#hash_69576b9dddb86da1
sndasset,#hash_75d6bc1019f3ff25
sndasset,#hash_508ab746455d3710
sndasset,#hash_3f7f0b7688f309fa
sndasset,#hash_51933827180a75e0
sndasset,#hash_402233014d2f9aca
sndasset,#hash_2bc73f46ea4376be
sndasset,#hash_6d4eb1cd96a06ea0
sndasset,#hash_15672d94859e1aaa
sndasset,#hash_20233e8c06bb7e44
sndasset,#hash_64293a10783e7bbe
sndasset,#hash_622e5670f9c55da0
sndasset,#hash_9f7da7ad554b6a5
sndasset,#hash_5b8368caabdff311
sndasset,#hash_68a47998e7a6d2f3
sndasset,#hash_1026ce1f6c62b4b7
sndasset,#hash_5d4e7d23d476a264
sndasset,#hash_23f8f511e85a1a06
sndasset,#hash_5a41d5330be13721
sndasset,#hash_4f260dd785a8eba5
sndasset,#hash_38f4eb10d37c2e77
sndasset,#hash_7939a5f5248640a3
sndasset,#hash_2383cff5da15ff0e
sndasset,#hash_59cb39241b13d9b0
sndasset,#hash_73069c8d761b836d
sndasset,#hash_2bf3df16c121e339
sndasset,#hash_6979a844524ca822
sndasset,#hash_545a0206161c969c
sndasset,#hash_42d60a805848f367
sndasset,#hash_a9803b72d51c553
sndasset,#hash_31996999088c6168
sndasset,#hash_ae6f3c2cfd89592
sndasset,#hash_6d772454cb9b52cc
sndasset,#hash_1c281b553a09316e
sndasset,#hash_555c1278b774130e
sndasset,#hash_6d9ba934d6bd95b0
sndasset,#hash_43b1fbf8551e27a9
sndasset,#hash_19e2d7d38cc7cb6d
sndasset,#hash_42f1548a3a232c71
sndasset,#hash_76fabadcff13c6f5
sndasset,#hash_3a95e2950f42dfa9
sndasset,#hash_4bf17aaf852af36d
sndasset,#hash_6b4c325a070d245b
sndasset,#hash_6ec0396a9f81c05f
sndasset,#hash_2a65a3f65e835dee
sndasset,#hash_4215809a2c93d4d0
sndasset,#hash_4ff5d218191cec6e
sndasset,#hash_5203bfe06476f050
sndasset,#hash_5342cb56fccd5fd5
sndasset,#hash_29071f9705a28a01
sndasset,#hash_423f963af6b28764
sndasset,#hash_56c213798184e660
sndasset,#hash_6dedc9464a2a2257
sndasset,#hash_bd83fb0ebfd910d
sndasset,#hash_3b8f0581f3fa57fa
sndasset,#hash_6f68e95307ff724b
sndasset,#hash_4d89523070176fd
sndasset,#hash_44d898ab54117664
sndasset,#hash_1430f862b9d8bc93
sndasset,#hash_7e89005a20f2c90
sndasset,#hash_ce9a3be68df83a1
sndasset,#hash_2ec67b2777be8e42
sndasset,#hash_4511bc7355af28aa
sndasset,#hash_4704673c7bf74b24
sndasset,#hash_654d3b702235257b
sndasset,#hash_7febea2b7f10f3ab
sndasset,#hash_1dc0cafd895b4244
sndasset,#hash_74da98e166f8c2f7
sndasset,#hash_3bd94a0f8bf746a1
sndasset,#hash_6a5543551fe11774
sndasset,#hash_1fa3f4bec7157d1c
sndasset,#hash_5716f229b60ed3d7
sndasset,#hash_78fb0315e8c2028a
sndasset,#hash_47a8daff79e85764
sndasset,#hash_79c421a084c5b8b3
sndasset,#hash_2b32dbd82ff33bf7
sndasset,#hash_67f42c99eb887334
sndasset,#hash_74c7b844149632d6
sndasset,#hash_3ad1a05b54eb5009
sndasset,#hash_664541057ba7f10d
sndasset,#hash_a2423dbdcae3b13
sndasset,#hash_19741dad02366f17
sndasset,#hash_18e0a60dc5a7d881
sndasset,#hash_42537f54a8a8acc5
sndasset,#hash_5fa5a7c8aba7ac8
sndasset,#hash_30bd271abf3a6e32
sndasset,#hash_4769a84384c79a23
sndasset,#hash_bccc5c05fff8ce7
sndasset,#hash_77f469d8381ad558
sndasset,#hash_2f1bfcfb383e0682
sndasset,#hash_106619deec329ed6
sndasset,#hash_73c64fc570920038
sndasset,#hash_1710cd0d8da83674
sndasset,#hash_23f004e0a4bb3996
sndasset,#hash_16ab8d367192a3cd
sndasset,#hash_5e656dd8da6f52d9
sndasset,#hash_729a9584ea18c942
sndasset,#hash_5b162f8d9d089f7c
sndasset,#hash_34ef8cc81b4b8a9b
sndasset,#hash_36ca8bce8ee8281f
sndasset,#hash_4eac484d862c4089
sndasset,#hash_5411598c22d9f28d
sndasset,#hash_d2f847eebd87233
sndasset,#hash_582f10e28b7ff877
sndasset,#hash_3eb5628e64e366f2
sndasset,#hash_11206b8a3619bc2c
sndasset,#hash_1c592a417e454429
sndasset,#hash_6b100224f434d0ed
sndasset,#hash_1850590f70aec262
sndasset,#hash_502787009d166c5c
sndasset,#hash_714db5c0ba918784
sndasset,#hash_576ac4b18f805ae6
sndasset,#hash_e104130a8899396
sndasset,#hash_71263ae442c1b478
sndasset,#hash_3e09ffe465859d7f
sndasset,#hash_17a552b9d17f5f0b
sndasset,#hash_7e5e443f1bbdce8
sndasset,#hash_312c105d42d85812
sndasset,#hash_65335b3c448bcb85
sndasset,#hash_79fc1c2a489de131
sndasset,#hash_334f9a520bfc8b47
sndasset,#hash_7fbbeb76195fd9f3
sndasset,#hash_690b9ae7f5db42ed
sndasset,#hash_34c5aca92613f1b9
sndasset,#hash_2dc9434bcee22e14
sndasset,#hash_328398658f46c2f6
sndasset,#hash_3603d189468c56c7
sndasset,#hash_19f74fce95be8c73
sndasset,#hash_6ac47cfc99a68c94
sndasset,#hash_d219176f1d84e76
sndasset,#hash_7768159b54948b7a
sndasset,#hash_775050a4da170294
sndasset,#hash_659b17039d25d18f
sndasset,#hash_6fb5193f3e2de0db
sndasset,#hash_1eca8f81d9c7713c
sndasset,#hash_7343686c99e53f9e
sndasset,#hash_5da46b17b19de814
sndasset,#hash_5d198de05ee3b0f6
sndasset,#hash_51383d1600698ae6
sndasset,#hash_4e01c56012a66c88
sndasset,#hash_363b8aa6193f8d32
sndasset,#hash_2b9dc76e604083ec
sndasset,#hash_25a2c8c2227ae63
sndasset,#hash_5fb7c183f9c7bfa7
sndasset,#hash_6d6e5c67a1fb210d
sndasset,#hash_6f49a57feb1df99
sndasset,#hash_62e76065fb539594
sndasset,#hash_2a5e4174247cc976
sndasset,#hash_526ed8a8c1a6ae65
sndasset,#hash_3d976f31acf25651
sndasset,#hash_5300211e8cc71597
sndasset,#hash_46f542f4302ce403
sndasset,#hash_3d35c849a2ab6b5f
sndasset,#hash_4e0aec07f5d7c22b
sndasset,#hash_43e716227cc7c314
sndasset,#hash_5d4b3b05d9c161f6
sndasset,#hash_5df315d5b4134506
sndasset,#hash_6305159c3370e468
sndasset,#hash_7cad3aecedab1525
sndasset,#hash_19a5a2c981e77e91
sndasset,#hash_2a2df04b15bf1bdd
sndasset,#hash_5d6331c4055dcaa9
sndasset,#hash_3492f349bf624ad0
sndasset,#hash_76bc817b129d253a
sndasset,#hash_e021e317ac1f99a
sndasset,#hash_1af3f25fa5fa2574
sndasset,#hash_721326e06d059cd1
sndasset,#hash_16ca7238086cec15
sndasset,#hash_6e940e1cb5edab22
sndasset,#hash_7a3ad91c359ebf9c
sndasset,#hash_4e87e6e7025c3723
sndasset,#hash_12ccc47eec7a43e7
sndasset,#hash_20e9a396e589bf1d
sndasset,#hash_569e07f5229b3069
sndasset,#hash_67ee0411e7cd07d5
sndasset,#hash_43125f1a9a108201
sndasset,#hash_6ee91ff918d6615f
sndasset,#hash_33bb49305c50e42b
sndasset,#hash_56e5188f78cc39b4
sndasset,#hash_589658e877cf656
sndasset,#hash_649abc63649e6b4c
sndasset,#hash_79553440bde0aaee
sndasset,#hash_35a1c105edac196d
sndasset,#hash_555f60b2627e539
sndasset,#hash_6ae180b911d66252
sndasset,#hash_1d456d248ce18c4c
sndasset,#hash_34ff116852ce1052
sndasset,#hash_49577a35ecb5d64c
sndasset,#hash_8a4f473e9b6f34c
sndasset,#hash_93416ba56ad42ee
sndasset,#hash_38bf9e31eb59d767
sndasset,#hash_36a0b1d26741f153
sndasset,#hash_40291e2f4a493fa3
sndasset,#hash_61e2e78702298d67
sndasset,#hash_5befdc1701a8ac62
sndasset,#hash_13b67d565e9fea5c
sndasset,#hash_22aedcaec6404da6
sndasset,#hash_6d2a934c5dc35bc8
sndasset,#hash_25c0b40793a7f8bf
sndasset,#hash_6a88c7ef2d51eecb
sndasset,#hash_157b29deac43e701
sndasset,#hash_2c3036d76e834845
sndasset,#hash_5b2a66572bc18576
sndasset,#hash_69cce2db9bbca518
sndasset,#hash_51ceb4b831e0ab61
sndasset,#hash_5838b3d146fe4a65
sndasset,#hash_6ca037e0a5a503aa
sndasset,#hash_12543b262ce19944
sndasset,#hash_283fec7e259d2836
sndasset,#hash_5d1dfb691dff1258
sndasset,#hash_7f097a2d7d172a40
sndasset,#hash_237766bbbded4dea
sndasset,#hash_7aa5a3fe4a4bf3c8
sndasset,#hash_6f274d9367963932
sndasset,#hash_961994f6868d845
sndasset,#hash_2cd8b6d92008a871
sndasset,#hash_78ae960e59c278f7
sndasset,#hash_c383aaaaa0e1023
sndasset,#hash_555ea5b1ba5a4c42
sndasset,#hash_6707be4bb39c487c
sndasset,#hash_31d15f95f36a85cf
sndasset,#hash_24c6e013cc4ed49b
sndasset,#hash_1662cd3135879d79
sndasset,#hash_3d499ccb8e0a11fd
sndasset,#hash_89d35889da651f1
sndasset,#hash_53787839dad24775
sndasset,#hash_6e7e71d1684f666
sndasset,#hash_3d24ce38a643ff08
sndasset,#hash_33c630b5c533c09c
sndasset,#hash_4051449f82b6b7be
sndasset,#hash_30ca9ab160e02f1f
sndasset,#hash_4105d18f7ccaa66b
sndasset,#hash_4dd54cae3cda2ab3
sndasset,#hash_1638ae58050f51f7
sndasset,#hash_5ec181ef0295535a
sndasset,#hash_7703e765139597b4
sndasset,#hash_74969fd1e82408c4
sndasset,#hash_318f075470e0b9a6
sndasset,#hash_6ac49badd785a7b7
sndasset,#hash_7a565c7dcfa73563
sndasset,#hash_3914884c92eabf6c
sndasset,#hash_249a6baf878159ce
sndasset,#hash_858a03a42b80ce1
sndasset,#hash_3e397e298f27fee5
sndasset,#hash_7b9e7b232a0482c7
sndasset,#hash_524ab612e36f9073
sndasset,#hash_70481b02cce59587
sndasset,#hash_5aab59b44d3f3eb3
sndasset,#hash_6b86250bfaade23d
sndasset,#hash_15ec651b1c69b7c9
sndasset,#hash_5dcbde5d8676d7e
sndasset,#hash_34b4ed4a32a83de0
sndasset,#hash_6fdb1d7d87a1caee
sndasset,#hash_1243e4824f79fbd0
sndasset,#hash_174426590d672ffb
sndasset,#hash_7d38b1d0c0a7c9bf
sndasset,#hash_3ae6c2efb6b6f754
sndasset,#hash_243a8b2ff0239eb6
sndasset,#hash_8fb0e487a42916c
sndasset,#hash_668b4388296b8fce
sndasset,#hash_23fc1902290a66ae
sndasset,#hash_16adf30d4f2b3710
sndasset,#hash_35306b1ad817df91
sndasset,#hash_51e7c0e9a9834655
sndasset,#hash_6731875fe2a66159
sndasset,#hash_5a0add7655c4bc9d
sndasset,#hash_5435d83fcfcef44
sndasset,#hash_1403c84ff1b2dd26
sndasset,#hash_44820c1fa1dc1e8c
sndasset,#hash_4e9e6aa3d4e3e8ae
sndasset,#hash_313ccfbe75245ff9
sndasset,#hash_497cab1a95b2497d
sndasset,#hash_50ba42cc0a96bfc3
sndasset,#hash_7f952c489e32c647
sndasset,#hash_25361e0dbc2c0f6c
sndasset,#hash_74010faf36e349ce
sndasset,#hash_661d47595fb98d63
sndasset,#hash_3e55ea480086fca7
sndasset,#hash_1c4ec4e07ef28268
sndasset,#hash_60b6a90d12015892
sndasset,#hash_7202d9e984d1e960
sndasset,#hash_1388aa2e18a4454a
sndasset,#hash_71b4db58cfea218a
sndasset,#hash_64a9331a0c425464
sndasset,#hash_254c3ee27696f3ae
sndasset,#hash_2e872a2001e7be10
sndasset,#hash_44b50725b8a4cd7
sndasset,#hash_125ad1fa97f3b8c3
sndasset,#hash_74066ae8eacff191
sndasset,#hash_50799cf2ac263c55
sndasset,#hash_71e85fc0f4d0c148
sndasset,#hash_170c32c94088b1b2
sndasset,#hash_1432f3af2ec1d601
sndasset,#hash_63799111cb2cb545
sndasset,#hash_12caba0650176da3
sndasset,#hash_60b7372bd1f15767
sndasset,#hash_490737dfa356cb3b
sndasset,#hash_7edd7ce7804a6c7f
sndasset,#hash_7e062426ee51308
sndasset,#hash_37db764d464fdf2
sndasset,#hash_4a7eae9182a43e0a
sndasset,#hash_62bd9061858859e4
sndasset,#hash_d270ec6bd342799
sndasset,#hash_1482d2104c086a5d
sndasset,#hash_3b0178a5aa399b99
sndasset,#hash_5617e7bd032c465d
sndasset,#hash_3b363c3325214fe4
sndasset,#hash_5aaa61c7d0b23286
sndasset,#hash_366af7949d88a41e
sndasset,#hash_236e5368a7fe1940
sndasset,#hash_7ff22ed70f702505
sndasset,#hash_510f54346a7b7db1
sndasset,#hash_2d132c2cca79c5e6
sndasset,#hash_858a0ac245b3d88
sndasset,#hash_5da1625ba533646f
sndasset,#hash_51be5dc621d01b7b
sndasset,#hash_27b901f04906f0a9
sndasset,#hash_271bbab04a07866d
sndasset,#hash_105b874697449599
sndasset,#hash_44dcb8945feef45d
sndasset,#hash_41c30daf11f1ab8b
sndasset,#hash_23676155bc8c170f
sndasset,#hash_56b7cdf31bac77d8
sndasset,#hash_2d8554e52c58de02
sndasset,#hash_1601416acece80f0
sndasset,#hash_1f1a031a1ece049a
sndasset,#hash_7840b3360d0ac501
sndasset,#hash_5124e578b5572245
sndasset,#hash_297033ade82cee1e
sndasset,#hash_67296eed622ab740
sndasset,#hash_30ffb545ba3c2b0e
sndasset,#hash_2908011b2c0eddb0
sndasset,#hash_669830ed216a2c58
sndasset,#hash_3169a5a324f2ab82
sndasset,#hash_64c0d736c182aa5b
sndasset,#hash_3b6248adbe70925f
sndasset,#hash_13f3a31210552167
sndasset,#hash_28d5a47e97138f53
sndasset,#hash_30344ab0460304e6
sndasset,#hash_5c1057c92f849a88
sndasset,#hash_47a061766c4e57e2
sndasset,#hash_6f90442a2343cdc
sndasset,#hash_2491021d6024aa33
sndasset,#hash_1dbe8c2e5c29a077
sndasset,#hash_1c64caae5ec40305
sndasset,#hash_44b2999853d657b1
sndasset,#hash_1118d07c5fb0db1a
sndasset,#hash_6f98b0f42e3a59f4
sndasset,#hash_37fb8193f32e4353
sndasset,#hash_10d54837b1fa15d7
sndasset,#hash_65d9abe22840a8e5
sndasset,#hash_528f54b4e9b735d1
sndasset,#hash_622c59491333ebe0
sndasset,#hash_10a1318e03143cca
sndasset,#hash_5c24073bef557e0a
sndasset,#hash_40e4023db29419e4
sndasset,#hash_22dfde6dfef00d5a
sndasset,#hash_3346f1cfa1af85b4
sndasset,#hash_4d5cd3159d98df09
sndasset,#hash_565aa38994fc3e0d
sndasset,#hash_621fab6af4dffb2d
sndasset,#hash_3f9b66dd0aa71779
sndasset,#hash_2a1f3865ed4b96ff
sndasset,#hash_443bcef4cadddb8b
sndasset,#hash_7d26ee88cac4da06
sndasset,#hash_336632d17ccf8368
sndasset,#hash_304a4a7182994e74
sndasset,#hash_7b5f251299e78196
sndasset,#hash_2a8f3a493f90a424
sndasset,#hash_56306b92ae10d846
sndasset,#hash_ac685036ed5789f
sndasset,#hash_7c050ba7a19512eb
sndasset,#hash_d86c0e65c43d157
sndasset,#hash_46fb6316140ef643
sndasset,#hash_1e0462db6bf8f561
sndasset,#hash_58ec8f1fa306e865
sndasset,#hash_3109f0d4b193eeac
sndasset,#hash_71a35bc2291dac8e
sndasset,#hash_783b5a9f23d4467e
sndasset,#hash_557948b9669a28e0
sndasset,#hash_268e87ac02825386
sndasset,#hash_4cc727507de47fe8
sndasset,#hash_3bfe6365307fae55
sndasset,#hash_240533d79197e581
sndasset,#hash_459d222a6f080db0
sndasset,#hash_190899ebceadb3e0
sndasset,#hash_247f481101bb8421
sndasset,#hash_69a47099506289b2
sndasset,#hash_78381b80654210e4
sndasset,#hash_e030fd4b103a8d1
sndasset,#hash_3abe73054bf0b360
sndasset,#hash_368966f2f0798796
sndasset,#hash_3070abffbb951078
sndasset,#hash_1f4035bdac9e78ff
sndasset,#hash_3d62b409d77f418b
sndasset,#hash_6581c052b974fec1
sndasset,#hash_5b317d998769a5cd
sndasset,#hash_7c047888f16918d9
sndasset,#hash_77a55c3e2db423d4
sndasset,#hash_6fb975a803f8d436
sndasset,#hash_7492178be7435985
sndasset,#hash_947d40ee1c68d35
sndasset,#hash_50e27a23832c721
sndasset,#hash_4b19f3843d725270
sndasset,#hash_10e96b98e367091a
sndasset,#hash_2d82ca21191da49c
sndasset,#hash_4607d8a679b850e
sndasset,#hash_7aadb6d27932abb0
sndasset,#hash_622cbaee3a22421b
sndasset,#hash_1252242d846c1e9f
sndasset,#hash_4d6a8b612a91e3be
sndasset,#hash_1e6b198a6878c850
sndasset,#hash_41a752b800c6adba
sndasset,#hash_58cbd733154dd7a1
sndasset,#hash_7b199fa62c9ffd25
sndasset,#hash_37b2c44ff9014aaf
sndasset,#hash_b140aa40f16e2d3
sndasset,#hash_4844d2ab877ac457
sndasset,#hash_c92f2037a07d686
sndasset,#hash_23ef0fcb6bc428e8
sndasset,#hash_4cce2a43727afc3b
sndasset,#hash_253e60814d518f5f
sndasset,#hash_9138710daffae2b
sndasset,#hash_79c15ac72cd8c22
sndasset,#hash_6f49cdda625cc29c
sndasset,#hash_48e0213be5495182
sndasset,#hash_342d4d933695dbdc
sndasset,#hash_44ba278a8534df7e
sndasset,#hash_54f105b3a1b8c8d5
sndasset,#hash_5d6a1e9ead262501
sndasset,#hash_f3b025b0ba2243c
sndasset,#hash_2fe602815e70f1a
sndasset,#hash_3d293ec22b875f4
sndasset,#hash_340f499a20502ab
sndasset,#hash_661ab127c5baa76f
sndasset,#hash_e9d0acf6458ab95
sndasset,#hash_67ee212a1b241e21
sndasset,#hash_59bc0124692e40a5
sndasset,#hash_6adba6b16d9895e8
sndasset,#hash_763cef6fa4cde312
sndasset,#hash_10516d62034ff941
sndasset,#hash_1e3333955602ed19
sndasset,#hash_17dd9e797445cadd
sndasset,#hash_6e727e8c9d72ea0c
sndasset,#hash_6aa5f2dbdcf79b2e
sndasset,#hash_1543cc7f97939ec0
sndasset,#hash_42e11d9692180af2
sndasset,#hash_f22b1be195d282c
sndasset,#hash_657b4b2b81ad523f
sndasset,#hash_21d25abc8ef28b4b
sndasset,#hash_4318c9bdf7cb5b6a
sndasset,#hash_5ade706ef963fec5
sndasset,#hash_3dde6d38e39b9c03
sndasset,#hash_adf624e3075c831
sndasset,#hash_199503838982471e
sndasset,#hash_1a13532394062240
sndasset,#hash_7989e01daa857d8a
sndasset,#hash_5f91f79c4e6ee864
sndasset,#hash_3c8d15572b27da1e
sndasset,#hash_6e23b1c902ebfb40
sndasset,#hash_4a733bed747f8185
sndasset,#hash_1c2f069de7394331
sndasset,#hash_7333a761bf6fc053
sndasset,#hash_6906a19f600f6cd7
sndasset,#hash_6233447484265144
sndasset,#hash_b52adea9747c326
sndasset,#hash_23d344434a346301
sndasset,#hash_68c396e859db3c45
sndasset,#hash_6336d6e5a3a836d7
sndasset,#hash_7c4bcce9146936c3
sndasset,#hash_2f51f9b13b8cfe6e
sndasset,#hash_1b77c5baab41e650
sndasset,#hash_1fd498ca907e89cd
sndasset,#hash_6184b30876e544d9
sndasset,#hash_164d00ddc06ee882
sndasset,#hash_af24404f4b1893c
sndasset,#hash_1295a08afd442747
sndasset,#hash_2cd9eba832a92df3
sndasset,#hash_11a08cd388a0fa48
sndasset,#hash_398bf54338a8bcb2
sndasset,#hash_166e755d4267092c
sndasset,#hash_5160c69f4139ec0e
sndasset,#hash_32a3f62b3a04f96e
sndasset,#hash_edd36db3695f750
sndasset,#hash_6f025bcdfadb9009
sndasset,#hash_584d3b74e210b10d
sndasset,#hash_784e3af7655b8351
sndasset,#hash_74c89efc44960f95
sndasset,#hash_2419ca5dbc578887
sndasset,#hash_388336d511ee37b3
sndasset,#hash_8947c2cdebe5c09
sndasset,#hash_35de931bdf3d950d
sndasset,#hash_25cdbcc41407dc3b
sndasset,#hash_2d4e7dd9a4cdff7f
sndasset,#hash_64f0860330b3784e
sndasset,#hash_7ca542b943b97170
sndasset,#hash_a80b424eb4d06ce
sndasset,#hash_c9381ff7b9c8cf0
sndasset,#hash_303ab4e141d463b5
sndasset,#hash_125d4bc4c9ddbaa1
sndasset,#hash_166ac12ba14e9139
sndasset,#hash_223611c479c7063d
sndasset,#hash_6bb2513b1bb29587
sndasset,#hash_7dae0c5ea8863eb3
sndasset,#hash_20b9166811ded9e5
sndasset,#hash_42dd58f7e12e28d1
sndasset,#hash_ac81ac70c617ca0
sndasset,#hash_6be75587d77350a
sndasset,#hash_36526fb7779c0410
sndasset,#hash_42a60b853b1e50fa
sndasset,#hash_1da7633794bf1525
sndasset,#hash_76f8740266a37e91
sndasset,#hash_336a2fbfaa4b3b7e
sndasset,#hash_5449f251430ce7e0
sndasset,#hash_1c00d5e1bf2f35d2
sndasset,#hash_2ef54455224e56cc
sndasset,#hash_50bf3e5757df3d0f
sndasset,#hash_79ba45a6e6e5735b
sndasset,#hash_312dc4b271a7a554
sndasset,#hash_42909c219542e8b6
sndasset,#hash_151130789a00290b
sndasset,#hash_514f6e5b949d9f8f
sndasset,#hash_16a93e0b763c8544
sndasset,#hash_27d4c7c57365df26
sndasset,#hash_5232ef2491c0cf0f
sndasset,#hash_74bc93e1bd94e95b
sndasset,#hash_2200a51c6bc2817b
sndasset,#hash_d373069b4374e3f
sndasset,#hash_e142286fa19022b
sndasset,#hash_6ee0175675c175ef
sndasset,#hash_230de26ad6b390b0
sndasset,#hash_7198d42ae51813da
sndasset,#hash_618c7459514aabfa
sndasset,#hash_1f545dd3857a9414
sndasset,#hash_434c69c387734c56
sndasset,#hash_6bb52234cec18b8
sndasset,#hash_3e0671e384786bc8
sndasset,#hash_13b031a05878a132
sndasset,#hash_3f048261d690aca0
sndasset,#hash_6dcbecec0796c50a
sndasset,#hash_18af7b8763e53ab5
sndasset,#hash_6515ea4c4866dfa1
sndasset,#hash_3d8744e6571aad01
sndasset,#hash_4ea6ea80878dda45
sndasset,#hash_bf760a57f5ab170
sndasset,#hash_2e88c7d7e899c61a
sndasset,#hash_2230bd0dec3ebc80
sndasset,#hash_37d3e497816f92aa
sndasset,#hash_44159c551a6d27bc
sndasset,#hash_255e2523090bd31e
sndasset,#hash_6c0e5899b4396758
sndasset,#hash_2dc99debee847c82
sndasset,#hash_5031af9df8b4ec0f
sndasset,#hash_667300f394fe205b
sndasset,#hash_559bb97e7df0515
sndasset,#hash_1cfd308b9fd395c1
sndasset,#hash_6aaddb8133b27522
sndasset,#hash_813ed68aa5cdd9c
sndasset,#hash_745af4b2de3a4163
sndasset,#hash_34136be0c2d498a7
sndasset,#hash_59272b408cbe5f85
sndasset,#hash_57829596d1751d31
sndasset,#hash_7cc9cdd332321fc
sndasset,#hash_17d9cc54d6eecede
sndasset,#hash_158729f2fc7acb7b
sndasset,#hash_23f83050d01fec3f
sndasset,#hash_396f128f8b319bf8
sndasset,#hash_1b8c8abf890d2be2
sndasset,#hash_56a6d319a7822269
sndasset,#hash_5410c58aee1972ad
sndasset,#hash_25c6fb9b57ae27da
sndasset,#hash_4dbf0fb257acc534
sndasset,#hash_47a2ccd8c5c25c42
sndasset,#hash_7a7a020b237a787c
sndasset,#hash_676673224e84c86c
sndasset,#hash_495450f2a2ccd4ce
sndasset,#hash_59969cea14b2efe3
sndasset,#hash_79f7333b25411427
sndasset,#hash_5c275daee18364c3
sndasset,#hash_65fc7097a3089547
sndasset,#hash_2c3beebf31755f31
sndasset,#hash_2e5aa290db1b9135
sndasset,#hash_57c16394660627af
sndasset,#hash_38845d46d1de733b
sndasset,#hash_3e7e23472f5f2c29
sndasset,#hash_45ac07f3c34988ed
sndasset,#hash_2db31238121dd4ac
sndasset,#hash_743e470591ad9e8e
sndasset,#hash_87367af359dbcf4
sndasset,#hash_278a096143df3d16
sndasset,#hash_3450d039de5029df
sndasset,#hash_27fd107c86ee6dab
sndasset,#hash_398149a9237c7d1b
sndasset,#hash_fdc7abc53beef9f
sndasset,#hash_5bab26126ba97d59
sndasset,#hash_2b1e8dde3f90909d
sndasset,#hash_1295d72a074e3c87
sndasset,#hash_6983e0e5c1ddd3b3
sndasset,#hash_203957c68fbd6dba
sndasset,#hash_595ced389bfa8254
sndasset,#hash_51eb93449c1a3c0a
sndasset,#hash_50d54e9e9b5593e4
sndasset,#hash_40e4dfc79f3d89b3
sndasset,#hash_25918bf387d30ef7
sndasset,#hash_2479666fc4115600
sndasset,#hash_374d06bc09efef2a
sndasset,#hash_3e79b45edecc0258
sndasset,#hash_6e6de5b8ee646d82
sndasset,#hash_78ba9d23cae9cead
sndasset,#hash_13517645a686e1f9
sndasset,#hash_723ff46081277a6a
sndasset,#hash_35aa17cda8e13884
sndasset,#hash_3846f27c0da6b6b1
sndasset,#hash_1ea42db9f0eb67b5
sndasset,#hash_4ad387a37dc33f7e
sndasset,#hash_3337c8f8f81e73e0
sndasset,#hash_6e0e56aeeae62179
sndasset,#hash_43759c20903f1dfd
sndasset,#hash_3e615bf41c0fe6e9
sndasset,#hash_77b113fad7c9702d
sndasset,#hash_19de5831607ad949
sndasset,#hash_783c58b2dace48cd
sndasset,#hash_78c6049c62f2cd62
sndasset,#hash_28660530def4ad5c
sndasset,#hash_13d68d425ecaf23c
sndasset,#hash_194a2d054caa229e
sndasset,#hash_27f035acafb84cb0
sndasset,#hash_795c6abfcbc4c7da
sndasset,#hash_3e1668a9b3d155c6
sndasset,#hash_61a993e0332c1a8
sndasset,#hash_4bf4104c9d4e0a26
sndasset,#hash_1f6a63a9e3a04148
sndasset,#hash_94cb26de60474db
sndasset,#hash_fef410c97fae1df
sndasset,#hash_728cbff6aebd2f87
sndasset,#hash_afa5b426f63ccb3
sndasset,#hash_4086f452ef5be76a
sndasset,#hash_63f9f1969f495f84
sndasset,#hash_7ad04a9b7b82c01a
sndasset,#hash_7ecb71178437e8f4
sndasset,#hash_3bdc83ccb13bb606
sndasset,#hash_177d499ab7de9768
sndasset,#hash_5951007e8f4fad5a
sndasset,#hash_6d4d78a16eea65b4
sndasset,#hash_6403efaaf4c00c99
sndasset,#hash_459b4e4e5ef3f95d
sndasset,#hash_314d00da1d007da7
sndasset,#hash_13fe232f52db0d13
sndasset,#hash_27bafabac75f0570
sndasset,#hash_18e74c3e790e421a
sndasset,#hash_20927439ef4f2475
sndasset,#hash_5e95511ce4134de1
sndasset,#hash_5f602c682a8c8df3
sndasset,#hash_5ce8452d1fa805b7
sndasset,#hash_150e401959b67532
sndasset,#hash_e80afab224c3bec
sndasset,#hash_7146ec1275b07e31
sndasset,#hash_73b2166649ce8e35
sndasset,#hash_3f52a22b315b9086
sndasset,#hash_217099b8622916e8
sndasset,#hash_e6c9a7cbd501d1b
sndasset,#hash_3d5567b0d0d5cf9f
sndasset,#hash_2b038e0fed33204c
sndasset,#hash_58832ecbfd54a9ee
sndasset,#hash_3eef3eb29f5b7508
sndasset,#hash_4c1e413ad4c0e3f2
sndasset,#hash_680defa8ffba49a
sndasset,#hash_354d863781154674
sndasset,#hash_692ec3bf181629e5
sndasset,#hash_6f0c7753dfb218d1
sndasset,#hash_50dbd3855a949b0d
sndasset,#hash_5f46e53494900d99
sndasset,#hash_3e30c522cb5bcfdb
sndasset,#hash_7db5bf5b897112df
sndasset,#hash_41f3909f72b47f8d
sndasset,#hash_146fd5b321026b19
sndasset,#hash_49456030c462a75f
sndasset,#hash_73061637628bf62b
sndasset,#hash_6f57a012cda3628a
sndasset,#hash_7960b4fdeed07764
sndasset,#hash_76d75e74ce159b2
sndasset,#hash_1c8abdcef1ff996c
sndasset,#hash_40abf231e47dfd1
sndasset,#hash_7bfffd91b1cad515
sndasset,#hash_73dc83e29a124165
sndasset,#hash_786c0826466a2f51
sndasset,#hash_34ac5022ed8cce23
sndasset,#hash_2fa659c697caa8e7
sndasset,#hash_7d11a210f2e4ec1
sndasset,#hash_4d505215790d4985
sndasset,#hash_3fa983cf29f2f2f4
sndasset,#hash_a230291b32f1f16
sndasset,#hash_57c96b60b1eaaca4
sndasset,#hash_646641ec4de721c6
sndasset,#hash_45bfde9201d334c1
sndasset,#hash_3e522f6c900e3b85
sndasset,#hash_779d5b1baa85d422
sndasset,#hash_7e22b1f574709a9c
sndasset,#hash_a172136cfb049e
sndasset,#hash_28fa66c284ae6ac0
sndasset,#hash_47d6f7ab31b68cd3
sndasset,#hash_6cd6fa0b7d9d8257
sndasset,#hash_797482c86a211ec8
sndasset,#hash_b6c1db33fd3da32
sndasset,#hash_490b82d76554adff
sndasset,#hash_53f2d59312e7c08b
sndasset,#hash_63c9e77393444758
sndasset,#hash_1804f642d0791c82
sndasset,#hash_4c38c967759137a3
sndasset,#hash_47058f7913ae7567
sndasset,#hash_240cd52bd3431ab7
sndasset,#hash_3eecd1101888ae63
sndasset,#hash_4c344841e3851b57
sndasset,#hash_35c063c440f29443
sndasset,#hash_790fedaf5863878c
sndasset,#hash_aadd2d9e3bb83ae
sndasset,#hash_2f8666c5f49550e6
sndasset,#hash_5ec4f4b5b98ffe88
sndasset,#hash_15ebddd6e45e27da
sndasset,#hash_7aa18f4a9fbcc534
sndasset,#hash_13f45693b240284c
sndasset,#hash_2ac3c5460eaec1ee
sndasset,#hash_286a54c202671f64
sndasset,#hash_3b8ef282d31c7106
sndasset,#hash_518528c6b6d69aa1
sndasset,#hash_7852eb0b72416625
sndasset,#hash_20cc3992089e4a75
sndasset,#hash_74dccda42d6affe1
sndasset,#hash_38934c30ae45296c
sndasset,#hash_794f9ae2415c57ce
sndasset,#hash_7817374e303b0281
sndasset,#hash_70671b6226cf2b6f
sndasset,#hash_593216d9a24b6d82
sndasset,#hash_584842f797dd4162
sndasset,#hash_783a4d60a954ab8b
sndasset,#hash_710a75ba7fe1e7a8
sndasset,#hash_192f8398b9a2c8b0
sndasset,#hash_6cb5694f83594315
sndasset,#hash_791f01d9ac0ec282
sndasset,#hash_1d5c36d085286b09
sndasset,#hash_6b1d5c87eba94276
sndasset,#hash_41fc33ca3b969bc1
sndasset,#hash_a946509963374b1
sndasset,#hash_2ac513a96039f181
sndasset,#hash_7e7313156be0b09a
sndasset,#hash_7c80c0251d2f4384
sndasset,#hash_31ca9e0c0118e6c8
sndasset,#hash_6855d8051f98ef8e
sndasset,#hash_6cb7e79db3b462be
sndasset,#hash_67b6d4018e526a43
sndasset,#hash_44f392cf576c7bef
sndasset,#hash_2457f524b0dd3d42
sndasset,#hash_2d094b85015646de
sndasset,#hash_67b364f642057580
sndasset,#hash_f0f2039cbe98038
sndasset,#hash_786d62dfe0c112a2
sndasset,#hash_6d9e3764dc49190d
sndasset,#hash_6772e4915b88c799
sndasset,#hash_6ccf057557fa87a
sndasset,#hash_51a3977182053994
sndasset,#hash_833a83936fa1cca
sndasset,#hash_21726194dbe7fe24
sndasset,#hash_4c728e38576d9cae
sndasset,#hash_328d5431fde51910
sndasset,#hash_321a2454686e4bc3
sndasset,#hash_387407c05c85ea47
sndasset,#hash_7d7c1c9e0de4a875
sndasset,#hash_3712fe165c8d59e1
sndasset,#hash_3f22da0fdc4df6b8
sndasset,#hash_6a9ff14ee22be622
sndasset,#hash_32c48ddd0ce6cfb8
sndasset,#hash_4326aae7ee21d122
sndasset,#hash_3f85dcc6b3ae1245
sndasset,#hash_5a28bed4cbd21671
sndasset,#hash_54ec2e4633ef3b9f
sndasset,#hash_4ea68b40b2497beb
sndasset,#hash_7bf7d3ad588aefde
sndasset,#hash_47d91a70f05cd080
sndasset,#hash_1054e100e11e14df
sndasset,#hash_d73ebe664de4eab
sndasset,#hash_2c2410eaf6fce401
sndasset,#hash_6d248c27ffcf1f45
sndasset,#hash_1797c7a8615e2349
sndasset,#hash_5c2a1f5c2557e6cd
sndasset,#hash_1d633d25305dcb2c
sndasset,#hash_5728915851faf20e
sndasset,#hash_50ef26f23bbd87e8
sndasset,#hash_4c2fb96b574b7912
sndasset,#hash_23aa3d73457bc69d
sndasset,#hash_30054c4244cf16e9
sndasset,#hash_5fd353d8e67212cf
sndasset,#hash_3743dfc66b9c5b9b
sndasset,#hash_5c42aa054b02aedc
sndasset,#hash_1b6532b997a8787e
sndasset,#hash_31f7cbe259d3706a
sndasset,#hash_1c3462ea913d5a84
sndasset,#hash_68db7b464964d5ab
sndasset,#hash_617351d34a27406f
sndasset,#hash_26cf85f4e04fb8c
sndasset,#hash_35ab7b1187335fae
sndasset,#hash_3c0e413aa14df16c
sndasset,#hash_4dd895ba9891afce
sndasset,#hash_18a3a1421eefeef8
sndasset,#hash_5607cf3e170544e2
sndasset,#hash_59929c644f15b6d1
sndasset,#hash_1684637d256afa15
sndasset,#hash_760c5a2c4c8509db
sndasset,#hash_5087d28e746680df
sndasset,#hash_3ead3bfac8a6204a
sndasset,#hash_74d4b08bff6058a4
sndasset,#hash_5f13468fb29f9186
sndasset,#hash_2b2f0c95d6df79e8
sndasset,#hash_59a582031ad7d033
sndasset,#hash_15c5742a772d5277
sndasset,#hash_4f6f3a316bf77cc9
sndasset,#hash_78e47dc4dc34834d
sndasset,#hash_36e547c2c63b705c
sndasset,#hash_4020a404f53a4cfe
sndasset,#hash_12bd939bbd922a91
sndasset,#hash_72a89f232fdc4755
sndasset,#hash_13df83b53b0a135b
sndasset,#hash_45c34f736482d5f
sndasset,#hash_7401d2fce185d69b
sndasset,#hash_79f5a764ceeb8c1f
sndasset,#hash_e05248b29b54e0a
sndasset,#hash_6531122e21c189e4
sndasset,#hash_147283e8b4b77696
sndasset,#hash_754a51c057e7d78
sndasset,#hash_5526ccb92482fed7
sndasset,#hash_1d4dd83a37d48ec3
sndasset,#hash_6fe426e6dc618d8d
sndasset,#hash_324ed4ff8bad519
sndasset,#hash_4c307ba040eaab22
sndasset,#hash_1e09179ab775bf9c
sndasset,#hash_422df60c0ce0a9d4
sndasset,#hash_7adcc6d91baca636
sndasset,#hash_15698c413b5262d9
sndasset,#hash_c1d2822cf68511d
sndasset,#hash_62f8b85795db6906
sndasset,#hash_359203aa7ebed068
sndasset,#hash_14742ca560a20ee
sndasset,#hash_6f64dedddf6f3dd0
sndasset,#hash_11d4ac9d624c5422
sndasset,#hash_311b8ff937341a9c
sndasset,#hash_6b45f2531283fc67
sndasset,#hash_777cb0ee6ae04053
sndasset,#hash_1bde9ba37b57bf31
sndasset,#hash_22a41b2cc966b135
sndasset,#hash_27bc169a31e79b44
sndasset,#hash_80bb036a7ab6126
sndasset,#hash_66f72ea0bc763e74
sndasset,#hash_379a0da985b85196
sndasset,#hash_51bb7db084d4ede9
sndasset,#hash_5558d27119e1252d
sndasset,#hash_7043506751cddd9b
sndasset,#hash_5de931b136ac411f
sndasset,#hash_65538b45f8982a0a
sndasset,#hash_2c02db83f6949de4
sndasset,#hash_1676045b69a427b
sndasset,#hash_2c42c6308a90f13f
sndasset,#hash_78147f7ab100b4d5
sndasset,#hash_1b83305b31ae6901
sndasset,#hash_3544fddf07789eed
sndasset,#hash_142e9cfb820685b9
sndasset,#hash_fe27b575e327430
sndasset,#hash_1dd47ffb89dd0e5a
sndasset,#hash_44bbaff206529da4
sndasset,#hash_474b49d35ae354c6
sndasset,#hash_289d408e51c13309
sndasset,#hash_6eea0545df5cba0d
sndasset,#hash_5441dc4fb365567b
sndasset,#hash_79ae54288f61ad3f
sndasset,#hash_e8a0d2788e4a51
sndasset,#hash_c6f167e209f0495
sndasset,#hash_7cf186cd2d5559cd
sndasset,#hash_2d533cd64017b4d9
sndasset,#hash_459f58e9d7748f1c
sndasset,#hash_37aa0825a0c7933e
sndasset,#hash_1cc0979771718ebe
sndasset,#hash_4c0059dc5b63b6a0
sndasset,#hash_1710b88e70580556
sndasset,#hash_5c2cb5f428f9a3b8
sndasset,#hash_c6e6603925a171f
sndasset,#hash_4acb55bbb0ff5e6b
sndasset,#hash_6fd6f6def02c4b4b
sndasset,#hash_146e6d0e9559074f
sndasset,#hash_31f3ff9cef2a0eef
sndasset,#hash_49b8f404fc4d0afb
sndasset,#hash_7892f6d64691d5aa
sndasset,#hash_32b68864456acf44
sndasset,#hash_79b59979192dd3a8
sndasset,#hash_42e2aec760c67e52
sndasset,#hash_407b08544c549ab0
sndasset,#hash_1a45babc2682f1da
sndasset,#hash_4ceef5035aeef3fd
sndasset,#hash_518dc300c3e76b09
sndasset,#hash_25880d9ec76a3415
sndasset,#hash_71a669aa351cc2c1
sndasset,#hash_61e7588d04447849
sndasset,#hash_222f81cfbe9cc5cd
sndasset,#hash_4340e8ced7df470
sndasset,#hash_59660e8ac6faaf1a
sndasset,#hash_3ece53c796bdb452
sndasset,#hash_1487936084a424c
sndasset,#hash_cfeeae8bb2bd4d2
sndasset,#hash_668d7cf73fd5d3cc
sndasset,#hash_4cd788bacdd78dc3
sndasset,#hash_4b2cc60c878e7047
sndasset,#hash_55a15dda0feb0d4a
sndasset,#hash_4a6dc5653c29ffa4
sndasset,#hash_1b82fa667655ca6f
sndasset,#hash_7bb5f8ba598d7b
sndasset,#hash_41352fdcdec71b3d
sndasset,#hash_109d20f35ac4c2c9
sndasset,#hash_2243222a4c0dd5f7
sndasset,#hash_4e70cf7744b50723
sndasset,#hash_1a7a1d4b1a699bbd
sndasset,#hash_7051ec29db517449
sndasset,#hash_4b55390068859910
sndasset,#hash_30a7ee511824effa
sndasset,#hash_792f242a16ff10d7
sndasset,#hash_2b4eca62eb4384c3
sndasset,#hash_19860edea7c1109c
sndasset,#hash_69dd25e9527ca7be
sndasset,#hash_74b66c9dca7d40fa
sndasset,#hash_781645da50bc3314
sndasset,#hash_34289224af025182
sndasset,#hash_30aea4fea82d243c
sndasset,#hash_27e9b14172317c4e
sndasset,#hash_15228c2011cfd70
sndasset,#hash_1bc1763e7cb23996
sndasset,#hash_6a5f06af5d35e678
sndasset,#hash_2f59ab0bfc820fb
sndasset,#hash_5dc8eb2e3eeefcbf
sndasset,#hash_7a5d62a83f03466c
sndasset,#hash_713e0de1e5e38ece
sndasset,#hash_50ba371e32cea994
sndasset,#hash_7aad1169bb5d8576
sndasset,#hash_5b962f70197d1970
sndasset,#hash_74381169daf7fe1a
sndasset,#hash_548171773fb9218e
sndasset,#hash_1daa70741af33130
sndasset,#hash_747b8ecebbd70bbd
sndasset,#hash_4b96f35e2903c449
sndasset,#hash_49d3dabca5f35354
sndasset,#hash_4c4eff0bd69332b6
sndasset,#hash_1904ebcb80695a05
sndasset,#hash_7905db4ba5ccfcb1
sndasset,#hash_325bffd312028353
sndasset,#hash_6386e424408ed5d7
sndasset,#hash_1a11dbcf8b364005
sndasset,#hash_107d76dda445eeb1
sndasset,#hash_437391cf28939c87
sndasset,#hash_124152d0f971f3b3
sndasset,#hash_38c366279ffa9129
sndasset,#hash_607205a4d23397ed
sndasset,#hash_518855729d6f26e4
sndasset,#hash_279cd523ead25786
sndasset,#hash_ef82dbbf8010c25
sndasset,#hash_93af344526c0391
sndasset,#hash_6b62b193ceb2d7eb
sndasset,#hash_3fd8af3e123c992f
sndasset,#hash_21c520f5d52ba845
sndasset,#hash_675de4ec097f1871
sndasset,#hash_117eef5c6a8d80e7
sndasset,#hash_6f3877a1caeb7dd3
sndasset,#hash_26ebff2d42d3e1a2
sndasset,#hash_720e418156b6d31c
sndasset,#hash_6d9b899a1c90cd21
sndasset,#hash_514dfd08f7abeda5
sndasset,#hash_5d43a11446ed7c3a
sndasset,#hash_4ddd540953111dd4
sndasset,#hash_74182b90f771277c
sndasset,#hash_33297ee541e1ef5e
sndasset,#hash_44bc49512d3ecbf0
sndasset,#hash_19d4bb914849059a
sndasset,#hash_55db9c2df4ab8874
sndasset,#hash_37af662028f7ef96
sndasset,#hash_11fadab7d1fd9ea8
sndasset,#hash_225faecd882fff52
sndasset,#hash_70a5a9f20e7efe95
sndasset,#hash_643528984b801241
sndasset,#hash_5c5a18f9716e1c1a
sndasset,#hash_69cd0ece76547cf4
sndasset,#hash_1ac0ab3e02989b2
sndasset,#hash_67ce909e9aca296c
sndasset,#hash_3f4839214693ecde
sndasset,#hash_7fc3b124c998a780
sndasset,#hash_7431aea9cc5e7430
sndasset,#hash_6128f60e5ce10e5a
sndasset,#hash_3c0f2584347f78bf
sndasset,#hash_5fb621bb1ba86ecb
sndasset,#hash_5039dab1a9545d16
sndasset,#hash_3efd413371ca0f8
sndasset,#hash_581a61b4dac61063
sndasset,#hash_3fa78f6f319ba5a7
sndasset,#hash_be0ee04ab5c329d
sndasset,#hash_3c7a85a8eb50dae9
sndasset,#hash_661ff28322a2ef23
sndasset,#hash_91a94e778036be7
sndasset,#hash_19937c358f9cee35
sndasset,#hash_77f06f1725444a21
sndasset,#hash_458bd4f122e9ffbb
sndasset,#hash_3794d58e7d74b9ff
sndasset,#hash_3c9a76983f6f3906
sndasset,#hash_6456fe1077084068
sndasset,#hash_4e80bef245a55a23
sndasset,#hash_72da325f0740cce7
sndasset,#hash_6d9b8b3ed3f3b851
sndasset,#hash_1def63406a648e95
sndasset,#hash_5df5735abf37893b
sndasset,#hash_3292fa2ef8dfe67f
sndasset,#hash_8d8ea4a2eecffa1
sndasset,#hash_2a47c0d653bc7525
sndasset,#hash_6e3f78bf07473e14
sndasset,#hash_1138594e26fbf2f6
sndasset,#hash_7fea4f4c4611c2b3
sndasset,#hash_3f9a0ea6827f19f7
sndasset,#hash_168a9380c5c41030
sndasset,#hash_1a67a3fc05c4625a
sndasset,#hash_5d2057a889a296
sndasset,#hash_209f2a50e9fd8178
sndasset,#hash_2cdd37b116b4a05e
sndasset,#hash_7e52d3acb5111200
sndasset,#hash_74163145f32b5f92
sndasset,#hash_d2233931bbea90c
sndasset,#hash_482c0bc291fd88da
sndasset,#hash_792137deb1894834
sndasset,#hash_5cbacfd27f6c5f7
sndasset,#hash_6333c822d329d723
sndasset,#hash_347cd5e287c05350
sndasset,#hash_54f509b29dff6eba
sndasset,#hash_60d817b379019f78
sndasset,#hash_4eba700336718662
sndasset,#hash_3c8fb927f1b6db04
sndasset,#hash_204c43bb9c02a566
sndasset,#hash_43f64f92e6ceca42
sndasset,#hash_120df24102d5027c
sndasset,#hash_46f31fda0f57b3a1
sndasset,#hash_17afed37d7881125
sndasset,#hash_2bc1f5d13d0eacd0
sndasset,#hash_a519df64adb0b3a
sndasset,#hash_3c78afbd5fe82ca9
sndasset,#hash_12d0be46e9f9ba6d
sndasset,#hash_2cad1fd4daf6553f
sndasset,#hash_aa469313e6cb44b
sndasset,#hash_129ee7e74584e7e1
sndasset,#hash_5fa3ab610c0eafe5
sndasset,#hash_552567e08d75f65b
sndasset,#hash_3d76bcfacefef65f
sndasset,#hash_59805b00e6b129cd
sndasset,#hash_c64df7c22b924d9
sndasset,#hash_3369afe8582808e8
sndasset,#hash_55f788373ce55c12
sndasset,#hash_9e86604d08013a
sndasset,#hash_68af2216b5648cd4
sndasset,#hash_4d8131fa22665972
sndasset,#hash_531ff37e0da683ac
sndasset,#hash_4251a95afc9ac607
sndasset,#hash_7a8b90283de60033
sndasset,#hash_1494de56a2e83f7b
sndasset,#hash_79cb0b2e4a7bc83f
sndasset,#hash_5db1a7cda3a28dd9
sndasset,#hash_57f3565c9d36f21d
sndasset,#hash_27e70d507eb332e2
sndasset,#hash_55799f4416e2eddc
sndasset,#hash_63e7e3b299d141c
sndasset,#hash_2274180f3885023e
sndasset,#hash_4aab761cbe03abdc
sndasset,#hash_555250408ccc4f7e
sndasset,#hash_394b477da02b9901
sndasset,#hash_65ee16b79ed11e45
sndasset,#hash_3eead603cc092565
sndasset,#hash_1148ea312f4c5b51
sndasset,#hash_31f744bb89f81553
sndasset,#hash_782aacc860fa4bd7
sndasset,#hash_4a3cd3bcae1632fc
sndasset,#hash_feaf7f946f861de
sndasset,#hash_4ba530471be69cde
sndasset,#hash_7584038ed572b780
sndasset,#hash_137041e6dbecfd8e
sndasset,#hash_4c9fe0b7e0194530
sndasset,#hash_17e81853cac0866b
sndasset,#hash_3e4681478f4814af
sndasset,#hash_2995c4e2a5dbf72f
sndasset,#hash_2354094491f8b1bb
sndasset,#hash_3669f77834fe4c45
sndasset,#hash_76ef2918ebdc8471
sndasset,#hash_73b4f377635770f7
sndasset,#hash_19cc3a519559f823
sndasset,#hash_151d0eefe9e2ea5d
sndasset,#hash_13fa9f3a1c37a629
sndasset,#hash_4f4e335b522612d2
sndasset,#hash_7c52e74a6247cdcc
sndasset,#hash_16a9d759107bc1ef
sndasset,#hash_9d2d22ef00343fb
sndasset,#hash_6b0aced1a2a8b003
sndasset,#hash_78e6d66c23907
sndasset,#hash_3757663011b197
sndasset,#hash_553154775e9f3803
sndasset,#hash_23d7c4645b9c0237
sndasset,#hash_2b56b3da934534e3
sndasset,#hash_145f891d0160a4ee
sndasset,#hash_7b5011eeb08c49d0
sndasset,#hash_541a15fcc6605cde
sndasset,#hash_265c9fb86c07f780
sndasset,#hash_5c3972abe682af2e
sndasset,#hash_4f7280aa42344090
sndasset,#hash_21e2ad266c15b300
sndasset,#hash_75e13db28521e62a
sndasset,#hash_7775e5d43a23b797
sndasset,#hash_3e82ddae94138a03
sndasset,#hash_62dd5643107e7f5b
sndasset,#hash_d8fcbdc4b05f15f
sndasset,#hash_6a34eaf5ae7bcf77
sndasset,#hash_43302ea35d0b83a3
sndasset,#hash_1c3ee78153348294
sndasset,#hash_138fa78c659a7076
sndasset,#hash_9159ba6a2b968ba
sndasset,#hash_1cf9080dbe5a9354
sndasset,#hash_15e2bbad52047231
sndasset,#hash_3d6a82908d4dea35
sndasset,#hash_55adba23a3315b0c
sndasset,#hash_1c14d395cf674e2e
sndasset,#hash_762fb30db6b1de90
sndasset,#hash_34d9486d9a8ad07a
sndasset,#hash_5d92c969c809ad6a
sndasset,#hash_26b702727878f184
sndasset,#hash_1af8b12094e35156
sndasset,#hash_27fe1cb26c5007b8
sndasset,#hash_68a8032ec2eb8e39
sndasset,#hash_61b56de08d3edd3d
sndasset,#hash_35884c168b15c1c7
sndasset,#hash_636d00780230ed73
sndasset,#hash_447c63a19dd4293b
sndasset,#hash_2062aa3949b1c67f
sndasset,#hash_46ca5268ed45ddef
sndasset,#hash_4a0764c7a5c417fb
sndasset,#hash_694e33dc378968e8
sndasset,#hash_5667c4f1914d7c12
sndasset,#hash_21a6acdcd3ddae28
sndasset,#hash_47ac4c9a50c0fdd2
sndasset,#hash_20c9f266e7874c98
sndasset,#hash_378a66e524672e42
sndasset,#hash_43ddb921814b20d1
sndasset,#hash_311eceaf63f6f815
sndasset,#hash_651848f2ac9a531b
sndasset,#hash_841a4a5bee4b19f
sndasset,#hash_5781667b12336f48
sndasset,#hash_4845a9572bbdfbb2
sndasset,#hash_2e49195adc59bf0d
sndasset,#hash_1df784eb80b4f999
sndasset,#hash_37ed1b8a97365dfd
sndasset,#hash_1caa850e5b696909
sndasset,#hash_6334d188b07fd2d1
sndasset,#hash_3e47784f650bce15
sndasset,#hash_4a3d9c02c130aba5
sndasset,#hash_7210e9859061b211
sndasset,#hash_76d6089fe0899448
sndasset,#hash_563069a90d604ab2
sndasset,#hash_caf6754d0625200
sndasset,#hash_1afde6731999632a
sndasset,#hash_afa9b42572725f0
sndasset,#hash_30ab6dd47867d39a
sndasset,#hash_3a2c263915b18db2
sndasset,#hash_71d9f439dc0bb56c
sndasset,#hash_229546e164166785
sndasset,#hash_37d99e0703d03531
sndasset,#hash_4f9202cedc5a6f09
sndasset,#hash_32ef4d346f76ee0d
sndasset,#hash_4579f276d5cafea9
sndasset,#hash_6d25ec5839a4f06d
sndasset,#hash_297f5fc4a07feca6
sndasset,#hash_4fd0d1632d33d8c8
sndasset,#hash_4c4b62cf3998fd0
sndasset,#hash_22895eb6718ed43a
sndasset,#hash_61f67951afc9f7c7
sndasset,#hash_c6229847c3dcf73
sndasset,#hash_4398cc8275862e52
sndasset,#hash_6f173128d855704c
sndasset,#hash_544be0c49344ee92
sndasset,#hash_18cdd88bbbd6f60c
sndasset,#hash_3307f76aaa1acf5c
sndasset,#hash_533c0f9de2f209fe
sndasset,#hash_2869b5f7b40311ac
sndasset,#hash_6d8fd9b0eb96358e
sndasset,#hash_73cdd502aef13f93
sndasset,#hash_540f8ba0f57e2c97
sndasset,#hash_1d8329d306b49a01
sndasset,#hash_530aadf74f368145
sndasset,#hash_68b646579dd1ba75
sndasset,#hash_4f3d1663bcaf4fe1
sndasset,#hash_647c5557236c5c91
sndasset,#hash_1574f8759f19d55
sndasset,#hash_5c57e20613bdb59e
sndasset,#hash_7f14bb273e42ddc0
sndasset,#hash_6a63c69ebc63544e
sndasset,#hash_171ab867fdd38570
sndasset,#hash_2bcc77ab8de2643a
sndasset,#hash_69dd7ec6c3d6d5d4
sndasset,#hash_40a30c7177a02443
sndasset,#hash_310bdf602ff1a3c7
sndasset,#hash_2740d51395db1561
sndasset,#hash_3fd9929756b94865
sndasset,#hash_74ea9778ac361c16
sndasset,#hash_47abb027be7f7df8
sndasset,#hash_2da4ca5a770ec773
sndasset,#hash_3352ced1e0534237
sndasset,#hash_7e7911134b9374c7
sndasset,#hash_326efb1bbbeb2673
sndasset,#hash_2e20562e7a49e1f3
sndasset,#hash_2a325f5346a781b7
sndasset,#hash_61bb4fe4b32d0693
sndasset,#hash_68dbcb66c2022197
sndasset,#hash_3f715f54a32a9c62
sndasset,#hash_1e266c54b13fba5c
sndasset,#hash_6b0e709274ea2eda
sndasset,#hash_3866184ea9c97a34
sndasset,#hash_46c8d1227dbe7b32
sndasset,#hash_5cc194873de28dec
sndasset,#hash_10054be8afb62414
sndasset,#hash_57651eaf2f1ae4f6
sndasset,#hash_19fc9bcd74122733
sndasset,#hash_4bdc81d8f9c2f777
sndasset,#hash_b0849a63752ec9f
sndasset,#hash_7571a5f9e820eeeb
sndasset,#hash_64b7d2d8a72f60f3
sndasset,#hash_4019cb8edafd9eb7
sndasset,#hash_a777f58adaf3dc0
sndasset,#hash_5f733c02054fd86a
sndasset,#hash_723d057e48e00c7e
sndasset,#hash_7d526cabb423bae0
sndasset,#hash_205cee4da4e14235
sndasset,#hash_24983c4f9578c621
sndasset,#hash_1389834b43469d0
sndasset,#hash_5d16cdb151b5223a
sndasset,#hash_f61555745b2a064
sndasset,#hash_f03c662ebb95406
sndasset,#hash_3fef6e295e145e36
sndasset,#hash_7c878428fa74f458
sndasset,#hash_2e03fa50d708a5d2
sndasset,#hash_482c42f4f3c4a6cc
sndasset,#hash_36fa66ba6957f68d
sndasset,#hash_32d23fccea7f7019
sndasset,#hash_305c0b8bfa018b43
sndasset,#hash_6e5f31f6b94278c7
sndasset,#hash_43308d34958f464f
sndasset,#hash_565243e59fba461b
sndasset,#hash_1a71f362df94fa93
sndasset,#hash_5537c1cd453d7d97
sndasset,#hash_5ede54e0bfb44234
sndasset,#hash_4334731a263d3fd6
sndasset,#hash_2d181731492f8bbc
sndasset,#hash_378a947677a07f1e
sndasset,#hash_719872b2137bfae4
sndasset,#hash_1344e5094d905386
sndasset,#hash_254b200e89cb4d03
sndasset,#hash_4a162d069126f007
sndasset,#hash_45fd14a72fc15fbb
sndasset,#hash_2aaaba9d427ed9ff
sndasset,#hash_432acbb31f2a5be3
sndasset,#hash_4826cbe5f827d827
sndasset,#hash_5b4bb3e65b02258f
sndasset,#hash_51469b8dd12a5cdb
sndasset,#hash_363e2a204077a3ab
sndasset,#hash_47aa69cf31b8ea6f
sndasset,#hash_1e24e2ea516d5441
sndasset,#hash_5985eb7a62336a05
sndasset,#hash_5f0d07e418b66314
sndasset,#hash_23fac639554941f6
sndasset,#hash_13baa646b8a0980a
sndasset,#hash_40fc08a1a96327e4
sndasset,#hash_43b1c38844eb530e
sndasset,#hash_433ff4d8ac5b55b0
sndasset,#hash_20657e375081948c
sndasset,#hash_5d2e63ca4bbc8aae
sndasset,#hash_166e07711e2c1ac
sndasset,#hash_58f716c827f7458e
sndasset,#hash_46d379c0f948515e
sndasset,#hash_14a006a31a788500
sndasset,#hash_2647fbd7986889bd
sndasset,#hash_2d2908b95737e49
sndasset,#hash_655ea6683bc58edd
sndasset,#hash_7a3970ece27a43a9
sndasset,#hash_72705a3b0cc73329
sndasset,#hash_2bb86749e6a3ded
sndasset,#hash_4ca19c2126250005
sndasset,#hash_74f78400aa1a2eb1
sndasset,#hash_1c24ac82d26ab6fd
sndasset,#hash_7132cc2d6481d409
sndasset,#hash_63104c39748a0c57
sndasset,#hash_3c3222c0c0a5c743
sndasset,#hash_9437b2fbfb24f6
sndasset,#hash_4d4ced3eb6905398
sndasset,#hash_4d5dba0478431b74
sndasset,#hash_2b067f1f2c73c896
sndasset,#hash_3217664acc1e82bc
sndasset,#hash_7d0e57e44550041e
sndasset,#hash_55661f1d9a48de62
sndasset,#hash_7e60a9ef2747405c
sndasset,#hash_6a6f0a09e3b9bf4e
sndasset,#hash_34b50d0c018ce670
sndasset,#hash_116a30b43e9125e4
sndasset,#hash_7c5cf53dff8df486
sndasset,#hash_5d625ca94bb457e7
sndasset,#hash_3b1b498e4af6a2d3
sndasset,#hash_55552a97d174837f
sndasset,#hash_619ad1d4741e510b
sndasset,#hash_620efd0bed19b21f
sndasset,#hash_3a333159f4464f6b
sndasset,#hash_6865cfe7c4377e8b
sndasset,#hash_2adcb0a6b3eab00f
sndasset,#hash_19cb1a6ac0ba6c2f
sndasset,#hash_27bb93ce2d71f0bb
sndasset,#hash_6b4c0deaf11a732d
sndasset,#hash_5a358f6ed2f37f79
sndasset,#hash_43bc3d9b266adca8
sndasset,#hash_53619ea88c1af952
sndasset,#hash_29ced1113e42f9be
sndasset,#hash_782206a44bae17a0
sndasset,#hash_9bfb8653b3f16a
sndasset,#hash_5419a0ff7793d84
sndasset,#hash_7a3e6c887e46bda8
sndasset,#hash_7ee26e8a004cfc52
sndasset,#hash_1a5e7afda02d65e0
sndasset,#hash_61a2524e7a126aca
sndasset,#hash_1eda0af7c90cd8aa
sndasset,#hash_76e03cd973af844
sndasset,#hash_14d75a7d8339bc2b
sndasset,#hash_77e0a060706d63ef
sndasset,#hash_7c2c9b2edb060dfa
sndasset,#hash_5821e11c9d857a14
sndasset,#hash_5ed5291a024ce475
sndasset,#hash_6a934eaf8db48de1
sndasset,#hash_6b4221b35dd6abb8
sndasset,#hash_5f03c4bd6ffbe522
sndasset,#hash_152f46cf38eec351
sndasset,#hash_208941becf07cf95
sndasset,#hash_61ec099587ae83ac
sndasset,#hash_3bdb45f0f2174b8e
sndasset,#hash_3a2aca35208542e5
sndasset,#hash_1f1fc9f4da02c3d1
sndasset,#hash_3e22569852818e3c
sndasset,#hash_5fc697b24ce0769e
sndasset,#hash_12a4471649aba1c3
sndasset,#hash_706550e966da2c47
sndasset,#hash_32e83067df1ea382
sndasset,#hash_6ee5cbad4b14da3c
sndasset,#hash_57da77864eb7273b
sndasset,#hash_506a24fa10a6007f
sndasset,#hash_24feda6c01dde8c2
sndasset,#hash_1095c5f9a5cecdfc
sndasset,#hash_530432663a7b5a7f
sndasset,#hash_1545543b3fc9760b
sndasset,#hash_726f5dbd78c7e91e
sndasset,#hash_1da89f34ef07c840
sndasset,#hash_5dbbca0da6e3a271
sndasset,#hash_4bcc7cba285d68f5
sndasset,#hash_4ddb8ca6a2907e6c
sndasset,#hash_425b7d6726b036ce
sndasset,#hash_377f15ed3bb3adb5
sndasset,#hash_46f20fe6b5db58a1
sndasset,#hash_778378d4512f13d8
sndasset,#hash_36b8b9f16733202
sndasset,#hash_2148418ab582463a
sndasset,#hash_532845f90c43abe3
sndasset,#hash_4d5ba06c094984fa
sndasset,#hash_238d0532eadea6e
sndasset,#hash_bf7a76c26b52a50
sndasset,#hash_356e5d7eee16850c
sndasset,#hash_6dccb3209f6a8c2e
sndasset,#hash_55979a91e2d28e47
sndasset,#hash_5f0dbc9cb86102f3
sndasset,#hash_5da78071c531ae7e
sndasset,#hash_574a979992c960e0
sndasset,#hash_8e79ad58292c116
sndasset,#hash_1bbbe2f8eba54cf8
sndasset,#hash_6e93318d4d769149
sndasset,#hash_37b5b1e5825670cd
sndasset,#hash_360b418eb8a9269b
sndasset,#hash_3c2c8ed550b37c1f
sndasset,#hash_1461e29b421fd22f
sndasset,#hash_6d2a413cade462bb
sndasset,#hash_4fb16c75290ecc84
sndasset,#hash_37feb791738409e6
sndasset,#hash_7ab5c3c2cc6fe56f
sndasset,#hash_32428f922a9ffe7b
sndasset,#hash_5d299a4d9796db33
sndasset,#hash_59e845f3349c9377
sndasset,#hash_585ffda6d229510e
sndasset,#hash_97b9c4c58808fb0
sndasset,#hash_77c42477f8bac4cc
sndasset,#hash_771fb4fce066476e
sndasset,#hash_2b8acd22ba20ec2a
sndasset,#hash_1ebbc7f2a69182c4
sndasset,#hash_40059b5a4a55519d
sndasset,#hash_6fd6ca9c1d7dd7e9
sndasset,#hash_520e943ba6524474
sndasset,#hash_5c22133aea4aa396
sndasset,#hash_23107ec0baa65af0
sndasset,#hash_20c84009f98b529a
sndasset,#hash_7c3748fabdcee75f
sndasset,#hash_2e97114169e8b62b
sndasset,#hash_22065c9e6b5f3529
sndasset,#hash_734c55efc20703ed
sndasset,#hash_d9382697835b19d
sndasset,#hash_2268e5976302f7e9
sndasset,#hash_6813b9c4e58395d2
sndasset,#hash_46739f584af76cc
sndasset,#hash_320f214913fa7fb5
sndasset,#hash_2f21425d7a328ea1
sndasset,#hash_1fac1dbc451c46d5
sndasset,#hash_936a9d6f0cbdf01
sndasset,#hash_1d2fb9a6e97192ac
sndasset,#hash_32566ea925bc188e
sndasset,#hash_602681b6ae0da7aa
sndasset,#hash_479400c55d410544
sndasset,#hash_1eeb0f3faed144b0
sndasset,#hash_53620605511cafda
sndasset,#hash_2d79dcf21c478d3
sndasset,#hash_76bcb3deeab7c657
sndasset,#hash_6a15e88461c10582
sndasset,#hash_77ef7ac14a74c03c
sndasset,#hash_5da55118ec3e91a2
sndasset,#hash_36a7c3a657d8e31c
sndasset,#hash_11011e36ceaa8425
sndasset,#hash_44317d8b89a56b91
sndasset,#hash_28c37b06dc27b437
sndasset,#hash_52c8b2f20eff0ae3
sndasset,#hash_379ce0df870f0303
sndasset,#hash_11305a79b5b25207
sndasset,#hash_3c1f6c330f4e01e0
sndasset,#hash_78d89381846beca
sndasset,#hash_3cc11b4254dd4043
sndasset,#hash_3523ca48b02b77c7
sndasset,#hash_7ff838d09545aedf
sndasset,#hash_3818143bfbf2dcab
sndasset,#hash_3fc96c86d01ff60a
sndasset,#hash_11491a597e9081e4
sndasset,#hash_6c961a18bcac2dda
sndasset,#hash_4847c107ab414111
sndasset,#hash_3ba818eb27a11135
sndasset,#hash_2632a5a7b422b901
sndasset,#hash_4d81a1818d1c0c2a
sndasset,#hash_7f9e995fcc1c5399
sndasset,#hash_48c640dd552beb5d
sndasset,#hash_57ac7834d7c023fd
sndasset,#hash_1c40fdc9cec9cb44
sndasset,#hash_671247fa13f746d2
sndasset,#hash_64c01ae301b6e9cc
sndasset,#hash_8c1cf2b7e97d6a2
sndasset,#hash_38e547ab31f0921c
sndasset,#hash_226fc7d9491e3031
sndasset,#hash_39ec6a9966ee6435
sndasset,#hash_25a5a4dd911a9ebb
sndasset,#hash_7062f8414d1836ff
sndasset,#hash_282ded0a0a97ae4d
sndasset,#hash_39a501b7db3b6259
sndasset,#hash_6993e1f860c85288
sndasset,#hash_38a1f70b90118c72
sndasset,#hash_3175565de6e553b8
sndasset,#hash_698bc2fe5a36dd22
sndasset,#hash_701037fa921c7380
sndasset,#hash_bcfe28fecf357aa
sndasset,#hash_7391ef83de57e31b
sndasset,#hash_6c26b633e8d3619f
sndasset,#hash_4135ce0aa0170b09
sndasset,#hash_40b7bbbd5dff420d
sndasset,#hash_95e193f2c64c7e3
sndasset,#hash_5e211a4c9a779c27
sndasset,#hash_3894aa72ab712bca
sndasset,#hash_1f509116d328cb24
sndasset,#hash_2c1d79a396d5e9c6
sndasset,#hash_26d0348e5f3ffda8
sndasset,#hash_3bb4e064e98c962e
sndasset,#hash_53a53651d1ae9590
sndasset,#hash_a1113b5cf82c67d
sndasset,#hash_795bb6af83bad289
sndasset,#hash_5fc382d44515899f
sndasset,#hash_6a98dc334265a5eb
sndasset,#hash_52d2fe83c65a5f89
sndasset,#hash_2d9eb0789e85ef8d
sndasset,#hash_5380eb56d1592774
sndasset,#hash_5d39e48474f26c96
sndasset,#hash_1b9c0d41fca3f74b
sndasset,#hash_10154d3fdb773a0d
sndasset,#hash_739f913be220e079
sndasset,#hash_503468739824e4cb
sndasset,#hash_175dd244594d2e70
sndasset,#hash_5f42a9622c221d1a
sndasset,#hash_4d8efdcf7eefa4ee
sndasset,#hash_4fd5ad1374d949d0
sndasset,#hash_5618cf0938d11bba
sndasset,#hash_4cefb0ad6a2cc54
sndasset,#hash_36c3bb11bbc868ce
sndasset,#hash_6861e6d46fe772f0
sndasset,#hash_34e752f35733f255
sndasset,#hash_18edd2ac29763181
sndasset,#hash_6ca9eea2fc354e03
sndasset,#hash_533dc302038f5307
sndasset,#hash_29e5dfbbcae24eb4
sndasset,#hash_5e4f54c0e5b91556
sndasset,#hash_2ba83e428f406dd1
sndasset,#hash_c19b18b1eb5bf15
sndasset,#hash_aebe5e6256ceca7
sndasset,#hash_105273fcbbbffa13
sndasset,#hash_762912ad3ba1935e
sndasset,#hash_4584e03f16510b00
sndasset,#hash_c8315ea015c987d
sndasset,#hash_59c15f44c9eb0889
sndasset,#hash_f8e9a4e0b32b712
sndasset,#hash_523606a4f1507f8c
sndasset,#hash_1e711ed0061875d7
sndasset,#hash_29492eb610e793c3
sndasset,#hash_6ac9cdca65a3b8b8
sndasset,#hash_27d284805ea9ec22
sndasset,#hash_53b55edc48811fdc
sndasset,#hash_16b2a805d9582b7e
sndasset,#hash_1bf4e1d3902058de
sndasset,#hash_6e1ebb9cb39e6b80
sndasset,#hash_19c962ca15b67cb9
sndasset,#hash_2d55fb4db1fa18bd
sndasset,#hash_7d2fc1e4a8a949a1
sndasset,#hash_4dc1bd3834311325
sndasset,#hash_6f8865fc31505626
sndasset,#hash_737a7daa87fba548
sndasset,#hash_edd7fcc39527ab9
sndasset,#hash_14fdea09707952bd
sndasset,#hash_3e42b6498d6c1eb
sndasset,#hash_6edf8d065304172f
sndasset,#hash_26b644f8cf118c1e
sndasset,#hash_42e1f03217ffd140
sndasset,#hash_1f6e848067d0359e
sndasset,#hash_6172317aea6a5dc0
sndasset,#hash_1eff7b60b922fc5
sndasset,#hash_64b41c94d7c07ef1
sndasset,#hash_66a3cf61f6cdb57b
sndasset,#hash_3f1e3dba29146a3f
sndasset,#hash_6a12fca22fd67009
sndasset,#hash_7776e4405fd5510d
sndasset,#hash_5242b40be99fe5f7
sndasset,#hash_1d6436d89ed13723
sndasset,#hash_4eacc5987dee2315
sndasset,#hash_23c6e9382c182fc1
sndasset,#hash_20afd6b02791e5b0
sndasset,#hash_1874927544f2da
sndasset,#hash_56ee49b466c7540
sndasset,#hash_3170197f0ff74eea
sndasset,#hash_390d78616e757d55
sndasset,#hash_3683ddf9305cf281
sndasset,#hash_3e50c9af9af560e
sndasset,#hash_331f1e1aa667eb0
sndasset,#hash_37f59ddf143d7922
sndasset,#hash_4645ca8a4bc7699c
sndasset,#hash_680443cfe999e3ff
sndasset,#hash_798fd52c8c07a28b
sndasset,#hash_1f6e37686252bf84
sndasset,#hash_6dada0f5b86902e6
sndasset,#hash_7e8d31acc8574d5b
sndasset,#hash_540bd05bbb299b5f
sndasset,#hash_2e63ab238f85e414
sndasset,#hash_3b1b54fc01f224f6
sndasset,#hash_7cf15610efaff53f
sndasset,#hash_25778b6a7e75944b
sndasset,#hash_59fe51a633f1c62b
sndasset,#hash_773117f611bd41ef
sndasset,#hash_2c515f9129ff041b
sndasset,#hash_3e4dea5b8d1f249f
sndasset,#hash_3dc72ada963188a0
sndasset,#hash_1b21d906a1e3d90a
sndasset,#hash_46fd89c5dc5431ca
sndasset,#hash_f734c7d95701d24
sndasset,#hash_4a08c8c96ce19785
sndasset,#hash_6d1abb8a5c43c531
sndasset,#hash_39a02a7d5c498f78
sndasset,#hash_fc5ef94f4a35662
sndasset,#hash_6b3233d4a00364d0
sndasset,#hash_2212379babae333a
sndasset,#hash_5feeb70000c6a505
sndasset,#hash_4e43a6290feefdb1
sndasset,#hash_1cfddc58d6c31f51
sndasset,#hash_414b8ec52a3f6395
sndasset,#hash_4cdffe23575a2f00
sndasset,#hash_117dab9a1ff5da2a
sndasset,#hash_19352d82f6b4f2be
sndasset,#hash_da448bea7db62a0
sndasset,#hash_2de327ba78db1890
sndasset,#hash_3ede7faca8803e7a
sndasset,#hash_22a9d51fdc54f76c
sndasset,#hash_764852ea2ec501ce
sndasset,#hash_575fe08d40189d88
sndasset,#hash_36977b7b502c8d72
sndasset,#hash_4b098b3e6b90579f
sndasset,#hash_c85b3aa8f2f4feb
sndasset,#hash_606d41a083b05805
sndasset,#hash_6a1e98f5b16d36b1
sndasset,#hash_423681773ec0be52
sndasset,#hash_6218d887599b204c
sndasset,#hash_47a4c19add16db73
sndasset,#hash_7b70cd3ad9bafe37
sndasset,#hash_21b0e0a577a52115
sndasset,#hash_7fbfd420e50869c1
sndasset,#hash_51c683567d445f6c
sndasset,#hash_5e71f056a46a39ce
sndasset,#hash_16dc18bc794a922b
sndasset,#hash_6a95884c9b8c25ef
sndasset,#hash_180e5ca8ec2f1948
sndasset,#hash_6f55e4002274b9b2
sndasset,#hash_61ba2c0720b52bf9
sndasset,#hash_1b058f89d7292d7d
sndasset,#hash_752bdb18a4fcb40a
sndasset,#hash_18c3e3c6d899fbe4
sndasset,#hash_31b5bb83dec8bb32
sndasset,#hash_3249fdc7c3594dec
sndasset,#hash_31aff428672b50dc
sndasset,#hash_2d41839a4c731e7e
sndasset,#hash_2ab9a80a91f8a213
sndasset,#hash_6e7abf0eb5a24417
sndasset,#hash_5f2cff52f0ea9913
sndasset,#hash_42a26fa1d67ac917
sndasset,#hash_6e2ba72b0ae5993c
sndasset,#hash_40380f076d1eb79e
sndasset,#hash_7cfc93eb613a2bdf
sndasset,#hash_484f3b87aa4133ab
sndasset,#hash_6fa0c8e1a8603f19
sndasset,#hash_4ada64ee405080dd
sndasset,#hash_4cc6bdcc7da1ca3c
sndasset,#hash_5ebbfef8d72faa9e
sndasset,#hash_4f24228e3a6fee84
sndasset,#hash_70fe308e2282fe6
sndasset,#hash_5a05864679f02bef
sndasset,#hash_78e8c57a1ec41fb
sndasset,#hash_36d56e4525dbc6b9
sndasset,#hash_a57b5383709b6bd
sndasset,#hash_743582b1f080feab
sndasset,#hash_2821cf5c3a051b6f
sndasset,#hash_5c2434cc5aff9289
sndasset,#hash_22cea2f83e86a88d
sndasset,#hash_45e9c80fc78cb437
sndasset,#hash_42c12407e90e0ae3
sndasset,#hash_6eb94e8941f03d4a
sndasset,#hash_283f3be58a0b8fa4
sndasset,#hash_3e53f801c21e977a
sndasset,#hash_7aa975121371a694
sndasset,#hash_26dbda37f9c48423
sndasset,#hash_6314c088cb20ae7
sndasset,#hash_b1f3bdf56bb5450
sndasset,#hash_3322c11ce67ad1ba
sndasset,#hash_b33e4b9e1f34728
sndasset,#hash_33b86d4aeb7528d2
sndasset,#hash_3d39c5990692ad1d
sndasset,#hash_1afaaa6d0d9b3a69
sndasset,#hash_292d80331d3a4d9a
sndasset,#hash_105f326d394aa174
sndasset,#hash_189e4a7869777fc1
sndasset,#hash_592dd2c2d0a53c85
sndasset,#hash_49ac3f062eb46e4e
sndasset,#hash_74164277cdf49370
sndasset,#hash_7f7b2a601a7d0ee9
sndasset,#hash_7b13ff4ec68fe82d
sndasset,#hash_61a75519113c8559
sndasset,#hash_233ab146a0bca89d
sndasset,#hash_302028eeb55a7b79
sndasset,#hash_47d76279ce81ebfd
sndasset,#hash_ba4b4ea48530252
sndasset,#hash_717be75199536c4c
sndasset,#hash_32d6c3f5b05e6e8c
sndasset,#hash_1bf55fb41668d8ae
sndasset,#hash_574f1f6da691c3cb
sndasset,#hash_594a4debd1fba0cf
sndasset,#hash_2a20c26531d11876
sndasset,#hash_6e60e25fc3a07e18
sndasset,#hash_449e15d1b929d096
sndasset,#hash_4d3d874bdcfb4b78
sndasset,#hash_5371c8f15e2d5b2b
sndasset,#hash_4af3eba80d79e0ef
sndasset,#hash_7341f41532ef29d7
sndasset,#hash_1a6d812cda772fc3
sndasset,#hash_2fffc4ff40130b3a
sndasset,#hash_649f327b5acd6ad4
sndasset,#hash_5587f6d9d2c14024
sndasset,#hash_33ef499de752c46
sndasset,#hash_2de9ecf0b21e456a
sndasset,#hash_1e36d71e6d5fb984
sndasset,#hash_404c9ecd3d6826f6
sndasset,#hash_30026a1ac48c1998
sndasset,#hash_286d8bfa4c7ca
sndasset,#hash_3338180725b61f24
sndasset,#hash_655068e8f053b729
sndasset,#hash_4b53b0bc886949ed
sndasset,#hash_4d14d99fbc17fb17
sndasset,#hash_111c5b874dfca483
sndasset,#hash_45fbd5071ff2e520
sndasset,#hash_46b6b32003779e8a
sndasset,#hash_43bd3931a68a4305
sndasset,#hash_5f7d2582ec0117b1
sndasset,#hash_1cf08292b3eb91c3
sndasset,#hash_581537f006f3fc47
sndasset,#hash_341dfe7821ce2a62
sndasset,#hash_7955e64d354ba45c
sndasset,#hash_3577563b01731d61
sndasset,#hash_512497355dd46065
sndasset,#hash_4eea3b41d1f8ad16
sndasset,#hash_785ac26ba7c790f8
sndasset,#hash_7e79ea7a5e55fdeb
sndasset,#hash_722260c7e6104b2f
sndasset,#hash_63566470a81946fc
sndasset,#hash_3a9362cf68711dde
sndasset,#hash_5c01aa9382a5bbb8
sndasset,#hash_7c0f995f58af1522
sndasset,#hash_7cf1ab32fbc33cca
sndasset,#hash_34b222581cef5e24
sndasset,#hash_105b895a498f40d5
sndasset,#hash_38173d576ac68d01
sndasset,#hash_7e39c4e361c3b25d
sndasset,#hash_114f5c0a42f4fe29
sndasset,#hash_42cb4a4f8232fefa
sndasset,#hash_6dca32813eb0ad14
sndasset,#hash_5b5adc79e18fa63d
sndasset,#hash_779f7a945ce083c9
sndasset,#hash_449a70f193d12c0f
sndasset,#hash_45ee8b7a036ae05b
sndasset,#hash_55b3d9f20cfaf75a
sndasset,#hash_4149f151cacc03b4
sndasset,#hash_33e008f65111d042
sndasset,#hash_52154e4fb53c547c
sndasset,#hash_476f3908ded90f61
sndasset,#hash_1edc581de074f665
sndasset,#hash_38c74aa57de93edf
sndasset,#hash_775f69af1cd38cab
sndasset,#hash_21c5cf2e90b1f3b5
sndasset,#hash_3873a001772c6aa1
sndasset,#hash_f03dd41741d4993
sndasset,#hash_1d1bb70487aa0a97
sndasset,#hash_3b845b55fc677331
sndasset,#hash_43672d61bf014d35
sndasset,#hash_46a3437269ce3104
sndasset,#hash_7fd2247340a4e766
sndasset,#hash_3582a55b1f59fa54
sndasset,#hash_2be7f4d1d36bc7b6
sndasset,#hash_3c49816225c1d931
sndasset,#hash_249e8fe8a532bf35
sndasset,#hash_7b8ace890b67e032
sndasset,#hash_74de096f55369cec
sndasset,#hash_1548e5735794bcee
sndasset,#hash_425a80cf00a191d0
sndasset,#hash_5062d567f34c9503
sndasset,#hash_4681d3571df5c807
sndasset,#hash_56323751b20c6cf8
sndasset,#hash_2258457ea935fee2
sndasset,#hash_203fc6a6772d688f
sndasset,#hash_27f936934ca345db
sndasset,#hash_639934af1c7e7168
sndasset,#hash_85d9b11b114c592
sndasset,#hash_7bd5136a73730a93
sndasset,#hash_29f8f74c56bdad97
sndasset,#hash_14c22186f1ef3d27
sndasset,#hash_4f198a5f1efa1b93
sndasset,#hash_ebbdcdf68f2c047
sndasset,#hash_558fca7a598858f3
sndasset,#hash_780b39affc99a5fc
sndasset,#hash_1ae86b4a8e6bdade
sndasset,#hash_19fb4bbaa437d3f6
sndasset,#hash_15191a0ae77e0098
sndasset,#hash_3667ddd010e523c9
sndasset,#hash_7f5aca4a9442184d
sndasset,#hash_aadac9e5d96c5fc
sndasset,#hash_d24585fbf8f3ade
sndasset,#hash_1a068b2a838a4f54
sndasset,#hash_684a29ecd04ea6b6
sndasset,#hash_53d906e81551f031
sndasset,#hash_7cbfb6980c71a435
sndasset,#hash_42570be7d5516505
sndasset,#hash_5d1a5062f5173db1
sndasset,#hash_74d052b99e64873c
sndasset,#hash_13d0fa9e77c0c19e
sndasset,#hash_5f05899936b1bc81
sndasset,#hash_4b4e60805d497511
sndasset,#hash_1ede8ad6b11ad8bf
sndasset,#hash_35b4d9501f39b232
sndasset,#hash_5be064bc504535f2
sndasset,#hash_2120e707951675db
sndasset,#hash_207e6d83f3eaab18
sndasset,#hash_34695143a9fbbc60
sndasset,#hash_2665fd67df303a5
sndasset,#hash_4081900bfce74752
sndasset,#hash_5a86a9d98bb0cbb9
sndasset,#hash_369729fc81ffada6
sndasset,#hash_27b5baa3ccb3fcd1
sndasset,#hash_286826de2b8d0281
sndasset,#hash_6926143f64411d1
sndasset,#hash_e5325736ba0e0aa
sndasset,#hash_6fccd03eef432c74
sndasset,#hash_6b9c368426fcd563
sndasset,#hash_76da4530d2102bde
sndasset,#hash_25099f48f3c293ce
sndasset,#hash_1696c53a18c9efb3
sndasset,#hash_436d041c8610219f
sndasset,#hash_68802cd2508d94b2
sndasset,#hash_3cd010006aa61b69
sndasset,#hash_96b8244211cbdad
sndasset,#hash_746e9854f6e927f3
sndasset,#hash_37c79a24053b93b7
sndasset,#hash_74ce8f8f06101493
sndasset,#hash_45cae7e259c8b97
sndasset,#hash_1073befd7186beed
sndasset,#hash_5216c3a43ebce5b9
sndasset,#hash_5d75396cc69867d1
sndasset,#hash_50885b01193f6d15
sndasset,#hash_65092ebf4e2917eb
sndasset,#hash_5cdeac951377592f
sndasset,#hash_7baeb44e6774e5d6
sndasset,#hash_58373e0a75997538
sndasset,#hash_35e882aa4eb3c0f7
sndasset,#hash_72bf8503832ce823
sndasset,#hash_1cdfce187041830b
sndasset,#hash_58f25cff45276d8f
sndasset,#hash_4ba787cf4908313e
sndasset,#hash_58149c8dbf6d8e20
sndasset,#hash_601eec87e0e2b754
sndasset,#hash_232582be9c8edeb6
sndasset,#hash_1584f11ff1a701dc
sndasset,#hash_1c9e0244b092917e
sndasset,#hash_52c2a48ce2791ac4
sndasset,#hash_55640555073aafa6
sndasset,#hash_6a1434c83437564
sndasset,#hash_1fa4016a6dedb306
sndasset,#hash_1533b5c046449b8
sndasset,#hash_af4fdc63e2bff22
sndasset,#hash_105cb79eda7ad17f
sndasset,#hash_60b1ee519fda7b0b
sndasset,#hash_1f991465c6b24c76
sndasset,#hash_3acb4621a23f9a18
sndasset,#hash_483aec31c054f62a
sndasset,#hash_4c5fa44aed560c4
sndasset,#hash_50aee4bcc4db008f
sndasset,#hash_e79c1271fb50ddb
sndasset,#hash_7048fbc72368ede1
sndasset,#hash_22ccd9201fb901e5
sndasset,#hash_2416dcdeb679b81
sndasset,#hash_518f94a8d58f15c5
sndasset,#hash_55026c3267f0501b
sndasset,#hash_32fbf7eedee7889f
sndasset,#hash_20c3b30e1647b5fb
sndasset,#hash_6aaa6c3780f79bbf
sndasset,#hash_390f436de3b2ee59
sndasset,#hash_5493f9087301439d
sndasset,#hash_55406ad6e55ac09c
sndasset,#hash_46f96dc817cbb7be
sndasset,#hash_5c8dc9ddb0718e3d
sndasset,#hash_7435d1d5804d3bc9
sndasset,#hash_7a313cdbe427b735
sndasset,#hash_5e52a364552a0521
sndasset,#hash_6455c856e683bdb4
sndasset,#hash_722b1231ae1d0256
sndasset,#hash_2c2c9b289743ecea
sndasset,#hash_70fa7005d2ca8004
sndasset,#hash_475f5501e3becf02
sndasset,#hash_7c3fed25388acbc
sndasset,#hash_293771920d0ac9e2
sndasset,#hash_3b130151004852dc
sndasset,#hash_17fed1c3af087cd6
sndasset,#hash_11a51f4ed932da38
sndasset,#hash_39af1996244ab316
sndasset,#hash_5f8a175b4dfbe2f8
sndasset,#hash_2de56aebd4e7f43d
sndasset,#hash_18d2c1be1a52adc9
sndasset,#hash_1ec065e1c6de96e4
sndasset,#hash_513aca5ca54aa786
sndasset,#hash_69e99df31e2766fc
sndasset,#hash_52eb3920c9277dde
sndasset,#hash_2578f543c4822cb5
sndasset,#hash_500c24bf4f4c75a1
sndasset,#hash_317414fb03f3230f
sndasset,#hash_1c4699a4a9d3655b
sndasset,#hash_78b5bcf30ea945bf
sndasset,#hash_5c34f5ee0bb4b5cb
sndasset,#hash_6fdb1102fe1a16c1
sndasset,#hash_5fcd03cd370ba185
sndasset,#hash_61d0aff8fb933e45
sndasset,#hash_3bc78b4011aa1a71
sndasset,#hash_13a2d2ba9195730f
sndasset,#hash_ec1618454b8555b
sndasset,#hash_6046306d1212f38a
sndasset,#hash_428e4a7756ff8a64
sndasset,#hash_371088866887a253
sndasset,#hash_4dccc8965dfd2d7
sndasset,#hash_78270eed96b6422f
sndasset,#hash_6d786b363e71b2bb
sndasset,#hash_54d9d19bb3e78e1a
sndasset,#hash_2e2f2938a27f92f4
sndasset,#hash_3aabf52907138450
sndasset,#hash_452746476c7561ba
sndasset,#hash_2577de74de7935f8
sndasset,#hash_401c4634e981b9e2
sndasset,#hash_19dc7008887668
sndasset,#hash_4d71e9f1aa06b492
sndasset,#hash_77f65b7611ee4c58
sndasset,#hash_4230c894bd4b0b82
sndasset,#hash_1bf2d6ae180734cc
sndasset,#hash_40cf64273155976e
sndasset,#hash_51d15d70800d6fe3
sndasset,#hash_34a6a117a2409427
sndasset,#hash_2fc0db98f18794e2
sndasset,#hash_5c499c38ad98d3dc
sndasset,#hash_1742e300da1d207e
sndasset,#hash_6d4612ea550a76e0
sndasset,#hash_1efa8a00c68ad3f4
sndasset,#hash_613c585394152216
sndasset,#hash_5069a84a630a666a
sndasset,#hash_4b40bd0acd5a7c84
sndasset,#hash_6cb4b196dd7bcf51
sndasset,#hash_5f14d5788c8b7395
sndasset,#hash_74e8f6558eb715d5
sndasset,#hash_6c9f2971625fec01
sndasset,#hash_5fa7e1540166ad65
sndasset,#hash_49d2f39384c7f351
sndasset,#hash_1eb3751d8228c3da
sndasset,#hash_41dc84a1adaf1934
sndasset,#hash_1725f1e3af8603ba
sndasset,#hash_1e18f1c93ea88454
sndasset,#hash_4a33d67ba927db6c
sndasset,#hash_365372a212bb2dce
sndasset,#hash_3a3f8ef7411ce57
sndasset,#hash_4e0c418fa679cd43
sndasset,#hash_19d9ca62d551698b
sndasset,#hash_37630011913e910f
sndasset,#hash_2176f95bb3efa577
sndasset,#hash_4d9a5896797345a3
sndasset,#hash_60c2b5b78c07d6b0
sndasset,#hash_651fe51983ab25da
sndasset,#hash_6c577286d1586d8
sndasset,#hash_609bb9f7c92fab02
sndasset,#hash_21d5db6749c9eeee
sndasset,#hash_62508c441fe7e7d0
sndasset,#hash_9ad4c12b52997e5
sndasset,#hash_da7d0689bc1a2d1
sndasset,#hash_7a8aeec6c67d9bf9
sndasset,#hash_5fada1d6820c7d7d
sndasset,#hash_7aa592ffe01a31b9
sndasset,#hash_16b9bc0e1a7b17bd
sndasset,#hash_306a33502114cbe
sndasset,#hash_62d2e2bf0fd630a0
sndasset,#hash_1eb5471d913b84bf
sndasset,#hash_2df80853895912cb
sndasset,#hash_581ee46a974a866c
sndasset,#hash_6c523cd449f14ece
sndasset,#hash_21b56c3a5820ffe9
sndasset,#hash_2ea707eddc01b2d
sndasset,#hash_2167f51f6861f017
sndasset,#hash_488a54b129086383
sndasset,#hash_104fc96f9d928b34
sndasset,#hash_35f6a975846d7ad6
sndasset,#hash_3556a0c27f50adc
sndasset,#hash_467fea93c77a0c7e
sndasset,#hash_45c4a2fd6eb03ec5
sndasset,#hash_186a1d43f964bf1
sndasset,#hash_e0dfa435293c52e
sndasset,#hash_3195effbe9ebc290
sndasset,#hash_73231b3a992f4040
sndasset,#hash_2b49269c5e59cfea
sndasset,#hash_5b3f0c790d817457
sndasset,#hash_1d00e2d07162ff43
sndasset,#hash_3203ebdb9546b4cd
sndasset,#hash_74c5235c771be5d9
sndasset,#hash_6df0e3e59ab8410e
sndasset,#hash_5b6bb4eb27275fb0
sndasset,#hash_4c5f3addec862e93
sndasset,#hash_608ca692320c9997
sndasset,#hash_216622441c29a1dd
sndasset,#hash_57169c06f60b9ca9
sndasset,#hash_55eb812bcbc54e06
sndasset,#hash_2cdbf60cdc045f68
sndasset,#hash_1ec6372de982686a
sndasset,#hash_728ba0b81c974284
sndasset,#hash_483422c662925c47
sndasset,#hash_39b205961cd9acf3
sndasset,#hash_52b210efc5bf8330
sndasset,#hash_4015bfa69e9fdb5a
sndasset,#hash_42f8fc9c3ebb3476
sndasset,#hash_27a214ed55c15218
sndasset,#hash_905e99c1d945161
sndasset,#hash_7690380c0a337c65
sndasset,#hash_3641bcebffebf42b
sndasset,#hash_50a72113bc890bef
sndasset,#hash_2781e6ba59c0d6d0
sndasset,#hash_46b80b7b1f25493a
sndasset,#hash_3f42403fd4ee58cd
sndasset,#hash_70c2b04c1ad851d9
sndasset,#hash_2ba5699824378db
sndasset,#hash_1af2710258016ddf
sndasset,#hash_441f9aedc8b085a0
sndasset,#hash_7c7e3c14d0c1b00a
sndasset,#hash_5acba125a824a518
sndasset,#hash_2fc0402f976567c2
sndasset,#hash_3e3423c67e3c8fc9
sndasset,#hash_5fdd079363c8dc4d
sndasset,#hash_549ecd77a8dd7dc2
sndasset,#hash_34445d4109576cfc
sndasset,#hash_5e3cbc946815ee24
sndasset,#hash_34b3a7ae60407646
sndasset,#hash_45c74308b373b43
sndasset,#hash_496ab43c6be588c7
sndasset,#hash_79a26ddc8c0ba412
sndasset,#hash_5cecc4468be72a2f
sndasset,#hash_64416f7f4dd3395b
sndasset,#hash_90b2aa251af331e
sndasset,#hash_2f4ca986b7b7754e
sndasset,#hash_2233790ff360d95
sndasset,#hash_63692f90a50c796b
sndasset,#hash_1a1f014a6a450daf
sndasset,#hash_363d1c15fb3907ee
sndasset,#hash_66f7ffc8753892d0
sndasset,#hash_1b3d9bd75b446072
sndasset,#hash_d7d9986236938ac
sndasset,#hash_7cbd164071cfaf3e
sndasset,#hash_2faf374900bf4820
sndasset,#hash_9f61b698618b5d8
sndasset,#hash_18ee2f6e47e0d802
sndasset,#hash_1567ed56d3012b9c
sndasset,#hash_76fd0441ec7518be
sndasset,#hash_2286d8b3b09f4096
sndasset,#hash_54168a12bfc59b78
sndasset,#hash_da715d169315fdc
sndasset,#hash_61338dfe3800eb7e
sndasset,#hash_722d3868efc3d859
sndasset,#hash_73b0897546fc19d
sndasset,#hash_1690491ef7a9ab3b
sndasset,#hash_cf39e428d170c7f
sndasset,#hash_39bc1ad930e2e01b
sndasset,#hash_4c2da4cd7455389f
sndasset,#hash_477733d653fb314b
sndasset,#hash_169bff34d397f94f
sndasset,#hash_7bce9daa7d2997e7
sndasset,#hash_b63eeedb7ce62d3
sndasset,#hash_b6bbd18ce796031
sndasset,#hash_36261cf58b11f435
sndasset,#hash_12cdb0e3ef0384cd
sndasset,#hash_5530cd93894055d9
sndasset,#hash_dee56c0a629c220
sndasset,#hash_2f62648d531158a
sndasset,#hash_b246eff0114734
sndasset,#hash_8648325e9482ed6
sndasset,#hash_4ef4a9b559fb2b78
sndasset,#hash_9beec42beeaaa62
sndasset,#hash_4c2bcb289245f49a
sndasset,#hash_6aa406f3d8f23674
sndasset,#hash_c2f310b8e6faa6
sndasset,#hash_ca86f8e9ada42c8
sndasset,#hash_4e2fb4525bec7034
sndasset,#hash_24899685050309d6
sndasset,#hash_58dd70adf0057f46
sndasset,#hash_2b73cf2b330dce28
sndasset,#hash_40eae20eda1e132b
sndasset,#hash_4372d0816fc108ef
sndasset,#hash_4281c090386f8bbd
sndasset,#hash_7a73857fcfd4449
sndasset,#hash_220b0c9dfd6ba045
sndasset,#hash_2dedff739eec0071
sndasset,#hash_371e814ee4584f4d
sndasset,#hash_740285908263a559
sndasset,#hash_656095108d1b7ae1
sndasset,#hash_56fb753a712788e5
sndasset,#hash_764448641078783f
sndasset,#hash_7e9930fa9f3e3d4b
sndasset,#hash_61a32a75bae8bdf7
sndasset,#hash_740d695f5f6cbf23
sndasset,#hash_2bd46a85549680b2
sndasset,#hash_5f7a010ef833ae6c
sndasset,#hash_3e78c2303f9218f6
sndasset,#hash_dcef265a6f8af98
sndasset,#hash_4faa422c53e2eac2
sndasset,#hash_37d29cd50e9293fc
sndasset,#hash_5d6a46aadd356c44
sndasset,#hash_c3053a79e4d3426
sndasset,#hash_515fc1ca3ae586b8
sndasset,#hash_7c618ba1a8689622
sndasset,#hash_5d840b0b567b568a
sndasset,#hash_1f26b08c915bd364
sndasset,#hash_642b55494ec629d8
sndasset,#hash_38d6e13b80fcb402
sndasset,#hash_12ae21fd5da569cd
sndasset,#hash_644dd4ff05ade4d9
sndasset,#hash_6ae852951805e8ef
sndasset,#hash_13778432179658fb
sndasset,#hash_4975b2aa579c8f0f
sndasset,#hash_31b5701a7f10295b
sndasset,#hash_1d67dfbb3ea16a7
sndasset,#hash_e052b749f8b3813
sndasset,#hash_206a7e824e8daa83
sndasset,#hash_3eec19e67d881887
sndasset,#hash_35f4605ca6c17185
sndasset,#hash_8b23cf6b4191331
sndasset,#hash_d27460e2cafefa0
sndasset,#hash_57f3b864ecbf7406
sndasset,#hash_7fe9222f4cab3e2
sndasset,#hash_56a275b5b3df1e4b
sndasset,#hash_33045865fba1bec3
sndasset,#hash_39a7d18f450b6915
sndasset,#hash_10785319a3eced54
sndasset,#hash_5eeb2b563dd15a5d
sndasset,#hash_276a92eb37afcd0e
sndasset,#hash_4f1aaa0b3b9095aa
sndasset,#hash_5943dc59d3db3fd8
sndasset,#hash_614ec01fdf5c4282
sndasset,#hash_73acfbd2b6137406
sndasset,#hash_e8ef550508a0c40
sndasset,#hash_2f9af92feece8b39
sndasset,#hash_23b3368f5407194
sndasset,#hash_154f96dba8e6d228
sndasset,#hash_7759090de1b5b7db
sndasset,#hash_1755368d0045cadf
sndasset,#hash_720899be410bc6ec
sndasset,#hash_1262d49a5be2404e
sndasset,#hash_631a7b97f78d11b3
sndasset,#hash_55df780994e4a6f7
sndasset,#hash_3551cc8094935964
sndasset,#hash_308561b3903adf06
sndasset,#hash_4b8fcbfc8a8f2570
sndasset,#hash_34b86ef8c1eaa21a
sndasset,#hash_56b5197c597a8285
sndasset,#hash_155d42a2b1b4a631
sndasset,#hash_4775683a0c760694
sndasset,#hash_7b31bc5ce6987c76
sndasset,#hash_726d80225eb47147
sndasset,#hash_643f1b5435b9cbf3
sndasset,#hash_7c42391a68feea88
sndasset,#hash_3561e1ac401e5472
sndasset,#hash_343e02a9ac9bc6c7
sndasset,#hash_c7d220c0216dc73
sndasset,#hash_4a16879991203701
sndasset,#hash_4e962bedd8d63845
sndasset,#hash_2d904b6c2fcafe6a
sndasset,#hash_5786fb8ba2c54484
sndasset,#hash_7c6c0c3b5ca675d
sndasset,#hash_27f98d08637efd29
sndasset,#hash_10037504cd8e90e2
sndasset,#hash_3ee3413d6ca447dc
sndasset,#hash_3cd8ef4a81a412f5
sndasset,#hash_7ac706c6bf2c8961
sndasset,#hash_67d1cb6531a7e1e
sndasset,#hash_531da81489a96740
sndasset,#hash_29a44c794608ebe2
sndasset,#hash_39d5a75bc2a378dc
sndasset,#hash_1c35f08286175a5b
sndasset,#hash_2ff79432a4d0a25f
sndasset,#hash_3dec5a48975b24e
sndasset,#hash_398d6b20e8d9df70
sndasset,#hash_131e53b5fdf033dd
sndasset,#hash_4d37781e8c4a12a9
sndasset,#hash_71b7cd7369644b7a
sndasset,#hash_25713eaf2bee4294
sndasset,#hash_139896e1ae6797d9
sndasset,#hash_27e34442738dd01d
sndasset,#hash_5a7d3b56e33e3953
sndasset,#hash_600b120c0e0237d7
sndasset,#hash_7590d8cf7f1a3b48
sndasset,#hash_7b9199e9cd76dfb2
sndasset,#hash_600c9bad0f185937
sndasset,#hash_19886f235160d9e3
sndasset,#hash_3fb91814ff006fa8
sndasset,#hash_76de8c6499d0d252
sndasset,#hash_2d580df9f420c767
sndasset,#hash_e53f8643b90c153
sndasset,#hash_4c5b58ac38820f0
sndasset,#hash_3cd78f32fed6e49a
sndasset,#hash_388897854b3e64
sndasset,#hash_247a43cf772a6e06
sndasset,#hash_67f10f0edfd5c8c1
sndasset,#hash_1203b0b328557785
sndasset,#hash_39d162c0c133dec0
sndasset,#hash_228a77e12b441b6a
sndasset,#hash_59f2f6c00b071d73
sndasset,#hash_6f8910ff76f88437
sndasset,#hash_3d3328708b3aaf6c
sndasset,#hash_25074744b7cb29ce
sndasset,#hash_309ead6c2d0e8d3
sndasset,#hash_706dcc07e8e71657
sndasset,#hash_4af69a05979e9675
sndasset,#hash_611cb1be0e0063e1
sndasset,#hash_20769ce4bfbd3a06
sndasset,#hash_3c465355b09ca368
sndasset,#hash_2fd1a085cdd8b61c
sndasset,#hash_1835a36e6aa8a83e
sndasset,#hash_461a8ddb50b54e6d
sndasset,#hash_3f94484a9da96439
sndasset,#hash_2939cd855e14ff0c
sndasset,#hash_1a758516f357ba2e
sndasset,#hash_66e942dfde73ca3f
sndasset,#hash_7ed70dbda562f34b
sndasset,#hash_668af79354be9382
sndasset,#hash_3a3694bb114eaa3c
sndasset,#hash_18adcb784ed5d050
sndasset,#hash_725f76b81410c5ba
sndasset,#hash_432a31a4e44d2ed7
sndasset,#hash_318945a3eae51ec3
sndasset,#hash_1365dbade53619b7
sndasset,#hash_6bee374b58174b63
sndasset,#hash_7e711536a1124139
sndasset,#hash_64e77a3fb954163d
sndasset,#hash_5d7f937d9383bcd2
sndasset,#hash_22d20f83e7e48bcc
sndasset,#hash_4c0566468d6aa85b
sndasset,#hash_38dc05d50a53cc5f
sndasset,#hash_7396f748d54ad8da
sndasset,#hash_3eea89946b8f3834
sndasset,#hash_29d1e8fe4511ebf1
sndasset,#hash_5e6c0e72ad32d575
sndasset,#hash_35e92e11349ab14b
sndasset,#hash_3ed057b43c46794f
sndasset,#hash_7c4eab1087fd0448
sndasset,#hash_7ee14adf2b649ab2
sndasset,#hash_19f97bfda1c9fc2
sndasset,#hash_472915a5b6d592fc
sndasset,#hash_7d06d7ca5df4cd86
sndasset,#hash_975d6d0e7adade8
sndasset,#hash_213e3d2a54a6e34f
sndasset,#hash_2bb45300bfddfd1b
sndasset,#hash_5832c768bb65fcf6
sndasset,#hash_63bc6f3aa251db98
sndasset,#hash_2c5b332e0c7d90cd
sndasset,#hash_6aca88f72c6af9d9
sndasset,#hash_ccae9a2ba85b298
sndasset,#hash_69f3d8b48d04a042
sndasset,#hash_3ff083dae070cff2
sndasset,#hash_2d045e2ef243572c
sndasset,#hash_10c4b184b64fd175
sndasset,#hash_52261b1c83f834e1
sndasset,#hash_75f8e092c4f57601
sndasset,#hash_d053854a1639545
sndasset,#hash_57daddd4a977320b
sndasset,#hash_4e8df67da0601a8f
sndasset,#hash_375a8bfc83458d0c
sndasset,#hash_3fcafde241eaa42e
sndasset,#hash_575c53c7c0a82505
sndasset,#hash_3a664ef223237db1
sndasset,#hash_4884a9fba923c450
sndasset,#hash_60dd1a933e21ba
sndasset,#hash_7bda16e785488037
sndasset,#hash_1a40ad95ff25eee3
sndasset,#hash_43218c3c7993716d
sndasset,#hash_6707b46d330eed39
sndasset,#hash_71e9427d502afa16
sndasset,#hash_67b53cd0c1d57f8
sndasset,#hash_14ed60f6fa860344
sndasset,#hash_7bb22ed3ebfd9926
sndasset,#hash_27ce1c30ae0c5368
sndasset,#hash_526a0e9478872b92
sndasset,#hash_20a959d1825c7741
sndasset,#hash_1d7d3d08202bf305
sndasset,#hash_66975b37c205440
sndasset,#hash_4b5b387d1fdc8bea
sndasset,#hash_45add4f3b771a47b
sndasset,#hash_732973254a6fd73f
sndasset,#hash_685603a1873d38e6
sndasset,#hash_ea3d6718e8eb688
sndasset,#hash_3de43281214cbd94
sndasset,#hash_7a66b01856674176
sndasset,#hash_21324596665b72c3
sndasset,#hash_1d65c5a3ca61ff47
sndasset,#hash_6f8039c3ce70a2db
sndasset,#hash_746f415a76dcabdf
sndasset,#hash_754637d4f9585665
sndasset,#hash_353e0b359e364e51
sndasset,#hash_4967f1b9dd749046
sndasset,#hash_2e5bf1ab410b6128
sndasset,#hash_1148dbd2db15a8cf
sndasset,#hash_2973ef750cfb5d9b
sndasset,#hash_6ad5fabe4a395246
sndasset,#hash_496cbadca7766728
sndasset,#hash_40ce72d8510c56a5
sndasset,#hash_74d920f5ec22d311
sndasset,#hash_231bcf145705a3df
sndasset,#hash_553f586ffa09bab
sndasset,#hash_17b92bf4d888d1f4
sndasset,#hash_79044791167a5c16
sndasset,#hash_5db60a8b24deaa36
sndasset,#hash_63e811d212285858
sndasset,#hash_4d1fa7077a5c5d74
sndasset,#hash_14c7352ccf8c4e96
sndasset,#hash_3dfa3ca9ece7e850
sndasset,#hash_788c55a91b000dba
sndasset,#hash_379cefc9cf3b657
sndasset,#hash_3eda800845cf805b
sndasset,#hash_63d3c6afc2c3545f
sndasset,#hash_792d779297e68543
sndasset,#hash_76f04523ac867f53
sndasset,#hash_36fe8b116bf149d7
sndasset,#hash_3ee5a74b34743037
sndasset,#hash_27090e1623eafee3
sndasset,#hash_366f928399d31230
sndasset,#hash_571461719efdfea2
sndasset,#hash_2b1553425e020a1c
sndasset,#hash_4a34867ddc66285a
sndasset,#hash_4dee8cc80b8098a2
sndasset,#hash_5208641bee47981c
sndasset,#hash_5c9200dd5e12642
sndasset,#hash_362a4e5f7506967c
sndasset,#hash_677e7ef17fb8f6c1
sndasset,#hash_50ac51942ee04dcd
sndasset,#hash_74d86974addc10d9
sndasset,#hash_161a9c1c403c4185
sndasset,#hash_69b67e5471e257f1
sndasset,#hash_7516ce61a2849975
sndasset,#hash_38deb352ab1f9b49
sndasset,#hash_2ee1af0cced94ecd
sndasset,#hash_6a4679f2c43d1b4a
sndasset,#hash_5882bbe6de7a4324
sndasset,#hash_3194020eef3f5546
sndasset,#hash_3b75dfc543b169a4
sndasset,#hash_3eafab9ec9769668
sndasset,#hash_5a3d7404bf5d1492
sndasset,#hash_35de7250e84d3e44
sndasset,#hash_13f6775993776a26
sndasset,#hash_63abe5bc511c4743
sndasset,#hash_73b3d83c41a5c07
sndasset,#hash_4b28372582590233
sndasset,#hash_d225dc57e712cc7
sndasset,#hash_32b5a3db5c8d7477
sndasset,#hash_289a308be73052a3
sndasset,#hash_12a55da2bb9c074b
sndasset,#hash_d976b498966bb4f
sndasset,#hash_5498a115cfe1b44c
sndasset,#hash_5ddea7ac3154d2fe
sndasset,#hash_1ad2f8a2b4fd7e60
sndasset,#hash_7b6a74129c1fe5ee
sndasset,#hash_74526b9824142561
sndasset,#hash_50e00b29e76a7865
sndasset,#hash_99e0246f44ede7c
sndasset,#hash_71932c05265b45e
sndasset,#hash_4b65bb16213c3198
sndasset,#hash_34de4531072dbd42
sndasset,#hash_7d2ff2ef8600728f
sndasset,#hash_3e76d9f9806423db
sndasset,#hash_10820a0420b255d0
sndasset,#hash_738662ec3e1f663a
sndasset,#hash_74603f1b2900bcbf
sndasset,#hash_4b2542712bcdbacb
sndasset,#hash_566f14c22ed3d3fb
sndasset,#hash_628cb0ea459335bf
sndasset,#hash_238328a4b4171db4
sndasset,#hash_848adc1d3db2256
sndasset,#hash_32ece59e1cc2e9a7
sndasset,#hash_7994569d0fc2d113
sndasset,#hash_2e473abe6c509646
sndasset,#hash_4859269749db328
sndasset,#hash_2c1511e338370c0a
sndasset,#hash_6ba5510d189a03e4
sndasset,#hash_4d269cd2e6463729
sndasset,#hash_483bf2628e30c9ed
sndasset,#hash_4ce900cab853aefe
sndasset,#hash_67f4456854a49260
sndasset,#hash_1d9ba1df7996061
sndasset,#hash_1777d46c135e4965
sndasset,#hash_1b2209cad6ecbc55
sndasset,#hash_32a48b8d67904f81
sndasset,#hash_35d082aed89dc926
sndasset,#hash_5dbfe014c98d1e48
sndasset,#hash_5c73519d9d51e3e5
sndasset,#hash_11c142cc86cf06d1
sndasset,#hash_237327e493014aa8
sndasset,#hash_3306a225c5d38352
sndasset,#hash_660efa85cd2a17cc
sndasset,#hash_648dbe2dbcd1606e
sndasset,#hash_59ac04f5dc56e3e3
sndasset,#hash_35b3022f88b07027
sndasset,#hash_7a0c00524e4a3864
sndasset,#hash_75207305eb491c06
sndasset,#hash_2aef337790b23cdb
sndasset,#hash_6e627ebe45ff39df
sndasset,#hash_145a6f2f902d5f7f
sndasset,#hash_6f6763f3a4b3650b
sndasset,#hash_7ef80246ca1db698
sndasset,#hash_6530078c2762c42
sndasset,#hash_688e3ef262b319fc
sndasset,#hash_1321e9bd604bb6de
sndasset,#hash_3bfed30c5c4fcafa
sndasset,#hash_5bb1c58784b9114
sndasset,#hash_39232e2ccd7ae4ec
sndasset,#hash_51a48570ef46da4e
sndasset,#hash_1da38e7aa9d0f7ff
sndasset,#hash_d65e68edb9c5e8b
sndasset,#hash_3d2190bb87a244d
sndasset,#hash_149050de48ab0459
sndasset,#hash_61af91525e7551b7
sndasset,#hash_17a208f4b0b9f363
sndasset,#hash_4e10878566dc073a
sndasset,#hash_5a696b7d56deded4
sndasset,#hash_750c7111aad96734
sndasset,#hash_2e8660e9e1ec8ed6
sndasset,#hash_1e5e3a36d635ae
sndasset,#hash_519da968e9b24410
sndasset,#hash_688df6f15dcc5f1d
sndasset,#hash_a1f9e6c9a9f1069
sndasset,#hash_13e2473d280c3947
sndasset,#hash_32c00cd237c23f3
sndasset,#hash_24f2181ab53d63b1
sndasset,#hash_4651177186d24eb5
sndasset,#hash_4602413b39390818
sndasset,#hash_5dc90e3ab045b0c2
sndasset,#hash_428c76dbe8b19a0e
sndasset,#hash_7f57f0dc046ecab0
sndasset,#hash_5cbf778d22b2b810
sndasset,#hash_eddf5e3576decfa
sndasset,#hash_6eed363d167c7fbb
sndasset,#hash_46e9b7dd81c39ff
sndasset,#hash_59ffe8a1c6d7f41
sndasset,#hash_12288c603a120b05
sndasset,#hash_140c9ba110c7550b
sndasset,#hash_5b15c0228fdba38f
sndasset,#hash_52d1e8e95434ac36
sndasset,#hash_37d1fe5c9b3f1e58
sndasset,#hash_e9fa7c11eb9e142
sndasset,#hash_1b96010f1344e77c
sndasset,#hash_1f7cb1f3c55561d5
sndasset,#hash_314ad833810f5001
sndasset,#hash_5c3370bd3ddecaf9
sndasset,#hash_119ff2856b17aa7d
sndasset,#hash_441d90bada20a5e5
sndasset,#hash_136252d085180cd1
sndasset,#hash_1d220a7d40d3d22
sndasset,#hash_71314969fc48359c
sndasset,#hash_40f6490936378075
sndasset,#hash_5097df41ea06e1e1
sndasset,#hash_fa1e5632db47a7b
sndasset,#hash_39373255bce4993f
sndasset,#hash_4ce2a23bf81912a2
sndasset,#hash_25cd2a8735c2c61c
sndasset,#hash_5c78b3be32f861c6
sndasset,#hash_4aa964ba0e4465a8
sndasset,#hash_3a73ae7463d075a6
sndasset,#hash_342d18fa5512d3c8
sndasset,#hash_61f00dccb5af9735
sndasset,#hash_2c2be895bf75a521
sndasset,#hash_1581af938f96142c
sndasset,#hash_40d55d77f9f92d0e
sndasset,#hash_653db4e895d65d2c
sndasset,#hash_3f51ed6b8a0f680e
sndasset,#hash_12cd105c7f3300a7
sndasset,#hash_329194d1a3a1b613
sndasset,#hash_65440d5a2172174f
sndasset,#hash_1859936221fb191b
sndasset,#hash_686c720c18fa844b
sndasset,#hash_777a65e357b3124f
sndasset,#hash_31b0292f53e8e5c
sndasset,#hash_2392099aafdae6fe
sndasset,#hash_503e65cd4dcc66eb
sndasset,#hash_203b59d0ef54e62f
sndasset,#hash_5abeb4abd8b8cc65
sndasset,#hash_2a5daf2e5b5ff051
sndasset,#hash_7f3abbd5a85b6d64
sndasset,#hash_5f2c3e4d3ae29b06
sndasset,#hash_5fa4ce937637e49c
sndasset,#hash_a38aa81ca38a3be
sndasset,#hash_1aaaebb86faf0644
sndasset,#hash_17be9e462317c226
sndasset,#hash_36eb4716749f3427
sndasset,#hash_138d42e3be4ca093
sndasset,#hash_3f2fc62d6047922a
sndasset,#hash_6f99e0d8223fb4c4
sndasset,#hash_1bba42a6c7ee9d4e
sndasset,#hash_339b90eca7eac070
sndasset,#hash_68fc413e20e03a49
sndasset,#hash_7bd289f12b2ccbcd
sndasset,#hash_5d80d539d1f7a175
sndasset,#hash_100d80f2e1fda4e1
sndasset,#hash_6ae082ffa23c2f29
sndasset,#hash_214646829effb1ed
sndasset,#hash_1a9159e1c502d7be
sndasset,#hash_4b7cf7af5bccf1a0
sndasset,#hash_771dbee0eac30bc9
sndasset,#hash_369673c74f22d04d
sndasset,#hash_2b40f0f3a3c90127
sndasset,#hash_17ef21f38d58e793
sndasset,#hash_7a85ae28c2109d26
sndasset,#hash_1c3f0ed708bd1a48
sndasset,#hash_366422ee65c437b2
sndasset,#hash_69fe784403a7736c
sndasset,#hash_1fa925c3005b7b3a
sndasset,#hash_daec0d74530bad4
sndasset,#hash_1cbe1f57be2acb61
sndasset,#hash_423abc1b18e8aa65
sndasset,#hash_74e74abf53379d28
sndasset,#hash_337c9dde750fda6
sndasset,#hash_6b65b455e961a149
sndasset,#hash_42fd995193f53aa9
sndasset,#hash_18a7bc600ed29a5b
sndasset,#hash_15e4d8e7f4da63f7
sndasset,#hash_278d63784fd86a64
sndasset,#hash_1c5ea4a8d3fa7206
sndasset,#hash_64b24dc3ab8332b2
sndasset,#hash_6eba4c1d8570846c
sndasset,#hash_4726ef1972e513a1
sndasset,#hash_7906d27480f43125
sndasset,#hash_65af8541c1c32a84
sndasset,#hash_5e2ba37a323063e6
sndasset,#hash_5e90e54d8035ca93
sndasset,#hash_802ad3c298ded97
sndasset,#hash_2f760b07a7cd9b21
sndasset,#hash_76d3da668f7b97a5
sndasset,#hash_b4bf70ddd4538c2
sndasset,#hash_673a245bf5e2bdfc
sndasset,#hash_24b98416f4b61e72
sndasset,#hash_6c42cf873511b2ac
sndasset,#hash_1665a9fa24a19132
sndasset,#hash_ffb8d898d00fec
sndasset,#hash_5970930200a73712
sndasset,#hash_269359529a5dff8c
sndasset,#hash_1bfb9fcd75d1d018
sndasset,#hash_4f814aad1a2b08c2
sndasset,#hash_4c2e3cc488c384
sndasset,#hash_659f5c614cf48ee6
sndasset,#hash_5b6c1e5d18a53172
sndasset,#hash_2f787495f5640bac
sndasset,#hash_612e84a111f810fd
sndasset,#hash_1dda4bc1456fa209
sndasset,#hash_4560c5dcfb343ebd
sndasset,#hash_22e091c6fe2c7d49
sndasset,#hash_150705cf07fdf568
sndasset,#hash_2a3b49ba4c0cd192
sndasset,#hash_abf181db58a2dd7
sndasset,#hash_611e9d55c811bbc3
sndasset,#hash_40554c5a7446a4f2
sndasset,#hash_5c84b4b96326b62c
sndasset,#hash_3019271ba0ec5172
sndasset,#hash_7c63c344fc256bac
sndasset,#hash_36a922627b52b7f5
sndasset,#hash_3db91be489085861
sndasset,#hash_1ca9f8ad47b99583
sndasset,#hash_4f9107fd8dd1f987
sndasset,#hash_7d539bde694ebc2d
sndasset,#hash_570ade237c65ba79
sndasset,#hash_7131faf22e28888f
sndasset,#hash_4d941fbdeb00a5db
sndasset,#hash_3098ba66f205a68f
sndasset,#hash_e22d7e179ef3fdb
sndasset,#hash_5bfde04e8746290b
sndasset,#hash_770168ef52af9f8f
sndasset,#hash_71526f3c9fe1fb59
sndasset,#hash_4b9fb1c4b7954a9d
sndasset,#hash_10200a90008d403e
sndasset,#hash_7609097471185b20
sndasset,#hash_7d55b838e2c3fc34
sndasset,#hash_4a5660609e562dd6
sndasset,#hash_1ff74e6d5d427443
sndasset,#hash_4760ef05e2d693c7
sndasset,#hash_3b877fb640d78712
sndasset,#hash_61480b941e2cef8c
sndasset,#hash_4d75cb58f1b4a21
sndasset,#hash_2ccf77d92dfc44a5
sndasset,#hash_162a535605f24f6b
sndasset,#hash_444fcd2917c2cfaf
sndasset,#hash_23b58fc7cf032554
sndasset,#hash_54db7ac912a568b6
sndasset,#hash_14d8a6de2eff081c
sndasset,#hash_5642d4b3286e5e3e
sndasset,#hash_58a3466d8140a4ec
sndasset,#hash_75a939ac96401a4e
sndasset,#hash_6596029a6796b1ac
sndasset,#hash_22699aa5dded158e
sndasset,#hash_3636cd400e5a4e22
sndasset,#hash_6fc07981b01fc89c
sndasset,#hash_296dae4eb30acfde
sndasset,#hash_6689942602907080
sndasset,#hash_31f0ad0b76028814
sndasset,#hash_1d66fba45c0d90f6
sndasset,#hash_243f56ea646415bf
sndasset,#hash_b71b649bd1325cb
sndasset,#hash_652533b8c334fd0f
sndasset,#hash_48cfefb2a8eb35b
sndasset,#hash_5c83421301346ce2
sndasset,#hash_91b73b8f6e05bdc
sndasset,#hash_2bbddbc7236dceed
sndasset,#hash_60dfc26ba7b815b9
sndasset,#hash_63813a2219383f40
sndasset,#hash_7906b2704c6a6cea
sndasset,#hash_46f50560e34a6e0c
sndasset,#hash_39f76cd3d7f7a72e
sndasset,#hash_220831d7b52fdbcf
sndasset,#hash_7493aca0fb3b169b
sndasset,#hash_507a0c6be9f94cf5
sndasset,#hash_31cf73844825f761
sndasset,#hash_34aab038bf83bf
sndasset,#hash_50483ea5a9faafcb
sndasset,#hash_31334a124dc94529
sndasset,#hash_59e56e0b2bab33ed
sndasset,#hash_637ed845adfcfe59
sndasset,#hash_7a1018e94845739d
sndasset,#hash_29916440ff26d3e5
sndasset,#hash_5d09a8639787d6d1
sndasset,#hash_7c9dd643e51da15b
sndasset,#hash_395688ede6a4175f
sndasset,#hash_3181ab05a73f30d0
sndasset,#hash_508482a02e46173a
sndasset,#hash_6e3ec3e70e07e0b6
sndasset,#hash_50d4533c9f296bd8
sndasset,#hash_2dfa9640f8faf24d
sndasset,#hash_19ca618121c6ae59
sndasset,#hash_37f3ad7075f9f48
sndasset,#hash_5c43f87e17b48bb2
sndasset,#hash_42d05e1d87b467af
sndasset,#hash_22260246bec1333b
sndasset,#hash_7a6ada3fa625ec4d
sndasset,#hash_6c3c91070ae95c59
sndasset,#hash_6d012bed768d5296
sndasset,#hash_7b58eca06c4a9178
sndasset,#hash_4fa9f746eaceb9e6
sndasset,#hash_41e77a851e3d9988
sndasset,#hash_c552e99b472481e
sndasset,#hash_354cc50ade408540
sndasset,#hash_2a0794a583565d66
sndasset,#hash_252b20f338e4d408
sndasset,#hash_691f5dbc7b85e024
sndasset,#hash_7de1eeefecbf0c46
sndasset,#hash_603f1ce2fdeea290
sndasset,#hash_30ff54dbcc329c7a
sndasset,#hash_1d94308ab17e6876
sndasset,#hash_2ce9284996c66e18
sndasset,#hash_7a4c3f018a7807f9
sndasset,#hash_635576b9509c417d
sndasset,#hash_478a02d6c5c920b1
sndasset,#hash_67e4156e1c1e65b5
sndasset,#hash_7880301d05a77ee4
sndasset,#hash_68c1108cb50c5f86
sndasset,#hash_4dbf803020e670ab
sndasset,#hash_23c2432b2074316f
sndasset,#hash_6d395e2f0545067e
sndasset,#hash_12685c4184b468e0
sndasset,#hash_5c70601b91d0b84e
sndasset,#hash_36e272a3ae893170
sndasset,#hash_36436476bb765c39
sndasset,#hash_44151f0ab638873d
sndasset,#hash_68df9b7266386e37
sndasset,#hash_2e5c0daec67af8e3
sndasset,#hash_4465ba69464c64a9
sndasset,#hash_3e8b446bc9eb626d
sndasset,#hash_48e44ea391b2c9d3
sndasset,#hash_57ff3e76e06b1957
sndasset,#hash_73cea43122be364b
sndasset,#hash_335ae58f1414e84f
sndasset,#hash_7c30eda920230b57
sndasset,#hash_721f4cb727666443
sndasset,#hash_78fc651b9d1e033d
sndasset,#hash_29f9ef208a707ac9
sndasset,#hash_3125e04a10e5bdd5
sndasset,#hash_71b16554e3fae401
sndasset,#hash_626e69379712749c
sndasset,#hash_673e9576e5e53be
sndasset,#hash_763462149122dcc1
sndasset,#hash_6422c8ddcf6c3385
sndasset,#hash_3cdfdb62dac6b5e1
sndasset,#hash_710cfcdd95cd59e5
sndasset,#hash_57633a8d1f2dd250
sndasset,#hash_57e5a22bb4ed8bba
sndasset,#hash_7914f4481c0eb7a3
sndasset,#hash_4fa0d183ed36f567
sndasset,#hash_6ea0100e1ed8e16e
sndasset,#hash_c4f52060a98af50
sndasset,#hash_2789fc949b0b15da
sndasset,#hash_75a8dbdf5128cf34
sndasset,#hash_7e2036434db29cab
sndasset,#hash_3dda599f91a1356f
sndasset,#hash_73448c8d6f08e6ca
sndasset,#hash_386d368eff441c24
sndasset,#hash_68486a0427fc0ddf
sndasset,#hash_7b305e978ccf99ab
sndasset,#hash_328b53502ccb9903
sndasset,#hash_66c171a2dbc5407
sndasset,#hash_553d3b9f8997c4de
sndasset,#hash_1364ee5ff3852f80
sndasset,#hash_6cdac7bc8350f771
sndasset,#hash_6b958dce6d747f5
sndasset,#hash_68874c3d2712254c
sndasset,#hash_1a71078341a598ee
sndasset,#hash_6ca83bebd2c67fcc
sndasset,#hash_32007100c35d986e
sndasset,#hash_4b2105fb8f1fae71
sndasset,#hash_2e112047888e0cf5
sndasset,#hash_4c6d33a3e34c6e48
sndasset,#hash_2a5177ee12fe98b2
sndasset,#hash_4b63c8cca10fed85
sndasset,#hash_4ca0e6ad43cb0731
sndasset,#hash_6d4904f42516094d
sndasset,#hash_189ffda580c69359
sndasset,#hash_2e676812d37be29c
sndasset,#hash_5d426a6264afddbe
sndasset,#hash_1a5bf3c56632326f
sndasset,#hash_2f7128ccd7a5c57b
sndasset,#hash_5d3181b638db4c32
sndasset,#hash_4e5c2314079160ec
sndasset,#hash_55d30d6dd4bff936
sndasset,#hash_442b4c69c1ffe558
sndasset,#hash_76268335aa9e5abb
sndasset,#hash_573f7956bae1eaff
sndasset,#hash_15c4c217aa603b51
sndasset,#hash_74290757b1993795
sndasset,#hash_1fa7cab378927252
sndasset,#hash_360fdf5d163bbc4c
sndasset,#hash_357a616a155dafc8
sndasset,#hash_2ee35b9d4b49ed32
sndasset,#hash_721ba0db8a872ee4
sndasset,#hash_63fba736066d6f86
sndasset,#hash_7ee51e475da9ab01
sndasset,#hash_69c8abe3a8061445
sndasset,#hash_6a4203890bd327f1
sndasset,#hash_648b505710c50975
sndasset,#hash_413190ee0e800027
sndasset,#hash_72bfcef648b38493
sndasset,#hash_548207bdcc41bea8
sndasset,#hash_5ce3506365c85f52
sndasset,#hash_6155671a2b0b56
sndasset,#hash_3804821c1010f5b8
sndasset,#hash_5bee2dd3596e7872
sndasset,#hash_1c4651ec43a080ac
sndasset,#hash_5a7ee00a4b26cac7
sndasset,#hash_30d235e91d816873
sndasset,#hash_474a3e6338d57377
sndasset,#hash_79772c06979defa3
sndasset,#hash_35581da131e3ed85
sndasset,#hash_2855ee450dc70731
sndasset,#hash_7d049938e4b690ae
sndasset,#hash_5412109022237510
sndasset,#hash_509efa5045cec374
sndasset,#hash_b84eeac5505c096
sndasset,#hash_14397e768bf9ce88
sndasset,#hash_6e928f8a058c8072
sndasset,#hash_118124e9f078ebfd
sndasset,#hash_2ca2f6c340f25309
sndasset,#hash_1f97c78061cde2f4
sndasset,#hash_240014fb0439ef16
sndasset,#hash_4e48ce54d61d7b08
sndasset,#hash_742c9670324535f2
sndasset,#hash_2425e30a0a28bf07
sndasset,#hash_5139b5dc1be74b33
sndasset,#hash_1c4301a951a17d51
sndasset,#hash_24263a49c329bd95
sndasset,#hash_2da2e6709f8c2bd1
sndasset,#hash_77befd406aac3915
sndasset,#hash_4b00cf82d88f00fa
sndasset,#hash_c84de7c5b197314
sndasset,#hash_731fab4a3e08f72e
sndasset,#hash_256559bbecf21890
sndasset,#hash_3017072585854582
sndasset,#hash_63068b121d9803c
sndasset,#hash_1aa2594e4a5b67c9
sndasset,#hash_3ad07298c126644d
sndasset,#hash_4147525f3aaf2613
sndasset,#hash_7349826e42df5017
sndasset,#hash_6e68421cdf0b2c53
sndasset,#hash_5ce14fc547e230d7
sndasset,#hash_4ce900b3246b896c
sndasset,#hash_649160f975f377ce
sndasset,#hash_4810c90349dd00a8
sndasset,#hash_5ee43a68a026e552
sndasset,#hash_2b4b3298de27596c
sndasset,#hash_108f13d3db4e7ce
sndasset,#hash_6aaba2c496b90aeb
sndasset,#hash_66e246bebac0522f
sndasset,#hash_6afd817ca57cafb5
sndasset,#hash_3508292b776b1ea1
sndasset,#hash_1bfbef604ec1aa95
sndasset,#hash_332c4365d4809641
sndasset,#hash_23e2490e8dc3cb1e
sndasset,#hash_6e86bd5516042e40
sndasset,#hash_4e144710448454de
sndasset,#hash_3ad9d9aea0a0df80
sndasset,#hash_4bb9b7ce02af5ac2
sndasset,#hash_6c9b3082de01e3fc
sndasset,#hash_32877749016067fd
sndasset,#hash_37b5c581e7cf4709
sndasset,#hash_6c9791a31e1926bd
sndasset,#hash_1e603c4dcc23549
sndasset,#hash_59f3596e81b55499
sndasset,#hash_313e4124a99ed15d
sndasset,#hash_1eb8a3144348a14c
sndasset,#hash_b8755bdfe0f8cee
sndasset,#hash_4c3c3c0d9eb6f134
sndasset,#hash_1998451281bcecd6
sndasset,#hash_73b37aff5e2714f0
sndasset,#hash_1d788f81e757409a
sndasset,#hash_58e47a966e7d079b
sndasset,#hash_283a4959cbcd7f1f
sndasset,#hash_452140572714a423
sndasset,#hash_6f950e341fee6ae7
sndasset,#hash_9652be7ba32dcef
sndasset,#hash_4927cd50b800b4fb
sndasset,#hash_2ce6c2d02159f02a
sndasset,#hash_6ad5f04b69460ec4
sndasset,#hash_1aa56c33e41965ca
sndasset,#hash_257a4814a3b3924
sndasset,#hash_45eb546419249286
sndasset,#hash_50c616b4ddb8dce8
sndasset,#hash_6f13e64f485cff69
sndasset,#hash_392a2b55f53ee9ad
sndasset,#hash_49d80978b025dcf9
sndasset,#hash_48c88c0c9807a07d
sndasset,#hash_4c1a6c53cfeb614d
sndasset,#hash_1960e82f0fb79b59
sndasset,#hash_35e0146322b76518
sndasset,#hash_318640c001a5a7c2
sndasset,#hash_40e108724d546381
sndasset,#hash_120c188076f06dc5
sndasset,#hash_5562ea8324526f44
sndasset,#hash_7e11d8280ec35d26
sndasset,#hash_4a88de36262422af
sndasset,#hash_3ba4de2ffc64843b
sndasset,#hash_72d3975ba3320c96
sndasset,#hash_1ef4d05f4b027f78
sndasset,#hash_12638a2ea48c8aa3
sndasset,#hash_569d6b09ec3d8e67
sndasset,#hash_4b3ed68f80ee0e18
sndasset,#hash_1216344e39c302c2
sndasset,#hash_78a0c2d9ac074f57
sndasset,#hash_71ada10ec0d4b043
sndasset,#hash_f106abcff35fd2a
sndasset,#hash_7688000355c115c4
sndasset,#hash_4caa4f884adbf5d9
sndasset,#hash_24732f48257a2a1d
sndasset,#hash_21aac57f7dd12b04
sndasset,#hash_2c8c7ec85f4f9566
sndasset,#hash_505ccda1e12abd69
sndasset,#hash_64789ccfdf7b63ad
sndasset,#hash_476eea63b5a7baea
sndasset,#hash_418c76da78af2a04
sndasset,#hash_3c1e715ab61d8115
sndasset,#hash_7a58a41b855589c1
sndasset,#hash_678b45a588a4ad70
sndasset,#hash_6dafb094e68e3a1a
sndasset,#hash_4b06ea771cb69c3b
sndasset,#hash_25bfcd5b9be23f7f
sndasset,#hash_150294a11f46fc5a
sndasset,#hash_3ce6367fe343f2b4
sndasset,#hash_2292e3116fc70e2f
sndasset,#hash_1cb4f4bf186896bb
sndasset,#hash_7c0071ea1c6dc4e4
sndasset,#hash_719bc1a836b57186
sndasset,#hash_39518b1819843269
sndasset,#hash_19fc1898cf85a2ad
sndasset,#hash_263c4596d8957984
sndasset,#hash_6f31f14e7b3af0e6
sndasset,#hash_74784f506064cdba
sndasset,#hash_143495703a74a254
sndasset,#hash_611a303b43d41b8a
sndasset,#hash_1b8ad2f1e7420264
sndasset,#hash_2f692e6f436b5d1d
sndasset,#hash_1a285f469e474a69
sndasset,#hash_4b16f59623f84fb1
sndasset,#hash_3a5f02f192d392b5
sndasset,#hash_1f53d320cc7581ef
sndasset,#hash_4b7559144b1883fb
sndasset,#hash_4c8f32b2c71f86b6
sndasset,#hash_6c216d03380a9dd8
sndasset,#hash_37b72608fb22d28c
sndasset,#hash_77b1a98e2dc384ae
sndasset,#hash_5885860cc92b0e38
sndasset,#hash_ad095e5c7e6fca2
sndasset,#hash_20e3fa87d3681f8f
sndasset,#hash_56fbe63c01e0adb
sndasset,#hash_3d02b34dbac7496b
sndasset,#hash_63154a9f5ba37daf
sndasset,#hash_135ff02fac3d93b5
sndasset,#hash_464bc60d4e6b4aa1
sndasset,#hash_3f8316ce97acda20
sndasset,#hash_806abd9ead35d8a
sndasset,#hash_352a3f57927b4e7e
sndasset,#hash_27011e50d28240e0
sndasset,#hash_3e2f807159bffcb6
sndasset,#hash_53ad5b8ec6f43fd8
sndasset,#hash_112e832760190ab9
sndasset,#hash_5f097fee16e302bd
sndasset,#hash_50e4ecfa7e63b195
sndasset,#hash_6ce9242a800f4b41
sndasset,#hash_66325b36088da7fd
sndasset,#hash_54fede5b2acf0709
sndasset,#hash_6219ad01688320ed
sndasset,#hash_68effb2d80eacbb9
sndasset,#hash_530dd4e78099fdd5
sndasset,#hash_1e212a57792fa401
sndasset,#hash_4bed7b9132cee5b5
sndasset,#hash_e19fe5ed29200a1
sndasset,#hash_6468964e4472590a
sndasset,#hash_57c93669246acae4
sndasset,#hash_3817c3bfbb1ad0fa
sndasset,#hash_5b4ed58b0b4ae314
sndasset,#hash_492c1618dba50b02
sndasset,#hash_6a01f0b20a69e0bc
sndasset,#hash_42bc56bb546cb9a
sndasset,#hash_31d917a6144b5b74
sndasset,#hash_756964c85c77e1a3
sndasset,#hash_f638bbe57463367
sndasset,#hash_52d835619373eff
sndasset,#hash_25fb6ac6328fd38b
sndasset,#hash_2327c1eb57ab639f
sndasset,#hash_51927b81c49cf3eb
sndasset,#hash_2fedfd58b2d6abc3
sndasset,#hash_2c24684dfaa30a47
sndasset,#hash_3daacf35b0878050
sndasset,#hash_5a201c2dbea7d5ba
sndasset,#hash_16636c986ea8a454
sndasset,#hash_709f2aa6873b85b6
sndasset,#hash_5aef03ad6e5b8d64
sndasset,#hash_5b4cc864ba2efb06
sndasset,#hash_43050107c3174b70
sndasset,#hash_1c1bc049b84d541a
sndasset,#hash_4c616f2c65210511
sndasset,#hash_25943c3b1013c6d5
sndasset,#hash_5e5cee2c54f5b809
sndasset,#hash_4fce0adae6be290d
sndasset,#hash_75d9461b8e2ef701
sndasset,#hash_39207648110a7845
sndasset,#hash_690ab5a53eec7099
sndasset,#hash_539c79564b86a55d
sndasset,#hash_5d76f4d5ac1b1d9e
sndasset,#hash_79e3a720ef7215c0
sndasset,#hash_2077b5983740b156
sndasset,#hash_5a9ad2e1802c27b8
sndasset,#hash_3258168c62d87f0e
sndasset,#hash_2bc10681074b59b0
sndasset,#hash_33a1c193698ba79e
sndasset,#hash_419720e611b73c0
sndasset,#hash_557be670b617f2bb
sndasset,#hash_7e925aa6bd7b2ff
sndasset,#hash_65ffebc52be987f0
sndasset,#hash_321c625b7a27b99a
sndasset,#hash_2fd455374a806faf
sndasset,#hash_14a148c406f84b3b
sndasset,#hash_44689008ea34b7e2
sndasset,#hash_4145c602560b5cdc
sndasset,#hash_38bc6cbfe502f77b
sndasset,#hash_475b5558b300f03f
sndasset,#hash_4b661bc567c69462
sndasset,#hash_691d8192d640a25c
sndasset,#hash_2c55cfbd3345be5
sndasset,#hash_162290062b136ed1
sndasset,#hash_371c99d1675007ee
sndasset,#hash_38d8d01dc81d92d0
sndasset,#hash_6dcaa0b5e39ea909
sndasset,#hash_79ad18ee64dd5c0d
sndasset,#hash_7d0a1cf544e67e8c
sndasset,#hash_379283d7cda708ae
sndasset,#hash_45d0942b1fcb3439
sndasset,#hash_c8b16ff4c780f3d
sndasset,#hash_1c914f9c3875bd44
sndasset,#hash_4c66932c88b68726
sndasset,#hash_2466b66a3992df4f
sndasset,#hash_5b39e25ec178711b
sndasset,#hash_4c0f8fd999520bf4
sndasset,#hash_7cf4e445dc4fca16
sndasset,#hash_3cc74cabd976f623
sndasset,#hash_4dfb67331fe820e7
sndasset,#hash_4695972a8266df16
sndasset,#hash_530c1ae0f118e6f8
sndasset,#hash_55198433c32b21f
sndasset,#hash_7e04bc34e4f14f6b
sndasset,#hash_235a54ba5a7b46
sndasset,#hash_2ee581b866434228
sndasset,#hash_7c9418308006fa0f
sndasset,#hash_1af93cce35858a5b
sndasset,#hash_62cc2951cc183bab
sndasset,#hash_772a65481686006f
sndasset,#hash_271e4ccc4d5a6f7b
sndasset,#hash_5ed70e8f97c3b26f
sndasset,#hash_72ebc18f336ee03c
sndasset,#hash_509dec93da9b2c9e
sndasset,#hash_7d91958b3b6a2d4c
sndasset,#hash_1d7b9cd59c8ba5fe
sndasset,#hash_314266fdfb8f1760
sndasset,#hash_145648340b00b0ee
sndasset,#hash_5a65030545208175
sndasset,#hash_3399b34c778c44e1
sndasset,#hash_2e5d219dbaf4a491
sndasset,#hash_4641298912563cdd
sndasset,#hash_7e0b271376798da9
sndasset,#hash_4dd5a7c899757555
sndasset,#hash_fdfd89350969bc2
sndasset,#hash_96c2e2bce5a06fc
sndasset,#hash_4e797485d679256a
sndasset,#hash_600126bcdbcc5d04
sndasset,#hash_29975e5c2827eb66
sndasset,#hash_192b5e443d445984
sndasset,#hash_5bdaa2b1bd8ba90b
sndasset,#hash_47e258b896901f8f
sndasset,#hash_b4dba77e82e7aa7
sndasset,#hash_4acfef8bc780beeb
sndasset,#hash_7e5f8a7dd482ee2f
sndasset,#hash_15eaeb100365e413
sndasset,#hash_5f2b6e80a45d3ba8
sndasset,#hash_44f259bced2bb652
sndasset,#hash_325f81c3e4154da8
sndasset,#hash_1632afa6478b005a
sndasset,#hash_1ba6171bdb397eb4
sndasset,#hash_321623b856ceac52
sndasset,#hash_4eacc3783aca5b7b
sndasset,#hash_4916d29ba12ead03
sndasset,#hash_17acd79e587e19f2
sndasset,#hash_39d124c325416808
sndasset,#hash_d01409b8d959737
sndasset,#hash_3a0fb2768a33938
sndasset,#hash_401fb52d6c105f0d
sndasset,#hash_42a6841f64f5f27f
sndasset,#hash_706bba54be77ba0c
sndasset,#hash_198765831662cced
sndasset,#hash_3de296ea491fa9ef
sndasset,#hash_406a3d9d687f6a52
sndasset,#hash_667748e6381c9b66
sndasset,#hash_3a953eb520fdeb5f
sndasset,#hash_35c0934812f3dfff
sndasset,#hash_20cfda661da2e0a5
sndasset,#hash_34bbb2499d226057
sndasset,#hash_427f259bdba6afd6
sndasset,#hash_39d090504239855c
sndasset,#hash_53b2725fe79ea591
sndasset,#hash_7aa23a12e9650c30
sndasset,#hash_18b75ae73e22ef08
sndasset,#hash_75a962280b679ceb
sndasset,#hash_66d37b502cc3b8c1
sndasset,#hash_1cd193c4a197f016
sndasset,#hash_39ffeebf53180ab
sndasset,#hash_66046d74d5872b67
sndasset,#hash_39e6b8d10583d6f2
sndasset,#hash_3c4d183d933cda47
sndasset,#hash_27a6cb25789f8e42
sndasset,#hash_4cfde96f349ff71b
sndasset,#hash_61ec61b570a69c1b
sndasset,#hash_3825e59cf59afeb0
sndasset,#hash_5a5965c82700764f
sndasset,#hash_502d9f0b697c2c22
sndasset,#hash_56db0f41409178f
sndasset,#hash_3127e0c1cd1d246
sndasset,#hash_1b9ba52683aaf799
sndasset,#hash_5016cbb64e810f6c
sndasset,#hash_176accfa2bc3dff3
sndasset,#hash_292c8298131dc7db
sndasset,#hash_772b7e7e1497f55e
sndasset,#hash_608aab16c54e6f94
sndasset,#hash_1c4e6118bb902016
sndasset,#hash_503befc26c65981f
sndasset,#hash_683d327771f4369
sndasset,#hash_7531f3e03df9e228
sndasset,#hash_53cf00652546667b
sndasset,#hash_7c46aa7e6193382
sndasset,#hash_1ee13f881296cca9
sndasset,#hash_18ec032f9bd59543
sndasset,#hash_7d91a380198a06
sndasset,#hash_36387ecbd647a3ad
sndasset,#hash_15f667c8373fcd78
sndasset,#hash_65bccbc002e24914
sndasset,#hash_551b9cb3e8aa1561
sndasset,#hash_12356eee3bdc751
sndasset,#hash_3048794ed697e71
sndasset,#hash_bc392a0fc595703
sndasset,#hash_15cf2f73f3d786b0
sndasset,#hash_5ef387ccfe81d98e
sndasset,#hash_7e5e20f0348efeca
sndasset,#hash_733337be5ae322c2
sndasset,#hash_1c61795bda3ae5d1
sndasset,#hash_528272fd7a846fc8
sndasset,#hash_7d228921e2cbdc20
sndasset,#hash_1d813d29aab63578
sndasset,#hash_189ad14813dfc499
sndasset,#hash_7c5ba4f72256ee45
sndasset,#hash_3c4d95dcba9a308f
sndasset,#hash_4f4e7d260edbdf9e
sndasset,#hash_5de0195928fb0449
sndasset,#hash_645ba4942ccb44a2
sndasset,#hash_bfc3dbe154a226d
sndasset,#hash_b4f3b8ad65e125b
sndasset,#hash_692da923c5ae18c5
sndasset,#hash_eb0d14779d05779
sndasset,#hash_6786fae33608e89c
sndasset,#hash_61743a37820809a6
sndasset,#hash_ea5f0dbc082d818
sndasset,#hash_3c6e25de414482ec
sndasset,#hash_2dc453211920128
sndasset,#hash_f65be58336ecc65
sndasset,#hash_fd3416d45a699f1
sndasset,#hash_457c7edd7bc575c1
sndasset,#hash_14943180f52042d5
sndasset,#hash_607b2e5db1c0e60d
sndasset,#hash_236486bd59b8c65a
sndasset,#hash_6d02e3130a5ebe1a
sndasset,#hash_4af2d1266132dd74
sndasset,#hash_628ec6bc368bf698
sndasset,#hash_4b03c6f2703d0281
sndasset,#hash_685069739600f9b2
sndasset,#hash_1251024d5ebc9aa0
sndasset,#hash_6ae9b52f7bce1b43
sndasset,#hash_7d07d9d33cd3506f
sndasset,#hash_692fc0d917e4a265
sndasset,#hash_7ab6d5cc5aefc3aa
sndasset,#hash_404641feefa9b1cf
sndasset,#hash_4fea6d0dd35f7c30
sndasset,#hash_61c6a0de6f9ddd51
sndasset,#hash_2b96e6a35131febb
sndasset,#hash_78109bcd8889ca21
sndasset,#hash_28f472075d7d0ff6
sndasset,#hash_30777561abaad722
sndasset,#hash_2f1eb8af57bf7e96
sndasset,#hash_5cd9cd41fc5d8c8d
sndasset,#hash_6237a3a5879fd25d
sndasset,#hash_50a3a8b996b943b7
sndasset,#hash_74f7814e9c57eba9
sndasset,#hash_5b32c45f6c29270c
sndasset,#hash_1d143101aae247d7
sndasset,#hash_2992668ead3a8669
sndasset,#hash_2f2e125a54e6e5dc
sndasset,#hash_46d2da79411c06d1
sndasset,#hash_32f0fa9b9e7668bc
sndasset,#hash_2db31f8229e271e0
sndasset,#hash_11c349598398e3b8
sndasset,#hash_5fca63dbe9c3636f
sndasset,#hash_74b6cc92a77335d2
sndasset,#hash_1aca0c72b016d9bc
sndasset,#hash_185b2ce30ce2fc29
sndasset,#hash_7736aa906b0bf0d1
sndasset,#hash_2f19a7b153abcac3
sndasset,#hash_288ce8576ce5df5
sndasset,#hash_3f52f6808f99cc17
sndasset,#hash_77862a018d200e27
sndasset,#hash_59ac0dc71232b5d3
sndasset,#hash_496a1467a2f6f2da
sndasset,#hash_50ee96e272b073d2
sndasset,#hash_11521d3d7587bc40
sndasset,#hash_5798b1dae97665f4
sndasset,#hash_7439d98e01bf03b3
sndasset,#hash_295dcdd0d81e43a0
sndasset,#hash_3926beb36382f1df
sndasset,#hash_660934991574bbea
sndasset,#hash_25e1b4e28f02b56f
sndasset,#hash_192a555c778d3c00
sndasset,#hash_1f49e21424959672
sndasset,#hash_65b3851b85d40fcc
sndasset,#hash_d26535304d97742
sndasset,#hash_43fe4b39cd4a28db
sndasset,#hash_46bbcb85bcdf0572
sndasset,#hash_241913e746e0d0bd
sndasset,#hash_54fa85ef66434881
sndasset,#hash_26c243cfdad68abf
sndasset,#hash_4d4eeb73b801f677
sndasset,#hash_346c7cc6f04dbe16
sndasset,#hash_3e7ef8ecadecae9d
sndasset,#hash_4a15c680b1b9200a
sndasset,#hash_4e5652b4f678e78f
sndasset,#hash_2050a09abf91f473
sndasset,#hash_1bb6a74bc5910580
sndasset,#hash_4ded87a927d9253c
sndasset,#hash_20d14b743fa36be5
sndasset,#hash_4e62858a2b8eac77
sndasset,#hash_6614542117d5a0d8
sndasset,#hash_58c44f2dd56356ce
sndasset,#hash_18264c35bf93040a
sndasset,#hash_5b8f553879829d01
sndasset,#hash_43c8de2f63f90c65
sndasset,#hash_254c9fac7f72e0fc
sndasset,#hash_33b263c96bca50b3
sndasset,#hash_680540d0b319cc25
sndasset,#hash_df647f88216e537
sndasset,#hash_4db305836eb9c282
sndasset,#hash_32c34fdc4624a81d
sndasset,#hash_a90601db1db277f
sndasset,#hash_286c06e07aabcf76
sndasset,#hash_a419352c35e876a
sndasset,#hash_3b9ff3e328eced7d
sndasset,#hash_569cab217664177d
sndasset,#hash_46274d759ba60c3b
sndasset,#hash_d1c40d0251f77e1
sndasset,#hash_342ef1b0800e61a
sndasset,#hash_179e09b5e1853284
sndasset,#hash_55445083f2ab7afb
sndasset,#hash_278a886d11aaeb94
sndasset,#hash_bacedc14b7494bc
sndasset,#hash_7993e9880ffe4dde
sndasset,#hash_495398159098c063
sndasset,#hash_2447343665ba7222
sndasset,#hash_68c4958274d8dba0
sndasset,#hash_68c317df2ff1bcca
sndasset,#hash_3593c5ec1947acc7
sndasset,#hash_74b1096425a25161
soundbank,#hash_acf650370a18b1b
soundbank,#hash_2f7d9418cf0a904d
soundbank,#hash_69fc8897dd853b94